Date,Time,Symbol,Last,Net Chng,%Change,Open,High,Low,RSI,HistoricalVolatility,ImpVolatility,A_TrendValue,A_TradeValue,A_BB_Bottom,A_BB_Top,A_BB_Streak,A_BBHighLow,A_BBHighLowDays,A_IVPercentile,A_HVPercentile,A_BB_Top_Slope,A_BB_Bot_Slope
05/27/2026,1630,$COMP,26674.7349,+18.5543,+0.07%,26695.4417,26715.3079,26538.3133,71.01,0.15,NaN,22124.78,25464.44,25811.05,26912.32,3205.01,2672529.02,12.41,0.0,40.1,0.0,15.4
05/27/2026,1630,$DJI,50644.28,+182.60,+0.36%,50487.16,50830.41,50487.16,64.67,0.12,NaN,47009.01,49442.19,49336.18,50836.5,4205.01,5083041.01,1.05,0.0,55.1,5.7,3.0
05/27/2026,1630,$DXY,99.438,+.232,+0.23%,99.265,99.441,99.260,58.813,0.044,NaN,98.435,97.829,98.115,100.152,7213.06,9952.06,6.15,0.0,21.1,6.4,1.0
05/27/2026,1630,/6B[M26],1.3386,-.0044,-0.33%,1.3427,1.3431,1.3385,43.0018,0.0729,0.0607,1.3253,1.35,1.3257,1.3599,-5112.08,-133.08,13.08,13.1,76.2,0.0,-2.3
05/27/2026,1630,/6C[M26],.72215,-.00125,-0.17%,.72315,.72330,.72215,28.94212,0.03576,0.0419,0.7275,0.7297,0.71999,0.73153,-12116.01,-72.01,16.02,7.1,12.1,-2.5,-3.8
05/27/2026,1630,/6E[M26],1.16085,-.0031,-0.27%,1.16355,1.16390,1.16075,39.57878,0.04748,0.0559,1.1511,1.17405,1.15138,1.17865,-7112.05,-116.05,12.05,12.1,23.1,0.0,-5.6
05/27/2026,1630,/6J[M26],.0062745,-.0000045,-0.07%,.0062800,.0062800,.0062735,38.4112152,0.0987905,0.0701,0.0062965,0.0063565,0.0062243,0.0063761,-4112.05,-1.01,15.07,8.1,63.4,0.0,0.0
05/27/2026,1630,/BTC[K26],73525,-1380.00,-1.84%,74340,74650,73340,38.0,0.0,0.0,65000.0,79370.0,72022.0,82045.0,-7109.0,-7334000.0,15.0,8.0,13.0,0.0,0.0
05/27/2026,1630,/BZ[Q26],95.22,+2.97,+3.22%,92.90,95.49,92.90,40.2,0.55,NaN,75.79,96.07,92.56,112.44,-3106.01,-9290.01,20.01,0.2,79.1,-2.9,0.0
05/27/2026,1630,/CL[N26],91.59,+2.91,+3.28%,89.11,91.91,89.11,42.34,0.47,0.63,69.2,89.85,88.61,104.64,-5106.01,-8911.01,20.01,65.1,71.1,-4.1,0.0
05/27/2026,1630,/GC[Q26],4413.4,-68.10,-1.52%,4488.0,4502.0,4410.5,33.7,0.2,0.2,5005.0,4645.2,4329.5,4727.1,-7109.0,-441050.0,12.1,63.1,49.1,-2.9,-1.8
05/27/2026,1630,/HG[N26],6.2870,-.053,-0.84%,6.3365,6.3525,6.2765,52.7036,0.3242,NaN,5.6395,6.0945,6.076,6.6666,-1109.08,672.11,11.17,57.1,54.2,0.0,5.6
05/27/2026,1630,/NG[N26],3.081,-.014,-0.45%,3.088,3.088,3.072,60.066,0.464,0.48,2.867,2.676,2.772,3.212,14202.02,315.02,2.24,12.1,22.1,2.2,3.6
05/27/2026,1630,/NKD[M26],64585,-625.00,-0.96%,65300,65320,64515,63.0,0.0,NaN,51200.0,61760.0,60463.0,66113.0,3204.0,6532000.0,1.0,0.0,64.0,3.0,6.0
05/27/2026,1630,/SI[N26],72.915,-1.98,-2.64%,74.930,75.230,72.620,42.313,0.64,1.028,78.06,77.455,67.607,87.193,-3109.06,8917.1,10.2,90.1,79.1,0.0,-1.3
05/27/2026,1630,AAAU,43.88,-.59,-1.33%,43.44,43.95,43.42,36.48,0.2,0.25,49.29,46.14,42.98,46.72,-6109.01,-4342.01,61.01,67.1,45.1,-3.1,-0.3
05/27/2026,1630,AAL,14.92,+.075,+0.51%,15.165,15.40,14.84,73.42,0.51,0.6,11.08,12.69,12.01,15.07,4205.01,1540.01,1.2,81.1,60.1,8.5,7.2
05/27/2026,1630,AAPL,310.85,+2.52,+0.82%,308.33,313.26,308.30,78.85,0.17,0.25,254.37,281.07,293.34,316.23,12221.01,31326.01,1.36,16.1,26.1,5.1,22.3
05/27/2026,1630,ABBV,215.40,+2.28,+1.07%,213.12,215.94,211.36,59.51,0.24,0.29,225.06,200.02,202.5,221.34,8211.02,22001.03,3.2,58.1,43.1,6.1,1.6
05/27/2026,1630,ABNB,132.10,-.58,-0.44%,132.54,134.575,131.93,43.05,0.24,0.38,128.59,136.91,127.28,140.02,-14104.04,-13015.04,12.04,38.1,35.1,-3.1,-2.6
05/27/2026,1630,ABR,5.50,+.07,+1.29%,5.40,5.64,5.40,27.66,0.75,0.49,7.47,6.6,3.91,6.33,1202.02,-540.01,14.09,44.1,100.4,-17.7,-19.7
05/27/2026,1630,ABT,85.68,-.99,-1.14%,86.65,86.84,84.96,37.27,0.27,0.35,108.34,81.97,82.66,90.12,2101.03,8934.06,6.12,95.2,74.3,-2.9,0.0
05/27/2026,1630,ACHC,24.09,+.60,+2.55%,23.55,24.23,23.55,43.95,0.66,0.64,21.71,24.34,22.1,27.01,-5108.02,-2254.02,17.02,17.1,63.2,-4.9,-10.2
05/27/2026,1630,ACHR,6.55,+.04,+0.61%,6.51,6.62,6.31,59.87,0.56,0.86,6.22,5.93,5.75,6.75,2203.01,662.01,1.04,44.1,22.1,0.0,1.6
05/27/2026,1630,ACI,16.03,+.30,+1.91%,15.80,16.31,15.74,43.39,0.32,0.35,16.85,15.8,15.51,17.22,-3104.01,-1574.01,5.01,73.1,72.1,0.4,-0.9
05/27/2026,1630,ADBE,238.24,-2.25,-0.94%,237.76,244.24,237.28,43.11,0.33,0.58,253.06,244.69,231.18,259.34,-1104.02,26509.06,6.09,99.4,68.1,0.0,-2.3
05/27/2026,1630,ADYEY,11.00,-.27,-2.40%,11.15,11.30,10.86,51.75,0.32,NaN,10.65,10.67,10.18,11.53,3206.01,-1023.08,15.09,0.0,51.1,0.0,0.0
05/27/2026,1630,AFK,27.42,+.06,+0.22%,27.31,27.604,27.16,51.03,0.3,0.3,26.3,27.34,25.76,28.82,1202.02,-2631.06,12.06,45.3,69.1,0.0,0.0
05/27/2026,1630,AFRM,70.44,+1.17,+1.69%,70.00,71.80,69.40,62.9,0.5,0.68,43.73,61.85,63.4,70.77,2202.01,7180.01,1.05,37.1,17.1,0.0,0.9
05/27/2026,1630,AGCO,114.28,-.08,-0.07%,114.70,115.98,113.26,46.8,0.43,0.43,122.58,115.97,109.01,119.39,-6201.04,-10825.04,14.04,77.1,87.4,-3.0,-4.0
05/27/2026,1630,AHR,50.46,-.54,-1.06%,51.07,51.07,50.405,50.63,0.3,0.34,50.91,48.94,49.25,52.16,-1101.03,-4920.03,9.03,45.1,87.3,0.7,0.1
05/27/2026,1630,AIQUY,42.520000,+.19,+0.45%,42.840000,42.850000,42.440000,55.85,0.28,NaN,38.22,41.03,39.97,42.96,4205.01,4285.01,1.14,0.0,95.4,-0.1,0.0
05/27/2026,1630,AKAM,144.43,-3.78,-2.55%,148.53,148.53,141.69,60.76,1.03,0.56,95.37,111.69,130.5,172.99,-1107.06,16545.1,10.31,78.1,99.4,0.0,12.3
05/27/2026,1630,ALB,177.47,+2.78,+1.59%,172.01,180.26,171.00,44.62,0.44,0.67,157.26,192.1,153.85,206.3,-6109.04,-16714.05,10.05,57.1,12.1,0.0,-11.2
05/27/2026,1630,ALCO,41.88,+.67,+1.63%,41.05,42.00,41.05,56.41,0.2,NaN,39.2,40.4,40.23,42.0,3205.01,4200.01,1.05,0.0,33.1,0.0,0.1
05/27/2026,1630,ALGN,162.88,-.67,-0.41%,164.80,167.50,161.43,42.5,0.35,0.46,168.01,162.72,152.63,171.3,1205.02,-15158.05,26.05,51.1,47.1,-9.4,0.0
05/27/2026,1630,ALLY,42.94,+.20,+0.47%,43.00,43.42,42.715,51.8,0.3,0.37,37.83,42.56,40.62,44.22,1202.02,-4062.05,26.05,46.1,62.1,-1.6,-0.1
05/27/2026,1630,ALNY,295.63,+.13,+0.04%,293.40,299.98,292.91,45.67,0.3,0.41,312.09,284.28,281.96,302.21,5206.01,29998.01,1.12,29.1,33.1,-1.8,0.0
05/27/2026,1630,AMAT,448.25,-6.64,-1.46%,461.215,462.40,441.12,61.35,0.5,0.62,321.74,406.01,406.96,460.23,3205.01,46240.01,1.2,82.1,68.2,0.0,5.0
05/27/2026,1630,AMBA,90.58,-2.99,-3.20%,94.81,95.00,88.23,72.6,0.55,1.02,52.32,72.72,74.93,94.95,4205.01,9500.01,1.38,98.4,43.2,13.0,11.1
05/27/2026,1630,AMD,495.54,-8.35,-1.66%,508.00,510.21,486.6603,74.08,0.89,0.75,188.22,401.08,405.5,512.01,2205.01,51021.01,1.41,98.4,85.4,5.5,13.8
05/27/2026,1630,AMG,307.92,-.73,-0.24%,308.95,313.35,303.51,59.71,0.24,0.4,280.96,290.9,294.02,309.88,2205.01,31335.01,1.03,75.1,40.1,0.0,4.9
05/27/2026,1630,AMH,32.08,+.04,+0.12%,32.035,32.225,31.89,58.18,0.21,0.24,29.19,31.81,30.9,32.82,3207.02,3260.02,2.07,19.1,74.4,0.0,1.7
05/27/2026,1630,AMLP,52.69,-.64,-1.20%,53.15,53.31,52.68,44.3,0.19,0.18,51.7,52.21,52.54,55.18,-1102.01,-5268.01,4.01,91.2,99.4,0.8,0.0
05/27/2026,1630,AMN,27.20,-.02,-0.07%,27.30,27.99,27.17,58.64,1.1,0.64,18.67,20.37,24.43,34.18,-1106.05,3117.09,10.15,8.1,100.4,0.0,9.8
05/27/2026,1630,AMPH,19.10,+.29,+1.54%,19.31,19.335,18.50,46.67,0.96,0.4,18.93,18.28,14.02,20.96,1203.02,-1665.07,14.09,12.1,90.4,-8.3,-6.5
05/27/2026,1630,AMZN,271.85,+6.56,+2.47%,266.15,272.41,265.7001,62.65,0.21,0.33,202.48,268.48,258.7,274.48,1201.01,27241.01,1.05,37.1,15.1,-1.6,0.0
05/27/2026,1630,AN,194.94,+3.18,+1.66%,196.00,199.1899,193.745,50.42,0.35,0.36,184.58,200.4,172.64,205.58,2203.01,-17662.05,18.05,62.1,92.4,-1.3,-3.4
05/27/2026,1630,AQWA,18.835,-.06,-0.32%,18.83,18.93,18.83,46.1,0.16,0.24,19.0,19.12,18.12,19.24,1202.02,-1825.05,33.05,80.1,75.1,-1.7,-3.7
05/27/2026,1630,AR,35.11,-.69,-1.93%,35.45,35.83,35.055,35.86,0.33,0.41,34.58,35.63,34.81,39.0,-2104.01,-3506.01,19.01,35.1,23.1,-2.5,-1.0
05/27/2026,1630,ARE,49.93,+1.46,+3.01%,49.00,50.065,48.725,63.12,0.38,0.48,49.5,44.65,45.12,50.11,4216.01,5007.01,1.18,71.1,57.4,0.0,19.5
05/27/2026,1630,ARGT,95.58,+3.10,+3.35%,92.25,95.995,91.6776,60.53,0.35,0.31,83.46,88.99,86.26,95.45,3205.01,9600.01,1.07,45.1,73.4,0.0,0.0
05/27/2026,1630,ARHS,6.65,+.21,+3.26%,6.46,6.765,6.46,50.92,0.66,0.45,7.21,6.05,5.17,7.07,2204.01,-557.05,25.1,1.1,85.2,-7.6,0.0
05/27/2026,1630,ARKK,77.95,+.72,+0.93%,77.23,78.35,77.02,55.62,0.33,0.4,69.91,76.97,73.03,80.25,1202.01,-7367.05,12.05,19.1,33.1,0.0,-0.1
05/27/2026,1630,ARQQ,16.10,-.49,-2.95%,16.47,16.47,15.38,56.86,1.09,1.18,15.31,14.2,11.88,17.95,3204.02,1804.02,2.05,55.2,73.4,0.4,-0.7
05/27/2026,1630,AS,36.65,-.23,-0.62%,37.07,37.51,36.61,59.04,0.44,0.5,33.77,34.08,31.84,37.86,3205.01,3751.01,1.09,34.1,62.1,0.0,0.0
05/27/2026,1630,ASBFF,25.76,0,0.00%,0,0,0,47.51,1.44,NaN,NaN,26.59,NaN,NaN,NaN,0.0,0.0,NaN,NaN,NaN,NaN
05/27/2026,1630,ASO,52.86,-1.67,-3.06%,55.35,55.46,52.58,49.33,0.42,0.58,57.31,51.45,48.23,55.04,2204.01,5546.01,1.05,84.2,41.2,0.0,0.0
05/27/2026,1630,ATRO,85.01,+.57,+0.68%,85.86,86.96,83.3587,61.76,0.62,0.56,73.26,73.02,75.3,87.49,6216.01,8696.01,1.19,48.1,73.2,0.2,7.3
05/27/2026,1630,AVB,186.23,+1.14,+0.62%,186.14,188.085,185.66,59.32,0.17,0.22,174.37,183.26,181.43,187.96,2203.01,18809.01,1.04,37.1,37.3,-0.2,0.6
05/27/2026,1630,AVGO,421.86,-.15,-0.04%,425.07,432.80,416.49,56.37,0.37,0.6,307.2,406.3,406.32,436.19,2202.01,43280.01,1.03,87.2,40.1,0.0,0.0
05/27/2026,1630,AVO,11.44,-.21,-1.80%,11.65,12.18,11.34,28.74,0.28,0.63,13.42,12.71,10.89,13.0,-8117.07,-1134.01,34.1,92.4,46.1,-8.8,-7.4
05/27/2026,1630,AVTR,8.40,+.26,+3.19%,8.26,8.455,8.21,59.18,0.4,0.55,8.14,7.95,7.44,8.52,1203.01,846.01,1.05,56.1,45.1,0.0,-0.1
05/27/2026,1630,AWI,159.76,+.06,+0.04%,161.18,162.975,159.22,44.28,0.27,0.31,164.53,159.18,151.26,164.85,1202.01,16298.01,1.06,60.1,71.1,-7.3,0.0
05/27/2026,1630,AXP,312.54,+1.82,+0.59%,313.82,317.49,311.675,47.61,0.16,0.31,294.51,311.81,304.47,318.12,1201.01,31749.01,1.04,48.1,0.1,-3.4,-1.0
05/27/2026,1630,AZO,3027.48,-72.63,-2.34%,3100.26,3110.74,2986.01,27.15,0.44,0.37,3561.57,3409.42,3029.67,3544.16,-2102.01,-298601.01,18.01,85.3,100.2,-5.4,-5.7
05/27/2026,1630,B,41.25,-.85,-2.02%,41.28,41.98,41.19,48.78,0.57,0.47,44.02,40.23,37.87,46.17,-2108.06,4662.11,11.2,46.1,90.4,0.0,1.2
05/27/2026,1630,BA,224.30,+5.40,+2.47%,221.50,226.90,220.6975,50.19,0.37,0.37,218.13,228.1,207.43,240.19,-5201.04,-21572.04,9.05,69.1,82.3,0.0,-5.5
05/27/2026,1630,BABA,127.76,-1.71,-1.32%,126.32,129.00,126.25,41.56,0.49,0.43,128.6,136.22,123.22,143.32,-4108.01,-12625.01,10.03,30.1,72.4,0.0,0.0
05/27/2026,1630,BAC,51.10,-1.10,-2.11%,52.39,52.49,50.76,47.32,0.22,0.3,47.62,50.27,48.85,53.13,3205.01,5249.01,1.08,42.1,58.1,-2.4,0.0
05/27/2026,1630,BALL,56.51,-.04,-0.07%,56.95,57.54,56.43,40.83,0.33,0.29,61.75,57.53,54.14,58.75,-8203.08,-5458.06,28.16,44.1,87.4,-15.6,0.0
05/27/2026,1630,BBN,15.91,+.10,+0.63%,15.81,15.97,15.81,49.08,0.11,NaN,16.3,15.98,15.36,16.18,1202.01,-1551.05,11.05,0.0,73.2,-1.4,-9.3
05/27/2026,1630,BBWI,19.45,+1.72,+9.70%,19.50,20.90,19.20,57.11,0.63,0.63,20.38,18.58,15.51,20.17,2203.01,2090.01,1.05,70.3,85.1,-1.8,-3.0
05/27/2026,1630,BBY,64.54,+1.32,+2.09%,63.65,64.63,63.31,64.29,0.34,0.52,60.51,57.55,55.76,65.24,6207.01,6463.01,1.09,83.3,50.1,0.0,1.0
05/27/2026,1630,BCO,106.18,-.84,-0.78%,107.71,108.57,105.90,49.44,0.33,0.29,107.87,103.03,101.93,108.57,1202.01,10857.01,1.03,46.1,74.1,0.0,0.0
05/27/2026,1630,BDRY,12.875,-.005,-0.04%,12.81,12.8983,12.75,60.43,0.39,0.58,9.73,11.89,11.91,13.61,-1202.05,1333.1,10.23,28.1,45.1,0.0,4.8
05/27/2026,1630,BEAM,31.89,+2.10,+7.05%,30.04,33.15,30.03,59.29,0.72,0.81,24.6,28.88,24.85,33.48,1202.01,3315.01,1.04,64.1,48.3,0.0,-4.5
05/27/2026,1630,BEPC,39.17,+.11,+0.28%,38.79,39.67,38.53,56.19,0.57,0.43,38.7,36.61,35.79,39.22,3205.01,3967.01,1.06,63.1,94.4,0.0,6.8
05/27/2026,1630,BIDU,129.91,+3.08,+2.43%,129.70,132.08,127.9017,48.38,0.65,0.53,115.6,133.61,122.03,147.61,-4108.02,-12485.02,10.02,67.3,91.4,0.0,0.0
05/27/2026,1630,BIO,305.29,+8.39,+2.83%,299.00,305.81,297.50,69.12,0.62,0.37,267.55,242.62,246.67,316.0,7207.01,30581.01,1.16,27.1,90.4,0.2,0.0
05/27/2026,1630,BIP,38.74,-.07,-0.18%,38.73,39.00,38.20,58.87,0.23,0.36,37.08,36.33,36.96,40.48,11216.02,4010.02,2.19,84.1,81.1,9.5,9.2
05/27/2026,1630,BIRK,42.79,-.75,-1.72%,43.87,44.76,42.07,62.38,1.0,0.56,38.0,38.4,30.37,45.25,4204.01,4476.01,1.07,73.1,100.4,0.1,0.0
05/27/2026,1630,BITO,10.21,-.16,-1.54%,10.235,10.29,10.16,41.59,0.29,0.41,8.99,10.86,9.95,11.24,-7108.01,-1016.01,15.03,19.1,4.1,0.0,0.0
05/27/2026,1630,BJ,84.20,-.71,-0.84%,85.80,86.59,83.65,30.43,0.4,0.32,91.57,90.69,83.37,99.1,-4104.01,-8365.01,6.01,33.1,96.2,0.7,-0.9
05/27/2026,1630,BJRI,46.26,+1.26,+2.80%,45.57,46.66,45.56,75.53,0.34,0.38,34.06,36.75,41.62,47.36,5216.01,4666.01,1.15,17.1,36.1,10.8,9.6
05/27/2026,1630,BK,137.16,0,0.00%,0,0,0,64.52,0.16,0.29,114.11,131.17,130.78,138.55,6207.01,13863.01,1.1,68.1,29.1,0.0,0.5
05/27/2026,1630,BKNG,168.37,+5.07,+3.10%,165.01,170.51,165.00,54.09,0.35,0.43,161.12,156.07,148.5,171.38,3204.01,17051.01,1.1,85.2,67.1,-4.0,0.0
05/27/2026,1630,BKV,26.51,-.57,-2.10%,26.54,27.06,26.3001,35.95,0.44,0.55,29.82,27.64,26.36,29.82,-7104.01,-2630.01,19.01,63.1,62.4,-10.9,0.0
05/27/2026,1630,BLDR,77.47,+3.06,+4.11%,76.50,79.8199,76.50,50.3,0.62,0.65,89.72,74.58,65.8,80.16,2204.01,7982.01,1.05,92.2,100.4,0.0,0.0
05/27/2026,1630,BLK,1070.34,-7.06,-0.66%,1080.84,1085.00,1066.71,53.05,0.26,0.31,948.75,1058.49,1038.58,1106.64,-3101.04,-104512.04,9.04,78.1,54.1,0.0,0.0
05/27/2026,1630,BLMN,8.305,+.385,+4.86%,7.99,8.56,7.99,66.62,1.29,0.84,5.78,6.99,7.48,8.46,1201.01,856.01,1.17,60.1,87.4,0.0,15.1
05/27/2026,1630,BLOK,66.30,+1.22,+1.87%,65.19,66.58,64.66,63.58,0.38,0.37,51.34,62.81,60.69,67.02,3204.01,6658.01,1.06,23.1,47.1,0.0,6.4
05/27/2026,1630,BNDD,98.0718,-.0568,-0.06%,98.0718,98.0718,98.0718,55.44,0.07,0.16,97.0,97.29,96.02,98.58,3204.01,-9619.06,15.06,52.1,13.1,0.9,-1.4
05/27/2026,1630,BNO,51.14,-1.96,-3.69%,51.40,52.05,50.70,42.04,0.57,0.66,34.21,50.82,51.07,59.27,-3105.01,-5070.01,7.01,76.1,85.1,-4.3,0.0
05/27/2026,1630,BOOT,165.35,+1.26,+0.77%,166.32,171.51,164.995,58.72,0.56,0.56,175.64,152.58,131.97,172.37,3204.01,17151.01,1.09,59.1,88.2,-1.0,0.0
05/27/2026,1630,BP,41.65,-1.00,-2.34%,41.475,41.69,41.16,33.38,0.3,0.33,38.35,43.22,41.79,46.23,-2103.01,-4116.01,19.01,65.1,74.1,-5.4,0.0
05/27/2026,1630,BRBR,8.59,-.01,-0.12%,8.69,9.18,8.53,24.25,1.8,1.1,16.65,9.27,7.62,10.26,-1102.02,924.03,3.13,99.3,94.4,-34.0,0.0
05/27/2026,1630,BRCB,8.38,+.95,+12.79%,7.49,8.72,7.48,39.19,1.49,1.0,12.51,10.95,4.12,10.28,1202.01,-613.04,28.08,NaN,NaN,-18.2,-11.4
05/27/2026,1630,BRKR,48.62,+1.70,+3.62%,47.15,48.695,46.35,73.37,0.58,0.57,36.52,40.01,41.89,48.5,2205.01,4870.01,1.19,50.1,68.3,0.0,20.9
05/27/2026,1630,BROS,55.91,+2.34,+4.37%,54.44,56.60,54.30,56.16,0.57,0.51,50.52,50.83,47.62,57.92,2202.01,5660.01,1.1,29.1,73.1,-3.7,0.0
05/27/2026,1630,BTAL,11.78,-.06,-0.51%,11.80,11.90,11.74,35.89,0.26,0.44,13.86,11.81,11.64,12.63,-2103.01,-1174.01,5.01,76.3,90.4,-1.9,0.0
05/27/2026,1630,BTC,33.13,-.43,-1.28%,33.19,33.34,32.96,42.32,0.28,0.35,28.81,35.17,32.26,36.36,-7108.01,-3296.01,15.03,8.1,5.1,0.0,0.0
05/27/2026,1630,BTC-USD,-66.68,1.14,-1.68%,-70.43,-62.93,-70.73,31.94,1.08,0.64,-25.81,-64.75,-72.21,-52.93,-20102.01,7073.01,40.01,55.1,18.1,-11.3,0.0
05/27/2026,1630,BTI,64.04,-.90,-1.39%,64.36,64.56,63.77,57.54,0.33,0.31,56.97,57.97,60.15,70.16,-1102.01,6730.09,9.26,82.2,97.4,6.6,12.4
05/27/2026,1630,BUD,83.96,+1.50,+1.82%,83.76,84.46,83.54,69.85,0.37,0.24,72.01,79.51,79.35,84.89,2202.01,8446.01,1.24,41.1,88.4,0.0,23.2
05/27/2026,1630,BULL,6.22,-.04,-0.64%,6.20,6.37,6.16,38.55,0.44,0.84,5.4,6.8,5.96,7.47,-11108.01,-616.01,9.01,17.1,10.1,0.0,-0.4
05/27/2026,1630,BURL,326.23,-.34,-0.10%,331.93,334.81,321.68,59.37,0.41,0.49,288.96,287.42,279.69,336.08,4205.01,33481.01,1.1,87.4,76.4,0.0,0.0
05/27/2026,1630,BUXX,20.29,+.03,+0.15%,20.2674,20.29,20.26,63.78,0.02,NaN,20.24,20.21,20.21,20.29,5210.01,2029.01,1.06,0.0,53.3,0.0,1.2
05/27/2026,1630,BXP,60.72,+.11,+0.18%,60.73,61.39,60.39,62.45,0.22,0.36,52.82,58.71,58.38,61.13,3205.01,6139.01,1.05,68.1,17.1,0.2,2.1
05/27/2026,1630,BYD,82.22,+1.54,+1.91%,81.35,82.93,81.35,49.87,0.24,0.31,78.44,82.34,75.42,85.23,1202.01,-7732.05,21.08,63.1,54.1,-7.9,-2.0
05/27/2026,1630,BYDDF,11.63,-.245,-2.06%,11.64,11.65,11.57,33.58,0.27,NaN,11.7,11.95,10.92,13.15,-15126.03,-1148.04,29.04,0.0,8.1,-5.1,-12.3
05/27/2026,1630,C,125.39,-1.47,-1.16%,127.09,127.77,124.46,51.32,0.24,0.34,103.09,124.69,120.37,129.02,2205.01,12777.01,1.05,52.1,50.1,-0.3,0.0
05/27/2026,1630,CACC,552.79,+.79,+0.14%,556.10,564.95,550.59,61.62,0.32,0.6,461.67,510.0,523.37,569.42,8216.01,56495.01,1.38,98.1,25.1,0.0,6.7
05/27/2026,1630,CAG,13.33,+.18,+1.37%,13.17,13.58,13.17,37.66,0.28,0.41,18.4,13.7,12.95,14.2,-4105.01,-1315.02,9.02,94.2,56.1,-1.4,-5.0
05/27/2026,1630,CAH,199.84,-.53,-0.26%,200.59,201.47,199.295,51.76,0.32,0.29,213.58,181.92,183.01,210.19,4209.05,20398.06,6.13,42.1,74.4,0.0,0.0
05/27/2026,1630,CAKE,64.95,+.32,+0.50%,65.26,66.38,64.30,63.9,0.44,0.42,60.08,58.7,57.03,65.37,3205.01,6638.01,1.09,57.1,98.2,0.0,0.0
05/27/2026,1630,CAMT,169.62,-5.11,-2.92%,178.73,178.9093,163.985,47.22,0.9,0.74,145.15,188.94,134.53,197.52,1202.02,-14757.06,12.06,80.1,98.4,-0.3,-7.4
05/27/2026,1630,CANE,9.59,-.21,-2.14%,9.67,9.67,9.565,42.25,0.29,0.49,9.14,9.71,9.61,10.26,-2103.01,-957.01,16.01,95.4,96.3,-2.6,0.0
05/27/2026,1630,CARR,64.51,-.38,-0.59%,65.48,66.15,64.37,52.48,0.49,0.41,57.65,65.64,60.52,67.6,1202.01,-6112.04,14.04,68.1,90.3,-1.7,0.0
05/27/2026,1630,CASY,784.38,-25.03,-3.09%,809.41,816.5493,779.38,39.01,0.33,0.45,658.05,832.35,782.99,882.17,-5108.01,-77938.01,16.01,100.4,88.4,0.0,0.0
05/27/2026,1630,CAT,909.93,+1.38,+0.15%,905.18,911.67,889.83,61.16,0.47,0.42,675.07,886.88,846.24,931.89,1202.01,-85706.05,14.05,81.1,90.4,-0.2,2.0
05/27/2026,1630,CAVA,82.20,+1.88,+2.34%,81.27,85.5585,81.27,48.75,0.52,0.6,74.8,78.49,71.27,86.78,2205.01,8556.01,1.1,53.1,62.1,-6.2,0.0
05/27/2026,1630,CBRL,34.57,+1.26,+3.78%,33.74,36.25,33.74,66.55,0.54,0.73,29.28,29.91,28.25,34.64,4205.01,3625.01,1.05,82.2,64.4,0.2,0.0
05/27/2026,1630,CCK,98.05,-.03,-0.03%,98.88,99.51,97.78,45.12,0.22,0.31,105.15,97.73,93.76,101.38,1202.01,-9464.04,12.04,62.1,35.1,-0.7,-1.2
05/27/2026,1630,CCL,27.98,+1.27,+4.75%,27.48,28.285,27.355,59.43,0.56,0.6,25.44,24.99,23.59,28.16,3205.01,2829.01,1.05,90.1,79.1,0.0,0.0
05/27/2026,1630,CCRN,13.07,-.01,-0.08%,13.11,13.13,13.07,75.93,0.95,1.34,8.58,10.06,12.84,15.66,-2105.01,-1307.01,12.01,79.4,92.4,8.9,43.9
05/27/2026,1630,CELH,31.65,+1.98,+6.67%,30.79,32.95,30.771,49.4,0.57,0.64,41.86,28.77,26.51,33.35,1203.01,3295.01,1.09,59.1,71.1,-1.0,-0.5
05/27/2026,1630,CF,116.34,-2.82,-2.37%,117.585,118.25,113.17,42.51,0.54,0.52,96.94,113.31,113.66,130.35,-1105.01,-11317.01,10.01,80.1,82.1,0.0,0.0
05/27/2026,1630,CFG,63.08,-.57,-0.90%,63.67,63.97,62.8501,51.49,0.22,0.32,56.5,61.95,59.45,65.05,2205.01,-5975.08,14.08,56.1,27.1,-1.0,0.0
05/27/2026,1630,CFLT,30.99,0,0.00%,0,0,0,73.35,0.04,0.16,29.95,30.6,30.58,30.94,1201.01,3100.01,1.27,19.4,14.1,0.0,0.0
05/27/2026,1630,CFRUY,21.01,+.90,+4.48%,21.00,21.10,20.77,63.48,0.41,NaN,17.92,19.66,19.39,20.87,4202.01,2110.01,1.2,0.0,87.3,0.0,10.0
05/27/2026,1630,CG,45.66,+.01,+0.02%,45.76,46.53,45.33,38.81,0.36,0.51,48.25,47.62,42.57,50.4,-6108.04,-4423.04,15.04,76.1,64.1,-5.5,-4.4
05/27/2026,1630,CHD,98.01,+1.34,+1.39%,97.59,99.47,97.125,59.1,0.26,0.27,98.32,90.05,92.22,99.22,6210.01,9947.01,1.11,60.1,86.4,0.1,0.0
05/27/2026,1630,CHDN,86.88,+3.815,+4.59%,83.42,87.67,83.33,45.44,0.38,0.39,82.67,85.56,81.86,90.07,-7201.01,-8145.02,21.02,78.1,75.1,-19.8,0.0
05/27/2026,1630,CHEF,76.83,-.05,-0.07%,77.36,78.165,75.0733,55.51,0.62,0.35,60.2,77.96,74.92,81.5,-7108.01,-7507.01,17.01,6.1,92.4,-0.9,0.0
05/27/2026,1630,CHH,115.90,+2.19,+1.93%,115.18,118.135,114.22,61.84,0.71,0.34,100.24,103.61,103.71,117.41,6211.01,11814.01,1.16,81.4,99.4,0.0,5.4
05/27/2026,1630,CHPT,7.79,+.46,+6.28%,7.39,8.01,7.30,71.08,0.59,1.08,5.7,6.03,5.95,7.75,3204.01,801.01,1.04,69.2,44.1,0.0,0.0
05/27/2026,1630,CHRD,133.70,-4.16,-3.02%,134.47,136.20,133.12,41.04,0.41,0.47,105.58,132.82,132.82,151.59,-2104.01,-13312.01,6.01,86.2,87.1,-0.5,0.0
05/27/2026,1630,CHTR,147.18,+3.18,+2.21%,145.79,150.18,145.345,36.08,0.57,0.56,225.69,146.46,134.41,156.05,1201.01,15537.09,10.19,75.2,84.4,-9.0,1.0
05/27/2026,1630,CHWY,21.19,-.06,-0.28%,21.23,21.555,20.9501,38.68,0.5,0.75,25.07,22.45,18.35,23.17,1202.01,-1930.05,26.05,95.4,72.1,-12.4,-6.2
05/27/2026,1630,CI,285.75,+4.92,+1.75%,281.50,286.64,281.09,51.35,0.31,0.28,267.77,275.76,275.12,299.24,-1105.04,30090.09,9.4,20.1,71.2,0.0,0.0
05/27/2026,1630,CLOX,25.58,-.03,-0.12%,25.605,25.61,25.55,53.64,0.02,NaN,25.36,25.5,25.54,25.62,-1209.01,2562.03,2.15,0.0,77.2,0.0,0.7
05/27/2026,1630,CLOZ,26.51,+.01,+0.04%,26.47,26.53,26.47,69.58,0.02,NaN,25.23,26.3,26.4,26.55,1214.01,2653.01,1.02,0.0,28.1,0.0,3.2
05/27/2026,1630,CLX,97.11,+.88,+0.91%,97.21,98.56,96.69,55.0,0.48,0.37,110.25,87.88,88.96,98.76,4210.01,9856.01,1.16,88.2,97.4,0.0,6.0
05/27/2026,1630,CMCSA,25.22,+.07,+0.28%,25.225,25.825,25.135,38.15,0.21,0.35,30.27,24.87,24.08,25.92,1203.01,2583.01,1.19,65.1,29.1,-12.0,0.0
05/27/2026,1630,CMG,32.69,+.38,+1.18%,32.68,33.315,32.59,47.02,0.31,0.41,35.12,31.63,31.82,33.7,-3103.02,-3201.02,6.02,60.1,49.1,-1.2,3.4
05/27/2026,1630,CMI,667.85,-.90,-0.13%,673.27,674.12,658.65,52.47,0.48,0.4,537.02,676.9,622.15,722.95,-4107.03,-62809.03,14.03,89.2,92.4,0.0,0.0
05/27/2026,1630,CNA,42.79,-.94,-2.15%,43.62,44.075,42.645,34.47,0.34,NaN,46.88,43.03,42.51,44.7,-1101.01,-4265.01,18.01,30.1,94.4,-23.8,0.0
05/27/2026,1630,CNC,58.82,+1.61,+2.81%,58.09,58.84,57.78,69.73,0.43,0.41,42.53,52.0,55.59,61.2,1201.05,6076.05,19.52,11.1,42.2,0.0,4.1
05/27/2026,1630,CNH,10.52,+.27,+2.63%,10.28,10.59,10.26,49.6,0.39,0.44,10.94,10.54,9.89,10.96,-6201.02,-990.04,11.04,65.1,82.1,0.0,0.0
05/27/2026,1630,CNX,33.74,-.99,-2.85%,34.15,34.57,33.73,30.37,0.28,0.36,39.98,35.51,33.88,37.32,-12104.01,-3373.01,20.01,44.1,39.1,-7.9,0.0
05/27/2026,1630,COAL,26.58,+.48,+1.84%,26.20,26.68,25.6401,60.92,0.3,0.38,24.32,25.09,24.11,26.46,2202.01,2668.01,1.07,50.1,63.1,0.0,-2.3
05/27/2026,1630,COCO,78.63,+2.14,+2.80%,77.32,79.375,77.02,72.07,0.95,0.55,51.08,66.96,70.14,83.87,1202.06,7970.07,18.23,55.1,95.4,0.0,0.0
05/27/2026,1630,COF,188.80,+2.38,+1.28%,188.46,192.03,187.59,49.91,0.24,0.36,184.3,183.76,179.6,192.7,3205.01,19203.01,1.05,67.1,25.1,-1.0,0.0
05/27/2026,1630,COIN,173.78,-6.23,-3.46%,176.38,179.85,173.71,39.3,0.68,0.71,171.81,182.8,168.41,213.66,-6108.01,-17371.01,9.01,53.1,52.1,0.0,-0.1
05/27/2026,1630,COM,33.95,-.30,-0.88%,33.99,34.08,33.90,43.52,0.14,0.14,31.93,34.02,33.76,35.4,-3105.01,-3390.01,10.01,48.1,92.4,0.0,0.0
05/27/2026,1630,COP,115.13,-1.44,-1.24%,115.205,116.45,114.24,39.92,0.33,0.34,111.06,113.62,112.38,126.48,-1102.01,-11424.01,19.01,52.1,82.3,-2.4,0.0
05/27/2026,1630,COPJ,43.58,-.77,-1.74%,44.08,44.30,43.18,53.34,0.53,0.5,42.05,41.22,39.57,47.03,-2202.06,4753.1,10.19,67.1,81.1,0.0,0.4
05/27/2026,1630,COPX,86.09,-1.42,-1.62%,85.69,86.445,85.05,54.46,0.53,0.51,79.11,82.45,77.93,92.22,1202.02,9277.1,10.2,69.1,80.1,0.0,2.5
05/27/2026,1630,CORN,18.00,-.18,-0.99%,18.11,18.18,18.00,40.99,0.23,0.25,17.68,18.2,17.85,19.0,-3105.01,-1800.01,18.01,79.1,98.4,-5.4,-0.1
05/27/2026,1630,COST,1003.69,+.76,+0.08%,1003.86,1013.51,999.6863,44.11,0.25,0.28,960.46,985.15,981.45,1099.26,-3103.01,-99616.02,5.02,91.2,100.4,2.6,0.0
05/27/2026,1630,CP,91.26,+2.14,+2.40%,88.26,91.33,88.26,68.35,0.31,0.27,82.02,84.37,83.98,90.46,6202.01,9133.01,1.38,71.1,90.4,0.0,4.9
05/27/2026,1630,CPAY,352.60,+2.99,+0.86%,349.79,355.88,347.685,65.4,0.5,0.4,310.11,298.46,318.72,375.33,5213.06,35588.01,6.19,73.1,88.4,8.1,8.1
05/27/2026,1630,CPER,38.48,-.55,-1.41%,38.73,38.81,38.40,54.32,0.32,0.32,35.22,37.31,37.0,40.74,-1108.08,4078.1,10.17,61.2,63.2,0.0,8.5
05/27/2026,1630,CPNG,16.46,+.99,+6.40%,15.45,16.67,15.38,42.33,0.7,0.55,17.86,16.1,14.56,17.3,1204.03,-1503.05,28.11,79.1,100.4,-24.4,0.0
05/27/2026,1630,CPRI,18.27,-.23,-1.24%,17.75,18.50,17.21,47.46,0.41,0.56,17.56,17.47,16.6,19.21,2205.02,1912.02,2.1,26.3,32.1,-4.3,0.0
05/27/2026,1630,CPT,108.09,+.35,+0.32%,108.01,109.11,107.87,65.1,0.13,0.24,105.64,103.08,102.98,108.95,6207.01,10911.01,1.07,56.1,7.1,0.0,1.0
05/27/2026,1630,CRCL,102.64,-1.53,-1.47%,103.00,106.60,102.33,44.37,1.14,0.87,80.23,105.36,96.72,128.92,-3108.01,-10233.01,11.02,NaN,NaN,0.0,4.7
05/27/2026,1630,CRI,39.36,+.96,+2.50%,39.34,41.00,39.15,63.64,0.66,0.53,32.54,32.6,32.56,40.33,6207.01,4100.01,1.16,10.1,81.2,0.0,0.0
05/27/2026,1630,CRM,177.51,-1.57,-0.88%,178.00,183.92,176.89,48.22,0.39,0.58,189.58,176.31,165.73,187.41,2207.01,18744.06,6.09,94.4,69.1,-1.7,0.0
05/27/2026,1630,CRSP,53.53,+1.94,+3.76%,51.71,54.525,51.11,55.4,0.5,0.57,54.8,51.71,45.84,55.57,1202.01,5453.01,1.05,4.1,28.1,-0.3,-1.3
05/27/2026,1630,CRWD,645.36,-26.19,-3.90%,641.01,660.6599,633.09,75.81,0.43,0.63,359.29,457.46,585.18,718.98,14101.03,67750.02,6.33,97.4,67.1,24.6,26.0
05/27/2026,1630,CSCO,119.67,+1.34,+1.13%,117.94,120.39,116.77,76.77,0.52,0.4,77.07,91.0,107.02,134.09,-1101.01,12079.03,7.38,93.3,90.4,23.1,16.7
05/27/2026,1630,CSX,47.14,+.53,+1.14%,46.69,47.175,46.64,67.06,0.22,0.27,39.75,44.38,44.34,47.51,7202.01,4718.01,1.09,49.1,50.1,0.0,1.3
05/27/2026,1630,CTA,29.23,-.61,-2.04%,29.14,29.48,29.08,36.24,0.31,0.32,29.6,29.81,29.28,32.6,-4105.01,-2908.01,7.01,87.2,88.3,-3.1,0.0
05/27/2026,1630,CUBE,40.00,+.04,+0.10%,40.20,40.45,39.88,53.89,0.25,0.28,39.41,39.38,38.34,41.12,1205.03,-3824.06,11.06,31.1,72.2,0.6,0.0
05/27/2026,1630,CURB,28.94,+.17,+0.59%,28.72,29.05,28.645,63.4,0.22,0.29,27.35,27.46,27.4,29.15,7207.01,2905.01,1.47,32.1,63.3,0.0,2.1
05/27/2026,1630,CVNA,73.00,+2.85,+4.06%,70.25,73.955,70.085,53.27,0.48,0.73,59.86,74.52,58.85,78.8,1202.02,-6109.05,13.05,58.1,30.1,-1.7,-6.5
05/27/2026,1630,CVS,92.07,+1.34,+1.48%,90.99,92.09,90.6501,59.97,0.39,0.3,76.93,85.12,88.26,100.5,-3105.01,9843.09,10.47,13.1,88.4,0.0,15.9
05/27/2026,1630,CVX,182.40,-2.31,-1.25%,181.85,183.72,180.67,40.17,0.29,0.3,183.77,179.53,179.06,198.55,-1102.01,-18067.01,5.01,76.1,90.2,0.6,0.0
05/27/2026,1630,CWH,7.53,-.15,-1.95%,7.88,8.10,7.42,54.35,0.88,0.83,7.12,6.69,6.35,7.96,2205.01,810.01,1.1,80.1,84.3,-1.2,0.0
05/27/2026,1630,CZR,28.78,+.40,+1.41%,28.735,28.99,28.58,60.18,0.45,0.43,23.46,27.47,26.24,29.39,3208.01,2899.01,1.09,2.1,46.1,2.7,0.0
05/27/2026,1630,D,67.20,-.08,-0.12%,67.17,67.67,66.865,63.14,0.38,0.25,60.77,61.04,61.41,71.37,5207.03,6858.03,4.13,79.1,99.4,18.1,0.0
05/27/2026,1630,DAL,81.80,+2.41,+3.04%,80.75,83.755,80.75,73.08,0.45,0.51,58.47,71.09,68.06,81.81,4205.01,8376.01,1.05,58.1,67.2,7.3,4.2
05/27/2026,1630,DAPP,22.45,+.70,+3.22%,21.87,22.64,21.49,63.15,0.58,0.45,15.35,20.82,19.81,22.9,2204.01,2264.01,1.06,9.1,43.1,0.0,7.5
05/27/2026,1630,DAR,58.74,-.61,-1.03%,59.09,59.11,57.75,41.19,0.26,0.44,51.9,61.09,56.22,64.18,-8110.01,-5765.03,16.03,11.1,9.1,0.0,-0.4
05/27/2026,1630,DASH,157.58,+3.58,+2.32%,153.80,160.96,153.73,45.64,0.49,0.55,168.0,156.58,145.84,168.42,1201.03,-14681.05,14.05,63.1,71.1,-8.0,0.0
05/27/2026,1630,DDOG,221.81,-1.84,-0.82%,221.16,226.48,219.4901,81.92,0.99,0.6,105.17,140.71,204.5,261.74,-1102.02,22648.01,12.32,61.1,96.4,11.3,31.0
05/27/2026,1630,DDS,589.83,+13.08,+2.27%,582.20,603.49,582.20,60.51,0.34,NaN,577.93,545.31,516.93,590.43,3204.01,60349.01,1.05,0.0,22.1,0.0,0.0
05/27/2026,1630,DE,529.39,+.27,+0.05%,527.45,533.77,526.03,33.08,0.34,0.3,577.63,572.3,507.94,587.29,-7109.02,-52381.02,14.02,39.1,79.1,-1.4,-5.2
05/27/2026,1630,DECK,114.37,+2.93,+2.63%,112.65,115.83,112.65,68.72,0.47,0.42,103.73,96.29,91.33,114.87,4205.01,11583.01,1.16,24.3,66.2,0.0,0.0
05/27/2026,1630,DELL,305.32,+.24,+0.08%,307.475,312.1399,298.57,78.2,0.84,0.81,136.11,219.6,229.89,315.85,3204.01,31214.01,1.69,99.4,95.4,19.4,8.4
05/27/2026,1630,DEO,86.56,+1.55,+1.82%,86.75,87.48,86.31,63.76,0.33,0.33,80.79,81.36,80.3,88.24,4208.01,8748.01,1.2,65.1,76.1,10.3,7.6
05/27/2026,1630,DG,104.33,+.72,+0.69%,102.725,106.90,102.425,37.71,0.41,0.58,144.52,103.64,95.05,113.84,-10102.07,-9957.04,28.1,99.4,80.4,-9.7,-1.6
05/27/2026,1630,DGX,193.99,+1.11,+0.58%,194.26,196.32,192.5702,52.44,0.21,0.27,199.01,186.23,187.41,196.62,5207.01,19632.01,1.06,66.1,49.1,0.0,1.0
05/27/2026,1630,DIN,31.06,+.68,+2.24%,30.70,31.95,30.70,61.75,0.48,0.68,29.24,25.85,27.88,32.2,11214.01,3195.01,1.14,83.1,63.1,2.4,3.6
05/27/2026,1630,DIS,104.18,+.90,+0.87%,103.30,105.25,103.26,51.95,0.35,0.27,99.95,104.38,99.98,108.02,-2201.05,10839.12,12.16,31.1,82.4,0.0,0.2
05/27/2026,1630,DK,43.04,+.29,+0.68%,42.15,43.59,41.11,47.33,0.68,0.7,34.85,43.0,41.48,46.32,-4110.01,-4111.01,16.01,66.1,83.2,-4.5,0.0
05/27/2026,1630,DKL,50.04,-1.20,-2.34%,50.75,50.94,50.04,42.37,0.32,0.3,51.32,49.48,50.14,52.23,-2103.01,-5004.01,5.01,45.1,85.3,-7.4,3.0
05/27/2026,1630,DKNG,25.07,+1.26,+5.29%,23.85,25.33,23.78,54.44,0.43,0.56,22.26,23.89,23.89,26.22,-2201.01,-2378.01,3.01,45.1,46.1,0.0,6.6
05/27/2026,1630,DLTR,95.87,+2.17,+2.32%,94.39,96.89,92.90,50.08,0.36,0.64,113.46,89.32,86.49,98.64,3205.01,9689.01,1.1,100.4,40.1,0.0,0.0
05/27/2026,1630,DOC,19.87,-.16,-0.80%,20.13,20.27,19.77,69.91,0.6,0.29,16.96,16.83,19.35,20.05,1201.01,2027.01,1.21,40.1,94.4,0.0,34.6
05/27/2026,1630,DOCU,48.43,-.89,-1.80%,48.60,50.125,48.16,53.3,0.4,0.75,43.41,45.27,44.97,51.63,4208.03,5142.06,6.09,91.2,39.1,4.2,0.0
05/27/2026,1630,DOV,213.37,-2.03,-0.94%,215.73,216.40,212.40,47.08,0.24,0.31,206.88,218.8,201.72,221.78,1202.01,-20572.05,14.05,76.1,55.1,-8.0,-5.5
05/27/2026,1630,DOW,34.49,-.79,-2.24%,34.60,34.89,34.085,33.69,0.41,0.49,29.2,36.72,33.79,39.9,-9110.01,-3409.01,16.01,28.1,32.1,-4.5,-3.3
05/27/2026,1630,DPZ,311.72,+1.30,+0.42%,310.42,319.54,310.42,36.54,0.27,0.37,393.19,310.06,296.2,328.25,-6102.07,-29748.07,23.07,86.2,69.3,-7.7,0.0
05/27/2026,1630,DRI,205.93,+2.10,+1.03%,206.89,210.43,205.87,62.56,0.25,0.37,198.1,190.01,190.86,206.7,3205.01,21043.01,1.06,92.2,47.1,0.0,0.1
05/27/2026,1630,DRLL,35.77,-.38,-1.05%,35.44,36.02,35.23,42.83,0.33,0.35,34.46,34.95,34.91,38.94,-1102.01,-3523.01,5.01,95.2,100.4,0.0,0.0
05/27/2026,1630,DRVN,14.22,+.52,+3.80%,13.72,14.265,13.72,59.2,0.62,0.66,10.3,13.07,12.57,14.52,3204.01,1427.01,1.04,58.1,92.1,0.0,0.6
05/27/2026,1630,DT,38.91,-1.69,-4.16%,40.07,40.52,38.74,51.81,0.66,0.55,34.27,37.72,35.95,42.48,2101.03,4136.06,6.09,82.1,100.4,1.1,3.3
05/27/2026,1630,DVN,44.27,-.87,-1.93%,44.48,44.87,43.86,36.37,0.47,0.42,42.7,44.2,43.79,50.44,-1104.01,-4386.01,19.01,72.1,99.4,-6.5,-0.4
05/27/2026,1630,DXCM,70.26,-1.75,-2.43%,72.53,72.65,69.92,63.82,0.5,0.43,67.64,58.43,58.36,77.01,8208.02,7310.02,3.19,31.1,84.4,12.1,0.5
05/27/2026,1630,EA,200.68,-.45,-0.22%,200.80,201.41,200.50,41.91,0.03,0.12,197.47,200.07,199.99,202.03,3101.03,20185.03,3.1,42.1,24.1,-3.8,0.0
05/27/2026,1630,EAT,141.48,+1.80,+1.29%,141.08,144.89,139.23,51.57,0.78,0.52,131.0,137.88,123.74,147.67,2204.01,14489.01,1.09,56.1,96.4,-7.5,0.0
05/27/2026,1630,EBAY,110.36,-4.95,-4.29%,114.91,115.9299,110.24,52.41,0.39,0.38,85.52,105.23,106.35,121.81,7101.05,11931.05,8.19,69.1,71.2,5.9,0.0
05/27/2026,1630,ECH,41.96,+.49,+1.18%,41.62,42.22,41.36,55.52,0.3,0.27,37.76,41.09,38.82,42.49,2202.01,4222.01,1.06,54.1,80.1,-0.5,0.0
05/27/2026,1630,ECPG,81.85,+.30,+0.37%,81.70,82.44,81.045,54.71,0.27,0.38,64.0,79.0,78.37,83.5,1202.01,-7891.04,12.04,33.1,31.1,-2.7,-1.4
05/27/2026,1630,EDEN,112.145,-.315,-0.28%,111.94,112.465,111.90,54.83,0.2,NaN,102.5,110.61,109.9,113.43,1205.02,11345.12,12.24,0.0,54.1,0.0,9.9
05/27/2026,1630,EDU,47.01,+.22,+0.47%,46.81,47.44,46.55,29.71,0.36,0.47,50.19,51.95,43.87,52.35,-8113.02,-4590.03,28.03,36.1,54.3,-15.4,-6.7
05/27/2026,1630,EDV,63.24,+.17,+0.27%,63.21,63.465,63.145,51.06,0.15,0.12,66.46,63.45,60.39,64.19,2203.01,-6078.05,24.05,10.1,57.2,0.0,-3.2
05/27/2026,1630,EEM,68.39,-.01,-0.01%,68.76,68.96,67.94,64.22,0.3,0.36,56.56,66.48,63.84,69.17,2202.01,6896.01,1.06,96.2,88.1,0.0,5.7
05/27/2026,1630,EFNL,57.4611,-.6012,-1.04%,57.76,57.76,57.31,64.54,0.26,NaN,48.28,53.6,53.87,58.33,5205.01,5776.01,1.07,0.0,98.4,3.1,3.8
05/27/2026,1630,EFX,163.69,+.88,+0.54%,162.98,164.75,161.695,41.9,0.32,0.44,200.48,167.79,152.0,174.52,-6201.05,-15647.08,26.08,86.1,37.1,-3.9,-0.5
05/27/2026,1630,EGP,205.67,-1.31,-0.63%,206.78,207.65,205.20,61.39,0.14,0.2,186.63,200.77,201.32,207.6,2205.01,20765.01,1.08,56.1,14.1,3.6,4.7
05/27/2026,1630,EIS,137.60,+.40,+0.29%,138.44,138.44,137.17,66.48,0.2,NaN,117.79,134.5,128.26,139.16,3203.01,13844.01,1.06,0.0,53.1,0.0,2.2
05/27/2026,1630,EL,91.20,+4.60,+5.31%,88.35,92.25,88.35,64.97,0.59,0.47,92.5,82.04,75.06,91.64,3203.01,9225.01,1.04,61.1,85.1,0.8,0.2
05/27/2026,1630,ELS,62.36,-.10,-0.16%,62.34,63.20,62.33,44.47,0.16,0.26,66.55,62.45,61.17,63.92,3102.02,6369.02,2.07,50.2,32.1,0.0,0.0
05/27/2026,1630,ELV,391.47,+3.62,+0.93%,388.71,392.67,386.76,63.17,0.25,0.34,281.5,369.37,374.74,410.46,18102.05,40800.05,5.4,10.1,17.1,0.8,5.2
05/27/2026,1630,EMB,95.98,+.34,+0.36%,95.93,95.985,95.77,56.25,0.07,0.17,95.5,95.85,94.06,96.44,2202.01,-9425.05,14.05,95.4,88.1,0.0,-2.8
05/27/2026,1630,EMR,139.72,-1.25,-0.89%,141.81,142.38,139.395,53.13,0.41,0.34,137.83,139.09,127.51,144.41,1202.01,14238.01,1.05,73.1,91.2,0.0,-1.8
05/27/2026,1630,ENB,56.15,-.86,-1.51%,56.55,56.77,56.10,55.36,0.22,0.22,52.4,53.33,53.94,59.08,11101.03,5845.03,3.28,68.1,92.4,12.3,5.6
05/27/2026,1630,ENPH,70.28,+3.38,+5.05%,68.07,72.70,66.15,81.58,1.13,0.99,39.51,34.48,47.46,74.09,14216.01,7270.01,1.19,98.4,83.4,36.1,10.1
05/27/2026,1630,ENR,18.63,+.41,+2.25%,18.54,19.23,18.495,54.92,0.64,0.58,18.51,17.55,15.63,19.31,3204.01,1923.01,1.09,78.1,84.4,-0.3,0.0
05/27/2026,1630,ENVX,7.50,+.25,+3.45%,7.22,7.62,7.01,61.95,0.98,1.02,4.84,6.17,5.52,7.73,2203.01,762.01,1.05,53.1,87.4,2.5,-1.4
05/27/2026,1630,ENZL,45.9976,+1.1276,+2.51%,45.80,46.09,45.75,62.15,0.22,0.5,45.23,45.56,43.2,46.43,1202.01,4609.01,1.05,70.3,91.2,0.0,0.0
05/27/2026,1630,EOG,134.30,-1.90,-1.40%,133.92,136.43,132.8201,44.93,0.33,0.34,120.48,128.83,129.49,146.95,-1102.01,14570.05,5.13,71.1,97.2,1.6,0.4
05/27/2026,1630,EPD,37.99,-.41,-1.07%,38.00,38.26,37.79,45.38,0.23,0.21,35.82,37.14,37.18,40.62,-1102.01,4010.05,5.12,75.1,94.2,5.6,1.0
05/27/2026,1630,EPHE,24.64,+.05,+0.20%,24.62,24.69,24.6093,47.74,0.15,NaN,25.22,24.97,24.08,25.14,-3201.05,2530.13,13.2,0.0,10.1,-1.6,2.3
05/27/2026,1630,EPOL,40.43,-.02,-0.05%,40.64,40.66,40.32,59.0,0.28,0.31,34.67,38.84,38.63,40.76,3205.01,4066.01,1.2,52.1,87.2,1.7,8.4
05/27/2026,1630,EPR,58.00,-1.16,-1.96%,59.24,59.50,57.91,55.46,0.18,0.26,56.58,56.06,57.12,59.71,5101.01,5950.01,1.16,54.1,29.1,0.0,4.3
05/27/2026,1630,EPU,84.68,-1.33,-1.55%,85.24,85.47,84.61,56.05,0.34,NaN,81.93,81.02,79.26,86.72,2205.01,8601.02,2.2,0.0,73.1,1.2,6.8
05/27/2026,1630,EQR,66.63,+.50,+0.76%,66.62,67.52,66.37,62.45,0.15,0.25,61.54,65.41,64.44,67.03,3206.01,6752.01,1.04,71.1,13.1,0.0,0.8
05/27/2026,1630,EQRR,78.1513,-1.4282,-1.79%,78.90,78.90,77.95,64.64,0.14,NaN,67.12,74.66,75.74,80.06,23213.02,7990.02,2.52,0.0,69.1,15.0,11.6
05/27/2026,1630,EQT,55.17,-1.04,-1.85%,55.78,56.12,55.06,38.66,0.29,0.34,60.12,55.31,54.52,59.24,-1102.01,-5506.01,5.01,5.1,43.2,-2.2,0.0
05/27/2026,1630,ESI,42.91,-.27,-0.63%,43.38,43.44,42.215,57.51,0.55,0.42,30.61,42.08,38.36,45.44,1202.01,-3816.06,16.06,49.1,92.2,-0.5,0.0
05/27/2026,1630,ESPO,88.82,+.18,+0.20%,88.61,89.50,88.61,41.28,0.14,0.19,88.93,89.97,87.81,91.04,-9104.02,-8856.02,28.02,65.2,13.1,-4.0,0.0
05/27/2026,1630,ESS,276.83,-.42,-0.15%,277.54,279.4999,276.79,67.49,0.15,0.22,248.86,263.49,265.84,281.02,22207.01,27950.01,1.47,32.1,11.1,2.1,4.4
05/27/2026,1630,ET,19.33,-.27,-1.38%,19.50,19.66,19.33,42.94,0.25,0.25,18.59,19.14,19.27,20.6,-2104.01,-1933.01,5.01,58.1,96.4,-0.1,0.0
05/27/2026,1630,ETH,19.50,-.17,-0.86%,19.62,19.71,19.37,35.69,0.33,0.47,18.05,21.54,18.48,22.11,-9111.03,-1937.01,16.05,2.1,0.1,-2.0,-14.6
05/27/2026,1630,ETH-USD,-80.31,1.40,-1.71%,-84.00,-76.56,-84.32,31.84,0.88,0.69,-36.57,-78.46,-86.21,-66.59,-20102.01,8432.01,40.01,28.1,12.2,-12.4,0.0
05/27/2026,1630,ETHA,15.485,-.135,-0.86%,15.58,15.66,15.39,35.63,0.33,0.57,14.4,17.12,14.66,17.59,-9108.03,-1539.01,16.05,1.1,0.1,-2.0,-14.5
05/27/2026,1630,ETHE,16.64,-.14,-0.83%,16.74,16.82,16.53,35.24,0.33,0.48,15.56,18.4,15.75,18.88,-9111.03,-1653.01,16.05,1.1,0.1,-2.1,-15.1
05/27/2026,1630,ETSY,63.81,-.52,-0.81%,64.33,65.89,63.67,57.76,0.63,0.55,50.81,59.48,55.22,66.46,2205.01,6589.01,1.09,35.1,75.4,0.0,0.0
05/27/2026,1630,EWA,28.93,-.02,-0.07%,29.02,29.03,28.84,47.91,0.23,0.25,28.02,29.48,28.13,29.75,-5111.05,-2844.05,14.05,83.1,90.1,-4.6,-0.8
05/27/2026,1630,EWC,58.26,-.44,-0.75%,58.39,58.555,58.2001,54.41,0.15,0.16,55.67,57.72,57.39,58.89,3205.02,5897.02,2.08,60.1,63.1,0.0,1.8
05/27/2026,1630,EWD,53.03,-.17,-0.32%,53.34,53.415,52.85,58.92,0.27,0.19,50.59,51.02,49.44,53.75,4205.01,5342.01,1.08,38.3,84.3,0.0,0.8
05/27/2026,1630,EWG,43.69,-.06,-0.14%,43.80,43.80,43.546,60.39,0.25,0.23,40.16,42.38,41.42,44.08,4205.01,4380.01,1.08,65.1,91.3,1.6,0.4
05/27/2026,1630,EWH,23.10,-.24,-1.03%,23.16,23.185,23.08,38.47,0.19,0.25,22.87,24.12,22.94,24.53,-7108.01,-2308.01,14.01,85.1,75.2,0.0,0.0
05/27/2026,1630,EWI,59.03,-.37,-0.62%,59.15,59.26,58.83,55.76,0.26,0.26,52.05,58.25,57.38,59.72,2205.01,5964.02,13.17,82.1,92.2,0.0,5.7
05/27/2026,1630,EWJ,92.29,-.61,-0.66%,92.19,92.42,91.93,59.33,0.19,0.22,83.85,90.8,90.27,93.33,1204.02,9323.02,2.2,65.1,54.1,0.0,13.8
05/27/2026,1630,EWJV,45.2036,-.4511,-0.99%,45.33,45.33,45.03,58.56,0.18,NaN,41.91,43.95,44.32,46.05,7219.1,4581.02,10.23,0.0,47.1,0.0,14.8
05/27/2026,1630,EWK,27.1326,+.1026,+0.38%,27.26,27.30,27.04,65.15,0.21,0.36,24.57,26.08,26.03,27.33,4205.01,2730.01,1.2,76.1,83.1,2.4,19.0
05/27/2026,1630,EWM,29.07,+.07,+0.24%,28.97,29.08,28.91,41.81,0.12,0.22,27.95,30.03,28.58,30.2,-7108.02,-2891.01,14.02,77.2,35.1,0.0,0.0
05/27/2026,1630,EWN,66.84,-.49,-0.73%,67.34,67.34,66.495,61.19,0.28,0.24,57.66,64.39,63.55,67.98,4205.01,6734.01,1.2,92.4,91.2,4.5,8.4
05/27/2026,1630,EWO,40.81,-.12,-0.29%,41.10,41.18,40.77,64.14,0.22,NaN,34.83,39.5,38.64,41.03,3205.01,4118.01,1.17,0.0,82.1,3.6,3.4
05/27/2026,1630,EWP,57.80,+.01,+0.02%,57.95,58.19,57.62,57.17,0.26,0.23,52.09,56.76,55.55,58.14,3202.01,5819.02,1.08,79.1,87.1,0.0,3.7
05/27/2026,1630,EWQ,46.00,+.08,+0.17%,46.21,46.38,45.845,56.03,0.26,0.22,43.26,45.31,44.02,46.54,2205.01,4638.01,1.08,62.1,94.3,0.0,0.0
05/27/2026,1630,EWS,29.31,-.10,-0.34%,29.31,29.33,29.23,55.04,0.17,0.2,27.05,28.63,28.76,29.79,4213.04,2961.05,5.2,68.1,77.1,5.5,9.5
05/27/2026,1630,EWUS,43.2257,-.1373,-0.32%,43.35,43.35,43.215,57.55,0.23,0.19,41.58,42.4,40.92,43.86,4205.01,4357.02,2.08,30.1,86.1,0.0,0.0
05/27/2026,1630,EWW,79.56,+.70,+0.89%,78.84,79.94,78.615,56.82,0.2,0.29,73.25,78.15,76.64,80.63,1202.01,8107.09,12.19,80.1,62.1,0.0,5.0
05/27/2026,1630,EWY,198.29,-2.36,-1.18%,201.81,202.58,194.69,65.29,0.7,0.85,121.55,176.14,170.38,202.91,2202.01,20258.01,1.38,100.4,94.2,0.0,10.6
05/27/2026,1630,EWZ,36.11,-.38,-1.04%,36.28,36.56,36.05,37.54,0.29,0.32,35.66,38.52,34.29,38.62,-12114.06,-3572.06,32.06,67.1,77.1,-12.2,-8.6
05/27/2026,1630,EWZS,14.02,-.16,-1.13%,14.17,14.26,14.00,41.9,0.38,0.37,13.97,14.73,13.05,15.11,-6112.06,-1359.06,33.06,64.2,85.2,-6.2,-6.3
05/27/2026,1630,EXAS,104.91,0,0.00%,0,0,0,76.4,0.04,0.37,101.28,103.1,103.16,104.69,6206.01,10498.01,1.08,32.4,24.1,6.4,0.0
05/27/2026,1630,EXP,214.74,+8.18,+3.96%,208.79,215.44,208.79,62.2,0.36,0.4,195.37,204.78,189.59,216.21,1202.01,21544.01,1.05,88.1,63.1,-0.9,-1.3
05/27/2026,1630,EXPD,161.51,+.81,+0.50%,161.83,163.10,160.4201,65.98,0.41,0.32,140.15,149.76,152.43,163.58,6202.01,16310.01,1.17,73.1,80.2,1.8,9.0
05/27/2026,1630,EXPE,226.56,+3.59,+1.61%,224.98,232.08,224.19,47.03,0.45,0.49,203.18,219.44,198.5,241.39,1202.01,-20635.05,26.09,50.1,66.1,-13.6,-0.3
05/27/2026,1630,EXR,144.43,+.44,+0.31%,144.32,145.7299,143.265,56.67,0.24,0.27,144.6,140.62,137.89,146.51,3205.01,14573.01,1.06,41.1,55.1,0.1,0.0
05/27/2026,1630,EYE,16.59,-.02,-0.12%,16.64,16.83,16.10,26.78,0.89,0.62,25.14,21.69,12.65,20.81,-13126.08,-1610.01,21.09,56.1,97.4,-14.7,-10.3
05/27/2026,1630,EZA,68.91,-.90,-1.29%,68.88,69.415,68.85,48.75,0.38,0.53,68.56,70.91,65.25,72.41,1202.02,-6627.06,12.06,95.2,76.1,-1.9,0.0
05/27/2026,1630,F,15.88,+.56,+3.66%,15.425,16.06,15.39,74.0,0.71,0.52,12.03,11.94,12.61,16.51,7210.01,1606.01,1.16,98.3,100.4,23.3,3.6
05/27/2026,1630,FAF,67.53,-.62,-0.91%,68.62,68.745,67.0375,49.93,0.24,0.47,66.32,67.43,65.51,70.03,-6104.04,-6632.04,22.04,87.2,35.1,-1.4,0.0
05/27/2026,1630,FANG,192.84,-2.29,-1.17%,191.96,194.68,190.75,43.95,0.37,0.4,167.45,186.55,188.61,210.97,-1102.01,-19075.01,17.01,72.1,91.4,-1.8,0.6
05/27/2026,1630,FAST,44.82,+.37,+0.83%,44.45,44.9772,44.32,53.56,0.2,0.3,45.28,42.97,43.02,44.91,2203.01,4498.01,1.1,62.1,38.1,-1.5,0.0
05/27/2026,1630,FCFS,231.32,-.73,-0.31%,231.30,235.03,230.81,66.15,0.19,0.31,182.0,219.5,223.77,234.43,2202.01,23503.01,1.04,66.1,5.1,0.0,9.7
05/27/2026,1630,FCG,28.61,-.61,-2.09%,28.76,29.05,28.56,38.8,0.35,0.3,27.25,28.54,28.39,31.68,-2104.01,-2856.01,5.01,57.1,99.3,-0.9,0.0
05/27/2026,1630,FDX,411.78,+11.78,+2.95%,409.02,413.70,407.35,66.61,0.47,0.38,353.87,364.5,366.48,410.73,5206.01,41370.01,1.15,59.1,97.4,0.0,0.0
05/27/2026,1630,FICO,1278.47,+18.58,+1.47%,1258.71,1290.00,1251.109,72.7,0.39,0.63,1361.04,1043.46,1047.38,1342.58,13208.01,129000.01,2.19,81.1,36.1,15.7,2.4
05/27/2026,1630,FISV,55.62,+.01,+0.02%,55.45,57.35,55.40,44.36,0.46,0.41,59.89,54.13,52.83,57.92,2207.01,5735.01,1.1,37.1,72.4,-16.5,0.0
05/27/2026,1630,FIVE,215.99,-5.08,-2.30%,222.33,224.00,214.21,44.76,0.43,0.54,210.39,206.28,203.13,229.5,1101.02,-20514.1,14.1,75.2,70.3,-7.1,0.0
05/27/2026,1630,FLG,14.00,-.03,-0.21%,13.98,14.125,13.905,54.49,0.26,0.35,12.25,14.01,13.0,14.45,1203.02,1440.02,2.06,17.1,23.1,0.0,-1.2
05/27/2026,1630,FLNG,31.32,-.38,-1.20%,31.40,31.63,31.14,45.04,0.26,0.34,26.6,31.51,31.2,32.95,-3104.01,-3114.01,16.01,58.1,50.1,-0.3,0.0
05/27/2026,1630,FLO,7.81,+.02,+0.26%,7.81,7.89,7.57,46.17,0.61,0.57,8.71,8.14,6.56,8.51,1203.02,-680.04,18.07,74.1,100.4,0.0,-3.4
05/27/2026,1630,FLUT,95.75,+1.94,+2.07%,94.52,96.72,93.81,41.21,0.42,0.55,99.96,93.58,90.81,100.93,1102.03,-9152.08,22.1,72.1,63.1,-10.6,0.0
05/27/2026,1630,FND,49.69,+1.39,+2.88%,49.30,50.785,49.20,52.44,0.57,0.59,58.51,48.45,42.16,52.45,2205.01,-4264.05,13.05,80.1,89.4,0.0,0.0
05/27/2026,1630,FNF,48.07,-.37,-0.76%,48.57,49.00,48.025,42.29,0.24,0.37,48.42,46.67,46.24,50.7,-8103.09,-4693.1,23.1,76.1,47.1,-10.1,0.0
05/27/2026,1630,FORM,133.03,-3.45,-2.53%,138.61,138.80,129.12,52.19,0.75,0.91,82.35,139.29,108.28,149.71,1202.01,-11231.06,12.06,91.2,76.2,-1.9,-2.9
05/27/2026,1630,FOUR,42.95,+.16,+0.37%,43.15,44.40,42.74,47.91,0.64,0.73,43.32,39.85,39.6,45.52,2205.01,4501.03,3.1,80.1,71.1,-1.4,0.0
05/27/2026,1630,FOXA,65.48,+.52,+0.80%,64.53,66.03,64.53,57.05,0.32,0.32,55.55,61.74,61.95,67.91,-1202.04,6696.09,9.16,38.1,77.3,0.0,0.2
05/27/2026,1630,FR,63.06,-.98,-1.53%,64.32,64.63,63.05,56.57,0.17,0.7,59.43,61.94,60.83,64.07,4205.01,6463.01,1.06,100.4,18.1,0.0,1.0
05/27/2026,1630,FROG,71.38,-1.63,-2.23%,72.25,73.0419,70.34,67.63,0.88,0.65,38.5,51.62,63.35,83.17,-1101.01,7508.02,12.3,57.1,81.2,1.7,13.0
05/27/2026,1630,FRPT,52.33,+1.33,+2.61%,50.99,52.72,50.70,41.71,0.61,0.58,79.14,49.58,45.65,54.85,1205.04,-4645.05,31.12,47.1,91.2,-16.5,0.0
05/27/2026,1630,FRT,121.06,+.90,+0.75%,120.78,121.57,120.05,74.7,0.2,0.21,106.75,115.05,112.89,121.82,4205.01,12157.01,1.44,38.1,79.3,2.6,6.8
05/27/2026,1630,FSLY,16.77,-.83,-4.72%,17.50,17.5297,16.69,38.89,1.97,0.86,17.13,18.53,7.6,20.55,1202.02,-1570.03,15.11,49.1,88.4,-14.3,-17.4
05/27/2026,1630,FTNT,127.93,-6.03,-4.50%,129.55,131.50,126.78,74.26,0.71,0.43,76.64,87.29,120.9,147.44,-1102.02,13491.02,11.3,53.1,90.4,20.0,32.5
05/27/2026,1630,FTV,59.91,-.41,-0.68%,60.46,60.675,59.78,53.07,0.2,0.3,55.6,59.88,57.83,60.89,2202.01,6068.01,1.04,42.1,18.1,-3.0,0.0
05/27/2026,1630,FTWO,44.5786,-.6107,-1.35%,44.73,44.73,44.46,42.79,0.22,NaN,46.55,45.5,43.42,46.53,-1101.01,-4416.05,11.05,0.0,86.2,0.0,-4.9
05/27/2026,1630,FUTU,110.22,+2.52,+2.34%,111.035,113.68,103.54,35.54,1.49,0.71,135.24,139.56,82.75,129.89,-11201.03,-8050.03,14.03,95.4,100.4,-10.8,-26.5
05/27/2026,1630,FUTY,58.40,-.28,-0.48%,58.55,58.68,58.185,49.02,0.17,0.23,59.24,57.84,56.58,59.27,2204.02,5902.02,2.06,93.2,85.2,-5.5,0.0
05/27/2026,1630,FWONK,90.33,-1.08,-1.18%,91.59,92.725,90.02,52.21,0.3,0.3,81.28,87.56,87.32,94.18,-3101.02,-8766.03,12.03,63.1,88.1,0.0,4.2
05/27/2026,1630,FWRG,11.50,-.04,-0.35%,11.64,12.141,11.455,46.62,0.42,0.75,11.88,11.5,10.37,12.13,1204.01,1214.01,1.1,81.1,26.1,-12.3,0.0
05/27/2026,1630,FXA,70.77,-.24,-0.34%,70.65,70.7799,70.64,48.36,0.09,0.11,68.75,71.49,70.05,71.9,-5109.04,-7053.04,12.04,62.4,77.1,0.0,-2.6
05/27/2026,1630,FXB,129.17,-.18,-0.14%,129.36,129.41,129.07,46.65,0.07,0.08,127.55,130.33,127.5,130.74,-5202.07,-12799.08,12.08,83.3,75.2,0.0,-3.8
05/27/2026,1630,FXC,70.642,-.1071,-0.15%,70.62,70.6705,70.62,32.6,0.03,0.11,71.05,71.3,70.42,71.31,-9114.03,-7062.01,18.06,46.4,7.1,-16.9,-19.0
05/27/2026,1630,FXE,107.31,-.04,-0.04%,107.445,107.53,107.27,44.09,0.05,0.07,106.41,108.25,106.36,108.54,-7110.04,-10683.04,12.04,61.1,22.1,-0.1,-9.5
05/27/2026,1630,FXF,112.09,-.16,-0.14%,112.29,112.43,112.02,45.74,0.06,0.1,112.21,113.07,111.29,113.45,-5110.04,-11160.04,13.04,66.3,24.1,-0.1,-0.1
05/27/2026,1630,FXI,35.32,-.43,-1.20%,35.13,35.46,35.12,37.55,0.22,0.23,35.33,36.93,34.68,37.67,-8108.01,-3512.01,10.01,9.1,72.2,0.0,-4.0
05/27/2026,1630,FXY,57.54,-.09,-0.16%,57.58,57.615,57.53,39.99,0.1,0.11,58.16,58.4,57.12,58.35,-3111.04,-5753.01,15.06,65.1,66.4,-3.2,0.0
05/27/2026,1630,FYBR,38.49,0,0.00%,0,0,0,73.16,0.03,0.09,37.42,38.06,37.98,38.52,4204.01,3849.01,1.05,8.1,17.1,0.0,0.0
05/27/2026,1630,GAP,24.05,+.56,+2.38%,23.84,24.80,23.64,55.45,0.49,0.71,23.13,21.52,19.94,24.83,2205.01,2480.01,1.1,90.4,79.2,0.0,0.0
05/27/2026,1630,GD,342.69,-1.95,-0.57%,344.36,344.90,341.71,52.05,0.32,0.23,348.88,341.81,333.75,347.5,2203.01,-33466.04,16.04,58.1,93.4,-3.5,0.3
05/27/2026,1630,GDAXI:DE,25177.80,0,0.00%,0,0,0,61.0,0.21,NaN,23603.77,23920.7,23868.06,25612.79,7208.01,2539481.01,1.08,0.0,83.1,3.9,0.1
05/27/2026,1630,GDX,85.44,-3.06,-3.46%,85.84,87.35,85.34,42.17,0.52,0.48,98.28,90.44,78.89,97.55,-4108.05,-8367.05,11.05,66.1,71.1,0.0,-0.1
05/27/2026,1630,GDXJ,112.56,-4.10,-3.51%,113.00,114.89,112.52,42.1,0.55,0.55,131.51,119.5,102.65,130.56,-5108.04,-10960.05,11.05,75.1,69.1,0.0,-0.3
05/27/2026,1630,GE,317.21,+2.72,+0.86%,314.30,320.48,311.95,63.05,0.4,0.4,317.61,292.85,280.26,319.91,3205.01,32048.01,1.08,85.2,82.1,1.5,2.9
05/27/2026,1630,GEL,15.20,-.13,-0.85%,15.40,15.42,15.17,27.94,0.28,0.37,17.75,15.74,15.14,16.73,-2102.01,-1517.01,20.01,54.1,42.4,-3.9,0.0
05/27/2026,1630,GII,76.1586,-.5485,-0.72%,76.49,76.49,76.13,48.41,0.17,0.2,75.62,76.0,75.04,77.31,2101.02,7710.02,2.08,81.4,98.4,-3.7,0.0
05/27/2026,1630,GIL,60.73,+.86,+1.44%,60.46,61.485,60.425,57.99,0.53,0.33,62.43,57.57,54.34,61.5,3205.01,6149.01,1.05,60.1,99.4,-2.7,0.0
05/27/2026,1630,GIS,33.65,+.49,+1.48%,33.30,34.145,33.30,42.47,0.24,0.38,43.07,33.37,32.1,35.06,-7201.04,-3264.04,13.04,98.2,69.1,-1.6,-2.3
05/27/2026,1630,GK,29.4167,+.0567,+0.19%,29.57,29.57,29.325,68.81,0.22,0.19,24.66,28.1,27.99,29.61,2202.01,2957.01,1.41,22.1,90.2,0.0,11.1
05/27/2026,1630,GLASF,11.0100,+.235,+2.18%,10.7500,11.0100,10.5000,67.41,0.52,NaN,7.2,9.17,9.07,11.23,9209.01,1101.01,1.1,0.0,16.1,0.0,0.3
05/27/2026,1630,GLBE,29.36,-.32,-1.08%,29.25,29.95,28.90,44.32,0.57,0.43,33.43,29.0,26.71,31.97,1205.04,-2706.09,13.09,3.1,78.2,-2.9,0.0
05/27/2026,1630,GLD,408.49,-5.51,-1.33%,404.335,409.25,404.30,36.48,0.2,0.24,458.93,429.6,400.1,435.15,-6108.01,-40430.01,61.01,57.1,45.1,-2.8,-0.2
05/27/2026,1630,GLIN,45.36,-.105,-0.23%,45.57,45.6201,45.24,54.3,0.24,0.22,41.44,44.8,43.13,46.31,1203.03,-4352.06,14.06,81.2,85.1,0.0,-1.0
05/27/2026,1630,GM,84.12,+4.33,+5.43%,80.65,84.52,80.65,66.28,0.41,0.41,73.35,75.11,72.55,83.48,3205.01,8452.01,1.06,79.1,77.4,0.0,0.0
05/27/2026,1630,GME,21.68,-.23,-1.05%,21.80,21.88,21.49,39.19,0.57,0.57,23.4,23.1,19.94,23.93,-1103.02,-2142.07,17.09,28.3,83.4,-11.0,-0.1
05/27/2026,1630,GO,8.21,+.29,+3.66%,7.92,8.285,7.79,57.73,0.5,0.8,6.2,7.73,7.48,8.4,4206.01,829.01,1.06,81.1,71.1,0.0,0.0
05/27/2026,1630,GOLF,90.42,+.43,+0.48%,90.71,92.18,90.35,49.34,0.45,0.29,93.62,85.09,84.12,92.73,3206.01,9218.01,1.14,30.1,100.4,-10.2,0.0
05/27/2026,1630,GOOG,384.83,-.01,0.00%,382.765,389.725,382.00,60.71,0.41,0.33,295.25,386.23,375.04,398.3,-5108.02,-37914.02,16.02,25.1,99.4,-0.1,1.7
05/27/2026,1630,GOOGL,388.83,-.05,-0.01%,386.665,393.88,385.90,60.97,0.41,0.34,295.18,388.47,378.93,402.0,-5108.02,-38260.02,15.02,31.1,99.4,-0.1,2.3
05/27/2026,1630,GOOS,10.17,+.51,+5.28%,9.82,10.42,9.81,43.64,0.53,0.49,11.16,11.1,8.27,11.37,-8201.05,-930.05,26.06,51.1,56.4,-7.3,-12.3
05/27/2026,1630,GPI,331.70,+2.07,+0.63%,333.04,343.4499,327.52,50.05,0.49,0.43,306.96,342.0,295.72,355.13,1203.01,-30103.05,12.05,81.1,96.4,-0.7,-2.3
05/27/2026,1630,GPN,73.46,+.18,+0.25%,73.41,75.60,73.115,62.88,0.3,0.43,74.5,67.96,66.19,75.15,4205.01,7560.01,1.09,45.1,29.1,0.0,0.0
05/27/2026,1630,GRID,194.20,-2.82,-1.43%,195.135,195.2694,192.87,56.46,0.3,0.25,163.99,192.38,184.52,200.99,1203.02,-18573.05,14.05,86.1,96.2,0.0,0.0
05/27/2026,1630,GRMN,237.97,-.56,-0.23%,238.89,241.8599,237.62,47.02,0.32,0.31,233.64,237.93,224.44,246.62,2205.03,-22454.06,31.16,47.1,70.2,-2.2,0.0
05/27/2026,1630,GRNY,27.20,-.09,-0.33%,27.26,27.26,27.11,60.76,0.16,0.23,24.26,26.58,26.45,27.45,3204.01,2737.02,2.05,55.1,44.1,0.2,3.9
05/27/2026,1630,GS,996.47,+1.95,+0.20%,995.91,1003.65,974.42,65.98,0.3,0.34,801.33,921.98,920.64,1021.57,5205.01,101654.02,2.17,72.1,72.1,12.2,2.0
05/27/2026,1630,GSG,31.92,-.67,-2.06%,31.89,32.18,31.79,40.91,0.3,0.27,25.8,31.86,31.86,35.08,-4105.01,-3179.01,7.01,64.1,84.1,-1.6,0.0
05/27/2026,1630,GTBIF,7.580,+.08,+1.07%,7.370,7.600,7.260,52.58,0.54,NaN,6.1,7.6,6.59,8.09,-5202.06,-700.05,18.06,0.0,20.1,-3.0,-0.5
05/27/2026,1630,GTLB,26.52,-.25,-0.93%,26.33,27.11,26.095,60.34,0.7,0.98,23.1,23.44,22.31,28.58,4207.02,2717.02,5.09,99.4,92.3,4.4,5.1
05/27/2026,1630,GTM,3.25,-.25,-7.14%,3.46,3.52,3.24,19.97,1.45,0.76,5.91,5.99,1.65,4.35,1202.02,-324.01,12.08,88.1,96.4,-17.9,-25.2
05/27/2026,1630,GVAL,35.62,-.17,-0.47%,35.66,35.784,35.5101,55.36,0.19,NaN,32.46,35.32,34.56,35.94,2203.01,3578.01,1.06,0.0,82.1,0.0,1.7
05/27/2026,1630,GVIP,178.5235,+.621614,+0.35%,178.83,178.83,177.50,67.08,0.2,0.15,148.8,172.13,169.02,179.69,3204.01,17883.01,1.06,70.1,70.1,0.0,11.6
05/27/2026,1630,GVZ:CGI,24.47,+.20,+0.82%,26.04,26.04,24.43,38.58,0.52,NaN,33.08,26.26,23.2,27.36,-3105.03,-2367.03,6.03,0.0,5.1,0.0,0.0
05/27/2026,1630,H,183.15,+3.63,+2.02%,181.80,183.71,179.08,67.94,0.4,0.44,148.34,163.2,162.82,183.5,4205.01,18371.01,1.05,85.1,85.1,4.1,3.1
05/27/2026,1630,HACK,91.79,-3.63,-3.80%,92.47,93.25,91.62,64.93,0.27,0.36,71.36,81.55,85.61,98.09,17101.02,9591.02,6.32,93.3,79.1,20.2,12.9
05/27/2026,1630,HAL,39.60,-1.48,-3.60%,40.45,40.45,38.78,44.22,0.32,0.39,33.52,38.83,39.09,43.67,-1103.01,-3878.01,5.01,28.1,37.1,0.0,0.2
05/27/2026,1630,HBB,19.98,+.02,+0.10%,20.44,20.44,19.71,54.07,0.64,0.7,16.1,17.57,17.0,21.19,2205.01,-1732.05,13.09,28.1,77.2,0.0,0.0
05/27/2026,1630,HBDC,24.70,-.05,-0.20%,24.77,24.77,24.70,51.41,0.04,NaN,24.45,24.66,24.6,24.77,1203.01,2477.01,1.02,NaN,NaN,0.0,0.0
05/27/2026,1630,HCA,392.15,-.27,-0.07%,395.48,401.66,391.19,24.25,0.22,0.32,522.49,420.76,373.64,438.9,-6108.02,-38801.02,8.03,71.1,28.3,0.0,-0.1
05/27/2026,1630,HD,317.85,+7.31,+2.35%,314.75,321.00,314.51,50.09,0.29,0.32,353.22,309.71,293.79,324.41,2205.01,32100.01,1.06,87.1,85.2,-1.4,0.0
05/27/2026,1630,HELE,27.25,+.59,+2.21%,26.94,28.47,26.94,70.25,0.58,0.81,16.25,23.62,22.21,27.59,3204.01,2847.01,1.07,55.1,63.3,0.0,1.0
05/27/2026,1630,HII,317.56,-3.39,-1.06%,319.14,319.6625,314.15,32.58,0.46,0.4,411.06,311.0,310.15,337.04,-10102.01,-31415.01,67.01,62.1,88.4,-19.3,0.0
05/27/2026,1630,HIMS,25.20,+1.35,+5.66%,24.47,25.78,24.24,51.24,0.91,0.84,14.31,25.35,20.44,28.13,-7201.05,-2153.06,12.06,29.1,58.1,-4.7,-4.1
05/27/2026,1630,HLN,9.32,+.08,+0.87%,9.30,9.38,9.285,49.63,0.19,0.32,10.08,8.95,8.92,9.46,6207.01,938.01,1.12,78.2,39.1,0.0,0.0
05/27/2026,1630,HLT,336.72,+12.91,+3.99%,328.11,337.64,325.53,64.36,0.29,0.29,291.04,312.54,309.53,333.59,5205.01,33764.01,1.17,65.1,93.3,0.0,2.5
05/27/2026,1630,HOOD,76.23,+2.14,+2.89%,73.915,76.635,73.45,48.54,0.69,0.66,72.25,74.25,72.39,79.89,-10201.01,-7345.01,27.01,25.1,65.1,-6.7,0.7
05/27/2026,1630,HPP,12.42,+.76,+6.52%,11.70,12.42,11.70,70.1,0.81,1.03,6.73,9.72,10.41,12.44,1202.01,1242.01,1.38,67.1,85.1,0.0,11.9
05/27/2026,1630,HQY,86.56,-.69,-0.79%,87.20,89.245,86.01,57.63,0.25,0.43,74.96,81.4,80.57,89.87,5207.01,8925.01,1.06,64.2,7.1,0.7,0.0
05/27/2026,1630,HSI:HK,24838.73,-489.50,-1.93%,25230.58,25230.58,24802.12,34.15,0.16,NaN,25882.95,25877.82,24691.95,26477.13,-8108.01,-2480212.01,9.01,0.0,23.1,0.0,-5.4
05/27/2026,1630,HSY,197.82,+6.70,+3.51%,194.70,200.00,194.28,56.6,0.28,0.29,224.03,182.84,186.1,199.6,6201.01,20000.01,1.16,37.1,66.1,2.7,4.2
05/27/2026,1630,HTZ,5.26,+.03,+0.57%,5.23,5.425,5.135,44.28,0.81,1.13,4.06,5.69,4.35,6.33,-6111.04,-480.04,27.04,76.1,77.3,-2.3,-0.5
05/27/2026,1630,HUBS,200.72,+2.73,+1.38%,199.36,208.66,196.61,44.34,0.97,0.76,252.0,180.5,161.8,230.42,1203.06,-17325.1,14.1,85.1,97.4,-2.0,-0.5
05/27/2026,1630,HUM,306.27,+4.58,+1.52%,304.64,307.695,302.04,75.91,0.53,0.43,176.71,239.65,278.66,344.1,-1104.02,31566.05,10.53,23.1,73.4,8.8,17.2
05/27/2026,1630,HYG,80.13,-.05,-0.06%,80.17,80.21,80.08,53.57,0.05,0.06,79.65,79.86,79.36,80.35,3205.01,8021.01,1.06,30.1,81.1,-0.4,0.0
05/27/2026,1630,HYLS,40.79,-.05,-0.12%,40.83,40.875,40.738,46.57,0.05,NaN,40.07,40.85,40.57,41.07,-7104.02,-4053.02,2.02,0.0,82.1,-0.2,-1.0
05/27/2026,1630,IAK,131.21,-2.15,-1.61%,133.25,134.21,131.19,45.63,0.13,0.16,132.16,129.54,129.46,136.09,5101.04,13487.04,4.11,65.1,25.1,4.4,0.0
05/27/2026,1630,IBB,169.88,+.46,+0.27%,169.47,171.56,169.22,51.18,0.22,0.22,165.31,168.81,163.09,174.19,1204.03,-16208.06,12.06,32.1,78.1,-1.1,0.0
05/27/2026,1630,IBIT,42.45,-.54,-1.26%,42.51,42.70,42.2191,42.35,0.29,0.43,36.91,45.02,41.33,46.58,-7108.01,-4222.01,15.03,3.1,5.1,0.0,0.0
05/27/2026,1630,IDX,10.81,+.06,+0.56%,10.92,10.92,10.7695,19.47,0.26,NaN,14.3,12.7,10.25,11.75,-15113.02,-1067.02,28.04,0.0,81.1,-34.2,-29.6
05/27/2026,1630,IDXX,550.99,-6.22,-1.12%,555.55,560.73,548.53,46.79,0.3,0.32,594.94,524.62,516.49,577.85,1206.03,-52338.1,14.1,52.1,55.1,0.0,0.0
05/27/2026,1630,IEF,94.32,+.04,+0.04%,94.345,94.48,94.2924,47.84,0.06,0.07,96.17,94.64,92.86,94.93,1202.02,-9315.05,27.05,34.1,79.2,-1.7,-3.5
05/27/2026,1630,IFF,77.00,+1.13,+1.49%,76.75,79.33,76.58,55.91,0.69,0.33,72.93,77.77,69.71,80.94,1201.01,7933.01,1.19,52.1,98.4,0.0,3.6
05/27/2026,1630,IGLB,49.86,+.12,+0.24%,49.81,49.9198,49.77,54.9,0.09,0.09,50.12,49.61,48.62,50.16,2204.01,-4864.05,34.05,37.1,72.1,0.0,-1.3
05/27/2026,1630,IGSB,52.43,+.01,+0.02%,52.44,52.46,52.42,50.77,0.03,0.03,52.75,52.39,52.16,52.52,2202.01,-5217.05,28.05,66.3,74.1,-3.8,0.0
05/27/2026,1630,IIGD,24.485,+.015,+0.06%,24.485,24.49,24.485,44.96,0.03,NaN,24.8,24.58,24.29,24.6,1202.01,-2436.05,34.05,0.0,83.2,-3.1,-10.2
05/27/2026,1630,IJT,164.45,-.59,-0.36%,165.24,165.61,164.39,62.24,0.18,0.18,144.93,162.43,156.85,166.07,3204.01,16561.01,1.05,47.1,62.1,0.0,0.0
05/27/2026,1630,ILMN,150.17,+4.945,+3.41%,144.74,151.75,142.945,69.1,0.43,0.43,124.06,134.67,139.87,149.74,3204.01,15175.01,1.19,27.1,58.2,0.0,16.5
05/27/2026,1630,INDA,48.55,0,0.00%,48.69,48.875,48.475,49.4,0.18,0.22,49.05,48.42,46.53,49.66,1203.03,-4713.06,14.06,80.1,82.1,-2.4,-1.8
05/27/2026,1630,INDY,42.62,-.14,-0.33%,42.74,42.95,42.60,45.94,0.17,NaN,44.52,42.52,41.08,43.64,1203.03,-4169.06,33.1,62.1,70.1,-4.4,-1.6
05/27/2026,1630,INFL,52.12,-.85,-1.60%,52.47,52.57,52.00,41.08,0.13,0.25,52.27,52.23,51.96,53.69,-1102.01,-5200.01,10.01,73.1,43.1,0.0,0.0
05/27/2026,1630,INMD,13.81,0,0.00%,13.84,13.93,13.655,45.49,0.3,0.3,13.2,13.25,13.64,14.17,-9104.01,-1366.01,26.01,10.1,35.1,-6.5,0.0
05/27/2026,1630,INTC,121.77,-1.75,-1.42%,124.39,125.27,117.00,67.99,0.92,0.88,42.14,106.58,105.25,130.79,-3205.06,-10240.06,12.06,96.4,87.4,0.0,5.5
05/27/2026,1630,INVH,29.41,+.01,+0.03%,29.49,29.575,29.245,66.53,0.19,0.27,25.72,28.6,28.14,29.74,5207.01,2958.01,1.08,40.1,32.1,0.0,1.9
05/27/2026,1630,IONQ,65.40,+1.78,+2.80%,62.67,66.81,59.71,70.66,1.04,1.09,34.31,45.72,46.21,68.59,4205.01,6681.01,1.06,76.2,70.2,12.3,4.4
05/27/2026,1630,IPO,53.83,+.03,+0.06%,53.80,53.9493,53.52,68.1,0.31,0.32,41.49,49.0,48.06,54.89,4205.01,5395.01,1.11,85.2,66.1,3.8,1.6
05/27/2026,1630,IRM,127.01,-1.39,-1.08%,127.90,128.67,126.84,58.11,0.43,0.37,104.62,125.3,122.09,130.85,1202.02,-12205.06,14.06,61.1,95.4,-0.6,3.4
05/27/2026,1630,IRT,16.49,-.15,-0.90%,16.64,16.74,16.465,54.96,0.14,0.38,16.14,16.31,16.07,16.95,4101.02,1694.02,2.06,67.1,3.1,0.0,0.2
05/27/2026,1630,ITA,230.48,+.99,+0.43%,230.43,231.28,227.76,60.01,0.25,0.27,236.14,219.81,217.82,231.58,3205.01,23128.01,1.22,82.1,85.1,0.4,6.7
05/27/2026,1630,ITB,93.57,+1.48,+1.61%,93.00,95.70,92.67,53.44,0.34,0.38,97.47,91.49,85.12,95.35,2205.01,9570.01,1.06,99.2,89.4,-0.2,0.0
05/27/2026,1630,ITW,250.29,-.12,-0.05%,251.64,253.69,250.28,41.41,0.19,0.25,274.81,251.01,243.71,256.45,1201.02,-24560.04,32.04,74.1,49.1,-5.2,0.0
05/27/2026,1630,IVOL,17.90,+.02,+0.11%,17.89,17.925,17.87,28.25,0.05,0.28,18.74,18.16,17.71,18.18,-13121.02,-1780.02,40.02,76.3,6.1,-16.9,-12.3
05/27/2026,1630,IWC,191.91,+1.11,+0.58%,191.35,193.10,190.12,64.85,0.27,0.26,161.7,182.34,177.08,193.51,3204.01,19310.01,1.05,78.1,75.2,0.5,2.1
05/27/2026,1630,IWF,125.71,+.05,+0.04%,125.50,125.885,125.3034,69.62,0.11,0.21,110.12,120.86,122.61,126.89,8205.02,12614.02,9.41,56.1,10.1,0.0,14.3
05/27/2026,1630,IWM,290.37,-.14,-0.05%,291.16,291.72,289.31,65.45,0.21,0.26,249.94,281.15,273.53,292.65,3204.01,29172.01,1.05,68.1,66.1,1.6,1.4
05/27/2026,1630,IWN,214.82,+.13,+0.06%,214.57,215.70,214.30,65.65,0.18,0.23,189.14,209.59,204.2,216.07,3205.01,21570.01,1.05,84.1,45.1,1.4,0.0
05/27/2026,1630,IWO,379.87,+.18,+0.05%,381.03,381.66,377.475,65.31,0.24,0.25,319.2,365.03,354.39,383.46,3204.01,38166.01,1.05,76.1,72.1,1.3,3.3
05/27/2026,1630,J,115.90,+.05,+0.04%,115.35,116.75,115.23,43.59,0.5,0.35,132.69,115.7,103.48,121.18,1204.03,-10808.09,16.09,75.1,94.4,-8.3,-1.9
05/27/2026,1630,JACK,11.78,+.89,+8.17%,10.94,12.69,10.94,47.69,0.85,0.97,14.2,12.98,9.2,14.02,-4201.06,-1064.06,13.06,92.2,91.3,0.0,-6.9
05/27/2026,1630,JBHT,270.87,+3.24,+1.21%,269.00,273.00,266.96,67.24,0.4,0.4,211.47,240.0,239.93,279.43,5209.01,27300.01,5.09,73.1,84.2,7.7,0.0
05/27/2026,1630,JBLU,5.40,+.12,+2.27%,5.45,5.58,5.3101,60.37,0.62,0.83,4.31,4.93,4.36,5.49,3204.01,558.01,1.05,49.1,61.1,0.0,0.0
05/27/2026,1630,JBSAY,14.44,0,0.00%,0,0,0,49.84,0.41,NaN,NaN,NaN,Infinity,-Infinity,2201.01,1550.01,1.04,0.0,47.1,-0.8,-0.1
05/27/2026,1630,JETS,29.08,+.82,+2.90%,28.795,29.435,28.73,67.06,0.41,0.46,24.95,26.57,24.83,29.12,3205.01,2944.01,1.05,79.1,94.2,0.3,0.9
05/27/2026,1630,JNJ,231.29,+1.11,+0.48%,229.98,232.89,229.0205,52.43,0.18,0.25,235.43,220.37,221.65,237.7,7210.03,23550.03,3.12,81.1,77.3,0.6,1.5
05/27/2026,1630,JNK,96.52,-.04,-0.04%,96.58,96.63,96.47,54.41,0.05,0.07,95.85,96.19,95.55,96.76,3205.01,9663.01,1.05,28.1,75.1,-0.4,0.0
05/27/2026,1630,JOBY,11.48,-.04,-0.35%,11.42,11.65,10.90,65.21,0.91,0.9,9.33,8.87,9.79,11.68,2204.01,1165.01,1.2,70.2,71.4,0.0,6.3
05/27/2026,1630,JOE,63.87,-.28,-0.44%,64.37,65.01,63.19,44.63,0.4,0.32,66.15,63.7,62.47,65.27,1101.01,6501.01,1.17,38.1,88.4,-7.9,0.2
05/27/2026,1630,JOET,44.19,-.05,-0.11%,44.31,44.36,44.17,64.52,0.14,0.14,41.06,43.02,42.5,44.36,3204.01,4436.01,1.05,8.1,54.1,4.2,1.7
05/27/2026,1630,JPM,299.28,-7.46,-2.43%,305.00,305.90,295.75,44.94,0.23,0.28,283.71,298.88,292.3,310.97,-1101.01,30993.02,2.05,54.1,70.1,-3.6,0.0
05/27/2026,1630,JPXN,99.2412,-.5588,-0.56%,99.20,99.37,98.965,58.15,0.19,NaN,90.93,98.25,96.98,100.84,1202.02,10093.1,12.24,0.0,55.1,0.0,11.0
05/27/2026,1630,JYNT,9.30,+.08,+0.87%,9.25,9.55,9.00,64.92,0.33,0.45,8.09,8.57,8.19,9.42,6207.01,955.01,1.07,11.1,48.1,0.0,0.0
05/27/2026,1630,K,83.44,0,0.00%,0,0,0,60.53,0.03,0.1,76.99,83.35,82.98,83.69,1203.03,-8305.04,9.04,25.1,26.1,0.9,-1.1
05/27/2026,1630,KBA,34.10,-.15,-0.44%,34.04,34.1394,34.03,57.65,0.24,0.26,29.53,33.7,32.74,35.07,1202.02,-3301.04,10.04,67.1,90.4,0.0,0.0
05/27/2026,1630,KBWP,117.97,-1.906,-1.59%,119.16,120.8332,117.8003,41.91,0.14,0.1,123.47,116.91,116.29,122.92,5101.04,12144.04,5.1,19.1,27.1,0.0,0.0
05/27/2026,1630,KCE,151.5596,-.9104,-0.60%,152.37,153.00,151.1694,52.69,0.14,0.13,139.95,150.91,149.73,154.16,1101.03,-14975.04,9.04,13.1,4.1,0.0,0.2
05/27/2026,1630,KDP,30.10,+.55,+1.86%,29.75,30.535,29.57,66.3,0.18,0.27,27.72,27.84,28.37,30.05,2203.01,3054.01,1.03,49.1,25.1,0.0,0.4
05/27/2026,1630,KEMX,51.01,+.17,+0.33%,51.58,51.60,50.92,66.11,0.35,0.28,40.43,48.81,46.83,51.4,3204.01,5160.01,1.06,66.1,90.2,0.0,7.8
05/27/2026,1630,KHC,24.38,+.53,+2.22%,24.08,24.695,24.07,67.34,0.22,0.31,23.48,22.68,22.92,24.44,6207.01,2470.01,1.16,54.1,27.1,1.3,6.3
05/27/2026,1630,KLAC,1957.19,-54.20,-2.69%,2046.625,2060.08,1945.01,61.09,0.52,0.62,1332.0,1746.0,1725.28,2010.89,4205.01,206008.01,1.06,98.2,82.2,1.0,3.0
05/27/2026,1630,KMX,42.26,+1.62,+3.99%,41.12,42.84,41.08,61.1,0.46,0.72,39.35,37.82,35.66,42.38,3204.01,4284.01,1.05,87.2,68.1,0.0,0.0
05/27/2026,1630,KNX,74.18,+1.25,+1.71%,72.47,74.5794,72.47,70.42,0.6,0.45,56.28,61.44,61.79,77.06,7209.01,7458.01,5.09,81.1,100.4,17.6,0.0
05/27/2026,1630,KO,81.62,+1.16,+1.44%,81.10,82.51,80.80,63.64,0.12,0.2,76.35,77.84,78.54,83.29,12201.01,8251.01,5.26,43.1,8.1,8.4,3.9
05/27/2026,1630,KR,64.69,+.14,+0.22%,64.78,65.79,64.64,41.07,0.3,0.35,67.17,64.4,63.29,70.08,-3102.01,-6447.02,5.02,85.3,78.2,0.9,-1.6
05/27/2026,1630,KRE,69.58,-.72,-1.02%,70.25,70.64,69.36,54.3,0.2,0.29,63.48,68.36,66.44,71.14,3205.01,7064.01,1.08,28.1,27.1,0.0,0.0
05/27/2026,1630,KSA,38.74,+.06,+0.16%,38.75,38.77,38.56,49.45,0.1,0.21,36.01,38.31,38.19,39.1,-2204.07,-3818.07,39.24,31.1,16.1,-3.8,0.6
05/27/2026,1630,KSS,12.93,-.36,-2.71%,13.40,13.65,12.92,46.46,0.57,0.98,14.72,12.88,10.72,14.31,2204.01,-1138.05,21.07,87.2,37.3,-4.0,0.0
05/27/2026,1630,KVUE,17.69,+.20,+1.14%,17.61,17.9889,17.57,57.19,0.2,0.17,17.93,17.13,16.98,17.81,3205.01,1799.01,1.04,1.1,33.1,0.0,0.0
05/27/2026,1630,KW,11.01,0,0.00%,11.00,11.03,11.00,58.38,0.04,0.15,10.83,10.92,10.96,11.06,-1104.03,1104.07,12.16,0.1,9.1,0.0,8.3
05/27/2026,1630,KWEB,27.04,-.22,-0.81%,26.84,27.155,26.83,37.51,0.36,0.34,29.11,28.87,26.07,29.8,-6109.02,-2641.03,10.03,48.1,92.4,0.0,-1.2
05/27/2026,1630,LAMR,152.07,-2.05,-1.33%,153.97,154.97,151.55,63.21,0.37,0.29,135.1,138.55,144.78,161.25,-1101.08,15766.12,12.47,73.1,96.4,1.9,14.7
05/27/2026,1630,LCID,6.26,+.29,+4.86%,5.97,6.35,5.945,45.93,0.67,0.98,9.46,5.72,5.52,6.45,2202.01,635.01,1.04,41.1,46.1,-4.9,0.0
05/27/2026,1630,LEVI,23.38,+.34,+1.48%,23.25,24.025,23.025,65.5,0.32,0.42,19.43,21.69,20.34,23.57,3204.01,2403.01,1.05,63.1,44.1,0.0,-0.3
05/27/2026,1630,LFMD,4.57,+.33,+7.78%,4.28,4.605,4.25,54.59,0.9,0.92,2.6,4.33,3.75,4.91,-6201.07,-407.04,26.1,55.1,67.1,-6.8,-4.7
05/27/2026,1630,LFST,7.61,+.04,+0.53%,7.57,7.635,7.47,52.64,0.9,0.35,6.81,7.31,7.07,8.57,-2109.03,-724.03,14.03,8.1,88.4,0.0,0.0
05/27/2026,1630,LH,258.25,-.20,-0.08%,260.00,264.14,257.04,49.03,0.17,0.29,267.78,252.65,251.29,260.77,3205.01,26414.01,1.04,74.1,25.1,0.0,1.0
05/27/2026,1630,LI,15.78,-.10,-0.63%,15.29,15.80,15.29,33.14,0.54,0.61,16.62,17.27,14.71,19.31,-7108.01,-1529.01,9.01,85.3,98.4,0.0,-13.2
05/27/2026,1630,LII,503.16,+.60,+0.12%,509.24,519.42,502.185,50.67,0.39,0.42,504.99,513.74,464.74,531.18,1202.01,-47522.04,14.04,84.1,77.1,-2.5,-0.8
05/27/2026,1630,LIN,507.87,-7.10,-1.38%,512.98,515.84,507.69,51.79,0.21,0.25,479.69,492.26,495.98,523.14,7101.02,52123.03,3.16,74.1,88.2,3.4,2.9
05/27/2026,1630,LIT,85.53,-.82,-0.95%,85.36,85.7475,84.88,52.41,0.33,0.38,67.61,89.0,79.27,90.58,-5202.05,-8220.05,14.05,80.2,56.1,-0.1,-2.7
05/27/2026,1630,LLY,1082.92,+18.18,+1.71%,1072.26,1093.00,1069.90,70.67,0.43,0.35,965.6,943.26,967.93,1102.29,12206.01,109300.01,1.2,26.1,75.4,5.1,9.6
05/27/2026,1630,LMND,56.63,-.73,-1.27%,58.23,60.31,56.55,48.26,0.78,0.74,48.9,52.04,52.17,58.95,5205.01,6031.01,1.06,26.1,55.1,0.0,1.1
05/27/2026,1630,LMT,531.14,-1.76,-0.33%,531.98,533.57,524.25,46.0,0.18,0.31,647.1,500.31,511.35,540.09,5217.02,53602.02,2.23,71.1,22.1,0.0,1.1
05/27/2026,1630,LNG,230.97,-3.08,-1.32%,230.74,233.83,228.893,32.15,0.33,0.35,230.99,236.0,224.58,251.18,-6105.01,-22889.01,18.12,76.1,73.1,-12.4,0.0
05/27/2026,1630,LOGI,109.91,-1.45,-1.30%,109.71,110.56,109.18,62.41,0.42,0.41,88.25,97.07,100.45,113.85,9204.02,11175.02,2.32,71.1,93.4,4.0,6.5
05/27/2026,1630,LOTMY,29.49,+.185,+0.63%,29.57,29.7075,29.20,44.95,0.47,NaN,23.67,29.18,27.95,31.68,-3109.03,3304.14,14.2,0.0,NaN,0.0,0.0
05/27/2026,1630,LOW,216.84,+4.76,+2.24%,215.07,220.34,214.6331,38.85,0.31,0.33,248.11,224.5,206.72,230.06,-12125.02,-21105.02,26.02,81.1,89.1,-7.5,-3.1
05/27/2026,1630,LQD,108.93,+.15,+0.14%,108.91,109.07,108.82,53.03,0.06,0.07,109.77,108.68,107.13,109.47,2203.01,-10717.05,34.05,47.1,75.1,0.0,-1.7
05/27/2026,1630,LRCX,318.93,-3.75,-1.16%,331.665,333.33,314.28,66.57,0.56,0.69,198.45,283.14,273.72,325.4,4205.01,33333.01,1.19,85.1,72.1,1.3,7.0
05/27/2026,1630,LUV,43.68,+1.40,+3.31%,43.46,44.44,43.02,64.64,0.41,0.52,40.47,39.92,37.17,43.7,3205.01,4444.01,1.05,74.1,54.1,0.0,2.5
05/27/2026,1630,LUXE,6.86,-.01,-0.15%,6.86,7.01,6.7484,31.49,0.58,0.72,8.89,8.28,5.99,8.04,-10114.05,-673.02,14.05,27.1,79.2,-6.4,-17.6
05/27/2026,1630,LVS,51.06,+1.31,+2.63%,50.33,51.24,50.32,45.03,0.24,0.39,53.37,51.64,47.69,53.2,-11201.03,-4855.03,26.03,55.1,27.1,-6.2,-4.8
05/27/2026,1630,LW,42.77,+.65,+1.54%,42.11,43.33,42.11,50.03,0.37,0.38,44.89,40.3,40.46,44.42,-2201.04,-4056.04,6.04,48.1,71.1,0.0,0.0
05/27/2026,1630,LYB,67.67,-1.34,-1.94%,67.76,68.72,67.00,37.69,0.34,0.49,55.39,70.23,66.82,74.99,-8107.01,-6700.01,16.01,50.1,14.1,-4.6,0.0
05/27/2026,1630,LYFT,13.70,+.12,+0.88%,13.61,13.96,13.57,49.09,0.33,0.58,12.83,13.8,12.69,14.36,1203.02,-1280.05,12.05,35.1,13.1,-1.6,0.0
05/27/2026,1630,LYV,166.56,+.04,+0.02%,166.28,168.9499,165.675,56.7,0.31,0.36,154.63,159.2,161.92,170.19,1201.01,17312.09,9.23,35.1,56.1,0.0,9.6
05/27/2026,1630,M,21.05,-.62,-2.86%,21.85,21.93,20.98,64.11,0.4,0.64,17.7,18.6,17.98,21.97,5206.01,2193.01,1.08,88.2,38.2,0.5,0.0
05/27/2026,1630,MA,495.04,+2.03,+0.41%,493.01,499.35,492.51,46.23,0.27,0.27,506.75,489.73,489.56,506.18,-1102.01,50426.03,3.04,66.1,82.2,-6.9,0.0
05/27/2026,1630,MAC,22.69,+.20,+0.89%,22.61,22.74,22.375,61.4,0.3,0.28,18.64,21.31,21.55,22.87,4206.01,2274.01,1.11,4.1,42.1,4.8,3.3
05/27/2026,1630,MAR,385.86,+12.05,+3.22%,378.57,386.30,378.57,71.52,0.25,0.3,316.12,348.15,346.84,386.5,7209.01,38630.01,1.17,52.1,48.1,0.0,0.1
05/27/2026,1630,MARA,14.33,+.05,+0.35%,14.21,14.48,13.835,68.46,0.69,0.92,7.89,12.2,12.05,14.62,5205.01,1448.01,1.06,36.1,36.1,3.4,6.9
05/27/2026,1630,MCD,280.92,+1.66,+0.59%,280.24,283.55,279.85,41.55,0.18,0.23,321.32,271.98,272.53,287.05,2201.04,-27198.12,27.12,70.1,77.3,-6.1,0.0
05/27/2026,1630,MCHP,96.85,-1.20,-1.22%,99.382,100.25,94.72,60.47,0.45,0.55,64.19,96.57,88.19,102.03,2202.01,10025.01,1.04,79.1,58.3,-1.6,0.0
05/27/2026,1630,MCK,756.47,+2.07,+0.27%,754.37,763.78,750.3453,38.94,0.34,0.28,909.77,723.68,729.5,783.77,1101.07,-72368.12,31.12,53.1,89.2,-13.4,0.0
05/27/2026,1630,MCO,451.56,+.46,+0.10%,452.34,457.49,448.2563,53.02,0.25,0.34,454.4,444.54,428.87,460.59,3205.01,45749.01,1.05,82.1,54.1,-1.8,0.0
05/27/2026,1630,MCW,7.10,0,0.00%,0,0,0,66.52,0.05,NaN,6.96,7.04,7.02,7.12,5205.01,711.01,1.18,56.2,10.1,0.4,6.5
05/27/2026,1630,MDB,294.46,-12.89,-4.19%,301.402,303.8999,292.72,50.22,0.61,0.96,229.6,255.62,281.79,348.51,-1102.01,34921.06,6.32,97.4,65.1,1.6,5.4
05/27/2026,1630,MDLZ,62.25,+1.01,+1.65%,61.44,62.555,61.44,61.68,0.19,0.23,57.35,60.78,60.65,62.3,4201.01,6256.01,1.05,26.1,36.1,-0.5,1.5
05/27/2026,1630,MELI,1696.17,+48.13,+2.92%,1645.00,1709.00,1644.505,50.03,0.61,0.4,1660.2,1536.71,1443.39,1798.44,1205.03,-149500.1,14.1,51.1,100.4,-3.5,0.0
05/27/2026,1630,META,635.255,+22.915,+3.74%,609.395,638.4999,609.00,56.86,0.38,0.39,634.5,598.08,598.87,631.8,1203.01,63850.01,1.04,69.1,62.1,-5.3,1.2
05/27/2026,1630,MGM,41.95,+3.50,+9.10%,40.32,42.71,40.32,69.82,0.41,0.41,33.75,37.22,35.55,40.99,3204.01,4271.01,1.04,41.1,82.1,0.0,0.0
05/27/2026,1630,MGPI,18.28,+.48,+2.70%,17.93,18.47,17.93,44.84,0.45,0.57,18.1,18.56,17.08,19.27,-8201.05,-1751.05,15.1,67.1,82.1,-6.7,-2.5
05/27/2026,1630,MICC,16.33,+.67,+4.28%,16.03,16.50,16.03,60.64,0.7,0.43,14.89,14.57,14.59,17.12,2201.04,1703.08,8.24,NaN,NaN,1.6,0.1
05/27/2026,1630,MKOR,64.8598,-1.5502,-2.33%,66.38,66.38,64.01,61.89,0.62,0.57,43.17,61.29,57.62,67.13,3204.01,6638.01,1.06,100.4,93.2,0.0,7.3
05/27/2026,1630,MLCO,5.53,0,0.00%,5.57,5.60,5.47,50.05,0.39,0.58,5.57,5.25,5.33,5.63,1202.01,560.01,1.02,62.1,54.1,-2.9,2.8
05/27/2026,1630,MLM,574.39,+13.46,+2.40%,567.26,576.36,565.675,47.97,0.31,0.3,600.08,583.63,511.71,596.83,1202.01,-52731.05,14.05,78.1,87.1,-6.0,-12.6
05/27/2026,1630,MNDY,76.42,-.41,-0.53%,74.95,79.00,74.002,54.28,0.75,0.73,68.8,68.86,68.83,82.58,2207.03,8110.03,3.09,58.1,81.4,0.0,5.0
05/27/2026,1630,MNSO,12.47,-.49,-3.78%,12.46,12.63,12.31,23.8,0.34,0.49,16.36,14.31,12.39,14.51,-15108.01,-1231.01,35.01,32.3,52.1,-2.3,-3.0
05/27/2026,1630,MNST,89.24,+1.82,+2.08%,88.00,89.85,87.94,71.07,0.49,0.27,75.3,75.38,82.78,95.32,-1201.03,8985.01,11.16,41.1,96.4,7.2,10.4
05/27/2026,1630,MO,72.11,-.26,-0.36%,72.48,73.08,71.975,55.69,0.33,0.26,65.95,68.03,68.58,76.49,1102.08,7441.06,17.28,79.1,92.4,0.0,4.9
05/27/2026,1630,MOH,177.87,+1.67,+0.95%,177.62,180.83,177.00,49.15,0.38,0.48,142.5,177.65,171.99,194.14,-7109.02,-17271.02,19.02,28.1,37.1,-1.7,0.0
05/27/2026,1630,MOO,80.45,+.28,+0.35%,79.91,80.605,79.745,37.91,0.17,0.23,81.02,81.54,78.74,82.59,-7114.04,-7968.04,15.04,87.2,80.2,-6.1,-14.9
05/27/2026,1630,MOVE:GIF,70.8964,0,0.00%,0,0,0,44.38,0.89,NaN,70.03,67.25,64.79,87.4,-1103.02,8532.06,6.35,0.0,81.1,0.0,0.0
05/27/2026,1630,MP,65.21,-1.78,-2.66%,67.21,67.30,64.08,54.32,0.71,0.76,56.34,64.25,52.29,71.09,2204.02,6946.02,2.05,48.1,37.2,0.0,-2.7
05/27/2026,1630,MPC,247.05,-1.00,-0.40%,242.68,250.8025,241.36,51.01,0.41,0.41,190.32,234.14,240.96,264.09,-1102.01,-24136.01,4.01,79.1,94.2,-0.3,0.4
05/27/2026,1630,MPLX,55.71,-.76,-1.35%,56.41,57.28,55.65,50.1,0.23,0.2,58.01,53.4,53.97,57.1,4207.01,5728.01,1.1,25.1,99.4,0.0,0.0
05/27/2026,1630,MPNGY,19.85,-.27,-1.34%,19.80,19.88,19.71,39.76,0.56,NaN,18.56,20.88,19.46,22.53,-5104.01,-1971.01,10.01,0.0,92.4,0.0,-0.2
05/27/2026,1630,MRNA,47.61,+.58,+1.23%,47.02,49.075,46.87,45.54,0.61,0.77,48.09,46.73,43.53,53.41,-3108.05,5462.11,11.18,54.1,54.2,-2.4,0.0
05/27/2026,1630,MRVL,198.70,-9.56,-4.59%,217.98,218.2599,196.25,67.23,0.67,1.01,75.24,158.55,162.71,212.93,5206.01,21826.01,1.41,100.4,76.2,5.6,2.7
05/27/2026,1630,MSFT,412.67,-3.36,-0.81%,411.01,415.94,409.58,49.59,0.23,0.31,389.88,405.11,405.34,426.48,5102.03,42440.03,3.09,71.1,72.1,0.0,0.1
05/27/2026,1630,MSGS,366.33,-.01,0.00%,367.00,369.9999,363.3806,72.53,0.28,0.34,312.86,320.57,334.15,374.88,7210.01,37000.01,1.1,85.1,81.1,10.0,0.8
05/27/2026,1630,MSM,107.49,-1.30,-1.19%,109.22,109.67,107.21,63.36,0.23,0.32,89.68,103.44,103.69,109.2,2205.01,10967.01,1.05,54.1,21.1,0.3,7.0
05/27/2026,1630,MSTR,154.20,-5.73,-3.58%,156.76,157.55,153.8221,41.3,0.65,0.71,127.8,175.72,143.54,191.34,-6108.03,-15382.01,12.04,23.1,60.1,-0.1,-0.3
05/27/2026,1630,MTCH,36.10,+.15,+0.42%,35.99,36.795,35.985,53.23,0.34,0.35,29.9,35.34,34.47,37.18,1202.01,3680.01,1.1,31.1,74.2,-8.6,0.0
05/27/2026,1630,MTDR,52.48,-1.30,-2.42%,52.53,53.53,51.93,35.33,0.52,0.46,49.62,54.12,51.77,61.93,-3104.01,-5193.01,20.01,45.1,96.3,-5.2,-2.6
05/27/2026,1630,MTUM,313.33,-.72,-0.23%,317.25,317.25,310.235,70.03,0.27,0.32,240.75,292.2,291.59,316.68,3205.01,31725.01,1.4,96.2,93.2,0.0,12.0
05/27/2026,1630,MU,928.41,+32.53,+3.63%,955.66,956.16,888.15,76.45,1.01,1.05,367.45,627.58,677.37,956.84,2202.01,95616.01,1.4,99.4,100.4,1.6,12.5
05/27/2026,1630,MUR,35.65,-.83,-2.28%,35.61,36.09,35.185,37.39,0.47,0.53,31.82,36.15,35.33,41.0,-3105.01,-3519.01,19.01,46.1,52.1,-4.7,-2.6
05/27/2026,1630,MUSA,516.08,-15.08,-2.84%,529.44,534.97,512.39,38.83,0.58,0.42,378.82,564.15,512.29,588.92,-6109.01,-51239.01,15.01,79.1,90.4,-4.1,0.0
05/27/2026,1630,MZTI,114.93,+.66,+0.58%,114.46,115.84,114.17,37.44,0.35,0.29,160.21,112.1,110.75,116.57,1203.01,11584.01,1.16,75.1,84.3,-21.7,0.0
05/27/2026,1630,N225:JP,65039.78,+40.37,+0.06%,64770.76,65165.75,64468.56,68.49,0.29,NaN,53618.2,62137.95,60017.91,66384.76,5206.01,6642881.02,2.07,0.0,83.1,8.3,6.6
05/27/2026,1630,NBIS,208.37,+.31,+0.15%,207.785,209.64,198.31,60.46,1.14,1.1,83.53,175.11,176.18,234.88,10204.04,22879.08,8.19,84.3,84.2,0.0,9.0
05/27/2026,1630,NBIX,155.83,+.10,+0.06%,156.74,157.6247,154.48,66.84,0.37,0.34,126.95,141.96,149.73,164.1,-1106.05,16239.09,10.2,40.1,76.4,0.0,17.0
05/27/2026,1630,NCLH,18.15,+1.05,+6.14%,17.80,18.4099,17.80,56.01,0.64,0.6,19.61,16.4,14.55,18.21,3205.01,1841.01,1.06,69.1,76.1,-2.6,0.0
05/27/2026,1630,NEE,87.65,0,0.00%,87.53,88.09,86.9288,37.12,0.3,0.27,89.9,92.58,84.31,96.07,-8108.03,-8693.01,18.05,25.1,82.4,-4.7,-5.3
05/27/2026,1630,NEM,107.23,-4.12,-3.70%,108.00,109.8999,107.0701,44.33,0.48,0.47,113.12,113.32,100.33,120.65,-5101.04,-10462.04,12.04,54.1,63.1,0.0,-2.1
05/27/2026,1630,NET,209.22,-8.32,-3.82%,212.23,215.35,208.00,50.19,1.12,0.66,166.68,192.27,165.17,238.16,1204.03,-18575.1,14.1,64.1,99.4,0.0,-1.3
05/27/2026,1630,NFLX,87.35,-.33,-0.38%,87.046,88.495,86.82,40.56,0.25,0.38,90.58,85.1,85.57,89.94,3102.03,8997.03,3.12,58.1,44.1,-11.8,1.7
05/27/2026,1630,NIKL,15.18,-.36,-2.32%,15.28,15.31,15.0937,38.14,0.44,NaN,16.91,17.03,13.64,17.36,-6110.04,-1473.05,11.05,0.0,71.1,-1.6,-15.9
05/27/2026,1630,NKE,45.98,+1.04,+2.31%,45.7126,46.59,45.67,59.12,0.28,0.46,56.76,42.39,41.34,46.36,4205.01,4659.01,1.07,68.2,31.1,0.0,0.0
05/27/2026,1630,NLR,132.52,-2.09,-1.55%,133.41,133.70,131.38,45.45,0.47,0.36,135.3,140.42,118.05,143.81,1202.02,-12358.06,14.06,41.1,76.2,-2.7,-7.8
05/27/2026,1630,NNN,44.84,-.22,-0.49%,45.00,45.3443,44.77,56.1,0.12,0.16,44.38,44.07,43.71,45.59,6207.01,4534.01,1.08,5.1,7.1,0.9,3.0
05/27/2026,1630,NOAH,10.10,+.08,+0.80%,10.02,10.275,9.98,41.68,0.3,0.71,11.2,10.6,9.71,10.86,-8112.02,-997.02,13.03,87.4,43.1,-0.7,-0.9
05/27/2026,1630,NORW,38.29,-.66,-1.69%,38.40,38.42,37.351,48.39,0.15,NaN,34.58,37.62,37.81,39.66,-1101.01,-3735.01,4.01,0.0,48.1,3.9,0.0
05/27/2026,1630,NOW,102.12,+2.20,+2.20%,99.21,105.40,98.55,57.03,0.52,0.64,104.0,88.21,87.44,110.32,5209.03,10540.01,5.09,94.2,80.1,1.6,2.3
05/27/2026,1630,NSA,43.00,+.28,+0.66%,42.88,43.43,42.84,57.19,0.26,0.48,33.53,41.84,40.93,44.04,1205.01,-4074.06,12.06,77.2,46.1,0.0,0.0
05/27/2026,1630,NSC,325.68,+5.46,+1.71%,320.00,326.00,320.00,64.87,0.19,0.28,300.26,310.77,308.99,325.33,2202.01,32600.01,1.03,94.1,65.1,0.0,0.2
05/27/2026,1630,NSP,32.95,+1.27,+4.01%,32.03,33.40,31.37,57.42,1.07,0.78,20.42,27.68,29.38,34.81,1203.06,-2768.15,20.15,85.1,89.4,-5.4,0.8
05/27/2026,1630,NSSC,36.16,-.93,-2.51%,37.18,37.32,36.06,33.64,0.68,0.45,40.94,39.96,33.22,40.37,-1103.03,-3522.06,18.15,37.1,99.4,-11.1,0.0
05/27/2026,1630,NTLA,13.44,+.83,+6.58%,12.60,13.75,12.5101,50.85,0.75,0.89,12.55,13.11,11.38,14.57,-5201.04,-1182.04,12.04,40.1,36.3,-1.1,0.0
05/27/2026,1630,NTR,68.73,-1.21,-1.73%,68.81,69.66,67.80,38.55,0.4,0.34,72.25,68.14,67.39,73.32,-4115.01,-6780.01,16.01,56.1,83.3,-5.8,-0.2
05/27/2026,1630,NUE,246.47,+6.18,+2.57%,241.00,247.395,239.432,74.91,0.29,0.38,166.67,225.3,220.42,244.66,2203.01,24740.01,1.05,54.1,56.2,0.0,0.0
05/27/2026,1630,NVDA,212.60,-2.26,-1.05%,214.12,214.15,208.78,51.04,0.41,0.43,174.64,198.61,207.29,234.56,-3104.01,-20878.01,9.01,47.1,84.3,0.0,8.6
05/27/2026,1630,NVO,44.55,+.36,+0.81%,44.18,45.23,44.175,55.45,0.31,0.42,35.85,45.19,43.08,46.9,-2108.04,-4374.04,12.04,1.1,17.1,0.0,5.0
05/27/2026,1630,NXPI,329.24,-3.43,-1.03%,337.08,339.95,326.60,71.11,0.91,0.56,201.11,288.48,282.5,334.78,5205.01,33995.01,1.06,100.2,98.4,0.0,0.1
05/27/2026,1630,NYT,74.80,-.19,-0.25%,74.66,75.81,74.1212,40.93,0.39,0.35,77.85,76.36,70.15,78.82,-9201.04,-7297.04,14.04,81.1,87.4,-2.7,-8.3
05/27/2026,1630,O,62.19,-.26,-0.42%,62.43,62.93,62.125,46.98,0.18,0.2,64.24,61.52,60.73,63.24,1205.01,6293.01,1.1,57.1,80.4,-8.7,0.0
05/27/2026,1630,OC,122.25,+2.20,+1.83%,121.85,124.875,121.32,56.53,0.46,0.42,105.46,119.13,108.22,125.08,2204.01,12488.01,1.04,62.1,91.2,-0.3,-1.5
05/27/2026,1630,OIH,425.53,-17.66,-3.98%,434.115,435.15,423.01,44.45,0.27,0.38,370.92,412.02,419.0,462.43,-1101.01,-42301.01,5.01,77.1,27.1,0.0,1.2
05/27/2026,1630,OKE,88.21,-2.23,-2.47%,89.28,89.925,88.05,46.2,0.37,0.33,82.07,83.66,85.22,97.44,-1102.01,9607.05,5.13,63.1,99.4,3.8,2.0
05/27/2026,1630,OKLO,67.82,-.88,-1.28%,69.34,69.52,65.37,51.83,1.11,0.99,58.19,69.22,52.45,78.28,1203.02,-5664.05,14.05,25.1,58.4,-0.6,-2.7
05/27/2026,1630,OKTA,89.50,-4.31,-4.59%,90.23,91.36,89.20,61.87,0.46,0.79,70.16,75.5,78.75,96.94,10209.02,9639.02,2.31,96.4,67.1,16.6,5.2
05/27/2026,1630,OLLI,78.61,-2.01,-2.49%,80.19,81.13,78.50,39.93,0.49,0.63,98.19,74.92,73.72,85.39,1101.04,-7332.1,51.1,100.4,97.4,-2.8,0.0
05/27/2026,1630,OMF,54.28,+.49,+0.91%,54.31,55.39,54.175,46.89,0.31,0.33,52.2,52.81,51.52,55.89,1202.01,5539.01,1.1,35.1,67.1,-9.8,0.0
05/27/2026,1630,ON,124.89,-2.11,-1.66%,128.935,129.00,120.035,70.63,0.69,0.75,56.62,99.73,101.27,129.81,5205.01,12900.01,1.4,100.3,90.4,7.3,6.6
05/27/2026,1630,ONEW,11.15,+.45,+4.21%,10.86,11.41,10.74,55.49,0.63,0.8,9.79,11.06,9.62,11.95,1201.02,-974.04,12.04,56.1,65.1,0.0,1.0
05/27/2026,1630,ONON,39.62,-.70,-1.74%,41.12,41.28,39.59,62.95,0.37,0.47,40.1,33.57,34.78,41.62,8210.01,4128.01,1.1,39.1,46.1,10.1,0.2
05/27/2026,1630,ONTO,266.89,-7.28,-2.66%,284.69,284.69,261.86,48.84,0.55,0.75,176.62,273.46,241.93,290.19,1202.01,28469.01,1.06,90.2,49.1,-6.5,-4.2
05/27/2026,1630,ORCL,190.96,-2.10,-1.09%,191.48,192.14,187.9161,57.87,0.45,0.71,141.18,182.67,181.78,197.08,1204.03,20071.09,13.33,84.3,31.1,0.0,12.0
05/27/2026,1630,ORLY,89.02,-.85,-0.95%,89.87,90.09,88.25,40.04,0.39,0.31,90.22,90.31,87.13,94.44,-2102.01,-8680.02,17.02,78.1,100.4,-5.1,0.0
05/27/2026,1630,OSCR,21.99,+.10,+0.46%,22.00,22.55,21.78,58.3,0.68,0.75,12.97,18.11,20.72,25.92,-1104.03,2558.07,7.41,21.1,53.2,0.0,5.3
05/27/2026,1630,OSK,129.49,+.07,+0.05%,129.85,130.82,128.7239,41.81,0.59,0.48,152.29,131.44,106.23,139.41,1204.02,-11677.06,14.08,87.1,98.4,-11.6,-2.7
05/27/2026,1630,OTLY,10.05,+.08,+0.80%,9.97,10.33,9.92,38.27,0.44,0.6,10.8,10.11,9.5,10.56,-6201.17,-974.06,28.18,18.1,13.1,-10.6,0.0
05/27/2026,1630,OUT,32.61,-.75,-2.25%,33.18,33.30,32.60,57.04,0.37,0.35,28.01,31.29,31.26,34.18,2101.02,3398.12,12.4,65.1,80.4,3.3,7.5
05/27/2026,1630,OVX:CGI,59.97,-5.09,-7.82%,62.99,63.00,59.78,33.5,0.83,NaN,62.85,68.86,61.97,78.6,-2102.01,-5978.01,3.01,0.0,35.1,-0.2,0.0
05/27/2026,1630,OXLC,9.89,+.06,+0.61%,9.77,10.005,9.725,48.88,0.25,NaN,8.2,9.96,9.5,10.29,-7108.02,-955.02,17.02,0.0,38.1,-1.3,-4.4
05/27/2026,1630,OXM,46.45,+1.35,+2.99%,45.99,48.34,45.985,63.01,0.67,0.76,36.94,42.39,35.82,47.44,2203.01,4834.01,1.04,90.1,74.4,0.0,-2.8
05/27/2026,1630,OXY,56.89,-.57,-0.99%,56.60,57.91,55.70,46.65,0.45,0.4,51.87,52.99,53.52,62.41,-1102.01,6124.05,5.13,67.1,94.3,0.0,0.0
05/27/2026,1630,PAG,169.01,+2.42,+1.45%,168.26,171.975,167.185,57.92,0.37,0.31,150.77,168.56,154.01,175.23,1203.01,-15501.04,18.04,67.1,92.4,0.0,-1.9
05/27/2026,1630,PALL,25.19,+.05,+0.20%,25.00,25.28,25.00,41.3,0.39,0.38,29.0,26.68,23.26,27.59,-8110.03,-2435.03,34.04,30.1,40.1,-2.7,-10.9
05/27/2026,1630,PAM,83.61,+2.53,+3.12%,80.57,84.84,79.395,54.23,0.46,0.46,69.34,78.01,78.55,84.07,-3201.01,8484.01,1.02,44.1,60.4,0.1,0.0
05/27/2026,1630,PATH,11.16,+.07,+0.63%,11.09,11.46,10.98,57.57,0.5,0.96,10.17,10.22,9.65,11.61,5207.01,1146.01,1.08,91.4,35.1,2.5,0.0
05/27/2026,1630,PBD,22.22,-.19,-0.85%,22.19,22.2999,22.00,64.0,0.31,0.38,17.13,21.36,20.44,22.63,3204.01,2245.02,2.05,44.1,96.2,0.4,0.7
05/27/2026,1630,PBH,48.27,+.25,+0.52%,48.23,49.205,47.765,35.7,0.53,0.48,66.0,49.28,42.45,52.28,1203.02,-4557.06,20.08,95.4,98.4,-9.0,-2.4
05/27/2026,1630,PBJ,48.6184,+.6384,+1.33%,48.615,48.805,48.6083,47.5,0.14,NaN,48.11,48.24,47.72,49.07,1201.01,-4796.07,18.1,21.2,90.1,-6.0,0.0
05/27/2026,1630,PBR,18.96,-.44,-2.27%,18.90,19.16,18.79,37.09,0.35,0.39,16.46,19.92,18.78,20.92,-9106.01,-1879.01,17.01,69.1,77.1,-6.0,0.0
05/27/2026,1630,PCAR,112.26,+.25,+0.22%,112.61,113.82,112.03,44.05,0.25,0.29,119.94,112.24,107.36,115.08,1202.01,-10778.04,21.04,33.1,44.3,-5.2,-0.1
05/27/2026,1630,PD,7.19,0,0.00%,7.11,7.355,7.10,55.68,0.59,1.08,6.74,6.82,6.6,7.51,3205.01,736.01,2.05,93.4,67.3,-1.3,3.7
05/27/2026,1630,PDD,86.61,-10.03,-10.38%,88.69,88.69,83.61,32.66,0.55,0.39,99.04,97.09,87.44,101.26,-8103.01,-8361.01,14.01,38.1,92.4,-1.1,-1.3
05/27/2026,1630,PEB,15.49,+.37,+2.45%,15.50,15.66,15.33,69.67,0.3,0.5,12.42,14.32,13.97,15.49,5205.01,1566.01,1.08,47.1,30.1,5.0,3.2
05/27/2026,1630,PECO,40.85,+.06,+0.15%,40.67,40.94,40.47,62.61,0.15,0.39,38.38,39.55,39.25,41.04,3205.01,4094.01,1.04,69.4,48.3,0.0,1.1
05/27/2026,1630,PENN,19.09,+2.03,+11.90%,17.18,19.11,17.18,73.03,0.51,0.52,14.01,15.87,15.33,18.5,4204.01,1911.01,1.1,23.1,68.1,0.0,0.1
05/27/2026,1630,PEP,147.74,+2.06,+1.41%,146.27,148.9138,145.70,40.8,0.23,0.26,156.09,149.06,143.17,155.0,-8102.02,-14550.02,13.09,58.1,76.2,-1.9,-1.6
05/27/2026,1630,PFE,26.21,+.36,+1.39%,25.85,26.535,25.85,50.11,0.18,0.25,26.2,25.6,25.15,26.45,1205.01,2654.01,1.06,18.1,10.1,-3.5,0.0
05/27/2026,1630,PFF,31.39,+.05,+0.16%,31.34,31.39,31.28,53.23,0.08,0.14,31.03,31.52,30.83,31.76,-5202.04,-3098.04,12.04,93.4,75.2,0.0,-6.9
05/27/2026,1630,PFG,104.57,-.14,-0.13%,104.99,105.00,103.92,69.28,0.16,0.27,89.62,99.6,99.61,105.86,4205.01,10500.01,1.05,37.1,8.1,0.0,0.0
05/27/2026,1630,PFIG,23.93,+.0399,+0.17%,23.87,23.93,23.87,47.76,0.04,NaN,24.22,24.01,23.67,24.08,-7202.04,-2374.05,12.05,0.0,90.2,-0.6,-7.0
05/27/2026,1630,PFIX,47.87,-1.45,-2.94%,48.61,49.00,47.59,48.1,0.29,0.38,41.45,46.86,46.65,52.49,-1103.01,5196.05,5.39,53.2,42.1,3.1,0.0
05/27/2026,1630,PG,147.49,+4.53,+3.17%,143.46,148.5399,143.46,57.01,0.22,0.24,151.89,141.97,139.72,147.75,3201.01,14854.01,1.04,80.1,90.1,-0.9,0.0
05/27/2026,1630,PGNY,25.48,+.43,+1.72%,24.59,25.79,24.55,73.07,0.83,0.5,16.76,18.6,22.59,28.93,14102.11,2590.04,11.37,39.1,82.4,11.6,18.9
05/27/2026,1630,PGRO,48.1589,+.0089,+0.02%,48.24,48.24,48.0163,67.55,0.13,NaN,41.65,46.88,47.01,48.64,1205.03,4840.09,9.41,0.0,33.1,0.0,15.7
05/27/2026,1630,PINK,37.55,+.25,+0.67%,37.45,37.71,37.40,70.29,0.14,0.22,34.06,35.01,35.77,37.99,8205.01,3771.01,1.2,37.1,13.1,3.7,12.7
05/27/2026,1630,PINS,20.03,+.70,+3.62%,19.41,20.215,19.23,52.69,0.52,0.53,16.6,20.47,17.69,21.32,-6202.04,-1802.04,14.04,45.1,79.1,-1.3,-8.4
05/27/2026,1630,PJP,109.8396,+1.4039,+1.29%,110.005,110.17,109.581,62.54,0.17,0.11,103.56,105.28,104.77,110.54,3205.01,11017.01,1.52,6.1,61.1,6.4,7.6
05/27/2026,1630,PK,12.13,+.13,+1.08%,12.22,12.43,12.115,68.55,0.31,0.39,10.68,11.0,10.69,12.18,5205.01,1243.01,1.08,36.1,35.1,0.5,0.0
05/27/2026,1630,PKB,105.5253,+1.9953,+1.93%,104.53,106.43,104.53,54.45,0.29,0.28,99.02,105.32,96.75,107.7,2202.01,10643.01,1.06,92.2,94.2,-6.7,-8.2
05/27/2026,1630,PLAY,13.15,+.78,+6.31%,12.66,13.68,12.66,65.2,0.57,1.02,13.22,10.04,9.6,13.17,6207.01,1368.01,1.19,92.3,21.1,0.0,0.3
05/27/2026,1630,PLD,146.52,-.42,-0.29%,147.03,147.4715,146.03,62.77,0.19,0.26,132.9,141.45,140.93,147.78,5205.01,14747.01,1.16,24.1,31.1,3.6,4.3
05/27/2026,1630,PLNT,51.99,-.58,-1.10%,52.47,53.36,51.69,37.72,1.42,0.6,77.01,37.03,36.68,55.18,3209.01,5336.01,1.13,98.3,99.4,-12.4,0.0
05/27/2026,1630,PLTR,132.51,-4.09,-2.99%,133.30,135.73,131.63,41.36,0.4,0.51,133.98,131.15,130.27,138.64,-1101.01,13868.02,2.09,3.1,17.1,-7.5,0.0
05/27/2026,1630,PM,182.04,+.51,+0.28%,182.50,183.225,180.28,55.39,0.32,0.31,166.9,168.61,173.0,201.21,-1102.01,19305.06,9.26,65.1,76.1,0.2,7.1
05/27/2026,1630,PNC,220.80,-.01,0.00%,221.63,223.04,219.71,56.39,0.19,0.28,202.83,213.77,209.59,223.92,3205.01,22304.01,1.1,61.1,35.1,0.0,0.0
05/27/2026,1630,PNDRY,11.4600,+.31,+2.78%,11.5100,11.5200,11.4100,71.7,0.57,NaN,9.28,10.15,9.85,11.53,3205.01,1152.01,1.19,0.0,79.2,6.0,8.9
05/27/2026,1630,POET,13.28,-.07,-0.52%,13.005,13.55,12.71,53.65,2.35,1.39,5.85,8.85,10.21,20.5,-1107.06,2027.08,8.41,88.4,92.4,0.0,12.9
05/27/2026,1630,POOL,184.41,+2.06,+1.13%,184.40,190.00,183.54,40.32,0.41,0.43,211.19,184.5,172.23,190.5,2205.01,19000.01,1.15,90.1,86.2,-10.3,0.0
05/27/2026,1630,PPLT,17.43,-.31,-1.75%,17.34,17.455,17.28,42.69,0.44,0.36,18.27,18.22,16.59,19.32,-5108.03,-1728.01,10.05,32.1,54.1,0.0,0.0
05/27/2026,1630,PR,19.33,-.30,-1.53%,19.385,19.665,19.1304,37.99,0.41,0.39,18.1,19.61,19.13,21.4,-1104.01,-1913.01,16.01,32.1,92.4,-8.2,-1.1
05/27/2026,1630,PRAA,15.05,+.01,+0.07%,15.04,15.31,14.56,30.35,0.68,0.62,14.5,16.69,10.6,17.54,1203.02,-1408.04,28.09,49.1,74.2,-22.6,-8.4
05/27/2026,1630,PRGO,11.16,+.36,+3.33%,10.97,11.38,10.95,49.59,0.51,0.63,10.65,11.05,10.09,11.92,1201.03,-1052.08,14.08,76.1,76.1,-1.9,0.0
05/27/2026,1630,PRMB,24.52,+.55,+2.29%,24.19,24.76,24.035,69.96,0.54,0.43,21.63,19.51,22.1,26.09,5204.09,2476.01,11.19,33.1,79.3,1.4,8.9
05/27/2026,1630,PRVA,21.74,-.46,-2.07%,22.20,22.51,21.68,36.27,0.28,0.46,22.49,21.4,21.57,24.0,-8106.01,-2168.01,17.01,50.1,35.1,-6.2,-0.6
05/27/2026,1630,PSA,306.79,+2.32,+0.76%,305.93,309.89,304.575,55.76,0.26,0.26,301.3,301.96,291.95,314.49,1205.02,-28921.06,13.06,62.1,72.2,0.0,0.0
05/27/2026,1630,PSCE,59.90,-1.9697,-3.18%,60.66,60.74,59.77,41.87,0.27,0.31,54.31,58.57,59.65,64.56,-1102.01,-5977.01,5.01,42.1,50.1,-0.1,0.4
05/27/2026,1630,PSCI,171.6791,+.3236,+0.19%,172.25,172.36,171.57,57.07,0.25,0.21,157.59,171.94,160.59,174.71,2203.01,-16180.06,14.06,63.1,88.2,-0.8,-4.0
05/27/2026,1630,PSCU,66.116,+.8265,+1.27%,65.80,66.116,65.80,62.23,0.18,NaN,58.32,63.78,62.36,66.2,2204.01,6612.01,1.1,0.0,82.2,-4.5,0.0
05/27/2026,1630,PSP,61.03,-.17,-0.28%,61.14,61.4947,60.8101,53.77,0.21,0.18,57.4,61.2,58.64,62.31,1204.02,-5846.05,28.05,53.1,71.1,-1.3,0.0
05/27/2026,1630,PSX,174.63,+.75,+0.43%,171.35,176.55,170.02,51.63,0.39,0.38,149.71,165.44,168.75,183.42,-1102.01,-17002.01,4.01,82.1,91.3,-0.5,0.0
05/27/2026,1630,PTLO,4.13,+.15,+3.77%,4.00,4.20,3.99,36.68,0.88,0.63,4.92,4.11,3.7,4.36,2205.03,-381.04,24.13,37.1,88.4,-36.7,0.0
05/27/2026,1630,PVH,96.20,+1.78,+1.89%,97.22,97.78,95.02,66.67,0.52,0.61,63.61,82.07,76.54,97.32,3205.01,9778.01,1.1,92.4,82.4,0.0,0.0
05/27/2026,1630,PYPL,43.76,-.40,-0.91%,44.568,44.73,43.63,33.82,0.32,0.37,44.64,45.03,42.85,45.89,-1102.02,-4293.05,26.13,35.1,46.1,-23.7,0.0
05/27/2026,1630,PZZA,33.24,+.54,+1.65%,32.63,33.91,32.63,46.98,0.56,0.64,30.16,30.59,31.37,34.69,-1201.04,3610.08,8.12,81.3,74.1,-8.3,0.0
05/27/2026,1630,QAT,19.07,-.03,-0.16%,19.14,19.14,19.03,55.88,0.16,NaN,18.5,19.05,18.22,19.29,2202.01,1914.01,1.06,0.0,79.1,0.0,-4.6
05/27/2026,1630,QBTS,27.48,-.34,-1.22%,27.26,28.05,25.695,63.98,1.43,1.14,17.26,21.42,17.77,30.29,4204.01,2948.02,2.05,72.2,90.4,5.6,0.0
05/27/2026,1630,QCOM,233.40,-15.42,-6.20%,245.43,248.265,224.18,65.62,1.05,0.85,133.42,187.64,186.03,254.97,3203.01,24827.01,1.36,100.4,100.4,4.7,6.6
05/27/2026,1630,QMOM,79.28,-.52,-0.65%,80.17,80.17,78.92,58.2,0.32,0.23,67.68,77.42,74.78,81.31,2202.01,-7380.06,12.06,75.2,91.2,0.0,1.8
05/27/2026,1630,QQQ,729.45,-.83,-0.11%,732.96,733.32,725.44,74.61,0.16,0.24,591.87,686.48,696.85,736.65,3205.01,73332.01,1.41,65.1,51.1,0.0,15.8
05/27/2026,1630,QS,9.11,+.40,+4.59%,8.71,9.29,8.46,65.48,0.81,0.99,6.45,7.15,7.21,9.33,3204.01,929.01,1.05,60.2,46.4,2.7,0.3
05/27/2026,1630,QSR,74.72,-.70,-0.93%,75.37,75.99,74.61,39.45,0.29,0.25,69.96,75.71,73.19,79.01,-7112.07,-7448.03,15.07,48.1,87.3,-4.9,-3.9
05/27/2026,1630,QTUM,156.51,-2.11,-1.33%,159.55,159.85,154.715,71.39,0.34,0.38,109.06,140.1,139.81,159.76,4205.01,15985.01,1.4,99.2,88.2,11.1,13.3
05/27/2026,1630,QUBT,11.42,-.26,-2.23%,11.55,11.82,11.12,58.08,1.24,1.06,7.41,9.22,9.01,12.82,2204.02,1253.02,2.05,53.3,78.4,6.5,2.0
05/27/2026,1630,R,249.39,+.68,+0.27%,251.41,252.45,247.72,63.9,0.39,0.39,198.38,231.49,223.42,252.55,3205.01,25245.01,1.1,71.1,74.3,0.0,0.0
05/27/2026,1630,RBLX,45.63,-.37,-0.80%,45.88,46.95,45.61,43.76,0.98,0.7,62.82,40.95,41.32,49.12,4208.02,4853.02,2.16,60.1,98.4,-8.7,0.0
05/27/2026,1630,RCL,275.17,+7.46,+2.79%,274.41,281.46,272.50,55.41,0.5,0.55,265.2,261.6,239.97,282.95,1202.01,28146.01,1.04,83.1,77.1,-0.3,-1.1
05/27/2026,1630,RDNT,53.84,-.28,-0.52%,54.26,55.39,53.17,41.27,0.35,0.53,60.51,55.71,50.35,57.79,-8112.05,-5192.05,12.07,59.1,40.1,-0.8,-1.8
05/27/2026,1630,REAL,9.62,+.12,+1.26%,9.50,9.91,9.50,43.59,0.89,0.91,10.77,9.26,7.03,10.98,1202.02,-869.05,14.1,55.1,79.4,-9.4,-7.4
05/27/2026,1630,REG,78.95,-.04,-0.05%,79.32,79.55,78.85,56.22,0.14,0.23,77.67,76.98,76.12,79.66,3205.01,7955.01,1.08,43.1,31.1,0.0,0.0
05/27/2026,1630,REGN,627.74,-6.88,-1.08%,634.80,638.06,625.00,29.55,0.49,0.31,746.66,701.99,580.64,718.52,-3108.05,-62500.01,39.05,2.1,88.4,-6.7,-15.9
05/27/2026,1630,REXR,36.36,-.23,-0.63%,36.70,36.71,36.14,56.54,0.19,0.33,35.57,35.78,34.76,36.87,3205.01,3671.01,1.06,29.1,20.1,0.0,0.0
05/27/2026,1630,REZ,91.78,-.41,-0.44%,92.04,92.635,91.78,59.14,0.13,0.2,87.55,89.78,89.93,92.83,3206.01,9264.01,1.07,86.1,43.1,1.4,5.9
05/27/2026,1630,RGTI,24.62,-.445,-1.78%,24.625,25.8523,23.6201,64.93,1.44,1.14,15.94,17.75,15.41,27.18,4204.01,2585.01,1.05,70.2,92.4,5.8,0.0
05/27/2026,1630,RH,143.58,+5.12,+3.70%,141.85,146.24,140.57,61.37,0.56,1.02,141.72,127.4,120.11,145.7,4205.01,14624.01,1.05,100.2,40.1,0.0,0.0
05/27/2026,1630,RHP,115.03,+.48,+0.42%,115.35,116.67,114.75,71.88,0.23,0.34,94.0,108.21,105.03,116.33,5207.01,11667.01,1.38,72.1,47.1,2.5,5.8
05/27/2026,1630,RIOT,26.94,+.86,+3.30%,26.49,27.39,25.67,73.09,0.78,0.91,13.94,22.33,22.43,26.85,2202.01,2739.01,1.19,41.1,44.1,0.0,18.4
05/27/2026,1630,RIVN,14.70,+.31,+2.15%,14.45,14.86,14.45,50.38,0.53,0.64,14.55,13.84,13.1,14.95,3205.01,1486.01,1.16,21.1,62.1,-6.1,0.0
05/27/2026,1630,ROBO,88.66,-1.33,-1.48%,89.86,89.86,87.8701,64.74,0.3,0.29,71.87,83.49,82.46,90.31,3204.01,8986.01,1.05,88.3,91.2,0.9,9.2
05/27/2026,1630,ROK,456.08,-.22,-0.05%,458.50,458.97,455.17,62.67,0.44,0.35,366.08,445.27,425.97,467.58,1203.02,46211.12,12.2,55.1,98.4,0.0,11.2
05/27/2026,1630,ROKU,131.91,+4.30,+3.37%,128.19,132.80,127.65,68.8,0.35,0.49,92.52,123.75,121.01,131.8,3203.01,13280.01,1.05,17.1,23.1,0.0,9.4
05/27/2026,1630,ROST,233.47,-1.21,-0.52%,236.00,237.41,231.78,63.65,0.39,0.29,194.07,211.02,205.68,238.96,3205.01,23741.01,1.09,53.3,92.4,0.8,0.0
05/27/2026,1630,RRC,39.21,-.84,-2.10%,39.43,39.91,38.96,34.57,0.27,0.37,39.62,39.91,39.2,43.1,-3104.01,-3896.01,5.01,43.1,21.1,-2.6,-2.9
05/27/2026,1630,RRR,57.51,+.29,+0.51%,58.00,58.71,57.17,63.24,0.36,0.39,57.26,52.09,50.17,57.93,3205.01,5871.01,1.04,50.1,61.2,0.0,0.0
05/27/2026,1630,RSI,27.08,+.94,+3.60%,26.35,27.26,26.20,55.5,0.66,0.59,19.0,26.17,26.14,28.07,-4104.01,-2620.01,18.01,54.1,84.4,-4.8,0.0
05/27/2026,1630,RSP,207.49,-.15,-0.07%,208.05,208.73,207.34,65.47,0.11,0.16,196.52,202.95,201.01,208.33,3205.01,20873.01,1.04,78.1,25.1,1.9,0.8
05/27/2026,1630,RSPG,103.59,-1.75,-1.66%,103.75,104.71,102.86,44.59,0.3,0.26,98.11,100.39,101.08,111.8,-1102.01,11148.05,5.14,87.2,100.4,0.0,1.2
05/27/2026,1630,RSPU,80.17,-.25,-0.31%,80.17,80.49,79.97,51.39,0.16,0.19,81.11,78.52,77.42,81.12,4205.01,8086.02,2.08,83.3,89.2,-2.5,0.0
05/27/2026,1630,RTO,31.25,-.33,-1.04%,31.55,31.63,31.09,38.31,0.22,0.4,28.45,33.01,30.03,33.08,-8113.04,-3107.04,15.08,56.1,15.1,-3.2,-12.8
05/27/2026,1630,RUT,2919.9422,0,0.00%,0,0,0,65.2,0.21,0.24,2518.31,2832.73,2752.72,2942.77,3204.01,293274.01,1.05,54.1,68.1,1.7,1.2
05/27/2026,1630,RVLV,20.22,+.82,+4.23%,19.70,20.50,19.70,44.33,0.79,0.55,22.84,18.56,17.28,20.86,2206.01,2050.01,1.12,18.1,100.4,-9.9,0.0
05/27/2026,1630,RVX,23.38,-.75,-3.11%,24.31,24.71,23.38,43.99,0.61,NaN,25.61,22.07,22.65,25.72,7102.06,2556.06,6.15,0.0,21.1,0.0,0.3
05/27/2026,1630,S,17.95,-.61,-3.29%,17.79,18.19,17.5902,65.69,0.46,0.73,12.68,15.04,15.83,19.62,17218.02,1881.03,3.32,89.3,43.1,15.5,9.5
05/27/2026,1630,SBAC,200.20,-1.53,-0.76%,202.09,205.13,199.68,39.14,0.23,0.3,192.09,216.04,191.67,218.59,-5112.07,-19915.07,15.07,60.1,46.1,-0.3,-3.6
05/27/2026,1630,SBUX,102.10,+.68,+0.67%,101.78,102.765,100.13,46.54,0.33,0.33,94.4,102.94,101.01,107.87,-4104.01,-10013.01,5.01,29.1,86.2,-0.7,0.0
05/27/2026,1630,SCJ,105.50,-.69,-0.65%,105.41,105.63,105.23,59.99,0.15,0.15,98.34,102.07,103.01,107.29,1202.02,10664.09,12.23,17.1,58.1,0.0,15.8
05/27/2026,1630,SE,93.46,+4.44,+4.99%,89.10,94.36,88.50,58.89,0.63,0.55,77.05,81.84,83.37,95.33,1202.01,9436.01,1.12,53.1,84.2,0.0,1.2
05/27/2026,1630,SFD,26.70,+.455,+1.73%,26.28,26.81,26.28,54.03,0.19,0.33,23.82,25.32,24.95,26.96,5207.01,2681.01,1.18,47.2,25.1,0.0,0.0
05/27/2026,1630,SFM,88.70,+3.07,+3.59%,85.63,89.215,85.00,61.71,0.62,0.48,72.5,77.8,80.84,93.68,8201.06,9489.06,6.2,56.1,91.4,0.0,1.0
05/27/2026,1630,SG,10.10,+.84,+9.07%,9.47,10.3901,9.47,76.1,0.83,0.92,5.16,6.5,7.07,10.8,8209.01,1039.01,1.1,60.1,75.2,20.1,0.0
05/27/2026,1630,SHAK,64.38,+2.56,+4.14%,62.355,65.64,61.98,32.92,1.27,0.53,90.94,63.51,41.45,70.16,2206.01,-5949.07,18.11,60.1,99.4,-26.2,-3.0
05/27/2026,1630,SHEL,83.81,-1.22,-1.43%,83.44,84.03,83.14,38.64,0.27,0.27,81.55,83.82,82.59,88.67,-1103.01,-8314.01,36.01,75.1,87.2,-3.1,0.0
05/27/2026,1630,SHO,10.88,+.02,+0.18%,10.90,11.05,10.855,69.72,0.25,0.31,9.04,10.19,10.08,11.0,18207.01,1105.01,1.37,49.1,50.2,9.4,12.6
05/27/2026,1630,SHOC,110.8344,-1.2356,-1.10%,113.03,113.03,109.39,68.95,0.4,NaN,71.52,100.0,101.1,113.4,3205.01,11303.01,1.4,0.0,90.4,0.2,12.2
05/27/2026,1630,SHOO,43.48,+.73,+1.71%,43.60,43.825,43.125,69.92,0.42,0.5,33.49,37.99,37.47,43.9,4205.01,4383.01,1.17,17.1,46.1,7.3,4.2
05/27/2026,1630,SHOP,106.60,+1.70,+1.62%,103.98,109.10,103.825,46.11,0.79,0.58,112.45,102.38,94.62,112.05,3205.01,-9400.09,26.1,44.1,87.4,-21.7,0.0
05/27/2026,1630,SHY,82.22,+.01,+0.01%,82.22,82.24,82.21,47.79,0.02,0.03,82.66,82.22,82.0,82.3,1202.02,-8200.06,28.16,90.3,48.1,-7.3,0.0
05/27/2026,1630,SHYG,42.49,-.03,-0.07%,42.53,42.55,42.475,52.67,0.04,0.14,42.24,42.38,42.2,42.59,3205.01,4255.01,1.06,53.2,69.1,-1.7,0.0
05/27/2026,1630,SIL,88.75,-2.58,-2.82%,88.32,90.18,88.24,44.13,0.6,0.56,98.69,91.91,81.06,102.75,-3108.05,10419.1,10.2,70.1,75.2,0.0,0.0
05/27/2026,1630,SILJ,29.27,-.76,-2.53%,29.30,29.74,29.16,44.95,0.64,0.62,33.02,30.31,26.32,34.16,-3108.05,-2793.06,10.06,60.1,72.1,0.0,-0.7
05/27/2026,1630,SITM,726.21,-16.91,-2.28%,752.91,753.465,702.7201,58.38,1.08,0.87,325.1,588.67,647.36,928.63,-4108.01,90181.12,12.4,79.1,97.4,0.0,10.4
05/27/2026,1630,SIVR,70.93,-2.29,-3.13%,70.30,71.33,70.285,44.99,0.6,0.48,75.28,72.98,66.08,82.6,-2108.06,8498.1,10.2,57.1,73.1,0.0,0.0
05/27/2026,1630,SJM,102.98,+.66,+0.65%,102.97,104.79,102.75,60.75,0.21,0.36,108.75,95.71,98.11,105.62,9204.01,10479.01,1.14,95.3,25.1,4.9,4.1
05/27/2026,1630,SKYY,132.31,-1.31,-0.98%,132.62,134.01,131.49,66.45,0.25,0.35,105.52,125.94,125.64,134.57,3205.01,13401.01,1.32,75.1,60.1,0.0,15.6
05/27/2026,1630,SLG,45.20,+1.11,+2.52%,44.49,45.59,44.37,60.64,0.39,0.53,35.03,43.93,40.38,46.09,2203.01,4559.01,1.04,80.1,68.1,0.0,-1.1
05/27/2026,1630,SLV,67.50,-2.22,-3.18%,66.884,67.915,66.88,44.98,0.6,0.5,71.68,69.44,62.88,78.61,-2108.06,8086.1,10.2,53.1,75.1,0.0,0.0
05/27/2026,1630,SLX,110.37,+.38,+0.35%,109.49,110.41,108.555,64.99,0.29,0.31,91.1,106.23,103.35,111.44,2203.01,11041.01,1.06,73.2,90.2,0.0,6.7
05/27/2026,1630,SMCI,38.19,+1.09,+2.94%,38.29,38.815,36.76,69.4,0.99,0.89,29.68,31.12,29.79,38.46,3205.01,3882.01,1.45,71.1,86.1,1.9,6.2
05/27/2026,1630,SMH,595.50,-6.64,-1.10%,611.94,612.30,584.93,70.55,0.4,0.5,378.53,532.35,538.44,608.16,3205.01,61230.01,1.4,98.2,95.3,0.6,11.1
05/27/2026,1630,SMIN,67.24,+.22,+0.33%,67.33,67.98,67.03,56.13,0.21,0.22,62.05,67.26,64.18,68.76,2204.01,-6480.06,13.06,70.1,72.1,0.0,-0.9
05/27/2026,1630,SMPL,11.69,+.29,+2.54%,11.52,11.845,11.52,44.0,0.42,0.74,15.68,11.31,10.68,12.43,-6201.1,-1089.05,21.1,93.2,73.1,-12.0,0.0
05/27/2026,1630,SN,116.95,+.74,+0.64%,117.43,121.71,116.2601,58.35,0.45,0.5,108.53,106.64,100.69,119.25,3204.01,12171.01,1.05,44.1,68.1,0.0,0.0
05/27/2026,1630,SNAP,5.88,+.13,+2.26%,5.74,5.92,5.74,55.9,0.4,0.66,5.0,5.59,5.26,6.09,1204.01,-526.08,14.08,37.1,27.1,-4.1,0.0
05/27/2026,1630,SNDR,34.99,+.35,+1.01%,35.01,35.33,34.75,69.69,0.6,0.42,25.44,29.84,29.82,36.31,6209.01,3533.01,5.09,50.1,100.4,13.5,0.0
05/27/2026,1630,SNOW,175.26,-2.34,-1.32%,174.68,179.10,173.08,66.47,0.49,0.86,156.87,136.2,150.5,187.14,11214.02,18127.02,2.15,97.4,56.1,15.8,6.9
05/27/2026,1630,SOFI,16.17,+.19,+1.19%,16.05,16.69,16.01,48.4,0.71,0.61,16.8,15.52,15.15,16.33,2204.01,1669.01,1.05,17.1,86.4,-3.1,0.8
05/27/2026,1630,SOLZ,8.41,+.02,+0.24%,8.38,8.4998,8.315,43.82,0.49,0.49,8.22,8.83,7.91,9.65,-5108.02,-832.01,12.07,7.1,7.1,0.0,-0.3
05/27/2026,1630,SOYB,24.92,+.01,+0.04%,24.85,25.02,24.85,51.23,0.14,0.16,23.61,24.56,24.63,25.45,-1102.02,-2462.08,10.08,43.1,62.2,0.0,0.7
05/27/2026,1630,SPDN,8.69,+.01,+0.12%,8.67,8.71,8.67,31.34,0.1,NaN,9.43,8.77,8.63,8.87,-16105.01,-866.02,41.02,65.2,21.1,-15.3,0.0
05/27/2026,1630,SPG,206.77,-.17,-0.08%,207.24,208.79,206.63,59.43,0.2,0.24,193.45,200.0,199.22,208.22,3205.01,20879.01,1.05,38.1,68.1,0.0,0.5
05/27/2026,1630,SPGI,415.80,+3.32,+0.80%,412.01,419.05,411.33,46.12,0.25,0.33,433.01,416.26,399.37,427.5,1201.03,-40320.07,21.07,73.1,58.1,-4.6,0.0
05/27/2026,1630,SPHD,50.19,-.04,-0.08%,50.16,50.60,50.14,55.26,0.11,0.11,50.9,49.44,49.21,50.6,5207.01,5060.01,1.07,34.1,43.3,0.0,0.0
05/27/2026,1630,SPHR,131.51,-2.63,-1.96%,134.49,135.62,130.405,49.04,0.57,0.58,109.61,125.05,124.6,140.55,-4101.03,-12411.11,15.11,56.1,76.1,-3.9,-0.1
05/27/2026,1630,SPLV,73.58,-.30,-0.41%,73.80,74.195,73.55,50.37,0.09,0.13,75.22,72.36,72.41,74.32,4207.01,7419.01,1.1,68.1,22.1,-0.1,0.0
05/27/2026,1630,SPMO,149.60,-.20,-0.13%,151.23,151.40,148.05,71.46,0.27,0.23,116.84,138.52,139.46,151.49,3204.01,15140.01,1.41,94.2,95.4,0.0,13.6
05/27/2026,1630,SPOT,512.83,-16.88,-3.19%,528.32,530.13,512.17,62.76,0.56,0.47,490.89,411.24,407.12,545.32,8211.01,53013.01,1.19,50.1,79.4,0.0,0.0
05/27/2026,1630,SPX,7520.36,+1.24,+0.02%,7526.01,7530.72,7499.72,70.54,0.1,0.17,6710.42,7294.14,7342.42,7565.4,3205.01,753909.02,2.41,38.1,33.1,0.0,14.5
05/27/2026,1630,SPY,750.46,-.13,-0.02%,750.88,751.38,748.22,71.12,0.1,0.17,669.66,727.82,732.27,755.16,3205.01,75213.02,2.41,30.1,26.1,0.0,14.4
05/27/2026,1630,STKL,6.50,0,0.00%,0,0,0,65.19,0.03,0.18,4.64,6.47,6.47,6.51,-2201.01,-647.01,6.01,1.1,3.1,0.0,0.0
05/27/2026,1630,STLD,258.22,+7.73,+3.09%,250.49,259.91,248.19,74.49,0.34,0.47,180.3,231.54,222.19,256.12,3204.01,25991.01,1.05,85.1,58.1,0.0,0.0
05/27/2026,1630,STZ,143.72,-3.92,-2.66%,148.00,150.80,143.35,41.0,0.36,0.37,145.65,141.32,137.69,153.46,3101.01,-13910.1,31.1,67.1,88.2,-2.6,0.0
05/27/2026,1630,SU,63.97,-1.59,-2.43%,64.50,65.05,63.79,42.86,0.4,0.36,55.29,62.74,62.89,70.8,-2103.01,-6379.01,6.01,74.1,100.4,0.0,0.1
05/27/2026,1630,SVV,8.48,+.18,+2.17%,8.33,8.87,8.33,58.38,0.57,0.64,8.37,7.31,6.79,8.81,3205.01,887.01,1.1,23.1,85.4,0.0,0.0
05/27/2026,1630,SWBI,15.24,0,0.00%,15.24,15.62,15.21,54.93,0.27,0.57,11.65,14.29,14.4,15.92,4209.01,1575.03,3.1,70.4,38.1,1.3,0.0
05/27/2026,1630,SWKS,78.68,-4.74,-5.68%,84.08,85.175,78.15,64.81,0.84,0.59,54.5,61.54,66.37,85.52,22208.01,8518.01,1.38,92.2,100.4,3.7,7.6
05/27/2026,1630,SXT,117.79,+.93,+0.80%,117.43,118.67,116.83,62.7,0.3,0.38,89.87,116.09,111.97,118.83,2202.01,11867.01,1.03,78.1,66.3,-1.5,2.1
05/27/2026,1630,SYF,72.09,+.19,+0.26%,72.26,73.40,71.80,48.63,0.28,0.33,65.51,70.21,68.44,74.45,2205.01,-6832.05,26.05,28.1,55.1,-8.3,0.0
05/27/2026,1630,SYY,75.22,-.10,-0.13%,75.60,76.20,75.08,51.98,0.17,0.25,84.0,71.58,71.9,77.69,4207.03,7709.03,3.14,74.1,31.1,0.0,0.0
05/27/2026,1630,T,24.89,-.13,-0.52%,24.93,25.3486,24.88,42.44,0.21,0.27,27.51,24.66,24.14,25.69,1101.03,-2385.07,41.07,46.1,51.1,-5.8,0.0
05/27/2026,1630,TAN,70.51,+1.55,+2.25%,69.45,71.31,68.94,72.43,0.41,0.47,53.17,59.39,59.94,71.05,3205.01,7131.01,1.36,92.2,71.2,9.4,9.0
05/27/2026,1630,TAP,41.87,+.64,+1.55%,41.77,42.45,41.70,46.74,0.28,0.33,46.02,41.43,40.36,43.05,-1201.02,4318.05,5.09,54.1,79.1,0.0,0.0
05/27/2026,1630,TBIL,49.99,+.01,+0.02%,49.99,49.99,49.98,68.22,0.0,NaN,49.85,49.88,49.92,50.01,8213.02,4999.03,2.18,0.2,4.1,0.0,14.6
05/27/2026,1630,TCEHY,55.57,-.57,-1.02%,55.50,55.75,55.18,31.98,0.29,NaN,63.29,59.19,54.19,60.65,-8109.01,-5518.01,10.02,0.0,54.1,-3.5,-2.4
05/27/2026,1630,TCNNF,8.4400,+.14,+1.69%,8.3700,8.5000,7.9000,53.53,0.86,NaN,5.84,8.41,6.69,9.32,-6202.07,-724.07,21.07,0.0,54.3,-8.8,-0.4
05/27/2026,1630,TEAM,89.07,+4.15,+4.89%,84.21,90.84,83.73,58.5,1.09,0.77,71.0,84.42,79.37,92.9,1203.01,9500.14,16.32,74.1,94.4,-0.4,7.4
05/27/2026,1630,TEVA,34.56,-.05,-0.14%,34.65,35.15,34.40,55.17,0.45,0.4,30.74,35.43,32.9,36.31,-6109.04,-3375.04,17.04,41.1,79.4,-1.0,0.0
05/27/2026,1630,TFLO,50.62,+.01,+0.02%,50.62,50.62,50.61,66.61,0.01,0.02,50.48,50.51,50.56,50.64,4211.02,5062.02,2.16,59.2,23.2,0.0,6.7
05/27/2026,1630,TGS,30.36,+1.01,+3.44%,29.02,30.65,28.805,50.5,0.51,0.54,27.85,28.99,28.23,31.12,-4201.01,-2852.02,6.02,21.1,74.4,-0.7,-2.5
05/27/2026,1630,TGT,128.33,+2.90,+2.31%,126.98,131.202,126.46,56.17,0.37,0.34,111.11,117.67,118.38,130.56,2204.01,13120.01,1.04,15.1,90.4,-1.7,0.0
05/27/2026,1630,THC,181.06,+4.68,+2.65%,177.35,182.69,176.585,42.44,0.36,0.49,228.48,187.34,170.06,201.62,-5107.02,-17159.02,10.02,83.1,62.1,0.0,0.0
05/27/2026,1630,THD,73.39,+.61,+0.84%,73.48,73.54,73.16,59.34,0.23,0.26,65.53,70.98,70.46,73.99,3205.01,7354.01,1.24,63.2,62.1,3.5,7.0
05/27/2026,1630,TIGR,5.10,+.09,+1.80%,5.03,5.17,4.80,35.71,1.26,0.9,7.14,6.28,4.2,6.29,-15109.02,-465.02,28.02,96.4,100.4,-7.2,-15.0
05/27/2026,1630,TIP,110.88,+.06,+0.05%,110.86,111.0052,110.83,49.65,0.03,0.06,111.04,110.95,109.9,111.42,1202.01,-11010.05,23.05,70.3,40.1,-1.5,-8.6
05/27/2026,1630,TJX,157.01,-1.96,-1.23%,160.00,160.89,156.56,54.12,0.27,0.25,155.75,147.27,145.34,163.01,5206.01,16089.01,1.09,60.1,100.4,0.5,0.0
05/27/2026,1630,TKO,187.64,-.45,-0.24%,189.01,193.025,187.57,46.02,0.24,0.4,201.7,183.37,182.24,196.1,7102.03,19617.05,5.1,76.1,25.1,0.7,0.1
05/27/2026,1630,TKR,127.16,-.26,-0.20%,127.00,128.3123,126.405,69.17,0.52,0.43,97.53,113.0,110.0,128.17,3205.01,12831.01,1.06,96.2,100.4,8.4,5.4
05/27/2026,1630,TLT,85.30,+.20,+0.24%,85.25,85.48,85.15,50.63,0.1,0.12,88.02,85.49,82.68,86.18,1203.02,-8304.05,24.05,8.1,58.1,-0.2,-2.7
05/27/2026,1630,TME,9.21,+.02,+0.22%,9.005,9.34,8.96,48.0,0.45,0.5,13.35,9.16,8.45,9.6,-9202.08,-844.08,11.08,67.1,61.1,0.0,-0.2
05/27/2026,1630,TMO,456.21,+8.03,+1.79%,449.93,457.40,447.44,45.27,0.26,0.34,493.37,447.88,429.14,469.91,-9201.07,-43527.07,26.07,69.1,42.1,-3.7,0.0
05/27/2026,1630,TMUS,190.81,-.30,-0.16%,189.995,194.29,189.57,46.41,0.29,0.3,212.67,189.46,185.3,194.3,4204.01,19429.01,1.07,56.1,81.3,-6.2,0.5
05/27/2026,1630,TNET,43.62,+1.16,+2.73%,42.42,44.115,42.06,58.69,0.5,0.63,35.5,40.73,39.92,44.73,2207.01,4412.01,1.09,89.1,82.1,-5.1,1.4
05/27/2026,1630,TNX:CGI,44.81,-.12,-0.27%,44.71,44.89,44.49,52.43,0.19,NaN,39.56,43.14,43.78,47.22,-1102.02,4659.05,5.28,0.0,86.2,6.3,1.9
05/27/2026,1630,TOKE,5.24,0,0.00%,0,0,0,45.92,0.28,0.88,5.85,4.96,5.12,5.4,-1102.02,-508.02,16.02,56.2,35.2,-0.6,0.5
05/27/2026,1630,TOST,24.50,+1.18,+5.06%,24.25,25.00,24.07,45.41,0.69,0.55,26.61,23.93,19.56,26.99,1203.03,-2229.09,14.09,50.1,96.4,-7.8,-2.3
05/27/2026,1630,TPB,89.99,+.68,+0.76%,89.69,90.77,88.76,55.37,0.47,0.56,88.63,81.1,84.96,96.23,7103.11,9696.12,12.24,83.1,63.1,0.0,10.2
05/27/2026,1630,TPL,406.09,+6.00,+1.50%,395.01,413.60,391.63,46.05,0.32,0.49,510.99,390.22,378.96,414.5,2205.01,41360.01,1.09,71.1,13.1,-5.8,0.0
05/27/2026,1630,TPR,138.83,-1.79,-1.27%,140.505,143.99,138.78,50.08,0.57,0.41,143.42,128.76,124.75,145.73,2205.01,14399.01,1.11,41.1,92.4,-1.2,0.0
05/27/2026,1630,TPYP,42.52,-.75,-1.73%,42.65,43.02,42.52,47.21,0.2,0.23,41.16,41.35,41.62,45.05,-1102.01,4458.05,5.28,61.4,100.4,5.6,1.2
05/27/2026,1630,TRIP,10.19,+.15,+1.49%,10.03,10.29,10.03,48.28,0.52,0.61,9.61,9.63,8.69,10.86,1205.02,-904.05,14.1,54.1,63.1,-3.7,0.0
05/27/2026,1630,TRP,68.20,-1.33,-1.91%,68.88,68.88,67.9405,57.83,0.23,0.24,62.76,64.44,65.23,72.63,-1101.01,7147.03,3.28,49.1,94.4,13.0,2.9
05/27/2026,1630,TRU,70.84,+.395,+0.56%,70.60,71.31,69.58,52.38,0.37,0.48,75.25,68.77,64.9,73.4,1205.03,-6451.05,26.05,60.1,44.1,0.0,0.0
05/27/2026,1630,TSLA,440.36,+6.77,+1.56%,442.89,445.60,435.52,63.05,0.39,0.53,385.39,384.02,398.43,458.59,1203.02,45340.1,10.34,50.2,29.2,0.0,7.5
05/27/2026,1630,TSM,422.73,+10.41,+2.52%,427.015,430.55,415.3822,62.78,0.37,0.5,336.69,398.19,389.41,424.53,2202.01,43055.01,1.06,88.1,64.1,0.0,0.6
05/27/2026,1630,TSN,66.02,+.89,+1.37%,65.55,66.855,65.55,51.3,0.32,0.25,60.98,65.15,64.39,67.75,-3109.02,-6473.02,15.02,47.1,90.4,0.0,3.8
05/27/2026,1630,TT,457.68,-3.75,-0.81%,465.66,466.82,457.44,46.82,0.31,0.33,420.0,465.71,435.35,483.82,-12101.03,-44409.03,14.05,77.1,74.1,-4.2,-9.6
05/27/2026,1630,TTD,22.29,+.11,+0.50%,22.125,23.36,22.125,49.73,0.53,0.66,22.47,20.73,19.53,23.79,2203.01,2336.01,1.09,46.1,57.1,-1.6,0.0
05/27/2026,1630,TTE,86.66,-3.38,-3.75%,87.56,88.12,86.66,37.44,0.26,0.27,76.56,87.73,87.3,94.77,-1103.01,-8666.01,5.01,65.1,73.1,0.0,0.0
05/27/2026,1630,TTWO,218.46,-2.21,-1.00%,217.97,224.11,216.40,44.25,0.37,0.41,208.51,218.7,212.81,248.53,-3103.01,-21640.01,3.01,65.3,88.2,0.0,0.0
05/27/2026,1630,TUA,20.625,+.015,+0.07%,20.60,20.6383,20.60,42.38,0.07,0.12,21.54,20.79,20.33,20.87,-15201.03,-2044.03,28.05,21.1,70.1,-5.6,-7.6
05/27/2026,1630,TUR,38.18,-.15,-0.39%,38.63,38.695,37.97,37.59,0.48,0.35,37.15,43.15,35.54,42.21,-7111.04,-3640.04,12.04,60.1,100.4,-0.6,-20.4
05/27/2026,1630,TWLO,181.57,-8.08,-4.26%,190.00,190.95,180.91,53.94,0.86,0.55,116.0,189.41,179.7,200.46,-6108.01,-18091.01,14.01,54.1,89.4,0.0,6.1
05/27/2026,1630,TXG,25.51,+.89,+3.61%,24.58,25.575,23.72,64.45,0.63,0.76,20.57,19.82,20.01,26.29,5206.01,2558.01,1.06,31.1,46.1,0.0,0.0
05/27/2026,1630,TXRH,181.49,-.71,-0.39%,184.21,184.90,179.63,63.05,0.48,0.3,167.34,155.89,167.11,195.47,-1202.03,18490.01,10.16,48.1,98.4,3.6,6.2
05/27/2026,1630,TXT,92.32,-.36,-0.39%,93.00,93.62,92.12,53.89,0.37,0.29,93.31,90.31,88.08,93.39,2203.01,9362.01,1.04,51.1,90.4,-4.2,0.6
05/27/2026,1630,TYX:CGI,50.11,-.15,-0.30%,50.06,50.23,49.88,49.62,0.14,NaN,46.27,49.17,49.39,52.15,-2103.01,5177.05,5.34,0.0,69.4,4.6,0.4
05/27/2026,1630,U,27.76,+.99,+3.70%,26.74,28.27,26.52,60.95,0.4,0.72,17.58,25.81,25.25,28.11,2202.01,2827.01,1.03,30.1,2.1,-0.2,0.0
05/27/2026,1630,UA,5.64,+.11,+1.99%,5.63,5.775,5.62,51.02,0.77,0.7,6.32,5.84,4.32,6.13,2203.01,-478.06,14.09,73.1,90.4,-3.4,-0.2
05/27/2026,1630,UAA,5.78,+.12,+2.12%,5.77,5.94,5.745,50.76,0.79,0.61,6.48,6.01,4.39,6.31,2203.01,-488.06,14.09,53.1,88.4,-3.4,-0.4
05/27/2026,1630,UAE,19.17,+.21,+1.11%,19.20,19.27,19.02,50.82,0.22,0.32,18.86,19.15,18.36,19.58,1201.02,-1856.05,13.05,88.2,71.1,-2.2,-0.7
05/27/2026,1630,UAL,112.62,+6.70,+6.33%,109.325,114.35,109.0034,70.34,0.58,0.57,90.39,96.46,89.48,111.1,4205.01,11435.01,1.05,63.1,84.1,2.6,3.4
05/27/2026,1630,UBER,70.73,+.61,+0.87%,69.85,70.94,69.60,38.44,0.38,0.38,73.15,74.4,68.7,77.25,-7110.01,-6960.01,14.01,27.1,85.3,-0.2,-1.0
05/27/2026,1630,UFO,66.65,+1.21,+1.85%,66.73,67.2384,64.50,78.35,0.45,0.69,43.58,50.78,55.96,67.85,9213.01,6724.01,1.2,100.4,83.2,22.8,10.2
05/27/2026,1630,UGA,106.40,-2.01,-1.85%,105.54,106.91,104.91,39.45,0.46,0.51,72.22,110.67,106.1,125.26,-5105.01,-10491.01,7.01,75.1,87.1,-1.0,0.0
05/27/2026,1630,UHAL,52.04,+.94,+1.84%,50.80,52.20,50.48,56.68,0.29,0.56,49.17,51.59,48.01,53.28,1205.03,-4821.06,13.06,94.1,62.1,0.0,0.0
05/27/2026,1630,UHS,154.29,-2.34,-1.49%,156.15,159.52,154.24,26.56,0.22,0.38,189.02,164.21,152.45,173.84,-6107.01,-15424.01,33.01,65.1,15.1,0.0,0.0
05/27/2026,1630,UL,58.00,+.93,+1.63%,58.00,58.36,57.855,49.71,0.24,0.24,66.01,57.02,55.83,59.01,1201.01,-5619.08,15.08,63.1,75.1,-3.0,0.0
05/27/2026,1630,ULS,100.60,-.23,-0.23%,101.10,102.845,99.975,59.26,0.62,0.4,79.05,97.39,96.42,104.52,1205.02,10485.14,14.33,58.1,90.4,0.0,14.1
05/27/2026,1630,ULTA,507.35,-8.69,-1.68%,518.99,527.00,506.60,44.92,0.29,0.53,637.37,508.94,469.95,531.48,2204.01,52700.01,1.06,98.4,60.1,-2.8,0.0
05/27/2026,1630,UNG,11.18,+.27,+2.47%,11.09,11.4099,11.09,51.48,0.43,0.51,11.37,10.29,10.47,12.0,-1103.03,1194.06,6.19,7.1,33.1,0.5,1.2
05/27/2026,1630,UNH,384.01,+7.15,+1.90%,378.425,384.53,377.09,61.02,0.25,0.31,283.05,358.25,369.01,407.6,-1105.04,40415.1,10.41,3.1,18.1,0.0,3.7
05/27/2026,1630,UNP,279.39,+8.29,+3.06%,272.57,279.70,272.57,67.1,0.22,0.29,252.0,262.91,261.41,278.79,1202.01,27970.01,1.48,88.1,71.3,0.0,0.3
05/27/2026,1630,UPBD,18.89,+.78,+4.31%,18.41,19.11,18.38,57.11,0.39,0.56,19.2,17.88,16.49,19.14,2204.01,1911.01,1.08,58.1,20.1,-3.5,0.0
05/27/2026,1630,UPS,104.47,+2.50,+2.45%,102.89,104.845,102.89,58.18,0.49,0.31,99.41,98.58,95.54,104.04,4205.01,10485.01,1.16,40.1,98.4,-8.1,0.0
05/27/2026,1630,UPST,30.72,+.10,+0.33%,30.89,31.26,30.02,54.53,0.69,0.78,25.6,27.84,27.38,31.03,2202.01,3126.01,1.1,29.1,58.1,-8.4,0.0
05/27/2026,1630,URA,50.16,-.70,-1.38%,50.27,50.51,49.28,45.09,0.55,0.56,48.34,54.75,43.49,56.0,-7202.05,-4701.05,14.05,49.1,75.2,-1.8,-11.8
05/27/2026,1630,URBN,75.15,-.27,-0.36%,76.32,77.4881,75.08,62.38,0.37,0.47,62.27,67.07,66.31,76.96,4205.01,7749.01,1.1,36.1,42.2,0.0,0.0
05/27/2026,1630,URI,988.24,+25.32,+2.63%,969.73,989.9703,965.00,65.19,0.31,0.36,792.01,931.45,921.15,986.19,1202.01,98997.01,1.04,58.1,46.1,0.0,2.4
05/27/2026,1630,URNJ,27.92,-.17,-0.61%,27.76,28.18,27.385,44.05,0.6,0.59,30.14,30.2,23.63,31.56,-8201.04,-2556.05,12.05,52.1,49.1,-4.3,-12.8
05/27/2026,1630,URNM,60.48,-.40,-0.66%,60.19,61.16,59.50,44.33,0.53,0.55,63.54,64.87,52.52,67.35,-7202.05,-5669.06,14.06,56.1,63.1,-3.9,-12.2
05/27/2026,1630,USCI,97.98,-.72,-0.73%,97.36,98.12,97.36,44.24,0.16,0.26,85.31,97.32,97.31,103.05,-3105.01,-9736.01,10.01,73.1,63.1,0.0,0.0
05/27/2026,1630,USD/JPY,159.589,+.059,+0.04%,159.490,159.603,159.486,63.129,0.022,NaN,158.328,157.423,158.608,159.825,7203.01,15960.01,14.23,0.0,0.1,0.0,25.2
05/27/2026,1630,USFD,82.39,+1.09,+1.34%,80.49,82.90,80.49,37.65,0.29,0.31,89.41,82.39,76.2,85.91,-5202.1,-7952.04,15.11,71.1,74.1,-14.9,-3.9
05/27/2026,1630,USPH,64.17,+2.06,+3.32%,62.73,64.39,62.73,44.36,0.92,0.45,78.68,58.19,53.93,68.21,1204.01,-5890.12,15.12,81.1,100.4,-12.1,0.0
05/27/2026,1630,UTI,39.40,-.57,-1.43%,39.81,40.365,38.11,55.43,0.64,0.54,34.3,31.42,35.06,42.38,2203.02,4137.02,2.05,61.1,80.4,2.1,0.0
05/27/2026,1630,UTZ,7.45,-.03,-0.40%,7.62,7.72,7.41,47.21,0.58,0.5,8.37,7.2,6.71,8.06,1206.04,-692.08,14.09,62.1,88.4,0.0,0.0
05/27/2026,1630,UUP,27.75,0,0.00%,27.72,27.79,27.71,59.21,0.05,0.07,27.05,27.3,27.38,28.03,8211.04,2783.04,5.13,12.1,23.1,12.1,0.3
05/27/2026,1630,V,327.61,+1.13,+0.35%,325.83,331.46,325.66,55.9,0.33,0.25,311.95,316.16,319.67,336.58,4102.03,33343.03,3.22,42.1,99.4,0.0,5.3
05/27/2026,1630,VET,11.35,-.49,-4.14%,11.47,11.56,11.30,36.67,0.62,0.62,10.64,11.4,11.32,13.32,-2105.01,-1130.01,19.01,68.1,90.3,-5.2,-0.1
05/27/2026,1630,VFC,17.41,+.70,+4.19%,16.965,17.68,16.965,47.02,0.46,0.51,17.27,17.9,15.06,18.68,1201.01,-1556.04,26.04,3.1,43.3,-7.4,-8.9
05/27/2026,1630,VG,12.37,-.52,-4.03%,12.53,12.675,12.28,44.81,0.92,0.76,9.33,11.16,11.26,15.47,-1102.01,1490.05,5.12,19.1,77.1,3.5,0.0
05/27/2026,1630,VGK,89.32,-.16,-0.18%,89.68,89.70,89.10,58.39,0.23,0.18,82.97,87.19,85.89,90.08,4205.01,8970.01,1.2,75.1,90.3,2.1,3.8
05/27/2026,1630,VHT,277.88,+.57,+0.21%,277.25,280.38,276.995,57.9,0.14,0.15,279.19,267.33,268.65,281.37,5206.01,28038.01,1.06,52.1,40.1,0.5,0.4
05/27/2026,1630,VIK,92.55,+4.82,+5.49%,89.12,92.75,89.12,66.28,0.5,0.49,68.3,80.37,79.54,91.42,2204.01,9275.01,1.2,73.1,85.1,2.7,3.2
05/27/2026,1630,VIR,9.10,-.28,-2.99%,9.45,9.54,9.08,45.28,0.51,0.53,8.67,9.11,8.27,9.86,1203.02,-852.06,26.07,10.1,17.1,-8.9,0.0
05/27/2026,1630,VIX,16.29,-.72,-4.23%,17.01,17.18,16.29,39.63,0.69,0.88,20.37,16.82,16.02,18.32,-6106.01,-1629.01,7.01,4.1,11.1,-2.4,0.0
05/27/2026,1630,VKTX,31.66,+.86,+2.79%,31.30,32.25,30.75,51.19,0.47,0.65,30.19,30.88,28.24,32.69,1204.01,3225.01,1.04,6.1,16.1,0.0,-0.3
05/27/2026,1630,VLO,240.34,-1.11,-0.46%,235.965,243.5699,233.23,46.99,0.46,0.43,199.1,227.25,232.32,262.54,-2104.01,-23323.01,5.01,81.1,95.2,0.0,0.0
05/27/2026,1630,VLTO,84.46,-1.59,-1.85%,85.82,86.92,84.15,38.4,0.25,0.27,92.55,85.95,83.88,87.57,-8101.01,-8415.01,20.01,76.1,79.2,-6.2,0.0
05/27/2026,1630,VMC,275.65,+6.71,+2.49%,271.89,276.58,270.015,48.54,0.3,0.31,273.87,279.81,248.97,285.7,1202.01,-25242.06,14.06,71.1,85.1,-4.8,-8.7
05/27/2026,1630,VNM,18.74,-.13,-0.69%,18.75,18.83,18.685,46.15,0.21,0.16,17.41,19.3,18.49,19.71,-4108.01,-1868.01,13.03,27.1,15.1,0.0,0.0
05/27/2026,1630,VNO,33.31,+.61,+1.87%,32.785,33.395,32.725,66.63,0.39,0.34,25.71,30.76,30.19,33.36,3205.01,3340.01,1.05,14.1,90.2,1.9,7.3
05/27/2026,1630,VRNS,30.24,-.81,-2.61%,30.45,30.99,30.12,64.8,0.44,0.63,21.69,26.45,26.81,32.54,20208.02,3149.03,3.32,65.1,66.1,7.6,1.7
05/27/2026,1630,VRT,319.78,-4.13,-1.28%,326.01,326.1627,310.10,46.79,0.63,0.68,234.72,336.18,292.88,380.55,-4107.01,-31010.01,10.05,71.1,80.2,0.0,0.0
05/27/2026,1630,VRTX,437.22,+1.29,+0.30%,438.52,445.35,435.3935,50.38,0.21,0.3,450.67,421.11,422.0,453.77,-1107.04,45345.08,8.16,38.1,26.1,0.0,0.5
05/27/2026,1630,VSCO,57.18,+1.26,+2.25%,57.00,58.50,56.16,67.61,0.59,0.89,46.56,45.7,43.29,57.57,4205.01,5850.01,1.06,93.4,63.1,0.0,0.0
05/27/2026,1630,VTR,88.05,-.32,-0.36%,88.19,88.94,87.97,54.71,0.15,0.22,83.96,85.17,86.44,90.49,8104.05,8984.05,5.24,40.1,36.1,0.0,0.7
05/27/2026,1630,VVIX,87.53,-2.02,-2.26%,89.63,90.51,87.53,36.8,0.44,NaN,105.55,91.95,86.28,98.9,-6104.01,-8753.01,8.01,0.0,4.1,-2.6,-0.2
05/27/2026,1630,VVV,34.58,+.62,+1.83%,34.24,34.72,34.039,56.6,0.43,0.39,35.05,32.98,31.14,35.83,1205.01,-3141.05,12.05,37.1,96.4,0.1,0.0
05/27/2026,1630,VXD,15.37,-.71,-4.42%,16.06,16.63,15.37,41.23,0.79,NaN,17.94,16.05,15.07,16.87,-4105.01,1663.01,1.04,0.0,14.1,-2.3,0.0
05/27/2026,1630,VXN:CGI,23.39,-.51,-2.13%,24.05,24.32,23.39,47.57,0.6,NaN,24.05,22.81,22.5,25.21,-2105.03,-2235.03,7.03,0.0,15.1,0.0,1.8
05/27/2026,1630,VXX,25.02,-.62,-2.42%,25.41,25.69,24.99,30.09,0.31,0.66,28.35,27.56,24.76,28.83,-6109.01,-2499.01,8.01,17.1,20.1,0.0,-8.0
05/27/2026,1630,VZ,48.24,-.25,-0.52%,48.43,48.955,48.12,55.73,0.19,0.24,49.23,46.91,46.51,48.97,5206.01,4896.01,1.07,60.1,52.1,0.0,2.1
05/27/2026,1630,W,73.16,+1.24,+1.72%,73.19,76.70,72.6001,59.15,0.85,0.72,70.78,60.98,56.16,74.26,4205.01,7670.01,1.05,62.1,85.4,0.0,0.0
05/27/2026,1630,WBD,27.14,+.14,+0.52%,27.03,27.385,27.02,49.16,0.08,0.26,27.67,27.05,26.92,27.37,1104.01,2739.01,1.02,25.4,2.1,0.0,0.0
05/27/2026,1630,WCLD,29.44,-.71,-2.35%,29.66,30.22,29.425,54.64,0.39,0.44,26.53,28.46,27.74,31.0,3207.02,3058.03,3.09,95.2,77.1,0.4,6.7
05/27/2026,1630,WDAY,124.50,+.48,+0.39%,121.99,129.26,121.7147,49.45,0.54,0.64,129.03,120.55,116.16,133.22,1102.03,13371.03,3.09,88.3,82.3,0.0,0.0
05/27/2026,1630,WEAT,23.76,-.46,-1.90%,23.83,23.95,23.60,47.18,0.35,0.29,21.61,22.85,23.08,25.99,-2104.01,2560.1,10.14,45.1,97.4,1.1,1.6
05/27/2026,1630,WELL,214.18,-3.95,-1.81%,216.99,217.805,214.11,50.44,0.21,0.27,199.2,208.67,211.55,220.21,2101.02,22050.05,5.06,75.1,50.1,0.0,0.6
05/27/2026,1630,WEN,7.49,+.13,+1.77%,7.40,7.61,7.40,51.38,0.79,0.5,7.09,6.56,6.86,8.7,-1104.01,832.09,9.16,60.1,100.4,0.9,3.0
05/27/2026,1630,WEST,7.91,-.02,-0.25%,7.91,8.14,7.90,61.29,1.28,0.64,3.75,5.8,6.94,10.05,-1103.02,890.11,11.43,24.1,98.4,1.6,15.0
05/27/2026,1630,WFC,76.11,-1.41,-1.82%,77.13,77.71,75.175,45.02,0.28,0.33,77.94,73.19,71.2,79.28,2205.01,-7278.08,34.1,63.1,65.1,-6.0,0.0
05/27/2026,1630,WGMI,68.80,+3.97,+6.12%,65.35,69.25,63.44,73.53,0.73,0.73,35.82,55.11,53.85,68.08,4204.01,6925.01,1.38,34.1,57.1,0.0,9.9
05/27/2026,1630,WGS,48.21,-1.23,-2.49%,49.45,50.20,47.50,46.08,2.57,0.79,68.55,32.21,36.03,52.73,4208.01,5038.02,2.14,47.1,98.4,-16.5,0.0
05/27/2026,1630,WH,83.70,+3.00,+3.72%,81.48,84.18,81.48,55.91,0.33,0.38,74.57,80.79,76.8,84.48,1202.01,8418.01,1.05,68.1,81.1,-0.7,-0.3
05/27/2026,1630,WING,152.09,+11.46,+8.15%,143.36,156.44,143.36,53.22,0.67,0.71,222.55,126.64,115.22,152.02,3207.01,15644.01,1.14,69.1,74.1,-4.0,0.0
05/27/2026,1630,WMS,140.35,+2.26,+1.64%,141.28,143.64,139.66,48.96,0.41,0.44,141.53,141.06,127.98,145.72,1202.01,14364.01,1.03,60.3,67.1,-6.4,-3.0
05/27/2026,1630,WMT,118.54,-.03,-0.03%,118.33,119.4299,118.04,31.74,0.34,0.27,121.62,126.38,115.91,135.38,-4105.01,-11804.01,5.01,41.1,98.4,1.7,-1.6
05/27/2026,1630,WOOD,67.5703,+.8753,+1.31%,67.24,68.00,67.24,48.38,0.21,0.28,72.69,68.01,63.46,69.12,1202.01,-6455.05,28.05,76.4,71.1,-2.3,-5.5
05/27/2026,1630,WRBY,25.68,+.17,+0.67%,25.89,26.36,25.20,51.82,1.05,0.8,24.5,21.48,22.19,30.85,-1106.05,3020.06,12.19,78.1,90.4,0.0,3.1
05/27/2026,1630,WW,15.15,+1.31,+9.47%,13.84,15.35,13.0101,67.17,1.55,1.27,20.2,8.37,8.37,14.98,3203.01,1535.01,1.13,77.3,82.4,0.4,-0.9
05/27/2026,1630,WWW,17.84,+.68,+3.96%,17.32,17.94,17.32,62.19,0.49,0.62,15.96,16.03,14.37,17.95,3204.01,1794.01,1.05,27.1,64.1,0.0,0.0
05/27/2026,1630,WY,24.51,+.69,+2.90%,23.92,24.52,23.845,59.38,0.25,0.26,24.02,23.35,22.55,24.43,3205.01,2452.01,1.06,9.1,47.1,-0.4,0.0
05/27/2026,1630,WYFI,31.58,+.16,+0.51%,31.31,32.13,29.0961,70.09,1.53,1.4,15.12,19.52,21.1,35.27,12204.02,3319.02,2.19,NaN,NaN,5.9,9.0
05/27/2026,1630,WYNN,101.22,+3.35,+3.42%,98.595,102.18,98.595,51.38,0.34,0.4,99.11,98.06,90.14,105.17,1202.01,-9345.05,14.08,44.1,50.1,-2.7,0.0
05/27/2026,1630,XBI,134.45,+1.10,+0.82%,133.62,136.03,133.295,54.58,0.29,0.31,120.85,131.96,126.44,138.16,1202.01,-12781.05,12.05,66.1,84.2,-0.9,-0.1
05/27/2026,1630,XHR,17.43,+.09,+0.52%,17.42,17.61,17.33,65.27,0.36,0.38,14.58,16.56,15.98,17.59,3205.01,1761.01,1.07,47.1,98.2,2.8,1.1
05/27/2026,1630,XIACY,18.11,-1.19,-6.17%,18.20,18.6591,18.02,34.86,0.41,NaN,19.67,19.53,18.04,20.45,-6108.01,-1802.01,10.01,0.0,62.1,0.0,0.0
05/27/2026,1630,XLB,51.18,+.19,+0.37%,51.01,51.37,50.98,51.87,0.21,0.26,49.44,51.38,48.6,52.55,1202.02,-4914.04,10.04,73.1,94.2,0.0,-8.3
05/27/2026,1630,XLC,116.26,+.71,+0.61%,115.23,117.055,115.16,51.33,0.11,0.17,115.87,115.43,114.78,117.13,-7201.01,11706.01,1.02,49.1,15.1,-2.7,0.0
05/27/2026,1630,XLE,56.99,-.86,-1.49%,57.01,57.50,56.475,44.17,0.3,0.28,54.93,55.13,55.45,61.89,-1102.01,6170.05,5.13,62.1,100.4,1.1,0.1
05/27/2026,1630,XLF,51.42,-.43,-0.83%,51.74,51.99,51.30,49.31,0.11,0.19,49.75,50.96,50.82,52.03,4101.01,5199.01,1.05,37.1,10.1,0.0,0.0
05/27/2026,1630,XLG,63.72,+.10,+0.16%,63.56,63.78,63.50,70.02,0.1,0.19,56.01,61.62,62.48,64.52,14205.09,6433.09,9.41,86.2,19.1,0.0,13.5
05/27/2026,1630,XLI,174.30,0,0.00%,174.54,174.86,173.47,55.61,0.2,0.22,168.26,172.88,168.01,176.54,2202.01,-16891.04,14.04,69.1,86.1,0.0,-1.4
05/27/2026,1630,XLK,184.43,-.71,-0.38%,186.18,186.265,182.54,75.01,0.23,0.32,134.99,166.84,171.6,187.87,3205.01,18627.01,1.4,81.1,73.1,2.4,18.5
05/27/2026,1630,XLP,84.58,+.95,+1.14%,84.02,85.16,83.895,52.65,0.13,0.2,84.62,82.83,83.32,86.28,-3104.01,-8353.02,5.02,78.2,69.1,0.0,0.6
05/27/2026,1630,XLRE,44.63,-.08,-0.18%,44.74,44.985,44.60,58.95,0.13,0.16,42.67,44.18,43.43,45.11,3205.01,4499.01,1.06,31.1,40.1,0.0,0.0
05/27/2026,1630,XLU,45.14,-.19,-0.42%,45.25,45.365,44.945,48.41,0.18,0.19,45.96,44.69,43.77,45.82,2204.02,4564.02,2.06,47.1,88.3,-6.6,0.0
05/27/2026,1630,XLV,148.79,+.28,+0.19%,148.69,150.20,148.28,57.46,0.14,0.19,150.95,142.67,143.47,151.15,10207.01,15020.01,1.12,69.1,44.1,1.9,0.1
05/27/2026,1630,XLY,121.55,+2.10,+1.76%,120.69,121.945,120.55,63.84,0.16,0.17,111.81,118.51,115.23,121.9,3205.01,12195.01,1.05,5.1,36.1,0.6,0.0
05/27/2026,1630,XOM,147.90,-1.91,-1.27%,147.225,148.685,145.7528,41.87,0.34,0.32,147.86,143.92,143.46,163.93,-1102.01,-14575.01,5.01,75.1,96.2,2.0,-0.4
05/27/2026,1630,XOP,163.36,-2.74,-1.65%,162.87,165.57,161.95,40.64,0.37,0.3,149.91,162.24,161.76,178.91,-1104.01,-16195.01,19.01,35.1,95.3,-2.5,0.1
05/27/2026,1630,XPEV,16.45,-.10,-0.60%,16.07,16.545,16.0356,52.7,0.42,0.65,15.38,15.44,14.78,16.9,2202.01,1686.02,2.05,67.2,13.1,0.0,0.0
05/27/2026,1630,XRT,83.96,+1.00,+1.21%,83.64,85.47,83.55,55.83,0.24,0.3,82.1,81.52,77.47,85.59,3204.01,8547.01,1.08,80.1,87.4,-3.0,0.0
05/27/2026,1630,XTL,243.69,+3.05,+1.27%,240.72,244.595,237.8933,70.87,0.31,0.27,179.83,219.03,218.93,243.83,3204.01,24460.01,1.06,74.1,60.1,0.5,3.0
05/27/2026,1630,XYL,110.10,-1.03,-0.93%,112.33,112.75,109.76,40.59,0.25,0.32,122.7,111.82,103.23,114.58,2203.01,-10529.05,33.19,75.1,67.2,-5.2,-2.1
05/27/2026,1630,XYZ,71.42,+2.25,+3.25%,69.91,72.56,69.625,55.03,0.38,0.47,59.65,69.82,66.72,73.78,1201.01,-6755.02,12.02,28.1,32.1,-0.1,-1.0
05/27/2026,1630,YCS,54.1219,+.1319,+0.24%,54.02,54.13,54.02,60.3,0.21,0.2,50.99,51.59,52.56,54.98,3211.06,-5159.15,20.15,50.1,69.4,0.0,6.1
05/27/2026,1630,YELP,23.45,+.52,+2.27%,23.00,23.91,22.935,43.54,0.62,0.48,21.57,25.0,18.11,25.99,1203.02,-2080.08,14.08,79.1,98.4,-13.3,-7.8
05/27/2026,1630,YPF,51.59,+2.99,+6.15%,48.35,52.02,47.92,73.05,0.5,0.45,33.42,41.63,43.35,52.28,9207.01,5202.01,1.12,45.1,76.4,8.7,1.3
05/27/2026,1630,YUM,152.02,-1.24,-0.81%,152.57,154.75,151.49,43.74,0.23,0.25,156.0,149.39,148.01,156.64,2101.02,-14969.1,18.11,73.1,75.3,-6.3,0.0
05/27/2026,1630,YUMC,44.06,+.12,+0.27%,42.85,44.23,42.84,27.46,0.21,0.33,50.87,46.84,42.63,46.84,-12114.01,-4284.01,15.01,48.1,19.1,-4.8,-15.5
05/27/2026,1630,ZG,36.37,+.16,+0.44%,36.15,38.1299,36.15,31.38,0.34,0.62,42.5,40.42,32.32,41.13,-11117.05,-3511.05,26.05,70.1,28.1,-13.0,-8.3
05/27/2026,1630,ZM,99.96,-.13,-0.13%,99.44,101.94,98.75,52.74,0.59,0.5,70.7,104.61,92.6,108.86,1102.03,11373.03,3.05,84.3,99.4,-0.8,0.0
05/27/2026,1630,ZS,126.41,-58.19,-31.52%,137.16,139.60,125.66,37.26,1.52,0.65,140.56,134.74,129.11,194.02,-1101.01,-12566.01,2.01,80.3,100.4,12.1,1.4
