Date,Time,Symbol,Last,Net Chng,%Change,Open,High,Low,RSI,HistoricalVolatility,ImpVolatility,A_TrendValue,A_TradeValue,A_BB_Bottom,A_BB_Top,A_BB_Streak,A_BBHighLow,A_BBHighLowDays,A_IVPercentile,A_HVPercentile,A_BB_Top_Slope,A_BB_Bot_Slope
05/29/2026,1630,$COMP,26972.62,+55.1486,+0.20%,26960.8405,27094.8025,26859.2645,73.92,0.15,NaN,22061.97,25739.22,25877.81,27125.17,5207.01,2709480.01,1.43,0.0,40.1,0.0,17.0
05/29/2026,1630,$DJI,51032.46,+363.49,+0.72%,50773.91,51094.18,50698.27,68.2,0.11,NaN,46615.52,49307.66,49330.06,51294.8,6207.01,5109418.01,1.07,0.0,31.1,8.8,4.5
05/29/2026,1630,$DXY,98.983,+.075,+0.08%,98.957,99.015,98.953,52.207,0.044,NaN,98.492,97.951,98.515,99.673,-1103.01,9954.03,8.17,0.0,21.1,0.0,5.0
05/29/2026,1630,/6B[M26],1.3450,-.0011,-0.08%,1.3450,1.3457,1.3444,48.5175,0.0625,0.058,1.3283,1.3394,1.3296,1.3559,1203.01,-133.1,15.1,9.1,46.1,-1.1,0.0
05/29/2026,1630,/6C[M26],.72530,-.00005,-0.01%,.72525,.72535,.72500,39.69031,0.02578,0.0408,0.72945,0.7289,0.72085,0.73096,-12118.03,-72.03,18.03,6.1,0.1,-2.3,-1.8
05/29/2026,1630,/6E[M26],1.16620,-.0011,-0.09%,1.16680,1.16695,1.16585,46.49698,0.04393,0.0532,1.1511,1.1682,1.15451,1.17581,1203.01,-116.07,14.07,8.1,19.1,-0.7,-1.3
05/29/2026,1630,/6J[M26],.0062815,-.0000055,-0.09%,.0062845,.0062845,.0062785,40.4071461,0.0462517,0.0657,0.0062925,0.006328,0.0062342,0.006356,-4114.07,-1.03,17.09,8.1,0.1,0.0,0.0
05/29/2026,1630,/BTC[M26],73700,-15.00,-0.02%,73555,74385,73530,39.0,0.0,0.0,65685.0,78815.0,70478.0,80907.0,-8111.0,-7259500.0,17.0,37.0,9.0,-3.0,-6.0
05/29/2026,1630,/BZ[Q26],92.90,+1.78,+1.95%,92.41,93.51,92.37,37.74,0.54,NaN,80.3,102.82,86.12,113.13,-4108.02,-8994.02,22.02,0.2,77.1,0.0,-2.0
05/29/2026,1630,/CL[N26],89.49,+2.13,+2.44%,88.50,90.08,88.45,40.36,0.46,0.7,73.28,96.13,83.59,104.9,-6108.02,-8635.02,22.02,70.1,71.1,-0.1,-0.1
05/29/2026,1630,/GC[Q26],4573.7,-19.30,-0.42%,4575.2,4576.4,4545.5,46.6,0.2,0.2,5021.2,4645.2,4377.9,4709.5,1202.0,-439560.0,14.0,60.1,45.1,-3.4,-4.7
05/29/2026,1630,/HG[N26],6.4105,+.0215,+0.34%,6.3900,6.4120,6.3800,57.2487,0.3174,0.2772,5.6395,6.25,6.139,6.6317,-1203.1,672.13,13.19,40.1,50.2,0.0,6.1
05/29/2026,1630,/NG[N26],3.333,+.043,+1.31%,3.335,3.358,3.327,67.822,0.502,0.535,2.891,2.751,2.806,3.411,17204.01,336.01,1.26,24.1,35.2,13.7,4.8
05/29/2026,1630,/NKD[M26],66360,+130.00,+0.20%,66280,66780,66075,70.0,0.0,NaN,51200.0,61805.0,60638.0,67778.0,5206.0,6678000.0,1.0,0.0,51.0,5.0,3.0
05/29/2026,1630,/SI[N26],75.835,-.04,-0.05%,75.565,75.835,73.505,46.96,0.618,0.491,79.64,79.53,67.045,85.853,-4111.03,8917.12,12.22,45.1,74.2,0.0,-2.6
05/29/2026,1630,AAAU,44.81,+.475,+1.07%,44.64,45.305,44.595,45.37,0.2,0.24,49.29,45.75,42.85,46.57,-7201.02,-4342.03,63.03,64.1,45.1,-4.3,-4.8
05/29/2026,1630,AAL,14.64,-.01,-0.07%,14.72,15.01,14.61,69.15,0.5,0.58,10.43,12.38,12.05,15.55,6207.01,1510.02,2.22,75.1,55.1,9.7,5.2
05/29/2026,1630,AAPL,312.06,-.45,-0.14%,311.775,315.00,309.53,78.77,0.17,0.25,253.68,290.0,293.82,318.86,13223.01,31500.01,3.38,18.1,26.1,6.0,13.5
05/29/2026,1630,ABBV,217.72,-.91,-0.42%,219.02,219.60,214.90,61.65,0.19,0.3,223.23,200.02,204.02,223.81,9213.02,22001.05,5.22,63.1,19.1,9.8,1.8
05/29/2026,1630,ABNB,133.31,-1.19,-0.88%,134.50,135.75,132.77,46.19,0.24,0.38,128.37,131.95,128.36,138.28,-15101.02,-12970.02,14.06,42.1,42.1,-3.5,-0.7
05/29/2026,1630,ABR,5.75,+.11,+1.95%,5.64,5.76,5.601,34.33,0.77,0.35,7.86,5.69,4.74,6.31,1204.04,-540.03,16.11,4.1,100.4,-31.4,-9.2
05/29/2026,1630,ABT,85.60,-.70,-0.81%,86.65,86.73,85.28,37.93,0.26,0.38,108.34,81.97,82.78,90.16,-1103.02,8934.08,8.14,100.2,73.3,-1.3,0.2
05/29/2026,1630,ACHC,23.20,-.56,-2.36%,23.44,23.85,23.065,39.76,0.58,0.65,21.71,24.45,21.6,26.78,-5110.04,-2254.04,19.04,23.1,48.2,-1.4,-3.5
05/29/2026,1630,ACHR,6.81,0,0.00%,6.71,6.83,6.39,64.22,0.54,0.93,6.07,6.05,5.75,7.01,4205.01,683.01,1.06,75.2,15.1,1.1,2.2
05/29/2026,1630,ACI,15.61,-.31,-1.95%,15.89,15.925,15.435,38.48,0.31,0.37,16.76,15.55,15.3,17.15,-4106.01,-1544.01,7.01,82.1,69.2,0.0,-0.7
05/29/2026,1630,ADBE,259.21,+17.77,+7.36%,245.23,260.63,244.662,58.75,0.42,0.61,260.05,232.84,232.22,261.19,1201.01,26063.01,1.11,100.4,91.1,0.0,-2.4
05/29/2026,1630,ADYEY,10.90,+.12,+1.11%,10.74,10.9648,10.72,49.81,0.31,NaN,10.63,10.14,10.22,11.47,3201.03,-1023.1,17.11,0.0,48.1,0.0,0.0
05/29/2026,1630,AFK,27.6693,+.0293,+0.11%,27.64,27.80,27.55,53.44,0.29,0.37,25.8,27.9,25.85,28.76,1204.04,-2631.08,14.08,65.1,68.1,-0.1,0.0
05/29/2026,1630,AFRM,73.65,+.65,+0.89%,73.94,74.63,72.07,67.39,0.51,0.64,43.73,59.75,62.52,74.73,4204.01,7463.01,1.07,23.1,19.1,0.9,0.0
05/29/2026,1630,AGCO,112.28,-1.59,-1.40%,113.27,113.975,111.86,43.32,0.38,0.43,117.71,115.9,109.12,117.58,-6102.06,-10825.06,16.06,78.1,79.3,-3.8,0.0
05/29/2026,1630,AHR,48.89,-.57,-1.15%,49.42,49.42,48.19,43.59,0.31,0.28,50.71,49.5,48.35,51.82,-3103.01,-4819.01,11.01,12.1,88.3,0.0,0.0
05/29/2026,1630,AIQUY,41.35,-1.06,-2.50%,42.04,42.04,41.35,46.66,0.27,NaN,37.86,41.07,40.1,43.07,5101.02,4285.03,3.16,0.0,90.4,0.0,0.0
05/29/2026,1630,AKAM,149.54,+6.41,+4.48%,144.70,149.8699,143.26,63.64,1.04,0.56,95.37,132.85,137.78,158.36,-2201.02,16545.12,12.33,77.1,100.4,0.0,7.4
05/29/2026,1630,ALB,176.42,+.10,+0.06%,177.14,180.00,173.51,43.91,0.41,0.66,157.26,194.3,150.54,200.1,-6201.06,-16714.07,12.07,51.1,5.1,0.0,-7.6
05/29/2026,1630,ALCO,40.65,-1.06,-2.54%,41.65,41.65,40.47,45.25,0.21,NaN,37.22,39.94,40.07,42.0,5101.01,4200.03,2.07,0.0,42.1,0.0,0.4
05/29/2026,1630,ALGN,174.95,+1.70,+0.98%,173.79,177.66,171.92,56.9,0.42,0.46,164.51,160.88,154.09,175.48,3207.01,17766.01,1.07,56.1,70.1,-2.0,0.0
05/29/2026,1630,ALLY,42.81,+.01,+0.02%,42.84,43.36,42.645,50.98,0.3,0.37,36.56,41.61,40.96,43.87,2204.01,-4062.07,28.07,44.1,60.1,-2.1,0.0
05/29/2026,1630,ALNY,301.98,-3.08,-1.01%,302.43,305.68,297.62,51.02,0.31,0.42,312.09,284.28,287.4,307.07,7208.01,30568.01,1.14,40.1,37.1,0.0,0.0
05/29/2026,1630,AMAT,450.06,+.38,+0.08%,452.77,460.46,445.70,61.86,0.5,0.63,316.66,416.56,411.18,464.25,5207.01,46046.01,1.22,88.1,65.1,0.7,8.7
05/29/2026,1630,AMBA,72.18,-19.66,-21.41%,82.52,85.90,71.053,45.05,1.05,0.77,49.89,73.51,71.74,95.81,-1101.01,-7105.01,2.01,81.4,100.4,11.3,3.2
05/29/2026,1630,AMD,516.10,-1.99,-0.38%,520.80,522.00,503.43,75.98,0.89,0.77,188.22,418.29,414.59,535.27,4207.01,52200.01,1.43,98.4,83.4,4.1,13.8
05/29/2026,1630,AMG,302.85,-.11,-0.04%,303.16,307.10,301.70,54.06,0.24,0.4,269.94,290.9,294.23,309.79,4207.01,30871.02,2.05,76.1,38.1,0.0,1.9
05/29/2026,1630,AMH,32.08,+.09,+0.28%,31.90,32.58,31.79,57.89,0.2,0.28,29.0,31.21,31.01,32.74,4209.01,3258.01,1.09,39.1,63.3,0.0,2.3
05/29/2026,1630,AMLP,51.60,-.84,-1.60%,52.39,52.40,51.55,37.4,0.18,0.18,51.79,52.74,51.64,55.12,-3104.01,-5155.01,6.01,91.2,97.4,0.0,0.0
05/29/2026,1630,AMN,28.97,+1.04,+3.72%,28.12,29.15,27.87,64.12,1.09,0.58,19.76,24.21,25.08,30.89,-1201.07,3117.11,12.17,4.1,98.4,0.0,14.9
05/29/2026,1630,AMPH,18.85,-.45,-2.33%,19.28,19.46,18.55,45.19,0.96,0.93,18.52,17.26,16.87,19.79,3205.01,1946.01,1.11,91.2,90.4,-20.4,0.0
05/29/2026,1630,AMZN,270.64,-3.36,-1.23%,271.29,274.75,269.64,59.7,0.21,0.34,202.48,262.63,259.83,275.27,3203.01,27475.01,1.07,42.1,17.1,-0.1,0.8
05/29/2026,1630,AN,187.72,-6.02,-3.11%,193.67,193.67,186.76,42.66,0.33,0.37,184.58,190.08,174.18,201.95,2101.03,-17662.07,20.07,71.1,88.4,-1.9,0.0
05/29/2026,1630,AQWA,18.665,-.0198,-0.11%,18.72,18.725,18.65,42.29,0.14,0.25,18.96,18.82,18.17,19.15,1204.04,-1825.07,35.07,85.2,48.1,-3.6,0.0
05/29/2026,1630,AR,35.75,-.06,-0.17%,35.84,36.118,35.47,40.42,0.34,0.42,36.48,35.84,34.46,38.92,-3106.02,-3492.02,21.02,38.1,23.1,-3.0,-2.7
05/29/2026,1630,ARE,49.68,-.38,-0.76%,50.00,51.00,48.98,61.57,0.38,0.48,48.44,45.45,45.1,51.29,6218.01,5100.01,1.2,74.1,56.3,0.7,15.4
05/29/2026,1630,ARGT,97.70,+1.65,+1.72%,96.26,97.77,95.42,64.28,0.35,0.3,83.46,87.5,87.17,98.46,5207.01,9777.01,1.09,40.1,73.4,0.3,0.0
05/29/2026,1630,ARHS,6.77,-.09,-1.31%,6.83,6.92,6.73,52.76,0.67,NaN,6.62,5.63,5.59,7.08,4206.01,692.01,1.12,1.1,85.2,-7.9,0.0
05/29/2026,1630,ARKK,81.95,+.94,+1.16%,81.30,82.45,79.985,64.92,0.32,0.4,69.91,76.48,73.16,82.43,3204.01,8245.01,1.07,21.1,32.1,0.0,0.0
05/29/2026,1630,ARQQ,16.51,-.40,-2.37%,16.81,17.0199,15.92,57.81,1.04,1.22,14.68,13.5,12.16,18.64,4206.02,1780.02,2.07,66.2,69.4,4.1,0.0
05/29/2026,1630,AS,35.58,-.46,-1.28%,36.01,36.38,35.34,52.77,0.44,0.51,32.63,32.58,32.35,37.83,4207.02,3751.03,3.11,36.1,64.1,0.3,0.0
05/29/2026,1630,ASBFF,25.76,0,0.00%,0,0,0,47.51,1.44,NaN,NaN,26.59,NaN,NaN,NaN,0.0,0.0,NaN,NaN,NaN,NaN
05/29/2026,1630,ASO,52.80,-2.32,-4.21%,54.29,54.92,52.55,48.88,0.46,0.58,57.39,48.75,48.62,55.65,4206.01,5492.01,1.07,84.2,57.2,0.0,0.0
05/29/2026,1630,ATRO,87.00,-1.17,-1.33%,87.92,88.93,85.86,63.02,0.53,0.58,71.0,70.67,76.43,90.96,8218.01,8893.01,1.21,54.1,57.2,5.3,8.7
05/29/2026,1630,AVB,182.51,-2.32,-1.26%,183.60,183.81,181.25,50.62,0.18,0.25,173.02,183.26,180.74,187.47,-1101.01,-18125.01,3.01,73.1,43.3,-2.0,0.0
05/29/2026,1630,AVGO,446.77,+20.19,+4.73%,432.95,448.90,431.4707,65.92,0.39,0.64,307.4,404.8,407.99,445.36,1204.01,44890.01,1.05,93.2,46.1,0.0,0.6
05/29/2026,1630,AVO,11.14,-.11,-0.98%,11.36,11.485,11.075,26.13,0.27,0.6,13.41,12.37,10.71,12.58,-9119.01,-1108.01,36.12,87.3,42.1,-12.7,-9.3
05/29/2026,1630,AVTR,9.12,-.03,-0.33%,9.01,9.38,8.9238,69.57,0.49,0.53,7.82,7.84,7.45,9.21,3205.01,938.01,1.07,52.1,65.2,0.0,0.0
05/29/2026,1630,AWI,157.90,-2.44,-1.52%,159.84,161.505,157.63,41.63,0.27,0.33,163.29,156.49,153.29,162.23,2204.01,16151.01,1.08,71.1,72.1,-6.7,0.0
05/29/2026,1630,AXP,316.47,+1.35,+0.43%,315.57,319.24,312.59,53.05,0.14,0.31,292.43,307.76,308.3,316.92,1203.01,31924.01,1.02,46.1,0.1,-3.9,0.0
05/29/2026,1630,AZO,2935.19,-71.89,-2.39%,2989.14,3007.00,2931.65,24.28,0.39,0.37,3561.57,3302.44,2870.69,3494.61,-4104.01,-293165.01,20.01,85.3,98.4,-4.1,-17.7
05/29/2026,1630,B,42.55,+1.035,+2.49%,41.63,43.01,41.41,53.26,0.57,0.48,43.05,42.31,37.8,46.07,-2201.08,4662.13,13.22,56.1,88.4,0.0,0.6
05/29/2026,1630,BA,231.15,+2.37,+1.04%,228.44,232.30,226.25,56.23,0.35,0.37,217.03,231.11,208.11,240.73,1203.01,-21572.06,11.07,69.1,77.3,0.0,-3.4
05/29/2026,1630,BABA,124.22,-1.94,-1.54%,124.39,125.04,123.43,37.68,0.49,0.44,128.55,130.33,119.7,140.69,-6110.01,-12343.01,12.02,35.1,72.4,0.0,-2.6
05/29/2026,1630,BAC,51.60,+.83,+1.63%,50.97,51.80,50.605,51.14,0.22,0.3,46.77,49.8,49.69,52.54,3201.03,5249.03,3.1,42.1,59.1,-4.3,0.0
05/29/2026,1630,BALL,54.67,-1.57,-2.79%,55.93,56.12,54.47,33.73,0.33,0.31,60.75,56.41,54.01,58.0,-9102.01,-5447.01,30.01,56.1,88.4,-13.1,0.0
05/29/2026,1630,BBN,16.04,+.06,+0.38%,16.10,16.10,15.99,54.5,0.11,NaN,16.19,15.96,15.41,16.2,2204.01,1610.01,1.07,0.0,71.2,-0.7,0.0
05/29/2026,1630,BBWI,20.02,-.34,-1.67%,20.32,20.57,19.87,59.17,0.59,0.62,19.83,18.06,15.68,20.93,4205.01,2057.01,1.07,63.3,81.1,0.0,0.0
05/29/2026,1630,BBY,77.95,+3.21,+4.29%,74.00,78.195,72.185,81.81,0.61,0.42,63.04,55.1,59.77,77.72,8209.01,7819.01,1.11,54.3,100.4,1.5,3.8
05/29/2026,1630,BCO,104.02,-3.06,-2.86%,106.59,106.955,103.23,45.08,0.35,0.3,110.07,99.09,102.0,107.88,1101.01,-10100.02,2.02,50.1,76.1,-0.9,0.0
05/29/2026,1630,BDRY,12.94,-.21,-1.60%,13.00,13.15,12.87,59.66,0.38,0.49,9.58,11.89,12.08,13.58,1204.02,1333.12,12.25,7.1,43.1,0.0,7.3
05/29/2026,1630,BEAM,32.93,+.13,+0.40%,32.75,33.6772,32.1202,62.08,0.7,0.66,24.6,30.52,25.34,34.51,3204.01,3368.01,1.06,29.1,45.3,0.0,0.0
05/29/2026,1630,BEPC,39.98,+.512,+1.30%,39.41,40.24,39.24,59.93,0.28,0.41,38.7,36.19,35.52,40.7,5207.01,4024.01,1.08,47.1,27.3,0.0,0.0
05/29/2026,1630,BIDU,135.31,+3.26,+2.47%,133.22,138.64,131.74,53.96,0.62,0.58,115.6,137.15,121.06,147.19,-5201.02,-12485.04,12.04,83.2,84.4,0.0,0.0
05/29/2026,1630,BIO,312.48,-5.74,-1.80%,318.82,319.50,310.815,68.83,0.64,0.38,264.92,236.73,259.29,333.01,9209.01,31986.02,2.18,40.1,91.4,9.3,3.1
05/29/2026,1630,BIP,39.04,-.065,-0.17%,39.00,39.23,38.585,58.98,0.21,0.35,36.78,36.33,37.37,40.57,11218.04,4010.04,4.21,82.1,71.1,1.1,3.9
05/29/2026,1630,BIRK,45.07,+1.00,+2.27%,44.73,45.525,44.08,66.33,0.98,0.64,36.14,32.44,31.56,47.66,6206.01,4553.01,1.09,100.1,99.4,4.1,0.0
05/29/2026,1630,BITO,10.02,+.01,+0.10%,9.94,10.14,9.87,38.2,0.29,0.46,9.12,10.75,9.7,11.07,-9110.01,-987.01,17.01,46.1,4.1,-2.3,-2.8
05/29/2026,1630,BJ,85.28,-.72,-0.84%,85.46,85.965,84.00,34.57,0.39,0.33,91.57,90.69,80.88,98.4,-6106.01,-8400.01,8.02,42.1,93.4,0.1,-5.7
05/29/2026,1630,BJRI,47.05,+.55,+1.18%,46.53,47.9899,45.88,77.48,0.33,0.43,33.96,40.76,41.03,48.24,7218.01,4799.01,1.17,41.1,32.1,6.6,16.0
05/29/2026,1630,BK,137.16,0,0.00%,0,0,0,64.52,0.16,0.29,114.11,131.17,130.8,138.55,6207.01,13863.01,1.1,68.1,29.1,0,0.5
05/29/2026,1630,BKNG,167.43,-2.39,-1.41%,170.29,170.50,167.22,52.37,0.33,0.42,162.94,154.77,151.1,172.67,5206.01,17050.01,1.12,81.1,65.1,0.0,0.0
05/29/2026,1630,BKV,26.54,-.09,-0.34%,26.37,26.74,26.0332,36.49,0.41,0.55,28.87,27.63,25.9,29.59,-9106.01,-2603.01,21.01,63.2,47.4,-15.1,0.0
05/29/2026,1630,BLDR,76.26,-.46,-0.60%,76.46,77.63,75.89,48.14,0.56,0.69,89.41,70.61,67.73,79.93,4206.01,7982.03,3.07,98.2,92.4,0.0,0.0
05/29/2026,1630,BLK,1046.88,+.39,+0.04%,1041.87,1060.51,1040.00,46.47,0.25,0.32,919.0,1067.0,1025.38,1103.37,-5103.01,-104000.01,11.06,84.1,50.1,0.0,-0.6
05/29/2026,1630,BLMN,8.44,+.12,+1.44%,8.32,8.78,8.23,68.21,1.29,0.83,5.45,7.6,7.54,8.62,3203.01,878.01,1.19,56.1,87.4,0.0,22.7
05/29/2026,1630,BLOK,67.96,+.88,+1.31%,67.58,68.13,66.375,67.13,0.36,0.37,51.23,62.26,60.86,68.74,5206.01,6813.01,1.08,25.1,40.1,0.0,4.5
05/29/2026,1630,BNDD,97.5738,-.6265,-0.64%,97.5738,97.5738,97.5738,49.87,0.07,0.11,97.88,97.04,96.14,98.67,4206.02,-9619.08,17.08,12.1,15.1,2.0,0.0
05/29/2026,1630,BNO,50.59,-.74,-1.44%,50.13,50.76,49.51,40.93,0.51,0.64,37.33,52.57,49.15,59.16,-5107.01,-4951.01,9.01,75.1,79.1,-5.3,0.0
05/29/2026,1630,BOOT,169.87,-.90,-0.53%,170.09,171.755,166.23,61.69,0.56,0.53,164.52,139.51,135.89,177.45,5206.01,17176.01,1.11,54.1,88.4,0.0,0.0
05/29/2026,1630,BP,41.87,+.28,+0.67%,41.64,42.28,41.46,35.28,0.29,0.32,38.35,43.22,40.8,46.23,-4105.01,-4146.01,21.01,62.1,65.1,-7.4,-4.9
05/29/2026,1630,BRBR,8.36,-.30,-3.46%,8.67,8.67,8.30,23.84,1.78,1.11,15.97,9.0,7.83,9.61,-1104.04,924.05,5.15,100.3,93.4,-13.6,0.0
05/29/2026,1630,BRCB,8.32,-.18,-2.12%,8.50,8.8199,8.22,39.15,1.49,0.73,13.38,7.6,4.49,9.94,1204.03,-613.06,30.1,NaN,NaN,-6.9,0.0
05/29/2026,1630,BRKR,58.89,+4.50,+8.27%,54.535,58.98,54.36,85.08,0.62,0.63,35.98,42.05,44.05,58.0,4207.01,5898.01,1.21,76.1,79.3,11.7,17.4
05/29/2026,1630,BROS,58.00,+1.44,+2.55%,56.56,58.78,56.18,60.57,0.56,0.53,48.62,48.32,48.88,59.22,4204.01,5878.01,1.12,33.1,69.1,-1.3,0.0
05/29/2026,1630,BTAL,11.55,-.045,-0.39%,11.51,11.66,11.47,32.32,0.26,0.43,13.97,11.83,11.4,12.57,-4105.01,-1147.01,7.01,74.3,87.4,-1.9,-0.6
05/29/2026,1630,BTC,32.48,+.06,+0.19%,32.27,32.835,32.02,38.7,0.28,0.37,29.27,34.8,31.46,35.81,-9110.01,-3202.01,17.01,18.1,5.1,-2.4,-1.8
05/29/2026,1630,BTC-USD,-69.64,-.57,+0.83%,-71.15,-69.005,-74.08,29.54,1.06,0.66,-25.51,-65.92,-72.76,-56.53,-22104.01,7408.01,42.01,67.1,17.1,-12.9,0.0
05/29/2026,1630,BTI,61.79,-1.13,-1.80%,61.90,62.00,61.355,48.2,0.33,0.3,56.97,57.97,60.55,69.19,-2104.01,-6136.01,11.01,74.2,98.4,0.0,8.5
05/29/2026,1630,BUD,79.99,-1.99,-2.43%,80.65,80.93,79.71,51.72,0.37,0.25,71.61,79.02,79.17,84.76,-1102.01,-7971.01,3.01,50.1,87.4,0.0,4.4
05/29/2026,1630,BULL,6.40,+.07,+1.11%,6.355,6.64,6.29,43.83,0.41,0.97,5.33,6.73,5.83,7.37,-12110.02,-596.02,11.02,52.1,8.1,0.0,-5.9
05/29/2026,1630,BURL,323.83,+23.31,+7.76%,300.60,324.69,297.35,55.29,0.57,0.41,288.16,280.57,278.66,341.24,-1201.02,-28000.02,3.02,62.3,90.4,0.0,0.0
05/29/2026,1630,BUXX,20.22,+.02,+0.10%,20.21,20.22,20.20,44.7,0.02,NaN,20.24,20.22,20.2,20.29,-2102.01,-2020.02,3.01,0.0,65.3,0.0,0.0
05/29/2026,1630,BXP,60.01,-.62,-1.02%,60.42,61.05,59.92,57.11,0.19,0.37,49.72,57.82,58.42,61.4,5207.01,6105.01,1.07,71.1,5.1,2.1,0.2
05/29/2026,1630,BYD,82.68,-.53,-0.64%,83.25,83.8225,82.365,51.16,0.25,0.31,76.86,79.84,76.6,84.92,3204.01,8382.01,1.1,61.1,55.1,-3.6,0.0
05/29/2026,1630,BYDDF,11.655,+.115,+1.00%,11.600,11.750,11.530,35.29,0.25,NaN,11.7,12.07,10.78,12.94,-15128.05,-1148.06,31.06,0.0,7.1,-7.4,-8.4
05/29/2026,1630,C,125.90,+1.22,+0.98%,124.65,126.845,123.5201,52.56,0.25,0.35,102.01,123.25,121.3,128.21,3207.01,12777.03,3.07,66.1,52.1,-0.8,0.0
05/29/2026,1630,CACC,573.64,+13.23,+2.36%,560.80,579.795,558.50,68.21,0.3,0.57,468.02,510.0,524.73,581.06,9218.01,57979.01,1.4,94.4,17.1,0.2,7.9
05/29/2026,1630,CAG,13.28,-.10,-0.75%,13.325,13.46,13.13,37.36,0.28,0.42,18.07,13.7,12.88,14.03,-4107.03,-1313.01,11.04,94.2,54.1,-3.3,-8.5
05/29/2026,1630,CAH,196.80,-3.05,-1.53%,201.35,201.51,196.20,46.58,0.27,0.28,213.58,180.45,185.23,211.43,4101.07,20398.08,8.15,34.1,59.3,1.4,1.4
05/29/2026,1630,CAKE,66.04,+1.78,+2.77%,64.11,67.14,63.76,65.32,0.45,0.41,59.39,55.83,57.24,67.33,5207.01,6714.01,1.11,56.1,99.4,0.5,0.0
05/29/2026,1630,CAMT,171.66,-3.12,-1.79%,176.03,176.675,169.19,48.37,0.89,0.73,142.35,163.31,136.02,191.19,1204.04,-14757.08,14.08,77.1,97.4,-4.5,-1.3
05/29/2026,1630,CANE,9.56,+.09,+0.95%,9.60,9.61,9.53,42.51,0.26,0.34,9.14,9.74,9.39,10.25,-4105.01,-943.02,18.02,68.4,85.3,-2.4,0.0
05/29/2026,1630,CARR,63.87,+.06,+0.09%,63.51,65.29,63.055,50.59,0.39,0.42,56.43,64.74,60.8,66.75,1201.03,-6112.06,16.06,74.1,74.3,-2.8,0.0
05/29/2026,1630,CASY,767.14,-13.83,-1.77%,777.54,784.29,754.09,35.01,0.27,0.46,627.49,855.73,751.62,870.35,-7110.01,-75409.01,18.01,100.4,71.4,-1.0,0.0
05/29/2026,1630,CAT,875.87,-11.80,-1.33%,886.69,890.8099,866.19,52.28,0.35,0.41,662.85,893.85,845.11,925.69,1102.03,-85706.07,16.07,76.1,63.3,-0.2,0.2
05/29/2026,1630,CAVA,77.66,-.54,-0.69%,79.95,80.48,77.18,41.52,0.53,0.65,74.8,72.05,74.13,84.09,2102.03,8556.03,3.12,65.1,64.1,-10.8,0.0
05/29/2026,1630,CBRL,33.82,-.40,-1.17%,34.13,34.68,33.635,62.37,0.55,0.74,27.49,28.94,28.39,35.83,6207.01,3473.02,2.07,83.2,66.4,3.3,0.0
05/29/2026,1630,CCK,95.08,-2.40,-2.46%,96.97,96.97,95.00,37.28,0.24,0.31,102.79,97.73,93.22,100.6,1101.03,-9464.06,14.06,65.1,46.1,-2.0,-2.0
05/29/2026,1630,CCL,28.06,+.12,+0.43%,28.08,28.40,27.76,59.73,0.53,0.57,23.47,24.41,23.87,28.96,5207.01,2840.01,1.07,81.1,70.1,0.0,0.0
05/29/2026,1630,CCRN,13.09,0,0.00%,13.08,13.10,13.06,76.15,0.95,1.2,8.58,13.06,13.02,13.07,1201.01,1310.01,1.03,71.3,91.4,0.0,61.9
05/29/2026,1630,CELH,33.27,+.05,+0.15%,33.40,33.49,32.57,55.27,0.59,0.66,40.94,27.66,27.47,33.84,3205.01,3349.01,1.11,62.1,73.1,-1.2,0.0
05/29/2026,1630,CF,112.35,-4.15,-3.56%,115.65,116.36,111.27,38.55,0.53,0.5,100.41,114.75,110.42,130.34,-3107.01,-11127.01,12.01,77.1,80.1,0.0,-0.4
05/29/2026,1630,CFG,62.26,-.15,-0.24%,61.03,62.52,61.03,47.01,0.22,0.33,55.76,60.35,60.26,64.31,-1101.01,-5975.1,16.1,62.1,25.1,-2.9,0.0
05/29/2026,1630,CFLT,30.99,0,0.00%,0,0,0,73.35,0.04,0.16,29.95,30.6,30.58,30.94,1201.01,3100.01,1.27,19.4,14.1,0.0,0.0
05/29/2026,1630,CFRUY,21.50,+.36,+1.70%,21.43,21.78,21.41,66.91,0.38,NaN,17.51,19.57,19.24,21.55,6204.01,2178.01,1.22,0.0,84.1,2.4,11.7
05/29/2026,1630,CG,45.43,0.34,0.75%,45.04,46.43,44.915,38.83,0.32,0.47,46.56,47.62,41.92,50.24,-6110.06,-4423.06,17.06,63.1,35.1,-5.9,-7.4
05/29/2026,1630,CHD,95.63,-2.00,-2.05%,97.32,98.01,95.58,50.26,0.27,0.27,98.32,90.05,92.41,99.73,6101.03,9947.03,3.13,65.1,88.4,2.1,0.8
05/29/2026,1630,CHDN,87.21,-1.22,-1.38%,87.99,89.3699,86.98,46.5,0.38,0.41,80.24,84.68,83.43,88.88,2203.01,8937.01,1.04,84.1,75.1,-9.8,0.0
05/29/2026,1630,CHEF,76.54,-1.37,-1.76%,77.85,78.355,76.255,53.53,0.22,0.36,59.26,78.8,74.17,80.99,-8110.02,-7507.03,19.03,13.1,6.3,-1.4,0.0
05/29/2026,1630,CHH,108.88,-4.48,-3.95%,112.98,112.98,108.79,48.47,0.37,0.39,94.62,103.93,103.73,117.89,7101.02,11726.02,2.18,96.3,77.4,0.0,7.3
05/29/2026,1630,CHPT,7.59,-.21,-2.69%,7.84,7.84,7.30,66.19,0.59,1.14,5.25,6.03,6.0,8.18,5206.01,796.02,2.06,76.2,44.1,2.4,0.0
05/29/2026,1630,CHRD,131.87,-2.02,-1.51%,133.37,134.26,130.25,39.11,0.38,0.47,110.01,135.5,128.93,151.43,-4106.01,-13025.01,8.01,89.2,73.1,-0.3,0.0
05/29/2026,1630,CHTR,144.05,-3.21,-2.18%,145.79,145.80,140.90,34.24,0.46,0.56,216.92,141.76,137.03,151.34,1101.03,15537.11,12.21,74.2,75.1,-9.2,4.5
05/29/2026,1630,CHWY,22.54,+1.16,+5.43%,21.52,22.81,21.35,48.57,0.55,0.74,25.07,21.4,19.17,23.21,2204.01,2281.01,1.07,93.3,79.1,-7.3,0.0
05/29/2026,1630,CI,277.40,-6.93,-2.44%,284.20,287.3142,276.14,44.58,0.3,0.3,262.02,283.8,272.58,297.9,-2107.01,-27614.01,11.01,26.1,71.2,0.0,0.2
05/29/2026,1630,CLOX,25.585,-.005,-0.02%,25.61,25.61,25.57,54.26,0.02,NaN,25.36,25.51,25.54,25.63,1211.01,2563.02,2.17,0.0,69.2,0.0,3.6
05/29/2026,1630,CLOZ,26.52,+.005,+0.02%,26.52,26.52,26.45,70.22,0.02,NaN,25.23,26.3,26.42,26.56,1216.03,2653.03,3.04,0.0,10.1,0.0,7.5
05/29/2026,1630,CLX,90.02,-6.18,-6.42%,93.66,94.24,89.91,39.6,0.53,0.36,108.94,88.48,88.21,98.82,-1101.01,9856.03,3.18,87.2,100.4,0.0,8.1
05/29/2026,1630,CMCSA,24.87,-.29,-1.15%,25.05,25.05,24.775,34.92,0.17,0.35,30.27,24.53,24.59,25.32,1101.03,2583.03,3.21,69.2,12.1,-17.2,0.0
05/29/2026,1630,CMG,31.86,-.56,-1.73%,32.37,32.67,31.835,41.48,0.3,0.4,34.01,31.63,31.49,33.5,-5105.01,-3182.02,8.04,49.1,42.1,-1.8,0.0
05/29/2026,1630,CMI,646.63,-22.05,-3.30%,665.87,672.95,646.20,46.54,0.46,0.4,516.96,676.9,616.94,716.98,-4109.05,-62809.05,16.05,89.1,90.4,0.0,-0.1
05/29/2026,1630,CNA,42.06,-.29,-0.68%,42.10,42.58,42.02,30.94,0.33,0.44,46.88,42.48,41.78,44.67,-3103.01,-4202.01,20.01,93.1,93.4,-9.9,0.4
05/29/2026,1630,CNC,59.60,+.69,+1.17%,58.645,59.77,58.52,71.41,0.32,0.44,36.28,53.7,56.44,60.71,2203.02,6076.07,21.54,15.1,10.1,-1.8,8.8
05/29/2026,1630,CNH,10.21,-.25,-2.39%,10.35,10.46,10.21,43.79,0.33,0.41,10.7,10.55,9.83,10.85,-6101.04,-990.06,13.06,56.1,58.1,-0.9,-0.6
05/29/2026,1630,CNX,33.69,-.24,-0.71%,33.89,34.20,33.5975,31.03,0.28,0.33,39.78,35.1,32.98,37.32,-14106.01,-3360.01,22.01,17.1,40.1,-8.4,-4.7
05/29/2026,1630,COAL,26.44,-.84,-3.08%,27.11,27.34,26.36,56.67,0.33,0.4,24.72,24.95,24.02,27.3,4204.01,2734.01,1.09,60.1,75.1,0.0,-0.3
05/29/2026,1630,COCO,75.13,-2.25,-2.91%,77.40,77.40,74.60,61.43,0.35,0.54,49.93,68.32,72.42,81.5,1101.08,7970.09,20.25,52.1,35.3,0.0,9.1
05/29/2026,1630,COF,187.93,+.91,+0.49%,186.78,190.08,185.85,48.75,0.24,0.36,178.73,181.3,181.54,190.67,4207.01,19008.01,1.07,68.1,28.1,-2.7,0.0
05/29/2026,1630,COIN,189.03,+6.78,+3.72%,180.23,191.83,178.85,48.64,0.67,0.8,172.05,182.8,165.55,212.23,-7201.02,-16917.02,11.02,83.1,49.1,0.0,-2.2
05/29/2026,1630,COM,34.012,-.198,-0.58%,34.17,34.17,33.95,45.13,0.14,0.15,32.0,34.36,33.62,35.27,-4107.02,-3390.03,12.03,58.1,92.4,0.0,0.0
05/29/2026,1630,COP,113.98,-1.01,-0.88%,114.12,114.5499,112.64,38.18,0.3,0.34,112.93,113.62,111.05,125.97,-3104.01,-11264.01,21.01,56.1,65.3,-2.8,0.0
05/29/2026,1630,COPJ,44.58,-.21,-0.47%,44.70,45.53,43.98,56.25,0.52,0.49,40.4,42.6,39.87,47.26,1204.01,4753.12,12.21,65.1,75.1,0.0,0.7
05/29/2026,1630,COPX,88.14,-.30,-0.34%,87.79,89.32,86.89,57.33,0.53,0.53,76.18,84.82,78.56,92.92,1204.04,9277.12,12.22,71.1,79.1,0.0,2.8
05/29/2026,1630,CORN,17.93,-.28,-1.54%,18.14,18.14,17.90,41.0,0.24,0.25,17.68,18.4,17.66,18.94,-5107.01,-1790.01,20.03,80.1,100.4,-4.9,-2.2
05/29/2026,1630,COST,956.32,-38.88,-3.91%,986.57,998.82,945.45,34.14,0.28,0.25,960.46,985.15,950.69,1086.24,-5105.01,-94545.01,7.01,63.2,100.4,0.0,-1.4
05/29/2026,1630,CP,89.32,-1.28,-1.41%,90.32,91.46,89.20,60.29,0.27,0.27,81.27,84.13,84.13,91.91,8204.01,9146.01,1.4,78.1,84.4,0.3,0.5
05/29/2026,1630,CPAY,361.80,+9.43,+2.68%,350.84,364.24,348.245,69.65,0.5,0.42,307.77,320.17,329.62,366.67,6215.01,36424.01,1.21,77.1,87.4,0.3,13.3
05/29/2026,1630,CPER,38.86,-.20,-0.51%,38.89,39.145,38.73,56.18,0.32,0.32,35.14,38.01,37.31,40.49,-1101.1,4078.12,12.19,60.2,63.2,0.0,8.3
05/29/2026,1630,CPNG,16.60,+.40,+2.47%,16.15,16.75,16.10,44.29,0.71,0.53,18.25,15.65,15.09,16.9,2206.01,1675.01,1.13,77.1,100.4,-21.0,0.0
05/29/2026,1630,CPRI,18.51,-1.23,-6.23%,19.51,19.51,18.18,49.41,0.55,0.56,16.92,16.93,16.8,19.67,4207.01,1951.01,1.12,27.1,81.2,0.0,0.0
05/29/2026,1630,CPT,106.56,-1.46,-1.35%,107.60,107.895,106.032,56.59,0.14,0.29,102.69,103.08,103.21,109.6,7209.02,10880.02,2.09,94.2,12.1,0.7,0.1
05/29/2026,1630,CRCL,113.00,+4.76,+4.40%,108.03,114.4399,106.75,52.43,1.14,0.93,91.13,105.36,96.29,128.5,-4201.02,-9769.02,13.02,NaN,NaN,0.0,0.0
05/29/2026,1630,CRI,38.59,-1.53,-3.81%,39.86,39.88,38.425,58.23,0.67,0.6,31.69,32.16,32.92,41.82,7209.02,4132.02,2.18,56.1,84.2,0.1,1.2
05/29/2026,1630,CRM,191.10,+14.93,+8.47%,180.24,194.1448,180.02,60.51,0.47,0.49,189.58,164.75,166.83,190.82,4209.01,19414.01,1.11,79.3,90.1,-1.2,0.0
05/29/2026,1630,CRSP,56.18,-.20,-0.35%,56.38,56.3936,54.27,60.77,0.51,0.61,50.67,52.02,46.16,57.72,3204.01,5639.01,1.07,25.1,34.1,0.0,0.0
05/29/2026,1630,CRWD,731.00,+60.00,+8.94%,677.435,731.49,674.94,83.8,0.46,0.72,367.99,492.33,613.47,748.4,15202.01,73149.01,1.35,100.4,69.1,16.8,11.7
05/29/2026,1630,CSCO,120.42,+1.78,+1.50%,117.82,121.43,117.0083,75.71,0.52,0.4,75.2,93.14,109.96,134.04,-1103.03,12143.01,9.4,96.3,90.4,15.0,26.6
05/29/2026,1630,CSX,45.26,-.55,-1.20%,45.50,45.915,44.905,51.37,0.23,0.29,39.34,44.23,44.4,47.4,-1102.01,4718.03,3.11,73.1,61.1,1.1,0.7
05/29/2026,1630,CTA,28.88,-.25,-0.86%,28.83,29.0199,28.55,34.18,0.27,0.41,29.6,30.49,28.36,32.44,-6107.01,-2855.01,9.01,95.4,83.3,-4.7,0.0
05/29/2026,1630,CUBE,40.00,-.54,-1.33%,40.31,40.545,39.98,52.89,0.25,0.29,39.06,39.68,38.4,41.21,2207.02,-3824.08,13.08,41.1,72.2,0.0,0.0
05/29/2026,1630,CURB,29.13,-.03,-0.10%,29.00,29.28,28.76,64.84,0.16,0.22,26.39,27.27,27.32,29.66,9209.01,2948.02,2.49,4.1,21.1,1.1,0.0
05/29/2026,1630,CVNA,73.00,-.49,-0.67%,73.59,74.00,71.63,53.08,0.48,0.72,59.86,69.0,60.73,77.21,3204.01,-6109.07,15.07,52.1,28.1,-1.2,0.0
05/29/2026,1630,CVS,90.98,-1.99,-2.14%,92.67,93.58,90.57,55.66,0.39,0.3,76.1,87.36,88.93,97.98,-4107.01,9843.11,12.49,16.1,88.4,0.0,12.0
05/29/2026,1630,CVX,182.46,-.57,-0.31%,182.715,182.97,180.395,40.53,0.28,0.29,184.15,180.74,177.7,197.58,-3104.01,-18040.01,7.01,71.1,85.2,0.0,-0.4
05/29/2026,1630,CWH,7.33,-.33,-4.31%,7.63,7.73,7.31,50.89,0.66,0.87,6.85,6.46,6.5,7.97,3207.01,810.03,3.12,87.1,55.1,0.0,0.0
05/29/2026,1630,CZR,29.05,-.03,-0.10%,29.015,29.11,28.915,61.8,0.44,0.09,23.46,25.2,26.29,29.9,4210.02,2929.02,2.11,0.1,44.1,4.7,0.0
05/29/2026,1630,D,66.94,+.2275,+0.34%,66.75,67.11,65.83,60.93,0.36,0.25,60.77,61.04,62.29,71.57,5209.05,6858.05,6.15,78.2,97.4,11.8,0.1
05/29/2026,1630,DAL,82.48,-.01,-0.01%,82.94,83.83,82.36,73.9,0.44,0.51,55.28,70.01,68.53,85.41,6207.01,8383.01,1.07,61.1,63.2,10.2,2.9
05/29/2026,1630,DAPP,22.70,-.11,-0.48%,22.82,22.82,21.99,63.84,0.55,0.51,15.36,20.82,19.93,23.46,4206.01,2296.02,2.08,18.1,35.1,0.0,6.4
05/29/2026,1630,DAR,59.10,-.52,-0.87%,59.53,60.038,58.69,43.43,0.24,0.46,51.02,61.35,55.74,63.9,-8112.03,-5765.05,18.05,26.1,5.1,-5.8,-4.8
05/29/2026,1630,DASH,159.29,+2.59,+1.65%,156.61,163.2299,155.12,47.53,0.5,0.55,168.0,148.0,149.27,164.53,2203.01,16323.01,1.07,63.1,73.1,-9.4,0.0
05/29/2026,1630,DDOG,247.35,+22.11,+9.82%,234.00,249.8071,228.50,87.51,1.01,0.64,105.17,185.0,206.23,246.32,2202.01,24981.01,1.34,78.1,98.4,0.0,24.5
05/29/2026,1630,DDS,590.21,-18.47,-3.03%,605.29,607.99,580.7801,57.7,0.35,NaN,562.54,522.49,515.22,615.31,5206.01,60799.01,1.07,0.0,24.1,0.0,-0.2
05/29/2026,1630,DE,542.18,+3.18,+0.59%,536.27,546.975,535.00,40.6,0.28,0.3,577.63,572.3,505.99,584.63,-8111.02,-52248.02,16.04,42.1,55.1,-3.4,-13.1
05/29/2026,1630,DECK,113.85,-.46,-0.40%,114.79,115.25,113.12,67.54,0.44,0.41,99.93,93.75,92.6,119.96,6207.01,11563.02,2.18,17.1,62.4,0.2,0.0
05/29/2026,1630,DELL,420.91,+103.86,+32.76%,418.00,429.151,402.27,89.38,1.25,0.79,137.5,228.5,269.02,410.69,5206.01,42915.01,1.71,95.4,100.4,15.3,7.7
05/29/2026,1630,DEO,82.46,-2.13,-2.52%,83.44,83.965,82.46,49.47,0.32,0.34,80.45,79.98,80.12,88.26,-1101.01,8748.03,3.22,74.1,71.1,2.2,6.8
05/29/2026,1630,DG,110.61,+.71,+0.65%,108.79,110.67,108.06,49.94,0.45,0.6,141.62,100.81,99.37,112.25,2202.01,11067.01,1.12,100.4,84.4,-10.9,0.0
05/29/2026,1630,DGX,194.90,-1.30,-0.66%,196.59,197.3799,194.295,53.55,0.17,0.27,195.39,186.23,188.09,198.52,7209.01,19738.01,1.08,70.1,23.1,0.0,2.3
05/29/2026,1630,DIN,31.38,+.16,+0.51%,31.57,32.06,31.30,63.26,0.48,0.63,28.99,27.87,29.18,32.47,13216.01,3206.01,1.16,70.1,59.1,1.3,5.5
05/29/2026,1630,DIS,101.83,-1.90,-1.83%,103.63,103.76,101.83,45.26,0.34,0.29,98.45,103.86,100.2,106.35,-2102.07,10839.14,14.18,42.1,80.4,-0.7,1.5
05/29/2026,1630,DK,44.51,+.12,+0.27%,44.34,45.3633,43.74,52.05,0.51,0.76,39.42,43.4,41.44,46.36,-4202.03,-4111.03,18.03,93.2,33.1,-6.6,0.0
05/29/2026,1630,DKL,49.38,-1.23,-2.43%,50.48,50.845,49.13,40.11,0.3,0.27,50.88,49.48,49.45,52.22,-4105.01,-4913.01,7.01,28.1,72.3,-4.6,0.0
05/29/2026,1630,DKNG,24.49,-.04,-0.16%,24.49,24.715,23.54,50.38,0.43,0.6,23.32,23.75,23.82,25.79,-3102.01,-2354.01,5.01,58.1,47.1,0.0,2.5
05/29/2026,1630,DLTR,116.44,+3.44,+3.04%,111.01,116.88,110.0402,73.23,0.69,0.45,111.3,85.88,86.92,115.56,5207.01,11688.01,1.12,60.3,100.4,0.0,0.0
05/29/2026,1630,DOC,19.15,-.36,-1.85%,19.42,19.43,18.94,56.22,0.62,0.38,16.81,19.28,19.11,20.01,-1102.01,-1894.01,3.01,85.1,96.4,0.0,27.8
05/29/2026,1630,DOCU,52.52,+2.94,+5.93%,50.15,53.36,49.8383,66.17,0.43,0.78,44.38,44.06,45.08,53.29,5210.01,5336.01,1.11,96.2,51.1,5.5,0.0
05/29/2026,1630,DOV,211.36,-.63,-0.30%,211.99,213.27,209.87,44.55,0.22,0.33,201.79,214.01,204.2,218.88,1101.03,-20572.07,16.07,83.1,41.1,-9.9,0.0
05/29/2026,1630,DOW,33.75,-.67,-1.95%,34.48,34.52,33.445,32.02,0.36,0.49,29.39,36.72,32.51,39.52,-11112.01,-3345.01,18.01,23.1,19.1,-5.7,-8.5
05/29/2026,1630,DPZ,310.58,+.23,+0.07%,310.97,312.67,308.20,35.98,0.24,0.36,394.82,306.0,300.84,321.78,-6104.09,-29748.09,25.09,83.2,53.1,-9.3,0.0
05/29/2026,1630,DRI,203.91,-.56,-0.27%,203.52,208.36,202.09,58.67,0.24,0.37,194.26,190.13,191.37,209.38,5207.01,20836.01,1.08,93.2,42.1,1.1,0.0
05/29/2026,1630,DRLL,35.56,-.32,-0.89%,35.68,35.75,35.36,41.78,0.31,0.35,35.02,35.23,34.74,38.76,-2104.01,-3523.03,7.03,93.2,97.4,0.0,0.0
05/29/2026,1630,DRVN,13.84,-.35,-2.47%,14.21,14.21,13.81,54.9,0.59,0.73,10.06,12.59,12.55,14.7,4206.02,1444.02,2.06,71.1,89.1,0.0,1.2
05/29/2026,1630,DT,42.59,+2.08,+5.13%,40.95,43.00,40.82,62.1,0.69,0.56,35.53,32.75,36.26,43.36,3202.01,4300.01,1.11,84.1,100.4,2.2,0.9
05/29/2026,1630,DVN,44.49,+.38,+0.86%,44.06,44.72,43.63,37.99,0.45,0.47,42.7,45.18,42.76,50.16,-3106.01,-4363.01,21.01,99.2,96.4,-7.5,-1.2
05/29/2026,1630,DXCM,73.74,+1.40,+1.94%,72.89,73.825,72.50,69.5,0.47,0.44,66.0,58.43,60.76,79.64,8210.04,7383.01,5.21,34.1,81.4,19.5,1.9
05/29/2026,1630,EA,201.72,+.57,+0.28%,201.15,202.11,201.07,52.79,0.03,0.13,197.01,199.45,200.19,202.32,1202.01,20211.01,1.02,48.1,26.1,-1.5,0.1
05/29/2026,1630,EAT,142.38,+2.36,+1.69%,139.06,146.07,137.63,52.37,0.6,0.53,129.02,126.3,127.16,146.59,3206.01,14607.01,1.11,57.1,89.4,-2.6,0.0
05/29/2026,1630,EBAY,109.27,-2.86,-2.55%,111.02,111.54,108.065,49.99,0.39,0.38,85.52,105.23,106.82,120.3,-2103.01,-10807.01,10.01,67.1,71.2,0.0,0.4
05/29/2026,1630,ECH,41.98,0,0.00%,42.12,42.44,41.76,55.63,0.28,0.28,37.76,40.31,39.14,42.75,4204.01,4244.01,1.08,55.1,72.1,0.0,0.0
05/29/2026,1630,ECPG,79.93,-.365,-0.45%,80.30,80.99,79.43,47.66,0.26,0.35,66.09,78.74,77.97,82.78,1102.03,-7891.06,14.06,25.1,27.1,-4.0,0.0
05/29/2026,1630,EDEN,112.35,-.05,-0.04%,112.49,112.73,112.35,55.49,0.18,NaN,102.5,110.61,110.24,113.64,1207.04,11345.14,14.26,0.0,35.1,-0.1,4.1
05/29/2026,1630,EDU,45.79,-.47,-1.02%,46.46,46.76,45.70,26.78,0.34,0.46,50.19,51.71,43.46,50.55,-8115.04,-4570.01,30.05,31.1,43.3,-19.2,-19.6
05/29/2026,1630,EDV,63.72,-.02,-0.03%,63.85,63.98,63.48,54.49,0.15,0.12,66.46,62.42,60.68,64.43,4205.01,6398.01,1.07,10.1,55.2,0.0,0.0
05/29/2026,1630,EEM,68.60,-.01,-0.01%,68.93,69.11,68.495,64.82,0.29,0.35,56.24,64.99,64.03,69.93,4204.01,6911.01,1.08,96.2,87.1,0.1,4.7
05/29/2026,1630,EFNL,56.81,-.44,-0.77%,57.13,57.13,56.51,60.23,0.25,NaN,47.92,53.61,54.36,58.78,5207.03,5776.03,3.09,0.0,95.4,6.6,5.1
05/29/2026,1630,EFX,165.79,+1.95,+1.19%,163.21,168.31,161.51,45.39,0.32,0.45,195.06,157.59,154.27,171.49,1203.01,-15647.1,28.1,88.1,38.1,-4.3,0.0
05/29/2026,1630,EGP,201.91,-2.89,-1.41%,204.52,207.14,200.94,50.11,0.12,0.21,183.37,201.72,199.98,207.16,-1101.01,-20094.01,1.01,71.1,6.1,0.0,3.6
05/29/2026,1630,EIS,137.69,+.13,+0.09%,138.57,138.85,136.71,66.58,0.2,NaN,121.0,132.63,128.73,140.26,5205.01,13885.01,1.08,0.0,47.1,0.0,3.2
05/29/2026,1630,EL,88.95,-1.57,-1.73%,90.85,90.99,88.88,60.36,0.59,0.47,88.17,81.82,75.6,94.08,5205.01,9235.02,2.06,59.1,85.2,0.4,0.9
05/29/2026,1630,ELS,61.77,-.47,-0.76%,61.98,62.20,61.06,40.53,0.15,0.25,66.7,62.71,60.88,63.75,-1104.01,-6106.01,4.01,31.1,13.1,-0.4,-0.1
05/29/2026,1630,ELV,393.19,+.44,+0.11%,395.93,396.52,389.55,64.09,0.21,0.39,274.84,371.09,380.87,405.65,18104.07,40800.07,7.42,52.1,6.1,0.0,9.7
05/29/2026,1630,EMB,96.43,+.20,+0.21%,96.31,96.51,96.285,60.42,0.07,0.11,95.04,95.44,94.23,96.74,4204.01,9651.01,1.07,77.4,85.1,0.0,0.0
05/29/2026,1630,EMR,143.82,+2.03,+1.43%,142.25,145.565,141.385,58.84,0.4,0.34,134.65,134.5,130.02,145.6,3204.01,14557.01,1.07,69.1,88.2,-0.6,0.0
05/29/2026,1630,ENB,54.74,-.82,-1.48%,55.50,55.67,54.665,46.57,0.19,0.22,53.07,53.33,53.92,58.74,-2103.01,5845.05,5.3,65.1,81.4,6.6,1.7
05/29/2026,1630,ENPH,68.36,-1.14,-1.64%,72.50,73.74,67.27,77.36,1.05,0.99,38.42,35.21,50.87,79.08,16218.01,7374.01,3.21,98.4,81.4,32.5,16.3
05/29/2026,1630,ENR,18.22,-.33,-1.78%,18.45,18.655,18.18,51.26,0.56,0.55,17.76,17.01,15.95,19.39,4206.02,1923.03,3.11,69.1,77.4,0.0,0.0
05/29/2026,1630,ENVX,7.98,+.33,+4.31%,7.555,8.33,7.33,66.11,0.99,1.0,4.62,6.27,5.64,8.34,4205.01,833.01,1.07,46.1,87.4,4.9,0.0
05/29/2026,1630,ENZL,46.7303,+.2467,+0.53%,46.57,47.0575,46.57,66.74,0.19,0.2,44.7,44.9,43.49,47.06,3204.01,4706.01,1.07,8.1,77.1,0.0,0.0
05/29/2026,1630,EOG,133.38,-1.20,-0.89%,132.74,134.405,132.15,43.54,0.32,0.34,124.2,129.2,129.52,146.02,-2104.01,14570.07,7.15,71.1,92.2,0.0,0.0
05/29/2026,1630,EPD,36.79,-.71,-1.89%,37.24,37.39,36.71,36.57,0.24,0.22,36.39,37.15,36.62,40.37,-3104.01,-3671.01,7.01,81.1,94.2,0.0,0.0
05/29/2026,1630,EPHE,23.86,-.52,-2.13%,24.00,24.005,23.82,34.95,0.17,NaN,24.5,24.56,23.81,25.04,-5102.01,-2382.01,15.01,0.0,29.1,-4.9,0.0
05/29/2026,1630,EPOL,40.51,-.09,-0.22%,40.82,40.8451,40.40,59.17,0.28,0.35,34.48,38.55,38.82,41.19,5207.01,4085.01,1.22,73.1,86.1,2.8,6.6
05/29/2026,1630,EPR,57.05,-.48,-0.83%,57.53,57.7999,56.47,48.7,0.18,0.29,56.45,57.48,56.94,59.14,-2103.01,-5647.01,3.01,78.1,30.1,0.0,10.0
05/29/2026,1630,EPU,85.77,+.68,+0.80%,85.29,86.47,84.75,58.55,0.33,NaN,80.39,81.96,79.49,87.67,3207.01,8647.01,1.22,0.0,71.1,2.6,7.1
05/29/2026,1630,EQR,65.45,-.81,-1.22%,65.86,65.86,64.762,53.31,0.16,0.24,60.83,65.13,64.39,67.06,-1101.01,-6476.01,2.01,48.1,18.1,0.0,1.0
05/29/2026,1630,EQRR,78.4956,+.2395,+0.31%,78.13,78.705,78.13,66.27,0.13,NaN,67.12,75.12,76.45,80.2,23201.04,7990.04,4.54,0.0,55.1,19.1,9.9
05/29/2026,1630,EQT,54.93,-.42,-0.76%,55.49,55.535,54.53,38.12,0.28,0.32,60.12,55.11,54.02,59.15,-3104.01,-5453.01,7.01,0.1,41.2,-2.9,-0.9
05/29/2026,1630,ESI,42.43,+.51,+1.22%,42.44,42.52,41.39,55.12,0.45,0.41,29.46,42.67,38.43,45.19,1204.03,-3816.08,18.08,42.1,72.1,-0.4,0.0
05/29/2026,1630,ESPO,89.135,-.095,-0.11%,88.90,89.62,88.6001,43.27,0.14,0.19,88.93,89.19,88.05,90.67,-10106.02,-8807.02,30.02,69.1,11.1,-3.8,-0.2
05/29/2026,1630,ESS,272.64,-3.80,-1.37%,275.89,278.12,271.76,58.16,0.15,0.23,248.86,263.49,266.75,281.69,22101.03,27950.03,3.49,49.1,12.1,3.5,3.4
05/29/2026,1630,ET,19.17,-.25,-1.29%,19.36,19.41,19.11,40.95,0.23,0.25,18.24,19.14,18.98,20.59,-4106.01,-1911.01,7.01,62.1,95.4,-1.0,0.0
05/29/2026,1630,ETH,19.14,+.04,+0.21%,18.96,19.41,18.76,33.59,0.31,0.52,18.25,21.2,18.0,21.64,-10113.02,-1866.02,18.02,5.1,0.1,-2.9,-16.5
05/29/2026,1630,ETH-USD,-82.98,-.59,+0.72%,-84.46,-82.43,-87.34,29.71,0.86,0.73,-37.15,-79.52,-86.41,-70.53,-22104.01,8734.01,42.01,48.1,12.1,-13.7,0.0
05/29/2026,1630,ETHA,15.20,+.01,+0.07%,15.05,15.428,14.895,33.38,0.32,0.66,14.56,16.85,14.28,17.21,-10110.02,-1482.02,18.02,11.1,0.1,-2.8,-16.4
05/29/2026,1630,ETHE,16.31,0,0.00%,16.17,16.555,16.00,32.7,0.31,0.5,15.7,18.11,15.34,18.46,-10113.02,-1591.02,18.02,3.1,0.1,-3.0,-16.5
05/29/2026,1630,ETSY,67.92,+1.14,+1.71%,66.00,68.09,65.655,65.14,0.47,0.57,50.81,56.29,55.81,69.32,4207.01,6809.01,1.11,49.1,38.3,0.0,0.0
05/29/2026,1630,EWA,29.25,+.28,+0.97%,29.35,29.46,29.25,52.69,0.19,0.23,27.97,28.96,28.37,29.53,1202.01,2946.01,1.07,75.2,73.1,-5.6,0.0
05/29/2026,1630,EWC,58.81,+.23,+0.39%,58.62,58.90,58.365,59.24,0.11,0.15,55.22,57.57,57.52,59.12,4207.01,5890.01,1.1,40.1,28.1,0.2,1.4
05/29/2026,1630,EWD,52.74,+.05,+0.09%,52.73,53.245,52.65,56.9,0.25,0.19,49.95,50.19,49.7,54.16,4207.03,5342.03,3.1,39.1,81.3,0.0,1.0
05/29/2026,1630,EWG,43.43,-.06,-0.14%,43.47,43.77,43.38,57.92,0.23,0.23,39.72,41.71,41.57,44.36,5207.02,4380.03,3.1,65.1,86.3,3.6,0.9
05/29/2026,1630,EWH,23.11,+.04,+0.17%,23.03,23.20,22.97,39.02,0.17,0.27,22.66,23.99,22.65,24.35,-9110.01,-2289.02,16.02,95.2,66.2,-0.1,0.0
05/29/2026,1630,EWI,59.37,+.12,+0.20%,59.63,59.845,59.36,57.45,0.25,0.26,51.6,58.18,57.62,59.89,3207.01,5985.01,1.19,81.1,88.2,0.0,7.9
05/29/2026,1630,EWJ,92.96,+.26,+0.28%,92.94,93.37,92.605,61.89,0.16,0.23,82.92,91.36,90.4,93.66,2206.01,9337.01,1.22,67.1,20.1,0.0,17.1
05/29/2026,1630,EWJV,45.52,+.11,+0.24%,45.44,45.7178,45.32,61.28,0.15,NaN,41.38,44.08,44.72,46.16,7221.12,4581.04,12.25,0.0,19.1,0.0,22.1
05/29/2026,1630,EWK,26.96,-.11,-0.41%,27.07,27.12,26.90,61.32,0.19,0.36,24.33,26.24,26.14,27.45,5207.02,2727.02,2.22,76.1,81.1,2.1,12.0
05/29/2026,1630,EWM,28.57,-.22,-0.76%,28.62,28.78,28.485,34.25,0.12,0.19,27.85,30.0,28.22,29.92,-9110.01,-2849.01,16.02,66.1,38.1,-4.1,-4.7
05/29/2026,1630,EWN,67.04,+.08,+0.12%,67.305,67.57,66.82,61.91,0.27,0.23,57.25,63.28,63.76,68.51,5207.01,6757.01,3.22,90.4,85.2,5.6,11.0
05/29/2026,1630,EWO,41.19,+.80,+1.98%,41.29,41.53,41.09,64.73,0.23,NaN,34.44,39.17,38.72,41.49,4207.01,4153.01,1.19,0.0,86.1,3.8,3.3
05/29/2026,1630,EWP,57.91,+.14,+0.24%,57.87,58.38,57.73,57.72,0.24,0.2,52.02,55.92,55.69,58.52,5204.01,5838.01,1.1,65.1,83.1,0.2,3.7
05/29/2026,1630,EWQ,45.97,-.03,-0.07%,46.22,46.40,45.955,55.74,0.25,0.32,42.75,44.66,44.32,46.53,4207.01,4640.01,1.1,96.2,90.3,0.0,0.0
05/29/2026,1630,EWS,29.49,+.06,+0.20%,29.47,29.605,29.41,58.01,0.14,0.18,27.05,28.73,28.98,29.84,4215.06,2961.07,7.22,58.1,38.1,1.2,11.6
05/29/2026,1630,EWUS,43.2242,+.2242,+0.52%,43.21,43.62,43.21,57.15,0.22,0.2,40.94,41.51,41.08,44.07,5207.01,4362.01,4.1,49.1,81.1,0.3,0.0
05/29/2026,1630,EWW,78.43,-.38,-0.48%,78.55,78.64,77.25,51.07,0.2,0.3,71.56,79.44,76.45,80.36,1204.03,8107.11,14.21,86.1,58.1,0.0,5.5
05/29/2026,1630,EWY,205.83,-.58,-0.28%,206.11,208.12,204.48,68.0,0.7,0.89,121.55,173.6,172.2,211.68,4204.01,20812.01,1.4,100.4,93.2,2.5,9.1
05/29/2026,1630,EWZ,35.91,-.20,-0.55%,35.70,35.99,35.525,36.41,0.26,0.32,35.66,36.68,34.42,38.01,-12116.08,-3553.01,34.08,62.1,65.1,-15.0,-3.4
05/29/2026,1630,EWZS,14.0289,-.1211,-0.86%,14.00,14.07,13.83,42.47,0.36,0.37,13.97,13.99,13.26,14.77,-6202.08,-1359.08,35.08,63.1,78.2,-10.3,-1.0
05/29/2026,1630,EXAS,104.91,0,0.00%,0,0,0,76.4,0.04,0.37,101.28,103.1,103.16,104.69,6206.01,10498.01,1.08,32.4,24.1,6.4,0.0
05/29/2026,1630,EXP,221.18,+2.22,+1.01%,219.30,225.71,216.60,66.86,0.35,0.41,188.76,197.6,192.34,222.76,3204.01,22571.01,1.07,91.1,58.2,0.0,0.0
05/29/2026,1630,EXPD,157.99,-.97,-0.61%,158.70,160.28,157.60,57.48,0.42,0.32,141.01,151.49,153.82,162.47,7101.02,16184.02,2.19,75.1,83.4,0.0,14.4
05/29/2026,1630,EXPE,225.79,-1.76,-0.77%,229.21,229.905,224.34,46.42,0.43,0.48,205.45,214.51,211.19,230.54,2204.01,22991.01,1.11,43.1,62.1,-13.5,0.0
05/29/2026,1630,EXR,144.31,-1.50,-1.03%,144.90,145.57,143.30,55.27,0.23,0.28,142.14,141.81,138.26,147.59,4207.02,14722.02,2.08,50.1,49.1,1.2,0.0
05/29/2026,1630,EYE,16.75,-.63,-3.62%,17.16,17.415,16.72,31.03,0.88,0.73,25.35,14.75,12.67,19.61,1202.01,-1610.03,23.11,82.1,96.4,-19.1,-6.0
05/29/2026,1630,EZA,69.41,-.30,-0.43%,69.45,70.20,69.095,50.24,0.35,0.56,68.56,69.33,65.63,71.98,1204.04,-6627.08,14.08,98.2,67.1,-3.3,0.0
05/29/2026,1630,F,17.44,+.79,+4.74%,16.88,17.78,16.82,79.91,0.72,0.56,11.8,11.8,13.85,18.15,9212.01,1778.01,1.18,100.4,100.4,30.5,7.7
05/29/2026,1630,FAF,66.23,-.32,-0.48%,66.36,66.78,65.72,44.31,0.24,0.46,65.09,66.1,64.96,69.46,-7106.01,-6572.01,24.06,85.4,32.1,-5.0,-1.1
05/29/2026,1630,FANG,191.48,-2.66,-1.37%,193.11,193.90,189.50,42.81,0.36,0.39,172.55,186.94,187.33,209.4,-3104.01,-18950.01,19.01,63.1,87.3,-2.0,0.7
05/29/2026,1630,FAST,44.20,-.56,-1.25%,44.66,44.93,44.15,48.37,0.16,0.3,45.28,42.97,43.16,44.97,4205.01,4493.01,1.12,63.1,1.1,0.0,0.0
05/29/2026,1630,FCFS,219.91,-3.34,-1.50%,222.64,225.825,217.07,47.91,0.24,0.32,182.0,221.7,219.2,232.8,-2102.01,-21707.01,2.01,74.1,42.1,0.0,0.8
05/29/2026,1630,FCG,28.52,-.28,-0.97%,28.71,28.77,28.235,38.79,0.33,0.29,27.84,28.86,27.95,31.55,-4106.01,-2824.01,7.01,56.1,94.4,-0.9,0.0
05/29/2026,1630,FDX,411.75,+.35,+0.09%,411.43,413.87,409.12,66.46,0.45,0.4,346.01,367.1,368.2,422.92,7208.01,41387.01,2.17,67.2,94.4,0.1,2.0
05/29/2026,1630,FICO,1250.59,-45.77,-3.53%,1289.88,1299.99,1248.51,64.43,0.41,0.61,1280.61,1046.22,1071.7,1369.79,14210.02,132335.02,2.21,79.1,40.1,16.9,7.4
05/29/2026,1630,FISV,56.56,+.73,+1.31%,55.635,57.33,55.40,48.13,0.46,0.41,58.47,52.17,53.28,58.12,3209.01,5735.03,3.12,37.1,73.4,-11.9,0.0
05/29/2026,1630,FIVE,227.36,+2.46,+1.09%,223.45,229.04,221.95,54.81,0.44,0.57,206.75,203.89,208.64,230.14,3202.01,22904.01,1.12,82.2,73.3,-5.6,0.0
05/29/2026,1630,FLG,14.06,-.11,-0.78%,14.13,14.285,14.05,55.01,0.25,0.36,12.08,13.66,13.15,14.45,3205.01,1429.01,1.08,22.1,21.1,0.0,0.0
05/29/2026,1630,FLNG,29.77,-.23,-0.77%,29.75,29.85,29.25,33.69,0.28,0.35,27.78,30.75,29.89,33.22,-5106.01,-2925.01,18.01,63.1,60.1,-2.1,0.0
05/29/2026,1630,FLO,7.64,-.06,-0.78%,7.76,7.79,7.58,43.22,0.61,0.47,8.62,7.66,6.72,8.31,1205.04,-680.06,20.09,45.1,98.4,-1.3,0.0
05/29/2026,1630,FLUT,96.98,+1.40,+1.46%,95.66,98.72,93.56,44.22,0.42,0.55,103.24,92.22,91.38,99.69,2202.01,9872.01,1.12,72.1,63.1,-12.2,0.0
05/29/2026,1630,FND,51.40,-.02,-0.04%,51.84,52.565,50.91,56.88,0.56,0.64,55.82,44.28,43.01,53.41,4207.01,5257.01,1.07,91.2,87.4,0.0,0.0
05/29/2026,1630,FNF,47.35,-.21,-0.44%,47.40,47.79,47.08,38.37,0.24,0.33,48.29,46.93,46.36,50.0,-9105.01,-4693.12,25.12,56.1,47.1,-11.8,0.0
05/29/2026,1630,FORM,124.59,-5.63,-4.32%,130.73,131.68,123.90,45.45,0.77,0.93,81.01,122.08,108.84,144.78,1101.03,-11231.08,14.08,93.2,77.2,-3.9,0.0
05/29/2026,1630,FOUR,44.56,+.73,+1.67%,43.84,44.72,43.51,53.01,0.64,0.68,44.68,39.61,40.94,44.97,4207.01,4472.01,1.12,71.1,71.1,-0.7,0.3
05/29/2026,1630,FOXA,63.92,-1.91,-2.90%,65.56,65.56,63.40,49.03,0.34,0.38,56.06,61.74,62.53,67.37,-2101.01,6696.11,11.18,69.1,83.3,0.0,2.9
05/29/2026,1630,FR,61.87,-.69,-1.10%,62.77,62.77,61.49,48.59,0.16,0.63,58.49,61.73,60.78,64.06,4101.03,6463.03,3.08,99.4,13.1,0.1,0.0
05/29/2026,1630,FROG,79.48,+6.71,+9.22%,74.20,79.8725,73.82,75.35,0.91,0.68,39.03,62.51,65.07,79.83,1201.01,7987.01,1.32,68.1,85.2,0.0,11.3
05/29/2026,1630,FRPT,51.60,-1.49,-2.81%,52.92,53.46,51.45,40.68,0.6,0.6,79.14,47.95,47.05,54.19,3207.01,5346.01,1.14,57.1,90.4,-10.6,0.0
05/29/2026,1630,FRT,119.63,-1.39,-1.15%,121.84,121.84,119.36,66.65,0.2,0.22,104.08,113.81,113.16,123.28,6207.01,12184.01,1.46,53.1,73.3,4.0,2.5
05/29/2026,1630,FSLY,17.765,+.825,+4.87%,16.95,17.90,16.80,42.34,1.96,0.91,18.68,18.21,14.71,19.32,1201.04,-1570.05,17.13,58.1,87.4,-31.2,0.0
05/29/2026,1630,FTNT,137.97,+8.27,+6.38%,129.585,138.11,129.00,80.23,0.7,0.46,77.19,106.67,120.53,143.04,-1201.04,13811.01,13.32,62.1,87.4,0.0,8.2
05/29/2026,1630,FTV,58.32,-.85,-1.44%,58.55,59.47,58.175,42.88,0.17,0.27,55.41,59.05,57.61,60.51,-1102.01,6068.03,3.06,30.1,4.1,-1.4,0.0
05/29/2026,1630,FTWO,44.81,-.1447,-0.32%,44.79,45.0315,44.64,45.21,0.19,NaN,46.07,45.51,43.48,46.34,-1103.03,-4416.07,13.07,0.0,60.2,-0.3,-3.3
05/29/2026,1630,FUTU,104.07,-.84,-0.80%,103.90,108.24,100.15,33.14,1.49,0.66,135.24,134.81,80.17,131.64,-11102.05,-8050.05,16.05,89.4,100.4,-18.0,-28.1
05/29/2026,1630,FUTY,57.53,-.22,-0.38%,57.83,57.88,57.30,42.52,0.14,0.26,59.24,57.36,56.65,59.08,2102.04,5902.04,4.08,98.4,61.1,-5.9,0.0
05/29/2026,1630,FWONK,90.79,-.27,-0.30%,90.71,92.02,89.73,53.32,0.3,0.31,81.28,87.95,87.55,93.02,1202.01,-8766.05,14.05,67.1,87.1,0.0,3.8
05/29/2026,1630,FWRG,11.63,-.06,-0.51%,11.84,12.08,11.59,48.75,0.42,0.62,11.88,10.76,10.56,12.07,3206.01,1208.01,1.12,50.1,25.1,-5.8,0.0
05/29/2026,1630,FXA,71.21,+.2357,+0.33%,71.21,71.315,71.135,53.76,0.08,0.11,68.75,71.44,70.08,71.85,1202.01,-7053.06,14.06,56.3,48.1,-0.1,-4.8
05/29/2026,1630,FXB,129.55,+.2555,+0.20%,129.35,129.67,129.28,50.5,0.06,0.06,127.55,129.8,127.52,130.5,1204.01,-12799.1,14.1,21.3,48.1,-1.3,-2.4
05/29/2026,1630,FXC,70.8688,-.0112,-0.02%,70.73,70.92,70.73,41.75,0.02,0.08,71.05,71.23,70.45,71.32,-10116.02,-7060.02,20.08,29.1,0.1,-13.9,-11.3
05/29/2026,1630,FXE,107.70,+.20,+0.19%,107.55,107.865,107.49,50.27,0.04,0.07,106.41,107.99,106.4,108.41,1202.01,-10683.06,14.06,51.1,17.1,-1.2,-6.0
05/29/2026,1630,FXF,113.01,+.51,+0.45%,112.88,113.12,112.70,56.12,0.05,0.07,112.21,112.68,111.4,113.43,1202.01,-11160.06,15.06,16.3,4.1,-1.5,-1.9
05/29/2026,1630,FXI,35.05,+.06,+0.17%,35.02,35.285,34.89,35.87,0.21,0.24,35.33,37.07,34.26,37.32,-9110.02,-3463.02,12.02,13.1,69.2,0.0,-11.1
05/29/2026,1630,FXY,57.62,-.03,-0.05%,57.62,57.70,57.61,42.66,0.04,0.09,57.95,58.13,57.13,58.2,-3113.06,-5753.03,17.08,21.1,0.3,-15.3,-0.1
05/29/2026,1630,FYBR,38.49,0,0.00%,0,0,0,73.16,0.03,0.09,37.42,38.06,37.98,38.52,4204.01,3849.01,1.05,8.1,17.1,0.0,0.0
05/29/2026,1630,GAP,21.15,-3.85,-15.40%,21.345,21.70,20.50,39.51,0.78,0.47,22.03,20.78,19.78,25.28,-1101.01,-2050.01,2.01,44.3,92.4,0.0,0.0
05/29/2026,1630,GD,346.82,-2.14,-0.61%,348.56,349.52,345.45,55.55,0.17,0.23,354.52,339.98,335.35,350.12,4205.01,34952.01,1.06,60.1,29.3,0.0,1.7
05/29/2026,1630,GDAXI:DE,25104.70,+12.45,+0.05%,25126.35,25204.13,25040.45,59.6,0.2,NaN,22927.55,23920.7,23965.89,25793.3,7210.03,2539481.03,3.1,0.0,81.1,9.0,0.9
05/29/2026,1630,GDX,89.49,+2.31,+2.65%,87.38,90.36,86.65,49.3,0.52,0.51,95.96,92.75,78.46,97.25,-4201.07,-8332.02,13.07,78.1,70.1,-0.1,-2.6
05/29/2026,1630,GDXJ,119.29,+4.46,+3.88%,115.21,120.05,114.28,50.57,0.56,0.56,127.79,123.26,102.1,130.16,-5201.06,-10940.02,13.07,76.1,70.1,0.0,-3.1
05/29/2026,1630,GE,323.76,+2.94,+0.92%,319.33,325.92,316.58,66.11,0.39,0.41,310.12,291.31,282.41,330.94,5207.01,32592.01,1.1,86.2,77.1,3.5,2.3
05/29/2026,1630,GEL,15.03,-.34,-2.21%,15.22,15.29,14.92,28.56,0.28,0.46,17.69,15.55,14.8,16.64,-4104.01,-1492.01,22.01,90.2,42.4,-7.3,-6.4
05/29/2026,1630,GII,75.69,-.04,-0.05%,75.88,76.04,75.5381,44.98,0.11,0.2,75.14,75.69,74.99,77.02,2103.04,7710.04,4.1,81.4,73.3,-5.7,0.0
05/29/2026,1630,GIL,60.98,-.16,-0.26%,60.72,61.84,60.6209,58.45,0.39,0.33,59.1,56.16,54.91,62.45,5207.01,6184.01,1.07,63.1,81.4,0.0,0.0
05/29/2026,1630,GIS,33.81,-.08,-0.24%,33.57,34.36,33.37,44.27,0.22,0.39,42.27,33.37,32.73,34.36,1203.01,3436.01,1.06,99.2,48.1,-3.7,0.0
05/29/2026,1630,GK,29.92,+.1784,+0.60%,29.90,30.01,29.78,72.38,0.2,0.18,24.66,28.46,28.19,30.17,4204.01,3001.01,1.43,17.1,79.2,3.8,10.7
05/29/2026,1630,GLASF,11.09,-.46,-3.98%,11.73,11.73,11.03,64.11,0.55,NaN,7.2,9.0,9.2,11.9,11211.01,1173.01,1.12,0.0,18.1,1.7,0.0
05/29/2026,1630,GLBE,30.64,+.55,+1.83%,30.09,30.83,29.90,51.78,0.58,0.66,33.43,26.85,27.64,31.49,2207.01,-2706.11,15.11,64.1,81.2,-3.6,0.0
05/29/2026,1630,GLD,417.12,+4.35,+1.05%,415.62,421.82,415.08,45.3,0.2,0.26,458.93,425.85,398.93,433.66,-7201.02,-40430.03,63.03,63.1,45.1,-4.2,-4.8
05/29/2026,1630,GLIN,45.5003,+.1643,+0.36%,45.61,45.79,45.43,55.26,0.23,0.24,41.44,43.73,43.53,46.25,2205.01,-4352.08,16.08,87.2,85.1,-0.8,0.0
05/29/2026,1630,GM,83.24,-1.11,-1.32%,84.80,85.01,81.22,63.06,0.4,0.4,71.92,74.96,72.65,86.02,5207.01,8501.01,1.08,78.1,76.4,2.0,0.0
05/29/2026,1630,GME,21.18,-.50,-2.31%,21.60,21.63,21.14,36.08,0.57,0.57,23.45,21.98,20.34,23.32,-1105.04,-2114.01,19.11,27.3,81.4,-16.6,0.0
05/29/2026,1630,GO,8.51,-.11,-1.28%,8.62,8.69,8.415,61.28,0.51,0.71,5.66,7.6,7.45,8.74,6208.01,869.01,1.08,68.1,73.1,0.3,0.0
05/29/2026,1630,GOLF,88.78,-.25,-0.28%,87.60,89.87,87.59,45.29,0.44,0.28,90.69,83.95,83.91,92.28,3208.03,9218.03,3.16,27.1,97.4,-5.4,0.0
05/29/2026,1630,GOOG,376.43,-9.69,-2.51%,381.225,381.65,374.30,52.46,0.25,0.33,293.93,379.72,371.13,396.87,-6110.01,-37430.01,18.01,29.1,53.4,-2.3,0.0
05/29/2026,1630,GOOGL,380.34,-9.79,-2.51%,385.24,385.24,378.46,52.9,0.26,0.34,294.08,382.77,374.78,400.54,-6110.01,-37846.01,17.01,40.1,52.4,-2.1,0.0
05/29/2026,1630,GOOS,10.16,+.18,+1.80%,9.84,10.26,9.83,44.37,0.52,0.46,10.65,10.59,8.46,10.94,1203.02,-930.07,28.08,38.1,56.4,-11.9,-5.1
05/29/2026,1630,GPI,316.34,-10.10,-3.09%,326.93,326.97,312.20,42.38,0.49,0.44,306.74,327.08,295.46,349.62,1101.03,-30103.07,14.07,85.2,96.4,-1.4,0.0
05/29/2026,1630,GPN,75.51,+1.56,+2.11%,74.00,75.655,73.53,68.34,0.26,0.43,71.87,66.13,66.19,77.5,6207.01,7566.01,2.11,44.1,17.1,1.3,0.0
05/29/2026,1630,GRID,193.07,-.81,-0.42%,193.72,194.22,192.13,54.72,0.27,0.24,161.69,192.65,184.67,200.46,1205.04,-18573.07,16.07,83.1,89.2,0.0,0.6
05/29/2026,1630,GRMN,233.92,-2.43,-1.03%,235.93,240.39,233.565,42.96,0.31,0.31,233.64,231.59,224.88,244.97,2101.05,-22454.08,33.18,46.1,67.1,-0.7,0.0
05/29/2026,1630,GRNY,27.61,+.22,+0.80%,27.46,27.63,27.3745,65.87,0.15,0.22,24.05,26.7,26.49,27.71,5206.01,2763.01,1.07,35.1,23.1,0.9,2.3
05/29/2026,1630,GS,1025.56,+17.19,+1.70%,1009.27,1027.2152,1004.00,71.42,0.28,0.33,795.0,920.8,927.45,1043.37,6207.01,102722.01,1.19,71.1,63.1,13.6,2.5
05/29/2026,1630,GSG,31.80,-.31,-0.97%,31.86,31.98,31.54,40.56,0.27,0.26,26.87,32.66,31.21,34.95,-6107.01,-3154.01,9.01,62.1,76.1,-2.0,0.0
05/29/2026,1630,GTBIF,8.07,+.06,+0.75%,7.65,8.14,7.65,58.73,0.53,NaN,6.1,7.5,6.89,8.23,2204.01,814.01,1.08,0.0,19.1,-1.3,0.0
05/29/2026,1630,GTLB,31.05,+3.12,+11.17%,28.41,31.12,28.33,72.99,0.78,1.04,23.06,22.02,23.25,31.05,6209.01,3112.01,1.11,100.4,100.3,3.8,3.6
05/29/2026,1630,GTM,3.33,+.12,+3.74%,3.365,3.43,3.28,23.42,1.45,0.74,5.93,3.85,1.52,3.88,2204.01,-319.02,14.1,83.1,97.4,-38.5,-22.9
05/29/2026,1630,GVAL,35.57,-.13,-0.36%,35.65,35.83,35.57,54.44,0.18,NaN,32.27,35.01,34.64,36.02,3205.01,3583.01,1.08,0.0,76.1,0.0,2.0
05/29/2026,1630,GVIP,179.4119,+.0441,+0.02%,178.57,179.4119,177.81,68.25,0.19,0.15,146.78,171.75,169.39,181.7,5206.01,18039.02,2.08,73.1,60.1,0.2,6.5
05/29/2026,1630,GVZ:CGI,24.91,0,0.00%,0,0,0,40.97,0.45,NaN,31.92,26.48,22.97,27.2,-3107.05,-2367.05,8.05,0.0,0.1,-0.7,-1.7
05/29/2026,1630,H,181.36,-3.95,-2.13%,186.39,186.97,180.74,63.27,0.37,0.39,141.65,163.2,162.94,189.38,6207.01,18697.01,1.07,68.1,71.1,8.7,2.0
05/29/2026,1630,HACK,99.35,+5.47,+5.83%,94.28,99.4281,94.28,75.64,0.31,0.35,72.76,83.01,87.79,100.77,18202.01,9943.01,1.34,89.3,88.1,14.0,6.1
05/29/2026,1630,HAL,38.85,-.48,-1.22%,39.26,39.32,38.555,40.63,0.3,0.39,33.49,39.14,38.38,43.4,-3105.01,-3856.01,7.01,39.1,27.1,0.0,0.0
05/29/2026,1630,HBB,20.30,+.07,+0.35%,20.23,20.95,19.46,56.15,0.61,0.99,15.98,17.5,17.29,21.37,3207.01,2095.01,1.11,77.1,76.2,0.0,0.0
05/29/2026,1630,HBDC,24.6782,+.0532,+0.22%,24.67,24.8299,24.67,49.86,0.03,NaN,24.45,24.66,24.59,24.76,1201.01,2483.01,1.02,NaN,NaN,0.0,-0.5
05/29/2026,1630,HCA,378.54,-5.85,-1.52%,382.63,387.85,376.51,20.19,0.22,0.32,522.49,420.76,362.33,428.35,-7110.02,-37651.01,10.05,73.1,30.1,-5.1,-4.3
05/29/2026,1630,HD,317.14,-4.07,-1.27%,320.48,322.10,317.00,49.3,0.28,0.32,345.64,299.27,297.25,325.67,4207.01,32210.01,1.08,82.2,83.2,0.0,0.0
05/29/2026,1630,HELE,27.14,+.02,+0.07%,26.86,27.78,26.86,69.39,0.56,0.77,15.21,22.2,22.44,28.58,5206.01,2778.01,1.09,43.2,62.1,0.0,0.3
05/29/2026,1630,HII,308.17,-11.35,-3.55%,317.15,318.19,304.25,29.96,0.48,0.4,411.06,313.43,305.81,335.97,-11104.01,-30425.01,69.01,62.1,91.4,-12.8,0.5
05/29/2026,1630,HIMS,26.15,+.77,+3.03%,25.55,26.635,24.13,54.53,0.89,0.87,15.21,23.26,20.67,28.17,-7203.07,-2153.08,14.08,35.1,53.1,-2.2,0.0
05/29/2026,1630,HLN,9.06,-.15,-1.63%,9.16,9.1999,9.06,40.21,0.19,0.33,10.08,8.95,8.91,9.44,6101.03,938.03,3.14,83.2,40.1,0.0,0.0
05/29/2026,1630,HLT,327.66,-9.89,-2.93%,337.26,337.81,327.55,54.65,0.27,0.3,290.0,308.76,308.87,340.2,7207.01,33781.01,1.19,69.1,85.3,0.0,0.0
05/29/2026,1630,HOOD,94.30,+9.46,+11.15%,85.66,94.40,84.235,69.08,0.68,0.74,72.25,74.25,69.53,90.46,1203.01,9440.01,1.02,67.1,62.1,0.0,0.0
05/29/2026,1630,HPP,11.98,-.08,-0.66%,12.20,12.585,11.93,64.73,0.76,1.01,6.32,10.7,10.63,12.62,3204.01,1259.01,1.4,64.1,79.1,0.0,13.6
05/29/2026,1630,HQY,87.99,-2.53,-2.79%,91.52,95.00,86.05,58.09,0.31,0.38,75.0,79.69,80.74,92.11,7209.01,9500.01,1.08,44.1,31.1,3.9,0.0
05/29/2026,1630,HSI:HK,25182.39,0,0.00%,0,0,0,39.59,0.16,NaN,25727.0,26219.26,24639.92,26363.91,-8109.02,-2472726.02,10.02,0.0,21.1,-0.1,-8.5
05/29/2026,1630,HSY,194.03,-3.01,-1.53%,195.33,196.33,193.005,51.28,0.27,0.3,216.58,183.69,187.19,200.27,7203.02,19844.02,2.18,41.1,64.2,3.7,5.8
05/29/2026,1630,HTZ,5.40,-.09,-1.64%,5.47,5.54,5.381,46.83,0.67,1.1,3.89,5.62,4.53,6.11,1202.01,-480.06,29.06,72.1,50.1,-5.1,-0.7
05/29/2026,1630,HUBS,220.63,+21.83,+10.98%,202.80,222.55,202.77,54.62,1.04,0.77,255.0,173.25,181.12,223.58,2205.01,22255.01,1.12,86.1,100.4,-7.2,0.0
05/29/2026,1630,HUM,305.42,-3.28,-1.06%,309.13,309.24,303.01,73.2,0.49,0.45,171.96,247.5,290.79,327.73,-1106.04,31566.07,12.55,32.1,61.4,0.0,25.6
05/29/2026,1630,HYG,80.31,+.08,+0.10%,80.26,80.36,80.205,56.92,0.05,0.06,79.54,79.7,79.4,80.52,5207.01,8036.01,1.08,34.1,79.1,0.0,0.0
05/29/2026,1630,HYLS,40.90,+.06,+0.15%,40.89,41.07,40.82,50.64,0.05,NaN,40.66,40.86,40.6,41.05,2202.01,4107.01,1.04,0.0,79.1,-0.7,-1.4
05/29/2026,1630,IAK,128.37,-1.18,-0.91%,129.47,129.6701,128.16,36.59,0.13,0.16,130.88,129.54,127.94,136.03,-2103.01,-12816.01,6.01,60.1,23.1,1.0,-0.1
05/29/2026,1630,IBB,172.18,-.06,-0.03%,172.408,172.91,171.53,55.93,0.21,0.23,165.31,168.82,164.02,174.87,3206.01,-16208.08,14.08,42.1,60.1,0.0,0.0
05/29/2026,1630,IBIT,41.63,+.07,+0.17%,41.33,42.08,41.0142,38.78,0.29,0.44,37.5,44.58,40.3,45.94,-9110.01,-4101.01,17.01,12.1,5.1,-2.3,-1.7
05/29/2026,1630,IDX,10.86,+.04,+0.37%,10.84,10.89,10.8001,21.1,0.27,NaN,14.1,12.28,10.04,11.68,-15201.04,-1067.04,30.06,0.0,81.1,-43.2,-30.2
05/29/2026,1630,IDXX,563.53,-4.50,-0.79%,567.41,573.495,562.89,52.55,0.3,0.32,594.32,523.38,526.81,576.87,3208.01,57350.01,1.12,56.1,58.1,-0.6,0.0
05/29/2026,1630,IEF,94.65,+.11,+0.12%,94.64,94.74,94.53,52.67,0.06,0.07,96.17,94.11,93.04,95.01,3204.01,9474.01,1.07,33.1,76.2,-0.3,0.0
05/29/2026,1630,IFF,76.05,-1.98,-2.54%,80.40,81.165,75.79,52.76,0.69,0.33,71.21,76.82,70.92,80.38,2203.01,8117.01,1.21,52.1,96.4,-0.2,5.5
05/29/2026,1630,IGLB,50.13,+.05,+0.10%,50.14,50.261,50.0699,58.78,0.08,0.09,50.12,49.36,48.69,50.37,4206.01,5026.01,1.07,37.1,65.1,0.0,0.0
05/29/2026,1630,IGSB,52.54,+.06,+0.11%,52.51,52.61,52.501,57.14,0.03,0.03,52.74,52.33,52.18,52.58,4204.01,5261.01,1.07,65.3,67.1,0.0,0.0
05/29/2026,1630,IIGD,24.525,+.025,+0.10%,24.54,24.54,24.5201,49.35,0.03,NaN,24.8,24.56,24.3,24.59,2204.01,-2436.07,36.07,0.0,76.2,-5.8,-2.3
05/29/2026,1630,IJT,163.34,-1.035,-0.63%,163.96,164.2708,162.94,58.51,0.16,0.2,141.7,159.23,157.38,166.67,4206.02,16561.03,3.07,71.1,31.1,0.0,0.0
05/29/2026,1630,ILMN,162.96,+4.26,+2.68%,159.96,165.37,158.10,78.75,0.37,0.42,120.36,134.67,138.83,161.85,5206.01,16537.01,1.21,20.1,27.1,0.1,1.5
05/29/2026,1630,INDA,48.56,-.13,-0.27%,48.76,48.83,48.51,49.43,0.18,0.23,49.01,47.3,47.02,49.38,1205.05,-4713.08,16.08,86.1,80.1,-7.0,0.0
05/29/2026,1630,INDY,42.70,-.03,-0.07%,42.93,42.94,42.70,46.91,0.17,NaN,44.29,41.73,41.6,43.35,1205.05,-4169.08,35.12,61.1,69.1,-9.9,0.0
05/29/2026,1630,INFL,52.05,-.18,-0.34%,52.24,52.305,51.941,40.77,0.12,0.26,51.87,52.32,51.82,53.73,-3104.01,-5194.01,12.01,81.2,38.1,0.0,0.0
05/29/2026,1630,INMD,13.93,-.12,-0.85%,14.10,14.1788,13.89,48.73,0.27,0.34,12.95,13.64,13.71,14.11,1202.01,1418.01,1.02,21.1,25.1,-8.3,0.0
05/29/2026,1630,INTC,114.68,-6.21,-5.14%,123.85,126.64,113.54,59.19,0.88,0.88,41.64,111.8,105.95,129.56,1101.01,12664.01,1.08,97.3,80.4,0.0,2.9
05/29/2026,1630,INVH,29.25,-.13,-0.44%,29.23,29.69,29.12,63.34,0.17,0.29,25.47,28.14,28.18,29.92,7209.01,2969.01,1.1,55.1,24.1,0.0,0.8
05/29/2026,1630,IONQ,72.07,+1.93,+2.75%,69.64,72.17,66.80,75.54,1.02,1.09,33.81,45.72,49.06,76.48,6207.01,7217.01,2.08,76.2,65.2,14.4,6.2
05/29/2026,1630,IPO,56.60,+.84,+1.51%,56.00,56.65,55.31,74.78,0.33,0.28,41.49,48.04,49.61,57.42,6207.01,5665.01,1.13,66.2,75.1,7.6,3.4
05/29/2026,1630,IRM,128.25,+1.42,+1.12%,126.745,128.45,125.00,60.19,0.27,0.37,102.52,123.29,123.18,130.07,1204.04,-12205.08,16.08,56.1,37.3,-2.2,3.1
05/29/2026,1630,IRT,16.23,-.21,-1.28%,16.36,16.42,16.13,47.86,0.15,0.4,15.98,16.14,16.01,16.93,-1103.01,-1613.01,4.01,71.2,7.1,0.0,0.0
05/29/2026,1630,ITA,235.44,-.13,-0.06%,234.44,235.93,230.98,64.98,0.24,0.28,236.14,221.54,216.86,237.94,5207.01,23593.01,1.24,90.1,76.1,3.4,3.2
05/29/2026,1630,ITB,93.06,-.12,-0.13%,93.18,94.41,92.45,52.03,0.32,0.37,94.53,88.12,86.16,95.57,4207.01,9441.01,1.08,96.2,76.3,0.0,0.0
05/29/2026,1630,ITW,247.28,-2.36,-0.95%,248.67,249.21,246.95,37.56,0.17,0.26,269.95,249.07,244.94,252.61,-1102.02,-24632.02,34.02,81.1,27.1,-6.6,0.0
05/29/2026,1630,IVOL,17.80,-.01,-0.06%,17.78,17.835,17.78,24.49,0.04,0.26,18.74,18.03,17.67,18.11,-13123.04,-1778.01,42.04,72.1,0.1,-20.6,-9.4
05/29/2026,1630,IWC,191.12,-1.81,-0.94%,193.05,193.05,189.05,62.36,0.25,0.24,159.14,181.49,177.72,196.15,5206.01,19324.02,2.07,66.1,63.2,1.1,2.2
05/29/2026,1630,IWF,127.85,+.73,+0.57%,127.31,128.15,127.21,75.05,0.11,0.22,110.12,122.14,122.72,128.2,10207.01,12815.01,1.43,65.1,12.1,0.0,17.0
05/29/2026,1630,IWM,290.43,-1.60,-0.55%,291.38,291.41,288.33,64.11,0.19,0.24,244.39,278.28,274.25,295.9,4206.02,29274.02,2.07,35.1,52.1,1.7,1.1
05/29/2026,1630,IWN,213.87,-1.49,-0.69%,214.85,214.85,213.235,62.19,0.16,0.22,185.09,206.63,204.6,217.82,4207.02,21565.02,2.07,70.1,30.1,2.1,0.0
05/29/2026,1630,IWO,380.77,-2.01,-0.53%,382.40,382.97,376.79,64.67,0.23,0.25,312.58,361.76,355.6,388.68,5206.01,38395.02,2.07,71.1,62.1,1.4,2.2
05/29/2026,1630,J,119.86,+.90,+0.76%,117.41,122.4499,117.41,50.7,0.5,0.37,130.74,105.68,108.76,121.77,3206.01,12245.01,1.11,85.1,93.4,-15.1,0.0
05/29/2026,1630,JACK,12.45,+.89,+7.70%,12.03,12.6999,11.90,53.02,0.87,0.6,13.37,12.57,9.54,13.66,1203.01,-1064.08,15.08,2.1,95.4,-0.6,-3.8
05/29/2026,1630,JBHT,276.43,+3.91,+1.43%,270.40,277.85,270.275,70.11,0.39,0.41,206.43,231.48,245.58,286.59,5211.03,27785.01,7.11,85.1,79.2,15.5,0.2
05/29/2026,1630,JBLU,5.47,+.09,+1.67%,5.38,5.52,5.375,61.5,0.58,0.81,4.08,4.61,4.39,5.71,5206.01,552.01,1.07,43.1,51.1,0.0,0.0
05/29/2026,1630,JBSAY,14.44,0,0.00%,0,0,0,49.84,0.41,NaN,NaN,NaN,Infinity,-Infinity,2201.01,1550.01,1.04,0.0,47.1,-0.8,-0.1
05/29/2026,1630,JETS,29.32,+.18,+0.62%,29.25,29.755,29.185,68.15,0.4,0.48,23.9,25.89,24.97,30.02,5207.01,2976.01,1.07,83.1,92.2,2.1,0.5
05/29/2026,1630,JNJ,225.33,-5.47,-2.37%,231.23,231.50,224.585,42.79,0.2,0.25,235.43,220.37,222.13,237.18,-1101.01,23550.05,5.14,83.1,88.3,6.3,2.3
05/29/2026,1630,JNK,96.77,+.15,+0.16%,96.66,96.82,96.63,58.33,0.04,0.07,95.68,95.95,95.6,96.99,5207.01,9682.01,1.07,43.1,61.1,0.0,0.0
05/29/2026,1630,JOBY,11.90,-.40,-3.25%,12.15,12.20,11.43,65.28,0.92,0.92,9.14,9.9,9.77,12.41,4206.01,1220.01,1.22,74.2,78.4,2.6,11.0
05/29/2026,1630,JOE,63.63,-.59,-0.92%,63.95,64.6899,63.58,43.94,0.32,0.36,66.15,62.86,62.4,64.97,1101.01,6469.01,1.02,67.1,71.3,-5.5,0.2
05/29/2026,1630,JOET,44.69,+.23,+0.52%,44.63,44.79,44.61,68.57,0.13,0.15,40.44,42.87,42.61,44.93,5206.01,4479.01,1.07,9.1,37.1,5.4,1.4
05/29/2026,1630,JPM,299.31,+2.58,+0.87%,296.40,299.88,295.195,45.7,0.22,0.28,280.45,295.55,294.37,307.06,-3103.01,-29520.01,4.01,58.1,67.1,-5.6,0.0
05/29/2026,1630,JPXN,100.0562,+.3962,+0.40%,99.94,100.3555,99.73,61.18,0.16,NaN,89.58,99.1,97.1,101.07,2204.01,10093.12,14.26,0.0,31.1,0.0,14.6
05/29/2026,1630,JYNT,8.90,-.26,-2.84%,9.22,9.22,8.86,52.04,0.34,0.37,8.09,8.25,8.22,9.54,7209.02,949.02,2.09,3.1,54.2,1.2,0.0
05/29/2026,1630,K,83.44,0,0.00%,0,0,0,60.53,0.03,0.1,76.99,83.35,82.98,83.69,1203.03,-8305.04,9.04,25.1,26.1,0.9,-1.1
05/29/2026,1630,KBA,34.32,-.05,-0.15%,34.35,34.4438,34.28,59.26,0.23,0.27,29.53,33.71,32.87,35.28,1204.04,-3301.06,12.06,67.1,86.4,0.8,0.0
05/29/2026,1630,KBWP,115.3198,-1.1753,-1.01%,116.41,116.5936,115.15,33.85,0.14,0.1,121.7,115.84,114.8,122.6,-2103.01,-11515.01,7.01,13.1,31.1,0.0,0.0
05/29/2026,1630,KCE,151.93,+.79,+0.52%,150.85,153.01,150.27,53.84,0.13,0.16,136.76,150.91,149.45,153.99,-2201.01,-14975.06,11.06,46.1,0.1,0.0,0.0
05/29/2026,1630,KDP,30.03,-.01,-0.03%,29.985,30.29,29.735,65.25,0.17,0.27,27.48,28.46,28.55,30.38,4205.01,3029.01,1.05,45.1,21.1,0.0,0.1
05/29/2026,1630,KEMX,51.748,+.218,+0.42%,51.86,52.0585,51.5501,68.41,0.34,0.25,40.0,47.5,46.98,52.46,5206.01,5206.01,1.08,62.1,88.2,0.8,7.4
05/29/2026,1630,KHC,24.01,-.46,-1.88%,24.45,24.48,23.87,59.71,0.23,0.32,23.48,23.02,22.88,24.63,8209.01,2448.01,1.18,57.1,40.1,2.5,7.0
05/29/2026,1630,KLAC,1921.71,-5.92,-0.31%,1929.90,1975.00,1911.46,57.95,0.5,0.65,1321.02,1743.0,1740.45,2028.21,5207.01,206008.03,3.08,100.2,75.2,2.8,3.1
05/29/2026,1630,KMX,44.62,+.72,+1.64%,44.28,45.43,43.791,67.14,0.47,0.73,39.35,36.43,35.99,45.22,5206.01,4543.01,1.07,92.2,68.1,2.1,0.0
05/29/2026,1630,KNX,75.63,+.61,+0.81%,74.13,76.385,74.00,72.54,0.58,0.45,54.21,59.34,63.83,79.54,8211.02,7639.01,7.11,81.1,96.4,18.8,0.0
05/29/2026,1630,KO,79.01,-1.40,-1.74%,80.04,80.33,78.905,47.41,0.15,0.2,76.35,77.84,78.56,82.88,-1102.01,-7891.01,7.01,44.1,38.1,0.3,5.1
05/29/2026,1630,KR,62.15,-1.51,-2.37%,63.52,63.73,61.73,34.62,0.31,0.39,67.18,64.04,61.51,69.8,-5104.01,-6173.01,7.01,98.3,79.2,0.0,-2.2
05/29/2026,1630,KRE,69.61,+.06,+0.09%,69.37,69.925,69.21,54.44,0.18,0.29,62.44,67.08,66.88,71.04,3207.03,7064.03,3.1,30.1,17.1,0.0,0.0
05/29/2026,1630,KSA,38.75,+.04,+0.10%,38.80,38.95,38.57,49.7,0.1,0.29,36.01,38.42,38.21,39.07,2206.01,3895.01,1.26,80.1,16.1,0.0,0.7
05/29/2026,1630,KSS,14.36,-1.23,-7.89%,15.16,15.455,14.13,55.82,0.92,0.66,13.86,12.03,11.0,15.45,4206.01,1546.01,1.09,9.2,76.4,0.0,0.0
05/29/2026,1630,KVUE,17.28,-.36,-2.04%,17.62,17.685,17.24,46.56,0.19,0.16,17.87,17.11,16.98,17.77,5101.01,1768.01,1.06,0.1,29.1,0.0,0.0
05/29/2026,1630,KW,11.01,-.02,-0.18%,11.02,11.025,11.00,57.04,0.04,0.14,10.83,10.97,10.97,11.04,-1202.05,1104.09,14.18,0.1,11.1,0.0,14.8
05/29/2026,1630,KWEB,26.73,+.07,+0.26%,26.58,26.93,26.42,36.01,0.35,0.35,29.11,28.87,25.56,29.4,-7111.02,-2623.02,12.02,64.1,86.4,-0.9,-8.7
05/29/2026,1630,LAMR,152.46,+.34,+0.22%,151.55,153.365,151.00,63.79,0.37,0.3,132.0,145.32,144.3,157.62,1202.01,15766.14,14.49,79.2,95.4,0.0,11.9
05/29/2026,1630,LCID,6.55,+.09,+1.39%,6.47,6.75,6.34,50.97,0.57,1.02,9.53,5.83,5.55,6.65,4204.01,675.01,1.06,64.1,26.1,0.0,0.0
05/29/2026,1630,LEVI,23.20,-.52,-2.19%,23.67,23.67,23.01,61.17,0.32,0.43,18.14,21.04,20.48,24.13,5206.01,2367.01,1.07,65.1,45.1,0.2,0.0
05/29/2026,1630,LFMD,4.28,-.31,-6.75%,4.59,4.60,4.175,48.04,0.9,0.91,2.68,4.25,3.93,4.66,2101.01,460.01,1.12,54.1,68.1,-8.0,0.0
05/29/2026,1630,LFST,7.71,-.10,-1.28%,7.81,7.89,7.6901,53.96,0.9,0.29,6.71,7.59,7.33,8.04,1202.02,-724.05,16.05,2.1,87.4,-0.6,0.5
05/29/2026,1630,LH,260.06,-1.97,-0.75%,262.62,263.725,259.51,51.24,0.18,0.29,264.24,252.65,252.46,263.62,5207.01,26373.01,1.06,76.1,34.1,0.0,0.9
05/29/2026,1630,LI,15.01,-.53,-3.41%,15.055,15.30,14.905,28.43,0.55,0.5,16.62,17.66,13.94,18.63,-8110.02,-1491.01,11.02,35.3,100.4,0.0,-17.2
05/29/2026,1630,LII,502.16,+5.14,+1.03%,493.53,510.04,490.59,50.39,0.34,0.43,495.34,499.82,472.48,519.97,1204.03,-47522.06,16.06,88.1,53.1,-6.0,-0.3
05/29/2026,1630,LIN,497.69,-4.29,-0.85%,500.00,502.53,495.3251,44.36,0.21,0.25,474.63,492.26,495.1,520.98,-2103.01,-49533.01,5.01,75.1,90.2,1.5,1.5
05/29/2026,1630,LIT,87.15,-.35,-0.40%,87.50,88.04,87.00,56.02,0.31,0.39,67.61,87.87,80.07,90.68,1204.02,-8220.07,16.07,83.2,45.1,-3.6,-1.1
05/29/2026,1630,LLY,1105.00,-21.80,-1.93%,1127.00,1132.66,1089.005,69.37,0.31,0.36,965.6,943.26,997.79,1149.89,14208.01,113266.01,1.22,31.1,48.3,9.5,10.2
05/29/2026,1630,LMND,58.00,-.04,-0.07%,57.50,59.4966,56.57,51.49,0.53,0.74,48.9,52.15,52.46,59.88,7207.01,5950.01,1.08,24.1,4.1,0.0,2.0
05/29/2026,1630,LMT,530.45,-6.76,-1.26%,536.24,537.25,527.95,45.91,0.18,0.32,646.2,502.45,513.42,544.57,6219.02,54121.02,2.25,72.1,23.1,0.0,1.7
05/29/2026,1630,LNG,224.86,-4.71,-2.05%,228.43,228.77,223.83,28.54,0.3,0.35,241.14,238.15,223.93,249.52,-8107.01,-22383.01,20.01,77.1,62.1,-20.2,0.0
05/29/2026,1630,LOGI,121.87,+10.11,+9.05%,117.50,123.565,117.50,74.49,0.51,0.47,88.25,101.67,102.14,120.71,11206.01,12357.01,1.34,92.1,99.4,3.0,3.0
05/29/2026,1630,LOTMY,29.64,+.2668,+0.91%,29.484,30.138,29.45,46.77,0.45,NaN,24.06,29.98,28.07,31.34,-3111.05,3304.16,16.22,0.0,NaN,-3.7,0.0
05/29/2026,1630,LOW,214.36,-3.56,-1.63%,217.03,219.07,214.145,37.16,0.28,0.33,243.59,218.09,208.19,226.57,-12101.04,-21105.04,28.04,81.1,67.1,-5.5,-5.5
05/29/2026,1630,LQD,109.36,+.10,+0.09%,109.39,109.60,109.29,57.21,0.06,0.07,109.77,108.3,107.25,109.75,4205.01,10960.01,1.07,29.1,71.1,0.0,0.0
05/29/2026,1630,LRCX,318.18,+.18,+0.06%,322.00,324.25,316.811,66.07,0.55,0.69,194.08,277.77,276.19,333.44,6207.01,32425.01,2.21,86.1,67.1,6.6,10.7
05/29/2026,1630,LUV,42.95,-.36,-0.83%,43.28,44.12,42.94,60.81,0.4,0.52,38.82,38.83,37.36,44.84,5207.01,4412.01,1.07,73.1,53.1,0.8,0.6
05/29/2026,1630,LUXE,7.03,+.09,+1.30%,6.91,7.24,6.83,35.43,0.59,0.82,8.52,7.77,6.09,8.05,-10116.07,-673.04,16.07,50.1,79.2,-12.2,-8.7
05/29/2026,1630,LVS,50.57,-.54,-1.06%,51.21,51.35,50.40,42.54,0.23,0.4,51.47,50.74,48.3,52.39,1203.02,-4855.05,28.05,60.1,18.1,-5.8,-0.4
05/29/2026,1630,LW,43.18,-.35,-0.80%,43.66,43.66,42.70,51.6,0.37,0.38,44.43,40.3,40.91,44.85,-2203.06,-4056.06,8.06,44.1,71.1,0.0,0.0
05/29/2026,1630,LYB,66.65,-1.70,-2.49%,68.31,68.46,66.24,36.38,0.32,0.49,55.39,70.76,65.08,75.18,-10109.01,-6624.01,18.01,48.1,10.1,-5.4,-0.8
05/29/2026,1630,LYFT,14.11,+.29,+2.10%,13.83,14.23,13.72,55.09,0.33,0.55,12.83,13.29,12.84,14.39,2205.01,1423.01,1.07,23.1,17.1,-1.2,0.0
05/29/2026,1630,LYV,168.41,+1.38,+0.83%,166.34,170.90,165.965,59.71,0.29,0.34,154.63,159.76,163.03,171.6,2203.01,17090.01,1.25,26.1,50.1,0.0,10.5
05/29/2026,1630,M,21.76,-.69,-3.07%,22.15,22.23,21.735,64.47,0.47,0.64,17.05,17.99,18.28,23.12,7208.01,2258.02,2.1,89.2,76.2,6.5,0.0
05/29/2026,1630,MA,493.98,+.23,+0.05%,494.50,500.11,492.835,45.55,0.19,0.26,509.11,490.32,488.24,504.58,-2104.02,-48635.02,5.02,56.1,41.1,-1.4,0.0
05/29/2026,1630,MAC,22.52,-.31,-1.36%,22.72,22.92,22.46,58.03,0.3,0.33,17.91,21.25,21.68,23.05,6208.01,2292.01,1.13,13.1,50.1,5.5,2.2
05/29/2026,1630,MAR,375.60,-10.16,-2.63%,385.555,386.88,373.29,60.31,0.26,0.32,311.2,346.26,348.36,394.18,9211.01,38837.02,2.19,71.1,55.1,1.9,0.3
05/29/2026,1630,MARA,14.38,+.31,+2.20%,13.87,14.6389,13.58,67.2,0.58,0.89,7.89,11.73,12.14,15.06,6207.01,1464.01,1.08,32.1,14.1,5.0,1.9
05/29/2026,1630,MCD,279.20,+1.23,+0.44%,277.78,281.42,277.42,40.33,0.18,0.22,321.32,271.98,274.2,285.85,2102.06,-27198.14,29.14,60.1,71.3,-3.3,0.6
05/29/2026,1630,MCHP,94.65,-1.39,-1.45%,96.675,97.99,93.99,55.71,0.38,0.56,61.68,94.42,89.79,100.01,3101.01,10025.03,3.06,80.1,35.3,-2.2,0.5
05/29/2026,1630,MCK,742.44,-14.54,-1.92%,760.04,761.99,738.09,34.93,0.34,0.29,909.77,723.68,727.99,783.09,-1101.01,-72368.14,33.14,63.1,92.4,-13.2,0.0
05/29/2026,1630,MCO,453.25,+2.80,+0.62%,448.91,459.24,448.41,54.11,0.25,0.33,447.52,432.35,430.49,459.88,5207.01,45924.01,1.07,80.1,54.1,0.0,0.0
05/29/2026,1630,MCW,7.10,0,0.00%,0,0,0,66.52,0.05,NaN,6.96,7.04,7.02,7.12,5205.01,711.01,1.18,56.2,10.1,0.4,6.5
05/29/2026,1630,MDB,335.55,+9.87,+3.03%,350.50,352.59,303.97,63.26,0.68,0.7,229.6,282.05,290.41,348.05,2202.01,35259.01,1.34,66.4,73.1,0.0,4.1
05/29/2026,1630,MDLZ,61.17,-1.22,-1.96%,62.10,62.15,61.09,52.79,0.15,0.26,56.55,60.78,60.4,62.45,6101.01,6215.01,1.07,62.1,10.1,0.0,0.3
05/29/2026,1630,MELI,1695.65,+.12,+0.01%,1682.87,1707.00,1679.0145,49.98,0.61,0.4,1660.2,1495.0,1544.37,1752.94,2207.02,-149500.12,16.12,50.1,98.4,-9.9,0.0
05/29/2026,1630,META,632.51,-2.78,-0.44%,633.50,634.50,623.35,55.36,0.2,0.36,626.78,592.6,597.38,641.18,3205.01,64300.02,2.06,54.1,13.1,0.0,0.0
05/29/2026,1630,MGM,43.67,+.74,+1.72%,43.00,44.28,42.72,74.41,0.41,0.42,33.45,36.74,35.67,44.0,5206.01,4428.01,1.06,54.1,82.1,0.0,-0.5
05/29/2026,1630,MGPI,17.65,-.81,-4.39%,18.28,18.28,17.60,39.25,0.41,0.51,17.74,17.95,17.07,18.96,1101.02,-1751.07,17.12,44.1,65.1,-9.7,0.0
05/29/2026,1630,MICC,16.20,-.18,-1.10%,16.50,16.52,16.20,58.84,0.52,0.42,14.89,14.74,14.79,17.3,2203.06,1703.1,10.26,NaN,NaN,8.5,3.7
05/29/2026,1630,MKOR,66.555,+.035,+0.05%,66.78,66.78,65.86,64.42,0.62,0.6,43.17,59.01,57.91,68.77,5206.01,6678.01,3.08,100.4,91.2,0.0,5.9
05/29/2026,1630,MLCO,5.56,+.02,+0.36%,5.55,5.62,5.505,51.48,0.34,0.59,5.45,5.25,5.36,5.65,3204.01,562.01,1.04,64.1,43.1,0.0,3.2
05/29/2026,1630,MLM,581.64,+6.50,+1.13%,574.70,592.22,574.70,51.16,0.31,0.3,589.64,572.37,523.06,597.13,2204.01,59222.01,1.07,83.1,87.2,-1.0,0.0
05/29/2026,1630,MNDY,83.62,+6.13,+7.91%,79.26,83.92,78.455,62.97,0.79,0.74,68.8,67.12,69.56,85.73,3209.01,8392.01,1.11,59.1,83.4,2.4,2.1
05/29/2026,1630,MNSO,12.97,+.40,+3.18%,13.12,13.28,12.95,33.33,0.37,0.52,16.36,13.98,12.03,14.53,-16110.02,-1230.02,37.02,50.1,67.1,-7.6,-13.3
05/29/2026,1630,MNST,88.08,+.09,+0.10%,87.99,89.095,87.424,65.84,0.5,0.27,73.35,83.13,85.46,89.48,1201.01,8910.01,1.18,41.1,96.4,0.0,22.0
05/29/2026,1630,MO,69.58,-2.39,-3.32%,71.20,71.43,69.45,45.03,0.27,0.25,65.95,68.03,68.48,76.12,-1104.01,-6945.01,19.01,72.1,76.4,0.0,4.5
05/29/2026,1630,MOH,173.60,-4.42,-2.48%,178.44,178.44,172.94,44.44,0.32,0.49,137.61,177.65,171.0,189.93,-9111.01,-17294.01,21.01,37.1,20.1,-3.3,0.0
05/29/2026,1630,MOO,79.46,-.84,-1.05%,80.04,80.1442,79.43,32.47,0.14,0.22,81.02,81.54,78.87,82.41,-9116.01,-7943.01,17.06,83.2,56.1,-11.1,-1.8
05/29/2026,1630,MOVE:GIF,70.2228,0,0.00%,0,0,0,43.89,0.89,NaN,70.03,67.25,65.5,87.86,-2104.01,8532.07,7.36,0.0,81.1,0.0,0.0
05/29/2026,1630,MP,64.70,-2.13,-3.19%,66.00,66.50,63.5947,52.9,0.68,0.75,56.34,62.17,54.32,70.22,3206.02,6845.02,2.07,37.2,33.2,-1.4,0.0
05/29/2026,1630,MPC,248.77,-2.56,-1.02%,250.44,251.605,247.40,52.0,0.38,0.41,206.05,238.71,242.92,262.82,-1104.03,-24136.03,6.03,78.1,83.2,-2.1,0.2
05/29/2026,1630,MPLX,54.65,-.84,-1.51%,55.27,55.485,54.32,42.83,0.23,0.21,57.83,53.4,54.0,57.0,-1102.01,-5432.01,3.01,29.1,99.4,0.0,0.0
05/29/2026,1630,MPNGY,19.67,+.80,+4.24%,18.91,20.17,18.77,41.35,0.57,NaN,18.56,21.21,18.52,22.39,-7106.01,-1877.01,12.01,0.0,92.4,0.0,-4.3
05/29/2026,1630,MRNA,47.19,-.38,-0.80%,47.27,49.26,46.82,44.34,0.6,0.78,48.09,48.98,42.57,52.17,-3110.07,5462.13,13.2,55.1,52.2,-4.2,0.0
05/29/2026,1630,MRVL,205.00,+.17,+0.08%,204.44,208.76,199.2001,69.5,0.66,0.87,75.24,157.96,167.83,220.28,5208.03,21826.03,3.43,93.4,73.2,13.2,4.8
05/29/2026,1630,MSFT,450.24,+23.25,+5.45%,432.545,450.33,432.36,69.59,0.28,0.33,392.67,401.03,401.84,443.74,7202.01,45033.01,1.11,87.1,79.1,0.0,0.0
05/29/2026,1630,MSGS,374.29,+4.33,+1.17%,368.37,376.24,365.8034,76.55,0.26,0.34,306.21,320.57,341.44,383.65,9212.01,37624.01,2.12,90.2,63.1,16.6,2.5
05/29/2026,1630,MSM,109.47,-.31,-0.28%,109.27,111.23,108.62,66.81,0.22,0.34,87.12,103.44,103.85,110.92,4207.01,11123.01,1.07,70.1,19.1,0.1,4.9
05/29/2026,1630,MSTR,159.09,+7.45,+4.91%,149.925,162.06,148.20,45.8,0.64,0.76,127.8,175.57,139.54,186.21,-8110.01,-14430.02,14.02,39.1,54.1,-1.8,-5.2
05/29/2026,1630,MTCH,36.13,-.23,-0.63%,36.36,36.545,35.83,53.09,0.34,0.38,29.85,35.1,34.91,36.57,2204.01,3655.01,1.12,46.1,73.2,-10.2,0.0
05/29/2026,1630,MTDR,53.60,-.23,-0.43%,53.95,54.03,52.455,39.09,0.51,0.47,51.94,54.9,50.77,61.71,-5106.01,-5246.01,22.02,51.1,94.4,-6.8,-4.8
05/29/2026,1630,MTUM,315.81,+1.16,+0.37%,316.42,317.975,313.78,71.44,0.26,0.33,238.25,296.23,293.4,321.04,5207.01,31798.01,1.42,98.2,90.2,4.2,12.8
05/29/2026,1630,MU,971.00,+47.48,+5.14%,957.00,981.00,940.51,78.01,1.01,1.1,357.67,676.21,699.22,1005.6,4204.01,98100.01,1.42,100.4,99.4,15.2,11.8
05/29/2026,1630,MUR,36.19,0,0.00%,36.05,36.44,35.495,40.1,0.44,0.53,32.39,36.83,34.47,40.93,-5107.01,-3547.02,21.02,47.1,41.1,-6.0,-2.9
05/29/2026,1630,MUSA,506.03,-5.54,-1.08%,510.17,515.12,501.70,36.0,0.28,0.41,393.16,560.04,488.68,587.59,-8111.01,-50170.01,17.01,77.1,27.4,-3.8,0.0
05/29/2026,1630,MZTI,111.94,-2.28,-2.00%,113.44,114.825,111.6001,32.66,0.34,0.29,155.31,112.1,111.11,115.17,-1101.01,-11160.01,1.01,76.2,78.3,-9.9,0.1
05/29/2026,1630,N225:JP,66329.50,0,0.00%,0,0,0,71.13,0.3,NaN,53618.2,62158.43,60196.93,67280.79,6207.01,6650502.01,1.08,0.0,85.1,7.6,6.6
05/29/2026,1630,NBIS,231.09,+4.75,+2.10%,227.86,233.60,210.40,66.92,1.15,1.15,83.53,172.25,181.58,247.21,11206.02,23360.01,2.21,91.3,84.2,0.7,6.1
05/29/2026,1630,NBIX,158.30,+1.91,+1.22%,156.71,159.08,155.43,69.97,0.36,0.36,126.88,149.54,151.93,162.44,-1202.07,16239.11,12.22,51.1,76.4,0.0,15.3
05/29/2026,1630,NCLH,18.34,+.06,+0.33%,18.55,18.64,18.14,57.16,0.63,0.61,18.51,15.71,14.75,18.94,5207.01,1864.01,1.08,71.1,75.1,0.0,0.0
05/29/2026,1630,NEE,87.01,-.24,-0.28%,87.02,87.21,85.69,35.69,0.25,0.27,89.65,92.58,83.14,95.18,-8110.05,-8569.01,20.07,27.1,69.4,-7.2,-11.1
05/29/2026,1630,NEM,109.81,+1.58,+1.46%,108.00,111.93,107.4215,48.01,0.46,0.47,109.3,114.97,99.36,120.09,-6201.02,-10362.02,14.06,57.1,58.1,-0.1,-4.1
05/29/2026,1630,NET,241.82,+13.71,+6.01%,233.39,243.67,228.54,63.48,1.17,0.71,171.62,185.75,188.79,243.25,3206.01,24367.01,1.12,77.1,100.4,-4.8,0.0
05/29/2026,1630,NFLX,86.02,-.34,-0.39%,86.20,86.67,85.66,37.12,0.24,0.43,95.33,85.1,84.93,89.77,-2104.01,-8559.02,5.02,74.1,35.1,-7.1,0.5
05/29/2026,1630,NIKL,15.41,-.18,-1.15%,15.42,15.46,15.18,41.38,0.45,NaN,16.18,17.03,13.65,17.24,-6101.06,-1473.07,13.07,0.0,73.1,-2.5,-9.1
05/29/2026,1630,NKE,46.23,-1.14,-2.41%,47.11,47.20,46.08,57.58,0.31,0.49,55.39,41.7,41.46,47.98,6207.01,4720.01,1.09,78.2,46.1,0.0,0.0
05/29/2026,1630,NLR,133.30,-.01,-0.01%,133.02,134.11,130.1101,46.47,0.4,0.35,132.97,134.76,120.97,142.16,1204.04,-12358.08,16.08,31.1,42.2,-5.8,0.0
05/29/2026,1630,NNN,44.51,-.34,-0.76%,44.88,44.935,44.46,51.21,0.11,0.27,44.38,43.68,43.74,45.64,6101.03,4534.03,3.1,81.1,2.1,2.5,1.6
05/29/2026,1630,NOAH,10.57,+.19,+1.83%,10.46,10.70,10.3891,53.99,0.28,0.56,11.2,10.57,9.83,10.78,2202.01,1070.01,1.05,63.4,28.1,-3.1,-4.1
05/29/2026,1630,NORW,38.06,-.36,-0.94%,38.41,38.41,37.98,45.66,0.14,NaN,34.58,37.85,37.82,39.52,-3103.01,-3798.01,6.01,0.0,37.1,0.2,0.0
05/29/2026,1630,NOW,124.37,+15.64,+14.38%,118.48,124.74,116.29,73.58,0.7,0.71,107.51,86.01,91.87,123.03,7211.01,12474.01,1.11,97.2,92.1,7.1,3.4
05/29/2026,1630,NSA,42.65,-.77,-1.77%,43.17,43.28,42.605,53.23,0.25,0.45,32.8,42.45,40.96,44.08,2207.02,4374.02,2.08,68.4,43.1,-0.1,0.0
05/29/2026,1630,NSC,304.96,-2.92,-0.95%,306.00,312.62,301.53,43.84,0.27,0.28,295.41,308.83,303.73,325.07,-2102.01,-30153.01,2.01,94.1,88.2,0.0,0.0
05/29/2026,1630,NSP,34.47,+.42,+1.23%,34.49,35.14,33.98,61.73,1.05,0.82,19.6,28.04,29.16,35.14,3205.01,3514.01,1.17,87.1,85.4,0.0,3.3
05/29/2026,1630,NSSC,37.53,+.76,+2.07%,36.82,37.55,36.50,41.62,0.68,0.45,40.94,37.25,34.06,39.54,-1202.05,-3522.08,20.17,33.1,97.4,-5.5,0.0
05/29/2026,1630,NTLA,14.07,+.39,+2.85%,13.70,14.2993,13.12,55.28,0.66,0.92,12.55,13.52,11.5,14.75,2203.01,1430.01,1.06,53.1,24.1,0.0,-0.1
05/29/2026,1630,NTR,68.55,-1.10,-1.58%,69.13,69.20,67.62,39.26,0.38,0.35,72.25,68.14,67.96,72.39,-6117.01,-6762.01,18.01,60.1,78.3,-11.3,0.0
05/29/2026,1630,NUE,250.00,+.70,+0.28%,249.10,251.3876,247.50,76.63,0.28,0.39,163.29,225.89,222.07,254.03,4205.01,25139.01,1.07,64.1,48.2,0.0,0.0
05/29/2026,1630,NVDA,211.14,-3.11,-1.45%,214.575,217.8599,211.13,49.41,0.36,0.48,175.56,212.89,205.28,230.69,-4106.02,-20878.03,11.03,68.1,67.3,0.0,6.8
05/29/2026,1630,NVO,45.58,+.07,+0.15%,45.48,45.89,45.1519,60.45,0.26,0.43,35.85,45.19,43.18,46.96,1202.01,-4374.06,14.06,5.1,8.1,-1.0,0.0
05/29/2026,1630,NXPI,321.35,-8.93,-2.70%,333.58,335.00,320.30,65.52,0.48,0.56,193.02,290.24,284.5,343.25,7207.01,33500.01,1.08,100.2,92.4,0.0,0.0
05/29/2026,1630,NYT,75.21,+.21,+0.28%,75.01,75.85,74.33,42.66,0.39,0.35,77.85,76.17,72.15,78.1,-9203.06,-7297.06,16.06,80.1,87.4,-7.2,-3.1
05/29/2026,1630,O,61.28,-.1395,-0.23%,61.60,61.60,60.61,40.68,0.17,0.2,63.94,61.18,60.98,62.63,-1102.01,-6061.01,3.01,67.1,76.3,-10.2,0.0
05/29/2026,1630,OC,125.82,+1.58,+1.27%,124.53,127.665,123.065,60.96,0.45,0.42,102.73,117.63,109.3,128.21,4206.01,12767.01,1.06,60.1,89.2,0.0,0.0
05/29/2026,1630,OIH,418.25,-2.43,-0.58%,419.54,422.56,416.46,40.2,0.27,0.38,365.6,416.07,413.24,459.89,-3103.01,-41646.01,7.01,77.1,23.1,0.0,0.0
05/29/2026,1630,OKE,83.94,-3.08,-3.54%,86.00,87.00,83.57,37.95,0.36,0.34,83.72,84.49,83.47,96.4,-3104.01,-8357.01,7.01,70.1,98.4,0.1,0.0
05/29/2026,1630,OKLO,66.88,-1.21,-1.78%,68.09,70.01,64.2842,50.69,1.01,1.04,56.47,68.1,54.33,76.83,1205.04,-5664.07,16.07,46.1,39.4,-1.9,0.0
05/29/2026,1630,OKTA,123.27,+28.55,+30.14%,107.535,124.79,106.5006,83.09,1.0,0.58,70.16,77.45,83.97,119.3,12211.01,12479.01,1.33,65.4,100.1,15.5,4.1
05/29/2026,1630,OLLI,81.63,-.91,-1.10%,81.54,83.01,80.45,46.59,0.51,0.62,98.19,73.32,74.7,85.78,2202.02,8494.02,2.12,99.4,98.4,-2.0,0.0
05/29/2026,1630,OMF,55.31,+1.25,+2.31%,54.10,55.565,53.8643,52.57,0.32,0.35,51.36,51.62,52.04,55.69,2204.01,5557.01,1.12,44.1,71.1,-4.4,0.0
05/29/2026,1630,ON,120.62,-3.15,-2.55%,124.34,124.52,119.45,64.86,0.68,0.73,54.99,98.66,103.85,132.1,5207.03,12900.03,3.42,93.3,90.4,12.6,6.3
05/29/2026,1630,ONEW,11.01,-.34,-3.00%,11.31,11.51,10.98,53.14,0.57,0.9,8.9,10.7,9.78,11.88,2203.01,-974.06,14.06,76.1,46.1,-0.6,1.0
05/29/2026,1630,ONON,40.82,+1.07,+2.69%,39.75,41.001,39.61,67.25,0.38,0.49,39.06,31.62,35.82,42.7,8212.03,4128.03,3.12,45.1,48.1,13.7,2.7
05/29/2026,1630,ONTO,258.24,-.57,-0.22%,260.80,266.10,255.56,44.97,0.53,0.78,175.49,266.52,240.95,286.0,1102.03,28469.03,3.08,96.2,45.1,-6.7,0.0
05/29/2026,1630,ORCL,225.78,+22.08,+10.84%,209.00,226.29,208.01,75.09,0.57,0.86,143.05,180.87,179.37,218.28,3206.01,22629.01,1.35,100.3,66.1,0.0,5.1
05/29/2026,1630,ORLY,86.88,-2.35,-2.63%,88.25,89.17,86.42,34.96,0.25,0.31,92.55,88.82,86.51,93.39,-4104.01,-8642.01,19.01,79.1,81.4,-7.7,-0.4
05/29/2026,1630,OSCR,22.23,-.10,-0.45%,22.37,22.50,21.35,59.16,0.68,0.79,13.01,19.84,20.85,25.12,-3106.01,-2135.01,9.01,29.1,52.2,0.0,12.6
05/29/2026,1630,OSK,130.00,+.35,+0.27%,128.74,130.60,128.08,42.54,0.53,0.48,147.63,125.27,117.15,136.58,2206.02,-11677.08,16.1,87.1,92.4,-20.0,0.0
05/29/2026,1630,OTLY,10.05,+.05,+0.50%,10.00,10.13,9.52,38.83,0.22,0.65,10.51,9.81,9.76,10.24,-1203.01,-952.01,30.01,26.1,0.1,-14.4,0.5
05/29/2026,1630,OUT,32.24,-.24,-0.74%,32.41,32.65,32.07,54.01,0.37,0.3,27.53,31.48,31.18,33.98,2103.04,3398.14,14.42,40.1,81.4,0.0,5.1
05/29/2026,1630,OVX:CGI,57.84,0,0.00%,0,0,0,31.81,0.77,NaN,72.33,70.35,54.92,79.12,-4104.01,-5624.01,5.01,0.0,25.1,0.0,-2.1
05/29/2026,1630,OXLC,9.98,+.03,+0.30%,9.89,10.055,9.89,51.56,0.23,NaN,8.25,10.03,9.51,10.27,-7202.04,-955.04,19.04,0.0,29.1,-2.5,-3.1
05/29/2026,1630,OXM,44.62,-2.39,-5.08%,46.31,47.00,44.01,56.2,0.64,0.74,35.6,39.0,36.32,48.39,4205.01,4700.01,1.06,87.2,66.4,0.0,0.0
05/29/2026,1630,OXY,56.63,-.69,-1.20%,57.05,57.05,56.025,45.88,0.44,0.39,52.05,52.99,54.17,61.93,-1104.03,6124.07,7.15,62.1,86.3,0.0,0.7
05/29/2026,1630,PAG,167.37,-.80,-0.48%,167.42,168.16,165.92,55.11,0.29,0.33,150.77,166.16,154.76,174.73,2205.02,-15501.06,20.06,82.1,75.4,0.0,0.0
05/29/2026,1630,PALL,24.69,-.18,-0.72%,25.08,25.27,24.3758,38.37,0.34,0.35,29.0,26.38,23.13,27.29,-8112.05,-2424.02,36.06,18.1,34.1,-2.9,-7.2
05/29/2026,1630,PAM,85.25,+1.16,+1.38%,84.09,85.8933,83.08,57.61,0.46,0.45,69.34,78.3,79.69,86.64,2203.01,8589.01,1.04,35.1,61.4,0.6,0.1
05/29/2026,1630,PATH,11.72,+.14,+1.21%,10.70,12.02,10.42,63.54,0.5,0.75,10.24,9.32,9.67,12.13,7209.01,1202.01,1.1,62.3,36.1,3.7,0.0
05/29/2026,1630,PBD,22.1851,-.2549,-1.14%,22.35,22.35,22.0401,62.08,0.3,0.39,17.01,21.08,20.5,22.88,4206.02,2258.02,2.07,46.1,93.4,0.1,0.6
05/29/2026,1630,PBH,47.53,-.94,-1.94%,48.32,48.82,47.22,33.95,0.51,0.44,64.88,49.28,43.47,50.86,1205.04,-4557.08,22.1,91.4,96.4,-14.5,0.0
05/29/2026,1630,PBJ,47.7769,-.5631,-1.16%,48.133678,48.17,47.7614,39.53,0.13,NaN,47.85,48.16,47.56,48.71,-1102.01,-4776.01,20.12,21.2,76.2,-10.4,0.0
05/29/2026,1630,PBR,18.77,-.06,-0.32%,18.67,18.80,18.51,35.72,0.32,0.38,16.46,19.5,18.3,20.87,-11108.01,-1851.01,19.01,66.1,60.1,-10.1,-2.1
05/29/2026,1630,PCAR,110.37,-1.85,-1.65%,110.16,112.21,110.16,40.04,0.25,0.33,116.55,111.23,107.95,113.53,1101.03,-10778.06,23.06,70.1,46.1,-5.2,0.2
05/29/2026,1630,PD,9.95,+2.51,+33.74%,9.33,10.015,8.69,80.75,1.18,0.81,6.91,6.41,6.52,9.38,5207.01,1002.01,1.07,76.3,100.2,0.0,2.3
05/29/2026,1630,PDD,84.44,+1.41,+1.70%,83.025,85.82,82.20,32.26,0.56,0.42,99.04,95.44,81.82,100.94,-10105.01,-8220.01,16.01,55.1,92.4,-1.6,-6.5
05/29/2026,1630,PEB,15.25,-.30,-1.93%,15.66,15.73,15.22,63.4,0.3,0.56,12.0,14.16,13.98,15.85,7207.01,1573.01,1.1,69.1,31.1,6.3,0.0
05/29/2026,1630,PECO,40.15,-.53,-1.30%,40.57,40.84,40.09,53.63,0.15,0.34,37.77,39.04,39.26,41.2,5101.01,4107.02,2.06,56.3,46.3,0.0,0.0
05/29/2026,1630,PENN,18.83,-.61,-3.14%,19.48,19.545,18.79,67.17,0.52,0.49,13.68,15.5,15.42,19.79,6206.01,1955.01,1.12,15.1,69.1,0.0,0.1
05/29/2026,1630,PEP,144.19,-2.10,-1.44%,145.14,146.765,143.546226,34.95,0.22,0.28,156.09,148.35,142.74,152.59,-9104.01,-14355.01,15.01,68.1,73.2,-4.7,-3.6
05/29/2026,1630,PFE,26.18,+.04,+0.15%,26.19,26.24,25.93,49.65,0.16,0.26,26.2,25.6,25.43,26.41,3207.01,2628.02,2.08,28.1,6.1,-1.9,0.0
05/29/2026,1630,PFF,31.56,+.06,+0.19%,31.48,31.65,31.47,58.09,0.07,0.15,30.88,31.46,30.87,31.78,2204.01,3165.01,1.06,97.4,60.1,0.0,-0.3
05/29/2026,1630,PFG,103.62,+.30,+0.29%,103.25,104.94,102.84,63.2,0.16,0.26,87.96,99.03,100.01,106.24,4207.03,10500.03,3.07,35.1,9.1,2.0,0.0
05/29/2026,1630,PFIG,23.9602,+.0052,+0.02%,23.985,24.00,23.96,50.21,0.04,NaN,24.22,23.94,23.69,24.07,2204.01,-2374.07,14.07,0.0,84.2,-0.9,-0.5
05/29/2026,1630,PFIX,46.41,-.26,-0.56%,45.92,46.68,45.69,41.58,0.29,0.37,41.88,46.86,45.72,52.09,-3105.01,-4569.01,7.01,48.2,42.1,0.0,0.0
05/29/2026,1630,PG,143.56,-2.35,-1.61%,145.52,145.635,143.20,47.61,0.22,0.24,151.89,141.66,140.13,147.32,4101.02,14670.02,2.06,80.1,90.1,0.0,0.0
05/29/2026,1630,PGNY,25.56,-.13,-0.51%,25.68,25.905,25.275,72.49,0.83,0.5,17.16,21.19,22.95,26.86,1201.01,2591.01,13.39,37.1,83.4,1.6,25.8
05/29/2026,1630,PGRO,48.9577,+.1775,+0.36%,49.10,49.11,48.82,72.51,0.14,NaN,41.49,47.02,47.0,49.15,3207.01,4911.01,1.43,0.0,35.1,0.0,17.3
05/29/2026,1630,PINK,38.09,+.10,+0.26%,37.96,38.18,37.79,74.03,0.12,0.22,34.05,35.34,36.08,38.5,10207.01,3818.01,1.22,25.1,0.1,8.5,15.9
05/29/2026,1630,PINS,20.05,-.60,-2.91%,20.74,20.78,20.015,52.03,0.54,0.56,18.05,19.18,18.07,21.16,2204.01,2078.01,1.06,52.1,82.1,-3.2,-0.4
05/29/2026,1630,PJP,109.6336,-.8595,-0.78%,110.26,110.3182,109.3501,60.25,0.16,0.14,103.56,105.28,104.99,111.83,4207.02,11068.02,2.54,17.1,48.1,7.4,0.7
05/29/2026,1630,PK,12.13,-.04,-0.33%,12.19,12.415,12.105,67.84,0.31,0.37,10.34,10.81,10.71,12.55,7207.01,1242.01,1.1,28.1,34.1,5.6,0.0
05/29/2026,1630,PKB,104.582,-.938,-0.89%,105.55,105.55,104.55,51.68,0.27,0.28,96.3,103.62,98.43,107.35,3204.02,10643.03,3.08,93.2,87.2,-4.6,0.0
05/29/2026,1630,PLAY,13.37,-.13,-0.96%,13.47,13.71,13.09,65.72,0.56,1.05,12.8,9.72,9.8,14.34,8209.01,1371.01,1.21,97.3,20.1,0.0,0.9
05/29/2026,1630,PLD,143.47,-2.17,-1.49%,145.29,145.54,142.22,52.32,0.17,0.27,129.88,141.86,140.73,147.86,6101.02,14710.02,2.18,40.1,21.1,6.1,4.5
05/29/2026,1630,PLNT,53.51,+.61,+1.15%,52.83,54.38,52.50,41.75,1.41,0.58,73.29,41.5,48.3,56.48,3211.03,5438.01,3.15,97.3,97.4,-5.4,0.0
05/29/2026,1630,PLTR,156.54,+13.20,+9.21%,147.825,157.7794,145.79,67.42,0.57,0.61,138.2,128.75,127.59,151.62,1202.01,15778.01,1.11,42.1,73.1,0.0,0.0
05/29/2026,1630,PM,177.38,-1.19,-0.67%,176.65,178.089,174.89,48.57,0.32,0.31,166.9,170.31,173.25,197.08,-3104.01,-17489.01,11.01,67.1,76.1,0.0,2.4
05/29/2026,1630,PNC,221.12,+1.34,+0.61%,219.35,221.655,218.35,56.58,0.18,0.27,198.04,209.7,211.2,224.33,4207.02,22166.01,2.12,34.1,21.1,0.0,0.0
05/29/2026,1630,PNDRY,11.66,-.01,-0.09%,11.66,11.90,11.65,73.45,0.57,NaN,9.28,9.83,10.14,11.96,5207.01,1190.01,1.21,0.0,78.2,11.5,9.4
05/29/2026,1630,POET,12.29,-.97,-7.32%,13.055,13.055,11.50,50.51,2.23,1.44,6.0,9.81,10.48,19.17,-2109.01,-1150.01,10.01,91.4,91.4,0.0,4.4
05/29/2026,1630,POOL,181.40,-3.30,-1.79%,183.29,185.69,181.22,37.66,0.39,0.42,204.16,175.01,173.39,188.38,3207.01,19000.03,3.17,85.2,82.2,-7.3,0.0
05/29/2026,1630,PPLT,17.45,0,0.00%,17.53,17.63,17.29,42.93,0.38,0.33,18.27,18.33,16.41,19.14,-6110.02,-1696.02,12.07,21.1,38.1,0.0,-2.1
05/29/2026,1630,PR,19.23,-.09,-0.47%,19.46,19.46,18.865,37.16,0.38,0.4,18.1,19.66,18.82,21.3,-3106.01,-1886.01,18.01,36.1,85.4,-11.7,0.0
05/29/2026,1630,PRAA,15.26,-.15,-0.97%,15.41,15.68,14.85,33.73,0.7,0.69,16.14,14.56,12.13,16.64,1205.04,-1408.06,30.11,70.1,77.2,-19.1,0.0
05/29/2026,1630,PRGO,11.05,-.10,-0.90%,11.14,11.41,11.02,47.98,0.5,0.59,9.91,10.83,10.37,11.62,3203.01,-1052.1,16.1,72.1,73.1,-3.5,0.0
05/29/2026,1630,PRMB,24.80,-.07,-0.28%,24.78,25.28,24.615,70.78,0.5,0.43,21.33,22.07,22.38,25.2,7206.01,2528.01,1.21,32.1,78.3,0.0,17.6
05/29/2026,1630,PRVA,21.51,-.08,-0.37%,21.52,21.79,21.35,34.61,0.28,0.48,22.1,22.28,21.16,23.65,-10108.01,-2135.01,19.01,56.1,33.1,-7.5,-6.7
05/29/2026,1630,PSA,303.69,-5.56,-1.80%,307.13,308.25,303.69,51.44,0.25,0.28,296.58,302.78,292.32,314.54,2207.02,31183.02,2.08,81.1,67.2,-0.2,0.0
05/29/2026,1630,PSCE,58.5977,-1.0023,-1.68%,59.30,59.63,58.43,36.97,0.27,0.28,55.67,59.73,58.38,64.42,-3104.01,-5843.01,7.01,32.1,48.1,-0.5,0.0
05/29/2026,1630,PSCI,170.9022,-1.137,-0.66%,171.87,172.055,170.9022,55.03,0.22,0.2,152.88,166.98,161.8,174.58,4205.01,-16180.08,16.08,51.1,66.2,-0.7,0.0
05/29/2026,1630,PSCU,66.1557,+.2117,+0.32%,66.1557,66.1557,66.1557,61.96,0.17,NaN,58.32,62.78,62.85,66.74,4206.01,6616.01,2.12,0.0,67.2,0.0,0.0
05/29/2026,1630,PSP,60.98,+.44,+0.73%,60.67,61.50,60.67,53.27,0.17,0.18,56.7,60.16,58.86,62.05,2206.01,-5846.07,30.07,50.1,41.1,-1.4,0.0
05/29/2026,1630,PSX,175.88,-.83,-0.47%,175.97,177.41,174.34,52.87,0.33,0.38,156.24,166.82,170.67,182.79,-1101.03,-17002.03,6.03,85.1,69.3,-0.9,2.6
05/29/2026,1630,PTLO,4.29,+.03,+0.70%,4.23,4.40,4.23,41.57,0.86,0.66,4.77,4.03,3.84,4.33,4207.01,440.01,1.15,48.1,87.4,-8.1,0.0
05/29/2026,1630,PVH,93.28,-3.51,-3.63%,96.31,96.65,92.34,59.74,0.53,0.61,61.35,78.49,77.22,100.44,5207.01,9822.02,2.12,94.3,84.4,0.0,0.0
05/29/2026,1630,PYPL,44.75,+.29,+0.65%,44.54,45.20,44.425,42.62,0.31,0.38,44.66,44.35,43.37,45.33,1202.01,4520.01,1.02,39.1,37.1,-17.5,0.0
05/29/2026,1630,PZZA,34.21,-.44,-1.27%,34.77,34.84,32.92,50.99,0.55,0.72,29.55,30.59,31.76,35.46,2203.01,3510.02,2.14,94.3,73.1,-1.3,0.0
05/29/2026,1630,QAT,19.23,-.17,-0.88%,19.14,19.50,19.05,57.75,0.17,NaN,18.4,18.7,18.26,19.49,4204.01,1950.02,1.08,0.0,83.1,0.0,0.0
05/29/2026,1630,QBTS,30.14,+.65,+2.20%,28.80,30.16,27.42,68.33,1.41,1.22,17.26,20.7,18.52,33.02,6206.01,3022.02,2.07,84.4,88.4,8.7,0.0
05/29/2026,1630,QCOM,251.02,+7.73,+3.18%,250.19,259.92,247.5101,69.98,0.96,0.89,132.16,202.0,189.33,265.06,5205.01,25992.01,1.38,100.4,96.4,4.6,4.4
05/29/2026,1630,QMOM,80.43,+.4745,+0.59%,80.30,80.445,79.38,61.34,0.29,0.2,66.68,77.31,75.19,81.86,3204.02,-7380.08,14.08,56.2,78.1,0.0,2.5
05/29/2026,1630,QQQ,738.31,+2.71,+0.37%,737.84,741.63,735.25,77.19,0.16,0.24,591.33,696.64,701.08,743.41,5207.01,74163.01,1.43,65.1,51.1,1.0,16.4
05/29/2026,1630,QS,8.98,-.15,-1.64%,9.03,9.07,8.60,63.25,0.78,1.02,6.39,7.15,7.33,9.65,4206.02,941.02,2.07,65.2,44.4,8.4,1.6
05/29/2026,1630,QSR,74.70,+.39,+0.52%,74.00,75.335,73.79,40.27,0.27,0.26,70.06,76.15,72.59,78.26,-7114.09,-7379.01,17.09,56.1,81.3,-7.3,-1.0
05/29/2026,1630,QTUM,159.75,+.69,+0.43%,160.405,160.79,157.68,73.74,0.33,0.38,107.17,140.39,141.48,164.07,6207.01,16079.01,1.42,99.4,84.2,13.9,10.2
05/29/2026,1630,QUBT,11.96,-.28,-2.29%,12.00,12.099,11.48,59.87,1.23,1.14,7.22,9.22,9.36,13.45,2206.04,1253.04,4.07,70.3,77.4,7.7,2.5
05/29/2026,1630,R,250.85,+2.04,+0.82%,248.33,251.705,246.09,64.67,0.37,0.39,191.76,224.93,224.13,258.28,5207.01,25241.02,2.12,71.1,65.1,0.0,0.0
05/29/2026,1630,RBLX,47.15,+.32,+0.68%,46.52,47.84,46.24,47.49,0.98,0.69,58.73,40.15,42.13,50.28,4210.04,4853.04,4.18,56.1,100.4,0.0,2.8
05/29/2026,1630,RCL,284.63,+3.34,+1.19%,283.02,288.20,280.01,59.76,0.49,0.52,256.16,256.6,245.73,287.57,3204.01,28820.01,1.06,77.1,72.1,0.0,0.0
05/29/2026,1630,RDNT,55.53,+.22,+0.40%,55.13,55.84,54.46,49.09,0.34,0.57,58.7,51.68,51.39,57.1,1202.01,-5192.07,14.09,74.1,33.1,-1.6,0.0
05/29/2026,1630,REAL,9.64,-.17,-1.73%,9.70,9.77,9.405,44.13,0.89,0.75,10.27,8.92,8.76,10.08,1204.04,-869.07,16.12,13.1,79.4,-17.5,0.0
05/29/2026,1630,REG,77.35,-1.17,-1.49%,77.97,78.35,77.12,44.54,0.13,0.27,76.66,76.43,76.22,79.62,3101.03,7955.03,3.1,69.1,17.1,0.0,0.0
05/29/2026,1630,REGN,614.78,-6.74,-1.08%,620.11,624.4675,609.77,27.15,0.42,0.32,746.66,701.99,564.06,701.62,-3110.07,-60977.01,41.07,6.1,80.4,-10.8,-19.7
05/29/2026,1630,REXR,35.47,-.54,-1.50%,35.88,35.88,35.30,47.63,0.2,0.35,34.91,35.04,34.67,36.82,3101.03,3671.03,3.08,51.1,22.1,0.0,0.0
05/29/2026,1630,REZ,89.75,-1.38,-1.51%,90.64,90.69,89.70,46.85,0.14,0.15,87.0,90.86,89.34,92.71,-1102.01,-8970.01,3.01,17.2,48.1,0.0,1.7
05/29/2026,1630,RGTI,25.54,-1.49,-5.51%,26.445,26.56,24.435,64.02,1.47,1.18,15.94,17.75,15.89,29.58,5206.02,2758.02,2.07,76.2,96.4,11.6,0.0
05/29/2026,1630,RH,148.49,-.66,-0.44%,148.91,151.82,146.0001,64.55,0.57,0.85,130.0,125.9,120.79,154.02,6207.01,15182.01,1.07,66.2,46.1,0.5,0.0
05/29/2026,1630,RHP,115.13,-.75,-0.65%,116.11,117.18,114.725,70.1,0.23,0.27,91.87,105.78,105.4,118.6,7209.01,11718.01,1.4,34.1,49.1,2.5,2.3
05/29/2026,1630,RIOT,27.11,-.63,-2.27%,27.47,27.85,26.585,70.75,0.75,0.88,13.57,23.14,22.59,28.31,4204.01,2785.01,1.21,29.1,33.1,0.0,14.6
05/29/2026,1630,RIVN,16.30,+1.10,+7.24%,15.23,16.60,15.11,63.34,0.6,0.73,14.55,13.64,13.15,16.1,5207.01,1660.01,1.18,46.1,70.1,0.0,0.0
05/29/2026,1630,ROBO,88.64,-.28,-0.31%,88.77,88.79,87.8325,64.19,0.27,0.29,69.22,84.64,82.92,91.05,4206.02,8986.03,3.07,84.3,81.1,4.8,10.0
05/29/2026,1630,ROK,451.06,-3.74,-0.82%,455.36,457.98,451.06,59.36,0.44,0.34,360.58,446.11,427.44,468.18,1205.04,46211.14,14.22,54.1,97.4,0.0,16.7
05/29/2026,1630,ROKU,130.18,-.91,-0.69%,131.09,133.46,129.88,64.69,0.34,0.49,93.7,124.55,120.99,133.14,5205.01,13346.01,1.07,17.1,17.1,0.0,1.6
05/29/2026,1630,ROST,231.73,+4.53,+1.99%,226.65,233.82,226.635,59.46,0.4,0.3,194.07,209.13,207.0,241.67,4207.02,23741.03,3.11,60.1,93.4,3.2,0.0
05/29/2026,1630,RRC,38.95,-.46,-1.17%,39.39,39.51,38.82,34.1,0.27,0.36,40.31,40.41,38.24,43.13,-5106.01,-3882.01,7.01,33.1,18.1,-2.8,-3.9
05/29/2026,1630,RRR,58.38,+.60,+1.04%,57.78,59.48,57.20,65.81,0.33,0.44,54.17,51.0,50.29,59.97,5207.01,5948.01,1.06,74.1,49.2,0.1,-0.2
05/29/2026,1630,RSI,25.34,-1.03,-3.91%,26.02,26.32,25.22,44.39,0.4,0.56,19.0,26.25,25.31,27.99,-6106.01,-2522.01,20.01,42.1,54.4,-6.1,0.0
05/29/2026,1630,RSP,208.83,+.58,+0.28%,208.745,209.32,208.21,68.5,0.09,0.17,193.97,202.17,201.14,210.38,5207.01,20932.01,1.06,83.1,10.1,5.2,0.0
05/29/2026,1630,RSPG,102.26,-1.30,-1.26%,103.00,103.22,101.75,41.6,0.28,0.25,99.03,101.06,100.61,111.19,-3104.01,-10175.01,7.01,82.2,96.4,0.0,0.0
05/29/2026,1630,RSPU,78.76,-.37,-0.47%,79.26,79.26,78.5644,43.52,0.15,0.14,81.11,78.14,77.43,81.02,5102.02,8086.04,4.1,29.1,71.2,-0.3,0.0
05/29/2026,1630,RTO,30.11,-.39,-1.28%,30.53,30.56,30.11,31.14,0.2,0.37,28.45,32.12,29.57,32.61,-10115.01,-3011.01,17.1,41.1,4.1,-7.9,-12.2
05/29/2026,1630,RUT,2919.3383,-17.2316,-0.59%,2932.5713,2932.5713,2898.8254,63.68,0.2,0.23,2463.38,2799.69,2760.35,2973.64,5206.01,294261.02,2.07,37.1,52.1,1.7,0.9
05/29/2026,1630,RVLV,19.60,-.83,-4.06%,20.30,20.30,19.32,41.06,0.8,0.61,22.84,17.35,17.46,21.03,3208.02,2069.02,2.14,48.1,100.4,-5.0,0.0
05/29/2026,1630,RVX,22.03,0,0.00%,0,0,0,37.99,0.56,NaN,25.61,22.33,21.98,25.28,-2104.01,-2187.01,8.01,0.0,13.1,0.0,0.0
05/29/2026,1630,S,16.55,-1.47,-8.16%,15.44,17.205,15.26,50.83,0.55,0.62,12.68,15.48,15.72,19.5,-1101.01,-1526.01,5.01,64.3,76.1,7.5,3.6
05/29/2026,1630,SBAC,203.16,-1.46,-0.71%,205.07,205.07,202.61,43.97,0.23,0.3,192.09,199.91,192.86,215.52,-5114.09,-19915.09,17.09,60.1,44.1,-1.5,-4.0
05/29/2026,1630,SBUX,99.16,-1.59,-1.58%,100.50,100.91,98.5775,37.97,0.17,0.31,94.4,104.25,98.38,108.27,-6106.01,-9858.01,7.01,10.1,0.1,0.0,0.0
05/29/2026,1630,SCJ,105.91,+.56,+0.53%,106.11,106.43,105.64,61.28,0.13,0.15,95.8,104.41,103.79,106.82,2204.01,10643.01,1.25,12.1,33.1,0.0,21.8
05/29/2026,1630,SE,90.53,-1.41,-1.53%,91.00,92.12,88.88,53.35,0.62,0.54,77.05,81.84,83.86,96.14,1204.03,9436.03,3.14,50.1,83.2,1.1,1.6
05/29/2026,1630,SFD,25.83,-.57,-2.16%,26.40,26.41,25.825,43.84,0.2,0.43,23.67,24.63,24.96,27.04,6101.02,2681.03,3.2,89.1,35.1,0.0,1.5
05/29/2026,1630,SFM,82.62,-4.07,-4.69%,86.25,86.74,82.11,48.97,0.44,0.49,72.73,80.54,81.64,91.36,-1102.01,-8211.01,8.01,60.1,80.4,0.0,7.3
05/29/2026,1630,SG,9.96,-.25,-2.45%,10.19,10.58,9.75,72.48,0.84,0.89,5.16,6.16,7.33,11.38,10211.01,1058.01,3.12,57.1,79.2,22.6,0.7
05/29/2026,1630,SHAK,64.31,+2.18,+3.51%,62.25,65.74,62.235,35.15,1.27,0.55,88.71,63.51,57.74,67.3,3201.01,-5949.09,20.13,64.1,99.4,-28.0,0.0
05/29/2026,1630,SHEL,84.12,+.29,+0.35%,84.365,84.41,83.64,40.08,0.25,0.27,81.55,83.82,82.45,88.52,-3105.01,-8314.03,38.03,76.1,81.2,-5.9,0.0
05/29/2026,1630,SHO,10.82,-.09,-0.82%,10.91,11.01,10.76,66.57,0.26,0.31,9.02,10.11,10.11,11.16,20209.01,1101.01,1.39,48.1,53.2,10.3,8.6
05/29/2026,1630,SHOC,111.648,+.0727,+0.07%,112.81,113.6101,111.51,69.86,0.4,NaN,70.79,102.33,102.39,114.45,5207.01,11361.01,1.42,0.0,90.3,1.0,12.8
05/29/2026,1630,SHOO,43.44,+.04,+0.09%,43.21,44.03,42.5301,69.51,0.41,0.54,31.6,37.44,37.65,45.28,6207.01,4403.01,2.19,37.1,44.1,10.0,5.4
05/29/2026,1630,SHOP,118.71,+3.68,+3.20%,116.382,119.84,113.45,58.82,0.85,0.6,112.45,94.56,94.72,118.93,5207.01,11984.01,1.12,52.1,100.4,-2.4,0.0
05/29/2026,1630,SHY,82.30,+.04,+0.05%,82.30,82.33,82.28,52.51,0.02,0.04,82.66,82.14,82.03,82.33,3204.01,8233.01,1.18,96.3,36.1,0.0,0.0
05/29/2026,1630,SHYG,42.59,+.05,+0.12%,42.57,42.61,42.55,57.05,0.04,NaN,42.19,42.3,42.21,42.67,5207.01,4261.01,1.08,1.1,62.1,0.0,0.0
05/29/2026,1630,SIL,93.73,+2.75,+3.02%,91.09,93.92,90.10,51.7,0.6,0.55,95.04,95.28,80.64,102.61,-3201.07,10419.12,12.22,65.1,74.2,0.0,-0.9
05/29/2026,1630,SILJ,30.91,+.63,+2.08%,30.375,31.32,29.97,51.79,0.63,0.59,31.88,31.14,26.26,34.17,-3202.07,-2793.08,12.08,46.1,70.2,0.0,-1.6
05/29/2026,1630,SITM,710.20,-19.31,-2.65%,733.57,733.57,687.7001,55.52,1.08,0.9,305.21,783.0,611.96,852.45,-4110.03,90181.14,14.42,85.1,96.4,0.0,4.0
05/29/2026,1630,SIVR,71.79,-.04,-0.06%,72.10,72.87,70.98,46.67,0.59,0.48,75.28,75.96,64.92,81.68,-2110.08,8498.12,12.22,57.1,71.1,0.0,-0.6
05/29/2026,1630,SJM,103.20,-1.08,-1.04%,104.56,104.81,103.16,59.58,0.21,0.35,107.62,97.97,99.77,105.8,11206.01,10481.01,3.16,92.3,24.1,1.4,4.8
05/29/2026,1630,SKYY,144.57,+9.56,+7.08%,139.34,144.67,139.10,79.76,0.33,0.36,105.52,123.26,126.49,142.77,5207.01,14467.01,1.34,82.1,85.1,0.0,1.8
05/29/2026,1630,SLG,45.40,+.05,+0.11%,45.30,46.38,44.84,61.3,0.37,0.48,35.03,42.77,40.7,46.62,4205.01,4638.01,1.06,66.1,58.1,0.0,0.0
05/29/2026,1630,SLV,68.33,-.03,-0.04%,68.56,69.345,67.48,46.68,0.59,0.5,71.68,72.28,61.77,77.75,-2110.08,8086.12,12.22,54.1,71.1,0.0,-0.6
05/29/2026,1630,SLX,110.86,-.16,-0.14%,110.71,111.47,110.6691,65.59,0.28,0.33,88.92,106.38,103.64,112.85,4205.01,11147.01,1.08,79.2,81.2,0.9,8.7
05/29/2026,1630,SMCI,46.09,+4.79,+11.60%,44.50,48.34,44.17,79.54,1.04,0.95,29.68,31.24,31.34,45.48,5207.01,4834.01,1.47,85.1,90.1,6.3,9.0
05/29/2026,1630,SMH,598.93,-.90,-0.15%,606.03,611.7886,597.12,70.94,0.4,0.56,374.16,542.67,544.3,616.03,5207.01,61179.01,1.42,100.2,95.3,3.5,11.5
05/29/2026,1630,SMIN,67.18,-.25,-0.37%,67.84,68.07,67.05,55.37,0.2,0.23,62.05,65.45,64.6,68.57,3206.01,6807.01,1.08,74.1,67.1,-0.2,0.0
05/29/2026,1630,SMPL,11.52,-.28,-2.37%,11.74,11.805,11.425,42.38,0.43,0.64,14.82,11.01,10.94,12.07,-6203.12,-1089.07,23.12,85.2,74.1,-12.3,0.0
05/29/2026,1630,SN,121.89,+2.41,+2.02%,118.69,123.5599,118.69,63.89,0.45,0.49,106.18,102.83,101.51,124.35,5206.01,12356.01,1.07,42.1,69.1,0.0,0.0
05/29/2026,1630,SNAP,5.71,-.20,-3.38%,5.92,5.945,5.69,50.4,0.41,0.66,4.87,5.31,5.31,6.03,3206.01,595.01,1.1,38.1,31.1,-5.4,0.0
05/29/2026,1630,SNDR,35.34,-.11,-0.31%,35.09,35.80,34.98,70.28,0.6,0.44,24.57,28.59,30.49,37.45,7211.02,3580.01,7.11,59.1,98.4,21.0,0.0
05/29/2026,1630,SNOW,255.55,+16.35,+6.84%,240.69,256.21,239.50,86.92,1.15,0.65,156.87,144.48,163.87,253.14,13216.01,25621.01,1.17,79.3,100.4,17.0,6.8
05/29/2026,1630,SOFI,18.22,+1.25,+7.37%,18.26,18.59,17.68,64.04,0.47,0.65,17.69,15.22,14.81,17.74,4206.01,1859.01,1.07,29.1,34.3,0.0,0.3
05/29/2026,1630,SOLZ,8.2273,+.0073,+0.09%,8.16,8.35,8.0599,41.26,0.49,0.54,8.36,8.88,7.65,9.43,-6110.02,-801.02,14.02,13.1,8.1,0.0,-3.0
05/29/2026,1630,SOYB,25.15,-.07,-0.28%,25.21,25.25,25.06,55.76,0.14,0.16,23.69,24.8,24.73,25.43,-1202.04,-2462.1,12.1,42.1,71.2,0.0,0.9
05/29/2026,1630,SPDN,8.62,-.02,-0.23%,8.62,8.64,8.60,28.34,0.1,NaN,9.46,8.74,8.58,8.86,-18107.01,-860.01,43.01,64.2,14.1,-18.1,-0.5
05/29/2026,1630,SPG,204.91,-1.86,-0.90%,206.45,206.99,203.89,54.99,0.19,0.25,187.11,200.0,199.82,209.11,4207.02,20879.03,3.07,44.1,57.1,1.6,0.1
05/29/2026,1630,SPGI,424.00,+7.29,+1.75%,415.20,428.46,415.17,52.66,0.25,0.32,431.42,401.0,403.29,428.46,3203.01,42846.01,1.09,71.1,59.1,-2.2,0.0
05/29/2026,1630,SPHD,49.65,-.44,-0.88%,49.915,49.93,49.51,46.93,0.09,0.13,50.54,49.28,49.19,50.62,5101.03,5060.03,3.09,46.1,8.3,0.2,0.0
05/29/2026,1630,SPHR,138.48,+4.73,+3.54%,132.13,138.70,131.545,56.31,0.56,0.58,109.61,124.11,128.72,140.05,2202.01,13870.01,1.13,55.1,74.1,-6.0,0.0
05/29/2026,1630,SPLV,72.21,-.71,-0.97%,72.83,72.83,72.20,38.25,0.09,0.13,74.91,72.31,72.1,74.28,-1102.01,-7220.01,3.01,76.1,29.1,0.0,0.0
05/29/2026,1630,SPMO,150.59,+.46,+0.31%,151.13,151.9082,149.87,72.61,0.26,0.21,116.23,141.06,140.79,152.94,5206.01,15191.01,1.43,77.2,92.4,2.0,12.9
05/29/2026,1630,SPOT,497.68,-19.03,-3.68%,515.00,519.67,495.40,56.88,0.58,0.45,492.0,412.99,415.31,561.58,9213.02,53013.03,3.21,46.1,81.4,1.1,0.7
05/29/2026,1630,SPX,7580.06,0,0.00%,0,0,0,73.53,0.1,0.16,6636.04,7338.54,7350.96,7616.13,5207.01,759938.01,1.43,23.1,29.1,1.1,15.7
05/29/2026,1630,SPY,756.48,+1.88,+0.25%,755.90,758.08,754.69,74.11,0.1,0.17,662.39,731.83,733.18,760.13,5207.01,75808.01,1.43,23.1,23.1,1.5,15.6
05/29/2026,1630,STKL,6.50,0,0.00%,0,0,0,65.19,0.03,0.18,4.64,6.47,6.47,6.51,-2201.01,-647.01,6.01,1.1,3.1,0.0,0.0
05/29/2026,1630,STLD,260.15,-.60,-0.23%,260.49,263.09,257.955,74.75,0.34,0.48,175.01,230.26,224.11,266.39,5206.01,26309.01,1.07,85.2,53.1,0.4,0.0
05/29/2026,1630,STZ,138.82,-3.31,-2.33%,141.00,141.245,138.53,35.22,0.32,0.38,144.61,139.1,136.68,152.57,-2103.01,-13853.01,33.01,71.2,58.2,-4.3,-0.2
05/29/2026,1630,SU,62.36,-.95,-1.50%,63.00,63.115,61.75,38.36,0.38,0.36,55.29,63.17,61.62,70.21,-4105.01,-6175.01,8.01,75.1,95.4,0.0,0.0
05/29/2026,1630,SVV,8.95,-.06,-0.67%,8.87,9.01,8.725,63.72,0.6,0.58,8.16,6.96,6.94,9.34,5207.01,901.01,1.12,12.1,87.4,0.0,0.0
05/29/2026,1630,SWBI,15.22,0,0.00%,15.31,15.66,15.15,54.47,0.26,0.61,11.65,14.1,14.47,15.96,5211.01,1575.05,5.12,80.4,33.1,3.1,0.0
05/29/2026,1630,SWKS,77.85,-3.56,-4.37%,82.43,83.71,77.61,60.82,0.78,0.62,52.17,64.65,66.14,87.63,23210.01,8518.03,3.4,98.2,98.4,9.7,4.1
05/29/2026,1630,SXT,113.85,-2.76,-2.37%,117.18,117.29,113.6725,52.98,0.23,0.36,87.89,115.33,111.63,118.21,4101.01,11729.01,1.05,65.1,17.1,-0.9,0.0
05/29/2026,1630,SYF,71.44,-.03,-0.04%,71.41,72.23,70.95,46.02,0.27,0.34,63.74,69.1,69.42,73.22,2207.03,-6832.07,28.07,35.1,49.1,-8.9,0.0
05/29/2026,1630,SYY,75.81,-.11,-0.14%,75.71,76.0691,75.18,54.52,0.17,0.26,82.76,71.94,72.38,78.26,4209.05,7709.05,5.16,79.1,25.1,2.1,1.3
05/29/2026,1630,T,24.80,-.08,-0.32%,24.86,24.87,24.56,41.41,0.19,0.28,27.39,24.66,24.16,25.52,1101.05,-2385.09,43.09,56.1,46.1,-7.5,0.0
05/29/2026,1630,TAN,73.93,+2.00,+2.78%,74.23,75.60,73.13,76.82,0.38,0.47,51.8,60.49,61.98,74.85,5207.01,7560.01,1.38,88.2,56.2,15.5,9.1
05/29/2026,1630,TAP,39.53,-.56,-1.40%,40.02,40.35,39.39,34.98,0.31,0.35,45.16,40.7,39.59,43.05,-3102.01,-3939.01,7.01,67.1,88.1,-1.3,-0.8
05/29/2026,1630,TBIL,49.86,+.01,+0.02%,49.86,49.86,49.85,37.73,0.01,NaN,49.86,49.9,49.85,50.01,-2102.01,-4985.01,4.01,0.2,43.1,2.3,0.0
05/29/2026,1630,TCEHY,54.60,-.02,-0.04%,54.50,54.72,54.22,29.46,0.29,NaN,63.29,57.91,53.1,59.66,-10111.01,-5412.02,12.02,0.0,53.1,-10.1,-7.3
05/29/2026,1630,TCNNF,9.2882,-.3858,-3.99%,9.6000,9.9400,9.2500,58.57,1.0,NaN,5.84,7.86,7.06,9.64,2204.01,994.01,1.09,0.0,65.3,-2.8,0.0
05/29/2026,1630,TEAM,107.61,+14.32,+15.35%,97.875,108.48,97.36,72.18,1.18,0.8,71.0,80.2,77.67,103.07,3205.01,10848.01,1.34,83.1,98.4,0.0,2.3
05/29/2026,1630,TEVA,35.32,+.80,+2.32%,34.79,35.47,34.52,60.96,0.21,0.39,29.92,34.91,33.25,36.12,-6201.06,-3369.02,19.06,33.1,5.1,-2.1,0.0
05/29/2026,1630,TFLO,50.63,+.01,+0.02%,50.63,50.64,50.63,68.98,0.01,0.02,50.48,50.53,50.57,50.65,6213.01,5064.01,1.18,59.2,16.2,0.0,26.2
05/29/2026,1630,TGS,31.08,+.30,+0.97%,30.76,31.09,30.02,54.06,0.51,0.67,27.85,29.04,28.89,31.57,2203.01,3136.02,2.04,55.1,74.4,-0.3,0.0
05/29/2026,1630,TGT,127.07,-1.58,-1.23%,127.41,127.88,125.27,53.45,0.37,0.34,115.0,117.67,119.71,131.15,3206.02,13020.02,2.06,16.1,88.4,0.0,0.0
05/29/2026,1630,THC,175.32,+2.12,+1.22%,171.13,179.56,171.13,39.02,0.39,0.51,228.48,187.34,164.24,200.44,-7109.01,-17113.01,12.04,88.2,69.1,0.0,-0.5
05/29/2026,1630,THD,73.46,-.54,-0.73%,73.50,73.92,73.31,58.54,0.23,0.28,64.92,69.67,70.5,74.77,5207.01,7411.02,2.26,75.4,57.1,6.5,2.6
05/29/2026,1630,TIGR,5.14,+.13,+2.59%,4.99,5.275,4.91,37.21,1.26,0.87,6.98,6.15,4.05,6.31,-15111.04,-465.04,30.04,94.4,100.4,-9.0,-25.5
05/29/2026,1630,TIP,111.21,+.03,+0.03%,111.17,111.29,111.11,55.97,0.03,0.06,111.04,111.02,109.96,111.53,3204.01,-11010.07,25.07,83.3,38.1,0.0,0.0
05/29/2026,1630,TJX,154.75,-.14,-0.09%,155.15,156.515,154.255,49.22,0.27,0.23,155.11,146.14,145.83,163.35,5208.03,16089.03,3.11,48.1,100.4,3.2,0.0
05/29/2026,1630,TKO,205.18,+4.64,+2.31%,199.93,206.065,198.75,67.31,0.34,0.43,197.54,182.0,181.66,205.43,1202.01,20607.01,1.12,93.2,73.1,5.4,0.0
05/29/2026,1630,TKR,127.98,+1.20,+0.95%,126.63,128.61,126.065,69.56,0.51,0.42,96.27,114.01,110.82,131.91,5207.01,12861.01,3.08,92.2,99.4,8.3,7.8
05/29/2026,1630,TLT,85.76,+.02,+0.02%,85.81,85.96,85.55,54.4,0.1,0.11,88.02,84.59,82.94,86.39,3205.01,8596.01,1.07,7.1,56.2,0.0,0.0
05/29/2026,1630,TME,9.22,+.13,+1.43%,9.02,9.27,9.00,48.56,0.45,0.5,13.35,8.74,8.59,9.52,-9204.1,-844.1,13.1,63.1,61.1,-0.5,0.0
05/29/2026,1630,TMO,492.51,+5.29,+1.09%,482.17,499.00,481.03,62.29,0.34,0.35,492.13,444.52,430.15,490.09,2203.01,49900.01,1.09,77.1,72.1,0.0,0.0
05/29/2026,1630,TMUS,187.53,-1.48,-0.78%,187.25,188.42,185.71,41.66,0.18,0.32,214.0,189.46,183.96,193.05,-1102.01,19227.02,2.09,71.1,16.1,-3.5,0.0
05/29/2026,1630,TNET,45.68,+.27,+0.59%,45.15,47.15,44.95,64.82,0.45,0.61,35.16,38.36,39.65,46.45,4209.01,4715.01,1.11,81.1,73.1,0.0,1.7
05/29/2026,1630,TNX:CGI,44.53,0,0.00%,0,0,0,49.78,0.19,NaN,40.4,43.46,43.76,46.96,-2104.01,4659.07,7.3,0.0,80.2,0.0,1.3
05/29/2026,1630,TOKE,5.24,0,0.00%,0,0,0,45.92,0.28,0.88,5.85,4.96,5.12,5.4,-1102.02,-508.02,16.02,56.2,35.2,-0.6,0.5
05/29/2026,1630,TOST,26.03,+1.07,+4.29%,25.05,26.25,25.05,54.2,0.72,0.55,26.61,22.26,21.95,25.94,3205.01,2625.01,1.11,50.1,99.4,-11.6,0.0
05/29/2026,1630,TPB,84.93,-3.42,-3.87%,87.31,88.789,84.76,45.12,0.48,0.54,85.4,89.49,84.94,93.1,-2105.01,-8476.01,14.01,75.1,66.1,0.0,11.8
05/29/2026,1630,TPL,393.00,-8.32,-2.07%,395.00,400.16,391.445,39.73,0.31,0.47,508.4,375.32,383.86,409.0,3101.02,41287.02,2.11,59.1,12.1,-10.7,0.0
05/29/2026,1630,TPR,145.46,+.07,+0.05%,145.66,146.59,143.8733,58.21,0.59,0.38,137.85,128.34,128.22,148.43,4207.01,14659.01,1.13,22.1,92.4,0.0,0.0
05/29/2026,1630,TPYP,41.37,-.7911,-1.88%,42.01,42.01,41.3101,38.62,0.19,0.22,41.53,41.5,41.19,44.83,-3104.01,-4131.01,7.01,52.3,99.4,0.6,0.0
05/29/2026,1630,TRIP,11.18,+.28,+2.57%,11.05,11.305,10.8399,61.81,0.58,0.67,9.61,9.11,9.11,11.21,3207.01,1131.01,1.12,72.1,74.2,-3.8,0.0
05/29/2026,1630,TRP,66.62,-1.01,-1.49%,68.24,68.24,66.27,49.11,0.18,0.23,62.85,64.51,65.29,72.15,-2103.01,-6627.01,5.01,31.1,54.4,6.5,1.0
05/29/2026,1630,TRU,71.56,-.10,-0.14%,71.87,72.75,70.85,54.3,0.37,0.47,71.91,66.5,65.52,73.56,3207.01,7275.01,1.07,58.1,45.1,0.0,0.0
05/29/2026,1630,TSLA,435.79,-6.31,-1.43%,439.845,441.07,428.14,60.04,0.39,0.54,381.4,416.39,403.27,455.53,1205.04,45340.12,12.36,58.2,29.2,0.0,10.7
05/29/2026,1630,TSM,418.45,-6.41,-1.51%,427.07,430.44,417.25,59.52,0.37,0.5,331.92,386.12,391.25,429.55,4204.01,43044.01,1.08,88.1,66.1,0.0,0.7
05/29/2026,1630,TSN,61.02,-.98,-1.58%,61.80,62.40,60.85,32.9,0.39,0.29,59.78,65.15,60.99,68.41,-5111.01,-6085.01,17.01,64.1,100.4,-3.6,0.0
05/29/2026,1630,TT,451.30,-.96,-0.21%,452.77,458.55,451.22,43.75,0.29,0.33,413.93,464.05,436.22,477.04,-12103.05,-44409.05,16.07,79.1,67.1,-4.6,-0.5
05/29/2026,1630,TTD,21.56,+.41,+1.94%,21.20,22.155,20.9647,46.09,0.53,0.72,23.53,19.83,19.88,22.83,2201.03,2336.03,3.11,56.1,55.1,-3.2,0.0
05/29/2026,1630,TTE,87.32,+.15,+0.17%,87.61,87.92,86.66,40.02,0.25,0.28,76.56,88.47,85.72,94.6,-3105.01,-8666.01,7.01,71.1,67.1,0.0,0.0
05/29/2026,1630,TTWO,224.16,+6.29,+2.89%,218.26,227.775,217.85,50.65,0.38,0.43,207.8,219.04,210.15,247.22,-4105.02,-21631.02,5.03,70.1,90.2,0.0,0.0
05/29/2026,1630,TUA,20.695,+.045,+0.22%,20.69,20.74,20.665,46.17,0.07,0.1,21.54,20.67,20.39,20.83,1203.01,-2044.05,30.07,13.1,58.1,-7.2,-0.8
05/29/2026,1630,TUR,38.20,-.31,-0.80%,38.51,38.6269,38.14,38.3,0.48,0.35,37.15,42.07,34.88,41.2,1201.01,-3640.06,14.06,60.1,98.4,-6.1,-25.0
05/29/2026,1630,TWLO,190.64,+6.04,+3.27%,187.93,193.08,182.11,60.27,0.85,0.58,117.99,189.55,177.87,199.29,-8201.01,-18091.03,16.03,60.1,87.4,-2.4,0.0
05/29/2026,1630,TXG,28.305,+.315,+1.13%,27.82,28.86,27.305,72.34,0.59,0.78,20.06,19.82,21.05,29.26,7208.01,2886.01,1.08,35.1,33.1,4.7,1.4
05/29/2026,1630,TXRH,180.62,+.27,+0.15%,179.75,185.58,178.985,61.36,0.48,0.3,164.71,171.0,174.22,185.12,1201.01,18558.01,1.18,47.1,98.4,0.0,14.1
05/29/2026,1630,TXT,91.76,-.16,-0.17%,91.52,92.24,90.67,52.11,0.27,0.29,91.36,89.16,88.55,93.46,3205.02,9336.02,2.06,56.1,67.4,-0.7,1.3
05/29/2026,1630,TYX:CGI,49.93,0,0.00%,0,0,0,47.78,0.14,NaN,46.88,49.3,49.29,51.95,-4105.01,-4967.01,7.01,0,67.4,0,0
05/29/2026,1630,U,30.47,+.53,+1.77%,30.04,30.91,29.44,71.28,0.47,0.74,18.04,25.76,24.77,30.29,4204.01,3091.01,1.05,40.1,9.1,0.0,0.0
05/29/2026,1630,UA,5.73,-.11,-1.88%,5.81,5.8405,5.715,52.68,0.77,0.62,5.9,4.67,4.5,6.11,4205.01,593.02,2.11,65.1,90.4,-2.5,0.0
05/29/2026,1630,UAA,5.87,-.12,-2.00%,5.94,5.985,5.865,52.33,0.79,0.6,6.1,4.81,4.59,6.29,4205.01,610.02,2.11,48.1,90.4,-2.7,0.0
05/29/2026,1630,UAE,19.53,-.10,-0.51%,19.50,19.63,19.31,55.94,0.23,0.32,18.49,18.84,18.52,19.69,3203.01,1963.01,1.07,87.2,71.1,-0.1,0.0
05/29/2026,1630,UAL,114.80,-.26,-0.23%,115.54,117.96,114.7403,71.64,0.57,0.54,84.7,93.76,90.39,118.48,6207.01,11796.01,1.07,51.1,83.1,4.9,2.5
05/29/2026,1630,UBER,70.40,-.52,-0.73%,70.65,72.24,69.96,37.79,0.37,0.38,71.94,74.02,68.3,76.29,-8112.02,-6958.02,16.02,33.1,85.3,-2.8,-4.6
05/29/2026,1630,UFO,65.31,-2.495,-3.68%,65.06,65.35,62.25,70.02,0.47,0.75,43.54,51.99,56.35,70.01,10215.02,6821.02,3.22,100.4,90.2,26.7,14.3
05/29/2026,1630,UGA,105.21,-2.53,-2.35%,106.31,107.39,103.7358,38.75,0.43,0.49,76.44,113.53,101.69,124.18,-7107.01,-10374.01,9.01,73.1,84.1,-1.5,0.0
05/29/2026,1630,UHAL,57.89,-1.16,-1.96%,58.53,58.53,56.76,69.91,0.52,0.36,47.74,49.22,48.15,58.85,3207.01,5853.01,1.08,43.1,92.2,0.2,0.0
05/29/2026,1630,UHS,146.11,-4.01,-2.67%,150.78,152.07,145.605,20.81,0.21,0.41,181.43,166.05,143.53,171.58,-8109.01,-14560.01,35.01,80.1,10.1,0.0,-0.2
05/29/2026,1630,UL,56.45,-.58,-1.02%,57.01,57.10,56.45,41.63,0.21,0.25,65.51,57.02,55.7,58.12,1102.03,-5619.1,17.1,72.1,65.1,-6.9,0.0
05/29/2026,1630,ULS,99.50,+.075,+0.08%,99.98,101.42,99.09,56.25,0.61,0.46,78.0,94.11,97.09,103.44,-1102.02,-9733.02,16.02,83.1,88.4,-0.1,9.0
05/29/2026,1630,ULTA,508.85,-11.30,-2.17%,513.96,515.83,507.00,46.14,0.31,0.53,615.0,487.44,478.26,530.56,3206.02,52700.03,3.08,98.4,65.1,-2.3,0.0
05/29/2026,1630,UNG,11.93,+.04,+0.34%,12.15,12.22,11.8701,61.04,0.44,0.54,11.64,10.52,10.62,12.23,2202.01,1222.01,1.21,19.1,37.1,1.1,2.6
05/29/2026,1630,UNH,380.31,-2.22,-0.58%,383.78,385.12,375.45,57.75,0.25,0.32,278.66,371.99,371.31,400.52,-2107.01,-37545.01,12.01,9.1,19.1,0.0,5.0
05/29/2026,1630,UNP,262.64,-2.98,-1.12%,264.29,269.0099,259.51,47.5,0.27,0.29,247.65,261.04,259.72,278.26,-1102.01,-25951.01,2.01,91.2,84.2,0.0,0.0
05/29/2026,1630,UPBD,19.21,-.21,-1.08%,19.435,19.52,19.06,58.99,0.37,0.61,18.02,17.01,16.62,19.69,4206.01,1952.01,1.1,74.1,14.1,0.0,0.0
05/29/2026,1630,UPS,106.69,+.02,+0.02%,106.60,107.31,105.3919,62.09,0.48,0.31,97.01,96.9,95.56,107.96,6207.01,10731.01,1.18,38.1,94.4,0.0,0.0
05/29/2026,1630,UPST,33.79,+1.10,+3.36%,33.85,34.6899,32.55,64.33,0.67,0.82,26.67,26.22,26.78,33.82,4204.01,3469.01,1.12,43.1,48.1,0.0,0.0
05/29/2026,1630,URA,50.76,+.01,+0.02%,50.70,51.16,49.46,46.86,0.49,0.57,47.45,52.49,44.58,55.27,-7204.07,-4701.07,16.07,52.1,40.2,-4.7,-2.1
05/29/2026,1630,URBN,72.65,-2.20,-2.94%,73.06,74.995,72.34,54.41,0.38,0.45,61.41,64.73,66.42,78.0,5207.02,7648.02,2.12,23.1,45.2,0.2,0.2
05/29/2026,1630,URI,995.67,+7.25,+0.73%,982.49,1004.885,977.65,66.41,0.31,0.36,768.55,930.77,920.36,1007.8,3204.01,100489.01,1.06,56.1,46.1,0.0,1.3
05/29/2026,1630,URNJ,28.23,-.03,-0.11%,28.27,28.46,27.45,45.56,0.55,0.61,29.1,29.32,24.23,31.22,-8203.06,-2556.07,14.07,58.1,20.1,-5.8,-2.3
05/29/2026,1630,URNM,61.28,-.07,-0.11%,61.03,61.70,59.62,46.33,0.48,0.55,62.0,62.76,53.92,66.48,-7204.07,-5669.08,16.08,55.1,43.1,-5.1,-0.8
05/29/2026,1630,USCI,97.87,-.74,-0.75%,98.26,98.47,97.5517,44.23,0.16,0.29,85.74,98.63,96.7,102.7,-5107.01,-9755.01,12.01,79.1,62.1,0.0,0.0
05/29/2026,1630,USD/JPY,159.371,+.115,+0.07%,159.331,159.419,159.315,59.629,0.021,NaN,158.328,158.598,158.972,159.658,1201.01,15965.05,5.27,0.0,0.1,0.0,13.8
05/29/2026,1630,USFD,81.85,+.70,+0.86%,80.97,82.345,80.305,37.67,0.27,0.29,86.63,82.39,78.99,84.65,-5201.12,-7952.06,17.13,57.1,64.1,-16.0,0.0
05/29/2026,1630,USPH,64.26,+.37,+0.58%,63.04,64.90,62.93,44.81,0.92,0.4,77.94,58.19,60.44,67.37,1206.03,-5890.14,17.14,57.1,100.4,-16.7,0.0
05/29/2026,1630,UTI,37.41,-1.62,-4.15%,38.66,39.095,37.16,48.62,0.65,0.47,33.67,34.33,35.32,42.08,2101.04,4137.04,4.07,39.1,81.4,3.8,0.1
05/29/2026,1630,UTZ,7.32,-.18,-2.40%,7.37,7.445,7.25,44.69,0.56,0.47,7.86,6.93,6.93,7.89,1101.06,-692.1,16.11,54.1,85.4,-1.6,0.0
05/29/2026,1630,UUP,27.66,-.04,-0.14%,27.71,27.735,27.63,53.28,0.04,0.07,27.34,27.31,27.43,28.0,8102.06,2783.06,7.15,15.1,8.1,6.9,2.4
05/29/2026,1630,V,326.36,+1.41,+0.43%,325.50,331.67,325.3455,54.04,0.16,0.24,310.15,316.16,320.6,335.62,-1104.02,-32090.02,5.02,35.1,23.3,0.0,3.1
05/29/2026,1630,VET,11.13,-.25,-2.20%,11.30,11.30,11.005,34.88,0.6,0.66,10.7,11.58,10.87,13.24,-4107.01,-1101.01,21.01,78.1,85.3,-6.9,0.0
05/29/2026,1630,VFC,17.18,-.75,-4.18%,17.88,17.88,17.09,45.43,0.47,0.52,15.98,17.11,15.53,18.4,3203.01,-1556.06,28.06,5.1,46.3,-4.6,0.0
05/29/2026,1630,VG,12.04,-.50,-3.99%,12.42,12.45,11.935,43.0,0.89,0.74,10.5,11.35,11.19,15.15,-2104.01,1490.07,7.14,19.1,69.1,0.0,0.0
05/29/2026,1630,VGK,89.01,-.02,-0.02%,89.36,89.76,88.97,56.85,0.21,0.19,82.04,86.49,86.19,90.4,6207.01,8976.01,3.22,77.1,83.3,3.2,3.7
05/29/2026,1630,VHT,279.61,-2.16,-0.77%,281.68,281.8482,279.13,58.86,0.13,0.15,279.19,267.33,268.95,284.59,7208.01,28231.02,2.08,46.1,27.1,6.1,0.0
05/29/2026,1630,VIK,92.11,-.23,-0.25%,92.50,93.66,91.52,65.26,0.48,0.49,65.65,79.6,79.04,95.3,4206.01,9366.01,1.22,71.1,82.1,5.6,0.1
05/29/2026,1630,VIR,9.54,-.01,-0.10%,9.51,9.91,9.47,52.11,0.54,0.73,8.67,9.11,8.61,9.76,3205.01,991.01,1.09,39.1,25.1,-10.3,0.0
05/29/2026,1630,VIX,15.32,0,0.00%,0,0,0,35.38,0.6,0.87,20.4,17.2,14.85,18.29,-8108.01,-1522.01,9.01,4.1,4.1,-0.5,0.0
05/29/2026,1630,VKTX,32.74,+.55,+1.71%,32.25,33.16,31.81,56.51,0.46,0.65,30.19,30.82,28.54,33.44,3206.01,3316.01,1.06,6.1,13.1,0.0,0.0
05/29/2026,1630,VLO,244.82,-.03,-0.01%,245.01,246.33,242.20,50.25,0.43,0.44,210.76,232.78,234.13,260.26,-2106.03,-23323.03,7.03,83.1,87.2,0.0,0.0
05/29/2026,1630,VLTO,82.23,-1.25,-1.50%,83.66,84.52,82.16,31.92,0.18,0.31,91.33,85.11,82.45,87.85,-10103.01,-8216.01,22.01,97.2,61.1,-2.3,-3.0
05/29/2026,1630,VMC,282.92,+6.17,+2.23%,276.96,287.42,276.96,54.96,0.3,0.3,266.81,272.84,254.95,286.7,3204.01,28742.01,1.08,60.1,83.1,-0.8,0.0
05/29/2026,1630,VNM,18.70,+.02,+0.11%,18.65,18.75,18.6047,45.6,0.2,0.22,16.6,19.12,18.3,19.58,-4110.03,-1860.01,15.05,28.1,11.1,-0.4,-0.4
05/29/2026,1630,VNO,33.75,-.10,-0.30%,33.66,34.30,33.485,67.9,0.37,0.39,25.71,30.5,30.11,34.46,5207.01,3430.01,1.07,38.1,78.2,3.1,4.4
05/29/2026,1630,VRNS,34.15,+2.34,+7.36%,32.15,34.37,32.15,76.72,0.43,0.72,22.04,26.71,27.62,34.47,22210.01,3437.01,1.34,76.1,65.1,8.6,4.7
05/29/2026,1630,VRT,315.71,+1.53,+0.49%,315.20,319.58,308.00,45.38,0.58,0.69,234.72,339.71,283.72,376.22,-4109.03,-30730.02,12.07,76.1,68.1,0.0,-0.6
05/29/2026,1630,VRTX,447.54,-.43,-0.10%,448.01,450.00,442.25,58.11,0.21,0.32,450.67,421.11,425.66,456.28,1202.01,45345.1,10.18,49.1,29.1,0.1,1.4
05/29/2026,1630,VSCO,55.00,-4.60,-7.72%,58.50,58.50,55.00,58.32,0.67,0.89,44.4,43.81,43.95,61.35,6207.01,6065.02,2.08,93.4,81.1,0.4,0.0
05/29/2026,1630,VTR,84.42,-1.37,-1.60%,85.61,85.63,83.475,38.57,0.18,0.24,83.8,86.65,84.68,90.37,-2106.01,-8348.01,7.01,56.1,67.1,-0.1,0.0
05/29/2026,1630,VVIX,86.06,0,0.00%,0,0,0,35.23,0.38,NaN,105.55,93.79,82.36,99.12,-8106.01,-8498.01,10.02,0.0,0.1,0.0,-2.4
05/29/2026,1630,VVV,33.75,-.43,-1.26%,34.83,35.00,33.64,51.38,0.43,0.5,33.05,31.82,31.4,35.41,2207.01,3500.01,1.07,82.1,95.4,0.0,0.0
05/29/2026,1630,VXD,14.58,0,0.00%,0,0,0,37.72,0.63,NaN,18.61,15.94,14.43,16.61,-6107.01,-1441.01,3.01,0.0,6.1,-1.6,0.0
05/29/2026,1630,VXN:CGI,22.58,0,0.00%,0,0,0,43.78,0.51,NaN,24.05,23.18,22.05,24.92,-4107.01,-2225.01,9.01,0.0,5.1,0.0,0.5
05/29/2026,1630,VXX,24.14,-.42,-1.71%,24.23,24.44,23.85,26.86,0.28,0.7,28.99,27.56,23.47,28.24,-8111.01,-2385.01,10.01,31.1,12.1,0.0,-12.1
05/29/2026,1630,VZ,47.81,-.20,-0.42%,48.06,48.16,47.34,51.41,0.14,0.25,49.37,46.95,46.59,49.05,5101.03,4896.03,3.09,74.1,9.1,0.5,1.2
05/29/2026,1630,W,72.26,-.49,-0.67%,73.60,76.3707,71.955,57.38,0.68,0.72,70.25,58.46,56.59,77.53,6207.01,7637.01,1.07,62.1,76.4,0.0,0.1
05/29/2026,1630,WBD,27.01,-.03,-0.11%,27.00,27.095,26.90,45.41,0.08,0.22,27.67,27.05,26.88,27.35,-2106.01,-2690.01,3.01,22.4,3.1,-0.2,0.0
05/29/2026,1630,WCLD,32.95,+2.43,+7.96%,31.01,33.00,31.01,70.07,0.47,0.39,26.84,27.18,27.91,32.68,5209.01,3300.01,1.11,82.2,90.1,0.5,2.3
05/29/2026,1630,WDAY,146.19,+16.18,+12.45%,133.625,146.52,132.275,66.35,0.69,0.67,132.7,112.55,115.06,142.44,3202.01,14652.01,1.11,90.3,100.2,0.2,0.1
05/29/2026,1630,WEAT,23.38,-.45,-1.89%,23.75,23.75,23.33,43.91,0.35,0.28,21.61,23.06,23.0,25.66,-4106.01,-2333.01,12.01,42.1,96.4,0.0,0.0
05/29/2026,1630,WELL,205.33,-4.96,-2.36%,209.99,210.87,205.33,38.98,0.21,0.27,199.2,213.18,206.58,221.11,-2103.01,-20533.01,7.01,78.1,52.1,0.0,0.0
05/29/2026,1630,WEN,7.70,+.20,+2.67%,7.54,7.76,7.49,54.7,0.79,0.5,6.98,6.75,6.97,8.46,-1106.03,832.11,11.18,62.1,98.4,0.0,6.9
05/29/2026,1630,WEST,8.03,+.02,+0.25%,7.98,8.09,7.8694,62.7,1.28,0.61,3.64,6.87,7.71,8.71,-3105.01,890.13,13.45,10.1,96.4,0.0,18.4
05/29/2026,1630,WFC,77.54,+.89,+1.16%,76.62,77.75,76.34,50.54,0.28,0.33,76.86,72.86,73.22,78.63,4207.01,-7278.1,36.12,67.1,68.1,-6.3,0.0
05/29/2026,1630,WGMI,68.09,-1.17,-1.69%,68.99,68.99,65.35,70.82,0.71,0.7,34.95,54.32,54.35,72.04,6206.01,7012.02,2.4,18.1,48.1,4.8,9.4
05/29/2026,1630,WGS,51.99,+1.84,+3.67%,50.00,52.18,49.07,52.04,2.58,0.82,68.55,37.57,38.59,55.01,6210.01,5225.02,2.16,58.1,100.4,-4.5,0.8
05/29/2026,1630,WH,80.26,-2.35,-2.84%,82.20,82.605,79.75,46.18,0.32,0.4,73.43,80.48,77.1,84.06,2101.02,8351.02,2.07,82.1,78.2,0.0,0.0
05/29/2026,1630,WING,156.96,-.65,-0.41%,157.61,160.07,152.46,56.32,0.67,0.71,213.53,118.81,116.34,164.53,5209.01,16007.01,1.16,71.1,73.1,0.0,0.0
05/29/2026,1630,WMS,139.16,-.89,-0.64%,139.44,141.065,139.015,47.42,0.39,0.45,138.05,134.45,130.43,144.03,1204.03,14364.03,3.05,66.1,59.1,-5.3,0.0
05/29/2026,1630,WMT,115.75,-3.15,-2.65%,118.11,119.08,114.71,28.72,0.33,0.28,121.62,126.38,111.83,132.98,-6107.01,-11471.01,7.01,47.1,94.4,0.0,-11.2
05/29/2026,1630,WOOD,67.7185,-.3215,-0.47%,67.54,67.865,67.50,49.13,0.21,0.18,71.45,67.25,64.11,69.05,2204.02,-6455.07,30.07,22.3,72.1,-2.5,0.0
05/29/2026,1630,WRBY,24.52,-1.20,-4.67%,25.50,25.845,24.18,47.05,1.04,0.8,23.41,26.38,22.14,29.54,-1108.07,3020.08,14.21,79.1,89.4,0.0,6.0
05/29/2026,1630,WW,16.62,-.48,-2.81%,17.42,17.64,16.21,69.41,1.6,1.29,20.49,8.37,9.21,17.99,5205.01,1764.02,1.15,79.4,84.4,4.6,0.0
05/29/2026,1630,WWW,17.55,-.20,-1.13%,17.88,17.88,17.38,58.92,0.48,0.69,15.74,15.41,14.62,18.41,5206.01,1788.01,1.07,52.1,63.1,0.0,0.0
05/29/2026,1630,WY,24.51,-.05,-0.20%,24.45,24.655,24.3391,59.09,0.23,0.34,23.82,22.93,22.61,24.92,5207.01,2466.01,1.08,83.1,34.1,0.0,0.0
05/29/2026,1630,WYFI,29.74,-2.44,-7.58%,32.15,32.15,29.315,63.02,1.57,1.31,15.01,19.78,22.84,35.59,12206.04,3319.04,4.21,NaN,NaN,7.0,10.9
05/29/2026,1630,WYNN,101.22,-.32,-0.32%,101.54,102.4699,100.85,51.28,0.31,0.4,96.52,94.55,93.49,103.5,3204.01,10247.01,1.1,43.1,37.1,-5.9,0.0
05/29/2026,1630,XBI,136.69,+.70,+0.51%,136.48,137.35,135.61,58.58,0.28,0.31,120.85,133.26,127.3,139.07,3204.01,13735.01,1.07,57.1,79.1,0.0,0.0
05/29/2026,1630,XHR,17.37,-.18,-1.03%,17.61,17.64,17.33,62.82,0.36,0.55,14.45,16.23,16.0,17.9,5207.01,1764.01,1.09,71.2,99.4,3.4,1.3
05/29/2026,1630,XIACY,17.88,-.44,-2.40%,17.87,17.99,17.75,34.38,0.42,NaN,19.67,19.92,17.46,20.18,-8110.01,-1775.01,12.01,0.0,68.1,-0.7,-0.3
05/29/2026,1630,XLB,51.15,-.21,-0.41%,51.28,51.575,51.11,51.41,0.21,0.33,48.6,51.46,48.82,52.58,1204.04,-4914.06,12.06,91.1,89.2,0.0,0.0
05/29/2026,1630,XLC,115.69,-.98,-0.84%,115.93,116.05,115.14,47.92,0.11,0.21,115.5,114.97,114.75,116.96,-1101.01,11684.02,2.04,79.1,12.1,-2.0,0.0
05/29/2026,1630,XLE,56.29,-.66,-1.16%,56.68,56.79,55.99,41.33,0.28,0.27,55.33,55.46,55.22,61.54,-3104.01,-5599.01,7.01,62.1,99.4,0.0,0.0
05/29/2026,1630,XLF,51.58,+.31,+0.60%,51.28,51.79,51.17,51.35,0.11,0.2,49.18,50.81,51.06,52.09,-2201.01,-5117.01,3.01,47.1,11.1,0.0,0.0
05/29/2026,1630,XLG,64.37,+.13,+0.20%,64.29,64.525,64.19,73.96,0.1,0.2,55.89,62.37,62.84,64.74,15207.01,6453.01,1.43,87.2,19.1,0.0,17.4
05/29/2026,1630,XLI,173.13,-.67,-0.39%,173.57,173.875,172.37,52.47,0.17,0.24,166.17,172.14,168.76,175.98,3204.02,-16891.06,16.06,73.1,79.1,-0.1,0.0
05/29/2026,1630,XLK,191.02,+4.17,+2.23%,189.33,191.63,189.195,79.73,0.23,0.32,134.99,171.2,173.6,191.97,5207.01,19163.01,1.42,86.1,75.1,5.6,16.2
05/29/2026,1630,XLP,82.91,-1.52,-1.80%,83.97,84.095,82.85,43.07,0.14,0.18,84.62,82.83,82.71,86.15,-4106.01,-8285.01,7.01,59.1,73.1,0.0,0.0
05/29/2026,1630,XLRE,43.99,-.42,-0.95%,44.31,44.35,43.825,49.54,0.12,0.16,41.98,43.94,43.41,45.06,3101.03,4499.03,3.08,34.1,27.1,0.1,0.0
05/29/2026,1630,XLU,44.42,-.21,-0.47%,44.67,44.715,44.25,41.56,0.15,0.19,45.96,44.36,43.8,45.64,-1102.01,4564.04,4.08,50.1,62.3,-7.4,0.0
05/29/2026,1630,XLV,149.47,-1.41,-0.93%,150.85,151.04,149.10,57.56,0.13,0.17,150.95,142.67,143.94,152.63,12209.01,15135.02,2.14,35.1,30.1,8.7,0.8
05/29/2026,1630,XLY,120.87,-1.19,-0.97%,121.60,122.18,120.83,59.69,0.16,0.22,110.99,117.45,115.4,123.05,5207.01,12218.01,1.07,34.1,36.1,1.9,0.0
05/29/2026,1630,XOM,145.26,-1.70,-1.16%,146.185,146.93,144.71,38.58,0.33,0.33,147.7,143.92,141.88,162.95,-3104.01,-14471.01,7.01,76.1,92.2,0.0,-0.4
05/29/2026,1630,XOP,163.99,-.97,-0.59%,164.28,164.88,161.89,41.89,0.35,0.35,155.65,163.82,159.91,178.42,-3106.01,-16189.01,21.01,69.1,90.3,-3.2,0.0
05/29/2026,1630,XPEV,16.45,+.01,+0.06%,16.40,16.745,16.02,52.7,0.4,0.6,15.38,15.58,14.84,17.13,4204.01,1713.02,2.07,39.1,10.1,0.0,0.0
05/29/2026,1630,XRT,83.99,-1.62,-1.89%,84.71,85.11,83.75,54.24,0.24,0.24,80.04,78.89,78.13,86.44,5206.01,8586.02,2.1,48.1,90.4,0.0,0.0
05/29/2026,1630,XTL,238.67,-3.12,-1.29%,239.55,239.55,232.8801,63.75,0.27,0.26,179.35,219.92,220.25,248.0,4206.02,24515.02,2.08,71.1,38.1,2.5,0.0
05/29/2026,1630,XYL,109.54,+.29,+0.27%,109.68,110.63,108.80,39.81,0.22,0.32,119.68,108.97,105.62,112.89,2205.03,-10529.07,35.21,78.1,60.1,-13.1,0.0
05/29/2026,1630,XYZ,75.72,+1.37,+1.84%,74.97,76.66,74.195,63.57,0.41,0.47,61.33,68.69,66.69,75.92,3203.01,7666.01,1.04,29.1,44.1,0.0,-2.8
05/29/2026,1630,YCS,53.9971,+.0771,+0.14%,54.015,54.04,53.94,58.22,0.1,0.21,51.65,51.87,52.85,54.93,3213.08,-5159.17,22.17,60.1,1.3,0.7,19.0
05/29/2026,1630,YELP,22.80,-.50,-2.15%,23.51,23.555,22.705,40.31,0.62,0.49,22.32,22.35,19.11,24.74,1205.04,-2080.1,16.1,83.1,98.4,-19.0,0.0
05/29/2026,1630,YPF,53.01,+1.01,+1.94%,52.18,53.12,51.83,75.75,0.49,0.46,33.42,41.81,45.16,55.09,11209.01,5361.02,2.14,52.1,76.4,17.9,2.0
05/29/2026,1630,YUM,147.95,-2.08,-1.39%,149.23,150.18,147.335,36.42,0.22,0.25,156.0,149.39,147.81,155.64,-1103.01,-14734.01,20.01,67.1,65.3,-4.6,0.0
05/29/2026,1630,YUMC,42.43,-.61,-1.42%,43.09,43.52,42.415,21.52,0.18,0.33,50.87,46.84,41.8,46.46,-13116.01,-4242.01,17.01,52.1,4.1,-9.1,-17.3
05/29/2026,1630,ZG,35.36,-.44,-1.23%,35.93,36.125,35.23,28.5,0.3,0.53,42.5,38.3,33.1,39.41,-11119.07,-3511.07,28.07,48.1,15.1,-19.0,-3.0
05/29/2026,1630,ZM,101.59,+1.13,+1.12%,101.58,102.63,99.37,54.92,0.57,0.48,70.7,101.51,93.34,107.61,1201.05,11373.05,5.07,81.1,94.4,-3.0,0.0
05/29/2026,1630,ZS,139.73,+9.69,+7.45%,131.70,139.90,130.365,44.45,1.54,0.65,144.4,143.03,121.99,190.68,-3103.01,-13037.01,4.01,80.3,100.4,3.7,0.0
