Date,Time,Symbol,Last,Net Chng,%Change,Open,High,Low,RSI,HistoricalVolatility,ImpVolatility,A_TrendValue,A_TradeValue,A_BB_Bottom,A_BB_Top,A_BB_Streak,A_BBHighLow,A_BBHighLowDays,A_IVPercentile,A_HVPercentile,A_BB_Top_Slope,A_BB_Bot_Slope
05/12/2026,1630,$COMP,26088.2033,-185.9222,-0.71%,26087.009,26190.4784,25739.2245,75.39,0.15,NaN,22256.76,24209.74,24666.16,26717.17,14209.02,2635931.02,2.31,0.0,43.1,8.7,10.8
05/12/2026,1630,$DJI,49760.56,+56.09,+0.11%,49739.62,49823.94,49307.66,61.18,0.12,NaN,49084.35,48861.31,48932.14,50072.24,12205.03,4983070.03,3.32,0.0,45.1,-0.1,4.5
05/12/2026,1630,$DXY,98.289,-.009,-0.01%,0,0,0,47.448,0.052,NaN,96.802,98.211,97.637,98.878,-7201.02,-9783.03,9.03,0.0,34.1,-1.6,0.0
05/12/2026,1630,/6B[M26],1.3537,+.0005,+0.04%,1.3540,1.3542,1.3536,51.9866,0.0578,0.0727,1.3434,1.3446,1.3487,1.3653,-1102.02,-135.02,3.02,40.1,19.1,0.0,1.1
05/12/2026,1630,/6C[M26],.73115,+.00015,+0.02%,.73125,.73135,.73115,47.50304,0.0417,0.0445,0.72995,0.7307,0.72932,0.73764,-3106.02,-73.02,6.02,13.1,33.1,-0.3,0.0
05/12/2026,1630,/6E[M26],1.17555,-.0004,-0.03%,1.17575,1.17595,1.17550,52.04359,0.04594,0.0576,1.17535,1.16975,1.17099,1.18171,-1102.01,118.02,2.1,13.1,21.1,0.0,2.7
05/12/2026,1630,/6J[M26],.0063625,-.0000015,-0.02%,.0063635,.0063645,.0063620,52.0337228,0.1006651,0.0763,0.0064365,0.0062825,0.0062759,0.0064688,-1102.01,1.05,5.1,8.1,65.4,0.0,0.0
05/12/2026,1630,/BTC[K26],80680,-315.00,-0.39%,80875,80970,80680,61.0,0.0,0.0,63940.0,75935.0,76208.0,84132.0,15209.0,8272500.0,5.0,28.0,4.0,3.0,5.0
05/12/2026,1630,/BZ[N26],107.36,-.41,-0.38%,107.74,107.86,107.20,54.4,0.63,NaN,66.83,101.28,99.28,114.17,1202.01,-9607.05,10.05,0.2,86.3,0.0,8.6
05/12/2026,1630,/CL[M26],102.02,-.16,-0.16%,102.16,102.27,101.70,54.91,0.69,0.62,61.87,92.3,92.44,109.16,1202.01,-8985.05,10.05,67.1,83.3,0.0,9.2
05/12/2026,1630,/GC[M26],4726.5,+39.80,+0.85%,4722.3,4731.6,4720.3,51.3,0.2,0.3,4854.2,4567.6,4536.9,4792.8,4206.0,478340.0,2.1,66.1,45.1,-3.9,0.0
05/12/2026,1630,/HG[N26],6.6335,+.1025,+1.57%,6.6305,6.6540,6.6285,72.5563,0.2646,0.3552,5.627,5.9315,5.8544,6.733,6207.01,665.01,1.07,81.1,43.1,0.0,0.0
05/12/2026,1630,/NG[M26],2.829,-.014,-0.49%,2.833,2.833,2.825,52.718,0.452,0.576,2.922,2.495,2.562,3.016,9212.02,295.02,2.14,39.1,17.1,6.4,0.9
05/12/2026,1630,/NKD[M26],62470,-50.00,-0.08%,62545,62735,62420,64.0,0.0,NaN,56190.0,58390.0,58186.0,64957.0,14208.0,6384500.0,3.0,0.0,42.0,1.0,0.0
05/12/2026,1630,/SI[N26],87.770,+2.179,+2.55%,87.320,87.785,87.265,68.564,0.476,0.789,71.815,72.435,69.735,90.76,6206.01,8774.01,1.1,76.1,66.1,0.2,-0.5
05/12/2026,1630,AAAU,46.50,-.19,-0.41%,46.27,46.51,45.75,51.36,0.22,0.24,47.84,45.99,44.45,47.27,4205.02,-4440.07,51.1,66.1,52.1,-4.6,0.0
05/12/2026,1630,AAL,12.69,-.10,-0.78%,12.65,12.72,12.38,57.4,0.47,0.54,13.28,11.41,11.18,13.75,4207.03,1337.03,3.1,54.1,50.1,0.3,0.6
05/12/2026,1630,AAPL,294.80,+2.12,+0.72%,292.56,295.27,292.56,73.25,0.26,0.27,255.45,265.07,268.19,302.08,8211.02,29527.01,3.26,27.1,69.2,14.3,4.9
05/12/2026,1630,ABBV,207.86,+5.08,+2.51%,204.59,211.3199,203.5101,52.08,0.26,0.28,220.91,196.23,196.85,212.91,1201.01,21132.01,1.1,43.1,56.1,-0.2,0.0
05/12/2026,1630,ABNB,135.48,-1.57,-1.15%,137.58,138.5151,134.30,45.72,0.24,0.37,115.53,138.66,134.5,142.83,-7102.01,-13430.01,2.01,31.1,35.1,-3.1,0.0
05/12/2026,1630,ABR,5.85,-.81,-12.16%,6.60,6.635,5.835,23.53,0.74,0.62,7.2,7.67,5.94,8.29,-3103.01,-584.01,4.01,92.1,100.2,0.0,0.0
05/12/2026,1630,ABT,84.35,+1.79,+2.17%,83.42,85.10,83.09,27.74,0.33,0.29,111.18,90.72,80.66,92.68,-26124.02,-8197.02,52.02,86.1,84.4,-9.8,-10.6
05/12/2026,1630,ACHC,26.02,+1.01,+4.04%,25.07,26.45,24.45,50.81,0.62,0.6,15.34,25.87,23.56,28.31,-5201.01,-2445.01,7.03,8.1,56.1,-2.1,-0.3
05/12/2026,1630,ACHR,6.39,-.15,-2.29%,6.39,6.68,6.05,58.59,0.55,0.81,6.57,5.59,5.53,6.75,5206.01,668.01,1.06,24.2,16.1,0.0,0.1
05/12/2026,1630,ACI,15.92,0,0.00%,16.02,16.05,15.545,37.1,0.21,0.31,17.61,16.43,15.53,16.91,-6108.01,-1555.01,8.01,53.1,38.1,-1.5,0.0
05/12/2026,1630,ADBE,240.83,-5.32,-2.16%,247.002,247.58,240.40,44.64,0.41,0.54,251.1,233.52,233.78,259.27,4102.04,25944.04,4.22,90.2,90.3,1.0,0.0
05/12/2026,1630,ADYEY,10.68,-.03,-0.28%,10.665,10.73,10.55,40.76,0.24,NaN,10.57,10.45,10.62,11.51,-7105.01,-1055.01,5.01,0.0,6.1,-0.6,0.0
05/12/2026,1630,AFK,28.57,-.26,-0.90%,28.42,28.6165,27.90,59.92,0.31,0.35,28.35,27.03,26.07,29.32,4205.02,2900.02,2.1,55.1,73.1,0.0,0.0
05/12/2026,1630,AFRM,65.43,-1.02,-1.53%,65.85,68.52,64.625,58.6,0.57,0.7,48.55,61.28,62.3,68.46,1202.01,6852.01,1.02,41.1,27.1,-1.1,3.8
05/12/2026,1630,AGCO,118.03,-.80,-0.67%,119.03,119.21,116.03,49.57,0.47,0.39,135.41,114.8,113.97,121.88,2202.04,12199.04,4.06,54.1,91.4,-2.0,0.0
05/12/2026,1630,AHR,51.47,+1.09,+2.16%,50.38,51.82,50.075,57.24,0.35,0.36,51.1,47.46,48.82,52.39,6203.01,5245.02,2.14,57.1,94.4,0.3,1.6
05/12/2026,1630,AIQUY,41.34,+.05,+0.12%,41.36,41.40,41.07,43.81,0.26,NaN,38.92,43.27,39.89,43.87,-6111.04,-4103.04,24.04,0.0,90.2,-7.6,-11.8
05/12/2026,1630,AKAM,149.56,-3.45,-2.25%,152.45,154.00,144.55,76.02,0.95,0.52,93.53,93.51,106.75,160.44,10216.01,15400.01,1.21,68.3,99.4,6.9,15.9
05/12/2026,1630,ALB,205.52,-4.47,-2.13%,205.94,208.95,201.65,59.02,0.77,0.7,156.72,184.51,186.71,211.08,5205.01,20895.01,1.38,73.1,90.4,-0.1,6.8
05/12/2026,1630,ALCO,41.17,+.52,+1.28%,41.42,42.50,39.94,47.9,0.2,NaN,40.01,41.3,40.0,42.06,-9201.01,-3994.01,1.01,0.0,35.1,-7.9,-0.1
05/12/2026,1630,ALGN,165.79,+1.18,+0.72%,164.78,167.65,163.595,38.77,0.35,0.44,181.09,183.81,153.45,186.19,-8112.03,-16272.02,16.06,42.1,47.1,-7.8,-6.4
05/12/2026,1630,ALLY,42.84,+.10,+0.23%,42.80,42.895,42.145,48.92,0.37,0.34,39.63,43.91,41.97,45.18,-3102.01,-4215.01,16.01,32.1,85.3,-6.3,2.8
05/12/2026,1630,ALNY,292.03,+7.19,+2.52%,288.66,295.86,286.725,40.17,0.34,0.39,298.0,302.9,282.44,310.12,-12119.01,-28428.02,20.02,20.1,40.1,-10.5,-0.4
05/12/2026,1630,AMAT,431.20,-12.42,-2.80%,436.80,437.05,416.56,61.12,0.49,0.67,325.56,391.26,376.8,453.37,5206.02,44845.02,2.1,96.3,65.1,0.0,0.0
05/12/2026,1630,AMBA,78.19,-1.53,-1.92%,78.57,79.999,74.94,75.17,0.45,1.0,63.77,59.07,66.62,83.91,21225.02,8102.02,4.28,99.4,35.1,19.5,16.0
05/12/2026,1630,AMD,448.29,-10.50,-2.29%,449.25,458.80,426.11,77.23,0.94,0.73,194.83,286.14,351.78,488.32,21206.02,46922.02,2.31,96.3,95.4,37.0,18.2
05/12/2026,1630,AMG,301.53,+.25,+0.08%,300.74,303.22,296.37,56.13,0.31,0.42,285.63,270.35,285.23,311.29,4207.04,31097.04,4.09,79.1,65.1,0.0,1.4
05/12/2026,1630,AMH,31.57,-.48,-1.50%,32.26,32.37,31.445,57.8,0.22,0.36,29.24,29.98,30.44,33.34,16101.04,3283.04,4.37,73.1,82.2,6.8,7.1
05/12/2026,1630,AMLP,54.07,+.63,+1.18%,53.60,54.16,53.1201,61.56,0.15,0.13,50.05,51.56,51.95,55.02,8202.06,5425.06,7.18,23.1,83.4,0.9,5.3
05/12/2026,1630,AMN,29.47,-.80,-2.64%,30.11,30.525,28.11,79.55,0.98,0.57,15.65,19.76,20.22,31.09,4206.01,3053.01,1.05,3.1,100.4,6.9,0.0
05/12/2026,1630,AMPH,17.50,-.95,-5.15%,18.41,18.58,17.26,30.67,0.96,1.08,27.24,20.77,17.43,24.36,-3103.01,-1726.01,4.01,96.4,92.4,3.2,0.0
05/12/2026,1630,AMZN,265.82,-3.17,-1.18%,266.71,267.65,262.63,63.82,0.2,0.31,196.0,250.33,256.36,281.26,-1102.01,27856.06,6.31,22.1,6.1,3.7,8.3
05/12/2026,1630,AN,195.36,-5.12,-2.55%,200.06,200.06,195.14,41.62,0.33,0.36,195.0,200.96,195.54,211.0,-4102.01,-19514.01,8.01,62.1,90.2,0.0,0.1
05/12/2026,1630,AQWA,19.0152,-.1398,-0.73%,19.03,19.0898,18.95,41.91,0.16,0.27,20.46,19.5,18.69,19.73,-5111.06,-1892.07,23.07,88.2,75.3,-3.5,-4.4
05/12/2026,1630,AR,36.33,-.26,-0.71%,36.96,36.99,35.84,39.74,0.34,0.41,32.81,37.32,35.18,39.83,-5105.01,-3584.01,9.01,32.1,21.1,0.0,0.0
05/12/2026,1630,ARE,46.50,+.50,+1.09%,46.01,46.88,45.445,54.12,0.6,0.46,50.1,45.04,39.34,49.32,1206.05,-4004.08,17.08,60.1,89.4,-1.8,0.0
05/12/2026,1630,ARGT,89.79,-.38,-0.42%,89.71,90.47,88.48,44.39,0.23,0.28,88.67,90.47,88.07,93.5,-2103.01,-8848.01,4.01,32.1,31.1,-3.1,-1.0
05/12/2026,1630,ARHS,5.90,-.22,-3.59%,6.12,6.195,5.90,32.18,0.67,0.63,8.34,7.41,5.78,7.77,-7104.01,-590.01,15.01,27.1,85.2,-3.9,0.0
05/12/2026,1630,ARKK,78.21,-1.82,-2.27%,79.10,79.78,76.48,55.52,0.36,0.42,67.59,75.18,74.03,81.14,6205.01,8069.02,2.31,32.1,46.1,0.0,1.6
05/12/2026,1630,ARQQ,14.40,-.60,-4.00%,15.06,15.60,13.90,48.18,0.9,1.17,15.75,13.7,13.15,15.82,3101.01,1560.01,1.09,50.2,38.3,-2.3,4.2
05/12/2026,1630,AS,33.56,-.94,-2.72%,33.70,34.03,32.91,42.38,0.39,0.66,38.0,35.2,33.12,37.05,-2102.01,-3291.01,3.01,89.2,48.1,0.0,0.0
05/12/2026,1630,ASBFF,25.76,0,0.00%,0,0,0,47.51,1.44,NaN,NaN,26.59,NaN,-Infinity,NaN,0.0,0.0,NaN,NaN,NaN,NaN
05/12/2026,1630,ASO,51.12,-.42,-0.81%,51.36,51.595,50.1616,37.34,0.36,0.53,56.86,55.07,48.94,57.49,-11102.01,-5016.01,18.01,69.2,21.1,-3.0,-3.3
05/12/2026,1630,ATRO,78.26,+2.47,+3.26%,75.27,78.79,73.26,59.34,0.51,0.73,74.57,70.46,68.56,80.71,4206.01,7928.03,3.09,84.2,46.1,0.0,0.0
05/12/2026,1630,AVB,187.02,-.25,-0.13%,188.01,188.01,185.21,68.16,0.25,0.2,173.54,170.15,175.86,195.34,13214.08,18801.01,9.37,8.1,85.4,9.8,12.7
05/12/2026,1630,AVGO,419.30,-9.13,-2.13%,423.43,429.34,408.41,59.73,0.39,0.58,316.31,404.86,402.62,435.48,-1203.01,43500.03,3.31,86.2,50.1,0.0,5.2
05/12/2026,1630,AVO,12.63,-.09,-0.71%,12.72,12.785,12.50,36.58,0.48,0.49,13.55,13.23,12.47,14.21,-4107.01,-1250.01,24.01,63.4,91.4,-2.5,0.0
05/12/2026,1630,AVTR,8.17,+.20,+2.51%,8.10,8.21,8.01,50.86,0.42,0.63,8.96,7.46,7.7,8.49,2201.04,858.04,4.09,73.1,53.1,-0.3,0.0
05/12/2026,1630,AWI,159.10,-.33,-0.21%,160.07,161.44,157.85,32.84,0.27,0.33,195.06,176.11,152.58,175.75,-6112.06,-15785.01,21.07,74.1,75.1,-9.2,-10.1
05/12/2026,1630,AXP,314.31,+1.99,+0.64%,312.33,314.95,311.08,46.72,0.24,0.3,336.21,312.5,305.96,325.59,-5104.09,-31108.01,18.09,37.1,50.1,-7.6,-0.2
05/12/2026,1630,AZO,3409.81,-17.99,-0.52%,3447.595,3450.81,3353.75,41.38,0.29,0.4,3627.42,3500.16,3376.17,3662.03,-6107.01,-335375.01,8.01,97.3,81.2,0.0,0.0
05/12/2026,1630,B,45.85,-1.15,-2.45%,46.35,46.62,44.29,63.58,0.54,0.45,45.06,39.4,37.51,47.12,5205.01,4662.01,1.1,41.1,85.1,0.0,0.0
05/12/2026,1630,BA,236.87,-1.34,-0.56%,239.00,239.02,231.11,61.46,0.33,0.38,231.14,221.22,221.83,240.82,5205.01,23902.01,1.37,78.1,71.3,0.4,4.6
05/12/2026,1630,BABA,134.78,-2.52,-1.84%,136.49,136.97,133.82,50.54,0.4,0.5,150.43,129.62,128.25,143.09,3101.03,14380.03,3.36,77.2,52.2,0.0,4.1
05/12/2026,1630,BAC,50.78,+.23,+0.45%,50.86,51.08,49.84,42.43,0.2,0.31,51.44,51.83,50.33,54.0,-3104.01,-4984.01,4.01,56.1,48.1,-0.6,0.0
05/12/2026,1630,BALL,57.57,-.15,-0.26%,57.83,58.07,57.22,37.5,0.31,0.29,65.29,61.04,55.41,62.87,-7113.06,-5706.06,18.06,45.1,81.3,-7.5,-10.1
05/12/2026,1630,BBN,16.01,-.09,-0.56%,16.10,16.1647,15.96,42.88,0.08,NaN,16.47,16.03,15.93,16.2,-1101.01,-1596.01,1.01,0.0,19.1,-6.0,-0.7
05/12/2026,1630,BBWI,19.09,-.07,-0.37%,19.02,19.195,18.40,48.76,0.59,0.78,22.49,18.87,17.77,20.4,1201.03,2135.15,15.22,100.2,81.2,-0.6,2.4
05/12/2026,1630,BBY,57.20,-.42,-0.73%,57.65,58.165,57.07,37.21,0.36,0.53,62.97,59.2,55.15,61.98,-8102.06,-5668.06,16.11,88.2,63.2,-9.5,-2.2
05/12/2026,1630,BCO,105.73,+.53,+0.50%,105.47,107.89,104.04,45.16,0.31,0.3,128.16,106.65,102.35,110.19,-8102.04,-10324.04,16.04,48.1,73.1,-7.1,0.0
05/12/2026,1630,BDRY,13.29,+.64,+5.06%,13.01,13.34,12.95,76.96,0.37,0.46,11.19,10.5,11.63,13.31,8212.01,1334.01,1.13,5.1,36.1,4.5,9.3
05/12/2026,1630,BEAM,31.58,-.17,-0.54%,31.575,31.77,30.52,57.01,0.76,0.82,25.69,27.1,27.96,33.71,15205.02,3438.02,2.31,66.1,58.2,0.0,1.3
05/12/2026,1630,BEPC,36.93,-.40,-1.07%,37.10,37.45,36.43,41.94,0.64,0.45,42.05,39.2,32.82,40.9,1205.04,-3440.07,24.08,82.2,97.4,-8.8,0.0
05/12/2026,1630,BIDU,139.94,-5.84,-4.01%,142.16,142.66,137.15,63.23,0.56,0.67,131.1,120.32,121.17,149.85,7209.02,14992.02,2.31,100.4,84.4,3.7,1.5
05/12/2026,1630,BIO,241.71,-2.08,-0.85%,245.03,246.195,240.715,28.85,0.46,0.4,251.0,274.9,224.99,275.7,-8114.06,-24072.01,15.06,47.1,74.4,-12.5,-18.8
05/12/2026,1630,BIP,38.07,+.63,+1.68%,37.47,38.20,37.45,62.61,0.23,0.42,37.64,35.6,35.19,38.26,5206.01,3820.01,1.09,96.4,86.1,0.2,0.0
05/12/2026,1630,BIRK,37.95,-1.20,-3.07%,38.50,38.70,37.70,47.67,0.48,0.6,37.92,39.07,36.29,40.59,1101.04,4089.04,4.09,97.2,79.3,-4.6,0.4
05/12/2026,1630,BITO,11.04,-.16,-1.43%,11.01,11.06,10.90,60.98,0.3,0.38,8.99,10.48,10.36,11.45,4208.05,1124.02,5.31,5.1,5.1,1.4,4.6
05/12/2026,1630,BJ,92.01,+.90,+0.99%,91.99,93.30,91.19,44.77,0.26,0.45,95.32,92.8,89.7,95.45,-7103.02,-9069.02,13.04,90.2,35.1,-1.4,0.0
05/12/2026,1630,BJRI,41.42,-.69,-1.64%,42.15,42.38,41.20,62.02,0.4,0.52,40.02,37.25,36.24,43.49,4206.01,4381.02,2.05,81.1,73.3,1.0,0.0
05/12/2026,1630,BK,133.44,+.95,+0.72%,132.15,134.08,131.00,58.13,0.19,0.27,112.83,133.34,129.65,135.43,-6201.02,-13016.03,19.04,42.1,61.1,-4.2,0.0
05/12/2026,1630,BKNG,160.56,+2.76,+1.75%,158.43,161.19,157.86,38.09,0.41,0.41,154.84,174.53,154.68,177.45,-8115.01,-15786.01,18.01,84.1,81.1,-10.7,-5.2
05/12/2026,1630,BKV,28.32,-.02,-0.07%,28.41,28.66,27.83,44.59,0.42,0.38,29.25,27.56,26.78,32.67,-4105.01,-2764.02,9.02,10.1,52.2,0.0,0.0
05/12/2026,1630,BLDR,72.78,-2.10,-2.80%,74.57,74.96,72.10,33.71,0.52,0.6,108.75,88.66,64.97,89.07,-5111.06,-7210.01,16.06,82.1,77.2,-3.1,-8.7
05/12/2026,1630,BLK,1092.50,+11.18,+1.03%,1074.79,1096.255,1071.00,64.32,0.22,0.29,1017.0,1040.85,1043.69,1097.05,8205.01,109626.01,1.28,70.1,42.1,0.0,4.9
05/12/2026,1630,BLMN,8.32,-.05,-0.60%,8.36,8.495,8.16,72.39,1.3,0.77,6.08,5.78,5.5,9.04,5205.01,873.02,2.07,46.1,90.4,4.8,0.0
05/12/2026,1630,BLOK,64.02,-1.14,-1.75%,64.10,64.50,62.2556,63.04,0.35,0.38,52.34,58.99,57.75,67.64,5208.02,6598.02,2.3,34.1,42.1,0.2,0.1
05/12/2026,1630,BNDD,97.0403,-.6595,-0.68%,97.0403,97.0403,97.0403,42.06,0.06,0.16,97.65,97.28,97.01,98.25,-2102.01,-9704.01,5.01,49.2,2.1,0.0,0.3
05/12/2026,1630,BNO,56.89,+1.87,+3.40%,57.01,57.2075,56.52,58.59,0.64,0.9,31.52,49.82,50.3,61.48,1201.01,-5082.04,10.04,90.2,86.3,0.0,4.0
05/12/2026,1630,BOOT,144.80,-8.30,-5.42%,148.00,149.18,141.41,34.16,0.49,0.69,184.01,160.04,148.08,177.18,-4104.01,-14141.01,4.01,99.4,80.1,-0.1,0.0
05/12/2026,1630,BP,44.40,+.18,+0.41%,44.29,44.535,44.18,44.83,0.35,0.32,36.83,45.9,42.72,47.76,-4105.02,-4322.03,9.03,59.1,92.2,0.0,-1.1
05/12/2026,1630,BRBR,9.48,+.08,+0.85%,9.44,9.7899,9.325,22.86,1.82,1.08,17.1,15.96,6.93,17.19,-5106.02,-927.02,7.03,99.3,100.4,0.0,-19.0
05/12/2026,1630,BRCB,10.97,-.02,-0.18%,10.92,11.30,10.62,32.86,0.53,0.98,12.4,12.5,10.28,12.9,-9116.01,-1062.01,18.01,NaN,NaN,-10.8,-2.7
05/12/2026,1630,BRKR,44.73,+1.46,+3.37%,43.19,44.94,42.955,67.96,0.68,0.48,35.62,34.88,34.36,46.93,5206.01,4494.01,2.09,18.1,92.4,1.5,0.0
05/12/2026,1630,BROS,50.68,-.45,-0.88%,50.67,51.33,49.35,40.67,0.57,0.55,48.03,53.77,49.79,59.62,-4104.01,-4935.01,5.01,39.1,76.2,0.0,0.0
05/12/2026,1630,BTAL,12.02,+.15,+1.26%,11.95,12.265,11.95,36.25,0.24,0.5,13.76,12.31,11.67,12.71,-6109.02,-1183.02,31.02,83.4,82.2,-2.4,0.0
05/12/2026,1630,BTC,35.74,-.50,-1.38%,35.65,35.77,35.30,61.78,0.3,0.39,28.8,33.83,33.43,37.1,4208.05,3634.02,5.31,25.1,10.1,1.9,4.3
05/12/2026,1630,BTC-USD,-60.37,2.42,-3.85%,-60.41,-54.16,-63.78,23.81,1.02,0.67,-31.74,-48.69,-66.26,-40.6,-17106.01,6378.01,30.01,67.1,18.1,-11.2,-12.8
05/12/2026,1630,BTI,63.64,+3.20,+5.29%,61.91,63.68,61.39,68.31,0.35,0.3,58.55,55.22,57.12,63.4,7202.01,6368.01,1.16,75.1,100.4,3.6,5.1
05/12/2026,1630,BUD,79.81,-.05,-0.06%,79.85,80.245,79.015,62.69,0.39,0.23,77.87,71.57,73.14,84.87,5206.04,8128.04,4.14,35.1,91.4,8.9,1.8
05/12/2026,1630,BULL,7.02,-.05,-0.71%,6.96,7.04,6.825,59.75,0.55,1.06,5.76,6.72,6.71,7.39,-2103.01,-680.02,5.02,71.1,31.3,-0.6,5.5
05/12/2026,1630,BURL,288.86,-3.35,-1.15%,292.26,292.86,283.78,29.98,0.28,0.48,291.0,319.36,282.45,326.11,-10115.01,-28378.01,16.01,81.2,20.1,-6.8,-13.9
05/12/2026,1630,BUXX,20.22,-.02,-0.10%,20.24,20.24,20.22,44.04,0.02,NaN,20.28,20.26,20.16,20.3,-4101.06,-2020.06,17.08,0.0,50.3,0.0,-4.6
05/12/2026,1630,BXP,59.01,+.07,+0.12%,59.06,59.46,58.36,58.6,0.24,0.33,57.59,56.35,57.4,60.41,13209.02,6008.03,3.24,51.1,32.1,-0.5,5.0
05/12/2026,1630,BYD,82.21,-.54,-0.65%,83.09,83.40,82.08,42.63,0.38,0.29,81.3,80.1,80.73,88.46,-5102.01,-8208.01,11.02,52.1,99.4,-2.5,-1.9
05/12/2026,1630,BYDDF,12.80,-.2106,-1.62%,12.55,13.40,12.065,43.08,0.33,NaN,12.01,12.3,12.45,13.58,-7116.01,-1207.01,19.01,0.0,24.1,-6.6,-0.1
05/12/2026,1630,C,126.44,+.59,+0.47%,126.07,126.56,123.25,52.83,0.21,0.34,108.39,126.84,124.49,129.4,-2103.01,-12325.01,3.01,63.1,21.1,-5.6,0.0
05/12/2026,1630,CACC,526.72,+4.98,+0.95%,520.61,529.46,512.93,58.34,0.4,0.55,467.56,506.91,498.66,542.83,3206.02,53835.02,2.28,91.1,46.1,-0.2,4.4
05/12/2026,1630,CAG,14.00,+.07,+0.50%,14.05,14.23,13.835,38.05,0.25,0.38,18.33,14.06,13.7,14.43,-12103.01,-1370.02,26.02,91.1,36.1,-6.1,0.0
05/12/2026,1630,CAH,182.56,+.06,+0.03%,182.74,185.74,181.75,26.96,0.3,0.29,213.75,197.06,175.24,206.27,-13120.02,-18175.01,24.03,48.1,75.2,-10.1,-20.1
05/12/2026,1630,CAKE,60.75,-.42,-0.69%,61.53,61.53,60.1817,50.45,0.3,0.37,58.35,60.7,58.84,63.13,-1102.04,-5870.04,5.04,15.1,29.1,-1.6,0.0
05/12/2026,1630,CAMT,174.625,-32.835,-15.83%,192.36,192.92,168.07,45.08,0.88,0.74,145.28,183.16,173.8,212.24,-1101.01,-16807.01,2.01,82.3,100.2,1.3,1.7
05/12/2026,1630,CANE,10.07,+.02,+0.20%,10.02,10.11,9.98,57.43,0.29,0.31,8.97,9.24,9.46,10.59,-1202.04,1033.06,6.22,61.3,96.4,5.6,6.4
05/12/2026,1630,CARR,65.56,-.32,-0.49%,65.49,65.99,64.74,56.78,0.56,0.41,61.0,60.38,60.39,70.95,12101.04,6865.04,4.31,70.1,95.4,5.4,6.3
05/12/2026,1630,CASY,867.19,-9.88,-1.13%,876.70,879.2525,863.25,72.61,0.26,0.4,653.5,774.44,791.43,909.24,11218.06,87925.01,6.37,95.4,68.2,13.2,8.4
05/12/2026,1630,CAT,912.14,-14.65,-1.58%,912.00,915.0926,894.51,66.5,0.46,0.39,744.15,805.48,810.59,974.25,13230.04,93135.04,4.3,68.1,92.2,12.8,5.3
05/12/2026,1630,CAVA,77.18,-2.81,-3.51%,79.45,79.64,76.51,33.63,0.47,0.8,61.19,92.42,74.26,95.04,-7108.01,-7651.01,16.01,96.2,48.1,-2.6,0.0
05/12/2026,1630,CBRL,29.74,-1.63,-5.20%,31.39,31.75,29.54,48.12,0.53,0.69,30.26,28.22,28.88,32.02,4101.01,3175.01,1.06,70.2,57.2,0.0,2.5
05/12/2026,1630,CCK,100.08,-.30,-0.30%,100.02,101.01,99.33,44.2,0.23,0.3,109.7,100.59,97.54,102.31,-1205.02,-9773.02,2.02,61.1,38.1,-12.0,0.0
05/12/2026,1630,CCL,24.85,-.59,-2.32%,25.39,25.46,24.735,40.92,0.54,0.57,31.36,26.18,24.56,27.44,-2102.01,-2474.01,18.01,83.1,74.1,-10.1,0.0
05/12/2026,1630,CCRN,13.12,0,0.00%,13.15,13.16,13.12,78.21,0.96,1.89,7.8,9.87,9.84,13.99,16204.02,1317.02,2.61,96.4,97.4,17.6,0.0
05/12/2026,1630,CELH,29.61,-1.03,-3.36%,30.31,30.31,28.95,32.07,0.46,0.69,42.63,32.68,29.87,35.04,-5103.01,-2895.01,3.01,69.3,55.1,-0.6,-1.7
05/12/2026,1630,CF,130.39,+5.91,+4.75%,125.87,130.43,123.45,57.33,0.67,0.55,92.15,119.54,115.77,131.59,1202.01,13043.01,1.02,85.1,92.3,-0.3,0.0
05/12/2026,1630,CFG,61.95,-.21,-0.34%,62.16,62.44,61.13,42.49,0.21,0.29,63.58,63.62,61.65,65.81,-3104.01,-6113.01,4.01,24.1,19.1,-0.1,0.0
05/12/2026,1630,CFLT,30.99,0,0.00%,0,0,0,73.35,0.04,0.16,29.95,30.6,30.58,30.94,1201.01,3100.01,1.27,19.4,14.1,0.0,0.0
05/12/2026,1630,CFRUY,19.81,+.045,+0.23%,19.86,19.895,19.62,55.59,0.43,NaN,20.24,18.65,18.27,20.67,3205.03,2044.03,3.1,0.0,92.4,0.0,0.0
05/12/2026,1630,CG,50.04,+.58,+1.17%,49.12,50.24,48.64,51.42,0.37,0.48,51.35,47.13,47.17,51.94,-1201.03,5289.05,5.11,69.1,65.1,-4.6,0.3
05/12/2026,1630,CHD,93.51,+2.79,+3.08%,91.54,93.71,90.60,46.73,0.29,0.26,99.18,91.79,90.6,97.56,-4107.01,-9060.01,8.01,56.1,87.4,0.0,-0.5
05/12/2026,1630,CHDN,86.58,+.41,+0.48%,88.72,88.83,86.20,38.73,0.52,0.38,87.54,88.17,81.64,103.15,-5107.02,-8556.02,11.02,74.1,95.4,0.0,-0.4
05/12/2026,1630,CHEF,80.00,-.69,-0.86%,80.76,81.22,79.12,71.17,0.66,0.34,64.85,63.64,68.74,89.12,5210.06,8281.03,7.11,5.1,98.4,18.4,13.1
05/12/2026,1630,CHH,105.59,+1.36,+1.30%,105.79,107.76,104.905,45.62,0.68,0.3,107.22,117.07,90.51,119.83,-5201.06,-9842.06,18.06,66.1,97.4,-7.2,-5.9
05/12/2026,1630,CHPT,6.23,-.18,-2.81%,6.34,6.42,6.131,51.0,0.42,0.88,5.67,6.6,5.78,6.92,-6111.03,-603.03,15.03,15.1,2.1,-1.6,0.0
05/12/2026,1630,CHRD,142.01,+1.94,+1.39%,140.93,143.40,140.165,55.16,0.49,0.46,97.4,131.17,132.6,151.62,-1105.04,-13282.04,9.04,74.3,93.4,0.0,4.6
05/12/2026,1630,CHTR,147.92,+.13,+0.09%,149.82,150.455,146.00,27.18,1.18,0.55,226.15,171.97,98.96,171.24,1203.03,-14600.01,14.09,76.1,97.4,-24.4,-24.0
05/12/2026,1630,CHWY,22.90,+.41,+1.82%,22.91,23.35,22.755,35.14,0.46,0.74,23.06,25.17,21.6,26.23,-8114.03,-2245.02,16.04,97.2,65.1,-7.1,-14.2
05/12/2026,1630,CI,298.49,+9.42,+3.26%,290.00,298.71,286.43,65.59,0.27,0.31,277.16,272.33,273.22,300.01,2204.01,29871.01,1.3,38.1,55.1,3.2,2.6
05/12/2026,1630,CLOX,25.55,+.025,+0.10%,25.54,25.56,25.53,51.4,0.02,NaN,25.55,25.52,25.48,25.63,-4107.03,-2550.05,8.05,0.0,70.2,0.0,0.0
05/12/2026,1630,CLOZ,26.40,+.005,+0.02%,26.45,26.45,26.36,68.86,0.03,NaN,26.42,26.03,26.21,26.53,-1204.05,2648.08,15.26,0.0,57.1,0.0,15.3
05/12/2026,1630,CLX,89.11,+.21,+0.24%,89.46,90.53,88.48,35.68,0.47,0.36,120.94,96.36,82.21,98.87,-1102.01,-8470.06,18.06,86.2,100.4,-5.7,-2.4
05/12/2026,1630,CMCSA,24.90,-.13,-0.52%,25.287,25.40,24.80,30.31,0.62,0.34,30.79,27.3,23.4,28.42,-6113.02,-2480.01,13.09,57.1,99.4,-2.8,-20.7
05/12/2026,1630,CMG,32.67,+.75,+2.35%,32.03,33.075,31.995,45.02,0.32,0.41,35.53,33.49,31.0,34.45,-7103.06,-3163.02,16.07,62.1,53.1,-8.7,-2.3
05/12/2026,1630,CMI,704.56,+1.90,+0.27%,696.58,706.995,688.00,66.88,0.41,0.38,580.96,638.47,633.13,727.51,13209.02,71808.04,4.31,82.1,91.1,6.5,2.3
05/12/2026,1630,CNA,43.33,+.20,+0.46%,43.29,43.53,42.80,32.34,0.34,0.41,48.21,47.41,40.69,48.78,-5110.03,-4280.01,8.04,86.3,98.4,0.0,-13.3
05/12/2026,1630,CNC,59.31,+2.95,+5.23%,56.375,59.50,55.78,86.05,0.58,0.48,38.85,38.36,53.14,67.01,-2103.01,5950.01,9.42,24.1,72.2,25.5,34.3
05/12/2026,1630,CNH,10.74,-.23,-2.10%,10.99,11.015,10.55,50.52,0.47,0.32,11.99,10.18,10.06,11.17,5205.01,1102.01,1.19,19.1,92.3,0.0,0.0
05/12/2026,1630,CNX,35.79,-.32,-0.89%,36.22,36.22,35.33,33.04,0.27,0.34,38.45,37.96,34.53,39.75,-9108.01,-3533.01,10.02,27.1,27.1,0.0,-6.5
05/12/2026,1630,COAL,25.35,-.35,-1.36%,25.40,25.5728,25.0001,44.82,0.25,0.47,24.68,24.61,24.93,26.17,-4101.01,-2500.01,6.01,78.2,29.1,-0.7,0.2
05/12/2026,1630,COCO,74.61,+2.15,+2.97%,72.46,75.635,72.25,82.02,0.96,0.57,48.01,46.13,62.58,85.75,7213.06,7564.01,8.13,67.1,97.4,26.4,8.4
05/12/2026,1630,COF,183.71,-.22,-0.12%,183.93,185.8399,181.41,38.05,0.24,0.35,202.24,190.5,181.05,196.54,-7103.01,-18141.01,18.01,56.1,23.1,-14.4,-0.7
05/12/2026,1630,COIN,207.64,-8.96,-4.14%,211.90,218.4599,200.20,56.82,0.68,0.79,139.36,193.91,182.68,216.55,2203.01,21846.01,1.03,81.1,52.1,0.0,1.0
05/12/2026,1630,COM,35.41,+.40,+1.14%,35.1661,35.41,35.1601,78.71,0.08,0.09,30.73,33.59,33.96,35.46,3203.01,3541.01,1.23,6.1,40.1,12.4,5.1
05/12/2026,1630,COP,117.87,+2.32,+2.01%,116.67,118.25,115.6781,44.68,0.37,0.35,107.88,120.22,111.41,128.39,-4106.02,-11380.02,9.02,63.1,93.4,0.0,0.0
05/12/2026,1630,COPJ,46.61,+1.67,+3.72%,43.98,46.64,43.98,65.59,0.51,0.54,41.78,41.7,38.83,46.49,4205.01,4664.01,1.09,79.1,76.1,0.0,0.0
05/12/2026,1630,COPX,90.77,+3.18,+3.63%,86.87,91.00,86.0901,65.29,0.48,0.53,81.78,80.97,75.57,90.95,5205.01,9100.01,1.1,73.1,76.1,0.0,0.0
05/12/2026,1630,CORN,18.93,+.17,+0.91%,18.91,19.02,18.67,60.76,0.16,0.25,17.39,18.18,18.19,19.29,-1202.04,-1820.04,8.04,85.2,72.2,0.0,2.1
05/12/2026,1630,COST,1021.88,+22.41,+2.24%,1002.535,1026.00,1001.14,57.24,0.17,0.28,977.81,996.63,994.71,1027.69,-4201.01,102600.01,1.02,88.2,30.1,-1.8,2.8
05/12/2026,1630,CP,85.82,+1.05,+1.24%,85.03,86.11,84.13,56.04,0.32,0.25,82.69,81.61,82.62,88.65,-1201.06,8752.08,11.28,51.1,97.4,0.0,6.2
05/12/2026,1630,CPAY,338.34,-3.24,-0.95%,340.00,343.94,334.90,63.87,0.5,0.35,319.84,307.09,291.41,347.91,3203.01,34394.01,1.09,49.1,91.1,0.0,-0.4
05/12/2026,1630,CPER,40.44,+1.05,+2.67%,39.40,40.46,39.37,72.66,0.28,0.34,34.64,36.7,35.7,40.31,5205.01,4046.01,1.07,75.1,45.1,0.0,1.2
05/12/2026,1630,CPNG,15.90,-.23,-1.43%,16.14,16.32,15.90,25.23,0.62,0.47,16.93,20.09,15.07,21.21,-7105.01,-1590.01,18.01,71.1,91.4,-1.0,-6.8
05/12/2026,1630,CPRI,17.34,-.30,-1.70%,17.42,17.56,16.955,32.76,0.4,0.79,19.73,20.3,16.71,20.33,-8112.01,-1695.01,16.01,98.4,28.1,-7.9,-4.1
05/12/2026,1630,CPT,105.23,+.31,+0.30%,105.38,105.48,104.00,58.05,0.23,0.27,105.98,100.72,102.02,107.61,14202.07,10631.08,8.42,88.2,79.4,0.0,4.4
05/12/2026,1630,CRCL,123.65,-8.11,-6.16%,129.99,140.00,120.50,59.8,1.16,1.04,55.31,94.29,89.69,137.55,6208.01,14000.01,1.09,NaN,NaN,4.2,0.4
05/12/2026,1630,CRI,33.32,+.59,+1.80%,32.65,33.56,32.16,41.68,0.65,0.57,37.28,36.83,30.78,38.97,-2104.01,3899.04,4.06,43.1,80.2,-0.7,-4.7
05/12/2026,1630,CRM,171.31,-6.18,-3.48%,177.575,177.575,170.58,40.35,0.49,0.58,180.24,170.65,166.84,188.73,-1102.01,19031.07,7.22,96.4,96.3,-2.2,0.0
05/12/2026,1630,CRSP,52.83,-1.18,-2.18%,54.17,54.17,52.02,49.83,0.66,0.58,47.39,48.77,48.52,56.63,2203.02,5616.02,2.13,8.1,62.2,-5.5,0.0
05/12/2026,1630,CRWD,546.18,+3.92,+0.72%,542.00,552.43,533.00,76.82,0.41,0.6,387.11,435.56,442.44,558.88,6208.01,55243.01,1.23,94.2,61.1,13.2,10.6
05/12/2026,1630,CSCO,99.29,+.57,+0.58%,99.52,99.93,97.77,75.98,0.28,0.48,73.42,87.41,88.63,100.67,10210.01,9993.01,1.28,100.4,87.1,12.6,7.0
05/12/2026,1630,CSX,44.53,-.21,-0.47%,44.74,44.88,44.225,55.36,0.3,0.25,40.02,42.88,43.65,46.38,-1104.03,4636.13,13.42,24.1,99.4,0.0,5.7
05/12/2026,1630,CTA,31.99,+.71,+2.27%,31.93,32.18,31.80,58.96,0.33,0.26,28.64,29.53,29.73,33.38,1201.01,-2981.04,9.04,71.1,91.4,0.0,4.0
05/12/2026,1630,CUBE,40.94,+.12,+0.29%,40.85,41.11,40.16,62.43,0.23,0.26,37.92,38.87,39.06,41.44,5205.01,4111.01,1.06,12.1,58.1,0.0,2.0
05/12/2026,1630,CURB,27.70,-.28,-1.00%,27.98,28.09,27.69,52.73,0.27,0.17,24.98,26.84,26.97,28.58,-2101.07,2874.1,10.37,1.1,98.4,-0.1,0.6
05/12/2026,1630,CVNA,73.72,-2.51,-3.29%,75.06,76.88,73.27,47.15,0.45,0.7,63.0,78.71,71.72,81.41,-2103.01,-7327.01,3.02,51.1,17.1,-2.5,0.6
05/12/2026,1630,CVS,95.15,+2.93,+3.18%,92.22,95.355,91.50,79.21,0.4,0.31,75.72,76.1,81.46,96.9,10205.01,9536.01,1.37,22.1,90.2,20.3,9.9
05/12/2026,1630,CVX,185.95,+1.21,+0.65%,186.50,186.89,184.6646,45.53,0.25,0.3,178.74,183.2,179.81,194.44,-3105.03,-18074.03,7.03,79.1,81.3,-0.2,0.0
05/12/2026,1630,CWH,6.70,-.06,-0.89%,6.78,6.79,6.535,43.01,1.02,0.82,11.3,6.8,6.42,8.18,-2102.01,-654.01,4.01,79.1,92.4,0.0,0.0
05/12/2026,1630,CZR,25.41,-2.36,-8.50%,27.70,27.80,25.20,36.68,0.42,0.59,17.86,27.4,26.09,28.82,-2102.01,-2520.01,3.01,77.1,29.1,0.2,0.0
05/12/2026,1630,D,62.92,+.36,+0.58%,62.72,63.10,62.13,52.63,0.21,0.24,64.57,60.44,60.93,64.49,-3201.03,-6104.03,7.03,56.1,86.4,0.0,0.0
05/12/2026,1630,DAL,70.71,-.49,-0.69%,70.51,71.00,70.01,54.28,0.31,0.47,66.85,67.46,66.05,75.05,5208.02,7393.03,3.1,36.1,16.1,0.0,0.1
05/12/2026,1630,DAPP,21.72,-.51,-2.29%,21.71,22.00,20.82,65.28,0.53,0.52,15.08,18.7,18.05,23.41,7208.02,2270.02,2.3,16.1,30.1,1.7,0.7
05/12/2026,1630,DAR,63.46,-.36,-0.56%,64.83,64.99,63.30,58.22,0.3,0.39,48.34,59.64,60.49,66.33,-2203.02,6602.06,6.18,1.1,18.3,0.0,7.5
05/12/2026,1630,DASH,155.19,-2.14,-1.36%,157.79,159.2499,154.07,37.92,0.53,0.49,158.0,173.22,152.11,180.91,-3113.01,-15407.01,4.01,45.1,83.3,-5.5,0.0
05/12/2026,1630,DDOG,199.94,-2.38,-1.18%,200.70,203.00,195.01,83.74,1.02,0.61,114.78,124.32,136.1,216.53,14220.01,20358.02,2.22,66.1,100.4,22.4,10.2
05/12/2026,1630,DDS,535.09,-21.70,-3.90%,547.01,555.825,524.00,35.41,0.32,NaN,625.92,583.51,518.39,595.86,-8114.01,-52400.01,15.01,0.0,15.1,-5.1,-5.8
05/12/2026,1630,DE,589.19,+.45,+0.08%,591.37,593.9808,580.16,53.03,0.36,0.41,590.92,561.62,561.23,601.5,4202.01,59398.01,4.13,99.4,87.2,-0.1,0.0
05/12/2026,1630,DECK,94.89,-1.76,-1.82%,95.95,95.96,94.33,35.6,0.38,0.62,113.4,105.5,91.85,108.22,-8103.01,-9433.01,23.06,81.4,46.1,-8.2,-4.0
05/12/2026,1630,DELL,238.94,-8.10,-3.28%,242.51,242.51,228.50,63.81,0.75,0.82,111.2,209.5,200.75,262.62,26209.02,25545.02,2.59,99.4,92.2,11.5,5.0
05/12/2026,1630,DEO,81.11,-.90,-1.10%,81.87,82.15,80.9447,51.92,0.33,0.32,94.07,78.73,77.08,85.55,3101.03,8461.03,3.1,58.1,77.1,0.0,0.0
05/12/2026,1630,DG,102.98,-1.65,-1.58%,104.84,105.24,102.26,25.08,0.37,0.56,145.94,116.72,101.75,120.96,-7114.01,-10226.01,18.01,97.4,71.1,-5.4,-10.7
05/12/2026,1630,DGX,190.18,+.37,+0.19%,191.21,192.30,189.47,43.97,0.27,0.24,200.94,194.46,182.0,199.14,-3113.06,-18623.03,14.1,52.1,77.4,-1.2,-7.5
05/12/2026,1630,DIN,29.64,+.57,+1.96%,29.18,29.89,28.5911,58.67,0.49,0.52,30.7,27.19,26.45,29.8,3204.01,2989.01,1.04,26.1,67.3,-0.2,2.4
05/12/2026,1630,DIS,106.16,+1.44,+1.38%,104.99,106.27,104.215,56.96,0.34,0.27,101.02,101.97,99.44,110.02,4205.02,10839.02,2.06,33.1,78.4,0.0,0.0
05/12/2026,1630,DK,46.08,-.74,-1.58%,47.29,47.29,45.825,56.62,0.79,0.61,32.28,38.77,39.81,52.28,1203.02,4950.06,6.18,23.1,96.4,3.5,7.8
05/12/2026,1630,DKL,51.66,+.21,+0.41%,51.12,51.99,50.11,52.02,0.34,0.32,53.0,49.12,49.78,54.23,-4105.01,-5011.01,8.01,55.1,95.4,0.0,1.0
05/12/2026,1630,DKNG,24.61,+.10,+0.41%,24.492,25.72,24.45,56.67,0.39,0.61,21.01,21.66,22.58,26.0,10207.01,2572.01,1.13,61.1,38.1,3.4,1.4
05/12/2026,1630,DLTR,89.05,-.97,-1.08%,90.10,90.87,88.195,30.52,0.42,0.59,122.16,96.57,86.28,102.12,-9112.01,-8820.01,16.01,97.4,87.3,-7.7,-6.4
05/12/2026,1630,DOC,19.78,+.02,+0.10%,19.81,19.83,19.34,78.02,0.63,0.3,16.19,16.01,16.12,21.02,4206.02,1987.03,3.11,49.1,98.4,13.4,0.0
05/12/2026,1630,DOCU,45.18,-.31,-0.68%,45.88,46.38,44.93,44.17,0.47,0.75,41.53,43.61,43.97,48.87,-1102.01,4839.02,2.03,92.2,65.2,0.0,0.0
05/12/2026,1630,DOV,216.71,-3.26,-1.48%,219.97,220.48,214.84,45.91,0.3,0.31,225.26,215.6,215.02,229.43,-2104.01,-21484.01,4.01,73.1,90.3,0.0,0.2
05/12/2026,1630,DOW,39.43,+.67,+1.73%,38.99,39.845,38.5405,53.27,0.59,0.53,29.49,36.72,36.68,41.25,-4201.02,-3672.03,6.03,64.2,87.3,0.0,0.9
05/12/2026,1630,DPZ,310.16,-3.06,-0.98%,315.83,317.245,309.49,28.7,0.41,0.32,370.7,328.74,291.51,351.42,-4112.09,-30949.01,13.09,67.1,98.4,-4.4,-13.3
05/12/2026,1630,DRI,199.12,+3.32,+1.70%,197.19,202.8699,196.08,52.61,0.23,0.29,210.45,197.12,191.03,202.05,2201.01,20287.01,1.04,43.1,44.1,-0.8,-0.2
05/12/2026,1630,DRLL,36.39,+.2006,+0.55%,36.42,36.5155,36.15,48.45,0.31,0.31,33.29,35.63,34.76,38.44,-3105.03,-3495.04,8.04,82.2,97.4,0.0,0.0
05/12/2026,1630,DRVN,12.84,-.41,-3.09%,13.25,13.275,12.59,47.75,0.47,0.75,16.47,11.66,12.25,14.39,-1102.01,1407.05,5.1,78.1,84.1,2.7,0.6
05/12/2026,1630,DT,39.21,-1.02,-2.54%,40.00,40.14,38.66,58.56,0.42,0.7,34.98,33.52,34.95,42.35,8213.02,4094.02,3.22,100.4,83.1,7.3,5.3
05/12/2026,1630,DVN,46.77,+.04,+0.09%,46.79,47.245,46.38,45.87,0.45,0.39,43.0,45.97,43.99,52.27,-3105.03,-4518.03,9.03,42.1,98.4,0.0,0.0
05/12/2026,1630,DXCM,61.14,+1.81,+3.05%,60.14,61.46,59.65,47.65,0.37,0.45,62.86,60.34,57.21,62.98,-5201.09,-5758.09,33.09,38.1,47.2,-5.6,0.0
05/12/2026,1630,EA,200.19,-.03,-0.01%,200.24,200.92,199.94,31.38,0.03,0.16,199.12,202.21,199.37,203.01,-10115.01,-19994.01,11.02,51.4,14.1,-3.2,-8.3
05/12/2026,1630,EAT,135.33,-4.28,-3.07%,139.57,141.03,135.31,41.98,0.73,0.51,143.15,131.57,128.6,154.03,-1103.02,-12830.11,23.11,52.1,96.4,-2.6,0.0
05/12/2026,1630,EBAY,110.40,+2.27,+2.10%,107.28,110.59,105.5401,64.98,0.4,0.38,78.03,97.29,99.28,113.43,4210.04,11059.01,4.09,69.1,74.2,0.6,2.5
05/12/2026,1630,ECH,40.85,-.35,-0.85%,40.60,40.92,40.3101,45.05,0.29,0.31,42.68,41.51,39.73,42.78,-1102.01,-3995.07,21.07,76.1,75.1,-12.6,0.0
05/12/2026,1630,ECPG,81.61,-.72,-0.87%,82.36,83.37,81.225,55.3,0.23,0.39,55.9,81.75,81.2,84.85,-4102.01,-8122.01,2.01,35.1,11.1,-0.3,5.2
05/12/2026,1630,EDEN,113.0448,+.9248,+0.82%,112.29,113.0448,112.25,59.78,0.22,NaN,113.25,106.83,107.69,114.67,5206.02,11345.02,2.14,0.0,67.1,0.0,3.2
05/12/2026,1630,EDU,52.27,+.14,+0.27%,52.12,52.92,51.71,41.52,0.46,0.28,58.45,51.13,50.57,56.63,-2103.01,-5114.12,18.12,0.1,84.4,-4.8,0.0
05/12/2026,1630,EDV,62.87,-.63,-0.99%,63.12,63.12,62.805,40.28,0.12,0.13,66.58,63.82,62.45,64.51,-1102.01,-6265.07,14.07,23.1,16.1,-1.7,0.0
05/12/2026,1630,EEM,65.82,-2.07,-3.05%,66.22,66.51,64.985,59.63,0.26,0.31,60.13,61.7,62.21,69.3,14209.02,6815.02,3.31,90.2,83.1,2.7,1.1
05/12/2026,1630,EFNL,54.18,-.6943,-1.27%,54.37,54.37,53.61,55.64,0.22,NaN,49.71,52.25,52.45,56.16,5101.05,5539.05,6.11,0.0,90.3,0.2,0.6
05/12/2026,1630,EFX,166.76,-1.06,-0.63%,169.45,171.87,166.17,36.27,0.38,0.42,185.61,169.65,165.14,177.58,-1102.01,-16617.01,16.01,79.1,72.1,-10.7,0.0
05/12/2026,1630,EGP,204.00,+.02,+0.01%,204.26,204.56,201.72,62.09,0.17,0.17,185.49,196.07,197.9,206.63,3205.02,20624.02,2.06,21.1,36.1,0.0,2.0
05/12/2026,1630,EIS,134.82,-1.32,-0.97%,135.32,135.32,133.30,64.36,0.18,NaN,120.68,126.0,127.1,140.83,8211.03,13698.04,4.3,0.0,25.1,7.0,5.8
05/12/2026,1630,EL,84.89,+2.14,+2.59%,82.28,85.345,81.82,59.15,0.34,0.43,106.0,74.68,74.51,90.22,6208.03,8790.04,4.09,39.1,21.1,6.9,0.0
05/12/2026,1630,ELS,63.44,+.05,+0.08%,63.87,64.15,63.07,48.63,0.18,0.24,65.94,62.25,62.33,63.91,1205.01,6415.01,1.1,27.1,67.2,-5.8,0.0
05/12/2026,1630,ELV,393.30,+11.55,+3.03%,382.45,395.00,375.31,80.39,0.29,0.32,327.77,325.42,360.41,412.58,16230.09,39500.01,10.3,2.1,33.1,6.7,18.8
05/12/2026,1630,EMB,95.72,-.25,-0.26%,95.77,95.79,95.56,50.17,0.06,0.09,97.05,95.73,95.09,96.45,3101.03,9642.04,4.07,55.4,79.1,-2.4,0.7
05/12/2026,1630,EMR,137.28,-2.15,-1.54%,138.86,138.99,134.50,46.38,0.41,0.35,144.1,139.49,133.56,146.14,-1102.01,-13450.01,4.01,77.1,92.2,-0.4,0.0
05/12/2026,1630,ENB,54.84,+.38,+0.70%,54.43,54.87,54.145,58.13,0.2,0.2,50.66,51.61,52.09,56.36,5202.06,5540.07,7.18,36.1,88.2,2.3,2.1
05/12/2026,1630,ENPH,37.48,-.17,-0.45%,37.16,37.75,35.63,56.63,0.65,0.82,43.0,34.0,31.84,39.01,5206.01,3941.02,2.09,70.2,40.1,2.2,2.4
05/12/2026,1630,ENR,17.69,+.11,+0.63%,17.76,18.07,17.20,42.21,0.6,0.46,21.96,19.42,17.0,20.33,-6107.01,-1720.01,6.01,37.1,84.4,-2.5,0.0
05/12/2026,1630,ENVX,6.97,-.21,-2.92%,7.01,7.18,6.58,59.4,0.58,1.05,5.59,6.39,6.28,7.2,2203.01,718.01,1.03,60.1,5.1,0.0,0.0
05/12/2026,1630,ENZL,45.31,-.8433,-1.83%,45.30,45.62,45.12,55.24,0.2,0.54,44.66,43.5,43.27,46.86,7209.02,4632.02,2.1,75.4,86.1,0.1,2.2
05/12/2026,1630,EOG,134.13,+.82,+0.62%,134.12,134.6156,132.30,47.94,0.32,0.33,114.93,131.69,128.05,142.8,-3105.02,-12920.03,6.03,70.1,96.2,0.0,0.0
05/12/2026,1630,EPD,38.16,+.26,+0.69%,37.96,38.40,37.82,53.27,0.19,0.24,35.34,37.22,37.17,39.0,-3201.02,-3721.02,10.02,97.3,79.1,0.0,3.9
05/12/2026,1630,EPHE,24.64,-.40,-1.60%,24.80,24.80,24.56,45.23,0.15,NaN,26.56,24.5,23.9,25.46,3101.03,2530.03,3.1,0.0,12.1,0.0,0.0
05/12/2026,1630,EPOL,38.86,-.85,-2.14%,38.85,38.93,38.545,51.68,0.26,0.22,36.88,38.27,37.62,40.17,3101.02,4023.05,5.1,16.1,83.1,-2.8,0.0
05/12/2026,1630,EPR,58.30,-.46,-0.78%,58.75,58.76,57.79,64.6,0.18,0.27,56.74,55.22,54.67,59.34,4206.01,5876.02,1.06,62.1,36.1,0.0,0.0
05/12/2026,1630,EPU,84.20,+.42,+0.50%,82.55,84.3501,81.955,57.2,0.34,NaN,83.68,80.51,76.8,85.62,5205.01,8435.01,1.1,0.0,73.1,0.0,0.0
05/12/2026,1630,EQR,65.89,-.29,-0.44%,66.37,66.395,65.29,64.86,0.25,0.22,62.16,61.33,62.7,68.62,16218.06,6695.06,6.37,25.1,85.4,5.1,9.6
05/12/2026,1630,EQRR,75.9814,-.1349,-0.18%,75.95,75.9814,75.12,67.71,0.11,NaN,67.86,73.33,73.77,77.21,18203.05,7660.06,6.42,0.0,29.1,2.6,5.3
05/12/2026,1630,EQT,55.78,-.67,-1.19%,56.54,56.725,55.45,35.76,0.25,0.33,55.81,56.78,54.88,60.12,-6106.01,-5545.01,8.01,2.1,19.1,-0.4,0.0
05/12/2026,1630,ESI,43.95,-1.11,-2.46%,44.46,44.46,42.80,64.15,0.53,0.45,31.48,37.63,38.9,47.55,20210.04,4552.02,6.43,62.1,93.1,9.4,8.2
05/12/2026,1630,ESPO,89.3537,-.9369,-1.04%,89.57,90.00,89.19,40.73,0.2,0.21,92.0,91.37,88.33,93.18,-4114.01,9700.18,18.33,86.1,68.1,-15.5,-0.9
05/12/2026,1630,ESS,268.64,-.13,-0.05%,270.18,270.18,265.6334,64.55,0.24,0.2,249.46,250.6,254.83,276.52,14202.07,27018.01,9.37,3.1,80.2,3.3,6.8
05/12/2026,1630,ET,20.00,+.39,+1.99%,19.64,20.07,19.56,58.81,0.22,0.25,18.05,18.88,18.92,20.69,-2201.02,2067.06,6.18,47.1,92.4,0.9,0.0
05/12/2026,1630,ETH,21.69,-.53,-2.39%,21.68,21.71,21.41,49.95,0.37,0.57,17.94,21.5,20.97,22.61,-1101.01,2278.06,6.1,8.1,2.1,-3.3,1.0
05/12/2026,1630,ETH-USD,-74.42,2.39,-3.11%,-74.38,-68.22,-77.67,22.24,0.81,0.76,-42.6,-61.01,-80.43,-54.04,-17106.01,7767.01,30.01,56.1,6.1,-11.9,-16.7
05/12/2026,1630,ETHA,17.24,-.43,-2.43%,17.24,17.26,17.02,49.78,0.38,0.65,14.32,17.1,16.67,17.98,-1101.01,1813.06,6.1,7.1,2.1,-3.6,1.1
05/12/2026,1630,ETHE,18.52,-.43,-2.27%,18.50,18.54,18.28,49.57,0.37,0.57,15.47,18.4,17.93,19.31,-1101.01,1946.06,6.1,5.1,1.1,-3.8,1.0
05/12/2026,1630,ETSY,57.51,-2.35,-3.93%,59.63,59.865,57.06,43.61,0.67,0.56,44.0,62.3,57.33,67.75,-2104.01,-5706.01,10.01,43.1,82.2,0.0,0.1
05/12/2026,1630,EWA,29.32,-.27,-0.91%,29.21,29.35,29.055,50.62,0.22,0.21,28.83,29.01,28.68,30.06,-1101.01,3009.04,4.1,63.1,88.1,-1.9,0.0
05/12/2026,1630,EWC,58.27,+.13,+0.22%,57.95,58.31,57.61,57.58,0.15,0.15,55.09,57.29,57.22,58.78,3203.02,5855.02,2.1,50.1,63.1,-1.3,1.2
05/12/2026,1630,EWD,50.71,-.54,-1.05%,50.75,50.90,50.28,46.04,0.28,0.22,52.63,51.79,49.36,53.01,-1104.01,-5001.07,22.1,53.3,89.3,-9.4,0.0
05/12/2026,1630,EWG,41.94,-.59,-1.39%,42.00,42.025,41.705,49.68,0.23,0.29,43.55,41.44,41.27,43.34,-1101.01,4344.04,4.07,88.1,90.3,0.0,1.2
05/12/2026,1630,EWH,24.18,-.14,-0.58%,24.16,24.21,23.985,60.33,0.16,0.18,23.06,23.11,23.18,24.78,6209.03,2466.04,4.13,16.1,54.1,2.1,0.8
05/12/2026,1630,EWI,58.86,-.43,-0.73%,58.59,58.865,58.345,58.03,0.25,0.27,55.14,56.12,56.25,60.23,5206.02,5944.02,3.07,88.1,91.2,0.0,0.8
05/12/2026,1630,EWJ,92.06,-.20,-0.22%,92.02,92.26,91.36,63.46,0.2,0.25,90.33,86.12,86.39,94.15,5209.02,9248.02,3.1,77.1,59.1,0.1,0.5
05/12/2026,1630,EWJV,44.88,+.40,+0.90%,44.89,44.97,44.54,61.62,0.21,NaN,45.39,41.93,41.89,45.62,6209.01,4497.01,4.13,0.0,63.1,0.0,0.0
05/12/2026,1630,EWK,26.4199,-.0011,0.00%,26.24,26.45,26.24,58.65,0.25,NaN,27.2,25.3,25.04,27.04,5206.02,2671.04,4.1,66.1,94.4,0.0,0.0
05/12/2026,1630,EWM,30.16,+.02,+0.07%,30.07,30.225,29.995,63.77,0.11,0.15,29.56,29.03,29.18,30.8,12225.04,3064.04,4.3,13.1,10.1,17.6,9.2
05/12/2026,1630,EWN,64.03,-1.44,-2.20%,64.29,64.29,63.275,54.84,0.27,0.27,61.35,61.64,61.01,66.77,5206.02,6580.03,3.1,97.1,90.1,0.0,0.1
05/12/2026,1630,EWO,39.506,-.564,-1.41%,39.67,39.67,39.28,57.33,0.2,NaN,37.63,38.19,38.32,40.49,4206.02,4014.02,2.07,0.0,75.1,0.0,3.0
05/12/2026,1630,EWP,56.43,-.55,-0.97%,56.29,56.52,56.03,50.73,0.24,0.25,55.29,55.27,55.05,57.88,3101.03,5783.04,4.07,88.1,84.1,-2.3,0.0
05/12/2026,1630,EWQ,45.11,-.38,-0.84%,45.02,45.13,44.7714,49.15,0.24,0.24,46.48,44.72,44.25,46.48,-1101.01,4660.04,4.07,75.1,90.3,-0.6,0.0
05/12/2026,1630,EWS,28.98,+.07,+0.24%,28.92,29.025,28.80,53.83,0.17,0.17,28.35,28.54,28.26,29.25,1203.05,-2813.1,25.1,40.2,85.1,-5.8,0.0
05/12/2026,1630,EWUS,41.65,-.7668,-1.81%,41.70,41.70,41.51,47.0,0.24,0.26,43.65,42.0,40.94,43.23,-1101.01,-4118.07,21.07,78.1,90.3,-3.5,0.0
05/12/2026,1630,EWW,79.99,-.23,-0.29%,79.78,80.195,79.44,59.98,0.2,0.31,79.34,77.02,75.18,81.59,4206.02,8095.02,2.09,89.2,63.1,0.0,0.0
05/12/2026,1630,EWY,178.50,-14.35,-7.44%,181.99,185.31,173.60,62.98,0.59,0.78,128.33,148.06,153.52,199.27,14227.02,19458.02,2.28,99.2,87.1,15.8,13.7
05/12/2026,1630,EWZ,38.24,-.42,-1.09%,38.33,38.54,38.0532,41.55,0.2,0.38,37.22,39.55,37.83,40.42,-7104.01,-3805.01,22.01,87.1,32.1,-11.9,-0.3
05/12/2026,1630,EWZS,14.755,-.035,-0.24%,14.80,14.98,14.64,44.09,0.27,0.31,14.59,15.15,14.4,15.67,-1102.01,-1454.1,23.1,21.1,52.1,-10.5,0.0
05/12/2026,1630,EXAS,104.91,0,0.00%,0,0,0,76.4,0.04,0.37,101.28,103.1,103.16,104.69,6206.01,10498.01,1.08,32.4,24.1,6.4,0.0
05/12/2026,1630,EXP,202.03,-2.90,-1.42%,207.25,207.25,199.31,47.18,0.31,0.46,223.19,203.44,201.01,216.12,-2102.01,-19931.01,4.01,100.3,35.1,0.0,3.7
05/12/2026,1630,EXPD,154.43,-1.11,-0.71%,154.45,155.33,151.485,58.5,0.43,0.3,129.59,146.86,142.61,159.19,4206.02,15700.02,2.07,70.1,87.2,5.3,0.0
05/12/2026,1630,EXPE,221.48,+.02,+0.01%,222.59,224.725,220.12,36.96,0.53,0.5,192.92,244.86,215.45,260.26,-5103.01,-22012.01,16.01,51.1,75.1,-6.0,0.0
05/12/2026,1630,EXR,144.79,+.21,+0.15%,144.94,145.60,142.6493,58.73,0.23,0.27,140.55,139.51,139.58,146.09,4205.01,14560.01,1.06,41.1,50.1,-1.4,2.7
05/12/2026,1630,EYE,20.94,-.86,-3.94%,21.78,22.485,20.6601,34.15,0.53,0.93,26.18,23.13,20.25,24.79,-10116.01,-2066.01,11.01,99.4,79.1,-5.5,-4.0
05/12/2026,1630,EZA,70.71,-1.03,-1.44%,70.04,70.85,69.325,51.77,0.37,0.43,73.27,68.36,66.27,73.37,4205.02,7281.02,2.1,88.1,73.1,-0.6,0.0
05/12/2026,1630,F,11.99,+.09,+0.76%,11.92,12.025,11.80,45.95,0.29,0.35,13.69,12.29,11.44,12.67,-1102.01,-1156.06,18.06,48.1,61.2,-5.4,0.0
05/12/2026,1630,FAF,67.83,-.62,-0.91%,69.04,69.63,67.425,51.85,0.3,0.31,64.77,64.66,66.73,72.0,-2102.01,-6743.01,12.01,22.1,79.1,0.0,10.7
05/12/2026,1630,FANG,198.15,+2.00,+1.02%,198.06,199.20,195.675,53.17,0.39,0.41,163.5,189.26,185.15,213.17,-4105.02,-18694.03,7.03,77.1,98.4,0.0,0.0
05/12/2026,1630,FAST,43.32,+.02,+0.05%,43.475,43.80,42.97,39.45,0.22,0.27,44.83,44.63,42.91,45.21,-2107.01,-4297.01,4.01,38.1,51.1,-6.0,0.0
05/12/2026,1630,FCFS,230.54,-2.46,-1.06%,233.00,235.97,227.15,71.68,0.22,0.28,178.63,204.55,212.24,239.13,19226.01,23597.01,1.29,50.1,30.1,11.9,10.9
05/12/2026,1630,FCG,29.79,+.21,+0.71%,29.78,29.885,29.405,48.02,0.34,0.37,25.59,29.25,28.42,31.92,-3105.03,-2886.03,9.03,93.1,98.4,0.0,0.0
05/12/2026,1630,FDX,376.42,-2.48,-0.65%,379.76,379.76,372.25,49.61,0.47,0.3,362.41,384.58,355.44,402.48,-3107.05,-36450.05,16.05,27.1,98.4,0.0,0.0
05/12/2026,1630,FICO,1086.00,-6.00,-0.55%,1090.275,1113.14,1081.25,52.05,0.43,0.62,1280.86,870.01,988.18,1165.36,6210.03,113293.03,3.09,83.3,48.1,0.0,1.1
05/12/2026,1630,FISV,54.88,+.49,+0.90%,54.55,55.43,54.08,35.73,0.43,0.41,58.53,60.28,51.95,63.67,-6106.01,-5408.01,16.02,40.1,64.2,-4.4,-0.1
05/12/2026,1630,FIVE,208.51,+.36,+0.17%,208.15,210.15,203.885,37.13,0.5,0.56,197.43,228.68,204.94,242.29,-4104.01,-20389.01,4.01,79.2,84.4,-1.5,0.0
05/12/2026,1630,FLG,13.89,-.16,-1.14%,14.06,14.19,13.785,48.54,0.24,0.33,13.15,13.8,13.67,14.42,-1102.01,1453.03,3.09,12.1,14.1,-4.5,0.0
05/12/2026,1630,FLNG,32.93,+.22,+0.67%,32.61,33.02,32.44,63.78,0.22,0.38,25.41,30.66,31.15,33.83,12204.06,3340.06,6.23,79.1,32.1,6.1,5.9
05/12/2026,1630,FLO,8.09,-.13,-1.58%,8.34,8.34,8.08,36.33,0.34,0.72,9.44,8.63,7.99,9.06,-6108.01,-808.01,8.01,98.4,81.1,0.0,0.0
05/12/2026,1630,FLUT,95.96,+2.00,+2.13%,93.56,99.49,93.56,35.11,0.44,0.49,119.47,104.07,91.68,111.92,-8110.01,-9356.01,12.01,67.1,71.1,0.0,-3.3
05/12/2026,1630,FND,47.65,-1.11,-2.28%,48.97,49.41,47.55,40.32,0.45,0.6,66.01,49.21,46.15,52.24,2102.03,5270.03,3.08,84.1,51.1,-5.1,0.0
05/12/2026,1630,FNF,47.60,-.69,-1.43%,48.46,48.69,47.24,36.86,0.27,0.41,50.56,49.95,47.62,53.23,-6108.01,-4724.01,13.01,92.2,64.1,0.0,0.0
05/12/2026,1630,FORM,132.02,-19.38,-12.80%,146.00,146.00,125.72,48.96,0.81,0.88,90.57,139.68,127.16,155.65,-1101.01,-12572.01,2.01,88.3,85.1,0.0,2.3
05/12/2026,1630,FOUR,40.78,-.69,-1.66%,41.30,41.52,39.6062,41.06,0.75,0.73,53.88,43.8,38.08,48.74,-2103.01,-3961.01,4.01,81.3,84.1,-3.1,-0.6
05/12/2026,1630,FOXA,66.16,-1.56,-2.30%,68.245,68.245,65.45,62.51,0.33,0.34,55.46,62.64,60.67,67.06,2202.01,6825.01,1.06,50.1,83.1,0.0,0.0
05/12/2026,1630,FR,62.39,+.01,+0.02%,63.37,63.39,61.77,54.73,0.2,0.35,57.24,61.29,60.89,63.29,3205.01,6339.01,1.06,75.2,55.2,-5.8,3.2
05/12/2026,1630,FROG,67.55,-1.46,-2.12%,68.34,68.78,65.175,75.7,0.88,0.64,37.32,42.93,48.79,74.55,11213.02,7165.02,2.2,57.1,84.1,15.1,6.5
05/12/2026,1630,FRPT,51.27,+1.63,+3.28%,50.16,52.37,49.57,29.33,0.54,0.55,66.32,63.31,46.22,68.18,-7108.01,-4957.01,21.02,33.1,70.2,-1.5,-5.2
05/12/2026,1630,FRT,115.55,+.13,+0.11%,115.74,115.91,114.645,64.81,0.2,0.24,103.9,109.59,110.13,119.2,16208.04,11671.04,4.34,78.1,77.4,10.8,3.4
05/12/2026,1630,FSLY,19.03,-.55,-2.81%,19.71,19.81,18.52,39.62,2.05,0.91,13.38,23.14,16.34,32.15,-4104.01,-1852.01,5.01,58.1,94.4,0.0,0.0
05/12/2026,1630,FTNT,113.87,-1.57,-1.36%,115.19,116.46,113.16,81.44,0.71,0.42,79.34,81.81,86.99,120.47,12219.01,11646.01,1.2,54.1,92.4,20.1,9.3
05/12/2026,1630,FTV,60.27,-.04,-0.07%,60.59,60.67,59.46,53.62,0.18,0.24,54.97,60.44,58.9,62.04,-1103.01,-5919.07,9.07,12.1,7.1,-2.6,0.1
05/12/2026,1630,FTWO,46.5042,-.0475,-0.10%,46.38,46.5638,45.65,54.62,0.21,NaN,45.67,45.34,44.89,46.84,5202.01,4656.01,1.1,0.0,77.1,-2.1,0.0
05/12/2026,1630,FUTU,137.03,-2.83,-2.02%,139.11,140.52,134.81,37.19,0.66,0.81,140.9,151.13,133.52,166.47,-4104.01,-13481.01,4.01,99.4,86.4,0.0,-0.2
05/12/2026,1630,FUTY,58.44,+.06,+0.10%,58.31,58.64,57.95,43.79,0.18,0.2,57.87,57.79,57.42,60.66,-4105.01,-5784.03,8.03,79.2,91.2,-0.1,-0.2
05/12/2026,1630,FWONK,90.69,-2.07,-2.23%,92.64,92.82,90.62,55.38,0.28,0.3,83.02,85.81,84.41,95.37,6208.02,9559.02,2.09,60.1,88.1,0.0,0.0
05/12/2026,1630,FWRG,11.35,-.33,-2.83%,11.79,11.80,11.30,37.96,0.48,0.62,15.22,12.66,10.93,13.54,-7108.01,-1130.01,14.01,53.1,41.1,-0.2,0.0
05/12/2026,1630,FXA,71.73,-.03,-0.04%,71.57,71.73,71.445,62.17,0.08,0.1,69.62,70.62,70.65,72.17,5206.02,7189.02,2.32,50.1,52.1,0.0,0.6
05/12/2026,1630,FXB,130.19,-.74,-0.57%,130.0023,130.25,129.83,52.14,0.06,0.07,129.26,129.44,129.64,131.21,-1101.01,-12983.01,2.01,78.4,17.1,0.0,2.2
05/12/2026,1630,FXC,71.3335,-.0965,-0.14%,71.28,71.351,71.23,48.54,0.04,0.09,71.31,71.24,71.18,71.97,-2104.01,-7123.01,8.01,36.1,27.1,0.0,0.5
05/12/2026,1630,FXE,108.34,-.34,-0.31%,108.22,108.37,108.17,53.78,0.04,0.06,108.38,107.76,107.77,108.81,5205.02,10877.02,2.1,15.1,19.1,0.0,5.3
05/12/2026,1630,FXF,113.00,-.40,-0.35%,112.93,113.05,112.755,53.83,0.07,0.09,113.73,112.09,111.73,114.06,5209.02,11370.03,3.1,53.2,33.1,0.0,2.4
05/12/2026,1630,FXI,37.33,-.14,-0.37%,37.44,37.505,37.065,56.89,0.16,0.25,37.93,36.25,36.22,37.79,5205.01,3764.02,2.11,32.1,16.1,0.0,3.3
05/12/2026,1630,FXY,58.27,-.15,-0.26%,58.27,58.30,58.20,53.67,0.1,0.12,59.09,57.43,57.36,59.26,-1101.01,5883.05,5.1,87.1,66.4,14.6,0.0
05/12/2026,1630,FYBR,38.49,0,0.00%,0,0,0,73.16,0.03,0.09,37.42,38.06,37.98,38.52,4204.01,3849.01,1.05,8.1,17.1,0.0,0.0
05/12/2026,1630,GAP,21.41,-.33,-1.52%,21.60,21.76,21.23,30.23,0.44,0.67,26.62,24.68,21.07,25.14,-9115.01,-2123.01,16.01,83.4,69.1,-9.7,-14.1
05/12/2026,1630,GD,346.46,+2.43,+0.71%,343.55,348.01,342.75,56.18,0.32,0.22,340.09,310.61,318.28,368.57,5210.06,35141.06,6.11,52.1,97.4,7.5,0.0
05/12/2026,1630,GDAXI:DE,23954.93,-395.35,-1.62%,24048.25,24210.74,23920.70,47.8,0.18,NaN,24734.04,23991.78,23754.37,24827.65,-1101.01,2502102.04,4.08,0.0,82.1,0.0,0.0
05/12/2026,1630,GDX,97.14,-.46,-0.47%,95.595,97.56,92.85,56.97,0.5,0.49,97.41,90.2,83.86,99.67,5205.01,9756.01,1.1,73.1,70.1,0.0,0.0
05/12/2026,1630,GDXJ,129.87,+.37,+0.29%,127.03,130.58,123.2601,58.81,0.52,0.52,126.88,119.1,110.62,132.76,5205.01,13058.01,1.1,68.1,63.1,0.0,0.0
05/12/2026,1630,GE,297.45,-3.32,-1.10%,299.72,300.91,293.30,51.25,0.45,0.39,311.66,268.91,275.92,311.21,4206.02,30541.03,3.13,81.1,92.4,0.0,0.0
05/12/2026,1630,GEL,15.80,+.01,+0.06%,15.81,16.035,15.645,28.66,0.24,0.47,16.52,16.68,15.58,17.47,-5107.01,-1565.01,10.01,93.4,31.2,0.0,-1.2
05/12/2026,1630,GII,76.58,+.05,+0.07%,76.45,76.71,76.12,49.83,0.15,0.12,76.48,75.89,75.54,77.93,-1104.03,7776.05,5.16,20.1,95.4,0.0,0.0
05/12/2026,1630,GIL,57.13,-.55,-0.95%,58.07,58.14,56.24,44.75,0.53,0.37,70.05,57.41,55.51,62.34,-1104.01,-5624.01,5.01,80.1,99.4,0.0,0.0
05/12/2026,1630,GIS,34.13,+.33,+0.98%,34.17,34.58,33.82,38.77,0.24,0.31,43.72,34.57,33.68,35.63,-2103.01,-3382.01,3.01,53.1,64.1,0.0,0.0
05/12/2026,1630,GK,28.6704,-.1368,-0.47%,28.52,28.6704,28.52,72.22,0.19,0.13,25.04,26.71,27.02,29.4,4209.05,2888.02,5.31,4.1,74.1,23.6,17.8
05/12/2026,1630,GLASF,9.2094,-.1406,-1.50%,9.2900,9.36468,9.1100,50.61,0.86,NaN,7.3,8.68,8.87,10.2,-1103.01,1063.12,12.36,0.0,56.4,0.0,9.4
05/12/2026,1630,GLBE,30.23,+.32,+1.07%,29.99,30.42,29.21,42.72,0.54,0.86,29.5,30.45,29.09,32.79,-3103.01,-2921.01,3.01,94.4,75.1,-4.9,0.0
05/12/2026,1630,GLD,432.93,-1.72,-0.40%,430.70,432.98,425.85,51.32,0.22,0.27,445.53,428.22,413.86,440.06,4205.02,-41328.07,51.1,71.1,52.1,-4.4,0.0
05/12/2026,1630,GLIN,43.89,-.965,-2.15%,43.89,44.04,43.73,43.93,0.24,0.26,46.02,45.06,43.94,46.51,-2102.01,-4373.01,4.01,93.1,83.1,-0.1,1.7
05/12/2026,1630,GM,76.44,+1.15,+1.53%,75.40,76.89,74.96,47.56,0.31,0.36,79.6,76.61,74.47,79.24,-2102.01,-7496.01,2.01,58.1,63.1,-4.7,0.1
05/12/2026,1630,GME,22.37,-.80,-3.45%,22.80,23.19,22.325,40.49,0.62,0.73,23.09,24.7,22.18,26.22,-7104.01,-2233.01,7.01,78.4,88.4,0.0,0.0
05/12/2026,1630,GO,7.96,+.11,+1.40%,7.88,8.13,7.60,54.19,0.46,0.96,9.61,7.66,7.63,8.3,-2102.01,-760.01,2.01,95.1,69.1,0.0,9.5
05/12/2026,1630,GOLF,84.79,-2.90,-3.31%,87.43,87.62,84.74,33.16,0.44,0.29,97.73,96.43,81.96,99.27,-10113.01,-8474.01,12.04,29.1,100.4,0.0,-10.0
05/12/2026,1630,GOOG,383.82,-2.95,-0.76%,385.00,386.44,379.72,69.76,0.39,0.33,296.9,332.96,353.92,418.31,15101.05,39837.03,6.31,25.1,97.4,23.4,21.4
05/12/2026,1630,GOOGL,387.35,-1.29,-0.33%,387.34,388.52,382.77,70.4,0.39,0.34,296.25,335.17,356.42,422.43,-1102.01,40200.03,5.31,31.1,97.4,23.4,21.1
05/12/2026,1630,GOOS,10.95,-.16,-1.44%,11.05,11.05,10.78,41.64,0.4,0.69,11.62,11.59,10.75,12.16,-2102.01,-1078.01,16.01,92.4,40.1,0.0,0.0
05/12/2026,1630,GPI,336.14,-12.46,-3.57%,349.79,349.79,335.88,46.83,0.4,0.38,324.49,334.17,329.94,360.65,-1101.01,35831.02,2.06,55.1,86.4,1.3,0.8
05/12/2026,1630,GPN,68.61,-.16,-0.23%,68.77,69.47,67.629,46.0,0.33,0.43,67.9,66.5,66.2,72.53,1103.04,7247.04,4.27,44.1,44.1,-3.9,0.0
05/12/2026,1630,GRID,195.13,-4.67,-2.34%,196.81,196.81,192.65,62.64,0.26,0.24,172.75,182.7,183.35,203.44,14230.02,19999.02,4.31,88.1,91.1,10.1,7.3
05/12/2026,1630,GRMN,236.97,-5.41,-2.23%,244.53,245.485,235.08,40.07,0.28,0.31,201.19,255.64,223.74,259.02,-8114.06,-23461.06,21.06,46.1,55.1,-9.3,-8.4
05/12/2026,1630,GRNY,27.02,-.17,-0.63%,27.06,27.06,26.7048,63.92,0.15,0.25,24.38,26.18,26.26,27.37,5209.02,2724.02,2.3,64.1,34.1,0.0,8.6
05/12/2026,1630,GS,945.90,+1.04,+0.11%,942.16,948.50,920.795,60.59,0.24,0.32,869.0,919.22,906.33,951.1,5205.01,94850.01,1.07,59.1,38.1,-2.1,2.7
05/12/2026,1630,GSG,34.41,+.72,+2.14%,34.24,34.43,34.12,61.78,0.32,0.38,24.41,31.85,32.11,35.37,1202.01,-3186.04,10.04,87.1,88.1,0.0,7.5
05/12/2026,1630,GTBIF,7.67,-.36,-4.48%,7.80,7.96,7.65,51.94,1.02,NaN,6.25,6.57,7.13,8.75,4101.08,845.08,8.3,0.0,80.4,0.0,6.1
05/12/2026,1630,GTLB,23.08,-2.56,-9.98%,22.57,24.20,22.2901,48.94,0.73,0.85,26.03,20.19,20.66,27.55,9101.02,2639.02,4.22,97.4,98.2,10.9,4.0
05/12/2026,1630,GTM,4.06,-1.98,-32.78%,4.00,4.40,3.8701,24.24,1.52,0.74,6.2,5.72,4.43,6.9,-2103.01,-387.01,2.01,83.4,100.4,1.6,0.0
05/12/2026,1630,GVAL,35.17,-.44,-1.24%,35.03,35.335,35.0079,51.27,0.18,NaN,34.8,35.12,34.43,35.93,4101.02,3585.02,2.09,0.0,82.1,-3.2,0.0
05/12/2026,1630,GVIP,174.9401,-1.2326,-0.70%,175.082,175.082,171.75,68.55,0.19,0.17,155.65,163.94,163.94,180.15,7209.02,17727.02,2.31,90.1,63.1,2.7,3.5
05/12/2026,1630,GVZ:CGI,27.16,-.32,-1.16%,27.82,27.98,26.94,44.05,0.64,NaN,26.6,25.37,25.4,28.17,3204.01,2798.01,1.23,0.0,25.1,-4.4,2.1
05/12/2026,1630,H,166.47,+1.32,+0.80%,166.53,169.14,164.29,55.22,0.39,0.41,161.31,162.0,158.91,171.64,5205.01,16976.02,2.07,79.1,79.1,-0.7,2.0
05/12/2026,1630,HACK,84.29,-1.06,-1.24%,85.22,85.325,83.88,62.07,0.26,0.33,74.01,76.81,78.08,87.89,10208.02,8592.02,3.22,90.3,76.1,9.8,3.7
05/12/2026,1630,HAL,41.70,+1.44,+3.58%,40.61,41.72,40.42,60.63,0.33,0.37,33.1,38.78,38.9,43.14,-1201.05,4246.08,9.17,13.1,42.2,0.0,5.6
05/12/2026,1630,HBB,18.67,-.45,-2.35%,19.28,19.28,18.22,40.85,0.48,0.94,18.66,20.2,18.8,21.44,-2102.01,-1822.01,3.01,72.4,40.1,0.0,0.0
05/12/2026,1630,HBDC,24.725,+.02,+0.08%,24.725,24.79,24.66,54.55,0.03,NaN,24.94,24.73,24.61,24.8,2201.01,2479.01,1.06,NaN,NaN,-1.9,0.0
05/12/2026,1630,HCA,429.69,+3.32,+0.78%,428.47,433.92,424.825,34.75,0.39,0.28,523.17,422.19,401.43,458.79,-5102.11,-42076.02,23.11,47.1,94.4,-12.9,0.0
05/12/2026,1630,HD,310.46,-.94,-0.30%,313.225,314.78,309.11,35.71,0.27,0.36,375.95,332.14,300.03,336.83,-7115.06,-30911.01,16.06,100.2,83.3,-12.1,-6.2
05/12/2026,1630,HELE,23.97,-.35,-1.44%,24.36,24.44,23.42,63.99,0.79,0.59,16.68,19.53,22.24,27.16,-1103.01,2703.04,12.32,2.1,76.4,0.0,13.0
05/12/2026,1630,HII,333.56,+15.81,+4.98%,321.02,336.53,318.99,35.61,0.47,0.39,395.46,355.16,296.53,373.39,-9119.04,-31221.04,57.04,61.1,92.2,-11.6,-21.1
05/12/2026,1630,HIMS,25.03,-4.11,-14.10%,25.21,26.84,24.56,47.39,1.11,0.89,15.29,27.03,24.13,29.99,-1101.01,-2456.01,2.01,32.1,78.1,-2.9,0.0
05/12/2026,1630,HLN,9.10,+.12,+1.34%,9.09,9.16,9.04,36.65,0.2,0.27,11.04,9.35,8.88,9.56,-13123.02,-895.02,63.02,46.1,43.1,-6.3,-7.7
05/12/2026,1630,HLT,313.57,-1.96,-0.62%,316.71,319.15,313.15,44.94,0.28,0.32,309.75,329.64,301.54,333.62,-6112.06,-30806.07,18.07,83.1,88.3,-10.5,-2.6
05/12/2026,1630,HOOD,78.27,-2.51,-3.11%,79.08,80.18,76.48,49.93,0.79,0.64,70.43,81.75,67.68,86.54,-4203.08,-7076.09,17.09,11.1,79.3,-8.7,-0.1
05/12/2026,1630,HPP,11.94,+.61,+5.38%,11.28,12.17,11.17,73.78,0.89,0.91,5.55,7.92,8.74,12.78,14206.01,1228.03,3.28,56.1,92.2,22.0,8.0
05/12/2026,1630,HQY,80.46,-1.19,-1.46%,81.70,81.75,80.06,44.98,0.41,0.46,72.76,76.97,78.41,85.5,-1102.01,-7747.13,16.13,69.2,74.4,-1.5,0.2
05/12/2026,1630,HSI:HK,26347.91,0,0.00%,0,0,0,55.0,0.15,NaN,26295.03,25840.55,25727.65,26690.86,3205.01,2659237.01,1.06,0.0,6.1,0.0,0.9
05/12/2026,1630,HSY,191.91,+2.68,+1.42%,190.45,192.63,188.55,48.3,0.23,0.29,214.62,186.15,181.5,193.76,1202.01,19263.01,1.06,31.1,28.1,-2.1,0.0
05/12/2026,1630,HTZ,5.75,-.44,-7.11%,6.17,6.205,5.705,47.29,1.01,1.14,4.44,5.55,5.39,6.66,1101.05,-537.1,17.1,78.1,79.4,-10.3,0.0
05/12/2026,1630,HUBS,179.58,-11.76,-6.15%,190.61,193.80,178.80,32.19,0.98,0.68,213.09,206.86,178.24,258.43,-3103.01,-17880.01,4.01,75.1,99.4,0.3,0.0
05/12/2026,1630,HUM,295.35,+21.09,+7.69%,273.81,297.46,271.96,87.46,0.5,0.47,170.5,211.68,234.72,297.69,16230.01,29746.01,1.43,38.1,63.1,24.0,15.9
05/12/2026,1630,HYG,79.87,-.11,-0.14%,79.82,79.89,79.70,45.97,0.04,0.07,80.74,80.16,79.55,80.44,-7102.01,-7969.07,23.07,41.1,46.1,-5.5,0.0
05/12/2026,1630,HYLS,40.98,0,0.00%,40.95,41.04,40.86,50.52,0.05,NaN,41.19,40.79,40.86,41.1,-1203.01,-4086.01,2.01,0.0,75.1,-4.0,0.9
05/12/2026,1630,IAK,131.41,+.87,+0.67%,130.55,132.10,129.77,50.26,0.12,0.16,133.57,131.51,129.61,133.03,-6201.01,-12977.01,8.01,71.1,4.1,-4.2,0.0
05/12/2026,1630,IBB,172.28,+2.28,+1.34%,170.01,172.795,169.95,53.83,0.2,0.25,169.78,168.45,165.26,174.68,3207.01,17331.02,2.1,70.1,52.1,-5.9,0.0
05/12/2026,1630,IBIT,45.80,-.67,-1.44%,45.68,45.8307,45.205,61.63,0.3,0.43,36.88,43.33,42.82,47.55,13208.05,4656.02,5.31,6.1,11.1,1.9,4.4
05/12/2026,1630,IDX,12.60,-.12,-0.94%,12.68,12.68,12.55,32.07,0.23,NaN,15.89,13.3,12.13,13.51,-6103.09,-1255.01,18.09,0.0,79.1,-17.8,-8.2
05/12/2026,1630,IDXX,533.92,+1.92,+0.36%,534.24,543.3799,532.975,36.78,0.34,0.32,606.04,552.0,528.72,582.64,-2103.01,-53298.01,4.01,55.1,69.2,-2.0,-3.9
05/12/2026,1630,IEF,94.32,-.32,-0.34%,94.415,94.43,94.30,39.06,0.05,0.07,96.39,95.19,93.97,95.55,-1102.01,-9422.07,17.07,31.1,45.1,-4.4,-2.0
05/12/2026,1630,IFF,78.47,-.28,-0.36%,78.54,79.17,77.07,58.64,0.69,0.29,77.41,70.19,67.61,84.93,4205.02,8180.02,2.09,29.1,100.4,7.1,-0.5
05/12/2026,1630,IGLB,49.53,-.23,-0.46%,49.57,49.58,49.46,45.02,0.08,0.05,50.97,49.81,49.18,50.2,-1101.01,-4910.07,24.07,1.1,48.1,-4.0,0.0
05/12/2026,1630,IGSB,52.375,-.045,-0.09%,52.38,52.39,52.34,42.45,0.02,0.03,53.0,52.57,52.21,52.68,-6102.06,-5227.07,18.07,65.3,59.1,-4.3,-2.9
05/12/2026,1630,IIGD,24.56,-.0318,-0.13%,24.56,24.56,24.56,43.49,0.03,NaN,24.91,24.6,24.51,24.65,-1101.01,-2453.07,24.1,0.0,65.2,-13.9,0.0
05/12/2026,1630,IJT,160.97,-2.03,-1.25%,162.22,162.22,159.23,57.05,0.16,0.18,150.18,157.58,158.21,165.77,-1101.01,-15923.01,4.01,49.1,37.1,0.1,6.6
05/12/2026,1630,ILMN,145.70,+3.19,+2.24%,143.50,146.75,142.36,65.81,0.45,0.45,112.65,121.27,123.21,152.3,7208.01,14675.01,4.09,41.1,61.2,7.6,0.0
05/12/2026,1630,INDA,47.52,-.90,-1.86%,47.59,47.635,47.30,38.13,0.2,0.23,52.11,49.11,47.73,50.36,-2102.01,-4730.01,4.01,87.1,81.1,-6.1,0.0
05/12/2026,1630,INDY,41.96,-.58,-1.36%,41.99,41.99,41.73,35.19,0.17,0.43,47.3,43.54,42.08,44.36,-2102.01,-4173.01,23.01,94.4,71.1,-9.7,-0.2
05/12/2026,1630,INFL,53.69,+.34,+0.64%,53.27,53.86,52.932,58.0,0.14,0.21,49.86,52.9,52.26,53.76,1202.01,5386.01,1.04,58.1,50.1,0.0,0.0
05/12/2026,1630,INMD,13.83,+.06,+0.44%,13.77,13.84,13.68,45.38,0.3,0.23,14.23,14.17,13.48,14.61,-7105.01,-1364.02,16.02,2.1,32.1,-0.9,0.0
05/12/2026,1630,INTC,120.61,-8.83,-6.82%,124.36,127.79,115.00,75.14,1.09,0.94,42.88,64.98,101.16,138.21,12213.02,13275.02,2.3,99.4,98.4,35.2,24.4
05/12/2026,1630,INVH,28.46,-.46,-1.59%,29.01,29.09,28.42,62.0,0.23,0.29,25.23,26.49,27.38,29.96,17101.07,2941.09,9.37,56.1,80.2,6.5,7.6
05/12/2026,1630,IONQ,55.87,-1.02,-1.79%,57.25,59.15,52.17,68.79,1.09,1.06,30.85,41.11,40.97,58.33,5206.01,5915.01,1.3,69.3,81.4,0.0,0.3
05/12/2026,1630,IPO,48.78,-.92,-1.85%,49.16,49.16,48.04,52.67,0.31,0.3,42.41,48.36,47.34,52.13,-1103.01,-4804.01,4.01,75.1,66.1,0.0,0.0
05/12/2026,1630,IRM,126.21,-3.75,-2.89%,128.97,129.21,125.00,60.91,0.46,0.36,103.39,112.55,114.47,138.39,6101.04,13269.04,4.1,57.1,100.4,11.3,4.4
05/12/2026,1630,IRT,16.46,+.01,+0.06%,16.51,16.51,16.28,62.72,0.22,0.59,15.83,15.46,15.73,16.98,19214.04,1671.05,5.35,96.2,56.2,4.4,3.1
05/12/2026,1630,ITA,225.39,-.60,-0.27%,225.46,226.02,222.34,53.5,0.26,0.25,231.98,214.11,212.89,228.38,5205.01,22726.02,2.12,73.1,88.3,-4.8,0.0
05/12/2026,1630,ITB,90.345,-1.145,-1.25%,91.60,92.07,89.79,38.97,0.32,0.35,109.82,98.83,86.92,99.52,-3111.06,-8979.01,15.06,92.2,78.3,-2.6,-1.8
05/12/2026,1630,ITW,251.41,-.68,-0.27%,252.80,253.908,249.65,37.34,0.25,0.25,292.38,266.78,242.08,270.94,-5113.06,-24965.01,22.06,79.1,85.3,-5.1,-7.2
05/12/2026,1630,IVOL,18.11,-.05,-0.28%,18.11,18.125,18.075,30.26,0.06,0.3,18.91,18.34,18.08,18.51,-6111.01,-1808.01,30.01,86.2,36.1,-3.3,-9.5
05/12/2026,1630,IWC,185.25,-1.96,-1.05%,186.19,186.585,181.49,61.05,0.24,0.25,163.26,176.58,175.52,191.58,5209.02,18950.02,2.31,75.1,56.1,0.1,1.8
05/12/2026,1630,IWF,123.35,-.17,-0.14%,123.21,123.50,122.14,72.87,0.14,0.23,110.71,117.06,118.09,125.17,5209.02,12403.02,2.31,73.1,38.1,0.0,1.5
05/12/2026,1630,IWM,282.57,-2.76,-0.97%,284.04,284.06,278.28,62.25,0.17,0.25,258.39,271.95,272.65,289.84,18209.02,28705.02,2.31,58.1,25.1,0.1,3.3
05/12/2026,1630,IWN,209.64,-1.56,-0.74%,210.43,210.43,206.625,60.11,0.16,0.22,195.45,204.29,204.84,214.01,-1206.01,21284.02,2.43,77.1,20.1,0.0,4.1
05/12/2026,1630,IWO,368.58,-4.23,-1.13%,370.17,370.21,361.76,63.39,0.19,0.26,329.56,350.75,351.16,379.81,6209.02,37473.02,2.31,82.1,40.1,0.3,2.7
05/12/2026,1630,J,114.15,-2.87,-2.45%,118.78,120.00,114.14,32.31,0.41,0.34,126.03,125.25,113.04,134.64,-5105.01,-11414.01,6.01,75.1,83.2,1.3,-1.3
05/12/2026,1630,JACK,13.57,+.17,+1.27%,13.38,13.75,13.11,56.65,0.69,0.93,16.34,12.24,11.93,14.27,4206.02,1427.03,3.3,89.3,50.2,0.0,3.0
05/12/2026,1630,JBHT,236.79,-3.96,-1.64%,241.66,243.25,231.475,48.73,0.39,0.36,208.86,245.94,234.1,252.74,-4102.01,-23148.01,16.01,52.1,79.2,-1.4,2.5
05/12/2026,1630,JBLU,4.73,-.23,-4.64%,4.93,4.93,4.61,44.47,0.6,0.87,5.47,4.91,4.54,5.24,-1101.01,-461.01,18.01,66.1,57.3,-12.3,0.0
05/12/2026,1630,JBSAY,14.44,0,0.00%,0,0,0,49.84,0.41,NaN,NaN,14.42,13.44,14.82,2201.01,1550.01,1.04,0.0,47.1,-0.8,-0.1
05/12/2026,1630,JETS,26.27,-.34,-1.28%,26.42,26.465,25.95,50.38,0.36,0.45,28.78,25.24,24.72,27.97,3101.03,2775.03,3.1,82.1,74.1,0.0,0.0
05/12/2026,1630,JNJ,224.26,+2.83,+1.28%,223.00,227.65,221.64565,40.14,0.17,0.24,239.68,223.78,219.62,229.84,-14108.01,-22037.02,28.02,70.1,73.3,-14.2,0.0
05/12/2026,1630,JNK,96.18,-.14,-0.15%,96.14,96.28,95.95,46.26,0.04,0.07,97.33,96.48,95.82,96.84,-7102.01,-9595.01,23.01,33.1,43.1,-4.9,0.0
05/12/2026,1630,JOBY,10.49,-.25,-2.33%,10.475,10.635,10.07,60.66,0.91,0.87,9.61,8.25,8.13,11.47,5205.02,1103.02,2.1,63.1,76.4,4.7,0.0
05/12/2026,1630,JOE,64.21,-.89,-1.37%,65.25,65.405,64.12,42.44,0.4,0.32,66.62,67.88,59.83,71.12,-3110.07,-6100.07,10.07,44.1,91.4,0.0,-4.1
05/12/2026,1630,JOET,43.28,-.1525,-0.35%,43.19,43.37,42.8727,59.48,0.12,0.13,41.91,42.62,42.38,43.78,6206.02,4352.02,3.31,4.1,32.1,0.0,1.3
05/12/2026,1630,JPM,304.88,+4.88,+1.63%,300.02,306.0624,295.55,48.31,0.21,0.27,296.52,306.88,299.12,315.64,-4104.01,-29555.01,4.01,44.1,59.1,-1.3,0.0
05/12/2026,1630,JPXN,99.9069,+.0969,+0.10%,99.82,99.94,99.10,65.93,0.19,NaN,97.56,92.84,93.61,101.8,5209.02,9998.02,2.14,0.0,61.1,0.4,2.9
05/12/2026,1630,JYNT,8.68,-.04,-0.46%,8.66,8.85,8.57,46.09,0.27,NaN,8.35,8.57,8.55,9.09,-2104.01,-857.01,3.01,0.1,17.1,-1.0,0.0
05/12/2026,1630,K,83.44,0,0.00%,0,0,0,60.53,0.03,0.1,76.99,83.35,82.98,83.69,1203.03,-8305.04,9.04,25.1,26.1,0.9,-1.1
05/12/2026,1630,KBA,34.70,+.15,+0.43%,34.67,34.70,34.49,73.25,0.17,0.22,30.27,32.83,32.86,34.92,7209.01,3470.01,1.35,50.1,68.1,0.6,8.2
05/12/2026,1630,KBWP,118.25,+.49,+0.42%,117.53,119.00,117.26,41.69,0.12,0.11,121.08,120.49,115.5,122.0,-6113.03,-11691.03,17.07,21.1,5.1,-7.0,-8.4
05/12/2026,1630,KCE,153.1677,-.2623,-0.17%,153.03,153.44,151.7327,62.31,0.14,0.18,142.57,148.76,149.57,154.37,5206.01,15380.02,2.28,74.1,1.1,0.0,1.3
05/12/2026,1630,KDP,29.17,+.46,+1.60%,28.93,29.45,28.735,62.54,0.33,0.24,28.84,26.43,27.56,30.25,11201.09,2958.09,11.27,32.1,81.4,0.0,10.9
05/12/2026,1630,KEMX,48.08,-1.90,-3.80%,48.51,48.51,47.50,59.33,0.3,0.36,42.85,45.13,45.04,51.19,14101.02,5018.02,3.3,86.2,84.1,3.7,2.2
05/12/2026,1630,KHC,23.37,+.11,+0.47%,23.44,23.6398,23.015,57.88,0.23,0.34,23.44,21.75,21.67,24.29,4211.02,2412.02,2.06,74.1,35.1,0.3,0.0
05/12/2026,1630,KLAC,1811.35,-33.84,-1.83%,1802.43,1814.38,1743.00,55.66,0.49,0.53,1427.67,1776.64,1674.04,1927.6,2203.02,189749.02,2.07,79.1,71.1,0.0,0.1
05/12/2026,1630,KMX,38.21,-.87,-2.23%,39.00,39.215,36.94,43.3,0.39,0.67,39.8,37.55,36.64,40.43,-1101.01,-3694.01,2.01,79.2,55.4,-1.1,0.0
05/12/2026,1630,KNX,59.90,-2.02,-3.26%,61.89,61.97,59.34,42.62,0.38,0.41,56.86,63.51,59.79,66.07,-2102.01,-5934.01,14.01,52.1,57.1,-2.4,0.0
05/12/2026,1630,KO,80.03,+1.37,+1.74%,79.00,80.32,78.28,64.13,0.19,0.22,78.13,74.55,75.86,81.6,5211.08,8032.01,8.16,70.1,90.4,5.2,2.7
05/12/2026,1630,KR,64.62,-.18,-0.28%,65.14,65.25,64.04,35.18,0.2,0.37,66.14,65.62,63.74,68.55,-4107.01,-6404.01,26.01,92.2,13.1,-2.9,0.0
05/12/2026,1630,KRE,68.23,-.32,-0.47%,68.64,68.74,67.13,46.36,0.2,0.28,69.68,68.76,68.07,70.8,-2102.01,-6713.01,4.01,21.1,23.1,-2.0,0.0
05/12/2026,1630,KSA,38.75,-.40,-1.02%,38.92,38.92,38.51,46.58,0.13,0.26,38.02,38.8,38.15,39.4,1101.02,-3831.04,29.14,63.1,42.1,-13.2,0.0
05/12/2026,1630,KSS,12.73,-.36,-2.75%,13.06,13.06,12.455,37.1,0.64,0.92,18.03,14.59,12.56,15.34,-3110.01,-1246.01,11.01,73.2,53.2,-1.1,0.0
05/12/2026,1630,KVUE,17.47,+.30,+1.75%,17.34,17.51,17.13,50.1,0.2,0.27,18.39,17.21,17.13,17.78,-2201.01,-1713.01,3.01,11.3,30.1,0.0,0.0
05/12/2026,1630,KW,11.00,-.03,-0.27%,11.00,11.02,11.00,66.0,0.03,0.16,9.63,10.89,10.87,11.05,5206.01,1103.02,2.06,0.1,2.1,2.1,0.0
05/12/2026,1630,KWEB,29.15,-.44,-1.49%,29.46,29.51,28.87,49.86,0.27,0.38,31.89,28.13,27.93,30.14,4205.02,2981.02,2.11,84.2,63.2,-1.2,0.0
05/12/2026,1630,LAMR,147.54,-4.72,-3.10%,153.03,153.03,146.80,62.02,0.36,0.32,126.62,132.5,134.5,159.85,17213.02,15766.02,2.37,94.1,96.4,12.0,5.8
05/12/2026,1630,LCID,6.01,-.02,-0.33%,5.98,6.13,5.88,34.93,0.8,0.94,9.53,5.93,5.51,6.74,-1102.05,-562.1,21.17,28.1,77.2,-8.2,0.0
05/12/2026,1630,LEVI,21.56,-.29,-1.33%,21.69,21.86,21.38,46.51,0.29,0.35,21.48,21.99,21.39,23.02,-2102.01,-2138.01,3.01,32.1,32.1,-2.2,0.0
05/12/2026,1630,LFMD,4.28,-.11,-2.51%,4.32,4.395,4.25,47.66,1.19,0.8,2.71,4.23,4.13,5.28,-4104.01,-425.01,16.01,31.1,86.4,0.0,4.2
05/12/2026,1630,LFST,7.93,+.26,+3.39%,7.66,7.945,7.615,59.35,0.9,0.53,6.82,6.81,6.98,8.73,13201.04,889.04,4.27,54.1,92.4,22.3,3.4
05/12/2026,1630,LH,257.35,+2.27,+0.89%,255.69,258.77,254.15,43.27,0.18,0.27,260.57,260.83,246.73,267.0,-8201.06,-24859.06,14.06,60.1,28.1,-5.5,-2.8
05/12/2026,1630,LI,18.74,-.13,-0.69%,18.77,18.82,18.49,58.67,0.29,0.54,17.88,17.75,17.19,18.94,2203.01,1882.01,1.05,50.2,9.1,0.0,-1.0
05/12/2026,1630,LII,508.55,-12.93,-2.48%,521.12,521.24,506.84,50.49,0.42,0.4,545.56,484.77,488.31,551.67,12101.04,55150.04,4.32,82.1,78.3,2.7,6.3
05/12/2026,1630,LIN,503.87,-.53,-0.11%,504.19,505.78,496.74,53.3,0.21,0.25,469.48,493.94,489.52,514.78,-5202.02,-49040.06,8.06,74.1,91.2,0.0,-0.6
05/12/2026,1630,LIT,89.47,-2.15,-2.35%,88.86,89.73,87.87,62.99,0.32,0.36,70.83,81.27,83.4,94.34,17232.04,9198.02,4.37,72.2,56.1,15.9,7.4
05/12/2026,1630,LLY,989.87,+22.88,+2.37%,974.44,997.52,971.175,59.63,0.46,0.36,1002.46,868.04,864.09,1043.98,6209.04,99752.01,5.1,28.1,79.2,10.0,0.0
05/12/2026,1630,LMND,55.14,+.09,+0.16%,54.03,56.20,53.845,40.8,0.75,0.7,55.78,63.25,46.38,66.04,-4112.07,-5204.04,17.08,12.1,49.1,-8.3,-8.6
05/12/2026,1630,LMT,521.00,+8.75,+1.71%,512.50,522.51,512.50,35.92,0.27,0.31,630.0,503.6,488.73,534.13,1207.03,-50031.05,24.13,69.1,66.1,-18.0,0.0
05/12/2026,1630,LNG,244.31,+3.61,+1.50%,241.81,246.63,241.50,37.99,0.37,0.35,217.53,253.26,233.26,278.84,-4105.01,-24044.02,8.02,81.1,83.2,0.0,0.0
05/12/2026,1630,LOGI,103.56,-3.33,-3.12%,105.095,105.44,101.86,58.05,0.36,0.38,85.55,93.75,94.68,111.53,7210.02,11047.02,2.22,61.1,74.1,5.4,2.1
05/12/2026,1630,LOTMY,31.17,-.14,-0.45%,31.02,31.50,30.8601,55.33,0.52,NaN,23.56,29.87,28.24,33.1,3205.03,3304.04,4.1,NaN,NaN,0.0,0.0
05/12/2026,1630,LOW,224.52,-1.54,-0.68%,228.96,229.1003,224.1265,37.91,0.32,0.38,276.73,242.1,214.85,244.44,-6115.06,-22300.06,16.06,100.2,91.3,-10.6,-6.5
05/12/2026,1630,LQD,108.56,-.37,-0.34%,108.61,108.6638,108.445,43.92,0.05,0.06,110.97,109.2,107.98,109.76,-1102.01,-10792.07,24.07,15.1,49.1,-4.2,0.0
05/12/2026,1630,LRCX,289.24,-6.81,-2.30%,287.215,290.35,277.77,62.31,0.52,0.68,228.88,253.28,245.49,311.39,5207.02,30000.02,2.09,83.1,60.1,0.0,0.0
05/12/2026,1630,LUV,39.48,-.51,-1.28%,39.65,39.78,38.83,47.98,0.46,0.53,49.8,36.85,36.96,42.29,4101.02,4222.03,3.1,79.1,66.1,0.0,0.0
05/12/2026,1630,LUXE,8.14,-.22,-2.63%,8.27,8.43,8.01,39.02,0.38,0.9,9.13,8.58,8.12,9.25,-4104.01,-801.01,4.01,72.2,12.1,-2.2,0.0
05/12/2026,1630,LVS,51.70,-.37,-0.71%,52.01,52.77,51.53,40.52,0.41,0.37,56.0,50.05,49.71,55.22,-4103.07,-5153.07,16.12,38.1,73.4,-7.7,-1.1
05/12/2026,1630,LW,41.41,+1.07,+2.65%,40.95,41.50,40.76,43.14,0.32,0.4,46.59,43.24,40.17,44.61,-5114.01,-4076.01,16.01,56.1,50.1,-4.2,0.0
05/12/2026,1630,LYB,74.31,+.78,+1.06%,73.905,75.285,73.01,52.92,0.6,0.51,54.27,69.13,69.83,78.1,-1201.04,7843.06,6.17,58.1,87.3,0.0,7.2
05/12/2026,1630,LYFT,13.88,+.01,+0.07%,13.99,13.99,13.29,46.67,0.39,0.58,12.93,13.86,13.7,14.46,-1102.01,-1329.01,2.01,36.1,28.1,-4.2,0.0
05/12/2026,1630,LYV,165.67,+2.67,+1.64%,162.64,167.39,161.55,59.28,0.41,0.37,150.0,151.06,152.13,170.8,6209.01,16739.01,3.13,44.1,88.3,0.0,0.3
05/12/2026,1630,M,18.52,-.17,-0.91%,18.57,18.64,18.065,41.56,0.3,0.61,21.17,19.8,18.27,20.24,-6104.01,-1807.01,4.01,80.2,8.1,-3.3,0.0
05/12/2026,1630,MA,499.81,+2.00,+0.40%,500.61,506.31,499.75,47.52,0.26,0.27,515.0,495.63,484.71,516.64,-5109.05,-48973.05,10.05,63.1,76.2,-3.8,-1.6
05/12/2026,1630,MAC,22.24,+.60,+2.77%,21.32,22.27,21.25,61.12,0.29,0.27,17.62,21.01,21.27,22.42,-1201.01,-2125.01,1.01,2.1,28.1,-0.1,1.1
05/12/2026,1630,MAR,350.23,-3.09,-0.87%,355.00,358.18,349.43,47.4,0.26,0.32,345.04,358.38,341.73,366.86,-5114.06,-34538.07,21.07,72.1,54.1,-8.7,-0.1
05/12/2026,1630,MARA,12.72,-.67,-5.00%,12.905,12.94,11.73,61.89,0.73,0.96,7.14,11.09,10.77,13.91,7209.02,1380.02,2.28,44.1,45.1,0.1,0.3
05/12/2026,1630,MCD,274.84,+.24,+0.09%,278.20,279.25,274.77,24.95,0.21,0.22,320.15,290.19,266.95,294.91,-11117.02,-27198.02,17.02,62.1,98.4,-10.1,-15.8
05/12/2026,1630,MCHP,97.70,-1.33,-1.34%,97.06,98.145,94.42,69.24,0.51,0.51,76.03,81.09,87.84,108.4,15101.03,10591.03,3.3,66.3,83.4,8.5,6.6
05/12/2026,1630,MCK,734.69,+9.52,+1.31%,731.45,742.30,724.70,23.22,0.3,0.27,894.59,817.44,696.35,836.89,-14123.02,-72368.02,21.02,47.3,81.1,-9.3,-25.9
05/12/2026,1630,MCO,451.75,+3.36,+0.75%,449.61,458.67,447.21,50.13,0.21,0.28,402.28,448.01,442.47,463.1,-5103.02,-44636.02,8.02,67.1,39.1,-0.3,0.0
05/12/2026,1630,MCW,7.07,+.05,+0.71%,7.02,7.09,7.02,61.93,0.05,NaN,5.77,6.99,7.0,7.11,1201.01,709.01,1.14,58.2,10.1,0.0,0.4
05/12/2026,1630,MDB,308.72,+14.07,+4.78%,307.74,317.21,305.82,68.68,0.55,0.88,338.85,240.62,246.29,314.43,4208.01,31721.01,1.22,92.4,59.1,2.1,0.0
05/12/2026,1630,MDLZ,61.70,+.29,+0.47%,61.78,62.195,61.06,65.41,0.23,0.26,58.02,55.79,58.03,64.95,5214.07,6220.01,7.15,66.1,61.1,10.6,2.9
05/12/2026,1630,MELI,1578.78,+21.48,+1.38%,1562.75,1583.00,1541.1401,33.73,0.58,0.4,1931.12,1792.32,1538.67,1919.02,-3103.01,-154114.01,4.01,48.1,100.4,0.0,-0.3
05/12/2026,1630,META,603.00,+4.14,+0.69%,594.815,603.745,592.60,40.91,0.38,0.34,628.15,653.05,557.65,672.07,-5114.05,-59260.01,20.06,38.1,61.1,-9.5,-8.0
05/12/2026,1630,MGM,36.90,-.40,-1.07%,37.31,38.01,36.735,41.76,0.29,0.41,33.53,37.78,36.45,39.91,-8109.01,-3674.01,11.01,45.1,17.1,0.0,0.0
05/12/2026,1630,MGPI,18.29,-.34,-1.83%,18.65,18.65,18.08,40.5,0.43,0.58,24.76,19.83,18.05,20.53,-4102.01,-1808.01,5.01,69.2,77.1,-0.1,0.0
05/12/2026,1630,MICC,15.09,+.22,+1.48%,15.08,15.195,14.97,58.56,0.57,0.42,15.6,12.97,13.27,16.36,5209.05,1550.05,5.14,NaN,NaN,9.1,0.0
05/12/2026,1630,MKOR,60.30,-4.71,-7.25%,61.59,62.26,59.01,60.45,0.53,NaN,45.0,53.12,53.88,67.48,14101.03,6547.02,3.3,0.0,87.1,18.2,11.4
05/12/2026,1630,MLCO,5.51,+.20,+3.77%,5.35,5.635,5.27,47.19,0.46,0.6,5.22,5.52,5.14,5.83,-9201.01,-525.03,15.09,71.1,74.2,-4.0,-3.1
05/12/2026,1630,MLM,581.14,-4.84,-0.83%,585.83,586.9632,577.68,36.86,0.22,0.3,647.4,607.69,578.04,623.03,-7104.01,-57768.01,4.01,82.1,47.1,-2.0,0.0
05/12/2026,1630,MNDY,71.99,-4.92,-6.40%,76.79,77.73,71.94,51.14,0.75,0.67,70.7,62.17,64.59,80.85,6101.01,8848.02,2.22,51.3,84.2,6.1,4.6
05/12/2026,1630,MNSO,14.11,-.20,-1.40%,14.25,14.25,13.98,32.52,0.26,0.61,18.93,14.49,14.03,15.02,-7104.01,-1398.01,25.01,90.2,7.1,-18.3,0.0
05/12/2026,1630,MNST,85.87,-.54,-0.62%,86.00,86.33,84.81,71.21,0.5,0.27,80.52,75.54,73.81,87.84,3203.01,8633.01,1.06,48.1,100.4,3.3,0.0
05/12/2026,1630,MO,69.89,+1.28,+1.87%,69.25,70.74,68.68,55.34,0.35,0.3,65.64,64.65,65.74,76.07,-1105.04,7434.07,7.18,99.2,99.4,0.0,4.8
05/12/2026,1630,MOH,191.58,+6.39,+3.45%,185.68,193.94,184.28,66.04,0.56,0.45,122.9,151.21,173.38,215.91,-1104.02,20055.04,9.31,10.1,69.1,0.5,8.2
05/12/2026,1630,MOO,82.63,+.72,+0.88%,82.39,82.865,81.71,46.97,0.17,0.18,84.24,81.95,80.93,84.66,-3104.02,-8154.03,5.04,68.1,88.2,-0.3,-1.1
05/12/2026,1630,MOVE:GIF,71.6779,0,0.00%,0,0,0,47.66,0.72,NaN,64.19,66.97,65.4,78.32,-2104.03,7786.08,7.25,0.0,62.1,0.0,0.9
05/12/2026,1630,MP,65.59,-1.82,-2.70%,66.00,67.57,63.20,53.72,0.76,0.74,54.59,60.01,60.14,73.27,4101.03,7680.03,3.31,32.2,48.2,0.6,1.6
05/12/2026,1630,MPC,251.99,-.49,-0.19%,254.18,257.61,251.76,60.9,0.42,0.41,194.58,218.57,225.98,271.25,1202.01,26161.06,6.18,83.3,96.2,5.7,9.2
05/12/2026,1630,MPLX,54.39,+.36,+0.67%,54.14,54.6299,53.71,40.85,0.22,0.24,55.14,54.61,53.49,57.13,-6103.01,-5371.01,6.01,58.1,93.4,0.0,-0.3
05/12/2026,1630,MPNGY,21.41,-.25,-1.15%,21.65,21.65,21.21,50.21,0.26,NaN,20.55,20.74,20.56,21.96,3205.02,2180.02,2.11,0.0,7.1,-12.3,0.0
05/12/2026,1630,MRNA,53.27,+.39,+0.74%,52.24,54.62,51.25,57.29,0.6,0.9,38.82,48.25,42.96,56.29,3205.01,5462.01,1.08,89.2,53.1,0.0,0.0
05/12/2026,1630,MRVL,164.50,-6.34,-3.71%,165.455,168.73,157.9604,62.76,0.58,0.95,76.63,151.09,154.63,176.28,-1101.01,17580.05,13.31,100.4,67.1,0.0,7.5
05/12/2026,1630,MSFT,407.77,-4.89,-1.18%,414.48,415.50,406.64,48.99,0.33,0.3,394.53,411.41,399.02,428.99,-1103.02,-40550.02,4.02,69.1,87.2,-1.2,0.0
05/12/2026,1630,MSGS,336.12,-8.00,-2.32%,345.11,346.85,333.90,53.44,0.25,0.3,276.74,320.74,328.51,344.91,1101.01,34685.01,1.03,62.1,67.1,0.0,0.0
05/12/2026,1630,MSM,106.92,-.40,-0.37%,107.70,107.80,105.595,69.46,0.32,0.31,91.66,95.68,98.3,110.38,14235.02,10799.02,2.35,41.1,88.3,7.9,10.6
05/12/2026,1630,MSTR,184.42,-11.52,-5.88%,191.325,192.2374,179.85,60.62,0.76,0.75,120.64,167.61,160.52,202.0,3208.02,19700.02,2.28,32.1,90.1,0.7,5.2
05/12/2026,1630,MTCH,35.36,-.41,-1.15%,35.67,35.74,35.23,49.21,0.37,0.3,29.55,35.02,34.86,38.7,-4104.01,-3523.01,4.01,8.1,75.1,0.0,0.1
05/12/2026,1630,MTDR,56.65,+.32,+0.57%,57.49,57.61,56.10,42.84,0.5,0.45,45.5,59.18,53.24,64.98,-4105.02,-5490.03,10.03,36.1,92.4,0.0,0.0
05/12/2026,1630,MTUM,303.24,-3.42,-1.12%,303.00,304.11,296.2311,72.97,0.22,0.26,247.41,272.96,278.52,312.77,15215.02,30786.02,2.3,79.1,78.1,11.9,11.7
05/12/2026,1630,MU,766.58,-28.75,-3.61%,774.70,782.76,706.601,79.4,0.79,1.06,392.71,458.56,566.53,837.06,18215.02,81867.02,2.3,100.4,94.2,25.6,17.1
05/12/2026,1630,MUR,38.70,+1.08,+2.87%,38.25,38.75,37.58,48.67,0.49,0.57,31.4,38.02,36.22,42.67,-3105.02,-3712.02,9.02,81.1,57.1,0.0,0.0
05/12/2026,1630,MUSA,576.96,-.98,-0.17%,578.54,581.02,560.13,63.29,0.59,0.38,370.0,510.01,513.28,637.52,9209.05,60982.05,5.18,60.1,94.4,6.8,6.1
05/12/2026,1630,MZTI,114.52,+2.23,+1.99%,113.54,115.53,113.01,29.59,0.42,0.25,155.42,124.25,106.83,130.86,-12108.02,-11106.06,23.06,62.1,94.4,-9.3,-9.6
05/12/2026,1630,N225:JP,62742.57,0,0.00%,0,0,0,69.22,0.25,NaN,52950.15,58475.9,58049.29,64098.69,12204.01,6321851.01,1.28,0.0,69.1,3.9,5.7
05/12/2026,1630,NBIS,179.11,-6.99,-3.76%,180.42,185.61,172.25,61.33,0.92,1.15,79.69,138.56,134.81,208.99,6208.02,19646.02,2.09,93.4,63.1,0.3,1.0
05/12/2026,1630,NBIX,155.80,+5.21,+3.46%,151.43,156.325,150.82,78.18,0.39,0.41,122.14,126.99,130.8,159.94,8210.01,15632.01,1.1,78.1,76.4,15.6,1.2
05/12/2026,1630,NCLH,16.00,-.58,-3.50%,16.55,16.579,15.98,33.86,0.54,0.6,21.07,18.07,15.6,18.97,-10107.01,-1598.01,18.01,71.1,63.1,-13.2,-0.5
05/12/2026,1630,NEE,94.59,-.25,-0.26%,94.70,95.08,93.595,51.9,0.34,0.27,90.59,89.9,91.32,98.88,-1104.04,9875.08,8.15,22.1,89.4,0.0,1.4
05/12/2026,1630,NEM,119.69,-.98,-0.81%,118.73,120.21,115.61,57.76,0.58,0.47,118.04,107.88,106.26,124.05,4205.02,12126.02,2.1,55.1,81.2,0.0,0.0
05/12/2026,1630,NET,186.79,-6.73,-3.48%,193.97,194.39,186.57,41.26,1.13,0.65,176.71,198.5,176.9,256.03,-3103.01,-18657.01,4.01,62.3,100.4,11.0,0.0
05/12/2026,1630,NFLX,87.66,+2.21,+2.59%,85.905,89.17,85.81,37.91,0.42,0.3,75.23,91.3,84.05,94.2,-10104.01,-8510.02,21.02,14.1,77.3,-9.2,0.0
05/12/2026,1630,NIKL,17.74,+.02,+0.11%,17.33,17.7486,17.1501,55.85,0.36,NaN,17.77,17.0,16.75,17.88,3202.01,1775.01,1.06,0.0,54.1,-4.3,2.4
05/12/2026,1630,NKE,42.35,-.04,-0.09%,42.30,42.51,42.06,31.92,0.25,0.35,60.85,44.24,41.72,45.62,-5103.01,-4206.01,15.01,34.1,16.1,-4.2,0.0
05/12/2026,1630,NLR,139.90,-5.75,-3.95%,142.45,142.90,136.33,47.72,0.53,0.39,138.1,142.71,135.36,148.93,-2101.01,-13633.01,4.01,63.1,92.2,0.0,0.0
05/12/2026,1630,NNN,44.50,+.20,+0.45%,44.39,44.62,44.05,55.55,0.14,0.24,43.38,43.36,43.58,45.0,4207.02,4476.02,2.09,48.2,28.1,-1.4,2.5
05/12/2026,1630,NOAH,10.63,+.01,+0.09%,10.67,10.71,10.57,51.71,0.29,0.45,11.72,10.02,10.19,11.15,14102.03,1102.03,3.31,23.2,40.1,7.3,2.3
05/12/2026,1630,NORW,38.23,+.04,+0.10%,38.12,38.4799,37.97,53.24,0.17,NaN,33.92,37.62,37.58,39.05,-1104.04,-3762.04,6.04,0.0,65.1,0.0,1.4
05/12/2026,1630,NOW,89.00,-2.49,-2.72%,92.465,92.77,88.685,42.55,0.86,0.57,99.27,83.58,82.62,98.35,1101.04,-8358.14,16.14,87.1,95.4,-4.2,0.0
05/12/2026,1630,NSA,43.58,-.07,-0.16%,43.56,43.86,43.005,62.54,0.26,0.35,32.58,42.22,41.51,44.5,3205.02,4386.01,2.06,28.1,48.1,0.0,2.1
05/12/2026,1630,NSC,312.35,+1.24,+0.40%,311.88,313.935,308.83,56.08,0.31,0.27,311.63,298.01,304.2,325.86,-1104.01,32337.13,13.42,87.1,98.4,0.0,7.5
05/12/2026,1630,NSP,31.57,-.86,-2.65%,33.00,33.36,31.40,53.21,1.06,0.74,23.0,31.22,26.73,36.99,-4101.05,-2768.05,10.05,81.1,91.4,0.0,0.2
05/12/2026,1630,NSSC,38.29,-1.92,-4.77%,39.93,39.93,38.17,34.38,0.68,0.58,41.31,44.59,36.37,46.92,-4107.01,-3817.01,8.05,86.4,100.4,-0.1,-4.1
05/12/2026,1630,NTLA,13.99,-.43,-2.98%,14.34,14.50,13.52,50.96,0.87,0.73,11.21,12.39,11.52,15.63,2203.02,1555.02,2.1,2.1,54.2,-1.7,-0.2
05/12/2026,1630,NTR,71.98,+.69,+0.97%,71.63,72.35,69.85,47.14,0.45,0.34,69.03,70.42,67.48,77.81,-3105.02,-6886.02,6.02,60.1,95.2,0.2,-0.2
05/12/2026,1630,NUE,229.83,-2.17,-0.94%,231.03,231.99,228.8175,71.87,0.29,0.36,176.62,210.12,214.91,241.17,16202.1,23544.05,11.38,38.1,57.2,0.0,6.4
05/12/2026,1630,NVDA,220.78,+1.34,+0.61%,218.545,223.75,214.92,69.26,0.38,0.51,179.18,197.22,193.85,226.4,4205.01,22375.01,1.07,75.2,75.2,1.3,1.5
05/12/2026,1630,NVO,47.00,+.60,+1.29%,46.99,47.11,46.29,76.69,0.37,0.47,47.03,38.02,41.92,49.21,9213.02,4779.02,2.31,26.1,31.1,22.4,17.6
05/12/2026,1630,NXPI,294.23,-11.76,-3.84%,300.68,302.00,291.0101,67.68,0.9,0.47,229.03,224.79,250.71,341.28,19101.07,30662.02,8.28,81.1,100.4,14.3,15.3
05/12/2026,1630,NYT,77.98,+.65,+0.84%,77.65,78.69,76.35,44.91,0.41,0.32,70.74,79.2,75.89,82.42,-2103.01,-7635.01,4.01,64.1,91.4,0.0,0.0
05/12/2026,1630,O,62.53,+.17,+0.27%,62.62,62.90,62.325,45.63,0.19,0.2,64.7,62.58,61.48,64.39,-6104.02,-6198.02,23.02,68.1,89.4,-3.5,0.0
05/12/2026,1630,OC,119.83,-.02,-0.02%,119.85,120.445,117.83,50.58,0.36,0.39,130.65,121.75,116.65,125.92,-1104.01,-11783.01,4.01,34.1,59.1,-3.4,0.4
05/12/2026,1630,OIH,437.24,+6.09,+1.41%,432.87,439.26,428.25,59.47,0.26,0.36,367.28,412.76,414.7,455.43,-3201.03,-41202.04,10.04,58.1,13.1,0.0,4.1
05/12/2026,1630,OKE,88.43,+.64,+0.73%,88.48,88.9285,87.885,52.52,0.31,0.32,84.17,85.35,83.98,92.5,-4201.02,-8449.03,8.03,41.1,83.2,0.0,0.0
05/12/2026,1630,OKLO,73.63,-4.50,-5.76%,75.73,76.68,70.3001,55.29,1.24,1.08,62.56,64.75,65.07,80.46,2205.04,7965.02,4.3,60.3,88.4,0.1,4.6
05/12/2026,1630,OKTA,79.06,-2.63,-3.22%,81.59,81.65,78.03,53.78,0.47,0.8,73.74,73.24,73.38,84.0,3208.02,8470.02,2.21,100.4,69.1,0.0,7.0
05/12/2026,1630,OLLI,75.18,-.55,-0.73%,75.73,77.37,74.40,27.11,0.45,0.59,107.49,87.0,72.87,89.72,-11111.01,-7440.01,41.01,100.4,95.3,-8.4,-10.4
05/12/2026,1630,OMF,53.03,-.14,-0.26%,53.17,53.38,52.095,35.94,0.3,0.32,55.53,58.23,51.54,59.27,-7111.01,-5210.01,16.01,24.1,61.1,-4.2,-0.7
05/12/2026,1630,ON,104.11,-3.13,-2.92%,104.82,105.00,98.66,68.73,0.61,0.66,67.02,87.02,93.82,111.79,-1203.06,10725.02,13.3,88.3,80.3,0.0,1.5
05/12/2026,1630,ONEW,11.16,-.42,-3.63%,11.56,11.56,11.09,54.74,0.81,1.01,11.79,10.02,9.48,12.49,4206.02,1210.02,2.08,89.1,97.4,3.0,0.0
05/12/2026,1630,ONON,33.83,-.21,-0.62%,32.115,34.23,31.62,39.82,0.3,0.57,43.83,35.1,33.24,36.64,-2103.01,-3162.01,4.01,68.3,10.1,-3.0,0.0
05/12/2026,1630,ONTO,277.94,-9.58,-3.33%,277.00,283.135,266.52,51.94,0.6,0.71,208.49,284.4,269.67,307.06,-2105.01,-26652.01,18.01,77.1,68.1,-1.1,0.0
05/12/2026,1630,ORCL,186.83,-7.01,-3.62%,192.92,192.92,180.8701,60.02,0.54,0.76,147.39,167.9,160.36,206.4,5207.03,19800.03,3.23,91.4,63.3,0.0,1.2
05/12/2026,1630,ORLY,91.84,+.49,+0.54%,91.66,92.765,90.25,45.46,0.35,0.26,91.85,91.66,89.39,98.07,-2103.01,-9025.01,7.01,40.1,99.4,0.0,-1.3
05/12/2026,1630,OSCR,23.73,+1.73,+7.86%,21.73,23.765,21.574904,87.53,0.49,0.7,12.99,15.94,18.01,24.05,14213.01,2377.01,1.31,10.1,6.1,17.4,12.9
05/12/2026,1630,OSK,131.32,-2.71,-2.02%,133.86,134.88,129.59,34.26,0.6,0.46,163.64,147.76,130.66,161.08,-3103.01,-12959.01,4.01,83.3,100.4,0.6,0.0
05/12/2026,1630,OTLY,10.07,-.06,-0.59%,10.12,10.375,9.96,34.0,0.51,0.73,10.94,12.01,9.11,11.82,-6114.07,-996.01,18.08,40.1,35.1,-22.0,-13.4
05/12/2026,1630,OUT,31.84,-.40,-1.24%,32.40,32.52,31.57,59.71,0.31,0.3,24.78,29.42,29.96,34.06,15101.02,3398.02,2.3,40.2,63.1,5.3,5.2
05/12/2026,1630,OVX:CGI,75.69,+.03,+0.04%,75.45,75.85,73.60,47.9,0.9,NaN,40.4,73.11,69.76,79.01,-2202.04,-6886.04,26.04,0.0,48.1,-4.5,0.1
05/12/2026,1630,OXLC,10.07,-.04,-0.40%,10.12,10.25,10.03,52.8,0.21,NaN,8.71,9.88,9.88,10.4,1102.03,1040.07,7.38,0.0,15.1,0.3,1.8
05/12/2026,1630,OXM,41.59,-2.10,-4.81%,43.42,43.42,40.865,46.39,0.53,0.67,36.84,43.29,39.55,47.0,-1102.01,4663.04,4.07,67.1,43.2,0.0,0.0
05/12/2026,1630,OXY,56.27,+1.13,+2.05%,55.80,56.425,55.17,47.27,0.48,0.41,44.86,56.2,52.07,61.57,-4105.02,-5299.03,9.03,75.1,100.4,0.0,0.0
05/12/2026,1630,PAG,169.03,-4.23,-2.44%,173.53,173.53,168.98,59.22,0.32,0.31,163.78,158.36,160.06,179.67,18101.04,17462.02,8.41,64.1,85.2,8.6,4.0
05/12/2026,1630,PALL,136.04,-1.38,-1.00%,133.99,136.11,131.88,48.1,0.39,0.48,147.0,132.43,130.0,140.46,-1202.01,-13061.1,24.1,56.1,44.1,-6.0,0.0
05/12/2026,1630,PAM,82.40,+.50,+0.61%,81.28,82.67,80.34,50.14,0.4,0.36,78.01,80.2,78.42,83.89,-11202.03,-7830.03,3.03,2.1,48.2,0.0,0.0
05/12/2026,1630,PATH,10.01,-.65,-6.10%,10.65,10.68,9.99,41.07,0.51,0.96,10.63,9.88,9.69,10.96,1101.02,1095.02,2.03,92.2,39.1,0.0,0.0
05/12/2026,1630,PBD,21.4475,-.6725,-3.04%,21.63,21.63,21.08,64.77,0.24,0.45,17.82,19.79,20.25,22.56,17230.02,2234.02,2.31,77.2,63.1,20.2,14.0
05/12/2026,1630,PBH,50.41,-.24,-0.47%,51.24,51.345,50.30,27.4,0.32,0.43,65.34,55.22,49.15,58.28,-10110.01,-5030.01,10.01,91.4,77.1,-2.5,-2.1
05/12/2026,1630,PBJ,48.4573,-.0187,-0.04%,48.53,48.69,48.16,40.69,0.14,NaN,49.7,49.5,48.06,50.38,-5105.01,-4816.01,8.01,21.2,82.2,-1.3,0.0
05/12/2026,1630,PBR,20.50,-.25,-1.20%,20.28,20.695,20.16,47.16,0.37,0.43,14.81,20.48,19.91,22.23,-5105.01,-2016.01,7.01,79.3,84.3,0.0,0.0
05/12/2026,1630,PCAR,113.03,+.07,+0.06%,112.81,113.38,111.23,36.43,0.3,0.28,123.82,124.53,106.19,124.17,-6111.06,-11123.01,11.06,19.1,85.3,-11.3,-12.5
05/12/2026,1630,PD,6.75,-.15,-2.17%,6.67,6.925,6.645,48.71,0.91,0.79,6.53,6.12,6.29,7.72,-1102.01,776.04,4.21,79.3,91.4,2.6,4.6
05/12/2026,1630,PDD,95.73,-3.07,-3.11%,98.62,98.74,95.44,40.91,0.36,0.49,98.71,96.67,94.79,101.9,-1102.01,-9544.01,4.01,84.2,87.3,-4.1,0.0
05/12/2026,1630,PEB,14.27,-.10,-0.70%,14.41,14.45,14.18,56.9,0.24,0.05,12.22,13.51,13.76,14.9,10101.02,1484.02,2.41,0.1,2.1,0.0,0.5
05/12/2026,1630,PECO,39.65,-.06,-0.15%,39.96,39.96,39.48,54.78,0.17,0.38,37.47,38.01,38.85,40.97,11103.1,4071.11,11.35,67.4,65.4,0.6,4.3
05/12/2026,1630,PENN,15.71,-.23,-1.44%,15.94,16.37,15.655,44.62,0.67,0.45,11.65,14.64,15.15,18.55,-2105.01,-1566.01,10.01,7.1,88.1,0.0,1.0
05/12/2026,1630,PEP,151.85,+2.44,+1.63%,150.54,152.72,148.355,42.69,0.22,0.24,160.63,153.55,150.08,158.76,-2103.01,-14835.01,3.01,27.1,71.1,-0.1,-0.3
05/12/2026,1630,PFE,25.87,+.06,+0.23%,25.82,26.09,25.74,38.47,0.18,0.28,26.36,26.38,25.49,26.96,-10116.01,-2568.02,11.02,43.1,10.1,-5.3,-5.9
05/12/2026,1630,PFF,31.57,-.11,-0.35%,31.552,31.6678,31.46,57.46,0.08,0.12,31.42,31.32,31.21,31.8,4206.02,3179.02,2.37,81.3,63.1,0.0,0.9
05/12/2026,1630,PFG,100.84,+.65,+0.65%,99.81,100.98,99.03,63.78,0.18,0.26,89.24,94.81,97.87,102.91,24201.05,10300.05,11.42,31.1,19.1,0.0,13.0
05/12/2026,1630,PFIG,23.99,-.0462,-0.19%,23.99,23.99,23.96,44.44,0.03,NaN,24.36,24.02,23.92,24.09,-1101.01,2408.02,2.07,0.0,47.1,-7.1,0.0
05/12/2026,1630,PFIX,48.20,+.46,+0.96%,47.96,48.20,47.85,60.7,0.21,0.43,42.78,44.13,45.09,49.96,7213.06,4852.06,6.29,80.1,13.1,5.1,3.7
05/12/2026,1630,PG,143.91,+.55,+0.38%,144.35,145.855,142.86,45.31,0.24,0.22,155.77,142.22,141.88,149.8,-4102.01,-14286.01,11.01,58.1,93.2,0.0,0.6
05/12/2026,1630,PGNY,23.45,+.90,+3.99%,22.55,23.48,22.2401,75.29,0.82,0.39,20.02,17.37,18.05,24.4,14222.01,2348.01,1.27,11.1,84.4,8.6,1.9
05/12/2026,1630,PGRO,47.40,-.1008,-0.21%,47.145,47.40,47.0159,72.38,0.16,NaN,41.99,45.18,45.16,48.18,5209.02,4768.02,3.31,0.0,49.1,0.5,7.2
05/12/2026,1630,PINK,36.15,+.33,+0.92%,35.90,36.37,35.8501,63.13,0.17,0.23,35.61,34.52,34.19,36.49,5205.01,3637.01,1.1,40.1,42.1,0.0,1.3
05/12/2026,1630,PINS,20.56,-.20,-0.96%,20.835,21.205,20.465,53.43,0.51,0.46,13.84,19.47,19.37,22.3,4102.04,2243.04,4.22,37.1,75.1,0.9,0.4
05/12/2026,1630,PJP,106.7603,+1.1836,+1.12%,105.69,106.87,105.64,56.42,0.16,0.07,107.5,103.35,103.29,108.48,4201.04,10808.05,5.42,1.1,48.1,0.0,2.0
05/12/2026,1630,PK,10.97,-.06,-0.54%,11.04,11.13,10.875,46.08,0.26,0.55,10.86,10.9,10.91,11.46,-2102.01,-1088.01,2.01,83.2,9.1,-2.5,0.0
05/12/2026,1630,PKB,104.6643,-.8157,-0.77%,105.15,105.15,103.70,47.58,0.26,0.27,106.6,106.21,103.94,110.19,-4104.01,-10370.01,4.01,90.1,82.1,-0.4,0.4
05/12/2026,1630,PLAY,9.73,-.52,-5.07%,10.01,10.76,9.72,32.23,0.62,1.03,14.8,12.12,8.76,12.66,-7116.06,-972.01,23.09,93.4,33.1,-13.6,-5.8
05/12/2026,1630,PLD,143.76,-.31,-0.22%,144.33,144.94,142.795,59.26,0.22,0.25,135.62,139.9,139.04,145.23,5205.01,14494.01,1.06,12.1,54.2,-0.6,3.4
05/12/2026,1630,PLNT,49.49,+1.09,+2.25%,49.54,51.61,49.25,27.42,1.39,0.54,87.44,66.53,39.08,64.8,-10116.02,-4150.03,16.03,93.4,100.4,-7.6,-29.4
05/12/2026,1630,PLTR,136.00,-.89,-0.65%,136.60,137.43,133.46,43.91,0.5,0.52,126.23,138.93,128.62,147.46,-4106.02,-13277.02,25.03,5.1,48.1,-3.3,0.0
05/12/2026,1630,PM,186.93,+4.82,+2.65%,183.79,190.91,180.00,72.94,0.42,0.29,180.21,156.0,164.85,187.98,6215.01,19091.01,1.16,57.1,99.4,16.5,4.9
05/12/2026,1630,PNC,215.21,+.62,+0.29%,215.04,216.2851,210.91,44.22,0.19,0.28,226.37,218.79,212.6,225.19,-2104.01,-21091.01,23.01,56.1,37.1,-4.5,0.0
05/12/2026,1630,PNDRY,9.98,-.20,-1.96%,10.07,10.07,9.834,52.19,0.61,NaN,10.3,9.35,9.21,11.12,-1101.01,1074.04,4.09,0.0,82.2,1.1,0.4
05/12/2026,1630,POET,13.73,-.17,-1.22%,13.695,14.97,12.97,66.06,3.18,1.74,5.31,7.5,5.2,15.84,2203.01,1497.01,1.31,100.4,100.4,2.9,0.0
05/12/2026,1630,POOL,182.33,-2.44,-1.32%,184.90,186.08,181.10,28.22,0.43,0.4,211.56,224.93,165.05,205.72,-7112.05,-18110.01,14.05,75.2,88.2,-16.3,-22.6
05/12/2026,1630,PPLT,193.13,+.17,+0.09%,190.72,193.4694,187.82,58.68,0.42,0.43,180.57,179.72,171.05,196.55,4205.01,19347.01,1.1,57.1,54.1,0.0,0.0
05/12/2026,1630,PR,20.17,+.02,+0.10%,20.21,20.33,20.02,45.79,0.43,0.42,16.45,20.07,19.19,22.68,-3105.02,-1966.03,6.03,56.1,92.4,0.0,0.0
05/12/2026,1630,PRAA,16.78,-.36,-2.10%,17.14,17.35,16.64,28.69,0.59,0.62,10.33,20.39,16.75,22.79,-5107.01,-1664.01,18.01,52.1,68.1,0.0,0.0
05/12/2026,1630,PRGO,11.12,+.05,+0.45%,11.02,11.23,10.95,45.79,0.47,0.63,14.2,11.46,10.92,12.18,-2102.01,-1095.01,4.01,79.1,69.1,-0.2,0.0
05/12/2026,1630,PRMB,23.40,-.22,-0.93%,23.65,23.765,22.915,69.33,0.54,0.45,17.97,19.85,18.94,24.26,4204.01,2377.01,1.09,39.1,83.2,1.4,0.0
05/12/2026,1630,PRVA,23.01,+.25,+1.10%,22.64,23.03,22.47,44.84,0.26,0.39,21.1,23.11,22.48,25.17,-4107.01,-2247.01,7.01,31.1,25.1,0.0,0.0
05/12/2026,1630,PSA,311.28,-.27,-0.09%,312.01,312.34,307.00,60.67,0.26,0.27,284.67,301.94,294.19,317.8,3205.02,31312.03,3.09,80.1,76.2,0.0,2.2
05/12/2026,1630,PSCE,61.88,+.32,+0.52%,61.85,62.22,61.21,54.91,0.29,0.25,51.3,59.15,59.34,64.59,-2105.03,-5857.04,10.04,17.1,59.3,0.0,3.6
05/12/2026,1630,PSCI,169.4256,-2.5165,-1.46%,171.53,171.53,167.98,51.29,0.23,0.21,171.46,169.3,167.55,176.0,-1102.01,-16798.01,4.01,70.1,71.1,0.0,4.7
05/12/2026,1630,PSCU,63.0385,-.7434,-1.17%,63.51,63.51,63.035,41.29,0.15,NaN,57.91,65.82,63.07,66.66,-5104.01,-6304.01,20.01,0.0,40.1,-1.1,0.0
05/12/2026,1630,PSP,60.95,-.37,-0.60%,60.56,60.95,60.1735,52.33,0.25,0.19,61.9,60.0,59.26,63.03,-1101.01,6342.18,18.32,54.1,87.2,0.0,3.4
05/12/2026,1630,PSX,175.43,+.07,+0.04%,176.84,177.6499,175.10,56.41,0.38,0.36,154.0,158.0,159.95,187.15,1202.01,18141.06,7.22,73.1,85.4,1.1,6.0
05/12/2026,1630,PTLO,4.05,-.07,-1.70%,4.10,4.175,4.03,27.95,0.95,0.74,5.34,6.2,3.42,6.1,-6107.02,-403.01,14.03,75.1,90.4,0.0,-13.7
05/12/2026,1630,PVH,82.48,-.82,-0.98%,82.63,82.855,80.02,42.21,0.5,0.63,66.94,91.73,81.58,94.33,-6115.01,-8002.01,24.01,98.4,79.4,-8.4,-2.8
05/12/2026,1630,PYPL,45.44,+.37,+0.82%,44.94,45.70,44.35,38.95,0.38,0.37,38.46,49.17,43.05,51.4,-7109.01,-4435.01,16.03,33.1,64.1,-1.8,0.0
05/12/2026,1630,PZZA,34.07,+.69,+2.07%,33.49,34.62,32.40,46.69,0.5,0.66,30.2,35.86,30.46,37.72,-10111.02,-3059.02,18.02,86.4,64.1,-2.3,-3.9
05/12/2026,1630,QAT,18.81,-.29,-1.52%,18.90,18.90,18.7819,43.95,0.1,NaN,19.78,19.0,18.66,19.25,-1101.01,1923.03,3.08,0.0,37.1,-2.5,0.0
05/12/2026,1630,QBTS,22.35,-1.68,-6.99%,22.42,23.91,20.88,58.48,1.13,1.12,17.81,17.9,17.81,25.37,5207.01,2478.02,2.31,60.2,57.4,0.0,2.0
05/12/2026,1630,QCOM,210.31,-27.22,-11.46%,229.84,230.00,202.00,68.61,0.94,0.77,136.74,132.05,168.32,248.34,20225.02,24790.02,2.26,99.4,100.4,33.3,12.7
05/12/2026,1630,QMOM,79.19,-.73,-0.91%,79.44,79.44,77.31,61.41,0.29,0.21,68.93,75.24,74.12,81.52,6209.02,8047.02,2.1,63.2,82.1,0.2,0.3
05/12/2026,1630,QQQ,707.24,-6.05,-0.85%,708.22,710.18,696.64,77.66,0.16,0.26,593.34,645.52,665.08,726.21,13229.02,71459.02,3.31,82.1,50.1,18.9,17.5
05/12/2026,1630,QS,8.42,+.39,+4.86%,7.81,8.55,7.56,66.91,0.64,0.95,6.85,6.96,6.88,8.41,6209.01,855.01,1.1,51.1,35.1,0.4,0.3
05/12/2026,1630,QSR,78.30,+.07,+0.09%,78.73,79.015,77.12,50.38,0.31,0.25,65.43,78.39,76.73,81.76,-3102.01,-7712.01,5.01,37.1,92.4,0.0,0.0
05/12/2026,1630,QTUM,143.98,-3.84,-2.60%,145.54,145.99,140.3858,70.28,0.28,0.34,114.09,128.0,130.82,151.19,7209.02,14797.02,2.3,90.2,65.1,19.4,7.7
05/12/2026,1630,QUBT,11.78,+1.60,+15.72%,12.70,14.45,11.29,71.09,1.04,1.03,7.8,8.59,8.7,11.62,5207.01,1445.01,1.28,40.3,50.2,0.0,1.9
05/12/2026,1630,R,227.76,-4.71,-2.03%,232.17,234.28,224.93,47.05,0.5,0.39,203.94,225.15,223.12,256.93,-3107.01,-22493.01,12.01,74.1,91.4,0.0,3.8
05/12/2026,1630,RBLX,41.54,+.23,+0.56%,42.04,43.4758,41.455,28.41,0.88,0.65,60.33,52.62,33.98,54.22,-9114.05,-4095.02,15.06,50.1,94.4,-9.5,-22.5
05/12/2026,1630,RCL,258.12,-5.34,-2.03%,264.71,264.75,258.00,43.56,0.57,0.52,307.27,257.7,248.63,285.32,-1102.01,28386.03,3.1,77.1,92.2,0.0,0.0
05/12/2026,1630,RDNT,56.00,+.10,+0.18%,54.50,56.27,51.78,42.29,0.33,0.48,63.61,55.23,55.24,59.29,-3102.01,-5178.01,2.01,48.3,26.1,-2.9,1.1
05/12/2026,1630,REAL,9.35,-.62,-6.22%,9.87,9.87,9.15,35.73,0.95,0.84,10.58,11.58,9.3,13.38,-3103.01,-915.01,4.01,44.1,82.2,0.0,0.0
05/12/2026,1630,REG,77.61,-.11,-0.14%,78.14,78.14,77.13,44.3,0.16,0.18,74.72,78.47,76.44,80.44,-7110.01,-7698.02,17.02,8.1,61.2,-4.8,0.0
05/12/2026,1630,REGN,723.41,+10.64,+1.49%,716.39,725.60,710.02,47.31,0.33,0.41,770.0,736.71,671.17,756.54,-11201.08,-68895.09,29.09,64.1,65.4,-1.7,-2.1
05/12/2026,1630,REXR,35.45,-.44,-1.23%,35.96,35.985,35.43,48.64,0.22,0.35,36.32,34.74,35.01,36.47,2101.02,3647.02,2.06,50.1,36.1,-5.4,3.3
05/12/2026,1630,REZ,91.8694,+.4694,+0.51%,91.83,91.9499,90.86,67.19,0.17,0.15,87.65,85.83,88.33,93.53,8214.03,9195.01,3.35,12.1,73.2,5.4,5.6
05/12/2026,1630,RGTI,19.07,-1.44,-7.02%,20.50,21.02,18.2301,56.2,0.95,1.07,14.79,16.1,15.82,21.06,4207.01,2102.01,1.28,50.2,48.2,0.0,4.8
05/12/2026,1630,RH,131.29,+2.09,+1.62%,127.77,132.84,126.2201,48.24,0.51,0.82,192.02,134.34,121.48,139.03,1201.03,-12150.06,16.06,62.2,20.1,-3.8,0.3
05/12/2026,1630,RHP,107.50,-1.20,-1.10%,107.64,109.10,107.235,61.09,0.24,0.34,98.88,99.44,101.56,114.33,7101.03,11170.03,3.28,70.1,53.1,5.6,4.6
05/12/2026,1630,RIOT,24.51,-.83,-3.28%,24.54,25.01,23.41,72.42,0.93,0.86,13.94,17.79,17.22,27.02,7208.02,2586.02,2.09,25.1,80.1,5.5,5.5
05/12/2026,1630,RIVN,13.95,-.13,-0.92%,14.01,14.19,13.64,34.56,0.47,0.58,13.94,16.26,12.52,16.17,-7113.03,-1364.01,15.06,8.1,48.1,-8.3,-8.3
05/12/2026,1630,ROBO,86.04,-.98,-1.13%,86.24,86.96,84.64,68.95,0.26,0.22,75.71,77.57,79.07,88.77,13209.01,8749.02,2.3,41.1,81.1,7.2,9.0
05/12/2026,1630,ROK,455.08,-1.58,-0.35%,456.58,457.89,447.00,69.44,0.42,0.32,375.72,399.06,391.77,481.31,6206.02,46211.02,2.1,47.1,90.4,3.3,0.0
05/12/2026,1630,ROKU,127.63,-.44,-0.34%,128.02,128.02,125.2501,68.5,0.4,0.5,78.53,112.59,111.95,136.35,7209.02,13139.02,3.31,19.1,46.1,8.5,4.6
05/12/2026,1630,ROST,217.67,+3.12,+1.45%,214.80,217.99,211.3017,43.19,0.25,0.38,193.32,224.22,216.19,231.9,-5104.01,-21130.01,4.01,97.2,63.1,-0.1,0.0
05/12/2026,1630,RRC,40.90,-.07,-0.17%,41.20,41.20,40.41,41.46,0.28,0.37,35.71,41.58,39.8,43.7,-5105.01,-4041.01,9.03,46.1,23.1,-0.1,0.0
05/12/2026,1630,RRR,53.03,+.47,+0.89%,52.66,53.65,52.03,42.33,0.29,0.4,59.88,53.58,50.83,55.96,-10102.06,-5158.06,25.06,56.1,33.1,-3.2,-0.4
05/12/2026,1630,RSI,27.51,-.62,-2.20%,28.07,28.25,27.445,64.51,0.62,0.52,15.51,22.63,24.14,31.59,16101.06,2924.06,8.22,27.1,83.4,7.8,9.9
05/12/2026,1630,RSP,203.81,-.18,-0.09%,203.73,204.09,202.17,59.85,0.1,0.05,200.39,200.38,200.82,205.59,5206.02,20482.02,2.31,0.1,10.1,0.0,1.7
05/12/2026,1630,RSPG,104.77,+.77,+0.74%,104.80,105.11,103.79,50.85,0.29,0.26,93.72,101.49,99.78,110.7,-3105.03,-10039.04,9.04,91.1,100.4,0.0,0.0
05/12/2026,1630,RSPU,79.52,+.29,+0.37%,79.11,79.72,78.7851,42.51,0.16,0.22,79.25,79.19,78.0,82.45,-4105.01,-7852.03,8.03,92.4,87.2,-1.0,-1.7
05/12/2026,1630,RTO,32.73,-.35,-1.06%,32.27,32.785,32.12,44.63,0.19,0.28,30.04,33.36,32.67,34.25,-3103.01,-3212.01,5.01,8.1,2.1,-0.3,0.0
05/12/2026,1630,RUT,2842.8311,-27.8093,-0.97%,2861.8292,2861.8292,2799.6928,61.93,0.17,0.24,2604.5,2741.54,2745.01,2916.45,7209.02,288821.02,2.31,56.1,28.1,0.2,3.5
05/12/2026,1630,RVLV,18.68,+.05,+0.27%,18.51,19.15,18.36,25.77,0.76,0.59,24.1,25.96,16.66,24.95,-9112.02,-1836.01,18.02,33.1,100.4,-11.3,-12.6
05/12/2026,1630,RVX,23.85,-.01,-0.04%,24.39,24.88,23.59,46.28,0.63,NaN,22.57,24.11,21.48,25.25,2202.01,2488.01,1.05,0.0,23.1,-1.8,0.0
05/12/2026,1630,S,15.74,-.59,-3.61%,15.96,16.3176,15.705,58.85,0.49,0.69,12.8,13.53,13.96,17.13,11208.02,1672.02,2.22,86.2,57.1,13.0,4.0
05/12/2026,1630,SBAC,213.61,-3.65,-1.68%,218.62,219.59,212.75,51.2,0.28,0.35,193.48,210.53,213.06,222.24,-1102.01,-21275.01,5.01,88.3,65.1,-1.3,1.8
05/12/2026,1630,SBUX,106.58,+.84,+0.79%,105.57,107.16,104.335,66.03,0.33,0.31,93.6,97.57,98.14,111.33,5210.05,10804.02,7.11,13.1,80.2,6.0,3.3
05/12/2026,1630,SCJ,105.41,-.13,-0.12%,105.30,105.505,104.845,65.58,0.17,0.19,104.36,97.87,98.57,106.98,6206.01,10597.02,2.13,45.2,74.1,0.0,0.0
05/12/2026,1630,SE,96.02,+11.15,+13.14%,94.71,98.0965,90.25,63.51,0.61,0.53,105.6,82.04,81.18,93.83,1201.01,9810.01,1.02,49.3,84.1,0.0,0.1
05/12/2026,1630,SFD,25.52,+.08,+0.31%,25.48,25.62,25.24,35.75,0.31,0.38,24.21,28.72,23.8,28.24,-5112.07,-2524.01,28.08,71.3,88.4,-2.9,-14.7
05/12/2026,1630,SFM,86.89,+5.31,+6.51%,82.00,87.40,81.17,68.25,0.61,0.43,65.01,70.49,71.76,89.81,6209.01,8740.01,1.1,37.1,92.4,12.2,0.0
05/12/2026,1630,SG,6.51,-.23,-3.41%,6.71,6.71,6.16,49.56,0.58,0.77,5.0,6.52,6.45,7.09,-6102.01,-616.01,2.01,27.1,22.1,-1.0,1.0
05/12/2026,1630,SHAK,66.03,+1.53,+2.37%,64.35,67.47,64.25,24.79,1.25,0.47,86.91,97.0,58.28,101.71,-9108.01,-6425.01,8.01,31.1,100.4,-2.6,-7.7
05/12/2026,1630,SHEL,85.35,-.01,-0.01%,85.50,85.59,85.06,40.59,0.29,0.28,76.94,86.09,82.72,91.23,-4105.02,-8382.03,26.03,79.1,92.2,0.0,-2.5
05/12/2026,1630,SHO,10.24,-.03,-0.29%,10.27,10.29,10.11,64.04,0.22,0.31,8.98,9.46,9.57,10.69,15213.02,1056.02,2.27,51.1,16.1,4.4,1.4
05/12/2026,1630,SHOC,105.638,-2.413,-2.23%,106.20,106.80,102.3301,73.82,0.35,NaN,74.52,89.22,94.66,110.6,12210.02,10828.02,3.3,0.0,71.1,24.6,13.3
05/12/2026,1630,SHOO,38.55,-.34,-0.87%,38.61,38.805,37.44,53.15,0.4,0.44,37.96,37.42,36.18,40.86,4205.02,4097.02,2.07,4.1,38.1,0.0,0.1
05/12/2026,1630,SHOP,99.84,-2.70,-2.63%,102.39,103.19,98.565,33.7,0.85,0.56,104.92,121.66,92.88,128.67,-7106.01,-9857.01,16.04,43.1,99.4,-4.7,-3.1
05/12/2026,1630,SHY,82.16,-.06,-0.07%,82.18,82.18,82.15,39.54,0.02,0.03,82.87,82.45,81.98,82.55,-5111.06,-8215.01,18.06,46.1,53.1,-5.0,-6.5
05/12/2026,1630,SHYG,42.39,-.04,-0.09%,42.37,42.39,42.30,46.16,0.03,NaN,42.79,42.53,42.23,42.68,-6108.01,-4230.01,23.01,4.1,38.1,-3.8,0.0
05/12/2026,1630,SIL,102.71,+.76,+0.75%,100.03,103.305,97.17,62.94,0.56,0.55,93.96,91.71,83.48,104.7,5205.01,10331.01,1.1,65.1,72.1,0.0,0.0
05/12/2026,1630,SILJ,34.18,+.40,+1.18%,33.00,34.3299,32.09,63.74,0.58,0.6,30.99,29.72,27.5,34.51,5205.01,3433.01,1.1,55.1,70.1,0.0,0.0
05/12/2026,1630,SITM,847.19,-54.29,-6.02%,874.88,881.1599,795.26,79.47,1.03,0.85,389.21,518.3,572.62,943.18,19209.01,90181.02,2.3,72.1,99.4,18.4,10.5
05/12/2026,1630,SIVR,82.54,+.63,+0.77%,80.31,82.58,78.95,66.72,0.49,0.65,68.43,70.94,66.91,83.23,5205.01,8258.01,1.1,73.1,68.1,0.0,0.0
05/12/2026,1630,SJM,100.33,+1.11,+1.12%,100.26,100.77,99.27,61.59,0.18,0.36,104.27,94.4,95.76,101.42,3204.01,10077.01,1.04,96.3,12.1,2.6,5.7
05/12/2026,1630,SKYY,125.585,-2.575,-2.01%,127.47,127.73,124.20,59.56,0.32,0.33,109.69,114.99,116.38,135.4,5101.04,13111.04,4.22,72.1,84.3,15.0,2.6
05/12/2026,1630,SLG,43.65,-.57,-1.29%,44.30,44.30,42.96,55.92,0.39,0.43,36.12,41.44,41.52,46.16,4101.02,4551.02,2.3,48.1,69.1,0.0,2.2
05/12/2026,1630,SLV,78.55,+.55,+0.71%,76.50,78.62,75.145,66.64,0.5,0.67,65.14,67.52,63.65,79.23,5205.01,7862.01,1.1,73.1,68.1,0.0,0.0
05/12/2026,1630,SLX,107.72,-.94,-0.87%,108.22,108.2999,106.38,66.53,0.23,0.31,96.05,100.48,100.28,111.18,16209.02,10905.02,3.46,77.1,50.1,2.5,0.2
05/12/2026,1630,SMCI,32.79,-.73,-2.18%,33.04,33.48,31.24,60.15,1.01,0.86,29.35,26.06,25.32,37.14,4207.02,3637.02,2.35,63.1,90.1,1.4,0.0
05/12/2026,1630,SMH,561.25,-15.06,-2.61%,565.005,570.40,542.67,73.96,0.36,0.48,397.77,467.17,502.73,591.24,12229.02,57806.02,4.3,97.2,88.1,26.4,17.7
05/12/2026,1630,SMIN,65.77,-1.49,-2.22%,65.86,65.99,65.45,48.79,0.24,0.25,66.55,66.0,65.13,69.02,-1102.01,-6545.01,3.01,85.1,85.1,0.0,0.1
05/12/2026,1630,SMPL,11.34,-.03,-0.26%,11.46,11.69,11.24,31.77,0.5,0.38,15.3,12.06,11.06,13.92,-5107.01,-1124.01,11.01,27.1,83.3,-0.3,0.0
05/12/2026,1630,SN,108.41,+.92,+0.86%,107.03,108.97,104.74,41.49,0.31,0.5,124.34,112.71,107.02,118.24,-5105.01,-10474.01,6.01,54.1,26.1,-4.0,0.0
05/12/2026,1630,SNAP,5.55,-.20,-3.48%,5.70,5.7483,5.435,46.54,0.58,0.7,4.65,5.46,5.46,6.34,-4102.01,-544.01,4.01,47.1,64.1,-0.1,0.0
05/12/2026,1630,SNDR,28.94,-.90,-3.02%,29.86,29.97,28.59,46.52,0.38,0.36,27.69,29.68,29.05,31.5,-2102.01,-2859.01,8.01,25.1,63.1,0.0,5.3
05/12/2026,1630,SNOW,151.98,+.48,+0.32%,153.00,154.00,149.56,53.44,0.58,0.87,169.19,134.3,134.43,157.2,4204.01,15400.01,1.05,99.4,73.3,0.0,0.5
05/12/2026,1630,SOFI,15.90,-.36,-2.21%,16.07,16.33,15.55,40.88,0.71,0.58,18.52,17.93,13.77,18.48,-3111.08,-1552.03,18.08,3.1,87.4,-11.5,-8.5
05/12/2026,1630,SOLZ,9.56,-.36,-3.63%,9.58,9.625,9.4412,61.25,0.47,0.58,7.79,8.42,8.17,9.94,6206.01,993.02,2.1,20.1,5.1,0.1,0.0
05/12/2026,1630,SOYB,25.31,+.23,+0.92%,25.19,25.40,25.18,65.93,0.11,0.09,23.19,24.36,24.43,25.48,2203.01,2540.01,1.18,5.1,32.1,3.6,2.2
05/12/2026,1630,SPDN,8.80,+.01,+0.11%,8.83,8.89,8.80,27.01,0.1,NaN,9.32,9.06,8.68,9.16,-13130.02,-877.02,31.02,69.1,16.1,-4.9,-0.3
05/12/2026,1630,SPG,205.66,+4.66,+2.32%,205.22,206.46,202.7406,59.24,0.2,0.26,191.19,198.9,200.2,206.48,1201.01,20646.01,1.09,60.3,68.1,-3.9,0.0
05/12/2026,1630,SPGI,424.17,+3.17,+0.75%,422.56,430.13,421.16,45.1,0.16,0.31,381.61,433.0,410.4,441.87,-8113.02,-41626.03,11.03,71.1,34.1,-2.9,-1.2
05/12/2026,1630,SPHD,49.80,+.19,+0.38%,49.73,49.94,49.275,50.61,0.12,0.07,51.84,49.17,49.31,50.51,-2103.01,-4928.01,8.01,6.1,60.2,0.0,0.0
05/12/2026,1630,SPHR,135.96,+9.05,+7.13%,125.13,136.68,124.11,54.06,0.56,0.59,106.08,125.37,125.34,147.19,-2104.01,-12411.01,5.01,61.1,72.1,0.8,0.0
05/12/2026,1630,SPLV,73.10,+.44,+0.61%,72.74,73.38,72.42,44.03,0.1,0.11,75.14,72.91,72.29,74.52,-4107.01,-7242.01,8.01,48.1,62.3,-1.8,-2.7
05/12/2026,1630,SPMO,144.45,-1.62,-1.11%,144.59,145.12,141.055,75.48,0.23,0.21,117.06,127.46,132.79,149.11,16213.02,14679.02,2.31,88.2,90.2,17.2,16.4
05/12/2026,1630,SPOT,432.75,+13.25,+3.16%,422.55,441.00,420.647,38.13,0.57,0.51,438.0,488.81,361.87,491.85,-5201.08,-41124.05,18.09,71.1,82.2,-15.9,-11.9
05/12/2026,1630,SPX,7400.96,-11.88,-0.16%,7390.63,7409.57,7338.54,73.68,0.1,0.18,6775.5,7046.55,7124.36,7501.84,13230.02,742897.02,3.31,51.1,31.1,3.2,7.7
05/12/2026,1630,SPY,738.18,-1.12,-0.15%,736.89,738.84,731.83,74.57,0.1,0.18,675.78,702.28,710.38,747.99,13230.02,74079.02,3.31,54.1,24.1,3.3,8.0
05/12/2026,1630,STKL,6.50,0,0.00%,0,0,0,65.19,0.03,0.18,4.64,6.47,6.47,6.51,-2201.01,-647.01,6.01,1.1,3.1,0.0,0.0
05/12/2026,1630,STLD,232.80,-3.17,-1.34%,234.32,235.1499,230.26,65.9,0.34,0.4,185.0,220.66,222.73,243.1,14101.14,24373.05,14.38,49.1,53.1,0.0,14.7
05/12/2026,1630,STZ,142.53,+.12,+0.08%,142.72,144.21,141.33,34.85,0.31,0.31,148.83,153.42,139.45,158.74,-9117.01,-14133.01,21.01,33.1,57.1,-11.0,-5.8
05/12/2026,1630,SU,66.56,+1.44,+2.21%,65.45,66.71,65.28,55.68,0.4,0.43,54.29,62.68,61.96,70.04,-2201.03,-6274.04,6.04,98.3,99.4,0.0,0.0
05/12/2026,1630,SVV,7.41,-.13,-1.72%,7.55,7.63,7.34,35.32,0.49,0.67,9.73,8.31,7.31,8.95,-8104.01,-734.01,16.01,34.1,69.3,-1.5,0.0
05/12/2026,1630,SWBI,14.42,+.02,+0.14%,14.41,14.66,14.26,42.64,0.21,0.53,11.54,14.7,14.16,15.62,-6107.01,-1426.01,7.01,67.2,6.1,0.0,0.0
05/12/2026,1630,SWKS,66.31,-3.82,-5.45%,69.51,69.94,64.645,55.69,0.7,0.47,58.14,60.58,59.56,74.41,16101.06,7281.06,6.28,60.1,100.4,2.0,1.5
05/12/2026,1630,SXT,115.95,-1.38,-1.18%,117.20,118.485,115.58,61.69,0.86,0.34,82.6,94.18,108.72,137.04,-1108.07,12935.11,11.46,60.1,100.4,1.4,14.6
05/12/2026,1630,SYF,70.84,+.56,+0.80%,70.19,71.38,69.10,40.48,0.28,0.33,69.97,75.65,69.32,77.1,-7114.01,-6910.01,16.01,27.1,58.1,-5.7,0.0
05/12/2026,1630,SYY,72.98,+.41,+0.56%,72.67,73.4199,71.94,41.74,0.21,0.26,88.27,74.67,70.75,75.74,-5112.04,-7158.04,16.04,80.1,69.1,-5.5,-0.8
05/12/2026,1630,T,25.23,+.36,+1.45%,25.02,25.44,24.86,38.77,0.25,0.27,27.54,24.96,24.62,26.49,-5107.01,-2486.01,31.01,48.1,74.1,-2.9,0.0
05/12/2026,1630,TAN,61.65,-1.40,-2.22%,62.30,62.63,60.49,61.22,0.36,0.45,56.42,55.53,56.65,63.93,13209.01,6414.02,2.26,77.2,41.1,12.8,5.8
05/12/2026,1630,TAP,41.34,-.10,-0.24%,41.83,41.94,40.70,39.89,0.25,0.33,46.3,41.91,40.7,43.32,-1103.01,-4070.01,3.01,62.1,58.1,-7.0,0.0
05/12/2026,1630,TBIL,49.91,0,0.00%,49.91,49.92,49.91,50.17,0.01,NaN,49.92,49.96,49.81,49.97,1203.03,-4985.1,18.08,0.2,35.2,-0.4,-3.2
05/12/2026,1630,TCEHY,58.30,-1.18,-1.98%,58.35,58.695,57.91,30.97,0.24,NaN,66.48,60.77,57.08,62.11,-1103.01,-5791.01,17.09,0.0,39.1,-16.7,-3.7
05/12/2026,1630,TCNNF,8.1000,-.42,-4.93%,8.5000,8.5400,8.0000,49.09,1.06,NaN,5.99,6.94,7.63,10.56,-2104.01,-800.01,11.01,0.0,75.4,0.0,10.5
05/12/2026,1630,TEAM,85.00,-2.31,-2.65%,87.31,88.20,83.38,57.16,1.16,0.76,75.01,65.2,66.15,104.37,5101.04,9500.04,6.22,71.1,98.4,13.7,3.4
05/12/2026,1630,TEVA,35.81,-.03,-0.08%,35.37,35.84,34.91,68.25,0.46,0.38,33.14,30.02,32.2,39.09,7211.04,3699.04,7.13,21.1,79.4,14.4,7.3
05/12/2026,1630,TFLO,50.55,+.01,+0.02%,50.55,50.55,50.54,48.7,0.01,0.02,50.53,50.58,50.46,50.63,-3201.06,-5050.07,9.06,59.2,22.2,0.0,-2.4
05/12/2026,1630,TGS,29.85,-.43,-1.42%,30.24,30.555,29.47,43.65,0.39,0.58,27.74,29.9,28.91,31.39,-2101.02,-2904.02,5.02,31.1,40.2,0.0,0.0
05/12/2026,1630,TGT,121.80,+3.36,+2.84%,121.00,122.75,120.06,44.36,0.34,0.46,111.86,127.47,119.25,132.82,-4104.01,-12006.01,5.01,70.2,73.1,-0.3,0.0
05/12/2026,1630,THC,195.88,+4.20,+2.19%,191.68,197.93,189.25,54.19,0.41,0.45,223.8,170.69,176.5,200.56,4207.01,19793.01,1.09,69.1,70.1,0.0,0.0
05/12/2026,1630,THD,70.22,-.76,-1.07%,70.11,70.43,69.67,50.06,0.24,0.2,69.74,67.9,68.61,72.76,-1101.01,7244.04,4.14,20.1,67.1,0.0,1.5
05/12/2026,1630,TIGR,6.26,-.12,-1.88%,6.32,6.37,6.15,39.75,0.51,0.8,7.8,6.5,6.11,6.99,-7104.01,-615.01,18.01,83.2,37.2,-8.6,-0.7
05/12/2026,1630,TIP,111.12,-.19,-0.17%,111.28,111.28,111.05,47.87,0.03,0.08,110.88,111.32,110.81,111.77,-5102.04,-11095.04,13.04,98.2,15.1,-0.1,0.0
05/12/2026,1630,TJX,150.26,+1.35,+0.91%,149.00,151.05,147.11,34.35,0.16,0.34,151.98,155.72,148.53,159.33,-14117.01,-14711.01,23.01,100.2,40.1,-1.1,-6.7
05/12/2026,1630,TKO,183.33,-1.17,-0.63%,185.55,186.88,182.24,38.97,0.22,0.37,199.2,182.12,182.3,189.55,-4103.01,-18224.01,3.01,56.1,13.1,-0.3,2.1
05/12/2026,1630,TKR,117.12,-.27,-0.23%,116.81,117.17,114.01,63.45,0.44,0.39,105.18,106.1,104.84,123.05,4206.02,11919.02,3.42,81.1,99.4,4.5,0.0
05/12/2026,1630,TLT,84.99,-.57,-0.67%,85.19,85.20,84.92,39.15,0.08,0.12,88.35,86.19,84.52,86.77,-1102.01,-8476.07,14.07,12.1,13.1,-0.8,-0.6
05/12/2026,1630,TME,9.07,-.12,-1.31%,9.60,9.91,8.96,37.87,0.37,0.52,14.91,9.19,8.81,9.56,-6104.01,991.01,1.09,69.1,48.1,-8.4,0.0
05/12/2026,1630,TMO,459.30,+6.70,+1.48%,454.34,463.0952,452.85,39.53,0.42,0.32,493.64,455.6,433.48,485.88,-5102.1,-44788.02,16.11,54.1,84.4,-15.6,0.0
05/12/2026,1630,TMUS,193.30,+2.45,+1.28%,191.83,196.235,189.78,46.55,0.36,0.3,212.05,182.01,185.28,201.03,2201.09,19964.09,9.11,56.1,92.4,-0.7,0.0
05/12/2026,1630,TNET,41.45,-.44,-1.05%,41.47,42.655,41.17,51.9,0.48,0.49,38.44,38.0,38.88,45.86,-1102.05,4524.07,7.22,62.1,84.1,0.0,5.5
05/12/2026,1630,TNX:CGI,44.63,+.53,+1.20%,44.37,44.67,44.23,61.86,0.14,NaN,40.25,42.64,43.04,44.97,9202.01,4467.01,7.18,0.0,33.1,0.1,2.2
05/12/2026,1630,TOKE,5.24,0,0.00%,0,0,0,45.92,0.28,0.88,5.85,4.96,5.12,5.4,-1102.02,-508.02,16.02,56.2,35.2,-0.6,0.5
05/12/2026,1630,TOST,23.26,-.93,-3.84%,23.62,23.67,22.925,31.15,0.71,0.51,25.91,27.41,22.98,30.57,-3103.01,-2293.01,4.01,41.1,99.4,0.0,0.0
05/12/2026,1630,TPB,92.96,+.25,+0.27%,92.70,94.821,90.63,62.53,0.85,0.5,127.76,68.08,76.58,98.41,7209.01,9696.02,2.14,66.1,80.4,1.4,4.9
05/12/2026,1630,TPL,401.39,-1.24,-0.31%,405.18,409.99,389.385,35.68,0.29,0.47,406.8,427.39,383.93,448.22,-6108.01,-38939.01,4.01,58.1,8.1,0.0,0.0
05/12/2026,1630,TPR,131.73,-1.61,-1.21%,132.00,132.5025,128.34,38.04,0.57,0.39,150.0,144.42,126.63,150.44,-4104.01,-12834.01,18.01,36.1,91.4,-4.5,-9.4
05/12/2026,1630,TPYP,42.59,+.4386,+1.04%,42.13,42.66,42.13,55.68,0.17,0.2,39.73,40.73,40.87,43.93,-1201.04,4342.06,8.18,39.1,97.4,0.0,0.4
05/12/2026,1630,TRIP,9.45,-.21,-2.17%,9.60,9.725,9.41,31.09,0.48,0.73,9.46,10.73,9.51,11.83,-3103.01,-941.01,4.01,88.1,49.1,0.0,-0.6
05/12/2026,1630,TRP,66.30,+.79,+1.21%,65.83,66.33,65.47,63.48,0.22,0.26,60.72,59.67,62.34,69.94,6201.07,6731.08,8.18,69.1,88.4,6.6,9.4
05/12/2026,1630,TRU,69.20,-.79,-1.13%,70.34,71.38,68.78,43.57,0.35,0.5,68.52,70.95,67.24,73.76,1102.04,-6725.06,16.1,75.1,37.1,-10.3,0.0
05/12/2026,1630,TSLA,433.45,-11.55,-2.60%,441.41,447.80,422.26,67.1,0.42,0.58,400.51,364.02,368.26,451.89,7208.01,44780.01,1.24,60.2,41.2,0.1,0.4
05/12/2026,1630,TSM,397.28,-7.26,-1.79%,397.75,402.235,386.12,55.44,0.42,0.46,322.1,370.64,383.96,422.97,-1101.01,-38612.01,12.01,68.1,83.1,3.5,10.0
05/12/2026,1630,TSN,67.46,+.38,+0.57%,67.45,68.16,66.91,59.36,0.33,0.24,62.18,63.53,62.67,70.89,2207.05,6893.05,5.07,41.1,94.4,10.6,0.0
05/12/2026,1630,TT,467.66,-8.84,-1.86%,473.77,473.83,464.045,49.22,0.28,0.31,452.55,474.76,462.71,492.75,-5104.01,-46405.01,4.01,72.1,63.1,-3.8,0.0
05/12/2026,1630,TTD,21.14,-.38,-1.77%,21.765,21.88,21.035,38.81,0.61,0.69,24.84,22.13,21.04,24.9,-3105.01,-2104.01,5.01,50.1,72.1,0.0,0.0
05/12/2026,1630,TTE,91.76,+1.07,+1.18%,91.02,91.96,90.95,55.27,0.36,0.28,75.66,88.71,87.92,94.27,-3201.03,-8773.04,9.04,73.1,97.4,0.0,3.0
05/12/2026,1630,TTWO,225.99,+4.52,+2.04%,224.36,228.79,221.70,64.65,0.29,0.59,188.65,206.45,210.07,230.9,5208.01,22879.01,1.32,100.4,70.1,0.7,2.0
05/12/2026,1630,TUA,20.70,-.09,-0.43%,20.70,20.72,20.68,36.9,0.07,0.2,21.84,21.03,20.59,21.14,-8102.01,-2068.01,18.07,80.2,66.1,-5.8,-2.1
05/12/2026,1630,TUR,42.89,-.85,-1.94%,43.21,43.26,42.51,55.8,0.21,0.32,40.65,41.94,41.85,44.02,4101.02,4398.02,2.07,47.1,49.1,0.0,0.5
05/12/2026,1630,TWLO,192.78,-5.81,-2.93%,197.03,198.47,191.47,71.86,0.87,0.5,105.15,138.78,149.47,222.65,13209.03,20371.03,4.22,43.1,90.4,27.8,9.7
05/12/2026,1630,TXG,20.92,+.42,+2.05%,20.50,21.2025,20.27,44.76,0.67,0.7,17.26,20.62,19.83,22.98,-3103.01,-2027.01,20.01,10.1,58.1,-10.9,0.0
05/12/2026,1630,TXRH,183.57,+.03,+0.02%,184.35,185.10,180.70,71.2,0.48,0.29,176.11,156.92,151.98,185.69,4203.01,18510.01,1.06,37.1,100.4,0.9,-4.7
05/12/2026,1630,TXT,90.82,-.84,-0.92%,91.67,91.71,89.16,48.92,0.35,0.26,97.17,86.77,87.19,96.13,3101.07,9500.07,7.11,37.1,90.4,0.8,0.0
05/12/2026,1630,TYX:CGI,50.31,+.45,+0.90%,49.99,50.32,49.90,62.17,0.1,NaN,46.64,48.77,49.09,50.56,1202.01,5035.07,7.24,0.0,10.1,0.2,1.3
05/12/2026,1630,U,26.84,-.03,-0.11%,26.75,27.41,26.34,57.42,0.57,0.69,17.78,23.89,25.18,28.78,16102.02,2834.02,2.33,23.1,35.1,0.1,1.6
05/12/2026,1630,UA,4.90,-.98,-16.67%,5.111,5.12,4.665,28.99,0.79,0.55,6.63,5.95,5.16,6.44,-2102.01,-467.01,4.01,42.3,92.1,-1.0,0.0
05/12/2026,1630,UAA,5.03,-1.03,-17.00%,5.18,5.18,4.81,29.37,0.8,0.61,6.92,6.16,5.32,6.67,-2102.01,-481.01,4.01,56.4,92.1,-1.2,0.0
05/12/2026,1630,UAE,19.00,-.20,-1.04%,19.11,19.1786,18.865,45.71,0.27,0.19,21.48,18.93,18.78,19.75,-1102.01,-1886.01,3.01,86.1,83.1,-9.8,1.8
05/12/2026,1630,UAL,95.84,-.78,-0.81%,95.56,96.18,94.34,51.44,0.51,0.55,106.32,88.61,87.58,102.58,3206.03,10115.03,3.1,60.1,63.1,0.0,0.0
05/12/2026,1630,UBER,76.36,+.21,+0.28%,76.20,76.83,74.41,53.74,0.43,0.37,69.02,73.53,72.75,78.71,2202.04,8083.04,4.06,20.1,97.4,0.0,0.6
05/12/2026,1630,UFO,55.59,-.71,-1.26%,55.42,56.28,54.1001,63.01,0.44,0.51,41.94,49.83,48.73,56.82,3203.01,5628.01,1.1,97.2,82.1,0.0,0.0
05/12/2026,1630,UGA,122.68,+3.11,+2.60%,122.66,123.08,121.715,66.7,0.43,0.65,67.44,105.01,109.77,128.13,1202.01,12460.07,10.18,85.1,86.1,0.0,8.8
05/12/2026,1630,UHAL,50.70,-1.24,-2.39%,51.83,51.96,50.61,47.38,0.25,0.47,47.84,52.28,49.76,53.45,3101.02,5331.03,3.06,78.4,37.1,-1.0,0.0
05/12/2026,1630,UHS,169.63,+1.40,+0.83%,168.14,172.365,166.05,42.34,0.44,0.34,228.02,170.3,157.41,179.97,-8201.07,-16309.07,23.09,36.1,86.4,-3.8,0.0
05/12/2026,1630,UL,57.92,+.68,+1.19%,57.96,58.345,57.665,45.82,0.25,0.25,71.45,57.05,56.67,60.06,-1103.02,-5702.02,5.02,66.1,79.1,0.3,0.1
05/12/2026,1630,ULS,97.25,-.48,-0.49%,97.21,97.98,94.11,58.61,0.62,0.38,68.38,88.01,86.47,108.2,5101.04,10485.04,4.23,52.1,95.4,9.4,0.0
05/12/2026,1630,ULTA,505.20,-6.78,-1.32%,509.02,511.465,493.255,34.4,0.28,0.52,660.0,531.01,491.45,551.05,-4112.01,-49326.01,15.01,100.2,56.1,-2.4,-5.4
05/12/2026,1630,UNG,10.91,-.31,-2.76%,10.99,11.005,10.78,50.15,0.4,0.51,11.54,10.18,10.13,11.25,2204.02,1125.02,2.09,6.1,18.1,0.0,0.0
05/12/2026,1630,UNH,396.39,+11.95,+3.11%,382.85,397.415,382.01,84.56,0.3,0.32,275.81,348.95,355.94,397.9,11204.01,39742.01,1.31,6.1,36.1,0.0,19.9
05/12/2026,1630,UNP,265.60,+2.25,+0.85%,264.45,266.9799,261.0401,58.69,0.34,0.24,258.16,248.91,257.13,277.59,-2104.01,27152.11,11.38,51.1,100.4,0.0,10.2
05/12/2026,1630,UPBD,17.96,-.03,-0.17%,17.99,18.14,17.555,40.46,0.39,0.54,19.45,19.13,17.55,19.88,-5108.01,-1756.01,9.01,54.1,17.1,-2.1,0.0
05/12/2026,1630,UPS,98.44,-1.56,-1.56%,100.385,100.385,96.90,41.7,0.48,0.31,114.21,105.27,93.03,109.36,-3107.05,-9652.06,8.06,34.1,99.4,0.0,-3.0
05/12/2026,1630,UPST,27.84,-.85,-2.96%,28.40,28.9218,27.5701,40.16,0.75,0.75,29.12,31.98,25.92,34.16,-5112.02,-2757.01,16.04,14.1,68.2,-2.8,0.0
05/12/2026,1630,URA,54.35,-2.88,-5.03%,55.705,55.705,52.61,49.95,0.61,0.58,49.59,54.78,51.99,58.15,-1101.01,-5261.01,4.01,62.1,91.2,0.0,0.0
05/12/2026,1630,URBN,67.01,-1.39,-2.03%,67.74,67.74,64.73,43.87,0.44,0.67,66.93,71.74,65.07,74.33,-4102.01,-6473.01,16.01,92.2,61.3,-4.7,0.0
05/12/2026,1630,URI,955.76,+17.61,+1.88%,947.00,967.36,931.50,65.23,0.77,0.31,848.37,801.26,895.95,1068.52,-1107.06,100112.13,13.28,19.1,99.4,0.0,13.4
05/12/2026,1630,URNJ,30.97,-1.60,-4.91%,31.80,31.80,29.7614,48.95,0.64,0.63,30.6,31.07,29.02,33.03,-1101.01,3318.02,2.09,61.1,67.1,-1.1,0.0
05/12/2026,1630,URNM,65.50,-2.69,-3.94%,66.98,67.09,63.28,48.04,0.61,0.55,66.01,67.0,62.23,69.87,-1101.01,-6328.01,4.01,54.1,85.1,-1.3,0.0
05/12/2026,1630,USCI,102.69,+1.65,+1.63%,101.50,102.69,101.50,70.24,0.18,0.34,79.51,97.15,97.31,102.78,2202.01,10269.01,1.04,90.1,75.1,0.5,9.5
05/12/2026,1630,USD/JPY,157.609,-.023,-0.01%,157.598,157.609,157.598,47.503,0.1,NaN,158.582,155.495,154.624,158.386,1203.01,-15502.08,14.08,0.0,86.4,-7.2,-0.5
05/12/2026,1630,USFD,83.97,+.36,+0.43%,83.71,85.10,83.45,32.94,0.34,0.28,89.42,90.65,81.8,94.93,-4107.01,-8345.01,5.01,48.1,88.1,1.0,-3.1
05/12/2026,1630,USPH,60.85,+1.43,+2.41%,59.35,63.19,59.35,26.46,0.81,0.36,84.37,72.29,54.65,76.79,-3104.02,-5890.02,5.02,31.1,100.4,0.0,-19.5
05/12/2026,1630,UTI,37.67,+.92,+2.50%,36.62,38.00,36.40,54.86,0.47,0.42,26.46,35.02,34.84,38.67,1202.01,-3433.03,5.03,7.1,44.1,0.0,0.0
05/12/2026,1630,UTZ,7.39,+.18,+2.50%,7.32,7.41,7.22,43.44,0.51,0.54,8.72,7.51,7.16,8.2,-3104.01,-722.01,4.01,79.1,84.1,3.2,-0.1
05/12/2026,1630,UUP,27.45,+.10,+0.37%,27.48,27.505,27.44,49.64,0.05,0.08,26.77,27.39,27.28,27.58,1201.01,-2731.03,10.03,22.1,19.1,-3.2,0.0
05/12/2026,1630,V,326.42,+3.23,+1.00%,324.32,328.91,324.20,59.59,0.32,0.24,312.82,304.5,308.92,340.75,-1202.03,33585.08,8.12,40.1,98.4,2.4,3.4
05/12/2026,1630,VET,12.47,+.23,+1.88%,12.48,12.565,12.25,49.03,0.67,0.64,9.66,12.12,11.32,13.9,-3105.03,-1158.03,9.03,73.1,94.4,0.0,0.0
05/12/2026,1630,VFC,17.59,-.35,-1.95%,17.69,17.825,17.245,40.53,0.54,0.65,19.74,19.14,16.41,19.91,-1102.01,-1725.01,16.1,65.4,68.4,-11.5,-7.3
05/12/2026,1630,VG,13.27,+1.65,+14.20%,12.58,13.595,12.105,53.39,0.96,0.84,8.55,11.84,11.18,13.96,1201.01,1360.01,1.02,31.1,83.1,-0.7,0.0
05/12/2026,1630,VGK,87.11,-.71,-0.81%,87.04,87.22,86.49,51.77,0.22,0.22,88.13,85.53,85.2,89.21,2101.04,8917.04,4.1,89.1,89.3,0.0,0.2
05/12/2026,1630,VHT,272.93,+4.98,+1.86%,268.74,274.0163,268.16,50.69,0.15,0.17,287.14,268.7,266.31,274.65,1201.01,27402.01,1.1,73.1,54.1,-5.0,0.0
05/12/2026,1630,VIK,80.60,-.31,-0.38%,80.56,81.04,79.597079,51.03,0.47,0.56,73.61,78.74,78.09,85.65,-1102.01,8541.03,3.1,94.3,81.1,-0.4,1.7
05/12/2026,1630,VIR,9.40,+.11,+1.18%,9.32,9.57,9.185,44.42,0.54,0.6,7.1,10.0,8.79,10.73,-6111.02,-912.02,16.02,14.1,21.1,-1.6,0.0
05/12/2026,1630,VIX,17.99,-.39,-2.12%,18.77,19.10,17.92,45.02,0.72,1.0,18.48,18.02,16.21,19.1,2202.01,1910.01,1.05,55.1,12.1,-1.1,0.0
05/12/2026,1630,VKTX,31.32,-.40,-1.26%,31.74,31.74,30.82,43.46,0.4,0.66,28.75,31.82,29.53,33.49,-10101.07,-2965.07,20.07,3.1,1.1,-6.1,0.0
05/12/2026,1630,VLO,247.12,-1.01,-0.41%,250.10,250.28,246.51,55.08,0.47,0.4,195.71,230.39,231.53,259.27,1202.01,-22725.04,8.04,75.1,96.4,0.0,4.1
05/12/2026,1630,VLTO,86.73,+.16,+0.18%,86.61,87.3754,85.935,43.0,0.24,0.26,91.61,85.98,85.13,89.51,-2103.01,9253.1,10.11,66.1,79.1,-7.2,0.0
05/12/2026,1630,VMC,279.33,-3.37,-1.19%,282.22,282.625,277.84,41.27,0.25,0.31,294.72,288.0,277.51,300.78,-6104.01,-27784.01,4.01,75.1,64.1,-0.8,0.0
05/12/2026,1630,VNM,19.43,-.06,-0.31%,19.41,19.44,19.21,59.59,0.23,0.38,18.48,18.77,18.65,19.9,3206.03,1978.03,3.45,75.1,28.1,0.0,1.0
05/12/2026,1630,VNO,31.23,+.19,+0.61%,31.07,31.43,30.495,62.05,0.32,0.39,28.08,28.28,28.88,32.84,4206.02,3222.02,2.06,36.1,45.1,4.6,0.7
05/12/2026,1630,VRNS,27.84,-.16,-0.57%,28.31,28.48,27.39,63.37,0.46,0.65,23.56,23.26,24.51,30.28,14220.03,2953.04,4.22,70.1,69.1,11.2,3.5
05/12/2026,1630,VRT,367.13,-.79,-0.21%,361.32,370.265,349.02,69.89,0.6,0.72,227.05,296.8,307.09,382.08,9209.01,37200.02,2.3,87.2,71.1,4.6,3.8
05/12/2026,1630,VRTX,448.29,+13.12,+3.01%,439.92,454.23,436.481,58.55,0.19,0.29,460.0,425.87,417.6,444.05,2203.01,45423.01,1.06,28.1,18.1,-1.2,0.0
05/12/2026,1630,VSCO,46.56,+.52,+1.13%,45.18,47.075,43.81,39.34,0.5,0.88,55.64,51.26,44.9,53.75,-5107.01,-4381.01,15.01,92.2,15.1,-4.1,0.0
05/12/2026,1630,VTR,88.53,+.84,+0.96%,88.00,89.27,87.50,63.6,0.25,0.2,84.06,79.37,83.9,92.3,5212.07,8927.01,9.14,20.1,84.4,7.6,1.0
05/12/2026,1630,VVIX,98.55,+.49,+0.50%,102.59,103.24,98.41,47.68,0.43,NaN,100.34,93.86,91.1,100.02,2203.01,10324.01,1.21,0.0,2.1,-0.9,0.0
05/12/2026,1630,VVV,32.80,-1.70,-4.93%,34.35,34.41,32.42,45.56,0.45,0.5,37.6,31.68,31.24,36.04,4101.02,3580.02,2.06,79.1,100.4,0.2,-1.0
05/12/2026,1630,VXD,16.21,-.57,-3.40%,16.49,17.32,15.94,41.68,0.76,NaN,14.32,17.85,14.39,17.6,2202.01,1732.01,1.08,0.0,11.1,-3.3,0.0
05/12/2026,1630,VXN:CGI,24.13,-.61,-2.47%,24.61,25.41,24.12,50.82,0.55,NaN,22.63,23.04,21.92,24.88,3203.01,2541.01,1.08,0.0,8.1,0.0,1.4
05/12/2026,1630,VXX,27.78,-.69,-2.42%,28.66,28.88,27.6313,38.96,0.26,0.72,26.66,28.78,27.1,29.28,1101.01,-2756.03,31.03,32.1,4.1,-1.4,0.0
05/12/2026,1630,VZ,47.93,+.70,+1.48%,47.70,48.175,47.27,53.64,0.24,0.24,47.83,45.17,46.31,48.61,7201.01,4849.08,8.21,65.1,77.1,0.0,4.4
05/12/2026,1630,W,60.49,-.89,-1.45%,60.56,61.1399,59.12,32.07,0.68,0.65,76.83,74.4,52.59,75.13,-6112.06,-5912.01,15.07,35.1,74.1,-5.3,-10.9
05/12/2026,1630,WBD,27.20,-.04,-0.15%,27.20,27.255,27.12,49.3,0.09,0.14,27.61,26.82,26.81,27.38,2206.02,-2660.11,29.11,2.1,6.1,-2.3,0.0
05/12/2026,1630,WCLD,28.20,-.78,-2.69%,28.92,29.045,28.09,50.74,0.47,0.23,26.99,25.87,26.41,31.01,5101.04,3016.04,4.22,21.1,90.3,8.2,2.5
05/12/2026,1630,WDAY,118.62,-2.80,-2.31%,122.53,124.00,118.4801,43.02,0.62,0.74,136.64,113.57,113.25,132.56,3102.04,13336.04,4.23,99.4,96.3,0.0,0.0
05/12/2026,1630,WEAT,25.49,+1.50,+6.25%,24.355,25.505,24.32,67.85,0.34,0.3,20.64,22.84,22.68,25.49,1202.01,2551.01,1.04,54.1,100.2,0.0,0.4
05/12/2026,1630,WELL,217.50,+2.66,+1.24%,213.86,218.135,213.52,60.34,0.27,0.26,206.68,198.88,205.6,224.48,5203.07,21881.08,8.14,62.1,99.4,3.0,3.0
05/12/2026,1630,WEN,7.90,+1.14,+16.86%,7.61,8.02,7.12,63.93,0.73,0.67,6.73,6.88,6.36,7.68,3201.01,802.01,1.06,99.3,93.2,0.1,-1.7
05/12/2026,1630,WEST,8.65,-.10,-1.14%,8.75,8.90,8.425,83.71,1.28,0.68,4.73,5.24,5.53,9.07,13213.01,890.01,1.33,42.1,100.4,7.8,5.5
05/12/2026,1630,WFC,75.18,+1.60,+2.17%,73.90,75.245,72.865,36.55,0.27,0.32,85.09,79.25,73.31,82.87,-7108.01,-7286.01,24.01,62.1,58.1,0.0,-0.1
05/12/2026,1630,WGMI,57.73,-.74,-1.27%,57.00,58.20,54.32,67.21,0.68,0.82,38.22,47.98,45.34,64.19,6209.02,6119.02,2.28,56.1,45.1,2.7,0.1
05/12/2026,1630,WGS,39.49,-.12,-0.30%,40.55,43.00,38.535,30.84,2.54,0.78,81.6,64.25,21.38,68.74,-3106.04,-3498.04,16.04,45.1,99.4,0.0,-23.8
05/12/2026,1630,WH,81.82,-.24,-0.29%,82.98,83.00,81.58,45.3,0.26,0.37,77.07,84.29,78.37,86.47,1103.04,-7969.06,18.07,60.1,17.1,-7.6,0.0
05/12/2026,1630,WING,123.73,-3.60,-2.83%,127.44,128.53,123.40,22.27,0.48,0.78,218.11,175.01,107.47,170.09,-9115.04,-12340.01,20.04,85.1,41.1,-17.3,-16.7
05/12/2026,1630,WMS,139.79,-4.02,-2.80%,143.71,143.72,139.52,41.64,0.43,0.55,166.53,149.85,135.81,153.84,-1104.03,-13952.01,16.06,95.4,76.3,-5.4,-0.1
05/12/2026,1630,WMT,130.35,+2.76,+2.16%,128.075,131.12,127.72,55.26,0.21,0.33,121.05,127.4,127.02,132.82,-2201.01,-12772.01,8.01,90.2,52.1,0.0,7.8
05/12/2026,1630,WOOD,67.8708,-.2617,-0.38%,68.19,68.32,67.51,39.12,0.17,0.25,79.51,68.79,66.88,70.27,-1102.01,-6750.07,18.11,68.1,46.1,-13.3,0.0
05/12/2026,1630,WRBY,26.95,-1.84,-6.39%,28.48,28.66,26.67,59.13,1.04,0.98,21.09,21.84,19.83,30.28,4204.01,2988.02,2.09,98.3,92.4,0.1,0.0
05/12/2026,1630,WW,9.64,-.35,-3.50%,9.94,10.2999,9.5641,39.53,1.36,1.1,20.89,8.94,8.74,11.96,-2104.03,-837.03,5.03,57.3,81.4,0.0,0.0
05/12/2026,1630,WWW,15.71,-.49,-3.02%,16.00,16.02,15.41,36.57,0.37,0.8,17.34,17.0,15.49,17.87,-8114.01,-1541.01,16.01,75.2,27.1,-6.2,-0.8
05/12/2026,1630,WY,23.45,+.03,+0.13%,23.52,23.75,23.27,39.63,0.24,0.29,25.06,24.5,22.66,25.07,-5111.06,-2327.01,11.06,39.1,37.2,-1.4,-9.2
05/12/2026,1630,WYFI,26.09,-.89,-3.30%,26.65,26.86,23.32,76.18,1.11,1.65,16.62,15.8,16.5,27.78,8208.01,2686.01,1.09,NaN,NaN,4.6,6.5
05/12/2026,1630,WYNN,97.25,-2.12,-2.13%,98.96,99.28,97.10,35.21,0.29,0.36,104.06,103.11,97.76,109.2,-3103.01,-9710.01,4.01,18.1,26.1,-0.4,0.0
05/12/2026,1630,XBI,134.91,+.16,+0.12%,134.42,135.49,133.26,55.34,0.25,0.3,122.1,131.97,128.74,138.27,4207.02,13810.02,2.08,39.1,52.1,-1.5,0.0
05/12/2026,1630,XHR,16.43,-.17,-1.02%,16.56,16.595,16.25,54.51,0.33,0.33,15.28,15.91,15.85,17.23,7101.02,1709.02,2.09,36.1,89.2,0.0,1.2
05/12/2026,1630,XIACY,20.12,-.24,-1.18%,20.25,20.25,19.92,50.89,0.34,NaN,22.55,19.65,18.67,20.78,3205.02,-1851.09,16.09,0.0,24.1,-1.5,0.0
05/12/2026,1630,XLB,52.14,-.12,-0.23%,52.00,52.29,51.46,56.22,0.16,0.26,52.08,51.28,50.75,52.58,4203.01,5241.02,2.06,74.1,48.1,0.0,0.1
05/12/2026,1630,XLC,115.86,+.28,+0.24%,115.68,115.955,114.97,49.79,0.13,0.2,113.3,115.09,114.39,117.68,-1102.01,11820.04,4.32,76.4,46.1,-7.1,3.9
05/12/2026,1630,XLE,57.57,+.40,+0.70%,57.73,57.84,57.14,50.34,0.27,0.28,53.18,56.13,55.09,60.24,-3105.03,-5546.03,8.03,69.1,97.4,0.0,0.0
05/12/2026,1630,XLF,51.58,+.40,+0.78%,51.18,51.70,50.81,52.1,0.09,0.18,51.25,51.27,50.98,52.07,-3201.01,-5081.01,8.01,23.1,1.1,-4.6,0.0
05/12/2026,1630,XLG,62.87,+.02,+0.03%,62.73,62.92,62.37,76.91,0.12,0.18,56.34,59.48,60.35,63.78,12230.02,6307.02,3.31,78.1,34.1,4.6,9.2
05/12/2026,1630,XLI,174.35,-.69,-0.39%,174.43,174.79,172.14,55.11,0.21,0.24,172.45,170.33,170.39,177.37,5206.03,17772.04,4.1,79.1,90.3,0.0,0.9
05/12/2026,1630,XLK,175.20,-2.68,-1.51%,176.15,176.99,171.195,77.62,0.23,0.31,137.02,153.95,160.33,181.08,15229.01,17830.02,2.3,82.2,72.1,20.0,16.1
05/12/2026,1630,XLP,84.44,+1.07,+1.28%,83.71,85.02,83.21,57.12,0.13,0.17,87.18,81.85,82.68,85.38,-2201.01,8502.01,1.18,53.1,64.1,0.5,5.4
05/12/2026,1630,XLRE,44.58,+.01,+0.02%,44.52,44.69,44.275,61.78,0.15,0.14,42.86,43.3,43.69,45.11,11209.02,4481.02,2.35,11.1,61.2,0.0,2.1
05/12/2026,1630,XLU,45.19,+.05,+0.11%,45.06,45.3799,44.80,43.22,0.19,0.18,44.74,44.71,44.37,47.02,-4105.01,-4469.03,8.03,40.1,100.2,-0.3,-0.2
05/12/2026,1630,XLV,145.85,+2.81,+1.96%,143.805,146.64,143.19,49.94,0.16,0.18,155.48,143.42,142.31,146.67,1201.01,14664.01,1.02,56.1,56.1,-6.4,0.0
05/12/2026,1630,XLY,118.29,-1.08,-0.90%,119.03,119.35,117.445,54.56,0.15,0.32,114.43,116.67,116.63,120.59,3101.03,12113.03,3.31,98.2,18.1,0.0,1.8
05/12/2026,1630,XOM,150.63,+.95,+0.63%,151.25,151.81,149.7701,48.22,0.3,0.31,145.15,146.95,144.34,156.11,-4201.02,-14600.02,8.02,76.1,87.1,-0.8,0.0
05/12/2026,1630,XOP,169.74,+1.08,+0.64%,170.34,170.91,168.04,48.9,0.39,0.35,142.52,166.13,161.28,182.44,-2105.03,-16382.03,9.03,74.1,98.4,0.0,0.0
05/12/2026,1630,XPEV,16.16,+.01,+0.06%,16.05,16.195,15.79,44.77,0.42,0.65,17.22,15.7,15.18,16.61,-8202.09,-1544.05,18.09,63.2,13.1,-8.8,0.0
05/12/2026,1630,XRT,80.70,-.96,-1.18%,81.38,81.485,79.88,37.54,0.24,0.39,86.05,84.97,80.49,86.78,-4108.01,-7988.01,16.01,98.3,83.2,-5.7,0.0
05/12/2026,1630,XTL,224.07,-3.80,-1.67%,226.29,226.47,219.92,58.98,0.31,0.26,171.55,214.06,212.47,234.48,4203.06,23000.08,8.3,76.1,63.1,1.1,2.7
05/12/2026,1630,XYL,111.54,-.46,-0.41%,111.79,112.38,110.95,34.48,0.31,0.3,125.39,119.48,108.34,121.98,-10104.01,-11095.01,23.09,66.1,77.2,-7.2,-5.3
05/12/2026,1630,XYZ,72.12,-1.05,-1.44%,72.07,72.88,71.40,58.25,0.4,0.47,48.21,68.51,68.85,74.62,4203.02,7555.02,2.28,26.1,37.1,0.0,2.2
05/12/2026,1630,YCS,52.74,+.28,+0.53%,52.70,52.785,52.65,48.93,0.25,0.25,48.57,53.53,50.79,54.38,1201.01,-5159.05,10.05,90.1,90.4,0.0,-8.2
05/12/2026,1630,YELP,23.09,-2.19,-8.66%,25.16,25.31,22.96,30.56,0.57,0.39,19.61,27.75,23.73,29.89,-3105.01,-2296.01,4.01,46.1,96.2,0.0,0.0
05/12/2026,1630,YPF,44.95,+.02,+0.04%,45.16,45.79,44.862,58.64,0.38,0.32,36.04,42.02,42.21,45.82,1202.01,4579.01,1.02,2.1,32.1,0.0,6.2
05/12/2026,1630,YUM,152.86,+2.57,+1.71%,151.69,154.24,150.11,42.06,0.26,0.24,159.45,154.66,148.57,161.6,-5103.01,-15011.01,8.01,54.1,85.2,-1.6,-6.8
05/12/2026,1630,YUMC,47.62,+.18,+0.38%,48.15,48.35,47.23,42.89,0.22,0.3,53.33,47.72,46.78,49.08,-3104.01,-4695.02,5.02,29.1,27.1,-0.3,-1.3
05/12/2026,1630,ZG,39.84,-.81,-1.99%,40.83,40.85,39.42,36.3,0.5,0.59,42.25,43.7,39.53,46.79,-6107.01,-3942.01,16.01,63.1,83.1,-2.4,0.0
05/12/2026,1630,ZM,102.96,-4.16,-3.88%,106.36,106.655,102.22,61.26,0.5,0.64,88.02,87.19,91.72,116.86,12101.05,11156.02,6.23,98.4,80.2,15.8,5.2
05/12/2026,1630,ZS,146.17,-2.70,-1.81%,149.35,150.585,145.68,54.64,0.6,0.82,159.66,130.34,129.57,156.78,5208.02,15345.02,2.22,98.4,82.1,0.8,0.0
