Date,Time,Symbol,Last,Net Chng,%Change,Open,High,Low,RSI,HistoricalVolatility,ImpVolatility,A_TrendValue,A_TradeValue,A_BB_Bottom,A_BB_Top,A_BB_Streak,A_BBHighLow,A_BBHighLowDays,A_IVPercentile,A_HVPercentile,A_BB_Top_Slope,A_BB_Bot_Slope
06/03/2026,1630,$COMP,26853.9756,-239.9253,-0.89%,27092.8445,27130.8758,26769.1555,68.12,0.15,NaN,22061.97,25867.3,25971.31,27442.04,7210.02,2719021.03,3.46,0.0,45.1,1.3,4.6
06/03/2026,1630,$DJI,50687.07,-620.72,-1.21%,51220.92,51220.92,50687.07,59.56,0.11,NaN,46494.63,49352.56,49443.25,51792.86,8210.02,5136961.02,4.1,0.0,28.1,13.9,1.0
06/03/2026,1630,$DXY,99.522,+.303,+0.31%,99.290,99.552,99.191,59.893,0.041,NaN,98.492,98.416,98.91,99.643,8203.01,9955.01,1.19,0.0,18.1,0.0,8.7
06/03/2026,1630,/6B[M26],1.3418,-.0051,-0.38%,1.3464,1.3472,1.3411,45.1774,0.0628,0.0602,1.3218,1.3302,1.3333,1.3511,1101.02,-133.12,17.12,13.1,49.1,-3.8,0.0
06/03/2026,1630,/6C[M26],.71995,-.0034,-0.47%,.72320,.72320,.71975,29.53255,0.02858,0.0451,0.73065,0.7272,0.71849,0.73016,-13120.01,-72.01,20.01,21.1,2.1,-1.2,-1.7
06/03/2026,1630,/6E[M26],1.16050,-.00305,-0.26%,1.16365,1.16400,1.16010,39.40974,0.04479,0.0595,1.14615,1.16235,1.15672,1.1689,-7103.09,-116.09,16.09,23.1,21.1,-2.2,0.0
06/03/2026,1630,/6J[M26],.0062535,-.0000065,-0.10%,.0062620,.0062810,.0062520,35.1890717,0.0451611,0.0921,0.006273,0.0063005,0.0062312,0.0063333,-4116.09,-1.01,19.11,44.1,0.1,0.0,0.0
06/03/2026,1630,/BTC[M26],65665,+80.00,+0.12%,65425,65735,65425,26.0,0.0,1.0,65685.0,76020.0,62650.0,76455.0,-11114.0,-6490500.0,20.0,81.0,31.0,-10.0,-18.0
06/03/2026,1630,/BZ[Q26],97.86,+1.86,+1.94%,96.07,99.00,96.04,45.5,0.54,NaN,81.16,103.86,85.28,111.81,-4110.04,-8994.04,24.04,0.2,75.1,0.0,-8.8
06/03/2026,1630,/CL[N26],96.20,+2.44,+2.60%,93.45,97.00,93.45,50.4,0.5,0.61,76.73,97.23,84.0,104.35,-7201.03,-8635.04,24.04,63.1,72.1,0.0,-4.4
06/03/2026,1630,/GC[Q26],4462.7,-57.20,-1.27%,4520.0,4525.1,4454.0,38.5,0.2,0.2,5014.1,4483.5,4384.0,4626.3,-8103.0,-439560.0,16.1,54.1,43.1,-4.1,-0.1
06/03/2026,1630,/HG[N26],6.4840,-.1925,-2.88%,6.6820,6.6840,6.4725,56.5849,0.3378,0.3051,5.6395,6.207,6.1676,6.7096,3205.01,668.01,1.21,57.1,58.2,0.0,4.2
06/03/2026,1630,/NG[N26],3.255,+.088,+2.78%,3.172,3.262,3.143,63.108,0.504,0.477,2.951,2.798,2.845,3.414,17206.03,340.03,3.28,12.1,35.2,13.0,6.1
06/03/2026,1630,/NKD[M26],68095,-150.00,-0.22%,0,0,0,75.0,0.0,NaN,51200.0,60450.0,61319.0,69654.0,7208.0,6879000.0,1.0,0.0,46.0,6.0,5.0
06/03/2026,1630,/SI[N26],72.980,-2.576,-3.41%,75.495,75.625,72.835,41.949,0.616,0.456,79.52,74.11,67.213,82.307,-4113.05,8917.14,14.24,39.1,73.2,-2.9,-3.3
06/03/2026,1630,AAAU,43.80,-.45,-1.02%,43.85,43.97,43.65,38.69,0.19,0.23,49.42,44.49,43.04,45.71,-7103.05,-4342.06,66.06,60.1,44.1,-6.3,-0.8
06/03/2026,1630,AAL,13.57,-.36,-2.58%,13.712,13.84,13.50,54.08,0.52,0.58,10.26,12.21,12.18,15.71,-1102.01,1510.05,5.25,73.1,66.2,11.2,3.4
06/03/2026,1630,AAPL,310.26,-4.94,-1.57%,314.175,316.94,308.85,65.74,0.18,0.27,249.52,293.5,296.61,320.33,14202.01,31694.01,1.41,41.1,29.1,5.5,3.0
06/03/2026,1630,ABBV,217.13,+1.73,+0.80%,214.80,219.54,213.725,58.64,0.19,0.31,219.44,204.3,210.01,221.1,1202.01,21954.01,1.02,76.1,17.1,0.0,8.7
06/03/2026,1630,ABNB,133.59,-.76,-0.57%,133.22,134.80,131.9101,47.13,0.28,0.39,125.62,131.23,131.13,137.51,-2101.01,-13191.01,2.01,45.1,57.1,-6.0,0.0
06/03/2026,1630,ABR,5.30,-.12,-2.21%,5.36,5.44,5.23,28.7,0.76,0.51,7.64,5.67,5.16,5.97,-2103.01,-523.01,19.01,55.1,98.4,-11.0,0.0
06/03/2026,1630,ABT,86.99,+.02,+0.02%,87.195,88.11,86.72,43.92,0.26,0.37,107.7,82.69,84.17,89.96,-1102.05,8934.11,11.17,99.4,72.3,0.0,4.4
06/03/2026,1630,ACHC,25.73,+1.31,+5.36%,25.51,26.17,25.29,54.85,0.48,0.65,23.47,25.27,21.48,26.8,1202.01,2617.01,1.07,22.1,33.1,-1.9,-6.1
06/03/2026,1630,ACHR,6.53,-.21,-3.12%,6.60,6.6353,6.27,55.46,0.55,0.87,5.97,5.82,5.8,7.21,5208.03,693.03,3.09,46.2,21.1,1.2,1.0
06/03/2026,1630,ACI,15.71,+.12,+0.77%,15.56,15.915,15.56,41.41,0.31,0.37,16.4,15.79,14.96,17.0,-6109.02,-1536.03,10.03,85.2,67.2,0.0,-3.4
06/03/2026,1630,ADBE,256.24,-5.87,-2.24%,259.39,260.00,252.34,53.56,0.5,0.62,247.16,231.74,231.98,274.58,3204.02,27203.02,2.14,99.4,100.2,1.8,-0.1
06/03/2026,1630,ADYEY,9.780,-.54,-5.23%,10.030,10.047,9.760,32.4,0.38,NaN,10.32,10.14,9.84,11.47,-3103.01,-976.01,20.01,0.0,76.1,-0.9,-0.1
06/03/2026,1630,AFK,26.96,-.72,-2.60%,27.40,27.40,26.65,45.53,0.3,0.46,25.36,26.55,26.18,28.18,1101.07,-2631.11,17.11,83.2,70.1,-6.0,0.0
06/03/2026,1630,AFRM,66.27,-4.74,-6.68%,69.63,70.65,64.90,49.68,0.56,0.66,46.11,59.75,62.93,75.93,-1101.01,7522.03,3.1,30.1,30.1,6.9,0.0
06/03/2026,1630,AGCO,119.62,+1.22,+1.03%,117.79,120.89,117.63,57.16,0.36,0.43,116.73,112.82,110.14,119.7,2202.01,12089.01,1.03,77.1,70.3,-2.6,0.0
06/03/2026,1630,AHR,46.59,+.21,+0.45%,46.17,47.02,46.10,35.92,0.33,0.41,50.71,49.24,45.49,52.11,-6106.01,-4610.01,14.01,84.1,94.3,0.1,-2.9
06/03/2026,1630,AIQUY,41.70,+.78,+1.91%,41.41,41.80,41.23,50.08,0.25,NaN,37.86,39.99,40.03,43.07,-1201.03,4285.06,6.19,0.0,81.3,0.0,0.1
06/03/2026,1630,AKAM,160.36,+.04,+0.02%,158.17,164.80,155.63,69.63,0.99,0.62,96.98,148.5,137.83,163.76,3204.01,16480.01,1.36,88.2,94.4,-0.3,7.0
06/03/2026,1630,ALB,168.34,-3.43,-2.00%,170.24,172.26,166.78,38.25,0.41,0.66,156.34,174.02,153.63,186.88,-6102.09,-16359.02,15.1,52.1,4.1,-7.9,-2.7
06/03/2026,1630,ALCO,39.97,-.56,-1.38%,40.53,40.53,39.89,40.32,0.18,NaN,37.14,39.85,39.44,41.76,-2104.01,4200.06,5.1,0.0,16.1,0.0,0.0
06/03/2026,1630,ALGN,161.71,-4.98,-2.99%,166.27,167.125,160.70,42.47,0.42,0.46,162.26,155.9,154.6,176.52,5101.02,17347.02,3.1,55.1,69.1,0.0,0.3
06/03/2026,1630,ALLY,40.93,-1.24,-2.94%,41.51,41.84,40.93,39.72,0.31,0.38,35.92,41.57,40.74,43.26,-1101.01,-4093.01,31.01,56.1,65.1,-6.7,0.0
06/03/2026,1630,ALNY,292.58,+6.46,+2.26%,284.48,293.16,283.10,45.19,0.31,0.44,309.61,285.26,285.06,306.19,-2103.01,-28310.01,4.01,52.1,37.1,0.0,0.7
06/03/2026,1630,AMAT,500.77,+10.72,+2.19%,487.95,508.2599,487.36,73.87,0.52,0.64,316.66,408.09,417.85,503.95,8210.01,50826.01,1.25,88.2,70.1,1.0,3.4
06/03/2026,1630,AMBA,73.80,-4.58,-5.84%,78.32,79.75,72.08,46.97,1.07,0.79,49.89,77.9,68.64,94.18,-3104.01,-7208.01,5.01,82.3,100.4,0.0,0.0
06/03/2026,1630,AMD,542.52,+20.98,+4.02%,533.75,546.44,524.3001,77.78,0.85,0.76,189.02,410.71,433.85,568.66,5210.01,54644.01,4.46,97.4,80.4,10.5,4.9
06/03/2026,1630,AMG,311.61,+1.09,+0.35%,306.52,312.865,299.81,61.75,0.23,0.4,267.23,291.25,296.8,313.99,-1210.01,31287.01,1.08,73.1,29.1,0.0,1.4
06/03/2026,1630,AMH,32.24,+.16,+0.50%,31.92,32.46,31.90,58.8,0.2,NaN,28.21,30.47,31.16,32.95,5212.03,3283.03,3.12,41.1,63.1,0.0,3.6
06/03/2026,1630,AMLP,52.59,-.14,-0.27%,52.75,53.21,52.54,46.11,0.18,0.15,51.75,52.74,51.09,54.98,-4107.03,-5172.03,9.03,64.2,99.4,0.0,-0.5
06/03/2026,1630,AMN,30.31,+.06,+0.20%,29.95,30.39,28.93,67.9,1.08,0.68,18.25,28.24,25.39,31.6,3204.01,3046.02,2.2,23.1,98.4,-0.2,4.7
06/03/2026,1630,AMPH,18.12,-.33,-1.79%,18.26,18.36,17.73,40.7,0.94,1.06,17.03,16.65,17.01,19.76,-1102.01,1946.04,4.14,95.4,85.4,-13.9,0.0
06/03/2026,1630,AMZN,250.02,-6.50,-2.53%,254.70,257.09,247.71,39.39,0.25,0.36,206.22,260.89,251.28,276.29,-3103.01,-24771.01,4.01,54.1,35.1,0.0,0.0
06/03/2026,1630,AN,190.25,-.84,-0.44%,189.50,192.25,188.01,46.04,0.32,0.37,182.97,180.57,180.1,198.4,2203.06,-17662.1,23.1,72.1,83.4,-9.4,0.0
06/03/2026,1630,AQWA,18.6409,+.0109,+0.06%,18.60,18.71,18.59,43.5,0.14,0.26,18.96,18.4,18.26,18.98,1202.07,-1825.1,38.1,86.2,44.1,-10.0,0.0
06/03/2026,1630,AR,36.53,+.27,+0.74%,36.65,36.76,36.12,46.17,0.35,0.41,37.21,36.09,34.36,38.75,-3102.05,-3492.05,24.05,30.1,36.1,-1.5,-2.1
06/03/2026,1630,ARE,51.27,-1.47,-2.79%,52.28,52.61,51.25,61.59,0.45,0.52,48.18,44.81,45.47,53.5,8221.01,5261.01,1.23,91.2,70.1,4.0,1.4
06/03/2026,1630,ARGT,94.75,-3.05,-3.12%,97.19,97.19,94.75,54.34,0.37,0.32,84.82,86.2,88.05,101.7,7101.02,9935.03,3.12,49.1,78.4,10.6,0.0
06/03/2026,1630,ARHS,6.51,-.02,-0.31%,6.56,6.84,6.28,47.66,0.61,NaN,6.6,5.63,5.69,7.23,4209.04,692.04,4.15,1.1,74.2,0.0,0.0
06/03/2026,1630,ARKK,78.16,-1.75,-2.19%,79.20,79.33,77.62,51.97,0.33,0.41,69.92,73.47,73.59,83.44,4101.03,8215.03,3.1,28.1,35.1,0.8,0.0
06/03/2026,1630,ARQQ,14.64,-1.63,-10.02%,15.81,15.96,14.55,47.25,1.13,1.16,13.61,12.42,12.23,19.12,4101.05,1780.05,5.1,48.2,78.4,7.6,0.0
06/03/2026,1630,AS,34.36,-1.05,-2.97%,34.82,35.03,33.70,45.76,0.43,0.49,32.04,32.58,32.68,37.99,-1101.01,3751.06,6.14,25.1,58.1,1.1,0.0
06/03/2026,1630,ASBFF,25.76,0,0.00%,0,0,0,47.51,1.44,NaN,NaN,26.59,NaN,NaN,NaN,0.0,0.0,NaN,NaN,NaN,NaN
06/03/2026,1630,ASO,51.79,+.41,+0.80%,51.46,52.76,51.26,46.25,0.44,0.59,54.96,48.75,49.04,55.6,4102.04,5492.04,4.1,90.2,48.2,0.0,0.0
06/03/2026,1630,ATRO,83.51,-2.10,-2.45%,85.025,86.53,82.74,55.64,0.55,0.57,63.71,70.67,78.65,90.0,8101.04,8893.04,4.24,50.1,63.1,5.7,7.5
06/03/2026,1630,AVB,183.19,-.19,-0.10%,182.88,184.745,182.27,52.02,0.17,0.25,168.68,180.35,179.89,186.64,1101.03,-18125.04,6.04,67.1,33.1,-2.3,0.0
06/03/2026,1630,AVGO,479.23,-2.34,-0.49%,494.775,495.00,472.64,73.33,0.42,0.66,321.43,404.8,405.61,490.45,4207.01,49500.01,1.08,98.4,59.1,2.1,0.0
06/03/2026,1630,AVO,11.08,+.30,+2.78%,10.85,11.16,10.75,30.54,0.27,0.58,11.91,11.91,10.31,12.5,-11122.02,-1075.01,39.03,86.3,38.1,-12.8,-11.6
06/03/2026,1630,AVTR,9.07,+.08,+0.89%,8.86,9.135,8.825,65.93,0.49,0.61,7.82,7.58,7.56,9.77,4208.03,933.03,3.1,67.1,66.4,7.8,0.0
06/03/2026,1630,AWI,153.21,+.37,+0.24%,152.64,154.5401,151.22,35.78,0.26,0.36,163.29,155.09,150.87,161.12,-3103.01,-15122.01,4.01,90.2,65.1,-9.4,0.0
06/03/2026,1630,AXP,300.57,-10.40,-3.34%,308.68,310.3623,300.03,34.68,0.18,0.31,292.43,307.76,303.03,317.38,-1102.01,-30003.01,4.01,48.1,6.1,-1.5,0.0
06/03/2026,1630,AZO,3061.65,+32.29,+1.07%,3010.17,3073.00,3008.44,35.05,0.4,0.36,3537.62,3280.0,2784.24,3454.66,-5107.03,-292811.03,23.03,78.1,98.4,-6.4,-23.1
06/03/2026,1630,B,41.86,-1.34,-3.10%,42.53,42.6795,41.675,50.13,0.58,0.48,42.08,40.06,39.07,44.41,1204.02,4662.16,16.25,56.1,91.4,-4.3,0.8
06/03/2026,1630,BA,210.58,-7.12,-3.27%,216.10,216.35,209.63,38.93,0.39,0.36,204.3,216.79,204.73,234.35,-1102.01,-20963.01,14.1,63.1,87.3,-2.2,-0.3
06/03/2026,1630,BABA,127.21,-3.61,-2.76%,128.76,128.89,126.83,43.86,0.52,0.44,128.55,130.33,117.21,138.61,1101.02,-12343.04,15.05,37.1,79.4,-4.2,-10.0
06/03/2026,1630,BAC,52.40,-.08,-0.15%,52.255,52.55,51.215,56.15,0.21,0.3,46.66,49.3,50.08,53.33,4204.02,5271.02,2.13,52.1,56.1,-0.6,0.0
06/03/2026,1630,BALL,52.83,-.92,-1.71%,53.54,53.82,52.65,28.22,0.25,0.31,60.75,55.07,52.55,57.61,-12105.01,-5265.01,33.01,59.1,51.3,-7.0,-0.6
06/03/2026,1630,BBN,16.03,0,0.00%,15.94,16.05,15.94,53.79,0.1,NaN,15.86,15.56,15.5,16.26,2207.04,1610.04,4.1,0.0,63.2,0.0,0.0
06/03/2026,1630,BBWI,18.02,-.70,-3.74%,18.53,18.827,17.755,46.4,0.65,0.63,18.75,16.18,15.82,20.82,5101.03,2011.03,3.1,67.1,88.2,1.3,0.0
06/03/2026,1630,BBY,71.73,-1.05,-1.44%,72.78,72.78,70.61,64.26,0.63,0.42,62.06,55.1,62.24,82.43,9101.03,7701.03,3.14,54.1,100.4,26.5,8.3
06/03/2026,1630,BCO,100.88,-2.09,-2.03%,103.59,103.59,99.68,39.2,0.34,0.31,106.12,99.09,100.26,107.39,-3104.01,-9968.01,5.01,57.1,73.1,-2.8,-0.6
06/03/2026,1630,BDRY,12.62,-.32,-2.47%,12.34,12.79,12.34,53.05,0.39,0.49,9.58,12.58,12.15,13.37,-1101.01,1333.15,15.28,8.1,43.1,0.0,6.5
06/03/2026,1630,BEAM,29.55,+.59,+2.04%,28.71,29.65,28.30,49.27,0.76,0.72,24.6,26.43,25.58,34.28,-1102.01,3368.04,4.09,43.1,62.3,0.4,0.0
06/03/2026,1630,BEPC,38.57,-.80,-2.03%,39.21,40.54,38.57,50.65,0.27,0.46,38.7,35.55,35.84,41.29,7210.01,4054.01,1.11,86.1,25.1,0.1,0.0
06/03/2026,1630,BIDU,132.68,-4.04,-2.95%,134.34,136.96,132.58,50.54,0.65,0.57,118.14,133.2,120.85,144.07,1202.02,-12485.07,15.07,81.2,90.4,-2.6,-0.1
06/03/2026,1630,BIO,304.83,-1.30,-0.42%,303.57,306.78,297.89,62.75,0.55,0.42,259.56,236.73,276.21,341.28,-1101.01,31986.05,5.21,58.1,88.4,22.7,20.2
06/03/2026,1630,BIP,38.82,+.01,+0.03%,38.98,39.50,38.44,56.83,0.2,0.29,36.78,37.56,38.05,40.01,-1103.01,4010.07,7.24,53.1,66.1,0.0,11.9
06/03/2026,1630,BIRK,42.21,-1.20,-2.76%,42.60,43.33,41.59,56.99,0.98,0.58,35.7,31.12,33.76,50.4,6209.04,4553.04,4.12,86.2,98.4,17.7,0.0
06/03/2026,1630,BITO,8.90,-.27,-2.94%,9.09,9.14,8.875,23.6,0.32,0.48,9.32,10.37,8.81,10.43,-12113.01,-888.01,20.01,54.1,11.1,-10.1,-13.8
06/03/2026,1630,BJ,89.18,+.62,+0.70%,88.38,89.81,87.74,45.05,0.41,0.3,92.24,91.76,79.72,97.6,-6201.04,-8400.04,11.05,19.1,98.4,0.0,-10.3
06/03/2026,1630,BJRI,43.85,-.50,-1.13%,44.48,44.87,43.725,55.9,0.37,0.41,33.36,40.76,41.38,48.64,-1102.01,4799.04,4.2,32.1,59.1,10.4,0.0
06/03/2026,1630,BKNG,164.78,-2.43,-1.45%,165.705,168.42,164.445,48.3,0.32,0.44,168.53,153.05,152.49,176.26,6209.03,17125.03,3.15,87.2,64.1,0.0,0.0
06/03/2026,1630,BKV,26.92,+.17,+0.64%,26.94,27.25,26.28,40.22,0.4,0.65,27.75,27.42,25.22,29.43,-10109.03,-2603.04,24.04,93.2,44.3,-3.9,-2.9
06/03/2026,1630,BLDR,74.26,-1.11,-1.47%,74.04,75.08,72.79,44.24,0.53,0.65,86.18,69.86,68.55,80.26,4101.04,7982.06,6.1,90.2,84.3,0.0,4.0
06/03/2026,1630,BLK,990.87,-28.09,-2.76%,1001.11,1001.37,983.7475,33.89,0.28,0.33,917.39,1076.42,977.74,1092.52,-8106.01,-98375.01,14.01,85.1,71.1,-0.1,-4.9
06/03/2026,1630,BLMN,7.49,-.32,-4.10%,7.74,7.81,7.48,48.92,1.3,0.83,5.42,7.59,7.33,8.51,-1102.01,-748.01,4.01,56.1,88.4,-1.6,0.3
06/03/2026,1630,BLOK,66.11,-1.78,-2.62%,67.79,67.96,65.78,58.0,0.37,0.36,51.23,60.16,61.13,70.53,7209.02,6917.02,2.11,19.1,47.1,0.2,1.6
06/03/2026,1630,BNDD,98.409,-.0788,-0.08%,98.409,98.409,98.409,56.94,0.08,0.15,97.34,96.52,96.49,99.15,5209.03,-9619.11,20.11,38.1,17.1,7.8,0.0
06/03/2026,1630,BNO,53.94,+1.05,+1.99%,53.68,54.13,53.32,50.91,0.49,0.7,38.66,55.16,48.54,58.53,-5201.04,-4951.04,12.04,76.1,75.1,-2.5,-1.4
06/03/2026,1630,BOOT,170.69,-1.20,-0.70%,169.95,170.78,166.95,61.63,0.56,0.54,161.62,138.3,140.68,186.47,6209.02,17579.02,4.14,55.1,88.4,0.1,0.0
06/03/2026,1630,BP,43.68,+.28,+0.65%,43.90,44.11,43.635,47.38,0.31,0.34,39.34,43.73,40.63,46.12,1202.01,-4146.04,24.04,77.1,77.1,-1.1,-5.8
06/03/2026,1630,BRBR,8.86,-.18,-1.99%,8.90,8.97,8.57,31.52,0.63,0.96,15.97,9.0,8.24,9.44,1203.02,942.02,2.03,92.3,63.4,-8.8,1.2
06/03/2026,1630,BRCB,7.01,-.31,-4.23%,7.35,7.35,6.72,31.55,1.48,1.04,14.96,6.86,6.08,8.75,-1101.01,-613.09,33.13,NaN,NaN,-15.5,0.0
06/03/2026,1630,BRKR,62.70,+5.39,+9.40%,57.69,63.015,56.56,83.39,0.67,0.66,33.46,42.16,47.63,64.58,6210.01,6302.01,1.24,82.1,89.4,16.9,15.0
06/03/2026,1630,BROS,56.60,-1.26,-2.18%,56.85,57.01,54.96,55.17,0.57,0.54,47.08,48.32,49.78,61.84,5207.03,5893.03,4.15,33.1,76.2,0.0,0.4
06/03/2026,1630,BTAL,11.56,+.08,+0.70%,11.47,11.6705,11.47,35.29,0.27,0.42,14.02,11.89,11.18,12.5,-6108.02,-1144.02,10.02,72.1,91.4,-2.5,-2.0
06/03/2026,1630,BTC,28.91,-.81,-2.73%,29.51,29.67,28.83,24.01,0.32,0.47,29.96,33.59,28.64,33.72,-12113.01,-2883.01,20.01,66.1,21.1,-10.9,-12.9
06/03/2026,1630,BTC-USD,-83.33,.48,-0.57%,-86.08,-79.85,-87.67,21.59,1.08,0.74,-25.62,-70.14,-87.02,-58.18,-25107.01,8767.01,45.01,89.1,18.1,-7.0,-3.5
06/03/2026,1630,BTI,58.62,-1.84,-3.04%,59.66,60.26,58.57,37.58,0.35,0.32,56.97,64.18,58.18,65.82,-5107.01,-5857.01,14.01,94.2,98.4,0.0,0.0
06/03/2026,1630,BUD,79.04,-1.54,-1.91%,79.93,79.94,79.04,47.88,0.21,0.25,71.61,79.49,78.48,84.23,-3105.01,-7904.01,6.01,47.1,61.3,-0.3,0.0
06/03/2026,1630,BULL,5.90,-.31,-4.99%,6.10,6.14,5.80,35.76,0.47,1.03,5.24,6.73,5.55,7.21,-13102.01,-580.01,14.05,68.2,16.1,-0.2,-6.3
06/03/2026,1630,BURL,328.70,+7.63,+2.38%,318.37,331.59,317.935,56.73,0.59,0.41,288.16,280.57,283.7,348.21,1204.01,-28000.05,6.05,61.1,92.4,5.6,0.0
06/03/2026,1630,BUXX,20.22,+.01,+0.05%,20.20,20.22,20.20,45.35,0.02,NaN,20.25,20.23,20.19,20.28,-4105.01,-2020.05,6.01,0.0,64.3,0.0,0.0
06/03/2026,1630,BXP,60.90,-.31,-0.51%,60.72,61.49,60.31,59.38,0.23,0.37,49.72,57.24,58.6,62.02,1202.01,-5882.02,4.02,71.1,20.1,3.3,0.1
06/03/2026,1630,BYD,86.94,+1.98,+2.33%,84.81,87.359,84.45,60.51,0.3,0.31,76.86,78.51,77.48,88.46,6207.01,8736.01,1.13,61.1,63.1,0.0,0.0
06/03/2026,1630,BYDDF,11.8336,-.3964,-3.24%,11.9000,11.9000,11.7900,41.6,0.32,NaN,11.7,12.02,10.99,12.63,1202.02,-1148.09,34.09,0.0,25.1,-8.7,-0.2
06/03/2026,1630,C,129.93,-1.33,-1.01%,130.93,131.85,128.265,59.47,0.26,0.35,102.01,121.81,120.96,132.44,6210.01,13185.01,1.1,70.1,58.1,0.1,0.0
06/03/2026,1630,CACC,541.58,-.36,-0.07%,541.75,553.115,533.105,52.22,0.33,0.38,444.01,520.32,532.26,575.19,-2102.01,-53311.01,3.01,24.3,25.1,3.8,2.3
06/03/2026,1630,CAG,12.58,-.28,-2.18%,12.64,12.995,12.55,29.08,0.28,0.44,16.13,13.42,12.42,13.97,-6110.01,-1255.01,14.01,95.2,54.1,-4.7,-8.2
06/03/2026,1630,CAH,195.85,+.97,+0.50%,196.09,198.0725,195.51,45.61,0.26,0.3,213.58,180.45,191.34,205.91,-1104.03,20398.11,11.18,52.1,58.3,0.0,14.8
06/03/2026,1630,CAKE,64.88,+.39,+0.60%,64.44,65.70,63.965,59.97,0.41,0.43,56.5,55.83,58.49,69.54,6210.03,6714.04,4.14,67.1,85.4,7.3,0.0
06/03/2026,1630,CAMT,183.45,-4.07,-2.17%,185.11,186.18,178.40,54.09,1.0,0.8,142.35,151.91,152.36,190.68,3207.01,18618.01,1.11,92.1,100.4,-10.9,0.0
06/03/2026,1630,CANE,9.68,-.10,-1.02%,9.78,9.78,9.68,46.25,0.24,0.4,9.34,9.87,9.31,10.16,-4108.04,-943.05,21.05,86.3,78.1,-2.0,-0.5
06/03/2026,1630,CARR,67.58,+1.16,+1.75%,66.10,68.84,65.62,60.83,0.38,0.45,55.23,63.46,61.54,68.07,3204.01,6884.01,1.09,90.1,73.1,-1.0,0.0
06/03/2026,1630,CASY,774.19,+19.98,+2.65%,754.66,789.30,752.70,41.52,0.29,0.47,627.49,844.74,710.87,847.27,-9113.02,-73918.03,21.03,100.4,78.3,-11.2,-6.9
06/03/2026,1630,CAT,926.18,+16.37,+1.80%,914.43,936.71,912.39,61.55,0.38,0.43,662.85,850.83,849.88,936.36,2202.01,93671.01,1.1,83.1,68.1,-1.0,0.0
06/03/2026,1630,CAVA,71.33,-1.11,-1.53%,71.00,71.65,69.33,33.19,0.54,0.57,74.8,72.05,70.29,83.79,-3105.01,-6933.01,6.01,36.1,64.1,-6.4,0.1
06/03/2026,1630,CBRL,33.12,-1.05,-3.07%,33.98,33.98,32.88,56.07,0.52,0.7,27.25,28.55,29.08,37.28,7101.03,3514.03,5.1,69.2,52.3,13.8,0.0
06/03/2026,1630,CCK,94.50,-1.24,-1.30%,94.98,95.57,93.985,37.66,0.23,0.32,102.79,96.05,92.68,99.14,-1104.03,-9362.03,17.03,70.1,42.1,-3.9,-4.1
06/03/2026,1630,CCL,27.17,-.47,-1.70%,27.25,27.81,27.01,53.45,0.52,0.58,23.47,24.41,24.31,29.59,5210.04,2840.04,4.1,84.1,69.1,6.4,0.0
06/03/2026,1630,CCRN,13.12,+.03,+0.23%,13.08,13.13,13.07,76.6,0.95,1.13,9.22,13.09,13.05,13.13,4204.01,1313.01,1.06,65.1,90.4,-5.1,15.3
06/03/2026,1630,CELH,30.01,-.53,-1.74%,30.50,30.65,29.46,43.21,0.65,0.65,40.94,27.66,27.97,33.81,-1102.01,3291.03,3.14,60.1,79.2,0.0,0.0
06/03/2026,1630,CF,116.60,+3.12,+2.75%,114.00,118.08,113.82,45.18,0.52,0.53,106.71,121.05,107.79,127.53,-3110.04,-11127.04,15.04,81.1,79.1,-1.0,-5.3
06/03/2026,1630,CFG,61.53,-.78,-1.25%,62.01,62.21,61.21,44.99,0.25,0.36,55.49,59.75,60.35,64.13,-3101.02,-6056.02,19.02,81.1,57.1,-6.6,0.0
06/03/2026,1630,CFLT,30.99,0,0.00%,0,0,0,73.35,0.04,0.16,29.95,30.6,30.58,30.94,1201.01,3100.01,1.27,19.4,14.1,0.0,0.0
06/03/2026,1630,CFRUY,20.7400,-.485,-2.29%,20.8900,20.9200,20.7100,56.78,0.38,NaN,17.32,19.55,19.38,21.97,7207.03,2178.04,4.25,0.0,83.1,4.6,0.2
06/03/2026,1630,CG,42.24,-2.25,-5.06%,42.42,43.36,41.5401,28.28,0.33,0.46,44.83,46.28,41.1,47.73,-7113.01,-4154.01,20.01,62.1,45.1,-7.4,-4.1
06/03/2026,1630,CHD,92.89,-3.25,-3.38%,96.20,96.20,92.72,42.05,0.27,0.25,97.22,92.99,93.02,98.22,-2104.01,-9272.01,6.01,42.1,89.4,0.0,5.0
06/03/2026,1630,CHDN,86.00,-1.58,-1.80%,87.43,87.43,84.96,44.35,0.32,0.44,80.24,84.68,83.55,89.95,4101.02,9000.02,2.07,90.1,66.1,0.0,2.3
06/03/2026,1630,CHEF,77.69,+.01,+0.01%,77.49,78.965,77.335,57.05,0.21,0.34,59.26,78.54,74.45,80.37,-9202.03,-7507.06,22.06,4.1,4.1,-3.1,0.0
06/03/2026,1630,CHH,106.56,-3.91,-3.54%,110.07,111.52,106.11,44.79,0.36,0.36,93.78,104.12,104.27,117.1,-1102.01,-10611.01,5.01,88.3,73.1,0.0,2.1
06/03/2026,1630,CHPT,7.61,-.56,-6.85%,8.10,8.10,7.61,60.58,0.66,1.12,5.23,6.04,6.29,8.63,7209.02,849.02,2.09,75.2,61.1,14.6,0.9
06/03/2026,1630,CHRD,140.62,+2.63,+1.91%,139.42,142.22,138.12,51.76,0.41,0.47,116.98,140.28,128.1,150.53,-4201.04,-13025.04,11.04,88.2,87.1,-0.1,-1.9
06/03/2026,1630,CHTR,129.01,-11.26,-8.03%,138.83,139.95,128.80,26.3,0.48,0.61,214.91,136.63,132.23,150.79,-1104.01,-12880.01,15.01,81.2,76.1,-7.3,1.5
06/03/2026,1630,CHWY,21.04,-.43,-2.00%,21.32,21.57,20.95,40.07,0.54,0.74,24.52,21.03,19.65,22.83,3101.03,2274.03,3.1,92.3,77.2,-0.3,0.0
06/03/2026,1630,CI,270.73,-1.99,-0.73%,272.49,274.76,270.425,39.73,0.29,0.3,258.14,283.74,263.12,293.33,-4110.02,-27043.01,14.03,26.1,61.2,-2.0,-1.3
06/03/2026,1630,CLOX,25.505,-.005,-0.02%,25.55,25.55,25.49,40.66,0.02,NaN,25.35,25.51,25.5,25.62,-3102.01,-2549.02,5.01,0.0,52.1,0.0,0.0
06/03/2026,1630,CLOZ,26.355,-.005,-0.02%,26.37,26.385,26.33,49.25,0.03,NaN,25.45,26.37,26.35,26.55,-3102.01,-2633.01,6.01,0.0,55.1,0.2,0.0
06/03/2026,1630,CLX,88.53,-1.10,-1.23%,89.26,89.46,88.15,37.6,0.38,0.39,108.51,88.5,86.74,98.02,-4104.01,-8815.01,6.01,93.2,92.4,0.0,0.0
06/03/2026,1630,CMCSA,23.52,-1.33,-5.35%,24.73,24.74,23.43,26.23,0.24,0.4,30.0,24.53,23.95,25.57,-3102.01,-2343.01,6.01,94.2,52.1,-7.8,4.7
06/03/2026,1630,CMG,28.74,-.52,-1.78%,28.51,29.165,28.16,27.36,0.33,0.43,32.36,31.97,28.69,33.69,-8108.01,-2816.01,11.01,66.1,57.1,0.0,-0.1
06/03/2026,1630,CMI,682.33,+9.66,+1.44%,674.82,694.435,671.91,56.18,0.48,0.4,516.96,670.36,616.44,711.53,1202.01,-62809.08,19.08,87.1,91.4,-2.3,-3.8
06/03/2026,1630,CNA,41.91,-.33,-0.78%,42.29,42.415,41.81,32.11,0.18,0.42,46.21,42.48,40.97,44.78,-5106.02,-4153.03,23.03,86.2,59.3,0.0,0.0
06/03/2026,1630,CNC,59.55,-.44,-0.73%,60.22,60.50,58.23,64.61,0.37,0.45,33.85,57.22,57.17,61.64,4206.02,6200.02,2.57,14.1,21.1,0.0,6.4
06/03/2026,1630,CNH,11.04,+.09,+0.82%,10.85,11.105,10.81,57.72,0.51,0.58,10.45,10.36,9.81,11.08,2202.01,1111.01,1.03,96.1,97.1,-0.3,-3.1
06/03/2026,1630,CNX,33.57,+.25,+0.75%,33.25,33.76,33.105,32.09,0.27,0.37,39.76,35.1,31.94,36.98,-16109.02,-3283.02,25.02,51.1,34.1,-2.8,-4.9
06/03/2026,1630,COAL,27.7747,-.1953,-0.70%,28.12,28.24,27.53,63.92,0.37,0.28,24.78,24.6,24.25,29.0,7207.01,2825.02,2.12,6.1,97.4,7.6,0.0
06/03/2026,1630,COCO,75.18,+.73,+0.98%,74.64,76.22,72.72,60.92,0.35,0.56,49.93,73.4,73.59,79.57,-3104.01,-7272.01,23.01,61.1,35.1,-7.6,10.5
06/03/2026,1630,COF,177.62,-6.22,-3.38%,183.69,184.42,177.05,35.17,0.27,0.36,176.36,181.3,178.84,190.54,-3103.01,-17705.01,4.01,62.1,44.1,-5.1,0.1
06/03/2026,1630,COIN,163.22,-10.77,-6.19%,171.54,172.00,162.75,36.88,0.68,0.77,192.46,184.15,157.9,201.4,-8103.01,-16275.01,14.01,75.1,54.1,-3.3,-6.3
06/03/2026,1630,COM,33.80,-.26,-0.76%,34.05,34.05,33.77,41.82,0.14,0.21,32.44,34.32,33.19,34.71,-4110.05,-3377.01,15.06,82.2,92.4,-4.3,-6.5
06/03/2026,1630,COP,119.05,+2.18,+1.87%,117.59,119.55,116.91,49.65,0.31,0.36,112.93,115.69,110.97,125.05,-3201.04,-11264.04,24.04,67.1,69.1,-4.0,0.0
06/03/2026,1630,COPJ,45.27,-2.13,-4.49%,46.55,46.55,44.88,55.69,0.55,0.5,39.56,41.61,40.2,48.36,2207.02,4740.02,2.24,65.1,85.1,0.0,2.0
06/03/2026,1630,COPX,90.25,-3.41,-3.64%,91.81,92.00,89.84,57.89,0.54,0.52,76.12,80.73,78.98,95.6,2207.02,9389.02,2.25,68.1,83.1,0.1,2.6
06/03/2026,1630,CORN,17.47,-.24,-1.36%,17.79,17.8164,17.46,34.16,0.23,0.27,17.96,18.12,17.12,18.55,-6110.03,-1746.01,23.06,92.1,97.4,-8.3,-12.5
06/03/2026,1630,COST,961.83,+7.56,+0.79%,952.875,969.18,951.98,37.81,0.29,0.25,960.46,1017.94,916.17,1071.38,-7108.02,-93945.02,10.02,60.2,100.4,0.0,-8.5
06/03/2026,1630,CP,89.12,-1.03,-1.14%,90.03,91.50,89.005,57.69,0.24,0.29,80.61,84.78,85.15,92.64,9207.01,9150.01,4.43,93.2,79.3,8.0,3.0
06/03/2026,1630,CPAY,352.25,-7.57,-2.10%,358.39,358.39,339.95,59.36,0.51,0.4,307.77,324.08,331.82,374.47,-1101.01,36743.03,3.24,71.1,88.4,0.0,10.3
06/03/2026,1630,CPER,39.42,-1.18,-2.91%,39.87,40.21,39.415,56.33,0.34,0.32,34.77,38.1,37.45,40.83,3203.01,4074.02,2.22,58.2,74.2,0.0,3.7
06/03/2026,1630,CPNG,16.42,-.31,-1.85%,16.59,16.78,16.09,43.04,0.69,0.55,18.22,15.64,15.39,17.11,5209.01,1691.02,2.16,80.1,98.4,-0.9,0.3
06/03/2026,1630,CPRI,18.44,+.16,+0.88%,18.04,18.50,17.88,49.05,0.51,0.56,16.92,16.93,16.99,19.76,4201.04,1951.04,4.15,27.1,73.4,0.0,0.9
06/03/2026,1630,CPT,108.89,+2.79,+2.63%,105.73,109.35,105.625,64.43,0.16,0.25,100.39,102.51,103.68,110.15,8201.01,10935.01,1.12,67.1,33.1,1.9,2.1
06/03/2026,1630,CRCL,90.13,-10.72,-10.63%,99.175,99.175,90.13,37.72,0.99,0.92,100.07,107.21,87.5,121.7,-6103.01,-9013.01,16.01,NaN,NaN,-5.0,0.0
06/03/2026,1630,CRI,38.92,-.88,-2.21%,39.33,39.74,38.45,57.72,0.63,0.57,31.69,32.42,34.51,42.6,7212.05,4132.05,5.21,47.2,76.2,8.4,8.7
06/03/2026,1630,CRM,190.61,-10.23,-5.09%,197.27,197.68,189.73,54.55,0.61,0.49,190.6,164.33,166.92,210.74,6212.02,20439.02,2.14,78.1,100.4,1.8,0.0
06/03/2026,1630,CRSP,52.08,+.06,+0.12%,51.46,52.28,50.52,49.4,0.52,0.61,47.53,48.07,46.85,57.82,-1102.01,5639.04,4.1,30.1,37.1,0.7,0.0
06/03/2026,1630,CRWD,747.61,-21.34,-2.78%,765.675,766.9999,742.12,76.32,0.54,0.7,420.23,538.37,644.15,819.03,17205.02,78566.03,3.38,99.4,85.1,34.6,19.9
06/03/2026,1630,CSCO,126.50,-1.50,-1.17%,126.16,129.4155,124.915,77.42,0.55,0.43,75.2,99.29,117.25,136.06,-1101.06,12942.01,12.43,97.3,95.4,4.7,22.9
06/03/2026,1630,CSX,46.44,+.30,+0.65%,46.10,46.855,45.90,58.66,0.23,0.29,38.97,44.24,44.95,47.38,-2202.03,-4479.03,6.03,73.1,61.1,0.0,3.5
06/03/2026,1630,CTA,29.90,+.16,+0.54%,29.95,30.05,29.7201,44.62,0.28,0.42,29.89,31.46,27.91,32.06,-6110.04,-2855.04,12.04,95.4,84.1,-6.4,-8.4
06/03/2026,1630,CUBE,39.10,-.33,-0.84%,39.35,39.97,39.08,45.38,0.23,0.3,38.01,38.27,38.35,40.72,2103.05,-3824.11,16.11,53.1,62.1,-0.4,-0.3
06/03/2026,1630,CURB,29.00,-.01,-0.03%,28.57,29.16,28.57,60.85,0.17,0.3,26.3,27.27,27.55,29.92,9212.04,2948.05,5.52,43.1,25.1,9.1,1.1
06/03/2026,1630,CVNA,63.65,-1.95,-2.97%,64.44,64.905,61.03,37.04,0.55,0.74,57.7,65.73,61.21,75.12,-2102.01,-6103.01,18.01,58.1,47.1,-6.5,0.0
06/03/2026,1630,CVS,91.37,+1.87,+2.09%,90.05,93.32,90.00,56.07,0.38,0.33,75.32,94.3,86.95,97.11,-4110.04,9843.14,15.52,36.1,87.4,-0.1,0.0
06/03/2026,1630,CVX,189.71,+2.16,+1.15%,188.89,191.48,187.96,52.49,0.29,0.31,185.64,183.96,178.38,196.87,1202.01,-18040.04,10.04,83.1,87.2,0.0,-1.0
06/03/2026,1630,CWH,7.12,-.32,-4.30%,7.26,7.36,7.015,47.4,0.64,0.84,6.41,6.46,6.67,8.03,3101.04,810.06,6.15,82.1,55.1,0.0,1.3
06/03/2026,1630,CZR,29.18,-.04,-0.14%,29.22,29.31,29.15,62.49,0.41,0.1,24.96,25.65,27.45,30.2,4213.05,2931.01,5.14,0.1,25.1,10.1,1.4
06/03/2026,1630,D,65.46,-1.01,-1.52%,66.40,67.10,65.455,51.69,0.4,0.26,61.95,61.71,62.52,70.72,-1103.03,6858.08,9.18,90.2,100.4,0.0,2.1
06/03/2026,1630,DAL,78.78,-1.24,-1.55%,79.70,79.94,78.60,60.86,0.45,0.5,55.28,69.48,69.96,87.35,6210.04,8383.04,4.1,52.1,68.2,21.5,6.4
06/03/2026,1630,DAPP,21.99,-.58,-2.57%,22.50,22.95,21.9218,56.77,0.53,0.53,15.36,19.54,20.03,23.99,6101.02,2337.03,3.11,23.1,31.1,0.0,1.2
06/03/2026,1630,DAR,61.55,+1.21,+2.01%,60.69,63.00,60.555,54.26,0.26,0.48,51.02,60.74,56.78,63.07,2203.01,6300.01,1.08,40.1,10.1,-5.5,0.0
06/03/2026,1630,DASH,154.58,-2.37,-1.51%,155.64,156.2239,151.66,43.93,0.5,0.57,159.45,148.0,151.58,166.38,-1102.01,-15166.01,3.01,65.1,73.2,-1.8,0.1
06/03/2026,1630,DDOG,250.33,-18.80,-6.99%,260.275,262.20,245.6301,70.57,1.13,0.7,120.27,195.39,208.51,284.06,4205.02,27498.02,2.37,86.1,100.4,13.7,5.4
06/03/2026,1630,DDS,611.14,+18.50,+3.12%,592.50,612.50,588.4001,63.58,0.34,NaN,562.54,518.68,524.38,639.05,5209.04,61250.01,4.1,0.0,23.1,2.1,0.1
06/03/2026,1630,DE,588.29,+9.04,+1.56%,577.84,593.79,575.61,60.51,0.37,0.33,571.6,555.56,513.43,592.95,2203.01,59379.01,1.07,67.1,90.1,-1.0,-0.6
06/03/2026,1630,DECK,107.36,-3.43,-3.10%,108.555,109.931,105.13,53.98,0.44,0.44,99.93,92.98,95.15,122.94,6101.04,11563.05,5.21,44.1,64.4,14.1,1.8
06/03/2026,1630,DELL,421.08,-14.23,-3.27%,433.79,436.00,407.00,76.33,1.34,0.76,137.5,232.2,301.58,498.85,7209.02,46919.02,2.74,93.4,100.4,30.2,15.3
06/03/2026,1630,DEO,78.67,-.61,-0.77%,79.28,79.515,78.595,39.91,0.32,0.34,75.77,79.98,77.59,87.65,-4104.01,-7860.01,6.01,75.1,73.1,0.0,0.0
06/03/2026,1630,DG,105.09,-1.18,-1.11%,105.75,106.89,101.87,41.09,0.45,0.42,128.84,100.42,101.54,111.76,-1102.01,-10187.01,2.01,62.3,83.4,-5.1,0.0
06/03/2026,1630,DGX,193.67,+.51,+0.26%,193.00,195.21,192.38,51.17,0.17,0.27,195.39,186.43,188.17,198.33,8202.03,19648.03,3.11,69.1,26.1,0.4,1.3
06/03/2026,1630,DIN,28.73,-.84,-2.84%,29.94,29.94,28.58,45.06,0.49,0.63,27.74,28.54,28.61,31.85,-1102.01,-2858.01,4.01,71.1,74.1,0.0,6.4
06/03/2026,1630,DIS,99.39,-2.02,-1.99%,100.435,101.265,99.25,39.69,0.35,0.29,98.45,102.3,99.29,104.96,-5105.01,-9925.01,17.01,42.1,86.4,-9.2,0.7
06/03/2026,1630,DK,47.18,+.78,+1.68%,47.19,48.93,46.40,59.99,0.51,0.78,39.62,43.4,42.2,47.67,3205.01,4893.01,1.06,98.2,35.1,0.0,1.1
06/03/2026,1630,DKL,51.14,-.81,-1.56%,52.25,52.85,50.91,49.75,0.25,0.29,50.88,50.7,49.48,52.57,2203.01,5285.01,1.03,41.1,55.1,0.0,0.0
06/03/2026,1630,DKNG,25.11,-.19,-0.75%,25.00,25.1775,24.71,52.83,0.51,0.56,24.12,23.75,23.92,26.28,2203.02,2684.03,3.04,44.1,68.2,0.0,0.6
06/03/2026,1630,DLTR,112.50,+3.11,+2.84%,109.865,112.57,108.60,64.53,0.71,0.48,106.83,85.88,90.26,123.59,7210.02,11685.03,3.15,70.1,100.4,9.1,1.8
06/03/2026,1630,DOC,19.07,-.38,-1.95%,19.31,19.49,19.07,53.47,0.63,0.31,16.81,19.25,18.89,19.97,-4105.01,-1890.02,6.02,50.1,96.4,-4.2,0.0
06/03/2026,1630,DOCU,52.40,-2.70,-4.90%,54.12,54.29,51.86,57.9,0.56,0.78,45.7,44.06,46.34,57.82,7213.02,5729.03,3.14,95.4,77.2,12.6,2.6
06/03/2026,1630,DOV,213.51,+1.67,+0.79%,210.19,217.24,210.19,48.95,0.23,0.33,201.79,209.2,206.46,216.0,1202.01,21724.01,1.03,84.1,50.1,-11.5,0.0
06/03/2026,1630,DOW,35.40,+.68,+1.96%,34.69,35.7142,34.68,42.65,0.39,0.5,32.95,37.89,32.0,38.55,-11201.04,-3345.04,21.04,32.1,27.1,-8.1,-14.3
06/03/2026,1630,DPZ,306.77,-.76,-0.25%,307.24,307.24,300.25,34.86,0.24,0.38,389.05,297.48,301.74,318.21,-7102.01,-30025.01,28.01,88.2,54.1,-13.1,6.4
06/03/2026,1630,DRI,198.27,0,0.00%,197.35,200.84,196.61,48.6,0.22,0.39,194.26,190.13,191.56,209.59,-1102.02,20836.04,4.11,96.2,35.1,4.8,0.3
06/03/2026,1630,DRLL,37.25,+.54,+1.47%,36.94,37.60,36.875,53.77,0.33,0.31,35.16,35.91,34.92,38.64,1202.01,-3523.06,10.06,80.2,99.4,0.0,0.0
06/03/2026,1630,DRVN,12.78,-.51,-3.84%,13.29,13.311,12.76,44.24,0.59,0.8,10.03,12.5,12.43,14.63,-2103.01,-1276.01,5.01,83.1,89.1,1.9,0.1
06/03/2026,1630,DT,43.44,-1.53,-3.40%,44.55,44.55,42.94,61.16,0.7,0.6,36.8,32.75,38.33,46.94,5205.02,4499.02,2.14,90.2,100.4,4.2,6.8
06/03/2026,1630,DVN,46.18,-.04,-0.09%,46.33,46.925,45.948,46.45,0.47,0.44,43.43,45.99,42.55,49.92,-3109.04,-4363.04,24.04,86.2,99.4,-2.8,-2.7
06/03/2026,1630,DXCM,72.77,-.68,-0.93%,73.00,73.25,71.9501,64.03,0.46,0.46,63.82,57.66,65.26,81.78,-1101.01,7635.03,8.24,44.1,79.4,15.2,8.1
06/03/2026,1630,EA,202.63,+.62,+0.31%,202.00,202.90,201.81,60.73,0.04,0.12,197.01,199.45,200.31,202.92,4205.01,20290.01,1.05,42.1,27.1,0.0,2.3
06/03/2026,1630,EAT,140.26,+2.06,+1.49%,135.70,141.50,134.7934,50.33,0.56,0.54,129.02,126.3,129.49,149.03,3209.04,14607.04,4.14,62.1,86.3,0.0,0.0
06/03/2026,1630,EBAY,108.82,-.06,-0.06%,108.53,110.00,108.125,49.04,0.33,0.38,89.93,109.62,106.05,118.22,-5106.01,-10778.02,13.02,65.1,61.2,0.0,0.2
06/03/2026,1630,ECH,39.92,-.67,-1.65%,40.28,40.33,39.76,42.33,0.27,0.3,37.76,38.86,39.06,42.64,-1102.01,4244.04,4.11,67.1,69.1,0.0,0.0
06/03/2026,1630,ECPG,78.01,-.08,-0.10%,78.46,80.77,77.85,41.4,0.25,0.35,65.01,78.33,77.58,82.09,-3105.01,-7785.01,17.01,23.1,24.1,-5.6,-3.5
06/03/2026,1630,EDEN,108.8112,-1.1386,-1.04%,109.0199,109.02,108.49,41.31,0.17,NaN,100.57,110.1,108.67,113.56,-2103.01,-10849.01,17.01,0.0,21.1,-3.4,0.0
06/03/2026,1630,EDU,46.57,-.62,-1.31%,46.90,46.945,46.32,33.17,0.35,0.43,51.75,50.24,42.96,50.75,-8118.07,-4570.04,33.08,13.1,52.3,-5.4,-4.0
06/03/2026,1630,EDV,63.78,-.31,-0.48%,63.72,63.87,63.52,54.2,0.14,0.12,64.68,61.05,61.17,64.99,6208.02,6430.02,2.1,10.1,48.1,0.1,0.0
06/03/2026,1630,EEM,69.92,-.88,-1.24%,70.42,70.47,69.56,65.78,0.3,0.34,56.24,64.38,64.66,72.0,6207.02,7086.02,2.11,93.2,88.1,0.5,6.5
06/03/2026,1630,EFNL,57.8742,-.2575,-0.44%,57.53,58.23,57.53,63.67,0.24,NaN,47.92,52.25,54.94,59.5,5210.06,5830.02,6.12,0.0,91.3,9.3,10.3
06/03/2026,1630,EFX,170.16,-5.95,-3.38%,173.75,174.295,165.10,50.64,0.38,0.44,182.19,156.47,157.55,177.17,4206.01,17430.01,1.13,88.1,71.1,0.0,0.0
06/03/2026,1630,EGP,197.01,+1.26,+0.64%,194.32,197.99,194.32,41.87,0.17,0.2,183.37,199.39,193.9,208.53,-4104.01,-19432.01,4.01,57.1,47.1,1.8,0.0
06/03/2026,1630,EIS,130.04,-2.54,-1.92%,131.85,131.85,129.30,44.11,0.23,NaN,117.7,128.52,127.83,139.86,-2103.01,-12930.01,4.01,0.0,66.1,0.0,0.2
06/03/2026,1630,EL,82.05,-1.36,-1.63%,83.04,83.50,81.32,48.29,0.61,0.51,84.11,79.59,75.43,93.95,-1102.01,9235.05,5.09,67.1,85.4,3.0,0.5
06/03/2026,1630,ELS,61.48,+.03,+0.05%,61.20,62.23,61.20,41.18,0.16,0.24,66.5,61.09,60.29,63.46,-3107.02,-6061.02,7.02,25.1,38.1,0.0,-5.0
06/03/2026,1630,ELV,391.27,+2.24,+0.58%,392.26,396.75,390.29,58.25,0.26,0.37,274.84,385.05,384.38,402.11,-1102.02,-38723.02,2.02,37.1,24.1,-0.8,11.2
06/03/2026,1630,EMB,95.90,-.36,-0.37%,95.965,96.07,95.73,52.9,0.07,0.14,94.35,94.48,94.4,96.97,4207.04,9651.04,4.1,91.3,83.1,2.4,0.0
06/03/2026,1630,EMR,140.88,-1.15,-0.81%,140.37,143.12,140.04,53.28,0.39,0.34,131.61,130.95,131.08,147.52,3207.04,14557.04,4.1,72.1,84.2,0.0,0.0
06/03/2026,1630,ENB,55.81,-.51,-0.91%,56.44,57.005,55.80,52.66,0.21,0.22,53.3,54.58,54.17,58.14,-3101.03,-5460.03,8.03,70.1,89.4,0.0,1.1
06/03/2026,1630,ENPH,69.02,-3.31,-4.58%,71.29,72.80,67.735,68.68,1.15,1.05,38.42,37.65,54.2,82.66,16202.04,7374.04,6.24,100.4,83.4,16.0,10.7
06/03/2026,1630,ENR,18.60,+.29,+1.58%,18.32,18.62,18.04,54.49,0.49,0.53,16.38,16.5,16.3,19.76,4209.05,1923.06,6.14,60.1,70.4,0.0,0.0
06/03/2026,1630,ENVX,8.23,-.39,-4.52%,8.44,8.68,8.14,64.52,1.03,1.02,4.62,5.75,5.74,9.25,7208.01,915.02,2.1,52.1,94.4,9.1,0.0
06/03/2026,1630,ENZL,44.9983,-.7517,-1.64%,45.46,45.46,44.939,49.22,0.21,0.2,43.82,43.65,43.52,47.21,4101.03,4671.03,3.1,10.1,85.1,0.0,0.1
06/03/2026,1630,EOG,141.50,+2.92,+2.11%,139.62,142.915,138.89,57.51,0.33,0.35,126.94,132.65,131.29,145.33,1202.01,14570.1,10.18,72.1,97.2,0.0,2.8
06/03/2026,1630,EPD,37.99,+.28,+0.74%,37.76,38.31,37.75,48.45,0.23,0.23,36.36,37.98,36.28,40.08,-4107.03,-3685.03,10.03,95.2,93.4,0.0,-2.1
06/03/2026,1630,EPHE,24.64,+.06,+0.24%,24.68,24.72,24.61,50.7,0.2,NaN,24.5,24.46,23.84,25.0,1202.01,-2366.03,18.03,0.0,69.1,-5.2,-0.3
06/03/2026,1630,EPOL,39.97,-.21,-0.52%,40.07,40.16,39.88,53.96,0.27,0.23,34.44,38.6,38.97,41.13,5101.04,4085.04,4.25,20.1,79.1,5.2,2.9
06/03/2026,1630,EPR,56.34,-.12,-0.21%,56.29,56.94,56.25,44.69,0.18,0.33,55.65,57.26,55.69,59.2,-5106.01,-5608.02,6.02,88.1,31.1,-0.2,0.0
06/03/2026,1630,EPU,83.96,-2.22,-2.58%,86.17,86.17,83.89,52.03,0.34,NaN,80.07,79.27,79.71,88.81,3101.04,8687.02,4.25,0.0,71.1,3.7,2.2
06/03/2026,1630,EQR,66.14,-.07,-0.11%,65.90,66.66,65.88,57.29,0.15,0.32,59.38,63.87,64.54,67.2,1203.03,6693.03,3.04,98.2,14.1,0.0,0.2
06/03/2026,1630,EQRR,81.6775,-.4772,-0.58%,82.38,82.38,81.29,74.51,0.17,NaN,66.92,75.96,77.31,82.64,26204.01,8238.01,1.57,0.0,90.2,21.0,13.5
06/03/2026,1630,EQT,54.47,-.21,-0.38%,54.93,55.015,54.39,37.03,0.27,0.31,61.33,55.11,52.89,58.9,-4107.03,-5439.01,10.04,0.1,38.2,-2.1,-0.5
06/03/2026,1630,ESI,42.41,-.24,-0.56%,42.60,43.24,42.25,54.43,0.45,0.47,29.46,39.68,39.04,44.57,2207.02,-3816.11,21.11,67.1,71.1,-4.3,0.0
06/03/2026,1630,ESPO,89.81,-2.0217,-2.20%,91.13,91.13,89.6405,47.36,0.18,0.18,89.87,88.92,88.02,91.68,3101.01,9225.02,2.05,60.1,51.1,0.0,0.0
06/03/2026,1630,ESS,277.79,+.22,+0.08%,276.30,280.25,276.30,64.76,0.16,0.23,247.77,265.22,269.47,281.84,25203.01,28025.01,1.52,42.1,15.1,0.6,6.5
06/03/2026,1630,ET,19.55,+.01,+0.05%,19.61,19.79,19.4801,48.4,0.22,0.27,18.24,19.77,18.8,20.46,-5109.03,-1911.04,10.04,87.2,94.4,-2.4,0.0
06/03/2026,1630,ETH,17.13,-1.00,-5.52%,17.72,17.8192,17.055,22.79,0.34,0.52,18.5,19.72,16.76,20.3,-12116.01,-1706.01,21.01,6.1,4.1,-7.6,-16.6
06/03/2026,1630,ETH-USD,-95.11,.29,-0.30%,-97.87,-91.7008,-99.445,22.28,0.88,0.76,-37.23,-84.0,-98.86,-71.86,-25107.01,9945.01,45.01,64.1,13.1,-7.0,-2.4
06/03/2026,1630,ETHA,13.58,-.80,-5.56%,14.09,14.16,13.54,22.54,0.35,0.64,14.75,15.67,13.28,16.14,-12113.01,-1354.01,21.01,10.1,4.1,-7.3,-16.6
06/03/2026,1630,ETHE,14.57,-.870492,-5.64%,15.09,15.175,14.52,21.92,0.35,0.6,15.92,16.83,14.25,17.3,-12116.01,-1452.01,21.01,15.1,4.1,-7.5,-16.8
06/03/2026,1630,ETSY,67.05,-2.68,-3.84%,68.92,70.47,66.64,59.79,0.49,0.55,51.66,56.29,58.1,73.09,7210.01,7066.02,2.14,39.1,41.1,1.4,0.1
06/03/2026,1630,EWA,29.14,-.33,-1.12%,29.29,29.2901,29.14,50.44,0.19,0.24,27.96,28.56,28.56,29.52,3205.02,2950.02,2.1,81.1,72.1,-5.6,0.0
06/03/2026,1630,EWC,58.64,-.82,-1.38%,59.36,59.38,58.61,54.71,0.12,0.18,54.92,57.09,57.48,59.69,7210.01,5938.01,1.13,73.1,45.1,3.0,0.5
06/03/2026,1630,EWD,51.64,-1.14,-2.16%,52.07,52.16,51.64,49.13,0.26,NaN,49.21,49.38,49.86,54.43,4101.06,5342.06,6.13,42.1,81.1,5.1,1.5
06/03/2026,1630,EWG,42.77,-.80,-1.84%,43.01,43.04,42.76,50.79,0.22,0.23,39.72,41.32,41.73,44.59,-1101.01,4380.06,6.13,65.1,80.1,9.1,2.5
06/03/2026,1630,EWH,22.81,-.36,-1.55%,22.94,22.94,22.80,35.85,0.17,0.21,22.66,23.83,22.27,23.99,-10113.03,-2280.01,19.05,46.1,62.1,-10.6,-7.4
06/03/2026,1630,EWI,58.51,-.98,-1.65%,59.00,59.06,58.34,50.94,0.22,0.24,51.6,57.65,57.58,60.02,3101.04,5985.04,4.22,72.1,76.1,0.0,1.5
06/03/2026,1630,EWJ,93.94,+.36,+0.38%,94.25,94.25,93.79,65.74,0.15,0.2,82.92,90.23,90.42,94.68,5209.01,9425.01,1.25,48.1,17.1,0.0,1.9
06/03/2026,1630,EWJV,45.67,+.1233,+0.27%,45.81,45.84,45.57,61.46,0.14,NaN,41.19,44.62,45.0,45.79,1202.01,4584.01,1.02,0.0,12.1,0.0,13.5
06/03/2026,1630,EWK,26.51,-.24,-0.90%,26.52,26.60,26.475,51.36,0.17,0.37,24.15,26.11,26.16,27.45,-1102.02,2727.05,5.25,79.1,79.1,4.0,3.7
06/03/2026,1630,EWM,28.03,-.68,-2.37%,28.37,28.4699,28.025,29.14,0.14,0.2,27.85,29.37,27.71,29.45,-11113.01,-2803.01,19.03,68.1,63.1,-14.7,-17.9
06/03/2026,1630,EWN,67.345,-.885,-1.30%,67.81,67.97,67.26,60.56,0.26,0.2,57.25,63.56,64.22,69.42,6210.02,6853.02,6.25,67.3,84.1,7.4,4.5
06/03/2026,1630,EWO,40.621,-.739,-1.79%,40.84,40.955,40.621,57.15,0.24,NaN,33.88,38.86,38.84,42.1,6210.02,4153.04,4.22,0.0,87.1,8.5,2.4
06/03/2026,1630,EWP,56.87,-.61,-1.06%,57.25,57.42,56.87,50.09,0.2,0.24,52.02,55.38,55.77,58.69,5101.04,5838.04,4.13,86.1,69.1,4.1,1.3
06/03/2026,1630,EWQ,45.53,-.55,-1.19%,45.73,45.785,45.53,50.91,0.22,0.3,42.75,44.09,44.44,46.78,4101.04,4640.04,4.13,92.2,81.3,0.8,0.3
06/03/2026,1630,EWS,29.77,-.21,-0.70%,29.95,29.95,29.70,60.33,0.13,0.14,27.06,28.76,29.01,30.07,7218.01,2995.01,1.25,10.1,33.1,6.1,5.9
06/03/2026,1630,EWUS,42.3697,-.4403,-1.03%,42.60,42.60,42.33,49.43,0.21,0.24,40.0,40.93,41.24,44.12,-1101.01,4362.04,7.13,74.1,81.1,4.8,0.2
06/03/2026,1630,EWW,78.08,-1.00,-1.26%,78.40,79.07,78.01,49.2,0.19,0.22,71.38,76.79,76.52,79.88,2101.02,7962.02,2.24,52.1,45.1,-3.1,0.0
06/03/2026,1630,EWY,212.96,-1.57,-0.73%,214.14,214.335,208.60,68.71,0.7,0.85,121.55,173.15,177.73,226.8,5207.03,21776.03,3.43,98.4,92.2,3.9,8.6
06/03/2026,1630,EWZ,34.64,-1.14,-3.19%,35.01,35.13,34.45,30.14,0.27,0.34,35.31,35.88,34.67,37.05,-13119.01,-3445.01,37.01,80.1,67.1,-18.9,0.0
06/03/2026,1630,EWZS,13.57,-.62,-4.37%,13.83,13.85,13.49,37.8,0.38,0.44,13.46,13.73,13.54,14.4,-7101.01,-1349.01,38.01,85.2,82.1,-13.1,0.0
06/03/2026,1630,EXAS,104.91,0,0.00%,0,0,0,76.4,0.04,0.37,101.28,103.1,103.16,104.69,6206.01,10498.01,1.08,32.4,24.1,6.4,0.0
06/03/2026,1630,EXP,218.49,+.21,+0.10%,215.94,220.41,215.94,62.83,0.33,0.39,184.08,192.9,195.08,230.83,5207.02,22409.02,2.1,81.2,44.2,3.1,0.0
06/03/2026,1630,EXPD,158.70,+.83,+0.53%,157.82,160.01,157.63,57.27,0.19,0.33,138.59,149.14,154.62,162.75,7201.05,16184.05,5.22,78.1,33.3,0.0,4.2
06/03/2026,1630,EXPE,225.41,-.96,-0.42%,225.25,228.38,223.36,46.19,0.42,0.48,224.13,213.52,214.33,232.67,3207.03,23031.03,3.14,41.1,60.1,-11.4,0.0
06/03/2026,1630,EXR,143.04,+.75,+0.53%,142.62,145.64,142.57,51.99,0.25,0.29,138.76,136.69,138.13,147.25,1201.01,14722.05,5.11,53.1,62.1,0.7,-0.2
06/03/2026,1630,EYE,16.68,+.35,+2.14%,16.33,16.70,15.71,33.78,0.86,0.66,25.6,14.75,15.89,17.63,-1101.01,-1571.01,26.01,65.2,94.4,-25.7,0.0
06/03/2026,1630,EZA,67.04,-1.51,-2.20%,67.64,67.77,66.95,43.53,0.37,0.67,66.37,67.24,65.29,70.28,-1101.03,-6637.03,17.03,100.4,75.1,-6.1,0.0
06/03/2026,1630,F,15.71,-.44,-2.72%,16.01,16.20,15.63,61.51,0.76,0.49,11.65,11.97,13.68,18.16,10102.03,1778.04,4.21,96.4,100.4,26.0,17.0
06/03/2026,1630,FAF,64.58,-.62,-0.95%,65.01,65.50,63.97,38.72,0.24,0.52,62.35,66.1,64.06,68.78,-10109.01,-6397.01,27.01,94.4,35.1,-8.3,-3.7
06/03/2026,1630,FANG,210.59,+8.19,+4.05%,202.48,211.69,201.511,62.31,0.38,0.41,172.81,196.49,189.56,211.39,1203.01,21169.01,1.04,82.1,98.4,-2.2,1.2
06/03/2026,1630,FAST,46.46,+1.73,+3.87%,44.75,46.64,44.62,63.48,0.21,0.35,44.85,43.0,42.97,46.07,1202.01,4664.01,1.03,88.1,48.1,0.0,1.3
06/03/2026,1630,FCFS,220.22,+10.97,+5.24%,210.38,221.25,209.95,50.16,0.32,0.35,182.0,221.7,209.91,234.12,-5105.01,-20995.01,5.01,86.2,74.1,0.0,0.0
06/03/2026,1630,FCG,29.76,+.30,+1.02%,29.64,30.01,29.42,49.48,0.34,0.29,28.18,29.38,27.87,31.42,-4201.04,-2824.04,10.04,54.1,97.4,-1.6,-1.1
06/03/2026,1630,FDX,324.46,-4.54,-1.38%,327.52,329.97,324.17,56.84,0.29,0.4,278.82,295.81,301.88,348.98,8101.03,34114.03,3.2,67.4,70.4,8.4,5.5
06/03/2026,1630,FICO,1174.66,-76.97,-6.15%,1230.00,1230.00,1150.00,50.24,0.5,0.66,1068.67,1046.22,1092.57,1381.55,-1101.01,132335.05,5.24,85.1,63.1,7.9,7.0
06/03/2026,1630,FISV,55.08,-1.38,-2.44%,56.00,56.3999,53.00,43.93,0.4,0.45,55.87,52.17,53.45,59.33,-1101.01,-5300.01,3.01,50.1,63.4,0.0,1.0
06/03/2026,1630,FIVE,222.89,+2.52,+1.14%,223.10,225.758,219.19,50.58,0.44,0.67,206.75,205.14,213.05,230.97,5201.02,23050.02,2.15,99.4,73.3,0.0,1.6
06/03/2026,1630,FLG,13.77,-.32,-2.27%,14.00,14.08,13.70,48.3,0.29,0.36,12.07,13.21,13.26,14.44,3101.04,1429.04,4.11,30.1,33.1,0.0,0.0
06/03/2026,1630,FLNG,29.72,-.61,-2.01%,30.18,30.33,29.665,35.73,0.27,0.36,28.17,30.6,28.99,32.89,-8109.01,-2967.01,21.03,66.1,58.1,0.0,-5.0
06/03/2026,1630,FLO,7.27,-.14,-1.89%,7.37,7.50,7.22,36.99,0.57,0.49,8.46,7.0,6.94,8.07,-1102.01,-680.09,23.12,49.1,97.4,-10.3,0.0
06/03/2026,1630,FLUT,100.70,-1.29,-1.26%,99.98,101.90,99.32,50.91,0.51,0.56,104.56,91.52,92.67,104.68,4205.02,10364.02,2.15,73.1,81.1,0.0,1.1
06/03/2026,1630,FND,49.56,-1.00,-1.98%,49.84,50.51,49.525,50.46,0.52,0.67,55.52,43.33,43.98,54.37,4210.04,5257.04,4.1,98.2,78.3,1.5,0.0
06/03/2026,1630,FNF,45.42,-1.02,-2.20%,46.15,46.49,45.315,29.5,0.25,0.35,45.94,46.93,45.18,49.8,-12108.01,-4532.01,28.01,71.1,58.1,-10.3,-0.2
06/03/2026,1630,FORM,126.02,+.91,+0.73%,126.59,127.6463,122.61,48.11,0.82,0.97,81.01,114.84,114.39,137.16,-2201.02,-11231.11,17.11,96.2,86.2,-7.0,0.0
06/03/2026,1630,FOUR,40.22,-3.07,-7.09%,42.60,42.62,40.00,40.23,0.66,0.69,43.01,39.92,40.24,45.49,-1102.01,-4000.01,3.01,71.1,75.1,0.0,4.4
06/03/2026,1630,FOXA,64.28,-1.41,-2.15%,66.03,66.03,64.085,49.51,0.38,0.35,56.21,64.09,63.02,66.74,3101.01,6724.02,2.21,50.1,95.4,0.0,6.0
06/03/2026,1630,FR,60.40,+.35,+0.58%,59.88,60.69,59.88,42.43,0.19,0.24,58.49,60.25,59.26,63.99,-3104.01,-5988.01,6.01,5.4,46.1,0.0,-1.2
06/03/2026,1630,FROG,83.86,-4.19,-4.76%,85.80,86.17,82.80,71.59,0.97,0.76,39.76,62.01,68.06,92.34,3204.02,8916.02,2.35,79.1,89.2,9.1,10.3
06/03/2026,1630,FRPT,50.00,+.14,+0.28%,49.88,51.17,49.00,38.35,0.59,0.55,75.74,47.81,47.6,53.71,-1103.02,-4750.02,4.02,34.1,86.3,-4.7,1.4
06/03/2026,1630,FRT,119.42,+.10,+0.08%,119.08,120.23,119.08,64.2,0.14,0.2,104.08,112.67,114.24,124.15,6210.04,12184.04,4.49,28.1,16.1,9.5,4.6
06/03/2026,1630,FSLY,20.83,+.06,+0.29%,20.19,21.95,19.32,51.88,1.86,1.03,19.36,16.35,15.65,21.06,4204.01,2195.01,1.16,78.1,85.4,-2.3,0.0
06/03/2026,1630,FTNT,146.48,-2.38,-1.60%,145.38,148.47,143.385,80.16,0.73,0.53,81.62,112.71,126.19,153.69,3204.01,14903.02,2.35,75.1,92.4,9.7,6.4
06/03/2026,1630,FTV,60.60,+.44,+0.73%,60.22,61.24,60.06,57.09,0.18,0.28,54.01,58.4,58.13,60.82,2202.01,6124.01,1.03,31.1,9.1,-2.5,0.0
06/03/2026,1630,FTWO,44.9902,-.425,-0.94%,45.12,45.36,44.99,47.72,0.21,NaN,46.07,44.51,43.89,45.82,1202.01,-4416.1,16.1,0.0,68.1,-4.8,0.0
06/03/2026,1630,FUTU,96.22,-5.75,-5.64%,98.71,99.35,94.78,29.83,1.49,0.69,136.19,131.36,71.2,124.03,-11105.08,-8050.08,19.08,94.3,98.4,-2.2,-8.2
06/03/2026,1630,FUTY,56.60,-.34,-0.60%,56.94,57.57,56.58,40.27,0.19,0.22,59.22,56.3,55.76,59.01,-2105.02,-5598.02,7.02,90.4,91.2,-1.3,-0.8
06/03/2026,1630,FWONK,86.88,-2.44,-2.73%,89.12,89.12,85.407,41.61,0.32,0.3,81.28,87.95,86.84,92.02,-1102.01,-8541.01,2.01,58.1,90.1,-6.2,2.7
06/03/2026,1630,FWRG,10.53,+.09,+0.86%,10.38,10.55,10.21,35.69,0.43,0.7,11.44,10.68,10.35,11.91,-2103.01,-1021.01,3.01,69.1,32.1,-4.5,0.0
06/03/2026,1630,FXA,70.5705,-.5045,-0.71%,70.75,70.75,70.5705,45.7,0.08,0.1,69.1,70.79,70.12,71.54,-1101.01,-7053.09,17.09,39.1,59.1,-6.0,0.0
06/03/2026,1630,FXB,128.91,-.45,-0.35%,129.02,129.08,128.85,44.11,0.06,0.07,127.13,127.99,128.27,130.04,-1101.01,-12799.13,17.13,70.1,48.1,-8.5,0.0
06/03/2026,1630,FXC,70.3177,-.2923,-0.41%,70.4599,70.4599,70.31,29.85,0.03,0.13,71.13,71.0,70.21,71.14,-11119.01,-7031.01,23.01,60.1,1.1,-5.6,-6.7
06/03/2026,1630,FXE,106.95,-.31,-0.29%,107.08,107.09,106.91,40.07,0.04,0.04,105.37,107.21,106.69,107.81,-1103.01,-10683.09,17.09,3.1,21.1,-6.4,0.0
06/03/2026,1630,FXF,111.38,-.69,-0.62%,111.67,111.69,111.27,39.98,0.06,0.09,111.56,112.08,111.32,112.94,-2103.01,-11127.01,18.01,46.1,17.1,-8.2,0.0
06/03/2026,1630,FXI,35.54,-.82,-2.26%,35.77,35.79,35.50,44.15,0.25,0.24,35.55,36.09,33.94,37.01,1202.02,-3463.05,15.05,14.1,92.2,-5.2,-10.1
06/03/2026,1630,FXY,57.335,-.095,-0.17%,57.39,57.41,57.335,36.19,0.04,0.1,57.52,57.73,57.16,57.92,-3116.09,-5734.01,20.11,35.1,0.1,-20.0,0.0
06/03/2026,1630,FYBR,38.49,0,0.00%,0,0,0,73.16,0.03,0.09,37.42,38.06,37.98,38.52,4204.01,3849.01,1.05,8.1,17.1,0.0,0.0
06/03/2026,1630,GAP,21.19,-.12,-0.56%,20.99,21.4792,20.96,40.41,0.77,0.43,22.03,20.55,19.68,25.01,-1104.04,-2050.04,5.04,33.1,91.4,0.0,-0.3
06/03/2026,1630,GD,337.04,-.57,-0.17%,335.71,341.97,335.02,45.37,0.18,0.24,349.0,333.29,333.04,348.68,-2103.01,-33502.01,4.01,66.1,41.1,0.0,0.0
06/03/2026,1630,GDAXI:DE,24795.94,-328.23,-1.31%,24912.31,24973.15,24761.96,52.91,0.18,NaN,22927.55,23797.33,24173.03,25750.99,7101.06,2539481.06,6.13,0.0,77.1,5.3,3.8
06/03/2026,1630,GDX,85.00,-3.05,-3.46%,86.51,86.9308,84.94,42.93,0.55,0.49,92.89,86.39,80.17,93.54,-4101.1,-8332.05,16.1,69.1,74.1,-5.3,0.0
06/03/2026,1630,GDXJ,110.88,-5.10,-4.40%,113.77,114.14,110.60,41.83,0.59,0.53,123.64,114.27,104.04,125.01,-5101.09,-10940.05,16.1,67.1,74.1,-4.1,0.0
06/03/2026,1630,GE,314.64,-3.08,-0.97%,313.44,319.55,311.00,57.65,0.38,0.43,299.05,281.31,284.6,339.69,6210.03,32640.03,4.13,96.2,75.1,12.1,2.8
06/03/2026,1630,GEL,15.19,-.36,-2.32%,15.55,15.85,15.19,35.76,0.31,0.29,17.6,15.55,14.58,16.54,-6107.02,-1492.04,25.04,8.2,67.4,-2.4,-4.5
06/03/2026,1630,GII,74.39,-.34,-0.45%,74.75,75.105,74.39,40.11,0.15,0.16,75.14,74.86,73.64,77.13,-2106.02,-7401.02,7.02,60.1,91.3,-0.3,-2.5
06/03/2026,1630,GIL,58.18,-.23,-0.39%,58.49,59.41,57.89,48.01,0.33,0.31,58.54,56.16,55.15,62.56,5102.04,6184.04,4.1,46.1,67.3,0.0,0.0
06/03/2026,1630,GIS,32.17,-.90,-2.72%,32.635,33.005,31.85,32.21,0.24,0.39,39.29,32.79,32.34,34.11,-2102.01,-3185.01,3.01,98.2,65.1,-7.4,0.0
06/03/2026,1630,GK,30.0553,-.1253,-0.42%,30.20,30.20,30.0553,71.64,0.2,0.19,24.58,28.2,28.39,30.65,6207.01,3020.01,3.46,21.1,74.1,4.9,12.2
06/03/2026,1630,GLASF,11.3300,+.21,+1.89%,11.4600,11.5000,11.1700,64.91,0.56,NaN,7.2,9.0,9.68,12.28,13214.02,1173.04,3.15,0.0,18.1,15.6,3.8
06/03/2026,1630,GLBE,31.79,-1.51,-4.53%,32.64,32.90,31.06,54.25,0.69,0.66,33.61,26.85,27.63,34.46,4210.02,3402.02,2.14,64.1,89.4,0.0,0.0
06/03/2026,1630,GLD,407.87,-4.08,-0.99%,408.38,409.38,406.225,38.74,0.19,0.25,460.22,414.12,400.62,425.46,-7103.05,-40430.06,66.06,56.1,42.1,-6.1,-0.9
06/03/2026,1630,GLIN,44.37,-.415,-0.93%,44.90,44.91,44.37,46.47,0.23,0.2,42.29,43.6,43.67,45.87,-1103.03,-4352.11,19.11,64.2,82.1,-2.4,0.0
06/03/2026,1630,GM,81.70,-.03,-0.04%,80.71,84.12,80.34,58.15,0.4,0.4,71.92,73.09,73.73,87.9,5210.04,8501.04,4.11,73.1,75.4,13.6,0.0
06/03/2026,1630,GME,22.18,+1.26,+6.02%,23.28,23.68,22.12,47.11,0.42,0.56,23.5,21.42,20.83,22.62,1201.01,2368.01,1.02,26.3,70.4,-17.7,0.0
06/03/2026,1630,GO,8.27,-.20,-2.36%,8.47,8.51,8.26,54.77,0.48,0.7,5.66,7.24,7.55,8.89,7211.03,860.03,3.11,66.1,67.1,4.2,0.0
06/03/2026,1630,GOLF,87.78,-.73,-0.82%,88.08,89.30,87.57,42.53,0.44,0.31,90.69,83.95,85.55,91.85,3102.06,9218.06,6.19,47.1,95.4,-2.2,3.2
06/03/2026,1630,GOOG,355.68,-2.71,-0.76%,358.335,362.50,354.38,38.4,0.28,0.34,293.93,381.58,351.92,395.42,-9113.01,-35438.01,21.01,45.1,64.1,-1.5,0.0
06/03/2026,1630,GOOGL,358.99,-2.86,-0.79%,362.03,366.45,358.08,38.82,0.29,0.35,294.08,385.0,355.24,399.53,-9113.01,-35808.01,20.01,51.1,63.1,-1.3,0.0
06/03/2026,1630,GOOS,9.86,-.03,-0.30%,9.79,10.04,9.75,40.28,0.51,0.49,10.65,9.49,9.09,10.39,1206.05,-930.1,31.11,49.1,55.4,-19.6,0.0
06/03/2026,1630,GPI,305.75,-2.57,-0.83%,304.51,309.49,299.56,37.7,0.4,0.47,298.21,310.34,297.45,335.2,-3104.01,-29956.01,17.01,92.2,80.4,-6.1,0.0
06/03/2026,1630,GPN,67.85,-6.18,-8.35%,73.00,73.165,63.80,40.47,0.4,0.53,68.47,66.13,66.09,78.64,-1101.01,-6380.01,5.01,76.1,69.1,8.6,0.1
06/03/2026,1630,GRID,197.14,-.34,-0.17%,197.64,198.775,196.01,59.72,0.28,0.25,161.69,187.06,186.27,201.12,2208.01,-18573.1,19.1,87.1,88.2,-0.9,0.1
06/03/2026,1630,GRMN,237.94,-3.09,-1.28%,240.47,242.19,236.37,48.03,0.29,0.31,230.83,225.0,227.86,245.9,2203.08,-22454.11,36.21,43.1,59.1,-1.3,1.3
06/03/2026,1630,GRNY,27.52,-.21,-0.76%,27.64,27.6901,27.48,62.17,0.15,0.19,24.05,26.41,26.55,28.06,7209.02,2777.03,3.1,10.1,30.1,3.1,1.8
06/03/2026,1630,GS,1041.02,-23.56,-2.21%,1055.275,1055.97,1031.01,67.96,0.28,0.36,780.5,933.08,947.24,1086.08,8210.02,107397.02,2.22,83.1,65.1,21.2,5.1
06/03/2026,1630,GSG,32.88,+.25,+0.77%,32.97,32.97,32.685,49.93,0.27,0.25,27.86,33.69,30.98,34.62,-6201.04,-3154.04,12.04,61.1,76.1,-2.9,-4.4
06/03/2026,1630,GTBIF,7.65,-.37,-4.61%,8.06,8.07,7.47,50.96,0.54,NaN,6.13,6.97,6.94,8.42,4101.02,823.02,2.11,0.0,21.1,0.0,0.0
06/03/2026,1630,GTLB,30.93,-.89,-2.80%,30.83,31.70,29.25,64.68,0.84,0.78,22.4,21.58,25.24,35.4,8212.02,3365.02,2.14,73.4,100.4,11.6,9.8
06/03/2026,1630,GTM,3.12,-.305,-8.91%,3.42,3.42,2.94,28.7,1.57,1.14,5.74,3.76,2.92,4.0,-1102.01,-294.01,3.01,100.2,100.4,-5.0,0.0
06/03/2026,1630,GVAL,35.89,-.45,-1.24%,36.19,36.21,35.86,55.99,0.18,NaN,32.22,34.6,34.7,36.57,6208.01,3638.02,2.11,0.0,77.1,2.2,1.6
06/03/2026,1630,GVIP,179.94,-.5967,-0.33%,181.46,181.46,179.205,67.8,0.19,0.15,146.78,168.45,170.23,184.29,7209.02,18146.01,3.11,71.1,56.1,0.3,3.1
06/03/2026,1630,GVZ:CGI,24.49,+.05,+0.20%,24.92,25.49,24.41,40.43,0.41,NaN,30.04,25.71,23.03,26.49,1102.03,2680.03,3.08,0.0,0.1,-3.7,-1.0
06/03/2026,1630,H,185.92,+.71,+0.38%,182.43,187.24,182.43,67.06,0.33,0.43,139.23,164.18,166.65,194.45,8210.02,19000.02,2.1,84.1,56.1,17.0,4.9
06/03/2026,1630,HACK,102.21,-3.16,-3.00%,104.58,104.58,101.6701,71.61,0.38,0.38,76.69,83.61,91.8,108.46,20205.02,10556.02,2.37,96.3,92.2,31.4,21.5
06/03/2026,1630,HAL,41.03,+1.07,+2.68%,40.12,41.255,40.12,53.8,0.32,0.42,33.49,40.7,38.02,43.14,-4201.03,-3856.04,10.04,64.1,42.1,0.0,-0.8
06/03/2026,1630,HBB,18.96,-.56,-2.87%,19.76,19.79,18.375,45.46,0.61,0.75,15.75,17.5,17.7,21.26,-1101.01,2095.04,4.14,39.2,77.2,0.0,0.0
06/03/2026,1630,HBDC,24.695,-.025,-0.10%,24.78,24.81,24.63,50.83,0.03,NaN,24.38,24.5,24.59,24.77,4204.01,2481.01,1.05,NaN,NaN,0.0,0.0
06/03/2026,1630,HCA,363.23,-4.12,-1.12%,362.99,367.31,358.93,16.5,0.22,0.33,522.49,422.14,346.72,406.0,-8113.03,-35893.01,13.03,75.1,30.1,-9.3,-17.1
06/03/2026,1630,HD,312.97,+1.45,+0.47%,307.94,313.52,307.12,46.46,0.25,0.32,338.03,296.88,298.97,326.17,4201.04,32210.04,4.11,88.2,69.1,0.0,0.1
06/03/2026,1630,HELE,25.57,-1.16,-4.34%,26.72,26.86,25.10,57.41,0.58,0.86,15.21,22.2,22.86,29.28,5101.04,2778.04,4.12,62.2,65.1,7.0,1.2
06/03/2026,1630,HII,287.54,-6.12,-2.08%,291.83,294.215,287.43,23.07,0.32,0.41,403.22,324.33,281.89,333.79,-14107.01,-28743.01,72.01,64.1,46.4,-0.9,0.0
06/03/2026,1630,HIMS,27.51,0,0.00%,26.95,28.035,25.712,58.49,0.91,0.92,15.21,22.14,22.21,29.02,3206.01,2804.01,1.11,44.1,57.1,0.0,0.0
06/03/2026,1630,HLN,8.72,+.02,+0.23%,8.67,8.76,8.65,31.9,0.2,0.34,9.98,8.89,8.62,9.44,-3104.01,-865.01,6.01,85.2,53.1,0.0,0.0
06/03/2026,1630,HLT,331.37,-1.48,-0.44%,331.20,335.37,330.81,56.84,0.25,0.31,289.52,308.76,312.23,344.8,7210.04,33781.04,4.22,77.1,73.1,2.8,0.3
06/03/2026,1630,HOOD,82.85,-5.31,-6.02%,86.445,86.815,82.41,52.82,0.75,0.73,72.8,75.11,69.53,95.42,2206.03,9240.03,3.05,57.2,77.1,0.8,0.0
06/03/2026,1630,HPP,13.27,-.21,-1.56%,13.30,13.593073,12.84,70.64,0.77,0.98,6.0,10.39,10.56,13.75,6207.01,1359.01,1.43,60.1,81.1,0.0,2.1
06/03/2026,1630,HQY,85.21,-3.13,-3.54%,87.92,88.2999,84.20,49.74,0.37,0.41,75.0,79.69,81.9,92.89,8101.03,9235.03,3.11,58.1,58.1,9.1,1.7
06/03/2026,1630,HSI:HK,25633.21,0,0.00%,0,0,0,48.06,0.18,NaN,24958.43,25847.15,24718.2,26340.9,1202.01,-2472726.05,13.05,0.0,52.1,-3.0,-7.1
06/03/2026,1630,HSY,183.20,-.89,-0.48%,184.19,188.13,182.30,39.38,0.3,0.31,214.66,186.18,180.83,198.59,-3103.01,-18230.01,5.01,47.1,78.4,0.0,0.0
06/03/2026,1630,HTZ,5.16,-.05,-0.96%,5.13,5.215,5.0229,43.34,0.62,0.99,3.82,5.08,4.63,5.75,1103.04,-480.09,32.09,41.1,33.1,-7.7,0.0
06/03/2026,1630,HUBS,222.45,-17.71,-7.37%,235.44,235.44,219.01,51.8,1.25,0.82,255.33,173.25,179.99,260.26,4208.02,26238.03,3.15,87.2,100.4,0.0,0.1
06/03/2026,1630,HUM,327.54,+6.66,+2.08%,321.20,332.26,321.20,75.43,0.54,0.45,163.6,292.07,295.62,330.35,3203.01,33226.01,1.58,33.1,77.4,0.0,15.8
06/03/2026,1630,HYG,79.68,-.22,-0.28%,79.75,79.775,79.63,44.15,0.05,0.06,79.12,79.44,79.37,80.48,-1103.03,8036.04,4.11,38.1,82.1,0.1,0.0
06/03/2026,1630,HYLS,40.83,-.07,-0.17%,41.53,41.53,40.55,47.78,0.05,NaN,40.62,40.77,40.65,40.99,-1205.01,-4055.01,1.01,0.0,79.1,-0.6,0.0
06/03/2026,1630,IAK,127.97,-1.14,-0.88%,128.77,129.55,127.66,37.22,0.13,0.16,129.35,129.58,125.89,135.53,-5106.01,-12766.01,9.02,64.1,31.1,0.0,-3.0
06/03/2026,1630,IBB,167.50,+3.23,+1.97%,163.62,167.62,163.37,46.69,0.24,0.23,164.78,163.11,162.52,174.03,-2102.01,-16337.01,17.01,43.1,90.1,0.0,-0.6
06/03/2026,1630,IBIT,37.00,-1.05,-2.76%,37.79,38.02,36.92,23.97,0.32,0.53,38.38,43.03,36.65,43.27,-12113.01,-3692.01,20.01,63.1,23.1,-10.6,-12.8
06/03/2026,1630,IDX,10.61,-.52,-4.67%,10.75,10.75,10.552,24.12,0.29,NaN,13.66,11.8,9.9,11.74,-1101.01,-1055.01,33.09,0.0,84.2,0.0,-8.8
06/03/2026,1630,IDXX,560.73,+9.91,+1.80%,549.44,562.16,547.57,51.03,0.32,0.33,567.62,523.38,535.7,581.07,4201.03,57350.04,4.15,58.1,67.1,0.0,0.3
06/03/2026,1630,IEF,94.00,-.24,-0.25%,93.99,94.10,93.905,43.54,0.06,0.07,95.55,93.34,93.22,94.94,3101.04,9474.04,4.1,28.1,79.2,-0.2,0.0
06/03/2026,1630,IFF,73.56,+.32,+0.44%,74.22,75.65,73.375,47.03,0.69,0.34,68.47,72.72,71.28,78.35,-2103.02,-7250.03,4.03,52.1,99.4,-9.4,3.9
06/03/2026,1630,IGLB,49.76,-.16,-0.32%,49.70,49.78,49.63,51.38,0.08,0.09,49.0,48.85,48.8,50.5,4209.04,5026.04,4.1,32.1,61.1,2.6,0.0
06/03/2026,1630,IGSB,52.26,-.03,-0.06%,52.24,52.26,52.2101,41.59,0.03,0.03,52.44,52.22,52.15,52.54,-2103.01,-5221.01,4.01,65.1,71.1,0.0,0.0
06/03/2026,1630,IIGD,24.48,-.025,-0.10%,24.48,24.48,24.48,44.83,0.03,NaN,24.61,24.39,24.33,24.57,2207.04,-2436.1,39.1,0.0,77.2,-7.7,0.0
06/03/2026,1630,IJT,162.60,-.95,-0.58%,163.05,163.20,162.06,55.18,0.15,0.18,141.7,158.06,157.93,167.1,4209.05,16561.06,6.1,51.1,17.1,1.1,0.0
06/03/2026,1630,ILMN,170.93,+8.38,+5.16%,162.89,172.49,160.10,80.38,0.34,0.46,115.31,138.06,140.73,174.43,8209.01,17249.01,1.24,56.1,23.1,2.3,0.0
06/03/2026,1630,INDA,47.36,-.67,-1.39%,47.80,47.8603,47.27,39.0,0.18,0.21,47.92,47.54,47.17,48.86,-2103.01,-4727.01,19.01,77.1,82.1,-9.5,0.0
06/03/2026,1630,INDY,41.71,-.57,-1.35%,42.10,42.10,41.64,36.86,0.17,NaN,43.09,41.91,41.62,42.89,-1103.01,-4164.01,38.01,61.1,73.1,-12.9,0.0
06/03/2026,1630,INFL,52.03,-.25,-0.48%,52.25,52.42,51.95,42.49,0.13,0.27,51.87,52.38,51.35,53.48,-5107.02,-5158.02,15.02,84.2,43.1,-0.2,-3.2
06/03/2026,1630,INMD,13.49,-.01,-0.07%,13.49,13.51,13.35,39.5,0.28,0.33,12.72,13.76,13.39,14.1,-3103.01,-1335.01,4.01,20.1,25.1,-3.2,0.0
06/03/2026,1630,INTC,112.71,+4.78,+4.43%,116.42,118.29,110.86,56.33,0.78,0.85,41.64,103.85,103.85,125.02,-2104.02,-10417.02,4.02,92.3,73.3,-5.5,0.0
06/03/2026,1630,INVH,28.98,+.11,+0.38%,28.75,29.11,28.6692,57.61,0.17,0.26,24.87,27.77,28.24,29.92,8102.03,2969.04,4.13,33.1,25.1,0.2,1.0
06/03/2026,1630,IONQ,68.23,-3.17,-4.44%,70.325,73.65,67.51,65.73,1.06,1.1,32.84,47.48,50.75,79.77,7210.03,7365.01,5.11,77.2,79.2,17.2,7.5
06/03/2026,1630,IPO,56.85,-.72,-1.25%,57.40,57.40,55.215,70.1,0.34,0.28,41.84,48.19,51.24,60.23,8210.02,5874.03,3.16,68.2,77.1,22.2,9.7
06/03/2026,1630,IRM,127.95,-.51,-0.40%,128.01,130.7399,127.72,58.0,0.26,0.37,102.52,122.86,124.23,129.95,4207.01,13074.01,1.11,60.1,30.1,-2.2,4.2
06/03/2026,1630,IRT,16.23,+.39,+2.46%,15.71,16.245,15.68,49.66,0.19,0.39,15.73,15.86,15.7,16.94,-4106.01,-1568.01,7.01,68.2,35.1,0.0,0.0
06/03/2026,1630,ITA,224.89,-3.44,-1.51%,226.02,227.9008,224.85,48.8,0.26,0.28,227.53,216.68,216.92,238.72,5101.04,23593.04,4.27,84.1,87.1,8.2,0.0
06/03/2026,1630,ITB,92.46,-.79,-0.85%,92.52,93.46,92.00,49.94,0.28,0.35,92.45,86.45,87.01,96.64,5210.03,9441.04,4.11,86.2,44.3,0.0,0.2
06/03/2026,1630,ITW,250.26,+1.68,+0.68%,250.09,252.05,247.31,44.58,0.16,0.27,265.47,246.36,245.8,252.48,1201.01,25205.01,1.02,86.1,17.1,-7.9,1.2
06/03/2026,1630,IVOL,17.68,-.06,-0.34%,17.67,17.705,17.6516,20.37,0.04,0.23,18.73,17.93,17.59,18.04,-16126.01,-1765.01,45.01,52.1,0.1,-12.2,-5.8
06/03/2026,1630,IWC,187.33,-4.00,-2.09%,190.51,190.51,186.55,54.54,0.25,0.26,159.14,176.92,178.01,197.9,5101.04,19324.05,5.1,79.1,62.1,2.9,2.2
06/03/2026,1630,IWF,126.63,-1.66,-1.29%,128.00,128.03,126.30,63.56,0.13,0.22,109.43,122.6,123.23,129.72,12210.02,12914.03,3.46,68.1,29.1,7.0,5.2
06/03/2026,1630,IWM,287.67,-3.99,-1.37%,289.99,290.01,286.78,57.68,0.2,0.24,244.39,273.94,275.18,298.54,4209.05,29274.05,5.1,31.1,54.1,4.9,1.3
06/03/2026,1630,IWN,212.19,-2.81,-1.31%,214.01,214.01,212.0276,55.82,0.17,0.2,185.09,205.1,205.21,219.23,4101.05,21565.05,5.1,52.1,32.1,6.3,0.0
06/03/2026,1630,IWO,376.99,-5.40,-1.41%,380.365,380.66,374.26,58.91,0.23,0.24,312.58,354.2,356.94,393.03,5209.04,38395.05,5.1,65.1,62.1,3.8,2.9
06/03/2026,1630,J,121.28,-.66,-0.54%,120.73,122.22,119.34,52.48,0.48,0.37,127.12,105.68,110.21,126.77,5209.02,12453.03,3.14,83.1,83.4,0.0,0.0
06/03/2026,1630,JACK,11.95,-.80,-6.27%,12.55,12.74,11.885,48.38,0.93,0.89,12.3,10.45,10.29,13.55,3206.02,1379.03,3.11,78.1,100.4,-2.0,0.0
06/03/2026,1630,JBHT,280.05,+4.46,+1.62%,277.95,281.62,276.01,69.44,0.35,0.43,199.98,235.19,257.23,294.68,5214.06,28162.01,10.14,88.2,62.2,20.0,8.6
06/03/2026,1630,JBLU,4.77,-.16,-3.25%,4.85,4.86,4.66,44.96,0.64,0.91,4.07,4.55,4.38,5.72,-1102.01,552.04,4.1,78.1,70.1,6.4,0.0
06/03/2026,1630,JBSAY,14.44,0,0.00%,0,0,0,49.84,0.41,NaN,NaN,NaN,Infinity,-Infinity,2201.01,1550.01,1.04,0.0,47.1,-0.8,-0.1
06/03/2026,1630,JETS,27.83,-.67,-2.35%,28.16,28.22,27.77,54.71,0.41,0.46,23.81,25.33,25.27,30.6,5101.04,2976.04,4.1,78.1,96.2,11.7,1.3
06/03/2026,1630,JNJ,223.24,+.35,+0.16%,222.45,224.93,222.00,40.26,0.19,0.26,235.43,225.44,220.64,234.32,-4104.01,-22200.01,8.01,88.1,80.3,0.0,0.0
06/03/2026,1630,JNK,96.00,-.21,-0.22%,96.08,96.10,95.92,44.81,0.05,0.08,95.19,95.64,95.58,96.95,-1103.03,9682.04,4.1,52.1,74.1,0.2,0.0
06/03/2026,1630,JOBY,11.43,-.44,-3.71%,11.585,11.63,11.14,58.53,0.91,0.88,9.14,10.02,9.88,12.87,5209.03,1229.03,3.25,65.2,73.4,3.8,2.3
06/03/2026,1630,JOE,64.49,+.91,+1.43%,62.99,64.52,62.99,48.96,0.21,0.33,66.15,62.86,62.86,65.39,-3201.01,-6299.01,4.01,50.1,4.1,-2.2,0.0
06/03/2026,1630,JOET,45.12,0,0.00%,45.08,45.24,44.91,71.85,0.12,0.12,40.27,42.55,42.95,45.73,8209.01,4524.01,2.1,2.1,35.1,12.2,3.0
06/03/2026,1630,JPM,300.85,-.11,-0.04%,299.92,301.96,296.56,48.15,0.23,0.29,279.1,296.45,294.54,306.9,-6202.01,-29527.03,7.02,72.1,69.2,-6.7,0.0
06/03/2026,1630,JPXN,100.06,+.13,+0.13%,100.415,100.455,100.06,60.18,0.15,NaN,89.58,97.6,97.31,101.31,2207.04,10093.15,17.29,0.0,20.1,0.0,2.9
06/03/2026,1630,JYNT,8.27,-.40,-4.61%,8.72,8.72,8.1927,38.78,0.4,0.64,8.21,8.09,8.08,9.49,-2103.01,-819.01,5.01,52.1,73.2,1.6,-0.1
06/03/2026,1630,K,83.44,0,0.00%,0,0,0,60.53,0.03,0.1,76.99,83.35,82.98,83.69,1203.03,-8305.04,9.04,25.1,26.1,0.9,-1.1
06/03/2026,1630,KBA,34.80,+.05,+0.14%,34.80,34.84,34.73,61.15,0.26,0.3,29.75,33.38,32.85,35.26,2202.01,-3301.09,15.09,71.1,98.4,0.0,0.0
06/03/2026,1630,KBWP,115.1334,-.9566,-0.82%,115.55,116.26,114.87,34.85,0.15,0.1,119.56,115.84,113.24,122.2,-5106.01,-11487.01,10.03,15.1,39.1,0.0,-0.3
06/03/2026,1630,KCE,147.54,-2.78,-1.85%,148.54,148.54,146.29,40.02,0.15,0.13,134.61,151.25,148.06,154.2,-5102.01,-14629.01,14.01,16.1,6.1,-0.8,-0.9
06/03/2026,1630,KDP,30.55,+.19,+0.63%,30.30,31.04,30.19,69.66,0.16,0.3,26.92,28.77,28.55,31.06,7208.01,3104.01,1.08,69.1,19.1,1.9,1.9
06/03/2026,1630,KEMX,52.75,-.70,-1.31%,53.60,53.60,52.631,68.36,0.34,0.38,39.78,47.3,47.95,54.59,8209.01,5360.01,1.11,90.1,88.2,3.4,11.4
06/03/2026,1630,KHC,22.76,-.57,-2.44%,23.055,23.39,22.61,42.76,0.26,0.34,22.27,22.82,22.65,24.58,-1103.01,-2261.01,4.01,74.1,64.1,1.8,0.0
06/03/2026,1630,KLAC,2125.11,+79.91,+3.91%,2048.27,2145.52,2019.54,69.36,0.53,0.65,1321.02,1736.22,1782.59,2154.7,7210.01,214552.01,1.11,99.2,87.2,7.0,4.9
06/03/2026,1630,KMX,46.03,+2.10,+4.78%,43.74,47.79,43.52,67.97,0.46,0.76,40.0,36.4,38.07,48.19,8209.01,4779.01,1.1,97.2,67.1,12.8,0.0
06/03/2026,1630,KNX,78.27,+.65,+0.84%,77.33,78.73,77.23,75.36,0.55,0.42,51.76,59.43,71.04,84.58,8214.05,7884.02,10.14,63.1,92.4,28.2,11.0
06/03/2026,1630,KO,78.76,+.35,+0.45%,78.285,79.03,78.11,46.64,0.15,0.21,76.35,79.84,77.68,82.34,-4105.01,-7811.01,10.01,52.1,39.1,0.0,0.0
06/03/2026,1630,KR,61.23,-.33,-0.54%,61.36,61.89,61.005,32.56,0.31,0.38,71.36,64.36,59.19,68.95,-8107.01,-6101.01,10.02,96.4,79.2,0.0,-6.9
06/03/2026,1630,KRE,67.88,-1.66,-2.39%,69.08,69.13,67.81,45.22,0.21,0.28,62.39,66.42,66.96,71.02,3101.06,7064.06,6.13,24.1,41.1,0.0,0.0
06/03/2026,1630,KSA,38.22,-.49,-1.27%,38.47,38.565,38.22,43.34,0.13,0.21,36.45,38.18,38.04,38.84,1101.02,-3804.03,4.03,29.1,40.1,-4.8,0.0
06/03/2026,1630,KSS,15.52,-.33,-2.08%,15.85,16.03,15.255,60.9,0.94,0.69,13.03,11.38,11.63,16.99,7209.01,1611.02,2.12,13.1,77.4,0.4,0.0
06/03/2026,1630,KVUE,16.83,-.49,-2.83%,17.32,17.34,16.82,37.59,0.2,0.22,17.36,16.98,16.88,17.76,-2104.01,-1682.01,4.01,5.1,38.1,0.0,0.0
06/03/2026,1630,KW,10.99,-.01,-0.09%,11.00,11.02,10.99,52.73,0.04,0.14,10.83,10.97,10.98,11.05,-2102.01,-1099.01,17.01,0.1,8.1,-0.6,1.1
06/03/2026,1630,KWEB,27.22,-1.11,-3.92%,27.62,27.67,27.19,43.19,0.41,0.35,29.49,27.93,25.33,29.09,1202.02,-2623.05,15.05,65.1,100.4,-4.2,-6.3
06/03/2026,1630,LAMR,149.59,-.89,-0.59%,149.34,150.40,148.61,56.31,0.37,0.26,132.0,144.11,146.11,156.26,-1103.01,15766.17,17.52,48.2,94.4,-1.2,4.6
06/03/2026,1630,LCID,5.72,-.45,-7.29%,6.01,6.04,5.70,38.6,0.63,1.01,9.53,5.64,5.38,6.76,-1102.01,681.02,2.09,60.1,40.1,0.0,0.0
06/03/2026,1630,LEVI,22.62,-.24,-1.05%,22.82,22.9791,22.50,54.17,0.32,0.45,17.81,20.93,20.84,24.5,5101.04,2367.04,4.1,70.1,47.1,7.6,0.0
06/03/2026,1630,LFMD,4.56,-.13,-2.77%,4.62,4.64,4.42,53.06,0.92,0.96,2.84,4.14,4.07,4.77,5203.01,481.02,2.15,69.1,69.1,-2.7,0.0
06/03/2026,1630,LFST,7.50,-.26,-3.35%,7.74,7.80,7.445,48.94,0.91,0.49,6.21,7.57,7.27,8.02,2101.02,798.02,2.08,40.1,89.4,-10.5,1.7
06/03/2026,1630,LH,258.92,+1.22,+0.47%,257.20,259.58,253.055,49.95,0.17,0.3,262.55,250.0,252.74,264.16,-1202.01,-25306.01,4.01,82.1,28.1,0.0,0.4
06/03/2026,1630,LI,14.99,-.44,-2.85%,15.00,15.20,14.88,34.37,0.61,0.54,16.88,16.53,12.53,16.82,1201.01,-1453.03,14.05,50.1,100.4,-5.8,-28.1
06/03/2026,1630,LII,515.30,-1.07,-0.21%,515.03,526.95,510.51,55.35,0.36,0.42,471.01,491.63,479.23,523.28,4207.01,52695.01,1.09,87.1,64.1,-6.2,0.0
06/03/2026,1630,LIN,507.57,+11.66,+2.35%,498.15,512.21,496.14,52.86,0.19,0.26,471.14,503.68,492.29,518.33,-5201.01,-49614.01,8.01,80.1,68.1,0.0,0.0
06/03/2026,1630,LIT,84.86,-1.54,-1.78%,85.51,85.98,84.66,49.07,0.3,0.41,68.24,82.53,81.08,88.98,1101.05,-8220.1,19.1,90.2,42.1,-9.9,0.0
06/03/2026,1630,LLY,1078.78,+14.63,+1.37%,1059.50,1093.2775,1053.51,61.52,0.32,0.37,966.09,978.87,997.66,1149.1,14201.04,113266.04,4.25,39.1,52.1,11.5,7.1
06/03/2026,1630,LMND,52.66,-5.40,-9.30%,56.80,56.87,51.93,39.31,0.62,0.76,52.21,50.8,51.62,60.61,-1101.01,-5193.01,3.01,33.1,16.1,0.0,0.7
06/03/2026,1630,LMT,512.03,-1.40,-0.27%,512.25,524.54,510.54,36.46,0.19,0.34,640.5,510.79,508.56,538.37,-3103.01,-51054.01,5.01,86.1,27.1,0.0,0.0
06/03/2026,1630,LNG,235.37,-.64,-0.27%,237.73,241.53,234.91,41.72,0.34,0.35,242.98,238.5,221.25,248.38,1202.01,-22383.04,23.04,78.1,78.1,-2.4,-1.1
06/03/2026,1630,LOGI,119.07,-7.62,-6.01%,123.45,123.75,118.665,63.3,0.57,0.45,88.25,99.63,104.83,130.87,13209.02,12966.02,2.37,85.2,100.4,10.3,11.0
06/03/2026,1630,LOTMY,30.3400,+.5195,+1.74%,30.3800,30.3800,29.9901,54.06,0.45,NaN,26.62,29.58,28.75,30.65,2203.01,3038.01,1.25,0.0,NaN,-14.2,0.0
06/03/2026,1630,LOW,207.65,+1.01,+0.49%,203.57,207.85,203.40,32.93,0.26,0.32,236.99,217.33,203.37,222.88,-15104.01,-20340.01,31.01,72.1,58.1,-10.4,-5.2
06/03/2026,1630,LQD,108.62,-.30,-0.28%,108.59,108.70,108.47,48.23,0.06,0.07,108.02,107.5,107.38,109.82,4208.04,10960.04,4.1,34.1,69.1,0.2,0.0
06/03/2026,1630,LRCX,343.71,+9.30,+2.78%,335.05,346.19,332.13,73.47,0.54,0.68,194.08,273.08,285.13,352.68,8210.01,34619.01,1.24,76.1,61.1,6.5,4.9
06/03/2026,1630,LUV,40.87,-1.47,-3.47%,41.54,42.155,40.815,50.12,0.41,0.52,38.09,38.1,37.71,45.47,5101.04,4412.04,4.1,72.1,53.1,7.8,1.4
06/03/2026,1630,LUXE,7.48,+.15,+2.05%,7.22,7.575,7.1149,45.4,0.61,0.84,8.03,7.5,6.48,7.87,-10203.1,-673.07,19.1,55.2,85.2,-2.8,0.0
06/03/2026,1630,LVS,50.86,-.35,-0.68%,51.00,51.2999,50.20,45.78,0.3,0.39,51.47,50.17,48.85,52.83,3206.02,5308.02,2.08,55.1,54.1,-1.4,0.0
06/03/2026,1630,LW,41.94,+.33,+0.79%,41.40,42.00,41.23,46.29,0.37,0.41,40.1,40.65,41.1,44.27,-4103.01,-4123.01,11.01,61.1,70.1,0.2,2.3
06/03/2026,1630,LYB,67.30,-.01,-0.01%,67.52,68.48,67.00,38.71,0.3,0.47,64.18,72.12,63.04,74.47,-10112.04,-6595.02,21.04,34.1,2.1,-1.9,-11.8
06/03/2026,1630,LYFT,14.09,-.02,-0.14%,14.07,14.12,13.77,52.54,0.41,0.57,12.89,12.76,12.92,14.87,4208.02,1460.02,2.1,29.1,41.1,0.0,0.0
06/03/2026,1630,LYV,164.25,-3.39,-2.02%,166.79,167.7699,163.3075,49.7,0.31,0.36,152.64,163.93,162.02,170.8,-1101.01,-16331.01,3.01,36.1,56.1,0.0,3.0
06/03/2026,1630,M,21.80,+.13,+0.60%,21.99,22.90,21.24,64.13,0.45,0.47,16.87,17.93,19.1,23.91,7211.04,2290.01,5.13,31.2,70.4,18.1,1.0
06/03/2026,1630,MA,471.55,-6.13,-1.28%,477.35,481.96,464.52,32.6,0.21,0.28,495.4,488.01,473.46,506.7,-5107.01,-46452.01,8.01,75.1,54.1,0.0,0.0
06/03/2026,1630,MAC,22.30,+.06,+0.27%,22.21,22.455,22.13,54.79,0.3,0.37,17.91,21.5,21.76,22.99,7103.02,2290.02,2.16,45.1,50.1,0.1,2.6
06/03/2026,1630,MAR,376.75,+2.99,+0.80%,373.83,377.13,371.28,60.08,0.22,0.31,311.2,346.26,355.73,396.51,9201.04,38837.05,5.22,69.1,26.1,10.7,5.0
06/03/2026,1630,MARA,13.96,-.32,-2.24%,14.00,14.375,13.695,59.3,0.58,0.93,7.89,11.62,12.31,15.59,8210.02,1532.03,3.11,38.1,15.1,5.7,1.5
06/03/2026,1630,MCD,273.29,-3.07,-1.11%,275.77,276.85,273.29,33.87,0.17,0.23,321.32,273.24,272.28,284.1,-3105.01,-27329.01,32.01,73.1,53.1,-4.6,1.9
06/03/2026,1630,MCHP,96.55,-.41,-0.42%,96.635,97.39,94.355,57.4,0.43,0.59,61.39,91.13,90.54,99.04,2202.01,9930.02,2.03,87.2,52.1,-7.5,1.5
06/03/2026,1630,MCK,739.53,+2.75,+0.37%,740.17,743.28,729.19,35.5,0.34,0.29,909.77,727.69,726.82,775.69,-4104.01,-72919.01,36.01,60.1,92.4,-3.6,0.3
06/03/2026,1630,MCO,448.39,-5.21,-1.15%,450.00,451.015,441.785,49.4,0.27,0.33,422.16,426.21,432.31,468.07,7101.02,46567.03,3.1,79.1,70.1,0.0,0.0
06/03/2026,1630,MCW,7.10,0,0.00%,0,0,0,66.52,0.05,NaN,6.96,7.04,7.02,7.12,5205.01,711.01,1.18,56.2,10.1,0.4,6.5
06/03/2026,1630,MDB,368.32,-30.14,-7.56%,391.27,392.49,364.37,62.98,0.98,0.71,256.65,292.46,284.76,410.9,5205.01,39249.01,1.37,68.3,84.4,9.7,0.1
06/03/2026,1630,MDLZ,61.31,+.24,+0.39%,61.27,62.26,61.11,53.8,0.15,0.28,54.31,60.3,60.38,62.41,1104.01,6226.01,1.03,75.1,12.1,0.0,0.0
06/03/2026,1630,MELI,1638.54,-34.29,-2.05%,1652.01,1670.00,1629.515,44.06,0.61,0.41,1631.18,1495.0,1558.58,1774.96,2101.05,-149500.15,19.15,54.1,99.4,-1.2,0.1
06/03/2026,1630,META,622.98,+25.35,+4.24%,603.00,624.15,600.27,51.45,0.31,0.38,609.55,596.66,592.97,639.38,-3201.01,-59668.02,3.02,61.1,56.1,0.0,0.0
06/03/2026,1630,MGM,48.30,-.06,-0.12%,48.08,48.75,47.71,73.79,0.68,0.29,33.45,36.36,38.83,52.54,7209.02,5050.02,2.09,1.1,100.4,12.2,0.5
06/03/2026,1630,MGPI,16.29,-.53,-3.15%,16.79,17.00,16.29,29.62,0.37,0.69,17.72,17.79,16.34,18.72,-3104.01,-1629.01,20.01,96.2,50.1,-11.1,-2.5
06/03/2026,1630,MICC,16.72,-.08,-0.48%,16.73,16.82,16.66,62.72,0.53,0.48,14.96,14.75,15.27,17.57,2206.09,1703.13,13.29,NaN,NaN,5.2,9.6
06/03/2026,1630,MKOR,67.7341,-.6759,-0.99%,67.97,67.97,66.79,63.86,0.62,0.53,43.14,58.58,59.21,71.72,6209.03,6936.03,3.11,98.4,91.2,0.5,7.1
06/03/2026,1630,MLCO,5.78,+.03,+0.52%,5.75,5.85,5.60,59.05,0.32,0.53,5.45,5.33,5.32,5.88,6207.01,585.02,1.07,45.1,39.1,0.0,0.0
06/03/2026,1630,MLM,583.15,+6.22,+1.08%,572.38,586.10,572.38,52.06,0.32,0.31,578.34,555.08,531.05,600.85,2207.04,59222.04,4.1,83.1,87.2,0.0,0.0
06/03/2026,1630,MNDY,85.95,-5.56,-6.08%,89.55,89.775,84.76,58.86,0.88,0.93,73.15,65.92,70.97,97.53,5212.02,9730.03,3.14,91.1,84.4,5.9,2.9
06/03/2026,1630,MNSO,13.27,-.21,-1.56%,13.26,13.37,13.17,39.4,0.4,0.51,16.52,14.11,11.91,14.33,1203.02,-1230.05,40.05,44.1,79.2,-0.1,-9.4
06/03/2026,1630,MNST,89.04,+.80,+0.91%,87.88,89.70,87.8365,66.17,0.49,0.27,73.35,85.2,86.56,90.57,2204.03,8986.03,3.21,41.1,94.4,0.0,17.6
06/03/2026,1630,MO,70.30,+1.06,+1.53%,69.40,71.265,69.3101,49.07,0.26,0.26,65.6,69.9,67.82,74.86,-3107.02,-6822.02,22.02,82.1,76.3,-0.6,0.0
06/03/2026,1630,MOH,184.82,+4.96,+2.76%,182.10,186.68,180.29,55.92,0.39,0.5,137.61,179.53,171.64,189.02,1203.01,18668.01,1.03,42.1,38.1,-4.7,-0.8
06/03/2026,1630,MOO,80.14,+.38,+0.48%,79.74,80.87,79.605,40.18,0.14,0.23,81.02,80.74,78.48,81.88,-10119.03,-7889.03,20.03,84.2,48.1,-5.3,-4.8
06/03/2026,1630,MOVE:GIF,73.5773,+.1445,+0.20%,73.4328,73.5773,73.4328,48.4,0.82,NaN,74.53,69.63,65.98,86.98,-2107.04,8532.1,10.39,0.0,72.1,0.0,0.0
06/03/2026,1630,MP,68.55,-3.69,-5.11%,70.38,71.9263,67.41,56.15,0.75,0.77,56.34,55.05,55.74,75.31,6209.01,7352.02,2.1,53.2,45.2,0.0,0.0
06/03/2026,1630,MPC,267.21,+4.15,+1.58%,265.58,272.46,263.1301,63.73,0.39,0.41,212.38,245.51,243.33,269.39,3203.01,27246.01,1.06,82.1,85.2,0.0,3.6
06/03/2026,1630,MPLX,55.26,-.42,-0.75%,55.60,56.19,55.10,47.8,0.21,0.23,57.83,53.94,54.46,56.58,1101.01,-5432.04,6.04,49.1,93.4,-0.6,2.8
06/03/2026,1630,MPNGY,20.20,-1.27,-5.92%,20.61,20.61,20.11,46.23,0.66,NaN,19.18,20.64,18.1,22.03,1202.02,-1877.04,15.04,0.0,100.4,0.0,-10.8
06/03/2026,1630,MRNA,49.06,+3.42,+7.49%,45.30,49.55,45.30,51.78,0.64,0.78,49.22,47.64,44.46,50.01,-6201.01,4955.01,1.02,55.1,65.2,-8.1,-0.2
06/03/2026,1630,MRVL,301.65,+10.86,+3.73%,317.63,324.20,294.0101,86.85,1.17,1.07,83.4,165.1,197.17,301.44,8211.01,32420.01,1.46,100.4,100.4,16.9,5.1
06/03/2026,1630,MSFT,427.34,-13.97,-3.17%,438.45,440.39,424.25,52.6,0.35,0.35,394.25,400.88,404.18,461.11,9101.02,45350.02,2.14,90.2,92.2,5.1,0.0
06/03/2026,1630,MSGS,380.82,-1.90,-0.50%,384.00,386.05,378.00,77.19,0.25,0.37,306.21,325.5,350.4,391.01,12215.01,38605.01,1.15,98.2,61.1,14.5,6.6
06/03/2026,1630,MSM,117.21,+2.04,+1.77%,114.48,117.27,113.53,78.3,0.23,0.39,87.12,103.25,104.04,117.63,7210.01,11727.01,1.1,95.1,26.1,1.6,0.3
06/03/2026,1630,MSTR,126.545,-9.535,-7.01%,134.50,138.18,125.00,30.5,0.68,1.03,131.77,162.02,123.16,171.09,-10113.01,-12500.01,17.01,94.1,69.1,-10.4,-13.5
06/03/2026,1630,MTCH,34.32,-1.00,-2.83%,34.91,35.25,34.10,41.18,0.36,0.37,29.85,35.1,34.44,36.78,-2102.01,-3410.01,3.01,40.1,77.2,-2.6,0.1
06/03/2026,1630,MTDR,56.54,+.54,+0.96%,56.58,56.98,55.90,47.85,0.54,0.46,54.15,55.72,50.64,61.5,-5201.04,-5246.04,25.05,44.1,98.4,-2.2,-4.9
06/03/2026,1630,MTUM,329.50,+3.47,+1.06%,328.78,331.49,325.34,78.32,0.27,0.36,238.25,290.86,299.01,333.14,8210.01,33149.01,1.45,100.4,91.2,3.6,8.1
06/03/2026,1630,MU,1079.57,+15.47,+1.45%,1079.01,1089.29,1038.50,82.37,0.97,1.06,357.67,663.25,769.18,1137.5,7207.01,108929.01,1.45,98.4,98.4,15.4,14.1
06/03/2026,1630,MUR,39.17,+1.21,+3.19%,38.25,39.625,37.935,53.88,0.46,0.55,32.39,37.84,34.5,40.93,1202.01,-3547.05,24.05,63.1,48.1,-1.8,-4.9
06/03/2026,1630,MUSA,542.16,16.03,3.05%,527.3,551.1599,527.3,51.44,0.32,0.41,418.1,556.53,482.36,579.84,-8201.04,-50170.04,20.04,73.1,44.1,-5.2,-3.5
06/03/2026,1630,MZTI,107.01,-1.82,-1.67%,108.00,108.625,105.87,26.19,0.2,0.24,150.16,112.59,107.02,115.91,-4104.01,-10587.01,4.01,52.1,29.1,-1.9,0.0
06/03/2026,1630,N225:JP,68402.13,0,0.00%,0,0,0,75.39,0.3,NaN,51407.66,60256.33,61530.5,69591.23,8210.01,6878649.01,1.11,0.0,84.1,11.3,8.0
06/03/2026,1630,NBIS,251.68,-8.90,-3.42%,260.215,267.46,247.51,67.7,1.13,1.15,86.5,190.08,191.35,273.77,14209.01,26746.01,1.24,91.3,81.2,6.8,8.6
06/03/2026,1630,NBIX,165.11,+10.27,+6.63%,155.56,165.81,155.12,69.41,0.45,0.37,126.88,155.5,152.65,164.14,1201.01,16581.01,1.02,56.1,93.4,-0.2,7.1
06/03/2026,1630,NCLH,18.15,+.02,+0.11%,18.11,18.73,18.03,55.42,0.52,0.6,18.51,15.16,15.13,19.74,6210.03,1873.01,4.11,68.1,60.1,0.1,0.0
06/03/2026,1630,NEE,84.58,-1.10,-1.28%,85.66,86.30,84.52,34.52,0.29,0.27,89.65,86.63,80.42,92.18,-9113.03,-8357.03,23.1,33.1,80.3,-9.1,-15.8
06/03/2026,1630,NEM,107.47,-2.03,-1.85%,107.99,108.89,106.60,45.12,0.47,0.49,108.8,108.47,101.45,115.85,-6101.05,-10362.05,17.09,63.1,58.1,-6.1,-0.3
06/03/2026,1630,NET,265.33,-7.33,-2.69%,270.00,270.23,260.74,67.47,1.18,0.69,188.0,185.75,202.31,286.53,6209.01,27463.02,2.15,69.1,99.4,0.0,1.8
06/03/2026,1630,NFLX,81.52,-1.81,-2.17%,82.91,83.31,81.1001,27.25,0.23,0.44,93.87,86.28,81.7,90.06,-5107.01,-8110.01,8.01,81.2,29.1,0.0,0.0
06/03/2026,1630,NIKL,14.44,-1.34,-8.49%,15.03,15.03,14.36,35.27,0.54,NaN,16.11,15.3,13.69,16.53,-1101.01,-1436.01,16.1,0.0,84.1,-6.8,-1.0
06/03/2026,1630,NKE,43.81,+.08,+0.18%,43.65,43.99,43.16,44.66,0.34,0.52,53.74,41.35,41.63,48.14,-1102.01,4720.04,4.12,93.4,63.1,7.6,0.2
06/03/2026,1630,NLR,131.83,-6.34,-4.59%,137.15,137.15,131.09,45.61,0.47,0.36,132.97,126.08,124.78,139.09,3101.01,13715.01,1.11,40.1,75.1,-9.1,0.0
06/03/2026,1630,NNN,44.19,+.37,+0.84%,43.78,44.409,43.675,48.91,0.16,0.26,44.43,43.34,43.19,45.64,-3104.01,-4325.02,6.02,75.2,52.1,0.0,0.0
06/03/2026,1630,NOAH,10.34,-.27,-2.54%,10.50,10.525,10.24,47.55,0.28,0.97,11.3,10.21,9.92,10.76,4205.02,1067.02,2.08,99.4,31.1,-2.2,0.0
06/03/2026,1630,NORW,37.95,-.198,-0.52%,38.24,38.3401,37.95,44.58,0.14,NaN,35.11,37.79,37.6,39.38,-5106.01,-3795.01,9.04,0.0,35.1,0.0,0.0
06/03/2026,1630,NOW,117.90,-9.75,-7.64%,127.99,128.0786,117.34,59.57,0.87,0.7,111.71,85.44,97.57,140.46,9101.02,13920.03,3.14,95.4,94.2,21.9,4.4
06/03/2026,1630,NSA,42.37,+.50,+1.19%,41.75,42.78,41.75,51.42,0.26,0.6,30.48,40.9,41.02,43.66,-1201.03,4374.05,5.11,98.4,51.1,-1.2,-0.5
06/03/2026,1630,NSC,305.11,-2.44,-0.79%,307.82,311.07,305.04,44.36,0.27,0.28,288.1,309.83,298.76,324.2,-4105.02,-30126.03,5.03,94.2,88.4,0.0,-0.5
06/03/2026,1630,NSP,33.60,-2.25,-6.28%,35.24,35.24,33.23,54.71,0.73,0.78,18.57,28.04,29.21,37.91,5208.02,3724.02,2.2,83.1,65.1,0.0,0.0
06/03/2026,1630,NSSC,35.99,-.21,-0.58%,36.01,36.33,35.72,38.29,0.37,0.47,40.94,35.73,34.88,37.81,-3103.02,-3527.02,23.02,42.1,49.4,-14.9,0.0
06/03/2026,1630,NTLA,13.02,-.11,-0.84%,12.97,13.0378,12.47,46.99,0.65,0.92,12.55,12.11,11.6,14.38,3206.03,1430.04,4.09,53.1,22.1,-0.1,0.0
06/03/2026,1630,NTR,68.81,+.31,+0.45%,68.50,69.98,68.10,41.72,0.38,0.35,74.32,70.39,67.46,71.23,-8120.01,-6810.01,21.03,61.1,76.3,-11.6,0.1
06/03/2026,1630,NUE,257.73,-.73,-0.28%,257.18,261.465,255.01,79.28,0.28,0.39,162.0,223.04,227.78,265.64,7208.01,26146.01,1.1,64.1,48.2,7.5,4.1
06/03/2026,1630,NVDA,214.75,-8.07,-3.62%,221.72,222.82,214.51,51.14,0.44,0.45,175.56,218.37,205.28,230.8,1101.02,23228.02,2.06,58.2,94.3,0.0,0.0
06/03/2026,1630,NVO,42.00,-.92,-2.14%,42.715,42.765,41.90,40.86,0.27,0.45,37.7,43.97,41.75,46.5,-2103.01,-4190.01,17.01,15.1,11.1,-1.6,0.0
06/03/2026,1630,NXPI,321.88,-1.74,-0.54%,322.30,327.48,318.71,62.9,0.51,0.56,190.16,284.78,288.76,347.13,7202.04,33500.04,4.11,99.2,92.1,0.1,2.0
06/03/2026,1630,NYT,75.17,-.07,-0.09%,75.36,75.705,73.73,43.29,0.39,0.36,77.69,74.11,73.33,76.47,-10206.01,-7373.01,19.01,82.1,87.4,-11.9,0.0
06/03/2026,1630,O,59.72,-.19,-0.32%,59.88,60.655,59.72,33.96,0.19,0.21,63.94,61.11,59.22,63.04,-4105.01,-5972.01,6.01,74.1,90.4,-0.2,-0.9
06/03/2026,1630,OC,120.16,-.25,-0.21%,120.19,120.865,118.412,51.32,0.39,0.44,102.62,111.95,109.94,129.2,4209.04,12767.04,4.09,70.1,73.3,1.0,0.0
06/03/2026,1630,OIH,431.22,+.77,+0.18%,431.18,436.22,426.32,50.4,0.28,0.37,365.6,432.07,409.35,456.32,-4106.03,-41791.03,10.03,73.1,42.2,0.0,-0.2
06/03/2026,1630,OKE,86.75,+.03,+0.03%,86.77,88.69,86.69,45.36,0.37,0.34,84.24,87.26,81.94,95.28,-5107.02,-8451.03,10.03,71.1,99.4,0.0,-0.2
06/03/2026,1630,OKLO,65.21,-8.26,-11.24%,70.72,70.85,64.05,48.35,1.14,1.09,56.47,56.8,56.99,75.0,2101.02,7386.02,2.1,70.2,73.3,-2.8,0.0
06/03/2026,1630,OKTA,124.65,-10.67,-7.89%,132.48,132.735,124.2001,70.24,1.15,0.63,76.4,77.45,90.82,147.66,14214.02,13700.02,2.36,73.3,100.4,26.3,8.3
06/03/2026,1630,OLLI,79.74,+.49,+0.62%,78.10,82.1678,77.14,43.57,0.49,0.51,103.05,73.32,76.68,85.25,-1103.01,-7714.01,5.01,78.4,96.4,0.0,3.4
06/03/2026,1630,OMF,53.41,-1.11,-2.04%,53.83,54.19,53.33,42.88,0.29,0.35,51.36,51.62,52.83,55.52,-1101.01,5518.03,3.15,46.1,54.1,-1.5,2.8
06/03/2026,1630,ON,133.93,+5.29,+4.11%,130.00,134.92,126.15,73.17,0.71,0.78,54.99,106.4,107.47,137.5,7210.01,13492.01,1.45,100.4,92.4,7.3,9.1
06/03/2026,1630,ONEW,10.92,-.44,-3.87%,11.22,11.22,10.755,51.23,0.52,1.17,8.16,10.33,10.14,11.61,3206.02,1153.02,2.09,98.1,34.1,-5.6,3.0
06/03/2026,1630,ONON,37.52,-.80,-2.09%,38.00,38.00,36.77,49.07,0.41,0.49,37.63,33.56,36.29,41.88,-2102.01,-3677.01,6.01,47.1,62.1,4.5,9.1
06/03/2026,1630,ONTO,279.98,+1.96,+0.70%,280.00,285.03,273.38,55.76,0.61,0.8,175.49,250.59,246.51,285.12,3202.01,28503.01,1.11,99.2,78.1,-5.1,0.0
06/03/2026,1630,ORCL,230.33,-14.25,-5.83%,240.48,240.51,227.605,66.97,0.67,0.83,146.43,183.27,182.5,255.73,5209.02,24900.02,2.38,99.4,91.2,2.4,0.4
06/03/2026,1630,ORLY,87.38,+1.15,+1.33%,85.63,87.94,85.48,38.65,0.23,0.31,91.04,88.17,84.7,92.96,-7107.01,-8548.01,22.01,79.1,66.1,-5.6,-2.8
06/03/2026,1630,OSCR,20.50,-.64,-3.03%,20.98,21.31,20.09,47.66,0.76,0.86,12.88,22.41,19.84,24.57,-5102.01,-2009.01,12.01,56.1,65.4,0.0,0.0
06/03/2026,1630,OSK,134.05,+2.24,+1.70%,131.62,134.79,131.195,49.37,0.56,0.47,146.35,119.35,120.93,136.62,4202.01,13479.01,1.13,83.1,96.4,-8.7,0.0
06/03/2026,1630,OTLY,8.61,+.19,+2.26%,8.61,8.85,8.46,25.69,0.64,0.71,9.86,9.77,8.56,10.67,-4102.01,-846.01,3.01,37.1,73.1,-1.0,0.0
06/03/2026,1630,OUT,31.26,-.20,-0.64%,30.99,31.49,30.60,46.43,0.35,0.36,26.66,31.14,30.79,33.72,-3106.01,-3060.01,17.01,70.1,79.4,-0.1,0.0
06/03/2026,1630,OVX:CGI,60.52,+.99,+1.66%,60.81,61.58,59.27,37.59,0.78,NaN,91.86,68.62,51.51,76.48,-4107.04,-5624.04,8.04,0.0,27.1,0.0,-13.4
06/03/2026,1630,OXLC,9.86,-.05,-0.50%,9.90,9.93,9.7801,47.39,0.22,NaN,8.15,9.7,9.54,10.22,1101.02,-955.07,22.07,0.0,21.1,-2.5,0.0
06/03/2026,1630,OXM,45.23,-.58,-1.27%,45.16,45.5425,44.49,57.11,0.61,0.78,35.31,37.75,38.14,49.92,4208.04,4700.04,4.09,92.2,56.4,2.4,0.0
06/03/2026,1630,OXY,59.64,+.55,+0.93%,59.52,60.50,59.12,56.21,0.44,0.42,52.05,55.47,56.0,61.53,1203.01,6124.1,10.18,77.1,85.3,0.0,8.3
06/03/2026,1630,PAG,171.88,-.48,-0.28%,171.85,173.885,170.61,60.66,0.27,0.3,145.66,159.12,157.7,176.8,5208.01,17389.01,2.09,55.1,69.3,0.0,0.0
06/03/2026,1630,PALL,23.73,-1.22,-4.89%,24.48,24.49,23.68,33.62,0.37,0.37,28.08,25.36,22.97,26.22,-8115.08,-2368.01,39.09,26.1,36.1,-5.7,-1.8
06/03/2026,1630,PAM,84.15,-1.58,-1.84%,85.31,86.79,84.00,52.98,0.44,0.5,77.18,78.01,78.86,88.56,5206.01,8752.02,2.07,63.2,56.4,4.4,0.0
06/03/2026,1630,PATH,11.67,-.51,-4.19%,12.18,12.24,11.51,55.76,0.71,0.73,10.7,9.2,10.02,13.36,9101.02,1277.02,2.13,58.1,84.2,9.2,0.3
06/03/2026,1630,PBD,22.25,-.21,-0.93%,22.41,22.41,22.185,61.17,0.29,NaN,17.01,20.81,20.65,23.18,4209.05,2258.05,5.1,60.2,89.3,1.1,0.5
06/03/2026,1630,PBH,45.44,-.39,-0.85%,45.54,45.75,44.81,28.56,0.51,0.45,61.16,42.62,43.43,49.82,-2103.02,-4475.02,25.02,91.4,95.4,-10.0,0.0
06/03/2026,1630,PBJ,47.51,-.1677,-0.35%,47.58,48.05,47.44,37.54,0.13,NaN,47.85,47.96,47.26,48.69,-4105.01,-4744.01,23.01,21.2,59.2,-6.7,-0.1
06/03/2026,1630,PBR,18.19,-.244722,-1.33%,18.51,18.57,18.185,31.72,0.33,0.36,17.17,19.5,17.78,20.49,-12111.01,-1818.01,22.04,57.1,65.1,-4.7,-10.7
06/03/2026,1630,PCAR,114.38,+1.49,+1.32%,113.30,115.7975,112.675,51.31,0.27,0.35,114.94,109.5,108.66,114.64,2202.01,11580.01,1.03,85.1,58.1,-3.6,2.0
06/03/2026,1630,PD,9.30,-.84,-8.28%,9.94,9.96,9.045,64.26,1.23,0.89,6.15,6.41,6.68,11.17,7210.02,1070.03,3.1,81.3,100.4,9.2,2.4
06/03/2026,1630,PDD,85.40,-2.78,-3.15%,87.40,87.40,84.80,36.29,0.59,0.4,99.68,93.81,78.47,99.05,-11108.03,-8320.03,19.03,47.1,95.4,-2.3,-18.6
06/03/2026,1630,PEB,16.08,+.14,+0.88%,15.75,16.11,15.625,71.95,0.29,0.57,11.56,13.97,14.28,16.56,10210.01,1611.01,2.13,73.1,29.1,15.0,2.5
06/03/2026,1630,PECO,38.98,-.35,-0.89%,39.19,39.48,38.97,42.19,0.16,0.44,37.77,39.04,38.74,41.1,-3104.01,-3897.01,5.01,83.4,64.3,0.3,0.0
06/03/2026,1630,PENN,19.65,-.46,-2.29%,20.01,20.10,19.615,67.31,0.57,0.51,13.68,15.5,16.31,21.47,8209.02,2058.03,3.15,21.1,73.1,6.1,3.8
06/03/2026,1630,PEP,142.54,+.54,+0.38%,141.785,143.68,141.77,34.23,0.22,0.29,156.09,147.48,139.49,151.67,-12107.01,-14081.02,18.02,72.2,74.3,-10.4,-10.0
06/03/2026,1630,PFE,25.34,-.21,-0.82%,25.425,25.62,25.29,36.82,0.17,0.25,26.23,25.19,25.1,26.3,-3103.01,-2527.02,5.02,19.1,8.1,-2.3,0.0
06/03/2026,1630,PFF,31.23,-.21,-0.67%,31.38,31.40,31.18,46.68,0.07,0.15,30.67,31.08,30.94,31.71,2101.04,3165.04,4.09,96.4,61.1,-1.3,0.0
06/03/2026,1630,PFG,101.19,-2.12,-2.05%,102.90,103.05,100.85,50.47,0.16,0.29,85.8,98.59,100.24,105.85,-1103.01,-10085.01,6.01,55.1,12.1,0.9,2.2
06/03/2026,1630,PFIG,23.90,-.045,-0.19%,23.86,23.91,23.86,44.86,0.04,NaN,23.98,23.74,23.73,24.06,2207.04,-2374.1,17.1,0.0,83.2,-0.7,0.0
06/03/2026,1630,PFIX,46.20,+.165,+0.36%,45.99,46.76,45.932,41.32,0.26,0.38,42.71,47.95,44.26,51.41,-5108.02,-4553.02,10.02,52.2,35.1,0.0,0.0
06/03/2026,1630,PG,140.19,-.63,-0.45%,140.93,142.45,140.00,41.45,0.21,0.26,150.18,141.2,138.85,146.77,-3104.01,-14000.01,5.01,84.1,83.2,-1.6,-0.4
06/03/2026,1630,PGNY,24.99,-.13,-0.52%,25.02,25.14,24.70,63.56,0.86,0.51,17.0,22.57,23.28,27.08,-1102.01,2643.03,16.42,42.1,85.4,0.0,4.6
06/03/2026,1630,PGRO,48.7125,-.477,-0.97%,48.92,48.92,48.6002,65.89,0.14,NaN,41.2,47.15,47.18,49.73,5210.02,4939.03,3.46,0.0,42.1,4.9,5.4
06/03/2026,1630,PINK,37.42,+.46,+1.24%,36.58,37.4999,36.58,60.76,0.15,0.22,33.57,36.03,36.21,38.35,-2201.01,3818.04,4.25,29.1,25.1,5.0,3.8
06/03/2026,1630,PINS,20.67,-.20,-0.96%,20.614,20.79,20.10,54.89,0.51,0.57,17.83,18.91,18.54,21.71,4207.02,2113.02,2.09,54.1,79.2,0.0,0.0
06/03/2026,1630,PJP,107.24,+1.27,+1.20%,105.68,107.24,105.68,50.73,0.19,0.16,101.85,105.0,104.8,111.23,-2103.01,-10568.01,5.01,33.1,83.1,4.7,0.4
06/03/2026,1630,PK,13.52,+.17,+1.27%,13.15,13.865,13.15,81.09,0.35,0.36,10.19,10.71,11.56,13.81,10210.01,1387.01,1.13,25.1,75.2,17.3,0.4
06/03/2026,1630,PKB,104.6979,+.4961,+0.48%,103.60,105.0133,103.60,52.1,0.26,0.26,96.3,100.81,99.25,107.5,3207.05,10643.06,6.11,83.2,82.1,-0.6,0.0
06/03/2026,1630,PLAY,11.90,-.23,-1.90%,12.02,12.06,11.64,50.21,0.54,1.09,12.64,9.7,10.14,14.51,-1102.01,1371.04,4.24,99.3,16.1,7.9,4.2
06/03/2026,1630,PLD,141.82,+1.41,+1.00%,139.29,142.66,138.99,48.88,0.2,0.28,129.88,140.17,138.47,148.02,-3104.01,-13899.01,5.01,60.1,35.1,0.6,0.0
06/03/2026,1630,PLNT,51.53,-1.78,-3.34%,52.76,52.77,50.67,38.2,1.41,0.58,73.29,48.02,50.32,54.72,-1101.01,-5067.01,6.01,97.3,96.4,-3.7,9.8
06/03/2026,1630,PLTR,142.20,-9.97,-6.55%,149.70,151.68,141.25,50.24,0.6,0.57,148.58,128.75,127.38,162.18,3101.02,15955.02,2.14,29.1,78.2,1.3,0.0
06/03/2026,1630,PM,175.94,+2.28,+1.31%,173.95,178.92,173.50,47.66,0.34,0.33,163.32,185.39,167.46,192.96,-5107.02,-17000.02,14.02,75.1,81.1,0.0,0.0
06/03/2026,1630,PNC,218.27,-2.73,-1.24%,219.66,220.60,217.505,50.31,0.2,0.3,198.04,209.7,212.34,225.54,4101.05,22181.02,5.15,79.1,50.1,0.0,0.2
06/03/2026,1630,PNDRY,11.120,-.23,-2.03%,11.140,11.226,11.100,59.78,0.59,NaN,8.39,9.98,10.3,12.18,-1101.01,1190.04,4.24,0.0,79.2,15.9,13.8
06/03/2026,1630,POET,15.38,+1.56,+11.29%,13.86,15.82,13.22,59.1,2.11,1.62,6.0,12.94,10.48,18.36,-3201.03,-1150.04,13.04,95.4,90.4,0.0,0.0
06/03/2026,1630,POOL,180.69,+1.09,+0.61%,181.06,182.13,176.80,38.11,0.26,0.44,203.8,172.68,176.4,187.88,-1102.01,-17680.01,6.01,91.2,28.1,-4.9,2.7
06/03/2026,1630,PPLT,16.88,-.65,-3.71%,17.33,17.335,16.82,37.47,0.4,0.34,18.3,17.76,16.01,18.3,-6101.05,-1682.01,15.1,24.1,42.1,-7.9,-9.8
06/03/2026,1630,PR,20.18,+.46,+2.33%,19.87,20.54,19.815,49.46,0.38,0.4,18.53,19.96,18.69,21.22,-3201.04,-1886.04,21.04,40.1,89.3,-3.4,-1.9
06/03/2026,1630,PRAA,14.02,-.42,-2.91%,14.43,14.52,13.97,26.79,0.68,0.67,16.64,14.28,14.06,15.43,-2102.01,-1397.01,33.01,62.2,73.2,-21.9,0.0
06/03/2026,1630,PRGO,10.46,0,0.00%,10.355,10.47,10.19,40.98,0.48,0.64,9.23,10.52,10.25,11.47,-3103.01,-1019.01,19.01,79.1,68.1,-6.6,0.0
06/03/2026,1630,PRMB,24.19,-.47,-1.91%,24.53,24.715,23.85,62.38,0.51,0.45,20.57,22.95,22.49,25.67,8209.02,2528.04,4.24,41.1,78.3,0.0,4.7
06/03/2026,1630,PRVA,20.66,-.14,-0.67%,20.80,20.97,20.475,28.7,0.27,0.51,21.33,22.35,20.04,23.49,-13111.01,-2048.01,22.01,63.1,30.1,-5.5,-9.4
06/03/2026,1630,PSA,301.97,+2.83,+0.95%,298.93,305.05,298.3802,50.24,0.26,0.28,295.61,291.62,292.76,311.2,-2103.02,31183.05,5.11,87.1,70.2,-2.2,0.0
06/03/2026,1630,PSCE,60.8252,+.1755,+0.29%,60.94,61.67,60.31,48.66,0.28,0.3,55.98,60.61,57.88,64.15,-4107.03,-5904.03,10.03,42.1,58.2,0.0,-1.3
06/03/2026,1630,PSCI,170.4334,-.835,-0.49%,170.83,170.83,169.39,53.5,0.19,0.2,151.63,165.01,163.43,175.33,4208.04,-16180.11,19.11,57.1,23.1,0.0,0.0
06/03/2026,1630,PSCU,64.4465,-1.532,-2.32%,64.4465,64.4465,64.4465,48.25,0.18,NaN,58.42,62.78,63.03,67.2,-1101.01,6616.04,5.15,0.0,85.2,0.1,0.1
06/03/2026,1630,PSP,57.86,-2.8859,-4.75%,58.36,58.36,57.50,36.58,0.24,0.21,55.61,59.24,58.3,61.95,-1101.01,-5750.01,3.01,72.1,83.1,-4.3,0.0
06/03/2026,1630,PSX,184.68,+2.12,+1.16%,184.00,187.52,182.21,62.18,0.34,0.38,160.62,170.69,171.84,187.33,3203.01,18752.01,1.06,81.1,71.1,0.0,6.6
06/03/2026,1630,PTLO,3.96,-.06,-1.49%,4.03,4.075,3.93,34.82,0.43,0.68,4.77,3.93,3.85,4.3,-1102.01,435.03,3.18,51.1,35.4,-0.3,2.5
06/03/2026,1630,PVH,98.00,+.8275,+0.85%,97.18,100.745,96.285,65.82,0.53,0.62,59.6,78.49,81.65,105.65,5210.04,10075.01,5.15,94.3,83.4,6.1,0.0
06/03/2026,1630,PYPL,42.61,-1.92,-4.31%,44.34,44.50,42.315,32.57,0.21,0.37,44.17,44.22,42.7,45.35,-1101.01,-4232.01,2.01,36.1,11.1,-2.9,0.4
06/03/2026,1630,PZZA,31.86,+.08,+0.25%,31.885,32.18,30.70,41.81,0.59,0.72,29.55,32.1,31.35,34.89,-2102.01,-3070.01,5.01,93.3,79.1,0.0,1.1
06/03/2026,1630,QAT,18.74,-.0689,-0.37%,18.75,18.75,18.66,45.8,0.18,NaN,18.4,18.54,18.28,19.48,-1102.01,1950.05,4.11,0.0,91.2,3.2,0.0
06/03/2026,1630,QBTS,27.55,-2.36,-7.89%,29.49,29.95,27.38,58.77,1.46,1.16,17.43,18.33,19.23,35.13,7209.03,3130.02,5.1,74.4,94.4,16.0,0.3
06/03/2026,1630,QCOM,250.01,+9.17,+3.81%,235.02,255.09,233.02,65.02,0.96,0.88,129.22,193.58,192.7,274.28,5208.04,25992.04,4.41,100.4,95.4,3.7,1.2
06/03/2026,1630,QMOM,81.39,-.30,-0.37%,81.18,81.9457,81.09,63.12,0.29,0.22,66.68,75.51,75.61,83.14,5207.01,8195.01,2.11,67.2,78.1,0.0,3.5
06/03/2026,1630,QQQ,744.21,-1.95,-0.26%,747.31,748.65,741.01,77.31,0.16,0.23,591.33,698.85,706.47,757.62,8210.01,74865.01,3.46,53.1,49.1,6.5,8.7
06/03/2026,1630,QS,8.76,-.44,-4.78%,9.05,9.325,8.73,57.98,0.81,1.01,6.39,7.21,7.46,9.94,6209.02,965.02,2.1,60.2,47.4,7.5,3.3
06/03/2026,1630,QSR,72.76,+1.19,+1.66%,71.82,74.20,71.79,36.94,0.28,0.27,70.72,74.85,71.26,77.1,-10117.01,-7179.01,20.01,71.1,83.3,-9.8,-7.0
06/03/2026,1630,QTUM,167.76,-1.00,-0.59%,169.67,170.00,165.59,77.35,0.34,0.41,107.17,140.0,147.5,173.3,9210.01,17000.01,1.45,100.4,91.2,16.7,16.1
06/03/2026,1630,QUBT,11.20,-1.05,-8.57%,11.95,12.35,11.1703,53.33,1.28,1.13,7.22,9.43,9.45,13.63,4101.02,1300.03,3.1,67.3,83.4,5.0,2.7
06/03/2026,1630,R,260.38,+2.32,+0.90%,257.35,261.085,256.20,70.97,0.23,0.39,185.5,224.98,230.77,269.17,6210.02,26108.01,5.15,71.1,11.1,0.9,1.7
06/03/2026,1630,RBLX,43.68,-1.32,-2.93%,44.39,44.81,42.69,39.87,0.6,0.72,55.85,40.15,42.55,49.3,-1102.01,-4269.01,7.01,64.1,60.3,0.0,3.8
06/03/2026,1630,RCL,286.42,-2.88,-1.00%,287.36,295.00,285.00,59.25,0.48,0.53,256.16,251.7,249.74,301.59,6207.01,29500.01,1.09,78.1,69.1,0.7,0.0
06/03/2026,1630,RDNT,51.87,-2.44,-4.49%,53.70,54.14,51.66,38.53,0.41,0.56,58.46,51.54,51.6,55.52,-3101.01,-5166.01,17.01,73.1,67.1,-5.7,0.0
06/03/2026,1630,REAL,9.12,-.67,-6.84%,9.79,9.79,8.84,39.34,0.84,0.98,9.44,8.92,8.86,9.88,-1101.01,-884.01,1.01,65.1,74.3,-17.9,0.0
06/03/2026,1630,REG,76.31,+.28,+0.37%,75.625,76.695,75.625,39.78,0.14,0.21,75.42,75.87,75.28,79.56,-3104.01,-7563.01,6.01,24.1,24.1,-0.2,0.0
06/03/2026,1630,REGN,618.95,+16.03,+2.66%,600.79,625.00,599.00,33.6,0.44,0.33,741.9,610.6,550.79,665.76,-3201.1,-59152.02,44.1,18.1,82.4,-15.4,-17.9
06/03/2026,1630,REXR,34.00,-.05,-0.15%,33.88,34.135,33.76,36.64,0.21,0.31,34.44,34.53,33.67,36.85,-3104.01,-3376.01,6.01,17.1,32.1,0.0,-2.2
06/03/2026,1630,REZ,88.31,+.42,+0.48%,88.02,88.855,88.02,41.38,0.16,0.17,86.67,89.37,86.91,92.88,-4105.01,-8751.02,6.02,41.2,60.1,0.0,0.0
06/03/2026,1630,RGTI,24.095,-2.785,-10.36%,26.56,28.06,23.78,57.35,1.54,1.23,15.84,16.02,16.64,31.54,5209.05,2806.01,5.1,79.4,100.4,14.9,0.0
06/03/2026,1630,RH,152.45,-3.68,-2.36%,152.77,153.02,147.795,64.78,0.53,0.92,127.94,118.78,125.19,164.54,8210.02,15881.02,2.1,83.2,37.1,10.8,0.2
06/03/2026,1630,RHP,113.86,-1.19,-1.03%,113.90,116.14,112.735,64.4,0.22,0.26,89.72,103.93,106.72,120.45,7212.04,11718.04,4.43,33.1,30.1,9.2,5.3
06/03/2026,1630,RIOT,27.65,+.33,+1.21%,27.68,28.64,27.25,68.7,0.71,0.89,13.57,22.51,22.81,29.91,7207.01,2894.02,2.24,30.1,19.1,0.2,1.3
06/03/2026,1630,RIVN,18.27,+.98,+5.67%,17.06,18.4299,16.915,73.57,0.52,0.79,14.8,13.14,13.89,18.54,8210.01,1843.01,1.21,72.2,60.1,0.0,3.8
06/03/2026,1630,ROBO,89.64,-.70,-0.77%,90.22,90.51,88.822,64.77,0.27,0.26,69.22,83.62,83.36,92.75,4209.05,9051.01,6.1,68.3,77.1,3.6,4.6
06/03/2026,1630,ROK,461.73,-1.68,-0.36%,464.66,468.11,458.06,63.37,0.32,0.34,356.7,433.58,429.97,474.49,3208.01,46811.01,1.25,53.1,78.4,0.0,2.1
06/03/2026,1630,ROKU,122.20,-4.92,-3.87%,125.73,126.99,119.49,48.18,0.31,0.52,91.29,121.8,120.06,132.91,-1102.01,-11949.01,4.01,32.1,8.1,0.0,0.0
06/03/2026,1630,ROST,232.62,+8.80,+3.93%,224.47,233.035,223.51,58.55,0.44,0.31,204.25,209.13,209.76,244.89,-1201.02,23741.06,6.14,64.1,98.4,5.7,0.0
06/03/2026,1630,RRC,39.82,+.16,+0.40%,39.90,40.10,39.60,41.31,0.27,0.4,40.31,40.42,37.6,42.88,-6109.03,-3882.04,10.04,65.1,24.1,-0.8,-6.8
06/03/2026,1630,RRR,56.91,-.45,-0.78%,57.15,57.225,56.38,56.99,0.31,0.44,54.17,50.84,51.21,61.81,6210.03,5949.03,3.09,76.1,46.1,10.3,0.1
06/03/2026,1630,RSI,25.42,-.01,-0.04%,25.44,25.48,24.66,44.97,0.34,0.65,19.94,25.84,24.49,28.03,-9109.01,-2466.01,23.01,71.1,28.1,-0.7,0.0
06/03/2026,1630,RSP,209.25,-.79,-0.38%,209.43,209.805,208.84,67.07,0.09,0.16,193.29,201.45,202.13,212.88,6210.03,21012.02,4.09,79.1,6.1,14.4,1.2
06/03/2026,1630,RSPG,106.35,+1.31,+1.25%,105.44,107.39,105.44,52.87,0.29,0.26,99.42,103.34,100.76,110.44,-3201.04,-10175.04,10.04,90.2,99.4,0.0,0.0
06/03/2026,1630,RSPU,77.86,-.1987,-0.25%,78.32,79.19,77.84,41.98,0.19,0.19,81.14,77.15,76.5,80.9,-2105.02,-7705.02,7.02,82.1,100.2,-0.5,0.0
06/03/2026,1630,RTO,29.15,-.17,-0.58%,29.15,29.405,29.11,26.18,0.19,0.32,30.71,31.45,28.6,31.98,-13118.01,-2911.01,20.02,21.1,3.1,-18.9,-22.0
06/03/2026,1630,RUT,2893.5142,-38.4491,-1.31%,2921.24,2921.24,2885.5209,57.65,0.2,0.24,2463.38,2757.02,2769.83,2998.78,5209.04,294261.05,5.1,53.1,52.1,4.8,1.3
06/03/2026,1630,RVLV,18.97,-.18,-0.94%,18.89,19.00,18.475,37.57,0.78,0.61,22.7,17.35,17.98,20.81,-1102.01,2069.05,5.17,48.1,98.4,-1.3,3.0
06/03/2026,1630,RVX,23.27,+.51,+2.24%,23.29,23.44,22.85,46.08,0.5,NaN,27.8,23.3,21.69,24.98,-3107.03,-2187.04,11.04,0.0,2.1,0.0,0.0
06/03/2026,1630,S,16.30,-1.05,-6.05%,17.14,17.19,16.28,48.0,0.62,0.6,13.36,15.48,15.9,19.18,-2102.01,-1628.01,8.01,60.3,90.2,0.0,0.5
06/03/2026,1630,SBAC,196.58,+.37,+0.19%,196.84,201.84,195.615,37.62,0.26,0.33,184.27,196.78,193.91,209.1,-7102.01,-19562.01,20.01,80.1,57.1,-7.8,0.0
06/03/2026,1630,SBUX,95.89,+.38,+0.40%,95.48,98.1999,95.215,31.79,0.19,0.32,95.56,105.0,92.73,106.82,-9109.01,-9522.01,10.02,26.1,3.1,-1.9,-0.6
06/03/2026,1630,SCJ,104.9834,+.3734,+0.36%,104.52,105.41,104.52,55.68,0.14,0.13,95.8,104.14,103.32,106.41,-1201.02,10643.04,4.28,7.1,48.1,-1.6,1.7
06/03/2026,1630,SE,89.46,-3.68,-3.95%,92.65,93.505,88.07,50.06,0.67,0.56,84.67,86.35,85.13,96.0,3101.02,9650.02,2.17,55.1,85.2,1.1,3.0
06/03/2026,1630,SFD,25.70,-.10,-0.39%,25.80,26.24,25.54,42.84,0.19,0.33,23.15,24.63,25.02,27.03,6104.05,2681.06,6.23,47.1,34.1,0.0,0.8
06/03/2026,1630,SFM,78.98,+.93,+1.19%,78.05,79.79,76.88,43.58,0.46,0.51,75.0,84.58,76.46,90.48,-4105.01,-7688.01,11.01,63.1,81.3,-0.1,0.0
06/03/2026,1630,SG,7.69,-.79,-9.32%,8.51,8.51,7.595,45.79,1.04,0.93,5.28,6.36,7.1,11.11,-1102.01,-760.01,6.01,60.1,96.4,6.7,2.0
06/03/2026,1630,SHAK,55.53,-1.48,-2.60%,56.08,56.08,53.86,27.2,1.29,0.57,86.45,59.49,55.42,65.71,-2103.01,-5386.01,23.01,74.1,100.4,-9.8,0.1
06/03/2026,1630,SHEL,86.77,-.05,-0.06%,87.62,88.025,86.745,51.05,0.26,0.29,82.88,84.34,82.75,88.86,1202.01,8803.01,1.06,81.1,83.2,-1.2,0.1
06/03/2026,1630,SHO,11.19,+.11,+0.99%,11.04,11.31,10.96,73.17,0.22,0.31,8.93,10.12,10.32,11.45,22212.01,1131.01,1.42,46.1,21.2,13.1,4.2
06/03/2026,1630,SHOC,118.92,+1.1131,+0.94%,119.76,120.19,117.27,77.22,0.4,NaN,70.79,101.09,105.02,120.73,8210.01,12019.01,1.45,0.0,90.3,5.4,9.2
06/03/2026,1630,SHOO,43.80,-.47,-1.06%,43.86,44.67,43.08,67.67,0.39,0.54,31.33,37.83,38.63,46.75,6210.04,4467.01,5.22,35.1,37.1,17.6,6.1
06/03/2026,1630,SHOP,112.94,-4.07,-3.48%,114.61,115.26,112.50,50.81,0.63,0.62,121.23,94.0,98.08,127.67,7210.02,12463.03,3.15,55.1,75.4,0.0,1.4
06/03/2026,1630,SHY,81.97,-.04,-0.05%,81.97,81.99,81.95,36.87,0.02,0.03,82.47,82.06,81.92,82.31,-3103.01,-8195.01,4.01,49.3,54.1,0.0,0.0
06/03/2026,1630,SHYG,42.24,-.10,-0.24%,42.29,42.29,42.225,41.71,0.04,NaN,42.02,42.19,42.15,42.64,-2103.01,-4223.01,4.01,1.1,73.1,0.0,0.0
06/03/2026,1630,SIL,87.49,-4.57,-4.96%,90.70,90.70,87.49,42.96,0.63,0.54,93.68,89.7,81.55,98.53,-3101.1,10419.15,15.25,60.1,83.2,-4.0,-0.2
06/03/2026,1630,SILJ,29.50,-1.63,-5.24%,30.56,30.63,29.43,45.91,0.66,0.59,31.27,29.3,26.62,32.89,1101.02,-2793.11,15.11,46.1,77.2,-2.1,0.0
06/03/2026,1630,SITM,712.75,+11.67,+1.66%,722.08,722.9199,675.50,55.1,1.11,0.82,305.21,707.23,621.66,801.11,-4201.06,90181.17,17.45,65.1,97.4,-9.0,0.0
06/03/2026,1630,SIVR,69.57,-1.87,-2.62%,70.41,70.53,69.45,42.54,0.58,0.44,75.57,72.05,63.36,76.58,-2101.11,8498.15,15.25,49.1,68.1,-5.3,-5.4
06/03/2026,1630,SJM,101.27,+.80,+0.80%,100.08,102.94,99.87,52.64,0.23,0.38,105.68,98.92,99.65,104.69,-3103.01,-9987.01,6.01,99.3,38.1,0.0,6.1
06/03/2026,1630,SKYY,147.74,-5.35,-3.49%,151.77,151.77,146.11,70.05,0.41,0.42,110.68,123.26,130.1,158.85,7210.02,15477.02,2.37,99.2,100.2,6.7,11.5
06/03/2026,1630,SLG,44.51,-.63,-1.40%,45.00,45.405,44.08,55.67,0.34,0.57,36.56,41.31,41.22,47.02,5208.03,4638.04,4.09,87.1,46.1,0.7,0.0
06/03/2026,1630,SLV,66.21,-1.78,-2.62%,67.00,67.14,66.10,42.55,0.58,0.48,71.92,68.55,60.34,72.93,-2101.11,8086.15,15.25,48.1,68.1,-5.2,-5.3
06/03/2026,1630,SLX,112.26,-1.31,-1.15%,112.67,112.95,111.91,65.53,0.27,0.33,88.15,104.73,104.08,115.43,5208.02,11400.02,2.11,81.2,78.2,0.6,3.7
06/03/2026,1630,SMCI,47.42,-2.75,-5.48%,49.47,50.02,45.66,73.86,1.08,0.89,29.85,29.52,34.24,53.1,8210.01,5140.02,2.5,70.2,92.1,12.4,13.0
06/03/2026,1630,SMH,637.90,+5.69,+0.90%,640.80,642.77,623.91,77.97,0.4,0.56,374.16,536.87,557.31,649.75,8210.01,64277.01,1.45,100.4,95.3,6.1,7.1
06/03/2026,1630,SMIN,65.78,-1.02,-1.53%,66.50,66.51,65.62,46.35,0.2,0.22,61.5,64.71,65.05,67.87,3101.04,6807.04,4.11,67.1,69.1,-3.5,0.0
06/03/2026,1630,SMPL,11.41,-.40,-3.39%,11.53,11.695,11.355,41.88,0.44,0.72,14.28,11.01,11.23,12.0,-9101.01,-1133.02,2.02,92.2,78.1,-7.5,0.6
06/03/2026,1630,SN,121.26,-1.02,-0.83%,121.56,123.12,118.37,61.81,0.45,0.49,99.38,102.83,103.99,130.78,6209.03,12356.04,4.1,40.1,66.1,4.7,0.0
06/03/2026,1630,SNAP,5.73,-.03,-0.52%,5.69,5.76,5.58,50.53,0.4,0.68,4.52,5.18,5.46,6.01,4101.03,599.03,3.13,42.1,28.1,-3.4,0.0
06/03/2026,1630,SNDR,36.54,+.15,+0.41%,36.05,36.89,36.05,74.05,0.56,0.45,23.42,28.84,33.26,39.44,7214.05,3689.01,10.14,63.1,92.4,27.5,8.8
06/03/2026,1630,SNOW,241.28,-19.86,-7.61%,261.81,263.64,241.14,68.05,1.28,0.64,173.91,146.05,177.49,298.03,15219.02,28499.03,3.2,75.1,100.4,33.8,11.5
06/03/2026,1630,SOFI,16.68,-1.06,-5.98%,17.38,17.465,16.58,49.65,0.55,0.65,17.53,15.22,14.73,18.9,6101.02,1880.03,3.1,31.1,65.1,0.0,0.0
06/03/2026,1630,SOLZ,7.2056,-.3544,-4.69%,7.49,7.515,7.185,29.0,0.56,0.63,8.48,8.39,7.05,8.79,-8113.01,-719.01,17.01,26.1,16.1,-10.0,-9.2
06/03/2026,1630,SOYB,24.68,-.25,-1.00%,24.90,25.02,24.66,44.37,0.14,0.27,24.18,24.62,24.56,25.36,-2102.01,-2466.01,15.01,97.2,67.2,-1.0,0.4
06/03/2026,1630,SPDN,8.65,+.05,+0.58%,8.60,8.66,8.60,33.27,0.1,NaN,9.51,8.68,8.51,8.85,-20110.02,-858.03,46.03,63.2,13.1,-2.4,-2.0
06/03/2026,1630,SPG,203.55,+.02,+0.01%,202.83,205.19,202.30,51.92,0.19,0.25,185.77,199.0,200.11,208.78,4103.05,20879.06,6.1,46.1,60.1,0.0,0.0
06/03/2026,1630,SPGI,412.29,-5.17,-1.24%,414.30,416.31,407.31,44.0,0.27,0.33,415.92,401.0,404.64,430.45,-1101.01,-40731.01,2.01,71.1,72.1,0.0,0.0
06/03/2026,1630,SPHD,49.07,-.44,-0.89%,49.33,49.59,49.05,41.15,0.1,0.11,49.73,49.04,48.82,50.54,-3104.01,-4905.01,6.01,30.1,22.1,0.0,0.0
06/03/2026,1630,SPHR,141.75,-.20,-0.14%,141.12,143.23,137.43,57.62,0.55,0.6,104.65,130.36,129.08,146.52,5205.01,14578.02,2.16,65.1,72.1,0.0,0.9
06/03/2026,1630,SPLV,71.70,+.06,+0.08%,71.64,72.35,71.54,36.97,0.1,0.14,74.28,72.31,70.94,74.37,-4105.01,-7113.02,6.02,79.1,62.1,0.0,-0.2
06/03/2026,1630,SPMO,155.09,+.77,+0.50%,155.15,155.74,153.40,77.5,0.25,0.22,115.99,139.79,142.58,157.63,8209.01,15574.01,1.46,87.2,89.4,3.7,9.3
06/03/2026,1630,SPOT,487.54,-13.96,-2.78%,501.50,503.4366,481.09,52.54,0.57,0.48,506.35,423.68,428.69,565.91,9101.05,53013.06,6.24,56.1,79.3,6.3,7.0
06/03/2026,1630,SPX,7553.68,-56.10,-0.74%,7605.31,7605.35,7551.22,67.04,0.1,0.17,6623.92,7353.17,7375.45,7678.09,7210.02,762090.02,3.46,38.1,32.1,5.3,4.8
06/03/2026,1630,SPY,754.24,-5.33,-0.70%,758.15,758.80,753.57,67.91,0.1,0.17,661.36,733.39,735.82,766.51,7210.02,76040.02,3.46,23.1,26.1,6.1,5.4
06/03/2026,1630,STKL,6.5,0,0.00%,0,0,0,65.19,0.027,0.18,4.64,6.47,6.47,6.51,-2201.01,-647.01,6.01,1.1,3.1,0,0
06/03/2026,1630,STLD,275.13,+3.72,+1.37%,271.73,277.79,267.34,80.49,0.34,0.49,169.87,225.91,234.13,282.29,8209.01,27779.01,1.1,91.2,55.1,13.9,0.5
06/03/2026,1630,STZ,135.40,-1.36,-0.99%,136.57,136.90,135.11,32.17,0.29,0.38,144.61,139.1,131.45,152.58,-5106.01,-13511.01,36.02,67.2,50.1,-2.5,-0.2
06/03/2026,1630,SU,65.54,+.23,+0.35%,65.80,66.345,65.38,50.34,0.39,0.36,56.53,65.42,61.13,69.85,-4201.04,-6175.04,11.04,78.1,96.4,0.0,-0.3
06/03/2026,1630,SVV,9.48,+.58,+6.52%,8.75,9.595,8.74,68.61,0.63,0.8,7.73,6.95,7.54,10.02,6210.01,960.01,4.15,69.1,89.4,4.2,0.0
06/03/2026,1630,SWBI,14.87,-.44,-2.87%,15.29,15.30,14.77,46.08,0.24,0.66,12.72,14.1,14.77,15.64,-2101.01,-1477.01,8.01,93.4,24.1,0.0,5.0
06/03/2026,1630,SWKS,80.66,+1.54,+1.95%,78.995,82.41,77.36,62.76,0.79,0.62,52.17,65.66,68.11,88.84,23202.04,8518.06,6.43,98.2,98.4,4.8,2.2
06/03/2026,1630,SXT,112.87,-.49,-0.43%,113.50,115.665,111.67,50.8,0.23,0.35,87.89,113.39,111.0,117.47,-3104.01,-11167.01,4.01,62.1,18.1,-1.9,0.0
06/03/2026,1630,SYF,68.72,-2.25,-3.17%,70.51,70.96,68.45,35.93,0.28,0.36,63.08,69.35,68.89,72.69,-3103.01,-6845.01,31.01,50.1,61.1,-9.4,0.4
06/03/2026,1630,SYY,75.24,+1.14,+1.54%,73.71,75.33,73.65,51.84,0.19,0.28,82.76,72.44,72.8,77.82,-3103.01,-7303.02,8.02,86.1,48.1,0.1,3.2
06/03/2026,1630,T,23.55,-1.09,-4.42%,24.185,24.195,23.45,30.06,0.25,0.3,26.73,23.85,23.73,25.55,-2104.01,-2345.01,46.01,73.1,75.1,-3.5,0.0
06/03/2026,1630,TAN,70.29,-1.98,-2.74%,71.25,71.81,69.73,62.67,0.42,0.49,51.8,61.75,62.35,76.76,5210.04,7560.04,4.41,97.2,73.2,19.9,8.7
06/03/2026,1630,TAP,38.62,-.29,-0.75%,38.83,38.95,38.35,31.34,0.25,0.37,43.17,40.68,37.77,43.09,-6105.01,-3835.01,10.01,79.1,57.2,0.0,-3.4
06/03/2026,1630,TBIL,49.87,0,0.00%,49.875,49.88,49.87,40.03,0.01,NaN,49.88,49.91,49.82,50.0,-4105.02,-4986.03,7.03,0.2,23.2,0.0,0.0
06/03/2026,1630,TCEHY,58.1300,-2.20,-3.65%,59.3400,59.3500,58.1200,47.9,0.46,NaN,64.9,57.01,52.98,60.84,2202.01,6138.02,2.05,0.0,94.2,-0.1,-6.1
06/03/2026,1630,TCNNF,8.61,-.71,-7.62%,9.06,9.37,8.60,51.58,1.01,NaN,6.0,7.17,7.15,10.17,3101.03,960.03,3.12,0.0,65.4,0.0,0.0
06/03/2026,1630,TEAM,101.53,-7.57,-6.94%,106.13,106.13,99.645,59.87,0.89,0.81,72.64,78.2,79.31,118.98,4208.03,11938.03,3.37,86.1,92.4,0.0,0.1
06/03/2026,1630,TEVA,32.83,-.25,-0.76%,32.83,32.98,32.37,40.94,0.26,0.41,28.38,33.61,32.46,35.82,-8102.01,-3237.01,22.01,47.1,21.1,-3.1,0.0
06/03/2026,1630,TFLO,50.50,+.01,+0.02%,50.50,50.50,50.49,36.07,0.01,0.02,50.51,50.54,50.48,50.64,-3103.01,-5049.01,4.01,59.2,15.2,1.8,0.0
06/03/2026,1630,TGS,30.32,-1.10,-3.50%,31.50,31.50,30.30,48.96,0.5,0.72,28.32,29.01,28.75,32.11,5101.01,3166.02,2.07,77.1,73.4,0.2,0.0
06/03/2026,1630,TGT,124.80,+1.62,+1.32%,123.13,125.25,122.51,49.59,0.38,0.35,115.19,119.12,120.83,130.02,-2103.01,-12157.03,5.03,25.1,96.4,0.0,0.8
06/03/2026,1630,THC,164.84,+1.24,+0.76%,160.00,166.3725,159.11,33.01,0.39,0.5,215.97,192.33,153.35,192.8,-10112.01,-15911.01,15.01,87.2,70.2,-1.4,-8.7
06/03/2026,1630,THD,74.09,-.56,-0.75%,74.39,74.39,73.785,59.7,0.23,0.23,64.92,70.97,71.18,75.42,6210.02,7490.02,5.29,45.1,58.1,8.3,5.5
06/03/2026,1630,TIGR,4.67,-.30,-6.04%,4.865,4.97,4.595,32.35,1.27,0.78,6.98,5.97,3.63,5.85,-15102.07,-460.01,33.07,72.4,100.4,-6.1,-8.4
06/03/2026,1630,TIP,109.77,-.20,-0.18%,109.81,109.905,109.68,34.01,0.05,0.05,110.66,110.39,109.48,111.36,-3103.01,-10968.01,28.01,20.3,96.4,-0.3,-6.6
06/03/2026,1630,TJX,157.90,+4.21,+2.74%,153.06,158.07,153.00,56.03,0.29,0.25,155.03,146.14,147.05,164.19,-1201.03,16089.06,6.14,56.1,100.4,1.2,0.0
06/03/2026,1630,TKO,198.57,-6.02,-2.94%,202.65,203.06,197.83,55.3,0.37,0.4,192.91,182.0,184.46,211.68,3205.02,20819.02,2.15,77.2,84.2,12.8,0.0
06/03/2026,1630,TKR,131.82,-.08,-0.06%,131.59,133.135,130.2901,71.41,0.51,0.45,96.27,111.78,114.33,137.6,7210.01,13314.01,2.11,97.2,98.4,12.0,7.6
06/03/2026,1630,TLT,85.31,-.34,-0.40%,85.285,85.43,85.10,49.74,0.1,0.12,86.47,83.32,83.32,86.64,3208.04,8596.04,4.1,12.1,49.1,0.0,0.0
06/03/2026,1630,TME,9.14,-.37,-3.89%,9.29,9.3199,9.065,46.64,0.48,0.48,13.34,8.44,8.62,9.72,2101.02,969.02,2.13,58.1,78.1,0.1,0.0
06/03/2026,1630,TMO,473.95,-8.13,-1.69%,469.31,475.775,469.11,51.69,0.34,0.34,463.81,435.27,431.95,507.26,4206.02,49628.03,3.12,72.2,73.2,1.0,0.0
06/03/2026,1630,TMUS,181.45,-7.38,-3.91%,187.03,187.50,180.44,35.24,0.23,0.36,211.14,185.1,181.77,193.37,-4101.01,-18044.01,5.01,84.1,53.1,-2.0,0.0
06/03/2026,1630,TNET,45.40,-2.70,-5.61%,47.58,47.58,45.25,57.26,0.53,0.7,35.16,38.36,40.21,50.21,6212.02,4937.02,2.14,96.2,87.1,1.3,1.1
06/03/2026,1630,TNX:CGI,44.91,+.36,+0.81%,44.85,45.03,44.75,53.55,0.18,NaN,41.04,44.36,43.7,46.48,-2107.04,4659.1,10.33,0.0,74.2,0.0,0.4
06/03/2026,1630,TOKE,5.24,0,0.00%,0,0,0,45.92,0.28,0.88,5.85,4.96,5.12,5.4,-1102.02,-508.02,16.02,56.2,35.2,-0.6,0.5
06/03/2026,1630,TOST,25.07,-1.28,-4.86%,26.02,26.025,24.875,47.95,0.78,0.56,27.5,22.26,21.97,28.01,5208.02,2720.02,2.14,54.1,100.4,0.0,0.0
06/03/2026,1630,TPB,86.24,+3.79,+4.60%,81.27,86.24,80.54,49.27,0.51,0.54,85.4,88.23,81.18,92.75,-5108.01,-8054.01,17.01,74.1,73.1,-3.7,0.0
06/03/2026,1630,TPL,406.76,+35.94,+9.69%,373.00,411.02,372.15,50.64,0.52,0.5,508.4,375.32,369.64,416.04,-3201.01,-37215.01,1.01,76.1,82.1,-1.2,0.0
06/03/2026,1630,TPR,139.61,+.96,+0.69%,137.15,139.66,135.48,50.07,0.6,0.4,137.85,128.48,129.35,149.24,5201.03,14659.04,4.16,36.1,91.4,0.0,1.2
06/03/2026,1630,TPYP,42.0412,-.0149,-0.04%,42.08,42.64,42.03,45.55,0.2,0.21,41.4,42.28,40.71,44.48,-4107.03,-4135.03,10.03,44.3,99.4,0.0,0.0
06/03/2026,1630,TRIP,11.94,0,0.00%,11.86,12.03,11.58,67.34,0.63,0.63,9.15,9.11,9.62,12.67,5210.02,1234.02,2.15,58.1,83.4,0.0,0.0
06/03/2026,1630,TRP,67.80,-.22,-0.32%,68.135,68.91,67.68,54.57,0.21,0.25,62.68,66.16,65.46,71.12,-4106.02,-6620.02,8.02,64.1,82.3,0.0,0.2
06/03/2026,1630,TRU,69.39,-4.36,-5.91%,71.89,72.92,68.42,46.51,0.43,0.5,69.32,65.71,65.93,75.59,5101.02,7419.03,3.1,70.1,77.1,0.8,0.0
06/03/2026,1630,TSLA,423.70,-.04,-0.01%,418.70,433.60,416.00,53.57,0.43,0.52,381.4,405.33,400.9,451.98,-1103.02,45340.15,15.39,40.2,48.2,-1.0,1.8
06/03/2026,1630,TSM,436.69,-10.00,-2.24%,449.99,450.1636,434.525,63.14,0.41,0.53,331.92,391.05,391.69,453.7,7207.01,45016.01,1.11,94.2,77.1,2.8,0.2
06/03/2026,1630,TSN,57.09,-2.50,-4.20%,59.45,60.195,56.15,24.25,0.29,0.33,59.21,65.62,56.49,66.57,-8114.01,-5615.01,20.01,85.1,84.4,-3.1,-2.0
06/03/2026,1630,TT,465.84,+6.92,+1.51%,461.01,471.79,460.12,52.73,0.31,0.34,413.93,457.86,437.22,475.82,1202.01,47179.01,1.1,81.2,74.1,-6.7,-0.4
06/03/2026,1630,TTD,20.56,-.54,-2.56%,21.00,21.03,20.05,42.59,0.67,0.72,26.2,19.83,20.1,23.24,-1102.01,-2005.01,3.01,55.1,82.1,-3.0,0.0
06/03/2026,1630,TTE,89.58,+.18,+0.20%,89.79,90.40,89.38,48.59,0.26,0.29,77.48,90.83,85.22,93.99,-3108.04,-8666.04,10.04,77.1,72.1,0.0,-4.0
06/03/2026,1630,TTWO,215.80,-6.58,-2.96%,220.00,220.7944,214.29,42.71,0.38,0.46,203.9,221.73,206.28,244.73,-4108.05,-21429.01,8.06,79.1,89.4,0.0,-0.1
06/03/2026,1630,TUA,20.53,-.08,-0.39%,20.52,20.56,20.505,38.98,0.07,0.09,21.22,20.51,20.42,20.73,-1101.01,-2044.08,33.1,9.1,57.1,-11.8,0.0
06/03/2026,1630,TUR,39.17,-.94,-2.34%,39.56,39.81,39.0601,44.66,0.5,0.36,37.15,40.23,35.58,41.47,1204.04,-3640.09,17.09,65.1,100.4,-10.1,-2.6
06/03/2026,1630,TWLO,227.26,-2.04,-0.89%,223.71,227.96,215.38,74.12,0.73,0.69,122.24,188.18,172.97,234.68,3204.01,22796.01,1.06,82.2,80.4,0.0,0.0
06/03/2026,1630,TXG,32.16,+1.45,+4.72%,31.12,32.31,29.9119,79.97,0.59,0.79,18.65,20.4,23.63,33.51,10211.01,3231.01,1.11,42.1,31.1,21.7,3.0
06/03/2026,1630,TXRH,166.19,-4.75,-2.78%,170.94,172.6328,163.33,40.98,0.51,0.34,164.71,176.02,167.85,184.62,-2103.01,-16333.01,4.01,73.1,100.4,0.0,4.0
06/03/2026,1630,TXT,91.38,+.01,+0.01%,90.78,92.82,90.30,51.02,0.24,0.3,90.99,88.5,88.35,93.43,4202.01,9282.01,1.09,68.1,55.1,-0.3,0.0
06/03/2026,1630,TYX:CGI,49.90,+.23,+0.46%,49.90,50.05,49.82,47.92,0.13,NaN,47.29,49.95,49.01,51.61,-6108.02,-4947.02,10.02,0.0,56.3,0.0,0.0
06/03/2026,1630,U,29.22,-1.55,-5.04%,30.25,30.5109,28.96,57.91,0.56,0.72,19.08,25.76,24.78,32.8,6207.02,3194.02,2.08,31.1,34.1,3.7,-1.4
06/03/2026,1630,UA,5.30,+.02,+0.38%,5.22,5.33,5.18,43.25,0.79,0.57,5.9,4.73,4.82,5.98,-1102.01,593.05,5.14,50.1,91.4,-6.7,0.0
06/03/2026,1630,UAA,5.45,+.02,+0.37%,5.38,5.48,5.36,43.55,0.8,0.65,6.1,4.85,4.94,6.14,-1102.01,610.05,5.14,73.1,90.4,-6.8,0.0
06/03/2026,1630,UAE,18.58,-.26,-1.38%,18.71,18.71,18.51,41.5,0.23,0.33,17.68,18.43,18.42,19.58,-2103.01,-1851.01,4.01,88.2,71.1,0.0,0.0
06/03/2026,1630,UAL,105.14,-3.68,-3.38%,107.43,108.15,105.07,55.1,0.6,0.58,84.7,91.36,91.34,121.48,6101.04,11796.04,4.1,71.1,87.2,16.6,3.5
06/03/2026,1630,UBER,71.69,+.07,+0.10%,71.15,71.875,70.355,44.55,0.42,0.39,71.94,72.88,68.53,75.2,-8102.05,-6958.05,19.05,41.1,96.3,-5.6,-2.0
06/03/2026,1630,UFO,57.74,-3.48,-5.68%,60.285,60.48,57.64,49.22,0.59,0.68,43.54,55.06,54.55,69.44,-1103.02,6821.05,6.25,98.4,100.4,4.6,0.0
06/03/2026,1630,UGA,108.33,-.2114,-0.19%,109.19,109.48,108.13,44.36,0.41,0.49,79.28,117.44,98.62,121.45,-7110.04,-10374.04,12.04,72.1,81.1,-5.5,-9.8
06/03/2026,1630,UHAL,55.06,-1.19,-2.12%,55.54,56.065,54.84,58.2,0.53,0.38,45.17,48.37,49.02,60.92,4210.03,5853.04,4.11,51.1,92.4,11.5,0.0
06/03/2026,1630,UHS,145.98,+3.43,+2.41%,142.00,146.95,140.76,26.53,0.24,0.4,181.43,166.92,134.71,166.47,-11112.01,-14076.01,38.03,76.1,26.1,-5.6,-12.8
06/03/2026,1630,UL,55.31,-.22,-0.40%,55.62,55.79,55.235,36.48,0.2,0.24,63.95,56.19,54.86,58.14,-3105.01,-5524.01,20.01,60.1,60.1,-8.1,-3.1
06/03/2026,1630,ULS,98.03,+.26,+0.27%,96.98,100.31,96.98,51.72,0.28,0.45,78.0,95.71,97.11,102.76,-3105.01,-9698.01,19.01,78.1,21.4,-2.2,1.7
06/03/2026,1630,ULTA,471.21,-23.66,-4.78%,478.74,478.74,460.65,33.59,0.32,0.38,534.68,477.15,471.51,527.51,-2103.01,-46065.01,6.01,59.4,67.1,-3.1,0.0
06/03/2026,1630,UNG,11.71,+.24,+2.09%,11.44,11.76,11.44,56.69,0.45,0.5,11.92,10.76,10.82,12.19,2205.04,1222.04,4.24,5.1,39.2,2.7,6.5
06/03/2026,1630,UNH,377.00,-.92,-0.24%,380.00,387.46,376.81,54.59,0.23,0.35,276.29,383.5,366.68,395.09,-3110.03,-37472.02,15.04,23.1,17.1,-0.3,0.0
06/03/2026,1630,UNP,262.13,-2.55,-0.96%,263.96,267.22,262.13,46.99,0.27,0.29,240.59,263.68,257.66,276.91,-3105.02,-25866.03,5.03,90.2,83.4,0.0,0.0
06/03/2026,1630,UPBD,17.89,-.72,-3.87%,18.50,18.54,17.85,44.45,0.36,0.49,17.56,16.97,16.76,19.96,5101.03,1952.04,4.13,38.1,13.1,0.0,0.0
06/03/2026,1630,UPS,108.67,-.26,-0.24%,108.84,110.95,108.37,64.82,0.24,0.31,96.96,94.49,97.85,112.82,9210.01,11095.01,1.21,38.1,44.4,0.0,3.3
06/03/2026,1630,UPST,30.29,-2.10,-6.48%,31.82,31.86,29.58,49.06,0.71,0.77,25.68,26.22,27.06,35.21,5101.03,3467.03,3.15,25.1,66.1,0.0,0.0
06/03/2026,1630,URA,50.39,-3.03,-5.67%,52.68,52.68,49.8806,46.42,0.57,0.56,47.45,48.04,46.55,53.91,2207.01,5351.02,2.1,47.1,81.1,-8.0,0.0
06/03/2026,1630,URBN,72.57,+.31,+0.43%,72.26,72.62,71.27,53.97,0.36,0.49,61.41,65.1,67.98,78.01,-1103.03,7648.05,5.15,46.1,38.1,2.8,2.8
06/03/2026,1630,URI,1056.58,+61.76,+6.21%,1004.41,1067.88,995.87,74.67,0.35,0.38,727.4,930.77,928.77,1059.8,6207.01,106788.01,1.09,68.1,59.1,0.1,0.1
06/03/2026,1630,URNJ,28.26,-1.67,-5.58%,29.93,29.93,27.86,46.38,0.62,0.56,29.1,26.64,25.6,30.27,3206.01,2993.01,1.1,42.1,60.1,-8.3,0.0
06/03/2026,1630,URNM,61.46,-3.88,-5.94%,64.98,64.98,61.125,47.3,0.57,0.57,62.0,58.14,56.0,65.46,2207.01,6498.01,1.11,65.1,74.1,-5.8,0.0
06/03/2026,1630,USCI,99.51,+.11,+0.11%,99.78,100.0046,99.39,52.42,0.16,0.26,88.34,100.54,96.63,101.84,1202.01,-9755.04,15.04,70.1,65.1,-0.9,-1.7
06/03/2026,1630,USD/JPY,160.079,0,0.00%,0,0,0,67.863,0.019,NaN,157.887,158.806,158.964,160.287,4204.01,16008.02,2.3,0.0,0.1,0.0,0.6
06/03/2026,1630,USFD,83.16,+2.44,+3.02%,80.36,83.96,80.30,45.25,0.29,0.31,86.63,81.78,79.15,84.01,1201.01,8396.01,1.16,71.1,72.1,-9.3,0.0
06/03/2026,1630,USPH,61.87,-.63,-1.01%,63.00,63.465,61.32,39.59,0.92,0.4,76.01,59.57,60.88,66.09,-3103.01,-6132.01,20.01,62.1,98.4,-5.6,6.3
06/03/2026,1630,UTI,44.53,+2.87,+6.89%,41.75,44.87,41.59,66.03,0.76,0.55,33.63,36.59,35.56,44.43,5203.01,4487.01,1.1,65.1,84.4,4.9,1.0
06/03/2026,1630,UTZ,7.11,+.04,+0.57%,7.11,7.185,7.025,41.07,0.56,0.47,7.26,6.92,6.87,7.88,-2104.01,-703.01,19.01,54.1,85.4,-4.2,0.0
06/03/2026,1630,UUP,27.86,+.10,+0.36%,27.86,27.88,27.83,63.2,0.04,0.08,27.34,27.5,27.6,27.93,9203.01,2788.01,1.18,35.1,13.1,0.0,8.7
06/03/2026,1630,V,312.40,-4.92,-1.55%,317.65,317.65,309.00,38.63,0.18,0.26,306.02,319.8,312.97,335.02,-4107.01,-30900.01,8.01,51.1,30.1,-3.2,0.0
06/03/2026,1630,VET,11.94,+.21,+1.79%,11.93,12.22,11.832,46.67,0.63,0.52,10.99,12.38,10.68,13.11,-4201.04,-1101.04,24.04,44.1,92.3,-4.1,-3.3
06/03/2026,1630,VFC,16.41,-.30,-1.80%,16.51,16.8136,16.335,39.73,0.47,0.56,15.68,16.67,15.9,17.77,-1103.03,-1556.09,31.09,25.1,45.3,-13.0,0.0
06/03/2026,1630,VG,12.52,+.15,+1.21%,12.55,13.00,12.46,46.91,0.83,0.79,10.77,12.75,11.3,14.57,-2107.04,1490.1,10.17,23.1,60.1,0.0,0.4
06/03/2026,1630,VGK,87.90,-1.06,-1.19%,88.43,88.5699,87.895,50.62,0.2,0.2,82.04,85.67,86.31,90.58,6101.04,8976.04,6.25,83.1,79.1,3.9,2.3
06/03/2026,1630,VHT,275.27,+2.29,+0.84%,272.44,276.06,272.296,50.55,0.14,0.17,276.31,269.27,270.44,282.61,-2103.01,-27141.02,5.02,80.1,55.1,3.1,3.4
06/03/2026,1630,VIK,88.64,-.89,-0.99%,89.86,90.32,87.79,56.88,0.47,0.51,65.65,79.87,81.04,96.31,4101.04,9366.04,4.25,77.1,77.1,13.7,1.7
06/03/2026,1630,VIR,8.77,+.03,+0.34%,8.87,9.03,8.68,41.56,0.57,0.31,8.67,8.55,8.39,9.63,-1103.02,991.04,4.12,1.1,34.1,-3.1,0.0
06/03/2026,1630,VIX,16.06,+.29,+1.84%,15.97,16.63,15.94,41.56,0.54,0.9,22.19,17.2,14.56,18.09,-8111.04,-1522.04,12.04,13.1,1.1,-1.6,-5.0
06/03/2026,1630,VKTX,29.33,+.04,+0.14%,29.385,29.80,29.06,40.43,0.48,0.64,30.46,28.42,27.91,33.22,-1102.02,3316.04,4.09,6.1,19.1,0.0,-0.3
06/03/2026,1630,VLO,261.45,+3.19,+1.24%,260.80,265.6101,256.82,61.13,0.44,0.44,213.83,240.33,235.52,266.08,3203.01,26561.01,1.06,84.1,92.2,0.2,0.2
06/03/2026,1630,VLTO,84.67,+2.24,+2.72%,82.43,84.72,82.35,45.35,0.22,0.26,89.71,84.45,81.52,87.39,-13201.01,-8235.01,25.01,71.2,73.1,-1.2,-4.9
06/03/2026,1630,VMC,285.30,+3.46,+1.23%,280.77,286.08,280.50,56.98,0.27,0.31,255.0,265.77,258.73,291.34,6207.01,28608.01,2.11,76.1,71.1,0.0,0.0
06/03/2026,1630,VNM,18.02,-.11,-0.61%,18.19,18.20,18.02,35.37,0.18,0.29,16.6,19.12,17.85,19.26,-7113.01,-1802.01,18.01,45.1,3.1,-8.7,-7.6
06/03/2026,1630,VNO,34.00,-.22,-0.64%,33.71,34.2886,33.50,66.39,0.37,0.43,25.28,30.03,30.52,35.6,7210.02,3441.02,4.1,60.1,77.2,8.3,2.4
06/03/2026,1630,VRNS,33.51,-2.37,-6.61%,35.25,35.26,33.29,64.73,0.54,0.77,23.03,26.45,28.67,37.77,24213.02,3627.03,3.37,82.1,72.1,17.9,10.5
06/03/2026,1630,VRT,331.44,-3.05,-0.91%,340.865,343.63,326.79,52.42,0.59,0.7,238.65,330.72,284.8,367.26,1202.02,-30730.05,15.1,80.2,69.1,-2.1,-5.6
06/03/2026,1630,VRTX,428.34,+3.25,+0.76%,420.63,429.01,420.01,43.78,0.25,0.32,450.67,430.25,419.26,451.54,-2103.01,-42001.01,13.01,49.1,50.1,0.0,0.1
06/03/2026,1630,VSCO,54.3,0,0,0,0,0,56.65,0.67,0.87,44.4,43.81,44.35,62.14,6208.02,6065.03,3.09,88.4,83.2,2.6,0
06/03/2026,1630,VSXY,78.96,-1.1,-1.37%,75.55,79.12,72,77.77,1.52,0.8,44.1,44.04,48.26,82.19,8210.01,7912.01,1.11,72.3,100.4,9.3,0.4
06/03/2026,1630,VTR,79.04,-1.09,-1.36%,80.49,81.395,78.63,25.37,0.22,0.26,83.8,87.09,77.8,89.26,-5109.01,-7863.01,10.01,72.1,85.2,-2.0,-0.7
06/03/2026,1630,VVIX,89.80,-.73,-0.81%,91.36,91.60,88.97,43.06,0.42,NaN,115.73,90.54,83.15,96.71,-8101.04,-8498.04,13.05,0.0,2.1,-1.6,-7.9
06/03/2026,1630,VVV,34.65,+.71,+2.09%,33.97,34.92,33.685,56.54,0.42,0.39,33.05,31.77,32.47,35.44,3202.01,3500.04,4.1,38.1,94.4,-2.0,1.3
06/03/2026,1630,VXD,15.54,+.56,+3.74%,15.29,15.79,15.28,44.75,0.6,NaN,19.69,15.32,14.26,16.79,-6201.04,-1441.04,6.04,0.0,6.1,-1.7,0.0
06/03/2026,1630,VXN:CGI,23.84,+.57,+2.45%,23.79,24.44,23.57,51.11,0.48,NaN,24.9,24.01,22.0,24.85,1201.01,2444.01,1.04,0.0,3.1,-0.2,0.0
06/03/2026,1630,VXX,24.31,-.06,-0.25%,24.50,24.68,24.25,30.76,0.29,0.7,30.75,27.2,22.58,27.48,-9114.03,-2385.04,13.04,33.1,18.1,-3.6,-22.5
06/03/2026,1630,VZ,46.65,-1.22,-2.55%,47.45,47.55,46.1401,40.87,0.17,0.27,49.81,45.81,46.36,48.98,-1101.01,-4614.01,6.01,85.1,33.1,0.4,0.2
06/03/2026,1630,W,69.38,-2.94,-4.07%,71.155,71.29,68.15,51.0,0.69,0.72,70.25,57.74,58.75,80.23,6101.04,7637.04,4.1,62.1,79.3,1.4,5.1
06/03/2026,1630,WBD,27.00,-.18,-0.66%,27.135,27.215,27.00,45.51,0.09,0.32,27.02,26.92,26.82,27.31,2101.01,2736.02,2.03,33.4,3.1,0.0,0.0
06/03/2026,1630,WCLD,33.08,-1.69,-4.86%,34.29,34.29,32.85,61.31,0.58,0.45,27.92,27.01,28.64,36.69,7212.02,3609.03,3.14,95.2,100.2,7.5,6.9
06/03/2026,1630,WDAY,146.90,-1.98,-1.33%,147.56,147.56,143.04,61.72,0.76,0.62,130.91,112.55,118.43,161.28,5205.02,15864.03,3.14,85.3,100.4,6.2,1.2
06/03/2026,1630,WEAT,22.67,-.48,-2.07%,23.24,23.325,22.63,37.92,0.35,0.28,22.38,24.0,22.07,24.86,-5109.03,-2263.01,15.04,44.1,96.4,0.0,0.0
06/03/2026,1630,WELL,199.59,+4.24,+2.17%,195.32,200.92,195.29,37.08,0.26,0.29,200.42,211.78,192.08,221.29,-5106.01,-19529.01,10.01,83.1,94.1,0.0,-1.7
06/03/2026,1630,WEN,6.85,-.36,-4.99%,7.15,7.33,6.85,41.61,0.86,0.53,6.78,7.68,6.8,8.23,-3102.01,-685.01,14.01,75.1,100.4,0.0,4.2
06/03/2026,1630,WEST,7.90,-.07,-0.88%,7.97,8.17,7.88,56.87,1.31,0.63,3.64,8.08,7.68,8.56,-5102.02,854.02,2.03,20.1,100.4,-0.2,16.7
06/03/2026,1630,WFC,78.68,-.76,-0.96%,78.88,79.125,77.40,54.03,0.29,0.35,74.03,72.78,73.54,80.63,6210.02,7954.02,2.15,80.1,72.1,0.0,0.7
06/03/2026,1630,WGMI,70.715,-.795,-1.11%,72.57,74.285,69.95,72.03,0.66,0.72,34.95,53.44,56.87,76.75,9209.01,7429.01,1.43,28.1,32.1,6.6,5.8
06/03/2026,1630,WGS,53.02,-.11,-0.21%,52.74,54.00,51.00,53.68,0.66,0.77,75.52,37.64,39.32,59.37,6213.04,5400.01,5.19,41.1,51.4,0.0,4.6
06/03/2026,1630,WH,80.11,-1.37,-1.68%,81.21,81.855,79.93,46.64,0.34,0.42,72.05,77.86,77.13,83.7,-2101.02,-7776.03,5.03,96.2,89.2,-1.7,0.0
06/03/2026,1630,WING,144.05,-6.95,-4.60%,146.69,146.87,135.77,45.66,0.66,0.76,192.87,116.35,120.27,171.98,6101.03,16238.03,3.19,80.1,70.1,0.0,2.7
06/03/2026,1630,WMS,132.51,-3.15,-2.32%,135.01,135.80,131.875,39.29,0.37,0.46,136.75,134.01,130.36,141.51,-1103.01,-13188.01,6.01,65.1,51.1,-7.9,0.0
06/03/2026,1630,WMT,116.89,+3.83,+3.39%,113.10,117.29,112.96,36.35,0.36,0.29,121.62,128.77,107.79,129.97,-8110.02,-11273.02,10.03,52.1,100.4,-0.1,-22.5
06/03/2026,1630,WOOD,67.0045,-.4905,-0.73%,66.38,67.21,66.38,45.52,0.2,0.2,70.42,65.0,64.76,68.93,2207.05,-6455.1,33.1,37.1,63.1,-1.9,0.0
06/03/2026,1630,WRBY,24.22,-.87,-3.47%,24.65,24.795,23.68,46.06,1.03,0.81,23.02,26.5,21.69,28.73,-1111.1,3020.11,17.24,78.1,87.4,-2.3,0.0
06/03/2026,1630,WW,16.13,+.15,+0.94%,16.09,17.10,14.9215,65.43,1.6,1.26,21.04,9.25,9.78,20.09,6208.03,1764.05,4.18,77.3,85.4,20.1,0.2
06/03/2026,1630,WWW,16.00,-.96,-5.66%,16.67,16.67,15.685,43.69,0.49,0.67,15.7,14.0,14.67,18.7,-1101.01,1789.03,4.1,44.1,68.2,1.8,0.0
06/03/2026,1630,WY,24.47,+.08,+0.33%,24.29,24.805,24.195,56.38,0.25,0.32,22.93,22.56,22.68,25.31,7202.01,2481.01,4.11,73.1,56.2,0.0,0.2
06/03/2026,1630,WYFI,28.03,-2.13,-7.06%,30.00,30.5452,27.62,55.99,1.59,1.33,15.01,21.8,23.59,35.37,12101.07,3319.07,7.24,NaN,NaN,0.0,8.0
06/03/2026,1630,WYNN,104.95,+.33,+0.32%,104.44,106.32,102.47,57.98,0.35,0.4,96.37,94.13,93.93,108.75,6207.01,10632.01,2.13,46.1,58.1,0.0,0.0
06/03/2026,1630,XBI,129.83,+2.07,+1.62%,127.57,129.99,127.12,45.43,0.33,0.3,120.85,126.7,125.6,138.34,-2102.01,-12712.01,4.01,56.1,92.2,0.0,-0.4
06/03/2026,1630,XHR,17.76,0,0.00%,17.59,17.899,17.55,67.29,0.25,0.56,14.12,15.81,16.28,18.37,6210.02,1796.02,2.12,73.4,26.3,9.5,2.9
06/03/2026,1630,XIACY,17.99,-.75,-4.00%,18.10,18.14,17.97,38.62,0.43,NaN,20.78,19.34,17.0,19.83,-8101.04,-1775.04,15.04,0.0,71.2,-7.2,-10.5
06/03/2026,1630,XLB,51.63,+.11,+0.21%,51.35,52.025,51.24,55.22,0.19,0.32,48.6,50.07,49.19,52.51,2207.01,5203.01,1.09,88.2,83.2,0.0,0.0
06/03/2026,1630,XLC,112.08,-1.49,-1.31%,113.24,113.43,111.76,32.73,0.13,0.2,113.92,115.35,112.57,117.72,-4104.01,-11176.01,5.01,73.1,52.1,0.0,-0.4
06/03/2026,1630,XLE,58.71,+.75,+1.29%,58.24,59.375,58.01,53.34,0.29,0.29,55.37,56.96,55.37,61.09,-3201.04,-5599.04,10.04,75.1,99.4,0.0,0.0
06/03/2026,1630,XLF,50.87,-.59,-1.15%,51.14,51.155,50.52,42.9,0.12,0.2,48.79,50.96,50.82,52.02,-5103.01,-5052.01,6.01,48.1,17.1,0.0,0.2
06/03/2026,1630,XLG,63.66,-.74,-1.15%,64.29,64.35,63.575,60.99,0.11,0.18,55.7,62.69,63.04,64.8,17101.02,6477.03,3.46,77.1,31.1,0.7,6.6
06/03/2026,1630,XLI,174.05,-.14,-0.08%,173.73,176.103,173.55,54.56,0.17,0.22,163.73,169.5,169.26,176.19,5207.01,17610.01,1.09,66.1,73.1,-2.5,0.0
06/03/2026,1630,XLK,196.23,-1.98,-1.00%,198.37,198.73,194.525,78.92,0.24,0.32,135.46,171.91,178.11,202.16,8210.01,19873.01,1.45,80.2,79.1,15.2,16.0
06/03/2026,1630,XLP,82.16,+.33,+0.40%,81.79,82.72,81.65,40.52,0.14,0.2,83.69,84.14,80.93,86.16,-7109.01,-8165.01,10.01,79.1,75.1,0.0,-0.4
06/03/2026,1630,XLRE,43.51,+.02,+0.05%,43.38,43.965,43.32,44.65,0.13,0.11,41.98,43.17,42.97,44.96,-3104.01,-4308.02,6.02,2.1,44.1,0.0,-1.4
06/03/2026,1630,XLU,43.71,-.19,-0.43%,43.96,44.48,43.675,39.58,0.19,0.2,45.96,43.53,43.05,45.62,-3105.02,-4318.02,7.02,62.1,98.3,-1.1,-0.8
06/03/2026,1630,XLV,147.55,+1.15,+0.79%,146.16,148.05,146.07,50.97,0.15,0.17,149.67,144.12,145.05,151.28,-2103.01,-14531.02,5.02,46.1,48.1,1.0,4.2
06/03/2026,1630,XLY,116.73,-.86,-0.73%,116.63,117.62,116.125,44.93,0.18,0.21,110.72,115.54,114.81,122.67,-2103.01,12218.04,4.1,27.1,63.1,4.0,-0.3
06/03/2026,1630,XOM,152.53,+2.97,+1.99%,150.605,154.91,150.02,51.06,0.35,0.34,147.66,149.68,141.8,161.56,-3201.04,-14471.04,10.04,80.1,98.2,0.0,-2.3
06/03/2026,1630,XOP,171.13,+2.28,+1.35%,169.96,173.01,168.69,51.92,0.36,0.36,157.72,166.72,159.97,178.03,-3202.04,-16189.04,24.04,73.1,91.3,-2.4,0.0
06/03/2026,1630,XPEV,17.46,-.43,-2.40%,17.175,17.635,17.175,59.92,0.44,0.58,16.5,14.91,14.87,18.25,7207.01,1819.02,2.1,18.1,24.1,2.9,0.0
06/03/2026,1630,XRT,83.37,-.33,-0.39%,83.40,83.43,82.69,51.63,0.23,0.26,79.8,78.54,79.16,87.01,5209.04,8586.05,5.13,60.1,80.4,0.0,0.0
06/03/2026,1630,XTL,238.31,-9.31,-3.76%,245.96,245.96,238.225,58.53,0.32,0.27,179.35,221.76,222.59,252.8,5209.02,24762.02,5.11,76.1,64.1,8.3,4.9
06/03/2026,1630,XYL,109.69,-.60,-0.54%,110.22,111.05,108.72,42.17,0.22,0.33,118.7,107.79,106.98,111.66,1202.01,11105.01,1.03,82.1,58.1,-12.6,0.0
06/03/2026,1630,XYZ,69.80,-4.35,-5.87%,73.39,73.52,69.40,47.57,0.47,0.49,59.67,68.69,66.9,77.11,5101.02,7649.02,2.07,35.1,71.1,1.1,0.0
06/03/2026,1630,YCS,54.55,+.09,+0.17%,54.52,54.6034,54.49,63.81,0.09,0.32,51.13,52.54,53.43,54.99,3216.11,-5159.2,25.2,96.1,0.1,1.8,22.7
06/03/2026,1630,YELP,22.02,-1.05,-4.55%,22.83,22.83,21.64,37.73,0.61,0.49,23.56,20.8,21.04,23.94,2101.03,-2080.13,19.13,80.1,94.4,-15.8,0.0
06/03/2026,1630,YPF,54.90,-.41,-0.74%,55.95,56.09,54.345,77.08,0.46,0.42,35.91,43.21,47.43,58.22,14212.01,5609.01,2.17,27.1,69.4,29.3,7.2
06/03/2026,1630,YUM,148.44,+1.86,+1.27%,148.90,151.10,148.21,39.75,0.21,0.27,155.0,149.69,145.31,155.37,-3106.02,-14591.02,23.02,81.1,56.3,-3.9,0.0
06/03/2026,1630,YUMC,42.94,-.45,-1.04%,42.90,43.54,42.60,29.68,0.18,0.34,51.08,44.97,41.27,45.58,-13119.04,-4242.04,20.04,56.1,3.1,-11.8,-13.5
06/03/2026,1630,ZG,35.59,-.99,-2.71%,36.20,36.28,34.68,33.04,0.32,0.67,40.69,37.26,34.36,37.92,-12101.01,-3468.01,31.01,84.1,21.1,-15.2,0.0
06/03/2026,1630,ZM,106.20,-5.68,-5.08%,110.38,110.735,105.60,57.01,0.63,0.51,73.63,97.81,94.36,113.07,4204.01,11074.01,1.1,85.2,100.4,0.0,0.2
06/03/2026,1630,ZS,134.37,-9.78,-6.78%,141.90,142.47,133.53,43.28,1.62,0.68,150.33,143.03,115.55,187.37,-3106.04,-13037.04,7.04,82.1,100.4,0.0,-0.4
