Date,Time,Symbol,Last,Net Chng,%Change,Open,High,Low,RSI,HistoricalVolatility,ImpVolatility,A_TrendValue,A_TradeValue,A_BB_Bottom,A_BB_Top,A_BB_Streak,A_BBHighLow,A_BBHighLowDays,A_IVPercentile,A_HVPercentile,A_BB_Top_Slope,A_BB_Bot_Slope
05/11/2026,1630,$COMP,26274.1255,+27.0492,+0.10%,26135.6327,26359.3082,26129.8286,80.19,0.15,NaN,22256.76,24199.0,24672.08,26654.22,14208.01,2635931.01,1.3,0.0,43.1,8.5,10.0
05/11/2026,1630,$DJI,49704.47,+95.31,+0.19%,49549.07,49771.24,49475.78,60.63,0.12,NaN,49084.35,48861.31,48944.83,50038.85,12204.02,4983070.02,2.31,0.0,50.1,-0.3,6.8
05/11/2026,1630,$DXY,97.924,+.024,+0.02%,98.036,98.153,97.850,42.17,0.051,NaN,96.744,98.063,97.655,98.872,-7108.01,-9783.02,8.02,0.0,29.1,-1.4,0.0
05/11/2026,1630,/6B[M26],1.3609,-.0013,-0.10%,1.3565,1.3654,1.3565,58.6042,0.0566,0.069,1.3434,1.3446,1.349,1.3659,7208.01,137.01,1.08,28.1,16.1,0.0,2.2
05/11/2026,1630,/6C[M26],.73220,+.0001,+0.01%,.73245,.73380,.73130,50.20382,0.042,0.0449,0.72995,0.7307,0.7303,0.73768,-2104.01,-73.01,4.01,16.1,35.1,0.0,1.1
05/11/2026,1630,/6E[M26],1.18005,+.0002,+0.02%,1.17890,1.18075,1.17680,57.82489,0.0454,0.0561,1.1755,1.16975,1.17022,1.18128,5204.01,118.01,1.08,12.1,20.1,-0.4,2.3
05/11/2026,1630,/6J[M26],.0063810,-.00002,-0.31%,.0063955,.0064015,.0063770,54.9410215,0.1009219,0.0759,0.006449,0.0062825,0.0062638,0.0064695,5208.03,1.03,3.08,8.1,65.2,0.0,0.0
05/11/2026,1630,/BTC[K26],82100,+1715.00,+2.13%,80895,82725,80585,67.0,0.0,0.0,65200.0,74860.0,75946.0,84035.0,15207.0,8272500.0,3.0,29.0,3.0,1.0,2.0
05/11/2026,1630,/BZ[N26],104.44,+3.15,+3.11%,104.00,106.00,102.82,51.54,0.64,NaN,66.83,93.87,98.03,115.32,-3104.02,-9607.03,8.03,0.2,88.3,0.0,5.0
05/11/2026,1630,/CL[M26],98.47,+3.05,+3.20%,98.19,100.37,96.13,51.53,0.72,0.7,61.87,85.5,90.02,110.19,-2104.03,-8985.03,8.03,72.1,86.3,0.0,3.0
05/11/2026,1630,/GC[M26],4744.8,+14.10,+0.30%,4690.0,4758.4,4655.1,52.7,0.2,0.3,4854.2,4672.2,4518.2,4799.7,3204.0,475840.0,1.1,64.1,48.1,-3.3,0.0
05/11/2026,1630,/HG[N26],6.4915,+.195,+3.10%,6.2785,6.5090,6.2500,69.4261,0.2589,0.3369,5.627,5.9675,5.8198,6.4421,4205.01,651.01,1.05,71.1,42.1,0.0,0.0
05/11/2026,1630,/NG[M26],2.927,+.17,+6.17%,2.752,2.936,2.751,58.642,0.431,0.538,2.922,2.495,2.557,2.972,8210.01,294.01,1.12,20.1,15.1,0.6,0.5
05/11/2026,1630,/NKD[M26],62940,-755.00,-1.19%,63695,63845,62390,67.0,0.0,NaN,56190.0,58370.0,57963.0,64308.0,14206.0,6384500.0,1.0,0.0,46.0,0.0,0.0
05/11/2026,1630,/SI[N26],86.805,+5.94,+7.35%,80.150,86.975,79.530,67.418,0.504,0.646,71.815,73.845,70.209,84.97,4204.01,8698.01,1.08,63.1,70.1,0.0,0.0
05/11/2026,1630,AAAU,46.69,+.095,+0.20%,46.64,46.825,46.44,52.74,0.23,0.25,47.84,45.99,44.45,47.33,4204.01,-4440.06,50.09,67.1,54.1,-4.8,0.0
05/11/2026,1630,AAL,12.79,-.56,-4.19%,13.02,13.10,12.73,58.8,0.54,0.54,13.28,11.41,11.11,13.67,4206.02,1337.02,2.09,54.1,76.2,0.0,0.0
05/11/2026,1630,AAPL,292.68,-.64,-0.22%,291.979,293.88,290.23,71.94,0.26,0.27,255.45,265.4,266.35,299.98,8210.01,29476.02,2.25,33.1,71.2,11.8,3.1
05/11/2026,1630,ABBV,202.78,+1.23,+0.61%,202.01,205.375,202.01,44.61,0.25,0.28,218.05,197.14,195.93,211.54,-1103.02,21100.07,7.09,45.1,49.2,-0.5,0.0
05/11/2026,1630,ABNB,137.05,-4.44,-3.14%,141.745,146.29,136.905,48.8,0.25,0.39,115.53,138.66,136.12,142.71,-6101.01,-13691.01,1.01,45.1,38.1,-1.4,2.4
05/11/2026,1630,ABR,6.66,-.55,-7.63%,7.16,7.18,6.60,30.28,0.61,0.45,7.2,7.67,6.8,8.41,-2102.01,-660.01,3.01,33.1,95.1,0.0,0.0
05/11/2026,1630,ABT,82.56,-1.76,-2.09%,84.44,84.44,81.97,20.63,0.31,0.3,111.38,90.72,81.42,92.15,-26123.01,-8197.01,51.01,88.1,83.4,-11.2,-6.2
05/11/2026,1630,ACHC,25.01,-.17,-0.68%,25.14,25.69,24.95,45.69,0.6,0.64,13.3,25.87,23.65,28.32,-4105.02,-2461.02,6.02,17.1,52.1,-1.6,0.0
05/11/2026,1630,ACHR,6.54,+.06,+0.93%,6.37,6.75,6.24,62.58,0.55,1.01,6.57,5.59,5.51,6.68,4205.01,675.01,1.05,92.2,16.1,0.0,0.8
05/11/2026,1630,ACI,15.92,-.10,-0.62%,16.06,16.08,15.80,37.1,0.24,0.3,17.36,16.43,15.58,16.92,-5107.01,-1580.01,7.03,46.1,44.1,-1.4,0.0
05/11/2026,1630,ADBE,246.15,-6.89,-2.72%,250.53,255.41,244.691,48.33,0.41,0.55,251.1,233.52,238.05,260.17,4101.03,25944.03,3.21,94.2,90.3,1.8,1.0
05/11/2026,1630,ADYEY,10.71,-.36,-3.25%,10.89,10.90,10.67,41.41,0.27,NaN,10.57,10.45,10.76,11.49,-6104.01,-1067.01,4.01,0.0,23.1,-1.8,0.0
05/11/2026,1630,AFK,28.83,+.47,+1.66%,28.60,29.00,28.5852,62.79,0.32,0.34,28.35,27.19,26.03,29.1,4204.01,2900.01,1.09,52.1,76.1,0.0,0.0
05/11/2026,1630,AFRM,66.45,+2.44,+3.81%,63.09,66.605,61.85,61.13,0.6,0.72,48.55,61.28,62.77,68.74,-1201.01,-6185.01,2.01,48.1,46.1,-0.2,7.5
05/11/2026,1630,AGCO,118.83,+1.49,+1.27%,117.00,118.84,115.97,50.76,0.47,0.41,135.41,114.8,113.87,121.86,2201.03,12199.03,3.05,67.1,91.4,-0.9,0.0
05/11/2026,1630,AHR,50.38,-1.33,-2.57%,51.31,52.45,50.30,52.46,0.35,0.33,50.75,47.46,48.6,51.92,5202.01,5245.01,1.13,29.1,93.4,0.1,0.5
05/11/2026,1630,AIQUY,41.29,+.09,+0.22%,41.36,41.46,41.214,43.4,0.26,NaN,38.92,43.27,40.07,44.04,-6110.03,-4103.03,23.03,0.0,90.2,-5.0,-7.2
05/11/2026,1630,AKAM,153.01,+5.30,+3.59%,149.00,156.32,147.01,79.76,0.99,0.54,94.49,93.51,105.23,154.04,9215.01,15632.01,1.2,77.4,100.4,1.3,10.1
05/11/2026,1630,ALB,209.99,+6.47,+3.18%,210.20,219.075,209.00,62.58,0.77,0.72,156.72,184.51,186.56,209.04,4204.01,21908.01,1.37,84.1,88.4,-2.9,6.4
05/11/2026,1630,ALCO,40.65,-.03,-0.07%,41.00,41.415,40.40,43.47,0.2,NaN,40.01,41.34,39.92,42.12,-8120.05,-4040.01,23.05,0.0,27.1,-7.3,-1.5
05/11/2026,1630,ALGN,164.61,-4.17,-2.47%,168.88,169.66,162.72,37.27,0.36,0.46,181.09,187.01,154.38,188.07,-8111.02,-16272.01,15.05,52.1,49.1,-3.2,-2.4
05/11/2026,1630,ALLY,42.74,-1.50,-3.39%,44.25,44.4999,42.555,48.33,0.37,0.33,39.63,43.91,42.04,45.48,-2101.01,-4256.01,15.01,24.1,85.3,-1.4,4.0
05/11/2026,1630,ALNY,284.84,-10.21,-3.46%,294.15,296.37,284.28,34.31,0.33,0.39,298.0,301.63,284.08,310.53,-11118.01,-28428.01,19.01,21.1,39.1,-11.6,0.0
05/11/2026,1630,AMAT,443.62,+8.18,+1.88%,439.245,448.45,437.27,66.48,0.48,0.67,325.56,391.06,376.61,449.53,5205.01,44845.01,1.09,97.3,59.1,0.0,0.0
05/11/2026,1630,AMBA,79.72,+3.42,+4.48%,79.48,81.02,77.92,80.13,0.43,1.02,63.77,59.0,66.45,83.65,21224.01,8102.01,3.27,100.4,30.1,20.3,19.7
05/11/2026,1630,AMD,458.79,+3.60,+0.79%,460.55,469.215,450.88,81.09,0.92,0.74,194.83,276.62,354.92,487.47,21205.01,46922.01,1.3,98.3,94.4,36.5,18.1
05/11/2026,1630,AMG,301.28,-1.51,-0.50%,302.60,304.6525,298.39,55.95,0.34,0.42,289.8,270.35,284.67,310.7,4206.03,31097.03,3.08,79.1,75.1,0.0,1.5
05/11/2026,1630,AMH,32.05,+.02,+0.06%,32.15,32.425,31.81,65.68,0.21,0.34,30.65,29.98,30.38,33.38,16210.03,3283.03,3.36,65.1,77.2,10.9,8.9
05/11/2026,1630,AMLP,53.44,+.28,+0.53%,53.31,53.68,53.00,56.79,0.15,0.16,50.05,51.02,51.6,54.94,8201.05,5425.05,6.17,78.1,83.4,3.6,3.9
05/11/2026,1630,AMN,30.27,+1.30,+4.49%,29.09,31.65,28.60,84.65,0.96,0.72,15.65,19.76,20.23,29.86,3205.01,3165.01,1.04,36.1,97.2,4.1,2.2
05/11/2026,1630,AMPH,18.45,-.55,-2.89%,19.13,19.41,18.33,33.78,0.94,0.86,27.24,20.77,18.55,24.5,-2102.01,-1833.01,3.01,83.2,92.2,1.7,0.0
05/11/2026,1630,AMZN,268.99,-3.69,-1.35%,269.835,273.63,268.48,68.8,0.22,0.31,196.0,249.1,254.54,283.45,13101.04,27856.05,5.3,24.1,18.1,6.7,6.9
05/11/2026,1630,AN,200.48,-5.49,-2.67%,205.97,205.97,200.40,47.47,0.32,0.36,195.0,200.96,198.2,210.7,-3101.01,-19926.05,7.05,60.1,88.2,0.0,2.7
05/11/2026,1630,AQWA,19.155,+.0307,+0.16%,19.17,19.25,19.14,44.82,0.16,0.3,20.45,19.42,18.75,19.75,-5110.05,-1892.06,22.06,91.2,75.3,-4.5,-1.6
05/11/2026,1630,AR,36.59,+.65,+1.81%,36.65,36.73,36.165,40.91,0.35,0.41,32.81,36.4,35.51,39.99,-4104.01,-3617.01,8.01,33.1,35.1,0.0,0.0
05/11/2026,1630,ARE,46.00,-.26,-0.56%,46.05,46.85,45.56,52.52,0.62,0.47,50.1,45.04,38.81,49.03,1205.04,-4004.07,16.07,67.1,90.4,-0.9,0.0
05/11/2026,1630,ARGT,90.17,+.68,+0.76%,89.92,90.50,88.99,45.51,0.23,0.26,88.67,90.47,88.1,93.85,-1102.01,9417.03,3.07,23.1,31.1,-0.7,-0.5
05/11/2026,1630,ARHS,6.12,-.385,-5.92%,6.50,6.51,6.05,34.26,0.66,0.63,8.34,7.41,6.09,7.82,-6103.01,-605.01,14.01,26.1,85.1,-1.5,0.0
05/11/2026,1630,ARKK,80.03,+.91,+1.15%,78.58,80.685,78.25,60.76,0.37,0.4,67.59,75.18,74.27,81.27,5204.01,8069.01,1.3,19.1,48.1,0.0,2.0
05/11/2026,1630,ARQQ,15.00,+.04,+0.27%,14.66,15.50,14.20,52.37,0.91,1.14,15.82,13.7,13.47,16.03,2205.03,1624.03,3.08,44.2,39.3,-1.8,4.7
05/11/2026,1630,AS,34.50,-1.53,-4.25%,35.92,35.92,34.08,46.2,0.4,0.65,38.0,35.53,33.53,37.07,-1101.01,3686.02,2.06,85.2,48.1,0.0,0.0
05/11/2026,1630,ASBFF,25.76,+1.89,+7.92%,25.76,25.76,25.76,47.51,1.44,NaN,NaN,26.59,NaN,-Infinity,NaN,0.0,0.0,NaN,NaN,NaN,NaN
05/11/2026,1630,ASO,51.54,-2.57,-4.75%,54.00,54.17,51.45,38.37,0.38,0.61,56.86,55.07,49.35,57.69,-10101.05,-5145.01,17.06,92.2,25.1,-2.8,-5.2
05/11/2026,1630,ATRO,75.79,+.71,+0.95%,74.88,76.61,73.0175,55.03,0.5,0.7,72.01,70.46,68.31,79.73,3205.02,7928.02,2.08,78.1,45.1,0.0,0.0
05/11/2026,1630,AVB,187.27,+3.19,+1.73%,184.96,187.38,184.63,68.86,0.25,0.22,173.54,170.15,174.29,194.82,13213.07,18792.04,8.36,31.1,85.4,11.3,12.0
05/11/2026,1630,AVGO,428.43,-1.57,-0.37%,427.615,433.6463,425.0501,64.95,0.38,0.59,316.31,394.57,404.26,440.47,4202.01,43500.02,2.3,87.2,44.1,0.0,6.8
05/11/2026,1630,AVO,12.72,-.36,-2.75%,13.53,13.67,12.71,37.47,0.48,0.68,13.55,13.09,12.71,14.2,-3106.01,-1271.01,23.01,97.4,93.4,-5.6,0.0
05/11/2026,1630,AVTR,7.97,-.34,-4.09%,8.30,8.30,7.95,45.83,0.41,0.64,8.9,7.46,7.61,8.54,2101.03,858.03,3.08,75.1,50.1,0.0,0.0
05/11/2026,1630,AWI,159.43,-1.991,-1.23%,160.90,161.63,159.18,33.2,0.27,0.33,195.06,176.31,154.02,177.18,-6111.05,-15918.01,20.06,79.1,75.1,-6.9,-4.8
05/11/2026,1630,AXP,312.32,-3.71,-1.17%,315.29,316.3999,311.81,44.63,0.24,0.3,336.21,312.5,306.14,328.13,-5103.08,-31181.01,17.08,38.1,51.1,-4.7,0.0
05/11/2026,1630,AZO,3427.80,-68.39,-1.96%,3477.71,3480.04,3409.42,42.48,0.29,0.42,3648.06,3500.16,3411.98,3660.73,-5106.01,-340942.01,7.01,98.3,81.2,0.0,0.0
05/11/2026,1630,B,47.00,+3.87,+8.97%,44.21,47.585,44.21,68.52,0.53,0.46,45.06,39.4,37.7,46.0,4204.01,4759.01,1.09,48.1,84.1,0.0,0.0
05/11/2026,1630,BA,238.21,+.85,+0.36%,239.44,241.21,236.52,63.14,0.33,0.36,233.42,218.9,220.34,242.11,4204.01,24121.01,1.36,69.1,71.3,0.1,3.8
05/11/2026,1630,BABA,137.30,-2.76,-1.97%,137.66,138.85,136.22,54.53,0.4,0.51,152.85,129.62,128.4,143.13,3204.02,14380.02,2.35,83.2,53.2,0.0,2.7
05/11/2026,1630,BAC,50.55,-.76,-1.48%,51.21,51.39,50.27,40.84,0.2,0.31,51.44,51.93,50.7,54.06,-2103.01,-5027.01,3.01,62.1,46.1,-1.2,0.0
05/11/2026,1630,BALL,57.72,-.80,-1.37%,59.03,59.30,57.53,37.97,0.31,0.28,65.29,61.04,55.68,62.94,-7112.05,-5706.05,17.05,39.1,81.4,-5.0,-6.0
05/11/2026,1630,BBN,16.10,-.03,-0.19%,16.08,16.21,16.06,47.27,0.08,NaN,16.46,16.03,15.95,16.22,2203.01,1621.01,1.04,0.0,26.1,-4.4,-1.6
05/11/2026,1630,BBWI,19.16,-.57,-2.89%,19.70,19.84,18.96,49.26,0.59,0.76,22.04,19.51,17.73,20.62,1101.02,2135.14,14.21,98.2,81.2,0.0,1.9
05/11/2026,1630,BBY,57.62,-1.78,-3.00%,60.00,60.025,57.545,38.31,0.37,0.53,64.25,60.25,53.71,62.44,-8101.05,-5668.05,15.1,88.2,68.2,-5.8,-8.7
05/11/2026,1630,BCO,105.20,-2.02,-1.88%,106.95,107.155,104.52,43.79,0.31,0.3,128.16,109.02,102.52,111.07,-8101.03,-10324.03,15.03,49.1,72.1,-4.6,0.0
05/11/2026,1630,BDRY,12.65,+.544,+4.49%,12.50,12.685,12.50,71.49,0.34,0.45,11.17,10.5,11.32,12.78,7211.01,1269.01,1.12,4.1,24.1,2.7,4.9
05/11/2026,1630,BEAM,31.75,-.57,-1.76%,32.75,34.375,31.67,57.68,0.76,0.73,25.23,27.1,27.93,33.52,15204.01,3438.01,1.3,48.1,58.2,0.0,0.8
05/11/2026,1630,BEPC,37.33,+.65,+1.77%,36.77,37.51,36.67,43.36,0.65,0.45,41.82,38.81,33.23,41.24,1204.03,-3440.06,23.07,81.2,98.4,-12.7,-1.2
05/11/2026,1630,BIDU,145.78,+4.73,+3.35%,143.50,149.92,143.50,72.13,0.55,0.68,131.5,120.32,121.14,148.29,7208.01,14992.01,1.3,100.4,82.4,2.7,1.0
05/11/2026,1630,BIO,243.79,-10.53,-4.14%,254.35,254.35,242.62,29.71,0.47,0.44,251.0,274.9,226.93,280.17,-8113.05,-24262.01,14.05,69.1,74.4,-8.1,-17.5
05/11/2026,1630,BIP,37.44,+.67,+1.82%,37.01,37.52,36.96,58.59,0.23,0.35,37.64,35.6,35.08,37.74,4205.01,3752.01,1.08,79.3,85.1,0.0,0.0
05/11/2026,1630,BIRK,39.15,-.19,-0.48%,39.34,39.99,38.74,52.73,0.48,0.57,37.92,39.16,36.2,41.25,1204.03,4089.03,3.08,79.2,79.3,-1.4,0.1
05/11/2026,1630,BITO,11.20,+.24,+2.19%,11.085,11.24,10.9801,65.5,0.29,0.36,8.99,10.26,10.33,11.5,4207.04,1124.01,4.3,1.1,4.1,1.0,3.7
05/11/2026,1630,BJ,91.11,-1.86,-2.00%,92.70,93.275,90.69,42.0,0.26,0.45,96.85,93.27,89.55,95.62,-7102.01,-9069.01,12.03,89.2,36.1,-1.3,0.0
05/11/2026,1630,BJRI,42.11,-.59,-1.38%,42.70,43.81,41.88,65.9,0.42,0.55,40.02,37.39,36.14,43.02,3205.01,4381.01,1.04,88.1,77.3,0.0,0.0
05/11/2026,1630,BK,132.49,+1.99,+1.52%,130.46,132.55,130.23,55.89,0.19,0.29,112.83,133.73,128.79,136.21,-6112.01,-13016.02,18.03,65.1,65.1,-5.0,0.0
05/11/2026,1630,BKNG,157.80,-8.13,-4.90%,164.095,165.31,156.07,34.58,0.42,0.44,154.84,174.53,151.85,179.8,-7114.01,-15607.01,17.08,88.1,83.1,-8.4,-7.4
05/11/2026,1630,BKV,28.34,+.54,+1.94%,28.06,28.66,27.64,44.7,0.45,0.53,29.25,27.1,26.87,32.95,-3104.01,-2764.01,8.01,58.1,64.2,0.0,0.0
05/11/2026,1630,BLDR,74.88,-2.52,-3.26%,77.11,77.46,74.58,36.12,0.51,0.63,110.58,88.66,66.66,89.82,-5110.05,-7340.05,15.05,90.1,74.2,-0.4,-8.7
05/11/2026,1630,BLK,1081.32,-3.51,-0.32%,1084.00,1089.88,1071.535,61.82,0.24,0.29,1017.0,1040.4,1045.27,1093.92,7204.01,108988.01,1.27,69.1,48.1,0.0,5.9
05/11/2026,1630,BLMN,8.37,+.25,+3.08%,8.16,8.725,8.07,73.33,1.33,0.82,6.08,6.01,5.44,8.77,4204.01,873.01,1.06,56.1,91.4,1.7,-0.1
05/11/2026,1630,BLOK,65.16,+.77,+1.20%,64.08,65.9799,63.25,67.59,0.36,0.35,52.34,58.99,57.73,67.29,5207.01,6598.01,1.29,11.1,42.1,0.0,0.3
05/11/2026,1630,BNDD,97.6998,-.3016,-0.31%,97.29,97.6998,97.29,48.02,0.06,0.16,97.36,97.39,97.23,98.28,-1101.01,-9729.01,4.01,45.2,1.1,0.0,1.0
05/11/2026,1630,BNO,55.02,+1.91,+3.60%,54.48,55.73,54.25,55.16,0.65,0.9,31.52,47.55,50.06,61.73,-2104.03,-5082.03,9.03,91.2,87.4,0.0,2.1
05/11/2026,1630,BOOT,153.10,-10.20,-6.25%,162.30,164.185,152.58,39.64,0.45,0.72,184.01,160.04,155.14,173.71,-3103.01,-15258.01,3.01,100.3,70.1,0.0,0.6
05/11/2026,1630,BP,44.22,+.88,+2.03%,44.04,44.445,43.865,43.75,0.35,0.32,36.83,45.31,43.0,47.83,-4104.01,-4322.02,8.02,58.1,91.2,0.0,-0.2
05/11/2026,1630,BRBR,9.40,-.91,-8.83%,10.27,10.365,9.265,22.21,1.82,0.97,17.1,15.96,7.7,17.69,-5105.01,-927.01,6.02,96.3,100.4,0.0,-11.4
05/11/2026,1630,BRCB,10.99,-.49,-4.27%,11.44,11.505,10.95,32.98,0.59,1.24,12.4,12.5,10.23,13.21,-8115.06,-1095.01,17.09,NaN,NaN,-9.8,-5.9
05/11/2026,1630,BRKR,43.27,-.89,-2.02%,44.435,44.55,42.8112,64.78,0.67,0.51,35.62,34.88,33.87,45.78,4205.01,4455.01,1.08,25.1,91.4,0.1,0.0
05/11/2026,1630,BROS,51.13,-1.58,-3.00%,53.00,53.53,50.83,41.6,0.57,0.56,48.92,53.55,51.05,59.51,-3103.01,-5083.01,4.01,42.1,76.1,0.0,0.7
05/11/2026,1630,BTAL,11.87,-.15,-1.25%,12.08,12.08,11.83,31.91,0.24,0.51,13.73,12.31,11.71,12.74,-6108.01,-1183.01,30.01,85.4,85.2,-3.8,0.0
05/11/2026,1630,BTC,36.24,+.77,+2.17%,35.88,36.3399,35.57,66.22,0.29,0.4,28.8,33.1,33.25,37.2,4207.04,3634.01,4.3,33.1,8.1,1.3,3.9
05/11/2026,1630,BTC-USD,-62.79,-2.96,+4.95%,-60.28,-59.7601,-64.7482,18.35,1.01,0.65,-31.74,-47.14,-65.17,-40.55,-16105.01,6475.01,29.01,62.1,17.1,-9.8,-12.8
05/11/2026,1630,BTI,60.44,+2.16,+3.71%,58.86,60.445,58.86,59.26,0.31,0.28,58.55,54.83,56.26,61.55,6201.04,6045.01,7.15,46.1,100.2,2.2,1.7
05/11/2026,1630,BUD,79.86,-.03,-0.04%,80.29,80.42,79.51,62.88,0.39,0.27,76.04,71.57,72.49,84.29,5205.03,8128.03,3.13,56.1,91.4,3.1,0.6
05/11/2026,1630,BULL,7.07,+.04,+0.57%,6.925,7.17,6.80,61.22,0.63,1.07,5.76,6.72,6.76,7.42,-1102.01,-680.01,4.01,73.1,51.3,0.0,9.0
05/11/2026,1630,BURL,292.21,-12.30,-4.04%,303.79,303.79,287.42,31.37,0.28,0.49,291.0,324.19,286.58,327.49,-9114.01,-28742.01,15.01,87.2,22.1,-5.8,-12.2
05/11/2026,1630,BUXX,20.24,+.01,+0.05%,20.24,20.24,20.23,48.51,0.02,NaN,20.28,20.26,20.16,20.3,-4201.05,-2020.05,16.07,0.0,55.4,0.0,-6.3
05/11/2026,1630,BXP,58.94,-.49,-0.82%,59.55,59.79,58.71,58.29,0.26,0.32,57.59,56.35,57.31,60.32,13208.01,6008.02,2.23,37.1,42.1,0.0,10.4
05/11/2026,1630,BYD,82.75,-2.89,-3.37%,84.99,85.20,82.34,43.83,0.39,0.27,81.3,80.1,81.37,88.55,-4101.01,-8234.01,10.01,36.1,100.4,-1.5,-0.3
05/11/2026,1630,BYDDF,13.0106,+.2051,+1.60%,12.8000,13.0700,12.7800,45.94,0.33,NaN,12.01,12.3,12.49,13.75,-6115.03,-1195.03,18.03,0.0,23.1,-6.3,-3.1
05/11/2026,1630,C,125.85,+.30,+0.24%,125.87,128.09,124.69,51.44,0.23,0.35,108.39,126.84,124.04,130.19,-1102.01,-12469.01,2.01,66.1,31.1,-3.5,0.0
05/11/2026,1630,CACC,521.74,-11.41,-2.14%,535.32,538.35,517.66,56.75,0.41,0.59,467.56,506.91,498.12,541.5,3205.01,53835.01,1.27,98.1,49.1,-0.1,4.9
05/11/2026,1630,CAG,13.93,-.20,-1.42%,14.17,14.32,13.70,36.4,0.25,0.37,18.33,14.06,13.66,14.52,-11102.01,-1370.01,25.01,88.1,38.1,-3.7,0.0
05/11/2026,1630,CAH,182.50,-1.15,-0.63%,184.50,185.7581,181.92,26.84,0.3,0.29,213.75,197.06,177.68,205.31,-13119.01,-18192.01,23.02,48.1,75.1,-9.4,-18.3
05/11/2026,1630,CAKE,61.17,-.48,-0.78%,61.66,62.08,60.82,52.29,0.33,0.36,58.35,60.7,59.09,63.36,-1101.03,-5870.03,4.03,9.1,46.1,-1.6,0.0
05/11/2026,1630,CAMT,207.46,+1.92,+0.93%,206.03,215.99,205.30,62.84,0.61,0.85,149.26,183.16,179.53,212.84,5205.01,21599.01,1.29,100.3,69.1,1.5,4.1
05/11/2026,1630,CANE,10.05,+.19,+1.93%,10.00,10.059,9.95,56.99,0.29,0.29,8.97,9.19,9.39,10.58,-1201.03,1033.05,5.21,53.3,98.4,10.1,5.4
05/11/2026,1630,CARR,65.88,-.95,-1.42%,66.87,67.00,65.64,57.8,0.56,0.48,61.0,60.38,60.17,70.85,12211.03,6865.03,3.3,96.2,95.4,3.2,6.6
05/11/2026,1630,CASY,877.07,+17.58,+2.05%,864.85,877.53,859.66,77.51,0.25,0.41,642.79,765.0,788.61,904.26,11217.05,87753.01,5.36,96.4,63.2,16.3,12.9
05/11/2026,1630,CAT,926.79,+29.34,+3.27%,903.61,929.00,895.06,70.81,0.45,0.38,744.15,797.79,806.59,970.73,13229.03,93135.03,3.29,64.1,92.2,16.4,7.8
05/11/2026,1630,CAVA,79.99,+.59,+0.74%,78.89,80.87,78.4939,36.92,0.49,0.79,61.19,92.84,77.31,96.56,-6107.01,-7849.01,15.01,94.2,58.1,-1.4,0.0
05/11/2026,1630,CBRL,31.37,-.12,-0.38%,31.21,31.80,30.52,57.05,0.49,0.71,30.26,28.22,29.21,32.22,3204.01,3180.01,1.05,80.2,41.2,0.0,4.7
05/11/2026,1630,CCK,100.38,-.81,-0.80%,101.35,101.96,97.725,45.02,0.23,0.3,109.7,100.59,97.18,102.74,-1204.01,-9773.01,1.01,61.1,38.1,-10.9,0.0
05/11/2026,1630,CCL,25.44,-.94,-3.56%,25.86,26.01,24.99,43.4,0.55,0.61,31.36,26.18,24.96,27.59,-1101.01,-2499.01,17.01,90.1,78.1,-7.6,0.0
05/11/2026,1630,CCRN,13.12,-.06,-0.46%,13.14,13.17,13.115,78.21,0.96,1.93,7.8,9.87,9.64,13.63,16203.01,1317.01,1.6,97.4,97.4,10.2,0.0
05/11/2026,1630,CELH,30.64,-1.65,-5.11%,31.085,31.19,28.77,34.7,0.47,0.71,42.63,32.3,31.03,34.8,-4102.01,-2877.01,2.01,72.3,56.1,-2.6,-0.7
05/11/2026,1630,CF,124.48,+9.46,+8.22%,117.01,124.80,116.04,52.4,0.65,0.53,92.15,115.6,115.53,129.08,-3201.01,-11604.01,8.01,84.3,92.3,-0.5,0.0
05/11/2026,1630,CFG,62.16,-1.57,-2.46%,64.29,64.29,61.95,43.32,0.21,0.29,63.58,63.62,62.24,65.79,-2103.01,-6195.01,3.01,25.1,19.1,0.0,0.0
05/11/2026,1630,CFLT,30.99,0,0.00%,0,0,0,73.35,0.04,0.16,29.95,30.6,30.58,30.94,1201.01,3100.01,1.27,19.4,14.1,0.0,0.0
05/11/2026,1630,CFRUY,19.765,-.655,-3.21%,19.840,19.840,19.660,55.22,0.44,NaN,20.24,18.65,18.21,20.59,3204.02,2044.02,2.09,0.0,97.4,0.0,0.0
05/11/2026,1630,CG,49.46,-1.17,-2.31%,49.87,51.16,49.13,49.24,0.39,0.57,51.35,47.87,46.77,52.26,-1101.02,5289.04,4.1,94.2,74.1,-2.2,0.3
05/11/2026,1630,CHD,90.72,-2.72,-2.91%,93.30,93.30,90.05,37.16,0.26,0.28,98.21,91.79,90.67,97.52,-3106.01,-9005.01,7.01,74.1,86.4,0.0,-0.1
05/11/2026,1630,CHDN,86.17,-1.96,-2.22%,88.28,88.915,85.56,37.75,0.53,0.39,87.54,88.17,82.67,103.34,-5106.01,-8556.01,10.01,80.1,95.4,0.0,0.0
05/11/2026,1630,CHEF,80.69,-1.02,-1.25%,81.16,82.00,80.08,73.69,0.65,0.32,60.64,63.64,67.72,88.71,5209.05,8281.02,6.1,1.1,98.4,21.2,12.2
05/11/2026,1630,CHH,104.23,-2.35,-2.20%,105.50,106.095,103.93,43.43,0.68,0.29,107.22,117.07,90.16,119.34,-5101.05,-9842.05,17.05,56.1,97.4,-4.4,-8.2
05/11/2026,1630,CHPT,6.41,+.17,+2.72%,6.23,6.63,6.15,55.77,0.65,1.01,5.67,6.6,5.85,6.98,-6110.02,-603.02,14.02,53.1,58.3,-0.6,0.0
05/11/2026,1630,CHRD,140.07,+3.63,+2.66%,139.4461,141.44,138.11,53.04,0.52,0.47,97.4,126.75,131.06,152.63,-1104.03,-13282.03,8.03,83.3,95.4,0.5,2.2
05/11/2026,1630,CHTR,147.79,-7.07,-4.57%,153.745,154.02,146.46,27.07,1.18,0.55,230.36,178.0,102.86,181.89,1202.02,-14646.01,13.08,75.1,98.4,-14.4,-24.8
05/11/2026,1630,CHWY,22.49,-.48,-2.09%,22.70,23.24,22.45,31.65,0.46,0.74,23.06,25.17,21.51,26.14,-8113.02,-2245.01,15.03,98.2,67.1,-3.9,-12.2
05/11/2026,1630,CI,289.07,+1.01,+0.35%,290.39,293.00,287.00,59.12,0.26,0.31,283.2,272.33,273.84,296.07,1203.01,29300.01,1.29,43.1,40.1,0.0,3.0
05/11/2026,1630,CLOX,25.525,-.035,-0.14%,25.54,25.54,25.5201,47.74,0.02,NaN,25.53,25.51,25.48,25.63,-4106.02,-2550.04,7.04,0.0,69.2,0.0,0.0
05/11/2026,1630,CLOZ,26.395,+.02,+0.08%,26.35,26.40,26.30,68.61,0.03,NaN,26.45,25.98,26.13,26.57,-1203.04,2648.07,14.25,0.0,56.1,0.0,14.9
05/11/2026,1630,CLX,88.90,-3.26,-3.54%,92.00,92.3899,88.67,35.18,0.48,0.36,120.94,96.58,82.24,98.58,1101.02,-8470.05,17.05,85.2,100.4,-7.5,-7.6
05/11/2026,1630,CMCSA,25.03,-.37,-1.46%,25.50,25.68,24.87,30.89,0.62,0.32,31.12,27.5,23.93,28.96,-6112.01,-2487.01,12.08,45.1,100.4,-0.2,-18.7
05/11/2026,1630,CMG,31.92,-.57,-1.75%,32.29,32.39,31.63,39.69,0.31,0.4,35.53,33.61,30.52,34.81,-7102.05,-3163.01,15.06,54.1,49.1,-7.9,-5.7
05/11/2026,1630,CMI,702.66,+23.11,+3.40%,682.93,702.66,678.04,66.54,0.41,0.38,580.96,633.53,628.9,720.73,13208.01,71808.03,3.3,85.1,92.1,5.7,5.8
05/11/2026,1630,CNA,43.13,-.41,-0.94%,43.71,44.0199,43.025,30.63,0.34,0.42,47.65,47.41,41.14,49.08,-5109.02,-4303.01,7.03,90.3,98.4,0.1,-6.5
05/11/2026,1630,CNC,56.36,+.40,+0.71%,56.45,57.03,55.62,83.23,0.58,0.5,38.85,38.36,49.84,64.57,-1102.01,5703.01,8.41,36.1,71.2,26.9,28.9
05/11/2026,1630,CNH,10.97,+.01,+0.09%,10.69,10.98,10.62,54.87,0.47,0.59,11.99,10.18,10.01,11.15,4204.01,1098.01,1.18,97.1,92.4,0.0,0.0
05/11/2026,1630,CNX,36.11,+.39,+1.09%,36.20,36.27,35.71,34.61,0.27,0.38,38.45,37.48,35.03,39.73,-8107.01,-3571.01,9.01,60.1,33.1,0.0,-3.7
05/11/2026,1630,COAL,25.70,+.61,+2.43%,25.31,25.8299,25.2401,48.14,0.25,0.41,24.68,24.61,25.06,26.23,-3201.01,-2509.02,5.02,64.1,30.1,0.0,1.8
05/11/2026,1630,COCO,72.46,+.86,+1.20%,72.03,72.59,70.85,80.25,0.96,0.56,48.01,46.13,57.9,83.18,7212.05,7298.02,7.12,64.1,97.4,26.3,4.0
05/11/2026,1630,COF,183.93,-5.55,-2.93%,189.59,190.44,183.76,38.28,0.24,0.34,202.24,190.98,181.05,197.85,-6102.01,-18376.01,17.08,52.1,27.1,-9.2,-0.7
05/11/2026,1630,COIN,216.60,+15.44,+7.68%,200.38,217.845,192.81,62.56,0.68,0.81,139.36,193.91,183.81,215.98,1202.01,21785.01,1.02,89.1,51.1,-0.7,1.1
05/11/2026,1630,COM,35.01,+.42,+1.21%,34.78,35.06,34.735,74.75,0.07,0.09,30.73,33.59,33.8,35.12,2202.01,3506.01,1.22,6.3,31.1,7.2,4.9
05/11/2026,1630,COP,115.55,+2.52,+2.23%,114.43,115.97,113.80,40.39,0.39,0.37,107.88,116.72,112.04,128.7,-4105.01,-11380.01,8.01,77.1,97.4,0.0,0.0
05/11/2026,1630,COPJ,44.94,+1.34,+3.07%,44.01,45.22,44.01,61.32,0.5,0.56,41.78,41.46,39.08,45.19,3204.01,4522.01,1.08,86.1,69.1,-0.5,0.0
05/11/2026,1630,COPX,87.59,+1.62,+1.88%,86.76,88.83,86.76,61.12,0.47,0.53,81.78,81.29,75.61,88.31,4204.01,8883.01,1.09,71.1,76.1,0.0,0.0
05/11/2026,1630,CORN,18.76,+.15,+0.81%,18.72,18.82,18.64,57.44,0.16,0.26,17.36,18.11,18.1,19.26,-1201.03,-1820.03,7.03,87.2,72.2,0.0,0.7
05/11/2026,1630,COST,999.47,-9.32,-0.92%,1005.82,1007.00,985.15,48.58,0.15,0.28,967.12,986.7,990.91,1019.45,-3101.01,-98515.01,6.01,85.2,18.1,-2.9,4.8
05/11/2026,1630,CP,84.77,-1.27,-1.48%,85.70,86.37,84.46,53.15,0.31,0.25,82.69,81.61,82.16,88.74,-1101.05,8752.07,10.27,43.1,96.4,0.0,5.9
05/11/2026,1630,CPAY,341.58,-2.41,-0.70%,345.14,347.26,331.52,66.49,0.5,0.38,319.84,307.13,289.99,343.69,2202.01,34726.01,1.08,67.1,91.1,0.0,-1.4
05/11/2026,1630,CPER,39.39,+1.12,+2.93%,39.24,39.55,39.14,68.78,0.27,0.32,34.64,36.53,35.6,39.42,4204.01,3955.01,1.06,67.1,43.1,0.0,0.0
05/11/2026,1630,CPNG,16.13,-.85,-5.01%,16.80,16.815,16.10,26.08,0.64,0.5,16.93,20.09,15.83,21.28,-6104.01,-1610.01,17.01,74.1,93.2,-0.1,-2.3
05/11/2026,1630,CPRI,17.64,-.89,-4.80%,18.44,18.50,17.47,34.58,0.4,0.8,19.73,20.3,17.03,20.63,-7111.01,-1747.01,15.01,98.2,28.1,-4.1,-0.7
05/11/2026,1630,CPT,104.92,+1.15,+1.11%,104.65,105.45,104.13,56.95,0.23,0.26,105.98,100.72,101.72,107.28,14201.06,10631.07,7.41,71.2,79.4,0.0,4.4
05/11/2026,1630,CRCL,131.76,+18.09,+15.91%,118.85,134.80,105.36,65.71,1.15,1.05,55.31,95.79,88.74,135.39,5207.01,13480.01,1.08,NaN,NaN,2.5,0.2
05/11/2026,1630,CRI,32.73,-2.60,-7.36%,35.48,35.48,32.60,39.3,0.65,0.53,37.28,36.83,31.06,39.45,-1103.01,3899.03,3.05,9.1,80.2,0.0,-3.7
05/11/2026,1630,CRM,177.49,-4.33,-2.38%,179.905,182.50,176.31,45.07,0.48,0.58,180.24,170.65,171.49,190.04,2101.03,19031.06,6.21,96.2,93.3,-0.7,0.3
05/11/2026,1630,CRSP,54.01,-.82,-1.50%,55.23,56.16,53.84,52.46,0.67,0.58,46.48,48.77,48.66,57.01,2202.01,5616.01,1.12,9.1,66.2,-4.0,0.0
05/11/2026,1630,CRWD,542.26,+14.49,+2.75%,523.78,542.67,522.00,76.27,0.42,0.61,400.02,435.56,437.67,546.12,5207.01,54267.01,1.22,96.2,63.1,12.6,11.8
05/11/2026,1630,CSCO,98.72,+2.15,+2.23%,96.35,98.83,95.325,75.29,0.28,0.48,73.42,87.16,87.98,99.07,9209.01,9883.01,1.27,100.4,88.1,3.4,8.2
05/11/2026,1630,CSX,44.74,-.09,-0.20%,44.70,45.155,44.60,57.1,0.3,0.27,40.02,42.88,43.47,46.61,-1103.02,4636.12,12.41,44.1,99.4,0.0,7.6
05/11/2026,1630,CTA,31.28,+.56,+1.82%,31.08,31.44,31.03,54.37,0.33,0.2,28.64,28.92,29.65,33.44,-2104.03,-2981.03,8.03,41.1,91.4,0.7,1.6
05/11/2026,1630,CUBE,40.82,+.36,+0.89%,40.60,40.975,40.39,61.67,0.23,0.3,37.92,38.87,38.98,41.13,4204.01,4098.01,1.05,46.1,63.1,0.0,1.7
05/11/2026,1630,CURB,27.98,+.10,+0.36%,27.96,28.28,27.76,56.59,0.27,0.25,24.98,26.84,26.91,28.7,-2202.06,2874.09,9.36,10.1,98.4,-0.1,0.0
05/11/2026,1630,CVNA,76.23,-1.71,-2.19%,77.79,78.3799,74.52,52.23,0.45,0.71,63.0,78.71,73.54,81.88,-1102.01,-7452.01,2.01,54.1,18.1,-0.3,3.9
05/11/2026,1630,CVS,92.22,+1.67,+1.84%,91.155,92.77,90.63,76.28,0.4,0.3,74.34,76.1,79.44,93.59,9204.01,9277.01,1.36,13.1,90.2,14.2,9.7
05/11/2026,1630,CVX,184.74,+3.12,+1.72%,183.00,185.20,183.00,43.55,0.26,0.31,178.74,182.34,180.02,194.47,-3104.02,-18074.02,6.02,82.1,81.3,-0.2,0.0
05/11/2026,1630,CWH,6.76,-.73,-9.75%,7.57,7.57,6.69,43.57,1.02,0.85,11.3,6.8,6.53,8.18,-1101.01,-669.01,3.01,84.1,92.4,0.4,0.2
05/11/2026,1630,CZR,27.77,-.27,-0.96%,27.96,27.96,27.47,53.92,0.26,0.46,17.86,27.23,27.33,28.44,-1101.01,-2747.01,2.01,12.1,4.1,0.0,2.8
05/11/2026,1630,D,62.56,+.67,+1.08%,62.35,62.63,61.7501,50.42,0.22,0.23,63.49,60.44,60.72,64.54,-3104.02,-6104.02,6.02,54.1,90.4,0.0,0.0
05/11/2026,1630,DAL,71.20,-2.13,-2.90%,73.05,73.08,71.09,55.95,0.39,0.48,67.24,67.46,65.93,74.85,5207.01,7393.02,2.09,39.1,34.1,0.0,0.2
05/11/2026,1630,DAPP,22.23,+.58,+2.68%,21.29,22.70,20.91,69.51,0.53,0.47,15.08,18.62,18.08,23.19,7207.01,2270.01,1.29,11.1,30.1,0.7,0.2
05/11/2026,1630,DAR,63.82,+.70,+1.11%,63.505,64.115,61.35,59.97,0.32,0.44,48.28,58.75,60.12,66.37,-2202.01,6602.05,5.17,8.1,31.3,1.2,6.0
05/11/2026,1630,DASH,157.33,-6.60,-4.03%,162.34,162.85,156.58,39.4,0.54,0.49,158.0,173.22,155.35,181.59,-2112.01,-15658.01,3.01,46.1,83.3,-4.6,0.0
05/11/2026,1630,DDOG,202.32,+2.16,+1.08%,196.26,203.58,193.16,86.19,1.02,0.63,115.6,124.32,132.98,208.57,13219.01,20358.01,1.21,73.3,100.4,17.3,8.7
05/11/2026,1630,DDS,556.79,-6.46,-1.15%,564.69,575.85,553.72,41.38,0.31,NaN,625.92,585.0,522.05,606.5,-7113.06,-54531.02,14.06,0.0,10.1,-4.2,-7.2
05/11/2026,1630,DE,588.74,+13.90,+2.42%,575.71,589.17,573.73,52.86,0.36,0.39,590.5,561.62,558.46,598.28,3201.03,59380.03,3.12,96.2,88.2,-0.4,0.0
05/11/2026,1630,DECK,96.65,-3.77,-3.75%,99.41,99.43,96.285,37.82,0.37,0.65,113.4,105.5,93.05,109.15,-7102.05,-9629.01,22.05,88.4,45.1,-4.8,-4.0
05/11/2026,1630,DELL,247.04,-13.42,-5.15%,253.595,255.45,242.00,68.7,0.75,0.84,111.2,205.35,201.15,259.92,26208.01,25545.01,1.58,100.4,92.1,11.7,11.7
05/11/2026,1630,DEO,82.01,-2.29,-2.72%,83.62,83.78,81.36,54.45,0.33,0.32,94.07,78.73,76.95,85.52,3205.02,8461.02,2.09,63.1,78.1,0.0,0.0
05/11/2026,1630,DG,104.63,-8.66,-7.64%,111.83,112.305,103.64,26.45,0.37,0.55,144.31,119.51,104.57,121.54,-6113.01,-10364.01,17.01,95.2,71.1,-4.1,-6.2
05/11/2026,1630,DGX,189.81,+2.42,+1.29%,187.36,190.45,187.13,43.29,0.27,0.25,201.99,194.46,180.9,200.18,-3112.05,-18623.02,13.09,54.1,78.4,0.0,-6.3
05/11/2026,1630,DIN,29.07,+.69,+2.43%,28.42,29.36,27.87,56.12,0.5,0.46,31.1,27.66,26.5,29.45,2203.01,2936.01,1.03,10.1,73.3,-0.8,1.3
05/11/2026,1630,DIS,104.72,-3.30,-3.05%,108.00,108.39,104.38,53.91,0.34,0.28,101.02,101.97,99.27,109.63,4204.01,10839.01,1.05,37.1,78.2,0.0,0.0
05/11/2026,1630,DK,46.82,+.78,+1.69%,46.50,47.24,46.07,59.04,0.81,0.65,32.28,37.87,39.52,52.38,1202.01,4950.05,5.17,39.1,97.4,6.2,5.6
05/11/2026,1630,DKL,51.45,+.40,+0.78%,51.50,51.88,50.08,51.04,0.35,0.25,53.12,49.12,49.49,54.41,-3104.01,-5008.01,7.01,21.1,96.4,0.0,0.9
05/11/2026,1630,DKNG,24.51,-1.01,-3.96%,25.18,25.19,24.11,56.04,0.39,0.62,21.01,21.66,22.41,25.83,9206.01,2721.02,2.12,63.1,39.1,0.9,0.5
05/11/2026,1630,DLTR,90.02,-4.22,-4.48%,94.24,94.25,89.32,31.61,0.42,0.57,121.82,100.32,87.54,101.76,-8111.01,-8932.01,15.01,92.4,87.3,-7.2,-7.1
05/11/2026,1630,DOC,19.76,+.12,+0.61%,19.55,19.85,19.50,77.92,0.63,0.33,16.19,16.01,15.92,20.58,4205.01,1987.02,2.1,63.1,99.4,7.1,0.0
05/11/2026,1630,DOCU,45.49,-2.41,-5.03%,47.31,48.385,45.265,45.11,0.47,0.72,41.53,43.61,44.29,48.96,1101.01,4839.01,1.02,90.2,65.2,0.1,0.0
05/11/2026,1630,DOV,219.97,+.14,+0.06%,220.46,221.755,218.85,49.77,0.3,0.32,225.26,215.6,216.1,229.39,-1103.02,22835.03,3.27,77.1,87.3,0.0,2.9
05/11/2026,1630,DOW,38.76,+1.89,+5.13%,37.50,38.82,37.49,50.82,0.6,0.53,30.89,36.72,36.62,41.18,-4104.01,-3672.02,5.02,61.2,88.3,0.0,0.0
05/11/2026,1630,DPZ,313.22,-10.26,-3.17%,322.79,325.49,310.06,29.71,0.41,0.33,370.7,364.0,295.2,356.48,-4111.08,-31006.01,12.08,71.1,98.4,-3.0,-13.2
05/11/2026,1630,DRI,195.80,-.43,-0.22%,196.10,197.5199,193.71,47.53,0.25,0.31,208.13,196.02,190.86,201.69,1101.02,20104.02,2.03,50.1,51.1,-0.6,0.0
05/11/2026,1630,DRLL,36.1894,+.9318,+2.64%,35.88,36.215,35.802531,47.08,0.32,0.28,33.29,34.93,34.74,38.52,-3104.02,-3495.03,7.03,68.1,100.4,0.0,0.0
05/11/2026,1630,DRVN,13.25,-.16,-1.19%,13.25,13.45,13.14,52.27,0.48,0.72,16.44,11.66,12.31,14.42,5101.04,1407.04,4.09,72.1,86.1,4.4,0.3
05/11/2026,1630,DT,40.23,-.47,-1.15%,40.35,40.94,39.91,64.65,0.41,0.75,35.64,33.52,34.95,42.14,8212.01,4094.01,2.21,100.4,82.1,3.8,5.9
05/11/2026,1630,DVN,46.73,+1.12,+2.46%,46.41,46.99,46.20,45.71,0.48,0.41,43.0,44.51,44.01,52.71,-3104.02,-4518.02,8.02,63.1,100.4,0.0,0.0
05/11/2026,1630,DXCM,59.33,-1.28,-2.11%,60.335,60.59,58.425,40.86,0.35,0.42,62.86,60.34,57.11,63.31,-5101.08,-5758.08,32.08,27.1,41.2,-4.0,-1.0
05/11/2026,1630,EA,200.22,-.22,-0.11%,200.60,200.60,200.07,31.58,0.03,0.21,199.12,202.22,199.53,203.26,-9114.01,-20007.01,10.01,60.2,15.1,-0.1,-6.4
05/11/2026,1630,EAT,139.61,+.93,+0.67%,139.77,141.58,137.88,45.05,0.74,0.52,150.27,136.85,130.48,155.31,-1102.01,-12830.1,22.1,56.1,97.4,-2.4,0.0
05/11/2026,1630,EBAY,108.13,+.44,+0.41%,107.90,108.70,106.80,61.84,0.4,0.42,78.03,97.29,99.19,112.03,4209.03,10950.03,3.08,79.1,75.2,0.2,2.9
05/11/2026,1630,ECH,41.20,-.44,-1.06%,41.53,41.99,41.09,46.94,0.3,0.25,42.68,41.51,39.92,43.11,1101.03,-3995.06,20.06,53.1,78.1,-8.9,0.0
05/11/2026,1630,ECPG,82.33,-1.55,-1.85%,83.50,86.14,81.91,58.15,0.24,0.39,55.9,81.45,81.54,85.1,-3101.01,-8191.01,1.01,34.1,13.1,0.0,7.1
05/11/2026,1630,EDEN,112.12,-.0261,-0.02%,112.91,113.445,112.12,57.52,0.23,NaN,113.36,106.83,107.66,114.0,5205.01,11345.01,1.13,0.0,73.1,0.0,1.5
05/11/2026,1630,EDU,52.13,-1.48,-2.76%,53.30,53.675,51.95,40.96,0.46,0.48,58.45,51.13,50.61,57.12,-1102.01,-5114.11,17.11,46.1,84.4,-3.3,0.0
05/11/2026,1630,EDV,63.50,-.53,-0.83%,63.88,63.88,63.45,44.53,0.12,0.12,66.1,63.96,62.67,64.57,2101.02,-6265.06,13.06,10.1,16.1,-1.8,-0.3
05/11/2026,1630,EEM,67.89,-.05,-0.07%,67.83,68.15,67.585,71.11,0.23,0.29,60.13,61.7,62.47,69.32,14208.01,6815.01,2.3,87.1,82.1,1.0,0.4
05/11/2026,1630,EFNL,54.8743,+.7544,+1.39%,54.24,54.92,54.19,60.27,0.21,NaN,49.71,52.25,52.37,56.2,5202.04,5539.04,5.1,0.0,89.3,0.0,0.4
05/11/2026,1630,EFX,167.82,-8.01,-4.56%,173.86,175.24,167.79,37.24,0.38,0.39,185.61,170.86,159.91,182.17,1101.03,-16759.05,15.11,59.1,72.1,-7.4,-0.4
05/11/2026,1630,EGP,203.98,-1.34,-0.65%,205.54,206.24,203.3701,62.05,0.17,0.18,185.49,196.07,197.72,206.09,3204.01,20624.01,1.05,25.1,40.2,0.0,5.4
05/11/2026,1630,EIS,136.14,-.74,-0.54%,135.20,136.40,135.02,68.95,0.18,NaN,120.68,126.0,126.86,140.59,8210.02,13698.03,3.29,0.0,26.1,3.0,5.1
05/11/2026,1630,EL,82.75,-3.45,-4.00%,85.34,85.60,82.0446,55.39,0.34,0.44,100.0,74.68,73.92,89.52,6207.02,8790.03,3.08,41.1,20.1,4.3,0.0
05/11/2026,1630,ELS,63.39,+.15,+0.24%,62.71,63.605,62.71,48.18,0.19,0.26,65.11,62.25,61.72,64.31,-7204.08,-6194.09,15.09,54.1,68.2,-4.8,0.0
05/11/2026,1630,ELV,381.75,+3.68,+0.97%,379.80,382.49,373.165,76.8,0.29,0.34,323.3,325.34,349.34,406.84,16229.08,38249.01,9.29,12.1,33.1,7.9,18.6
05/11/2026,1630,EMB,95.97,-.18,-0.19%,96.13,96.16,95.895,52.82,0.07,0.17,96.83,95.73,95.13,96.5,3204.02,9642.03,3.06,95.4,81.1,-0.6,0.0
05/11/2026,1630,EMR,139.43,-1.88,-1.33%,141.30,141.50,139.09,49.15,0.41,0.34,144.1,139.49,133.76,146.76,2101.03,14795.03,3.08,75.1,92.2,0.0,0.0
05/11/2026,1630,ENB,54.46,+.87,+1.62%,54.14,54.88,53.81,55.72,0.2,0.21,50.66,51.61,51.79,56.36,5201.05,5540.06,6.17,54.1,90.2,4.4,0.4
05/11/2026,1630,ENPH,37.65,+1.20,+3.29%,36.58,39.41,36.54,57.25,0.65,0.85,43.0,33.46,31.73,38.56,4205.01,3941.01,1.08,77.1,40.1,1.0,2.8
05/11/2026,1630,ENR,17.58,-1.28,-6.79%,18.87,18.87,17.55,41.35,0.6,0.43,22.1,19.57,17.32,20.36,-5106.01,-1755.01,5.01,27.1,84.4,-1.3,0.0
05/11/2026,1630,ENVX,7.18,+.57,+8.62%,6.63,7.45,6.53,63.81,0.6,0.99,5.59,6.39,6.3,7.23,1202.01,745.01,1.02,44.1,6.1,-1.4,0.0
05/11/2026,1630,ENZL,46.1533,+.192,+0.42%,46.00,46.32,45.97,63.5,0.19,0.55,44.66,43.5,43.36,46.8,7208.01,4632.01,1.09,75.4,77.1,0.0,2.1
05/11/2026,1630,EOG,133.31,+3.28,+2.52%,131.61,133.49,130.92,46.49,0.34,0.33,113.87,129.2,128.11,143.05,-3104.01,-12920.02,5.02,70.1,98.2,0.1,0.0
05/11/2026,1630,EPD,37.90,+.71,+1.91%,37.21,38.18,37.21,50.91,0.19,0.21,35.28,36.93,37.06,39.09,-3104.01,-3721.01,9.01,71.3,78.1,0.0,2.4
05/11/2026,1630,EPHE,25.04,-.17,-0.67%,25.11,25.1699,25.04,52.59,0.14,NaN,26.56,24.64,23.91,25.49,3204.02,2530.02,2.09,0.0,8.1,0.0,0.0
05/11/2026,1630,EPOL,39.71,+.68,+1.74%,39.54,39.76,39.53,57.9,0.25,0.25,36.88,38.27,37.67,40.23,3205.01,4023.04,4.09,28.1,77.1,-0.8,0.0
05/11/2026,1630,EPR,58.76,+.48,+0.82%,58.51,58.76,57.69,68.28,0.19,0.28,56.74,55.45,54.64,58.9,3205.01,5876.01,1.05,73.1,43.1,0.0,0.0
05/11/2026,1630,EPU,83.78,+.45,+0.54%,84.05,84.84,83.61,56.15,0.34,NaN,83.68,80.8,76.65,84.95,4204.01,8484.01,1.09,0.0,73.1,-0.1,0.0
05/11/2026,1630,EQR,66.18,+.64,+0.98%,65.90,66.25,65.625,67.39,0.25,0.19,62.16,61.33,62.29,68.66,16217.05,6695.05,5.36,4.1,85.4,7.9,10.7
05/11/2026,1630,EQRR,76.1163,+.2003,+0.26%,76.19,76.34,75.99,69.1,0.11,NaN,67.86,73.33,73.6,77.13,18202.04,7660.05,5.41,0.0,28.1,4.2,6.0
05/11/2026,1630,EQT,56.45,+.49,+0.88%,56.50,57.00,56.15,38.22,0.25,0.34,55.78,56.26,55.4,60.35,-5105.01,-5592.02,7.02,7.1,21.1,-0.9,0.0
05/11/2026,1630,ESI,45.06,+1.16,+2.64%,44.42,45.515,44.00,69.74,0.52,0.45,31.48,37.63,38.51,47.53,20209.03,4552.01,5.42,62.1,93.1,12.0,7.3
05/11/2026,1630,ESPO,90.2906,-.1498,-0.17%,90.68,90.86,90.26,44.14,0.21,0.22,92.42,91.37,88.76,93.56,-3113.08,9700.17,17.32,95.1,71.1,-12.0,-0.4
05/11/2026,1630,ESS,268.77,+5.22,+1.98%,265.62,269.22,264.98,64.8,0.24,0.2,249.46,250.6,253.47,276.29,14201.06,26962.04,8.36,7.1,81.2,4.8,6.6
05/11/2026,1630,ET,19.61,+.27,+1.40%,19.36,19.73,19.135,53.25,0.21,0.24,18.05,18.82,18.84,20.68,-2102.01,2067.05,5.17,35.1,90.4,4.2,1.9
05/11/2026,1630,ETH,22.22,+.23,+1.05%,22.10,22.26,21.86,54.76,0.37,0.45,17.94,21.68,21.26,22.91,3202.04,2278.05,5.09,0.1,1.1,-2.3,1.0
05/11/2026,1630,ETH-USD,-76.81,-3.50,+4.77%,-74.06,-73.84,-78.4582,16.92,0.79,0.67,-42.6,-59.54,-79.59,-54.16,-16105.01,7846.01,29.01,15.1,5.1,-12.5,-17.0
05/11/2026,1630,ETHA,17.67,+.19,+1.09%,17.56,17.70,17.385,54.6,0.37,0.62,14.32,17.24,16.91,18.22,3202.04,1813.05,5.09,0.1,1.1,-2.8,0.9
05/11/2026,1630,ETHE,18.95,+.17,+0.91%,18.85,19.00,18.67,54.17,0.36,0.54,15.47,18.55,18.17,19.56,3202.04,1946.05,5.09,2.1,1.1,-2.8,0.9
05/11/2026,1630,ETSY,59.86,-4.52,-7.02%,62.04,62.50,59.48,47.75,0.65,0.58,44.0,62.3,59.67,67.95,-1103.01,-5948.01,9.01,53.1,80.2,0.0,6.3
05/11/2026,1630,EWA,29.59,+.05,+0.17%,29.64,29.71,29.53,53.83,0.22,0.2,28.83,29.01,28.68,30.07,2205.03,3009.03,3.09,61.1,88.1,-0.8,0.0
05/11/2026,1630,EWC,58.14,+.05,+0.09%,58.19,58.55,58.095,56.53,0.15,0.17,55.09,57.29,57.2,58.74,3202.01,5855.01,1.09,74.1,64.1,-2.0,0.0
05/11/2026,1630,EWD,51.25,-.17,-0.33%,51.27,51.41,51.015,48.66,0.28,0.34,52.63,51.79,49.47,53.33,1103.04,-5001.06,21.09,93.3,89.3,-4.6,-1.0
05/11/2026,1630,EWG,42.53,-.12,-0.28%,42.50,42.665,42.43,54.07,0.23,0.27,43.55,41.44,41.39,43.39,2205.03,4344.03,3.06,83.1,89.3,0.0,0.3
05/11/2026,1630,EWH,24.32,+.04,+0.16%,24.26,24.35,24.24,63.78,0.16,0.22,23.06,23.11,23.15,24.73,6208.02,2466.03,3.12,63.1,53.1,0.1,0.0
05/11/2026,1630,EWI,59.29,+.16,+0.27%,59.29,59.44,59.19,60.58,0.25,0.22,55.14,56.12,56.19,60.04,5205.01,5944.01,2.06,73.1,91.2,0.0,0.0
05/11/2026,1630,EWJ,92.26,+.04,+0.04%,92.08,92.48,92.03,64.48,0.2,0.24,90.67,86.12,86.15,93.62,5208.01,9248.01,2.09,73.1,59.1,0.0,0.0
05/11/2026,1630,EWJV,44.48,+.26,+0.59%,44.42,44.66,44.41,59.1,0.21,NaN,45.91,41.93,41.84,45.2,5208.01,4469.03,3.12,0.0,62.1,0.0,0.0
05/11/2026,1630,EWK,26.421,+.121,+0.46%,26.56,26.56,26.34,58.67,0.25,NaN,27.0,25.3,24.98,26.9,5205.01,2671.03,3.09,66.1,94.4,0.0,0.0
05/11/2026,1630,EWM,30.14,-.17,-0.56%,30.30,30.30,30.12,63.49,0.11,0.09,29.56,29.0,29.11,30.76,12224.03,3064.03,3.29,2.1,12.1,15.5,10.2
05/11/2026,1630,EWN,65.47,-.21,-0.32%,65.56,65.57,65.09,61.51,0.26,0.06,61.35,61.64,60.97,66.66,5205.01,6580.02,2.09,1.1,89.1,0.0,0.0
05/11/2026,1630,EWO,40.07,+.1576,+0.39%,39.96,40.1364,39.96,63.12,0.21,NaN,37.63,38.19,38.29,40.43,4205.01,4014.01,1.06,0.0,76.1,0.0,1.6
05/11/2026,1630,EWP,56.98,-.25,-0.44%,57.13,57.245,56.92,53.86,0.24,0.18,55.29,55.27,55.07,57.92,3205.02,5783.03,3.06,58.1,85.1,-1.2,0.0
05/11/2026,1630,EWQ,45.49,-.27,-0.59%,45.50,45.51,45.31,51.75,0.24,0.16,46.48,44.72,44.28,46.51,2204.03,4660.03,3.06,19.1,92.3,0.0,0.0
05/11/2026,1630,EWS,28.91,+.02,+0.07%,28.97,29.05,28.89,52.87,0.17,0.18,28.35,28.54,28.27,29.25,1202.04,-2813.09,24.09,55.2,85.1,-3.9,0.0
05/11/2026,1630,EWUS,42.4168,-.5052,-1.18%,42.665,42.665,42.4168,51.77,0.24,0.26,43.65,42.0,41.21,43.4,1204.04,-4118.06,20.06,79.1,90.3,-0.8,0.0
05/11/2026,1630,EWW,80.22,+.35,+0.44%,79.76,80.95,79.60,61.2,0.21,0.31,79.34,77.34,75.15,81.12,4205.01,8095.01,1.08,89.1,65.1,0.0,0.0
05/11/2026,1630,EWY,192.85,+2.65,+1.39%,190.87,194.58,189.99,77.25,0.5,0.66,126.33,146.4,159.85,199.98,14226.01,19458.01,1.27,93.2,83.1,13.6,13.8
05/11/2026,1630,EWZ,38.66,-.46,-1.18%,39.15,39.245,38.52,44.32,0.2,0.33,37.22,39.55,38.02,40.61,-6103.01,-3852.01,21.09,71.1,33.1,-10.4,0.0
05/11/2026,1630,EWZS,14.79,-.41,-2.70%,15.22,15.22,14.73,44.55,0.28,0.38,14.59,15.2,14.37,15.74,1101.04,-1454.09,22.09,66.1,53.1,-7.1,0.0
05/11/2026,1630,EXAS,104.91,0,0.00%,0,0,0,76.4,0.04,0.37,101.28,103.1,103.16,104.69,6206.01,10498.01,1.08,32.4,24.1,6.4,0.0
05/11/2026,1630,EXP,204.93,-5.52,-2.62%,210.00,210.865,204.78,50.12,0.3,0.44,223.19,203.44,202.59,216.4,-1101.01,22091.03,3.45,99.3,29.1,1.1,5.3
05/11/2026,1630,EXPD,155.54,-1.15,-0.73%,156.41,157.00,153.95,60.48,0.42,0.31,129.59,146.86,142.26,158.3,4205.01,15700.01,1.06,74.1,87.2,4.6,0.0
05/11/2026,1630,EXPE,221.46,-8.52,-3.70%,224.93,230.83,219.44,36.94,0.55,0.51,192.92,246.27,216.5,263.43,-4102.01,-21944.01,15.01,53.1,76.1,-2.4,0.0
05/11/2026,1630,EXR,144.58,+1.28,+0.89%,143.83,144.825,143.39,58.31,0.23,0.28,139.68,140.55,139.0,145.45,3204.01,14482.01,1.05,50.1,52.1,-0.7,0.3
05/11/2026,1630,EYE,21.80,-1.16,-5.05%,22.91,23.49,21.685,37.47,0.52,1.21,26.18,23.13,20.67,24.78,-9115.05,-2169.01,10.05,100.4,78.3,-5.2,-6.0
05/11/2026,1630,EZA,71.74,+.04,+0.06%,72.09,72.805,71.50,55.1,0.37,0.37,73.27,68.36,66.15,73.31,4204.01,7281.01,1.09,79.1,75.1,0.0,0.0
05/11/2026,1630,F,12.05,-.27,-2.19%,12.34,12.39,12.01,47.05,0.33,0.36,13.52,12.29,11.39,12.73,1101.02,-1156.05,17.05,56.1,78.2,-2.7,-0.9
05/11/2026,1630,FAF,68.45,-2.59,-3.65%,71.16,71.16,68.01,54.11,0.3,0.26,64.18,64.66,66.73,72.34,-1101.05,7142.11,11.36,8.1,75.1,0.0,12.4
05/11/2026,1630,FANG,196.15,+7.45,+3.95%,190.50,197.03,190.50,51.37,0.4,0.4,163.5,183.09,184.74,214.15,-4104.01,-18694.02,6.02,77.1,98.4,0.0,0.0
05/11/2026,1630,FAST,43.30,-.87,-1.97%,43.985,44.15,42.965,39.29,0.24,0.3,45.03,44.63,42.96,45.3,-1106.01,-4297.01,3.01,65.1,62.3,-6.0,0.0
05/11/2026,1630,FCFS,233.00,+5.32,+2.34%,229.14,233.13,226.36,76.4,0.22,0.3,178.63,204.55,209.41,237.89,18225.01,23313.01,3.28,65.1,29.1,12.7,8.5
05/11/2026,1630,FCG,29.58,+.66,+2.28%,29.36,29.70,29.25,46.39,0.36,0.29,25.59,28.59,28.41,32.05,-3104.02,-2886.02,8.02,52.1,100.4,0.0,0.0
05/11/2026,1630,FDX,378.90,+.32,+0.08%,380.77,384.18,376.42,51.01,0.47,0.31,362.41,385.35,355.69,403.64,-3106.04,-36450.04,15.04,29.1,98.4,0.0,0.0
05/11/2026,1630,FICO,1092.00,-34.00,-3.02%,1120.24,1120.24,1086.87,52.98,0.43,0.7,1280.86,870.01,976.31,1157.13,6209.02,113293.02,2.08,88.3,48.1,0.0,0.5
05/11/2026,1630,FISV,54.39,-1.09,-1.96%,54.99,55.26,54.13,33.56,0.42,0.42,58.53,60.28,52.85,63.69,-5105.01,-5413.01,15.01,42.1,64.2,-1.3,0.0
05/11/2026,1630,FIVE,208.15,-14.98,-6.71%,223.00,223.34,206.2761,36.82,0.5,0.56,197.43,228.68,210.31,241.24,-3103.01,-20628.01,3.01,78.2,83.4,-0.2,0.0
05/11/2026,1630,FLG,14.05,-.23,-1.61%,14.32,14.325,14.02,52.35,0.24,0.33,13.15,13.84,13.67,14.47,4101.01,1453.02,2.08,12.1,13.1,-1.3,0.0
05/11/2026,1630,FLNG,32.71,-.01,-0.03%,32.77,32.95,32.27,62.26,0.26,0.39,25.41,30.66,31.04,33.72,12203.05,3340.05,5.22,81.3,47.1,6.9,4.6
05/11/2026,1630,FLO,8.22,-.22,-2.61%,8.50,8.57,8.135,38.96,0.33,0.75,9.44,8.63,8.16,9.04,-5107.01,-814.01,7.01,100.4,81.1,0.0,0.0
05/11/2026,1630,FLUT,93.96,-7.23,-7.14%,97.94,98.69,93.58,30.94,0.44,0.54,119.47,104.07,93.48,112.04,-7109.01,-9358.01,11.01,73.1,70.1,0.0,-1.2
05/11/2026,1630,FND,48.76,-2.97,-5.74%,50.82,51.21,48.45,42.84,0.5,0.6,66.01,49.91,46.54,52.86,2101.02,5270.02,2.07,85.1,72.1,-2.7,0.0
05/11/2026,1630,FNF,48.29,-2.29,-4.53%,50.24,50.31,47.76,39.82,0.27,0.35,53.7,49.95,48.74,53.04,-5107.01,-4776.01,12.01,73.2,63.1,0.0,3.8
05/11/2026,1630,FORM,151.40,+3.53,+2.39%,156.07,157.63,139.29,65.89,0.62,1.03,90.57,141.25,131.83,157.97,4205.01,15763.01,1.45,99.3,53.1,0.0,3.3
05/11/2026,1630,FOUR,41.47,-1.11,-2.61%,41.90,42.7503,39.85,42.24,0.76,0.71,53.88,43.8,38.71,49.3,-1102.01,-3985.01,3.01,79.3,85.1,-1.1,0.0
05/11/2026,1630,FOXA,67.72,+4.78,+7.59%,65.20,68.04,63.58,70.72,0.32,0.41,55.46,62.64,60.61,66.48,1201.01,6804.01,1.05,91.1,82.1,-0.1,0.0
05/11/2026,1630,FR,62.38,-.37,-0.59%,62.64,63.00,62.09,54.67,0.21,0.35,57.24,61.29,60.82,63.4,2204.01,-6090.05,15.05,74.2,60.2,-4.0,1.8
05/11/2026,1630,FROG,69.01,-1.54,-2.18%,69.01,71.6499,66.82,79.3,0.88,0.6,46.44,42.93,48.4,72.11,11212.01,7165.01,1.19,50.1,84.1,8.1,5.3
05/11/2026,1630,FRPT,49.64,-3.44,-6.48%,52.85,53.365,49.575,24.83,0.53,0.56,66.32,63.31,48.4,68.32,-6107.01,-4958.01,20.01,38.1,65.2,-0.7,-1.0
05/11/2026,1630,FRT,115.42,-.26,-0.22%,116.21,116.54,115.08,64.44,0.2,0.18,103.9,109.59,109.73,118.89,16207.03,11671.03,3.33,13.1,80.4,7.8,2.8
05/11/2026,1630,FSLY,19.58,-.93,-4.53%,20.48,21.59,19.05,40.36,2.11,0.97,9.02,23.32,17.62,32.37,-3103.01,-1905.01,4.01,69.3,99.4,0.0,0.0
05/11/2026,1630,FTNT,115.44,+1.37,+1.20%,112.095,115.485,112.095,84.97,0.7,0.39,79.34,81.81,85.45,117.25,11218.01,11549.01,1.19,40.1,92.4,14.3,7.3
05/11/2026,1630,FTV,60.31,-.12,-0.20%,61.19,61.57,60.14,53.89,0.18,0.25,54.97,60.44,58.96,62.07,1102.01,-5919.06,8.06,15.1,7.1,-2.3,0.7
05/11/2026,1630,FTWO,46.5517,+1.0402,+2.29%,45.91,46.57,45.91,55.03,0.21,NaN,45.67,45.34,44.91,46.73,4201.01,4657.01,1.09,0.0,77.1,-4.4,0.0
05/11/2026,1630,FUTU,139.86,-4.73,-3.27%,147.43,148.15,139.56,39.03,0.67,0.84,140.9,151.13,137.99,167.46,-3103.01,-13956.01,3.01,100.4,92.4,0.0,0.0
05/11/2026,1630,FUTY,58.38,+.53,+0.92%,58.22,58.58,58.02,43.26,0.18,0.2,57.14,57.79,57.45,60.8,-3104.01,-5784.02,7.02,80.2,92.2,0.0,-0.2
05/11/2026,1630,FWONK,92.76,-1.69,-1.79%,93.94,95.59,92.21,62.32,0.27,0.27,83.02,85.81,84.3,95.07,6207.01,9559.01,1.08,35.1,86.1,0.0,0.0
05/11/2026,1630,FWRG,11.68,-.42,-3.47%,12.04,12.04,11.50,41.3,0.49,0.54,15.22,12.61,11.28,13.54,-6107.01,-1150.01,13.01,24.1,45.1,0.0,0.0
05/11/2026,1630,FXA,71.76,+.0122,+0.02%,71.85,71.885,71.76,62.66,0.08,0.11,69.62,70.62,70.59,72.1,5205.01,7189.01,1.31,57.1,53.1,0.0,1.4
05/11/2026,1630,FXB,130.93,-.0489,-0.04%,130.99,131.26,130.91,59.73,0.05,0.09,129.26,129.44,129.71,131.37,6205.01,13126.01,1.09,93.4,13.1,0.0,2.9
05/11/2026,1630,FXC,71.43,+.0105,+0.01%,71.48,71.60,71.43,51.29,0.04,0.09,71.31,71.24,71.23,71.99,-1103.02,-7130.02,7.02,35.1,25.1,0.0,3.4
05/11/2026,1630,FXE,108.68,-.03,-0.03%,108.75,108.7724,108.64,59.04,0.04,0.06,108.38,107.76,107.78,108.79,5204.01,10877.01,1.09,23.1,18.1,-1.9,5.5
05/11/2026,1630,FXF,113.40,-.19,-0.17%,113.43,113.56,113.35,58.24,0.07,0.1,113.86,112.09,111.7,114.01,5208.01,11370.02,2.09,72.2,31.1,0.0,2.0
05/11/2026,1630,FXI,37.47,+.23,+0.62%,37.51,37.64,37.435,58.96,0.16,0.32,38.09,36.25,36.19,37.7,4204.01,3764.01,1.1,94.1,19.1,0.0,2.3
05/11/2026,1630,FXY,58.42,-.18,-0.31%,58.50,58.505,58.40,56.56,0.1,0.09,59.15,57.43,57.31,59.28,5208.03,5883.04,4.09,23.1,65.4,16.2,0.0
05/11/2026,1630,FYBR,38.49,0,0.00%,0,0,0,73.16,0.03,0.09,37.42,38.06,37.98,38.52,4204.01,3849.01,1.05,8.1,17.1,0.0,0.0
05/11/2026,1630,GAP,21.74,-1.63,-6.97%,23.25,23.25,21.515,31.52,0.44,0.69,26.62,24.81,21.38,25.16,-8114.01,-2152.01,15.01,86.2,69.1,-7.4,-10.6
05/11/2026,1630,GD,344.03,-2.50,-0.72%,345.24,348.61,341.81,53.94,0.32,0.24,340.09,310.61,315.11,366.33,5209.05,35141.05,5.1,68.1,97.4,3.8,0.0
05/11/2026,1630,GDAXI:DE,24350.28,+11.65,+0.05%,24333.31,24362.80,24202.33,54.0,0.17,NaN,24734.04,23991.78,23819.95,24852.54,2205.03,2502102.03,3.07,0.0,81.1,0.0,0.1
05/11/2026,1630,GDX,97.60,+3.01,+3.18%,95.34,98.74,95.29,57.82,0.51,0.49,97.41,90.2,83.68,98.48,4204.01,9874.01,1.09,73.1,71.1,-2.2,0.0
05/11/2026,1630,GDXJ,129.50,+3.66,+2.91%,126.68,131.36,126.62,58.44,0.53,0.53,126.88,119.1,110.49,130.94,4204.01,13136.01,1.09,71.1,67.1,-1.7,0.0
05/11/2026,1630,GE,300.77,+3.62,+1.22%,296.03,303.07,292.85,53.28,0.46,0.39,311.66,268.91,275.39,309.71,4205.01,30541.02,2.12,79.1,94.4,0.0,0.0
05/11/2026,1630,GEL,15.79,-.58,-3.54%,16.43,16.48,15.74,28.4,0.25,0.44,16.52,16.71,15.84,17.48,-4106.01,-1574.01,9.01,86.2,32.2,0.0,-0.8
05/11/2026,1630,GII,76.53,+.51,+0.67%,76.17,76.6063,76.17,49.48,0.15,0.12,76.04,75.57,75.47,78.03,-1103.02,7776.04,4.15,11.3,95.4,0.0,0.0
05/11/2026,1630,GIL,57.68,-1.58,-2.67%,59.18,59.61,57.57,46.11,0.53,0.31,70.88,58.35,55.92,62.49,4103.04,6206.04,4.09,50.1,99.4,0.0,1.2
05/11/2026,1630,GIS,33.80,-.88,-2.54%,34.74,34.90,33.37,35.61,0.23,0.32,43.72,34.7,33.8,35.66,-1102.01,-3337.01,2.01,62.1,62.1,0.0,0.0
05/11/2026,1630,GK,28.8072,+.2971,+1.04%,28.835,28.88,28.8072,74.63,0.19,0.16,25.04,26.11,27.24,29.37,4208.04,2888.01,4.3,5.1,75.1,21.2,16.5
05/11/2026,1630,GLASF,9.35,0,0.00%,9.28,9.75,9.25,52.42,0.86,NaN,7.3,8.64,8.88,10.51,8102.1,1063.11,11.35,0.0,55.4,0.0,6.6
05/11/2026,1630,GLBE,29.91,+.11,+0.37%,29.46,30.515,29.00,40.88,0.55,0.97,29.5,30.45,29.42,33.04,-2102.01,-2900.01,2.01,100.4,77.1,-4.7,0.0
05/11/2026,1630,GLD,434.65,+.88,+0.20%,434.182,436.04,432.21,52.65,0.23,0.27,445.53,428.22,413.9,440.61,4204.01,-41328.06,50.09,72.1,55.1,-4.6,0.0
05/11/2026,1630,GLIN,44.855,-1.2171,-2.64%,44.94,45.57,44.80,49.83,0.22,0.12,46.02,45.06,44.39,46.45,-1101.01,4699.03,3.06,3.1,81.1,0.0,1.4
05/11/2026,1630,GM,75.29,-3.51,-4.45%,78.80,79.00,75.1077,43.55,0.33,0.37,79.08,76.92,74.45,79.66,-1101.01,-7511.01,1.01,64.1,68.1,-1.8,0.0
05/11/2026,1630,GME,23.17,-1.11,-4.57%,24.20,24.37,23.10,43.95,0.62,0.74,23.09,24.43,22.91,26.17,-6103.01,-2310.01,6.01,81.4,88.4,0.0,0.0
05/11/2026,1630,GO,7.85,-.34,-4.15%,8.14,8.23,7.7508,52.3,0.46,0.77,9.61,7.66,7.65,8.31,-1101.01,-775.01,1.01,80.1,69.1,0.0,11.6
05/11/2026,1630,GOLF,87.69,-3.86,-4.22%,91.10,92.455,87.47,36.95,0.43,0.32,97.73,97.03,84.15,99.9,-9112.03,-8611.03,11.03,55.1,100.4,-0.4,-5.0
05/11/2026,1630,GOOG,386.77,-10.28,-2.59%,390.69,394.33,386.23,72.54,0.4,0.32,296.9,329.63,353.25,419.39,15214.04,39837.02,5.3,20.1,98.4,27.9,20.0
05/11/2026,1630,GOOGL,388.64,-12.16,-3.03%,393.645,397.44,388.47,71.59,0.4,0.34,296.25,331.35,354.95,423.0,14101.04,40200.02,4.3,29.1,99.4,27.4,19.3
05/11/2026,1630,GOOS,11.11,-.81,-6.80%,11.85,11.85,11.10,43.83,0.4,0.66,11.62,11.59,10.83,12.21,-1101.01,-1110.01,15.07,89.4,40.1,0.0,0.1
05/11/2026,1630,GPI,348.60,-9.23,-2.58%,358.31,358.31,348.21,54.21,0.38,0.38,324.49,334.17,332.17,361.24,2203.01,35831.01,1.05,54.1,86.4,0.2,0.8
05/11/2026,1630,GPN,68.77,-.42,-0.61%,68.73,69.78,68.315,46.52,0.33,0.44,67.9,66.5,66.39,72.82,1102.03,7247.03,3.26,50.1,44.1,-1.8,0.0
05/11/2026,1630,GRID,199.80,+2.58,+1.31%,196.29,199.99,196.085,71.22,0.24,0.24,172.75,180.58,183.87,203.53,14229.01,19999.01,3.3,85.1,87.1,8.5,8.7
05/11/2026,1630,GRMN,242.38,+2.29,+0.95%,240.86,244.37,240.86,44.57,0.28,0.31,201.19,256.86,225.0,261.25,-8113.05,-23461.05,20.05,46.1,55.1,-8.0,-12.6
05/11/2026,1630,GRNY,27.19,+.20,+0.74%,26.94,27.2399,26.89,67.48,0.15,0.24,24.38,26.0,26.19,27.41,5208.01,2724.01,1.29,58.1,32.1,0.4,10.9
05/11/2026,1630,GS,944.86,+8.38,+0.89%,932.65,949.78,926.63,60.34,0.25,0.31,869.0,919.22,906.7,950.91,4204.01,94978.01,1.06,49.1,46.1,-2.4,3.4
05/11/2026,1630,GSG,33.69,+.88,+2.68%,33.34,33.87,33.30,57.97,0.32,0.37,24.41,30.97,31.81,35.3,-2201.03,-3186.03,9.03,85.1,88.1,0.0,4.2
05/11/2026,1630,GTBIF,8.03,+.16,+2.03%,7.85,8.11,7.68,56.66,1.0,NaN,6.49,6.57,7.1,8.84,4201.07,845.07,7.29,0.0,79.4,1.8,5.4
05/11/2026,1630,GTLB,25.64,-.34,-1.31%,25.66,26.39,25.175,63.57,0.6,0.99,27.8,20.19,21.02,27.56,9212.01,2639.01,3.21,100.2,68.2,8.9,5.1
05/11/2026,1630,GTM,6.04,-.34,-5.33%,6.35,6.66,5.985,45.89,0.57,0.88,6.2,5.72,5.86,6.8,-1102.01,-599.01,1.01,98.4,81.1,2.5,1.4
05/11/2026,1630,GVAL,35.61,-.045,-0.13%,35.83,35.85,35.575,56.06,0.18,NaN,34.8,35.12,34.53,36.03,4204.01,3585.01,1.08,0.0,82.1,-1.7,0.0
05/11/2026,1630,GVIP,176.1727,+.6004,+0.34%,175.69,177.27,174.87,71.94,0.19,0.14,155.65,162.95,164.09,179.51,7208.01,17727.01,1.3,61.1,64.1,1.4,2.1
05/11/2026,1630,GVZ:CGI,27.48,+1.00,+3.78%,27.98,28.48,27.46,44.95,0.65,NaN,26.6,25.88,24.56,28.3,2203.01,2848.01,1.22,0.0,28.1,-6.6,1.5
05/11/2026,1630,H,165.15,-2.45,-1.46%,169.76,169.76,163.20,53.78,0.39,0.41,161.31,162.0,157.36,171.83,4204.01,16976.01,1.06,77.1,82.1,0.0,0.6
05/11/2026,1630,HACK,85.35,-.27,-0.32%,85.00,85.92,84.55,66.25,0.26,0.33,75.14,76.81,77.9,87.44,10207.01,8592.01,2.21,91.3,76.3,9.2,6.2
05/11/2026,1630,HAL,40.26,+.43,+1.08%,40.16,40.52,39.695,54.34,0.33,0.38,33.1,37.64,38.24,43.12,-1104.04,4246.07,8.16,22.1,42.2,0.0,2.7
05/11/2026,1630,HBB,19.12,-1.80,-8.60%,20.93,20.93,18.81,43.56,0.48,0.95,18.61,20.2,19.38,21.32,-1101.01,-1881.01,2.01,73.4,40.1,0.0,0.0
05/11/2026,1630,HBDC,24.705,+.035,+0.14%,24.73,24.765,24.66,52.53,0.03,NaN,24.98,24.73,24.61,24.81,1109.02,2483.02,2.05,NaN,NaN,-1.8,0.0
05/11/2026,1630,HCA,426.37,-8.82,-2.03%,435.68,437.95,420.76,32.1,0.39,0.3,496.75,422.19,398.97,464.19,-5101.1,-42076.01,22.1,63.1,94.4,-13.4,-0.9
05/11/2026,1630,HD,311.40,-6.05,-1.91%,316.50,317.12,309.71,36.23,0.27,0.36,377.39,334.68,301.13,336.44,-7114.05,-30971.01,15.05,100.2,84.3,-9.7,-8.3
05/11/2026,1630,HELE,24.32,-.39,-1.58%,24.92,25.00,23.62,66.66,0.78,0.56,16.68,19.53,21.66,27.39,13102.11,2703.03,11.31,2.1,75.4,2.0,18.6
05/11/2026,1630,HII,317.75,+1.47,+0.46%,317.41,326.485,316.49,23.45,0.43,0.41,382.01,355.16,296.8,372.24,-9118.03,-31221.03,56.03,68.1,91.2,-14.6,-27.7
05/11/2026,1630,HIMS,29.14,+.87,+3.08%,29.09,30.385,28.55,60.11,0.93,1.23,15.46,27.03,24.91,30.33,1202.01,3039.01,1.3,97.2,59.1,-0.8,0.9
05/11/2026,1630,HLN,8.98,-.13,-1.43%,9.13,9.13,8.9501,31.16,0.19,0.29,11.03,9.35,8.9,9.59,-13122.01,-895.01,62.01,60.3,37.1,-6.0,-7.5
05/11/2026,1630,HLT,315.53,-1.25,-0.39%,314.58,317.01,312.54,46.43,0.28,0.3,309.75,330.33,300.96,335.79,-6111.05,-30806.06,17.06,72.1,89.4,-5.7,-2.5
05/11/2026,1630,HOOD,80.78,+3.75,+4.87%,76.79,81.14,74.80,53.59,0.85,0.67,70.43,81.75,67.62,87.46,-4202.07,-7076.08,16.08,25.1,90.3,-7.5,-0.8
05/11/2026,1630,HPP,11.33,+.38,+3.47%,11.01,11.51,10.695,71.13,0.89,1.05,5.55,7.92,8.55,12.31,13205.02,1228.02,2.27,71.1,92.2,21.9,12.5
05/11/2026,1630,HQY,81.65,-3.19,-3.76%,84.46,84.98,81.40,47.8,0.41,0.47,72.76,76.97,79.3,86.0,2101.01,-7747.12,15.12,75.2,75.4,-0.4,0.0
05/11/2026,1630,HSI:HK,26406.84,0,0.00%,0,0,0,56.01,0.15,NaN,26295.03,26015.44,25751.14,26688.93,2204.02,2666926.03,3.05,0.0,6.1,0.0,2.1
05/11/2026,1630,HSY,189.23,+3.29,+1.77%,185.76,189.69,183.69,43.62,0.22,0.32,214.62,187.76,181.13,192.35,-18201.05,-18164.05,50.05,68.1,23.1,-5.5,0.0
05/11/2026,1630,HTZ,6.19,+.14,+2.31%,5.955,6.46,5.90,52.62,1.01,1.17,4.51,5.62,5.2,6.88,1204.04,-537.09,16.09,81.1,78.4,-7.1,0.0
05/11/2026,1630,HUBS,191.34,-6.00,-3.04%,196.52,206.2052,188.64,35.21,0.96,0.7,207.2,206.86,192.57,257.26,-2102.01,-18864.01,3.01,80.3,98.2,0.0,0.0
05/11/2026,1630,HUM,274.26,-.70,-0.25%,272.08,284.295,269.9623,83.84,0.46,0.44,169.61,211.68,228.73,281.66,15229.01,28430.01,1.42,27.1,59.1,20.1,16.7
05/11/2026,1630,HYG,79.98,-.16,-0.20%,80.08,80.15,79.98,47.78,0.04,0.07,80.72,80.16,79.63,80.5,-6101.05,-7969.06,22.06,46.1,51.1,-2.7,0.0
05/11/2026,1630,HYLS,40.98,-.10,-0.24%,41.08,41.08,40.98,50.52,0.05,NaN,41.19,40.79,40.86,41.1,3202.01,4108.01,1.06,0.0,77.1,-2.3,0.9
05/11/2026,1630,IAK,130.54,+.34,+0.26%,130.52,131.02,129.69,46.11,0.12,0.14,133.57,131.73,129.28,132.84,-5109.01,-12969.01,7.01,41.1,3.1,-4.1,0.0
05/11/2026,1630,IBB,170.00,+.06,+0.04%,170.07,173.31,169.36,49.36,0.21,0.26,169.62,168.45,164.66,174.7,2206.01,17331.01,1.09,76.1,57.1,-5.0,0.0
05/11/2026,1630,IBIT,46.47,+1.02,+2.24%,45.96,46.56,45.55,66.21,0.3,0.43,36.88,42.4,42.61,47.69,13207.04,4656.01,4.3,3.1,8.1,1.3,3.8
05/11/2026,1630,IDX,12.72,-.23,-1.78%,12.74,12.75,12.695,33.62,0.25,NaN,15.89,13.35,12.17,13.69,-6102.08,-1270.01,17.08,0.0,79.1,-12.9,-8.3
05/11/2026,1630,IDXX,532.00,-28.11,-5.02%,559.90,559.90,524.62,35.88,0.35,0.33,606.04,552.0,538.09,583.6,-1102.01,-52462.01,3.01,60.1,69.2,-0.7,-1.2
05/11/2026,1630,IEF,94.64,-.32,-0.34%,94.86,94.879,94.635,42.64,0.05,0.07,96.16,95.19,94.11,95.61,1101.02,-9422.06,16.06,25.1,49.1,-3.9,-4.9
05/11/2026,1630,IFF,78.75,-2.30,-2.84%,81.04,81.80,78.21,59.24,0.69,0.33,76.22,70.19,67.1,83.96,4204.01,8180.01,1.08,52.1,100.4,3.5,-2.8
05/11/2026,1630,IGLB,49.76,-.18,-0.36%,49.84,49.905,49.76,48.6,0.08,0.08,50.77,49.87,49.21,50.24,1202.04,-4910.06,23.06,21.1,48.1,-2.9,-0.4
05/11/2026,1630,IGSB,52.42,-.07,-0.13%,52.47,52.48,52.42,44.42,0.03,0.04,52.96,52.57,52.23,52.71,-6101.05,-5227.06,17.06,73.4,64.1,-2.3,-3.5
05/11/2026,1630,IIGD,24.5918,-.0388,-0.16%,24.62,24.62,24.5918,46.33,0.03,NaN,24.88,24.6,24.53,24.66,1204.04,-2453.06,23.09,0.0,68.2,-11.5,0.0
05/11/2026,1630,IJT,163.00,-.63,-0.39%,163.73,164.01,162.7701,63.6,0.16,0.19,150.18,157.58,158.22,166.08,17208.03,16461.03,3.3,65.1,25.1,0.0,8.5
05/11/2026,1630,ILMN,142.51,+.63,+0.44%,140.67,145.21,139.00,63.0,0.46,0.37,112.65,121.27,122.16,149.83,6207.01,14521.01,3.08,1.1,62.2,4.7,0.0
05/11/2026,1630,INDA,48.42,-1.42,-2.85%,48.74,48.895,48.415,43.47,0.19,0.22,52.11,49.11,48.32,50.16,-1101.01,-4842.01,3.01,84.1,80.1,-3.7,0.1
05/11/2026,1630,INDY,42.54,-1.17,-2.68%,42.84,42.90,42.52,38.98,0.17,0.45,47.3,43.54,42.6,44.39,-1101.01,-4252.01,22.01,96.4,70.1,-7.0,0.0
05/11/2026,1630,INFL,53.35,+.83,+1.58%,52.82,53.35,52.82,55.27,0.14,0.21,49.86,52.84,52.27,53.76,-1201.03,-5223.03,3.03,55.1,47.1,-2.3,0.0
05/11/2026,1630,INMD,13.77,-.19,-1.36%,13.855,14.01,13.635,44.1,0.3,0.3,14.19,14.17,13.53,14.66,-6104.01,-1364.01,15.01,8.1,32.1,-0.1,0.0
05/11/2026,1630,INTC,129.44,+4.52,+3.62%,130.88,132.75,123.92,86.11,1.04,0.99,43.92,64.98,102.67,136.0,12212.01,13275.01,1.29,100.4,96.4,35.7,21.7
05/11/2026,1630,INVH,28.92,+.19,+0.66%,28.96,29.03,28.655,70.18,0.23,0.28,25.4,26.49,27.28,30.01,17229.06,2941.08,8.36,47.1,78.2,8.5,8.0
05/11/2026,1630,IONQ,56.89,+7.65,+15.54%,48.14,58.54,47.89,70.99,1.22,1.15,30.85,41.26,41.27,56.17,4205.01,5854.01,1.29,88.3,90.4,0.0,1.4
05/11/2026,1630,IPO,49.70,+.34,+0.69%,49.07,49.88,49.07,56.93,0.31,0.31,42.41,48.36,47.46,52.24,5102.03,5180.03,3.29,81.1,66.1,0.0,0.6
05/11/2026,1630,IRM,129.96,+1.12,+0.87%,129.98,131.55,129.1101,68.87,0.44,0.38,98.71,115.83,114.81,138.19,6208.03,13269.03,3.09,64.1,99.4,14.2,5.6
05/11/2026,1630,IRT,16.45,+.02,+0.12%,16.59,16.645,16.3925,62.49,0.22,0.46,15.83,15.46,15.7,16.94,19213.03,1671.04,4.34,81.1,58.2,4.8,3.6
05/11/2026,1630,ITA,225.99,+2.50,+1.12%,223.49,227.26,221.88,54.38,0.27,0.29,229.99,214.11,211.75,227.48,4204.01,22726.01,1.11,94.1,89.3,-6.8,0.0
05/11/2026,1630,ITB,91.49,-1.51,-1.62%,92.90,93.24,91.49,41.17,0.32,0.36,109.96,99.11,87.84,99.97,-3110.05,-9137.05,14.05,94.1,78.4,-0.4,-0.1
05/11/2026,1630,ITW,252.09,-2.67,-1.05%,255.12,256.475,251.01,37.92,0.25,0.25,291.96,266.82,243.2,272.14,-5112.05,-25101.01,21.05,80.1,85.3,-3.8,-6.4
05/11/2026,1630,IVOL,18.16,-.11,-0.60%,18.27,18.27,18.16,32.17,0.06,0.21,18.91,18.34,18.15,18.52,-5110.01,-1816.01,29.01,49.2,35.1,-3.2,-5.7
05/11/2026,1630,IWC,187.21,+1.53,+0.82%,185.98,189.50,185.98,64.87,0.24,0.27,163.26,176.58,175.27,191.13,5208.01,18950.01,1.3,84.1,55.1,0.0,1.9
05/11/2026,1630,IWF,123.52,-.02,-0.02%,122.75,124.025,122.65,73.95,0.15,0.21,110.71,117.06,117.79,124.88,5208.01,12403.01,1.3,52.1,44.1,0.0,3.7
05/11/2026,1630,IWM,285.33,+1.16,+0.41%,284.92,287.05,284.59,67.18,0.17,0.25,258.39,271.95,272.0,289.58,18208.01,28705.01,1.3,57.1,23.1,0.1,4.7
05/11/2026,1630,IWN,211.20,-.43,-0.20%,212.43,212.835,210.97,64.24,0.15,0.22,195.45,204.29,204.59,214.05,16205.01,21284.01,1.42,77.1,17.1,0.0,5.2
05/11/2026,1630,IWO,372.81,+3.82,+1.04%,369.59,374.73,369.59,68.43,0.2,0.27,329.56,350.75,350.44,378.94,6208.01,37473.01,1.3,85.1,40.1,0.2,3.7
05/11/2026,1630,J,117.02,-1.41,-1.19%,118.18,118.73,115.70,35.11,0.4,0.3,126.03,125.25,116.11,134.76,-4104.01,-11570.01,5.01,56.1,83.2,2.1,-0.2
05/11/2026,1630,JACK,13.40,-.39,-2.83%,13.74,13.96,12.975,55.32,0.69,0.98,18.02,12.24,11.98,14.36,4205.01,1427.02,2.29,95.3,54.2,0.0,5.0
05/11/2026,1630,JBHT,240.75,-4.65,-1.89%,245.14,245.465,240.00,52.27,0.39,0.4,208.86,246.19,235.92,251.72,-3101.02,25618.15,15.39,78.1,77.2,-0.1,10.0
05/11/2026,1630,JBLU,4.96,-.15,-2.94%,4.95,5.205,4.93,49.33,0.82,0.92,5.47,5.0,4.53,5.36,2204.01,-455.07,17.07,82.1,92.3,-9.1,0.0
05/11/2026,1630,JBSAY,14.44,0,0.00%,0,0,0,49.84,0.41,NaN,NaN,14.42,13.44,14.82,2201.01,1550.01,1.04,0.0,47.1,-0.8,-0.1
05/11/2026,1630,JETS,26.61,-.87,-3.17%,27.16,27.185,26.565,52.95,0.39,0.51,28.78,25.24,24.66,27.99,3205.02,2775.02,2.09,90.2,92.3,0.0,0.0
05/11/2026,1630,JNJ,221.43,+.11,+0.05%,221.32,223.28,220.37,33.14,0.17,0.23,237.4,223.78,219.74,229.63,-13107.01,-22037.01,27.01,58.1,67.3,-17.4,0.0
05/11/2026,1630,JNK,96.32,-.20,-0.21%,96.50,96.54,96.3101,48.19,0.04,0.09,97.33,96.48,95.92,96.94,-6101.05,-9611.05,22.05,63.1,49.1,-2.2,0.0
05/11/2026,1630,JOBY,10.74,-.13,-1.20%,10.61,11.03,10.155,63.69,0.91,0.91,9.61,8.25,8.08,11.24,5204.01,1103.01,1.09,73.1,75.4,2.3,0.0
05/11/2026,1630,JOE,65.10,-.69,-1.05%,65.88,67.529,64.49,44.94,0.4,0.34,66.62,67.88,60.35,71.51,-3109.06,-6100.06,9.06,54.3,91.4,0.0,-2.9
05/11/2026,1630,JOET,43.4325,+.1125,+0.26%,43.36,43.5183,43.36,61.82,0.12,NaN,41.91,42.62,42.37,43.73,6205.01,4352.01,2.3,0.1,33.1,0.0,1.9
05/11/2026,1630,JPM,300.00,-2.10,-0.70%,302.10,303.19,298.88,42.59,0.2,0.28,296.52,307.89,299.6,316.22,-3103.01,-29888.01,3.01,60.1,52.1,-0.6,0.0
05/11/2026,1630,JPXN,99.81,+.05,+0.05%,99.65,99.978,99.65,65.67,0.2,NaN,98.06,92.84,93.35,101.12,5208.01,9998.01,1.13,0.0,66.1,0.0,0.3
05/11/2026,1630,JYNT,8.72,+.03,+0.35%,8.75,8.89,8.65,47.34,0.28,0.14,8.35,8.57,8.56,9.14,-1103.01,919.02,2.06,0.1,20.1,-2.3,-0.3
05/11/2026,1630,K,83.44,0,0.00%,0,0,0,60.53,0.03,0.1,76.99,83.35,82.98,83.69,1203.03,-8305.04,9.04,25.1,26.1,0.9,-1.1
05/11/2026,1630,KBA,34.55,+.81,+2.40%,34.37,34.60,34.37,72.27,0.18,0.2,30.27,32.43,32.83,34.82,6208.01,3460.01,1.34,36.1,72.3,0.4,6.0
05/11/2026,1630,KBWP,117.76,+.1019,+0.09%,117.98,118.60,117.25,38.82,0.12,0.02,120.81,120.49,115.2,122.6,-6112.02,-11691.02,16.06,0.1,5.1,-4.5,-5.0
05/11/2026,1630,KCE,153.43,-.1778,-0.12%,153.51,153.80,152.23,63.36,0.15,0.17,142.57,148.76,149.52,154.34,4205.01,15380.01,1.27,58.1,8.1,0.0,2.0
05/11/2026,1630,KDP,28.71,-.12,-0.42%,28.83,29.00,28.545,58.61,0.33,0.25,28.65,26.21,27.17,30.54,11101.08,2958.08,10.26,34.1,81.4,0.0,9.1
05/11/2026,1630,KEMX,49.98,-.14,-0.28%,49.93,50.1787,49.90,71.84,0.26,0.38,42.85,45.13,45.34,51.16,14208.01,5018.01,2.29,90.2,82.1,1.5,1.1
05/11/2026,1630,KHC,23.26,-.70,-2.92%,24.00,24.12,23.095,56.71,0.23,0.33,23.44,21.75,21.59,24.17,4210.01,2412.01,1.05,67.1,45.1,0.0,0.0
05/11/2026,1630,KLAC,1845.19,-24.00,-1.28%,1852.75,1897.49,1843.589,58.92,0.48,0.55,1427.67,1772.43,1672.28,1927.47,2202.01,189749.01,1.06,83.1,69.1,0.0,0.0
05/11/2026,1630,KMX,39.08,-1.26,-3.12%,40.43,40.475,38.94,46.25,0.69,0.65,39.8,37.82,36.95,40.58,4204.01,4048.01,1.05,77.1,76.4,-3.3,0.0
05/11/2026,1630,KNX,61.92,-2.13,-3.33%,63.90,64.31,61.645,48.22,0.36,0.37,56.86,63.51,60.95,65.72,-1101.01,-6165.01,13.01,29.1,48.1,-3.4,0.0
05/11/2026,1630,KO,78.66,+.24,+0.31%,78.16,78.73,77.8423,57.9,0.19,0.21,76.58,74.55,75.42,81.39,5210.07,7964.07,7.15,60.1,90.4,7.7,0.7
05/11/2026,1630,KR,64.80,-.84,-1.28%,65.79,65.80,64.395,35.77,0.21,0.37,67.27,66.82,64.03,68.54,-3106.01,-6440.01,25.01,93.2,16.1,-3.9,0.0
05/11/2026,1630,KRE,68.55,-1.30,-1.86%,70.06,70.28,68.365,47.92,0.2,0.32,69.68,68.76,68.28,70.69,-1101.01,-6836.01,3.01,58.1,23.1,-0.2,0.0
05/11/2026,1630,KSA,39.15,+.42,+1.08%,39.15,39.27,39.08,51.67,0.13,0.3,38.02,38.8,38.09,39.6,1201.01,-3831.03,28.13,85.1,35.1,-16.0,-2.5
05/11/2026,1630,KSS,13.09,-1.41,-9.72%,14.42,14.42,12.88,39.49,0.63,0.92,17.52,14.59,12.94,15.6,-2109.01,-1288.01,10.01,73.2,53.2,-0.1,0.0
05/11/2026,1630,KVUE,17.17,-.42,-2.39%,17.62,17.62,17.1335,43.78,0.19,0.32,17.96,17.21,17.1,17.77,-1101.01,-1713.01,2.01,33.3,24.1,0.0,0.0
05/11/2026,1630,KW,11.03,+.01,+0.09%,11.02,11.03,11.02,73.61,0.03,0.16,9.63,10.89,10.86,11.04,4205.01,1103.01,1.05,0.1,1.1,0.2,0.0
05/11/2026,1630,KWEB,29.59,+.04,+0.14%,29.525,29.81,29.48,54.71,0.28,0.4,32.43,28.13,27.89,30.15,4204.01,2981.01,1.1,91.2,64.2,-0.3,0.0
05/11/2026,1630,LAMR,152.26,-5.67,-3.59%,157.16,157.66,150.29,71.19,0.34,0.26,130.43,132.34,134.57,158.98,17212.01,15766.01,1.36,46.1,93.4,6.3,4.4
05/11/2026,1630,LCID,6.03,-.31,-4.89%,6.22,6.2241,5.83,35.11,0.8,1.0,9.53,6.17,5.47,6.98,-1101.04,-562.09,20.16,57.1,78.2,-6.9,0.0
05/11/2026,1630,LEVI,21.85,-.82,-3.62%,22.63,22.715,21.69,49.28,0.29,0.33,21.48,21.99,21.4,23.09,-1101.01,2313.02,2.06,20.1,32.1,-0.2,0.0
05/11/2026,1630,LFMD,4.39,-.39,-8.16%,4.72,4.87,4.365,49.45,1.2,0.96,2.71,4.23,4.24,5.3,-3103.01,-437.01,15.01,69.1,86.4,0.0,7.3
05/11/2026,1630,LFST,7.67,-.03,-0.39%,7.76,7.83,7.59,56.35,0.9,0.58,6.76,6.77,6.89,8.69,13102.03,889.03,3.26,68.1,92.4,21.3,4.0
05/11/2026,1630,LH,255.08,+.96,+0.38%,254.50,256.9999,253.00,39.39,0.19,0.28,260.57,260.83,244.92,268.52,-8113.05,-24859.05,13.05,65.1,31.1,-4.7,-5.4
05/11/2026,1630,LI,18.87,+.87,+4.83%,18.78,19.15,18.75,60.73,0.29,0.54,18.11,17.79,17.16,18.82,1202.01,1915.01,1.04,50.1,8.1,-1.8,-2.1
05/11/2026,1630,LII,521.48,+.23,+0.04%,520.58,525.61,513.735,55.63,0.41,0.39,545.56,484.77,488.03,553.88,12209.03,55150.03,3.31,75.1,77.3,2.8,6.2
05/11/2026,1630,LIN,504.40,+11.24,+2.28%,493.91,506.21,493.85,53.71,0.22,0.25,455.28,492.32,488.76,515.01,-5201.01,-49040.05,7.05,76.1,97.2,0.0,-0.4
05/11/2026,1630,LIT,91.62,+1.45,+1.61%,90.42,91.98,90.10,70.03,0.3,0.39,70.83,81.27,83.76,94.31,17231.03,9198.01,3.36,83.2,49.1,16.6,8.3
05/11/2026,1630,LLY,966.99,+18.54,+1.95%,949.00,995.00,943.26,55.78,0.46,0.35,1007.0,871.73,859.49,1033.83,6208.03,99649.04,4.09,23.1,78.2,6.6,0.0
05/11/2026,1630,LMND,55.05,+.04,+0.07%,54.50,55.83,53.41,40.59,0.79,0.71,59.8,63.25,46.8,66.61,-4111.06,-5204.03,16.07,17.1,58.1,-4.4,-7.5
05/11/2026,1630,LMT,512.25,+5.74,+1.13%,505.00,515.63,502.45,30.07,0.26,0.31,621.67,503.6,474.26,541.07,1206.02,-50031.04,23.12,74.1,62.1,-20.2,0.0
05/11/2026,1630,LNG,240.70,+1.145,+0.48%,240.93,243.89,240.44,34.48,0.36,0.37,217.53,251.81,236.38,279.5,-3104.01,-24044.01,7.01,82.1,83.2,0.0,0.0
05/11/2026,1630,LOGI,106.89,-2.50,-2.29%,109.73,110.47,106.24,66.03,0.34,0.36,85.55,93.75,94.9,111.08,7209.01,11047.01,1.21,51.1,61.1,3.3,0.8
05/11/2026,1630,LOTMY,31.31,-.555,-1.74%,30.93,31.31,30.79,56.27,0.52,NaN,23.56,29.67,28.15,32.97,3204.02,3304.03,3.09,NaN,NaN,0.0,0.0
05/11/2026,1630,LOW,226.06,-3.14,-1.37%,228.00,229.00,224.50,39.04,0.32,0.38,276.73,243.13,215.08,244.49,-6114.05,-22300.05,15.05,100.2,92.3,-8.3,-8.3
05/11/2026,1630,LQD,108.93,-.27,-0.25%,109.04,109.18,108.89,47.49,0.05,0.07,110.6,109.26,108.03,109.83,1101.04,-10792.06,23.06,31.1,52.1,-3.6,-1.4
05/11/2026,1630,LRCX,296.05,+2.00,+0.68%,292.51,300.00,292.51,66.51,0.52,0.69,228.88,253.28,245.46,308.28,5206.01,30000.01,1.08,87.1,57.1,0.0,0.0
05/11/2026,1630,LUV,39.99,-1.32,-3.20%,40.91,41.27,39.92,49.94,0.49,0.52,49.8,36.85,36.74,42.33,4205.01,4222.02,2.09,77.1,71.1,0.0,0.0
05/11/2026,1630,LUXE,8.36,-.11,-1.30%,8.34,8.6799,8.275,42.46,0.42,0.86,9.18,8.78,8.36,9.19,-3103.01,-828.01,3.01,59.2,23.1,-1.7,0.0
05/11/2026,1630,LVS,52.07,-1.04,-1.96%,52.43,52.94,51.64,41.78,0.42,0.37,56.0,50.05,49.49,56.02,-4102.06,-5153.06,15.11,34.1,73.4,-5.6,-4.7
05/11/2026,1630,LW,40.34,-1.67,-3.98%,42.03,42.18,40.30,36.95,0.33,0.4,46.59,43.5,40.39,44.82,-4113.01,-4030.01,15.01,58.1,59.1,-2.4,0.0
05/11/2026,1630,LYB,73.53,+1.77,+2.47%,73.10,73.765,71.92,51.37,0.61,0.5,54.9,68.78,69.57,77.93,-1103.03,7843.05,5.16,55.1,88.3,0.0,3.8
05/11/2026,1630,LYFT,13.87,-.48,-3.34%,14.31,14.835,13.83,46.51,0.39,0.56,12.93,13.86,13.55,14.48,1101.01,1484.01,1.02,27.3,29.1,-5.1,0.1
05/11/2026,1630,LYV,163.00,-.28,-0.17%,160.83,164.56,159.765,56.13,0.41,0.35,147.86,151.06,151.42,169.54,5208.02,16701.02,2.12,31.1,87.3,0.0,0.2
05/11/2026,1630,M,18.69,-.79,-4.06%,19.61,19.6486,18.60,43.17,0.3,0.62,21.0,19.8,18.48,20.15,-5103.01,-1860.01,3.01,83.2,7.1,-1.0,0.0
05/11/2026,1630,MA,497.81,+2.33,+0.47%,495.00,501.655,492.01,46.31,0.26,0.28,515.0,495.63,484.76,517.54,-5108.04,-48973.04,9.04,71.1,78.2,-3.3,-0.9
05/11/2026,1630,MAC,21.64,-.23,-1.05%,21.96,21.97,21.63,55.39,0.27,0.29,17.62,21.04,21.15,22.2,2101.03,2211.03,3.06,3.1,22.1,0.0,0.0
05/11/2026,1630,MAR,353.32,+.14,+0.04%,350.54,353.53,348.145,49.74,0.27,0.3,349.33,363.55,340.61,370.96,-5113.05,-34538.06,20.06,61.1,60.1,-4.3,0.0
05/11/2026,1630,MARA,13.39,+.45,+3.48%,12.96,13.80,12.59,69.71,0.7,1.05,7.14,11.02,10.74,13.82,7208.01,1380.01,1.27,60.1,38.1,0.0,1.3
05/11/2026,1630,MCD,274.60,-1.15,-0.42%,275.83,276.74,271.975,24.49,0.21,0.22,320.15,299.22,268.55,295.94,-11116.01,-27198.01,16.01,62.1,98.4,-7.5,-17.1
05/11/2026,1630,MCHP,99.03,-.06,-0.06%,98.10,101.175,96.57,72.61,0.5,0.52,76.03,80.24,87.25,108.61,15209.02,10591.02,2.29,69.3,80.4,16.3,13.3
05/11/2026,1630,MCK,725.17,-10.92,-1.48%,743.45,755.00,723.68,18.31,0.29,0.3,894.59,817.44,706.67,835.87,-14122.01,-72368.01,20.01,68.3,78.1,-8.2,-23.4
05/11/2026,1630,MCO,448.39,-2.93,-0.65%,448.16,452.6765,446.36,47.79,0.21,0.3,402.28,448.01,443.48,463.82,-5102.01,-44636.01,7.01,73.1,38.1,0.0,0.9
05/11/2026,1630,MCW,7.02,-.02,-0.28%,7.04,7.045,7.01,52.32,0.04,NaN,5.77,6.98,6.99,7.1,-2103.01,716.07,7.13,58.2,10.1,0.0,0.0
05/11/2026,1630,MDB,294.65,-4.82,-1.61%,294.98,305.45,289.72,64.12,0.55,0.9,340.4,240.62,243.98,303.98,3207.01,30545.01,1.21,94.4,57.1,1.6,0.1
05/11/2026,1630,MDLZ,61.41,-.14,-0.23%,61.54,61.73,60.88,63.98,0.23,0.29,58.02,55.79,57.36,64.93,5213.06,6219.04,6.14,84.1,61.1,14.3,0.7
05/11/2026,1630,MELI,1557.30,-75.22,-4.61%,1641.325,1642.00,1536.71,31.34,0.57,0.41,1931.12,1792.32,1586.76,1920.42,-2102.01,-153671.01,3.01,54.1,100.2,0.0,0.0
05/11/2026,1630,META,598.86,-10.77,-1.77%,604.57,604.9069,598.0801,39.16,0.42,0.34,628.15,653.05,561.14,680.7,-5113.04,-59808.01,19.05,38.1,65.2,-6.7,-4.0
05/11/2026,1630,MGM,37.30,-1.49,-3.84%,38.71,38.72,37.285,44.04,0.28,0.41,33.53,37.78,37.0,39.91,-7108.01,-3728.01,10.01,46.1,13.1,0.0,0.0
05/11/2026,1630,MGPI,18.63,-1.07,-5.43%,19.67,19.67,18.56,42.82,0.43,0.6,24.76,19.75,18.44,20.51,-3101.01,-1856.01,4.01,79.1,79.1,-0.1,0.0
05/11/2026,1630,MICC,14.87,+.08,+0.54%,14.83,14.88,14.735,55.9,0.58,0.42,15.6,13.06,13.03,16.14,5208.04,1550.04,4.13,NaN,NaN,9.2,0.0
05/11/2026,1630,MKOR,65.01,-.02,-0.03%,64.45,65.47,64.45,75.74,0.43,NaN,44.41,51.82,56.01,67.86,14226.02,6547.01,2.29,0.0,82.1,17.6,14.2
05/11/2026,1630,MLCO,5.31,-.06,-1.12%,5.32,5.405,5.25,40.1,0.44,0.51,5.22,5.52,5.1,5.88,-8102.01,-525.02,14.08,44.1,68.1,-2.9,-7.0
05/11/2026,1630,MLM,585.98,-4.40,-0.75%,589.81,592.84,583.63,38.66,0.22,0.32,647.4,608.11,585.04,621.93,-6103.01,-58363.01,3.01,88.1,46.1,-1.9,0.0
05/11/2026,1630,MNDY,76.91,+4.84,+6.72%,85.51,88.48,73.17,58.52,0.71,0.69,68.68,62.17,65.08,81.28,5207.01,8848.01,1.21,54.3,82.2,8.2,3.8
05/11/2026,1630,MNSO,14.31,-.32,-2.19%,14.63,14.645,14.31,34.62,0.27,0.66,18.93,14.49,14.18,15.14,-6103.01,-1431.01,24.01,98.2,10.1,-16.3,0.0
05/11/2026,1630,MNST,86.41,+.12,+0.14%,85.01,86.45,83.26,73.23,0.5,0.28,79.93,75.1,73.5,86.3,2202.01,8645.01,1.05,49.1,100.4,1.1,0.0
05/11/2026,1630,MO,68.61,+.49,+0.72%,68.70,68.985,68.03,51.31,0.36,0.28,63.84,64.12,65.46,76.13,-1104.03,7434.06,6.17,90.2,100.4,3.7,3.9
05/11/2026,1630,MOH,185.19,-.75,-0.40%,187.05,188.99,179.33,61.89,0.57,0.48,121.06,150.58,168.09,217.53,-1103.01,20055.03,8.3,27.1,70.1,6.1,11.5
05/11/2026,1630,MOO,81.91,+.25,+0.31%,81.71,82.07,81.60,42.26,0.17,0.18,84.24,81.95,80.9,84.66,-3103.01,-8154.02,4.03,72.1,85.1,0.0,-1.4
05/11/2026,1630,MOVE:GIF,70.735,+3.4823,+5.18%,67.2527,70.735,67.2527,46.58,0.79,NaN,61.35,66.97,65.3,77.99,-2102.01,7786.06,5.23,0.0,75.1,0.1,2.3
05/11/2026,1630,MP,67.41,-.02,-0.03%,67.05,70.40,64.25,57.04,0.75,0.77,54.59,60.58,60.43,73.39,4208.02,7680.02,2.3,54.2,44.2,1.1,3.8
05/11/2026,1630,MPC,252.48,+7.61,+3.11%,248.85,252.50,247.76,61.34,0.42,0.42,195.75,213.06,225.26,270.62,-1201.03,26161.05,5.17,84.3,97.2,9.6,6.7
05/11/2026,1630,MPLX,54.03,+.03,+0.06%,54.10,54.21,53.40,38.01,0.22,0.25,55.14,54.76,53.71,57.17,-5102.01,-5340.01,5.01,75.1,94.4,0.1,0.0
05/11/2026,1630,MPNGY,21.66,+.32,+1.50%,21.62,21.80,21.53,53.35,0.27,NaN,20.68,20.76,20.51,22.0,3204.01,2180.01,1.1,0.0,7.1,-11.6,0.0
05/11/2026,1630,MRNA,52.88,-1.47,-2.70%,58.08,59.48,51.3901,56.47,0.62,0.93,36.66,50.57,42.44,56.06,2204.01,5948.01,1.07,93.1,56.1,-0.8,0.0
05/11/2026,1630,MRVL,170.84,+.71,+0.42%,163.665,174.1589,162.4894,69.29,0.56,0.95,76.63,147.85,153.3,178.47,2202.01,17580.04,12.3,100.4,59.1,0.0,10.4
05/11/2026,1630,MSFT,412.66,-2.46,-0.59%,407.87,412.69,405.50,52.22,0.33,0.3,394.53,411.41,402.03,430.21,-1102.01,-40550.01,3.01,71.1,87.2,-0.7,1.6
05/11/2026,1630,MSGS,344.12,+13.99,+4.24%,331.73,348.20,331.73,61.44,0.25,0.31,276.74,320.74,328.63,345.92,-5201.01,34820.01,1.02,68.3,68.1,-0.3,0.0
05/11/2026,1630,MSM,107.32,+3.04,+2.92%,104.77,107.99,104.435,70.95,0.31,0.38,91.71,95.68,97.5,109.77,14234.01,10799.01,1.34,92.1,87.3,7.1,11.0
05/11/2026,1630,MSTR,195.94,+8.35,+4.45%,189.20,197.00,182.31,69.69,0.71,0.82,120.64,163.75,159.28,201.96,3207.01,19700.01,1.27,54.1,78.1,0.0,9.9
05/11/2026,1630,MTCH,35.77,-1.19,-3.22%,36.88,37.00,35.34,51.35,0.37,0.32,29.55,35.02,35.28,38.85,-3103.01,-3534.01,3.01,15.1,75.1,0.0,0.0
05/11/2026,1630,MTDR,56.33,+1.07,+1.94%,56.27,56.805,55.87,41.85,0.53,0.44,45.5,56.04,53.92,65.23,-4104.01,-5490.02,9.02,27.1,97.4,0.0,0.0
05/11/2026,1630,MTUM,306.66,+4.86,+1.61%,304.26,307.86,303.76,77.88,0.21,0.25,247.41,270.7,279.97,310.7,15214.01,30786.01,1.29,72.1,75.1,9.4,10.7
05/11/2026,1630,MU,795.33,+48.52,+6.50%,792.98,818.67,768.00,85.84,0.78,1.08,386.57,441.3,592.59,816.08,18214.01,81867.01,1.29,100.4,93.1,22.0,16.7
05/11/2026,1630,MUR,37.62,+.64,+1.73%,37.68,38.05,37.12,44.51,0.49,0.52,31.4,36.93,36.28,42.84,-3104.01,-3712.01,8.01,39.1,60.1,0.0,0.0
05/11/2026,1630,MUSA,577.94,+.07,+0.01%,579.03,580.165,564.15,63.72,0.59,0.41,360.19,497.17,512.6,636.99,9208.04,60982.04,4.17,79.1,94.4,11.9,4.9
05/11/2026,1630,MZTI,112.29,-1.40,-1.23%,113.69,114.45,112.095,24.68,0.4,0.2,152.17,124.25,108.32,130.92,-12107.01,-11106.05,22.05,38.1,92.4,-11.7,-9.8
05/11/2026,1630,N225:JP,62417.88,0,0.00%,0,0,0,68.25,0.26,NaN,52950.15,58428.19,57982.43,63502.28,11203.01,6338504.01,1.27,0.0,69.1,4.6,7.5
05/11/2026,1630,NBIS,186.10,+9.05,+5.11%,179.90,196.456,178.55,65.51,0.92,1.17,79.69,145.81,134.01,206.38,6207.01,19646.01,1.08,96.2,62.1,0.0,1.1
05/11/2026,1630,NBIX,150.59,-1.66,-1.09%,152.00,154.44,150.32,74.41,0.39,0.42,122.14,127.2,128.92,156.3,7209.01,15444.01,1.09,86.1,76.4,9.4,0.0
05/11/2026,1630,NCLH,16.58,-.50,-2.93%,17.00,17.02,16.40,36.56,0.57,0.58,21.07,18.17,15.93,19.1,-9106.01,-1640.01,17.01,68.1,65.1,-12.0,-1.9
05/11/2026,1630,NEE,94.84,+1.74,+1.87%,94.00,95.80,94.00,52.68,0.34,0.27,90.46,89.9,90.66,99.48,-1103.03,9875.07,7.14,28.1,90.4,0.0,0.1
05/11/2026,1630,NEM,120.67,+4.16,+3.57%,117.12,121.26,116.99,59.14,0.59,0.48,118.04,107.88,106.04,123.32,4204.01,12126.01,1.09,62.1,83.2,0.0,0.0
05/11/2026,1630,NET,193.52,-2.61,-1.33%,195.395,204.2699,192.5012,43.3,1.13,0.68,181.47,198.5,182.55,257.43,-2102.01,-19250.01,3.01,69.3,100.4,9.1,0.0
05/11/2026,1630,NFLX,85.45,-2.04,-2.33%,86.525,87.34,85.10,30.35,0.43,0.29,75.23,91.8,84.53,94.53,-9103.01,-8510.01,20.01,13.1,79.3,-23.8,0.0
05/11/2026,1630,NIKL,17.72,+.64,+3.75%,17.27,17.82,17.26,55.66,0.39,NaN,17.77,17.0,16.77,17.92,2201.01,1782.01,1.05,0.0,67.1,-3.1,0.0
05/11/2026,1630,NKE,42.39,-1.75,-3.96%,44.065,44.065,42.39,32.05,0.28,0.35,60.85,44.24,41.88,45.89,-4102.01,-4239.01,14.01,33.1,26.1,-3.2,0.0
05/11/2026,1630,NLR,145.65,+4.77,+3.39%,142.73,147.565,140.94,53.51,0.51,0.37,138.1,139.45,138.58,151.58,-1201.01,14930.03,3.08,54.1,91.2,0.0,0.0
05/11/2026,1630,NNN,44.30,-.06,-0.14%,44.53,44.76,44.20,53.3,0.15,0.26,42.77,43.36,43.46,44.89,4206.01,4476.01,1.08,70.1,29.1,-0.1,2.4
05/11/2026,1630,NOAH,10.62,-.22,-2.03%,10.84,10.84,10.61,51.47,0.3,0.57,11.82,10.02,10.15,11.18,14101.02,1102.02,2.3,62.2,42.1,10.2,1.1
05/11/2026,1630,NORW,38.19,+.10,+0.26%,38.28,38.37,38.065,52.83,0.18,NaN,33.92,37.59,37.56,39.11,-1103.03,-3762.03,5.03,0.0,70.1,0.1,1.0
05/11/2026,1630,NOW,91.49,+.31,+0.34%,91.04,94.75,90.47,45.57,0.86,0.59,99.27,83.58,81.97,99.99,1203.03,-8358.13,15.13,90.1,95.4,-2.7,-0.1
05/11/2026,1630,NSA,43.65,-.02,-0.05%,43.84,43.84,43.40,63.12,0.28,0.5,32.58,42.22,41.38,44.27,3204.01,4384.01,1.05,83.2,57.1,0.0,1.2
05/11/2026,1630,NSC,311.11,-.90,-0.29%,313.39,316.00,310.77,54.66,0.31,0.23,311.63,298.01,302.19,326.66,16103.1,32337.12,12.41,40.1,99.4,0.0,7.9
05/11/2026,1630,NSP,32.43,-.16,-0.49%,32.74,33.42,31.71,55.91,1.05,0.7,24.47,31.22,26.84,37.12,-4203.04,-2768.04,9.04,77.1,90.4,0.0,0.0
05/11/2026,1630,NSSC,40.21,-.61,-1.49%,40.77,41.1199,39.96,39.34,0.66,0.53,41.31,44.59,37.63,47.5,-3106.04,-3996.01,7.04,67.4,98.4,0.0,-0.8
05/11/2026,1630,NTLA,14.42,+.33,+2.34%,14.06,15.5499,13.97,54.12,0.88,0.82,11.21,13.42,11.59,15.97,2202.01,1555.01,1.09,15.1,56.2,-0.4,-0.8
05/11/2026,1630,NTR,71.29,+2.96,+4.33%,68.96,71.89,68.86,45.43,0.45,0.35,69.03,70.42,67.61,77.89,-3104.01,-6886.01,5.01,62.1,95.2,1.3,0.0
05/11/2026,1630,NUE,232.00,+4.50,+1.98%,229.02,232.96,226.6743,75.5,0.28,0.37,177.06,202.66,215.8,241.93,16201.09,23544.04,10.37,46.1,49.1,1.4,15.2
05/11/2026,1630,NVDA,219.44,+4.24,+1.97%,214.035,222.30,213.89,68.46,0.39,0.5,179.18,197.22,193.03,223.4,3204.01,22230.01,1.06,74.2,82.2,1.5,1.3
05/11/2026,1630,NVO,46.40,+.33,+0.72%,46.69,47.79,46.27,75.08,0.38,0.48,48.08,38.02,41.08,48.56,9212.01,4779.01,1.3,28.1,37.1,18.0,14.3
05/11/2026,1630,NXPI,305.99,+11.24,+3.81%,295.92,306.62,291.16,75.69,0.87,0.49,229.73,221.7,250.58,342.65,19229.06,30662.01,7.27,88.1,100.4,18.5,18.1
05/11/2026,1630,NYT,77.33,-2.08,-2.62%,79.30,79.955,76.36,43.03,0.41,0.31,70.18,79.2,75.97,82.69,-1102.01,-7636.01,3.01,52.1,92.4,0.0,0.0
05/11/2026,1630,O,62.36,+.44,+0.71%,61.995,62.60,61.98,44.4,0.19,0.2,63.63,63.13,61.55,64.55,-6103.01,-6198.01,22.01,66.1,91.2,-1.3,0.0
05/11/2026,1630,OC,119.85,-1.82,-1.50%,121.59,121.97,119.13,50.62,0.36,0.41,130.65,120.44,117.18,126.13,2103.03,12914.03,3.05,47.1,59.2,-1.3,1.6
05/11/2026,1630,OIH,431.15,+10.31,+2.45%,424.60,432.27,423.60,56.17,0.27,0.37,367.28,402.85,410.42,458.66,-3104.02,-41202.03,9.03,65.1,27.1,0.0,2.5
05/11/2026,1630,OKE,87.79,+2.63,+3.09%,85.64,87.92,85.335,50.8,0.31,0.32,83.8,83.35,83.57,92.82,-4104.01,-8449.02,7.02,46.1,83.1,0.0,0.0
05/11/2026,1630,OKLO,78.13,+5.62,+7.75%,71.41,79.65,69.22,59.85,1.24,1.15,62.56,62.22,65.14,83.43,2204.03,7965.01,3.29,80.3,87.4,0.3,5.4
05/11/2026,1630,OKTA,81.69,-2.21,-2.63%,82.96,84.6999,81.13,59.43,0.45,0.8,80.56,73.24,73.52,83.84,3207.01,8470.01,1.2,100.4,67.1,-0.3,14.4
05/11/2026,1630,OLLI,75.73,-6.48,-7.88%,80.85,81.17,74.9201,27.64,0.47,0.6,109.42,87.0,75.16,90.17,-10110.01,-7492.01,40.01,100.2,98.3,-7.7,-10.2
05/11/2026,1630,OMF,53.17,-1.87,-3.40%,55.00,55.22,52.81,36.36,0.31,0.34,55.53,58.23,52.43,59.78,-6110.01,-5281.01,15.01,38.1,63.1,-1.1,0.0
05/11/2026,1630,ON,107.24,+4.04,+3.91%,102.73,107.25,102.48,74.97,0.59,0.66,67.02,84.75,93.04,113.59,-1202.05,10725.01,12.29,88.3,71.3,0.0,1.5
05/11/2026,1630,ONEW,11.58,-.48,-3.98%,12.09,12.0959,11.495,59.29,0.8,0.86,11.79,10.02,9.45,12.45,4205.01,1210.01,1.07,72.1,96.4,2.5,0.0
05/11/2026,1630,ONON,34.04,-1.20,-3.41%,35.01,35.34,33.57,40.74,0.33,0.72,43.83,35.1,33.48,36.59,-1102.01,-3357.01,3.01,100.3,23.1,-1.6,0.0
05/11/2026,1630,ONTO,287.52,+2.85,+1.00%,283.85,290.3325,280.25,56.39,0.6,0.72,212.62,284.4,273.28,308.05,-1104.03,-27346.03,17.03,81.3,64.1,-0.1,4.7
05/11/2026,1630,ORCL,193.84,-2.11,-1.08%,192.15,195.6822,190.60,67.1,0.53,0.78,151.37,168.8,160.75,205.58,5206.02,19800.02,2.22,96.4,61.3,0.0,1.6
05/11/2026,1630,ORLY,91.35,-1.61,-1.73%,92.33,92.43,90.31,43.9,0.35,0.28,91.85,91.66,89.73,98.18,-1102.01,-9031.01,6.01,63.1,99.4,0.6,0.0
05/11/2026,1630,OSCR,22.00,+.69,+3.24%,21.10,22.00,20.741,84.34,0.46,0.74,13.13,15.94,17.06,22.64,13212.01,2200.01,1.3,22.1,2.1,15.4,9.8
05/11/2026,1630,OSK,134.03,-3.94,-2.86%,136.49,140.88,134.03,35.98,0.59,0.47,163.64,147.76,135.98,160.88,-2102.01,-13403.01,3.01,85.3,100.4,0.1,0.0
05/11/2026,1630,OTLY,10.13,-.28,-2.69%,10.39,10.5711,10.11,34.52,0.52,0.66,10.94,12.5,9.13,12.18,-6113.06,-1011.01,17.07,27.1,37.1,-17.2,-9.8
05/11/2026,1630,OUT,32.24,-1.66,-4.90%,33.94,33.975,31.74,63.01,0.31,0.35,24.78,29.42,29.88,33.98,15228.01,3398.01,1.29,67.2,61.1,2.6,6.7
05/11/2026,1630,OVX:CGI,75.66,+3.51,+4.86%,75.22,76.16,73.13,47.86,0.93,NaN,40.4,74.06,66.66,80.72,-2201.03,-6886.03,25.03,0.0,53.1,-2.3,0.0
05/11/2026,1630,OXLC,10.11,-.07,-0.69%,10.17,10.24,10.10,54.19,0.22,NaN,8.71,9.88,9.89,10.43,1101.02,1040.06,6.37,0.0,23.1,0.0,2.7
05/11/2026,1630,OXM,43.69,-1.79,-3.94%,45.16,45.205,42.39,52.88,0.53,0.69,36.84,44.42,40.0,47.43,1101.03,4663.03,3.06,75.2,41.2,0.0,0.0
05/11/2026,1630,OXY,55.14,+2.11,+3.98%,54.01,55.46,54.01,43.98,0.5,0.42,44.86,54.32,52.23,61.67,-4104.01,-5299.02,8.02,79.1,100.4,0.0,0.0
05/11/2026,1630,PAG,173.26,-.55,-0.32%,174.62,174.62,171.835,68.65,0.3,0.33,163.33,158.36,159.64,179.92,18205.03,17462.01,7.4,84.1,81.2,7.4,5.4
05/11/2026,1630,PALL,137.42,+2.71,+2.01%,138.15,138.19,136.085,49.87,0.4,0.48,147.0,132.43,130.8,141.06,2201.04,-13061.09,23.09,57.1,44.1,-5.2,0.0
05/11/2026,1630,PAM,81.90,+3.18,+4.04%,80.01,82.61,79.35,49.05,0.42,0.41,78.01,80.53,78.22,83.76,-11201.02,-7830.02,2.02,20.1,52.2,0.0,0.0
05/11/2026,1630,PATH,10.66,-.13,-1.20%,10.72,10.95,10.61,49.32,0.45,0.96,10.63,9.88,10.1,11.05,1203.01,1095.01,1.02,92.2,37.1,0.0,1.1
05/11/2026,1630,PBD,22.12,+.24,+1.10%,21.81,22.34,21.81,77.77,0.2,0.42,17.82,19.58,20.58,22.6,17229.01,2234.01,1.3,56.2,39.1,21.1,15.2
05/11/2026,1630,PBH,50.65,-1.89,-3.60%,52.28,52.34,49.28,27.89,0.32,0.49,64.97,55.22,50.33,58.5,-9109.01,-4928.01,9.01,98.4,77.1,-0.5,-0.1
05/11/2026,1630,PBJ,48.476,-.3677,-0.75%,48.85,48.85,48.46,40.84,0.14,NaN,49.7,49.41,48.32,50.36,-4104.01,-4846.01,7.01,21.2,82.2,-2.4,0.0
05/11/2026,1630,PBR,20.75,+.42,+2.07%,20.56,20.885,20.315,49.53,0.4,0.48,14.81,20.48,20.06,22.26,-4104.01,-2032.01,6.01,96.3,88.3,0.0,0.0
05/11/2026,1630,PCAR,112.96,-1.35,-1.18%,114.16,114.5599,112.24,36.23,0.3,0.3,124.0,124.53,106.63,125.28,-6110.05,-11224.01,10.05,46.1,86.4,-10.4,-13.6
05/11/2026,1630,PD,6.90,-.39,-5.35%,7.18,7.365,6.82,50.77,0.92,1.25,6.67,6.12,6.31,7.76,11101.03,776.03,3.2,100.4,92.4,3.7,4.9
05/11/2026,1630,PDD,98.80,+.02,+0.02%,98.575,99.54,98.00,47.04,0.34,0.5,98.71,96.67,96.23,102.24,3101.02,10285.03,3.12,85.2,79.3,-3.6,0.0
05/11/2026,1630,PEB,14.37,-.35,-2.38%,14.71,14.84,14.32,59.01,0.26,0.47,12.22,13.51,13.73,14.89,10205.01,1484.01,1.4,32.1,8.1,0.0,0.6
05/11/2026,1630,PECO,39.71,-.01,-0.03%,39.70,39.98,39.545,55.59,0.17,0.37,37.47,38.01,38.72,41.03,11102.09,4071.1,10.34,64.4,67.4,1.2,5.8
05/11/2026,1630,PENN,15.94,-.80,-4.78%,16.59,16.59,15.87,46.69,0.67,0.52,11.65,14.64,15.15,18.65,-1104.03,1818.09,9.14,21.1,89.1,0.0,2.4
05/11/2026,1630,PEP,149.41,-5.21,-3.37%,154.39,154.70,149.06,36.42,0.21,0.24,160.63,153.55,150.66,158.59,-1102.01,-14906.01,2.01,27.1,66.1,-0.2,-0.1
05/11/2026,1630,PFE,25.81,+.13,+0.51%,25.79,26.18,25.68,37.43,0.18,0.28,26.58,26.38,25.49,27.08,-9115.01,-2568.01,10.01,47.1,10.1,-3.1,-5.2
05/11/2026,1630,PFF,31.68,-.04,-0.13%,31.66,31.79,31.66,61.22,0.08,0.09,31.42,31.24,31.21,31.83,4205.01,3179.01,1.36,52.3,72.2,0.0,2.2
05/11/2026,1630,PFG,100.19,-.31,-0.31%,100.79,101.50,100.00,61.86,0.18,0.23,89.24,94.81,97.01,103.48,24101.04,10300.04,10.41,11.1,19.1,0.0,11.5
05/11/2026,1630,PFIG,24.0362,-.0335,-0.14%,24.08,24.08,24.0362,47.96,0.03,NaN,24.32,24.04,23.94,24.1,3202.01,2408.01,1.06,0.0,50.1,-7.0,0.0
05/11/2026,1630,PFIX,47.74,+.49,+1.04%,47.12,47.74,46.86,58.45,0.22,0.43,42.83,44.13,44.73,49.81,7212.05,4852.05,5.28,83.1,22.1,7.8,3.7
05/11/2026,1630,PG,143.36,-3.06,-2.09%,145.79,145.945,141.97,43.97,0.24,0.22,155.77,142.22,141.82,150.33,-3101.01,-14197.01,10.01,62.1,93.2,0.0,1.1
05/11/2026,1630,PGNY,22.55,-1.17,-4.93%,23.99,24.39,22.3227,72.52,0.81,0.45,20.02,17.37,17.87,23.56,13221.01,2439.01,1.26,23.1,84.2,5.9,3.7
05/11/2026,1630,PGRO,47.5008,+.0769,+0.16%,47.24,47.675,47.24,73.81,0.17,NaN,41.99,44.79,45.18,48.15,5208.01,4768.01,2.3,0.0,55.1,0.5,6.8
05/11/2026,1630,PINK,35.82,-.14,-0.39%,35.96,36.3577,35.795,60.15,0.19,0.23,35.61,34.77,34.18,36.24,4204.01,3636.01,1.09,41.1,60.1,0.0,1.1
05/11/2026,1630,PINS,20.76,-.51,-2.40%,20.95,21.35,20.48,55.18,0.52,0.46,13.84,19.47,19.4,22.32,4101.03,2243.03,3.21,37.1,77.1,1.2,2.3
05/11/2026,1630,PJP,105.5767,+.0167,+0.02%,105.70,106.81,105.32,51.96,0.17,0.11,108.17,103.35,103.14,108.19,4102.03,10808.04,4.41,5.1,59.1,0.0,1.1
05/11/2026,1630,PK,11.03,-.29,-2.56%,11.34,11.44,10.995,47.39,0.28,0.4,10.86,10.9,10.96,11.46,-1101.01,-1100.01,1.01,46.2,16.1,-1.9,0.0
05/11/2026,1630,PKB,105.48,-.464,-0.44%,105.83,106.16,105.32,49.68,0.26,0.25,106.6,106.21,104.71,110.31,-3103.01,-10532.01,3.01,79.1,81.1,0.0,2.7
05/11/2026,1630,PLAY,10.25,-.06,-0.58%,10.20,10.41,10.04,35.29,0.68,1.01,14.8,12.12,9.12,12.6,-7115.05,-1004.01,22.08,88.4,46.1,-13.9,-9.4
05/11/2026,1630,PLD,144.07,-.02,-0.01%,144.31,145.34,143.68,60.21,0.22,0.24,135.62,140.64,138.93,144.81,4204.01,14534.01,1.05,4.1,54.2,-2.4,2.1
05/11/2026,1630,PLNT,48.40,+2.52,+5.49%,45.66,48.57,45.185,25.04,1.39,0.6,87.44,67.82,40.66,65.44,-10115.01,-4150.02,15.02,98.4,100.4,-5.1,-23.5
05/11/2026,1630,PLTR,136.89,-.91,-0.66%,134.91,137.14,132.771,44.81,0.51,0.54,126.23,138.93,129.73,148.51,-4105.01,-13277.01,24.02,11.1,50.1,-3.4,0.0
05/11/2026,1630,PM,182.11,+11.12,+6.50%,173.04,182.28,172.96,69.6,0.43,0.33,180.21,153.18,162.56,186.28,5214.01,18228.01,6.15,74.1,100.4,16.2,3.6
05/11/2026,1630,PNC,214.59,-2.26,-1.04%,217.31,219.06,213.77,43.11,0.2,0.29,226.37,218.79,212.41,225.82,-1103.01,-21377.01,22.01,64.1,38.1,-2.9,0.0
05/11/2026,1630,PNDRY,10.18,-.37,-3.51%,10.26,10.26,10.15,55.51,0.61,NaN,10.3,9.43,9.12,11.1,2205.03,1074.03,3.08,0.0,83.1,0.2,0.1
05/11/2026,1630,POET,13.90,+2.95,+26.94%,12.09,14.36,11.51,66.8,3.2,1.73,5.31,8.98,5.44,15.71,1202.01,1436.01,1.3,100.4,100.4,1.8,0.0
05/11/2026,1630,POOL,184.77,-3.00,-1.60%,188.47,188.76,184.60,29.44,0.43,0.46,216.32,226.7,168.69,213.4,-7111.04,-18450.02,13.04,97.2,88.2,-9.8,-13.8
05/11/2026,1630,PPLT,192.96,+6.95,+3.74%,191.34,193.69,190.00,58.55,0.43,0.43,180.57,180.94,171.06,193.71,3204.01,19369.01,1.09,57.1,54.1,-2.3,0.0
05/11/2026,1630,PR,20.15,+.43,+2.18%,20.09,20.3657,19.91,45.61,0.44,0.4,16.45,19.56,19.24,22.83,-3104.01,-1966.02,5.02,36.1,94.4,1.8,0.0
05/11/2026,1630,PRAA,17.14,-2.04,-10.64%,19.13,19.93,16.85,30.11,0.59,0.5,10.33,20.39,17.88,22.75,-4106.01,-1685.01,17.01,17.1,68.1,0.0,0.0
05/11/2026,1630,PRGO,11.07,-.64,-5.47%,11.84,11.84,11.05,45.11,0.47,0.73,14.2,11.46,11.03,12.19,-1101.01,-1105.01,3.01,87.1,69.1,0.0,0.0
05/11/2026,1630,PRMB,23.62,+.39,+1.68%,23.11,23.71,22.71,71.44,0.54,0.48,17.97,19.84,18.88,23.67,3203.01,2371.01,1.08,47.1,83.2,0.1,0.0
05/11/2026,1630,PRVA,22.76,-.30,-1.30%,23.07,23.28,22.28,41.64,0.26,0.42,21.1,23.11,22.69,25.23,-3106.01,-2228.01,6.01,37.1,23.1,0.0,0.0
05/11/2026,1630,PSA,311.55,+.51,+0.16%,311.75,312.41,309.13,60.99,0.27,0.28,284.67,301.94,293.42,316.27,3204.01,31312.02,2.08,88.1,85.2,0.0,0.9
05/11/2026,1630,PSCE,61.56,+1.37,+2.28%,61.05,61.795,60.81,53.65,0.31,0.29,51.3,57.63,58.87,65.03,-2104.02,-5857.03,9.03,32.1,76.3,0.0,1.4
05/11/2026,1630,PSCI,171.9421,-1.3958,-0.81%,172.84,172.84,171.9421,56.66,0.23,0.22,171.46,169.0,167.98,176.36,6101.02,17577.03,3.3,74.1,66.3,0.0,6.3
05/11/2026,1630,PSCU,63.7819,-.8756,-1.35%,64.31,64.31,63.7819,45.66,0.15,NaN,57.8,65.62,63.91,66.85,-4103.01,-6378.01,19.01,0.0,39.1,-1.7,0.0
05/11/2026,1630,PSP,61.32,-.807,-1.30%,61.94,61.94,61.2601,54.34,0.26,0.19,61.94,60.08,59.21,63.18,2207.04,6342.17,17.31,60.1,92.2,0.0,3.0
05/11/2026,1630,PSX,175.36,+3.80,+2.21%,173.51,176.34,171.56,56.34,0.38,0.37,155.0,155.58,158.93,187.31,-1201.03,18141.05,6.21,79.1,87.4,3.6,3.1
05/11/2026,1630,PTLO,4.12,-.18,-4.19%,4.32,4.40,4.105,28.59,0.96,0.71,5.34,6.1,3.67,6.37,-6106.01,-411.01,13.02,66.1,90.4,0.0,-6.9
05/11/2026,1630,PVH,83.30,-6.18,-6.91%,89.02,89.1139,82.07,43.44,0.5,0.63,66.94,92.48,82.08,95.77,-5114.01,-8207.01,23.01,98.2,80.4,-6.2,-0.7
05/11/2026,1630,PYPL,45.07,-.30,-0.66%,45.215,45.52,45.03,36.78,0.38,0.36,38.46,49.17,43.64,51.6,-6108.01,-4503.01,15.02,30.1,65.1,-0.6,0.0
05/11/2026,1630,PZZA,33.38,+2.24,+7.19%,31.16,33.77,30.59,43.58,0.49,0.79,30.2,36.6,30.52,37.78,-10110.01,-3059.01,17.01,98.4,62.1,-1.9,-0.8
05/11/2026,1630,QAT,19.10,-.08,-0.42%,19.08,19.19,19.05,52.79,0.09,NaN,19.8,19.05,18.73,19.28,4204.01,1923.02,2.07,0.0,27.1,-2.5,0.1
05/11/2026,1630,QBTS,24.03,+1.46,+6.47%,22.20,24.78,21.77,66.09,1.17,1.22,17.81,17.9,17.94,25.12,4206.01,2478.01,1.3,80.2,69.4,0.0,2.8
05/11/2026,1630,QCOM,237.53,+18.44,+8.42%,232.005,247.90,231.20,88.39,0.78,0.81,136.74,132.05,175.24,242.33,20224.01,24790.01,1.25,100.4,100.4,32.5,11.7
05/11/2026,1630,QMOM,79.92,+1.25,+1.59%,78.8535,80.4669,78.8535,64.3,0.29,0.19,68.93,75.24,74.0,81.15,6208.01,8047.01,1.09,43.1,80.1,0.0,0.0
05/11/2026,1630,QQQ,713.29,+2.06,+0.29%,710.36,714.59,708.91,83.21,0.16,0.25,593.34,642.21,667.16,723.41,13228.01,71459.01,2.3,76.1,47.1,18.5,15.7
05/11/2026,1630,QS,8.03,+.49,+6.50%,7.42,8.34,7.41,62.94,0.65,0.91,6.95,6.94,6.92,8.13,5208.01,834.01,1.09,41.1,36.1,0.2,0.4
05/11/2026,1630,QSR,78.23,-1.48,-1.86%,79.71,79.915,78.20,50.16,0.31,0.26,65.43,78.13,76.91,81.86,-2101.03,-7571.03,4.03,50.1,94.2,0.0,0.0
05/11/2026,1630,QTUM,147.82,+2.91,+2.01%,145.60,147.97,145.45,79.46,0.25,0.36,114.09,127.65,131.9,150.26,7208.01,14797.01,1.29,97.2,56.1,20.1,9.5
05/11/2026,1630,QUBT,10.18,+.58,+6.04%,9.492,10.315,9.33,62.03,0.98,1.09,7.8,8.59,8.37,10.64,4206.01,1032.01,1.27,55.3,46.2,0.0,2.6
05/11/2026,1630,R,232.47,-6.67,-2.79%,240.72,240.855,231.49,50.46,0.5,0.41,203.94,225.15,225.52,257.98,-2106.01,25900.07,11.42,85.1,91.4,0.0,7.8
05/11/2026,1630,RBLX,41.31,-.60,-1.43%,41.265,42.38,40.95,27.75,0.88,0.73,61.61,52.62,34.75,54.88,-9113.04,-4095.01,14.05,69.1,95.4,-7.3,-23.6
05/11/2026,1630,RCL,263.46,-11.78,-4.28%,271.27,271.27,261.60,45.93,0.57,0.52,307.54,258.52,249.65,286.06,4101.02,28386.02,2.09,79.1,92.1,0.0,0.0
05/11/2026,1630,RDNT,55.90,-2.29,-3.94%,63.45,63.45,55.71,41.86,0.35,0.54,63.61,55.23,55.42,59.15,-2101.01,-5571.01,1.01,65.3,39.1,-2.4,1.2
05/11/2026,1630,REAL,9.97,-.29,-2.83%,10.01,10.17,9.76,39.22,0.93,0.82,10.58,11.53,10.05,13.37,-2102.01,-976.01,3.01,36.1,80.2,0.0,0.0
05/11/2026,1630,REG,77.72,+.13,+0.17%,77.84,78.13,76.98,44.95,0.17,0.13,74.72,78.47,76.6,80.63,-6109.01,-7698.01,16.01,2.1,73.2,-3.5,0.0
05/11/2026,1630,REGN,712.77,-2.12,-0.30%,714.99,727.385,701.99,43.25,0.32,0.41,745.07,734.12,668.74,756.94,-11101.07,-68895.08,28.08,65.1,63.4,-1.5,-4.0
05/11/2026,1630,REXR,35.89,-.38,-1.05%,36.31,36.47,35.84,52.63,0.23,0.3,36.32,34.74,35.01,36.64,2204.01,3647.01,1.05,10.1,40.1,-2.6,1.5
05/11/2026,1630,REZ,91.40,+.23,+0.25%,91.26,91.7495,91.02,65.38,0.17,0.16,87.65,85.83,87.65,92.9,8213.02,9180.02,2.34,27.2,79.2,2.7,3.7
05/11/2026,1630,RGTI,20.51,+1.57,+8.29%,18.665,20.85,18.332,63.88,0.97,1.17,14.79,16.1,15.73,20.86,3206.01,2085.01,1.27,72.2,48.2,0.0,4.5
05/11/2026,1630,RH,129.20,-4.69,-3.50%,133.96,136.55,128.34,45.79,0.52,0.85,192.02,134.34,121.23,140.56,1101.02,-12150.05,15.05,63.2,28.1,-1.6,0.0
05/11/2026,1630,RHP,108.70,-1.85,-1.67%,110.46,110.46,108.21,65.38,0.24,0.31,98.88,99.44,100.9,114.13,7210.02,11170.02,2.27,57.1,49.1,2.4,3.3
05/11/2026,1630,RIOT,25.34,+1.26,+5.23%,23.845,25.8599,23.845,77.58,0.91,0.91,13.94,17.35,17.45,26.52,7207.01,2586.01,1.08,40.1,79.1,1.9,3.1
05/11/2026,1630,RIVN,14.08,-.14,-0.98%,14.12,14.345,14.00,35.5,0.47,0.58,13.94,16.26,12.81,16.67,-7112.02,-1384.02,14.05,8.1,48.1,-3.3,-3.7
05/11/2026,1630,ROBO,87.02,+.44,+0.51%,86.71,87.49,86.40,73.12,0.26,0.28,75.58,77.57,79.03,88.24,12208.01,8749.01,1.29,82.1,78.1,6.3,9.9
05/11/2026,1630,ROK,456.66,+2.77,+0.61%,451.60,462.105,451.54,70.47,0.42,0.33,375.72,399.06,389.52,474.8,6205.01,46211.01,1.09,49.1,90.4,0.6,0.0
05/11/2026,1630,ROKU,128.07,-1.46,-1.13%,129.98,131.39,127.51,69.42,0.41,0.5,78.53,112.93,111.12,135.64,7208.01,13139.01,2.3,23.1,48.1,7.5,4.1
05/11/2026,1630,ROST,214.55,-11.26,-4.99%,225.31,226.405,211.02,38.01,0.24,0.38,191.22,224.22,218.31,231.64,-4103.01,-21102.01,3.01,96.2,63.1,-1.1,0.0
05/11/2026,1630,RRC,40.97,+.45,+1.11%,41.445,41.49,40.72,41.83,0.3,0.38,35.71,40.78,40.08,43.85,-4104.01,-4045.02,8.02,54.1,33.1,-0.3,0.0
05/11/2026,1630,RRR,52.56,-1.92,-3.52%,53.79,53.845,52.09,40.03,0.3,0.44,59.88,53.58,50.85,56.16,-10101.05,-5158.05,24.05,78.1,37.1,-3.3,-2.7
05/11/2026,1630,RSI,28.13,+.39,+1.41%,27.69,28.21,27.27,69.81,0.62,0.5,15.51,22.63,23.73,31.71,16220.05,2924.05,7.21,17.1,83.4,13.0,3.9
05/11/2026,1630,RSP,203.99,-.11,-0.05%,204.46,204.815,203.635,60.63,0.1,0.15,200.39,200.38,200.76,205.42,5205.01,20482.01,1.3,75.1,10.1,0.0,3.8
05/11/2026,1630,RSPG,104.00,+2.57,+2.53%,102.44,104.2251,102.44,48.96,0.3,0.23,93.72,99.25,99.37,111.17,-3104.02,-10039.03,8.03,76.1,100.4,0.0,0.0
05/11/2026,1630,RSPU,79.23,+.70,+0.89%,78.93,79.40,78.91,40.52,0.16,0.21,78.34,79.19,78.14,82.55,-3104.01,-7852.02,7.02,90.2,85.2,-2.0,-1.7
05/11/2026,1630,RTO,33.08,-.32,-0.96%,33.38,33.43,33.025,47.73,0.23,0.29,30.04,33.36,32.88,34.19,-2102.01,-3303.01,4.01,8.1,27.1,-0.5,0.4
05/11/2026,1630,RUT,2870.6404,+9.4311,+0.33%,2864.2012,2888.2093,2864.2012,66.8,0.17,0.24,2604.5,2741.54,2738.31,2914.03,7208.01,288821.01,1.3,56.1,25.1,0.1,5.2
05/11/2026,1630,RVLV,18.63,-2.23,-10.69%,20.55,21.00,18.56,25.42,0.76,0.57,24.1,25.96,17.54,25.71,-9111.01,-1856.01,17.01,24.1,100.4,-7.9,-5.4
05/11/2026,1630,RVX,23.86,+1.46,+6.52%,23.57,24.02,23.43,46.32,0.64,NaN,22.17,24.24,21.23,25.39,1201.01,-2207.04,30.04,0.0,25.1,-1.3,0.0
05/11/2026,1630,S,16.33,-.26,-1.57%,16.36,16.72,15.635,65.33,0.47,0.74,12.88,13.53,13.9,17.05,11207.01,1672.01,1.21,94.2,48.1,12.1,5.6
05/11/2026,1630,SBAC,217.26,-.91,-0.42%,218.00,220.38,216.04,56.26,0.27,0.36,185.22,210.53,214.16,223.04,3101.04,22154.04,4.33,92.3,63.1,-2.0,0.2
05/11/2026,1630,SBUX,105.74,+.81,+0.77%,104.95,108.04,104.95,64.33,0.33,0.32,93.6,96.85,97.5,111.1,5209.04,10804.01,6.1,15.1,80.2,7.0,3.8
05/11/2026,1630,SCJ,105.54,+.80,+0.76%,105.42,105.965,105.39,66.2,0.18,0.21,104.36,97.87,98.32,106.04,5205.01,10597.01,1.12,55.2,79.1,0.0,0.0
05/11/2026,1630,SE,84.87,-1.86,-2.14%,84.82,85.33,81.84,46.29,0.42,0.73,105.6,82.04,82.31,89.67,-1101.01,-8184.01,3.01,94.3,44.1,-0.9,0.3
05/11/2026,1630,SFD,25.44,-.51,-1.97%,25.95,25.95,25.32,34.72,0.31,0.46,24.2,28.3,23.91,28.57,-5111.06,-2532.01,27.07,94.3,87.4,-1.8,-14.4
05/11/2026,1630,SFM,81.58,-1.25,-1.51%,82.88,83.105,81.33,60.09,0.57,0.42,64.75,70.49,70.8,87.12,5208.02,8584.02,2.09,35.1,92.4,9.9,0.0
05/11/2026,1630,SG,6.74,-.26,-3.71%,6.88,7.08,6.61,54.16,0.62,0.86,5.0,6.52,6.62,7.16,-5101.01,-661.01,1.01,52.1,26.1,-1.0,5.1
05/11/2026,1630,SHAK,64.50,-5.64,-8.04%,69.51,69.70,63.51,22.46,1.25,0.49,86.91,97.0,62.6,101.87,-8107.01,-6351.01,7.01,42.1,100.4,-0.4,-2.0
05/11/2026,1630,SHEL,85.36,+1.39,+1.66%,85.09,85.55,84.81,40.61,0.29,0.29,76.94,88.23,83.25,91.33,-4104.01,-8382.02,25.02,81.1,92.2,-1.6,-2.0
05/11/2026,1630,SHO,10.27,-.22,-2.10%,10.50,10.56,10.25,65.21,0.23,0.31,8.98,9.46,9.52,10.64,15212.01,1056.01,1.26,51.1,21.1,1.6,0.0
05/11/2026,1630,SHOC,108.051,+1.8293,+1.72%,106.74,108.2799,106.52,80.75,0.33,NaN,74.52,88.46,95.39,110.81,12209.01,10828.01,2.29,0.0,58.1,25.4,14.6
05/11/2026,1630,SHOO,38.89,-1.72,-4.24%,40.95,40.97,38.79,54.8,0.4,0.59,36.66,37.45,36.12,40.9,4204.01,4097.01,1.06,62.1,38.1,0.0,0.0
05/11/2026,1630,SHOP,102.54,-7.87,-7.13%,107.35,108.42,102.38,35.34,0.85,0.59,104.92,121.66,96.95,130.72,-6105.01,-10238.01,15.03,49.1,100.4,-1.0,-0.8
05/11/2026,1630,SHY,82.22,-.08,-0.10%,82.28,82.29,82.22,41.74,0.02,0.03,82.83,82.45,82.03,82.58,-5110.05,-8218.05,17.05,59.1,54.1,-3.8,-6.3
05/11/2026,1630,SHYG,42.43,-.07,-0.16%,42.48,42.51,42.43,47.63,0.04,NaN,42.79,42.53,42.27,42.7,-5107.05,-4238.05,22.05,4.3,43.1,-1.8,0.0
05/11/2026,1630,SIL,101.95,+4.71,+4.84%,99.19,102.775,99.0007,62.11,0.56,0.54,93.96,91.71,83.6,102.09,4204.01,10278.01,1.09,65.1,73.1,0.0,0.0
05/11/2026,1630,SILJ,33.78,+2.03,+6.39%,32.60,33.855,32.56,62.52,0.59,0.6,30.99,29.72,27.7,33.47,4204.01,3385.01,1.09,54.1,71.1,0.0,0.0
05/11/2026,1630,SITM,901.48,+68.40,+8.21%,833.08,901.81,810.80,89.73,0.98,0.8,389.21,515.33,584.8,906.33,18208.01,90181.01,1.29,70.1,98.2,15.6,10.9
05/11/2026,1630,SIVR,81.91,+5.17,+6.74%,80.96,81.93,80.05,65.96,0.52,0.62,68.43,70.94,67.09,80.79,4204.01,8193.01,1.09,73.1,69.1,0.0,0.0
05/11/2026,1630,SJM,99.22,-.03,-0.03%,99.49,99.865,98.24,58.02,0.2,0.36,104.27,94.39,95.7,100.45,2203.01,9987.01,1.03,97.3,24.1,0.3,10.0
05/11/2026,1630,SKYY,128.16,-1.73,-1.33%,129.00,130.255,127.42,66.1,0.31,0.39,109.69,114.99,116.44,135.35,5207.03,13111.03,3.21,94.1,83.3,17.4,2.8
05/11/2026,1630,SLG,44.22,-1.53,-3.34%,45.51,45.51,43.93,58.67,0.41,0.51,36.12,41.44,41.5,46.11,4205.01,4551.01,1.29,76.1,77.1,0.0,4.2
05/11/2026,1630,SLV,78.00,+4.99,+6.83%,77.05,78.00,76.141,65.94,0.53,0.67,65.14,67.52,63.82,76.89,4204.01,7800.01,1.09,74.1,69.1,0.0,0.0
05/11/2026,1630,SLX,108.66,+.51,+0.47%,108.73,109.0499,107.81,70.13,0.23,0.28,96.05,100.48,100.02,110.68,16208.01,10905.01,2.45,56.1,42.1,0.6,0.1
05/11/2026,1630,SMCI,33.52,-1.85,-5.23%,35.07,36.37,33.44,62.57,1.01,0.9,29.35,26.06,25.27,36.62,4206.01,3637.01,1.34,72.3,90.1,0.3,0.0
05/11/2026,1630,SMH,576.31,+9.77,+1.72%,570.26,578.0598,566.80,82.19,0.34,0.49,397.77,462.24,507.47,593.93,12228.01,57806.01,3.29,99.2,67.1,27.3,19.3
05/11/2026,1630,SMIN,67.26,-1.82,-2.63%,67.98,68.08,67.26,55.5,0.23,0.2,66.55,66.0,65.53,69.15,3101.02,6910.03,2.06,51.1,81.1,0.0,1.2
05/11/2026,1630,SMPL,11.37,-.89,-7.26%,12.33,12.40,11.31,31.98,0.51,0.42,15.3,12.06,11.43,13.94,-4106.01,-1131.01,10.01,42.1,84.4,-0.1,1.8
05/11/2026,1630,SN,107.49,-4.18,-3.74%,111.08,111.08,106.64,39.63,0.31,0.52,113.7,112.71,108.19,118.67,-4104.01,-10664.01,5.01,56.1,27.1,-2.8,0.0
05/11/2026,1630,SNAP,5.75,-.33,-5.43%,6.00,6.095,5.65,50.95,0.64,0.74,4.65,5.46,5.6,6.41,-3101.01,-565.01,3.01,53.1,67.1,-0.7,1.1
05/11/2026,1630,SNDR,29.84,-.91,-2.96%,30.78,30.815,29.84,52.95,0.36,0.24,27.69,29.68,29.54,31.47,-1101.01,3334.07,7.41,1.1,59.1,0.0,11.2
05/11/2026,1630,SNOW,151.50,-.95,-0.62%,150.16,154.8499,148.16,53.04,0.58,0.89,169.19,134.3,134.51,157.11,3203.01,15485.01,1.04,100.4,74.3,0.0,0.8
05/11/2026,1630,SOFI,16.26,+.51,+3.24%,15.80,16.32,15.7703,43.32,0.74,0.58,18.97,17.93,13.9,18.68,-3110.07,-1552.02,17.07,3.1,88.4,-7.5,-10.2
05/11/2026,1630,SOLZ,9.92,+.59,+6.32%,9.60,9.93,9.52,68.66,0.44,0.62,7.79,8.49,8.22,9.81,5205.01,993.01,1.09,26.1,4.1,0.0,0.0
05/11/2026,1630,SOYB,25.08,+.08,+0.32%,25.21,25.21,25.07,61.71,0.1,0.14,23.08,24.36,24.41,25.33,1202.01,2521.01,1.17,25.1,28.1,3.0,2.4
05/11/2026,1630,SPDN,8.79,-.03,-0.34%,8.83,8.83,8.77,26.1,0.1,NaN,9.29,9.08,8.7,9.18,-13129.01,-877.01,30.01,69.1,20.1,-4.1,-0.1
05/11/2026,1630,SPG,201.00,-1.12,-0.55%,202.75,203.39,200.00,51.93,0.19,0.31,191.19,200.65,198.94,205.1,-1101.01,20602.03,3.08,98.3,57.1,-2.3,0.0
05/11/2026,1630,SPGI,421.00,+.88,+0.21%,417.95,422.70,416.89,41.88,0.17,0.35,381.61,433.0,410.19,443.92,-8112.01,-41626.02,10.02,80.1,34.1,-1.3,-0.2
05/11/2026,1630,SPHD,49.61,+.02,+0.04%,49.78,49.89,49.44,47.96,0.12,0.18,51.84,49.17,49.19,50.44,-1102.01,5049.07,7.14,88.1,56.2,0.0,-0.2
05/11/2026,1630,SPHR,126.91,-6.42,-4.82%,133.16,133.16,125.05,45.73,0.51,0.58,94.51,125.37,124.5,147.46,-1103.01,-12505.01,4.01,60.1,65.1,1.4,0.1
05/11/2026,1630,SPLV,72.66,+.03,+0.04%,72.77,72.95,72.36,38.72,0.1,0.15,74.78,72.91,72.36,74.53,-3106.01,-7236.01,7.01,87.1,53.3,-2.5,-1.3
05/11/2026,1630,SPMO,146.07,+2.26,+1.57%,144.84,146.79,144.65,80.49,0.22,0.22,117.06,126.26,133.8,148.16,16212.01,14679.01,1.3,90.1,90.1,14.6,16.6
05/11/2026,1630,SPOT,419.50,+1.67,+0.40%,415.01,428.00,412.99,31.73,0.56,0.5,438.0,502.77,360.14,489.7,-5113.07,-41124.04,17.08,68.1,81.2,-11.6,-18.0
05/11/2026,1630,SPX,7412.84,+13.91,+0.19%,7385.31,7428.97,7384.20,75.12,0.11,0.18,6775.5,7046.55,7109.87,7488.7,13229.01,742897.01,2.3,56.1,33.1,2.7,6.1
05/11/2026,1630,SPY,739.30,+1.68,+0.23%,736.45,740.79,736.45,75.97,0.1,0.19,675.78,702.28,708.91,746.66,13229.01,74079.01,2.3,63.1,29.1,2.7,6.2
05/11/2026,1630,STKL,6.50,0,0.00%,0,0,0,65.19,0.03,0.18,4.64,6.47,6.47,6.51,-2201.01,-647.01,6.01,1.1,3.1,0.0,0.0
05/11/2026,1630,STLD,235.97,+.87,+0.37%,235.55,238.26,234.42,70.31,0.33,0.42,185.0,211.13,222.93,244.15,14201.13,24373.04,13.37,62.1,47.1,0.0,24.4
05/11/2026,1630,STZ,142.41,-5.80,-3.91%,147.34,147.40,141.32,34.63,0.3,0.31,148.83,154.57,141.69,159.19,-8116.01,-14132.01,20.01,34.1,57.3,-11.6,-2.9
05/11/2026,1630,SU,65.12,+1.11,+1.73%,64.86,65.37,64.52,51.47,0.4,0.36,54.29,61.67,61.75,70.22,-2104.02,-6274.03,5.03,78.3,100.4,1.6,0.0
05/11/2026,1630,SVV,7.54,-.52,-6.45%,7.98,8.055,7.31,36.89,0.5,0.68,10.14,8.31,7.59,8.91,-7103.01,-731.01,15.01,38.1,70.3,-2.1,0.0
05/11/2026,1630,SWBI,14.40,-.14,-0.96%,14.59,14.635,14.30,42.15,0.22,0.51,11.54,14.7,14.3,15.63,-5106.01,-1430.01,6.01,63.1,8.1,0.0,0.0
05/11/2026,1630,SWKS,70.13,+3.35,+5.02%,66.71,70.17,66.46,64.31,0.66,0.47,59.04,59.69,59.47,74.92,16201.05,7281.05,5.27,57.1,100.4,5.2,0.2
05/11/2026,1630,SXT,117.33,-.46,-0.39%,118.29,119.655,116.56,64.3,0.86,0.33,82.6,94.18,106.08,136.93,-1107.06,12935.1,10.45,52.1,100.4,2.5,14.1
05/11/2026,1630,SYF,70.28,-2.86,-3.91%,73.00,73.19,70.205,38.19,0.3,0.33,69.97,75.65,70.28,77.38,-6113.01,-7021.01,15.01,23.1,61.1,-3.2,0.0
05/11/2026,1630,SYY,72.57,+.13,+0.18%,72.36,72.93,72.0212,39.57,0.21,0.25,86.85,74.67,70.93,75.91,-5111.03,-7158.03,15.03,73.1,71.1,-4.9,0.0
05/11/2026,1630,T,24.87,-.29,-1.15%,25.23,25.34,24.66,33.21,0.24,0.24,27.14,24.96,24.73,26.5,-4106.01,-2466.01,30.01,5.1,69.2,-5.6,0.0
05/11/2026,1630,TAN,63.05,+1.11,+1.79%,61.77,64.14,61.77,67.09,0.34,0.42,56.42,54.43,56.7,64.48,12208.01,6414.01,1.25,54.2,33.1,13.0,4.6
05/11/2026,1630,TAP,41.44,-.97,-2.29%,42.33,42.47,41.43,40.37,0.26,0.35,46.3,41.91,40.82,43.53,2102.02,4350.02,2.05,71.1,64.1,-5.8,0.0
05/11/2026,1630,TBIL,49.91,0,0.00%,49.90,49.91,49.90,50.17,0.01,NaN,49.91,49.95,49.81,49.98,1202.02,-4985.09,17.07,0.2,35.1,0.0,-4.5
05/11/2026,1630,TCEHY,59.48,-.34,-0.57%,60.46,60.46,59.19,34.81,0.23,NaN,66.8,61.62,57.28,62.87,1102.03,-5919.01,16.08,0.0,33.1,-13.5,-8.4
05/11/2026,1630,TCNNF,8.52,-.28,-3.18%,8.53,9.07,8.41,53.17,1.04,NaN,5.99,6.7,7.59,11.03,-1103.01,1010.1,10.29,0.0,73.4,0.0,10.3
05/11/2026,1630,TEAM,87.31,-4.29,-4.68%,90.24,92.43,84.90,60.1,1.16,0.75,80.21,65.2,65.51,104.45,5207.03,9500.03,5.21,68.1,98.4,18.4,2.2
05/11/2026,1630,TEVA,35.84,+.11,+0.31%,35.71,36.43,35.68,68.54,0.46,0.38,33.5,30.02,31.8,38.9,7210.03,3699.03,6.12,24.1,80.4,17.3,6.3
05/11/2026,1630,TFLO,50.54,0,0.00%,50.54,50.54,50.53,46.1,0.01,0.02,50.53,50.57,50.46,50.63,-3107.05,-5050.06,8.05,59.2,22.2,0.0,-0.2
05/11/2026,1630,TGS,30.28,+.93,+3.17%,29.44,30.47,29.0409,45.85,0.42,0.57,27.74,29.9,29.01,31.5,-2201.01,-2904.01,4.01,26.1,53.2,0.0,0.0
05/11/2026,1630,TGT,118.44,-6.81,-5.44%,125.55,125.69,117.67,37.26,0.33,0.48,111.86,128.1,120.29,133.0,-3103.01,-11767.01,4.01,75.2,62.1,0.0,0.7
05/11/2026,1630,THC,191.68,+1.30,+0.68%,190.30,192.04,187.34,50.29,0.4,0.49,186.5,170.69,176.37,198.52,3206.02,19843.02,2.08,83.1,69.1,0.0,0.0
05/11/2026,1630,THD,70.98,-.78,-1.09%,71.14,71.3145,70.98,53.26,0.24,0.05,68.79,67.9,68.63,72.82,3208.03,7244.03,3.13,0.1,69.1,0.0,0.8
05/11/2026,1630,TIGR,6.38,-.08,-1.24%,6.38,6.495,6.335,41.83,0.52,0.76,7.8,6.5,6.22,6.99,-6103.01,-628.02,17.02,73.2,43.2,-6.4,0.0
05/11/2026,1630,TIP,111.31,-.09,-0.08%,111.35,111.38,111.26,51.84,0.03,0.05,110.77,111.17,110.86,111.83,-5101.03,-11095.03,12.03,25.2,21.1,-0.2,0.0
05/11/2026,1630,TJX,148.91,-4.45,-2.90%,152.84,153.88,147.27,29.59,0.16,0.31,150.26,155.72,149.64,159.53,-13116.01,-14727.01,22.01,98.2,38.1,-2.1,-5.8
05/11/2026,1630,TKO,184.50,-2.29,-1.23%,186.12,187.5096,183.38,40.7,0.22,0.38,199.2,182.12,183.62,190.27,-3102.01,-18338.01,2.01,62.1,13.1,-0.9,1.1
05/11/2026,1630,TKR,117.39,-.58,-0.49%,118.54,119.19,115.945,64.02,0.44,0.36,105.18,106.1,104.33,121.81,4205.01,11919.01,2.41,58.1,99.4,1.9,0.0
05/11/2026,1630,TLT,85.56,-.52,-0.60%,85.88,85.915,85.49,43.4,0.08,0.12,87.94,86.24,84.72,86.83,1101.02,-8476.06,13.06,8.1,14.1,-0.8,-2.7
05/11/2026,1630,TME,9.19,-.05,-0.54%,9.21,9.46,9.175,39.74,0.39,0.59,15.04,9.19,8.85,9.64,-5103.08,-891.08,16.08,96.3,51.1,-7.5,0.0
05/11/2026,1630,TMO,452.60,-12.40,-2.67%,464.855,466.79,447.88,35.69,0.43,0.32,493.64,455.6,422.51,493.56,-5101.09,-44788.01,15.1,55.1,86.4,-12.5,-1.1
05/11/2026,1630,TMUS,190.85,-2.78,-1.44%,192.34,193.63,189.46,42.85,0.36,0.31,188.15,184.87,184.21,200.33,2101.08,19964.08,8.1,63.1,92.4,-1.2,0.0
05/11/2026,1630,TNET,41.89,-.91,-2.13%,42.84,43.645,41.76,53.55,0.47,0.49,38.61,38.0,38.88,45.99,-1101.04,4524.06,6.21,62.1,83.1,0.0,3.9
05/11/2026,1630,TNX:CGI,44.10,+.46,+1.05%,43.92,44.10,43.78,57.4,0.14,NaN,40.25,42.62,42.95,44.79,8201.06,4464.06,6.17,0.0,34.1,2.2,1.9
05/11/2026,1630,TOKE,5.24,0,0.00%,0,0,0,45.92,0.28,0.88,5.85,4.96,5.12,5.4,-1102.02,-508.02,16.02,56.2,35.2,-0.6,0.5
05/11/2026,1630,TOST,24.19,-.86,-3.43%,25.29,25.615,23.93,33.75,0.7,0.53,25.91,27.41,24.67,30.72,-2102.01,-2393.01,3.01,45.1,99.2,0.0,0.0
05/11/2026,1630,TPB,92.71,-.71,-0.76%,92.43,96.96,91.54,62.27,0.86,0.46,127.53,68.08,75.0,97.12,6208.01,9696.01,1.13,56.1,81.4,0.1,3.5
05/11/2026,1630,TPL,402.63,+8.43,+2.14%,396.50,408.7699,393.39,36.08,0.3,0.48,400.25,427.39,389.12,449.51,-5107.01,-39339.01,3.01,67.1,8.1,-1.0,0.0
05/11/2026,1630,TPR,133.34,-.14,-0.10%,135.04,137.165,132.02,39.37,0.57,0.38,150.0,144.71,128.2,151.25,-3103.01,-13202.01,17.02,27.1,92.4,-2.6,-6.1
05/11/2026,1630,TPYP,42.1514,+.6114,+1.47%,41.70,42.25,41.69,51.63,0.17,0.13,39.4,40.43,40.72,44.0,-1104.03,4342.05,7.17,7.1,96.4,1.7,0.0
05/11/2026,1630,TRIP,9.66,-.79,-7.56%,10.29,10.43,9.63,32.88,0.48,0.64,9.46,10.73,9.98,11.77,-2102.01,-963.01,3.01,65.1,49.1,0.0,0.0
05/11/2026,1630,TRP,65.51,+.76,+1.17%,65.01,65.9807,65.01,60.1,0.23,0.21,60.0,59.67,61.64,69.71,6102.06,6731.07,7.17,15.1,90.4,9.5,5.1
05/11/2026,1630,TRU,69.99,-2.01,-2.79%,71.47,72.08,69.495,45.47,0.35,0.49,68.52,71.47,66.21,74.93,1101.03,-6725.05,15.09,67.1,37.1,-5.9,-0.5
05/11/2026,1630,TSLA,445.00,+16.65,+3.89%,422.16,449.16,416.80,74.06,0.41,0.52,400.51,368.39,370.09,443.39,6207.01,44916.01,1.23,38.1,37.2,0.0,2.3
05/11/2026,1630,TSM,404.54,-7.14,-1.73%,406.74,407.73,398.19,59.6,0.42,0.49,322.1,365.11,377.6,429.12,11214.03,42000.03,11.3,80.1,83.1,10.0,7.3
05/11/2026,1630,TSN,67.08,-1.30,-1.90%,68.655,68.90,65.15,57.96,0.33,0.3,62.18,63.01,62.44,70.65,2206.04,6893.04,4.06,70.1,94.4,7.3,0.0
05/11/2026,1630,TT,476.50,+10.33,+2.22%,467.75,478.82,466.116,54.0,0.27,0.29,452.55,474.76,465.63,493.5,-4103.01,-46612.01,3.01,59.1,61.1,-2.7,1.6
05/11/2026,1630,TTD,21.52,-1.56,-6.76%,22.75,22.89,20.835,40.39,0.61,0.72,24.84,22.13,21.77,24.85,-2104.01,-2084.01,4.01,56.3,72.1,0.0,1.4
05/11/2026,1630,TTE,90.69,+2.21,+2.50%,90.35,90.90,90.2535,52.61,0.37,0.28,75.59,87.74,87.66,94.28,-3104.02,-8773.03,8.03,74.1,99.4,0.0,1.8
05/11/2026,1630,TTWO,221.47,+1.02,+0.46%,221.41,224.9273,219.04,60.2,0.29,0.58,188.65,206.45,209.95,228.8,4207.03,22702.03,3.31,100.4,69.1,0.8,4.3
05/11/2026,1630,TUA,20.79,-.12,-0.57%,20.87,20.885,20.79,39.88,0.07,0.21,21.81,21.03,20.63,21.16,-7101.06,-2069.06,17.06,81.2,66.1,-5.1,-4.8
05/11/2026,1630,TUR,43.74,+.18,+0.41%,43.93,43.98,43.69,63.72,0.2,0.34,40.65,41.94,41.84,44.07,4204.01,4398.01,1.06,58.1,37.1,0.0,0.0
05/11/2026,1630,TWLO,198.59,-3.11,-1.54%,201.00,203.71,196.43,77.8,0.86,0.53,105.15,138.78,149.14,221.31,13208.02,20371.02,3.21,51.1,90.4,31.9,8.0
05/11/2026,1630,TXG,20.50,-1.10,-5.09%,21.255,21.70,20.18,42.43,0.69,0.83,17.26,20.62,20.17,23.38,-2102.01,-2018.01,19.01,52.2,67.1,-9.9,0.0
05/11/2026,1630,TXRH,183.54,+6.16,+3.47%,177.40,183.73,176.94,71.19,0.48,0.3,179.48,157.36,151.43,180.47,3202.01,18373.01,1.05,49.1,100.4,0.0,-3.1
05/11/2026,1630,TXT,91.66,+.65,+0.71%,91.11,92.1741,90.31,51.17,0.35,0.28,95.69,86.77,87.17,96.12,3201.06,9500.06,6.1,44.1,90.4,0.7,0.0
05/11/2026,1630,TYX:CGI,49.86,+.39,+0.79%,49.67,49.86,49.57,57.33,0.1,NaN,46.64,48.77,49.01,50.42,-1201.04,5035.06,6.23,0.0,10.1,1.4,1.3
05/11/2026,1630,U,26.87,-1.29,-4.58%,27.93,28.34,26.05,57.6,0.57,0.71,18.15,23.89,25.05,28.86,16101.01,2834.01,1.32,26.1,35.1,0.3,3.6
05/11/2026,1630,UA,5.88,-.37,-5.92%,6.229,6.229,5.84,44.04,0.48,0.73,6.58,5.95,5.72,6.38,-1101.01,641.03,3.09,75.4,65.1,-0.3,0.0
05/11/2026,1630,UAA,6.06,-.37,-5.75%,6.41,6.435,6.01,44.35,0.48,0.81,6.8,6.16,5.9,6.57,-1101.01,663.03,3.06,100.4,66.1,-0.6,0.0
05/11/2026,1630,UAE,19.20,-.37,-1.89%,19.43,19.46,19.15,48.04,0.28,0.18,21.6,18.93,18.88,19.77,2101.02,1970.02,2.42,86.3,84.1,-5.8,1.2
05/11/2026,1630,UAL,96.62,-2.96,-2.97%,98.73,98.88,96.46,52.71,0.52,0.55,106.32,88.61,87.11,102.34,3205.02,10115.02,2.09,57.1,64.1,0.0,0.0
05/11/2026,1630,UBER,76.15,+.70,+0.93%,75.50,77.0157,75.10,53.2,0.43,0.37,69.02,73.53,72.45,78.64,2201.03,8083.03,3.05,19.1,98.4,0.0,0.0
05/11/2026,1630,UFO,56.30,+1.80,+3.30%,54.80,57.1145,54.56,65.84,0.43,0.51,41.94,50.91,48.71,56.12,2202.01,5711.01,1.09,96.1,81.1,0.0,0.0
05/11/2026,1630,UGA,119.57,+2.83,+2.42%,118.48,120.98,118.30,63.76,0.44,0.67,67.44,100.72,109.34,128.33,-2201.03,12460.06,9.17,88.1,87.1,2.1,6.8
05/11/2026,1630,UHAL,51.94,-.88,-1.67%,52.41,52.97,51.89,54.06,0.24,0.55,47.84,52.28,49.97,53.67,3204.01,5331.02,2.05,93.4,32.1,-0.4,0.0
05/11/2026,1630,UHS,168.23,-1.73,-1.02%,169.88,171.07,167.21,40.14,0.44,0.34,211.0,170.3,157.01,180.87,-8101.06,-16309.06,22.08,43.1,86.4,-2.8,-2.3
05/11/2026,1630,UL,57.24,-1.16,-1.99%,57.72,57.77,57.02,42.27,0.25,0.25,71.45,56.95,56.58,60.18,-1102.01,-5702.01,4.01,70.1,77.1,0.0,0.5
05/11/2026,1630,ULS,97.73,-2.71,-2.70%,100.70,100.795,97.39,59.55,0.65,0.36,68.38,88.01,85.84,107.55,5205.03,10485.03,3.22,40.1,100.4,6.7,0.0
05/11/2026,1630,ULTA,511.98,-9.60,-1.84%,523.52,524.37,508.94,36.6,0.29,0.5,660.0,551.71,494.92,561.84,-3111.06,-50894.01,14.06,99.2,58.1,-0.3,-3.6
05/11/2026,1630,UNG,11.22,+.65,+6.15%,10.95,11.25,10.94,55.19,0.38,0.5,11.54,10.18,10.13,11.23,2203.01,1125.01,1.08,3.1,14.1,0.0,-0.1
05/11/2026,1630,UNH,384.44,+4.46,+1.17%,380.45,384.81,376.0707,81.62,0.29,0.32,269.8,345.23,351.24,391.21,10203.01,38481.01,15.3,3.1,31.1,0.1,19.2
05/11/2026,1630,UNP,263.35,-1.30,-0.49%,265.63,267.00,263.34,55.96,0.34,0.23,258.16,248.5,254.52,278.63,-1103.05,27152.1,10.37,35.1,100.4,0.0,9.3
05/11/2026,1630,UPBD,17.99,-.79,-4.21%,18.84,18.86,17.88,40.7,0.42,0.53,19.45,19.18,17.78,19.98,-4107.01,-1788.01,8.01,52.1,36.1,-1.1,0.0
05/11/2026,1630,UPS,100.00,-.78,-0.77%,100.72,100.865,99.79,44.44,0.48,0.31,114.21,105.27,93.95,109.73,-3106.04,-9652.05,7.05,40.1,99.4,0.0,-0.6
05/11/2026,1630,UPST,28.69,-.27,-0.93%,28.44,29.155,28.17,42.89,0.77,0.83,29.6,31.98,26.78,34.31,-5111.01,-2817.01,15.03,44.1,71.2,-2.3,0.0
05/11/2026,1630,URA,57.23,+2.05,+3.72%,55.61,58.12,55.33,56.83,0.58,0.58,49.59,53.66,53.43,59.55,2201.03,5863.03,3.3,62.1,86.1,0.0,1.1
05/11/2026,1630,URBN,68.40,-3.10,-4.34%,71.46,71.47,67.07,46.96,0.44,0.67,67.49,72.38,65.64,74.66,-3101.01,7700.15,15.31,93.2,62.3,-1.3,1.0
05/11/2026,1630,URI,938.15,+1.15,+0.12%,938.40,944.18,931.45,62.45,0.78,0.33,848.37,801.26,870.33,1071.65,-1106.05,100112.12,12.27,35.1,100.4,0.0,14.8
05/11/2026,1630,URNJ,32.57,+1.91,+6.23%,31.75,33.18,31.65,54.64,0.62,0.64,30.6,31.07,29.72,33.69,2201.01,3318.01,1.08,64.1,63.1,-1.3,0.0
05/11/2026,1630,URNM,68.19,+3.20,+4.92%,66.66,69.3459,66.47,52.72,0.59,0.56,66.01,66.81,63.78,71.3,1201.03,7022.03,3.08,59.1,81.1,-1.1,0.0
05/11/2026,1630,USCI,101.04,+2.06,+2.08%,100.50,101.21,100.26,65.79,0.17,0.34,79.51,95.34,97.17,102.15,1201.01,-9732.03,6.03,90.1,71.1,2.9,6.8
05/11/2026,1630,USD/JPY,157.219,0,0.00%,0,0,0,43.928,0.1,NaN,158.6,155.495,154.685,158.81,1202.01,-15502.07,13.07,0.0,86.4,-3.6,-3.4
05/11/2026,1630,USFD,83.61,-.79,-0.94%,84.01,85.33,82.39,31.64,0.34,0.29,89.1,91.28,83.31,95.12,-3106.01,-8239.01,4.01,57.1,88.1,0.9,-1.0
05/11/2026,1630,USPH,59.42,+.13,+0.22%,58.90,62.02,58.90,21.46,0.8,0.39,84.37,72.29,56.19,77.26,-3103.01,-5890.01,4.01,57.1,99.4,-0.7,-15.6
05/11/2026,1630,UTI,36.75,+1.01,+2.83%,35.70,37.34,35.405,51.24,0.47,0.49,26.28,35.2,34.78,38.47,-3201.01,-3433.02,4.02,48.3,43.1,0.0,0.0
05/11/2026,1630,UTZ,7.21,-.29,-3.87%,7.61,7.67,7.20,39.57,0.52,0.48,8.72,7.43,7.22,8.21,-2103.01,-720.01,3.01,60.1,85.1,4.1,0.0
05/11/2026,1630,UUP,27.35,+.01,+0.04%,27.35,27.36,27.33,44.5,0.05,0.05,26.76,27.34,27.27,27.58,-5104.01,-2731.02,9.02,1.1,17.1,-2.9,0.0
05/11/2026,1630,V,323.86,+5.07,+1.59%,319.10,325.18,318.01,57.44,0.32,0.24,312.82,304.5,307.29,339.8,-1201.02,33585.07,7.11,39.1,98.4,1.6,2.1
05/11/2026,1630,VET,12.24,+.45,+3.82%,12.09,12.30,12.04,46.61,0.67,0.64,9.66,11.75,11.29,13.97,-3104.02,-1158.02,8.02,73.1,96.4,0.1,0.0
05/11/2026,1630,VFC,17.94,-1.04,-5.48%,18.88,18.91,17.90,42.8,0.54,0.73,19.74,19.7,16.61,20.47,1101.02,-1790.01,15.09,86.4,69.4,-5.4,-5.8
05/11/2026,1630,VG,11.62,+.17,+1.48%,11.71,12.03,11.45,42.53,0.82,1.06,8.55,11.52,11.07,13.69,-4104.01,-1145.01,6.01,90.2,65.1,0.0,0.0
05/11/2026,1630,VGK,87.82,-.30,-0.34%,87.88,88.04,87.64,54.56,0.22,0.2,88.13,85.53,85.28,89.23,2205.03,8917.03,3.09,82.1,90.3,0.0,0.3
05/11/2026,1630,VHT,267.95,-1.03,-0.38%,269.19,271.80,267.33,40.51,0.13,0.15,285.59,268.71,265.85,274.65,-1103.01,-26544.09,22.09,46.1,36.1,-5.3,0.0
05/11/2026,1630,VIK,80.91,-1.76,-2.13%,81.50,82.26,80.37,51.63,0.49,0.57,73.61,79.28,78.07,85.67,3101.02,8541.02,2.09,97.3,85.1,0.0,1.0
05/11/2026,1630,VIR,9.29,+.17,+1.86%,9.15,9.645,9.12,42.76,0.61,0.84,7.08,10.0,8.85,10.9,-6110.01,-912.01,15.01,58.1,38.1,-1.9,0.0
05/11/2026,1630,VIX,18.38,+1.19,+6.92%,18.21,18.47,17.90,46.55,0.73,1.01,17.08,18.46,16.06,19.23,1201.01,-1618.04,10.04,58.1,12.1,-0.6,0.0
05/11/2026,1630,VKTX,31.72,+.39,+1.24%,31.275,32.67,31.00,45.29,0.41,0.63,27.17,31.82,29.49,33.85,-10201.06,-2965.06,19.06,1.1,2.1,-5.8,0.0
05/11/2026,1630,VLO,248.13,+7.07,+2.93%,244.675,248.64,242.77,55.92,0.49,0.42,195.71,224.36,229.95,259.29,-2201.02,-22725.03,7.03,81.1,99.4,0.4,1.1
05/11/2026,1630,VLTO,86.57,-.27,-0.31%,86.71,87.63,85.95,42.33,0.25,0.28,91.61,87.19,85.07,89.72,-1102.01,9253.09,9.1,85.1,82.1,-6.9,0.0
05/11/2026,1630,VMC,282.70,-1.02,-0.36%,283.49,284.54,279.81,43.96,0.25,0.31,294.72,288.0,281.03,300.3,-5103.01,-27981.01,3.01,74.1,63.1,-0.8,0.0
05/11/2026,1630,VNM,19.49,-.28,-1.42%,19.56,19.57,19.40,60.7,0.23,0.28,18.48,18.85,18.65,19.9,3205.02,1978.02,2.44,44.1,27.1,0.0,3.9
05/11/2026,1630,VNO,31.04,-1.12,-3.48%,32.07,32.22,30.97,61.05,0.32,0.41,28.08,28.28,28.71,32.74,4205.01,3222.01,1.05,47.1,46.1,3.7,1.6
05/11/2026,1630,VRNS,28.00,-.53,-1.86%,28.44,28.935,27.42,64.63,0.46,0.57,23.87,23.26,24.26,30.22,14219.02,2953.03,3.21,63.1,69.1,10.7,2.3
05/11/2026,1630,VRT,367.92,+27.95,+8.22%,342.013,371.995,342.013,70.31,0.6,0.73,227.05,296.8,305.53,373.57,8208.01,37200.01,1.29,88.1,72.1,2.9,1.7
05/11/2026,1630,VRTX,435.17,+5.35,+1.24%,429.50,442.155,428.50,49.97,0.16,0.3,454.4,427.38,419.66,437.65,1202.01,44216.01,1.05,38.1,1.1,-4.2,0.0
05/11/2026,1630,VSCO,46.04,-2.00,-4.16%,48.85,48.86,45.70,37.51,0.51,0.88,55.64,51.26,45.35,54.23,-4106.01,-4570.01,14.01,92.2,17.1,-3.7,0.0
05/11/2026,1630,VTR,87.69,+.43,+0.49%,87.67,88.76,86.83,60.48,0.25,0.23,84.05,79.37,82.55,91.65,5211.06,8876.01,8.13,52.1,84.4,5.2,0.0
05/11/2026,1630,VVIX,98.06,+1.28,+1.32%,99.40,99.74,97.56,47.03,0.5,NaN,100.34,95.4,89.63,100.19,1202.01,9974.01,1.2,0.0,3.1,-1.3,0.0
05/11/2026,1630,VVV,34.50,-1.12,-3.14%,35.63,35.80,34.27,53.98,0.41,0.51,37.6,31.68,31.34,36.1,4204.01,3580.01,1.05,85.3,98.4,0.0,-1.7
05/11/2026,1630,VXD,16.78,+.38,+2.32%,16.70,16.98,16.55,43.75,0.76,NaN,15.87,17.85,14.84,18.12,1201.01,-1561.07,8.07,0.0,11.1,-1.6,0.0
05/11/2026,1630,VXN:CGI,24.74,+.98,+4.12%,24.98,25.21,24.44,53.55,0.55,NaN,22.17,23.05,21.92,24.76,2202.01,2521.01,1.07,0.0,6.1,0.0,1.8
05/11/2026,1630,VXX,28.47,+.41,+1.46%,28.05,28.54,27.83,42.39,0.25,0.69,26.48,29.07,27.23,29.5,-13201.02,-2756.02,30.02,23.1,2.1,-1.2,0.0
05/11/2026,1630,VZ,47.23,+.01,+0.02%,47.50,47.99,46.97,47.93,0.23,0.25,47.17,45.17,46.15,48.5,6103.07,4849.07,7.2,77.1,76.2,0.0,6.8
05/11/2026,1630,W,61.38,-4.88,-7.36%,65.96,66.085,60.975,33.05,0.69,0.64,76.83,75.69,53.86,77.44,-6111.05,-6098.01,14.06,32.1,75.1,-2.1,-12.3
05/11/2026,1630,WBD,27.24,+.13,+0.48%,27.07,27.28,27.05,50.62,0.09,0.18,27.61,26.9,26.79,27.38,2205.01,-2660.1,28.1,10.1,6.1,-2.1,0.0
05/11/2026,1630,WCLD,28.98,-.78,-2.62%,29.62,29.99,28.69,55.82,0.46,0.42,26.99,25.87,26.41,31.02,5207.03,3016.03,3.21,90.1,89.4,7.2,3.6
05/11/2026,1630,WDAY,121.42,-6.41,-5.01%,126.75,128.98,120.55,45.47,0.62,0.77,139.38,113.57,113.82,133.24,3101.03,13336.03,3.22,100.4,95.4,0.0,0.0
05/11/2026,1630,WEAT,23.99,+.58,+2.48%,23.64,24.00,23.53,57.17,0.28,0.28,20.56,22.66,22.73,24.93,-3201.02,-2285.03,9.03,44.1,87.2,0.0,0.0
05/11/2026,1630,WELL,214.84,+.21,+0.10%,215.00,217.565,213.175,56.89,0.28,0.27,205.36,198.88,204.45,223.88,5202.06,21881.07,7.13,75.1,99.4,3.2,2.2
05/11/2026,1630,WEN,6.76,-.54,-7.40%,7.01,7.16,6.75,46.57,0.48,0.58,6.73,6.89,6.41,7.28,2101.01,716.01,1.05,94.3,88.1,0.0,-4.1
05/11/2026,1630,WEST,8.75,+.50,+6.06%,8.305,8.9764,8.10,85.74,1.27,0.61,4.73,5.24,5.44,8.62,12212.01,898.01,1.32,14.1,100.4,4.1,6.3
05/11/2026,1630,WFC,73.58,-2.06,-2.72%,75.67,75.72,73.185,30.39,0.31,0.34,85.09,79.25,74.17,82.84,-6107.01,-7319.01,23.01,72.1,79.1,-0.8,0.0
05/11/2026,1630,WGMI,58.47,+.45,+0.78%,56.36,61.185,55.11,69.29,0.7,0.79,38.29,47.22,45.16,63.43,6208.01,6119.01,1.27,50.1,50.1,1.1,0.0
05/11/2026,1630,WGS,39.61,-1.16,-2.85%,39.80,40.41,38.22,30.91,2.57,0.79,86.12,64.25,24.33,69.71,-3105.03,-3498.03,15.03,50.1,99.4,0.0,-15.7
05/11/2026,1630,WH,82.06,-.61,-0.74%,82.41,82.8415,80.93,46.05,0.27,0.37,77.07,84.96,78.01,87.4,1102.03,-7969.05,17.06,59.1,24.1,-5.5,-2.0
05/11/2026,1630,WING,127.33,-2.34,-1.80%,128.99,130.87,126.635,23.36,0.57,0.76,218.11,179.82,113.99,173.42,-9114.03,-12664.01,19.03,81.1,56.1,-14.1,-8.7
05/11/2026,1630,WMS,143.81,+.61,+0.43%,143.08,144.33,141.06,46.02,0.44,0.55,166.53,149.85,137.32,154.17,-1103.02,-14106.01,15.05,96.4,79.3,-3.1,0.0
05/11/2026,1630,WMT,127.59,-2.84,-2.18%,130.18,130.60,126.38,47.95,0.2,0.34,124.4,127.48,126.65,132.47,-1101.01,-12638.01,7.01,93.2,48.1,0.0,7.0
05/11/2026,1630,WOOD,68.1325,-.8064,-1.17%,69.12,69.12,68.0114,40.27,0.17,0.17,79.57,68.9,66.69,70.55,1101.04,-6750.06,17.1,18.1,49.1,-11.5,0.0
05/11/2026,1630,WRBY,28.79,-.76,-2.57%,28.91,29.8799,27.83,66.39,1.04,1.07,20.89,21.84,19.71,29.76,3203.01,2988.01,1.08,100.3,92.2,0.0,0.0
05/11/2026,1630,WW,9.99,-.21,-2.06%,10.20,11.11,9.93,41.08,1.36,1.31,20.89,8.91,8.81,12.15,-2103.02,-837.02,4.02,75.4,81.4,0.0,0.0
05/11/2026,1630,WWW,16.20,-.50,-2.99%,16.77,16.77,16.03,40.48,0.36,0.77,17.34,17.0,15.71,18.07,-7113.01,-1603.01,15.01,70.2,24.1,-3.0,0.0
05/11/2026,1630,WY,23.42,-.11,-0.47%,23.48,23.845,23.35,39.14,0.24,0.26,25.49,24.5,22.77,25.15,-5110.05,-2335.01,10.05,13.1,36.2,-0.4,-6.8
05/11/2026,1630,WYFI,26.98,+5.73,+26.96%,23.49,29.00,22.75,80.62,1.09,1.54,16.76,15.88,17.08,26.73,7207.01,2900.01,1.08,NaN,NaN,1.8,2.0
05/11/2026,1630,WYNN,99.37,-3.05,-2.98%,100.97,101.75,98.06,38.38,0.3,0.37,104.06,103.11,100.14,108.82,-2102.01,-9806.01,3.01,21.1,27.1,-0.8,0.0
05/11/2026,1630,XBI,134.75,+.04,+0.03%,135.24,138.10,134.15,55.04,0.26,0.3,121.69,131.97,128.53,138.32,4206.01,13810.01,1.07,45.1,69.1,-0.1,0.0
05/11/2026,1630,XHR,16.60,-.43,-2.52%,17.09,17.09,16.555,57.26,0.33,0.35,15.28,15.91,15.83,17.21,7205.01,1709.01,1.08,39.1,89.2,0.0,1.3
05/11/2026,1630,XIACY,20.36,+.18,+0.89%,20.235,20.38,20.07,53.55,0.34,NaN,22.92,19.65,18.6,20.73,3204.01,-1851.08,15.08,0.0,22.1,-2.0,0.0
05/11/2026,1630,XLB,52.26,+.67,+1.30%,51.86,52.405,51.83,57.32,0.16,0.28,52.08,51.28,50.74,52.51,3202.01,5241.01,1.05,79.1,49.1,0.0,0.0
05/11/2026,1630,XLC,115.58,-1.36,-1.16%,116.52,116.72,115.43,48.43,0.14,0.23,113.3,115.09,114.65,117.96,1101.03,11820.03,3.31,88.4,74.1,-4.9,2.3
05/11/2026,1630,XLE,57.17,+1.47,+2.64%,56.26,57.22,56.24,48.41,0.28,0.29,53.18,54.92,54.93,60.38,-3104.02,-5546.02,7.02,74.1,100.4,0.0,0.0
05/11/2026,1630,XLF,51.18,-.06,-0.12%,51.26,51.46,50.955,46.74,0.08,0.13,51.25,51.3,50.91,52.19,-2107.01,-5096.01,7.01,0.1,0.1,-3.7,0.0
05/11/2026,1630,XLG,62.85,-.05,-0.08%,62.52,63.065,62.51,76.82,0.12,0.13,56.34,59.37,60.19,63.71,12229.01,6307.01,2.3,19.1,40.1,4.4,7.0
05/11/2026,1630,XLI,175.04,+1.84,+1.06%,173.24,175.55,172.88,56.61,0.21,0.23,172.45,170.33,170.24,177.19,5205.02,17772.03,3.09,76.1,90.3,0.0,0.8
05/11/2026,1630,XLK,177.88,+2.36,+1.34%,176.15,178.30,175.87,84.85,0.21,0.32,137.02,153.95,161.04,180.16,14228.01,17830.01,1.29,87.2,55.1,20.1,16.8
05/11/2026,1630,XLP,83.37,-.81,-0.96%,84.08,84.29,82.825,50.77,0.13,0.22,86.73,81.74,82.36,85.26,-1101.01,8506.07,7.17,93.2,53.1,1.2,4.3
05/11/2026,1630,XLRE,44.57,+.16,+0.36%,44.39,44.81,44.39,61.68,0.15,0.17,42.72,43.3,43.6,45.0,11208.01,4481.01,1.34,40.1,65.2,0.0,2.1
05/11/2026,1630,XLU,45.14,+.42,+0.94%,45.095,45.305,44.83,42.66,0.19,0.23,44.14,44.71,44.41,47.12,-3104.01,-4469.02,7.02,86.1,100.2,-0.2,-0.3
05/11/2026,1630,XLV,143.04,-.45,-0.31%,143.745,145.02,142.67,39.08,0.14,0.14,154.38,143.68,142.0,146.63,-7103.01,-14267.01,22.01,8.1,34.1,-6.5,0.0
05/11/2026,1630,XLY,119.37,-.83,-0.69%,119.38,119.86,118.51,59.32,0.16,0.24,114.43,116.67,116.84,120.65,3204.02,12113.02,2.3,49.2,34.1,-0.1,3.0
05/11/2026,1630,XOM,149.68,+5.11,+3.53%,146.02,149.72,146.00,46.64,0.31,0.32,145.15,146.24,144.24,156.15,-4104.01,-14600.01,7.01,79.1,90.1,-0.3,0.0
05/11/2026,1630,XOP,168.66,+3.50,+2.12%,167.70,169.28,166.83,47.55,0.4,0.35,142.52,161.06,160.89,183.26,-2104.02,-16382.02,8.02,75.1,100.4,0.0,0.0
05/11/2026,1630,XPEV,16.15,+.53,+3.39%,15.94,16.40,15.92,44.65,0.43,0.65,17.36,15.7,15.0,16.86,-8201.08,-1544.04,17.08,68.2,15.1,-6.2,-0.1
05/11/2026,1630,XRT,81.66,-3.06,-3.61%,84.51,84.57,81.52,40.32,0.24,0.3,86.05,84.97,81.59,87.09,-3107.01,-8152.01,15.01,82.3,83.2,-3.9,0.0
05/11/2026,1630,XTL,227.87,+4.99,+2.24%,224.39,229.44,224.39,63.99,0.3,0.26,171.55,214.74,212.19,234.19,4202.05,23000.07,7.29,78.1,61.1,0.5,5.1
05/11/2026,1630,XYL,112.00,-1.73,-1.52%,113.57,114.24,111.82,35.12,0.31,0.31,125.39,118.01,109.66,122.79,-9103.01,-11182.01,22.08,70.1,79.2,-9.3,0.0
05/11/2026,1630,XYZ,73.17,-1.68,-2.24%,75.09,75.55,72.76,61.54,0.41,0.5,48.21,68.51,68.92,74.54,4202.01,7555.01,1.27,36.1,39.1,-1.4,4.4
05/11/2026,1630,YCS,52.46,+.3866,+0.74%,52.33,52.625,52.27,46.67,0.25,0.25,48.57,53.45,50.76,54.47,-4108.04,-5159.04,9.04,92.1,90.4,0.0,-9.8
05/11/2026,1630,YELP,25.28,-1.80,-6.65%,27.06,27.50,25.27,38.45,0.48,0.37,19.61,27.75,25.87,29.96,-2104.01,-2527.01,3.01,43.1,80.2,0.0,1.1
05/11/2026,1630,YPF,44.93,+2.56,+6.04%,42.91,45.04,42.52,58.57,0.41,0.49,36.04,41.08,42.13,45.59,-4201.01,-4252.01,8.01,66.1,44.1,0.0,5.0
05/11/2026,1630,YUM,150.29,-1.66,-1.09%,151.67,152.2299,149.39,36.14,0.25,0.26,157.24,158.8,149.09,162.12,-4102.01,-14939.01,7.01,78.1,82.2,-1.5,-3.8
05/11/2026,1630,YUMC,47.44,+.54,+1.15%,46.96,47.63,46.95,41.57,0.22,0.32,53.5,47.77,46.84,49.13,-2103.01,-4695.01,4.01,37.1,26.1,-1.1,-0.6
05/11/2026,1630,ZG,40.65,-1.29,-3.08%,41.96,42.37,40.42,38.39,0.49,0.56,42.25,43.7,40.74,46.78,-5106.01,-4042.01,15.01,58.1,83.1,-1.0,0.0
05/11/2026,1630,ZM,107.12,-2.09,-1.91%,109.305,111.56,105.46,69.8,0.47,0.66,88.02,87.19,91.91,117.12,12221.04,11156.01,5.22,100.4,74.2,20.4,3.9
05/11/2026,1630,ZS,148.87,-3.26,-2.14%,150.73,153.45,147.66,57.46,0.59,0.84,163.0,130.34,129.5,155.78,5207.01,15345.01,1.21,100.4,81.1,0.3,2.3
