Date,Time,Symbol,Last,Net Chng,%Change,Open,High,Low,RSI,HistoricalVolatility,ImpVolatility,A_TrendValue,A_TradeValue,A_BB_Bottom,A_BB_Top,A_BB_Streak,A_BBHighLow,A_BBHighLowDays,A_IVPercentile,A_HVPercentile,A_BB_Top_Slope,A_BB_Bot_Slope
05/14/2026,1630,$COMP,26635.2219,+232.8781,+0.88%,26425.4684,26707.1412,26423.2064,79.42,0.15,NaN,22256.76,24524.23,24962.46,27102.03,15211.01,2670714.01,4.33,0.0,42.1,11.4,12.8
05/14/2026,1630,$DJI,50063.46,+370.26,+0.75%,49843.58,50200.54,49843.58,63.9,0.12,NaN,48731.46,48708.57,49035.06,50305.19,13207.01,5020054.01,1.34,0.0,52.1,0.0,2.2
05/14/2026,1630,$DXY,98.870,+.346,+0.35%,98.463,98.907,98.416,54.871,0.054,NaN,97.072,98.214,97.719,99.019,2203.01,9891.01,1.05,0.0,37.1,-0.4,0.0
05/14/2026,1630,/6B[M26],1.3399,-.0006,-0.04%,1.3398,1.3403,1.3396,41.6246,0.0655,0.0781,1.3434,1.3454,1.3381,1.3644,-4104.01,-134.01,5.01,71.1,52.1,0.0,0.0
05/14/2026,1630,/6C[M26],.72995,+.0003,+0.04%,.72975,.73005,.72975,44.44862,0.04075,0.0438,0.7292,0.73075,0.72735,0.73737,-5108.02,-73.02,8.02,10.1,28.1,-0.3,0.0
05/14/2026,1630,/6E[M26],1.16860,-.00075,-0.06%,1.16850,1.16870,1.16845,44.40027,0.04788,0.0575,1.17535,1.16775,1.16576,1.18014,-3104.01,-117.02,4.02,14.1,23.1,-0.1,0.0
05/14/2026,1630,/6J[M26],.0063295,-.000008,-0.13%,.0063315,.0063315,.0063285,47.0287631,0.1010026,0.1072,0.0063865,0.006243,0.006273,0.0064506,-1104.03,1.07,7.12,73.1,66.4,0.0,0.0
05/14/2026,1630,/BTC[K26],81750,+130.00,+0.16%,81555,81750,81555,63.0,0.0,0.0,62590.0,75130.0,76763.0,84796.0,15202.0,8272500.0,7.0,23.0,4.0,3.0,4.0
05/14/2026,1630,/BZ[N26],106.48,+.76,+0.72%,106.57,106.57,106.05,53.3,0.58,NaN,67.34,101.6,98.76,113.67,-3202.06,-9607.07,12.07,0.2,84.3,0.0,4.7
05/14/2026,1630,/CL[N26],97.67,+.75,+0.77%,97.71,97.84,97.23,49.72,0.59,0.71,62.04,94.59,92.6,108.03,-2101.07,-8985.07,12.07,73.1,81.1,0.0,7.6
05/14/2026,1630,/GC[M26],4666.7,-18.60,-0.40%,4654.5,4667.0,4651.0,47.0,0.2,0.2,4868.5,4522.2,4531.7,4782.7,4208.0,478340.0,4.1,59.1,45.1,-2.3,0.0
05/14/2026,1630,/HG[N26],6.5835,-.028,-0.42%,6.5800,6.5835,6.5680,69.5988,0.2646,0.3285,5.666,5.904,5.927,6.8663,7209.02,672.03,3.09,67.2,44.1,5.5,1.1
05/14/2026,1630,/NG[M26],2.922,+.028,+0.97%,2.920,2.950,2.917,57.326,0.45,0.567,2.819,2.505,2.632,3.055,9214.04,295.01,4.16,36.1,17.1,10.6,3.3
05/14/2026,1630,/NKD[M26],63105,+40.00,+0.06%,63095,63115,63010,65.0,0.0,NaN,56490.0,58620.0,58594.0,65840.0,14210.0,6388000.0,5.0,0.0,44.0,7.0,2.0
05/14/2026,1630,/SI[N26],84.275,-1.053,-1.23%,84.000,84.380,83.845,59.615,0.501,0.776,72.25,71.31,71.159,92.657,7208.02,8917.02,2.12,75.1,69.1,5.3,-0.2
05/14/2026,1630,AAAU,45.88,-.35,-0.76%,46.23,46.34,45.875,46.84,0.22,0.27,47.84,44.48,44.51,47.26,4101.04,-4440.09,53.12,77.1,52.1,-3.2,0.0
05/14/2026,1630,AAL,12.70,-.01,-0.08%,12.83,12.95,12.60,57.46,0.47,0.54,12.84,11.17,11.35,13.82,4209.05,1337.05,5.12,52.1,49.1,4.0,2.7
05/14/2026,1630,AAPL,298.21,-.66,-0.22%,299.82,300.45,295.38,74.45,0.24,0.27,255.54,265.07,273.55,308.04,9213.02,30092.02,2.28,25.1,56.1,20.1,11.3
05/14/2026,1630,ABBV,210.77,+2.27,+1.09%,209.50,213.51,208.352,55.97,0.26,0.3,223.02,190.75,197.8,215.37,2203.01,21351.01,1.12,67.1,57.1,0.1,0.0
05/14/2026,1630,ABNB,133.67,+.70,+0.53%,133.00,134.66,132.61,42.92,0.23,0.37,119.94,135.95,131.86,143.09,-9104.01,-13261.01,4.01,33.1,29.1,-1.4,0.0
05/14/2026,1630,ABR,5.84,-.04,-0.68%,5.90,5.9678,5.70,23.9,0.73,0.5,7.2,7.73,5.4,8.1,-5105.01,-570.01,6.01,50.1,99.4,-0.9,-5.5
05/14/2026,1630,ABT,84.90,+1.07,+1.28%,84.18,85.265,84.05,31.14,0.27,0.31,111.18,90.88,79.68,91.79,-26126.04,-8197.04,54.04,90.1,77.4,-8.1,-17.3
05/14/2026,1630,ACHC,26.80,-.35,-1.29%,27.20,27.57,26.735,54.0,0.64,0.55,16.23,25.87,23.79,28.49,2203.01,-2445.03,9.05,2.1,57.1,-0.6,-2.8
05/14/2026,1630,ACHR,6.41,-.11,-1.69%,6.51,6.5598,6.11,57.95,0.51,0.84,6.57,5.47,5.62,6.91,6208.02,675.02,2.08,33.2,10.1,1.0,1.0
05/14/2026,1630,ACI,16.51,-.03,-0.18%,16.59,16.84,16.44,49.12,0.24,0.32,17.61,16.38,15.71,16.84,1202.01,1684.01,1.02,60.1,45.1,-1.8,-0.3
05/14/2026,1630,ADBE,237.01,+.94,+0.40%,236.24,238.24,231.74,42.42,0.39,0.56,244.28,238.42,232.59,258.4,-2104.01,-23174.01,6.01,96.2,82.3,0.0,0.0
05/14/2026,1630,ADYEY,10.33,+.03,+0.29%,10.345,10.49,10.27,34.58,0.22,NaN,10.86,10.96,10.14,11.57,-9107.01,-1027.01,7.01,0.0,2.1,0.0,0.0
05/14/2026,1630,AFK,27.86,-0.31,-1.10%,28.22,28.46,27.73,52.61,0.32,0.24,28.4,26.22,26.19,29.47,4207.04,2900.04,4.12,13.1,74.1,0,0
05/14/2026,1630,AFRM,67.57,+4.04,+6.36%,63.92,67.59,63.05,60.96,0.58,0.66,46.57,61.1,62.69,69.17,-2201.01,-6305.01,3.01,29.1,33.1,-0.5,0.2
05/14/2026,1630,AGCO,117.34,+1.38,+1.19%,116.80,117.86,115.62,48.79,0.42,0.41,134.98,112.96,114.06,122.02,-1102.01,12199.06,6.08,63.1,85.4,-1.0,0.0
05/14/2026,1630,AHR,51.14,-.47,-0.91%,51.67,51.9799,50.51,55.09,0.34,0.37,51.69,49.69,49.56,52.04,8205.01,5198.01,1.16,63.1,92.4,0.5,5.0
05/14/2026,1630,AIQUY,41.35,-.049991,-0.12%,41.64,41.66,41.22,43.96,0.26,NaN,38.92,41.78,39.7,43.33,-6113.06,-4103.06,26.06,0.0,89.2,-9.4,-11.1
05/14/2026,1630,AKAM,155.67,-5.47,-3.39%,156.875,159.04,153.61,74.03,0.98,0.55,92.68,93.53,116.66,172.95,11218.02,16545.02,2.23,77.1,99.4,25.2,19.8
05/14/2026,1630,ALB,191.10,-9.84,-4.90%,198.00,198.10,188.2999,48.86,0.57,0.7,164.2,184.51,185.53,211.35,-1101.01,-18830.01,2.01,73.1,36.3,0.0,1.2
05/14/2026,1630,ALCO,40.96,-.36,-0.87%,41.06,41.19,40.60,46.3,0.2,NaN,40.01,41.01,39.89,41.74,-10203.02,-4041.02,3.02,0.0,25.1,-7.6,0.0
05/14/2026,1630,ALGN,160.53,-1.22,-0.75%,161.40,163.59,159.85,34.72,0.35,0.44,175.35,174.62,151.97,180.87,-8114.05,-15985.01,18.08,41.1,47.1,-15.2,-10.4
05/14/2026,1630,ALLY,42.37,+.66,+1.58%,42.15,42.74,42.1201,47.03,0.39,0.36,39.6,43.47,41.51,44.67,-5104.01,-4161.02,18.02,39.1,89.3,-9.7,0.0
05/14/2026,1630,ALNY,293.45,+1.97,+0.68%,290.72,297.00,287.51,41.52,0.32,0.39,315.63,294.06,282.12,307.57,-12121.03,-28428.04,22.04,21.1,37.1,-3.7,-3.0
05/14/2026,1630,AMAT,440.56,+3.95,+0.90%,443.335,448.45,438.00,63.58,0.49,0.68,347.66,377.07,379.32,464.95,6208.01,44845.04,4.12,98.3,62.1,2.8,0.1
05/14/2026,1630,AMBA,81.04,-1.06,-1.29%,81.85,82.86,79.50,75.57,0.48,1.09,64.0,62.18,67.82,86.39,23227.01,8337.02,6.3,100.4,36.1,20.1,10.7
05/14/2026,1630,AMD,449.70,+4.20,+0.94%,440.60,453.31,435.68,76.7,0.93,0.72,194.15,310.0,350.07,503.24,21208.04,46922.04,4.33,92.4,94.4,24.5,11.2
05/14/2026,1630,AMG,302.10,-1.38,-0.45%,305.82,307.78,301.4801,56.17,0.3,0.41,279.02,283.93,289.86,312.18,5209.01,31097.06,6.11,77.1,64.1,0.0,3.2
05/14/2026,1630,AMH,31.36,-0.08,-0.25%,31.56,31.75,31.31,54.62,0.22,0.39,28.84,30.29,30.59,33.05,-1103.02,3283.06,6.39,84.1,81.2,0,5.3
05/14/2026,1630,AMLP,53.87,+.70,+1.32%,53.11,53.925,53.11,57.76,0.16,0.12,50.86,51.56,52.25,54.96,-1201.02,5425.08,9.2,13.1,92.4,0.0,6.6
05/14/2026,1630,AMN,30.30,-.57,-1.85%,30.95,31.17,29.97,78.15,0.98,0.63,15.65,19.76,21.25,33.59,6208.01,3117.01,2.07,6.1,100.4,18.7,4.7
05/14/2026,1630,AMPH,17.30,-1.02,-5.57%,17.81,18.0829,17.26,32.68,0.99,0.73,27.19,20.77,16.12,24.06,-5105.01,-1726.01,6.01,65.4,92.4,0.0,-3.9
05/14/2026,1630,AMZN,267.22,-2.91,-1.08%,269.15,270.7799,266.63,62.9,0.21,0.31,196.0,256.63,260.16,278.3,-1101.03,27856.08,8.33,23.1,12.1,0.0,10.4
05/14/2026,1630,AN,192.65,+1.54,+0.81%,193.98,197.10,192.01,39.82,0.33,0.36,193.42,199.63,188.99,211.8,-6104.01,-19201.01,10.01,65.1,89.2,0.0,0.0
05/14/2026,1630,AQWA,18.915,+.03,+0.16%,18.88,19.02,18.88,40.25,0.15,0.2,20.39,19.14,18.57,19.56,-5113.08,-1882.02,25.09,57.2,54.1,-6.7,-8.7
05/14/2026,1630,AR,37.08,+.34,+0.93%,36.67,37.45,36.51,44.81,0.32,0.42,32.81,37.32,34.88,39.76,-5107.03,-3584.03,11.03,41.1,16.1,0.0,0.0
05/14/2026,1630,ARE,46.17,-1.10,-2.33%,47.75,48.01,46.11,52.29,0.59,0.46,52.23,39.41,39.69,50.01,2208.01,-4004.1,19.1,61.1,89.4,0.0,0.0
05/14/2026,1630,ARGT,89.48,+1.21,+1.37%,88.37,89.82,87.75,44.68,0.24,0.29,88.67,90.06,87.54,93.18,-4105.01,-8775.01,6.01,34.1,39.1,-3.8,-1.6
05/14/2026,1630,ARHS,5.88,+.01,+0.17%,5.91,6.07,5.75,32.11,0.63,0.65,8.03,7.27,5.35,7.69,-9106.01,-563.02,17.02,33.1,81.2,-6.8,-3.6
05/14/2026,1630,ARKK,78.00,-.05,-0.06%,77.80,79.175,76.72,54.92,0.34,0.43,68.47,72.75,74.58,81.24,6207.03,8069.04,4.33,38.1,35.1,0.0,2.3
05/14/2026,1630,ARQQ,13.87,+.04,+0.29%,13.74,14.26,12.9053,44.85,0.72,1.18,15.02,13.04,13.16,15.7,-2103.01,-1291.01,3.01,53.2,13.3,-4.4,0.6
05/14/2026,1630,AS,33.33,+.55,+1.68%,32.82,33.80,32.61,42.47,0.41,0.66,38.0,34.4,32.25,36.97,-4104.01,-3261.01,5.01,87.2,50.1,-1.2,-1.5
05/14/2026,1630,ASBFF,25.76,0,0.00%,0,0,0,47.51,1.44,NaN,NaN,26.59,NaN,-Infinity,NaN,0.0,0.0,NaN,NaN,NaN,NaN
05/14/2026,1630,ASO,51.07,+1.10,+2.20%,51.55,52.205,50.04,39.2,0.38,0.61,57.32,53.13,48.32,56.37,-12104.02,-4875.02,20.02,93.2,24.1,-4.5,-6.2
05/14/2026,1630,ATRO,82.71,+2.62,+3.27%,80.09,83.54,76.54,65.95,0.52,0.61,75.0,66.15,68.49,84.62,1208.01,8354.01,1.11,61.1,49.1,1.8,0.0
05/14/2026,1630,AVB,183.54,-2.92,-1.57%,187.18,187.58,183.185,58.68,0.26,0.18,173.54,172.02,177.34,193.49,13101.1,18801.03,11.39,2.1,85.4,5.6,14.9
05/14/2026,1630,AVGO,439.79,+23.00,+5.52%,416.73,442.36,415.59,66.12,0.41,0.6,314.45,394.65,404.99,442.09,1201.01,44236.01,1.02,87.2,60.1,-0.2,1.7
05/14/2026,1630,AVO,12.36,-.10,-0.80%,12.71,12.71,12.35,33.91,0.4,0.6,14.04,13.45,11.96,14.1,-6109.01,-1235.01,26.02,87.3,68.3,-0.3,-0.1
05/14/2026,1630,AVTR,7.94,+.07,+0.89%,7.91,8.05,7.71,46.0,0.43,0.53,8.83,7.48,7.74,8.44,-2102.01,-771.01,6.01,53.1,55.1,-2.1,0.0
05/14/2026,1630,AWI,160.33,+2.29,+1.45%,159.16,160.345,157.78,36.92,0.27,0.36,172.08,161.04,151.35,171.37,-6114.08,-15649.02,23.09,90.2,76.1,-11.7,-12.7
05/14/2026,1630,AXP,312.77,+3.16,+1.02%,313.02,314.68,311.0271,46.05,0.25,0.31,316.07,312.5,308.71,322.71,-7106.01,-30776.02,20.02,45.1,54.1,-12.1,0.0
05/14/2026,1630,AZO,3379.52,+12.73,+0.38%,3405.94,3429.9499,3370.28,40.0,0.29,0.46,3627.42,3500.0,3304.88,3647.38,-8109.01,-330244.02,10.02,100.3,80.1,-0.4,-0.6
05/14/2026,1630,B,43.16,-1.71,-3.81%,44.67,44.785,43.12,53.4,0.56,0.47,45.06,38.11,37.54,47.99,6207.02,4662.03,3.12,53.1,89.2,1.7,0.0
05/14/2026,1630,BA,229.21,-11.39,-4.73%,243.52,244.07,227.50,51.75,0.37,0.39,227.46,221.15,220.93,242.85,7101.01,24407.01,1.39,81.1,87.3,0.9,2.5
05/14/2026,1630,BABA,141.12,-4.69,-3.22%,140.98,143.98,138.61,56.59,0.48,0.47,150.43,128.95,128.68,147.34,1202.01,-13033.02,2.02,57.2,74.4,0.0,2.5
05/14/2026,1630,BAC,49.85,+.01,+0.02%,50.06,50.47,49.49,38.01,0.19,0.3,49.47,51.83,49.03,54.13,-5106.01,-4949.01,6.01,49.1,41.1,0.0,-0.7
05/14/2026,1630,BALL,56.62,+.17,+0.30%,56.81,57.15,56.40,35.08,0.31,0.29,65.29,59.87,54.61,62.07,-7115.08,-5640.01,20.08,40.1,81.3,-9.8,-8.3
05/14/2026,1630,BBN,16.03,+.05,+0.31%,16.03,16.08,16.02,44.7,0.08,NaN,16.5,16.05,15.95,16.19,-2103.02,-1598.02,3.02,0.0,21.1,-7.0,0.0
05/14/2026,1630,BBWI,17.95,-.79,-4.22%,18.86,19.055,17.93,41.07,0.61,0.76,22.23,18.07,17.49,19.79,-2102.01,-1793.01,17.02,97.2,83.2,-6.7,1.1
05/14/2026,1630,BBY,56.68,+1.16,+2.09%,55.80,57.28,55.80,38.18,0.36,0.54,61.17,58.18,55.03,60.46,-10104.01,-5580.01,18.01,91.2,62.2,-15.5,0.0
05/14/2026,1630,BCO,106.91,+2.33,+2.23%,105.99,107.39,104.43,48.74,0.3,0.3,126.22,105.15,102.89,109.63,-9201.02,-9909.02,18.02,50.1,66.1,-9.1,0.0
05/14/2026,1630,BDRY,12.95,-.38,-2.85%,13.12,13.1484,12.95,68.34,0.37,0.49,11.42,10.5,11.75,13.73,9214.02,1333.02,2.15,6.1,39.1,11.4,16.0
05/14/2026,1630,BEAM,29.53,-2.32,-7.28%,31.93,32.115,29.115,48.94,0.8,0.76,26.2,27.1,28.1,33.86,-1101.01,3438.04,4.33,54.2,71.2,0.0,1.4
05/14/2026,1630,BEPC,36.57,-.64,-1.72%,37.21,37.28,36.55,40.91,0.63,0.45,42.05,34.52,32.7,39.86,1207.06,-3440.09,26.1,78.2,96.4,-4.4,0.0
05/14/2026,1630,BIDU,143.29,-7.21,-4.79%,143.98,144.77,140.65,61.58,0.63,0.68,130.52,119.0,122.4,155.49,8211.02,15237.02,2.33,100.4,89.4,7.3,4.1
05/14/2026,1630,BIO,246.27,+2.76,+1.13%,243.69,249.3484,243.425,33.59,0.46,0.45,254.59,273.46,224.22,275.55,-9116.02,-23673.02,17.08,75.1,74.4,-17.7,-13.4
05/14/2026,1630,BIP,38.36,+.05,+0.13%,38.40,38.95,38.36,64.35,0.22,0.32,37.64,33.48,35.49,38.99,7208.01,3895.01,1.11,67.3,76.1,3.2,0.0
05/14/2026,1630,BIRK,34.13,+1.06,+3.21%,33.65,34.70,33.21,37.86,0.7,0.51,38.21,37.38,33.4,41.03,-2103.01,-3321.01,6.01,48.1,100.4,-5.3,-0.4
05/14/2026,1630,BITO,11.13,+.25,+2.30%,10.91,11.23,10.86,61.27,0.31,0.56,8.68,10.26,10.42,11.53,4201.07,1124.04,7.33,75.1,8.1,2.7,4.7
05/14/2026,1630,BJ,95.96,+.96,+1.01%,95.81,96.41,94.93,55.07,0.28,0.45,95.32,90.68,91.01,96.21,2202.01,9641.01,1.06,90.2,42.1,-1.9,0.0
05/14/2026,1630,BJRI,41.72,+.38,+0.92%,41.65,42.625,41.64,62.95,0.39,0.38,39.51,37.16,36.65,44.38,4208.03,4381.04,4.07,18.1,68.3,8.1,0.0
05/14/2026,1630,BK,135.98,+.99,+0.73%,135.77,136.36,134.74,63.62,0.18,0.28,114.11,130.9,130.52,136.28,2203.01,13636.01,1.06,52.1,44.1,-3.3,0.4
05/14/2026,1630,BKNG,154.48,-.55,-0.35%,154.93,158.19,153.97,33.76,0.41,0.4,150.62,164.23,148.34,177.45,-10117.01,-15397.01,20.02,81.1,79.1,-13.7,-5.1
05/14/2026,1630,BKV,28.59,+.83,+2.99%,27.75,29.00,27.42,47.21,0.42,0.47,28.82,28.23,26.35,32.34,-6107.01,-2742.01,11.04,37.1,55.2,0.0,0.0
05/14/2026,1630,BLDR,73.58,+1.26,+1.74%,72.59,74.29,71.71,36.11,0.52,0.61,105.55,83.17,64.05,85.06,-5113.08,-7061.02,18.08,84.1,78.2,-7.8,-11.1
05/14/2026,1630,BLK,1104.03,+9.93,+0.91%,1100.00,1111.09,1096.405,66.9,0.2,0.29,1051.41,1031.32,1042.34,1116.22,10207.01,111109.01,1.3,68.1,31.1,0.0,0.5
05/14/2026,1630,BLMN,8.14,-.14,-1.69%,8.44,8.50,8.01,68.74,1.3,0.79,5.79,5.78,5.76,9.52,5207.03,873.04,4.09,50.1,90.4,15.9,0.0
05/14/2026,1630,BLOK,65.53,+1.31,+2.04%,64.10,66.09,63.41,66.47,0.35,0.37,51.64,57.08,58.32,68.85,5210.04,6609.01,4.32,25.1,42.1,2.5,2.1
05/14/2026,1630,BNDD,97.4811,+.1598,+0.16%,97.4811,97.4811,97.4811,46.93,0.06,0.14,97.39,97.28,96.97,98.23,-2104.03,-9704.03,7.03,31.1,2.1,-0.8,0.0
05/14/2026,1630,BNO,56.21,+.36,+0.64%,55.37,56.23,55.16,56.73,0.64,0.84,31.52,51.46,51.27,60.67,1201.03,-5082.06,12.06,87.2,85.3,0.0,8.7
05/14/2026,1630,BOOT,146.36,+1.12,+0.77%,147.82,150.38,140.80,36.05,0.48,0.71,187.66,161.22,138.52,177.06,-6106.01,-14080.01,6.01,99.4,80.1,0.0,0.0
05/14/2026,1630,BP,44.12,-.02,-0.05%,44.14,44.395,44.03,43.42,0.33,0.32,37.05,45.9,42.22,47.43,-4107.04,-4322.05,11.05,63.1,85.2,0.0,-6.3
05/14/2026,1630,BRBR,9.15,-.10,-1.08%,9.41,9.66,9.07,22.03,1.8,0.9,17.5,15.96,5.73,15.95,-5108.04,-900.02,9.05,88.4,98.4,0.0,-28.9
05/14/2026,1630,BRCB,7.16,-.49,-6.41%,7.70,8.18,7.09,18.65,1.34,0.8,11.51,11.95,7.19,12.55,-11118.01,-709.01,20.01,NaN,NaN,-11.7,-17.7
05/14/2026,1630,BRKR,44.16,+.31,+0.71%,44.04,44.99,43.73,64.94,0.68,0.56,36.53,33.8,35.82,48.52,5208.03,4524.02,4.11,48.1,92.4,9.0,0.0
05/14/2026,1630,BROS,50.00,+1.60,+3.31%,49.19,50.21,48.75,41.09,0.6,0.52,46.52,54.68,46.68,59.69,-6106.01,-4832.02,7.02,32.1,84.2,0.0,0.0
05/14/2026,1630,BTAL,11.99,-.02,-0.17%,11.99,12.045,11.93,35.73,0.24,0.51,13.76,12.31,11.58,12.65,-6111.04,-1183.04,33.04,86.4,81.2,-2.8,-0.2
05/14/2026,1630,BTC,36.01,+.81,+2.30%,35.35,36.31,35.18,61.77,0.31,0.45,27.79,33.13,33.6,37.34,4201.07,3634.04,7.33,54.1,18.1,3.5,5.2
05/14/2026,1630,BTC-USD,-68.45,-3.99,+6.19%,-64.78,-63.62,-70.135,19.05,1.03,0.73,-31.88,-48.69,-72.47,-43.05,-19108.01,7014.01,32.01,88.1,19.1,-10.1,-15.1
05/14/2026,1630,BTI,66.70,+1.35,+2.07%,66.68,67.30,66.17,74.37,0.34,0.29,58.55,57.27,57.68,66.84,9204.01,6730.01,1.18,67.1,99.4,9.3,9.5
05/14/2026,1630,BUD,80.74,+.59,+0.74%,81.47,81.53,80.68,64.95,0.39,0.24,77.87,72.35,74.4,85.73,5208.06,8153.01,6.16,41.1,90.4,14.2,5.4
05/14/2026,1630,BULL,7.30,+.22,+3.11%,7.05,7.47,6.9301,65.11,0.42,0.91,5.47,6.52,6.86,7.48,-4201.01,-693.01,1.01,29.2,6.1,-1.1,1.0
05/14/2026,1630,BURL,292.53,+6.27,+2.19%,287.14,295.80,286.555,34.94,0.29,0.49,302.19,316.19,276.18,324.43,-11117.02,-28057.02,18.02,87.2,27.1,-10.5,-17.2
05/14/2026,1630,BUXX,20.23,0,0.00%,20.23,20.24,20.23,46.68,0.02,NaN,20.3,20.2,20.17,20.29,1202.02,-2020.08,19.1,0.0,40.3,-2.6,-0.6
05/14/2026,1630,BXP,58.96,+.56,+0.96%,58.76,60.67,58.47,57.51,0.24,0.33,58.0,56.8,57.9,60.28,1102.01,6067.01,1.02,51.1,33.1,0.0,1.5
05/14/2026,1630,BYD,79.39,-1.18,-1.46%,81.31,82.15,79.27,36.76,0.38,0.33,81.69,80.1,78.61,88.04,-7104.01,-7927.01,13.01,75.1,99.4,-2.7,-7.0
05/14/2026,1630,BYDDF,12.6625,-.2687,-2.08%,12.8400,12.9000,12.5500,41.67,0.31,NaN,12.02,12.86,12.43,13.52,-9118.01,-1255.01,21.01,0.0,19.1,-9.1,0.0
05/14/2026,1630,C,124.82,+.72,+0.58%,125.08,126.35,123.48,48.92,0.2,0.34,107.5,126.58,123.49,129.06,-4105.01,-12348.01,5.01,59.1,16.1,-7.9,0.0
05/14/2026,1630,CACC,546.66,+21.66,+4.13%,530.90,549.75,525.02,64.12,0.42,0.41,474.94,496.67,500.87,551.85,4208.01,54975.01,1.3,31.2,53.1,0.0,3.5
05/14/2026,1630,CAG,13.67,-.42,-2.98%,14.20,14.31,13.64,34.23,0.21,0.38,18.33,14.06,13.62,14.31,-14101.01,-1364.01,1.01,92.2,17.1,-8.3,0.3
05/14/2026,1630,CAH,194.38,+8.03,+4.31%,186.44,194.49,186.44,45.57,0.36,0.3,220.51,198.56,175.21,205.13,-13201.04,-18045.02,26.05,51.1,84.2,-3.7,-12.6
05/14/2026,1630,CAKE,58.28,+1.75,+3.10%,58.21,59.07,57.2425,43.49,0.4,0.41,59.61,60.7,56.69,63.61,-3104.01,-5724.01,7.01,56.1,85.1,-0.1,0.0
05/14/2026,1630,CAMT,171.36,+2.48,+1.47%,170.99,174.24,165.02,44.11,0.88,0.75,145.28,178.34,162.55,211.73,-3103.01,-16502.01,4.01,83.3,100.4,1.5,0.0
05/14/2026,1630,CANE,10.10,-.18,-1.75%,10.05,10.135,10.03,56.45,0.27,0.55,9.0,9.37,9.54,10.59,1204.02,1033.08,8.24,97.4,94.4,2.9,10.0
05/14/2026,1630,CARR,66.73,+1.16,+1.77%,66.03,67.065,65.35,59.79,0.42,0.39,61.0,60.5,61.31,70.72,12201.06,6865.06,6.33,64.1,77.4,1.8,5.4
05/14/2026,1630,CASY,877.48,-10.88,-1.22%,890.00,901.00,876.53,71.09,0.27,0.43,654.36,771.44,809.06,917.71,12220.01,90100.01,8.39,100.4,71.2,13.2,10.8
05/14/2026,1630,CAT,920.22,+17.92,+1.99%,910.00,920.35,902.5001,66.47,0.44,0.39,744.15,805.0,826.37,978.0,13232.06,93135.06,6.32,68.1,90.2,7.5,6.7
05/14/2026,1630,CAVA,76.09,+3.79,+5.24%,72.51,77.26,72.50,36.42,0.54,0.8,61.19,89.59,68.68,92.8,-9110.01,-7205.02,18.02,96.4,66.1,-10.1,-4.0
05/14/2026,1630,CBRL,29.17,+.22,+0.76%,29.30,29.855,28.82,45.71,0.51,0.69,30.4,28.22,28.5,31.99,-2103.01,-2882.01,3.01,70.1,48.2,0.0,0.0
05/14/2026,1630,CCK,99.21,-.65,-0.65%,100.55,100.82,98.95,41.75,0.22,0.3,109.87,97.5,97.7,101.72,1101.02,-9773.04,4.04,60.1,33.1,-11.9,0.0
05/14/2026,1630,CCL,25.20,+.17,+0.68%,25.75,26.04,25.19,43.07,0.51,0.58,29.96,25.34,24.19,27.37,-3104.02,-2441.02,20.02,85.1,71.1,-10.6,-0.9
05/14/2026,1630,CCRN,13.13,+.01,+0.08%,13.13,13.15,13.12,78.27,0.96,1.82,7.98,9.87,10.43,14.54,16206.04,1317.04,4.63,92.4,95.4,40.5,2.7
05/14/2026,1630,CELH,29.01,+1.15,+4.13%,27.965,29.7098,27.80,33.87,0.52,0.65,42.63,32.01,27.39,35.4,-7105.01,-2780.01,5.01,61.1,63.1,0.0,-3.1
05/14/2026,1630,CF,122.97,-2.53,-2.02%,124.27,125.47,121.53,50.12,0.68,0.52,92.86,120.18,115.78,131.11,2101.02,13002.02,2.04,82.1,92.4,0.0,1.0
05/14/2026,1630,CFG,61.18,+.75,+1.24%,60.83,61.735,60.83,41.03,0.23,0.33,61.3,63.62,60.02,66.02,-5106.01,-6083.01,6.01,61.1,30.1,0.0,-0.6
05/14/2026,1630,CFLT,30.99,0,0.00%,0,0,0,73.35,0.04,0.16,29.95,30.6,30.58,30.94,1201.01,3100.01,1.27,19.4,14.1,0.0,0.0
05/14/2026,1630,CFRUY,20.11,0,0.00%,20.20,20.30,20.07,58.08,0.42,NaN,20.24,18.28,18.39,20.96,3207.05,2044.05,5.12,0.0,90.4,0.0,0.0
05/14/2026,1630,CG,50.04,+.88,+1.79%,49.71,50.865,49.32,51.47,0.37,0.47,48.98,46.67,47.8,52.07,-1201.05,5289.07,7.13,67.1,67.1,-5.7,1.6
05/14/2026,1630,CHD,94.65,-.44,-0.46%,96.02,96.82,94.3175,49.98,0.29,0.25,99.43,94.66,90.76,97.48,1202.01,9682.01,1.03,44.1,87.4,0.0,-2.6
05/14/2026,1630,CHDN,85.76,+.205,+0.24%,86.29,87.75,85.25,37.7,0.51,0.36,87.54,98.25,78.73,99.56,-5109.04,-8468.02,13.04,65.1,95.4,0.0,-3.5
05/14/2026,1630,CHEF,81.18,+.68,+0.84%,81.30,82.68,80.54,72.95,0.63,0.34,67.97,63.4,72.02,90.19,5212.08,8281.05,9.13,4.1,96.4,10.6,15.5
05/14/2026,1630,CHH,105.72,-1.26,-1.18%,108.74,109.29,105.71,46.0,0.68,0.32,104.51,114.99,90.52,117.05,1203.01,-9842.08,20.08,71.1,97.4,-10.6,-1.9
05/14/2026,1630,CHPT,6.81,+.38,+5.91%,6.44,6.81,6.1655,62.64,0.48,1.09,5.78,6.25,5.98,6.86,1202.01,681.01,1.05,68.2,17.1,-4.0,0.0
05/14/2026,1630,CHRD,142.54,+.51,+0.36%,142.01,143.735,140.28,55.79,0.48,0.46,97.4,134.43,133.97,151.06,-1201.06,-13282.06,11.06,74.1,92.3,0.0,10.8
05/14/2026,1630,CHTR,148.00,+4.94,+3.45%,144.20,155.37,144.00,29.91,1.14,0.56,223.0,158.42,133.11,160.65,3205.01,15537.01,2.11,77.2,96.4,-42.8,-7.1
05/14/2026,1630,CHWY,21.48,-.17,-0.79%,21.65,21.66,21.17,29.47,0.45,0.77,23.06,24.95,20.42,25.96,-10116.01,-2117.01,18.01,99.4,61.1,-11.6,-12.4
05/14/2026,1630,CI,294.93,-5.78,-1.92%,300.90,300.90,294.22,60.38,0.26,0.3,277.16,272.33,274.64,304.7,4206.01,30090.01,1.32,29.1,48.1,9.8,1.1
05/14/2026,1630,CLOX,25.57,+.035,+0.14%,25.57,25.57,25.53,54.16,0.02,NaN,25.55,25.54,25.47,25.63,-4201.05,-2550.07,10.07,0.0,73.2,0.0,-0.5
05/14/2026,1630,CLOZ,26.44,+.025,+0.09%,26.42,26.4699,26.3676,70.88,0.03,NaN,26.25,26.16,26.31,26.51,-1206.07,2648.1,17.28,0.0,57.1,0.0,20.8
05/14/2026,1630,CLX,91.17,-.83,-0.90%,92.84,93.19,91.01,41.0,0.49,0.36,120.94,93.39,82.61,97.82,1202.01,-8470.08,20.08,83.2,100.4,-2.8,0.0
05/14/2026,1630,CMCSA,25.17,+.23,+0.92%,25.02,25.55,24.905,33.31,0.6,0.34,30.79,26.6,24.19,26.74,1101.02,-2453.02,15.11,58.1,94.4,-16.6,-22.4
05/14/2026,1630,CMG,32.09,-0.02,-0.06%,32.33,32.69,32.07,41.93,0.32,0.41,36.15,32.43,31.06,33.76,-7105.08,-3163.04,18.09,61.1,54.1,-10.9,0
05/14/2026,1630,CMI,716.45,+6.88,+0.97%,710.19,717.96,707.30,69.1,0.4,0.38,581.72,636.66,638.35,742.03,14211.02,71808.06,6.33,83.1,87.2,9.0,2.8
05/14/2026,1630,CNA,43.30,+.65,+1.52%,43.00,43.53,43.00,35.17,0.35,0.37,46.51,47.53,40.0,47.89,-5112.05,-4248.02,10.06,76.3,100.4,0.0,-18.7
05/14/2026,1630,CNC,58.70,-.11,-0.19%,58.77,59.35,58.17,82.9,0.6,0.43,40.5,40.2,54.65,66.84,-2105.03,5974.02,11.44,15.1,75.2,21.3,44.2
05/14/2026,1630,CNH,10.67,-.09,-0.84%,10.84,10.88,10.65,49.13,0.37,0.54,11.99,9.94,10.12,11.25,5101.03,1102.03,3.21,89.1,76.3,0.0,0.7
05/14/2026,1630,CNX,36.40,+.99,+2.80%,35.31,36.60,35.31,40.38,0.27,0.39,37.34,37.99,33.96,39.44,-10110.02,-3510.02,12.04,69.1,27.1,-0.1,-13.2
05/14/2026,1630,COAL,25.09,+.04,+0.16%,25.20,25.2199,24.60,42.64,0.24,0.34,24.68,24.61,24.83,26.19,-6103.01,-2460.01,8.01,35.1,19.1,-1.6,0.0
05/14/2026,1630,COCO,76.44,+1.67,+2.23%,74.77,77.01,73.401,83.47,0.94,0.52,48.01,46.52,66.82,87.37,-1102.01,7701.01,10.15,46.1,96.4,24.1,21.1
05/14/2026,1630,COF,185.79,+4.25,+2.34%,183.16,186.40,182.0001,43.09,0.25,0.36,187.5,189.68,180.37,194.7,-9105.01,-18200.01,20.01,67.1,29.1,-17.2,-2.3
05/14/2026,1630,COIN,212.01,+10.21,+5.06%,201.25,222.352,195.10,58.15,0.68,0.79,152.7,177.62,184.78,219.76,3205.01,22235.01,1.05,83.1,51.1,0.0,2.4
05/14/2026,1630,COM,34.96,-.44,-1.24%,35.17,35.17,34.81,65.36,0.1,0.09,30.73,33.67,34.08,35.67,4205.02,3562.02,2.25,6.1,54.1,23.6,13.8
05/14/2026,1630,COP,118.97,+1.57,+1.34%,117.13,119.52,117.01,46.94,0.37,0.35,107.88,120.22,110.68,127.68,-4108.04,-11380.04,11.04,67.1,92.4,0.0,-0.1
05/14/2026,1630,COPJ,45.84,-1.03,-2.20%,46.47,46.63,45.10,61.45,0.52,0.49,41.78,39.98,39.13,48.23,6207.01,4753.02,2.11,69.1,77.1,0.0,0.0
05/14/2026,1630,COPX,89.38,-2.53,-2.75%,90.45,90.79,88.32,60.88,0.49,0.51,81.78,77.57,76.29,94.5,6207.02,9277.02,2.12,70.1,77.1,0.0,0.0
05/14/2026,1630,CORN,18.53,-.45,-2.37%,18.69,18.695,18.45,50.02,0.18,0.26,17.39,18.21,18.29,19.23,-1101.01,-1820.06,10.06,89.2,81.2,0.0,8.3
05/14/2026,1630,COST,1041.25,+8.17,+0.79%,1034.95,1041.785,1026.10,63.2,0.17,0.27,977.81,985.12,992.12,1042.41,2203.01,104179.01,1.04,79.2,31.1,0.0,0.4
05/14/2026,1630,CP,86.90,+1.26,+1.47%,85.96,87.72,85.96,58.89,0.31,0.26,82.99,84.05,83.03,87.95,2203.01,8772.01,1.3,68.1,92.4,0.0,7.8
05/14/2026,1630,CPAY,329.17,-2.08,-0.63%,333.47,336.155,326.7275,56.92,0.5,0.39,331.23,305.42,294.19,351.94,3205.03,34394.03,3.11,68.1,90.4,0.0,0.0
05/14/2026,1630,CPER,40.02,-.25,-0.62%,40.16,40.195,39.8501,68.81,0.28,0.32,34.64,35.83,36.07,41.29,6207.02,4078.02,2.09,63.2,45.1,0.9,1.8
05/14/2026,1630,CPNG,16.59,+.63,+3.95%,16.02,16.71,15.815,32.84,0.63,0.46,16.93,19.95,14.26,20.74,-8107.02,-1565.02,20.03,67.1,92.4,-6.7,-20.3
05/14/2026,1630,CPRI,17.51,0.33,1.92%,17.52,17.68,17.265,35.98,0.41,0.8,19.73,19.16,16.28,19.96,-9114.02,-1693.02,18.02,98.4,31.1,-10.2,-14.8
05/14/2026,1630,CPT,103.99,-1.36,-1.29%,104.70,104.98,103.33,51.82,0.23,0.26,107.12,101.1,102.46,107.23,-1101.01,10631.1,10.44,77.2,79.3,1.5,6.3
05/14/2026,1630,CRCL,123.88,-2.69,-2.13%,123.60,132.44,118.3647,59.18,1.17,1.09,57.02,90.19,91.89,143.66,6210.03,14000.03,3.11,NaN,NaN,9.6,0.7
05/14/2026,1630,CRI,33.76,+.35,+1.05%,34.01,34.755,33.44,43.57,0.63,0.57,39.78,36.37,30.68,38.19,-2106.03,3899.06,6.08,48.1,78.2,-4.2,-6.4
05/14/2026,1630,CRM,167.58,+1.74,+1.05%,166.00,169.3476,164.3275,38.59,0.48,0.58,174.57,174.4,164.45,189.71,-3104.01,-16433.01,9.01,95.4,92.3,-2.9,0.0
05/14/2026,1630,CRSP,50.45,-2.30,-4.36%,52.90,53.49,50.2301,44.61,0.67,0.55,51.92,48.77,49.69,56.01,-1101.01,-5023.01,4.01,0.1,67.2,-6.5,0.0
05/14/2026,1630,CRWD,579.95,+17.38,+3.09%,559.705,583.78,555.00,81.07,0.42,0.64,342.72,435.56,466.04,596.52,8210.01,58378.01,1.25,98.2,63.1,16.4,10.9
05/14/2026,1630,CSCO,115.53,+13.66,+13.41%,117.55,119.36,113.97,87.47,0.5,0.43,76.47,85.78,96.02,114.51,12212.01,11936.01,1.3,98.4,92.1,12.4,13.2
05/14/2026,1630,CSX,45.92,+1.52,+3.42%,44.50,45.93,44.258,63.44,0.32,0.27,40.52,44.57,44.19,45.9,-2201.01,-4426.01,1.01,47.1,100.4,0.0,7.2
05/14/2026,1630,CTA,31.70,+.01,+0.03%,31.56,31.745,31.4604,56.45,0.33,0.25,29.02,30.06,30.11,33.09,1203.03,-2981.06,11.06,67.1,92.4,0.0,9.4
05/14/2026,1630,CUBE,39.64,-.25,-0.63%,40.23,40.43,39.605,50.53,0.24,0.29,38.28,38.63,38.93,41.22,5102.03,4111.03,3.08,37.1,70.2,0.1,0.9
05/14/2026,1630,CURB,27.86,+.45,+1.64%,27.76,27.87,27.47,54.39,0.27,0.34,26.46,27.49,26.98,28.48,-2201.09,2874.12,12.39,48.1,98.4,-1.3,0.8
05/14/2026,1630,CVNA,69.53,-.37,-0.53%,69.70,70.40,68.50,40.09,0.48,0.68,62.68,78.61,67.79,82.81,-4105.01,-6850.01,5.01,47.1,24.1,-3.3,0.0
05/14/2026,1630,CVS,97.15,-.96,-0.98%,98.32,98.43,96.58,78.42,0.38,0.3,72.92,77.46,84.12,101.11,12207.01,9843.01,2.39,15.1,86.2,33.4,12.7
05/14/2026,1630,CVX,186.64,+.64,+0.34%,186.19,187.57,185.25,46.76,0.24,0.29,178.74,183.2,179.46,194.44,-3107.05,-18074.05,9.05,73.1,78.3,0.0,0.0
05/14/2026,1630,CWH,6.86,+.18,+2.69%,6.74,6.955,6.61,45.27,0.99,0.9,10.74,6.68,6.22,8.11,-3104.02,-646.02,6.02,90.1,90.4,0.0,0.0
05/14/2026,1630,CZR,27.16,+.37,+1.38%,26.80,27.77,26.18,49.72,0.45,0.52,17.86,27.22,25.83,28.68,-4104.01,-2618.01,5.01,46.1,50.1,0.3,0.0
05/14/2026,1630,D,62.97,+.25,+0.40%,62.52,63.01,62.52,52.91,0.2,0.23,63.05,61.88,61.15,64.2,-3203.05,-6104.05,9.05,48.1,72.3,0.0,0.8
05/14/2026,1630,DAL,71.55,+.6875,+0.97%,72.00,72.535,71.005,56.77,0.29,0.48,66.3,65.82,66.38,75.48,5210.04,7393.05,5.12,43.1,13.1,1.6,0.4
05/14/2026,1630,DAPP,22.41,+.68,+3.13%,21.76,22.75,21.24,68.31,0.53,0.48,14.93,17.57,18.39,24.18,7210.04,2275.01,4.32,12.1,32.1,6.4,3.3
05/14/2026,1630,DAR,62.78,+.52,+0.84%,62.07,63.45,61.635,54.7,0.28,0.43,50.21,59.64,60.75,65.96,-1102.01,6602.08,8.2,6.1,11.3,0.0,8.2
05/14/2026,1630,DASH,153.70,+4.63,+3.11%,149.06,154.92,148.31,39.13,0.43,0.5,158.0,164.08,145.34,177.77,-5115.01,-14831.01,6.01,47.1,63.1,-7.5,0.0
05/14/2026,1630,DDOG,202.84,-2.47,-1.20%,204.45,205.00,197.55,82.17,1.01,0.59,98.01,124.32,146.89,230.88,14222.03,20544.02,4.24,60.1,98.4,36.4,15.9
05/14/2026,1630,DDS,534.86,+1.94,+0.36%,588.00,592.89,524.4401,35.81,0.32,NaN,575.1,561.35,513.94,587.54,-10116.01,-52444.01,1.01,0.0,13.1,-5.8,-4.1
05/14/2026,1630,DE,574.64,-6.01,-1.04%,580.18,587.145,574.00,47.17,0.34,0.42,590.92,557.76,563.14,599.86,5101.02,59398.03,6.15,99.4,82.1,0.0,0.1
05/14/2026,1630,DECK,94.97,+1.04,+1.11%,95.02,95.75,94.09,36.87,0.38,0.67,114.53,100.44,89.59,106.5,-9105.02,-9375.02,25.08,93.4,48.1,-10.3,-10.7
05/14/2026,1630,DELL,247.89,+4.02,+1.65%,248.85,260.54,240.811,66.73,0.68,0.81,112.86,201.56,204.11,270.53,27211.01,26054.01,4.61,99.4,90.2,13.4,0.1
05/14/2026,1630,DEO,80.58,-.11,-0.14%,80.84,81.4099,80.4691,50.41,0.32,0.33,94.07,77.12,77.23,85.49,-1103.02,8461.05,5.12,71.1,76.1,0.7,1.1
05/14/2026,1630,DG,105.05,+3.30,+3.24%,102.15,105.5099,102.15,31.93,0.37,0.56,147.57,112.76,98.76,119.49,-9116.01,-10081.02,20.02,98.4,74.2,-8.0,-18.5
05/14/2026,1630,DGX,187.94,-2.91,-1.52%,190.92,192.80,187.1401,40.88,0.27,0.27,200.94,187.5,184.21,194.93,1101.01,-18623.05,16.12,67.1,79.4,-7.0,-0.3
05/14/2026,1630,DIN,31.02,+2.37,+8.27%,29.42,31.99,28.937,62.41,0.56,0.6,29.94,26.97,26.39,30.83,5206.01,3199.01,1.06,60.1,91.3,0.0,2.9
05/14/2026,1630,DIS,105.42,+.52,+0.50%,105.54,106.29,104.845,54.79,0.34,0.27,102.96,100.6,99.76,110.34,4207.04,10839.04,4.08,30.1,79.4,0.1,0.9
05/14/2026,1630,DK,43.69,-.19,-0.43%,43.91,44.56,43.42,49.52,0.8,0.71,32.5,39.62,40.21,51.05,-1102.01,4950.08,8.2,79.1,95.4,0.0,9.4
05/14/2026,1630,DKL,51.62,+.62,+1.22%,51.125,51.89,51.125,51.81,0.35,0.22,53.0,50.07,49.88,53.95,-4107.03,-5011.03,10.03,10.1,96.4,0.0,2.2
05/14/2026,1630,DKNG,25.15,+.12,+0.48%,24.58,25.335,24.36,60.06,0.38,0.56,21.15,21.66,22.99,26.17,10209.03,2572.03,3.15,47.1,38.1,8.2,3.4
05/14/2026,1630,DLTR,89.97,+3.17,+3.65%,87.23,90.97,87.17,35.82,0.45,0.61,125.79,94.36,84.14,99.8,-11114.01,-8588.02,18.02,99.4,92.3,-8.7,-11.0
05/14/2026,1630,DOC,19.56,+.01,+0.05%,19.69,19.91,19.505,73.84,0.63,0.34,16.71,15.7,16.53,21.52,4208.04,1991.01,5.13,69.1,98.4,29.5,0.0
05/14/2026,1630,DOCU,45.50,+.43,+0.95%,45.21,46.26,44.60,45.63,0.43,0.76,40.42,44.9,44.31,48.71,-3104.01,-4460.01,4.01,93.2,52.1,0.0,0.0
05/14/2026,1630,DOV,214.36,-.26,-0.12%,216.20,216.82,213.40,43.29,0.3,0.32,228.58,220.28,212.0,227.64,-4106.01,-21340.01,6.01,79.1,87.3,-0.2,0.0
05/14/2026,1630,DOW,38.78,-.06,-0.15%,38.73,39.075,38.5499,50.62,0.59,0.53,29.49,37.38,36.63,41.19,-4102.04,-3672.05,8.05,58.2,83.3,0.0,2.4
05/14/2026,1630,DPZ,304.01,-4.47,-1.45%,309.00,311.50,303.59,26.64,0.4,0.36,370.7,326.54,283.82,335.44,-4114.11,-30359.01,15.11,79.1,97.4,-10.9,-17.1
05/14/2026,1630,DRI,194.61,+1.80,+0.93%,194.21,197.105,193.12,46.62,0.26,0.31,211.1,195.78,189.61,199.78,-1102.02,-19013.02,3.02,54.1,55.1,-1.2,-0.8
05/14/2026,1630,DRLL,36.4933,+.1859,+0.51%,36.38,36.578,36.22,49.29,0.3,0.3,33.29,35.63,34.71,38.35,-3107.05,-3495.06,10.06,79.1,95.4,0.0,0.0
05/14/2026,1630,DRVN,12.54,-.14,-1.10%,12.86,12.96,12.50,44.6,0.45,0.9,16.47,12.2,12.17,14.2,-3104.01,1407.07,7.12,96.2,80.1,0.0,0.0
05/14/2026,1630,DT,37.12,+2.39,+6.88%,34.80,37.285,34.73,49.47,0.63,0.61,33.24,33.98,34.3,41.98,-2102.01,-3473.01,5.01,93.3,100.2,7.8,0.0
05/14/2026,1630,DVN,47.24,+.34,+0.72%,46.44,47.405,46.3807,48.01,0.45,0.4,42.72,47.46,43.67,51.93,-3107.05,-4518.05,11.05,49.1,98.4,0.0,0.0
05/14/2026,1630,DXCM,57.82,-.75,-1.28%,59.02,59.555,57.655,38.72,0.4,0.5,69.81,56.72,56.57,61.9,1102.02,-5758.11,35.11,57.1,56.2,-6.5,0.0
05/14/2026,1630,EA,200.78,+.60,+0.30%,199.90,200.80,199.8125,40.1,0.03,0.08,199.12,201.95,199.1,202.7,-12117.01,-19945.02,13.02,15.3,17.1,-4.5,-10.2
05/14/2026,1630,EAT,136.75,+10.39,+8.22%,128.11,136.91,127.56,45.45,0.81,0.5,136.59,128.3,124.83,154.13,-3105.01,-12756.01,25.01,51.1,100.4,-4.0,-1.4
05/14/2026,1630,EBAY,113.24,+.23,+0.20%,112.90,113.49,111.7675,68.5,0.4,0.37,78.03,97.29,101.11,117.52,5212.02,11373.02,2.11,64.1,74.2,3.6,3.9
05/14/2026,1630,ECH,40.14,-.27,-0.67%,40.34,40.53,39.90,41.3,0.28,0.32,42.68,40.9,39.24,42.49,-1104.03,-3990.01,23.09,77.1,75.1,-14.3,0.0
05/14/2026,1630,ECPG,81.73,+2.71,+3.43%,79.99,82.385,79.36,54.63,0.28,0.37,56.14,81.21,79.46,85.11,-6104.01,-7936.01,4.01,31.1,35.1,-1.7,0.0
05/14/2026,1630,EDEN,111.996,-.8007,-0.71%,112.95,112.95,111.996,55.93,0.22,NaN,108.22,107.46,108.45,114.83,5208.04,11345.04,4.16,0.0,67.1,0.0,6.0
05/14/2026,1630,EDU,51.85,-.57,-1.09%,52.45,52.45,51.37,40.37,0.42,0.42,58.45,51.14,50.64,56.3,-4105.01,-5137.01,20.01,10.1,80.4,-8.7,0.0
05/14/2026,1630,EDV,62.82,+.23,+0.37%,63.14,63.28,62.81,40.8,0.12,0.11,67.16,63.25,62.17,64.26,-2104.02,-6242.02,16.02,3.1,12.1,-2.1,-4.3
05/14/2026,1630,EEM,67.38,+.17,+0.25%,66.952,67.515,66.83,64.34,0.27,0.32,60.19,62.44,62.71,69.96,14211.04,6815.04,5.33,91.2,84.1,9.3,4.0
05/14/2026,1630,EFNL,55.297,-.1491,-0.27%,55.80,55.85,55.2756,60.45,0.23,NaN,49.89,52.49,52.84,56.44,6202.01,5585.01,8.13,0.0,94.3,2.3,3.3
05/14/2026,1630,EFX,157.72,-2.22,-1.39%,160.75,162.50,157.71,29.19,0.39,0.41,187.22,169.65,157.9,178.45,-3104.01,-15771.01,18.01,77.1,77.1,-16.4,0.0
05/14/2026,1630,EGP,202.29,-1.26,-0.62%,204.49,204.895,202.205,57.28,0.17,0.17,189.25,196.8,198.25,207.19,3101.04,20624.04,4.08,18.1,39.2,0.0,0.5
05/14/2026,1630,EIS,133.87,-.17,-0.13%,133.40,134.005,132.3666,61.16,0.18,NaN,120.0,126.0,128.32,140.84,-1102.01,13698.06,6.32,0.0,24.1,9.0,8.0
05/14/2026,1630,EL,80.83,-1.30,-1.58%,82.30,82.79,80.54,50.28,0.37,0.46,108.19,75.45,75.25,89.76,6102.05,8790.06,6.11,52.1,35.1,6.1,2.1
05/14/2026,1630,ELS,61.96,-1.11,-1.76%,63.11,63.445,61.89,37.73,0.19,0.24,66.58,61.94,61.63,63.58,-1101.01,-6189.01,1.01,27.1,80.2,-8.0,0.0
05/14/2026,1630,ELV,396.71,-2.93,-0.73%,397.08,398.665,391.51,78.75,0.29,0.38,320.68,342.75,363.8,412.76,16232.11,40113.02,12.32,41.1,34.1,6.1,24.6
05/14/2026,1630,EMB,95.54,0,0.00%,95.78,95.94,95.52,48.29,0.06,0.09,97.24,95.33,95.03,96.34,-1103.02,9642.06,6.09,60.3,77.1,-4.3,0.0
05/14/2026,1630,EMR,137.88,+.12,+0.09%,137.79,138.98,136.9354,47.28,0.4,0.32,143.8,136.34,133.29,145.47,-2104.02,-13510.02,6.02,66.1,90.2,-2.0,0.0
05/14/2026,1630,ENB,56.22,+1.03,+1.87%,55.28,56.22,55.20,65.83,0.2,0.21,50.66,52.45,52.64,56.68,6204.01,5622.01,1.2,55.1,92.2,1.2,6.7
05/14/2026,1630,ENPH,48.01,+6.01,+14.31%,41.81,49.41,40.00,75.29,0.86,0.93,43.07,29.9,33.32,46.82,7208.01,4941.01,1.11,91.2,70.1,3.5,2.1
05/14/2026,1630,ENR,16.7,-0.32,-1.88%,17.29,17.45,16.59,36.82,0.61,0.685,21.78,18.25,16.05,19.9,-8109.01,-1659.01,8.01,98.1,83.4,-4.4,-3.3
05/14/2026,1630,ENVX,6.30,-.99,-13.58%,6.31,6.48,5.83,47.44,0.8,0.9,5.59,6.11,6.17,7.33,-1101.01,-583.01,2.01,16.1,46.1,0.0,0.0
05/14/2026,1630,ENZL,45.1155,-.2145,-0.47%,45.235,45.38,44.99,53.35,0.2,0.54,44.66,43.0,43.47,46.93,7101.04,4632.04,4.12,73.4,84.1,5.5,1.8
05/14/2026,1630,EOG,135.99,+1.06,+0.79%,134.50,136.95,134.0001,51.31,0.32,0.32,117.79,131.95,128.16,142.63,-3201.04,-12920.05,8.05,68.1,94.2,0.0,0.0
05/14/2026,1630,EPD,39.23,+.94,+2.45%,38.45,39.30,38.3692,61.92,0.2,0.25,35.84,37.49,37.25,39.37,1203.01,3930.01,1.04,99.3,85.1,0.0,4.4
05/14/2026,1630,EPHE,24.80,+.02,+0.08%,24.86,24.90,24.7862,48.37,0.15,NaN,26.56,24.05,24.02,25.46,3202.05,2530.05,5.12,0.0,12.1,-1.0,0.0
05/14/2026,1630,EPOL,39.71,+.14,+0.35%,39.96,39.99,39.6606,56.75,0.27,0.14,36.88,37.77,37.85,40.48,4202.01,4023.07,7.12,4.1,83.1,-1.4,0.0
05/14/2026,1630,EPR,57.89,-.28,-0.48%,58.55,58.80,57.85,61.26,0.18,0.27,56.79,55.11,54.82,59.87,4208.03,5880.01,3.08,63.1,33.1,0.0,0.0
05/14/2026,1630,EPU,83.89,-.64,-0.76%,84.51,84.51,83.095,55.74,0.28,NaN,83.68,77.38,77.11,86.97,6207.02,8501.02,2.12,0.0,63.1,0.0,0.0
05/14/2026,1630,EQR,65.02,-.81,-1.23%,66.20,66.20,65.02,57.4,0.25,0.21,62.46,61.94,63.24,68.04,16101.08,6695.08,8.39,14.1,84.4,1.1,11.8
05/14/2026,1630,EQRR,77.3303,+.8143,+1.06%,76.88,77.53,76.88,73.69,0.11,NaN,67.26,73.55,74.25,77.87,19205.01,7753.01,1.44,0.0,31.1,6.6,6.8
05/14/2026,1630,EQT,56.57,+.64,+1.14%,55.69,57.00,55.55,40.88,0.23,0.36,55.81,57.92,54.19,60.02,-7108.02,-5511.02,10.02,21.1,7.1,-0.1,-0.2
05/14/2026,1630,ESI,43.56,-.67,-1.51%,44.71,45.00,43.49,61.53,0.53,0.4,31.77,38.21,40.12,46.88,20212.06,4552.04,8.45,38.1,92.2,4.3,10.4
05/14/2026,1630,ESPO,90.44,-.5349,-0.59%,90.10,90.65,89.8649,46.12,0.2,0.21,91.3,90.74,88.96,92.02,-4101.03,9700.2,20.35,88.2,66.1,-17.2,0.0
05/14/2026,1630,ESS,268.53,-3.41,-1.25%,273.00,273.00,268.155,61.38,0.24,0.21,249.99,253.2,258.5,276.05,15204.01,27300.01,11.39,11.1,79.2,2.9,7.8
05/14/2026,1630,ET,20.36,+.26,+1.29%,20.10,20.47,20.065,63.38,0.22,0.23,18.25,18.88,19.11,20.8,1203.01,2067.08,8.2,29.1,93.4,0.0,2.7
05/14/2026,1630,ETH,21.82,+.40,+1.87%,21.45,22.025,21.31,51.23,0.36,0.6,17.07,21.06,21.1,22.56,-3103.01,-2131.01,8.01,11.1,1.1,-4.1,0.0
05/14/2026,1630,ETH-USD,-82.64,-4.4,5.62%,-78.68,-77.905,-84.005,17.84,0.82,0.81,-42.6,-61.01,-86.86,-56.52,-19108.01,8401.01,32.01,71.1,10.1,-10.8,-18.9
05/14/2026,1630,ETHA,17.36,+.34,+2.00%,17.06,17.52,16.9472,51.23,0.37,0.68,13.62,16.75,16.79,17.93,-3201.01,-1695.01,8.01,12.1,1.1,-4.5,0.0
05/14/2026,1630,ETHE,18.62,+.33,+1.80%,18.31,18.8093,18.205,50.8,0.36,0.55,14.71,18.01,18.03,19.25,-3103.01,-1820.01,8.01,4.1,1.1,-4.8,0.0
05/14/2026,1630,ETSY,58.41,+1.01,+1.76%,57.64,59.13,56.78,45.75,0.65,0.55,44.0,62.3,55.43,67.74,-4106.01,-5678.01,12.01,39.1,79.4,-0.7,0.0
05/14/2026,1630,EWA,29.28,+.16,+0.55%,29.37,29.385,29.235,50.27,0.22,0.17,28.89,28.48,28.66,30.04,-1103.03,3009.06,6.12,37.1,88.1,-2.9,0.0
05/14/2026,1630,EWC,58.17,+.43,+0.74%,57.87,58.23,57.68,55.77,0.15,0.17,55.09,56.82,57.21,58.8,3201.04,5855.04,4.12,72.1,67.1,0.0,3.0
05/14/2026,1630,EWD,50.69,-.05,-0.10%,50.88,50.99,50.645,45.95,0.28,0.24,52.63,50.05,49.36,52.45,-1106.03,-5001.09,24.12,62.1,88.3,-14.4,0.0
05/14/2026,1630,EWG,42.25,+.09,+0.21%,42.40,42.57,42.202,51.94,0.23,0.25,43.55,41.18,41.31,43.32,-1103.03,4344.06,6.09,78.1,90.3,-0.3,1.0
05/14/2026,1630,EWH,24.42,-.13,-0.53%,24.37,24.42,24.205,62.47,0.16,0.2,23.26,23.21,23.24,25.05,6211.05,2466.06,6.15,29.1,52.1,10.9,1.2
05/14/2026,1630,EWI,58.87,-.04,-0.07%,59.07,59.14,58.825,57.99,0.24,0.27,55.27,56.52,56.47,60.5,5208.04,5944.04,5.09,88.2,90.2,0.3,0.6
05/14/2026,1630,EWJ,92.06,-1.03,-1.11%,92.37,92.49,91.97,61.08,0.2,0.25,90.33,86.41,87.22,95.1,5211.04,9327.02,5.12,73.1,56.1,7.2,2.0
05/14/2026,1630,EWJV,45.44,-.01,-0.02%,45.54,45.5899,45.32,64.84,0.22,NaN,45.39,41.96,42.54,46.41,7211.02,4560.02,2.15,0.0,63.1,1.0,0.4
05/14/2026,1630,EWK,26.5123,+.0237,+0.09%,26.56,26.69,26.46,59.66,0.25,NaN,27.16,24.97,25.19,27.27,5208.04,2671.06,6.12,66.1,93.4,0.1,0.0
05/14/2026,1630,EWM,30.21,0,0.00%,30.15,30.22,30.07,64.49,0.1,0.19,29.57,29.2,29.29,30.88,12227.06,3064.06,6.32,62.1,2.1,10.2,8.6
05/14/2026,1630,EWN,65.67,+.33,+0.51%,65.51,66.19,65.51,60.21,0.27,0.26,61.35,60.89,61.31,67.54,5208.04,6619.01,5.12,95.2,92.2,0.2,0.5
05/14/2026,1630,EWO,39.39,-.158,-0.40%,39.48,39.65,39.35,55.98,0.2,NaN,38.0,38.74,38.42,40.49,4101.04,4014.04,4.09,0.0,74.1,0.0,3.4
05/14/2026,1630,EWP,56.27,-.16,-0.28%,56.60,56.67,56.27,49.76,0.24,0.23,55.74,55.27,55.14,57.88,-1103.02,5783.06,6.09,79.2,83.1,-3.1,0.0
05/14/2026,1630,EWQ,45.03,-.11,-0.24%,45.17,45.27,45.00,48.55,0.24,0.29,46.53,44.37,44.19,46.43,-2103.02,4660.06,6.09,92.2,90.3,-2.8,0.0
05/14/2026,1630,EWS,29.08,-.31,-1.05%,29.16,29.16,29.015,54.07,0.18,0.24,28.35,28.13,28.31,29.51,2205.02,2941.02,2.12,82.2,90.1,0.0,0.0
05/14/2026,1630,EWUS,41.75,-.1584,-0.38%,41.92,41.94,41.75,47.7,0.24,0.24,43.65,41.32,41.03,43.13,-1103.03,-4118.09,23.09,71.1,90.3,-7.9,0.0
05/14/2026,1630,EWW,79.00,-1.27,-1.58%,80.15,81.07,78.65,54.25,0.21,0.31,78.8,75.28,75.3,82.21,6208.01,8107.01,4.11,88.2,69.1,0.2,0.0
05/14/2026,1630,EWY,190.52,+1.89,+1.00%,189.00,191.23,188.08,68.32,0.61,0.69,129.65,152.41,158.79,206.23,14229.04,19458.04,4.3,94.2,87.1,22.4,8.0
05/14/2026,1630,EWZ,37.13,+.35,+0.95%,37.19,37.41,36.99,36.77,0.24,0.36,37.22,38.6,36.61,40.37,-9106.01,-3699.01,24.01,82.1,65.1,-10.9,-7.7
05/14/2026,1630,EWZS,14.30,+.25,+1.78%,14.17,14.399,14.13,40.14,0.33,0.41,14.59,14.54,14.02,15.59,-3104.01,-1413.01,25.01,79.1,75.1,-11.0,-1.0
05/14/2026,1630,EXAS,104.91,0,0.00%,0,0,0,76.4,0.04,0.37,101.28,103.1,103.16,104.69,6206.01,10498.01,1.08,32.4,24.1,6.4,0.0
05/14/2026,1630,EXP,202.11,+2.75,+1.38%,201.33,203.84,200.58,47.77,0.3,0.45,222.72,203.07,197.51,215.64,-4104.01,-19760.02,6.02,99.4,31.1,0.0,0.0
05/14/2026,1630,EXPD,153.61,-2.19,-1.41%,156.04,156.68,149.14,56.2,0.42,0.34,135.42,146.74,143.19,160.89,4208.04,15700.04,4.09,81.1,86.2,7.8,0.0
05/14/2026,1630,EXPE,217.17,-.38,-0.17%,216.89,220.93,214.345,35.06,0.51,0.49,185.34,233.5,206.59,260.71,-7105.01,-21435.01,18.01,50.1,75.1,-9.6,-1.3
05/14/2026,1630,EXR,142.19,-.22,-0.15%,143.63,144.90,141.39,51.77,0.24,0.29,143.33,138.0,139.18,145.74,5102.01,14490.01,1.08,65.1,57.1,-0.1,4.7
05/14/2026,1630,EYE,17.72,+.80,+4.73%,16.71,18.57,16.52,28.35,0.92,0.64,25.69,22.11,16.73,24.03,-12118.01,-1652.01,13.01,62.4,100.4,-5.1,-13.8
05/14/2026,1630,EZA,70.48,-0.29,-0.41%,70.62,70.8,70.11,50.96,0.36,0.47,73.27,66.13,66.58,73.69,4207.04,7281.04,4.12,90.1,71.1,-1,0
05/14/2026,1630,F,14.48,+.91,+6.71%,13.75,14.94,13.63,73.95,0.57,0.52,13.57,12.14,11.56,14.21,2202.01,1494.01,1.08,99.2,100.4,0.0,0.0
05/14/2026,1630,FAF,67.01,+.15,+0.22%,67.70,68.225,66.69,49.0,0.31,0.28,64.77,68.59,65.87,71.14,-4104.01,-6610.02,14.02,14.1,80.1,0.0,1.9
05/14/2026,1630,FANG,200.26,-.84,-0.42%,198.92,201.50,197.61,54.84,0.4,0.4,163.5,191.83,186.1,213.23,-4202.04,-18694.05,9.05,75.1,98.4,0.0,1.2
05/14/2026,1630,FAST,43.98,+.21,+0.48%,43.89,44.15,43.48,44.64,0.23,0.33,44.83,43.64,42.97,45.13,-3109.02,-4300.02,6.02,83.1,53.1,-2.3,0.0
05/14/2026,1630,FCFS,227.53,+3.28,+1.46%,227.02,228.77,223.98,64.18,0.25,0.29,175.71,212.68,214.97,236.43,19201.03,23597.03,3.31,54.1,47.1,5.4,12.0
05/14/2026,1630,FCG,30.05,+.26,+0.87%,29.67,30.155,29.64,50.18,0.33,0.35,25.69,29.61,28.34,31.83,-3107.05,-2886.05,11.05,86.1,97.4,0.0,0.0
05/14/2026,1630,FDX,379.98,+10.28,+2.78%,371.00,380.08,368.54,51.82,0.46,0.31,373.99,382.27,353.8,400.89,-3201.07,-36450.07,18.07,27.1,97.4,-0.7,-1.3
05/14/2026,1630,FICO,1076.93,12.29,1.15%,1059.05,1106.395,1054.42,50.68,0.41,0.65,1193.1,966,1011.79,1153.12,6102.05,113293.05,5.11,85.3,41.1,1.1,4.8
05/14/2026,1630,FISV,53.46,+1.09,+2.08%,53.15,53.77,52.27,34.92,0.42,0.45,57.9,60.28,49.91,62.36,-8108.01,-5217.02,18.02,50.1,65.2,-10.7,-5.2
05/14/2026,1630,FIVE,214.94,+4.95,+2.36%,211.86,215.65,210.275,42.83,0.5,0.57,204.45,227.16,200.48,240.25,-5106.02,-20514.02,6.02,81.2,85.4,-1.7,-1.1
05/14/2026,1630,FLG,13.7,0,0.00%,13.86,13.94,13.595,44.41,0.24,0.33,13.15,13.7,13.57,14.37,-3104.01,-1360.01,5.01,11.1,15.1,-6.3,0
05/14/2026,1630,FLNG,31.85,+.18,+0.57%,30.81,32.065,30.60,52.56,0.26,0.37,26.0,30.66,31.22,33.57,-2102.01,-3060.01,8.01,77.1,49.1,2.2,4.7
05/14/2026,1630,FLO,7.31,-.42,-5.43%,7.78,7.855,7.22,24.98,0.39,0.55,9.44,8.65,7.3,8.91,-8110.01,-722.01,10.01,73.3,84.2,-0.4,0.0
05/14/2026,1630,FLUT,93.85,-1.16,-1.22%,93.79,95.15,92.02,32.77,0.4,0.57,114.74,105.28,87.7,109.83,-10112.01,-9202.01,14.02,75.1,62.1,-1.6,-10.3
05/14/2026,1630,FND,45.77,+.16,+0.35%,46.39,47.21,45.36,36.66,0.48,0.63,65.36,46.53,44.54,52.13,-2104.01,-4536.01,5.01,90.2,59.1,-6.5,-1.5
05/14/2026,1630,FNF,47.79,+.32,+0.67%,48.05,48.2734,47.43,38.72,0.27,0.4,50.56,51.18,46.04,53.03,-8110.01,-4693.02,15.02,87.2,62.1,0.0,0.0
05/14/2026,1630,FORM,127.99,-1.32,-1.02%,129.31,129.8529,126.095,46.23,0.81,0.87,90.57,130.2,121.16,154.96,-3103.01,-12610.01,4.01,87.3,85.2,0.0,0.0
05/14/2026,1630,FOUR,42.02,+1.15,+2.81%,41.15,42.6199,40.495,44.3,0.75,0.7,53.88,43.8,38.71,46.88,-3105.02,-3992.02,6.02,77.1,84.1,-9.6,-1.8
05/14/2026,1630,FOXA,65.32,-1.15,-1.73%,66.57,66.96,65.17,57.83,0.34,0.36,55.09,62.64,60.95,67.84,4204.01,6696.01,1.08,58.1,83.2,0.0,0.0
05/14/2026,1630,FR,61.33,-.53,-0.86%,62.07,62.40,61.33,47.57,0.2,0.36,58.92,61.15,61.02,62.94,-1102.01,6339.03,3.08,82.2,47.1,-7.5,6.3
05/14/2026,1630,FROG,65.08,+.90,+1.40%,64.89,65.61,62.01,68.94,0.9,0.69,34.05,43.5,50.77,77.52,11215.04,7165.04,4.22,69.1,84.2,32.2,9.0
05/14/2026,1630,FRPT,49.34,+.71,+1.46%,48.64,50.50,48.55,28.51,0.57,0.59,66.79,64.6,42.44,65.32,-8110.02,-4795.02,23.04,50.1,79.2,-5.8,-20.4
05/14/2026,1630,FRT,113.82,-.31,-0.27%,114.47,114.99,113.78,56.35,0.21,0.21,104.21,109.86,110.6,118.77,16102.06,11671.06,6.36,33.1,85.4,5.4,6.4
05/14/2026,1630,FSLY,17.68,-.63,-3.44%,18.115,18.14,17.015,37.72,1.99,0.88,16.41,23.14,14.14,31.39,-6106.01,-1702.01,7.03,54.1,90.4,0.0,-0.1
05/14/2026,1630,FTNT,121.86,+4.17,+3.54%,118.03,121.97,115.77,84.99,0.71,0.43,74.31,82.5,94.3,128.61,13221.01,12197.01,3.22,55.1,92.4,33.8,13.4
05/14/2026,1630,FTV,58.92,-.50,-0.84%,59.81,60.10,58.40,44.94,0.18,0.39,56.28,60.65,58.17,61.8,-3105.01,-5840.01,11.01,92.1,9.1,-2.1,0.0
05/14/2026,1630,FTWO,45.6439,-.3904,-0.85%,45.67,45.765,45.63,47.39,0.22,NaN,45.67,44.58,44.79,46.84,-1101.01,4656.03,3.12,0.0,79.1,0.0,0.0
05/14/2026,1630,FUTU,141.51,-1.23,-0.86%,139.47,142.86,137.01,42.13,0.67,0.74,136.08,150.62,130.58,164.96,-6106.01,-13521.02,6.02,98.4,90.4,-2.4,-4.5
05/14/2026,1630,FUTY,58.05,+.31,+0.54%,57.76,58.05,57.61,42.1,0.18,0.18,58.85,58.85,56.97,60.41,-6107.01,-5736.02,10.02,63.2,92.2,-0.8,-0.8
05/14/2026,1630,FWONK,91.17,-0.69,-0.75%,91.69,92.87,91.06,55.96,0.29,0.32,85.51,84.26,84.72,96.25,6210.04,9559.04,4.11,69.1,88.1,3.3,0
05/14/2026,1630,FWRG,10.76,-0.02,-0.19%,10.82,11.096,10.68,32.84,0.49,0.55,12.17,12.77,10.21,13.25,-9110.01,-1068.01,16.02,25.1,46.1,-2.6,0
05/14/2026,1630,FXA,71.49,-.33,-0.46%,71.62,71.63,71.49,57.48,0.08,0.1,69.62,70.42,70.75,72.24,6101.02,7202.02,4.34,44.1,48.1,0.0,2.2
05/14/2026,1630,FXB,128.815,-1.225,-0.94%,129.8099,129.93,128.80,40.99,0.06,0.06,129.26,129.54,129.11,131.25,-3103.01,-12880.01,4.01,17.3,53.1,0.0,0.0
05/14/2026,1630,FXC,71.20,-.09,-0.13%,71.23,71.26,71.15,44.77,0.04,0.13,71.23,71.32,71.06,71.92,-4106.01,-7115.01,10.01,65.1,21.1,-0.5,0.0
05/14/2026,1630,FXE,107.70,-.34,-0.31%,107.90,107.92,107.66,45.27,0.04,0.05,108.38,107.65,107.52,108.72,-2102.01,-10766.01,4.01,8.1,21.1,0.0,3.1
05/14/2026,1630,FXF,112.57,-.26,-0.23%,112.80,112.83,112.55,49.3,0.07,0.09,113.73,111.35,111.76,114.01,-1102.02,11370.05,5.12,56.2,34.1,0.0,3.1
05/14/2026,1630,FXI,37.24,-1.02,-2.67%,37.36,37.40,37.055,52.99,0.2,0.26,37.93,36.12,36.12,38.3,6207.02,3835.02,2.13,40.1,62.1,0.0,2.5
05/14/2026,1630,FXY,58.00,-.17,-0.29%,58.14,58.33,57.98,48.62,0.1,0.07,58.87,57.23,57.41,59.15,-1103.03,5883.07,7.12,6.1,68.4,3.6,0.0
05/14/2026,1630,FYBR,38.49,0,0.00%,0,0,0,73.16,0.03,0.09,37.42,38.06,37.98,38.52,4204.01,3849.01,1.05,8.1,17.1,0.0,0.0
05/14/2026,1630,GAP,21.23,0.21,1.00%,21.21,21.6,21.175,30.72,0.41,0.67,25.92,24.18,20.13,25.12,-10117.02,-2078.02,18.02,83.4,54.1,-13.1,-21.1
05/14/2026,1630,GD,340.62,-.74,-0.22%,340.87,343.989,339.17,49.86,0.32,0.23,340.09,306.77,323.27,368.56,-1102.01,35141.08,8.13,55.1,96.4,7.1,3.7
05/14/2026,1630,GDAXI:DE,24456.26,+319.45,+1.32%,24366.42,24492.95,24329.74,55.17,0.18,NaN,24734.04,23897.24,23764.55,24863.71,1201.01,2502102.06,6.1,0.0,83.1,-0.3,0.0
05/14/2026,1630,GDX,93.95,-2.28,-2.37%,95.90,95.91,93.535,51.06,0.5,0.48,97.41,85.93,84.28,100.95,5207.03,9756.03,3.12,69.1,69.1,0.0,0.0
05/14/2026,1630,GDXJ,125.67,-3.27,-2.54%,128.29,128.54,124.85,52.77,0.52,0.55,126.88,113.21,111.25,135.04,6207.02,13058.03,3.12,76.1,63.1,0.0,0.0
05/14/2026,1630,GE,291.54,-3.17,-1.08%,295.03,297.85,289.08,47.63,0.41,0.38,314.5,277.18,279.61,309.47,4101.04,30541.05,5.15,77.1,87.3,0.0,1.4
05/14/2026,1630,GEL,16.10,+.36,+2.29%,15.83,16.30,15.6389,37.21,0.26,0.39,17.19,16.68,15.28,17.43,-7109.01,-1555.02,12.02,67.4,35.2,0.0,-4.0
05/14/2026,1630,GII,76.28,+.27,+0.36%,76.16,76.36,76.13,47.99,0.15,0.2,76.79,75.4,75.32,77.72,-2106.02,-7569.02,7.02,81.2,97.4,-0.9,0.0
05/14/2026,1630,GIL,57.11,+.42,+0.74%,57.50,57.81,56.695,45.04,0.52,0.31,69.9,55.76,54.9,62.08,-2106.02,-5616.02,7.02,49.1,98.4,0.0,0.0
05/14/2026,1630,GIS,33.13,-.48,-1.43%,33.83,33.993,33.07,33.25,0.23,0.36,43.72,34.12,33.01,35.55,-4105.01,-3307.01,5.01,95.1,54.1,-0.4,0.0
05/14/2026,1630,GK,29.2917,+.3229,+1.11%,29.29,29.31,29.2899,76.13,0.19,0.13,25.04,26.43,27.72,29.88,4211.07,2931.01,7.33,4.1,74.1,23.3,18.4
05/14/2026,1630,GLASF,9.9194,+.8754,+9.68%,9.2000,10.1500,9.2000,58.4,0.91,NaN,7.3,8.9,8.88,10.37,1201.01,1015.01,1.02,0.0,62.4,0.0,3.6
05/14/2026,1630,GLBE,27.94,+.40,+1.45%,27.61,28.67,27.06,35.6,0.58,0.62,29.5,30.87,27.24,33.3,-5105.01,-2706.01,5.01,56.3,79.2,-1.1,-0.6
05/14/2026,1630,GLD,427.21,-3.29,-0.76%,430.30,431.54,427.10,46.86,0.22,0.26,445.53,414.16,414.33,439.93,4207.04,-41328.09,53.12,64.1,52.1,-3.3,0.0
05/14/2026,1630,GLIN,45.30,+.608,+1.36%,44.79,45.38,44.79,52.98,0.25,0.15,46.03,44.89,43.87,46.48,-3201.02,-4373.03,6.03,10.1,86.2,-1.5,0.0
05/14/2026,1630,GM,77.75,+1.94,+2.56%,75.88,79.27,75.88,52.04,0.32,0.41,78.44,74.78,74.82,79.14,1201.01,7927.01,1.03,82.1,65.1,-7.2,0.0
05/14/2026,1630,GME,21.61,-.47,-2.13%,22.08,22.35,21.61,37.35,0.61,0.63,22.79,24.0,21.02,25.91,-9106.01,-2161.01,9.01,44.4,87.4,-0.5,-0.2
05/14/2026,1630,GO,7.67,-.07,-0.90%,9.11,9.44,7.54,48.63,0.47,0.77,9.85,7.66,7.55,8.27,-4104.01,-754.01,1.01,79.2,69.1,-0.2,0.0
05/14/2026,1630,GOLF,86.04,+1.49,+1.76%,85.50,86.85,85.035,36.69,0.44,0.34,98.51,94.8,79.74,97.17,-10115.03,-8395.02,14.06,74.2,100.4,-2.6,-18.4
05/14/2026,1630,GOOG,397.17,-1.87,-0.47%,393.79,399.104,392.728,73.36,0.41,0.34,296.9,334.05,365.04,425.33,15202.07,39993.02,8.33,36.1,99.4,11.3,16.0
05/14/2026,1630,GOOGL,401.07,-1.55,-0.38%,397.28,402.93,395.84,74.16,0.41,0.35,296.25,335.39,368.26,429.45,-1202.03,40370.02,7.33,45.1,100.4,11.5,16.5
05/14/2026,1630,GOOS,9.89,-.79,-7.40%,11.10,11.58,9.85,30.24,0.48,0.43,11.62,11.12,10.02,12.14,-4104.01,-985.01,18.01,23.4,51.1,-2.4,-0.8
05/14/2026,1630,GPI,334.33,+6.55,+2.00%,329.83,339.45,329.83,46.67,0.42,0.42,324.49,333.17,324.16,360.43,-3103.01,-32708.02,4.02,77.1,87.4,0.8,0.0
05/14/2026,1630,GPN,67.33,+.32,+0.48%,67.36,68.145,66.375,42.41,0.32,0.42,68.12,66.5,65.93,72.51,-2105.01,-6638.01,6.01,42.1,43.1,-3.4,0.0
05/14/2026,1630,GRID,197.33,+.07,+0.04%,196.72,197.7981,196.06,64.79,0.25,0.25,172.93,183.35,185.47,204.37,14232.04,19999.04,6.33,88.1,90.2,9.9,6.8
05/14/2026,1630,GRMN,234.43,+2.41,+1.04%,233.40,235.01,230.29,39.33,0.29,0.3,212.61,240.89,222.99,254.63,-8116.08,-23029.01,23.08,42.1,59.1,-15.7,-3.8
05/14/2026,1630,GRNY,27.25,+.28,+1.04%,26.99,27.28,26.975,66.22,0.15,0.23,24.41,25.98,26.31,27.51,6211.01,2728.01,4.32,49.1,36.1,0.0,4.8
05/14/2026,1630,GS,968.96,+13.54,+1.42%,966.90,975.66,960.50,65.98,0.24,0.31,881.65,899.16,906.37,973.63,7207.01,97566.01,1.09,41.1,38.1,0.0,1.8
05/14/2026,1630,GSG,33.96,-.17,-0.50%,33.81,33.98,33.69,58.13,0.32,0.35,24.41,32.2,32.39,35.23,1204.03,-3186.06,12.06,80.1,88.1,0.0,13.9
05/14/2026,1630,GTBIF,7.38,-.16,-2.12%,7.54,7.78,7.36,48.3,0.99,NaN,6.2,6.8,7.24,8.47,-2103.01,-736.01,10.01,0.0,77.4,0.0,5.2
05/14/2026,1630,GTLB,22.60,+.55,+2.49%,22.06,22.95,21.58,47.26,0.71,0.9,23.45,20.73,20.63,27.12,-2103.01,-2158.01,6.01,98.4,96.2,5.9,0.0
05/14/2026,1630,GTM,3.90,-.06,-1.52%,3.99,4.025,3.76,23.26,1.49,0.64,5.77,5.73,3.63,6.81,-4105.01,-376.01,4.01,61.3,99.4,1.5,-0.2
05/14/2026,1630,GVAL,35.2338,-.0162,-0.05%,35.28,35.45,35.2338,51.88,0.18,NaN,34.8,34.5,34.48,35.89,4202.04,3585.04,4.11,0.0,81.1,-4.3,0.0
05/14/2026,1630,GVIP,175.8375,+.9173,+0.52%,174.90,176.2051,174.87,69.73,0.19,0.16,155.65,163.58,165.57,181.4,7211.04,17727.04,4.33,85.1,63.1,8.3,8.7
05/14/2026,1630,GVZ:CGI,25.79,-.77,-2.90%,26.01,26.39,25.71,40.2,0.62,NaN,30.9,25.37,25.28,28.01,-1101.01,2798.03,3.25,0.0,20.1,-2.5,4.2
05/14/2026,1630,H,169.98,+2.72,+1.63%,169.63,171.29,166.89,59.1,0.39,0.41,159.02,156.85,159.8,173.31,6207.01,17129.01,1.09,79.1,80.1,-1.4,5.5
05/14/2026,1630,HACK,87.60,+2.45,+2.88%,86.08,88.20,85.43,69.02,0.24,0.41,69.66,77.12,79.95,89.4,11210.01,8820.01,1.24,100.3,72.1,11.7,5.9
05/14/2026,1630,HAL,41.29,+.27,+0.66%,41.04,41.57,40.885,57.84,0.34,0.37,33.1,39.08,39.16,42.8,-1203.07,4246.1,11.19,13.1,44.2,0.0,9.6
05/14/2026,1630,HBB,18.86,+1.08,+6.07%,17.85,19.16,17.85,44.55,0.54,0.92,18.29,20.1,17.67,21.56,-4104.01,-1785.01,5.01,70.4,61.1,0.0,-0.1
05/14/2026,1630,HBDC,24.65,-.05,-0.20%,24.655,24.73,24.60,46.19,0.03,NaN,24.62,24.62,24.59,24.77,-1101.01,-2460.01,2.01,NaN,NaN,-1.8,0.0
05/14/2026,1630,HCA,432.70,+5.16,+1.21%,428.99,434.30,427.89,38.06,0.39,0.3,522.05,422.19,422.61,441.89,-5201.13,-42076.04,25.13,59.1,94.4,-18.3,0.0
05/14/2026,1630,HD,304.35,+1.80,+0.59%,305.06,305.98,301.415,33.5,0.28,0.36,369.58,319.05,294.73,329.91,-9117.01,-29927.02,18.02,99.2,84.3,-14.3,-7.8
05/14/2026,1630,HELE,23.43,+1.03,+4.60%,22.44,24.665,22.4016,58.39,0.85,0.51,16.95,20.29,22.24,25.77,-3105.01,-2240.01,14.01,0.1,77.4,0.0,4.4
05/14/2026,1630,HII,336.95,+2.73,+0.82%,332.505,339.76,332.505,38.03,0.48,0.38,406.7,352.05,295.89,371.74,-9201.06,-31221.06,59.06,54.1,92.2,-2.9,-5.7
05/14/2026,1630,HIMS,24.24,+.10,+0.41%,24.04,24.7998,23.38,45.47,0.94,0.82,13.74,26.04,22.65,30.04,-3103.01,-2338.01,4.01,21.1,61.1,-1.2,0.0
05/14/2026,1630,HLN,8.91,-.11,-1.22%,9.04,9.06,8.905,32.09,0.2,0.3,10.98,9.07,8.75,9.49,-13125.04,-890.01,65.04,69.1,49.1,-7.0,-11.5
05/14/2026,1630,HLT,316.52,+5.11,+1.64%,314.38,318.49,314.38,48.15,0.28,0.31,304.13,311.33,302.09,331.01,-6114.08,-30806.09,20.09,79.1,92.3,-13.4,0.0
05/14/2026,1630,HOOD,80.70,+3.95,+5.15%,76.05,81.93,75.11,53.37,0.73,0.66,69.22,69.93,69.86,85.25,-4201.1,-7076.11,19.11,23.1,75.3,-5.8,0.0
05/14/2026,1630,HPP,11.77,+.17,+1.47%,11.78,12.265,11.67,70.75,0.89,0.84,5.92,8.08,9.14,13.18,14208.03,1228.05,5.3,52.1,91.2,18.9,5.3
05/14/2026,1630,HQY,82.32,+.14,+0.17%,82.66,83.445,80.97,49.98,0.4,0.52,72.76,77.47,80.27,84.7,-3104.01,-7969.02,18.02,87.2,70.3,-4.3,2.3
05/14/2026,1630,HSI:HK,26389.04,0,0.00%,0,0,0,55.61,0.15,NaN,26295.03,25639.26,25797.44,26748.91,4207.01,2684480.01,1.08,0.0,5.1,0.0,0.3
05/14/2026,1630,HSY,190.32,-5.35,-2.73%,196.49,196.58,189.83,46.18,0.23,0.33,214.62,186.15,181.18,195.73,3204.01,19658.02,1.08,75.1,34.1,0.0,1.3
05/14/2026,1630,HTZ,5.83,-.07,-1.19%,5.88,6.05,5.82,48.31,0.97,0.95,4.29,5.37,5.5,6.54,-1103.02,-562.02,19.02,31.1,78.4,-11.8,0.0
05/14/2026,1630,HUBS,183.46,+4.46,+2.49%,180.42,187.40,177.04,34.5,0.95,0.71,214.14,216.04,161.85,254.44,-5105.01,-17325.02,6.02,83.1,98.4,1.3,-0.1
05/14/2026,1630,HUM,301.35,-3.50,-1.15%,302.78,305.99,298.0901,85.37,0.51,0.5,173.27,211.68,249.06,317.24,18232.01,30850.02,2.45,51.1,66.2,31.3,20.0
05/14/2026,1630,HYG,79.85,-.06,-0.08%,79.97,80.05,79.85,45.68,0.04,0.07,80.65,79.98,79.49,80.36,-7104.03,-7969.09,25.09,52.1,46.1,-7.8,-2.0
05/14/2026,1630,HYLS,40.98,+.04,+0.10%,40.98,41.0599,40.94,50.6,0.05,NaN,41.16,40.81,40.86,41.09,1201.01,4106.01,1.02,0.0,77.1,-4.3,1.0
05/14/2026,1630,IAK,131.20,+1.10,+0.85%,130.61,131.51,130.61,49.73,0.12,0.16,133.3,130.99,129.55,132.76,-7201.02,-12958.02,10.03,63.1,6.1,-4.4,0.0
05/14/2026,1630,IBB,171.33,-1.32,-0.76%,172.71,173.40,170.35,51.52,0.2,0.27,171.65,164.02,166.36,174.88,4209.01,17340.01,4.12,84.1,49.1,-5.7,0.0
05/14/2026,1630,IBIT,46.17,+1.05,+2.33%,45.275,46.525,45.07,61.77,0.32,0.43,35.6,42.44,43.06,47.87,13201.07,4656.04,7.33,6.1,19.1,3.5,5.2
05/14/2026,1630,IDX,12.38,+.05,+0.41%,12.34,12.38,12.28,30.25,0.23,NaN,15.89,13.0,12.16,13.44,-8105.01,-1228.02,20.01,0.0,79.1,-23.4,-3.2
05/14/2026,1630,IDXX,532.86,+4.18,+0.79%,528.68,544.81,528.02,37.45,0.34,0.35,617.0,544.01,518.04,582.19,-4105.01,-52338.02,6.02,64.1,69.2,-1.0,-5.4
05/14/2026,1630,IEF,94.26,-.06,-0.06%,94.54,94.56,94.245,38.36,0.05,0.07,96.89,94.7,93.83,95.41,-2104.02,-9411.02,19.02,31.1,44.1,-5.9,-3.8
05/14/2026,1630,IFF,76.09,-1.39,-1.79%,77.69,77.84,76.07,53.43,0.69,0.35,79.74,68.78,68.33,85.45,4101.04,8180.04,4.11,60.1,100.4,11.3,0.0
05/14/2026,1630,IGLB,49.53,+.02,+0.04%,49.72,49.7881,49.53,45.11,0.07,0.08,51.24,49.48,49.17,50.02,-2103.02,-4910.09,26.09,19.1,37.1,-4.4,0.0
05/14/2026,1630,IGSB,52.35,-.03,-0.06%,52.44,52.44,52.35,41.34,0.02,0.04,53.09,52.48,52.19,52.64,-6104.08,-5227.09,20.09,77.3,58.1,-5.1,-2.2
05/14/2026,1630,IIGD,24.56,-.0037,-0.02%,24.582018,24.582018,24.54,43.56,0.03,NaN,24.89,24.55,24.5,24.64,-1103.03,-2453.09,26.12,0.0,64.2,-11.6,0.0
05/14/2026,1630,IJT,161.45,+.96,+0.60%,161.19,162.33,160.90,57.91,0.17,0.16,149.71,157.25,158.32,165.5,-2103.02,-15923.03,6.03,24.1,39.1,0.2,2.0
05/14/2026,1630,ILMN,143.24,-1.76,-1.21%,149.45,150.20,142.97,61.7,0.46,0.47,114.03,119.14,125.89,154.45,9210.01,15020.01,1.11,61.1,62.2,13.7,0.3
05/14/2026,1630,INDA,48.36,+.38,+0.79%,48.18,48.46,48.10,45.14,0.21,0.25,52.11,48.86,47.39,50.21,-3104.02,-4764.02,6.02,91.1,83.1,-3.7,-1.5
05/14/2026,1630,INDY,42.69,+.47,+1.11%,42.41,42.7197,42.41,43.07,0.18,0.41,47.3,43.25,41.78,44.27,-3104.02,-4191.02,25.02,93.4,73.1,-7.6,-7.1
05/14/2026,1630,INFL,53.14,-.34,-0.64%,53.30,53.335,52.83,52.18,0.14,0.2,49.92,52.3,52.28,53.78,2204.02,5366.02,2.06,49.1,45.1,0.0,0.0
05/14/2026,1630,INMD,14.05,+.01,+0.07%,14.10,14.12,13.87,49.92,0.3,0.3,13.91,13.92,13.48,14.55,-7202.03,-1364.04,18.04,10.1,33.1,-4.0,-0.1
05/14/2026,1630,INTC,115.93,-4.36,-3.62%,114.66,118.57,113.17,69.71,1.12,0.91,42.88,79.62,96.39,140.33,12102.04,13275.04,4.32,98.4,100.4,26.2,19.0
05/14/2026,1630,INVH,28.48,+.02,+0.07%,28.59,28.84,28.44,62.22,0.23,0.29,25.21,27.03,27.59,29.68,-1103.02,2941.11,11.39,54.1,78.2,0.7,9.4
05/14/2026,1630,IONQ,57.47,+2.21,+4.00%,54.40,58.18,53.91,69.75,0.9,1.06,30.17,39.77,42.2,62.04,6208.01,5915.03,3.32,69.3,51.3,0.0,0.9
05/14/2026,1630,IPO,50.48,+.71,+1.43%,50.04,50.6899,49.48,58.98,0.31,0.25,42.41,47.29,47.47,52.3,-2202.02,-4804.03,6.03,46.2,69.1,0.0,0.0
05/14/2026,1630,IRM,127.75,+1.63,+1.29%,126.42,128.14,125.215,62.89,0.44,0.36,105.14,110.0,116.98,139.43,-1103.01,13269.06,6.12,53.1,98.4,7.9,7.4
05/14/2026,1630,IRT,16.25,-.04,-0.25%,16.41,16.45,16.13,54.99,0.22,0.36,16.01,15.65,15.97,16.78,-1102.01,1671.07,7.37,64.4,61.2,0.6,7.3
05/14/2026,1630,ITA,224.46,-1.25,-0.55%,226.46,226.89,223.195,51.93,0.25,0.26,234.0,211.82,213.54,230.76,6207.02,22726.04,4.14,75.1,87.3,0.0,0.0
05/14/2026,1630,ITB,89.44,+.47,+0.53%,89.53,90.43,89.14,37.93,0.32,0.36,108.11,94.99,85.52,97.18,-4113.02,-8812.02,17.08,95.2,77.3,-10.2,-10.9
05/14/2026,1630,ITW,250.77,+.67,+0.27%,252.36,252.61,249.685,37.25,0.23,0.24,292.38,264.45,240.49,266.95,-5115.08,-24907.02,24.08,73.1,71.3,-6.2,-8.6
05/14/2026,1630,IVOL,18.04,-.06,-0.33%,18.14,18.15,18.035,27.63,0.06,0.14,18.98,18.22,17.94,18.46,-8113.01,-1803.02,32.02,11.2,35.1,-4.9,-14.6
05/14/2026,1630,IWC,186.88,+.21,+0.11%,186.86,188.45,185.00,63.02,0.24,0.29,163.36,173.09,176.42,193.1,5211.04,18950.04,4.33,90.1,56.1,1.8,3.1
05/14/2026,1630,IWF,125.89,+1.58,+1.27%,124.57,126.045,124.46,78.21,0.13,0.22,110.71,118.14,119.11,126.88,7211.01,12605.01,1.33,70.1,34.1,0.0,5.5
05/14/2026,1630,IWM,284.45,+1.78,+0.63%,283.84,285.655,281.96,64.31,0.17,0.24,258.1,270.36,273.63,290.85,18211.04,28705.04,4.33,39.1,26.1,1.0,3.3
05/14/2026,1630,IWN,209.98,+.74,+0.35%,210.05,211.225,209.30,60.43,0.16,0.24,195.85,203.1,205.25,214.09,-1201.03,21284.04,4.45,85.1,21.1,0.6,3.1
05/14/2026,1630,IWO,372.24,+2.96,+0.80%,370.43,373.62,367.55,65.88,0.2,0.24,329.24,348.25,352.73,382.19,6211.04,37473.04,4.33,68.1,41.1,1.3,3.0
05/14/2026,1630,J,112.76,+5.49,+5.12%,108.52,113.29,108.08,36.16,0.49,0.35,131.24,124.7,105.26,133.64,-7107.01,-10808.01,8.01,78.1,92.4,0.0,-6.4
05/14/2026,1630,JACK,10.98,-1.81,-14.15%,13.48,13.80,10.485,37.48,0.89,0.9,16.34,12.15,11.33,14.41,-1102.01,-1049.01,5.01,84.3,99.2,0.0,0.0
05/14/2026,1630,JBHT,254.66,+16.86,+7.09%,239.48,257.16,235.19,62.11,0.4,0.39,220.22,243.08,233.94,255.39,-5201.01,-23519.01,1.01,66.1,81.2,-0.6,0.0
05/14/2026,1630,JBLU,4.88,+.18,+3.83%,4.75,4.94,4.6245,48.41,0.61,0.96,5.62,4.75,4.5,5.16,-2201.01,-461.03,20.03,92.2,60.1,-15.2,0.0
05/14/2026,1630,JBSAY,14.44,0,0.00%,0,0,0,49.84,0.41,NaN,NaN,14.42,13.46,14.77,2201.01,1550.01,1.04,0.0,47.1,-0.8,-0.1
05/14/2026,1630,JETS,26.22,+.09,+0.34%,26.30,26.475,26.05,50.04,0.36,0.52,28.39,24.76,24.77,27.96,-1103.02,2775.05,5.12,90.2,72.1,0.0,0.0
05/14/2026,1630,JNJ,230.80,+.38,+0.16%,231.00,231.76,229.16,52.57,0.2,0.23,240.28,224.35,220.35,231.99,2202.01,23176.01,1.04,65.1,85.4,-1.8,0.0
05/14/2026,1630,JNK,96.12,-.06,-0.06%,96.22,96.37,96.11,45.36,0.04,0.04,97.22,96.31,95.72,96.76,-7104.03,-9595.03,25.03,2.1,42.1,-7.3,-1.7
05/14/2026,1630,JOBY,10.64,-.42,-3.80%,11.015,11.04,10.27,59.81,0.94,0.94,9.3,8.19,8.34,11.97,6207.02,1119.02,4.12,83.2,85.4,11.6,0.0
05/14/2026,1630,JOE,64.23,+.69,+1.09%,64.29,65.00,63.70,43.32,0.41,0.33,67.94,68.56,58.8,69.88,-3112.09,-6100.09,12.09,50.1,91.4,-0.1,-7.0
05/14/2026,1630,JOET,43.57,+.2749,+0.63%,43.41,43.65,43.35,62.59,0.12,0.14,42.04,42.09,42.43,43.96,6208.04,4365.01,5.33,8.1,33.1,0.0,1.7
05/14/2026,1630,JPM,299.91,-.34,-0.11%,302.25,303.7504,298.81,43.52,0.2,0.27,291.38,306.88,295.76,315.03,-6106.01,-29555.03,6.03,49.1,53.1,-1.3,-0.1
05/14/2026,1630,JPXN,99.96,-.87,-0.86%,100.065,100.18,99.89,63.77,0.2,NaN,97.56,93.38,94.63,102.93,5211.04,10093.02,4.16,0.0,64.1,9.8,3.7
05/14/2026,1630,JYNT,8.21,-.09,-1.08%,8.32,8.32,8.09,34.42,0.31,0.33,8.56,8.8,8.15,9.11,-4106.01,-809.01,5.01,1.1,35.1,0.0,-0.7
05/14/2026,1630,K,83.44,0,0.00%,0,0,0,60.53,0.03,0.1,76.99,83.35,82.98,83.69,1203.03,-8305.04,9.04,25.1,26.1,0.9,-1.1
05/14/2026,1630,KBA,34.40,-.84,-2.38%,34.30,34.42,34.245,63.62,0.2,0.22,30.41,32.69,33.01,35.5,8211.02,3531.02,2.37,49.1,79.2,2.9,11.9
05/14/2026,1630,KBWP,117.75,+1.15,+0.99%,116.77,118.25,116.77,41.96,0.13,0.18,121.84,119.71,115.47,120.93,-7115.02,-11584.02,19.02,85.1,8.1,-7.9,-2.7
05/14/2026,1630,KCE,154.1235,+1.4535,+0.95%,153.69,155.40,153.4577,63.98,0.13,0.15,140.8,148.81,150.42,155.17,6208.01,15540.01,1.3,34.1,0.1,0.0,3.4
05/14/2026,1630,KDP,29.10,-.21,-0.72%,29.45,29.50,28.905,60.71,0.34,0.26,28.84,28.0,28.2,29.51,13203.01,2950.01,1.29,44.1,81.4,0.0,16.1
05/14/2026,1630,KEMX,49.7519,+.5719,+1.16%,49.455,49.80,49.455,65.22,0.31,0.35,42.85,45.34,45.66,51.75,14202.04,5018.04,5.32,83.2,86.1,11.6,4.5
05/14/2026,1630,KHC,23.31,+.13,+0.56%,23.365,23.8199,23.14,56.64,0.21,0.34,23.44,21.77,21.91,24.32,4213.04,2412.04,4.08,71.1,25.1,4.6,0.7
05/14/2026,1630,KLAC,1892.94,+43.23,+2.34%,1845.125,1911.11,1830.6348,61.43,0.48,0.56,1427.67,1772.66,1680.22,1950.8,3205.01,191111.01,1.09,84.1,69.1,0.0,0.0
05/14/2026,1630,KMX,38.09,+1.02,+2.75%,37.67,38.38,37.38,44.17,0.41,0.72,41.0,37.55,36.62,40.42,-3103.01,-3643.02,4.02,87.2,58.1,-1.5,0.0
05/14/2026,1630,KNX,68.03,+8.26,+13.82%,60.40,68.36,60.05,62.67,0.58,0.42,58.66,62.54,58.94,67.58,-4201.01,-6005.01,1.01,64.1,100.2,0.0,0.0
05/14/2026,1630,KO,80.45,+.19,+0.24%,80.73,80.92,79.91,65.85,0.19,0.21,78.59,75.4,76.75,81.68,7213.01,8103.02,2.18,56.1,89.3,2.7,7.8
05/14/2026,1630,KR,66.79,+.55,+0.83%,66.50,66.94,65.85,46.8,0.22,0.37,66.04,65.62,64.3,68.17,-5202.02,-6436.02,28.02,90.4,19.1,-1.0,-0.1
05/14/2026,1630,KRE,67.74,+.60,+0.89%,67.70,68.28,67.65,44.89,0.21,0.31,68.02,68.76,66.95,70.88,-4104.01,-6708.02,6.02,51.1,30.1,-0.8,0.0
05/14/2026,1630,KSA,38.53,-.06,-0.16%,38.52,38.59,38.425,43.96,0.13,0.27,37.99,38.97,38.12,39.29,-1103.02,-3831.06,31.16,73.1,33.1,-10.5,0.0
05/14/2026,1630,KSS,11.93,-.15,-1.24%,12.39,12.65,11.91,32.34,0.63,0.91,17.3,13.85,11.56,15.18,-5112.01,-1191.01,13.01,70.2,53.2,-4.9,-0.1
05/14/2026,1630,KVUE,17.19,0,0.00%,17.27,17.31,17.10,45.01,0.2,0.26,18.39,17.05,17.0,17.72,-4102.01,-1710.01,5.01,8.1,33.1,0.0,0.0
05/14/2026,1630,KW,11.01,+.04,+0.36%,11.00,11.02,10.99,64.5,0.03,0.16,10.82,10.89,10.88,11.07,5208.03,1103.04,4.08,0.1,4.1,11.3,0.0
05/14/2026,1630,KWEB,29.20,-1.39,-4.54%,29.63,29.68,29.14,49.54,0.36,0.38,31.74,27.92,27.9,30.69,5101.02,3074.02,2.13,82.2,92.2,0.0,0.0
05/14/2026,1630,LAMR,147.41,+.79,+0.54%,149.08,150.709,147.0001,61.33,0.36,0.27,126.62,132.5,136.24,160.83,17102.04,15766.04,4.39,52.1,96.4,24.3,3.7
05/14/2026,1630,LCID,6.27,-.12,-1.88%,6.36,6.59,6.145,39.87,0.8,0.92,9.12,5.62,5.74,6.72,1202.01,659.01,1.02,21.1,77.2,-8.3,0.3
05/14/2026,1630,LEVI,21.41,+.04,+0.19%,21.73,21.765,21.17,45.21,0.3,0.35,21.48,21.79,21.06,23.03,-4104.01,-2117.01,5.01,28.1,33.1,-2.9,0.0
05/14/2026,1630,LFMD,4.45,-.09,-1.98%,4.54,4.66,4.405,50.49,1.21,0.94,2.56,4.23,4.08,5.25,-5106.02,-425.03,18.02,66.1,88.4,0.0,0.0
05/14/2026,1630,LFST,7.89,-.21,-2.59%,8.15,8.16,7.79,57.69,0.91,0.48,6.91,6.86,7.12,8.79,13101.06,889.06,6.29,35.1,92.4,8.6,6.8
05/14/2026,1630,LH,254.02,-.40,-0.16%,255.22,256.5246,253.14,39.26,0.18,0.27,260.57,252.38,249.13,260.89,-8102.08,-24859.08,16.08,58.1,29.1,-7.5,0.0
05/14/2026,1630,LI,19.27,-.75,-3.75%,19.66,19.70,19.135,59.64,0.38,0.67,17.88,17.2,17.17,19.9,4205.01,1970.01,1.07,97.2,49.1,0.0,0.0
05/14/2026,1630,LII,514.38,+6.88,+1.36%,510.73,515.54,503.87,52.76,0.32,0.39,545.56,488.48,492.24,546.66,-1103.02,55150.06,6.34,77.1,46.1,0.0,4.2
05/14/2026,1630,LIN,511.65,-1.61,-0.31%,514.05,514.79,508.29,57.85,0.22,0.26,478.01,501.76,490.64,516.57,2204.01,51479.01,1.08,79.1,97.2,0.3,0.0
05/14/2026,1630,LIT,86.95,-2.63,-2.94%,88.20,88.363,86.855,55.34,0.32,0.35,71.37,82.93,83.92,93.95,-1101.01,9198.04,6.39,65.2,58.1,7.9,6.4
05/14/2026,1630,LLY,1006.70,-9.05,-0.89%,1017.49,1018.17,996.01,61.29,0.46,0.36,1002.46,850.51,887.24,1071.38,7211.02,102282.02,7.12,27.1,79.4,12.6,0.0
05/14/2026,1630,LMND,53.78,+.91,+1.72%,52.68,54.00,52.3101,39.49,0.71,0.67,48.29,55.92,46.21,63.34,-4114.09,-5204.06,19.1,7.1,42.1,-9.5,-2.8
05/14/2026,1630,LMT,520.41,+.47,+0.09%,520.74,521.43,515.25,35.86,0.27,0.31,642.0,501.95,507.38,523.4,3209.01,52143.01,1.15,71.1,67.1,-16.6,0.0
05/14/2026,1630,LNG,241.08,+1.70,+0.71%,239.06,242.21,238.50,36.93,0.36,0.35,216.73,253.26,226.07,276.9,-5107.02,-23850.01,10.04,80.1,81.2,0.0,-0.6
05/14/2026,1630,LOGI,100.95,-3.04,-2.92%,103.45,103.54,99.63,52.17,0.37,0.39,88.31,94.35,95.51,111.5,7101.04,11047.04,4.24,65.1,82.2,11.5,3.1
05/14/2026,1630,LOTMY,30.53,-.295,-0.96%,30.77,31.34,30.53,50.95,0.52,NaN,23.34,28.83,28.26,33.15,3101.05,3304.06,6.12,NaN,NaN,0.0,0.0
05/14/2026,1630,LOW,223.61,+3.16,+1.43%,222.78,224.22,221.23,38.91,0.32,0.38,272.34,231.27,212.65,240.32,-7117.02,-21809.02,18.08,99.4,94.3,-12.3,-5.3
05/14/2026,1630,LQD,108.55,-.07,-0.06%,108.89,108.9361,108.525,43.93,0.05,0.07,111.4,108.57,107.99,109.45,-2104.02,-10792.09,26.09,34.1,42.1,-4.9,0.0
05/14/2026,1630,LRCX,299.15,+3.71,+1.26%,296.325,302.00,293.01,65.8,0.51,0.69,228.88,241.6,250.29,320.37,5209.04,30200.01,4.11,86.1,52.1,3.3,0.6
05/14/2026,1630,LUV,39.33,-.08,-0.20%,39.82,40.25,39.10,47.36,0.45,0.56,50.17,36.92,37.07,42.23,-1103.02,4222.05,5.12,85.1,60.1,-1.1,0.0
05/14/2026,1630,LUXE,7.73,-.13,-1.65%,7.97,8.00,7.65,33.45,0.35,0.56,9.13,8.58,7.59,9.33,-6106.01,-765.01,6.01,2.2,4.1,0.0,0.0
05/14/2026,1630,LVS,50.65,-.67,-1.31%,51.47,52.01,50.56,36.92,0.41,0.39,55.02,51.94,50.16,54.4,-6105.01,-5056.01,18.01,55.1,71.4,-11.6,0.0
05/14/2026,1630,LW,42.33,+.79,+1.90%,42.00,42.68,41.71,48.17,0.32,0.41,46.59,42.74,40.16,44.1,-6201.02,-4065.02,18.02,63.1,51.1,-7.7,-1.0
05/14/2026,1630,LYB,73.27,-.47,-0.64%,73.67,73.99,72.72,50.53,0.59,0.52,54.27,69.13,70.13,78.08,-1102.06,7843.08,8.19,60.1,86.3,0.0,8.1
05/14/2026,1630,LYFT,13.05,-.63,-4.61%,13.65,13.69,13.00,36.36,0.34,0.55,13.07,13.85,13.19,14.54,-3104.01,-1300.01,4.01,23.1,15.1,-2.9,0.0
05/14/2026,1630,LYV,169.99,+1.53,+0.91%,169.59,173.12,168.30,63.91,0.32,0.33,152.73,151.06,153.07,174.48,8211.01,17312.01,1.15,19.1,62.3,1.7,2.3
05/14/2026,1630,M,18.31,-.12,-0.65%,18.80,19.00,18.245,39.51,0.3,0.66,20.36,19.08,17.9,20.08,-8106.01,-1799.02,6.02,93.2,8.1,-1.0,0.0
05/14/2026,1630,MA,489.94,-.70,-0.14%,491.28,494.50,488.01,42.39,0.26,0.26,490.0,495.63,480.18,515.2,-5111.07,-48801.01,12.07,60.1,77.2,-4.3,-1.5
05/14/2026,1630,MAC,22.34,+.37,+1.68%,22.15,22.44,22.00,60.92,0.29,0.29,18.46,21.01,21.38,22.59,2203.01,2244.01,1.03,4.1,31.1,0.0,4.8
05/14/2026,1630,MAR,353.47,+3.28,+0.94%,352.18,357.075,351.485,50.25,0.27,0.31,337.77,349.05,342.1,360.94,-5201.08,-34538.09,23.09,70.1,55.1,-14.9,0.0
05/14/2026,1630,MARA,13.29,+.54,+4.24%,12.73,13.70,12.45,65.68,0.67,0.94,7.31,10.27,10.86,14.29,8211.01,1380.04,4.3,39.1,29.1,1.8,1.0
05/14/2026,1630,MCD,274.97,-.73,-0.26%,277.80,277.80,274.30,26.1,0.2,0.22,323.83,289.3,265.44,290.96,-11119.04,-27198.04,19.04,59.1,92.4,-14.5,-12.0
05/14/2026,1630,MCHP,97.04,+.33,+0.34%,96.385,97.29,95.27,67.19,0.51,0.52,74.6,83.95,87.63,107.45,-1103.01,10591.05,5.32,65.1,85.4,0.0,1.4
05/14/2026,1630,MCK,747.23,+10.05,+1.36%,736.52,750.75,736.0725,29.6,0.31,0.27,931.0,817.44,684.32,828.15,-14125.04,-72368.04,23.04,48.1,82.1,-0.9,-22.5
05/14/2026,1630,MCO,432.68,-5.64,-1.29%,440.51,443.4499,432.37,39.17,0.23,0.33,420.75,452.74,432.66,462.22,-7105.01,-43237.01,10.01,81.1,49.1,-1.7,0.0
05/14/2026,1630,MCW,7.10,+.02,+0.28%,7.079,7.10,7.0649,66.52,0.05,NaN,5.95,7.0,7.02,7.1,3203.01,710.01,1.16,57.2,11.1,0.0,2.9
05/14/2026,1630,MDB,303.09,+.09,+0.03%,302.05,304.7035,292.46,65.09,0.55,0.91,292.53,240.62,250.9,326.3,5210.02,31096.02,2.24,94.4,57.1,5.5,0.4
05/14/2026,1630,MDLZ,60.97,-.55,-0.89%,61.77,61.99,60.8256,58.72,0.22,0.31,58.02,57.07,58.38,64.23,5101.09,6220.03,9.17,92.1,52.1,1.1,8.6
05/14/2026,1630,MELI,1607.37,+45.37,+2.90%,1547.002,1619.335,1541.69,37.91,0.58,0.38,1848.91,1738.0,1473.62,1894.7,-5105.01,-149500.02,6.02,42.1,100.4,0.0,-7.3
05/14/2026,1630,META,618.43,+1.80,+0.29%,616.00,623.73,615.00,47.08,0.39,0.34,628.15,653.84,559.64,664.65,1202.01,-59260.03,22.08,41.1,62.1,-12.7,-5.9
05/14/2026,1630,MGM,36.81,-.60,-1.60%,37.85,38.10,36.6001,42.09,0.25,0.39,33.53,37.78,35.86,39.76,-10111.01,-3660.01,13.03,35.1,5.1,-1.0,0.0
05/14/2026,1630,MGPI,18.23,+.13,+0.72%,18.17,18.48,18.10,40.6,0.42,0.72,24.76,17.17,17.49,20.38,-5104.02,-1795.02,7.02,96.2,76.1,-0.1,-1.2
05/14/2026,1630,MICC,15.02,+.26,+1.76%,14.95,15.20,14.89,56.63,0.58,0.34,15.6,12.94,13.55,16.37,5201.07,1550.07,7.16,NaN,NaN,11.1,2.3
05/14/2026,1630,MKOR,63.73,+.45,+0.71%,63.28,63.98,63.24,65.9,0.55,0.37,45.89,54.28,55.32,68.78,14202.05,6547.04,5.32,100.4,88.1,16.1,2.9
05/14/2026,1630,MLCO,5.48,+.03,+0.55%,5.45,5.53,5.405,46.51,0.43,0.6,5.51,5.49,5.25,5.69,-9201.03,-525.05,17.11,71.1,65.2,-6.6,0.0
05/14/2026,1630,MLM,575.23,-1.56,-0.27%,579.59,584.68,575.04,34.69,0.2,0.3,651.04,600.02,563.84,623.91,-9106.01,-57237.02,6.02,80.1,35.1,0.0,-3.8
05/14/2026,1630,MNDY,69.73,+2.03,+3.00%,67.87,71.09,65.915,48.51,0.77,0.73,68.93,64.75,64.5,80.05,-2103.01,-6592.01,4.01,56.1,84.2,1.5,2.8
05/14/2026,1630,MNSO,14.63,-.25,-1.68%,14.74,14.76,14.55,43.05,0.34,0.6,19.08,14.53,14.09,15.04,-8202.02,-1411.02,27.02,87.3,48.1,-12.6,0.0
05/14/2026,1630,MNST,85.82,-.11,-0.13%,85.75,86.04,85.2001,70.84,0.5,0.26,81.49,76.13,74.65,90.01,4205.02,8679.02,3.08,41.1,100.4,12.2,0.0
05/14/2026,1630,MO,72.41,+.87,+1.22%,71.628,72.45,71.48,62.16,0.35,0.27,66.25,65.5,66.55,76.44,-1202.06,7434.09,9.2,88.2,98.4,0.0,7.9
05/14/2026,1630,MOH,186.80,-5.17,-2.69%,191.55,192.59,185.40,60.17,0.58,0.47,133.15,167.67,178.26,203.1,-1101.04,20055.06,11.33,21.1,70.1,0.0,14.3
05/14/2026,1630,MOO,81.97,-.38,-0.46%,82.39,82.4737,81.89,43.33,0.17,0.18,84.24,81.72,80.74,84.58,-3106.04,-8154.05,7.06,70.1,84.2,-1.3,-0.1
05/14/2026,1630,MOVE:GIF,69.6277,-.6083,-0.87%,70.236,70.236,69.6277,45.46,0.71,NaN,64.19,66.97,65.19,77.73,-2105.04,7786.09,8.26,0.0,62.1,0.0,0.4
05/14/2026,1630,MP,60.31,-3.42,-5.37%,62.64,62.64,58.975,45.11,0.77,0.74,53.89,60.01,59.0,72.74,-2103.01,-5898.01,5.01,31.1,51.2,0.0,0.0
05/14/2026,1630,MPC,248.82,-.27,-0.11%,248.05,251.546,247.396641,58.02,0.42,0.41,190.44,219.31,232.03,268.74,1102.03,26161.08,8.2,83.3,97.2,1.0,13.2
05/14/2026,1630,MPLX,55.57,+.76,+1.39%,54.61,55.60,54.61,49.45,0.22,0.23,56.57,54.36,53.44,57.15,-7201.02,-5394.02,8.02,54.1,95.4,0.0,-2.2
05/14/2026,1630,MPNGY,21.60,-1.85,-7.89%,21.99,22.44,21.57,50.4,0.52,NaN,20.55,20.45,20.43,23.09,4101.02,2443.02,2.13,0.0,92.1,0.0,0.3
05/14/2026,1630,MRNA,50.03,-.39,-0.77%,49.50,50.80,48.71,48.93,0.62,0.79,41.97,44.62,44.27,55.4,3207.03,5462.03,3.1,60.2,58.2,0.0,0.0
05/14/2026,1630,MRVL,182.58,+4.63,+2.60%,180.875,192.15,177.33,71.25,0.63,0.99,76.07,146.85,155.27,184.71,2202.01,19215.01,1.33,100.4,72.1,0.0,5.5
05/14/2026,1630,MSFT,409.43,+4.22,+1.04%,404.48,411.84,400.88,50.31,0.28,0.32,381.71,415.8,397.88,425.57,-3105.01,-40088.01,6.01,82.1,77.2,-3.3,0.0
05/14/2026,1630,MSGS,349.30,+1.10,+0.32%,350.00,357.42,345.93,62.23,0.27,0.3,288.75,325.1,328.57,352.18,1202.01,35742.01,1.02,59.1,75.1,0.2,0.1
05/14/2026,1630,MSM,106.82,+.06,+0.06%,107.84,108.77,106.46,68.95,0.31,0.32,91.09,97.0,99.97,110.35,15237.01,10877.01,4.37,50.1,82.3,8.5,12.3
05/14/2026,1630,MSTR,186.97,+8.94,+5.02%,177.85,193.00,174.64,60.53,0.78,0.75,118.4,156.11,161.68,203.46,3201.04,19700.04,4.3,33.1,90.1,2.6,1.8
05/14/2026,1630,MTCH,35.73,-.34,-0.94%,36.10,36.30,35.53,50.98,0.37,0.35,29.55,35.02,34.72,38.51,-5106.02,-3510.02,6.02,31.1,75.2,0.0,0.0
05/14/2026,1630,MTDR,57.94,+.63,+1.10%,57.88,58.14,57.12,46.91,0.49,0.44,46.25,59.9,52.57,64.52,-4107.04,-5490.05,12.05,31.1,90.4,0.0,-0.3
05/14/2026,1630,MTUM,307.25,+1.85,+0.61%,304.53,307.96,303.72,75.03,0.22,0.28,247.75,272.98,282.29,317.54,15217.04,30796.01,4.32,85.1,77.1,20.3,13.0
05/14/2026,1630,MU,776.01,-27.62,-3.44%,787.62,812.00,775.63,75.62,0.8,1.0,394.6,488.23,586.01,892.14,18217.04,81867.04,4.32,99.4,96.2,37.6,18.1
05/14/2026,1630,MUR,38.95,+.49,+1.27%,38.30,39.05,38.14,49.76,0.48,0.51,30.96,38.69,35.93,42.48,-3107.04,-3712.04,11.04,32.1,54.1,0.0,0.0
05/14/2026,1630,MUSA,576.20,-12.43,-2.11%,588.78,589.98,574.41,60.71,0.59,0.4,370.0,511.8,520.92,637.85,9101.07,60982.07,7.2,68.1,96.4,1.2,6.2
05/14/2026,1630,MZTI,114.39,+.14,+0.12%,115.19,117.37,113.98,29.67,0.4,0.22,156.45,125.0,104.82,129.11,-12110.04,-11106.08,25.08,45.1,93.4,-4.3,-11.0
05/14/2026,1630,N225:JP,62654.05,0,0.00%,0,0,0,66.53,0.25,NaN,56135.12,58621.48,58643.05,64782.75,14206.01,6379932.01,3.3,0.0,69.1,4.5,3.5
05/14/2026,1630,NBIS,221.15,+13.88,+6.70%,213.375,233.7299,207.75,72.84,1.06,1.22,93.5,132.7,152.01,232.7,8210.01,23373.01,1.11,100.4,77.1,5.0,1.5
05/14/2026,1630,NBIX,159.05,-2.27,-1.41%,161.625,162.39,157.601,76.45,0.39,0.4,125.14,126.49,137.44,167.86,10212.01,16239.01,2.12,77.1,77.4,29.9,4.6
05/14/2026,1630,NCLH,15.93,-.13,-0.81%,16.67,16.85,15.885,33.76,0.52,0.67,22.6,17.28,15.1,18.68,-11109.02,-1571.02,20.02,82.1,61.1,-11.0,-4.8
05/14/2026,1630,NEE,95.68,+.83,+0.88%,94.78,95.72,94.21,55.22,0.34,0.29,90.59,93.66,92.65,97.75,-2201.02,9875.1,10.17,45.1,89.4,0.0,5.2
05/14/2026,1630,NEM,116.33,-2.63,-2.21%,119.015,119.07,115.4284,52.92,0.55,0.49,118.1,106.87,105.41,123.86,4207.04,12126.04,4.12,65.1,78.2,0.1,0.0
05/14/2026,1630,NET,199.81,+7.19,+3.73%,193.34,201.99,190.50,46.71,1.11,0.65,158.83,201.45,172.16,254.08,-4105.02,-18575.02,6.02,62.1,98.4,0.0,0.0
05/14/2026,1630,NFLX,86.94,-.62,-0.71%,87.62,88.50,86.65,36.43,0.41,0.31,75.01,90.02,83.36,93.47,-10106.03,-8510.04,23.04,19.1,77.3,-2.9,-0.5
05/14/2026,1630,NIKL,16.72,-.4922,-2.86%,17.10,17.215,16.69,45.01,0.38,NaN,17.77,17.0,16.61,17.81,-1102.01,-1669.01,3.01,0.0,62.1,-2.7,2.9
05/14/2026,1630,NKE,42.02,-.32,-0.76%,42.555,42.83,41.99,30.64,0.23,0.36,62.05,44.15,41.15,45.2,-6105.02,-4170.02,17.02,35.1,9.1,-8.7,-1.7
05/14/2026,1630,NLR,134.60,-1.80,-1.32%,136.33,136.33,132.5101,42.99,0.52,0.41,138.1,137.18,132.78,148.78,-4103.01,-13251.01,6.01,77.1,91.2,-2.0,0.0
05/14/2026,1630,NNN,43.74,-.22,-0.50%,44.08,44.19,43.73,46.25,0.15,0.29,43.52,43.31,43.45,44.86,-2102.01,-4368.02,4.02,93.2,30.1,-2.5,2.7
05/14/2026,1630,NOAH,10.47,-.18,-1.69%,10.49,10.645,10.40,47.44,0.3,0.32,11.72,10.1,10.28,11.02,-1104.01,1102.05,5.33,6.1,43.1,0.0,4.6
05/14/2026,1630,NORW,38.54,+.02,+0.05%,38.47,38.58,38.34,56.41,0.17,NaN,33.92,37.62,37.67,39.18,-1202.06,-3762.06,8.06,0.0,66.1,0.0,3.4
05/14/2026,1630,NOW,90.50,+3.45,+3.96%,87.32,92.00,85.44,45.77,0.83,0.6,99.18,84.93,87.01,93.69,-2201.01,-8544.01,18.01,90.1,94.4,-9.8,0.8
05/14/2026,1630,NSA,42.53,-.04,-0.09%,42.78,42.97,42.43,54.38,0.27,0.25,33.16,41.04,41.24,44.18,3102.04,4386.03,4.08,6.1,55.1,0.0,0.9
05/14/2026,1630,NSC,317.64,+7.06,+2.27%,311.91,317.71,309.825,61.18,0.31,0.25,311.7,311.57,308.55,319.11,-2201.01,-30983.01,1.01,73.1,100.4,0.0,11.7
05/14/2026,1630,NSP,28.93,-.26,-0.89%,29.17,29.90,28.48,45.84,1.09,0.44,20.89,31.61,25.43,36.53,-5103.02,-2768.07,12.07,21.1,93.4,0.0,0.0
05/14/2026,1630,NSSC,37.52,-.37,-0.98%,38.39,39.22,37.465,32.54,0.68,0.59,42.72,44.68,34.23,45.76,-5109.02,-3725.02,10.07,87.2,99.4,-1.0,-15.3
05/14/2026,1630,NTLA,13.09,-1.19,-8.33%,14.16,14.38,12.915,44.88,0.91,0.71,11.66,11.76,12.66,14.79,-1101.01,-1292.01,4.01,1.1,60.2,-5.6,0.0
05/14/2026,1630,NTR,70.94,-.35,-0.49%,71.15,71.93,70.56,44.8,0.45,0.34,69.03,70.42,66.95,77.48,-3107.04,-6886.04,8.04,59.1,94.4,0.0,-1.8
05/14/2026,1630,NUE,232.85,+.51,+0.22%,233.42,234.21,230.795,73.78,0.29,0.36,174.93,210.83,218.95,241.5,16204.12,23545.02,13.4,31.1,54.2,0.0,1.9
05/14/2026,1630,NVDA,235.74,+9.91,+4.39%,229.85,236.54,229.30,76.72,0.4,0.53,179.18,199.81,198.32,238.82,6207.01,23654.01,1.09,82.2,85.2,2.2,2.7
05/14/2026,1630,NVO,45.80,-1.28,-2.72%,46.79,46.84,45.5401,66.44,0.38,0.47,38.36,39.7,41.74,49.3,9215.04,4779.04,4.33,21.1,35.1,20.2,21.9
05/14/2026,1630,NXPI,294.17,-4.24,-1.42%,298.02,300.00,291.265,66.13,0.9,0.48,225.3,228.41,256.14,336.75,19101.09,30662.04,10.3,85.2,100.4,5.1,10.3
05/14/2026,1630,NYT,75.50,-1.50,-1.95%,77.42,77.77,74.84,39.32,0.39,0.3,72.79,77.62,74.46,82.07,-4105.01,-7484.01,6.01,48.1,90.4,-0.9,0.0
05/14/2026,1630,O,61.96,+.44,+0.72%,61.70,62.185,61.52,43.28,0.19,0.2,64.87,62.58,60.93,64.28,-8106.01,-6118.02,25.02,63.1,91.4,-6.3,-2.1
05/14/2026,1630,OC,121.07,+2.51,+2.12%,119.83,121.61,118.26,53.0,0.35,0.39,126.04,120.65,115.95,125.31,-1201.03,-11763.02,6.03,39.1,58.1,-2.3,0.0
05/14/2026,1630,OIH,441.43,+3.98,+0.91%,437.87,443.51,436.36,61.76,0.26,0.36,368.58,423.04,418.26,452.82,1203.01,-41202.06,12.06,58.1,13.1,0.0,10.0
05/14/2026,1630,OKE,91.03,+2.24,+2.52%,88.81,91.12,88.725,59.19,0.31,0.32,81.31,86.5,84.38,92.87,1203.01,-8449.05,10.05,52.1,86.2,0.0,3.3
05/14/2026,1630,OKLO,67.21,-2.45,-3.52%,67.39,67.6999,64.66,49.33,1.24,1.0,60.12,63.2,63.34,79.39,-1102.01,-6466.01,6.01,29.3,89.4,-0.3,1.0
05/14/2026,1630,OKTA,81.05,+2.85,+3.64%,79.13,82.50,77.50,57.01,0.4,0.84,68.77,73.24,74.15,84.73,3201.04,8470.04,4.23,100.4,63.1,0.0,0.3
05/14/2026,1630,OLLI,78.75,+4.53,+6.10%,75.13,78.88,75.13,37.27,0.51,0.57,104.18,84.81,70.5,88.64,-12113.02,-7332.02,43.02,98.4,100.4,-10.6,-19.8
05/14/2026,1630,OMF,53.95,+1.51,+2.88%,54.00,54.30,53.155,42.12,0.32,0.32,53.59,57.19,50.71,58.47,-8113.02,-5162.02,18.02,27.1,69.1,-8.3,-8.3
05/14/2026,1630,ON,118.37,+2.66,+2.30%,115.12,119.10,112.51,77.89,0.62,0.72,67.02,92.44,96.06,119.1,2205.01,11910.01,1.32,94.3,83.4,1.8,7.2
05/14/2026,1630,ONEW,11.22,+.28,+2.56%,11.05,11.49,11.04,55.03,0.78,1.03,11.21,9.85,9.49,12.53,4201.04,1210.04,4.1,91.1,93.4,4.3,0.0
05/14/2026,1630,ONON,36.84,+1.45,+4.10%,35.39,36.975,35.31,55.78,0.37,0.53,45.21,34.88,33.52,36.9,1202.01,3698.01,1.02,63.1,40.1,-2.2,0.0
05/14/2026,1630,ONTO,277.28,+.31,+0.11%,279.55,285.82,275.37,51.64,0.59,0.69,204.07,274.97,263.36,305.03,-3107.02,-26913.02,20.02,73.2,62.1,-1.8,0.0
05/14/2026,1630,ORCL,195.61,+5.85,+3.08%,188.18,200.709,185.45,65.23,0.51,0.77,138.59,160.65,163.51,211.29,5209.05,20071.01,5.25,93.4,54.1,0.5,2.0
05/14/2026,1630,ORLY,89.68,-.02,-0.02%,89.97,90.68,88.72,40.16,0.36,0.27,91.85,90.24,87.69,97.76,-4105.01,-8872.01,9.01,56.1,100.4,0.0,-5.0
05/14/2026,1630,OSCR,23.15,-.47,-1.99%,23.69,24.12,22.675,81.19,0.52,0.78,11.71,16.21,18.53,25.28,16215.01,2428.02,2.33,28.1,11.1,25.6,13.9
05/14/2026,1630,OSK,126.12,+.81,+0.65%,126.70,130.00,125.60,31.78,0.55,0.44,167.84,145.98,119.74,159.37,-5105.01,-12560.01,6.01,80.1,98.4,1.3,-1.7
05/14/2026,1630,OTLY,10.05,0,0.00%,10.08,10.30,9.8918,33.82,0.5,0.5,11.26,11.32,8.99,11.56,-6116.09,-981.02,20.1,8.1,32.1,-27.4,-7.8
05/14/2026,1630,OUT,32.79,+.75,+2.34%,32.40,33.245,32.36,64.72,0.31,0.3,24.78,29.42,30.44,34.31,15201.04,3398.04,4.32,39.1,64.1,11.1,3.7
05/14/2026,1630,OVX:CGI,68.92,-2.02,-2.85%,70.77,71.05,68.62,40.58,0.92,NaN,41.9,70.45,66.88,77.19,-3102.01,-6862.01,28.06,0.0,53.1,-10.1,1.2
05/14/2026,1630,OXLC,10.32,+.21,+2.08%,10.11,10.365,10.085,60.14,0.18,NaN,8.71,9.93,9.95,10.46,1201.01,1040.09,9.4,0.0,7.1,0.2,1.1
05/14/2026,1630,OXM,40.50,+.63,+1.58%,40.62,41.415,40.00,44.02,0.55,0.76,37.31,41.17,38.84,46.34,-3104.01,-3900.02,6.02,90.1,46.2,-3.6,-2.8
05/14/2026,1630,OXY,56.84,+.66,+1.17%,56.00,57.2705,55.845,49.05,0.47,0.4,45.06,56.52,51.83,61.4,-4201.04,-5299.05,11.05,69.1,98.4,0.0,0.0
05/14/2026,1630,PAG,169.06,+2.48,+1.49%,168.91,171.63,168.72,58.15,0.32,0.29,161.26,158.25,161.63,178.42,18103.06,17462.04,10.43,49.1,85.2,3.4,4.2
05/14/2026,1630,PALL,131.12,-5.65,-4.13%,132.32,132.32,130.37,42.16,0.42,0.53,149.72,130.61,129.42,139.31,-2102.01,-13037.01,26.01,67.1,47.1,-4.5,0.0
05/14/2026,1630,PAM,80.25,+.30,+0.38%,80.24,81.33,79.469,45.77,0.41,0.37,78.01,80.2,78.26,83.68,1102.02,-7830.05,5.05,6.1,49.4,-1.1,0.0
05/14/2026,1630,PATH,9.67,+.20,+2.11%,9.44,9.83,9.2002,38.89,0.5,1.0,9.92,9.88,9.49,11.11,-2103.01,-920.01,4.01,96.2,38.1,-0.2,0.0
05/14/2026,1630,PBD,21.75,-.01,-0.05%,21.69,21.77,21.475,67.31,0.24,0.41,17.93,20.0,20.48,22.69,17232.04,2234.04,4.33,55.2,67.1,11.9,8.6
05/14/2026,1630,PBH,45.93,-5.88,-11.35%,48.06,48.06,42.62,23.87,0.53,0.5,65.7,54.7,45.63,56.01,-12112.01,-4262.01,12.01,98.4,100.2,-2.9,-10.0
05/14/2026,1630,PBJ,48.35,-.2623,-0.54%,48.66,48.85,48.35,40.23,0.13,NaN,49.7,49.33,47.7,50.28,-6107.02,-4816.03,10.02,21.2,66.2,0.0,-1.1
05/14/2026,1630,PBR,19.78,+.19,+0.97%,19.60,20.00,19.59,41.79,0.35,0.42,14.81,20.48,19.13,22.27,-7107.01,-1959.01,9.01,77.1,78.1,0.0,-0.2
05/14/2026,1630,PCAR,112.60,+.82,+0.73%,112.45,113.245,111.93,36.89,0.3,0.29,123.82,117.87,105.23,120.71,-6113.08,-11123.03,13.08,28.1,84.3,-14.1,-8.9
05/14/2026,1630,PD,6.73,+.06,+0.90%,6.66,6.895,6.5609,48.55,0.87,1.24,6.18,6.19,6.36,7.55,-3104.01,-641.02,6.02,100.4,88.4,0.0,1.2
05/14/2026,1630,PDD,95.58,-4.02,-4.04%,97.805,98.91,95.41,42.62,0.41,0.49,100.08,96.95,94.84,101.9,-3101.01,-9541.01,6.01,84.2,92.4,-4.9,0.0
05/14/2026,1630,PEB,14.27,-.03,-0.21%,14.44,14.585,14.1301,56.69,0.24,0.22,12.06,13.55,13.9,14.79,10103.04,1484.04,4.43,2.1,1.1,0.4,2.0
05/14/2026,1630,PECO,39.72,+.36,+0.91%,39.51,40.14,39.36,55.15,0.17,0.37,37.85,38.45,39.23,40.4,-2105.01,-3936.01,13.01,64.4,73.4,0.0,6.9
05/14/2026,1630,PENN,15.83,0,0.00%,15.98,16.33,15.71,45.97,0.67,0.47,11.65,16.34,14.99,18.0,-3107.02,-1550.02,12.02,9.1,87.1,0.0,0.0
05/14/2026,1630,PEP,148.67,-.60,-0.40%,149.50,149.99,148.15,37.43,0.21,0.25,160.63,153.48,147.07,158.79,-4105.01,-14815.01,5.01,38.1,65.1,0.0,-2.4
05/14/2026,1630,PFE,25.75,-.21,-0.81%,26.07,26.10,25.72,37.61,0.18,0.26,26.36,26.2,25.31,26.87,-11118.02,-2564.02,13.02,30.1,11.1,-7.0,-4.7
05/14/2026,1630,PFF,31.60,+.02,+0.06%,31.60,31.66,31.53,58.25,0.07,0.12,31.46,31.15,31.23,31.84,4208.04,3179.04,4.39,85.3,60.1,0.0,0.8
05/14/2026,1630,PFG,100.77,+.35,+0.35%,100.75,101.621093,100.42,62.75,0.17,0.24,90.09,98.52,99.63,101.95,25102.01,10162.01,1.44,17.1,17.1,0.0,15.6
05/14/2026,1630,PFIG,23.9823,-.0357,-0.15%,23.98,24.03,23.98,44.2,0.03,NaN,24.31,23.95,23.92,24.08,-2101.02,-2394.02,4.02,0.0,49.1,-8.1,0.0
05/14/2026,1630,PFIX,48.36,-.39,-0.80%,48.48,48.56,47.95,60.26,0.22,0.45,42.29,44.47,45.9,50.03,7215.08,4875.02,8.31,90.4,18.1,4.6,6.1
05/14/2026,1630,PG,142.71,+.47,+0.33%,143.18,144.28,142.63,43.27,0.24,0.23,155.77,145.89,140.37,149.26,-5104.02,-14166.02,13.02,68.1,94.2,0.0,0.0
05/14/2026,1630,PGNY,22.87,-.64,-2.72%,23.43,23.69,22.82,69.71,0.83,0.5,20.02,17.57,18.43,25.43,14224.03,2372.02,3.29,37.1,85.4,19.7,4.7
05/14/2026,1630,PGRO,48.3879,+.6389,+1.34%,47.96,48.40,47.96,77.28,0.16,NaN,41.99,45.21,45.75,48.79,6211.01,4840.01,1.33,0.0,49.1,1.4,10.9
05/14/2026,1630,PINK,37.08,+.516,+1.41%,36.84,37.40,36.6601,70.21,0.18,0.23,35.59,33.86,34.55,37.31,7207.01,3740.01,1.12,38.1,51.1,0.0,2.0
05/14/2026,1630,PINS,19.03,-.32,-1.65%,19.48,19.56,18.905,42.21,0.48,0.54,14.82,19.15,18.79,22.12,-2104.01,-1891.01,6.01,48.1,65.1,0.0,0.0
05/14/2026,1630,PJP,107.8612,-.5588,-0.52%,108.46,108.47,107.77,59.14,0.17,0.15,107.5,102.99,103.31,109.74,6203.01,10847.01,2.44,28.1,56.1,2.6,2.5
05/14/2026,1630,PK,10.90,+.09,+0.83%,10.97,11.09,10.845,45.14,0.26,0.54,10.89,10.92,10.74,11.45,-4104.01,-1085.01,4.01,79.1,8.1,-1.5,0.0
05/14/2026,1630,PKB,105.076,+1.0997,+1.06%,104.73,105.55,104.73,49.06,0.25,0.26,106.6,105.32,102.74,110.07,-5106.02,-10362.02,6.02,84.1,79.1,-0.2,0.0
05/14/2026,1630,PLAY,10.23,+.23,+2.30%,10.08,10.55,10.02,38.0,0.62,0.99,14.45,10.57,8.83,12.11,-7118.08,-972.03,25.11,86.4,31.1,-8.0,-4.0
05/14/2026,1630,PLD,142.66,+.66,+0.46%,142.53,143.28,141.845,55.64,0.21,0.25,138.19,138.15,138.93,145.32,6207.02,14494.03,3.08,10.1,48.2,0.0,4.0
05/14/2026,1630,PLNT,51.50,+.91,+1.80%,50.94,53.15,50.455,31.87,1.4,0.57,79.18,63.41,37.23,62.78,1201.01,-4150.05,18.05,98.4,100.4,-11.2,-27.7
05/14/2026,1630,PLTR,133.73,+3.68,+2.83%,129.65,134.48,129.45,43.15,0.51,0.53,126.37,134.68,128.05,144.91,-6108.01,-12945.01,27.01,8.1,50.1,-6.6,0.0
05/14/2026,1630,PM,191.86,+3.95,+2.10%,188.225,192.92,187.625,76.02,0.41,0.29,180.21,160.67,165.16,195.06,8217.01,19292.01,1.18,56.1,98.4,20.7,9.3
05/14/2026,1630,PNC,213.45,+3.59,+1.71%,211.95,214.10,211.61,43.68,0.22,0.27,216.23,217.79,209.45,223.86,-4106.01,-20970.02,25.02,42.1,64.1,-4.0,-2.3
05/14/2026,1630,PNDRY,10.1192,+.0092,+0.09%,10.0900,10.1700,10.0725,54.25,0.6,NaN,10.19,9.34,9.39,11.21,-1103.03,1074.06,6.11,0.0,81.2,2.5,2.7
05/14/2026,1630,POET,20.57,+6.20,+43.15%,17.41,20.81,17.386,77.53,3.38,1.97,5.31,6.37,6.85,20.26,4205.01,2081.01,1.33,100.4,100.4,2.5,0.0
05/14/2026,1630,POOL,175.24,-.13,-0.07%,174.85,177.32,173.62,24.97,0.41,0.41,211.56,208.51,156.11,197.59,-7114.07,-17362.01,16.07,81.2,85.2,-27.8,-22.5
05/14/2026,1630,PPLT,186.80,-8.69,-4.45%,189.00,189.0758,186.15,51.43,0.45,0.44,180.57,170.13,171.95,199.63,5207.02,19925.02,2.12,61.1,60.1,0.0,0.0
05/14/2026,1630,PR,20.20,-.04,-0.20%,20.21,20.38,20.035,46.12,0.42,0.4,16.61,20.4,19.0,22.54,-3107.04,-1966.05,8.05,40.1,91.4,0.0,0.0
05/14/2026,1630,PRAA,14.72,+.02,+0.14%,14.88,15.34,14.58,22.36,0.71,0.89,10.25,20.47,13.68,21.79,-7109.01,-1458.01,20.01,95.2,78.1,-0.3,-2.5
05/14/2026,1630,PRGO,10.84,-.07,-0.64%,11.01,11.21,10.82,42.56,0.47,0.64,14.3,11.26,10.59,12.17,-4104.01,-1082.01,6.01,79.1,69.1,-1.1,0.0
05/14/2026,1630,PRMB,23.27,-.16,-0.68%,23.68,23.96,23.165,67.79,0.54,0.46,17.97,19.17,19.22,25.1,5206.01,2396.01,3.11,42.1,82.4,9.1,0.0
05/14/2026,1630,PRVA,23.24,+.61,+2.70%,22.71,23.53,22.46,48.48,0.28,0.35,21.1,23.11,22.05,25.12,-6109.01,-2246.01,9.01,21.1,34.1,0.0,0.0
05/14/2026,1630,PSA,303.03,-.67,-0.22%,305.57,306.23,302.84,51.59,0.27,0.27,295.94,291.86,293.02,316.2,3102.04,31312.05,5.11,77.1,82.2,0.0,1.5
05/14/2026,1630,PSCE,61.95,+.611,+1.00%,61.10,61.95,61.10,54.91,0.29,0.25,51.9,60.4,59.53,64.21,-2201.05,-5857.06,12.06,17.1,61.3,0.0,10.3
05/14/2026,1630,PSCI,169.1236,+1.1592,+0.69%,169.27,169.81,168.20,50.77,0.23,0.22,169.82,166.87,166.4,175.74,-3104.01,-16698.02,6.02,81.1,70.1,0.0,0.0
05/14/2026,1630,PSCU,64.2648,+.7923,+1.25%,63.77,64.755,63.77,50.18,0.15,NaN,57.68,65.12,62.56,66.66,-6106.02,-6278.02,22.02,0.0,39.1,-1.1,-0.7
05/14/2026,1630,PSP,60.29,-.16,-0.26%,60.45,60.8293,60.09,48.8,0.23,0.18,60.04,58.75,59.25,62.67,-1103.03,6342.2,20.34,49.1,77.1,-4.1,3.1
05/14/2026,1630,PSX,171.51,-.31,-0.18%,172.24,173.60,170.69,51.5,0.38,0.37,152.01,160.05,162.55,184.18,1102.03,18141.08,9.24,78.1,87.4,0.0,9.7
05/14/2026,1630,PTLO,3.99,-.05,-1.24%,4.05,4.17,3.96,27.36,0.94,0.94,5.18,5.91,3.08,5.72,-6109.04,-396.01,16.05,100.1,89.4,-5.0,-30.0
05/14/2026,1630,PVH,80.72,+.43,+0.54%,80.98,82.11,80.2739,39.99,0.49,0.67,68.02,90.44,77.37,94.48,-8117.01,-7849.02,26.02,100.4,78.4,-10.4,-6.7
05/14/2026,1630,PYPL,45.04,-.19,-0.42%,45.34,45.79,44.62,37.4,0.35,0.36,40.37,49.22,42.18,50.69,-7111.03,-4435.03,18.05,30.1,60.1,-7.1,-3.0
05/14/2026,1630,PZZA,32.72,+.02,+0.06%,32.94,34.20,32.51,41.87,0.47,0.75,30.2,34.81,30.09,37.08,-10113.04,-3059.04,20.04,97.4,59.1,-4.8,-8.9
05/14/2026,1630,QAT,18.75,-.01,-0.05%,18.77,18.82,18.75,42.35,0.1,NaN,19.78,18.95,18.56,19.23,-2103.02,-1870.02,5.02,0.0,29.1,-2.7,-0.6
05/14/2026,1630,QBTS,22.13,+.69,+3.22%,20.86,22.53,20.39,57.01,0.89,1.09,17.41,17.11,18.22,25.67,5201.03,2478.04,4.33,50.2,36.3,0.0,2.0
05/14/2026,1630,QCOM,200.08,-13.09,-6.14%,208.51,209.53,199.66,61.85,0.99,0.73,139.64,143.58,167.66,251.81,-1102.01,24790.04,4.28,98.4,100.4,32.1,10.5
05/14/2026,1630,QMOM,80.03,+.1431,+0.18%,80.25,80.25,79.375,63.47,0.29,0.22,69.89,73.3,74.48,82.58,6211.04,8047.04,4.12,68.2,80.1,4.1,2.0
05/14/2026,1630,QQQ,719.79,+5.08,+0.71%,714.62,722.03,714.22,80.64,0.16,0.25,593.34,653.81,673.1,736.68,13231.04,72203.01,5.33,74.1,50.1,23.2,15.5
05/14/2026,1630,QS,8.60,-.06,-0.69%,8.51,8.89,8.23,67.89,0.62,1.09,6.67,6.55,6.67,9.05,8211.01,889.01,1.12,75.2,33.1,2.2,0.0
05/14/2026,1630,QSR,76.44,0,0.00%,76.72,77.35,75.67,44.68,0.32,0.24,65.99,77.98,75.21,81.27,-5104.01,-7567.01,7.01,33.1,94.4,0.0,0.0
05/14/2026,1630,QTUM,147.88,+1.09,+0.74%,146.64,148.4299,145.99,73.68,0.28,0.35,114.09,127.52,133.39,153.99,7211.04,14843.01,4.32,92.2,66.1,23.2,10.1
05/14/2026,1630,QUBT,11.73,+.70,+6.35%,10.81,12.32,10.54,67.01,0.98,1.09,7.63,7.98,8.98,12.31,7209.01,1232.01,1.3,55.3,47.4,0.0,5.9
05/14/2026,1630,R,231.06,+3.76,+1.65%,229.12,234.73,224.98,49.83,0.46,0.39,210.01,243.31,218.91,253.81,-5109.01,-22498.01,14.02,74.1,89.4,0.0,0.0
05/14/2026,1630,RBLX,43.72,+1.76,+4.19%,42.05,43.94,41.3104,34.92,0.89,0.69,59.7,52.62,33.56,54.32,-9116.07,-4015.02,17.08,58.1,96.4,-13.9,-13.1
05/14/2026,1630,RCL,265.38,+1.18,+0.45%,272.74,275.27,264.43,47.57,0.54,0.51,300.35,250.38,249.34,285.38,-2104.02,28386.05,5.12,75.1,87.2,-0.1,0.0
05/14/2026,1630,RDNT,53.43,+.45,+0.85%,53.03,54.76,52.895,36.07,0.36,0.55,65.97,55.23,52.77,59.7,-5104.01,-5290.01,4.01,71.1,46.1,-0.2,0.0
05/14/2026,1630,REAL,9.35,-.06,-0.64%,9.48,9.664,9.21,35.96,0.9,0.88,10.55,11.23,8.41,13.11,-5105.01,-892.02,6.02,50.1,78.4,0.0,0.0
05/14/2026,1630,REG,76.92,+.25,+0.33%,77.07,77.55,76.71,41.05,0.17,0.21,74.72,78.78,75.66,80.25,-8112.02,-7643.02,19.02,18.1,66.2,-5.4,-2.6
05/14/2026,1630,REGN,712.87,-7.01,-0.97%,719.00,722.51,710.06,43.79,0.33,0.41,768.75,668.85,676.82,742.74,1203.01,-68895.11,31.11,63.1,65.4,-3.3,0.0
05/14/2026,1630,REXR,35.26,-.34,-0.96%,35.84,36.13,35.25,46.93,0.22,0.33,36.73,34.74,35.02,36.36,-2103.01,-3504.02,4.02,31.1,35.1,-9.0,4.8
05/14/2026,1630,REZ,91.22,-.7687,-0.84%,92.35,92.35,91.21,61.6,0.17,0.13,88.2,87.86,88.48,93.32,9216.01,9235.01,5.37,4.1,77.2,11.5,13.4
05/14/2026,1630,RGTI,19.27,+.855,+4.64%,18.16,19.835,17.825,56.48,0.86,1.04,15.16,15.3,16.08,21.31,4201.03,2102.03,3.3,44.2,36.2,0.0,3.7
05/14/2026,1630,RH,127.87,-1.01,-0.78%,130.69,132.00,126.225,44.6,0.51,0.84,187.91,129.68,120.89,137.05,1102.05,-12150.08,18.08,63.2,23.1,-8.3,0.0
05/14/2026,1630,RHP,105.98,-.90,-0.84%,107.68,108.39,105.82,55.85,0.24,0.22,100.14,99.56,102.41,113.22,-1103.02,11170.05,5.3,9.1,53.1,4.4,6.9
05/14/2026,1630,RIOT,24.62,-.30,-1.20%,24.92,25.20,23.87,71.44,0.9,0.92,14.09,15.31,17.98,28.26,7210.04,2586.04,4.11,42.1,75.1,18.8,5.5
05/14/2026,1630,RIVN,14.52,+.25,+1.75%,14.25,14.83,14.195,42.1,0.46,0.65,14.7,15.88,12.7,16.31,-7201.05,-1364.03,17.08,20.1,42.1,-15.7,-9.2
05/14/2026,1630,ROBO,86.94,-.32,-0.37%,87.02,87.25,86.55,69.76,0.27,0.28,75.71,78.2,79.97,90.19,13211.03,8750.02,4.32,82.2,81.1,12.4,9.9
05/14/2026,1630,ROK,456.54,+1.55,+0.34%,455.52,458.53,451.73,69.88,0.41,0.33,375.72,396.3,399.59,491.26,6208.04,46211.04,4.12,48.1,86.4,15.2,0.4
05/14/2026,1630,ROKU,125.85,+.17,+0.14%,126.21,128.00,124.2611,64.62,0.4,0.48,83.46,110.81,113.61,137.09,7211.04,13139.04,5.33,13.1,46.1,10.5,6.3
05/14/2026,1630,ROST,213.27,+1.51,+0.71%,213.11,215.18,212.65,39.33,0.26,0.4,195.19,223.82,209.41,232.17,-7106.01,-21265.01,6.01,98.4,76.1,0.0,-0.1
05/14/2026,1630,RRC,41.49,+.23,+0.56%,41.02,42.01,40.77,45.9,0.27,0.4,36.08,41.87,39.69,43.55,-6107.02,-4041.03,11.05,65.1,15.1,-0.1,0.0
05/14/2026,1630,RRR,51.56,+.52,+1.02%,51.64,51.935,51.02,38.6,0.31,0.45,59.27,53.58,50.08,55.46,-12104.01,-5100.02,27.08,79.1,48.1,-3.8,-2.6
05/14/2026,1630,RSI,27.17,+.16,+0.59%,27.12,27.28,25.84,61.35,0.63,0.57,16.05,23.06,24.71,30.97,-2103.01,2924.08,10.24,44.1,83.4,0.0,11.4
05/14/2026,1630,RSP,203.66,+.74,+0.36%,203.46,204.51,203.035,58.4,0.1,0.15,200.85,199.7,200.98,205.8,5201.04,20482.04,4.33,70.1,11.1,0.0,1.2
05/14/2026,1630,RSPG,105.4359,+.8124,+0.78%,104.42,105.66,104.42,52.6,0.29,0.23,93.72,102.51,99.94,110.36,-3201.05,-10039.06,11.06,76.1,98.4,0.0,1.9
05/14/2026,1630,RSPU,79.05,+.43,+0.55%,78.73,79.05,78.55,41.27,0.16,0.16,80.79,80.41,77.41,82.08,-5107.02,-7814.02,10.02,53.3,88.2,-3.1,-2.9
05/14/2026,1630,RTO,32.17,-.07,-0.22%,32.28,32.51,32.135,40.1,0.19,0.4,30.22,32.85,31.91,34.35,-5105.01,-3214.01,7.01,56.1,2.1,0.0,-0.2
05/14/2026,1630,RUT,2863.0861,+19.1543,+0.67%,2852.7455,2873.8693,2838.884,64.13,0.17,0.24,2600.99,2725.23,2754.45,2926.66,7211.04,288821.04,4.33,42.1,30.1,1.0,3.3
05/14/2026,1630,RVLV,18.51,+1.00,+5.71%,17.85,18.65,17.66,29.93,0.77,0.66,23.62,25.37,15.28,23.74,-10114.02,-1735.02,20.04,60.1,100.4,-16.4,-27.6
05/14/2026,1630,RVX,23.30,-.83,-3.44%,24.12,24.21,23.30,44.29,0.65,NaN,24.31,23.43,21.81,24.58,4204.01,2421.01,1.07,0.0,27.1,-2.4,0.0
05/14/2026,1630,S,16.51,+.43,+2.67%,16.20,16.625,15.76,64.07,0.47,0.79,12.24,13.85,14.17,17.43,11210.04,1672.04,4.24,98.2,47.1,13.9,4.0
05/14/2026,1630,SBAC,201.21,-6.45,-3.11%,208.99,209.41,200.51,38.14,0.27,0.34,195.55,213.23,203.61,223.77,-3104.01,-20051.01,7.01,83.3,63.1,0.0,0.0
05/14/2026,1630,SBUX,106.40,+.45,+0.42%,108.13,108.88,106.35,64.59,0.33,0.31,93.55,96.45,99.55,111.72,5212.07,10888.01,9.13,13.1,82.2,4.0,3.3
05/14/2026,1630,SCJ,106.33,+.455,+0.43%,106.47,106.64,106.25,67.96,0.17,0.25,104.36,98.28,99.81,108.56,6208.03,10664.01,4.15,81.2,72.1,1.7,2.5
05/14/2026,1630,SE,88.33,-5.19,-5.55%,93.10,93.10,87.40,50.79,0.63,0.54,104.51,81.88,81.37,95.53,3101.01,9997.02,2.04,52.1,84.1,0.0,0.0
05/14/2026,1630,SFD,24.93,-.30,-1.19%,24.99,25.42,24.92,31.61,0.28,0.26,24.21,25.74,23.28,26.94,-5114.09,-2463.02,30.1,21.1,73.3,-9.2,-13.5
05/14/2026,1630,SFM,86.965,-1.305,-1.48%,88.68,89.19,86.30,66.32,0.6,0.46,65.01,69.29,74.79,93.17,7211.02,9153.02,2.12,50.1,91.4,20.9,0.1
05/14/2026,1630,SG,6.89,+.31,+4.71%,6.67,7.05,6.565,56.54,0.56,0.79,5.0,6.52,6.46,7.08,-8201.01,705.01,1.02,31.1,23.1,-1.1,0.0
05/14/2026,1630,SHAK,61.88,-2.03,-3.18%,65.10,65.3606,61.68,22.72,1.25,0.52,87.01,98.32,49.36,94.47,-9110.03,-6168.01,10.03,58.1,100.4,-6.4,-27.7
05/14/2026,1630,SHEL,84.51,-.42,-0.49%,84.72,85.11,84.48,38.29,0.27,0.27,76.94,86.09,81.83,90.54,-4107.04,-8382.05,28.05,77.1,89.2,-1.3,-5.2
05/14/2026,1630,SHO,10.36,+.12,+1.17%,10.30,10.515,10.30,66.8,0.21,0.31,9.13,9.48,9.69,10.74,15215.04,1056.04,4.29,53.1,12.1,11.9,6.3
05/14/2026,1630,SHOC,109.03,+1.4088,+1.31%,107.63,109.365,107.63,76.92,0.35,NaN,74.52,91.42,95.93,113.17,12212.04,10937.01,5.32,0.0,71.1,26.0,11.2
05/14/2026,1630,SHOO,39.49,+.98,+2.54%,39.04,40.04,38.805,57.24,0.41,0.5,36.11,36.65,36.4,41.07,4201.04,4097.04,4.09,14.1,42.1,0.0,0.0
05/14/2026,1630,SHOP,97.42,+2.02,+2.12%,95.40,97.96,94.00,33.61,0.8,0.58,110.91,119.42,87.25,125.53,-9108.01,-9400.01,18.02,48.1,89.4,-10.4,-11.5
05/14/2026,1630,SHY,82.16,-.03,-0.04%,82.22,82.23,82.15,40.02,0.02,0.03,82.97,82.36,81.94,82.49,-5113.08,-8214.02,20.08,52.1,54.1,-6.8,-7.2
05/14/2026,1630,SHYG,42.40,-.02,-0.05%,42.44,42.489,42.39,46.66,0.03,NaN,42.75,42.48,42.21,42.66,-6110.03,-4230.03,25.03,4.1,38.1,-5.2,-1.9
05/14/2026,1630,SIL,99.08,-3.54,-3.45%,101.92,102.245,98.68,56.16,0.57,0.55,93.96,86.04,84.23,107.69,6207.02,10419.02,2.12,65.1,73.1,0.3,0.0
05/14/2026,1630,SILJ,32.91,-1.36,-3.97%,34.02,34.05,32.74,56.77,0.59,0.62,30.99,28.23,27.67,35.79,6207.02,3473.02,2.12,60.1,71.1,0.7,0.0
05/14/2026,1630,SITM,820.21,-15.10,-1.81%,825.55,839.99,800.00,74.7,1.05,0.91,388.0,502.78,589.5,988.49,19211.03,90181.04,4.32,88.1,99.4,30.7,6.9
05/14/2026,1630,SIVR,79.36,-4.03,-4.83%,81.22,81.22,79.21,58.31,0.53,0.62,68.43,67.4,67.8,86.28,6207.02,8498.02,2.12,72.1,69.1,1.9,0.0
05/14/2026,1630,SJM,100.20,-.67,-0.66%,101.38,101.99,99.25,59.82,0.18,0.34,104.27,94.78,95.89,102.16,5206.01,10199.01,1.06,91.3,12.1,2.7,1.7
05/14/2026,1630,SKYY,128.10,+2.48,+1.97%,125.94,129.14,125.3401,63.63,0.3,0.34,105.24,116.37,117.73,136.09,-1201.02,13111.06,6.24,73.1,78.1,7.2,3.8
05/14/2026,1630,SLG,43.46,+.23,+0.53%,43.77,44.75,43.42,54.87,0.38,0.5,36.24,41.71,41.7,46.09,4103.04,4551.04,4.32,74.1,64.1,0.0,0.9
05/14/2026,1630,SLV,75.51,-3.84,-4.84%,77.29,77.29,75.39,58.25,0.53,0.59,65.14,64.13,64.49,82.12,6207.02,8086.02,2.12,67.1,69.1,1.9,0.0
05/14/2026,1630,SLX,109.3155,-.4545,-0.41%,109.18,109.82,109.00,68.37,0.24,0.46,96.05,100.48,101.52,113.0,16211.04,11003.02,5.48,100.1,56.1,10.9,4.5
05/14/2026,1630,SMCI,33.03,+1.03,+3.22%,32.02,33.81,31.52,59.98,1.01,0.87,29.35,25.46,26.07,37.77,4209.04,3637.04,4.37,64.1,90.1,6.7,1.8
05/14/2026,1630,SMH,578.34,+5.88,+1.03%,570.84,581.1699,567.75,76.86,0.36,0.49,397.77,483.29,506.56,604.8,12231.04,58117.01,6.32,98.2,85.1,22.4,11.3
05/14/2026,1630,SMIN,66.61,-.03,-0.05%,66.42,66.87,66.42,52.27,0.25,0.25,66.55,65.84,65.19,69.01,-2104.02,-6545.03,5.03,87.1,86.1,0.0,0.0
05/14/2026,1630,SMPL,11.54,+.34,+3.04%,11.20,11.82,11.20,36.16,0.51,0.66,15.3,12.62,10.5,13.69,-6109.02,-1101.02,13.02,88.1,83.1,-1.5,0.0
05/14/2026,1630,SN,106.70,+3.76,+3.65%,107.12,108.82,104.83,41.76,0.38,0.49,123.16,111.78,102.27,118.9,-7107.01,-10283.02,8.02,46.1,51.1,-1.4,-0.2
05/14/2026,1630,SNAP,5.36,-.25,-4.46%,5.46,5.52,5.18,42.76,0.53,0.73,4.65,5.48,5.32,6.36,-6104.01,-518.01,6.01,51.1,53.1,-1.1,0.0
05/14/2026,1630,SNDR,33.21,+4.04,+13.85%,29.41,33.26,29.04,67.9,0.56,0.42,27.07,29.95,28.52,32.55,-4201.01,-2904.01,1.01,50.1,96.1,0.0,0.0
05/14/2026,1630,SNOW,150.76,-1.61,-1.06%,151.00,152.94,146.80,52.07,0.54,0.87,154.63,134.3,137.89,159.14,5206.02,15489.02,2.07,98.4,67.1,0.0,2.5
05/14/2026,1630,SOFI,16.02,+.71,+4.64%,15.31,16.065,15.23,43.77,0.72,0.59,17.58,15.5,13.85,17.97,-3201.1,-1522.02,20.1,4.1,87.4,-12.8,-1.7
05/14/2026,1630,SOLZ,9.37,+.205,+2.24%,9.20,9.445,9.1301,57.04,0.46,0.73,7.68,8.18,8.22,10.08,6208.03,993.04,4.12,48.1,5.1,4.4,0.0
05/14/2026,1630,SOYB,24.96,-.40,-1.58%,24.96,25.04,24.73,54.89,0.12,0.19,23.19,24.36,24.52,25.53,3101.02,2547.02,2.2,61.1,52.1,12.4,3.9
05/14/2026,1630,SPDN,8.70,-.05,-0.57%,8.75,8.75,8.68,23.74,0.1,NaN,9.4,9.06,8.59,9.1,-14132.01,-868.01,33.04,68.2,16.1,-9.3,-2.4
05/14/2026,1630,SPG,202.80,+2.24,+1.12%,200.56,203.26,199.00,53.57,0.23,0.25,196.81,198.41,199.86,205.95,-1102.01,-19900.01,2.01,48.1,81.1,-1.3,2.2
05/14/2026,1630,SPGI,403.92,-2.63,-0.65%,409.03,413.57,402.46,32.56,0.21,0.36,400.52,424.14,401.47,437.45,-10115.01,-40246.01,13.01,89.1,45.1,-6.6,-4.1
05/14/2026,1630,SPHD,49.53,+.06,+0.12%,49.64,49.81,49.49,47.11,0.12,0.12,51.84,49.22,49.21,50.41,-3105.02,-4928.03,10.03,38.1,54.2,0.0,0.2
05/14/2026,1630,SPHR,134.84,+3.05,+2.31%,134.94,138.68,132.36,52.86,0.57,0.56,110.5,126.2,125.95,145.46,-2106.03,-12411.03,7.03,49.1,75.1,0.0,0.0
05/14/2026,1630,SPLV,72.94,+.22,+0.30%,72.85,73.09,72.71,43.38,0.1,0.14,75.36,73.59,72.06,74.37,-5109.02,-7231.02,10.02,86.1,62.3,-1.3,-5.3
05/14/2026,1630,SPMO,147.52,+1.23,+0.84%,146.235,147.87,145.70,78.32,0.23,0.23,116.76,128.65,135.04,152.05,16215.04,14787.01,4.33,95.2,90.2,26.3,17.0
05/14/2026,1630,SPOT,432.54,+1.64,+0.38%,433.12,440.87,425.02,38.42,0.55,0.5,454.0,420.53,370.99,472.19,1203.01,-41124.07,20.11,67.1,79.1,-14.1,-0.1
05/14/2026,1630,SPX,7501.24,+56.99,+0.77%,7454.40,7517.12,7454.40,77.71,0.1,0.17,6775.5,7107.86,7177.44,7576.13,14232.01,751712.01,1.33,42.1,31.1,6.1,12.7
05/14/2026,1630,SPY,748.17,+5.86,+0.79%,743.65,749.53,743.56,78.54,0.1,0.18,675.78,708.37,715.76,755.45,14232.01,74953.01,1.33,43.1,25.1,6.3,13.0
05/14/2026,1630,STKL,6.50,0,0.00%,0,0,0,65.19,0.03,0.18,4.64,6.47,6.47,6.51,-2201.01,-647.01,6.01,1.1,3.1,0.0,0.0
05/14/2026,1630,STLD,234.68,-2.40,-1.01%,238.79,238.85,232.39,65.45,0.34,0.4,186.71,220.66,224.11,244.27,14202.16,24373.07,16.4,51.1,55.1,0.0,3.2
05/14/2026,1630,STZ,140.61,+.09,+0.06%,141.19,141.74,139.80,33.05,0.31,0.32,149.56,150.22,136.01,155.89,-11119.01,-13910.02,23.02,38.1,57.1,-9.0,-13.8
05/14/2026,1630,SU,66.79,+.72,+1.09%,65.81,67.17,65.68,56.1,0.4,0.4,54.29,63.2,62.41,69.93,-2203.05,-6274.06,8.06,94.3,98.4,0.0,2.3
05/14/2026,1630,SVV,7.29,+.14,+1.96%,7.27,7.355,7.175,35.5,0.51,0.69,9.33,8.07,6.87,8.8,-10106.01,-696.02,18.02,41.1,73.3,-0.4,-2.7
05/14/2026,1630,SWBI,15.15,+.51,+3.48%,14.77,15.295,14.7601,57.43,0.25,0.56,11.46,14.87,14.11,15.64,-7201.02,-1410.02,9.02,69.2,31.1,0.0,-0.4
05/14/2026,1630,SWKS,67.06,-1.08,-1.58%,68.59,68.625,66.36,56.25,0.71,0.47,58.14,60.76,60.69,74.07,16101.08,7281.08,8.3,56.1,100.4,0.2,4.0
05/14/2026,1630,SXT,117.24,+1.48,+1.28%,116.81,118.72,115.47,63.17,0.86,0.33,88.85,104.99,109.68,122.64,-2201.02,12935.13,13.48,50.1,96.4,0.0,21.6
05/14/2026,1630,SYF,71.26,+1.45,+2.08%,70.35,71.51,70.35,43.56,0.3,0.32,68.2,74.83,68.19,77.07,-8116.02,-6935.02,18.02,21.1,61.1,-9.2,-1.8
05/14/2026,1630,SYY,73.05,-.14,-0.19%,73.62,73.82,72.99,42.28,0.21,0.28,88.87,71.56,70.74,75.15,1202.01,-7158.06,18.06,86.1,70.1,-5.5,-2.7
05/14/2026,1630,T,24.65,-.09,-0.36%,24.84,24.98,24.645,33.83,0.22,0.26,27.54,25.46,24.22,26.25,-6109.02,-2465.01,33.03,34.1,53.1,-0.5,0.0
05/14/2026,1630,TAN,64.95,+1.14,+1.79%,63.27,65.1199,62.10,68.42,0.36,0.45,58.04,55.45,57.14,66.12,15211.01,6512.01,1.28,76.2,46.1,12.4,8.4
05/14/2026,1630,TAP,40.81,-.61,-1.47%,41.79,42.05,40.68,37.36,0.25,0.34,46.3,41.85,40.27,43.19,-2105.01,-4068.01,5.01,63.1,51.1,-8.1,-1.0
05/14/2026,1630,TBIL,49.92,+.01,+0.02%,49.92,49.93,49.92,53.08,0.01,NaN,49.94,49.84,49.8,49.95,2205.01,-4985.12,20.1,0.2,37.2,-7.9,-0.8
05/14/2026,1630,TCEHY,58.89,-2.21,-3.62%,59.28,59.71,58.76,38.88,0.3,NaN,66.48,60.17,57.92,61.95,-1101.01,6199.02,2.11,0.0,59.1,-14.5,0.0
05/14/2026,1630,TCNNF,7.99,-.32,-3.85%,8.36,8.37,7.91,47.99,1.06,NaN,5.99,7.0,7.58,10.17,-4106.01,-791.01,13.01,0.0,74.4,0.0,3.6
05/14/2026,1630,TEAM,80.86,+.24,+0.30%,80.33,82.50,78.20,52.24,1.13,0.74,67.85,68.32,67.5,103.12,-1103.02,9500.06,8.24,65.1,96.4,3.8,5.1
05/14/2026,1630,TEVA,35.31,-.94,-2.59%,36.01,36.08,35.06,61.27,0.47,0.38,33.14,30.02,33.07,39.22,-1101.01,3699.06,9.15,23.1,83.4,9.9,10.8
05/14/2026,1630,TFLO,50.56,+.01,+0.02%,50.56,50.56,50.55,51.41,0.01,0.02,50.56,50.6,50.45,50.62,1203.01,-5050.09,11.08,59.2,25.2,0.0,-3.7
05/14/2026,1630,TGS,29.64,+.28,+0.95%,29.58,30.13,29.11,43.17,0.39,0.46,27.74,29.9,28.78,31.29,-4103.01,-2911.01,7.01,8.1,40.2,-1.4,0.0
05/14/2026,1630,TGT,123.08,+1.60,+1.32%,121.61,123.7399,121.29,47.11,0.32,0.47,112.81,125.33,117.66,132.01,-5106.02,-11912.02,7.02,71.4,60.2,0.0,0.0
05/14/2026,1630,THC,198.55,+2.69,+1.37%,197.06,200.89,195.88,56.7,0.4,0.47,226.06,170.69,177.25,205.31,6209.01,20089.01,2.11,73.1,69.1,0.0,0.0
05/14/2026,1630,THD,73.20,+1.03,+1.43%,73.22,73.58,73.20,60.37,0.25,0.21,70.47,68.83,68.94,73.71,2202.01,7358.01,1.16,31.1,74.1,0.0,2.2
05/14/2026,1630,TIGR,6.48,-.16,-2.41%,6.54,6.60,6.39,45.5,0.55,0.83,7.53,6.5,6.16,6.9,-8101.02,-624.02,20.02,93.4,52.2,-7.2,-2.9
05/14/2026,1630,TIP,111.01,-.11,-0.10%,111.24,111.285,110.985,45.53,0.03,0.1,110.99,111.32,110.67,111.69,-5104.06,-11095.06,15.06,99.4,11.1,-2.3,-0.1
05/14/2026,1630,TJX,147.35,+.80,+0.55%,146.76,148.12,146.40,30.36,0.17,0.29,153.41,155.15,144.81,159.39,-16119.01,-14640.01,25.01,90.3,48.1,0.0,-9.5
05/14/2026,1630,TKO,192.50,+8.80,+4.79%,187.00,196.75,186.0201,55.97,0.22,0.37,204.23,181.12,182.4,192.03,1201.01,19675.01,1.02,60.1,15.1,-0.2,0.0
05/14/2026,1630,TKR,116.74,+1.00,+0.86%,117.48,118.14,115.64,61.86,0.43,0.35,105.18,105.59,106.14,124.22,4208.04,11919.04,5.44,56.1,94.4,10.4,2.5
05/14/2026,1630,TLT,84.92,+.12,+0.14%,85.26,85.375,84.905,39.22,0.08,0.12,88.93,85.55,84.25,86.51,-2104.02,-8459.02,16.02,8.1,10.1,-1.7,-4.0
05/14/2026,1630,TME,8.60,-.34,-3.80%,8.74,8.84,8.58,31.3,0.37,0.43,14.22,9.02,8.63,9.55,-8106.01,-858.01,3.01,35.1,46.1,-10.5,0.0
05/14/2026,1630,TMO,448.21,+2.18,+0.49%,448.21,459.18,446.05,36.34,0.42,0.33,498.16,462.0,443.02,475.71,-7104.01,-44605.01,18.01,62.1,82.4,-20.9,0.0
05/14/2026,1630,TMUS,188.19,-2.09,-1.10%,191.05,191.55,187.50,40.48,0.35,0.32,212.05,182.01,184.06,200.08,-1102.01,19964.11,11.13,71.1,92.4,-0.3,0.0
05/14/2026,1630,TNET,39.64,0,0.00%,39.85,40.7762,39.17,45.69,0.5,0.49,33.6,38.32,38.28,45.26,-3104.01,-3917.01,9.01,61.1,87.1,0.0,0.5
05/14/2026,1630,TNX:CGI,44.61,-.20,-0.45%,44.39,44.61,44.36,60.59,0.14,NaN,40.18,43.0,43.23,45.19,10204.02,4500.02,2.2,0.0,34.1,2.7,4.5
05/14/2026,1630,TOKE,5.24,0,0.00%,0,0,0,45.92,0.28,0.88,5.85,4.96,5.12,5.4,-1102.02,-508.02,16.02,56.2,35.2,-0.6,0.5
05/14/2026,1630,TOST,23.07,+.74,+3.31%,22.42,23.31,22.29,33.15,0.71,0.56,24.35,27.7,21.02,30.07,-5105.01,-2229.01,6.01,53.1,99.4,0.0,-0.7
05/14/2026,1630,TPB,91.24,+1.44,+1.60%,89.57,92.505,88.8144,58.87,0.86,0.53,129.47,74.98,76.65,99.57,7211.03,9696.04,4.16,75.1,81.3,7.4,7.2
05/14/2026,1630,TPL,388.50,+1.99,+0.51%,385.00,395.4151,378.30,32.43,0.3,0.48,415.9,426.13,367.43,449.99,-8110.01,-37830.01,6.01,65.1,10.1,0.0,0.0
05/14/2026,1630,TPR,130.24,-2.46,-1.85%,133.12,134.98,130.00,37.2,0.57,0.42,149.64,141.5,123.44,149.12,-4106.03,-12834.03,20.03,44.1,92.4,-6.7,-11.8
05/14/2026,1630,TPYP,43.37,+.6754,+1.58%,42.78,43.39,42.78,62.14,0.17,0.19,40.07,41.05,41.16,43.94,1203.01,4342.08,10.2,32.1,98.4,0.0,6.9
05/14/2026,1630,TRIP,9.60,-.03,-0.31%,9.65,9.716,9.435,34.09,0.47,0.73,9.71,10.69,8.98,11.66,-5105.01,-911.02,6.02,87.1,48.1,0.0,-6.2
05/14/2026,1630,TRP,68.14,+1.08,+1.61%,67.08,68.2901,67.0001,70.11,0.22,0.2,60.99,60.68,63.64,70.2,6203.09,6829.01,10.2,11.1,86.4,5.2,16.3
05/14/2026,1630,TRU,66.18,-.39,-0.59%,67.13,68.04,66.08,37.11,0.34,0.49,70.65,68.66,65.29,72.67,-2104.01,-6608.01,18.01,69.1,35.1,-13.5,0.0
05/14/2026,1630,TSLA,443.30,-1.97,-0.44%,446.49,451.98,441.16,69.02,0.35,0.51,394.04,364.02,376.95,469.82,9210.01,45340.02,2.26,31.2,15.2,3.4,2.5
05/14/2026,1630,TSM,417.72,+17.92,+4.48%,403.205,421.97,402.10,63.66,0.42,0.49,356.24,384.7,391.33,423.85,1201.01,42197.01,1.02,81.1,83.2,0.0,10.2
05/14/2026,1630,TSN,66.66,-.23,-0.34%,67.20,67.735,66.51,55.09,0.32,0.28,62.18,63.02,62.96,71.01,2101.07,6893.07,7.09,60.1,88.4,5.0,0.0
05/14/2026,1630,TT,481.67,+10.65,+2.26%,473.30,481.98,470.85,56.22,0.29,0.32,452.55,475.82,461.5,492.79,-6201.02,-46405.03,6.03,74.1,65.1,-1.8,0.0
05/14/2026,1630,TTD,20.41,-.08,-0.39%,20.44,20.64,20.035,35.89,0.57,0.68,23.78,22.86,19.63,25.3,-5107.01,-2004.01,7.01,49.1,65.1,0.0,0.0
05/14/2026,1630,TTE,91.42,+.05,+0.05%,91.10,91.89,90.83,54.21,0.28,0.31,75.66,88.71,88.05,94.31,-3203.05,-8773.06,11.06,85.1,90.4,0.0,5.7
05/14/2026,1630,TTWO,242.41,+15.42,+6.79%,239.50,246.2499,236.5001,75.94,0.34,0.63,191.88,207.8,213.54,241.04,7210.01,24625.01,1.34,100.4,77.1,1.8,1.9
05/14/2026,1630,TUA,20.68,-.0693,-0.33%,20.77,20.78,20.67,37.19,0.07,0.23,21.86,20.77,20.54,21.07,-9104.02,-2067.02,20.09,83.2,68.1,-8.1,-3.3
05/14/2026,1630,TUR,42.19,-.18,-0.42%,42.28,42.38,42.06,50.17,0.21,0.37,40.65,41.78,41.66,43.92,-2103.01,-4206.01,4.02,73.1,52.1,0.0,0.0
05/14/2026,1630,TWLO,198.04,+5.43,+2.82%,192.59,198.40,188.18,73.84,0.85,0.52,105.6,140.0,160.86,230.71,13211.05,20371.05,6.24,47.1,89.4,18.9,15.2
05/14/2026,1630,TXG,21.52,+.45,+2.14%,21.21,22.52,21.20,48.17,0.67,0.8,17.88,19.53,20.0,22.91,1201.01,2252.01,1.02,46.1,60.1,-11.6,0.0
05/14/2026,1630,TXRH,177.06,-2.24,-1.25%,180.29,180.34,176.845,61.47,0.49,0.29,173.06,156.92,153.21,190.33,5205.02,18345.02,2.08,39.1,100.4,8.6,-2.7
05/14/2026,1630,TXT,91.54,+.16,+0.18%,92.00,92.20,90.57,50.94,0.34,0.29,97.55,86.77,87.59,96.3,3103.09,9500.09,9.13,52.1,88.4,0.4,0.0
05/14/2026,1630,TYX:CGI,50.12,-.35,-0.69%,50.06,50.15,49.95,58.05,0.1,NaN,46.64,48.99,49.23,50.69,2204.02,5057.02,2.26,0.0,12.1,3.9,2.5
05/14/2026,1630,U,27.28,+.39,+1.45%,26.97,27.715,26.52,59.55,0.5,0.72,16.78,24.59,25.94,28.24,-1201.02,-2576.02,4.02,31.1,12.1,0.0,2.5
05/14/2026,1630,UA,4.96,-.03,-0.60%,5.00,5.05,4.88,30.95,0.8,0.49,6.99,5.89,4.73,6.5,-4104.01,-488.01,6.01,22.1,92.4,0.0,-2.6
05/14/2026,1630,UAA,5.10,-.01,-0.20%,5.13,5.20,4.995,31.2,0.81,0.57,7.26,6.1,4.84,6.72,-4104.01,-500.01,6.01,44.3,92.4,0.0,-2.0
05/14/2026,1630,UAE,19.04,+.07,+0.37%,19.10,19.18,19.0004,46.4,0.27,0.21,21.48,19.29,18.74,19.71,-2104.02,-1884.02,5.02,86.1,82.1,-7.3,0.0
05/14/2026,1630,UAL,96.02,+.32,+0.33%,96.89,97.591,94.39,51.75,0.5,0.55,106.7,87.95,88.06,103.04,3208.05,10115.05,5.12,58.1,53.1,0.1,0.0
05/14/2026,1630,UBER,74.69,-.01,-0.01%,74.665,75.29,72.875,48.96,0.38,0.37,69.7,72.78,72.56,78.55,-1102.01,-7288.01,6.01,25.1,90.4,-0.3,1.6
05/14/2026,1630,UFO,57.97,+1.61,+2.86%,56.435,58.33,55.83,68.2,0.42,0.55,42.72,48.86,49.36,59.1,5205.01,5833.01,1.12,98.2,79.2,0.0,0.0
05/14/2026,1630,UGA,119.89,-.10,-0.08%,117.84,119.93,117.435,61.84,0.44,0.6,67.44,108.44,111.34,126.7,1204.03,12460.09,12.2,80.1,86.1,0.0,10.7
05/14/2026,1630,UHAL,49.67,+.12,+0.24%,49.45,50.30,49.17,42.89,0.25,0.31,49.31,50.07,48.92,53.08,-2103.01,-4917.01,5.01,14.3,38.1,-3.2,-0.3
05/14/2026,1630,UHS,170.67,-.34,-0.20%,171.97,172.79,168.6201,44.07,0.44,0.36,227.45,159.0,161.1,176.93,-8203.09,-16309.09,25.11,54.1,87.3,-6.4,0.0
05/14/2026,1630,UL,57.34,-.16,-0.28%,58.00,58.225,57.215,43.32,0.25,0.25,71.77,56.79,56.4,59.85,-1105.04,-5702.04,7.04,71.1,76.1,0.0,0.0
05/14/2026,1630,ULS,100.60,+1.80,+1.82%,99.15,100.61,97.40,63.16,0.62,0.35,69.77,86.45,88.35,109.85,5202.06,10485.06,6.25,38.1,94.4,6.4,4.1
05/14/2026,1630,ULTA,498.28,+6.135,+1.25%,492.60,503.675,492.60,34.27,0.3,0.54,663.52,524.0,481.99,544.66,-6114.01,-48744.02,17.02,100.4,63.1,-9.0,-9.9
05/14/2026,1630,UNG,11.16,+.18,+1.64%,10.82,11.2099,10.76,54.0,0.4,0.49,11.38,10.11,10.32,11.44,3206.02,1121.01,2.11,2.1,18.1,0.0,0.0
05/14/2026,1630,UNH,399.09,-2.07,-0.52%,401.00,401.899,396.00,83.06,0.3,0.32,271.8,348.95,362.48,409.14,13206.01,40415.02,2.33,3.1,38.1,8.8,15.4
05/14/2026,1630,UNP,269.34,+4.69,+1.77%,265.37,269.43,263.6801,62.54,0.34,0.25,260.49,263.1,261.98,270.22,2201.01,26943.01,1.4,65.1,98.4,0.0,14.7
05/14/2026,1630,UPBD,17.41,+.13,+0.75%,17.52,17.75,17.32,36.97,0.4,0.58,19.61,18.73,16.87,19.68,-7110.01,-1701.02,11.02,65.1,27.1,-3.4,-0.5
05/14/2026,1630,UPS,98.42,-.03,-0.03%,99.05,100.00,97.94,41.67,0.47,0.3,114.21,100.45,91.66,107.84,-3109.07,-9652.08,10.08,29.1,97.4,-1.6,-9.0
05/14/2026,1630,UPST,29.71,+2.72,+10.08%,27.75,29.79,27.06,48.88,0.7,0.78,26.8,29.8,25.43,33.53,-6201.02,-2622.02,18.02,29.1,60.1,-7.0,-0.3
05/14/2026,1630,URA,52.50,-.81,-1.52%,53.49,53.50,51.55,45.97,0.6,0.55,49.59,52.65,51.45,57.97,-3103.01,-5155.01,6.01,48.1,90.2,-1.6,0.0
05/14/2026,1630,URBN,68.79,+2.38,+3.58%,67.37,68.90,66.72,49.03,0.43,0.69,64.59,68.13,65.14,72.85,-5104.02,-6510.02,18.02,95.4,60.4,-8.5,0.0
05/14/2026,1630,URI,972.96,+37.70,+4.03%,943.27,976.19,943.27,65.49,0.79,0.36,848.37,942.83,920.35,976.9,1201.01,97619.01,1.3,58.1,100.4,0.0,22.7
05/14/2026,1630,URNJ,28.98,-.78,-2.62%,29.59,29.59,28.46,42.8,0.64,0.65,30.6,29.87,28.69,32.73,-3103.01,-2846.01,4.01,69.1,67.1,-2.7,0.0
05/14/2026,1630,URNM,62.50,-1.38,-2.16%,63.97,63.97,61.25,43.26,0.6,0.54,66.01,64.02,61.64,69.06,-3103.01,-6125.01,6.01,53.1,82.1,-4.1,0.0
05/14/2026,1630,USCI,101.3779,-.7221,-0.71%,100.95,101.46,100.95,62.93,0.18,0.32,79.51,97.22,97.84,103.37,3204.02,10293.02,2.06,86.1,79.1,5.2,11.9
05/14/2026,1630,USD/JPY,158.360,-.037,-0.02%,158.371,158.389,158.360,53.799,0.101,NaN,157.517,155.495,156.326,158.7,3205.01,15839.01,1.1,0.0,88.4,-9.2,0.0
05/14/2026,1630,USFD,83.96,-1.20,-1.41%,85.45,86.29,83.73,34.8,0.34,0.27,94.61,89.7,79.95,93.99,-5109.02,-8345.03,7.03,38.1,88.1,0.0,-10.5
05/14/2026,1630,USPH,65.09,+4.95,+8.23%,60.87,65.775,60.87,40.32,0.87,0.43,80.86,70.25,53.45,75.94,-3201.04,-5890.04,7.04,73.1,100.4,-2.9,-27.1
05/14/2026,1630,UTI,41.50,+1.75,+4.40%,39.82,41.53,39.225,66.41,0.49,0.49,29.9,35.02,34.92,41.26,3204.01,4153.01,1.05,46.1,46.1,0.2,0.2
05/14/2026,1630,UTZ,7.09,+.14,+2.01%,7.11,7.265,6.97,40.13,0.55,0.44,8.82,7.51,6.81,8.19,-5106.01,-697.01,6.01,42.1,87.1,0.0,-2.8
05/14/2026,1630,UUP,27.62,+.11,+0.40%,27.55,27.63,27.54,57.25,0.05,0.05,26.89,27.39,27.29,27.65,3203.01,2763.01,1.05,0.1,21.1,-0.4,0.0
05/14/2026,1630,V,322.52,+2.21,+0.69%,321.37,323.325,320.25,54.77,0.33,0.25,303.08,304.5,311.13,339.83,-1102.05,33585.1,10.14,45.1,100.4,3.1,3.8
05/14/2026,1630,VET,12.58,+.05,+0.40%,12.39,12.71,12.39,50.24,0.66,0.57,9.66,12.25,11.33,13.84,-3107.05,-1158.05,11.05,57.1,93.4,0.0,0.0
05/14/2026,1630,VFC,17.28,+.15,+0.88%,17.43,17.705,17.20,39.19,0.51,0.77,19.36,18.09,16.63,19.77,-3104.01,-1711.02,18.12,90.4,63.4,-19.4,-5.2
05/14/2026,1630,VG,13.01,+.01,+0.08%,12.89,13.27,12.75,51.73,0.94,0.8,8.55,11.84,11.25,14.1,2203.02,1401.02,2.04,22.1,81.2,0.0,0.0
05/14/2026,1630,VGK,87.47,-.13,-0.15%,87.93,87.989,87.435,52.98,0.22,0.21,88.18,84.82,85.35,89.36,2202.06,8917.06,6.12,85.1,89.3,0.0,0.1
05/14/2026,1630,VHT,274.10,-.31,-0.11%,274.73,275.485,272.99,52.63,0.15,0.17,288.23,265.44,267.45,276.04,3203.01,27549.01,1.12,75.1,53.1,-4.3,0.0
05/14/2026,1630,VIK,86.72,+4.55,+5.54%,89.905,92.00,86.31,61.18,0.51,0.51,74.6,77.15,77.95,87.11,1202.01,9200.01,1.12,78.3,85.1,-0.8,2.5
05/14/2026,1630,VIR,9.09,-0.24,-2.57%,9.34,9.39,8.92,40.63,0.52,0.42,7.26,9.94,8.55,10.64,-7113.01,-892.01,18.04,3.1,17.1,-5.1,-1.8
05/14/2026,1630,VIX,17.26,-.61,-3.41%,17.86,18.08,17.20,42.06,0.73,0.94,18.48,17.78,16.11,18.46,3101.01,1910.03,3.07,26.1,13.1,-1.6,0.0
05/14/2026,1630,VKTX,31.71,+.01,+0.03%,31.78,32.02,30.82,45.76,0.41,0.66,28.8,31.15,30.01,32.87,-10202.09,-2965.09,22.09,3.1,2.1,-8.2,0.0
05/14/2026,1630,VLO,244.77,+.67,+0.27%,243.65,244.97,240.64,53.07,0.47,0.42,194.58,232.11,233.37,257.56,-1102.01,-22725.06,10.06,81.1,96.4,0.0,5.5
05/14/2026,1630,VLTO,85.27,-.58,-0.68%,85.85,86.44,85.00,38.46,0.23,0.25,91.37,85.46,84.4,89.34,-4105.01,-8500.01,12.01,59.1,77.1,-4.9,-0.9
05/14/2026,1630,VMC,275.09,+.55,+0.20%,276.60,278.23,274.69,38.39,0.24,0.3,294.72,287.06,269.64,300.05,-8106.01,-27284.02,6.02,69.1,62.1,0.0,-0.7
05/14/2026,1630,VNM,19.49,+.24,+1.25%,19.36,19.50,19.35,59.51,0.23,0.21,18.62,18.76,18.72,19.97,1201.01,1978.05,5.47,30.1,30.1,0.0,0.6
05/14/2026,1630,VNO,31.07,+.38,+1.24%,30.95,31.76,30.70,59.75,0.32,0.44,27.76,28.72,29.13,32.75,4201.04,3222.04,4.08,63.1,46.1,6.4,3.7
05/14/2026,1630,VRNS,27.22,+.21,+0.78%,27.18,27.98,26.4509,58.28,0.43,0.63,20.61,23.58,25.14,29.88,14102.05,2953.06,6.24,67.1,68.1,3.7,6.4
05/14/2026,1630,VRT,376.23,+6.24,+1.69%,370.24,379.935,365.15,72.08,0.56,0.7,232.12,293.88,314.54,393.74,11211.01,37994.01,2.32,82.2,67.1,10.1,7.1
05/14/2026,1630,VRTX,450.41,-2.65,-0.58%,453.64,456.68,447.36,58.94,0.19,0.29,463.0,419.71,416.79,455.96,4205.01,45668.01,1.08,28.1,15.1,0.0,0.0
05/14/2026,1630,VSCO,46.78,+1.59,+3.52%,46.00,47.72,45.77,41.89,0.5,0.92,58.1,50.12,43.17,53.46,-6109.02,-4411.02,17.02,98.4,13.1,-6.0,-2.8
05/14/2026,1630,VTR,89.96,-.39,-0.43%,90.97,90.99,89.90,66.87,0.25,0.21,85.1,82.7,85.15,91.64,6214.01,9099.01,1.16,31.1,88.4,7.9,6.0
05/14/2026,1630,VVIX,94.26,-4.10,-4.17%,97.22,98.31,92.94,42.43,0.45,NaN,104.39,90.85,90.5,99.71,4101.01,9947.02,2.23,0.0,2.1,-0.9,1.9
05/14/2026,1630,VVV,32.38,+.29,+0.90%,32.42,32.51,31.765,44.18,0.46,0.46,37.86,31.68,30.95,35.83,-2103.01,3580.04,4.08,67.1,100.4,1.5,-1.2
05/14/2026,1630,VXD,15.82,-.36,-2.22%,15.68,16.77,15.68,40.17,0.74,NaN,14.32,17.18,14.06,16.88,4204.01,1677.01,1.1,0.0,10.1,-5.4,0.0
05/14/2026,1630,VXN:CGI,24.08,-.51,-2.07%,24.80,25.09,24.08,50.39,0.56,NaN,23.33,22.9,22.03,25.22,5205.01,2509.01,1.1,0.0,9.1,0.0,0.7
05/14/2026,1630,VXX,27.65,-.72,-2.54%,28.16,28.47,27.47,39.58,0.28,0.66,27.63,28.28,26.81,28.77,2101.01,-2747.01,33.05,16.1,13.1,-3.0,0.0
05/14/2026,1630,VZ,47.06,-.15,-0.32%,47.46,47.50,46.91,46.7,0.2,0.24,47.83,46.26,46.63,48.39,-1102.01,4828.02,2.23,65.1,61.1,0.0,4.2
05/14/2026,1630,W,61.91,+1.85,+3.08%,60.99,62.20,59.96,36.1,0.67,0.67,72.83,70.94,52.31,72.8,-6114.08,-5846.02,17.09,40.1,74.1,-11.3,-9.0
05/14/2026,1630,WBD,27.12,-.13,-0.48%,27.26,27.26,27.10,46.59,0.09,0.15,28.51,26.6,26.88,27.37,3101.02,-2660.13,31.13,4.1,2.1,-2.8,0.0
05/14/2026,1630,WCLD,27.91,+.42,+1.53%,27.57,28.13,27.01,49.24,0.44,0.27,25.19,26.37,26.55,30.64,-2103.01,-2701.01,6.01,39.1,86.3,2.6,1.0
05/14/2026,1630,WDAY,118.75,+2.25,+1.93%,116.785,120.77,115.30,43.91,0.6,0.77,125.83,114.36,114.25,131.61,-2104.01,-11530.01,6.01,99.4,93.3,0.0,0.0
05/14/2026,1630,WEAT,24.82,-.55,-2.17%,25.015,25.09,24.615,60.18,0.36,0.3,20.64,23.03,22.88,25.81,2204.02,2560.02,2.06,53.1,100.4,8.9,2.5
05/14/2026,1630,WELL,217.75,-2.39,-1.09%,221.41,221.41,216.89,58.94,0.27,0.25,206.32,205.02,210.75,222.5,7205.01,22141.01,1.16,50.1,98.3,0.2,6.5
05/14/2026,1630,WEN,8.11,-.08,-0.98%,8.27,8.32,7.955,65.29,0.74,0.66,6.73,6.68,6.38,8.33,5203.01,832.01,1.08,99.3,93.4,2.8,-1.1
05/14/2026,1630,WEST,8.36,-.02,-0.24%,8.39,8.695,8.35,77.92,1.3,0.66,4.73,5.24,5.83,9.63,14215.02,890.03,3.35,35.1,100.4,21.8,7.6
05/14/2026,1630,WFC,73.79,+.26,+0.35%,73.98,74.49,73.215,34.27,0.26,0.32,82.47,79.25,71.0,82.51,-9110.01,-7322.01,26.02,60.1,58.1,0.0,-3.0
05/14/2026,1630,WGMI,61.55,+2.67,+4.53%,58.92,62.32,58.25,72.12,0.69,0.73,37.62,44.6,47.02,67.19,6211.04,6232.01,4.3,32.1,45.1,9.1,3.7
05/14/2026,1630,WGS,38.85,-.09,-0.23%,39.07,40.61,38.50,30.41,2.54,0.85,79.01,61.48,17.81,63.77,-3108.06,-3498.06,18.06,62.1,98.4,-1.2,-18.8
05/14/2026,1630,WH,80.65,-.56,-0.69%,81.86,82.38,80.45,41.63,0.26,0.37,77.92,83.25,77.93,85.0,1105.06,-7969.08,20.09,62.1,17.1,-8.9,0.0
05/14/2026,1630,WING,118.96,-1.65,-1.37%,120.18,124.00,116.35,20.84,0.48,0.75,220.45,147.48,99.62,153.99,-9117.06,-11635.01,22.06,79.2,41.1,-21.9,-20.2
05/14/2026,1630,WMS,140.09,+2.15,+1.56%,139.11,142.09,137.89,42.98,0.4,0.57,166.24,145.12,133.99,152.23,-2106.02,-13445.02,18.02,98.4,60.3,-5.8,-4.6
05/14/2026,1630,WMT,132.46,+.99,+0.75%,131.355,132.78,130.86,60.04,0.21,0.34,121.05,125.91,127.38,133.67,2203.01,13278.01,1.03,91.2,54.1,0.0,0.8
05/14/2026,1630,WOOD,67.144,-.112,-0.17%,67.60,67.7699,67.0101,35.98,0.17,0.22,78.67,68.18,66.72,69.55,-3104.01,-6701.01,20.01,50.1,46.1,-18.1,0.0
05/14/2026,1630,WRBY,28.90,+.41,+1.44%,28.86,29.95,28.29,63.73,1.05,0.9,21.73,21.23,20.41,32.15,5206.01,2995.01,4.11,87.3,92.4,3.8,0.0
05/14/2026,1630,WW,11.02,+1.38,+14.32%,9.73,11.09,9.44,48.44,1.45,1.15,20.6,9.11,8.94,12.18,-4201.01,-837.05,7.05,62.3,82.4,0.0,0.1
05/14/2026,1630,WWW,15.22,-.31,-2.00%,16.88,17.02,14.00,32.97,0.36,0.64,16.96,16.84,14.88,17.67,-10116.01,-1400.01,18.01,31.1,22.1,-7.7,-5.2
05/14/2026,1630,WY,23.35,+.25,+1.08%,23.14,23.465,23.02,40.21,0.23,0.29,24.6,24.14,22.41,24.81,-6113.02,-2293.02,13.08,35.1,33.2,-3.4,-9.4
05/14/2026,1630,WYFI,29.99,+2.96,+10.95%,25.52,31.215,23.60,81.32,1.13,1.51,16.11,13.9,18.01,31.54,10210.01,3122.01,1.11,NaN,NaN,12.9,5.6
05/14/2026,1630,WYNN,95.43,-.78,-0.81%,96.49,97.97,95.20,32.64,0.29,0.42,105.24,104.07,93.4,109.55,-5105.01,-9520.01,6.01,54.1,23.1,0.0,-2.0
05/14/2026,1630,XBI,134.85,-1.00,-0.74%,136.26,136.91,133.54,54.61,0.25,0.29,122.1,127.76,129.78,138.65,5209.01,13810.04,4.1,35.1,54.1,-1.4,0.0
05/14/2026,1630,XHR,16.40,+.04,+0.24%,16.52,16.685,16.355,53.96,0.32,0.33,15.57,15.8,15.89,17.18,7103.04,1709.04,4.11,38.1,79.2,0.3,0.7
05/14/2026,1630,XIACY,20.20,-.52,-2.51%,20.30,20.40,20.14,51.06,0.34,NaN,22.55,18.9,18.77,21.07,4207.02,2080.02,2.11,0.0,27.1,0.0,0.0
05/14/2026,1630,XLB,51.67,-.39,-0.75%,52.12,52.25,51.595,51.77,0.15,0.17,52.08,50.89,50.71,52.59,6205.01,5252.02,2.08,25.1,37.1,0.0,0.0
05/14/2026,1630,XLC,117.11,+.35,+0.30%,117.10,117.97,116.935,55.56,0.12,0.17,113.3,115.07,115.32,117.94,1202.01,11797.01,1.34,52.4,38.1,-7.2,4.7
05/14/2026,1630,XLE,58.07,+.44,+0.76%,57.65,58.18,57.505,52.86,0.26,0.29,53.18,56.17,55.19,60.2,-3201.05,-5546.05,10.05,75.1,96.4,0.0,1.9
05/14/2026,1630,XLF,51.29,+.30,+0.59%,51.27,51.49,51.095,48.79,0.09,0.24,50.24,51.27,50.88,52.1,-5102.01,-5096.02,10.02,81.1,2.1,-4.6,0.0
05/14/2026,1630,XLG,64.23,+.75,+1.18%,63.71,64.33,63.66,82.06,0.12,0.21,56.34,59.98,61.08,64.66,14232.01,6433.01,1.33,89.1,33.1,6.0,14.8
05/14/2026,1630,XLI,174.51,+.89,+0.51%,174.17,174.725,172.84,55.22,0.2,0.27,173.4,169.23,170.47,177.42,5208.05,17772.06,6.12,89.2,88.3,0.0,1.4
05/14/2026,1630,XLK,179.50,+2.65,+1.50%,177.36,180.215,176.865,80.61,0.23,0.36,137.02,156.16,162.97,184.92,15231.03,18022.01,4.32,98.2,71.1,24.4,13.8
05/14/2026,1630,XLP,84.98,+.26,+0.31%,84.95,85.26,84.79,60.03,0.13,0.17,87.18,82.27,82.98,85.58,2203.01,8526.01,1.2,53.1,62.1,0.6,8.1
05/14/2026,1630,XLRE,43.91,-.30,-0.68%,44.33,44.385,43.87,52.02,0.15,0.12,43.01,43.33,43.56,44.95,11102.04,4481.04,4.37,3.1,66.2,0.0,4.6
05/14/2026,1630,XLU,44.90,+.23,+0.51%,44.63,44.92,44.545,41.7,0.19,0.19,45.51,45.56,44.01,46.82,-6107.01,-4436.02,10.02,49.1,99.2,-1.0,-0.7
05/14/2026,1630,XLV,146.63,-.08,-0.05%,146.85,147.40,145.935,52.43,0.15,0.19,155.87,141.97,142.84,147.63,3203.01,14740.01,1.04,62.1,54.1,-3.0,0.0
05/14/2026,1630,XLY,118.67,-.05,-0.04%,119.01,119.68,118.555,55.84,0.14,0.3,113.86,116.13,116.82,120.63,-1103.02,-11745.02,5.02,94.2,13.1,0.0,1.1
05/14/2026,1630,XOM,152.78,+1.21,+0.80%,151.90,153.1183,151.26,51.84,0.29,0.31,145.15,146.95,144.75,157.03,1203.01,-14600.04,10.04,76.1,83.1,0.0,0.0
05/14/2026,1630,XOP,169.22,+.88,+0.52%,167.67,170.19,167.30,48.42,0.38,0.37,142.96,166.79,160.44,181.67,-2107.05,-16382.05,11.05,84.1,96.4,0.0,0.4
05/14/2026,1630,XPEV,16.12,-.56,-3.36%,15.92,16.325,15.66,45.08,0.43,0.76,17.22,15.71,15.36,16.71,1204.02,1688.02,2.11,98.2,15.1,-11.1,0.0
05/14/2026,1630,XRT,80.38,+.63,+0.79%,80.755,81.32,80.20,38.0,0.24,0.43,85.43,83.51,78.77,86.72,-6110.01,-7889.02,18.02,99.3,85.4,-4.4,-1.3
05/14/2026,1630,XTL,231.76,+4.77,+2.10%,230.07,232.585,228.50,65.2,0.3,0.27,172.69,209.21,213.73,237.33,4205.08,23259.01,10.32,80.1,59.1,4.0,2.2
05/14/2026,1630,XYL,109.44,+.43,+0.39%,110.06,110.70,109.08,32.33,0.3,0.31,127.01,114.15,105.6,119.82,-11106.02,-10897.02,25.11,72.1,76.2,-8.7,-12.9
05/14/2026,1630,XYZ,71.53,+1.75,+2.51%,70.29,71.70,69.55,55.68,0.42,0.49,49.33,67.8,68.76,74.44,-2102.01,-6955.01,4.01,33.1,46.1,0.0,0.3
05/14/2026,1630,YCS,53.2598,+.3998,+0.76%,53.00,53.27,52.54,53.13,0.25,0.15,49.05,53.61,51.01,54.31,1203.03,-5159.07,12.07,6.1,92.4,0.0,-1.2
05/14/2026,1630,YELP,21.08,-1.78,-7.79%,22.81,22.98,21.065,25.13,0.6,0.48,19.6,27.53,20.83,29.02,-5107.01,-2107.01,6.01,80.1,98.4,0.0,-0.3
05/14/2026,1630,YPF,44.17,+.64,+1.47%,43.44,44.61,43.21,54.25,0.4,0.44,36.04,42.02,42.27,45.77,2201.02,4518.02,2.04,35.1,44.2,0.0,6.2
05/14/2026,1630,YUM,150.63,+.86,+0.57%,150.39,151.66,150.3301,39.49,0.26,0.23,159.45,154.66,146.52,160.64,-6105.02,-14969.02,10.03,45.1,85.4,-2.3,-12.9
05/14/2026,1630,YUMC,45.98,-.94,-2.00%,46.57,46.665,45.91,34.85,0.22,0.31,53.33,47.33,45.84,49.13,-5106.01,-4591.01,7.01,34.1,35.1,-0.3,-1.6
05/14/2026,1630,ZG,37.86,-1.02,-2.62%,39.00,39.20,37.79,31.58,0.44,0.66,41.9,42.98,36.77,46.49,-8109.01,-3779.01,18.01,83.1,69.1,-0.6,0.0
05/14/2026,1630,ZM,98.23,-4.20,-4.10%,102.58,102.90,97.81,52.8,0.46,0.66,82.79,89.55,91.75,115.63,-1103.02,11156.04,8.25,100.4,72.1,4.2,6.1
05/14/2026,1630,ZS,153.70,+1.27,+0.83%,153.50,158.0375,146.39,60.53,0.57,0.89,141.56,130.42,130.57,161.88,7210.01,15804.01,1.24,100.4,77.1,3.4,0.4
