Date,Time,Symbol,Last,Net Chng,%Change,Open,High,Low,RSI,HistoricalVolatility,ImpVolatility,A_TrendValue,A_TradeValue,A_BB_Bottom,A_BB_Top,A_BB_Streak,A_BBHighLow,A_BBHighLowDays,A_IVPercentile,A_HVPercentile,A_BB_Top_Slope,A_BB_Bot_Slope
05/19/2026,1630,$COMP,25870.7098,-220.0241,-0.84%,25923.4861,26050.2933,25701.4391,62.42,0.16,NaN,22528.26,24491.83,25110.78,27148.46,-1102.01,2670714.04,7.36,0.0,55.1,10.0,7.3
05/19/2026,1630,$DJI,49363.88,-322.24,-0.65%,49696.53,49696.53,49245.11,52.81,0.11,NaN,48678.78,48708.57,49059.56,50260.29,-1101.01,5020054.04,4.37,0.0,38.1,0.0,1.3
05/19/2026,1630,$DXY,99.356,+.029,+0.03%,99.271,99.412,99.271,59.032,0.056,NaN,97.355,97.72,97.745,99.738,6207.01,9943.02,2.09,0.0,42.1,0.9,0.0
05/19/2026,1630,/6B[M26],1.3390,-.0007,-0.05%,1.3397,1.3403,1.3377,43.4685,0.075,0.0707,1.3314,1.3454,1.3279,1.3661,-5107.03,-133.03,8.03,34.1,79.1,1.6,-2.2
05/19/2026,1630,/6C[M26],.72790,-.00025,-0.03%,.72825,.72850,.72750,40.02184,0.03905,0.0476,0.7292,0.732,0.72415,0.73588,-8111.02,-73.02,11.02,44.1,21.1,-0.8,-0.1
05/19/2026,1630,/6E[M26],1.16140,-.00045,-0.04%,1.16200,1.16270,1.16075,38.77835,0.04888,0.061,1.168,1.16775,1.15761,1.18111,-6107.01,-116.01,7.01,25.1,25.1,0.0,-0.3
05/19/2026,1630,/6J[M26],.0063025,+.000001,+0.02%,.0063020,.0063050,.0062990,43.2030904,0.1006173,0.0754,0.006346,0.006243,0.006265,0.0063975,-3107.02,-1.02,10.02,8.1,65.4,0.0,0.0
05/19/2026,1630,/BTC[K26],76790,-45.00,-0.06%,77090,77090,76465,47.0,0.0,0.0,62590.0,75655.0,75590.0,83037.0,-3104.0,-7646500.0,10.0,43.0,7.0,0.0,0.0
05/19/2026,1630,/BZ[N26],110.65,-.63,-0.57%,111.21,111.45,110.15,57.56,0.55,NaN,69.16,105.66,100.01,115.1,2205.02,-9607.1,15.1,0.2,81.1,0.0,1.0
05/19/2026,1630,/CL[N26],103.59,-.56,-0.54%,104.12,104.45,103.12,56.22,0.54,0.73,63.6,99.11,94.9,107.59,1207.02,-8985.1,15.1,72.1,79.1,-0.2,2.8
05/19/2026,1630,/GC[M26],4485.0,-26.20,-0.58%,4486.6,4512.0,4458.0,36.6,0.2,0.2,5109.5,4510.1,4425.0,4762.5,-4104.0,-445800.0,7.0,62.1,48.1,-1.2,0.0
05/19/2026,1630,/HG[N26],6.1960,-.0105,-0.17%,6.1875,6.2160,6.1750,51.4891,0.3206,0.3332,5.751,5.82,5.883,6.7826,-1104.03,672.06,6.12,69.1,54.2,4.3,0.0
05/19/2026,1630,/NG[M26],3.104,-.01,-0.32%,3.113,3.117,3.101,64.867,0.463,0.508,2.775,2.592,2.71,3.186,13217.01,312.01,1.19,14.1,20.1,10.6,4.5
05/19/2026,1630,/NKD[M26],59900,-785.00,-1.29%,60600,60885,59355,48.0,0.0,NaN,56490.0,58655.0,58830.0,64715.0,-3104.0,-5935500.0,8.0,0.0,58.0,0.0,1.0
05/19/2026,1630,/SI[N26],74.450,-.709,-0.94%,74.080,75.230,73.695,44.126,0.628,0.565,84.56,71.65,69.037,90.006,-2104.02,8917.05,5.15,56.1,77.1,0.6,-1.1
05/19/2026,1630,AAAU,44.20,-.74,-1.65%,44.31,44.51,44.03,36.92,0.21,0.25,49.21,44.4,43.92,47.17,-3104.01,-4403.01,56.01,67.1,48.1,-1.9,0.0
05/19/2026,1630,AAL,12.06,-.30,-2.43%,12.175,12.29,11.965,47.9,0.42,0.55,12.84,11.17,11.45,13.69,-1103.01,1337.08,8.15,62.1,35.1,0.3,3.8
05/19/2026,1630,AAPL,298.97,+1.13,+0.38%,296.97,300.51,296.35,72.16,0.2,0.26,258.16,267.04,281.26,312.3,9216.05,30320.03,5.31,19.1,40.1,16.3,15.0
05/19/2026,1630,ABBV,213.76,+4.35,+2.08%,209.90,215.80,208.727,59.58,0.26,0.28,221.13,190.75,201.63,215.92,4206.01,21580.01,1.15,42.1,54.1,1.3,5.0
05/19/2026,1630,ABNB,131.16,-3.14,-2.34%,133.07,135.50,130.01,39.37,0.21,0.37,119.94,135.95,128.55,142.74,-12107.01,-13001.01,7.01,35.1,20.1,-0.1,0.0
05/19/2026,1630,ABR,5.81,-.23,-3.81%,6.02,6.08,5.77,27.53,0.75,0.46,7.11,7.73,4.82,7.78,-6108.03,-567.03,9.04,35.1,100.4,-2.6,-27.5
05/19/2026,1630,ABT,88.82,+.91,+1.04%,88.36,89.3448,87.41,45.03,0.29,0.3,111.18,87.3,80.86,90.74,1202.01,8934.01,1.07,89.2,78.4,-6.0,-3.3
05/19/2026,1630,ACHC,24.92,-.39,-1.54%,24.97,25.40,23.94,44.97,0.64,0.65,16.24,21.6,23.13,27.56,-1103.01,-2394.01,12.08,22.1,60.2,-2.0,-1.5
05/19/2026,1630,ACHR,5.91,-.01,-0.17%,5.83,6.08,5.69,46.57,0.55,0.79,6.66,5.47,5.58,6.82,-3103.01,-569.01,5.01,16.1,17.1,1.1,0.9
05/19/2026,1630,ACI,17.20,+.39,+2.32%,16.87,17.685,16.71,59.91,0.24,0.31,17.57,16.26,15.73,17.22,4205.01,1768.01,1.05,48.1,45.1,0.0,0.0
05/19/2026,1630,ADBE,254.99,-.65,-0.25%,263.33,265.09,251.81,55.75,0.43,0.57,244.28,236.28,234.98,261.99,2203.01,26509.01,1.04,98.2,93.2,0.2,0.0
05/19/2026,1630,ADYEY,10.970,+.41,+3.88%,10.930,11.060,10.880,52.61,0.28,NaN,10.86,10.96,9.97,11.5,1201.01,-1023.03,10.04,0.0,38.1,-0.1,-1.8
05/19/2026,1630,AFK,26.32,-.68,-2.52%,26.69,26.7531,26.31,40.38,0.31,0.47,29.0,26.22,25.81,29.28,-3103.01,-2631.01,7.01,81.1,73.1,0.3,0.0
05/19/2026,1630,AFRM,65.30,+.89,+1.38%,64.41,65.37,62.83,55.55,0.51,0.65,45.86,61.1,62.88,68.6,-4102.01,-6283.01,6.01,25.1,17.1,0.0,0.5
05/19/2026,1630,AGCO,111.52,-1.65,-1.46%,112.68,112.90,110.09,40.63,0.43,0.42,131.01,112.96,110.23,121.52,-4105.01,-11009.01,9.01,75.1,86.4,-1.0,0.0
05/19/2026,1630,AHR,50.81,+.72,+1.44%,49.92,50.865,49.53,53.09,0.36,0.27,51.69,49.71,49.19,52.03,-3201.01,-4953.01,4.01,7.1,98.4,0.0,0.9
05/19/2026,1630,AIQUY,40.19,-.44,-1.08%,40.465,40.465,40.145,38.51,0.28,NaN,40.85,41.25,39.4,42.71,-6116.09,-3999.03,29.09,0.0,96.2,-12.1,-6.7
05/19/2026,1630,AKAM,141.34,-9.43,-6.25%,142.76,147.68,140.375,60.97,1.04,0.55,92.68,94.5,122.19,178.61,-1102.01,16545.05,5.26,77.1,100.4,20.5,19.5
05/19/2026,1630,ALB,169.00,-6.74,-3.84%,172.51,173.38,165.67,37.32,0.53,0.68,165.3,186.76,168.51,210.6,-4104.01,-16567.01,5.01,61.1,28.1,0.0,0.0
05/19/2026,1630,ALCO,40.37,+.13,+0.32%,39.97,41.19,39.955,42.7,0.2,NaN,40.51,39.96,39.86,41.44,-13103.01,-3996.01,6.01,0.0,29.1,-5.7,-1.9
05/19/2026,1630,ALGN,155.16,-3.62,-2.28%,158.59,159.69,154.20,31.86,0.31,0.46,175.35,167.46,148.41,177.58,-10117.01,-15420.01,21.11,55.1,32.1,-15.3,-4.8
05/19/2026,1630,ALLY,40.85,-1.26,-2.99%,42.11,42.20,40.72,39.53,0.26,0.35,38.78,42.97,40.48,44.48,-7107.01,-4072.01,21.01,35.1,40.1,-6.3,0.0
05/19/2026,1630,ALNY,294.30,+8.03,+2.81%,289.00,294.93,284.3789,44.44,0.32,0.42,322.0,287.0,279.75,305.52,-13201.01,-28428.07,25.07,38.1,38.1,-4.0,-1.6
05/19/2026,1630,AMAT,406.91,-6.66,-1.61%,404.37,415.4641,397.3701,49.78,0.53,0.58,365.61,377.07,382.38,465.21,-1102.01,44845.07,7.15,72.3,74.1,7.4,0.0
05/19/2026,1630,AMBA,76.69,-2.19,-2.78%,76.45,78.40,74.33,62.77,0.53,0.95,56.06,63.7,70.2,86.91,-1102.01,8337.05,9.33,96.4,42.1,7.3,5.5
05/19/2026,1630,AMD,414.05,-6.94,-1.65%,412.60,428.75,393.36,63.81,0.98,0.71,194.15,318.86,358.99,505.55,-1103.01,46922.07,7.36,91.3,98.4,5.9,1.4
05/19/2026,1630,AMG,294.90,-2.13,-0.72%,296.56,299.57,293.49,49.28,0.31,0.4,279.02,285.0,289.88,309.24,-3103.01,-29125.02,9.02,75.1,68.1,0.0,4.6
05/19/2026,1630,AMH,31.71,-.18,-0.56%,31.73,31.89,31.38,56.4,0.26,0.4,28.84,31.19,30.73,32.67,-3202.02,-3089.02,9.02,86.2,93.2,0.0,2.4
05/19/2026,1630,AMLP,54.84,+.38,+0.70%,54.51,54.94,54.235,64.12,0.16,0.16,50.98,52.66,52.84,55.05,3204.01,5494.01,1.23,79.1,91.4,0.3,10.8
05/19/2026,1630,AMN,26.92,-1.94,-6.72%,28.78,29.12,26.87,59.94,1.06,0.63,17.36,20.3,21.3,34.55,6101.04,3117.04,5.1,6.1,100.4,17.5,5.7
05/19/2026,1630,AMPH,17.82,+.62,+3.60%,17.28,17.9125,17.00,37.78,0.95,0.88,19.83,21.48,14.75,23.25,-7108.02,-1665.02,9.04,85.1,90.4,0.0,-21.6
05/19/2026,1630,AMZN,259.34,-5.52,-2.08%,262.04,262.25,255.19,51.93,0.23,0.32,203.11,256.16,258.54,275.76,-4104.01,-25519.01,11.01,29.1,21.1,0.0,4.8
05/19/2026,1630,AN,178.59,-3.35,-1.84%,180.47,181.935,177.56,28.76,0.3,0.37,191.79,199.52,174.36,207.11,-9107.01,-17756.01,13.01,69.1,80.2,-0.7,-5.1
05/19/2026,1630,AQWA,18.3153,-.1797,-0.97%,18.44,18.44,18.27,30.37,0.16,0.19,20.39,18.92,18.22,19.35,-8116.01,-1827.01,28.01,48.1,79.1,-12.4,-16.8
05/19/2026,1630,AR,38.98,+.62,+1.62%,38.65,39.17,38.03,55.94,0.33,0.41,33.07,37.75,35.08,40.13,2203.01,-3584.06,14.06,30.1,19.1,0.0,-0.7
05/19/2026,1630,ARE,45.84,-.84,-1.80%,46.35,46.64,45.44,50.83,0.6,0.45,52.5,40.04,41.16,50.24,2211.04,-4004.13,22.13,53.1,89.4,0.0,0.0
05/19/2026,1630,ARGT,88.16,-1.79,-1.99%,89.78,89.84,88.08,43.55,0.3,0.31,88.5,89.22,86.16,92.93,-6101.02,-8705.02,9.02,42.1,58.1,-1.8,-6.7
05/19/2026,1630,ARHS,5.78,-.09,-1.53%,5.80,5.86,5.67,32.49,0.57,0.72,7.78,6.96,4.92,7.42,-9109.04,-563.05,20.05,54.1,70.2,-9.2,-20.7
05/19/2026,1630,ARKK,73.84,-.67,-0.90%,73.83,74.565,72.96,43.89,0.35,0.42,69.08,72.75,72.9,80.94,-3103.01,-7296.01,7.01,36.1,40.1,-0.2,0.0
05/19/2026,1630,ARQQ,12.17,-.57,-4.47%,12.50,12.55,11.914257,35.0,0.7,1.21,15.02,13.04,11.95,15.88,-5106.01,-1191.01,6.01,63.2,10.1,-0.9,0.0
05/19/2026,1630,AS,33.83,+.68,+2.05%,34.00,35.87,33.54,46.14,0.4,0.51,36.25,33.91,31.57,36.77,1107.01,-3261.04,8.04,34.2,49.1,-0.1,-7.9
05/19/2026,1630,ASBFF,25.76,0,0.00%,0,0,0,47.51,1.44,NaN,NaN,26.59,NaN,NaN,NaN,0.0,0.0,NaN,NaN,NaN,NaN
05/19/2026,1630,ASO,49.25,-.73,-1.46%,49.87,50.22,48.31,34.49,0.37,0.59,57.32,51.54,47.79,54.66,-15107.01,-4831.01,23.01,84.2,23.1,-10.4,-3.1
05/19/2026,1630,ATRO,79.38,-.97,-1.21%,79.43,80.425,76.7701,57.1,0.54,0.59,69.72,66.15,70.02,86.66,2211.03,8354.04,4.14,55.1,60.2,8.2,0.1
05/19/2026,1630,AVB,185.11,-.14,-0.08%,184.59,186.11,183.24,59.6,0.25,0.22,174.71,181.93,181.09,188.1,-2202.02,-18127.02,14.02,29.1,81.4,0.0,14.9
05/19/2026,1630,AVGO,411.07,-9.64,-2.29%,409.815,417.9499,405.86,52.17,0.44,0.59,307.93,396.78,406.35,439.81,-2102.01,-40586.01,4.01,85.2,64.2,0.0,1.4
05/19/2026,1630,AVO,12.23,-.06,-0.49%,12.36,12.51,11.95,35.83,0.35,0.61,14.02,13.23,11.37,13.92,-8112.02,-1191.02,29.05,90.3,58.1,-8.1,-7.1
05/19/2026,1630,AVTR,7.64,+.04,+0.53%,7.66,7.80,7.495,40.58,0.44,0.65,8.78,7.48,7.45,8.4,-5105.01,-750.01,9.01,76.1,57.2,-2.5,0.0
05/19/2026,1630,AWI,152.83,-5.06,-3.20%,156.29,156.29,151.975,31.58,0.28,0.33,168.3,162.42,149.53,167.58,-7117.01,-15198.01,26.01,77.1,77.1,-15.6,-4.2
05/19/2026,1630,AXP,309.31,-2.93,-0.94%,310.74,312.99,307.63,42.76,0.24,0.3,307.65,312.23,306.2,320.94,-9109.01,-30763.01,23.01,36.1,48.1,-6.3,0.0
05/19/2026,1630,AZO,3347.28,-18.46,-0.55%,3346.67,3394.44,3313.02,39.57,0.28,0.42,3620.0,3460.0,3219.56,3621.14,-10112.02,-328000.02,13.02,98.3,78.1,-1.3,-9.3
05/19/2026,1630,B,39.50,-1.10,-2.71%,40.08,40.28,39.17,42.64,0.56,0.46,46.1,38.11,37.07,47.64,-2103.01,4662.06,6.15,45.1,90.4,2.5,0.0
05/19/2026,1630,BA,215.01,-5.60,-2.54%,218.84,220.05,214.00,40.52,0.39,0.36,224.91,221.04,212.96,242.79,-3104.01,-21400.01,4.01,66.1,89.3,0.6,0.0
05/19/2026,1630,BABA,135.64,+2.38,+1.79%,135.345,136.78,134.79,50.38,0.52,0.43,143.33,129.35,128.2,146.46,-1103.03,-13033.05,5.05,33.1,77.4,1.9,0.0
05/19/2026,1630,BAC,50.70,+.01,+0.02%,50.725,51.275,50.375,44.77,0.2,0.28,49.32,51.83,48.23,53.75,-6109.03,-4930.03,9.03,22.1,48.1,-1.0,-12.4
05/19/2026,1630,BALL,55.11,-.69,-1.24%,55.50,55.685,54.58,32.46,0.32,0.3,65.22,59.8,52.92,60.71,-8118.03,-5458.01,23.11,50.1,82.3,-11.1,-13.6
05/19/2026,1630,BBN,15.52,-.09,-0.58%,15.55,15.63,15.47,27.47,0.1,NaN,16.54,16.01,15.49,16.26,-5106.01,-1547.01,6.01,0.0,62.1,0.0,-5.4
05/19/2026,1630,BBWI,16.11,-.10,-0.62%,16.20,16.46,16.02,31.77,0.5,0.77,22.23,18.07,15.78,20.25,-5105.01,-1602.01,20.01,99.4,53.1,-2.4,-0.1
05/19/2026,1630,BBY,59.29,+1.41,+2.44%,58.065,59.73,57.77,48.9,0.37,0.54,61.01,57.52,55.02,60.59,1202.01,-5580.04,21.04,90.4,71.2,-8.0,0.0
05/19/2026,1630,BCO,102.30,-2.68,-2.55%,104.03,105.32,102.28,40.3,0.3,0.31,107.87,104.29,101.5,108.54,-12103.01,-10228.01,21.01,54.1,67.1,-4.7,-0.1
05/19/2026,1630,BDRY,12.65,-.20,-1.56%,12.81,12.81,12.56,59.86,0.39,0.53,11.25,11.29,11.68,13.8,9101.05,1333.05,5.18,13.1,43.1,15.0,2.3
05/19/2026,1630,BEAM,26.33,-.48,-1.79%,26.65,26.79,25.87,39.46,0.82,0.71,26.81,28.69,25.84,33.33,-4104.01,-2587.01,7.01,40.2,76.4,0.0,0.0
05/19/2026,1630,BEPC,36.14,-.22,-0.61%,35.99,36.5799,35.635,39.29,0.56,0.44,42.1,34.4,35.28,38.05,-1101.01,-3564.01,29.01,69.2,94.4,-19.4,0.0
05/19/2026,1630,BIDU,137.68,-.03,-0.02%,138.75,140.24,137.11,55.45,0.66,0.53,122.97,119.0,125.01,155.98,-1103.03,15237.05,5.36,67.4,93.4,5.3,1.3
05/19/2026,1630,BIO,281.05,-.77,-0.27%,281.82,284.98,274.33,58.42,0.66,0.36,267.13,242.28,230.34,286.12,2202.01,28498.01,1.11,24.1,92.4,0.0,0.0
05/19/2026,1630,BIP,38.42,-.19,-0.49%,38.45,38.73,38.17,62.11,0.22,0.31,37.92,33.48,36.47,39.83,7211.04,3895.04,4.14,60.3,75.1,12.1,2.6
05/19/2026,1630,BIRK,32.50,+.38,+1.18%,31.87,33.27,31.60,36.75,0.7,0.5,38.21,36.91,29.55,40.51,-5106.01,-3134.02,9.02,44.1,100.4,-1.0,-8.3
05/19/2026,1630,BITO,10.48,-.01,-0.10%,10.45,10.52,10.385,46.99,0.33,0.43,8.68,10.26,10.31,11.42,-3103.01,-1039.01,10.01,31.1,15.1,0.0,0.0
05/19/2026,1630,BJ,97.66,+.63,+0.65%,97.35,99.16,96.57,59.14,0.26,0.44,95.32,90.68,91.13,98.91,5205.01,9916.01,1.09,86.2,32.1,0.0,0.2
05/19/2026,1630,BJRI,42.12,-.52,-1.22%,42.46,42.98,41.6101,62.76,0.34,0.27,37.43,36.29,37.73,45.43,4211.06,4381.07,7.1,1.1,36.1,11.2,0.0
05/19/2026,1630,BK,136.32,-.26,-0.19%,135.93,137.81,134.75,62.67,0.17,0.29,114.11,130.9,130.92,138.1,5206.01,13781.01,1.09,67.1,36.1,0.0,0.7
05/19/2026,1630,BKNG,154.54,-.53,-0.34%,153.365,160.91,153.365,34.48,0.37,0.43,150.62,164.23,145.23,173.67,-10120.04,-15305.03,23.05,87.1,72.1,-7.4,-11.9
05/19/2026,1630,BKV,29.50,+.73,+2.54%,28.93,29.52,28.14,53.18,0.43,0.41,28.13,30.0,25.99,32.09,-6201.04,-2742.04,14.07,15.1,59.2,0.0,-0.5
05/19/2026,1630,BLDR,66.39,-3.79,-5.40%,69.00,69.98,66.135,27.95,0.48,0.64,101.25,73.5,63.1,78.36,-6116.01,-6614.01,21.11,91.2,49.2,-14.7,-4.3
05/19/2026,1630,BLK,1036.30,-49.58,-4.57%,1074.46,1084.00,1036.02,44.45,0.26,0.3,1040.45,1031.32,1035.41,1115.1,-1101.01,-103602.01,4.01,76.1,60.1,3.2,0.0
05/19/2026,1630,BLMN,7.61,-.04,-0.52%,7.73,7.73,7.29,58.59,1.31,0.63,5.6,5.53,6.08,9.62,-1102.01,873.07,7.12,21.1,90.4,11.0,0.1
05/19/2026,1630,BLOK,60.74,-.63,-1.03%,60.72,61.39,59.61,49.84,0.38,0.38,51.64,57.08,58.46,68.0,-2103.01,-5961.01,7.01,34.1,48.1,2.5,2.0
05/19/2026,1630,BNDD,96.1866,-.3636,-0.38%,96.1866,96.1866,96.1866,36.49,0.06,0.17,97.0,97.29,96.03,98.26,-5107.01,-9619.01,10.01,57.1,6.1,0.0,-2.4
05/19/2026,1630,BNO,58.81,+1.16,+2.01%,58.81,59.02,57.90,61.78,0.53,0.83,33.15,56.05,52.37,60.85,2204.02,5949.02,2.09,86.2,82.1,0.0,8.1
05/19/2026,1630,BOOT,141.54,+.45,+0.32%,140.21,144.90,137.53,33.08,0.42,0.5,187.66,163.79,127.59,174.06,-7109.02,-13753.01,9.04,37.3,62.1,0.0,-8.7
05/19/2026,1630,BP,46.14,+.45,+0.98%,45.925,46.20,45.40,55.96,0.25,0.33,37.27,45.98,42.29,47.5,1202.01,-4322.08,14.08,67.1,46.1,-0.2,-4.7
05/19/2026,1630,BRBR,8.89,-.37,-4.00%,9.41,9.56,8.85,24.4,1.81,0.97,17.45,16.77,3.94,13.12,1201.01,-885.01,12.08,95.3,98.4,-8.3,-21.2
05/19/2026,1630,BRCB,6.68,-.23,-3.33%,6.92,7.3738,6.635,17.46,1.31,0.78,11.51,11.35,5.1,11.75,-13121.02,-664.01,23.03,NaN,NaN,-10.0,-26.3
05/19/2026,1630,BRKR,42.59,-.16,-0.37%,42.74,43.11,42.00,58.26,0.67,0.52,37.59,33.8,37.9,49.28,-1102.01,4524.05,7.14,29.1,88.4,10.5,2.8
05/19/2026,1630,BROS,52.77,+.03,+0.06%,53.10,54.38,52.055,48.75,0.57,0.52,46.52,54.73,46.11,58.86,-6202.04,-4832.05,10.05,29.1,75.2,0.0,-4.9
05/19/2026,1630,BTAL,12.63,+.15,+1.20%,12.69,12.83,12.5697,52.73,0.26,0.48,13.6,12.28,11.66,12.73,3203.01,1283.01,1.07,80.4,88.2,-0.6,-1.0
05/19/2026,1630,BTC,33.94,-.03,-0.09%,33.84,34.05,33.64,47.53,0.33,0.38,27.79,33.13,33.34,36.97,-3103.01,-3364.01,10.01,20.1,28.1,0.0,0.6
05/19/2026,1630,BTC-USD,-57.29,.87,-1.50%,-54.99,-52.55,-60.60,38.56,1.19,0.66,-32.36,-46.72,-74.59,-42.86,-19202.04,7014.04,35.04,64.1,24.1,-1.9,-11.9
05/19/2026,1630,BTI,66.06,-.29,-0.44%,65.975,66.37,65.36,68.11,0.32,0.3,60.95,57.28,58.86,69.51,11207.02,6730.04,4.21,75.2,98.4,26.9,10.8
05/19/2026,1630,BUD,81.91,+.59,+0.73%,81.29,82.00,81.01,67.94,0.37,0.25,78.2,72.48,77.08,86.93,-1101.01,8200.01,9.19,47.1,88.4,8.1,13.8
05/19/2026,1630,BULL,7.00,-.06,-0.85%,7.001,7.13,6.875,56.08,0.41,0.89,5.47,6.52,6.83,7.45,-6103.01,-688.01,4.01,25.1,5.1,0.0,0.5
05/19/2026,1630,BURL,286.10,-4.28,-1.47%,289.49,291.51,284.16,32.06,0.26,0.48,302.19,304.77,271.34,319.58,-11120.05,-28057.05,21.05,82.2,8.1,-5.2,-9.5
05/19/2026,1630,BUXX,20.24,0,0.00%,20.22,20.24,20.22,49.65,0.02,NaN,20.24,20.2,20.22,20.26,-1205.01,-2022.01,22.01,0.0,34.3,-8.8,0.0
05/19/2026,1630,BXP,58.67,-1.25,-2.09%,59.83,59.83,58.515,53.74,0.24,0.36,57.45,56.9,58.07,60.34,-1101.01,6009.02,2.03,67.1,30.1,-0.9,2.9
05/19/2026,1630,BYD,78.09,-1.00,-1.26%,79.04,79.35,77.57,34.04,0.36,0.29,81.69,81.78,75.63,86.86,-9107.01,-7757.01,16.03,47.1,91.4,-3.8,-15.2
05/19/2026,1630,BYDDF,12.00,-.07,-0.58%,11.78,12.05,11.77,34.04,0.32,NaN,12.02,12.15,11.72,13.53,-12121.01,-1177.01,24.01,0.0,21.1,-1.8,-3.9
05/19/2026,1630,C,119.97,-2.44,-1.99%,121.45,121.45,119.76,38.31,0.18,0.33,107.5,124.6,119.73,129.48,-7108.01,-11976.01,8.01,38.1,9.1,-1.3,-1.6
05/19/2026,1630,CACC,547.93,-7.50,-1.35%,554.58,555.97,545.00,62.62,0.31,0.4,467.6,495.6,500.86,570.93,6211.02,55983.02,2.33,27.1,21.1,0.0,0.6
05/19/2026,1630,CAG,13.93,+.14,+1.02%,13.90,14.16,13.70,42.41,0.24,0.36,18.31,13.78,13.41,14.34,1201.01,-1344.02,4.02,71.2,31.1,-1.8,-0.1
05/19/2026,1630,CAH,200.37,+.60,+0.30%,200.79,203.98,199.6001,52.79,0.36,0.28,220.51,185.8,178.7,205.34,3204.01,20398.01,1.08,36.1,83.4,-0.6,0.0
05/19/2026,1630,CAKE,58.47,-1.23,-2.06%,59.44,59.50,58.275,44.57,0.39,0.38,60.53,59.06,56.22,62.76,-4107.03,-5724.04,10.04,19.1,78.2,-0.7,-3.7
05/19/2026,1630,CAMT,151.31,-4.43,-2.84%,150.47,156.63,147.5669,36.26,0.91,0.7,145.28,178.9,144.38,206.6,-6106.01,-14757.01,7.01,76.1,100.4,0.0,-1.8
05/19/2026,1630,CANE,10.10,+.17,+1.71%,10.00,10.15,10.00,55.92,0.27,0.4,9.19,9.67,9.75,10.36,-1201.03,1033.11,11.27,87.3,91.3,0.0,11.3
05/19/2026,1630,CARR,61.44,-3.07,-4.76%,63.73,63.98,61.38,43.57,0.47,0.4,60.28,61.0,61.36,69.08,-2103.01,-6138.01,9.01,68.1,84.3,0.0,7.1
05/19/2026,1630,CASY,852.15,-3.72,-0.43%,851.10,856.44,838.22,60.51,0.29,0.42,656.39,771.44,825.22,912.57,-1103.01,-83822.01,11.01,98.4,81.2,1.6,9.7
05/19/2026,1630,CAT,860.15,-3.80,-0.44%,861.59,869.86,845.551,51.65,0.48,0.4,728.4,809.1,835.16,954.57,-3103.01,-84555.01,9.01,73.1,92.4,0.0,7.5
05/19/2026,1630,CAVA,78.12,-1.77,-2.22%,79.46,79.71,76.875,41.08,0.53,0.79,66.15,89.08,67.03,90.05,-9101.04,-7205.05,21.05,94.4,65.1,-10.4,-13.9
05/19/2026,1630,CBRL,28.85,-.47,-1.60%,29.49,30.17,28.68,44.95,0.51,0.71,30.3,28.58,27.75,31.47,-4102.02,-2855.02,6.02,77.2,50.2,-1.4,0.0
05/19/2026,1630,CCK,95.24,-1.92,-1.98%,96.75,96.75,94.93,34.21,0.22,0.3,112.46,97.72,95.02,101.66,-3104.01,-9493.01,7.01,53.1,33.1,-1.6,0.0
05/19/2026,1630,CCL,23.89,-1.02,-4.09%,24.65,24.7103,23.67,37.56,0.42,0.55,29.96,25.25,23.35,27.28,-5107.01,-2367.01,23.01,74.1,40.1,-2.1,-3.4
05/19/2026,1630,CCRN,13.10,0,0.00%,13.14,13.14,13.09,77.57,0.96,1.64,8.33,9.95,11.22,14.97,16209.07,1318.02,7.66,89.4,95.4,23.5,8.9
05/19/2026,1630,CELH,29.13,-.20,-0.68%,29.71,30.1399,29.07,36.28,0.52,0.6,46.71,32.01,26.27,34.68,-7108.04,-2780.04,8.04,47.1,63.1,-0.1,-9.9
05/19/2026,1630,CF,127.86,+2.64,+2.11%,126.89,128.78,124.18,54.72,0.54,0.53,93.64,120.95,116.37,132.05,2203.05,13002.05,5.07,83.1,83.3,0.9,0.7
05/19/2026,1630,CFG,61.33,+.17,+0.28%,61.19,61.63,60.18,42.55,0.22,0.32,59.47,63.34,58.77,65.54,-6109.03,-5975.03,9.03,54.1,21.1,0.0,-13.4
05/19/2026,1630,CFLT,30.99,0,0.00%,0,0,0,73.35,0.04,0.16,29.95,30.6,30.58,30.94,1201.01,3100.01,1.27,19.4,14.1,0.0,0.0
05/19/2026,1630,CFRUY,19.43,-.33,-1.67%,19.6801,19.83,19.39,50.17,0.38,NaN,20.26,18.28,18.54,21.0,3101.08,2044.08,8.15,0.0,87.3,4.6,0.1
05/19/2026,1630,CG,45.52,-1.08,-2.32%,46.62,46.77,45.355,37.13,0.39,0.47,48.98,46.95,45.58,51.89,-4103.01,-4536.01,10.01,67.1,77.1,-0.9,0.0
05/19/2026,1630,CHD,95.75,-1.03,-1.06%,96.94,97.74,95.525,52.69,0.27,0.28,101.92,92.19,91.08,97.76,3205.01,9774.01,1.06,77.1,87.4,0.0,0.0
05/19/2026,1630,CHDN,86.73,-1.20,-1.36%,87.295,88.745,86.20,41.17,0.52,0.37,85.84,90.11,77.9,96.2,-5112.07,-8468.05,16.07,70.1,96.4,-8.7,-9.4
05/19/2026,1630,CHEF,77.07,-2.68,-3.36%,78.96,79.69,77.06,57.64,0.64,0.35,68.05,66.57,76.65,82.88,-2103.01,-7706.01,12.01,8.1,96.4,0.0,24.3
05/19/2026,1630,CHH,106.16,-.49,-0.46%,107.05,108.2475,105.13,46.78,0.67,0.47,104.3,96.9,94.43,112.08,1206.04,-9842.11,23.11,99.2,95.4,-14.7,0.0
05/19/2026,1630,CHPT,6.13,-.26,-4.07%,6.26,6.371,6.0605,46.93,0.47,1.07,5.88,6.19,5.96,6.74,-1102.01,-606.01,2.01,67.2,15.1,-2.7,1.1
05/19/2026,1630,CHRD,149.65,+.09,+0.06%,150.00,151.45,148.17,63.35,0.36,0.47,101.54,139.63,135.74,153.27,3204.01,15145.01,1.09,84.1,57.1,0.3,6.4
05/19/2026,1630,CHTR,142.50,+1.29,+0.91%,143.08,146.42,140.175,29.27,1.13,0.57,223.0,158.0,129.08,168.49,-1103.03,15537.04,5.14,77.2,95.4,0.0,0.0
05/19/2026,1630,CHWY,19.66,-1.97,-9.11%,21.61,21.68,19.465,25.03,0.47,0.77,24.24,24.53,18.86,24.54,-11119.01,-1947.01,21.01,99.4,68.1,-8.2,-19.5
05/19/2026,1630,CI,291.28,+4.59,+1.60%,286.08,293.25,281.33,56.01,0.29,0.29,277.16,277.41,275.53,303.17,4201.04,30090.04,4.35,25.1,67.2,3.2,2.1
05/19/2026,1630,CLOX,25.57,+.015,+0.06%,25.53,25.59,25.53,54.06,0.02,NaN,25.55,25.48,25.48,25.62,1204.03,-2550.1,13.1,0.0,73.2,0.0,-0.5
05/19/2026,1630,CLOZ,26.44,-.02,-0.08%,26.44,26.4584,26.4101,67.56,0.03,NaN,25.64,26.16,26.32,26.49,1209.01,2648.13,20.31,0.0,50.1,-1.0,11.7
05/19/2026,1630,CLX,92.57,-.25,-0.27%,92.57,93.95,90.39,44.83,0.49,0.35,121.81,85.62,85.02,96.78,1205.04,-8470.11,23.11,75.2,99.4,-5.9,0.0
05/19/2026,1630,CMCSA,24.80,-.13,-0.52%,25.11,25.255,24.68,32.31,0.6,0.33,30.39,26.6,23.47,27.21,-1104.03,-2453.05,18.14,48.1,93.4,-6.6,0.0
05/19/2026,1630,CMG,33.04,-.71,-2.10%,33.89,33.95,32.52,48.7,0.35,0.41,36.15,31.94,31.54,33.95,2203.01,3395.01,1.12,56.1,62.1,-4.3,0.0
05/19/2026,1630,CMI,659.46,-18.41,-2.72%,667.61,668.56,647.78,49.92,0.44,0.42,575.26,636.66,641.56,736.62,-1102.01,-64778.01,9.01,93.2,92.2,6.5,3.6
05/19/2026,1630,CNA,44.25,-.17,-0.38%,44.39,44.805,43.87,42.78,0.35,0.28,46.51,43.09,40.44,46.89,1202.01,-4248.05,13.09,31.1,100.4,-3.7,-3.0
05/19/2026,1630,CNC,59.15,+.92,+1.58%,58.07,59.4299,57.43,81.6,0.59,0.43,41.75,50.4,53.24,61.91,-2201.06,5974.05,14.47,13.1,73.2,0.0,9.4
05/19/2026,1630,CNH,10.23,-.27,-2.57%,10.43,10.48,10.155,41.47,0.38,0.4,11.9,9.94,10.08,11.14,-2104.01,-1015.01,6.01,54.1,78.1,0.0,0.8
05/19/2026,1630,CNX,37.37,+.81,+2.22%,36.80,37.58,36.42,48.89,0.26,0.38,37.31,37.47,34.07,38.88,-10202.05,-3510.05,15.07,59.1,28.1,-1.3,-5.6
05/19/2026,1630,COAL,24.59,-.265,-1.07%,24.85,24.85,24.55,38.83,0.21,0.33,24.32,25.53,24.25,26.04,-9106.01,-2455.01,11.02,23.1,8.1,-1.1,0.0
05/19/2026,1630,COCO,76.45,-2.78,-3.51%,79.145,79.20,76.09,75.24,0.95,0.61,50.01,56.33,69.02,81.67,1201.01,7970.02,13.18,78.1,96.4,5.9,27.5
05/19/2026,1630,COF,182.03,-4.34,-2.33%,185.38,186.21,181.49,38.81,0.23,0.34,187.5,188.26,178.81,193.17,-10101.01,-18149.01,23.04,45.1,22.1,-6.6,-1.8
05/19/2026,1630,COIN,193.45,+4.01,+2.12%,188.375,195.53,185.5301,48.64,0.69,0.75,152.7,177.62,182.14,218.81,-2103.01,-18553.01,4.01,65.1,52.1,0.0,0.0
05/19/2026,1630,COM,34.93,-.05,-0.14%,34.91,34.9691,34.82,60.15,0.13,0.15,31.33,34.08,34.06,35.65,-1202.03,3562.05,5.28,50.1,88.2,5.7,0.4
05/19/2026,1630,COP,125.11,+.57,+0.46%,125.86,125.9982,124.12,56.9,0.33,0.35,108.11,121.7,111.45,129.05,2203.01,-11380.07,14.07,62.1,81.3,0.0,-0.3
05/19/2026,1630,COPJ,40.84,-1.23,-2.92%,41.25,41.32,40.15,44.07,0.54,0.52,43.4,39.62,38.6,48.02,-2103.01,4753.05,5.14,72.1,85.1,6.3,-0.4
05/19/2026,1630,COPX,79.37,-2.48,-3.03%,80.07,80.20,78.34,43.86,0.53,0.49,85.74,76.53,75.11,94.04,-2103.01,9277.05,5.15,67.1,81.1,6.2,0.0
05/19/2026,1630,CORN,18.74,0,0.00%,18.71,18.80,18.61,53.97,0.22,0.27,17.45,18.59,18.16,19.17,-2202.03,-1812.03,13.03,92.2,100.4,0.0,0.0
05/19/2026,1630,COST,1094.32,+17.85,+1.66%,1077.00,1096.50,1072.10,74.95,0.19,0.28,977.81,985.12,995.2,1097.05,5206.01,109650.01,1.07,83.2,60.1,2.6,0.0
05/19/2026,1630,CP,86.13,-.09,-0.10%,85.845,86.69,85.10,55.42,0.32,0.29,84.2,82.65,83.73,88.14,2202.04,8772.04,4.33,94.1,96.4,-1.3,2.3
05/19/2026,1630,CPAY,343.14,-5.36,-1.54%,352.50,354.97,341.63,62.1,0.54,0.4,323.91,299.12,299.92,364.56,5208.01,35497.01,1.14,71.1,92.4,3.1,0.0
05/19/2026,1630,CPER,37.63,-.77,-2.01%,37.65,37.81,37.4011,50.95,0.34,0.34,35.4,35.33,35.92,41.4,-1103.03,4078.05,5.12,70.2,72.2,10.9,0.2
05/19/2026,1630,CPNG,15.26,-.44,-2.80%,15.615,15.74,15.11,26.72,0.61,0.48,17.66,19.83,13.21,19.21,-8110.05,-1511.01,23.06,71.1,89.4,-8.8,-19.1
05/19/2026,1630,CPRI,17.10,-.44,-2.51%,17.65,17.79,17.04,34.65,0.35,0.81,19.56,18.53,15.97,19.64,-9117.05,-1693.05,21.05,99.4,14.1,-10.6,-7.3
05/19/2026,1630,CPT,105.06,+.45,+0.43%,104.50,105.40,103.70,55.6,0.2,0.27,107.12,102.8,102.81,105.65,1202.01,10540.01,1.02,84.2,49.3,0.0,2.7
05/19/2026,1630,CRCL,111.03,-.36,-0.32%,109.20,115.3599,108.6724,50.59,1.15,0.93,59.46,89.9,95.84,139.95,-1103.02,14000.06,6.14,NaN,NaN,2.9,2.7
05/19/2026,1630,CRI,35.74,+.23,+0.65%,35.48,36.31,34.67,51.89,0.65,0.54,32.54,32.57,31.55,37.36,1202.01,3899.09,9.11,14.1,79.2,-7.4,0.0
05/19/2026,1630,CRM,179.42,-.06,-0.03%,185.00,187.44,178.81,50.06,0.51,0.58,174.57,173.0,163.84,189.52,1202.01,18744.01,1.04,94.4,97.3,0.0,-0.4
05/19/2026,1630,CRSP,47.59,-.97,-2.00%,48.12,48.33,46.92,39.18,0.66,0.59,52.02,50.48,46.71,55.59,-4104.01,-4692.01,7.01,13.1,60.2,-5.5,0.0
05/19/2026,1630,CRWD,616.88,-1.95,-0.32%,619.98,634.24,613.29,83.9,0.42,0.63,342.72,432.55,516.21,650.06,11213.01,63424.01,1.28,96.4,65.1,28.5,19.4
05/19/2026,1630,CSCO,115.38,-3.50,-2.94%,117.04,118.50,114.79,79.38,0.52,0.37,76.94,86.84,98.7,123.84,14215.02,11939.02,2.33,84.4,92.4,27.6,20.4
05/19/2026,1630,CSX,46.08,-.12,-0.26%,45.94,46.53,45.71,62.93,0.31,0.25,41.32,44.47,44.29,46.59,3204.01,4653.01,1.04,27.1,99.4,0.0,8.6
05/19/2026,1630,CTA,32.34,+.21,+0.65%,32.32,32.48,32.055,60.94,0.27,0.46,29.6,31.83,30.53,33.0,2206.02,3276.02,2.09,97.2,86.3,0.0,11.3
05/19/2026,1630,CUBE,38.96,+.03,+0.08%,38.75,39.05,38.24,46.4,0.26,0.28,38.69,38.99,38.14,41.13,-3105.01,-3824.01,6.01,31.1,80.2,0.0,0.0
05/19/2026,1630,CURB,27.74,+.01,+0.04%,27.65,27.905,27.51,52.73,0.23,0.26,26.49,27.16,27.34,28.04,2202.01,2814.02,2.42,15.1,79.3,-4.7,0.2
05/19/2026,1630,CVNA,63.35,-2.67,-4.04%,65.34,65.93,61.73,31.43,0.4,0.72,62.68,73.51,61.29,79.21,-7108.01,-6173.01,8.01,54.1,15.1,-1.9,-1.4
05/19/2026,1630,CVS,94.18,-1.81,-1.89%,95.21,95.4633,93.9201,68.35,0.4,0.29,72.92,81.0,83.95,103.15,12210.04,9843.04,5.42,10.1,89.2,27.5,13.4
05/19/2026,1630,CVX,197.25,+2.91,+1.50%,194.93,198.8699,193.4715,61.86,0.25,0.31,181.76,187.97,179.8,199.03,3203.01,19887.01,1.08,81.1,80.1,1.1,0.0
05/19/2026,1630,CWH,6.82,-.16,-2.29%,6.92,6.98,6.55,45.65,0.95,0.82,8.07,6.68,6.07,8.03,-4107.02,-646.05,9.05,78.1,87.4,0.0,-2.9
05/19/2026,1630,CZR,27.50,-.12,-0.43%,27.565,27.675,27.11,51.58,0.45,0.44,19.67,27.22,25.96,28.78,-4203.04,-2618.04,8.04,4.1,50.1,0.3,-1.8
05/19/2026,1630,D,68.13,+.57,+0.84%,67.20,68.46,66.30,70.27,0.38,0.25,62.52,62.41,60.28,68.1,2202.01,6846.01,1.08,69.1,100.4,0.4,0.0
05/19/2026,1630,DAL,67.76,-2.48,-3.53%,69.22,69.22,67.76,43.67,0.3,0.48,65.36,65.82,66.41,74.87,-1103.01,7393.08,8.15,41.1,16.1,0.4,1.8
05/19/2026,1630,DAPP,19.93,-.18,-0.90%,19.89,20.15,19.21,50.6,0.58,0.47,14.93,17.57,18.54,23.78,-2103.01,-1921.01,7.01,11.1,46.1,4.0,2.4
05/19/2026,1630,DAR,59.95,-2.18,-3.51%,61.97,61.98,59.35,42.72,0.25,0.44,50.92,59.19,60.16,64.61,-4105.01,-5935.01,11.01,9.1,8.1,0.0,2.2
05/19/2026,1630,DASH,154.65,-8.02,-4.93%,161.24,162.69,154.40,41.82,0.44,0.51,161.18,164.08,144.09,174.39,-5101.04,-14831.04,9.04,49.1,65.1,-6.4,-6.2
05/19/2026,1630,DDOG,215.15,+6.33,+3.03%,210.249,215.68,207.10,84.9,1.0,0.65,98.01,128.0,169.92,247.94,14225.06,21568.01,7.27,79.1,97.4,25.7,22.5
05/19/2026,1630,DDS,531.00,+.93,+0.18%,526.78,537.345,518.05,35.69,0.29,NaN,575.1,549.5,515.11,570.41,-13119.01,-51805.01,4.01,0.0,6.1,-9.6,-1.3
05/19/2026,1630,DE,558.07,-6.42,-1.14%,562.57,563.59,554.05,41.43,0.35,0.39,613.49,557.76,553.67,595.03,-3104.01,-55405.01,9.01,96.4,83.1,-1.8,0.0
05/19/2026,1630,DECK,94.27,-.34,-0.36%,94.40,95.72,93.055,37.04,0.35,0.64,114.53,97.0,89.35,103.69,-9108.05,-9298.03,28.11,87.4,36.1,-12.4,-7.6
05/19/2026,1630,DELL,235.26,-2.77,-1.16%,234.25,239.75,227.27,58.78,0.68,0.79,117.2,200.84,210.3,272.79,-1102.01,26054.04,7.64,98.4,90.2,7.8,4.4
05/19/2026,1630,DEO,84.29,+.51,+0.61%,84.21,84.67,83.67,60.24,0.33,0.31,85.14,77.12,78.37,86.9,1203.02,8467.01,8.15,44.1,77.1,2.8,0.9
05/19/2026,1630,DG,103.48,-2.75,-2.59%,106.02,106.03,100.21,34.33,0.4,0.56,149.11,112.76,95.39,118.75,-10119.02,-10021.01,23.05,98.4,79.2,-4.3,-13.5
05/19/2026,1630,DGX,190.39,+.55,+0.29%,189.24,191.18,187.06,46.53,0.22,0.26,200.94,187.5,186.13,194.18,-1202.01,-18706.01,19.01,60.1,52.3,-13.1,0.0
05/19/2026,1630,DIN,29.59,-.21,-0.70%,29.42,30.65,28.79,55.03,0.53,0.5,27.52,26.41,26.66,31.62,8209.01,3156.03,3.09,19.1,83.3,0.2,0.0
05/19/2026,1630,DIS,102.29,-1.62,-1.56%,103.71,103.93,101.9702,47.02,0.35,0.26,102.96,100.42,99.5,109.69,-1103.02,10839.07,7.11,17.1,81.4,0.0,0.0
05/19/2026,1630,DK,45.54,+.13,+0.29%,45.60,46.29,44.375,54.77,0.62,0.67,32.5,43.19,42.79,48.37,-1105.04,4950.11,11.23,54.1,74.3,0.0,9.9
05/19/2026,1630,DKL,52.31,+.15,+0.29%,51.69,52.99,51.55,55.29,0.34,0.29,49.46,51.11,50.07,53.49,1202.01,5299.01,1.06,44.1,90.4,0.0,2.2
05/19/2026,1630,DKNG,25.54,-.24,-0.93%,25.97,26.24,25.445,61.13,0.37,0.53,21.17,22.8,23.07,26.78,13212.01,2624.01,1.18,37.1,36.1,4.5,3.7
05/19/2026,1630,DLTR,90.61,-.62,-0.68%,91.12,91.29,87.88,38.27,0.38,0.63,123.22,93.63,84.94,97.35,-11117.04,-8588.05,21.05,99.4,50.3,-10.5,-2.4
05/19/2026,1630,DOC,19.30,-.19,-0.97%,19.33,19.48,19.245,67.33,0.61,0.35,16.76,15.94,17.38,22.0,-1102.01,1991.04,8.16,75.1,96.4,16.3,8.5
05/19/2026,1630,DOCU,49.42,+.40,+0.82%,51.133,51.42,48.83,59.1,0.45,0.72,40.16,45.14,44.48,50.19,2203.01,5142.01,1.04,88.2,58.1,0.6,0.0
05/19/2026,1630,DOV,207.55,-3.28,-1.56%,209.30,209.77,205.60,35.95,0.29,0.31,222.04,218.97,204.36,226.33,-7109.01,-20560.01,9.01,72.1,84.3,-1.9,-1.1
05/19/2026,1630,DOW,37.74,-.82,-2.13%,38.71,38.88,37.205,45.82,0.38,0.52,29.2,38.51,36.23,40.75,-4105.07,-3672.08,11.08,48.1,25.1,0.0,0.0
05/19/2026,1630,DPZ,312.75,+4.75,+1.54%,309.00,314.54,305.31,35.51,0.42,0.34,380.81,326.54,289.89,338.76,-6117.02,-29748.02,18.02,71.1,100.4,-8.6,0.0
05/19/2026,1630,DRI,193.73,-.02,-0.01%,193.79,194.93,189.97,45.57,0.23,0.34,209.94,190.01,190.46,199.01,-3102.01,-18997.01,6.01,72.1,40.1,-5.1,0.0
05/19/2026,1630,DRLL,38.7691,+.5944,+1.56%,38.34,38.87,38.10,63.09,0.29,0.36,33.97,37.01,35.02,39.16,3203.01,3887.01,1.09,96.2,92.4,1.4,0.0
05/19/2026,1630,DRVN,13.23,-1.01,-7.09%,14.225,14.38,13.215,51.32,0.61,0.62,9.8,12.21,12.31,14.34,2101.01,1438.01,1.15,56.2,92.1,0.0,0.0
05/19/2026,1630,DT,39.96,+.11,+0.28%,40.89,41.36,39.78,57.94,0.65,0.49,33.24,35.41,35.28,42.22,1203.01,4136.01,1.04,65.1,100.4,0.0,1.2
05/19/2026,1630,DVN,49.69,+.01,+0.02%,50.13,50.37,49.06,57.66,0.45,0.41,41.74,49.59,43.86,52.27,1203.02,-4518.08,14.08,58.1,98.4,0.0,-0.1
05/19/2026,1630,DXCM,66.95,+1.86,+2.86%,65.28,67.75,64.465,62.26,0.47,0.4,70.81,56.72,56.72,66.7,4203.01,6775.01,1.14,22.1,81.4,0.0,0.0
05/19/2026,1630,EA,201.70,+.65,+0.32%,201.24,201.74,201.00,51.7,0.03,0.09,199.58,201.72,199.27,202.49,1202.01,-19945.05,16.05,25.1,20.1,-6.0,-1.6
05/19/2026,1630,EAT,126.33,-5.98,-4.52%,131.02,131.335,126.01,38.86,0.78,0.52,136.59,140.13,120.69,152.1,-4108.01,-12601.01,28.04,55.1,98.4,-1.4,-0.9
05/19/2026,1630,EBAY,114.24,-.19,-0.17%,113.80,114.89,112.71,66.82,0.39,0.36,82.55,96.28,105.66,119.05,6215.03,11683.03,3.14,61.1,72.2,12.9,11.3
05/19/2026,1630,ECH,39.38,-.45,-1.13%,39.33,39.66,38.95,39.07,0.26,0.34,43.04,39.95,38.63,42.29,-4107.01,-3895.01,26.01,83.1,70.1,-3.1,-5.0
05/19/2026,1630,ECPG,80.515,-.225,-0.28%,80.74,81.86,79.45,50.59,0.26,0.37,56.14,80.33,78.78,84.56,-9107.01,-7945.01,7.01,30.1,28.1,-0.8,0.0
05/19/2026,1630,EDEN,110.0619,-.9374,-0.84%,110.24,110.5097,110.0619,49.31,0.21,NaN,107.04,107.46,108.44,114.39,-1103.03,11345.07,7.19,0.0,62.1,0.0,5.0
05/19/2026,1630,EDU,50.47,-.62,-1.21%,51.16,51.52,50.46,36.53,0.4,0.44,54.32,52.79,48.94,55.93,-5108.03,-5024.03,23.03,18.1,72.4,-4.8,0.0
05/19/2026,1630,EDV,60.75,-.58,-0.95%,60.67,60.965,60.485,29.59,0.13,0.15,67.16,62.65,60.57,64.16,-5107.01,-6049.01,19.01,54.2,29.1,-1.9,-10.7
05/19/2026,1630,EEM,64.26,-.71,-1.09%,63.62,64.845,63.48,50.31,0.29,0.33,60.97,62.44,62.69,69.3,-2103.01,-6348.01,8.01,94.2,88.1,0.7,1.2
05/19/2026,1630,EFNL,54.5368,-.5332,-0.97%,54.96,54.96,54.525,54.43,0.24,NaN,50.67,53.03,53.46,56.0,-2101.02,-5225.02,11.02,0.0,93.3,0.0,3.0
05/19/2026,1630,EFX,160.83,-3.40,-2.07%,165.01,166.625,160.11,36.51,0.39,0.4,187.22,169.49,152.69,177.84,-5107.02,-15647.03,21.03,65.1,77.1,-0.4,-0.9
05/19/2026,1630,EGP,202.32,+.16,+0.08%,200.19,202.64,200.16,56.62,0.15,0.19,188.93,195.81,198.66,206.82,-2104.01,-19939.03,7.03,35.1,18.1,0.0,1.0
05/19/2026,1630,EIS,129.35,+.09,+0.07%,128.72,130.33,128.5401,48.06,0.18,NaN,117.45,128.49,127.28,138.48,-4105.01,-12854.01,9.01,0.0,21.1,0.0,1.0
05/19/2026,1630,EL,76.14,-3.87,-4.84%,79.38,79.40,75.2646,41.13,0.39,0.45,107.28,75.22,74.56,88.54,-2105.01,-7526.01,9.01,46.1,42.1,0.0,0.6
05/19/2026,1630,ELS,62.89,+.77,+1.24%,62.43,63.18,62.14,48.04,0.19,0.25,66.55,61.94,61.29,63.97,-3201.02,-6150.02,4.02,46.1,81.4,-0.5,0.0
05/19/2026,1630,ELV,402.27,+8.20,+2.08%,393.68,405.885,388.49,77.74,0.28,0.33,311.0,365.2,365.71,411.74,17235.01,40589.01,1.35,6.1,29.1,0.0,6.7
05/19/2026,1630,EMB,94.25,-.37,-0.39%,94.37,94.43,94.05,36.37,0.06,0.1,97.4,94.82,94.15,96.37,-4106.01,-9405.01,9.01,68.1,77.1,-1.1,-3.3
05/19/2026,1630,EMR,130.65,-1.57,-1.19%,130.08,133.01,128.13,38.04,0.38,0.35,143.8,135.43,128.71,144.99,-5107.01,-12813.01,9.01,78.1,86.2,-0.6,-4.3
05/19/2026,1630,ENB,56.79,+.42,+0.75%,56.15,57.01,55.81,65.38,0.22,0.2,51.21,53.08,53.36,57.26,8207.01,5701.01,1.23,39.1,92.2,6.5,9.4
05/19/2026,1630,ENPH,46.76,-2.93,-5.90%,48.65,49.35,44.92,63.59,0.98,0.88,41.13,29.9,34.64,55.8,9211.02,5284.02,2.14,81.2,80.2,13.3,4.0
05/19/2026,1630,ENR,16.23,-.31,-1.87%,16.52,16.75,16.02,34.59,0.57,0.57,21.35,18.25,15.43,19.2,-10112.01,-1602.01,11.04,73.2,81.4,-7.9,-15.1
05/19/2026,1630,ENVX,5.53,-.40,-6.75%,5.795,5.795,5.39,38.45,0.82,0.88,5.24,6.11,5.52,7.38,-4104.01,-539.01,5.01,12.1,55.2,0.1,0.0
05/19/2026,1630,ENZL,44.0113,-.0143,-0.03%,44.02,44.40,43.985,44.29,0.22,0.57,45.29,43.0,43.34,46.62,-3104.01,-4365.02,7.02,77.4,88.1,0.0,0.0
05/19/2026,1630,EOG,144.30,+1.31,+0.92%,144.35,144.65,142.63,63.6,0.29,0.34,119.31,136.0,129.05,146.42,3204.01,14465.01,1.08,74.1,78.2,1.8,0.0
05/19/2026,1630,EPD,39.80,+.34,+0.86%,39.50,40.165,39.43,66.02,0.19,0.2,35.36,37.9,37.18,40.13,4206.01,4017.01,1.07,61.1,81.1,0.7,0.5
05/19/2026,1630,EPHE,24.20,-.34,-1.39%,24.24,24.45,24.20,38.01,0.15,NaN,26.92,24.05,23.99,25.4,-2103.01,2530.08,8.15,0.0,13.1,-0.2,0.6
05/19/2026,1630,EPOL,38.92,-.74,-1.87%,39.29,39.40,38.84,50.61,0.28,0.26,37.27,37.77,38.0,40.57,-1101.03,4023.1,10.15,29.1,90.2,0.0,0.6
05/19/2026,1630,EPR,57.94,-.40,-0.69%,58.28,58.44,57.7801,59.08,0.19,0.27,56.92,54.78,55.25,60.12,4202.06,5880.04,6.11,66.1,40.1,3.0,2.1
05/19/2026,1630,EPU,79.31,-.91,-1.13%,79.30,79.96,78.60,42.57,0.3,NaN,87.6,77.38,76.8,86.47,-2103.01,8501.05,5.15,0.0,66.1,0.0,0.0
05/19/2026,1630,EQR,65.74,+.31,+0.47%,65.16,65.94,64.72,59.47,0.22,0.24,62.5,64.21,64.17,66.61,-2201.02,-6399.02,11.02,59.1,62.3,0.0,12.0
05/19/2026,1630,EQRR,76.9339,-.3239,-0.42%,77.00,77.37,76.54,67.91,0.12,NaN,67.26,73.68,74.96,78.2,19208.04,7753.04,4.47,0.0,35.1,13.1,13.0
05/19/2026,1630,EQT,59.77,+2.32,+4.04%,57.81,59.795,57.3427,57.47,0.27,0.35,57.63,58.13,54.31,60.29,1202.01,5980.01,1.05,17.1,32.1,-0.4,-3.6
05/19/2026,1630,ESI,39.48,-.40,-1.00%,39.14,39.755,38.16,45.15,0.57,0.34,34.61,40.4,39.53,45.65,-3103.01,-3816.01,11.01,17.1,96.2,0.0,4.3
05/19/2026,1630,ESPO,90.15,+.30,+0.33%,90.3162,90.3162,89.92,45.87,0.18,0.2,91.3,90.73,88.71,91.72,-6104.02,-8892.02,23.02,76.2,48.1,-11.5,-0.1
05/19/2026,1630,ESS,272.63,+.39,+0.14%,270.27,272.98,268.80,64.93,0.21,0.21,253.36,258.49,263.55,274.84,17202.01,27392.02,2.42,15.1,48.2,0.0,14.4
05/19/2026,1630,ET,20.39,+.20,+0.99%,20.26,20.50,20.18,62.44,0.23,0.22,18.34,19.45,19.49,20.66,4206.01,2050.01,1.23,23.1,94.4,0.0,6.6
05/19/2026,1630,ETH,20.05,-.11,-0.55%,19.99,20.18,19.88,38.18,0.37,0.46,17.07,21.06,19.91,22.8,-6106.01,-1988.01,11.01,1.1,2.1,0.0,0.0
05/19/2026,1630,ETH-USD,-71.97,2.56,-3.43%,-78.3,-68.61,-79.28,36.4,0.96,0.69,-43.06,-59.05,-89.19,-55.64,-19201.03,8401.03,34.03,27.1,14.1,-3.9,-17.6
05/19/2026,1630,ETHA,15.93,-.07,-0.44%,15.89,16.04,15.795,38.21,0.37,0.61,13.62,16.75,15.82,18.13,-6103.01,-1580.01,11.01,0.1,2.1,0.0,-0.1
05/19/2026,1630,ETHE,17.10,-.09,-0.52%,17.05,17.2237,16.96,37.61,0.36,0.51,14.71,18.01,16.99,19.47,-6106.01,-1696.01,11.01,0.1,2.1,0.0,-0.1
05/19/2026,1630,ETSY,57.61,-1.22,-2.07%,58.88,59.175,56.71,44.33,0.62,0.56,49.41,63.14,52.7,65.17,-4109.04,-5671.01,15.04,46.1,71.3,-4.2,-0.4
05/19/2026,1630,EWA,28.53,-.28,-0.97%,28.56,28.695,28.415,42.23,0.22,0.27,29.31,28.48,28.28,29.99,-4106.01,-2842.01,9.01,87.1,86.1,-1.0,0.0
05/19/2026,1630,EWC,57.49,-.07,-0.12%,57.46,57.95,57.365,49.33,0.14,0.15,56.57,56.82,57.1,58.78,-3103.01,-5709.03,7.03,53.1,60.1,-0.3,0.0
05/19/2026,1630,EWD,50.08,-.40,-0.79%,50.35,50.49,50.03,44.1,0.27,0.38,53.34,50.01,49.23,52.25,-3109.02,-4938.03,27.03,97.2,86.3,-8.0,-0.5
05/19/2026,1630,EWG,42.04,-.30,-0.71%,42.33,42.45,41.995,50.31,0.24,0.26,43.72,41.18,41.16,43.37,-2101.03,-4132.03,9.03,83.1,90.3,0.0,0.0
05/19/2026,1630,EWH,23.65,-.32,-1.34%,23.67,23.74,23.55,46.97,0.18,0.21,23.34,23.27,23.34,24.86,-2103.01,-2355.01,9.01,40.1,70.1,3.1,3.3
05/19/2026,1630,EWI,57.39,-1.01,-1.73%,57.89,57.89,57.325,48.86,0.25,0.27,56.38,56.04,56.44,60.29,-1103.03,5944.07,8.12,86.2,92.2,0.6,0.2
05/19/2026,1630,EWJ,90.29,-.63,-0.69%,89.99,90.885,89.74,52.76,0.18,0.23,90.33,86.41,88.05,94.73,-1103.02,9327.05,8.15,70.1,48.1,4.1,4.1
05/19/2026,1630,EWJV,44.9277,-.0523,-0.12%,44.84,45.2084,44.74,59.31,0.18,NaN,45.39,41.97,43.25,46.58,7214.05,4560.05,5.18,0.0,43.1,12.1,12.8
05/19/2026,1630,EWK,26.254,-.0004,0.00%,26.19,26.32,26.1872,55.24,0.21,0.37,26.48,24.97,25.49,27.31,-1103.01,2671.09,9.15,77.1,84.3,5.7,5.1
05/19/2026,1630,EWM,29.30,-.15,-0.51%,29.36,29.41,29.255,44.72,0.12,0.18,29.1,29.17,29.08,30.7,-3103.01,-2926.01,9.01,53.1,31.1,0.0,0.0
05/19/2026,1630,EWN,63.77,-.50,-0.78%,63.99,64.24,63.48,51.68,0.28,0.25,62.52,60.89,61.8,67.37,-1103.01,6619.04,8.15,94.4,91.2,4.4,0.3
05/19/2026,1630,EWO,38.76,-.56,-1.42%,39.06,39.06,38.76,49.39,0.19,NaN,37.79,38.18,38.32,40.37,-1104.03,4014.07,7.12,0.0,69.1,0.0,0.5
05/19/2026,1630,EWP,55.81,-.66,-1.17%,56.10,56.26,55.72,47.32,0.23,0.24,56.43,54.64,54.97,57.79,-2101.03,-5538.03,9.03,85.1,80.1,-1.0,0.0
05/19/2026,1630,EWQ,44.42,-.41,-0.91%,44.69,44.79,44.36,45.14,0.23,0.2,47.11,44.03,43.74,46.36,-3106.03,-4409.03,9.03,49.1,87.3,-1.1,0.0
05/19/2026,1630,EWS,29.22,+.03,+0.10%,29.21,29.33,29.155,55.75,0.17,0.22,28.54,28.13,28.43,29.64,2208.05,2941.05,5.15,77.2,81.1,0.0,0.7
05/19/2026,1630,EWUS,41.48,-.17,-0.41%,41.51,41.60,41.2701,46.8,0.23,0.23,44.02,41.18,40.69,43.11,-2106.03,-4093.03,26.03,67.1,87.1,-2.1,-1.0
05/19/2026,1630,EWW,77.52,-.38,-0.49%,76.99,77.89,76.53,47.87,0.21,0.28,78.8,75.28,75.31,81.94,-2103.01,8107.04,7.14,78.1,69.1,1.8,0.0
05/19/2026,1630,EWY,174.02,-2.08,-1.18%,168.27,178.32,167.17,55.34,0.65,0.74,137.44,152.86,159.89,203.45,-2103.01,19458.07,7.33,96.3,89.2,4.2,1.6
05/19/2026,1630,EWZ,35.89,-.85,-2.31%,35.72,36.29,35.72,33.09,0.27,0.34,38.44,38.6,35.13,39.92,-12109.01,-3572.01,27.01,78.1,70.1,-5.2,-13.8
05/19/2026,1630,EWZS,13.62,-.39,-2.78%,13.64,13.8346,13.59,34.08,0.33,0.43,15.3,14.54,13.35,15.5,-6107.01,-1359.01,28.01,81.2,78.1,-3.0,-6.7
05/19/2026,1630,EXAS,104.91,0,0.00%,0,0,0,76.4,0.04,0.37,101.28,103.1,103.16,104.69,6206.01,10498.01,1.08,32.4,24.1,6.4,0.0
05/19/2026,1630,EXP,199.88,+3.25,+1.65%,204.78,209.60,194.00,46.93,0.32,0.4,219.33,203.07,190.43,215.55,-7107.01,-19400.01,9.01,86.3,40.1,0.0,-0.1
05/19/2026,1630,EXPD,157.60,+.83,+0.53%,156.09,157.83,154.1245,61.54,0.42,0.31,135.42,136.13,145.08,163.33,4211.07,15783.01,7.12,71.1,84.2,8.1,0.0
05/19/2026,1630,EXPE,215.00,+.01,0.00%,216.49,223.7799,213.35,34.19,0.45,0.49,185.34,233.5,194.82,255.82,-7108.04,-21335.01,21.04,50.1,67.1,-4.2,-12.4
05/19/2026,1630,EXR,140.31,+1.04,+0.75%,138.77,140.69,136.945,48.48,0.25,0.29,146.44,138.82,136.92,145.7,-3105.01,-13695.01,4.01,53.1,63.1,0.0,0.0
05/19/2026,1630,EYE,16.92,-.40,-2.31%,17.23,17.52,16.70,26.43,0.91,0.73,25.1,21.9,14.64,23.37,-13121.03,-1652.04,16.04,81.1,99.4,-8.3,-21.6
05/19/2026,1630,EZA,66.63,-1.19,-1.75%,66.95,67.19,66.27,40.15,0.36,0.47,75.36,66.13,65.3,73.34,-3103.01,-6627.01,7.01,89.2,69.1,0.0,0.0
05/19/2026,1630,F,13.06,+.03,+0.23%,12.89,13.23,12.72,55.17,0.64,0.41,13.57,11.46,11.49,14.52,4205.02,1399.02,2.11,75.4,100.4,4.2,-0.2
05/19/2026,1630,FAF,67.43,-1.18,-1.72%,68.40,68.40,66.73,50.28,0.3,0.31,64.77,67.72,65.4,70.59,-5101.03,-6644.03,17.03,27.1,78.1,-4.1,0.0
05/19/2026,1630,FANG,207.77,+2.15,+1.05%,207.25,208.58,205.02,61.48,0.35,0.4,164.37,200.26,187.67,215.08,1205.03,-18694.08,12.08,72.1,87.4,0.3,0.8
05/19/2026,1630,FAST,43.57,-.43,-0.98%,44.00,44.00,43.18,43.47,0.23,0.3,44.51,43.62,42.84,45.0,-4101.01,-4300.05,9.05,65.1,53.1,-2.2,0.0
05/19/2026,1630,FCFS,225.86,+.90,+0.40%,224.38,229.215,223.58,61.11,0.25,0.31,175.71,212.68,217.86,235.46,19102.06,23597.06,6.34,67.1,44.1,0.0,7.7
05/19/2026,1630,FCG,31.49,+.37,+1.19%,31.34,31.60,31.075,60.55,0.31,0.35,26.37,30.39,28.52,32.24,3203.01,-2886.08,14.08,87.2,86.3,0.2,0.0
05/19/2026,1630,FDX,374.97,+5.25,+1.42%,368.79,376.29,361.11,49.31,0.45,0.34,380.29,354.14,351.98,397.14,-3201.1,-36111.01,21.1,42.1,96.4,-3.1,-1.8
05/19/2026,1630,FICO,1186.15,+4.33,+0.37%,1206.11,1245.94,1171.06,64.41,0.47,0.67,1193.1,965.5,1026.97,1205.91,8203.01,124594.01,1.14,86.1,57.1,2.6,6.4
05/19/2026,1630,FISV,56.03,-.63,-1.11%,57.49,57.699,55.65,44.75,0.45,0.4,57.9,60.49,49.4,61.39,1202.01,-5217.05,21.05,37.1,67.2,-7.2,-9.9
05/19/2026,1630,FIVE,214.39,-3.97,-1.82%,218.16,218.16,209.335,43.33,0.42,0.57,209.45,227.16,198.63,235.82,-5101.05,-20514.05,9.05,81.2,65.4,-5.4,-5.6
05/19/2026,1630,FLG,13.27,-.07,-0.52%,13.12,13.40,13.085,37.51,0.23,0.33,12.57,13.66,13.02,14.43,-6107.01,-1309.01,8.01,10.1,7.1,-0.2,-2.1
05/19/2026,1630,FLNG,32.56,+.17,+0.52%,32.62,32.69,32.23,58.18,0.25,0.34,26.6,31.7,31.55,33.31,-3201.03,-3060.04,11.04,60.1,45.1,0.0,4.1
05/19/2026,1630,FLO,7.21,-.12,-1.64%,7.44,7.575,7.15,27.0,0.38,0.54,9.57,8.29,6.68,8.63,-10113.02,-700.02,13.02,63.1,83.2,-6.6,-11.1
05/19/2026,1630,FLUT,97.50,+.21,+0.22%,98.51,99.63,96.47,41.92,0.45,0.52,99.96,104.22,87.08,107.61,-10201.04,-9152.03,17.05,70.1,72.1,-4.8,-11.0
05/19/2026,1630,FND,44.22,-.76,-1.69%,44.55,44.7975,43.015,36.01,0.5,0.67,65.36,46.53,41.73,52.17,-5107.01,-4302.01,8.01,97.2,69.2,-0.5,-5.8
05/19/2026,1630,FNF,48.87,-.64,-1.29%,49.31,49.31,48.545,46.78,0.26,0.38,50.56,50.96,45.67,52.23,-8101.04,-4693.05,18.05,82.1,62.1,-4.0,-2.8
05/19/2026,1630,FORM,117.20,-.22,-0.19%,114.12,119.31,112.305,39.18,0.78,0.84,91.52,129.25,111.09,152.78,-6106.01,-11231.01,7.01,83.1,80.2,-1.9,-0.1
05/19/2026,1630,FOUR,40.99,-1.51,-3.55%,42.89,43.50,40.77,42.19,0.75,0.68,43.8,43.51,38.49,45.93,-3101.05,-3992.05,9.05,71.1,84.1,-8.2,0.0
05/19/2026,1630,FOXA,64.55,-1.32,-2.00%,65.27,66.29,64.47,53.26,0.35,0.32,53.04,62.06,61.32,68.34,4101.04,6696.04,4.11,35.1,85.2,1.8,0.0
05/19/2026,1630,FR,61.64,+.12,+0.20%,61.52,61.81,61.025,50.17,0.17,0.29,60.45,60.78,60.72,62.94,-3105.01,-6103.01,6.01,39.1,22.1,-3.6,0.0
05/19/2026,1630,FROG,70.63,+2.72,+4.01%,68.77,70.825,67.3647,74.27,0.9,0.66,34.05,44.5,57.34,82.41,11218.07,7165.07,7.25,60.1,84.2,16.0,14.2
05/19/2026,1630,FRPT,47.39,-1.06,-2.19%,48.65,49.28,47.00,26.21,0.53,0.54,72.05,61.97,38.89,60.31,-8113.05,-4700.01,26.07,31.1,64.2,-7.6,-19.0
05/19/2026,1630,FRT,114.84,-.09,-0.08%,115.39,115.39,113.75,59.16,0.2,0.2,105.85,109.86,111.45,118.28,-1101.03,11671.09,9.39,29.1,72.3,0.0,7.0
05/19/2026,1630,FSLY,16.36,-.35,-2.09%,16.62,16.91,16.18,35.74,1.96,0.82,16.41,24.18,10.84,28.77,-6109.04,-1618.01,10.06,46.1,89.4,0.0,-13.0
05/19/2026,1630,FTNT,127.64,+1.14,+0.90%,127.805,128.20,123.76,87.14,0.71,0.41,74.31,82.44,106.56,138.5,13224.04,12820.01,6.25,50.1,90.4,32.5,23.1
05/19/2026,1630,FTV,58.20,-.81,-1.37%,59.01,59.515,58.19,41.1,0.18,0.24,56.49,57.8,57.49,61.27,-4108.01,-5819.01,14.04,10.1,9.1,-3.9,-1.7
05/19/2026,1630,FTWO,44.1667,-.4833,-1.08%,44.42,44.42,43.88,37.56,0.22,NaN,47.42,44.58,43.94,46.91,-4104.01,-4388.01,6.01,0.0,80.2,0.0,0.0
05/19/2026,1630,FUTU,124.50,-7.20,-5.47%,130.01,131.40,123.92,31.43,0.7,0.75,136.08,151.73,119.99,158.75,-9109.01,-12392.01,9.01,98.4,98.4,-3.0,-15.1
05/19/2026,1630,FUTY,57.31,+.50,+0.88%,56.63,57.39,56.435,40.11,0.19,0.18,59.25,58.85,55.82,59.99,-9110.01,-5644.01,13.01,66.1,91.2,-2.9,-7.0
05/19/2026,1630,FWONK,89.98,-1.01,-1.11%,90.99,91.17,88.92,51.75,0.29,0.29,85.69,84.26,85.71,96.19,6101.07,9559.07,7.14,48.1,87.1,2.5,0.0
05/19/2026,1630,FWRG,10.89,-.12,-1.09%,11.13,11.25,10.81,36.99,0.48,0.81,12.17,12.18,9.85,12.83,-10113.03,-1068.04,19.05,91.1,40.1,-8.9,-7.6
05/19/2026,1630,FXA,70.403,-.6234,-0.88%,70.34,70.48,70.16,43.62,0.09,0.16,69.64,70.42,70.36,72.16,-3104.01,-7016.01,7.01,94.2,71.1,0.0,0.0
05/19/2026,1630,FXB,128.83,-.27,-0.21%,128.77,128.95,128.675,43.84,0.07,0.07,129.37,129.54,127.89,131.31,-5106.02,-12799.03,7.03,79.3,80.1,0.6,-0.9
05/19/2026,1630,FXC,71.0537,-.0613,-0.09%,70.96,71.09,70.96,41.54,0.04,0.2,71.23,71.32,70.81,71.82,-7109.01,-7096.01,13.01,89.4,15.1,-5.8,0.0
05/19/2026,1630,FXE,107.08,-.43,-0.40%,107.06,107.18,106.98,39.59,0.05,0.08,108.49,107.65,106.92,108.83,-5105.01,-10698.01,7.01,74.1,22.1,0.0,0.0
05/19/2026,1630,FXF,111.82,-.64,-0.57%,111.77,111.905,111.63,42.61,0.07,0.11,113.73,111.35,111.57,113.82,-3105.01,-11163.01,8.01,87.2,33.1,0.0,0.0
05/19/2026,1630,FXI,36.28,+.12,+0.33%,36.18,36.39,36.16,44.74,0.22,0.24,37.12,36.25,35.73,38.13,-3103.01,-3609.02,5.02,11.1,72.2,2.6,0.0
05/19/2026,1630,FXY,57.72,-.08,-0.14%,57.70,57.83,57.665,43.63,0.1,0.1,58.66,57.23,57.45,58.99,-2106.01,-5767.01,10.01,31.1,64.4,0.0,0.6
05/19/2026,1630,FYBR,38.49,0,0.00%,0,0,0,73.16,0.03,0.09,37.42,38.06,37.98,38.52,4204.01,3849.01,1.05,8.1,17.1,0.0,0.0
05/19/2026,1630,GAP,20.78,+.05,+0.24%,20.84,20.94,20.05,29.13,0.37,0.65,25.92,23.62,19.15,24.29,-11120.01,-2005.01,21.05,78.4,32.1,-6.4,-21.4
05/19/2026,1630,GD,340.14,-2.97,-0.87%,343.09,343.22,339.12,49.67,0.33,0.23,337.32,333.91,334.62,351.01,-2105.02,-33401.02,11.02,53.1,97.4,0.0,16.3
05/19/2026,1630,GDAXI:DE,24400.65,0,0.00%,0,0,0,53.79,0.19,NaN,24878.1,23715.71,23751.44,24883.93,1202.01,-2379733.02,9.02,0.0,82.1,0.2,0.0
05/19/2026,1630,GDX,83.78,-3.36,-3.86%,85.55,85.60,83.35,36.91,0.52,0.49,102.03,85.46,81.5,100.08,-3103.01,-8335.01,6.01,71.1,71.1,0.0,0.0
05/19/2026,1630,GDXJ,110.30,-5.17,-4.48%,112.93,113.01,109.52,36.77,0.54,0.54,135.67,112.8,107.14,134.27,-3103.01,-10952.01,6.01,70.1,69.1,0.0,0.0
05/19/2026,1630,GE,285.28,-.71,-0.25%,284.79,287.42,282.62,44.72,0.38,0.39,330.72,279.41,276.36,307.37,-2104.02,-28131.03,8.03,78.1,79.3,-1.4,0.1
05/19/2026,1630,GEL,16.40,+.16,+0.99%,16.13,16.42,16.00,44.42,0.22,0.38,17.41,16.82,15.2,17.28,-7201.04,-1555.05,15.05,60.1,26.2,-1.5,-7.1
05/19/2026,1630,GII,75.75,+.27,+0.36%,75.26,75.84,75.14,46.05,0.17,0.2,77.14,75.4,74.5,77.74,-5109.01,-7486.03,10.03,83.4,99.4,-0.4,0.0
05/19/2026,1630,GIL,54.70,-1.67,-2.96%,56.02,56.02,54.56,38.44,0.5,0.36,66.23,55.76,53.31,61.67,-3109.01,-5456.01,10.01,75.1,93.4,0.0,-2.7
05/19/2026,1630,GIS,33.77,+.32,+0.96%,33.59,34.62,33.10,40.55,0.24,0.34,43.92,34.12,32.42,35.51,-6108.02,-3279.02,8.02,88.2,63.1,-0.3,-3.4
05/19/2026,1630,GK,28.0948,-.2304,-0.81%,28.09,28.0948,28.09,57.69,0.22,0.15,25.04,26.6,27.56,29.78,-1102.02,2931.04,10.36,6.1,93.1,9.0,9.6
05/19/2026,1630,GLASF,10.2650,+.275,+2.75%,9.8200,10.4300,9.8000,61.05,0.84,NaN,7.37,9.22,9.11,10.28,4204.01,1043.01,1.05,0.0,50.3,-1.5,1.9
05/19/2026,1630,GLBE,28.63,-.24,-0.83%,29.57,29.57,28.59,40.17,0.59,0.55,33.42,30.54,26.1,32.81,-6108.03,-2706.04,8.04,42.1,81.2,0.0,-7.4
05/19/2026,1630,GLD,411.50,-6.93,-1.66%,412.45,414.47,409.8808,36.98,0.21,0.27,442.04,413.28,408.95,439.11,-3103.01,-40988.01,56.01,68.1,48.1,-1.9,0.0
05/19/2026,1630,GLIN,43.564,-.466,-1.06%,43.63,43.90,43.52,42.8,0.22,0.17,46.03,44.37,43.14,46.32,-5103.01,-4352.01,9.01,31.2,81.2,-0.8,-1.6
05/19/2026,1630,GM,72.63,-.47,-0.64%,72.24,72.88,70.425,38.6,0.31,0.37,77.83,75.21,72.09,79.35,-2103.01,-7043.01,4.01,60.1,62.1,-1.4,-3.1
05/19/2026,1630,GME,22.10,+.19,+0.87%,21.88,22.19,21.60,41.03,0.6,0.65,22.79,23.67,20.16,25.43,-10109.03,-2142.02,12.04,47.3,86.4,-4.2,-11.6
05/19/2026,1630,GO,8.12,+.53,+6.98%,7.61,8.46,7.495,56.74,0.5,0.77,9.56,7.67,7.36,8.35,-7201.01,-750.01,1.01,79.1,72.1,-0.1,0.0
05/19/2026,1630,GOLF,87.45,+1.42,+1.65%,86.49,88.43,84.67,41.24,0.44,0.26,95.0,93.07,79.09,95.64,-10201.06,-8395.05,17.09,15.2,99.4,-4.0,-9.9
05/19/2026,1630,GOOG,384.90,-8.21,-2.09%,393.30,393.3627,383.00,62.3,0.41,0.34,302.41,342.43,372.58,417.25,-1103.01,40447.02,11.36,44.1,100.4,0.0,15.4
05/19/2026,1630,GOOGL,387.66,-9.28,-2.34%,396.96,397.15,386.11,62.07,0.41,0.35,302.35,344.21,375.43,420.72,-1103.06,40861.02,10.36,47.1,100.4,0.0,15.6
05/19/2026,1630,GOOS,9.32,-.18,-1.89%,9.42,9.505,9.32,25.82,0.45,0.47,12.01,11.11,8.93,11.87,-7107.01,-932.01,21.01,40.1,43.2,-2.7,-10.8
05/19/2026,1630,GPI,305.47,-11.71,-3.69%,315.97,315.97,301.34,35.48,0.46,0.45,325.0,329.76,298.03,357.64,-6106.01,-30134.01,7.01,88.1,92.4,0.0,-3.7
05/19/2026,1630,GPN,67.94,-.73,-1.06%,69.52,70.00,67.61,45.39,0.31,0.42,75.73,68.4,65.35,71.74,-2108.04,-6638.04,9.04,41.1,41.1,-1.9,0.0
05/19/2026,1630,GRID,185.01,-4.21,-2.22%,185.00,186.69,182.73,46.26,0.29,0.26,173.53,183.49,183.96,202.45,-3103.01,-18273.01,9.01,90.1,92.2,0.0,2.0
05/19/2026,1630,GRMN,228.69,+1.80,+0.79%,224.96,230.44,224.54,37.04,0.31,0.31,239.22,236.74,218.29,248.42,-10119.02,-22454.01,26.11,47.1,65.1,-15.4,-5.7
05/19/2026,1630,GRNY,26.40,-.24,-0.90%,26.44,26.5698,26.22,50.49,0.17,0.23,24.43,25.98,26.25,27.43,-2103.01,-2622.01,7.01,49.1,47.1,0.8,0.5
05/19/2026,1630,GS,928.74,-17.62,-1.86%,933.22,939.64,923.81,51.38,0.23,0.32,854.15,899.0,907.13,976.95,-1101.01,97566.04,4.12,56.1,37.1,1.1,0.0
05/19/2026,1630,GSG,34.77,+.37,+1.08%,34.74,34.8501,34.48,62.98,0.27,0.33,25.36,33.58,32.73,35.3,3207.01,3494.02,2.09,71.1,79.1,0.0,8.0
05/19/2026,1630,GTBIF,7.03,-.27,-3.70%,7.16,7.20,7.00,44.75,1.01,NaN,6.2,7.68,6.78,8.3,-5106.01,-700.01,13.01,0.0,79.4,0.0,0.0
05/19/2026,1630,GTLB,25.46,+.37,+1.47%,25.59,26.46,24.82,59.24,0.74,0.91,23.45,21.27,21.49,27.21,1202.01,2646.01,1.04,97.4,100.2,0.0,3.4
05/19/2026,1630,GTM,3.81,-.11,-2.81%,3.93,3.99,3.765,23.54,1.49,0.65,5.77,6.03,2.77,6.34,-5108.03,-376.04,7.03,63.1,98.4,0.0,-17.8
05/19/2026,1630,GVAL,34.63,-.32,-0.92%,34.81,34.81,34.51,45.56,0.18,NaN,35.26,34.5,34.42,35.86,-3103.01,-3451.01,7.01,0.0,79.1,-1.8,0.0
05/19/2026,1630,GVIP,168.5826,-1.6892,-0.99%,168.87,169.93,167.725,51.52,0.2,0.16,155.34,163.64,165.73,179.95,-2103.01,-16773.01,7.01,82.2,75.1,1.2,4.6
05/19/2026,1630,GVZ:CGI,26.63,+.43,+1.64%,28.08,28.38,26.48,43.9,0.62,NaN,32.81,26.37,25.44,27.32,1201.01,2838.01,1.28,0.0,17.1,-0.7,4.0
05/19/2026,1630,H,164.40,-5.00,-2.95%,168.41,168.79,164.34,50.46,0.36,0.41,159.02,156.85,160.39,174.32,7101.02,17294.02,2.12,77.1,71.1,0.0,3.3
05/19/2026,1630,HACK,91.30,+.05,+0.05%,91.19,92.39,90.725,74.97,0.26,0.41,69.66,77.9,83.01,93.15,14213.01,9239.01,1.27,100.4,75.1,17.6,18.0
05/19/2026,1630,HAL,42.98,+.20,+0.47%,43.00,43.37,42.58,64.73,0.3,0.39,34.56,40.87,39.32,43.61,2206.01,4337.01,1.22,30.1,21.1,0.1,4.8
05/19/2026,1630,HBB,17.45,-.41,-2.30%,17.60,18.24,17.45,37.16,0.53,0.88,18.29,18.86,16.46,21.31,-6107.02,-1745.01,8.04,62.3,57.1,0.0,-8.7
05/19/2026,1630,HBDC,24.575,-.1278,-0.52%,24.50,24.68,24.50,39.99,0.03,NaN,24.62,24.61,24.59,24.73,-4101.01,-2450.02,2.01,NaN,NaN,-4.0,0.0
05/19/2026,1630,HCA,404.69,-18.10,-4.28%,414.69,417.29,398.95,26.94,0.41,0.29,522.05,425.8,409.47,438.72,-2103.01,-39895.01,3.01,55.1,98.4,-19.6,0.0
05/19/2026,1630,HD,302.44,+2.63,+0.88%,291.865,303.185,289.10,35.37,0.25,0.31,369.58,312.26,289.54,325.09,-11120.01,-28910.01,21.01,78.2,71.1,-12.3,-11.9
05/19/2026,1630,HELE,24.36,+.41,+1.71%,23.75,25.045,23.19,61.04,0.86,0.68,16.22,22.9,22.07,25.82,-5202.02,-2231.02,17.02,15.1,77.4,-0.3,0.0
05/19/2026,1630,HII,324.60,-4.75,-1.44%,328.985,331.79,323.84,34.05,0.48,0.38,418.78,357.69,293.08,360.94,-9103.09,-31221.09,62.09,56.1,91.4,-6.9,-1.2
05/19/2026,1630,HIMS,22.44,+.15,+0.67%,22.14,22.69,21.53,41.47,0.94,0.81,13.74,25.62,21.19,29.0,-6106.01,-2153.01,7.01,18.1,61.1,-4.1,0.0
05/19/2026,1630,HLN,9.20,+.03,+0.33%,9.19,9.265,9.165,44.6,0.21,0.29,10.23,9.07,8.84,9.37,1202.01,-889.03,68.07,60.1,59.1,-10.8,-4.9
05/19/2026,1630,HLT,315.39,-2.75,-0.86%,317.57,318.17,312.995,47.16,0.25,0.32,304.13,308.06,309.56,323.75,1101.02,32288.02,2.12,82.1,77.3,-14.9,0.0
05/19/2026,1630,HOOD,74.16,-2.99,-3.88%,76.15,76.37,73.18,44.32,0.71,0.65,69.22,69.93,72.48,82.49,-5101.01,-7318.01,22.01,15.1,69.1,-7.7,0.0
05/19/2026,1630,HPP,10.68,-.12,-1.11%,10.82,11.23,10.565,59.06,0.85,1.03,5.92,8.85,9.09,13.09,14102.06,1228.08,8.33,67.1,88.2,4.6,3.3
05/19/2026,1630,HQY,84.65,+1.61,+1.94%,83.07,84.9699,80.96,56.4,0.39,0.48,74.01,79.36,80.98,85.75,-1202.01,-8096.01,2.01,77.2,68.3,-3.1,5.5
05/19/2026,1630,HSI:HK,25797.85,0,0.00%,0,0,0,45.78,0.15,NaN,26356.96,25734.16,25569.96,26696.15,-3103.01,-2567112.01,4.01,0.0,5.1,0.0,0.0
05/19/2026,1630,HSY,192.80,+1.07,+0.56%,192.24,195.91,189.8046,50.47,0.25,0.3,217.48,180.18,182.17,197.19,4202.01,19591.01,1.11,47.1,50.1,0.0,1.2
05/19/2026,1630,HTZ,4.93,-.27,-5.19%,5.21,5.2699,4.905,38.23,0.9,1.13,4.2,5.37,4.89,6.56,-4106.01,-491.01,22.01,77.1,78.4,-2.5,0.0
05/19/2026,1630,HUBS,208.19,-.32,-0.15%,217.49,225.58,205.27,46.44,1.01,0.74,214.14,215.06,157.64,251.9,1202.01,-17325.05,9.05,85.1,99.4,0.0,-8.3
05/19/2026,1630,HUM,310.55,+4.55,+1.49%,304.78,313.185,302.09,86.88,0.51,0.46,173.27,213.9,259.43,333.93,19235.03,31319.01,5.48,34.1,67.2,29.6,19.2
05/19/2026,1630,HYG,79.35,-.19,-0.24%,79.41,79.45,79.23,38.24,0.04,0.07,80.65,79.69,79.22,80.33,-10107.01,-7923.01,28.01,38.1,51.1,-3.6,-10.4
05/19/2026,1630,HYLS,40.69,-.15,-0.37%,40.73,40.74,40.63,40.68,0.04,NaN,40.07,40.8,40.7,41.1,-3103.01,-4063.01,3.01,0.0,64.1,-0.5,0.0
05/19/2026,1630,IAK,134.08,-.558,-0.41%,134.56,135.55,133.8822,59.48,0.14,0.15,133.3,129.97,129.46,134.49,3204.01,13555.01,1.06,57.1,37.1,0.0,0.0
05/19/2026,1630,IBB,164.19,+.16,+0.10%,163.41,165.34,162.08,38.88,0.21,0.24,170.9,164.02,162.91,174.81,-3103.01,-16208.01,7.01,52.1,64.1,-0.2,0.0
05/19/2026,1630,IBIT,43.50,-.03,-0.07%,43.34,43.63,43.075,47.6,0.33,0.44,35.6,42.44,42.72,47.39,-3103.01,-4308.01,10.01,8.1,32.1,0.0,0.6
05/19/2026,1630,IDX,11.40,-.55,-4.60%,11.65,11.70,11.38,20.76,0.24,NaN,15.86,12.86,11.37,12.98,-11108.01,-1138.01,23.01,0.0,79.1,-11.5,-14.9
05/19/2026,1630,IDXX,546.49,+.70,+0.13%,547.99,561.28,543.72,44.83,0.32,0.3,617.0,544.01,513.44,578.76,-4201.04,-52338.05,9.05,41.1,64.2,-2.1,-9.3
05/19/2026,1630,IEF,93.11,-.36,-0.39%,93.13,93.27,92.945,27.6,0.05,0.08,96.89,94.22,92.99,95.02,-5107.01,-9295.01,22.01,77.1,48.1,-8.7,-17.1
05/19/2026,1630,IFF,71.99,-1.71,-2.32%,71.86,72.86,71.52,45.52,0.68,0.32,79.16,68.78,68.08,84.6,-1104.03,8180.07,7.14,41.1,97.4,0.0,0.0
05/19/2026,1630,IGLB,48.61,-.30,-0.61%,48.61,48.77,48.49,32.53,0.07,0.1,51.24,49.1,48.63,50.05,-5106.01,-4849.01,29.01,59.1,38.1,-5.1,-5.7
05/19/2026,1630,IGSB,52.17,-.08,-0.15%,52.19,52.22,52.13,33.64,0.02,0.03,53.11,52.27,52.12,52.54,-9107.01,-5213.01,23.01,67.3,50.1,-6.7,-5.8
05/19/2026,1630,IIGD,24.34,-.0548,-0.22%,24.30,24.34,24.30,27.96,0.03,NaN,24.88,24.53,24.35,24.63,-4106.01,-2430.01,29.01,0.0,71.2,-2.2,-2.0
05/19/2026,1630,IJT,157.42,-1.39,-0.88%,157.88,158.56,156.7551,46.52,0.16,0.19,149.71,157.25,156.38,165.13,-5106.01,-15676.01,9.01,63.1,25.1,0.0,0.0
05/19/2026,1630,ILMN,141.68,+.17,+0.12%,142.28,142.79,139.13,58.95,0.45,0.44,115.8,119.14,131.68,155.74,-1102.01,15020.04,4.14,31.1,61.2,4.8,5.3
05/19/2026,1630,INDA,47.27,-.57,-1.19%,47.17,47.46,47.13,38.25,0.17,0.25,52.03,48.49,46.66,49.95,-5107.01,-4713.01,9.01,91.2,76.1,-3.8,-9.1
05/19/2026,1630,INDY,41.75,-.56,-1.32%,41.71,41.92,41.69,36.17,0.16,0.25,46.96,42.93,41.2,44.01,-4107.01,-4169.01,28.05,77.1,65.1,-5.1,-13.1
05/19/2026,1630,INFL,53.14,+.01,+0.02%,53.08,53.44,52.84,52.14,0.13,0.2,51.69,52.3,52.44,53.85,-1101.03,-5238.03,5.03,49.1,42.1,0.0,0.0
05/19/2026,1630,INMD,13.97,-.13,-0.92%,14.07,14.105,13.91,48.42,0.3,0.42,13.71,13.92,13.48,14.5,-7101.06,-1364.07,21.07,60.1,33.1,-3.3,-0.1
05/19/2026,1630,INTC,110.80,+2.63,+2.43%,106.98,113.0699,102.40,63.31,1.14,0.89,42.88,85.87,96.87,135.61,-3105.01,-10240.01,7.01,98.4,99.4,0.0,0.0
05/19/2026,1630,INVH,28.66,-.09,-0.31%,28.59,28.78,28.265,60.66,0.23,0.27,25.21,27.91,28.01,29.18,-3202.02,-2777.03,14.03,38.1,77.2,0.0,9.5
05/19/2026,1630,IONQ,48.44,-.87,-1.76%,47.64,49.44,45.51,52.69,0.98,0.96,30.17,39.77,42.97,60.85,-1103.01,-4551.01,6.01,44.1,61.1,2.6,2.3
05/19/2026,1630,IPO,49.30,+.33,+0.67%,48.41,49.79,48.37,53.42,0.32,0.33,43.13,47.29,47.51,51.88,-4103.01,-4804.06,9.06,89.2,70.1,0.0,0.0
05/19/2026,1630,IRM,123.52,-.44,-0.35%,123.12,124.755,122.05,54.26,0.44,0.35,107.37,111.2,120.21,136.1,-3106.01,-12205.01,9.01,40.1,97.4,0.0,13.7
05/19/2026,1630,IRT,16.50,+.24,+1.48%,16.21,16.52,16.115,59.94,0.2,NaN,16.29,15.94,16.06,16.62,-4201.01,-1611.01,10.01,75.3,48.1,0.0,8.4
05/19/2026,1630,ITA,218.32,-1.91,-0.87%,218.90,219.98,216.49,44.29,0.24,0.27,236.73,211.82,213.42,229.9,-2103.01,22726.07,7.17,77.1,84.1,0.0,0.3
05/19/2026,1630,ITB,86.23,-1.28,-1.46%,86.80,87.02,84.98,33.87,0.28,0.37,105.08,91.21,83.59,94.87,-5116.01,-8498.01,20.01,95.2,45.3,-16.3,-13.8
05/19/2026,1630,ITW,247.37,-2.09,-0.84%,248.15,248.675,244.3742,35.35,0.21,0.25,286.72,247.0,241.1,259.98,-6118.01,-24437.01,27.11,78.1,63.1,-9.2,-2.1
05/19/2026,1630,IVOL,18.00,-.02,-0.11%,17.95,18.0098,17.865,29.38,0.06,0.34,18.9,18.22,17.85,18.38,-11116.01,-1786.01,35.01,90.2,26.1,-10.0,-19.9
05/19/2026,1630,IWC,176.56,-1.99,-1.11%,177.45,178.35,174.44,45.38,0.25,0.26,163.46,173.09,174.7,191.74,-3103.01,-17444.01,7.01,82.1,65.1,0.9,0.0
05/19/2026,1630,IWF,123.07,-1.03,-0.83%,123.46,123.97,122.695,62.18,0.14,0.23,111.37,117.7,119.8,127.53,7101.04,12605.04,4.36,74.1,39.1,6.2,7.9
05/19/2026,1630,IWM,273.00,-2.97,-1.08%,273.805,275.075,270.63,46.67,0.18,0.26,258.1,270.36,271.54,289.17,-3103.01,-27063.01,7.01,69.1,39.1,0.0,0.0
05/19/2026,1630,IWN,204.23,-1.85,-0.90%,205.08,205.48,202.81,46.68,0.15,0.23,195.85,203.1,203.21,213.55,-4103.01,-20281.01,7.01,81.1,19.1,0.0,0.0
05/19/2026,1630,IWO,353.23,-4.35,-1.22%,353.80,356.24,349.29,46.81,0.22,0.27,329.24,348.25,351.02,378.79,-3103.01,-34929.01,7.01,87.1,55.1,0.4,0.9
05/19/2026,1630,J,112.89,-.72,-0.63%,114.51,115.3151,112.50,38.36,0.5,0.34,131.24,124.7,100.92,131.44,-7110.04,-10808.04,11.04,73.1,93.4,0.0,-20.8
05/19/2026,1630,JACK,11.44,+.66,+6.12%,10.80,11.46,10.64,42.54,0.9,0.84,16.34,11.92,10.11,14.35,-4105.01,-1064.01,8.01,64.3,99.4,0.6,-0.1
05/19/2026,1630,JBHT,256.53,-4.93,-1.89%,258.92,261.37,253.86,60.57,0.39,0.38,216.08,237.71,232.95,265.85,3204.01,26137.01,1.04,58.1,81.2,0.0,0.0
05/19/2026,1630,JBLU,4.38,-.20,-4.37%,4.53,4.55,4.37,38.48,0.58,0.82,5.44,4.55,4.32,5.11,-4103.01,-437.01,23.01,45.1,52.1,-5.0,0.0
05/19/2026,1630,JBSAY,14.44,0,0.00%,0,0,0,49.84,0.41,NaN,NaN,14.42,13.63,14.35,2201.01,1550.01,1.04,0.0,47.1,-0.8,-0.1
05/19/2026,1630,JETS,24.81,-.74,-2.90%,25.32,25.32,24.79,39.62,0.32,0.5,28.27,24.76,24.37,27.77,-2106.01,-2479.01,8.01,87.2,47.1,0.0,0.0
05/19/2026,1630,JNJ,230.00,+1.08,+0.47%,228.935,230.85,228.04,51.35,0.19,0.25,240.28,223.58,220.8,233.03,4205.01,23214.03,3.07,78.1,80.4,0.0,1.3
05/19/2026,1630,JNK,95.54,-.23,-0.24%,95.62,95.645,95.39,37.71,0.04,0.06,97.22,95.92,95.38,96.73,-10107.01,-9539.01,28.01,15.1,39.1,-3.2,-10.9
05/19/2026,1630,JOBY,10.00,-.35,-3.38%,10.12,10.1898,9.77,52.61,0.95,0.82,9.3,8.19,8.71,11.9,-1101.01,1119.05,7.15,36.2,87.4,5.1,0.0
05/19/2026,1630,JOE,63.15,-1.18,-1.83%,64.11,64.43,62.775,40.87,0.4,0.32,66.01,60.91,60.26,66.82,-3101.12,-6100.12,15.12,40.1,89.4,-6.6,-1.3
05/19/2026,1630,JOET,42.4531,-.3669,-0.86%,42.50,42.6756,42.31,46.68,0.12,0.25,42.08,42.09,42.31,43.86,-3103.01,-4231.01,8.01,54.1,33.1,1.1,0.0
05/19/2026,1630,JPM,295.70,-5.03,-1.67%,301.09,301.79,295.26,40.45,0.19,0.26,291.38,306.51,290.56,313.55,-7109.03,-29526.01,9.03,36.1,45.1,-2.2,-9.8
05/19/2026,1630,JPXN,97.36,-.85,-0.87%,97.1868,97.80,96.79,51.93,0.18,NaN,97.56,93.38,95.19,102.6,-1103.03,10093.05,7.19,0.0,54.1,5.9,6.6
05/19/2026,1630,JYNT,8.72,-.01,-0.11%,8.72,8.9303,8.60,50.93,0.33,0.08,8.72,8.57,8.14,9.0,1202.01,893.01,1.02,0.1,45.1,-0.9,-4.2
05/19/2026,1630,K,83.44,0,0.00%,0,0,0,60.53,0.03,0.1,76.99,83.35,82.98,83.69,1203.03,-8305.04,9.04,25.1,26.1,0.9,-1.1
05/19/2026,1630,KBA,33.2697,-.2003,-0.60%,33.31,33.34,33.16,50.8,0.21,0.22,30.41,32.83,32.85,35.26,-3103.01,-3316.01,5.01,47.1,82.4,6.1,0.0
05/19/2026,1630,KBWP,121.32,-.2941,-0.24%,121.225,122.92,121.07,56.5,0.16,0.1,122.39,118.19,116.13,121.63,3203.01,12292.01,1.05,18.1,47.1,-4.4,0.0
05/19/2026,1630,KCE,149.61,-2.68,-1.76%,152.12,152.12,149.59,48.0,0.15,0.18,140.8,148.81,149.48,154.8,-1103.01,-14959.01,4.01,71.1,5.1,0.0,0.3
05/19/2026,1630,KDP,28.85,-.58,-1.97%,29.49,29.665,28.81,55.34,0.35,0.27,29.0,28.56,28.45,29.51,15101.01,2967.01,1.32,52.1,83.4,-0.6,12.2
05/19/2026,1630,KEMX,47.0574,-.6226,-1.31%,46.76,47.50,46.42,51.18,0.33,0.34,43.77,45.34,45.66,51.24,-2103.01,-4642.01,8.01,79.1,88.1,1.0,3.0
05/19/2026,1630,KHC,23.28,-.07,-0.30%,23.365,23.585,23.005,55.17,0.22,0.3,23.92,22.24,22.34,24.17,4202.07,2412.07,7.11,37.1,30.1,0.0,2.7
05/19/2026,1630,KLAC,1740.58,-15.87,-0.90%,1708.678,1765.00,1690.28,47.92,0.51,0.55,1455.07,1646.0,1684.72,1909.9,-2103.01,-169028.01,4.01,82.1,80.1,0.0,0.0
05/19/2026,1630,KMX,36.27,-.78,-2.11%,37.00,37.28,36.27,38.59,0.4,0.71,41.43,36.61,35.35,40.03,-6106.01,-3627.01,7.02,85.2,56.1,-1.1,0.0
05/19/2026,1630,KNX,68.37,-.90,-1.30%,68.62,69.18,67.29,61.9,0.58,0.38,58.39,61.37,58.83,71.3,3204.01,6999.02,2.04,36.1,100.4,0.1,-2.8
05/19/2026,1630,KO,81.92,+.72,+0.89%,81.405,82.6635,81.26,71.71,0.18,0.2,78.89,77.73,77.64,82.4,10216.01,8266.01,1.21,36.1,78.3,4.2,15.6
05/19/2026,1630,KR,70.60,+2.28,+3.34%,68.85,71.71,68.82,61.1,0.27,0.33,66.04,66.48,64.09,70.06,3202.01,7171.01,1.05,77.3,70.1,0.0,0.0
05/19/2026,1630,KRE,67.56,-.36,-0.53%,67.72,67.955,67.08,45.16,0.19,0.31,66.16,68.36,66.02,70.67,-5107.03,-6642.03,9.03,49.1,22.1,0.0,-5.4
05/19/2026,1630,KSA,38.49,+.13,+0.34%,38.37,38.59,38.32,44.51,0.11,0.22,36.92,38.63,37.92,39.21,-2106.02,-3818.02,34.19,43.1,23.1,-4.0,-0.8
05/19/2026,1630,KSS,11.74,+.02,+0.17%,11.76,11.84,11.425,31.4,0.52,0.91,16.17,13.85,10.58,14.82,-8115.01,-1138.02,16.02,71.2,15.3,-10.2,-10.2
05/19/2026,1630,KVUE,17.15,-.03,-0.17%,17.20,17.39,17.04,44.61,0.19,0.2,18.61,17.05,16.94,17.71,-6105.01,-1704.01,8.01,1.1,29.1,0.0,-2.4
05/19/2026,1630,KW,11.00,-.03,-0.27%,11.01,11.015,10.99,60.12,0.03,0.15,10.83,10.87,10.9,11.1,5101.06,1104.02,7.11,0.1,6.1,11.0,0.0
05/19/2026,1630,KWEB,28.28,+.22,+0.78%,28.21,28.505,28.145,43.97,0.36,0.34,31.01,27.92,27.52,30.47,-2104.02,-2793.02,5.02,47.1,94.4,0.1,0.0
05/19/2026,1630,LAMR,149.41,+1.92,+1.30%,148.05,149.77,146.565,62.75,0.37,0.27,126.62,134.26,139.23,161.42,-1105.03,15766.07,7.42,56.1,95.4,2.0,5.6
05/19/2026,1630,LCID,5.61,-.12,-2.09%,5.695,5.71,5.59,33.24,0.73,0.89,9.12,5.62,5.52,6.64,-3103.01,-559.01,4.01,15.1,56.2,-2.1,0.7
05/19/2026,1630,LEVI,20.78,-.18,-0.86%,20.88,20.95,20.4515,39.23,0.27,0.38,21.54,21.71,20.28,22.94,-7107.01,-2045.01,8.01,55.1,20.1,-0.6,-5.7
05/19/2026,1630,LFMD,4.30,+.06,+1.42%,4.22,4.42,4.20,48.01,0.84,0.89,2.56,4.31,3.85,5.2,-6109.02,-414.02,21.05,49.1,63.4,-1.0,0.0
05/19/2026,1630,LFST,7.73,-.07,-0.90%,7.87,7.90,7.695,54.65,0.92,0.31,6.74,7.23,7.11,8.66,-1104.03,889.09,9.32,4.1,91.4,0.0,3.0
05/19/2026,1630,LH,253.69,-1.88,-0.74%,253.54,255.63,251.06,41.85,0.18,0.28,278.97,250.9,250.46,258.21,-11101.01,-25106.01,19.01,65.1,29.1,-13.1,0.0
05/19/2026,1630,LI,16.18,-.51,-3.06%,15.925,16.315,15.84,35.49,0.55,0.55,17.42,17.36,16.15,19.85,-2103.01,-1584.01,4.01,52.4,100.4,2.9,-2.9
05/19/2026,1630,LII,482.69,-18.72,-3.73%,494.43,494.43,479.65,41.09,0.36,0.4,532.5,510.37,480.93,539.09,-4106.01,-47965.01,9.01,81.1,69.1,0.0,0.0
05/19/2026,1630,LIN,506.07,-4.79,-0.94%,508.71,510.37,504.80,52.64,0.22,0.25,488.0,492.51,492.53,517.18,4207.02,51413.02,2.11,76.1,94.2,0.1,0.0
05/19/2026,1630,LIT,81.78,-1.25,-1.51%,81.67,82.43,80.57,43.33,0.35,0.4,72.15,84.69,81.21,92.44,-4104.01,-8057.01,9.01,87.2,69.1,0.0,0.0
05/19/2026,1630,LLY,1021.41,+33.32,+3.37%,989.51,1021.80,984.60,62.21,0.46,0.35,1002.46,850.51,933.65,1084.22,7201.05,102282.05,10.15,24.1,81.4,11.7,7.2
05/19/2026,1630,LMND,53.97,-.51,-0.94%,53.88,54.40,51.80,42.4,0.73,0.69,48.29,54.19,51.0,57.17,-5101.01,-5180.01,22.01,11.1,48.1,-22.2,0.0
05/19/2026,1630,LMT,526.63,-1.68,-0.32%,527.505,530.26,523.48,41.8,0.28,0.32,634.04,501.95,509.4,531.99,1212.01,53026.01,1.18,81.1,67.2,-2.9,6.0
05/19/2026,1630,LNG,246.77,-.97,-0.39%,247.84,248.435,245.10,42.91,0.33,0.35,216.43,264.26,220.88,271.95,-5201.05,-23850.04,13.07,78.1,75.2,0.0,-12.0
05/19/2026,1630,LOGI,103.66,-1.55,-1.47%,104.47,104.755,102.515,55.92,0.37,0.38,88.84,96.33,98.13,110.13,7101.07,11047.07,7.27,62.1,83.2,0.0,6.4
05/19/2026,1630,LOTMY,29.7000,-.355,-1.18%,29.6600,29.9000,29.4400,45.31,0.47,NaN,23.34,28.67,28.24,33.06,-1104.03,3304.09,9.15,NaN,NaN,0.0,0.0
05/19/2026,1630,LOW,218.37,+.35,+0.16%,216.01,220.05,213.50,35.41,0.29,0.37,260.1,223.6,210.82,235.8,-8120.01,-21350.01,21.01,97.3,73.1,-13.5,-4.8
05/19/2026,1630,LQD,107.12,-.54,-0.50%,107.216,107.40,106.93,31.88,0.05,0.07,111.4,107.92,107.17,109.38,-5107.01,-10693.01,29.01,46.1,44.1,-6.6,-7.1
05/19/2026,1630,LRCX,273.38,-4.58,-1.65%,267.95,278.73,263.71,51.23,0.54,0.68,230.7,241.6,252.76,318.29,-1103.01,30200.04,7.14,82.1,67.1,5.0,0.2
05/19/2026,1630,LUV,37.35,-1.01,-2.63%,37.88,37.98,37.23,39.31,0.41,0.55,48.71,36.92,36.55,41.96,-2106.01,-3723.01,8.01,83.1,56.1,-0.5,0.0
05/19/2026,1630,LUXE,6.87,-.92,-11.81%,7.29,7.56,6.54,26.87,0.53,0.79,9.13,8.78,6.75,8.88,-9109.01,-654.01,9.01,42.1,57.1,-0.2,-9.6
05/19/2026,1630,LVS,49.92,-.27,-0.54%,50.68,51.26,49.78,35.5,0.4,0.38,53.63,51.53,48.72,54.11,-8108.01,-4978.01,21.03,45.1,69.4,-7.6,-4.2
05/19/2026,1630,LW,42.19,-1.46,-3.34%,43.58,43.90,42.08,47.19,0.34,0.36,46.33,42.34,40.34,44.42,3101.01,4390.01,1.05,38.1,64.1,-0.4,0.0
05/19/2026,1630,LYB,73.04,-1.09,-1.47%,74.93,74.99,71.89,49.48,0.33,0.49,54.27,71.81,70.86,77.13,-3102.01,-7189.01,11.02,52.1,11.1,0.0,4.3
05/19/2026,1630,LYFT,13.18,-.19,-1.42%,13.445,13.67,13.075,40.32,0.32,0.54,13.14,13.85,12.67,14.54,-5107.02,-1284.02,7.02,19.1,12.1,0.0,-0.3
05/19/2026,1630,LYV,163.01,-4.48,-2.67%,166.46,166.76,163.01,51.87,0.32,0.34,155.04,151.44,155.48,175.59,8101.04,17312.04,4.18,25.1,61.1,9.1,5.4
05/19/2026,1630,M,19.05,+.53,+2.86%,18.50,19.15,18.36,50.31,0.29,0.6,19.49,19.02,17.88,19.82,-9201.03,-1793.03,9.03,79.2,8.1,-5.4,-4.6
05/19/2026,1630,MA,499.70,-6.09,-1.20%,507.56,512.90,498.50,48.85,0.28,0.26,490.0,492.15,480.25,514.72,1202.01,51290.01,1.1,60.1,83.2,-1.2,-3.8
05/19/2026,1630,MAC,21.93,+.06,+0.27%,21.74,22.115,21.56,55.2,0.3,0.33,19.67,21.21,21.34,22.42,-1201.02,2244.04,4.06,15.1,46.1,0.2,0.9
05/19/2026,1630,MAR,358.69,-.49,-0.14%,357.96,362.59,354.355,54.67,0.22,0.31,337.77,345.38,348.27,363.7,2204.01,36259.01,1.12,66.1,23.1,-6.4,0.0
05/19/2026,1630,MARA,12.44,+.26,+2.13%,11.875,12.585,11.53,56.2,0.71,0.95,7.58,10.27,11.21,14.04,-2103.01,-1153.01,7.01,42.1,40.1,2.2,2.5
05/19/2026,1630,MCD,280.80,-1.67,-0.59%,283.40,285.32,280.29,38.49,0.21,0.22,325.96,283.69,267.47,290.75,1202.01,-27198.07,22.07,61.1,97.4,-5.0,0.0
05/19/2026,1630,MCHP,91.81,-.95,-1.02%,90.45,93.59,90.00,54.78,0.54,0.52,72.32,87.11,89.37,103.62,-3106.01,-9000.01,8.01,72.1,90.4,0.0,2.9
05/19/2026,1630,MCK,761.89,-14.08,-1.81%,780.00,782.48,761.89,38.4,0.33,0.27,931.0,791.09,691.18,815.31,1203.02,-72368.07,26.07,45.1,90.2,-7.4,-2.8
05/19/2026,1630,MCO,434.49,-8.92,-2.01%,445.74,448.00,434.29,42.89,0.26,0.31,436.29,449.18,423.15,461.49,-9108.02,-42701.02,13.02,76.1,68.1,0.0,-0.5
05/19/2026,1630,MCW,7.10,0,0.00%,0,0,0,66.52,0.05,NaN,6.96,7.04,7.02,7.12,5205.01,711.01,1.18,56.2,10.1,0.4,6.5
05/19/2026,1630,MDB,334.68,+4.68,+1.42%,338.63,349.21,331.01,74.33,0.56,0.93,292.53,244.88,271.39,350.27,8213.01,34921.01,1.27,94.4,58.1,14.8,5.9
05/19/2026,1630,MDLZ,61.29,-.35,-0.57%,61.495,62.59,61.04,58.53,0.21,0.24,58.34,59.77,60.58,62.02,6101.01,6259.01,1.2,40.1,49.1,0.0,15.2
05/19/2026,1630,MELI,1594.86,+8.95,+0.56%,1583.89,1625.00,1572.92,39.36,0.6,0.37,1654.24,1738.0,1415.53,1858.96,-5108.04,-149500.05,9.05,37.1,100.4,0.0,-16.1
05/19/2026,1630,META,602.61,-8.60,-1.41%,608.92,613.93,600.55,41.46,0.37,0.34,628.98,600.0,573.09,636.64,1101.04,-59260.06,25.11,40.1,59.1,-19.4,0.0
05/19/2026,1630,MGM,36.02,-1.07,-2.88%,37.00,37.17,36.01,38.02,0.25,0.42,33.8,37.72,35.49,39.06,-12114.01,-3601.01,16.01,55.1,6.1,-4.7,-2.2
05/19/2026,1630,MGPI,17.80,-.47,-2.57%,18.18,18.2499,17.68,37.28,0.43,0.54,18.48,17.17,17.19,19.92,-7107.01,-1768.01,10.05,56.4,79.1,-3.6,-9.5
05/19/2026,1630,MICC,15.49,-.25,-1.59%,15.59,15.715,15.48,56.41,0.68,0.44,15.72,12.94,14.61,16.96,-1101.01,1703.03,3.19,NaN,NaN,19.5,14.6
05/19/2026,1630,MKOR,58.33,-1.23,-2.07%,56.87,59.50,56.61,52.35,0.6,0.44,48.36,54.7,55.33,67.29,-2103.01,-5661.01,8.01,99.4,92.2,0.0,1.3
05/19/2026,1630,MLCO,5.44,-.09,-1.63%,5.51,5.55,5.43,45.22,0.43,0.63,5.69,5.44,5.26,5.69,-9101.06,-525.08,20.14,78.1,64.2,-5.5,0.0
05/19/2026,1630,MLM,532.65,-23.13,-4.16%,548.07,551.74,525.38,22.73,0.23,0.29,667.2,594.85,527.93,603.55,-12109.01,-52538.01,9.01,78.1,58.1,-3.1,-13.9
05/19/2026,1630,MNDY,78.005,-.035,-0.04%,79.70,82.87,76.71,58.36,0.8,0.72,68.93,63.89,66.19,82.54,1202.01,8287.01,1.04,56.1,84.2,0.6,1.7
05/19/2026,1630,MNSO,14.11,-.11,-0.77%,14.09,14.3435,14.09,37.87,0.34,0.6,18.0,14.48,13.91,14.91,-10103.01,-1409.01,30.03,89.3,48.2,-4.2,0.0
05/19/2026,1630,MNST,86.35,-2.19,-2.47%,87.53,88.035,86.175,66.25,0.5,0.26,81.86,74.6,76.48,93.4,4208.05,8866.02,6.11,40.1,99.4,21.4,0.0
05/19/2026,1630,MO,74.00,+.28,+0.38%,73.65,74.41,73.1014,66.07,0.35,0.24,66.72,67.4,67.75,76.72,1205.03,7441.01,12.23,64.1,96.4,3.3,12.1
05/19/2026,1630,MOH,184.38,-.50,-0.27%,183.97,188.45,180.8601,57.41,0.59,0.47,142.07,188.78,179.34,196.1,-4104.01,-18086.01,14.01,19.1,70.1,0.0,9.3
05/19/2026,1630,MOO,81.02,-.59,-0.72%,81.55,81.55,80.67,39.46,0.17,0.21,84.13,81.78,79.89,84.38,-6109.01,-8067.01,10.02,80.1,85.2,-1.5,-0.5
05/19/2026,1630,MOVE:GIF,85.3218,0,0.00%,0,0,0,60.98,0.88,NaN,62.43,70.41,66.89,89.6,4204.01,8607.03,2.3,0.0,82.1,8.4,2.9
05/19/2026,1630,MP,54.93,-1.74,-3.07%,56.26,56.67,54.51,38.18,0.76,0.71,53.89,60.2,53.72,71.77,-5106.01,-5451.01,8.01,13.1,48.2,0.0,0.0
05/19/2026,1630,MPC,263.02,+3.49,+1.34%,260.83,263.495,256.6476,66.68,0.35,0.4,190.32,235.34,240.89,266.62,3203.01,26350.01,1.23,79.1,64.1,0.0,15.3
05/19/2026,1630,MPLX,55.59,+.15,+0.27%,55.28,55.94,55.14,50.08,0.23,0.24,57.36,55.0,53.41,57.07,-7202.05,-5394.05,11.05,54.1,96.4,0.0,-0.8
05/19/2026,1630,MPNGY,21.15,+.375,+1.81%,21.055,21.17,20.94,47.96,0.53,NaN,20.42,20.63,20.29,22.93,-2104.02,-2064.03,5.03,0.0,92.2,0.0,0.0
05/19/2026,1630,MRNA,45.72,-2.39,-4.97%,47.61,47.64,45.625,39.26,0.64,0.77,48.29,43.68,43.84,55.04,-2103.01,5462.06,6.13,54.1,62.2,-1.5,0.0
05/19/2026,1630,MRVL,176.27,+7.34,+4.34%,164.61,181.64,162.852,62.91,0.66,1.0,76.07,151.3,158.0,186.19,-1201.01,18271.02,2.36,100.4,74.2,0.5,1.9
05/19/2026,1630,MSFT,417.42,-6.12,-1.44%,429.90,432.70,416.49,54.17,0.3,0.31,381.71,398.01,402.62,426.18,3203.01,43270.01,1.04,76.1,81.1,-0.7,0.3
05/19/2026,1630,MSGS,353.16,+1.32,+0.38%,352.85,355.45,346.08,64.62,0.27,0.3,309.98,326.22,329.74,360.74,4205.01,36045.02,2.05,60.1,71.1,3.8,0.0
05/19/2026,1630,MSM,103.85,-.81,-0.77%,104.03,104.12,101.50,57.43,0.31,0.32,91.09,100.0,101.34,109.08,-1103.01,-10150.01,7.01,52.1,79.3,0.0,11.1
05/19/2026,1630,MSTR,164.63,-2.00,-1.20%,163.99,168.49,163.50,47.38,0.73,0.74,118.4,156.11,158.01,200.29,-3103.01,-16350.01,7.01,29.1,82.1,0.0,0.0
05/19/2026,1630,MTCH,35.35,-.53,-1.48%,35.88,36.28,35.32,48.76,0.37,0.35,30.58,36.67,33.97,38.29,-5109.05,-3510.05,9.05,32.1,75.2,-1.9,0.0
05/19/2026,1630,MTDR,61.71,+.90,+1.48%,61.82,62.13,60.63,57.31,0.43,0.46,48.07,60.83,53.03,65.0,1203.02,-5490.08,15.08,45.1,71.3,0.0,-1.2
05/19/2026,1630,MTUM,292.59,-1.73,-0.59%,290.19,295.82,287.38,56.68,0.26,0.31,247.75,275.57,282.1,316.01,-1103.01,30796.04,7.35,94.2,90.1,5.6,2.7
05/19/2026,1630,MU,698.74,+17.20,+2.52%,665.58,725.95,652.21,61.29,0.9,0.94,401.18,502.58,577.83,896.87,-1103.01,81867.07,7.35,97.4,100.4,9.7,0.0
05/19/2026,1630,MUR,40.34,-.10,-0.25%,40.80,40.84,39.83,54.57,0.43,0.57,30.29,39.58,36.15,42.74,1203.01,-3712.07,14.07,83.1,40.1,0.0,-0.1
05/19/2026,1630,MUSA,569.58,+4.24,+0.75%,566.12,575.16,561.16,57.45,0.56,0.39,378.82,511.8,539.85,621.56,-1104.02,60982.1,10.23,61.1,89.4,0.0,8.9
05/19/2026,1630,MZTI,113.89,+.91,+0.81%,113.39,114.68,111.715,30.66,0.35,0.25,161.42,111.04,103.88,125.05,-12113.07,-11106.11,28.11,57.1,79.4,-9.9,-7.1
05/19/2026,1630,N225:JP,59804.73,-745.86,-1.23%,60567.27,60567.27,59292.25,50.12,0.24,NaN,56135.12,58928.2,58636.81,64195.27,-2104.01,-5929225.01,7.01,0.0,60.1,0.0,3.3
05/19/2026,1630,NBIS,197.73,-2.13,-1.07%,191.00,202.8099,183.00,60.57,1.11,1.19,88.4,134.22,158.43,241.37,9101.03,22879.03,3.14,97.4,81.2,19.3,5.5
05/19/2026,1630,NBIX,154.36,-2.85,-1.81%,156.59,156.88,153.27,66.54,0.38,0.33,126.59,126.49,141.79,171.27,10101.04,16239.04,5.15,32.1,77.4,24.7,13.3
05/19/2026,1630,NCLH,14.79,-.47,-3.08%,15.05,15.09,14.5301,28.34,0.46,0.6,23.09,16.91,14.1,17.97,-14112.01,-1453.01,23.01,71.1,44.1,-8.0,-12.7
05/19/2026,1630,NEE,90.06,+1.02,+1.15%,88.95,90.27,87.36,40.5,0.39,0.27,90.65,93.66,88.75,97.66,-5103.01,-8736.01,13.01,23.1,98.4,-0.1,0.0
05/19/2026,1630,NEM,105.09,-4.76,-4.33%,107.20,108.11,104.13,40.26,0.59,0.48,118.67,106.87,103.3,122.79,-3103.01,-10413.01,7.01,60.1,82.2,0.0,0.0
05/19/2026,1630,NET,206.73,+4.98,+2.47%,203.25,208.67,200.42,49.91,1.11,0.64,158.83,199.67,168.99,251.77,-4108.05,-18575.05,9.05,59.1,99.4,0.0,-0.6
05/19/2026,1630,NFLX,89.33,-.32,-0.36%,90.14,91.48,88.69,44.91,0.24,0.34,75.01,90.77,83.64,92.71,1202.01,9148.01,1.07,38.1,38.1,-3.6,0.0
05/19/2026,1630,NIKL,14.67,-.75,-4.86%,15.05,15.08,14.57,30.57,0.42,NaN,18.82,16.82,14.8,17.94,-4105.01,-1457.01,6.01,0.0,70.1,0.0,-0.5
05/19/2026,1630,NKE,42.42,-.15,-0.35%,42.60,43.20,41.812,35.45,0.23,0.42,61.52,43.09,40.92,44.53,-7108.02,-4135.02,20.02,55.1,11.1,-6.6,-8.5
05/19/2026,1630,NLR,125.06,-2.47,-1.94%,126.59,126.715,123.58,35.41,0.52,0.38,143.5,137.18,122.39,149.05,-7106.01,-12358.01,9.01,58.1,90.2,0.0,-3.4
05/19/2026,1630,NNN,44.84,+.51,+1.15%,44.33,44.945,44.0799,58.81,0.15,0.23,43.82,42.8,43.54,45.12,1202.01,4495.01,1.03,38.2,30.1,0.0,0.0
05/19/2026,1630,NOAH,10.22,-.06,-0.58%,10.37,10.40,10.12,41.37,0.3,0.54,11.72,10.15,10.11,10.97,-4107.01,-1012.01,8.01,55.2,41.1,0.0,0.0
05/19/2026,1630,NORW,39.11,+.12,+0.31%,39.00,39.37,38.88,61.59,0.14,NaN,34.9,37.73,37.86,39.39,1202.01,3937.01,1.03,0.0,29.1,3.4,4.5
05/19/2026,1630,NOW,101.83,-1.59,-1.54%,110.14,110.83,100.7723,58.7,0.9,0.67,99.18,85.88,85.0,103.26,3204.01,11083.01,1.04,96.2,96.4,0.0,3.0
05/19/2026,1630,NSA,41.65,+.14,+0.34%,41.27,41.715,40.735,48.86,0.28,0.49,33.85,41.04,40.67,44.15,-3105.01,-4074.01,7.01,81.1,62.1,-0.3,0.0
05/19/2026,1630,NSC,318.20,-1.88,-0.59%,318.76,321.07,316.07,59.85,0.31,0.26,310.13,310.2,310.46,321.19,3204.01,32107.01,1.04,81.1,100.4,-5.7,11.6
05/19/2026,1630,NSP,31.46,+.01,+0.03%,31.51,33.45,31.10,53.25,1.07,0.67,20.89,27.83,25.49,35.66,1202.01,-2768.1,15.1,71.1,90.4,-1.9,-3.8
05/19/2026,1630,NSSC,35.82,-.26,-0.72%,36.05,36.285,35.2201,28.65,0.67,0.49,44.48,39.16,31.79,42.58,-5112.05,-3522.01,13.1,54.1,96.4,-6.6,-27.4
05/19/2026,1630,NTLA,11.94,-.75,-5.91%,12.27,12.42,11.84,39.3,0.94,0.88,12.41,11.76,12.02,14.76,-3104.01,-1184.01,7.01,34.1,62.4,-8.0,0.1
05/19/2026,1630,NTR,71.59,-.03,-0.04%,71.44,72.23,70.28,46.69,0.4,0.35,69.8,73.27,66.47,77.01,-3110.07,-6886.07,11.07,62.1,84.3,0.0,-2.9
05/19/2026,1630,NUE,221.73,-4.75,-2.10%,222.93,223.78,219.49,56.42,0.3,0.37,172.89,220.08,220.94,235.61,-2103.01,-21949.01,16.01,45.1,66.2,0.0,9.8
05/19/2026,1630,NVDA,220.61,-1.71,-0.77%,219.62,224.48,217.91,59.95,0.45,0.5,176.38,194.74,197.55,241.63,7210.03,23654.04,4.12,73.2,96.2,8.7,2.4
05/19/2026,1630,NVO,44.28,0,0.00%,44.36,44.84,44.08,56.39,0.37,0.41,37.31,39.7,42.66,48.77,-1103.02,4779.07,7.36,0.1,33.1,0.0,0.0
05/19/2026,1630,NXPI,294.28,+2.60,+0.89%,285.68,298.63,285.68,65.46,0.91,0.51,223.85,278.07,287.64,305.62,-2104.01,-28568.01,13.01,95.2,100.4,0.0,23.5
05/19/2026,1630,NYT,75.26,-1.42,-1.85%,76.90,77.18,74.57,41.01,0.39,0.3,73.72,77.62,72.97,81.67,-7108.01,-7457.01,9.02,46.1,89.4,0.0,-4.8
05/19/2026,1630,O,62.09,+.38,+0.62%,61.55,62.435,61.38,45.91,0.2,0.19,65.0,62.86,60.25,64.13,-9109.03,-6111.03,28.05,49.1,92.4,-2.3,-10.9
05/19/2026,1630,OC,107.95,-4.25,-3.79%,110.95,111.42,106.44,33.9,0.4,0.42,117.88,116.76,107.95,124.65,-4103.01,-10644.01,9.01,56.1,75.1,-0.9,-0.4
05/19/2026,1630,OIH,451.02,-2.90,-0.64%,455.10,456.00,446.86,65.06,0.25,0.36,382.99,438.15,419.25,459.72,3206.01,45600.01,1.09,60.1,12.1,0.0,4.3
05/19/2026,1630,OKE,95.24,+1.48,+1.58%,94.21,95.65,93.4125,67.8,0.3,0.32,79.73,88.33,85.14,96.59,4206.01,9565.01,1.08,52.1,83.2,1.5,3.0
05/19/2026,1630,OKLO,55.88,-2.68,-4.58%,56.73,57.77,53.955,40.19,1.26,0.95,60.12,63.2,54.32,80.06,-4105.01,-5396.01,9.01,16.1,88.4,-1.7,0.0
05/19/2026,1630,OKTA,85.70,-1.34,-1.54%,88.74,90.00,85.61,62.48,0.41,0.82,68.77,72.99,74.7,89.18,6204.01,9000.01,1.26,99.4,65.1,0.5,1.6
05/19/2026,1630,OLLI,79.69,-1.68,-2.06%,81.91,81.91,79.22,40.64,0.49,0.59,104.18,82.37,71.87,86.91,-12202.05,-7332.05,46.05,99.4,99.4,-7.9,-4.5
05/19/2026,1630,OMF,52.90,-.63,-1.18%,53.71,53.71,52.35,38.33,0.3,0.32,53.59,54.9,50.37,57.21,-8116.05,-5162.05,21.05,23.1,58.1,-11.4,-6.4
05/19/2026,1630,ON,106.02,-3.41,-3.12%,105.53,109.25,104.05,59.48,0.7,0.66,65.56,97.34,97.07,119.77,2101.04,11910.04,4.35,85.3,92.4,6.4,4.6
05/19/2026,1630,ONEW,10.14,-.20,-1.93%,10.30,10.30,9.915,44.59,0.66,0.71,11.21,8.99,9.34,12.39,-2103.01,1210.07,7.13,34.1,73.3,0.0,0.0
05/19/2026,1630,ONON,37.34,-.76,-1.99%,38.17,38.30,37.04,56.54,0.35,0.48,45.81,34.17,33.51,38.58,4205.01,3830.01,1.05,45.1,33.1,0.0,0.0
05/19/2026,1630,ONTO,248.08,-6.45,-2.53%,248.48,251.28,238.12,39.11,0.55,0.72,204.07,279.23,244.2,302.61,-6110.01,-23812.01,23.01,80.2,52.1,-2.6,0.0
05/19/2026,1630,ORCL,181.46,-5.15,-2.76%,186.00,188.7248,180.93,52.07,0.53,0.75,138.59,160.33,167.28,210.6,-1102.01,20071.04,8.28,89.3,60.1,4.1,5.5
05/19/2026,1630,ORLY,91.92,+.18,+0.20%,92.00,93.11,91.165,48.49,0.38,0.28,90.22,90.24,86.58,98.0,-6108.02,-8817.03,12.03,63.1,100.4,0.0,-6.7
05/19/2026,1630,OSCR,24.52,-.78,-3.08%,25.00,25.10,24.21,78.34,0.58,0.8,11.71,17.47,19.56,27.06,17218.02,2558.02,2.36,33.1,24.1,23.3,11.9
05/19/2026,1630,OSK,119.11,-2.84,-2.33%,120.68,121.265,116.77,29.01,0.55,0.46,163.79,145.98,108.74,151.85,-7108.01,-11677.01,9.03,83.1,96.4,0.0,-16.4
05/19/2026,1630,OTLY,9.85,-.06,-0.61%,9.84,9.98,9.74,32.24,0.45,0.62,11.42,10.79,9.02,11.2,-6119.12,-974.01,23.13,20.1,14.1,-10.0,0.0
05/19/2026,1630,OUT,32.11,+.15,+0.47%,31.88,32.215,31.29,58.04,0.35,0.22,24.86,30.22,30.54,33.96,-1103.03,3398.07,7.35,8.1,77.2,0.0,3.4
05/19/2026,1630,OVX:CGI,72.89,+.82,+1.14%,72.76,73.00,71.34,46.25,0.69,NaN,55.73,71.8,68.04,77.35,-4201.02,-6862.04,31.09,0.0,11.1,-1.5,0.1
05/19/2026,1630,OXLC,9.76,-.16,-1.61%,9.54,9.865,9.49,42.98,0.22,NaN,8.27,10.08,9.73,10.39,-3103.01,-949.01,12.01,0.0,24.1,0.0,0.0
05/19/2026,1630,OXM,37.73,-.94,-2.43%,38.44,38.44,37.455,37.03,0.54,0.74,38.32,40.69,36.36,45.88,-6107.01,-3746.01,9.01,88.1,44.2,-2.8,-7.8
05/19/2026,1630,OXY,60.70,+1.00,+1.68%,60.13,60.94,59.63,59.25,0.44,0.39,49.81,57.9,52.28,62.81,3204.01,-5299.08,14.08,60.1,91.3,0.3,0.0
05/19/2026,1630,PAG,156.46,-3.29,-2.06%,158.66,160.57,155.38,39.89,0.35,0.35,155.15,164.46,155.35,174.01,-3106.01,-15538.01,13.01,96.2,89.4,0.0,0.0
05/19/2026,1630,PALL,24.55,-1.02,-3.99%,25.01,25.1353,24.46,33.72,0.43,0.38,31.07,26.12,24.6,28.26,-5105.01,-2446.01,29.01,32.1,51.1,-0.7,0.0
05/19/2026,1630,PAM,82.41,-.36,-0.43%,82.34,84.0525,81.375,51.12,0.43,0.43,76.48,78.01,78.16,83.82,1202.01,8405.01,1.02,27.1,54.4,0.0,0.0
05/19/2026,1630,PATH,10.55,-.09,-0.85%,10.96,11.30,10.415,50.6,0.56,0.96,9.47,10.04,9.51,11.18,2202.01,1130.01,1.03,91.4,44.1,0.0,-0.3
05/19/2026,1630,PBD,20.38,-.62,-2.95%,20.63,20.63,20.16,47.25,0.29,0.42,18.15,20.24,20.31,22.38,-3103.01,-2016.01,7.01,61.2,88.2,0.0,0.0
05/19/2026,1630,PBH,46.44,-.16,-0.34%,46.46,47.875,45.57,26.76,0.52,0.33,67.91,54.29,42.86,54.52,-13115.03,-4557.01,15.03,60.1,99.4,-6.1,-24.7
05/19/2026,1630,PBJ,48.4191,-.1159,-0.24%,48.37,48.98,48.37,43.0,0.13,NaN,49.91,49.34,47.25,50.1,-6110.05,-4796.02,13.05,21.2,69.1,-1.8,-10.2
05/19/2026,1630,PBR,20.41,-.29,-1.40%,20.33,20.56,20.12,48.43,0.33,0.42,15.53,21.41,18.8,22.15,-8101.03,-1956.02,12.04,77.1,69.1,0.0,-7.6
05/19/2026,1630,PCAR,109.38,-2.30,-2.06%,110.97,111.205,108.73,33.46,0.29,0.28,122.67,113.87,107.2,117.03,-8116.01,-10873.01,16.11,24.1,78.3,-21.9,0.0
05/19/2026,1630,PD,6.89,-.06,-0.86%,7.165,7.26,6.77,51.11,0.87,1.17,6.18,6.38,6.4,7.52,-3107.04,-641.05,9.05,96.4,88.4,0.0,2.3
05/19/2026,1630,PDD,97.34,+2.37,+2.50%,95.055,97.55,94.97,47.06,0.38,0.46,100.93,97.0,93.48,102.01,-6104.01,-9413.02,9.02,79.2,90.4,-0.8,0.0
05/19/2026,1630,PEB,14.28,-.16,-1.11%,14.44,14.46,14.24,55.17,0.25,0.48,12.04,13.84,13.87,14.74,-2101.02,-1397.03,7.03,39.1,8.1,0.0,3.1
05/19/2026,1630,PECO,39.58,-.42,-1.05%,40.12,40.13,39.55,52.22,0.18,0.34,38.17,38.9,39.2,40.21,1101.01,4013.01,1.03,54.3,75.4,-0.6,4.1
05/19/2026,1630,PENN,16.12,-.36,-2.18%,16.51,16.65,16.045,49.17,0.67,0.49,11.89,16.66,15.02,17.56,-3101.05,-1550.05,15.05,13.1,87.1,-2.8,0.0
05/19/2026,1630,PEP,150.37,+1.31,+0.88%,150.30,152.57,148.97,42.34,0.21,0.25,163.02,153.48,144.54,158.36,-6108.02,-14748.02,8.04,37.1,66.2,0.0,-10.9
05/19/2026,1630,PFE,25.66,+.33,+1.30%,25.30,25.96,25.24,39.65,0.19,0.24,26.36,26.15,25.0,26.63,-14121.01,-2524.01,16.01,13.1,15.1,-5.8,-9.4
05/19/2026,1630,PFF,30.97,-.19,-0.61%,31.088,31.09,30.93,40.01,0.08,0.13,31.34,31.15,30.97,31.83,-3103.01,-3093.01,7.01,90.3,88.2,0.0,0.0
05/19/2026,1630,PFG,101.14,-1.26,-1.23%,102.36,102.54,100.59,60.6,0.17,0.31,91.64,98.41,99.89,102.4,1101.01,10254.01,1.02,69.1,19.1,-0.2,10.9
05/19/2026,1630,PFIG,23.725,-.045,-0.19%,23.70,23.74,23.69,29.72,0.03,NaN,24.3,23.92,23.73,24.1,-5104.01,-2369.01,7.01,0.0,66.1,0.0,-1.8
05/19/2026,1630,PFIX,51.82,+.38,+0.74%,51.52,52.05,51.255,73.01,0.25,0.24,41.45,46.05,47.02,52.2,10218.01,5205.01,1.34,14.3,30.1,15.2,13.1
05/19/2026,1630,PG,141.30,-1.09,-0.77%,142.47,143.705,140.85,40.97,0.21,0.23,158.16,143.27,139.1,147.31,-6107.03,-14085.01,16.05,68.1,81.2,-1.6,-1.3
05/19/2026,1630,PGNY,24.60,+.55,+2.29%,24.46,25.10,24.25,75.6,0.81,0.38,16.76,17.91,19.96,27.15,14227.06,2510.01,6.32,9.1,82.4,20.8,11.1
05/19/2026,1630,PGRO,46.9749,-.4432,-0.93%,47.18,47.19,46.895,59.55,0.17,NaN,42.33,45.11,45.93,48.98,-1102.01,4840.04,4.36,0.0,62.1,9.5,11.5
05/19/2026,1630,PINK,36.36,-.12,-0.33%,36.29,36.74,36.21,59.94,0.16,0.23,35.59,33.86,35.01,37.74,7101.04,3740.04,4.15,38.1,27.1,5.2,6.3
05/19/2026,1630,PINS,18.84,-1.09,-5.47%,20.14,20.41,18.46,42.29,0.52,0.56,16.49,19.15,18.33,21.94,-4107.01,-1846.01,9.01,54.1,80.1,0.0,0.0
05/19/2026,1630,PJP,106.0988,+1.0488,+1.00%,105.28,106.28,105.00,51.79,0.16,0.1,107.5,102.99,103.72,109.09,-1103.02,10847.04,5.47,4.2,45.1,4.4,2.1
05/19/2026,1630,PK,11.00,-.09,-0.81%,11.05,11.14,10.8207,48.44,0.25,0.51,10.89,10.98,10.61,11.44,-5101.03,-1071.03,7.03,71.1,5.1,0.0,-2.4
05/19/2026,1630,PKB,98.7333,-2.1152,-2.10%,99.80,100.00,98.31,35.09,0.25,0.28,107.66,105.32,98.07,109.1,-8109.01,-9831.01,9.01,92.1,81.1,0.0,-2.3
05/19/2026,1630,PLAY,10.72,+.32,+3.08%,10.24,11.00,9.99,44.25,0.6,1.01,14.33,10.57,9.39,11.37,1202.01,-970.02,28.14,91.3,28.1,-15.2,0.0
05/19/2026,1630,PLD,142.44,+.13,+0.09%,141.93,142.63,140.79,54.43,0.19,0.25,138.66,138.03,139.41,145.69,-1101.03,14494.06,6.11,17.1,33.1,0.0,0.3
05/19/2026,1630,PLNT,51.65,-2.48,-4.58%,54.255,55.03,51.28,34.6,1.41,0.55,79.18,62.39,36.92,61.21,1204.04,-4150.08,21.08,93.3,100.4,-6.9,-3.1
05/19/2026,1630,PLTR,135.26,+.12,+0.09%,135.17,137.47,133.60,45.18,0.5,0.52,126.37,134.68,127.67,143.58,-6111.04,-12945.04,30.04,7.1,48.1,-5.8,-0.7
05/19/2026,1630,PM,191.57,+.07,+0.04%,191.00,193.05,188.5376,73.29,0.39,0.3,182.12,161.94,169.85,202.86,9220.03,19305.01,4.21,61.1,96.4,28.5,9.4
05/19/2026,1630,PNC,213.27,-.45,-0.21%,213.13,215.34,211.35,43.79,0.2,0.27,210.35,216.64,207.26,222.91,-5109.03,-20970.05,28.05,41.1,42.1,-4.9,-9.0
05/19/2026,1630,PNDRY,10.41,+.09,+0.87%,10.40,10.56,10.33,58.51,0.61,NaN,9.81,9.25,9.62,11.35,-1106.06,1074.09,9.14,0.0,81.2,3.9,5.6
05/19/2026,1630,POET,13.07,-1.14,-8.02%,13.78,13.83,11.8201,54.65,3.52,1.68,5.39,6.37,7.77,21.55,-1102.01,2027.03,3.36,97.4,99.4,9.2,3.2
05/19/2026,1630,POOL,178.54,-2.85,-1.57%,181.47,181.99,177.535,31.53,0.42,0.4,210.67,202.71,159.87,200.53,-7101.1,-17268.02,19.1,77.1,87.2,-9.0,-7.8
05/19/2026,1630,PPLT,17.42,-.42,-2.35%,17.47,17.69,17.39,41.21,0.46,0.33,19.11,17.01,16.98,19.83,-2103.01,-1739.01,5.01,23.1,62.1,1.3,0.0
05/19/2026,1630,PR,21.22,+.30,+1.43%,21.14,21.26,20.82,56.01,0.39,0.4,17.09,21.09,19.02,22.5,1203.01,-1966.08,11.08,36.1,88.4,0.0,-1.3
05/19/2026,1630,PRAA,14.71,-.15,-1.01%,15.09,15.09,14.4919,24.96,0.7,0.98,10.25,20.38,11.61,20.2,-8112.03,-1428.03,23.04,98.4,77.2,-6.1,-26.5
05/19/2026,1630,PRGO,10.61,-.07,-0.66%,10.69,10.815,10.525,40.26,0.44,0.49,12.56,11.26,10.09,12.11,-5107.03,-1052.03,9.03,52.1,65.1,-0.4,-2.3
05/19/2026,1630,PRMB,22.48,-1.02,-4.34%,23.44,23.6911,22.37,58.11,0.54,0.42,18.39,19.17,19.93,25.7,5101.04,2396.04,6.14,32.1,84.3,14.0,0.1
05/19/2026,1630,PRVA,23.29,-.40,-1.69%,23.79,23.9499,23.27,49.22,0.29,0.36,21.0,23.94,21.87,24.81,-6101.04,-2246.04,12.04,21.1,41.1,-1.0,-2.0
05/19/2026,1630,PSA,297.47,+1.32,+0.45%,294.44,298.02,289.21,47.22,0.28,0.29,297.76,291.86,289.42,315.52,-3105.01,-28921.01,8.01,92.2,91.2,0.0,0.0
05/19/2026,1630,PSCE,63.8292,+.0692,+0.11%,64.00,64.30,63.15,62.21,0.25,0.28,53.7,61.49,59.71,64.84,2204.01,6430.01,1.09,29.1,34.1,0.0,2.6
05/19/2026,1630,PSCI,161.8017,-3.4751,-2.10%,164.09,164.09,161.8017,38.06,0.23,0.22,167.02,166.87,161.11,175.35,-6107.01,-16180.01,9.01,72.1,69.1,0.0,0.0
05/19/2026,1630,PSCU,63.2524,-.4082,-0.64%,63.41,63.41,63.2524,44.55,0.16,NaN,57.68,65.12,61.81,66.23,-6109.05,-6278.05,25.05,0.0,52.1,-4.9,-10.2
05/19/2026,1630,PSP,58.74,-.9809,-1.64%,59.86,59.86,58.67,40.71,0.22,0.19,60.04,58.75,58.41,62.58,-4106.01,-5867.01,23.01,62.1,74.1,-3.1,0.0
05/19/2026,1630,PSX,182.38,+2.58,+1.43%,181.01,183.6999,177.7574,62.57,0.35,0.38,149.14,165.0,168.32,184.16,2203.01,18370.01,1.27,79.1,73.3,0.0,10.3
05/19/2026,1630,PTLO,3.98,+.05,+1.27%,3.92,4.08,3.875,28.27,0.85,0.64,5.16,5.71,2.96,5.28,-6112.07,-388.01,19.08,42.1,88.4,-23.6,-15.7
05/19/2026,1630,PVH,79.42,-.91,-1.13%,79.80,80.34,78.35,38.73,0.41,0.63,67.35,88.27,73.72,92.58,-9120.03,-7835.01,29.05,98.4,55.3,-5.6,-15.7
05/19/2026,1630,PYPL,43.83,-.555,-1.25%,44.38,45.02,43.81,32.67,0.34,0.36,40.53,49.22,40.73,48.81,-7114.06,-4381.01,21.08,28.1,55.1,-13.8,-10.8
05/19/2026,1630,PZZA,33.35,+.36,+1.09%,32.92,33.77,32.68,45.9,0.55,0.6,30.16,34.42,30.79,35.93,1102.03,3610.03,3.07,71.3,72.1,-6.0,0.0
05/19/2026,1630,QAT,18.2496,-.3304,-1.78%,18.58,18.67,18.18,30.47,0.11,NaN,19.39,18.75,18.26,19.17,-5106.01,-1818.01,8.01,0.0,44.1,-3.8,-5.3
05/19/2026,1630,QBTS,18.19,-.87,-4.56%,18.77,19.1348,17.735,43.23,0.96,0.97,17.41,17.11,17.62,24.62,-3103.01,-1774.01,7.01,21.2,43.3,0.0,0.3
05/19/2026,1630,QCOM,195.61,-8.03,-3.94%,196.855,201.50,191.02,58.38,1.01,0.7,139.64,151.0,176.57,248.88,-3105.01,24790.07,7.31,97.4,100.4,1.9,1.8
05/19/2026,1630,QMOM,75.14,-.9454,-1.24%,75.19,75.78,73.80,46.2,0.31,0.23,70.96,73.3,74.02,81.89,-3103.01,-7380.01,7.01,76.2,89.1,3.0,0.3
05/19/2026,1630,QQQ,701.53,-4.35,-0.62%,699.81,706.49,695.25,65.6,0.17,0.25,599.05,656.59,677.37,738.43,-1102.01,72203.04,8.36,73.1,62.1,10.9,6.8
05/19/2026,1630,QS,7.30,-.27,-3.57%,7.475,7.54,7.13,47.35,0.73,0.9,6.67,6.55,6.74,8.97,-2102.01,889.04,4.15,37.2,40.2,8.5,0.0
05/19/2026,1630,QSR,75.77,+.08,+0.11%,75.72,76.36,75.29,42.76,0.31,0.25,67.17,77.98,73.58,81.27,-7107.02,-7485.02,10.02,35.1,93.4,-0.3,-2.9
05/19/2026,1630,QTUM,140.63,-1.34,-0.94%,139.00,142.23,137.66,58.89,0.31,0.36,114.71,128.7,134.35,153.44,-1103.01,14843.04,7.35,97.2,84.2,7.0,5.4
05/19/2026,1630,QUBT,9.22,-.495,-5.10%,9.55,9.77,9.14,47.95,1.11,0.99,7.63,7.98,8.63,12.18,-1103.01,-914.01,4.01,37.3,62.4,4.0,0.1
05/19/2026,1630,R,228.21,-3.34,-1.44%,230.73,232.12,227.215,47.26,0.46,0.4,216.25,232.73,216.98,248.56,-5112.04,-22498.04,17.05,80.1,88.4,-6.1,0.0
05/19/2026,1630,RBLX,44.45,-2.53,-5.39%,47.08,47.53,43.88,40.1,0.97,0.71,59.7,41.75,34.86,51.75,1203.01,-4015.05,20.11,62.1,100.4,-7.8,0.0
05/19/2026,1630,RCL,247.20,-5.39,-2.13%,250.00,250.01,241.175,38.98,0.47,0.54,300.35,250.38,241.78,283.36,-4107.01,-24118.01,8.01,83.1,67.1,-0.1,0.0
05/19/2026,1630,RDNT,53.35,-.82,-1.51%,54.00,54.265,52.605,38.93,0.36,0.6,65.97,55.11,50.7,59.54,-7107.02,-5200.02,7.02,84.1,50.1,0.0,-2.4
05/19/2026,1630,REAL,8.97,-.49,-5.18%,9.40,9.41,8.89,35.49,0.9,0.93,10.55,11.53,7.42,12.64,-6108.03,-889.01,9.05,58.1,78.4,-2.0,-8.2
05/19/2026,1630,REG,77.34,+.01,+0.01%,77.37,77.59,76.90,45.99,0.17,0.19,75.63,77.26,75.56,79.34,-9115.03,-7587.03,22.03,12.1,64.2,-9.2,-8.9
05/19/2026,1630,REGN,630.30,+.62,+0.10%,630.49,639.9899,616.02,26.2,0.48,0.33,753.79,668.85,631.74,742.34,-2103.01,-61602.01,34.01,10.1,88.4,-6.4,-7.1
05/19/2026,1630,REXR,35.01,-.26,-0.74%,35.23,35.31,34.65,45.66,0.19,0.27,36.73,34.97,34.59,36.26,-5106.01,-3465.01,7.01,2.1,15.1,-2.9,0.0
05/19/2026,1630,REZ,91.09,+.66,+0.73%,90.47,91.10,90.05,58.13,0.17,0.12,88.41,88.89,89.19,92.64,-2201.02,-8937.02,8.02,2.1,81.2,0.0,5.6
05/19/2026,1630,RGTI,15.96,-.66,-3.97%,16.275,16.76,15.46,42.77,0.91,0.94,15.33,15.3,15.52,20.81,-3103.01,-1546.01,6.01,12.1,42.2,0.0,0.3
05/19/2026,1630,RH,122.14,+1.42,+1.18%,119.01,122.90,113.60,39.79,0.41,0.85,164.68,120.09,117.5,135.29,-3105.01,-11360.01,21.01,64.2,4.1,-6.4,-1.7
05/19/2026,1630,RHP,108.84,+.34,+0.31%,108.22,109.72,107.275,61.75,0.24,0.26,98.22,101.94,103.33,112.35,-3202.02,11170.08,8.33,33.1,52.1,0.0,5.0
05/19/2026,1630,RIOT,22.645,-.535,-2.31%,22.635,23.115,21.73,59.72,0.9,0.92,15.1,15.31,19.73,28.88,-1102.02,2586.07,7.14,44.1,75.2,10.4,8.6
05/19/2026,1630,RIVN,12.90,-.45,-3.37%,13.23,13.255,12.65,30.25,0.48,0.64,14.7,14.39,12.16,15.24,-8103.01,-1265.01,20.11,20.1,50.1,-9.8,-3.0
05/19/2026,1630,ROBO,82.51,-1.73,-2.05%,82.50,83.09,81.3601,53.04,0.28,0.27,76.9,78.2,80.24,89.71,-1102.01,-8136.01,7.01,76.4,88.1,5.3,4.0
05/19/2026,1630,ROK,422.29,-14.07,-3.22%,430.62,431.11,418.84,48.99,0.44,0.33,386.39,396.3,402.01,485.14,-1102.01,46211.07,7.15,48.1,99.4,4.8,0.4
05/19/2026,1630,ROKU,120.58,-3.57,-2.88%,123.60,124.40,119.59,53.57,0.37,0.49,83.46,110.1,116.61,134.12,-1103.01,13139.07,8.36,16.1,28.1,0.0,9.1
05/19/2026,1630,ROST,212.68,+1.60,+0.76%,211.00,214.045,208.20,39.86,0.24,0.4,198.27,224.01,203.38,230.59,-10109.01,-20820.01,9.04,98.4,62.2,0.0,-10.3
05/19/2026,1630,RRC,43.12,+.76,+1.79%,42.66,43.31,42.01,56.62,0.27,0.39,37.67,42.01,39.88,43.87,2203.01,4331.01,1.08,60.1,20.1,0.0,-0.2
05/19/2026,1630,RRR,51.59,-.53,-1.02%,52.13,52.64,51.48,39.83,0.32,0.4,59.27,50.94,49.45,54.7,-12107.04,-5084.02,30.11,59.1,49.1,-5.1,-6.2
05/19/2026,1630,RSI,28.00,+.33,+1.19%,27.70,28.042,27.30,64.47,0.64,0.53,18.06,26.3,26.55,28.88,-2201.04,2924.11,13.27,30.1,84.4,0.0,14.2
05/19/2026,1630,RSP,201.62,-1.18,-0.58%,201.98,202.63765,200.91,49.97,0.1,0.17,201.05,199.7,200.85,205.43,-3103.01,-20091.01,7.01,82.1,11.1,0.0,0.0
05/19/2026,1630,RSPG,110.70,+1.31,+1.20%,109.96,111.03,108.97,64.11,0.27,0.26,96.12,106.07,100.74,112.28,3204.01,11103.01,1.09,91.2,97.4,0.5,1.0
05/19/2026,1630,RSPU,78.56,+.84,+1.08%,77.52,78.6328,77.405,42.38,0.18,0.22,81.44,80.41,76.22,81.58,-7110.02,-7715.02,13.03,93.2,99.2,-6.5,-9.8
05/19/2026,1630,RTO,31.56,-.65,-2.02%,32.09,32.10,31.535,38.37,0.22,0.38,30.22,32.85,30.94,34.19,-7108.01,-3145.03,10.03,44.1,17.1,-0.4,-7.4
05/19/2026,1630,RUT,2747.0739,0,0.00%,0,0,0,46.59,0.18,0.25,2600.99,2725.23,2732.24,2910.05,-2103.01,-272285.01,7.01,67.1,41.1,0.0,0.0
05/19/2026,1630,RVLV,18.39,-.06,-0.33%,18.56,18.86,18.225,29.91,0.76,0.58,22.12,22.97,14.47,22.15,-10201.05,-1735.05,23.07,32.1,98.4,-20.4,-15.6
05/19/2026,1630,RVX,24.84,+.21,+0.85%,25.40,25.56,24.38,50.88,0.64,NaN,24.16,22.2,22.2,25.45,7207.01,2556.01,1.1,0.0,27.1,0.0,0.0
05/19/2026,1630,S,17.66,+.12,+0.68%,17.71,18.12,17.40,70.65,0.48,0.78,12.24,13.89,15.07,18.33,14213.01,1812.01,1.27,95.4,52.1,11.8,11.7
05/19/2026,1630,SBAC,207.51,+4.17,+2.05%,203.34,208.2425,202.53,47.14,0.27,0.32,191.41,213.51,195.77,223.9,-5107.02,-19915.02,10.02,77.3,62.1,0.0,-3.1
05/19/2026,1630,SBUX,106.38,-.22,-0.21%,105.54,107.555,105.1101,63.54,0.32,0.31,93.55,100.08,104.51,107.5,-1215.01,10756.01,1.16,9.1,73.2,0.0,9.5
05/19/2026,1630,SCJ,103.78,-.91,-0.87%,103.61,104.36,103.40,55.36,0.15,0.24,104.49,98.6,100.59,108.73,-1101.01,10664.04,7.18,77.1,58.1,10.4,11.8
05/19/2026,1630,SE,87.28,-1.01,-1.14%,87.35,88.875,86.002,49.09,0.61,0.53,102.54,81.88,82.0,95.6,3104.04,9997.05,5.07,50.1,83.2,3.2,0.0
05/19/2026,1630,SFD,26.07,+.39,+1.52%,25.63,26.12,25.41,46.36,0.3,0.38,24.0,26.16,24.59,26.74,-5202.12,-2463.05,33.13,71.1,85.3,-23.2,0.0
05/19/2026,1630,SFM,90.02,+1.63,+1.84%,89.975,94.89,89.21,68.73,0.62,0.47,65.01,69.29,80.41,96.72,8214.01,9489.01,1.15,54.1,92.4,15.5,7.5
05/19/2026,1630,SG,8.63,-.02,-0.23%,8.65,8.83,8.31,74.27,0.78,0.8,5.25,6.52,6.18,8.78,3204.01,883.01,1.05,31.1,68.1,0.0,0.0
05/19/2026,1630,SHAK,64.12,+4.43,+7.42%,61.80,64.47,61.4101,29.4,1.28,0.47,87.5,94.57,43.34,84.71,-9201.06,-5949.02,13.06,31.1,100.4,-12.5,-27.9
05/19/2026,1630,SHEL,88.46,-.13,-0.15%,88.55,88.66,87.67,52.99,0.27,0.27,79.06,87.97,81.97,90.99,1202.01,-8382.08,31.08,78.1,88.2,-2.4,-4.1
05/19/2026,1630,SHO,10.29,-.11,-1.06%,10.38,10.41,10.23,60.18,0.23,0.31,9.13,9.69,9.78,10.73,15202.07,1056.07,7.32,53.1,28.1,1.7,5.1
05/19/2026,1630,SHOC,102.0274,-.5226,-0.51%,100.72,103.69,99.19,59.91,0.41,NaN,74.13,92.89,95.61,113.44,-1102.01,10937.04,8.35,0.0,97.2,7.7,1.3
05/19/2026,1630,SHOO,38.23,-.49,-1.27%,38.60,38.70,37.63,50.44,0.39,0.59,34.52,35.96,36.54,41.1,-1102.01,4097.07,7.12,60.1,37.1,1.3,0.0
05/19/2026,1630,SHOP,101.01,-1.38,-1.35%,102.97,104.90,100.72,38.48,0.79,0.58,115.7,118.35,84.65,121.28,-9111.04,-9400.04,21.05,47.1,86.4,-10.9,-12.9
05/19/2026,1630,SHY,82.04,-.06,-0.07%,82.04,82.07,82.00,36.45,0.02,0.03,82.97,82.1,81.92,82.36,-6116.01,-8200.01,23.11,66.1,37.1,-10.6,-7.0
05/19/2026,1630,SHYG,42.18,-.08,-0.19%,42.19,42.21,42.115,38.62,0.03,0.07,42.73,42.28,42.11,42.6,-9113.01,-4212.01,28.01,8.1,34.1,-5.9,-7.8
05/19/2026,1630,SIL,86.49,-4.12,-4.55%,88.19,88.76,85.94,39.38,0.6,0.56,101.94,86.04,82.08,106.82,-2103.01,10419.05,5.15,67.1,77.1,4.1,-0.2
05/19/2026,1630,SILJ,28.17,-1.41,-4.77%,28.98,28.98,27.93,39.14,0.64,0.61,34.1,28.23,26.84,35.43,-2103.01,-2793.01,5.01,54.1,73.1,4.9,-0.6
05/19/2026,1630,SITM,693.66,-31.93,-4.40%,677.25,704.66,657.38,55.97,1.14,0.86,383.04,511.53,590.98,994.24,-2103.01,90181.07,7.35,75.1,100.4,9.7,3.0
05/19/2026,1630,SIVR,70.28,-3.23,-4.39%,70.01,71.22,69.46,43.4,0.6,0.55,75.91,67.4,66.42,85.64,-2103.01,8498.05,5.15,65.1,75.1,6.5,0.0
05/19/2026,1630,SJM,103.04,-.60,-0.58%,104.27,104.75,102.85,66.49,0.2,0.34,105.49,95.77,96.07,104.77,7209.01,10475.01,1.09,93.3,24.1,4.2,1.0
05/19/2026,1630,SKYY,128.11,-1.18,-0.91%,129.17,130.71,127.38,62.02,0.3,0.35,105.24,116.29,121.07,135.31,-1101.05,13111.09,9.27,75.1,79.1,0.9,9.3
05/19/2026,1630,SLG,40.57,-2.36,-5.50%,42.53,42.75,40.53,42.36,0.38,0.56,36.24,41.67,40.55,45.84,-3106.01,-4053.01,7.01,86.1,63.1,0.0,0.0
05/19/2026,1630,SLV,66.90,-3.04,-4.35%,66.68,67.80,66.11,43.42,0.6,0.56,72.25,64.13,63.2,81.51,-2103.01,8086.05,5.15,63.1,76.1,6.4,0.0
05/19/2026,1630,SLX,103.3501,-2.3799,-2.25%,103.84,103.99,102.60,49.63,0.28,0.25,98.07,100.94,101.27,112.01,-2103.01,-10260.01,8.01,38.2,83.1,3.7,4.7
05/19/2026,1630,SMCI,30.56,-.29,-0.94%,30.27,31.345,29.465,52.11,1.04,0.8,30.29,25.46,26.83,37.66,-1103.02,3637.07,7.4,45.1,91.1,2.0,1.4
05/19/2026,1630,SMH,543.96,-2.20,-0.40%,534.94,553.339,527.87,60.91,0.41,0.49,401.88,492.34,506.38,605.33,-1102.01,58117.04,9.35,97.2,99.2,6.4,0.2
05/19/2026,1630,SMIN,65.06,-.05,-0.08%,65.10,65.425,64.80,45.28,0.21,0.23,66.21,65.63,64.18,68.85,-4107.01,-6480.01,8.01,78.1,72.1,0.0,0.0
05/19/2026,1630,SMPL,11.41,-.39,-3.31%,11.96,12.11,11.37,36.47,0.46,0.76,16.44,12.79,10.23,13.19,-6112.05,-1101.05,16.05,94.1,81.1,-8.5,-0.7
05/19/2026,1630,SN,101.99,-4.42,-4.15%,106.16,106.305,101.68,36.4,0.35,0.48,118.91,111.78,98.16,117.87,-9110.01,-10168.01,11.05,42.1,47.1,-0.9,-10.6
05/19/2026,1630,SNAP,5.55,-.12,-2.12%,5.67,5.7725,5.48,47.55,0.52,0.67,4.89,5.81,5.15,6.28,-7107.03,-526.03,9.03,41.1,48.1,-2.0,0.0
05/19/2026,1630,SNDR,32.16,-.21,-0.65%,32.10,32.715,31.63,60.48,0.58,0.34,26.72,29.86,28.68,33.51,3204.01,3272.01,2.04,15.1,98.4,0.1,0.0
05/19/2026,1630,SNOW,169.55,+5.31,+3.23%,172.475,176.98,166.71,66.43,0.56,0.83,154.63,133.02,139.63,172.39,8209.01,17698.01,1.1,96.4,71.1,0.2,2.8
05/19/2026,1630,SOFI,15.23,-.48,-3.06%,15.605,15.64,14.92,38.85,0.71,0.6,17.31,15.5,15.13,16.38,-4103.01,-1492.01,23.01,9.1,85.4,-20.5,0.0
05/19/2026,1630,SOLZ,8.48,-.0803,-0.94%,8.49,8.56,8.4101,44.13,0.49,0.52,7.68,8.18,8.11,9.99,-3103.01,-839.02,7.02,12.1,6.1,2.7,0.0
05/19/2026,1630,SOYB,25.27,+.10,+0.40%,25.38,25.38,25.23,59.54,0.14,0.18,23.19,24.66,24.62,25.53,2202.01,-2462.03,5.03,59.2,65.2,0.0,4.5
05/19/2026,1630,SPDN,8.88,+.06,+0.68%,8.85,8.90,8.82,39.4,0.11,NaN,9.35,8.95,8.6,9.05,-14201.04,-868.04,36.07,67.2,29.1,-8.6,-7.6
05/19/2026,1630,SPG,200.86,+.44,+0.22%,200.625,202.19,198.64,50.54,0.21,0.25,198.27,198.41,199.02,205.64,-4105.01,-19864.01,5.01,50.1,69.2,-0.8,0.0
05/19/2026,1630,SPGI,410.40,-7.01,-1.68%,419.32,422.50,408.84,41.07,0.24,0.31,400.52,423.3,396.82,432.13,-12101.02,-40320.02,16.02,69.1,58.1,-6.2,-9.6
05/19/2026,1630,SPHD,49.82,+.15,+0.30%,49.64,49.99,49.36,51.82,0.12,0.09,51.54,49.3,49.06,50.42,-5202.02,-4906.02,13.02,14.1,67.4,0.0,0.0
05/19/2026,1630,SPHR,135.33,-2.09,-1.52%,136.73,136.73,132.97,52.89,0.55,0.56,110.5,132.87,126.1,144.47,-2202.06,-12411.06,10.06,48.1,71.1,0.0,0.0
05/19/2026,1630,SPLV,73.43,+.12,+0.16%,73.17,73.755,72.90,49.8,0.11,0.15,75.54,73.41,71.9,74.28,-6202.03,-7231.05,13.05,89.1,76.3,-2.9,-5.8
05/19/2026,1630,SPMO,140.63,-.79,-0.56%,139.69,142.27,138.05,60.03,0.26,0.22,116.76,129.9,134.67,152.05,-1102.01,14787.04,7.36,90.2,95.4,9.0,2.8
05/19/2026,1630,SPOT,441.59,-3.42,-0.77%,443.01,449.64,435.04,43.32,0.55,0.5,453.68,430.84,414.9,449.48,4206.01,44964.01,1.14,65.1,79.1,-21.9,0.0
05/19/2026,1630,SPX,7353.61,-49.44,-0.67%,7375.75,7395.32,7333.68,61.45,0.11,0.18,6815.43,7107.86,7214.03,7583.29,-1101.01,751712.04,4.36,62.1,43.1,9.9,8.6
05/19/2026,1630,SPY,733.73,-4.92,-0.67%,734.78,737.65,731.53,62.09,0.11,0.18,680.0,708.37,719.49,756.49,-1101.01,74953.04,4.36,60.1,40.1,10.3,8.9
05/19/2026,1630,STKL,6.50,0,0.00%,0,0,0,65.19,0.03,0.18,4.64,6.47,6.47,6.51,-2201.01,-647.01,6.01,1.1,3.1,0.0,0.0
05/19/2026,1630,STLD,223.37,-5.21,-2.28%,223.28,224.56,219.03,51.82,0.29,0.42,187.06,222.13,221.94,242.18,-3103.01,-21903.01,19.01,62.1,25.1,-0.2,0.3
05/19/2026,1630,STZ,146.47,-1.11,-0.75%,147.37,150.09,144.86,44.58,0.34,0.33,153.34,147.14,136.08,155.14,-11202.04,-13910.05,26.05,41.1,79.1,-6.3,-9.0
05/19/2026,1630,SU,69.65,-.08,-0.11%,69.005,70.20,68.38,63.44,0.37,0.35,54.82,65.69,63.1,71.31,3206.01,7020.01,1.09,74.3,97.4,1.9,1.9
05/19/2026,1630,SVV,7.10,-.14,-1.93%,7.34,7.34,7.075,34.33,0.46,0.65,8.96,7.77,6.49,8.56,-11109.02,-695.02,21.05,28.2,56.3,-5.0,-17.4
05/19/2026,1630,SWBI,15.19,-.34,-2.19%,15.43,15.46,15.18,55.69,0.27,0.55,11.46,14.83,14.17,15.81,2204.02,1563.02,2.05,69.4,40.1,0.2,-0.1
05/19/2026,1630,SWKS,70.35,0,0.00%,69.99,72.36,69.21,61.45,0.72,0.53,57.38,61.3,63.39,73.8,17203.01,7236.01,1.33,77.1,100.4,0.0,6.8
05/19/2026,1630,SXT,114.10,+.19,+0.17%,113.00,114.33,110.33,56.91,0.85,0.38,89.6,109.01,110.89,119.89,-3103.01,-11033.01,16.01,80.1,95.4,-1.0,1.5
05/19/2026,1630,SYF,69.39,-1.66,-2.34%,70.90,71.09,69.26,38.03,0.25,0.34,68.2,74.17,67.13,75.99,-8119.05,-6926.01,21.05,29.1,37.1,-4.5,-8.7
05/19/2026,1630,SYY,75.19,+1.67,+2.27%,73.58,75.79,72.96,53.92,0.19,0.25,88.0,72.18,71.97,75.22,1202.01,7579.01,1.09,69.1,53.1,-7.9,0.0
05/19/2026,1630,T,24.98,+.55,+2.25%,24.59,24.99,24.42,42.62,0.25,0.25,27.41,25.64,23.66,26.22,-8201.02,-2385.02,36.02,13.1,77.1,-3.0,-7.4
05/19/2026,1630,TAN,60.97,-1.64,-2.62%,61.88,61.895,59.77,53.41,0.41,0.44,54.2,55.45,57.55,67.13,-1101.01,6550.03,4.31,68.2,69.2,15.3,2.5
05/19/2026,1630,TAP,41.95,+.27,+0.65%,42.00,42.67,41.47,46.5,0.26,0.33,46.98,40.64,40.19,43.14,1202.01,-4068.04,8.04,54.1,60.1,-1.8,-4.0
05/19/2026,1630,TBIL,49.96,+.02,+0.04%,49.955,49.96,49.95,63.12,0.01,NaN,49.84,49.85,49.88,49.98,5208.01,4996.01,2.13,0.2,40.2,-2.2,0.0
05/19/2026,1630,TCEHY,58.61,+1.18,+2.05%,58.52,58.88,58.355,40.33,0.3,NaN,65.05,59.9,57.03,61.55,-3104.02,-5701.02,5.02,0.0,62.1,-5.5,-0.3
05/19/2026,1630,TCNNF,7.58,-.44,-5.49%,7.70,8.00,7.50,45.54,1.15,NaN,6.0,9.08,6.63,10.04,-6109.02,-724.02,16.02,0.0,81.4,-0.7,0.0
05/19/2026,1630,TEAM,86.62,-2.815,-3.15%,92.80,94.50,85.78,56.81,1.15,0.76,67.85,66.55,73.43,102.35,-1101.05,9500.09,11.27,69.1,97.4,0.0,8.8
05/19/2026,1630,TEVA,34.07,+.04,+0.12%,34.00,34.225,33.69,51.72,0.46,0.41,33.04,33.92,33.72,36.56,-4104.01,-3369.01,12.01,42.1,80.4,0.0,9.2
05/19/2026,1630,TFLO,50.58,0,0.00%,50.58,50.59,50.58,56.73,0.01,0.02,50.59,50.49,50.46,50.61,2206.01,5059.01,1.11,59.2,18.2,-7.0,0.0
05/19/2026,1630,TGS,30.19,-.55,-1.79%,30.76,31.17,29.78,47.48,0.41,0.51,28.43,28.91,28.69,31.31,1202.01,3117.01,1.02,14.1,51.2,-0.2,-0.1
05/19/2026,1630,TGT,127.24,+3.84,+3.11%,122.78,127.49,120.245,55.13,0.32,0.47,111.11,125.33,117.03,131.41,-5201.05,-11912.05,10.05,73.4,58.2,-3.3,-1.1
05/19/2026,1630,THC,191.40,-1.05,-0.55%,190.99,193.47,182.00,48.52,0.37,0.45,226.06,168.11,180.35,205.62,-1102.01,-18200.01,5.01,63.1,64.1,2.2,1.8
05/19/2026,1630,THD,71.04,-.79,-1.10%,71.18,71.61,70.78,51.27,0.26,0.18,71.9,69.01,69.54,73.44,2101.04,7358.04,4.19,14.1,75.1,1.1,5.7
05/19/2026,1630,TIGR,5.82,-.20,-3.32%,6.02,6.07,5.81,35.21,0.56,0.9,7.53,6.5,5.75,6.91,-11104.01,-581.01,23.01,97.4,55.2,-3.8,-7.1
05/19/2026,1630,TIP,110.11,-.37,-0.33%,110.15,110.27,109.935,31.1,0.03,0.11,110.99,111.02,110.12,111.45,-8107.01,-10994.01,18.01,100.4,29.1,-5.8,-8.0
05/19/2026,1630,TJX,150.68,+.43,+0.29%,149.10,152.56,148.71,41.46,0.17,0.26,154.8,153.5,143.53,157.78,-16201.04,-14640.04,28.04,63.3,48.1,-2.3,-15.7
05/19/2026,1630,TKO,193.07,-1.00,-0.52%,194.86,194.89,189.42,55.68,0.23,0.38,203.16,180.53,183.02,196.05,4204.01,19489.01,1.05,64.1,19.1,0.0,0.1
05/19/2026,1630,TKR,109.36,-3.01,-2.68%,111.00,111.00,107.15,47.3,0.44,0.46,105.7,105.49,106.23,122.72,-1103.01,-10715.01,8.01,99.2,99.4,1.2,2.0
05/19/2026,1630,TLT,83.02,-.54,-0.65%,82.96,83.23,82.77,27.94,0.09,0.15,88.93,84.76,82.8,86.17,-5107.01,-8277.01,19.01,71.2,23.1,-4.4,-14.5
05/19/2026,1630,TME,9.14,+.08,+0.88%,9.01,9.305,8.90,45.12,0.43,0.46,14.22,8.91,8.47,9.58,-9202.03,-844.03,6.03,51.1,57.1,0.0,-0.3
05/19/2026,1630,TMO,447.81,+5.81,+1.31%,442.00,455.00,440.01,38.93,0.42,0.34,505.8,461.0,429.36,477.02,-9107.02,-43527.02,21.02,68.1,83.4,-4.3,-0.1
05/19/2026,1630,TMUS,193.42,+2.77,+1.45%,193.01,195.01,190.65,49.42,0.37,0.31,212.05,191.63,184.85,197.0,1201.01,-18601.02,14.02,63.1,95.4,-1.5,0.0
05/19/2026,1630,TNET,42.66,-.21,-0.49%,43.46,44.87,42.13,56.13,0.53,0.63,33.6,41.1,38.46,45.09,1202.01,4487.01,1.04,90.1,88.1,0.0,0.0
05/19/2026,1630,TNX:CGI,46.67,+.44,+0.95%,46.17,46.87,46.13,73.53,0.16,NaN,39.56,43.42,43.62,46.83,13207.01,4687.01,1.23,0.0,57.1,13.5,6.7
05/19/2026,1630,TOKE,5.24,0,0.00%,0,0,0,45.92,0.28,0.88,5.85,4.96,5.12,5.4,-1102.02,-508.02,16.02,56.2,35.2,-0.6,0.5
05/19/2026,1630,TOST,23.22,+.58,+2.56%,22.97,23.77,22.53,35.56,0.71,0.53,24.35,27.84,19.43,28.99,-5108.04,-2229.04,9.04,45.1,99.4,-1.4,-18.4
05/19/2026,1630,TPB,89.24,+.10,+0.11%,89.19,90.03,86.79,55.43,0.51,0.54,131.36,75.47,79.93,99.83,7102.06,9696.07,7.19,79.1,67.3,3.1,5.0
05/19/2026,1630,TPL,394.57,+7.96,+2.06%,388.17,396.0999,382.515,37.67,0.29,0.46,480.0,425.93,357.1,438.9,-8113.04,-37830.04,9.04,53.1,8.1,-3.1,-8.5
05/19/2026,1630,TPR,131.63,+.46,+0.35%,130.15,132.825,129.08,39.97,0.55,0.42,149.64,139.27,120.99,146.22,-4109.06,-12834.06,23.06,44.1,89.4,-7.0,-10.8
05/19/2026,1630,TPYP,44.38,+.40,+0.91%,43.99,44.4857,43.789615,69.13,0.17,0.21,40.21,42.2,41.67,44.77,4206.01,4449.01,1.23,48.1,99.4,5.4,7.8
05/19/2026,1630,TRIP,9.30,-.23,-2.41%,9.47,9.70,9.21,31.72,0.47,0.64,9.76,10.69,8.34,11.37,-5108.04,-911.05,9.05,65.1,48.1,0.0,-20.3
05/19/2026,1630,TRP,69.39,+.07,+0.10%,69.11,69.725,68.74,73.94,0.21,0.23,61.93,63.03,64.85,70.81,7206.01,6972.01,13.23,35.1,84.4,5.6,20.6
05/19/2026,1630,TRU,66.08,-2.52,-3.67%,68.61,69.595,65.97,39.48,0.36,0.5,70.65,68.66,64.32,72.25,-4107.02,-6571.02,21.02,73.1,42.1,-4.4,-1.7
05/19/2026,1630,TSLA,404.11,-5.88,-1.43%,403.16,405.63,393.63,50.3,0.4,0.51,394.04,368.17,378.02,465.95,-2103.01,45340.05,5.29,27.2,35.1,6.9,3.8
05/19/2026,1630,TSM,392.61,-3.34,-0.84%,389.51,398.875,385.06,50.61,0.44,0.47,359.1,385.71,387.69,420.32,-2103.01,-38506.01,4.01,69.1,86.2,0.0,3.6
05/19/2026,1630,TSN,66.16,-.52,-0.78%,66.74,66.87,65.535,51.97,0.32,0.25,61.8,62.05,63.67,70.36,-1104.02,6893.1,10.12,42.1,87.4,0.0,0.4
05/19/2026,1630,TT,448.01,-12.41,-2.70%,457.53,457.53,446.46,40.47,0.3,0.31,448.41,478.56,446.0,491.76,-9103.01,-44646.01,9.01,72.1,72.1,-1.0,-0.1
05/19/2026,1630,TTD,21.16,-1.11,-4.98%,22.57,23.2399,21.11,42.63,0.57,0.62,21.08,23.15,18.93,24.95,-6101.03,-2004.04,10.04,38.1,69.1,0.0,-1.0
05/19/2026,1630,TTE,92.90,-.53,-0.57%,93.46,93.54,92.51,57.63,0.24,0.28,77.0,91.21,88.54,94.73,2206.01,9417.02,2.09,73.1,59.1,0.0,3.5
05/19/2026,1630,TTWO,238.14,-4.02,-1.66%,240.40,242.16,235.90,68.78,0.34,0.63,192.63,209.51,215.19,250.34,9213.02,24413.02,2.37,99.4,79.1,10.3,5.9
05/19/2026,1630,TUA,20.47,-.10,-0.49%,20.48,20.52,20.425,31.37,0.07,0.21,21.83,20.69,20.42,20.95,-12107.01,-2043.01,23.01,80.2,57.1,-12.3,-10.8
05/19/2026,1630,TUR,40.10,-.42,-1.04%,40.42,40.48,39.89,36.79,0.21,0.29,40.56,41.78,39.98,43.86,-5106.01,-3989.01,7.01,33.1,46.1,0.0,-0.4
05/19/2026,1630,TWLO,195.95,-1.73,-0.88%,199.50,202.4999,195.28,71.09,0.85,0.53,106.12,139.06,177.52,233.14,-1103.02,20371.08,9.27,50.1,89.4,10.8,26.0
05/19/2026,1630,TXG,22.29,+.84,+3.92%,21.45,22.63,20.88,52.88,0.6,0.75,18.32,19.53,20.46,23.37,-1201.01,-2088.01,4.01,28.1,39.1,-0.5,0.2
05/19/2026,1630,TXRH,173.82,-3.32,-1.87%,177.23,177.75,173.69,56.11,0.48,0.26,173.06,153.82,156.74,193.23,5101.05,18345.05,5.11,14.1,98.4,13.6,0.0
05/19/2026,1630,TXT,88.18,-2.41,-2.66%,90.38,90.60,87.915,42.95,0.37,0.29,95.67,87.98,86.82,94.81,-3106.01,-8792.01,12.01,62.1,94.4,0.0,0.0
05/19/2026,1630,TYX:CGI,51.81,+.34,+0.66%,51.47,51.97,51.44,71.71,0.12,NaN,46.27,49.43,49.38,51.94,5207.01,5197.01,1.29,0.0,48.1,12.3,3.0
05/19/2026,1630,U,26.20,-.60,-2.24%,27.025,27.2901,25.2106,51.84,0.48,0.69,16.78,25.14,25.93,28.08,-1102.01,-2521.01,2.01,21.1,8.1,-0.8,5.5
05/19/2026,1630,UA,5.02,+.09,+1.83%,4.91,5.16,4.78,33.75,0.77,0.53,6.99,5.89,4.33,6.34,-5107.03,-478.01,9.04,34.1,90.4,-0.4,-18.2
05/19/2026,1630,UAA,5.14,+.12,+2.39%,5.00,5.28,4.88,33.92,0.79,0.6,7.17,6.08,4.4,6.54,-4107.04,-488.01,9.04,53.1,88.4,-0.4,-18.0
05/19/2026,1630,UAE,18.77,+.17,+0.91%,18.82,18.86,18.69,43.68,0.23,0.27,21.02,18.94,18.4,19.69,-4107.02,-1843.02,8.02,86.1,73.1,-1.7,-1.2
05/19/2026,1630,UAL,89.12,-3.43,-3.71%,91.09,91.71,88.34,40.37,0.45,0.58,105.36,87.95,86.85,102.19,-2103.01,-8834.01,8.01,73.1,38.1,0.0,0.0
05/19/2026,1630,UBER,74.09,-.99,-1.32%,75.49,76.01,73.96,46.91,0.38,0.38,69.95,72.78,72.38,78.26,-2105.03,-7288.04,9.04,28.1,91.3,-0.3,0.0
05/19/2026,1630,UFO,57.07,-.52,-0.90%,56.97,57.46,55.02,62.32,0.44,0.53,43.41,48.86,50.58,60.9,6208.02,5896.02,2.15,98.2,81.2,6.6,1.3
05/19/2026,1630,UGA,122.96,+.14,+0.11%,123.80,123.80,121.68,65.1,0.37,0.61,70.83,117.19,115.1,125.99,2207.02,12547.02,2.23,79.1,83.1,0.0,12.4
05/19/2026,1630,UHAL,48.96,-.34,-0.69%,49.37,49.40,48.21,41.01,0.25,0.21,49.48,49.94,47.76,52.89,-5106.01,-4821.01,8.01,2.1,37.1,-3.5,-6.7
05/19/2026,1630,UHS,166.45,-2.82,-1.67%,168.61,169.55,161.32,38.92,0.44,0.33,202.84,159.0,165.09,171.81,-1102.01,-16132.01,28.01,36.1,87.3,-11.5,0.0
05/19/2026,1630,UL,57.22,-.08,-0.14%,57.59,58.015,57.18,44.43,0.24,0.25,72.32,56.79,55.66,59.78,-2108.03,-5619.03,10.03,71.1,75.1,0.0,-1.0
05/19/2026,1630,ULS,99.99,+.98,+0.99%,99.36,100.455,97.943,61.21,0.62,0.37,77.74,86.45,92.03,110.5,-1103.01,10485.09,9.28,46.1,92.4,4.8,5.2
05/19/2026,1630,ULTA,481.56,+1.69,+0.35%,475.33,487.72,469.00,30.08,0.25,0.54,663.52,517.18,465.28,538.43,-9117.01,-46900.01,20.01,99.4,40.1,-8.2,-12.2
05/19/2026,1630,UNG,11.90,+.36,+3.12%,11.72,11.94,11.6801,63.95,0.41,0.52,11.17,10.11,10.41,12.08,6209.01,1194.01,1.14,10.1,26.1,5.7,1.8
05/19/2026,1630,UNH,389.24,-1.89,-0.48%,390.00,394.99,387.51,71.77,0.22,0.32,271.8,363.0,363.61,411.75,13209.04,40415.05,5.36,4.1,10.1,13.1,8.9
05/19/2026,1630,UNP,271.56,-3.57,-1.30%,273.50,275.4799,271.17,61.89,0.34,0.27,261.52,261.96,262.11,275.2,5204.01,27548.01,1.43,79.1,100.4,-0.6,9.8
05/19/2026,1630,UPBD,17.07,-.16,-0.93%,17.16,17.27,16.71,35.01,0.35,0.57,20.96,18.18,16.22,19.28,-10113.01,-1671.01,14.03,61.1,4.1,-7.0,-10.4
05/19/2026,1630,UPS,96.83,+1.30,+1.36%,95.17,96.87,93.86,40.32,0.49,0.29,112.95,95.98,90.04,104.86,-3112.1,-9386.01,13.11,19.1,100.4,-5.9,-7.2
05/19/2026,1630,UPST,28.08,+.14,+0.50%,28.125,28.59,26.77,43.63,0.68,0.76,26.8,29.8,25.53,32.26,-7102.01,-2622.05,21.05,22.1,53.1,-6.7,-1.4
05/19/2026,1630,URA,47.20,-1.48,-3.04%,47.96,48.11,46.56,36.14,0.62,0.56,51.97,52.65,46.5,58.34,-6106.01,-4656.01,9.01,50.1,90.2,0.0,-0.3
05/19/2026,1630,URBN,68.875,-.735,-1.06%,69.56,70.10,67.61,49.15,0.34,0.65,63.51,67.51,66.15,71.88,-5101.05,-6510.05,21.05,87.4,29.3,-9.6,0.0
05/19/2026,1630,URI,927.62,-16.95,-1.79%,942.07,942.07,911.15,54.45,0.8,0.36,818.76,921.02,912.99,971.78,-1102.01,-91115.01,2.01,57.1,100.4,-5.8,8.4
05/19/2026,1630,URNJ,26.06,-.98,-3.62%,26.83,26.83,25.83,35.02,0.64,0.54,33.41,29.87,25.61,32.95,-6106.01,-2583.01,7.01,42.1,67.1,-0.5,-3.5
05/19/2026,1630,URNM,57.08,-1.67,-2.84%,58.77,58.77,56.69,35.6,0.59,0.55,69.76,64.02,56.03,69.99,-6106.01,-5669.01,9.01,54.1,80.2,-0.6,-4.7
05/19/2026,1630,USCI,101.87,+.36,+0.35%,101.85,102.11,101.41,64.25,0.15,0.32,82.59,99.15,98.68,103.52,3207.05,10293.05,5.09,85.1,44.1,5.6,9.4
05/19/2026,1630,USD/JPY,159.029,-.066,-0.04%,159.057,159.101,158.966,59.02,0.046,NaN,157.707,155.024,157.248,160.104,6210.02,15924.02,6.15,0.0,11.4,0.0,3.6
05/19/2026,1630,USFD,81.25,-.80,-0.98%,81.63,82.125,80.57,29.84,0.29,0.3,93.94,89.99,77.0,91.32,-5112.05,-8057.01,10.06,66.1,75.1,-0.2,-16.1
05/19/2026,1630,USPH,61.61,-3.43,-5.27%,64.94,65.00,61.41,36.9,0.9,0.38,73.89,68.99,52.67,73.32,-3101.07,-5890.07,10.07,49.1,100.4,-4.6,-3.8
05/19/2026,1630,UTI,36.08,-2.98,-7.63%,38.76,39.02,36.02,45.98,0.58,0.49,29.9,35.36,34.76,41.48,-1101.01,4140.03,3.08,46.1,77.2,3.1,0.2
05/19/2026,1630,UTZ,7.46,+.12,+1.63%,7.37,7.57,7.21,47.98,0.57,0.5,9.18,7.61,6.69,8.12,-6201.03,-692.03,9.04,65.1,88.2,0.0,-10.5
05/19/2026,1630,UUP,27.79,+.09,+0.32%,27.79,27.81,27.7599,62.12,0.06,0.06,27.02,27.26,27.27,27.86,6206.01,2781.01,1.08,5.1,26.1,0.6,0.0
05/19/2026,1630,V,329.91,-2.73,-0.82%,333.33,335.17,329.49,59.76,0.33,0.24,303.08,325.4,315.26,335.07,1202.01,33517.01,1.17,35.1,100.4,0.0,7.1
05/19/2026,1630,VET,13.20,+.22,+1.69%,12.95,13.30,12.885,57.13,0.58,0.55,10.2,12.9,11.42,13.9,1203.03,-1158.08,14.08,52.1,86.3,0.0,0.0
05/19/2026,1630,VFC,16.74,-.15,-0.89%,16.97,17.43,16.615,36.76,0.47,0.71,18.97,18.09,15.78,19.5,-5107.02,-1661.01,21.03,82.4,45.3,-4.8,-7.2
05/19/2026,1630,VG,14.78,+.61,+4.30%,14.60,14.95,14.07,61.45,0.9,0.77,9.03,12.38,11.23,15.2,5206.01,1495.01,1.07,21.1,75.2,2.9,0.0
05/19/2026,1630,VGK,86.41,-.70,-0.80%,86.96,87.01,86.37,48.79,0.22,0.19,89.22,84.82,85.14,89.29,-1103.03,8917.09,9.15,80.1,87.3,0.1,0.0
05/19/2026,1630,VHT,274.04,+2.62,+0.97%,271.35,275.29,269.75,52.68,0.14,0.18,288.23,265.44,268.48,277.19,-1201.01,-26975.01,3.01,83.1,40.1,0.0,1.3
05/19/2026,1630,VIK,82.23,-3.83,-4.45%,85.16,85.30,82.17,51.49,0.47,0.5,74.6,77.15,78.43,88.06,3101.02,8690.02,2.15,76.1,78.1,0.2,0.1
05/19/2026,1630,VIR,8.53,-.24,-2.74%,8.69,8.83,8.52,34.41,0.47,0.55,7.26,9.94,8.04,10.36,-9116.02,-852.01,21.02,11.1,7.1,-9.3,-11.4
05/19/2026,1630,VIX,18.06,+.24,+1.35%,18.01,18.36,17.66,46.64,0.71,0.94,17.5,16.44,16.39,18.65,6203.01,1836.01,1.1,28.1,12.1,-1.0,0.0
05/19/2026,1630,VKTX,28.40,-.29,-1.01%,28.69,28.936,28.16,32.22,0.43,0.55,30.19,28.82,28.21,32.57,-13103.01,-2816.01,25.01,0.1,6.1,-5.2,-0.7
05/19/2026,1630,VLO,262.62,+4.10,+1.59%,259.52,262.89,254.6003,64.79,0.37,0.43,194.58,242.12,235.06,263.87,2203.01,26289.01,1.09,82.1,67.3,0.6,4.2
05/19/2026,1630,VLTO,86.47,-.24,-0.28%,86.59,87.76,85.69,44.91,0.25,0.27,91.37,86.85,83.99,89.12,-6101.02,-8445.03,15.03,76.1,81.1,-1.0,-2.0
05/19/2026,1630,VMC,259.46,-6.87,-2.58%,265.48,265.56,252.42,28.53,0.24,0.29,298.66,286.8,254.86,288.97,-11109.01,-25242.01,9.01,52.1,64.1,-0.4,-12.0
05/19/2026,1630,VNM,19.11,-.20,-1.04%,19.19,19.26,19.1016,52.28,0.23,0.22,18.81,18.72,18.75,19.91,-1103.03,1978.08,8.5,29.1,30.1,0.4,2.6
05/19/2026,1630,VNO,30.32,-1.33,-4.20%,31.64,31.64,30.26,52.19,0.36,0.39,27.45,29.16,29.33,32.69,4101.07,3222.07,7.11,35.1,79.1,0.0,4.2
05/19/2026,1630,VRNS,29.77,+.99,+3.44%,29.24,29.89,28.66,69.48,0.45,0.64,20.61,26.15,26.68,29.98,16203.01,2989.01,1.27,68.1,68.1,0.0,11.9
05/19/2026,1630,VRT,322.63,-17.10,-5.03%,329.68,334.625,314.34,47.52,0.68,0.72,238.19,299.8,310.25,393.25,-1102.01,-31434.01,5.01,85.2,90.1,8.6,2.8
05/19/2026,1630,VRTX,434.31,-2.27,-0.52%,436.79,444.32,433.15,47.41,0.22,0.28,465.0,419.71,417.77,456.93,5102.03,45345.03,3.11,20.1,31.1,2.9,-0.2
05/19/2026,1630,VSCO,45.20,+.37,+0.83%,44.25,45.275,43.12,38.77,0.44,0.88,58.51,50.12,41.58,52.23,-8112.01,-4312.01,20.01,90.4,3.1,-5.9,-9.4
05/19/2026,1630,VTR,88.35,+.21,+0.24%,88.125,88.85,87.915,57.17,0.25,0.21,85.1,86.63,86.15,90.38,7201.03,9106.03,3.19,27.1,85.4,0.0,11.2
05/19/2026,1630,VVIX,94.61,+3.43,+3.76%,93.06,96.79,92.46,44.57,0.43,NaN,103.56,91.78,90.77,99.11,-2104.02,-9054.02,3.02,0.0,2.1,-0.9,0.0
05/19/2026,1630,VVV,32.17,-1.07,-3.22%,33.05,33.23,32.12,43.91,0.44,0.45,37.12,31.64,30.69,35.68,-2106.04,3580.07,7.11,62.1,99.4,0.0,-2.9
05/19/2026,1630,VXD,16.48,+.13,+0.80%,16.69,17.11,16.35,44.63,0.79,NaN,14.32,15.61,14.6,17.26,2207.01,1711.01,1.03,0.0,12.1,-1.3,0.0
05/19/2026,1630,VXN:CGI,24.09,-.12,-0.50%,24.63,25.08,23.96,49.94,0.55,NaN,22.92,20.97,22.03,25.91,7208.02,2569.02,2.13,0.0,6.1,1.9,1.0
05/19/2026,1630,VXX,27.58,+.38,+1.40%,27.50,27.74,27.21,40.79,0.29,0.7,27.23,27.64,26.9,28.41,-1104.02,-2720.02,3.02,29.1,14.1,-7.8,-0.1
05/19/2026,1630,VZ,47.74,+.98,+2.10%,46.81,47.79,46.79,52.95,0.22,0.25,48.53,46.26,46.3,48.48,-3201.02,-4581.02,5.02,74.1,71.1,0.0,0.0
05/19/2026,1630,W,57.40,-1.86,-3.14%,57.51,58.00,55.60,31.87,0.67,0.72,71.53,62.6,52.8,68.27,-7117.01,-5560.01,20.12,61.1,72.1,-16.9,-0.4
05/19/2026,1630,WBD,27.09,-.01,-0.04%,27.01,27.24,27.01,46.5,0.09,0.17,28.12,26.88,26.95,27.29,-3104.01,-2692.02,34.02,10.1,4.1,-2.3,2.6
05/19/2026,1630,WCLD,29.67,+.18,+0.61%,30.14,30.675,29.45,58.92,0.45,0.34,25.19,26.43,27.01,30.77,1202.01,3068.01,1.04,63.1,88.1,0.0,4.7
05/19/2026,1630,WDAY,129.34,+.46,+0.36%,132.80,135.93,128.08,54.8,0.62,0.81,117.76,117.68,115.7,133.59,2203.01,13593.01,1.04,100.4,95.3,0.0,0.3
05/19/2026,1630,WEAT,25.20,+.20,+0.80%,25.05,25.25,24.93,60.82,0.38,0.32,21.55,23.87,23.03,25.97,2202.05,2560.05,5.09,63.1,100.4,4.8,3.5
05/19/2026,1630,WELL,218.00,+5.39,+2.54%,212.025,218.00,212.025,57.73,0.28,0.26,206.32,210.63,211.79,221.3,-2201.01,-21203.01,4.01,70.1,100.3,0.0,8.9
05/19/2026,1630,WEN,8.12,+.28,+3.57%,7.99,8.17,7.79,63.35,0.75,0.56,7.41,6.52,6.58,8.8,6206.03,832.04,4.11,88.3,95.4,15.0,0.0
05/19/2026,1630,WEST,8.07,-.26,-3.12%,8.25,8.365,8.05,70.32,1.25,0.67,4.4,5.48,6.2,10.12,14101.05,890.06,6.38,40.1,97.4,19.7,13.2
05/19/2026,1630,WFC,74.55,+.18,+0.24%,74.48,75.35,73.85,38.12,0.27,0.3,80.45,79.18,69.25,80.91,-9113.04,-7278.03,29.05,29.1,59.1,-5.6,-15.6
05/19/2026,1630,WGMI,54.85,-.70,-1.26%,54.20,55.4598,51.888,55.49,0.73,0.75,37.62,44.6,48.41,66.74,-1102.01,6232.04,7.33,38.1,57.1,6.8,4.7
05/19/2026,1630,WGS,42.13,-.56,-1.31%,42.72,43.77,41.40,36.15,2.54,0.74,76.49,61.26,18.96,59.05,1203.02,-3498.09,21.09,37.1,98.4,-7.7,-5.4
05/19/2026,1630,WH,77.27,-.87,-1.11%,78.14,78.61,76.81,32.47,0.24,0.37,80.85,79.8,76.67,84.31,-2108.01,-7681.01,23.01,58.1,13.1,-8.1,-2.4
05/19/2026,1630,WING,126.80,-2.20,-1.71%,129.36,133.61,125.28,30.38,0.53,0.71,239.79,147.48,100.31,153.23,-9202.09,-11635.04,25.09,70.1,56.1,-11.8,-6.4
05/19/2026,1630,WMS,131.59,-3.69,-2.73%,133.92,134.27,130.62,34.56,0.33,0.57,166.24,140.54,129.08,148.81,-5109.01,-13062.01,21.01,98.4,41.1,-7.6,-10.8
05/19/2026,1630,WMT,134.20,+.86,+0.64%,132.94,135.155,132.06,62.84,0.21,0.33,121.05,125.91,128.15,135.18,5206.01,13516.01,1.06,85.2,49.1,0.0,3.6
05/19/2026,1630,WOOD,64.61,-.74,-1.13%,64.53,64.90,64.53,28.08,0.18,0.24,77.56,67.5,64.13,69.42,-6107.01,-6453.01,23.01,63.2,55.1,-5.5,-3.8
05/19/2026,1630,WRBY,25.51,-3.14,-10.96%,28.71,30.20,23.62,50.71,1.1,0.83,21.35,21.15,20.71,33.32,5101.04,3020.01,7.14,81.3,93.4,11.4,0.0
05/19/2026,1630,WW,9.36,-.67,-6.68%,9.89,10.465,9.285,40.07,1.41,1.2,20.53,9.42,8.63,11.76,-4102.04,-837.08,10.08,70.3,81.4,0.0,0.0
05/19/2026,1630,WWW,14.70,-.61,-3.98%,15.24,15.31,14.61,29.99,0.33,0.67,16.96,16.04,14.15,17.44,-13119.01,-1461.01,21.01,47.1,15.1,-6.0,-12.4
05/19/2026,1630,WY,22.89,+.02,+0.09%,22.67,23.105,22.45,37.21,0.2,0.28,24.03,23.49,22.26,24.22,-8116.01,-2245.01,16.01,29.1,15.1,-7.2,-7.4
05/19/2026,1630,WYFI,25.52,+1.75,+7.36%,23.18,26.34,22.76,62.31,1.43,1.38,16.11,13.9,18.08,32.96,10103.04,3122.04,4.14,NaN,NaN,16.0,0.4
05/19/2026,1630,WYNN,94.78,-.73,-0.76%,95.29,95.99,94.25,31.71,0.27,0.39,105.24,102.26,89.41,107.94,-6108.03,-9413.03,9.03,36.1,19.1,-0.4,-16.0
05/19/2026,1630,XBI,126.79,-.88,-0.69%,127.28,128.13,125.07,38.87,0.26,0.31,122.94,127.76,126.08,138.66,-3103.01,-12507.01,7.01,56.1,70.1,0.0,0.0
05/19/2026,1630,XHR,16.39,+.02,+0.12%,16.37,16.59,16.11,53.31,0.33,0.35,15.17,15.8,15.82,17.11,-2106.02,-1591.02,7.02,41.1,90.2,0.0,0.0
05/19/2026,1630,XIACY,19.59,-.06,-0.31%,19.65,19.65,19.39,45.98,0.37,NaN,22.05,18.51,18.78,20.99,-1103.03,2080.05,5.14,0.0,48.1,0.3,0.0
05/19/2026,1630,XLB,49.04,-1.18,-2.35%,49.78,49.86,48.89,34.08,0.19,0.2,52.32,50.5,49.26,52.77,-3103.01,-4889.01,5.01,40.1,86.1,0.2,-2.3
05/19/2026,1630,XLC,115.85,-1.13,-0.97%,116.95,117.14,115.715,48.81,0.12,0.21,114.8,114.7,115.33,117.79,-2101.01,11782.02,2.37,81.3,42.1,0.0,6.0
05/19/2026,1630,XLE,61.29,+.71,+1.17%,60.81,61.49,60.295,65.78,0.25,0.29,54.12,57.94,55.57,61.81,3204.01,6149.01,1.08,74.1,90.4,2.0,1.3
05/19/2026,1630,XLF,51.10,-.64,-1.24%,51.63,51.79,51.05,46.97,0.11,0.21,50.24,51.2,50.7,51.96,1101.01,5179.01,1.02,59.1,7.1,-0.6,-0.7
05/19/2026,1630,XLG,63.02,-.50,-0.79%,63.28,63.41,62.87,66.41,0.12,0.18,56.76,60.16,61.38,65.08,14101.04,6433.04,4.36,76.2,38.1,15.4,11.2
05/19/2026,1630,XLI,168.74,-2.01,-1.18%,169.63,170.18,168.11,43.28,0.2,0.22,173.91,169.23,168.37,176.93,-3103.01,-16811.01,9.01,69.1,87.3,0.0,0.0
05/19/2026,1630,XLK,173.24,-1.12,-0.64%,172.68,175.18,170.831,65.73,0.26,0.32,137.89,156.88,163.98,186.46,-1102.01,18022.04,7.35,83.2,85.1,13.2,6.0
05/19/2026,1630,XLP,86.09,+.19,+0.22%,85.82,86.695,85.16,64.74,0.13,0.19,87.18,82.47,83.11,86.45,5206.01,8670.01,1.23,65.1,62.1,6.4,3.9
05/19/2026,1630,XLRE,43.94,+.19,+0.43%,43.715,44.035,43.51,52.41,0.14,0.14,43.16,43.48,43.28,44.91,-3105.01,-4351.01,7.01,14.1,51.2,0.0,0.0
05/19/2026,1630,XLU,44.34,+.40,+0.91%,43.82,44.41,43.62,39.89,0.2,0.17,45.88,45.56,43.13,46.49,-9110.01,-4362.01,13.01,25.1,99.4,-2.8,-6.9
05/19/2026,1630,XLV,147.32,+1.60,+1.10%,145.62,148.07,144.85,54.7,0.15,0.17,155.87,141.97,143.34,148.56,5202.01,14807.01,1.07,41.1,45.1,0.0,1.4
05/19/2026,1630,XLY,115.03,-1.29,-1.11%,115.13,115.315,114.195,41.53,0.13,0.16,113.86,116.13,114.96,120.73,-4106.01,-11420.01,8.01,2.1,5.1,-0.1,0.0
05/19/2026,1630,XOM,162.55,+2.06,+1.28%,161.50,163.32,159.6402,64.9,0.28,0.32,146.46,149.51,144.79,163.55,4206.01,16332.01,1.07,78.1,80.1,2.4,0.0
05/19/2026,1630,XOP,178.56,+2.35,+1.33%,177.23,179.135,175.455,59.59,0.34,0.36,145.61,172.77,161.64,183.34,1203.01,-16382.08,14.08,76.1,89.3,0.0,0.0
05/19/2026,1630,XPEV,14.94,-.12,-0.80%,14.94,14.985,14.75,35.78,0.44,0.66,17.22,15.6,14.86,16.62,-3103.01,-1475.01,5.01,74.2,20.1,-2.8,0.0
05/19/2026,1630,XRT,79.13,-.46,-0.58%,79.32,80.02,78.20,35.59,0.21,0.21,85.43,83.34,76.54,85.9,-9113.01,-7820.01,21.03,21.1,57.3,-3.4,-10.6
05/19/2026,1630,XTL,223.18,-1.02,-0.45%,222.17,224.17,218.30,54.62,0.31,0.27,176.39,211.73,217.87,233.73,-1102.01,-21830.01,13.01,80.1,63.1,2.6,5.7
05/19/2026,1630,XYL,106.34,-1.96,-1.81%,107.64,107.99,106.19,28.45,0.29,0.32,126.42,114.15,103.85,117.6,-12109.01,-10619.01,28.14,79.1,73.2,-18.3,-14.5
05/19/2026,1630,XYZ,69.17,-1.46,-2.07%,70.85,71.55,68.89,49.17,0.38,0.46,49.33,67.8,68.19,74.11,-4105.01,-6889.01,7.01,23.1,30.1,-0.6,0.0
05/19/2026,1630,YCS,53.71,+.15,+0.28%,53.78,53.81,53.51,56.66,0.21,0.32,49.79,51.74,51.31,54.32,3206.01,-5159.1,15.1,96.1,70.4,0.0,0.0
05/19/2026,1630,YELP,22.59,+.80,+3.67%,22.13,23.44,22.07,35.37,0.61,0.37,19.6,27.06,18.78,28.38,-6110.03,-2080.03,9.03,42.1,98.4,-6.4,-14.9
05/19/2026,1630,YPF,47.96,+.48,+1.01%,47.98,48.74,47.08,65.93,0.45,0.46,34.16,42.79,41.79,47.92,4202.01,4874.01,1.07,48.1,67.2,1.0,0.0
05/19/2026,1630,YUM,152.19,-.12,-0.08%,152.01,153.695,150.67,43.66,0.25,0.24,161.91,153.78,145.52,159.22,-6108.05,-14969.05,13.06,56.1,83.4,-4.7,-7.4
05/19/2026,1630,YUMC,45.33,-.15,-0.33%,45.77,46.04,45.265,32.09,0.22,0.29,53.33,47.44,44.42,48.59,-7109.02,-4497.02,10.02,23.1,35.1,-2.2,-5.8
05/19/2026,1630,ZG,36.42,-1.19,-3.16%,37.945,38.40,36.175,28.71,0.35,0.55,41.9,42.98,34.25,44.94,-10112.01,-3617.01,21.03,55.1,35.1,-7.0,-6.2
05/19/2026,1630,ZM,97.39,-1.48,-1.50%,98.21,100.49,97.03,50.81,0.46,0.67,72.69,91.02,93.98,111.37,-2106.01,11156.07,11.28,99.4,72.1,0.0,2.8
05/19/2026,1630,ZS,175.25,+.56,+0.32%,178.11,182.9699,173.95,72.74,0.63,0.88,140.56,127.79,141.12,180.34,10213.01,18297.01,1.27,99.4,84.1,11.3,7.1
