Date,Time,Symbol,Last,Net Chng,%Change,Open,High,Low,RSI,HistoricalVolatility,ImpVolatility,A_TrendValue,A_TradeValue,A_BB_Bottom,A_BB_Top,A_BB_Streak,A_BBHighLow,A_BBHighLowDays,A_IVPercentile,A_HVPercentile,A_BB_Top_Slope,A_BB_Bot_Slope
05/28/2026,1630,$COMP,26917.4714,+242.7365,+0.91%,26686.5342,26934.8434,26588.5197,73.4,0.15,NaN,22061.97,25713.65,25864.71,27059.35,4206.01,2693484.01,1.42,0.0,40.1,0.0,17.2
05/28/2026,1630,$DJI,50668.97,+24.69,+0.05%,50660.98,50764.04,50314.34,64.9,0.12,NaN,46615.52,49307.66,49375.14,51007.25,5206.01,5076404.01,1.06,0.0,46.1,7.1,4.0
05/28/2026,1630,$DXY,98.993,-.213,-0.21%,99.265,99.544,98.945,52.378,0.045,NaN,98.435,97.829,98.116,100.047,7101.06,9954.01,6.15,0.0,21.1,5.4,0.9
05/28/2026,1630,/6B[M26],1.3445,+.0005,+0.04%,1.3444,1.3446,1.3443,48.0247,0.0626,0.058,1.3253,1.3482,1.3268,1.3586,1202.01,-133.09,14.09,9.1,46.1,-0.1,-1.2
05/28/2026,1630,/6C[M26],.72595,-.0001,-0.01%,.72615,.72615,.72590,41.16399,0.02573,0.0412,0.7275,0.7297,0.72104,0.73154,-12117.02,-72.02,17.02,6.1,0.1,-2.9,-2.7
05/28/2026,1630,/6E[M26],1.16595,+.0003,+0.03%,1.16595,1.16615,1.16585,46.07839,0.04384,0.0535,1.1511,1.1713,1.15253,1.17816,1202.01,-116.06,13.06,8.1,19.1,-0.2,-3.7
05/28/2026,1630,/6J[M26],.0062885,+.0000015,+0.02%,.0062890,.0062920,.0062870,41.8381991,0.0470807,0.0678,0.0062965,0.006346,0.0062274,0.0063705,-4113.06,-1.02,16.08,8.1,0.3,0.0,0.0
05/28/2026,1630,/BTC[M26],73890,+270.00,+0.37%,74090,74115,73860,39.0,0.0,0.0,65685.0,78815.0,71284.0,81425.0,-7110.0,-7246500.0,16.0,45.0,13.0,-2.0,-2.0
05/28/2026,1630,/BZ[Q26],92.30,-.40,-0.43%,92.67,92.67,92.21,36.24,0.54,NaN,77.37,99.54,88.66,113.21,-4107.01,-9221.01,21.01,0.2,77.1,-0.8,-0.1
05/28/2026,1630,/CL[N26],88.59,-.31,-0.35%,88.55,88.80,88.26,38.23,0.45,0.6,70.41,93.82,85.55,105.12,-6107.01,-8826.01,21.01,62.1,71.1,-1.8,0.0
05/28/2026,1630,/GC[Q26],4525.5,-6.90,-0.15%,4527.6,4530.3,4522.3,42.0,0.2,0.2,5005.0,4645.2,4357.0,4723.9,-8110.0,-439560.0,13.0,62.1,44.1,-3.4,-4.1
05/28/2026,1630,/HG[N26],6.4210,-.005,-0.08%,6.4250,6.4250,6.4185,57.92,0.3203,0.2881,5.6395,6.0945,6.1386,6.6485,1202.01,672.12,12.18,47.1,51.2,0.0,7.8
05/28/2026,1630,/NG[N26],3.298,+.013,+0.40%,3.299,3.341,3.291,67.469,0.498,0.52,2.891,2.735,2.771,3.378,16203.01,334.01,1.25,20.1,33.1,10.1,3.3
05/28/2026,1630,/NKD[M26],65775,+25.00,+0.04%,65705,65835,65690,69.0,0.0,NaN,51200.0,61805.0,60449.0,66979.0,4205.0,6593000.0,2.0,0.0,57.0,5.0,5.0
05/28/2026,1630,/SI[N26],76.005,+.093,+0.12%,76.025,76.100,75.890,47.171,0.622,0.498,78.06,78.58,68.034,86.771,-4110.02,8917.11,11.21,46.1,75.2,0.0,-1.9
05/28/2026,1630,AAAU,44.335,+.455,+1.04%,43.65,44.51,43.56,41.0,0.2,0.24,49.29,45.75,42.84,46.63,-7110.01,-4342.02,62.02,62.1,45.1,-4.3,-1.8
05/28/2026,1630,AAL,14.65,-.27,-1.81%,14.50,15.10,14.40,69.3,0.5,0.58,10.43,12.38,12.0,15.33,5206.01,1510.01,1.21,74.1,56.1,8.7,7.2
05/28/2026,1630,AAPL,312.51,+1.66,+0.53%,310.68,312.80,309.57,79.79,0.17,0.25,253.68,285.78,293.28,318.5,12222.02,31326.02,2.37,15.1,25.1,5.5,20.2
05/28/2026,1630,ABBV,218.63,+3.23,+1.50%,215.90,219.375,215.90,63.48,0.22,0.29,223.23,200.02,202.85,223.23,9212.01,22001.04,4.21,52.1,29.1,8.0,0.8
05/28/2026,1630,ABNB,134.5,2.4,1.82%,131.36,134.69,129.6956,48.59,0.24,0.37,128.37,134.3,127.77,139.47,-15201.01,-12970.01,13.05,36.1,40.1,-3.1,-1.6
05/28/2026,1630,ABR,5.64,+.14,+2.55%,5.45,5.74,5.45,31.43,0.77,0.46,7.74,5.84,4.01,6.2,1203.03,-540.02,15.1,35.1,100.4,-24.2,-19.6
05/28/2026,1630,ABT,86.30,+.62,+0.72%,85.64,86.395,85.14,39.75,0.26,0.32,108.34,81.97,82.7,90.18,-1102.01,8934.07,7.13,91.2,73.3,-2.2,0.0
05/28/2026,1630,ACHC,23.76,-.33,-1.37%,24.03,24.22,23.55,42.37,0.65,0.66,21.71,24.34,21.92,26.92,-5109.03,-2254.03,18.03,27.1,60.2,-2.7,-6.1
05/28/2026,1630,ACHR,6.81,+.26,+3.97%,6.45,7.09,6.405,64.22,0.54,0.91,6.07,6.05,5.74,6.91,3204.01,709.01,1.05,64.1,16.1,0.7,1.8
05/28/2026,1630,ACI,15.92,-.11,-0.69%,16.13,16.27,15.845,42.06,0.32,0.35,16.85,15.55,15.45,17.18,-3105.02,-1574.02,6.02,73.1,72.2,0.0,-0.7
05/28/2026,1630,ADBE,241.44,+3.20,+1.34%,239.57,244.76,236.66,46.04,0.34,0.58,257.06,240.4,230.39,258.78,-1105.03,26509.07,7.1,99.4,69.1,0.0,-2.6
05/28/2026,1630,ADYEY,10.78,-.22,-2.00%,10.69,10.91,10.66,47.24,0.31,NaN,10.64,10.55,10.2,11.46,3101.02,-1023.09,16.1,0.0,50.1,0.0,0.0
05/28/2026,1630,AFK,27.64,+.22,+0.80%,27.36,27.73,27.02,53.15,0.29,0.3,25.8,27.89,25.8,28.8,1203.03,-2631.07,13.07,46.1,68.1,0.0,0.0
05/28/2026,1630,AFRM,73.00,+2.56,+3.63%,70.44,73.33,69.64,66.52,0.51,0.66,43.73,61.85,62.72,72.75,3203.01,7333.01,1.06,31.1,19.1,0.0,0.2
05/28/2026,1630,AGCO,113.87,-.41,-0.36%,113.19,115.12,111.31,46.09,0.43,0.42,117.71,115.97,109.47,118.65,-6101.05,-10825.05,15.05,68.1,87.4,-3.3,-0.9
05/28/2026,1630,AHR,49.46,-1.00,-1.98%,50.96,50.96,49.39,46.03,0.31,0.31,50.71,49.07,49.01,51.96,-2102.01,-4939.01,10.01,21.1,88.3,0.3,0.1
05/28/2026,1630,AIQUY,42.41,-0.11,-0.26%,42.48,42.59,42.23,54.9,0.28,NaN,37.86,41.03,40.1,43.09,5206.01,4285.02,2.15,0,93.4,0,0
05/28/2026,1630,AKAM,143.13,-1.30,-0.90%,146.53,147.41,142.16,59.43,1.03,0.53,95.37,111.69,135.23,173.2,-2108.01,16545.11,11.32,69.1,100.4,0.0,10.3
05/28/2026,1630,ALB,176.32,-1.15,-0.65%,177.30,178.19,175.60,43.82,0.43,0.66,157.26,194.3,152.15,203.0,-6110.05,-16714.06,11.06,52.1,9.1,0.0,-9.7
05/28/2026,1630,ALCO,41.71,-.17,-0.41%,42.00,42.00,41.40,54.66,0.19,NaN,38.28,39.94,40.16,42.05,4206.01,4200.02,1.06,0.0,17.1,0.0,0.3
05/28/2026,1630,ALGN,173.25,+10.37,+6.37%,162.88,173.78,160.33,55.22,0.42,0.45,164.51,162.72,154.21,172.55,2206.01,17378.01,1.06,50.1,71.1,-6.6,0.0
05/28/2026,1630,ALLY,42.80,-.14,-0.33%,42.69,43.13,42.08,50.91,0.3,0.36,36.56,42.15,40.83,44.0,1203.03,-4062.06,27.06,37.1,61.1,-1.6,0.0
05/28/2026,1630,ALNY,305.06,+9.43,+3.19%,293.00,305.98,291.84,53.65,0.33,0.41,312.09,284.28,287.58,305.89,6207.01,30598.01,1.13,28.1,40.1,-1.7,0.0
05/28/2026,1630,AMAT,449.68,+1.43,+0.32%,446.13,457.68,438.25,61.75,0.5,0.6,316.66,406.01,408.33,464.92,4206.01,45768.01,1.21,77.1,68.2,0.0,6.8
05/28/2026,1630,AMBA,91.84,+1.26,+1.39%,90.745,94.23,88.00,73.63,0.54,1.05,49.89,73.51,75.43,96.84,5206.01,9423.01,1.39,99.4,42.2,14.0,10.2
05/28/2026,1630,AMD,518.09,+22.55,+4.55%,499.00,527.1999,493.52,76.71,0.89,0.75,188.22,401.08,413.07,534.59,3206.01,52720.01,1.42,96.4,86.4,6.0,13.6
05/28/2026,1630,AMG,302.96,-4.96,-1.61%,305.88,308.71,301.63,54.18,0.25,0.4,269.94,290.9,295.07,310.04,3206.01,30871.01,1.04,75.1,42.1,0.0,3.9
05/28/2026,1630,AMH,31.99,-.09,-0.28%,32.04,32.165,31.84,56.88,0.21,0.32,29.14,31.45,30.97,32.8,3208.03,3260.03,3.08,55.1,73.3,0.0,1.9
05/28/2026,1630,AMLP,52.44,-.25,-0.47%,52.90,53.0709,52.31,42.6,0.18,0.17,51.89,52.21,52.29,55.09,-2103.01,-5231.01,5.01,85.2,98.4,0.7,0.0
05/28/2026,1630,AMN,27.93,+.73,+2.68%,27.40,28.00,27.11,60.99,1.1,0.8,18.82,21.0,25.19,33.35,-1107.06,3117.1,11.16,59.1,100.4,0.0,12.1
05/28/2026,1630,AMPH,19.30,+.20,+1.05%,19.04,19.55,19.015,48.08,0.96,0.99,18.52,17.26,14.3,20.34,2204.01,1955.01,1.1,94.1,91.4,-14.8,-4.0
05/28/2026,1630,AMZN,274.00,+2.15,+0.79%,272.27,274.50,267.44,64.4,0.21,0.33,202.48,262.63,259.9,275.32,2202.01,27450.01,1.06,39.1,13.1,-1.0,0.1
05/28/2026,1630,AN,193.74,-1.20,-0.62%,194.28,196.93,192.49,49.03,0.34,0.35,184.58,195.14,173.7,204.26,2204.02,-17662.06,19.06,52.1,91.4,-0.1,0.0
05/28/2026,1630,AQWA,18.6848,-.1502,-0.80%,18.723927,18.7848,18.65,42.73,0.16,0.24,18.96,18.95,18.15,19.18,1203.03,-1825.06,34.06,81.1,68.1,-1.7,-0.1
05/28/2026,1630,AR,35.81,+.70,+1.99%,35.22,36.47,34.92,40.7,0.34,0.41,36.34,35.63,34.66,38.98,-3105.01,-3492.01,20.01,31.1,25.1,-2.7,-2.1
05/28/2026,1630,ARE,50.06,+.13,+0.26%,49.62,50.53,49.22,63.49,0.38,0.48,48.44,45.43,45.08,50.87,5217.01,5053.01,1.19,72.1,57.3,0.0,21.8
05/28/2026,1630,ARGT,96.05,+.47,+0.49%,95.11,97.06,95.0001,61.38,0.35,0.29,83.46,88.48,86.67,96.57,4206.01,9706.01,1.08,36.1,72.4,0.0,0.0
05/28/2026,1630,ARHS,6.86,+.21,+3.16%,6.63,6.905,6.61,54.57,0.67,NaN,6.62,5.9,5.48,7.04,3205.01,691.01,1.11,1.1,85.2,-8.3,0.0
05/28/2026,1630,ARKK,81.01,+3.06,+3.93%,77.65,81.22,77.39,63.0,0.34,0.39,69.91,76.48,73.3,81.28,2203.01,8122.01,1.06,14.1,36.1,0.0,0.0
05/28/2026,1630,ARQQ,16.91,0.81,5.03%,16,17.799,15.875,60.15,1.07,1.21,14.68,13.9,12.03,18.37,4205.01,1780.01,1.06,63.2,71.4,1.8,0
05/28/2026,1630,AS,36.04,-.61,-1.66%,36.07,36.865,35.7522,55.4,0.44,0.5,32.63,32.91,32.15,37.83,4206.01,3751.02,2.1,31.1,64.1,0.0,0.0
05/28/2026,1630,ASBFF,25.76,0,0.00%,0,0,0,47.51,1.44,NaN,NaN,26.59,NaN,NaN,NaN,0.0,0.0,NaN,NaN,NaN,NaN
05/28/2026,1630,ASO,55.12,+2.26,+4.28%,52.98,55.66,52.695,56.02,0.44,0.53,57.31,50.16,48.6,55.68,3205.01,5566.01,1.06,69.2,48.2,0.0,0.0
05/28/2026,1630,ATRO,88.17,+3.16,+3.72%,85.86,90.65,84.365,65.45,0.56,0.59,71.0,73.02,75.88,89.62,7217.01,9065.01,1.2,55.1,62.2,1.5,8.2
05/28/2026,1630,AVB,184.83,-1.40,-0.75%,185.25,186.40,184.75,55.87,0.17,0.22,173.02,183.26,181.29,187.69,2204.02,18809.02,2.05,33.1,39.3,-1.0,0.2
05/28/2026,1630,AVGO,426.58,4.72,1.12%,421.14,429.68,414.01,58.44,0.37,0.58,307.2,406.3,409.31,440.38,-1203.01,43280.02,2.04,84.2,40.1,0,0
05/28/2026,1630,AVO,11.25,-.19,-1.66%,11.48,11.55,11.225,27.07,0.28,0.59,13.41,12.5,10.81,12.81,-8118.08,-1123.01,35.11,86.3,46.1,-10.4,-8.3
05/28/2026,1630,AVTR,9.15,+.75,+8.93%,8.42,9.30,8.42,70.39,0.49,0.56,7.82,7.95,7.45,8.95,2204.01,930.01,1.06,58.1,66.2,0.0,0.0
05/28/2026,1630,AWI,160.34,+.58,+0.36%,158.44,161.3525,157.64,45.39,0.27,0.34,163.29,157.85,152.57,163.88,1203.02,16298.02,2.07,81.1,73.1,-6.2,0.0
05/28/2026,1630,AXP,315.12,+2.58,+0.83%,311.00,315.50,306.23,51.22,0.17,0.3,292.43,311.08,306.68,316.98,-1202.01,-30623.01,1.01,37.1,1.1,-3.6,0.0
05/28/2026,1630,AZO,3007.08,-20.40,-0.67%,2990.01,3034.99,2945.00,26.49,0.44,0.37,3561.57,3353.75,2948.07,3526.04,-3103.01,-294500.01,19.01,83.3,100.4,-5.0,-15.6
05/28/2026,1630,B,41.69,+.44,+1.07%,40.94,42.265,40.33,50.32,0.57,0.48,43.05,41.58,37.81,46.12,-2109.07,4662.12,12.21,53.1,89.4,0.0,0.9
05/28/2026,1630,BA,228.78,+4.48,+2.00%,224.00,229.91,222.845,54.21,0.36,0.36,218.13,229.6,207.78,240.54,-5202.05,-21572.05,10.06,59.1,80.3,0.0,-5.2
05/28/2026,1630,BABA,126.16,-1.60,-1.25%,124.72,126.57,123.54,39.78,0.49,0.42,128.55,133.82,121.61,141.81,-5109.01,-12354.01,11.01,29.1,73.4,0.0,-0.7
05/28/2026,1630,BAC,50.77,-.33,-0.65%,50.9233,51.50,50.64,45.19,0.22,0.28,46.77,49.84,49.26,52.68,3101.02,5249.02,2.09,25.1,57.1,-3.2,0.0
05/28/2026,1630,BALL,56.24,-.27,-0.48%,55.87,56.495,55.475,39.68,0.32,0.29,60.75,57.22,54.34,58.25,-8101.09,-5458.07,29.17,43.1,85.4,-15.9,0.0
05/28/2026,1630,BBN,15.98,+.07,+0.44%,15.96,16.02,15.86,52.05,0.11,NaN,16.19,15.96,15.38,16.19,1203.02,-1551.06,12.06,0.0,73.2,-1.1,-2.8
05/28/2026,1630,BBWI,20.36,+.91,+4.68%,19.76,20.585,19.42,61.74,0.62,0.6,19.83,18.4,15.62,20.71,3204.01,2059.01,1.06,62.3,83.1,0.0,-0.1
05/28/2026,1630,BBY,74.74,+10.20,+15.80%,69.70,77.10,68.49,79.23,0.61,0.4,60.51,57.07,59.71,73.41,7208.01,7710.01,1.1,49.3,100.2,0.0,3.0
05/28/2026,1630,BCO,107.08,+.90,+0.85%,105.21,107.42,101.00,51.37,0.33,0.29,111.09,103.24,102.47,108.29,-1203.01,-10100.01,1.01,46.1,74.1,0.0,0.0
05/28/2026,1630,BDRY,13.15,+.275,+2.14%,12.90,13.15,12.90,63.63,0.38,0.55,9.58,11.89,11.99,13.64,1203.01,1333.11,11.24,19.1,42.1,0.0,7.6
05/28/2026,1630,BEAM,32.80,+.91,+2.85%,31.77,33.39,31.4134,61.73,0.7,0.72,24.6,30.38,25.18,34.02,2203.01,3339.01,1.05,43.1,45.3,0.0,-1.1
05/28/2026,1630,BEPC,39.86,+.69,+1.76%,39.10,40.28,38.8301,59.39,0.29,0.44,38.7,36.43,35.57,40.02,4206.01,4028.01,1.07,68.1,31.4,0.0,1.9
05/28/2026,1630,BIDU,132.05,+2.14,+1.65%,127.10,132.885,126.1725,50.64,0.64,0.54,115.6,137.15,121.21,147.32,-5109.01,-12485.03,11.03,69.2,87.4,0.0,0.0
05/28/2026,1630,BIO,318.22,+12.93,+4.24%,307.25,319.86,305.25,73.52,0.63,0.41,264.92,240.72,256.58,326.89,8208.01,31986.01,1.17,53.1,91.4,2.8,0.2
05/28/2026,1630,BIP,39.56,+.82,+2.12%,38.78,39.73,38.41,64.15,0.22,0.2,36.78,36.33,37.13,40.66,11217.03,4010.03,3.2,15.1,74.1,4.7,5.7
05/28/2026,1630,BIRK,44.07,+1.28,+2.99%,43.73,44.96,42.85,64.63,0.99,0.57,36.14,37.7,30.96,46.41,5205.01,4496.01,1.08,81.1,99.4,1.3,0.0
05/28/2026,1630,BITO,10.01,-.20,-1.96%,9.96,10.06,9.88,37.9,0.29,0.37,9.04,10.86,9.82,11.11,-8109.01,-988.01,16.01,2.1,5.1,-0.3,-0.6
05/28/2026,1630,BJ,86.00,+1.80,+2.14%,85.57,86.70,84.20,35.7,0.41,0.31,91.57,90.69,82.07,98.79,-5105.01,-8420.01,7.01,31.1,98.4,0.6,-2.9
05/28/2026,1630,BJRI,46.50,+.24,+0.52%,46.05,47.07,45.60,76.12,0.33,0.38,33.96,38.7,41.39,47.7,6217.01,4707.01,1.16,20.1,36.1,8.1,13.3
05/28/2026,1630,BK,137.16,0,0.00%,0,0,0,64.52,0.16,0.29,114.11,131.17,130.78,138.55,6207.01,13863.01,1.1,68.1,29.1,0,0.5
05/28/2026,1630,BKNG,169.82,+1.45,+0.86%,167.105,169.94,166.61,55.77,0.35,0.41,161.12,156.07,149.14,172.83,4205.01,16994.01,1.11,81.2,68.1,-0.6,0.0
05/28/2026,1630,BKV,26.63,+.12,+0.45%,26.69,26.80,26.29,36.94,0.43,0.57,30.07,27.64,26.15,29.6,-8105.01,-2629.01,20.01,71.1,62.4,-13.3,0.0
05/28/2026,1630,BLDR,76.72,-.75,-0.97%,76.02,77.31,74.55,48.98,0.59,0.65,89.41,72.1,66.62,79.86,3205.01,7982.02,2.06,91.2,96.4,0.0,0.0
05/28/2026,1630,BLK,1046.49,-23.85,-2.23%,1054.98,1062.285,1045.00,46.35,0.27,0.31,919.0,1058.49,1031.56,1105.2,-4102.01,-104500.01,10.05,78.1,63.1,0.0,0.0
05/28/2026,1630,BLMN,8.32,+.015,+0.18%,8.25,8.385,8.0801,66.79,1.29,0.85,5.45,7.6,7.54,8.55,2202.01,856.02,2.18,63.1,87.4,0.0,19.6
05/28/2026,1630,BLOK,67.08,+.78,+1.18%,65.65,67.29,65.25,65.27,0.37,0.39,51.23,62.26,60.85,67.74,4205.01,6729.01,1.07,38.1,44.1,0.0,7.8
05/28/2026,1630,BNDD,98.2003,+.423697,+0.43%,98.2003,98.2003,98.2003,56.58,0.07,0.12,97.88,97.04,96.16,98.68,4205.01,-9619.07,16.07,17.1,10.1,1.4,0.0
05/28/2026,1630,BNO,51.33,+.19,+0.37%,51.97,52.19,49.89,42.61,0.51,0.62,36.52,50.82,50.18,59.27,-4106.01,-4989.01,8.01,75.1,79.1,-5.9,0.0
05/28/2026,1630,BOOT,170.77,+5.42,+3.28%,166.02,175.32,162.70,62.78,0.57,0.52,164.52,141.41,134.85,174.49,4205.01,17532.01,1.1,50.1,88.4,0.0,0.0
05/28/2026,1630,BP,41.59,-.06,-0.14%,41.82,41.96,41.115,33.17,0.29,0.35,38.35,43.22,41.21,46.25,-3104.01,-4112.01,20.01,79.1,70.1,-6.5,-4.0
05/28/2026,1630,BRBR,8.66,+.07,+0.81%,8.60,8.70,8.40,25.17,1.79,0.96,16.05,9.27,7.86,10.02,-1103.03,924.04,4.14,93.3,94.4,-21.8,0.0
05/28/2026,1630,BRCB,8.50,+.12,+1.43%,8.43,8.63,8.209,40.29,1.49,1.01,12.93,10.62,4.45,10.23,1203.02,-613.05,29.09,NaN,NaN,-11.8,-4.6
05/28/2026,1630,BRKR,54.39,+5.77,+11.87%,49.10,54.41,48.95,81.34,0.61,0.52,35.98,42.05,42.3,52.91,3206.01,5441.01,1.2,28.1,77.3,2.7,19.9
05/28/2026,1630,BROS,56.56,+.65,+1.16%,55.10,56.79,54.80,57.56,0.57,0.52,48.62,49.35,49.16,57.61,3203.01,5679.01,1.11,31.1,74.1,-4.1,0.0
05/28/2026,1630,BTAL,11.595,-.185,-1.57%,11.80,11.83,11.585,33.0,0.27,0.43,13.97,11.81,11.5,12.58,-3104.01,-1159.01,6.01,75.3,91.4,-1.8,-0.8
05/28/2026,1630,BTC,32.42,-.71,-2.14%,32.30,32.56,32.04,38.15,0.29,0.36,29.01,35.17,31.85,35.93,-8109.01,-3204.01,16.01,12.1,7.1,-0.4,-0.2
05/28/2026,1630,BTC-USD,-69.07,-2.39,+3.58%,-67.14,-65.20,-70.59,30.0,1.08,0.64,-25.41,-64.75,-73.45,-55.14,-21103.01,7073.02,41.02,55.1,18.1,-12.1,0.0
05/28/2026,1630,BTI,62.92,-1.12,-1.75%,63.74,63.90,62.855,52.65,0.33,0.3,56.97,57.97,60.64,70.08,-1103.02,6730.1,10.27,76.2,97.4,1.5,11.0
05/28/2026,1630,BUD,81.98,-1.98,-2.36%,82.85,83.0499,81.915,59.78,0.37,0.25,71.61,79.02,79.45,84.93,2101.02,8446.02,2.25,48.1,88.4,0.0,13.8
05/28/2026,1630,BULL,6.33,+.11,+1.77%,6.11,6.34,5.96,41.8,0.41,0.9,5.33,6.8,5.88,7.42,-12109.01,-596.01,10.01,29.1,7.1,0.0,-2.6
05/28/2026,1630,BURL,300.52,-25.71,-7.88%,281.00,305.495,280.00,43.93,0.51,0.39,288.16,283.78,278.05,336.31,-1101.01,-28000.01,2.01,51.3,88.4,0.0,0.0
05/28/2026,1630,BUXX,20.20,-.018099,-0.09%,20.21,20.25,20.20,39.71,0.02,NaN,20.24,20.21,20.2,20.29,-1101.01,-2020.01,2.01,0.0,62.3,0.0,0.0
05/28/2026,1630,BXP,60.63,-.09,-0.15%,60.48,61.16,59.94,61.77,0.2,0.36,49.72,58.36,58.46,61.34,4206.01,6116.01,1.06,68.1,5.1,1.0,1.0
05/28/2026,1630,BYD,83.21,+.99,+1.20%,81.68,83.40,81.355,53.0,0.25,0.31,76.86,82.08,75.99,85.17,2203.01,-7732.06,22.09,64.1,56.1,-5.7,0.0
05/28/2026,1630,BYDDF,11.54,-.09,-0.77%,11.58,11.59,11.50,32.55,0.24,NaN,11.7,11.95,10.79,13.09,-15127.04,-1148.05,30.05,0.0,6.1,-6.7,-10.2
05/28/2026,1630,C,124.68,-.71,-0.57%,124.47,125.35,123.235,49.58,0.24,0.34,102.01,123.25,120.51,128.71,2206.02,12777.02,2.06,54.1,49.1,-0.4,0.0
05/28/2026,1630,CACC,560.41,+7.62,+1.38%,551.72,563.44,542.52,64.21,0.29,0.58,461.67,510.0,527.79,575.13,8217.02,56495.02,2.39,96.2,17.1,0.0,7.2
05/28/2026,1630,CAG,13.38,+.05,+0.38%,13.25,13.585,13.14,38.7,0.28,0.41,18.4,13.7,12.87,14.14,-4106.02,-1314.01,10.03,94.2,56.1,-1.8,-6.6
05/28/2026,1630,CAH,199.85,+.01,+0.01%,199.54,201.89,197.611,51.77,0.32,0.27,213.58,181.75,184.41,211.7,4210.06,20398.07,7.14,29.1,73.4,0.1,0.1
05/28/2026,1630,CAKE,64.26,-.69,-1.06%,64.82,65.515,63.68,61.08,0.44,0.39,59.39,58.7,57.07,66.08,4206.01,6552.01,1.1,33.1,99.2,0.0,0.0
05/28/2026,1630,CAMT,174.78,+5.16,+3.04%,172.01,175.145,168.6375,50.07,0.9,0.73,142.35,168.07,138.11,198.29,1203.03,-14757.07,13.07,79.1,97.4,-1.8,-3.5
05/28/2026,1630,CANE,9.47,-.12,-1.25%,9.46,9.51,9.43,39.63,0.26,0.33,9.14,9.71,9.46,10.26,-3104.01,-943.01,17.01,65.4,84.3,-3.4,0.0
05/28/2026,1630,CARR,63.81,-.70,-1.09%,63.51,64.43,62.32,50.41,0.5,0.4,56.43,64.74,60.66,67.15,1101.02,-6112.05,15.05,63.1,91.3,-2.0,0.0
05/28/2026,1630,CASY,780.97,-3.41,-0.43%,792.88,802.58,768.55,38.2,0.33,0.45,627.49,832.35,768.52,880.36,-6109.01,-76855.01,17.01,100.4,88.4,-0.1,0.0
05/28/2026,1630,CAT,887.67,-22.26,-2.45%,898.56,905.00,880.47,55.19,0.48,0.41,662.85,886.88,848.73,929.29,1101.02,-85706.06,15.06,76.1,96.4,-0.4,0.7
05/28/2026,1630,CAVA,78.20,-4.00,-4.87%,81.25,82.02,77.13,42.32,0.55,0.55,74.8,76.51,73.41,84.99,2101.02,8556.02,2.11,27.1,67.1,-7.9,0.0
05/28/2026,1630,CBRL,34.22,-.35,-1.01%,34.46,34.73,33.8101,64.61,0.55,0.7,27.49,29.54,28.3,35.34,5206.01,3473.01,1.06,72.2,65.4,1.3,0.0
05/28/2026,1630,CCK,97.48,-.57,-0.58%,97.18,98.36,96.48,43.47,0.22,0.28,102.79,97.73,93.77,101.02,1203.02,-9464.05,13.05,41.1,33.1,-0.9,-1.8
05/28/2026,1630,CCL,27.94,-.04,-0.14%,27.34,28.28,27.24,59.18,0.54,0.58,23.47,24.74,23.76,28.52,4206.01,2828.01,1.06,83.1,75.1,0.0,0.0
05/28/2026,1630,CCRN,13.09,+.02,+0.15%,13.10,13.11,13.08,76.15,0.95,1.32,8.58,12.99,13.05,13.18,-3106.01,-1307.02,13.02,78.3,92.4,0.0,52.1
05/28/2026,1630,CELH,33.22,+1.57,+4.96%,31.39,33.44,30.935,55.09,0.6,0.67,40.94,28.77,26.75,33.77,2204.01,3344.01,1.1,63.1,74.1,-1.7,0.0
05/28/2026,1630,CF,116.50,+.16,+0.14%,118.35,120.26,115.41,42.73,0.52,0.53,100.41,113.31,112.79,130.23,-2106.01,-11317.02,11.02,81.1,80.1,0.0,0.0
05/28/2026,1630,CFG,62.41,-.67,-1.06%,63.70,63.70,61.8738,47.82,0.22,0.31,55.76,61.13,60.0,64.54,3206.01,-5975.09,15.09,43.1,27.1,-1.9,0.0
05/28/2026,1630,CFLT,30.99,0,0.00%,0,0,0,73.35,0.04,0.16,29.95,30.6,30.58,30.94,1201.01,3100.01,1.27,19.4,14.1,0.0,0.0
05/28/2026,1630,CFRUY,21.14,+.13,+0.62%,20.79,21.17,20.77,64.4,0.39,NaN,17.51,19.62,19.33,21.16,5203.01,2117.01,1.21,0.0,87.3,0.0,11.3
05/28/2026,1630,CG,45.09,-.57,-1.25%,45.31,45.38,44.705,36.76,0.37,0.45,46.56,47.62,42.25,50.43,-6109.05,-4423.05,16.05,58.1,67.1,-5.8,-8.0
05/28/2026,1630,CHD,97.63,-.38,-0.39%,97.76,98.19,97.00,57.58,0.26,0.28,98.32,90.05,92.38,99.76,6211.02,9947.02,2.12,68.1,86.4,0.8,0.1
05/28/2026,1630,CHDN,88.43,+1.55,+1.78%,86.56,90.08,86.375,49.26,0.38,0.39,80.24,85.56,83.2,89.13,1202.01,9008.01,1.03,80.1,75.1,-13.3,0.0
05/28/2026,1630,CHEF,77.91,+1.08,+1.41%,76.84,78.36,75.91,58.59,0.23,0.33,59.26,77.96,74.79,81.45,-8109.01,-7507.02,18.02,3.1,6.4,-1.0,0.0
05/28/2026,1630,CHH,113.36,-2.54,-2.19%,115.30,117.26,113.20,56.47,0.71,0.38,95.49,103.93,104.04,118.04,7212.01,11726.01,1.17,94.3,99.4,0.0,9.1
05/28/2026,1630,CHPT,7.8,0.01,0.13%,7.57,7.96,7.38,71.17,0.58,1.06,5.25,6.03,5.95,8.04,4205.01,796.01,1.05,64.2,43.1,0,0
05/28/2026,1630,CHRD,133.89,+.19,+0.14%,136.19,136.595,133.0001,41.33,0.38,0.46,109.78,132.82,131.16,151.61,-3105.01,-13300.01,7.01,74.2,72.1,-0.6,0.0
05/28/2026,1630,CHTR,147.26,+.08,+0.05%,146.07,148.77,144.98,36.16,0.49,0.56,221.53,146.0,134.86,154.53,1202.02,15537.1,11.2,73.2,77.3,-9.9,3.1
05/28/2026,1630,CHWY,21.38,+.19,+0.90%,21.21,21.54,20.97,40.2,0.5,0.71,25.07,22.45,18.75,22.77,1203.02,-1930.06,27.06,90.3,71.1,-8.7,-0.4
05/28/2026,1630,CI,284.33,-1.42,-0.50%,286.13,288.67,284.00,50.13,0.29,0.28,264.47,280.75,275.52,298.72,-1106.05,30090.1,10.41,20.1,65.2,0.0,0.0
05/28/2026,1630,CLOX,25.59,+.01,+0.04%,25.63,25.63,25.56,55.33,0.02,NaN,25.36,25.51,25.55,25.63,-2210.01,2563.01,1.16,0.0,78.2,0.0,2.0
05/28/2026,1630,CLOZ,26.515,+.005,+0.02%,26.51,26.52,26.50,69.89,0.02,NaN,25.23,26.3,26.41,26.56,1215.02,2653.02,2.03,0.0,10.1,0.0,6.0
05/28/2026,1630,CLX,96.20,-.91,-0.94%,96.32,97.38,94.91,52.54,0.48,0.35,108.94,88.48,89.31,99.14,5211.01,9856.02,2.17,79.2,96.4,0.0,10.0
05/28/2026,1630,CMCSA,25.16,-.06,-0.24%,25.23,25.34,24.90,37.59,0.18,0.35,30.27,24.8,24.3,25.66,1204.02,2583.02,2.2,69.1,14.1,-15.3,0.0
05/28/2026,1630,CMG,32.42,-.27,-0.83%,32.30,32.62,31.82,45.15,0.31,0.4,34.01,31.63,31.5,33.52,-4104.01,-3182.01,7.03,49.1,50.1,-1.3,1.3
05/28/2026,1630,CMI,668.68,+.83,+0.12%,660.58,673.60,652.7001,52.69,0.48,0.39,516.96,676.9,623.82,718.22,-4108.04,-62809.04,15.04,87.1,92.4,0.0,0.0
05/28/2026,1630,CNA,42.35,-.44,-1.03%,42.62,42.94,42.21,32.31,0.34,NaN,46.88,42.8,42.09,44.61,-2102.01,-4221.01,19.01,30.1,93.4,-18.3,0.0
05/28/2026,1630,CNC,58.91,+.09,+0.15%,58.96,59.97,58.84,69.92,0.32,0.42,42.05,53.7,55.8,61.01,2202.01,6076.06,20.53,12.1,11.1,-0.5,7.8
05/28/2026,1630,CNH,10.46,-.06,-0.57%,10.30,10.595,10.195,48.43,0.39,0.39,10.7,10.55,9.89,10.92,-6202.03,-990.05,12.05,51.1,82.1,-0.1,-0.1
05/28/2026,1630,CNX,33.93,+.19,+0.56%,33.90,34.075,33.5032,32.04,0.28,0.39,40.03,35.33,33.46,37.34,-13105.01,-3350.01,21.01,66.1,40.1,-10.5,-2.5
05/28/2026,1630,COAL,27.28,+.70,+2.63%,26.66,27.3698,26.515,65.78,0.31,0.39,24.72,25.0,24.01,27.08,3203.01,2737.01,1.08,54.1,69.1,0.0,-0.6
05/28/2026,1630,COCO,77.38,-1.25,-1.59%,78.50,78.5153,76.78,68.06,0.33,0.51,49.93,67.25,71.31,83.25,1203.07,7970.08,19.24,40.1,31.4,0.2,5.0
05/28/2026,1630,COF,187.02,-1.78,-0.94%,187.62,188.1406,184.08,47.23,0.24,0.35,178.73,181.41,180.29,191.63,3206.02,19203.02,2.06,60.1,27.1,-1.4,0.0
05/28/2026,1630,COIN,182.25,+8.47,+4.87%,170.486,182.65,169.17,44.7,0.66,0.72,172.05,182.8,166.41,212.87,-7109.01,-16917.01,10.01,54.1,48.1,0.0,-0.8
05/28/2026,1630,COM,34.21,+.26,+0.77%,34.08,34.22,34.00,48.2,0.14,0.15,32.0,34.02,33.72,35.42,-4106.01,-3390.02,11.02,53.1,92.4,0.0,0.0
05/28/2026,1630,COP,114.99,-.14,-0.12%,115.83,116.89,114.45,39.72,0.31,0.34,114.43,113.62,111.79,126.39,-2103.01,-11424.02,20.02,47.1,68.3,-2.6,0.0
05/28/2026,1630,COPJ,44.79,+1.21,+2.78%,43.19,44.80,42.89,57.09,0.52,0.51,40.4,41.93,39.75,47.27,-2203.07,4753.11,11.2,69.1,79.1,0.0,0.6
05/28/2026,1630,COPX,88.44,+2.35,+2.73%,85.49,88.75,84.50,57.93,0.53,0.52,76.18,82.45,78.28,92.89,1203.03,9277.11,11.21,69.1,80.1,0.0,2.6
05/28/2026,1630,CORN,18.21,+.21,+1.17%,18.14,18.28,18.02,45.64,0.23,0.24,17.68,18.2,17.8,18.98,-4106.01,-1800.02,19.02,79.1,98.4,-5.8,-0.6
05/28/2026,1630,COST,995.2,-8.49,-0.85%,1011.61,1012,994.27,42.04,0.25,0.28,960.46,985.15,974.08,1093.5,-4104.01,-99427.01,6.03,84.2,100.4,0,-0.4
05/28/2026,1630,CP,90.60,-.66,-0.72%,90.345,91.12,88.63,65.51,0.29,0.26,81.27,84.13,83.98,91.52,7203.01,9112.01,1.39,65.1,89.4,0.0,2.9
05/28/2026,1630,CPAY,352.37,-0.23,-0.07%,350.5,356.98,348.87,65.18,0.5,0.38,307.77,301.03,324.84,373.08,5214.07,35698.01,7.2,61.1,87.4,4.7,11.1
05/28/2026,1630,CPER,39.06,+.58,+1.51%,38.61,39.115,38.48,57.74,0.32,0.31,35.14,37.31,37.19,40.77,-1201.09,4078.11,11.18,58.2,63.2,0.0,10.2
05/28/2026,1630,CPNG,16.20,-.26,-1.58%,16.31,16.405,16.02,40.67,0.7,0.56,18.03,15.9,14.88,17.0,1205.04,-1503.06,29.12,81.1,100.4,-24.9,0.0
05/28/2026,1630,CPRI,19.74,+1.47,+8.05%,17.57,20.19,17.57,60.24,0.5,0.55,16.92,16.95,16.73,19.63,3206.01,2019.01,1.11,22.3,63.1,-1.3,0.0
05/28/2026,1630,CPT,108.02,-.07,-0.06%,108.07,108.80,107.47,64.69,0.13,0.26,103.11,103.08,103.08,109.54,7208.01,10880.01,1.08,73.1,6.1,0.1,0.3
05/28/2026,1630,CRCL,108.24,+5.60,+5.46%,101.44,108.38,97.69,48.89,1.15,0.89,80.23,105.36,96.42,128.29,-4109.01,-9769.01,12.01,NaN,NaN,0.0,0.0
05/28/2026,1630,CRI,40.12,+.76,+1.93%,39.16,41.32,39.065,65.83,0.65,0.56,31.69,32.16,32.86,41.35,7208.01,4132.01,1.17,38.1,79.2,0.0,0.2
05/28/2026,1630,CRM,176.17,-1.34,-0.75%,178.43,182.48,171.65,46.83,0.39,0.45,189.58,170.58,165.1,186.31,3208.01,18744.07,7.1,60.3,70.1,-1.7,0.0
05/28/2026,1630,CRSP,56.38,+2.85,+5.32%,53.04,57.24,52.38,61.39,0.52,0.61,54.8,51.71,46.12,56.62,2203.01,5724.01,1.06,25.1,36.1,0.0,-0.4
05/28/2026,1630,CRWD,671.00,+25.64,+3.97%,649.33,677.50,641.52,78.78,0.42,0.64,367.99,486.09,584.6,727.02,14201.04,67750.01,7.34,98.4,65.1,20.6,17.8
05/28/2026,1630,CSCO,118.64,-1.03,-0.86%,120.53,120.72,117.96,74.2,0.52,0.37,75.2,91.61,108.49,134.44,-1102.02,12079.04,8.39,82.3,90.4,20.1,24.3
05/28/2026,1630,CSX,45.81,-1.33,-2.82%,46.80,46.935,45.33,55.36,0.24,0.28,39.34,44.23,44.42,47.54,8101.01,4718.02,2.1,63.1,62.1,0.0,1.3
05/28/2026,1630,CTA,29.13,-.10,-0.34%,29.38,29.4399,28.73,35.66,0.27,0.47,29.6,29.81,28.82,32.53,-5106.01,-2873.01,8.01,98.4,83.3,-4.0,0.0
05/28/2026,1630,CUBE,40.54,0.54,1.35%,39.97,40.755,39.72,58.12,0.25,0.26,39.06,39.86,38.42,41.26,2206.01,-3824.07,12.07,10.1,76.2,0.4,0
05/28/2026,1630,CURB,29.16,+.22,+0.76%,28.97,29.48,28.72,65.35,0.16,0.34,26.39,27.46,27.27,29.47,8208.01,2948.01,1.48,52.1,21.1,0.1,0.0
05/28/2026,1630,CVNA,73.49,+.49,+0.67%,72.55,75.11,71.1001,54.14,0.48,0.71,59.86,73.27,59.38,78.18,2203.01,-6109.06,14.06,50.1,28.1,-0.3,-1.9
05/28/2026,1630,CVS,92.97,+.90,+0.98%,92.21,94.175,91.975,61.83,0.38,0.3,76.3,86.22,88.84,99.82,-3106.02,9843.1,11.48,15.1,85.4,0.0,16.2
05/28/2026,1630,CVX,183.03,+.63,+0.35%,183.71,185.26,182.085,41.24,0.28,0.29,184.15,179.53,178.38,198.2,-2103.01,-18067.02,6.02,68.1,86.2,0.0,-0.4
05/28/2026,1630,CWH,7.66,+.13,+1.73%,7.45,7.669,7.35,56.03,0.88,0.8,6.85,6.54,6.48,7.98,2206.02,810.02,2.11,74.1,83.3,0.0,0.0
05/28/2026,1630,CZR,29.08,+.30,+1.04%,29.255,29.285,28.99,62.12,0.45,0.11,23.46,25.2,26.28,29.69,4209.01,2929.01,1.1,0.1,47.1,3.6,0.0
05/28/2026,1630,D,67.38,+.18,+0.27%,67.84,68.38,67.37,63.79,0.37,0.26,60.77,61.04,61.93,71.62,5208.04,6858.04,5.14,84.2,98.4,15.8,0.0
05/28/2026,1630,DAL,82.49,+.69,+0.84%,80.90,83.00,80.34,73.94,0.44,0.5,55.28,70.01,68.19,83.82,5206.01,8300.01,1.06,49.1,63.2,8.1,3.2
05/28/2026,1630,DAPP,22.81,0.36,1.60%,22.2,22.96,21.84,64.75,0.56,0.5,15.35,20.82,19.91,23.25,3205.01,2296.01,1.07,17.1,37.1,0,9
05/28/2026,1630,DAR,59.62,+.88,+1.50%,59.00,59.82,58.8035,45.41,0.25,0.44,51.32,61.09,56.06,64.08,-8111.02,-5765.04,17.04,12.1,8.1,-2.5,-2.2
05/28/2026,1630,DASH,156.70,-.88,-0.56%,156.92,160.35,154.51,44.93,0.49,0.54,168.0,154.07,145.89,166.51,1202.04,-14681.06,15.06,59.1,71.1,-9.2,0.0
05/28/2026,1630,DDOG,225.24,3.43,1.55%,232.63,235,222.35,82.88,0.99,0.59,105.17,179.47,203.28,236.14,1201.01,23500.01,1.33,58.1,96.4,2.4,29.8
05/28/2026,1630,DDS,608.68,+18.85,+3.20%,599.47,613.0674,595.42,65.7,0.32,NaN,562.54,524.0,514.96,607.43,4205.01,61307.01,1.06,0.0,19.1,0.0,0.0
05/28/2026,1630,DE,539,9.61,1.82%,527.41,539.71,522.475,38.8,0.35,0.29,577.63,572.3,506.85,586.42,-8110.01,-52248.01,15.03,38.1,81.1,-2.7,-8.9
05/28/2026,1630,DECK,114.31,-.06,-0.05%,113.56,115.625,111.33,68.59,0.43,0.41,99.93,94.33,91.65,117.63,5206.01,11563.01,1.17,17.1,62.4,0.0,0.0
05/28/2026,1630,DELL,317.05,+11.73,+3.84%,317.03,327.73,311.52,80.18,0.83,0.82,141.02,228.0,236.53,334.99,4205.01,32773.01,1.7,99.4,94.4,20.1,9.1
05/28/2026,1630,DEO,84.59,-1.97,-2.28%,85.32,85.67,84.57,56.26,0.33,0.33,80.61,80.94,80.39,88.36,4209.02,8748.02,2.21,67.1,77.1,5.9,9.4
05/28/2026,1630,DG,109.90,+5.57,+5.34%,111.00,111.445,107.38,48.73,0.45,0.6,141.62,102.26,97.01,113.38,1201.01,11145.01,1.11,100.4,84.4,-10.5,0.0
05/28/2026,1630,DGX,196.2,2.21,1.14%,194.03,196.795,193.91,56.3,0.19,0.26,195.39,186.23,187.62,197.64,6208.01,19680.01,1.07,59.1,34.1,0,1.4
05/28/2026,1630,DIN,31.22,+.16,+0.52%,30.83,31.65,30.83,62.49,0.48,0.57,29.24,25.85,28.42,32.13,12215.01,3165.01,1.15,52.1,60.1,1.2,4.4
05/28/2026,1630,DIS,103.73,-.45,-0.43%,103.81,104.41,103.10,50.6,0.35,0.27,98.45,104.22,100.2,107.53,-2101.06,10839.13,13.17,33.1,83.4,0.0,1.2
05/28/2026,1630,DK,44.39,+1.35,+3.14%,43.825,45.24,43.185,51.67,0.51,0.69,38.11,43.0,41.57,46.68,-4201.02,-4111.02,17.02,64.1,32.1,-5.5,0.0
05/28/2026,1630,DKL,50.61,+.57,+1.14%,50.66,50.95,50.2701,46.03,0.29,0.25,50.88,49.48,50.08,52.32,-3104.01,-5027.01,6.01,19.1,66.3,-7.1,1.6
05/28/2026,1630,DKNG,24.53,-.54,-2.15%,24.99,25.39,24.42,50.65,0.43,0.56,22.55,24.11,23.91,25.84,-2101.02,-2378.02,4.02,45.1,47.1,0.0,5.5
05/28/2026,1630,DLTR,113.00,+17.13,+17.87%,111.01,114.639,106.40,70.82,0.68,0.49,111.3,88.2,86.9,109.14,4206.01,11464.01,1.11,71.4,100.2,0.0,0.0
05/28/2026,1630,DOC,19.51,-.36,-1.81%,19.76,19.80,19.42,62.57,0.61,0.29,16.81,18.91,19.27,20.02,1101.02,2027.02,2.22,39.1,96.4,0.0,36.9
05/28/2026,1630,DOCU,49.58,+1.15,+2.37%,49.11,50.43,48.3101,57.6,0.4,0.72,44.17,44.93,45.11,51.89,4209.04,5142.07,7.1,87.2,39.1,4.5,0.0
05/28/2026,1630,DOV,212.51,-.86,-0.40%,211.96,213.00,209.30,46.01,0.24,0.31,201.79,214.84,203.71,219.96,1203.02,-20572.06,15.06,76.1,53.1,-8.0,-0.8
05/28/2026,1630,DOW,34.77,+.28,+0.81%,34.89,35.54,34.435,35.56,0.37,0.5,29.39,36.72,33.26,39.77,-10111.01,-3409.02,17.02,30.1,23.1,-5.5,-5.6
05/28/2026,1630,DPZ,310.35,-1.37,-0.44%,311.31,312.9505,306.0225,35.72,0.26,0.36,394.0,309.49,296.62,326.48,-6103.08,-29748.08,24.08,84.2,65.1,-8.0,0.0
05/28/2026,1630,DRI,204.47,-1.46,-0.71%,204.89,207.36,203.23,59.75,0.25,0.36,194.26,190.01,190.95,208.3,4206.01,20736.01,1.07,87.2,48.1,0.1,0.1
05/28/2026,1630,DRLL,35.88,+.11,+0.31%,36.04,36.25,35.79,43.64,0.32,0.34,35.02,34.95,34.89,38.91,-1103.02,-3523.02,6.02,89.2,98.4,0.0,0.0
05/28/2026,1630,DRVN,14.19,-.03,-0.21%,14.20,14.44,14.155,58.86,0.62,0.61,10.06,12.59,12.52,14.64,4205.01,1444.01,1.05,52.1,92.1,0.0,0.8
05/28/2026,1630,DT,40.51,+1.60,+4.11%,40.43,40.80,39.17,56.71,0.67,0.54,35.22,38.66,36.03,42.62,2201.04,4136.07,7.1,80.1,100.4,1.5,2.0
05/28/2026,1630,DVN,44.11,-.16,-0.36%,44.755,44.79,43.86,35.89,0.45,0.41,42.7,44.2,43.12,50.38,-2105.01,-4386.02,20.01,65.1,94.4,-7.2,-1.2
05/28/2026,1630,DXCM,72.34,2.08,2.96%,70.11,72.76,69.6,67.34,0.48,0.44,66,58.43,59.19,78.37,8209.03,7310.03,4.2,31.1,82.4,18.5,1.1
05/28/2026,1630,EA,201.15,+.47,+0.23%,200.51,201.275,200.36,47.18,0.03,0.12,197.01,199.94,200.09,202.08,-1201.01,-20036.01,4.01,42.1,25.1,-3.6,0.0
05/28/2026,1630,EAT,140.02,-1.46,-1.03%,139.44,141.025,136.50,50.26,0.61,0.51,129.02,135.31,125.08,146.55,2205.02,14489.02,2.1,50.1,90.4,-4.9,0.0
05/28/2026,1630,EBAY,112.13,+1.77,+1.60%,110.63,112.31,108.95,55.34,0.38,0.37,85.52,105.23,106.7,121.35,-1102.01,11931.06,9.2,60.1,68.2,1.5,0.0
05/28/2026,1630,ECH,41.98,+.02,+0.05%,41.85,42.28,41.56,55.63,0.29,0.25,37.76,40.31,38.99,42.61,3203.01,4228.01,1.07,50.1,75.1,0.0,0.0
05/28/2026,1630,ECPG,80.295,-1.555,-1.90%,81.66,81.66,79.9425,48.93,0.26,0.35,66.03,79.0,78.55,83.09,1101.02,-7891.05,13.05,24.1,29.1,-3.8,-0.5
05/28/2026,1630,EDEN,112.40,+.255,+0.23%,111.255,112.46,111.25,55.72,0.19,NaN,102.5,110.61,110.32,113.96,1206.03,11345.13,13.25,0.0,44.1,0.0,6.9
05/28/2026,1630,EDU,46.26,-.75,-1.60%,46.67,46.76,46.18,27.89,0.36,0.44,50.19,51.71,43.13,51.16,-8114.03,-4590.04,29.04,21.1,54.3,-17.3,-12.8
05/28/2026,1630,EDV,63.74,+.50,+0.79%,63.39,63.90,63.265,54.66,0.15,0.12,66.46,62.81,60.63,64.42,3204.01,6390.01,1.06,17.1,55.2,0.0,0.0
05/28/2026,1630,EEM,68.61,+.22,+0.32%,67.645,68.77,67.425,64.87,0.3,0.35,56.24,64.99,63.93,69.59,3203.01,6877.01,1.07,96.2,88.1,0.3,6.5
05/28/2026,1630,EFNL,57.25,-.2111,-0.37%,57.19,57.53,56.73,63.15,0.26,NaN,47.92,53.6,54.2,58.73,5206.02,5776.02,2.08,0.0,98.4,4.4,4.0
05/28/2026,1630,EFX,163.84,+.15,+0.09%,162.69,165.78,161.25,42.15,0.32,0.42,195.06,166.17,152.57,173.49,-6202.06,-15647.09,27.09,81.1,37.1,-3.8,-0.1
05/28/2026,1630,EGP,204.80,-.87,-0.42%,205.03,206.12,203.54,58.51,0.12,0.19,183.37,201.72,201.17,207.52,2206.02,20765.02,2.09,38.1,5.1,2.0,5.0
05/28/2026,1630,EIS,137.56,-.04,-0.03%,137.00,137.99,136.30,66.33,0.2,NaN,121.0,133.3,128.63,139.84,4204.01,13844.02,2.07,0.0,50.1,0.0,2.7
05/28/2026,1630,EL,90.87,-.33,-0.36%,90.55,92.35,89.66,64.29,0.58,0.46,88.17,81.82,75.4,93.18,4204.01,9235.01,1.05,54.1,84.2,0.4,0.8
05/28/2026,1630,ELS,62.24,-.12,-0.19%,61.99,62.67,61.69,43.66,0.16,0.27,66.7,62.45,61.09,63.85,3103.03,6369.03,3.08,56.2,30.1,0.0,0.0
05/28/2026,1630,ELV,392.75,+1.28,+0.33%,391.50,393.32,387.265,63.85,0.21,0.35,274.84,369.4,377.1,408.86,18103.06,40800.06,6.41,19.1,6.1,0.0,7.2
05/28/2026,1630,EMB,96.23,+.25,+0.26%,95.89,96.265,95.80,58.59,0.07,0.1,95.04,95.56,94.18,96.58,3203.01,9627.01,1.06,74.4,86.1,0.0,0.0
05/28/2026,1630,EMR,141.79,+2.07,+1.48%,139.01,142.6099,137.94,56.09,0.41,0.35,134.65,134.5,129.81,143.99,2203.01,14261.01,1.06,76.1,90.2,0.0,0.0
05/28/2026,1630,ENB,55.56,-.59,-1.05%,56.34,56.47,55.505,51.47,0.23,0.21,53.07,53.33,53.99,58.96,-1102.01,5845.04,4.29,45.1,92.4,14.1,3.6
05/28/2026,1630,ENPH,69.50,-.78,-1.11%,69.73,72.47,68.1801,79.89,1.03,0.97,38.42,34.77,49.36,76.97,15217.01,7270.02,2.2,96.4,79.4,36.3,13.2
05/28/2026,1630,ENR,18.55,-.08,-0.43%,18.62,18.81,18.33,54.21,0.6,0.53,17.88,17.2,15.82,19.37,4205.01,1923.02,2.1,60.1,81.4,0.0,0.0
05/28/2026,1630,ENVX,7.65,+.15,+2.00%,7.48,7.95,7.30,63.29,0.98,0.98,4.62,6.27,5.58,8.01,3204.01,795.01,1.06,39.1,87.4,4.3,0.0
05/28/2026,1630,ENZL,46.4836,+.486,+1.06%,46.23,46.69,46.15,65.25,0.22,0.5,44.75,45.12,43.38,46.75,2203.01,4669.01,1.06,69.3,90.2,0.0,0.0
05/28/2026,1630,EOG,134.58,+.28,+0.21%,136.26,136.605,133.91,45.45,0.32,0.33,124.17,128.83,129.56,146.79,-1103.02,14570.06,6.14,68.1,92.2,0.1,0.2
05/28/2026,1630,EPD,37.50,-.49,-1.29%,38.00,38.09,37.31,41.48,0.23,0.21,36.05,37.14,37.02,40.48,-2103.01,-3731.01,6.01,71.1,94.2,2.6,0.0
05/28/2026,1630,EPHE,24.38,-.26,-1.06%,24.19,24.49,24.14,42.78,0.15,NaN,24.5,24.56,24.02,25.06,-4101.01,-2414.01,14.01,0.0,12.1,-3.3,1.6
05/28/2026,1630,EPOL,40.60,+.17,+0.42%,40.43,40.72,40.29,60.0,0.28,0.31,34.48,38.55,38.79,41.03,4206.01,4072.01,1.21,53.1,87.2,2.2,8.2
05/28/2026,1630,EPR,57.84,-.16,-0.28%,57.99,58.47,57.67,54.27,0.18,0.27,56.45,56.67,57.36,59.18,-1102.01,5950.02,2.17,63.1,29.1,0.0,7.2
05/28/2026,1630,EPU,85.09,+.41,+0.48%,84.12,85.5709,83.70,56.98,0.33,NaN,80.39,81.61,79.43,87.15,2206.02,8601.03,3.21,0.0,71.1,2.1,6.9
05/28/2026,1630,EQR,66.26,-.37,-0.56%,66.59,66.86,66.20,59.42,0.15,0.23,60.95,65.29,64.49,67.1,4207.01,6686.01,1.05,43.1,14.1,0.0,1.0
05/28/2026,1630,EQRR,78.2561,+.1048,+0.13%,77.9799,78.30,77.685,65.13,0.14,NaN,67.12,74.66,76.3,80.25,23101.03,7990.03,3.53,0.0,68.1,17.4,11.7
05/28/2026,1630,EQT,55.35,+.18,+0.33%,55.36,55.62,54.59,39.61,0.29,0.33,60.12,55.31,54.41,59.23,-2103.01,-5459.01,6.01,2.1,44.2,-2.5,0.0
05/28/2026,1630,ESI,41.92,-.99,-2.31%,42.66,42.83,41.86,53.3,0.45,0.44,29.46,42.08,38.46,45.3,1203.02,-3816.07,17.07,56.1,72.2,-0.2,0.0
05/28/2026,1630,ESPO,89.23,+.41,+0.46%,88.07,89.23,88.07,43.72,0.14,0.18,88.93,89.19,88.16,90.86,-10105.01,-8807.01,29.01,60.2,14.1,-3.9,0.0
05/28/2026,1630,ESS,276.44,-.39,-0.14%,276.67,276.845,274.29,66.56,0.14,0.22,248.86,263.49,266.16,281.85,22208.02,27950.02,2.48,39.1,9.1,2.7,4.5
05/28/2026,1630,ET,19.42,+.09,+0.47%,19.42,19.57,19.32,44.68,0.24,0.25,18.44,19.14,19.16,20.59,-3105.01,-1932.01,6.01,51.1,96.4,-0.5,0.0
05/28/2026,1630,ETH,19.10,-.40,-2.05%,18.84,19.25,18.66,33.06,0.32,0.49,18.22,21.41,18.25,21.82,-10112.01,-1866.01,17.01,4.1,0.1,-2.3,-17.9
05/28/2026,1630,ETH-USD,-82.39,-2.08,+2.59%,-80.60,-78.51,-83.97,30.18,0.88,0.7,-36.2,-78.46,-87.27,-68.93,-21103.01,8432.02,41.02,35.1,12.2,-13.0,0.0
05/28/2026,1630,ETHA,15.19,-.295,-1.91%,14.96,15.29,14.815,33.21,0.32,0.61,14.54,17.02,14.5,17.36,-10109.01,-1482.01,17.01,2.1,0.1,-2.2,-17.8
05/28/2026,1630,ETHE,16.31,-.33,-1.98%,16.07,16.425,15.91,32.7,0.32,0.46,15.69,18.28,15.57,18.63,-10112.01,-1591.01,17.01,0.1,0.1,-2.4,-17.9
05/28/2026,1630,ETSY,66.78,+2.97,+4.65%,64.09,67.35,64.09,63.26,0.55,0.54,50.81,57.06,55.54,67.74,3206.01,6735.01,1.1,34.1,55.3,0.0,0.0
05/28/2026,1630,EWA,28.97,+.04,+0.14%,28.80,29.045,28.715,48.52,0.22,0.23,27.97,29.06,28.31,29.56,-5201.06,-2844.06,15.06,73.2,84.1,-5.2,-0.9
05/28/2026,1630,EWC,58.58,+.32,+0.55%,58.16,58.655,57.90,57.27,0.15,0.15,55.22,57.61,57.49,59.0,3206.03,5897.03,3.09,49.1,60.1,0.0,2.2
05/28/2026,1630,EWD,52.69,-0.34,-0.64%,52.36,52.9,52.25,56.64,0.27,0.19,49.95,50.28,49.62,53.92,4206.02,5342.02,2.09,37.3,85.3,0,1
05/28/2026,1630,EWG,43.49,-.20,-0.46%,43.37,43.74,43.275,58.51,0.24,0.22,39.72,41.71,41.54,44.2,5206.01,4380.02,2.09,61.1,88.3,2.2,0.7
05/28/2026,1630,EWH,23.07,-.03,-0.13%,22.96,23.12,22.885,38.05,0.19,0.23,22.66,23.99,22.79,24.39,-8109.01,-2289.01,15.01,72.1,74.2,0.0,0.0
05/28/2026,1630,EWI,59.25,+.22,+0.37%,58.96,59.40,58.87,56.84,0.25,0.24,51.6,58.25,57.66,59.95,2206.02,5964.03,14.18,74.1,90.2,0.0,6.9
05/28/2026,1630,EWJ,92.70,+.41,+0.44%,91.86,92.97,91.785,60.89,0.18,0.22,82.92,90.8,90.43,93.69,1205.03,9323.03,3.21,61.1,47.1,0.0,16.0
05/28/2026,1630,EWJV,45.41,+.2064,+0.46%,45.03,45.52,44.93,60.33,0.18,NaN,41.38,43.95,44.51,46.21,7220.11,4581.03,11.24,0.0,40.1,0.0,19.1
05/28/2026,1630,EWK,27.07,-.0626,-0.23%,26.89,27.27,26.89,63.78,0.2,0.36,24.33,26.08,26.08,27.43,5206.01,2727.01,1.21,76.1,81.1,1.8,16.5
05/28/2026,1630,EWM,28.79,-.28,-0.96%,28.74,28.82,28.57,37.34,0.12,0.21,27.85,30.0,28.42,29.93,-8109.01,-2857.01,15.01,71.1,36.1,-0.4,-1.1
05/28/2026,1630,EWN,66.96,+.12,+0.18%,66.80,67.36,66.40,61.61,0.27,0.23,57.25,63.28,63.65,68.31,4206.02,6736.01,2.21,91.4,89.2,5.6,10.6
05/28/2026,1630,EWO,40.39,-.42,-1.03%,40.48,40.63,40.39,59.56,0.22,NaN,34.44,39.28,38.71,41.13,3206.02,4118.02,2.18,0.0,83.1,3.8,3.6
05/28/2026,1630,EWP,57.77,-.03,-0.05%,57.35,57.97,57.35,56.97,0.25,0.18,52.02,56.03,55.72,58.33,4203.01,5797.01,1.09,57.1,86.1,0.0,3.8
05/28/2026,1630,EWQ,46.00,0,0.00%,45.87,46.16,45.70,56.03,0.25,0.26,42.75,44.77,44.3,46.45,3206.01,4616.01,1.09,81.2,92.3,0.0,0.0
05/28/2026,1630,EWS,29.43,+.12,+0.41%,29.30,29.48,29.165,57.01,0.17,0.21,27.05,28.63,28.87,29.88,4214.05,2961.06,6.21,71.1,74.1,3.5,10.7
05/28/2026,1630,EWUS,43.00,-.2257,-0.52%,42.89,43.14,42.7001,55.59,0.23,0.19,40.94,41.51,41.05,43.92,4206.02,4357.03,3.09,31.1,85.1,0.0,0.0
05/28/2026,1630,EWW,78.81,-.75,-0.94%,79.44,79.64,78.27,52.96,0.2,0.28,71.56,79.03,76.57,80.5,1203.02,8107.1,13.2,77.1,60.1,0.0,5.4
05/28/2026,1630,EWY,206.41,+8.12,+4.10%,197.70,208.25,196.28,68.48,0.71,0.88,121.55,173.6,171.76,209.99,3203.01,20825.01,1.39,100.4,95.2,1.0,10.5
05/28/2026,1630,EWZ,36.11,0,0.00%,36.08,36.48,35.855,37.54,0.28,0.32,35.66,38.05,34.51,38.48,-12115.07,-3572.07,33.07,62.1,70.1,-14.1,-5.9
05/28/2026,1630,EWZS,14.15,+.13,+0.93%,13.94,14.27,13.94,44.05,0.38,0.34,13.97,14.64,13.2,14.94,-6201.07,-1359.07,34.07,52.1,82.2,-10.0,-3.7
05/28/2026,1630,EXAS,104.91,0,0.00%,0,0,0,76.4,0.04,0.37,101.28,103.1,103.16,104.69,6206.01,10498.01,1.08,32.4,24.1,6.4,0.0
05/28/2026,1630,EXP,218.96,+4.22,+1.97%,214.05,220.03,211.10,65.31,0.36,0.4,188.76,199.31,191.15,218.77,2203.01,22003.01,1.06,89.1,63.1,0.0,0.0
05/28/2026,1630,EXPD,158.96,-2.55,-1.58%,160.20,161.84,158.81,59.71,0.42,0.31,142.17,151.0,153.16,163.16,7203.01,16184.01,1.18,73.1,83.4,0.0,11.7
05/28/2026,1630,EXPE,227.55,+.99,+0.44%,226.39,229.17,223.2301,47.92,0.43,0.48,203.18,219.44,200.92,237.77,1203.02,-20635.06,27.1,44.1,62.1,-12.6,0.0
05/28/2026,1630,EXR,145.81,+1.38,+0.96%,144.23,147.22,142.48,59.52,0.24,0.27,142.14,142.13,138.26,147.47,4206.01,14722.01,1.07,30.1,57.1,0.5,0.0
05/28/2026,1630,EYE,17.38,+.79,+4.76%,16.72,17.40,16.38,33.47,0.89,0.66,25.14,20.66,12.82,20.44,-13201.09,-1610.02,22.1,66.1,97.4,-17.3,-7.8
05/28/2026,1630,EZA,69.71,+.80,+1.16%,68.44,70.07,68.12,51.22,0.36,0.54,68.56,69.33,65.53,72.2,1203.03,-6627.07,13.07,97.2,71.1,-2.5,0.0
05/28/2026,1630,F,16.65,+.77,+4.85%,15.864,16.75,15.86,77.19,0.72,0.52,11.8,11.8,13.13,17.31,8211.01,1675.01,1.17,99.4,100.4,27.2,5.6
05/28/2026,1630,FAF,66.55,-.98,-1.45%,67.36,67.60,66.41,45.65,0.24,0.48,65.09,67.43,65.23,69.66,-6105.05,-6632.05,23.05,88.4,36.1,-2.2,-0.1
05/28/2026,1630,FANG,194.14,+1.30,+0.67%,194.76,195.71,191.79,45.63,0.36,0.39,172.55,186.55,188.03,210.48,-2103.01,-19075.02,18.02,68.1,87.4,-2.0,1.3
05/28/2026,1630,FAST,44.76,-.06,-0.13%,44.65,44.90,44.19,53.05,0.18,0.32,45.28,42.97,43.12,45.01,3204.01,4490.01,1.11,73.1,22.1,0.0,0.0
05/28/2026,1630,FCFS,223.25,-8.07,-3.49%,231.51,233.37,221.615,52.37,0.23,0.31,182.0,219.5,222.03,232.89,-1101.01,-22162.01,1.01,70.1,38.1,0.0,5.9
05/28/2026,1630,FCG,28.80,+.19,+0.66%,28.91,29.02,28.472,40.5,0.33,0.3,27.84,28.54,28.17,31.63,-3105.01,-2847.01,6.01,61.1,95.4,-1.0,0.0
05/28/2026,1630,FDX,411.40,-.38,-0.09%,410.00,412.63,403.52,66.32,0.47,0.38,346.01,372.25,366.73,417.63,6207.01,41263.01,1.16,56.1,96.4,0.0,0.5
05/28/2026,1630,FICO,1296.36,+17.89,+1.40%,1281.70,1323.35,1269.13,74.2,0.38,0.6,1371.97,1075.0,1068.44,1357.96,14209.01,132335.01,1.2,77.1,35.1,17.2,4.4
05/28/2026,1630,FISV,55.83,+.21,+0.38%,55.47,56.18,55.06,45.2,0.46,0.41,59.89,54.08,52.81,57.94,2208.02,5735.02,2.11,37.1,72.4,-16.6,0.0
05/28/2026,1630,FIVE,224.90,+8.91,+4.13%,222.00,228.69,219.46,52.84,0.45,0.56,206.75,203.89,207.74,228.34,2201.01,22869.01,1.11,79.2,77.3,-6.7,0.0
05/28/2026,1630,FLG,14.17,+.17,+1.21%,13.95,14.205,13.875,57.81,0.25,0.34,12.08,13.79,13.09,14.46,2204.01,1440.03,3.07,13.1,22.1,0.0,0.0
05/28/2026,1630,FLNG,30.75,-.57,-1.82%,31.30,31.59,30.68,40.28,0.27,0.36,27.29,31.54,30.71,32.94,-4105.01,-3068.01,17.01,69.1,56.1,-1.8,0.0
05/28/2026,1630,FLO,7.70,-.11,-1.41%,7.70,7.805,7.645,44.27,0.62,0.55,8.7,8.08,6.62,8.43,1204.03,-680.05,19.08,70.1,100.4,0.0,0.0
05/28/2026,1630,FLUT,95.58,-.17,-0.18%,94.63,96.56,93.67,40.93,0.42,0.52,100.38,93.56,90.62,100.18,1201.04,-9152.09,23.11,68.1,62.1,-13.3,0.0
05/28/2026,1630,FND,51.42,+1.73,+3.48%,49.08,51.63,48.2601,56.95,0.56,0.63,55.82,47.55,42.56,52.98,3206.01,5163.01,1.06,88.1,87.4,0.0,0.0
05/28/2026,1630,FNF,47.56,-.51,-1.06%,47.98,48.37,47.54,39.5,0.24,0.37,48.42,46.67,46.46,50.33,-8104.1,-4693.11,24.11,76.1,48.1,-10.6,0.0
05/28/2026,1630,FORM,130.22,-2.81,-2.11%,133.02,133.02,125.50,49.85,0.76,0.91,81.01,125.72,109.6,147.66,1203.02,-11231.07,13.07,90.2,77.2,-2.8,-0.6
05/28/2026,1630,FOUR,43.83,+.88,+2.05%,42.51,44.94,42.2714,50.73,0.64,0.7,43.32,39.61,39.5,45.5,3206.01,4494.01,1.11,75.1,72.1,-0.6,0.0
05/28/2026,1630,FOXA,65.83,+.35,+0.53%,65.34,65.94,64.19,58.46,0.32,0.31,55.64,61.74,62.4,67.72,-1203.05,6696.1,10.17,29.1,76.3,0.0,1.4
05/28/2026,1630,FR,62.56,-.50,-0.79%,62.77,63.20,62.43,53.07,0.16,0.66,58.49,61.77,60.85,64.1,4206.02,6463.02,2.07,100.4,12.1,0.0,0.3
05/28/2026,1630,FROG,72.77,+1.39,+1.95%,73.50,74.19,72.01,69.18,0.88,0.63,38.81,55.0,64.66,81.2,-1102.02,7508.03,13.31,51.1,81.2,0.0,11.6
05/28/2026,1630,FRPT,53.09,+.76,+1.45%,51.72,53.61,51.36,43.87,0.61,0.55,79.14,49.57,46.05,55.15,2206.01,-4645.06,32.13,32.1,92.4,-13.2,0.0
05/28/2026,1630,FRT,121.02,-.04,-0.03%,120.59,121.39,119.87,74.47,0.19,0.23,104.08,114.65,113.1,122.81,5206.01,12139.01,1.45,58.1,63.3,3.0,3.7
05/28/2026,1630,FSLY,16.94,+.17,+1.01%,17.02,17.39,16.60,39.47,1.95,0.86,18.61,18.52,14.5,19.75,1101.03,-1570.04,16.12,49.1,87.4,-23.3,-4.3
05/28/2026,1630,FTNT,129.70,+1.77,+1.38%,128.58,129.935,126.61,75.49,0.71,0.44,77.19,104.51,118.58,141.52,-1103.03,13491.03,12.31,58.1,88.4,8.5,22.1
05/28/2026,1630,FTV,59.17,-.74,-1.24%,59.60,59.60,58.43,47.98,0.2,0.26,55.41,59.46,57.72,60.73,2101.02,6068.02,2.05,22.1,21.1,-1.5,0.0
05/28/2026,1630,FTWO,44.9547,+.3761,+0.84%,44.50,45.055,44.415,46.39,0.22,NaN,46.07,45.5,43.52,46.41,-1102.02,-4416.06,12.06,0.0,86.2,-0.1,-3.9
05/28/2026,1630,FUTU,104.91,-5.31,-4.82%,113.00,117.80,104.20,33.47,1.5,0.64,135.24,134.81,82.87,130.92,-11101.04,-8050.04,15.04,83.4,100.4,-14.3,-28.8
05/28/2026,1630,FUTY,57.75,-0.65,-1.11%,58.29,58.54,57.69,44.08,0.17,0.25,59.24,57.84,56.68,59.13,2101.03,5902.03,3.07,96.4,83.1,-5.4,0
05/28/2026,1630,FWONK,91.06,+.73,+0.81%,89.56,91.215,89.155,54.21,0.3,0.32,81.28,87.91,87.43,93.48,-3201.03,-8766.04,13.04,75.1,87.1,0.0,3.6
05/28/2026,1630,FWRG,11.69,+.19,+1.65%,11.44,11.895,11.31,49.72,0.43,0.64,11.88,11.3,10.51,12.11,2205.01,1190.01,1.11,56.1,30.1,-9.2,0.0
05/28/2026,1630,FXA,70.9743,+.2043,+0.29%,70.66,71.0177,70.6108,50.91,0.09,0.11,68.75,71.44,70.06,71.87,-5201.05,-7053.05,13.05,68.3,68.1,0.0,-4.3
05/28/2026,1630,FXB,129.2945,+.1245,+0.10%,129.10,129.37,129.05,47.91,0.07,0.08,127.55,129.83,127.56,130.67,-5203.08,-12799.09,13.09,82.3,73.2,-0.1,-2.8
05/28/2026,1630,FXC,70.88,+.238,+0.34%,70.595,70.93,70.595,42.04,0.04,0.08,71.05,71.23,70.45,71.33,-10115.01,-7060.01,19.07,26.3,15.1,-17.5,-16.2
05/28/2026,1630,FXE,107.50,+.19,+0.18%,107.42,107.60,107.31,47.16,0.05,0.07,106.41,108.17,106.39,108.49,-7201.05,-10683.05,13.05,40.1,22.1,-0.3,-8.5
05/28/2026,1630,FXF,112.50,+.41,+0.37%,112.10,112.58,112.01,50.72,0.07,0.09,112.21,112.76,111.34,113.38,-5201.05,-11160.05,14.05,56.3,26.1,-0.9,-0.8
05/28/2026,1630,FXI,34.99,-.33,-0.93%,34.71,35.05,34.63,35.03,0.22,0.23,35.33,37.07,34.47,37.45,-9109.01,-3463.01,11.01,8.1,74.2,0.0,-7.0
05/28/2026,1630,FXY,57.65,+.11,+0.19%,57.57,57.68,57.555,43.37,0.1,0.09,57.95,58.2,57.15,58.3,-3112.05,-5753.02,16.07,16.1,64.4,-10.2,0.0
05/28/2026,1630,FYBR,38.49,0,0.00%,0,0,0,73.16,0.03,0.09,37.42,38.06,37.98,38.52,4204.01,3849.01,1.05,8.1,17.1,0.0,0.0
05/28/2026,1630,GAP,25.00,+.95,+3.95%,23.87,25.315,23.755,61.0,0.51,0.65,22.03,21.23,20.3,25.4,3206.01,2532.01,1.11,77.4,83.2,0.0,0.0
05/28/2026,1630,GD,348.96,+6.27,+1.83%,345.89,351.36,342.5038,58.14,0.17,0.21,354.52,341.81,335.0,349.84,3204.01,35136.01,1.05,45.1,32.3,-0.7,0.1
05/28/2026,1630,GDAXI:DE,25092.25,-85.55,-0.34%,25083.77,25244.71,24973.25,59.44,0.21,NaN,23342.88,23920.7,23908.09,25714.66,7209.02,2539481.02,2.09,0.0,83.1,5.9,0.2
05/28/2026,1630,GDX,87.18,+1.74,+2.04%,84.53,87.995,83.32,45.33,0.52,0.49,95.96,91.63,78.49,97.39,-4109.06,-8332.01,12.06,71.1,70.1,0.0,-1.0
05/28/2026,1630,GDXJ,114.83,+2.27,+2.02%,111.05,116.205,109.40,45.12,0.55,0.53,127.79,122.27,101.97,130.21,-5109.05,-10940.01,12.06,68.1,69.1,0.0,-1.5
05/28/2026,1630,GE,320.82,+3.61,+1.14%,316.77,322.32,314.29,64.75,0.39,0.41,310.12,292.85,280.86,325.26,4206.01,32232.01,1.09,86.2,79.1,2.3,2.8
05/28/2026,1630,GEL,15.37,+.17,+1.12%,15.26,15.4699,15.19,32.15,0.28,0.36,17.69,15.65,14.99,16.6,-3103.01,-1519.01,21.01,53.1,43.4,-6.0,-2.0
05/28/2026,1630,GII,75.73,-.4286,-0.56%,76.11,76.1835,75.7165,45.28,0.16,0.2,75.14,76.0,75.04,77.04,2102.03,7710.03,3.09,81.4,97.4,-4.8,0.0
05/28/2026,1630,GIL,61.14,+.41,+0.68%,60.14,61.61,59.87,59.11,0.52,0.31,59.1,56.24,54.78,61.88,4206.01,6161.01,1.06,51.1,94.4,0.0,0.0
05/28/2026,1630,GIS,33.89,+.24,+0.71%,33.53,34.13,33.36,44.95,0.24,0.38,43.07,33.37,32.23,34.9,-7202.05,-3264.05,14.05,98.2,69.1,-2.6,-1.9
05/28/2026,1630,GK,29.7416,+.3249,+1.10%,29.58,29.92,29.58,71.15,0.21,0.18,24.66,28.1,28.11,29.98,3203.01,2992.01,1.42,16.1,89.2,0.0,11.1
05/28/2026,1630,GLASF,11.55,+.54,+4.90%,10.95,11.55,10.94,71.52,0.52,NaN,7.2,9.11,9.1,11.69,10210.01,1155.01,1.11,0.0,16.1,0.0,0.0
05/28/2026,1630,GLBE,30.09,+.73,+2.49%,29.49,30.38,29.325,48.7,0.58,0.6,33.43,29.0,26.87,31.84,1206.05,-2706.1,14.1,52.1,79.2,-3.1,0.0
05/28/2026,1630,GLD,412.77,+4.28,+1.05%,406.48,414.51,405.4108,41.02,0.2,0.25,458.93,425.85,398.86,434.32,-7109.01,-40430.02,62.02,58.1,45.1,-4.3,-1.7
05/28/2026,1630,GLIN,45.336,-.024,-0.05%,44.72,45.35,44.72,54.11,0.23,0.21,41.44,43.73,43.26,46.21,1204.04,-4352.07,15.07,76.2,85.1,0.0,0.0
05/28/2026,1630,GM,84.35,+.23,+0.27%,83.60,85.19,83.38,66.65,0.4,0.39,71.92,74.96,72.76,85.01,4206.01,8519.01,1.07,73.1,76.4,0.2,0.0
05/28/2026,1630,GME,21.68,0,0.00%,21.65,21.99,21.64,39.19,0.57,0.58,23.4,22.33,20.35,23.49,-1104.03,-2142.08,18.1,31.3,82.4,-13.9,0.0
05/28/2026,1630,GO,8.62,+.41,+4.99%,8.28,8.72,8.16,63.85,0.51,0.71,5.66,7.6,7.45,8.62,5207.01,872.01,1.07,68.1,73.1,0.0,0.0
05/28/2026,1630,GOLF,89.03,-1.39,-1.54%,89.66,90.21,88.09,45.9,0.45,0.31,90.69,84.74,83.93,92.32,3207.02,9218.02,2.15,46.1,99.4,-8.2,0.0
05/28/2026,1630,GOOG,386.12,+1.29,+0.34%,383.86,390.00,381.25,61.55,0.41,0.32,293.93,379.72,374.96,397.78,-5109.03,-37914.03,17.03,15.1,98.4,-1.2,0.0
05/28/2026,1630,GOOGL,390.13,+1.30,+0.33%,388.00,391.87,385.16,61.78,0.41,0.33,294.08,382.77,378.89,401.7,-5109.03,-38260.03,16.03,19.1,99.4,-1.3,0.0
05/28/2026,1630,GOOS,9.98,-.19,-1.87%,9.94,10.185,9.91,41.22,0.53,0.48,10.65,10.78,8.31,11.09,1202.01,-930.06,27.07,46.1,56.4,-9.7,-9.5
05/28/2026,1630,GPI,326.44,-5.26,-1.59%,329.26,332.537,320.17,47.26,0.49,0.41,306.74,335.88,295.84,353.2,1204.02,-30103.06,13.06,69.1,96.4,-0.4,0.0
05/28/2026,1630,GPN,73.95,+.49,+0.67%,73.02,75.11,72.575,64.27,0.26,0.42,71.87,67.63,66.25,76.09,5206.01,7511.01,1.1,37.1,16.1,0.1,0.0
05/28/2026,1630,GRID,193.88,-.32,-0.16%,193.62,194.80,191.5904,55.98,0.3,0.24,161.69,192.38,184.88,200.85,1204.03,-18573.06,15.06,83.1,96.2,0.0,0.6
05/28/2026,1630,GRMN,236.35,-1.62,-0.68%,235.17,237.36,232.23,45.38,0.31,0.28,233.64,235.08,224.93,246.09,2206.04,-22454.07,32.17,25.1,66.1,-0.9,0.0
05/28/2026,1630,GRNY,27.39,+.19,+0.70%,27.15,27.41,27.06,63.21,0.16,0.19,24.05,26.58,26.49,27.59,4205.01,2741.01,3.06,12.1,42.1,1.0,3.4
05/28/2026,1630,GS,1008.37,+11.90,+1.19%,986.42,1009.97,982.45,68.34,0.28,0.33,795.0,920.8,923.19,1031.93,5206.02,101654.03,3.18,65.1,63.1,14.6,2.1
05/28/2026,1630,GSG,32.11,+.19,+0.60%,32.16,32.23,31.61,42.59,0.27,0.27,26.56,31.86,31.57,35.0,-5106.01,-3161.01,8.01,64.1,76.1,-2.0,0.0
05/28/2026,1630,GTBIF,8.01,+.43,+5.67%,7.59,8.12,7.57,58.01,0.57,NaN,6.1,7.6,6.76,8.14,1203.01,812.01,1.07,0.0,22.1,-2.8,-0.4
05/28/2026,1630,GTLB,27.93,+1.41,+5.32%,27.20,28.57,26.6101,65.16,0.71,0.98,23.1,22.29,22.53,29.05,5208.01,2857.01,1.1,99.4,92.3,3.9,3.4
05/28/2026,1630,GTM,3.21,-.04,-1.23%,3.31,3.345,3.19,19.66,1.44,0.73,5.91,3.87,1.4,3.85,1203.03,-319.01,13.09,81.1,96.4,-27.8,-24.9
05/28/2026,1630,GVAL,35.70,+.08,+0.22%,35.59,35.74,35.465,56.16,0.18,NaN,32.27,35.01,34.67,36.02,2204.02,3578.02,2.07,0.0,81.1,0.0,2.1
05/28/2026,1630,GVIP,179.3678,+.8443,+0.47%,178.62,180.3899,177.2583,68.19,0.2,0.12,146.78,171.75,169.29,181.0,4205.01,18039.01,1.07,42.1,68.1,0.4,9.4
05/28/2026,1630,GVZ:CGI,24.83,+.36,+1.47%,25.31,25.43,24.71,40.53,0.47,NaN,33.52,26.48,23.01,27.27,-3106.04,-2367.04,7.04,0.0,1.1,0.0,-0.4
05/28/2026,1630,H,185.46,+2.31,+1.26%,186.49,188.50,181.61,69.63,0.39,0.41,141.65,163.2,162.61,187.47,5206.01,18850.01,1.06,77.1,79.1,6.0,2.9
05/28/2026,1630,HACK,93.88,+2.09,+2.28%,92.12,94.53,91.85,68.55,0.27,0.32,72.44,83.01,85.86,98.79,17201.03,9591.03,7.33,83.3,80.1,17.0,8.9
05/28/2026,1630,HAL,39.33,-.27,-0.68%,39.58,39.96,38.61,42.92,0.3,0.37,33.49,38.83,38.72,43.63,-2104.01,-3861.01,6.01,15.1,29.1,0.0,0.0
05/28/2026,1630,HBB,20.23,+.25,+1.25%,20.00,20.41,19.885,55.69,0.62,0.73,15.98,17.57,17.12,21.32,2206.02,-1732.06,14.1,34.1,76.2,0.0,0.0
05/28/2026,1630,HBDC,24.625,-.075,-0.30%,24.53,24.68,24.53,45.32,0.03,NaN,24.45,24.66,24.57,24.76,-1101.01,-2453.01,2.01,NaN,NaN,0.0,0.0
05/28/2026,1630,HCA,384.39,-7.76,-1.98%,389.16,391.96,381.405,21.83,0.22,0.31,522.49,420.76,368.39,434.53,-7109.01,-38141.01,9.04,66.1,29.1,-1.5,-1.1
05/28/2026,1630,HD,321.21,+3.36,+1.06%,317.45,321.88,315.16,52.8,0.28,0.32,345.64,309.11,295.54,325.58,3206.01,32188.01,1.07,87.2,84.2,-0.1,0.0
05/28/2026,1630,HELE,27.12,-.13,-0.48%,27.01,28.34,26.95,69.32,0.58,0.76,15.21,23.42,22.26,28.11,4205.01,2834.01,1.08,42.1,63.1,0.0,0.6
05/28/2026,1630,HII,320.90,+3.34,+1.05%,320.06,323.86,317.88,35.75,0.46,0.39,411.06,312.21,311.49,338.19,-10103.02,-31415.02,68.02,60.1,89.4,-20.5,0.0
05/28/2026,1630,HIMS,25.38,+.18,+0.71%,24.885,25.92,24.39,51.86,0.89,0.82,14.31,24.56,20.72,28.2,-7202.06,-2153.07,13.07,23.1,53.1,-4.1,-1.0
05/28/2026,1630,HLN,9.21,-.11,-1.18%,9.23,9.27,9.195,45.33,0.19,0.32,10.08,8.95,8.91,9.45,6208.02,938.02,2.13,80.2,32.1,0.0,0.0
05/28/2026,1630,HLT,337.55,+.83,+0.25%,335.25,338.28,333.74,64.88,0.26,0.3,290.0,312.54,308.56,338.9,6206.01,33828.01,1.18,71.1,82.3,0.0,0.6
05/28/2026,1630,HOOD,84.84,+8.61,+11.29%,74.845,84.92,73.53,60.54,0.59,0.7,72.25,74.25,72.42,84.51,-11202.01,-7353.01,1.01,48.1,38.1,-1.6,0.0
05/28/2026,1630,HPP,12.06,-.36,-2.90%,12.30,12.68,12.02,65.71,0.75,0.88,6.32,10.56,10.54,12.49,2203.01,1268.01,1.39,52.1,79.1,0.0,12.5
05/28/2026,1630,HQY,90.52,+3.96,+4.57%,86.63,91.32,86.00,65.64,0.29,0.47,75.0,80.06,80.28,91.68,6208.01,9132.01,1.07,73.2,21.1,2.1,0.0
05/28/2026,1630,HSI:HK,25006.16,0,0.00%,0,0,0,35.96,0.16,NaN,25882.95,25877.82,24787.28,26459.7,-8108.01,-2472726.01,9.01,0.0,17.1,0.0,-5.3
05/28/2026,1630,HSY,197.04,-.78,-0.39%,197.22,198.44,195.72,55.48,0.28,0.29,220.22,182.84,186.5,200.35,7202.01,19844.01,1.17,35.1,67.2,2.8,5.0
05/28/2026,1630,HTZ,5.49,+.23,+4.37%,5.25,5.63,5.15,48.23,0.82,1.01,3.89,5.69,4.47,6.19,-6201.05,-480.05,28.05,46.1,78.3,-3.3,-1.7
05/28/2026,1630,HUBS,198.80,-1.92,-0.96%,204.43,208.23,196.29,43.45,0.97,0.73,255.0,178.8,163.26,223.13,1204.07,-17325.11,15.11,82.1,96.4,-4.5,0.0
05/28/2026,1630,HUM,308.70,+2.43,+0.79%,306.31,309.71,304.00,76.7,0.5,0.42,173.82,239.65,287.64,343.65,-1105.03,31566.06,11.54,18.1,63.4,2.8,21.7
05/28/2026,1630,HYG,80.23,+.10,+0.12%,80.08,80.27,80.04,55.44,0.05,0.06,79.54,79.7,79.4,80.43,4206.01,8027.01,2.07,32.1,79.1,0.0,0.0
05/28/2026,1630,HYLS,40.84,+.05,+0.12%,40.82,41.045,40.77,48.42,0.05,NaN,40.66,40.86,40.59,41.06,1201.01,4105.01,1.03,0.0,81.1,-0.6,-2.0
05/28/2026,1630,IAK,129.55,-1.66,-1.27%,130.97,131.00,129.55,40.03,0.13,0.15,130.88,129.54,128.86,135.96,-1102.01,-12955.01,5.01,54.1,22.1,4.1,-0.1
05/28/2026,1630,IBB,172.24,+2.36,+1.39%,169.75,172.70,169.24,56.08,0.22,0.22,165.31,168.81,163.89,174.31,2205.01,-16208.07,13.07,37.1,74.1,-0.7,0.0
05/28/2026,1630,IBIT,41.56,-.89,-2.10%,41.37,41.72,41.035,38.29,0.29,0.43,37.17,45.02,40.81,46.09,-8109.01,-4104.01,16.01,3.1,7.1,-0.4,-0.2
05/28/2026,1630,IDX,10.82,+.01,+0.09%,10.82,10.89,10.78,19.79,0.27,NaN,14.1,12.55,10.14,11.57,-15114.03,-1067.03,29.05,0.0,81.1,-39.2,-33.8
05/28/2026,1630,IDXX,568.03,+17.04,+3.09%,550.99,570.26,547.90,54.8,0.3,0.31,594.32,524.62,522.27,578.19,2207.01,57026.01,1.11,49.1,59.1,0.0,0.0
05/28/2026,1630,IEF,94.54,+.22,+0.23%,94.345,94.67,94.285,51.09,0.06,0.07,96.17,94.3,93.0,95.0,2203.01,-9315.06,28.06,33.1,76.2,-0.6,-0.1
05/28/2026,1630,IFF,78.03,+1.03,+1.34%,76.48,78.44,76.10,58.03,0.68,0.32,71.21,77.07,71.03,80.69,1202.02,7933.02,2.2,38.1,95.4,0.0,4.9
05/28/2026,1630,IGLB,50.08,+.22,+0.44%,49.89,50.14,49.83,58.07,0.08,0.09,50.12,49.46,48.69,50.29,3205.01,5014.01,1.06,27.1,65.1,0.0,0.0
05/28/2026,1630,IGSB,52.48,+.05,+0.10%,52.44,52.5199,52.4229,53.76,0.03,0.03,52.74,52.34,52.18,52.54,3203.01,5252.01,1.06,66.3,71.1,0.0,0.0
05/28/2026,1630,IIGD,24.50,+.015,+0.06%,24.48,24.5171,24.48,46.62,0.03,NaN,24.8,24.56,24.3,24.6,1203.02,-2436.06,35.06,0.0,77.2,-3.7,-5.5
05/28/2026,1630,IJT,164.375,-.075,-0.05%,164.11,164.80,163.125,61.99,0.18,0.17,141.7,159.23,157.22,166.41,4205.01,16561.02,2.06,40.1,57.1,0.0,0.0
05/28/2026,1630,ILMN,158.70,+8.53,+5.68%,150.10,158.79,150.10,76.15,0.39,0.44,121.19,134.67,137.45,155.92,4205.01,15879.01,1.2,33.1,41.1,0.0,7.7
05/28/2026,1630,INDA,48.69,+.14,+0.29%,48.09,48.72,48.025,50.71,0.18,0.23,49.01,47.3,46.78,49.53,1204.04,-4713.07,15.07,81.1,82.1,-3.7,0.0
05/28/2026,1630,INDY,42.73,+.11,+0.26%,42.27,42.775,42.19,47.24,0.17,NaN,44.29,41.73,41.34,43.45,1204.04,-4169.07,34.11,62.1,71.1,-6.1,0.0
05/28/2026,1630,INFL,52.23,+.11,+0.21%,51.95,52.53,51.7801,42.47,0.13,0.25,51.87,52.23,51.98,53.81,-2103.01,-5178.01,11.01,77.1,43.1,0.0,0.0
05/28/2026,1630,INMD,14.05,+.24,+1.74%,13.79,14.0889,13.77,51.72,0.3,0.32,12.95,13.5,13.71,14.15,-10201.01,-1377.01,1.01,13.1,36.1,-7.4,0.0
05/28/2026,1630,INTC,120.89,-.88,-0.72%,121.445,123.08,116.31,66.83,0.85,0.85,41.64,109.15,105.78,130.99,-3206.07,-10240.07,13.07,94.3,78.4,0.0,4.3
05/28/2026,1630,INVH,29.38,-.03,-0.10%,29.28,29.535,29.12,65.95,0.19,0.25,25.64,28.42,28.15,29.83,6208.01,2958.02,2.09,31.1,32.1,0.0,1.2
05/28/2026,1630,IONQ,70.14,+4.74,+7.25%,64.87,71.47,64.72,74.23,1.04,1.07,33.81,45.72,47.92,73.47,5206.01,7147.01,1.07,72.2,71.2,13.8,5.2
05/28/2026,1630,IPO,55.76,+1.93,+3.59%,54.05,56.16,54.05,72.97,0.33,0.3,41.49,48.04,49.0,56.21,5206.01,5616.01,1.12,78.2,73.1,4.8,2.3
05/28/2026,1630,IRM,126.83,-.18,-0.14%,127.00,128.565,125.71,57.68,0.43,0.35,102.52,125.0,123.13,129.95,1203.03,-12205.07,15.07,41.1,94.4,-2.4,2.1
05/28/2026,1630,IRT,16.44,-.05,-0.30%,16.48,16.56,16.42,53.53,0.14,0.43,15.98,16.28,16.07,16.95,4102.03,1694.03,3.07,76.2,4.1,0.0,0.0
05/28/2026,1630,ITA,235.57,+5.09,+2.21%,231.16,236.14,230.735,65.21,0.25,0.26,236.14,221.4,216.92,235.32,4206.01,23614.01,1.23,74.1,84.1,1.8,5.4
05/28/2026,1630,ITB,93.18,-.39,-0.42%,92.59,93.47,91.73,52.37,0.33,0.36,94.53,89.79,85.9,95.21,3206.01,9570.02,2.07,90.2,77.4,0.0,0.0
05/28/2026,1630,ITW,249.64,-.65,-0.26%,247.02,249.73,246.32,40.56,0.19,0.25,269.95,249.65,245.67,254.32,-1101.01,-24632.01,33.01,79.1,46.1,-4.0,0.0
05/28/2026,1630,IVOL,17.81,-.036372,-0.20%,17.81,17.885,17.79,24.84,0.05,0.28,18.74,18.08,17.68,18.13,-13122.03,-1779.01,41.03,75.3,1.1,-18.5,-11.5
05/28/2026,1630,IWC,192.93,+1.02,+0.53%,192.20,193.24,190.20,65.89,0.26,0.26,159.14,181.49,177.6,195.4,4205.01,19324.01,1.06,78.1,69.2,1.1,2.2
05/28/2026,1630,IWF,127.12,+1.41,+1.12%,125.69,127.195,125.56,73.34,0.11,0.21,110.12,122.14,122.87,127.57,9206.01,12720.01,1.42,51.1,12.1,0.0,15.8
05/28/2026,1630,IWM,292.03,+1.66,+0.57%,289.64,292.74,287.98,66.9,0.2,0.24,244.39,278.28,274.09,294.76,4205.01,29274.01,1.06,33.1,62.1,1.5,1.2
05/28/2026,1630,IWN,215.36,+.54,+0.25%,214.55,215.645,212.90,66.44,0.17,0.21,185.09,206.63,204.5,217.24,4206.01,21565.01,1.06,60.1,35.1,1.6,0.0
05/28/2026,1630,IWO,382.78,+2.91,+0.77%,379.15,383.95,376.66,66.94,0.24,0.25,312.58,361.76,355.29,387.01,4205.01,38395.01,1.06,75.1,71.1,1.3,3.0
05/28/2026,1630,J,118.96,+3.06,+2.64%,115.37,119.48,115.00,49.16,0.52,0.34,131.4,114.14,106.8,121.39,2205.01,11948.01,1.1,69.1,95.4,-12.2,0.0
05/28/2026,1630,JACK,11.56,-.22,-1.87%,11.28,11.82,11.05,46.07,0.83,0.87,13.37,12.98,9.25,13.79,-4202.07,-1064.07,14.07,75.2,88.3,0.0,-6.6
05/28/2026,1630,JBHT,272.52,+1.65,+0.61%,269.41,274.04,266.43,68.1,0.39,0.39,206.43,231.48,242.23,283.49,5210.02,27404.01,6.1,67.1,80.2,12.1,0.0
05/28/2026,1630,JBLU,5.38,-.02,-0.37%,5.24,5.44,5.22,59.83,0.6,0.8,4.08,4.61,4.37,5.6,4205.01,544.01,1.06,39.1,56.1,0.0,0.0
05/28/2026,1630,JBSAY,14.44,0,0.00%,0,0,0,49.84,0.41,NaN,NaN,NaN,Infinity,-Infinity,2201.01,1550.01,1.04,0.0,47.1,-0.8,-0.1
05/28/2026,1630,JETS,29.14,+.06,+0.21%,28.535,29.33,28.52,67.33,0.4,0.46,23.9,25.95,24.83,29.59,4206.01,2933.01,1.06,78.1,93.2,0.8,0.7
05/28/2026,1630,JNJ,230.80,-.49,-0.21%,230.03,231.87,229.73,51.54,0.18,0.23,235.43,220.37,221.99,238.07,7211.04,23550.04,4.13,64.1,78.3,3.9,1.6
05/28/2026,1630,JNK,96.62,+.10,+0.10%,96.46,96.7001,96.42,55.99,0.05,0.07,95.68,95.95,95.6,96.86,4206.01,9670.01,1.06,37.1,69.1,0.0,0.0
05/28/2026,1630,JOBY,12.30,+.82,+7.14%,11.434,12.475,11.28,70.61,0.92,0.89,9.14,9.67,9.67,12.22,3205.01,1248.01,1.21,67.2,74.4,1.1,8.8
05/28/2026,1630,JOE,64.22,+.35,+0.55%,63.30,64.43,62.84,46.19,0.39,0.33,66.15,63.7,62.73,65.33,-1201.01,-6284.01,2.01,45.1,85.4,-6.6,1.2
05/28/2026,1630,JOET,44.46,+.27,+0.61%,44.12,44.5699,44.10,66.76,0.13,0.15,40.44,42.87,42.55,44.66,4205.01,4457.01,1.06,9.1,53.1,4.5,1.7
05/28/2026,1630,JPM,296.73,-2.55,-0.85%,297.57,301.07,295.75,42.54,0.23,0.27,280.45,295.55,294.08,308.02,-2102.01,-29575.01,3.01,44.1,71.1,-4.7,0.0
05/28/2026,1630,JPXN,99.66,+.4188,+0.42%,98.78,99.8785,98.78,59.71,0.18,NaN,89.58,98.25,97.05,100.98,1203.03,10093.11,13.25,0.0,52.1,0.0,14.1
05/28/2026,1630,JYNT,9.16,-.14,-1.51%,9.39,9.49,9.15,59.98,0.33,0.52,8.09,8.57,8.2,9.51,7208.01,949.01,1.08,29.1,45.1,0.2,0.0
05/28/2026,1630,K,83.44,0,0.00%,0,0,0,60.53,0.03,0.1,76.99,83.35,82.98,83.69,1203.03,-8305.04,9.04,25.1,26.1,0.9,-1.1
05/28/2026,1630,KBA,34.37,+.27,+0.79%,34.29,34.415,34.24,59.88,0.24,0.26,29.53,33.7,32.81,35.23,1203.03,-3301.05,11.05,67.1,90.4,0.0,0.0
05/28/2026,1630,KBWP,116.4951,-1.4749,-1.25%,117.37,118.5399,116.4951,37.15,0.14,0.1,122.14,116.91,115.72,122.8,-1102.01,-11650.01,6.01,15.1,26.1,0.0,0.0
05/28/2026,1630,KCE,151.14,-.4196,-0.28%,150.46,151.32,150.315,51.21,0.14,0.17,136.76,150.91,149.55,154.1,-1102.01,-14975.05,10.05,58.1,2.1,0.0,0.2
05/28/2026,1630,KDP,30.04,-.06,-0.20%,29.95,30.23,29.77,65.41,0.18,0.25,27.48,27.84,28.39,30.26,3204.01,3023.01,1.04,30.1,25.1,0.0,0.4
05/28/2026,1630,KEMX,51.53,+.52,+1.02%,50.84,51.725,50.5915,67.73,0.35,0.32,40.0,47.5,46.93,52.13,4205.01,5173.01,1.07,74.1,89.2,1.4,8.8
05/28/2026,1630,KHC,24.47,+.09,+0.37%,24.44,24.71,24.40,68.18,0.22,0.3,23.48,22.95,22.92,24.61,7208.01,2471.01,1.17,36.1,25.1,2.2,7.7
05/28/2026,1630,KLAC,1927.63,-29.56,-1.51%,1956.30,1960.54,1891.38,58.48,0.52,0.61,1321.02,1743.0,1732.82,2026.05,4206.02,206008.02,2.07,96.2,85.2,1.8,3.3
05/28/2026,1630,KMX,43.90,+1.64,+3.88%,41.63,44.025,41.30,65.42,0.48,0.71,39.35,36.94,35.68,43.92,4205.01,4403.01,1.06,83.2,68.1,0.5,0.0
05/28/2026,1630,KNX,75.02,+.84,+1.13%,73.68,75.66,72.79,71.65,0.58,0.43,54.21,59.34,62.9,78.5,8210.01,7566.01,6.1,70.1,96.4,18.5,0.0
05/28/2026,1630,KO,80.41,-1.21,-1.48%,81.32,81.76,80.335,55.22,0.13,0.2,76.35,77.84,78.63,83.21,12101.02,8251.02,6.27,39.1,19.1,3.3,5.8
05/28/2026,1630,KR,63.66,-1.03,-1.59%,65.09,65.51,63.23,38.3,0.31,0.37,67.18,64.04,62.59,69.96,-4103.01,-6323.01,6.01,91.3,79.2,0.0,-2.1
05/28/2026,1630,KRE,69.55,-.03,-0.04%,69.44,69.565,68.705,54.12,0.19,0.28,62.44,67.13,66.73,71.03,3206.02,7064.02,2.09,24.1,21.1,0.0,0.0
05/28/2026,1630,KSA,38.71,-.03,-0.08%,38.655,38.95,38.56,48.89,0.1,0.28,36.01,38.31,38.21,39.12,1205.01,-3818.08,40.25,77.1,16.1,-1.1,0.9
05/28/2026,1630,KSS,15.59,+2.66,+20.57%,15.51,16.22,14.78,65.92,0.86,0.69,13.86,12.46,11.04,15.33,3205.01,1622.01,1.08,13.2,75.3,-0.8,0.0
05/28/2026,1630,KVUE,17.64,-.05,-0.28%,17.59,17.76,17.565,55.74,0.19,0.26,17.93,17.13,17.0,17.82,4206.01,1776.01,1.05,9.1,24.1,0.0,0.0
05/28/2026,1630,KW,11.03,+.02,+0.18%,11.02,11.03,11.01,61.19,0.04,0.15,10.83,10.96,10.98,11.05,-1201.04,1104.08,13.17,0.1,9.1,0.0,11.6
05/28/2026,1630,KWEB,26.66,-.38,-1.41%,26.395,26.695,26.23,35.25,0.36,0.33,29.11,28.87,25.78,29.58,-7110.01,-2623.01,11.01,37.1,96.4,-0.1,-4.1
05/28/2026,1630,LAMR,152.12,+.05,+0.03%,151.74,152.485,150.87,63.28,0.37,0.29,132.0,146.6,144.43,157.79,-1201.09,15766.13,13.48,77.2,96.4,0.0,15.1
05/28/2026,1630,LCID,6.46,+.20,+3.19%,6.21,6.615,6.14,49.43,0.67,1.0,9.46,5.83,5.57,6.6,3203.01,662.01,1.05,57.1,48.1,-1.3,0.0
05/28/2026,1630,LEVI,23.72,+.34,+1.45%,23.18,23.99,23.09,67.76,0.31,0.41,18.14,21.38,20.44,23.94,4205.01,2399.01,1.06,60.1,40.1,0.0,0.0
05/28/2026,1630,LFMD,4.59,+.02,+0.44%,4.52,4.66,4.475,54.98,0.89,0.87,2.6,4.25,4.0,4.75,1202.01,466.01,1.11,44.1,67.1,-8.0,0.0
05/28/2026,1630,LFST,7.81,+.20,+2.63%,7.60,7.815,7.5878,56.06,0.9,0.45,6.74,7.59,6.93,8.22,1201.01,-724.04,15.04,25.1,88.4,0.0,0.0
05/28/2026,1630,LH,262.75,+4.50,+1.74%,258.02,264.66,255.47,55.28,0.18,0.28,264.24,252.65,251.93,263.01,4206.01,26466.01,1.05,65.1,30.1,0.0,0.9
05/28/2026,1630,LI,15.54,-.24,-1.52%,15.04,15.69,15.03,31.59,0.54,0.49,16.62,17.6,14.46,19.13,-8109.01,-1503.01,10.01,27.3,99.4,0.0,-16.5
05/28/2026,1630,LII,497.02,-6.14,-1.22%,492.00,500.44,481.49,48.26,0.36,0.41,495.34,506.84,469.33,524.65,1203.02,-47522.05,15.05,82.1,67.1,-3.6,-2.3
05/28/2026,1630,LIN,501.98,-5.89,-1.16%,507.84,508.25,498.58,47.35,0.21,0.25,478.83,492.26,495.89,522.75,-1102.01,-49858.01,4.01,70.1,89.2,4.3,3.3
05/28/2026,1630,LIT,87.50,+1.97,+2.30%,86.44,87.74,85.99,57.07,0.33,0.38,67.61,87.87,80.08,91.17,1203.01,-8220.06,15.06,82.2,58.1,-1.0,-2.5
05/28/2026,1630,LLY,1126.80,+43.88,+4.05%,1096.64,1149.10,1092.01,75.54,0.42,0.36,965.6,943.26,991.78,1135.13,13207.01,114910.01,1.21,30.1,75.3,9.2,7.5
05/28/2026,1630,LMND,58.04,+1.41,+2.49%,56.33,59.2999,55.85,51.6,0.53,0.73,48.9,52.04,52.4,59.44,6206.01,5930.01,1.07,20.1,4.1,0.0,1.2
05/28/2026,1630,LMT,537.21,+6.07,+1.14%,534.16,541.21,531.14,50.24,0.18,0.32,647.23,502.45,512.16,544.08,6218.01,54121.01,1.24,72.1,23.1,0.0,1.5
05/28/2026,1630,LNG,229.57,-1.40,-0.61%,231.96,234.2699,229.11,31.3,0.3,0.34,241.14,236.0,227.26,247.75,-7106.01,-22911.01,19.01,75.1,64.1,-16.5,0.0
05/28/2026,1630,LOGI,111.76,+1.85,+1.68%,111.52,112.89,109.82,64.83,0.42,0.39,88.25,101.86,100.1,114.96,10205.01,11289.01,1.33,63.1,94.4,3.4,3.9
05/28/2026,1630,LOTMY,29.3732,-.1168,-0.40%,29.3605,29.4200,29.1600,44.0,0.45,NaN,23.67,30.79,27.92,31.27,-3110.04,3304.15,15.21,0.0,NaN,-0.7,0.0
05/28/2026,1630,LOW,217.92,+1.08,+0.50%,217.00,218.51,214.50,40.31,0.3,0.33,243.59,224.13,207.98,227.85,-12201.03,-21105.03,27.03,77.1,81.1,-5.7,-5.8
05/28/2026,1630,LQD,109.26,+.33,+0.30%,108.99,109.41,108.87,56.25,0.06,0.07,109.77,108.45,107.24,109.62,3204.01,10941.01,1.06,38.1,71.1,0.0,0.0
05/28/2026,1630,LRCX,318.00,-.93,-0.29%,317.45,322.6399,308.74,66.01,0.56,0.68,194.08,277.77,275.02,330.22,5206.01,32264.01,1.2,80.1,70.1,4.7,9.3
05/28/2026,1630,LUV,43.31,-.37,-0.85%,43.02,43.94,42.40,62.71,0.4,0.53,38.82,38.83,37.24,44.36,4206.01,4394.01,1.06,75.1,53.1,0.1,1.7
05/28/2026,1630,LUXE,6.94,+.08,+1.17%,6.80,7.13,6.80,33.33,0.59,0.66,8.52,8.01,6.05,7.95,-10115.06,-673.03,15.06,9.1,81.2,-9.2,-13.5
05/28/2026,1630,LVS,51.11,+.05,+0.10%,50.92,52.18,50.13,45.34,0.24,0.37,51.47,51.53,47.87,52.96,1202.01,-4855.04,27.04,35.1,27.1,-5.7,-2.8
05/28/2026,1630,LW,43.53,+.76,+1.78%,42.64,43.59,41.84,53.26,0.37,0.37,44.89,40.3,40.72,44.66,-2202.05,-4056.05,7.05,41.1,72.1,0.0,0.0
05/28/2026,1630,LYB,68.35,+.68,+1.00%,68.92,69.88,68.06,39.98,0.33,0.49,55.39,70.23,66.44,75.13,-9108.01,-6700.02,17.02,50.1,10.1,-4.8,0.0
05/28/2026,1630,LYFT,13.82,+.12,+0.88%,13.58,13.98,13.375,50.91,0.33,0.56,12.83,13.29,12.77,14.33,1204.03,-1280.06,13.06,28.1,14.1,-1.4,0.0
05/28/2026,1630,LYV,167.03,+.47,+0.28%,166.00,168.5699,164.24,57.47,0.3,0.35,154.63,159.76,162.44,170.57,1202.02,17312.1,10.24,28.1,53.1,0.0,11.1
05/28/2026,1630,M,22.45,+1.40,+6.65%,21.70,22.58,21.68,71.75,0.45,0.62,17.05,18.07,18.31,22.76,6207.01,2258.01,1.09,82.2,69.2,2.7,0.0
05/28/2026,1630,MA,493.75,-1.29,-0.26%,493.34,494.58,486.35,45.36,0.24,0.26,507.34,491.73,487.2,504.08,-2103.01,-48635.01,4.01,51.1,65.2,-3.7,0.1
05/28/2026,1630,MAC,22.83,+.14,+0.62%,22.49,22.925,22.29,62.7,0.3,0.35,17.91,21.25,21.65,23.18,5207.01,2293.01,2.12,25.1,43.1,5.7,2.6
05/28/2026,1630,MAR,385.76,-.10,-0.03%,384.90,388.37,381.615,71.4,0.24,0.29,311.2,348.15,348.57,392.42,8210.01,38837.01,1.18,49.1,41.1,0.1,0.0
05/28/2026,1630,MARA,14.07,-.26,-1.81%,13.944,14.215,13.58,65.18,0.68,0.88,7.89,11.73,12.08,14.82,5206.02,1448.02,2.07,30.1,35.1,5.4,4.2
05/28/2026,1630,MCD,277.97,-2.95,-1.05%,280.01,280.22,277.52,38.13,0.19,0.22,321.32,271.98,272.82,286.44,2101.05,-27198.13,28.13,60.1,79.3,-4.1,0.0
05/28/2026,1630,MCHP,96.04,-.81,-0.84%,96.858,97.9883,93.64,58.71,0.39,0.54,61.68,94.42,89.11,101.01,2203.02,10025.02,2.05,77.1,36.3,-1.4,0.0
05/28/2026,1630,MCK,756.98,+.51,+0.07%,754.68,767.51,753.615,39.18,0.33,0.27,909.77,723.68,728.58,783.33,1201.08,-72368.13,32.13,49.1,89.4,-13.9,0.0
05/28/2026,1630,MCO,450.45,-1.11,-0.25%,454.12,455.75,447.84,52.21,0.25,0.32,447.52,444.54,427.95,459.01,4206.01,45575.01,1.06,79.1,54.1,-0.3,0.0
05/28/2026,1630,MCW,7.10,0,0.00%,0,0,0,66.52,0.05,NaN,6.96,7.04,7.02,7.12,5205.01,711.01,1.18,56.2,10.1,0.4,6.5
05/28/2026,1630,MDB,325.68,+31.22,+10.60%,321.495,331.85,316.20,60.64,0.69,0.96,229.6,282.05,287.5,344.4,1201.01,34921.07,7.33,97.4,74.1,0.0,4.3
05/28/2026,1630,MDLZ,62.39,+.14,+0.22%,62.22,62.545,61.785,62.43,0.13,0.25,57.35,60.78,60.88,62.57,5202.01,6255.01,1.06,53.1,2.1,0.0,0.4
05/28/2026,1630,MELI,1695.53,-.64,-0.04%,1705.00,1715.91,1681.00,49.97,0.61,0.39,1660.2,1536.71,1454.54,1767.2,2206.01,-149500.11,15.11,45.1,99.4,-6.4,0.0
05/28/2026,1630,META,635.29,+.035,+0.01%,639.495,643.00,629.31,56.87,0.38,0.34,626.78,592.6,596.91,636.9,2204.01,64300.01,1.05,39.1,62.1,0.0,2.4
05/28/2026,1630,MGM,42.93,+.98,+2.34%,41.93,43.20,41.18,72.54,0.41,0.4,33.45,36.74,35.43,42.65,4205.01,4320.01,1.05,41.1,82.1,0.0,0.0
05/28/2026,1630,MGPI,18.46,+.18,+0.98%,18.35,18.64,18.26,47.13,0.41,0.52,17.74,18.08,17.23,19.16,1202.01,-1751.06,16.11,46.1,66.1,-8.4,-0.3
05/28/2026,1630,MICC,16.38,+.05,+0.31%,16.20,16.48,16.16,61.01,0.69,0.43,14.89,14.57,14.71,17.31,2202.05,1703.09,9.25,NaN,NaN,5.5,1.1
05/28/2026,1630,MKOR,66.52,+1.6602,+2.56%,64.35,66.52,64.20,64.37,0.63,0.59,43.17,59.01,57.75,68.19,4205.01,6652.01,2.07,100.4,93.2,0.4,7.2
05/28/2026,1630,MLCO,5.54,+.01,+0.18%,5.49,5.6393,5.48,50.51,0.39,0.57,5.45,5.25,5.3,5.6,2203.01,564.01,1.03,60.1,54.1,0.0,3.5
05/28/2026,1630,MLM,575.14,+.75,+0.13%,570.01,576.83,565.17,48.3,0.31,0.29,589.64,577.68,518.39,592.48,1203.02,-52731.06,15.06,74.1,87.1,-2.2,-3.8
05/28/2026,1630,MNDY,77.49,+1.07,+1.40%,77.61,79.87,76.05,55.73,0.75,0.74,68.8,68.86,68.95,82.88,2208.04,8110.04,4.1,59.1,81.3,0.2,3.1
05/28/2026,1630,MNSO,12.57,+.10,+0.80%,12.35,12.6999,12.30,25.8,0.35,0.47,16.36,13.98,12.18,14.51,-16109.01,-1230.01,36.01,21.1,58.1,-7.6,-7.7
05/28/2026,1630,MNST,87.99,-1.25,-1.40%,88.48,89.14,87.70,65.64,0.5,0.25,73.35,75.38,84.24,95.09,-1101.04,8985.02,12.17,37.1,96.4,5.2,15.7
05/28/2026,1630,MO,71.97,-.14,-0.19%,72.47,72.70,71.75,55.02,0.33,0.24,65.95,68.03,68.82,76.46,1103.09,7441.07,18.29,58.1,92.4,0.0,5.6
05/28/2026,1630,MOH,178.02,+.15,+0.08%,177.50,179.17,176.0659,49.33,0.31,0.49,140.1,177.65,172.47,192.11,-8110.01,-17271.03,20.03,34.1,15.1,-1.8,0.0
05/28/2026,1630,MOO,80.30,-.15,-0.19%,80.12,80.65,79.86,37.03,0.17,0.22,81.02,81.54,79.35,82.41,-8115.01,-7968.05,16.05,83.2,80.2,-8.7,-9.1
05/28/2026,1630,MOVE:GIF,69.7379,-1.1585,-1.63%,70.8964,70.8964,69.7379,43.23,0.89,NaN,70.03,67.25,64.23,87.27,-1103.02,8532.06,6.35,0.0,82.1,0.0,0.0
05/28/2026,1630,MP,66.83,+1.62,+2.48%,64.66,68.45,64.03,56.53,0.72,0.75,56.34,63.2,53.83,70.62,3205.01,6845.01,1.06,39.1,37.2,0.0,0.0
05/28/2026,1630,MPC,251.33,+4.28,+1.73%,249.89,253.74,249.03,54.14,0.39,0.39,202.17,234.14,241.7,264.07,-1103.02,-24136.02,5.02,76.1,87.2,-1.1,0.0
05/28/2026,1630,MPLX,55.49,-.22,-0.39%,55.69,55.96,55.30,48.49,0.23,0.23,57.83,53.4,53.95,57.11,4101.02,5728.02,2.11,45.1,98.4,0.0,0.0
05/28/2026,1630,MPNGY,18.87,-.98,-4.94%,18.86,18.89,18.53,34.39,0.58,NaN,18.56,21.21,18.73,22.17,-6105.01,-1853.01,11.01,0.0,92.4,0.0,-1.7
05/28/2026,1630,MRNA,47.57,-.04,-0.08%,47.245,47.58,45.89,45.43,0.6,0.78,48.09,47.78,43.34,53.31,-3109.06,5462.12,12.19,56.1,52.2,-3.0,0.0
05/28/2026,1630,MRVL,204.83,+6.13,+3.09%,198.75,207.40,194.70,69.44,0.67,0.83,75.24,157.96,165.2,218.25,5207.02,21826.02,2.42,91.4,77.2,9.1,3.2
05/28/2026,1630,MSFT,426.99,+14.32,+3.47%,412.975,429.49,412.67,59.32,0.26,0.32,390.63,405.5,406.39,429.42,6201.01,42949.01,1.1,81.1,78.1,0.0,0.2
05/28/2026,1630,MSGS,369.96,+3.63,+0.99%,367.72,374.928,365.55,74.45,0.28,0.33,306.21,320.57,338.14,379.0,8211.01,37493.01,1.11,81.1,78.1,14.5,1.5
05/28/2026,1630,MSM,109.78,+2.29,+2.13%,107.72,110.50,106.035,68.05,0.22,0.32,87.12,103.44,103.81,110.5,3206.01,11050.01,1.06,52.1,19.1,0.2,6.3
05/28/2026,1630,MSTR,151.64,-2.56,-1.66%,148.98,153.64,144.30,39.86,0.63,0.73,127.8,175.72,141.79,187.25,-7109.01,-14430.01,13.01,30.1,53.1,-0.5,-2.4
05/28/2026,1630,MTCH,36.36,+.26,+0.72%,36.10,36.37,35.811,54.96,0.34,0.35,29.85,35.23,35.08,36.73,1203.02,3680.02,2.11,33.1,74.2,-9.3,0.0
05/28/2026,1630,MTDR,53.83,+1.35,+2.57%,53.83,54.27,52.84,39.56,0.52,0.46,51.66,54.12,51.33,61.9,-4105.01,-5284.01,21.01,48.1,96.3,-6.0,-4.6
05/28/2026,1630,MTUM,314.65,+1.32,+0.42%,313.27,316.545,310.74,70.77,0.27,0.31,238.25,292.2,292.26,319.98,4206.01,31655.01,1.41,94.2,93.2,1.8,12.3
05/28/2026,1630,MU,923.52,-4.89,-0.53%,929.83,949.4899,904.78,75.68,1.02,1.01,357.67,635.42,688.19,989.19,3203.01,94949.01,1.41,98.4,100.4,8.2,12.5
05/28/2026,1630,MUR,36.19,+.54,+1.51%,36.24,36.30,35.47,40.1,0.44,0.54,33.25,36.15,34.91,40.97,-4106.01,-3547.01,20.01,53.1,41.1,-5.5,-2.7
05/28/2026,1630,MUSA,511.57,-4.51,-0.87%,518.34,527.46,510.80,37.56,0.57,0.41,386.0,560.13,498.58,594.71,-7110.01,-51080.01,16.01,78.1,90.4,-4.7,0.0
05/28/2026,1630,MZTI,114.22,-.71,-0.62%,114.93,115.47,113.01,36.25,0.35,0.29,160.21,112.1,111.0,115.85,2204.01,11547.01,1.17,78.2,81.3,-16.1,0.0
05/28/2026,1630,N225:JP,64693.12,0,0.00%,0,0,0,66.44,0.29,NaN,53618.2,62137.95,59973.18,66310.95,5206.01,6642881.02,2.07,0.0,83.1,8.0,6.4
05/28/2026,1630,NBIS,226.34,+17.97,+8.62%,230.38,232.89,219.01,65.68,1.16,1.11,83.53,172.25,178.43,241.52,11205.01,23289.01,1.2,85.3,85.2,0.0,7.0
05/28/2026,1630,NBIX,156.39,+.56,+0.36%,155.75,157.84,154.3178,67.56,0.36,0.35,126.88,146.08,150.1,162.34,-1201.06,16239.1,11.21,44.1,76.4,0.0,17.5
05/28/2026,1630,NCLH,18.28,+.13,+0.72%,17.63,18.58,17.62,56.78,0.64,0.61,18.51,15.98,14.68,18.55,4206.01,1858.01,1.07,73.1,76.1,0.0,0.0
05/28/2026,1630,NEE,87.25,-.40,-0.46%,87.71,88.46,87.03,36.24,0.29,0.26,89.65,92.58,83.65,95.86,-8109.04,-8693.02,19.06,15.1,81.4,-5.7,-9.5
05/28/2026,1630,NEM,108.23,+1.00,+0.93%,105.25,108.704,103.62,45.75,0.47,0.47,109.3,113.32,99.66,120.35,-6102.01,-10362.01,13.05,52.1,61.1,0.0,-3.6
05/28/2026,1630,NET,228.11,+18.89,+9.03%,214.50,228.27,213.30,58.64,1.16,0.67,167.65,186.57,171.96,239.71,2205.01,-18575.11,15.11,68.1,100.4,-0.9,-1.4
05/28/2026,1630,NFLX,86.36,-.99,-1.13%,86.895,87.04,85.585,37.99,0.25,0.38,95.2,85.1,85.1,89.77,-1103.01,-8559.01,4.01,56.1,45.1,-11.0,1.1
05/28/2026,1630,NIKL,15.59,+.41,+2.70%,15.19,15.70,14.97,42.87,0.45,NaN,16.18,17.03,13.66,17.34,-6201.05,-1473.06,12.06,0.0,73.1,-1.9,-10.8
05/28/2026,1630,NKE,47.37,+1.39,+3.02%,45.97,47.645,45.56,65.43,0.29,0.45,55.39,42.06,41.45,47.5,5206.01,4765.01,1.08,65.2,38.1,0.0,0.0
05/28/2026,1630,NLR,133.31,+.79,+0.60%,131.23,133.9699,130.50,46.48,0.46,0.35,132.97,136.33,119.89,142.5,1203.03,-12358.07,15.07,37.1,73.2,-4.1,-2.6
05/28/2026,1630,NNN,44.85,+.01,+0.02%,45.18,45.18,44.605,56.21,0.11,0.23,44.38,44.05,43.76,45.65,6208.02,4534.02,2.09,47.1,1.1,2.0,2.5
05/28/2026,1630,NOAH,10.38,+.28,+2.77%,10.10,10.62,10.10,49.49,0.28,0.56,11.2,10.57,9.78,10.78,1201.01,-997.03,14.04,63.4,27.1,-1.9,-2.3
05/28/2026,1630,NORW,38.42,+.13,+0.34%,38.04,38.51,38.04,50.05,0.15,NaN,34.58,37.62,37.85,39.66,-2102.01,-3804.01,5.01,0.0,46.1,2.5,0.0
05/28/2026,1630,NOW,108.73,+6.61,+6.47%,107.00,110.16,104.60,63.48,0.55,0.63,105.1,88.69,87.99,112.92,6210.01,11016.01,1.1,93.2,81.1,4.0,2.9
05/28/2026,1630,NSA,43.42,+.42,+0.98%,42.70,43.74,42.52,59.91,0.26,0.57,32.8,42.71,41.03,44.17,2206.01,4374.01,1.07,95.4,46.1,0.0,0.0
05/28/2026,1630,NSC,307.88,-17.80,-5.47%,322.34,322.98,304.66,46.08,0.28,0.26,295.41,308.83,306.21,325.09,-1101.01,-30466.01,1.01,77.1,88.1,0.0,0.0
05/28/2026,1630,NSP,34.05,+1.10,+3.34%,33.12,34.79,32.59,60.57,1.06,0.79,20.42,30.79,29.14,34.44,2204.01,3479.01,1.16,87.1,87.4,-0.6,2.0
05/28/2026,1630,NSSC,36.77,+.61,+1.69%,36.04,36.90,35.25,37.3,0.69,0.51,40.94,38.17,33.38,39.92,-1201.04,-3522.07,19.16,60.1,100.4,-5.2,0.0
05/28/2026,1630,NTLA,13.68,+.24,+1.79%,13.47,13.99,13.20,52.56,0.71,0.88,12.55,13.42,11.44,14.62,1202.01,-1182.05,13.05,37.1,33.1,-0.7,0.0
05/28/2026,1630,NTR,69.65,+.92,+1.34%,68.73,69.89,68.64,42.57,0.4,0.34,72.25,68.14,68.2,72.83,-5116.01,-6864.01,17.01,56.1,82.3,-8.9,0.0
05/28/2026,1630,NUE,249.30,+2.83,+1.15%,245.80,250.37,241.3798,76.29,0.28,0.38,163.29,225.3,221.15,250.16,3204.01,25037.01,1.06,59.1,48.2,0.0,0.0
05/28/2026,1630,NVDA,214.25,+1.65,+0.78%,211.275,215.5191,211.22,52.59,0.4,0.43,174.64,206.5,206.79,232.04,-4105.01,-20878.02,10.02,47.1,83.3,0.0,10.0
05/28/2026,1630,NVO,45.51,+.96,+2.15%,44.05,46.05,43.95,60.13,0.3,0.41,35.85,45.19,43.18,46.96,-2201.05,-4374.05,13.05,0.1,15.1,0.0,0.6
05/28/2026,1630,NXPI,330.28,+1.04,+0.32%,330.46,338.29,324.85,71.39,0.47,0.54,193.02,288.48,283.07,341.52,6206.01,33829.01,1.07,99.2,90.4,0.0,0.0
05/28/2026,1630,NYT,75.00,+.20,+0.27%,74.72,75.99,73.99,41.75,0.39,0.34,77.85,76.35,71.56,78.29,-9202.05,-7297.05,15.05,71.1,87.4,-5.0,-6.3
05/28/2026,1630,O,61.69,-.50,-0.80%,62.10,62.4199,61.67,43.41,0.18,0.19,63.94,61.52,61.22,62.7,2101.01,6293.02,2.11,53.1,80.3,-9.6,0.0
05/28/2026,1630,OC,124.24,+1.99,+1.63%,120.71,124.64,119.2501,59.04,0.45,0.42,102.73,117.83,108.94,126.43,3205.01,12464.01,1.05,57.1,90.2,0.0,0.0
05/28/2026,1630,OIH,420.68,-4.85,-1.14%,426.93,427.0844,416.276,41.59,0.27,0.37,365.6,412.02,415.72,462.12,-2102.01,-41628.01,6.01,72.1,26.1,0.0,0.0
05/28/2026,1630,OKE,87.02,-1.19,-1.35%,89.25,89.51,87.01,43.69,0.37,0.32,82.78,83.66,84.89,96.85,-2103.01,9607.06,6.14,53.1,99.4,2.0,0.4
05/28/2026,1630,OKLO,68.09,+.27,+0.40%,66.48,70.978,65.62,52.11,1.09,1.01,56.47,69.22,54.2,77.29,1204.03,-5664.06,15.06,32.1,54.4,-1.1,-0.4
05/28/2026,1630,OKTA,94.72,+5.22,+5.83%,91.74,96.64,90.14,67.74,0.49,0.8,70.16,78.03,78.88,98.87,11210.01,9664.01,1.32,96.4,69.1,17.0,5.0
05/28/2026,1630,OLLI,82.54,+3.93,+5.00%,81.94,84.94,80.325,48.18,0.51,0.61,98.19,74.4,74.64,85.61,2201.01,8494.01,1.11,99.4,99.4,-2.9,0.0
05/28/2026,1630,OMF,54.06,-.22,-0.41%,53.97,54.45,53.60,45.79,0.31,0.33,51.36,52.1,51.76,55.58,1203.02,5539.02,2.11,28.1,67.1,-7.2,0.0
05/28/2026,1630,ON,123.77,-1.12,-0.90%,125.61,125.88,119.24,69.1,0.67,0.74,54.99,98.66,102.29,132.49,5206.02,12900.02,2.41,97.3,89.4,9.9,6.9
05/28/2026,1630,ONEW,11.35,+.20,+1.79%,11.08,11.43,10.83,57.47,0.63,0.78,8.9,11.09,9.66,12.0,1202.03,-974.05,13.05,53.1,62.1,0.0,0.9
05/28/2026,1630,ONON,39.75,+.13,+0.33%,39.19,40.07,38.58,63.43,0.37,0.48,39.06,31.62,35.12,42.06,8211.02,4128.02,2.11,44.1,44.1,14.1,1.1
05/28/2026,1630,ONTO,258.81,-8.08,-3.03%,266.17,266.23,252.575,45.22,0.56,0.74,175.49,266.52,243.23,287.92,1101.02,28469.02,2.07,86.2,54.1,-6.4,0.0
05/28/2026,1630,ORCL,203.70,+12.74,+6.67%,194.04,205.00,193.3772,66.06,0.48,0.75,141.18,180.87,182.29,202.56,2205.01,20500.01,1.34,89.3,43.1,0.0,13.5
05/28/2026,1630,ORLY,89.23,+.21,+0.24%,89.09,89.65,88.05,40.88,0.39,0.3,92.55,90.25,87.11,93.8,-3103.01,-8805.01,18.01,69.1,100.4,-7.0,0.0
05/28/2026,1630,OSCR,22.33,+.34,+1.55%,21.88,22.59,21.7343,59.87,0.68,0.68,12.97,19.23,20.85,25.46,-2105.01,2558.08,8.42,3.1,52.2,0.0,10.7
05/28/2026,1630,OSK,129.65,+.16,+0.12%,127.55,131.68,126.25,42.03,0.59,0.48,147.63,129.59,109.04,137.21,2205.01,-11677.07,15.09,86.1,98.4,-15.3,0.0
05/28/2026,1630,OTLY,10.00,-.05,-0.50%,10.02,10.1699,9.98,37.49,0.41,0.5,10.51,9.96,9.56,10.36,1202.01,-974.07,29.19,8.1,8.1,-12.2,0.0
05/28/2026,1630,OUT,32.48,-.13,-0.40%,32.50,32.88,32.38,55.99,0.37,0.22,27.53,31.57,31.3,34.06,2102.03,3398.13,13.41,8.1,80.4,1.8,7.0
05/28/2026,1630,OVX:CGI,58.30,-1.67,-2.78%,60.86,62.23,58.17,32.18,0.77,NaN,64.41,68.86,58.06,79.56,-3103.01,-5817.01,4.01,0.0,24.1,0.0,-0.5
05/28/2026,1630,OXLC,9.95,+.06,+0.61%,9.85,9.988907,9.85,50.65,0.25,NaN,8.2,9.99,9.5,10.28,-7201.03,-955.03,18.03,0.0,37.1,-2.0,-5.5
05/28/2026,1630,OXM,47.01,+.56,+1.21%,46.41,49.58,45.96,64.15,0.62,0.76,35.6,40.87,36.31,48.21,3204.01,4958.01,1.05,90.2,59.4,0.0,0.0
05/28/2026,1630,OXY,57.32,+.43,+0.76%,57.74,58.205,56.97,48.23,0.43,0.39,52.37,52.99,53.81,62.34,-1103.02,6124.06,6.14,60.1,86.3,0.0,0.0
05/28/2026,1630,PAG,168.17,-.84,-0.50%,169.01,171.2859,165.892,56.5,0.29,0.3,150.77,168.56,154.31,175.26,2204.01,-15501.05,19.05,59.1,75.4,0.0,-0.3
05/28/2026,1630,PALL,24.87,-.32,-1.27%,24.40,25.04,24.24,39.43,0.39,0.32,29.0,26.38,23.28,27.39,-8111.04,-2424.01,35.05,13.1,40.1,-2.7,-9.9
05/28/2026,1630,PAM,84.09,+.48,+0.57%,83.37,85.80,82.97,55.22,0.46,0.42,69.34,78.3,79.0,84.64,1202.01,8580.01,1.03,24.1,60.4,0.2,0.0
05/28/2026,1630,PATH,11.58,+.42,+3.76%,11.42,12.09,11.23,62.13,0.51,1.06,10.24,9.99,9.67,11.84,6208.01,1209.01,1.09,99.4,37.1,3.1,0.0
05/28/2026,1630,PBD,22.44,+.22,+0.99%,22.20,22.5799,22.155,65.67,0.31,0.43,17.01,21.08,20.5,22.87,4205.01,2258.01,1.06,67.1,96.4,0.2,1.2
05/28/2026,1630,PBH,48.47,+.20,+0.41%,47.99,48.84,47.59,36.75,0.51,0.47,64.88,49.28,42.73,51.81,1204.03,-4557.07,21.09,95.4,96.4,-12.7,0.0
05/28/2026,1630,PBJ,48.34,-.2784,-0.57%,48.49,48.5183,48.29,44.67,0.14,NaN,47.85,48.16,47.93,48.79,1101.02,-4796.08,19.11,21.2,91.2,-8.0,0.0
05/28/2026,1630,PBR,18.83,-.13,-0.69%,19.15,19.1824,18.81,36.16,0.33,0.38,16.46,19.92,18.56,20.78,-10107.01,-1881.01,18.01,65.1,63.1,-7.9,0.0
05/28/2026,1630,PCAR,112.22,-.04,-0.04%,111.60,113.07,110.61,43.96,0.25,0.3,116.55,111.23,108.19,114.38,1203.02,-10778.05,22.05,40.1,41.3,-5.6,0.0
05/28/2026,1630,PD,7.44,+.25,+3.48%,7.33,7.665,7.19,60.08,0.6,1.3,6.91,6.65,6.59,7.57,4206.01,767.01,1.06,100.4,70.1,0.0,4.3
05/28/2026,1630,PDD,83.03,-3.58,-4.13%,84.30,84.48,81.56,29.29,0.57,0.4,99.04,95.44,83.36,100.87,-9104.01,-8156.01,15.01,45.1,92.4,-1.3,-3.3
05/28/2026,1630,PEB,15.55,+.06,+0.39%,15.35,15.64,15.18,70.28,0.29,0.5,12.0,14.18,13.95,15.75,6206.01,1564.01,1.09,50.1,30.1,5.3,1.3
05/28/2026,1630,PECO,40.68,-.17,-0.42%,40.92,41.07,40.62,60.29,0.14,0.35,37.77,39.48,39.26,41.18,4206.01,4107.01,1.05,57.3,39.3,0.0,0.3
05/28/2026,1630,PENN,19.44,+.35,+1.83%,18.85,19.76,18.71,74.63,0.51,0.46,13.68,15.66,15.42,19.37,5205.01,1976.01,1.11,8.1,68.1,0.0,0.3
05/28/2026,1630,PEP,146.29,-1.45,-0.98%,147.77,148.61,145.62,38.29,0.24,0.26,156.09,148.35,143.05,154.03,-8103.03,-14550.03,14.1,59.1,77.2,-3.1,-2.6
05/28/2026,1630,PFE,26.14,-.07,-0.27%,26.165,26.28,26.01,48.89,0.17,0.26,26.2,25.6,25.24,26.42,2206.01,2628.01,1.07,28.1,9.1,-2.8,0.0
05/28/2026,1630,PFF,31.50,+.11,+0.35%,31.37,31.51,31.33,56.41,0.08,0.14,30.88,31.46,30.86,31.78,1203.01,-3098.05,13.05,94.4,73.2,0.0,-3.0
05/28/2026,1630,PFG,103.32,-1.25,-1.20%,104.08,104.6499,103.00,62.23,0.16,0.28,87.96,99.03,99.72,106.12,4206.02,10500.02,2.06,46.1,13.1,0.4,0.0
05/28/2026,1630,PFIG,23.955,+.025,+0.10%,23.95,23.97,23.92,49.78,0.04,NaN,24.22,23.96,23.69,24.08,1203.01,-2374.06,13.06,0.0,86.2,-1.1,-3.2
05/28/2026,1630,PFIX,46.67,-1.20,-2.51%,48.155,48.8372,46.34,42.68,0.3,0.43,41.51,46.86,46.12,52.28,-2104.01,-4634.01,6.01,84.2,45.1,0.0,0.0
05/28/2026,1630,PG,145.91,-1.58,-1.07%,146.70,146.70,145.0139,52.99,0.22,0.24,151.89,141.97,140.32,147.59,4202.01,14670.01,1.05,78.1,85.1,0.0,0.0
05/28/2026,1630,PGNY,25.69,+.21,+0.82%,25.46,25.85,25.2692,73.81,0.83,0.47,17.16,18.6,23.38,28.8,-1103.01,2590.05,12.38,27.1,81.4,8.7,22.7
05/28/2026,1630,PGRO,48.7802,+.6213,+1.29%,48.43,48.80,48.42,71.48,0.14,NaN,41.49,47.02,46.96,48.89,2206.01,4880.01,1.42,0.0,35.1,0.0,17.8
05/28/2026,1630,PINK,37.99,+.44,+1.17%,37.51,38.24,37.51,73.37,0.13,0.22,34.05,35.34,35.95,38.28,9206.01,3824.01,1.21,27.1,8.1,5.7,14.7
05/28/2026,1630,PINS,20.65,+.62,+3.10%,20.00,20.76,19.62,57.24,0.53,0.53,16.6,20.47,17.85,21.36,1203.01,-1802.05,15.05,44.1,81.1,-3.6,-5.3
05/28/2026,1630,PJP,110.4931,+.6535,+0.59%,110.14,110.68,110.07,64.34,0.16,0.09,103.56,105.28,104.84,111.37,4206.01,11068.01,1.53,2.1,53.1,6.6,3.2
05/28/2026,1630,PK,12.17,+.04,+0.33%,12.05,12.28,11.9837,69.08,0.31,0.38,10.34,10.88,10.7,12.39,6206.01,1228.01,1.09,31.1,35.1,2.4,0.0
05/28/2026,1630,PKB,105.52,-.0053,-0.01%,105.36,105.53,104.145,54.43,0.29,0.28,96.3,103.7,98.17,107.08,3203.01,10643.02,2.07,94.2,93.2,-5.4,-0.9
05/28/2026,1630,PLAY,13.50,+.35,+2.66%,13.07,14.03,12.76,67.33,0.56,1.02,12.8,9.72,9.69,13.86,7208.01,1403.01,1.2,92.3,19.1,0.0,0.5
05/28/2026,1630,PLD,145.64,-.88,-0.60%,145.42,147.10,144.52,59.52,0.18,0.26,129.88,142.21,141.07,148.1,6206.01,14710.01,1.17,33.1,23.1,5.3,4.5
05/28/2026,1630,PLNT,52.90,+.91,+1.75%,51.76,53.37,51.26,40.13,1.42,0.58,75.34,37.03,48.09,57.51,3210.02,5337.01,2.14,97.3,100.4,-7.6,0.0
05/28/2026,1630,PLTR,143.34,+10.83,+8.17%,133.16,145.00,133.00,56.43,0.48,0.52,138.2,132.77,131.13,142.62,-2201.01,14500.01,1.1,10.1,47.1,-7.5,0.0
05/28/2026,1630,PM,178.57,-3.47,-1.91%,182.02,183.69,178.21,50.24,0.32,0.31,166.9,168.94,173.04,199.08,-2103.01,19305.07,10.27,64.1,76.1,0.0,4.1
05/28/2026,1630,PNC,219.78,-1.02,-0.46%,219.94,221.52,218.1932,54.19,0.19,0.27,198.04,210.91,210.48,223.42,4206.01,22152.01,1.11,42.1,33.1,0.0,0.0
05/28/2026,1630,PNDRY,11.67,+.21,+1.83%,11.34,11.69,11.34,73.72,0.57,NaN,9.28,9.83,10.03,11.78,4206.01,1169.01,1.2,0.0,79.2,8.8,9.3
05/28/2026,1630,POET,13.26,-.02,-0.15%,13.065,13.55,12.62,53.58,2.21,1.51,5.91,9.03,10.68,20.28,-1108.07,2027.09,9.42,93.4,91.4,0.0,8.8
05/28/2026,1630,POOL,184.70,+.29,+0.16%,182.565,185.27,180.72,40.71,0.4,0.43,204.16,181.1,172.76,190.23,2206.02,19000.02,2.16,88.1,83.2,-9.5,0.0
05/28/2026,1630,PPLT,17.45,+.02,+0.11%,17.12,17.495,16.96,42.93,0.43,0.35,18.27,18.33,16.53,19.24,-6109.01,-1696.01,11.06,28.1,51.1,0.0,-0.3
05/28/2026,1630,PR,19.32,-.01,-0.05%,19.59,19.65,19.22,37.92,0.38,0.39,18.1,19.61,19.03,21.32,-2105.01,-1922.01,17.01,32.1,85.4,-10.4,0.0
05/28/2026,1630,PRAA,15.41,+.36,+2.39%,15.05,15.755,15.05,34.67,0.7,0.77,15.04,16.64,11.06,17.14,1204.03,-1408.05,29.1,79.1,77.2,-19.7,-2.7
05/28/2026,1630,PRGO,11.44,+.28,+2.51%,11.07,11.51,10.95,53.36,0.51,0.56,9.91,10.95,10.35,11.76,2202.01,-1052.09,15.09,67.1,76.1,-2.8,0.0
05/28/2026,1630,PRMB,24.87,+.35,+1.43%,24.30,25.16,24.16,71.62,0.52,0.45,21.49,20.74,22.44,25.17,6205.01,2516.01,1.2,37.1,78.3,0.9,13.0
05/28/2026,1630,PRVA,21.59,-.15,-0.69%,21.68,21.92,21.44,35.2,0.28,0.47,22.1,21.4,21.31,23.9,-9107.01,-2144.01,18.01,52.1,35.1,-7.4,-2.8
05/28/2026,1630,PSA,309.25,+2.46,+0.80%,305.67,311.83,302.5338,58.12,0.26,0.25,296.58,304.74,292.53,315.1,2206.01,31183.01,1.07,52.1,71.2,0.0,0.0
05/28/2026,1630,PSCE,59.60,-.30,-0.50%,60.27,60.33,59.39,40.7,0.26,0.29,55.47,58.57,59.18,64.51,-2103.01,-5939.01,6.01,33.1,46.1,-0.7,0.0
05/28/2026,1630,PSCI,172.0392,+.3601,+0.21%,169.96,172.0392,169.96,57.68,0.25,0.2,152.88,167.98,161.36,174.65,3204.01,-16180.07,15.07,51.1,86.2,-0.3,0.0
05/28/2026,1630,PSCU,65.944,-.172,-0.26%,65.944,65.944,65.944,60.85,0.17,NaN,58.32,63.04,62.73,66.35,3205.01,6594.01,1.11,0.0,77.2,0.0,0.0
05/28/2026,1630,PSP,60.54,-.49,-0.80%,60.72,61.0931,60.25,50.67,0.21,0.17,56.7,60.17,58.81,62.06,1205.03,-5846.06,29.06,47.1,67.1,-0.9,0.0
05/28/2026,1630,PSX,176.71,+2.08,+1.19%,177.25,179.40,176.03,53.97,0.35,0.37,155.77,165.44,169.56,183.78,-1201.02,-17002.02,5.02,77.1,74.3,-0.6,0.5
05/28/2026,1630,PTLO,4.26,+.13,+3.15%,4.13,4.28,4.11,40.66,0.89,0.68,4.77,4.03,3.8,4.31,3206.01,428.01,1.14,52.1,88.4,-22.6,0.0
05/28/2026,1630,PVH,96.79,+.59,+0.61%,95.28,98.22,94.11,67.33,0.51,0.59,61.35,80.02,77.34,99.33,4206.01,9822.01,1.11,86.3,81.4,0.0,0.0
05/28/2026,1630,PYPL,44.46,+.70,+1.60%,43.71,44.58,43.32,40.16,0.31,0.36,44.64,44.35,43.03,45.6,-2201.01,-4332.01,27.01,29.1,37.1,-22.3,0.0
05/28/2026,1630,PZZA,34.65,+1.41,+4.24%,33.20,35.10,32.96,52.9,0.56,0.63,29.55,30.59,31.63,35.15,1202.01,3510.01,1.13,79.3,75.1,-5.2,0.0
05/28/2026,1630,QAT,19.40,+.33,+1.73%,19.11,19.50,19.10,62.7,0.17,NaN,18.4,18.78,18.26,19.44,3203.01,1950.01,1.07,0.0,84.1,0.0,-0.3
05/28/2026,1630,QBTS,29.49,+2.01,+7.31%,27.79,30.22,27.01,67.31,1.44,1.2,17.26,20.88,18.29,31.74,5205.01,3022.01,1.06,81.2,91.4,6.9,0.0
05/28/2026,1630,QCOM,243.29,+9.89,+4.24%,236.00,249.46,231.52,68.13,1.05,0.83,132.46,187.64,188.66,259.21,4204.01,24946.01,1.37,99.4,100.4,6.2,7.0
05/28/2026,1630,QMOM,79.9555,+.6755,+0.85%,79.40,80.40,78.6193,60.05,0.32,0.22,66.68,77.31,75.06,81.46,3203.01,-7380.07,13.07,70.2,89.2,0.0,2.1
05/28/2026,1630,QQQ,735.60,+6.15,+0.84%,729.73,736.60,726.41,76.42,0.16,0.24,591.33,691.77,698.17,741.11,4206.01,73660.01,1.42,61.1,51.1,0.0,17.7
05/28/2026,1630,QS,9.13,+.02,+0.22%,8.995,9.41,8.84,65.64,0.8,1.01,6.39,7.15,7.23,9.59,4205.01,941.01,1.06,62.2,45.4,5.8,0.9
05/28/2026,1630,QSR,74.31,-.41,-0.55%,74.38,74.95,74.10,37.96,0.28,0.24,70.06,75.71,72.65,78.55,-7113.08,-7410.01,16.08,33.1,86.3,-6.1,-2.1
05/28/2026,1630,QTUM,159.06,+2.55,+1.63%,157.14,159.7462,155.51,73.25,0.34,0.37,107.17,140.1,140.61,162.89,5206.01,15975.01,1.41,97.2,88.2,13.7,12.8
05/28/2026,1630,QUBT,12.24,+.82,+7.18%,11.395,12.385,11.32,61.86,1.24,1.15,7.22,9.22,9.19,13.35,2205.03,1253.03,3.06,72.3,78.4,8.0,2.3
05/28/2026,1630,R,248.81,-.58,-0.23%,246.98,252.41,244.86,63.2,0.38,0.38,191.76,224.93,223.81,255.13,4206.01,25241.01,1.11,65.1,71.1,0.0,0.0
05/28/2026,1630,RBLX,46.83,+1.20,+2.63%,45.765,47.67,45.4097,46.7,0.98,0.69,61.67,40.95,41.47,49.55,4209.03,4853.03,3.17,55.1,100.4,-1.7,0.9
05/28/2026,1630,RCL,281.29,+6.12,+2.22%,271.28,282.23,271.00,58.25,0.5,0.54,256.16,258.0,243.71,284.11,2203.01,28223.01,1.05,80.1,77.1,0.0,0.0
05/28/2026,1630,RDNT,55.31,+1.47,+2.73%,53.62,55.34,53.18,48.13,0.35,0.51,58.7,51.78,51.02,57.41,-8201.06,-5192.06,13.08,54.1,37.1,-1.1,0.0
05/28/2026,1630,REAL,9.81,+.19,+1.98%,9.52,9.935,9.39,45.77,0.89,0.76,10.27,9.15,7.61,10.59,1203.03,-869.06,15.11,17.1,79.4,-12.9,-1.3
05/28/2026,1630,REG,78.52,-.43,-0.54%,78.84,78.86,78.20,52.7,0.14,0.22,76.66,76.98,76.33,79.68,3206.02,7955.02,2.09,31.1,24.1,0.0,0.0
05/28/2026,1630,REGN,621.52,-6.22,-0.99%,630.15,631.73,620.35,28.39,0.44,0.31,746.66,701.99,574.12,711.7,-3109.06,-62035.01,40.06,4.1,81.4,-10.0,-19.2
05/28/2026,1630,REXR,36.01,-.35,-0.96%,36.23,36.30,35.835,52.83,0.19,0.3,34.91,35.43,34.78,36.88,3206.02,3671.02,2.07,14.1,21.1,0.0,0.0
05/28/2026,1630,REZ,91.13,-.65,-0.71%,91.53,91.89,91.05,54.77,0.14,0.18,87.0,89.78,89.88,92.79,3101.02,9264.02,2.08,60.2,44.1,0.4,4.9
05/28/2026,1630,RGTI,27.03,+2.41,+9.79%,24.89,27.58,24.15,69.16,1.45,1.18,15.94,17.75,15.83,28.86,5205.01,2758.01,1.06,76.2,94.4,8.3,0.0
05/28/2026,1630,RH,149.15,+5.57,+3.88%,141.78,150.36,140.4274,65.41,0.57,0.93,130.0,126.22,120.3,150.62,5206.01,15036.01,1.06,89.2,46.1,0.0,0.0
05/28/2026,1630,RHP,115.88,+.85,+0.74%,114.49,116.12,113.985,73.19,0.23,0.34,91.87,107.24,105.21,117.72,6208.01,11612.01,1.39,71.1,45.1,2.2,3.5
05/28/2026,1630,RIOT,27.74,+.80,+2.97%,26.73,28.54,26.46,74.99,0.75,0.9,13.57,22.88,22.53,27.88,3203.01,2854.01,1.2,34.1,33.1,0.0,18.1
05/28/2026,1630,RIVN,15.20,+.50,+3.40%,14.61,15.27,14.49,55.1,0.54,0.66,14.55,13.64,13.1,15.28,4206.01,1527.01,1.17,26.1,66.1,-0.2,0.0
05/28/2026,1630,ROBO,88.92,+.26,+0.29%,88.23,89.39,87.50,65.24,0.29,0.28,69.22,83.49,82.68,90.93,4205.01,8986.02,2.06,77.3,90.2,4.6,10.4
05/28/2026,1630,ROK,454.80,-1.28,-0.28%,454.02,457.6899,447.2018,61.84,0.44,0.34,360.58,445.68,427.39,468.15,1204.03,46211.13,13.21,51.1,98.4,0.0,14.5
05/28/2026,1630,ROKU,131.09,-.82,-0.62%,131.895,131.9999,128.12,66.86,0.35,0.48,93.7,124.76,121.18,132.81,4204.01,13200.01,1.06,15.1,24.1,0.0,4.8
05/28/2026,1630,ROST,227.20,-6.27,-2.69%,232.14,233.06,225.05,55.34,0.4,0.3,194.07,211.02,206.32,239.55,4206.01,23741.02,2.1,57.1,92.4,1.9,0.0
05/28/2026,1630,RRC,39.41,+.20,+0.51%,39.54,40.065,39.0441,36.15,0.27,0.36,40.37,39.91,38.79,43.1,-4105.01,-3904.01,6.01,38.1,19.1,-2.7,-3.8
05/28/2026,1630,RRR,57.78,+.27,+0.47%,58.58,58.58,55.923,64.04,0.36,0.41,54.17,52.03,50.07,58.96,4206.01,5858.01,1.05,63.1,60.2,0.0,-0.2
05/28/2026,1630,RSI,26.37,-.71,-2.62%,27.16,27.2595,26.315,50.56,0.38,0.63,19.0,27.25,25.93,27.9,-5105.01,-2620.02,19.02,64.1,47.4,-4.7,0.0
05/28/2026,1630,RSP,208.25,+.76,+0.37%,207.38,208.89,206.64,67.2,0.11,0.16,193.97,202.17,200.96,209.39,4206.01,20889.01,1.05,75.1,24.1,3.2,0.0
05/28/2026,1630,RSPG,103.56,-.03,-0.03%,104.44,104.59,103.005,44.52,0.29,0.26,99.03,100.39,101.08,111.69,-2103.01,11148.06,6.15,91.2,98.4,0.0,0.6
05/28/2026,1630,RSPU,79.13,-1.04,-1.30%,79.95,80.40,79.125,45.44,0.17,0.16,81.11,78.52,77.47,81.04,5101.01,8086.03,3.09,57.3,92.2,-0.9,0.0
05/28/2026,1630,RTO,30.50,-.75,-2.40%,30.48,30.86,30.38,33.38,0.23,0.3,28.45,32.12,29.85,32.75,-9114.01,-3038.01,16.09,13.1,24.1,-5.1,-11.4
05/28/2026,1630,RUT,2936.5699,+16.6277,+0.57%,2915.0405,2942.6051,2897.8504,66.66,0.21,0.23,2463.38,2799.69,2759.62,2963.88,4205.01,294261.01,1.06,37.1,66.1,1.5,1.0
05/28/2026,1630,RVLV,20.43,+.21,+1.04%,20.26,20.69,19.78,45.87,0.8,0.58,22.84,18.36,17.33,21.06,3207.01,2069.01,1.13,33.1,100.4,-7.9,0.0
05/28/2026,1630,RVX,22.75,-.63,-2.69%,23.96,24.05,22.72,41.08,0.59,NaN,25.61,22.25,22.38,25.35,-1103.01,-2272.01,7.01,0.0,19.1,0.0,0.4
05/28/2026,1630,S,18.02,+.07,+0.39%,18.00,18.30,17.405,66.14,0.46,0.92,12.68,15.48,15.86,19.64,17219.03,1881.04,4.33,100.4,42.1,13.3,7.0
05/28/2026,1630,SBAC,204.62,+4.42,+2.21%,201.86,205.90,199.52,45.63,0.25,0.3,192.09,212.75,192.24,217.79,-5113.08,-19915.08,16.08,60.1,51.1,-0.6,-4.3
05/28/2026,1630,SBUX,100.75,-1.35,-1.32%,101.74,102.25,100.37,42.33,0.16,0.3,94.4,102.94,100.04,107.94,-5105.01,-10037.01,6.01,6.1,0.1,0.0,0.0
05/28/2026,1630,SCJ,105.35,-.15,-0.14%,105.29,105.86,104.95,59.19,0.14,0.26,95.8,103.29,103.64,106.95,1203.03,10664.1,13.24,82.1,50.1,0.0,20.6
05/28/2026,1630,SE,91.94,-1.52,-1.63%,92.00,93.19,90.88,55.98,0.62,0.53,77.05,81.84,83.65,95.89,1203.02,9436.02,2.13,47.1,83.2,0.1,1.4
05/28/2026,1630,SFD,26.40,-.30,-1.12%,26.64,26.70,26.31,50.2,0.18,0.29,23.67,25.24,24.98,27.05,6208.01,2681.02,2.19,27.1,19.1,0.0,0.7
05/28/2026,1630,SFM,86.69,-2.01,-2.27%,89.37,89.79,85.95,57.04,0.63,0.47,72.5,77.91,82.18,92.28,8101.07,9489.07,7.21,51.1,92.4,0.0,3.8
05/28/2026,1630,SG,10.21,+.11,+1.09%,10.02,10.535,9.85,76.66,0.82,0.91,5.16,6.16,7.26,11.16,9210.01,1054.01,2.11,59.1,75.2,23.5,0.1
05/28/2026,1630,SHAK,62.13,-2.25,-3.49%,64.00,64.00,62.04,30.8,1.27,0.51,88.71,63.51,56.97,67.82,2101.02,-5949.08,19.12,50.1,98.4,-28.9,0.0
05/28/2026,1630,SHEL,83.83,+.02,+0.02%,84.45,84.76,83.74,38.73,0.26,0.27,81.55,83.82,82.63,88.64,-2104.01,-8314.02,37.02,72.1,85.2,-4.2,0.0
05/28/2026,1630,SHO,10.91,+.03,+0.28%,10.86,10.985,10.80,70.23,0.25,0.31,9.02,10.11,10.1,11.1,19208.01,1099.01,1.38,49.1,49.2,10.0,13.9
05/28/2026,1630,SHOC,111.5753,+.7409,+0.67%,111.18,112.18,109.48,69.77,0.4,NaN,70.79,100.56,101.6,114.58,4206.01,11303.02,2.41,0.0,90.3,0.8,12.4
05/28/2026,1630,SHOO,43.40,-.08,-0.18%,43.48,43.7599,42.92,69.38,0.41,0.53,31.6,37.44,37.54,44.69,5206.01,4376.01,1.18,26.1,44.1,8.5,5.1
05/28/2026,1630,SHOP,115.03,+8.43,+7.91%,107.185,115.25,106.96,55.46,0.84,0.58,112.45,98.57,94.13,115.22,4206.01,11525.01,1.11,46.1,98.4,-14.5,0.0
05/28/2026,1630,SHY,82.26,+.04,+0.05%,82.22,82.295,82.21,50.18,0.02,0.04,82.66,82.15,82.02,82.31,2203.01,8230.01,1.17,96.3,42.1,-2.3,0.0
05/28/2026,1630,SHYG,42.54,+.05,+0.12%,42.47,42.59,42.47,54.89,0.04,0.05,42.19,42.3,42.21,42.62,4206.01,4259.01,1.07,1.1,66.1,0.0,0.0
05/28/2026,1630,SIL,90.98,+2.23,+2.51%,87.68,92.18,86.52,47.66,0.59,0.54,95.04,94.16,80.62,102.65,-3109.06,10419.11,11.21,60.1,73.2,0.0,-0.3
05/28/2026,1630,SILJ,30.28,+1.01,+3.45%,29.05,30.62,28.61,49.26,0.64,0.61,31.88,30.86,26.25,34.19,-3201.06,-2793.07,11.07,56.1,72.2,0.0,-1.5
05/28/2026,1630,SITM,729.51,+3.30,+0.45%,727.30,740.00,700.335,58.76,1.08,0.86,305.21,759.05,626.51,867.42,-4109.02,90181.13,13.41,75.1,97.4,0.0,9.7
05/28/2026,1630,SIVR,71.83,+.90,+1.27%,69.97,72.26,69.53,46.74,0.6,0.47,75.28,74.82,65.54,82.22,-2109.07,8498.11,11.21,55.1,72.1,0.0,0.0
05/28/2026,1630,SJM,104.28,+1.30,+1.26%,103.83,104.44,102.0576,64.02,0.21,0.34,108.22,95.71,98.88,105.65,10205.01,10479.02,2.15,88.3,23.1,2.9,4.1
05/28/2026,1630,SKYY,135.01,+2.70,+2.04%,133.08,135.69,132.48,70.48,0.25,0.33,105.52,124.2,125.38,136.19,4206.01,13569.01,1.33,68.1,62.1,0.0,6.8
05/28/2026,1630,SLG,45.35,+.15,+0.33%,45.10,45.665,44.62,61.13,0.37,0.52,35.03,42.96,40.5,46.37,3204.01,4567.01,1.05,78.1,58.1,0.0,0.0
05/28/2026,1630,SLV,68.36,+.86,+1.27%,66.55,68.76,66.155,46.74,0.6,0.5,71.68,71.16,62.35,78.26,-2109.07,8086.11,11.21,54.1,73.1,0.0,0.0
05/28/2026,1630,SLX,111.02,+.65,+0.59%,110.00,111.16,108.695,66.18,0.28,0.31,88.92,106.23,103.43,112.29,3204.01,11116.01,1.07,73.2,88.2,0.1,7.7
05/28/2026,1630,SMCI,41.30,+3.11,+8.14%,38.00,43.55,37.61,74.21,0.99,0.91,29.68,31.24,30.5,41.38,4206.01,4355.01,1.46,74.1,87.1,5.9,8.0
05/28/2026,1630,SMH,599.83,+4.33,+0.73%,595.81,604.74,587.31,71.39,0.4,0.5,374.16,535.92,541.0,615.82,4206.01,60474.01,1.41,97.2,93.3,2.3,11.2
05/28/2026,1630,SMIN,67.43,+.19,+0.28%,66.58,67.605,66.45,57.09,0.21,0.24,62.05,65.45,64.4,68.71,2205.02,-6480.07,14.07,78.1,71.1,0.0,0.0
05/28/2026,1630,SMPL,11.80,+.11,+0.94%,11.69,11.9594,11.52,45.51,0.42,0.59,15.2,11.24,10.85,12.24,-6202.11,-1089.06,22.11,75.2,73.1,-11.4,0.0
05/28/2026,1630,SN,119.48,+2.53,+2.16%,116.54,120.735,114.82,61.28,0.45,0.48,106.18,104.74,101.12,121.42,4205.01,12074.01,1.06,38.1,69.1,0.0,0.0
05/28/2026,1630,SNAP,5.91,+.03,+0.51%,5.87,5.95,5.74,56.66,0.4,0.65,4.93,5.44,5.33,6.09,2205.01,-526.09,15.09,35.1,28.1,-5.0,0.0
05/28/2026,1630,SNDR,35.45,+.46,+1.31%,34.60,35.75,34.21,71.14,0.6,0.43,24.57,28.59,30.22,37.04,7210.01,3575.01,6.1,56.1,98.4,18.3,0.0
05/28/2026,1630,SNOW,239.20,+63.94,+36.48%,237.00,244.92,229.49,84.93,1.17,0.62,156.87,144.48,158.58,230.32,12215.01,24492.01,1.16,73.4,100.1,14.1,5.5
05/28/2026,1630,SOFI,16.97,+.80,+4.95%,16.02,17.08,15.82,55.6,0.42,0.62,16.8,15.52,15.24,16.85,3205.01,1708.01,1.06,21.1,19.4,0.0,0.6
05/28/2026,1630,SOLZ,8.22,-.19,-2.26%,8.12,8.315,8.01,41.11,0.49,0.54,8.36,8.86,7.82,9.57,-6109.01,-801.01,13.01,13.1,8.1,0.0,-1.4
05/28/2026,1630,SOYB,25.22,+.30,+1.20%,25.02,25.24,24.99,57.58,0.14,0.18,23.61,24.56,24.68,25.48,-1201.03,-2462.09,11.09,56.1,70.2,0.0,0.1
05/28/2026,1630,SPDN,8.64,-.05,-0.58%,8.68,8.70,8.63,29.18,0.1,NaN,9.43,8.77,8.59,8.86,-17106.01,-863.01,42.01,65.2,21.1,-18.1,0.0
05/28/2026,1630,SPG,206.77,0,0.00%,205.96,207.5351,204.70,59.43,0.2,0.25,187.11,200.0,199.91,209.36,4206.01,20879.02,2.06,40.1,65.1,0.4,0.6
05/28/2026,1630,SPGI,417.68,+1.88,+0.45%,414.00,421.19,413.35,47.69,0.25,0.32,431.42,416.26,399.52,426.57,2202.01,-40320.08,22.08,71.1,58.1,-3.8,0.0
05/28/2026,1630,SPHD,50.09,-.10,-0.20%,50.26,50.35,50.017,53.6,0.11,0.11,50.54,49.28,49.24,50.65,5208.02,5060.02,2.08,31.1,40.3,0.0,0.0
05/28/2026,1630,SPHR,133.75,+2.24,+1.70%,131.56,136.49,130.10,51.5,0.55,0.56,109.61,124.11,126.97,138.52,1201.01,-12411.12,16.12,43.1,71.1,-5.6,0.0
05/28/2026,1630,SPLV,72.92,-.66,-0.90%,73.46,73.52,72.91,43.92,0.09,0.12,74.91,72.36,72.32,74.28,4101.02,7419.02,2.11,64.1,31.1,0.0,0.0
05/28/2026,1630,SPMO,150.13,+.53,+0.35%,149.53,151.1199,148.2301,72.07,0.27,0.21,116.23,138.52,139.87,152.77,4205.01,15112.01,1.42,84.2,95.4,0.1,14.3
05/28/2026,1630,SPOT,516.71,+3.88,+0.76%,512.00,527.74,512.00,63.6,0.56,0.45,492.0,412.99,411.47,556.61,9212.01,53013.02,2.2,46.1,79.4,0.0,0.0
05/28/2026,1630,SPX,7563.63,+43.27,+0.58%,7519.82,7568.72,7508.04,72.73,0.1,0.16,6636.04,7321.25,7347.57,7598.26,4206.01,756872.01,1.42,24.1,33.1,0.0,16.1
05/28/2026,1630,SPY,754.60,+4.14,+0.55%,750.25,755.15,749.23,73.2,0.1,0.16,662.39,729.75,732.61,758.18,4206.01,75515.01,1.42,21.1,25.1,0.0,16.0
05/28/2026,1630,STKL,6.50,0,0.00%,0,0,0,65.19,0.03,0.18,4.64,6.47,6.47,6.51,-2201.01,-647.01,6.01,1.1,3.1,0.0,0.0
05/28/2026,1630,STLD,260.75,+2.53,+0.98%,257.01,261.835,250.51,75.5,0.34,0.47,175.01,230.26,223.26,262.05,4205.01,26183.01,1.06,83.1,55.1,0.0,0.1
05/28/2026,1630,STZ,142.13,-1.59,-1.11%,141.50,143.825,135.26,39.02,0.35,0.37,144.61,141.32,137.93,153.18,-1102.01,-13526.01,32.01,63.2,80.2,-3.3,0.0
05/28/2026,1630,SU,63.31,-.66,-1.03%,64.89,64.89,63.265,40.97,0.39,0.34,55.29,62.74,62.34,70.59,-3104.01,-6327.01,7.01,70.1,96.4,0.0,0.0
05/28/2026,1630,SVV,9.01,+.53,+6.25%,8.56,9.03,8.505,64.94,0.6,0.58,8.16,7.31,6.9,9.11,4206.01,903.01,1.11,12.1,87.4,0.0,0.0
05/28/2026,1630,SWBI,15.22,-.02,-0.13%,15.22,15.44,14.945,54.47,0.26,0.6,11.65,14.26,14.42,15.95,4210.02,1575.04,4.11,77.4,36.1,2.5,0.0
05/28/2026,1630,SWKS,81.41,+2.73,+3.47%,78.65,82.08,77.90,67.6,0.85,0.61,52.17,64.56,66.17,87.4,22209.02,8518.02,2.39,96.2,100.4,6.4,6.2
05/28/2026,1630,SXT,116.61,-1.18,-1.00%,116.76,117.802,114.8781,59.59,0.3,0.35,87.89,115.58,112.26,118.61,3203.01,11780.01,1.04,64.1,64.1,-0.8,0.6
05/28/2026,1630,SYF,71.47,-.62,-0.86%,71.62,71.67,70.08,46.14,0.27,0.33,63.74,69.1,69.06,73.78,2206.02,-6832.06,27.06,25.1,53.1,-8.1,0.0
05/28/2026,1630,SYY,75.92,+.70,+0.93%,76.27,76.42,74.93,55.13,0.17,0.26,82.76,71.58,72.08,78.05,4208.04,7709.04,4.15,76.1,33.1,0.5,0.1
05/28/2026,1630,T,24.88,-.01,-0.04%,24.96,25.14,24.73,42.33,0.2,0.27,27.39,24.66,24.14,25.54,1201.04,-2385.08,42.08,50.1,50.1,-6.4,0.0
05/28/2026,1630,TAN,71.93,+1.42,+2.01%,70.52,72.50,70.35,74.36,0.39,0.47,51.8,59.39,60.76,73.18,4206.01,7250.01,1.37,90.2,61.2,14.8,8.3
05/28/2026,1630,TAP,40.57,-1.30,-3.10%,41.18,41.33,40.365,39.59,0.3,0.34,45.32,40.7,39.87,42.9,-2101.01,4318.06,6.1,60.1,83.1,-1.4,-0.3
05/28/2026,1630,TBIL,49.85,-.14,-0.28%,49.845,49.85,49.84,35.43,0.01,NaN,49.86,49.88,49.86,50.01,-1101.01,-4984.01,3.01,0.2,43.1,0.5,2.6
05/28/2026,1630,TCEHY,54.62,-.95,-1.71%,54.36,54.71,54.12,29.52,0.29,NaN,63.29,57.91,53.42,59.98,-9110.01,-5412.01,11.01,0.0,56.1,-6.3,-4.1
05/28/2026,1630,TCNNF,9.674,+1.234,+14.62%,8.440,9.690,8.375,62.29,0.99,NaN,5.84,8.0,6.91,9.51,1203.01,969.01,1.08,0.0,65.3,-6.1,0.0
05/28/2026,1630,TEAM,93.29,+4.22,+4.74%,90.99,95.23,88.98,62.47,1.1,0.75,71.0,83.38,79.53,94.28,2204.01,9523.01,1.33,68.1,94.4,-3.0,4.4
05/28/2026,1630,TEVA,34.52,-.04,-0.12%,34.18,34.84,33.69,54.76,0.19,0.39,29.92,34.91,32.98,36.12,-6110.05,-3369.01,18.05,37.1,0.3,-1.1,0.0
05/28/2026,1630,TFLO,50.62,0,0.00%,50.62,50.63,50.62,66.61,0.01,0.02,50.48,50.51,50.57,50.64,5212.01,5063.01,3.17,59.2,15.2,0.0,16.5
05/28/2026,1630,TGS,30.78,+.42,+1.38%,30.58,31.36,30.088,52.58,0.51,0.54,27.85,29.04,28.59,31.01,1202.01,3136.01,1.03,20.1,74.4,-1.0,-0.8
05/28/2026,1630,TGT,128.65,+.32,+0.25%,129.76,130.20,127.75,56.66,0.37,0.33,111.25,117.67,119.59,130.69,3205.01,13020.01,1.05,10.1,90.4,-0.8,0.0
05/28/2026,1630,THC,173.20,-7.86,-4.34%,179.19,180.36,172.39,36.58,0.39,0.49,228.48,187.34,166.45,200.98,-6108.01,-17159.03,11.03,82.2,70.1,0.0,0.0
05/28/2026,1630,THD,74.00,+.61,+0.83%,73.22,74.11,73.22,61.48,0.23,0.28,64.92,69.67,70.38,74.55,4206.01,7411.01,1.25,75.2,62.1,6.1,4.6
05/28/2026,1630,TIGR,5.01,-.09,-1.76%,5.01,5.07,4.8301,34.85,1.26,0.89,6.98,6.15,4.13,6.29,-15110.03,-465.03,29.03,95.4,100.4,-8.3,-20.4
05/28/2026,1630,TIP,111.18,+.30,+0.27%,111.06,111.27,110.97,55.43,0.03,0.07,111.04,110.95,109.95,111.52,2203.01,-11010.06,24.06,90.3,40.1,0.0,-2.6
05/28/2026,1630,TJX,154.89,-2.12,-1.35%,156.02,157.63,153.771,49.52,0.27,0.23,155.11,147.11,145.55,163.19,5207.02,16089.02,2.1,48.1,100.4,1.7,0.0
05/28/2026,1630,TKO,200.54,+12.90,+6.87%,186.48,202.50,186.38,63.27,0.33,0.41,197.54,182.24,183.11,200.8,-1201.01,20250.01,1.11,84.1,71.1,1.0,0.0
05/28/2026,1630,TKR,126.78,-.38,-0.30%,126.16,126.82,123.73,68.38,0.52,0.41,96.27,114.01,110.44,130.08,4206.01,12831.02,2.07,88.2,99.4,8.2,6.7
05/28/2026,1630,TLT,85.74,+.44,+0.52%,85.36,85.845,85.27,54.24,0.1,0.11,88.02,84.92,82.89,86.38,2204.01,-8304.06,25.06,6.1,56.2,0.0,0.0
05/28/2026,1630,TME,9.09,-.12,-1.30%,8.98,9.155,8.77,45.77,0.45,0.51,13.35,8.96,8.56,9.5,-9203.09,-844.09,12.09,67.1,61.1,-0.1,0.0
05/28/2026,1630,TMO,487.22,+31.01,+6.80%,461.25,491.01,461.23,60.38,0.35,0.34,492.13,447.88,428.93,480.0,1202.01,49101.01,1.08,68.1,72.1,-1.0,0.0
05/28/2026,1630,TMUS,189.01,-1.80,-0.94%,191.31,192.265,188.11,43.77,0.19,0.3,213.75,189.46,184.47,193.61,5101.01,19227.01,1.08,52.1,21.3,-4.1,0.1
05/28/2026,1630,TNET,45.41,+1.79,+4.10%,43.74,45.75,42.99,64.07,0.51,0.73,36.24,40.95,39.73,45.55,3208.01,4575.01,1.1,98.1,86.1,-0.4,1.5
05/28/2026,1630,TNX:CGI,44.55,-.26,-0.58%,45.08,45.10,44.37,49.97,0.19,NaN,39.96,43.14,43.7,47.03,-1103.03,4659.06,6.29,0.0,82.2,1.4,0.9
05/28/2026,1630,TOKE,5.24,0,0.00%,0,0,0,45.92,0.28,0.88,5.85,4.96,5.12,5.4,-1102.02,-508.02,16.02,56.2,35.2,-0.6,0.5
05/28/2026,1630,TOST,24.96,+.46,+1.88%,24.50,25.245,24.325,48.24,0.7,0.54,26.61,22.93,19.81,26.29,2204.01,-2229.1,15.1,49.1,96.4,-11.5,0.0
05/28/2026,1630,TPB,88.35,-1.64,-1.82%,88.90,89.4899,86.24,51.75,0.48,0.53,85.4,83.51,87.08,93.09,-1104.01,-8624.01,13.01,75.1,65.1,0.0,11.9
05/28/2026,1630,TPL,401.32,-4.77,-1.17%,407.02,412.8699,399.68,43.64,0.31,0.46,511.16,389.39,384.26,410.88,3206.01,41287.01,1.1,47.1,12.1,-7.9,0.0
05/28/2026,1630,TPR,145.39,+6.56,+4.73%,137.62,145.56,136.89,58.13,0.59,0.4,137.85,128.34,128.8,146.26,3206.01,14556.01,1.12,35.1,92.4,0.0,0.0
05/28/2026,1630,TPYP,42.1611,-.3589,-0.84%,42.78,42.78,42.11,44.29,0.2,0.22,41.66,41.35,41.53,44.96,-2103.01,4458.06,6.29,56.3,100.4,3.1,0.0
05/28/2026,1630,TRIP,10.90,+.71,+6.97%,10.10,11.02,10.10,58.58,0.57,0.62,9.61,9.41,8.93,11.04,2206.01,1102.01,1.11,56.1,72.2,-5.3,0.0
05/28/2026,1630,TRP,67.63,-.57,-0.84%,68.49,68.565,67.40,54.5,0.23,0.23,62.85,64.44,65.39,72.46,-1102.02,7147.04,4.29,37.1,94.4,13.5,2.1
05/28/2026,1630,TRU,71.66,+.82,+1.16%,70.06,71.949,69.45,54.64,0.37,0.46,72.94,68.78,64.97,73.61,2206.01,-6451.06,27.06,55.1,46.1,0.0,0.0
05/28/2026,1630,TSLA,442.10,+1.74,+0.40%,437.615,443.96,436.30,63.61,0.39,0.53,381.4,402.12,401.17,456.16,1204.03,45340.11,11.35,48.2,28.2,0.0,9.1
05/28/2026,1630,TSM,424.86,+2.13,+0.50%,422.22,427.5969,414.71,63.55,0.37,0.49,331.92,386.12,390.72,427.81,3203.01,42760.01,1.07,80.1,64.1,0.0,0.9
05/28/2026,1630,TSN,62.00,-4.02,-6.09%,63.68,64.215,61.98,35.55,0.39,0.28,59.78,65.15,62.65,68.63,-4110.01,-6198.01,16.01,63.1,100.4,-1.1,0.0
05/28/2026,1630,TT,452.26,-5.42,-1.18%,455.26,456.52,446.8205,44.21,0.31,0.32,413.93,464.05,437.03,479.16,-12102.04,-44409.04,15.06,73.1,75.1,-4.2,-3.7
05/28/2026,1630,TTD,21.15,-1.14,-5.11%,21.24,21.76,20.80,43.45,0.53,0.66,22.88,20.73,19.77,23.38,2101.02,2336.02,2.1,47.1,55.1,-2.1,0.0
05/28/2026,1630,TTE,87.17,+.51,+0.59%,88.51,88.56,87.0201,39.42,0.25,0.28,76.56,87.73,86.4,94.77,-2104.01,-8702.01,6.01,72.1,68.1,0.0,0.0
05/28/2026,1630,TTWO,217.87,-.59,-0.27%,219.67,221.48,216.31,43.71,0.37,0.4,208.01,219.04,210.59,247.83,-4104.01,-21631.01,4.02,60.1,88.2,0.0,0.0
05/28/2026,1630,TUA,20.65,+.025,+0.12%,20.61,20.72,20.60,43.73,0.07,0.11,21.54,20.68,20.37,20.84,-15202.04,-2044.04,29.06,17.1,61.1,-6.0,-4.4
05/28/2026,1630,TUR,38.51,+.33,+0.86%,38.36,38.62,38.255,39.46,0.48,0.39,37.15,42.51,35.3,41.96,-7112.05,-3640.05,13.05,80.2,100.4,-2.8,-27.8
05/28/2026,1630,TWLO,184.60,+3.03,+1.67%,186.00,188.74,182.10,56.16,0.86,0.54,117.99,191.47,177.95,199.83,-7109.01,-18091.02,15.02,53.1,89.4,-0.2,0.1
05/28/2026,1630,TXG,27.99,+2.48,+9.72%,25.23,28.17,25.20,71.58,0.65,0.7,20.25,19.82,20.58,28.04,6207.01,2817.01,1.07,11.1,52.1,0.9,0.0
05/28/2026,1630,TXRH,180.35,-1.14,-0.63%,180.24,182.68,179.04,61.05,0.48,0.3,164.71,155.89,170.49,194.33,-1101.04,18490.02,11.17,48.1,98.4,0.9,10.0
05/28/2026,1630,TXT,91.92,-.40,-0.43%,92.36,93.36,91.507,52.64,0.36,0.29,91.36,89.16,88.42,93.33,3204.01,9336.01,1.05,53.1,88.4,-2.8,0.8
05/28/2026,1630,TYX:CGI,49.85,-.26,-0.52%,50.29,50.53,49.74,46.8,0.14,NaN,46.57,49.17,49.28,52.0,-3104.01,5177.06,6.35,0.0,67.4,0.1,0.0
05/28/2026,1630,U,29.94,+2.18,+7.85%,27.45,30.095,27.312,69.61,0.47,0.72,17.58,25.81,25.02,29.39,3203.01,3010.01,1.04,35.1,9.1,0.0,0.0
05/28/2026,1630,UA,5.84,+.20,+3.55%,5.60,5.93,5.5689,55.59,0.78,0.76,5.9,4.67,4.45,6.18,3204.01,593.01,1.1,76.1,91.4,-2.8,0.0
05/28/2026,1630,UAA,5.99,+.21,+3.63%,5.76,6.10,5.72,55.3,0.79,0.6,6.1,4.81,4.54,6.35,3204.01,610.01,1.1,48.1,90.4,-3.1,0.0
05/28/2026,1630,UAE,19.63,+.46,+2.40%,19.30,19.67,19.1079,57.8,0.23,0.34,18.49,18.86,18.48,19.64,2202.01,1967.01,1.06,90.2,72.1,-1.3,0.0
05/28/2026,1630,UAL,115.06,+2.44,+2.17%,109.83,115.95,109.2843,72.14,0.57,0.55,84.7,94.34,89.57,115.49,5206.01,11595.01,1.06,54.1,82.1,3.1,3.2
05/28/2026,1630,UBER,70.92,+.19,+0.27%,70.17,71.14,69.58,39.24,0.37,0.37,71.94,74.4,68.82,76.48,-8111.01,-6958.01,15.01,19.1,85.3,-1.3,-2.5
05/28/2026,1630,UFO,67.805,+1.155,+1.73%,66.385,68.2121,65.54,79.63,0.44,0.69,43.54,50.78,57.35,70.57,10214.01,6821.01,2.21,99.4,79.2,26.1,12.9
05/28/2026,1630,UGA,107.74,+1.34,+1.26%,106.98,107.77,105.25,41.77,0.42,0.48,74.69,110.67,104.14,124.95,-6106.01,-10525.01,8.01,72.1,84.1,-0.8,0.0
05/28/2026,1630,UHAL,59.05,+7.01,+13.47%,52.77,59.15,51.65,75.26,0.51,0.3,47.82,50.61,48.53,57.59,2206.01,5915.01,1.07,15.1,92.1,0.0,0.0
05/28/2026,1630,UHS,150.12,-4.17,-2.70%,153.34,153.88,149.15,23.39,0.19,0.38,181.43,166.05,148.06,173.47,-7108.01,-14915.01,34.01,69.1,3.1,0.0,0.0
05/28/2026,1630,UL,57.03,-.97,-1.67%,57.43,57.72,56.99,44.46,0.25,0.24,65.51,57.02,56.04,58.48,1101.02,-5619.09,16.09,61.1,76.1,-5.0,0.0
05/28/2026,1630,ULS,99.57,-1.03,-1.02%,99.89,99.99,97.325,56.45,0.62,0.43,78.0,94.11,97.29,103.58,-1101.01,-9733.01,15.01,73.1,91.4,0.0,11.9
05/28/2026,1630,ULTA,520.15,+12.80,+2.52%,505.01,521.78,502.13,50.91,0.3,0.53,615.0,493.26,475.39,531.63,3205.01,52700.02,2.07,98.4,64.1,-2.0,0.0
05/28/2026,1630,UNG,11.89,+.71,+6.35%,11.29,11.9321,11.285,60.59,0.46,0.55,11.64,10.29,10.54,12.1,1201.01,1193.01,1.2,23.1,43.1,0.0,0.6
05/28/2026,1630,UNH,382.53,-1.48,-0.39%,384.96,389.26,380.955,59.73,0.24,0.31,278.66,364.72,370.0,404.04,-1106.05,40415.11,11.42,2.1,17.1,0.0,4.2
05/28/2026,1630,UNP,267.00,-12.39,-4.43%,275.66,276.29,264.835,51.65,0.27,0.28,247.65,261.04,261.31,278.7,2101.01,27629.01,1.49,86.1,85.1,0.0,0.4
05/28/2026,1630,UPBD,19.42,+.53,+2.81%,18.89,19.58,18.75,61.67,0.4,0.63,18.02,17.56,16.55,19.45,3205.01,1958.01,1.09,80.1,25.1,0.0,0.0
05/28/2026,1630,UPS,106.67,+2.20,+2.11%,104.00,106.8799,103.053,62.05,0.48,0.31,97.01,96.9,95.52,106.39,5206.01,10688.01,1.17,36.1,97.4,0.0,0.0
05/28/2026,1630,UPST,32.69,+1.97,+6.41%,30.14,32.73,29.93,61.19,0.67,0.8,25.6,27.57,27.01,32.39,3203.01,3273.01,1.11,36.1,49.1,-3.9,0.0
05/28/2026,1630,URA,50.75,+.59,+1.18%,49.38,50.9633,48.97,46.83,0.55,0.56,47.45,52.61,44.18,55.57,-7203.06,-4701.06,15.06,50.1,74.2,-3.1,-6.2
05/28/2026,1630,URBN,74.85,-.30,-0.40%,74.17,76.48,73.69,61.37,0.36,0.44,61.41,64.73,66.53,77.8,5206.01,7648.01,1.11,17.1,40.2,0.0,0.0
05/28/2026,1630,URI,988.42,+.18,+0.02%,978.88,994.45,967.12,65.22,0.31,0.35,784.26,931.45,922.22,996.56,2203.01,99445.01,1.05,45.1,46.1,0.0,2.8
05/28/2026,1630,URNJ,28.26,+.34,+1.22%,27.70,28.4099,27.23,45.68,0.59,0.59,29.1,29.76,23.92,31.3,-8202.05,-2556.06,13.06,55.1,46.1,-4.9,-6.7
05/28/2026,1630,URNM,61.35,+.87,+1.44%,59.995,61.675,59.0765,46.48,0.53,0.53,62.0,63.28,53.38,66.74,-7203.06,-5669.07,15.07,50.1,63.1,-4.4,-5.4
05/28/2026,1630,USCI,98.61,+.63,+0.64%,98.25,98.665,97.56,47.58,0.15,0.31,85.74,97.32,97.11,102.95,-4106.01,-9756.01,11.01,83.1,60.1,0.0,0.0
05/28/2026,1630,USD/JPY,159.261,0,0.00%,0,0,0,58.062,0.024,NaN,158.328,158.306,158.792,159.635,7204.02,15965.02,2.24,0.0,0.1,0.0,23.8
05/28/2026,1630,USFD,81.15,-1.24,-1.51%,82.03,82.275,80.71,34.51,0.29,0.29,86.63,82.39,78.29,85.56,-5101.11,-7952.05,16.12,53.1,71.1,-18.0,0.0
05/28/2026,1630,USPH,63.89,-.28,-0.44%,63.76,64.345,62.195,43.79,0.92,0.4,77.94,58.19,58.84,66.78,1205.02,-5890.13,16.13,61.1,100.4,-14.7,0.0
05/28/2026,1630,UTI,39.03,-.37,-0.94%,39.89,40.23,38.80,54.11,0.64,0.53,33.67,31.42,35.31,42.59,2204.03,4137.03,3.06,58.1,80.4,4.3,0.0
05/28/2026,1630,UTZ,7.50,+.05,+0.67%,7.41,7.57,7.38,48.32,0.57,0.45,8.16,7.2,6.93,7.95,1207.05,-692.09,15.1,46.1,87.4,-0.6,0.0
05/28/2026,1630,UUP,27.70,-.05,-0.18%,27.77,27.79,27.69,55.87,0.05,0.07,27.28,27.3,27.4,28.01,8101.05,2783.05,6.14,16.1,22.1,10.0,1.0
05/28/2026,1630,V,324.95,-2.66,-0.81%,326.01,327.08,320.90,52.4,0.17,0.24,310.15,316.16,319.6,335.49,-1103.01,-32090.01,4.01,33.1,25.4,0.0,3.7
05/28/2026,1630,VET,11.38,+.03,+0.26%,11.54,11.66,11.35,37.12,0.6,0.61,10.7,11.4,11.11,13.3,-3106.01,-1135.01,20.01,63.1,85.3,-6.3,0.0
05/28/2026,1630,VFC,17.93,+.52,+2.99%,17.27,18.07,16.975,51.8,0.47,0.53,15.98,17.25,15.37,18.63,2202.01,-1556.05,27.05,7.1,46.3,-5.2,-3.5
05/28/2026,1630,VG,12.54,+.17,+1.37%,12.60,12.82,12.43,46.03,0.88,0.74,10.5,11.16,11.29,15.34,-1103.02,1490.06,6.13,19.1,68.1,0.7,0.1
05/28/2026,1630,VGK,89.03,-.29,-0.32%,88.75,89.42,88.51,56.96,0.22,0.18,82.04,86.49,86.18,90.22,5206.01,8970.02,2.21,71.1,89.3,2.5,4.1
05/28/2026,1630,VHT,281.77,+3.89,+1.40%,278.49,282.31,278.03,63.76,0.14,0.16,279.19,267.33,268.41,283.68,6207.01,28231.01,1.07,61.1,43.1,2.6,0.0
05/28/2026,1630,VIK,92.34,-.21,-0.23%,91.63,93.6999,91.15,65.81,0.5,0.49,65.65,79.6,78.95,93.53,3205.01,9370.01,1.21,73.1,84.1,3.7,2.4
05/28/2026,1630,VIR,9.55,+.45,+4.95%,9.02,9.64,8.86,52.27,0.54,0.64,8.67,9.11,8.58,9.66,2204.01,964.01,1.08,22.1,26.1,-10.5,0.0
05/28/2026,1630,VIX,15.74,-.55,-3.38%,16.76,16.85,15.61,37.18,0.59,0.86,20.4,16.82,15.48,18.31,-7107.01,-1561.01,8.01,2.1,4.1,-1.2,0.0
05/28/2026,1630,VKTX,32.19,+.53,+1.67%,31.97,32.44,31.435,53.85,0.46,0.59,30.19,30.82,28.47,32.93,2205.01,3244.01,1.05,1.1,13.1,0.0,0.0
05/28/2026,1630,VLO,244.85,+4.51,+1.88%,243.87,246.39,241.09,50.27,0.43,0.42,207.49,227.25,233.21,261.63,-2105.02,-23323.02,6.02,79.1,87.2,0.0,0.0
05/28/2026,1630,VLTO,83.48,-.98,-1.16%,84.06,84.8399,80.03,35.38,0.18,0.29,91.71,85.94,83.11,87.93,-9102.01,-8003.01,21.01,91.1,60.2,-4.0,-1.4
05/28/2026,1630,VMC,276.75,+1.10,+0.40%,274.50,278.49,273.74,49.56,0.29,0.27,266.81,277.84,252.32,283.76,2203.01,-25242.07,15.07,38.1,83.1,-1.3,-2.4
05/28/2026,1630,VNM,18.68,-.06,-0.32%,18.68,18.7399,18.645,45.19,0.2,0.19,16.6,19.21,18.38,19.67,-4109.02,-1865.01,14.04,27.1,11.1,0.0,0.0
05/28/2026,1630,VNO,33.85,+.54,+1.62%,33.17,34.34,32.97,68.77,0.37,0.41,25.71,30.5,30.1,33.99,4206.01,3434.01,1.06,47.1,79.2,3.1,6.5
05/28/2026,1630,VRNS,31.81,+1.57,+5.19%,30.66,32.44,30.50,70.59,0.41,0.69,22.04,27.39,27.0,33.08,21209.01,3244.01,1.33,72.1,62.1,8.0,2.4
05/28/2026,1630,VRT,314.18,-5.60,-1.75%,316.40,320.675,307.3001,44.64,0.64,0.66,234.72,336.18,288.21,377.82,-4108.02,-30730.01,11.06,62.1,82.1,0.0,0.0
05/28/2026,1630,VRTX,447.97,+10.75,+2.46%,434.08,449.29,434.08,58.52,0.21,0.3,450.67,421.11,424.01,456.56,-1201.05,45345.09,9.17,34.1,30.1,0.0,0.9
05/28/2026,1630,VSCO,59.60,+2.42,+4.23%,56.63,60.65,56.63,71.08,0.59,0.87,44.4,43.81,44.44,60.4,5206.01,6065.01,1.07,88.4,67.1,0.0,0.0
05/28/2026,1630,VTR,85.79,-2.26,-2.57%,88.09,88.43,85.60,43.65,0.18,0.21,83.8,85.17,85.75,90.23,-1105.01,-8560.01,6.01,29.1,66.1,0.0,0.2
05/28/2026,1630,VVIX,86.03,-1.50,-1.71%,88.31,88.32,85.02,35.17,0.39,NaN,105.55,92.26,84.04,99.45,-7105.01,-8502.01,9.01,0.0,0.1,-1.0,-0.9
05/28/2026,1630,VVV,34.18,-.40,-1.16%,34.11,34.73,33.825,54.06,0.43,0.5,33.05,32.42,31.09,35.72,1206.02,-3141.06,13.06,82.1,97.4,0.1,0.0
05/28/2026,1630,VXD,15.33,-.04,-0.26%,15.78,15.81,14.48,41.05,0.77,NaN,18.38,15.94,14.94,16.91,-5106.01,-1448.01,2.01,0.0,13.1,-1.8,0.0
05/28/2026,1630,VXN:CGI,22.92,-.47,-2.01%,23.44,23.57,22.71,45.36,0.59,NaN,24.05,22.81,22.36,25.17,-3106.01,-2271.01,8.01,0.0,15.1,0.0,2.0
05/28/2026,1630,VXX,24.56,-.46,-1.84%,25.11,25.19,24.44,28.37,0.29,0.69,28.72,27.56,24.09,28.64,-7110.01,-2444.01,9.01,25.1,15.1,0.0,-9.6
05/28/2026,1630,VZ,48.01,-.23,-0.48%,48.48,48.49,47.77,53.41,0.18,0.24,49.37,46.95,46.56,49.05,5207.02,4896.02,2.08,67.1,48.1,0.0,1.7
05/28/2026,1630,W,72.75,-.41,-0.56%,73.49,75.025,72.04,58.37,0.85,0.73,70.25,59.12,56.35,76.05,5206.01,7503.01,1.06,64.1,86.4,0.0,0.0
05/28/2026,1630,WBD,27.04,-.10,-0.37%,27.125,27.15,26.97,46.28,0.08,0.24,27.67,27.05,26.91,27.36,-1105.01,-2697.01,2.01,24.4,2.1,-0.5,0.0
05/28/2026,1630,WCLD,30.52,+1.08,+3.67%,29.91,30.79,29.69,60.58,0.41,0.43,26.72,28.09,27.79,31.28,4208.01,3079.01,1.1,92.2,78.1,0.4,4.1
05/28/2026,1630,WDAY,130.01,+5.51,+4.43%,126.725,131.47,124.0201,54.89,0.56,0.63,131.76,118.48,116.19,133.86,2201.01,13147.01,1.1,87.3,86.1,0.0,0.1
05/28/2026,1630,WEAT,23.83,+.07,+0.29%,23.85,23.97,23.70,47.87,0.35,0.27,21.61,22.85,23.16,25.91,-3105.01,2560.11,11.15,36.1,97.4,0.0,0.6
05/28/2026,1630,WELL,210.29,-3.89,-1.82%,213.94,215.51,209.29,44.88,0.22,0.26,199.2,208.67,210.21,220.19,-1102.01,-20929.01,6.01,65.1,56.1,-0.1,0.0
05/28/2026,1630,WEN,7.50,+.01,+0.13%,7.50,7.615,7.3837,51.54,0.79,0.51,7.07,6.56,6.93,8.55,-1105.02,832.1,10.17,70.1,99.4,0.0,5.1
05/28/2026,1630,WEST,8.01,+.10,+1.26%,7.84,8.10,7.77,62.46,1.28,0.63,3.64,5.9,7.32,9.95,-2104.01,890.12,12.44,20.1,97.4,0.0,14.7
05/28/2026,1630,WFC,76.65,+.54,+0.71%,75.84,77.62,75.35,47.15,0.28,0.32,76.86,72.86,72.27,78.72,3206.01,-7278.09,35.11,51.1,67.1,-5.1,0.0
05/28/2026,1630,WGMI,69.26,+.46,+0.67%,68.48,70.12,67.09,73.96,0.72,0.7,34.95,54.32,54.15,70.51,5205.01,7012.01,1.39,17.1,49.1,3.5,12.3
05/28/2026,1630,WGS,50.15,+1.94,+4.02%,48.00,52.25,47.60,49.21,2.57,0.8,68.55,34.98,37.41,53.39,5209.01,5225.01,1.15,52.1,99.4,-12.7,0.0
05/28/2026,1630,WH,82.61,-1.09,-1.30%,83.20,83.51,82.27,52.57,0.32,0.41,73.43,80.93,77.02,84.53,2203.01,8351.01,1.06,86.1,80.2,0.0,-0.2
05/28/2026,1630,WING,157.61,+5.52,+3.63%,151.86,159.31,150.00,56.88,0.68,0.75,218.05,123.4,115.8,158.5,4208.01,15931.01,1.15,77.1,77.1,0.0,0.0
05/28/2026,1630,WMS,140.05,-.30,-0.21%,138.15,140.40,137.05,48.58,0.4,0.44,138.05,139.52,129.75,144.28,1203.02,14364.02,2.04,61.1,65.1,-5.5,-0.4
05/28/2026,1630,WMT,118.90,+.36,+0.30%,118.96,119.17,117.33,32.76,0.34,0.26,121.62,126.38,114.36,134.66,-5106.01,-11733.01,6.01,38.1,97.4,0.4,-5.8
05/28/2026,1630,WOOD,68.04,+.4697,+0.70%,67.39,68.15,67.39,50.9,0.21,0.21,71.45,67.51,63.9,69.06,2203.01,-6455.06,29.06,41.4,72.1,-2.3,-1.9
05/28/2026,1630,WRBY,25.72,+.04,+0.16%,25.38,25.81,24.66,51.97,1.03,0.78,23.41,24.05,22.71,29.74,-1107.06,3020.07,13.2,75.1,88.4,0.0,4.8
05/28/2026,1630,WW,17.10,+1.95,+12.87%,16.05,17.64,15.03,72.26,1.58,1.21,20.2,8.37,9.14,17.17,4204.01,1764.01,1.14,72.3,83.4,1.7,-0.1
05/28/2026,1630,WWW,17.75,-.09,-0.50%,17.79,18.25,17.68,61.19,0.48,0.68,15.74,15.41,14.51,18.2,4205.01,1825.01,1.06,49.1,63.1,0.0,0.0
05/28/2026,1630,WY,24.56,+.05,+0.20%,24.58,24.805,24.24,59.91,0.23,0.31,23.82,23.27,22.58,24.68,4206.01,2481.01,1.07,55.1,35.1,0.0,0.0
05/28/2026,1630,WYFI,32.18,+.60,+1.90%,32.30,32.37,30.42,70.94,1.51,1.35,15.01,19.7,21.9,36.24,12205.03,3319.03,3.2,NaN,NaN,7.4,10.2
05/28/2026,1630,WYNN,101.54,+.32,+0.32%,100.90,102.75,99.55,52.15,0.33,0.39,96.52,97.1,91.63,104.32,2203.01,10275.01,1.09,34.1,46.1,-4.1,0.0
05/28/2026,1630,XBI,135.99,+1.54,+1.15%,134.23,136.555,133.13,57.35,0.29,0.3,120.85,131.96,127.16,138.27,2203.01,-12781.06,13.06,44.1,81.1,-0.7,0.0
05/28/2026,1630,XHR,17.55,+.12,+0.69%,17.35,17.75,17.21,66.54,0.36,0.47,14.45,16.25,15.99,17.8,4206.01,1775.01,1.08,58.1,98.2,2.8,1.1
05/28/2026,1630,XIACY,18.32,+.21,+1.16%,18.25,18.37,18.07,37.42,0.41,NaN,19.67,19.53,17.83,20.47,-7109.01,-1807.01,11.01,0.0,63.1,-0.1,0.0
05/28/2026,1630,XLB,51.36,+.18,+0.35%,51.07,51.47,50.61,53.21,0.21,0.31,48.6,51.38,48.81,52.6,1203.03,-4914.05,11.05,87.1,92.2,0.0,-2.7
05/28/2026,1630,XLC,116.67,+.41,+0.35%,116.10,116.84,115.55,53.56,0.11,0.15,115.5,114.97,114.96,117.15,1202.01,11684.01,1.03,28.1,14.1,-1.7,0.0
05/28/2026,1630,XLE,56.95,-.04,-0.07%,57.55,57.68,56.68,44.01,0.28,0.27,55.33,55.13,55.45,61.82,-2103.01,6170.06,6.14,56.1,99.4,0.0,0.0
05/28/2026,1630,XLF,51.27,-.15,-0.29%,51.19,51.50,51.02,47.6,0.11,0.2,49.18,50.81,50.85,52.01,-1102.01,-5102.01,2.01,40.1,10.1,0.0,0.0
05/28/2026,1630,XLG,64.24,+.52,+0.82%,63.71,64.265,63.66,73.21,0.1,0.19,55.89,62.31,62.79,64.73,14206.1,6433.1,10.42,81.2,19.1,0.0,16.0
05/28/2026,1630,XLI,173.80,-.50,-0.29%,173.49,174.71,172.055,54.28,0.2,0.21,166.17,172.14,168.67,176.2,3203.01,-16891.05,15.05,65.1,85.1,0.0,0.0
05/28/2026,1630,XLK,186.85,+2.42,+1.31%,184.83,187.58,183.79,76.9,0.23,0.31,134.99,168.7,172.43,189.86,4206.01,18758.01,1.41,78.1,74.1,3.6,18.9
05/28/2026,1630,XLP,84.43,-.15,-0.18%,84.86,84.95,84.365,51.69,0.13,0.17,84.62,82.83,83.3,86.26,-3105.02,-8353.03,6.03,48.1,69.1,0.0,0.0
05/28/2026,1630,XLRE,44.41,-.22,-0.49%,44.53,44.755,44.305,55.5,0.13,0.14,41.98,44.18,43.48,45.09,3206.02,4499.02,2.07,9.1,39.1,0.1,0.0
05/28/2026,1630,XLU,44.63,-.51,-1.13%,45.03,45.27,44.58,43.45,0.18,0.2,45.96,44.69,43.83,45.68,2101.03,4564.03,3.07,58.1,87.3,-6.9,0.0
05/28/2026,1630,XLV,150.88,+2.09,+1.40%,149.15,151.35,149.11,63.2,0.15,0.15,150.95,142.67,143.63,152.25,11208.01,15135.01,1.13,15.1,49.1,5.0,0.0
05/28/2026,1630,XLY,122.06,+.51,+0.42%,121.10,122.19,120.57,65.16,0.16,0.16,110.99,117.45,115.29,122.71,4206.01,12219.01,1.06,2.1,35.1,1.0,0.0
05/28/2026,1630,XOM,146.96,-.94,-0.64%,149.34,150.21,146.87,40.69,0.32,0.32,147.86,143.92,142.76,163.53,-2103.01,-14575.02,6.02,74.1,91.2,0.0,-0.3
05/28/2026,1630,XOP,164.96,+1.60,+0.98%,164.78,166.07,163.1005,42.95,0.35,0.33,155.65,162.24,160.97,178.82,-2105.01,-16310.01,20.01,59.1,90.3,-3.0,0.0
05/28/2026,1630,XPEV,16.44,-.01,-0.06%,16.70,17.13,16.33,52.59,0.41,0.59,15.38,15.5,14.79,17.03,3203.01,1713.01,1.06,22.2,13.1,0.0,0.0
05/28/2026,1630,XRT,85.61,+1.65,+1.97%,84.59,85.86,84.01,61.16,0.25,0.21,80.04,79.88,77.89,86.26,4205.01,8586.01,1.09,25.1,92.4,0.0,0.0
05/28/2026,1630,XTL,241.79,-1.90,-0.78%,244.55,245.15,240.46,68.13,0.31,0.25,179.35,219.03,219.63,247.02,4205.01,24515.01,1.07,70.1,62.1,1.3,0.0
05/28/2026,1630,XYL,109.25,-.42,-0.38%,109.40,110.275,108.50,38.88,0.24,0.32,119.68,110.95,104.46,113.45,2204.02,-10529.06,34.2,74.1,65.1,-8.7,0.0
05/28/2026,1630,XYZ,74.35,+2.93,+4.10%,70.86,74.49,70.06,61.1,0.41,0.46,59.65,69.82,66.8,74.88,2202.01,7449.01,1.03,23.1,42.1,0.0,-2.4
05/28/2026,1630,YCS,53.92,-.2019,-0.37%,54.04,54.11,53.9001,57.4,0.21,0.2,51.65,51.78,52.61,54.89,3212.07,-5159.16,21.16,51.1,69.4,0.0,12.9
05/28/2026,1630,YELP,23.30,-.15,-0.64%,23.53,23.72,23.07,42.79,0.62,0.45,21.78,22.96,18.2,25.18,1204.03,-2080.09,15.09,65.1,97.4,-16.4,-1.7
05/28/2026,1630,YPF,52.00,+.41,+0.79%,52.01,53.61,51.16,73.85,0.49,0.44,33.42,41.63,44.36,53.53,10208.01,5361.01,1.13,33.1,76.4,12.6,1.5
05/28/2026,1630,YUM,150.03,-1.99,-1.31%,151.385,152.09,149.32,39.96,0.22,0.24,156.0,149.39,147.33,156.06,2102.03,-14932.01,19.12,58.1,61.3,-4.6,0.0
05/28/2026,1630,YUMC,43.04,-1.02,-2.32%,43.28,43.55,43.04,23.51,0.18,0.32,50.87,46.84,42.11,46.68,-12115.02,-4284.02,16.02,42.1,3.1,-6.6,-16.2
05/28/2026,1630,ZG,35.80,-.57,-1.57%,36.255,36.255,35.67,29.74,0.33,0.61,42.5,39.42,32.5,40.28,-11118.06,-3511.06,27.06,66.1,24.1,-15.5,-6.0
05/28/2026,1630,ZM,100.46,+.50,+0.50%,100.00,102.89,98.935,53.4,0.57,0.48,70.7,102.22,92.51,108.55,1103.04,11373.04,4.06,81.3,96.4,-1.4,0.0
05/28/2026,1630,ZS,130.04,+3.63,+2.87%,126.55,133.25,122.31,39.29,1.53,0.62,144.4,145.11,124.6,191.42,-2102.01,-12231.01,3.01,76.3,100.4,9.0,0.0
