Date,Time,Symbol,Last,Net Chng,%Change,Open,High,Low,RSI,HistoricalVolatility,ImpVolatility,A_TrendValue,A_TradeValue,A_BB_Bottom,A_BB_Top,A_BB_Streak,A_BBHighLow,A_BBHighLowDays,A_IVPercentile,A_HVPercentile,A_BB_Top_Slope,A_BB_Bot_Slope
06/01/2026,1630,$COMP,27086.8082,+114.1882,+0.42%,26952.5792,27190.2067,26913.1238,75.02,0.15,NaN,22061.97,25739.22,25905.54,27296.26,6208.01,2719021.01,1.44,0.0,39.1,1.5,13.7
06/01/2026,1630,$DJI,51078.88,+46.42,+0.09%,51161.10,51161.10,50767.32,68.6,0.11,NaN,46615.52,49307.66,49338.0,51513.86,7208.01,5116110.01,2.08,0.0,28.1,10.6,3.6
06/01/2026,1630,$DXY,99.171,+.263,+0.27%,98.957,99.385,98.919,54.958,0.045,NaN,98.492,97.951,98.554,99.722,7201.08,9954.03,8.17,0.0,21.1,0.0,4.7
06/01/2026,1630,/6B[M26],1.3456,-.0005,-0.04%,1.3450,1.3476,1.3406,49.1199,0.0625,0.0616,1.3283,1.3394,1.33,1.3564,-5203.1,-133.1,15.1,15.1,46.1,-1.0,0.0
06/01/2026,1630,/6C[M26],.72300,-.00235,-0.32%,.72525,.72565,.72250,34.95035,0.027,0.0458,0.72945,0.7289,0.72012,0.73133,-12118.03,-72.03,18.03,29.1,1.1,-2.2,-2.0
06/01/2026,1630,/6E[M26],1.16385,-.00345,-0.30%,1.16680,1.16725,1.16140,43.54554,0.04456,0.0575,1.1511,1.1682,1.15402,1.17522,-7101.07,-116.07,14.07,15.1,20.1,-0.7,-1.4
06/01/2026,1630,/6J[M26],.0062695,-.0000175,-0.28%,.0062845,.0062855,.0062645,38.1250635,0.0467269,0.0672,0.0062925,0.006328,0.0062306,0.0063549,-4114.07,-1.01,17.09,8.1,0.1,0.0,0.0
06/01/2026,1630,/BTC[M26],71540,-195.00,-0.27%,0,0,0,34.0,0.0,0.0,65685.0,78815.0,69677.0,80435.0,-9111.0,-7075000.0,17.0,46.0,14.0,-3.0,-5.0
06/01/2026,1630,/BZ[Q26],95.30,+4.18,+4.59%,92.41,97.80,92.37,41.49,0.56,NaN,80.3,102.82,86.92,112.89,-4108.02,-8994.02,22.02,0.2,81.1,0.0,-1.8
06/01/2026,1630,/CL[N26],92.47,+5.11,+5.85%,88.50,94.78,88.45,44.96,0.49,0.63,73.28,96.13,84.47,104.86,-7108.01,-8635.02,22.02,65.1,72.1,-0.1,-0.1
06/01/2026,1630,/GC[Q26],4514.8,-78.20,-1.70%,4575.2,4577.3,4476.0,42.1,0.2,0.2,5021.2,4645.2,4365.6,4699.4,-8101.0,-439560.0,14.0,58.1,47.1,-3.3,-4.9
06/01/2026,1630,/HG[N26],6.5705,+.1815,+2.84%,6.3900,6.5850,6.3800,62.556,0.3282,0.2925,5.6395,6.25,6.1511,6.6671,1203.01,672.13,13.19,52.1,55.2,0.0,5.9
06/01/2026,1630,/NG[N26],3.187,-.103,-3.13%,3.335,3.396,3.160,60.893,0.516,0.503,2.891,2.751,2.805,3.366,17204.01,340.01,1.26,16.1,39.2,12.6,4.5
06/01/2026,1630,/NKD[M26],67265,-35.00,-0.05%,0,0,0,73.0,0.0,NaN,51200.0,61805.0,60785.0,68111.0,5206.0,6763500.0,1.0,0.0,53.0,4.0,4.0
06/01/2026,1630,/SI[N26],75.150,-.725,-0.96%,75.565,76.565,73.505,45.712,0.618,0.486,79.64,79.53,66.861,85.846,-4111.03,8917.12,12.22,44.1,74.2,0.0,-2.6
06/01/2026,1630,AAAU,44.175,-.635,-1.42%,44.02,44.32,43.86,41.0,0.2,0.25,49.81,45.75,42.82,46.34,-7101.03,-4342.04,64.04,66.1,48.1,-4.5,-7.4
06/01/2026,1630,AAL,14.34,-.30,-2.05%,14.26,14.46,14.00,64.5,0.51,0.57,10.43,12.38,12.15,15.73,6208.02,1510.03,3.23,71.1,59.2,11.4,3.7
06/01/2026,1630,AAPL,306.31,-5.75,-1.84%,309.625,310.94,305.02,67.01,0.17,0.26,253.68,290.23,294.54,318.69,13101.02,31500.02,4.39,25.1,24.1,7.0,7.0
06/01/2026,1630,ABBV,212.93,-4.79,-2.20%,215.26,216.4993,211.51,52.96,0.19,0.3,223.23,202.01,206.47,222.14,9101.03,22001.06,6.23,62.1,19.1,9.6,4.4
06/01/2026,1630,ABNB,137.87,+4.56,+3.42%,133.31,138.04,132.075,55.31,0.27,0.39,128.37,131.95,130.24,137.67,1201.01,13804.01,1.07,48.1,56.1,-3.9,0.0
06/01/2026,1630,ABR,5.49,-.26,-4.52%,5.65,5.73,5.39,31.0,0.77,0.5,7.76,5.69,5.01,6.12,1101.05,-539.01,17.12,51.1,100.4,-29.4,0.0
06/01/2026,1630,ABT,87.78,+2.18,+2.55%,85.78,87.93,85.60,46.18,0.27,0.37,108.34,81.97,83.12,90.5,-1201.03,8934.09,9.15,99.2,75.3,-0.1,0.4
06/01/2026,1630,ACHC,23.31,+.11,+0.47%,22.97,23.95,22.6601,40.54,0.51,0.65,22.36,24.45,21.35,26.7,-5111.05,-2254.05,20.05,23.1,38.1,-1.5,-3.6
06/01/2026,1630,ACHR,6.84,+.03,+0.44%,6.65,6.93,6.52,64.73,0.54,0.89,6.07,6.05,5.77,7.12,5206.01,693.01,1.07,52.2,13.1,0.9,2.3
06/01/2026,1630,ACI,15.47,-.14,-0.90%,15.67,15.67,15.36,36.95,0.31,0.36,16.4,15.55,15.14,17.12,-5107.01,-1536.01,8.01,79.1,67.2,0.0,-0.9
06/01/2026,1630,ADBE,274.03,+14.82,+5.72%,270.00,275.44,262.30,65.95,0.46,0.66,268.37,231.74,230.64,270.78,2202.01,27544.01,1.12,100.4,96.1,0.1,-1.9
06/01/2026,1630,ADYEY,10.610,-.29,-2.66%,10.490,10.650,10.350,44.2,0.32,NaN,10.57,10.14,10.22,11.43,-1101.01,-1035.01,18.01,0.0,56.1,0.0,0.0
06/01/2026,1630,AFK,27.48,-.1893,-0.68%,27.51,27.65,27.1074,51.24,0.29,0.38,25.8,27.73,25.91,28.66,1205.05,-2631.09,15.09,69.1,68.1,-1.2,0.0
06/01/2026,1630,AFRM,72.91,-.74,-1.00%,73.97,75.22,72.35,65.31,0.49,0.65,48.36,59.75,63.02,75.66,5205.01,7522.01,1.08,28.1,16.1,2.6,0.0
06/01/2026,1630,AGCO,112.03,-.25,-0.22%,111.21,113.27,109.275,42.88,0.37,0.44,117.71,115.62,108.64,117.0,-7103.01,-10928.01,17.01,85.2,77.3,-4.3,0.0
06/01/2026,1630,AHR,47.23,-1.66,-3.40%,48.32,48.90,47.11,37.4,0.33,0.32,50.71,50.08,47.51,52.23,-4104.01,-4711.01,12.01,28.1,93.3,0.0,0.0
06/01/2026,1630,AIQUY,41.220,-.13,-0.31%,41.060,41.420,40.925,45.75,0.27,NaN,37.86,41.07,40.07,43.06,-1102.01,4285.04,4.17,0.0,90.4,0.0,0.0
06/01/2026,1630,AKAM,154.01,+4.47,+2.99%,149.67,156.31,149.67,66.27,1.04,0.62,96.98,144.55,137.49,158.72,1202.01,15631.01,1.34,88.1,99.4,0.0,8.0
06/01/2026,1630,ALB,171.13,-5.29,-3.00%,176.38,176.38,170.01,40.07,0.42,0.66,157.51,188.3,147.99,194.12,-6202.07,-16714.08,13.08,53.1,7.1,-1.1,-6.8
06/01/2026,1630,ALCO,40.41,-.24,-0.59%,40.4166,40.80,40.35,43.43,0.19,NaN,37.14,39.94,39.96,41.97,-1102.01,4200.04,3.08,0.0,17.1,0.0,0.0
06/01/2026,1630,ALGN,169.77,-5.18,-2.96%,172.40,173.395,169.295,50.65,0.43,0.48,164.51,159.85,154.71,176.35,4208.01,17340.01,1.08,60.1,73.1,0.0,0.0
06/01/2026,1630,ALLY,42.05,-.76,-1.78%,42.52,42.61,41.995,46.02,0.29,0.38,36.48,41.61,41.25,43.52,2101.02,-4062.08,29.08,56.1,58.1,-4.2,0.0
06/01/2026,1630,ALNY,295.63,-6.35,-2.10%,299.51,303.98,295.13,46.0,0.28,0.42,312.09,284.28,288.72,307.62,8101.01,30568.02,2.15,40.1,26.1,0.0,0.0
06/01/2026,1630,AMAT,458.17,+8.11,+1.80%,444.54,463.8799,438.22,64.29,0.49,0.64,316.66,416.56,411.63,469.22,6208.01,46388.01,1.23,88.1,62.1,1.3,6.1
06/01/2026,1630,AMBA,75.67,+3.49,+4.84%,72.975,77.99,72.25,48.84,1.06,0.78,49.89,74.94,70.87,95.11,-2102.01,-7225.01,3.01,82.4,100.4,11.2,0.0
06/01/2026,1630,AMD,510.13,-5.97,-1.16%,500.16,517.50,486.80,73.7,0.9,0.75,189.02,426.11,415.25,544.49,4208.02,52200.02,2.44,97.4,88.4,5.3,9.3
06/01/2026,1630,AMG,302.45,-.40,-0.13%,302.39,307.35,300.04,53.6,0.23,0.41,269.94,296.32,294.58,309.95,5208.01,30871.03,3.06,76.1,32.1,0.0,0.7
06/01/2026,1630,AMH,32.28,+.20,+0.62%,32.00,32.83,31.90,60.13,0.21,0.29,28.58,31.21,31.07,32.85,5210.01,3283.01,1.1,41.1,64.3,0.0,3.0
06/01/2026,1630,AMLP,52.19,+.59,+1.14%,51.85,52.45,51.72,42.69,0.18,0.18,51.75,52.74,51.35,55.09,-4105.01,-5172.01,7.01,94.2,99.4,0.0,0.0
06/01/2026,1630,AMN,29.34,+.37,+1.28%,28.85,29.975,28.685,65.19,1.09,0.65,19.95,28.11,25.05,30.99,1202.01,3117.12,13.18,15.1,98.4,0.0,17.2
06/01/2026,1630,AMPH,18.42,-.43,-2.28%,18.63,19.01,18.22,42.55,0.96,0.99,18.52,17.26,16.96,19.77,3206.02,1946.02,2.12,94.2,91.4,-25.1,0.0
06/01/2026,1630,AMZN,261.26,-9.38,-3.47%,266.285,266.63,260.70,48.95,0.24,0.36,207.11,262.63,258.3,274.49,-1101.01,-26070.01,2.01,53.1,31.1,0.0,0.9
06/01/2026,1630,AN,189.02,+1.30,+0.69%,185.12,190.64,185.12,44.34,0.33,0.35,186.36,190.08,176.95,199.64,2201.04,-17662.08,21.08,49.1,88.4,-6.1,0.0
06/01/2026,1630,AQWA,18.4584,-.2066,-1.11%,18.69,18.69,18.365,37.92,0.14,0.25,18.96,18.82,18.15,19.09,1101.05,-1825.08,36.08,86.2,44.1,-6.5,0.0
06/01/2026,1630,AR,36.76,+1.01,+2.83%,36.10,37.43,35.93,47.05,0.36,0.42,36.48,35.84,34.52,38.87,-3201.03,-3492.03,22.03,44.1,40.1,-3.3,-2.3
06/01/2026,1630,ARE,48.63,-1.05,-2.11%,48.70,49.72,48.50,56.48,0.39,0.5,48.44,45.45,45.21,51.43,6219.02,5100.02,2.21,82.1,59.1,3.3,8.2
06/01/2026,1630,ARGT,98.99,+1.29,+1.32%,97.62,99.35,97.20,66.4,0.34,0.31,84.82,87.5,87.94,100.25,6208.01,9935.01,1.1,48.1,71.4,2.4,0.0
06/01/2026,1630,ARHS,6.61,-.16,-2.36%,6.75,6.755,6.43,49.61,0.67,NaN,6.62,5.63,5.62,7.15,4207.02,692.02,2.13,1.1,84.2,-4.6,0.0
06/01/2026,1630,ARKK,81.26,-.69,-0.84%,80.765,82.145,79.92,62.36,0.32,0.4,71.28,76.48,73.27,83.16,4205.01,8215.01,1.08,25.1,33.1,0.0,0.0
06/01/2026,1630,ARQQ,16.96,+.45,+2.73%,16.23,17.33,15.88,59.71,1.05,1.19,14.42,12.91,12.29,19.03,4207.03,1780.03,3.08,58.2,69.4,6.9,0.0
06/01/2026,1630,AS,35.82,+.24,+0.67%,35.32,35.89,34.67,54.0,0.44,0.48,32.63,32.58,32.59,37.97,4208.03,3751.04,4.12,23.1,65.1,1.2,0.0
06/01/2026,1630,ASBFF,25.76,0,0.00%,0,0,0,47.51,1.44,NaN,NaN,26.59,NaN,NaN,NaN,0.0,0.0,NaN,NaN,NaN,NaN
06/01/2026,1630,ASO,52.59,-.21,-0.40%,52.615,52.80,51.29,48.28,0.45,0.57,57.77,48.75,49.02,55.6,4207.02,5492.02,2.08,83.2,54.2,0.0,0.0
06/01/2026,1630,ATRO,85.10,-1.90,-2.18%,86.26,87.3711,84.01,59.19,0.54,0.58,70.89,70.67,77.43,90.67,8219.02,8893.02,2.22,51.1,61.2,9.5,7.5
06/01/2026,1630,AVB,182.87,+.36,+0.20%,183.52,185.955,182.58,51.38,0.18,0.23,169.96,183.19,179.68,187.12,1102.01,-18125.02,4.02,51.1,43.1,-2.0,0.0
06/01/2026,1630,AVGO,459.97,+13.20,+2.95%,450.09,466.05,442.22,69.75,0.4,0.65,311.74,404.8,402.07,455.6,2205.01,46605.01,1.06,96.2,52.1,0.0,0.5
06/01/2026,1630,AVO,10.89,-.25,-2.24%,11.04,11.27,10.81,24.07,0.28,0.65,13.19,12.35,10.57,12.36,-10120.01,-1081.01,37.01,95.3,43.1,-15.4,-9.3
06/01/2026,1630,AVTR,9.19,+.07,+0.77%,8.97,9.33,8.86,70.44,0.48,0.61,7.82,7.71,7.48,9.46,4206.01,933.01,1.08,68.1,64.2,1.1,0.0
06/01/2026,1630,AWI,155.17,-2.73,-1.73%,156.45,157.685,152.715,37.85,0.27,0.33,163.29,156.49,152.5,161.3,-1101.01,-15272.01,2.01,77.1,73.1,-7.7,0.0
06/01/2026,1630,AXP,313.54,-2.93,-0.93%,313.16,314.80,310.60,48.79,0.14,0.3,292.43,307.76,308.87,316.76,1204.02,31924.02,2.03,43.1,0.1,-3.8,0.0
06/01/2026,1630,AZO,3020.95,+85.76,+2.92%,2942.055,3046.4299,2928.11,31.63,0.41,0.38,3595.68,3302.44,2832.16,3502.72,-5105.01,-292811.01,21.01,87.1,99.4,-4.3,-19.3
06/01/2026,1630,B,42.32,-.23,-0.54%,41.50,42.545,40.635,52.37,0.57,0.5,43.05,43.12,37.36,45.27,-2202.09,4662.14,14.23,60.1,87.4,0.0,0.0
06/01/2026,1630,BA,224.30,-6.85,-2.96%,228.36,228.80,222.21,49.45,0.37,0.36,213.53,227.5,208.34,239.16,1204.02,-21572.07,12.08,65.1,83.3,-0.1,-0.9
06/01/2026,1630,BABA,125.40,+1.18,+0.95%,124.20,126.35,123.99,39.76,0.49,0.43,128.55,130.33,119.38,140.34,-6111.02,-12343.02,13.03,34.1,73.4,-0.3,-5.3
06/01/2026,1630,BAC,51.51,-.09,-0.17%,51.31,51.825,50.85,50.5,0.22,0.3,46.77,49.49,49.87,52.62,3202.04,5249.04,4.11,50.1,59.1,-5.7,0.0
06/01/2026,1630,BALL,53.70,-.77,-1.41%,53.85,54.695,53.57,30.67,0.33,0.32,60.75,56.4,53.64,57.9,-10103.01,-5357.01,31.01,64.1,88.4,-9.9,0.0
06/01/2026,1630,BBN,15.97,-.07,-0.44%,15.99,16.00,15.8301,51.21,0.11,NaN,16.17,15.96,15.44,16.2,2205.02,1610.02,2.08,0.0,71.2,0.0,0.0
06/01/2026,1630,BBWI,18.63,-1.39,-6.94%,19.89,20.11,18.46,50.01,0.65,0.62,19.83,17.93,15.73,20.88,5206.01,2011.01,1.08,65.1,88.2,0.0,0.0
06/01/2026,1630,BBY,74.98,-2.97,-3.81%,76.56,77.01,74.3652,72.8,0.64,0.44,62.72,55.1,60.08,79.91,9210.01,7701.01,1.12,64.3,100.4,7.3,4.9
06/01/2026,1630,BCO,103.02,-1.00,-0.96%,102.52,103.91,101.13,43.22,0.35,0.31,108.0,99.09,101.76,107.59,-1102.01,-10113.01,3.01,60.1,75.1,-2.3,0.0
06/01/2026,1630,BDRY,13.035,+.095,+0.73%,13.00,13.20,12.9301,60.85,0.38,0.5,9.58,12.5,12.22,13.51,1205.03,1333.13,13.26,10.1,43.1,0.0,7.1
06/01/2026,1630,BEAM,31.14,-1.79,-5.44%,32.17,32.45,30.60,54.67,0.73,0.69,24.6,29.12,25.54,34.54,3205.02,3368.02,2.07,36.1,51.3,0.0,0.0
06/01/2026,1630,BEPC,38.92,-1.06,-2.65%,39.24,39.87,38.89,53.13,0.27,0.45,38.7,36.19,35.63,40.91,6208.01,4024.02,2.09,81.1,26.1,0.0,0.0
06/01/2026,1630,BIDU,132.40,-2.91,-2.15%,131.00,133.34,129.81,50.69,0.63,0.59,116.53,137.15,120.39,145.89,-5101.03,-12485.05,13.05,88.2,85.4,0.0,0.0
06/01/2026,1630,BIO,305.46,-7.02,-2.25%,311.10,311.10,304.84,63.5,0.55,0.42,264.92,236.73,264.94,337.21,9210.02,31986.03,3.19,56.1,88.4,18.0,8.9
06/01/2026,1630,BIP,38.88,-.16,-0.41%,38.69,39.62,38.54,57.44,0.21,0.23,36.78,36.96,37.77,40.29,11101.05,4010.05,5.22,28.1,72.1,0.0,4.7
06/01/2026,1630,BIRK,44.90,-.17,-0.38%,43.82,44.90,42.87,65.76,0.98,0.62,36.14,32.44,31.88,48.76,6207.02,4553.02,2.1,98.2,99.4,8.1,0.0
06/01/2026,1630,BITO,9.74,-.265886,-2.66%,9.77,9.795,9.60,33.41,0.28,0.42,9.32,10.75,9.48,10.86,-10111.01,-960.01,18.01,26.1,2.1,-5.2,-6.1
06/01/2026,1630,BJ,88.04,+2.76,+3.24%,85.94,88.55,85.54,42.12,0.41,0.32,91.57,90.69,80.51,98.69,-6107.02,-8400.02,9.03,35.1,98.4,0.0,-8.9
06/01/2026,1630,BJRI,46.72,-.33,-0.70%,46.76,47.535,45.53,74.73,0.31,0.39,33.96,40.76,41.13,48.89,8219.01,4799.02,2.18,25.1,12.1,8.3,7.6
06/01/2026,1630,BKNG,169.25,+1.82,+1.09%,168.688,171.25,164.89,54.64,0.33,0.43,165.18,153.97,151.81,174.44,6207.01,17125.01,1.13,85.2,65.1,0.0,0.0
06/01/2026,1630,BKV,26.56,+.02,+0.08%,26.49,27.13,26.31,36.67,0.41,0.52,27.75,27.42,25.58,29.54,-10107.01,-2603.02,22.02,54.1,48.4,-16.5,-0.2
06/01/2026,1630,BLDR,75.62,-.64,-0.84%,76.00,76.67,74.34,46.93,0.54,0.67,89.41,70.61,68.25,79.91,4207.02,7982.04,4.08,94.2,87.4,0.0,0.1
06/01/2026,1630,BLK,1020.73,-26.15,-2.50%,1041.12,1053.24,1015.31,40.06,0.26,0.33,919.0,1071.0,1011.97,1106.02,-6104.01,-101531.01,12.01,86.1,62.1,0.0,-2.8
06/01/2026,1630,BLMN,8.14,-.30,-3.55%,8.34,8.36,7.89,61.16,1.29,0.78,5.45,8.01,7.5,8.59,3204.02,878.02,2.2,46.1,87.4,0.0,16.3
06/01/2026,1630,BLOK,68.73,+.77,+1.13%,67.20,69.41,66.53,68.7,0.36,0.38,51.23,62.26,61.0,69.74,6207.01,6941.01,1.09,36.1,40.1,0.0,2.2
06/01/2026,1630,BNDD,98.3324,+.7586,+0.78%,98.3324,98.3324,98.3324,56.58,0.08,0.11,97.34,97.04,96.27,98.84,5207.01,-9619.09,18.09,10.1,23.1,3.3,0.0
06/01/2026,1630,BNO,52.49,+1.90,+3.76%,52.80,53.865,51.83,46.73,0.53,0.7,38.32,54.25,48.76,58.96,-5108.02,-4951.02,10.02,77.1,81.1,-3.4,0.0
06/01/2026,1630,BOOT,169.84,-.03,-0.02%,165.39,170.89,163.28,61.66,0.56,0.57,164.52,139.51,137.4,180.44,5207.02,17176.02,2.12,62.1,88.4,0.0,0.0
06/01/2026,1630,BP,42.94,+1.07,+2.56%,42.56,43.54,42.47,42.73,0.3,0.34,38.35,43.87,40.64,46.17,-4106.02,-4146.02,22.02,75.1,77.1,-4.8,-4.7
06/01/2026,1630,BRBR,9.06,+.70,+8.37%,8.31,9.12,8.10,32.73,1.83,0.92,15.97,9.0,8.19,9.56,-2201.01,-810.01,6.01,89.3,100.4,-10.8,0.0
06/01/2026,1630,BRCB,8.04,-.28,-3.37%,8.30,8.43,7.8037,37.37,1.49,0.98,14.96,7.09,4.79,9.58,1205.04,-613.07,31.11,NaN,NaN,-5.9,0.0
06/01/2026,1630,BRKR,58.44,-.45,-0.76%,57.39,58.62,56.80,83.28,0.63,0.6,35.98,42.81,44.53,60.29,5208.01,5862.01,1.22,62.1,79.4,12.5,15.9
06/01/2026,1630,BROS,58.89,+.89,+1.53%,57.40,58.93,57.35,62.34,0.56,0.54,48.62,48.32,49.03,60.73,5205.01,5893.01,2.13,36.1,70.1,0.0,0.0
06/01/2026,1630,BTAL,11.65,+.10,+0.87%,11.59,11.71,11.53,35.51,0.26,0.42,13.97,11.83,11.36,12.57,-5106.01,-1153.01,8.01,73.1,87.4,-2.0,-0.7
06/01/2026,1630,BTC,31.61,-.87,-2.68%,31.71,31.805,31.19,33.99,0.28,0.37,29.96,34.8,30.76,35.11,-10111.01,-3119.01,18.01,19.1,4.1,-5.4,-4.8
06/01/2026,1630,BTC-USD,-76.76,-7.12,+10.22%,-71.17,-70.738,-78.24,24.48,1.08,0.66,-25.62,-70.14,-76.75,-56.13,-23105.01,7824.01,43.01,66.1,18.1,-12.8,0.0
06/01/2026,1630,BTI,61.00,-.79,-1.28%,62.09,62.24,60.99,45.31,0.33,0.31,56.97,58.86,60.42,67.68,-3105.01,-6099.01,12.01,89.2,98.4,0.0,5.5
06/01/2026,1630,BUD,80.02,+.03,+0.04%,80.47,80.945,80.01,51.82,0.37,0.25,71.61,79.02,79.01,84.59,-2103.01,-7971.02,4.02,51.1,87.4,0.0,0.0
06/01/2026,1630,BULL,6.60,+.20,+3.13%,6.35,6.61,6.20,49.28,0.42,0.95,5.33,6.73,5.81,7.34,-12201.03,-596.03,12.03,45.1,8.1,0.0,-9.2
06/01/2026,1630,BURL,314.01,-9.82,-3.03%,315.685,320.27,310.07,50.63,0.58,0.41,288.16,280.57,279.46,342.91,-1202.03,-28000.03,4.03,61.3,92.4,0.4,0.0
06/01/2026,1630,BUXX,20.22,0,0.00%,20.24,20.24,20.21,44.7,0.02,NaN,20.25,20.22,20.2,20.29,-3103.01,-2020.03,4.02,0.0,64.3,0.0,0.0
06/01/2026,1630,BXP,59.13,-.88,-1.47%,59.605,60.165,59.04,51.21,0.2,0.38,49.72,57.82,58.3,61.37,5101.02,6105.02,2.08,72.1,6.1,3.1,0.0
06/01/2026,1630,BYD,86.84,+4.16,+5.03%,82.47,87.6975,82.27,62.24,0.29,0.3,76.86,79.27,77.27,86.2,4205.01,8770.01,1.11,60.1,61.1,-0.5,0.0
06/01/2026,1630,BYDDF,11.7500,+.095,+0.82%,11.6800,11.7875,11.5700,37.54,0.26,NaN,11.7,12.07,10.78,12.82,-15129.06,-1148.07,32.07,0.0,8.1,-8.4,-7.1
06/01/2026,1630,C,129.09,+3.19,+2.53%,124.08,129.10,123.60,59.33,0.26,0.36,102.01,123.25,121.34,129.44,4208.01,12910.01,1.08,76.1,60.1,-0.8,0.0
06/01/2026,1630,CACC,561.665,-11.975,-2.09%,570.90,576.7199,560.76,61.51,0.32,0.35,470.95,512.93,527.44,583.01,10219.01,57672.01,1.41,18.4,21.1,3.9,5.8
06/01/2026,1630,CAG,13.11,-.17,-1.28%,13.14,13.385,13.10,35.14,0.27,0.42,16.87,13.64,12.82,13.95,-4108.04,-1310.01,12.05,94.2,51.1,-4.9,-8.8
06/01/2026,1630,CAH,195.15,-1.65,-0.84%,195.36,196.85,194.00,44.01,0.26,0.29,213.58,180.45,186.69,210.36,-1102.01,20398.09,9.16,43.1,59.3,4.0,6.0
06/01/2026,1630,CAKE,65.88,-.16,-0.24%,65.05,66.51,64.53,64.64,0.42,0.42,59.39,55.83,57.42,68.29,6208.01,6714.02,2.12,61.1,90.4,2.1,0.0
06/01/2026,1630,CAMT,163.09,-8.57,-4.99%,168.00,169.77,162.55,43.95,0.9,0.77,142.35,163.31,135.91,183.84,1205.05,-14757.09,15.09,87.1,98.4,-7.4,0.0
06/01/2026,1630,CANE,9.76,+.20,+2.09%,9.74,9.87,9.735,48.41,0.25,0.41,9.14,9.95,9.36,10.25,-4106.02,-943.03,19.03,88.4,82.3,-0.9,0.0
06/01/2026,1630,CARR,65.11,+1.24,+1.94%,63.05,65.32,62.67,54.29,0.39,0.42,56.43,64.74,61.19,66.67,1202.04,-6112.07,17.07,79.1,76.3,-4.8,0.0
06/01/2026,1630,CASY,745.58,-21.56,-2.81%,759.18,769.9999,739.18,30.72,0.28,0.47,627.49,859.66,729.56,855.22,-8111.01,-73918.01,19.01,100.4,75.4,-3.9,-0.1
06/01/2026,1630,CAT,865.36,-10.51,-1.20%,860.16,873.77,853.37,49.76,0.35,0.41,662.85,894.51,836.49,923.01,-1103.01,-85337.01,17.08,79.1,64.3,-1.3,0.0
06/01/2026,1630,CAVA,74.67,-2.99,-3.85%,77.00,77.89,73.58,37.33,0.54,0.57,74.8,72.05,73.2,83.97,-1103.01,-7358.01,4.01,37.1,66.1,-11.7,0.0
06/01/2026,1630,CBRL,35.06,+1.24,+3.67%,33.82,35.14,33.65,66.27,0.56,0.7,27.49,28.82,28.58,36.66,7208.01,3514.01,3.08,73.2,68.4,6.3,0.0
06/01/2026,1630,CCK,94.54,-.54,-0.57%,93.96,95.29,93.62,36.03,0.22,0.31,102.79,97.73,92.93,100.22,-1102.01,-9362.01,15.01,66.1,35.1,-3.7,-2.5
06/01/2026,1630,CCL,27.51,-.55,-1.96%,27.51,28.085,27.02,56.01,0.54,0.59,23.47,24.41,23.97,29.26,5208.02,2840.02,2.08,88.1,72.1,0.6,0.0
06/01/2026,1630,CCRN,13.09,0,0.00%,13.09,13.10,13.06,76.15,0.95,1.15,8.8,13.11,13.04,13.1,2202.01,1310.02,1.04,68.3,91.4,0.0,59.9
06/01/2026,1630,CELH,30.88,-2.39,-7.18%,32.80,32.9101,30.61,46.14,0.64,0.68,40.94,27.66,27.69,33.71,4206.01,3291.01,1.12,67.1,79.2,0.0,0.0
06/01/2026,1630,CF,113.30,+.95,+0.85%,114.66,117.04,113.24,39.99,0.53,0.52,100.41,116.04,109.01,129.26,-3108.02,-11127.02,13.02,79.1,80.1,0.0,-1.5
06/01/2026,1630,CFG,60.78,-1.48,-2.38%,61.25,61.50,60.275,39.86,0.23,0.35,55.76,60.35,60.05,63.97,-2102.01,-6028.01,17.01,77.1,39.1,-3.8,0.0
06/01/2026,1630,CFLT,30.99,0,0.00%,0,0,0,73.35,0.04,0.16,29.95,30.6,30.58,30.94,1201.01,3100.01,1.27,19.4,14.1,0.0,0.0
06/01/2026,1630,CFRUY,21.180,-.32,-1.49%,20.970,21.280,20.760,62.68,0.39,NaN,17.51,19.57,19.26,21.77,7205.01,2178.02,2.23,0.0,85.1,2.7,6.4
06/01/2026,1630,CG,45.10,-.33,-0.73%,44.96,46.35,44.80,37.55,0.32,0.49,46.02,48.44,42.02,49.67,-6111.07,-4423.07,18.07,70.1,34.1,-6.1,-5.6
06/01/2026,1630,CHD,95.30,-.33,-0.35%,95.57,96.00,94.37,49.15,0.27,0.29,98.32,90.05,92.74,99.68,-1102.01,9947.04,4.14,84.1,88.4,3.6,1.7
06/01/2026,1630,CHDN,89.77,+2.56,+2.94%,87.20,90.90,87.00,52.52,0.4,0.4,80.24,84.68,83.69,89.92,3204.01,9090.01,1.05,81.1,77.1,-6.7,0.0
06/01/2026,1630,CHEF,76.97,+.43,+0.56%,76.23,77.85,75.54,54.85,0.22,0.33,59.26,78.8,74.3,80.67,-9111.01,-7507.04,20.04,3.1,6.1,-2.0,0.0
06/01/2026,1630,CHH,111.51,+2.63,+2.42%,107.84,112.27,107.52,52.7,0.37,0.46,93.78,103.93,104.49,118.28,7201.03,11726.03,3.19,98.3,79.4,0.0,5.7
06/01/2026,1630,CHPT,7.89,+.30,+3.95%,7.42,7.93,7.39,69.48,0.6,1.19,5.25,6.04,6.06,8.4,6207.01,796.03,3.07,80.2,45.1,5.9,0.0
06/01/2026,1630,CHRD,138.00,+6.13,+4.65%,135.51,139.89,134.93,48.19,0.42,0.48,110.01,138.11,128.6,150.99,-4107.02,-13025.02,9.02,92.2,88.1,-0.1,0.0
06/01/2026,1630,CHTR,142.60,-1.45,-1.01%,143.40,146.17,141.00,33.38,0.43,0.59,216.92,141.76,138.31,148.89,1102.04,15537.12,13.22,80.2,74.1,-8.6,4.6
06/01/2026,1630,CHWY,22.28,-.26,-1.15%,22.67,22.74,22.005,46.98,0.54,0.73,25.07,21.17,19.39,23.22,3205.01,2274.01,1.08,92.3,78.1,-5.7,0.0
06/01/2026,1630,CI,274.19,-3.21,-1.16%,275.62,277.98,273.07,42.25,0.29,0.3,258.14,286.43,269.19,297.72,-3108.01,-27307.01,12.01,30.1,65.2,0.0,0.0
06/01/2026,1630,CLOX,25.60,+.015,+0.06%,25.61,25.61,25.57,56.94,0.02,NaN,25.36,25.51,25.56,25.64,-1212.01,2563.03,3.18,0.0,64.2,0.0,3.5
06/01/2026,1630,CLOZ,26.535,+.015,+0.06%,26.40,26.54,26.40,71.25,0.02,NaN,25.23,26.3,26.42,26.57,-1217.01,-2640.01,4.01,0.0,4.1,0.0,6.8
06/01/2026,1630,CLX,89.09,-.93,-1.03%,89.00,90.03,87.91,38.08,0.38,0.37,108.94,88.48,87.74,98.86,-2102.01,-8791.01,4.01,87.2,92.4,0.0,3.8
06/01/2026,1630,CMCSA,25.05,+.18,+0.72%,24.73,25.085,24.53,37.87,0.17,0.38,30.26,24.53,24.75,25.28,-1201.01,-2453.01,4.01,85.2,12.1,-16.7,0.6
06/01/2026,1630,CMG,30.55,-1.31,-4.11%,32.00,32.24,30.48,34.44,0.31,0.42,33.59,31.63,30.85,33.65,-6106.01,-3048.01,9.01,63.1,49.1,-1.7,0.0
06/01/2026,1630,CMI,643.50,-3.13,-0.48%,638.77,645.01,628.62,45.73,0.46,0.41,516.96,678.04,610.08,715.01,-5110.01,-62809.06,17.06,90.2,90.4,-0.1,-0.8
06/01/2026,1630,CNA,41.90,-.16,-0.38%,41.53,42.16,41.53,30.17,0.33,0.42,46.74,42.48,41.47,44.83,-4104.01,-4153.01,21.01,87.1,93.4,-3.4,0.0
06/01/2026,1630,CNC,62.00,+2.40,+4.03%,59.90,62.095,59.47,75.89,0.34,0.45,35.66,55.62,56.74,61.78,3204.01,6210.01,1.55,15.1,16.1,-2.9,8.4
06/01/2026,1630,CNH,9.85,-.36,-3.53%,10.17,10.17,9.74,38.12,0.34,0.38,10.7,10.55,9.7,10.83,-7102.01,-974.01,14.01,43.1,65.1,-2.5,-1.6
06/01/2026,1630,CNX,33.46,-.23,-0.68%,33.77,34.295,33.21,30.04,0.27,0.41,39.76,35.1,32.52,37.22,-15107.01,-3321.01,23.01,73.1,36.1,-4.6,-4.2
06/01/2026,1630,COAL,27.95,+1.51,+5.71%,27.02,27.9899,26.86,65.83,0.37,0.5,24.78,24.6,24.06,28.05,5205.01,2799.01,1.1,83.2,98.2,1.1,-0.6
06/01/2026,1630,COCO,75.00,-.13,-0.17%,75.05,76.91,74.2107,61.06,0.35,0.55,49.93,70.85,73.34,80.66,-1102.01,-7421.01,21.01,58.1,35.1,-0.2,11.4
06/01/2026,1630,COF,184.56,-3.37,-1.79%,185.59,186.47,182.02,43.74,0.25,0.37,178.73,181.3,182.07,190.22,-1101.01,-18202.01,2.01,71.1,31.1,-4.5,0.0
06/01/2026,1630,COIN,182.61,-6.42,-3.40%,179.21,186.60,176.18,45.35,0.67,0.77,192.52,192.81,163.41,209.69,-7101.03,-16917.03,12.03,75.1,52.1,-0.1,-4.3
06/01/2026,1630,COM,34.08,+.068,+0.20%,34.17,34.1803,34.02,46.39,0.14,0.2,32.05,34.74,33.5,35.15,-4108.03,-3390.04,13.04,81.1,91.4,0.0,-0.1
06/01/2026,1630,COP,115.58,+1.60,+1.40%,115.70,117.60,115.32,42.01,0.3,0.36,112.93,113.8,110.91,125.34,-3105.02,-11264.02,22.02,67.1,67.3,-2.9,0.0
06/01/2026,1630,COPJ,45.85,+1.27,+2.85%,44.75,45.85,44.04,60.1,0.52,0.51,40.4,43.98,39.97,47.64,1205.02,4753.13,13.22,68.1,77.1,0.0,0.9
06/01/2026,1630,COPX,90.06,+1.92,+2.18%,87.46,90.37,86.61,60.18,0.53,0.54,76.18,86.09,78.76,93.7,1205.05,9277.13,13.23,73.1,79.1,0.0,3.0
06/01/2026,1630,CORN,17.90,-.03,-0.17%,17.94,18.05,17.7382,40.53,0.23,0.26,17.68,18.45,17.53,18.85,-6108.01,-1774.01,21.04,84.1,98.4,-4.7,-5.1
06/01/2026,1630,COST,946.11,-10.21,-1.07%,955.00,959.21,936.51,32.41,0.28,0.25,960.46,985.15,936.01,1083.75,-6106.01,-93651.01,8.01,63.2,100.4,0.0,-2.9
06/01/2026,1630,CP,88.68,-.64,-0.72%,89.77,89.77,87.375,57.81,0.27,0.29,81.27,84.13,84.35,92.16,8205.02,9146.02,2.41,93.1,83.4,2.1,0.0
06/01/2026,1630,CPAY,364.13,+2.33,+0.64%,361.50,367.434,357.91,70.65,0.5,0.41,307.77,324.08,329.78,371.55,7216.01,36743.01,1.22,73.1,87.4,0.0,15.6
06/01/2026,1630,CPER,39.96,+1.10,+2.83%,39.45,40.05,39.32,62.23,0.33,0.32,35.14,39.14,37.37,40.62,1201.01,4078.13,13.2,62.2,66.2,0.0,5.3
06/01/2026,1630,CPNG,16.62,+.02,+0.12%,16.45,16.905,16.38,44.47,0.7,0.53,18.25,15.65,15.35,16.95,3207.01,1691.01,1.14,76.1,99.4,-13.5,0.0
06/01/2026,1630,CPRI,18.40,-.11,-0.59%,18.32,18.855,18.29,48.57,0.54,0.55,16.92,16.93,16.88,19.72,4208.02,1951.02,2.13,23.1,81.2,0.0,0.0
06/01/2026,1630,CPT,106.08,-.48,-0.45%,106.00,108.15,105.75,54.19,0.14,0.26,100.68,103.33,103.32,109.45,7101.03,10880.03,3.1,81.2,12.1,1.8,0.5
06/01/2026,1630,CRCL,104.97,-8.03,-7.11%,108.72,109.50,104.26,46.57,1.13,0.92,100.07,105.36,93.53,125.74,-4101.03,-9769.03,14.03,NaN,NaN,-0.6,0.0
06/01/2026,1630,CRI,38.39,-.20,-0.52%,38.01,38.635,37.47,57.29,0.61,0.55,31.69,32.16,33.48,42.22,7210.03,4132.03,3.19,27.1,73.2,1.2,3.5
06/01/2026,1630,CRM,209.60,+18.50,+9.68%,198.75,211.34,198.21,70.6,0.56,0.52,190.6,164.33,166.14,204.77,5210.01,21134.01,1.12,87.3,100.1,0.0,0.0
06/01/2026,1630,CRSP,54.19,-1.99,-3.54%,55.11,55.26,53.68,54.86,0.52,0.6,49.85,50.23,46.56,57.93,3205.02,5639.02,2.08,23.1,38.1,0.0,0.0
06/01/2026,1630,CRWD,782.17,+51.17,+7.00%,735.81,785.66,734.00,86.69,0.49,0.73,380.11,522.0,632.47,789.54,16203.01,78566.01,1.36,100.4,75.1,19.0,12.1
06/01/2026,1630,CSCO,121.33,+.91,+0.76%,119.80,121.95,118.30,76.47,0.52,0.43,75.2,95.33,110.88,133.96,-1104.04,12195.01,10.41,98.3,89.4,9.0,25.1
06/01/2026,1630,CSX,45.86,+.60,+1.33%,44.86,46.01,44.79,55.17,0.24,0.31,39.34,44.23,44.57,47.4,-2103.01,-4479.01,4.01,83.1,62.1,3.3,0.5
06/01/2026,1630,CTA,29.58,+.70,+2.42%,29.20,30.0199,29.20,41.48,0.29,0.34,29.84,31.03,28.11,32.41,-6108.02,-2855.02,10.02,91.4,86.3,-4.8,-0.6
06/01/2026,1630,CUBE,39.33,-.67,-1.68%,39.56,39.80,39.15,47.22,0.25,0.29,38.51,39.6,38.27,41.11,2101.03,-3824.09,14.09,32.1,77.2,0.0,0.0
06/01/2026,1630,CURB,28.67,-.46,-1.58%,29.16,29.18,28.36,57.5,0.17,0.27,26.39,27.27,27.38,29.71,9210.02,2948.03,3.5,27.1,26.1,3.1,0.0
06/01/2026,1630,CVNA,71.00,-2.00,-2.74%,72.30,72.81,69.11,48.88,0.48,0.7,60.57,68.5,61.77,76.99,3205.02,-6109.08,16.08,48.1,26.1,-3.2,0.0
06/01/2026,1630,CVS,90.62,-.36,-0.40%,91.13,91.85,90.19,54.6,0.38,0.31,75.32,90.63,88.33,97.46,-4108.02,9843.12,13.5,25.1,87.4,0.0,7.4
06/01/2026,1630,CVX,185.83,+3.37,+1.85%,184.375,187.94,184.02,46.41,0.29,0.31,184.15,183.0,177.93,196.86,-3105.02,-18040.02,8.02,79.1,86.2,0.0,-0.5
06/01/2026,1630,CWH,7.52,+.19,+2.59%,7.21,7.59,7.20,53.54,0.64,0.81,6.8,6.46,6.63,8.06,3208.02,810.04,4.13,75.1,54.1,0.0,0.0
06/01/2026,1630,CZR,29.15,+.10,+0.34%,29.02,29.19,29.00,62.5,0.44,0.11,24.96,25.2,26.41,30.12,4211.03,2929.03,3.12,1.1,42.1,6.1,0.0
06/01/2026,1630,D,64.61,-2.33,-3.48%,66.25,66.4324,64.545,48.52,0.38,0.27,61.79,61.75,61.86,71.07,-1101.01,6858.06,7.16,96.2,100.4,6.1,0.6
06/01/2026,1630,DAL,81.47,-1.01,-1.22%,81.07,81.835,79.30,70.12,0.45,0.49,55.28,70.01,69.07,86.71,6208.02,8383.02,2.08,46.1,67.2,13.2,3.9
06/01/2026,1630,DAPP,22.98,+.28,+1.23%,22.46,23.37,21.98,65.18,0.55,0.7,15.36,20.82,19.93,23.79,5207.01,2337.01,1.09,53.1,35.1,0.0,3.3
06/01/2026,1630,DAR,60.44,+1.34,+2.27%,59.63,61.09,59.425,49.55,0.25,0.45,51.02,61.35,55.89,63.66,-8201.04,-5765.06,19.06,20.1,9.1,-5.9,-3.3
06/01/2026,1630,DASH,164.78,+5.49,+3.45%,161.54,166.52,157.405,52.62,0.49,0.57,167.28,148.0,152.25,166.8,3204.01,16652.01,1.08,66.1,70.1,-7.5,0.0
06/01/2026,1630,DDOG,277.49,+30.14,+12.19%,251.775,278.705,249.44,91.05,1.05,0.7,111.0,193.16,209.66,272.57,3203.01,27871.01,1.35,87.1,100.4,0.0,16.2
06/01/2026,1630,DDS,588.19,-2.02,-0.34%,589.25,591.595,579.59,56.88,0.34,NaN,562.54,522.49,517.53,621.6,5207.02,60799.02,2.08,0.0,24.1,0.0,-0.1
06/01/2026,1630,DE,542.43,+.25,+0.05%,538.22,544.57,528.45,40.75,0.28,0.32,577.63,573.73,503.3,579.7,-8201.03,-52248.03,17.05,52.1,53.1,-4.2,-11.6
06/01/2026,1630,DECK,110.82,-3.03,-2.66%,112.43,113.50,110.05,60.95,0.45,0.42,99.93,93.75,93.41,121.53,6208.02,11563.03,3.19,30.1,63.4,2.7,0.0
06/01/2026,1630,DELL,465.96,+45.05,+10.70%,426.15,469.47,426.15,91.27,1.26,0.82,137.5,228.5,299.88,463.39,6207.01,46947.01,1.72,98.4,100.4,17.1,9.3
06/01/2026,1630,DEO,79.87,-2.59,-3.14%,81.56,81.70,79.7201,42.73,0.33,0.35,79.68,79.98,79.26,88.19,-2102.01,-7972.01,4.01,81.1,78.1,0.4,1.5
06/01/2026,1630,DG,109.93,-.68,-0.61%,111.045,111.99,108.15,48.75,0.45,0.61,141.62,100.81,101.68,111.73,3203.01,11199.01,1.13,100.4,83.4,-9.9,0.0
06/01/2026,1630,DGX,192.20,-2.70,-1.39%,194.14,196.48,191.85,48.27,0.17,0.29,195.39,187.13,187.65,197.98,8101.01,19648.01,1.09,78.1,27.1,0.0,2.3
06/01/2026,1630,DIN,31.39,+.01,+0.03%,31.38,31.65,30.50,63.31,0.46,0.64,28.54,27.87,29.3,32.42,13217.02,3206.02,2.17,75.1,49.1,1.8,6.8
06/01/2026,1630,DIS,102.85,+1.02,+1.00%,101.66,103.005,100.30,48.41,0.35,0.29,98.45,103.86,101.01,105.65,-3103.01,-10030.01,15.01,42.1,82.4,-3.6,1.6
06/01/2026,1630,DK,45.96,+1.45,+3.26%,44.98,46.78,44.53,56.48,0.53,0.73,39.62,43.4,41.63,46.64,1203.01,4678.01,1.04,85.2,38.1,-4.7,1.2
06/01/2026,1630,DKL,51.13,+1.75,+3.54%,49.67,51.29,49.55,49.97,0.32,0.3,50.88,50.08,49.44,52.41,-5201.01,-4955.01,8.01,46.1,83.3,-1.7,0.0
06/01/2026,1630,DKNG,26.33,+1.84,+7.51%,24.735,26.84,24.66,61.02,0.49,0.6,24.12,23.75,23.99,26.47,1201.01,2684.01,1.02,56.1,66.1,0.0,1.0
06/01/2026,1630,DLTR,111.35,-5.09,-4.37%,116.84,116.85,111.18,64.72,0.7,0.47,111.3,85.88,87.31,118.77,6208.01,11685.01,1.13,68.3,100.4,0.4,0.0
06/01/2026,1630,DOC,19.00,-.15,-0.78%,19.11,19.26,18.99,53.77,0.62,0.32,16.81,19.28,18.93,20.0,-2103.01,-1899.01,4.01,56.1,96.4,0.0,12.4
06/01/2026,1630,DOCU,57.02,+4.50,+8.57%,54.40,57.29,53.12,74.62,0.5,0.8,46.13,44.06,45.8,56.56,6211.01,5729.01,1.12,98.4,71.1,8.1,0.6
06/01/2026,1630,DOV,207.54,-3.82,-1.81%,208.21,208.37,204.52,40.01,0.23,0.32,201.79,213.4,203.79,217.78,-1102.01,-20452.01,17.01,82.1,47.1,-10.4,0.0
06/01/2026,1630,DOW,34.69,+.94,+2.79%,34.25,35.4099,34.205,38.14,0.39,0.5,31.04,37.49,32.06,39.36,-11113.02,-3345.02,19.02,35.1,26.1,-5.9,-11.8
06/01/2026,1630,DPZ,313.71,+3.13,+1.01%,311.33,315.525,309.17,39.56,0.25,0.38,391.31,303.59,303.27,319.47,-6201.1,-29748.1,26.1,88.2,56.1,-11.3,0.2
06/01/2026,1630,DRI,201.91,-2.00,-0.98%,202.78,205.07,201.325,54.83,0.22,0.38,194.26,190.13,191.63,209.9,5208.02,20836.02,2.09,93.2,35.1,3.0,0.0
06/01/2026,1630,DRLL,36.3635,+.8035,+2.26%,36.09,36.75,35.96,47.81,0.32,0.32,35.02,35.8,34.82,38.57,-2105.02,-3523.04,8.04,83.2,99.4,0.0,0.0
06/01/2026,1630,DRVN,13.58,-.26,-1.88%,13.74,13.85,13.53,52.09,0.58,0.78,10.03,12.5,12.55,14.72,4101.03,1444.03,3.07,79.1,89.1,0.3,1.8
06/01/2026,1630,DT,44.47,+1.88,+4.41%,43.53,44.84,42.54,66.2,0.69,0.58,36.58,32.75,36.96,44.82,4203.01,4484.01,1.12,88.1,100.4,2.2,1.6
06/01/2026,1630,DVN,46.31,+1.82,+4.09%,45.595,47.0803,45.48,46.98,0.48,0.44,42.7,45.99,42.7,50.09,-3107.02,-4363.02,22.02,90.2,100.4,-6.0,-1.4
06/01/2026,1630,DXCM,74.87,+1.13,+1.53%,73.49,76.345,72.50,71.15,0.47,0.45,65.79,57.66,63.25,81.03,8211.05,7635.01,6.22,39.1,80.4,17.6,3.0
06/01/2026,1630,EA,202.00,+.28,+0.14%,201.93,202.46,201.61,55.29,0.03,0.13,197.01,199.45,200.18,202.54,2203.01,20246.01,1.03,49.1,26.1,0.0,1.0
06/01/2026,1630,EAT,141.76,-.62,-0.44%,142.38,142.50,135.81,51.75,0.59,0.54,129.02,126.3,127.43,147.01,3207.02,14607.02,2.12,61.1,88.4,-1.5,0.0
06/01/2026,1630,EBAY,110.35,+1.08,+0.99%,109.91,110.83,107.53,51.88,0.39,0.38,89.0,105.54,107.0,119.49,-3104.01,-10753.01,11.01,64.1,71.2,0.0,1.6
06/01/2026,1630,ECH,41.05,-.93,-2.22%,42.17,42.17,41.01,49.12,0.29,0.26,37.76,39.9,39.21,42.72,5205.01,4244.02,2.09,52.1,76.1,0.0,0.0
06/01/2026,1630,ECPG,78.56,-1.37,-1.71%,79.96,80.67,78.22,43.13,0.26,0.39,66.09,78.74,77.85,82.38,-1103.01,-7822.01,15.01,37.1,30.1,-4.2,0.0
06/01/2026,1630,EDEN,111.6248,-.7252,-0.65%,111.18,111.6248,110.815,52.12,0.17,NaN,102.68,112.0,110.08,113.42,-1101.01,11345.15,15.27,0.0,30.1,-0.5,2.9
06/01/2026,1630,EDU,47.08,+1.29,+2.82%,46.67,47.42,46.305,34.47,0.36,0.46,51.75,51.37,43.31,51.85,-8116.05,-4570.02,31.06,37.1,55.3,-20.3,-16.5
06/01/2026,1630,EDV,63.85,+.13,+0.20%,63.25,63.98,63.14,55.47,0.15,0.12,65.26,62.42,60.9,64.62,5206.01,6398.02,2.08,10.1,54.2,0.0,0.0
06/01/2026,1630,EEM,70.08,+1.48,+2.16%,69.38,70.51,69.13,69.22,0.3,0.34,56.24,64.99,64.3,70.67,5205.01,7051.01,1.09,94.2,88.2,0.0,3.6
06/01/2026,1630,EFNL,57.65,+.84,+1.48%,56.33,57.88,56.21,63.68,0.25,NaN,47.92,53.61,54.5,59.05,5208.04,5788.01,4.1,0.0,96.4,8.7,6.5
06/01/2026,1630,EFX,173.59,+7.80,+4.70%,164.89,173.69,162.99,56.01,0.36,0.43,188.9,157.59,157.79,172.7,2204.01,17369.01,1.11,85.1,52.1,-4.8,0.0
06/01/2026,1630,EGP,194.83,-7.08,-3.51%,199.92,200.95,194.79,36.34,0.18,0.2,183.37,201.72,197.08,208.51,-2102.01,-19479.01,2.01,52.1,52.1,0.0,0.0
06/01/2026,1630,EIS,133.94,-3.75,-2.72%,134.12,134.44,131.80,53.95,0.23,NaN,120.73,132.37,128.68,140.27,-1101.01,13885.02,2.09,0.0,66.1,0.0,2.8
06/01/2026,1630,EL,85.58,-3.37,-3.79%,87.77,88.40,84.73,54.1,0.61,0.5,88.17,80.54,75.85,94.29,5206.02,9235.03,3.07,64.1,85.2,0.8,0.8
06/01/2026,1630,ELS,60.77,-1.00,-1.62%,61.26,61.68,60.77,34.81,0.15,0.26,66.7,61.89,60.39,63.74,-2105.01,-6077.01,5.01,56.2,25.1,-0.4,-0.9
06/01/2026,1630,ELV,402.66,+9.47,+2.41%,390.82,403.27,390.82,68.98,0.22,0.38,274.84,373.17,384.4,406.04,19201.01,40327.01,1.43,49.1,9.1,0.0,12.0
06/01/2026,1630,EMB,96.01,-.42,-0.44%,95.96,96.01,95.68,54.94,0.07,0.08,95.04,95.44,94.28,96.79,4205.02,9651.02,2.08,44.3,88.1,0.0,0.0
06/01/2026,1630,EMR,141.65,-2.17,-1.51%,140.66,142.60,140.11,54.88,0.39,0.34,134.65,134.5,130.5,146.16,3205.02,14557.02,2.08,69.1,86.2,-0.5,0.0
06/01/2026,1630,ENB,54.93,+.19,+0.35%,54.74,55.34,54.60,47.81,0.19,0.21,53.3,53.81,53.99,58.39,-3104.01,-5460.01,6.01,54.1,80.4,0.0,0.9
06/01/2026,1630,ENPH,63.74,-4.62,-6.76%,65.96,66.155,61.9105,67.99,1.12,1.01,38.42,35.63,50.78,79.82,16101.02,7374.02,4.22,98.4,83.4,26.7,19.2
06/01/2026,1630,ENR,18.40,+.18,+0.99%,17.97,18.63,17.80,52.77,0.57,0.56,17.11,16.59,16.15,19.42,4207.03,1923.04,4.12,72.1,77.4,0.0,0.0
06/01/2026,1630,ENVX,8.58,+.60,+7.52%,7.90,8.63,7.63,70.54,1.01,1.06,4.62,5.83,5.66,8.76,5206.01,863.01,1.08,62.1,90.4,5.5,0.0
06/01/2026,1630,ENZL,46.41,-.3203,-0.69%,45.99,46.71,45.99,62.97,0.2,0.2,44.7,44.9,43.51,47.22,4205.01,4671.01,1.08,9.1,77.1,0.0,0.0
06/01/2026,1630,EOG,136.62,+3.24,+2.43%,135.00,138.11,134.915,49.68,0.33,0.35,124.2,130.92,130.01,145.01,-2105.02,14570.08,8.16,74.1,95.2,0.0,0.0
06/01/2026,1630,EPD,37.21,+.42,+1.14%,36.85,37.6201,36.85,41.02,0.23,0.23,36.39,37.21,36.46,40.19,-4105.01,-3685.01,8.01,90.1,94.4,0.0,0.0
06/01/2026,1630,EPHE,23.89,+.03,+0.13%,23.77,23.98,23.66,35.69,0.17,NaN,24.5,24.56,23.72,24.96,-6103.01,-2366.01,16.01,0.0,28.1,-6.4,0.0
06/01/2026,1630,EPOL,40.05,-.46,-1.14%,40.00,40.15,39.755,54.99,0.28,0.22,34.48,38.55,38.81,41.13,5208.02,4085.02,2.23,13.1,88.1,4.5,4.7
06/01/2026,1630,EPR,56.20,-.85,-1.49%,56.64,56.89,56.14,43.53,0.18,0.28,56.33,57.58,56.27,59.24,-3104.01,-5614.01,4.01,74.1,36.1,0.0,7.0
06/01/2026,1630,EPU,85.88,+.11,+0.13%,85.28,85.93,84.08,58.81,0.32,NaN,80.39,81.96,79.59,88.2,3208.02,8647.02,2.23,0.0,69.1,3.5,7.1
06/01/2026,1630,EQR,65.81,+.36,+0.55%,65.28,66.93,65.28,55.5,0.16,0.28,59.38,65.02,64.34,67.04,1201.01,6693.01,1.02,87.1,18.1,0.0,0.7
06/01/2026,1630,EQRR,80.2116,+1.716,+2.19%,78.55,80.47,78.55,73.08,0.15,NaN,67.12,75.12,76.75,80.78,24202.01,8047.01,1.55,0.0,74.1,12.3,9.4
06/01/2026,1630,EQT,55.26,+.33,+0.60%,54.90,55.69,54.6075,40.03,0.28,0.32,60.12,55.11,53.77,59.05,-4105.01,-5453.02,8.02,2.1,40.2,-3.4,-0.6
06/01/2026,1630,ESI,41.69,-.66,-1.56%,41.65,41.94,40.89,51.95,0.45,0.51,29.46,42.8,38.33,44.86,1205.04,-3816.09,19.09,86.1,72.1,-1.4,0.0
06/01/2026,1630,ESPO,90.78,+1.645,+1.85%,90.49,90.78,89.95,52.38,0.16,0.18,89.34,89.19,88.29,91.19,1201.01,9078.01,1.03,59.1,26.1,-2.7,-0.4
06/01/2026,1630,ESS,276.93,+4.29,+1.57%,274.29,280.735,273.60,63.73,0.16,0.23,247.77,264.98,268.51,281.17,23201.01,28074.01,1.5,45.1,15.1,4.1,3.1
06/01/2026,1630,ET,19.27,+.10,+0.52%,19.21,19.44,19.18,43.0,0.23,0.27,18.24,19.14,18.9,20.53,-5107.01,-1911.02,8.02,85.2,95.4,-1.4,0.0
06/01/2026,1630,ETH,19.01,-.13,-0.68%,18.75,19.05,18.57,32.69,0.3,0.46,18.5,21.2,17.78,21.3,-10114.03,-1857.01,19.03,1.1,0.1,-4.1,-15.2
06/01/2026,1630,ETH-USD,-89.36,-6.38,+7.69%,-84.13,-83.493,-90.86,25.14,0.88,0.7,-37.23,-84.0,-89.71,-70.06,-23105.01,9086.01,43.01,35.1,13.1,-12.7,0.0
06/01/2026,1630,ETHA,15.11,-.09,-0.59%,14.90,15.14,14.755,32.59,0.3,0.59,14.75,16.85,14.11,16.94,-10111.03,-1476.01,19.03,2.1,0.1,-3.9,-15.0
06/01/2026,1630,ETHE,16.21,-.10,-0.61%,15.99,16.245,15.84,31.89,0.29,0.48,15.92,18.11,15.16,18.17,-10114.03,-1584.01,19.03,2.1,0.1,-4.1,-15.2
06/01/2026,1630,ETSY,69.00,+1.08,+1.59%,68.76,69.99,67.78,66.86,0.47,0.56,51.98,56.29,57.0,70.88,5208.01,6999.01,1.12,42.1,35.3,0.0,0.0
06/01/2026,1630,EWA,29.13,-.12,-0.41%,29.03,29.265,28.92,50.79,0.19,0.28,27.97,28.96,28.41,29.47,2203.01,2946.02,2.08,91.1,72.1,-6.2,0.0
06/01/2026,1630,EWC,58.71,-.10,-0.17%,58.63,58.885,58.305,57.99,0.11,0.16,55.22,57.57,57.53,59.2,5208.01,5890.02,2.11,54.1,27.1,0.8,1.3
06/01/2026,1630,EWD,52.08,-.66,-1.25%,52.06,52.24,51.53,52.35,0.26,0.26,49.95,50.19,49.72,54.25,4208.04,5342.04,4.11,67.1,81.1,0.2,1.0
06/01/2026,1630,EWG,43.48,+.05,+0.12%,43.32,43.66,43.10,58.3,0.23,0.23,39.72,41.71,41.61,44.52,5208.03,4380.04,4.11,68.1,85.1,5.8,1.1
06/01/2026,1630,EWH,23.01,-.10,-0.43%,22.92,23.035,22.85,37.43,0.17,0.2,22.66,23.99,22.53,24.24,-10111.01,-2285.01,17.03,25.1,65.2,-1.6,-1.0
06/01/2026,1630,EWI,59.27,-.10,-0.17%,58.87,59.46,58.75,56.73,0.25,0.26,51.6,58.18,57.63,59.93,3208.02,5985.02,2.2,84.1,88.2,0.0,7.2
06/01/2026,1630,EWJ,92.93,-.03,-0.03%,92.77,93.35,91.76,61.7,0.15,0.25,82.92,91.36,90.45,93.82,3207.01,9335.01,1.23,73.1,20.1,0.0,11.4
06/01/2026,1630,EWJV,45.2279,-.2921,-0.64%,45.22,45.4388,45.00,57.36,0.14,NaN,41.38,44.41,44.91,45.97,-1101.01,-4500.01,13.01,0.0,15.1,0.0,20.4
06/01/2026,1630,EWK,27.04,+.08,+0.30%,26.86,27.07,26.76,62.45,0.19,0.36,24.33,26.24,26.18,27.5,5208.03,2727.03,3.23,75.1,81.1,3.1,7.3
06/01/2026,1630,EWM,28.62,+.05,+0.18%,28.50,28.6491,28.40,35.56,0.12,0.21,27.85,30.0,28.15,29.82,-10111.01,-2840.01,17.01,75.1,35.1,-9.9,-9.4
06/01/2026,1630,EWN,67.46,+.42,+0.63%,66.64,67.83,66.21,63.52,0.27,0.23,57.25,63.28,63.8,68.91,5208.02,6783.01,4.23,87.4,85.2,6.4,8.4
06/01/2026,1630,EWO,40.93,-.26,-0.63%,41.08,41.18,40.67,61.96,0.23,NaN,34.44,39.17,38.75,41.7,5208.01,4153.02,2.2,0.0,87.1,4.8,3.3
06/01/2026,1630,EWP,57.47,-.44,-0.76%,56.86,57.58,56.81,54.5,0.24,0.22,52.02,55.92,55.73,58.6,5205.02,5838.02,2.11,73.1,84.1,1.2,3.5
06/01/2026,1630,EWQ,45.82,-.15,-0.33%,45.61,45.99,45.42,54.25,0.25,0.25,42.75,44.66,44.38,46.6,4208.02,4640.02,2.11,73.2,90.3,0.0,0.0
06/01/2026,1630,EWS,29.70,+.21,+0.71%,29.35,29.82,29.34,61.37,0.14,0.28,27.05,28.8,28.99,29.92,5216.01,2982.01,1.23,87.1,39.1,0.9,10.9
06/01/2026,1630,EWUS,42.8405,-.3837,-0.89%,42.61,42.9299,42.5008,53.68,0.22,0.21,40.94,41.51,41.14,44.13,5208.02,4362.02,5.11,53.1,81.1,2.0,0.0
06/01/2026,1630,EWW,77.87,-.56,-0.71%,78.17,78.38,77.17,48.33,0.2,0.27,71.56,78.65,76.27,80.19,1101.04,8107.12,15.22,71.1,58.1,-0.6,2.3
06/01/2026,1630,EWY,216.70,+10.87,+5.28%,211.47,217.76,209.10,71.97,0.71,0.86,121.55,173.6,174.81,219.38,5205.01,21776.01,1.41,99.4,96.2,2.1,7.4
06/01/2026,1630,EWZ,35.67,-.24,-0.67%,35.62,35.81,35.49,35.05,0.26,0.34,35.66,36.68,34.55,37.63,-12117.09,-3549.01,35.09,79.1,65.1,-16.4,-0.6
06/01/2026,1630,EWZS,13.97,-.0589,-0.42%,13.88,14.05,13.85,41.69,0.36,0.35,13.97,13.99,13.45,14.64,-6101.09,-1359.09,36.09,59.1,78.1,-11.1,0.0
06/01/2026,1630,EXAS,104.91,0,0.00%,0,0,0,76.4,0.04,0.37,101.28,103.1,103.16,104.69,6206.01,10498.01,1.08,32.4,24.1,6.4,0.0
06/01/2026,1630,EXP,221.01,-.17,-0.08%,219.35,223.32,215.545,66.62,0.35,0.41,188.76,197.6,193.04,226.24,4205.01,22332.01,1.08,92.2,59.2,0.1,0.0
06/01/2026,1630,EXPD,160.03,+2.85,+1.81%,156.80,160.41,156.285,60.8,0.42,0.33,139.76,149.14,154.07,163.03,7201.03,16184.03,3.2,79.1,83.4,0.0,10.1
06/01/2026,1630,EXPE,228.37,+2.58,+1.14%,228.48,230.31,221.54,48.95,0.43,0.48,217.01,214.35,213.67,230.72,3205.01,23031.01,1.12,44.1,62.1,-15.7,0.0
06/01/2026,1630,EXR,140.32,-3.99,-2.76%,142.87,143.44,140.24,45.87,0.25,0.29,140.88,141.39,137.32,147.33,4101.03,14722.03,3.09,63.1,67.1,2.0,0.0
06/01/2026,1630,EYE,16.08,-.67,-4.00%,16.63,16.83,15.98,28.64,0.87,0.82,25.8,14.75,13.04,18.69,1203.02,-1598.01,24.12,92.2,95.4,-20.8,-2.8
06/01/2026,1630,EZA,67.62,-1.79,-2.58%,67.61,67.9824,66.37,44.74,0.37,0.53,68.56,69.33,65.51,71.49,-1101.01,-6637.01,15.01,92.2,72.1,-3.6,0.0
06/01/2026,1630,F,16.63,-.81,-4.64%,17.38,17.48,16.625,70.6,0.75,0.53,11.8,11.8,13.95,18.29,10213.01,1778.02,2.19,99.4,100.4,34.3,10.5
06/01/2026,1630,FAF,64.80,-1.43,-2.16%,65.60,65.80,64.12,38.84,0.23,0.4,63.47,66.1,65.03,69.01,-8107.01,-6412.01,25.01,71.4,29.1,-7.8,-2.6
06/01/2026,1630,FANG,199.03,+7.55,+3.94%,194.49,201.66,194.125,51.9,0.39,0.41,172.55,190.5,189.05,208.1,-3201.02,-18950.02,20.02,79.1,98.4,-2.0,0.0
06/01/2026,1630,FAST,43.99,-.21,-0.48%,43.66,44.18,43.26,46.7,0.16,0.33,45.38,42.97,43.36,45.03,-1101.01,-4326.01,2.01,84.1,1.1,0.0,0.0
06/01/2026,1630,FCFS,213.76,-6.15,-2.80%,218.09,219.44,213.74,41.0,0.25,0.35,182.0,221.7,214.23,233.86,-3103.01,-21374.01,3.01,88.1,51.1,-0.5,0.0
06/01/2026,1630,FCG,29.32,+.80,+2.81%,28.96,29.64,28.96,45.84,0.35,0.32,27.84,29.25,27.91,31.46,-4107.02,-2824.02,8.02,73.1,99.4,-0.9,0.0
06/01/2026,1630,FDX,338.49,+6.925,+2.09%,325.01,341.1368,321.81,33.89,0.83,0.6,346.01,367.1,344.64,421.84,-1101.01,-32181.01,3.01,100.4,100.4,0.9,0.0
06/01/2026,1630,FICO,1284.75,+34.16,+2.73%,1256.93,1320.15,1218.40,67.83,0.41,0.61,1146.69,1046.22,1082.23,1391.54,14211.03,132335.03,3.22,79.1,42.1,14.2,7.4
06/01/2026,1630,FISV,59.05,+2.49,+4.40%,56.795,59.08,56.4301,56.64,0.49,0.44,58.0,52.17,53.38,59.41,4210.01,5908.01,1.13,48.1,75.4,-3.4,0.0
06/01/2026,1630,FIVE,226.22,-1.14,-0.50%,227.175,232.50,221.11,53.69,0.43,0.61,206.75,203.89,209.8,232.2,4203.01,23250.01,1.13,94.2,71.3,-2.3,0.0
06/01/2026,1630,FLG,13.78,-.28,-1.99%,13.91,14.04,13.77,48.57,0.26,0.35,12.08,13.6,13.21,14.4,3101.02,1429.02,2.09,20.1,28.1,0.0,0.0
06/01/2026,1630,FLNG,30.20,+.43,+1.44%,29.87,30.61,29.7901,38.45,0.29,0.37,28.68,30.6,29.54,33.17,-6107.01,-2979.01,19.01,72.1,63.1,-0.5,-0.1
06/01/2026,1630,FLO,7.66,+.02,+0.26%,7.52,7.685,7.52,43.7,0.6,0.57,8.46,7.22,6.84,8.21,1206.05,-680.07,21.1,74.1,98.4,-6.9,0.0
06/01/2026,1630,FLUT,104.31,+7.33,+7.56%,99.15,104.75,98.98,57.53,0.5,0.57,104.56,92.02,92.63,103.13,3203.01,10475.01,1.13,73.1,81.1,-5.8,0.0
06/01/2026,1630,FND,50.62,-.78,-1.52%,50.63,51.32,49.37,54.2,0.54,0.63,55.82,44.28,43.59,53.56,4208.02,5257.02,2.08,88.2,85.3,0.0,0.0
06/01/2026,1630,FNF,46.42,-.93,-1.96%,46.96,47.18,46.28,33.79,0.24,0.36,47.16,46.93,46.31,49.63,-10106.01,-4628.01,26.01,74.1,52.1,-13.4,0.0
06/01/2026,1630,FORM,115.07,-9.52,-7.64%,120.98,121.25,113.80,39.15,0.81,0.92,81.01,122.08,106.75,141.51,-1102.01,-11231.09,15.09,93.2,85.2,-4.8,0.0
06/01/2026,1630,FOUR,45.21,+.65,+1.46%,44.49,45.70,43.40,55.0,0.64,0.71,44.68,39.61,41.41,45.65,5208.01,4570.01,1.13,77.1,70.1,-0.8,1.5
06/01/2026,1630,FOXA,66.81,+2.89,+4.52%,64.29,66.91,63.99,59.64,0.37,0.3,56.92,63.58,63.06,67.26,1201.01,6691.01,1.19,24.1,92.4,0.0,4.1
06/01/2026,1630,FR,59.69,-2.18,-3.52%,61.41,61.41,59.65,37.76,0.2,0.26,58.49,61.33,59.97,64.15,-1102.01,-5965.01,4.01,17.4,56.1,0.8,0.0
06/01/2026,1630,FROG,88.31,+8.83,+11.11%,80.12,88.57,79.82,80.79,0.94,0.73,39.03,62.01,67.05,87.09,2202.01,8857.01,1.33,75.1,85.2,0.0,12.0
06/01/2026,1630,FRPT,49.42,-2.18,-4.22%,50.62,50.825,48.92,36.5,0.61,0.61,79.51,47.95,47.26,53.66,3101.02,5346.02,2.15,57.1,91.4,-7.7,0.0
06/01/2026,1630,FRT,118.76,-.87,-0.73%,120.53,120.78,118.76,62.24,0.15,0.17,104.08,113.78,113.28,123.53,6208.02,12184.02,2.47,10.1,21.3,5.9,2.7
06/01/2026,1630,FSLY,19.08,+1.315,+7.40%,18.025,19.47,17.87,46.67,1.93,0.98,19.36,17.02,15.37,19.39,2202.01,1947.01,1.14,70.1,86.4,-32.6,0.0
06/01/2026,1630,FTNT,147.14,+9.17,+6.65%,141.16,147.49,140.25,83.94,0.72,0.49,80.95,112.1,122.7,148.47,1202.01,14749.01,1.33,64.1,92.4,0.0,1.7
06/01/2026,1630,FTV,58.72,+.40,+0.69%,58.11,59.21,57.88,45.8,0.17,0.17,55.31,58.4,57.65,60.36,-2103.01,-5788.01,4.01,3.1,4.1,-2.8,-0.3
06/01/2026,1630,FTWO,44.4928,-.3172,-0.71%,44.46,44.66,44.20,42.65,0.19,NaN,46.07,45.63,43.32,46.2,-1104.04,-4416.08,14.08,0.0,58.1,-1.2,-2.4
06/01/2026,1630,FUTU,102.85,-1.22,-1.17%,102.01,104.29,99.00,32.64,1.49,0.67,136.19,134.81,78.37,131.99,-11103.06,-8050.06,17.06,91.4,99.4,-9.6,-15.8
06/01/2026,1630,FUTY,55.83,-1.70,-2.95%,56.80,56.97,55.82,32.84,0.17,0.25,59.26,57.36,55.99,59.22,-1103.01,-5582.01,5.01,95.4,86.1,-5.0,0.0
06/01/2026,1630,FWONK,91.08,+.29,+0.32%,91.27,91.60,89.77,54.19,0.29,0.32,81.28,87.95,88.33,92.37,2203.01,-8766.06,15.06,78.1,85.1,-0.7,4.6
06/01/2026,1630,FWRG,11.13,-.50,-4.30%,11.66,11.81,11.10,41.54,0.44,0.76,11.88,10.68,10.58,11.88,4101.01,1181.01,1.13,83.1,34.1,-4.3,0.0
06/01/2026,1630,FXA,70.883,-.23565,-0.33%,70.71,70.93,70.6307,49.47,0.08,0.11,69.1,71.44,70.08,71.75,1101.02,-7053.07,15.07,59.3,53.1,-0.8,-2.7
06/01/2026,1630,FXB,129.3049,-.01906,-0.01%,129.02,129.405,128.82,48.03,0.06,0.07,127.77,128.8,127.63,130.28,1205.02,-12799.11,15.11,49.3,42.1,-3.6,-1.2
06/01/2026,1630,FXC,70.6037,-.25806,-0.36%,70.66,70.66,70.5582,35.39,0.02,0.11,71.24,71.15,70.38,71.26,-10117.03,-7056.01,21.09,48.1,0.1,-10.0,-6.3
06/01/2026,1630,FXE,107.33,-.30471,-0.28%,107.28,107.36,107.14,45.0,0.04,0.07,106.56,107.66,106.46,108.23,1101.02,-10683.07,15.07,52.1,20.1,-2.5,-2.4
06/01/2026,1630,FXF,112.13,-.88,-0.78%,112.11,112.26,111.89,46.63,0.06,0.1,112.66,112.55,111.46,113.2,-1101.01,-11160.07,16.07,71.3,10.1,-2.6,-0.8
06/01/2026,1630,FXI,35.34,+.29,+0.83%,35.23,35.445,35.00,39.92,0.22,0.23,35.35,37.06,34.15,37.18,-9111.03,-3463.03,13.03,11.1,72.2,-0.5,-15.4
06/01/2026,1630,FXY,57.51,-.11,-0.19%,57.50,57.53,57.46,40.09,0.04,0.1,57.78,57.98,57.17,58.13,-3114.07,-5746.01,18.09,48.1,0.1,-18.7,-0.9
06/01/2026,1630,FYBR,38.49,0,0.00%,0,0,0,73.16,0.03,0.09,37.42,38.06,37.98,38.52,4204.01,3849.01,1.05,8.1,17.1,0.0,0.0
06/01/2026,1630,GAP,20.96,-.19,-0.90%,21.19,21.465,20.905,38.79,0.78,0.45,22.03,20.78,19.75,25.14,-1102.02,-2050.02,3.02,37.3,92.4,0.0,0.0
06/01/2026,1630,GD,339.20,-7.62,-2.20%,343.35,344.32,338.17,47.44,0.18,0.23,351.18,339.17,334.07,349.5,4101.02,34952.02,2.07,60.1,44.1,0.0,2.1
06/01/2026,1630,GDAXI:DE,25003.04,-101.66,-0.40%,25083.24,25301.73,24901.77,57.58,0.2,NaN,22927.55,23917.63,24026.15,25847.89,7211.04,2539481.04,4.11,0.0,81.1,11.8,1.7
06/01/2026,1630,GDX,86.68,-2.81,-3.14%,86.45,87.5525,84.38,45.02,0.53,0.5,95.96,92.85,78.18,96.55,-4101.08,-8332.03,14.08,75.1,72.1,-0.7,-3.0
06/01/2026,1630,GDXJ,114.95,-4.34,-3.64%,115.71,116.60,111.76,45.8,0.57,0.53,127.79,123.26,101.85,129.27,-5101.07,-10940.03,14.08,65.1,71.1,-0.2,-3.0
06/01/2026,1630,GE,324.60,+.84,+0.26%,321.48,326.40,314.92,66.51,0.38,0.41,310.12,289.08,282.69,335.71,6208.01,32640.01,2.11,90.2,76.1,5.5,2.2
06/01/2026,1630,GEL,15.17,+.14,+0.93%,15.15,15.4778,15.09,31.93,0.28,0.35,17.61,15.55,14.73,16.6,-5105.01,-1492.02,23.02,46.2,44.4,-5.6,-5.5
06/01/2026,1630,GII,73.65,-1.25602,-1.68%,74.23,74.23,73.65,33.19,0.15,0.15,75.14,75.69,74.03,77.25,-1104.01,-7365.01,5.01,49.4,88.3,-5.2,-0.6
06/01/2026,1630,GIL,59.16,-1.82,-2.98%,59.97,60.195,58.55,51.42,0.4,0.29,59.1,56.16,55.04,62.59,5208.02,6184.02,2.08,34.1,82.4,0.0,0.0
06/01/2026,1630,GIS,33.63,-.18,-0.53%,33.75,34.155,33.45,42.69,0.22,0.4,40.48,33.07,32.95,34.13,2204.01,3416.01,1.07,99.2,41.1,-4.9,0.0
06/01/2026,1630,GK,30.11,+.19,+0.64%,30.00,30.11,29.925,73.66,0.2,NaN,24.66,28.52,28.26,30.38,5205.01,3011.01,1.44,17.1,79.2,3.5,10.9
06/01/2026,1630,GLASF,11.30,+.21,+1.89%,11.36,11.73,11.05,65.85,0.55,NaN,7.2,9.0,9.31,12.1,12212.01,1173.02,1.13,0.0,18.1,5.7,1.1
06/01/2026,1630,GLBE,33.75,+3.11,+10.15%,30.91,34.22,30.71,64.7,0.68,0.64,33.61,26.85,27.55,33.19,3208.01,3422.01,1.12,60.1,88.2,-2.1,0.0
06/01/2026,1630,GLD,411.26,-5.86,-1.40%,409.86,412.61,408.24,40.98,0.21,0.26,463.91,425.85,398.67,431.58,-7101.03,-40430.04,64.04,62.1,48.1,-4.3,-7.5
06/01/2026,1630,GLIN,44.61,-.8903,-1.96%,44.27,44.64,44.23,48.22,0.24,NaN,43.15,43.73,43.64,45.95,-1101.01,-4352.09,17.09,87.2,88.1,-2.0,0.0
06/01/2026,1630,GM,82.68,-.56,-0.67%,83.43,83.44,80.45,61.27,0.4,0.4,71.92,74.96,73.33,87.01,5208.02,8501.02,2.09,75.1,75.4,5.5,0.0
06/01/2026,1630,GME,21.36,+.18,+0.85%,21.02,21.56,20.89,37.99,0.51,0.61,23.53,21.61,20.72,22.72,-2106.01,-2089.01,20.01,42.3,76.4,-19.1,0.0
06/01/2026,1630,GO,8.19,-.32,-3.76%,8.47,8.60,8.05,54.44,0.49,0.69,5.66,7.54,7.48,8.76,7209.01,860.01,1.09,65.1,69.1,1.3,0.0
06/01/2026,1630,GOLF,88.63,-.15,-0.17%,88.08,89.01,87.601,44.9,0.44,0.28,90.69,83.95,84.79,91.86,3209.04,9218.04,4.17,27.1,97.4,-3.7,0.0
06/01/2026,1630,GOOG,372.58,-3.85,-1.02%,372.575,374.60,369.71,49.34,0.26,0.33,293.93,379.72,369.02,397.73,-7111.01,-36971.01,19.01,29.1,55.3,-2.7,0.0
06/01/2026,1630,GOOGL,376.37,-3.97,-1.04%,376.52,378.56,373.52,49.77,0.26,0.34,294.08,382.77,372.91,401.46,-7111.01,-37352.01,18.01,35.1,53.3,-2.5,0.0
06/01/2026,1630,GOOS,10.05,-.11,-1.08%,10.08,10.30,9.98,42.86,0.52,0.5,10.65,9.85,8.81,10.68,1204.03,-930.08,29.09,55.1,56.4,-14.3,0.0
06/01/2026,1630,GPI,311.51,-4.28,-1.36%,318.59,318.59,307.65,40.23,0.49,0.5,306.74,327.08,298.04,342.84,-1102.01,-30103.08,15.08,100.2,96.4,-3.3,0.0
06/01/2026,1630,GPN,75.46,-.05,-0.07%,75.75,76.06,73.91,68.07,0.26,0.43,71.4,66.13,66.34,78.58,6208.02,7606.01,3.12,46.1,17.1,3.8,0.0
06/01/2026,1630,GRID,193.365,+.295,+0.15%,192.11,194.13,191.24,55.12,0.27,0.24,161.69,192.65,184.73,200.05,1206.05,-18573.08,17.08,83.1,89.2,-0.3,0.3
06/01/2026,1630,GRMN,236.80,+2.88,+1.23%,232.97,238.19,229.875,46.6,0.29,0.31,233.64,230.29,225.22,244.73,2201.06,-22454.09,34.19,46.1,61.1,-1.4,0.0
06/01/2026,1630,GRNY,27.68,+.07,+0.25%,27.52,27.77,27.46,66.7,0.15,0.21,24.05,26.7,26.5,27.85,6207.01,2777.01,1.08,33.1,23.1,1.2,2.1
06/01/2026,1630,GS,1048.58,+27.52,+2.70%,1015.33,1051.20,1011.60,74.94,0.28,0.35,795.0,920.8,936.59,1060.4,7208.01,105120.01,1.2,80.1,65.1,14.8,3.0
06/01/2026,1630,GSG,32.47,+.67,+2.11%,32.53,32.865,32.20,46.49,0.28,0.25,27.37,33.3,31.05,34.87,-6108.02,-3154.02,10.02,61.1,79.1,-2.3,0.0
06/01/2026,1630,GTBIF,8.230,+.16,+1.98%,7.930,8.270,7.930,60.64,0.53,NaN,6.2,7.36,6.89,8.36,3205.01,827.01,1.09,0.0,20.1,0.0,0.0
06/01/2026,1630,GTLB,33.79,+2.74,+8.82%,31.715,34.06,31.19,77.72,0.78,1.25,22.77,21.58,24.6,33.75,7210.01,3406.01,1.12,100.4,100.3,4.6,6.8
06/01/2026,1630,GTM,3.82,+.49,+14.71%,3.43,3.88,3.43,36.48,1.54,0.82,6.09,3.76,2.08,4.14,3205.01,388.01,1.11,93.2,100.4,-41.1,-11.6
06/01/2026,1630,GVAL,35.92,+.35,+0.98%,35.59,35.96,35.59,58.15,0.18,NaN,32.27,35.01,34.7,36.16,4206.01,3596.01,1.09,0.0,77.1,0.0,1.9
06/01/2026,1630,GVIP,180.1022,+.6903,+0.38%,178.44,181.06,177.64,69.23,0.19,0.15,146.78,171.75,169.57,182.69,6207.01,18106.01,1.09,76.1,60.1,0.1,4.1
06/01/2026,1630,GVZ:CGI,25.64,+.73,+2.93%,26.66,26.80,25.64,45.04,0.46,NaN,30.64,25.71,22.98,27.08,1201.01,2680.01,1.06,0.0,0.1,-1.7,-3.2
06/01/2026,1630,H,183.65,+2.29,+1.26%,181.40,186.22,180.705,65.18,0.35,0.4,141.65,163.2,163.83,191.46,7208.01,18697.02,2.08,71.1,66.1,12.1,1.6
06/01/2026,1630,HACK,105.00,+5.65,+5.69%,100.66,105.40,100.66,80.52,0.35,0.35,74.62,83.61,90.19,105.33,19203.01,10540.01,1.35,92.3,92.1,18.8,9.1
06/01/2026,1630,HAL,39.35,+.50,+1.29%,39.342,39.94,38.95,43.98,0.3,0.39,33.49,39.7,38.1,43.26,-4106.01,-3856.02,8.02,38.1,29.1,0.0,0.0
06/01/2026,1630,HBB,19.84,-.335,-1.66%,20.01,20.20,19.53,52.27,0.61,0.99,15.98,17.5,17.62,21.2,3208.02,2095.02,2.12,77.1,77.2,0.0,0.0
06/01/2026,1630,HBDC,24.72,+.0418,+0.17%,24.68,24.78,24.68,53.14,0.03,NaN,24.51,24.6,24.59,24.77,2202.01,2478.01,1.03,NaN,NaN,0.0,-0.8
06/01/2026,1630,HCA,370.96,-7.58,-2.00%,371.00,375.565,367.43,18.28,0.23,0.33,522.49,420.76,358.21,420.46,-8111.01,-36743.01,11.01,76.1,34.1,-9.2,-9.5
06/01/2026,1630,HD,310.69,-6.45,-2.03%,315.13,315.89,307.69,44.29,0.28,0.32,345.64,299.27,297.9,325.41,4101.02,32210.02,2.09,88.2,83.2,0.0,0.0
06/01/2026,1630,HELE,26.66,-.48,-1.77%,26.96,27.14,25.65,65.67,0.56,0.8,15.21,22.2,22.53,28.93,5207.02,2778.02,2.1,54.2,62.1,0.2,0.5
06/01/2026,1630,HII,296.41,-11.76,-3.82%,304.50,306.31,291.71,25.8,0.49,0.42,409.95,316.49,297.04,337.08,-12105.01,-29171.01,70.01,69.1,92.4,-5.1,1.2
06/01/2026,1630,HIMS,27.76,+1.61,+6.16%,26.19,28.22,25.50,59.58,0.92,0.91,15.21,23.26,21.14,28.47,1204.01,2822.01,1.09,42.1,59.1,-0.2,0.0
06/01/2026,1630,HLN,8.84,-.22,-2.43%,8.95,8.97,8.815,34.13,0.2,0.34,9.98,8.9,8.83,9.45,-1102.01,-882.01,4.01,84.2,51.1,0.0,0.0
06/01/2026,1630,HLT,332.65,+4.99,+1.52%,323.46,333.68,323.24,58.23,0.26,0.32,290.0,308.76,309.75,342.46,7208.02,33781.02,2.2,81.1,83.3,0.0,0.0
06/01/2026,1630,HOOD,90.73,-3.57,-3.79%,89.94,92.40,85.5599,63.49,0.71,0.76,75.55,74.8,68.98,93.17,2204.01,9240.01,1.03,77.1,69.1,0.0,0.0
06/01/2026,1630,HPP,12.24,+.26,+2.17%,11.99,12.44,11.77,66.47,0.76,1.01,6.1,10.7,10.69,12.73,4205.01,1244.01,1.41,66.1,79.1,0.0,11.2
06/01/2026,1630,HQY,90.64,+2.65,+3.01%,89.53,92.35,87.40,62.9,0.32,0.4,75.0,79.69,81.24,93.5,8210.01,9235.01,1.09,55.1,41.1,6.6,0.1
06/01/2026,1630,HSI:HK,25398.18,0,0.00%,0,0,0,43.79,0.16,NaN,24958.43,26219.26,24643.28,26317.33,-8110.03,-2472726.03,11.03,0.0,22.1,-0.8,-11.8
06/01/2026,1630,HSY,186.40,-7.63,-3.93%,192.30,193.00,183.54,42.5,0.3,0.29,214.85,183.69,185.61,198.79,-1101.01,-18354.01,3.01,31.1,79.2,3.1,3.9
06/01/2026,1630,HTZ,5.17,-.23,-4.26%,5.28,5.35,5.11,43.37,0.68,1.02,3.89,5.62,4.54,6.02,1101.02,-480.07,30.07,52.1,52.1,-7.2,0.0
06/01/2026,1630,HUBS,262.20,+41.57,+18.84%,232.00,262.38,229.50,67.7,1.18,0.81,255.33,173.25,177.86,252.21,3206.01,26238.01,1.13,87.1,100.4,-4.5,0.0
06/01/2026,1630,HUM,328.31,+22.89,+7.49%,318.55,333.31,316.00,80.05,0.52,0.45,169.78,269.96,292.8,335.84,1201.01,33331.01,1.56,33.1,70.4,0.0,22.8
06/01/2026,1630,HYG,79.84,-.061033,-0.08%,79.79,79.88,79.64,46.99,0.05,0.06,79.54,79.7,79.4,80.49,-1101.01,8036.02,2.09,24.1,82.1,0.0,0.0
06/01/2026,1630,HYLS,40.88,-.02,-0.05%,41.00,41.00,40.81,49.87,0.05,NaN,40.66,40.86,40.63,41.03,3203.01,4100.01,1.05,0.0,79.1,-0.6,-0.1
06/01/2026,1630,IAK,128.13,-.24,-0.19%,127.66,128.895,127.66,35.91,0.13,0.15,130.26,129.58,127.17,135.74,-3104.01,-12766.01,7.01,52.1,23.1,0.0,-0.4
06/01/2026,1630,IBB,169.37,-2.81,-1.63%,170.88,171.577,168.34,49.14,0.21,0.23,165.31,169.36,163.94,174.72,3207.02,-16208.09,15.09,50.1,69.1,0.0,0.0
06/01/2026,1630,IBIT,40.49,-1.14,-2.74%,40.615,40.75,39.955,33.98,0.28,0.44,38.38,44.58,39.4,45.06,-10111.01,-3996.01,18.01,15.1,4.1,-5.3,-4.7
06/01/2026,1630,IDX,10.97,+.11,+1.01%,10.89,11.02,10.86,24.74,0.28,NaN,14.1,12.28,10.02,11.75,-15202.05,-1067.05,31.07,0.0,81.2,-28.5,-23.2
06/01/2026,1630,IDXX,566.79,+3.26,+0.58%,555.96,571.88,552.25,54.03,0.3,0.31,585.09,523.38,532.78,580.55,4209.01,57350.02,2.13,44.1,57.1,-0.4,0.0
06/01/2026,1630,IEF,94.17,-.48,-0.51%,93.91,94.20,93.805,45.7,0.06,0.07,95.98,94.11,93.14,94.98,3205.02,9474.02,2.08,25.1,80.2,0.0,0.0
06/01/2026,1630,IFF,74.26,-1.79,-2.35%,73.96,75.28,72.50,48.48,0.69,0.34,68.47,76.07,71.39,79.4,-1101.01,-7250.01,2.01,57.1,100.4,-2.3,6.0
06/01/2026,1630,IGLB,49.91,+.001558,0.00%,49.68,49.955,49.62,54.42,0.09,0.09,49.54,49.36,48.73,50.42,4207.02,5026.02,2.08,29.1,68.1,0.0,0.0
06/01/2026,1630,IGSB,52.30,-.24,-0.46%,52.24,52.30,52.20,43.48,0.03,0.03,52.68,52.33,52.18,52.56,-1101.01,-5220.01,2.01,66.1,74.1,0.0,0.0
06/01/2026,1630,IIGD,24.495,-.03,-0.12%,24.4699,24.51,24.4699,46.29,0.03,NaN,24.75,24.54,24.31,24.58,2205.02,-2436.08,37.08,0.0,78.2,-6.7,0.0
06/01/2026,1630,IJT,162.45,-.89,-0.54%,162.30,162.93,160.7905,55.61,0.16,0.18,141.7,159.23,157.59,166.68,4207.03,16561.04,4.08,56.1,34.1,0.0,0.0
06/01/2026,1630,ILMN,164.40,+1.44,+0.88%,160.85,165.97,160.84,79.57,0.3,0.45,119.98,139.0,137.75,166.32,6207.01,16597.01,1.22,48.1,20.1,0.2,0.0
06/01/2026,1630,INDA,47.99,-.57,-1.17%,47.81,48.1025,47.715,44.17,0.18,0.23,49.01,47.3,47.32,48.95,-1101.01,-4713.09,17.09,83.1,83.1,-7.2,0.0
06/01/2026,1630,INDY,42.30,-.40,-0.94%,42.20,42.45,42.07,42.61,0.17,NaN,44.29,41.73,41.8,42.93,1101.06,-4169.09,36.13,61.1,71.1,-10.6,0.0
06/01/2026,1630,INFL,51.78,-.27,-0.52%,51.93,52.19,51.78,38.29,0.12,0.27,51.87,52.82,51.5,53.68,-4105.01,-5178.01,13.01,82.2,35.1,0.0,-0.1
06/01/2026,1630,INMD,13.59,-.34,-2.44%,13.80,13.81,13.59,41.4,0.28,0.3,12.95,13.64,13.59,14.09,-1101.01,-1359.01,2.01,10.1,27.1,-8.0,0.4
06/01/2026,1630,INTC,109.33,-5.35,-4.67%,109.43,113.30,106.33,53.51,0.89,0.88,41.64,113.17,104.28,128.63,-1102.01,-10633.01,2.01,96.3,82.4,-0.6,1.9
06/01/2026,1630,INVH,29.10,-.15,-0.51%,29.25,29.675,29.09,60.38,0.17,0.27,25.1,28.14,28.19,29.94,8210.01,2969.02,2.11,39.1,23.1,0.0,0.8
06/01/2026,1630,IONQ,69.28,-2.79,-3.87%,69.645,72.42,66.97,70.01,1.05,1.11,33.5,47.89,49.06,76.58,7208.01,7242.01,3.09,81.2,73.2,15.0,7.2
06/01/2026,1630,IPO,58.12,+1.52,+2.69%,57.40,58.74,57.17,77.69,0.33,0.27,41.84,48.04,50.92,58.85,7208.01,5874.01,1.14,62.2,75.1,11.5,4.7
06/01/2026,1630,IRM,126.38,-1.87,-1.46%,126.70,129.87,125.43,55.52,0.27,0.37,102.52,123.29,122.9,129.55,2205.01,12987.01,1.09,56.1,38.3,-3.6,4.5
06/01/2026,1630,IRT,15.86,-.37,-2.28%,16.15,16.315,15.77,39.86,0.17,0.39,15.88,16.13,15.84,16.94,-2104.01,-1577.01,5.01,69.2,14.1,0.0,0.0
06/01/2026,1630,ITA,229.91,-5.53,-2.35%,231.84,232.99,227.67,55.85,0.25,0.27,236.14,221.54,216.93,238.63,5208.02,23593.02,2.25,79.1,86.1,4.9,0.9
06/01/2026,1630,ITB,93.02,-.04,-0.04%,94.18,94.18,92.20,51.9,0.32,0.35,94.53,88.12,86.52,95.87,5208.01,9441.02,2.09,88.2,69.3,0.0,0.0
06/01/2026,1630,ITW,245.81,-1.47,-0.59%,245.84,246.29,242.05,35.78,0.17,0.26,267.66,249.07,244.97,252.29,-2103.01,-24205.01,35.01,85.1,23.1,-9.9,0.5
06/01/2026,1630,IVOL,17.77,-.03,-0.17%,17.74,17.77,17.70,23.41,0.04,0.26,18.74,18.03,17.67,18.07,-14124.01,-1770.01,43.01,69.1,0.1,-19.6,-7.0
06/01/2026,1630,IWC,191.51,+.39,+0.20%,190.66,192.57,188.685,62.83,0.24,0.25,159.14,181.49,177.93,197.14,5207.02,19324.03,3.08,68.1,61.1,1.4,2.2
06/01/2026,1630,IWF,128.77,+.92,+0.72%,128.06,129.14,127.85,77.04,0.11,0.21,110.23,122.14,123.09,129.34,11208.01,12914.01,1.44,53.1,12.1,5.0,13.9
06/01/2026,1630,IWM,288.98,-1.45,-0.50%,288.37,290.61,286.27,61.59,0.2,0.24,244.39,278.28,274.4,296.73,4207.03,29274.03,3.08,37.1,53.1,2.3,1.0
06/01/2026,1630,IWN,212.74,-1.13,-0.53%,212.46,213.60,210.975,59.1,0.17,0.21,185.09,206.63,204.77,218.16,4208.03,21565.03,3.08,63.1,31.1,3.0,0.0
06/01/2026,1630,IWO,379.40,-1.37,-0.36%,378.31,381.96,374.995,63.1,0.23,0.26,312.58,361.76,355.77,390.2,5207.02,38395.03,3.08,83.1,63.1,1.8,2.3
06/01/2026,1630,J,123.02,+3.16,+2.64%,119.21,124.53,118.35,55.77,0.51,0.38,130.74,105.68,108.99,123.9,4207.01,12453.01,1.12,87.1,95.4,-8.2,0.0
06/01/2026,1630,JACK,13.48,+1.03,+8.27%,12.385,13.79,12.385,59.52,0.91,0.69,13.13,10.49,9.86,13.8,2204.01,1379.01,1.09,9.1,100.4,-1.6,0.0
06/01/2026,1630,JBHT,279.46,+3.03,+1.10%,273.12,279.92,269.04,71.61,0.38,0.43,206.43,231.48,249.61,291.75,5212.04,27992.01,8.12,88.1,76.2,18.7,1.7
06/01/2026,1630,JBLU,5.15,-.32,-5.85%,5.22,5.29,4.96,53.08,0.61,0.84,4.08,4.61,4.4,5.75,5207.02,552.02,2.08,52.1,60.1,0.5,0.0
06/01/2026,1630,JBSAY,14.44,0,0.00%,0,0,0,49.84,0.41,NaN,NaN,NaN,Infinity,-Infinity,2201.01,1550.01,1.04,0.0,47.1,-0.8,-0.1
06/01/2026,1630,JETS,28.93,-.39,-1.33%,28.635,29.04,28.235,64.37,0.4,0.45,23.9,25.89,25.12,30.39,5208.02,2976.02,2.08,77.1,94.2,4.4,0.5
06/01/2026,1630,JNJ,223.51,-1.82,-0.81%,223.20,224.44,220.84,40.34,0.2,0.26,235.43,220.37,221.95,236.08,-2102.01,-22084.01,6.01,87.1,88.3,2.0,2.3
06/01/2026,1630,JNK,96.17,-.076901,-0.08%,96.14,96.265,95.96,47.47,0.05,0.06,95.68,95.95,95.61,96.96,-1101.01,9682.02,2.08,19.1,78.1,0.0,0.0
06/01/2026,1630,JOBY,11.97,+.07,+0.59%,11.635,12.2899,11.4701,65.77,0.92,0.91,9.14,10.07,9.81,12.66,5207.01,1229.01,1.23,73.2,79.4,3.8,8.6
06/01/2026,1630,JOE,62.77,-.86,-1.35%,63.79,63.98,62.59,40.81,0.28,0.35,66.15,62.86,62.33,64.75,-1102.01,-6259.01,2.01,63.1,46.3,-4.3,0.0
06/01/2026,1630,JOET,44.78,+.09,+0.20%,44.47,44.84,44.28,69.28,0.13,0.13,40.44,42.87,42.64,45.18,6207.01,4484.01,1.08,4.1,37.1,6.9,2.0
06/01/2026,1630,JPM,296.58,-2.73,-0.91%,297.69,299.55,295.27,43.0,0.22,0.28,280.45,295.55,293.56,306.83,-4104.01,-29527.01,5.01,61.1,68.1,-6.4,0.0
06/01/2026,1630,JPXN,99.44,-.6162,-0.62%,99.45,100.02,99.00,57.65,0.15,NaN,89.58,99.1,97.13,101.06,2205.02,10093.13,15.27,0.0,26.1,0.0,10.7
06/01/2026,1630,JYNT,8.57,-.33,-3.71%,8.89,8.99,8.44,44.07,0.37,0.46,8.38,8.09,8.19,9.52,-1101.01,949.03,3.1,12.1,60.2,2.4,-0.1
06/01/2026,1630,K,83.44,0,0.00%,0,0,0,60.53,0.03,0.1,76.99,83.35,82.98,83.69,1203.03,-8305.04,9.04,25.1,26.1,0.9,-1.1
06/01/2026,1630,KBA,33.71,-.61,-1.78%,33.70,33.76,33.6001,52.14,0.24,0.24,29.75,34.24,32.7,35.0,-1101.01,-3301.07,13.07,61.1,90.4,0.3,0.0
06/01/2026,1630,KBWP,115.938,+.6182,+0.54%,115.21,116.39,115.21,37.02,0.15,0.08,120.09,115.84,114.31,122.46,-3104.01,-11521.01,8.01,8.1,33.1,0.0,0.0
06/01/2026,1630,KCE,152.56,+.63,+0.41%,150.41,153.0746,150.41,55.88,0.12,0.16,136.37,151.58,149.64,153.98,-3202.01,-14975.07,12.07,49.1,0.1,0.0,0.0
06/01/2026,1630,KDP,30.20,+.17,+0.57%,29.805,30.33,29.67,66.71,0.17,0.26,27.33,28.55,28.61,30.6,5206.01,3033.01,1.06,41.1,19.1,0.0,0.2
06/01/2026,1630,KEMX,52.97,+1.222,+2.36%,52.49,53.06,52.1952,71.98,0.34,0.26,40.0,47.5,47.36,53.42,6207.01,5306.01,1.09,64.1,89.2,0.8,6.1
06/01/2026,1630,KHC,23.63,-.38,-1.58%,23.802,23.96,23.45,53.77,0.24,0.31,22.98,23.02,22.93,24.63,8101.02,2448.02,2.19,52.1,48.1,2.2,4.6
06/01/2026,1630,KLAC,1940.04,+18.33,+0.95%,1898.55,1948.05,1886.00,59.19,0.5,0.65,1321.02,1743.0,1748.14,2043.18,5208.02,206008.04,4.09,100.2,73.2,4.0,3.9
06/01/2026,1630,KMX,45.02,+.40,+0.90%,44.50,45.12,43.87,68.1,0.46,0.75,40.0,36.43,36.36,46.37,6207.01,4512.01,1.08,95.2,67.1,5.2,0.0
06/01/2026,1630,KNX,77.92,+2.29,+3.03%,76.09,78.29,74.47,75.65,0.57,0.44,54.21,59.34,66.55,82.1,8212.03,7829.01,8.12,71.1,96.4,20.4,1.4
06/01/2026,1630,KO,78.64,-.37,-0.47%,78.575,79.20,78.43,45.58,0.15,0.21,76.35,77.84,78.38,82.61,-2103.01,-7843.01,8.01,62.1,39.1,0.0,3.0
06/01/2026,1630,KR,61.52,-.63,-1.01%,62.60,62.9999,61.39,33.19,0.31,0.38,67.18,64.04,60.64,69.76,-6105.01,-6139.01,8.01,96.4,79.2,0.0,-2.8
06/01/2026,1630,KRE,68.31,-1.30,-1.87%,68.95,69.15,67.985,46.79,0.19,0.23,62.44,67.08,66.91,70.9,3101.04,7064.04,4.11,4.1,23.1,0.3,0.0
06/01/2026,1630,KSA,38.06,-.69,-1.78%,38.43,38.475,38.0425,38.38,0.12,0.19,36.45,38.42,37.96,39.0,-1101.01,-3804.01,2.01,16.1,31.1,0.0,0.2
06/01/2026,1630,KSS,14.90,+.54,+3.76%,14.74,15.22,14.33,58.81,0.92,0.67,13.52,11.91,11.37,15.77,5207.01,1522.01,1.1,12.1,76.4,0.0,0.0
06/01/2026,1630,KVUE,17.35,+.07,+0.41%,17.29,17.485,17.255,48.34,0.19,0.21,17.61,17.1,17.06,17.77,5102.02,1768.02,2.07,2.1,29.1,0.0,0.0
06/01/2026,1630,KW,11.01,0,0.00%,11.00,11.01,11.00,57.04,0.04,0.14,10.83,10.97,10.96,11.04,-1203.06,1104.1,15.19,0.1,10.1,0.0,10.9
06/01/2026,1630,KWEB,27.36,+.63,+2.36%,26.95,27.50,26.95,42.59,0.36,0.34,29.15,28.87,25.54,29.4,-7112.03,-2623.03,13.03,48.1,90.4,-2.4,-13.6
06/01/2026,1630,LAMR,150.47,-1.99,-1.31%,151.92,152.42,150.30,58.65,0.37,0.31,132.0,145.32,145.64,156.58,1101.02,15766.15,15.5,85.2,96.4,0.0,7.2
06/01/2026,1630,LCID,6.65,+.10,+1.53%,6.38,6.95,6.38,52.7,0.57,1.03,9.53,5.83,5.58,6.83,5205.01,695.01,1.07,67.1,25.1,0.0,0.0
06/01/2026,1630,LEVI,23.18,-.02,-0.09%,23.33,23.35,22.945,60.93,0.32,0.44,18.14,21.04,20.66,24.33,5207.02,2367.02,2.08,67.1,45.1,1.9,0.0
06/01/2026,1630,LFMD,4.63,+.35,+8.18%,4.27,4.65,4.2309,54.95,0.92,1.03,2.84,4.25,4.09,4.72,3201.01,465.01,1.13,83.1,69.1,-8.2,0.0
06/01/2026,1630,LFST,7.94,+.23,+2.98%,7.72,7.95,7.67,57.86,0.9,0.28,6.51,7.59,7.35,8.12,1203.03,-724.06,17.06,2.1,89.4,-4.4,1.4
06/01/2026,1630,LH,256.87,-3.19,-1.23%,260.225,260.9199,255.83,46.86,0.19,0.29,264.24,253.0,251.61,263.51,5101.02,26373.02,2.07,74.1,35.1,0.0,1.1
06/01/2026,1630,LI,14.54,-.47,-3.13%,14.882,14.96,14.525,25.94,0.56,0.51,16.68,18.49,13.25,17.68,-8111.03,-1453.01,12.03,41.3,100.4,0.0,-21.6
06/01/2026,1630,LII,496.77,-5.39,-1.07%,497.03,508.43,489.53,48.16,0.34,0.43,495.34,499.82,472.8,514.65,2205.01,50843.01,1.07,88.1,52.1,-8.7,0.0
06/01/2026,1630,LIN,497.41,-.28,-0.06%,496.15,498.34,488.88,44.17,0.2,0.26,471.14,493.85,494.73,518.67,-3104.01,-48888.01,6.01,83.1,83.2,0.0,0.0
06/01/2026,1630,LIT,86.09,-1.06,-1.22%,85.98,86.20,85.00,52.85,0.31,0.37,68.24,86.86,79.82,89.77,1205.03,-8220.08,17.08,73.2,46.1,-5.4,0.0
06/01/2026,1630,LLY,1082.20,-22.80,-2.06%,1095.00,1106.17,1071.60,63.53,0.31,0.36,965.6,943.26,1001.01,1150.97,14209.02,113266.02,2.23,33.1,51.3,10.5,13.9
06/01/2026,1630,LMND,58.72,+.72,+1.24%,56.73,59.66,56.11,53.27,0.53,0.75,52.16,52.15,52.68,60.56,8208.01,5966.01,1.09,30.1,4.1,0.0,2.4
06/01/2026,1630,LMT,516.50,-10.50,-1.99%,523.98,525.99,515.8801,38.53,0.21,0.32,644.13,502.45,512.96,541.13,-1101.01,-51588.01,3.01,77.1,33.1,0.4,1.3
06/01/2026,1630,LNG,227.88,+3.02,+1.34%,227.07,232.83,227.00,32.64,0.31,0.34,241.14,238.5,221.37,249.31,-8108.02,-22383.02,21.02,74.1,65.1,-18.0,0.0
06/01/2026,1630,LOGI,126.67,+4.80,+3.94%,122.02,126.86,122.02,77.64,0.52,0.48,88.25,99.63,104.03,126.49,12207.01,12686.01,1.35,97.1,100.4,3.8,5.3
06/01/2026,1630,LOTMY,29.6350,-.005,-0.02%,29.3500,29.9200,29.2001,46.72,0.45,NaN,26.62,29.98,28.31,30.92,-3201.06,3304.17,17.23,0.0,NaN,-7.4,0.0
06/01/2026,1630,LOW,207.70,-6.66,-3.11%,213.00,213.95,207.55,32.09,0.29,0.32,243.59,218.09,206.29,224.61,-13102.01,-20755.01,29.01,74.1,75.1,-7.8,-3.3
06/01/2026,1630,LQD,108.93,-.016749,-0.02%,108.56,108.955,108.43,51.94,0.06,0.07,109.01,108.3,107.32,109.78,4206.02,10960.02,2.08,33.1,75.1,0.0,0.0
06/01/2026,1630,LRCX,317.12,-1.06,-0.33%,309.27,320.83,307.035,65.34,0.55,0.68,194.08,277.77,277.03,336.39,6208.02,32425.02,3.22,80.1,66.1,6.1,7.1
06/01/2026,1630,LUV,42.76,-.19,-0.44%,42.37,42.88,41.50,59.78,0.4,0.53,38.82,38.83,37.55,45.27,5208.02,4412.02,2.08,75.1,52.1,2.6,0.6
06/01/2026,1630,LUXE,7.20,+.17,+2.42%,7.04,7.29,6.92,39.32,0.6,0.82,8.52,7.65,6.18,7.97,-10201.08,-673.05,17.08,50.1,85.2,-11.6,-2.6
06/01/2026,1630,LVS,53.27,+2.70,+5.34%,51.00,53.54,50.925,56.87,0.3,0.39,51.47,50.56,48.68,52.93,2204.01,5354.01,1.06,54.1,53.1,-4.6,0.0
06/01/2026,1630,LW,42.57,-.61,-1.41%,42.84,43.17,42.35,48.76,0.37,0.39,43.42,40.3,41.14,45.0,-2101.07,-4056.07,9.07,51.1,72.1,0.0,0.1
06/01/2026,1630,LYB,67.14,+1.18,+1.79%,67.50,68.33,66.72,38.11,0.33,0.51,58.88,71.92,64.13,75.03,-10110.02,-6624.02,19.02,56.1,10.1,-4.6,-3.5
06/01/2026,1630,LYFT,14.86,+.75,+5.32%,14.35,15.2776,14.15,63.69,0.38,0.61,12.97,13.0,12.87,14.73,3206.01,1528.01,1.08,44.1,28.1,0.0,0.0
06/01/2026,1630,LYV,170.45,+2.04,+1.21%,169.10,171.305,166.83,62.83,0.29,0.35,155.19,159.76,163.7,172.64,3204.01,17131.01,1.26,33.1,50.1,0.0,9.0
06/01/2026,1630,M,21.80,+.04,+0.18%,21.85,22.09,21.51,64.69,0.47,0.63,17.05,17.99,18.59,23.48,7209.02,2258.03,3.11,84.2,76.4,11.6,0.0
06/01/2026,1630,MA,495.25,+1.27,+0.26%,494.25,497.13,488.65,46.7,0.18,0.27,502.72,488.01,487.85,504.24,-3105.01,-48865.01,6.01,62.1,32.1,-1.6,0.0
06/01/2026,1630,MAC,22.32,-.20,-0.89%,22.53,22.615,22.18,55.17,0.3,0.31,17.91,21.25,21.71,23.06,6101.02,2292.02,2.14,9.1,49.1,5.4,2.7
06/01/2026,1630,MAR,376.96,+1.36,+0.36%,371.33,378.33,370.575,61.18,0.25,0.31,311.2,346.26,350.21,395.82,9212.02,38837.03,3.2,67.1,44.1,6.6,1.3
06/01/2026,1630,MARA,14.85,+.47,+3.27%,14.05,15.315,13.66,70.03,0.54,0.96,7.89,11.73,12.14,15.43,7208.01,1532.01,1.09,46.1,10.1,4.6,1.4
06/01/2026,1630,MCD,276.11,-3.09,-1.11%,278.1175,278.89,273.40,36.79,0.17,0.23,321.32,271.98,273.93,285.39,-1103.01,-27340.01,30.01,67.1,53.1,-3.5,2.1
06/01/2026,1630,MCHP,91.52,-3.13,-3.31%,92.883,94.20,90.23,49.57,0.39,0.58,61.68,94.42,88.94,98.77,-1102.01,-9023.01,4.01,84.2,41.1,-5.1,1.5
06/01/2026,1630,MCK,734.82,-6.80,-0.92%,735.50,743.00,730.66,32.91,0.34,0.29,909.77,723.68,726.69,782.08,-2102.01,-73066.01,34.01,64.1,92.4,-9.1,1.4
06/01/2026,1630,MCO,464.20,+10.95,+2.42%,453.67,465.67,448.96,60.7,0.26,0.34,430.32,432.35,431.64,466.97,6208.01,46567.01,1.08,82.1,61.1,0.0,0.0
06/01/2026,1630,MCW,7.10,0,0.00%,0,0,0,66.52,0.05,NaN,6.96,7.04,7.02,7.12,5205.01,711.01,1.18,56.2,10.1,0.4,6.5
06/01/2026,1630,MDB,403.88,+68.33,+20.36%,346.00,409.00,345.50,75.44,0.9,0.76,245.74,289.72,284.38,388.19,3203.01,40900.01,1.35,70.3,84.1,0.2,3.5
06/01/2026,1630,MDLZ,61.05,-.12,-0.20%,60.622,61.145,59.95,51.94,0.15,0.27,54.68,60.78,60.39,62.45,-1102.01,-5995.01,2.01,71.1,11.1,0.0,0.0
06/01/2026,1630,MELI,1730.98,+35.33,+2.08%,1700.45,1733.78,1681.25,53.8,0.6,0.4,1721.41,1495.0,1542.54,1781.79,2208.03,-149500.13,17.13,49.1,97.4,-10.8,0.0
06/01/2026,1630,META,600.47,-32.04,-5.07%,630.40,635.7499,599.53,41.61,0.28,0.41,626.78,592.6,593.73,639.81,-1101.01,-59953.01,1.01,78.1,48.1,0.0,0.0
06/01/2026,1630,MGM,50.69,+7.02,+16.08%,48.46,51.59,48.30,84.92,0.65,0.28,33.45,36.6,38.14,49.86,6207.01,5159.01,1.07,0.1,100.2,1.5,0.0
06/01/2026,1630,MGPI,17.07,-.58,-3.29%,17.50,17.59,17.02,34.77,0.41,0.56,17.74,17.95,17.18,18.68,-1102.01,-1702.01,18.01,64.1,66.1,-11.3,0.0
06/01/2026,1630,MICC,16.23,+.03,+0.19%,15.85,16.23,15.825,59.1,0.52,0.42,14.96,14.74,14.93,17.3,2204.07,1703.11,11.27,NaN,NaN,8.2,5.9
06/01/2026,1630,MKOR,69.31,+2.755,+4.14%,68.56,69.355,67.37,68.37,0.63,0.58,43.17,59.01,58.5,70.28,6207.01,6936.01,1.09,99.4,93.2,0.0,4.5
06/01/2026,1630,MLCO,5.84,+.28,+5.04%,5.68,5.87,5.64,62.55,0.33,0.46,5.45,5.25,5.3,5.78,4205.01,587.01,1.05,19.1,39.1,0.0,0.9
06/01/2026,1630,MLM,570.96,-9.85,-1.70%,570.58,573.08,560.695,46.6,0.32,0.32,589.64,572.37,525.36,597.63,2205.02,59222.02,2.08,87.1,87.2,-0.5,0.0
06/01/2026,1630,MNDY,95.47,+11.85,+14.17%,90.54,97.30,87.33,72.37,0.84,0.78,72.75,65.92,70.17,93.34,4210.01,9730.01,1.12,70.1,84.4,2.7,2.0
06/01/2026,1630,MNSO,13.53,+.56,+4.32%,13.33,13.62,13.33,42.18,0.4,0.53,16.52,13.98,12.07,14.68,-16201.03,-1230.03,38.03,58.1,79.2,-6.6,-18.7
06/01/2026,1630,MNST,89.10,+1.02,+1.16%,88.25,89.86,87.8233,68.13,0.5,0.28,73.35,83.26,85.58,89.98,2202.01,8986.01,1.19,47.1,95.4,0.0,27.8
06/01/2026,1630,MO,68.65,-.93,-1.34%,69.67,70.00,68.43,41.85,0.26,0.25,65.66,68.03,68.16,75.57,-2105.01,-6843.01,20.01,73.1,76.4,0.0,2.0
06/01/2026,1630,MOH,183.25,+9.65,+5.56%,173.51,184.00,173.16,54.95,0.38,0.51,137.61,179.33,171.19,191.07,-10201.01,-17316.01,22.01,51.1,36.1,-4.7,0.0
06/01/2026,1630,MOO,79.33,-.13,-0.16%,79.17,79.62,78.89,31.82,0.14,0.19,81.02,81.6,78.5,82.28,-10117.01,-7889.01,18.01,72.2,55.1,-11.0,0.0
06/01/2026,1630,MOVE:GIF,73.3327,+3.1099,+4.43%,70.2228,73.3327,70.2228,48.06,0.9,NaN,70.03,67.25,65.88,87.24,-2105.02,8532.08,8.37,0.0,83.1,0.0,0.0
06/01/2026,1630,MP,69.29,+4.59,+7.09%,64.175,71.37,63.01,59.0,0.72,0.79,56.34,58.98,55.02,72.43,4207.01,7137.01,1.08,65.2,37.1,-2.0,0.0
06/01/2026,1630,MPC,258.66,+9.89,+3.98%,252.68,260.97,251.50,58.78,0.41,0.42,212.0,245.51,244.53,263.92,1201.01,-24136.04,7.04,83.1,91.2,-2.0,2.0
06/01/2026,1630,MPLX,54.99,+.34,+0.62%,54.85,55.26,54.74,45.6,0.23,0.22,57.83,53.4,54.1,56.84,-1103.02,-5432.02,4.02,33.1,99.4,-0.3,0.1
06/01/2026,1630,MPNGY,20.15,+.48,+2.44%,20.32,20.80,19.90,45.11,0.58,NaN,18.56,21.21,18.41,22.37,-7107.02,-1877.02,13.02,0.0,92.4,0.0,-7.4
06/01/2026,1630,MRNA,46.06,-1.13,-2.39%,47.07,47.07,44.20,41.17,0.61,0.79,49.22,48.71,42.72,50.87,-4111.01,5462.14,14.21,61.1,55.2,-5.6,0.0
06/01/2026,1630,MRVL,219.43,+14.43,+7.04%,198.91,225.14,195.12,74.22,0.69,0.87,75.24,157.96,170.88,227.79,6209.01,22514.01,1.44,93.4,80.2,15.4,5.7
06/01/2026,1630,MSFT,460.52,+10.28,+2.28%,464.84,466.32,458.27,72.86,0.28,0.36,400.31,400.88,403.61,458.26,8203.01,46632.01,1.12,92.1,80.1,0.3,0.0
06/01/2026,1630,MSGS,377.65,+3.36,+0.90%,377.42,383.17,370.52,78.06,0.25,0.36,306.21,325.5,344.73,383.95,10213.01,38317.01,1.13,95.2,62.1,17.7,3.6
06/01/2026,1630,MSM,111.88,+2.41,+2.20%,108.88,112.44,107.49,71.22,0.23,0.33,87.12,104.44,103.7,112.09,5208.01,11244.01,1.08,67.1,22.1,0.1,2.8
06/01/2026,1630,MSTR,149.78,-9.31,-5.85%,148.465,153.87,144.29,40.42,0.61,0.79,131.77,174.64,134.47,182.05,-8111.02,-14429.01,15.03,46.1,47.1,-4.4,-7.9
06/01/2026,1630,MTCH,36.76,+.63,+1.74%,36.275,36.905,35.87,57.38,0.32,0.36,29.85,35.1,35.54,36.84,3205.01,3691.01,1.13,34.1,69.2,-11.0,0.0
06/01/2026,1630,MTDR,56.07,+2.47,+4.61%,55.18,56.925,55.05,46.43,0.55,0.47,51.94,55.72,50.71,61.68,-5107.02,-5246.02,23.03,50.1,99.4,-7.1,-4.4
06/01/2026,1630,MTUM,316.93,+1.12,+0.35%,313.30,318.62,312.26,72.1,0.26,0.33,238.25,296.23,293.62,322.78,6208.01,31862.01,1.43,98.2,90.2,3.3,9.5
06/01/2026,1630,MU,1035.50,+64.50,+6.64%,1009.72,1046.97,1009.50,80.72,1.02,1.05,357.67,706.6,726.56,1055.85,5205.01,104697.01,1.43,98.4,100.4,14.2,10.6
06/01/2026,1630,MUR,37.31,+1.12,+3.09%,37.00,37.73,36.77,45.73,0.46,0.54,32.39,37.12,34.4,40.8,-5108.02,-3547.03,22.03,56.1,46.1,-6.3,-3.3
06/01/2026,1630,MUSA,515.68,+9.65,+1.91%,510.25,517.21,506.01,40.62,0.29,0.43,396.12,560.04,482.72,584.72,-8112.02,-50170.02,18.02,82.2,30.3,-4.2,0.0
06/01/2026,1630,MZTI,109.68,-2.26,-2.02%,111.62,113.48,108.21,29.54,0.32,0.28,150.16,112.1,110.05,115.44,-2102.01,-10821.01,2.01,70.2,73.3,-5.9,0.7
06/01/2026,1630,N225:JP,66934.33,0,0.00%,0,0,0,72.65,0.29,NaN,51407.66,60937.3,60511.55,68049.98,7208.01,6723128.01,1.09,0.0,84.1,8.2,7.3
06/01/2026,1630,NBIS,264.51,+33.42,+14.46%,244.09,274.7978,238.00,74.04,1.18,1.13,86.5,172.25,188.06,265.91,12207.01,27480.01,1.22,88.3,87.2,5.3,6.2
06/01/2026,1630,NBIX,161.00,+2.70,+1.71%,159.36,161.80,157.44,73.02,0.36,0.35,126.88,150.32,152.93,164.05,-1203.08,16239.12,13.23,48.1,76.4,0.0,12.3
06/01/2026,1630,NCLH,18.06,-.28,-1.53%,17.88,18.47,17.794,54.77,0.62,0.61,18.51,15.71,14.85,19.23,6208.01,1864.02,2.09,71.1,73.1,0.0,0.0
06/01/2026,1630,NEE,83.66,-3.35,-3.85%,85.888,86.20,83.57,29.09,0.27,0.26,89.65,93.32,81.28,93.58,-9111.01,-8357.01,21.08,15.1,74.4,-8.0,-12.3
06/01/2026,1630,NEM,108.19,-1.62,-1.48%,105.00,108.58,105.00,45.9,0.46,0.48,109.3,115.43,99.09,119.4,-6101.03,-10362.03,15.07,61.1,56.1,-0.9,-4.5
06/01/2026,1630,NET,270.82,+29.00,+11.99%,244.00,271.20,242.37,71.16,1.21,0.74,178.55,185.75,195.25,267.22,4207.01,27120.01,1.13,85.1,100.4,-0.5,0.0
06/01/2026,1630,NFLX,85.85,-.17,-0.20%,85.725,87.225,85.315,36.67,0.23,0.43,94.69,85.1,85.07,90.0,-3105.01,-8532.01,6.01,75.2,30.1,-3.1,0.0
06/01/2026,1630,NIKL,15.45,+.04,+0.26%,15.36,15.6199,15.17,41.86,0.45,NaN,16.18,16.69,13.51,16.92,-6201.07,-1473.08,14.08,0.0,73.1,-3.5,-7.0
06/01/2026,1630,NKE,45.93,+.11,+0.24%,45.515,46.275,45.05,55.69,0.31,0.5,55.39,41.7,41.75,48.39,6208.02,4720.02,2.1,85.2,48.1,1.1,0.0
06/01/2026,1630,NLR,131.85,-1.45,-1.09%,131.43,133.675,129.50,44.68,0.4,0.36,132.97,132.51,120.61,140.09,1205.05,-12358.09,17.09,38.1,42.1,-7.4,0.0
06/01/2026,1630,NNN,43.22,-1.29,-2.90%,44.26,44.43,43.21,37.56,0.15,0.23,44.38,43.68,43.29,45.61,-1102.01,-4321.01,4.01,46.1,41.1,1.7,0.0
06/01/2026,1630,NOAH,10.65,+.08,+0.76%,10.56,10.88,10.54,55.77,0.27,0.5,11.2,10.4,9.92,10.77,3203.01,1088.01,1.06,38.4,24.1,-4.3,-1.3
06/01/2026,1630,NORW,38.32,+.26,+0.68%,38.10,38.3599,38.10,49.13,0.15,NaN,34.96,37.97,37.81,39.47,-4104.01,-3798.02,7.02,0.0,40.1,0.0,0.0
06/01/2026,1630,NOW,135.86,+11.49,+9.24%,135.77,139.20,131.61,78.32,0.74,0.78,111.5,85.44,96.75,135.0,8212.01,13920.01,1.12,100.2,92.1,11.3,3.5
06/01/2026,1630,NSA,41.45,-1.20,-2.81%,42.00,42.24,41.44,44.83,0.27,0.52,31.62,42.43,40.67,43.91,-1101.01,4374.03,3.09,88.4,55.1,-0.4,0.0
06/01/2026,1630,NSC,305.16,+.20,+0.07%,304.43,305.84,301.26,44.04,0.27,0.25,294.51,308.83,301.74,324.89,-3103.01,-30126.01,3.01,64.1,88.2,0.0,0.0
06/01/2026,1630,NSP,36.77,+2.30,+6.67%,35.08,37.345,35.08,67.4,0.68,0.83,18.57,28.04,29.04,36.79,4206.01,3735.01,1.18,90.1,58.4,0.0,1.2
06/01/2026,1630,NSSC,35.27,-2.26,-6.02%,36.92,37.46,34.76,34.1,0.7,0.48,40.94,37.25,34.22,39.02,-2101.01,-3476.01,21.01,50.1,100.4,-8.1,0.0
06/01/2026,1630,NTLA,13.73,-.34,-2.42%,13.76,14.1711,13.41,52.45,0.67,0.91,12.55,12.92,11.58,14.76,3204.01,1430.02,2.07,50.1,25.1,0.0,0.0
06/01/2026,1630,NTR,69.57,+1.02,+1.49%,68.77,69.845,68.47,43.64,0.39,0.35,72.25,68.86,67.98,71.7,-7118.01,-6847.01,19.01,60.1,80.3,-13.9,0.0
06/01/2026,1630,NUE,251.49,+1.49,+0.60%,247.58,252.2175,245.88,77.38,0.28,0.4,163.29,226.67,222.5,256.89,5206.01,25222.01,1.08,68.1,48.2,0.5,0.9
06/01/2026,1630,NVDA,224.36,+13.22,+6.26%,215.73,224.87,215.70,60.39,0.42,0.47,175.56,213.89,206.1,231.51,-4201.03,-20878.04,12.04,64.2,85.3,0.0,2.9
06/01/2026,1630,NVO,44.07,-1.51,-3.31%,45.39,45.39,43.79,50.81,0.26,0.44,37.29,45.54,42.85,46.69,1101.02,-4374.07,15.07,8.1,8.1,-0.8,0.0
06/01/2026,1630,NXPI,311.38,-9.97,-3.10%,315.00,318.545,305.63,59.63,0.5,0.58,193.02,291.01,284.68,342.91,7101.02,33500.02,2.09,100.2,92.4,0.0,0.0
06/01/2026,1630,NYT,76.21,+1.00,+1.33%,75.10,76.38,74.31,46.88,0.39,0.33,77.85,74.84,73.05,77.49,-9204.07,-7297.07,17.07,68.1,88.4,-8.8,0.0
06/01/2026,1630,O,59.55,-1.73,-2.82%,60.72,60.90,59.525,31.63,0.19,0.2,63.94,61.18,60.07,63.05,-2103.01,-5953.01,4.01,66.1,90.3,-10.0,0.0
06/01/2026,1630,OC,122.62,-3.20,-2.54%,124.10,124.10,121.09,55.3,0.46,0.44,102.73,117.63,109.63,128.81,4207.02,12767.02,2.07,68.1,93.4,0.0,0.0
06/01/2026,1630,OIH,420.59,+2.34,+0.56%,421.602,423.23,417.91,42.21,0.27,0.38,365.6,423.6,411.23,457.58,-4104.01,-41791.01,8.01,76.1,26.1,0.0,0.0
06/01/2026,1630,OKE,84.95,+1.01,+1.20%,84.92,86.72,84.51,40.7,0.36,0.36,83.72,85.34,82.86,95.75,-4105.01,-8451.01,8.01,80.1,98.4,0.0,0.0
06/01/2026,1630,OKLO,66.89,+.01,+0.01%,65.90,70.5999,64.57,50.7,1.01,1.08,56.47,64.66,54.46,75.96,1206.05,-5664.08,17.08,64.1,39.4,-2.6,0.0
06/01/2026,1630,OKTA,139.79,+16.52,+13.40%,128.31,142.3499,128.29,86.95,1.06,0.68,71.34,77.45,89.67,137.62,13212.01,14235.01,1.34,83.3,100.2,15.9,4.8
06/01/2026,1630,OLLI,80.86,-.77,-0.94%,82.47,83.70,80.7075,45.22,0.51,0.61,103.05,73.32,75.61,86.15,2101.03,8494.03,3.13,99.4,97.4,-0.4,0.0
06/01/2026,1630,OMF,54.76,-.55,-0.99%,54.80,55.18,53.80,49.63,0.29,0.34,51.36,51.62,52.9,55.49,3205.01,5518.01,1.13,41.1,55.1,-2.9,0.0
06/01/2026,1630,ON,120.92,+.30,+0.25%,119.385,121.05,115.81,65.08,0.68,0.75,54.99,98.66,105.18,132.12,5208.04,12900.04,4.43,98.4,89.4,14.7,6.3
06/01/2026,1630,ONEW,11.08,+.07,+0.64%,10.91,11.24,10.84,53.91,0.55,0.71,8.9,10.7,9.99,11.66,2204.02,-974.07,15.07,33.1,40.1,-1.5,1.4
06/01/2026,1630,ONON,39.63,-1.19,-2.92%,40.67,41.41,39.60,59.78,0.38,0.46,39.06,31.62,36.2,42.92,8213.04,4141.01,4.13,37.1,48.1,10.8,4.8
06/01/2026,1630,ONTO,255.71,-2.53,-0.98%,253.08,262.96,250.26,43.8,0.53,0.8,175.49,266.52,240.26,283.44,1103.04,28469.04,4.09,99.2,46.1,-7.4,0.0
06/01/2026,1630,ORCL,248.15,+22.37,+9.91%,230.50,250.25,224.60,80.7,0.62,0.92,146.43,180.87,182.26,241.98,4207.01,25025.01,1.36,100.4,77.1,0.0,0.8
06/01/2026,1630,ORLY,86.64,-.24,-0.28%,86.375,87.65,85.45,34.41,0.24,0.31,92.63,88.72,85.8,93.13,-5105.01,-8545.01,20.01,77.1,78.4,-7.9,-2.6
06/01/2026,1630,OSCR,22.97,+.74,+3.33%,22.13,23.38,21.92,62.67,0.68,0.81,13.01,20.74,20.84,24.83,-3201.02,-2135.02,10.02,33.1,54.2,0.0,9.9
06/01/2026,1630,OSK,126.15,-3.85,-2.96%,126.86,128.005,123.19,38.5,0.54,0.47,147.63,125.27,118.56,134.84,2101.03,-11677.09,17.11,82.1,92.4,-21.8,0.0
06/01/2026,1630,OTLY,10.005,-.045,-0.45%,10.10,10.18,9.89,38.04,0.21,0.83,10.51,9.81,9.83,10.17,-2204.01,1018.01,1.02,70.1,0.1,-16.4,3.2
06/01/2026,1630,OUT,31.67,-.57,-1.77%,31.94,32.06,31.5323,49.53,0.36,0.32,27.21,31.48,31.23,33.75,-1104.01,-3153.01,15.01,51.1,80.4,0.0,2.4
06/01/2026,1630,OVX:CGI,61.24,+3.40,+5.88%,60.39,64.37,60.10,37.53,0.81,NaN,74.33,68.62,53.26,78.77,-4105.02,-5624.02,6.02,0.0,35.1,0.0,-4.8
06/01/2026,1630,OXLC,9.98,0,0.00%,9.97,9.99,9.885,51.56,0.23,NaN,8.25,10.03,9.54,10.26,-7203.05,-955.05,20.05,0.0,29.1,-2.0,-0.7
06/01/2026,1630,OXM,44.67,+.05,+0.11%,43.80,45.22,42.71,56.32,0.64,0.75,35.6,39.0,36.91,48.61,4206.02,4700.02,2.07,89.2,65.4,0.0,0.0
06/01/2026,1630,OXY,58.92,+2.29,+4.04%,57.94,59.89,57.86,53.89,0.45,0.42,52.05,54.01,55.0,61.32,-1201.04,6124.08,8.16,81.1,90.3,0.0,3.3
06/01/2026,1630,PAG,170.44,+3.07,+1.83%,166.56,171.425,166.01,59.24,0.3,0.33,149.21,166.16,156.0,174.86,3206.01,-15501.07,21.07,84.1,77.4,0.0,0.0
06/01/2026,1630,PALL,24.82,+.13,+0.53%,24.37,24.94,24.36,39.63,0.35,0.34,29.42,26.07,23.07,27.06,-8113.06,-2424.03,37.07,15.1,34.1,-3.4,-4.9
06/01/2026,1630,PAM,87.62,+2.37,+2.78%,85.92,89.29,84.23,62.07,0.44,0.48,75.32,79.19,78.75,87.52,3204.01,8929.01,1.05,55.1,56.4,1.5,0.5
06/01/2026,1630,PATH,13.10,+1.38,+11.77%,11.95,13.20,11.90,73.87,0.62,0.8,10.93,9.2,9.94,13.01,8210.01,1320.01,1.11,69.3,63.1,4.7,0.0
06/01/2026,1630,PBD,22.36,+.1749,+0.79%,22.15,22.40,22.0851,63.55,0.3,0.39,17.01,21.08,20.53,22.99,4207.03,2258.03,3.08,45.1,94.4,0.1,0.3
06/01/2026,1630,PBH,45.95,-1.58,-3.32%,47.01,47.38,44.505,29.83,0.51,0.51,64.4,42.62,43.92,50.8,-1101.01,-4451.01,23.01,97.4,96.4,-12.8,0.0
06/01/2026,1630,PBJ,47.88,+.1031,+0.22%,47.56,47.95,47.56,40.87,0.13,NaN,47.85,48.16,47.66,48.72,-2103.01,-4756.01,21.01,21.2,77.2,-13.6,0.0
06/01/2026,1630,PBR,18.86,+.09,+0.48%,18.99,19.195,18.75,36.97,0.33,0.38,16.46,19.5,18.11,20.8,-11109.02,-1851.02,20.02,65.1,62.1,-12.0,-7.2
06/01/2026,1630,PCAR,109.47,-.90,-0.82%,108.88,109.70,106.77,38.26,0.24,0.32,116.55,111.23,107.97,113.2,-1102.01,-10677.01,24.01,69.1,32.1,-5.8,0.9
06/01/2026,1630,PD,10.69,+.74,+7.44%,10.22,10.70,9.9817,83.47,1.15,0.85,7.28,6.41,6.72,10.48,6208.01,1070.01,1.08,79.3,100.4,0.5,1.8
06/01/2026,1630,PDD,87.24,+2.80,+3.32%,83.83,88.24,83.20,37.83,0.58,0.4,99.68,95.41,80.69,100.7,-11106.01,-8320.01,17.01,46.1,93.4,-2.0,-10.4
06/01/2026,1630,PEB,15.76,+.51,+3.34%,15.19,15.79,15.14,68.97,0.31,0.56,12.0,14.13,14.0,16.12,8208.01,1579.01,2.11,70.1,35.1,8.1,0.0
06/01/2026,1630,PECO,39.29,-.86,-2.14%,39.89,39.99,39.27,44.94,0.16,0.47,37.77,39.04,39.05,41.14,-1102.01,-3927.01,3.01,87.4,63.3,0.1,0.0
06/01/2026,1630,PENN,20.24,+1.41,+7.49%,19.02,20.58,19.02,73.71,0.57,0.5,13.68,15.5,15.87,20.64,7207.01,2058.01,1.13,17.1,74.1,0.0,0.3
06/01/2026,1630,PEP,141.52,-2.67,-1.85%,142.585,144.11,141.32,31.22,0.23,0.29,156.09,148.15,141.68,152.14,-10105.01,-14132.01,16.01,73.1,75.4,-7.0,-4.3
06/01/2026,1630,PFE,25.63,-.55,-2.10%,25.90,25.91,25.48,40.77,0.17,0.24,26.2,25.64,25.31,26.34,-1101.01,2628.03,3.09,15.1,9.1,-1.5,0.0
06/01/2026,1630,PFF,31.40,-.16,-0.51%,31.37,31.47,31.29,52.32,0.07,0.15,30.88,31.46,30.9,31.75,2205.02,3165.02,2.07,95.4,61.1,-0.1,0.0
06/01/2026,1630,PFG,102.90,-.72,-0.69%,101.74,103.76,101.44,59.28,0.16,0.28,87.15,99.03,100.21,106.21,4101.04,10500.04,4.08,52.1,12.1,4.7,0.7
06/01/2026,1630,PFIG,23.9438,-.0164,-0.07%,23.85,23.9486,23.85,48.79,0.04,NaN,24.15,23.94,23.71,24.06,2205.02,-2374.08,15.08,0.0,85.2,-0.6,0.0
06/01/2026,1630,PFIX,45.95,-.46,-0.99%,46.67,47.00,45.85,39.64,0.29,0.26,41.88,46.86,45.14,51.85,-4106.01,-4585.01,8.01,17.2,41.1,0.0,0.0
06/01/2026,1630,PG,140.28,-3.28,-2.28%,141.52,141.82,138.86,41.3,0.24,0.25,151.43,141.66,139.74,146.97,-1102.01,-13886.01,3.01,84.1,94.2,0.0,0.0
06/01/2026,1630,PGNY,26.20,+.64,+2.50%,25.61,26.43,25.505,74.87,0.83,0.46,17.16,22.24,23.0,27.36,1202.02,2643.01,14.4,25.1,81.4,0.0,23.0
06/01/2026,1630,PGRO,49.2394,+.2817,+0.58%,49.145,49.39,49.14,74.1,0.14,NaN,41.49,47.02,47.1,49.53,4208.01,4939.01,1.44,0.0,36.1,3.8,13.0
06/01/2026,1630,PINK,37.403,-.687,-1.80%,37.74,37.76,37.04,62.58,0.14,0.22,34.05,35.8,35.92,38.5,10208.02,3818.02,2.23,25.1,14.1,9.9,12.0
06/01/2026,1630,PINS,21.35,+1.30,+6.48%,20.37,21.54,20.19,60.43,0.57,0.57,18.86,18.91,18.31,21.42,3205.01,2154.01,1.07,56.1,83.2,0.0,0.0
06/01/2026,1630,PJP,107.5335,-2.1001,-1.92%,109.20,109.20,107.474,51.6,0.18,0.14,103.56,105.32,105.05,111.61,4101.03,11068.03,3.55,23.1,75.1,8.1,0.6
06/01/2026,1630,PK,12.90,+.77,+6.35%,12.12,12.975,12.06,76.55,0.37,0.47,10.34,10.81,10.99,13.02,8208.01,1298.01,1.11,60.1,85.2,8.8,0.0
06/01/2026,1630,PKB,103.3089,-1.2731,-1.22%,103.72,103.72,102.3867,48.12,0.27,0.27,96.3,103.62,98.69,107.33,3205.03,10643.04,4.09,86.2,88.2,-3.8,0.0
06/01/2026,1630,PLAY,12.78,-.59,-4.41%,13.18,13.42,12.46,58.84,0.59,1.05,12.8,9.72,9.86,14.57,8210.02,1371.02,2.22,98.3,23.1,0.7,1.8
06/01/2026,1630,PLD,139.02,-4.45,-3.10%,141.59,142.1499,138.92,41.3,0.21,0.28,129.88,141.85,139.17,147.99,-1102.01,-13892.01,3.01,51.1,46.1,3.2,1.2
06/01/2026,1630,PLNT,52.88,-.63,-1.18%,52.95,53.20,51.66,40.53,1.41,0.58,73.29,45.19,49.42,55.52,3212.04,5438.02,4.16,97.4,97.4,-3.0,0.1
06/01/2026,1630,PLTR,160.65,+4.11,+2.63%,159.98,163.70,155.88,69.96,0.57,0.62,148.06,128.75,127.61,159.36,2203.01,16370.01,1.12,50.1,72.1,0.0,0.0
06/01/2026,1630,PM,172.66,-4.72,-2.66%,175.64,176.12,172.18,42.53,0.34,0.32,165.26,172.96,171.6,194.4,-4105.01,-17218.01,12.01,70.1,82.1,0.0,0.6
06/01/2026,1630,PNC,216.07,-5.05,-2.28%,217.80,219.94,215.78,46.69,0.19,0.28,198.04,209.7,210.85,224.17,4101.03,22166.02,3.13,60.1,35.1,0.0,0.0
06/01/2026,1630,PNDRY,11.4000,-.26,-2.23%,11.6200,11.6200,11.2881,66.63,0.58,NaN,9.19,9.83,10.22,12.09,5208.02,1190.02,2.22,0.0,79.2,12.4,10.9
06/01/2026,1630,POET,13.89,+1.60,+13.02%,11.98,14.43,11.62,55.09,2.26,1.57,6.0,11.51,10.43,18.2,-3110.01,-1150.02,11.02,95.4,91.4,0.0,2.1
06/01/2026,1630,POOL,182.07,+.67,+0.37%,181.12,184.52,178.40,38.67,0.39,0.42,204.16,173.62,174.47,187.41,3208.02,19000.04,4.18,85.2,81.2,-5.6,0.6
06/01/2026,1630,PPLT,17.45,0,0.00%,17.44,17.57,17.31,42.93,0.38,0.33,18.98,18.61,16.22,18.88,-6111.03,-1696.03,13.08,21.1,37.1,-0.3,-4.9
06/01/2026,1630,PR,19.67,+.44,+2.29%,19.701,19.99,19.585,43.1,0.38,0.41,18.1,19.91,18.75,21.24,-3107.02,-1886.02,19.02,45.1,86.4,-12.1,0.0
06/01/2026,1630,PRAA,14.76,-.50,-3.28%,15.24,15.37,14.71,30.74,0.68,0.73,16.61,14.56,13.16,16.04,1206.05,-1408.07,31.12,73.2,75.2,-20.7,0.0
06/01/2026,1630,PRGO,10.76,-.29,-2.62%,10.96,11.1201,10.58,44.39,0.5,0.56,9.7,10.82,10.46,11.5,-1101.01,-1058.01,17.01,68.1,73.1,-4.0,0.0
06/01/2026,1630,PRMB,24.49,-.31,-1.25%,24.72,24.77,24.29,67.02,0.5,0.45,20.73,22.71,22.41,25.38,7207.02,2528.02,2.22,37.1,77.3,0.0,21.4
06/01/2026,1630,PRVA,21.31,-.20,-0.93%,21.37,21.54,21.12,33.11,0.28,0.45,21.79,22.28,20.82,23.72,-11109.01,-2112.01,20.01,43.1,32.1,-6.9,-8.7
06/01/2026,1630,PSA,295.80,-7.89,-2.60%,299.09,301.24,295.67,43.76,0.26,0.28,296.58,302.78,290.39,313.34,-1101.01,31183.03,3.09,83.1,75.2,-0.7,0.0
06/01/2026,1630,PSCE,59.90,+1.3023,+2.22%,59.04,60.092,59.04,44.13,0.28,0.3,55.93,60.61,58.13,64.24,-4105.01,-5904.01,8.01,37.1,58.2,-0.1,0.0
06/01/2026,1630,PSCI,170.3984,-.5038,-0.29%,170.04,170.585,168.9399,53.85,0.22,0.2,152.88,166.98,162.58,174.75,4206.02,-16180.09,17.09,54.1,66.2,-1.0,0.0
06/01/2026,1630,PSCU,65.9958,-.1599,-0.24%,65.982,65.9958,65.982,60.56,0.16,NaN,58.71,62.78,63.07,67.07,4207.02,6616.02,3.13,0.0,55.2,0.0,0.0
06/01/2026,1630,PSP,60.69,-.29,-0.48%,60.68,61.45,60.33,51.35,0.17,0.18,56.41,60.09,59.08,61.8,3207.01,6145.01,1.08,52.1,42.1,-3.7,0.0
06/01/2026,1630,PSX,180.24,+4.36,+2.48%,178.00,182.6199,177.25,57.74,0.34,0.39,158.31,170.69,172.02,183.65,1201.01,18262.01,1.04,87.1,70.3,-0.6,5.1
06/01/2026,1630,PTLO,4.17,-.12,-2.80%,4.25,4.35,4.17,38.99,0.83,0.67,4.77,3.96,3.89,4.31,5208.01,435.01,1.16,51.1,85.4,-1.9,0.0
06/01/2026,1630,PVH,93.39,+.11,+0.12%,93.08,94.53,90.50,59.9,0.53,0.62,60.91,78.49,78.41,101.75,5208.02,9822.03,3.13,94.3,83.4,0.3,0.0
06/01/2026,1630,PYPL,45.19,+.44,+0.98%,44.53,45.985,44.20,46.22,0.31,0.4,44.8,44.35,43.56,45.52,2203.01,4599.01,1.03,44.1,40.1,-10.6,0.0
06/01/2026,1630,PZZA,34.08,-.13,-0.38%,34.43,34.50,33.295,50.41,0.55,0.73,29.55,30.59,32.07,35.06,3204.01,3510.03,3.15,95.3,72.1,0.0,1.2
06/01/2026,1630,QAT,19.07,-.16,-0.83%,18.83,19.125,18.72,53.47,0.17,NaN,18.4,18.7,18.28,19.5,4205.02,1950.03,2.09,0.0,85.2,0.4,0.0
06/01/2026,1630,QBTS,29.18,-.96,-3.19%,28.95,31.12,27.83,65.1,1.42,1.25,17.26,20.39,18.42,33.73,7207.01,3112.01,3.08,87.4,90.4,10.9,0.0
06/01/2026,1630,QCOM,228.99,-22.03,-8.78%,233.33,238.02,226.8118,59.41,1.03,0.84,132.16,199.66,188.47,265.34,5206.02,25992.02,2.39,99.4,99.4,3.3,1.6
06/01/2026,1630,QMOM,80.26,-.17,-0.21%,79.24,80.43,79.24,60.59,0.29,0.22,66.68,77.31,75.28,82.17,3205.03,-7380.09,15.09,66.2,78.1,0.0,2.8
06/01/2026,1630,QQQ,742.74,+4.43,+0.60%,737.04,745.65,735.99,78.43,0.16,0.24,591.33,696.64,702.62,749.03,6208.01,74565.01,1.44,68.1,51.1,4.3,13.0
06/01/2026,1630,QS,9.14,+.16,+1.78%,8.83,9.425,8.69,64.73,0.78,1.03,6.39,7.41,7.42,9.73,5207.01,943.01,1.08,65.2,44.4,8.6,2.4
06/01/2026,1630,QSR,72.86,-1.84,-2.46%,74.99,75.195,72.20,33.85,0.28,0.26,70.55,75.67,72.32,77.75,-8115.01,-7220.01,18.01,58.1,84.3,-8.3,-1.5
06/01/2026,1630,QTUM,162.87,+3.12,+1.95%,159.94,163.7399,158.7291,75.92,0.33,0.39,107.17,140.39,142.76,166.25,7208.01,16374.01,1.43,99.4,85.2,14.0,8.8
06/01/2026,1630,QUBT,12.39,+.43,+3.60%,11.67,13.00,11.03,61.9,1.23,1.21,7.22,9.33,9.49,13.57,3207.01,1300.01,1.08,82.3,78.4,7.1,2.4
06/01/2026,1630,R,253.83,+2.98,+1.19%,248.25,254.00,247.70,66.77,0.36,0.41,191.76,224.93,224.1,262.39,5208.02,25400.01,3.13,85.1,64.1,0.0,0.0
06/01/2026,1630,RBLX,47.00,-.15,-0.32%,47.76,47.99,45.83,47.14,0.66,0.74,58.7,40.15,42.56,50.54,4211.05,4853.05,5.19,72.1,67.4,0.0,2.5
06/01/2026,1630,RCL,289.05,+4.42,+1.55%,279.99,293.10,275.35,61.73,0.49,0.52,256.16,256.6,247.76,293.21,4205.01,29310.01,1.07,77.1,73.1,0.0,0.0
06/01/2026,1630,RDNT,52.89,-2.64,-4.75%,54.74,54.91,51.85,39.62,0.38,0.62,58.46,51.68,51.81,56.29,-1101.01,-5185.01,15.01,90.1,57.1,-2.4,0.0
06/01/2026,1630,REAL,9.70,+.06,+0.62%,9.46,9.79,9.35,44.88,0.89,0.9,9.81,8.92,8.89,9.92,2205.01,979.01,1.13,52.1,80.4,-22.5,0.0
06/01/2026,1630,REG,76.14,-1.21,-1.56%,77.04,77.245,76.12,37.98,0.14,0.2,75.42,76.43,75.77,79.57,-1102.01,-7612.01,4.01,17.1,23.1,0.0,0.0
06/01/2026,1630,REGN,600.66,-14.12,-2.30%,607.54,614.00,598.795,24.71,0.42,0.33,746.66,701.99,553.53,684.38,-3111.08,-59879.01,42.08,17.1,81.4,-11.9,-19.9
06/01/2026,1630,REXR,34.69,-.78,-2.20%,35.16,35.35,34.60,41.3,0.21,0.34,34.78,35.04,34.42,36.75,-1102.01,-3460.01,4.01,42.1,31.1,0.1,-0.4
06/01/2026,1630,REZ,87.91,-1.84,-2.05%,89.19,89.60,87.91,38.79,0.16,0.16,87.0,90.86,88.35,93.16,-2103.01,-8791.01,4.01,29.2,59.1,0.0,0.0
06/01/2026,1630,RGTI,25.63,+.09,+0.35%,24.74,26.48,24.05,64.19,1.47,1.23,15.94,17.83,16.01,30.21,5207.03,2758.03,3.08,80.2,95.4,15.2,0.0
06/01/2026,1630,RH,149.33,+.84,+0.57%,147.44,151.32,142.6401,65.17,0.56,0.91,130.0,125.9,121.65,157.44,7208.01,15182.02,2.08,81.2,42.1,2.7,0.0
06/01/2026,1630,RHP,115.09,-.04,-0.03%,115.64,116.59,113.18,69.93,0.23,0.3,91.87,105.78,105.8,119.53,7210.02,11718.02,2.41,52.1,47.1,3.7,2.6
06/01/2026,1630,RIOT,28.25,+1.14,+4.21%,26.575,28.84,25.85,73.65,0.73,0.9,13.57,23.41,22.57,29.07,5205.01,2884.01,1.22,35.1,25.1,0.9,8.0
06/01/2026,1630,RIVN,16.95,+.65,+3.99%,16.14,17.20,15.90,67.18,0.51,0.73,14.55,13.64,13.28,16.92,6208.01,1720.01,1.19,47.1,59.1,0.0,0.3
06/01/2026,1630,ROBO,89.57,+.93,+1.05%,88.27,89.90,88.10,66.14,0.27,0.27,69.22,84.64,83.06,91.66,4207.03,8990.01,4.08,71.3,81.1,3.8,8.0
06/01/2026,1630,ROK,456.71,+5.65,+1.25%,452.15,457.41,446.00,61.85,0.44,0.35,360.58,447.0,428.23,469.44,1206.05,46211.15,15.23,56.1,96.4,-0.5,9.7
06/01/2026,1630,ROKU,129.03,-1.15,-0.88%,130.18,131.00,126.97,61.95,0.28,0.51,93.94,124.26,121.32,133.35,6206.01,13346.02,2.08,29.1,4.1,0.0,0.5
06/01/2026,1630,ROST,224.07,-7.66,-3.31%,227.99,229.56,223.31,50.91,0.42,0.3,204.25,209.13,207.6,242.19,4101.03,23741.04,4.12,58.1,96.4,4.4,0.0
06/01/2026,1630,RRC,39.78,+.83,+2.13%,39.09,40.19,39.01,40.65,0.28,0.37,40.31,40.41,38.02,43.04,-6107.01,-3882.02,8.02,43.1,25.1,-1.0,-4.2
06/01/2026,1630,RRR,58.78,+.40,+0.69%,58.26,59.4899,57.825,66.98,0.31,0.45,54.17,51.0,50.57,61.04,6208.01,5949.01,1.07,81.1,46.2,1.7,0.0
06/01/2026,1630,RSI,25.39,+.05,+0.20%,25.21,25.98,25.11,44.74,0.4,0.65,19.89,25.84,24.89,27.97,-7107.01,-2511.01,21.01,73.1,52.3,-5.5,0.0
06/01/2026,1630,RSP,209.21,+.38,+0.18%,208.05,209.77,207.79,69.36,0.09,0.17,193.97,202.17,201.37,211.3,6208.01,20977.01,2.07,84.1,8.1,7.6,0.0
06/01/2026,1630,RSPG,103.72,+1.46,+1.43%,103.33,104.92,103.33,45.89,0.29,0.26,99.03,102.44,100.65,110.53,-3105.02,-10175.02,8.02,87.2,96.4,0.0,0.0
06/01/2026,1630,RSPU,76.76,-2.00,-2.54%,78.20,78.20,76.75,34.9,0.17,0.12,81.28,78.14,76.8,81.09,-1103.01,-7675.01,5.01,13.1,98.2,-0.5,0.0
06/01/2026,1630,RTO,29.77,-.34,-1.13%,29.77,29.90,29.43,29.29,0.2,0.34,28.45,32.12,29.25,32.1,-11116.01,-2943.01,18.01,28.1,4.1,-10.8,-13.9
06/01/2026,1630,RUT,2905.7621,-13.5762,-0.47%,2899.085,2919.5735,2880.8881,61.35,0.2,0.24,2463.38,2799.69,2761.66,2981.28,5207.02,294261.03,3.08,40.1,54.1,2.3,0.9
06/01/2026,1630,RVLV,19.46,-.14,-0.71%,19.48,19.75,18.94,40.29,0.8,0.54,22.88,17.35,17.83,20.78,3209.03,2069.03,3.15,16.1,100.4,-2.3,0.0
06/01/2026,1630,RVX,22.92,+.89,+4.04%,23.39,23.66,22.44,43.64,0.58,NaN,25.61,23.3,21.96,25.01,-3105.01,-2187.02,9.02,0.0,18.1,0.0,0.0
06/01/2026,1630,S,17.81,+1.26,+7.61%,17.05,18.20,17.0144,59.49,0.58,0.64,13.18,15.48,15.83,19.54,-1201.02,-1526.02,6.02,71.3,81.1,3.4,1.7
06/01/2026,1630,SBAC,204.05,+.89,+0.44%,201.00,205.14,200.97,45.28,0.23,0.32,188.0,199.91,194.27,213.36,-5201.1,-19915.1,18.1,70.1,44.1,-3.2,-1.4
06/01/2026,1630,SBUX,96.51,-2.65,-2.67%,98.25,98.34,95.59,32.04,0.19,0.32,95.56,104.34,96.04,107.45,-7107.01,-9559.01,8.01,24.1,2.1,0.0,0.0
06/01/2026,1630,SCJ,104.15,-1.76,-1.66%,104.98,104.98,104.0301,52.22,0.14,0.17,95.8,104.85,103.31,106.44,2101.02,10643.02,2.26,34.1,50.1,0.0,17.9
06/01/2026,1630,SE,95.25,+4.72,+5.21%,91.99,97.80,91.98,60.11,0.64,0.55,85.95,81.84,84.05,97.46,2205.01,9780.01,1.15,52.1,84.2,2.2,2.0
06/01/2026,1630,SFD,26.03,+.20,+0.77%,25.83,26.15,25.7518,46.4,0.2,0.42,23.15,24.63,25.02,27.08,6102.03,2681.04,4.21,86.1,36.1,0.0,1.9
06/01/2026,1630,SFM,79.74,-2.88,-3.49%,82.38,83.54,78.835,44.2,0.46,0.49,75.0,81.17,80.0,91.32,-2103.01,-7883.01,9.01,59.1,81.4,0.0,5.8
06/01/2026,1630,SG,9.57,-.39,-3.92%,9.72,10.21,9.10,66.4,0.86,0.9,5.18,6.16,7.42,11.52,10212.02,1058.02,4.13,58.1,83.2,19.9,2.0
06/01/2026,1630,SHAK,62.22,-2.09,-3.25%,63.91,64.47,61.90,33.01,1.27,0.54,88.71,61.68,59.1,65.55,4101.01,-5949.1,21.14,63.1,98.4,-24.7,0.0
06/01/2026,1630,SHEL,85.41,+1.29,+1.53%,85.16,86.1399,84.975,45.78,0.25,0.29,81.57,84.48,82.56,88.4,-3106.02,-8314.04,39.04,81.1,81.2,-7.1,0.0
06/01/2026,1630,SHO,10.99,+.17,+1.57%,10.79,11.00,10.72,69.78,0.26,0.31,9.02,10.11,10.13,11.27,20210.02,1101.02,2.4,48.1,54.2,11.6,3.5
06/01/2026,1630,SHOC,113.2032,+1.5552,+1.39%,111.00,113.83,110.84,71.68,0.4,NaN,70.79,102.33,102.55,115.61,6208.01,11383.01,1.43,0.0,90.3,2.5,11.0
06/01/2026,1630,SHOO,43.18,-.26,-0.60%,43.36,43.36,42.23,67.55,0.42,0.53,31.6,37.44,37.89,45.81,6208.02,4403.02,3.2,24.1,46.1,12.8,4.7
06/01/2026,1630,SHOP,124.12,+5.41,+4.56%,120.25,124.625,119.055,63.22,0.85,0.64,121.5,94.0,96.95,124.65,6208.01,12463.01,1.13,68.1,99.4,0.0,0.0
06/01/2026,1630,SHY,82.01,-.29,-0.35%,81.975,82.02,81.94,38.45,0.02,0.03,82.64,82.14,81.99,82.32,-1101.01,-8194.01,2.01,70.3,57.1,0.0,0.0
06/01/2026,1630,SHYG,42.32,-.023152,-0.05%,42.30,42.33,42.25,44.61,0.04,NaN,42.19,42.3,42.2,42.65,-1101.01,-4225.01,2.01,1.1,78.1,0.0,0.0
06/01/2026,1630,SIL,91.49,-2.24,-2.39%,91.34,92.41,88.66,48.42,0.6,0.55,95.04,97.17,80.25,101.91,-3202.08,10419.13,13.23,63.1,75.2,0.0,-1.6
06/01/2026,1630,SILJ,30.50,-.41,-1.33%,30.21,30.935,29.39,50.04,0.64,0.63,31.88,32.09,26.09,33.88,-3203.08,-2793.09,13.09,62.1,71.2,0.0,-1.6
06/01/2026,1630,SITM,665.01,-45.19,-6.36%,688.89,697.9999,661.82,48.75,1.11,0.89,305.21,795.26,584.38,827.44,-4111.04,90181.15,15.43,84.1,98.4,0.0,0.0
06/01/2026,1630,SIVR,71.10,-.69,-0.96%,70.94,71.67,70.20,45.38,0.58,0.46,76.66,78.95,63.61,80.05,-2111.09,8498.13,13.23,52.1,69.1,0.0,-2.1
06/01/2026,1630,SJM,100.61,-2.59,-2.51%,102.56,102.80,100.28,50.53,0.23,0.36,107.38,98.24,99.55,105.18,-1101.01,-10028.01,4.01,97.3,37.1,0.0,5.8
06/01/2026,1630,SKYY,155.17,+10.60,+7.33%,147.60,155.7599,147.40,85.28,0.38,0.41,109.82,123.26,129.18,153.31,6208.01,15576.01,1.35,98.1,90.1,0.4,2.3
06/01/2026,1630,SLG,44.74,-.66,-1.45%,44.61,45.50,44.27,57.63,0.38,0.54,36.56,42.77,41.02,46.58,5206.01,4638.02,2.07,81.1,60.1,0.0,0.0
06/01/2026,1630,SLV,67.67,-.66,-0.97%,67.49,68.235,66.80,45.39,0.59,0.49,73.01,75.15,60.54,76.23,-2111.09,8086.13,13.23,51.1,69.1,0.0,-2.1
06/01/2026,1630,SLX,111.63,+.77,+0.69%,110.43,111.63,109.00,67.11,0.27,0.37,88.92,106.38,103.74,113.66,4206.02,11163.01,2.09,90.2,81.2,0.4,5.9
06/01/2026,1630,SMCI,46.88,+.79,+1.71%,45.80,48.08,45.655,80.27,1.03,0.95,29.85,31.24,32.08,47.88,6208.01,4808.01,1.48,85.2,90.1,6.9,10.8
06/01/2026,1630,SMH,607.81,+8.88,+1.48%,596.095,613.4299,593.09,72.78,0.4,0.55,374.16,542.67,545.17,623.13,6208.01,61343.01,1.43,100.4,95.3,5.5,9.7
06/01/2026,1630,SMIN,66.54,-.64,-0.95%,66.26,67.10,66.1601,51.12,0.2,0.24,62.08,65.45,65.05,67.95,3207.02,6807.02,2.09,83.1,68.1,-1.9,0.0
06/01/2026,1630,SMPL,11.66,+.14,+1.22%,11.43,11.675,11.27,44.43,0.43,0.72,14.58,11.01,11.2,12.0,-7204.01,-1127.01,24.01,92.2,75.1,-13.2,0.0
06/01/2026,1630,SN,122.66,+.77,+0.63%,120.59,122.68,119.58,64.71,0.45,0.5,106.18,102.83,102.1,127.1,6207.01,12356.02,2.08,48.1,69.1,0.5,0.0
06/01/2026,1630,SNAP,5.86,+.15,+2.63%,5.79,5.99,5.79,54.46,0.4,0.69,4.78,5.18,5.44,6.01,4207.01,599.01,1.11,46.1,28.1,-4.6,0.0
06/01/2026,1630,SNDR,36.37,+1.03,+2.91%,35.10,36.45,34.72,73.52,0.6,0.43,24.39,28.59,31.5,38.55,7212.03,3645.01,8.12,52.1,99.4,22.5,0.9
06/01/2026,1630,SNOW,280.16,+24.61,+9.63%,259.97,284.99,258.31,89.22,1.17,0.71,164.0,146.05,177.73,280.73,14217.01,28499.01,1.18,85.3,100.4,20.6,7.9
06/01/2026,1630,SOFI,18.58,+.36,+1.98%,18.15,18.7954,17.69,66.05,0.47,0.69,17.77,15.22,14.71,18.52,5207.01,1880.01,1.08,46.1,33.3,0.0,0.0
06/01/2026,1630,SOLZ,8.1447,-.0826,-1.00%,8.06,8.155,7.9294,40.02,0.49,0.57,8.48,9.1,7.43,9.12,-6111.03,-793.01,15.03,17.1,7.1,-0.3,-5.0
06/01/2026,1630,SOYB,25.14,-.01,-0.04%,25.25,25.25,25.035,55.49,0.14,0.2,23.76,24.73,24.73,25.42,-1203.05,-2462.11,13.11,77.2,67.2,0.0,2.9
06/01/2026,1630,SPDN,8.61,-.01,-0.12%,8.63,8.64,8.58,27.91,0.1,NaN,9.46,8.68,8.55,8.86,-19108.01,-858.01,44.01,64.2,15.1,-13.4,-2.6
06/01/2026,1630,SPG,202.70,-2.21,-1.08%,203.66,204.80,202.20,50.18,0.19,0.25,187.11,199.0,199.63,208.89,4101.03,20879.04,4.08,51.1,61.1,3.5,0.0
06/01/2026,1630,SPGI,428.56,+4.56,+1.08%,425.74,430.91,420.87,55.91,0.25,0.33,415.92,401.0,404.07,431.83,4204.01,43091.01,1.1,72.1,58.1,0.0,0.0
06/01/2026,1630,SPHD,49.16,-.49,-0.99%,49.42,49.555,49.12,40.84,0.09,0.13,50.09,49.28,49.0,50.58,-1102.01,-4912.01,4.01,55.1,15.1,0.6,0.0
06/01/2026,1630,SPHR,145.78,+7.30,+5.27%,138.47,147.805,136.90,62.48,0.59,0.6,110.55,124.11,127.03,144.71,3203.01,14781.01,1.14,65.1,81.1,-1.9,0.2
06/01/2026,1630,SPLV,71.31,-.90,-1.25%,71.85,71.9391,71.30,32.51,0.1,0.14,74.41,72.31,71.54,74.45,-2103.01,-7130.01,4.01,81.1,58.1,0.0,0.0
06/01/2026,1630,SPMO,152.32,+1.73,+1.15%,150.305,153.1185,150.145,74.61,0.26,0.21,116.23,141.06,141.13,154.17,6207.01,15312.01,1.44,83.2,92.4,4.3,10.6
06/01/2026,1630,SPOT,507.76,+10.08,+2.03%,509.06,513.40,494.80,59.33,0.58,0.47,513.82,412.99,423.44,566.56,9214.03,53013.04,4.22,52.1,81.3,5.2,3.7
06/01/2026,1630,SPX,7599.96,+19.90,+0.26%,7582.29,7617.66,7562.61,74.51,0.1,0.17,6636.04,7338.54,7358.61,7648.35,6208.01,761766.01,1.44,31.1,29.1,5.0,12.1
06/01/2026,1630,SPY,758.54,+2.06,+0.27%,755.36,760.28,754.69,75.11,0.1,0.17,662.39,731.83,734.11,763.38,6208.01,76028.01,1.44,25.1,23.1,5.4,12.2
06/01/2026,1630,STKL,6.50,0,0.00%,0,0,0,65.19,0.03,0.18,4.64,6.47,6.47,6.51,-2201.01,-647.01,6.01,1.1,3.1,0.0,0.0
06/01/2026,1630,STLD,261.59,+1.44,+0.55%,257.33,262.24,255.20,75.38,0.34,0.48,175.01,230.26,225.07,270.58,6207.01,26309.02,2.08,85.2,52.1,3.7,0.0
06/01/2026,1630,STZ,136.25,-2.57,-1.85%,137.75,139.49,135.25,32.57,0.31,0.39,144.61,139.1,135.04,152.54,-3104.01,-13525.01,34.01,75.2,57.2,-4.3,-0.6
06/01/2026,1630,SU,63.76,+1.40,+2.25%,63.66,64.86,63.21,44.03,0.39,0.35,55.29,64.52,61.28,70.0,-4106.02,-6175.02,9.02,73.1,96.4,0.0,0.0
06/01/2026,1630,SVV,9.02,+.07,+0.78%,8.87,9.02,8.67,64.56,0.59,0.56,8.02,6.96,7.04,9.59,5208.02,902.01,2.13,10.1,87.4,0.1,0.0
06/01/2026,1630,SWBI,15.14,-.08,-0.53%,15.12,15.2094,14.9104,52.44,0.26,0.62,11.66,14.1,14.53,15.91,-1101.01,1575.06,6.13,83.4,34.1,2.4,0.4
06/01/2026,1630,SWKS,75.49,-2.36,-3.03%,77.80,77.81,74.16,56.76,0.79,0.61,52.17,64.65,66.07,87.26,23101.02,8518.04,4.41,97.2,98.4,13.3,2.0
06/01/2026,1630,SXT,111.76,-2.09,-1.84%,112.36,114.66,110.00,48.59,0.24,0.4,87.89,115.33,110.83,117.85,-1102.01,-11000.01,2.01,90.2,20.1,-1.5,0.0
06/01/2026,1630,SYF,70.82,-.62,-0.87%,70.49,71.235,69.41,43.45,0.27,0.35,63.74,69.1,69.72,72.86,-1101.01,-6941.01,29.01,40.1,50.1,-10.4,0.0
06/01/2026,1630,SYY,73.72,-2.09,-2.76%,74.83,75.2991,73.415,44.52,0.2,0.27,82.76,71.94,72.29,77.93,-1101.01,7709.06,6.17,83.1,59.1,3.1,2.6
06/01/2026,1630,T,24.55,-.25,-1.01%,24.75,24.90,24.49,38.58,0.19,0.27,26.87,24.65,24.13,25.48,1102.06,-2385.1,44.1,47.1,48.1,-9.0,0.0
06/01/2026,1630,TAN,71.13,-2.80,-3.79%,72.11,72.21,69.39,67.11,0.42,0.49,51.8,60.49,61.58,75.63,5208.02,7560.02,2.39,98.2,73.2,16.1,9.7
06/01/2026,1630,TAP,39.03,-.50,-1.26%,39.22,40.525,39.02,32.99,0.31,0.34,44.65,40.68,39.0,43.07,-4103.01,-3902.01,8.01,66.1,87.2,-0.8,-1.4
06/01/2026,1630,TBIL,49.87,+.01,+0.02%,49.86,49.87,49.86,40.03,0.01,NaN,49.86,49.9,49.84,50.0,-3103.01,-4986.01,5.01,0.2,32.1,3.0,0.0
06/01/2026,1630,TCEHY,55.300,+.70,+1.28%,55.320,55.690,54.980,33.81,0.29,NaN,63.57,57.91,52.97,59.54,-10112.02,-5412.03,13.03,0.0,56.1,-10.4,-11.6
06/01/2026,1630,TCNNF,9.4700,+.1818,+1.96%,9.2500,9.6000,9.0200,59.79,1.0,NaN,5.92,7.86,7.09,9.91,3205.01,960.01,1.1,0.0,65.3,0.0,0.0
06/01/2026,1630,TEAM,115.95,+8.34,+7.75%,114.18,119.38,110.23,76.07,0.81,0.86,74.2,78.2,79.44,113.51,4206.01,11938.01,1.35,90.1,92.4,0.0,1.3
06/01/2026,1630,TEVA,34.64,-.68,-1.93%,34.64,34.77,33.835,54.16,0.22,0.4,29.92,34.91,33.17,35.86,-6202.07,-3369.03,20.07,39.1,12.1,-3.2,0.1
06/01/2026,1630,TFLO,50.49,+.018445,+0.04%,50.49,50.49,50.48,33.33,0.01,0.02,50.49,50.53,50.5,50.65,-1101.01,-5048.01,2.01,59.2,16.2,0.4,2.9
06/01/2026,1630,TGS,31.60,+.52,+1.67%,30.91,32.14,30.91,56.6,0.49,0.68,27.85,29.04,28.73,31.78,3204.01,3214.01,1.05,63.1,70.4,0.0,0.0
06/01/2026,1630,TGT,123.71,-3.36,-2.64%,126.48,126.7199,121.5709,47.32,0.38,0.35,115.75,117.67,120.07,131.2,-1101.01,-12157.01,3.01,24.1,94.4,0.0,0.0
06/01/2026,1630,THC,170.09,-5.23,-2.98%,172.96,175.0899,166.00,35.4,0.38,0.53,230.42,187.34,160.69,199.25,-8110.01,-16600.01,13.01,94.2,67.1,0.0,-2.3
06/01/2026,1630,THD,73.71,+.25,+0.34%,74.03,74.03,73.18,59.51,0.23,0.28,64.92,69.67,70.61,75.09,5208.02,7411.03,3.27,77.3,57.1,7.0,1.7
06/01/2026,1630,TIGR,5.17,+.03,+0.58%,4.97,5.24,4.9312,37.77,1.26,0.82,6.98,6.15,3.99,6.24,-15201.05,-465.05,31.05,89.4,99.4,-6.6,-17.7
06/01/2026,1630,TIP,109.98,+.047516,+0.04%,109.87,109.99,109.76,36.36,0.05,0.06,111.03,110.99,109.78,111.5,-1101.01,-10976.01,26.01,58.3,95.2,0.0,0.0
06/01/2026,1630,TJX,152.75,-2.00,-1.29%,153.38,154.33,152.43,45.05,0.28,0.23,155.11,146.14,145.99,163.36,-1101.01,16089.04,4.12,50.1,100.4,4.6,0.0
06/01/2026,1630,TKO,208.47,+3.29,+1.60%,205.46,212.00,204.34,69.85,0.34,0.4,197.54,182.0,182.04,210.37,2203.01,21200.01,1.13,83.2,73.1,8.9,0.0
06/01/2026,1630,TKR,126.54,-1.44,-1.13%,126.17,128.03,123.87,66.37,0.5,0.46,96.27,114.01,111.12,133.19,5208.02,12861.02,4.09,98.2,98.4,8.9,6.0
06/01/2026,1630,TLT,85.47,-.29,-0.34%,84.93,85.54,84.80,51.53,0.1,0.11,87.08,84.59,83.12,86.46,3206.02,8596.02,2.08,7.1,58.2,0.0,0.0
06/01/2026,1630,TME,9.50,+.28,+3.04%,9.19,9.555,9.16,54.04,0.46,0.51,13.34,8.58,8.6,9.63,1205.01,956.01,1.11,67.1,70.1,-0.5,0.0
06/01/2026,1630,TMO,494.04,+1.53,+0.31%,489.83,496.28,483.50,62.85,0.33,0.36,491.13,444.52,430.02,500.17,3204.01,49628.01,1.1,86.2,72.1,0.0,0.0
06/01/2026,1630,TMUS,186.74,-.79,-0.42%,185.26,188.82,185.01,40.54,0.18,0.31,212.21,187.5,184.08,193.07,-2103.01,-18501.01,3.01,65.1,15.1,-3.5,0.0
06/01/2026,1630,TNET,48.92,+3.24,+7.09%,46.42,49.50,46.13,72.25,0.5,0.53,35.16,38.36,40.0,48.72,5210.01,4950.01,1.12,67.2,82.1,0.0,1.0
06/01/2026,1630,TNX:CGI,44.75,+.22,+0.49%,44.57,45.16,44.45,51.98,0.19,NaN,40.63,43.78,43.81,46.74,-2105.02,4659.08,8.31,0.0,80.2,0.0,1.4
06/01/2026,1630,TOKE,5.24,0,0.00%,0,0,0,45.92,0.28,0.88,5.85,4.96,5.12,5.4,-1102.02,-508.02,16.02,56.2,35.2,-0.6,0.5
06/01/2026,1630,TOST,27.74,+1.71,+6.57%,27.465,28.155,26.98,61.77,0.76,0.56,27.9,22.26,21.87,27.32,4206.01,2816.01,1.12,54.1,100.4,-6.9,0.0
06/01/2026,1630,TPB,82.07,-2.86,-3.37%,83.30,85.30,80.91,40.45,0.49,0.55,85.4,88.81,82.72,93.9,-3106.01,-8091.01,15.01,81.1,67.1,-0.2,6.7
06/01/2026,1630,TPL,368.23,-24.17,-6.16%,392.45,396.11,368.05,30.87,0.37,0.49,508.4,375.32,368.71,409.17,-1102.01,-36805.01,3.01,72.1,32.1,-8.4,0.0
06/01/2026,1630,TPR,138.81,-6.65,-4.57%,145.46,145.46,137.59,48.94,0.61,0.4,137.85,128.34,128.43,148.72,5208.01,14659.02,2.14,37.1,92.4,0.0,0.0
06/01/2026,1630,TPYP,41.345,-.025,-0.06%,41.48,41.7795,41.345,38.45,0.19,0.21,41.4,41.69,40.98,44.62,-4105.01,-4135.01,8.01,48.3,98.4,0.0,0.0
06/01/2026,1630,TRIP,12.10,+.92,+8.23%,11.335,12.16,11.205,70.07,0.63,0.74,9.66,9.11,9.41,11.99,4208.01,1216.01,1.13,88.1,84.2,0.0,0.0
06/01/2026,1630,TRP,66.13,-.49,-0.74%,66.63,66.99,65.99,46.69,0.18,0.24,62.85,65.01,65.18,71.67,-3104.01,-6599.01,6.01,41.1,56.4,0.0,0.4
06/01/2026,1630,TRU,73.51,+1.95,+2.72%,70.73,74.195,70.66,59.54,0.38,0.48,70.71,66.08,65.82,74.66,4208.01,7419.01,1.08,61.1,54.1,0.0,0.0
06/01/2026,1630,TSLA,415.88,-19.91,-4.57%,427.49,429.60,415.43,50.43,0.43,0.53,381.4,416.8,400.48,454.79,1101.05,45340.13,13.37,48.2,47.2,0.0,10.6
06/01/2026,1630,TSM,435.63,+17.18,+4.11%,424.88,449.39,422.50,65.79,0.4,0.53,331.92,386.12,390.68,438.61,5205.01,44939.01,1.09,98.2,75.1,0.0,0.5
06/01/2026,1630,TSN,59.93,-.58,-0.96%,60.27,60.79,59.555,30.2,0.4,0.28,59.21,65.15,59.66,67.86,-6112.01,-5956.01,18.01,63.1,100.4,-0.7,0.0
06/01/2026,1630,TT,448.47,-2.83,-0.63%,448.26,451.83,440.9547,42.34,0.29,0.34,413.93,464.05,433.19,475.74,-13104.01,-44095.01,17.08,79.1,67.1,-5.3,0.0
06/01/2026,1630,TTD,23.22,+1.66,+7.70%,21.99,23.57,21.785,55.2,0.59,0.75,24.57,19.83,20.51,23.34,3202.01,2357.01,1.12,63.1,75.1,-4.7,0.0
06/01/2026,1630,TTE,88.71,+1.39,+1.59%,88.22,89.31,88.03,45.42,0.26,0.28,76.56,90.25,85.5,94.33,-3106.02,-8666.02,8.02,70.1,75.1,0.0,-0.2
06/01/2026,1630,TTWO,226.98,+2.82,+1.26%,227.99,231.02,223.88,53.42,0.38,0.45,207.5,219.04,210.39,246.37,-4106.03,-21631.03,6.04,76.1,90.4,0.0,0.0
06/01/2026,1630,TUA,20.61,-.085,-0.41%,20.56,20.6216,20.51,42.43,0.07,0.1,21.46,20.67,20.44,20.78,1204.02,-2044.06,31.08,12.1,60.1,-8.2,0.0
06/01/2026,1630,TUR,38.87,+.67,+1.75%,39.06,39.14,38.72,42.25,0.48,0.37,37.15,42.06,34.84,41.0,1202.02,-3640.07,15.07,69.1,100.4,-9.7,-16.5
06/01/2026,1630,TWLO,227.54,+36.90,+19.36%,195.365,231.36,194.5125,75.42,0.74,0.71,120.25,188.18,174.79,217.63,1202.01,23136.01,1.04,85.1,83.4,0.0,0.0
06/01/2026,1630,TXG,29.59,+1.285,+4.54%,28.02,29.92,27.2819,75.25,0.6,0.83,20.0,20.18,21.64,30.71,8209.01,2992.01,1.09,54.1,37.1,10.1,1.4
06/01/2026,1630,TXRH,175.40,-5.22,-2.89%,179.85,181.11,175.00,52.58,0.49,0.31,164.71,176.52,172.21,183.49,1101.02,18558.02,2.19,53.1,100.4,0.0,18.1
06/01/2026,1630,TXT,89.59,-2.17,-2.36%,90.58,90.58,89.02,45.51,0.27,0.29,91.02,89.16,87.89,93.17,3101.03,9336.03,3.07,57.1,70.4,-0.2,1.3
06/01/2026,1630,TYX:CGI,49.91,-.02,-0.04%,49.81,50.27,49.70,47.54,0.14,NaN,47.05,49.57,49.23,51.78,-5106.01,-4967.02,8.02,0.0,67.4,0.0,0.0
06/01/2026,1630,U,32.17,+1.70,+5.58%,31.54,32.575,30.61,75.86,0.5,0.74,19.46,25.76,24.68,31.91,5205.01,3258.01,1.06,40.1,14.1,0.1,0.0
06/01/2026,1630,UA,5.36,-.37,-6.46%,5.64,5.67,5.36,44.29,0.81,0.54,5.9,4.67,4.62,6.02,4206.02,593.03,3.12,41.1,93.4,-3.1,0.0
06/01/2026,1630,UAA,5.54,-.33,-5.62%,5.78,5.83,5.51,45.15,0.82,0.56,6.1,4.81,4.73,6.18,4206.02,610.03,3.12,33.1,92.4,-3.1,0.0
06/01/2026,1630,UAE,19.01,-.52,-2.66%,19.00,19.155,18.8003,47.4,0.24,0.28,18.49,18.84,18.56,19.62,3101.02,1963.02,2.08,84.2,74.1,0.0,0.0
06/01/2026,1630,UAL,111.76,-3.04,-2.65%,111.40,112.91,108.9103,65.9,0.59,0.56,84.7,93.76,90.9,120.53,6208.02,11796.02,2.08,61.1,85.2,8.0,2.6
06/01/2026,1630,UBER,73.77,+3.37,+4.79%,71.33,74.555,71.33,50.57,0.41,0.4,71.94,72.88,68.53,76.33,-8201.03,-6958.03,17.03,46.1,96.3,-3.6,-6.6
06/01/2026,1630,UFO,61.08,-4.23,-6.48%,63.16,63.505,60.29,57.38,0.54,0.74,43.54,54.1,54.88,70.07,10101.03,6821.03,4.23,99.4,100.2,26.2,11.1
06/01/2026,1630,UGA,106.68,+1.47,+1.40%,108.08,109.45,106.095,41.4,0.43,0.48,78.68,117.44,99.83,123.61,-7108.02,-10374.02,10.02,71.1,85.1,-3.2,-0.8
06/01/2026,1630,UHAL,56.66,-1.23,-2.12%,57.68,57.68,55.685,64.67,0.53,0.38,47.26,49.17,48.22,59.71,4208.01,5853.02,2.09,48.1,92.4,2.2,0.0
06/01/2026,1630,UHS,144.69,-1.42,-0.97%,145.04,146.06,142.69,19.97,0.21,0.39,181.43,166.05,139.98,170.13,-9110.01,-14269.01,36.01,73.1,10.1,-0.9,-2.1
06/01/2026,1630,UL,55.78,-.67,-1.19%,55.89,56.00,55.545,38.58,0.2,0.25,65.02,57.02,55.66,58.13,-1103.01,-5555.01,18.01,64.1,62.1,-8.3,0.0
06/01/2026,1630,ULS,99.94,+.44,+0.44%,99.98,101.05,99.05,57.25,0.61,0.44,78.0,94.11,97.52,103.59,-1103.03,-9733.03,17.03,75.1,87.4,-1.5,6.6
06/01/2026,1630,ULTA,500.77,-8.08,-1.59%,504.61,510.64,496.5401,43.04,0.31,0.57,615.0,487.44,479.71,527.93,3101.03,52700.04,4.09,100.4,65.1,-2.7,0.0
06/01/2026,1630,UNG,11.54,-.39,-3.27%,11.61,11.6551,11.4501,54.58,0.46,0.52,11.64,10.76,10.74,12.14,2203.02,1222.02,2.22,11.1,44.2,3.0,5.7
06/01/2026,1630,UNH,379.86,-.45,-0.12%,376.105,383.345,375.92,57.34,0.24,0.33,278.66,376.07,370.73,399.14,-3108.01,-37545.02,13.02,13.1,18.1,0.0,5.1
06/01/2026,1630,UNP,263.50,+.86,+0.33%,260.19,263.79,258.66,48.38,0.27,0.28,246.55,261.04,259.14,277.87,-2103.01,-25866.01,3.01,84.2,83.2,0.0,0.0
06/01/2026,1630,UPBD,19.06,-.15,-0.78%,19.055,19.29,18.84,57.09,0.36,0.57,18.02,17.01,16.73,19.87,5207.01,1952.02,2.11,60.1,9.1,0.0,0.0
06/01/2026,1630,UPS,109.02,+2.33,+2.18%,105.56,109.72,105.06,65.96,0.48,0.32,97.01,96.9,96.37,110.18,7208.01,10972.01,1.19,49.1,96.4,0.0,0.6
06/01/2026,1630,UPST,33.61,-.18,-0.53%,33.79,34.6719,33.0527,63.43,0.66,0.81,26.66,26.22,26.81,34.83,5205.01,3467.01,1.13,39.1,42.1,0.0,0.1
06/01/2026,1630,URA,50.54,-.22,-0.43%,49.98,51.21,49.10,46.23,0.49,0.57,47.45,51.55,44.51,54.27,-7205.08,-4701.08,17.08,54.1,40.1,-6.2,0.0
06/01/2026,1630,URBN,71.52,-1.13,-1.56%,72.04,72.35,69.86,51.19,0.37,0.46,61.41,64.73,66.68,78.12,-1101.01,7648.03,3.13,28.1,45.2,1.5,0.7
06/01/2026,1630,URI,997.82,+2.15,+0.22%,987.075,1001.655,974.21,66.77,0.3,0.38,768.55,930.77,922.08,1016.69,4205.01,100489.02,2.07,71.1,45.1,0.0,0.2
06/01/2026,1630,URNJ,28.25,+.02,+0.07%,27.74,28.54,27.41,45.66,0.55,0.61,29.1,28.46,24.04,30.48,1204.01,-2556.08,15.08,58.1,20.1,-7.0,0.0
06/01/2026,1630,URNM,61.14,-.14,-0.23%,60.66,61.95,59.6979,45.99,0.47,0.55,62.0,61.25,53.91,65.66,-7205.08,-5669.09,17.09,56.1,42.1,-6.0,0.0
06/01/2026,1630,USCI,99.15,+1.28,+1.31%,99.39,99.705,98.87,50.7,0.16,0.26,86.84,100.26,96.54,102.51,-5108.02,-9755.02,13.02,72.1,72.1,0.0,0.0
06/01/2026,1630,USD/JPY,159.685,0,0.00%,0,0,0,63.536,0.022,NaN,158.552,158.598,158.968,159.807,2202.01,15969.01,1.28,0.0,0.1,0.0,8.5
06/01/2026,1630,USFD,81.23,-.62,-0.76%,80.48,81.61,80.11,36.01,0.27,0.31,86.63,82.39,79.09,84.18,-5101.13,-7952.07,18.14,73.1,64.1,-13.9,0.0
06/01/2026,1630,USPH,62.53,-1.73,-2.69%,63.92,65.285,61.33,41.05,0.92,0.45,77.62,58.9,60.79,66.85,-1101.01,-6133.01,18.01,81.2,100.4,-13.3,0.0
06/01/2026,1630,UTI,41.39,+3.98,+10.64%,38.02,41.915,37.84,59.49,0.74,0.56,33.63,35.41,36.03,43.03,3201.01,4192.01,5.08,73.1,84.4,2.8,0.4
06/01/2026,1630,UTZ,7.23,-.09,-1.23%,7.25,7.41,7.07,42.95,0.56,0.51,7.4,6.93,6.94,7.89,-1102.01,-707.01,17.01,67.1,84.4,-2.4,0.0
06/01/2026,1630,UUP,27.76,+.10,+0.36%,27.77,27.83,27.745,58.46,0.04,0.08,27.34,27.33,27.47,27.99,8201.07,2783.01,8.16,35.1,11.1,2.4,4.1
06/01/2026,1630,V,322.77,-3.59,-1.10%,327.26,327.86,318.68,49.38,0.17,0.25,308.39,318.01,319.76,333.41,-2105.01,-31868.01,6.01,45.1,24.1,-0.7,2.5
06/01/2026,1630,VET,11.65,+.52,+4.67%,11.39,11.83,11.37,42.64,0.63,0.67,10.7,12.04,10.78,13.2,-4108.02,-1101.02,22.02,81.2,92.3,-6.9,-0.5
06/01/2026,1630,VFC,16.70,-.48,-2.79%,16.83,16.9457,16.37,41.88,0.47,0.56,15.98,17.11,15.86,18.03,-1101.01,-1556.07,29.07,25.1,50.3,-6.5,0.0
06/01/2026,1630,VG,12.68,+.64,+5.32%,12.54,13.105,12.5225,47.74,0.9,0.79,10.5,11.45,11.34,14.9,-2105.02,1490.08,8.15,23.1,70.1,0.0,0.0
06/01/2026,1630,VGK,88.52,-.49,-0.55%,88.14,88.96,87.86,54.25,0.21,0.2,82.04,86.49,86.23,90.48,6208.02,8976.02,4.23,79.1,83.1,2.5,3.3
06/01/2026,1630,VHT,276.33,-3.28,-1.17%,277.82,278.212,275.28,52.29,0.13,0.17,279.19,267.33,269.66,284.17,7101.02,28231.03,3.09,73.1,37.1,9.7,0.5
06/01/2026,1630,VIK,91.84,-.27,-0.29%,91.00,92.52,89.22,64.59,0.48,0.51,65.65,79.6,79.41,96.58,4207.02,9366.02,2.23,79.1,81.1,8.4,0.0
06/01/2026,1630,VIR,9.03,-.51,-5.35%,9.34,9.49,9.02,44.63,0.56,0.85,8.67,8.92,8.52,9.7,4101.01,991.02,2.1,59.1,33.1,-8.8,0.0
06/01/2026,1630,VIX,16.05,+.73,+4.77%,15.88,16.34,15.71,40.75,0.56,0.68,20.55,17.2,14.81,18.24,-8109.02,-1522.02,10.02,0.1,2.1,-0.6,-0.7
06/01/2026,1630,VKTX,31.27,-1.47,-4.49%,32.06,32.35,31.265,48.49,0.47,0.64,30.19,30.82,28.52,33.46,3207.02,3316.02,2.07,5.1,17.1,0.0,0.0
06/01/2026,1630,VLO,252.52,+7.70,+3.15%,248.50,255.97,248.10,55.68,0.44,0.44,213.83,240.33,235.15,260.8,1201.01,-23323.04,8.04,85.1,91.2,0.0,0.2
06/01/2026,1630,VLTO,83.60,+1.37,+1.67%,82.23,84.72,82.23,38.96,0.2,0.31,90.56,85.0,82.1,87.56,-11104.01,-8223.01,23.01,95.2,68.1,-1.0,-3.5
06/01/2026,1630,VMC,281.56,-1.36,-0.48%,278.69,284.20,275.49,53.6,0.29,0.31,265.95,272.84,255.91,287.77,4205.01,28420.01,1.09,74.1,83.1,-0.2,0.0
06/01/2026,1630,VNM,18.44,-.26,-1.39%,18.57,18.58,18.41,41.29,0.2,0.24,16.6,19.12,18.22,19.5,-5111.01,-1841.01,16.01,29.1,10.1,-2.5,-1.6
06/01/2026,1630,VNO,33.38,-.37,-1.10%,33.58,33.875,33.27,64.64,0.37,0.39,25.74,30.5,30.24,34.77,6208.01,3430.02,2.08,41.1,80.2,3.8,2.4
06/01/2026,1630,VRNS,36.11,+1.96,+5.74%,35.00,36.27,34.19,80.41,0.46,0.7,22.94,26.45,28.36,36.36,23211.01,3627.01,1.35,72.1,68.1,10.6,7.7
06/01/2026,1630,VRT,323.39,+7.68,+2.43%,317.99,328.58,313.1301,49.06,0.59,0.71,238.65,342.01,280.43,373.67,-4110.04,-30730.03,13.08,83.1,69.1,0.0,-2.7
06/01/2026,1630,VRTX,438.40,-9.14,-2.04%,439.91,443.54,433.2601,50.07,0.23,0.31,450.67,428.5,426.62,454.38,1101.02,45345.11,11.19,44.1,41.1,0.5,2.1
06/01/2026,1630,VSCO,54.30,-.70,-1.27%,52.26,55.84,51.0592,56.65,0.67,0.87,44.4,43.81,44.35,62.14,6208.02,6065.03,3.09,88.4,83.2,2.6,0.0
06/01/2026,1630,VTR,81.71,-2.71,-3.21%,83.715,84.30,81.56,30.89,0.21,0.23,83.8,86.83,82.34,90.36,-3107.01,-8156.01,8.01,53.1,84.1,-0.5,0.0
06/01/2026,1630,VVIX,91.60,+5.54,+6.44%,90.07,91.63,88.24,45.53,0.45,NaN,105.55,92.94,82.41,98.87,-8201.02,-8498.02,11.03,0.0,6.1,0.0,-4.5
06/01/2026,1630,VVV,33.43,-.32,-0.95%,33.62,33.675,32.965,49.42,0.42,0.42,33.05,31.77,31.82,35.07,2101.02,3500.02,2.08,54.1,94.4,-0.7,0.0
06/01/2026,1630,VXD,15.31,+.73,+5.01%,15.20,15.46,15.02,42.6,0.66,NaN,18.61,15.68,14.35,16.65,-6108.02,-1441.02,4.02,0.0,7.1,-1.6,0.0
06/01/2026,1630,VXN:CGI,23.18,+.60,+2.66%,23.74,23.89,23.18,47.28,0.51,NaN,24.05,24.08,21.9,24.77,-4108.02,-2225.02,10.02,0.0,5.1,0.0,0.0
06/01/2026,1630,VXX,24.78,+.64,+2.65%,24.41,24.80,24.075,32.73,0.3,0.68,28.99,27.47,23.16,28.04,-9112.01,-2385.02,11.02,21.1,19.1,-2.2,-15.6
06/01/2026,1630,VZ,47.73,-.08,-0.17%,47.50,48.04,47.47,50.59,0.14,0.24,50.02,46.91,46.62,49.06,5102.04,4896.04,4.1,61.1,9.1,1.4,0.9
06/01/2026,1630,W,72.60,+.34,+0.47%,71.70,73.38,70.78,57.91,0.68,0.73,70.25,58.46,57.54,79.08,6208.02,7637.02,2.08,65.1,76.3,0.0,0.6
06/01/2026,1630,WBD,27.25,+.24,+0.89%,26.945,27.32,26.945,52.96,0.09,0.25,27.67,27.05,26.92,27.38,-3201.01,-2695.01,1.01,25.4,5.1,-0.1,0.0
06/01/2026,1630,WCLD,35.95,+3.00,+9.10%,33.84,36.0899,33.76,77.33,0.52,0.38,28.05,27.01,28.45,35.42,6210.01,3609.01,1.12,77.2,97.1,1.2,2.9
06/01/2026,1630,WDAY,157.23,+11.04,+7.55%,152.00,158.64,149.06,71.64,0.72,0.65,136.56,112.55,116.58,154.5,4203.01,15864.01,1.12,88.3,100.2,0.9,0.2
06/01/2026,1630,WEAT,23.31,-.07,-0.30%,23.47,23.65,23.2599,43.31,0.35,0.31,21.61,23.53,22.82,25.51,-5107.01,-2326.01,13.02,56.1,96.4,0.0,0.0
06/01/2026,1630,WELL,197.36,-7.97,-3.88%,205.03,207.40,197.33,31.75,0.25,0.29,199.2,213.18,199.79,222.58,-3104.01,-19733.01,8.01,86.1,89.1,0.0,0.0
06/01/2026,1630,WEN,7.85,+.15,+1.95%,7.60,7.86,7.53,56.96,0.77,0.54,6.78,6.75,7.1,8.56,-1201.04,832.12,12.19,80.1,96.4,0.0,7.5
06/01/2026,1630,WEST,8.50,+.47,+5.85%,7.92,8.50,7.88,67.93,1.28,0.62,3.64,8.1,7.74,8.69,-4201.01,-788.01,14.01,15.1,98.4,0.0,22.9
06/01/2026,1630,WFC,77.17,-.37,-0.48%,76.75,78.02,76.50,49.13,0.28,0.35,76.5,72.86,73.76,78.97,5208.01,-7278.11,37.13,79.1,61.1,-6.6,0.0
06/01/2026,1630,WGMI,70.76,+2.67,+3.92%,67.07,72.3453,65.69,73.58,0.71,0.73,34.95,54.32,55.21,74.01,7207.01,7235.01,1.41,34.1,48.1,4.8,5.2
06/01/2026,1630,WGS,52.00,+.01,+0.02%,51.74,53.02,50.295,52.06,2.57,0.76,76.74,37.72,38.52,56.76,6211.02,5302.01,3.17,37.1,98.4,0.0,6.1
06/01/2026,1630,WH,79.12,-1.14,-1.42%,79.34,80.13,77.76,43.42,0.32,0.39,73.43,80.45,76.78,83.71,-1102.01,-7776.01,3.01,70.1,79.2,0.0,0.0
06/01/2026,1630,WING,158.16,+1.20,+0.76%,157.54,162.38,156.195,57.16,0.67,0.73,208.32,116.35,118.58,169.48,6210.01,16238.01,1.17,73.1,73.1,0.0,0.2
06/01/2026,1630,WMS,135.65,-3.31,-2.38%,137.49,138.11,133.23,43.04,0.4,0.46,138.05,134.45,130.24,142.9,1101.04,14364.04,4.06,66.1,64.1,-5.9,0.0
06/01/2026,1630,WMT,114.60,-1.15,-0.99%,114.725,115.98,113.56,27.39,0.33,0.28,121.62,126.38,110.85,132.22,-7108.01,-11356.01,8.01,45.1,93.4,0.0,-17.6
06/01/2026,1630,WOOD,67.1091,-.6094,-0.90%,67.19,67.20,66.53,45.87,0.21,0.24,71.45,67.01,64.39,68.88,2205.03,-6455.08,31.08,66.3,73.1,-2.6,0.0
06/01/2026,1630,WRBY,24.38,-.14,-0.57%,24.73,25.62,24.03,46.5,1.04,0.81,23.41,26.5,22.01,29.14,-1109.08,3020.09,15.22,79.1,88.4,0.0,6.7
06/01/2026,1630,WW,16.78,+.16,+0.96%,16.33,17.47,16.33,69.84,1.6,1.17,21.14,9.25,9.18,18.99,6206.01,1764.03,2.16,65.3,84.4,9.2,0.0
06/01/2026,1630,WWW,17.56,+.01,+0.06%,17.31,17.89,17.235,59.0,0.48,0.67,15.74,14.0,14.76,18.66,6207.01,1789.01,2.08,46.1,62.2,0.0,0.0
06/01/2026,1630,WY,23.71,-.80,-3.26%,24.48,24.48,23.60,47.73,0.25,0.28,23.22,22.93,22.59,24.95,6101.01,2466.02,2.09,30.1,48.1,0.0,0.0
06/01/2026,1630,WYFI,31.56,+1.82,+6.12%,29.02,32.00,29.01,66.07,1.56,1.39,15.01,22.75,23.32,35.3,12207.05,3319.05,5.22,NaN,NaN,4.7,10.3
06/01/2026,1630,WYNN,106.53,+5.31,+5.25%,103.33,107.77,102.13,62.42,0.37,0.41,96.52,94.55,93.58,105.92,4205.01,10777.01,1.11,50.1,66.1,-4.8,0.0
06/01/2026,1630,XBI,133.62,-3.07,-2.25%,135.62,135.66,132.24,51.53,0.29,0.3,120.85,133.26,127.4,139.06,3205.02,13735.02,2.08,53.1,85.1,0.0,0.0
06/01/2026,1630,XHR,17.52,+.15,+0.86%,17.28,17.58,17.23,64.6,0.35,0.55,14.45,16.23,16.08,18.05,5208.02,1764.02,2.1,71.2,96.4,4.7,1.1
06/01/2026,1630,XIACY,18.300,+.42,+2.35%,18.200,18.350,18.020,39.45,0.43,NaN,20.33,19.92,17.31,20.11,-8111.02,-1775.02,13.02,0.0,72.2,-2.1,-2.6
06/01/2026,1630,XLB,50.92,-.23,-0.45%,50.65,51.05,50.125,49.43,0.21,0.29,48.6,51.46,48.8,52.49,1205.05,-4914.07,13.07,81.1,89.2,0.0,0.0
06/01/2026,1630,XLC,115.61,-.08,-0.07%,115.425,116.045,114.815,47.48,0.11,0.2,115.5,114.97,115.17,117.12,-2102.01,-11482.01,3.01,70.1,11.1,-2.4,0.0
06/01/2026,1630,XLE,57.30,+1.01,+1.79%,57.025,57.81,56.85,46.68,0.29,0.28,55.33,56.24,55.27,61.15,-3105.02,-5599.02,8.02,68.1,99.4,0.0,0.0
06/01/2026,1630,XLF,51.43,-.15,-0.29%,51.225,51.5975,51.19,49.51,0.11,0.2,49.18,50.81,51.04,52.08,-3101.01,-5119.01,4.01,45.1,11.1,-0.1,0.0
06/01/2026,1630,XLG,64.59,+.22,+0.34%,64.48,64.7653,64.36,75.21,0.1,0.13,55.89,62.37,62.8,64.89,16208.01,6477.01,1.44,19.2,19.1,0.0,16.2
06/01/2026,1630,XLI,172.40,-.73,-0.42%,171.59,172.86,170.39,50.49,0.17,0.2,166.17,172.14,168.37,175.64,3205.03,-16891.07,17.07,61.1,77.1,-1.3,0.0
06/01/2026,1630,XLK,195.76,+4.74,+2.48%,192.32,196.4999,191.15,82.38,0.24,0.32,135.46,171.2,175.4,196.3,6208.01,19650.01,1.43,82.2,78.1,12.4,12.9
06/01/2026,1630,XLP,82.03,-.88,-1.06%,82.505,82.635,81.68,39.01,0.14,0.18,84.21,82.83,82.03,86.34,-5107.01,-8168.01,8.01,52.1,80.1,0.0,0.0
06/01/2026,1630,XLRE,43.27,-.72,-1.64%,43.72,43.815,43.27,41.34,0.13,0.18,41.98,43.87,43.09,45.03,-1102.01,-4327.01,4.01,63.1,42.1,0.1,-0.2
06/01/2026,1630,XLU,43.10,-1.32,-2.97%,43.90,43.96,43.07,32.12,0.18,0.19,46.0,44.36,43.26,45.78,-2103.01,-4307.01,5.01,54.1,85.3,-6.1,0.0
06/01/2026,1630,XLV,147.84,-1.63,-1.09%,148.52,148.88,147.26,51.8,0.14,0.16,150.95,142.67,144.41,152.28,12101.02,15135.03,3.15,20.1,35.1,12.2,2.9
06/01/2026,1630,XLY,118.19,-2.68,-2.22%,119.69,119.828,117.97,49.59,0.18,0.16,110.99,117.45,115.36,122.93,5101.02,12218.02,2.08,4.1,62.1,3.1,0.0
06/01/2026,1630,XOM,149.38,+4.12,+2.84%,147.02,149.65,147.00,45.91,0.34,0.34,147.66,146.0,142.07,161.89,-3105.02,-14471.02,8.02,81.1,96.2,0.0,-0.7
06/01/2026,1630,XOP,167.87,+3.88,+2.37%,166.71,170.67,166.67,47.5,0.36,0.36,155.65,166.72,160.02,177.94,-3107.02,-16189.02,22.02,74.1,92.3,-3.1,0.0
06/01/2026,1630,XPEV,17.20,+.75,+4.56%,17.13,17.6299,17.06,59.95,0.41,0.56,16.01,15.66,14.85,17.45,5205.01,1763.01,1.08,8.1,13.1,0.0,0.0
06/01/2026,1630,XRT,83.32,-.67,-0.80%,83.39,83.70,82.405,51.63,0.24,0.24,80.04,78.89,78.62,86.43,5207.02,8586.03,3.11,48.1,91.4,0.0,0.0
06/01/2026,1630,XTL,239.75,+1.08,+0.45%,236.39,240.91,235.00,64.6,0.27,0.27,179.35,219.92,221.09,249.1,4207.03,24515.03,3.09,76.1,38.1,4.2,0.1
06/01/2026,1630,XYL,108.33,-1.21,-1.10%,108.00,109.14,106.74,37.25,0.21,0.32,119.68,108.97,106.04,111.98,-1101.01,-10674.01,36.01,79.1,56.1,-16.3,0.0
06/01/2026,1630,XYZ,76.10,+.38,+0.50%,76.35,77.6238,75.53,64.25,0.41,0.5,62.74,68.69,66.91,76.83,4204.01,7762.01,1.05,37.1,40.1,0.0,-0.6
06/01/2026,1630,YCS,54.445,+.4479,+0.83%,54.2683,54.445,54.24,62.75,0.1,0.21,51.65,52.27,53.04,54.96,3214.09,-5159.18,23.18,62.1,1.1,2.9,20.9
06/01/2026,1630,YELP,23.46,+.66,+2.89%,22.84,23.68,22.51,44.85,0.6,0.39,23.08,21.07,20.41,24.34,2206.01,-2080.11,17.11,42.1,94.4,-18.5,0.0
06/01/2026,1630,YPF,54.74,+1.73,+3.26%,53.90,56.145,53.84,78.63,0.46,0.46,34.05,42.52,46.09,55.87,12210.01,5615.01,1.15,52.1,72.4,21.9,2.9
06/01/2026,1630,YUM,147.51,-.44,-0.30%,147.56,149.10,145.44,35.7,0.22,0.26,155.43,149.39,146.87,155.51,-2104.01,-14544.01,21.01,77.1,63.3,-5.5,-0.1
06/01/2026,1630,YUMC,42.91,+.48,+1.13%,43.00,43.46,42.64,26.78,0.19,0.33,51.08,45.91,41.41,46.21,-13117.02,-4242.02,18.02,49.1,6.1,-11.7,-17.8
06/01/2026,1630,ZG,36.44,+1.08,+3.05%,35.36,36.70,34.92,35.6,0.31,0.71,43.08,37.79,33.72,39.38,-11120.08,-3492.01,29.08,88.1,20.1,-20.7,0.0
06/01/2026,1630,ZM,111.62,+10.03,+9.87%,104.00,114.74,103.36,65.62,0.62,0.55,73.5,97.81,93.96,109.82,2202.01,11474.01,1.08,88.1,100.4,-2.5,0.4
06/01/2026,1630,ZS,155.71,+15.98,+11.44%,144.50,157.70,143.75,51.74,1.57,0.71,151.82,143.03,122.65,191.97,-3104.02,-13037.02,5.02,87.1,100.4,0.0,0.0
