Date,Time,Symbol,Last,Net Chng,%Change,Open,High,Low,RSI,HistoricalVolatility,ImpVolatility,A_TrendValue,A_TradeValue,A_BB_Bottom,A_BB_Top,A_BB_Streak,A_BBHighLow,A_BBHighLowDays,A_IVPercentile,A_HVPercentile,A_BB_Top_Slope,A_BB_Bot_Slope
05/22/2026,1630,$COMP,26343.9704,+50.8729,+0.19%,26381.564,26504.5505,26309.8002,67.59,0.15,NaN,22124.78,24913.12,25479.19,27047.37,1203.01,2670714.07,10.39,0.0,44.1,0.0,11.6
05/22/2026,1630,$DJI,50579.70,+294.04,+0.58%,50434.65,50830.24,50434.65,64.84,0.12,NaN,47626.85,48913.06,49127.09,50737.62,2203.01,5083024.01,1.03,0.0,53.1,2.5,2.6
05/22/2026,1630,$DXY,99.319,+.062,+0.06%,99.207,99.412,99.172,58.146,0.055,NaN,97.489,97.625,97.831,99.921,7209.02,9952.02,2.11,0.0,39.1,4.4,0.0
05/22/2026,1630,/6B[M26],1.3433,+.0008,+0.06%,1.3431,1.3463,1.3412,46.7059,0.0728,0.061,1.3253,1.3512,1.3276,1.3637,-5109.05,-133.05,10.05,13.1,75.2,0.0,-6.5
05/22/2026,1630,/6C[M26],.72410,-.0022,-0.30%,.72665,.72665,.72395,31.57969,0.03949,0.0417,0.7275,0.733,0.7226,0.73393,-10113.01,-72.01,13.01,7.1,25.1,-1.8,-2.0
05/22/2026,1630,/6E[M26],1.16175,-.00055,-0.05%,1.16290,1.16325,1.16005,39.64852,0.04721,0.0695,1.15375,1.1699,1.15466,1.18057,-7109.02,-116.02,9.02,45.1,22.1,0.0,-1.9
05/22/2026,1630,/6J[M26],.0062925,-.000005,-0.08%,.0063015,.0063050,.0062915,41.5894551,0.1003514,0.091,0.006337,0.006352,0.0062492,0.0063973,-4109.02,-1.02,12.04,40.1,65.4,0.0,0.0
05/22/2026,1630,/BTC[K26],75915,-1780.00,-2.29%,77650,77940,75590,44.0,0.0,0.0,63940.0,78545.0,74810.0,82249.0,-5106.0,-7559000.0,12.0,15.0,10.0,0.0,0.0
05/22/2026,1630,/BZ[N26],103.94,+1.36,+1.33%,104.52,106.35,101.38,48.67,0.56,NaN,69.16,96.07,98.13,112.93,3103.03,-9607.12,17.12,0.2,82.1,-1.1,0.0
05/22/2026,1630,/CL[N26],97.00,+.65,+0.67%,98.00,99.43,94.73,47.64,0.55,0.81,63.6,88.66,92.85,105.34,-2103.01,-8985.12,17.12,75.1,79.1,-3.7,0.5
05/22/2026,1630,/GC[M26],4510.5,-32.00,-0.70%,4544.2,4547.0,4488.0,39.6,0.2,0.2,5005.0,4510.1,4423.8,4766.6,-6106.0,-445500.0,9.0,33.1,53.1,-0.6,0.0
05/22/2026,1630,/HG[N26],6.3805,+.0865,+1.37%,6.3510,6.4085,6.3245,57.5616,0.3214,0.3197,5.747,5.82,6.0254,6.8392,-1106.05,672.08,8.14,63.1,54.2,0.2,0.4
05/22/2026,1630,/NG[M26],2.921,-.097,-3.21%,3.000,3.010,2.888,52.9,0.443,0.406,2.775,2.676,2.72,3.175,13101.03,314.03,3.21,7.1,17.1,9.7,6.5
05/22/2026,1630,/NKD[M26],63300,+1110.00,+1.78%,62200,63810,62090,62.0,0.0,NaN,53620.0,59150.0,60086.0,64958.0,-3201.0,-5935500.0,10.0,0.0,51.0,0.0,2.0
05/22/2026,1630,/SI[N26],75.915,-.817,-1.06%,77.015,77.415,75.265,46.526,0.632,0.508,78.06,72.6,69.013,89.221,-3106.03,8917.07,7.17,48.1,78.1,0.0,-0.9
05/22/2026,1630,AAAU,44.44,-.34,-0.76%,44.59,44.64,44.27,39.9,0.21,0.19,49.29,44.4,43.48,47.03,-5107.02,-4405.03,59.03,37.1,47.1,-1.2,0.0
05/22/2026,1630,AAL,13.85,+.26,+1.91%,13.71,14.18,13.58,66.6,0.49,0.59,11.77,11.65,11.85,14.09,2203.01,1418.01,1.18,77.1,55.1,0.3,5.4
05/22/2026,1630,AAPL,308.82,+3.83,+1.26%,306.12,311.40,305.84,78.36,0.19,0.25,260.13,274.86,290.42,316.13,10219.01,31140.01,8.34,12.1,27.1,5.8,18.8
05/22/2026,1630,ABBV,215.70,+1.20,+0.56%,217.00,220.01,215.70,61.35,0.24,0.28,221.13,202.03,201.84,219.23,7209.01,22001.01,1.18,46.1,37.1,2.0,6.7
05/22/2026,1630,ABNB,132.35,-1.90,-1.42%,134.755,136.11,131.7301,43.37,0.24,0.37,125.82,138.23,127.93,141.24,-14102.02,-13015.02,10.02,35.1,38.1,-1.4,-4.6
05/22/2026,1630,ABR,5.57,-.17,-2.96%,5.74,5.76,5.50,27.08,0.76,0.47,7.11,7.81,4.34,7.08,-6111.06,-550.01,12.07,37.1,100.4,-8.0,-17.6
05/22/2026,1630,ABT,87.41,-.36,-0.41%,87.92,88.84,87.05,41.56,0.28,0.33,112.03,86.15,82.6,90.25,2205.01,8934.04,4.1,93.2,76.4,-2.4,0.0
05/22/2026,1630,ACHC,23.18,+.16,+0.70%,23.07,23.60,22.78,38.2,0.66,0.62,20.31,24.34,21.91,26.84,-4106.01,-2243.02,15.02,11.1,63.2,-4.7,-8.3
05/22/2026,1630,ACHR,6.36,+.24,+3.92%,6.19,6.43,6.145,56.49,0.57,0.83,6.51,5.57,5.65,6.77,-5201.02,-559.02,8.02,33.1,25.1,0.0,0.3
05/22/2026,1630,ACI,16.21,-.06,-0.37%,16.51,16.61,16.1345,44.17,0.29,0.33,16.85,15.87,15.7,17.26,-1102.02,-1593.02,3.02,62.1,62.1,0.1,-0.2
05/22/2026,1630,ADBE,244.76,+.66,+0.27%,245.89,249.77,242.71,47.79,0.34,0.55,250.7,247.34,233.7,260.96,2102.04,26509.04,4.07,90.2,71.1,0.7,0.0
05/22/2026,1630,ADYEY,11.030,+.10,+0.91%,11.070,11.215,11.020,53.37,0.29,NaN,10.69,10.75,10.07,11.5,1204.04,-1023.06,13.07,0.0,42.1,-0.1,0.0
05/22/2026,1630,AFK,26.89,-.05,-0.19%,26.96,27.00,26.65,45.9,0.3,0.45,26.66,26.49,25.67,28.98,-4106.02,-2631.04,10.04,79.4,69.1,0.0,0.0
05/22/2026,1630,AFRM,65.22,-1.96,-2.92%,68.05,69.8776,64.00,54.02,0.48,0.63,43.73,64.26,63.16,68.19,-1101.01,6988.01,1.03,20.1,15.1,-0.5,1.1
05/22/2026,1630,AGCO,112.84,+.75,+0.67%,112.50,113.85,111.36,44.15,0.43,0.41,129.39,113.17,108.5,120.31,-6108.02,-10825.02,12.02,63.1,87.4,-1.7,-3.1
05/22/2026,1630,AHR,50.19,+.06,+0.12%,50.40,50.40,49.20,49.6,0.29,0.32,51.31,48.94,49.12,52.06,-1102.01,-4920.01,7.01,25.1,83.4,1.0,0.0
05/22/2026,1630,AIQUY,41.8800,-.07,-0.17%,42.1350,42.3080,41.7000,51.55,0.3,NaN,39.8,41.03,39.92,42.52,2203.01,4231.01,1.12,0.0,96.4,-3.5,0.0
05/22/2026,1630,AKAM,147.23,+.99,+0.68%,146.52,148.08,145.51,64.09,1.02,0.54,95.37,104.08,132.36,180.85,-1105.04,16545.08,8.29,74.1,99.4,4.4,10.0
05/22/2026,1630,ALB,171.58,+1.68,+0.99%,171.59,175.21,169.32,39.55,0.53,0.65,157.26,187.33,156.84,207.86,-6107.02,-16714.03,8.03,52.1,27.1,0.0,-2.9
05/22/2026,1630,ALCO,41.31,+.46,+1.13%,40.92,41.36,40.92,51.58,0.2,NaN,40.19,39.96,40.14,41.66,1203.01,-4011.03,9.03,0.0,34.1,-0.6,0.0
05/22/2026,1630,ALGN,163.61,+.57,+0.35%,162.90,165.48,161.17,43.3,0.38,0.43,176.14,167.77,151.76,172.64,-11203.03,-15158.03,24.03,34.1,51.1,-5.3,-1.7
05/22/2026,1630,ALLY,42.35,-.40,-0.94%,42.81,42.94,42.23,48.45,0.3,0.35,37.85,42.97,40.59,44.23,-8101.03,-4062.03,24.03,36.1,61.1,-1.8,-3.7
05/22/2026,1630,ALNY,297.45,-3.06,-1.02%,299.12,303.3299,294.99,47.0,0.32,0.39,315.2,288.06,283.76,303.97,3204.01,30333.01,1.1,20.1,37.1,-0.6,0.0
05/22/2026,1630,AMAT,432.16,+4.80,+1.12%,434.345,438.125,430.29,57.93,0.54,0.59,348.59,385.65,398.68,457.65,1203.01,44845.1,10.18,74.1,75.2,0.0,2.0
05/22/2026,1630,AMBA,87.55,+3.91,+4.67%,84.57,89.40,84.14,75.05,0.53,0.98,56.06,69.43,73.62,89.75,2203.01,8940.01,1.36,97.4,41.2,1.2,8.6
05/22/2026,1630,AMD,467.51,+17.92,+3.99%,469.84,481.41,461.71,72.59,0.9,0.71,188.22,338.7,387.92,521.89,1203.01,48141.01,10.39,90.3,88.4,1.8,8.0
05/22/2026,1630,AMG,301.96,-.67,-0.22%,303.53,306.47,295.78,55.15,0.24,0.38,296.45,291.71,294.32,308.43,-5203.01,-29578.01,1.01,73.1,33.1,0.0,3.3
05/22/2026,1630,AMH,32.27,+.16,+0.50%,32.24,32.445,31.97,60.88,0.25,0.3,29.19,31.66,30.85,32.8,2205.01,-3089.05,12.05,49.1,90.4,0.0,3.8
05/22/2026,1630,AMLP,54.52,+.34,+0.63%,54.16,54.61,53.95,59.77,0.16,0.17,50.98,52.21,52.93,55.24,5207.02,5488.02,2.26,90.2,92.4,1.1,3.8
05/22/2026,1630,AMN,27.66,+2.01,+7.84%,25.90,27.69,25.84,60.63,1.1,0.63,18.67,20.36,22.85,34.81,-1104.03,3117.07,8.13,6.1,100.4,1.6,6.1
05/22/2026,1630,AMPH,18.41,+.25,+1.38%,18.25,18.44,17.93,41.82,0.96,0.78,19.56,21.72,14.12,22.05,-7201.05,-1665.05,12.07,74.2,89.4,-0.3,-10.9
05/22/2026,1630,AMZN,266.32,-2.14,-0.80%,268.655,269.785,266.235,57.98,0.2,0.31,202.48,268.8,258.21,274.72,-6101.02,-25953.03,14.03,23.1,7.1,-0.3,0.0
05/22/2026,1630,AN,189.98,+3.55,+1.90%,185.95,191.92,185.95,44.52,0.35,0.35,184.58,199.26,171.58,206.75,-10201.03,-17662.03,16.03,52.1,92.4,-5.0,-17.1
05/22/2026,1630,AQWA,18.675,+.12,+0.65%,18.565,18.78,18.565,41.49,0.17,0.21,19.89,18.92,18.11,19.29,-9119.03,-1825.03,31.03,63.1,80.1,-5.7,-13.8
05/22/2026,1630,AR,36.75,-.29,-0.78%,36.72,37.02,36.29,43.21,0.32,0.41,33.53,35.63,35.02,39.58,-1102.01,-3584.09,17.09,33.1,18.1,-0.3,0.0
05/22/2026,1630,ARE,48.37,+.52,+1.09%,47.94,48.52,47.67,58.51,0.61,0.46,49.5,40.21,43.71,50.52,2214.07,-4004.16,25.16,60.1,88.4,1.0,11.7
05/22/2026,1630,ARGT,90.40,-1.66,-1.80%,92.37,92.4479,90.22,49.52,0.32,0.3,83.46,89.74,86.38,93.43,2203.01,9245.01,1.05,39.1,67.2,0.0,-1.9
05/22/2026,1630,ARHS,6.32,-.07,-1.10%,6.36,6.50,6.31,44.6,0.64,0.55,7.32,6.8,5.07,7.24,1202.01,-557.03,23.08,8.1,80.2,-8.9,-5.6
05/22/2026,1630,ARKK,76.40,-.22,-0.29%,76.95,77.778,76.2901,51.22,0.33,0.39,69.91,76.33,72.94,80.13,-4106.03,-7367.03,10.03,17.1,34.1,0.0,0.0
05/22/2026,1630,ARQQ,17.49,+1.04,+6.32%,16.76,19.00,16.49,65.01,1.07,1.25,15.31,13.95,11.85,17.5,2202.01,1900.01,1.03,70.2,71.2,0.0,-1.1
05/22/2026,1630,AS,35.26,-.07,-0.20%,35.43,35.50,34.90,53.24,0.42,0.5,35.21,33.91,31.86,37.21,1203.04,-3261.07,11.07,32.1,55.1,0.0,-0.6
05/22/2026,1630,ASBFF,25.76,0,0.00%,0,0,0,47.51,1.44,NaN,NaN,26.59,NaN,NaN,NaN,0.0,0.0,NaN,NaN,NaN,NaN
05/22/2026,1630,ASO,52.52,+1.49,+2.92%,51.18,52.99,51.18,48.35,0.4,0.56,57.31,51.54,48.25,54.34,-16202.03,-4831.04,26.03,78.2,36.1,-7.4,-1.9
05/22/2026,1630,ATRO,80.86,+.97,+1.21%,81.03,82.40,78.87,56.45,0.62,0.55,69.72,70.33,73.56,86.58,4214.02,8627.03,3.17,44.1,73.2,3.6,4.7
05/22/2026,1630,AVB,185.65,+1.54,+0.84%,185.12,186.62,183.58,58.63,0.25,0.21,174.37,182.01,181.7,188.95,-3201.02,-18050.02,17.02,15.1,81.4,-0.1,6.8
05/22/2026,1630,AVGO,414.14,-.43,-0.10%,417.49,419.99,410.21,53.07,0.4,0.57,307.2,406.3,406.16,436.75,-5105.01,-41021.01,7.01,80.2,53.2,0.0,1.0
05/22/2026,1630,AVO,11.92,-.02,-0.17%,11.94,12.015,11.73,33.37,0.33,0.52,13.83,13.17,11.19,13.43,-8115.05,-1173.01,32.08,74.4,56.1,-5.0,-8.8
05/22/2026,1630,AVTR,8.12,+.25,+3.18%,7.84,8.13,7.81,53.04,0.39,0.6,8.43,7.73,7.44,8.44,-6201.03,-742.03,12.03,66.1,40.2,-0.2,-0.1
05/22/2026,1630,AWI,157.42,+.27,+0.17%,157.09,157.85,155.17,40.02,0.3,0.34,166.26,162.42,150.44,165.57,-8120.03,-15198.04,29.04,81.1,79.1,-6.6,-1.7
05/22/2026,1630,AXP,311.78,+2.08,+0.67%,313.28,314.425,310.65,46.22,0.17,0.29,299.75,314.5,304.6,319.37,-11112.02,-30561.02,26.02,26.1,1.1,-2.6,-0.8
05/22/2026,1630,AZO,3406.50,-31.68,-0.92%,3421.40,3496.76,3382.46,45.33,0.3,0.42,3561.57,3460.0,3260.11,3550.74,1203.01,-328000.05,16.05,98.3,82.1,-5.0,-2.7
05/22/2026,1630,B,40.68,-.60,-1.45%,41.185,41.185,40.26,46.81,0.57,0.45,44.83,38.21,37.6,47.27,-2106.04,4662.09,9.18,37.1,90.4,0.0,0.4
05/22/2026,1630,BA,219.02,-.59,-0.27%,220.85,221.11,217.165,44.85,0.36,0.36,221.11,221.04,209.0,241.39,-5107.02,-21572.02,7.03,61.1,79.3,0.0,-1.4
05/22/2026,1630,BABA,130.00,-1.47,-1.12%,126.925,130.75,126.925,44.08,0.5,0.42,132.72,132.17,126.27,144.58,-3106.01,-12693.01,8.01,28.1,73.4,0.0,0.0
05/22/2026,1630,BAC,51.80,+.31,+0.60%,51.69,52.15,51.645,52.67,0.21,0.28,48.5,52.0,48.73,53.38,1203.01,-4930.06,12.06,19.1,49.1,-1.7,-1.1
05/22/2026,1630,BALL,56.51,+.16,+0.28%,56.47,56.60,55.45,40.78,0.33,0.28,64.14,57.06,53.45,59.36,-8201.06,-5458.04,26.14,34.1,88.4,-10.7,-4.4
05/22/2026,1630,BBN,15.70,+.11,+0.71%,15.61,15.75,15.60,38.92,0.1,NaN,16.44,15.98,15.34,16.19,-6109.03,-1551.03,9.03,0.0,65.2,-0.6,-14.6
05/22/2026,1630,BBWI,17.76,+.44,+2.54%,17.35,17.79,17.22,45.76,0.56,0.74,21.18,18.29,15.4,19.91,-6201.03,-1574.03,23.03,92.3,73.1,0.0,-6.0
05/22/2026,1630,BBY,61.63,+.48,+0.78%,61.20,62.33,61.19,56.29,0.33,0.53,60.51,56.68,55.32,62.5,4205.01,6233.01,1.07,87.3,45.2,0.0,0.0
05/22/2026,1630,BCO,104.75,-.04,-0.04%,104.96,105.81,101.0001,46.42,0.35,0.28,107.87,103.03,101.83,108.75,-14102.01,-10100.01,24.01,43.1,75.1,-0.6,-0.2
05/22/2026,1630,BDRY,12.675,+.175,+1.40%,12.53,12.755,12.53,58.15,0.4,0.47,11.25,11.57,11.73,13.66,-1104.03,1333.08,8.21,6.1,48.1,0.0,0.0
05/22/2026,1630,BEAM,28.64,+.97,+3.51%,27.695,29.14,27.63,48.71,0.73,0.67,26.66,28.5,24.72,32.96,-6107.02,-2604.02,10.02,32.1,49.3,0.0,-2.5
05/22/2026,1630,BEPC,37.50,-.12,-0.32%,37.79,38.06,37.42,47.54,0.55,0.45,40.38,34.4,35.88,38.24,1203.01,3806.01,1.04,78.2,93.4,-8.5,3.8
05/22/2026,1630,BIDU,127.79,-3.39,-2.58%,127.55,129.27,126.57,45.87,0.65,0.51,115.6,125.38,123.43,150.92,-3106.01,-12657.01,8.01,57.1,91.4,0.0,4.3
05/22/2026,1630,BIO,287.74,+1.00,+0.35%,287.49,291.465,286.20,61.32,0.62,0.35,267.82,251.79,237.61,301.46,5205.01,29146.01,2.14,20.1,90.4,0.0,0.0
05/22/2026,1630,BIP,39.64,-.11,-0.28%,40.02,40.1199,39.58,68.46,0.23,0.3,38.33,35.14,37.07,40.75,10214.01,4017.02,2.17,55.1,81.1,14.0,10.9
05/22/2026,1630,BIRK,41.38,+1.71,+4.31%,39.67,41.85,38.69,60.85,0.98,0.5,38.4,36.78,29.7,42.83,2202.01,4185.01,1.05,44.1,100.4,0.0,-9.1
05/22/2026,1630,BITO,10.35,-.25,-2.36%,10.54,10.555,10.32,44.34,0.28,0.4,8.99,10.74,10.19,11.24,-6106.01,-1032.01,13.01,13.1,3.1,0.0,0.0
05/22/2026,1630,BJ,86.64,-7.79,-8.25%,89.79,89.92,85.13,33.73,0.39,0.33,95.88,91.9,88.11,99.01,-2102.01,-8513.01,4.01,39.2,96.1,0.3,0.0
05/22/2026,1630,BJRI,44.56,+.16,+0.36%,44.50,45.47,44.22,70.79,0.35,0.27,35.05,36.29,40.01,47.17,4214.09,4547.01,10.13,1.1,42.1,11.1,3.4
05/22/2026,1630,BK,137.16,0,0.00%,0,0,0,64.52,0.16,0.29,114.11,131.17,130.78,138.55,6207.01,13863.01,1.1,68.1,29.1,0.0,0.5
05/22/2026,1630,BKNG,161.06,+1.38,+0.86%,159.18,162.80,159.00,44.44,0.33,0.4,161.12,164.05,147.06,170.01,1202.01,-15014.03,26.08,77.2,67.1,-7.9,-1.5
05/22/2026,1630,BKV,28.29,-.26,-0.91%,28.78,28.895,28.10,45.3,0.43,0.55,28.13,27.66,25.97,31.24,-6102.07,-2742.07,17.1,63.1,55.2,-3.2,-1.2
05/22/2026,1630,BLDR,74.15,+.29,+0.39%,73.91,74.99,71.93,44.12,0.59,0.61,94.17,73.4,65.65,79.73,-8202.02,-6510.03,24.03,80.2,98.2,-8.0,0.0
05/22/2026,1630,BLK,1073.00,+9.25,+0.87%,1070.78,1079.99,1065.19,54.15,0.26,0.29,1029.0,1047.52,1035.19,1111.52,-3104.02,-104512.02,7.02,70.1,58.1,0.0,0.0
05/22/2026,1630,BLMN,7.815,+.065,+0.84%,7.83,8.14,7.73,60.45,1.29,0.82,5.6,5.53,6.81,9.73,-1105.04,873.1,10.15,57.1,87.4,1.4,6.7
05/22/2026,1630,BLOK,63.92,-.38,-0.59%,64.47,64.92,63.70,58.0,0.38,0.4,51.34,60.4,60.4,66.76,1202.01,-5961.04,10.04,48.1,48.1,0.0,4.8
05/22/2026,1630,BNDD,97.8166,+.6225,+0.64%,97.8166,97.8166,97.8166,53.45,0.07,0.16,97.0,97.37,95.95,98.4,1202.02,-9619.04,13.04,48.1,12.1,0.1,-10.7
05/22/2026,1630,BNO,55.00,-.56,-1.01%,55.16,55.88,54.04,51.24,0.56,0.84,33.15,50.82,52.07,60.2,-1103.01,5949.05,5.12,86.1,84.1,-0.2,1.5
05/22/2026,1630,BOOT,154.65,+.16,+0.10%,154.86,156.00,151.25,49.2,0.52,0.51,177.55,160.77,128.59,170.0,1202.01,-13753.04,12.07,42.1,86.2,-0.5,-8.3
05/22/2026,1630,BP,44.36,-.51,-1.14%,44.49,44.80,44.01,45.23,0.26,0.33,37.27,43.4,42.66,46.81,1101.04,-4322.11,17.11,67.1,56.1,-3.2,0.0
05/22/2026,1630,BRBR,8.91,-.14,-1.55%,8.96,9.235,8.84,25.48,1.82,0.96,16.93,9.22,3.45,10.24,2204.01,924.01,1.11,95.3,99.4,-34.0,-16.0
05/22/2026,1630,BRCB,6.81,+.23,+3.50%,6.74,7.105,6.66,22.25,1.33,0.91,11.71,11.3,4.14,10.52,-13124.05,-613.02,26.06,NaN,NaN,-23.5,-26.2
05/22/2026,1630,BRKR,45.69,+.71,+1.58%,45.09,45.90,45.025,66.91,0.57,0.47,37.58,35.74,40.25,49.41,1203.01,4590.01,10.17,15.1,67.4,1.8,15.2
05/22/2026,1630,BROS,52.12,-1.34,-2.51%,54.00,54.33,51.80,46.95,0.55,0.5,49.37,51.55,46.63,58.08,1101.02,-4832.08,13.08,22.1,64.2,-1.9,0.0
05/22/2026,1630,BTAL,12.20,-.04,-0.33%,12.22,12.25,12.11,43.42,0.26,0.46,13.6,11.81,11.77,12.66,4101.03,1261.03,3.1,78.3,88.4,0.0,0.0
05/22/2026,1630,BTC,33.53,-.81,-2.36%,34.15,34.18,33.43,44.85,0.28,0.36,28.81,34.72,33.02,36.36,-6106.01,-3343.01,13.01,12.1,4.1,0.0,0.0
05/22/2026,1630,BTC-USD,-61.67,-.86,+1.41%,-62.79,-60.21,-64.10,35.12,1.11,0.61,-32.36,-55.69,-75.06,-49.41,-19202.07,7014.07,38.07,49.1,20.1,-9.3,-2.4
05/22/2026,1630,BTI,65.36,-.37,-0.56%,65.11,65.715,65.07,63.9,0.33,0.31,59.42,58.05,59.98,70.61,11210.05,6730.07,7.24,84.2,98.4,18.1,11.5
05/22/2026,1630,BUD,83.45,+.09,+0.11%,83.52,83.71,83.01,71.71,0.36,0.24,74.67,73.33,79.89,87.91,-1101.04,8371.01,12.22,35.1,88.4,6.2,25.2
05/22/2026,1630,BULL,6.18,-.43,-6.51%,6.50,6.57,6.06,37.05,0.46,0.75,5.58,6.98,6.32,7.48,-9106.01,-606.01,7.01,10.1,12.1,-0.4,0.0
05/22/2026,1630,BURL,324.51,+8.47,+2.68%,316.04,324.97,314.16,58.62,0.42,0.48,288.96,303.12,276.95,327.26,2203.01,32497.01,1.08,84.2,81.2,0.0,-0.2
05/22/2026,1630,BUXX,20.26,0,0.00%,20.25,20.27,20.25,55.42,0.02,NaN,20.24,20.2,20.21,20.27,3208.01,2027.01,1.04,0.0,36.3,-3.9,1.5
05/22/2026,1630,BXP,60.29,+.16,+0.27%,60.28,60.43,59.7101,60.61,0.23,0.35,53.36,57.91,58.46,60.94,1203.02,6043.01,2.03,64.1,19.1,0.0,3.0
05/22/2026,1630,BYD,79.31,-.34,-0.43%,79.79,79.86,79.04,39.19,0.27,0.3,78.44,81.78,75.18,85.48,-11110.02,-7732.03,19.06,58.1,61.3,-7.0,-10.3
05/22/2026,1630,BYDDF,11.6850,+.095,+0.82%,11.5937,11.7500,11.5300,32.26,0.31,NaN,11.91,11.95,11.1,13.28,-15124.01,-1148.02,27.02,0.0,21.1,-1.7,-7.8
05/22/2026,1630,C,125.09,-.13,-0.10%,125.985,126.49,124.88,51.08,0.24,0.31,106.2,124.6,119.98,128.97,1203.01,-11989.03,11.03,19.1,43.1,0.0,-7.0
05/22/2026,1630,CACC,544.80,-3.18,-0.58%,547.28,552.69,542.65,58.92,0.32,0.52,461.67,498.5,515.32,572.17,7214.03,56294.03,5.36,83.1,22.1,5.7,6.0
05/22/2026,1630,CAG,13.56,+.18,+1.35%,13.40,13.66,13.39,38.85,0.26,0.39,18.31,13.61,13.24,14.28,-2103.01,-1339.01,7.01,91.2,43.1,-1.3,-3.2
05/22/2026,1630,CAH,200.68,+.07,+0.03%,201.98,202.77,199.69,53.13,0.33,0.27,221.74,185.01,181.22,208.32,4207.03,20398.04,4.11,33.1,77.4,0.0,0.0
05/22/2026,1630,CAKE,61.14,+.57,+0.94%,60.63,61.78,60.00,53.68,0.39,0.37,60.08,58.7,57.15,62.69,1203.01,-5724.07,13.07,18.1,79.2,-2.4,0.0
05/22/2026,1630,CAMT,167.37,+6.78,+4.22%,162.00,167.49,160.15,45.82,0.92,0.73,155.77,178.9,137.05,204.61,-7109.03,-14757.04,10.04,79.1,100.4,0.0,-13.8
05/22/2026,1630,CANE,9.90,-.15,-1.49%,9.87,9.92,9.855,50.01,0.28,0.35,9.19,9.71,9.7,10.28,-1101.06,1033.14,14.3,71.3,95.3,0.0,8.4
05/22/2026,1630,CARR,63.14,+.96,+1.54%,62.60,63.95,61.915,48.96,0.49,0.41,60.27,64.08,60.61,67.75,-5106.01,-6112.02,12.02,69.1,87.3,0.0,0.0
05/22/2026,1630,CASY,825.02,+.22,+0.03%,825.00,834.20,813.54,50.57,0.31,0.43,658.05,831.36,818.88,886.79,-3106.01,-81354.01,14.01,100.4,85.4,0.0,8.8
05/22/2026,1630,CAT,879.89,+13.94,+1.61%,878.00,893.8399,861.06,55.55,0.47,0.39,706.6,869.59,844.26,931.7,-6106.01,-85706.03,12.03,67.1,91.4,0.0,7.9
05/22/2026,1630,CAVA,80.42,-.85,-1.05%,82.50,84.2499,80.16,45.27,0.52,0.56,74.81,81.9,68.84,89.01,1203.03,8888.03,3.08,32.1,62.1,-6.1,-0.2
05/22/2026,1630,CBRL,32.39,+.60,+1.89%,32.00,33.19,31.885,59.77,0.56,0.7,30.3,28.5,28.39,32.95,2203.01,3319.01,1.03,74.2,68.2,0.0,-0.3
05/22/2026,1630,CCK,96.71,+.25,+0.26%,96.15,97.21,95.155,40.51,0.22,0.3,109.84,98.11,94.0,101.53,-6107.01,-9464.02,10.02,52.1,34.1,-0.4,0.0
05/22/2026,1630,CCL,25.98,-.20,-0.76%,26.30,26.50,25.82,49.8,0.53,0.6,27.11,25.25,23.59,27.35,1203.01,-2345.03,26.03,90.1,71.1,0.0,-3.3
05/22/2026,1630,CCRN,13.05,0,0.00%,13.06,13.08,13.02,75.97,0.95,1.54,8.56,10.06,12.05,15.24,-1103.03,1318.05,10.69,86.4,93.4,15.3,28.5
05/22/2026,1630,CELH,30.12,+.42,+1.41%,29.70,30.34,29.24,42.14,0.53,0.58,45.55,31.8,25.85,33.68,-7201.07,-2780.07,11.07,42.1,63.1,-0.2,-7.7
05/22/2026,1630,CF,121.70,+.01,+0.01%,120.68,123.16,119.75,48.16,0.53,0.52,94.23,113.31,115.2,131.05,2103.08,13002.08,8.1,81.1,81.1,0.1,0.0
05/22/2026,1630,CFG,62.89,+.11,+0.18%,62.77,63.405,62.62,50.88,0.22,0.3,58.59,63.34,59.26,65.16,1203.01,-5975.06,12.06,35.1,28.1,0.0,-2.0
05/22/2026,1630,CFLT,30.99,0,0.00%,0,0,0,73.35,0.04,0.16,29.95,30.6,30.58,30.94,1201.01,3100.01,1.27,19.4,14.1,0.0,0.0
05/22/2026,1630,CFRUY,19.7300,-.369,-1.84%,19.6600,19.8799,19.5800,52.34,0.39,NaN,17.92,18.37,18.85,20.9,3101.11,2044.11,11.18,0.0,86.3,0.0,6.6
05/22/2026,1630,CG,45.43,+.30,+0.66%,45.20,45.69,45.04,37.6,0.36,0.44,49.2,48.53,43.16,51.31,-6106.02,-4423.02,13.02,56.1,65.1,-1.2,-0.2
05/22/2026,1630,CHD,96.25,+.61,+0.64%,96.07,96.615,95.58,53.97,0.26,0.26,101.64,90.66,91.99,98.16,4208.03,9774.04,4.09,52.1,87.4,0.0,0.0
05/22/2026,1630,CHDN,85.12,-.41,-0.48%,85.42,86.005,85.00,38.03,0.32,0.37,85.84,88.57,81.52,91.11,-5115.1,-8376.02,19.1,71.1,68.3,-23.1,0.0
05/22/2026,1630,CHEF,76.46,-1.62,-2.07%,78.44,79.09,76.15,54.55,0.65,0.31,60.2,76.37,75.87,81.9,-5106.01,-7615.01,15.01,0.1,96.4,0.0,11.6
05/22/2026,1630,CHH,113.12,+1.63,+1.46%,111.00,114.61,110.21,57.82,0.7,0.37,101.2,96.9,100.83,115.65,4209.01,11461.01,1.14,92.4,98.4,-1.9,0.0
05/22/2026,1630,CHPT,7.02,+.19,+2.78%,6.90,7.1414,6.87,62.34,0.55,1.06,6.12,6.09,6.02,7.07,1202.01,714.01,1.02,66.2,33.1,0.0,0.0
05/22/2026,1630,CHRD,143.98,+1.13,+0.79%,142.31,144.76,140.00,53.94,0.38,0.48,101.54,132.82,135.42,152.91,4102.03,15145.04,4.12,92.2,67.1,0.0,1.0
05/22/2026,1630,CHTR,145.15,-3.75,-2.52%,150.00,150.54,142.48,33.43,0.56,0.54,225.0,156.0,131.27,161.09,-1101.06,15537.07,8.17,70.2,84.4,-2.1,0.0
05/22/2026,1630,CHWY,20.73,+.80,+4.01%,19.97,20.79,19.90,35.05,0.5,0.72,24.99,23.2,18.23,23.59,-12122.03,-1930.03,24.03,91.4,72.1,-20.9,-18.2
05/22/2026,1630,CI,286.24,+4.22,+1.50%,284.08,286.555,281.96,51.7,0.31,0.28,271.78,274.01,274.17,301.86,-1103.02,30090.07,7.38,18.1,70.2,0.0,0.0
05/22/2026,1630,CLOX,25.61,+.025,+0.10%,25.61,25.62,25.60,59.94,0.02,NaN,25.39,25.48,25.53,25.63,4207.01,2562.01,1.13,0.0,72.2,-1.0,0.0
05/22/2026,1630,CLOZ,26.48,+.05,+0.19%,26.39,26.525,26.38,67.78,0.02,NaN,25.23,26.16,26.34,26.53,3212.01,2653.01,1.34,0.0,34.1,0.0,1.0
05/22/2026,1630,CLX,95.11,-.06,-0.06%,95.30,95.73,94.445,50.46,0.48,0.34,116.3,84.7,87.16,98.0,2208.02,9616.02,2.14,71.1,97.4,0.0,0.0
05/22/2026,1630,CMCSA,25.205,+.125,+0.50%,25.13,25.35,24.91,37.59,0.21,0.35,30.27,26.11,23.64,26.53,-1201.06,-2453.08,21.17,62.1,31.4,-3.3,-2.7
05/22/2026,1630,CMG,32.89,+.09,+0.27%,32.69,32.94,32.40,47.86,0.32,0.38,35.46,31.72,32.06,33.88,-2101.01,3395.04,4.15,38.1,51.1,0.0,0.2
05/22/2026,1630,CMI,639.55,+2.77,+0.44%,647.91,656.15,628.09,44.94,0.46,0.38,552.1,653.74,624.75,727.46,-4105.01,-62809.01,12.01,85.2,92.2,0.0,0.0
05/22/2026,1630,CNA,44.05,-.28,-0.63%,44.46,44.485,44.02,41.74,0.34,NaN,46.93,42.77,42.7,44.87,2205.01,-4248.08,16.12,30.1,98.4,-15.9,0.0
05/22/2026,1630,CNC,59.14,+1.37,+2.37%,58.39,59.20,58.11,76.17,0.59,0.41,42.28,52.0,54.38,62.28,1201.03,6076.03,17.5,12.1,73.2,0.0,0.0
05/22/2026,1630,CNH,10.11,-.04,-0.39%,10.21,10.285,10.10,40.72,0.38,0.39,11.68,10.07,9.93,11.03,-5107.01,-990.02,9.02,51.1,77.1,0.0,0.0
05/22/2026,1630,CNX,35.31,-.24,-0.68%,35.28,35.64,35.17,37.22,0.28,0.41,37.31,35.51,34.24,37.79,-10102.08,-3510.08,18.1,73.1,39.1,-3.9,0.0
05/22/2026,1630,COAL,24.61,-.17,-0.69%,24.59,24.935,24.59,39.77,0.21,0.31,24.32,25.27,24.02,25.82,-9109.04,-2450.03,14.05,13.1,8.1,-2.6,-5.4
05/22/2026,1630,COCO,76.04,-2.79,-3.54%,79.06,79.6299,75.36,68.55,0.95,0.52,51.48,65.64,68.22,84.21,1101.04,7970.05,16.21,44.1,96.4,0.0,0.0
05/22/2026,1630,COF,187.79,+1.13,+0.61%,187.47,188.395,186.56,48.06,0.24,0.33,188.3,188.85,179.47,193.14,1203.01,-18000.03,26.03,39.1,27.1,-1.8,-2.4
05/22/2026,1630,COIN,184.99,-8.57,-4.43%,194.02,195.59,184.60,44.47,0.67,0.7,169.75,190.32,179.17,212.28,-4106.01,-18460.01,7.02,50.1,48.1,0.0,0.0
05/22/2026,1630,COM,34.42,-.02,-0.06%,34.46,34.54,34.3703,51.07,0.14,0.16,31.54,34.02,34.02,35.47,-1103.06,3562.08,8.31,63.1,92.4,0.0,2.0
05/22/2026,1630,COP,120.46,-.09,-0.07%,120.05,121.59,119.60,48.38,0.32,0.34,108.11,114.05,113.01,127.7,3206.03,-11380.1,17.1,56.1,76.3,-0.3,0.0
05/22/2026,1630,COPJ,41.96,+.16,+0.38%,41.67,42.15,41.18,48.08,0.51,0.51,44.37,39.45,38.85,47.57,-2106.04,4753.08,8.17,69.1,74.1,0.0,0.0
05/22/2026,1630,COPX,83.35,+.33,+0.40%,83.40,83.82,82.03,50.58,0.52,0.5,83.4,76.53,76.41,93.52,-2106.04,9277.08,8.18,67.1,79.1,0.0,0.1
05/22/2026,1630,CORN,18.36,+.05,+0.27%,18.37,18.48,18.31,47.18,0.23,0.26,17.56,18.2,17.97,19.07,-2103.06,-1812.06,16.06,87.1,100.4,-1.4,0.0
05/22/2026,1630,COST,1028.24,-22.21,-2.11%,1039.99,1045.64,1025.19,50.27,0.24,0.27,983.53,990.66,990.84,1103.38,-1101.01,108974.03,3.1,81.2,98.2,14.4,0.9
05/22/2026,1630,CP,86.26,-.45,-0.52%,86.99,87.14,86.19,55.3,0.27,0.26,85.05,82.65,84.45,88.3,4101.02,8762.02,2.36,62.1,86.4,0.0,4.7
05/22/2026,1630,CPAY,347.90,+.44,+0.13%,348.57,354.41,344.905,63.12,0.51,0.39,316.36,298.46,308.15,373.16,5211.04,35497.04,4.17,64.1,89.4,14.0,2.4
05/22/2026,1630,CPER,38.92,+.34,+0.88%,38.65,38.96,38.4701,57.89,0.33,0.32,35.22,35.33,36.96,41.82,-1106.06,4078.08,8.15,63.2,65.2,2.1,3.8
05/22/2026,1630,CPNG,16.12,+.39,+2.48%,15.75,16.245,15.74,36.34,0.64,0.5,17.86,16.89,13.15,18.19,1202.01,-1503.03,26.09,73.1,93.4,-17.0,-9.7
05/22/2026,1630,CPRI,18.48,+.10,+0.54%,18.51,18.73,18.38,49.59,0.42,0.78,18.33,18.28,16.49,19.21,1203.01,-1681.03,24.08,95.4,37.1,-4.3,0.0
05/22/2026,1630,CPT,107.47,+1.30,+1.22%,106.46,108.00,105.95,63.22,0.2,0.29,106.79,103.53,103.11,107.56,4205.01,10800.01,1.05,96.2,48.1,0.0,3.0
05/22/2026,1630,CRCL,113.12,-1.76,-1.53%,116.12,118.85,112.20,51.85,1.11,0.89,71.19,106.9,103.85,129.22,-1106.05,14000.09,9.17,NaN,NaN,0.0,6.1
05/22/2026,1630,CRI,37.23,-.33,-0.88%,37.48,37.99,36.81,56.7,0.66,0.51,32.54,32.92,31.96,38.96,4205.01,3799.01,1.14,5.1,81.2,0.0,0.0
05/22/2026,1630,CRM,180.07,+3.76,+2.13%,179.84,183.35,177.6801,50.82,0.39,0.56,182.26,179.58,164.09,189.04,1205.04,18744.04,4.07,92.4,70.3,-0.1,0.0
05/22/2026,1630,CRSP,50.36,+.46,+0.92%,49.92,51.11,49.92,47.16,0.5,0.57,53.75,49.38,45.52,55.28,-6107.02,-4720.03,10.03,4.1,30.1,-0.2,0.0
05/22/2026,1630,CRWD,663.46,+15.23,+2.35%,650.50,674.84,649.60,86.86,0.38,0.61,346.5,455.4,572.58,698.11,14216.01,67484.01,4.31,94.3,54.1,31.5,27.4
05/22/2026,1630,CSCO,120.41,+2.21,+1.87%,118.455,120.79,117.68,80.85,0.52,0.38,77.07,91.0,102.99,130.81,14218.05,12079.01,5.36,90.3,91.4,27.0,4.7
05/22/2026,1630,CSX,45.52,-.38,-0.83%,46.01,46.19,45.455,57.35,0.2,0.26,42.03,44.38,44.34,46.74,5101.02,4674.03,3.07,39.1,42.3,0.0,0.4
05/22/2026,1630,CTA,30.70,-.24,-0.78%,30.80,31.02,30.4916,46.05,0.3,0.25,29.6,29.81,30.2,32.8,-2103.01,-3049.01,5.01,67.2,88.3,-0.7,0.4
05/22/2026,1630,CUBE,40.07,-.04,-0.10%,40.25,40.4566,39.81,54.54,0.26,0.28,39.34,38.87,38.29,41.27,1203.01,-3824.04,9.04,30.1,78.2,0.0,-1.9
05/22/2026,1630,CURB,28.32,-.37,-1.29%,28.90,28.90,28.29,57.49,0.22,0.25,27.41,27.16,27.35,28.74,5205.01,2890.01,1.45,12.1,65.3,0.0,3.1
05/22/2026,1630,CVNA,68.28,+3.89,+6.04%,64.78,68.3725,64.66,44.11,0.44,0.69,59.86,73.51,58.5,78.83,-8111.03,-6109.03,11.03,48.1,18.1,-8.7,-15.2
05/22/2026,1630,CVS,93.26,-.06,-0.06%,93.29,94.15,93.00,65.36,0.38,0.28,75.01,80.4,87.25,104.01,-1103.02,9843.07,8.45,7.1,86.4,6.1,3.6
05/22/2026,1630,CVX,191.43,+.42,+0.22%,190.37,192.00,189.80,52.23,0.27,0.31,181.76,179.53,180.66,199.53,4206.03,19819.03,3.11,80.1,82.2,2.2,0.0
05/22/2026,1630,CWH,7.45,+.07,+0.95%,7.22,7.49,7.045,53.86,0.93,0.81,7.47,7.28,6.33,7.87,-4203.05,-646.08,12.08,77.1,85.3,-1.4,0.0
05/22/2026,1630,CZR,28.47,+.57,+2.04%,27.85,28.59,27.85,58.31,0.45,0.42,19.67,27.31,26.15,29.0,1206.01,2859.01,1.07,1.1,54.1,0.6,0.0
05/22/2026,1630,D,67.67,-.62,-0.91%,68.21,68.58,67.43,65.86,0.37,0.25,60.77,61.17,60.65,70.46,5205.01,6858.01,2.11,79.2,99.4,7.6,-0.5
05/22/2026,1630,DAL,76.14,+.49,+0.65%,76.03,77.10,75.51,64.58,0.43,0.5,61.15,67.87,67.64,77.3,2203.01,7710.01,1.03,49.1,57.1,3.9,4.2
05/22/2026,1630,DAPP,21.27,-.26,-1.21%,21.60,21.755,21.05,57.42,0.59,0.75,15.35,19.21,19.58,22.88,-2202.04,-1921.04,10.04,69.1,47.1,0.0,5.3
05/22/2026,1630,DAR,58.60,+.74,+1.28%,57.99,58.98,57.65,39.74,0.27,0.44,51.87,61.09,56.72,65.25,-7108.01,-5765.01,14.01,12.1,9.1,-0.6,0.0
05/22/2026,1630,DASH,160.25,+.98,+0.62%,160.79,165.24,159.84,47.04,0.47,0.53,165.19,164.36,145.38,171.01,1203.01,-14681.03,12.03,59.1,67.1,-4.8,-1.0
05/22/2026,1630,DDOG,222.32,+4.28,+1.96%,220.948,224.7693,218.72,83.97,0.99,0.56,104.43,139.01,187.18,256.55,14202.09,22477.01,10.3,54.1,96.4,16.6,31.4
05/22/2026,1630,DDS,561.80,+9.95,+1.80%,554.06,566.86,549.628,50.57,0.32,NaN,575.73,549.5,519.59,572.78,1202.01,56686.01,1.03,0.0,16.1,-5.2,0.0
05/22/2026,1630,DE,529.15,-2.20,-0.41%,531.52,532.78,521.50,32.92,0.34,0.3,609.21,573.0,524.04,593.56,-6107.01,-52150.01,12.01,43.3,80.1,-1.6,-0.2
05/22/2026,1630,DECK,106.67,+4.05,+3.95%,102.05,106.80,99.3801,60.21,0.44,0.42,106.78,96.78,90.11,106.7,2203.01,10680.01,1.14,30.4,63.1,-0.9,0.0
05/22/2026,1630,DELL,295.19,+42.39,+16.77%,268.10,298.32,265.21,76.45,0.87,0.79,117.2,205.7,225.99,299.19,1202.01,29832.01,1.67,97.4,96.2,4.6,7.8
05/22/2026,1630,DEO,86.13,+.15,+0.17%,85.95,86.60,85.811,64.53,0.32,0.31,80.79,78.25,79.67,88.61,3206.02,8660.01,11.18,51.1,73.1,11.6,3.8
05/22/2026,1630,DG,105.65,+.54,+0.51%,104.43,106.09,104.26,38.76,0.41,0.57,149.3,113.5,94.65,116.3,-10201.05,-9957.02,26.08,97.4,81.4,-4.3,-6.8
05/22/2026,1630,DGX,195.21,+1.39,+0.72%,193.99,196.92,193.96,55.0,0.21,0.25,203.89,187.9,186.89,195.61,3205.01,19692.01,1.04,55.1,44.1,0.0,0.0
05/22/2026,1630,DIN,30.37,+.05,+0.16%,30.62,31.48,30.15,58.45,0.49,0.64,27.52,25.85,27.25,32.11,9212.01,3148.01,1.12,73.1,70.3,3.9,2.8
05/22/2026,1630,DIS,103.00,-.58,-0.56%,104.04,104.50,102.98,48.68,0.35,0.27,102.15,100.06,99.52,109.19,-2106.03,10839.1,10.14,26.1,83.4,0.0,0.0
05/22/2026,1630,DK,43.68,+1.58,+3.75%,41.95,43.825,41.61,49.03,0.68,0.7,32.91,43.0,41.12,47.79,-3108.01,-4161.01,14.01,66.1,83.1,-0.7,2.9
05/22/2026,1630,DKL,51.30,-.49,-0.95%,51.80,51.80,50.88,49.2,0.31,0.29,49.46,49.92,50.8,52.63,-1101.01,-5088.01,3.01,42.1,81.3,-3.9,0.4
05/22/2026,1630,DKNG,25.12,-.28,-1.10%,25.655,26.205,24.53,56.1,0.33,0.51,22.22,22.85,23.9,26.4,14101.01,2621.01,1.21,33.1,19.1,1.7,5.1
05/22/2026,1630,DLTR,94.98,-.73,-0.76%,95.90,97.00,94.19,47.91,0.4,0.6,115.88,92.65,86.3,98.15,2203.01,9700.01,1.08,96.4,75.3,-2.1,0.0
05/22/2026,1630,DOC,19.73,+.09,+0.46%,19.75,19.885,19.615,70.89,0.61,0.35,17.02,16.14,18.45,22.1,-1105.04,1991.07,11.19,75.1,96.4,5.6,25.2
05/22/2026,1630,DOCU,49.53,+.56,+1.14%,49.50,50.195,48.86,58.49,0.4,0.71,40.16,46.22,44.74,51.23,4206.01,5142.04,4.07,87.2,38.1,2.0,0.0
05/22/2026,1630,DOV,209.90,+2.13,+1.03%,209.23,210.84,207.27,41.73,0.21,0.29,217.22,218.97,201.45,223.63,-8112.03,-20572.03,12.03,60.1,39.1,-6.9,-11.0
05/22/2026,1630,DOW,36.01,+.10,+0.28%,36.15,36.60,35.555,39.24,0.4,0.5,29.2,36.86,34.6,40.58,-7108.01,-3556.01,14.02,37.1,29.1,-2.4,-0.4
05/22/2026,1630,DPZ,316.52,+.05,+0.02%,315.90,318.56,311.99,38.72,0.42,0.34,393.19,322.17,294.05,332.39,-6203.05,-29748.05,21.05,71.1,98.4,-4.4,0.0
05/22/2026,1630,DRI,203.51,+6.44,+3.27%,198.83,204.40,198.495,59.67,0.26,0.32,202.5,190.01,192.51,203.17,1203.01,20440.01,1.04,56.1,55.1,0.0,0.0
05/22/2026,1630,DRLL,37.36,+.1921,+0.52%,36.99,37.37,36.99,52.46,0.31,0.3,33.97,34.95,35.07,39.2,4206.03,3870.03,3.12,77.2,98.4,0.4,0.0
05/22/2026,1630,DRVN,13.77,+.29,+2.15%,13.55,13.82,13.45,55.74,0.61,0.75,9.8,13.24,12.41,14.26,1202.01,-1249.02,4.02,75.1,91.1,0.0,0.4
05/22/2026,1630,DT,41.21,+2.06,+5.26%,39.53,41.35,39.31,60.82,0.63,0.55,33.66,37.7,36.01,42.47,2206.01,4136.04,4.07,83.1,98.4,0.9,3.0
05/22/2026,1630,DVN,47.22,+.11,+0.23%,47.04,47.605,46.80,46.56,0.45,0.43,41.74,44.2,43.87,51.23,1102.05,-4518.11,17.11,77.1,98.4,-2.2,0.0
05/22/2026,1630,DXCM,72.10,+.20,+0.28%,71.90,73.05,71.31,70.01,0.51,0.42,71.1,58.7,57.61,74.67,7206.01,7305.01,1.17,25.1,84.4,2.1,0.0
05/22/2026,1630,EA,200.97,-.90,-0.45%,201.79,201.85,200.73,44.2,0.03,0.11,200.21,200.25,199.8,202.16,3101.01,20185.01,1.08,34.1,23.1,-2.7,0.0
05/22/2026,1630,EAT,137.41,+.84,+0.62%,137.33,139.615,135.645,48.22,0.8,0.5,135.27,140.01,122.54,147.42,1202.01,-12496.03,31.07,48.1,99.4,-7.7,-3.4
05/22/2026,1630,EBAY,115.75,-1.38,-1.18%,117.57,118.675,115.595,64.25,0.35,0.36,83.44,104.6,105.6,122.31,7218.03,11931.03,6.17,59.1,65.2,10.5,10.1
05/22/2026,1630,ECH,40.29,-.46,-1.13%,40.97,40.97,40.13,45.66,0.28,0.28,37.8,39.95,38.71,42.07,-4101.04,-3895.04,29.04,58.1,72.1,-3.2,-2.2
05/22/2026,1630,ECPG,80.20,-1.37,-1.68%,81.82,81.985,79.79,49.14,0.26,0.34,58.0,79.9,78.05,84.01,-11101.02,-7891.02,10.02,19.1,28.1,-2.0,-0.3
05/22/2026,1630,EDEN,112.4915,-.2605,-0.23%,112.44,112.4915,111.80,56.25,0.2,NaN,102.5,109.17,109.78,114.39,-1203.06,11345.1,10.22,0.0,54.1,0.0,10.1
05/22/2026,1630,EDU,46.43,-1.13,-2.38%,46.295,47.24,45.90,26.41,0.37,0.44,50.19,52.79,45.68,54.09,-7111.01,-4590.01,26.01,21.1,60.3,-8.9,-0.5
05/22/2026,1630,EDV,62.59,+.48,+0.77%,62.54,62.61,62.05,46.16,0.15,0.13,67.53,62.65,60.32,64.22,-6201.03,-6078.03,22.03,27.2,56.1,-2.6,-14.4
05/22/2026,1630,EEM,65.88,-.15,-0.23%,66.00,66.39,65.74,56.17,0.27,0.34,56.74,63.81,63.54,68.55,-2106.04,-6348.04,11.04,95.2,84.1,0.0,4.9
05/22/2026,1630,EFNL,56.74,+.74,+1.32%,56.73,56.92,56.6489,63.98,0.24,NaN,48.28,53.6,53.73,56.86,3203.01,5692.01,1.05,0.0,96.3,0.0,7.1
05/22/2026,1630,EFX,164.04,+1.50,+0.92%,163.05,167.035,161.94,41.81,0.32,0.39,194.52,167.59,152.31,175.52,-6201.03,-15647.06,24.06,61.1,38.1,-2.9,-1.2
05/22/2026,1630,EGP,205.16,-.02,-0.01%,205.61,206.16,203.60,62.33,0.15,0.19,188.93,197.0,200.21,208.09,-2203.04,-19939.06,10.06,42.1,15.1,2.0,4.7
05/22/2026,1630,EIS,133.83,+1.12,+0.84%,133.28,134.37,133.28,59.2,0.19,NaN,117.45,132.03,127.89,137.69,1201.01,-12854.04,12.04,0.0,36.1,0.0,0.0
05/22/2026,1630,EL,88.32,+9.41,+11.92%,88.96,90.57,86.00,62.89,0.56,0.46,94.88,78.53,74.82,88.59,1201.01,9057.01,1.02,53.1,84.1,0.0,0.0
05/22/2026,1630,ELS,63.55,+.49,+0.78%,62.99,63.74,62.58,52.96,0.15,0.23,66.55,62.17,61.46,64.15,2204.01,-6150.05,7.05,16.1,17.3,0.0,0.0
05/22/2026,1630,ELV,394.69,+4.87,+1.25%,393.64,396.59,392.02,67.4,0.26,0.35,283.33,366.95,369.83,414.46,18201.03,40800.03,3.38,17.1,23.1,4.1,1.4
05/22/2026,1630,EMB,95.17,+.18,+0.19%,95.24,95.24,94.99,47.71,0.07,0.1,95.91,94.82,94.0,96.36,-5109.03,-9425.03,12.03,75.2,84.1,0.0,-7.0
05/22/2026,1630,EMR,136.42,+1.52,+1.13%,136.11,137.495,134.555,48.35,0.4,0.33,144.01,135.43,127.69,145.28,-7110.02,-12943.03,12.03,70.1,88.2,-0.6,-5.5
05/22/2026,1630,ENB,58.04,+.25,+0.43%,57.72,58.45,57.70,70.63,0.21,0.21,51.77,53.44,53.93,58.81,11210.01,5845.01,1.26,48.1,90.4,10.4,9.2
05/22/2026,1630,ENPH,64.03,+1.69,+2.71%,62.39,64.94,60.26,78.27,1.16,1.03,41.01,31.88,41.76,67.48,12214.01,6494.01,1.17,100.4,84.4,27.8,6.3
05/22/2026,1630,ENR,18.18,+.88,+5.09%,17.49,18.21,17.43,51.63,0.64,0.57,18.94,17.49,15.49,18.93,1202.01,-1575.03,14.07,73.1,84.4,-10.0,-5.8
05/22/2026,1630,ENVX,6.68,+.38,+6.03%,6.33,6.85,6.252,53.85,0.94,0.9,5.03,6.17,5.48,7.36,-5201.03,-544.03,8.03,17.1,81.4,0.3,-4.9
05/22/2026,1630,ENZL,44.52,+.08,+0.18%,44.432,44.71,44.22,49.7,0.21,0.54,45.54,44.58,43.17,46.23,-4107.03,-4360.03,10.03,73.4,86.2,0.0,0.0
05/22/2026,1630,EOG,141.22,+1.24,+0.89%,140.16,141.85,139.27,56.74,0.3,0.34,119.31,128.83,129.76,147.72,4207.03,14570.03,3.11,73.1,86.2,1.4,0.0
05/22/2026,1630,EPD,39.63,+.16,+0.41%,39.22,39.7313,39.22,62.75,0.19,0.22,35.36,37.14,37.36,40.67,5209.03,4010.03,3.1,77.1,82.1,2.4,0.8
05/22/2026,1630,EPHE,24.72,+.09,+0.37%,24.65,24.798,24.61,49.15,0.16,NaN,26.2,24.28,24.09,25.31,-3201.03,2530.11,11.18,0.0,19.1,-0.3,0.0
05/22/2026,1630,EPOL,39.95,+.19,+0.48%,39.98,40.18,39.87,56.36,0.28,0.24,34.67,37.85,38.46,40.85,1203.01,4023.13,13.18,22.1,90.2,0.2,6.4
05/22/2026,1630,EPR,58.62,-.09,-0.15%,58.90,58.91,58.445,62.25,0.17,0.24,57.6,54.78,56.13,60.3,4205.09,5895.02,9.14,34.1,21.1,3.5,1.4
05/22/2026,1630,EPU,82.60,-.91,-1.09%,83.32,83.32,82.10,52.01,0.32,NaN,84.4,77.39,78.01,86.49,-2203.04,8501.08,8.18,0.0,70.1,0.0,2.8
05/22/2026,1630,EQR,66.20,+.44,+0.67%,65.67,66.59,65.56,60.42,0.21,0.25,61.58,64.51,64.35,67.0,1204.01,-6413.02,3.02,61.1,59.3,-0.3,4.9
05/22/2026,1630,EQRR,78.9554,+.8487,+1.09%,78.74,79.14,78.695,76.46,0.12,NaN,67.69,74.66,75.72,79.35,22211.01,7914.01,1.5,0.0,38.1,8.3,12.8
05/22/2026,1630,EQT,57.92,+.18,+0.31%,57.30,58.075,57.01,49.16,0.27,0.34,58.5,55.31,54.89,59.76,2205.03,5959.03,3.08,6.1,37.1,0.0,0.0
05/22/2026,1630,ESI,40.75,+.39,+0.97%,40.67,41.1226,40.12,50.18,0.53,0.43,32.51,41.76,38.18,45.34,-5106.02,-3816.04,14.04,52.1,91.2,0.0,0.0
05/22/2026,1630,ESPO,89.10,-.0081,-0.01%,89.15,89.382,88.8901,42.01,0.14,0.2,88.93,89.97,88.45,91.19,-8102.01,-8802.02,26.02,76.2,12.1,-3.0,-0.2
05/22/2026,1630,ESS,276.70,+2.90,+1.06%,274.92,277.93,273.45,67.89,0.21,0.18,248.86,262.01,265.25,278.88,20205.01,27793.01,1.45,0.1,50.2,2.0,5.8
05/22/2026,1630,ET,20.07,+.06,+0.30%,19.99,20.19,19.915,55.64,0.24,0.23,18.34,19.52,19.51,20.64,5102.03,2070.03,3.26,27.1,96.4,0.0,6.5
05/22/2026,1630,ETH,19.60,-.73,-3.59%,20.20,20.23,19.53,36.05,0.33,0.51,18.05,21.63,18.94,22.51,-9109.01,-1953.01,14.03,3.1,1.1,0.0,-6.3
05/22/2026,1630,ETH-USD,-75.60,-.78,+1.04%,-76.74,-74.16,-78.00,34.36,0.91,0.69,-43.06,-69.24,-89.53,-63.45,-19202.07,8401.07,38.07,25.1,13.2,-10.4,-2.4
05/22/2026,1630,ETHA,15.57,-.58,-3.59%,16.055,16.09,15.52,36.07,0.34,0.6,14.4,17.2,15.04,17.9,-9106.01,-1552.01,14.03,1.1,1.1,0.0,-6.2
05/22/2026,1630,ETHE,16.73,-.62,-3.57%,17.24,17.26,16.665,35.68,0.33,0.47,15.56,18.48,16.15,19.22,-9109.01,-1667.01,14.03,1.1,0.1,0.0,-6.7
05/22/2026,1630,ETSY,62.38,+1.64,+2.70%,60.50,63.20,60.02,55.32,0.64,0.55,50.81,62.73,54.52,65.58,-4203.07,-5671.04,18.07,36.1,77.3,-6.8,-0.7
05/22/2026,1630,EWA,28.78,-.21,-0.72%,28.93,28.93,28.705,45.81,0.23,0.3,28.42,28.78,28.19,29.85,-5109.03,-2844.03,12.03,93.2,90.1,-3.7,0.0
05/22/2026,1630,EWC,58.51,-.07,-0.12%,58.73,58.805,58.4119,57.91,0.15,0.16,55.67,57.66,57.42,58.75,2203.01,5881.01,1.06,56.1,65.1,-1.5,1.1
05/22/2026,1630,EWD,52.43,+.19,+0.36%,52.355,52.80,52.355,56.56,0.29,0.31,50.59,50.01,49.48,53.0,2203.01,5280.01,1.06,85.4,93.3,0.0,0.0
05/22/2026,1630,EWG,42.91,-.14,-0.33%,43.11,43.18,42.91,55.73,0.24,0.26,40.59,41.34,41.42,43.77,2203.02,-4132.06,12.06,80.1,89.3,1.2,0.1
05/22/2026,1630,EWH,23.49,-.34,-1.43%,23.42,23.58,23.36,44.33,0.18,0.24,23.0,23.38,23.28,24.7,-5106.01,-2336.01,12.01,80.1,72.2,0.0,2.5
05/22/2026,1630,EWI,58.59,-.39,-0.66%,58.91,58.91,58.44,54.25,0.26,0.23,52.45,56.04,56.85,60.28,-1203.06,5944.1,11.15,73.1,92.2,0.0,2.6
05/22/2026,1630,EWJ,91.61,+.24,+0.26%,91.42,92.095,91.29,57.96,0.18,0.22,83.85,87.78,88.99,93.95,-1202.05,9327.08,11.18,63.1,45.1,0.0,8.8
05/22/2026,1630,EWJV,45.1898,-.03,-0.07%,45.12,45.42,45.00,60.64,0.17,NaN,42.08,42.72,43.64,46.52,7217.08,4560.08,8.21,0.0,41.1,0.7,10.6
05/22/2026,1630,EWK,26.89,-.11,-0.41%,26.93,26.97,26.85,62.35,0.21,0.37,25.07,25.37,25.87,27.39,2203.02,2708.02,12.18,77.1,85.3,0.4,15.2
05/22/2026,1630,EWM,29.24,-.07,-0.24%,29.36,29.36,29.22,44.17,0.12,0.22,27.95,29.49,28.91,30.49,-6106.01,-2913.02,12.02,77.2,33.1,0.0,0.0
05/22/2026,1630,EWN,66.84,+.02,+0.03%,67.01,67.19,66.72,62.33,0.29,0.23,58.26,61.84,62.79,67.97,2203.01,6719.01,2.18,91.4,94.2,0.0,4.1
05/22/2026,1630,EWO,39.93,+.18,+0.45%,40.22,40.22,39.78,58.84,0.2,NaN,34.83,38.18,38.53,40.58,1203.01,4022.01,10.15,0.0,74.1,0.1,1.1
05/22/2026,1630,EWP,56.51,-.88,-1.53%,57.04,57.11,56.50,50.69,0.24,0.17,52.22,54.64,55.24,58.15,1101.02,-5538.06,12.06,47.1,85.1,0.0,0.8
05/22/2026,1630,EWQ,45.17,-.33,-0.73%,45.43,45.495,45.115,50.34,0.25,0.26,44.27,44.03,43.87,46.45,-3203.06,-4409.06,12.06,81.1,93.3,0.0,0.0
05/22/2026,1630,EWS,29.47,-.04,-0.14%,29.55,29.5993,29.4499,58.26,0.17,0.18,27.16,28.33,28.59,29.88,4211.02,2961.03,3.18,48.1,83.1,1.4,7.5
05/22/2026,1630,EWUS,43.04,+.30,+0.70%,42.90,43.17,42.88,56.8,0.24,0.23,41.64,41.18,40.86,43.55,2203.01,4317.01,1.06,64.1,89.2,0.0,0.0
05/22/2026,1630,EWW,77.76,-.04,-0.05%,77.55,77.99,77.13,48.88,0.21,0.27,73.25,75.58,75.87,81.19,-2106.04,8107.07,10.17,73.1,68.1,0.0,3.5
05/22/2026,1630,EWY,182.03,-4.39,-2.35%,185.82,186.22,181.48,58.61,0.63,0.78,125.54,162.24,166.81,198.07,-2101.04,19458.1,10.36,98.3,87.2,0.0,9.6
05/22/2026,1630,EWZ,36.37,-.64,-1.73%,36.69,36.735,36.15,38.58,0.29,0.33,35.76,38.74,34.58,39.43,-12112.04,-3572.04,30.04,71.1,77.1,-5.9,-14.7
05/22/2026,1630,EWZS,14.02,-.23,-1.61%,14.21,14.21,13.88,41.32,0.38,0.35,14.07,14.69,13.16,15.38,-6110.04,-1359.04,31.04,56.2,84.1,-2.8,-9.6
05/22/2026,1630,EXAS,104.91,0,0.00%,0,0,0,76.4,0.04,0.37,101.28,103.1,103.16,104.69,6206.01,10498.01,1.08,32.4,24.1,6.4,0.0
05/22/2026,1630,EXP,199.43,+.30,+0.15%,199.75,201.22,198.23,46.55,0.31,0.38,210.0,203.35,188.89,213.44,-9110.02,-18879.03,12.03,74.3,35.1,0.0,-4.9
05/22/2026,1630,EXPD,158.48,+1.29,+0.82%,157.46,159.86,156.3764,61.78,0.41,0.3,138.33,136.13,150.34,166.95,4101.1,15990.03,10.15,66.1,80.2,9.2,3.1
05/22/2026,1630,EXPE,214.65,-3.47,-1.59%,218.18,221.31,210.85,35.22,0.42,0.48,197.83,243.61,193.47,245.11,-7111.07,-20635.03,24.07,45.1,60.1,-12.6,-8.5
05/22/2026,1630,EXR,143.30,-.61,-0.42%,144.58,145.43,142.28,54.33,0.25,0.27,146.6,138.57,137.62,146.79,2203.01,14543.01,1.04,36.1,63.1,0.0,-0.1
05/22/2026,1630,EYE,17.13,+.16,+0.94%,16.89,17.335,16.89,28.47,0.91,0.67,25.1,21.82,13.53,22.15,-13124.06,-1612.03,19.07,70.1,100.4,-8.2,-16.6
05/22/2026,1630,EZA,67.31,-.95,-1.39%,67.86,67.96,66.89,43.27,0.36,0.46,70.79,66.57,64.99,72.73,-3106.04,-6627.04,10.04,88.2,69.1,-1.3,0.0
05/22/2026,1630,F,14.93,+1.26,+9.22%,13.79,14.95,13.77,69.2,0.71,0.47,12.68,11.46,11.96,15.51,5208.01,1495.01,5.14,98.3,100.4,9.0,0.1
05/22/2026,1630,FAF,68.20,+.36,+0.53%,67.92,68.45,67.8056,53.07,0.25,0.41,66.28,67.43,65.97,70.52,-6102.02,-6632.02,20.02,76.1,46.1,-3.6,0.1
05/22/2026,1630,FANG,200.71,-.26,-0.13%,199.52,201.50,198.00,52.61,0.36,0.4,164.37,186.55,187.37,213.54,2201.03,-18694.11,15.11,75.1,89.3,0.0,0.2
05/22/2026,1630,FAST,43.94,+.41,+0.94%,43.53,43.995,43.23,46.81,0.21,0.3,44.51,44.22,42.74,44.55,-5201.02,-4291.02,12.08,59.1,40.1,-3.9,-0.4
05/22/2026,1630,FCFS,227.59,+1.32,+0.58%,226.89,230.23,224.905,62.89,0.19,0.29,182.02,217.95,222.62,233.23,-1105.02,-22227.02,9.02,54.1,8.1,0.0,10.0
05/22/2026,1630,FCG,30.34,+.15,+0.50%,30.16,30.46,30.01,50.46,0.32,0.35,26.37,28.54,28.64,32.05,4102.03,3177.03,3.11,86.2,90.3,0.0,0.0
05/22/2026,1630,FDX,394.20,+5.29,+1.36%,393.92,398.80,392.00,59.18,0.46,0.34,373.81,354.14,361.67,399.01,3204.01,39880.01,1.13,42.1,96.4,-1.5,0.0
05/22/2026,1630,FICO,1239.91,+11.81,+0.96%,1232.00,1277.23,1225.00,69.25,0.39,0.66,1227.63,1037.3,1027.84,1290.07,11206.01,127723.01,1.17,84.1,36.1,12.2,2.3
05/22/2026,1630,FISV,57.13,+1.31,+2.35%,56.05,57.30,56.03,49.01,0.45,0.4,58.95,55.67,50.58,59.31,1205.04,-5217.08,24.08,36.1,71.4,-13.5,0.0
05/22/2026,1630,FIVE,219.50,-.29,-0.13%,220.00,223.34,216.435,47.73,0.42,0.55,212.87,220.82,201.57,232.05,-5203.08,-20514.08,12.08,77.2,67.3,-6.8,0.0
05/22/2026,1630,FLG,13.85,+.26,+1.91%,13.62,13.88,13.62,51.68,0.25,0.31,12.34,13.76,12.97,14.4,-7201.03,-1309.04,11.04,4.1,20.1,0.0,-5.5
05/22/2026,1630,FLNG,31.96,-.41,-1.27%,32.32,32.35,31.65,51.17,0.26,0.36,26.6,31.51,31.45,33.17,-1102.01,-3165.01,14.01,70.1,50.1,0.0,2.1
05/22/2026,1630,FLO,7.94,+.93,+13.27%,7.62,8.07,7.40,48.23,0.62,0.47,8.95,8.2,6.5,8.71,-12201.02,-680.02,16.05,46.1,100.4,-8.4,-13.0
05/22/2026,1630,FLUT,97.38,+.26,+0.27%,96.83,100.04,96.81,42.23,0.39,0.53,99.96,97.94,89.66,103.66,1202.01,-9152.06,20.08,71.1,60.1,-6.8,0.0
05/22/2026,1630,FND,48.21,-.21,-0.43%,48.16,49.19,47.28,48.15,0.56,0.59,63.08,47.82,41.97,52.05,1203.01,-4264.03,11.03,80.1,88.2,-0.4,-5.3
05/22/2026,1630,FNF,48.61,-.75,-1.52%,49.42,49.54,48.60,45.38,0.25,0.37,50.0,46.67,46.17,51.42,-8101.07,-4693.08,21.08,79.1,55.1,-9.3,0.0
05/22/2026,1630,FORM,128.99,+.99,+0.77%,129.78,132.02,127.5101,49.37,0.8,0.85,91.66,132.76,108.07,151.36,-6109.04,-11231.04,10.04,83.1,82.2,-1.7,-5.4
05/22/2026,1630,FOUR,43.24,-.29,-0.67%,43.16,45.005,43.00,48.64,0.65,0.68,43.32,40.4,39.22,45.51,1203.01,4501.01,1.08,73.1,75.1,-3.8,0.0
05/22/2026,1630,FOXA,63.98,-.28,-0.44%,64.51,65.46,63.725,50.73,0.32,0.33,53.04,61.25,61.43,68.17,-1104.02,6696.07,7.14,43.1,79.3,0.6,0.0
05/22/2026,1630,FR,63.28,+.84,+1.35%,62.915,63.38,62.34,60.4,0.16,0.31,61.17,60.78,60.98,63.7,2203.01,6338.01,1.04,52.1,12.1,0.0,0.8
05/22/2026,1630,FROG,73.99,+2.55,+3.57%,72.40,74.17,71.68,73.97,0.87,0.62,36.99,49.89,61.19,84.14,11201.1,7417.01,10.28,51.1,81.2,13.1,25.1
05/22/2026,1630,FRPT,51.58,+.28,+0.55%,51.18,51.62,50.00,38.86,0.6,0.54,78.45,52.73,41.32,57.14,1203.02,-4645.03,29.1,33.1,89.2,-17.2,-3.3
05/22/2026,1630,FRT,119.75,+1.14,+0.96%,119.28,120.20,119.00,72.09,0.2,0.14,106.6,113.87,112.59,119.46,2203.01,12020.01,1.42,2.1,81.3,0.0,9.5
05/22/2026,1630,FSLY,16.32,-.08,-0.49%,16.34,16.65,15.70,36.52,1.97,0.82,17.13,18.53,8.98,25.43,-6112.07,-1570.01,13.09,45.1,88.4,-1.0,-16.0
05/22/2026,1630,FTNT,133.93,+4.47,+3.45%,130.00,134.19,128.5665,88.22,0.66,0.41,74.35,86.36,119.28,147.72,13227.07,13419.01,9.28,46.1,88.4,30.7,38.0
05/22/2026,1630,FTV,59.13,+.11,+0.19%,58.86,59.455,58.58,48.04,0.19,0.28,56.82,59.19,57.68,60.79,-6111.02,-5775.02,17.02,32.1,12.1,-5.6,-0.5
05/22/2026,1630,FTWO,44.8177,+.1652,+0.37%,44.82,44.89,44.62,44.05,0.22,NaN,47.08,45.45,43.61,46.65,-5107.03,-4416.03,9.03,0.0,85.2,0.0,-0.8
05/22/2026,1630,FUTU,89.76,-34.10,-27.53%,81.08,94.88,80.50,18.69,1.28,0.85,135.24,142.65,90.69,134.58,-11112.01,-8050.01,12.01,100.4,100.4,-5.0,-21.2
05/22/2026,1630,FUTY,58.63,+.47,+0.81%,58.23,58.74,58.075,50.94,0.17,0.2,59.24,58.2,56.04,59.58,1202.01,-5644.04,16.04,81.2,85.2,-7.3,-6.2
05/22/2026,1630,FWONK,88.56,-.64,-0.72%,89.20,89.72,87.655,47.32,0.29,0.28,84.78,87.13,86.5,94.49,-2104.01,-8766.01,10.01,38.1,87.1,0.0,3.7
05/22/2026,1630,FWRG,11.49,+.15,+1.32%,11.34,11.605,11.19,46.43,0.42,0.55,11.93,11.52,10.21,12.25,-10202.06,-1059.03,22.08,27.1,27.1,-14.1,-2.0
05/22/2026,1630,FXA,70.64,-.2413,-0.34%,70.61,70.74,70.61,46.67,0.09,0.12,68.75,70.9,70.17,72.0,-5107.02,-7053.02,10.02,72.4,75.1,0.0,0.0
05/22/2026,1630,FXB,129.25,+.07,+0.05%,129.08,129.34,129.08,47.3,0.07,0.07,127.55,129.87,127.67,131.0,-5109.05,-12799.06,10.06,59.3,73.2,0.0,-9.5
05/22/2026,1630,FXC,70.72,-.1808,-0.26%,70.81,70.81,70.70,33.77,0.04,0.17,71.05,71.56,70.55,71.52,-9112.01,-7070.01,16.04,80.4,19.1,-12.7,-8.6
05/22/2026,1630,FXE,107.10,-.13,-0.12%,107.11,107.23,106.95,40.63,0.04,0.07,106.41,107.77,106.52,108.68,-7108.02,-10683.02,10.02,48.1,21.1,-0.1,-2.7
05/22/2026,1630,FXF,112.40,+.22,+0.20%,112.42,112.545,112.10,49.11,0.07,0.11,112.21,112.48,111.48,113.53,-5108.02,-11160.02,11.02,83.4,33.1,0.0,0.0
05/22/2026,1630,FXI,35.52,-.37,-1.03%,35.19,35.61,35.15,38.2,0.22,0.23,35.33,36.47,35.17,37.97,-6106.01,-3515.01,8.01,8.1,71.2,0.0,-0.5
05/22/2026,1630,FXY,57.70,-.07,-0.12%,57.74,57.74,57.665,43.37,0.1,0.1,58.17,58.13,57.31,58.57,-3109.02,-5758.02,13.04,37.1,64.4,0.0,0.0
05/22/2026,1630,FYBR,38.49,0,0.00%,0,0,0,73.16,0.03,0.09,37.42,38.06,37.98,38.52,4204.01,3849.01,1.05,8.1,17.1,0.0,0.0
05/22/2026,1630,GAP,23.39,+.22,+0.95%,23.21,23.42,22.97,50.99,0.49,0.64,26.38,23.61,19.75,24.62,1203.02,-2005.04,24.08,76.4,80.1,-3.4,-2.8
05/22/2026,1630,GD,342.89,+4.18,+1.23%,341.14,344.47,338.51,52.6,0.31,0.22,337.32,343.04,332.92,348.62,-3201.02,-33466.02,14.02,50.1,93.4,0.0,12.1
05/22/2026,1630,GDAXI:DE,24888.56,+281.79,+1.15%,24768.49,24943.75,24676.27,59.32,0.19,NaN,24577.42,23974.74,23880.87,25161.18,4205.01,2494375.01,2.05,0.0,83.1,2.2,0.0
05/22/2026,1630,GDX,85.02,-.97,-1.13%,85.61,86.14,83.95,39.95,0.51,0.47,102.54,85.46,79.55,98.84,-4106.03,-8367.03,9.03,65.1,70.1,0.0,0.0
05/22/2026,1630,GDXJ,111.62,-.59,-0.53%,112.70,113.34,110.11,39.34,0.53,0.53,137.62,112.8,103.65,132.33,-5106.02,-10960.03,9.03,68.1,67.1,0.0,0.0
05/22/2026,1630,GE,302.84,+1.08,+0.36%,303.25,306.30,300.25,55.62,0.39,0.4,329.08,279.41,279.69,313.65,1203.01,-28131.06,11.06,86.1,78.1,0.0,0.6
05/22/2026,1630,GEL,16.18,-.22,-1.34%,16.51,16.51,16.16,40.56,0.22,0.31,17.41,15.75,15.49,16.82,1204.01,-1555.08,18.08,15.1,26.2,-1.7,0.0
05/22/2026,1630,GII,76.55,-.05,-0.07%,76.59,76.59,76.145,51.6,0.17,0.28,75.78,76.15,74.9,77.4,1203.02,-7486.06,13.06,100.4,98.4,-1.7,-1.2
05/22/2026,1630,GIL,58.18,+.03,+0.05%,58.50,58.79,57.97,50.46,0.52,0.34,65.41,57.94,54.12,60.62,1203.01,-5398.03,13.03,70.1,96.4,-3.3,-3.9
05/22/2026,1630,GIS,33.69,+.22,+0.66%,33.49,33.865,33.33,40.94,0.23,0.36,43.31,33.58,32.26,35.23,-7111.02,-3264.02,11.02,96.2,55.1,-0.5,-4.3
05/22/2026,1630,GK,28.5941,-.0359,-0.13%,28.74,28.74,28.5941,62.06,0.21,0.13,24.82,27.45,27.88,29.54,-1105.05,2931.07,13.39,5.1,84.2,0.0,4.4
05/22/2026,1630,GLASF,10.160,+.07,+0.69%,10.080,10.330,9.960,59.27,0.61,NaN,7.52,9.17,9.16,10.53,7207.01,1033.01,1.08,0.0,21.1,0.0,3.7
05/22/2026,1630,GLBE,29.95,-.19,-0.63%,30.29,30.80,29.73,47.25,0.57,0.63,33.42,30.91,26.29,32.51,1203.02,-2706.07,11.07,57.1,77.2,-2.9,-2.3
05/22/2026,1630,GLD,413.82,-3.17,-0.76%,415.17,415.68,412.00,39.99,0.21,0.24,442.04,413.28,404.9,437.82,-5106.02,-41008.03,59.03,52.1,46.1,-1.1,0.0
05/22/2026,1630,GLIN,44.75,+.10,+0.22%,44.96,45.00,44.75,50.59,0.23,0.24,41.44,44.37,43.07,46.35,1201.01,-4352.04,12.04,87.2,82.1,-1.1,-6.6
05/22/2026,1630,GM,78.79,+1.58,+2.05%,78.00,79.85,77.685,55.92,0.37,0.38,74.19,75.21,72.3,80.08,1203.01,7985.01,1.04,65.1,75.2,0.0,-4.1
05/22/2026,1630,GME,21.96,-.53,-2.36%,22.40,22.58,21.795,40.87,0.58,0.6,23.4,22.85,20.3,24.45,1101.02,-2142.05,15.07,36.3,84.4,-7.2,-5.5
05/22/2026,1630,GO,8.015,+.005,+0.06%,8.05,8.26,7.83,54.52,0.49,0.71,8.73,7.73,7.45,8.33,2204.01,826.01,1.04,69.1,69.1,0.0,0.0
05/22/2026,1630,GOLF,88.43,+.06,+0.07%,88.38,89.8177,88.03,44.07,0.44,0.29,95.0,85.09,81.6,93.31,1204.01,-8395.08,20.12,35.1,100.4,-8.3,0.0
05/22/2026,1630,GOOG,379.38,-4.09,-1.07%,383.26,384.87,378.26,57.31,0.41,0.31,296.7,376.77,375.83,401.35,-4106.01,-37826.01,14.01,12.1,100.4,0.0,12.6
05/22/2026,1630,GOOGL,382.97,-4.69,-1.21%,387.345,388.74,381.7716,57.49,0.41,0.32,296.71,379.79,379.41,404.86,-4106.01,-38177.01,13.01,15.1,100.4,0.0,12.6
05/22/2026,1630,GOOS,9.81,0,0.00%,9.84,9.90,9.74,35.65,0.49,0.47,11.37,11.11,8.5,11.66,-8110.03,-930.03,24.04,40.1,52.2,-4.3,-22.7
05/22/2026,1630,GPI,326.18,+6.07,+1.90%,318.14,333.21,318.14,47.15,0.49,0.48,306.96,329.76,295.44,356.08,-7201.03,-30103.03,10.03,97.1,98.4,-0.1,-10.9
05/22/2026,1630,GPN,73.26,+.67,+0.92%,72.64,74.00,72.53,62.32,0.3,0.42,74.5,67.96,66.22,73.44,2203.01,7400.01,1.07,37.1,31.1,0.0,0.0
05/22/2026,1630,GRID,192.50,+1.52,+0.80%,192.87,193.8959,191.47,55.76,0.29,0.25,165.77,188.74,184.07,200.66,-4201.03,-18573.03,12.03,87.1,92.2,0.0,0.0
05/22/2026,1630,GRMN,240.71,+.93,+0.39%,240.89,242.78,239.465,49.68,0.34,0.29,243.46,234.61,224.26,246.39,2203.01,-22454.04,29.14,32.1,74.1,-6.7,0.0
05/22/2026,1630,GRNY,27.07,+.20,+0.74%,27.05,27.18,26.965,59.85,0.17,0.22,24.26,26.51,26.42,27.37,1202.01,-2648.03,10.03,41.1,46.1,0.0,2.3
05/22/2026,1630,GS,996.73,+8.56,+0.87%,994.63,1005.36,990.90,66.39,0.3,0.31,824.64,899.0,909.83,1012.59,3203.01,100536.01,1.15,32.1,78.1,7.3,1.0
05/22/2026,1630,GSG,33.25,-.17,-0.51%,33.27,33.55,32.96,50.09,0.29,0.35,25.36,31.86,32.54,35.14,-2103.01,3494.05,5.12,78.1,83.1,0.0,1.2
05/22/2026,1630,GTBIF,7.1400,-.16,-2.19%,7.2400,7.3900,7.0600,46.36,0.71,NaN,6.1,7.6,6.58,8.17,-5109.04,-700.03,16.04,0.0,41.4,-1.8,0.0
05/22/2026,1630,GTLB,26.73,+1.11,+4.33%,25.82,26.865,25.82,61.61,0.71,0.91,23.1,23.44,22.2,27.86,3205.01,2687.01,3.07,97.4,94.3,2.8,4.6
05/22/2026,1630,GTM,3.61,+.04,+1.12%,3.60,3.75,3.55,22.85,1.45,0.63,5.88,6.35,2.1,5.25,-5111.06,-346.02,10.06,55.1,97.4,-5.4,-27.3
05/22/2026,1630,GVAL,35.33,+.19,+0.54%,35.31,35.556,35.26,53.0,0.19,NaN,32.61,34.56,34.54,36.02,-4201.03,-3451.04,10.04,0.0,84.1,0.0,0.3
05/22/2026,1630,GVIP,174.2565,-.0644,-0.04%,175.28,175.28,174.2565,61.09,0.2,0.14,149.35,168.08,168.24,178.48,1202.01,-16773.04,10.04,58.2,73.1,0.0,8.6
05/22/2026,1630,GVZ:CGI,23.86,-.73,-2.97%,24.14,24.40,23.67,35.42,0.53,NaN,32.81,26.26,23.54,27.57,-3103.01,-2367.01,4.01,0.0,5.1,-5.1,0.0
05/22/2026,1630,H,174.15,-1.37,-0.78%,177.10,177.67,174.005,60.31,0.39,0.42,152.21,158.62,161.86,179.17,2203.01,17767.01,1.03,81.1,81.1,1.1,2.9
05/22/2026,1630,HACK,94.85,+2.15,+2.32%,93.34,94.95,93.34,79.03,0.21,0.35,70.84,80.75,85.56,96.9,16216.01,9495.01,4.3,93.3,53.1,28.7,20.3
05/22/2026,1630,HAL,41.47,-.49,-1.17%,41.96,41.96,41.01,54.72,0.3,0.39,34.07,38.83,39.5,43.81,4101.02,4359.03,3.25,33.1,21.1,0.0,1.1
05/22/2026,1630,HBB,19.61,+.11,+0.56%,20.00,20.00,19.3363,51.81,0.63,0.81,16.1,17.57,16.73,21.12,1203.01,-1732.03,11.07,50.3,76.2,0.0,-5.0
05/22/2026,1630,HBDC,24.72,+.075,+0.30%,24.69,24.72,24.64,53.73,0.04,NaN,24.45,24.52,24.59,24.75,-6201.02,-2460.02,2.02,NaN,NaN,-2.3,-0.6
05/22/2026,1630,HCA,394.07,+1.51,+0.38%,394.00,397.55,388.24,24.85,0.27,0.3,523.1,425.8,384.33,441.94,-5106.01,-38824.01,6.01,56.1,68.4,0.0,0.0
05/22/2026,1630,HD,313.07,-.71,-0.23%,314.50,314.96,311.46,45.44,0.27,0.3,360.12,310.4,293.53,324.01,1203.01,-28910.04,24.04,77.2,83.1,-4.3,0.0
05/22/2026,1630,HELE,25.65,+.86,+3.47%,24.83,25.80,24.64,65.14,0.56,0.71,16.22,23.11,22.3,26.38,1202.01,2580.01,1.05,24.1,62.4,0.0,0.6
05/22/2026,1630,HII,320.63,+3.08,+0.97%,319.68,322.1299,315.91,33.88,0.46,0.39,418.78,311.0,296.78,343.9,-9201.12,-31221.12,65.12,58.1,89.4,-17.7,0.0
05/22/2026,1630,HIMS,23.75,-.26,-1.08%,24.09,24.525,23.30,46.06,0.9,0.79,14.31,25.35,20.34,28.31,-7109.03,-2153.04,10.04,14.1,56.1,-3.8,-6.5
05/22/2026,1630,HLN,9.29,-.03,-0.32%,9.32,9.36,9.27,48.09,0.19,0.3,10.23,9.05,8.9,9.41,4205.01,936.01,1.1,70.1,36.1,-2.4,0.0
05/22/2026,1630,HLT,321.08,-1.53,-0.47%,325.85,325.85,318.405,52.12,0.27,0.29,295.88,308.06,312.37,327.56,4203.01,32585.01,1.15,64.1,83.3,-1.7,0.1
05/22/2026,1630,HOOD,73.64,-2.28,-3.00%,76.32,77.11,73.26,43.83,0.68,0.62,72.25,74.63,73.01,80.1,-8104.01,-7326.01,25.01,4.1,63.1,-7.3,5.9
05/22/2026,1630,HPP,11.23,-.05,-0.44%,11.45,11.65,11.06,62.62,0.84,0.99,6.19,8.94,9.85,12.84,-1101.03,1228.11,11.36,63.1,87.1,0.0,8.3
05/22/2026,1630,HQY,88.11,+1.68,+1.94%,86.43,88.16,85.7201,62.74,0.27,0.46,74.87,80.96,80.69,88.9,3205.01,8816.01,1.04,69.2,12.1,0.0,1.0
05/22/2026,1630,HSI:HK,25606.03,+219.51,+0.86%,25641.80,25732.36,25483.24,44.05,0.16,NaN,26356.96,25690.36,25249.74,26709.95,-5105.01,-2534173.02,6.02,0.0,15.1,0.0,0.0
05/22/2026,1630,HSY,194.78,+4.39,+2.31%,190.56,195.07,190.51,53.49,0.26,0.28,225.56,180.4,184.44,199.01,4201.04,19591.04,4.14,28.1,57.1,1.4,3.2
05/22/2026,1630,HTZ,5.30,+.24,+4.74%,5.08,5.405,5.08,44.66,0.82,1.08,4.16,5.69,4.47,6.44,-6109.02,-480.02,25.02,67.1,77.3,-0.7,0.0
05/22/2026,1630,HUBS,201.97,+3.60,+1.81%,200.75,205.265,196.14,44.47,0.97,0.72,224.01,228.91,153.51,240.17,1201.04,-17325.08,12.08,82.1,96.4,0.0,-2.3
05/22/2026,1630,HUM,307.95,+4.27,+1.41%,305.04,309.21,302.00,80.89,0.52,0.44,175.25,233.71,270.06,346.74,19102.06,31566.03,8.51,29.1,67.4,18.7,9.4
05/22/2026,1630,HYG,79.91,+.01,+0.01%,80.01,80.02,79.84,49.63,0.05,0.07,79.84,79.69,79.34,80.24,1203.01,-7923.04,31.04,45.1,79.1,-3.9,-2.6
05/22/2026,1630,HYLS,40.72,+.0276,+0.07%,40.78,40.83,40.67,43.86,0.05,NaN,40.07,40.8,40.6,41.09,-6102.01,-4067.01,6.01,0.0,79.1,0.0,0.0
05/22/2026,1630,IAK,134.11,-.18,-0.13%,134.66,134.71,133.87,58.73,0.12,0.15,133.74,129.71,129.59,136.18,5207.02,13487.02,2.09,52.1,8.1,0.3,-0.1
05/22/2026,1630,IBB,168.79,-.27,-0.16%,169.08,170.93,168.66,48.83,0.22,0.23,168.25,166.53,163.05,174.16,1202.01,-16208.04,10.04,38.1,80.1,-0.5,0.0
05/22/2026,1630,IBIT,42.96,-1.04,-2.36%,43.745,43.79,42.81,44.86,0.28,0.41,36.91,44.47,42.31,46.59,-6106.01,-4281.01,13.01,0.1,4.1,0.0,0.0
05/22/2026,1630,IDX,11.04,+.03,+0.27%,11.04,11.11,10.99,19.64,0.25,NaN,14.4,12.85,10.66,12.44,-14111.01,-1089.02,26.02,0.0,79.1,-28.7,-20.2
05/22/2026,1630,IDXX,559.37,+6.30,+1.14%,551.46,562.295,549.7467,50.83,0.31,0.32,624.95,550.0,515.76,579.28,1204.01,-52338.08,12.08,52.1,59.2,-1.0,0.0
05/22/2026,1630,IEF,93.88,+.08,+0.09%,93.96,93.99,93.63,41.04,0.06,0.07,96.64,94.22,92.85,94.98,-6110.03,-9315.03,25.03,53.1,74.1,-5.8,-16.7
05/22/2026,1630,IFF,75.28,+.03,+0.04%,76.04,76.52,74.60,52.25,0.69,0.32,77.54,69.98,69.12,83.76,-2107.03,8180.1,10.17,44.1,98.4,0.0,1.1
05/22/2026,1630,IGLB,49.48,+.18,+0.37%,49.55,49.555,49.30,49.01,0.09,0.08,50.47,49.1,48.58,50.05,-7202.02,-4864.03,32.03,19.1,67.1,0.0,-6.1
05/22/2026,1630,IGSB,52.32,0,0.00%,52.37,52.38,52.275,43.81,0.03,0.03,52.79,52.27,52.15,52.49,-11110.02,-5217.03,26.03,66.3,69.1,-9.9,-1.8
05/22/2026,1630,IIGD,24.4212,-.0054,-0.02%,24.47,24.47,24.41,37.76,0.03,NaN,24.81,24.53,24.3,24.62,-5109.03,-2436.03,32.03,0.0,76.2,-2.6,-7.5
05/22/2026,1630,IJT,161.93,+1.35,+0.84%,161.48,162.47,160.94,57.88,0.17,0.18,147.95,160.38,156.65,164.78,1202.01,-15724.03,12.03,51.1,48.1,0.0,0.0
05/22/2026,1630,ILMN,144.41,-.42,-0.29%,144.69,146.49,143.17,62.16,0.42,0.42,118.53,133.97,139.41,147.48,1202.01,14649.01,1.17,17.1,56.2,0.0,13.0
05/22/2026,1630,INDA,48.39,+.36,+0.75%,48.53,48.61,48.35,48.04,0.18,0.23,49.05,48.49,46.58,49.9,1201.01,-4713.04,12.04,86.2,81.1,-3.7,-9.7
05/22/2026,1630,INDY,42.55,+.21,+0.50%,42.74,42.80,42.535,45.02,0.17,NaN,44.52,42.93,41.15,43.87,1201.01,-4169.04,31.08,63.1,69.1,-5.0,-10.1
05/22/2026,1630,INFL,53.27,+.17,+0.32%,53.14,53.31,52.8401,53.41,0.12,0.22,52.67,52.23,52.48,53.86,1201.03,-5238.06,8.06,63.1,39.1,0.1,0.0
05/22/2026,1630,INMD,13.74,-.09,-0.65%,13.87,14.10,13.73,43.66,0.3,0.27,13.3,13.25,13.5,14.34,-8102.03,-1364.1,24.1,6.1,34.1,-3.5,0.0
05/22/2026,1630,INTC,119.84,+1.34,+1.13%,120.34,122.78,118.09,68.18,0.92,0.84,42.14,95.6,101.88,134.68,-3203.04,-10240.04,10.04,94.4,87.4,0.0,3.5
05/22/2026,1630,INVH,29.29,+.26,+0.90%,29.16,29.425,28.94,65.47,0.22,0.25,25.32,28.35,28.12,29.47,3205.01,2943.01,1.06,30.1,69.2,-0.1,6.9
05/22/2026,1630,IONQ,63.64,+4.75,+8.07%,58.00,65.80,58.00,69.21,1.04,1.09,31.84,44.79,45.11,64.82,2203.01,6580.01,1.04,76.1,71.2,0.1,4.1
05/22/2026,1630,IPO,53.06,+.22,+0.42%,52.98,53.515,52.90,65.98,0.34,0.3,41.49,49.85,47.9,53.49,2203.01,5352.01,1.09,76.2,81.1,2.6,1.3
05/22/2026,1630,IRM,126.46,-.87,-0.68%,128.00,128.27,126.18,58.35,0.44,0.35,104.68,125.3,121.52,131.41,-3101.04,-12205.04,12.04,45.1,97.4,0.0,12.7
05/22/2026,1630,IRT,16.86,+.07,+0.42%,16.86,16.915,16.625,66.77,0.16,0.38,16.14,16.14,16.07,16.92,3204.01,1692.01,1.04,65.3,8.1,0.0,2.1
05/22/2026,1630,ITA,225.37,+2.22,+0.99%,225.00,226.2375,224.155,53.95,0.24,0.25,238.07,214.3,216.38,230.99,1203.01,22726.1,10.2,67.1,83.1,-0.1,5.0
05/22/2026,1630,ITB,90.97,+.15,+0.17%,91.40,91.40,89.84,46.95,0.33,0.38,101.05,91.21,84.8,94.82,1203.01,-8498.04,23.04,97.2,83.3,-2.7,-0.4
05/22/2026,1630,ITW,252.20,+2.27,+0.91%,251.91,252.74,249.425,43.73,0.19,0.24,282.87,250.46,244.51,257.92,-8201.02,-24560.02,30.02,64.1,49.1,-14.5,0.0
05/22/2026,1630,IVOL,17.89,-.12,-0.67%,17.98,17.98,17.83,26.52,0.05,0.31,18.83,18.27,17.74,18.28,-12119.01,-1783.01,38.04,86.4,17.1,-9.2,-8.1
05/22/2026,1630,IWC,186.76,+1.45,+0.78%,186.43,187.57,185.8851,59.37,0.27,0.27,162.66,180.61,176.85,190.56,1202.01,-17726.03,10.03,82.1,75.1,0.0,0.6
05/22/2026,1630,IWF,125.00,+.32,+0.26%,125.26,125.855,124.82,67.65,0.12,0.2,110.12,118.98,121.13,127.46,7203.07,12605.07,7.39,45.1,12.1,0.7,10.2
05/22/2026,1630,IWM,285.12,+2.63,+0.93%,284.10,286.61,283.67,60.85,0.2,0.25,253.31,276.1,273.39,289.21,1202.01,-27341.03,10.03,60.1,62.1,0.0,0.0
05/22/2026,1630,IWN,211.31,+1.52,+0.72%,210.88,212.00,210.13,60.4,0.17,0.2,191.93,205.45,204.14,214.0,1203.01,-20463.03,10.03,58.1,39.1,0.0,0.0
05/22/2026,1630,IWO,372.34,+4.28,+1.16%,370.70,374.30,370.40,60.99,0.24,0.25,323.83,358.59,354.11,378.35,1202.01,-35354.03,10.03,74.1,77.1,0.0,0.9
05/22/2026,1630,J,114.69,+1.01,+0.89%,114.74,116.01,113.80,41.4,0.5,0.35,132.0,119.22,98.82,126.61,1202.01,-10808.07,14.07,76.1,94.4,-1.0,-8.6
05/22/2026,1630,JACK,11.55,+.20,+1.76%,11.48,11.85,11.29,44.38,0.77,1.0,14.81,11.92,9.59,14.14,-4108.04,-1064.04,11.04,98.2,78.4,0.0,-7.2
05/22/2026,1630,JBHT,258.77,-.46,-0.18%,259.48,260.24,255.62,60.29,0.38,0.38,216.08,237.71,234.77,273.36,4207.03,26498.03,3.07,59.1,76.2,0.3,0.0
05/22/2026,1630,JBLU,5.05,+.04,+0.80%,5.09,5.11,4.95,53.96,0.64,0.84,4.85,4.7,4.38,5.26,1202.01,-435.03,26.03,50.1,69.1,0.0,0.0
05/22/2026,1630,JBSAY,14.44,0,0.00%,0,0,0,49.84,0.41,NaN,NaN,14.81,Infinity,-Infinity,2201.01,1550.01,1.04,0.0,47.1,-0.8,-0.1
05/22/2026,1630,JETS,27.13,+.13,+0.48%,27.18,27.39,26.85,57.04,0.39,0.52,26.25,25.27,24.69,27.96,1203.01,-2482.03,11.03,89.2,89.1,0.0,0.0
05/22/2026,1630,JNJ,234.34,+2.61,+1.13%,233.00,235.495,232.72,58.3,0.18,0.22,242.02,220.63,220.92,236.77,7208.01,23550.01,1.1,50.1,75.4,0.0,1.6
05/22/2026,1630,JNK,96.25,+.05,+0.05%,96.34,96.46,96.155,50.3,0.05,0.08,96.12,95.92,95.53,96.62,1203.01,-9559.03,31.03,50.1,67.1,-3.5,-3.0
05/22/2026,1630,JOBY,10.92,+.52,+5.00%,10.47,11.25,10.42,61.22,0.92,0.81,9.37,8.63,9.08,11.82,-1202.04,1125.01,10.18,31.1,73.4,0.0,1.6
05/22/2026,1630,JOE,63.81,-.22,-0.34%,63.90,64.00,63.33,44.23,0.4,0.32,66.01,61.0,62.64,65.7,-3102.15,-6100.15,18.15,43.1,88.4,-14.0,0.0
05/22/2026,1630,JOET,43.6969,+.4548,+1.05%,43.5699,43.805,43.5699,60.64,0.14,0.17,41.48,42.58,42.52,43.98,1202.01,4381.01,1.03,12.1,56.1,0.0,1.2
05/22/2026,1630,JPM,306.38,+3.38,+1.12%,304.68,307.45,303.84,52.69,0.21,0.25,289.5,306.14,292.21,311.92,1203.01,-29367.03,12.03,23.1,61.1,-3.3,-4.4
05/22/2026,1630,JPXN,98.49,+.53,+0.54%,98.29,98.74,98.10,56.28,0.18,NaN,90.93,94.83,95.91,101.75,-3106.02,10093.08,10.22,0.0,52.1,0.0,6.1
05/22/2026,1630,JYNT,8.95,+.13,+1.47%,8.89,9.08,8.71,57.17,0.32,NaN,8.09,8.57,8.22,9.07,4205.01,908.01,1.05,36.1,38.1,-1.4,0.0
05/22/2026,1630,K,83.44,0,0.00%,0,0,0,60.53,0.03,0.1,76.99,83.35,82.98,83.69,1203.03,-8305.04,9.04,25.1,26.1,0.9,-1.1
05/22/2026,1630,KBA,33.19,-.0657,-0.20%,33.08,33.22,33.08,49.59,0.21,0.24,29.53,33.34,32.69,35.03,-5106.01,-3301.02,8.02,62.1,81.4,0.0,0.0
05/22/2026,1630,KBWP,120.6285,-.6015,-0.50%,121.195,121.32,120.42,53.08,0.13,0.15,123.0,117.22,116.46,122.92,5206.02,12144.02,3.08,66.1,11.1,0.0,0.0
05/22/2026,1630,KCE,152.16,-.02,-0.01%,153.07,153.39,152.16,55.07,0.14,0.17,141.57,149.87,149.78,154.54,1202.01,-14975.02,7.02,55.1,3.1,0.0,0.0
05/22/2026,1630,KDP,29.12,+.34,+1.18%,28.72,29.28,28.66,57.89,0.23,0.25,28.84,27.84,28.52,29.49,-2201.01,-2866.01,4.01,30.1,54.3,-2.2,0.0
05/22/2026,1630,KEMX,48.68,+.03,+0.06%,49.05,49.095,48.59,57.9,0.32,0.32,40.88,46.64,46.46,50.63,1202.01,-4642.04,11.04,74.1,86.2,0.0,6.6
05/22/2026,1630,KHC,23.79,+.25,+1.06%,23.57,23.955,23.53,61.13,0.22,0.29,23.79,22.02,22.62,24.29,4205.1,2412.1,10.14,29.1,31.1,0.0,3.9
05/22/2026,1630,KLAC,1888.38,+46.20,+2.51%,1874.99,1910.13,1861.73,59.01,0.5,0.56,1426.52,1676.79,1721.31,1948.14,2203.01,-169028.04,7.04,83.1,74.2,0.0,0.8
05/22/2026,1630,KMX,40.33,+1.41,+3.62%,38.96,40.38,38.96,55.04,0.45,0.68,39.35,36.57,35.72,41.26,1202.01,-3517.03,10.03,77.2,67.1,0.0,0.0
05/22/2026,1630,KNX,70.12,-.13,-0.19%,70.67,71.19,69.28,63.69,0.58,0.45,58.39,60.37,59.78,74.84,5207.02,7163.03,3.07,79.1,99.4,8.3,0.0
05/22/2026,1630,KO,81.48,+.31,+0.38%,81.18,81.675,80.92,66.44,0.17,0.18,77.75,77.73,78.12,83.31,11219.03,8240.03,3.24,13.1,71.3,11.1,3.4
05/22/2026,1630,KR,67.25,+.18,+0.27%,67.00,67.40,66.37,48.52,0.28,0.36,66.44,65.18,64.16,70.29,-1201.02,7003.03,3.08,86.3,71.1,0.3,-0.9
05/22/2026,1630,KRE,69.37,+.16,+0.23%,69.25,69.61,69.07,54.25,0.2,0.3,65.12,68.77,66.28,70.78,1203.01,-6642.06,12.06,44.1,26.1,-0.2,-1.7
05/22/2026,1630,KSA,38.64,-.03,-0.08%,38.67,38.72,38.52,47.66,0.1,0.28,36.01,38.31,38.14,39.02,-2202.05,-3818.05,37.22,76.1,18.1,-4.6,0.0
05/22/2026,1630,KSS,13.06,+.36,+2.83%,12.84,13.18,12.71,47.65,0.59,0.86,14.72,14.1,10.55,14.56,1202.01,-1138.03,19.05,59.2,42.3,-2.5,-8.1
05/22/2026,1630,KVUE,17.53,+.07,+0.40%,17.47,17.63,17.465,53.67,0.19,0.22,17.99,17.01,17.0,17.83,1203.01,-1705.02,11.02,3.1,30.1,0.0,0.0
05/22/2026,1630,KW,10.99,-.01,-0.09%,11.00,11.01,10.98,55.6,0.04,0.15,10.83,10.87,10.93,11.1,-1102.01,1104.05,10.14,0.1,9.1,3.8,3.2
05/22/2026,1630,KWEB,26.91,-.72,-2.61%,26.46,27.135,26.41,35.44,0.36,0.32,29.11,28.52,26.66,30.19,-5107.01,-2641.01,8.01,23.1,91.4,0.0,0.0
05/22/2026,1630,LAMR,153.10,+.49,+0.32%,152.52,153.72,151.74,67.01,0.37,0.28,132.8,137.35,142.14,162.49,-1203.06,15766.1,10.45,62.1,94.4,1.9,10.7
05/22/2026,1630,LCID,5.84,0,0.00%,5.86,6.07,5.82,37.7,0.67,0.92,9.46,5.72,5.36,6.39,-5106.02,-555.02,7.02,21.1,46.2,-6.2,0.0
05/22/2026,1630,LEVI,22.02,+.27,+1.24%,21.78,22.07,21.70,54.27,0.29,0.38,20.4,21.83,20.24,22.94,1202.01,-2042.03,11.03,56.1,32.1,-1.1,-8.5
05/22/2026,1630,LFMD,4.19,+.12,+2.95%,4.10,4.365,4.10,46.41,0.85,0.86,2.6,4.33,3.61,5.08,-6112.05,-407.02,24.08,42.1,64.1,-2.4,-0.7
05/22/2026,1630,LFST,7.39,-.07,-0.94%,7.46,7.46,7.24,48.82,0.92,0.5,6.74,7.18,7.04,8.6,-2107.01,-724.01,12.01,41.1,92.4,0.0,0.0
05/22/2026,1630,LH,259.93,+4.18,+1.63%,256.00,260.99,254.48,51.36,0.18,0.28,278.7,248.59,251.9,262.0,1203.01,26099.01,1.02,62.1,29.1,-0.1,0.3
05/22/2026,1630,LI,15.89,-.31,-1.91%,15.455,16.00,15.39,33.85,0.54,0.55,16.62,17.27,15.2,19.54,-5106.01,-1539.01,7.01,51.3,99.4,0.0,-6.5
05/22/2026,1630,LII,484.64,+4.13,+0.86%,484.80,492.32,476.665,43.29,0.38,0.41,532.5,510.37,465.44,533.82,-7109.01,-47522.02,12.02,82.1,77.1,-0.3,0.0
05/22/2026,1630,LIN,517.58,+3.07,+0.60%,517.02,521.23,514.98,60.28,0.2,0.24,491.59,490.4,495.62,524.04,6210.01,52123.01,1.14,65.1,82.2,1.2,1.0
05/22/2026,1630,LIT,85.28,+.90,+1.07%,85.07,85.644,84.555,52.16,0.33,0.38,67.61,86.61,79.9,91.85,-5107.03,-8220.03,12.03,81.2,57.2,0.0,0.0
05/22/2026,1630,LLY,1065.00,+23.35,+2.24%,1049.81,1070.3399,1047.07,68.31,0.44,0.33,993.66,951.76,955.01,1073.39,10204.01,107034.01,1.18,12.1,75.4,0.0,16.9
05/22/2026,1630,LMND,56.52,-.53,-0.93%,57.14,58.50,56.30,48.01,0.78,0.7,48.9,52.04,51.66,58.46,3203.01,5850.01,1.04,12.1,55.1,-11.1,0.0
05/22/2026,1630,LMT,533.24,+10.45,+2.00%,524.86,534.27,524.0001,47.28,0.18,0.32,634.04,500.31,509.95,535.7,4215.01,53427.01,1.21,72.1,21.1,0.0,0.4
05/22/2026,1630,LNG,240.85,+.40,+0.17%,239.45,241.16,234.6737,38.76,0.33,0.35,216.43,236.0,221.12,261.03,-5103.08,-23467.01,16.1,76.1,77.1,-4.6,-3.3
05/22/2026,1630,LOGI,112.63,+6.83,+6.46%,106.95,113.04,106.92,68.64,0.41,0.38,88.53,97.07,100.08,112.08,8202.01,11304.01,1.3,61.1,93.2,0.0,7.2
05/22/2026,1630,LOTMY,29.2036,-.0814,-0.28%,28.8900,29.2400,28.8200,42.18,0.48,NaN,23.67,28.5,28.07,32.65,-3107.01,3304.12,12.18,0.0,NaN,0.0,0.0
05/22/2026,1630,LOW,215.03,-2.38,-1.09%,217.22,217.22,213.57,34.23,0.29,0.31,251.3,223.0,210.5,231.01,-11123.01,-21357.01,24.01,71.3,74.1,-11.3,-1.0
05/22/2026,1630,LQD,108.37,+.20,+0.18%,108.53,108.5301,108.10,47.22,0.06,0.07,110.17,107.92,107.07,109.35,-7201.02,-10717.03,32.03,42.1,73.1,-0.1,-6.7
05/22/2026,1630,LRCX,305.35,+3.11,+1.03%,305.725,309.98,303.18,63.61,0.57,0.65,215.79,254.95,266.64,317.16,2203.01,30998.01,1.17,69.1,76.1,0.0,3.3
05/22/2026,1630,LUV,40.86,+.08,+0.20%,40.93,41.34,40.24,55.24,0.41,0.56,46.02,37.94,37.23,42.38,1203.01,-3744.03,11.03,84.1,54.1,-0.1,0.3
05/22/2026,1630,LUXE,6.98,-.23,-3.19%,7.21,7.235,6.93,32.66,0.59,0.66,8.95,8.66,6.26,8.52,-10112.03,-688.03,12.03,10.1,82.1,-2.0,-22.8
05/22/2026,1630,LVS,49.43,-.02,-0.04%,48.60,49.805,48.55,33.8,0.25,0.36,53.63,51.53,47.9,53.4,-11111.01,-4855.01,24.01,29.1,30.3,-3.0,-4.3
05/22/2026,1630,LW,43.76,+.95,+2.22%,42.97,43.77,42.61,54.55,0.35,0.35,45.63,41.52,40.74,44.56,-2202.02,-4056.02,4.02,37.1,67.1,-0.1,-0.1
05/22/2026,1630,LYB,69.72,-.36,-0.51%,70.53,71.06,69.105,42.07,0.34,0.5,54.59,70.23,67.97,76.25,-6105.01,-6911.01,14.01,51.1,13.1,-0.8,0.0
05/22/2026,1630,LYFT,13.90,+.42,+3.12%,13.45,13.93,13.44,51.85,0.33,0.57,12.83,14.0,12.68,14.43,-6201.03,-1280.03,10.03,31.1,14.1,-1.9,-4.6
05/22/2026,1630,LYV,165.55,-.43,-0.26%,165.67,167.02,164.16,55.21,0.31,0.32,154.63,156.24,159.07,173.45,-2104.02,17312.07,7.21,11.1,58.1,0.0,7.7
05/22/2026,1630,M,20.66,+.04,+0.19%,20.78,20.81,20.44,65.62,0.36,0.6,17.7,19.02,17.81,20.9,3204.01,2081.01,1.06,78.2,28.1,0.0,0.0
05/22/2026,1630,MA,498.54,-1.08,-0.22%,499.11,504.26,497.32,48.21,0.27,0.25,502.42,489.73,487.66,505.72,1205.01,50426.01,1.02,46.1,81.2,-7.5,0.0
05/22/2026,1630,MAC,22.17,-.20,-0.89%,22.48,22.49,22.095,56.37,0.3,0.36,19.29,21.21,21.53,22.77,2204.02,2255.02,7.09,31.1,45.1,3.0,3.1
05/22/2026,1630,MAR,369.15,-1.41,-0.38%,368.21,370.91,367.30,61.72,0.24,0.29,320.56,345.38,347.93,375.34,5207.01,37115.02,2.15,50.1,35.1,0.0,0.4
05/22/2026,1630,MARA,13.81,+.26,+1.92%,13.57,14.11,13.41,65.44,0.71,0.86,8.14,11.26,12.0,14.19,3203.01,1411.01,1.04,25.1,41.1,0.0,5.3
05/22/2026,1630,MCD,282.27,-1.91,-0.67%,283.00,283.73,280.405,42.16,0.21,0.22,327.7,282.15,271.63,287.77,2205.02,-27198.1,25.1,56.1,98.4,-5.9,0.0
05/22/2026,1630,MCHP,93.43,+2.32,+2.55%,90.67,94.905,90.64,56.35,0.45,0.5,69.33,93.62,88.09,101.91,-6109.01,-8916.02,11.02,53.1,59.4,0.0,1.1
05/22/2026,1630,MCK,766.08,-.42,-0.05%,769.14,772.94,759.30,41.31,0.34,0.27,953.0,729.68,708.67,800.38,1206.05,-72368.1,29.1,49.1,90.2,-10.0,0.0
05/22/2026,1630,MCO,449.12,+3.75,+0.84%,446.00,452.85,445.615,51.58,0.25,0.32,454.4,442.22,427.14,458.86,1203.01,-42789.03,16.03,79.1,56.1,-3.4,-1.3
05/22/2026,1630,MCW,7.10,0,0.00%,0,0,0,66.52,0.05,NaN,6.96,7.04,7.02,7.12,5205.01,711.01,1.18,56.2,10.1,0.4,6.5
05/22/2026,1630,MDB,326.13,+8.63,+2.72%,318.05,330.99,318.05,65.98,0.54,0.92,229.6,255.62,281.47,357.52,8216.04,34921.04,4.3,93.4,54.1,14.4,7.7
05/22/2026,1630,MDLZ,61.76,+.26,+0.42%,61.58,62.19,61.422,60.22,0.19,0.24,58.18,60.26,60.64,62.18,2203.01,6219.01,1.03,36.1,35.1,-0.3,15.4
05/22/2026,1630,MELI,1664.42,-13.48,-0.80%,1681.205,1703.92,1650.13,46.54,0.61,0.38,1654.24,1778.27,1423.78,1826.44,1203.01,-149500.08,12.08,40.1,99.4,-0.6,-3.2
05/22/2026,1630,META,610.26,+2.88,+0.47%,607.88,614.81,606.95,45.34,0.35,0.33,634.5,598.1,598.16,619.69,-2201.02,-59481.02,28.02,28.1,56.1,-27.1,0.0
05/22/2026,1630,MGM,38.40,+.74,+1.96%,37.74,38.75,37.715,54.77,0.29,0.41,33.75,37.22,35.8,38.87,1202.01,3875.01,1.02,43.1,22.1,-6.8,-0.5
05/22/2026,1630,MGPI,18.05,-.05,-0.28%,18.36,18.36,17.875,40.59,0.43,0.58,18.1,18.75,16.97,19.64,-8110.03,-1751.03,13.08,68.3,78.1,-4.3,-4.7
05/22/2026,1630,MICC,16.05,-.22,-1.35%,16.02,16.205,16.00,59.67,0.68,0.38,14.89,14.57,14.49,16.9,2203.02,1703.06,6.22,NaN,NaN,0.0,6.5
05/22/2026,1630,MKOR,61.70,-.61,-0.98%,62.98,62.98,61.70,58.32,0.57,0.46,43.99,57.52,56.95,65.86,1202.01,-5661.04,11.04,99.4,88.2,0.0,6.0
05/22/2026,1630,MLCO,5.38,-.03,-0.55%,5.37,5.42,5.185,43.16,0.37,0.59,5.62,5.35,5.28,5.57,-12104.01,-519.01,23.01,66.1,51.1,-5.4,0.0
05/22/2026,1630,MLM,536.48,-1.49,-0.28%,542.43,543.82,528.90,27.46,0.23,0.28,641.95,596.42,508.94,594.54,-13112.03,-52731.03,12.03,72.1,60.1,-5.3,-27.6
05/22/2026,1630,MNDY,79.055,+2.795,+3.67%,77.59,81.10,77.50,58.39,0.75,0.7,68.8,72.03,68.36,82.22,2205.01,8110.01,1.07,52.1,80.4,2.8,5.2
05/22/2026,1630,MNSO,13.53,-.21,-1.53%,13.39,13.6394,13.37,31.95,0.3,0.59,16.36,14.48,13.35,14.95,-13106.01,-1337.01,33.01,83.3,20.1,-0.3,0.0
05/22/2026,1630,MNST,86.79,+.47,+0.54%,86.20,87.11,85.86,66.05,0.5,0.25,78.07,74.6,79.79,95.14,-1101.01,8866.05,9.14,38.1,96.4,12.7,3.1
05/22/2026,1630,MO,73.90,+.19,+0.26%,73.69,74.16,73.48,64.47,0.34,0.25,67.53,69.0,68.26,76.39,1208.06,7441.04,15.26,74.1,95.4,0.0,6.0
05/22/2026,1630,MOH,184.14,+2.88,+1.59%,182.41,184.82,180.86,56.59,0.37,0.48,142.5,190.75,176.16,194.77,-6107.02,-17649.02,17.02,25.1,34.1,-4.4,0.0
05/22/2026,1630,MOO,80.27,-.19,-0.24%,80.45,80.76,79.90,35.75,0.17,0.19,82.02,81.55,78.88,83.42,-7112.02,-7968.02,13.02,74.2,80.2,-2.7,-8.6
05/22/2026,1630,MOVE:GIF,78.4304,-1.2875,-1.62%,79.7179,79.7179,78.4304,52.62,0.9,NaN,62.43,70.41,66.21,88.54,4206.03,8532.03,3.32,0.0,83.1,12.7,3.1
05/22/2026,1630,MP,64.46,+2.72,+4.41%,63.06,65.5951,62.9156,53.96,0.76,0.72,57.01,65.0,52.21,71.8,1202.01,-5357.03,11.03,17.1,46.2,0.0,-2.6
05/22/2026,1630,MPC,254.65,+6.22,+2.50%,249.00,255.83,248.0001,57.03,0.4,0.4,190.32,234.14,241.67,265.57,5201.02,26206.02,2.26,79.1,92.1,0.0,8.5
05/22/2026,1630,MPLX,56.47,+.85,+1.53%,55.50,56.65,55.50,56.07,0.23,0.24,58.01,54.52,53.61,57.13,2205.01,5665.01,1.08,60.1,99.4,0.0,0.0
05/22/2026,1630,MPNGY,20.20,-.89,-4.22%,20.41,20.41,19.90,41.89,0.56,NaN,18.68,20.88,19.96,22.72,-3102.01,-1990.01,8.01,0.0,92.4,0.0,0.0
05/22/2026,1630,MRNA,46.88,-.38,-0.80%,47.54,48.35,46.77,43.25,0.63,0.73,48.09,45.29,43.9,53.96,-3106.03,5462.09,9.16,40.1,61.2,-1.9,0.0
05/22/2026,1630,MRVL,196.33,+5.64,+2.96%,194.72,198.395,192.22,71.18,0.66,0.92,76.65,158.55,159.29,200.18,3204.01,19840.01,1.39,96.4,74.2,1.9,4.5
05/22/2026,1630,MSFT,418.57,-.52,-0.12%,419.535,424.40,416.33,54.42,0.24,0.29,389.88,405.11,406.1,427.09,5206.01,42440.01,1.07,60.1,73.1,-0.1,0.1
05/22/2026,1630,MSGS,353.87,+1.56,+0.44%,354.69,357.70,346.74,64.71,0.26,0.32,313.48,326.65,331.9,364.8,5208.03,35770.01,3.08,69.1,68.1,6.8,0.2
05/22/2026,1630,MSM,106.50,+.52,+0.49%,106.48,107.39,105.005,63.7,0.31,0.3,90.09,100.63,102.82,109.4,-2203.03,-10297.03,10.03,34.1,80.3,0.0,6.2
05/22/2026,1630,MSTR,159.89,-4.96,-3.01%,164.09,165.66,159.24,44.64,0.64,0.69,127.8,175.72,151.59,194.75,-6106.01,-15924.01,10.02,18.1,56.1,0.0,0.0
05/22/2026,1630,MTCH,35.80,+.14,+0.39%,35.61,35.97,35.54,51.29,0.34,0.35,30.16,35.71,33.95,37.72,-5112.08,-3483.03,12.08,29.1,73.2,-3.6,-5.4
05/22/2026,1630,MTDR,56.64,+.55,+0.98%,55.68,57.1435,55.68,43.63,0.49,0.46,48.07,54.12,52.64,63.64,-1102.01,-5490.11,18.11,47.1,91.3,-1.3,0.0
05/22/2026,1630,MTUM,303.60,+1.44,+0.48%,305.00,306.00,303.105,64.76,0.26,0.28,242.65,282.64,287.48,313.42,1203.01,30796.07,10.38,86.2,90.2,0.0,6.2
05/22/2026,1630,MU,751.00,-11.10,-1.46%,756.815,780.1999,747.20,65.07,0.88,0.91,374.55,557.76,640.19,876.76,-1106.04,81867.1,10.38,96.3,99.4,0.0,11.2
05/22/2026,1630,MUR,38.00,+.23,+0.61%,37.41,38.275,37.35,45.27,0.46,0.59,30.29,36.15,35.92,42.01,-1103.02,-3707.02,17.1,95.2,47.1,-1.0,0.0
05/22/2026,1630,MUSA,542.74,-1.77,-0.33%,545.32,555.08,538.43,47.32,0.57,0.39,378.82,564.55,531.22,598.57,-4107.01,-53843.01,13.01,62.1,90.4,0.0,8.0
05/22/2026,1630,MZTI,115.00,+2.23,+1.98%,112.77,115.105,112.77,36.71,0.35,0.26,160.21,111.04,110.34,117.79,-12201.1,-11031.02,31.14,65.1,83.3,-18.7,0.0
05/22/2026,1630,N225:JP,63339.07,+1654.93,+2.68%,61913.36,63432.41,61842.56,64.09,0.28,NaN,56680.88,58928.2,58912.95,64653.71,1202.01,-5929225.03,9.03,0.0,82.1,0.0,0.2
05/22/2026,1630,NBIS,214.77,-5.16,-2.35%,219.26,221.9199,210.7301,63.48,1.18,1.07,83.53,159.7,170.75,236.33,10202.02,22879.06,6.17,80.3,87.2,0.0,8.2
05/22/2026,1630,NBIX,156.70,+1.20,+0.77%,156.95,158.63,155.44,69.03,0.36,0.35,128.0,131.78,146.62,171.9,-1104.03,16239.07,8.18,44.1,76.4,4.3,11.2
05/22/2026,1630,NCLH,16.30,-.17,-1.03%,16.705,16.705,16.255,42.86,0.57,0.61,20.52,16.91,14.43,17.66,1203.01,-1453.04,26.04,73.1,66.1,-7.4,-7.1
05/22/2026,1630,NEE,88.55,-1.14,-1.27%,89.71,89.84,87.95,38.96,0.31,0.26,90.33,92.72,85.9,97.0,-8106.01,-8795.01,16.03,14.1,83.4,-1.2,-0.4
05/22/2026,1630,NEM,107.64,-.69,-0.64%,108.50,109.06,106.21,44.0,0.49,0.45,115.88,107.4,101.14,121.53,-5106.02,-10462.02,10.02,47.1,65.2,0.0,-0.1
05/22/2026,1630,NET,216.17,+3.52,+1.66%,214.60,216.79,211.07,54.13,1.11,0.62,162.53,217.48,169.87,250.92,1202.01,-18575.08,12.08,54.1,99.4,0.0,-0.1
05/22/2026,1630,NFLX,88.60,-.70,-0.78%,89.10,89.9699,88.17,43.87,0.25,0.35,79.25,86.72,85.16,90.44,3205.01,8997.01,1.1,42.1,46.1,-5.6,0.7
05/22/2026,1630,NIKL,15.54,+.46,+3.05%,15.25,15.66,15.25,40.9,0.44,NaN,17.58,16.67,14.06,17.81,-6108.02,-1473.03,9.03,0.0,71.1,-1.5,-11.0
05/22/2026,1630,NKE,44.67,+.28,+0.63%,44.56,44.72,44.21,51.49,0.27,0.4,58.61,42.65,41.57,45.33,2203.01,4474.02,2.05,49.1,25.1,-1.1,0.0
05/22/2026,1630,NLR,130.85,+.90,+0.69%,130.75,132.575,130.415,42.98,0.48,0.35,138.57,140.78,118.64,146.21,-8109.03,-12358.04,12.04,32.1,82.2,-1.3,-16.4
05/22/2026,1630,NNN,45.00,+.02,+0.04%,44.92,45.27,44.71,58.73,0.12,0.16,43.92,43.65,43.69,45.48,4205.01,4527.01,1.06,5.1,9.1,0.0,2.0
05/22/2026,1630,NOAH,10.01,-.47,-4.48%,10.39,10.39,9.985,38.88,0.32,0.58,11.2,10.57,9.9,10.89,-7110.01,-999.01,11.01,66.4,46.1,0.0,0.0
05/22/2026,1630,NORW,38.90,-.44,-1.12%,39.29,39.29,38.78,56.84,0.14,NaN,34.58,37.62,37.83,39.66,3205.02,3939.02,2.06,0.0,30.1,3.9,1.9
05/22/2026,1630,NOW,102.13,+2.44,+2.45%,102.18,104.59,99.4328,57.65,0.51,0.6,100.16,88.21,86.18,108.23,5207.01,10459.01,3.07,88.2,79.4,0.0,0.0
05/22/2026,1630,NSA,42.71,-.07,-0.16%,43.17,43.25,42.54,55.24,0.27,0.42,33.61,41.41,40.86,44.24,-3203.04,-4074.04,10.04,56.1,57.1,0.0,-0.3
05/22/2026,1630,NSC,314.53,+3.09,+0.99%,311.82,317.25,311.17,54.47,0.17,0.24,309.72,310.2,309.85,320.64,-3103.01,-31117.01,3.01,59.1,53.4,0.0,0.0
05/22/2026,1630,NSP,32.09,+1.23,+3.99%,30.87,32.205,30.74,54.98,1.08,0.77,20.42,27.68,28.66,34.19,1201.04,-2768.13,18.13,83.1,92.4,-8.1,0.0
05/22/2026,1630,NSSC,37.41,+.72,+1.96%,36.96,37.505,36.825,37.76,0.68,0.44,42.21,39.16,34.23,40.94,-1101.01,-3522.04,16.13,28.1,99.4,-21.2,-7.1
05/22/2026,1630,NTLA,12.60,+.23,+1.86%,12.40,12.89,12.3459,44.33,0.73,0.81,12.7,13.11,11.45,14.59,-5107.02,-1182.02,10.02,13.1,34.3,-1.1,0.0
05/22/2026,1630,NTR,70.13,-.11,-0.16%,70.36,71.44,69.45,42.74,0.4,0.35,71.23,68.3,65.88,75.42,-3113.1,-6886.1,14.1,61.1,83.3,-0.3,-4.2
05/22/2026,1630,NUE,232.00,+5.56,+2.46%,229.10,233.05,227.59,65.86,0.3,0.34,171.29,222.79,221.55,236.31,-3201.03,-22177.03,19.03,12.1,65.2,-1.8,1.0
05/22/2026,1630,NVDA,215.33,-4.18,-1.90%,220.904,221.01,214.80,53.71,0.43,0.42,174.64,194.74,203.27,241.76,-1102.01,23654.07,7.15,40.2,91.4,4.4,6.0
05/22/2026,1630,NVO,44.96,+.57,+1.28%,44.61,45.18,44.465,58.5,0.3,0.41,35.85,43.84,43.45,47.18,-2106.02,-4374.02,10.02,0.1,15.1,0.0,12.9
05/22/2026,1630,NXPI,316.47,+17.09,+5.71%,300.80,316.81,300.6201,69.13,0.93,0.51,213.19,288.29,288.42,318.45,3203.01,31681.01,1.04,92.2,100.4,0.0,22.7
05/22/2026,1630,NYT,74.96,+.70,+0.94%,74.26,75.00,73.62,41.34,0.39,0.32,75.97,77.14,71.66,81.13,-9111.02,-7297.02,12.02,63.1,89.4,-0.2,-9.0
05/22/2026,1630,O,62.02,-.21,-0.34%,62.23,62.42,61.57,45.46,0.18,0.19,65.0,61.52,60.48,63.55,-9203.06,-6111.06,31.08,47.1,84.4,-5.7,-2.0
05/22/2026,1630,OC,117.42,+1.36,+1.17%,117.12,118.27,116.00,49.89,0.45,0.4,110.61,116.31,107.63,124.74,-6202.02,-10962.02,12.02,41.1,86.2,-2.4,-7.7
05/22/2026,1630,OIH,443.96,-1.17,-0.26%,445.00,446.145,436.71,58.6,0.23,0.37,379.31,412.02,421.36,462.25,5209.02,45928.03,3.12,65.1,4.1,0.0,1.8
05/22/2026,1630,OKE,94.03,+1.41,+1.52%,92.81,94.42,92.405,61.56,0.33,0.32,79.73,83.66,85.56,97.48,5209.03,9607.03,3.11,53.1,92.2,1.8,2.4
05/22/2026,1630,OKLO,65.88,+.79,+1.21%,66.82,69.7167,65.13,50.09,1.17,0.97,60.0,66.08,52.67,78.92,-5201.03,-5664.03,12.03,21.1,77.4,0.0,-1.8
05/22/2026,1630,OKTA,92.24,+2.80,+3.13%,90.11,92.38,89.35,70.28,0.41,0.78,70.16,75.5,76.41,94.77,9207.01,9238.01,1.29,96.4,63.1,8.3,2.9
05/22/2026,1630,OLLI,81.84,-1.23,-1.48%,82.50,83.10,80.71,45.29,0.5,0.59,98.19,80.8,74.06,86.07,1205.02,-7332.08,49.08,99.4,98.4,-2.1,0.0
05/22/2026,1630,OMF,53.48,-.27,-0.50%,53.84,54.00,53.32,42.36,0.3,0.32,53.2,54.74,51.41,56.02,-8101.08,-5162.08,24.08,27.1,62.1,-11.0,0.0
05/22/2026,1630,ON,116.20,+6.59,+6.01%,110.86,117.89,110.83,67.2,0.66,0.65,62.17,96.08,99.54,121.49,3203.01,11910.07,7.38,83.3,88.4,0.0,4.7
05/22/2026,1630,ONEW,10.80,+.15,+1.41%,10.67,11.02,10.52,51.85,0.66,0.71,10.6,9.64,9.58,12.03,-4106.02,-974.02,10.02,34.1,74.3,0.0,0.3
05/22/2026,1630,ONON,39.81,+.62,+1.58%,39.40,40.1553,39.26,65.78,0.37,0.48,40.1,33.81,34.32,40.91,6208.01,4016.01,1.08,42.1,45.1,2.8,0.0
05/22/2026,1630,ONTO,262.25,+.80,+0.31%,264.84,266.46,257.85,46.51,0.55,0.68,201.47,273.46,236.4,295.46,-7113.03,-23812.04,26.04,68.2,52.1,-3.2,-5.7
05/22/2026,1630,ORCL,192.08,+2.31,+1.22%,191.67,197.00,191.10,59.42,0.47,0.71,141.18,174.26,180.66,200.62,1202.01,20071.07,11.31,85.3,40.1,0.0,7.9
05/22/2026,1630,ORLY,91.74,-.60,-0.65%,92.01,92.936,91.56,47.84,0.38,0.3,90.22,93.09,87.76,95.38,1203.02,-8817.06,15.06,73.1,99.4,-1.4,0.0
05/22/2026,1630,OSCR,22.64,+.50,+2.26%,22.20,22.765,21.59,62.55,0.67,0.76,12.51,17.81,19.8,26.96,-1102.01,2558.05,5.39,23.1,50.2,8.4,4.0
05/22/2026,1630,OSK,128.51,+1.39,+1.09%,128.54,129.45,126.475,40.61,0.58,0.45,161.44,149.52,106.89,147.46,-7202.04,-11677.04,12.06,80.1,98.4,-4.4,-14.0
05/22/2026,1630,OTLY,10.15,0,0.00%,10.17,10.22,10.00,38.88,0.46,0.73,10.96,10.59,9.34,10.9,-6202.15,-974.04,26.16,40.1,19.1,-12.1,0.0
05/22/2026,1630,OUT,33.60,+.27,+0.81%,33.47,33.71,33.415,65.6,0.35,0.33,25.93,30.61,30.98,34.44,1203.02,3398.1,10.38,54.1,78.4,0.1,6.1
05/22/2026,1630,OVX:CGI,75.97,+2.43,+3.30%,75.02,77.61,73.73,51.15,0.57,NaN,56.47,68.86,68.18,77.36,2204.01,7761.01,1.12,0.0,8.1,-1.6,0.2
05/22/2026,1630,OXLC,9.63,-.02,-0.21%,9.65,9.68,9.45,40.78,0.24,NaN,8.2,9.95,9.53,10.32,-6106.01,-945.01,15.01,0.0,34.1,-0.8,-0.8
05/22/2026,1630,OXM,41.73,+2.70,+6.92%,39.21,41.79,39.21,51.59,0.6,0.68,36.95,40.69,35.41,45.87,-8201.02,-3675.02,12.02,65.1,58.2,-3.0,-10.5
05/22/2026,1630,OXY,58.81,-.02,-0.03%,58.69,59.17,58.07,53.01,0.45,0.4,49.81,53.18,53.08,62.78,5207.02,6124.03,3.11,68.1,93.3,0.0,0.0
05/22/2026,1630,PAG,164.73,+3.00,+1.85%,162.20,165.86,162.20,52.44,0.36,0.29,150.77,164.46,153.59,174.85,-5201.02,-15501.02,16.02,50.2,92.4,0.0,0.0
05/22/2026,1630,PALL,24.52,-.70,-2.78%,24.748,24.92,24.345,35.75,0.38,0.36,29.0,26.62,23.59,27.91,-8108.01,-2435.01,32.02,24.1,39.1,0.0,-3.5
05/22/2026,1630,PAM,80.68,-1.03,-1.26%,81.71,82.61,79.9025,47.72,0.45,0.4,69.34,78.01,78.43,83.87,-1103.02,-7951.02,3.02,17.1,59.4,0.0,-0.5
05/22/2026,1630,PATH,10.93,+.36,+3.41%,10.70,11.1099,10.67,54.94,0.5,0.98,9.47,10.22,9.58,11.33,3205.01,1111.01,1.06,93.3,35.1,0.9,0.0
05/22/2026,1630,PBD,21.71,+.38,+1.78%,21.54,21.83,21.54,61.22,0.29,0.36,17.16,20.77,20.39,22.3,1202.01,-2031.03,10.03,32.2,92.2,0.0,0.0
05/22/2026,1630,PBH,48.00,-.23,-0.48%,48.19,48.42,47.18,34.34,0.53,0.51,66.54,53.1,41.95,53.72,-13201.06,-4557.04,18.06,97.4,99.4,-4.2,-9.8
05/22/2026,1630,PBJ,48.4712,+.0511,+0.11%,48.705,48.73,48.256,44.24,0.13,NaN,49.1,48.24,47.42,49.61,-6102.08,-4796.05,16.08,21.2,72.1,-3.6,-2.4
05/22/2026,1630,PBR,19.90,-.13,-0.65%,19.73,19.975,19.62,44.46,0.34,0.41,16.34,19.92,18.78,21.53,-8104.06,-1956.05,15.07,73.1,73.1,-2.9,-3.3
05/22/2026,1630,PCAR,109.35,+.01,+0.01%,109.51,109.96,108.46,36.11,0.31,0.32,120.58,112.69,107.25,115.23,-11119.01,-10778.02,19.02,69.1,87.3,-5.7,0.0
05/22/2026,1630,PD,7.20,+.15,+2.13%,7.10,7.38,7.055,55.89,0.63,0.87,6.32,6.82,6.49,7.45,1203.01,738.01,1.03,83.4,74.4,-0.2,2.1
05/22/2026,1630,PDD,94.52,-3.27,-3.34%,93.01,95.1484,92.57,41.74,0.39,0.44,99.04,96.61,92.65,101.47,-7101.01,-9257.01,12.01,71.1,90.4,-0.6,-0.2
05/22/2026,1630,PEB,14.78,-.08,-0.54%,14.85,14.94,14.715,61.19,0.28,0.41,12.04,13.84,14.04,15.16,3203.01,1496.02,2.06,11.1,23.1,4.9,2.8
05/22/2026,1630,PECO,40.30,-.23,-0.57%,40.46,40.53,40.23,58.08,0.16,0.35,38.73,38.9,39.29,40.65,1203.01,4053.01,1.02,59.3,55.4,0.0,1.3
05/22/2026,1630,PENN,16.88,+.18,+1.08%,16.73,17.095,16.63,57.43,0.34,0.48,12.25,16.48,15.53,17.23,2202.01,1710.01,1.08,12.1,17.1,-11.0,0.0
05/22/2026,1630,PEP,150.57,+1.72,+1.16%,149.41,150.8396,148.54,44.46,0.21,0.24,163.37,152.54,144.69,155.94,-7201.02,-14638.02,11.07,29.1,66.2,-0.7,-5.5
05/22/2026,1630,PFE,25.90,-.05,-0.19%,26.00,26.15,25.76,44.16,0.17,0.24,26.35,26.01,25.07,26.49,-14203.04,-2524.04,19.04,10.1,8.1,-5.1,-2.3
05/22/2026,1630,PFF,31.24,+.11,+0.35%,31.152,31.24,31.10,48.72,0.08,0.13,31.03,31.23,30.84,31.79,-5106.02,-3098.02,10.02,88.4,81.2,0.0,-1.7
05/22/2026,1630,PFG,103.85,-.07,-0.07%,104.18,104.675,103.25,67.92,0.16,0.15,90.79,99.05,99.72,104.71,2203.01,10468.01,1.03,1.1,6.1,0.0,0.5
05/22/2026,1630,PFIG,23.85,0,0.00%,23.86,23.89,23.81,40.95,0.04,NaN,24.28,23.92,23.67,24.1,-7107.02,-2374.03,10.03,0.0,88.2,0.0,-6.0
05/22/2026,1630,PFIX,49.66,-.49,-0.98%,49.95,50.4299,49.21,58.22,0.27,0.37,41.45,47.0,46.95,52.59,11101.03,5196.03,3.37,49.1,36.1,18.7,4.0
05/22/2026,1630,PG,144.44,+1.04,+0.73%,143.87,144.64,143.5324,49.96,0.19,0.23,157.31,142.18,139.76,147.24,1202.01,-14009.02,19.02,67.1,69.1,-6.5,-1.1
05/22/2026,1630,PGNY,24.88,+.19,+0.77%,24.73,25.105,24.28,70.95,0.83,0.4,16.76,18.5,21.19,28.29,14230.09,2590.02,9.35,11.1,83.4,21.9,14.2
05/22/2026,1630,PGRO,47.8148,+.0714,+0.15%,48.135,48.135,47.81,65.26,0.14,NaN,41.65,45.71,46.44,48.91,1203.01,4840.07,7.39,0.0,38.1,0.0,10.0
05/22/2026,1630,PINK,36.8605,+.1905,+0.52%,37.00,37.07,36.78,64.61,0.15,0.23,34.93,34.48,35.36,37.83,7203.07,3740.07,7.18,37.1,20.1,3.3,10.4
05/22/2026,1630,PINS,19.29,+.44,+2.33%,18.79,19.32,18.63,46.41,0.51,0.51,16.6,20.01,17.74,21.47,-6110.02,-1802.02,12.02,44.1,78.1,0.0,-2.9
05/22/2026,1630,PJP,109.053,+.683,+0.63%,109.12,109.132,108.9484,61.15,0.16,0.15,106.22,104.71,104.81,109.77,1203.01,10913.01,1.5,29.1,49.1,0.0,5.8
05/22/2026,1630,PK,11.51,+.05,+0.44%,11.46,11.64,11.41,58.93,0.27,0.38,10.68,10.98,10.75,11.68,3203.01,1164.01,1.06,31.2,15.1,0.0,0.0
05/22/2026,1630,PKB,100.9203,-.1097,-0.11%,101.66,101.66,100.511,41.85,0.26,0.26,103.14,106.24,96.4,107.93,-9112.03,-9831.04,12.04,82.2,88.1,-2.6,-16.6
05/22/2026,1630,PLAY,11.75,+.19,+1.64%,11.59,12.46,11.56,54.51,0.64,1.02,13.22,10.32,9.66,11.83,4205.01,1246.01,1.17,92.3,38.1,-1.2,0.0
05/22/2026,1630,PLD,145.90,+1.27,+0.88%,145.43,146.27,144.40,62.17,0.2,0.25,137.82,138.0,140.06,147.41,3203.01,14627.01,9.14,10.1,41.1,0.2,4.9
05/22/2026,1630,PLNT,52.05,+1.57,+3.11%,50.62,52.22,50.595,37.37,1.42,0.54,79.2,37.03,36.81,58.44,1207.07,-4150.11,24.11,89.3,100.4,-16.7,-5.6
05/22/2026,1630,PLTR,136.88,-.535,-0.39%,137.425,139.02,134.30,47.49,0.39,0.49,129.18,131.15,128.84,142.3,-6203.07,-12945.07,33.07,0.1,14.1,-1.9,0.0
05/22/2026,1630,PM,188.99,+.53,+0.28%,187.60,190.49,187.3466,67.84,0.3,0.29,175.64,165.75,173.16,203.96,9223.06,19305.04,7.24,46.1,75.3,12.7,11.6
05/22/2026,1630,PNC,219.23,+.86,+0.39%,219.82,220.96,218.595,53.91,0.19,0.26,205.89,217.15,208.8,222.79,1203.01,22096.01,1.08,23.1,35.1,-2.1,-0.7
05/22/2026,1630,PNDRY,10.79,-.01,-0.09%,10.93,10.96,10.75,63.73,0.56,NaN,9.28,9.59,9.8,11.46,1203.02,1096.01,12.17,0.0,79.2,6.5,11.2
05/22/2026,1630,POET,14.59,-.23,-1.55%,14.925,15.40,14.32,57.44,3.32,1.55,5.85,7.03,10.24,22.02,-1105.04,2027.06,6.39,95.4,98.4,4.4,9.8
05/22/2026,1630,POOL,184.64,+2.95,+1.62%,181.54,186.8972,180.685,39.45,0.43,0.38,210.67,186.94,166.86,193.78,1203.01,-17268.05,22.13,60.1,88.2,-2.1,0.0
05/22/2026,1630,PPLT,17.47,-.38,-2.13%,17.57,17.63,17.32,42.45,0.44,0.31,18.27,17.57,16.79,19.57,-5106.01,-1732.01,8.03,12.1,54.1,0.0,0.0
05/22/2026,1630,PR,20.44,+.01,+0.05%,20.35,20.50,20.18,47.73,0.38,0.4,17.09,19.61,18.87,22.03,1102.04,-1966.11,14.11,38.1,87.4,-1.3,-1.2
05/22/2026,1630,PRAA,14.64,+.02,+0.14%,14.69,15.20,14.36,25.5,0.7,0.66,10.99,20.38,10.63,18.43,-8201.06,-1408.02,26.07,62.3,75.2,-14.9,-18.6
05/22/2026,1630,PRGO,11.22,-.13,-1.15%,11.42,11.56,11.105,49.99,0.48,0.46,11.3,11.31,10.16,12.03,1203.01,-1052.06,12.06,44.1,72.1,-0.4,-5.6
05/22/2026,1630,PRMB,23.49,+.40,+1.73%,23.27,23.76,23.10,64.48,0.55,0.43,18.68,19.51,20.84,25.68,5202.07,2396.07,9.17,31.1,84.3,1.1,3.0
05/22/2026,1630,PRVA,22.79,+.15,+0.66%,22.63,22.85,22.515,44.83,0.29,0.32,21.0,21.4,21.94,24.16,-6104.07,-2246.07,15.07,15.1,41.1,-4.7,-0.3
05/22/2026,1630,PSA,305.25,+.26,+0.09%,306.79,308.6175,303.19,54.35,0.28,0.25,297.76,294.65,290.98,315.79,-3203.04,-28921.04,11.04,46.1,86.2,0.0,0.0
05/22/2026,1630,PSCE,62.7353,+.1104,+0.18%,62.52,62.93,62.18,55.65,0.25,0.3,53.7,58.57,59.94,64.9,4207.02,6502.03,3.12,37.1,31.1,0.0,2.1
05/22/2026,1630,PSCI,168.0614,+1.9685,+1.19%,167.49,168.0614,167.49,50.92,0.25,0.21,165.06,169.48,160.02,175.05,-6201.04,-16180.04,12.04,70.1,88.2,0.0,-7.0
05/22/2026,1630,PSCU,64.24,+.5198,+0.82%,63.68,64.24,63.68,51.53,0.16,NaN,57.84,64.71,61.83,65.6,-6202.08,-6278.08,28.08,0.0,59.2,-9.7,-7.7
05/22/2026,1630,PSP,60.60,-.21,-0.35%,60.90,60.99,60.3796,51.66,0.21,0.16,57.4,60.74,58.49,62.3,-5202.03,-5846.03,26.03,32.1,71.1,-3.2,0.0
05/22/2026,1630,PSX,177.69,+3.64,+2.09%,174.37,178.19,173.51,55.31,0.38,0.37,149.14,165.44,168.05,184.06,4201.02,18163.02,2.3,75.1,87.3,0.0,4.5
05/22/2026,1630,PTLO,4.03,-.07,-1.71%,4.06,4.15,3.96,32.55,0.86,0.62,5.02,4.27,3.06,4.35,2203.01,-381.02,22.11,37.1,88.4,-40.0,-7.2
05/22/2026,1630,PVH,88.92,+2.21,+2.55%,87.00,88.99,86.43,57.32,0.47,0.62,64.0,86.57,75.51,92.42,1203.01,-7835.04,32.08,95.4,71.3,-3.5,-3.1
05/22/2026,1630,PYPL,44.23,-.07,-0.16%,44.30,44.71,43.99,36.19,0.32,0.34,44.5,44.51,41.28,46.68,1201.01,-4293.03,24.11,21.1,47.1,-17.2,-4.4
05/22/2026,1630,PZZA,33.40,+.65,+1.98%,32.93,33.49,32.58,47.15,0.56,0.63,30.16,31.75,31.06,35.01,-1201.02,3610.06,6.1,79.3,73.1,-8.7,0.0
05/22/2026,1630,QAT,18.62,+.0154,+0.08%,18.60,18.67,18.57,43.63,0.13,NaN,18.5,18.79,18.18,19.16,-5109.04,-1818.04,11.04,0.0,63.1,-0.6,-7.5
05/22/2026,1630,QBTS,29.40,+3.66,+14.22%,26.34,31.55,26.11,69.93,1.41,1.23,17.46,20.14,17.82,29.03,2202.01,3155.01,1.03,84.2,88.4,1.6,0.0
05/22/2026,1630,QCOM,238.16,+24.75,+11.60%,214.43,243.00,214.17,71.74,1.01,0.8,136.3,164.79,184.34,256.03,1201.01,24790.1,10.34,100.4,100.4,0.0,3.7
05/22/2026,1630,QMOM,77.50,+.27,+0.35%,77.43,78.10,77.43,53.68,0.32,0.19,69.14,76.45,74.51,80.88,-4106.03,-7380.04,10.04,42.2,91.1,0.0,1.0
05/22/2026,1630,QQQ,717.54,+3.03,+0.42%,718.07,722.12,715.95,71.37,0.16,0.23,591.87,668.9,688.27,738.03,1203.01,72212.01,11.39,60.1,51.1,0.0,10.7
05/22/2026,1630,QS,8.20,-.18,-2.15%,8.30,8.57,8.0901,57.35,0.79,0.92,6.45,7.12,7.09,9.02,1202.01,-716.03,7.03,40.2,44.4,0.0,0.0
05/22/2026,1630,QSR,75.38,-.87,-1.14%,76.43,76.63,74.48,41.87,0.3,0.25,67.28,75.71,72.85,80.47,-7110.05,-7448.01,13.05,37.1,88.3,-2.3,-9.1
05/22/2026,1630,QTUM,153.44,+4.11,+2.75%,150.78,154.8599,150.78,71.79,0.34,0.34,109.58,134.69,138.55,155.61,2203.01,15486.01,1.38,83.2,89.2,0.0,10.4
05/22/2026,1630,QUBT,12.31,+.90,+7.89%,11.615,13.39,11.61,64.17,1.24,1.15,7.7,9.14,8.82,12.76,1202.01,1339.01,1.03,71.3,77.4,0.0,0.3
05/22/2026,1630,R,244.00,+5.55,+2.33%,239.48,244.20,235.06,60.32,0.38,0.38,208.26,232.73,224.74,246.77,1203.01,24420.01,1.08,68.1,71.3,-7.3,0.0
05/22/2026,1630,RBLX,48.16,+2.02,+4.38%,46.36,48.37,46.36,48.7,0.98,0.67,63.26,43.36,40.65,48.89,3206.01,4837.01,1.14,50.1,99.4,-16.0,0.0
05/22/2026,1630,RCL,256.10,-4.22,-1.62%,259.31,261.74,255.00,45.04,0.48,0.55,285.61,256.6,239.35,281.48,-6110.02,-24486.02,11.02,83.1,70.1,-0.3,-0.1
05/22/2026,1630,RDNT,54.40,-.04,-0.07%,54.925,55.99,53.62,43.22,0.35,0.49,66.96,56.33,50.05,59.01,-8110.03,-5192.03,10.05,50.1,42.1,-0.5,-4.7
05/22/2026,1630,REAL,9.20,-.07,-0.76%,9.25,9.3799,9.05,38.81,0.88,0.86,10.77,11.77,6.79,11.7,-6111.06,-869.03,12.08,48.1,78.4,-4.2,-11.9
05/22/2026,1630,REG,78.84,+.50,+0.64%,78.19,79.0599,78.14,55.65,0.15,0.18,76.69,77.47,75.93,79.36,1203.01,7906.01,1.06,10.1,35.2,-7.6,0.0
05/22/2026,1630,REGN,638.88,-3.71,-0.58%,639.24,644.12,632.72,31.64,0.49,0.33,753.79,699.23,601.15,731.66,-3106.03,-63272.01,37.03,9.1,88.4,-0.1,-9.8
05/22/2026,1630,REXR,36.18,+.12,+0.33%,36.16,36.385,36.07,55.8,0.2,0.34,36.4,34.97,34.78,36.76,1203.01,-3465.04,10.04,44.1,21.1,0.0,0.0
05/22/2026,1630,REZ,92.0251,+.3951,+0.43%,92.05,92.19,91.4201,61.33,0.14,0.14,88.2,89.1,89.68,93.05,1204.03,-8937.05,11.05,7.1,51.2,0.0,8.2
05/22/2026,1630,RGTI,26.42,+4.38,+19.87%,22.96,27.785,22.66,71.36,1.42,1.22,16.24,17.08,15.49,25.55,2202.01,2779.01,1.03,78.1,92.4,2.2,0.0
05/22/2026,1630,RH,136.42,-2.66,-1.91%,139.00,141.4999,135.63,55.27,0.55,0.85,148.86,120.09,118.83,141.55,2203.01,14150.01,1.03,63.2,38.1,0.0,-0.4
05/22/2026,1630,RHP,111.96,-.45,-0.40%,112.47,112.51,111.32,66.8,0.23,0.3,95.43,104.68,104.88,114.4,3205.01,11251.01,2.36,54.1,44.1,1.5,8.4
05/22/2026,1630,RIOT,24.49,+.02,+0.08%,24.59,25.065,24.31,66.09,0.89,0.85,15.15,18.16,21.31,27.91,-1101.05,2586.1,10.17,20.1,69.2,0.0,16.7
05/22/2026,1630,RIVN,14.22,+.07,+0.49%,14.165,14.40,14.075,45.41,0.53,0.63,14.56,14.12,12.99,14.84,1203.01,-1265.04,23.14,13.1,63.1,-18.8,0.0
05/22/2026,1630,ROBO,87.30,+2.06,+2.42%,86.03,87.96,86.03,64.62,0.29,0.3,73.1,80.32,81.41,89.21,1202.01,-8193.03,10.03,90.3,89.1,0.0,5.9
05/22/2026,1630,ROK,452.29,+12.04,+2.73%,444.01,454.82,441.88,61.4,0.45,0.33,382.54,400.31,415.44,480.3,-2201.03,46211.1,10.18,47.1,99.4,0.0,3.9
05/22/2026,1630,ROKU,125.55,+.47,+0.38%,125.16,127.88,125.085,60.83,0.34,0.48,87.27,122.35,120.68,129.39,1201.01,-12021.03,11.03,12.1,22.1,0.0,13.3
05/22/2026,1630,ROST,234.81,+17.62,+8.11%,228.96,235.80,228.00,65.59,0.39,0.29,194.07,222.58,204.46,233.78,1203.01,23580.01,1.07,53.4,92.2,0.0,-4.9
05/22/2026,1630,RRC,41.05,-.09,-0.22%,40.65,41.29,40.59,43.44,0.26,0.37,37.83,39.91,39.71,43.29,-1102.01,4318.03,3.11,45.1,15.1,-1.1,0.0
05/22/2026,1630,RRR,55.38,+2.01,+3.77%,53.37,55.73,53.37,56.64,0.35,0.42,57.86,50.94,50.83,55.64,1203.01,5573.01,1.02,68.1,57.1,-3.5,0.0
05/22/2026,1630,RSI,27.06,-.34,-1.24%,27.65,27.8066,27.04,56.42,0.65,0.55,18.61,26.17,26.37,28.62,-2102.07,2924.14,16.3,41.1,84.4,-0.6,13.8
05/22/2026,1630,RSP,206.58,+1.87,+0.91%,205.73,206.97,205.52,63.78,0.11,0.15,198.55,201.23,201.4,207.01,1203.01,20697.01,1.02,70.1,29.1,0.4,2.9
05/22/2026,1630,RSPG,108.00,+.84,+0.78%,107.2934,108.18,106.98,55.52,0.29,0.25,96.12,100.39,101.12,112.41,4207.03,11148.03,3.12,85.2,98.4,0.0,1.1
05/22/2026,1630,RSPU,80.38,+.74,+0.93%,79.78,80.48,79.615,52.72,0.16,0.11,81.11,79.06,76.76,81.17,2203.01,-7715.05,16.06,6.4,88.2,-6.3,-2.8
05/22/2026,1630,RTO,31.34,-.22,-0.70%,31.42,31.54,31.31,38.09,0.22,0.39,28.45,33.35,30.37,33.61,-8111.02,-3107.02,13.06,50.1,15.1,-1.4,-15.7
05/22/2026,1630,RUT,2869.2252,+25.7725,+0.91%,2855.1195,2878.6088,2855.1195,60.71,0.21,0.25,2550.97,2782.49,2750.02,2909.74,1202.01,-275571.03,10.03,61.1,66.1,0.0,0.0
05/22/2026,1630,RVLV,19.23,+.15,+0.79%,19.10,19.35,18.91,36.57,0.76,0.58,22.12,19.51,15.39,21.36,1204.01,-1735.08,26.1,32.1,99.4,-14.9,-0.7
05/22/2026,1630,RVX,24.20,+.06,+0.25%,24.00,24.28,23.78,48.07,0.61,NaN,24.16,22.07,22.22,25.54,7201.04,2556.04,4.13,0.0,21.1,0.0,0.0
05/22/2026,1630,S,18.71,+.60,+3.31%,18.29,18.81,18.13,75.87,0.43,0.74,12.55,14.93,15.64,19.2,16216.01,1881.01,1.3,90.4,35.1,20.2,13.8
05/22/2026,1630,SBAC,205.57,-2.50,-1.20%,206.12,207.25,202.575,44.88,0.24,0.29,191.41,215.77,194.41,220.99,-5110.05,-19915.05,13.05,53.1,47.1,0.0,-6.6
05/22/2026,1630,SBUX,103.11,-1.02,-0.98%,104.04,104.30,102.39,49.51,0.33,0.3,94.4,102.94,103.15,107.33,-2102.01,-10239.01,3.01,4.1,82.2,0.0,13.7
05/22/2026,1630,SCJ,104.68,+.59,+0.57%,104.67,105.05,104.40,58.49,0.15,0.15,98.57,99.64,101.6,108.34,-1104.04,10664.07,10.21,12.1,52.1,0.0,8.3
05/22/2026,1630,SE,87.27,-1.69,-1.90%,89.34,91.79,86.0237,49.09,0.6,0.53,77.05,83.51,82.51,94.76,-2101.02,9997.08,8.1,48.1,81.2,0.0,0.7
05/22/2026,1630,SFD,26.34,+.18,+0.69%,26.16,26.42,26.00,49.65,0.3,0.45,24.0,25.85,24.76,26.78,3205.01,2649.02,2.16,91.2,83.3,0.0,0.0
05/22/2026,1630,SFM,86.71,+1.32,+1.55%,84.86,87.5676,84.01,59.22,0.62,0.47,72.41,77.8,79.1,93.64,8201.04,9489.04,4.18,52.1,92.4,0.0,7.3
05/22/2026,1630,SG,9.78,+.80,+8.91%,9.92,10.63,9.37,80.75,0.79,0.85,5.16,6.52,6.89,10.08,6207.01,1063.01,1.08,50.1,71.2,9.3,0.0
05/22/2026,1630,SHAK,62.72,-.11,-0.18%,62.83,63.395,61.83,28.4,1.25,0.48,89.51,67.21,41.3,77.23,1204.03,-5949.05,16.09,35.1,97.4,-28.0,-10.8
05/22/2026,1630,SHEL,85.71,-.4388,-0.51%,86.04,86.63,85.34,44.1,0.28,0.27,80.66,84.02,82.55,90.05,1101.04,-8382.11,34.11,75.1,91.2,-0.7,0.0
05/22/2026,1630,SHO,10.62,-.09,-0.84%,10.73,10.7399,10.56,65.19,0.24,0.31,9.04,9.64,10.0,10.93,16205.02,1074.01,10.35,50.1,39.1,4.9,8.0
05/22/2026,1630,SHOC,107.6573,+1.5973,+1.51%,107.91,108.82,107.59,67.19,0.4,NaN,72.69,94.52,98.87,113.68,1203.01,10937.07,11.38,0.0,93.4,0.1,6.3
05/22/2026,1630,SHOO,41.93,+.58,+1.40%,41.39,42.55,41.08,65.25,0.43,0.53,34.01,35.96,36.99,42.71,2203.01,4255.01,1.15,26.1,48.1,5.9,1.5
05/22/2026,1630,SHOP,103.00,-1.86,-1.77%,105.81,107.85,102.98,41.41,0.78,0.54,112.45,104.27,86.0,113.09,2203.01,-9400.07,24.08,38.1,84.4,-14.2,-1.2
05/22/2026,1630,SHY,82.12,-.02,-0.02%,82.17,82.175,82.055,41.74,0.02,0.03,82.71,82.1,82.0,82.29,-8102.01,-8200.04,26.14,57.3,38.1,-14.0,0.0
05/22/2026,1630,SHYG,42.44,+.01,+0.02%,42.47,42.485,42.405,50.72,0.04,0.1,42.3,42.28,42.19,42.56,1203.01,-4212.04,31.04,24.1,65.1,-6.0,-0.4
05/22/2026,1630,SIL,88.11,-1.27,-1.42%,89.05,89.05,86.72,42.36,0.6,0.54,102.87,86.37,81.1,104.75,-3106.03,10419.08,8.18,62.1,76.2,0.0,0.0
05/22/2026,1630,SILJ,28.83,-.37,-1.27%,29.30,29.30,28.485,42.46,0.64,0.59,34.62,28.48,26.39,34.76,-3106.03,-2793.04,8.04,48.1,72.1,0.0,-0.1
05/22/2026,1630,SITM,728.56,+16.77,+2.36%,723.05,744.50,718.00,59.59,1.13,0.82,380.11,555.07,627.99,975.09,-3106.03,90181.1,10.38,67.1,99.4,0.0,2.2
05/22/2026,1630,SIVR,71.82,-1.14,-1.56%,72.36,72.55,71.23,46.2,0.6,0.49,75.28,68.95,66.36,84.4,-2106.04,8498.08,8.18,59.1,74.1,0.0,0.0
05/22/2026,1630,SJM,103.36,+1.45,+1.42%,102.74,103.92,101.405,63.13,0.23,0.34,105.49,95.04,96.74,105.71,8202.01,10475.04,4.12,92.3,38.1,9.1,1.1
05/22/2026,1630,SKYY,133.03,+3.26,+2.51%,131.05,133.86,131.05,69.98,0.25,0.35,105.52,124.56,125.85,133.41,1203.01,13386.01,1.3,73.1,61.1,0.0,13.0
05/22/2026,1630,SLG,43.27,+.74,+1.74%,42.58,43.42,42.30,53.84,0.4,0.51,35.03,41.67,40.15,45.72,-5201.02,-4081.02,10.02,75.1,69.1,0.0,0.0
05/22/2026,1630,SLV,68.36,-1.09,-1.57%,68.86,69.06,67.795,46.21,0.6,0.51,71.68,65.61,63.13,80.32,-2106.04,8086.08,8.18,56.1,74.1,0.0,0.0
05/22/2026,1630,SLX,106.67,+.63,+0.59%,106.63,107.39,106.16,57.6,0.27,0.35,92.89,101.92,102.26,110.87,-3201.03,-10260.04,11.04,86.2,80.1,0.0,2.8
05/22/2026,1630,SMCI,35.58,+2.12,+6.34%,33.80,35.935,33.68,64.45,1.01,0.82,29.68,27.34,28.29,37.73,1203.01,3637.1,10.43,51.1,89.1,0.0,2.1
05/22/2026,1630,SMH,576.32,+8.44,+1.49%,574.27,582.50,572.86,68.67,0.39,0.47,385.93,501.15,525.29,605.44,1203.01,58250.01,12.38,94.2,94.4,0.0,6.7
05/22/2026,1630,SMIN,66.44,+.04,+0.06%,66.88,66.96,66.44,52.15,0.21,0.25,62.05,65.63,64.06,68.72,1202.01,-6480.04,11.04,85.1,72.1,0.0,-3.6
05/22/2026,1630,SMPL,11.86,+.26,+2.24%,11.59,11.95,11.52,44.71,0.41,0.6,15.8,12.35,10.46,12.72,-6202.08,-1089.03,19.08,76.1,71.1,-14.7,-0.8
05/22/2026,1630,SN,112.03,-.18,-0.16%,111.89,112.81,110.60,52.22,0.44,0.48,112.75,108.2,99.12,117.35,1202.01,-10010.03,14.03,42.1,62.1,-2.5,-5.3
05/22/2026,1630,SNAP,5.72,+.03,+0.53%,5.72,5.84,5.65,51.75,0.47,0.65,4.94,5.59,5.16,6.16,-7202.06,-526.06,12.06,37.1,39.1,-3.6,-3.0
05/22/2026,1630,SNDR,33.40,+.06,+0.18%,33.47,33.665,33.05,64.27,0.59,0.32,26.72,29.86,28.9,35.18,4207.03,3367.01,3.07,12.1,98.4,4.5,0.0
05/22/2026,1630,SNOW,172.20,+6.66,+4.02%,167.74,173.50,167.40,66.21,0.49,0.82,156.87,136.2,144.08,179.86,10212.01,17698.04,4.13,95.4,53.1,9.9,5.2
05/22/2026,1630,SOFI,15.62,-.03,-0.19%,15.70,15.93,15.36,42.75,0.71,0.58,16.8,15.83,15.05,16.19,-5202.03,-1503.03,26.03,3.1,84.4,-20.0,0.0
05/22/2026,1630,SOLZ,8.4977,-.3123,-3.54%,8.77,8.78,8.43,44.91,0.5,0.5,8.22,8.45,8.08,9.78,-4106.03,-839.05,10.05,9.1,8.1,0.0,0.0
05/22/2026,1630,SOYB,25.06,+.05,+0.20%,25.08,25.14,25.02,54.54,0.14,0.17,23.45,24.56,24.65,25.46,2201.04,-2462.06,8.06,50.1,62.2,0.0,4.7
05/22/2026,1630,SPDN,8.74,-.03,-0.34%,8.73,8.75,8.70,32.94,0.1,NaN,9.35,8.82,8.61,8.97,-14103.07,-868.07,39.1,66.2,23.1,-11.3,0.0
05/22/2026,1630,SPG,204.41,-.49,-0.24%,206.31,206.31,203.46,55.9,0.2,0.24,197.32,200.42,199.79,207.18,1203.01,20631.01,1.03,31.1,67.1,0.0,0.2
05/22/2026,1630,SPGI,417.60,+1.87,+0.45%,416.52,421.60,415.00,46.8,0.24,0.31,418.55,416.2,399.46,428.92,1203.01,-40320.05,19.05,67.1,55.1,-6.2,0.0
05/22/2026,1630,SPHD,50.45,+.27,+0.54%,50.31,50.60,50.15,59.43,0.11,0.14,51.36,49.45,49.22,50.51,3205.01,5060.01,1.05,60.1,49.3,-0.3,0.0
05/22/2026,1630,SPHR,129.37,-.86,-0.66%,130.99,132.25,128.54,46.65,0.56,0.57,109.61,134.56,125.52,141.55,-4103.01,-12411.09,13.09,48.1,73.1,-0.4,0.0
05/22/2026,1630,SPLV,74.09,+.40,+0.54%,73.86,74.21,73.63,56.1,0.09,0.13,75.56,72.84,72.34,74.21,2205.01,7421.01,1.08,67.1,25.3,-2.0,0.0
05/22/2026,1630,SPMO,144.94,+.25,+0.17%,145.51,146.09,144.66,66.16,0.26,0.21,116.84,133.57,137.68,151.01,1202.01,14787.07,10.39,85.2,94.4,0.0,6.7
05/22/2026,1630,SPOT,519.86,+29.93,+6.11%,505.30,534.00,505.30,67.35,0.76,0.45,453.68,411.24,404.7,509.02,6209.01,53400.01,1.17,46.1,94.2,0.0,0.4
05/22/2026,1630,SPX,7473.47,+27.75,+0.37%,7468.82,7506.32,7463.29,68.14,0.11,0.17,6710.42,7174.12,7278.1,7580.14,1203.01,751712.07,7.39,40.1,37.1,0.0,11.2
05/22/2026,1630,SPY,745.64,+2.92,+0.39%,746.24,748.94,744.48,68.77,0.1,0.17,669.66,714.99,725.88,756.29,1203.01,74953.07,7.39,34.1,32.1,0.0,11.0
05/22/2026,1630,STKL,6.50,0,0.00%,0,0,0,65.19,0.03,0.18,4.64,6.47,6.47,6.51,-2201.01,-647.01,6.01,1.1,3.1,0.0,0.0
05/22/2026,1630,STLD,240.03,+8.19,+3.53%,233.94,242.945,233.16,65.31,0.3,0.43,187.99,226.25,222.77,242.73,1202.01,24295.01,1.03,68.1,31.1,-2.0,0.0
05/22/2026,1630,STZ,149.50,-1.33,-0.88%,150.82,152.00,148.83,49.2,0.35,0.32,150.45,147.14,139.01,154.7,2205.01,-13910.08,29.08,37.1,83.2,-1.6,0.0
05/22/2026,1630,SU,67.34,-.39,-0.58%,67.59,68.14,67.17,54.25,0.38,0.36,54.82,62.74,63.3,71.4,4101.03,7020.04,4.12,75.1,96.4,0.9,2.2
05/22/2026,1630,SVV,8.20,+.16,+1.99%,8.10,8.25,7.91,54.3,0.58,0.72,8.37,7.77,6.65,8.68,1203.02,-695.05,24.08,48.1,85.4,-1.1,-2.7
05/22/2026,1630,SWBI,15.47,+.16,+1.05%,15.43,15.75,15.37,59.94,0.27,0.56,11.65,14.29,14.36,15.84,3207.01,1575.01,1.08,69.4,38.1,0.4,0.0
05/22/2026,1630,SWKS,82.42,+8.88,+12.08%,73.59,82.46,73.59,74.45,0.82,0.57,56.24,61.54,65.62,81.85,20206.01,8246.01,1.36,88.2,100.4,2.1,7.2
05/22/2026,1630,SXT,114.44,+1.35,+1.19%,113.85,114.50,111.95,57.11,0.3,0.34,92.14,111.34,111.93,118.9,-6106.01,-11195.01,19.01,56.1,63.4,-4.5,6.7
05/22/2026,1630,SYF,71.83,-.17,-0.24%,72.01,72.55,71.52,47.55,0.28,0.32,66.38,73.65,68.05,74.85,1203.01,-6832.03,24.03,18.1,56.1,-8.2,-1.2
05/22/2026,1630,SYY,76.29,-.71,-0.92%,76.92,77.09,75.91,57.32,0.2,0.25,86.42,71.58,71.73,77.32,4205.01,7709.01,1.12,66.1,62.1,0.0,0.0
05/22/2026,1630,T,25.26,-.08,-0.32%,25.34,25.4299,25.19,46.38,0.24,0.25,27.41,25.12,23.87,26.01,1204.01,-2385.05,39.05,17.1,66.1,-4.7,-1.9
05/22/2026,1630,TAN,65.95,+1.09,+1.68%,64.75,66.18,63.54,64.92,0.4,0.46,53.21,57.8,59.21,67.74,1203.01,6618.01,7.34,86.2,65.2,0.4,7.7
05/22/2026,1630,TAP,42.55,+.02,+0.05%,42.37,42.94,42.03,50.68,0.25,0.33,46.67,40.64,40.71,43.84,3205.02,4318.03,3.07,53.1,58.1,0.0,0.0
05/22/2026,1630,TBIL,49.98,+.02,+0.04%,49.98,49.99,49.98,66.14,0.01,NaN,49.84,49.87,49.91,50.0,7211.01,4999.01,1.16,0.2,42.2,0.0,9.7
05/22/2026,1630,TCEHY,56.0700,-.753,-1.33%,55.1500,56.1500,54.9400,33.16,0.3,NaN,63.29,59.26,55.45,61.15,-6107.01,-5494.01,8.01,0.0,58.1,-1.1,-1.0
05/22/2026,1630,TCNNF,7.5000,-.38,-4.82%,7.6500,8.0100,7.5000,45.06,0.87,NaN,5.84,9.1,6.46,9.54,-6112.05,-724.05,19.05,0.0,55.4,-6.5,0.0
05/22/2026,1630,TEAM,85.42,+3.24,+3.94%,83.52,88.55,83.52,54.72,1.09,0.72,67.87,84.49,77.58,92.76,-2201.02,9500.12,14.3,60.1,94.4,0.0,11.1
05/22/2026,1630,TEVA,34.07,-.09,-0.26%,34.29,34.85,34.02,51.41,0.45,0.37,31.71,35.02,33.06,36.47,-6107.02,-3375.02,15.02,17.1,79.4,0.0,2.3
05/22/2026,1630,TFLO,50.61,+.02,+0.04%,50.61,50.61,50.60,64.25,0.01,0.02,50.48,50.5,50.54,50.63,3209.03,5061.01,3.14,59.2,21.2,0.0,0.0
05/22/2026,1630,TGS,29.07,-.89,-2.97%,29.64,29.87,28.88,43.54,0.49,0.56,28.04,28.99,28.3,31.14,-2101.02,-2819.02,4.02,23.1,74.4,-0.3,-2.3
05/22/2026,1630,TGT,125.60,-.55,-0.44%,127.49,127.98,125.11,51.81,0.36,0.34,111.11,123.63,117.57,130.3,1202.01,-11781.02,13.02,13.3,87.2,-1.7,0.0
05/22/2026,1630,THC,173.78,-4.22,-2.37%,178.08,182.005,173.75,33.51,0.39,0.46,228.48,177.41,174.78,201.7,-4105.01,-17375.01,8.01,68.1,68.1,0.0,0.6
05/22/2026,1630,THD,72.59,+.15,+0.21%,72.39,72.63,72.30,56.45,0.24,0.42,66.6,69.95,70.24,73.81,2203.07,7358.07,7.22,100.2,66.1,0.0,9.7
05/22/2026,1630,TIGR,4.36,-1.48,-25.34%,4.005,4.74,4.00,21.86,1.11,1.01,7.19,6.41,4.54,6.4,-14107.01,-400.01,26.01,100.4,100.4,-3.8,-8.5
05/22/2026,1630,TIP,110.38,+.01,+0.01%,110.51,110.535,110.12,37.98,0.03,0.06,111.24,110.95,109.86,111.4,-11110.01,-11010.03,21.03,66.4,17.1,-6.7,-16.6
05/22/2026,1630,TJX,158.27,+.81,+0.51%,157.50,158.46,155.88,57.6,0.27,0.22,154.8,153.22,144.82,161.04,3204.01,15998.02,2.07,40.1,100.4,0.0,0.0
05/22/2026,1630,TKO,191.50,-.13,-0.07%,192.54,194.57,190.58,52.43,0.23,0.37,203.16,182.37,183.99,197.15,7207.01,19617.03,3.08,59.1,21.1,2.3,0.9
05/22/2026,1630,TKR,119.95,+1.02,+0.86%,120.32,121.00,118.715,62.28,0.49,0.41,104.52,105.49,108.55,124.59,1203.01,-10715.04,11.04,90.2,99.4,0.0,2.9
05/22/2026,1630,TLT,84.68,+.46,+0.55%,84.605,84.68,84.135,45.27,0.1,0.12,88.94,84.76,82.63,86.21,-6201.03,-8304.03,22.03,17.2,56.1,-3.7,-16.2
05/22/2026,1630,TME,8.81,-.34,-3.72%,8.765,9.005,8.695,39.5,0.43,0.48,13.78,9.05,8.43,9.57,-9101.06,-844.06,9.06,59.1,58.1,0.0,-0.1
05/22/2026,1630,TMO,448.28,-1.09,-0.24%,446.80,454.455,444.41,39.8,0.25,0.32,493.37,459.64,429.05,471.6,-9102.05,-43527.05,24.05,58.1,33.3,-2.0,0.0
05/22/2026,1630,TMUS,191.47,+.57,+0.30%,191.63,192.03,190.00,47.35,0.33,0.29,212.17,191.65,185.12,194.75,2202.03,-18601.05,17.05,45.1,92.4,-5.7,0.5
05/22/2026,1630,TNET,42.78,+.95,+2.27%,41.92,43.06,41.885,56.02,0.5,0.48,33.79,40.73,39.51,44.01,1205.04,4487.04,4.07,54.1,85.1,-2.8,0.8
05/22/2026,1630,TNX:CGI,45.58,-.28,-0.61%,45.42,45.86,45.28,60.08,0.18,NaN,39.56,43.14,43.66,47.23,14210.03,4659.03,3.26,0.0,77.2,17.1,5.3
05/22/2026,1630,TOKE,5.24,0,0.00%,0,0,0,45.92,0.28,0.88,5.85,4.96,5.12,5.4,-1102.02,-508.02,16.02,56.2,35.2,-0.6,0.5
05/22/2026,1630,TOST,23.16,+.12,+0.52%,23.04,23.51,23.00,36.01,0.66,0.52,25.19,28.12,18.69,27.19,1201.01,-2229.07,12.07,42.1,94.4,-3.3,-10.7
05/22/2026,1630,TPB,89.99,-1.53,-1.67%,91.51,91.755,89.1289,55.56,0.49,0.51,96.96,78.89,82.44,98.69,7101.09,9696.1,10.22,66.1,65.1,0.0,11.0
05/22/2026,1630,TPL,402.03,+5.05,+1.27%,394.35,407.36,393.00,43.23,0.31,0.48,491.0,396.1,367.02,424.16,-8203.07,-37830.07,12.07,70.1,12.1,-3.4,0.0
05/22/2026,1630,TPR,138.49,-.62,-0.45%,140.51,140.72,138.09,49.8,0.57,0.38,150.15,128.76,123.71,145.18,1203.02,-12834.09,26.09,24.1,92.4,-6.1,0.0
05/22/2026,1630,TPYP,44.16,+.3247,+0.74%,44.06,44.21,43.7809,64.58,0.18,0.2,40.21,41.35,41.76,45.06,5209.03,4458.03,3.26,37.2,100.4,5.2,5.7
05/22/2026,1630,TRIP,10.08,+.18,+1.82%,9.90,10.095,9.71,46.21,0.53,0.64,9.61,11.05,8.43,11.11,-5203.07,-904.03,12.08,63.1,63.1,-0.9,-8.0
05/22/2026,1630,TRP,70.91,+.35,+0.50%,70.50,71.47,70.32,78.14,0.2,0.23,62.38,64.44,65.34,72.29,10209.01,7147.01,1.26,32.1,77.4,8.5,8.2
05/22/2026,1630,TRU,70.66,+1.19,+1.71%,70.32,71.68,69.78,51.9,0.38,0.46,72.18,67.25,64.77,73.1,1203.01,-6451.03,24.03,56.1,52.1,0.0,-1.1
05/22/2026,1630,TSLA,426.01,+8.16,+1.95%,422.665,431.51,420.51,58.3,0.39,0.49,385.39,384.02,387.36,459.17,-2201.04,45340.08,8.32,19.2,29.2,0.0,6.5
05/22/2026,1630,TSM,404.52,-2.63,-0.65%,409.43,410.67,402.86,55.46,0.37,0.45,344.14,392.6,388.83,420.67,-2101.04,-38506.04,7.04,62.1,66.1,0.0,0.0
05/22/2026,1630,TSN,65.05,-1.42,-2.14%,66.48,66.9626,65.02,45.97,0.32,0.26,61.8,62.05,64.45,68.44,-2107.01,-6502.01,13.01,51.1,89.4,0.0,5.1
05/22/2026,1630,TT,451.02,+3.38,+0.76%,449.00,458.39,444.085,42.86,0.3,0.31,442.0,468.32,434.47,488.17,-12106.01,-44409.01,12.03,67.1,70.1,-1.8,-7.9
05/22/2026,1630,TTD,22.38,+1.10,+5.17%,21.35,22.508,21.31,50.18,0.55,0.63,21.08,23.37,18.85,24.43,-6201.06,-2004.07,13.07,39.1,59.1,-1.2,-3.6
05/22/2026,1630,TTE,91.60,-.75,-0.81%,91.04,91.89,90.74,52.51,0.23,0.27,76.82,87.73,88.71,94.77,4101.02,9416.03,3.12,67.1,54.1,0.0,1.7
05/22/2026,1630,TTWO,227.55,-10.53,-4.42%,243.745,247.00,220.56,53.17,0.35,0.42,202.84,218.21,216.97,249.76,-1101.01,-22056.01,1.01,67.4,82.1,6.7,5.2
05/22/2026,1630,TUA,20.51,-.08,-0.39%,20.58,20.5899,20.4413,36.28,0.07,0.2,21.65,20.69,20.35,20.91,-15110.01,-2044.01,26.03,77.2,66.1,-7.0,-10.5
05/22/2026,1630,TUR,39.34,+2.63,+7.16%,39.33,39.55,38.77,41.51,0.48,0.44,38.19,41.81,36.76,43.53,-7109.02,-3640.02,10.02,98.1,100.4,0.0,-8.9
05/22/2026,1630,TWLO,187.88,+4.58,+2.50%,186.88,188.37,183.44,60.52,0.84,0.52,114.19,181.89,183.14,202.33,-4106.01,-18344.01,12.01,47.1,87.4,0.0,21.3
05/22/2026,1630,TXG,23.68,-1.00,-4.05%,24.50,25.23,23.435,57.39,0.63,0.61,19.1,21.41,20.08,24.83,3204.01,2523.01,1.04,2.1,46.1,0.0,1.2
05/22/2026,1630,TXRH,177.57,-.48,-0.27%,178.03,179.18,175.7075,59.53,0.48,0.28,176.15,153.82,162.42,196.44,-1101.01,18345.08,8.14,29.1,96.4,5.5,1.0
05/22/2026,1630,TXT,91.83,+1.59,+1.76%,90.59,91.91,90.54,52.89,0.36,0.27,95.67,90.3,88.08,93.21,-5201.02,-8790.02,15.02,40.1,90.4,-0.8,0.0
05/22/2026,1630,TYX:CGI,50.64,-.48,-0.94%,50.69,50.96,50.56,55.64,0.14,NaN,46.27,49.17,49.35,52.2,6101.03,5177.03,3.32,0.0,65.2,15.6,3.7
05/22/2026,1630,U,25.57,+.03,+0.12%,25.72,26.58,25.0003,47.55,0.35,0.66,17.58,26.33,25.09,27.94,-4105.01,-2500.01,5.01,8.1,0.1,-0.7,0.0
05/22/2026,1630,UA,5.40,+.19,+3.65%,5.20,5.44,5.195,44.96,0.78,0.6,6.65,5.91,4.29,6.22,-5201.06,-478.04,12.07,62.1,91.4,-1.6,-9.8
05/22/2026,1630,UAA,5.50,+.18,+3.38%,5.31,5.56,5.305,44.0,0.79,0.61,6.79,6.08,4.35,6.4,-4201.07,-488.04,12.07,58.1,88.4,-1.5,-10.2
05/22/2026,1630,UAE,18.915,-.135,-0.71%,19.10,19.10,18.85,46.3,0.21,0.29,19.13,18.94,18.38,19.61,-5101.03,-1856.03,11.03,87.2,71.1,-1.5,-3.1
05/22/2026,1630,UAL,99.96,+.32,+0.32%,100.51,101.4849,99.0298,57.56,0.53,0.62,97.08,89.92,89.04,103.81,2203.01,-8924.03,11.03,86.1,69.1,0.3,1.1
05/22/2026,1630,UBER,71.82,-1.79,-2.43%,73.85,74.97,71.32,40.18,0.39,0.37,71.92,72.67,71.07,78.02,-5108.01,-7132.01,12.01,23.1,93.3,0.0,0.0
05/22/2026,1630,UFO,61.90,+2.94,+4.99%,60.055,62.11,60.04,72.01,0.43,0.49,43.58,50.34,53.11,63.68,7211.01,6211.01,1.18,86.2,78.2,12.9,6.5
05/22/2026,1630,UGA,115.24,+.26,+0.23%,115.30,116.32,113.95,51.28,0.41,0.6,70.83,110.67,112.11,125.36,-3103.01,-11395.01,5.01,78.1,84.1,-1.1,0.3
05/22/2026,1630,UHAL,51.55,+.35,+0.68%,51.19,51.81,50.9801,54.72,0.28,0.43,49.48,49.94,47.88,53.0,1203.01,-4821.04,11.04,71.1,54.1,-1.8,-4.4
05/22/2026,1630,UHS,157.80,-4.65,-2.86%,162.51,163.43,157.42,29.62,0.43,0.35,200.06,163.09,158.81,172.37,-4105.01,-15742.01,31.01,50.1,85.3,-6.6,0.0
05/22/2026,1630,UL,57.35,-.37,-0.64%,57.05,57.68,57.05,45.3,0.24,0.23,68.45,57.79,55.84,59.17,-2101.06,-5619.06,13.06,57.1,73.1,0.0,-2.0
05/22/2026,1630,ULS,102.85,+.51,+0.50%,102.27,103.99,101.765,65.46,0.61,0.42,79.72,89.28,95.75,109.95,-1203.04,10485.12,12.31,65.1,90.4,0.0,10.0
05/22/2026,1630,ULTA,515.04,+10.99,+2.18%,506.60,518.00,505.06,48.2,0.31,0.52,655.65,517.18,467.63,535.63,1202.01,-46900.04,23.04,96.4,65.1,-4.9,-9.0
05/22/2026,1630,UNG,10.94,-.39,-3.44%,11.13,11.20,10.90,47.6,0.43,0.48,11.17,10.29,10.41,12.02,-1101.01,1194.04,4.17,1.1,32.1,12.5,4.1
05/22/2026,1630,UNH,388.47,+5.99,+1.57%,381.92,390.54,381.01,67.84,0.23,0.3,276.87,358.25,367.16,411.18,-1103.02,40415.08,8.39,2.1,16.1,0.5,1.0
05/22/2026,1630,UNP,265.88,+.44,+0.17%,265.85,268.39,264.44,53.36,0.18,0.26,258.58,261.94,261.66,274.74,-1103.02,27463.03,3.46,73.1,52.4,0.0,0.0
05/22/2026,1630,UPBD,17.84,+.14,+0.79%,17.74,18.015,17.64,45.37,0.36,0.54,19.72,18.18,16.34,18.99,-10202.04,-1671.04,17.06,53.1,10.1,-8.3,-5.6
05/22/2026,1630,UPS,101.02,+2.77,+2.82%,99.20,101.17,98.83,51.06,0.5,0.28,109.5,95.98,95.66,102.1,2203.01,10117.01,1.14,8.1,100.4,-14.8,0.0
05/22/2026,1630,UPST,28.56,-.29,-1.01%,28.85,29.65,28.32,45.69,0.63,0.72,25.6,27.84,26.1,31.18,-7101.04,-2622.08,24.08,8.1,30.1,-8.8,0.0
05/22/2026,1630,URA,48.96,+.10,+0.20%,49.465,49.92,48.76,41.26,0.56,0.56,49.73,53.78,44.14,57.13,-7109.03,-4701.03,12.03,49.1,78.2,-0.5,-12.6
05/22/2026,1630,URBN,73.01,-.75,-1.02%,72.30,73.86,72.30,58.44,0.38,0.46,62.27,67.92,66.33,74.64,2203.01,7386.01,1.08,27.3,46.1,0.0,0.4
05/22/2026,1630,URI,938.62,+6.44,+0.69%,935.96,947.805,930.69,56.39,0.28,0.36,792.01,921.02,921.02,974.16,-4105.01,-91692.02,5.02,57.1,39.4,-0.8,0.0
05/22/2026,1630,URNJ,26.91,+.34,+1.28%,26.80,27.35,26.80,39.13,0.59,0.57,31.91,29.86,23.94,32.15,-8109.02,-2556.03,10.03,47.1,45.1,-3.9,-13.4
05/22/2026,1630,URNM,58.22,+.14,+0.24%,58.75,59.25,57.905,38.45,0.53,0.53,66.51,64.62,52.88,68.36,-7109.03,-5669.04,12.04,50.1,63.1,-1.5,-15.0
05/22/2026,1630,USCI,99.55,-.4192,-0.42%,99.86,100.1999,99.55,51.56,0.15,0.4,83.93,97.32,98.23,103.12,-1103.01,10293.08,8.12,96.1,58.1,0.0,2.1
05/22/2026,1630,USD/JPY,159.215,0,0.00%,0,0,0,60.49,0.045,NaN,158.032,156.699,157.24,160.502,6213.05,15936.03,9.18,0.0,11.1,2.3,6.0
05/22/2026,1630,USFD,80.47,-.77,-0.95%,81.09,81.63,79.795,28.6,0.28,0.3,92.28,83.66,75.66,87.84,-5115.08,-7952.02,13.09,64.1,70.1,-7.1,-14.5
05/22/2026,1630,USPH,61.96,-.43,-0.69%,63.05,63.07,61.0001,38.45,0.91,0.39,73.89,58.55,52.92,70.6,-3202.1,-5890.1,13.1,52.1,100.4,-8.3,-0.9
05/22/2026,1630,UTI,40.06,+3.46,+9.45%,39.54,41.42,38.9105,57.76,0.64,0.52,33.84,31.42,34.85,41.85,1201.01,4142.01,1.03,56.1,81.2,0.0,0.0
05/22/2026,1630,UTZ,7.77,+.07,+0.91%,7.71,7.895,7.666847,53.59,0.57,0.47,8.59,7.51,6.8,8.2,1204.02,-692.06,12.07,54.1,88.2,0.0,0.0
05/22/2026,1630,UUP,27.77,+.04,+0.14%,27.76,27.82,27.75,60.46,0.06,0.06,27.05,27.3,27.32,27.97,8209.02,2783.02,3.11,2.1,26.1,7.6,0.0
05/22/2026,1630,V,328.88,-2.24,-0.68%,330.52,333.43,328.82,57.78,0.33,0.23,308.25,318.0,318.24,335.7,4205.01,33343.01,1.2,26.1,99.4,0.0,9.3
05/22/2026,1630,VET,12.30,0,0.00%,12.22,12.4174,12.11,46.12,0.61,0.64,10.2,11.4,11.38,13.62,-1103.01,-1158.11,17.11,72.1,89.3,-0.5,0.0
05/22/2026,1630,VFC,16.70,+.52,+3.21%,16.40,16.795,16.285,39.4,0.44,0.52,17.74,18.18,15.18,18.92,-7110.02,-1556.02,24.02,5.1,37.3,-8.4,-12.6
05/22/2026,1630,VG,13.83,+.27,+1.99%,13.29,14.025,13.21,54.18,0.87,0.78,9.09,11.16,11.39,15.58,6209.03,1490.03,3.1,22.1,67.2,6.9,0.0
05/22/2026,1630,VGK,88.46,-.30,-0.34%,88.87,88.90,88.37,55.73,0.23,0.19,83.85,85.22,85.75,90.08,2203.02,8911.02,2.18,77.1,90.3,1.5,2.6
05/22/2026,1630,VHT,279.27,+2.73,+0.99%,278.00,280.30,277.99,61.36,0.14,0.15,285.85,269.82,268.49,279.59,3204.01,28030.01,1.04,54.1,38.1,0.0,4.4
05/22/2026,1630,VIK,84.23,+.33,+0.39%,85.75,86.18,83.58,54.72,0.46,0.56,70.0,78.25,79.31,87.9,-2202.02,8690.05,5.18,97.1,75.1,0.0,2.9
05/22/2026,1630,VIR,9.19,+.16,+1.77%,9.07,9.285,9.03,46.34,0.51,0.44,8.71,9.18,8.05,10.07,-9201.05,-852.04,24.05,3.1,19.1,-6.8,-8.4
05/22/2026,1630,VIX,16.70,-.06,-0.36%,16.83,17.39,16.46,40.75,0.71,0.92,17.5,16.18,16.14,18.29,-3103.01,-1646.01,4.01,18.1,12.1,-1.8,0.0
05/22/2026,1630,VKTX,30.89,+.21,+0.68%,30.58,30.92,30.29,46.98,0.47,0.55,31.39,29.65,28.15,32.59,-15202.02,-2880.02,28.02,0.1,14.1,-0.4,-0.1
05/22/2026,1630,VLO,246.96,+5.87,+2.43%,241.80,247.42,241.435,51.34,0.45,0.41,195.37,227.25,233.86,263.97,-1102.01,26375.03,3.12,77.1,94.2,0.6,0.0
05/22/2026,1630,VLTO,86.80,+.84,+0.98%,86.21,87.215,85.855,47.13,0.25,0.29,92.95,86.64,84.25,88.18,-7201.03,-8470.03,18.03,89.1,82.2,-6.0,0.0
05/22/2026,1630,VMC,260.65,-.91,-0.35%,263.00,264.08,257.89,31.7,0.25,0.3,292.55,286.8,248.4,286.4,-12112.03,-25242.04,12.04,62.1,66.1,-7.1,-22.4
05/22/2026,1630,VNM,18.75,-.23,-1.21%,18.89,18.89,18.71,46.15,0.21,0.23,17.9,18.72,18.65,19.8,-3106.01,-1871.01,11.01,29.1,21.1,0.0,0.3
05/22/2026,1630,VNO,31.98,+.35,+1.11%,31.66,32.13,31.49,60.69,0.39,0.45,25.71,28.87,29.86,32.81,1203.01,-3002.03,10.03,66.1,89.2,0.1,5.4
05/22/2026,1630,VRNS,31.00,+.34,+1.11%,30.92,31.485,30.61,71.37,0.42,0.68,21.1,26.36,26.51,31.93,19206.01,3149.01,1.3,71.1,63.1,6.4,5.7
05/22/2026,1630,VRT,327.46,+4.06,+1.26%,333.96,334.89,324.00,49.75,0.66,0.65,234.72,321.45,302.27,383.46,-3105.02,-31425.03,8.03,58.2,88.2,0.0,0.0
05/22/2026,1630,VRTX,434.52,+.98,+0.23%,437.07,438.84,432.96,48.09,0.21,0.28,470.43,412.27,419.54,454.4,-1105.02,45345.06,6.14,19.1,29.1,0.0,0.0
05/22/2026,1630,VSCO,52.45,+1.90,+3.76%,50.72,52.51,50.05,59.22,0.54,0.88,56.16,47.12,42.95,52.86,2203.01,5251.01,1.04,89.4,35.1,-2.5,-0.7
05/22/2026,1630,VTR,88.18,+.18,+0.20%,88.65,89.27,87.9012,55.76,0.19,0.21,85.02,85.17,86.19,90.47,8102.03,8984.03,3.22,30.1,79.3,0.0,2.8
05/22/2026,1630,VVIX,91.16,-.72,-0.78%,92.21,92.83,90.06,40.91,0.46,NaN,103.56,91.95,88.63,98.41,-4102.01,-9006.01,6.01,0.0,4.1,-1.1,0.0
05/22/2026,1630,VVV,33.58,+.36,+1.08%,33.16,34.305,33.05,51.44,0.43,0.46,36.53,31.58,30.82,35.72,-3203.03,-3141.03,10.03,66.1,97.4,0.0,-0.6
05/22/2026,1630,VXD,15.43,+.10,+0.65%,15.45,15.92,15.21,40.5,0.77,NaN,16.41,16.05,14.92,16.85,-3103.01,-1521.01,3.02,0.0,12.1,-0.8,0.0
05/22/2026,1630,VXN:CGI,22.82,+.08,+0.35%,22.74,23.28,22.35,44.39,0.57,NaN,22.92,22.29,22.22,25.37,-2103.01,-2235.01,5.01,0.0,12.1,0.2,0.8
05/22/2026,1630,VXX,26.42,+.21,+0.80%,26.30,26.60,26.07,36.01,0.3,0.66,27.23,27.64,25.91,28.6,-4107.01,-2607.01,6.01,17.1,19.1,-0.4,-5.9
05/22/2026,1630,VZ,48.35,+.08,+0.17%,48.50,48.52,48.05,57.27,0.19,0.22,48.87,46.91,46.49,48.55,3204.01,4852.01,1.05,39.1,54.1,0.0,0.7
05/22/2026,1630,W,67.07,+.73,+1.10%,66.74,68.49,65.07,50.46,0.82,0.71,70.78,62.82,56.38,68.95,2203.01,6849.01,1.03,58.1,81.2,-6.9,0.0
05/22/2026,1630,WBD,27.03,-.07,-0.26%,27.145,27.19,26.86,45.47,0.09,0.21,27.93,26.85,26.95,27.4,-1102.01,-2686.01,2.01,20.2,4.1,0.0,2.3
05/22/2026,1630,WCLD,30.2101,+.6201,+2.10%,29.87,30.58,29.87,60.65,0.38,0.43,25.74,28.46,27.65,30.83,2205.01,3058.01,1.07,92.1,76.1,0.5,6.9
05/22/2026,1630,WDAY,128.14,+6.29,+5.16%,128.74,133.71,125.16,53.13,0.53,0.62,117.76,121.09,115.74,133.52,1201.01,13371.01,1.07,87.4,82.3,0.1,0.0
05/22/2026,1630,WEAT,24.55,+.05,+0.20%,24.56,24.76,24.43,54.48,0.38,0.3,21.55,22.85,23.14,26.07,2102.08,2560.08,8.12,56.1,98.4,4.9,3.7
05/22/2026,1630,WELL,216.17,+.16,+0.07%,218.00,218.40,215.24,54.33,0.21,0.25,205.37,208.67,211.99,220.36,1102.03,22050.03,3.04,50.1,48.3,-0.1,2.0
05/22/2026,1630,WEN,7.81,+.19,+2.49%,7.66,7.94,7.56,56.85,0.77,0.49,7.13,6.37,6.81,8.91,6102.06,832.07,7.14,57.1,97.4,9.1,0.0
05/22/2026,1630,WEST,8.35,-.23,-2.68%,8.64,8.68,8.095,69.51,1.25,0.56,4.02,5.63,6.76,10.5,14101.08,890.09,9.41,2.1,97.4,9.9,14.5
05/22/2026,1630,WFC,76.40,+.48,+0.63%,76.36,76.85,76.12,45.54,0.28,0.31,78.94,78.69,70.62,79.87,1203.01,-7278.06,32.08,33.1,63.1,-5.2,-0.3
05/22/2026,1630,WGMI,61.93,+.34,+0.55%,61.41,63.08,60.39,66.02,0.76,0.71,37.0,48.49,52.56,64.81,2202.01,6308.01,1.36,20.1,64.1,0.0,6.3
05/22/2026,1630,WGS,47.31,-.02,-0.04%,48.59,49.1899,45.35,44.46,2.56,0.77,68.55,32.21,21.18,52.97,2206.01,4919.01,1.12,43.1,98.4,-12.5,0.0
05/22/2026,1630,WH,79.14,-1.60,-1.98%,80.32,80.60,78.555,41.95,0.28,0.36,77.43,79.69,76.69,83.82,-4101.02,-7679.03,26.03,53.1,34.1,-2.5,-1.3
05/22/2026,1630,WING,140.41,+7.76,+5.85%,132.82,140.74,132.78,43.87,0.62,0.7,229.0,133.7,111.22,148.27,1205.01,-11635.07,28.12,67.1,65.1,-6.9,0.0
05/22/2026,1630,WMS,133.00,-2.15,-1.59%,133.80,133.86,128.03,38.71,0.37,0.43,160.4,140.54,127.96,146.08,-8112.01,-12803.01,24.01,56.3,51.1,-8.8,-9.2
05/22/2026,1630,WMT,120.27,-1.07,-0.88%,121.34,121.95,118.91,33.88,0.34,0.26,123.94,128.67,120.95,135.9,-2103.01,-11891.01,3.01,38.1,99.2,0.3,0.0
05/22/2026,1630,WOOD,65.7227,-.3968,-0.60%,65.88,65.96,65.41,37.0,0.19,0.32,73.01,67.5,63.51,69.28,-7110.03,-6455.03,26.03,92.4,62.1,-2.2,-6.8
05/22/2026,1630,WRBY,25.09,+.59,+2.41%,24.24,25.72,24.24,49.69,1.06,0.73,21.35,21.48,21.11,32.06,-1104.03,3020.04,10.17,67.1,91.4,0.0,0.3
05/22/2026,1630,WW,12.79,+2.70,+26.76%,11.32,13.15,11.22,58.96,1.59,1.36,20.2,9.06,8.45,12.57,1201.01,1315.01,1.11,81.3,82.4,0.0,-0.6
05/22/2026,1630,WWW,16.41,+.24,+1.48%,16.16,16.528,15.93,50.76,0.44,0.65,16.73,16.04,14.25,17.29,1202.01,-1437.03,24.03,37.1,48.1,-2.5,-7.7
05/22/2026,1630,WY,23.66,+.14,+0.60%,23.57,23.85,23.475,48.9,0.22,0.29,24.03,23.49,22.57,24.03,1203.01,2385.01,1.04,32.1,26.1,-9.0,0.0
05/22/2026,1630,WYFI,30.19,+.64,+2.17%,30.40,31.44,29.20,68.19,1.56,1.37,15.51,16.5,19.82,34.08,11202.01,3144.01,7.17,NaN,NaN,3.6,6.7
05/22/2026,1630,WYNN,97.24,-1.30,-1.32%,97.50,99.25,96.56,40.59,0.31,0.39,99.11,102.26,89.36,106.2,-6101.06,-9345.03,12.06,29.1,33.1,-1.0,-7.6
05/22/2026,1630,XBI,131.66,-1.12,-0.84%,132.49,134.29,131.47,49.28,0.29,0.3,121.98,129.8,126.27,137.89,-4101.03,-12781.03,10.03,46.1,84.1,-0.3,0.0
05/22/2026,1630,XHR,16.82,-.10,-0.59%,16.92,16.975,16.81,58.22,0.34,0.38,14.58,15.92,15.96,17.34,1203.02,-1591.05,10.05,48.1,92.2,1.6,0.6
05/22/2026,1630,XIACY,19.030,-.08,-0.42%,18.940,19.100,18.880,41.02,0.36,NaN,19.67,19.34,18.68,20.62,-4106.01,-1888.01,8.01,0.0,39.1,0.0,0.2
05/22/2026,1630,XLB,50.29,+.27,+0.54%,50.33,50.50,49.985,45.01,0.2,0.18,50.69,50.5,48.61,52.69,-5106.02,-4914.02,8.02,30.1,90.2,1.5,-6.5
05/22/2026,1630,XLC,115.46,-.64,-0.55%,116.41,116.73,115.235,46.74,0.11,0.23,115.87,115.19,114.96,117.33,-5104.01,-11524.01,5.01,90.2,13.1,-3.3,0.0
05/22/2026,1630,XLE,59.49,+.36,+0.61%,58.99,59.61,58.83,55.39,0.28,0.31,54.12,55.13,55.68,62.11,4207.03,6170.03,3.11,86.1,100.4,1.3,1.5
05/22/2026,1630,XLF,51.94,+.21,+0.41%,51.90,52.17,51.84,55.67,0.11,0.22,50.08,51.38,51.02,52.11,2203.01,5217.01,1.03,66.1,8.1,-0.7,0.0
05/22/2026,1630,XLG,63.56,+.07,+0.11%,63.81,64.005,63.51,69.0,0.1,0.19,56.01,60.73,61.99,65.08,14203.07,6433.07,7.39,81.2,19.1,2.0,10.8
05/22/2026,1630,XLI,171.77,+1.24,+0.73%,171.75,172.88,170.416,50.3,0.2,0.23,172.67,170.66,167.81,176.44,-5106.02,-16891.02,12.02,71.1,85.3,0.0,-0.6
05/22/2026,1630,XLK,180.39,+1.79,+1.00%,180.03,181.73,179.56,72.89,0.23,0.3,134.99,160.88,168.92,187.52,1203.01,18173.01,10.38,70.1,75.2,2.7,11.8
05/22/2026,1630,XLP,84.80,+.14,+0.17%,84.72,85.12,84.435,54.5,0.13,0.21,86.93,83.14,83.45,86.46,-1102.02,-8344.02,3.02,84.1,58.1,5.2,2.4
05/22/2026,1630,XLRE,44.56,+.06,+0.13%,44.63,44.82,44.28,58.67,0.14,0.1,42.92,43.85,43.41,45.03,1203.01,4482.01,1.04,1.1,48.1,0.0,0.0
05/22/2026,1630,XLU,45.35,+.35,+0.78%,45.06,45.44,44.92,50.6,0.18,0.17,45.96,45.0,43.32,46.12,1202.01,-4362.04,16.04,28.1,88.3,-7.3,-6.0
05/22/2026,1630,XLV,149.89,+1.74,+1.17%,149.09,150.32,149.00,62.26,0.14,0.16,155.0,144.26,143.24,150.17,8205.01,15032.01,1.1,25.1,38.1,0.0,3.0
05/22/2026,1630,XLY,119.18,+.48,+0.40%,119.16,119.87,118.975,56.85,0.16,0.21,111.81,117.19,115.16,120.95,1203.01,-11478.03,11.03,26.1,27.1,0.0,-0.2
05/22/2026,1630,XOM,154.92,-.37,-0.24%,154.03,155.5499,153.17,51.69,0.32,0.33,146.77,144.19,145.02,164.55,5209.03,16368.03,3.1,79.1,90.2,6.8,0.0
05/22/2026,1630,XOP,171.95,+1.30,+0.76%,169.88,172.45,169.46,50.31,0.35,0.36,145.61,162.24,162.14,182.24,2102.03,-16382.11,17.11,75.1,92.3,0.0,0.0
05/22/2026,1630,XPEV,15.59,-.04,-0.26%,15.28,15.62,15.06,43.83,0.37,0.66,15.38,15.44,14.71,16.55,-5106.01,-1472.03,8.03,74.2,9.1,-0.6,0.0
05/22/2026,1630,XRT,82.54,+.75,+0.92%,81.83,82.61,81.69,50.51,0.24,0.25,82.85,83.34,76.98,85.34,1202.01,-7786.03,24.06,60.1,85.3,-6.0,-6.5
05/22/2026,1630,XTL,233.84,+5.27,+2.31%,230.82,233.97,230.30,64.28,0.32,0.26,177.12,219.03,221.14,234.08,1202.01,23397.01,1.04,75.1,70.1,0.0,9.4
05/22/2026,1630,XYL,110.28,+1.58,+1.45%,109.25,110.8299,108.63,40.32,0.3,0.3,124.85,114.79,103.22,116.49,-13201.03,-10529.03,31.17,61.1,76.2,-6.0,-5.5
05/22/2026,1630,XYZ,68.08,-.57,-0.83%,68.105,69.00,67.08,46.38,0.37,0.46,50.6,69.82,66.89,73.78,-7108.01,-6708.01,10.01,23.1,26.1,-0.7,0.0
05/22/2026,1630,YCS,53.88,+.18,+0.34%,53.73,53.88,53.73,58.01,0.21,0.24,50.9,51.59,52.06,54.63,3209.04,-5159.13,18.13,85.2,69.4,0.0,0.0
05/22/2026,1630,YELP,22.39,+.55,+2.52%,21.57,22.47,21.57,36.54,0.62,0.45,20.0,28.3,17.61,26.71,-6201.06,-2080.06,12.06,66.1,98.4,-9.3,-15.2
05/22/2026,1630,YPF,47.99,+.05,+0.10%,48.00,48.93,47.64,64.24,0.46,0.46,33.42,41.63,42.08,49.91,7205.01,4893.01,1.1,50.1,69.4,3.5,0.0
05/22/2026,1630,YUM,155.15,+.83,+0.54%,154.24,155.625,153.68,50.52,0.26,0.23,158.3,153.4,148.59,157.31,1203.01,-14969.08,16.09,51.1,85.4,-7.0,0.0
05/22/2026,1630,YUMC,44.56,-.38,-0.85%,44.20,44.95,44.15,29.61,0.22,0.32,50.87,47.73,43.45,48.13,-10112.01,-4415.01,13.03,44.1,28.1,-3.2,-16.8
05/22/2026,1630,ZG,36.88,-.37,-0.99%,37.06,37.57,36.33,32.21,0.33,0.65,42.5,42.08,32.99,42.82,-11115.03,-3511.03,24.03,81.1,28.1,-11.3,-13.6
05/22/2026,1630,ZM,105.64,+8.89,+9.19%,108.50,113.73,105.09,61.16,0.55,0.5,70.7,103.21,92.63,110.34,1201.01,11373.01,1.03,85.4,93.2,0.0,0.0
05/22/2026,1630,ZS,182.37,+11.36,+6.64%,174.783,183.02,173.7917,73.15,0.6,0.82,140.56,134.74,145.19,191.3,11216.01,18302.01,4.3,95.4,81.1,23.6,8.3
