Date,Time,Symbol,Last,Net Chng,%Change,Open,High,Low,RSI,HistoricalVolatility,ImpVolatility,A_TrendValue,A_TradeValue,A_BB_Bottom,A_BB_Top,A_BB_Streak,A_BBHighLow,A_BBHighLowDays,A_IVPercentile,A_HVPercentile,A_BB_Top_Slope,A_BB_Bot_Slope
05/26/2026,1630,$COMP,26656.1806,+312.2102,+1.19%,26590.5045,26725.2923,26520.298,70.83,0.15,NaN,22124.78,25217.16,25598.38,26960.28,2204.01,2672529.01,11.4,0.0,46.1,0.0,13.3
05/26/2026,1630,$DJI,50461.68,-118.02,-0.23%,50686.15,50785.68,50356.64,62.99,0.12,NaN,47577.11,49009.11,49264.25,50757.34,3204.01,5078568.01,1.04,0.0,54.1,4.2,3.1
05/26/2026,1630,$DXY,99.149,-.09,-0.09%,99.026,99.251,99.009,55.123,0.057,NaN,97.561,97.625,97.892,100.058,7211.04,9952.04,4.13,0.0,45.1,9.3,0.0
05/26/2026,1630,/6B[M26],1.3448,+.0001,+0.01%,1.3449,1.3509,1.3434,48.0262,0.073,0.063,1.3253,1.3513,1.3271,1.3631,-5110.06,-133.06,11.06,15.1,76.2,0.0,-4.3
05/26/2026,1630,/6C[M26],.72460,-.0002,-0.03%,.72460,.72555,.72415,33.59966,0.03757,0.0423,0.7275,0.73045,0.72179,0.73307,-10114.02,-72.02,14.02,8.1,15.1,-2.0,-3.0
05/26/2026,1630,/6E[M26],1.16445,+.00045,+0.04%,1.16410,1.16445,1.16400,43.57887,0.0482,0.058,1.15375,1.17135,1.15265,1.17963,-7111.04,-116.04,11.04,16.1,25.1,0.0,-5.3
05/26/2026,1630,/6J[M26],.0062875,-.000008,-0.13%,.0063005,.0063100,.0062845,40.7197381,0.1003789,0.0653,0.006337,0.006352,0.0062435,0.0063949,-4110.03,-1.01,13.05,7.1,65.4,0.0,0.0
05/26/2026,1630,/BTC[K26],75990,+215.00,+0.28%,76485,78085,75620,45.0,0.0,0.0,65000.0,79370.0,73979.0,81999.0,-5107.0,-7559000.0,13.0,8.0,10.0,0.0,0.0
05/26/2026,1630,/BZ[N26],99.81,-3.73,-3.60%,100.55,100.75,95.93,43.63,0.57,NaN,69.16,96.07,97.28,111.54,-1104.01,-9593.01,18.01,0.2,83.1,-2.9,0.0
05/26/2026,1630,/CL[N26],93.63,-2.97,-3.07%,93.88,94.70,89.41,43.54,0.56,0.68,63.6,88.66,91.32,104.3,-3104.01,-8941.01,18.01,69.1,79.1,-5.3,0.0
05/26/2026,1630,/GC[M26],4506.5,-16.70,-0.37%,4532.0,4583.3,4480.0,39.3,0.2,0.0,5005.0,4522.7,4406.9,4753.0,-6107.0,-445500.0,10.0,1.1,52.1,-0.8,0.0
05/26/2026,1630,/HG[N26],6.4250,+.046,+0.72%,6.4180,6.4880,6.3635,59.0533,0.3215,0.3065,5.747,5.8565,6.0881,6.7871,-1107.06,672.09,9.15,58.1,54.2,0.0,1.7
05/26/2026,1630,/NG[M26],2.889,-.018,-0.62%,2.900,2.989,2.859,51.003,0.447,0.167,2.775,2.676,2.722,3.173,13102.04,314.04,4.22,4.1,17.1,6.2,5.7
05/26/2026,1630,/NKD[M26],65615,+2280.00,+3.60%,63720,65695,63720,69.0,0.0,NaN,53620.0,59335.0,60053.0,65269.0,1202.0,6569500.0,1.0,0.0,71.0,0.0,2.0
05/26/2026,1630,/SI[N26],77.250,+1.051,+1.38%,76.750,79.250,75.760,48.791,0.635,0.512,78.06,72.805,69.27,88.547,-3107.04,8917.08,8.18,48.1,78.1,0.0,-0.5
05/26/2026,1630,AAAU,44.47,+.03,+0.07%,44.60,44.67,44.19,40.19,0.21,0.21,49.29,44.88,43.33,46.92,-5108.03,-4405.04,60.04,47.1,46.1,-1.7,0.0
05/26/2026,1630,AAL,14.845,+.995,+7.18%,14.30,14.935,14.29,73.0,0.52,0.62,11.53,11.87,11.94,14.72,3204.01,1494.01,1.19,85.1,63.1,6.2,6.0
05/26/2026,1630,AAPL,308.33,-.49,-0.16%,309.56,311.82,307.67,77.37,0.17,0.25,257.25,276.5,292.68,314.7,11220.01,31182.01,1.35,15.1,26.1,4.8,20.4
05/26/2026,1630,ABBV,213.12,-2.58,-1.20%,215.92,217.05,211.91,56.4,0.24,0.3,221.13,200.02,202.09,220.08,8210.01,22001.02,2.19,65.1,42.1,4.4,3.8
05/26/2026,1630,ABNB,132.68,+.33,+0.25%,132.37,136.08,132.265,44.11,0.24,0.39,128.59,137.25,127.52,140.78,-14103.03,-13015.03,11.03,44.1,37.1,-2.8,-3.5
05/26/2026,1630,ABR,5.43,-.14,-2.51%,5.57,5.71,5.42,25.76,0.75,0.47,7.14,7.04,4.11,6.71,1201.01,-542.01,13.08,38.1,98.4,-12.0,-17.5
05/26/2026,1630,ABT,86.67,-.74,-0.85%,86.83,86.96,85.811,39.69,0.27,0.34,110.52,84.08,82.69,90.2,2206.02,8934.05,5.11,94.2,75.4,-2.3,0.0
05/26/2026,1630,ACHC,23.49,+.31,+1.34%,23.07,23.71,22.54,40.19,0.65,0.64,20.88,24.34,22.25,27.08,-5107.01,-2254.01,16.01,20.1,61.2,-5.6,-10.5
05/26/2026,1630,ACHR,6.51,+.15,+2.36%,6.55,6.77,6.385,59.16,0.56,0.87,6.31,5.57,5.71,6.8,1202.01,677.01,1.03,46.1,22.1,0.0,1.4
05/26/2026,1630,ACI,15.73,-.48,-2.96%,16.08,16.23,15.595,38.46,0.31,0.35,16.85,15.87,15.55,17.25,-2103.01,-1560.01,4.01,77.1,69.1,0.7,-0.7
05/26/2026,1630,ADBE,240.49,-4.27,-1.74%,242.57,243.57,238.57,44.69,0.34,0.57,253.06,246.1,232.31,260.28,-1103.01,26509.05,5.08,98.4,69.1,0.0,-0.6
05/26/2026,1630,ADYEY,11.2700,+.24,+2.18%,11.1700,11.2700,11.1280,58.07,0.3,NaN,10.65,10.75,10.12,11.55,2205.01,-1023.07,14.08,0.0,44.1,0.0,0.0
05/26/2026,1630,AFK,27.36,+.47,+1.75%,27.34,27.85,27.32,50.46,0.3,0.31,26.66,26.66,25.73,28.91,1201.01,-2631.05,11.05,46.3,69.1,0.0,0.0
05/26/2026,1630,AFRM,69.27,+4.05,+6.21%,65.98,69.81,65.32,61.12,0.52,0.69,43.73,63.75,63.52,69.35,1201.01,6981.01,1.04,40.1,19.1,-0.1,1.2
05/26/2026,1630,AGCO,114.36,+1.52,+1.35%,113.33,114.72,112.80,46.93,0.44,0.43,125.6,113.17,109.24,119.82,-6109.03,-10825.03,13.03,79.1,87.4,-2.5,-5.0
05/26/2026,1630,AHR,51.00,+.81,+1.61%,50.57,51.07,50.15,53.3,0.3,0.32,50.91,48.94,49.33,52.43,-1201.02,-4920.02,8.02,25.1,86.4,1.1,0.1
05/26/2026,1630,AIQUY,42.330,+.45,+1.07%,42.370,42.730,42.1095,54.59,0.31,NaN,39.23,41.03,39.93,42.72,3204.01,4273.01,1.13,0.0,96.4,-1.5,0.0
05/26/2026,1630,AKAM,148.21,+.98,+0.67%,148.45,150.14,143.92,64.65,1.02,0.56,95.37,107.27,132.08,176.58,-1106.05,16545.09,9.3,79.1,99.4,1.5,12.4
05/26/2026,1630,ALB,174.69,+3.11,+1.81%,175.015,179.70,173.84,42.24,0.49,0.68,157.26,192.1,154.67,206.51,-6108.03,-16714.04,9.04,63.1,19.1,0.0,-6.8
05/26/2026,1630,ALCO,41.21,-.10,-0.24%,41.42,41.42,40.73,50.64,0.19,NaN,39.27,40.43,40.09,41.56,2204.01,4142.01,1.04,0.0,19.1,0.0,0.0
05/26/2026,1630,ALGN,163.55,-.06,-0.04%,164.97,166.00,162.32,43.23,0.37,0.45,174.0,163.29,152.44,171.94,1204.01,-15158.04,25.04,50.1,50.1,-7.3,0.0
05/26/2026,1630,ALLY,42.74,+.39,+0.92%,42.57,43.24,42.57,50.66,0.3,0.36,37.85,43.15,40.59,44.24,1201.01,-4062.04,25.04,42.1,61.1,-1.8,-1.7
05/26/2026,1630,ALNY,295.50,-1.95,-0.66%,299.00,301.09,294.26,45.55,0.31,0.42,315.2,293.06,282.24,302.72,4205.01,30109.01,1.11,40.1,37.1,-0.7,0.0
05/26/2026,1630,AMAT,454.89,+22.73,+5.26%,444.738,456.78,438.00,64.24,0.56,0.61,336.3,400.25,405.68,460.24,2204.01,45678.01,1.19,81.1,78.2,0.0,3.3
05/26/2026,1630,AMBA,93.57,+6.02,+6.88%,92.585,96.358,89.45,79.47,0.53,1.0,54.56,70.5,75.41,93.26,3204.01,9636.01,1.37,97.4,42.2,5.4,10.1
05/26/2026,1630,AMD,503.89,+36.38,+7.78%,484.74,506.96,480.23,77.07,0.9,0.77,188.22,344.88,408.75,535.57,1204.02,50696.01,11.4,100.3,88.4,4.4,13.0
05/26/2026,1630,AMG,308.65,+6.69,+2.22%,304.08,309.75,303.30,60.55,0.24,0.39,291.25,290.9,294.61,309.84,1204.01,30975.01,1.02,74.1,40.1,0.0,4.9
05/26/2026,1630,AMH,32.04,-.23,-0.71%,32.24,32.60,32.01,57.78,0.25,0.33,29.19,31.91,30.86,32.8,3206.01,3260.01,1.06,55.1,90.4,0.0,2.9
05/26/2026,1630,AMLP,53.33,-1.19,-2.18%,54.19,54.40,53.30,48.95,0.18,0.2,51.05,52.21,52.78,55.18,5101.03,5488.03,3.27,100.2,98.4,0.9,1.2
05/26/2026,1630,AMN,27.22,-.44,-1.59%,27.37,27.87,26.99,58.73,1.1,0.64,18.67,20.36,23.61,34.31,-1105.04,3117.08,9.14,8.1,100.4,0.0,8.4
05/26/2026,1630,AMPH,18.81,+.40,+2.17%,18.45,19.12,18.45,44.65,0.96,0.46,19.54,18.28,14.01,21.54,1202.01,-1665.06,13.08,21.1,90.4,-2.9,-8.1
05/26/2026,1630,AMZN,265.29,-1.03,-0.39%,267.94,269.30,262.07,56.61,0.19,0.32,202.48,269.95,257.89,274.01,-6102.03,-25953.04,15.04,31.1,6.1,-1.1,0.0
05/26/2026,1630,AN,191.76,+1.78,+0.94%,190.47,193.7399,189.37,46.69,0.35,0.36,184.58,199.26,171.95,205.93,1202.01,-17662.04,17.04,56.1,92.4,-5.7,-9.8
05/26/2026,1630,AQWA,18.895,+.22,+1.18%,18.87,18.93,18.82,47.49,0.17,0.23,19.78,19.05,18.12,19.3,1201.01,-1825.04,32.04,77.1,83.2,-2.8,-7.9
05/26/2026,1630,AR,35.80,-.95,-2.59%,36.56,37.005,35.73,38.76,0.33,0.42,33.74,35.63,34.83,39.16,-1103.02,-3573.01,18.1,37.1,22.1,-2.1,0.0
05/26/2026,1630,ARE,48.47,+.10,+0.21%,48.97,48.98,47.755,58.82,0.59,0.48,49.5,41.33,44.66,49.66,3215.01,4898.01,1.17,72.1,87.4,0.2,16.3
05/26/2026,1630,ARGT,92.48,+2.08,+2.30%,91.48,92.48,90.42,54.41,0.33,0.3,83.46,89.11,86.5,93.98,2204.02,9248.01,2.06,38.1,71.2,0.0,0.0
05/26/2026,1630,ARHS,6.44,+.12,+1.90%,6.38,6.58,6.33,46.97,0.65,0.65,7.31,6.5,5.1,7.17,1203.02,-557.04,24.09,34.1,83.2,-7.7,-0.1
05/26/2026,1630,ARKK,77.23,+.83,+1.09%,77.27,77.79,76.53,53.6,0.33,0.4,69.91,76.33,73.03,80.29,-4201.04,-7367.04,11.04,23.1,35.1,0.0,-0.2
05/26/2026,1630,ARQQ,16.59,-.90,-5.15%,18.04,18.04,15.90,59.62,1.1,1.26,15.31,13.95,11.86,17.74,3203.01,1804.01,1.04,71.2,74.4,0.0,-2.3
05/26/2026,1630,AS,36.88,+1.62,+4.59%,35.71,37.04,35.43,60.42,0.45,0.51,34.67,34.05,31.98,37.79,2204.01,3704.01,1.08,42.1,64.1,0.0,0.0
05/26/2026,1630,ASBFF,25.76,0,0.00%,0,0,0,47.51,1.44,NaN,NaN,26.59,NaN,NaN,NaN,0.0,0.0,NaN,NaN,NaN,NaN
05/26/2026,1630,ASO,54.53,+2.01,+3.83%,53.54,54.67,53.06,55.08,0.43,0.57,57.31,51.65,48.34,55.21,1203.01,5467.01,1.04,80.2,43.1,-2.9,0.0
05/26/2026,1630,ATRO,84.44,+3.58,+4.43%,82.60,84.8599,82.22,61.07,0.63,0.57,73.4,72.31,74.74,87.03,5215.01,8627.04,4.18,50.1,76.2,1.4,6.0
05/26/2026,1630,AVB,185.09,-.56,-0.30%,185.63,187.20,185.08,57.32,0.25,0.23,174.37,182.01,181.38,187.87,1202.01,18720.01,1.03,48.1,81.4,-0.2,2.6
05/26/2026,1630,AVGO,422.01,7.87,1.90%,418.5,435.31,417,56.45,0.41,0.59,307.2,406.3,405.66,436.18,1201.01,43531.01,1.02,87.2,55.2,0,0.1
05/26/2026,1630,AVO,11.65,-.27,-2.27%,11.94,12.035,11.645,30.68,0.3,0.58,13.64,13.07,11.0,13.28,-8116.06,-1165.01,33.09,85.4,50.1,-8.6,-7.3
05/26/2026,1630,AVTR,8.14,+.02,+0.25%,8.08,8.155,7.94,53.5,0.39,0.61,8.41,7.93,7.44,8.45,-6202.04,-742.04,13.04,69.1,39.2,0.0,-0.3
05/26/2026,1630,AWI,159.70,+2.28,+1.45%,158.26,161.2534,157.905,44.17,0.31,0.34,164.53,161.09,150.73,165.32,-8201.04,-15198.05,30.05,81.1,80.1,-6.5,0.0
05/26/2026,1630,AXP,310.72,-1.06,-0.34%,314.04,314.565,309.6,44.95,0.16,0.31,299.75,313.61,304.73,318.82,-11113.03,-30561.03,27.03,44.1,0.1,-2.9,-0.9
05/26/2026,1630,AZO,3100.11,-306.39,-8.99%,3215.01,3237.05,3001.00,29.56,0.44,0.38,3561.57,3475.0,3131.94,3545.96,-1101.01,-300100.01,17.01,87.3,100.2,-4.8,-0.9
05/26/2026,1630,B,42.10,+1.42,+3.49%,41.50,42.125,41.47,51.64,0.59,0.48,44.38,38.54,37.98,47.16,-2107.05,4662.1,10.19,53.1,91.4,0.0,1.3
05/26/2026,1630,BA,218.90,-.12,-0.05%,221.30,222.41,217.91,44.74,0.36,0.38,218.13,221.74,207.82,240.5,-5108.03,-21572.03,8.04,78.1,79.3,0.0,-3.2
05/26/2026,1630,BABA,129.47,-.53,-0.41%,130.10,130.24,129.075,43.49,0.49,0.44,128.6,132.17,125.08,144.28,-3107.02,-12693.02,9.02,35.1,72.4,0.0,0.0
05/26/2026,1630,BAC,52.20,+.40,+0.77%,52.22,52.50,51.88,55.39,0.2,0.28,48.5,51.1,48.81,53.4,2204.01,-4930.07,13.07,22.1,47.1,-2.0,0.0
05/26/2026,1630,BALL,56.55,+.04,+0.07%,56.91,57.00,56.34,41.0,0.33,0.31,62.92,57.06,54.3,58.77,-8202.07,-5458.05,27.15,57.1,88.4,-13.1,0.0
05/26/2026,1630,BBN,15.81,+.11,+0.70%,15.75,15.83,15.70,44.51,0.11,NaN,16.4,15.98,15.34,16.18,-6201.04,-1551.04,10.04,0.0,72.2,-1.7,-17.8
05/26/2026,1630,BBWI,17.73,-.03,-0.17%,18.14,18.40,17.63,45.56,0.53,0.78,21.18,18.29,15.37,19.86,1202.01,-1574.04,24.04,100.3,65.1,-2.1,-8.9
05/26/2026,1630,BBY,63.22,+1.59,+2.58%,62.50,63.31,61.855,60.92,0.34,0.52,60.51,56.68,55.31,63.88,5206.01,6331.01,1.08,85.3,47.1,0.0,0.5
05/26/2026,1630,BCO,107.02,+2.27,+2.17%,104.90,107.45,103.90,51.2,0.34,0.3,107.87,103.03,102.07,109.28,-14201.02,-10100.02,25.02,49.1,75.1,0.0,-0.1
05/26/2026,1630,BDRY,12.88,+.205,+1.62%,13.04,13.04,12.73,60.52,0.39,0.56,11.0,11.89,11.86,13.61,-1201.04,1333.09,9.22,23.1,45.1,0.0,1.1
05/26/2026,1630,BEAM,29.79,+1.15,+4.02%,29.14,30.26,28.81,52.84,0.69,0.73,25.44,28.5,24.82,33.18,-6201.03,-2604.03,11.03,45.1,44.3,0.0,-4.4
05/26/2026,1630,BEPC,39.06,+1.56,+4.16%,37.88,39.33,37.865,55.68,0.58,0.45,39.8,35.65,35.94,38.79,2204.01,3933.01,1.05,83.1,94.4,-0.5,9.2
05/26/2026,1630,BIDU,126.83,-.96,-0.75%,128.527,129.55,124.85,45.0,0.65,0.53,115.6,125.38,122.26,149.88,-4107.01,-12485.01,9.01,68.3,91.4,0.0,0.2
05/26/2026,1630,BIO,296.90,+9.16,+3.18%,287.26,297.59,284.27,65.69,0.63,0.36,268.0,251.32,241.1,308.2,6206.01,29759.01,3.15,24.1,91.4,0.0,0.0
05/26/2026,1630,BIP,38.81,-.83,-2.09%,39.76,40.10,38.685,59.56,0.24,0.35,37.78,35.61,36.98,40.57,11215.01,4010.01,1.18,81.1,89.1,12.6,11.5
05/26/2026,1630,BIRK,43.54,2.16,5.22%,41.63,43.58,41.28,64.62,1,0.5,39.43,36.78,30.3,44.74,3203.01,4358.01,1.06,43.1,100.4,0,-1.8
05/26/2026,1630,BITO,10.37,+.02,+0.19%,10.47,10.66,10.32,44.84,0.28,0.4,8.99,10.86,10.08,11.2,-6107.02,-1032.02,14.02,12.1,2.1,0.0,0.0
05/26/2026,1630,BJ,84.91,-1.73,-2.00%,86.58,86.68,83.90,31.37,0.4,0.33,91.57,91.9,85.27,99.04,-3103.01,-8390.01,5.01,39.1,96.2,0.8,-0.1
05/26/2026,1630,BJRI,45,0.44,0.99%,44.63,45.25,44.095,72.11,0.33,0.4,34.51,36.75,40.69,46.98,4215.1,4547.02,11.14,27.1,35.1,12.1,6.2
05/26/2026,1630,BK,137.16,0,0.00%,0,0,0,64.52,0.16,0.29,114.11,131.17,130.78,138.55,6207.01,13863.01,1.1,68.1,29.1,0,0.5
05/26/2026,1630,BKNG,163.30,+2.24,+1.39%,162.85,166.24,162.11,47.64,0.33,0.45,161.12,164.05,147.63,170.1,2203.01,-15014.04,27.09,90.2,67.1,-6.7,0.0
05/26/2026,1630,BKV,27.08,-1.21,-4.28%,28.63,28.66,27.06,38.64,0.45,0.49,28.93,27.66,25.91,30.53,-6103.08,-2706.01,18.11,42.1,63.4,-7.9,-0.5
05/26/2026,1630,BLDR,74.41,+.26,+0.35%,74.41,76.50,74.00,44.62,0.59,0.63,94.17,73.4,65.72,79.78,1203.01,-6510.04,25.04,88.2,99.4,-1.2,0.0
05/26/2026,1630,BLK,1077.40,+4.40,+0.41%,1077.50,1084.45,1071.1142,55.25,0.26,0.31,1022.12,1047.52,1037.44,1110.99,-3201.03,-104512.03,8.03,78.1,54.1,0.0,0.0
05/26/2026,1630,BLMN,7.92,+.105,+1.34%,7.90,7.961,7.59,61.87,1.29,0.96,5.6,5.6,7.15,9.53,-2106.01,873.11,11.16,80.1,87.4,0.5,11.1
05/26/2026,1630,BLOK,65.08,+1.16,+1.81%,65.18,66.08,64.83,60.82,0.38,0.43,51.34,61.61,60.7,66.79,2203.01,6608.01,1.05,69.1,49.1,0.0,5.2
05/26/2026,1630,BNDD,98.1286,+.312,+0.32%,98.1286,98.1286,98.1286,56.04,0.07,0.13,97.0,97.8,95.98,98.55,2203.01,-9619.05,14.05,23.1,13.1,0.6,-7.0
05/26/2026,1630,BNO,53.10,-1.90,-3.45%,53.10,53.81,52.95,46.43,0.57,0.74,33.15,50.82,51.81,59.34,-2104.01,5949.06,6.13,79.1,85.1,-2.2,0.0
05/26/2026,1630,BOOT,164.09,+9.44,+6.10%,160.31,164.96,158.09,57.72,0.56,0.54,177.55,160.74,130.52,171.35,2203.01,-13753.05,13.08,56.1,88.2,-0.8,-1.8
05/26/2026,1630,BP,42.65,-1.71,-3.85%,42.495,42.7606,42.07,37.14,0.29,0.35,37.27,43.22,42.33,46.41,-1102.01,-4207.01,18.01,79.1,70.1,-4.5,0.0
05/26/2026,1630,BRBR,8.60,-.31,-3.48%,8.78,8.91,8.59,24.29,1.8,0.99,16.91,9.22,7.72,10.64,-1101.01,924.02,2.12,97.3,96.4,-43.7,0.0
05/26/2026,1630,BRCB,7.43,+.62,+9.10%,7.29,7.4878,7.03,29.64,1.4,0.91,12.5,11.09,3.92,10.19,-13201.06,-613.03,27.07,NaN,NaN,-24.3,-19.5
05/26/2026,1630,BRKR,46.92,+1.23,+2.69%,46.01,47.30,44.95,69.85,0.57,0.53,37.58,36.53,41.71,49.16,1204.02,4730.01,11.18,31.1,68.4,1.0,18.3
05/26/2026,1630,BROS,53.57,+1.45,+2.78%,52.11,53.675,52.08,50.73,0.56,0.54,50.52,51.55,47.03,57.78,1201.03,-4832.09,14.09,35.1,68.1,-3.1,0.0
05/26/2026,1630,BTAL,11.84,-.36,-2.95%,12.01,12.07,11.799,36.87,0.28,0.44,13.6,11.81,11.71,12.64,-1102.01,-1180.01,4.01,77.3,97.4,-1.0,0.0
05/26/2026,1630,BTC,33.56,+.03,+0.09%,33.92,34.52,33.45,45.08,0.28,0.35,28.81,35.17,32.67,36.25,-6107.02,-3343.02,14.02,5.1,4.1,0.0,0.0
05/26/2026,1630,BTC-USD,-67.82,-6.15,+9.97%,-65.08,-64.14,-69.51,29.94,1.14,0.64,-30.56,-60.48,-74.48,-50.89,-19101.08,7014.08,39.08,56.1,20.1,-11.0,-0.8
05/26/2026,1630,BTI,64.94,-.42,-0.64%,66.24,66.35,64.63,61.83,0.32,0.3,58.03,57.97,60.05,70.44,11101.06,6730.08,8.25,77.2,96.4,12.2,12.1
05/26/2026,1630,BUD,82.46,-.99,-1.19%,83.34,83.55,82.10,65.8,0.37,0.25,73.31,79.58,79.49,84.27,1201.01,8371.02,13.23,46.1,88.4,1.4,26.2
05/26/2026,1630,BULL,6.26,+.08,+1.29%,6.19,6.445,6.10,39.29,0.44,0.89,5.58,6.95,6.12,7.5,-10107.01,-610.01,8.01,26.1,10.1,0.0,0.0
05/26/2026,1630,BURL,326.57,+2.06,+0.63%,331.52,332.27,323.27,59.63,0.42,0.51,288.96,298.32,278.82,332.53,3204.01,33227.01,1.09,91.2,78.2,0.0,0.0
05/26/2026,1630,BUXX,20.26,0,0.00%,20.28,20.28,20.26,55.42,0.02,NaN,20.24,20.2,20.21,20.28,4209.01,2028.01,1.05,0,36.3,0,5
05/26/2026,1630,BXP,60.61,+.32,+0.53%,60.72,61.14,60.30,61.97,0.23,0.37,53.36,57.91,58.45,61.21,2204.01,6114.01,1.04,71.1,20.1,0.0,3.2
05/26/2026,1630,BYD,80.68,+1.37,+1.73%,79.40,80.85,79.40,44.53,0.23,0.31,78.44,82.87,75.14,85.3,-11201.03,-7732.04,20.07,63.1,39.1,-8.4,-5.2
05/26/2026,1630,BYDDF,11.8750,+.19,+1.63%,11.7100,12.0000,11.7000,36.51,0.27,NaN,11.75,11.95,11.04,13.21,-15125.02,-1148.03,28.03,0.0,8.1,-3.3,-9.9
05/26/2026,1630,C,126.86,+1.77,+1.41%,126.25,127.43,125.255,55.04,0.24,0.34,106.2,125.22,120.11,129.26,1204.02,-11989.04,12.04,53.1,46.1,0.0,-3.2
05/26/2026,1630,CACC,552.00,+7.20,+1.32%,546.50,557.29,541.46,61.36,0.32,0.6,461.67,505.99,522.36,569.23,7215.04,56294.04,6.37,98.1,25.1,2.8,6.3
05/26/2026,1630,CAG,13.15,-.41,-3.02%,13.47,13.53,13.15,33.92,0.28,0.42,18.59,13.61,13.03,14.22,-3104.01,-1315.01,8.01,94.2,54.1,-1.7,-3.9
05/26/2026,1630,CAH,200.37,-.31,-0.15%,200.00,201.44,199.25,52.64,0.33,0.29,215.89,182.87,181.81,209.2,4208.04,20398.05,5.12,48.1,77.4,0.0,0.0
05/26/2026,1630,CAKE,64.63,+3.49,+5.71%,61.89,64.73,61.79,63.17,0.44,0.38,60.08,58.7,56.85,64.09,2204.01,6473.01,1.08,25.1,98.2,-0.5,0.0
05/26/2026,1630,CAMT,174.73,+7.36,+4.40%,171.48,175.07,169.65,49.83,0.92,0.72,155.77,188.28,136.06,202.07,1201.01,-14757.05,11.05,77.1,99.4,0.0,-12.6
05/26/2026,1630,CANE,9.80,-.10,-1.01%,9.86,9.895,9.80,47.34,0.28,0.61,9.14,9.71,9.66,10.25,-1102.07,1033.15,15.31,97.4,95.3,-0.4,1.8
05/26/2026,1630,CARR,64.89,+1.75,+2.77%,64.04,65.15,63.71,53.6,0.49,0.39,59.58,64.08,60.72,68.08,-5201.02,-6112.03,13.03,60.1,90.3,-0.2,0.0
05/26/2026,1630,CASY,809.41,-15.61,-1.89%,827.58,832.70,807.61,45.61,0.32,0.44,658.05,832.35,804.83,887.7,-4107.01,-80761.01,15.01,100.4,88.4,0.0,0.4
05/26/2026,1630,CAT,908.55,28.66,3.26%,884.95,909.56,878.02,60.92,0.48,0.43,693.58,886.88,846.42,932.81,-6201.02,-85706.04,13.04,83.1,93.4,0,5.4
05/26/2026,1630,CAVA,80.32,-.10,-0.12%,80.36,81.06,78.777,45.11,0.52,0.59,74.81,79.06,69.48,87.74,1204.04,8888.04,4.09,48.1,62.1,-5.7,0.0
05/26/2026,1630,CBRL,33.31,+.92,+2.84%,32.60,33.75,32.50,62.82,0.53,0.7,29.94,28.5,28.3,33.58,3204.01,3375.01,1.04,74.2,59.2,0.0,0.0
05/26/2026,1630,CCK,98.08,1.37,1.42%,97.12,98.395,96.81,45.2,0.23,0.32,107.45,98.11,93.96,101.69,-6201.02,-9464.03,11.03,69.1,38.1,-0.6,-0.3
05/26/2026,1630,CCL,26.71,+.73,+2.81%,26.815,27.09,26.50,53.63,0.54,0.62,26.71,25.67,23.65,27.57,2204.01,2709.01,1.04,91.1,73.1,0.0,-0.7
05/26/2026,1630,CCRN,13.08,+.03,+0.23%,13.06,13.10,13.05,76.26,0.95,1.4,8.56,10.06,12.12,15.12,-1104.04,1318.06,11.7,81.4,92.4,10.4,39.4
05/26/2026,1630,CELH,29.67,-.45,-1.49%,30.31,30.48,29.13,40.59,0.51,0.62,43.62,31.8,25.93,33.21,-7202.08,-2780.08,12.08,53.1,60.1,-0.6,-4.7
05/26/2026,1630,CF,119.16,-2.54,-2.09%,120.06,122.25,118.97,45.41,0.53,0.54,94.56,113.31,113.98,130.42,2104.09,13002.09,9.11,83.1,81.1,0.0,0.0
05/26/2026,1630,CFG,63.65,+.76,+1.21%,63.24,64.025,63.10,54.8,0.22,0.34,58.59,63.38,59.37,65.28,1204.02,-5975.07,13.07,70.1,26.1,-0.3,0.0
05/26/2026,1630,CFLT,30.99,0,0.00%,0,0,0,73.35,0.04,0.16,29.95,30.6,30.58,30.94,1201.01,3100.01,1.27,19.4,14.1,0.0,0.0
05/26/2026,1630,CFRUY,20.1100,+.38,+1.93%,19.9200,20.1100,19.8600,56.11,0.39,NaN,17.92,18.66,19.16,20.73,3201.12,2044.12,12.19,0.0,87.3,0.0,8.9
05/26/2026,1630,CG,45.65,+.22,+0.48%,45.76,46.48,45.51,38.75,0.36,0.46,49.2,47.62,42.69,50.91,-6107.03,-4423.03,14.03,63.1,64.1,-3.0,-1.7
05/26/2026,1630,CHD,96.67,+.42,+0.44%,96.11,97.58,95.805,55.24,0.26,0.25,99.68,90.66,92.19,98.47,5209.01,9758.01,1.1,40.1,87.4,0.0,0.0
05/26/2026,1630,CHDN,83.065,-2.055,-2.41%,84.92,84.92,81.45,34.07,0.33,0.41,85.84,87.73,80.86,91.08,-6116.01,-8145.01,20.01,83.1,69.1,-25.3,0.0
05/26/2026,1630,CHEF,76.88,+.42,+0.55%,77.02,77.525,75.51,55.69,0.65,0.33,60.2,77.78,75.43,81.73,-6107.01,-7551.01,16.01,3.1,96.4,0.0,2.7
05/26/2026,1630,CHH,113.71,+.59,+0.52%,112.51,115.53,111.00,58.69,0.7,0.35,101.2,98.42,102.47,115.84,5210.01,11553.01,1.15,85.4,98.4,0.0,1.1
05/26/2026,1630,CHPT,7.33,+.31,+4.42%,7.12,7.64,7.11,66.26,0.57,1.07,5.7,6.03,5.94,7.32,2203.01,764.01,1.03,68.2,38.1,0.0,0.0
05/26/2026,1630,CHRD,137.86,-6.12,-4.25%,141.37,143.32,137.58,45.65,0.41,0.48,102.67,132.82,134.25,152.02,-1103.01,15145.05,5.13,92.2,83.1,0.0,0.0
05/26/2026,1630,CHTR,144.00,-1.15,-0.79%,144.86,147.71,142.68,32.87,0.56,0.57,225.69,154.7,133.17,156.94,-1102.07,15537.08,9.18,76.2,83.4,-6.8,0.1
05/26/2026,1630,CHWY,21.25,+.52,+2.51%,20.65,21.75,20.595,38.97,0.51,0.75,25.15,22.47,18.23,23.64,-12201.04,-1930.04,25.04,96.4,72.1,-17.5,-12.7
05/26/2026,1630,CI,280.83,-5.41,-1.89%,283.00,284.24,279.67,47.23,0.3,0.3,271.78,274.01,273.63,300.86,-1104.03,30090.08,8.39,29.1,69.2,0.0,0.0
05/26/2026,1630,CLOX,25.61,0,0.00%,25.62,25.62,25.575,59.94,0.02,NaN,25.37,25.48,25.54,25.63,5208.01,2562.02,1.14,0.0,72.2,0.0,0.0
05/26/2026,1630,CLOZ,26.50,+.02,+0.08%,26.36,26.5132,26.36,68.97,0.02,NaN,25.23,26.24,26.37,26.53,-1213.01,-2636.01,1.01,0.0,35.1,0.0,1.6
05/26/2026,1630,CLX,96.23,+1.12,+1.18%,95.20,96.75,95.20,53.03,0.48,0.36,113.51,84.7,87.8,98.54,3209.01,9675.01,3.15,84.2,97.4,0.0,1.6
05/26/2026,1630,CMCSA,25.15,-.055,-0.22%,25.32,25.54,24.835,37.14,0.21,0.36,30.27,25.35,23.91,26.21,-1202.07,-2453.09,22.18,73.1,31.4,-8.6,0.0
05/26/2026,1630,CMG,32.31,-.58,-1.76%,32.86,32.935,32.005,44.0,0.32,0.41,35.46,31.72,31.82,33.72,-3102.01,-3201.01,5.01,56.1,52.1,-0.8,1.3
05/26/2026,1630,CMI,668.75,+29.20,+4.57%,654.02,669.35,649.50,52.71,0.49,0.4,550.98,655.85,624.45,724.59,-4106.02,-62809.02,13.02,90.2,92.4,0.0,0.0
05/26/2026,1630,CNA,43.73,-.32,-0.73%,44.11,44.325,43.70,39.73,0.34,NaN,47.24,42.77,42.61,44.79,2206.02,-4248.09,17.13,30.1,98.4,-21.2,0.0
05/26/2026,1630,CNC,57.21,-1.93,-3.26%,58.98,59.23,56.74,66.15,0.61,0.45,42.28,52.0,54.64,61.8,1101.04,6076.04,18.51,17.1,76.2,0.0,0.0
05/26/2026,1630,CNH,10.25,+.14,+1.38%,10.17,10.305,10.11,43.93,0.38,0.44,11.22,10.25,9.89,11.01,-6108.01,-990.03,10.03,64.1,79.1,0.0,0.0
05/26/2026,1630,CNX,34.73,-.58,-1.64%,35.10,36.035,34.675,34.48,0.28,0.4,38.22,35.51,34.2,37.5,-11103.01,-3467.01,19.01,69.1,40.1,-5.6,0.0
05/26/2026,1630,COAL,26.10,+1.49,+6.05%,24.97,26.19,24.97,57.04,0.29,0.38,24.32,25.09,24.14,26.14,1201.01,2619.01,1.06,51.1,61.1,-1.9,-5.1
05/26/2026,1630,COCO,76.49,+.45,+0.59%,76.84,77.12,75.59,69.18,0.95,0.53,51.48,66.96,68.9,83.97,1201.05,7970.06,17.22,50.1,96.4,0.0,0.0
05/26/2026,1630,COF,186.42,-1.37,-0.73%,188.17,190.67,185.6052,46.11,0.23,0.37,188.3,189.05,179.44,192.78,2204.01,-18000.04,27.04,70.1,23.1,-1.2,-0.6
05/26/2026,1630,COIN,180.01,-4.98,-2.69%,186.07,187.80,179.11,42.11,0.67,0.73,171.81,182.8,174.91,212.85,-5107.01,-17911.01,8.01,57.1,50.1,0.0,0.0
05/26/2026,1630,COM,34.25,-0.17,-0.49%,34.37,34.3908,34.21,48.18,0.14,0.18,31.54,34.02,33.91,35.43,-2104.01,3562.09,9.32,72.1,92.4,0,0
05/26/2026,1630,COP,116.57,-3.89,-3.23%,118.75,119.885,116.18,42.02,0.34,0.35,108.11,113.62,112.71,126.89,3101.04,-11380.11,18.11,65.1,83.3,-2.1,0.0
05/26/2026,1630,COPJ,44.35,+2.39,+5.70%,43.18,44.36,43.18,56.25,0.55,0.52,43.02,39.45,39.31,47.74,-2201.05,4753.09,9.18,73.1,85.1,0.0,0.1
05/26/2026,1630,COPX,87.51,+4.16,+4.99%,86.46,87.54,86.20,57.1,0.54,0.52,81.15,78.0,77.22,93.2,1201.01,9277.09,9.19,69.1,83.1,0.0,2.0
05/26/2026,1630,CORN,18.18,-0.18,-0.98%,18.25,18.31,18.16,43.98,0.23,0.26,17.63,18.2,17.94,19,-2104.07,-1812.07,17.07,86.2,99.4,-3.7,0
05/26/2026,1630,COST,1002.93,-25.31,-2.46%,1026.13,1027.50,996.16,43.88,0.25,0.29,978.81,990.66,981.5,1100.05,-2102.01,-99616.01,4.01,96.2,100.4,10.7,0.0
05/26/2026,1630,CP,89.12,+2.86,+3.32%,86.30,89.15,86.30,63.61,0.3,0.28,84.46,83.04,84.41,89.23,5201.01,8915.01,1.37,85.1,90.4,0.0,5.3
05/26/2026,1630,CPAY,349.61,+1.71,+0.49%,343.15,350.05,337.53,63.95,0.51,0.39,316.36,298.46,312.13,375.49,5212.05,35497.05,5.18,69.1,89.4,11.8,5.0
05/26/2026,1630,CPER,39.03,+.11,+0.28%,38.92,39.08,38.83,58.49,0.33,0.33,35.22,36.28,37.09,41.41,-1107.07,4078.09,9.16,65.2,64.2,2.1,6.3
05/26/2026,1630,CPNG,15.47,-.65,-4.03%,16.12,16.22,15.46,32.61,0.65,0.55,17.86,16.84,12.79,17.25,1203.02,-1503.04,27.1,80.1,93.4,-21.1,-6.1
05/26/2026,1630,CPRI,18.50,+.02,+0.11%,18.70,19.12,18.49,49.79,0.42,0.79,18.23,18.25,16.56,19.26,2204.01,1912.01,1.09,95.4,36.1,-4.6,0.0
05/26/2026,1630,CPT,107.74,+.27,+0.25%,108.10,108.48,107.01,64.03,0.2,0.26,106.79,103.08,103.05,108.19,5206.01,10848.01,1.06,74.2,48.1,0.0,2.3
05/26/2026,1630,CRCL,104.17,-8.95,-7.91%,112.22,113.04,104.14,45.39,1.14,0.89,80.23,108.91,100.32,129.15,-2107.01,-10414.01,10.01,NaN,NaN,0.0,7.6
05/26/2026,1630,CRI,38.40,+1.42,+3.84%,37.25,38.43,37.1296,60.68,0.66,0.53,32.54,33.3,32.19,39.69,5206.01,3843.01,2.15,14.1,81.2,0.0,0.0
05/26/2026,1630,CRM,179.08,-0.99,-0.55%,178.43,182.3599,177.6812,49.83,0.39,0.58,189.58,176.88,164.51,188.04,1206.05,18744.05,5.08,94.4,69.1,-0.9,0
05/26/2026,1630,CRSP,51.59,1.23,2.44%,50.68,51.87,50.19,50.55,0.49,0.59,53.75,49.38,45.66,55.26,-6201.03,-4720.04,11.04,15.1,22.1,-0.2,-0.4
05/26/2026,1630,CRWD,671.55,+8.09,+1.22%,665.00,677.4999,648.00,87.44,0.38,0.64,359.29,457.46,585.35,712.24,14217.02,67750.01,5.32,97.4,55.1,28.9,30.7
05/26/2026,1630,CSCO,118.33,-2.08,-1.73%,120.54,120.77,117.095,75.76,0.53,0.4,77.07,91.0,103.1,131.54,14219.06,12079.02,6.37,93.3,92.4,24.5,8.1
05/26/2026,1630,CSX,46.61,+1.09,+2.39%,45.47,46.665,45.47,64.27,0.21,0.27,40.83,44.38,44.49,47.09,6201.01,4674.04,4.08,48.1,48.3,0.0,0.8
05/26/2026,1630,CTA,29.84,-.71,-2.32%,29.82,30.05,29.76,39.92,0.31,0.41,29.6,29.81,29.85,32.72,-3104.01,-2976.01,6.01,96.4,88.3,-2.0,0.0
05/26/2026,1630,CUBE,39.96,-.11,-0.27%,40.12,40.32,39.89,53.56,0.25,0.28,39.41,38.87,38.34,41.22,1204.02,-3824.05,10.05,28.1,75.2,0.2,0.0
05/26/2026,1630,CURB,28.77,+.45,+1.59%,28.19,28.78,28.16,61.87,0.23,0.28,27.41,27.43,27.44,28.91,6206.01,2878.01,1.46,27.1,72.3,0.0,4.2
05/26/2026,1630,CVNA,70.15,+1.87,+2.74%,69.79,73.50,69.74,47.97,0.45,0.73,59.86,75.54,58.46,78.76,1201.01,-6109.04,12.04,58.1,21.1,-5.4,-11.4
05/26/2026,1630,CVS,90.73,-2.53,-2.71%,93.06,93.51,90.71,57.07,0.4,0.3,76.34,80.4,87.62,103.3,-2104.01,9843.08,9.46,13.1,90.4,3.2,10.1
05/26/2026,1630,CVX,184.71,-6.72,-3.51%,190.00,190.49,183.90,42.84,0.3,0.31,181.76,179.53,179.96,199.11,4101.04,19819.04,4.12,80.1,91.2,2.8,0.0
05/26/2026,1630,CWH,7.68,+.23,+3.09%,7.52,7.94,7.52,56.68,0.88,0.85,7.47,7.28,6.37,8.0,1204.01,794.01,1.09,83.1,83.3,-2.6,0.0
05/26/2026,1630,CZR,28.38,-.09,-0.32%,28.45,28.72,28.1225,57.48,0.45,0.45,20.85,27.31,26.19,29.15,2207.01,2872.01,1.08,6.1,54.1,1.8,0.0
05/26/2026,1630,D,67.28,-.39,-0.58%,67.70,68.13,67.20,63.61,0.38,0.26,60.77,61.04,60.92,70.9,5206.02,6858.02,3.12,84.2,99.4,12.4,0.0
05/26/2026,1630,DAL,79.39,+3.25,+4.27%,78.195,79.59,78.01,69.87,0.45,0.53,59.17,68.91,67.69,79.26,3204.01,7959.01,1.04,73.1,67.1,7.1,4.3
05/26/2026,1630,DAPP,21.75,+.48,+2.26%,21.78,22.38,21.60,59.85,0.59,0.44,15.35,20.13,19.77,22.78,1203.01,2238.01,1.05,7.1,46.1,0.0,6.1
05/26/2026,1630,DAR,59.35,+.75,+1.28%,58.96,59.98,58.10,43.35,0.27,0.47,51.87,61.09,56.4,64.88,-7109.02,-5765.02,15.02,27.1,10.1,0.0,0.0
05/26/2026,1630,DASH,154.00,-6.25,-3.90%,160.71,161.04,153.35,42.18,0.48,0.54,168.0,162.0,145.61,169.04,1101.02,-14681.04,13.04,63.1,69.1,-6.2,-0.1
05/26/2026,1630,DDOG,223.65,+1.33,+0.60%,222.495,225.90,218.33,84.28,0.99,0.6,105.17,140.71,195.52,260.38,-1101.01,22590.01,11.31,62.1,96.4,13.5,31.4
05/26/2026,1630,DDS,576.75,+14.95,+2.66%,571.45,578.45,555.98,56.24,0.34,NaN,582.85,545.31,519.69,580.3,2203.01,57845.01,1.04,0.0,21.1,-0.7,0.0
05/26/2026,1630,DE,529.12,-.03,-0.01%,530.00,531.745,523.81,32.91,0.34,0.31,586.3,572.3,515.47,592.09,-7108.01,-52381.01,13.01,49.1,79.1,-1.3,-2.0
05/26/2026,1630,DECK,111.44,+4.77,+4.47%,107.50,111.49,105.00,65.81,0.47,0.43,106.69,96.78,90.49,111.42,3204.01,11149.01,1.15,35.3,65.2,0.0,0.0
05/26/2026,1630,DELL,305.08,+9.89,+3.35%,300.25,308.6401,298.97,78.16,0.87,0.8,120.31,210.94,230.77,314.04,2203.01,30864.01,1.68,98.4,96.2,16.1,8.0
05/26/2026,1630,DEO,85.01,-1.12,-1.30%,86.28,86.41,84.545,59.85,0.32,0.32,80.79,78.85,80.07,88.0,3207.03,8660.02,12.19,54.1,75.1,11.9,5.7
05/26/2026,1630,DG,103.61,-2.04,-1.93%,105.625,105.625,101.7916,36.06,0.4,0.57,144.52,112.91,94.15,114.89,-10101.06,-9957.03,27.09,99.4,79.4,-6.9,-4.1
05/26/2026,1630,DGX,192.88,-2.33,-1.19%,194.26,194.69,192.35,50.4,0.21,0.27,203.47,186.23,186.82,195.95,4206.01,19469.01,1.05,68.1,49.1,0.0,0.1
05/26/2026,1630,DIN,30.38,+.01,+0.03%,30.74,31.15,29.6901,58.49,0.48,0.56,29.24,25.85,27.72,31.93,10213.01,3148.02,2.13,46.1,59.3,3.4,3.1
05/26/2026,1630,DIS,103.28,+.28,+0.27%,103.10,103.80,102.345,49.45,0.35,0.28,101.59,100.06,99.77,108.93,-2107.04,10839.11,11.15,39.1,83.4,0.0,0.0
05/26/2026,1630,DK,42.75,-.93,-2.13%,42.78,44.42,42.12,46.37,0.69,0.71,34.0,43.0,40.7,47.26,-3109.02,-4161.02,15.02,73.1,84.2,-3.4,0.0
05/26/2026,1630,DKL,51.24,-.06,-0.12%,51.68,51.89,50.79,48.85,0.31,0.28,49.46,49.48,50.31,52.29,-1102.02,-5079.01,4.02,29.1,81.3,-6.2,1.6
05/26/2026,1630,DKNG,23.81,-1.31,-5.21%,24.79,25.15,23.79,45.64,0.39,0.56,22.26,23.2,23.78,26.13,-1102.01,-2379.01,2.01,48.1,38.1,0.0,5.9
05/26/2026,1630,DLTR,93.70,-1.28,-1.35%,94.08,94.50,91.68,45.52,0.35,0.63,114.86,92.65,86.37,98.16,2204.02,9700.02,2.09,100.4,37.1,0.0,0.0
05/26/2026,1630,DOC,20.03,+.30,+1.52%,19.75,20.08,19.56,73.47,0.6,0.27,17.02,16.18,19.01,22.04,-2106.01,2008.01,12.2,31.1,95.4,2.2,30.0
05/26/2026,1630,DOCU,49.32,-.21,-0.42%,48.79,49.915,48.03,57.49,0.39,0.76,43.41,45.4,44.84,51.51,4207.02,5142.05,5.08,92.2,37.1,3.0,0.0
05/26/2026,1630,DOV,215.40,+5.50,+2.62%,212.14,215.95,211.96,49.61,0.24,0.31,213.6,218.8,201.66,223.71,-8201.04,-20572.04,13.04,73.1,55.1,-7.8,-9.7
05/26/2026,1630,DOW,35.28,-.73,-2.03%,36.21,36.30,35.02,36.47,0.4,0.52,29.2,36.72,34.14,40.19,-8109.01,-3502.01,15.01,44.1,30.1,-3.1,-1.5
05/26/2026,1630,DPZ,310.42,-6.10,-1.93%,316.12,317.50,309.83,35.22,0.28,0.37,393.19,321.27,294.33,331.06,-6101.06,-29748.06,22.06,85.2,75.4,-7.3,0.0
05/26/2026,1630,DRI,203.83,+.32,+0.16%,203.38,204.57,201.97,60.06,0.25,0.37,201.06,190.01,192.41,204.36,2204.01,20457.01,1.05,94.2,48.1,0.0,0.0
05/26/2026,1630,DRLL,36.15,-1.21,-3.24%,36.80,37.21,36.15,44.91,0.33,0.3,34.05,34.95,34.89,39.05,4101.04,3870.04,4.13,77.2,100.4,0.4,0.0
05/26/2026,1630,DRVN,13.70,-.07,-0.51%,13.62,13.925,13.495,55.02,0.61,0.67,10.67,13.07,12.4,14.28,2203.01,-1249.03,5.03,62.1,92.1,0.0,0.4
05/26/2026,1630,DT,40.60,-.61,-1.48%,41.09,41.17,39.985,58.28,0.64,0.57,34.27,37.72,36.08,42.67,2207.02,4136.05,5.08,87.1,99.4,0.9,3.2
05/26/2026,1630,DVN,45.14,-2.08,-4.40%,46.89,47.20,45.12,39.02,0.48,0.44,41.74,44.2,43.55,50.66,1103.06,-4512.01,18.12,87.1,100.4,-5.2,-0.1
05/26/2026,1630,DXCM,72.01,-.09,-0.12%,72.02,73.10,70.135,69.7,0.51,0.43,70.44,58.7,58.12,76.3,8207.01,7310.01,2.18,28.1,84.4,6.3,0.1
05/26/2026,1630,EA,201.13,+.16,+0.08%,200.6065,201.13,200.49,45.99,0.03,0.12,200.21,200.25,199.93,202.09,3201.02,20185.02,2.09,42.1,23.1,-3.1,0.0
05/26/2026,1630,EAT,139.68,+2.27,+1.65%,139.10,142.24,136.77,50.08,0.79,0.51,135.27,138.64,122.76,147.6,1203.02,-12496.04,32.08,53.1,98.4,-8.8,-0.3
05/26/2026,1630,EBAY,115.31,-.44,-0.38%,116.10,116.67,114.8625,63.16,0.35,0.37,85.0,104.6,106.35,122.77,7219.04,11931.04,7.18,64.1,64.2,10.3,3.6
05/26/2026,1630,ECH,41.47,+1.18,+2.93%,41.43,41.57,41.13,52.88,0.3,0.29,37.8,40.38,38.79,42.22,1201.01,-3895.05,30.05,58.1,80.1,-2.4,-0.4
05/26/2026,1630,ECPG,81.55,+1.35,+1.68%,80.56,81.76,80.31,53.73,0.27,0.35,60.01,79.0,78.05,83.83,-11201.03,-7891.03,11.03,23.1,30.1,-2.1,-1.2
05/26/2026,1630,EDEN,112.46,-.0315,-0.03%,112.31,112.75,112.23,56.12,0.2,NaN,102.5,109.87,110.09,114.09,1204.01,11345.11,11.23,0.0,53.1,0.0,11.7
05/26/2026,1630,EDU,46.79,+.36,+0.78%,47.53,48.05,46.405,28.44,0.37,0.48,50.19,53.27,44.77,53.76,-8112.01,-4590.02,27.02,48.1,58.3,-13.7,-2.6
05/26/2026,1630,EDV,63.07,+.48,+0.77%,63.37,63.415,62.88,49.8,0.15,0.13,67.02,63.0,60.35,64.26,1202.01,-6078.04,23.04,19.2,57.2,-1.3,-9.7
05/26/2026,1630,EEM,68.40,+2.52,+3.83%,67.715,68.495,67.69,64.27,0.3,0.35,56.74,64.89,63.83,68.9,1201.01,6850.01,1.05,96.2,89.1,0.0,4.9
05/26/2026,1630,EFNL,58.0623,+1.3223,+2.33%,57.58,58.09,57.58,68.54,0.25,NaN,48.28,53.6,53.9,57.91,4204.01,5809.01,1.06,0.0,98.3,2.7,5.3
05/26/2026,1630,EFX,162.81,-1.23,-0.75%,163.29,166.01,162.57,40.52,0.32,0.41,199.94,167.59,152.17,174.95,-6101.04,-15647.07,25.07,77.1,38.1,-3.8,-1.0
05/26/2026,1630,EGP,206.98,+1.82,+0.89%,205.43,207.72,205.00,65.92,0.15,0.19,189.72,197.55,200.91,208.1,1204.01,20772.01,1.07,47.1,15.1,3.1,4.6
05/26/2026,1630,EIS,137.2,3.37,2.52%,136.9,137.39,136.05,65.78,0.2,NaN,117.45,134.27,128.01,138.5,2202.01,13739.01,1.05,0,53.1,0,1.5
05/26/2026,1630,EL,86.60,-1.72,-1.95%,88.56,88.795,86.08,59.45,0.57,0.48,94.88,79.55,75.06,89.39,2202.01,8880.01,1.03,62.1,85.1,0.0,0.0
05/26/2026,1630,ELS,62.46,-1.09,-1.72%,63.27,63.69,62.08,45.12,0.16,0.27,66.55,62.32,61.33,63.98,3101.01,6369.01,1.06,59.2,32.1,0.0,0.2
05/26/2026,1630,ELV,387.85,-6.84,-1.73%,388.91,392.69,384.30,61.25,0.25,0.34,283.14,366.95,371.52,412.9,18101.04,40800.04,4.39,16.1,20.1,3.9,2.6
05/26/2026,1630,EMB,95.64,+.47,+0.49%,95.67,95.7081,95.425,52.88,0.07,0.08,95.91,95.19,94.04,96.39,1201.01,-9425.04,13.04,46.2,87.1,-0.2,-7.1
05/26/2026,1630,EMR,140.97,+4.55,+3.34%,137.75,141.17,136.81,55.22,0.41,0.35,140.6,136.9,128.02,146.08,-7201.03,-12943.04,13.04,78.1,92.2,0.0,-5.1
05/26/2026,1630,ENB,57.01,-1.03,-1.77%,57.63,57.705,56.735,61.67,0.21,0.22,52.04,53.33,53.86,59.04,11211.02,5845.02,2.27,63.1,90.4,10.8,7.5
05/26/2026,1630,ENPH,66.90,+2.87,+4.48%,66.54,68.90,63.672,79.86,1.15,1.03,40.45,32.84,44.64,70.15,13215.01,6890.01,1.18,99.4,84.4,32.4,7.9
05/26/2026,1630,ENR,18.22,+.04,+0.22%,18.54,18.6724,18.00,51.92,0.63,0.54,18.51,17.49,15.81,19.18,2203.01,1867.01,1.08,65.1,84.4,-5.6,-0.6
05/26/2026,1630,ENVX,7.25,0.57,8.53%,6.85,7.635,6.81,59.68,0.98,0.96,4.91,6.17,5.5,7.51,1202.01,764.01,1.04,37.1,87.4,0.5,-4.9
05/26/2026,1630,ENZL,44.87,+.35,+0.79%,44.68,44.97,44.665,53.15,0.22,0.51,45.54,44.58,43.19,46.23,-4201.04,-4360.04,11.04,70.4,86.1,0.0,0.0
05/26/2026,1630,EOG,136.20,-5.02,-3.55%,139.89,141.12,136.11,47.81,0.33,0.36,119.31,128.83,129.54,147.31,4101.04,14570.04,4.12,78.1,98.2,1.6,0.1
05/26/2026,1630,EPD,38.40,-1.23,-3.10%,39.14,39.34,38.30,48.96,0.22,0.23,35.36,37.14,37.29,40.67,5101.04,4010.04,4.11,91.1,93.1,3.9,1.5
05/26/2026,1630,EPHE,24.59,-.13,-0.53%,24.58,24.61,24.44,46.64,0.16,NaN,25.89,24.42,24.1,25.24,-3101.04,2530.12,12.19,0.0,19.1,-0.6,1.2
05/26/2026,1630,EPOL,40.45,+.50,+1.25%,40.78,40.79,40.28,59.16,0.28,0.3,34.67,38.45,38.68,40.86,2204.01,4079.01,1.19,46.1,88.2,0.9,8.2
05/26/2026,1630,EPR,59.16,+.54,+0.92%,58.87,59.38,58.5901,65.08,0.17,0.25,56.87,55.18,56.67,60.1,4206.1,5938.01,10.15,43.1,21.1,2.2,2.4
05/26/2026,1630,EPU,86.01,+3.41,+4.13%,84.08,86.01,84.02,59.95,0.35,NaN,83.45,78.3,78.72,87.11,1204.01,8601.01,1.19,0.0,75.1,0.2,5.8
05/26/2026,1630,EQR,66.13,-.07,-0.11%,66.07,66.77,65.88,59.88,0.21,0.24,61.58,65.14,64.26,66.73,2205.01,6677.01,1.03,50.1,59.3,0.0,2.1
05/26/2026,1630,EQRR,79.5795,+.6241,+0.79%,79.90,79.90,79.565926,78.51,0.12,NaN,67.97,74.66,76.06,79.87,23212.01,7990.01,1.51,0.0,38.1,14.4,13.0
05/26/2026,1630,EQT,56.21,-1.71,-2.95%,57.67,57.93,56.18,42.23,0.29,0.35,58.52,55.31,54.68,59.43,2101.04,5959.04,4.09,12.1,43.2,-2.1,0.0
05/26/2026,1630,ESI,43.18,+2.43,+5.96%,41.75,43.365,41.61,58.68,0.57,0.49,32.51,42.08,38.24,45.52,-5201.03,-3816.05,15.05,75.1,96.2,0.0,0.0
05/26/2026,1630,ESPO,88.64,-.46,-0.52%,88.61,89.01,88.56,40.22,0.14,0.19,88.93,89.97,88.13,91.15,-9103.01,-8856.01,27.01,70.2,12.1,-3.6,-0.1
05/26/2026,1630,ESS,277.25,+.55,+0.20%,274.55,278.53,274.55,68.45,0.21,0.21,248.86,263.49,265.94,279.89,21206.01,27853.01,1.46,14.1,50.2,1.9,4.2
05/26/2026,1630,ET,19.60,-.47,-2.34%,19.865,19.885,19.54,47.05,0.25,0.25,18.34,19.3,19.39,20.62,-1103.01,-1954.01,4.01,54.1,96.4,0.0,1.9
05/26/2026,1630,ETH,19.67,+.07,+0.36%,20.07,20.31,19.4991,36.84,0.33,0.47,18.05,21.54,18.67,22.37,-9110.02,-1950.01,15.04,2.1,1.1,-1.7,-10.0
05/26/2026,1630,ETH-USD,-81.71,-6.11,+8.08%,-78.93,-78.35,-83.4609,29.42,0.93,0.7,-41.3,-74.11,-88.81,-64.92,-19101.08,8401.08,39.08,34.1,13.2,-12.3,-0.6
05/26/2026,1630,ETHA,15.62,+.05,+0.32%,15.95,16.1499,15.495,36.77,0.34,0.57,14.4,17.12,14.82,17.79,-9107.02,-1550.01,15.04,1.1,1.1,-1.7,-9.9
05/26/2026,1630,ETHE,16.78,+.05,+0.30%,17.12,17.3214,16.63,36.36,0.33,0.48,15.56,18.4,15.92,19.09,-9110.02,-1663.01,15.04,1.1,1.1,-1.9,-10.4
05/26/2026,1630,ETSY,64.33,+1.95,+3.13%,62.73,65.155,62.73,59.2,0.64,0.56,50.81,62.73,55.27,66.13,1204.01,6516.01,1.08,42.1,76.4,-2.4,0.0
05/26/2026,1630,EWA,28.95,+.17,+0.59%,29.04,29.05,28.855,48.17,0.23,0.25,28.33,29.04,28.18,29.82,-5110.04,-2844.04,13.04,83.2,90.1,-4.2,-0.1
05/26/2026,1630,EWC,58.70,+.19,+0.32%,58.87,58.97,58.485,59.49,0.15,0.16,55.67,57.66,57.44,58.98,3204.01,5897.01,1.07,61.1,65.1,0.0,1.4
05/26/2026,1630,EWD,53.20,+.77,+1.47%,53.00,53.29,52.88,60.05,0.29,0.35,50.59,50.63,49.39,53.38,3204.01,5329.01,1.07,93.4,93.3,0.0,0.4
05/26/2026,1630,EWG,43.75,+.84,+1.96%,43.74,43.8263,43.56,60.93,0.25,0.24,40.59,42.03,41.46,43.91,3204.01,4383.01,1.07,69.1,92.3,1.4,0.2
05/26/2026,1630,EWH,23.34,-.15,-0.64%,23.24,23.35,23.20,41.98,0.18,0.23,23.0,23.61,23.18,24.62,-6107.01,-2320.01,13.01,75.1,73.2,0.0,0.0
05/26/2026,1630,EWI,59.40,+.81,+1.38%,59.50,59.6373,59.185,58.03,0.26,0.25,52.45,57.39,57.53,60.35,1204.01,5964.01,12.16,81.1,92.2,0.0,4.3
05/26/2026,1630,EWJ,92.90,+1.29,+1.41%,92.98,93.225,92.70,62.79,0.18,0.24,83.85,88.48,89.8,93.74,1203.01,9323.01,1.19,70.1,48.1,0.0,10.7
05/26/2026,1630,EWJV,45.6547,+.4649,+1.03%,45.79,45.805,45.50,64.38,0.18,NaN,42.08,43.13,43.95,46.36,7218.09,4581.01,9.22,0.0,42.1,0.0,10.9
05/26/2026,1630,EWK,27.03,+.14,+0.52%,27.15,27.15,26.87,63.97,0.21,0.36,25.02,26.06,26.06,27.29,3204.01,2715.01,1.19,76.1,85.1,1.7,17.6
05/26/2026,1630,EWM,29.00,-.24,-0.82%,29.00,29.215,28.915,40.15,0.12,0.21,27.95,29.75,28.74,30.33,-7107.01,-2892.01,13.01,75.2,38.1,0.0,0.0
05/26/2026,1630,EWN,67.33,+.49,+0.73%,67.52,67.52,66.88,63.86,0.28,0.22,58.26,62.72,63.22,67.92,3204.01,6752.01,1.19,83.4,93.2,1.6,6.1
05/26/2026,1630,EWO,40.93,+1.00,+2.50%,41.13,41.31,40.81,65.48,0.22,NaN,34.83,38.6,38.61,40.88,2204.01,4131.01,1.16,0.0,82.1,2.5,2.7
05/26/2026,1630,EWP,57.79,+1.28,+2.27%,57.94,58.19,57.58,57.12,0.26,0.23,52.22,55.61,55.65,58.28,2201.01,5819.01,1.07,79.1,87.1,0.0,2.8
05/26/2026,1630,EWQ,45.92,+.75,+1.66%,45.89,46.052,45.69,55.5,0.26,0.28,43.93,44.69,44.02,46.51,1204.01,-4409.07,13.07,89.1,94.3,0.0,0.0
05/26/2026,1630,EWS,29.41,-.06,-0.20%,29.30,29.44,29.30,57.07,0.17,0.18,27.05,28.63,28.79,29.83,4212.03,2961.04,4.19,58.1,79.1,3.4,9.2
05/26/2026,1630,EWUS,43.363,+.323,+0.75%,43.54,43.57,43.21,58.72,0.24,0.19,41.64,41.74,40.89,43.73,3204.01,4357.01,1.07,27.1,89.1,0.0,0.0
05/26/2026,1630,EWW,78.86,+1.10,+1.41%,77.45,79.02,77.42,53.91,0.21,0.31,73.25,76.4,76.58,80.76,-2201.05,8107.08,11.18,88.1,64.1,0.0,4.5
05/26/2026,1630,EWY,200.65,+18.62,+10.23%,194.38,201.50,194.16,67.12,0.7,0.83,122.72,168.26,169.04,200.44,1201.01,20150.01,1.37,99.4,94.2,0.0,10.5
05/26/2026,1630,EWZ,36.49,+.12,+0.33%,36.70,36.76,36.185,39.55,0.29,0.33,35.76,38.74,34.4,39.11,-12113.05,-3572.05,31.05,68.1,77.1,-7.6,-10.7
05/26/2026,1630,EWZS,14.18,+.16,+1.14%,14.27,14.28,14.07,43.83,0.38,0.42,14.07,14.91,13.11,15.3,-6111.05,-1359.05,32.05,80.2,85.1,-3.7,-8.5
05/26/2026,1630,EXAS,104.91,0,0.00%,0,0,0,76.4,0.04,0.37,101.28,103.1,103.16,104.69,6206.01,10498.01,1.08,32.4,24.1,6.4,0.0
05/26/2026,1630,EXP,206.56,+7.13,+3.58%,200.52,207.34,200.52,54.9,0.34,0.4,202.82,204.36,189.19,214.02,-9201.03,-18879.04,13.04,88.1,49.1,-0.6,-2.9
05/26/2026,1630,EXPD,160.70,+2.22,+1.40%,158.71,161.64,158.57,64.89,0.42,0.31,140.15,143.9,152.26,162.23,5201.01,16164.01,1.16,73.1,81.2,5.9,5.9
05/26/2026,1630,EXPE,222.97,+8.32,+3.88%,213.95,223.59,213.69,43.78,0.45,0.49,203.18,226.7,195.22,243.46,-7201.08,-20635.04,25.08,49.1,66.1,-13.1,-4.1
05/26/2026,1630,EXR,143.99,+.69,+0.48%,143.43,144.60,142.50,55.75,0.24,0.29,146.6,138.57,137.99,147.0,2204.02,14543.02,2.05,57.1,58.1,0.0,0.0
05/26/2026,1630,EYE,16.61,-.52,-3.04%,17.36,17.84,16.57,26.84,0.89,0.69,25.1,21.82,12.94,21.48,-13125.07,-1612.04,20.08,75.1,97.4,-11.0,-13.3
05/26/2026,1630,EZA,69.81,+2.50,+3.71%,69.38,69.99,69.18,51.48,0.38,0.53,70.24,67.76,65.29,72.68,1201.01,-6627.05,11.05,96.2,78.1,-1.3,0.0
05/26/2026,1630,F,15.32,+.39,+2.61%,14.78,15.545,14.78,71.28,0.71,0.52,12.24,11.56,12.34,16.02,6209.01,1555.01,1.15,99.3,100.4,16.1,1.5
05/26/2026,1630,FAF,68.15,-.05,-0.07%,68.29,68.325,67.32,52.84,0.24,0.53,67.08,67.43,65.91,70.47,-6103.03,-6632.03,21.03,95.2,39.1,-2.2,0.3
05/26/2026,1630,FANG,195.13,-5.58,-2.78%,199.12,201.90,194.68,46.29,0.37,0.41,164.37,186.55,189.21,211.84,2101.04,-18694.12,16.12,79.1,94.3,-0.5,0.2
05/26/2026,1630,FAST,44.45,+.51,+1.16%,44.01,44.62,43.96,50.83,0.2,0.33,44.8,43.88,43.01,44.75,1202.01,4462.01,1.09,83.1,39.1,-3.9,0.0
05/26/2026,1630,FCFS,232.05,+4.46,+1.96%,227.80,232.575,226.135,67.65,0.2,0.32,184.95,219.5,223.69,234.38,1201.01,-22227.03,10.03,75.1,14.1,0.0,10.6
05/26/2026,1630,FCG,29.22,-1.12,-3.69%,29.93,30.25,29.22,42.42,0.35,0.33,26.37,28.54,28.59,31.84,-1103.01,3177.04,4.12,77.2,98.3,-0.1,0.0
05/26/2026,1630,FDX,400.00,+5.80,+1.47%,397.23,403.0342,397.21,61.84,0.46,0.38,371.31,357.0,364.64,402.87,4205.01,40303.01,1.14,58.1,96.4,0.0,0.0
05/26/2026,1630,FICO,1259.89,+19.98,+1.61%,1239.45,1280.00,1212.00,71.07,0.39,0.61,1325.0,1039.81,1033.61,1316.66,12207.01,128000.01,1.18,79.1,36.1,13.8,1.8
05/26/2026,1630,FISV,55.61,-1.52,-2.66%,56.825,56.825,55.42,44.33,0.46,0.43,59.89,54.64,52.85,58.31,1206.05,-5217.09,25.09,43.1,72.4,-14.9,0.0
05/26/2026,1630,FIVE,221.07,+1.57,+0.72%,220.81,224.00,219.90,49.22,0.42,0.56,212.87,220.0,203.42,231.14,1204.01,-20514.09,13.09,79.2,67.3,-7.0,0.0
05/26/2026,1630,FLG,14.03,+.18,+1.30%,14.01,14.395,14.00,55.2,0.26,0.35,12.34,13.76,12.99,14.44,1202.01,1440.01,1.05,18.1,23.1,-0.2,-3.8
05/26/2026,1630,FLNG,31.70,-.26,-0.81%,31.75,31.92,31.20,48.6,0.26,0.37,26.6,31.51,31.2,33.1,-2103.01,-3120.01,15.01,71.1,49.1,0.0,0.0
05/26/2026,1630,FLO,7.79,-.15,-1.89%,7.99,8.235,7.78,45.78,0.61,0.58,8.95,8.2,6.49,8.61,1202.01,-680.03,17.06,77.1,100.4,-4.3,-8.1
05/26/2026,1630,FLUT,93.81,-3.57,-3.67%,96.13,96.96,93.57,36.73,0.41,0.55,99.96,97.94,89.63,101.75,1101.02,-9152.07,21.09,72.1,62.1,-8.2,0.0
05/26/2026,1630,FND,48.30,+.09,+0.19%,49.06,50.10,47.93,48.42,0.56,0.61,62.06,47.82,42.03,52.13,1204.02,-4264.04,12.04,87.2,87.2,-0.3,-1.5
05/26/2026,1630,FNF,48.44,-.17,-0.35%,48.61,48.75,48.09,44.41,0.25,0.38,50.0,46.67,46.2,51.09,-8102.08,-4693.09,22.09,80.1,54.1,-9.9,0.0
05/26/2026,1630,FORM,136.48,+7.49,+5.81%,133.93,139.92,129.53,55.15,0.79,0.9,84.13,136.44,108.09,151.4,-6201.05,-11231.05,11.05,90.2,82.2,-1.4,-6.0
05/26/2026,1630,FOUR,42.79,-.45,-1.04%,43.00,43.50,42.30,47.4,0.65,0.72,43.32,40.4,39.46,45.6,1204.02,4501.02,2.09,79.1,75.1,-2.6,0.0
05/26/2026,1630,FOXA,64.96,+.98,+1.53%,64.07,65.09,63.64,54.95,0.32,0.32,54.4,61.25,61.71,68.12,-1201.03,6696.08,8.15,39.1,79.3,0.0,0.0
05/26/2026,1630,FR,64.04,+.76,+1.20%,63.62,64.06,63.365,64.3,0.16,0.29,60.98,60.9,60.86,64.01,3204.01,6406.01,1.05,37.1,12.1,0.0,1.4
05/26/2026,1630,FROG,73.01,-.98,-1.32%,74.00,75.08,71.03,71.56,0.88,0.65,38.5,51.62,61.65,83.61,11202.11,7508.01,11.29,59.1,81.2,6.9,18.7
05/26/2026,1630,FRPT,51.00,-.58,-1.12%,51.66,52.10,50.57,37.81,0.6,0.55,79.14,52.13,43.26,55.2,1204.03,-4645.04,30.11,34.1,88.2,-20.7,0.0
05/26/2026,1630,FRT,120.16,+.41,+0.34%,120.015,120.49,119.58,72.92,0.2,0.22,107.24,113.94,112.67,120.68,3204.01,12049.01,1.43,53.1,81.3,2.8,10.7
05/26/2026,1630,FSLY,17.60,+1.28,+7.84%,16.525,17.78,16.01,40.66,1.97,0.9,17.13,18.53,7.15,22.73,1201.01,-1570.02,14.1,57.1,88.4,-6.1,-17.0
05/26/2026,1630,FTNT,133.96,+.03,+0.02%,132.975,134.91,130.60,88.23,0.67,0.43,76.64,87.29,122.35,149.74,-1101.01,13491.01,10.29,58.1,88.4,27.8,41.0
05/26/2026,1630,FTV,60.32,+1.19,+2.01%,59.22,60.33,58.575,56.14,0.19,0.29,56.82,59.88,57.76,60.96,1201.01,-5775.03,18.03,39.1,17.1,-4.9,0.0
05/26/2026,1630,FTWO,45.1893,+.3716,+0.83%,45.18,45.366,45.15,47.6,0.22,NaN,46.63,45.5,43.59,46.63,1201.01,-4416.04,10.04,0.0,86.2,0.0,-2.6
05/26/2026,1630,FUTU,107.70,+17.94,+19.99%,97.905,107.83,97.65,33.74,1.48,0.77,135.24,142.65,86.66,137.65,-11113.02,-8050.02,13.02,97.4,100.4,-7.1,-23.0
05/26/2026,1630,FUTY,58.68,+.05,+0.09%,58.87,59.02,58.66,51.32,0.17,0.22,59.24,57.84,56.26,59.43,2203.01,5902.01,1.05,93.2,84.2,-6.7,0.0
05/26/2026,1630,FWONK,91.41,+2.85,+3.22%,88.56,91.66,88.28,55.53,0.3,0.27,83.65,87.13,86.9,94.72,-3201.01,-8766.02,11.02,29.1,88.1,0.0,4.5
05/26/2026,1630,FWRG,11.54,+.05,+0.44%,11.53,11.68,11.17,47.19,0.43,0.72,11.88,11.52,10.29,12.19,-10203.07,-1059.04,23.09,77.1,29.1,-14.2,0.0
05/26/2026,1630,FXA,71.01,+.37,+0.52%,71.03,71.05,70.96,51.27,0.09,0.16,68.75,71.08,70.15,71.98,-5108.03,-7053.03,11.03,94.4,76.1,0.0,-0.9
05/26/2026,1630,FXB,129.35,+.10,+0.08%,129.50,129.52,129.281,48.22,0.07,0.07,127.55,130.15,127.63,130.94,-5201.06,-12799.07,11.07,71.3,74.2,0.0,-5.3
05/26/2026,1630,FXC,70.7491,+.0291,+0.04%,70.79,70.7998,70.73,34.99,0.03,0.18,71.05,71.3,70.49,71.44,-9113.02,-7070.02,17.05,81.4,11.1,-14.9,-15.3
05/26/2026,1630,FXE,107.35,+.25,+0.23%,107.27,107.365,107.22,44.59,0.05,0.07,106.41,107.88,106.45,108.65,-7109.03,-10683.03,11.03,62.1,22.1,0.0,-5.5
05/26/2026,1630,FXF,112.25,-.15,-0.13%,112.33,112.40,112.219,47.48,0.07,0.13,112.21,112.63,111.4,113.5,-5109.03,-11160.03,12.03,97.4,33.1,0.0,0.0
05/26/2026,1630,FXI,35.75,+.23,+0.65%,35.62,35.76,35.5626,41.12,0.21,0.24,35.33,36.47,35.01,37.96,-7107.01,-3515.02,9.02,13.1,70.2,0.0,-1.8
05/26/2026,1630,FXY,57.63,-.07,-0.12%,57.63,57.66,57.605,41.89,0.1,0.09,58.17,58.13,57.26,58.54,-3110.03,-5758.03,14.05,18.1,65.4,-0.2,0.0
05/26/2026,1630,FYBR,38.49,0,0.00%,0,0,0,73.16,0.03,0.09,37.42,38.06,37.98,38.52,4204.01,3849.01,1.05,8.1,17.1,0.0,0.0
05/26/2026,1630,GAP,23.49,+.10,+0.43%,23.60,23.71,23.23,51.68,0.49,0.66,26.34,23.24,19.9,24.72,1204.03,-2005.05,25.09,81.4,80.1,0.0,0.0
05/26/2026,1630,GD,344.64,+1.75,+0.51%,345.04,345.27,341.322467,54.34,0.31,0.23,341.77,344.01,333.45,348.29,1202.01,-33466.03,15.03,60.1,93.4,-1.1,4.3
05/26/2026,1630,GDAXI:DE,25184.89,-204.21,-0.80%,25359.75,25361.64,25180.50,61.12,0.21,NaN,23603.77,24202.33,23823.4,25496.32,6207.01,2536164.01,1.07,0.0,84.1,2.9,0.0
05/26/2026,1630,GDX,88.50,+3.48,+4.09%,87.035,88.57,86.93,46.57,0.53,0.5,99.53,85.72,79.68,98.55,-4107.04,-8367.04,10.04,75.1,73.1,0.0,0.0
05/26/2026,1630,GDXJ,116.66,+5.04,+4.52%,114.75,116.73,114.48,46.38,0.55,0.55,133.8,113.14,103.71,131.8,-5107.03,-10960.04,10.04,75.1,70.1,0.0,0.0
05/26/2026,1630,GE,314.49,+11.65,+3.85%,306.35,314.98,306.345,61.77,0.4,0.42,320.79,281.61,280.6,316.81,2204.01,31498.01,1.07,92.2,83.1,0.6,2.3
05/26/2026,1630,GEL,15.33,-.85,-5.25%,16.06,16.26,15.26,29.23,0.28,0.34,17.41,15.75,15.3,16.8,-1101.01,-1526.01,19.01,34.1,43.2,-2.4,0.0
05/26/2026,1630,GII,76.7071,+.1571,+0.21%,77.04,77.10,76.61,52.76,0.17,0.25,75.78,76.0,74.95,77.44,2204.01,7710.01,1.07,97.4,98.4,-2.6,0.0
05/26/2026,1630,GIL,59.87,+1.69,+2.90%,58.92,60.51,58.92,55.6,0.53,0.36,64.71,58.5,54.2,61.02,2204.01,6051.01,1.04,75.1,99.4,-4.8,0.0
05/26/2026,1630,GIS,33.16,-.53,-1.57%,33.51,33.75,33.15,37.11,0.23,0.38,43.14,33.58,32.1,35.14,-7112.03,-3264.03,12.03,98.2,62.1,-1.0,-2.9
05/26/2026,1630,GK,29.36,+.7659,+2.68%,29.36,29.36,29.36,68.4,0.22,0.15,24.82,28.04,27.91,29.49,1201.01,2936.01,1.4,7.1,93.2,0.0,8.8
05/26/2026,1630,GLASF,10.775,+.615,+6.05%,10.44,10.985,10.15,65.4,0.56,NaN,7.48,9.17,9.09,10.88,8208.01,1099.01,1.09,0.0,17.1,0.0,1.9
05/26/2026,1630,GLBE,29.68,-.27,-0.90%,29.68,30.80,29.54,45.92,0.57,0.62,33.43,29.73,26.58,32.22,1204.03,-2706.08,12.08,56.1,77.2,-2.8,0.0
05/26/2026,1630,GLD,414.00,+.18,+0.04%,415.16,415.98,411.50,40.17,0.21,0.24,442.04,417.91,403.49,436.78,-5107.03,-41008.04,60.04,56.1,46.1,-1.6,0.0
05/26/2026,1630,GLIN,45.465,+.715,+1.60%,45.53,45.595,45.37,55.08,0.24,0.21,41.44,45.07,43.12,46.4,1202.02,-4352.05,13.05,77.1,85.1,-0.2,-4.4
05/26/2026,1630,GM,79.79,+1.00,+1.27%,79.30,80.17,78.665,58.19,0.37,0.4,74.19,76.02,72.42,80.9,2204.01,8017.01,1.05,78.1,75.2,0.0,-1.0
05/26/2026,1630,GME,21.91,-.05,-0.23%,21.945,22.18,21.85,40.58,0.57,0.59,23.4,22.85,20.1,24.36,-1102.01,-2142.06,16.08,34.3,83.4,-9.0,-2.2
05/26/2026,1630,GO,7.92,-.095,-1.19%,8.09,8.31,7.84,52.45,0.48,0.71,6.2,7.73,7.46,8.33,3205.01,831.01,1.05,69.1,69.1,0.0,0.0
05/26/2026,1630,GOLF,89.99,+1.56,+1.76%,88.68,91.99,88.44,48.23,0.45,0.29,95.0,85.09,82.48,92.74,2205.01,9199.01,1.13,28.1,100.4,-9.9,0.0
05/26/2026,1630,GOOG,384.84,+5.46,+1.44%,380.995,385.39,379.14,60.72,0.41,0.33,296.7,380.35,376.15,400.36,-5107.01,-37914.01,15.01,30.1,100.4,0.0,7.9
05/26/2026,1630,GOOGL,388.88,+5.91,+1.54%,384.51,389.2599,382.60,61.01,0.41,0.34,296.71,384.02,379.86,403.87,-5107.01,-38260.01,14.01,33.1,100.4,0.0,8.4
05/26/2026,1630,GOOS,9.66,-.15,-1.53%,9.94,9.98,9.53,33.98,0.49,0.46,11.37,11.24,8.32,11.44,-8111.04,-930.04,25.05,38.1,52.2,-5.7,-16.8
05/26/2026,1630,GPI,329.63,+3.45,+1.06%,324.09,334.07,323.945,48.95,0.49,0.43,306.96,332.95,295.26,355.56,-7202.04,-30103.04,11.04,77.2,98.4,-0.4,-7.6
05/26/2026,1630,GPN,73.28,+.02,+0.03%,73.23,73.745,72.29,62.38,0.3,0.44,74.5,67.96,66.51,74.15,3204.01,7375.01,1.08,48.1,31.1,0.0,0.0
05/26/2026,1630,GRID,197.02,+4.52,+2.35%,196.38,197.5699,195.765,60.7,0.3,0.25,165.77,191.0,184.54,201.12,1202.01,-18573.04,13.04,88.1,96.2,0.0,0.0
05/26/2026,1630,GRMN,238.53,-2.18,-0.91%,242.08,242.10,237.67,47.57,0.34,0.29,237.99,234.61,224.56,246.84,2204.02,-22454.05,30.15,35.1,75.2,-4.1,0.0
05/26/2026,1630,GRNY,27.29,+.22,+0.81%,27.20,27.3701,27.185,62.6,0.17,0.23,24.26,26.58,26.45,27.45,2203.01,2737.01,1.04,48.1,49.1,0.0,3.9
05/26/2026,1630,GS,994.52,-2.21,-0.22%,1006.53,1016.535,987.03,65.59,0.3,0.34,822.2,908.22,916.8,1016.14,4204.01,101654.01,1.16,73.1,77.1,9.8,1.5
05/26/2026,1630,GSG,32.59,-.66,-1.98%,32.71,32.92,32.55,45.24,0.3,0.31,25.36,31.86,32.32,35.06,-3104.01,-3255.01,6.01,69.1,83.1,-0.7,0.0
05/26/2026,1630,GTBIF,7.500,+.36,+5.04%,7.240,7.500,7.070,51.49,0.56,NaN,6.1,7.6,6.57,8.16,-5201.05,-700.04,17.05,0.0,20.3,-2.1,0.0
05/26/2026,1630,GTLB,26.77,+.04,+0.15%,26.332,27.17,25.70,61.75,0.71,0.97,23.1,23.44,22.24,28.27,4206.01,2717.01,4.08,99.4,94.3,3.8,5.0
05/26/2026,1630,GTM,3.50,-.11,-3.05%,3.59,3.665,3.49,21.93,1.45,0.72,5.91,6.2,1.89,4.87,1201.01,-346.03,11.07,80.1,96.4,-10.8,-27.1
05/26/2026,1630,GVAL,35.79,+.46,+1.30%,35.74,35.8099,35.61,57.44,0.19,NaN,32.61,34.79,34.61,36.1,1202.01,-3451.05,11.05,0.0,83.1,0.0,1.2
05/26/2026,1630,GVIP,177.901886,+3.645386,+2.09%,177.61,178.755,177.44,66.27,0.21,0.14,149.35,170.9,168.82,178.82,2203.01,17876.01,1.05,68.2,83.1,0.0,10.3
05/26/2026,1630,GVZ:CGI,24.27,+.41,+1.72%,24.93,25.02,24.27,37.53,0.53,NaN,32.81,26.26,23.47,27.43,-3104.02,-2367.02,5.02,0.0,6.1,-2.2,0.0
05/26/2026,1630,H,179.52,+5.37,+3.08%,177.66,180.08,174.91,65.11,0.4,0.45,152.21,160.27,162.87,180.95,3204.01,18008.01,1.04,89.1,85.1,2.6,3.2
05/26/2026,1630,HACK,95.42,+.57,+0.60%,94.92,95.905,93.44,79.72,0.21,0.34,71.36,81.55,86.04,97.7,17217.01,9591.01,5.31,90.3,53.1,25.5,18.1
05/26/2026,1630,HAL,41.08,-.39,-0.94%,41.39,41.84,40.80,52.27,0.3,0.4,33.52,38.83,39.48,43.75,4102.03,4359.04,4.26,45.1,23.1,0.0,1.1
05/26/2026,1630,HBB,19.96,+.35,+1.78%,19.78,20.18,19.2956,53.94,0.64,0.73,16.1,17.57,16.83,21.16,1204.02,-1732.04,12.08,34.1,77.2,0.0,-0.6
05/26/2026,1630,HBDC,24.75,+.03,+0.12%,24.59,24.85,24.59,56.07,0.04,NaN,24.45,24.52,24.6,24.77,-7202.01,-2459.01,1.01,NaN,NaN,0.0,-0.5
05/26/2026,1630,HCA,392.42,-1.65,-0.42%,389.60,395.27,388.01,24.34,0.24,0.32,523.1,427.0,378.43,440.57,-6107.01,-38801.01,7.02,72.1,45.4,0.0,0.0
05/26/2026,1630,HD,310.54,-2.53,-0.81%,315.06,316.79,308.96,43.51,0.27,0.33,359.2,310.4,293.29,323.34,1204.02,-28910.05,25.05,89.1,82.1,-2.8,0.0
05/26/2026,1630,HELE,26.66,+1.01,+3.94%,25.65,26.95,25.558,68.47,0.57,0.75,16.25,23.11,22.34,27.0,2203.01,2695.01,1.06,38.1,62.4,0.0,1.1
05/26/2026,1630,HII,320.95,+.32,+0.10%,320.35,321.98,315.94,34.17,0.46,0.41,411.06,311.0,310.25,337.12,-9101.13,-31221.13,66.13,65.1,89.4,-18.4,0.0
05/26/2026,1630,HIMS,23.85,+.10,+0.42%,23.88,24.70,23.36,46.43,0.9,0.8,14.31,25.35,20.33,28.1,-7110.04,-2153.05,11.05,16.1,54.1,-4.0,-7.8
05/26/2026,1630,HLN,9.24,-.05,-0.54%,9.37,9.385,9.24,46.18,0.19,0.32,10.19,9.05,8.91,9.43,5206.01,939.01,1.11,77.1,35.1,0.0,0.0
05/26/2026,1630,HLT,323.81,+2.73,+0.85%,322.03,324.84,321.71,54.67,0.27,0.31,295.88,310.86,313.45,328.83,4204.02,32585.02,2.16,76.1,84.3,0.0,1.5
05/26/2026,1630,HOOD,74.09,+.45,+0.61%,74.495,76.04,73.455,44.66,0.68,0.65,72.25,74.25,72.53,79.98,-9105.01,-7346.01,26.01,16.1,63.1,-7.0,4.2
05/26/2026,1630,HPP,11.66,+.43,+3.83%,11.25,11.85,11.14,65.59,0.83,1.0,6.73,9.03,10.26,12.52,-1201.04,1228.12,12.37,63.1,86.1,0.0,11.8
05/26/2026,1630,HQY,87.25,-.86,-0.98%,86.96,88.39,86.66,59.89,0.27,0.45,74.96,80.96,80.62,89.42,4206.01,8839.01,1.05,68.2,13.1,0.0,0.1
05/26/2026,1630,HSI:HK,25599.45,0,0.00%,0,0,0,43.95,0.15,NaN,26356.96,25690.36,25167.43,26673.53,-6106.01,-2534173.03,7.03,0.0,8.1,0.0,-1.0
05/26/2026,1630,HSY,191.12,-3.66,-1.88%,196.00,196.08,190.20,48.31,0.25,0.32,225.22,181.64,185.71,197.9,5101.01,19608.01,1.15,60.1,48.1,3.0,3.8
05/26/2026,1630,HTZ,5.23,-.07,-1.32%,5.44,5.70,5.19,43.76,0.82,1.01,4.16,5.69,4.39,6.39,-6110.03,-480.03,26.03,47.1,77.3,-1.5,0.0
05/26/2026,1630,HUBS,197.99,-3.98,-1.97%,198.01,201.01,194.34,42.79,0.97,0.76,252.0,180.5,155.55,234.04,1202.05,-17325.09,13.09,85.1,96.4,-0.3,-2.2
05/26/2026,1630,HUM,301.69,-6.26,-2.03%,305.60,306.4599,300.31,74.38,0.53,0.45,176.71,237.6,272.31,345.41,-1103.01,31566.04,9.52,31.1,73.4,14.8,12.2
05/26/2026,1630,HYG,80.18,+.27,+0.34%,80.14,80.19,80.04,54.63,0.05,0.06,79.84,79.86,79.36,80.32,2204.01,8019.01,1.05,24.1,81.1,-3.2,0.0
05/26/2026,1630,HYLS,40.84,+.12,+0.29%,40.72,41.08,40.53,48.18,0.05,NaN,40.07,40.85,40.6,41.09,-7103.01,-4053.01,1.01,0.0,81.1,0.0,-0.3
05/26/2026,1630,IAK,133.36,-.75,-0.56%,133.94,134.3728,133.1799,54.87,0.12,0.16,133.89,129.54,129.66,136.32,5208.03,13487.03,3.1,60.1,10.1,2.1,0.0
05/26/2026,1630,IBB,169.42,+.63,+0.37%,169.75,170.2499,168.5701,50.18,0.22,0.22,167.37,168.76,163.05,174.19,1203.02,-16208.05,11.05,29.1,80.1,-0.8,0.0
05/26/2026,1630,IBIT,42.99,+.03,+0.07%,43.45,44.24,42.835,45.04,0.28,0.42,36.91,45.02,41.85,46.45,-6107.02,-4281.02,14.02,2.1,4.1,0.0,0.0
05/26/2026,1630,IDX,10.75,-.29,-2.63%,10.98,10.98,10.67,17.7,0.26,NaN,14.4,12.85,10.42,11.97,-15112.01,-1067.01,27.03,0.0,79.1,-30.3,-23.7
05/26/2026,1630,IDXX,557.21,-2.16,-0.39%,554.72,559.83,550.27,49.78,0.3,0.32,614.25,550.0,516.67,579.52,1205.02,-52338.09,13.09,56.1,55.1,-0.2,0.0
05/26/2026,1630,IEF,94.28,+.40,+0.43%,94.34,94.35,94.13,47.25,0.06,0.07,96.39,94.47,92.87,95.03,1201.01,-9315.04,26.04,51.1,78.1,-2.6,-8.6
05/26/2026,1630,IFF,75.87,+.59,+0.78%,75.88,76.90,75.50,53.51,0.69,0.33,74.99,70.08,69.84,83.32,-2108.04,8180.11,11.18,48.1,98.4,0.0,2.4
05/26/2026,1630,IGLB,49.74,+.26,+0.53%,49.87,49.87,49.66,53.1,0.09,0.09,50.47,49.4,48.6,50.1,1203.01,-4864.04,33.04,38.1,71.1,0.0,-5.6
05/26/2026,1630,IGSB,52.42,+.10,+0.19%,52.43,52.44,52.37,50.17,0.03,0.03,52.79,52.35,52.16,52.51,1201.01,-5217.04,27.04,65.3,75.1,-7.2,0.0
05/26/2026,1630,IIGD,24.47,+.0488,+0.20%,24.4646,24.4793,24.4553,43.33,0.03,NaN,24.81,24.57,24.29,24.62,-5201.04,-2436.04,33.04,0.0,82.2,-2.3,-11.1
05/26/2026,1630,IJT,165.04,+3.11,+1.92%,163.35,165.155482,162.99,64.13,0.18,0.19,147.91,161.99,156.69,165.64,2203.01,16516.01,1.04,67.1,63.1,0.0,0.0
05/26/2026,1630,ILMN,145.225,+.815,+0.56%,144.61,146.42,142.6149,63.26,0.42,0.43,118.53,134.67,139.97,147.94,2203.01,14649.02,2.18,31.1,56.2,0.0,16.2
05/26/2026,1630,INDA,48.55,+.16,+0.33%,48.71,48.795,48.48,49.4,0.18,0.23,49.05,48.97,46.59,49.85,1202.02,-4713.05,13.05,83.1,82.1,-2.5,-5.3
05/26/2026,1630,INDY,42.76,+.21,+0.49%,42.82,42.97,42.76,47.32,0.17,NaN,44.52,43.27,41.16,43.84,1202.02,-4169.05,32.09,62.1,71.1,-4.2,-5.3
05/26/2026,1630,INFL,52.97,-.30,-0.56%,53.25,53.48,52.9101,49.73,0.12,0.24,52.27,52.23,52.4,53.8,1101.04,-5238.07,9.07,70.1,40.1,0.1,0.1
05/26/2026,1630,INMD,13.81,+.07,+0.51%,13.69,13.90,13.6668,45.49,0.3,0.32,13.3,13.25,13.51,14.27,-8103.04,-1364.11,25.11,17.1,35.1,-5.6,0.0
05/26/2026,1630,INTC,123.52,+3.68,+3.07%,122.095,125.62,117.35,70.23,0.92,0.9,42.14,100.08,104.4,131.24,-3204.05,-10240.05,11.05,98.4,87.4,0.0,5.0
05/26/2026,1630,INVH,29.40,+.11,+0.38%,29.26,29.54,29.23,66.44,0.22,0.28,25.61,28.47,28.13,29.61,4206.01,2954.01,1.07,52.1,69.1,0.0,4.0
05/26/2026,1630,IONQ,63.62,-.02,-0.03%,64.30,65.00,60.09,69.17,1.04,1.08,34.31,44.79,45.84,66.54,3204.01,6500.01,1.05,75.2,71.2,4.8,4.1
05/26/2026,1630,IPO,53.80,+.74,+1.39%,53.93,54.04,53.00,68.01,0.34,0.26,41.49,49.0,48.02,54.37,3204.01,5404.01,1.1,50.2,80.1,3.2,1.2
05/26/2026,1630,IRM,128.40,+1.94,+1.53%,127.88,129.47,126.96,61.41,0.43,0.37,104.62,125.3,121.59,131.46,1201.01,-12205.05,13.05,62.1,94.4,0.0,7.9
05/26/2026,1630,IRT,16.64,-.22,-1.30%,16.79,16.94,16.63,59.41,0.17,0.37,16.14,16.31,16.07,16.95,4205.01,1694.01,1.05,63.3,15.1,0.0,1.1
05/26/2026,1630,ITA,229.49,+4.12,+1.83%,227.97,229.975,227.61,58.9,0.25,0.25,236.14,214.43,216.86,231.63,2204.01,22998.01,1.21,72.1,85.1,0.0,6.6
05/26/2026,1630,ITB,92.09,+1.12,+1.23%,91.75,92.45,91.28,49.84,0.34,0.37,100.13,91.37,84.94,95.0,1204.02,-8498.05,24.05,96.2,88.3,-0.7,0.0
05/26/2026,1630,ITW,250.41,-1.79,-0.71%,253.30,255.07,249.53,41.56,0.19,0.25,280.23,251.76,244.13,257.3,1101.01,-24560.03,31.03,81.1,49.1,-9.4,0.0
05/26/2026,1630,IVOL,17.88,-.01,-0.06%,17.84,17.885,17.795,26.16,0.05,0.29,18.74,18.26,17.72,18.22,-13120.01,-1780.01,39.01,79.3,13.1,-11.9,-9.7
05/26/2026,1630,IWC,190.80,+4.04,+2.16%,189.71,191.5399,189.2074,63.73,0.28,0.26,162.66,181.66,176.98,191.99,2203.01,19154.01,1.04,79.1,79.2,0.0,2.1
05/26/2026,1630,IWF,125.66,+.66,+0.53%,125.655,126.14,125.27,69.48,0.12,0.21,110.12,120.0,121.65,127.18,8204.01,12614.01,8.4,50.1,13.1,0.0,11.9
05/26/2026,1630,IWM,290.51,+5.39,+1.89%,288.39,290.55,287.74,65.67,0.21,0.25,253.31,280.0,273.42,290.94,2203.01,29055.01,1.04,62.1,71.1,0.0,1.4
05/26/2026,1630,IWN,214.69,+3.38,+1.60%,213.20,214.81,213.15,65.47,0.18,0.21,191.93,207.44,204.15,214.93,2204.01,21481.01,1.04,61.1,47.1,0.7,0.0
05/26/2026,1630,IWO,379.69,+7.35,+1.97%,377.76,380.25,375.72,65.21,0.25,0.25,323.83,364.45,354.25,380.95,2203.01,38025.01,1.04,72.1,85.1,0.0,3.0
05/26/2026,1630,J,115.85,+1.16,+1.01%,114.50,117.01,114.18,43.5,0.5,0.33,133.84,118.38,97.83,122.71,1203.02,-10808.08,15.08,66.1,94.4,-4.0,-6.7
05/26/2026,1630,JACK,10.89,-.66,-5.71%,11.61,11.887,10.70,39.73,0.79,0.8,14.81,12.05,9.27,14.0,-4109.05,-1064.05,12.05,46.1,81.3,0.0,-7.9
05/26/2026,1630,JBHT,267.63,+8.86,+3.42%,261.08,267.99,260.00,65.53,0.4,0.4,216.08,240.0,237.13,276.32,4208.04,26799.01,4.08,80.1,83.2,2.6,0.0
05/26/2026,1630,JBLU,5.28,+.23,+4.55%,5.19,5.42,5.18,58.28,0.62,0.81,4.54,4.78,4.38,5.37,2203.01,542.01,1.04,41.1,60.1,0.0,0.0
05/26/2026,1630,JBSAY,14.44,0,0.00%,0,0,0,49.84,0.41,NaN,NaN,NaN,Infinity,-Infinity,2201.01,1550.01,1.04,0.0,47.1,-0.8,-0.1
05/26/2026,1630,JETS,28.26,+1.13,+4.17%,27.715,28.33,27.715,63.31,0.4,0.5,25.72,25.53,24.76,28.4,2204.01,2833.01,1.04,87.2,94.1,0.2,0.8
05/26/2026,1630,JNJ,230.18,-2.82,-1.21%,233.00,233.24,229.08,50.64,0.19,0.25,235.93,220.63,221.27,237.07,7209.02,23550.02,2.11,83.1,78.3,0.0,1.7
05/26/2026,1630,JNK,96.56,+.31,+0.32%,96.54,96.60,96.37,55.15,0.05,0.07,96.12,96.11,95.55,96.73,2204.01,9660.01,1.04,28.1,76.1,-3.1,0.0
05/26/2026,1630,JOBY,11.52,+.60,+5.49%,11.19,11.79,11.08,65.75,0.91,0.91,9.33,8.63,9.46,12.01,1203.01,1179.01,1.19,71.1,72.4,0.0,3.5
05/26/2026,1630,JOE,64.15,+.34,+0.53%,64.10,64.65,63.89,45.61,0.4,0.33,66.01,63.7,62.7,65.55,-3201.16,-6100.16,19.16,45.1,88.4,-10.0,0.0
05/26/2026,1630,JOET,44.24,+.5431,+1.24%,44.0401,44.3896,44.0401,65.28,0.14,0.18,41.48,42.89,42.5,44.17,2203.01,4439.01,1.04,15.1,65.1,0.6,1.8
05/26/2026,1630,JPM,306.74,+.36,+0.12%,308.49,309.93,305.44,53.07,0.21,0.27,289.5,300.5,292.68,312.19,2204.01,30993.01,1.04,46.1,56.1,-4.0,-0.2
05/26/2026,1630,JPXN,99.80,+1.31,+1.33%,100.01,100.2089,99.66,61.08,0.18,NaN,90.93,95.48,96.38,101.3,1201.01,10093.09,11.23,0.0,54.1,0.0,7.5
05/26/2026,1630,JYNT,9.22,+.27,+3.02%,8.95,9.22,8.95,63.32,0.33,0.43,8.09,8.57,8.24,9.27,5206.01,922.01,1.06,8.1,47.1,0.0,0.0
05/26/2026,1630,K,83.44,0,0.00%,0,0,0,60.53,0.03,0.1,76.99,83.35,82.98,83.69,1203.03,-8305.04,9.04,25.1,26.1,0.9,-1.1
05/26/2026,1630,KBA,34.25,+1.06,+3.19%,34.23,34.32,34.20,59.35,0.24,0.26,29.53,33.49,32.71,35.12,1201.01,-3301.03,9.03,66.1,90.4,0.0,0.0
05/26/2026,1630,KBWP,119.876,-.7525,-0.62%,120.27,120.50,119.75,49.54,0.13,0.14,124.56,116.91,116.55,122.99,5207.03,12144.03,4.09,56.1,13.1,0.0,0.0
05/26/2026,1630,KCE,152.47,+.31,+0.20%,152.75,153.28,152.20,55.95,0.14,0.16,141.57,150.91,149.92,154.33,1203.02,-14975.03,8.03,52.1,3.1,0.0,0.0
05/26/2026,1630,KDP,29.55,+.43,+1.48%,29.01,30.215,29.01,61.89,0.19,0.26,28.02,27.84,28.48,29.66,1202.01,3022.01,1.02,42.1,29.1,-1.2,0.0
05/26/2026,1630,KEMX,50.84,+2.16,+4.44%,50.42,50.95,50.42,65.59,0.35,0.29,40.75,47.63,46.68,50.95,2203.01,5095.01,1.05,67.1,91.2,0.0,6.7
05/26/2026,1630,KHC,23.85,+.06,+0.25%,23.805,24.10,23.695,61.82,0.22,0.31,23.79,22.02,22.77,24.26,5206.01,2410.01,1.15,48.1,31.1,0.8,5.4
05/26/2026,1630,KLAC,2011.39,+123.01,+6.51%,1936.71,2022.8099,1914.325,66.11,0.54,0.62,1390.0,1715.87,1710.02,1994.34,3204.01,202281.01,1.05,98.2,90.2,0.4,2.1
05/26/2026,1630,KMX,40.64,+.31,+0.77%,40.50,42.09,40.30,56.07,0.45,0.71,39.35,36.57,35.58,41.38,2203.01,4209.01,1.04,85.2,66.1,0.0,-0.1
05/26/2026,1630,KNX,72.93,+2.81,+4.01%,70.61,73.36,70.55,68.53,0.6,0.45,58.56,60.37,60.97,76.34,6208.01,7336.01,4.08,79.1,100.4,12.7,0.0
05/26/2026,1630,KO,80.46,-1.02,-1.25%,80.84,81.60,80.24,57.93,0.17,0.2,76.5,77.74,78.31,83.17,11101.04,8240.04,4.25,34.1,66.3,10.8,2.7
05/26/2026,1630,KR,64.55,-2.70,-4.01%,66.20,66.425,64.47,40.52,0.31,0.39,66.44,65.18,63.64,70.17,-2101.01,-6447.01,4.01,99.3,79.1,1.1,-0.9
05/26/2026,1630,KRE,70.30,+.93,+1.34%,69.70,70.55,69.57,58.59,0.2,0.27,65.12,69.03,66.33,71.11,2204.01,7055.01,1.07,17.1,24.1,0.0,0.0
05/26/2026,1630,KSA,38.68,+.04,+0.10%,38.77,38.83,38.55,48.36,0.1,0.26,36.01,38.31,38.17,39.07,-2203.06,-3818.06,38.23,62.1,18.1,-5.0,0.2
05/26/2026,1630,KSS,13.29,+.23,+1.76%,13.34,13.41,12.855,50.05,0.57,0.92,14.72,14.1,10.67,14.51,1203.02,-1138.04,20.06,74.2,37.3,-2.4,-2.8
05/26/2026,1630,KVUE,17.49,-.04,-0.23%,17.53,17.6263,17.49,52.6,0.19,0.26,17.93,17.01,17.0,17.77,2204.01,-1705.03,12.03,8.1,30.1,0.0,0.0
05/26/2026,1630,KW,11.01,+.02,+0.18%,10.99,11.02,10.99,58.38,0.04,0.15,10.83,10.88,10.95,11.08,-1103.02,1104.06,11.15,0.1,9.1,0.0,5.6
05/26/2026,1630,KWEB,27.26,+.35,+1.30%,27.10,27.3565,27.07,38.85,0.36,0.33,29.11,28.52,26.4,30.19,-6108.01,-2641.02,9.02,38.1,92.4,0.0,-0.1
05/26/2026,1630,LAMR,154.12,+1.02,+0.67%,153.17,154.7599,152.81,68.22,0.37,0.28,134.22,137.35,144.0,163.47,-1204.07,15766.11,11.46,69.1,94.4,2.5,12.9
05/26/2026,1630,LCID,5.97,+.13,+2.23%,5.885,6.25,5.885,40.37,0.65,0.98,9.46,5.72,5.47,6.36,1201.01,625.01,1.03,44.1,42.1,-6.8,0.0
05/26/2026,1630,LEVI,23.04,+1.02,+4.63%,22.12,23.07,22.12,63.11,0.32,0.42,19.97,22.02,20.26,23.26,2203.01,2307.01,1.04,64.1,50.1,0.0,-3.4
05/26/2026,1630,LFMD,4.24,+.05,+1.19%,4.198,4.47,4.198,47.57,0.85,0.91,2.6,4.33,3.63,4.99,-6113.06,-407.03,25.09,54.1,65.1,-4.2,-3.3
05/26/2026,1630,LFST,7.57,+.18,+2.44%,7.42,7.605,7.41,51.95,0.92,0.36,6.74,7.18,7.06,8.6,-2108.02,-724.02,13.02,9.1,91.4,0.0,0.0
05/26/2026,1630,LH,258.45,-1.48,-0.57%,261.15,261.15,256.46,49.32,0.18,0.29,274.24,248.59,251.12,260.42,2204.01,26115.01,1.03,73.1,29.1,0.0,0.8
05/26/2026,1630,LI,15.88,-.01,-0.06%,15.91,16.065,15.78,33.79,0.54,0.59,16.62,17.27,14.95,19.44,-6107.01,-1539.02,8.02,77.3,99.4,0.0,-9.7
05/26/2026,1630,LII,502.56,+17.92,+3.70%,489.83,507.75,488.445,50.45,0.4,0.43,524.97,511.26,464.78,533.81,-7201.02,-47522.03,13.03,88.1,78.1,-1.5,0.0
05/26/2026,1630,LIN,514.97,-2.61,-0.50%,517.85,519.075,512.69,57.87,0.2,0.25,488.55,490.4,496.24,524.02,7211.01,52123.02,2.15,74.1,83.2,2.1,1.9
05/26/2026,1630,LIT,86.35,+1.07,+1.25%,85.80,86.56,85.67,54.7,0.33,0.38,67.61,87.49,79.81,91.66,-5201.04,-8220.04,13.04,81.2,57.2,0.0,-0.6
05/26/2026,1630,LLY,1064.74,-.26,-0.02%,1075.00,1082.00,1060.36,68.23,0.43,0.35,965.6,947.51,960.89,1084.92,11205.01,108200.01,1.19,22.1,75.4,0.0,15.6
05/26/2026,1630,LMND,57.36,+.84,+1.49%,57.25,58.66,56.2901,49.91,0.78,0.73,48.9,52.04,51.55,58.44,4204.01,5866.01,1.05,22.1,56.1,-2.7,0.1
05/26/2026,1630,LMT,532.90,-.34,-0.06%,536.00,536.02,529.00,47.08,0.18,0.32,638.03,500.31,511.15,539.36,5216.01,53602.01,1.22,79.1,22.1,0.0,0.6
05/26/2026,1630,LNG,234.05,-6.80,-2.82%,235.99,238.00,233.63,34.06,0.34,0.35,216.43,236.0,221.81,255.97,-5104.09,-23363.01,17.11,79.1,80.1,-8.4,-0.7
05/26/2026,1630,LOGI,111.36,-1.27,-1.13%,110.95,111.75,109.18,65.7,0.41,0.41,88.53,97.07,100.11,112.89,9203.01,11175.01,1.31,71.1,93.4,0.8,8.4
05/26/2026,1630,LOTMY,29.305,+.1014,+0.35%,29.080,29.360,29.080,43.15,0.48,NaN,23.67,28.5,28.1,32.53,-3108.02,3304.13,13.19,0.0,NaN,0.0,0.0
05/26/2026,1630,LOW,212.08,-2.95,-1.37%,215.98,217.31,211.05,32.03,0.29,0.34,251.3,223.0,207.73,230.65,-12124.01,-21105.01,25.01,88.3,75.1,-10.3,-1.2
05/26/2026,1630,LQD,108.78,+.41,+0.38%,108.97,109.00,108.675,51.52,0.06,0.07,110.17,108.41,107.1,109.41,1202.01,-10717.04,33.04,40.1,75.1,0.0,-6.0
05/26/2026,1630,LRCX,322.68,+17.33,+5.68%,314.765,323.98,309.65,68.77,0.58,0.68,208.13,266.64,271.71,322.38,3204.01,32398.01,1.18,82.1,77.1,0.0,5.0
05/26/2026,1630,LUV,42.28,+1.42,+3.48%,42.24,42.91,41.72,60.35,0.4,0.54,43.89,38.44,37.32,42.77,2204.01,4291.01,1.04,80.1,53.1,0.0,2.1
05/26/2026,1630,LUXE,6.87,-.11,-1.58%,7.00,7.02,6.73,31.59,0.59,0.71,8.95,8.38,6.07,8.25,-10113.04,-673.01,13.04,24.1,82.2,-3.8,-20.3
05/26/2026,1630,LVS,49.75,+.32,+0.65%,49.66,50.16,49.24,36.21,0.21,0.38,54.25,51.8,47.65,53.26,-11112.02,-4855.02,25.02,48.1,9.1,-5.0,-4.5
05/26/2026,1630,LW,42.12,-1.64,-3.75%,43.17,43.46,41.895,47.12,0.36,0.38,45.43,41.52,40.46,44.39,-2101.03,-4056.03,5.03,44.1,70.1,-0.2,0.0
05/26/2026,1630,LYB,69.01,-.71,-1.02%,69.69,70.7499,68.63,40.52,0.33,0.51,54.59,70.23,67.13,76.03,-7106.01,-6863.01,15.02,56.1,12.1,-2.9,0.0
05/26/2026,1630,LYFT,13.58,-.32,-2.30%,13.8092,13.98,13.545,47.27,0.33,0.58,12.83,13.8,12.67,14.38,1202.01,-1280.04,11.04,36.1,15.1,-2.0,-1.9
05/26/2026,1630,LYV,166.52,+.97,+0.59%,167.17,169.32,166.09,56.64,0.31,0.35,154.63,156.24,160.34,172.7,-2105.03,17312.08,8.22,31.1,58.1,0.0,8.3
05/26/2026,1630,M,21.67,1.01,4.89%,20.96,21.685,20.96,72.13,0.4,0.62,17.7,19.02,17.98,21.73,4205.01,2169.01,1.07,83.2,38.1,0,0
05/26/2026,1630,MA,493.01,-5.53,-1.11%,496.00,496.8499,492.06,44.67,0.27,0.27,506.75,489.73,488.26,505.2,1101.02,50426.02,2.03,64.1,82.2,-8.1,0.0
05/26/2026,1630,MAC,22.49,+.32,+1.44%,22.29,22.7199,22.1452,59.52,0.3,0.35,19.29,21.31,21.59,22.93,3205.01,2272.01,8.1,25.1,42.1,4.0,4.1
05/26/2026,1630,MAR,373.81,+4.66,+1.26%,369.85,374.57,368.76,64.91,0.23,0.3,320.56,347.39,347.43,378.06,6208.01,37457.01,1.16,53.1,28.1,0.0,0.4
05/26/2026,1630,MARA,14.28,+.47,+3.40%,14.235,14.87,14.08,68.17,0.69,0.91,8.14,11.78,12.0,14.39,4204.01,1487.01,1.05,35.1,37.1,0.5,5.8
05/26/2026,1630,MCD,279.26,-3.01,-1.07%,281.02,282.02,278.71,38.68,0.19,0.23,324.12,274.83,271.77,287.41,2101.03,-27198.11,26.11,74.1,78.3,-7.4,0.0
05/26/2026,1630,MCHP,98.05,+4.62,+4.94%,95.835,99.97,95.22,63.07,0.46,0.56,66.91,94.17,88.17,102.22,1201.01,-8916.03,12.03,81.1,65.4,-0.4,0.0
05/26/2026,1630,MCK,754.40,-11.68,-1.52%,760.01,766.66,750.49,38.01,0.34,0.28,920.04,726.02,715.92,791.52,1207.06,-72368.11,30.11,54.1,92.2,-11.6,0.0
05/26/2026,1630,MCO,451.10,+1.98,+0.44%,450.24,454.81,446.43,52.74,0.25,0.32,454.4,442.22,427.24,458.88,2204.01,45481.01,1.04,78.1,55.1,-3.6,0.0
05/26/2026,1630,MCW,7.10,0,0.00%,0,0,0,66.52,0.05,NaN,6.96,7.04,7.02,7.12,5205.01,711.01,1.18,56.2,10.1,0.4,6.5
05/26/2026,1630,MDB,307.35,-18.78,-5.76%,314.365,317.46,303.80,55.89,0.59,0.95,229.6,255.62,280.97,353.92,8101.05,34921.05,5.31,97.4,63.1,7.8,8.3
05/26/2026,1630,MDLZ,61.24,-.52,-0.84%,61.94,62.52,61.22,55.81,0.2,0.26,57.66,60.26,60.53,61.98,3101.01,6252.01,1.04,65.1,39.1,-1.5,6.7
05/26/2026,1630,MELI,1648.04,-16.38,-0.98%,1657.99,1659.65,1616.47,45.08,0.61,0.4,1660.2,1623,1425.37,1804.15,1204.02,-149500.09,13.09,51.1,99.4,-1.7,-0.5
05/26/2026,1630,META,612.34,2.08,0.34%,608.89,614.47,605.3001,46.45,0.35,0.34,634.5,598.1,600.63,622.08,-2202.03,-59481.03,29.03,38.1,56.1,-19.8,0.1
05/26/2026,1630,MGM,38.45,+.05,+0.13%,38.45,38.575,37.91,55.07,0.27,0.43,33.75,37.22,35.9,39.06,2203.01,3875.02,2.03,60.1,11.1,-3.9,0.0
05/26/2026,1630,MGPI,17.80,-.25,-1.39%,18.12,18.12,17.70,38.24,0.43,0.56,18.1,18.8,16.84,19.54,-8111.04,-1751.04,14.09,63.1,78.1,-5.3,-4.2
05/26/2026,1630,MICC,15.66,-.39,-2.43%,16.00,16.05,15.6342,55.29,0.69,0.42,14.89,14.57,14.51,16.92,2101.03,1703.07,7.23,NaN,NaN,0.0,0.4
05/26/2026,1630,MKOR,66.41,+4.71,+7.63%,65.40,66.56,65.13,65.86,0.62,0.46,43.48,59.41,57.43,66.8,2203.01,6656.01,1.05,99.4,92.2,0.0,7.4
05/26/2026,1630,MLCO,5.53,+.15,+2.79%,5.43,5.54,5.36,50.05,0.39,0.62,5.62,5.25,5.33,5.66,-13201.01,-536.01,24.01,76.1,55.1,-5.6,0.7
05/26/2026,1630,MLM,560.93,+24.45,+4.56%,537.69,563.23,537.69,41.85,0.3,0.31,621.42,589.45,509.42,598.81,-13201.04,-52731.04,13.04,84.1,83.1,-6.4,-20.8
05/26/2026,1630,MNDY,76.83,-2.225,-2.81%,78.25,79.26,75.3548,54.92,0.76,0.74,68.8,68.86,68.58,82.35,2206.02,8110.02,2.08,60.1,82.4,0.4,5.6
05/26/2026,1630,MNSO,12.96,-.57,-4.21%,13.40,13.40,12.925,27.13,0.33,0.59,16.36,14.48,12.94,14.84,-14107.01,-1293.01,34.01,85.3,40.1,0.0,-0.6
05/26/2026,1630,MNST,87.42,+.63,+0.73%,87.39,87.95,86.68,67.43,0.49,0.27,76.51,74.85,81.1,95.13,-1102.02,8866.06,10.15,47.1,96.4,9.3,6.3
05/26/2026,1630,MO,72.37,-1.53,-2.07%,74.00,74.11,71.8042,56.89,0.34,0.26,66.16,68.07,68.34,76.44,1101.07,7441.05,16.27,81.1,96.4,0.0,4.2
05/26/2026,1630,MOH,176.20,-7.94,-4.31%,177.38,178.9699,172.71,47.26,0.4,0.5,142.5,177.65,173.63,194.57,-7108.01,-17271.01,18.01,37.1,40.1,-2.9,0.0
05/26/2026,1630,MOO,80.17,-.10,-0.12%,80.22,80.46,79.98,35.24,0.17,0.23,81.21,81.54,78.44,82.86,-7113.03,-7968.03,14.03,84.2,79.2,-4.0,-12.3
05/26/2026,1630,MOVE:GIF,74.9506,-3.4798,-4.44%,78.4304,78.4304,74.9506,48.62,0.91,NaN,62.43,67.25,65.63,88.2,4101.04,8532.04,4.33,0.0,85.1,11.4,2.1
05/26/2026,1630,MP,66.99,+2.53,+3.92%,64.71,69.463,63.34,57.29,0.73,0.79,57.01,65.0,52.44,72.29,2203.01,6946.01,1.04,66.1,39.2,-0.1,-5.7
05/26/2026,1630,MPC,248.05,-6.60,-2.59%,251.86,258.26,248.02,51.77,0.42,0.42,190.32,234.14,239.69,264.82,5101.03,26206.03,3.27,83.1,94.1,0.0,3.3
05/26/2026,1630,MPLX,56.47,0,0.00%,56.20,57.15,56.0786,56.07,0.23,0.24,58.01,53.86,53.97,57.09,3206.01,5715.01,1.09,58.1,96.4,0.0,0.0
05/26/2026,1630,MPNGY,20.12,-.08,-0.40%,20.01,20.13,20.00,41.41,0.56,NaN,18.56,20.88,19.77,22.7,-4103.01,-2000.01,9.01,0.0,92.4,0.0,0.0
05/26/2026,1630,MRNA,47.03,+.15,+0.32%,47.21,48.6717,46.17,43.71,0.62,0.78,48.09,45.78,43.64,53.81,-3107.04,5462.1,10.17,56.1,56.2,-2.1,0.0
05/26/2026,1630,MRVL,208.26,+11.93,+6.08%,211.24,217.45,200.04,75.08,0.66,1.0,75.24,158.55,163.16,209.33,4205.01,21745.01,1.4,100.4,73.2,3.4,3.8
05/26/2026,1630,MSFT,416.03,-2.54,-0.61%,416.43,419.77,413.02,52.32,0.24,0.31,389.88,405.11,406.19,427.22,5101.02,42440.02,2.08,70.1,74.1,-0.1,0.0
05/26/2026,1630,MSGS,366.34,+12.47,+3.52%,365.29,368.88,356.855,72.55,0.29,0.34,314.13,320.57,332.31,370.89,6209.01,36888.01,1.09,87.1,83.1,7.0,0.4
05/26/2026,1630,MSM,108.79,+2.29,+2.15%,107.01,109.09,106.50,68.68,0.23,0.33,90.09,100.63,103.42,109.62,1204.01,10909.01,1.04,63.1,21.3,0.4,6.6
05/26/2026,1630,MSTR,159.93,0.04,0.03%,160.83,167,159.28,44.67,0.64,0.73,127.8,175.72,147.67,194.19,-6107.02,-15924.02,11.03,28.1,56.1,0,0
05/26/2026,1630,MTCH,35.95,+.15,+0.42%,35.67,35.98,35.36,52.24,0.34,0.37,30.16,35.71,34.23,37.42,-5201.09,-3483.04,13.09,38.1,73.2,-6.7,-2.3
05/26/2026,1630,MTDR,53.78,-2.86,-5.05%,55.39,56.20,53.73,37.69,0.52,0.48,48.46,54.12,52.23,62.72,-2103.01,-5373.01,19.01,66.1,96.3,-4.0,-0.8
05/26/2026,1630,MTUM,314.05,+10.45,+3.44%,310.23,314.75,309.04,70.94,0.28,0.3,242.65,288.3,290.04,315.08,2204.01,31475.01,1.39,93.2,94.2,0.0,10.0
05/26/2026,1630,MU,895.88,+144.88,+19.29%,820.50,916.7999,820.295,74.86,1.04,1.04,374.55,605.47,664.93,917.11,1201.01,91680.01,1.39,99.4,100.4,0.0,13.1
05/26/2026,1630,MUR,36.48,-1.52,-4.00%,37.38,37.93,36.445,39.97,0.47,0.55,30.29,36.15,35.75,41.5,-2104.01,-3645.01,18.01,68.2,54.1,-3.4,-0.9
05/26/2026,1630,MUSA,531.16,-11.58,-2.13%,534.60,541.91,525.48,43.37,0.57,0.41,378.82,564.55,521.35,596.55,-5108.01,-52548.01,14.01,74.1,88.4,-0.8,0.0
05/26/2026,1630,MZTI,114.27,-.73,-0.63%,114.24,115.26,112.93,35.61,0.35,0.28,160.21,111.06,109.84,117.0,-12202.11,-11031.03,32.15,72.1,83.3,-19.9,0.0
05/26/2026,1630,N225:JP,64996.09,0,0.00%,0,0,0,68.36,0.29,NaN,56091.54,59263.5,59492.21,66102.36,3204.01,6531769.01,1.05,0.0,84.1,7.2,3.4
05/26/2026,1630,NBIS,208.06,-6.71,-3.12%,220.675,221.01,205.66,60.37,1.18,1.09,83.53,168.71,172.83,236.28,10203.03,22879.07,7.18,82.3,88.2,0.0,9.4
05/26/2026,1630,NBIX,155.73,-.97,-0.62%,158.00,158.245,155.66,66.71,0.37,0.37,128.0,132.76,148.57,170.45,-1105.04,16239.08,9.19,56.1,76.4,1.2,13.9
05/26/2026,1630,NCLH,17.10,+.80,+4.91%,16.84,17.155,16.76,49.16,0.6,0.63,20.52,16.89,14.55,17.75,2204.01,-1453.05,27.05,75.1,69.1,-5.7,-0.6
05/26/2026,1630,NEE,87.65,-.90,-1.02%,89.13,89.50,87.53,37.12,0.31,0.27,89.9,92.58,84.88,96.59,-8107.02,-8753.01,17.04,31.1,83.4,-2.8,-2.1
05/26/2026,1630,NEM,111.61,+3.97,+3.69%,111.20,111.82,110.0297,49.62,0.5,0.5,114.11,108.8,101.27,121.27,-5201.03,-10462.03,11.03,68.1,68.2,0.0,-0.8
05/26/2026,1630,NET,217.54,+1.37,+0.63%,216.25,221.11,208.24,54.77,1.11,0.65,166.68,192.27,166.39,245.68,1203.02,-18575.09,13.09,62.1,97.4,0.0,-0.1
05/26/2026,1630,NFLX,87.68,-.92,-1.04%,88.40,88.73,87.25,41.43,0.25,0.38,82.8,86.72,85.79,90.06,3101.02,8997.02,2.11,58.1,46.1,-9.1,1.6
05/26/2026,1630,NIKL,15.54,0,0.00%,15.43,15.59,15.30,40.9,0.43,NaN,16.94,16.67,13.95,17.72,-6109.03,-1473.04,10.04,0.0,71.1,-1.4,-16.1
05/26/2026,1630,NKE,44.94,+.27,+0.60%,44.70,44.95,44.10,53.19,0.27,0.46,57.43,42.65,41.56,45.71,3204.01,4495.01,3.06,68.2,23.1,0.0,0.0
05/26/2026,1630,NLR,134.61,+3.76,+2.87%,133.39,135.6599,133.15,47.71,0.48,0.37,137.03,140.42,119.02,146.58,1201.01,-12358.05,13.05,44.1,86.2,-1.6,-14.0
05/26/2026,1630,NNN,45.06,+.06,+0.13%,45.04,45.20,44.81,59.34,0.12,0.23,44.34,43.95,43.72,45.56,5206.01,4527.02,2.07,38.1,7.1,0.3,2.9
05/26/2026,1630,NOAH,10.02,+.01,+0.10%,10.08,10.1779,9.97,39.19,0.32,0.59,11.2,10.59,9.78,10.89,-8111.01,-997.01,12.02,67.4,46.1,-0.2,-0.1
05/26/2026,1630,NORW,38.95,+.05,+0.13%,38.95,39.0951,38.70,57.41,0.13,NaN,34.58,37.62,37.85,39.7,3206.03,3939.03,3.07,0.0,27.1,4.1,0.3
05/26/2026,1630,NOW,99.92,-2.21,-2.16%,100.555,102.54,98.72,54.55,0.52,0.63,104.0,88.21,86.63,108.91,5208.02,10459.02,4.08,92.2,80.3,0.3,0.6
05/26/2026,1630,NSA,42.72,+.01,+0.02%,42.75,43.045,42.52,55.31,0.27,0.49,33.61,41.41,40.92,44.16,-3204.05,-4074.05,11.05,83.2,55.1,0.0,0.0
05/26/2026,1630,NSC,320.22,+5.69,+1.81%,315.32,321.19,314.34,60.25,0.18,0.25,309.72,310.44,310.27,322.52,1201.01,32119.01,1.02,70.1,60.3,0.0,0.0
05/26/2026,1630,NSP,31.68,-.41,-1.28%,31.59,31.75,30.68,53.44,1.08,0.78,20.42,27.68,28.87,34.4,1202.05,-2768.14,19.14,85.1,90.4,-8.5,0.1
05/26/2026,1630,NSSC,37.09,-.32,-0.86%,37.52,38.07,37.00,36.67,0.68,0.45,42.21,39.59,33.26,41.01,-1102.02,-3522.05,17.14,33.1,99.4,-19.4,0.0
05/26/2026,1630,NTLA,12.61,+.01,+0.08%,12.67,12.89,12.24,44.41,0.71,0.87,12.7,13.11,11.35,14.54,-5108.03,-1182.03,11.03,33.1,33.3,-1.3,0.0
05/26/2026,1630,NTR,69.94,-.19,-0.27%,70.00,70.51,69.8241,42.16,0.4,0.35,71.81,68.14,65.83,74.37,-3114.11,-6886.11,15.11,62.1,83.3,-2.6,-3.6
05/26/2026,1630,NUE,240.29,+8.29,+3.57%,232.92,240.43,232.185,71.55,0.32,0.37,170.18,225.3,220.8,238.91,1202.01,24043.01,1.04,50.1,74.2,-0.3,0.1
05/26/2026,1630,NVDA,214.86,-.47,-0.22%,216.54,218.18,212.00,53.26,0.41,0.44,174.64,196.03,205.57,240.01,-2103.01,23654.08,8.16,49.2,85.4,1.4,7.4
05/26/2026,1630,NVO,44.19,-.77,-1.71%,44.74,44.99,44.175,53.56,0.31,0.43,35.85,44.21,43.23,47.0,-2107.03,-4374.03,11.03,2.1,17.1,0.0,10.3
05/26/2026,1630,NXPI,332.67,+16.20,+5.12%,320.29,334.90,318.00,73.3,0.92,0.55,207.79,288.48,281.18,327.73,4204.01,33490.01,1.05,100.2,100.4,-0.3,8.5
05/26/2026,1630,NYT,74.99,+.03,+0.04%,74.41,75.49,73.6901,41.45,0.39,0.34,77.08,77.14,71.53,81.22,-9112.03,-7297.03,13.03,77.1,88.4,-0.7,-8.2
05/26/2026,1630,O,62.45,+.43,+0.69%,62.08,62.50,61.87,48.93,0.18,0.2,64.45,61.52,60.61,63.48,-9204.07,-6111.07,32.09,62.1,83.4,-8.0,0.0
05/26/2026,1630,OC,120.05,+2.63,+2.24%,118.97,121.05,118.28,53.62,0.45,0.44,110.61,116.31,107.61,124.33,1203.01,-10962.03,13.03,69.1,90.2,-1.7,-7.2
05/26/2026,1630,OIH,443.19,-.77,-0.17%,441.99,452.455,440.6001,57.88,0.23,0.38,372.01,412.02,421.99,462.79,5210.03,45928.04,4.13,76.1,4.1,0.0,2.1
05/26/2026,1630,OKE,90.44,-3.59,-3.82%,93.54,93.84,90.36,51.34,0.37,0.34,81.59,83.66,85.14,97.44,5101.04,9607.04,4.12,71.1,99.2,3.0,2.2
05/26/2026,1630,OKLO,68.70,+2.82,+4.28%,71.87,73.29,68.08,52.76,1.16,1.01,59.07,66.08,52.77,79.2,1202.01,-5664.04,13.04,35.1,74.4,-0.3,-4.5
05/26/2026,1630,OKTA,93.81,+1.57,+1.70%,94.97,96.39,90.30,71.91,0.41,0.77,70.16,75.5,78.42,96.99,10208.01,9639.01,1.3,96.4,62.1,12.5,5.3
05/26/2026,1630,OLLI,80.62,-1.22,-1.49%,81.78,82.255,78.01,43.2,0.49,0.62,98.19,80.51,74.15,85.65,1206.03,-7332.09,50.09,100.4,97.4,-1.8,0.0
05/26/2026,1630,OMF,53.79,+.31,+0.58%,53.64,54.255,53.30,44.12,0.31,0.34,53.2,54.74,51.44,55.94,-8201.09,-5162.09,25.09,39.1,64.1,-11.3,0.0
05/26/2026,1630,ON,127.00,+10.80,+9.29%,122.80,129.13,121.06,73.47,0.71,0.75,59.59,96.08,102.05,127.69,4204.01,12913.01,1.39,99.3,94.4,2.2,6.1
05/26/2026,1630,ONEW,10.70,-.10,-0.93%,10.88,11.51,10.52,50.69,0.63,0.88,10.4,10.15,9.6,11.93,1107.01,-974.03,11.03,74.1,61.1,0.0,1.1
05/26/2026,1630,ONON,40.32,+.51,+1.28%,40.03,40.455,39.435,67.43,0.37,0.49,40.1,33.81,34.74,41.65,7209.01,4046.01,2.09,45.1,41.1,6.4,0.0
05/26/2026,1630,ONTO,274.17,+11.92,+4.55%,274.02,277.00,264.1875,52.33,0.57,0.75,191.3,273.46,238.29,293.8,-7201.04,-23812.05,27.05,90.2,57.1,-5.3,-9.6
05/26/2026,1630,ORCL,193.06,+.98,+0.51%,193.30,195.20,190.56,60.09,0.47,0.73,141.18,179.0,182.32,199.74,1203.02,20071.08,12.32,85.3,39.1,0.0,9.5
05/26/2026,1630,ORLY,89.87,-1.87,-2.04%,89.71,90.80,86.80,42.31,0.39,0.31,90.22,92.91,87.35,94.9,-1101.01,-8680.01,16.01,78.1,100.4,-3.3,0.0
05/26/2026,1630,OSCR,21.89,-.75,-3.31%,22.75,22.75,21.52,57.84,0.7,0.79,12.97,17.81,20.16,26.71,-1103.02,2558.06,6.4,29.1,53.2,2.2,2.6
05/26/2026,1630,OSK,129.42,+1.48,+1.16%,129.56,130.64,128.15,41.72,0.59,0.47,158.51,131.44,106.48,144.11,1203.01,-11677.05,13.07,84.1,98.4,-7.7,-7.8
05/26/2026,1630,OTLY,9.97,-.18,-1.77%,10.16,10.24,9.90,36.31,0.45,0.68,10.94,10.41,9.37,10.72,-6101.16,-974.05,27.17,30.1,15.1,-11.3,0.0
05/26/2026,1630,OUT,33.36,-.24,-0.71%,33.66,33.94,33.20,63.42,0.36,0.29,26.75,30.61,31.19,34.49,2204.01,3398.11,11.39,30.1,79.4,2.4,7.7
05/26/2026,1630,OVX:CGI,65.06,-10.91,-14.36%,70.87,70.87,65.03,37.87,0.79,NaN,57.8,68.86,65.48,76.9,-1101.01,-6503.01,2.01,0.0,31.1,-1.5,0.0
05/26/2026,1630,OXLC,9.83,+.20,+2.08%,9.63,9.84,9.55,47.11,0.25,NaN,8.2,9.95,9.51,10.3,-7107.01,-955.01,16.01,0.0,38.1,-1.0,-2.3
05/26/2026,1630,OXM,45.10,+3.37,+8.08%,42.25,45.195,42.20,60.18,0.67,0.74,36.95,40.92,35.52,46.75,1202.01,4520.01,1.03,88.1,73.4,-0.4,-8.2
05/26/2026,1630,OXY,57.46,-1.35,-2.30%,58.40,59.10,57.46,48.47,0.46,0.41,49.81,52.99,53.26,62.51,5101.03,6124.04,4.12,75.1,96.3,0.0,0.0
05/26/2026,1630,PAG,166.59,+3.28,+2.01%,164.47,168.20,164.155,54.89,0.36,0.32,150.77,165.18,153.67,174.81,-5202.03,-15501.03,17.03,71.2,92.4,-0.1,-0.6
05/26/2026,1630,PALL,25.14,+.62,+2.53%,25.21,25.38,24.942,40.9,0.39,0.4,29.0,26.68,23.41,27.83,-8109.02,-2435.02,33.03,38.1,40.1,-1.6,-6.5
05/26/2026,1630,PAM,81.08,+.40,+0.50%,80.74,81.89,79.395,48.65,0.45,0.45,69.34,78.01,78.95,84.84,-2104.01,-7940.01,4.01,41.1,59.4,0.0,0.0
05/26/2026,1630,PATH,11.09,+.16,+1.46%,10.96,11.40,10.73,56.76,0.5,0.99,10.1,10.22,9.62,11.46,4206.01,1140.01,1.07,94.4,36.1,1.7,0.0
05/26/2026,1630,PBD,22.41,+.70,+3.22%,22.17,22.4499,22.11,66.59,0.31,0.43,17.13,21.32,20.42,22.52,2203.01,2245.01,1.04,70.2,98.2,0.0,0.0
05/26/2026,1630,PBH,48.02,+.02,+0.04%,47.60,48.59,47.49,34.44,0.53,0.49,66.54,51.79,41.88,52.71,1202.01,-4557.05,19.07,96.4,99.4,-5.3,-6.0
05/26/2026,1630,PBJ,47.98,-.4912,-1.01%,48.69,48.69,47.98,39.3,0.13,NaN,48.51,48.24,47.37,49.46,-6103.09,-4796.06,17.09,21.2,77.1,-4.8,0.0
05/26/2026,1630,PBR,19.40,-.50,-2.51%,19.53,19.66,19.35,40.35,0.35,0.4,16.34,19.92,18.82,21.21,-8105.07,-1935.01,16.08,72.1,77.1,-4.5,-1.1
05/26/2026,1630,PCAR,112.01,+2.66,+2.43%,110.97,112.02,110.23,43.4,0.32,0.31,120.58,112.69,107.41,115.36,-11201.02,-10778.03,20.03,58.1,97.3,-4.2,0.0
05/26/2026,1630,PD,7.19,-.01,-0.14%,7.09,7.32,7.00,55.68,0.59,1.11,6.74,6.82,6.56,7.45,2204.01,732.01,1.04,94.4,68.3,-0.9,2.7
05/26/2026,1630,PDD,96.64,+2.12,+2.24%,95.00,97.97,94.50,46.63,0.39,0.47,99.04,96.61,92.58,101.61,-7102.02,-9257.02,13.02,83.2,91.4,-1.0,-0.4
05/26/2026,1630,PEB,15.12,+.34,+2.30%,14.82,15.155,14.82,65.62,0.29,0.48,12.42,13.97,14.08,15.23,4204.01,1516.01,1.07,39.1,29.1,5.0,4.2
05/26/2026,1630,PECO,40.79,+.49,+1.22%,40.32,40.93,40.275,62.13,0.15,0.39,38.7,39.58,39.28,40.89,2204.01,4093.01,1.03,74.3,48.3,0.0,1.8
05/26/2026,1630,PENN,17.06,+.18,+1.07%,16.895,17.145,16.65,59.22,0.31,0.41,13.26,16.48,15.53,17.29,3203.01,1715.01,1.09,2.1,16.1,-8.5,0.0
05/26/2026,1630,PEP,145.68,-4.89,-3.25%,149.71,150.25,145.50,35.21,0.23,0.27,160.16,152.54,143.32,155.64,-8101.01,-14550.01,12.08,61.1,77.2,-1.2,-2.6
05/26/2026,1630,PFE,25.85,-.05,-0.19%,25.87,25.90,25.66,43.39,0.17,0.25,26.2,25.6,25.06,26.43,-14204.05,-2524.05,20.05,17.1,8.1,-4.4,0.0
05/26/2026,1630,PFF,31.34,+.10,+0.32%,31.30,31.37,31.28,51.75,0.08,0.17,31.03,31.31,30.84,31.77,-5201.03,-3098.03,11.03,100.4,85.2,0.0,-5.0
05/26/2026,1630,PFG,104.71,+.86,+0.83%,103.97,104.95,103.71,70.1,0.16,0.24,90.79,99.57,99.67,105.28,3204.01,10495.01,1.04,18.1,7.1,0.0,0.0
05/26/2026,1630,PFIG,23.8901,+.0401,+0.17%,23.93,23.93,23.8801,44.45,0.04,NaN,24.26,23.98,23.67,24.09,-7201.03,-2374.04,11.04,0.0,90.2,0.0,-8.8
05/26/2026,1630,PFIX,49.32,-.24,-0.48%,49.09,50.16,48.48,56.11,0.27,0.45,41.45,47.02,46.91,52.58,11102.04,5196.04,4.38,87.1,35.1,10.2,1.1
05/26/2026,1630,PG,142.96,-1.48,-1.02%,144.51,145.61,142.53,46.12,0.19,0.25,153.77,142.18,139.55,146.78,2101.01,-14009.03,20.03,83.1,71.1,-4.1,0.0
05/26/2026,1630,PGNY,25.05,+.17,+0.68%,25.70,25.80,24.92,71.55,0.83,0.48,16.76,18.6,21.73,28.52,14101.1,2590.03,10.36,31.1,84.4,16.9,16.5
05/26/2026,1630,PGRO,48.15,+.3352,+0.70%,48.12,48.28,48.00,67.49,0.14,NaN,41.65,46.09,46.64,48.76,1204.02,4840.08,8.4,0.0,39.1,0.0,12.3
05/26/2026,1630,PINK,37.30,+.4395,+1.19%,37.04,37.4499,36.97,68.36,0.14,0.22,34.55,34.48,35.61,37.98,7204.08,3745.01,8.19,37.1,15.1,2.7,10.7
05/26/2026,1630,PINS,19.33,+.04,+0.21%,19.09,19.715,19.05,46.76,0.5,0.53,16.6,20.47,17.37,20.77,-6201.03,-1802.03,13.03,45.1,76.1,-0.1,-6.6
05/26/2026,1630,PJP,108.4357,-.6173,-0.57%,109.35,109.35,108.4357,58.36,0.16,0.11,104.82,105.28,104.89,109.83,2204.01,10935.01,1.51,6.1,53.1,2.8,6.9
05/26/2026,1630,PK,12.00,+.49,+4.26%,11.574,12.02,11.56,66.82,0.31,0.42,10.68,11.08,10.63,11.91,4204.01,1202.01,1.07,47.2,32.1,0.0,0.0
05/26/2026,1630,PKB,103.53,+2.6097,+2.59%,102.26,103.596,102.26,49.51,0.28,0.25,101.46,105.82,96.33,107.84,1201.01,-9831.05,13.05,79.2,92.1,-4.9,-16.1
05/26/2026,1630,PLAY,12.37,+.62,+5.28%,12.02,12.68,11.81,59.76,0.66,0.98,13.22,10.19,9.55,12.4,5206.01,1268.01,1.18,83.3,42.1,0.0,0.0
05/26/2026,1630,PLD,146.94,+1.04,+0.71%,146.99,147.93,146.51,64.33,0.19,0.26,136.26,138.0,140.24,147.55,4204.01,14793.01,1.15,24.1,32.1,1.6,4.9
05/26/2026,1630,PLNT,52.57,+.52,+1.00%,51.20,53.04,50.68,38.64,1.42,0.6,77.01,37.03,36.6,56.96,2208.01,-4150.12,25.12,98.3,100.4,-16.1,-3.1
05/26/2026,1630,PLTR,136.60,-.28,-0.20%,136.16,138.68,133.30,47.07,0.39,0.52,132.63,131.15,131.3,139.35,1204.01,13868.01,1.08,6.1,14.1,-3.7,0.0
05/26/2026,1630,PM,181.53,-7.46,-3.95%,189.78,190.00,181.12,54.76,0.33,0.31,167.94,166.0,172.22,202.37,9101.07,19305.05,8.25,68.1,80.3,5.3,8.8
05/26/2026,1630,PNC,220.81,+1.58,+0.72%,219.99,222.25,219.25,56.41,0.19,0.28,205.89,216.47,208.95,223.55,2204.01,22225.01,1.09,54.1,35.1,-0.7,0.0
05/26/2026,1630,PNDRY,11.1500,+.36,+3.34%,10.9400,11.3500,10.9400,68.35,0.57,NaN,9.28,9.59,9.95,11.68,2204.01,1135.01,13.18,0.0,79.2,6.3,10.1
05/26/2026,1630,POET,13.35,-1.24,-8.50%,15.07,15.075,13.11,53.85,2.35,1.43,5.85,7.03,10.29,21.08,-1106.05,2027.07,7.4,91.4,92.4,1.7,11.6
05/26/2026,1630,POOL,182.35,-2.29,-1.24%,184.55,185.59,181.26,37.58,0.42,0.4,214.17,184.5,171.66,190.81,1204.02,-17268.06,23.14,73.1,87.2,-7.4,0.0
05/26/2026,1630,PPLT,17.74,+.27,+1.55%,17.65,17.74,17.54,45.4,0.45,0.34,18.27,17.67,16.77,19.51,-5107.02,-1732.02,9.04,26.1,54.1,0.0,0.0
05/26/2026,1630,PR,19.63,-.81,-3.96%,20.13,20.385,19.575,40.34,0.41,0.42,17.09,19.61,18.84,21.68,1103.05,-1958.01,15.12,52.1,92.4,-4.7,-2.2
05/26/2026,1630,PRAA,15.04,+.40,+2.73%,14.64,15.185,14.64,30.23,0.69,0.64,11.89,16.69,10.58,18.13,1202.01,-1408.03,27.08,54.3,74.2,-18.8,-14.0
05/26/2026,1630,PRGO,10.80,-.42,-3.74%,11.34,11.45,10.745,44.21,0.49,0.76,11.13,11.31,10.07,11.96,1101.02,-1052.07,13.07,88.1,73.1,-0.8,-1.7
05/26/2026,1630,PRMB,23.97,+.48,+2.04%,23.60,24.15,23.37,67.16,0.54,0.44,20.85,19.51,21.32,25.72,5203.08,2415.01,10.18,36.1,83.3,0.3,5.4
05/26/2026,1630,PRVA,22.20,-.59,-2.59%,22.77,22.98,22.17,39.74,0.29,0.52,22.49,21.4,21.8,24.13,-7105.01,-2217.01,16.08,69.1,38.1,-5.3,-0.1
05/26/2026,1630,PSA,304.47,-.78,-0.26%,305.82,307.44,303.32,53.47,0.28,0.26,298.31,294.65,291.65,314.88,1204.01,-28921.05,12.05,65.1,85.2,0.0,0.0
05/26/2026,1630,PSCE,61.8697,-.8656,-1.38%,62.29,63.565,61.8697,50.8,0.25,0.27,53.7,58.57,59.88,64.73,4101.03,6502.04,4.13,25.1,31.1,0.0,1.6
05/26/2026,1630,PSCI,171.3555,+3.2941,+1.96%,170.21,171.3555,170.21,56.55,0.26,0.2,161.74,173.34,160.03,174.98,1202.01,-16180.05,13.05,53.1,90.2,-0.2,-9.3
05/26/2026,1630,PSCU,65.2895,+1.0495,+1.63%,65.2895,65.2895,65.2895,57.97,0.17,NaN,57.95,64.66,62.19,65.84,1203.01,-6278.09,29.09,0.0,76.2,-9.2,-1.9
05/26/2026,1630,PSP,61.20,+.60,+0.99%,61.08,61.63,60.87,54.85,0.22,0.21,57.4,61.05,58.53,62.36,1203.01,-5846.04,27.04,71.1,72.1,-2.6,-0.2
05/26/2026,1630,PSX,173.88,-3.81,-2.14%,175.70,179.93,173.79,50.79,0.39,0.39,149.14,165.44,167.36,183.56,4101.03,18163.03,3.31,86.1,91.3,-0.4,0.7
05/26/2026,1630,PTLO,3.98,-.05,-1.24%,4.07,4.13,3.955,31.77,0.86,0.77,5.02,4.27,3.54,4.28,2204.02,-381.03,23.12,84.1,88.4,-44.3,0.0
05/26/2026,1630,PVH,94.42,+5.50,+6.19%,89.99,94.44,89.99,64.67,0.52,0.62,64.0,86.57,75.81,95.03,2204.01,9444.01,1.09,95.4,82.3,0.0,0.0
05/26/2026,1630,PYPL,44.16,-.07,-0.16%,44.20,44.44,43.865,35.83,0.32,0.36,44.5,44.51,42.91,46.14,-1101.01,-4293.04,25.12,31.1,46.1,-20.2,0.0
05/26/2026,1630,PZZA,32.70,-.70,-2.10%,33.30,33.30,32.40,44.5,0.56,0.64,30.16,30.92,31.01,34.82,-1101.03,3610.07,7.11,83.3,74.1,-9.8,0.0
05/26/2026,1630,QAT,19.10,+.48,+2.58%,18.99,19.11,18.91,56.76,0.16,NaN,18.5,18.79,18.21,19.28,1201.01,-1818.05,12.05,0.0,81.1,0.0,-8.5
05/26/2026,1630,QBTS,27.82,-1.58,-5.37%,29.35,29.48,26.3301,65.02,1.44,1.19,17.26,20.36,17.8,29.54,3203.01,2948.01,1.04,80.2,91.4,4.1,0.0
05/26/2026,1630,QCOM,248.82,+10.66,+4.48%,240.715,258.00,235.8001,74.08,1.01,0.91,135.8,164.79,190.96,261.79,2202.01,25800.01,1.35,100.4,100.4,0.7,5.1
05/26/2026,1630,QMOM,79.80,+2.30,+2.97%,78.85,79.9142,78.69,60.19,0.34,0.23,68.35,77.34,74.7,81.16,1201.01,-7380.05,11.05,78.2,92.2,0.0,1.6
05/26/2026,1630,QQQ,730.28,+12.74,+1.78%,725.96,731.17,724.16,75.33,0.17,0.25,591.87,677.51,694.22,738.94,2204.01,73117.01,12.4,72.1,55.1,0.0,13.2
05/26/2026,1630,QS,8.71,+.51,+6.22%,8.39,9.04,8.1601,62.18,0.8,0.98,6.45,7.13,7.2,9.18,2203.01,904.01,1.04,60.2,46.4,0.2,0.1
05/26/2026,1630,QSR,75.42,+.04,+0.05%,75.76,76.75,75.11,42.08,0.29,0.26,67.69,75.71,72.71,80.03,-7111.06,-7448.02,14.06,52.1,87.3,-3.7,-6.9
05/26/2026,1630,QTUM,158.62,+5.18,+3.38%,157.50,158.86,156.01,75.41,0.35,0.37,109.58,137.42,139.45,158.77,3204.01,15886.01,1.39,98.2,92.2,2.9,13.2
05/26/2026,1630,QUBT,11.68,-.63,-5.12%,12.475,12.53,11.265,59.82,1.26,1.11,7.58,9.15,8.92,12.88,2203.01,1253.01,1.04,63.3,79.4,3.0,1.6
05/26/2026,1630,R,248.71,+4.71,+1.93%,244.75,250.33,243.66,63.46,0.39,0.4,208.26,234.25,223.91,249.41,2204.01,25033.01,1.09,81.1,75.3,-3.9,0.0
05/26/2026,1630,RBLX,46.00,-2.16,-4.49%,48.25,48.53,44.90,44.46,0.98,0.69,63.26,41.66,41.27,48.89,4207.01,4853.01,1.15,58.1,100.4,-14.2,0.0
05/26/2026,1630,RCL,267.71,+11.61,+4.53%,260.10,268.61,258.63,51.68,0.5,0.55,277.8,258.5,240.05,282.73,-6201.03,-24486.03,12.03,83.1,75.1,-0.6,-0.5
05/26/2026,1630,RDNT,54.12,-.28,-0.51%,54.75,55.20,53.78,42.26,0.35,0.53,65.77,56.0,50.07,58.48,-8111.04,-5192.04,11.06,61.1,41.1,-0.6,-3.2
05/26/2026,1630,REAL,9.50,+.30,+3.26%,9.31,9.82,9.31,42.23,0.89,0.84,10.77,9.26,6.94,11.46,1201.01,-869.04,13.09,42.1,79.4,-6.3,-9.9
05/26/2026,1630,REG,78.99,+.15,+0.19%,78.85,79.31,78.608,56.55,0.15,0.17,77.67,77.47,76.02,79.53,2204.01,7931.01,1.07,7.1,35.2,-2.6,0.0
05/26/2026,1630,REGN,634.62,-4.26,-0.67%,642.45,648.495,632.68,30.84,0.49,0.32,753.79,699.23,592.57,727.7,-3107.04,-63268.01,38.04,6.1,88.4,-2.2,-12.3
05/26/2026,1630,REXR,36.59,+.41,+1.13%,36.35,36.605,36.22,59.08,0.19,0.37,36.4,34.99,34.82,36.91,2204.01,3660.01,1.05,72.1,19.1,0.0,0.0
05/26/2026,1630,REZ,92.19,+.1649,+0.18%,92.10,92.600442,91.83,62.04,0.14,0.2,88.09,89.1,89.86,93.09,2205.01,-8937.06,12.06,86.1,50.1,1.1,7.1
05/26/2026,1630,RGTI,25.065,-1.355,-5.13%,26.01,26.57,23.72,66.5,1.44,1.17,15.94,17.08,15.42,26.36,3203.01,2657.01,1.04,74.2,93.4,3.7,0.0
05/26/2026,1630,RH,138.46,+2.04,+1.50%,138.00,144.7999,136.18,57.1,0.55,0.93,148.12,121.5,119.48,142.89,3204.01,14480.01,1.04,90.2,39.1,0.0,0.0
05/26/2026,1630,RHP,114.55,+2.59,+2.31%,112.74,114.60,112.655,71.15,0.24,0.28,95.43,105.5,104.72,115.16,4206.01,11460.01,1.37,40.1,52.1,3.4,8.0
05/26/2026,1630,RIOT,26.08,+1.59,+6.49%,25.155,26.30,25.14,70.87,0.9,0.89,15.05,19.06,22.16,27.41,1201.01,2630.01,11.18,33.1,74.2,0.0,18.5
05/26/2026,1630,RIVN,14.39,+.17,+1.20%,14.355,14.699,14.155,47.2,0.53,0.65,14.55,13.84,13.04,14.86,2204.01,1470.01,1.15,22.1,63.1,-12.8,0.0
05/26/2026,1630,ROBO,89.99,+2.69,+3.08%,89.14,90.10,89.14,69.47,0.3,0.22,72.81,81.24,82.1,90.27,2203.01,9010.01,1.04,37.3,92.1,0.0,7.9
05/26/2026,1630,ROK,456.30,+4.01,+0.89%,455.55,458.53,452.285,62.8,0.45,0.35,375.41,431.1,424.95,468.87,1202.01,46211.11,11.19,56.1,99.4,0.0,7.2
05/26/2026,1630,ROKU,127.61,+2.06,+1.64%,127.00,129.15,125.28,63.68,0.34,0.51,91.31,123.75,121.07,130.46,2202.01,12915.01,1.04,26.1,22.1,0.0,14.0
05/26/2026,1630,ROST,234.68,-.13,-0.06%,236.294,236.294,231.09,65.41,0.38,0.3,194.07,222.58,204.91,236.8,2204.01,23629.01,1.08,56.3,92.4,0.2,-0.8
05/26/2026,1630,RRC,40.05,-1.00,-2.44%,40.90,41.27,39.98,38.28,0.27,0.37,38.19,39.91,39.3,43.05,-2103.01,4318.04,4.12,43.1,21.1,-2.4,-0.7
05/26/2026,1630,RRR,57.22,+1.84,+3.32%,55.38,57.29,55.20,62.41,0.36,0.42,57.86,51.58,50.18,56.67,2204.01,5729.01,1.03,67.1,61.1,0.0,0.0
05/26/2026,1630,RSI,26.14,-.92,-3.40%,27.02,27.235,26.10,49.42,0.66,0.61,19.0,26.17,25.77,28.42,-3103.01,-2610.01,17.01,58.1,84.4,-3.9,3.8
05/26/2026,1630,RSP,207.64,+1.06,+0.51%,207.83,208.18,206.93,66.11,0.11,0.15,198.55,201.62,201.16,207.57,2204.01,20818.01,1.03,65.1,33.1,1.3,2.6
05/26/2026,1630,RSPG,105.34,-2.66,-2.46%,106.90,108.07,105.34,48.55,0.3,0.26,96.12,100.39,100.96,112.04,4101.04,11148.04,4.13,88.2,100.4,0.0,1.5
05/26/2026,1630,RSPU,80.42,+.04,+0.05%,80.76,80.8581,80.41,52.93,0.16,0.18,81.11,78.52,77.07,81.11,3204.01,8086.01,1.07,73.3,88.2,-4.9,0.0
05/26/2026,1630,RTO,31.58,+.24,+0.77%,31.67,31.86,31.335,40.77,0.21,0.37,28.45,33.01,30.23,33.45,-8112.03,-3107.03,14.07,41.1,13.1,-1.9,-13.7
05/26/2026,1630,RUT,2920.5397,+51.3145,+1.79%,2899.0073,2923.0423,2892.3123,65.3,0.21,0.25,2550.97,2805.99,2752.1,2928.64,2203.01,292304.01,1.04,65.1,73.1,0.0,1.2
05/26/2026,1630,RVLV,19.40,+.17,+0.88%,19.11,19.76,19.11,37.97,0.77,0.58,22.84,19.51,15.79,21.0,1205.02,-1735.09,27.11,30.1,99.4,-12.0,0.0
05/26/2026,1630,RVX,24.13,-.07,-0.29%,24.45,24.68,24.07,47.72,0.61,NaN,24.16,22.07,22.59,25.72,7101.05,2556.05,5.14,0.0,21.1,0.0,0.2
05/26/2026,1630,S,18.56,-.15,-0.80%,18.68,18.795,18.21,73.75,0.43,0.73,12.68,15.04,15.71,19.49,17217.01,1881.02,2.31,90.4,37.1,18.5,12.5
05/26/2026,1630,SBAC,201.73,-3.84,-1.87%,205.47,206.57,201.57,40.7,0.24,0.31,191.41,215.77,193.06,219.76,-5111.06,-19915.06,14.06,67.1,47.1,-0.1,-3.8
05/26/2026,1630,SBUX,101.42,-1.69,-1.64%,103.075,103.97,100.80,43.93,0.33,0.32,94.4,102.94,101.82,107.77,-3103.01,-10080.01,4.01,21.1,87.2,-0.2,1.2
05/26/2026,1630,SCJ,106.19,+1.51,+1.44%,106.47,106.58,105.93,63.7,0.15,0.13,98.57,99.93,102.24,108.2,1201.01,10664.08,11.22,8.1,58.1,0.0,10.7
05/26/2026,1630,SE,89.02,+1.75,+2.01%,88.45,90.59,87.60,52.15,0.61,0.55,77.05,83.51,82.92,94.79,-2201.03,9997.09,9.11,54.1,82.2,0.0,1.1
05/26/2026,1630,SFD,26.245,-.095,-0.36%,26.32,26.459,25.94,48.49,0.29,0.35,24.0,25.71,24.86,26.78,4206.01,2649.03,3.17,58.2,78.3,0.0,0.0
05/26/2026,1630,SFM,85.63,-1.08,-1.25%,87.00,87.125,84.3525,56.68,0.62,0.49,72.5,77.8,79.69,93.53,8101.05,9489.05,5.19,60.1,91.4,0.0,1.8
05/26/2026,1630,SG,9.26,-.52,-5.32%,10.01,10.22,9.205,71.16,0.79,0.93,5.16,6.5,6.83,10.35,7208.01,1022.01,1.09,61.1,69.2,14.8,0.0
05/26/2026,1630,SHAK,61.82,-.90,-1.43%,62.735,63.72,61.28,27.67,1.25,0.51,90.94,67.21,39.7,72.38,1205.04,-5949.06,17.1,50.1,97.4,-27.0,-6.9
05/26/2026,1630,SHEL,85.03,-.68,-0.79%,86.085,86.66,84.97,42.08,0.27,0.28,80.66,83.82,82.56,89.48,1102.05,-8382.12,35.12,79.1,87.2,-2.8,0.0
05/26/2026,1630,SHO,10.86,+.24,+2.26%,10.65,10.88,10.65,69.39,0.25,0.31,9.04,9.64,10.14,10.97,17206.01,1088.01,1.36,50.1,49.1,8.1,10.1
05/26/2026,1630,SHOC,112.07,+4.4127,+4.10%,110.11,112.50,110.11,71.98,0.42,NaN,72.69,96.8,100.65,114.18,2204.01,11250.01,1.39,0.0,98.4,0.2,11.9
05/26/2026,1630,SHOO,42.75,+.82,+1.96%,42.18,43.075,42.10,67.8,0.42,0.52,34.01,36.56,37.38,43.18,3204.01,4308.01,1.16,20.1,46.1,6.6,3.0
05/26/2026,1630,SHOP,104.90,+1.90,+1.84%,103.23,105.10,102.32,43.9,0.79,0.59,112.45,104.27,93.85,111.43,2204.02,-9400.08,25.09,48.1,86.4,-19.5,0.0
05/26/2026,1630,SHY,82.21,+.09,+0.11%,82.20,82.21,82.16,47.21,0.02,0.03,82.66,82.18,82.0,82.3,1201.01,-8200.05,27.15,60.3,48.1,-11.0,0.0
05/26/2026,1630,SHYG,42.52,+.08,+0.19%,42.53,42.53,42.4701,54.16,0.04,0.13,42.3,42.38,42.2,42.59,2204.01,4253.01,1.05,47.1,70.1,-4.9,0.0
05/26/2026,1630,SIL,91.33,+3.22,+3.65%,89.91,91.33,89.62,47.57,0.62,0.56,99.92,86.37,81.45,104.17,-3107.04,10419.09,9.19,67.1,79.2,0.0,0.0
05/26/2026,1630,SILJ,30.03,+1.20,+4.16%,29.48,30.075,29.44,47.78,0.66,0.61,33.61,28.48,26.47,34.65,-3107.04,-2793.05,9.05,56.1,76.1,0.0,-0.2
05/26/2026,1630,SITM,743.12,+14.56,+2.00%,758.00,764.48,721.295,61.09,1.11,0.85,351.82,569.29,642.74,957.87,-3107.04,90181.11,11.39,73.1,98.4,0.0,6.3
05/26/2026,1630,SIVR,73.22,+1.40,+1.95%,72.53,73.25,72.09,48.78,0.6,0.51,75.28,69.2,66.77,84.06,-2107.05,8498.09,9.19,60.1,74.1,0.0,0.0
05/26/2026,1630,SJM,102.32,-1.04,-1.01%,102.95,103.68,102.169,58.99,0.23,0.36,110.9,95.04,97.35,105.71,8203.02,10475.05,5.13,96.3,39.1,7.0,2.7
05/26/2026,1630,SKYY,133.62,+.59,+0.44%,133.54,134.32,132.10,70.81,0.25,0.35,105.52,125.94,125.57,133.97,2204.01,13432.01,1.31,75.1,61.1,0.0,14.7
05/26/2026,1630,SLG,44.09,+.82,+1.90%,43.44,44.40,43.44,56.87,0.4,0.52,35.03,41.89,40.31,45.73,1202.01,-4081.03,11.03,77.1,73.1,0.0,-0.5
05/26/2026,1630,SLV,69.72,+1.36,+1.99%,69.02,69.73,68.585,48.84,0.6,0.52,71.68,65.85,63.52,80.0,-2107.05,8086.09,9.19,59.1,74.1,0.0,0.0
05/26/2026,1630,SLX,109.99,+3.32,+3.11%,108.13,110.00,108.13,64.3,0.29,0.38,92.12,103.32,103.18,111.15,1202.01,11000.01,1.05,94.2,90.2,0.0,5.6
05/26/2026,1630,SMCI,37.10,+1.52,+4.27%,36.00,37.91,35.4347,67.42,0.99,0.89,29.68,27.42,29.46,38.84,2204.01,3791.01,1.44,73.1,87.1,0.6,3.7
05/26/2026,1630,SMH,602.14,+25.82,+4.48%,591.58,603.97,589.10,73.65,0.41,0.53,385.93,514.12,535.51,610.96,2204.01,60397.01,1.39,100.2,99.4,0.0,11.7
05/26/2026,1630,SMIN,67.02,+.58,+0.87%,67.05,67.465,66.77,55.04,0.21,0.22,62.05,66.42,64.14,68.72,1203.02,-6480.05,12.05,65.1,72.1,0.0,-3.9
05/26/2026,1630,SMPL,11.40,-.46,-3.88%,11.77,11.92,11.39,39.93,0.43,0.74,15.8,12.24,10.52,12.59,-6101.09,-1089.04,20.09,93.2,75.1,-13.5,0.0
05/26/2026,1630,SN,116.21,+4.18,+3.73%,114.99,117.975,113.06,57.48,0.46,0.5,112.58,108.2,99.66,118.48,2203.01,11798.01,1.04,51.1,71.1,-0.8,-0.9
05/26/2026,1630,SNAP,5.75,+.03,+0.52%,5.66,5.835,5.63,52.53,0.4,0.67,5.0,5.59,5.2,6.12,-7203.07,-526.07,13.07,40.1,25.1,-3.7,-1.2
05/26/2026,1630,SNDR,34.64,+1.24,+3.71%,34.00,34.785,33.57,68.58,0.6,0.4,26.98,29.95,29.46,35.85,5208.01,3478.01,4.08,44.1,100.4,8.3,0.0
05/26/2026,1630,SNOW,177.60,+5.40,+3.14%,176.885,181.27,174.55,69.36,0.49,0.84,156.87,136.2,147.73,185.12,11213.01,18127.01,1.14,96.4,55.1,13.9,5.6
05/26/2026,1630,SOFI,15.98,+.36,+2.30%,16.48,16.95,15.86,46.49,0.71,0.61,16.8,15.52,15.14,16.31,1203.01,1695.01,1.04,17.1,86.4,-9.8,0.5
05/26/2026,1630,SOLZ,8.39,-.1077,-1.27%,8.52,8.65,8.342,43.45,0.49,0.51,8.22,8.59,8.0,9.71,-5107.01,-834.01,11.06,10.1,7.1,0.0,0.0
05/26/2026,1630,SOYB,24.91,-.15,-0.60%,24.98,25.02,24.889,51.0,0.14,0.18,23.45,24.56,24.64,25.44,-1101.01,-2462.07,9.07,60.1,62.2,0.0,2.7
05/26/2026,1630,SPDN,8.68,-.06,-0.69%,8.69,8.71,8.66,30.38,0.11,NaN,9.36,8.8,8.62,8.92,-15104.01,-866.01,40.01,65.2,25.1,-12.7,0.0
05/26/2026,1630,SPG,206.94,+2.53,+1.24%,205.27,207.15,204.60,59.81,0.21,0.25,197.32,200.8,199.96,208.45,2204.01,20715.01,2.04,46.1,69.1,0.0,0.3
05/26/2026,1630,SPGI,412.48,-5.12,-1.23%,412.55,416.655,408.66,43.35,0.24,0.32,426.6,416.2,398.75,427.27,1101.02,-40320.06,20.06,71.1,57.1,-5.5,0.0
05/26/2026,1630,SPHD,50.23,-.22,-0.44%,50.45,50.58,50.18,55.9,0.12,0.11,51.36,49.45,49.2,50.54,4206.01,5058.01,1.06,26.1,51.3,0.0,0.0
05/26/2026,1630,SPHR,134.14,+4.77,+3.69%,130.51,134.45,130.00,51.92,0.57,0.58,109.61,132.9,125.56,141.45,-4201.02,-12411.1,14.1,58.1,75.1,-2.0,0.0
05/26/2026,1630,SPLV,73.88,-.21,-0.28%,74.06,74.235,73.78,53.69,0.09,0.13,75.91,72.61,72.36,74.3,3206.01,7424.01,1.09,66.1,26.3,-1.5,0.0
05/26/2026,1630,SPMO,149.80,+4.86,+3.35%,147.60,150.1875,147.41,72.01,0.28,0.22,116.84,136.34,138.83,151.25,2203.01,15019.01,1.4,90.2,96.4,0.0,11.1
05/26/2026,1630,SPOT,529.71,+9.85,+1.89%,519.86,534.00,519.58,69.15,0.74,0.48,464.05,411.24,404.08,533.09,7210.01,53400.02,1.18,55.1,94.4,0.0,0.0
05/26/2026,1630,SPX,7519.12,+45.65,+0.61%,7511.79,7539.09,7501.10,70.47,0.11,0.17,6710.42,7233.62,7306.9,7568.57,2204.01,753909.01,1.4,46.1,40.1,0.0,12.6
05/26/2026,1630,SPY,750.59,+4.95,+0.66%,750.01,752.13,748.37,71.28,0.1,0.17,669.66,721.49,728.61,755.37,2204.01,75213.01,1.4,41.1,34.1,0.0,12.3
05/26/2026,1630,STKL,6.50,0,0.00%,0,0,0,65.19,0.03,0.18,4.64,6.47,6.47,6.51,-2201.01,-647.01,6.01,1.1,3.1,0.0,0.0
05/26/2026,1630,STLD,250.49,+10.46,+4.36%,241.68,250.68,240.73,71.1,0.33,0.46,187.23,231.0,222.14,248.29,2203.01,25068.01,1.04,83.1,52.1,0.0,0.0
05/26/2026,1630,STZ,147.64,-1.86,-1.24%,148.31,148.88,143.71,46.36,0.35,0.37,147.21,146.8,138.82,154.28,2206.02,-13910.09,30.09,65.1,85.2,-1.9,0.0
05/26/2026,1630,SU,65.56,-1.78,-2.64%,66.235,66.65,65.4903,47.78,0.39,0.37,54.82,62.74,63.04,71.16,-1102.01,7020.05,5.13,82.1,97.4,0.6,1.2
05/26/2026,1630,SVV,8.30,+.10,+1.22%,8.34,8.44,8.245,55.77,0.58,0.61,8.37,7.99,6.71,8.73,2204.01,844.01,1.09,17.1,86.4,0.0,0.0
05/26/2026,1630,SWBI,15.24,-.23,-1.49%,15.36,15.53,15.12,54.93,0.27,0.59,11.65,14.29,14.38,15.88,3208.02,1575.02,2.09,75.4,38.1,0.8,0.0
05/26/2026,1630,SWKS,83.42,+1.00,+1.21%,82.695,84.785,80.00,75.26,0.81,0.61,55.81,61.54,65.7,84.06,21207.01,8479.01,1.37,96.2,100.4,2.4,8.1
05/26/2026,1630,SXT,116.86,+2.42,+2.11%,115.35,117.99,114.79,61.22,0.3,0.37,92.14,112.6,112.08,119.36,1201.01,-11195.02,20.02,75.2,65.4,-3.0,5.0
05/26/2026,1630,SYF,71.90,+.07,+0.10%,72.08,73.105,71.69,47.83,0.28,0.34,66.38,72.83,68.26,74.63,1204.02,-6832.04,25.04,29.1,54.1,-8.5,0.0
05/26/2026,1630,SYY,75.32,-.97,-1.27%,75.90,76.255,74.945,52.47,0.2,0.26,85.59,71.58,71.81,77.53,4206.02,7709.02,2.13,79.1,61.1,0.0,0.0
05/26/2026,1630,T,25.02,-.24,-0.95%,25.14,25.34,24.86,43.81,0.22,0.27,27.41,25.12,24.01,25.84,1205.02,-2385.06,40.06,51.1,55.1,-5.6,0.0
05/26/2026,1630,TAN,68.96,+3.01,+4.56%,67.995,70.01,67.44,70.15,0.42,0.46,53.21,59.19,59.58,69.07,2204.01,7001.01,1.35,88.2,72.2,2.2,9.3
05/26/2026,1630,TAP,41.23,-1.32,-3.10%,42.27,42.63,40.83,41.95,0.28,0.33,46.65,40.9,40.37,43.08,-1101.01,4318.04,4.08,60.1,77.1,0.0,0.0
05/26/2026,1630,TBIL,49.98,0,0.00%,49.98,49.99,49.98,66.14,0.01,NaN,49.84,49.87,49.91,50.0,8212.01,4999.02,1.17,0.2,42.2,0.0,18.1
05/26/2026,1630,TCEHY,56.140,+.07,+0.12%,56.080,56.275,55.580,33.53,0.29,NaN,63.29,59.26,54.9,60.96,-7108.01,-5558.01,9.01,0.0,53.1,-1.6,-1.4
05/26/2026,1630,TCNNF,8.3000,+.80,+10.67%,7.9200,8.4600,7.5800,52.37,0.9,NaN,5.84,8.7,6.5,9.5,-6201.06,-724.06,20.06,0.0,57.4,-8.4,-0.4
05/26/2026,1630,TEAM,84.92,-.50,-0.59%,83.29,86.03,82.00,54.07,1.09,0.77,71.0,84.42,77.68,91.7,-2202.03,9500.13,15.31,76.1,94.4,0.0,11.7
05/26/2026,1630,TEVA,34.61,+.54,+1.58%,34.54,34.93,34.1601,55.65,0.45,0.39,31.24,35.08,32.97,36.43,-6108.03,-3375.03,16.03,32.1,79.4,-0.3,0.0
05/26/2026,1630,TFLO,50.61,0,0.00%,50.62,50.62,50.61,64.25,0.01,0.02,50.48,50.5,50.56,50.63,4210.01,5062.01,1.15,59.2,21.2,0.0,0.8
05/26/2026,1630,TGS,29.35,+.28,+0.96%,28.94,29.43,28.52,45.12,0.49,0.6,27.85,28.99,28.22,31.16,-3102.01,-2852.01,5.01,35.1,74.4,-0.6,-3.2
05/26/2026,1630,TGT,125.43,-.17,-0.14%,126.52,126.845,124.05,51.51,0.36,0.35,111.11,123.63,117.8,130.14,1203.02,-11781.03,14.03,23.1,86.4,-2.0,0.0
05/26/2026,1630,THC,176.38,+2.60,+1.50%,171.91,179.01,171.59,36.84,0.38,0.49,228.48,181.86,171.7,202.1,-5106.01,-17159.01,9.01,83.1,67.1,0.0,0.0
05/26/2026,1630,THD,72.78,+.19,+0.26%,72.75,73.18,72.70,57.13,0.24,0.32,66.29,70.18,70.42,73.88,2204.08,7358.08,8.23,88.2,64.1,1.2,9.1
05/26/2026,1630,TIGR,5.01,+.65,+14.91%,4.675,5.06,4.65,34.2,1.25,0.95,7.14,6.28,4.36,6.45,-15108.01,-465.01,27.01,98.4,100.4,-6.5,-10.8
05/26/2026,1630,TIP,110.82,+.44,+0.40%,110.70,110.84,110.625,48.41,0.03,0.06,111.04,110.95,109.88,111.44,-11201.02,-11010.04,22.04,82.4,39.1,-4.2,-14.7
05/26/2026,1630,TJX,158.97,+.70,+0.44%,158.30,159.81,157.00,58.82,0.27,0.24,155.75,152.52,145.08,162.36,4205.01,15981.01,1.08,50.1,100.4,0.0,0.0
05/26/2026,1630,TKO,188.09,-3.41,-1.78%,192.15,193.1561,187.50,46.73,0.24,0.41,207.71,182.37,183.24,196.6,7101.02,19617.04,4.09,84.1,25.1,2.8,0.6
05/26/2026,1630,TKR,127.42,+7.47,+6.23%,123.00,127.81,122.22,69.68,0.53,0.42,102.13,108.0,109.65,127.77,2204.01,12781.01,1.05,91.2,100.4,3.1,4.1
05/26/2026,1630,TLT,85.10,+.42,+0.50%,85.335,85.375,84.90,48.94,0.1,0.12,88.51,85.09,82.65,86.24,1202.01,-8304.04,23.04,17.1,58.1,-1.6,-8.8
05/26/2026,1630,TME,9.19,+.38,+4.31%,8.85,9.305,8.80,47.61,0.46,0.5,13.35,9.13,8.45,9.6,-9201.07,-844.07,10.07,65.1,66.1,0.0,0.0
05/26/2026,1630,TMO,448.18,-.10,-0.02%,447.36,450.25,443.6092,39.75,0.25,0.34,493.37,456.36,427.99,470.44,-9103.06,-43527.06,25.06,69.1,33.1,-3.5,0.0
05/26/2026,1630,TMUS,191.11,-.36,-0.19%,190.465,192.81,188.27,46.85,0.3,0.31,212.17,191.65,185.1,194.47,3203.01,-18601.06,18.06,60.1,85.4,-7.0,0.5
05/26/2026,1630,TNET,42.46,-.32,-0.75%,42.05,42.6894,41.17,54.6,0.5,0.52,35.5,40.73,39.64,44.01,1206.05,4487.05,5.08,65.1,85.1,-5.6,1.1
05/26/2026,1630,TNX:CGI,44.93,-.65,-1.43%,44.89,45.12,44.79,53.56,0.19,NaN,39.56,43.14,43.61,47.21,-1101.01,4659.04,4.27,0.0,85.2,12.7,3.1
05/26/2026,1630,TOKE,5.24,0,0.00%,0,0,0,45.92,0.28,0.88,5.85,4.96,5.12,5.4,-1102.02,-508.02,16.02,56.2,35.2,-0.6,0.5
05/26/2026,1630,TOST,23.32,+.16,+0.69%,23.19,23.78,23.01,37.22,0.66,0.53,26.61,24.04,18.99,26.98,1202.02,-2229.08,13.08,45.1,94.4,-5.2,-7.4
05/26/2026,1630,TPB,89.31,-.68,-0.76%,91.24,91.24,88.3325,54.13,0.49,0.52,91.74,78.89,83.59,97.89,7102.1,9696.11,11.23,72.1,65.1,0.0,10.2
05/26/2026,1630,TPL,400.09,-1.94,-0.48%,402.33,409.67,396.151,42.33,0.31,0.49,491.0,390.22,371.54,418.63,1204.01,-37830.08,13.08,72.1,13.1,-4.4,0.0
05/26/2026,1630,TPR,140.62,+2.13,+1.54%,140.30,141.57,138.90,52.65,0.57,0.41,147.19,128.76,124.36,146.01,1204.03,-12834.1,27.1,40.1,92.4,-3.6,0.0
05/26/2026,1630,TPYP,43.27,-.89,-2.02%,44.09,44.14,43.27,54.14,0.2,0.25,40.63,41.35,41.66,45.06,5101.04,4458.04,4.27,85.4,100.4,5.3,3.0
05/26/2026,1630,TRIP,10.04,-0.04,-0.40%,9.98,10.22,9.895,45.62,0.53,0.72,9.61,10.36,8.52,10.97,1204.01,-904.04,13.09,85.1,63.1,-2.1,-2.4
05/26/2026,1630,TRP,69.53,-1.38,-1.95%,70.54,70.68,69.12,66.66,0.22,0.23,62.76,64.44,65.22,72.59,10210.02,7147.02,2.27,38.1,90.4,13.1,5.1
05/26/2026,1630,TRU,70.57,-.09,-0.13%,69.98,71.07,69.52,51.65,0.37,0.46,75.0,67.25,64.87,73.4,1204.02,-6451.04,25.04,56.1,49.1,0.0,-0.1
05/26/2026,1630,TSLA,433.59,+7.58,+1.78%,430.26,435.20,426.12,60.86,0.39,0.53,385.39,384.02,392.29,459.67,1202.01,45340.09,9.33,47.2,31.2,0.0,6.8
05/26/2026,1630,TSM,412.32,+7.80,+1.93%,413.12,416.49,410.07,58.78,0.38,0.48,343.8,392.6,390.47,425.64,1201.01,-38506.05,8.05,79.1,67.1,0.0,0.2
05/26/2026,1630,TSN,65.13,+.08,+0.12%,65.01,65.76,64.73,46.42,0.32,0.26,61.71,66.52,64.23,67.99,-3108.01,-6473.01,14.01,54.1,88.4,0.0,6.9
05/26/2026,1630,TT,461.43,+10.41,+2.31%,457.14,463.97,455.24,48.66,0.31,0.32,428.83,465.71,435.81,485.4,-12201.02,-44409.02,13.04,74.1,75.1,-3.5,-11.1
05/26/2026,1630,TTD,22.18,-.20,-0.89%,22.00,22.56,21.75,49.07,0.53,0.67,21.08,20.73,19.07,24.17,1202.01,-2004.08,14.08,48.1,56.1,-1.3,-1.7
05/26/2026,1630,TTE,90.04,-1.56,-1.70%,90.83,91.56,89.88,46.85,0.24,0.29,76.56,87.73,88.28,94.57,4102.03,9416.04,4.13,78.1,60.1,0.0,0.4
05/26/2026,1630,TTWO,220.67,-6.88,-3.02%,225.13,230.64,220.49,46.24,0.37,0.41,207.75,218.7,215.14,248.79,-2102.01,-22049.01,2.02,67.3,87.2,1.6,3.8
05/26/2026,1630,TUA,20.61,+.15,+0.73%,20.58,20.61,20.5299,41.61,0.07,0.12,21.56,20.8,20.34,20.9,-15111.02,-2044.02,27.04,27.1,71.1,-5.3,-8.9
05/26/2026,1630,TUR,38.33,-1.01,-2.57%,38.88,39.09,38.29,38.09,0.48,0.36,38.19,42.22,36.16,42.94,-7110.03,-3640.03,11.03,62.1,100.4,0.0,-14.1
05/26/2026,1630,TWLO,189.65,+1.77,+0.94%,188.00,189.80,180.36,61.67,0.84,0.56,116.0,189.41,182.55,201.2,-5107.01,-18036.01,13.01,56.1,86.4,0.0,13.9
05/26/2026,1630,TXG,24.62,+.94,+3.97%,24.02,24.98,23.03,61.21,0.65,0.66,19.66,19.82,20.14,25.44,4205.01,2498.01,1.05,4.1,50.1,0.0,0.0
05/26/2026,1630,TXRH,182.20,+4.63,+2.61%,179.22,182.39,177.58,64.27,0.48,0.3,174.83,155.22,165.17,196.73,-1201.02,18345.09,9.15,49.1,97.4,5.2,3.2
05/26/2026,1630,TXT,92.68,+.85,+0.93%,92.38,93.00,92.175,54.99,0.37,0.28,95.54,90.3,88.18,93.63,1202.01,9300.01,1.03,50.1,90.4,-2.5,0.4
05/26/2026,1630,TYX:CGI,50.26,-.38,-0.75%,50.10,50.40,50.03,51.27,0.14,NaN,46.27,49.17,49.34,52.19,-1102.01,5177.04,4.33,0.0,68.2,11.8,2.1
05/26/2026,1630,U,26.77,+1.20,+4.69%,26.72,27.6784,26.65,55.61,0.38,0.69,17.58,25.81,25.18,27.89,1201.01,2768.01,1.02,19.1,2.1,-0.6,0.0
05/26/2026,1630,UA,5.53,+.13,+2.41%,5.425,5.59,5.32,48.31,0.77,0.6,6.47,5.93,4.29,6.19,1202.01,-478.05,13.08,61.1,89.4,-2.4,-4.2
05/26/2026,1630,UAA,5.66,+.16,+2.91%,5.42,5.72,5.42,47.95,0.79,0.62,6.59,6.15,4.36,6.36,1202.01,-488.05,13.08,62.1,87.4,-2.3,-4.5
05/26/2026,1630,UAE,18.96,+.045,+0.24%,19.35,19.35,18.82,47.11,0.21,0.28,19.13,19.08,18.36,19.59,1102.01,-1856.04,12.04,85.2,71.1,-2.0,-1.8
05/26/2026,1630,UAL,105.92,+5.96,+5.96%,103.80,106.67,103.45,64.48,0.56,0.6,92.37,90.6,89.34,105.76,3204.01,10667.01,1.04,78.1,77.1,2.5,3.6
05/26/2026,1630,UBER,70.12,-1.70,-2.37%,71.74,71.83,69.90,35.91,0.38,0.38,72.83,72.67,69.73,78.04,-6109.01,-6990.01,13.01,28.1,92.3,0.0,-0.2
05/26/2026,1630,UFO,65.44,+3.54,+5.72%,65.43,66.99,64.405,76.94,0.46,0.64,43.58,50.34,55.5,66.5,8212.01,6699.01,1.19,100.2,88.2,17.1,7.9
05/26/2026,1630,UGA,108.41,-6.83,-5.93%,111.23,112.13,108.07,41.77,0.47,0.55,70.83,110.67,109.26,125.64,-4104.01,-10807.01,6.01,76.1,88.1,-1.3,0.0
05/26/2026,1630,UHAL,51.10,-.45,-0.87%,51.03,51.86,50.825,52.21,0.28,0.3,49.48,50.36,47.92,53.05,1204.02,-4821.05,12.05,9.1,54.1,-0.4,-0.8
05/26/2026,1630,UHS,156.63,-1.17,-0.74%,156.41,158.97,154.47,28.58,0.41,0.36,192.47,164.21,155.94,173.49,-5106.01,-15447.01,32.01,54.1,84.3,-1.5,0.0
05/26/2026,1630,UL,57.07,-.28,-0.49%,57.765,57.875,56.88,43.81,0.24,0.25,67.23,57.79,55.78,59.05,-2102.07,-5619.07,14.07,73.1,71.1,-0.9,0.0
05/26/2026,1630,ULS,100.83,-2.02,-1.96%,103.09,103.51,100.75,59.88,0.62,0.43,79.72,95.32,95.91,105.11,1204.01,10485.13,13.32,72.1,90.4,0.0,13.2
05/26/2026,1630,ULTA,516.04,+1.00,+0.19%,518.01,519.55,510.3117,48.66,0.28,0.54,644.15,519.07,468.25,534.51,1203.02,-46900.05,24.05,98.4,56.1,-3.9,-2.7
05/26/2026,1630,UNG,10.91,-.03,-0.27%,11.13,11.2199,10.88,47.16,0.42,0.51,11.17,10.29,10.41,12.01,-1102.02,1194.05,5.18,8.1,31.1,5.1,3.1
05/26/2026,1630,UNH,376.86,-11.61,-2.99%,386.00,386.52,376.4101,56.83,0.26,0.31,283.85,358.25,366.24,409.56,-1104.03,40415.09,9.4,3.1,23.1,0.0,2.0
05/26/2026,1630,UNP,271.1,5.22,1.96%,266.22,272.66,266.15,59.59,0.19,0.28,258.58,261.94,262.42,275.63,-1201.03,27463.04,4.47,84.1,63.3,0,0
05/26/2026,1630,UPBD,18.11,+.27,+1.51%,18.07,18.42,18.00,48.78,0.35,0.53,19.72,18.51,16.38,18.98,1203.01,-1671.05,18.07,49.1,7.1,-6.6,-0.9
05/26/2026,1630,UPS,101.97,+.95,+0.94%,101.505,102.67,101.4375,53.14,0.5,0.32,103.24,96.52,95.89,102.54,3204.01,10267.01,1.15,46.1,100.4,-15.8,0.0
05/26/2026,1630,UPST,30.62,+2.06,+7.21%,28.99,31.39,28.98,54.16,0.69,0.8,25.6,27.84,26.73,30.94,1201.01,3139.01,1.09,38.1,58.1,-8.4,0.0
05/26/2026,1630,URA,50.86,+1.90,+3.88%,50.475,51.08,50.11,46.77,0.57,0.57,48.88,53.78,44.1,57.26,-7201.04,-4701.04,13.04,52.1,82.2,-0.8,-17.2
05/26/2026,1630,URBN,75.42,+2.41,+3.30%,74.01,75.50,73.26,63.25,0.39,0.47,62.27,68.57,66.07,75.96,3204.01,7550.01,1.09,34.1,50.2,0.0,0.3
05/26/2026,1630,URI,962.92,+24.30,+2.59%,942.84,967.93,936.20,61.03,0.3,0.37,792.01,929.14,924.84,980.77,-4201.02,-91692.03,6.03,62.1,41.1,0.0,0.3
05/26/2026,1630,URNJ,28.09,+1.18,+4.38%,27.59,28.185,27.42,44.67,0.61,0.6,30.98,29.86,23.97,32.27,-8110.03,-2556.04,11.04,56.1,54.1,-3.9,-17.0
05/26/2026,1630,URNM,60.88,+2.66,+4.57%,59.62,60.99,59.39,45.1,0.55,0.55,65.07,64.62,52.93,68.35,-7201.04,-5669.05,13.05,54.1,67.1,-3.5,-18.2
05/26/2026,1630,USCI,98.70,-.85,-0.85%,99.00,99.25,98.50,47.45,0.16,0.28,83.93,97.32,97.71,102.97,-2104.01,-9850.01,9.01,78.1,61.1,0.0,0.0
05/26/2026,1630,USD/JPY,159.302,+.382,+0.24%,158.952,159.374,158.905,60.104,0.026,NaN,158.665,156.768,158.213,159.998,6201.08,15937.01,12.21,0.0,0.1,0.0,18.4
05/26/2026,1630,USFD,81.30,+.83,+1.03%,80.32,81.85,80.00,32.65,0.28,0.29,91.33,83.66,75.49,86.79,-5201.09,-7952.03,14.1,53.1,69.1,-10.9,-9.9
05/26/2026,1630,USPH,62.11,+.15,+0.24%,61.55,62.935,61.05,38.86,0.91,0.44,73.89,58.19,53.04,69.36,-3203.11,-5890.11,14.11,80.1,100.4,-10.0,-0.1
05/26/2026,1630,UTI,39.97,-.09,-0.22%,39.85,41.37,38.455,57.45,0.64,0.54,34.25,31.42,34.9,42.1,2202.01,4137.01,1.04,63.1,81.4,0.2,0.0
05/26/2026,1630,UTZ,7.48,-.29,-3.73%,7.70,7.75,7.455,47.78,0.59,0.42,8.54,7.5,6.78,8.15,1205.03,-692.07,13.08,31.1,91.2,0.0,0.0
05/26/2026,1630,UUP,27.75,-.02,-0.07%,27.75,27.78,27.73,59.21,0.06,0.07,27.05,27.3,27.34,28.0,8210.03,2783.03,4.12,17.1,26.1,11.7,0.0
05/26/2026,1630,V,326.48,-2.40,-0.73%,326.455,328.50,324.51,54.7,0.33,0.24,311.95,316.16,318.7,336.04,4101.02,33343.02,2.21,37.1,100.4,-0.1,7.6
05/26/2026,1630,VET,11.84,-.46,-3.74%,11.86,12.115,11.835,41.18,0.62,0.72,10.2,11.4,11.29,13.45,-1104.02,-1158.12,18.12,94.1,90.3,-3.6,-0.1
05/26/2026,1630,VFC,16.71,+.01,+0.06%,17.00,17.11,16.25,39.51,0.44,0.54,17.74,18.18,15.08,18.82,-7111.03,-1556.03,25.03,11.1,36.3,-8.9,-13.1
05/26/2026,1630,VG,12.89,-.94,-6.80%,13.30,13.47,12.86,47.9,0.91,0.77,9.15,11.16,11.38,15.52,6101.04,1490.04,4.11,21.1,75.1,6.6,0.0
05/26/2026,1630,VGK,89.48,+1.02,+1.15%,89.42,89.79,89.10,59.15,0.23,0.2,83.85,86.1,86.0,90.2,3204.01,8979.01,1.19,80.1,91.3,1.8,3.3
05/26/2026,1630,VHT,277.31,-1.96,-0.70%,279.51,280.22,276.9601,56.96,0.14,0.16,282.33,268.39,268.52,280.42,4205.01,28022.01,1.05,64.1,40.1,0.0,2.6
05/26/2026,1630,VIK,87.73,+3.50,+4.16%,85.30,88.48,85.14,60.22,0.48,0.51,70.0,79.63,80.26,88.73,1203.01,8848.01,1.19,78.1,81.1,0.1,3.1
05/26/2026,1630,VIR,9.38,+.19,+2.07%,9.24,9.57,9.16,49.46,0.51,0.76,8.71,9.11,8.18,9.97,1202.01,-852.05,25.06,43.1,18.1,-7.4,-2.6
05/26/2026,1630,VIX,17.01,+.42,+2.53%,16.92,17.23,16.56,43.08,0.71,0.9,18.77,16.18,16.3,18.42,-5105.01,-1656.01,6.01,13.1,12.1,-3.4,0.0
05/26/2026,1630,VKTX,30.80,-.09,-0.29%,30.92,31.00,30.04,46.54,0.46,0.59,30.19,30.46,28.19,32.61,-15203.03,-2880.03,29.03,1.1,13.1,0.0,-0.3
05/26/2026,1630,VLO,241.45,-5.51,-2.23%,243.26,248.47,241.2209,47.71,0.46,0.44,196.88,227.25,232.67,263.27,-1103.02,26375.04,4.13,84.1,95.2,0.5,0.0
05/26/2026,1630,VLTO,86.05,-.75,-0.86%,86.845,86.845,85.64,44.07,0.25,0.28,93.58,86.27,84.19,87.83,-7202.04,-8470.04,19.04,81.1,79.2,-7.2,0.0
05/26/2026,1630,VMC,268.94,+8.29,+3.18%,262.42,270.81,261.23,41.86,0.28,0.3,281.35,282.8,247.9,286.55,-12201.04,-25242.05,13.05,61.1,74.1,-9.1,-15.4
05/26/2026,1630,VNM,18.87,0.12,0.64%,18.905,19.01,18.86,48.22,0.22,0.26,17.9,18.91,18.62,19.72,-3107.02,-1871.02,12.02,33.1,21.1,0,0
05/26/2026,1630,VNO,32.70,+.72,+2.25%,32.29,32.83,32.1775,64.03,0.39,0.43,25.71,28.87,30.08,32.93,2204.01,3283.01,1.04,56.1,90.2,0.5,6.8
05/26/2026,1630,VRNS,31.05,+.05,+0.16%,30.60,31.27,29.9201,71.54,0.42,0.73,21.69,26.45,26.67,32.4,20207.01,3149.02,2.31,78.1,63.1,6.9,2.3
05/26/2026,1630,VRT,323.91,-3.55,-1.08%,341.06,343.31,323.26,48.39,0.66,0.68,234.72,330.6,298.7,381.3,-3106.03,-31425.04,9.04,75.2,88.2,0.0,0.0
05/26/2026,1630,VRTX,435.93,+1.41,+0.32%,437.99,441.99,433.79,49.27,0.21,0.31,457.0,412.27,420.23,454.5,-1106.03,45345.07,7.15,40.1,27.1,0.0,0.2
05/26/2026,1630,VSCO,55.92,+3.47,+6.62%,55.00,55.97,54.1348,65.63,0.59,0.89,49.18,47.12,42.78,55.31,3204.01,5597.01,1.05,93.4,64.1,0.0,0.0
05/26/2026,1630,VTR,88.37,+.19,+0.22%,89.04,89.68,87.46,56.6,0.19,0.22,83.97,85.17,86.38,90.61,8103.04,8984.04,4.23,35.1,74.3,0.0,1.1
05/26/2026,1630,VVIX,89.55,-1.61,-1.77%,89.74,90.12,88.87,39.05,0.45,NaN,103.56,91.95,88.07,98.49,-5103.01,-8887.01,7.01,0.0,4.1,-2.3,0.0
05/26/2026,1630,VVV,33.96,+.38,+1.13%,33.71,34.21,33.13,53.45,0.43,0.42,35.87,31.58,31.0,35.74,-3204.04,-3141.04,11.04,52.1,97.4,0.0,0.0
05/26/2026,1630,VXD,16.08,+.65,+4.21%,15.84,16.33,15.74,44.45,0.78,NaN,16.41,16.05,15.19,17.01,-3104.02,-1521.02,4.03,0.0,13.1,-2.0,0.0
05/26/2026,1630,VXN:CGI,23.90,+1.08,+4.73%,23.21,24.21,23.21,50.02,0.59,NaN,23.05,22.3,22.53,25.62,-2104.02,-2235.02,6.02,0.0,14.1,0.0,1.2
05/26/2026,1630,VXX,25.64,-.78,-2.95%,25.755,25.76,25.36,32.56,0.3,0.68,27.23,27.56,25.35,28.66,-5108.01,-2536.01,7.01,21.1,19.1,0.0,-6.9
05/26/2026,1630,VZ,48.49,+.14,+0.29%,48.29,48.69,47.86,58.29,0.18,0.24,48.87,46.91,46.52,48.83,4205.01,4869.01,1.06,67.1,52.1,0.0,2.1
05/26/2026,1630,W,71.92,+4.85,+7.23%,70.00,73.41,69.6325,57.54,0.85,0.77,70.78,62.82,55.84,71.83,3204.01,7341.01,1.04,72.1,87.4,-0.2,0.0
05/26/2026,1630,WBD,27.00,-.03,-0.11%,27.00,27.04,26.90,44.67,0.08,0.22,27.81,26.85,26.89,27.36,-2103.01,-2690.01,3.01,22.2,2.1,0.0,0.3
05/26/2026,1630,WCLD,30.15,-.0601,-0.20%,30.02,30.41,29.53,60.17,0.38,0.43,26.53,28.46,27.68,30.98,3206.01,3058.02,2.08,92.1,76.1,0.2,7.1
05/26/2026,1630,WDAY,124.02,-4.12,-3.22%,126.07,127.06,122.18,48.96,0.55,0.64,129.03,121.09,115.41,132.93,1101.02,13371.02,2.08,88.4,84.3,0.0,0.0
05/26/2026,1630,WEAT,24.22,-.33,-1.34%,24.395,24.53,24.21,51.31,0.38,0.3,21.61,22.85,23.15,26.06,-1103.01,2560.09,9.13,53.1,98.4,3.8,3.0
05/26/2026,1630,WELL,218.13,+1.96,+0.91%,217.58,219.75,215.73,57.12,0.21,0.28,199.2,208.67,212.6,221.37,2201.01,22050.04,4.05,80.1,49.1,-0.1,1.5
05/26/2026,1630,WEN,7.36,-.45,-5.76%,7.83,7.86,7.36,49.4,0.79,0.56,7.09,6.37,6.78,8.77,6103.07,832.08,8.15,86.1,100.4,4.5,1.0
05/26/2026,1630,WEST,7.93,-.42,-5.03%,8.41,8.445,7.73,61.65,1.28,0.64,3.75,5.63,6.79,10.28,-1102.01,890.1,10.42,21.1,98.4,6.5,15.0
05/26/2026,1630,WFC,77.52,+1.12,+1.47%,76.91,77.67,76.765,49.89,0.28,0.32,78.94,75.55,71.0,79.83,1204.02,-7278.07,33.09,52.1,63.1,-5.5,0.0
05/26/2026,1630,WGMI,64.83,+2.90,+4.68%,64.57,66.2385,63.79,69.52,0.76,0.72,37.0,50.97,53.93,65.33,3203.01,6624.01,1.37,30.1,65.1,0.0,8.0
05/26/2026,1630,WGS,49.44,+2.13,+4.50%,48.09,50.375,46.80,47.82,2.57,0.75,68.55,32.21,35.03,52.16,3207.01,5038.01,1.13,38.1,99.4,-14.9,0.0
05/26/2026,1630,WH,80.70,+1.56,+1.97%,79.23,80.9625,78.61,47.38,0.29,0.4,77.43,79.69,76.71,83.89,-4201.03,-7679.04,27.04,81.1,50.1,-1.9,-0.5
05/26/2026,1630,WING,140.63,+.22,+0.16%,144.78,145.16,137.89,44.06,0.59,0.72,229.0,129.31,114.14,147.67,2206.01,14516.01,1.13,72.1,60.1,-7.6,0.0
05/26/2026,1630,WMS,138.09,+5.09,+3.83%,134.72,138.22,134.05,46.04,0.4,0.44,147.4,141.6,127.9,146.24,-8201.02,-12803.02,25.02,61.3,66.1,-7.8,-5.6
05/26/2026,1630,WMT,118.57,-1.70,-1.41%,120.685,121.05,117.92,31.78,0.34,0.28,121.65,128.67,118.02,135.73,-3104.01,-11792.01,4.01,47.1,98.2,0.9,0.0
05/26/2026,1630,WOOD,66.695,+.9723,+1.48%,66.20,66.76,66.155,43.34,0.2,0.32,73.01,67.8,63.45,69.26,-7201.04,-6455.04,27.04,92.4,66.1,-2.4,-9.1
05/26/2026,1630,WRBY,25.51,+.42,+1.67%,24.76,26.77,24.76,51.19,1.06,0.83,22.0,21.48,21.52,31.56,-1105.04,3020.05,11.18,80.1,91.4,0.0,0.9
05/26/2026,1630,WW,13.84,+1.05,+8.21%,12.85,14.28,12.47,62.91,1.56,1.27,20.2,8.37,8.32,13.59,2202.01,1428.01,1.12,76.3,82.4,0.1,-0.9
05/26/2026,1630,WWW,17.16,+.75,+4.57%,16.48,17.20,16.475,57.29,0.47,0.64,16.4,16.42,14.3,17.54,2203.01,1720.01,1.04,33.1,58.1,-1.1,-2.5
05/26/2026,1630,WY,23.82,+.16,+0.68%,23.88,23.935,23.70,51.14,0.22,0.29,24.03,23.51,22.59,24.11,2204.01,2394.01,1.05,40.1,27.1,-5.4,0.0
05/26/2026,1630,WYFI,31.42,+1.23,+4.07%,31.00,33.19,30.91,69.87,1.55,1.41,15.51,17.25,21.12,34.87,12203.01,3319.01,1.18,NaN,NaN,4.5,7.9
05/26/2026,1630,WYNN,97.87,+.63,+0.65%,98.19,98.82,97.11,42.49,0.31,0.41,99.11,99.6,89.21,105.33,-6201.07,-9345.04,13.07,48.1,34.1,-1.7,-3.0
05/26/2026,1630,XBI,133.35,+1.69,+1.28%,132.47,133.675,131.39,52.54,0.3,0.3,121.98,131.96,126.32,138.0,-4201.04,-12781.04,11.04,55.1,85.1,-0.8,-0.2
05/26/2026,1630,XHR,17.34,+.52,+3.09%,16.94,17.34,16.86,64.32,0.36,0.38,14.58,16.01,16.0,17.4,2204.01,1734.01,1.06,47.1,98.2,2.9,0.8
05/26/2026,1630,XIACY,19.30,+.27,+1.42%,19.03,19.30,18.90,44.43,0.36,NaN,19.67,19.34,18.6,20.6,-5107.01,-1888.02,9.02,0.0,42.1,0.0,0.0
05/26/2026,1630,XLB,50.99,+.70,+1.39%,50.68,51.165,50.65,50.47,0.21,0.29,50.51,50.89,48.61,52.65,1201.01,-4914.03,9.03,81.1,96.2,0.2,-8.9
05/26/2026,1630,XLC,115.55,+.09,+0.08%,115.63,116.075,115.07,47.27,0.11,0.17,115.87,115.19,115.01,117.46,-6105.01,-11507.01,6.01,54.2,12.1,-3.4,0.0
05/26/2026,1630,XLE,57.85,-1.64,-2.76%,58.87,59.57,57.835,47.65,0.3,0.3,54.12,55.13,55.44,61.96,4101.04,6170.04,4.12,85.1,100.4,1.6,0.7
05/26/2026,1630,XLF,51.85,-.09,-0.17%,52.00,52.23,51.72,54.52,0.11,0.2,50.08,51.14,51.01,52.13,3204.01,5223.01,1.04,46.1,6.1,0.0,0.0
05/26/2026,1630,XLG,63.62,+.06,+0.09%,63.76,63.85,63.39,69.37,0.1,0.21,56.01,61.17,62.2,64.86,14204.08,6433.08,8.4,90.2,19.1,0.0,12.1
05/26/2026,1630,XLI,174.30,+2.53,+1.47%,173.19,174.78,172.8708,55.61,0.2,0.24,170.21,171.2,168.06,176.74,1201.01,-16891.03,13.03,74.1,87.3,0.0,-1.3
05/26/2026,1630,XLK,185.14,+4.75,+2.63%,183.20,186.00,182.585,76.72,0.24,0.32,134.99,163.52,171.34,188.61,2204.01,18600.01,11.39,81.1,79.2,2.4,16.5
05/26/2026,1630,XLP,83.63,-1.17,-1.38%,84.79,84.89,83.525,46.81,0.13,0.21,85.06,83.15,83.21,86.28,-2103.01,-8353.01,4.01,87.2,65.1,1.7,1.7
05/26/2026,1630,XLRE,44.71,+.15,+0.34%,44.77,44.905,44.5501,60.21,0.13,0.12,42.92,43.85,43.44,45.12,2204.01,4491.01,1.05,4.1,43.1,0.0,0.0
05/26/2026,1630,XLU,45.33,-.02,-0.04%,45.585,45.635,45.33,50.4,0.18,0.21,45.96,44.69,43.49,45.97,2203.01,4564.01,1.05,76.1,88.3,-7.6,0.0
05/26/2026,1630,XLV,148.51,-1.38,-0.92%,149.95,150.301,148.44,56.62,0.14,0.15,152.72,143.18,143.34,150.64,9206.01,15030.01,1.11,12.1,44.1,0.2,1.6
05/26/2026,1630,XLY,119.45,+.27,+0.23%,119.73,120.235,118.695,57.72,0.15,0.18,111.81,118.05,115.26,121.12,2204.01,-11478.04,12.04,10.1,25.1,0.2,-0.9
05/26/2026,1630,XOM,149.81,-5.11,-3.30%,153.50,154.55,149.47,44.29,0.34,0.33,146.77,143.92,143.99,164.15,5101.04,16368.04,4.11,79.1,96.2,6.0,0.0
05/26/2026,1630,XOP,166.10,-5.85,-3.40%,169.72,172.10,166.02,43.44,0.37,0.37,145.61,162.24,161.97,180.62,2103.04,-16382.12,18.12,85.1,95.3,-0.5,0.0
05/26/2026,1630,XPEV,16.55,+.96,+6.16%,16.51,16.855,16.41,53.74,0.43,0.66,15.38,15.44,14.77,16.79,1201.01,1686.01,1.04,70.2,16.1,0.0,0.0
05/26/2026,1630,XRT,82.96,+.42,+0.51%,82.99,83.725,82.415,52.12,0.24,0.23,82.85,83.58,77.17,85.36,2203.01,-7786.04,25.07,35.1,85.4,-5.1,-0.9
05/26/2026,1630,XTL,240.64,+6.80,+2.91%,238.19,241.23,237.0001,69.01,0.33,0.27,177.12,219.03,218.84,238.77,2203.01,24123.01,1.05,76.1,73.1,0.0,9.2
05/26/2026,1630,XYL,111.13,+.85,+0.77%,111.11,111.765,110.265,42.71,0.29,0.32,124.85,113.45,103.3,115.96,1202.01,-10529.04,32.18,75.1,75.2,-4.5,-3.8
05/26/2026,1630,XYZ,69.17,+1.09,+1.60%,68.67,69.35,67.55,49.4,0.38,0.48,51.8,69.82,66.62,73.65,-8109.01,-6755.01,11.01,28.1,31.1,-0.3,-0.1
05/26/2026,1630,YCS,53.99,+.11,+0.20%,53.91,54.00,53.91,59.04,0.21,0.19,50.9,51.59,52.16,54.71,3210.05,-5159.14,19.14,37.2,69.4,0.0,1.2
05/26/2026,1630,YELP,22.93,+.54,+2.41%,22.15,22.99,22.15,40.18,0.63,0.44,21.28,25.0,17.56,26.08,1202.01,-2080.07,13.07,63.1,99.4,-11.2,-12.9
05/26/2026,1630,YPF,48.60,+.61,+1.27%,47.97,49.00,47.50,66.01,0.46,0.46,33.42,41.63,42.22,50.68,8206.01,4900.01,2.11,48.1,69.4,6.0,0.2
05/26/2026,1630,YUM,154.01,-1.14,-0.73%,154.87,155.70,153.85,47.94,0.23,0.25,156.75,151.71,148.62,157.29,2204.01,-14969.09,17.1,70.1,74.4,-8.2,0.0
05/26/2026,1630,YUMC,44.23,-.33,-0.74%,44.32,44.5216,43.83,28.19,0.21,0.31,50.87,46.84,42.98,47.63,-11113.01,-4383.01,14.04,37.1,20.1,-3.8,-16.4
05/26/2026,1630,ZG,36.21,-.67,-1.82%,36.42,37.40,36.06,30.38,0.33,0.62,42.5,41.58,32.65,42.02,-11116.04,-3511.04,25.04,69.1,27.1,-11.9,-11.3
05/26/2026,1630,ZM,100.09,-5.55,-5.25%,105.215,105.215,99.66,52.92,0.59,0.51,70.7,104.61,92.31,109.76,1101.02,11373.02,2.04,85.4,99.2,0.0,0.0
05/26/2026,1630,ZS,184.60,+2.23,+1.22%,184.96,191.25,181.875,74.1,0.59,0.83,140.56,134.74,151.74,195.15,12217.01,19125.01,1.31,96.4,79.1,20.9,9.1
