Date,Time,Symbol,Last,Net Chng,%Change,Open,High,Low,RSI,HistoricalVolatility,ImpVolatility,A_TrendValue,A_TradeValue,A_BB_Bottom,A_BB_Top,A_BB_Streak,A_BBHighLow,A_BBHighLowDays,A_IVPercentile,A_HVPercentile,A_BB_Top_Slope,A_BB_Bot_Slope
05/21/2026,1630,$COMP,26293.0975,+22.7382,+0.09%,26143.6159,26403.5748,26039.3738,67.04,0.16,NaN,22124.78,24913.12,25309.29,27085.25,-1202.03,2670714.06,9.38,0.0,48.1,0.8,8.7
05/21/2026,1630,$DJI,50285.66,+276.31,+0.55%,49983.80,50381.41,49697.47,62.28,0.12,NaN,47626.85,48913.06,49207.13,50455.19,1202.01,5038141.01,1.02,0.0,51.1,0.5,2.2
05/21/2026,1630,$DXY,99.190,+.098,+0.10%,99.153,99.515,99.064,56.653,0.057,NaN,97.489,97.625,97.806,99.776,7208.01,9952.01,1.1,0.0,42.1,2.2,0.0
05/21/2026,1630,/6B[M26],1.3432,+.0007,+0.05%,0,0,0,46.622,0.0753,0.0644,1.3253,1.3512,1.3283,1.3646,-5108.04,-133.04,9.04,16.1,80.2,0.2,-4.7
05/21/2026,1630,/6C[M26],.72660,+.0003,+0.04%,0,0,0,36.77362,0.03922,0.0475,0.7275,0.73435,0.72372,0.73461,-9112.01,-73.01,12.01,43.1,23.1,-1.6,-0.8
05/21/2026,1630,/6E[M26],1.16290,+.0006,+0.05%,0,0,0,40.76529,0.04905,0.061,1.15375,1.1699,1.15663,1.18078,-7108.01,-116.01,8.01,25.1,26.1,0.0,-0.9
05/21/2026,1630,/6J[M26],.0063015,+.000004,+0.06%,0,0,0,43.1291391,0.1004671,0.073,0.006337,0.006352,0.0062587,0.0064046,-4108.01,-1.01,11.03,8.1,65.4,0.0,0.0
05/21/2026,1630,/BTC[K26],77740,+45.00,+0.06%,0,0,0,50.0,0.0,0.0,62590.0,76515.0,75820.0,82576.0,-4105.0,-7665500.0,11.0,14.0,7.0,0.0,0.0
05/21/2026,1630,/BZ[N26],104.88,+2.30,+2.24%,0,0,0,49.88,0.56,NaN,69.16,96.73,99.17,113.4,3102.02,-9607.11,16.11,0.2,82.1,0.0,0.2
05/21/2026,1630,/CL[N26],98.00,+1.65,+1.71%,0,0,0,48.9,0.56,0.77,63.6,88.66,93.85,105.76,-1102.01,-8985.11,16.11,75.1,79.1,-1.2,1.5
05/21/2026,1630,/GC[M26],4544.2,+1.70,+0.04%,0,0,0,41.6,0.2,0.6,5005.0,4510.1,4438.8,4761.9,-5105.0,-445500.0,8.0,97.1,53.1,-0.6,0.0
05/21/2026,1630,/HG[N26],6.3450,+.051,+0.81%,0,0,0,56.3846,0.3213,0.3123,5.747,5.82,5.9597,6.825,-1105.04,672.07,7.13,61.1,54.2,1.2,0.0
05/21/2026,1630,/NG[M26],3.001,-.017,-0.56%,0,0,0,57.899,0.444,0.44,2.775,2.69,2.716,3.178,13218.02,314.02,2.2,8.1,17.1,10.7,5.3
05/21/2026,1630,/NKD[M26],62105,-85.00,-0.14%,0,0,0,58.0,0.0,NaN,53620.0,59120.0,59609.0,64861.0,-3105.0,-5935500.0,9.0,0.0,54.0,0.0,1.0
05/21/2026,1630,/SI[N26],77.015,+.283,+0.37%,0,0,0,48.155,0.63,0.541,78.06,72.6,69.261,89.622,-3105.02,8917.06,6.16,53.1,77.1,0.0,-0.9
05/21/2026,1630,AAAU,44.78,-.05,-0.11%,44.36,44.935,44.25,42.03,0.21,0.24,49.29,44.4,43.68,47.04,-5106.01,-4405.02,58.02,63.1,48.1,-1.2,0.0
05/21/2026,1630,AAL,13.59,+.64,+4.94%,12.70,13.60,12.65,64.56,0.5,0.59,11.77,11.63,11.73,13.83,1202.01,1360.01,1.17,78.1,56.1,0.0,4.7
05/21/2026,1630,AAPL,304.99,+2.74,+0.91%,301.055,305.54,300.40,76.15,0.19,0.25,260.13,274.86,284.82,313.04,9218.07,30554.01,7.33,15.1,31.1,7.7,17.5
05/21/2026,1630,ABBV,214.50,+2.20,+1.04%,210.95,215.64,209.50,59.83,0.24,0.28,221.13,203.56,202.62,217.1,6208.01,21564.01,1.17,40.1,43.1,1.1,6.6
05/21/2026,1630,ABNB,134.25,-1.30,-0.96%,134.665,135.07,130.15,46.69,0.24,0.36,123.77,138.23,128.19,142.06,-14101.01,-13015.01,9.01,28.1,37.1,-0.8,-3.7
05/21/2026,1630,ABR,5.91,+.13,+2.25%,5.80,5.98,5.71,30.62,0.75,0.42,7.11,7.81,4.55,7.43,-6110.05,-567.05,11.06,20.1,100.4,-5.4,-19.8
05/21/2026,1630,ABT,87.77,-.61,-0.69%,88.60,88.60,86.83,42.46,0.28,0.3,112.63,86.15,82.13,90.45,1204.03,8934.03,3.09,87.1,76.4,-3.0,0.0
05/21/2026,1630,ACHC,23.02,-1.05,-4.36%,23.85,24.05,22.43,37.2,0.66,0.62,16.48,25.23,22.16,27.2,-3105.01,-2243.01,14.01,13.1,63.2,-3.6,-5.3
05/21/2026,1630,ACHR,6.12,+.34,+5.88%,5.71,6.14,5.59,51.8,0.56,0.82,6.51,5.57,5.61,6.72,-5105.01,-559.01,7.01,26.1,21.1,0.0,0.0
05/21/2026,1630,ACI,16.27,-.78,-4.57%,16.44,16.44,15.93,44.95,0.29,0.34,17.36,15.87,15.71,17.29,-1101.01,-1593.01,2.01,67.1,64.1,0.0,0.0
05/21/2026,1630,ADBE,244.10,-9.27,-3.66%,246.45,247.95,242.11,47.27,0.36,0.55,244.28,244.1,234.43,261.31,2101.03,26509.03,3.06,92.2,73.2,0.7,0.0
05/21/2026,1630,ADYEY,10.93,-.17,-1.53%,10.81,11.02,10.6825,51.25,0.29,NaN,10.69,10.75,10.02,11.51,1203.03,-1023.05,12.06,0.0,40.1,-0.5,-2.3
05/21/2026,1630,AFK,26.94,+.13,+0.48%,26.68,27.00,26.39,46.32,0.3,0.46,26.66,26.49,25.75,29.05,-4105.01,-2631.03,9.03,79.4,70.1,0.0,0.0
05/21/2026,1630,AFRM,67.18,+.06,+0.09%,67.24,67.83,64.49,58.85,0.46,0.64,43.73,64.26,63.3,68.46,1202.01,6783.01,1.02,24.1,12.1,-0.3,0.9
05/21/2026,1630,AGCO,112.09,-2.68,-2.34%,112.28,114.14,108.25,42.78,0.44,0.41,129.39,113.17,109.16,120.59,-6107.01,-10825.01,11.01,62.1,87.4,-0.7,-1.3
05/21/2026,1630,AHR,50.13,-1.55,-3.00%,50.85,50.88,49.7821,49.32,0.29,0.28,51.41,48.94,49.14,52.07,1101.02,-4953.03,6.03,10.1,83.4,0.7,0.0
05/21/2026,1630,AIQUY,41.9500,+.88,+2.14%,41.3435,42.2200,41.2375,52.05,0.31,NaN,39.83,41.25,39.61,42.6,1202.01,4222.01,1.11,0.0,96.4,-6.8,-1.3
05/21/2026,1630,AKAM,146.24,+2.69,+1.87%,142.06,146.81,142.06,63.56,1.03,0.52,95.37,101.68,128.39,180.97,-1104.03,16545.07,7.28,65.1,99.4,7.7,10.2
05/21/2026,1630,ALB,169.90,-.31,-0.18%,171.53,171.53,167.54,38.1,0.53,0.66,157.26,187.33,159.6,208.46,-6106.01,-16714.02,7.02,53.1,28.1,0.0,-0.5
05/21/2026,1630,ALCO,40.85,-.11,-0.27%,40.71,40.89,40.34,47.38,0.2,NaN,40.19,39.96,40.09,41.53,-15202.01,-4011.02,8.02,0.0,39.1,-3.0,0.0
05/21/2026,1630,ALGN,163.04,-.34,-0.21%,162.15,165.005,160.43,42.57,0.38,0.45,176.14,167.77,149.75,174.69,-11202.02,-15158.02,23.02,52.1,51.1,-4.9,-4.3
05/21/2026,1630,ALLY,42.75,+.13,+0.31%,42.39,43.19,41.8807,50.61,0.31,0.35,37.85,42.97,40.63,44.29,-8202.02,-4062.02,23.02,35.1,62.1,-2.4,-2.0
05/21/2026,1630,ALNY,300.51,+2.03,+0.68%,296.64,301.43,293.00,49.28,0.33,0.39,315.2,288.06,284.1,305.2,2203.01,-28428.09,27.09,19.1,39.1,-1.2,0.0
05/21/2026,1630,AMAT,427.36,+.51,+0.12%,424.185,430.98,421.609,56.42,0.55,0.59,348.59,385.65,393.1,460.9,-1202.03,44845.09,9.17,76.1,76.1,0.0,0.9
05/21/2026,1630,AMBA,83.64,+.64,+0.77%,83.38,84.96,81.81,71.34,0.58,1.0,56.06,67.32,72.34,87.64,1202.01,8496.01,11.35,98.4,45.2,0.5,6.3
05/21/2026,1630,AMD,449.59,+2.01,+0.45%,441.99,451.20,431.60,69.9,0.99,0.69,188.22,338.7,372.58,510.77,-1202.03,46922.09,9.38,85.3,99.4,1.5,5.4
05/21/2026,1630,AMG,302.63,+1.29,+0.43%,299.42,302.835,295.41,55.87,0.24,0.38,291.06,285.96,292.18,309.28,-4202.01,-29125.04,11.04,74.1,35.1,0.0,2.3
05/21/2026,1630,AMH,32.11,-.09,-0.28%,32.06,32.25,31.825,59.47,0.25,0.34,28.84,31.61,30.82,32.73,1204.01,-3089.04,11.04,62.2,91.4,0.0,4.2
05/21/2026,1630,AMLP,54.18,-.22,-0.40%,54.66,54.88,53.93,57.26,0.16,0.18,50.98,52.54,52.9,55.1,5206.01,5488.01,1.25,93.2,92.4,0.8,7.3
05/21/2026,1630,AMN,25.65,-1.21,-4.50%,26.59,26.77,25.62,54.37,1.07,0.61,18.67,20.36,21.83,34.18,-1103.02,3117.06,7.12,5.1,100.4,5.0,4.3
05/21/2026,1630,AMPH,18.16,+.08,+0.44%,18.07,18.37,17.755,40.05,0.96,0.6,19.81,21.64,14.4,22.64,-7110.04,-1665.04,11.06,46.1,90.4,0.0,-15.2
05/21/2026,1630,AMZN,268.46,+3.45,+1.30%,263.50,269.4899,261.37,60.81,0.23,0.31,202.48,262.74,258.63,275.27,-6201.01,-25953.02,13.02,24.1,22.1,0.0,0.0
05/21/2026,1630,AN,186.43,+1.76,+0.95%,182.51,188.2499,180.01,40.0,0.34,0.36,184.58,199.26,171.6,204.28,-10109.02,-17662.02,15.02,58.1,92.2,-3.7,-13.7
05/21/2026,1630,AQWA,18.555,+.065,+0.35%,18.35,18.605,18.35,37.89,0.16,0.2,19.89,18.92,18.11,19.27,-9118.02,-1825.02,30.02,59.1,78.2,-9.6,-16.6
05/21/2026,1630,AR,37.04,-.94,-2.47%,38.35,38.425,36.97,44.67,0.32,0.41,33.07,36.76,35.12,39.76,2101.03,-3584.08,16.08,34.1,18.1,0.0,0.0
05/21/2026,1630,ARE,47.85,+.01,+0.02%,47.40,48.25,47.01,56.96,0.62,0.46,49.5,40.04,42.75,50.45,2213.06,-4004.15,24.15,57.1,90.4,0.1,6.3
05/21/2026,1630,ARGT,92.06,+1.99,+2.21%,89.78,92.07,89.29,53.79,0.31,0.29,83.46,89.22,86.36,93.47,1202.01,-8705.04,11.04,37.1,66.2,-0.4,-4.8
05/21/2026,1630,ARHS,6.39,+.40,+6.68%,6.00,6.435,5.83,45.7,0.65,0.77,7.32,6.96,4.91,7.31,-9201.06,-557.02,22.07,64.1,82.2,-10.0,-11.8
05/21/2026,1630,ARKK,76.62,+.78,+1.03%,75.28,76.905,74.91,51.87,0.33,0.4,69.91,75.44,73.11,80.31,-4105.02,-7367.02,9.02,20.1,33.1,0.0,0.0
05/21/2026,1630,ARQQ,16.45,+3.36,+25.67%,13.955,17.40,13.81,61.25,1.06,1.27,15.26,13.95,11.79,16.41,1201.01,1740.01,1.02,71.2,69.1,0.0,-0.2
05/21/2026,1630,AS,35.33,+.49,+1.41%,34.49,35.83,34.37,53.63,0.42,0.49,35.21,33.91,31.75,37.0,1202.03,-3261.06,10.06,27.1,54.1,-0.1,-3.4
05/21/2026,1630,ASBFF,25.76,0,0.00%,0,0,0,47.51,1.44,NaN,NaN,26.59,NaN,NaN,NaN,0.0,0.0,NaN,NaN,NaN,NaN
05/21/2026,1630,ASO,51.03,+.43,+0.85%,49.80,51.465,49.25,42.4,0.39,0.54,57.31,51.54,47.91,54.01,-16201.02,-4831.03,25.02,70.2,30.1,-9.7,-2.8
05/21/2026,1630,ATRO,79.89,-5.10,-6.00%,84.12,84.375,79.17,55.11,0.62,0.58,69.72,69.53,72.17,87.03,4213.01,8627.02,2.16,52.1,72.2,6.7,3.1
05/21/2026,1630,AVB,184.11,-2.58,-1.38%,185.05,185.84,180.50,56.07,0.25,0.21,174.37,182.01,181.19,188.21,-3101.01,-18050.01,16.01,15.1,82.4,0.0,11.7
05/21/2026,1630,AVGO,414.57,-3.19,-0.76%,413.55,422.25,410.50,53.28,0.4,0.57,307.2,409.53,406.36,436.66,-4104.01,-41050.01,6.01,82.2,54.2,0.0,1.8
05/21/2026,1630,AVO,11.94,-.39,-3.16%,12.22,12.24,11.92,33.58,0.33,0.7,13.83,13.23,11.21,13.64,-8114.04,-1191.04,31.07,97.4,58.1,-4.3,-11.2
05/21/2026,1630,AVTR,7.87,-.01,-0.13%,7.85,7.93,7.69,46.86,0.38,0.61,8.43,7.73,7.42,8.39,-6107.02,-742.02,11.02,70.1,37.2,-0.9,0.0
05/21/2026,1630,AWI,157.15,-.20,-0.13%,155.72,158.02,153.89,39.53,0.3,0.33,166.26,162.42,149.78,166.58,-8119.02,-15198.03,28.03,74.1,79.1,-7.4,-2.0
05/21/2026,1630,AXP,309.70,-.12,-0.04%,308.55,310.75,305.61,43.29,0.18,0.29,299.75,314.5,304.41,319.85,-11111.01,-30561.01,25.01,27.1,2.1,-2.4,-0.6
05/21/2026,1630,AZO,3438.18,+18.82,+0.55%,3398.78,3491.59,3390.99,47.77,0.3,0.41,3561.57,3460.0,3246.63,3561.25,-10202.04,-328000.04,15.04,96.3,82.1,-3.8,-8.1
05/21/2026,1630,B,41.28,+.34,+0.83%,40.17,41.85,40.10,48.72,0.58,0.46,44.83,38.21,37.44,47.48,-2105.03,4662.08,8.17,45.1,91.4,0.0,0.0
05/21/2026,1630,BA,219.61,-2.59,-1.17%,219.39,221.17,215.72,45.31,0.36,0.35,221.11,221.04,210.43,241.77,-5106.01,-21572.01,6.02,53.1,79.3,0.0,-0.3
05/21/2026,1630,BABA,131.47,-3.00,-2.23%,129.55,131.755,128.09,45.67,0.51,0.42,133.4,131.36,127.43,145.14,-2105.01,-12809.01,7.01,26.1,75.4,0.0,0.0
05/21/2026,1630,BAC,51.49,+.26,+0.51%,51.00,51.50,50.755,50.49,0.21,0.27,48.5,52.0,48.44,53.41,-6202.05,-4930.05,11.05,16.1,50.1,-1.5,-6.4
05/21/2026,1630,BALL,56.35,-.46,-0.81%,56.34,56.86,55.69,39.94,0.34,0.29,64.3,57.06,52.99,60.09,-8101.05,-5458.03,25.13,38.1,91.4,-10.0,-9.5
05/21/2026,1630,BBN,15.59,-.03,-0.19%,15.58,15.67,15.56,32.62,0.1,NaN,16.51,15.98,15.36,16.21,-6108.02,-1551.02,8.02,0.0,61.1,0.0,-11.3
05/21/2026,1630,BBWI,17.32,+.44,+2.61%,16.63,17.44,16.579,42.32,0.55,0.76,21.18,18.29,15.37,19.97,-6107.02,-1574.02,22.02,95.4,70.1,0.0,-3.1
05/21/2026,1630,BBY,61.15,+.17,+0.28%,60.23,61.4114,59.86,54.8,0.34,0.52,60.51,56.68,55.27,61.67,3204.01,6141.01,1.06,84.3,49.2,0.0,0.0
05/21/2026,1630,BCO,104.79,-1.86,-1.74%,105.25,106.11,103.18,46.49,0.35,0.29,107.87,103.03,101.73,108.58,-13101.02,-10151.02,23.02,43.1,76.1,-2.1,-0.5
05/21/2026,1630,BDRY,12.50,+.39,+3.22%,12.30,12.58,12.30,56.05,0.43,0.48,11.25,11.57,11.62,13.72,-1103.02,1333.07,7.2,6.1,59.1,0.3,0.0
05/21/2026,1630,BEAM,27.67,+.56,+2.07%,26.29,27.78,26.04,44.94,0.81,0.56,26.7,28.5,24.82,33.03,-6106.01,-2604.01,9.01,14.1,73.4,0.0,-0.7
05/21/2026,1630,BEPC,37.62,+.68,+1.84%,37.10,37.81,36.815,48.17,0.55,0.43,40.38,34.4,35.64,38.39,-1202.03,-3564.03,31.03,65.2,94.4,-16.6,0.3
05/21/2026,1630,BIDU,131.18,-4.04,-2.99%,130.588,132.42,129.74,48.97,0.67,0.51,115.6,125.38,124.39,152.54,-2105.01,15237.07,7.38,63.3,97.4,0.0,4.9
05/21/2026,1630,BIO,286.74,-1.12,-0.39%,285.77,290.555,281.86,60.82,0.62,0.36,267.82,242.28,235.83,296.2,4204.01,29056.01,1.13,22.1,91.4,0.0,0.0
05/21/2026,1630,BIP,39.75,+.56,+1.43%,39.50,40.165,39.13,69.75,0.23,0.17,38.33,35.14,36.78,40.39,9213.01,4017.01,1.16,4.3,81.1,13.1,8.6
05/21/2026,1630,BIRK,39.67,+6.46,+19.45%,36.74,40.18,36.27,57.53,0.98,0.5,38.21,36.78,29.22,41.57,1201.01,4018.01,1.04,41.1,100.4,-1.4,-13.1
05/21/2026,1630,BITO,10.60,0,0.00%,10.54,10.67,10.46,49.6,0.27,0.41,8.68,10.69,10.33,11.26,-5105.01,-1046.01,12.01,15.1,1.1,0.0,0.0
05/21/2026,1630,BJ,94.43,-.92,-0.96%,93.00,94.84,92.00,49.22,0.27,0.41,95.88,91.9,91.32,98.6,-1101.01,-9200.01,3.01,73.2,38.1,0.1,0.2
05/21/2026,1630,BJRI,44.40,+.53,+1.21%,43.22,44.555,43.21,70.32,0.35,0.37,35.05,36.29,38.9,46.71,4213.08,4456.01,9.12,14.1,43.1,9.9,1.5
05/21/2026,1630,BK,137.16,0,0.00%,0,0,0,64.52,0.16,0.29,114.11,131.17,130.78,138.55,6207.01,13863.01,1.1,68.1,29.1,0.0,0.5
05/21/2026,1630,BKNG,159.68,+2.73,+1.74%,155.25,160.42,153.51,42.42,0.34,0.44,155.2,164.05,146.02,170.86,-11201.02,-15014.02,25.07,90.2,67.1,-8.4,-5.0
05/21/2026,1630,BKV,28.55,-.60,-2.06%,29.48,29.685,28.28,46.92,0.43,0.48,28.13,29.8,25.97,31.64,-6101.06,-2742.06,16.09,39.1,57.2,-0.9,-1.9
05/21/2026,1630,BLDR,73.86,+2.63,+3.69%,69.68,74.065,67.88,43.59,0.59,0.63,94.17,73.4,65.49,79.58,-8201.01,-6510.02,23.02,87.2,98.2,-15.7,0.0
05/21/2026,1630,BLK,1063.75,+12.18,+1.16%,1048.88,1065.37,1045.12,51.84,0.26,0.29,1029.0,1047.52,1034.27,1110.72,-3103.01,-104512.01,6.01,71.1,58.1,0.0,0.0
05/21/2026,1630,BLMN,7.75,-.11,-1.40%,7.74,7.815,7.45,59.58,1.3,0.77,5.6,5.53,6.46,9.69,-1104.03,873.09,9.14,46.1,89.4,2.4,3.2
05/21/2026,1630,BLOK,64.30,+2.01,+3.23%,62.21,64.33,62.18,59.29,0.38,0.33,51.34,59.76,60.0,67.29,-3201.02,-5961.03,9.03,6.1,48.1,0.0,4.4
05/21/2026,1630,BNDD,97.1941,+.4718,+0.49%,97.1941,97.1941,97.1941,47.75,0.07,0.09,97.0,97.37,95.89,98.26,1201.01,-9619.03,12.03,3.1,9.1,0.1,-7.7
05/21/2026,1630,BNO,55.56,-.08,-0.14%,57.54,57.92,54.41,52.74,0.56,0.82,33.15,53.09,52.31,60.38,2102.04,5949.04,4.11,85.1,84.1,-0.1,3.9
05/21/2026,1630,BOOT,154.49,+12.22,+8.59%,141.01,154.70,139.57,49.03,0.53,0.51,177.55,163.84,126.41,171.99,-7201.04,-13753.03,11.06,46.1,87.1,-0.2,-13.0
05/21/2026,1630,BP,44.87,-.26,-0.58%,45.725,45.85,44.625,48.13,0.26,0.33,37.27,44.53,42.63,47.02,1204.03,-4322.1,16.1,65.1,54.1,-0.9,0.0
05/21/2026,1630,BRBR,9.05,+.08,+0.89%,8.88,9.10,8.54,26.01,1.82,0.9,16.93,9.22,3.78,11.42,1203.03,-853.02,14.1,87.3,99.4,-24.4,-20.0
05/21/2026,1630,BRCB,6.58,+.21,+3.30%,6.37,6.61,6.13,19.32,1.33,0.91,11.51,11.3,4.28,10.62,-13123.04,-613.01,25.05,NaN,NaN,-18.5,-32.7
05/21/2026,1630,BRKR,44.98,+.72,+1.63%,44.26,45.2175,43.34,65.09,0.57,0.54,37.58,35.7,38.8,49.17,-1202.03,4524.07,9.16,33.1,67.4,3.3,11.0
05/21/2026,1630,BROS,53.46,-1.65,-2.99%,54.25,55.16,52.80,50.26,0.58,0.49,46.52,54.94,46.55,58.59,1204.01,-4832.07,12.07,19.1,75.2,-0.5,-1.1
05/21/2026,1630,BTAL,12.24,-.13,-1.05%,12.33,12.37,12.18,44.23,0.26,0.47,13.6,11.84,11.76,12.67,4205.02,1261.02,2.09,78.3,90.4,0.0,0.0
05/21/2026,1630,BTC,34.34,+.01,+0.03%,34.14,34.51,33.88,50.2,0.27,0.36,27.79,34.54,33.46,36.44,-5105.01,-3388.01,12.01,11.1,2.1,0.0,0.0
05/21/2026,1630,BTC-USD,-60.81,.79,-1.28%,-60.48,-58.16,-63.50,35.93,1.21,0.61,-32.36,-53.01,-75.38,-46.72,-19201.06,7014.06,37.06,45.1,25.1,-4.3,-4.4
05/21/2026,1630,BTI,65.73,+.43,+0.66%,65.23,66.49,65.20,65.69,0.32,0.29,59.42,58.11,59.3,70.35,11209.04,6730.06,6.23,56.2,98.4,23.8,11.0
05/21/2026,1630,BUD,83.36,+.85,+1.03%,82.70,83.66,82.248,71.49,0.36,0.23,75.82,73.33,78.24,86.96,-1202.03,8366.01,11.21,27.1,87.4,5.8,20.7
05/21/2026,1630,BULL,6.61,-.38,-5.44%,6.95,7.205,6.46,45.42,0.39,0.92,5.47,6.76,6.66,7.33,-8105.01,-646.01,6.01,36.1,4.1,-0.5,0.0
05/21/2026,1630,BURL,316.04,+5.85,+1.89%,307.52,319.22,304.42,54.25,0.41,0.51,288.96,304.77,275.14,322.81,1202.01,31922.01,1.07,90.2,74.1,-1.6,-3.4
05/21/2026,1630,BUXX,20.26,0,0.00%,20.25,20.26,20.25,55.42,0.02,NaN,20.24,20.2,20.22,20.27,2207.01,2026.02,1.03,0.0,36.3,-12.9,0.0
05/21/2026,1630,BXP,60.13,+.23,+0.38%,59.07,60.34,58.81,59.95,0.23,0.32,53.36,57.91,58.35,60.43,1202.01,6034.01,1.02,38.1,24.1,0.0,2.7
05/21/2026,1630,BYD,79.65,+.38,+0.48%,78.40,79.955,77.40,40.08,0.34,0.28,78.44,81.78,75.41,85.84,-11109.01,-7732.02,18.05,39.1,83.3,-5.5,-14.9
05/21/2026,1630,BYDDF,11.5900,+.01,+0.09%,11.5000,11.6240,11.4800,30.09,0.31,NaN,11.91,12.6,11.21,13.42,-14123.01,-1148.01,26.01,0.0,20.1,-0.7,-6.0
05/21/2026,1630,C,125.22,+.40,+0.32%,124.03,125.45,123.28,51.39,0.24,0.32,106.2,124.6,119.86,129.09,-8202.02,-11989.02,10.02,31.1,43.1,0.0,-5.4
05/21/2026,1630,CACC,547.98,-9.96,-1.79%,550.47,556.9199,529.08,60.48,0.32,0.13,461.67,497.15,510.76,574.6,7213.02,56294.02,4.35,0.1,23.1,2.5,2.3
05/21/2026,1630,CAG,13.38,-.38,-2.76%,13.65,13.66,13.14,35.0,0.26,0.39,18.31,13.61,13.28,14.26,-1102.01,-1314.01,6.01,93.2,42.1,-0.7,-2.2
05/21/2026,1630,CAH,200.61,+1.38,+0.69%,198.07,201.24,197.88,53.03,0.34,0.28,220.89,187.22,180.8,207.15,4206.02,20398.03,3.1,35.1,79.4,0.0,0.0
05/21/2026,1630,CAKE,60.57,+.27,+0.45%,59.58,60.63,58.5367,51.8,0.39,0.39,60.08,59.01,56.99,62.37,-4202.05,-5724.06,12.06,34.1,78.2,-2.6,-0.8
05/21/2026,1630,CAMT,160.59,+1.22,+0.77%,157.23,161.20,154.795,41.84,0.92,0.72,155.75,178.9,137.78,204.18,-7108.02,-14757.03,9.03,77.1,99.4,0.0,-9.1
05/21/2026,1630,CANE,10.05,+.07,+0.70%,10.09,10.09,10.01,54.26,0.27,0.37,9.19,9.86,9.76,10.32,-1201.05,1033.13,13.29,80.3,94.3,0.0,12.5
05/21/2026,1630,CARR,62.18,-1.41,-2.22%,61.65,63.355,61.12,46.23,0.49,0.42,60.27,64.08,60.61,67.93,-4105.01,-6112.01,11.01,76.1,87.3,0.0,0.0
05/21/2026,1630,CASY,824.80,-27.71,-3.25%,843.38,847.295,809.45,50.5,0.32,0.43,658.05,821.0,825.33,888.69,-2105.01,-80945.01,13.01,99.4,87.4,0.0,11.9
05/21/2026,1630,CAT,865.95,-6.61,-0.76%,864.90,872.665,858.60,52.6,0.47,0.38,706.6,869.59,844.56,929.79,-5105.01,-85706.02,11.02,64.1,91.4,0.0,8.0
05/21/2026,1630,CAVA,81.27,+.74,+0.92%,79.60,81.99,76.06,46.56,0.54,0.57,66.15,88.0,67.99,89.26,1202.02,8888.02,2.07,38.3,66.1,-6.7,-2.7
05/21/2026,1630,CBRL,31.79,+1.81,+6.04%,29.92,31.88,29.19,57.67,0.56,0.72,30.3,28.5,28.37,32.11,1202.01,3188.01,1.02,81.2,68.2,-1.7,-0.1
05/21/2026,1630,CCK,96.46,-.91,-0.93%,96.21,97.585,94.64,39.63,0.23,0.26,111.12,98.11,94.3,101.54,-5106.01,-9464.01,9.01,21.1,35.1,-0.4,0.0
05/21/2026,1630,CCL,26.18,+.15,+0.58%,25.44,26.4851,24.91,50.87,0.53,0.59,27.11,25.25,23.5,27.35,-6202.02,-2345.02,25.02,87.1,72.1,-0.1,-3.1
05/21/2026,1630,CCRN,13.05,-.06,-0.46%,13.11,13.14,13.05,75.97,0.95,1.57,8.56,10.06,11.79,15.19,-1102.02,1318.04,9.68,87.4,93.4,17.6,20.0
05/21/2026,1630,CELH,29.70,+1.07,+3.74%,28.51,29.76,28.38,40.16,0.53,0.59,47.05,31.8,25.69,34.05,-7110.06,-2780.06,10.06,44.1,66.1,-0.1,-8.8
05/21/2026,1630,CF,121.69,-1.61,-1.31%,124.82,125.42,120.7845,48.15,0.55,0.54,93.64,119.36,115.85,131.52,2102.07,13002.07,7.09,83.1,83.1,0.7,0.4
05/21/2026,1630,CFG,62.78,-.05,-0.08%,62.44,62.98,62.05,50.3,0.24,0.29,58.59,63.34,59.06,65.24,-6202.05,-5975.05,11.05,32.1,44.1,0.0,-6.9
05/21/2026,1630,CFLT,30.99,0,0.00%,0,0,0,73.35,0.04,0.16,29.95,30.6,30.58,30.94,1201.01,3100.01,1.27,19.4,14.1,0.0,0.0
05/21/2026,1630,CFRUY,20.099,+.029,+0.14%,19.780,20.250,19.660,56.73,0.38,NaN,17.92,18.37,18.78,20.95,3202.1,2044.1,10.17,0.0,86.3,0.2,4.1
05/21/2026,1630,CG,45.13,-.19,-0.42%,45.00,45.39,44.23,36.07,0.37,0.45,49.1,49.41,43.77,51.58,-6105.01,-4423.01,12.01,61.1,65.1,-0.6,0.0
05/21/2026,1630,CHD,95.64,-.48,-0.50%,95.62,96.302,94.19,52.15,0.26,0.26,101.67,90.66,91.58,97.82,4207.02,9774.03,3.08,52.1,87.4,0.0,0.0
05/21/2026,1630,CHDN,85.53,-.10,-0.12%,85.12,86.65,83.76,38.87,0.36,0.37,85.84,90.11,79.33,91.93,-5114.09,-8376.01,18.09,66.1,73.4,-18.7,-1.7
05/21/2026,1630,CHEF,78.08,+.74,+0.96%,76.46,78.59,74.62,60.07,0.64,0.32,60.2,76.37,76.61,82.0,-4105.01,-7462.01,14.01,1.1,95.4,0.0,21.0
05/21/2026,1630,CHH,111.49,-.77,-0.69%,107.86,112.50,104.18,55.42,0.7,0.46,101.2,96.9,100.44,114.33,3208.01,11250.01,1.13,98.4,98.4,-9.7,0.0
05/21/2026,1630,CHPT,6.83,+.60,+9.63%,6.18,6.89,6.135,59.67,0.54,1.08,5.95,6.09,6.06,6.9,-3201.01,-614.01,1.01,68.2,31.1,-1.0,0.2
05/21/2026,1630,CHRD,142.85,-2.70,-1.86%,148.11,148.20,141.01,52.46,0.38,0.47,101.54,136.88,135.58,152.97,4101.02,15145.03,3.11,86.2,71.1,0.0,2.6
05/21/2026,1630,CHTR,148.90,+4.29,+2.97%,144.54,149.14,141.86,35.26,1.15,0.55,225.0,156.14,128.62,165.41,-1201.05,15537.06,7.16,72.2,96.4,0.0,0.0
05/21/2026,1630,CHWY,19.93,-.24,-1.19%,19.65,20.24,19.51,28.49,0.48,0.75,24.31,24.16,18.16,23.67,-12121.02,-1930.02,23.02,97.4,67.1,-19.3,-20.7
05/21/2026,1630,CI,282.02,-1.08,-0.38%,281.52,285.48,279.6749,48.14,0.31,0.29,271.78,274.01,274.09,302.07,-1102.01,30090.06,6.37,23.1,70.2,0.0,0.3
05/21/2026,1630,CLOX,25.585,0,0.00%,25.61,25.61,25.58,56.25,0.02,NaN,25.42,25.48,25.49,25.61,3206.01,2561.01,1.12,0.0,71.2,-1.3,0.0
05/21/2026,1630,CLOZ,26.43,-.035,-0.13%,26.43,26.47,26.43,64.64,0.02,NaN,25.35,26.16,26.33,26.5,2211.02,2648.15,2.33,0.0,35.1,-1.0,2.1
05/21/2026,1630,CLX,95.17,+.91,+0.97%,93.50,96.16,91.77,50.6,0.48,0.35,120.64,84.7,86.85,97.39,2207.01,9616.01,1.13,75.1,98.4,-2.0,0.0
05/21/2026,1630,CMCSA,25.08,+.20,+0.80%,24.86,25.14,24.56,35.94,0.51,0.32,30.27,26.22,23.42,26.89,-1106.05,-2453.07,20.16,37.1,92.4,0.0,0.0
05/21/2026,1630,CMG,32.80,-.16,-0.49%,32.53,33.01,32.07,47.19,0.32,0.39,35.46,31.72,31.75,33.74,-1205.01,3395.03,3.14,42.1,52.1,0.0,0.0
05/21/2026,1630,CMI,638.78,-31.09,-4.64%,664.05,667.45,630.43,44.71,0.46,0.39,552.1,653.74,633.55,729.52,-3104.01,-63043.01,11.01,86.2,92.2,0.0,1.1
05/21/2026,1630,CNA,44.33,-.10,-0.23%,44.28,44.45,43.74,43.53,0.34,NaN,46.77,42.77,41.13,45.71,1204.03,-4248.07,15.11,31.1,98.4,-10.7,0.0
05/21/2026,1630,CNC,57.77,-.51,-0.88%,57.74,58.65,57.48,73.52,0.59,0.42,41.75,52.0,53.66,62.13,1101.02,6076.02,16.49,12.1,73.2,0.0,0.0
05/21/2026,1630,CNH,10.15,-.21,-2.03%,10.20,10.30,9.895,41.35,0.39,0.38,11.68,10.07,9.97,11.01,-4106.01,-990.01,8.01,46.1,81.1,0.0,0.0
05/21/2026,1630,CNX,35.55,-.98,-2.68%,36.65,36.655,35.51,38.39,0.28,0.34,37.31,36.28,34.43,38.07,-10101.07,-3510.07,17.09,25.1,38.1,-2.6,0.0
05/21/2026,1630,COAL,24.78,-.02,-0.08%,24.5373,24.9261,24.5373,41.54,0.21,0.34,24.32,25.53,24.1,25.94,-9108.03,-2450.02,13.04,33.1,8.1,-1.7,-2.8
05/21/2026,1630,COCO,78.83,+.95,+1.22%,77.95,79.35,77.00,77.77,0.93,0.59,51.48,65.64,67.72,84.44,1203.03,7970.04,15.2,73.1,94.4,0.0,2.7
05/21/2026,1630,COF,186.66,-.57,-0.30%,185.72,186.68,182.54,46.32,0.26,0.34,187.5,188.85,178.96,193.1,-11202.02,-18000.02,25.02,42.1,35.1,-3.3,-2.7
05/21/2026,1630,COIN,193.56,+2.27,+1.19%,189.805,195.70,187.67,48.85,0.65,0.71,152.7,189.86,183.48,214.93,-3105.01,-18767.01,6.01,54.1,46.1,0.0,0.0
05/21/2026,1630,COM,34.44,-.30,-0.86%,34.65,34.65,34.36,51.4,0.14,0.15,31.54,34.22,34.07,35.52,-1102.05,3562.07,7.3,56.1,92.4,0.0,1.0
05/21/2026,1630,COP,120.55,-1.81,-1.48%,124.01,124.41,119.80,48.54,0.33,0.35,108.11,117.42,112.9,127.8,3205.02,-11380.09,16.09,62.1,81.3,0.0,0.0
05/21/2026,1630,COPJ,41.80,0,0.00%,41.50,42.27,41.00,47.47,0.51,0.51,44.37,39.45,38.66,47.62,-2105.03,4753.07,7.16,70.1,74.2,0.0,0.0
05/21/2026,1630,COPX,83.02,+.71,+0.86%,80.59,83.88,80.45,50.02,0.52,0.5,83.4,76.53,75.88,93.53,-2105.03,9277.07,7.17,68.1,79.1,0.0,0.0
05/21/2026,1630,CORN,18.31,-.11,-0.60%,18.42,18.505,18.25,46.17,0.23,0.26,17.53,18.44,18.02,19.1,-2102.05,-1812.05,15.05,87.2,100.4,-0.1,0.0
05/21/2026,1630,COST,1050.45,-23.56,-2.19%,1063.405,1064.73,1039.01,57.05,0.22,0.27,983.53,992.42,993.3,1105.13,6208.02,108974.02,2.09,77.2,90.2,10.3,1.2
05/21/2026,1630,CP,86.71,+.37,+0.43%,85.76,87.62,85.29,57.21,0.27,0.27,84.49,82.65,83.69,87.78,4204.01,8762.01,1.35,72.1,88.4,0.0,3.7
05/21/2026,1630,CPAY,347.46,-3.02,-0.86%,345.66,352.22,342.215,62.92,0.51,0.4,316.36,298.46,304.81,371.85,5210.03,35497.03,3.16,71.1,90.4,10.4,0.6
05/21/2026,1630,CPER,38.58,+.01,+0.03%,38.08,38.72,37.95,56.07,0.33,0.33,35.22,35.33,36.51,41.57,-1105.05,4078.07,7.14,67.2,65.2,2.5,1.9
05/21/2026,1630,CPNG,15.73,+.11,+0.70%,15.54,15.80,15.23,32.0,0.63,0.48,17.66,16.89,12.89,18.41,-8201.07,-1503.02,25.08,71.1,90.4,-13.3,-13.9
05/21/2026,1630,CPRI,18.38,+.54,+3.03%,17.70,18.455,17.44,48.64,0.42,0.79,18.33,18.28,16.2,19.36,-9202.07,-1681.02,23.07,95.4,36.1,-4.9,-2.3
05/21/2026,1630,CPT,106.17,-.12,-0.11%,106.01,106.56,104.085,59.12,0.2,0.22,106.79,102.8,103.04,106.6,3204.01,10656.01,1.04,36.1,47.3,-0.6,3.1
05/21/2026,1630,CRCL,114.88,+3.26,+2.92%,111.00,117.935,110.43,53.24,1.1,0.89,59.46,92.21,102.89,133.86,-1105.04,14000.08,8.16,NaN,NaN,0.0,4.6
05/21/2026,1630,CRI,37.56,+.45,+1.21%,36.83,37.93,36.285,58.25,0.66,0.52,32.54,32.57,31.83,38.47,3204.01,3793.01,1.13,7.1,81.2,-1.8,0.0
05/21/2026,1630,CRM,176.31,-3.79,-2.10%,175.38,177.34,171.99,47.1,0.39,0.57,176.28,178.75,163.58,189.01,1204.03,18744.03,3.06,92.4,72.3,0.0,-0.5
05/21/2026,1630,CRSP,49.90,+1.35,+2.78%,47.71,50.05,47.34,45.88,0.67,0.56,53.75,49.38,45.76,55.39,-6106.01,-4720.02,9.02,2.1,65.2,-1.1,0.0
05/21/2026,1630,CRWD,648.23,-1.88,-0.29%,650.52,659.55,642.05,85.71,0.38,0.61,345.05,445.57,555.96,684.49,13215.01,65955.01,3.3,94.3,55.1,33.6,23.9
05/21/2026,1630,CSCO,118.20,+3.85,+3.37%,114.13,118.60,113.57,79.49,0.52,0.37,77.07,91.0,99.56,128.64,14217.04,11939.04,4.35,84.3,92.4,37.4,10.2
05/21/2026,1630,CSX,45.90,-.04,-0.09%,45.83,46.255,45.64,61.19,0.2,0.25,41.8,44.47,44.31,46.7,5206.01,4674.02,2.06,27.1,44.4,0.0,1.8
05/21/2026,1630,CTA,30.94,-.42,-1.34%,31.78,31.89,30.605,47.95,0.3,0.24,29.6,30.79,30.38,32.84,-1102.01,-3061.01,4.01,64.2,88.3,-0.5,4.4
05/21/2026,1630,CUBE,40.11,+.48,+1.21%,39.39,40.175,38.98,54.88,0.26,0.28,39.3,38.87,38.2,41.15,-3202.03,-3824.03,8.03,29.1,79.2,0.0,-1.2
05/21/2026,1630,CURB,28.69,+.28,+0.99%,28.27,28.69,27.94,63.02,0.22,0.31,27.41,27.16,27.38,28.65,4204.01,2869.01,1.44,43.1,60.3,-2.2,1.8
05/21/2026,1630,CVNA,64.39,-.52,-0.80%,64.21,65.40,62.93,34.75,0.37,0.71,59.86,73.51,58.68,78.63,-8110.02,-6109.02,10.02,52.1,8.1,-9.2,-10.1
05/21/2026,1630,CVS,93.32,+.04,+0.04%,93.16,93.93,92.56,65.57,0.39,0.29,72.92,80.4,85.96,104.03,-1102.01,9843.06,7.44,9.1,87.4,10.0,1.1
05/21/2026,1630,CVX,191.01,-.32,-0.17%,193.79,194.16,189.00,51.61,0.27,0.31,181.76,183.14,180.41,199.26,4205.02,19819.02,2.1,81.1,85.2,1.7,0.0
05/21/2026,1630,CWH,7.38,+.34,+4.83%,6.80,7.47,6.80,53.0,0.97,0.78,7.55,7.28,6.22,7.84,-4202.04,-646.07,11.07,73.1,89.4,-0.2,-2.0
05/21/2026,1630,CZR,27.90,+.35,+1.27%,27.43,28.105,27.11,54.46,0.45,0.45,19.67,27.31,25.99,28.79,-4205.06,-2618.06,10.06,6.1,48.1,0.3,0.0
05/21/2026,1630,D,68.29,+.56,+0.83%,67.60,68.49,67.58,69.49,0.37,0.24,60.77,61.61,60.42,69.76,4204.01,6849.01,1.1,55.1,99.4,4.0,-0.2
05/21/2026,1630,DAL,75.65,+1.53,+2.06%,72.90,75.70,72.61,63.68,0.44,0.5,61.15,67.6,67.6,76.57,1202.01,7570.01,1.02,53.1,58.1,0.5,3.0
05/21/2026,1630,DAPP,21.53,+1.02,+4.97%,20.57,21.545,20.57,59.22,0.59,0.76,14.94,19.0,19.24,23.22,-2201.03,-1921.03,9.03,70.1,46.1,0.0,5.1
05/21/2026,1630,DAR,57.86,-1.12,-1.90%,59.30,60.1099,57.81,36.01,0.26,0.43,51.36,61.94,57.54,65.31,-6107.01,-5781.01,13.01,6.1,9.1,0.0,0.0
05/21/2026,1630,DASH,159.27,-1.46,-0.91%,157.70,162.32,155.19,46.14,0.47,0.52,161.18,164.36,143.68,172.95,-6202.02,-14681.02,11.02,52.1,67.1,-4.5,-1.8
05/21/2026,1630,DDOG,218.04,+5.80,+2.73%,211.50,219.155,209.56,82.97,0.99,0.58,98.01,135.38,180.12,254.32,14201.08,22035.02,9.29,57.1,96.4,19.7,27.5
05/21/2026,1630,DDS,551.85,+12.37,+2.29%,532.16,554.59,531.98,46.27,0.31,NaN,575.1,549.5,516.84,568.87,-14201.02,-52000.02,6.02,0.0,13.1,-8.5,0.0
05/21/2026,1630,DE,531.35,-29.11,-5.19%,547.18,548.00,515.15,33.5,0.38,0.3,609.21,573.0,535.26,593.46,-5106.01,-51515.01,11.01,42.3,90.1,-1.7,0.0
05/21/2026,1630,DECK,102.62,+4.38,+4.46%,98.35,102.99,97.18,54.31,0.42,0.66,106.78,96.78,90.15,104.25,1202.01,10299.01,1.13,90.4,61.1,-7.4,0.0
05/21/2026,1630,DELL,252.80,+9.87,+4.06%,242.96,254.38,240.27,65.75,0.69,0.79,117.2,205.7,216.65,273.36,-1201.03,26054.06,9.66,97.4,90.2,1.6,8.0
05/21/2026,1630,DEO,85.98,+.86,+1.01%,84.845,86.445,83.975,64.18,0.32,0.31,82.25,78.25,79.05,87.8,3205.01,8645.01,10.17,52.1,73.1,8.9,2.3
05/21/2026,1630,DG,105.11,+.50,+0.48%,101.84,105.265,99.57,37.61,0.41,0.57,149.3,113.4,94.58,117.23,-10121.04,-9957.01,25.07,98.4,81.2,-2.5,-8.4
05/21/2026,1630,DGX,193.82,+.07,+0.04%,192.73,193.83,188.875,52.6,0.22,0.25,203.89,188.49,186.55,194.32,2204.01,19383.01,1.03,56.1,54.3,-1.7,0.0
05/21/2026,1630,DIN,30.32,+.37,+1.24%,29.78,30.44,28.92,58.22,0.49,0.59,27.52,26.41,26.95,32.07,8211.03,3156.05,5.11,58.1,70.3,3.1,2.3
05/21/2026,1630,DIS,103.58,-.50,-0.48%,103.61,104.62,102.585,50.15,0.35,0.27,102.15,100.06,99.58,109.29,-2105.02,10839.09,9.13,29.1,83.4,0.0,0.0
05/21/2026,1630,DK,42.10,-2.49,-5.58%,45.24,45.41,41.83,43.96,0.67,0.7,32.9,44.74,41.37,47.87,-2107.01,-4183.01,13.01,67.1,83.1,0.0,9.8
05/21/2026,1630,DKL,51.79,+.53,+1.03%,51.41,52.475,51.155,52.01,0.32,0.28,49.46,50.22,49.89,52.96,3201.01,5299.02,2.08,31.1,84.3,-1.3,0.4
05/21/2026,1630,DKNG,25.40,+.39,+1.56%,25.01,25.79,24.52,58.77,0.36,0.51,21.63,22.84,23.5,26.68,13214.03,2624.03,3.2,30.1,31.1,4.6,3.6
05/21/2026,1630,DLTR,95.71,+2.23,+2.39%,93.33,95.92,90.17,49.29,0.41,0.62,115.88,92.65,86.08,97.84,1202.01,-8588.07,23.07,98.4,79.3,-5.3,0.0
05/21/2026,1630,DOC,19.64,-.02,-0.10%,19.50,19.74,19.36,70.08,0.61,0.31,17.02,16.07,17.98,22.04,-1104.03,1991.06,10.18,50.1,96.4,9.3,19.4
05/21/2026,1630,DOCU,48.97,-.76,-1.53%,48.975,49.21,47.69,56.61,0.4,0.72,40.16,46.22,44.66,50.83,3205.02,5142.03,3.06,87.2,41.1,1.3,0.0
05/21/2026,1630,DOV,207.77,-3.21,-1.52%,209.65,209.96,206.16,38.26,0.21,0.29,217.22,218.97,201.42,224.13,-8111.02,-20572.02,11.02,60.1,38.3,-5.3,-7.2
05/21/2026,1630,DOW,35.91,-.36,-0.99%,36.5797,37.35,35.565,38.65,0.4,0.52,29.2,37.59,34.98,40.75,-6107.01,-3557.01,13.01,45.1,30.1,-0.8,0.0
05/21/2026,1630,DPZ,316.47,+.50,+0.16%,313.285,317.77,308.955,38.67,0.42,0.34,393.19,322.17,291.62,334.63,-6202.04,-29748.04,20.04,72.1,98.4,-2.6,0.0
05/21/2026,1630,DRI,197.07,-.20,-0.10%,195.51,199.03,193.72,50.9,0.23,0.33,202.99,190.01,192.58,199.54,-5202.01,19903.01,1.03,62.1,38.1,-1.4,0.0
05/21/2026,1630,DRLL,37.1679,-.5804,-1.54%,37.99,37.99,36.92,51.25,0.31,0.29,33.97,36.0,35.06,39.19,4205.02,3870.02,2.11,74.2,98.4,0.6,0.0
05/21/2026,1630,DRVN,13.48,+.49,+3.77%,12.65,13.53,12.49,53.41,0.61,0.71,9.8,13.24,12.28,14.21,-2201.01,-1249.01,3.01,67.1,92.1,0.2,0.3
05/21/2026,1630,DT,39.15,-.72,-1.81%,39.46,39.67,38.75,54.61,0.62,0.52,33.44,36.71,35.79,41.98,1205.03,4136.03,3.06,77.1,98.4,0.6,3.0
05/21/2026,1630,DVN,47.11,-1.35,-2.79%,48.97,49.13,46.695,46.05,0.45,0.42,41.74,46.45,43.92,51.64,1101.04,-4518.1,16.1,71.1,98.4,-0.1,0.0
05/21/2026,1630,DXCM,71.90,+.46,+0.64%,71.50,72.27,70.18,69.73,0.51,0.4,70.81,58.7,56.87,72.7,6205.01,7227.01,1.16,23.1,85.4,0.1,-0.1
05/21/2026,1630,EA,201.87,+.28,+0.14%,201.40,201.95,201.19,53.49,0.03,0.11,200.12,200.6,199.73,202.34,2204.01,-19945.07,18.07,34.1,17.1,-2.8,0.0
05/21/2026,1630,EAT,136.57,+5.39,+4.11%,130.49,137.38,130.18,47.55,0.81,0.5,135.27,140.01,121.18,148.72,-5201.02,-12496.02,30.06,48.1,100.4,-5.1,-2.5
05/21/2026,1630,EBAY,117.13,-1.83,-1.54%,118.11,118.94,116.15,67.64,0.41,0.36,83.44,100.97,106.4,122.24,7217.02,11931.02,5.16,59.1,75.2,10.4,12.6
05/21/2026,1630,ECH,40.75,+.16,+0.39%,40.62,40.9099,40.09,48.34,0.29,0.32,37.8,39.95,38.7,42.17,-4202.03,-3895.03,28.03,76.1,75.1,-2.9,-3.8
05/21/2026,1630,ECPG,81.57,+.93,+1.15%,80.21,81.925,78.91,54.21,0.26,0.3,56.46,82.32,78.41,84.34,-11201.01,-7891.01,9.01,9.1,25.1,-2.0,0.0
05/21/2026,1630,EDEN,112.752,+.7581,+0.68%,111.73,112.752,111.73,57.21,0.21,NaN,102.5,109.17,109.64,113.93,-1202.05,11345.09,9.21,0.0,62.1,0.0,6.6
05/21/2026,1630,EDU,47.56,-2.38,-4.77%,48.69,48.87,47.22,28.78,0.36,0.45,50.19,52.79,46.94,54.74,-6110.01,-4722.01,25.01,26.1,58.4,-5.2,0.0
05/21/2026,1630,EDV,62.11,+.43,+0.70%,61.41,62.11,61.105,42.29,0.15,0.14,67.53,62.65,60.26,64.16,-6109.02,-6078.02,21.02,32.2,54.1,-2.9,-12.4
05/21/2026,1630,EEM,66.03,+.57,+0.87%,65.23,66.345,65.05,56.88,0.28,0.32,56.74,63.8,63.39,68.75,-2105.03,-6348.03,10.03,90.2,87.2,0.0,2.8
05/21/2026,1630,EFNL,56.00,+.88,+1.60%,54.95,56.02,54.95,61.05,0.24,NaN,48.28,54.16,53.63,56.2,2202.01,5602.01,1.04,0.0,95.3,0.0,5.6
05/21/2026,1630,EFX,163.10,-1.76,-1.07%,162.15,164.61,157.81,40.47,0.32,0.39,187.22,167.59,152.12,176.26,-6101.02,-15647.05,23.05,56.1,38.1,-1.5,-1.0
05/21/2026,1630,EGP,205.18,+.14,+0.07%,204.01,205.32,202.40,62.4,0.16,0.18,188.93,197.0,199.75,207.59,-2202.03,-19939.05,9.05,25.1,26.1,0.2,2.9
05/21/2026,1630,EIS,132.71,+.51,+0.39%,131.20,133.01,131.1191,56.63,0.19,NaN,117.45,131.17,127.75,137.75,-4107.03,-12854.03,11.03,0.0,39.1,0.0,0.0
05/21/2026,1630,EL,78.91,+.71,+0.91%,77.86,79.45,76.48,47.46,0.4,0.43,94.88,77.95,74.67,86.98,-4107.01,-7648.01,11.01,38.1,46.1,0.0,0.0
05/21/2026,1630,ELS,63.06,+.05,+0.08%,62.75,63.24,62.26,49.28,0.15,0.29,66.55,62.17,61.38,63.91,1203.02,-6150.04,6.04,70.1,14.3,0.0,0.0
05/21/2026,1630,ELV,389.82,-6.39,-1.61%,393.80,394.00,387.75,65.08,0.26,0.34,283.43,366.95,367.78,414.11,18101.02,40800.02,2.37,12.1,23.1,1.7,0.5
05/21/2026,1630,EMB,94.99,+.07,+0.07%,94.74,95.10,94.57,45.59,0.07,0.11,95.91,94.82,94.01,96.34,-5108.02,-9425.02,11.02,77.2,85.1,0.0,-5.8
05/21/2026,1630,EMR,134.90,+2.04,+1.54%,131.54,135.13,130.84,45.78,0.39,0.34,144.86,135.43,127.61,144.79,-7109.01,-12943.02,11.02,71.1,88.2,-0.9,-4.8
05/21/2026,1630,ENB,57.79,+.71,+1.24%,57.47,58.20,57.07,69.64,0.21,0.2,51.77,54.12,53.73,58.25,10209.01,5820.01,1.25,34.1,90.4,10.1,9.7
05/21/2026,1630,ENPH,62.34,+9.19,+17.29%,52.87,63.28,52.86,77.28,1.17,1.02,41.01,31.88,39.54,63.6,11213.01,6328.01,1.16,99.4,85.4,21.8,5.2
05/21/2026,1630,ENR,17.30,+.71,+4.28%,16.41,17.51,16.15,44.78,0.6,0.5,19.16,17.49,15.22,18.82,-11201.02,-1575.02,13.06,50.1,83.4,-8.9,-10.2
05/21/2026,1630,ENVX,6.30,-.06,-0.94%,6.22,6.4699,6.1601,49.31,0.92,0.89,5.03,6.17,5.45,7.34,-5106.02,-544.02,7.02,15.1,77.4,0.4,-2.1
05/21/2026,1630,ENZL,44.44,+.51,+1.16%,43.99,44.645,43.99,48.9,0.22,0.56,45.54,44.43,43.2,46.28,-4106.02,-4360.02,9.02,75.4,87.2,0.0,0.0
05/21/2026,1630,EOG,139.98,-1.65,-1.17%,143.29,143.65,139.09,54.8,0.3,0.35,119.31,133.39,129.57,147.23,4206.02,14570.02,2.1,74.1,86.2,1.3,0.0
05/21/2026,1630,EPD,39.47,+.08,+0.20%,39.57,39.74,39.10,61.44,0.19,0.2,35.36,37.47,37.28,40.5,5208.02,4010.02,2.09,62.1,82.1,1.3,0.0
05/21/2026,1630,EPHE,24.63,+.10,+0.41%,24.50,24.75,24.445,47.33,0.16,NaN,26.2,24.26,24.04,25.32,-3105.02,2530.1,10.17,0.0,19.1,-0.3,0.0
05/21/2026,1630,EPOL,39.76,+.01,+0.03%,39.29,39.878,39.165,55.28,0.28,0.23,34.67,37.85,38.32,40.73,-1202.05,4023.12,12.17,22.1,90.2,0.0,3.8
05/21/2026,1630,EPR,58.71,+.32,+0.55%,58.24,58.945,57.95,63.04,0.18,0.26,57.6,54.78,55.63,60.42,4204.08,5895.01,8.13,53.1,29.1,3.3,1.2
05/21/2026,1630,EPU,83.51,+1.48,+1.80%,81.21,83.92,81.02,54.7,0.32,NaN,84.4,77.39,77.67,86.6,-2202.03,8501.07,7.17,0.0,69.1,0.0,0.5
05/21/2026,1630,EQR,65.76,-.52,-0.78%,65.75,66.11,64.13,58.23,0.22,0.25,61.58,64.51,64.24,66.81,-1203.01,-6413.01,2.01,68.1,61.3,0.0,8.8
05/21/2026,1630,EQRR,78.1067,+.2737,+0.35%,77.77,78.14,77.68,73.24,0.12,NaN,67.69,75.17,75.21,78.73,21210.01,7814.01,2.49,0.0,33.1,7.4,13.7
05/21/2026,1630,EQT,57.74,-.09,-0.16%,58.62,58.735,57.575,48.33,0.27,0.34,57.63,57.03,54.8,59.79,2204.02,5959.02,2.07,6.1,37.1,0.0,0.0
05/21/2026,1630,ESI,40.36,-.19,-0.47%,40.36,40.85,39.67,48.61,0.58,0.32,32.51,41.76,38.5,45.47,-5105.01,-3816.03,13.03,11.1,96.2,0.0,0.0
05/21/2026,1630,ESPO,89.1081,-1.51,-1.67%,88.52,89.38,88.02,42.04,0.15,0.24,88.93,90.54,88.47,91.38,-7101.01,-8802.01,25.01,98.2,16.1,-3.3,-0.5
05/21/2026,1630,ESS,273.80,-1.23,-0.45%,274.43,275.85,268.04,64.88,0.21,0.19,248.86,258.49,264.14,277.52,19204.01,27585.01,1.44,2.1,48.2,0.5,9.6
05/21/2026,1630,ET,20.01,-.15,-0.74%,20.28,20.35,19.95,54.66,0.24,0.23,18.34,19.77,19.51,20.64,5101.02,2070.02,2.25,31.1,96.4,0.0,8.7
05/21/2026,1630,ETH,20.33,+.03,+0.15%,20.11,20.44,19.97,41.03,0.31,0.46,17.07,21.82,19.38,22.66,-8108.01,-1997.01,13.02,1.1,0.1,0.0,-3.2
05/21/2026,1630,ETH-USD,-74.82,.81,-1.07%,-74.51,-72.23,-77.41,35.05,0.98,0.66,-43.06,-66.7,-89.9,-60.6,-19201.06,8401.06,37.06,10.1,17.2,-4.9,-4.9
05/21/2026,1630,ETHA,16.15,+.01,+0.06%,15.98,16.25,15.865,40.97,0.32,0.56,13.62,17.36,15.39,18.02,-8105.01,-1587.01,13.02,0.1,0.1,0.0,-3.2
05/21/2026,1630,ETHE,17.35,+.02,+0.12%,17.14,17.4399,17.04,40.64,0.31,0.46,14.71,18.66,16.53,19.35,-8108.01,-1704.01,13.02,0.1,0.1,0.0,-3.5
05/21/2026,1630,ETSY,60.74,-.15,-0.25%,61.04,61.44,59.71,51.73,0.64,0.55,50.81,62.73,54.24,65.48,-4202.06,-5671.03,17.06,38.1,76.3,-8.6,-3.9
05/21/2026,1630,EWA,28.99,+.09,+0.31%,28.75,29.086271,28.64,48.34,0.22,0.23,28.42,28.78,28.26,29.88,-5108.02,-2844.02,11.02,73.1,89.1,-2.5,0.0
05/21/2026,1630,EWC,58.58,+.30,+0.51%,57.87,58.78,57.84,58.69,0.15,0.14,55.67,57.66,57.35,58.64,1202.01,5878.01,1.05,37.1,65.1,-1.0,1.0
05/21/2026,1630,EWD,52.24,+.94,+1.83%,50.82,52.57,50.725,55.67,0.29,0.28,50.59,50.01,49.4,52.6,1202.01,5257.01,1.05,81.2,94.3,-0.9,0.0
05/21/2026,1630,EWG,43.05,+.17,+0.40%,42.53,43.22,42.36,56.9,0.24,0.25,40.59,41.34,41.34,43.59,2202.01,-4132.05,11.05,78.1,90.3,1.0,0.0
05/21/2026,1630,EWH,23.83,-.05,-0.21%,23.59,23.885,23.575,50.24,0.17,0.2,23.06,23.38,23.4,24.72,-4105.01,-2358.01,11.01,27.1,65.2,0.0,4.3
05/21/2026,1630,EWI,58.98,+.36,+0.61%,58.06,59.175,57.88,56.53,0.26,0.26,52.45,56.04,56.79,60.28,-1202.05,5944.09,10.14,83.2,92.2,0.0,1.2
05/21/2026,1630,EWJ,91.37,+.16,+0.18%,90.18,91.6199,89.96,57.0,0.18,0.21,83.85,87.78,88.47,94.25,-1201.04,9327.07,10.17,56.1,45.1,0.0,7.3
05/21/2026,1630,EWJV,45.2198,-.1064,-0.23%,44.75,45.35,44.65,61.02,0.18,NaN,42.08,42.72,43.34,46.6,7216.07,4560.07,7.2,0.0,42.1,2.5,12.3
05/21/2026,1630,EWK,27.00,+.3613,+1.36%,26.65,27.08,26.65,64.46,0.21,0.39,25.07,25.37,25.7,27.36,2202.01,2708.01,11.17,79.1,85.3,0.5,11.9
05/21/2026,1630,EWM,29.31,-.20,-0.68%,29.18,29.36,29.13,45.4,0.12,0.21,27.95,29.21,29.01,30.55,-5105.01,-2913.01,11.01,74.2,35.1,0.0,0.0
05/21/2026,1630,EWN,66.82,+1.48,+2.27%,65.67,67.04,65.54,62.27,0.29,0.24,58.26,61.84,62.45,67.53,1202.01,6704.01,1.17,94.4,95.2,0.0,2.3
05/21/2026,1630,EWO,39.75,+.17,+0.43%,39.49,39.905,39.37,57.47,0.2,NaN,34.83,38.18,38.47,40.46,-1202.05,4014.09,9.14,0.0,75.1,0.0,0.0
05/21/2026,1630,EWP,57.39,+.25,+0.44%,56.75,57.50,56.57,56.06,0.24,0.24,52.22,54.64,55.18,58.06,1202.01,-5538.05,11.05,83.1,81.1,0.0,0.0
05/21/2026,1630,EWQ,45.50,+.01,+0.02%,45.01,45.69,44.90,52.84,0.25,0.26,44.27,44.03,43.86,46.43,-3202.05,-4409.05,11.05,83.1,92.3,-0.4,0.0
05/21/2026,1630,EWS,29.51,-.08,-0.27%,29.30,29.575,29.145,59.03,0.17,0.21,27.16,28.33,28.57,29.78,4210.01,2961.02,2.17,72.2,82.1,0.3,5.5
05/21/2026,1630,EWUS,42.74,+.38,+0.90%,42.17,42.81,42.17,55.0,0.24,0.23,41.64,41.18,40.82,43.28,1202.01,-4093.05,28.05,66.1,88.1,0.0,-0.5
05/21/2026,1630,EWW,77.80,-.65,-0.83%,77.54,78.345,77.26,49.06,0.21,0.29,73.25,75.58,75.78,81.37,-2105.03,8107.06,9.16,81.1,71.1,0.0,1.4
05/21/2026,1630,EWY,186.42,+6.31,+3.50%,183.05,187.29,181.81,62.13,0.62,0.7,125.54,159.66,164.41,200.76,-2201.03,19458.09,9.35,93.3,87.2,0.0,5.5
05/21/2026,1630,EWZ,37.01,+.26,+0.71%,36.45,37.28,36.321,41.89,0.29,0.33,35.76,38.99,34.78,39.68,-12111.03,-3572.03,29.03,68.1,76.1,-5.0,-17.6
05/21/2026,1630,EWZS,14.25,0,0.00%,14.00,14.3641,13.95,43.94,0.38,0.4,14.07,14.69,13.23,15.44,-6109.03,-1359.03,30.03,74.2,84.1,-2.5,-7.9
05/21/2026,1630,EXAS,104.91,0,0.00%,0,0,0,76.4,0.04,0.37,101.28,103.1,103.16,104.69,6206.01,10498.01,1.08,32.4,24.1,6.4,0.0
05/21/2026,1630,EXP,199.13,-1.12,-0.56%,197.43,201.41,193.045,46.16,0.31,0.37,210.0,203.35,188.93,214.07,-9109.01,-18879.02,11.02,71.3,35.1,0.0,-3.2
05/21/2026,1630,EXPD,157.19,-1.23,-0.78%,157.62,158.32,155.12,59.87,0.42,0.3,135.42,136.13,146.79,164.62,4213.09,15990.02,9.14,66.1,83.2,8.3,0.9
05/21/2026,1630,EXPE,218.12,+.53,+0.24%,214.00,219.24,210.01,37.43,0.42,0.48,189.84,243.61,193.61,248.33,-7110.06,-20635.02,23.06,44.1,60.1,-9.7,-12.9
05/21/2026,1630,EXR,143.91,+1.66,+1.17%,141.14,144.00,140.12,55.8,0.25,0.27,146.6,138.57,137.29,146.2,1202.02,-13695.03,6.03,32.1,63.1,0.0,0.0
05/21/2026,1630,EYE,16.97,+.13,+0.77%,16.52,17.44,16.405,27.21,0.91,0.61,25.1,21.82,13.43,22.4,-13123.05,-1612.02,18.06,56.1,98.4,-6.8,-18.9
05/21/2026,1630,EZA,68.26,-.26,-0.38%,67.69,68.585,67.26,46.02,0.36,0.49,70.79,66.57,65.36,72.86,-3105.03,-6627.03,9.03,90.2,70.1,-1.3,0.0
05/21/2026,1630,F,13.67,+.45,+3.40%,13.17,13.80,13.14,60.66,0.65,0.41,12.68,11.46,11.83,14.89,4207.04,1399.04,4.13,74.3,100.4,9.2,0.0
05/21/2026,1630,FAF,67.84,-.32,-0.47%,67.33,68.17,66.32,51.65,0.28,0.33,65.99,67.72,65.96,70.46,-6101.01,-6632.01,19.01,35.1,56.1,-3.9,0.0
05/21/2026,1630,FANG,200.97,-3.36,-1.64%,208.08,208.95,198.75,52.92,0.36,0.4,164.37,192.47,187.59,214.44,2101.02,-18694.1,14.1,76.1,90.4,0.0,0.3
05/21/2026,1630,FAST,43.53,-.15,-0.34%,43.47,44.00,42.91,43.36,0.21,0.29,44.51,44.22,42.6,44.58,-5101.01,-4291.01,11.07,54.1,41.1,-2.5,0.0
05/21/2026,1630,FCFS,226.27,-.30,-0.13%,226.07,226.53,222.27,61.32,0.22,0.31,175.71,214.59,220.93,233.33,-1104.01,-22227.01,8.01,68.1,26.1,0.0,8.4
05/21/2026,1630,FCG,30.19,-.55,-1.79%,31.15,31.185,30.005,49.27,0.32,0.34,26.37,29.62,28.63,32.12,4101.02,3177.02,2.1,84.2,92.3,0.0,0.0
05/21/2026,1630,FDX,388.91,+2.07,+0.54%,387.24,392.28,380.51,56.62,0.46,0.34,373.81,354.14,358.7,395.77,2203.01,39228.01,1.12,42.1,96.4,-3.1,0.0
05/21/2026,1630,FICO,1228.10,-2.13,-0.17%,1224.95,1258.47,1200.32,68.14,0.4,0.6,1193.1,1002.19,1024.79,1267.8,10205.01,125847.01,1.16,79.1,37.1,10.1,3.1
05/21/2026,1630,FISV,55.82,-.59,-1.05%,56.38,56.62,54.95,44.3,0.44,0.42,57.9,55.67,49.91,59.9,1204.03,-5217.07,23.07,41.1,67.4,-9.3,-1.4
05/21/2026,1630,FIVE,219.79,-.08,-0.04%,220.17,223.01,215.0701,47.97,0.42,0.55,212.87,226.57,200.58,233.3,-5202.07,-20514.07,11.07,77.2,67.3,-6.7,-0.8
05/21/2026,1630,FLG,13.59,-.08,-0.59%,13.55,13.72,13.50,46.0,0.25,0.31,12.34,13.76,12.96,14.39,-7109.02,-1309.03,10.03,4.1,21.1,0.0,-4.1
05/21/2026,1630,FLNG,32.37,-.36,-1.10%,32.83,32.98,32.29,55.45,0.26,0.36,26.6,31.51,31.57,33.25,2101.01,-3060.06,13.06,69.1,48.1,0.0,4.2
05/21/2026,1630,FLO,7.01,-.23,-3.18%,7.09,7.14,6.80,25.14,0.39,0.59,9.2,8.2,6.46,8.3,-12115.01,-680.01,15.04,82.2,83.2,-8.9,-20.5
05/21/2026,1630,FLUT,97.12,+.37,+0.38%,94.95,97.715,93.76,41.63,0.44,0.5,99.96,97.94,88.58,104.66,-10201.06,-9152.05,19.07,69.1,70.1,-5.9,-0.1
05/21/2026,1630,FND,48.42,+1.38,+2.93%,46.19,49.50,45.715,48.69,0.56,0.58,63.08,46.69,41.71,52.13,-6202.02,-4264.02,10.02,76.2,89.2,-0.2,-6.4
05/21/2026,1630,FNF,49.36,+.23,+0.47%,48.72,49.495,47.94,49.83,0.26,0.33,50.0,50.24,46.08,51.67,-8202.06,-4693.07,20.07,58.1,58.1,-8.2,-1.0
05/21/2026,1630,FORM,128.00,+2.69,+2.15%,124.15,130.50,123.46,48.56,0.82,0.87,92.15,131.5,108.43,151.78,-6108.03,-11231.03,9.03,86.1,87.2,-1.6,-2.7
05/21/2026,1630,FOUR,43.53,+1.33,+3.15%,41.51,43.57,40.805,49.42,0.65,0.68,43.32,40.4,38.83,45.7,-4202.02,-3991.02,11.07,72.1,75.1,-4.2,-0.1
05/21/2026,1630,FOXA,64.26,+.13,+0.20%,64.13,64.74,63.08,52.02,0.34,0.3,53.04,61.25,61.41,68.23,-1103.01,6696.06,6.13,30.1,82.4,1.9,0.0
05/21/2026,1630,FR,62.44,+.17,+0.27%,62.60,63.12,61.49,55.41,0.17,0.32,61.17,60.78,60.81,63.05,1202.01,6312.01,1.03,55.1,26.1,0.0,0.0
05/21/2026,1630,FROG,71.44,-1.99,-2.71%,72.20,73.13,70.87,71.67,0.86,0.63,34.05,48.07,59.71,83.49,11101.09,7372.02,9.27,54.1,81.2,16.0,21.0
05/21/2026,1630,FRPT,51.30,+2.95,+6.10%,51.00,51.70,48.965,38.09,0.6,0.53,78.26,52.73,40.14,57.74,1202.01,-4645.02,28.09,27.1,90.2,-13.2,-10.4
05/21/2026,1630,FRT,118.61,+2.55,+2.20%,115.50,118.74,114.75,69.69,0.2,0.21,106.6,111.39,112.83,117.99,1202.01,11874.01,1.41,40.1,82.3,0.0,8.5
05/21/2026,1630,FSLY,16.40,-.72,-4.21%,16.66,16.99,16.30,36.66,1.98,0.8,16.41,25.63,9.1,26.53,-6111.06,-1618.03,12.08,43.1,89.4,0.0,-16.4
05/21/2026,1630,FTNT,129.46,-.54,-0.42%,128.91,129.71,127.40,86.6,0.66,0.41,74.31,84.97,114.01,144.57,13226.06,13036.02,8.27,50.1,88.4,32.4,33.4
05/21/2026,1630,FTV,59.02,-.01,-0.02%,58.78,59.521,57.75,47.21,0.19,0.26,56.82,58.5,57.78,60.99,-6110.01,-5775.01,16.01,21.1,12.1,-5.2,-2.7
05/21/2026,1630,FTWO,44.6525,-.0943,-0.21%,44.50,44.7768,44.35,42.44,0.22,NaN,47.08,45.45,43.71,46.71,-5106.02,-4416.02,8.02,0.0,84.2,0.0,-0.1
05/21/2026,1630,FUTU,123.86,-.86,-0.69%,122.70,125.45,122.10,31.19,0.69,0.8,135.24,153.59,113.83,154.12,-10111.02,-12210.01,11.03,98.4,96.4,-4.7,-23.0
05/21/2026,1630,FUTY,58.16,+.58,+1.01%,57.59,58.175,57.45,47.34,0.17,0.19,59.24,58.98,55.83,59.53,-9201.03,-5644.03,15.03,78.2,83.2,-5.7,-13.1
05/21/2026,1630,FWONK,89.20,-1.24,-1.37%,90.13,90.63,88.61,49.22,0.29,0.31,85.69,87.04,86.7,94.84,-1103.01,9559.09,9.16,64.1,87.1,0.0,2.5
05/21/2026,1630,FWRG,11.34,+.37,+3.37%,10.90,11.35,10.595,44.2,0.42,0.57,11.93,12.0,9.93,12.45,-10201.05,-1059.02,21.07,34.1,25.1,-11.6,-6.4
05/21/2026,1630,FXA,70.8813,-.0187,-0.03%,70.54,70.945,70.53,49.5,0.09,0.12,68.75,70.9,70.3,72.02,-5106.01,-7053.01,9.01,73.4,74.1,0.0,0.0
05/21/2026,1630,FXB,129.18,-.03,-0.02%,128.8764,129.30,128.83,46.69,0.07,0.07,127.55,129.87,127.7,131.08,-5108.04,-12799.05,9.05,75.4,80.2,0.0,-7.3
05/21/2026,1630,FXC,70.9008,-.1894,-0.27%,70.89,70.965,70.83,37.87,0.04,0.18,71.05,71.64,70.66,71.52,-8111.01,-7083.01,15.03,81.4,19.1,-10.6,-2.9
05/21/2026,1630,FXE,107.23,-.08,-0.07%,106.93,107.30,106.83,42.08,0.05,0.07,106.41,107.77,106.66,108.72,-7107.01,-10683.01,9.01,51.2,23.1,0.0,-0.9
05/21/2026,1630,FXF,112.18,+.05,+0.04%,111.71,112.21,111.6022,46.61,0.07,0.11,112.21,112.48,111.52,113.55,-5107.01,-11160.01,10.01,91.4,32.1,0.0,0.0
05/21/2026,1630,FXI,35.89,-.35,-0.97%,35.61,35.945,35.445,41.26,0.22,0.23,35.33,36.47,35.45,38.01,-5105.01,-3545.01,7.01,10.1,71.2,0.0,0.0
05/21/2026,1630,FXY,57.77,-.01,-0.02%,57.63,57.795,57.58,44.85,0.1,0.09,58.17,58.13,57.39,58.63,-3108.01,-5758.01,12.03,21.1,64.4,0.0,0.5
05/21/2026,1630,FYBR,38.49,0,0.00%,0,0,0,73.16,0.03,0.09,37.42,38.06,37.98,38.52,4204.01,3849.01,1.05,8.1,17.1,0.0,0.0
05/21/2026,1630,GAP,23.17,+.87,+3.90%,22.15,23.24,22.09,49.53,0.49,0.66,26.38,23.61,19.41,24.48,1202.01,-2005.03,23.07,79.4,80.1,-7.6,-10.1
05/21/2026,1630,GD,338.71,-1.04,-0.31%,338.00,339.97,334.66,48.25,0.32,0.23,337.32,341.53,332.97,348.6,-3107.01,-33466.01,13.01,56.1,95.4,0.0,19.4
05/21/2026,1630,GDAXI:DE,24606.77,-130.47,-0.53%,24692.21,24894.63,24534.79,55.87,0.19,NaN,24878.1,23715.71,23835.94,24977.86,3204.01,2489463.01,1.04,0.0,82.1,1.8,0.0
05/21/2026,1630,GDX,85.99,-.37,-0.43%,84.46,87.66,84.11,41.27,0.52,0.48,102.54,85.46,80.32,99.25,-4105.02,-8367.02,8.02,68.1,71.1,0.0,0.0
05/21/2026,1630,GDXJ,112.21,-1.16,-1.02%,110.62,115.02,110.05,39.91,0.53,0.52,137.62,112.8,104.94,132.93,-5105.01,-10960.02,8.02,64.1,68.1,0.0,0.0
05/21/2026,1630,GE,301.76,+1.59,+0.53%,298.50,302.88,294.75,55.0,0.39,0.39,329.08,279.41,278.53,311.53,-2202.04,-28131.05,10.05,81.1,79.3,0.0,0.0
05/21/2026,1630,GEL,16.40,+.05,+0.31%,16.37,16.49,16.1401,44.73,0.22,0.31,17.41,16.26,15.43,17.01,-7203.06,-1555.07,17.07,16.1,26.2,-1.4,0.0
05/21/2026,1630,GII,76.60,+.34,+0.45%,76.20,76.60,76.20,51.98,0.17,0.28,75.78,76.57,74.77,77.45,1202.01,-7486.05,12.05,100.4,99.4,-0.9,-2.1
05/21/2026,1630,GIL,58.15,+1.00,+1.75%,56.39,58.57,55.97,50.37,0.53,0.28,65.41,57.94,53.64,60.77,-4202.02,-5398.02,12.02,34.1,99.4,-1.2,-5.2
05/21/2026,1630,GIS,33.47,-.15,-0.45%,33.26,33.625,32.64,38.49,0.23,0.35,43.98,33.58,32.28,35.27,-7110.01,-3264.01,10.01,92.2,58.1,-0.5,-6.4
05/21/2026,1630,GK,28.63,+.1723,+0.61%,28.46,28.65,28.46,62.6,0.21,0.13,24.82,27.39,27.72,29.63,-1104.04,2931.06,12.38,5.1,83.2,0.0,2.1
05/21/2026,1630,GLASF,10.090,+.01,+0.10%,10.120,10.200,10.000,58.5,0.61,NaN,7.52,9.17,9.13,10.44,6206.01,1038.02,2.07,0.0,23.3,0.0,4.8
05/21/2026,1630,GLBE,30.14,+.15,+0.50%,29.55,30.70,29.50,48.17,0.58,0.54,33.42,30.58,26.22,32.67,1202.01,-2706.06,10.06,37.1,79.2,-3.2,-6.4
05/21/2026,1630,GLD,416.99,-.41,-0.10%,413.14,418.42,411.95,42.11,0.21,0.24,442.04,413.28,406.76,437.89,-5105.01,-41008.02,58.02,57.1,47.1,-1.1,0.0
05/21/2026,1630,GLIN,44.65,+.17,+0.38%,44.03,44.72,44.03,49.94,0.23,0.18,41.44,44.37,43.05,46.3,-5105.03,-4352.03,11.03,38.2,82.1,-1.6,-4.9
05/21/2026,1630,GM,77.21,+1.07,+1.41%,75.38,77.37,75.00,52.11,0.36,0.36,74.19,75.21,72.21,79.53,-3202.02,-7043.03,6.03,56.1,74.2,0.0,-3.9
05/21/2026,1630,GME,22.49,-.06,-0.27%,22.44,22.62,22.21,43.99,0.58,0.61,23.4,22.85,19.82,24.52,1201.01,-2142.04,14.06,40.3,84.4,-5.9,-10.5
05/21/2026,1630,GO,8.01,-.12,-1.48%,7.95,8.16,7.60,54.44,0.49,0.76,8.76,7.77,7.38,8.36,1203.02,831.02,2.03,76.1,70.1,0.0,0.0
05/21/2026,1630,GOLF,88.37,-.74,-0.83%,88.20,89.3299,86.90,43.91,0.44,0.28,95.0,85.09,80.41,93.8,-10203.08,-8395.07,19.11,26.1,100.4,-6.9,-0.1
05/21/2026,1630,GOOG,383.47,-1.43,-0.37%,382.01,388.68,379.48,61.0,0.41,0.32,296.7,375.26,377.38,401.95,-3105.01,-37948.01,13.01,19.1,99.4,0.0,14.9
05/21/2026,1630,GOOGL,387.66,-1.25,-0.32%,385.70,392.50,383.02,61.59,0.41,0.33,296.71,379.05,381.19,405.66,-3105.01,-38302.01,12.01,20.1,99.4,0.0,14.5
05/21/2026,1630,GOOS,9.81,+.20,+2.08%,9.60,9.94,9.466,35.65,0.49,0.47,11.37,11.11,8.58,11.76,-8109.02,-930.02,23.03,42.1,52.2,-3.2,-20.7
05/21/2026,1630,GPI,320.11,+4.91,+1.56%,310.73,323.65,308.09,43.91,0.48,0.41,306.96,329.76,295.04,354.1,-7108.02,-30103.02,9.02,70.1,95.4,0.0,-8.6
05/21/2026,1630,GPN,72.59,+1.81,+2.56%,70.12,73.00,69.15,60.62,0.3,0.42,74.5,67.96,65.95,72.73,1202.01,7300.01,1.06,39.1,31.1,-1.3,-0.6
05/21/2026,1630,GRID,190.98,+2.49,+1.32%,188.34,191.80,188.20,53.95,0.29,0.24,165.77,188.74,184.05,200.73,-4105.02,-18573.02,11.02,86.1,92.2,0.0,0.0
05/21/2026,1630,GRMN,239.78,+2.31,+0.97%,235.73,240.8825,235.00,48.78,0.34,0.29,243.46,234.61,223.3,246.07,1202.01,-22454.03,28.13,30.1,74.1,-9.2,-1.6
05/21/2026,1630,GRNY,26.87,+.06,+0.22%,26.70,26.945,26.6899,57.19,0.17,0.22,24.26,26.51,26.39,27.31,-3201.02,-2648.02,9.02,44.1,47.1,0.0,0.7
05/21/2026,1630,GS,988.17,+6.05,+0.62%,982.21,999.50,970.30,64.85,0.3,0.31,824.64,899.0,906.85,999.68,2202.01,99950.01,1.14,46.1,79.1,4.6,0.6
05/21/2026,1630,GSG,33.42,-.34,-1.01%,34.26,34.30,33.11,51.41,0.29,0.33,25.36,32.7,32.66,35.17,-1102.01,3494.04,4.11,74.1,83.1,0.0,3.6
05/21/2026,1630,GTBIF,7.300,+.05,+0.69%,7.220,7.430,7.150,48.48,0.76,NaN,6.1,7.76,6.64,8.23,-5108.03,-700.02,15.03,0.0,48.4,-2.4,0.0
05/21/2026,1630,GTLB,25.62,-1.08,-4.04%,26.15,26.20,25.22,57.83,0.71,0.99,23.45,22.84,22.11,27.4,2204.02,2680.02,2.06,100.4,94.4,1.1,4.2
05/21/2026,1630,GTM,3.57,-.10,-2.72%,3.58,3.6348,3.46,21.74,1.46,0.61,5.77,6.35,2.21,5.45,-5110.05,-346.01,9.05,52.1,97.4,-2.1,-27.5
05/21/2026,1630,GVAL,35.14,-.23,-0.65%,34.82,35.33,34.82,51.04,0.19,NaN,32.61,34.56,34.49,35.86,-4101.02,-3451.03,9.03,0.0,84.1,-0.1,0.0
05/21/2026,1630,GVIP,174.3209,+2.5239,+1.47%,172.69,174.85,172.435,61.24,0.21,0.16,149.35,167.44,167.64,178.72,-2201.03,-16773.03,9.03,85.2,77.1,0.0,4.9
05/21/2026,1630,GVZ:CGI,24.59,-.58,-2.30%,25.53,25.82,24.56,37.51,0.58,NaN,32.81,26.26,24.53,27.34,-2102.01,-2456.01,3.01,0.0,10.1,-5.4,0.0
05/21/2026,1630,H,175.52,+2.33,+1.35%,170.14,177.15,169.50,62.34,0.39,0.41,152.21,158.62,161.49,177.73,1202.01,17715.01,1.02,75.1,81.1,0.1,2.7
05/21/2026,1630,HACK,92.70,-.24,-0.26%,92.18,93.06,91.95,76.16,0.21,0.34,69.66,79.63,84.29,95.49,15215.02,9306.01,3.29,89.4,48.1,25.1,19.5
05/21/2026,1630,HAL,41.96,-.34,-0.80%,42.71,42.99,41.412,57.87,0.3,0.39,34.56,39.79,39.48,43.8,4208.01,4359.02,2.24,37.1,22.1,0.0,1.4
05/21/2026,1630,HBB,19.50,+.35,+1.83%,18.88,19.77,18.76,51.16,0.63,0.83,16.1,18.86,16.64,21.12,-7202.02,-1732.02,10.06,55.3,76.2,0.0,-8.9
05/21/2026,1630,HBDC,24.645,-.015,-0.06%,24.60,24.72,24.60,47.21,0.03,NaN,24.45,24.52,24.59,24.73,-6103.01,-2460.01,1.01,NaN,NaN,-4.1,-0.4
05/21/2026,1630,HCA,392.56,-4.11,-1.04%,388.00,396.61,386.01,23.49,0.41,0.3,522.05,425.8,390.44,441.46,-4105.01,-38601.01,5.01,58.1,96.4,-1.0,0.0
05/21/2026,1630,HD,313.78,+3.20,+1.03%,306.36,313.99,304.38,45.97,0.28,0.31,360.12,310.4,291.75,323.81,-11202.03,-28910.03,23.03,77.2,83.1,-6.3,-3.9
05/21/2026,1630,HELE,24.79,+.84,+3.51%,23.72,24.99,23.12,61.97,0.55,0.72,16.22,22.91,22.21,25.94,-5201.04,-2231.04,19.04,25.1,60.4,0.0,0.0
05/21/2026,1630,HII,317.55,-4.37,-1.36%,320.00,322.82,316.03,31.24,0.47,0.4,418.78,311.0,294.24,350.35,-9105.11,-31221.11,64.11,64.1,89.4,-14.9,-0.7
05/21/2026,1630,HIMS,24.01,+.97,+4.21%,22.82,24.01,22.605,46.83,0.96,0.79,13.74,25.8,20.46,28.63,-7108.02,-2153.03,9.03,14.1,71.1,-4.3,-2.2
05/21/2026,1630,HLN,9.32,+.04,+0.43%,9.28,9.35,9.21,49.23,0.19,0.29,10.23,9.09,8.86,9.42,3204.01,935.01,1.09,62.1,37.1,-6.7,0.0
05/21/2026,1630,HLT,322.76,-1.11,-0.34%,320.59,323.91,316.49,53.85,0.27,0.3,295.88,308.06,310.84,325.3,3202.01,32391.01,1.14,72.1,83.3,-8.6,0.0
05/21/2026,1630,HOOD,75.92,+.16,+0.21%,74.945,76.7594,74.65,47.15,0.68,0.63,69.22,73.06,73.67,81.51,-7103.01,-7465.01,24.01,6.1,63.1,-7.9,3.5
05/21/2026,1630,HPP,11.28,+.33,+3.01%,10.82,11.28,10.62,63.21,0.84,0.97,5.94,8.94,9.57,12.94,-1201.02,1228.1,10.35,60.1,87.2,0.0,3.2
05/21/2026,1630,HQY,86.43,-1.12,-1.28%,87.10,87.19,85.00,59.22,0.33,0.48,74.01,80.96,80.62,87.63,2204.01,8719.01,1.03,75.2,41.3,0.0,3.0
05/21/2026,1630,HSI:HK,25386.52,0,0.00%,0,0,0,39.95,0.15,NaN,26356.96,25690.36,25355.63,26725.44,-4104.01,-2534173.01,5.01,0.0,9.1,0.0,0.0
05/21/2026,1630,HSY,190.39,-.45,-0.24%,188.58,192.77,186.75,47.18,0.25,0.3,225.56,180.18,183.27,198.08,4101.03,19591.03,3.13,44.1,45.1,0.2,3.0
05/21/2026,1630,HTZ,5.06,+.18,+3.69%,4.88,5.19,4.80,40.77,0.8,1.12,4.16,5.75,4.52,6.46,-6108.01,-480.01,24.01,75.1,76.3,-0.2,0.0
05/21/2026,1630,HUBS,198.37,-5.02,-2.47%,199.42,200.74,192.19,42.58,0.98,0.73,216.0,228.91,153.27,245.16,1102.03,-17325.07,11.07,83.1,97.4,0.0,-2.9
05/21/2026,1630,HUM,303.68,-.42,-0.14%,303.69,306.65,300.00,79.77,0.52,0.45,173.27,231.12,264.03,344.46,19101.05,31566.02,7.5,32.1,68.4,20.1,9.9
05/21/2026,1630,HYG,79.90,+.04,+0.05%,79.75,79.99,79.645,49.44,0.05,0.06,79.84,79.69,79.32,80.21,-11202.02,-7923.03,30.03,19.1,79.1,-3.7,-7.5
05/21/2026,1630,HYLS,40.6924,-.2376,-0.58%,40.70,40.72,40.5301,42.84,0.05,NaN,40.07,40.8,40.64,41.1,-5101.01,-4053.01,5.01,0.0,79.1,0.0,0.0
05/21/2026,1630,IAK,134.29,-.26,-0.19%,133.74,134.87,132.82,59.66,0.13,0.15,133.3,130.81,129.5,135.71,5206.01,13487.01,1.08,58.1,21.1,0.0,0.0
05/21/2026,1630,IBB,169.06,+1.15,+0.68%,166.59,169.66,165.70,49.36,0.23,0.24,168.25,166.0,163.09,174.49,-4201.02,-16208.03,9.03,50.1,81.1,-0.2,0.0
05/21/2026,1630,IBIT,44.00,+.01,+0.02%,43.75,44.215,43.40,50.17,0.27,0.41,35.6,44.25,42.88,46.71,-5105.01,-4340.01,12.01,0.1,2.1,0.0,0.0
05/21/2026,1630,IDX,11.01,-.43,-3.76%,11.15,11.15,10.89,18.79,0.25,NaN,14.78,12.86,10.85,12.51,-13110.01,-1089.01,25.01,0.0,79.1,-24.0,-17.1
05/21/2026,1630,IDXX,553.07,-.51,-0.09%,548.06,556.72,539.435,47.86,0.3,0.31,617.0,550.0,513.7,578.12,-4203.06,-52338.07,11.07,52.1,57.2,-1.9,-1.4
05/21/2026,1630,IEF,93.80,+.06,+0.06%,93.47,93.835,93.305,39.72,0.06,0.07,96.64,94.22,92.86,94.99,-6109.02,-9315.02,24.02,67.2,75.1,-8.6,-16.7
05/21/2026,1630,IFF,75.25,+.82,+1.10%,73.85,75.62,72.66,52.18,0.69,0.32,77.56,69.98,68.62,83.9,-2106.02,8180.09,9.16,42.1,98.4,0.0,0.2
05/21/2026,1630,IGLB,49.30,+.15,+0.31%,48.95,49.31,48.85,45.99,0.08,0.1,50.47,49.1,48.56,50.03,-7201.01,-4864.02,31.02,52.2,65.1,0.0,-5.6
05/21/2026,1630,IGSB,52.32,0,0.00%,52.27,52.3399,52.22,43.81,0.03,0.03,52.79,52.27,52.16,52.49,-11109.01,-5217.02,25.02,67.3,70.1,-10.0,-4.4
05/21/2026,1630,IIGD,24.4266,+.0016,+0.01%,24.375,24.4266,24.3745,38.14,0.03,NaN,24.81,24.53,24.31,24.62,-5108.02,-2436.02,31.02,0.0,83.2,-2.5,-4.6
05/21/2026,1630,IJT,160.58,+.20,+0.12%,159.42,161.2799,158.48,54.7,0.17,0.2,147.95,160.38,156.54,164.51,-6201.02,-15724.02,11.02,71.1,46.1,0.0,0.0
05/21/2026,1630,ILMN,144.83,+2.91,+2.05%,141.02,146.61,139.535,63.06,0.42,0.42,118.53,128.06,137.47,147.96,-2201.01,14661.01,1.16,19.1,56.2,0.0,10.1
05/21/2026,1630,INDA,48.03,+.01,+0.02%,47.55,48.205,47.43,44.95,0.18,0.24,49.05,48.49,46.54,49.86,-5109.03,-4713.03,11.03,88.2,81.1,-4.7,-12.2
05/21/2026,1630,INDY,42.34,0,0.00%,41.93,42.49,41.82,42.7,0.17,0.22,44.52,42.93,41.09,43.89,-4109.03,-4169.03,30.07,63.1,69.1,-5.5,-12.3
05/21/2026,1630,INFL,53.10,-.13,-0.24%,53.16,53.31,52.98,51.52,0.12,0.22,52.21,52.69,52.43,53.82,1101.02,-5238.05,7.05,61.1,39.1,0.1,0.0
05/21/2026,1630,INMD,13.83,-.19,-1.36%,13.93,14.10,13.80,45.49,0.3,0.25,13.3,13.25,13.5,14.42,-8101.02,-1364.09,23.09,3.1,34.1,-2.2,0.0
05/21/2026,1630,INTC,118.50,-.46,-0.39%,116.58,119.41,113.17,67.42,1.14,0.85,42.14,92.61,100.06,134.81,-3202.03,-10240.03,9.03,95.4,100.4,0.0,0.3
05/21/2026,1630,INVH,29.03,-.14,-0.48%,28.75,29.197101,28.73,63.12,0.22,0.26,25.21,28.3,28.09,29.3,2204.01,2920.01,1.05,35.1,69.2,0.0,10.0
05/21/2026,1630,IONQ,58.89,+6.42,+12.24%,54.61,61.12,53.93,65.13,1.03,1.03,30.19,43.8,44.43,61.64,1202.01,6112.01,1.03,63.1,68.2,0.0,3.6
05/21/2026,1630,IPO,52.84,+1.58,+3.08%,51.48,52.85,51.4195,65.37,0.35,0.34,41.49,49.21,47.94,52.82,1202.01,5285.01,1.08,92.2,83.1,0.0,1.4
05/21/2026,1630,IRM,127.33,+1.52,+1.21%,125.50,127.46,124.8101,60.34,0.44,0.34,104.68,124.64,121.71,131.62,-3201.03,-12205.03,11.03,35.1,96.4,0.0,15.2
05/21/2026,1630,IRT,16.79,+.09,+0.54%,16.62,16.84,16.38,65.5,0.16,0.36,16.14,16.05,16.07,16.85,2203.01,1684.01,1.03,62.3,8.1,0.0,3.5
05/21/2026,1630,ITA,223.15,-.13,-0.06%,221.445,224.00,220.11,51.0,0.25,0.25,236.73,214.3,215.53,229.97,-2202.03,22726.09,9.19,68.1,85.1,-0.3,2.4
05/21/2026,1630,ITB,90.82,+.68,+0.75%,88.96,91.20,87.86,46.57,0.33,0.37,101.05,91.21,84.3,94.89,-6202.02,-8498.03,22.03,97.2,84.3,-7.3,-4.3
05/21/2026,1630,ITW,249.93,-.84,-0.33%,248.77,250.78,245.60,40.03,0.19,0.25,282.87,250.46,244.17,257.56,-8120.01,-24560.01,29.01,79.1,47.1,-15.7,0.0
05/21/2026,1630,IVOL,18.01,-.02,-0.11%,17.98,18.03,17.955,31.31,0.06,0.33,18.88,18.33,17.79,18.32,-11118.03,-1786.03,37.03,90.4,28.1,-9.4,-10.2
05/21/2026,1630,IWC,185.31,+3.89,+2.14%,180.71,185.97,180.085,57.67,0.27,0.26,162.66,178.84,176.55,190.1,-4201.02,-17726.02,9.02,80.1,75.1,0.0,0.0
05/21/2026,1630,IWF,124.68,+.02,+0.02%,124.12,125.245,123.68,66.75,0.12,0.21,110.12,118.98,120.54,127.49,7202.06,12605.06,6.38,57.1,17.1,3.3,8.5
05/21/2026,1630,IWM,282.49,+2.62,+0.94%,278.66,283.68,277.15,58.19,0.2,0.25,253.31,276.1,273.01,288.22,-4201.02,-27341.02,9.02,57.1,59.1,0.0,0.0
05/21/2026,1630,IWN,209.79,+1.15,+0.55%,207.53,210.57,206.54,57.82,0.17,0.23,191.93,205.45,203.92,213.29,-5202.02,-20463.02,9.02,79.1,37.1,0.0,0.0
05/21/2026,1630,IWO,368.06,+4.89,+1.35%,361.14,369.88,359.97,58.25,0.24,0.24,323.83,358.21,353.49,376.94,-4201.02,-35354.02,9.02,62.1,76.1,0.0,0.0
05/21/2026,1630,J,114.04,+.22,+0.19%,112.84,114.73,110.86,40.24,0.5,0.35,131.74,119.22,99.27,128.56,-7201.06,-10808.06,13.06,77.1,94.4,0.0,-10.6
05/21/2026,1630,JACK,11.35,+.18,+1.61%,11.01,11.41,10.705,42.49,0.77,0.94,14.81,11.92,9.69,14.19,-4107.03,-1064.03,10.03,88.1,78.4,0.0,-3.6
05/21/2026,1630,JBHT,259.23,-3.65,-1.39%,257.57,261.13,253.97,60.74,0.39,0.39,216.08,237.71,233.75,271.54,4206.02,26498.02,2.06,64.1,79.2,0.0,0.0
05/21/2026,1630,JBLU,5.01,+.28,+5.92%,4.64,5.03,4.60,53.18,0.64,0.87,4.85,4.55,4.36,5.21,-5201.02,-435.02,25.02,64.1,68.1,0.0,0.0
05/21/2026,1630,JBSAY,14.44,0,0.00%,0,0,0,49.84,0.41,NaN,NaN,14.81,Infinity,-Infinity,2201.01,1550.01,1.04,0.0,47.1,-0.8,-0.1
05/21/2026,1630,JETS,27.00,+.56,+2.12%,25.98,27.02,25.80,56.24,0.39,0.53,26.25,25.27,24.62,27.84,-3202.02,-2482.02,10.02,90.2,90.1,0.0,0.0
05/21/2026,1630,JNJ,231.73,+2.41,+1.05%,229.315,231.89,227.35,54.27,0.18,0.23,242.02,222.95,221.51,234.26,6207.01,23200.02,2.09,67.1,77.4,0.0,1.8
05/21/2026,1630,JNK,96.20,+.08,+0.08%,96.03,96.305,95.90,49.48,0.05,0.07,96.12,95.92,95.5,96.58,-11202.02,-9559.02,30.02,25.1,69.1,-2.9,-8.2
05/21/2026,1630,JOBY,10.40,+.33,+3.28%,9.89,10.42,9.82,56.59,0.91,0.81,9.3,8.63,8.94,11.75,-1201.03,1119.07,9.17,31.1,71.4,0.0,0.6
05/21/2026,1630,JOE,64.03,-.94,-1.45%,64.24,64.54,63.405,44.91,0.41,0.31,66.01,60.91,62.37,66.61,-3101.14,-6100.14,17.14,31.1,91.4,-12.7,0.0
05/21/2026,1630,JOET,43.2421,+.1821,+0.42%,42.86,43.3527,42.805,56.08,0.13,0.17,41.48,42.58,42.47,43.78,-4201.02,-4248.02,10.02,14.1,52.1,0.0,0.0
05/21/2026,1630,JPM,303.00,+1.02,+0.34%,301.23,303.975,300.21,49.05,0.21,0.26,289.5,306.51,290.97,312.33,-8202.02,-29367.02,11.02,28.1,60.1,-2.7,-8.5
05/21/2026,1630,JPXN,97.96,-.08,-0.08%,96.71,98.275,96.65,54.16,0.18,NaN,90.93,94.83,95.42,102.02,-3105.01,10093.07,9.21,0.0,52.1,0.0,4.8
05/21/2026,1630,JYNT,8.82,+.07,+0.80%,8.76,8.97,8.615,53.71,0.32,0.55,8.09,8.57,8.18,9.0,3204.01,897.01,1.04,36.1,42.1,-2.4,0.0
05/21/2026,1630,K,83.44,0,0.00%,0,0,0,60.53,0.03,0.1,76.99,83.35,82.98,83.69,1203.03,-8305.04,9.04,25.1,26.1,0.9,-1.1
05/21/2026,1630,KBA,33.2557,-.3843,-1.14%,33.03,33.33,33.005,50.29,0.21,0.22,29.53,33.34,32.75,35.05,-4105.01,-3301.01,7.01,48.1,81.4,0.0,0.0
05/21/2026,1630,KBWP,121.23,+.06,+0.05%,121.40,121.44,119.94,56.05,0.15,0.09,122.39,117.93,116.34,122.63,5205.01,12144.01,2.07,13.1,33.1,0.0,0.0
05/21/2026,1630,KCE,152.18,+1.15,+0.76%,150.14,152.18,149.7532,55.14,0.14,0.16,141.57,149.87,149.64,154.63,-3201.01,-14975.01,6.01,50.1,3.1,0.0,0.0
05/21/2026,1630,KDP,28.78,+.09,+0.31%,28.75,28.905,28.275,54.38,0.24,0.27,29.55,28.28,28.38,29.43,-1103.01,-2828.01,3.01,48.1,58.4,-1.2,0.5
05/21/2026,1630,KEMX,48.65,+.50,+1.04%,48.11,48.88,48.1075,57.78,0.33,0.33,40.88,46.41,46.24,50.82,-2201.03,-4642.03,10.03,77.1,87.2,0.0,4.0
05/21/2026,1630,KHC,23.54,+.01,+0.04%,23.545,23.82,23.18,58.2,0.22,0.29,24.0,22.02,22.51,24.24,4204.09,2412.09,9.13,34.1,31.1,0.0,3.1
05/21/2026,1630,KLAC,1842.18,+12.71,+0.69%,1828.95,1875.00,1823.17,55.78,0.54,0.55,1426.52,1676.79,1709.55,1929.07,1202.01,-169028.03,6.03,81.1,90.2,0.0,0.1
05/21/2026,1630,KMX,38.92,+1.59,+4.26%,36.85,39.01,36.50,50.08,0.43,0.69,39.35,36.57,35.58,40.41,-8201.01,-3517.02,9.02,78.2,64.1,-0.6,0.0
05/21/2026,1630,KNX,70.25,-.75,-1.06%,69.95,71.09,69.01,64.11,0.59,0.43,58.39,60.37,59.34,73.91,5206.01,7163.02,2.06,71.1,100.4,4.2,0.0
05/21/2026,1630,KO,81.17,-.38,-0.47%,81.79,81.8007,80.72,64.99,0.17,0.19,78.56,77.73,77.88,83.08,11218.02,8240.02,2.23,20.1,71.3,9.0,7.3
05/21/2026,1630,KR,67.07,-1.61,-2.34%,65.28,67.73,65.25,47.88,0.3,0.35,66.44,65.33,64.08,70.27,-1101.01,7003.02,2.07,84.3,76.1,0.0,-0.3
05/21/2026,1630,KRE,69.21,+.04,+0.06%,68.67,69.39,68.28,53.47,0.21,0.28,65.12,68.77,66.17,70.72,-5202.05,-6642.05,11.05,27.1,33.1,-0.1,-4.9
05/21/2026,1630,KSA,38.67,+.34,+0.89%,38.58,38.76,38.445,48.11,0.1,0.27,36.01,38.32,37.95,39.09,-2201.04,-3818.04,36.21,72.1,18.1,-3.1,0.0
05/21/2026,1630,KSS,12.70,+.49,+4.01%,12.05,12.75,11.73,43.72,0.58,0.87,14.72,14.1,10.37,14.66,-8201.03,-1138.02,18.04,60.2,38.3,-4.8,-12.8
05/21/2026,1630,KVUE,17.46,+.14,+0.81%,17.245,17.55,17.05,52.09,0.19,0.21,18.1,17.01,16.97,17.72,-7202.01,-1705.01,10.01,2.1,29.1,0.0,-1.2
05/21/2026,1630,KW,11.00,-.04,-0.36%,11.02,11.03,10.99,57.38,0.04,0.15,10.83,10.87,10.92,11.11,5101.08,1104.04,9.13,0.1,8.1,7.5,1.2
05/21/2026,1630,KWEB,27.63,-.49,-1.74%,27.39,27.65,27.12,39.66,0.36,0.32,29.11,28.52,27.19,30.28,-4106.01,-2712.01,7.01,25.1,90.4,0.0,0.0
05/21/2026,1630,LAMR,152.61,+.81,+0.53%,150.68,152.91,149.403,66.44,0.37,0.28,131.01,137.29,140.75,161.56,-1202.05,15766.09,9.44,63.2,94.4,1.7,8.5
05/21/2026,1630,LCID,5.84,+.16,+2.82%,5.65,5.91,5.55,37.7,0.67,0.86,9.35,5.72,5.4,6.46,-5105.01,-555.01,6.01,6.1,46.2,-4.2,0.0
05/21/2026,1630,LEVI,21.75,+.41,+1.92%,21.44,22.01,21.12,51.4,0.29,0.37,20.4,21.83,20.18,22.91,-8201.02,-2042.02,10.02,52.1,31.1,-1.3,-10.3
05/21/2026,1630,LFMD,4.07,-.19,-4.46%,4.24,4.28,4.065,43.61,0.85,0.91,2.56,4.67,3.65,5.15,-6111.04,-407.01,23.07,54.1,64.1,-1.7,0.0
05/21/2026,1630,LFST,7.46,-.22,-2.86%,7.665,7.665,7.43,50.0,0.92,0.44,6.74,7.18,7.03,8.59,-1106.05,889.11,11.34,25.1,92.4,0.0,0.0
05/21/2026,1630,LH,255.75,-1.67,-0.65%,255.02,256.3199,250.58,45.42,0.17,0.27,278.7,248.59,250.71,258.64,-13202.01,-25058.01,21.01,59.1,18.1,-4.0,0.0
05/21/2026,1630,LI,16.20,+.02,+0.12%,15.95,16.355,15.94,35.7,0.55,0.52,16.62,17.27,15.54,19.74,-4105.01,-1594.01,6.01,45.3,100.4,0.0,-4.5
05/21/2026,1630,LII,480.51,-12.82,-2.60%,487.95,492.00,475.22,41.48,0.38,0.41,532.5,510.37,469.43,535.05,-6108.01,-47522.01,11.01,85.1,76.1,0.0,0.0
05/21/2026,1630,LIN,514.51,+7.88,+1.56%,509.46,516.525,505.751,58.39,0.2,0.25,491.59,490.4,493.65,519.93,5209.01,51653.01,1.13,75.1,81.2,0.5,0.3
05/21/2026,1630,LIT,84.38,+.89,+1.07%,83.25,84.83,83.25,49.97,0.34,0.37,67.61,86.61,80.03,91.76,-5106.02,-8220.02,11.02,76.2,59.2,0.0,0.0
05/21/2026,1630,LLY,1041.65,+22.78,+2.24%,1024.30,1047.295,1022.00,65.09,0.46,0.34,995.07,943.8,955.73,1054.55,9203.01,104730.01,1.17,13.1,81.4,0.0,14.0
05/21/2026,1630,LMND,57.05,-.31,-0.54%,56.56,57.78,56.02,49.1,0.78,0.71,48.29,52.89,51.36,58.0,2202.01,5778.01,1.03,13.1,55.1,-19.3,0.0
05/21/2026,1630,LMT,522.79,+.20,+0.04%,523.24,529.48,517.02,40.02,0.2,0.33,634.04,500.31,509.37,531.81,3214.01,52948.01,1.2,81.1,31.1,0.0,1.3
05/21/2026,1630,LNG,240.45,-3.21,-1.32%,246.00,246.76,238.1501,38.29,0.33,0.35,216.43,259.91,220.81,265.51,-5102.07,-23815.01,15.09,77.1,77.1,-1.2,-6.4
05/21/2026,1630,LOGI,105.80,+2.02,+1.95%,102.64,105.94,102.56,59.61,0.36,0.36,88.53,97.07,99.6,109.33,7201.09,11047.09,9.29,51.1,69.2,0.0,7.0
05/21/2026,1630,LOTMY,29.285,-.615,-2.06%,29.040,29.3025,28.9225,42.72,0.48,NaN,23.67,28.5,28.11,32.72,-2106.01,3304.11,11.17,0.0,NaN,0.0,0.0
05/21/2026,1630,LOW,217.41,-3.64,-1.65%,217.75,219.44,214.57,36.08,0.29,0.32,251.3,223.0,210.7,231.1,-10122.01,-20800.02,23.02,74.3,73.1,-11.5,-1.9
05/21/2026,1630,LQD,108.17,+.22,+0.20%,107.65,108.18,107.46,45.0,0.06,0.07,110.17,107.92,107.06,109.35,-7109.01,-10717.02,31.02,44.1,72.1,-1.2,-6.5
05/21/2026,1630,LRCX,302.24,+10.15,+3.47%,292.665,303.18,291.80,62.58,0.58,0.66,215.79,250.12,261.09,317.53,1202.01,30318.01,9.16,73.1,78.1,0.0,1.7
05/21/2026,1630,LUV,40.78,+1.08,+2.72%,39.075,40.9101,38.81,54.93,0.43,0.57,46.02,37.5,37.1,42.14,-3202.02,-3744.02,10.02,86.1,58.1,-0.6,0.0
05/21/2026,1630,LUXE,7.21,-.13,-1.77%,7.27,7.3227,7.06,34.97,0.59,0.69,9.04,8.81,6.42,8.7,-10111.02,-688.02,11.02,18.1,80.1,-0.9,-20.8
05/21/2026,1630,LVS,49.45,-.17,-0.34%,49.19,49.81,48.235,33.87,0.26,0.36,53.63,51.53,48.01,53.67,-10110.01,-4824.01,23.01,32.1,37.3,-2.7,-4.2
05/21/2026,1630,LW,42.81,+.85,+2.03%,41.65,43.13,40.56,50.34,0.34,0.34,45.92,41.52,40.28,44.28,-2201.01,-4056.01,3.01,34.1,63.1,0.0,0.0
05/21/2026,1630,LYB,70.08,-1.22,-1.71%,72.15,72.85,69.37,42.84,0.34,0.5,54.59,71.55,68.89,76.33,-5104.01,-6937.01,13.01,54.1,15.1,0.0,0.0
05/21/2026,1630,LYFT,13.48,+.13,+0.97%,13.22,13.595,13.015,45.41,0.31,0.55,12.83,14.0,12.58,14.43,-6109.02,-1280.02,9.02,25.1,10.1,-0.7,-5.2
05/21/2026,1630,LYV,165.98,+1.54,+0.94%,162.22,167.97,161.38,55.97,0.32,0.34,154.63,156.05,158.29,173.91,-2103.01,17312.06,6.2,25.1,60.1,0.1,7.2
05/21/2026,1630,M,20.62,+.62,+3.10%,19.78,20.70,19.6101,65.33,0.36,0.62,17.7,19.02,17.81,20.52,2203.01,2070.01,1.05,82.2,28.1,0.0,-0.2
05/21/2026,1630,MA,499.62,+1.58,+0.32%,496.00,501.38,490.07,48.92,0.27,0.25,491.26,489.73,489.66,507.64,-2204.01,-49007.01,3.01,50.1,81.2,-5.5,0.0
05/21/2026,1630,MAC,22.37,-.06,-0.27%,22.23,22.545,21.99,59.04,0.3,0.35,19.29,21.21,21.5,22.81,2203.01,2255.01,6.08,25.1,46.1,2.0,1.7
05/21/2026,1630,MAR,370.56,+.81,+0.22%,366.62,371.15,361.3962,63.34,0.24,0.3,320.56,345.38,347.49,371.46,4206.01,37115.01,1.14,54.1,34.1,0.0,0.0
05/21/2026,1630,MARA,13.55,+.40,+3.04%,13.14,13.77,13.08,63.84,0.72,0.88,7.59,11.26,11.9,14.18,2202.01,-1153.03,9.03,29.1,43.1,0.0,5.1
05/21/2026,1630,MCD,284.18,+3.91,+1.40%,281.05,285.15,279.945,44.52,0.21,0.21,327.7,282.4,270.9,287.93,2204.01,-27198.09,24.09,54.1,98.4,-3.4,0.0
05/21/2026,1630,MCHP,91.11,-2.91,-3.10%,93.00,93.275,89.1584,52.31,0.44,0.5,70.71,91.91,88.51,102.13,-5108.01,-8916.01,10.01,54.1,57.4,0.0,3.9
05/21/2026,1630,MCK,766.50,+11.82,+1.57%,752.57,766.61,748.97,41.43,0.34,0.27,943.69,735.79,700.51,805.48,1205.04,-72368.09,28.09,49.1,90.2,-9.1,0.0
05/21/2026,1630,MCO,445.37,+1.10,+0.25%,440.18,447.56,436.20,49.39,0.25,0.31,436.85,442.22,425.42,458.81,-10202.02,-42789.02,15.02,77.1,56.1,-1.8,-4.4
05/21/2026,1630,MCW,7.10,0,0.00%,0,0,0,66.52,0.05,NaN,6.96,7.04,7.02,7.12,5205.01,711.01,1.18,56.2,10.1,0.4,6.5
05/21/2026,1630,MDB,317.50,-11.64,-3.54%,325.40,325.40,312.73,63.14,0.55,0.92,229.6,255.62,274.03,355.47,8215.03,34921.03,3.29,93.4,57.1,17.4,6.9
05/21/2026,1630,MDLZ,61.50,-.34,-0.55%,61.74,61.89,60.90,58.71,0.19,0.23,58.7,60.26,60.58,62.03,1202.01,6189.01,1.02,33.1,36.1,0.0,20.9
05/21/2026,1630,MELI,1677.90,+26.70,+1.62%,1632.00,1680.00,1615.50,47.72,0.61,0.37,1654.24,1778.27,1410.27,1840.69,-5202.06,-149500.07,11.07,38.1,100.4,-0.1,-7.1
05/21/2026,1630,META,607.38,+2.32,+0.38%,600.00,609.60,594.8083,43.84,0.36,0.33,628.98,598.1,597.8,619.37,-2103.01,-59481.01,27.01,32.1,58.1,-23.6,0.0
05/21/2026,1630,MGM,37.66,+1.15,+3.15%,36.18,37.805,35.38,50.32,0.29,0.41,33.75,37.71,35.66,38.66,-14201.01,-3538.01,18.01,47.1,19.1,-7.7,-1.9
05/21/2026,1630,MGPI,18.10,+.03,+0.17%,18.25,18.575,17.61,41.06,0.43,0.54,18.42,18.75,17.03,19.72,-8109.02,-1751.02,12.07,58.3,79.1,-3.7,-5.2
05/21/2026,1630,MICC,16.27,+.13,+0.81%,15.92,16.345,15.89,62.26,0.67,0.36,14.89,14.58,14.43,16.8,2202.01,1703.05,5.21,NaN,NaN,1.1,15.8
05/21/2026,1630,MKOR,62.31,+1.79,+2.96%,62.38,62.39,61.025,59.91,0.57,0.44,43.99,56.68,56.47,66.3,-2201.03,-5661.03,10.03,98.4,88.2,0.0,3.5
05/21/2026,1630,MLCO,5.41,+.01,+0.19%,5.33,5.45,5.33,44.29,0.37,0.54,5.62,5.35,5.3,5.59,-11103.01,-533.01,22.01,49.1,51.1,-2.7,0.0
05/21/2026,1630,MLM,537.97,-4.01,-0.74%,535.00,543.06,531.12,27.85,0.23,0.3,641.95,599.5,513.58,596.98,-13111.02,-52731.02,11.02,80.1,60.1,-4.1,-23.0
05/21/2026,1630,MNDY,76.26,-2.89,-3.65%,77.57,77.7931,75.35,55.08,0.75,0.71,68.8,68.34,68.16,81.52,1204.03,8287.03,3.06,54.1,81.4,4.2,4.9
05/21/2026,1630,MNSO,13.74,-.17,-1.22%,13.60,13.80,13.42,34.01,0.33,0.57,16.36,14.48,13.55,14.97,-12105.01,-1342.01,32.01,77.3,38.2,-2.5,0.0
05/21/2026,1630,MNST,86.32,-.56,-0.64%,86.64,86.7499,85.473,65.03,0.5,0.26,78.34,74.6,78.07,94.2,4210.07,8866.04,8.13,39.1,97.4,16.9,1.1
05/21/2026,1630,MO,73.71,+.38,+0.52%,73.45,74.39,73.30,63.92,0.34,0.24,67.53,70.16,67.86,76.26,1207.05,7441.03,14.25,66.1,95.4,0.0,8.8
05/21/2026,1630,MOH,181.26,-.98,-0.54%,181.44,181.44,176.49,53.49,0.37,0.46,142.5,190.41,176.78,195.18,-6106.01,-17649.01,16.01,15.1,33.1,-3.4,0.0
05/21/2026,1630,MOO,80.46,-.59,-0.73%,80.55,80.765,79.68,36.69,0.17,0.21,82.02,83.01,79.28,83.69,-7111.01,-7968.01,12.01,82.2,87.2,-2.2,-4.9
05/21/2026,1630,MOVE:GIF,79.7179,-1.8169,-2.23%,81.5348,81.5348,79.7179,54.16,0.89,NaN,62.43,70.41,67.04,88.98,4205.02,8532.02,2.31,0.0,83.1,10.2,3.1
05/21/2026,1630,MP,61.74,+5.24,+9.27%,58.10,62.95,58.10,50.09,0.76,0.7,54.21,63.52,51.98,71.32,-6201.02,-5357.02,10.02,10.1,47.2,0.0,-0.4
05/21/2026,1630,MPC,248.43,-9.94,-3.85%,261.15,262.055,247.9994,52.84,0.4,0.41,190.32,241.01,241.06,265.55,5101.01,26206.01,1.25,81.1,90.1,0.0,12.6
05/21/2026,1630,MPLX,55.62,+.18,+0.32%,55.60,56.02,55.355,50.36,0.23,0.22,58.19,54.52,53.45,57.03,1204.02,-5394.07,13.07,40.1,97.4,0.0,0.0
05/21/2026,1630,MPNGY,21.09,-.54,-2.50%,20.91,21.18,20.87,47.58,0.54,NaN,18.68,20.88,20.28,22.78,-2101.04,-2064.05,7.05,0.0,92.4,0.0,0.0
05/21/2026,1630,MRNA,47.26,-.86,-1.79%,47.63,47.93,46.484,44.1,0.65,0.78,48.09,43.68,44.09,54.66,-3105.02,5462.08,8.15,57.1,63.2,-1.4,0.0
05/21/2026,1630,MRVL,190.69,+3.89,+2.08%,192.51,194.58,188.20,69.06,0.65,0.95,76.65,159.26,160.72,193.97,2203.01,19458.01,1.38,97.4,73.2,1.0,4.2
05/21/2026,1630,MSFT,419.09,-1.97,-0.47%,424.75,426.34,415.71,54.84,0.25,0.3,381.71,405.11,405.79,426.53,4205.01,42634.01,1.06,69.1,75.1,0.0,0.2
05/21/2026,1630,MSGS,352.31,-.84,-0.24%,350.22,352.61,343.57,63.49,0.26,0.3,309.98,327.42,331.24,362.85,5207.02,35679.02,2.07,56.1,68.1,7.1,0.1
05/21/2026,1630,MSM,105.98,-.19,-0.18%,105.21,106.605,103.9211,62.44,0.31,0.32,90.09,100.63,102.42,109.03,-2202.02,-10297.02,9.02,50.1,81.3,0.0,6.7
05/21/2026,1630,MSTR,164.85,-.96,-0.58%,164.28,168.71,160.57,47.53,0.63,0.7,118.4,169.43,156.64,194.76,-5105.01,-16057.01,9.01,19.1,55.1,0.0,0.0
05/21/2026,1630,MTCH,35.66,-.33,-0.92%,35.61,35.99,35.17,50.43,0.36,0.35,30.16,36.19,33.68,38.1,-5111.07,-3483.02,11.07,29.1,74.2,-2.6,-2.2
05/21/2026,1630,MTDR,56.09,-3.43,-5.76%,60.32,60.32,55.81,42.0,0.49,0.47,48.07,57.72,52.81,64.22,2101.02,-5490.1,17.1,56.1,91.3,0.0,0.0
05/21/2026,1630,MTUM,302.16,+2.57,+0.86%,297.84,302.85,297.84,63.77,0.26,0.29,242.65,282.46,285.08,314.06,-1202.03,30796.06,9.37,87.2,92.2,0.0,3.1
05/21/2026,1630,MU,762.10,+30.11,+4.11%,736.36,764.90,732.20,66.92,0.87,0.9,374.55,510.21,632.34,899.45,-1105.03,81867.09,9.37,96.4,99.4,1.7,3.8
05/21/2026,1630,MUR,37.77,-1.21,-3.10%,39.76,39.84,37.07,44.23,0.46,0.55,30.29,38.84,36.05,42.15,-1102.01,-3707.01,16.09,63.1,48.1,-0.1,0.0
05/21/2026,1630,MUSA,544.51,-11.13,-2.00%,557.565,561.475,528.40,47.94,0.57,0.38,378.82,570.2,537.61,600.14,-3106.01,-52840.01,12.01,58.1,90.4,0.0,12.5
05/21/2026,1630,MZTI,112.77,+.77,+0.69%,111.34,114.4679,110.31,30.64,0.35,0.26,160.21,111.04,107.2,119.07,-12115.09,-11031.01,30.13,66.1,82.3,-17.8,-0.2
05/21/2026,1630,N225:JP,61684.14,0,0.00%,0,0,0,58.42,0.27,NaN,56680.88,58928.2,58755.87,64213.45,-2201.02,-5929225.02,8.02,0.0,75.1,0.0,1.2
05/21/2026,1630,NBIS,219.93,+28.11,+14.65%,211.74,226.81,208.80,65.91,1.2,1.08,83.53,140.0,169.06,239.95,10201.01,22879.05,5.16,81.3,90.2,3.8,7.3
05/21/2026,1630,NBIX,155.50,+.83,+0.54%,153.74,157.26,152.54,67.74,0.38,0.35,128.0,129.86,144.91,172.49,-1103.02,16239.06,7.17,50.1,76.4,8.4,11.9
05/21/2026,1630,NCLH,16.47,+.44,+2.74%,15.63,16.81,15.43,43.94,0.57,0.63,20.52,16.91,14.08,17.88,-15202.02,-1453.03,25.03,75.1,67.1,-8.2,-11.9
05/21/2026,1630,NEE,89.69,+1.42,+1.61%,88.97,89.85,88.46,41.37,0.31,0.26,90.33,94.98,86.73,96.98,-7105.01,-8809.02,15.02,13.1,83.4,-0.2,0.0
05/21/2026,1630,NEM,108.33,+.94,+0.88%,106.48,109.61,104.62,44.8,0.59,0.46,115.88,107.4,101.9,121.98,-5105.01,-10462.01,9.01,49.1,82.2,0.0,0.0
05/21/2026,1630,NET,212.65,+2.52,+1.20%,210.49,213.745,206.60,52.53,1.11,0.63,159.13,209.0,169.67,251.49,-4201.07,-18575.07,11.07,55.1,98.4,0.0,-0.8
05/21/2026,1630,NFLX,89.30,+1.21,+1.37%,88.03,90.3699,87.5201,45.77,0.25,0.33,75.21,86.72,84.81,91.41,2204.01,9148.03,3.09,31.1,46.1,-3.6,0.2
05/21/2026,1630,NIKL,15.08,-.0969,-0.64%,14.92,15.18,14.7661,35.78,0.42,NaN,17.58,16.67,14.16,17.78,-6107.01,-1473.02,8.02,0.0,70.1,0.0,-6.6
05/21/2026,1630,NKE,44.39,+.20,+0.45%,43.89,44.74,43.16,49.73,0.27,0.41,58.62,42.65,41.31,44.84,1202.01,4474.01,1.04,53.1,23.1,-4.5,0.0
05/21/2026,1630,NLR,129.95,+2.11,+1.65%,127.90,131.34,126.50,41.82,0.48,0.37,138.57,140.78,119.2,147.18,-8108.02,-12358.03,11.03,47.1,83.2,-1.0,-11.5
05/21/2026,1630,NNN,44.98,-.32,-0.71%,45.15,45.33,44.88,58.54,0.13,0.17,43.92,43.48,43.64,45.4,3204.01,4533.01,1.05,11.1,13.1,0.0,1.3
05/21/2026,1630,NOAH,10.48,+.24,+2.34%,10.16,10.60,10.16,49.7,0.3,0.69,11.2,10.35,10.06,10.91,-6109.01,-1016.01,10.01,81.4,41.1,0.0,0.0
05/21/2026,1630,NORW,39.34,+.09,+0.23%,39.39,39.39,39.09,63.77,0.13,NaN,34.58,38.14,37.86,39.65,3204.01,3939.01,1.05,0.0,23.1,3.8,4.2
05/21/2026,1630,NOW,99.69,-3.61,-3.49%,100.99,101.59,98.11,55.03,0.54,0.62,100.16,87.87,85.67,106.64,4206.02,10335.02,2.06,92.2,81.4,0.0,0.0
05/21/2026,1630,NSA,42.78,+.22,+0.52%,42.10,42.80,41.68,55.77,0.27,0.4,33.85,41.41,40.8,44.12,-3202.03,-4074.03,9.03,48.2,57.1,0.0,-0.3
05/21/2026,1630,NSC,311.44,-.40,-0.13%,311.85,314.84,310.06,50.86,0.17,0.26,309.72,310.2,307.96,319.88,-2102.01,-31006.02,2.02,77.2,48.4,0.0,1.4
05/21/2026,1630,NSP,30.86,-.75,-2.37%,31.30,31.475,30.00,51.04,1.07,0.75,20.42,27.68,28.31,34.04,1101.03,-2768.12,17.12,81.1,91.4,-7.1,0.0
05/21/2026,1630,NSSC,36.69,-.03,-0.08%,36.58,37.29,36.12,33.65,0.69,0.43,42.21,39.16,31.08,40.35,1202.01,-3522.03,15.12,27.1,100.4,-15.2,-18.9
05/21/2026,1630,NTLA,12.37,+.11,+0.90%,11.96,12.455,11.82,42.53,0.89,0.81,12.7,12.8,11.61,14.63,-5106.01,-1182.01,9.01,13.1,58.4,-1.8,0.0
05/21/2026,1630,NTR,70.24,+.13,+0.19%,70.40,71.00,69.90,43.06,0.4,0.33,71.23,73.43,65.96,75.98,-3112.09,-6886.09,13.09,52.1,84.3,0.0,-4.0
05/21/2026,1630,NUE,226.44,+.77,+0.34%,225.73,227.89,224.22,61.01,0.29,0.35,171.29,222.79,221.0,234.86,-3105.02,-22177.02,18.02,21.1,54.2,-0.3,3.9
05/21/2026,1630,NVDA,219.51,-3.96,-1.77%,222.29,227.3999,217.93,57.76,0.45,0.43,174.64,194.74,202.24,243.49,7101.05,23654.06,6.14,45.2,96.4,6.9,4.6
05/21/2026,1630,NVO,44.39,-.68,-1.51%,44.22,44.585,43.735,55.69,0.37,0.42,35.85,43.1,43.26,47.35,-2105.01,-4374.01,9.01,1.1,32.1,0.0,7.6
05/21/2026,1630,NXPI,299.38,-10.77,-3.47%,308.50,309.37,297.48,63.53,0.91,0.49,213.19,285.51,288.37,309.72,2202.01,30937.01,1.03,88.2,100.4,0.0,27.3
05/21/2026,1630,NYT,74.26,-.07,-0.09%,73.96,74.685,72.97,38.89,0.39,0.33,73.72,77.14,71.85,81.08,-9110.01,-7297.01,11.01,67.1,88.4,0.0,-9.3
05/21/2026,1630,O,62.23,-.01,-0.02%,62.10,62.355,61.65,46.91,0.19,0.19,65.0,63.21,60.36,63.8,-9202.05,-6111.05,30.07,48.1,87.4,-3.5,-6.4
05/21/2026,1630,OC,116.06,+2.63,+2.32%,112.06,116.475,109.62,47.88,0.44,0.4,110.61,116.31,107.2,124.31,-6201.01,-10962.01,11.01,40.1,85.2,-2.1,-4.6
05/21/2026,1630,OIH,445.13,-5.91,-1.31%,454.889,455.355,442.33,59.64,0.25,0.37,380.68,426.35,420.79,461.82,5208.01,45928.02,2.11,68.1,10.1,0.0,1.5
05/21/2026,1630,OKE,92.62,+.47,+0.51%,93.09,93.78,91.65,58.55,0.33,0.34,79.73,84.78,85.22,96.73,5208.02,9607.02,2.1,67.1,90.2,1.3,2.5
05/21/2026,1630,OKLO,65.09,+2.51,+4.01%,61.92,65.29,61.10,49.35,1.2,0.95,60.0,66.08,52.9,79.11,-5107.02,-5664.02,11.02,16.1,80.4,0.0,-0.2
05/21/2026,1630,OKTA,89.44,+.40,+0.45%,88.50,90.95,87.30,67.12,0.4,0.81,68.96,75.01,75.35,92.64,8206.01,9095.01,1.28,98.4,61.1,4.3,1.5
05/21/2026,1630,OLLI,83.07,+.82,+1.00%,82.72,83.99,81.28,47.43,0.51,0.56,98.19,80.8,73.3,86.43,1204.01,-7332.07,48.07,95.4,100.4,-3.5,0.0
05/21/2026,1630,OMF,53.75,-.44,-0.81%,53.57,53.76,52.62,43.47,0.31,0.31,53.2,54.74,51.22,56.26,-8202.07,-5162.07,23.07,20.1,64.1,-10.5,-0.2
05/21/2026,1630,ON,109.61,-.60,-0.54%,109.04,109.86,107.04,62.14,0.63,0.66,62.38,96.08,99.07,119.71,2202.06,11910.06,6.37,83.3,83.4,1.4,3.8
05/21/2026,1630,ONEW,10.65,+.45,+4.41%,10.06,10.805,9.74,50.27,0.67,0.67,10.6,9.41,9.5,12.18,-4105.01,-974.01,9.01,24.1,75.3,0.0,0.0
05/21/2026,1630,ONON,39.19,+1.34,+3.54%,37.575,39.255,37.01,63.71,0.37,0.49,40.1,33.81,33.79,40.0,5207.01,3926.01,1.07,48.1,42.1,0.5,0.0
05/21/2026,1630,ONTO,261.45,-1.67,-0.63%,260.25,264.61,257.625,46.1,0.59,0.71,201.47,286.0,238.37,299.15,-7112.02,-23812.03,25.03,75.2,63.1,-1.7,-1.8
05/21/2026,1630,ORCL,189.77,+1.61,+0.86%,189.01,192.82,187.20,57.86,0.48,0.74,138.73,166.15,176.01,202.96,-1201.03,20071.06,10.3,88.3,42.1,0.0,7.4
05/21/2026,1630,ORLY,92.34,+.12,+0.13%,91.675,93.77,91.28,49.78,0.38,0.28,90.22,93.09,87.22,95.4,1202.01,-8817.05,14.05,63.1,99.4,0.0,-3.4
05/21/2026,1630,OSCR,22.14,-1.28,-5.47%,22.87,23.41,21.68,60.57,0.67,0.79,11.71,17.81,19.25,27.02,17101.04,2558.04,4.38,30.1,50.2,14.8,7.5
05/21/2026,1630,OSK,127.12,+1.32,+1.05%,124.00,128.975,122.47,38.95,0.58,0.44,161.44,149.52,105.81,148.06,-7201.03,-11677.03,11.05,78.1,98.4,-1.9,-18.8
05/21/2026,1630,OTLY,10.15,+.15,+1.50%,10.00,10.22,9.90,38.88,0.46,0.66,10.96,10.81,9.3,10.98,-6201.14,-974.03,25.15,27.1,19.1,-10.8,0.0
05/21/2026,1630,OUT,33.33,+.48,+1.46%,32.60,33.42,32.355,64.32,0.35,0.35,25.77,30.61,30.85,34.06,1202.01,3398.09,9.37,66.1,77.4,0.0,4.1
05/21/2026,1630,OVX:CGI,73.54,+.77,+1.06%,75.33,75.68,70.95,47.33,0.57,NaN,56.01,72.14,68.13,77.31,1203.01,-6862.06,33.11,0.0,8.1,-0.6,0.5
05/21/2026,1630,OXLC,9.65,-.25,-2.53%,9.89,9.94,9.635,41.24,0.24,NaN,8.2,9.95,9.58,10.34,-5105.01,-964.01,14.01,0.0,35.1,-0.3,0.0
05/21/2026,1630,OXM,39.03,+1.07,+2.82%,37.79,39.467,36.75,42.34,0.54,0.7,36.95,40.69,35.28,45.36,-8109.01,-3675.01,11.01,77.2,45.2,-3.4,-9.5
05/21/2026,1630,OXY,58.83,-.04,-0.07%,60.65,60.84,58.02,53.07,0.46,0.4,49.81,54.74,52.99,62.68,5206.01,6124.02,2.1,71.1,95.3,0.0,0.0
05/21/2026,1630,PAG,161.73,+2.75,+1.73%,157.41,162.44,155.015,48.25,0.36,0.34,150.77,164.46,153.59,175.07,-5108.01,-15501.01,15.01,90.2,91.4,0.0,0.0
05/21/2026,1630,PALL,25.22,+.21,+0.84%,24.62,25.33,24.50,39.34,0.39,0.35,29.0,26.62,23.96,28.05,-7107.01,-2450.01,31.01,21.1,40.1,0.0,-1.3
05/21/2026,1630,PAM,81.71,+2.27,+2.86%,80.73,82.36,79.51,49.89,0.46,0.44,69.34,78.01,78.76,84.83,-1102.01,-7951.01,2.01,32.1,60.4,0.0,-0.3
05/21/2026,1630,PATH,10.57,-.20,-1.86%,10.57,10.62,10.26,50.59,0.49,0.92,9.47,10.22,9.54,11.23,2204.03,1130.03,3.05,86.3,35.1,0.2,0.0
05/21/2026,1630,PBD,21.33,+.62,+2.99%,20.74,21.395,20.74,57.79,0.29,0.43,17.16,20.77,20.33,22.24,-4201.02,-2031.02,9.02,67.2,92.2,0.0,0.0
05/21/2026,1630,PBH,48.23,+1.04,+2.20%,46.71,48.46,46.40,34.89,0.54,0.53,66.54,53.1,42.18,54.52,-13117.05,-4557.03,17.05,98.2,100.4,-7.2,-16.0
05/21/2026,1630,PBJ,48.4201,-.2425,-0.50%,48.42,48.4201,48.1999,43.55,0.13,NaN,49.36,49.41,47.31,49.79,-6101.07,-4796.04,15.07,21.2,72.1,-2.6,-6.8
05/21/2026,1630,PBR,20.03,+.20,+1.01%,20.21,20.48,19.97,45.59,0.35,0.42,16.2,20.78,18.73,21.79,-8103.05,-1956.04,14.06,78.1,76.1,-1.2,-5.6
05/21/2026,1630,PCAR,109.34,-2.30,-2.06%,110.74,110.74,107.78,36.08,0.31,0.31,120.58,112.69,107.47,116.01,-10118.01,-10778.01,18.01,61.1,88.3,-11.8,0.0
05/21/2026,1630,PD,7.05,-.11,-1.54%,6.92,7.08,6.81,53.41,0.81,1.12,6.2,6.82,6.45,7.44,-4202.02,-660.02,11.02,95.4,84.4,0.0,2.2
05/21/2026,1630,PDD,97.79,-.36,-0.37%,96.57,97.90,95.70,48.04,0.37,0.45,99.04,96.61,93.42,101.69,-6202.03,-9413.04,11.04,73.2,87.4,-0.6,-0.1
05/21/2026,1630,PEB,14.86,-.07,-0.47%,14.83,14.96,14.54,62.96,0.28,0.5,12.04,13.84,13.99,15.09,2202.01,1496.01,1.05,47.1,25.1,3.0,2.0
05/21/2026,1630,PECO,40.53,+.54,+1.35%,39.76,40.58,39.34,60.92,0.16,0.35,38.54,38.9,39.28,40.59,-2202.01,-3934.01,1.01,58.3,56.4,-0.4,0.9
05/21/2026,1630,PENN,16.70,+.53,+3.28%,15.99,16.915,15.885,55.61,0.33,0.46,12.09,16.48,15.31,17.22,1201.01,-1550.07,17.07,8.1,17.1,-9.2,0.0
05/21/2026,1630,PEP,148.85,-.44,-0.29%,149.29,149.67,146.38,39.25,0.2,0.24,163.67,152.54,144.05,156.48,-7110.01,-14638.01,10.06,28.1,60.2,-0.2,-9.9
05/21/2026,1630,PFE,25.95,+.16,+0.62%,25.765,25.96,25.57,44.89,0.18,0.24,26.35,26.01,25.06,26.52,-14202.03,-2524.03,18.03,10.1,12.1,-5.9,-6.3
05/21/2026,1630,PFF,31.13,+.02,+0.06%,31.11,31.175,30.975,45.21,0.08,0.22,31.03,31.23,30.86,31.79,-5105.01,-3098.01,9.01,100.4,77.2,0.0,-0.1
05/21/2026,1630,PFG,103.92,+1.11,+1.08%,102.81,104.03,101.80,68.3,0.17,0.23,90.79,99.05,99.83,103.84,1202.01,10403.01,1.02,15.1,19.1,0.0,2.6
05/21/2026,1630,PFIG,23.85,+.0288,+0.12%,23.789,23.856,23.76,40.95,0.04,NaN,24.29,23.92,23.69,24.1,-7106.01,-2374.02,9.02,0.0,89.2,0.0,-3.8
05/21/2026,1630,PFIX,50.15,-.62,-1.22%,51.00,51.00,50.00,61.31,0.27,0.25,41.45,46.65,46.99,52.68,11220.02,5196.02,2.36,15.1,35.1,19.2,8.9
05/21/2026,1630,PG,143.40,+.96,+0.67%,141.88,143.72,140.09,47.08,0.2,0.23,158.62,142.18,139.12,146.97,-7201.01,-14009.01,18.01,63.1,74.1,-5.0,-3.7
05/21/2026,1630,PGNY,24.69,-.95,-3.71%,25.56,25.8972,24.645,70.3,0.83,0.45,16.76,18.49,20.68,28.08,14229.08,2590.01,8.34,22.1,84.4,22.6,12.3
05/21/2026,1630,PGRO,47.7434,+.1262,+0.27%,47.59,47.80,47.39,64.79,0.15,NaN,41.65,45.71,46.2,48.94,-1202.03,4840.06,6.38,0.0,44.1,2.4,9.1
05/21/2026,1630,PINK,36.67,+.11,+0.30%,36.18,36.7999,36.08,62.83,0.15,0.23,34.93,34.48,35.13,37.76,7202.06,3740.06,6.17,38.1,21.1,6.8,10.6
05/21/2026,1630,PINS,18.85,+.04,+0.21%,18.61,19.26,18.02,42.47,0.5,0.56,16.6,19.83,17.89,21.63,-6109.01,-1802.01,11.01,53.1,75.1,0.0,-0.4
05/21/2026,1630,PJP,108.37,+.8584,+0.80%,107.01,108.38,107.01,59.14,0.16,0.15,106.32,104.71,104.84,109.51,-1202.04,10847.06,7.49,29.2,53.1,0.0,5.0
05/21/2026,1630,PK,11.46,+.07,+0.61%,11.30,11.56,11.205,57.98,0.28,0.59,10.68,10.98,10.68,11.54,2202.01,1156.01,1.05,89.2,15.1,0.0,-2.0
05/21/2026,1630,PKB,101.03,+.1173,+0.12%,99.97,101.4568,99.901,42.1,0.26,0.26,103.14,106.68,96.66,108.12,-9111.02,-9831.03,11.03,85.1,88.1,-0.7,-11.2
05/21/2026,1630,PLAY,11.56,+.41,+3.68%,10.97,11.58,10.69,52.75,0.64,1.0,13.22,10.32,9.53,11.64,3204.01,1158.01,1.16,87.3,39.1,-8.0,0.0
05/21/2026,1630,PLD,144.63,-.05,-0.03%,144.32,145.29,142.795,59.38,0.2,0.25,137.82,138.0,139.99,146.28,2202.01,14529.01,8.13,15.1,39.1,0.0,4.1
05/21/2026,1630,PLNT,50.48,+.24,+0.48%,50.00,51.17,49.1601,33.52,1.42,0.54,79.18,62.39,34.96,57.27,1206.06,-4150.1,23.1,91.3,100.4,-12.5,-4.5
05/21/2026,1630,PLTR,137.415,+.265,+0.19%,135.80,138.55,135.42,48.25,0.39,0.5,126.37,131.15,127.76,143.43,-6202.06,-12945.06,32.06,0.1,16.1,-2.2,-0.4
05/21/2026,1630,PM,188.46,-.17,-0.09%,188.19,189.70,187.22,67.32,0.33,0.29,175.64,165.51,171.29,204.13,9222.05,19305.03,6.23,46.1,80.4,20.0,12.3
05/21/2026,1630,PNC,218.37,+1.54,+0.71%,215.69,218.68,214.55,52.54,0.21,0.26,205.89,217.15,208.2,222.46,-5202.05,-20970.07,30.07,30.1,59.1,-3.0,-3.4
05/21/2026,1630,PNDRY,10.80,+.18,+1.69%,10.648,10.82,10.648,63.97,0.56,NaN,9.28,9.58,9.71,11.41,1202.01,1082.01,11.16,0.0,78.2,6.5,9.2
05/21/2026,1630,POET,14.82,+.04,+0.27%,13.99,15.33,13.84,58.11,3.44,1.54,5.61,6.69,9.48,22.02,-1104.03,2027.05,5.38,94.4,98.4,9.4,7.5
05/21/2026,1630,POOL,181.69,-.14,-0.08%,180.89,181.71,177.27,35.61,0.43,0.4,210.67,186.94,162.93,195.03,-7202.12,-17268.04,21.12,77.1,88.2,0.0,0.0
05/21/2026,1630,PPLT,17.85,+.14,+0.79%,17.47,17.88,17.39,45.67,0.44,0.33,18.27,17.57,16.92,19.61,-4105.01,-1738.02,7.02,19.1,54.1,0.0,0.0
05/21/2026,1630,PR,20.43,-.46,-2.20%,21.18,21.37,20.315,47.62,0.39,0.39,17.09,21.06,18.87,22.25,1101.03,-1966.1,13.1,32.1,87.4,0.0,-0.6
05/21/2026,1630,PRAA,14.62,+.08,+0.55%,14.40,14.83,14.08,25.26,0.71,0.63,10.37,20.38,10.69,18.68,-8114.05,-1408.01,25.06,50.4,78.2,-11.7,-23.1
05/21/2026,1630,PRGO,11.35,+.19,+1.70%,11.04,11.375,10.88,51.95,0.49,0.54,11.3,11.31,10.1,12.07,-5202.05,-1052.05,11.05,66.1,73.1,-0.3,-9.5
05/21/2026,1630,PRMB,23.09,+.53,+2.35%,22.33,23.185,22.25,62.08,0.55,0.41,18.68,19.51,20.4,25.64,5201.06,2396.06,8.16,27.1,84.3,4.5,1.5
05/21/2026,1630,PRVA,22.64,-.54,-2.33%,23.14,23.14,22.61,43.11,0.3,0.34,21.0,23.86,21.8,24.41,-6103.06,-2246.06,14.06,19.1,46.1,-3.8,-1.2
05/21/2026,1630,PSA,304.99,+2.12,+0.70%,300.41,305.03,296.98,54.11,0.28,0.26,297.76,294.65,290.53,315.07,-3202.03,-28921.03,10.03,53.1,88.2,0.0,-0.3
05/21/2026,1630,PSCE,62.6249,-.9157,-1.44%,63.98,63.98,62.235,55.14,0.25,0.3,53.7,60.59,59.93,64.9,4206.01,6502.02,2.11,40.1,31.1,0.0,1.9
05/21/2026,1630,PSCI,166.0929,+.3723,+0.22%,164.07,166.5801,164.07,47.13,0.24,0.21,165.06,169.48,159.93,174.61,-6109.03,-16180.03,11.03,67.1,81.1,0.0,-3.2
05/21/2026,1630,PSCU,63.7202,+.0565,+0.09%,63.40,63.7202,63.40,47.85,0.16,NaN,57.81,65.14,61.46,65.51,-6201.07,-6278.07,27.07,0.0,52.2,-9.5,-10.1
05/21/2026,1630,PSP,60.81,+.79,+1.32%,59.80,60.81,59.61,52.87,0.21,0.19,57.4,60.74,58.51,62.32,-5201.02,-5846.02,25.02,53.1,71.1,-2.3,0.0
05/21/2026,1630,PSX,174.05,-5.29,-2.95%,181.28,181.63,173.23,51.48,0.38,0.38,149.14,169.89,167.75,183.72,4101.01,18163.01,1.29,79.1,87.3,0.0,9.5
05/21/2026,1630,PTLO,4.10,+.20,+5.13%,3.90,4.12,3.81,33.63,0.86,0.78,5.02,4.48,2.62,4.57,1202.02,-381.01,21.1,88.1,88.4,-32.4,-9.8
05/21/2026,1630,PVH,86.71,+2.05,+2.42%,84.30,87.10,83.14,53.72,0.46,0.64,64.0,86.57,74.54,92.26,-9202.05,-7835.03,31.07,98.4,68.3,-5.4,-9.1
05/21/2026,1630,PYPL,44.30,-.075,-0.17%,44.19,44.69,43.83,36.52,0.33,0.35,43.03,44.51,41.0,47.63,-7116.08,-4293.02,23.1,24.1,52.1,-15.4,-8.8
05/21/2026,1630,PZZA,32.75,+.41,+1.27%,32.40,32.98,31.695,44.28,0.55,0.63,30.16,33.49,30.78,35.33,-1104.01,3610.05,5.09,79.3,73.1,-7.6,0.0
05/21/2026,1630,QAT,18.6046,+.0096,+0.05%,18.60,18.67,18.53,43.11,0.13,NaN,18.5,18.75,18.21,19.19,-5108.03,-1818.03,10.03,0.0,66.1,-1.4,-6.1
05/21/2026,1630,QBTS,25.74,+6.44,+33.37%,21.76,25.83,21.61,64.1,1.37,1.1,17.46,19.57,17.44,25.49,1201.01,2583.01,1.02,57.2,87.3,0.0,0.0
05/21/2026,1630,QCOM,213.41,+10.90,+5.38%,202.78,214.01,197.60,64.92,1.0,0.75,136.3,164.79,181.37,245.69,-3107.03,24790.09,9.33,98.4,99.4,0.0,3.6
05/21/2026,1630,QMOM,77.23,+.49,+0.64%,76.39,77.445539,76.25,52.84,0.32,0.22,69.14,76.25,74.49,81.01,-4105.02,-7380.03,9.03,71.2,91.1,0.0,0.0
05/21/2026,1630,QQQ,714.51,+1.36,+0.19%,708.99,717.12,706.77,70.31,0.17,0.23,591.87,668.8,682.86,738.03,-1202.03,72203.06,10.38,54.1,56.1,1.7,8.3
05/21/2026,1630,QS,8.38,+.71,+9.26%,7.63,8.50,7.60,59.85,0.79,0.93,6.45,7.11,7.02,9.01,-3201.02,-716.02,6.02,42.2,44.4,0.0,0.0
05/21/2026,1630,QSR,76.25,-.28,-0.37%,75.98,76.495,74.79,45.1,0.3,0.23,67.28,76.21,73.16,80.76,-7109.04,-7479.01,12.04,19.1,88.3,-0.8,-9.1
05/21/2026,1630,QTUM,149.33,+3.89,+2.67%,146.305,149.74,145.92,68.35,0.33,0.35,109.58,133.48,136.53,153.22,1202.01,14974.01,9.37,89.2,89.2,0.0,7.5
05/21/2026,1630,QUBT,11.41,+1.85,+19.35%,10.47,11.445,10.32,60.35,1.22,1.08,7.7,8.84,8.81,12.35,-2201.02,-919.02,6.02,57.3,77.4,0.0,0.0
05/21/2026,1630,R,238.45,+3.66,+1.56%,233.36,240.095,228.76,56.2,0.41,0.38,208.26,232.73,220.57,245.55,-5202.06,-22498.06,19.07,65.1,83.3,-8.1,-0.3
05/21/2026,1630,RBLX,46.14,+.35,+0.76%,45.24,46.93,44.934,44.07,0.96,0.68,60.64,41.75,40.73,48.26,2205.01,-4015.07,22.13,52.1,98.4,-13.9,0.0
05/21/2026,1630,RCL,260.32,+6.43,+2.53%,247.20,262.14,244.861,47.23,0.48,0.55,285.61,256.6,240.35,281.86,-6109.01,-24486.01,10.01,83.1,71.1,-0.1,0.0
05/21/2026,1630,RDNT,54.44,+.23,+0.42%,53.75,54.99,52.40,43.35,0.36,0.53,65.97,56.14,50.21,59.23,-8109.02,-5192.02,9.04,61.1,47.1,-0.6,-6.2
05/21/2026,1630,REAL,9.27,-.17,-1.80%,9.20,9.50,9.02,39.31,0.88,0.9,10.77,11.58,7.14,12.29,-6110.05,-869.02,11.07,54.1,77.4,-2.9,-12.3
05/21/2026,1630,REG,78.34,+.60,+0.77%,77.51,78.41,76.82,52.63,0.14,0.18,76.69,77.26,75.82,79.17,-9202.05,-7587.05,24.05,8.1,31.2,-9.8,0.0
05/21/2026,1630,REGN,642.59,-7.17,-1.10%,645.00,650.32,639.81,32.32,0.49,0.32,753.79,699.23,611.51,736.73,-3105.02,-63360.02,36.02,4.1,88.4,-0.9,-8.0
05/21/2026,1630,REXR,36.06,+.03,+0.08%,35.73,36.165,35.41,54.81,0.21,0.4,36.4,34.97,34.71,36.56,-6202.02,-3465.03,9.03,87.1,33.1,0.0,0.0
05/21/2026,1630,REZ,91.63,-.31,-0.34%,91.10,91.64,90.9001,59.66,0.14,0.12,88.2,89.1,89.5,92.77,1203.02,-8937.04,10.04,2.1,50.2,0.0,7.8
05/21/2026,1630,RGTI,22.04,+5.16,+30.57%,18.685,22.10,18.40,63.3,1.29,1.08,15.66,16.81,15.36,21.71,1201.01,2210.01,1.02,55.1,88.4,0.0,0.0
05/21/2026,1630,RH,139.08,+5.92,+4.45%,131.07,142.08,128.95,58.28,0.54,0.88,148.86,120.09,118.54,139.74,1202.01,14208.01,1.02,71.2,38.1,0.0,-2.1
05/21/2026,1630,RHP,112.41,+1.42,+1.28%,109.71,112.50,106.755,68.47,0.23,0.35,95.43,104.68,104.63,113.84,2204.01,11250.01,1.35,75.1,45.1,0.0,6.6
05/21/2026,1630,RIOT,24.47,+.80,+3.38%,23.90,24.77,23.63,66.02,0.89,0.89,15.15,18.16,20.41,28.25,-1201.04,2586.09,9.16,31.1,69.2,2.1,13.7
05/21/2026,1630,RIVN,14.15,+.42,+3.06%,13.63,14.25,13.5598,44.69,0.53,0.66,14.56,14.39,12.85,14.86,-9202.02,-1265.03,22.13,27.1,64.1,-19.5,-2.6
05/21/2026,1630,ROBO,85.24,+1.18,+1.40%,83.57,85.48,83.35,60.11,0.28,0.29,73.1,80.32,81.03,88.91,-2201.02,-8193.02,9.02,84.3,88.1,0.0,4.2
05/21/2026,1630,ROK,440.25,+4.02,+0.92%,432.59,441.76,429.0288,56.85,0.45,0.32,387.6,400.31,409.38,480.62,-2104.02,46211.09,9.17,43.1,100.4,0.0,1.9
05/21/2026,1630,ROKU,125.08,+.92,+0.74%,123.465,127.76,122.28,60.16,0.34,0.48,84.09,115.0,120.65,129.67,-3105.01,-12021.02,10.02,13.1,22.1,0.0,12.4
05/21/2026,1630,ROST,217.19,-.60,-0.28%,216.37,218.95,215.01,47.22,0.26,0.39,194.07,224.01,203.27,229.27,-10202.03,-20820.03,11.06,96.4,73.2,0.0,-11.1
05/21/2026,1630,RRC,41.14,-.94,-2.23%,42.39,42.535,40.97,43.94,0.26,0.35,37.67,41.02,39.86,43.42,3101.02,4318.02,2.1,27.1,15.1,0.0,0.0
05/21/2026,1630,RRR,53.37,+.92,+1.75%,51.93,53.71,51.155,48.64,0.33,0.41,57.86,50.94,50.82,54.53,-14202.01,-5116.01,32.01,65.1,53.1,-6.6,0.0
05/21/2026,1630,RSI,27.40,-.25,-0.90%,27.44,27.75,27.01,59.3,0.64,0.54,18.2,26.17,26.44,28.66,-2101.06,2924.13,15.29,37.1,84.4,0.0,17.6
05/21/2026,1630,RSP,204.71,+.88,+0.43%,202.94,204.90,201.81,59.2,0.1,0.16,198.55,201.23,201.48,205.79,-5202.01,-20181.01,9.01,79.1,21.1,0.0,1.7
05/21/2026,1630,RSPG,107.16,-1.42,-1.31%,109.67,109.855,106.68,53.56,0.28,0.26,96.12,103.59,101.0,112.3,4206.02,11148.02,2.11,88.2,98.4,0.0,0.9
05/21/2026,1630,RSPU,79.64,+.78,+0.99%,78.87,79.66,78.725,48.77,0.16,0.19,81.11,79.95,76.4,81.03,1202.02,-7715.04,15.05,84.2,77.2,-7.5,-9.6
05/21/2026,1630,RTO,31.56,-.39,-1.22%,31.32,31.83,31.07,39.61,0.23,0.39,28.5,33.35,30.55,33.79,-8110.01,-3107.01,12.05,52.1,23.1,-1.1,-14.4
05/21/2026,1630,RUT,2843.4527,+26.088,+0.93%,2802.3635,2850.6206,2798.2506,58.13,0.2,0.24,2550.97,2782.49,2746.56,2900.63,-3201.02,-275571.02,9.02,58.1,63.1,0.0,0.0
05/21/2026,1630,RVLV,19.08,+.43,+2.31%,18.27,19.255,18.10,35.38,0.77,0.6,22.12,19.51,14.73,21.61,-10203.07,-1735.07,25.09,41.1,99.4,-16.5,-5.9
05/21/2026,1630,RVX,24.14,-.25,-1.03%,25.02,25.02,23.99,47.76,0.63,NaN,24.16,22.07,22.55,25.75,7101.03,2556.03,3.12,0.0,23.1,0.0,0.0
05/21/2026,1630,S,18.11,+.14,+0.78%,17.86,18.295,17.78,72.98,0.43,0.75,12.34,14.49,15.43,18.86,15215.01,1830.01,3.29,93.4,34.1,19.5,13.4
05/21/2026,1630,SBAC,208.07,+.33,+0.16%,207.73,209.36,205.87,47.85,0.23,0.3,191.41,215.77,195.04,221.8,-5109.04,-19915.04,12.04,61.1,47.1,0.0,-10.0
05/21/2026,1630,SBUX,104.13,-2.37,-2.23%,105.86,106.16,103.62,53.31,0.33,0.3,94.01,104.35,103.67,107.18,-1101.01,-10362.01,2.01,5.1,81.2,0.0,16.5
05/21/2026,1630,SCJ,104.09,-.22,-0.21%,103.35,104.52,103.25,56.21,0.15,0.17,98.57,99.64,100.91,108.41,-1103.03,10664.06,9.2,31.1,52.1,0.5,8.2
05/21/2026,1630,SE,88.96,+2.41,+2.78%,85.35,88.98,84.63,52.07,0.6,0.53,77.05,83.51,82.64,95.01,-2201.01,9997.07,7.09,50.1,82.2,0.0,0.4
05/21/2026,1630,SFD,26.16,+.08,+0.31%,26.08,26.49,25.7801,47.44,0.29,0.42,24.0,26.11,24.72,26.73,2204.01,2649.01,1.15,87.1,81.3,-2.3,0.0
05/21/2026,1630,SFM,85.39,-3.07,-3.47%,87.235,87.68,83.10,57.04,0.62,0.46,69.64,77.8,78.54,93.4,8101.03,9489.03,3.17,50.1,92.4,2.8,13.1
05/21/2026,1630,SG,8.98,-.03,-0.33%,8.90,9.145,8.54,76.16,0.78,0.87,5.16,6.52,6.29,9.56,5206.01,915.01,1.07,55.1,67.2,4.8,0.0
05/21/2026,1630,SHAK,62.83,-.64,-1.01%,62.13,63.895,61.25,28.48,1.28,0.49,87.5,94.57,41.16,78.15,1203.02,-5949.04,15.08,40.1,100.4,-22.5,-16.2
05/21/2026,1630,SHEL,86.93,+.21,+0.24%,88.17,88.38,86.62,47.95,0.28,0.27,79.95,86.58,82.47,90.36,1204.03,-8382.1,33.1,77.1,90.2,0.0,0.0
05/21/2026,1630,SHO,10.71,+.16,+1.52%,10.50,10.72,10.375,68.46,0.24,0.31,9.04,9.64,9.92,10.88,16204.01,1072.01,9.34,51.1,33.1,2.3,6.0
05/21/2026,1630,SHOC,106.06,-.05,-0.05%,106.09,106.67,104.77,65.19,0.42,NaN,72.69,94.52,97.51,113.5,-1202.03,10937.06,10.37,0.0,100.4,1.2,2.7
05/21/2026,1630,SHOO,41.35,+.87,+2.15%,39.94,41.635,39.63,63.34,0.43,0.5,34.01,35.96,36.87,42.03,1202.01,4164.01,1.14,15.1,48.1,2.9,0.2
05/21/2026,1630,SHOP,104.86,-.15,-0.14%,103.24,106.42,101.655,43.15,0.78,0.56,112.45,104.27,84.53,117.22,1202.01,-9400.06,23.07,40.1,85.4,-10.9,-4.0
05/21/2026,1630,SHY,82.14,-.01,-0.01%,82.07,82.1599,82.05,42.65,0.02,0.03,82.71,82.1,82.0,82.3,-7101.01,-8200.03,25.13,63.4,47.1,-14.9,0.0
05/21/2026,1630,SHYG,42.43,+.02,+0.05%,42.36,42.46,42.3102,50.29,0.04,0.09,42.3,42.28,42.18,42.54,-10202.02,-4212.03,30.03,19.1,67.1,-6.3,-4.8
05/21/2026,1630,SIL,89.38,-.20,-0.22%,87.74,90.945,87.04,43.96,0.6,0.54,102.87,86.37,81.69,105.35,-3105.02,10419.07,7.17,63.1,76.2,0.0,0.0
05/21/2026,1630,SILJ,29.20,-.15,-0.51%,28.68,29.84,28.53,43.73,0.64,0.61,34.62,28.48,26.63,34.94,-3105.02,-2793.03,7.03,53.1,73.1,0.0,-0.1
05/21/2026,1630,SITM,711.79,+14.79,+2.12%,696.27,723.6999,693.11,57.85,1.13,0.82,383.04,550.43,608.63,979.74,-3105.02,90181.09,9.37,69.1,99.4,0.0,1.1
05/21/2026,1630,SIVR,72.96,+.72,+1.00%,71.03,73.27,70.73,48.03,0.59,0.53,75.28,68.95,66.47,84.61,-2105.03,8498.07,7.17,63.1,73.1,0.0,0.0
05/21/2026,1630,SJM,101.91,+1.43,+1.42%,99.99,102.25,98.65,59.45,0.23,0.34,105.49,95.04,96.37,105.17,7201.03,10475.03,3.11,93.3,37.1,7.7,0.5
05/21/2026,1630,SKYY,129.77,+.48,+0.37%,128.19,130.435,127.99,64.9,0.24,0.36,105.36,121.72,125.58,132.77,-1202.07,13111.11,11.29,77.1,58.1,0.0,12.7
05/21/2026,1630,SLG,42.53,+1.07,+2.58%,41.37,42.68,40.81,50.95,0.39,0.5,35.03,41.67,40.12,45.69,-5108.01,-4081.01,9.01,73.1,69.1,0.0,0.0
05/21/2026,1630,SLV,69.45,+.72,+1.05%,67.68,69.75,67.31,48.05,0.6,0.55,71.68,65.61,63.23,80.52,-2105.03,8086.07,7.17,62.1,73.1,0.0,0.0
05/21/2026,1630,SLX,106.04,+.86,+0.82%,104.90,106.74,104.90,56.14,0.27,0.35,92.89,101.92,101.94,111.11,-3105.02,-10260.03,10.03,86.1,80.1,0.0,1.8
05/21/2026,1630,SMCI,33.46,0,0.00%,32.95,33.7999,32.26,59.68,1.03,0.79,29.68,26.88,27.64,37.65,-1202.04,3637.09,9.42,41.1,90.2,0.0,1.4
05/21/2026,1630,SMH,567.88,+3.22,+0.57%,561.02,570.60,557.62,66.77,0.42,0.46,385.93,501.15,517.04,604.85,-1202.03,58117.06,11.37,87.2,100.4,0.4,2.8
05/21/2026,1630,SMIN,66.40,+.35,+0.53%,65.67,66.815,65.5797,51.95,0.21,0.24,62.05,65.63,64.06,68.73,-4201.03,-6480.03,10.03,83.1,72.1,0.0,-1.4
05/21/2026,1630,SMPL,11.60,+.42,+3.76%,11.06,11.62,10.97,41.0,0.49,0.58,15.8,12.49,10.28,12.84,-6201.07,-1089.02,18.07,74.1,82.1,-13.4,-3.2
05/21/2026,1630,SN,112.21,+5.06,+4.72%,105.54,112.50,104.97,52.48,0.44,0.49,112.75,108.2,98.5,117.45,-10201.02,-10010.02,13.02,44.1,63.1,-2.9,-8.4
05/21/2026,1630,SNAP,5.69,+.07,+1.25%,5.54,5.89,5.49,50.99,0.48,0.65,4.91,6.01,5.1,6.22,-7201.05,-526.05,11.05,37.1,39.1,-2.6,-1.4
05/21/2026,1630,SNDR,33.34,-.26,-0.77%,33.15,33.47,32.40,64.05,0.59,0.37,26.72,29.86,28.74,34.7,4206.02,3366.02,2.06,34.1,98.4,1.8,0.0
05/21/2026,1630,SNOW,165.54,-1.43,-0.86%,164.03,165.74,161.3863,61.71,0.51,0.82,154.63,136.2,142.22,176.73,9211.02,17698.03,3.12,96.4,59.1,5.7,4.4
05/21/2026,1630,SOFI,15.65,-.04,-0.25%,15.62,15.785,15.35,42.98,0.71,0.57,16.8,15.88,15.01,16.22,-5201.02,-1503.02,25.02,1.1,85.4,-25.2,0.0
05/21/2026,1630,SOLZ,8.81,+.16,+1.85%,8.63,8.8401,8.58,49.36,0.48,0.23,7.68,8.44,8.13,9.86,-4105.02,-839.04,9.04,5.1,6.1,0.0,0.0
05/21/2026,1630,SOYB,25.01,-.08,-0.32%,25.03,25.14,24.9607,53.54,0.14,0.14,23.4,24.7,24.66,25.47,2101.03,-2462.05,7.05,19.1,62.2,0.0,5.3
05/21/2026,1630,SPDN,8.77,-.02,-0.23%,8.82,8.83,8.74,34.27,0.1,NaN,9.35,8.84,8.61,9.0,-14102.06,-868.06,38.09,66.2,24.1,-9.9,0.0
05/21/2026,1630,SPG,204.90,+.80,+0.39%,203.11,205.53,200.919,56.9,0.21,0.25,197.32,200.42,199.61,206.73,-6202.01,-19997.02,7.02,48.1,69.1,0.0,0.0
05/21/2026,1630,SPGI,415.73,-1.28,-0.31%,410.85,417.4199,408.40,45.32,0.24,0.32,400.52,416.2,398.71,430.02,-13202.02,-40320.04,18.04,69.1,55.1,-6.0,-2.9
05/21/2026,1630,SPHD,50.18,+.19,+0.38%,49.89,50.2369,49.59,56.29,0.12,0.11,51.36,49.51,49.16,50.26,2204.01,5024.01,1.04,26.1,56.4,-0.2,0.0
05/21/2026,1630,SPHR,130.23,-4.17,-3.10%,132.33,133.25,128.565,47.52,0.56,0.57,109.61,134.56,125.09,143.15,-3102.01,-12411.08,12.08,54.1,74.1,0.0,0.0
05/21/2026,1630,SPLV,73.69,+.13,+0.18%,73.33,73.70,72.93,52.32,0.09,0.1,75.56,73.32,72.17,74.14,1204.02,-7231.07,15.07,40.1,27.3,-2.0,0.0
05/21/2026,1630,SPMO,144.69,+1.38,+0.96%,142.73,145.06,142.72,65.82,0.26,0.21,116.76,132.75,136.46,151.44,-1201.03,14787.06,9.38,79.2,94.4,0.0,3.1
05/21/2026,1630,SPOT,489.93,+56.61,+13.06%,430.99,510.66,422.605,60.91,0.73,0.48,453.68,411.24,408.2,475.97,5208.01,51066.01,1.16,56.1,94.2,-6.3,0.0
05/21/2026,1630,SPX,7445.72,+12.75,+0.17%,7410.78,7465.96,7389.48,66.65,0.11,0.17,6710.42,7174.12,7251.17,7575.71,-1202.03,751712.06,6.38,38.1,42.1,0.6,9.4
05/21/2026,1630,SPY,742.72,+1.47,+0.20%,738.64,744.87,737.03,67.21,0.1,0.17,669.66,714.99,723.13,755.83,-1202.03,74953.06,6.38,36.1,35.1,1.0,9.4
05/21/2026,1630,STKL,6.50,0,0.00%,0,0,0,65.19,0.03,0.18,4.64,6.47,6.47,6.51,-2201.01,-647.01,6.01,1.1,3.1,0.0,0.0
05/21/2026,1630,STLD,231.84,+3.54,+1.55%,228.05,232.80,227.1025,59.39,0.28,0.41,187.99,225.9,222.27,240.85,-4201.02,-22234.02,21.02,59.1,18.1,-2.4,0.0
05/21/2026,1630,STZ,150.83,-.35,-0.23%,149.74,151.58,147.07,51.29,0.36,0.33,153.4,147.14,137.89,154.96,1204.01,-13910.07,28.07,40.1,87.2,-2.0,0.0
05/21/2026,1630,SU,67.73,-.10,-0.15%,67.88,69.16,67.40,55.78,0.38,0.36,54.82,64.18,63.28,71.42,4208.02,7020.03,3.11,77.1,97.4,1.5,2.6
05/21/2026,1630,SVV,8.04,+.14,+1.77%,7.77,8.065,7.64,51.91,0.58,0.71,8.37,7.77,6.58,8.63,1202.01,-695.04,23.07,47.2,85.3,-4.5,-7.8
05/21/2026,1630,SWBI,15.31,+.19,+1.26%,15.12,15.3394,15.0205,57.43,0.27,0.54,11.63,14.78,14.28,15.8,2206.04,1563.04,4.07,67.4,38.1,0.1,0.0
05/21/2026,1630,SWKS,73.54,-.81,-1.09%,74.00,74.315,71.1489,65.05,0.74,0.5,56.86,61.54,64.14,75.54,19205.01,7432.01,1.35,71.1,100.4,0.4,7.3
05/21/2026,1630,SXT,113.09,-1.00,-0.88%,112.87,114.78,110.90,54.62,0.83,0.37,91.28,111.34,111.91,119.19,-5105.01,-11090.01,18.01,77.2,94.4,-10.1,4.3
05/21/2026,1630,SYF,72.00,-.05,-0.07%,71.47,72.13,70.34,48.13,0.28,0.33,66.38,73.65,67.64,75.19,-9202.02,-6832.02,23.02,24.1,56.1,-7.2,-4.3
05/21/2026,1630,SYY,77.00,+1.54,+2.04%,74.00,77.10,73.34,61.16,0.2,0.24,87.67,72.18,71.69,76.7,3204.01,7710.01,1.11,58.1,62.1,0.0,0.0
05/21/2026,1630,T,25.34,+.41,+1.64%,24.86,25.385,24.81,47.24,0.24,0.25,27.41,25.48,23.75,26.07,-8203.04,-2385.04,38.04,15.1,70.1,-3.6,-7.3
05/21/2026,1630,TAN,64.86,+1.94,+3.08%,62.17,65.30,62.16,62.73,0.4,0.44,53.21,57.8,59.02,67.04,-1202.03,6550.05,6.33,65.2,65.2,3.2,4.9
05/21/2026,1630,TAP,42.53,-.23,-0.54%,42.50,42.97,42.08,50.53,0.26,0.33,46.98,40.64,40.52,43.41,3204.01,4318.02,2.06,58.1,61.1,0.0,0.0
05/21/2026,1630,TBIL,49.96,+.01,+0.02%,49.965,49.97,49.96,61.84,0.01,NaN,49.84,49.85,49.9,49.98,6210.01,4997.01,1.15,0.2,41.2,0.0,3.3
05/21/2026,1630,TCEHY,56.8230,-1.827,-3.12%,56.2100,57.1400,56.0000,35.12,0.3,NaN,63.29,59.26,56.14,61.52,-5106.01,-5600.01,7.01,0.0,60.1,-1.9,-1.1
05/21/2026,1630,TCNNF,7.8800,-.11,-1.38%,7.6700,8.1100,7.5500,48.33,0.99,NaN,5.84,9.1,6.55,9.71,-6111.04,-724.04,18.04,0.0,63.4,-4.0,0.0
05/21/2026,1630,TEAM,82.18,-4.05,-4.70%,82.775,84.30,81.00,51.17,1.1,0.73,67.85,82.05,78.01,93.11,-2103.01,9500.11,13.29,62.1,94.4,0.0,10.2
05/21/2026,1630,TEVA,34.16,-.16,-0.47%,34.10,34.365,33.75,52.18,0.46,0.38,31.71,34.51,33.31,36.54,-6106.01,-3375.01,14.01,29.1,81.4,0.0,6.2
05/21/2026,1630,TFLO,50.59,0,0.00%,50.60,50.60,50.59,59.31,0.01,0.02,50.48,50.49,50.53,50.62,3208.02,5060.01,2.13,59.2,21.2,-4.3,0.0
05/21/2026,1630,TGS,29.96,+1.33,+4.65%,28.62,29.97,28.19,47.58,0.48,0.58,28.33,28.91,28.45,31.4,-2201.01,-2819.01,3.01,28.1,71.4,0.0,-1.3
05/21/2026,1630,TGT,126.15,+3.82,+3.12%,120.83,126.52,117.805,52.73,0.36,0.35,111.11,127.27,117.14,130.46,-7201.01,-11781.01,12.01,21.3,87.2,-1.8,-0.7
05/21/2026,1630,THC,178.00,-9.41,-5.02%,182.93,184.09,177.75,36.4,0.4,0.48,228.48,177.41,179.26,201.07,-3104.01,-17775.01,7.01,81.1,72.1,0.0,4.0
05/21/2026,1630,THD,72.44,+.11,+0.15%,71.59,72.68,71.55,55.94,0.24,0.16,68.15,69.95,70.12,73.56,2202.06,7358.06,6.21,8.1,67.1,0.0,8.5
05/21/2026,1630,TIGR,5.84,-.05,-0.85%,5.88,5.96,5.715,36.22,0.52,0.88,7.19,6.55,5.51,6.83,-13106.01,-572.01,25.02,96.4,40.2,-0.4,-9.5
05/21/2026,1630,TIP,110.37,0,0.00%,110.30,110.385,110.15,37.71,0.03,0.06,111.21,111.02,109.92,111.41,-10109.01,-11010.02,20.02,75.4,28.1,-6.4,-14.6
05/21/2026,1630,TJX,157.46,-1.75,-1.10%,159.50,159.9799,156.5101,56.2,0.27,0.22,154.8,153.22,144.28,160.1,2203.01,15998.01,1.06,42.1,100.2,-0.2,-2.1
05/21/2026,1630,TKO,191.63,-2.65,-1.36%,193.03,194.48,190.4744,52.65,0.23,0.38,203.16,182.37,183.69,196.79,6206.01,19617.02,2.07,67.1,20.1,0.5,0.9
05/21/2026,1630,TKR,118.93,+1.73,+1.48%,117.08,120.205,114.95,61.08,0.5,0.39,104.52,105.49,107.56,123.77,-2202.02,-10715.03,10.03,84.2,100.4,0.0,1.8
05/21/2026,1630,TLT,84.22,+.31,+0.37%,83.6207,84.2575,83.325,40.96,0.1,0.13,88.94,84.76,82.57,86.15,-6109.02,-8304.02,21.02,30.2,52.1,-5.3,-15.1
05/21/2026,1630,TME,9.15,0,0.00%,8.91,9.225,8.81,45.33,0.41,0.45,13.78,9.02,8.49,9.59,-9204.05,-844.05,8.05,44.1,54.1,0.0,-0.2
05/21/2026,1630,TMO,449.37,-2.42,-0.54%,450.90,451.71,441.12,40.27,0.25,0.33,493.37,459.64,429.13,472.92,-9101.04,-43527.04,23.04,62.1,35.4,-0.5,0.0
05/21/2026,1630,TMUS,190.90,+.74,+0.39%,189.95,191.02,188.435,46.51,0.34,0.3,212.17,191.65,184.84,195.4,2201.02,-18601.04,16.04,48.1,92.4,-4.1,0.6
05/21/2026,1630,TNET,41.83,-.79,-1.85%,41.97,42.99,40.835,52.62,0.51,0.53,33.6,40.73,39.05,44.34,1204.03,4487.03,3.06,69.1,86.1,-0.7,0.8
05/21/2026,1630,TNX:CGI,45.86,+.14,+0.31%,46.09,46.35,45.54,63.16,0.18,NaN,39.56,43.42,43.7,47.21,14209.02,4659.02,2.25,0.0,75.2,15.1,6.8
05/21/2026,1630,TOKE,5.24,0,0.00%,0,0,0,45.92,0.28,0.88,5.85,4.96,5.12,5.4,-1102.02,-508.02,16.02,56.2,35.2,-0.6,0.5
05/21/2026,1630,TOST,23.04,-.28,-1.20%,23.07,23.29,22.45,35.15,0.68,0.55,24.35,28.12,18.8,27.92,-5110.06,-2229.06,11.06,50.1,95.4,-2.1,-13.3
05/21/2026,1630,TPB,91.52,+.32,+0.35%,90.07,91.53,88.86,58.81,0.49,0.5,104.0,78.89,81.57,99.04,7202.08,9696.09,9.21,63.1,65.1,0.0,10.1
05/21/2026,1630,TPL,396.98,-5.55,-1.38%,401.90,406.50,393.70,40.17,0.31,0.45,491.0,414.88,363.24,428.27,-8202.06,-37830.06,11.06,39.1,12.1,-3.0,-3.5
05/21/2026,1630,TPR,139.11,+3.32,+2.44%,135.84,140.30,134.3925,50.62,0.57,0.39,150.15,139.16,122.61,145.31,1202.01,-12834.08,25.08,30.1,92.4,-7.4,-3.0
05/21/2026,1630,TPYP,43.8353,+.0053,+0.01%,43.98,44.1999,43.6901,62.11,0.18,0.22,40.21,41.95,41.7,44.86,5208.02,4458.02,2.25,55.2,100.4,5.4,8.4
05/21/2026,1630,TRIP,9.90,-.03,-0.30%,9.85,10.125,9.64,43.15,0.53,0.63,9.61,11.05,8.28,11.23,-5202.06,-904.02,11.07,61.1,66.1,-0.2,-12.9
05/21/2026,1630,TRP,70.56,+.47,+0.67%,69.64,71.39,69.64,77.22,0.21,0.24,62.38,65.21,65.03,71.57,9208.01,7139.01,1.25,40.1,82.4,6.3,13.2
05/21/2026,1630,TRU,69.47,+.54,+0.78%,67.94,70.18,66.945,48.89,0.37,0.47,70.65,67.25,64.53,72.58,-5202.02,-6451.02,23.02,59.1,49.1,-0.7,-1.6
05/21/2026,1630,TSLA,417.85,+.59,+0.14%,422.175,426.95,412.90,55.38,0.39,0.49,385.39,378.8,384.87,460.04,-2105.03,45340.07,7.31,19.2,28.2,0.0,4.1
05/21/2026,1630,TSM,407.15,+5.53,+1.38%,399.505,411.46,399.505,56.89,0.41,0.45,344.14,392.13,388.9,422.47,-2201.03,-38506.03,6.03,61.1,80.2,0.0,0.0
05/21/2026,1630,TSN,66.47,-.05,-0.08%,66.50,67.00,65.77,53.39,0.32,0.25,61.8,62.05,64.51,69.64,-1106.04,6893.12,12.14,48.1,85.4,0.0,3.3
05/21/2026,1630,TT,447.64,-4.05,-0.90%,453.11,453.11,445.03,40.85,0.29,0.32,443.0,472.35,437.23,488.01,-11105.01,-44503.01,11.02,73.1,68.1,-0.8,-4.5
05/21/2026,1630,TTD,21.28,+.26,+1.24%,20.88,21.41,20.62,43.67,0.56,0.62,21.08,23.37,18.63,24.61,-6103.05,-2004.06,12.06,37.1,62.1,-1.1,-4.5
05/21/2026,1630,TTE,92.35,-.19,-0.21%,93.50,93.865,92.115,55.5,0.23,0.28,78.25,89.35,88.67,94.83,4208.01,9416.02,2.11,71.1,55.1,0.0,2.7
05/21/2026,1630,TTWO,238.08,+1.46,+0.62%,236.30,241.91,236.10,67.55,0.3,0.59,192.63,211.58,218.6,251.8,9215.04,24413.04,4.39,98.4,71.1,16.4,5.9
05/21/2026,1630,TUA,20.59,-.04,-0.19%,20.51,20.6154,20.47,38.92,0.07,0.23,21.65,20.69,20.38,20.93,-14109.01,-2047.02,25.02,85.2,69.1,-9.3,-11.4
05/21/2026,1630,TUR,36.71,-3.72,-9.20%,39.54,39.57,36.40,25.27,0.39,0.42,38.19,41.81,36.96,42.45,-7108.01,-3640.01,9.01,94.1,100.1,0.0,-5.6
05/21/2026,1630,TWLO,183.30,-6.03,-3.18%,191.00,191.00,181.67,57.45,0.84,0.53,107.12,171.01,182.84,204.78,-3105.01,-18167.01,11.01,50.1,87.4,0.0,26.1
05/21/2026,1630,TXG,24.68,+.70,+2.92%,23.62,24.87,23.12,63.56,0.62,0.8,18.52,21.41,20.09,24.49,2203.01,2487.01,1.03,43.1,43.1,0.0,2.2
05/21/2026,1630,TXRH,178.05,-.29,-0.16%,177.52,180.50,174.855,60.3,0.48,0.28,176.15,153.82,159.86,196.0,5202.07,18345.07,7.13,30.1,97.4,6.3,0.1
05/21/2026,1630,TXT,90.24,+.72,+0.80%,88.90,90.84,87.90,48.73,0.37,0.28,95.67,90.3,87.2,93.38,-5108.01,-8790.01,14.01,48.1,93.4,0.0,0.0
05/21/2026,1630,TYX:CGI,51.12,-.04,-0.08%,51.38,51.57,50.89,61.81,0.13,NaN,46.27,49.32,49.42,52.24,6209.02,5177.02,2.31,0.0,57.2,13.9,4.3
05/21/2026,1630,U,25.54,-.69,-2.63%,25.775,26.13,25.29,47.32,0.43,0.66,16.82,26.63,25.44,27.93,-3104.01,-2529.01,4.01,10.1,2.1,-0.8,0.0
05/21/2026,1630,UA,5.21,+.18,+3.58%,4.99,5.23,4.94,39.66,0.77,0.62,6.65,5.91,4.22,6.21,-5109.05,-478.03,11.06,63.1,89.4,-1.0,-15.4
05/21/2026,1630,UAA,5.32,+.17,+3.30%,5.09,5.355,5.045,39.18,0.78,0.62,6.79,6.08,4.28,6.4,-4109.06,-488.03,11.06,60.1,85.4,-0.9,-15.9
05/21/2026,1630,UAE,19.05,+.17,+0.90%,18.70,19.06,18.68,48.35,0.23,0.3,19.13,18.94,18.38,19.64,-5201.02,-1856.02,10.02,87.2,72.1,-1.2,-2.6
05/21/2026,1630,UAL,99.64,+1.62,+1.65%,95.43,100.28,95.30,57.14,0.53,0.59,97.08,89.24,88.62,103.0,1202.01,-8924.02,10.02,75.1,71.1,0.0,0.0
05/21/2026,1630,UBER,73.61,-.99,-1.33%,74.245,74.61,72.90,45.46,0.38,0.37,69.95,72.67,71.93,77.98,-4107.01,-7253.02,11.02,17.1,88.3,0.0,0.0
05/21/2026,1630,UFO,58.96,+.04,+0.07%,58.49,59.55,57.87,66.46,0.43,0.52,43.41,50.34,51.25,62.27,6210.04,5955.01,4.17,96.2,79.2,12.7,4.8
05/21/2026,1630,UGA,114.98,-1.67,-1.43%,118.98,119.15,112.56,50.89,0.41,0.59,70.83,113.38,113.12,125.5,-2102.01,-11256.01,4.01,78.1,85.1,0.0,6.2
05/21/2026,1630,UHAL,51.20,+.93,+1.85%,49.94,51.23,49.375,53.09,0.28,0.43,49.48,49.94,47.78,52.88,-6202.02,-4821.03,10.03,70.1,54.1,-2.9,-8.5
05/21/2026,1630,UHS,162.45,-1.87,-1.14%,160.00,163.625,157.01,34.25,0.43,0.34,200.06,163.09,162.33,171.97,-3104.01,-15701.01,30.01,40.1,85.3,-10.9,0.7
05/21/2026,1630,UL,57.72,+.04,+0.07%,57.21,57.895,56.69,47.26,0.24,0.24,68.45,57.79,55.68,59.48,-2202.05,-5619.05,12.05,62.1,74.1,0.0,-3.1
05/21/2026,1630,ULS,102.34,+.36,+0.35%,100.84,102.52,100.58,64.69,0.61,0.42,77.74,89.28,93.87,109.56,-1202.03,10485.11,11.3,67.1,90.4,0.5,7.8
05/21/2026,1630,ULTA,504.05,+10.93,+2.22%,488.34,504.52,488.34,42.98,0.29,0.54,655.65,517.18,464.35,534.53,-10201.02,-46900.03,22.03,98.4,62.1,-5.3,-13.2
05/21/2026,1630,UNG,11.33,-.16,-1.39%,11.53,11.61,11.31,53.59,0.41,0.49,11.17,10.35,10.45,12.06,7211.02,1194.03,3.16,2.1,25.1,11.4,3.4
05/21/2026,1630,UNH,382.48,-.82,-0.21%,381.12,386.105,380.54,64.55,0.23,0.31,271.8,358.25,364.82,410.95,-1102.01,40415.07,7.38,2.1,13.1,2.5,0.9
05/21/2026,1630,UNP,265.44,-.36,-0.14%,264.98,268.635,263.92,52.79,0.18,0.26,258.58,261.94,261.28,274.63,-1102.01,27463.02,2.45,76.1,53.4,0.0,0.0
05/21/2026,1630,UPBD,17.70,+.19,+1.09%,17.30,17.90,17.00,43.56,0.36,0.55,19.72,18.18,16.22,19.09,-10201.03,-1671.03,16.05,54.1,11.1,-7.8,-9.9
05/21/2026,1630,UPS,98.25,-.62,-0.63%,98.16,99.105,97.145,44.36,0.48,0.29,110.87,95.98,91.31,102.19,1202.01,-9386.03,15.13,14.1,99.4,-11.5,-4.0
05/21/2026,1630,UPST,28.85,+.01,+0.03%,28.53,29.00,27.92,46.82,0.64,0.74,25.6,27.84,25.56,31.86,-7202.03,-2622.07,23.07,13.1,32.1,-7.9,0.0
05/21/2026,1630,URA,48.86,+.82,+1.71%,47.94,49.43,47.68,40.96,0.56,0.56,49.73,53.78,44.6,57.53,-7108.02,-4701.02,11.02,50.1,79.2,-0.2,-7.0
05/21/2026,1630,URBN,73.76,+2.09,+2.92%,72.52,74.50,69.83,60.73,0.38,0.47,62.27,67.92,66.29,73.93,1202.01,7450.01,1.07,30.3,46.1,-0.4,0.2
05/21/2026,1630,URI,932.18,-4.09,-0.44%,927.31,943.73,916.92,55.07,0.28,0.37,792.01,921.02,912.73,969.69,-3104.01,-91692.01,4.01,63.1,39.4,-0.8,0.0
05/21/2026,1630,URNJ,26.57,+.32,+1.22%,26.06,26.82,25.80,37.45,0.6,0.55,31.91,29.86,24.27,32.41,-8108.01,-2556.02,9.02,42.1,48.1,-0.8,-9.4
05/21/2026,1630,URNM,58.08,+.65,+1.13%,57.52,58.85,56.81,38.08,0.54,0.53,66.51,64.62,53.54,69.0,-7108.02,-5669.03,11.03,50.1,64.1,0.0,-11.0
05/21/2026,1630,USCI,99.9692,-.4701,-0.47%,100.955,101.10,99.46,53.68,0.15,0.33,83.52,98.68,98.48,103.31,3102.07,10293.07,7.11,88.1,56.1,0.6,5.9
05/21/2026,1630,USD/JPY,159.003,0,0.00%,0,0,0,58.424,0.045,NaN,158.032,156.453,157.045,160.389,6212.04,15936.02,8.17,0.0,11.1,0.2,7.0
05/21/2026,1630,USFD,81.24,+.12,+0.15%,80.05,81.835,79.52,30.16,0.29,0.27,92.36,90.65,75.63,88.62,-5114.07,-7952.01,12.08,33.1,71.1,-3.9,-16.7
05/21/2026,1630,USPH,62.85,+.61,+0.98%,61.87,63.385,61.00,39.93,0.91,0.4,73.89,70.2,52.7,71.72,-3201.09,-5890.09,12.09,62.1,100.4,-6.9,-1.1
05/21/2026,1630,UTI,36.60,-.48,-1.29%,36.52,36.80,35.715,47.76,0.57,0.49,32.16,36.23,34.61,41.25,-3103.01,-3570.02,5.02,46.1,76.2,1.3,0.0
05/21/2026,1630,UTZ,7.70,-.02,-0.26%,7.60,7.80,7.505,52.29,0.58,0.49,8.66,7.51,6.76,8.15,1203.01,-692.05,11.06,60.1,89.2,0.0,-1.9
05/21/2026,1630,UUP,27.73,0,0.00%,27.80,27.8299,27.7101,58.85,0.06,0.07,27.05,27.26,27.32,27.93,8208.01,2783.01,2.1,13.1,27.1,4.3,0.0
05/21/2026,1630,V,331.12,+.37,+0.11%,329.84,332.52,327.235,60.74,0.33,0.23,303.08,318.0,318.01,335.32,3204.01,33517.03,3.19,25.1,98.4,0.0,10.3
05/21/2026,1630,VET,12.30,-.30,-2.38%,12.86,12.94,12.19,46.12,0.61,0.49,10.2,11.76,11.42,13.72,1102.05,-1158.1,16.1,32.1,89.3,-0.1,0.0
05/21/2026,1630,VFC,16.18,-.03,-0.19%,16.00,16.45,15.56,33.34,0.42,0.55,17.74,18.18,15.18,18.92,-7109.01,-1556.01,23.01,17.3,29.3,-5.2,-11.6
05/21/2026,1630,VG,13.56,-.47,-3.35%,14.25,14.475,13.50,52.52,0.93,0.78,9.03,11.84,11.33,15.46,6208.02,1490.02,2.09,22.1,78.2,5.9,0.0
05/21/2026,1630,VGK,88.76,+.52,+0.59%,87.62,89.11,87.40,57.03,0.23,0.19,83.85,85.22,85.61,89.7,2202.01,8911.01,1.17,77.1,90.3,0.4,0.8
05/21/2026,1630,VHT,276.54,+1.77,+0.64%,274.24,276.95,272.235,57.07,0.14,0.17,285.85,269.82,269.17,277.41,2203.01,27695.01,1.03,76.1,42.1,0.0,4.4
05/21/2026,1630,VIK,83.90,+.78,+0.94%,81.90,84.78,80.66,54.17,0.46,0.49,70.0,78.25,79.12,87.74,-2201.01,8690.04,4.17,74.1,76.1,1.7,2.3
05/21/2026,1630,VIR,9.03,+.15,+1.69%,8.78,9.18,8.70,43.61,0.51,0.65,8.71,9.9,8.0,10.16,-9118.04,-852.03,23.04,24.1,17.1,-7.4,-11.9
05/21/2026,1630,VIX,16.76,-.68,-3.90%,17.58,17.87,16.60,41.01,0.72,0.92,17.5,16.18,16.66,18.55,-2102.01,-1660.01,3.01,18.1,12.1,-0.8,0.0
05/21/2026,1630,VKTX,30.68,+1.24,+4.21%,29.18,30.78,28.80,45.88,0.46,0.59,31.39,29.65,28.17,32.85,-15201.01,-2880.01,27.01,1.1,13.1,-1.2,-0.1
05/21/2026,1630,VLO,241.09,-11.48,-4.55%,255.40,255.63,240.81,47.38,0.44,0.43,194.58,234.68,233.98,264.11,3101.02,26375.02,2.11,81.1,94.1,0.8,1.2
05/21/2026,1630,VLTO,85.96,-.23,-0.27%,86.13,87.03,85.07,43.02,0.25,0.26,92.2,86.64,84.22,88.17,-7103.02,-8470.02,17.02,71.1,80.2,-3.7,-0.7
05/21/2026,1630,VMC,262.08,-1.18,-0.45%,260.23,263.59,258.28,32.62,0.25,0.3,294.73,286.8,250.05,284.98,-12111.02,-25242.03,11.03,63.1,66.1,-4.4,-21.7
05/21/2026,1630,VNM,18.98,-.33,-1.71%,19.06,19.135,18.94,49.69,0.22,0.23,17.9,18.72,18.77,19.8,-2105.01,1978.1,10.52,29.1,21.1,0.0,1.8
05/21/2026,1630,VNO,31.63,+.03,+0.09%,31.36,31.77,31.01,58.96,0.39,0.39,25.71,28.87,29.75,32.68,-1202.02,-3002.02,9.02,35.1,89.2,0.0,4.1
05/21/2026,1630,VRNS,30.66,-.44,-1.41%,31.10,31.35,30.18,70.24,0.42,0.72,20.61,26.36,26.42,31.49,18205.01,3135.01,1.29,77.1,64.1,5.8,10.6
05/21/2026,1630,VRT,323.40,+7.73,+2.45%,322.30,330.33,319.00,48.21,0.66,0.65,234.72,321.45,304.84,385.39,-3104.01,-31425.02,7.02,57.2,88.1,0.0,0.0
05/21/2026,1630,VRTX,433.54,+3.10,+0.72%,429.36,434.76,426.01,47.3,0.22,0.3,471.58,412.27,418.46,455.37,-1104.01,45345.05,5.13,36.1,34.1,0.5,0.0
05/21/2026,1630,VSCO,50.55,+2.84,+5.95%,47.76,50.96,46.98,54.96,0.53,0.92,56.16,49.59,42.38,52.07,1202.01,5096.01,1.03,97.4,25.1,-5.6,-4.3
05/21/2026,1630,VTR,88.00,-.60,-0.68%,89.46,89.46,87.50,54.99,0.2,0.21,85.02,85.88,86.14,90.42,8101.02,8984.02,2.21,22.1,79.4,0.0,4.9
05/21/2026,1630,VVIX,91.88,-4.57,-4.74%,97.12,97.26,91.48,41.74,0.46,NaN,103.56,91.95,90.16,98.75,-3101.01,-9054.04,5.04,0.0,4.1,-0.8,0.0
05/21/2026,1630,VVV,33.22,-.05,-0.15%,32.87,33.79,32.28,49.52,0.44,0.44,36.65,31.58,30.75,35.66,-3202.02,-3141.02,9.02,61.1,98.4,0.0,-1.5
05/21/2026,1630,VXD,15.33,-.64,-4.01%,16.05,16.50,15.33,39.89,0.78,NaN,16.41,15.61,15.3,17.2,-2102.01,-1533.01,2.01,0.0,12.1,-0.2,0.0
05/21/2026,1630,VXN:CGI,22.74,-.97,-4.09%,23.75,23.80,22.69,43.95,0.57,NaN,22.92,20.97,22.23,25.72,-1102.01,-2269.01,4.01,0.0,11.1,3.1,0.4
05/21/2026,1630,VXX,26.21,-.79,-2.93%,27.25,27.33,26.055,34.27,0.3,0.65,27.23,27.64,26.21,28.62,-3106.01,-2606.01,5.01,16.1,19.1,-3.6,-4.0
05/21/2026,1630,VZ,48.27,+.45,+0.94%,47.61,48.275,47.375,56.71,0.2,0.24,48.87,46.91,46.39,48.39,2203.01,4828.01,1.04,57.1,61.1,0.0,0.0
05/21/2026,1630,W,66.34,+1.62,+2.50%,63.92,68.02,63.29,49.28,0.82,0.7,70.78,62.6,56.1,68.09,1202.01,6802.01,1.02,53.1,82.2,-11.8,0.0
05/21/2026,1630,WBD,27.10,-.32,-1.17%,27.42,27.43,27.05,47.31,0.09,0.22,28.01,26.85,26.95,27.41,2101.01,2743.01,1.04,21.2,8.1,0.0,3.0
05/21/2026,1630,WCLD,29.59,-.45,-1.50%,29.71,29.80,29.23,57.38,0.38,0.29,25.2,27.9,27.61,30.63,1204.03,3068.03,3.06,48.1,76.1,0.3,6.9
05/21/2026,1630,WDAY,121.85,-4.76,-3.76%,121.51,122.945,119.04,46.69,0.53,0.78,117.76,121.09,115.19,132.91,-1101.01,13593.03,3.06,98.4,79.3,0.1,0.0
05/21/2026,1630,WEAT,24.50,-.40,-1.61%,24.86,24.875,24.48,54.08,0.38,0.31,21.55,22.99,23.11,26.07,2101.07,2560.07,7.11,62.1,99.4,4.1,3.7
05/21/2026,1630,WELL,216.01,-2.60,-1.19%,217.52,217.99,214.64,54.11,0.21,0.27,205.37,212.0,212.01,220.38,1101.02,22050.02,2.03,78.1,48.3,0.0,2.7
05/21/2026,1630,WEN,7.62,-.13,-1.68%,7.725,7.78,7.53,54.14,0.77,0.5,7.29,6.37,6.66,8.84,6101.05,832.06,6.13,63.3,97.4,13.0,0.0
05/21/2026,1630,WEST,8.58,+.12,+1.42%,8.33,8.77,8.215,74.33,1.24,0.56,4.02,5.63,6.58,10.46,14202.07,890.08,8.4,4.1,96.4,12.1,13.2
05/21/2026,1630,WFC,75.92,+.11,+0.15%,75.59,76.055,74.91,43.6,0.28,0.31,78.94,79.01,70.03,79.84,-9202.06,-7278.05,31.07,35.1,65.1,-5.2,-6.2
05/21/2026,1630,WGMI,61.59,+4.27,+7.45%,58.02,61.64,58.00,65.59,0.76,0.67,37.0,48.09,50.45,65.32,1201.01,6232.06,9.35,7.1,65.1,0.0,5.3
05/21/2026,1630,WGS,47.33,+2.60,+5.81%,44.96,49.43,43.91,44.49,2.57,0.76,68.55,32.21,20.89,56.71,1205.04,-3498.11,23.11,40.1,99.4,-12.1,0.0
05/21/2026,1630,WH,80.74,-.16,-0.20%,80.04,82.11,78.30,46.52,0.28,0.4,77.43,79.69,77.03,83.98,-4202.01,-7679.02,25.02,77.1,30.1,-2.8,-2.1
05/21/2026,1630,WING,132.65,+4.52,+3.53%,126.48,135.25,123.95,36.59,0.57,0.71,229.0,142.48,105.9,149.14,-9204.11,-11635.06,27.11,69.1,59.1,-5.9,0.0
05/21/2026,1630,WMS,135.15,-1.68,-1.23%,136.50,138.71,131.32,40.89,0.37,0.43,160.95,140.54,128.45,147.23,-7111.01,-13132.01,23.02,58.4,50.1,-8.7,-11.3
05/21/2026,1630,WMT,121.34,-9.51,-7.27%,124.408,125.80,120.39,35.23,0.35,0.27,123.94,129.53,123.93,135.73,-1102.01,-12039.01,2.01,45.2,99.1,0.1,0.0
05/21/2026,1630,WOOD,66.1195,+.2073,+0.31%,65.10,66.22,65.10,38.64,0.2,0.23,73.01,67.5,63.65,69.35,-7109.02,-6455.02,25.02,58.2,66.1,-1.9,-5.1
05/21/2026,1630,WRBY,24.50,+.05,+0.20%,23.77,25.05,23.22,47.59,1.06,0.76,21.35,21.48,20.93,32.36,-1103.02,3020.03,9.16,69.1,91.4,2.6,0.3
05/21/2026,1630,WW,10.09,+.16,+1.61%,9.73,10.2336,9.73,44.92,1.36,1.17,20.2,10.34,8.54,11.72,-4104.06,-837.1,12.1,64.3,78.4,0.0,-0.2
05/21/2026,1630,WWW,16.17,+.89,+5.82%,15.02,16.18,14.935,48.41,0.44,0.66,16.73,16.04,14.07,17.35,-14201.02,-1437.02,23.02,41.1,46.1,-3.5,-11.4
05/21/2026,1630,WY,23.52,+.28,+1.20%,23.03,23.61,22.82,46.93,0.22,0.28,24.03,23.49,22.48,24.01,-8202.03,-2245.03,18.03,29.1,25.1,-11.4,-0.1
05/21/2026,1630,WYFI,29.55,+5.36,+22.16%,24.55,29.65,24.52,67.32,1.57,1.28,15.51,15.54,18.91,33.6,10201.06,3122.06,6.16,NaN,NaN,5.5,4.7
05/21/2026,1630,WYNN,98.54,+.48,+0.49%,97.06,98.635,95.43,43.33,0.31,0.39,99.11,102.26,89.24,106.91,-6201.05,-9345.02,11.05,34.1,31.1,-0.7,-13.1
05/21/2026,1630,XBI,132.78,+1.07,+0.81%,130.64,133.43,129.67,51.45,0.29,0.3,121.98,128.99,126.35,138.33,-4201.02,-12781.02,9.02,55.1,84.1,0.0,0.0
05/21/2026,1630,XHR,16.92,+.02,+0.12%,16.79,16.97,16.54,60.05,0.34,0.39,14.58,15.92,15.89,17.21,1202.01,-1591.04,9.04,48.1,91.2,0.0,0.3
05/21/2026,1630,XIACY,19.11,-.27,-1.39%,19.10,19.22,18.91,41.72,0.36,NaN,19.67,18.71,18.73,20.77,-3105.01,-1891.01,7.01,0.0,40.1,0.0,0.2
05/21/2026,1630,XLB,50.02,+.30,+0.60%,49.54,50.25,49.135,42.76,0.2,0.29,50.69,50.5,48.71,52.71,-5105.01,-4914.01,7.01,82.1,89.2,1.8,-4.5
05/21/2026,1630,XLC,116.10,0,0.00%,115.47,116.855,114.99,50.02,0.12,0.22,114.89,115.19,115.12,117.37,-4103.01,-11499.01,4.01,87.1,38.1,-1.3,0.4
05/21/2026,1630,XLE,59.13,-.67,-1.12%,60.48,60.59,58.715,53.86,0.28,0.29,54.12,56.66,55.62,61.99,4206.02,6170.02,2.1,77.1,100.4,1.2,1.4
05/21/2026,1630,XLF,51.73,+.07,+0.14%,51.46,51.83,51.21,53.56,0.11,0.2,50.08,51.38,50.86,51.94,1202.01,5183.01,1.02,42.1,10.1,-0.8,-0.7
05/21/2026,1630,XLG,63.49,-.07,-0.11%,63.32,63.73,63.04,68.58,0.11,0.18,56.01,60.73,61.68,65.08,14202.06,6433.06,6.38,78.2,22.1,5.9,9.2
05/21/2026,1630,XLI,170.53,-.20,-0.12%,169.81,171.30,168.91,47.43,0.2,0.24,172.67,170.66,167.88,176.23,-5105.01,-16891.01,11.01,75.1,86.3,0.0,-0.1
05/21/2026,1630,XLK,178.60,+1.46,+0.82%,175.83,178.98,175.83,71.24,0.24,0.29,134.99,160.14,166.55,187.05,-1202.03,18022.06,9.37,69.1,79.2,4.9,7.6
05/21/2026,1630,XLP,84.66,-.86,-1.01%,84.56,84.77,83.44,53.65,0.13,0.2,87.16,83.14,83.35,86.41,-1101.01,-8344.01,2.01,81.1,60.1,5.7,2.3
05/21/2026,1630,XLRE,44.50,+.07,+0.16%,44.27,44.54,43.985,58.06,0.14,0.12,42.92,43.85,43.36,44.93,-3202.03,-4351.03,9.03,3.1,49.1,0.0,0.0
05/21/2026,1630,XLU,45.00,+.49,+1.10%,44.55,45.01,44.435,47.14,0.17,0.18,45.96,45.64,43.14,46.09,-9201.03,-4362.03,15.03,32.1,86.4,-5.5,-12.6
05/21/2026,1630,XLV,148.15,+1.02,+0.69%,146.90,148.30,145.84,57.28,0.15,0.21,155.0,144.32,143.7,148.7,7204.01,14830.01,1.09,83.1,48.1,0.0,3.7
05/21/2026,1630,XLY,118.70,+.76,+0.64%,117.59,119.215,116.805,55.33,0.16,0.21,111.81,117.19,115.06,120.72,-5202.02,-11478.02,10.02,27.1,31.1,0.0,0.0
05/21/2026,1630,XOM,155.29,-.99,-0.63%,158.42,159.39,153.46,52.28,0.32,0.32,146.77,147.09,144.91,164.38,5208.02,16368.02,2.09,77.1,91.2,5.1,0.0
05/21/2026,1630,XOP,170.65,-4.08,-2.34%,177.165,177.79,169.23,48.63,0.35,0.36,145.61,169.09,162.01,182.47,2101.02,-16382.1,16.1,79.1,92.3,0.0,0.0
05/21/2026,1630,XPEV,15.63,+.49,+3.24%,15.495,15.71,15.2319,44.2,0.41,0.65,15.38,15.44,14.73,16.57,-4105.02,-1472.02,7.02,63.2,10.1,-1.8,0.0
05/21/2026,1630,XRT,81.79,+.83,+1.03%,80.22,82.23,79.33,47.57,0.23,0.25,82.85,83.34,76.52,85.48,-10201.02,-7786.02,23.05,58.1,84.3,-5.5,-11.5
05/21/2026,1630,XTL,228.57,+4.45,+1.99%,223.09,228.805,222.77,59.87,0.32,0.27,177.12,224.28,220.43,231.58,-1201.03,-21830.03,15.03,77.1,65.1,0.0,9.1
05/21/2026,1630,XYL,108.70,+.48,+0.44%,106.80,109.41,106.26,35.7,0.29,0.3,124.85,114.79,103.14,116.53,-13111.02,-10529.02,30.16,62.1,75.2,-9.5,-5.8
05/21/2026,1630,XYZ,68.65,-2.24,-3.16%,69.75,70.222,68.34,47.76,0.38,0.46,49.33,69.93,67.64,73.76,-6107.01,-6834.01,9.01,23.1,31.1,-0.7,0.0
05/21/2026,1630,YCS,53.70,+.11,+0.21%,53.935,53.94,53.63,56.35,0.21,0.23,50.63,51.59,51.92,54.45,3208.03,-5159.12,17.12,83.2,70.4,0.0,0.0
05/21/2026,1630,YELP,21.84,-.63,-2.80%,22.35,22.37,21.46,32.66,0.61,0.42,19.6,27.89,17.67,27.09,-6112.05,-2080.05,11.05,55.1,98.4,-8.0,-18.9
05/21/2026,1630,YPF,47.94,+.87,+1.85%,47.93,49.00,47.49,64.09,0.46,0.49,33.42,42.42,41.89,49.31,6204.01,4900.01,1.09,66.1,70.4,1.9,0.0
05/21/2026,1630,YUM,154.32,+1.61,+1.05%,151.18,154.70,150.54,48.65,0.25,0.23,158.53,153.4,147.26,157.35,-6202.07,-14969.07,15.08,49.1,83.4,-5.9,-0.6
05/21/2026,1630,YUMC,44.94,-.61,-1.34%,44.69,45.26,44.40,31.3,0.23,0.28,50.87,47.73,43.67,48.4,-9111.01,-4440.01,12.02,19.1,39.1,-2.9,-12.7
05/21/2026,1630,ZG,37.25,+.33,+0.89%,36.36,37.32,35.69,33.24,0.36,0.63,41.9,43.44,33.14,43.31,-11114.02,-3511.02,23.02,77.1,38.1,-10.8,-15.3
05/21/2026,1630,ZM,96.75,-2.67,-2.69%,99.00,100.0699,95.36,49.46,0.47,0.62,70.7,98.81,92.47,109.76,-4108.01,-9536.01,13.02,94.4,74.1,0.0,2.3
05/21/2026,1630,ZS,171.01,-3.44,-1.97%,171.26,174.3726,168.68,67.56,0.57,0.84,140.56,131.97,143.86,185.6,10215.03,18297.03,3.29,97.4,76.1,20.2,8.0
