Date,Time,Symbol,Last,Net Chng,%Change,Open,High,Low,RSI,HistoricalVolatility,ImpVolatility,A_TrendValue,A_TradeValue,A_BB_Bottom,A_BB_Top,A_BB_Streak,A_BBHighLow,A_BBHighLowDays,A_IVPercentile,A_HVPercentile,A_BB_Top_Slope,A_BB_Bot_Slope
05/15/2026,1630,$COMP,26225.1445,-410.0774,-1.54%,26288.9232,26460.7573,26097.5373,69.8,0.16,NaN,22528.26,24491.83,24924.69,27160.26,15212.02,2670714.02,5.34,0.0,50.1,13.7,11.9
05/15/2026,1630,$DJI,49526.17,-537.29,-1.07%,49930.26,49930.26,49503.57,55.61,0.11,NaN,48731.46,48708.57,48987.92,50255.54,13101.02,5020054.02,2.35,0.0,37.1,0.0,1.7
05/15/2026,1630,$DXY,99.270,+.451,+0.46%,98.929,99.320,98.923,59.228,0.056,NaN,97.118,98.009,97.712,99.301,3204.01,9932.01,1.06,0.0,39.1,0.0,0.0
05/15/2026,1630,/6B[M26],1.3324,-.0081,-0.60%,1.3398,1.3403,1.3314,37.252,0.0682,0.0762,1.3434,1.3454,1.335,1.3669,-4104.01,-133.01,5.01,63.1,62.1,0.0,0.0
05/15/2026,1630,/6C[M26],.72810,-.00155,-0.21%,.72975,.73005,.72720,40.03058,0.04162,0.045,0.7292,0.73075,0.72665,0.73737,-6108.01,-73.01,8.01,19.1,34.1,-0.3,0.0
05/15/2026,1630,/6E[M26],1.16415,-.0052,-0.44%,1.16850,1.16870,1.16325,40.15803,0.04915,0.0606,1.17535,1.16775,1.16385,1.1808,-3104.01,-116.01,4.01,23.1,26.1,0.0,0.0
05/15/2026,1630,/6J[M26],.0063145,-.000023,-0.36%,.0063315,.0063330,.0063105,44.8648048,0.1013446,0.0777,0.0063865,0.006243,0.0062673,0.0064491,-1104.03,1.07,7.12,10.1,66.4,0.0,0.0
05/15/2026,1630,/BTC[K26],79165,-2455.00,-3.01%,81555,81895,78675,54.0,0.0,0.0,62590.0,75130.0,76414.0,84124.0,15101.0,8272500.0,7.0,42.0,10.0,2.0,3.0
05/15/2026,1630,/BZ[N26],109.24,+3.52,+3.33%,106.57,109.73,106.05,56.19,0.58,NaN,67.34,101.6,99.18,114.3,-3202.06,-9607.07,12.07,0.2,84.3,0.0,4.7
05/15/2026,1630,/CL[N26],101.16,+4.24,+4.37%,97.71,101.57,97.23,53.7,0.57,0.89,62.04,94.59,93.28,108.56,-2204.07,-8985.07,12.07,80.1,81.1,0.0,8.0
05/15/2026,1630,/GC[M26],4543.6,-141.70,-3.02%,4654.5,4670.1,4513.8,39.0,0.2,0.2,4868.5,4522.2,4480.1,4763.2,-1101.0,-451380.0,4.0,61.1,48.1,-2.7,0.0
05/15/2026,1630,/HG[N26],6.2895,-0.322,-4.87%,6.58,6.587,6.268,55.5789,0.317,0.332,5.666,5.904,5.8376,6.8135,7101.02,672.03,3.09,69.2,53.1,4.7,0.4
05/15/2026,1630,/NG[M26],2.961,0.067,2.32%,2.92,2.982,2.894,59.165,0.451,0.511,2.819,2.505,2.622,3.067,10214.01,298.01,4.16,15.1,17.1,10.6,3.2
05/15/2026,1630,/NKD[M26],61840,-1225.00,-1.94%,63095,63305,61020,58.0,0.0,NaN,56490.0,58620.0,58657.0,65480.0,14101.0,6388000.0,5.0,0.0,58.0,6.0,2.0
05/15/2026,1630,/SI[N26],76.295,-9.033,-10.59%,84.000,84.380,76.090,46.108,0.61,0.583,72.25,71.31,69.543,91.687,7101.02,8917.02,2.12,58.1,77.1,4.6,-0.9
05/15/2026,1630,AAAU,44.83,-1.05,-2.29%,44.87,45.02,44.485,40.19,0.22,0.24,48.92,44.48,44.26,47.11,-1102.01,-4449.01,54.01,64.1,53.1,-2.0,0.0
05/15/2026,1630,AAL,12.31,-.39,-3.07%,12.51,12.595,12.28,51.56,0.46,0.54,12.84,11.17,11.36,13.81,4101.06,1337.06,6.13,52.1,45.1,4.1,2.8
05/15/2026,1630,AAPL,300.23,+2.02,+0.68%,297.90,303.20,296.52,75.66,0.23,0.27,258.16,265.07,277.69,310.78,9214.03,30320.01,3.29,25.1,50.1,21.2,12.1
05/15/2026,1630,ABBV,210.39,-.38,-0.18%,213.10,214.92,209.02,55.33,0.26,0.28,223.02,190.75,198.7,216.02,3204.01,21492.01,1.13,40.1,57.1,0.4,0.9
05/15/2026,1630,ABNB,132.85,-.82,-0.61%,132.905,134.01,131.225,41.43,0.2,0.37,119.94,135.95,130.84,142.97,-10105.01,-13123.01,5.01,33.1,13.1,-0.2,0.0
05/15/2026,1630,ABR,5.79,-.05,-0.86%,5.75,5.985,5.67,23.51,0.73,0.59,7.11,7.73,5.14,7.95,-6106.01,-567.01,7.02,82.2,99.4,-1.4,-12.8
05/15/2026,1630,ABT,84.47,-.43,-0.51%,85.89,86.475,84.13,30.39,0.26,0.29,111.18,90.29,79.11,90.76,-26127.05,-8197.05,55.05,82.2,76.4,-6.3,-14.3
05/15/2026,1630,ACHC,25.81,-.99,-3.69%,26.455,26.525,25.61,49.07,0.65,0.63,16.24,21.6,23.52,28.11,2101.02,-2445.04,10.06,15.1,62.1,-0.1,-0.9
05/15/2026,1630,ACHR,6.05,-.36,-5.62%,6.16,6.22,6.00,49.45,0.55,0.87,6.66,5.47,5.6,6.86,-1101.01,675.03,3.09,45.1,18.1,2.5,2.1
05/15/2026,1630,ACI,16.40,-.11,-0.67%,16.69,16.73,16.39,47.21,0.23,0.26,17.57,16.38,15.73,16.83,2203.01,1673.01,1.03,22.1,43.1,-1.8,-0.1
05/15/2026,1630,ADBE,247.60,+10.59,+4.47%,241.76,248.57,240.26,50.97,0.42,0.55,244.28,236.28,233.72,259.64,-2201.02,-23174.02,7.02,94.2,92.1,0.0,0.0
05/15/2026,1630,ADYEY,10.24,-.09,-0.87%,10.33,10.376,10.23,33.01,0.21,NaN,10.86,10.96,9.97,11.55,-10108.01,-1023.01,8.02,0.0,0.1,0.0,0.0
05/15/2026,1630,AFK,26.87,-.99,-3.55%,27.37,27.465,26.63,44.19,0.32,0.44,28.7,26.22,26.07,29.4,-1101.01,2900.05,5.13,78.1,76.1,0.0,0.0
05/15/2026,1630,AFRM,65.82,-1.75,-2.59%,65.19,67.56,65.05,56.99,0.54,0.65,46.57,61.1,62.8,68.77,-2202.02,-6305.02,4.02,25.1,20.1,0.0,0.1
05/15/2026,1630,AGCO,113.28,-3.76,-3.21%,115.91,115.985,112.92,43.03,0.43,0.42,132.14,112.96,111.84,120.77,-2103.01,-11292.01,7.01,70.1,85.4,-0.6,0.0
05/15/2026,1630,AHR,49.35,-1.79,-3.50%,51.24,51.32,49.32,46.15,0.36,0.28,51.69,49.69,49.1,51.82,-1101.01,-4932.01,2.01,9.1,98.4,0.4,4.8
05/15/2026,1630,AIQUY,40.02,-1.33,-3.22%,40.465,40.50,39.99,35.51,0.28,NaN,38.92,41.78,39.24,42.65,-6114.07,-3999.01,27.07,0.0,94.2,-9.2,-9.0
05/15/2026,1630,AKAM,150.88,-4.79,-3.08%,153.52,156.00,149.19,69.53,0.99,0.53,92.68,93.53,119.79,176.04,11219.03,16545.03,3.24,71.1,99.4,36.1,21.9
05/15/2026,1630,ALB,180.38,-10.72,-5.61%,185.06,185.06,179.57,42.83,0.52,0.69,164.2,184.65,180.23,210.92,-2102.01,-17957.01,3.01,65.1,27.3,0.0,0.0
05/15/2026,1630,ALCO,40.17,-.79,-1.93%,40.83,40.83,39.855,40.72,0.2,NaN,40.01,41.01,39.81,41.59,-11101.01,-3985.01,4.01,0.0,35.1,-6.1,0.0
05/15/2026,1630,ALGN,157.25,-3.28,-2.04%,159.55,161.00,156.99,32.32,0.33,0.43,175.35,167.46,151.24,176.37,-8115.06,-15699.01,19.09,37.1,36.1,-17.8,-7.5
05/15/2026,1630,ALLY,41.99,-.38,-0.90%,42.38,42.501,41.57,45.05,0.26,0.34,39.6,43.47,41.21,44.58,-6105.01,-4157.01,19.01,33.1,39.3,-8.9,0.0
05/15/2026,1630,ALNY,286.98,-6.47,-2.20%,294.78,297.9999,286.76,37.86,0.31,0.41,324.48,287.0,279.75,305.25,-12122.04,-28428.05,23.05,33.1,33.1,-3.3,-2.5
05/15/2026,1630,AMAT,436.62,-3.94,-0.89%,428.42,444.50,421.56,61.73,0.49,0.61,359.26,377.07,380.53,469.77,6209.02,44845.05,5.13,79.3,62.1,6.5,0.0
05/15/2026,1630,AMBA,81.16,0.12,0.15%,78.5,82.43,78,75.7,0.48,1.03,64,62.18,69.17,87.71,23228.02,8337.03,7.31,99.4,37.1,17.7,9.6
05/15/2026,1630,AMD,424.10,-25.60,-5.69%,433.34,439.00,423.3616,67.29,0.97,0.69,194.15,310.0,352.14,506.49,21101.05,46922.05,5.34,87.3,97.4,15.6,4.2
05/15/2026,1630,AMG,293.91,-8.19,-2.71%,299.72,301.095,293.18,48.47,0.32,0.4,279.02,285.0,289.14,310.04,-1101.01,31097.07,7.12,76.1,70.1,0.0,4.9
05/15/2026,1630,AMH,30.61,-.75,-2.39%,31.68,31.811,30.47,44.72,0.22,0.42,28.84,30.29,30.45,32.92,-2104.01,-3047.01,7.01,90.2,84.2,0.0,3.8
05/15/2026,1630,AMLP,54.05,+.18,+0.33%,53.96,54.33,53.87,58.99,0.16,0.15,50.98,51.88,52.56,54.97,1202.01,5433.01,10.21,51.1,89.4,0.0,8.0
05/15/2026,1630,AMN,28.61,-1.69,-5.58%,29.90,30.49,28.43,68.76,1.02,0.56,16.4,20.2,20.98,34.05,6209.02,3117.02,3.08,3.1,100.4,25.9,7.4
05/15/2026,1630,AMPH,16.87,-.43,-2.49%,17.27,17.53,16.755,31.33,0.96,0.18,27.03,21.46,15.45,23.63,-6106.01,-1676.01,7.02,2.1,91.4,0.0,-8.8
05/15/2026,1630,AMZN,264.14,-3.08,-1.15%,262.50,264.355,260.8901,58.56,0.21,0.31,201.51,256.16,259.76,277.89,-2102.01,-26089.01,9.01,23.1,16.1,0.0,10.7
05/15/2026,1630,AN,184.15,-8.50,-4.41%,194.78,195.045,183.675,32.6,0.31,0.3,193.42,199.63,183.16,210.72,-7105.01,-18368.01,11.01,25.1,82.2,0.0,-0.2
05/15/2026,1630,AQWA,18.48,-.435,-2.30%,18.69,18.69,18.475,32.64,0.16,0.2,20.39,19.14,18.32,19.38,-6114.01,-1848.01,26.01,60.2,79.1,-10.8,-12.1
05/15/2026,1630,AR,38.24,+1.16,+3.13%,37.64,38.265,37.27,51.84,0.33,0.42,33.07,37.61,34.94,39.87,-5201.04,-3584.04,12.04,40.1,19.1,0.0,0.0
05/15/2026,1630,ARE,44.97,-1.20,-2.60%,45.78,46.13,44.81,48.05,0.59,0.45,52.51,39.41,40.04,49.8,2209.02,-4004.11,20.11,54.1,89.4,0.0,0.0
05/15/2026,1630,ARGT,86.87,-2.61,-2.92%,87.85,88.34,86.20,38.0,0.26,0.3,90.74,90.06,86.43,93.2,-5106.01,-8620.01,7.01,42.1,45.1,-4.2,-3.4
05/15/2026,1630,ARHS,5.75,-.13,-2.21%,5.83,5.95,5.70,30.74,0.58,0.65,7.78,7.27,5.17,7.58,-9107.02,-563.03,18.03,33.1,71.2,-6.7,-9.3
05/15/2026,1630,ARKK,74.90,-3.10,-3.97%,76.18,76.50,74.90,46.49,0.36,0.43,69.08,72.75,73.75,81.02,-1101.01,8069.05,5.34,42.1,45.1,0.0,1.3
05/15/2026,1630,ARQQ,13.34,-.53,-3.82%,13.53,13.53,12.91,41.48,0.73,1.09,15.02,13.04,12.82,15.62,-3104.01,-1291.01,4.01,29.2,14.1,-4.2,0.0
05/15/2026,1630,AS,32.84,-.49,-1.47%,32.76,33.87,32.705,40.54,0.39,0.65,36.25,34.4,31.85,36.87,-5105.01,-3261.02,6.02,85.2,45.1,-0.7,-4.1
05/15/2026,1630,ASBFF,25.76,0,0.00%,0,0,0,47.51,1.44,NaN,NaN,26.59,NaN,-Infinity,NaN,0.0,0.0,NaN,NaN,NaN,NaN
05/15/2026,1630,ASO,50.55,-.52,-1.02%,50.30,50.75,49.60,37.84,0.37,0.61,57.32,53.13,48.32,55.6,-13105.01,-4875.03,21.03,92.2,23.1,-6.2,-6.4
05/15/2026,1630,ATRO,78.59,-4.12,-4.98%,80.21,82.48,78.51,56.51,0.54,0.56,69.72,66.15,68.71,85.26,2209.01,8354.02,2.12,48.1,60.1,3.7,0.0
05/15/2026,1630,AVB,180.84,-2.70,-1.47%,183.82,184.64,180.35,52.5,0.26,0.24,175.1,172.16,178.5,190.88,-1102.01,-18035.01,12.01,55.1,84.4,0.0,15.8
05/15/2026,1630,AVGO,425.19,-14.60,-3.32%,432.81,432.81,419.80,58.64,0.43,0.58,314.45,394.65,404.09,442.77,1202.02,44236.02,2.03,85.2,62.1,0.0,0.8
05/15/2026,1630,AVO,11.95,-.41,-3.32%,12.34,12.36,11.94,30.14,0.38,0.57,14.04,13.47,11.57,13.81,-7110.01,-1194.01,27.03,83.3,61.3,-2.2,-1.1
05/15/2026,1630,AVTR,7.62,-0.32,-4.03%,7.92,8.015,7.61,39.79,0.44,0.64,8.83,7.48,7.59,8.4,-3103.01,-761.01,7.01,75.1,56.2,-2.1,0
05/15/2026,1630,AWI,155.17,-5.16,-3.22%,159.42,159.56,155.09,31.11,0.25,0.31,168.3,161.04,149.57,168.72,-6115.09,-15509.01,24.1,57.2,67.1,-12.7,-11.1
05/15/2026,1630,AXP,313.48,0.71,0.23%,312.29,315.49,312,46.82,0.24,0.3,316.07,312.23,308.16,321.56,-7107.02,-30776.03,21.03,37.1,46.1,-12.5,0
05/15/2026,1630,AZO,3321.15,-58.37,-1.73%,3389.06,3409.855,3313.51,36.49,0.28,0.42,3627.42,3500.0,3259.99,3639.66,-9110.01,-331351.01,11.01,99.3,79.1,-0.6,-2.8
05/15/2026,1630,B,40.61,-2.55,-5.91%,41.695,41.73,40.0601,45.73,0.6,0.44,46.1,38.11,37.09,47.85,-1101.01,4662.04,4.13,39.1,93.2,3.8,0.0
05/15/2026,1630,BA,220.49,-8.72,-3.80%,226.845,226.85,220.45,44.58,0.39,0.35,227.46,221.15,218.05,242.58,-1102.01,-22045.01,2.01,61.1,90.3,1.3,0.2
05/15/2026,1630,BABA,132.59,-8.53,-6.04%,135.88,135.88,131.95,46.92,0.53,0.44,150.43,128.95,127.92,147.01,-1101.01,-13033.03,3.03,38.2,80.4,0.0,0.9
05/15/2026,1630,BAC,49.77,-0.08,-0.16%,49.62,49.99,49.3,37.62,0.19,0.28,49.47,51.83,48.54,54,-6107.01,-4930.01,7.01,25.1,36.1,0,-3.5
05/15/2026,1630,BALL,55.20,-1.42,-2.51%,56.58,56.58,55.07,31.03,0.31,0.28,65.22,59.81,53.75,61.52,-8116.01,-5507.01,21.09,37.1,77.3,-10.0,-9.9
05/15/2026,1630,BBN,15.70,-.2314,-1.45%,15.85,15.8999,15.70,32.17,0.1,NaN,16.54,16.05,15.78,16.26,-3104.01,-1570.01,4.01,0.0,61.1,-2.6,-1.3
05/15/2026,1630,BBWI,17.09,-.86,-4.79%,17.78,18.005,17.06,36.32,0.56,0.81,22.23,18.07,17.23,19.87,-3103.01,-1706.01,18.01,100.4,73.2,-9.0,0.0
05/15/2026,1630,BBY,56.28,-.40,-0.71%,56.41,56.90,56.01,37.13,0.34,0.53,61.17,58.18,54.8,60.18,-10105.02,-5580.02,19.02,86.2,55.2,-17.7,0.0
05/15/2026,1630,BCO,103.77,-3.14,-2.94%,106,107.38,103.24,42.3,0.3,0.3,126.22,105.15,102.67,109.02,-10101.01,-10324.01,19.01,53.1,65.1,-6.9,0
05/15/2026,1630,BDRY,13.18,+.23,+1.78%,12.71,13.20,12.71,70.56,0.37,0.5,11.25,11.05,11.64,13.86,9215.03,1333.03,3.16,8.1,36.1,16.2,14.6
05/15/2026,1630,BEAM,27.93,-1.6,-5.42%,28.73,29.34,27.73,43.92,0.81,0.87,26.75,27.34,27.93,33.21,-2102.01,-2773.01,5.01,72.2,73.2,0,1.1
05/15/2026,1630,BEPC,36.32,-.25,-0.68%,35.91,36.58,35.5501,39.97,0.63,0.46,42.05,34.52,32.97,39.16,1208.07,-3440.1,27.11,87.2,95.4,-9.1,0.0
05/15/2026,1630,BIDU,135.33,-7.96,-5.56%,137.795,138.345,135.05,53.63,0.67,0.59,130.52,119.0,121.53,155.5,-1101.01,15237.03,3.34,88.4,98.4,9.9,3.1
05/15/2026,1630,BIO,247.53,+1.26,+0.51%,248.46,250.095,242.79,34.91,0.45,0.45,263.51,273.15,224.45,271.5,-9117.03,-23673.03,18.09,72.1,72.4,-11.1,-7.1
05/15/2026,1630,BIP,37.95,-.41,-1.07%,38.10,38.42,37.56,59.84,0.22,0.37,37.64,33.48,35.52,39.2,7209.02,3895.02,2.12,84.4,77.1,5.6,0.0
05/15/2026,1630,BIRK,31.19,-2.94,-8.61%,34.00,34.13,31.12,31.72,0.72,0.5,38.21,37.12,31.23,40.89,-3104.01,-3112.01,7.01,43.1,100.4,-2.5,-2.2
05/15/2026,1630,BITO,10.81,-.32,-2.88%,10.93,10.93,10.73,53.57,0.32,0.45,8.68,10.26,10.41,11.5,-1101.01,1124.05,8.34,38.1,11.1,1.9,3.6
05/15/2026,1630,BJ,96.36,+.40,+0.42%,96.65,97.20,95.16,56.02,0.28,0.46,95.32,90.68,91.16,97.02,3203.01,9720.01,1.07,99.2,42.1,-0.2,0.1
05/15/2026,1630,BJRI,42.06,+.34,+0.81%,41.27,42.51,40.95,64.19,0.36,0.47,38.61,37.16,36.95,44.87,4209.04,4381.05,5.08,62.1,46.3,12.7,0.0
05/15/2026,1630,BK,135.02,-.96,-0.71%,134.61,137.785,134.2226,60.26,0.18,0.28,114.11,130.9,130.39,136.48,3204.01,13779.01,1.07,53.1,46.1,-0.9,0.9
05/15/2026,1630,BKNG,154.13,-.35,-0.23%,154.94,156.65,153.05,33.51,0.37,0.4,150.62,164.23,147.27,175.08,-10118.02,-15305.01,21.03,79.1,71.1,-12.4,-8.0
05/15/2026,1630,BKV,28.51,-.08,-0.28%,28.72,28.81,28.225,46.74,0.42,0.46,28.13,29.04,26.18,32.21,-6108.02,-2742.02,12.05,31.1,53.2,0.0,0.0
05/15/2026,1630,BLDR,70.41,-3.17,-4.31%,72.23,73.00,69.86,32.29,0.48,0.61,102.57,77.86,63.05,82.58,-5114.09,-6986.01,19.09,84.2,49.2,-9.8,-9.9
05/15/2026,1630,BLK,1081.90,-22.13,-2.00%,1094.52,1099.75,1080.00,58.15,0.2,0.28,1051.41,1031.32,1043.05,1115.71,10208.02,111109.02,2.31,64.1,30.1,0.0,0.0
05/15/2026,1630,BLMN,8.04,-.10,-1.23%,8.08,8.39,8.01,66.7,1.3,0.78,5.66,5.78,5.9,9.64,5208.04,873.05,5.1,48.1,89.4,20.2,0.0
05/15/2026,1630,BLOK,62.75,-2.78,-4.24%,63.87,63.87,62.56,56.06,0.38,0.35,51.64,57.08,58.31,68.75,5101.05,6609.02,5.33,11.1,49.1,5.0,2.7
05/15/2026,1630,BNDD,96.5232,-.9579,-0.98%,96.5232,96.5232,96.5232,38.9,0.07,0.13,97.39,97.28,96.57,98.28,-3105.01,-9652.01,8.01,26.1,7.1,-0.4,0.0
05/15/2026,1630,BNO,57.69,+1.48,+2.63%,57.06,57.925,56.97,59.6,0.56,0.83,32.69,53.16,51.84,60.65,1202.04,-5082.07,13.07,87.2,85.3,0.0,7.9
05/15/2026,1630,BOOT,143.85,-2.51,-1.71%,156.95,156.97,143.39,34.31,0.44,0.49,187.66,163.79,134.27,176.99,-6107.02,-14080.02,7.02,31.4,67.2,0.0,-0.6
05/15/2026,1630,BP,44.35,+.7292,+1.67%,43.88,44.385,43.73,45.06,0.24,0.32,37.75,45.93,42.1,47.31,-4108.05,-4322.06,12.06,62.1,36.1,0.0,-9.9
05/15/2026,1630,BRBR,9.69,+.54,+5.90%,9.41,9.725,9.08,26.93,1.82,0.9,17.45,16.43,5.27,15.32,-5109.05,-900.03,10.06,87.4,100.4,-0.3,-25.8
05/15/2026,1630,BRCB,7.01,-.15,-2.09%,7.08,7.36,6.93,18.29,1.3,0.64,11.51,11.95,6.39,12.33,-12119.01,-693.01,21.01,NaN,NaN,-13.0,-19.8
05/15/2026,1630,BRKR,42.88,-1.28,-2.90%,43.90,44.1099,42.73,59.5,0.68,0.58,37.59,33.8,36.06,48.69,5209.04,4524.03,5.12,54.1,90.4,14.1,0.0
05/15/2026,1630,BROS,51.01,+1.01,+2.02%,49.50,51.96,49.12,44.0,0.57,0.51,46.52,54.73,46.18,59.32,-6107.02,-4832.03,8.03,30.1,75.2,0.2,-0.7
05/15/2026,1630,BTAL,12.17,+.18,+1.50%,12.22,12.44,12.11,41.26,0.24,0.51,13.61,12.33,11.58,12.65,1201.01,-1183.05,34.05,85.4,79.2,-2.9,-0.9
05/15/2026,1630,BTC,34.98,-1.03,-2.86%,35.38,35.39,34.75,54.03,0.32,0.38,27.79,33.13,33.6,37.27,-1101.01,3634.05,8.34,17.1,24.1,2.5,4.5
05/15/2026,1630,BTC-USD,-60.65,7.80,-11.40%,-63.19,-59.3501,-65.17,33.41,1.16,0.65,-32.36,-48.69,-73.56,-41.83,-19109.02,7014.02,33.02,57.1,23.1,-7.1,-16.3
05/15/2026,1630,BTI,65.09,-1.61,-2.41%,65.775,65.91,64.63,66.83,0.36,0.28,58.7,57.27,57.79,67.74,10205.01,6730.02,2.19,44.1,100.4,13.9,10.3
05/15/2026,1630,BUD,80.92,+.18,+0.22%,80.49,81.20,80.33,65.4,0.39,0.24,77.87,72.48,75.07,85.9,5209.07,8153.02,7.17,37.1,90.4,12.2,7.7
05/15/2026,1630,BULL,7.06,-.24,-3.29%,7.11,7.17,6.95,57.88,0.43,0.92,5.47,6.52,6.77,7.4,-4101.02,-693.02,2.02,33.2,8.1,-0.1,1.0
05/15/2026,1630,BURL,293.60,+1.07,+0.37%,294.10,294.10,286.41,35.93,0.26,0.48,302.19,315.52,275.59,321.73,-11118.03,-28057.03,19.03,83.2,9.1,-10.5,-15.7
05/15/2026,1630,BUXX,20.23,0,0.00%,20.25,20.25,20.23,46.68,0.02,NaN,20.3,20.2,20.18,20.28,1203.03,-2020.09,20.11,0.0,33.3,-4.6,0.0
05/15/2026,1630,BXP,58.50,-.46,-0.78%,58.06,58.985,57.235,54.54,0.22,0.35,58.0,56.9,57.81,60.08,-1103.01,-5724.01,2.01,62.1,14.1,0.0,2.4
05/15/2026,1630,BYD,79.09,-.30,-0.38%,79.78,79.785,78.51,36.17,0.37,0.28,81.69,83.77,77.27,87.73,-8105.01,-7851.01,14.01,44.1,92.4,-3.1,-9.5
05/15/2026,1630,BYDDF,12.25,-.4125,-3.26%,12.30,13.15,12.22,36.73,0.32,NaN,12.02,12.15,12.15,13.49,-10119.01,-1222.01,22.01,0.0,22.1,-6.9,-0.1
05/15/2026,1630,C,123.42,-1.40,-1.12%,124.48,124.50,122.73,45.59,0.18,0.34,107.5,126.55,122.3,128.84,-5106.01,-12273.01,6.01,55.1,6.1,-6.3,0.0
05/15/2026,1630,CACC,547.81,1.15,0.21%,546.28,549.295,540.93,64.44,0.36,0.39,474.94,495.6,500.38,558.22,5209.01,54975.02,2.31,25.2,35.1,0,2.5
05/15/2026,1630,CAG,13.43,-.24,-1.76%,13.80,13.895,13.42,31.37,0.21,0.39,18.31,13.86,13.44,14.33,-15102.01,-1342.01,2.01,92.2,16.1,-7.1,0.0
05/15/2026,1630,CAH,195.20,+.82,+0.42%,194.76,197.05,193.726,46.61,0.36,0.3,220.51,185.8,175.81,204.68,1202.01,-18045.03,27.06,51.1,84.2,-2.0,-7.4
05/15/2026,1630,CAKE,59.49,+1.21,+2.08%,58.34,59.91,57.70,47.76,0.38,0.39,60.53,60.95,56.48,63.46,-4105.01,-5724.02,8.02,33.1,75.1,0.0,0.0
05/15/2026,1630,CAMT,168.35,-3.01,-1.76%,167.62,172.12,165.95,42.83,0.89,0.69,145.28,178.34,159.31,210.01,-4104.01,-16595.01,5.01,73.1,100.4,0.5,0.0
05/15/2026,1630,CANE,9.98,-.12,-1.19%,9.94,9.99,9.89,53.16,0.26,0.34,9.04,9.37,9.6,10.55,-1101.01,1033.09,9.25,69.3,90.4,1.4,10.2
05/15/2026,1630,CARR,64.67,-2.06,-3.09%,65.78,66.1,64.4,52.8,0.43,0.4,60.28,61,61.88,70.04,12101.07,6865.07,7.34,65.1,78.3,0,6.7
05/15/2026,1630,CASY,852.75,-24.73,-2.82%,873.29,879.99,844.74,61.23,0.29,0.44,654.36,771.44,803.64,915.01,12101.02,90100.02,9.4,100.4,83.2,10.3,11.6
05/15/2026,1630,CAT,888.31,-31.91,-3.47%,898.75,899.73,880.2,57.98,0.46,0.39,744.15,805,828.42,973.57,-1101.01,93135.07,7.33,70.1,92.2,4.2,9
05/15/2026,1630,CAVA,76.87,+.78,+1.03%,75.44,77.88,75.07,37.89,0.51,0.79,65.65,89.59,67.68,91.75,-9111.02,-7205.03,19.03,94.4,62.1,-12.1,-9.1
05/15/2026,1630,CBRL,30.71,+1.54,+5.28%,28.955,31.02,28.80,53.48,0.52,0.7,30.3,29.26,28.6,31.88,-3201.01,-2880.01,4.01,75.1,55.2,0.0,0.0
05/15/2026,1630,CCK,96.08,-3.13,-3.15%,98.93,99.295,96.05,34.2,0.22,0.31,110.46,97.5,96.32,101.96,-1102.01,-9605.01,5.01,66.1,32.1,-7.6,0.0
05/15/2026,1630,CCL,24.64,-.56,-2.22%,24.87,25.14,24.58,40.43,0.44,0.55,29.96,25.34,23.94,27.24,-4105.01,-2441.03,21.03,75.1,44.1,-6.5,-3.1
05/15/2026,1630,CCRN,13.13,0,0.00%,13.13,13.15,13.125,78.27,0.96,1.79,8.2,9.95,10.63,14.68,16207.05,1317.05,5.64,91.4,94.4,36.0,3.8
05/15/2026,1630,CELH,30.16,+1.15,+3.96%,29.01,30.4262,28.935,39.08,0.54,0.63,42.63,32.01,27.22,35.06,-7106.02,-2780.02,6.02,56.1,70.1,0.0,-5.0
05/15/2026,1630,CF,125.24,+2.77,+2.26%,124.20,126.46,123.24,52.2,0.56,0.53,93.08,120.18,116.02,131.26,2201.03,13002.03,3.05,83.1,84.3,0.2,0.6
05/15/2026,1630,CFG,60.86,-.32,-0.52%,61.14,61.36,59.745,39.84,0.23,0.31,61.3,63.39,59.35,66.02,-6107.01,-5975.01,7.01,45.1,30.1,0.0,-3.5
05/15/2026,1630,CFLT,30.99,0,0.00%,0,0,0,73.35,0.04,0.16,29.95,30.6,30.58,30.94,1201.01,3100.01,1.27,19.4,14.1,0.0,0.0
05/15/2026,1630,CFRUY,19.6700,-.44,-2.19%,19.6700,19.8000,19.5800,53.02,0.39,NaN,20.24,18.28,18.4,20.99,3101.06,2044.06,6.13,0.0,87.3,0.1,0.0
05/15/2026,1630,CG,48.02,-2.02,-4.04%,49.86,49.93,47.93,44.27,0.38,0.44,48.98,46.67,47.4,51.83,-2101.01,-4793.01,8.01,56.1,71.1,-3.7,2.7
05/15/2026,1630,CHD,94.05,-0.2925,-0.31%,94.98,95.01,93.4,48.22,0.28,0.25,99.43,94.66,90.66,97.34,1203.02,9682.02,2.04,42.1,87.4,0,-2
05/15/2026,1630,CHDN,86.73,+.97,+1.13%,86.52,87.53,85.27,40.35,0.52,0.37,88.29,99.0,78.41,98.6,-5110.05,-8468.03,14.05,68.1,96.4,-0.2,-6.6
05/15/2026,1630,CHEF,80.34,-.84,-1.03%,81.01,81.96,79.885,69.56,0.62,0.34,68.05,63.4,72.81,89.32,5101.09,8281.06,10.14,6.1,95.4,6.7,17.7
05/15/2026,1630,CHH,106.94,1.22,1.15%,106.5,108.21,105.37,48.07,0.68,0.32,104.51,98.76,91.41,115.91,1204.02,-9842.09,21.09,74.2,97.4,-10.1,-0.2
05/15/2026,1630,CHPT,6.63,-.18,-2.64%,6.57,6.755,6.33,57.93,0.49,0.98,5.78,6.25,6.05,6.82,2203.01,676.01,1.06,48.1,19.1,-4.1,1.1
05/15/2026,1630,CHRD,148.39,+5.85,+4.10%,143.82,148.765,143.275,62.12,0.38,0.46,100.05,136.33,135.15,151.89,1202.01,-13282.07,12.07,79.1,72.3,0.0,9.5
05/15/2026,1630,CHTR,140.33,-7.67,-5.18%,148.00,148.75,136.63,27.31,1.14,0.59,223.0,158.0,130.53,170.76,-1101.01,15537.02,3.12,79.2,96.4,-38.1,0.0
05/15/2026,1630,CHWY,21.28,-.20,-0.93%,21.58,21.67,21.165,28.72,0.43,0.76,23.68,24.9,20.02,25.69,-10117.02,-2117.01,19.02,98.4,57.1,-7.0,-13.3
05/15/2026,1630,CI,285.27,-9.66,-3.28%,294.00,296.27,284.91,51.34,0.29,0.29,277.16,275.31,274.98,303.08,4101.02,30090.02,2.33,25.1,66.1,9.6,1.1
05/15/2026,1630,CLOX,25.55,-.02,-0.08%,25.60,25.60,25.51,51.08,0.02,NaN,25.55,25.54,25.47,25.62,1202.01,-2550.08,11.08,0.0,74.2,0.0,-1.2
05/15/2026,1630,CLOZ,26.41,-0.03,-0.11%,26.41,26.4583,26.3849,67.25,0.03,NaN,26.16,26.17,26.32,26.5,-1207.08,2648.11,18.29,0,48.1,0,22.2
05/15/2026,1630,CLX,90.45,-.72,-0.79%,91.88,92.0085,90.11,39.85,0.48,0.34,121.48,93.39,83.32,97.1,1203.02,-8470.09,21.09,67.2,99.4,-3.1,0.0
05/15/2026,1630,CMCSA,24.76,-.41,-1.63%,25.38,25.54,24.69,31.09,0.6,0.32,30.69,26.6,23.66,27.43,-1102.01,-2453.03,16.12,44.1,94.4,-22.9,-13.4
05/15/2026,1630,CMG,32.65,+.56,+1.75%,31.97,33.07,31.97,46.07,0.32,0.41,36.15,32.43,31.32,33.66,-7201.09,-3163.05,19.1,60.1,52.1,-12.2,0.0
05/15/2026,1630,CMI,696.53,-19.92,-2.78%,703.03,704.045,692.00,61.44,0.41,0.39,581.72,636.66,640.25,744.11,14212.03,71808.07,7.34,89.1,90.2,11.7,4.8
05/15/2026,1630,CNA,43.73,+.43,+0.99%,43.66,43.93,43.34,38.6,0.35,0.36,46.51,47.43,40.02,47.54,-5113.06,-4248.03,11.07,72.3,100.4,-0.6,-15.5
05/15/2026,1630,CNC,58.27,-.43,-0.73%,58.49,59.34,57.81,80.53,0.59,0.43,41.06,41.68,54.7,65.88,-2106.04,5974.03,12.45,14.1,72.2,13.0,37.2
05/15/2026,1630,CNH,10.43,-.24,-2.25%,10.58,10.66,10.355,44.7,0.38,0.34,12.29,9.94,10.07,11.22,5102.04,1102.04,4.22,27.1,77.3,0.0,1.4
05/15/2026,1630,CNX,36.09,-.31,-0.85%,36.59,36.7591,36.045,38.65,0.25,0.36,37.31,37.8,33.81,39.23,-10111.03,-3510.03,13.05,40.1,19.1,-0.3,-15.0
05/15/2026,1630,COAL,24.69,-.40,-1.59%,25.09,25.09,24.6001,39.06,0.23,0.35,24.81,25.1,24.59,26.09,-7104.01,-2460.01,9.01,38.1,11.1,-1.3,0.0
05/15/2026,1630,COCO,78.44,2,2.62%,76.44,78.55,75.59,84.91,0.94,0.59,48.01,49.79,68.74,88.96,-1103.02,7855.01,11.16,75.1,95.4,20.1,28.5
05/15/2026,1630,COF,187.17,1.38,0.74%,185.68,188.31,184.87,45.29,0.22,0.35,187.5,188.26,180.01,194.34,-9106.02,-18200.02,21.02,58.1,18.1,-13,-2.7
05/15/2026,1630,COIN,195.43,-16.58,-7.82%,205.64,206.00,192.30,49.33,0.74,0.76,152.7,177.62,182.93,219.01,3101.02,22235.02,2.06,71.1,59.1,0.0,1.6
05/15/2026,1630,COM,34.37,-.59,-1.69%,34.46,34.47,34.32,52.71,0.12,0.12,31.12,33.86,33.95,35.59,-1101.01,3562.03,3.26,15.1,76.1,22.2,11.5
05/15/2026,1630,COP,122.41,+3.44,+2.89%,120.78,122.48,120.49,52.8,0.34,0.35,108.4,120.22,110.91,128.08,1201.01,-11380.05,12.05,64.1,83.4,0.0,-1.2
05/15/2026,1630,COPJ,42.66,-3.18,-6.94%,43.96,44.0129,42.34,49.58,0.58,0.52,42.52,39.98,38.83,48.26,6101.02,4753.03,3.12,73.1,89.1,0.6,0.0
05/15/2026,1630,COPX,83.05,-6.33,-7.08%,85.12,85.12,82.76,49.34,0.56,0.5,83.81,77.57,75.49,94.58,6101.03,9277.03,3.13,69.1,86.1,0.6,0.0
05/15/2026,1630,CORN,18.14,-.39,-2.10%,18.37,18.41,18.12,42.51,0.19,0.26,17.39,18.32,18.15,19.17,-2102.01,-1812.01,11.01,92.2,92.4,0.0,6.6
05/15/2026,1630,COST,1048.95,7.7,0.74%,1049.36,1057.5,1039.22,65.35,0.17,0.28,977.81,985.12,987.79,1053.69,3204.01,105750.01,1.05,83.2,29.1,0,0
05/15/2026,1630,CP,85.07,-1.83,-2.11%,86.12,86.465,84.78,52.48,0.32,0.27,82.99,84.05,82.63,87.67,2101.02,8772.02,2.31,77.1,97.4,0,6.5
05/15/2026,1630,CPAY,328.23,-.94,-0.29%,327.36,331.1799,325.77,56.2,0.5,0.39,329.96,299.12,295.65,353.43,3206.04,34394.04,4.12,68.1,90.4,0.0,0.0
05/15/2026,1630,CPER,38.14,-1.88,-4.70%,38.25,38.39,38.11,54.47,0.33,0.35,35.01,35.83,35.57,41.31,-1101.01,4078.03,3.1,75.2,67.1,4.4,1.2
05/15/2026,1630,CPNG,16.12,-.47,-2.83%,16.44,16.63,16.065,30.54,0.63,0.5,17.49,19.83,13.89,20.34,-8108.03,-1565.03,21.04,74.1,92.4,-7.1,-26.5
05/15/2026,1630,CPRI,17.26,-.25,-1.43%,17.66,17.66,17.02,34.26,0.35,0.8,19.56,19.16,16.16,19.65,-9115.03,-1693.03,19.03,98.4,13.1,-11.0,-14.9
05/15/2026,1630,CPT,102.59,-1.4,-1.35%,104.21,104.64,102.51,46,0.21,0.25,107.12,101.1,102.24,106.66,-2102.01,-10251.01,11.01,65.2,61.3,0.5,5.8
05/15/2026,1630,CRCL,114.00,-9.88,-7.98%,117.47,118.26,111.39,52.46,1.21,0.96,59.46,89.9,92.43,143.44,6101.04,14000.04,4.12,NaN,NaN,12.3,1.2
05/15/2026,1630,CRI,33.46,-.30,-0.89%,33.70,33.91,33.20,42.54,0.61,0.54,40.33,35.9,30.53,37.95,-2107.04,3899.07,7.09,17.1,72.2,-5.8,-4.9
05/15/2026,1630,CRM,173.51,+5.93,+3.54%,169.25,175.97,169.00,44.72,0.5,0.58,174.57,173.0,163.51,189.36,-3105.02,-16433.02,10.02,95.4,97.3,-1.5,0.0
05/15/2026,1630,CRSP,48.41,-2.04,-4.04%,49.74,50.4499,48.25,40.67,0.66,0.58,52.0,50.12,48.68,55.31,-2102.01,-4825.01,5.01,7.1,63.2,-6.4,0.1
05/15/2026,1630,CRWD,594.08,+14.13,+2.44%,573.17,598.25,560.69,82.57,0.42,0.61,342.72,432.55,476.99,614.27,9211.01,59825.01,1.26,94.2,63.1,19.4,15.1
05/15/2026,1630,CSCO,118.21,+2.68,+2.32%,114.61,118.83,114.00,88.46,0.5,0.43,76.49,85.78,97.55,118.54,13213.01,11883.01,1.31,98.4,92.2,15.4,15.1
05/15/2026,1630,CSX,45.66,-.26,-0.57%,45.80,45.89,45.245,61.18,0.32,0.26,40.84,44.57,44.26,45.97,1202.01,4589.01,1.02,40.1,100.4,-0.7,9.6
05/15/2026,1630,CTA,32.02,+.32,+1.01%,31.75,32.09,31.645,58.68,0.28,0.25,29.47,30.37,30.35,33.0,1204.04,-2981.07,12.07,64.1,88.4,0.0,9.9
05/15/2026,1630,CUBE,38.36,-1.28,-3.23%,39.59,39.61,38.285,41.61,0.26,0.33,38.28,38.63,38.42,41.25,-1103.01,-3828.01,4.01,74.1,85.2,0.9,0.0
05/15/2026,1630,CURB,27.60,-.26,-0.93%,27.54,28.02,27.36,51.03,0.26,0.22,26.47,27.3,26.92,28.38,-2101.1,2874.13,13.4,3.1,92.4,-2.4,0.4
05/15/2026,1630,CVNA,67.17,-2.36,-3.39%,67.47,69.6,65.8399,36.54,0.42,0.66,62.68,74.32,65.55,81.99,-5106.01,-6584.01,6.01,43.1,15.1,-0.3,0
05/15/2026,1630,CVS,95.89,-1.26,-1.30%,97.50,97.8659,95.84,74.25,0.39,0.29,72.92,77.61,84.95,102.23,12208.02,9843.02,3.4,8.1,87.2,39.8,15.5
05/15/2026,1630,CVX,191.10,+4.46,+2.39%,188.60,191.50,187.90,54.03,0.24,0.31,181.98,183.67,180.01,195.44,1201.01,-18074.06,10.06,80.1,78.3,0.0,0.0
05/15/2026,1630,CWH,6.63,-0.23,-3.35%,6.79,6.98,6.545,42.74,0.97,0.83,8.12,6.68,6.13,8.1,-3105.03,-646.03,7.03,81.1,89.4,0,-0.4
05/15/2026,1630,CZR,27.80,+.64,+2.36%,27.00,27.86,26.77,53.7,0.45,0.5,19.67,27.22,25.89,28.74,-4201.02,-2618.02,6.02,28.1,54.1,0.2,-0.1
05/15/2026,1630,D,61.73,-1.24,-1.97%,62.86,63.12,61.71,44.81,0.21,0.24,62.66,62.37,60.93,64.15,-3101.06,-6104.06,10.06,59.1,84.3,0.0,0.9
05/15/2026,1630,DAL,70.23,-1.32,-1.84%,70.53,70.98,69.555,51.86,0.28,0.49,66.3,65.82,66.5,75.4,5101.05,7393.06,6.13,48.1,12.1,2.3,0.9
05/15/2026,1630,DAPP,20.91,-1.50,-6.69%,21.645,21.83,20.80,56.72,0.59,0.42,14.93,17.57,18.33,24.15,7101.05,2275.02,5.33,4.1,47.1,9.4,3.4
05/15/2026,1630,DAR,62.37,-.41,-0.65%,62.61,63.00,61.47,52.8,0.23,0.43,50.82,59.19,60.99,65.55,-2103.01,-6147.01,9.01,7.1,4.1,0.0,5.9
05/15/2026,1630,DASH,159.20,+5.50,+3.58%,153.125,160.11,152.96,44.64,0.44,0.5,161.18,164.08,145.13,176.55,-5116.02,-14831.02,7.02,48.1,64.1,-7.6,-1.0
05/15/2026,1630,DDOG,207.98,5.14,2.53%,200.49,211.28,199.91,83.32,1.01,0.6,98.01,128,153.11,237.01,14223.04,21128.01,5.25,63.1,98.4,34.5,18.6
05/15/2026,1630,DDS,538.69,+3.83,+0.72%,537.60,543.325,523.92,37.73,0.3,NaN,575.1,561.35,513.94,581.56,-11117.01,-52392.01,2.01,0.0,10.1,-6.7,-3.5
05/15/2026,1630,DE,561.83,-12.81,-2.23%,572.04,572.62,555.56,42.52,0.35,0.42,590.92,557.76,556.85,595.66,-1102.01,-55556.01,7.01,99.4,83.1,0.0,0.8
05/15/2026,1630,DECK,93.56,-1.41,-1.48%,94.68,95.09,92.98,34.96,0.34,0.68,114.53,100.44,89.11,104.83,-9106.03,-9298.01,26.09,94.4,33.1,-10.7,-13.3
05/15/2026,1630,DELL,241.99,-5.90,-2.38%,240.41,246.86,236.79,62.97,0.69,0.78,112.86,200.84,205.22,272.38,27212.02,26054.02,5.62,98.4,90.2,14.2,1.4
05/15/2026,1630,DEO,81.69,+1.11,+1.38%,81.64,82.05,81.22,53.63,0.32,0.3,85.56,77.12,77.55,85.65,-1201.03,8461.06,6.13,35.1,75.1,0.6,0.8
05/15/2026,1630,DG,102.38,-2.67,-2.54%,105.36,105.36,102.32,29.29,0.36,0.58,149.11,112.76,97.29,118.7,-9117.02,-10081.03,21.03,100.4,70.2,-9.7,-20.3
05/15/2026,1630,DGX,186.61,-1.33,-0.71%,189.16,189.88,186.43,39.03,0.27,0.26,200.94,187.5,183.21,193.82,1102.02,-18623.06,17.13,64.1,75.4,-9.2,0.0
05/15/2026,1630,DIN,29.79,-1.23,-3.97%,31.04,31.56,29.75,56.09,0.55,0.61,27.52,26.97,26.45,31.17,6207.01,3156.01,1.07,65.1,88.3,0,1.4
05/15/2026,1630,DIS,102.72,-2.7,-2.56%,105.03,105.42,102.3,47.96,0.34,0.27,102.96,100.42,99.52,110.14,4101.05,10839.05,5.09,34.1,81.4,0.6,0.4
05/15/2026,1630,DK,44.81,+1.12,+2.56%,44.12,45.39,43.63,52.72,0.63,0.65,32.5,40.07,40.92,50.25,-1103.02,4950.09,9.21,37.1,76.4,0.0,6.6
05/15/2026,1630,DKL,51.70,+.08,+0.15%,51.30,52.37,51.00,52.21,0.34,0.3,51.59,50.07,49.97,53.88,-4108.04,-5011.04,11.04,46.1,95.4,0.0,2.9
05/15/2026,1630,DKNG,25.00,-.15,-0.60%,25.00,25.94,24.61,58.61,0.35,0.54,21.17,22.8,22.89,26.28,11210.01,2594.01,1.16,41.1,24.1,5.3,3.7
05/15/2026,1630,DLTR,89.58,-.39,-0.43%,89.86,91.40,88.51,35.31,0.38,0.63,126.77,94.36,84.84,98.28,-11115.02,-8588.03,19.03,100.4,54.3,-9.6,-11.5
05/15/2026,1630,DOC,19.36,-.20,-1.02%,19.43,19.605,19.25,70.0,0.63,0.35,16.76,15.7,16.81,21.7,4209.05,1991.02,6.14,72.1,99.4,24.9,0.6
05/15/2026,1630,DOCU,47.71,+2.21,+4.86%,45.99,48.29,45.47,53.86,0.46,0.75,40.16,45.14,44.5,49.36,-3201.02,-4460.02,5.02,92.2,63.1,0.0,0.0
05/15/2026,1630,DOV,210.77,-3.59,-1.67%,211.87,212.98,209.88,39.33,0.29,0.31,224.33,220.28,208.75,228.55,-5107.01,-20988.01,7.01,71.1,85.3,-1.0,0.0
05/15/2026,1630,DOW,38.75,-.03,-0.08%,39.00,39.415,38.611,50.48,0.41,0.53,29.49,37.38,36.64,41.24,-4103.05,-3672.06,9.06,59.1,33.3,0.0,1.3
05/15/2026,1630,DPZ,302.29,-1.72,-0.57%,306.70,309.21,302.12,26.06,0.4,0.32,372.04,326.54,291.84,343.32,-5115.01,-30212.01,16.12,67.1,96.4,-16.0,-13.8
05/15/2026,1630,DRI,195.89,+1.28,+0.66%,195.57,196.99,194.055,48.53,0.24,0.31,210.17,195.78,190.79,199.47,-1201.03,-19013.03,4.03,50.1,46.1,-2.8,-1.4
05/15/2026,1630,DRLL,37.5075,+1.0142,+2.78%,36.99,37.5075,36.93,56.15,0.29,0.27,33.97,35.96,34.82,38.47,1201.01,-3495.07,11.07,64.1,91.4,0.0,0.1
05/15/2026,1630,DRVN,13.00,+.46,+3.67%,12.78,13.13,12.66,50.23,0.45,0.74,9.8,12.21,12.19,14.18,-3105.02,1407.08,8.13,74.2,79.1,0.0,0.0
05/15/2026,1630,DT,38.36,+1.24,+3.34%,37.05,38.67,36.42,53.38,0.64,0.5,33.24,34.8,34.6,41.9,-2201.02,-3473.02,6.02,71.3,100.2,2.2,0.0
05/15/2026,1630,DVN,49.49,+2.25,+4.76%,47.88,49.56,47.74,56.96,0.45,0.41,42.23,47.82,43.84,52.31,-3201.06,-4518.06,12.06,63.1,98.4,0.0,0.0
05/15/2026,1630,DXCM,61.63,+3.81,+6.59%,59.91,63.19,59.46,50.79,0.43,0.45,70.03,56.72,57.47,62.28,2201.01,6319.01,1.12,35.1,74.2,-6.5,0.0
05/15/2026,1630,EA,200.64,-.14,-0.07%,200.155,200.85,200.145,38.85,0.03,0.02,199.27,201.78,199.08,202.51,-12118.02,-19945.03,14.03,0.1,13.1,-5.0,-7.6
05/15/2026,1630,EAT,137.22,0.47,0.34%,136.75,139.07,134.215,45.83,0.79,0.51,136.59,128.3,124.38,154,-3106.02,-12756.02,26.02,55.1,100.4,-4,-1.6
05/15/2026,1630,EBAY,116.13,+2.89,+2.55%,113.18,116.83,112.25,71.81,0.4,0.37,79.4,96.28,103.55,119.03,6213.01,11683.01,1.12,65.1,73.2,6.2,7.7
05/15/2026,1630,ECH,39.24,-.90,-2.24%,38.92,39.475,38.86,36.91,0.28,0.29,42.68,40.9,38.95,42.61,-2105.01,-3886.01,24.01,60.1,73.1,-9.9,-2.1
05/15/2026,1630,ECPG,81.62,-.11,-0.13%,81.25,82.68,78.3277,54.27,0.27,0.38,56.14,80.33,79.27,84.94,-7105.01,-7833.01,5.01,34.1,29.1,-0.4,0.0
05/15/2026,1630,EDEN,110.2243,-1.7717,-1.58%,110.70,110.88,110.101,49.98,0.22,NaN,107.66,107.46,108.38,114.66,-1101.01,11345.05,5.17,0.0,69.1,0.5,6.3
05/15/2026,1630,EDU,50.90,-.35,-0.68%,50.79,51.19,50.24,37.51,0.41,0.42,56.66,51.14,50.0,56.13,-5106.01,-5024.01,21.01,8.1,79.4,-10.0,0.0
05/15/2026,1630,EDV,61.47,-1.35,-2.15%,61.59,61.745,61.36,33.03,0.13,0.19,67.16,62.87,61.66,64.46,-3105.01,-6136.01,17.01,96.1,27.1,-2.1,-8.2
05/15/2026,1630,EEM,65.07,-2.31,-3.43%,65.23,65.465,64.715,53.67,0.29,0.32,60.58,62.44,62.57,69.84,-1101.01,6815.05,6.34,92.2,89.1,7.3,3.2
05/15/2026,1630,EFNL,54.1399,-1.1571,-2.09%,53.93,54.28,53.93,53.18,0.24,NaN,50.57,52.49,52.96,56.26,-1101.01,5585.02,9.14,0.0,96.3,2.6,3.2
05/15/2026,1630,EFX,158.37,+.65,+0.41%,158.80,160.715,156.47,30.3,0.37,0.44,187.22,169.49,155.06,178.92,-4105.01,-15647.01,19.01,86.1,58.1,-14.0,0.0
05/15/2026,1630,EGP,200.76,-1.53,-0.76%,202.315,202.315,199.3901,53.23,0.16,0.2,188.93,195.81,198.18,206.57,-1102.01,-19939.01,5.01,54.1,24.1,0.0,1.0
05/15/2026,1630,EIS,130.00,-3.87,-2.89%,130.49,130.60,129.50,49.65,0.19,NaN,119.85,126.37,127.6,139.97,-2103.01,13698.07,7.33,0.0,38.1,3.6,7.3
05/15/2026,1630,EL,80.28,-.55,-0.68%,80.50,81.205,79.59,49.15,0.37,0.43,109.98,75.22,75.28,89.5,-1103.01,8790.07,7.12,35.1,36.1,2.4,1.5
05/15/2026,1630,ELS,61.11,-.85,-1.37%,62.30,62.35,61.09,33.07,0.18,0.26,66.58,61.94,61.27,63.78,-2102.01,-6109.01,2.01,46.1,67.2,-9.5,0.0
05/15/2026,1630,ELV,392.68,-4.03,-1.02%,394.27,398.27,392.21,74.34,0.3,0.35,320.68,342.99,367.99,408.7,16233.12,40113.03,13.33,18.1,40.1,4.0,23.5
05/15/2026,1630,EMB,94.71,-.83,-0.87%,95.06,95.06,94.71,40.22,0.06,0.12,97.24,95.33,94.72,96.32,-2104.01,-9471.01,7.01,81.3,77.1,-3.6,-0.2
05/15/2026,1630,EMR,133.05,-4.275,-3.11%,135.42,135.42,131.17,40.92,0.38,0.35,143.8,136.34,131.62,145.25,-3105.01,-13117.01,7.01,77.1,87.2,-1.2,-0.9
05/15/2026,1630,ENB,55.31,-.2021,-0.36%,55.48,55.74,54.58,58.1,0.22,0.2,50.81,52.45,52.84,56.81,6205.02,5622.02,2.21,38.1,92.2,2.2,7.6
05/15/2026,1630,ENPH,52.89,+4.88,+10.16%,46.455,53.8917,45.49,79.77,0.9,1.02,43.61,29.9,34.05,52.28,8209.01,5389.01,1.12,100.2,75.1,5.0,2.1
05/15/2026,1630,ENR,16.81,+.11,+0.66%,16.87,17.13,16.545,37.82,0.58,0.59,21.35,18.25,15.87,19.69,-9110.01,-1655.01,9.02,81.1,82.4,-6.2,-7.2
05/15/2026,1630,ENVX,6.11,-.19,-3.02%,6.104,6.28,5.95,45.08,0.8,0.84,5.71,6.11,6.03,7.33,-2102.01,-595.01,3.01,7.1,50.1,0.0,0.0
05/15/2026,1630,ENZL,44.0307,-1.0848,-2.40%,44.305,44.305,44.01,44.44,0.22,0.53,45.14,43.0,43.23,46.82,-1102.01,4632.05,5.13,73.4,90.1,5.1,1.5
05/15/2026,1630,EOG,140.26,+4.27,+3.14%,138.49,140.385,137.6101,58.22,0.29,0.33,120.25,132.9,128.6,143.45,1202.01,-12920.06,9.06,68.1,79.2,0.0,0.2
05/15/2026,1630,EPD,39.23,0,0.00%,39.16,39.68,39.16,61.92,0.19,0.22,35.8,37.87,37.21,39.51,2204.01,3968.01,1.05,80.1,80.1,0.2,4.6
05/15/2026,1630,EPHE,24.64,-.16,-0.65%,24.80,24.80,24.62,45.38,0.15,NaN,26.7,24.05,24.03,25.45,3101.06,2530.06,6.13,0.0,11.1,-1.0,0.0
05/15/2026,1630,EPOL,38.66,-1.05,-2.64%,38.97,39.03,38.6,49.42,0.27,0.22,37.27,37.77,37.79,40.42,-1101.01,4023.08,8.13,16.1,87.1,0,0
05/15/2026,1630,EPR,57.35,-.54,-0.93%,58.18,58.18,57.26,56.98,0.18,0.28,56.79,55.11,54.95,59.87,4101.04,5880.02,4.09,68.1,30.1,0.2,0.6
05/15/2026,1630,EPU,80.01,-3.88,-4.63%,80.77,81.45,79.55,44.27,0.32,NaN,85.74,77.38,76.92,86.73,-1101.01,8501.03,3.13,0.0,71.1,0.0,0.0
05/15/2026,1630,EQR,63.88,-1.14,-1.75%,65.48,65.48,63.87,49.35,0.23,0.27,62.46,62.2,63.41,67.46,-1102.01,-6387.01,9.01,85.1,65.4,0.0,11.9
05/15/2026,1630,EQRR,77.0328,-.2975,-0.38%,76.88,77.19,76.63,70.49,0.12,NaN,67.26,73.55,74.4,78.1,19206.02,7753.02,2.45,0.0,34.1,10.9,8.6
05/15/2026,1630,EQT,56.22,-.35,-0.62%,57.14,57.22,56.11,39.37,0.23,0.34,55.81,58.4,53.94,59.88,-7109.03,-5511.03,11.03,7.1,8.1,-0.1,-1.7
05/15/2026,1630,ESI,42.34,-1.22,-2.80%,42.53,42.795,41.63,55.83,0.52,0.4,32.04,38.38,40.23,46.6,-1101.01,4552.05,9.46,41.1,92.2,0.1,10.7
05/15/2026,1630,ESPO,89.42,-1.02,-1.13%,89.33,89.885,89.26,42.4,0.19,0.2,91.3,90.74,88.68,91.83,-5102.01,9700.21,21.36,83.2,64.1,-17.1,0.0
05/15/2026,1630,ESS,267.06,-1.47,-0.55%,268.22,270.78,265.22,58.73,0.22,0.2,251.76,255.4,261.1,274.68,15101.02,27300.02,12.4,6.1,62.2,1.0,9.4
05/15/2026,1630,ET,20.15,-.21,-1.03%,20.40,20.465,20.15,59.17,0.23,0.24,18.44,19.04,19.21,20.74,2204.01,2067.09,9.21,38.1,94.4,0.6,4.1
05/15/2026,1630,ETH,21.10,-.72,-3.30%,21.32,21.33,20.93,45.25,0.36,0.58,17.07,21.06,20.86,22.49,-4104.01,-2093.01,9.01,10.1,1.1,-4.5,0.0
05/15/2026,1630,ETH-USD,-74.53,8.11,-9.81%,-77.25,-73.4101,-78.99,32.53,0.94,0.75,-43.06,-61.01,-88.08,-55.07,-19109.02,8401.02,33.02,54.1,13.1,-6.9,-19.7
05/15/2026,1630,ETHA,16.76,-.60,-3.46%,16.96,16.97,16.63,45.09,0.37,0.63,13.62,16.75,16.59,17.87,-4101.01,-1663.01,9.01,4.1,1.1,-5.0,0.0
05/15/2026,1630,ETHE,18.02,-.60,-3.22%,18.20,18.205,17.86,44.89,0.36,0.58,14.71,18.01,17.82,19.2,-4104.01,-1786.01,9.01,6.1,1.1,-5.1,0.0
05/15/2026,1630,ETSY,58.07,-.34,-0.58%,58.76,58.8089,57.38,45.08,0.63,0.63,44.0,62.44,54.48,66.99,-4107.02,-5678.02,13.02,72.1,77.4,-0.9,0.0
05/15/2026,1630,EWA,28.72,-.56,-1.91%,28.81,28.835,28.62,44.03,0.22,0.24,29.13,28.48,28.52,30.02,-2104.01,-2862.01,7.01,79.1,90.1,-1.7,0.0
05/15/2026,1630,EWC,57.44,-.73,-1.25%,57.49,57.54,57.09,48.9,0.15,0.18,55.95,56.82,56.97,58.64,-1101.01,-5709.01,5.01,79.1,69.1,0.0,0.7
05/15/2026,1630,EWD,49.57,-1.12,-2.21%,49.57,49.69,49.38,40.38,0.27,0.21,53.04,50.05,49.25,52.32,-2107.01,-4938.01,25.01,47.2,87.3,-14.2,0.0
05/15/2026,1630,EWG,41.37,-.88,-2.08%,41.59,41.62,41.32,45.37,0.23,0.26,43.68,41.18,41.06,43.27,-2104.01,-4132.01,7.01,83.1,88.3,0.0,0.0
05/15/2026,1630,EWH,24.06,-.36,-1.47%,24.17,24.17,23.95,54.63,0.17,0.27,23.34,23.23,23.27,25.03,6101.06,2466.07,7.16,95.1,67.1,11.8,1.8
05/15/2026,1630,EWI,57.66,-1.21,-2.06%,57.92,57.92,57.65,50.6,0.25,0.3,55.27,56.52,56.45,60.39,-1101.01,5944.05,6.1,92.2,92.2,2.0,0.3
05/15/2026,1630,EWJ,91.07,-.99,-1.08%,91.09,91.41,90.79,56.4,0.2,0.25,90.33,86.41,87.39,95.02,5101.05,9327.03,6.13,76.1,61.1,12.8,2.3
05/15/2026,1630,EWJV,45.11,-.33,-0.73%,45.23,45.3099,45.04,61.28,0.22,NaN,45.39,41.97,42.75,46.51,7212.03,4560.03,3.16,0.0,63.1,3.6,3.9
05/15/2026,1630,EWK,26.19,-.3223,-1.22%,26.32,26.34,26.17,54.4,0.24,0.34,27.16,24.97,25.21,27.25,5101.05,2671.07,7.13,74.1,91.4,1.9,0.4
05/15/2026,1630,EWM,29.70,-.51,-1.69%,29.89,29.895,29.645,52.15,0.11,0.2,29.58,29.17,29.23,30.82,-1101.01,3064.07,7.33,71.1,20.1,5.4,7.4
05/15/2026,1630,EWN,64.45,-1.22,-1.86%,64.42,64.69,64.1925,54.69,0.28,0.23,62.2,60.89,61.37,67.63,5101.05,6619.02,6.13,89.4,93.2,2.2,0.2
05/15/2026,1630,EWO,38.95,-.44,-1.12%,38.98,39.07,38.86,51.54,0.19,NaN,38.16,38.74,38.37,40.44,-1102.01,4014.05,5.1,0.0,71.1,0.0,2.8
05/15/2026,1630,EWP,55.63,-.64,-1.14%,55.87,55.87,55.38,45.95,0.23,0.23,55.74,55.27,54.99,57.81,-2104.01,-5538.01,7.01,78.1,81.1,-1.8,0.0
05/15/2026,1630,EWQ,44.16,-.87,-1.93%,44.41,44.48,44.09,42.57,0.24,0.28,46.54,44.37,43.91,46.41,-3104.01,-4409.01,7.01,89.1,90.3,-1.9,0.0
05/15/2026,1630,EWS,28.95,-.13,-0.45%,28.90,28.99,28.76,52.08,0.18,0.22,28.63,28.13,28.33,29.53,2206.03,2941.03,3.13,78.1,89.1,0.0,0.0
05/15/2026,1630,EWUS,40.9252,-.8248,-1.98%,40.98,40.98,40.9252,42.69,0.23,0.24,43.9,41.32,40.73,43.11,-2104.01,-4093.01,24.01,69.1,87.3,-6.2,-0.2
05/15/2026,1630,EWW,77.21,-1.79,-2.27%,77.73,77.98,76.79,46.45,0.22,0.34,78.8,75.28,75.16,82.09,-1101.01,8107.02,5.12,95.2,75.1,1.6,0.0
05/15/2026,1630,EWY,178.86,-11.66,-6.12%,178.96,181.345,176.70,58.87,0.66,0.73,130.61,152.41,157.0,205.77,-1101.01,19458.05,5.31,96.2,90.2,15.6,3.7
05/15/2026,1630,EWZ,36.23,-.90,-2.42%,36.04,36.355,35.875,32.57,0.25,0.33,37.73,38.6,35.82,40.04,-10107.01,-3588.01,25.01,71.1,67.1,-8.3,-9.6
05/15/2026,1630,EWZS,13.90,-.40,-2.80%,13.87,14.02,13.73,36.03,0.33,0.4,14.93,14.54,13.76,15.58,-4105.01,-1373.01,26.01,78.1,77.1,-7.4,-5.7
05/15/2026,1630,EXAS,104.91,0,0.00%,0,0,0,76.4,0.04,0.37,101.28,103.1,103.16,104.69,6206.01,10498.01,1.08,32.4,24.1,6.4,0.0
05/15/2026,1630,EXP,194.66,-7.45,-3.69%,199.38,199.38,192.90,40.89,0.33,0.45,221.56,203.07,193.57,216.04,-5105.01,-19290.01,7.01,99.4,42.1,0.0,0.0
05/15/2026,1630,EXPD,155.45,+1.84,+1.20%,154.48,156.9001,153.755,58.7,0.43,0.3,135.42,146.74,143.76,161.64,4209.05,15700.05,5.1,70.1,87.2,9.6,0.0
05/15/2026,1630,EXPE,217.73,+.56,+0.26%,216.50,221.16,215.07,35.55,0.48,0.47,185.34,233.5,202.92,258.92,-7106.02,-21435.02,19.02,45.1,70.1,-6.8,-4.0
05/15/2026,1630,EXR,136.90,-5.29,-3.72%,140.75,141.275,136.69,40.52,0.25,0.29,143.33,138.0,137.37,145.9,-1103.01,-13669.01,2.01,59.1,66.1,0.0,1.2
05/15/2026,1630,EYE,17.45,-.27,-1.52%,18.04,18.35,17.13,27.73,0.91,0.55,25.28,22.05,15.81,23.6,-13119.01,-1652.02,14.02,42.3,100.4,-5.9,-16.0
05/15/2026,1630,EZA,67.36,-3.12,-4.43%,68.00,68.19,67.26,41.66,0.37,0.45,73.53,66.13,66.04,73.47,-1101.01,7281.05,5.13,89.1,76.1,0.0,0.0
05/15/2026,1630,F,13.40,-1.08,-7.46%,13.98,14.05,13.285,59.0,0.63,0.45,13.57,11.47,11.43,14.35,3203.01,1405.01,1.09,94.2,100.4,0.0,0.0
05/15/2026,1630,FAF,67.11,+.10,+0.15%,67.13,67.26,66.44,49.39,0.29,0.3,64.77,69.03,65.8,71.08,-5105.01,-6644.01,15.01,18.1,65.1,-0.3,0.0
05/15/2026,1630,FANG,203.56,+3.30,+1.65%,202.998,204.61,201.45,57.83,0.37,0.38,165.63,195.94,186.86,213.67,1203.01,-18694.06,10.06,59.1,91.4,0.0,1.6
05/15/2026,1630,FAST,43.26,-.72,-1.64%,43.745,43.78,43.005,40.37,0.21,0.28,44.51,43.62,42.46,44.88,-3110.03,-4300.03,7.03,51.1,44.1,-1.8,0.0
05/15/2026,1630,FCFS,226.54,-.99,-0.44%,227.53,229.735,224.60,62.64,0.25,0.33,175.71,212.68,215.48,236.84,19202.04,23597.04,4.32,80.1,47.1,0.7,12.9
05/15/2026,1630,FCG,30.80,+.75,+2.50%,30.34,30.85,30.28,55.88,0.31,0.37,26.48,29.89,28.41,31.91,1201.01,-2886.06,12.06,92.2,87.4,0.0,0.0
05/15/2026,1630,FDX,375.78,-4.20,-1.11%,376.75,377.45,372.50,49.45,0.45,0.31,375.02,382.27,353.1,399.63,-3101.08,-36450.08,19.08,29.1,96.4,-1.7,-1.9
05/15/2026,1630,FICO,1098.59,+21.66,+2.01%,1081.39,1112.835,1077.70,53.99,0.42,0.69,1193.1,965.5,1019.11,1155.47,6201.06,113293.06,6.12,87.3,43.1,0.8,7.3
05/15/2026,1630,FISV,55.33,+1.87,+3.50%,53.445,55.73,53.445,42.04,0.44,0.43,57.9,60.41,49.54,62.26,-8109.02,-5217.03,19.03,46.1,65.2,-11.0,-10.7
05/15/2026,1630,FIVE,213.64,-1.30,-0.60%,213.83,214.92,210.26,41.99,0.47,0.57,209.45,227.16,199.04,238.56,-5107.03,-20514.03,7.03,81.2,77.4,-2.0,-3.3
05/15/2026,1630,FLG,13.23,-.47,-3.43%,13.65,13.69,13.21,35.7,0.24,0.36,13.15,13.66,13.31,14.41,-4105.01,-1321.01,6.01,28.1,15.1,-5.5,-0.6
05/15/2026,1630,FLNG,32.13,+.28,+0.88%,31.99,32.19,31.70,54.8,0.26,0.36,26.77,30.7,31.36,33.4,-3103.01,-3060.02,9.02,68.1,48.1,0.0,3.6
05/15/2026,1630,FLO,7.18,-.13,-1.78%,7.41,7.44,7.111376,23.62,0.39,0.59,9.57,8.76,7.02,8.8,-9111.01,-711.01,11.01,83.3,84.2,-2.2,-1.4
05/15/2026,1630,FLUT,92.38,-1.47,-1.57%,94.20,94.55,91.52,31.16,0.39,0.57,114.74,105.86,86.41,107.98,-10113.02,-9152.01,15.03,74.1,62.1,-3.6,-14.7
05/15/2026,1630,FND,43.49,-2.28,-4.98%,45.31,45.64,43.325,32.33,0.48,0.64,65.36,46.53,43.2,52.33,-3105.01,-4333.01,6.01,92.2,64.1,-5.5,-4.8
05/15/2026,1630,FNF,47.93,+.14,+0.29%,47.88,48.00,47.48,39.8,0.24,0.4,50.56,51.58,45.67,52.7,-8111.02,-4693.03,16.03,87.2,45.1,0.0,0.0
05/15/2026,1630,FORM,126.27,-1.72,-1.34%,121.41,127.99,119.30,45.02,0.77,0.85,90.57,129.25,120.85,153.03,-4104.01,-11930.01,5.01,84.3,79.2,-1.1,0.0
05/15/2026,1630,FOUR,42.02,0,0.00%,41.84,43.16,41.36,44.3,0.74,0.67,55.55,43.91,38.56,46.64,-3106.03,-3992.03,7.03,72.1,83.1,-10.3,-0.8
05/15/2026,1630,FOXA,64.85,-.47,-0.72%,65.30,65.56,64.09,55.67,0.34,0.33,53.04,62.06,61.1,67.95,4205.02,6696.02,2.09,44.1,83.2,0.0,0.0
05/15/2026,1630,FR,60.83,-.50,-0.82%,61.05,61.05,60.25,44.5,0.18,0.29,59.41,61.15,60.61,62.85,-2103.01,-6025.01,4.01,38.2,33.1,-6.7,3.7
05/15/2026,1630,FROG,66.16,+1.08,+1.66%,64.99,67.47,63.9104,70.04,0.9,0.64,34.05,44.5,51.84,78.87,11216.05,7165.05,5.23,57.1,83.2,27.8,9.1
05/15/2026,1630,FRPT,49.35,+.01,+0.02%,49.09,49.95,47.81,28.54,0.55,0.56,71.38,64.8,41.32,64.09,-8111.03,-4781.01,24.05,40.1,69.2,-6.0,-25.9
05/15/2026,1630,FRT,113.16,-.66,-0.58%,113.91,113.93,112.6731,53.31,0.19,0.06,104.53,109.86,110.76,118.4,-1103.01,11671.07,7.37,0.1,70.3,1.2,7.0
05/15/2026,1630,FSLY,17.00,-.68,-3.85%,17.175,17.55,16.91,36.73,1.99,0.85,16.41,23.14,12.76,30.55,-6107.02,-1691.01,8.04,48.1,90.4,0.0,-1.4
05/15/2026,1630,FTNT,122.78,+.92,+0.75%,121.17,123.33,119.49,85.35,0.71,0.4,74.31,82.44,97.42,131.56,13222.02,12333.01,4.23,46.1,90.4,37.4,16.3
05/15/2026,1630,FTV,58.72,-.20,-0.34%,58.84,59.495,58.70,43.76,0.18,0.25,56.49,57.8,57.75,61.74,-3106.02,-5840.02,12.02,13.1,6.1,-2.4,0.0
05/15/2026,1630,FTWO,44.6021,-1.0418,-2.28%,44.92,44.92,44.52,40.17,0.23,NaN,46.71,44.58,44.37,46.79,-2102.01,-4452.01,4.01,0.0,90.1,0.0,0.0
05/15/2026,1630,FUTU,134.64,-6.87,-4.85%,137.10,137.51,132.13,37.37,0.68,0.75,136.08,150.62,127.5,163.18,-7107.01,-13213.01,7.01,98.4,95.4,-3.2,-8.5
05/15/2026,1630,FUTY,56.69,-1.36,-2.34%,57.83,57.83,56.66,34.41,0.2,0.19,58.85,58.85,56.31,60.15,-7108.01,-5666.01,11.01,74.2,97.2,-1.3,-2.1
05/15/2026,1630,FWONK,89.54,-1.63,-1.79%,91.03,91.57,89.42,50.94,0.29,0.32,85.69,84.26,84.82,96.28,6101.05,9559.05,5.12,70.1,88.1,6.0,0.0
05/15/2026,1630,FWRG,11.23,+.47,+4.37%,10.73,11.28,10.70,40.27,0.48,0.54,12.17,12.77,10.11,13.14,-10111.01,-1068.02,17.03,23.1,40.1,-5.5,-0.6
05/15/2026,1630,FXA,70.79,-.70,-0.98%,70.8212,70.91,70.785,47.77,0.08,0.12,69.62,70.42,70.66,72.2,-1102.01,-7079.01,5.01,80.1,65.1,0.3,2.5
05/15/2026,1630,FXB,128.01,-.805,-0.62%,128.39,128.4635,127.99,36.08,0.07,0.1,129.26,129.54,128.27,131.32,-4104.01,-12799.01,5.01,97.3,65.1,0.0,0.0
05/15/2026,1630,FXC,71.0481,-0.1519,-0.21%,71,71.15,71,40.8,0.04,0.18,71.23,71.32,70.89,71.83,-5107.01,-7100.01,11.01,82.1,24.1,-2.3,0
05/15/2026,1630,FXE,107.25,-.45,-0.42%,107.32,107.39,107.21,40.28,0.05,0.08,108.38,107.65,107.29,108.81,-3103.01,-10721.01,5.01,68.1,23.1,0.0,0.0
05/15/2026,1630,FXF,112.175,-.395,-0.35%,112.23,112.37,112.08,45.41,0.07,0.11,113.73,111.35,111.65,113.96,-2103.01,11370.06,6.13,87.2,36.1,0.2,1.9
05/15/2026,1630,FXI,36.20,-1.04,-2.79%,36.60,36.63,36.20,43.78,0.22,0.25,37.93,36.12,35.95,38.27,-1101.01,-3620.01,3.01,23.1,75.1,0.0,0.3
05/15/2026,1630,FXY,57.85,-.15,-0.26%,57.89,57.93,57.85,45.96,0.1,0.07,58.66,57.23,57.39,59.06,-1104.04,5883.08,8.13,6.1,67.4,0.0,0.0
05/15/2026,1630,FYBR,38.49,0,0.00%,0,0,0,73.16,0.03,0.09,37.42,38.06,37.98,38.52,4204.01,3849.01,1.05,8.1,17.1,0.0,0.0
05/15/2026,1630,GAP,21.05,-.18,-0.85%,21.02,21.29,20.915,29.95,0.37,0.63,25.92,24.17,19.71,24.9,-10118.03,-2078.03,19.03,75.4,34.1,-9.3,-24.2
05/15/2026,1630,GD,334.50,-6.12,-1.80%,339.88,341.91,333.29,43.91,0.33,0.22,337.32,306.77,324.28,365.22,-1103.02,35141.09,9.14,51.1,97.4,3.3,9.1
05/15/2026,1630,GDAXI:DE,23950.57,-505.69,-2.07%,24229.29,24297.95,23917.63,47.67,0.2,NaN,24734.04,23880.52,23701.89,24836.17,-1101.01,2502102.07,7.11,0.0,83.1,0.0,0.0
05/15/2026,1630,GDX,87.35,-6.60,-7.03%,89.50,89.55,86.83,41.31,0.54,0.48,101.11,85.93,83.43,100.28,-1101.01,9756.04,4.13,68.1,73.1,0.0,0.0
05/15/2026,1630,GDXJ,116.37,-9.30,-7.40%,119.56,119.68,115.47,42.26,0.57,0.53,132.4,113.21,110.11,134.24,-1101.01,13058.04,4.13,68.1,71.1,0.0,0.0
05/15/2026,1630,GE,281.53,-10.01,-3.43%,287.49,288.31,281.31,42.03,0.42,0.37,325.57,279.59,277.36,307.93,-1102.01,-28131.01,6.01,69.1,89.3,0.0,3.3
05/15/2026,1630,GEL,16.09,-.01,-0.06%,15.96,16.31,15.78,37.07,0.25,0.34,17.42,16.68,15.19,17.39,-7110.02,-1555.03,13.03,41.3,33.2,-0.1,-6.2
05/15/2026,1630,GII,74.87,-1.41,-1.85%,75.49,75.78,74.86,39.41,0.17,0.19,76.79,75.4,74.82,77.8,-3107.01,-7486.01,8.01,80.2,100.4,-0.7,0.0
05/15/2026,1630,GIL,56.49,-.62,-1.09%,56.58,57.36,56.34,43.32,0.49,0.25,69.9,55.76,54.46,61.96,-2107.03,-5616.03,8.03,14.1,91.4,0.0,-0.2
05/15/2026,1630,GIS,32.99,-.14,-0.42%,33.56,33.69,32.9125,32.52,0.22,0.34,43.92,34.12,32.67,35.57,-5106.01,-3291.01,6.01,85.1,51.1,-0.8,0.0
05/15/2026,1630,GK,28.72,-.5717,-1.95%,28.82,28.82,28.72,66.52,0.21,0.14,25.04,26.43,27.47,29.81,4212.08,2931.02,8.34,5.1,88.1,19.9,17.4
05/15/2026,1630,GLASF,9.7000,-.2194,-2.21%,9.4700,9.9500,9.4700,55.52,0.91,NaN,7.37,9.46,8.85,10.15,2202.01,1015.02,2.03,0.0,63.4,-0.6,0.9
05/15/2026,1630,GLBE,27.89,-.05,-0.18%,27.95,28.44,27.63,35.44,0.58,0.55,32.71,30.54,26.54,33.26,-6106.01,-2706.02,6.02,39.3,77.2,0.0,-2.0
05/15/2026,1630,GLD,417.29,-9.92,-2.32%,417.64,419.2484,414.12,40.15,0.22,0.27,455.32,414.16,411.98,438.54,-1101.01,-41412.01,54.01,67.1,54.1,-2.1,0.0
05/15/2026,1630,GLIN,44.544,-.756,-1.67%,44.85,44.85,44.51,48.29,0.23,0.27,46.03,44.8,43.75,46.42,-3101.03,-4373.04,7.04,94.1,83.2,-0.9,0.0
05/15/2026,1630,GM,74.86,-2.89,-3.72%,76.60,77.16,74.80,43.78,0.31,0.39,78.44,74.78,73.75,78.58,1101.02,7927.02,2.04,71.1,61.1,-5.6,-0.3
05/15/2026,1630,GME,21.59,-.02,-0.09%,21.54,22.01,21.46,37.26,0.6,0.65,22.79,24.0,20.52,25.64,-10107.01,-2146.01,10.02,47.4,86.4,-2.4,-2.1
05/15/2026,1630,GO,7.40,-.27,-3.52%,7.74,7.93,7.28,43.85,0.44,0.99,9.56,7.67,7.39,8.28,-5105.01,-728.01,2.01,96.2,64.1,-0.4,0.0
05/15/2026,1630,GOLF,85.40,-.64,-0.74%,85.49,87.18,84.66,35.75,0.43,0.33,98.02,94.73,79.1,96.23,-10116.04,-8395.03,15.07,59.2,98.4,-2.8,-19.4
05/15/2026,1630,GOOG,393.32,-3.85,-0.97%,393.215,395.88,389.76,69.85,0.41,0.34,300.67,340.81,364.3,422.97,15101.08,39993.03,9.34,36.1,100.4,8.6,16.1
05/15/2026,1630,GOOGL,396.78,-4.29,-1.07%,396.315,399.5399,393.18,70.23,0.41,0.35,300.04,342.73,367.26,426.95,-1101.04,40370.03,8.34,45.1,100.4,8.7,17.1
05/15/2026,1630,GOOS,9.57,-.32,-3.24%,9.73,9.86,9.50,27.73,0.46,0.52,11.87,11.12,9.49,12.03,-5105.01,-950.01,19.01,60.3,46.1,-2.8,-3.1
05/15/2026,1630,GPI,313.62,-20.71,-6.19%,334.60,336.50,313.55,37.66,0.44,0.39,326.51,331.8,314.45,361.61,-4104.01,-31355.01,5.01,61.1,92.4,0.2,-0.3
05/15/2026,1630,GPN,67.58,+.25,+0.37%,67.92,68.84,67.21,43.48,0.31,0.43,75.73,67.35,65.67,72.3,-2106.02,-6638.02,7.02,45.1,38.1,-2.5,0.0
05/15/2026,1630,GRID,191.78,-5.55,-2.81%,191.445,192.44,190.02,55.45,0.27,0.25,172.94,183.35,185.33,203.95,-1101.01,19999.05,7.34,89.1,92.2,5.8,6.5
05/15/2026,1630,GRMN,225.75,-8.68,-3.70%,229.82,231.88,225.68,33.45,0.3,0.32,235.97,240.89,220.16,251.01,-9117.01,-22568.01,24.09,55.1,62.1,-15.8,-3.8
05/15/2026,1630,GRNY,26.78,-.47,-1.72%,26.97,26.97,26.761,56.94,0.16,0.25,24.43,25.98,26.29,27.5,6101.02,2728.02,5.33,68.1,44.1,0.0,3.3
05/15/2026,1630,GS,948.47,-20.49,-2.11%,953.65,959.50,941.61,58.14,0.23,0.31,881.65,899.16,905.2,975.16,7208.02,97566.02,2.1,32.1,37.1,0.0,1.0
05/15/2026,1630,GSG,34.19,+.23,+0.68%,33.94,34.245,33.9201,59.51,0.28,0.36,24.9,32.79,32.53,35.17,1205.04,-3186.07,13.07,83.1,81.1,0.0,12.5
05/15/2026,1630,GTBIF,7.000,-.38,-5.15%,7.460,7.460,6.970,43.82,1.01,NaN,6.2,7.28,6.93,8.29,-3104.01,-697.01,11.01,0.0,79.4,0.0,1.6
05/15/2026,1630,GTLB,23.66,+1.06,+4.69%,22.575,24.105,22.575,52.18,0.72,0.85,23.45,21.12,20.88,26.96,-2104.02,-2158.02,7.02,95.4,96.2,0.2,0.0
05/15/2026,1630,GTM,3.86,-.04,-1.03%,3.90,3.985,3.76,22.99,1.49,0.71,5.77,6.03,3.29,6.69,-5106.01,-376.02,5.01,78.3,99.4,0.1,-2.8
05/15/2026,1630,GVAL,34.7051,-.5287,-1.50%,34.92,34.92,34.60,46.1,0.18,NaN,35.09,34.5,34.4,35.82,-1101.01,-3460.01,5.01,0.0,80.1,-3.5,0.0
05/15/2026,1630,GVIP,172.6779,-3.1596,-1.80%,172.57,173.53,172.27,60.91,0.2,0.16,156.32,163.58,165.42,181.16,7101.05,17727.05,5.34,87.2,74.1,9.0,8.5
05/15/2026,1630,GVZ:CGI,26.34,+.55,+2.13%,27.07,27.76,26.17,42.44,0.63,NaN,30.9,25.37,25.6,28.37,-1102.02,2798.04,4.26,0.0,21.1,-1.7,4.2
05/15/2026,1630,H,168.78,-1.20,-0.71%,169.37,170.67,167.245,57.25,0.35,0.41,159.02,156.85,159.89,173.85,6208.02,17129.02,2.1,79.1,66.1,0.0,5.5
05/15/2026,1630,HACK,88.55,+.95,+1.08%,86.99,89.09,86.70,70.71,0.24,0.4,69.66,77.9,80.44,90.37,12211.01,8909.01,1.25,99.3,73.1,13.3,9.9
05/15/2026,1630,HAL,41.76,+.47,+1.14%,41.21,41.76,41.07,59.89,0.32,0.37,34.19,40.03,39.29,43.0,-1204.08,4246.11,12.2,12.1,35.2,0.0,11.4
05/15/2026,1630,HBB,18.20,-.66,-3.50%,18.55,18.955,18.00,40.97,0.53,0.91,18.29,19.61,17.28,21.47,-5105.01,-1785.02,6.02,67.3,57.1,0.0,-1.7
05/15/2026,1630,HBDC,24.70,+.05,+0.20%,24.65,24.75,24.622,51.64,0.03,NaN,24.62,24.62,24.6,24.77,-2201.01,-2462.01,1.01,NaN,NaN,-2.4,0.0
05/15/2026,1630,HCA,423.00,-9.70,-2.24%,435.37,437.00,422.54,33.7,0.39,0.29,522.05,426.7,416.4,437.34,1101.01,43700.01,1.14,56.1,93.4,-22.8,0.0
05/15/2026,1630,HD,297.51,-6.84,-2.25%,300.31,302.925,296.88,30.15,0.24,0.35,369.58,319.05,291.01,327.78,-10118.01,-29688.01,19.03,97.2,69.3,-14.6,-10.8
05/15/2026,1630,HELE,22.61,-.82,-3.50%,23.36,23.70,22.545,53.67,0.85,0.52,16.22,22.57,21.95,25.71,-4106.01,-2240.02,15.02,1.1,77.4,0.0,2.9
05/15/2026,1630,HII,326.17,-10.78,-3.20%,331.21,336.21,325.00,33.65,0.48,0.37,417.72,352.05,293.96,368.55,-9101.07,-31221.07,60.07,53.1,92.2,-1.4,-2.6
05/15/2026,1630,HIMS,25.05,+.81,+3.34%,23.675,25.32,23.5319,48.04,0.91,0.82,13.74,25.62,22.84,29.31,-4104.01,-2353.01,5.01,20.1,56.1,-1.6,0.0
05/15/2026,1630,HLN,8.96,+.05,+0.56%,8.94,8.97,8.89,34.47,0.19,0.29,10.23,9.07,8.75,9.44,-13126.05,-889.01,66.05,63.1,36.1,-7.9,-12.7
05/15/2026,1630,HLT,316.17,-.35,-0.11%,314.905,318.7299,314.80,47.84,0.25,0.31,304.13,311.33,304.8,327.41,-6201.09,-30806.1,21.1,79.1,76.3,-12.4,0.0
05/15/2026,1630,HOOD,77.14,-3.56,-4.41%,78.54,78.582,76.41,48.36,0.72,0.64,69.22,69.93,70.43,84.26,-4101.11,-7076.12,20.12,11.1,72.3,-5.7,0.0
05/15/2026,1630,HPP,11.26,-.51,-4.33%,11.46,11.60,11.0594,65.02,0.91,1.04,5.92,8.51,9.06,13.13,14209.04,1228.06,6.31,69.1,94.2,15.8,6.8
05/15/2026,1630,HQY,82.17,-.15,-0.18%,82.75,83.005,81.5201,49.56,0.39,0.5,74.01,79.36,80.07,84.52,-3105.02,-7969.03,19.03,81.2,67.3,-4.9,4.0
05/15/2026,1630,HSI:HK,25962.73,-426.31,-1.62%,26391.02,26391.02,25847.15,47.88,0.16,NaN,26382.41,25639.26,25749.26,26725.64,-1101.01,-2584715.01,2.01,0.0,14.1,0.0,0.5
05/15/2026,1630,HSY,186.98,-1.888,-1.00%,190.38,190.65,186.18,42.06,0.24,0.31,215.61,181.45,181.46,195.4,3101.02,19658.03,2.09,49.1,40.1,0.0,1.0
05/15/2026,1630,HTZ,5.53,-.30,-5.15%,5.61,5.70,5.5037,44.66,0.94,1.02,4.29,5.37,5.4,6.51,-2104.01,-550.01,20.01,53.1,78.4,-12.5,0.0
05/15/2026,1630,HUBS,198.38,+14.92,+8.13%,186.50,201.30,184.90,42.06,1.0,0.71,214.14,215.06,159.04,253.62,-5106.02,-17325.03,7.03,81.1,100.4,0.0,-1.6
05/15/2026,1630,HUM,305.12,+3.77,+1.25%,302.00,310.94,295.00,85.98,0.51,0.49,173.27,213.9,252.34,324.1,19233.01,31094.01,3.46,49.1,67.2,34.3,22.2
05/15/2026,1630,HYG,79.46,-.39,-0.49%,79.64,79.69,79.46,39.34,0.04,0.08,80.65,79.98,79.36,80.41,-8105.01,-7946.01,26.01,67.1,48.1,-6.0,-4.1
05/15/2026,1630,HYLS,40.79,-.19,-0.46%,40.87,41.52,40.79,43.53,0.04,NaN,41.15,40.8,40.77,41.07,-1101.01,-4079.01,1.01,0.0,73.1,-2.1,0.6
05/15/2026,1630,IAK,132.01,+.81,+0.62%,131.98,132.72,131.61,53.12,0.12,0.14,133.3,129.97,129.61,133.0,1202.01,13272.01,1.04,29.1,5.1,-2.8,-0.1
05/15/2026,1630,IBB,166.83,-4.50,-2.63%,170.67,170.78,166.72,42.85,0.21,0.25,171.65,164.02,165.23,174.45,-1101.01,17340.02,5.13,65.1,59.1,-2.5,0.0
05/15/2026,1630,IBIT,44.82,-1.35,-2.92%,45.32,45.33,44.50,53.95,0.33,0.42,35.6,42.44,43.05,47.76,-1101.01,4656.05,8.34,2.1,25.1,2.5,4.4
05/15/2026,1630,IDX,12.14,-.24,-1.94%,12.31,12.31,12.14,27.47,0.2,NaN,15.92,12.93,11.99,13.37,-9106.01,-1214.01,21.01,0.0,62.1,-18.3,-2.2
05/15/2026,1630,IDXX,528.79,-4.07,-0.76%,534.72,540.95,527.12,36.2,0.31,0.3,617.0,544.01,511.28,580.56,-4106.02,-52338.03,7.03,47.1,59.2,-0.3,-6.7
05/15/2026,1630,IEF,93.51,-.75,-0.80%,93.72,93.75,93.49,30.9,0.05,0.08,96.89,94.7,93.48,95.18,-3105.01,-9349.01,20.01,77.1,50.1,-6.2,-8.0
05/15/2026,1630,IFF,73.10,-2.99,-3.93%,75.29,75.30,72.94,47.55,0.69,0.35,79.16,68.78,67.76,84.96,-1102.01,8180.05,5.12,60.1,98.4,7.9,0.0
05/15/2026,1630,IGLB,49.08,-.45,-0.91%,49.06,49.12,48.955,38.31,0.07,0.1,51.24,49.48,49.03,49.98,-3104.01,-4896.01,27.01,48.1,35.1,-4.4,-0.3
05/15/2026,1630,IGSB,52.25,-.10,-0.19%,52.28,52.29,52.23,36.95,0.02,0.04,53.09,52.48,52.16,52.6,-7105.01,-5223.01,21.1,72.3,53.1,-5.3,-3.3
05/15/2026,1630,IIGD,24.4847,-.0753,-0.31%,24.47,24.485,24.47,36.97,0.03,NaN,24.88,24.55,24.49,24.64,-2104.01,-2447.01,27.01,0.0,64.2,-6.2,-0.5
05/15/2026,1630,IJT,158.51,-2.94,-1.82%,159.76,160.01,158.42,49.4,0.16,0.2,149.71,157.25,157.41,165.23,-3104.01,-15842.01,7.01,71.1,27.1,0.0,0.0
05/15/2026,1630,ILMN,142.54,-.70,-0.49%,141.46,143.86,138.06,60.52,0.46,0.47,115.8,119.14,126.79,154.84,9211.02,15020.02,2.12,54.1,62.2,12.2,1.3
05/15/2026,1630,INDA,47.99,-.37,-0.77%,48.06,48.13,47.89,42.75,0.18,0.26,52.11,48.86,47.2,50.12,-3105.03,-4764.03,7.03,93.2,80.1,-1.7,-4.1
05/15/2026,1630,INDY,42.40,-.29,-0.68%,42.435,42.50,42.33,40.89,0.16,0.26,47.3,43.25,41.64,44.17,-3105.03,-4191.03,26.03,77.3,66.1,-4.9,-9.7
05/15/2026,1630,INFL,52.74,-.40,-0.75%,52.84,52.84,52.38,48.28,0.14,0.17,50.78,52.3,52.21,53.73,-1101.01,-5238.01,3.01,33.1,50.1,0.0,0.0
05/15/2026,1630,INMD,13.90,-.15,-1.07%,14.09,14.15,13.88,46.85,0.29,0.32,13.91,13.92,13.47,14.51,-7101.04,-1364.05,19.05,12.1,29.1,-4.6,-0.8
05/15/2026,1630,INTC,108.77,-7.16,-6.18%,109.785,110.57,105.02,62.25,1.16,0.86,42.88,80.8,94.12,139.18,-1103.01,13275.05,5.33,97.4,100.4,14.9,2.8
05/15/2026,1630,INVH,27.93,-.55,-1.93%,28.54,28.605,27.765,53.04,0.23,0.25,25.21,27.09,27.64,29.41,-2104.01,-2777.01,12.01,27.1,75.2,0.0,8.9
05/15/2026,1630,IONQ,51.95,-5.52,-9.61%,54.50,54.70,51.285,58.58,0.98,1.02,30.17,39.77,42.21,61.96,6101.02,5915.04,4.33,60.3,62.3,0.2,1.5
05/15/2026,1630,IPO,49.04,-1.44,-2.85%,49.29,49.595,48.75,52.34,0.33,0.22,43.2,47.29,47.37,52.24,-2101.03,-4804.04,7.04,22.2,76.1,0.0,0.0
05/15/2026,1630,IRM,125.07,-2.68,-2.10%,126.88,126.88,123.50,57.31,0.45,0.41,105.14,110.0,118.0,139.45,-1104.02,13269.07,7.13,76.1,99.4,5.6,9.7
05/15/2026,1630,IRT,16.00,-.25,-1.54%,16.26,16.26,15.86,47.1,0.2,0.41,16.29,15.73,15.97,16.67,-2103.01,-1586.01,8.01,75.4,47.1,0.0,9.9
05/15/2026,1630,ITA,217.27,-7.19,-3.20%,222.45,222.45,216.68,42.22,0.27,0.25,236.73,211.82,212.64,230.0,6101.03,22726.05,5.15,70.1,90.3,0.0,0.2
05/15/2026,1630,ITB,86.45,-2.99,-3.34%,88.81,89.155,86.45,32.72,0.29,0.38,105.08,94.99,83.93,95.64,-4114.03,-8645.01,18.09,100.2,48.3,-12.7,-15.3
05/15/2026,1630,ITW,247.68,-3.09,-1.23%,248.81,249.885,247.42,34.4,0.21,0.24,288.0,247.0,239.42,264.57,-5116.09,-24742.01,25.09,76.1,59.3,-6.9,-7.8
05/15/2026,1630,IVOL,17.965,-.075,-0.42%,17.97,17.98,17.93,25.09,0.06,0.32,18.9,18.22,17.84,18.38,-9114.01,-1793.01,33.03,89.1,29.1,-6.6,-16.7
05/15/2026,1630,IWC,181.94,-4.94,-2.64%,183.54,183.65,181.0901,53.58,0.25,0.29,163.46,173.09,176.29,192.8,-1101.01,18950.05,5.34,88.1,64.1,3.8,2.9
05/15/2026,1630,IWF,124.37,-1.52,-1.21%,124.82,125.525,123.83,69.19,0.14,0.25,111.37,117.7,119.11,127.33,7212.02,12605.02,2.34,85.1,38.1,0.6,8.0
05/15/2026,1630,IWM,277.60,-6.85,-2.41%,280.30,280.33,277.24,52.93,0.18,0.26,258.1,270.36,273.23,290.24,-1101.01,28705.05,5.34,77.1,38.1,2.0,2.8
05/15/2026,1630,IWN,205.97,-4.01,-1.91%,207.56,207.88,205.44,50.52,0.16,0.23,195.85,203.1,204.38,213.64,-2101.01,-20544.01,5.01,82.1,21.1,0.7,1.4
05/15/2026,1630,IWO,362.25,-9.99,-2.68%,365.73,365.756,361.71,54.77,0.21,0.28,329.24,348.25,352.86,381.49,-1101.01,37473.05,5.34,89.1,51.1,2.6,2.9
05/15/2026,1630,J,110.51,-2.25,-2.00%,113.07,114.32,110.33,34.23,0.48,0.36,131.24,124.7,103.1,132.62,-7108.02,-10808.02,9.02,81.1,89.4,0.0,-10.8
05/15/2026,1630,JACK,10.87,-.11,-1.00%,10.61,11.14,10.45,36.9,0.87,0.97,16.34,12.15,10.76,14.46,-2103.01,-1045.01,6.01,93.3,94.2,0.0,0.0
05/15/2026,1630,JBHT,262.21,+7.55,+2.96%,252.00,263.24,250.50,66.15,0.4,0.41,217.69,243.08,232.57,260.31,1202.01,26324.01,1.02,82.1,81.2,0.0,0.0
05/15/2026,1630,JBLU,4.58,-.30,-6.15%,4.76,4.775,4.57,42.26,0.59,0.92,5.5,4.65,4.47,5.11,-3101.01,-457.01,21.04,80.2,54.1,-12.1,0.0
05/15/2026,1630,JBSAY,14.44,0,0.00%,0,0,0,49.84,0.41,NaN,NaN,14.42,13.5,14.69,2201.01,1550.01,1.04,0.0,47.1,-0.8,-0.1
05/15/2026,1630,JETS,25.56,-.66,-2.52%,25.795,25.83,25.50,44.94,0.32,0.47,28.39,24.76,24.67,27.92,-1104.03,2775.06,6.13,84.1,48.1,0.0,0.0
05/15/2026,1630,JNJ,226.71,-4.09,-1.77%,230.77,232.135,226.44,45.72,0.21,0.25,240.28,224.35,220.35,231.7,3203.01,23214.01,1.05,79.1,87.4,0.0,0.0
05/15/2026,1630,JNK,95.72,-.40,-0.42%,95.91,96.02,95.705,39.77,0.04,0.05,97.22,96.31,95.57,96.79,-8105.01,-9571.01,26.01,9.1,38.1,-6.0,-4.3
05/15/2026,1630,JOBY,10.36,-.28,-2.63%,10.317,10.58,10.04,56.69,0.95,0.85,9.3,8.19,8.5,11.94,6208.03,1119.03,5.13,56.2,87.4,15.4,0.0
05/15/2026,1630,JOE,63.57,-.66,-1.03%,63.72,64.295,63.08,41.38,0.4,0.31,66.74,63.32,58.66,68.79,-3113.1,-6100.1,13.1,36.1,88.4,-1.4,-8.0
05/15/2026,1630,JOET,43.02,-.55,-1.26%,43.03,43.13,42.97,54.08,0.12,0.12,42.08,42.09,42.4,43.94,-1101.01,4365.02,6.34,2.1,30.1,0.0,1.4
05/15/2026,1630,JPM,297.81,-2.10,-0.70%,300.205,300.79,296.45,41.52,0.2,0.26,291.38,306.57,293.39,314.66,-7107.01,-29645.01,7.01,27.1,54.1,-1.3,-1.9
05/15/2026,1630,JPXN,98.5063,-1.4537,-1.45%,98.73,98.744,98.36,56.93,0.2,NaN,97.56,93.38,94.61,102.9,-1101.01,10093.03,5.17,0.0,75.1,16.1,4.3
05/15/2026,1630,JYNT,8.23,+.02,+0.24%,8.27,8.481,8.17,35.22,0.3,NaN,8.83,8.69,8.04,9.09,-5107.01,-817.01,6.01,1.1,32.1,-0.4,-2.1
05/15/2026,1630,K,83.44,0,0.00%,0,0,0,60.53,0.03,0.1,76.99,83.35,82.98,83.69,1203.03,-8305.04,9.04,25.1,26.1,0.9,-1.1
05/15/2026,1630,KBA,33.58,-.82,-2.38%,33.80,33.80,33.58,54.07,0.22,0.22,30.41,32.69,32.84,35.46,-1101.01,3531.03,3.38,48.1,86.2,6.1,8.7
05/15/2026,1630,KBWP,118.8344,+1.0844,+0.92%,119.11,119.47,118.5202,47.22,0.13,0.07,122.39,118.24,115.62,120.78,1201.01,-11584.03,20.03,6.1,13.1,-8.6,-0.6
05/15/2026,1630,KCE,151.6089,-2.5146,-1.63%,152.75,153.22,151.59,54.52,0.14,0.21,140.8,148.81,150.01,154.85,6101.02,15540.02,2.31,86.1,2.1,0.0,3.9
05/15/2026,1630,KDP,28.93,-.17,-0.58%,29.33,29.33,28.77,58.35,0.33,0.27,28.84,28.0,28.47,29.72,13101.02,2950.02,2.3,49.1,80.4,0.0,19.3
05/15/2026,1630,KEMX,47.791,-1.9609,-3.94%,48.085,48.085,47.791,54.71,0.34,0.33,43.19,45.34,45.49,51.62,-1101.01,5018.05,6.33,79.2,89.1,8.4,4.2
05/15/2026,1630,KHC,22.92,-.39,-1.67%,23.43,23.63,22.91,51.04,0.22,0.33,23.44,21.81,22.04,24.22,4101.05,2412.05,5.09,67.1,32.1,3.6,2.5
05/15/2026,1630,KLAC,1804.32,-88.62,-4.68%,1830.745,1845.50,1802.555,53.07,0.51,0.55,1442.08,1646.0,1693.34,1930.51,3101.02,191111.02,2.1,83.1,79.1,0.0,0.0
05/15/2026,1630,KMX,36.93,-1.16,-3.05%,38.20,38.41,36.90,40.51,0.41,0.7,41.8,37.55,36.13,40.25,-4104.01,-3643.03,5.03,81.2,61.1,-1.4,0.0
05/15/2026,1630,KNX,69.06,+1.03,+1.51%,67.00,69.35,65.67,64.36,0.58,0.43,58.39,62.48,58.79,69.05,1202.01,6935.01,1.02,72.1,100.4,0.0,-0.5
05/15/2026,1630,KO,80.82,+.37,+0.46%,81.36,81.36,80.45,67.4,0.19,0.21,78.59,75.4,77.3,82.16,8214.01,8136.01,3.19,59.1,88.3,3.2,10.5
05/15/2026,1630,KR,66.02,-.42,-0.63%,67.25,67.48,65.865,43.64,0.22,0.39,66.04,65.62,64.29,68.19,1101.01,-6436.03,29.03,99.4,20.1,-1.6,-0.4
05/15/2026,1630,KRE,66.97,-.77,-1.14%,67.655,67.90,66.42,41.47,0.19,0.29,68.02,68.36,66.33,70.92,-5105.01,-6642.01,7.01,34.1,21.1,0.0,-0.1
05/15/2026,1630,KSA,38.29,-.24,-0.62%,38.38,38.53,38.27,41.1,0.12,0.26,37.85,38.97,38.01,39.27,-1104.03,-3827.01,32.17,65.1,29.1,-9.9,0.0
05/15/2026,1630,KSS,11.77,-.16,-1.34%,11.60,11.98,11.51,31.42,0.62,0.89,17.06,13.85,10.99,14.86,-6113.01,-1151.01,14.01,65.2,52.4,-7.5,-1.6
05/15/2026,1630,KVUE,17.11,-.08,-0.47%,17.24,17.36,16.975,43.55,0.2,0.26,18.39,17.05,16.92,17.7,-5103.01,-1698.01,6.01,9.1,31.1,0.0,0.0
05/15/2026,1630,KW,11.03,+.02,+0.18%,10.98,11.03,10.98,66.75,0.03,0.16,10.84,10.89,10.88,11.09,5209.04,1103.05,5.09,0.1,5.1,12.4,0.0
05/15/2026,1630,KWEB,28.17,-1.03,-3.53%,28.57,28.59,28.165,42.76,0.37,0.36,31.74,27.92,27.73,30.64,-1102.01,-2817.01,3.01,70.2,99.4,0.0,0.1
05/15/2026,1630,LAMR,145.54,-1.87,-1.27%,147.41,147.41,144.11,57.83,0.37,0.31,126.62,134.26,136.05,160.45,-1103.01,15766.05,5.4,87.1,96.4,11.1,3.7
05/15/2026,1630,LCID,6.04,-.23,-3.67%,6.12,6.1389,5.90,37.43,0.79,0.91,9.12,5.62,5.75,6.74,-1101.01,-590.01,2.01,17.1,74.2,-6.4,2.2
05/15/2026,1630,LEVI,20.98,-.43,-2.01%,21.28,21.365,20.96,41.13,0.28,0.36,21.54,21.71,20.69,23.03,-5105.01,-2096.01,6.01,42.1,25.1,-1.4,-0.1
05/15/2026,1630,LFMD,4.33,-.12,-2.70%,4.38,4.5199,4.30,48.37,1.21,0.92,2.56,4.31,4.02,5.23,-5107.03,-425.04,19.03,58.1,88.4,-0.2,0.0
05/15/2026,1630,LFST,7.65,-.24,-3.04%,7.82,7.855,7.5706,53.85,0.92,0.47,6.91,7.03,7.08,8.68,-1102.01,889.07,7.3,31.1,92.4,2.3,8.0
05/15/2026,1630,LH,250.40,-3.62,-1.43%,254.75,255.00,250.13,35.19,0.17,0.26,274.15,252.38,248.14,259.8,-9103.01,-24859.09,17.09,51.1,25.1,-9.2,0.0
05/15/2026,1630,LI,18.51,-.76,-3.94%,18.70,18.96,18.22,51.59,0.4,0.62,17.88,17.2,17.14,19.94,4101.02,1970.02,2.08,88.2,62.1,0.2,0.0
05/15/2026,1630,LII,499.99,-14.39,-2.80%,510.83,511.93,497.06,47.08,0.34,0.38,532.5,492.17,491.18,541.93,-2104.01,-49706.01,7.01,69.1,53.1,0.0,2.9
05/15/2026,1630,LIN,506.11,-5.54,-1.08%,516.77,517.005,504.13,53.35,0.22,0.25,482.2,499.66,490.7,516.27,3205.01,51701.01,1.09,75.1,94.2,0.1,0.0
05/15/2026,1630,LIT,84.08,-2.87,-3.30%,84.43,84.60,83.68,48.29,0.35,0.38,72.15,83.15,83.31,93.44,-2102.01,-8368.01,7.01,81.2,66.1,2.1,3.7
05/15/2026,1630,LLY,1004.92,-.05,0.00%,1006.98,1014.38,997.41,60.84,0.46,0.34,1002.46,850.51,901.96,1078.86,7212.03,102282.03,8.13,18.1,78.4,16.0,0.3
05/15/2026,1630,LMND,51.35,-2.43,-4.52%,52.16,52.63,50.80,35.67,0.7,0.69,48.29,54.19,45.81,60.97,-4115.1,-5080.01,20.11,11.1,38.1,-13.0,-2.3
05/15/2026,1630,LMT,516.01,-4.40,-0.85%,521.36,524.9299,514.73,34.1,0.26,0.32,634.04,501.95,506.97,522.9,4210.01,52493.01,1.16,75.1,63.2,-16.8,0.0
05/15/2026,1630,LNG,241.84,+.76,+0.32%,244.00,248.16,241.07,37.72,0.33,0.34,216.6,256.73,223.35,275.79,-5108.03,-23850.02,11.05,78.1,75.2,0.0,-3.3
05/15/2026,1630,LOGI,102.99,+2.04,+2.02%,100.58,103.84,100.58,55.75,0.37,0.38,88.31,94.99,96.27,111.23,7102.05,11047.05,5.25,62.1,81.2,6.3,3.6
05/15/2026,1630,LOTMY,30.22,-.31,-1.02%,30.34,30.50,30.17,48.85,0.51,NaN,23.34,28.83,28.23,33.08,-1102.01,3304.07,7.13,NaN,NaN,0.3,0.0
05/15/2026,1630,LOW,218.42,-5.19,-2.32%,222.31,222.52,218.22,35.21,0.29,0.37,262.56,231.27,211.17,238.22,-7118.03,-21809.03,19.09,98.4,75.3,-12.3,-5.6
05/15/2026,1630,LQD,107.86,-.69,-0.64%,107.87,107.95,107.69,37.54,0.05,0.07,111.4,108.57,107.79,109.37,-3105.01,-10769.01,27.01,34.1,37.1,-5.1,-0.1
05/15/2026,1630,LRCX,284.72,-14.43,-4.82%,289.44,289.44,276.48,57.13,0.54,0.67,231.42,241.6,249.89,321.74,5101.05,30200.02,5.12,78.1,65.1,8.1,0.2
05/15/2026,1630,LUV,38.50,-.83,-2.11%,38.66,38.98,38.17,43.9,0.41,0.54,49.4,36.92,36.98,42.2,-1104.03,4222.06,6.13,80.1,56.1,-0.7,0.0
05/15/2026,1630,LUXE,7.59,-.14,-1.81%,7.71,7.75,7.50,31.7,0.33,0.58,9.13,8.58,7.34,9.26,-7107.01,-750.01,7.01,2.1,2.1,0.0,-0.9
05/15/2026,1630,LVS,51.16,+.51,+1.01%,50.40,51.23,50.25,39.79,0.4,0.37,53.63,52.55,49.64,54.35,-7106.01,-5025.01,19.01,34.1,69.4,-13.7,0.0
05/15/2026,1630,LW,44.06,+1.73,+4.09%,42.65,44.50,41.88,56.11,0.34,0.38,46.33,42.74,40.44,44.44,1202.01,4450.01,1.03,44.1,66.1,-6.3,-2.2
05/15/2026,1630,LYB,75.06,+1.79,+2.44%,74.02,75.28,73.65,54.49,0.36,0.46,54.27,69.68,70.81,78.09,-1201.07,7843.09,9.2,31.1,29.1,0.0,5.7
05/15/2026,1630,LYFT,12.97,-.08,-0.61%,12.93,13.05,12.76,35.53,0.33,0.55,13.14,13.85,12.89,14.66,-4105.01,-1276.01,5.01,23.1,13.1,-0.5,0.0
05/15/2026,1630,LYV,168.87,-1.12,-0.66%,168.88,169.90,167.1801,61.85,0.31,0.32,154.24,151.44,153.74,175.8,8212.02,17312.02,2.16,15.1,60.1,4.4,3.5
05/15/2026,1630,M,18.41,+.10,+0.55%,18.25,18.41,17.925,41.05,0.29,0.63,20.04,19.08,17.81,19.99,-9107.01,-1793.01,7.01,86.2,7.1,-0.7,-0.3
05/15/2026,1630,MA,494.20,+4.26,+0.87%,493.50,502.275,492.33,45.33,0.26,0.26,490.0,498.96,479.19,514.62,-5112.08,-48801.02,13.08,57.1,78.2,-3.5,-3.5
05/15/2026,1630,MAC,21.60,-.74,-3.31%,22.13,22.185,21.52,52.01,0.31,0.34,18.72,21.01,21.28,22.41,3101.01,2244.02,2.04,17.1,52.1,0.0,4.2
05/15/2026,1630,MAR,353.17,-.30,-0.08%,351.90,354.49,350.95,49.98,0.21,0.3,337.77,349.05,344.33,359.61,-5202.09,-34538.1,24.1,57.1,13.1,-15.8,0.0
05/15/2026,1630,MARA,12.44,-.85,-6.40%,12.85,12.89,12.125,56.61,0.72,0.94,7.31,10.27,10.93,14.29,8101.02,1380.05,5.31,39.1,41.1,3.7,1.4
05/15/2026,1630,MCD,276.39,+1.42,+0.52%,276.00,277.50,275.02,29.1,0.19,0.21,323.83,289.3,266.52,291.37,-11120.05,-27198.05,20.05,56.1,84.4,-12.3,-8.4
05/15/2026,1630,MCHP,93.85,-3.19,-3.29%,94.102,95.59,93.7213,59.34,0.53,0.51,74.6,83.95,87.85,107.1,-1104.02,10591.06,6.33,62.1,88.4,0.0,1.0
05/15/2026,1630,MCK,760.57,+13.34,+1.79%,754.06,766.43,751.63,35.8,0.32,0.26,931.0,791.09,684.61,824.38,-14201.05,-72368.05,24.05,37.1,86.1,-2.2,-17.1
05/15/2026,1630,MCO,428.90,-2.75,-0.64%,432.48,438.225,426.21,37.33,0.22,0.3,434.51,452.74,426.09,464.63,-8106.01,-42621.01,11.01,73.1,45.1,-1.1,0.0
05/15/2026,1630,MCW,7.10,0,0.00%,7.08,7.10,7.08,66.52,0.05,NaN,6.94,7.06,7.02,7.11,4204.01,710.02,1.17,57.2,11.1,0.0,5.0
05/15/2026,1630,MDB,312.16,+9.07,+2.99%,304.50,316.84,301.26,68.17,0.54,0.93,292.53,244.88,251.87,332.65,6211.01,31684.01,3.25,95.4,52.1,8.4,3.0
05/15/2026,1630,MDLZ,60.44,-.53,-0.87%,61.56,61.58,60.295,54.29,0.22,0.3,58.02,57.3,58.77,63.71,5102.1,6220.04,10.18,87.1,54.1,0.0,11.2
05/15/2026,1630,MELI,1546.81,-60.56,-3.77%,1591.00,1594.05,1538.105,34.15,0.58,0.39,1654.24,1738.0,1435.69,1875.33,-5106.02,-149500.03,7.03,46.1,100.4,0.0,-13.2
05/15/2026,1630,META,614.23,-4.20,-0.68%,613.99,621.1999,609.31,45.59,0.38,0.35,628.15,600.0,561.11,655.27,1203.02,-59260.04,23.09,46.1,59.1,-14.0,-2.7
05/15/2026,1630,MGM,36.97,+.16,+0.43%,36.86,37.22,36.36,43.35,0.25,0.42,33.8,38.37,35.57,39.69,-11112.01,-3636.01,14.04,53.1,5.1,-1.3,0.0
05/15/2026,1630,MGPI,18.23,0,0.00%,18.02,18.4299,17.789,40.6,0.42,0.71,19.67,17.17,17.35,20.23,-6105.01,-1779.01,8.03,94.4,76.1,-1.1,-3.8
05/15/2026,1630,MICC,16.66,+1.64,+10.92%,16.975,17.03,16.305,70.62,0.68,0.67,15.76,12.94,14.24,17.34,6202.01,1703.01,1.17,NaN,NaN,12.6,6.0
05/15/2026,1630,MKOR,59.70,-4.03,-6.32%,59.77,60.42,59.33,55.57,0.6,0.45,46.01,54.28,54.87,68.31,-1101.01,6547.05,6.33,100.4,92.2,9.3,0.4
05/15/2026,1630,MLCO,5.50,+.02,+0.36%,5.45,5.51,5.43,47.25,0.42,0.65,5.51,5.44,5.26,5.69,-9202.04,-525.06,18.12,85.1,63.2,-8.3,0.0
05/15/2026,1630,MLM,558.66,-16.57,-2.88%,568.54,570.715,556.56,29.21,0.2,0.3,655.02,594.85,552.98,621.08,-10107.01,-55656.01,7.01,83.1,34.1,0.0,-6.8
05/15/2026,1630,MNDY,71.97,+2.24,+3.21%,69.53,72.95,68.55,51.46,0.77,0.7,68.93,63.89,64.95,80.11,-2104.02,-6592.02,5.02,54.1,84.2,0.0,0.9
05/15/2026,1630,MNSO,14.15,-.48,-3.28%,14.25,14.27,14.11,37.91,0.35,0.61,19.08,14.48,13.99,14.97,-9101.01,-1411.03,28.01,92.3,58.1,-6.0,0.0
05/15/2026,1630,MNST,87.09,+1.27,+1.48%,86.00,87.905,85.88,73.01,0.5,0.29,81.61,76.13,75.43,91.54,4206.03,8791.01,4.09,54.1,98.4,18.1,0.0
05/15/2026,1630,MO,73.09,+.68,+0.94%,73.02,73.14,72.24,63.85,0.35,0.26,66.41,65.5,67.27,77.1,1203.01,7434.1,10.21,81.2,97.4,0.4,9.3
05/15/2026,1630,MOH,184.99,-1.81,-0.97%,187.61,189.94,183.84,58.15,0.58,0.47,134.09,172.82,179.84,200.43,-2102.01,20055.07,12.34,20.1,70.1,0.0,17.2
05/15/2026,1630,MOO,81.16,-.81,-0.99%,81.86,81.98,81.04,39.19,0.17,0.19,84.3,81.72,80.32,84.54,-4107.01,-8104.01,8.07,74.1,87.2,-1.0,0.0
05/15/2026,1630,MOVE:GIF,79.8711,+10.2434,+14.71%,69.6277,79.8711,69.6277,56.78,0.86,NaN,62.43,66.97,65.36,79.94,1201.01,7987.01,1.27,0.0,80.1,0.1,0.1
05/15/2026,1630,MP,61.27,+.96,+1.59%,60.395,62.28,59.68,46.82,0.77,0.72,53.89,60.01,58.56,72.09,-3104.01,-5968.01,6.01,19.1,51.2,0.0,0.0
05/15/2026,1630,MPC,255.03,+6.21,+2.50%,252.23,255.40,250.64,62.07,0.36,0.41,190.44,224.1,234.41,267.29,1201.04,26161.09,9.21,82.1,66.2,0.0,13.0
05/15/2026,1630,MPLX,54.77,-.80,-1.44%,55.77,55.80,54.58,44.59,0.22,0.24,56.6,54.36,53.34,57.1,-7101.03,-5394.03,9.03,60.1,95.4,0.0,-2.9
05/15/2026,1630,MPNGY,20.760,-.84,-3.89%,21.060,21.110,20.640,44.92,0.53,NaN,20.55,20.45,20.25,23.04,-1102.01,-2064.01,3.01,0.0,92.1,0.0,0.2
05/15/2026,1630,MRNA,49.04,-.99,-1.98%,48.43,49.88,47.91,46.55,0.63,0.8,45.66,44.62,44.44,55.35,-1101.01,5462.04,4.11,66.2,58.2,-0.8,0.0
05/15/2026,1630,MRVL,176.89,-5.69,-3.12%,173.90,182.14,173.34,65.87,0.64,0.98,76.07,146.85,155.89,186.8,3203.01,19215.02,2.34,99.4,73.1,0.5,4.4
05/15/2026,1630,MSFT,421.92,+12.49,+3.05%,414.27,428.17,412.91,57.9,0.3,0.32,381.71,398.01,400.45,427.64,1201.01,42817.01,1.02,83.1,82.1,-3.6,0.0
05/15/2026,1630,MSGS,351.54,+2.24,+0.64%,349.09,355.7499,344.28,63.57,0.27,0.3,309.98,326.22,328.88,355.15,2203.01,35575.01,1.03,60.1,72.1,1.0,0.3
05/15/2026,1630,MSM,104.66,-2.16,-2.02%,106.14,106.99,103.25,60.49,0.3,0.31,91.09,100.0,100.88,108.9,15101.02,10877.02,5.38,38.1,78.3,3.8,12.8
05/15/2026,1630,MSTR,177.42,-9.55,-5.11%,182.11,182.23,173.61,54.4,0.71,0.72,118.4,156.11,161.82,202.87,-1101.01,19700.05,5.31,24.1,79.1,2.3,1.7
05/15/2026,1630,MTCH,35.40,-.33,-0.92%,35.74,35.98,35.23,49.14,0.36,0.35,29.94,36.67,34.41,38.42,-5107.03,-3510.03,7.03,30.1,74.2,0.0,0.0
05/15/2026,1630,MTDR,60.34,+2.40,+4.14%,58.74,60.41,58.2301,53.76,0.46,0.44,48.07,60.94,52.68,64.68,-4201.05,-5490.06,13.06,30.1,79.3,0.0,-1.8
05/15/2026,1630,MTUM,298.27,-8.98,-2.92%,300.65,301.235,297.92,63.01,0.25,0.31,247.75,272.98,280.94,317.7,15101.05,30796.02,5.33,96.1,87.1,17.9,9.4
05/15/2026,1630,MU,724.66,-51.35,-6.62%,732.57,749.59,719.00,66.28,0.86,0.96,394.6,488.23,572.47,893.13,18101.05,81867.05,5.33,98.4,100.2,30.8,7.7
05/15/2026,1630,MUR,40.64,+1.69,+4.34%,39.58,40.65,39.09,55.87,0.44,0.54,30.6,39.05,36.04,42.64,-3201.05,-3712.05,12.05,58.1,42.1,0.0,0.0
05/15/2026,1630,MUSA,561.68,-14.52,-2.52%,583.47,586.99,558.15,55.01,0.57,0.4,370.0,511.8,522.81,634.77,9102.08,60982.08,8.21,65.1,90.4,0.1,5.5
05/15/2026,1630,MZTI,114.01,-.38,-0.33%,115.07,116.84,112.59,29.27,0.39,0.23,157.57,125.43,104.26,127.98,-12111.05,-11106.09,26.09,51.1,92.4,-4.1,-10.7
05/15/2026,1630,N225:JP,61409.29,-1244.76,-1.99%,62878.71,63235.77,60937.30,58.85,0.26,NaN,56135.12,58621.48,58680.61,64748.86,14101.02,6379932.02,4.31,0.0,71.1,5.2,4.4
05/15/2026,1630,NBIS,219.94,-1.21,-0.55%,217.61,228.79,211.80,72.14,1.04,1.16,95.3,132.7,155.25,241.21,9211.01,22879.01,1.12,94.4,74.1,10.4,2.6
05/15/2026,1630,NBIX,158.42,-.63,-0.40%,158.22,159.23,155.50,75.11,0.38,0.38,126.02,126.49,139.49,169.96,10213.02,16239.02,3.13,61.1,76.4,34.9,7.3
05/15/2026,1630,NCLH,15.52,-.41,-2.57%,15.84,15.90,15.4533,31.74,0.48,0.61,23.09,17.28,14.77,18.56,-12110.01,-1545.01,21.03,73.1,51.1,-8.7,-9.3
05/15/2026,1630,NEE,93.36,-2.32,-2.42%,94.66,95.075,92.70,47.56,0.35,0.26,90.59,93.66,92.19,97.38,-3101.01,-9270.01,11.01,16.1,91.4,0.0,6.4
05/15/2026,1630,NEM,109.06,-7.27,-6.25%,112.23,112.23,108.47,44.17,0.59,0.49,118.67,106.87,104.68,122.65,-1101.01,12126.05,5.13,65.1,84.2,0.3,0.0
05/15/2026,1630,NET,197.56,-2.25,-1.13%,197.76,201.17,194.00,45.89,1.11,0.63,158.83,199.67,170.0,252.22,-4106.03,-18575.03,7.03,58.1,98.4,0.0,0.0
05/15/2026,1630,NFLX,87.02,+.08,+0.09%,87.69,89.49,86.685,36.73,0.24,0.32,75.01,90.02,83.13,93.07,-10107.04,-8510.05,24.05,20.1,35.1,-4.2,-1.0
05/15/2026,1630,NIKL,16.06,-.66,-3.95%,16.54,16.5698,15.94,39.47,0.39,NaN,18.82,17.02,16.21,17.95,-2103.01,-1594.01,4.01,0.0,67.1,-1.1,0.0
05/15/2026,1630,NKE,41.88,-.14,-0.33%,42.00,42.775,41.835,30.09,0.22,0.37,62.05,43.51,40.77,45.09,-6106.03,-4170.03,18.03,39.1,7.1,-9.2,-4.8
05/15/2026,1630,NLR,129.68,-4.92,-3.66%,132.57,132.57,129.46,38.93,0.54,0.39,143.29,137.18,129.15,149.7,-5104.01,-12946.01,7.01,62.1,93.2,-2.5,0.0
05/15/2026,1630,NNN,43.72,-.02,-0.05%,43.77,44.29,43.335,46.02,0.14,0.26,43.52,42.8,43.43,44.85,-3103.01,-4334.01,5.01,71.2,25.1,-1.9,1.8
05/15/2026,1630,NOAH,10.40,-.07,-0.67%,10.41,10.485,10.31,45.7,0.3,0.53,11.72,10.15,10.24,10.99,-2105.01,-1031.01,6.01,54.2,43.1,0.0,5.2
05/15/2026,1630,NORW,38.37,-.17,-0.44%,38.04,38.37,37.79,54.09,0.14,NaN,34.47,37.62,37.72,39.2,-2101.01,-3779.01,9.01,0.0,33.1,0.5,3.3
05/15/2026,1630,NOW,95.07,+4.57,+5.05%,92.09,96.67,91.97,52.04,0.85,0.62,99.18,85.88,87.17,95.27,1202.01,9667.01,1.02,93.2,94.4,-10.2,2.2
05/15/2026,1630,NSA,41.02,-1.51,-3.55%,42.25,42.25,40.90,44.69,0.28,0.52,33.82,41.04,40.72,44.1,-1103.01,-4090.01,5.01,87.1,63.1,0.0,0.0
05/15/2026,1630,NSC,315.95,-1.69,-0.53%,316.15,317.91,314.00,58.68,0.31,0.26,310.13,311.46,308.98,318.52,1202.01,31791.01,1.02,81.1,100.4,-0.5,14.7
05/15/2026,1630,NSP,30.23,+1.30,+4.49%,29.09,30.625,29.01,49.78,1.1,0.67,20.89,32.27,25.24,36.35,-5104.03,-2768.08,13.08,72.1,94.4,0.0,-0.4
05/15/2026,1630,NSSC,36.22,-1.30,-3.46%,37.00,37.42,35.91,29.56,0.68,0.44,42.72,44.76,33.0,44.28,-5110.03,-3591.01,11.08,30.2,98.4,-2.1,-21.9
05/15/2026,1630,NTLA,13.67,+.58,+4.43%,13.35,14.145,13.24,48.97,0.9,0.79,12.0,11.76,12.7,14.79,-1102.02,-1292.02,5.02,9.1,60.2,-6.7,0.0
05/15/2026,1630,NTR,71.56,+.62,+0.87%,70.75,71.63,70.39,46.59,0.41,0.34,69.41,71.86,66.83,77.31,-3108.05,-6886.05,9.05,59.1,87.4,0.0,-2.6
05/15/2026,1630,NUE,227.02,-5.83,-2.50%,229.29,229.645,226.11,64.13,0.31,0.35,172.89,213.14,219.7,239.31,16101.13,23545.03,14.41,20.1,69.2,0.0,4.9
05/15/2026,1630,NVDA,225.32,-10.42,-4.42%,229.76,231.50,224.24,64.66,0.44,0.53,185.66,198.7,195.9,238.99,7208.01,23654.02,2.1,82.2,95.2,3.4,2.4
05/15/2026,1630,NVO,44.74,-1.06,-2.31%,45.40,45.50,44.2501,59.25,0.39,0.46,37.65,39.7,41.76,49.17,9101.05,4779.05,5.34,19.1,42.1,12.7,15.2
05/15/2026,1630,NXPI,291.50,-2.67,-0.91%,287.605,295.27,284.78,64.35,0.91,0.48,225.3,228.41,263.03,337.39,-1102.01,30662.05,11.31,85.2,100.4,0.4,10.1
05/15/2026,1630,NYT,74.48,-1.02,-1.35%,75.72,75.73,74.11,37.21,0.38,0.3,73.15,77.62,73.62,81.87,-5106.01,-7411.01,7.01,48.1,89.4,-0.3,-0.6
05/15/2026,1630,O,61.12,-.84,-1.36%,61.97,62.06,61.11,38.9,0.19,0.2,64.87,62.58,60.5,64.26,-9107.01,-6111.01,26.03,59.1,91.4,-6.1,-4.7
05/15/2026,1630,OC,114.08,-6.99,-5.77%,119.69,120.145,114.05,41.33,0.38,0.4,123.21,120.65,114.0,125.66,-2101.01,-11405.01,7.01,46.1,70.1,-1.5,0.0
05/15/2026,1630,OIH,440.52,-.91,-0.21%,438.64,441.16,435.95,60.95,0.24,0.36,380.68,437.66,418.53,453.28,1204.02,-41202.07,13.07,59.1,9.1,0.0,11.7
05/15/2026,1630,OKE,92.32,+1.29,+1.42%,92.03,92.66,91.13,62.06,0.3,0.3,79.73,87.01,84.46,93.59,2204.01,9266.01,1.06,17.1,82.2,0.0,3.2
05/15/2026,1630,OKLO,62.25,-4.96,-7.38%,64.80,65.00,61.73,45.11,1.27,0.95,60.12,63.2,59.46,78.7,-2103.01,-6173.01,7.01,15.1,90.4,-1.7,0.0
05/15/2026,1630,OKTA,82.77,+1.72,+2.12%,81.10,83.84,80.37,59.72,0.41,0.84,68.77,72.99,74.55,85.68,4202.01,8470.05,5.24,100.4,63.1,0.0,0.9
05/15/2026,1630,OLLI,78.49,-.26,-0.33%,79.55,80.98,77.66,36.93,0.51,0.57,104.18,84.81,70.18,87.0,-12114.03,-7332.03,44.03,98.4,100.4,-10.8,-19.8
05/15/2026,1630,OMF,53.52,-.43,-0.80%,53.90,54.155,53.19,40.61,0.3,0.33,53.59,57.19,50.58,57.87,-8114.03,-5162.03,19.03,31.1,62.1,-9.6,-13.6
05/15/2026,1630,ON,113.11,-5.26,-4.44%,113.415,115.8299,111.77,69.33,0.66,0.67,67.02,92.44,96.43,120.75,2206.02,11910.02,2.33,88.3,90.4,7.8,8.3
05/15/2026,1630,ONEW,10.57,-.65,-5.79%,11.01,11.01,10.51,48.5,0.66,0.88,11.21,8.99,9.47,12.49,4101.05,1210.05,5.11,75.2,71.4,2.4,0.0
05/15/2026,1630,ONON,37.26,+.42,+1.14%,37.00,37.65,35.96,57.54,0.34,0.52,46.13,34.88,33.5,37.38,2203.01,3765.01,1.03,56.1,27.1,0.0,0.0
05/15/2026,1630,ONTO,271.77,-5.51,-1.99%,267.32,274.39,263.40,48.9,0.51,0.7,204.07,274.97,262.26,301.9,-4108.01,-26340.01,21.01,74.2,40.1,-1.9,0.0
05/15/2026,1630,ORCL,192.95,-2.66,-1.36%,190.49,196.43,188.90,62.51,0.51,0.76,138.59,160.33,164.72,212.67,5210.06,20071.02,6.26,92.4,53.1,1.5,3.2
05/15/2026,1630,ORLY,88.49,-1.19,-1.33%,90.375,90.6334,88.17,37.38,0.36,0.29,90.83,90.24,86.76,97.64,-5106.01,-8817.01,10.01,65.1,99.4,0.0,-5.6
05/15/2026,1630,OSCR,23.32,+.17,+0.73%,22.59,23.67,22.41,81.62,0.52,0.75,11.71,16.77,18.64,25.77,16216.02,2428.03,3.34,23.1,12.1,30.2,15.1
05/15/2026,1630,OSK,120.39,-5.73,-4.54%,124.90,124.90,119.35,28.6,0.55,0.45,169.0,145.98,115.06,155.91,-6106.01,-11935.01,7.01,82.1,98.4,0.0,-5.1
05/15/2026,1630,OTLY,10.11,+.06,+0.60%,9.91,10.18,9.82,35.03,0.45,0.37,11.42,10.79,9.14,11.44,-6117.1,-981.03,21.11,1.1,15.1,-21.2,-4.0
05/15/2026,1630,OUT,31.51,-1.28,-3.90%,31.95,32.09,31.135,54.7,0.35,0.3,24.79,29.93,30.23,34.05,-1101.01,3398.05,5.33,38.1,76.2,4.9,4.3
05/15/2026,1630,OVX:CGI,72.35,+3.43,+4.98%,72.82,72.82,71.13,45.37,0.92,NaN,48.04,70.45,68.3,78.23,-3103.02,-6862.02,29.07,0.0,51.1,-9.7,0.4
05/15/2026,1630,OXLC,9.97,-.35,-3.39%,10.03,10.06,9.92,48.61,0.22,NaN,8.75,9.98,9.9,10.38,-1101.01,-992.01,10.01,0.0,24.1,0.0,1.4
05/15/2026,1630,OXM,39.36,-1.14,-2.81%,40.42,41.19,39.32,41.05,0.56,0.73,37.97,41.13,38.08,46.2,-4105.01,-3900.03,7.03,85.1,48.2,-3.3,-4.8
05/15/2026,1630,OXY,59.62,+2.78,+4.89%,57.93,59.70,57.56,56.56,0.45,0.41,46.26,56.95,51.95,61.86,1202.01,-5299.06,12.06,74.1,95.4,0.0,-0.2
05/15/2026,1630,PAG,162.18,-6.88,-4.07%,168.63,170.071,162.12,47.02,0.34,0.3,156.72,158.25,160.42,176.89,-1104.01,-16212.01,11.01,62.1,88.4,0.0,4.0
05/15/2026,1630,PALL,128.77,-2.35,-1.79%,128.62,129.55,127.77,39.64,0.42,0.45,151.2,130.61,128.47,139.98,-3103.01,-12777.01,27.01,47.1,47.1,-3.3,0.0
05/15/2026,1630,PAM,79.36,-.89,-1.11%,80.00,80.985,78.77,43.91,0.41,0.37,78.56,80.2,77.81,83.4,-1103.01,-7830.06,6.06,5.1,48.4,-1.1,0.0
05/15/2026,1630,PATH,10.27,+.60,+6.20%,9.65,10.48,9.64,47.3,0.55,0.97,9.47,10.04,9.47,11.11,-3104.01,-964.01,5.01,94.4,44.1,0.0,0.0
05/15/2026,1630,PBD,21.23,-.52,-2.39%,21.08,21.34,20.89,58.61,0.26,0.44,18.03,20.0,20.42,22.64,-1101.01,2234.05,5.34,71.2,72.1,6.2,3.9
05/15/2026,1630,PBH,46.75,+.82,+1.79%,46.39,48.41,46.035,27.27,0.53,0.33,65.7,54.7,44.49,55.44,-13113.01,-4604.01,13.01,56.3,100.4,-3.5,-15.4
05/15/2026,1630,PBJ,47.999,-.351,-0.73%,48.42,48.42,47.99,37.22,0.12,NaN,49.7,49.33,47.43,50.23,-6108.03,-4799.01,11.03,21.2,42.1,-0.8,-3.3
05/15/2026,1630,PBR,19.93,+.15,+0.76%,19.67,19.955,19.57,43.43,0.31,0.41,15.13,20.94,18.93,22.21,-8108.01,-1957.01,10.02,75.1,54.1,0.0,-1.6
05/15/2026,1630,PCAR,110.32,-2.28,-2.02%,112.08,112.35,109.83,33.09,0.3,0.29,123.82,117.87,104.62,117.85,-6114.09,-10983.01,14.09,33.1,81.3,-15.9,-7.3
05/15/2026,1630,PD,6.77,+.04,+0.59%,6.80,6.915,6.7015,49.21,0.87,0.87,6.18,6.38,6.37,7.52,-3105.02,-641.03,7.03,83.4,88.4,0.0,1.0
05/15/2026,1630,PDD,95.83,+.25,+0.26%,95.25,95.92,93.81,43.17,0.4,0.47,100.93,96.95,94.22,101.93,-4102.01,-9381.01,7.01,81.2,92.4,-3.0,-0.1
05/15/2026,1630,PEB,14.06,-.21,-1.47%,14.21,14.29,13.97,51.94,0.24,0.37,12.04,13.9,13.85,14.72,-1104.01,-1397.01,5.01,3.1,2.1,0.0,3.1
05/15/2026,1630,PECO,39.29,-.43,-1.08%,39.70,39.80,39.19,49.65,0.17,0.36,37.85,39.55,39.1,40.23,-3106.01,-3919.01,14.01,61.4,62.4,0.0,8.7
05/15/2026,1630,PENN,16.20,+.37,+2.34%,15.61,16.325,15.61,50.29,0.67,0.5,11.89,17.21,14.88,17.94,-3108.03,-1550.03,13.03,16.1,88.2,0.0,0.0
05/15/2026,1630,PEP,149.12,+.45,+0.30%,149.56,150.11,148.19,38.66,0.21,0.24,160.63,153.48,145.98,158.79,-5106.01,-14815.02,6.02,26.1,66.2,0.0,-4.8
05/15/2026,1630,PFE,25.33,-.42,-1.63%,25.75,25.83,25.24,33.2,0.18,0.25,26.36,26.2,25.14,26.78,-12119.01,-2524.01,14.01,21.1,10.1,-6.8,-5.0
05/15/2026,1630,PFF,31.23,-.37,-1.17%,31.36,31.44,31.225,46.47,0.08,0.1,31.46,31.15,31.13,31.81,-1101.01,-3123.01,5.01,69.3,87.1,0.0,0.0
05/15/2026,1630,PFG,100.53,-.24,-0.24%,100.57,100.85,98.59,61.41,0.16,0.2,90.84,98.41,99.61,101.81,-1103.01,-9859.01,2.01,4.1,7.1,0.0,16.2
05/15/2026,1630,PFIG,23.8897,-.0926,-0.39%,23.895,23.91,23.87,37.95,0.03,NaN,24.3,23.95,23.89,24.08,-3102.01,-2387.01,5.01,0.0,48.1,-4.8,-0.4
05/15/2026,1630,PFIX,50.32,+1.96,+4.05%,49.49,50.4799,49.145,68.38,0.25,0.42,41.87,45.07,46.54,50.6,8216.01,5048.01,1.32,75.4,30.1,4.8,7.7
05/15/2026,1630,PG,141.57,-1.14,-0.80%,143.40,143.40,141.20,40.96,0.22,0.22,155.77,145.89,139.51,148.8,-6105.01,-14120.01,14.03,60.1,85.2,0.0,0.0
05/15/2026,1630,PGNY,23.25,+.38,+1.66%,22.85,23.29,22.57,71.12,0.83,0.46,20.02,17.91,18.66,25.9,14225.04,2372.03,4.3,23.1,85.4,26.6,7.6
05/15/2026,1630,PGRO,47.6355,-.7524,-1.55%,47.8301,48.08,47.6355,67.24,0.17,NaN,42.33,45.11,45.68,48.95,6212.02,4840.02,2.34,0.0,61.1,3.1,12.0
05/15/2026,1630,PINK,36.58,-.50,-1.35%,36.77,36.8999,36.46,62.98,0.17,0.23,35.59,33.86,34.61,37.54,7208.02,3740.02,2.13,38.1,44.1,0.0,2.7
05/15/2026,1630,PINS,19.47,+.44,+2.31%,19.27,19.62,18.97,45.94,0.49,0.53,15.42,19.15,18.66,22.05,-3105.01,-1897.01,7.01,47.1,71.1,0.0,0.0
05/15/2026,1630,PJP,105.6568,-2.2044,-2.04%,107.42,107.42,105.5601,50.06,0.17,0.19,107.5,102.99,103.46,109.54,6101.02,10847.02,3.45,52.1,56.1,5.0,2.7
05/15/2026,1630,PK,10.76,-.14,-1.28%,10.90,10.90,10.705,42.13,0.25,0.55,10.89,11.14,10.63,11.47,-5105.01,-1071.01,5.01,81.1,6.1,-0.5,0.0
05/15/2026,1630,PKB,102.0999,-2.9761,-2.83%,103.41,103.41,102.0999,41.76,0.25,0.23,107.52,105.32,101.3,110.03,-6107.01,-10210.01,7.01,58.1,79.1,-0.1,0.0
05/15/2026,1630,PLAY,10.11,-.12,-1.17%,10.12,10.515,10.06,37.15,0.61,0.97,14.33,10.57,8.85,11.8,-7119.09,-972.04,26.12,80.3,30.1,-8.8,-3.3
05/15/2026,1630,PLD,140.53,-2.13,-1.49%,141.14,141.98,140.17,49.73,0.2,0.26,138.19,138.15,138.77,145.25,-1101.01,14494.04,4.09,23.1,42.1,0.0,1.8
05/15/2026,1630,PLNT,52.64,+1.14,+2.21%,52.00,53.49,51.34,34.42,1.41,0.56,79.18,63.41,37.61,62.3,1202.02,-4150.06,19.06,97.3,100.4,-8.5,-13.0
05/15/2026,1630,PLTR,133.99,+.26,+0.19%,132.80,135.64,132.2901,43.48,0.49,0.53,126.37,134.68,127.58,144.36,-6109.02,-12945.02,28.02,7.1,46.1,-8.3,0.0
05/15/2026,1630,PM,189.61,-2.25,-1.17%,192.505,192.95,189.42,71.94,0.42,0.29,180.21,160.67,166.92,197.91,9218.01,19295.01,2.19,58.1,99.4,24.3,11.8
05/15/2026,1630,PNC,212.84,-.61,-0.29%,213.32,213.74,210.8601,42.89,0.2,0.27,216.23,216.64,208.32,223.61,-5107.01,-20970.03,26.03,46.1,50.1,-4.1,-5.4
05/15/2026,1630,PNDRY,10.020,-.0992,-0.98%,10.045,10.045,9.975,52.39,0.59,NaN,9.85,9.25,9.42,11.21,-1104.04,1074.07,7.12,0.0,80.2,2.9,3.5
05/15/2026,1630,POET,15.97,-4.60,-22.36%,18.322,20.27,15.945,62.2,3.54,2.01,5.38,6.37,7.57,20.94,5206.01,2027.01,1.34,100.4,100.4,3.3,0.0
05/15/2026,1630,POOL,175.35,+.11,+0.06%,177.43,178.255,172.70,25.13,0.4,0.41,210.67,208.51,156.36,195.34,-7115.08,-17270.01,17.08,84.2,84.2,-32.7,-21.8
05/15/2026,1630,PPLT,179.03,-7.77,-4.16%,180.00,180.74,178.2501,44.93,0.47,0.39,186.27,170.13,170.84,199.34,-1101.01,19925.03,3.13,48.1,67.1,0.0,0.0
05/15/2026,1630,PR,20.84,+.64,+3.17%,20.43,20.86,20.2804,52.49,0.39,0.38,17.25,20.53,19.03,22.56,-3201.05,-1966.06,9.06,24.1,88.4,0.0,-0.2
05/15/2026,1630,PRAA,15.16,+.44,+2.99%,14.68,15.63,14.28,26.44,0.71,0.87,10.25,21.14,12.88,21.36,-8110.01,-1428.01,21.02,93.2,77.2,-1.7,-8.3
05/15/2026,1630,PRGO,10.61,-.23,-2.12%,10.72,10.90,10.52,39.93,0.46,0.7,14.15,11.26,10.39,12.16,-5105.01,-1052.01,7.01,83.1,67.1,-0.4,0.0
05/15/2026,1630,PRMB,23.18,-.09,-0.39%,23.29,23.32,22.96,66.81,0.54,0.43,18.14,19.17,19.48,25.38,5207.02,2396.02,4.12,32.1,81.4,15.3,0.0
05/15/2026,1630,PRVA,22.95,-.29,-1.25%,23.29,23.44,22.83,45.57,0.27,0.29,21.0,23.79,21.86,25.01,-6110.02,-2246.02,10.02,3.1,29.1,0.0,0.0
05/15/2026,1630,PSA,292.47,-10.56,-3.48%,300.63,301.15,291.62,42.25,0.28,0.28,295.94,291.86,289.53,315.45,-1103.01,-29162.01,6.01,85.1,90.2,0.0,0.0
05/15/2026,1630,PSCE,62.1967,+.2467,+0.40%,61.67,62.33,61.57,55.95,0.25,0.28,53.23,61.74,59.59,64.17,-2202.06,-5857.07,13.07,30.1,31.3,0.0,8.3
05/15/2026,1630,PSCI,165.2902,-3.8334,-2.27%,166.84,167.02,165.2902,43.67,0.22,0.22,168.92,166.87,164.76,176.04,-4105.01,-16529.01,7.01,80.1,63.1,0.0,0.0
05/15/2026,1630,PSCU,63.2135,-1.0513,-1.64%,63.61,63.61,63.2135,43.89,0.16,NaN,57.68,65.12,62.13,66.37,-6107.03,-6278.03,23.03,0.0,52.1,-2.7,-2.7
05/15/2026,1630,PSP,59.76,-.53,-0.88%,60.00,60.06,59.56,45.97,0.21,0.18,60.04,58.75,59.04,62.63,-2104.01,-5956.01,21.01,51.1,72.1,-5.4,1.2
05/15/2026,1630,PSX,176.20,+4.69,+2.73%,173.39,176.54,173.12,56.7,0.35,0.37,149.73,163.13,165.14,184.01,1201.04,18141.09,10.25,75.1,73.3,0.0,9.6
05/15/2026,1630,PTLO,3.98,-.01,-0.25%,3.97,4.12,3.95,27.25,0.9,0.58,5.16,5.91,2.96,5.5,-6110.05,-395.01,17.06,28.1,89.4,-10.7,-27.2
05/15/2026,1630,PVH,79.45,-1.27,-1.57%,80.16,80.96,79.01,38.09,0.45,0.64,67.59,90.4,75.76,93.67,-9118.01,-7849.03,27.03,99.4,66.4,-8.1,-9.4
05/15/2026,1630,PYPL,44.41,-.63,-1.40%,44.79,45.23,44.38,34.95,0.34,0.37,40.53,49.22,41.77,50.24,-7112.04,-4435.04,19.06,33.1,58.1,-9.4,-7.7
05/15/2026,1630,PZZA,34.73,+2.01,+6.14%,36.09,36.10,33.84,50.69,0.52,0.61,31.27,34.81,30.4,37.02,1201.01,3610.01,1.05,73.3,68.1,-5.2,-4.0
05/15/2026,1630,QAT,18.68,-.07,-0.37%,18.72,18.75,18.64,40.38,0.09,NaN,19.78,18.77,18.55,19.19,-3104.01,-1864.01,6.01,0.0,28.1,-3.0,-2.6
05/15/2026,1630,QBTS,20.35,-1.78,-8.04%,21.14,21.25,20.20,50.19,0.94,1.05,17.41,17.11,18.24,25.31,-1101.01,2478.05,5.34,40.2,41.3,0.0,1.9
05/15/2026,1630,QCOM,201.49,+1.41,+0.70%,201.65,207.40,199.16,62.33,0.99,0.72,139.64,144.0,173.12,252.71,-1103.02,24790.05,5.29,98.4,100.4,20.2,3.9
05/15/2026,1630,QMOM,77.34,-2.69,-3.36%,77.93,78.28,77.34,53.08,0.31,0.17,70.83,73.3,74.37,82.49,-1101.01,8047.05,5.13,29.1,87.1,7.7,2.3
05/15/2026,1630,QQQ,708.93,-10.86,-1.51%,710.14,715.13,705.55,71.38,0.17,0.26,599.05,653.81,672.15,738.38,13232.05,72203.02,6.34,81.1,57.1,21.4,11.7
05/15/2026,1630,QS,8.01,-.59,-6.86%,8.09,8.13,7.89,57.25,0.69,0.95,6.67,6.55,6.72,9.1,8212.02,889.02,2.13,50.2,39.2,4.2,0.0
05/15/2026,1630,QSR,75.84,-.60,-0.78%,76.74,76.91,75.605,42.87,0.32,0.24,67.17,77.98,74.88,81.23,-6105.01,-7561.01,8.01,35.1,94.4,0.0,-0.1
05/15/2026,1630,QTUM,143.08,-4.80,-3.25%,143.33,144.60,142.0001,63.53,0.31,0.35,114.71,127.52,132.71,154.29,7101.05,14843.02,5.33,91.2,81.1,18.5,8.8
05/15/2026,1630,QUBT,10.505,-1.225,-10.44%,11.24,11.24,10.50,56.61,1.07,1.05,7.63,7.98,8.69,12.32,7101.02,1232.02,2.31,48.3,54.4,0.3,5.7
05/15/2026,1630,R,230.91,-.15,-0.06%,228.75,231.36,227.55,49.71,0.46,0.39,216.25,244.85,218.51,251.7,-5110.02,-22498.02,15.03,75.1,88.4,-0.2,0.0
05/15/2026,1630,RBLX,42.85,-.87,-1.99%,43.79,44.19,42.07,33.59,0.89,0.68,59.7,53.91,32.87,52.37,-9201.08,-4015.03,18.09,54.1,95.4,-9.0,-8.1
05/15/2026,1630,RCL,260.29,-5.09,-1.92%,263.58,263.90,259.06,45.0,0.47,0.51,300.35,250.38,248.68,285.05,-2105.03,28386.06,6.13,74.1,69.2,-0.1,0.0
05/15/2026,1630,RDNT,52.39,-1.04,-1.95%,53.43,53.88,51.54,33.55,0.36,0.58,65.97,55.11,51.58,59.83,-6105.01,-5154.01,5.01,79.1,47.1,0.0,-0.1
05/15/2026,1630,REAL,9.06,-.29,-3.10%,9.18,9.405,8.93,34.22,0.86,0.93,10.55,11.23,8.03,12.99,-6106.01,-892.03,7.03,58.1,76.4,-1.3,-0.5
05/15/2026,1630,REG,76.06,-.86,-1.12%,76.78,76.86,75.87,36.6,0.16,0.24,74.72,77.42,75.22,79.93,-9113.01,-7587.01,20.01,40.1,53.2,-5.3,-6.1
05/15/2026,1630,REGN,698.25,-14.62,-2.05%,712.69,717.885,693.70,39.33,0.33,0.4,768.75,668.85,679.79,737.42,1101.02,-68895.12,32.12,57.1,66.4,-4.6,0.0
05/15/2026,1630,REXR,34.74,-.52,-1.47%,35.13,35.23,34.525,42.59,0.19,0.25,36.73,35.16,34.62,36.26,-3104.01,-3453.01,5.01,2.1,19.1,-7.1,1.2
05/15/2026,1630,REZ,89.37,-1.85,-2.03%,91.21,91.21,89.37,50.0,0.18,0.12,88.2,88.0,88.6,92.94,-1101.01,9235.02,6.38,1.1,95.2,5.6,12.4
05/15/2026,1630,RGTI,17.85,-1.42,-7.37%,18.44,18.47,17.55,50.0,0.9,0.97,15.26,15.3,16.14,21.14,-1101.01,2102.04,4.31,20.2,41.2,0.0,3.0
05/15/2026,1630,RH,123.17,-4.70,-3.68%,126.97,127.90,122.00,39.92,0.41,0.84,180.7,129.68,119.38,135.67,-1103.01,-12150.09,19.09,63.2,4.1,-8.7,0.0
05/15/2026,1630,RHP,104.79,-1.19,-1.12%,105.61,105.61,103.925,51.99,0.23,0.24,98.96,100.84,102.25,112.72,-2104.01,11170.06,6.31,18.1,33.1,0.0,7.1
05/15/2026,1630,RIOT,23.49,-1.13,-4.59%,23.712,24.145,23.08,64.57,0.9,0.89,15.05,15.31,18.04,28.51,7211.05,2586.05,5.12,31.1,76.2,17.1,5.7
05/15/2026,1630,RIVN,13.79,-.73,-5.03%,14.05,14.145,13.66,36.12,0.47,0.63,14.7,15.88,12.5,16.05,-7101.06,-1364.04,18.09,15.1,49.1,-12.4,-4.9
05/15/2026,1630,ROBO,84.99,-1.95,-2.24%,85.29,85.55,84.59,61.78,0.27,0.3,76.9,78.2,79.78,90.15,13212.04,8750.03,5.33,91.2,83.1,15.4,8.9
05/15/2026,1630,ROK,448.74,-7.80,-1.71%,445.47,449.865,442.24,64.18,0.41,0.32,386.39,396.3,401.47,491.21,6209.05,46211.05,5.13,44.1,85.4,15.2,0.3
05/15/2026,1630,ROKU,124.02,-1.83,-1.45%,122.56,125.65,121.80,60.7,0.39,0.47,83.46,110.1,114.39,136.72,7101.05,13139.05,6.34,9.1,42.1,6.3,7.0
05/15/2026,1630,ROST,212.75,-.52,-0.24%,213.26,214.78,211.3325,38.78,0.24,0.42,197.16,223.82,207.18,231.67,-8107.01,-21133.01,7.02,100.4,62.2,0.1,-1.9
05/15/2026,1630,RRC,42.46,+.97,+2.34%,41.91,42.47,41.63,52.55,0.27,0.39,36.8,42.18,39.77,43.73,-6201.03,-4041.04,12.06,58.1,20.1,-0.1,-0.4
05/15/2026,1630,RRR,51.44,-.12,-0.23%,51.69,51.93,50.9104,38.22,0.31,0.42,59.27,51.59,49.67,55.33,-12105.02,-5091.01,28.09,66.1,46.1,-4.8,-5.3
05/15/2026,1630,RSI,26.77,-.40,-1.47%,26.97,27.10,26.47,58.08,0.63,0.52,17.54,23.42,24.98,30.4,-2104.02,2924.09,11.25,27.1,84.4,0.0,12.5
05/15/2026,1630,RSP,201.56,-2.10,-1.03%,202.60,202.92,201.4499,50.08,0.09,0.17,201.05,199.7,200.46,205.52,-1101.01,20482.05,5.34,83.1,9.1,0.0,0.6
05/15/2026,1630,RSPG,107.47,+2.0341,+1.93%,106.47,107.50,106.415,57.53,0.27,0.24,95.72,103.58,100.2,110.64,1202.01,-10039.07,12.07,83.1,96.4,0.0,2.1
05/15/2026,1630,RSPU,77.25,-1.80,-2.28%,78.77,78.77,77.245,33.79,0.18,0.08,80.79,80.41,76.66,81.63,-6108.01,-7725.01,11.01,0.1,100.2,-6.1,-4.5
05/15/2026,1630,RTO,31.53,-.64,-1.99%,31.62,31.69,31.45,35.39,0.19,0.4,30.22,32.85,31.42,34.23,-6106.01,-3145.01,8.01,56.1,3.1,0.0,-2.0
05/15/2026,1630,RUT,2793.2986,-69.7875,-2.44%,2839.3166,2839.3166,2791.4965,52.76,0.18,0.25,2600.99,2725.23,2750.11,2920.76,7101.05,288821.05,5.34,73.1,40.1,2.0,3.0
05/15/2026,1630,RVLV,18.61,+.10,+0.54%,18.50,18.97,18.40,30.6,0.76,0.57,22.12,25.17,15.05,23.1,-10115.03,-1735.03,21.05,26.1,99.4,-19.2,-26.0
05/15/2026,1630,RVX,25.01,+1.71,+7.34%,24.81,25.50,24.37,51.56,0.69,NaN,24.22,22.92,22.29,25.25,5205.01,2550.01,1.08,0.0,31.1,-2.2,0.0
05/15/2026,1630,S,16.86,+.35,+2.12%,16.44,17.375,16.255,66.24,0.47,0.76,12.24,13.89,14.52,17.6,12211.01,1738.01,1.25,94.2,48.1,10.2,5.5
05/15/2026,1630,SBAC,199.62,-1.59,-0.79%,200.70,203.03,196.78,36.8,0.27,0.38,195.55,213.23,199.22,224.83,-4105.01,-19678.01,8.01,96.3,61.1,0.0,0.0
05/15/2026,1630,SBUX,106.815,+.415,+0.39%,105.75,107.88,105.00,65.54,0.33,0.31,93.55,96.45,100.57,111.73,5213.08,10888.02,10.14,13.1,80.2,3.0,4.1
05/15/2026,1630,SCJ,104.84,-1.49,-1.40%,105.32,105.35,104.7601,60.39,0.18,0.12,104.49,98.6,99.82,108.73,6209.04,10664.02,5.16,4.1,78.1,5.7,5.8
05/15/2026,1630,SE,88.23,-.10,-0.11%,88.20,90.27,87.72,50.64,0.62,0.53,102.54,81.88,81.64,95.61,3102.02,9997.03,3.05,50.1,84.2,0.3,0.0
05/15/2026,1630,SFD,25.01,+.08,+0.32%,25.00,25.49,24.98,32.79,0.28,0.29,24.06,25.74,23.6,26.54,-5115.1,-2463.03,31.11,28.1,71.3,-14.1,-11.0
05/15/2026,1630,SFM,85.51,-1.455,-1.67%,88.56,88.75,85.01,62.4,0.61,0.46,65.01,69.29,75.72,93.8,7212.03,9153.03,3.13,51.1,92.4,22.9,1.5
05/15/2026,1630,SG,8.09,+1.20,+17.42%,6.84,8.105,6.79,70.56,0.78,0.8,5.25,6.58,6.23,7.69,1202.01,811.01,1.03,33.1,67.1,0.0,0.0
05/15/2026,1630,SHAK,60.41,-1.47,-2.38%,60.89,62.02,59.93,21.99,1.23,0.5,87.5,98.58,46.58,89.89,-9111.04,-5993.01,11.04,44.1,98.4,-7.4,-33.9
05/15/2026,1630,SHEL,85.36,+.85,+1.01%,84.405,85.475,84.335,42.0,0.24,0.27,79.06,86.09,81.77,90.4,-4108.05,-8382.06,29.06,76.1,79.2,-4.4,-7.2
05/15/2026,1630,SHO,10.15,-.21,-2.03%,10.34,10.34,10.115,58.35,0.22,0.31,9.13,9.61,9.68,10.72,15101.05,1056.05,5.3,53.1,16.1,7.0,6.1
05/15/2026,1630,SHOC,104.6225,-4.4075,-4.04%,105.00,106.3034,104.6225,65.59,0.4,NaN,76.38,91.42,95.31,113.49,12213.05,10937.02,6.33,0.0,91.2,18.5,6.1
05/15/2026,1630,SHOO,38.79,-.70,-1.77%,39.12,39.391,38.44,53.48,0.39,0.57,34.52,36.58,36.44,41.14,4202.05,4097.05,5.1,53.1,37.1,0.2,0.0
05/15/2026,1630,SHOP,100.28,+2.86,+2.94%,97.50,101.4499,96.00,37.06,0.79,0.57,112.49,118.35,85.89,124.35,-9109.02,-9400.02,19.03,46.1,88.4,-12.3,-16.6
05/15/2026,1630,SHY,82.06,-.10,-0.12%,82.091,82.10,82.06,36.26,0.02,0.03,82.97,82.36,81.91,82.43,-5114.09,-8206.01,21.09,76.1,40.1,-7.7,-8.5
05/15/2026,1630,SHYG,42.25,-.15,-0.35%,42.30,42.32,42.23,40.99,0.03,NaN,42.75,42.48,42.16,42.64,-7111.01,-4223.01,26.01,4.1,33.1,-4.9,-3.7
05/15/2026,1630,SIL,91.60,-7.48,-7.55%,93.88,93.88,90.30,45.32,0.61,0.54,98.89,86.04,83.74,107.6,-1101.01,10419.03,3.13,63.1,78.1,1.5,0.0
05/15/2026,1630,SILJ,30.19,-2.72,-8.26%,31.11,31.135,29.855,45.62,0.65,0.61,32.82,28.23,27.48,35.77,-1101.01,3473.03,3.13,57.1,75.1,2.1,0.0
05/15/2026,1630,SITM,774.06,-46.15,-5.63%,783.10,794.36,759.8008,67.05,1.08,0.85,388.0,502.78,594.88,1000.24,-1101.01,90181.05,5.33,73.1,100.4,28.8,4.0
05/15/2026,1630,SIVR,72.54,-6.82,-8.59%,73.25,73.575,72.05,46.48,0.61,0.58,72.56,67.4,66.43,86.2,-1101.01,8498.03,3.13,67.1,78.1,4.8,0.0
05/15/2026,1630,SJM,100.54,+1.44,+1.45%,100.09,100.855,98.92,60.97,0.18,0.31,104.27,94.78,96.22,102.64,5207.02,10199.02,2.07,67.3,9.1,3.0,1.5
05/15/2026,1630,SKYY,128.50,+.40,+0.31%,126.50,130.03,126.11,64.25,0.3,0.37,105.24,116.29,118.58,136.13,-1202.03,13111.07,7.25,88.1,79.1,4.1,4.5
05/15/2026,1630,SLG,42.45,-1.01,-2.32%,42.78,42.94,41.31,49.97,0.33,0.55,36.24,41.75,41.49,45.89,-1104.01,-4131.01,5.01,84.1,40.1,0.0,0.5
05/15/2026,1630,SLV,69.04,-6.47,-8.57%,69.74,70.06,68.545,46.49,0.61,0.62,69.07,64.13,63.21,82.05,-1101.01,8086.03,3.13,69.1,78.1,4.8,0.0
05/15/2026,1630,SLX,105.89,-3.4255,-3.13%,106.38,106.38,105.00,56.82,0.26,0.29,97.7,100.94,101.14,112.8,-1101.01,11003.03,6.49,63.2,76.1,13.6,6.3
05/15/2026,1630,SMCI,31.04,-1.99,-6.02%,31.60,31.96,30.64,53.61,1.04,0.81,29.35,25.46,26.07,37.83,4101.05,3637.05,5.38,46.1,92.1,6.4,2.4
05/15/2026,1630,SMH,556.34,-22.00,-3.80%,560.305,565.88,552.9101,66.13,0.4,0.5,405.56,483.29,504.04,606.53,12232.05,58117.02,7.33,99.2,98.2,15.5,5.0
05/15/2026,1630,SMIN,66.24,-.37,-0.56%,66.29,66.4399,65.95,50.52,0.22,0.22,66.55,65.84,65.05,68.9,-2105.03,-6545.04,6.04,73.1,75.1,0.0,0.0
05/15/2026,1630,SMPL,11.55,+.01,+0.09%,11.78,11.855,11.435,36.32,0.5,0.53,15.36,13.11,10.35,13.56,-6110.03,-1101.03,14.03,65.1,83.1,-2.6,0.0
05/15/2026,1630,SN,105.63,-1.07,-1.00%,105.23,107.87,104.405,40.41,0.35,0.5,123.16,111.78,100.92,118.58,-8108.01,-10283.03,9.03,49.1,40.1,-0.1,-2.3
05/15/2026,1630,SNAP,5.53,+.17,+3.17%,5.33,5.63,5.26,46.99,0.55,0.71,4.65,5.76,5.25,6.31,-7105.01,-526.01,7.01,49.1,56.1,-1.3,0.0
05/15/2026,1630,SNDR,31.94,-1.27,-3.82%,32.74,32.93,31.34,60.16,0.58,0.35,26.72,30.16,28.58,32.84,1202.01,3293.01,1.02,21.1,98.2,0.0,0.0
05/15/2026,1630,SNOW,157.47,+6.71,+4.45%,149.97,159.83,149.07,58.05,0.56,0.87,154.63,133.02,138.06,161.77,6207.01,15983.01,1.08,98.4,69.1,0.0,4.0
05/15/2026,1630,SOFI,15.61,-.41,-2.56%,15.70,15.84,15.38,41.09,0.71,0.58,17.58,15.5,13.82,17.53,-3101.11,-1522.03,21.11,3.1,86.4,-14.4,-0.4
05/15/2026,1630,SOLZ,9.00,-.37,-3.95%,9.13,9.13,8.92,51.13,0.48,0.65,7.68,8.18,8.22,10.1,-1101.01,993.05,5.13,30.1,6.1,8.3,0.0
05/15/2026,1630,SOYB,24.70,-.26,-1.04%,24.71,24.83,24.62,48.81,0.13,0.15,23.19,24.52,24.53,25.45,-1102.01,-2462.01,3.01,27.1,54.1,10.6,4.1
05/15/2026,1630,SPDN,8.80,+.10,+1.15%,8.78,8.82,8.75,32.83,0.11,NaN,9.35,9.02,8.58,9.1,-14133.02,-868.02,34.05,68.2,25.1,-10.0,-4.9
05/15/2026,1630,SPG,200.02,-2.78,-1.37%,202.28,202.28,199.50,49.17,0.21,0.25,198.27,198.41,198.87,205.52,-2103.01,-19950.01,3.01,49.1,71.1,0.0,1.2
05/15/2026,1630,SPGI,403.15,-.77,-0.19%,406.00,411.57,401.475,32.16,0.2,0.34,400.52,424.14,397.18,436.21,-11116.01,-40148.01,14.01,76.1,40.1,-7.9,-6.0
05/15/2026,1630,SPHD,49.08,-.45,-0.91%,49.68,49.695,49.0397,41.49,0.12,0.24,51.54,49.22,49.0,50.31,-4106.01,-4904.01,11.01,98.1,56.2,0.0,0.0
05/15/2026,1630,SPHR,134.33,-.51,-0.38%,133.06,136.76,130.98,52.36,0.57,0.56,110.5,126.32,125.96,144.85,-2107.04,-12411.04,8.04,47.1,74.1,0.0,0.0
05/15/2026,1630,SPLV,72.34,-.60,-0.82%,73.12,73.18,72.31,38.37,0.1,0.13,75.36,73.59,71.81,74.33,-6110.01,-7231.03,11.03,77.1,63.3,-2.2,-6.2
05/15/2026,1630,SPMO,143.48,-4.04,-2.74%,144.275,144.87,143.21,66.85,0.26,0.21,116.76,128.65,134.11,152.3,16216.05,14787.02,5.34,84.2,95.2,21.9,11.0
05/15/2026,1630,SPOT,436.94,+4.40,+1.02%,439.03,446.71,432.32,40.66,0.55,0.49,453.68,420.53,389.6,459.61,2204.01,-41124.08,21.12,63.1,79.1,-14.8,0.0
05/15/2026,1630,SPX,7408.50,-92.74,-1.24%,7445.11,7454.85,7397.50,67.15,0.11,0.18,6815.43,7107.86,7173.83,7588.17,14233.02,751712.02,2.34,62.1,43.1,8.9,12.9
05/15/2026,1630,SPY,739.17,-9.00,-1.20%,741.79,743.46,737.96,67.93,0.11,0.19,680.0,708.37,715.46,756.82,14233.02,74953.02,2.34,67.1,41.1,9.0,13.1
05/15/2026,1630,STKL,6.50,0,0.00%,0,0,0,65.19,0.03,0.18,4.64,6.47,6.47,6.51,-2201.01,-647.01,6.01,1.1,3.1,0.0,0.0
05/15/2026,1630,STLD,229.34,-5.34,-2.28%,230.05,231.33,226.75,58.69,0.36,0.41,187.06,220.81,223.98,243.63,-1101.01,-22675.01,17.01,56.1,62.1,0.0,2.0
05/15/2026,1630,STZ,142.35,+1.74,+1.24%,141.64,143.14,139.63,36.67,0.31,0.31,149.79,150.22,135.08,156.12,-11120.02,-13910.03,24.03,31.1,61.1,-9.2,-16.0
05/15/2026,1630,SU,68.29,+1.50,+2.25%,67.32,68.375,67.08,60.24,0.37,0.38,54.99,64.08,62.74,70.2,1204.01,-6274.07,9.07,85.3,97.4,0.0,2.1
05/15/2026,1630,SVV,7.13,-.16,-2.19%,7.22,7.3189,7.09,33.58,0.49,0.91,8.96,8.07,6.68,8.7,-10107.02,-696.03,19.03,81.1,67.3,-2.5,-7.2
05/15/2026,1630,SWBI,15.34,+.19,+1.25%,15.04,15.58,14.97,60.36,0.25,0.54,11.46,15.0,14.14,15.7,1202.01,1558.01,1.03,68.4,33.1,0.0,-1.3
05/15/2026,1630,SWKS,68.53,+1.47,+2.19%,65.71,69.89,65.66,58.64,0.71,0.52,58.14,60.76,61.11,74.2,16201.09,7281.09,9.31,76.1,100.4,0.0,4.3
05/15/2026,1630,SXT,113.93,-3.31,-2.82%,116.66,117.00,113.82,56.65,0.85,0.39,88.85,109.01,108.95,122.1,-2101.03,12935.14,14.49,85.1,96.4,0.0,17.2
05/15/2026,1630,SYF,71.38,+.12,+0.17%,71.20,71.99,70.41,44.03,0.25,0.32,68.2,74.58,67.89,76.67,-8117.03,-6935.03,19.03,19.1,35.1,-6.7,-5.2
05/15/2026,1630,SYY,72.57,-.48,-0.66%,73.06,73.22,72.44,40.24,0.18,0.24,88.0,71.56,71.23,74.5,1101.02,-7158.07,19.07,61.1,36.1,-7.1,-0.8
05/15/2026,1630,T,24.03,-.62,-2.52%,24.86,24.93,24.03,29.26,0.23,0.27,27.54,25.46,23.86,26.37,-7110.01,-2403.01,34.01,47.1,58.1,-1.6,-0.3
05/15/2026,1630,TAN,64.96,+.01,+0.02%,62.52,65.50,61.81,68.44,0.36,0.44,58.17,55.45,57.25,67.08,16212.01,6550.01,2.29,67.2,46.1,13.6,6.3
05/15/2026,1630,TAP,40.84,+.03,+0.07%,41.15,41.44,40.73,37.61,0.24,0.33,46.3,41.85,40.03,43.14,-2106.02,-4068.02,6.02,56.1,46.1,-7.1,-4.0
05/15/2026,1630,TBIL,49.94,+.02,+0.04%,49.94,49.94,49.93,58.33,0.01,NaN,49.95,49.84,49.82,49.96,3206.01,4994.01,1.11,0.2,37.2,-12.1,0.0
05/15/2026,1630,TCEHY,58.69,-.20,-0.34%,58.87,59.48,58.54,38.3,0.29,NaN,66.48,59.9,57.93,61.46,-2102.01,6199.03,3.12,0.0,55.1,-10.4,0.0
05/15/2026,1630,TCNNF,7.2600,-.73,-9.14%,8.0739,8.0739,7.1700,41.72,1.12,NaN,5.99,8.4,7.01,10.25,-5107.01,-717.01,14.01,0.0,79.4,0.0,0.0
05/15/2026,1630,TEAM,87.46,+6.60,+8.16%,82.10,89.19,82.10,58.74,1.15,0.73,67.85,66.55,69.67,104.29,-1201.03,9500.07,9.25,64.1,97.4,0.5,5.5
05/15/2026,1630,TEVA,34.29,-1.02,-2.89%,34.79,34.88,33.61,53.29,0.47,0.42,33.14,30.58,32.93,38.38,-2102.01,-3361.01,10.01,49.1,84.4,4.2,12.4
05/15/2026,1630,TFLO,50.56,0,0.00%,50.56,50.57,50.56,51.41,0.01,0.02,50.57,50.6,50.45,50.61,1204.02,-5050.1,12.09,59.2,17.2,-0.8,-2.8
05/15/2026,1630,TGS,29.42,-.22,-0.74%,29.75,29.96,29.01,42.0,0.38,0.56,28.26,29.88,28.6,31.2,-5104.01,-2901.01,8.02,24.1,38.2,-1.5,0.0
05/15/2026,1630,TGT,121.54,-1.54,-1.25%,123.44,123.48,120.50,44.43,0.3,0.45,112.81,125.33,116.84,131.54,-5107.03,-11912.03,8.03,68.4,48.2,0.0,0.0
05/15/2026,1630,THC,196.66,-1.89,-0.95%,198.89,200.66,194.80,54.43,0.4,0.45,226.06,168.11,178.2,206.33,6210.02,20089.02,3.12,63.1,68.1,0.1,0.0
05/15/2026,1630,THD,71.09,-2.11,-2.88%,71.46,71.46,70.97,51.82,0.27,0.26,71.09,68.97,69.17,73.54,2101.02,7358.02,2.17,60.1,79.1,0.0,2.9
05/15/2026,1630,TIGR,6.16,-.32,-4.94%,6.30,6.33,6.15,40.16,0.56,0.76,7.53,6.5,6.06,6.85,-9102.01,-615.01,21.01,71.4,55.2,-5.8,-2.5
05/15/2026,1630,TIP,110.61,-.40,-0.36%,110.60,110.66,110.47,38.21,0.03,0.07,110.99,111.32,110.51,111.62,-6105.01,-11047.01,16.01,91.4,13.1,-4.4,-1.6
05/15/2026,1630,TJX,147.43,+.08,+0.05%,147.82,148.37,147.10,30.65,0.14,0.28,154.8,155.15,143.6,158.79,-16120.02,-14640.02,26.02,84.3,27.1,0.0,-12.4
05/15/2026,1630,TKO,190.07,-2.43,-1.26%,192.30,192.94,187.73,51.84,0.23,0.36,203.16,180.53,182.46,192.52,2202.01,19294.01,1.03,51.1,16.1,0.0,0.0
05/15/2026,1630,TKR,114.49,-2.25,-1.93%,116.56,116.56,113.445,56.96,0.42,0.39,105.37,105.59,106.43,123.88,4101.05,11919.05,6.45,78.1,93.4,8.4,2.4
05/15/2026,1630,TLT,83.66,-1.26,-1.48%,83.87,83.97,83.59,31.25,0.09,0.14,88.93,85.39,83.73,86.44,-3105.01,-8359.01,17.01,62.1,21.1,-2.2,-8.2
05/15/2026,1630,TME,8.47,-.13,-1.51%,8.56,8.66,8.435,29.74,0.37,0.46,14.22,8.91,8.45,9.59,-9107.01,-844.01,4.01,49.1,46.1,-7.3,-0.4
05/15/2026,1630,TMO,438.34,-9.87,-2.20%,444.02,444.95,437.32,33.16,0.41,0.32,498.42,461.0,435.54,477.33,-8105.01,-43732.01,19.01,58.1,79.4,-21.2,0.0
05/15/2026,1630,TMUS,185.22,-2.97,-1.58%,190.77,191.44,185.10,37.31,0.35,0.31,212.05,182.01,182.95,200.18,-2103.01,-18510.01,12.01,58.1,93.4,-0.4,0.0
05/15/2026,1630,TNET,40.52,+.88,+2.22%,40.30,41.38,39.70,49.12,0.51,0.52,33.6,39.95,38.14,45.02,-3105.02,-3917.02,10.02,66.1,87.1,0.0,0.0
05/15/2026,1630,TNX:CGI,45.95,+1.34,+3.00%,45.48,45.99,45.46,69.79,0.16,NaN,40.18,43.1,43.31,45.83,11205.01,4599.01,1.21,0.0,58.1,7.9,5.3
05/15/2026,1630,TOKE,5.24,0,0.00%,0,0,0,45.92,0.28,0.88,5.85,4.96,5.12,5.4,-1102.02,-508.02,16.02,56.2,35.2,-0.6,0.5
05/15/2026,1630,TOST,23.05,-.02,-0.09%,23.19,23.56,22.83,33.09,0.7,0.55,24.35,27.84,20.4,29.73,-5106.02,-2229.02,7.02,52.1,98.4,-0.7,-4.1
05/15/2026,1630,TPB,89.56,-1.68,-1.84%,90.75,92.00,89.34,56.0,0.86,0.53,129.89,75.47,77.36,99.78,7212.04,9696.05,5.17,74.1,82.3,8.8,8.0
05/15/2026,1630,TPL,385.17,-3.33,-0.86%,384.97,391.02,383.0001,31.42,0.3,0.46,425.05,425.93,361.97,446.17,-8111.02,-37830.02,7.02,51.1,10.1,0.0,-0.8
05/15/2026,1630,TPR,129.32,-.92,-0.71%,128.86,130.64,128.48,36.39,0.55,0.42,149.64,141.5,121.79,148.48,-4107.04,-12834.04,21.04,45.1,90.4,-6.4,-11.3
05/15/2026,1630,TPYP,43.45,+.08,+0.18%,43.43,43.6394,43.30,62.74,0.17,0.21,40.21,41.31,41.31,44.07,2204.01,4364.01,11.21,48.1,98.4,0.0,7.3
05/15/2026,1630,TRIP,9.46,-.14,-1.46%,9.57,9.69,9.435,32.69,0.47,0.6,9.89,10.69,8.75,11.55,-5106.02,-911.03,7.03,53.1,46.1,0.1,-11.0
05/15/2026,1630,TRP,68.24,+.10,+0.15%,67.84,68.30,67.33,70.43,0.22,0.21,61.21,61.85,63.71,70.31,6204.1,6830.01,11.21,13.1,87.4,4.6,19.0
05/15/2026,1630,TRU,66.26,+.08,+0.12%,66.65,67.735,66.03,37.4,0.31,0.5,70.65,68.66,65.02,72.56,-3105.01,-6603.01,19.01,74.1,28.1,-14.6,-0.5
05/15/2026,1630,TSLA,422.24,-21.06,-4.75%,433.98,434.66,422.00,57.96,0.39,0.5,394.04,364.02,376.27,470.09,9101.02,45340.03,3.27,22.2,31.2,7.1,4.3
05/15/2026,1630,TSM,404.35,-13.37,-3.20%,406.50,409.87,398.83,56.28,0.44,0.48,357.44,384.7,389.05,421.73,1101.02,42197.02,2.03,73.1,84.2,0.0,10.6
05/15/2026,1630,TSN,65.79,-.87,-1.31%,66.98,67.31,65.62,50.6,0.32,0.28,61.8,63.02,63.07,70.8,2102.08,6893.08,8.1,63.1,90.4,2.5,0.0
05/15/2026,1630,TT,466.60,-15.07,-3.13%,473.96,473.96,464.8739,48.36,0.28,0.31,452.01,475.82,458.49,490.48,-7101.01,-46405.04,7.04,69.1,65.1,-1.0,0.0
05/15/2026,1630,TTD,21.15,+.74,+3.63%,20.46,21.17,20.40,41.07,0.58,0.67,23.78,22.86,19.3,25.18,-6108.01,-2004.02,8.02,49.1,71.1,0.0,0.0
05/15/2026,1630,TTE,92.28,+.86,+0.94%,91.20,92.29,91.17,56.6,0.23,0.28,77.0,88.71,88.31,94.61,-3204.06,-8773.07,12.07,71.1,57.3,0.0,5.0
05/15/2026,1630,TTWO,242.44,+.03,+0.01%,243.77,246.2399,240.29,75.95,0.34,0.66,192.63,208.75,213.85,245.19,8211.01,24624.01,1.35,100.4,76.1,3.9,3.9
05/15/2026,1630,TUA,20.55,-.13,-0.63%,20.58,20.58,20.53,33.17,0.07,0.23,21.83,20.77,20.49,21.01,-10105.01,-2053.01,21.01,85.2,58.1,-9.2,-6.1
05/15/2026,1630,TUR,41.27,-.92,-2.18%,41.28,41.50,41.06,43.58,0.21,0.38,40.65,41.78,41.22,43.99,-3104.01,-4106.01,5.01,77.1,44.1,0.0,0.0
05/15/2026,1630,TWLO,198.29,+.25,+0.13%,197.79,201.49,193.00,73.94,0.85,0.5,105.6,139.06,166.01,233.1,13101.06,20371.06,7.25,42.1,89.4,15.9,19.7
05/15/2026,1630,TXG,21.20,-.32,-1.49%,21.11,21.72,20.82,46.49,0.65,0.74,18.32,19.53,19.86,22.81,1101.02,2252.02,2.03,23.1,53.1,-7.1,0.0
05/15/2026,1630,TXRH,177.97,+.91,+0.51%,179.32,181.97,176.35,62.29,0.48,0.29,173.06,156.92,154.56,192.42,5206.03,18345.03,3.09,38.1,98.4,14.4,0.0
05/15/2026,1630,TXT,88.77,-2.77,-3.03%,90.99,91.14,88.72,43.39,0.35,0.29,95.67,87.54,87.08,95.61,-1104.01,9500.1,10.14,59.1,90.4,0.0,0.0
05/15/2026,1630,TYX:CGI,51.28,+1.16,+2.31%,50.95,51.31,50.92,68.18,0.12,NaN,46.78,49.18,49.15,51.12,3205.01,5131.01,1.27,0.0,47.1,7.5,3.0
05/15/2026,1630,U,27.16,-.12,-0.44%,26.99,27.855,26.7001,58.68,0.5,0.71,16.78,25.14,26.11,28.17,1202.01,-2576.03,5.03,26.1,12.1,-0.1,4.7
05/15/2026,1630,UA,4.99,+.03,+0.60%,4.95,5.12,4.91,31.8,0.78,0.45,7.25,5.89,4.55,6.44,-5105.01,-488.02,7.02,10.1,91.4,0.0,-7.0
05/15/2026,1630,UAA,5.12,+.02,+0.39%,5.10,5.255,5.06,31.74,0.79,0.58,7.42,6.1,4.65,6.66,-4105.02,-500.02,7.02,44.1,90.4,0.0,-6.3
05/15/2026,1630,UAE,18.92,-.12,-0.63%,18.95,19.00,18.84,44.81,0.24,0.22,21.48,19.1,18.64,19.68,-3105.01,-1884.03,6.03,86.1,76.1,-3.9,0.0
05/15/2026,1630,UAL,92.85,-3.17,-3.30%,94.26,94.66,92.76,46.22,0.45,0.54,106.7,87.95,87.86,102.89,-1101.01,10115.06,6.13,52.1,35.1,0.5,0.0
05/15/2026,1630,UBER,75.09,+.40,+0.54%,74.31,75.565,73.63,50.19,0.38,0.36,69.95,72.78,72.45,78.42,-2103.01,-7288.02,7.02,17.1,89.4,-0.3,0.8
05/15/2026,1630,UFO,56.25,-1.72,-2.97%,56.41,57.12,55.70,61.34,0.44,0.48,43.41,48.86,49.51,59.72,5206.02,5833.02,2.13,87.2,81.2,0.7,0.0
05/15/2026,1630,UGA,122.74,+2.85,+2.38%,120.91,123.02,120.91,64.86,0.39,0.61,69.45,110.81,113.24,126.9,1205.04,12460.1,13.21,80.1,84.1,0.0,9.0
05/15/2026,1630,UHAL,48.67,-1.00,-2.01%,49.45,49.46,48.465,38.66,0.25,0.25,49.51,50.07,48.29,53.21,-3104.01,-4847.01,6.01,1.1,37.1,-3.7,-2.0
05/15/2026,1630,UHS,168.64,-2.03,-1.19%,172.05,172.7499,167.47,41.44,0.44,0.33,227.45,159.0,161.02,175.96,-8204.1,-16309.1,26.12,32.1,86.3,-8.0,0.0
05/15/2026,1630,UL,56.24,-.5551,-0.98%,56.94,56.97,56.19,38.77,0.24,0.25,71.77,56.79,55.89,59.88,-2106.01,-5619.01,8.01,65.1,75.1,0.0,0.0
05/15/2026,1630,ULS,99.00,-1.60,-1.59%,99.70,100.015,98.66,59.67,0.62,0.42,69.77,86.45,89.31,110.22,5101.07,10485.07,7.26,68.1,95.4,6.4,4.3
05/15/2026,1630,ULTA,494.28,-4.00,-0.80%,496.03,503.50,492.49,33.04,0.28,0.52,663.52,524.0,480.5,542.16,-7115.01,-48744.03,18.03,100.4,52.1,-11.8,-12.0
05/15/2026,1630,UNG,11.33,+.17,+1.52%,11.30,11.375,11.15,56.51,0.4,0.52,11.38,10.11,10.29,11.56,4207.01,1138.01,1.12,9.1,20.1,0.2,0.4
05/15/2026,1630,UNH,393.85,-5.24,-1.31%,394.30,397.63,390.25,76.94,0.31,0.32,271.8,348.95,364.84,410.79,13207.02,40415.03,3.34,4.1,41.1,13.9,15.0
05/15/2026,1630,UNP,270.56,+1.22,+0.45%,269.00,270.72,267.12,63.83,0.34,0.26,260.57,263.1,262.61,271.02,3202.01,27072.01,1.41,76.1,98.4,0.0,17.5
05/15/2026,1630,UPBD,17.13,-.28,-1.61%,17.37,17.675,16.97,34.91,0.34,0.58,20.01,18.73,16.63,19.56,-8111.01,-1697.01,12.01,65.1,3.1,-4.5,-2.8
05/15/2026,1630,UPS,98.93,+.51,+0.52%,98.165,99.31,97.53,43.1,0.47,0.3,112.95,100.45,91.33,106.92,-3110.08,-9652.09,11.09,23.1,96.4,-3.1,-10.1
05/15/2026,1630,UPST,29.51,-.20,-0.67%,29.055,30.67,28.40,48.19,0.68,0.82,26.8,29.8,25.59,33.14,-6202.03,-2622.03,19.03,43.1,50.1,-7.4,-1.8
05/15/2026,1630,URA,49.93,-2.57,-4.90%,50.85,50.875,49.775,40.89,0.62,0.54,51.6,52.65,49.82,58.3,-4104.01,-4978.01,7.01,47.1,92.2,-2.3,0.0
05/15/2026,1630,URBN,68.95,+.16,+0.23%,67.81,69.898,67.81,49.44,0.36,0.69,63.51,67.51,65.69,72.22,-5105.03,-6510.03,19.03,95.4,37.3,-9.7,0.0
05/15/2026,1630,URI,961.15,-11.81,-1.21%,967.70,969.01,949.745,62.46,0.79,0.35,852.26,942.83,924.15,975.26,2202.01,96901.01,1.31,47.1,100.4,0.0,24.3
05/15/2026,1630,URNJ,27.68,-1.30,-4.49%,28.25,28.3299,27.55,39.18,0.65,0.57,32.45,29.87,27.68,32.98,-4104.01,-2755.01,5.01,49.1,71.1,-3.6,-0.1
05/15/2026,1630,URNM,60.15,-2.35,-3.76%,61.34,61.52,59.40,39.79,0.61,0.53,69.22,64.02,59.68,69.5,-4104.01,-5940.01,7.01,52.1,86.2,-5.4,-0.6
05/15/2026,1630,USCI,101.18,-.1979,-0.20%,100.54,101.2699,100.54,61.85,0.15,0.32,80.96,98.21,98.13,103.37,3205.03,10293.03,3.07,86.1,52.1,8.6,9.8
05/15/2026,1630,USD/JPY,158.772,0,0.00%,0,0,0,57.023,0.102,NaN,157.517,155.765,156.431,159.222,4206.01,15885.02,2.11,0.0,89.4,-3.1,0.0
05/15/2026,1630,USFD,82.38,-1.58,-1.88%,83.76,84.00,82.025,31.88,0.29,0.3,94.61,89.7,78.97,93.3,-5110.03,-8203.01,8.04,61.1,77.1,0.0,-15.0
05/15/2026,1630,USPH,62.81,-2.28,-3.50%,65.16,65.41,62.455,36.72,0.87,0.4,80.86,68.99,52.91,74.9,-3101.05,-5890.05,8.05,58.1,100.4,-3.3,-15.7
05/15/2026,1630,UTI,39.56,-1.94,-4.67%,41.22,41.395,39.295,57.99,0.52,0.48,29.9,35.02,34.98,41.56,4205.01,4140.01,1.06,44.1,58.1,0.8,0.3
05/15/2026,1630,UTZ,7.04,-.05,-0.71%,7.11,7.19,6.92,39.42,0.54,0.44,8.82,7.72,6.69,8.16,-6107.01,-692.01,7.02,46.1,85.2,0.0,-5.3
05/15/2026,1630,UUP,27.77,+.15,+0.54%,27.72,27.77,27.71,62.75,0.06,0.06,26.97,27.34,27.26,27.74,4204.01,2777.01,1.06,6.1,28.1,0.0,0.0
05/15/2026,1630,V,325.75,+3.23,+1.00%,324.00,329.01,323.84,57.62,0.33,0.24,303.08,306.06,312.73,339.8,-1103.06,33585.11,11.15,33.1,100.4,1.3,4.4
05/15/2026,1630,VET,12.80,+.22,+1.75%,12.75,12.87,12.63,52.74,0.59,0.59,10.09,12.49,11.37,13.84,1201.01,-1158.06,12.06,63.1,87.4,0.0,0.0
05/15/2026,1630,VFC,16.68,-.60,-3.47%,17.18,17.335,16.67,35.53,0.48,0.7,19.36,18.09,16.27,19.54,-4105.01,-1667.01,19.01,79.4,48.4,-19.5,-2.8
05/15/2026,1630,VG,14.23,+1.22,+9.38%,13.42,14.40,13.40,58.7,0.91,0.8,8.82,12.02,11.28,14.51,3204.01,1440.01,1.05,22.1,76.2,0.0,0.2
05/15/2026,1630,VGK,85.79,-1.68,-1.92%,86.13,86.30,85.67,46.31,0.22,0.23,88.54,84.82,84.99,89.24,-1101.01,8917.07,7.13,90.1,90.3,0.0,0.0
05/15/2026,1630,VHT,270.62,-3.48,-1.27%,274.00,274.75,270.39,46.17,0.14,0.16,288.23,265.44,267.33,275.77,4101.01,27475.01,1.13,57.1,43.1,0.0,0.0
05/15/2026,1630,VIK,83.70,-3.02,-3.48%,84.10,85.86,82.66,55.01,0.47,0.48,74.6,77.15,78.05,87.4,2203.01,9200.02,2.13,72.3,81.1,0.0,1.6
05/15/2026,1630,VIR,8.79,-.30,-3.30%,8.96,8.98,8.64,37.26,0.49,0.57,7.26,9.94,8.35,10.46,-8114.01,-864.01,19.01,13.1,11.1,-7.1,-4.8
05/15/2026,1630,VIX,18.43,+1.17,+6.78%,18.07,19.27,17.80,48.03,0.76,0.93,17.86,16.87,16.9,19.05,4201.01,1927.01,1.08,23.1,14.1,-1.6,0.3
05/15/2026,1630,VKTX,30.27,-1.44,-4.54%,31.47,31.68,30.18,38.98,0.43,0.62,29.72,28.82,29.64,32.69,-11101.01,-2965.1,23.1,0.1,5.1,-9.9,0.0
05/15/2026,1630,VLO,250.74,+5.97,+2.44%,247.18,251.00,245.88,57.49,0.37,0.42,194.58,236.07,234.75,258.04,-1201.02,-22725.07,11.07,82.1,67.3,0.0,6.0
05/15/2026,1630,VLTO,84.83,-.44,-0.52%,85.62,86.42,84.45,37.13,0.23,0.27,91.37,85.46,84.0,89.33,-5106.01,-8445.01,13.01,76.1,77.1,-3.3,-2.3
05/15/2026,1630,VMC,267.83,-7.26,-2.64%,271.50,274.3999,266.75,33.41,0.24,0.3,297.08,287.06,264.5,297.68,-9107.01,-26675.01,7.01,67.1,63.1,0.0,-3.5
05/15/2026,1630,VNM,19.19,-.30,-1.54%,19.16,19.32,19.16,54.09,0.23,0.21,18.73,18.76,18.73,19.95,-1101.01,1978.06,6.48,30.1,30.1,0.2,1.6
05/15/2026,1630,VNO,30.58,-.49,-1.58%,31.33,31.33,30.03,55.7,0.31,0.39,27.76,29.16,29.24,32.61,4101.05,3222.05,5.09,36.1,42.1,1.7,4.6
05/15/2026,1630,VRNS,28.18,+.96,+3.53%,27.27,28.26,27.01,63.01,0.44,0.58,20.61,24.29,25.58,29.71,14201.06,2953.07,7.25,63.1,68.1,0.0,7.8
05/15/2026,1630,VRT,370.94,-5.29,-1.41%,364.31,373.91,356.27,68.87,0.56,0.7,238.19,293.88,315.96,398.46,11212.02,37994.02,3.33,81.2,65.1,13.6,7.7
05/15/2026,1630,VRTX,436.95,-13.46,-2.99%,453.45,453.45,435.86,49.18,0.22,0.28,463.0,419.71,416.73,456.68,5206.01,45345.01,1.09,26.1,31.1,0.1,-0.8
05/15/2026,1630,VSCO,45.96,-.82,-1.75%,46.10,47.5655,45.25,39.95,0.44,0.87,58.51,50.12,42.67,53.05,-6110.03,-4411.03,18.03,89.4,2.1,-5.6,-5.8
05/15/2026,1630,VTR,87.45,-2.51,-2.79%,91.06,91.06,87.37,53.9,0.27,0.22,85.1,82.7,85.51,90.75,7101.01,9106.01,1.17,33.1,94.4,1.6,8.0
05/15/2026,1630,VVIX,92.94,-1.32,-1.40%,97.66,98.86,92.31,40.94,0.45,NaN,103.76,90.85,90.77,99.61,-1102.01,9886.01,1.24,0.0,2.1,-0.9,1.8
05/15/2026,1630,VVV,32.39,+.01,+0.03%,32.73,33.63,32.36,44.24,0.42,0.31,37.76,32.22,30.81,35.77,-2104.02,3580.05,5.09,8.1,98.4,0.0,-2.5
05/15/2026,1630,VXD,17.28,+1.46,+9.23%,16.63,17.28,15.32,47.8,0.8,NaN,14.32,15.68,15.1,17.61,-1205.01,-1532.01,1.01,0.0,13.1,-4.9,-0.1
05/15/2026,1630,VXN:CGI,25.33,+1.25,+5.19%,25.85,25.88,24.73,55.69,0.57,NaN,22.92,21.4,22.29,25.84,6206.01,2588.01,1.11,0.0,10.1,0.0,0.9
05/15/2026,1630,VXX,27.87,+.22,+0.80%,28.58,28.59,27.64,41.2,0.28,0.68,27.37,28.08,27.35,28.56,3102.01,2859.01,1.06,19.1,14.1,-4.8,0.0
05/15/2026,1630,VZ,46.37,-.69,-1.47%,47.48,47.49,46.3425,41.79,0.21,0.25,47.83,46.26,46.18,48.05,-2103.01,-4634.01,3.01,79.1,64.1,0.0,3.6
05/15/2026,1630,W,58.22,-3.69,-5.96%,61.12,61.695,57.74,31.61,0.66,0.67,71.53,63.85,52.13,70.75,-6115.09,-5774.01,18.1,42.1,69.1,-13.7,-6.2
05/15/2026,1630,WBD,26.98,-.14,-0.52%,27.12,27.14,26.94,42.33,0.09,0.17,28.51,26.6,26.88,27.37,-1102.01,-2694.01,32.01,9.1,3.1,-1.4,0.1
05/15/2026,1630,WCLD,28.6222,+.7122,+2.55%,27.82,29.01,27.82,53.45,0.45,0.25,25.19,26.43,26.71,30.61,-2104.02,-2701.02,7.02,29.1,87.3,0.0,1.1
05/15/2026,1630,WDAY,125.01,+6.26,+5.27%,119.965,125.59,119.965,50.69,0.63,0.78,117.76,117.03,114.74,132.27,-2201.02,-11530.02,7.02,100.4,96.3,0.0,0.0
05/15/2026,1630,WEAT,24.11,-.71,-2.86%,24.50,24.50,24.00,53.22,0.37,0.29,20.92,23.25,22.91,25.67,2101.03,2560.03,3.07,51.1,100.4,7.5,2.8
05/15/2026,1630,WELL,213.74,-4.01,-1.84%,218.115,218.115,213.21,52.21,0.27,0.27,206.32,205.02,211.14,221.11,7101.02,22141.02,2.17,76.1,98.3,0.0,7.1
05/15/2026,1630,WEN,8.02,-.09,-1.11%,8.03,8.12,7.85,63.47,0.74,0.64,7.36,6.68,6.43,8.52,6204.01,832.02,2.09,98.4,94.4,6.0,-0.3
05/15/2026,1630,WEST,8.45,+.09,+1.08%,8.29,8.465,8.08,78.45,1.3,0.7,4.73,5.31,6.0,9.87,14216.03,890.04,4.36,54.1,99.4,30.3,10.8
05/15/2026,1630,WFC,73.42,-.37,-0.50%,73.94,74.06,72.775,33.51,0.26,0.31,82.47,79.34,69.99,82.0,-9111.02,-7278.01,27.03,47.1,56.1,-0.7,-6.2
05/15/2026,1630,WGMI,57.21,-4.34,-7.05%,58.97,59.1999,56.55,60.74,0.74,0.74,37.62,44.6,46.82,67.31,6212.05,6232.02,5.31,35.1,59.1,10.3,4.3
05/15/2026,1630,WGS,40.75,+1.90,+4.89%,38.82,42.10,37.64,33.54,2.55,0.74,78.39,61.26,17.95,62.42,-3201.07,-3498.07,19.07,38.1,99.4,-2.8,-15.2
05/15/2026,1630,WH,79.74,-.91,-1.13%,81.55,81.55,79.64,38.89,0.24,0.37,79.81,80.27,77.65,84.44,1106.07,-7964.01,21.1,60.1,15.1,-10.0,0.0
05/15/2026,1630,WING,129.21,+10.25,+8.62%,119.68,129.73,117.1976,31.49,0.55,0.72,239.79,147.48,100.77,158.36,-9118.07,-11635.02,23.07,73.1,57.1,-23.1,-16.6
05/15/2026,1630,WMS,135.64,-4.45,-3.18%,138.19,139.075,135.45,38.41,0.34,0.55,166.24,145.12,132.38,151.5,-3107.01,-13445.03,19.03,94.4,42.1,-5.6,-7.8
05/15/2026,1630,WMT,131.45,-1.01,-0.76%,133.69,133.95,130.785,56.79,0.21,0.32,121.05,125.91,127.52,134.11,3204.01,13395.01,1.04,78.2,48.1,0.0,0.8
05/15/2026,1630,WOOD,65.11,-2.034,-3.03%,66.26,66.26,65.00,28.63,0.18,0.25,77.76,68.07,65.52,69.71,-4105.01,-6500.01,21.01,68.1,60.1,-15.1,0.0
05/15/2026,1630,WRBY,28.73,-.17,-0.59%,28.12,29.275,27.77,63.03,1.03,0.88,21.35,21.15,20.71,32.8,5207.02,2995.02,5.12,84.3,90.4,7.8,0.0
05/15/2026,1630,WW,10.68,-.34,-3.09%,10.73,10.97,10.10,46.62,1.45,1.15,20.6,9.42,8.94,11.96,-4202.02,-837.06,8.06,62.3,82.4,0.0,0.2
05/15/2026,1630,WWW,15.35,+.13,+0.85%,15.19,15.66,15.10,34.85,0.35,0.65,16.96,16.62,14.72,17.53,-11117.01,-1510.01,19.01,35.1,19.1,-7.5,-8.0
05/15/2026,1630,WY,22.68,-.67,-2.87%,23.38,23.395,22.56,33.82,0.21,0.3,24.07,24.14,22.19,24.53,-7114.01,-2256.01,14.09,50.1,22.1,-4.4,-9.5
05/15/2026,1630,WYFI,24.20,-5.79,-19.31%,26.81,27.10,24.00,60.18,1.43,1.44,16.11,13.9,16.35,32.18,10101.02,3122.02,2.12,NaN,NaN,17.5,5.3
05/15/2026,1630,WYNN,95.42,-.01,-0.01%,95.36,96.24,94.13,32.63,0.27,0.39,105.24,103.65,91.81,109.05,-6106.01,-9413.01,7.01,35.1,19.1,0.0,-5.6
05/15/2026,1630,XBI,130.69,-4.16,-3.08%,133.21,133.67,130.3005,45.52,0.25,0.29,122.94,127.76,128.7,138.18,-1101.01,13810.05,5.11,36.1,60.1,-0.2,0.1
05/15/2026,1630,XHR,15.91,-.49,-2.99%,16.24,16.30,15.81,46.21,0.32,0.3,15.27,15.8,15.77,17.13,-1104.01,-1581.01,5.01,32.1,82.2,0.1,0.3
05/15/2026,1630,XIACY,19.3400,-.86,-4.26%,19.6500,19.6500,19.3400,43.39,0.37,NaN,22.55,18.51,18.68,21.04,-1101.01,2080.03,3.12,0.0,48.1,0.0,0.0
05/15/2026,1630,XLB,50.30,-1.37,-2.65%,51.01,51.19,50.245,41.36,0.18,0.3,52.32,50.8,50.26,52.55,-1101.01,-5025.01,3.01,85.1,82.1,0.0,-0.1
05/15/2026,1630,XLC,116.08,-1.03,-0.88%,116.91,117.04,115.98,50.17,0.12,0.21,113.93,114.7,115.21,117.72,1101.02,11797.02,2.35,77.3,42.1,-3.9,5.8
05/15/2026,1630,XLE,59.44,+1.37,+2.36%,58.70,59.47,58.475,59.05,0.25,0.29,54.19,56.63,55.35,60.55,1202.01,-5546.06,11.06,79.1,90.4,0.0,2.2
05/15/2026,1630,XLF,51.10,-.19,-0.37%,51.32,51.495,51.035,46.56,0.09,0.21,50.24,51.2,50.78,51.95,-5103.02,-5096.03,11.03,63.1,1.1,-3.5,0.0
05/15/2026,1630,XLG,63.55,-.68,-1.06%,63.78,64.045,63.37,73.0,0.12,0.18,56.79,60.16,61.0,64.91,14233.02,6433.02,2.34,78.1,38.1,8.2,16.2
05/15/2026,1630,XLI,171.40,-3.11,-1.78%,172.80,172.80,170.93,48.45,0.21,0.26,174.35,169.23,169.63,176.99,-1101.01,17772.07,7.13,83.2,88.3,0.2,0.5
05/15/2026,1630,XLK,176.26,-3.24,-1.81%,176.21,178.70,174.63,72.53,0.24,0.32,137.89,156.16,162.75,185.87,15232.04,18022.02,5.33,85.2,79.1,24.5,10.8
05/15/2026,1630,XLP,84.64,-.34,-0.40%,85.53,85.59,84.505,57.29,0.13,0.2,87.18,82.27,83.02,85.79,3204.01,8559.01,1.21,79.1,50.1,1.8,7.1
05/15/2026,1630,XLRE,43.23,-.68,-1.55%,43.81,43.84,43.17,44.09,0.15,0.14,43.01,43.33,43.29,44.95,-1103.01,-4317.01,5.01,8.1,64.2,0.0,1.0
05/15/2026,1630,XLU,43.87,-1.03,-2.29%,44.71,44.765,43.825,34.32,0.2,0.17,45.51,45.56,43.53,46.61,-7108.01,-4383.01,11.01,25.1,100.2,-1.4,-2.0
05/15/2026,1630,XLV,145.10,-1.53,-1.04%,146.76,147.155,144.885,47.07,0.15,0.22,155.87,141.97,142.87,147.53,4101.01,14716.01,1.05,88.1,46.1,0.0,0.0
05/15/2026,1630,XLY,116.53,-2.14,-1.80%,117.31,117.37,116.31,46.89,0.13,0.24,113.86,116.13,116.14,120.49,-2104.01,-11631.01,6.01,50.2,3.1,0.0,0.1
05/15/2026,1630,XOM,157.92,+6.17,+4.07%,153.75,158.00,153.00,59.39,0.28,0.33,146.46,147.97,144.83,159.04,2204.01,15800.01,1.05,80.1,78.1,0.0,0.1
05/15/2026,1630,XOP,174.13,+4.91,+2.90%,171.00,174.27,170.8485,54.65,0.34,0.34,145.93,168.76,160.9,181.78,-2201.06,-16382.06,12.06,70.1,91.4,0.0,0.0
05/15/2026,1630,XPEV,15.62,-.50,-3.10%,15.61,15.73,15.46,40.81,0.44,0.62,17.22,15.6,15.23,16.61,-1101.01,1688.03,3.12,47.2,20.1,-5.8,0.0
05/15/2026,1630,XRT,79.09,-1.29,-1.60%,79.99,80.61,79.07,34.45,0.21,0.28,85.43,83.51,77.76,86.53,-7111.01,-7907.01,19.01,77.4,66.4,-3.3,-3.7
05/15/2026,1630,XTL,225.91,-5.85,-2.52%,226.95,229.215,225.5899,57.82,0.31,0.27,174.94,209.21,214.11,237.46,4206.09,23259.02,11.33,78.1,64.1,5.7,3.0
05/15/2026,1630,XYL,108.12,-1.32,-1.21%,108.90,110.295,108.04,30.56,0.28,0.31,126.42,114.15,103.78,118.07,-11107.03,-10804.01,26.12,71.1,73.2,-12.9,-13.9
05/15/2026,1630,XYZ,70.36,-1.17,-1.64%,70.56,71.60,70.16,52.51,0.41,0.48,49.33,67.8,68.54,74.33,-2103.02,-6955.02,5.02,27.1,39.1,0.0,0.0
05/15/2026,1630,YCS,53.57,+.3102,+0.58%,53.43,53.60,53.43,55.52,0.23,0.2,49.71,51.74,51.14,54.38,1204.04,-5159.08,13.08,46.1,82.4,-0.4,0.0
05/15/2026,1630,YELP,21.65,+.57,+2.70%,21.19,21.82,20.80,29.02,0.61,0.41,19.6,27.06,19.91,28.59,-6108.01,-2080.01,7.01,50.1,98.4,-3.8,-2.7
05/15/2026,1630,YPF,43.66,-.51,-1.15%,44.19,44.79,43.41,51.79,0.39,0.44,36.71,42.73,42.27,45.61,2101.03,4518.03,3.05,34.1,34.2,0.0,3.8
05/15/2026,1630,YUM,149.97,-.66,-0.44%,151.39,152.83,149.93,38.5,0.25,0.25,160.68,154.66,146.09,159.84,-6106.03,-14969.03,11.04,69.1,81.4,-4.1,-12.8
05/15/2026,1630,YUMC,45.51,-.47,-1.02%,45.93,46.23,45.51,32.89,0.23,0.29,53.33,47.33,45.3,49.02,-6107.01,-4551.01,8.01,20.1,35.1,-0.4,-2.3
05/15/2026,1630,ZG,38.06,+.20,+0.53%,37.70,38.61,37.26,32.57,0.36,0.69,41.9,42.98,35.89,45.89,-9110.01,-3726.01,19.01,88.1,37.1,-1.3,-0.2
05/15/2026,1630,ZM,100.16,+1.93,+1.96%,98.60,102.47,98.52,55.52,0.46,0.67,82.79,89.71,92.93,115.32,-1104.03,11156.05,9.26,100.4,72.1,0.0,3.9
05/15/2026,1630,ZS,161.05,+7.35,+4.78%,156.89,162.73,152.12,65.53,0.59,0.87,141.56,127.79,132.6,166.12,8211.01,16273.01,1.25,100.4,81.1,5.7,1.8
