Date,Time,Symbol,Last,%Change,Sector,Beta,StandardDeviation,Free Cash Flow Per Share - Current (LTM),52High,52Low,SimpleMovingAvg,SimpleMovingAvg,SimpleMovingAvg,A_MCADays_Streak,A_MACD_BRR,A_MACDH_D_BRR,Volume,A_VolumeSpike,VolumeAvg,VolumeAvg,VolumeRateOfChange,A_Perf2M,A_Perf2Wk,A_Perf3D,A_3mnHigh,A_3mnLow,A_3mnHighLow,A_3wkHighLow,A_EarningsDays,Market Cap
05/22/2026,1630,$COMP,26343.9704,+0.19%,,1.212,312.88,<empty>,26707.1412,18599.6866,25750.55,23926.85,23087.01,-6.0,-0.85,-0.14,<empty>,NaN,NaN,NaN,NaN,21.06,0.37,1.83,26707.06,20690.38,26707.06,26707.06,NaN,0
05/22/2026,1630,$DJI,50579.70,+0.58%,,1,337.85,<empty>,50830.24,41354.09,49617.62,48246.5,47606.38,3.0,0.9,0.44,"463,477,711",-100100.45,5.086015599E8,5.2156694105E8,5.46,9.66,1.96,2.46,50201.06,45057.38,-45057.38,-48709.17,NaN,0
05/22/2026,1630,$DXY,99.319,+0.06%,,<empty>,0.527,<empty>,100.643,95.551,98.606,98.969,98.547,-3.0,0.62,-0.84,<empty>,NaN,NaN,NaN,NaN,0.122,1.509,0.011,101.37,97.6,101.37,-98.12,NaN,0
05/22/2026,1630,/6B[M26],1.3433,+0.06%,,.3089,0.009,<empty>,1.3869,1.3011,1.3503,1.3434,1.3426,3.0,-0.3,0.21,"65,601",-100000.52,96200.9,105426.5625,-22.5728,0.2014,-1.4526,0.2837,1.15,1.37,1.15,-1.04,NaN,0
05/22/2026,1630,/6C[M26],.72410,-0.30%,,.2666,0.00305,<empty>,0.74315,0.70845,0.7317,0.72955,0.72567,-2.0,-0.26,-0.2,"63,452",-300106.5,67558.32,73319.40625,-0.50023,-0.6994,-1.13326,-0.59033,1.53,1.37,-1.37,1.15,NaN,0
05/22/2026,1630,/6E[M26],1.16175,-0.05%,,.1322,0.00656,<empty>,1.21105,1.12215,1.17114,1.16837,1.17094,2.0,-0.38,0.19,"140,270",-200000.52,183193.68,207683.89063,-23.87801,-0.28753,-1.60498,-0.01721,1.25,1.49,1.25,1.12,NaN,0
05/22/2026,1630,/6J[M26],.0062925,-0.08%,,.041,4.01E-5,<empty>,0.007078,0.006243,0.0063416,0.0063282,0.0065008,-12.0,-0.54,-0.2,"105,674",200109.13,150348.22,156076.71875,-58.523432,-0.8117907,-1.6950476,-0.126974,0.62,0.16,-0.16,0.12,NaN,0
05/22/2026,1630,/BTC[K26],75915,-2.29%,,.9922,2018.0,<empty>,127240.0,60005.0,78929.0,74979.0,91432.0,-9.0,-1.0,0.0,"8,525",100762.0,8587.0,9000.0,-29.0,8.0,-6.0,-1.0,83215.0,62591.0,83215.0,83215.0,NaN,0
05/22/2026,1630,/BZ[N26],103.94,+1.33%,,.055,3.07,<empty>,119.4,58.72,107.1,104.17,76.0,-3.0,-0.2,-0.38,"34,082",-101000.54,49589.22,65191.61,-46.96,3.9,3.43,-6.36,119.53,69.6,119.53,-96.11,NaN,0
05/22/2026,1630,/CL[N26],97.00,+0.67%,,1.29,2.73,<empty>,119.48,54.98,100.71,98.18,71.44,-3.0,-0.19,-0.42,"242,528",100321.53,334351.18,395599.02,-24.21,9.74,2.45,-6.76,119.53,64.6,119.53,-89.12,NaN,0
05/22/2026,1630,/GC[M26],4510.5,-0.70%,,.1486,88.3,<empty>,5626.8,3250.5,4618.5,4679.8,4373.4,-1.0,-0.3,-0.5,"106,338",0.0,150783.5,151830.9,-7.3,0.8,-4.5,0.6,5434.6,4100.4,-4100.4,-4455.0,NaN,0
05/22/2026,1630,/HG[N26],6.3805,+1.37%,,.037,0.1821,<empty>,6.716,4.3325,6.2288,5.9439,5.4361,-7.0,-0.78,-0.38,"41,768",0.0,44980.3,44657.5625,30.163,14.7985,1.5599,3.011,7.07,5.43,7.07,7.07,NaN,0
05/22/2026,1630,/NG[M26],2.921,-3.21%,,.5784,0.114,<empty>,7.439,2.495,2.846,2.837,3.405,-3.0,-0.49,-0.33,"59,622",0.0,109461.42,116551.531,-50.815,0.794,6.218,-6.258,3.53,2.2,-2.2,3.02,NaN,0
05/22/2026,1630,/NKD[M26],63300,+1.78%,,.352,972.0,<empty>,63880.0,36890.0,61405.0,57860.0,51867.0,2.0,1.0,0.0,"5,550",200500.0,5984.0,6117.0,-19.0,19.0,-1.0,4.0,63880.0,50410.0,63880.0,63880.0,NaN,0
05/22/2026,1630,/SI[N26],75.915,-1.06%,,.6496,4.813,<empty>,121.785,32.8,77.928,76.212,65.295,-7.0,-0.27,-0.56,"25,615",0.0,44693.06,46932.406,-30.136,6.257,-6.086,2.629,97.58,61.43,-61.43,90.07,NaN,0
05/22/2026,1630,AAAU,44.44,-0.76%,,.1617,0.87,<empty>,54.71,32.15,45.46,46.03,42.95,-1.0,-0.28,-0.51,"1,934,692",0.0,2293996.8,2359846.76,12.59,2.4,-4.62,0.54,53.58,43.42,-43.42,-44.03,NaN,"2,737 M"
05/22/2026,1630,AAL,13.85,+1.91%,Industrials,1.357,0.49,$1.67,16.5,10.09,12.49,11.71,13.0,3.0,0.8,0.65,"99,235,608",-100272.53,6.046501699E7,6.779678234E7,169.93,29.32,3.75,14.84,14.6,10.38,-10.38,-11.17,41.0,"9,160 M"
05/22/2026,1630,AAPL,308.82,+1.26%,Information Technology,1.074,6.71,$8.74,311.4,193.46,289.35,270.55,261.55,1.0,1.0,0.55,"43,608,850",300027.16,4.450639635E7,4.366983528E7,-6.56,22.72,5.28,3.29,301.07,246.38,-246.38,-267.17,46.0,"4,535,749 M"
05/22/2026,1630,ABBV,215.70,+0.56%,Health Care,.3082,4.41,$11.29,244.81,181.715,207.32,208.31,219.23,2.0,0.87,1.0,"5,405,592",-100136.45,6736018.89,6690326.87,18.04,5.12,7.02,0.91,237.56,191.17,-191.17,-191.17,46.0,"381,097 M"
05/22/2026,1630,ABNB,132.35,-1.42%,Consumer Discretionary,1.202,3.24,$7.52,147.25,110.81,137.12,134.1,128.33,3.0,-0.37,0.21,"3,097,329",0.0,3644205.56,3928234.7,-1.99,1.81,-6.46,0.91,147.22,122.35,147.22,-128.02,50.0,"78,550 M"
05/22/2026,1630,ABR,5.57,-2.96%,Financials,1.14,0.96,$0.89,12.575,5.5,6.92,7.38,9.11,6.0,0.0,0.3,"6,088,202",-401162.09,3782956.67,4110726.27,83.22,-24.42,-22.75,-4.13,9.56,6.05,9.56,9.11,47.0,"1,071 M"
05/22/2026,1630,ABT,87.41,-0.41%,Health Care,.6373,1.9,$4.24,139.06,81.97,87.55,96.06,117.51,-1.0,0.49,-0.96,"9,516,308",-100135.45,1.307890277E7,1.217208622E7,-35.36,-16.0,3.66,-1.59,117.59,82.09,-82.09,-82.09,36.0,"152,252 M"
05/22/2026,1630,ACHC,23.18,+0.70%,Health Care,.7392,1.14,($3.23),30.1991,11.43,25.85,25.36,20.61,-6.0,-0.25,-0.06,"2,491,191",-100568.17,2980220.71,3293555.1,-40.43,2.16,-7.94,-6.98,30.14,16.62,30.14,30.14,45.0,"2,132 M"
05/22/2026,1630,ACHR,6.36,+3.92%,Industrials,2.845,0.26,($0.90),14.62,4.8,6.09,5.84,8.04,2.0,0.9,0.42,"79,202,306",200383.01,3.413961094E7,3.372071511E7,166.52,15.43,-1.85,7.61,8.58,5.38,-5.38,7.09,53.0,"4,852 M"
05/22/2026,1630,ACI,16.21,-0.37%,Consumer Staples,.2502,0.39,$0.97,22.78,15.545,16.43,16.84,17.67,-2.0,-0.37,-0.67,"6,495,312",-100131.09,6661438.31,6499365.29,73.01,-3.86,1.19,-5.76,19.62,16.08,-16.08,18.03,39.0,"8,016 M"
05/22/2026,1630,ADBE,244.76,+0.27%,Information Technology,1.444,6.76,$24.58,421.48,224.13,247.64,244.89,305.79,-2.0,-0.73,-0.54,"3,778,339",200143.49,5504943.13,5539346.58,-31.76,2.47,-3.27,-4.01,285.55,224.3,-224.3,265.03,13.0,"98,932 M"
05/22/2026,1630,ADYEY,11.030,+0.91%,Financials,2.35,0.34,$33.73,19.94,9.45,10.95,10.65,14.3,5.0,0.8,0.62,"490,555",100000.09,1720804.56,1881083.77,-21.93,8.03,-0.36,0.55,12.6,9.35,-9.35,-10.07,NaN,"34,785 M"
05/22/2026,1630,AFK,26.89,-0.19%,,.7375,0.79,<empty>,30.85,18.56,27.31,26.89,25.79,2.0,-0.46,0.36,"95,987",-200043.48,70796.02,88730.41,100.22,6.88,-5.18,2.17,31.61,24.44,-24.44,29.09,NaN,114 M
05/22/2026,1630,AFRM,65.22,-2.92%,Financials,3.498,1.24,$2.37,100.0,42.095,65.62,57.01,67.44,-1.0,-0.77,-0.28,"5,543,902",-100679.47,5231304.37,5505654.35,36.29,45.61,1.89,-0.12,71.1,42.39,71.1,-60.07,65.0,"21,842 M"
05/22/2026,1630,AGCO,112.84,+0.67%,Industrials,1.11,2.65,$7.39,143.78,95.96,116.28,116.58,113.7,1.0,-0.23,0.43,"528,719",-100144.14,721945.84,707009.09,-69.86,-3.03,-3.84,1.18,137.62,108.44,-108.44,123.14,46.0,"8,171 M"
05/22/2026,1630,AHR,50.19,+0.12%,Real Estate,.5659,0.8,$1.81,54.67,33.84,50.49,49.68,47.14,-2.0,-0.52,-0.5,"3,748,129",-100128.02,2508824.82,2567667.46,62.47,4.02,-2.94,-1.22,55.59,47.38,-47.38,52.09,51.0,"9,673 M"
05/22/2026,1630,AIQUY,41.8800,-0.17%,Materials,.7765,0.65,$5.45,44.415,36.169,41.67,41.67,39.98,5.0,0.17,0.46,"98,072",0.0,191038.56,194905.09,-48.23,7.08,1.65,4.21,44.28,38.53,44.28,-40.05,44.0,"120,842 M"
05/22/2026,1630,AKAM,147.23,+0.68%,Information Technology,.5476,13.55,$5.29,165.45,69.78,130.38,115.82,93.07,-7.0,-0.88,-0.4,"3,735,857",100355.03,6039807.18,5612349.19,19.32,28.59,-0.32,4.17,165.07,89.28,165.07,165.07,51.0,"21,405 M"
05/22/2026,1630,ALB,171.58,+0.99%,Materials,1.345,14.31,$3.47,221.0,53.7,189.61,183.43,138.5,1.0,0.0,0.05,"1,675,717",-100466.12,2051090.8,2131937.71,20.37,-3.09,-15.69,1.53,221.11,155.44,221.11,-166.03,45.0,"20,235 M"
05/22/2026,1630,ALCO,41.31,+1.13%,Consumer Staples,.9926,0.39,$1.66,45.01,30.89,40.99,41.22,37.4,4.0,0.21,0.44,"18,813",300200.45,27270.54,28111.6,-14.53,4.95,1.55,2.33,45.31,37.51,45.31,-40.05,54.0,306 M
05/22/2026,1630,ALGN,163.61,+0.35%,Health Care,1.779,4.9,$8.11,208.305,122.0,168.05,174.22,157.49,5.0,0.08,0.42,"844,543",-100247.46,1096976.41,1149184.91,20.04,-8.77,-3.06,5.45,200.23,154.03,200.23,-152.02,45.0,"11,717 M"
05/22/2026,1630,ALLY,42.35,-0.94%,Financials,1.104,0.92,($0.36),47.27,32.5018,43.07,41.66,41.4,3.0,-0.46,0.33,"2,566,046",-100133.23,3405829.74,3550888.13,-6.41,7.16,-4.27,3.67,47.23,36.5,47.23,-41.02,36.0,"12,981 M"
05/22/2026,1630,ALNY,297.45,-1.02%,Health Care,.329,5.43,$4.88,495.55,284.19,296.81,310.32,388.35,5.0,0.69,0.8,"681,270",100140.17,1099169.29,1086581.45,-57.17,-3.44,0.81,1.07,343.28,284.09,-284.09,-284.09,46.0,"39,713 M"
05/22/2026,1630,AMAT,432.16,+1.12%,Information Technology,1.672,11.58,$6.72,448.45,153.47,416.22,388.98,287.24,3.0,-0.56,0.44,"4,887,772",100261.06,6708544.33,6783843.75,-3.45,15.55,-0.75,6.21,448.09,317.53,448.09,448.09,56.0,"342,966 M"
05/22/2026,1630,AMBA,87.55,+4.67%,Information Technology,2.202,3.74,$1.36,96.69,48.3,75.9,63.21,71.78,3.0,0.99,0.71,"1,030,623",0.0,820246.26,890655.61,32.62,60.55,14.74,14.16,83.07,48.38,-48.38,-64.17,3.0,"3,840 M"
05/22/2026,1630,AMD,467.51,+3.99%,Information Technology,2.314,27.86,$5.27,481.41,107.6671,405.9,303.19,230.88,1.0,0.85,0.25,"34,621,619",300369.13,3.910452232E7,3.872522642E7,-17.57,127.64,2.71,12.91,469.09,188.57,-188.57,-319.17,49.0,"762,322 M"
05/22/2026,1630,AMG,301.96,-0.22%,Financials,1.144,3.38,$37.82,334.78,172.54,298.34,288.92,272.5,3.0,0.54,0.46,"262,539",0.0,338020.0,350888.25,-29.64,9.58,-0.28,2.39,319.6,254.35,-254.35,318.15,46.0,"7,975 M"
05/22/2026,1630,AMH,32.27,+0.50%,Real Estate,.8174,0.49,$2.25,38.01,27.215,31.76,30.13,31.71,5.0,0.79,0.29,"2,137,555",0.0,3175043.46,3737805.39,-42.3,17.09,0.75,1.77,33.11,27.44,33.11,-30.05,46.0,"11,636 M"
05/22/2026,1630,AMLP,54.52,+0.63%,,.5025,0.58,<empty>,55.22,44.64,53.68,52.91,49.4,-3.0,0.75,-0.62,"861,357",-100016.37,1582975.41,1558543.71,-49.39,1.85,2.56,-0.58,54.13,51.25,-51.25,55.02,NaN,"12,837 M"
05/22/2026,1630,AMN,27.66,+7.84%,Health Care,.3147,3.21,$18.27,31.65,14.865,25.23,21.51,19.34,-7.0,-0.79,-0.3,"1,106,319",200472.1,1024715.61,1104819.54,45.92,49.59,-4.52,2.75,32.09,17.35,32.09,32.09,51.0,"1,073 M"
05/22/2026,1630,AMPH,18.41,+1.38%,Health Care,.8902,2.47,$2.88,31.2641,16.645,20.01,20.22,24.92,5.0,0.48,0.57,"485,196",100060.02,594901.75,635317.8,-0.4,-4.26,-3.11,3.31,28.62,17.04,-17.04,-17.04,51.0,812 M
05/22/2026,1630,AMZN,266.32,-0.80%,Consumer Discretionary,1.446,4.09,($0.23),278.56,196.0,267.1,241.92,230.55,3.0,-0.67,0.26,"27,444,688",-100334.17,4.459364165E7,4.524703804E7,-44.09,28.51,-2.33,2.69,279.13,199.39,279.13,-255.03,46.0,"2,864,833 M"
05/22/2026,1630,AN,189.98,+1.90%,Consumer Discretionary,.7589,9.02,($2.85),228.9166,176.25,196.97,196.06,206.06,3.0,0.15,0.29,"310,339",-100334.16,398511.75,410460.61,-42.31,0.17,-7.76,6.38,218.15,178.03,218.15,-177.02,47.0,"6,357 M"
05/22/2026,1630,AQWA,18.675,+0.65%,,.9081,0.31,<empty>,20.92,18.145,18.98,19.16,19.48,3.0,0.22,0.42,"5,890",-100124.55,11641.98,31455.5,-7.94,-0.51,-2.35,1.96,21.6,18.03,21.6,-18.02,NaN,25 M
05/22/2026,1630,AR,36.75,-0.78%,Energy,.4239,0.99,$3.08,45.75,29.1,37.79,39.27,35.12,-3.0,-0.18,-0.71,"4,633,939",0.0,5284307.05,5571935.86,14.5,-15.26,2.25,-5.72,46.38,33.62,46.38,-36.11,45.0,"11,386 M"
05/22/2026,1630,ARE,48.37,+1.09%,Real Estate,1.175,1.17,$8.24,88.236,39.41,44.95,45.91,58.78,3.0,0.74,0.6,"1,394,012",-100849.19,2330259.77,2409624.78,-44.82,2.09,4.56,5.52,55.6,39.18,-39.18,-40.15,39.0,"8,429 M"
05/22/2026,1630,ARGT,90.40,-1.80%,,.9372,1.76,<empty>,103.9699,66.49,90.29,90.76,87.14,3.0,0.35,0.52,"69,349",100032.17,282421.07,258666.51,-84.85,3.11,1.02,2.54,97.32,83.57,97.32,-86.05,NaN,802 M
05/22/2026,1630,ARHS,6.32,-1.10%,Consumer Discretionary,2.333,0.58,$0.10,12.63,5.57,6.64,6.84,9.28,7.0,0.36,0.4,"770,399",-100165.06,1389476.77,1451014.9,-55.77,-3.22,-2.84,9.34,10.6,6.07,10.6,-6.02,51.0,895 M
05/22/2026,1630,ARKK,76.40,-0.29%,,1.979,1.84,<empty>,92.65,55.02,76.81,73.78,77.93,3.0,-0.65,0.36,"4,587,680",200150.44,9627798.7,9914024.14,-24.92,10.72,-3.44,3.47,81.09,63.38,81.09,81.09,NaN,"5,982 M"
05/22/2026,1630,ARQQ,17.49,+6.32%,Information Technology,2.708,1.42,($2.18),62.0,11.52,14.41,14.09,25.7,3.0,0.98,0.57,"2,184,784",200525.01,404738.12,363251.05,792.09,28.89,16.91,43.71,18.6,12.38,-12.38,-12.03,137.0,274 M
05/22/2026,1630,AS,35.26,-0.20%,Consumer Discretionary,1.128,1.34,$0.78,42.76,28.92,34.64,34.35,35.69,5.0,0.45,0.55,"3,613,198",-200151.04,4368042.02,4944704.0,6.14,6.56,-2.14,4.23,41.62,31.44,-31.44,-33.07,58.0,"20,515 M"
05/22/2026,1630,ASBFF,25.76,0.00%,Consumer Staples,.4235,2.36,<empty>,31.08,23.18,27.04,28.05,25.16,1.0,0.29,0.37,"55,128",NaN,2186.16,2774.45,-72.45,-11.17,-3.38,6.01,31.09,23.04,-23.04,-23.04,NaN,"18,028 M"
05/22/2026,1630,ASO,52.52,+2.92%,Consumer Discretionary,1.023,1.54,$3.32,62.445,39.87,52.32,54.43,52.96,3.0,0.1,0.54,"1,069,908",-200851.48,1455007.85,1452581.89,-7.7,-1.91,-2.94,6.64,62.6,48.03,62.6,-48.03,11.0,"3,388 M"
05/22/2026,1630,ATRO,80.86,+1.21%,Industrials,1.107,2.83,$0.68,86.2699,27.2701,76.63,73.04,59.36,-2.0,-0.57,-0.65,"445,437",101060.08,559286.81,601191.4,-12.61,19.16,7.7,1.86,84.58,61.38,-61.38,86.02,46.0,"2,898 M"
05/22/2026,1630,AVB,185.65,+0.84%,Real Estate,.8031,1.64,$11.84,209.86,160.095,184.23,174.37,180.76,1.0,-0.82,0.33,"1,311,866",-200121.02,1043380.03,1040418.95,101.3,13.51,0.85,0.29,188.08,160.37,188.08,-180.05,45.0,"26,339 M"
05/22/2026,1630,AVGO,414.14,-0.10%,Information Technology,1.41,7.79,$6.12,442.36,226.18,419.09,377.04,349.85,-6.0,-0.54,-0.25,"14,051,844",0.0,2.228283536E7,2.37528542E7,-7.19,30.11,-3.69,0.75,442.06,290.38,442.06,442.06,7.0,"1,960,815 M"
05/22/2026,1630,AVO,11.92,-0.17%,Consumer Staples,.5783,0.57,$0.54,15.53,10.0,12.96,13.37,12.77,5.0,0.0,0.36,"734,666",-200548.25,1026513.72,913463.76,-33.1,-8.24,-8.87,-2.53,16.32,12.47,16.32,14.16,8.0,844 M
05/22/2026,1630,AVTR,8.12,+3.18%,Health Care,.9292,0.25,$0.65,15.93,7.265,7.98,7.94,10.83,3.0,0.67,0.64,"7,201,932",100357.03,9262111.08,9508806.13,0.84,5.05,-2.29,6.28,9.61,7.39,-7.39,-7.02,47.0,"5,544 M"
05/22/2026,1630,AWI,157.42,+0.17%,Industrials,1.175,3.67,$5.53,206.0799,149.06,162.55,167.42,184.97,3.0,0.29,0.49,"269,908",200132.19,443783.25,537343.32,-41.65,-4.94,-2.68,3.0,191.62,152.03,191.62,-152.03,44.0,"6,719 M"
05/22/2026,1630,AXP,311.78,+0.67%,Financials,1.066,3.56,$20.73,387.49,281.465,315.01,312.08,336.75,3.0,0.58,0.34,"2,209,127",100039.45,3227681.7,3667110.29,-17.95,3.24,-1.34,0.8,340.25,291.44,340.25,-303.02,42.0,"212,736 M"
05/22/2026,1630,AZO,3406.50,-0.92%,Consumer Discretionary,.4007,73.33,$95.97,4388.11,3210.72,3472.26,3462.24,3740.05,5.0,0.46,0.42,"511,964",-100042.01,213330.11,201326.59,155.67,1.81,-2.57,1.77,3882.58,3280.04,-3280.04,-3280.04,1.0,"56,128 M"
05/22/2026,1630,B,40.68,-1.45%,Materials,-.1014,2.31,$2.99,54.69,18.58,41.23,41.09,39.12,-1.0,-0.51,-0.46,"10,995,592",100647.1,1.334971865E7,1.327480465E7,42.71,6.97,-5.68,2.99,51.58,36.44,-36.44,48.09,53.0,"68,160 M"
05/22/2026,1630,BA,219.02,-0.27%,Industrials,1.201,8.09,($1.82),254.3499,176.77,227.42,218.0,219.57,1.0,-0.45,0.15,"4,630,628",-100639.07,6857331.74,6847565.47,-4.74,11.51,-7.73,1.87,244.06,188.38,244.06,-214.03,44.0,"172,654 M"
05/22/2026,1630,BABA,130.00,-1.12%,Consumer Discretionary,.4709,4.51,($3.17),192.67,103.71,135.08,131.77,149.5,-7.0,-0.6,-0.33,"11,761,168",201052.08,1.161584819E7,1.142861179E7,41.41,3.6,-7.18,-4.16,154.62,118.33,-118.33,147.07,66.0,"311,887 M"
05/22/2026,1630,BAC,51.80,+0.60%,Financials,1.198,1.17,$7.63,57.55,42.35,51.73,50.84,51.74,6.0,0.49,0.39,"26,462,434",100043.45,3.569576259E7,3.883869326E7,-38.36,7.6,0.95,2.17,55.27,46.45,55.27,-49.05,34.0,"367,603 M"
05/22/2026,1630,BALL,56.51,+0.28%,Materials,1.054,1.15,$2.21,68.29,44.83,58.17,59.97,55.17,5.0,0.04,0.45,"1,658,880",100130.13,2536709.13,2394645.5,-54.52,-4.41,-3.43,2.54,68.62,55.03,68.62,-55.03,49.0,"15,046 M"
05/22/2026,1630,BBN,15.70,+0.71%,,.6738,0.23,<empty>,17.45,15.4108,15.95,16.03,16.46,3.0,0.2,0.31,"219,558",-100100.13,198519.71,194955.23,89.87,-0.25,-2.67,1.16,17.59,15.03,17.59,-15.03,NaN,970 M
05/22/2026,1630,BBWI,17.76,+2.54%,Consumer Discretionary,1.425,1.16,$4.16,33.96,14.275,18.34,18.73,22.5,3.0,0.51,0.36,"4,056,604",200559.26,5913932.43,5930436.98,-36.19,-1.66,-9.98,10.24,24.56,16.03,24.56,-16.02,2.0,"3,577 M"
05/22/2026,1630,BBY,61.63,+0.78%,Consumer Discretionary,1.252,1.81,$5.96,84.99,55.1,58.67,61.52,69.75,7.0,0.66,1.0,"5,501,753",100545.41,3817799.46,4291587.88,88.0,-0.13,3.75,3.95,68.56,55.07,-55.07,-55.07,3.0,"12,985 M"
05/22/2026,1630,BCO,104.75,-0.04%,Industrials,1.054,1.7,$13.03,136.37,80.1,105.97,105.69,114.43,3.0,0.63,0.54,"365,929",101129.59,488218.51,555771.72,11.77,3.95,-2.3,2.39,136.6,96.44,-96.44,-99.07,50.0,"4,314 M"
05/22/2026,1630,BDRY,12.675,+1.40%,,.7177,0.44,<empty>,13.34,5.03,12.32,11.28,9.65,-7.0,-0.73,-0.44,"44,338",500157.54,100350.49,167207.96,-45.24,29.34,4.7,0.2,13.08,10.38,13.08,13.08,NaN,40 M
05/22/2026,1630,BEAM,28.64,+3.51%,Health Care,2.13,2.15,($3.74),36.44,15.35,29.72,27.81,25.74,2.0,0.34,0.21,"1,327,024",-201095.21,2118880.68,2130126.83,-38.72,19.58,-11.39,8.77,34.09,22.38,34.09,-26.03,49.0,"2,946 M"
05/22/2026,1630,BEPC,37.50,-0.32%,Utilities,1.138,0.45,($1.86),45.18,27.79,37.01,39.29,38.98,14.0,0.23,0.84,"1,345,642",-200342.16,1556611.02,1484649.61,-51.91,-4.65,2.24,3.76,44.59,34.14,-34.14,-34.14,47.0,"6,839 M"
05/22/2026,1630,BIDU,127.79,-2.58%,Communication Services,.4501,6.39,($4.60),165.3,81.17,134.34,123.79,124.73,-7.0,-0.63,-0.26,"3,682,856",-100260.06,2302173.52,2343715.97,156.39,13.56,-9.4,-7.18,152.07,106.38,152.07,152.07,59.0,"43,481 M"
05/22/2026,1630,BIO,287.74,+0.35%,Health Care,1.104,17.63,$13.21,343.12,211.43,265.61,274.07,292.68,8.0,0.65,1.0,"273,233",100339.05,365271.02,346528.97,-56.21,5.74,13.14,2.38,313.23,237.07,-237.07,-237.07,46.0,"7,700 M"
05/22/2026,1630,BIP,39.64,-0.28%,Utilities,1.056,1.02,($2.86),40.32,29.63,37.35,36.72,35.04,-1.0,0.84,-0.89,"466,227",-100328.18,959289.15,981804.58,-52.92,11.6,7.81,3.18,40.58,33.17,-33.17,-33.17,46.0,"18,235 M"
05/22/2026,1630,BIRK,41.38,+4.31%,Consumer Discretionary,1.07,3.37,$1.94,57.2,31.12,37.01,37.1,41.61,4.0,0.38,0.74,"4,468,851",100850.02,2480932.26,2456329.02,182.23,13.43,5.19,27.32,43.23,31.05,-31.05,-31.05,55.0,"7,610 M"
05/22/2026,1630,BITO,10.35,-2.36%,,1.723,0.28,<empty>,23.49,8.61,10.77,10.25,13.99,-9.0,-0.85,-0.42,"102,736,290",100256.07,1.190009811E8,1.1690816925E8,-25.07,8.38,-5.57,-1.24,11.09,9.62,11.09,11.09,NaN,"1,752 M"
05/22/2026,1630,BJ,86.64,-8.25%,Consumer Staples,1.5,2.74,$2.50,116.995,85.13,93.71,94.89,95.05,-3.0,-0.31,-0.3,"7,349,115",-100433.01,1998607.55,2006528.51,338.26,-11.41,-6.81,-11.28,102.56,90.3,102.56,99.03,0.0,"11,063 M"
05/22/2026,1630,BJRI,44.56,+0.36%,Consumer Discretionary,1.266,1.61,$3.71,47.02,28.46,40.65,38.25,37.07,3.0,0.96,0.84,"182,653",100943.13,357328.34,382519.74,-22.89,23.23,4.36,5.79,44.09,33.49,-33.49,-36.14,46.0,937 M
05/22/2026,1630,BK,137.16,0.00%,Financials,1.06,2.09,$1.83,139.1499,87.41,133.95,127.38,115.79,8.0,0.55,0.4,<empty>,-100126.24,3735732.78,3647721.43,-49.35,19.33,2.63,1.58,139.21,112.51,139.21,-130.08,37.0,"94,144 M"
05/22/2026,1630,BKNG,161.06,+0.86%,Consumer Discretionary,-1.282,5.66,$11.24,233.576544,150.14,163.55,170.94,195.65,6.0,0.44,0.52,"7,379,520",0.0,7533351.55,9019211.68,32.53,-6.16,-2.93,4.22,194.23,153.05,194.23,-150.02,45.0,"124,802 M"
05/22/2026,1630,BKV,28.29,-0.91%,Energy,1.049,1.06,($4.94),32.81,19.56,29.49,28.78,26.37,-2.0,-0.3,-0.34,"400,337",-100056.45,971914.56,1030704.13,-51.44,-3.84,1.76,-4.1,33.58,26.27,-26.27,-27.06,54.0,"3,095 M"
05/22/2026,1630,BLDR,74.15,+0.39%,Industrials,1.449,3.53,$7.80,151.03,65.1,76.06,81.53,109.04,3.0,0.3,0.46,"1,919,605",-300562.17,2456610.23,2511495.99,-54.64,-11.66,-4.2,11.69,111.62,66.03,111.62,-65.02,46.0,"7,976 M"
05/22/2026,1630,BLK,1073.00,+0.87%,Financials,1.463,18.36,$23.68,1219.9399,917.39,1068.25,1022.59,1079.02,1.0,-0.83,0.36,"450,890",100341.54,726123.36,787244.52,6.17,9.93,-1.09,3.54,1111.06,917.5,1111.06,-1030.02,35.0,"166,566 M"
05/22/2026,1630,BLMN,7.815,+0.84%,Consumer Discretionary,1.121,0.62,$1.40,10.7,5.19,7.28,6.46,6.77,-8.0,-0.83,-0.39,"1,511,648",101578.13,2847693.76,3005244.27,-32.62,36.39,-3.76,2.69,9.09,5.38,9.09,9.09,50.0,669 M
05/22/2026,1630,BLOK,63.92,-0.59%,,1,1.45,<empty>,75.89,46.9,62.42,57.54,60.56,2.0,-0.79,0.41,"214,051",100134.28,299090.78,318873.95,-70.85,23.28,-0.73,5.24,66.06,47.38,66.06,66.06,NaN,"1,349 M"
05/22/2026,1630,BNDD,97.8166,+0.64%,,.4798,0.62,<empty>,102.28,94.64,97.39,97.93,98.23,3.0,0.43,0.33,23,-100020.23,320.11,356.2,-72.14,-1.22,-0.19,1.69,100.53,96.03,100.53,-96.03,NaN,9.8 M
05/22/2026,1630,BNO,55.00,-1.01%,,.006,1.71,<empty>,60.81,26.59,56.31,52.65,36.14,-3.0,-0.33,-0.33,"3,971,159",-400395.44,6153793.65,6349895.27,-30.22,10.66,3.56,-6.48,61.14,33.6,61.14,-51.11,NaN,861 M
05/22/2026,1630,BOOT,154.65,+0.10%,Consumer Discretionary,1.665,9.92,$4.13,210.25,133.1797,157.42,156.72,177.18,4.0,0.41,0.45,"597,298",-200849.06,759563.07,706066.13,13.2,-1.53,-5.3,9.26,204.6,133.35,-133.35,-138.03,46.0,"4,693 M"
05/22/2026,1630,BP,44.36,-1.14%,Energy,.1832,0.86,$0.74,48.27,28.635,45.28,45.57,38.19,-2.0,-0.13,-0.42,"5,034,871",-200239.37,1.361003726E7,1.353172323E7,-24.92,-0.96,2.35,-3.86,48.37,37.6,48.37,-43.1,49.0,"114,227 M"
05/22/2026,1630,BRBR,8.91,-1.55%,Consumer Staples,.5019,0.69,$1.53,63.835,8.53,11.91,14.51,25.96,9.0,0.17,0.48,"3,252,898",100988.13,4447798.91,4141071.57,-47.37,-43.89,-13.58,0.22,19.47,9.03,19.47,-9.02,48.0,"1,036 M"
05/22/2026,1630,BRCB,6.81,+3.50%,Consumer Discretionary,2.017,2.32,($2.20),30.4,6.13,9.86,12.51,NaN,4.0,0.04,0.18,"1,098,952",-200780.07,550843.1,587337.71,97.95,-53.64,-40.68,1.95,18.47,7.03,18.47,13.15,54.0,147 M
05/22/2026,1630,BRKR,45.69,+1.58%,Health Care,1.169,1.76,$0.01,56.22,28.53,41.22,38.47,39.83,2.0,0.82,0.71,"1,506,393",-100250.08,2187047.71,2131289.12,16.8,27.59,3.46,7.28,45.07,32.48,-32.48,-34.17,49.0,"6,955 M"
05/22/2026,1630,BROS,52.12,-2.51%,Consumer Discretionary,2.236,2.71,$0.72,77.88,44.58,53.97,52.83,56.96,-1.0,-0.48,-0.48,"2,877,069",-100158.12,4213250.49,4251436.57,-30.48,-1.04,-1.12,-1.23,60.12,45.39,60.12,-48.07,50.0,"7,150 M"
05/22/2026,1630,BTAL,12.20,-0.33%,,-.6205,0.22,<empty>,19.59,11.81,12.26,13.0,14.5,-2.0,0.5,-0.91,"496,105",-300160.23,950428.02,976725.25,-7.65,-11.34,1.5,-3.4,15.53,12.11,-12.11,13.03,NaN,301 M
05/22/2026,1630,BTC,33.53,-2.36%,,1.473,0.89,<empty>,55.96,27.545,34.82,33.07,40.34,-9.0,-0.81,-0.47,"1,596,131",0.0,2375680.04,3277502.85,-27.7,9.36,-5.47,-1.21,36.09,28.62,36.09,36.09,NaN,"4,018 M"
05/22/2026,1630,BTC-USD,-61.67,+1.41%,,4.752,5.67,<empty>,23.4124,-70.135,-54.66,-37.52,-16.26,6.0,0.19,0.76,"832,493",-100367.03,944991.2,920230.31,0.56,203.05,3.08,7.65,-11.62,-69.94,70.38,70.14,NaN,"-1,868 M"
05/22/2026,1630,BTI,65.36,-0.56%,Consumer Staples,.3408,3.16,$3.49,67.3,44.575,61.72,59.55,57.24,-4.0,-0.99,-0.66,"2,713,974",100330.09,4267305.61,4573533.66,53.15,13.16,12.15,-1.06,67.06,55.23,67.06,67.06,46.0,"141,342 M"
05/22/2026,1630,BUD,83.45,+0.11%,Consumer Staples,.5756,1.23,$5.66,83.71,56.97,79.11,74.79,67.57,-1.0,0.81,-0.7,"1,212,781",100127.14,1940986.52,1986667.49,-51.96,22.61,4.46,1.88,83.12,67.44,-67.44,-72.17,46.0,"161,587 M"
05/22/2026,1630,BULL,6.18,-6.51%,Financials,2.706,0.29,$1.41,18.32,4.5,7.01,6.14,9.1,-6.0,-0.66,-0.02,"27,210,998",-200593.02,1.334594124E7,1.31148185E7,112.35,20.47,-12.09,-11.71,8.23,5.35,8.23,8.13,56.0,"3,287 M"
05/22/2026,1630,BURL,324.51,+2.68%,Consumer Discretionary,1.43,12.51,$2.72,351.85,218.52,306.64,318.36,291.87,7.0,0.29,0.89,"1,030,708",300851.03,708914.44,772762.75,117.89,-0.2,6.57,13.43,352.24,281.07,-281.07,-281.07,3.0,"20,389 M"
05/22/2026,1630,BUXX,20.26,0.00%,,.0005,0.01,<empty>,20.46,20.18,20.24,20.25,20.3,11.0,0.51,0.92,"206,019",-100000.43,420933.61,407683.45,-30.79,-0.05,0.15,0.1,20.62,20.38,-20.38,-20.17,NaN,462 M
05/22/2026,1630,BXP,60.29,+0.27%,Real Estate,1.079,0.63,$7.52,79.33,49.72,59.06,55.96,65.31,3.0,0.93,0.37,"1,062,454",0.0,1868142.88,2322564.57,-14.94,13.97,1.45,2.76,62.6,50.53,-50.53,61.06,44.0,"9,615 M"
05/22/2026,1630,BYD,79.31,-0.43%,Consumer Discretionary,1.123,2.6,$2.46,89.96,72.01,82.73,83.67,83.64,3.0,-0.01,0.27,"871,641",100230.21,959553.62,977161.47,-36.85,-6.11,-7.39,1.56,89.21,77.53,89.21,-77.02,41.0,"5,895 M"
05/22/2026,1630,BYDDF,11.6850,+0.82%,Consumer Discretionary,.1774,0.54,<empty>,20.50333333333334,11.2,12.73,13.16,13.08,1.0,0.0,0.08,"249,492",-300100.03,199173.26,207928.92,178.36,-14.21,-8.75,-2.62,15.29,12.54,15.29,-11.02,NaN,"106,534 M"
05/22/2026,1630,C,125.09,-0.10%,Financials,1.107,2.25,($20.72),135.29,71.65,125.94,121.71,109.76,3.0,0.31,0.22,"6,330,151",-100048.45,1.249629515E7,1.347038947E7,-57.88,9.98,-0.37,4.27,135.23,102.53,135.23,-120.03,34.0,"213,351 M"
05/22/2026,1630,CACC,544.80,-0.58%,Financials,1.382,12.18,$94.71,565.14,401.9,529.65,490.94,480.17,-2.0,-0.93,-0.37,"66,559",200644.56,155064.69,183442.2,-42.95,23.88,2.19,-0.57,565.12,405.36,565.12,565.12,46.0,"5,699 M"
05/22/2026,1630,CAG,13.56,+1.35%,Consumer Staples,-.0242,0.27,$1.76,23.09,13.14,13.95,14.72,17.34,-2.0,0.34,-0.64,"11,620,726",-500437.3,1.536112184E7,1.488986811E7,-8.99,-12.85,-4.03,-2.66,19.58,13.05,19.58,15.15,31.0,"6,488 M"
05/22/2026,1630,CAH,200.68,+0.03%,Health Care,.5169,7.02,$18.48,233.6,137.75,194.75,204.41,191.95,9.0,0.33,1.0,"1,537,245",200030.06,2019669.97,1968371.26,-31.4,-3.16,9.27,0.15,234.58,180.07,-180.07,-180.07,58.0,"47,000 M"
05/22/2026,1630,CAKE,61.14,+0.94%,Consumer Discretionary,1.012,1.37,$3.68,69.7,43.07,60.54,59.18,56.62,3.0,0.37,0.54,"790,351",-100339.17,1190574.68,1219112.97,-27.74,7.28,-0.83,4.57,67.6,53.39,-53.39,-56.07,44.0,"3,038 M"
05/22/2026,1630,CAMT,167.37,+4.22%,Information Technology,1.552,18.94,$2.78,215.99,62.88,180.2,174.3,132.01,3.0,0.01,0.24,"472,959",-200873.05,454638.94,471902.43,44.05,-6.65,-18.57,10.61,216.09,141.37,216.09,-148.03,54.0,"7,706 M"
05/22/2026,1630,CANE,9.90,-1.49%,,-.0284,0.13,<empty>,11.5,8.97,9.97,9.89,9.87,-7.0,-0.53,-0.54,"196,820",100142.15,766338.74,650385.48,-89.56,-7.13,0.41,-1.98,11.4,9.25,-9.25,10.13,NaN,90 M
05/22/2026,1630,CARR,63.14,+1.54%,Industrials,1.346,1.85,$2.00,81.09,50.24,64.79,61.13,59.51,1.0,-0.43,0.18,"4,926,825",100542.17,6729621.31,6572515.23,-0.05,7.78,-5.52,2.77,69.16,54.38,69.16,69.16,44.0,"52,443 M"
05/22/2026,1630,CASY,825.02,+0.03%,Consumer Staples,.6311,17.12,$17.98,901.0,433.16,844.27,773.98,623.31,-7.0,-0.52,0.0,"487,183",200129.33,589489.89,594562.88,22.54,19.73,-4.01,-3.18,901.06,627.53,901.06,901.06,11.0,"30,492 M"
05/22/2026,1630,CAT,879.89,+1.61%,Industrials,1.554,22.2,$16.91,931.35,336.2409,881.41,798.77,625.94,1.0,-0.54,0.17,"1,987,403",100439.17,2394901.16,2528466.74,-25.56,22.78,-1.96,2.29,931.11,663.53,931.11,931.11,49.0,"405,270 M"
05/22/2026,1630,CAVA,80.42,-1.05%,Consumer Discretionary,1.882,4.73,$0.23,98.79,43.41,83.82,85.39,68.86,7.0,0.08,0.51,"2,143,034",-100759.03,3088167.65,3433522.86,16.05,-4.75,1.28,2.94,99.23,66.62,99.23,-72.07,62.0,"9,367 M"
05/22/2026,1630,CBRL,32.39,+1.89%,Consumer Discretionary,1.275,1.11,($0.96),71.93,24.85,30.48,29.36,35.16,3.0,0.68,0.4,"1,065,582",0.0,1046443.83,1118132.2,-15.66,18.95,2.86,12.27,35.55,26.39,-26.39,-28.02,8.0,724 M
05/22/2026,1630,CCK,96.71,+0.26%,Materials,.6482,2.01,$8.72,116.62,89.21,98.96,101.59,101.12,3.0,0.17,0.51,"1,026,447",-100134.19,1114829.7,1113036.7,-31.78,-4.77,-4.43,1.54,117.62,95.03,117.62,-94.02,39.0,"10,807 M"
05/22/2026,1630,CCL,25.98,-0.76%,Consumer Discretionary,2.319,0.94,$2.25,34.03,21.6217,25.82,26.11,28.56,3.0,0.47,0.57,"16,398,110",100058.14,2.883509453E7,2.884108215E7,-48.52,2.0,-1.52,8.75,33.6,23.53,33.6,-23.02,21.0,"35,986 M"
05/22/2026,1630,CCRN,13.05,0.00%,Health Care,.4544,0.96,$1.23,14.99,7.43,11.98,10.55,10.8,-8.0,-0.96,-0.53,"730,090",-100156.02,700526.4,695358.23,138.39,33.85,-0.99,-0.38,13.1,9.6,13.1,13.1,50.0,405 M
05/22/2026,1630,CELH,30.12,+1.41%,Consumer Staples,.9621,1.88,$0.96,66.74,27.66,31.32,34.48,47.49,6.0,0.38,0.58,"7,616,892",-100171.1,8229678.68,7993245.5,14.17,-18.69,-6.72,3.4,59.6,28.07,-28.07,-28.07,53.0,"7,700 M"
05/22/2026,1630,CF,121.70,+0.01%,Materials,.4495,3.91,$10.23,141.96,75.415,123.77,124.68,96.58,-3.0,-0.21,-0.43,"1,617,738",-100164.45,4401203.19,4704854.73,-39.62,-4.11,5.81,-4.82,142.38,94.62,142.38,130.08,50.0,"18,697 M"
05/22/2026,1630,CFG,62.89,+0.18%,Financials,.9973,1.47,$5.50,68.79,38.796,63.14,61.98,57.38,6.0,0.39,0.42,"2,741,200",-200128.26,4362628.88,4679914.22,-14.49,6.7,-1.32,2.54,67.23,55.49,67.23,-60.05,36.0,"26,595 M"
05/22/2026,1630,CFLT,30.99,0.00%,Information Technology,.9658,0.09,$0.11,31.0,15.64,30.72,30.56,24.82,1.0,0.14,0.28,<empty>,-300008.27,1.344598214E7,1.260758761E7,68.88,1.87,0.94,0.91,31.08,30.57,-30.57,-31.11,32.0,"11,134 M"
05/22/2026,1630,CFRUY,19.7300,-1.84%,Consumer Discretionary,1.258,0.38,$7.78,22.15,15.58,19.54,18.81,19.46,-1.0,-0.84,-0.42,"368,158",-100100.51,564873.8,614495.63,-38.55,14.05,-3.38,1.54,21.62,16.44,-16.44,21.11,0.0,"116,001 M"
05/22/2026,1630,CG,45.43,+0.66%,Financials,1.876,2.19,($11.89),69.848,43.19,48.46,48.44,56.35,1.0,-0.36,0.19,"2,284,562",-100247.12,3252254.53,3397203.39,-29.08,-3.87,-10.27,-0.2,55.6,45.5,55.6,53.12,50.0,"16,354 M"
05/22/2026,1630,CHD,96.25,+0.64%,Consumer Staples,.4841,1.51,$4.44,106.04,81.33,94.95,94.83,91.65,1.0,0.36,0.72,"1,038,271",-100225.16,2044019.23,2013528.61,-63.3,2.54,3.01,0.52,106.62,90.09,-90.09,-90.09,47.0,"22,806 M"
05/22/2026,1630,CHDN,85.12,-0.48%,Consumer Discretionary,.6865,2.32,$5.38,118.455,80.24,90.8,89.79,98.04,7.0,-0.3,0.33,"587,439",300238.21,947487.05,1035742.86,-66.44,-1.08,-3.42,-1.86,103.2,80.53,103.2,102.17,45.0,"5,933 M"
05/22/2026,1630,CHEF,76.46,-2.07%,Consumer Staples,2.138,1.57,$2.09,82.8112,53.2,77.69,68.38,63.9,-14.0,-0.7,-0.1,"378,020",101441.18,482631.8,488925.08,-34.22,28.35,-6.43,-0.79,83.1,57.35,83.1,83.1,45.0,"3,118 M"
05/22/2026,1630,CHH,113.12,+1.46%,Consumer Discretionary,.6726,2.92,$2.18,136.45,84.035,107.72,107.58,104.66,14.0,0.41,0.76,"692,599",100138.16,616347.15,615396.39,-7.84,14.26,6.14,6.56,124.23,94.51,124.23,-97.14,50.0,"5,146 M"
05/22/2026,1630,CHPT,7.02,+2.78%,Industrials,1.785,0.27,($2.86),17.78,4.44,6.46,5.92,8.12,2.0,0.8,0.32,"587,333",100597.29,485811.95,476146.91,31.72,32.7,12.5,14.52,7.22,4.38,7.22,-6.02,7.0,171 M
05/22/2026,1630,CHRD,143.98,+0.79%,Energy,.4463,4.16,$8.77,151.945,84.245,143.74,138.27,108.44,-3.0,-0.35,-0.55,"532,140",500347.33,940123.64,1053968.76,-29.21,5.1,5.53,-3.79,151.13,102.61,152.04,152.04,50.0,"8,106 M"
05/22/2026,1630,CHTR,145.15,-2.52%,Communication Services,.7731,6.27,$30.73,422.29,136.63,154.4,194.74,223.11,16.0,0.11,0.67,"2,100,495",100450.17,2807241.53,2525778.45,-27.82,-33.3,-6.27,1.86,254.21,137.05,-137.05,-137.05,42.0,"17,851 M"
05/22/2026,1630,CHWY,20.73,+4.01%,Consumer Discretionary,1.469,1.55,$1.36,48.62,19.3,23.0,24.79,31.59,3.0,0.24,0.29,"6,877,969",-100977.04,8449307.1,8511727.33,-6.68,-11.6,-9.75,5.44,29.23,19.03,29.23,-19.02,12.0,"8,638 M"
05/22/2026,1630,CI,286.24,+1.50%,Health Care,.2731,6.58,$28.94,338.8899,239.51,287.01,277.21,282.17,1.0,-0.73,0.41,"1,398,702",-100036.45,1632664.24,1683127.34,-12.47,7.66,-0.63,-1.73,303.07,258.38,303.07,303.07,46.0,"75,720 M"
05/22/2026,1630,CLOX,25.61,+0.10%,,.1085,0.03,<empty>,25.71,25.35,25.56,25.53,25.54,7.0,0.83,0.59,"94,324",-300000.44,171768.76,215144.15,-65.98,0.31,0.2,0.16,26.16,25.5,26.16,-25.14,NaN,284 M
05/22/2026,1630,CLOZ,26.48,+0.19%,,.1305,0.05,<empty>,26.96,25.23,26.4,26.01,26.44,1.0,-0.88,0.54,"272,867",0.0,310809.94,514922.12,-3.18,2.91,0.4,0.15,26.61,25.56,-25.56,-26.14,NaN,667 M
05/22/2026,1630,CLX,95.11,-0.06%,Consumer Staples,.5761,2.43,$3.11,132.03,84.7,92.0,99.27,110.49,13.0,0.33,0.9,"1,631,529",-200134.15,2841413.74,2656296.02,-73.72,-7.72,3.2,2.74,129.6,85.13,-85.13,-85.13,46.0,"11,501 M"
05/22/2026,1630,CMCSA,25.205,+0.50%,Communication Services,.7232,0.59,$4.84,34.3580131208997,24.1330834114339,25.87,27.65,28.55,8.0,0.07,0.48,"26,572,303",100040.45,3.384702323E7,3.227492276E7,7.33,-13.74,-0.77,1.63,32.55,25.07,-25.07,-25.07,46.0,"90,038 M"
05/22/2026,1630,CMG,32.89,+0.27%,Consumer Discretionary,1.001,0.48,$1.14,58.42,29.75,32.81,33.32,36.88,1.0,0.43,0.47,"18,624,005",-100343.17,1.595424543E7,1.59175227E7,10.58,0.4,1.23,-0.45,38.6,31.38,-31.38,-32.09,45.0,"42,189 M"
05/22/2026,1630,CMI,639.55,+0.44%,Industrials,1.209,24.79,$19.34,718.08,307.905,674.79,616.65,518.35,-6.0,-0.53,0.0,"1,106,858",-200439.02,854034.13,877382.53,-7.11,15.29,-5.89,-3.02,718.11,510.38,718.11,718.11,49.0,"88,251 M"
05/22/2026,1630,CNA,44.05,-0.63%,Financials,.3385,0.55,<empty>,50.72,42.48,44.89,45.99,46.74,10.0,0.2,0.69,"399,347",-100846.15,472334.08,491450.96,-73.05,-3.74,1.17,-0.45,50.58,42.07,-42.07,-42.07,48.0,"11,917 M"
05/22/2026,1630,CNC,59.14,+2.37%,Health Care,.9495,1.86,$14.45,60.76,25.075,55.55,43.83,39.0,-8.0,-0.89,-0.27,"2,917,604",200750.18,6473227.18,6412464.98,-45.25,79.32,5.68,-0.02,60.07,32.38,-32.38,61.02,44.0,"29,203 M"
05/22/2026,1630,CNH,10.11,-0.39%,,1.59,0.28,($0.37),14.27,9.0,10.49,10.65,10.8,-9.0,-0.29,-0.53,"8,424,570",100449.17,1.658027285E7,1.563147448E7,-47.88,-5.87,-7.76,-1.17,13.62,10.45,-10.45,11.1,46.0,"12,536 M"
05/22/2026,1630,CNX,35.31,-0.68%,Energy,.6347,0.73,$3.98,43.62,27.72,36.97,38.56,36.01,-2.0,-0.07,-0.57,"1,002,063",-100043.45,2028230.26,2130265.45,-41.37,-12.73,-1.15,-5.51,44.54,35.07,-35.07,-35.07,41.0,"4,996 M"
05/22/2026,1630,COAL,24.61,-0.69%,,.8534,0.48,<empty>,29.1,16.5903,25.31,26.12,23.94,3.0,-0.03,0.46,"40,454",-200246.27,199348.96,170896.92,-46.11,-13.04,-1.91,0.08,29.38,24.59,29.38,-25.02,NaN,67 M
05/22/2026,1630,COCO,76.04,-3.54%,Consumer Staples,.7318,3.87,$1.13,79.7,31.79,70.58,58.74,49.91,-14.0,-0.94,-0.35,"996,994",-100262.17,1557102.27,1439472.52,-17.67,38.99,6.2,-0.54,77.06,45.37,80.04,80.04,45.0,"4,343 M"
05/22/2026,1630,COF,187.79,+0.61%,Financials,1.043,3.41,$45.02,259.635,174.98,188.42,188.83,212.42,3.0,0.46,0.52,"3,291,872",0.0,4527960.36,4930454.4,-6.8,1.71,-0.89,3.16,211.6,175.39,-175.39,-180.02,40.0,"116,860 M"
05/22/2026,1630,COIN,184.99,-4.43%,Financials,3.208,8.53,$6.68,444.645,139.36,196.53,191.08,251.12,-6.0,-0.83,-0.32,"7,865,586",100776.57,1.05031907E7,1.118036292E7,-30.04,2.18,-8.04,-4.37,222.06,153.62,222.06,222.06,46.0,"48,738 M"
05/22/2026,1630,COM,34.42,-0.06%,,.0011,0.37,<empty>,35.62,27.4615,34.59,33.92,30.74,-7.0,-0.35,-0.18,"91,942",200018.37,224356.49,203183.85,-7.84,3.33,-0.49,-1.46,36.07,32.62,36.07,36.07,NaN,291 M
05/22/2026,1630,COP,120.46,-0.07%,Energy,.1812,3.44,$4.72,135.87,84.28,121.22,123.65,103.35,-3.0,-0.2,-0.8,"4,946,950",100039.45,9005544.78,9405488.3,-36.52,-6.87,5.79,-3.72,136.38,108.6,136.38,-114.1,51.0,"146,756 M"
05/22/2026,1630,COPJ,41.96,+0.38%,,1.229,2.12,<empty>,53.945,21.249,42.46,41.03,38.15,-7.0,-0.48,-0.39,"46,741",0.0,126745.02,141097.65,-64.3,15.78,-3.76,2.74,49.58,34.44,-34.44,48.07,NaN,164 M
05/22/2026,1630,COPX,83.35,+0.40%,,1.074,3.94,<empty>,99.99,40.23,82.82,80.43,70.72,1.0,-0.48,0.41,"1,966,695",100454.09,4275731.96,4533607.39,-61.94,14.18,-3.05,5.01,97.61,68.44,-68.44,93.07,NaN,"7,533 M"
05/22/2026,1630,CORN,18.36,+0.27%,,-.0855,0.25,<empty>,19.13,16.61,18.66,18.43,17.83,-3.0,-0.45,-0.26,"280,163",-200124.31,1102924.74,962919.28,-68.49,-0.81,-1.34,-2.03,19.07,18.62,19.07,-18.05,NaN,274 M
05/22/2026,1630,COST,1028.24,-2.11%,Consumer Staples,.9097,29.04,$20.49,1096.5,844.06,1026.54,1007.99,957.32,-3.0,-0.75,-0.47,"2,047,722",0.0,1805675.72,1857112.33,38.39,5.59,1.93,-6.04,1043.07,960.54,-960.54,1097.03,3.0,"456,181 M"
05/22/2026,1630,CP,86.26,-0.52%,Industrials,1.091,0.85,$1.62,89.415,68.421,85.77,82.68,77.43,-1.0,-0.46,-0.47,"2,046,084",-200328.18,2823005.6,2836496.7,-38.62,8.86,0.26,0.15,89.58,76.37,-76.37,88.06,45.0,"76,576 M"
05/22/2026,1630,CPAY,347.90,+0.13%,Financials,.8534,16.27,$18.87,361.99,252.84,326.04,313.68,308.99,-2.0,1.0,-0.71,"419,812",0.0,568428.76,608037.03,19.38,18.4,1.14,1.39,347.09,281.44,-281.44,355.03,50.0,"22,739 M"
05/22/2026,1630,CPER,38.92,+0.88%,,.4858,1.14,<empty>,40.78,27.08,37.87,36.25,33.38,1.0,-0.76,0.38,"950,798",-100035.06,850978.35,856988.95,27.07,16.7,1.7,3.43,41.07,32.44,41.07,41.07,NaN,753 M
05/22/2026,1630,CPNG,16.12,+2.48%,Consumer Discretionary,1.17,1.35,$0.16,34.075,15.03,17.7,18.93,24.32,8.0,0.23,0.45,"16,247,904",-100247.13,2.160256958E7,2.269078099E7,4.41,-12.96,-5.06,5.64,22.25,15.03,22.25,-15.02,49.0,"28,936 M"
05/22/2026,1630,CPRI,18.48,+0.54%,Consumer Discretionary,1.48,0.67,($1.12),28.265,16.22,18.43,18.81,21.33,7.0,0.33,0.58,"2,393,146",0.0,2543917.93,2746227.13,-5.12,1.15,-0.27,8.07,22.23,17.38,22.23,-17.02,2.0,"2,202 M"
05/22/2026,1630,CPT,107.47,+1.22%,Real Estate,.8304,1.16,$7.67,119.0,96.53,104.79,102.13,105.28,5.0,0.83,0.68,"1,248,928",-300026.12,1194951.6,1140943.68,49.61,9.76,3.57,2.29,111.6,97.39,-97.39,-103.05,46.0,"10,649 M"
05/22/2026,1630,CRCL,113.12,-1.53%,Information Technology,2.86,6.43,$2.10,298.99,49.9,112.01,107.48,103.85,-9.0,-0.58,-0.4,"9,723,228",101206.1,1.61467634E7,1.809004386E7,-70.18,11.81,-0.48,1.88,140.08,59.62,140.08,140.08,53.0,"28,119 M"
05/22/2026,1630,CRI,37.23,-0.88%,Consumer Discretionary,.8951,1.68,$3.58,44.44,23.3805,35.34,35.64,33.07,8.0,0.35,0.87,"823,820",-100252.45,1114342.22,1227653.74,-56.84,7.14,5.38,4.17,43.62,32.53,-32.53,-32.08,42.0,"1,372 M"
05/22/2026,1630,CRM,180.07,+2.13%,Information Technology,1.123,6.04,$15.16,280.74,163.52,178.8,181.95,222.38,1.0,0.67,0.61,"10,172,268",100345.51,1.297850414E7,1.353509856E7,20.46,-1.61,-0.96,0.36,205.5,164.3,-164.3,-164.06,2.0,"147,307 M"
05/22/2026,1630,CRSP,50.36,+0.92%,Health Care,1.504,2.42,($4.61),78.48,35.38,51.47,51.02,55.74,3.0,0.41,0.35,"1,547,819",-200465.52,1714221.42,1910300.79,-9.58,8.46,-8.15,5.82,62.6,44.38,-44.38,-47.03,53.0,"4,857 M"
05/22/2026,1630,CRWD,663.46,+2.35%,Information Technology,1.076,61.49,$4.95,674.84,342.72,536.66,462.83,465.21,-2.0,1.0,-0.95,"2,776,382",-200456.31,3412674.55,3948507.25,27.15,68.82,25.71,7.55,584.06,345.62,-345.62,-433.16,7.0,"168,875 M"
05/22/2026,1630,CSCO,120.41,+1.87%,Information Technology,.9537,10.85,$2.98,120.79,62.3,101.81,89.89,77.88,-4.0,1.0,-0.72,"22,212,286",-100243.07,2.322967849E7,2.299355051E7,75.11,48.91,24.69,4.36,119.06,75.53,-75.53,-87.17,55.0,"474,588 M"
05/22/2026,1630,CSX,45.52,-0.83%,Industrials,1.229,0.63,$1.02,46.735,30.17,45.27,42.92,38.01,-3.0,-0.65,-0.49,"8,929,269",-100025.09,1.255229287E7,1.259685285E7,-26.07,17.11,1.54,-1.22,47.21,38.44,-38.44,47.02,45.0,"84,582 M"
05/22/2026,1630,CTA,30.70,-0.78%,,-.2573,0.58,<empty>,32.76,26.36,31.62,30.55,28.59,-3.0,-0.52,-0.14,"603,376",200033.36,826007.4,770673.56,29.97,5.07,-0.07,-5.07,33.14,28.25,33.04,33.04,NaN,"1,642 M"
05/22/2026,1630,CUBE,40.07,-0.10%,Real Estate,1.124,0.73,<empty>,44.13,35.09,39.78,38.78,38.79,3.0,0.6,0.44,"1,342,001",-200031.48,2307225.39,2309437.84,-54.53,10.48,-0.96,2.85,42.58,36.41,-36.41,-38.03,46.0,"9,072 M"
05/22/2026,1630,CURB,28.32,-1.29%,Real Estate,.5616,0.35,$1.15,28.94,21.62,27.86,27.18,24.65,5.0,0.39,0.68,"606,990",0.0,747781.29,779115.91,3.28,9.9,1.58,2.09,29.18,25.44,29.18,-27.14,44.0,"2,989 M"
05/22/2026,1630,CVNA,68.28,+6.04%,Consumer Discretionary,1.96,5.5,$1.06,97.378,54.464,73.4,69.59,73.77,3.0,0.28,0.14,"9,359,969",0.0,1.324886229E7,1.363556432E7,-23.33,13.43,-12.39,7.78,84.16,54.38,84.16,-61.02,45.0,"48,908 M"
05/22/2026,1630,CVS,93.26,-0.06%,Health Care,.6154,4.55,$5.82,98.43,58.5,89.23,80.67,77.86,-7.0,-0.87,-0.32,"4,837,720",100230.13,8144947.76,8207446.46,-10.01,28.1,2.99,-0.98,98.06,70.38,98.06,98.06,46.0,"118,993 M"
05/22/2026,1630,CVX,191.43,+0.22%,Energy,.5003,4.67,$7.22,214.71,134.06,189.25,193.3,169.26,-3.0,0.33,-0.85,"7,207,065",200035.45,1.193040857E7,1.208825008E7,-12.42,-7.43,5.4,-2.95,215.38,178.25,-178.25,199.03,47.0,"381,252 M"
05/22/2026,1630,CWH,7.45,+0.95%,Consumer Discretionary,2.145,0.39,($1.68),19.64,5.7,7.18,6.97,11.66,5.0,0.58,0.58,"2,917,987",400786.17,3184585.73,3508017.22,-8.18,10.7,-0.53,9.24,12.62,6.45,-6.45,-6.07,44.0,473 M
05/22/2026,1630,CZR,28.47,+2.04%,Consumer Discretionary,1.835,0.71,$2.59,31.58,17.86,27.6,27.22,24.42,7.0,0.48,0.4,"3,589,208",101147.52,4080329.27,4904959.81,-11.15,8.21,1.53,3.53,31.51,20.61,31.51,-25.08,44.0,"5,799 M"
05/22/2026,1630,D,67.67,-0.91%,Utilities,.6474,2.7,($8.61),68.97,53.36,63.98,62.85,61.3,-1.0,0.9,-0.97,"6,387,551",100125.04,5718253.32,5777009.65,64.46,12.28,9.34,-0.68,66.15,59.44,69.04,69.04,46.0,"59,517 M"
05/22/2026,1630,DAL,76.14,+0.65%,Industrials,1.293,2.21,$6.03,77.1,45.28,70.82,68.48,64.71,3.0,0.73,0.73,"6,434,093",100259.48,1.056805668E7,1.137345245E7,-25.05,14.24,3.83,12.37,75.25,55.53,-55.53,-66.17,31.0,"50,024 M"
05/22/2026,1630,DAPP,21.27,-1.21%,,3.39,0.75,<empty>,27.4899,12.6005,20.57,18.38,19.01,2.0,-0.81,0.44,"1,895,562",-100342.12,921326.18,865175.57,555.15,32.69,-1.76,6.72,23.06,14.38,23.06,23.06,NaN,531 M
05/22/2026,1630,DAR,58.60,+1.28%,Consumer Staples,1.1,2.04,$3.48,66.02,29.15,62.12,60.6,43.34,-9.0,0.0,-0.02,"1,964,696",400751.33,3031919.46,2967166.2,-21.73,0.9,-7.16,-2.25,66.13,51.52,66.13,66.13,46.0,"9,313 M"
05/22/2026,1630,DASH,160.25,+0.62%,Consumer Discretionary,1.897,5.81,$4.07,285.5,143.3,163.69,163.57,210.66,7.0,0.59,0.37,"5,102,063",-100653.12,4590553.03,4626371.57,22.47,3.57,-2.24,3.62,191.24,143.39,191.24,-147.02,53.0,"69,824 M"
05/22/2026,1630,DDOG,222.32,+1.96%,Information Technology,1.358,23.26,$2.74,224.7693,98.0101,179.54,144.96,141.91,-8.0,1.0,-0.56,"4,862,759",100066.12,5493403.26,5534041.28,-27.68,81.38,11.07,3.33,205.07,98.62,-98.62,-128.16,51.0,"79,137 M"
05/22/2026,1630,DDS,561.80,+1.80%,Consumer Discretionary,1.183,13.48,$48.36,711.975,356.8501,554.27,573.9,589.87,7.0,0.14,0.64,"82,596",-100900.07,103319.74,116131.94,22.27,-0.97,-0.26,5.8,639.23,518.03,639.23,-518.03,55.0,"8,774 M"
05/22/2026,1630,DE,529.15,-0.41%,Industrials,.9429,18.82,$13.22,674.1899,433.0,569.92,576.29,520.67,-8.0,0.0,-0.25,"1,763,448",-100330.02,1215318.39,1268650.63,120.62,-9.24,-7.95,-5.18,648.62,550.37,648.62,594.16,60.0,"142,927 M"
05/22/2026,1630,DECK,106.67,+3.95%,Consumer Discretionary,1.106,4.15,$6.28,126.5,78.91,99.55,102.21,102.95,7.0,0.33,0.66,"5,162,458",200542.01,2015075.08,2062775.8,188.08,5.21,6.22,13.15,122.61,93.39,122.61,-92.02,41.0,"15,142 M"
05/22/2026,1630,DELL,295.19,+16.77%,Information Technology,1,17.12,$12.67,298.32,106.38,234.41,201.1,150.27,2.0,1.0,0.7,"15,240,655",-100455.45,7501516.43,8143844.53,296.65,66.86,13.33,25.47,264.1,117.61,-117.61,-201.16,3.0,"191,746 M"
05/22/2026,1630,DEO,86.13,+0.17%,Consumer Staples,.5518,1.97,$1.13,116.41,72.45,81.91,78.86,91.08,5.0,0.84,0.74,"556,506",-100240.51,1548091.86,1826213.81,-43.32,18.85,2.17,2.18,103.62,72.42,-72.42,-77.17,51.0,"47,879 M"
05/22/2026,1630,DG,105.65,+0.51%,Consumer Staples,.2993,5.43,$10.87,158.23,95.11,109.86,117.47,121.2,7.0,0.2,0.53,"2,435,053",-200256.09,3363790.26,3377930.58,-27.94,-10.37,-6.74,2.1,158.6,100.03,158.6,119.13,6.0,"23,267 M"
05/22/2026,1630,DGX,195.21,+0.72%,Health Care,.6114,2.37,$11.97,213.5,164.65,191.3,194.57,187.94,5.0,0.2,0.62,"871,295",300125.24,924821.69,895819.29,53.54,-0.44,4.17,2.53,214.59,186.1,-186.1,-186.1,39.0,"21,609 M"
05/22/2026,1630,DIN,30.37,+0.16%,Consumer Discretionary,.9725,1.02,$2.62,39.68,19.58,28.7,27.92,28.77,-6.0,0.61,-0.65,"237,403",-100258.08,426367.55,439051.42,-60.65,11.2,7.01,2.64,33.55,24.29,-24.29,32.06,50.0,385 M
05/22/2026,1630,DIS,103.00,-0.56%,Communication Services,1.414,2.29,$3.98,124.69,92.185,103.96,101.32,108.49,-2.0,-0.72,-0.25,"5,690,155",200128.13,9448977.72,9788241.55,-32.26,6.86,-4.65,0.69,110.11,92.39,110.11,110.11,50.0,"178,861 M"
05/22/2026,1630,DK,43.68,+3.75%,Energy,.5429,1.6,$7.70,49.5,18.12,45.05,43.59,35.62,-3.0,-0.5,-0.3,"745,306",100766.18,1371195.07,1467783.66,-37.26,-4.86,-5.13,-4.08,50.13,33.62,50.13,50.13,51.0,"2,677 M"
05/22/2026,1630,DKL,51.30,-0.95%,Energy,.4664,0.48,$1.89,55.89,41.0,51.74,51.36,47.85,-3.0,-0.42,-0.45,"28,635",-100233.45,57041.6,62023.74,-41.79,-5.4,0.49,-1.93,55.58,48.34,-48.34,-49.1,51.0,"2,728 M"
05/22/2026,1630,DKNG,25.12,-1.10%,Consumer Discretionary,1.5,0.51,$1.15,48.78,20.46,24.5,23.64,31.69,-4.0,-0.88,-0.47,"9,799,127",0.0,1.244629454E7,1.291769185E7,6.42,7.76,-1.57,-1.64,27.1,20.38,27.1,27.1,50.0,"12,463 M"
05/22/2026,1630,DLTR,94.98,-0.76%,Consumer Staples,.5865,3.0,$6.41,142.4,84.71,93.52,100.88,109.66,7.0,0.19,0.77,"2,396,973",-100652.2,3537908.57,3347140.34,-21.75,-10.84,0.79,4.82,133.62,86.07,-86.07,-86.07,3.0,"18,495 M"
05/22/2026,1630,DOC,19.73,+0.46%,Real Estate,1.027,0.8,$1.77,19.91,15.7,18.41,17.48,17.53,-9.0,-0.98,-0.36,"5,630,453",101533.13,8665483.37,8238515.84,-37.68,18.14,0.46,2.23,20.06,16.18,20.06,20.06,41.0,"13,602 M"
05/22/2026,1630,DOCU,49.53,+1.14%,Information Technology,1,1.66,$5.24,94.67,40.16,47.37,47.01,60.98,1.0,1.0,0.67,"2,276,640",100656.47,3985216.77,4348313.33,-28.48,7.3,3.4,0.22,51.45,40.61,-40.61,51.03,8.0,"9,623 M"
05/22/2026,1630,DOV,209.90,+1.03%,Industrials,1.196,5.92,$8.33,237.54,158.97,218.03,215.33,196.98,3.0,-0.07,0.33,"564,388",200232.22,982151.51,1042592.67,-47.58,-2.63,-4.52,1.13,234.62,201.35,-201.35,-206.03,41.0,"28,265 M"
05/22/2026,1630,DOW,36.01,+0.28%,Materials,1,1.36,($0.53),42.74,20.4019,38.48,38.68,28.69,-5.0,0.0,-0.27,"9,009,101",-100256.26,1.33771715E7,1.396155319E7,2.52,-6.0,-2.33,-4.58,43.37,29.59,43.37,41.13,41.0,"25,954 M"
05/22/2026,1630,DPZ,316.52,+0.02%,Consumer Discretionary,1.04,9.09,$19.33,496.0,297.4761,321.8,350.96,402.22,6.0,0.18,0.74,"506,138",-100231.2,988902.53,1016850.96,-52.38,-12.1,-2.15,1.21,418.62,297.04,-297.04,-297.04,38.0,"10,528 M"
05/22/2026,1630,DRI,203.51,+3.27%,Consumer Discretionary,.5771,2.59,$8.56,228.27,169.0,196.2,197.52,196.03,3.0,0.31,0.7,"1,503,926",-100132.45,1323066.29,1304825.2,54.27,1.49,3.71,5.05,216.62,187.29,-187.29,-190.03,22.0,"23,309 M"
05/22/2026,1630,DRLL,37.36,+0.52%,,.4786,1.01,<empty>,41.0248,25.93,37.04,37.33,31.76,-3.0,-0.34,-0.86,"6,550",-200127.29,30993.73,29845.32,-60.23,-5.15,5.96,-3.63,41.38,34.25,-34.25,39.03,NaN,297 M
05/22/2026,1630,DRVN,13.77,+2.15%,Consumer Discretionary,.9839,0.47,$0.66,19.74,9.8,13.28,12.64,14.78,2.0,0.87,0.64,"1,230,792",100771.02,1987028.9,2260360.75,3.13,11.23,2.68,4.08,17.62,10.61,-10.61,14.03,NaN,"2,271 M"
05/22/2026,1630,DT,41.21,+5.26%,Information Technology,.7404,1.61,$1.76,57.55,31.635,38.41,37.29,42.68,1.0,0.98,0.65,"4,492,087",100448.08,7155859.26,7395608.53,3.56,12.75,1.25,3.13,41.11,32.3,-32.3,41.03,50.0,"12,012 M"
05/22/2026,1630,DVN,47.22,+0.23%,Energy,.5166,1.63,$3.88,52.71,30.24,48.49,48.26,39.7,-3.0,-0.19,-0.54,"9,114,256",-200239.13,1.573490048E7,1.539527717E7,-17.86,-6.07,3.53,-4.97,53.38,42.6,53.38,-44.11,49.0,"54,444 M"
05/22/2026,1630,DXCM,72.10,+0.28%,Health Care,1.368,4.97,$3.68,89.98,54.11,62.33,63.46,67.95,6.0,0.98,1.0,"6,726,853",500742.03,5329738.79,5038002.88,22.47,8.26,18.96,7.69,74.6,57.17,-57.17,-57.17,45.0,"27,821 M"
05/22/2026,1630,EA,200.97,-0.45%,Communication Services,.6621,0.56,$9.29,204.885,141.19,201.34,201.97,196.56,-1.0,-0.33,-0.73,"1,911,761",0.0,1858398.53,2005420.87,33.72,-0.32,0.26,-0.36,204.32,197.53,204.32,-199.07,44.0,"50,394 M"
05/22/2026,1630,EAT,137.41,+0.62%,Consumer Discretionary,1.246,6.25,$11.42,187.123,100.3,138.39,143.78,143.58,3.0,0.15,0.38,"773,128",200751.07,1211169.83,1238103.86,-40.8,-9.35,-0.92,8.77,162.25,126.03,162.25,-125.02,54.0,"5,893 M"
05/22/2026,1630,EBAY,115.75,-1.18%,Consumer Discretionary,1.403,4.2,$3.71,119.31,71.53,109.51,101.13,92.33,-2.0,-0.99,-0.71,"4,202,628",300043.15,5899481.18,5724789.12,-79.48,29.91,7.48,1.32,114.07,83.61,-83.61,119.02,45.0,"51,393 M"
05/22/2026,1630,ECH,40.29,-1.13%,,.7637,0.83,<empty>,47.845,29.28,40.9,40.94,38.57,3.0,0.27,0.46,"235,919",200131.43,676930.47,844874.07,-77.52,4.65,-3.24,2.31,45.61,38.54,-38.54,-39.05,NaN,"1,007 M"
05/22/2026,1630,ECPG,80.20,-1.68%,Financials,1.321,1.51,$7.32,92.64,35.675,82.21,77.35,57.12,-1.0,-0.11,-0.1,"186,551",-400926.12,342300.05,352172.0,-12.08,12.99,-4.39,-0.39,93.11,56.62,93.11,-78.05,50.0,"1,720 M"
05/22/2026,1630,EDEN,112.4915,-0.23%,,.8804,0.99,<empty>,125.6375,98.31,111.17,107.86,111.05,3.0,0.73,0.45,"21,716",-200100.15,6359.95,8397.86,-30.78,13.06,0.31,2.21,113.09,98.44,113.09,113.09,NaN,202 M
05/22/2026,1630,EDU,46.43,-2.38%,Consumer Discretionary,.1596,2.7,$4.09,64.97,41.62,52.28,54.43,54.42,-11.0,0.0,-0.22,"1,305,973",0.0,804139.53,783913.62,160.81,-16.02,-13.39,-8.0,61.62,50.57,61.62,57.12,45.0,"7,389 M"
05/22/2026,1630,EDV,62.59,+0.77%,,.7294,1.01,<empty>,71.305,60.485,62.89,63.98,66.4,3.0,0.08,0.5,"727,779",-200019.06,1363928.98,1305832.91,-42.01,-2.87,-2.25,3.03,69.59,60.03,69.59,-60.03,NaN,"3,809 M"
05/22/2026,1630,EEM,65.88,-0.23%,,.7206,1.14,<empty>,68.15,45.2301,65.45,61.66,56.79,2.0,-0.7,0.28,"30,805,725",-200238.45,3.309713689E7,3.801808596E7,55.96,16.56,-3.03,2.52,68.09,54.38,68.09,68.09,NaN,"29,172 M"
05/22/2026,1630,EFNL,56.74,+1.32%,,.7801,0.79,<empty>,56.92,34.96,54.66,52.33,47.53,3.0,0.82,0.42,"5,848",100100.1,10234.08,10626.94,42.18,17.83,4.84,4.04,56.06,47.39,-47.39,-52.04,NaN,57 M
05/22/2026,1630,EFX,164.04,+0.92%,Industrials,1.33,5.78,$9.32,275.91,156.47,167.86,176.33,210.64,5.0,0.29,0.6,"1,054,773",200041.15,1730621.56,1653051.41,-74.28,-3.22,-6.71,2.0,211.55,156.05,-156.05,-156.05,39.0,"19,533 M"
05/22/2026,1630,EGP,205.16,-0.01%,Real Estate,1.071,1.55,$9.22,206.78,159.365,202.36,195.57,182.23,3.0,0.75,0.38,"245,676",100017.12,355356.37,351055.35,-22.73,12.17,-0.08,1.4,207.1,181.44,207.1,207.1,41.0,"11,028 M"
05/22/2026,1630,EIS,133.83,+0.84%,,1.025,2.46,<empty>,136.98,80.65,132.41,126.16,111.62,3.0,0.62,0.26,"30,981",-200200.39,121778.69,151627.5,-64.96,12.27,-2.23,3.46,137.11,110.38,137.11,137.11,NaN,997 M
05/22/2026,1630,EL,88.32,+11.92%,Consumer Staples,1.26,3.43,$3.55,121.635,62.57,81.05,78.11,93.54,2.0,0.75,0.62,"8,104,425",-200762.43,4551479.42,4493830.88,51.95,23.56,2.46,16.0,118.62,66.35,-66.35,-75.16,59.0,"31,954 M"
05/22/2026,1630,ELS,63.55,+0.78%,Real Estate,2.097,0.67,<empty>,69.0,58.15,62.81,63.69,62.74,5.0,0.34,0.77,"1,150,347",0.0,1366832.3,1672873.2,26.51,0.32,0.49,1.05,69.49,61.05,-61.05,-61.05,39.0,"12,325 M"
05/22/2026,1630,ELV,394.69,+1.25%,Health Care,.6248,10.41,$29.01,408.0,273.71,382.62,337.0,332.69,-7.0,-0.92,-0.35,"1,090,599",-200245.58,1686920.25,1930872.45,3.64,35.95,4.4,-1.88,401.07,275.53,-275.53,408.02,36.0,"85,712 M"
05/22/2026,1630,EMB,95.17,+0.19%,,.3422,0.59,<empty>,97.8,89.675,95.46,95.11,95.67,3.0,0.56,0.31,"3,203,151",100110.44,9160607.15,1.017554058E7,-65.38,1.7,-1.02,0.98,98.61,93.39,-93.39,-94.03,NaN,"13,952 M"
05/22/2026,1630,EMR,136.42,+1.13%,Industrials,1.224,4.35,$5.55,165.15,114.91,137.55,136.61,137.19,3.0,0.4,0.32,"2,950,714",0.0,3013590.48,2965489.62,-11.04,4.82,-3.46,4.42,153.6,123.38,-123.38,-128.03,50.0,"76,409 M"
05/22/2026,1630,ENB,58.04,+0.43%,Energy,.5885,1.38,$0.41,58.45,43.5892,55.13,54.24,50.05,5.0,0.85,0.89,"4,461,719",200120.04,4711689.3,4666917.9,-3.36,6.61,8.3,2.2,56.06,52.22,-52.22,-53.17,47.0,"126,742 M"
05/22/2026,1630,ENPH,64.03,+2.71%,Information Technology,1.263,9.52,$1.11,64.94,25.775,41.89,38.98,37.03,3.0,1.0,1.0,"10,828,511",401902.02,7417801.56,6921216.99,96.03,56.29,75.67,36.93,51.61,30.17,-30.17,-30.17,44.0,"8,439 M"
05/22/2026,1630,ENR,18.18,+5.09%,Consumer Staples,.7532,0.87,$2.31,30.29,15.75,18.06,18.0,21.87,3.0,0.54,0.46,"1,083,281",100647.13,1169798.57,1227989.11,-38.73,9.25,-3.61,12.01,23.62,16.37,23.62,-16.02,49.0,"1,245 M"
05/22/2026,1630,ENVX,6.68,+6.03%,Industrials,2.166,0.47,($0.60),16.49,4.615,6.54,6.01,8.06,3.0,0.75,0.21,"11,134,540",-100090.07,6312162.94,6453114.55,152.55,32.54,1.06,20.8,8.07,5.53,8.07,-5.03,45.0,"1,457 M"
05/22/2026,1630,ENZL,44.52,+0.18%,,.8902,0.78,<empty>,48.24,41.6875,44.66,44.12,45.47,2.0,-0.67,0.26,"42,156",0.0,24730.56,23287.54,453.76,3.99,-3.14,1.16,48.59,42.38,-42.38,46.09,NaN,71 M
05/22/2026,1630,EOG,141.22,+0.89%,Energy,.3128,4.45,$7.36,151.87,101.5936,137.72,137.99,119.27,-3.0,0.36,-0.88,"2,514,510",-100039.45,4231662.86,4725460.03,-24.53,-0.92,8.61,-2.13,152.38,119.6,152.38,146.02,51.0,"75,218 M"
05/22/2026,1630,EPD,39.63,+0.41%,Energy,.4981,0.84,$1.37,40.165,30.01,38.62,38.09,33.97,-3.0,0.51,-0.76,"3,551,927",100225.07,4594451.11,4479761.42,-34.49,3.23,6.56,-0.43,40.39,35.6,-35.6,40.03,44.0,"85,740 M"
05/22/2026,1630,EPHE,24.72,+0.37%,,.5933,0.28,<empty>,28.4,23.17,24.6,24.81,25.43,3.0,0.44,0.62,"112,556",200100.53,107663.09,146601.61,10.42,1.15,-1.94,2.15,28.61,24.38,-24.38,26.11,NaN,132 M
05/22/2026,1630,EPOL,39.95,+0.48%,,1.065,0.47,<empty>,40.9399,29.03,39.06,38.01,35.42,3.0,0.56,0.42,"153,532",100040.21,434142.5,517312.99,-30.68,15.43,2.36,2.65,41.25,34.44,41.25,40.12,NaN,633 M
05/22/2026,1630,EPR,58.62,-0.15%,Real Estate,1.061,0.81,$5.71,62.08,48.105,57.28,54.91,54.23,-1.0,-0.84,-0.56,"417,662",-200635.45,791825.98,846179.99,-47.36,16.43,0.58,1.17,62.6,48.39,-48.39,59.11,45.0,"4,485 M"
05/22/2026,1630,EPU,82.60,-1.09%,,.7852,1.86,<empty>,95.28,45.96,81.13,81.28,72.21,3.0,0.35,0.59,"19,814",0.0,86260.87,96607.03,-90.45,7.22,-0.88,4.15,95.59,74.44,-74.44,85.07,NaN,512 M
05/22/2026,1630,EQR,66.20,+0.67%,Real Estate,.7771,0.61,$4.27,70.31,57.57,65.44,62.39,62.5,1.0,-0.81,0.37,"2,034,973",100025.02,2660496.26,2602545.5,-7.2,12.83,1.01,0.7,67.13,58.44,67.13,-64.05,49.0,"24,803 M"
05/22/2026,1630,EQRR,78.9554,+1.09%,,.9214,1.0,<empty>,79.14,57.43,76.2,72.79,66.5,3.0,0.97,0.54,"20,462",200000.38,20952.6,16525.08,219.78,13.22,4.0,2.63,78.06,67.49,-67.49,-74.17,NaN,58 M
05/22/2026,1630,EQT,57.92,+0.31%,Energy,.5997,1.14,$6.55,68.24,48.47,57.75,60.01,56.42,1.0,0.29,0.74,"5,201,304",0.0,7810788.13,8109491.84,-6.06,-11.34,3.5,-3.1,68.39,55.07,-55.07,-55.07,40.0,"36,228 M"
05/22/2026,1630,ESI,40.75,+0.97%,Materials,1.249,1.84,$0.50,45.515,20.8,42.23,38.04,30.1,1.0,-0.35,0.04,"1,732,498",300537.18,3030884.71,3119050.48,-34.65,20.7,-7.18,3.22,46.09,29.53,46.09,-38.03,46.0,"9,927 M"
05/22/2026,1630,ESPO,89.10,-0.01%,,1.005,0.71,<empty>,122.986,86.92,90.63,90.93,104.26,-2.0,-0.63,-0.49,"18,409",0.0,15927.5,20097.6,-7.63,1.08,-1.48,-1.16,97.25,87.38,97.25,92.16,NaN,249 M
05/22/2026,1630,ESS,276.70,+1.06%,Real Estate,.7363,3.6,$16.77,294.09,238.46,268.05,256.17,258.02,1.0,1.0,0.59,"367,987",-200020.06,477829.52,482166.65,3.68,13.63,4.99,1.49,273.06,238.39,-238.39,-258.15,44.0,"17,781 M"
05/22/2026,1630,ET,20.07,+0.30%,Energy,.5634,0.28,$0.98,20.7,16.18,19.95,19.4,17.83,-3.0,-0.63,-0.34,"6,855,321",500224.14,1.609711524E7,1.563454293E7,-79.91,4.48,3.77,-1.57,21.13,18.52,-18.52,21.02,50.0,"69,064 M"
05/22/2026,1630,ETH,19.60,-3.59%,,2.351,0.93,<empty>,45.785,17.065,21.39,21.14,29.1,-1.0,-0.73,-0.46,"3,019,154",100474.57,3467074.53,4297367.54,14.05,-2.2,-10.87,-2.24,23.25,17.62,23.25,23.13,NaN,"1,877 M"
05/22/2026,1630,ETH-USD,-75.60,+1.04%,,3.92,5.8,<empty>,4.9275,-84.005,-68.1,-49.45,-27.5,6.0,0.19,0.79,"832,441",-100371.03,967110.59,937511.08,0.55,144.11,3.12,6.21,-22.62,-83.94,84.38,84.14,NaN,"-2,290 M"
05/22/2026,1630,ETHA,15.57,-3.59%,,2.208,0.75,<empty>,36.8,13.62,17.0,16.83,23.3,-1.0,-0.73,-0.46,"21,435,258",0.0,3.053798611E7,3.221068055E7,-11.19,-2.5,-10.93,-2.26,19.25,14.62,19.25,18.13,NaN,"6,254 M"
05/22/2026,1630,ETHE,16.73,-3.57%,,3.261,0.8,<empty>,40.135,14.71,18.27,18.1,25.26,-1.0,-0.73,-0.46,"2,429,993",0.0,2608089.49,3133219.0,-3.93,-2.85,-10.92,-2.16,20.25,15.62,20.25,19.13,NaN,"1,682 M"
05/22/2026,1630,ETSY,62.38,+2.70%,Consumer Discretionary,1.776,2.64,$6.75,76.515,44.0,61.87,57.71,58.86,6.0,0.52,0.36,"2,512,718",100462.18,2961077.07,3030982.59,-31.95,26.12,-3.11,8.28,71.17,47.39,71.17,-56.07,45.0,"5,920 M"
05/22/2026,1630,EWA,28.78,-0.72%,,.9913,0.41,<empty>,30.4799,24.94,29.14,28.9,27.57,3.0,-0.28,0.29,"1,604,262",-100126.56,3326722.03,4121124.01,-22.26,4.43,-2.57,0.88,30.25,27.38,30.25,-28.03,NaN,"1,433 M"
05/22/2026,1630,EWC,58.51,-0.12%,,.8685,0.36,<empty>,58.89,43.9,57.97,56.76,53.43,3.0,0.66,0.5,"1,147,417",100214.17,2320099.21,2588380.55,-32.71,8.19,0.72,1.77,59.23,53.44,59.23,-57.17,NaN,"5,377 M"
05/22/2026,1630,EWD,52.43,+0.36%,,1.101,0.84,<empty>,54.93,42.99,51.1,50.75,49.5,5.0,0.57,0.54,"107,054",-100022.37,160500.01,170827.07,-40.39,9.76,1.96,4.69,55.59,47.44,-47.44,-49.05,NaN,319 M
05/22/2026,1630,EWG,42.91,-0.33%,,.9656,0.51,<empty>,44.65,37.975,42.3,41.32,41.87,5.0,0.83,0.51,"906,316",200133.38,2271074.29,2355855.98,-70.12,10.17,0.61,2.07,45.59,38.39,-38.39,44.12,NaN,"1,455 M"
05/22/2026,1630,EWH,23.49,-1.43%,,.3879,0.32,<empty>,24.66,18.69,23.9,23.45,22.44,-7.0,-0.51,-0.17,"1,721,215",100226.38,4382191.64,5076003.35,-38.91,4.26,-3.25,-0.68,25.11,21.42,25.11,25.11,NaN,"1,076 M"
05/22/2026,1630,EWI,58.59,-0.66%,,.8861,0.61,<empty>,59.665,45.79,58.18,56.16,53.91,3.0,-0.68,0.33,"423,361",200134.44,470065.02,526901.72,-0.9,13.61,-0.91,2.09,60.12,50.44,60.12,60.12,NaN,650 M
05/22/2026,1630,EWJ,91.61,+0.26%,,.6891,0.91,<empty>,94.28,71.09,90.38,87.72,84.35,1.0,-0.63,0.52,"4,032,584",300238.54,7607522.45,8804137.08,-6.31,10.0,-0.66,1.46,93.07,81.44,93.07,93.07,NaN,"21,176 M"
05/22/2026,1630,EWJV,45.1898,-0.07%,,.4767,0.57,<empty>,47.69,33.5,44.18,43.31,41.29,-6.0,-0.57,-0.66,"359,359",200000.1,183401.89,212004.81,226.04,8.47,2.19,0.58,47.59,40.44,-40.44,46.07,NaN,705 M
05/22/2026,1630,EWK,26.89,-0.41%,,.692,0.28,<empty>,27.6299,21.42,26.14,25.42,24.59,3.0,0.77,0.58,"4,488",-100100.1,64051.88,55763.75,-74.56,14.62,2.24,2.42,27.62,23.44,-23.44,-25.17,NaN,101 M
05/22/2026,1630,EWM,29.24,-0.24%,,.4813,0.42,<empty>,30.635,23.342,29.74,29.19,27.48,-11.0,-0.35,-0.25,"111,980",-200134.41,304524.43,359074.43,-2.58,1.07,-3.53,-0.2,31.11,28.33,31.11,31.11,NaN,373 M
05/22/2026,1630,EWN,66.84,+0.03%,,1.147,1.03,<empty>,67.19,50.56,64.23,61.77,59.12,3.0,0.91,0.49,"312,503",-100027.09,138413.04,134311.76,96.44,15.48,1.77,4.81,66.06,55.38,-55.38,-61.17,NaN,515 M
05/22/2026,1630,EWO,39.93,+0.45%,,.8045,0.42,<empty>,40.37,27.56,39.31,37.71,34.64,3.0,0.67,0.39,"5,831",100100.48,30970.72,38530.4,-78.18,16.14,0.04,3.02,40.25,34.44,40.25,40.11,NaN,132 M
05/22/2026,1630,EWP,56.51,-1.53%,,.6768,0.57,<empty>,58.99,42.36,56.43,55.64,52.77,-1.0,-0.54,-0.47,"82,444",300124.08,506712.78,554729.73,-94.15,7.07,-1.26,1.25,59.25,51.44,59.25,58.11,NaN,"1,653 M"
05/22/2026,1630,EWQ,45.17,-0.73%,,.8459,0.59,<empty>,48.39,40.91,45.15,44.63,44.64,3.0,0.62,0.46,"330,349",-100016.1,486521.2,498187.16,-18.45,6.43,-1.29,1.69,48.6,42.44,-42.44,47.12,NaN,370 M
05/22/2026,1630,EWS,29.47,-0.14%,,.5427,0.28,<empty>,29.6699,24.845,28.96,28.64,28.33,-1.0,0.78,-0.66,"333,554",-300018.1,818843.08,895969.98,-45.12,7.24,2.01,0.86,30.25,27.55,30.25,30.02,NaN,781 M
05/22/2026,1630,EWUS,43.04,+0.70%,,1.041,0.64,<empty>,45.0422,38.02,42.1,41.45,41.57,5.0,0.64,0.49,"28,279",100023.01,5175.27,4960.49,292.94,9.42,0.27,3.76,45.6,38.38,-38.38,-41.05,NaN,43 M
05/22/2026,1630,EWW,77.76,-0.05%,,.7823,1.09,<empty>,81.6499,57.282,78.01,76.71,71.26,-2.0,-0.49,-0.45,"801,782",100039.55,1615878.95,1854520.13,-53.43,7.31,-2.64,0.31,82.59,70.44,-70.44,81.06,NaN,"2,084 M"
05/22/2026,1630,EWY,182.03,-2.35%,,1.403,6.24,<empty>,194.58,58.525,175.09,151.35,111.36,-1.0,-0.75,-0.28,"11,789,616",200875.54,1.924137356E7,2.31864031E7,-19.26,41.38,-4.3,4.6,195.09,115.37,195.09,195.09,NaN,"22,253 M"
05/22/2026,1630,EWZ,36.37,-1.73%,,.699,1.31,<empty>,42.02,26.193816,38.19,38.5,34.05,3.0,0.0,0.23,"25,796,466",-100335.08,3.088846936E7,3.330297579E7,-6.92,-0.82,-7.03,1.34,42.28,35.44,42.28,-36.03,NaN,"10,464 M"
05/22/2026,1630,EWZS,14.02,-1.61%,,.8072,0.58,<empty>,16.46,11.72,14.63,14.76,14.05,3.0,-0.07,0.28,"294,053",-200431.08,549850.43,566680.1,179.62,0.94,-7.76,2.94,16.23,13.44,16.23,-14.03,NaN,255 M
05/22/2026,1630,EXAS,104.91,0.00%,Health Care,1.418,0.41,$1.89,104.98,38.8118,103.57,103.02,74.29,6.0,0.02,0.29,<empty>,-100037.01,2640344.92,2627886.23,1111.65,2.5,1.36,0.93,104.09,101.61,-101.61,-103.15,34.0,"20,026 M"
05/22/2026,1630,EXP,199.43,+0.15%,Materials,1.368,6.25,<empty>,243.64,171.99,204.75,197.09,216.92,4.0,-0.69,0.4,"304,416",-100240.04,422318.04,430183.3,-30.21,9.07,-5.24,-0.23,237.61,172.44,-172.44,-189.02,44.0,"6,172 M"
05/22/2026,1630,EXPD,158.48,+0.82%,Industrials,1.056,2.23,$6.83,167.19,109.9,152.76,148.08,140.63,-2.0,0.71,-0.86,"1,261,853",0.0,1064827.76,1230627.67,-51.03,11.63,1.14,0.56,157.09,135.62,-135.62,160.02,49.0,"20,728 M"
05/22/2026,1630,EXPE,214.65,-1.59%,Consumer Discretionary,1.248,13.17,$33.16,303.8,156.175,231.92,237.23,238.68,6.0,-0.39,0.29,"1,546,317",100753.56,1733359.73,2087935.91,56.75,-9.43,-6.67,-0.16,280.23,190.62,280.23,-206.02,51.0,"25,763 M"
05/22/2026,1630,EXR,143.30,-0.42%,Real Estate,1.208,2.2,$8.69,155.19,125.71,141.79,138.86,139.47,4.0,0.6,0.5,"801,867",100032.19,1201401.35,1191256.84,2.53,10.41,0.0,2.13,153.58,128.41,-128.41,-137.05,45.0,"30,274 M"
05/22/2026,1630,EYE,17.13,+0.94%,Consumer Discretionary,1.007,2.58,$1.33,30.02,14.75,20.54,23.7,25.72,5.0,0.01,0.25,"1,475,291",100664.07,1959641.96,1859158.9,-21.37,-37.71,-25.39,1.24,30.56,15.07,-15.07,-15.07,50.0,"1,372 M"
05/22/2026,1630,EZA,67.31,-1.39%,,.787,1.85,<empty>,81.755,51.265,69.01,68.9,67.59,-1.0,-0.43,-0.4,"200,430",0.0,232200.2,257819.9,-64.42,5.5,-6.12,1.02,82.59,62.44,-62.44,73.11,NaN,700 M
05/22/2026,1630,F,14.93,+9.22%,Consumer Discretionary,1.718,0.94,$2.40,14.95,9.88,12.72,12.29,12.67,2.0,1.0,1.0,"109,234,763",200552.07,5.380770787E7,5.723886334E7,114.12,26.1,21.19,14.32,15.06,11.38,-11.38,-11.14,45.0,"59,491 M"
05/22/2026,1630,FAF,68.20,+0.53%,Financials,1.287,1.17,<empty>,71.47,53.09,68.74,65.07,64.36,3.0,-0.63,0.42,"830,712",-200239.45,977633.84,952067.05,15.13,17.36,-4.0,1.14,71.58,56.44,-56.44,-66.07,41.0,"6,950 M"
05/22/2026,1630,FANG,200.71,-0.13%,Energy,.4509,5.51,($1.65),214.51,133.75,201.39,195.17,162.15,-3.0,-0.45,-0.46,"1,522,850",100239.52,2912464.41,3223270.4,-44.12,1.85,6.36,-3.4,215.14,164.6,215.14,-187.11,48.0,"56,462 M"
05/22/2026,1630,FAST,43.94,+0.94%,Industrials,.7507,0.42,$1.01,50.63,38.9703,44.12,45.03,44.71,5.0,0.18,0.47,"5,582,896",-100137.45,7373079.26,7442726.79,-13.48,-2.12,-0.52,0.85,50.3,43.09,50.3,46.11,33.0,"50,445 M"
05/22/2026,1630,FCFS,227.59,+0.58%,Financials,.5082,2.29,$12.47,235.97,119.205,224.18,208.34,172.85,1.0,-0.64,0.08,"229,942",100540.36,355270.68,342921.01,-50.25,15.92,-0.04,0.77,236.08,176.62,236.08,236.08,46.0,"9,977 M"
05/22/2026,1630,FCG,30.34,+0.50%,,.5306,0.77,<empty>,33.03,21.76,30.45,30.46,25.76,-3.0,-0.22,-0.71,"473,406",-200133.37,1389529.09,1383806.3,-58.12,-4.05,4.91,-3.65,33.38,26.6,33.38,32.02,NaN,761 M
05/22/2026,1630,FDX,394.20,+1.36%,Industrials,1.347,7.82,$18.48,404.03,214.35,380.57,371.92,303.57,4.0,0.26,0.63,"1,508,063",-200636.15,1761799.06,1754676.31,-69.99,9.51,4.13,5.13,404.16,341.38,404.16,-354.14,20.0,"94,059 M"
05/22/2026,1630,FICO,1239.91,+0.96%,Information Technology,1.236,63.75,$36.29,1998.01,870.01,1103.02,1078.35,1445.9,5.0,1.0,0.88,"303,063",-400882.23,385004.85,384354.54,24.85,24.61,10.12,4.53,1494.55,870.22,-870.22,-966.16,45.0,"28,755 M"
05/22/2026,1630,FISV,57.13,+2.35%,Financials,.7749,1.36,$7.64,177.36,52.17,57.53,57.91,82.03,7.0,0.8,0.28,"6,465,301",-100146.14,6380796.18,6469807.08,-8.36,1.4,2.97,1.96,65.23,52.07,-52.07,-52.07,40.0,"30,465 M"
05/22/2026,1630,FIVE,219.50,-0.13%,Consumer Discretionary,.9513,6.95,$7.47,251.63,105.11,222.23,225.44,185.37,7.0,0.1,0.58,"793,057",100747.46,1184488.73,1112289.35,1.86,-5.02,-1.63,2.38,252.23,204.08,-204.08,-204.08,7.0,"12,137 M"
05/22/2026,1630,FLG,13.85,+1.91%,Financials,1,0.36,$0.44,14.92,10.38,13.84,13.63,12.72,3.0,0.32,0.31,"2,761,064",-200036.21,4728564.36,4814348.46,-14.56,5.4,-3.01,4.37,15.2,12.5,15.2,-13.03,42.0,"5,773 M"
05/22/2026,1630,FLNG,31.96,-1.27%,Energy,.2082,0.44,$2.04,33.4,21.72,32.28,31.08,27.3,-2.0,-0.58,-0.17,"424,255",-100541.45,521224.63,611761.92,11.51,3.46,-2.32,-1.84,33.13,27.59,33.13,-31.06,66.0,"1,729 M"
05/22/2026,1630,FLO,7.94,+13.27%,Consumer Staples,.3972,0.58,$1.51,17.24,6.8,8.12,8.3,11.08,5.0,0.29,0.46,"17,827,474",-300360.06,6830206.63,6672932.9,207.42,-3.87,-5.92,10.12,10.62,7.04,10.62,9.15,57.0,"1,682 M"
05/22/2026,1630,FLUT,97.38,+0.27%,Consumer Discretionary,1.239,2.98,$2.67,313.685,91.52,100.41,103.98,190.1,5.0,0.79,0.52,"1,677,292",0.0,2939225.17,3509839.59,-45.73,-9.69,-3.77,-0.12,125.6,92.05,-92.05,-92.05,51.0,"16,880 M"
05/22/2026,1630,FND,48.21,-0.43%,Consumer Discretionary,1.619,2.53,$0.98,92.405,42.64,48.04,50.45,65.52,3.0,0.37,0.51,"2,194,946",100564.16,3120805.63,2929229.44,-34.79,-6.24,-6.8,9.02,71.62,43.03,71.62,-43.02,46.0,"5,211 M"
05/22/2026,1630,FNF,48.61,-1.52%,Financials,.9843,1.25,$20.19,61.4025,42.78,49.99,48.42,54.51,6.0,-0.61,0.35,"1,027,635",-200345.45,1941240.1,1984128.59,-31.15,9.95,-3.89,-0.53,53.59,43.44,-43.44,-47.11,50.0,"13,084 M"
05/22/2026,1630,FORM,128.99,+0.77%,Information Technology,1.231,11.25,$0.47,159.09,26.08,134.59,122.22,72.54,3.0,0.0,0.26,"1,438,202",-301088.09,1895812.09,1785555.98,-18.41,22.23,-12.77,10.06,159.2,81.53,159.2,-112.03,45.0,"10,055 M"
05/22/2026,1630,FOUR,43.24,-0.67%,Financials,1.411,1.52,$5.00,108.5,39.6062,43.14,44.48,64.1,3.0,0.68,0.57,"1,002,796",202079.43,1919987.17,2253925.96,-50.75,-17.64,1.55,5.49,59.61,40.08,-40.08,-40.08,49.0,"3,430 M"
05/22/2026,1630,FOXA,63.98,-0.44%,Communication Services,.5356,1.61,$4.87,76.39,52.96,64.13,62.0,63.35,-4.0,-0.76,-0.58,"1,533,151",-200241.38,3389042.69,3509102.29,-23.79,8.88,1.65,-0.88,68.08,53.61,68.08,68.08,50.0,"26,884 M"
05/22/2026,1630,FR,63.28,+1.35%,Real Estate,1.095,0.62,$3.48,64.66,47.36,62.03,60.86,57.08,5.0,0.53,0.47,"963,987",-100347.45,924413.59,949361.12,0.31,9.54,0.84,2.66,65.23,57.44,65.23,-60.05,41.0,"8,389 M"
05/22/2026,1630,FROG,73.99,+3.57%,Information Technology,1.058,6.4,$1.28,74.17,34.05,60.6,51.24,52.14,-2.0,1.0,-0.64,"2,234,751",100668.11,2849650.58,3138501.76,-0.29,72.95,4.88,4.76,72.1,34.62,-34.62,-45.17,51.0,"8,962 M"
05/22/2026,1630,FRPT,51.58,+0.55%,Consumer Staples,1.729,3.44,$0.96,86.31,46.45,55.63,61.01,61.42,7.0,0.08,0.63,"1,708,535",-301159.13,1747706.38,1707199.12,42.93,-12.47,-2.83,8.84,86.55,47.03,86.55,-46.02,48.0,"2,535 M"
05/22/2026,1630,FRT,119.75,+0.96%,Real Estate,.9688,1.69,$6.02,120.2,89.99,114.73,110.26,102.85,5.0,0.93,0.68,"1,122,444",200316.16,880993.24,857013.31,6.16,16.13,3.52,4.28,117.12,102.41,-102.41,-110.17,50.0,"10,345 M"
05/22/2026,1630,FSLY,16.32,-0.49%,Information Technology,.509,5.1,$0.28,34.82,6.29,21.8,24.84,14.1,5.0,0.0,0.31,"5,935,710",0.0,1.24432852E7,1.24768518E7,-5.3,-42.13,-20.43,-0.24,35.32,16.03,35.32,33.13,50.0,"2,554 M"
05/22/2026,1630,FTNT,133.93,+3.45%,Information Technology,1.011,13.2,$3.24,134.19,70.12,107.92,92.25,84.09,-6.0,1.0,-0.73,"5,818,423",100350.12,6093203.63,6173904.42,6.72,68.81,17.41,4.93,122.06,74.62,-74.62,-82.16,50.0,"98,124 M"
05/22/2026,1630,FTV,59.13,+0.19%,Industrials,1.074,0.83,$2.98,62.805,46.34,59.94,58.37,53.89,3.0,-0.3,0.24,"2,052,187",0.0,2998873.92,3126637.63,-35.2,7.7,-2.15,1.6,63.16,53.38,63.16,-57.02,45.0,"18,026 M"
05/22/2026,1630,FTWO,44.8177,+0.37%,,.796,0.77,<empty>,49.658,33.34,45.4,45.74,42.37,3.0,-0.03,0.48,"7,427",-100000.37,11927.32,14785.3,37.2,-1.28,-1.52,1.47,50.58,44.44,-44.44,-44.03,NaN,78 M
05/22/2026,1630,FUTU,89.76,-27.53%,Financials,.3699,17.49,$37.57,199.9299,80.5,141.94,144.83,161.42,-1.0,0.0,0.0,"61,172,196",101185.01,2848689.26,2622461.19,6975.29,-34.81,-37.92,-27.9,169.25,124.03,169.25,169.12,3.0,"12,584 M"
05/22/2026,1630,FUTY,58.63,+0.81%,,.6379,0.81,<empty>,61.51,51.43,58.58,59.06,57.39,4.0,0.1,0.5,"270,004",200218.22,383594.89,357375.15,47.05,0.86,1.35,2.3,62.59,56.04,-56.04,-56.04,NaN,"2,398 M"
05/22/2026,1630,FWONK,88.56,-0.72%,Communication Services,.6633,1.92,$2.95,109.3626,80.15,89.45,87.73,93.73,-9.0,-0.78,-0.31,"1,571,637",100034.21,2019339.61,2187743.48,-14.67,6.19,-6.24,-1.58,96.1,80.39,96.1,96.1,51.0,"22,194 M"
05/22/2026,1630,FWRG,11.49,+1.32%,Consumer Discretionary,1.051,0.5,($0.17),19.53,10.09,11.86,11.8,15.32,6.0,0.56,0.49,"1,079,125",0.0,1479994.81,1807517.44,-48.35,0.26,-5.04,5.51,14.62,10.38,-10.38,-11.02,49.0,708 M
05/22/2026,1630,FXA,70.64,-0.34%,,.3852,0.46,<empty>,72.02,63.2808,71.2,70.31,67.23,-1.0,-0.35,-0.22,"4,587",-100008.4,19225.46,20144.33,-39.26,2.3,-1.54,0.34,72.07,68.38,72.07,-70.03,NaN,106 M
05/22/2026,1630,FXB,129.25,+0.05%,,.2806,0.86,<empty>,133.11,125.02,129.85,129.2,129.09,5.0,-0.3,0.22,"17,803",-200010.06,41328.87,35088.63,-37.0,0.4,-1.32,0.33,131.09,127.37,131.09,-128.05,NaN,78 M
05/22/2026,1630,FXC,70.72,-0.26%,,.2202,0.28,<empty>,72.469,69.08,71.39,71.11,70.76,-2.0,-0.35,-0.18,"19,635",0.0,32442.72,43209.77,113.24,-0.43,-0.98,-0.47,72.52,70.37,-70.37,72.15,NaN,74 M
05/22/2026,1630,FXE,107.10,-0.12%,,.1763,0.57,<empty>,111.535,104.18,107.88,107.53,107.79,3.0,-0.42,0.22,"114,296",-400006.24,206239.28,217370.09,15.37,0.13,-1.48,0.02,109.25,105.49,109.25,109.09,NaN,407 M
05/22/2026,1630,FXF,112.40,+0.20%,,.1984,0.51,<empty>,116.2999,107.0302,112.58,112.14,111.65,2.0,-0.41,0.23,"58,068",0.0,82191.4,94119.65,19.43,0.56,-1.05,0.52,115.59,110.37,-110.37,114.1,NaN,489 M
05/22/2026,1630,FXI,35.52,-1.03%,,.2986,0.75,<empty>,42.0,34.77,36.71,36.41,38.57,-7.0,-0.6,-0.19,"31,701,833",100327.08,3.016542807E7,3.175448974E7,42.21,0.51,-4.62,-2.09,38.62,35.39,-35.39,38.07,NaN,"5,839 M"
05/22/2026,1630,FXY,57.70,-0.12%,,.206,0.34,<empty>,64.72,57.225,58.07,57.83,59.51,-12.0,-0.54,-0.2,"66,508",200010.15,199972.14,187102.03,-86.16,-0.14,-1.54,-0.03,59.62,57.17,-57.17,59.12,NaN,439 M
05/22/2026,1630,FYBR,38.49,0.00%,Communication Services,.9018,0.13,($5.68),38.5,36.04,38.18,38.03,37.09,4.0,0.57,0.8,<empty>,300009.01,3493880.5,3089356.02,793.29,1.8,1.1,0.68,38.18,37.6,-37.6,-38.17,22.0,"9,636 M"
05/22/2026,1630,GAP,23.39,+0.95%,Consumer Discretionary,1.984,1.28,$2.21,29.36,18.685,22.95,24.22,24.5,7.0,0.19,0.77,"7,303,352",-300352.39,7213388.29,7909423.14,-0.34,-8.24,0.09,12.56,28.58,20.03,28.58,-20.03,3.0,"8,545 M"
05/22/2026,1630,GD,342.89,+1.23%,Industrials,.3343,3.98,$22.98,369.7,268.1,340.32,341.58,341.21,1.0,0.61,0.46,"689,313",100025.18,1379395.4,1341590.92,-57.98,-0.96,-1.05,0.81,367.56,307.18,-307.18,-333.05,40.0,"92,728 M"
05/22/2026,1630,GDAXI:DE,24888.56,+1.15%,,<empty>,293.03,<empty>,25507.79,21863.81,24329.08,23810.18,24134.29,5.0,0.8,0.56,<empty>,NaN,NaN,NaN,NaN,11.21,2.26,2.0,25406.57,21864.41,-21864.41,25153.12,NaN,0
05/22/2026,1630,GDX,85.02,-1.13%,,.6369,4.76,<empty>,117.175,49.34,89.68,91.38,84.91,-7.0,-0.3,-0.47,"14,637,052",200259.44,2.418932467E7,2.443407301E7,-6.25,1.82,-10.12,1.48,117.58,79.44,-79.44,-83.03,NaN,"25,910 M"
05/22/2026,1630,GDXJ,111.62,-0.53%,,.8261,7.05,<empty>,157.49,63.19,118.7,120.28,111.35,-7.0,-0.32,-0.45,"4,178,910",-100266.58,5429356.08,5396672.56,4.14,1.67,-11.3,1.2,157.58,103.44,-103.44,-110.03,NaN,"8,186 M"
05/22/2026,1630,GE,302.84,+0.36%,Industrials,1.372,7.51,$7.07,348.48,228.0063,292.43,293.96,300.17,3.0,0.57,0.68,"3,501,925",-300440.23,6121824.09,5912950.68,-42.9,4.2,1.91,6.16,348.61,269.22,-269.22,310.11,36.0,"315,964 M"
05/22/2026,1630,GEL,16.18,-1.34%,Energy,.7282,0.3,$0.95,18.64,14.55,16.49,17.11,16.6,-1.0,0.17,-0.56,"127,326",100340.24,295618.66,282774.09,-10.0,-9.76,-1.16,-1.34,19.55,16.07,-16.07,-16.07,46.0,"1,981 M"
05/22/2026,1630,GII,76.55,-0.07%,,.633,0.61,<empty>,78.95,65.65,76.41,76.38,72.5,4.0,0.07,0.55,"20,335",200019.08,90495.11,85555.29,-62.29,1.5,0.7,1.06,79.59,74.44,-74.44,-75.05,NaN,976 M
05/22/2026,1630,GIL,58.18,+0.05%,Consumer Discretionary,1.065,1.62,$2.16,73.695,46.0,58.14,57.69,59.91,3.0,0.48,0.59,"935,229",100140.54,1104078.2,1328561.45,-24.67,1.61,-1.82,6.36,72.61,53.38,-53.38,-54.02,46.0,"10,774 M"
05/22/2026,1630,GIS,33.69,+0.66%,Consumer Staples,-.0382,0.74,$3.05,55.19,32.64,34.2,35.58,44.37,5.0,0.51,0.62,"6,602,133",-200137.45,9653821.69,9247513.22,2.47,-8.45,-2.85,-0.24,46.62,33.04,46.62,36.11,21.0,"17,980 M"
05/22/2026,1630,GK,28.5941,-0.13%,Industrials,1.389,0.34,<empty>,29.31,21.5732,28.11,26.17,25.85,-6.0,-0.82,-0.17,570,100020.49,1014.95,1038.68,21.3,19.45,0.29,1.78,29.06,23.38,29.06,29.06,NaN,31 M
05/22/2026,1630,GLASF,10.160,+0.69%,Consumer Staples,.6219,0.37,<empty>,10.63,4.55,9.76,8.86,8.09,7.0,0.63,0.34,"157,625",-100800.22,245089.7,224149.2,-12.55,27.8,8.66,-1.02,11.19,7.54,11.19,10.03,55.0,863 M
05/22/2026,1630,GLBE,29.95,-0.63%,Consumer Discretionary,1.548,1.42,<empty>,41.94,26.845,30.35,31.31,34.9,5.0,0.36,0.58,"639,899",0.0,1373168.2,1331669.04,-68.23,-5.52,0.5,4.61,37.55,27.07,-27.07,-27.07,54.0,"5,031 M"
05/22/2026,1630,GLD,413.82,-0.76%,,.1625,8.06,<empty>,509.7,299.89,423.31,428.61,400.12,-1.0,-0.28,-0.51,"5,497,268",0.0,9699456.7,1.048772931E7,-24.55,2.4,-4.6,0.56,492.58,399.42,-399.42,-410.03,NaN,"150,341 M"
05/22/2026,1630,GLIN,44.75,+0.22%,,.7102,0.82,<empty>,48.39,38.705,44.95,43.77,45.19,3.0,0.63,0.21,"8,017",100116.58,29446.17,82327.23,-30.83,10.49,-2.87,2.72,47.25,39.38,47.25,-44.03,NaN,97 M
05/22/2026,1630,GM,78.79,+2.05%,Consumer Discretionary,1.3,1.94,$15.77,87.62,46.815,76.6,76.17,72.03,3.0,0.36,0.57,"6,440,628",100139.19,6941892.86,7246140.54,-17.06,2.9,-0.01,8.48,83.61,70.03,83.61,-70.03,39.0,"71,042 M"
05/22/2026,1630,GME,21.96,-2.36%,Consumer Discretionary,1.758,1.1,$1.33,35.81,19.93,23.49,23.54,23.22,5.0,-0.02,0.32,"5,220,746",100474.14,7995184.33,7358346.12,-87.01,-3.73,-9.56,-0.63,27.15,21.04,-21.04,-21.04,11.0,"9,846 M"
05/22/2026,1630,GO,8.015,+0.06%,Consumer Staples,.683,0.22,$0.04,19.41,5.655,7.92,7.33,11.43,4.0,0.92,0.65,"3,125,665",-201676.07,3769527.27,4138416.97,12.8,22.74,-2.14,-1.29,10.62,6.53,-6.53,-7.04,49.0,793 M
05/22/2026,1630,GOLF,88.43,+0.07%,Consumer Discretionary,.8429,2.54,$1.48,104.81,67.14,90.21,93.23,86.81,7.0,0.11,0.64,"193,911",-200627.13,327002.98,352522.33,-25.05,-5.25,-3.41,1.12,103.6,84.07,-84.07,-84.07,51.0,"5,178 M"
05/22/2026,1630,GOOG,379.38,-1.07%,Communication Services,1.081,6.25,$5.33,404.47,163.33,382.29,338.84,296.03,-12.0,-0.72,-0.09,"13,323,076",100335.17,1.888787291E7,1.903957449E7,-27.1,31.18,-4.45,-1.43,400.07,272.38,404.04,404.04,41.0,"4,596,357 M"
05/22/2026,1630,GOOGL,382.97,-1.21%,Communication Services,1.082,6.23,$5.33,408.61,162.0,385.48,341.14,296.19,-12.0,-0.72,-0.09,"19,821,336",100335.17,2.799145322E7,2.860008228E7,-24.63,31.86,-4.45,-1.21,404.07,272.38,409.04,409.04,41.0,"4,639,852 M"
05/22/2026,1630,GOOS,9.81,0.00%,Consumer Discretionary,1.649,0.97,$1.11,15.425,9.3,10.78,10.99,12.43,3.0,0.01,0.25,"292,696",-200252.06,452090.73,455731.51,-4.01,-10.16,-17.7,5.26,13.6,9.03,13.6,-9.02,51.0,953 M
05/22/2026,1630,GPI,326.18,+1.90%,Consumer Discretionary,.8376,15.25,$30.78,488.39,292.44,335.59,331.37,386.75,3.0,0.52,0.3,"145,246",200143.45,167790.12,164956.12,-42.75,2.62,-8.84,6.78,374.15,292.46,374.15,-301.02,41.0,"3,881 M"
05/22/2026,1630,GPN,73.26,+0.92%,Financials,.763,1.78,$4.27,90.635,62.45,69.71,68.95,77.34,6.0,0.8,0.61,"2,094,119",0.0,3233936.57,3442548.44,-42.86,3.23,5.88,7.83,80.62,62.33,-62.33,-66.07,50.0,"20,040 M"
05/22/2026,1630,GRID,192.50,+0.80%,,1.259,4.05,<empty>,199.99,127.1,191.9,179.86,161.74,2.0,-0.6,0.13,"578,710",200125.03,767849.33,713496.38,1.58,16.41,-2.39,4.05,200.09,157.38,200.09,-183.03,NaN,"10,905 M"
05/22/2026,1630,GRMN,240.71,+0.39%,Consumer Discretionary,.9433,5.61,$7.54,273.32,186.67,239.75,244.3,228.53,5.0,0.26,0.45,"494,576",0.0,761753.99,809053.91,-20.86,-0.17,0.26,5.26,273.25,225.03,273.25,-225.03,45.0,"46,422 M"
05/22/2026,1630,GRNY,27.07,+0.74%,,1.293,0.23,<empty>,27.28,20.26,26.78,25.61,25.03,3.0,0.71,0.26,"1,180,537",0.0,1944699.08,2090930.85,-32.96,11.67,0.3,2.54,27.06,23.38,27.06,27.06,NaN,"4,405 M"
05/22/2026,1630,GS,996.73,+0.87%,Financials,1.27,23.03,($135.91),1005.36,582.5,942.25,896.07,848.5,3.0,0.89,0.6,"1,922,831",100232.3,2012932.49,2185892.12,15.83,19.27,6.43,7.32,976.06,781.49,-781.49,-899.14,34.0,"294,043 M"
05/22/2026,1630,GSG,33.25,-0.51%,,.0675,0.62,<empty>,34.94,21.03,33.82,32.49,25.91,-3.0,-0.33,-0.26,"635,936",100239.12,1456034.77,1538696.45,-68.81,8.52,1.34,-4.37,35.14,25.6,35.04,35.04,NaN,"1,036 M"
05/22/2026,1630,GTBIF,7.1400,-2.19%,Health Care,1.22,0.43,$0.97,10.43,4.8,7.7,7.08,7.37,3.0,-0.39,0.13,"360,163",-100100.41,667256.08,669153.97,-9.61,8.84,-9.28,1.56,9.21,6.38,9.21,-7.05,50.0,"1,564 M"
05/22/2026,1630,GTLB,26.73,+4.33%,Information Technology,.8967,1.43,$1.33,52.38,18.73,24.21,22.64,35.78,1.0,1.0,0.74,"3,014,228",-101171.33,5795045.25,6448153.53,-48.25,29.38,2.89,4.99,28.6,19.3,-19.3,-21.16,6.0,"4,513 M"
05/22/2026,1630,GTM,3.61,+1.12%,Communication Services,.9552,1.26,$1.19,12.51,3.46,5.21,5.62,8.62,5.0,-0.18,0.23,"8,223,126",200174.09,1.144617392E7,1.074522413E7,32.44,-37.22,-43.42,-5.25,7.11,4.06,7.11,7.11,48.0,"1,064 M"
05/22/2026,1630,GVAL,35.33,+0.54%,,.6415,0.32,<empty>,36.44,25.89,35.14,34.47,32.08,3.0,0.45,0.45,"193,662",-100000.16,260316.31,265482.33,-62.0,9.72,-0.91,2.02,36.25,32.44,36.25,36.1,NaN,438 M
05/22/2026,1630,GVIP,174.2565,-0.04%,,1.086,2.22,<empty>,177.27,127.31,171.47,160.92,154.75,2.0,-0.77,0.09,"2,401",200011.14,13271.31,14071.96,-64.12,17.53,-0.75,3.37,177.09,139.38,177.09,177.09,NaN,558 M
05/22/2026,1630,GVZ:CGI,23.86,-2.97%,,-1.525,0.97,<empty>,48.68,14.47,26.33,30.82,26.0,-3.0,-0.15,-0.37,<empty>,NaN,NaN,NaN,NaN,-43.05,-9.89,-10.4,46.39,25.19,46.39,29.14,NaN,0
05/22/2026,1630,H,174.15,-0.78%,Consumer Discretionary,1.3,3.65,$1.19,180.53,124.82,166.97,158.22,154.59,3.0,0.85,0.51,"779,154",100545.54,770644.89,834088.99,13.31,19.54,3.91,5.93,176.25,138.37,-138.37,-157.17,51.0,"16,398 M"
05/22/2026,1630,HACK,94.85,+2.32%,,.819,3.8,<empty>,94.95,69.66,85.63,80.29,81.84,1.0,1.0,1.0,"83,370",200041.04,123507.47,129157.29,-25.74,25.5,10.78,3.89,88.06,70.62,-70.62,-78.16,NaN,"2,348 M"
05/22/2026,1630,HAL,41.47,-1.17%,Energy,.7638,1.07,$1.98,43.59,19.42,41.36,39.22,30.62,-3.0,-0.54,-0.34,"9,323,858",-100245.45,1.439239116E7,1.45107659E7,28.31,8.82,4.12,-3.51,42.15,33.53,-33.53,44.02,39.0,"34,644 M"
05/22/2026,1630,HBB,19.61,+0.56%,Consumer Discretionary,1,1.09,$0.59,21.84,12.72,19.61,19.1,16.81,3.0,0.29,0.41,"13,015",201185.03,22900.5,24237.1,-39.56,13.03,-6.26,12.38,22.16,16.49,22.16,-17.02,50.0,266 M
05/22/2026,1630,HBDC,24.72,+0.30%,,.0774,0.04,<empty>,27.74,23.16,24.69,24.62,24.98,3.0,0.72,0.42,594,0.0,7944.2,22592.58,-83.11,0.94,0.2,0.59,25.62,24.38,-24.38,-25.04,NaN,84 M
05/22/2026,1630,HCA,394.07,+0.38%,Health Care,1.166,14.76,$34.38,556.52,330.0,423.99,462.23,462.29,-4.0,0.0,-0.42,"1,095,355",100130.02,1210255.99,1199946.06,8.33,-18.87,-9.45,-2.62,557.5,399.03,557.5,442.15,42.0,"87,420 M"
05/22/2026,1630,HD,313.07,-0.23%,Consumer Discretionary,.9861,7.77,$14.41,426.75,289.1,314.69,326.46,366.04,5.0,0.28,0.59,"2,962,185",200431.04,4357478.09,4356975.84,-53.69,-5.39,-1.38,3.51,394.62,289.03,394.62,-289.03,58.0,"311,826 M"
05/22/2026,1630,HELE,25.65,+3.47%,Consumer Discretionary,1.238,1.0,$5.73,33.734,13.85,24.03,19.65,20.34,5.0,0.7,0.21,"389,791",-200168.21,684492.82,655571.6,-33.35,72.61,3.8,5.3,27.11,14.39,27.11,-22.07,31.0,597 M
05/22/2026,1630,HII,320.63,+0.97%,Industrials,.2632,6.88,$20.15,460.0,215.045,335.48,371.87,343.44,1.0,0.12,0.6,"275,304",-200441.14,520594.88,502691.84,-43.85,-20.26,1.38,-1.22,460.58,311.12,-311.12,-311.12,46.0,"12,634 M"
05/22/2026,1630,HIMS,23.75,-1.08%,Health Care,2.135,1.98,$0.27,70.43,13.74,25.79,24.25,34.94,3.0,-0.59,0.21,"14,742,318",101309.52,2.957163097E7,3.549506335E7,-2.17,11.29,-15.99,5.84,32.24,14.62,32.24,-22.03,53.0,"5,497 M"
05/22/2026,1630,HLN,9.29,-0.32%,Health Care,.1983,0.13,$0.33,11.42,8.71,9.21,9.61,9.77,6.0,0.2,0.95,"6,951,664",-100130.11,8543701.15,8750271.94,15.0,-4.23,1.98,0.98,11.62,9.05,-9.05,-9.05,46.0,"41,148 M"
05/22/2026,1630,HLT,321.08,-0.47%,,1.058,3.7,$9.08,344.75,241.45,318.51,315.49,290.42,7.0,0.28,0.52,"1,017,109",-100231.18,1596115.95,1691122.42,-28.87,7.06,1.36,1.8,345.25,290.5,345.25,-308.14,45.0,"73,093 M"
05/22/2026,1630,HOOD,73.64,-3.00%,Financials,2.153,2.01,$3.33,153.8599,62.6318,77.0,76.21,104.53,-1.0,-0.69,-0.43,"20,671,743",-100267.18,2.862704178E7,2.840640465E7,-29.63,6.6,-4.4,-0.7,93.25,64.38,93.25,82.06,45.0,"66,313 M"
05/22/2026,1630,HPP,11.23,-0.44%,Real Estate,1.811,0.55,$1.67,21.7,5.26,10.57,8.11,12.39,-8.0,-0.86,-0.18,"706,977",0.0,1224224.79,1279500.8,-18.36,96.33,2.56,5.15,12.1,5.35,12.1,12.1,49.0,609 M
05/22/2026,1630,HQY,88.11,+1.94%,Health Care,.1827,2.19,$4.74,116.65,72.76,83.3,82.54,88.51,8.0,0.78,0.84,"836,980",100050.47,969209.57,938961.4,15.5,7.32,3.85,4.09,88.23,74.62,-74.62,-79.16,3.0,"7,386 M"
05/22/2026,1630,HSI:HK,25606.03,+0.86%,,<empty>,356.53,<empty>,28056.1,22668.35,26052.97,25774.69,26002.97,-9.0,-0.46,-0.25,<empty>,NaN,NaN,NaN,NaN,-1.01,-3.83,-0.27,27216.62,24204.38,-24204.38,26845.05,NaN,0
05/22/2026,1630,HSY,194.78,+2.31%,Consumer Staples,.0768,3.21,$9.12,239.48,152.21,188.63,198.47,193.6,1.0,0.32,0.64,"1,621,005",-100136.45,1946654.79,1862089.9,-5.46,-9.49,4.75,1.03,239.58,180.15,-180.15,197.07,46.0,"39,510 M"
05/22/2026,1630,HTZ,5.30,+4.74%,Industrials,2.066,0.5,($3.72),8.44,3.775,5.73,5.56,5.47,2.0,-0.1,0.16,"5,644,490",-200336.17,1.168212365E7,1.053650808E7,-21.3,25.0,-12.4,7.51,8.24,4.45,8.24,7.16,51.0,"1,674 M"
05/22/2026,1630,HUBS,201.97,+1.81%,Information Technology,1.25,21.13,$11.56,627.49,173.25,213.09,226.36,349.24,6.0,0.74,0.47,"1,301,920",100671.11,1653059.59,1691463.61,-15.58,-15.12,2.35,-2.99,297.55,173.07,-173.07,-173.07,50.0,"10,339 M"
05/22/2026,1630,HUM,307.95,+1.41%,Health Care,.6559,24.86,$10.57,315.66,163.11,271.28,220.71,243.82,-7.0,-0.98,-0.71,"677,833",0.0,1833934.41,1794004.1,-35.97,78.8,12.0,-0.84,309.07,163.44,-163.44,316.02,45.0,"36,973 M"
05/22/2026,1630,HYG,79.91,+0.01%,,.4038,0.22,<empty>,81.36,78.565,79.95,79.86,80.49,3.0,0.54,0.38,"22,332,671",100109.38,4.95326814E7,5.327593194E7,-36.32,0.93,-0.29,0.71,81.6,79.39,-79.39,-79.03,NaN,"16,350 M"
05/22/2026,1630,HYLS,40.72,+0.07%,,.4002,0.13,<empty>,42.4036,40.01,40.91,40.86,41.55,-2.0,-0.62,-0.13,"66,403",-200000.34,295466.04,282109.54,-70.92,0.05,-0.88,0.07,42.21,40.38,42.21,42.05,NaN,"1,637 M"
05/22/2026,1630,IAK,134.11,-0.13%,,.5645,1.69,<empty>,138.66,124.62,132.11,130.87,132.33,-1.0,0.79,-0.76,"24,433",200024.44,52453.35,60997.54,54.06,4.7,3.0,0.02,138.58,125.39,-125.39,136.03,NaN,376 M
05/22/2026,1630,IBB,168.79,-0.16%,,.7404,2.8,<empty>,179.64,119.78,168.98,168.93,162.2,3.0,0.28,0.35,"980,418",0.0,1508401.28,1575944.68,31.4,4.42,-0.68,2.8,178.61,160.42,-160.42,-162.03,NaN,"7,891 M"
05/22/2026,1630,IBIT,42.96,-2.36%,,.7156,1.14,<empty>,71.82,35.3,44.62,42.37,51.71,-9.0,-0.81,-0.47,"29,773,921",0.0,4.24317197E7,4.754119421E7,-52.67,9.37,-5.48,-1.24,47.09,36.62,47.09,47.09,NaN,"61,122 M"
05/22/2026,1630,IDX,11.04,+0.27%,,.363,0.77,<empty>,17.55,10.89,12.51,13.3,15.53,1.0,-0.04,0.13,"91,620",-100100.02,58420.8,56005.43,234.32,-17.43,-14.75,-3.16,16.61,11.03,16.61,13.12,NaN,24 M
05/22/2026,1630,IDXX,559.37,+1.14%,Health Care,1.591,15.88,$13.35,769.98,496.61,553.87,566.3,640.12,5.0,0.32,0.78,"465,961",100041.38,562903.78,563705.28,-34.55,-1.9,-0.13,2.36,666.6,523.07,-523.07,-523.07,48.0,"44,125 M"
05/22/2026,1630,IEF,93.88,+0.09%,,.2634,0.56,<empty>,98.045,92.945,94.39,95.0,96.13,3.0,0.05,0.42,"6,320,703",200010.43,9394514.68,9868914.0,-4.15,-1.03,-1.14,0.83,98.59,93.03,98.59,-93.03,NaN,"47,691 M"
05/22/2026,1630,IFF,75.28,+0.04%,Materials,.9949,3.32,$1.55,84.45,59.14,74.47,72.52,69.01,3.0,-0.52,0.51,"1,298,261",100334.13,1729970.79,1753466.39,-25.53,10.87,-7.12,4.57,84.12,65.45,84.12,84.12,49.0,"19,219 M"
05/22/2026,1630,IGLB,49.48,+0.37%,,.6327,0.37,<empty>,52.5999,47.86,49.49,49.63,50.69,3.0,0.44,0.57,"708,367",-200112.5,1723431.05,1841716.11,-58.41,0.39,-0.92,1.79,52.59,48.03,52.59,-48.03,NaN,"2,603 M"
05/22/2026,1630,IGSB,52.32,0.00%,,.1232,0.08,<empty>,53.25,52.12,52.4,52.47,52.83,3.0,0.4,0.55,"2,113,610",100003.17,3831994.02,3687011.03,1.42,-0.11,-0.32,0.29,53.59,52.03,53.59,-52.03,NaN,"21,990 M"
05/22/2026,1630,IIGD,24.4212,-0.02%,,.1428,0.09,<empty>,25.08,24.3,24.53,24.59,24.79,3.0,-0.3,0.29,"25,614",100000.08,6981.77,6909.16,971.16,-0.34,-0.85,0.33,25.59,24.03,25.59,-24.03,NaN,31 M
05/22/2026,1630,IJT,161.93,+0.84%,,1.07,2.04,<empty>,164.8499,125.24,161.0,154.27,146.39,3.0,0.6,0.24,"59,381",-100019.05,133497.65,123573.84,-35.62,12.23,-1.04,2.86,165.12,139.38,165.12,-157.03,NaN,"7,473 M"
05/22/2026,1630,ILMN,144.41,-0.29%,Health Care,1.493,1.97,$6.35,155.529,78.55,138.66,131.09,121.09,-1.0,-0.83,-0.68,"905,988",0.0,1525922.11,1634099.56,-55.0,14.63,1.78,1.93,150.06,115.5,150.06,150.06,46.0,"21,849 M"
05/22/2026,1630,INDA,48.39,+0.75%,,.4596,0.86,<empty>,56.01,45.2118,48.67,48.44,51.96,3.0,0.63,0.3,"4,377,148",100120.58,8030054.04,8807724.61,-16.56,4.31,-2.91,2.37,53.61,45.38,-45.38,-47.03,NaN,"6,758 M"
05/22/2026,1630,INDY,42.55,+0.50%,,.4577,0.7,<empty>,54.87,40.8201,42.95,43.16,48.71,3.0,0.62,0.52,"227,446",-100042.09,154098.95,156857.2,100.36,1.55,-2.65,1.92,48.62,41.38,-41.38,-42.03,NaN,564 M
05/22/2026,1630,INFL,53.27,+0.32%,,.7132,0.35,<empty>,55.17,40.94,53.03,52.66,47.52,1.0,0.13,0.53,"84,301",-100020.07,290506.47,281133.4,-84.81,3.06,1.43,0.24,55.58,50.44,-50.44,54.08,NaN,"1,605 M"
05/22/2026,1630,INMD,13.74,-0.65%,Health Care,2.016,0.19,$1.35,16.74,12.72,14.04,13.94,14.45,-2.0,-0.48,-0.29,"1,253,719",-100126.02,949091.94,943266.72,264.75,0.29,-1.58,-1.65,15.25,13.5,15.25,-13.12,46.0,836 M
05/22/2026,1630,INTC,119.84,+1.13%,Information Technology,1.939,6.44,($0.66),132.75,18.965,109.06,76.44,47.17,1.0,-0.72,0.03,"82,068,513",501298.11,1.2779689974E8,1.1706674459E8,-31.2,171.99,-4.07,8.16,133.09,41.38,133.09,133.09,41.0,"602,316 M"
05/22/2026,1630,INVH,29.29,+0.90%,Real Estate,.8442,0.33,$1.96,34.25,24.25,28.58,26.84,27.74,5.0,0.83,0.34,"4,077,781",0.0,5887233.95,6148368.38,-18.76,17.11,1.95,2.2,29.16,24.44,-24.44,-28.05,45.0,"17,399 M"
05/22/2026,1630,IONQ,63.64,+8.07%,Information Technology,2.941,4.61,($1.35),84.64,25.89,50.69,40.96,47.34,2.0,0.96,0.51,"52,397,938",300118.27,3.033105003E7,2.94627071E7,98.5,94.62,29.24,31.38,59.08,26.38,-26.38,-40.17,50.0,"23,755 M"
05/22/2026,1630,IPO,53.06,+0.42%,,1.342,1.41,<empty>,54.68,39.305,49.98,46.81,47.29,3.0,0.83,0.53,"57,212",-300336.24,25936.14,25185.92,70.1,24.23,7.5,7.63,52.12,39.38,-39.38,-47.17,NaN,154 M
05/22/2026,1630,IRM,126.46,-0.68%,Real Estate,1.22,2.5,($2.64),134.09,77.77,125.14,114.77,100.39,3.0,-0.75,0.2,"949,691",100839.17,1538114.02,1559651.09,-36.48,25.57,-1.85,2.38,134.12,97.38,134.12,134.12,50.0,"37,625 M"
05/22/2026,1630,IRT,16.86,+0.42%,Real Estate,1.005,0.22,$0.59,18.74,14.6,16.39,15.81,16.56,4.0,0.96,0.52,"2,848,938",0.0,2350794.87,2536584.68,14.98,11.66,2.62,2.18,17.6,15.35,-15.35,-16.05,45.0,"3,974 M"
05/22/2026,1630,ITA,225.37,+0.99%,,.7286,3.23,<empty>,250.65,168.4401,220.43,223.65,217.57,3.0,0.38,0.69,"459,285",-100228.51,950561.51,1169294.78,-58.26,1.23,0.84,3.23,251.58,209.38,-209.38,227.09,NaN,"13,826 M"
05/22/2026,1630,ITB,90.97,+0.17%,,1.303,2.52,<empty>,118.0,84.98,92.06,92.92,101.71,3.0,0.39,0.54,"1,572,114",100437.03,2318161.12,2387276.54,-20.57,-0.25,-2.18,5.5,111.62,85.03,111.62,-85.03,NaN,"2,524 M"
05/22/2026,1630,ITW,252.20,+0.91%,Industrials,1.044,3.35,$9.44,303.155,238.82,254.81,261.23,260.84,5.0,0.09,0.54,"874,183",100329.17,1293974.19,1325413.22,-27.99,-4.84,-1.0,1.95,297.61,244.03,297.61,-244.03,45.0,"72,558 M"
05/22/2026,1630,IVOL,17.89,-0.67%,,.0286,0.15,<empty>,20.255,17.83,18.2,18.44,19.07,-1.0,0.0,-0.23,"73,860",-100135.33,322945.56,289366.01,-26.4,-4.02,-2.08,-0.61,19.59,18.03,19.59,18.15,NaN,326 M
05/22/2026,1630,IWC,186.76,+0.78%,,1.103,3.36,<empty>,189.5,115.75,182.73,173.3,160.48,3.0,0.7,0.22,"157,518",-200325.12,147982.37,131226.8,-56.54,16.22,0.58,5.78,190.09,153.38,190.09,190.09,NaN,"1,410 M"
05/22/2026,1630,IWF,125.00,+0.26%,,.1451,1.29,<empty>,126.045,97.075,122.45,115.76,116.03,-6.0,-0.91,-0.23,"2,546,093",-100128.51,7858017.3,1.034207035E7,-63.35,16.44,1.18,1.57,126.06,102.38,126.06,126.06,NaN,"129,219 M"
05/22/2026,1630,IWM,285.12,+0.93%,,1.116,3.75,<empty>,287.58,199.65,280.16,266.6,252.56,3.0,0.72,0.21,"23,722,731",100034.44,3.473894106E7,3.801204857E7,-17.15,14.61,0.33,4.44,288.11,239.38,288.11,288.11,NaN,"76,868 M"
05/22/2026,1630,IWN,211.31,+0.72%,,1.032,2.3,<empty>,213.19,146.9,208.58,200.43,187.22,3.0,0.69,0.33,"448,286",100226.36,798660.13,790296.11,-45.59,11.82,-0.15,3.47,213.11,182.44,213.11,-203.03,NaN,"13,714 M"
05/22/2026,1630,IWO,372.34,+1.16%,,1.194,5.8,<empty>,375.695,262.24,364.1,343.3,329.62,3.0,0.73,0.22,"302,370",0.0,421718.69,455405.52,-17.03,17.44,0.91,5.41,376.11,300.38,376.11,376.11,NaN,"14,354 M"
05/22/2026,1630,J,114.69,+0.89%,Industrials,.7178,7.2,$4.07,168.44,105.68,120.1,124.7,139.23,7.0,0.23,0.46,"892,764",100435.07,1143996.6,1070516.55,-15.83,-11.0,-3.16,1.59,141.57,106.07,-106.07,-106.07,49.0,"13,543 M"
05/22/2026,1630,JACK,11.55,+1.76%,Consumer Discretionary,1.497,1.18,$0.57,25.34,8.915,12.37,11.86,17.02,4.0,0.55,0.33,"636,965",-101991.07,892055.34,866981.66,-8.11,6.65,-16.24,0.96,18.62,9.37,-9.37,-10.05,50.0,220 M
05/22/2026,1630,JBHT,258.77,-0.18%,Industrials,1.283,9.35,$10.78,264.98,130.12,249.71,231.95,191.32,-2.0,-0.79,-0.58,"839,399",300441.06,978583.53,952597.85,-29.46,26.14,5.45,0.87,257.06,194.47,-194.47,265.02,35.0,"24,402 M"
05/22/2026,1630,JBLU,5.05,+0.80%,Industrials,1.789,0.22,($3.18),6.5,3.84,4.84,4.78,4.89,3.0,0.5,0.54,"23,211,722",201190.42,2.881896254E7,2.69943886E7,-31.26,20.53,-1.17,15.3,6.25,4.45,6.25,-4.02,44.0,"1,879 M"
05/22/2026,1630,JBSAY,14.44,0.00%,Consumer Staples,.1408,0.42,$1.04,15.65,13.01,14.36,14.79,12.75,4.0,0.12,0.37,<empty>,-300000.03,264987.4,239337.09,-42.94,2.12,0.77,3.81,16.11,13.03,16.11,-13.03,NaN,"32,030 M"
05/22/2026,1630,JETS,27.13,+0.48%,,1.176,0.77,<empty>,31.33,21.0312,26.12,25.73,26.45,3.0,0.62,0.61,"2,876,654",-100157.53,4635365.2,4942257.84,-25.65,9.26,-1.27,9.35,30.6,24.38,-24.38,28.11,NaN,796 M
05/22/2026,1630,JNJ,234.34,+1.13%,Health Care,.2679,3.95,$7.23,251.71,149.04,227.18,233.36,210.74,5.0,0.3,0.97,"5,461,278",-100131.45,7683387.25,7806018.26,-33.52,-0.4,5.88,1.89,252.58,220.09,-220.09,-220.09,35.0,"564,107 M"
05/22/2026,1630,JNK,96.25,+0.05%,,.4182,0.27,<empty>,98.24,94.485,96.27,96.11,96.98,3.0,0.57,0.39,"1,337,451",-100110.45,4875906.97,5594060.36,-63.29,1.07,-0.28,0.74,98.6,94.39,-94.39,-95.03,NaN,"7,669 M"
05/22/2026,1630,JOBY,10.92,+5.00%,Industrials,2.491,0.57,($0.76),20.95,6.42,9.95,9.3,12.96,1.0,0.95,0.7,"35,900,454",101981.13,2.656997422E7,2.652868858E7,15.86,21.47,0.46,9.2,11.07,8.38,-8.38,-8.17,50.0,"10,741 M"
05/22/2026,1630,JOE,63.81,-0.34%,Real Estate,1.334,0.79,$3.45,73.54,42.65,65.26,65.99,60.18,3.0,0.29,0.64,"123,546",-200139.14,258249.52,249686.68,-74.54,3.39,-3.01,1.05,74.56,60.39,-60.39,-61.15,41.0,"3,663 M"
05/22/2026,1630,JOET,43.6969,+1.05%,,1.033,0.32,<empty>,43.805,38.34,43.05,41.92,42.23,3.0,0.8,0.32,"8,218",-100022.16,22387.98,23356.37,-75.13,8.73,0.87,2.93,44.11,39.38,-39.38,-42.17,NaN,234 M
05/22/2026,1630,JPM,306.38,+1.12%,Financials,1.009,4.79,($39.16),337.25,256.0001,305.45,301.66,305.55,3.0,0.46,0.46,"5,973,120",-100139.45,8945498.0,9455184.57,-18.6,4.78,1.42,3.61,320.23,279.5,320.23,-294.02,34.0,"820,949 M"
05/22/2026,1630,JPXN,98.49,+0.54%,,.5451,1.2,<empty>,101.215,76.19,97.59,94.74,90.2,-7.0,-0.58,-0.49,"8,730",300200.54,22168.83,50463.22,-59.74,9.17,-1.27,1.16,101.07,88.44,101.07,101.07,NaN,133 M
05/22/2026,1630,JYNT,8.95,+1.47%,Health Care,1.133,0.22,$0.18,13.4692,7.5,8.72,8.69,9.09,5.0,0.38,0.64,"41,799",200000.09,67100.31,66902.17,54.98,6.8,2.99,2.64,9.49,8.44,-8.44,-8.06,51.0,128 M
05/22/2026,1630,K,83.44,0.00%,Consumer Staples,.2238,0.18,$1.73,83.65,76.48,83.36,83.14,81.46,4.0,0.56,0.31,<empty>,-100010.01,3364959.52,3435920.58,1730.15,0.7,-0.06,0.36,84.1,76.54,84.1,-83.07,38.0,"29,031 M"
05/22/2026,1630,KBA,33.19,-0.20%,,.3669,0.6,<empty>,35.309,23.44,33.67,32.06,30.49,-7.0,-0.56,0.0,"39,242",100022.03,87584.38,94099.97,-4.4,12.74,-1.63,-0.24,35.07,29.42,35.07,35.07,NaN,183 M
05/22/2026,1630,KBWP,120.6285,-0.50%,,.4379,1.64,<empty>,129.0,114.62,119.37,120.05,121.97,-1.0,0.5,-0.81,"6,446",0.0,13015.65,13516.69,-45.99,1.09,2.52,-0.57,128.58,116.07,-116.07,123.03,NaN,253 M
05/22/2026,1630,KCE,152.16,-0.01%,,1.243,1.09,<empty>,162.25,132.3,151.89,145.97,149.46,2.0,-0.68,0.29,"19,893",100125.48,18986.14,19617.63,85.76,12.12,-0.94,1.7,156.23,132.39,156.23,-149.02,NaN,453 M
05/22/2026,1630,KDP,29.12,+1.18%,Consumer Staples,1,0.26,$1.16,35.935,24.875,28.91,27.5,28.15,1.0,-0.83,0.38,"5,933,120",-100326.2,1.099200502E7,1.109668044E7,-25.41,11.1,1.01,0.94,32.62,25.34,-25.34,30.07,41.0,"39,619 M"
05/22/2026,1630,KEMX,48.68,+0.06%,,.8806,0.91,<empty>,50.1787,29.92,47.94,44.65,39.22,2.0,-0.71,0.32,"4,938",100338.46,24690.64,25205.48,16.78,20.38,-2.87,3.45,50.09,39.38,50.09,50.09,NaN,127 M
05/22/2026,1630,KHC,23.79,+1.06%,Consumer Staples,1,0.35,$3.33,29.19,21.035,23.06,22.6,24.47,1.0,1.0,0.67,"11,188,424",-100032.13,1.488606894E7,1.519038993E7,-19.83,11.59,-0.71,2.19,25.62,21.42,-21.42,24.1,45.0,"28,210 M"
05/22/2026,1630,KLAC,1888.38,+2.51%,Information Technology,1.47,50.64,$30.49,1939.36,740.44,1807.87,1692.27,1328.34,3.0,0.41,0.48,"722,754",100451.17,981377.13,982247.29,-8.74,20.57,1.03,8.49,1939.2,1321.53,1939.2,1911.06,46.0,"246,674 M"
05/22/2026,1630,KMX,40.33,+3.62%,Consumer Discretionary,1.222,1.32,$8.44,71.99,30.26,38.3,40.45,44.5,3.0,0.2,0.58,"1,880,343",-100648.29,3233688.17,3233327.27,-35.04,-4.2,-0.02,11.19,49.29,36.03,49.29,-35.02,17.0,"5,720 M"
05/22/2026,1630,KNX,70.12,-0.19%,Industrials,1.145,3.91,$3.05,71.63,38.625,65.28,61.46,52.33,-1.0,0.96,-0.87,"2,733,854",301342.07,3721081.58,3541713.84,-20.14,27.47,9.48,2.56,68.06,52.47,-52.47,72.02,41.0,"11,394 M"
05/22/2026,1630,KO,81.48,+0.38%,Consumer Staples,.3656,1.24,$2.92,82.6635,65.3538,79.51,77.44,72.77,-3.0,0.69,-0.63,"8,238,072",-200122.19,1.445284121E7,1.528489274E7,-34.99,9.12,3.9,-0.54,82.59,74.41,-74.41,83.03,39.0,"350,566 M"
05/22/2026,1630,KR,67.25,+0.27%,Consumer Staples,.4666,1.52,$5.30,76.58,58.6,66.93,69.32,67.16,-2.0,0.29,-0.71,"5,116,998",-100130.45,5488607.46,5941809.95,49.7,-6.44,2.45,-4.75,77.5,64.08,-64.08,72.03,18.0,"41,464 M"
05/22/2026,1630,KRE,69.37,+0.23%,,.8472,1.13,<empty>,74.08,55.37,69.02,67.54,65.58,5.0,0.53,0.45,"8,436,081",0.0,1.498867036E7,1.746555945E7,-27.21,7.82,-0.69,2.68,71.25,62.45,71.25,-66.05,NaN,"3,854 M"
05/22/2026,1630,KSA,38.64,-0.08%,,.3041,0.22,<empty>,41.5,35.81,38.71,38.89,38.51,5.0,0.38,0.48,"359,971",100027.58,583556.87,756822.28,41.71,2.44,-0.23,0.39,41.25,36.57,41.25,-38.04,NaN,686 M
05/22/2026,1630,KSS,13.06,+2.83%,Consumer Discretionary,1.507,1.04,$9.00,25.22,7.47,13.38,13.42,16.55,5.0,0.29,0.31,"5,186,350",-100269.45,4658758.28,5027317.76,27.32,5.75,-9.93,11.24,18.62,11.04,18.62,-11.02,3.0,"1,466 M"
05/22/2026,1630,KVUE,17.53,+0.40%,Consumer Staples,.23,0.2,$0.95,24.0,14.02,17.38,17.4,17.59,3.0,0.34,0.67,"13,689,585",0.0,1.910143653E7,2.15783302E7,-21.0,-0.11,-0.34,2.22,19.59,17.33,-17.33,-17.05,51.0,"33,658 M"
05/22/2026,1630,KW,10.99,-0.09%,Real Estate,.9129,0.03,($0.49),11.085,6.0,10.97,10.92,9.66,-2.0,-0.06,-0.33,"894,270",100015.03,1044938.59,1271440.79,-1.88,0.64,-0.27,-0.09,11.11,11.37,11.11,11.11,50.0,"1,531 M"
05/22/2026,1630,KWEB,26.91,-2.61%,,.2987,0.96,<empty>,43.365,26.41,28.68,28.87,35.06,-7.0,-0.66,-0.07,"60,745,595",100232.01,2.800259644E7,2.789418889E7,281.59,-4.84,-8.93,-4.84,32.62,28.37,32.62,31.07,NaN,"6,916 M"
05/22/2026,1630,LAMR,153.10,+0.32%,Real Estate,1.205,4.84,$7.25,158.6899,113.05,145.35,136.49,129.4,3.0,0.95,0.51,"523,505",-200125.08,639218.89,632604.48,-27.54,20.06,-3.06,2.47,159.1,122.37,159.1,159.1,52.0,"15,536 M"
05/22/2026,1630,LCID,5.84,0.00%,Consumer Discretionary,.8315,0.24,($14.63),33.7,5.55,6.07,7.79,13.55,2.0,0.68,0.6,"10,689,143",-701021.22,1.525248219E7,1.350783649E7,-43.98,-43.63,-7.89,4.1,11.52,6.03,11.52,7.14,49.0,"2,279 M"
05/22/2026,1630,LEVI,22.02,+1.24%,Consumer Discretionary,1.316,0.68,$1.20,24.82,16.5,21.92,20.96,21.36,3.0,0.46,0.33,"2,106,991",-100438.33,2981388.48,2846561.9,-22.75,19.48,-2.87,5.97,24.23,18.44,24.23,-20.02,21.0,"8,469 M"
05/22/2026,1630,LFMD,4.19,+2.95%,Health Care,1.783,0.34,($0.10),15.84,2.56,4.55,4.2,4.6,1.0,-0.62,0.03,"722,163",402616.25,1142456.36,1228806.98,-23.14,7.99,-12.34,-2.56,5.12,3.62,5.12,5.12,50.0,203 M
05/22/2026,1630,LFST,7.39,-0.94%,Health Care,1.319,0.37,$0.37,8.89,3.74,7.66,7.0,6.39,-7.0,-0.67,-0.08,"3,077,159",-100411.11,4271433.66,4137853.37,-8.78,14.57,-4.03,-4.4,9.11,6.49,9.11,9.11,51.0,"2,822 M"
05/22/2026,1630,LH,259.93,+1.63%,Health Care,.915,2.27,$16.70,293.72,239.75,256.28,263.18,268.48,5.0,0.16,0.69,"543,206",-200330.17,634213.62,616934.7,-43.62,-2.33,2.29,2.46,291.59,249.13,-249.13,-249.13,41.0,"21,314 M"
05/22/2026,1630,LI,15.89,-1.91%,Consumer Discretionary,.5158,1.26,($1.82),32.025,15.39,17.72,17.95,19.68,-6.0,-0.39,0.0,"6,377,276",100255.04,3530356.55,3461311.4,228.23,-10.48,-11.72,-1.79,20.07,16.03,20.07,20.07,3.0,"16,185 M"
05/22/2026,1630,LII,484.64,+0.86%,Industrials,1.203,17.57,$18.86,689.44,434.06,509.87,490.65,516.46,1.0,-0.53,0.24,"367,048",100142.17,461531.52,454691.49,-23.71,1.61,-7.02,0.4,574.59,434.39,-434.39,551.11,45.0,"16,865 M"
05/22/2026,1630,LIN,517.58,+0.60%,,.7391,6.99,<empty>,521.28,387.78,505.62,499.95,464.62,2.0,0.54,0.64,"1,452,818",-100127.45,2191212.97,2322322.57,-39.63,7.87,4.95,2.27,521.15,471.51,521.15,-490.13,47.0,"239,302 M"
05/22/2026,1630,LIT,85.28,+1.07%,,1.023,3.23,<empty>,91.98,35.62,86.85,80.14,66.33,2.0,-0.37,0.12,"718,998",300136.09,407065.14,396986.05,179.5,20.55,-5.42,4.28,92.09,67.44,92.09,-81.03,NaN,"2,184 M"
05/22/2026,1630,LLY,1065.00,+2.24%,Health Care,.4977,29.25,$11.81,1133.95,623.78,973.9,943.33,928.25,2.0,0.67,0.87,"3,467,327",200438.17,3165878.52,3092200.41,-6.21,17.94,12.29,4.27,1059.62,851.17,-851.17,-851.17,50.0,"949,705 M"
05/22/2026,1630,LMND,56.52,-0.93%,Financials,1.751,1.72,$0.26,99.9,29.5001,56.15,60.29,63.89,5.0,0.51,0.63,"1,041,995",100781.48,1805526.8,1990908.71,-52.11,-13.67,2.74,4.72,73.25,48.62,73.25,-51.05,49.0,"4,342 M"
05/22/2026,1630,LMT,533.24,+2.00%,Industrials,.0843,7.37,$24.45,692.0,410.11,517.48,572.94,530.85,1.0,0.29,0.86,"1,049,566",-100135.45,1470719.98,1548167.17,-23.44,-12.61,5.28,1.26,692.58,500.12,-500.12,-500.12,39.0,"122,946 M"
05/22/2026,1630,LNG,240.85,+0.17%,Energy,.0449,8.49,$10.16,300.89,186.2001,252.95,263.61,230.19,7.0,-0.03,0.52,"1,977,171",-100147.45,3054053.7,3156578.31,-19.35,-18.24,0.31,-2.4,301.38,216.6,301.38,275.16,51.0,"50,471 M"
05/22/2026,1630,LOGI,112.63,+6.46%,Information Technology,1.082,2.86,$6.65,123.01,81.98,103.03,97.44,102.42,2.0,0.95,0.75,"1,761,424",100237.13,1054739.34,1034913.36,-35.92,22.65,2.96,8.65,110.09,87.44,-87.44,-96.17,49.0,"16,163 M"
05/22/2026,1630,LOTMY,29.2036,-0.28%,Consumer Discretionary,.7675,1.12,$1.91,33.1,21.65,30.21,30.04,26.69,-10.0,-0.21,-0.16,"9,556",-100100.23,19731.9,20204.39,-19.15,0.74,-8.35,-1.67,33.25,24.58,33.25,33.11,NaN,"6,855 M"
05/22/2026,1630,LOW,215.03,-1.09%,Consumer Discretionary,.8817,5.33,$13.63,293.06,208.0,226.69,234.45,249.0,-1.0,-0.22,-0.41,"2,801,164",100333.03,2724741.99,2782492.62,-21.72,-8.28,-6.18,-1.53,281.62,214.03,281.62,-208.02,59.0,"120,632 M"
05/22/2026,1630,LQD,108.37,+0.18%,,.4438,0.57,<empty>,112.93,106.09,108.53,108.85,110.4,3.0,0.38,0.55,"19,668,813",-400009.49,3.557229657E7,3.918900225E7,-10.53,0.03,-0.76,1.17,112.59,107.03,112.59,-107.03,NaN,"29,195 M"
05/22/2026,1630,LRCX,305.35,+1.03%,Information Technology,1.829,9.51,$4.76,309.98,79.49,280.09,255.81,188.52,3.0,0.76,0.5,"7,841,619",-100371.45,9691625.85,9891947.61,20.69,27.85,3.84,11.69,302.06,194.53,-194.53,-242.17,45.0,"381,862 M"
05/22/2026,1630,LUV,40.86,+0.20%,Industrials,1.155,1.2,($0.73),55.11,28.975,39.31,39.5,38.3,3.0,0.41,0.66,"7,027,078",0.0,7580069.76,8303421.57,-14.79,2.59,-1.09,9.4,52.6,36.35,-36.35,42.11,41.0,"19,971 M"
05/22/2026,1630,LUXE,6.98,-3.19%,Consumer Discretionary,1.13,0.7,($1.21),11.38,6.54,8.24,8.32,8.68,3.0,0.0,0.07,"397,299",-100680.04,249122.02,252166.56,175.53,-11.98,-17.59,1.6,10.61,7.03,10.61,-7.03,84.0,958 M
05/22/2026,1630,LVS,49.43,-0.04%,Consumer Discretionary,.8141,1.42,$3.30,70.4545,39.36,52.03,53.45,57.15,2.0,-0.18,0.43,"3,826,763",100139.22,4305080.79,4321197.03,-34.56,-9.96,-6.93,-0.98,58.25,50.03,58.25,55.16,41.0,"32,754 M"
05/22/2026,1630,LW,43.76,+2.22%,Consumer Staples,.4515,0.99,$4.54,67.07,37.62,42.71,42.26,50.89,2.0,0.82,0.69,"1,300,011",-100266.45,2904365.62,2771414.73,-12.0,5.47,4.17,3.72,48.59,38.35,-38.35,-40.02,40.0,"6,042 M"
05/22/2026,1630,LYB,69.72,-0.51%,Materials,.389,2.02,$2.82,83.94,41.58,73.21,73.98,56.27,-5.0,-0.06,-0.42,"6,063,137",-100261.45,7131949.82,7819084.67,-21.03,-8.28,-2.84,-4.55,84.37,55.6,84.37,78.13,47.0,"22,505 M"
05/22/2026,1630,LYFT,13.90,+3.12%,Industrials,2,0.44,$2.77,25.54,12.46,13.86,13.75,17.37,5.0,0.72,0.53,"15,620,222",100262.45,1.604588702E7,1.622935265E7,12.9,5.62,-3.14,5.46,15.25,12.38,15.25,-13.05,50.0,"5,278 M"
05/22/2026,1630,LYV,165.55,-0.26%,Communication Services,1.134,3.12,$5.19,175.25,125.34,162.74,158.62,153.11,-6.0,-0.81,-0.46,"1,225,897",100434.13,2827924.33,2977022.78,-43.47,8.42,1.39,1.56,173.06,144.39,173.06,173.06,51.0,"38,526 M"
05/22/2026,1630,M,20.66,+0.19%,Consumer Discretionary,2.466,0.78,$2.55,24.41,10.54,19.31,18.86,19.18,6.0,0.6,0.86,"4,132,481",-100154.45,6280246.13,6769942.84,3.99,12.4,6.06,8.45,21.62,17.45,-17.45,-18.05,7.0,"5,449 M"
05/22/2026,1630,MA,498.54,-0.22%,Financials,.7471,4.19,$18.98,601.77,480.5,500.09,501.84,543.41,6.0,0.49,0.65,"1,959,145",-200025.17,3496703.36,3599473.58,-55.67,-0.08,0.62,-0.23,534.17,481.39,534.17,-488.06,46.0,"440,502 M"
05/22/2026,1630,MAC,22.17,-0.89%,Real Estate,2.093,0.33,$1.22,22.555,14.82,21.87,20.76,18.76,-1.0,-0.57,-0.34,"2,236,937",100129.07,2731219.36,2567598.71,25.16,19.51,1.37,1.09,23.25,18.53,23.25,-21.14,53.0,"6,284 M"
05/22/2026,1630,MAR,369.15,-0.38%,Consumer Discretionary,1.104,6.96,$9.16,380.0,253.555,357.17,348.35,308.25,8.0,0.47,0.61,"820,019",-100138.45,1427875.43,1484732.0,-16.11,13.83,4.52,2.92,380.23,311.53,380.23,372.02,49.0,"97,341 M"
05/22/2026,1630,MARA,13.81,+1.92%,Information Technology,4.877,0.49,($3.68),23.45,6.66,12.44,10.74,12.7,3.0,0.95,0.47,"40,077,693",200905.17,4.601777617E7,4.70661072E7,-6.57,67.39,6.72,11.01,14.09,8.62,-8.62,-10.17,44.0,"5,265 M"
05/22/2026,1630,MCD,282.27,-0.67%,Consumer Discretionary,.4149,3.93,$9.88,341.75,271.975,282.61,298.45,307.98,9.0,0.23,0.92,"3,055,609",-400022.1,3576505.66,3486175.79,-18.53,-8.31,2.36,0.52,342.58,272.09,-272.09,-272.09,51.0,"200,554 M"
05/22/2026,1630,MCHP,93.43,+2.55%,Information Technology,1.662,3.52,$1.37,105.91,48.52,94.65,80.03,69.93,1.0,-0.6,0.02,"8,835,717",100152.1,9890787.9,9673882.77,5.66,42.36,-5.71,1.76,106.1,59.38,106.1,106.1,51.0,"50,558 M"
05/22/2026,1630,MCK,766.08,-0.05%,Health Care,.328,19.0,$43.77,999.0,637.0,774.43,834.14,816.49,9.0,0.2,0.61,"2,323,930",-200027.01,1002395.7,936511.94,176.95,-13.14,4.07,0.55,999.57,724.09,-724.09,-724.09,50.0,"92,086 M"
05/22/2026,1630,MCO,449.12,+0.84%,Financials,1.35,8.17,$15.41,546.88,402.28,448.72,444.17,478.83,5.0,0.64,0.63,"502,872",0.0,1084158.79,1210999.79,-34.86,4.82,-0.49,3.37,484.59,422.5,-422.5,-426.05,41.0,"78,451 M"
05/22/2026,1630,MCW,7.10,0.00%,Consumer Discretionary,1.283,0.03,$0.09,7.276,4.61,7.06,7.01,5.98,5.0,0.2,0.41,<empty>,-100000.01,3447986.43,3995428.99,1943.95,2.01,1.0,0.28,7.11,7.62,7.11,7.11,55.0,"2,335 M"
05/22/2026,1630,MDB,326.13,+2.72%,Information Technology,1.659,20.82,$6.16,444.72,182.43,292.19,268.52,322.39,-3.0,0.91,-0.72,"1,262,995",200766.58,1583564.49,1957111.72,20.39,28.52,8.9,-2.55,339.6,216.3,-216.3,349.03,3.0,"26,253 M"
05/22/2026,1630,MDLZ,61.76,+0.42%,Consumer Staples,.4001,0.36,$2.00,71.15,51.2008,61.07,58.85,58.93,-2.0,-0.73,-0.52,"7,049,619",-100031.45,8621168.76,8870628.77,12.24,8.01,0.34,0.77,62.08,54.5,-54.5,63.03,44.0,"79,278 M"
05/22/2026,1630,MELI,1664.42,-0.80%,Consumer Discretionary,1.347,105.12,$234.59,2645.22,1495.0,1702.1,1726.88,2039.4,5.0,0.35,0.52,"399,000",-200541.1,538420.49,604780.99,6.96,3.25,1.95,4.36,1929.62,1495.07,-1495.07,-1495.07,50.0,"84,381 M"
05/22/2026,1630,META,610.26,+0.47%,Communication Services,1.235,5.79,$19.13,796.25,520.26,619.1,617.81,669.43,3.0,0.45,0.36,"11,167,693",-100136.17,1.632718812E7,1.525166773E7,-31.08,2.92,0.1,1.27,692.25,520.39,692.25,-593.08,45.0,"1,549,098 M"
05/22/2026,1630,MGM,38.40,+1.96%,Consumer Discretionary,1.267,0.76,$5.81,40.94,29.185,37.97,37.63,35.64,3.0,0.23,0.41,"4,645,937",-100450.45,4584496.15,4737669.49,16.19,3.48,-1.01,6.61,41.19,33.53,41.19,-35.02,45.0,"9,825 M"
05/22/2026,1630,MGPI,18.05,-0.28%,Consumer Staples,.4966,0.66,$2.46,33.378,16.45,18.89,18.78,23.45,3.0,-0.65,0.61,"153,834",0.0,232870.72,288737.01,-23.0,0.11,-8.38,1.4,26.62,16.44,-16.44,21.12,46.0,386 M
05/22/2026,1630,MICC,16.05,-1.35%,Consumer Staples,.7193,0.63,$0.24,19.93,12.94,15.0,14.7,NaN,-1.0,NaN,NaN,"847,623",-100267.06,1629963.62,1567902.68,-40.69,10.23,8.52,3.62,16.62,13.17,17.05,17.05,NaN,"9,827 M"
05/22/2026,1630,MKOR,61.70,-0.98%,,1.536,2.01,<empty>,65.47,23.33,60.1,52.73,39.64,2.0,-0.66,0.27,"16,395",-100200.09,24514.22,30887.68,-43.32,35.16,-5.12,5.78,65.09,41.38,65.09,65.09,NaN,142 M
05/22/2026,1630,MLCO,5.38,-0.55%,Consumer Discretionary,.5595,0.07,$1.20,10.15,5.185,5.48,5.6,7.36,-4.0,-0.66,-0.63,"3,385,846",100254.02,1724923.75,1874444.79,130.94,-2.54,0.19,-1.1,6.57,5.1,6.57,6.16,46.0,"2,089 M"
05/22/2026,1630,MLM,536.48,-0.28%,Materials,1.1,26.48,$17.13,710.97,525.38,583.43,592.86,620.92,3.0,-0.17,0.22,"520,830",-200133.45,496942.34,525028.48,-23.32,-6.89,-9.13,0.72,702.61,525.03,702.61,-525.03,51.0,"32,213 M"
05/22/2026,1630,MNDY,79.055,+3.67%,Information Technology,1.231,3.47,$6.00,316.98,57.5,73.25,70.4,132.65,1.0,1.0,0.68,"1,298,507",-101070.1,1697665.13,1819079.4,-39.07,9.24,9.69,1.35,88.09,58.3,88.09,88.09,53.0,"4,045 M"
05/22/2026,1630,MNSO,13.53,-1.53%,Consumer Discretionary,-.056,0.39,$0.74,26.74,13.37,14.43,15.44,19.46,-6.0,-0.27,-0.6,"573,783",0.0,417559.63,455132.11,68.52,-17.65,-7.52,-4.11,20.61,14.08,20.61,15.15,1.0,"4,099 M"
05/22/2026,1630,MNST,86.79,+0.54%,Consumer Staples,.5211,4.27,$2.10,88.77,58.09,82.08,77.66,73.73,-4.0,-0.98,-0.66,"3,238,910",100227.11,5055341.09,5542850.16,-50.12,18.89,0.58,0.51,89.1,71.37,89.1,89.1,51.0,"84,881 M"
05/22/2026,1630,MO,73.90,+0.26%,Consumer Staples,.5461,2.06,$5.14,74.56,54.7,71.35,68.01,64.2,-3.0,0.86,-0.52,"4,495,490",-200227.17,9508102.07,9321420.74,-60.34,14.89,8.49,-0.14,75.15,63.41,75.15,75.15,46.0,"123,405 M"
05/22/2026,1630,MOH,184.14,+1.59%,Health Care,.7282,4.51,$4.84,312.85,121.06,188.44,162.77,166.08,1.0,-0.7,0.45,"534,533",-100059.45,1494829.26,1486073.35,-28.3,29.91,-0.97,-0.13,201.11,131.38,201.11,201.11,41.0,"9,594 M"
05/22/2026,1630,MOO,80.27,-0.24%,,.3519,1.2,<empty>,86.5583,69.32,82.17,83.06,77.56,-2.0,0.0,-0.43,"149,606",-100103.11,455925.75,457797.87,-55.59,-2.36,-1.7,-0.93,87.31,80.44,87.31,85.13,NaN,947 M
05/22/2026,1630,MOVE:GIF,78.4304,-1.62%,,-4.435,5.93,<empty>,115.0172,55.7659,74.59,80.12,73.67,-3.0,-0.41,-0.83,<empty>,NaN,NaN,NaN,NaN,-23.86,16.62,-8.08,115.4,62.61,115.4,86.04,NaN,0
05/22/2026,1630,MP,64.46,+4.41%,Materials,1.898,5.07,($1.81),100.2505,18.64,63.83,59.12,63.06,2.0,0.45,0.25,"6,820,613",100670.02,6216248.98,6060577.74,10.53,20.96,-4.4,17.35,77.1,44.38,77.1,-54.02,51.0,"11,475 M"
05/22/2026,1630,MPC,254.65,+2.50%,Energy,.5401,6.09,$18.98,264.142224,155.93,249.17,238.85,199.3,-3.0,-0.71,-0.51,"1,925,675",-100243.45,2467897.9,2595327.03,-16.88,4.4,3.99,-3.18,262.13,190.59,-190.59,264.02,49.0,"74,342 M"
05/22/2026,1630,MPLX,56.47,+1.53%,Energy,.467,0.73,$3.83,59.98,47.8,55.45,56.24,53.85,5.0,0.33,0.79,"1,788,975",300224.07,2145499.34,1978775.04,-14.32,-4.56,4.57,1.58,60.42,53.09,-53.09,-53.09,49.0,"57,302 M"
05/22/2026,1630,MPNGY,20.20,-4.22%,Consumer Discretionary,.0439,0.7,($0.64),37.88,18.56,21.29,21.27,24.44,-2.0,-0.7,-0.28,"296,297",100100.42,281721.46,332801.67,81.5,1.2,-5.34,-4.49,24.07,19.55,24.07,24.07,5.0,"62,361 M"
05/22/2026,1630,MRNA,46.88,-0.80%,Health Care,1.069,2.52,($4.10),59.55,22.28,48.51,50.62,37.05,-2.0,-0.08,-0.3,"4,216,800",-100993.1,6878689.81,7620056.28,-44.43,-8.69,-13.74,2.54,60.56,44.15,-44.15,59.09,47.0,"18,601 M"
05/22/2026,1630,MRVL,196.33,+2.96%,Information Technology,2.211,9.86,$1.62,198.395,58.61,171.23,137.5,95.91,3.0,0.82,0.36,"19,705,776",300663.37,2.51450109E7,2.499174533E7,35.46,112.57,15.4,11.38,192.06,75.55,-75.55,-151.17,2.0,"171,897 M"
05/22/2026,1630,MSFT,418.57,-0.12%,Information Technology,1.082,5.48,$9.81,555.45,356.28,416.61,400.44,460.4,-1.0,-0.77,-0.43,"22,318,431",-100131.17,3.360528444E7,3.407823808E7,-20.48,12.3,0.83,0.28,434.22,356.38,434.22,433.03,45.0,"3,109,320 M"
05/22/2026,1630,MSGS,353.87,+0.44%,Communication Services,.5884,8.4,$2.20,360.45,186.0,342.54,330.91,265.07,-3.0,0.43,-0.51,"139,228",100235.38,236023.62,236305.42,-37.4,12.66,7.19,0.2,357.06,304.45,360.04,360.04,54.0,"8,520 M"
05/22/2026,1630,MSM,106.50,+0.49%,Industrials,.9894,1.3,$3.86,108.77,77.78,104.51,97.36,90.65,1.0,-0.81,0.26,"960,187",100333.2,670875.21,657915.74,162.66,17.65,2.13,2.55,109.06,85.44,109.06,109.06,26.0,"5,946 M"
05/22/2026,1630,MSTR,159.89,-3.01%,Information Technology,3.311,10.86,($2.32),457.22,104.165,175.26,154.84,212.53,-9.0,-0.77,-0.04,"12,691,899",100889.26,1.805054214E7,1.852693333E7,-30.3,17.35,-14.77,-2.88,197.09,116.35,197.09,197.09,46.0,"56,139 M"
05/22/2026,1630,MTCH,35.80,+0.39%,Communication Services,1.409,0.8,$4.28,39.2,28.81,36.53,34.11,33.64,3.0,-0.37,0.16,"2,603,332",-100143.45,5177374.06,4912754.12,-33.69,17.8,-3.14,1.27,39.15,30.39,39.15,-35.02,49.0,"8,351 M"
05/22/2026,1630,MTDR,56.64,+0.98%,Energy,.8126,2.35,$0.48,66.8387,37.14,59.49,59.81,48.82,-3.0,-0.05,-0.52,"1,483,453",-100747.02,1782288.42,1918594.82,23.24,-7.03,2.5,-8.22,67.38,48.61,67.38,-54.11,44.0,"7,033 M"
05/22/2026,1630,MTUM,303.60,+0.48%,,1.064,5.1,<empty>,307.96,223.47,294.36,270.91,256.19,2.0,-0.79,0.11,"943,840",100131.03,926262.62,905035.69,3.61,23.65,0.6,3.76,308.06,229.38,308.06,308.06,NaN,"26,504 M"
05/22/2026,1630,MU,751.00,-1.46%,Information Technology,1.894,51.57,$9.16,818.67,90.93,668.75,519.01,322.56,-1.0,-0.81,-0.25,"35,686,763",-100206.09,4.910733485E7,4.535773464E7,-22.49,89.87,0.56,7.48,819.09,311.37,819.09,819.09,21.0,"846,928 M"
05/22/2026,1630,MUR,38.00,+0.61%,Energy,.5621,1.28,$1.25,43.34,20.44,39.58,39.27,32.04,-3.0,-0.11,-0.35,"1,227,355",200158.45,2310907.47,2343430.47,-23.49,-1.61,2.76,-5.8,43.33,30.6,43.33,-36.11,50.0,"5,447 M"
05/22/2026,1630,MUSA,542.74,-0.33%,Consumer Discretionary,.3097,15.97,$29.30,609.8206,345.2301,566.44,522.64,426.35,-13.0,-0.52,-0.09,"281,017",101137.17,339580.94,348300.2,-14.17,15.94,-6.08,-4.71,610.12,379.59,610.12,610.12,45.0,"10,025 M"
05/22/2026,1630,MZTI,115.00,+1.98%,Consumer Staples,.3807,1.91,$9.04,190.96,110.31,117.85,130.83,159.63,9.0,0.21,0.85,"345,810",-200425.15,363731.1,329969.79,-63.72,-18.48,1.15,0.97,171.6,111.14,171.6,132.15,60.0,"3,154 M"
05/22/2026,1630,N225:JP,63339.07,+2.68%,,<empty>,1371.56,<empty>,63799.32,37167.01,61114.84,57346.61,51166.13,2.0,0.76,0.35,<empty>,NaN,NaN,NaN,NaN,18.67,1.0,4.61,63799.06,50559.35,63799.06,63799.06,NaN,0
05/22/2026,1630,NBIS,214.77,-2.35%,Information Technology,2.084,15.85,($12.74),233.7299,34.72,183.07,151.08,109.62,-1.0,0.94,-0.47,"10,553,922",200312.08,1.831845077E7,1.700768235E7,-57.43,86.9,21.3,8.62,234.06,84.57,234.06,234.06,51.0,"54,530 M"
05/22/2026,1630,NBIX,156.70,+0.77%,Health Care,.3648,6.32,$8.34,162.39,117.59,146.62,136.81,138.86,-7.0,-0.93,-0.41,"758,737",-200137.13,1174874.34,1137833.29,-36.58,22.56,2.92,1.52,162.06,125.42,162.06,162.06,45.0,"15,756 M"
05/22/2026,1630,NCLH,16.30,-1.03%,Consumer Discretionary,1.903,0.77,($2.10),27.1799,14.5301,16.79,18.47,21.52,3.0,0.11,0.5,"18,904,452",-200260.15,2.239202087E7,2.299370895E7,-67.85,-17.09,-4.57,10.21,25.59,15.03,25.59,-15.03,46.0,"7,483 M"
05/22/2026,1630,NEE,88.55,-1.27%,Utilities,.7149,2.79,($7.43),98.75,65.97,93.64,92.85,84.74,-1.0,0.0,-0.02,"10,753,853",100127.04,9959007.45,1.031805174E7,57.99,-3.35,-4.89,-1.68,99.15,87.04,-87.04,-87.04,40.0,"184,680 M"
05/22/2026,1630,NEM,107.64,-0.64%,Materials,.4447,5.01,$8.43,134.88,51.8,111.94,110.85,99.41,2.0,-0.34,0.35,"5,004,737",-100458.45,9109313.13,9243499.99,-12.19,8.71,-7.61,2.43,132.58,94.44,-94.44,-104.03,41.0,"114,911 M"
05/22/2026,1630,NET,216.17,+1.66%,Information Technology,1.612,21.57,$0.80,260.0,154.9295,212.16,208.05,204.1,7.0,0.44,0.47,"2,108,836",-301070.11,4447083.91,4361171.65,-24.18,1.42,10.22,4.57,259.11,159.62,259.11,-186.07,46.0,"76,409 M"
05/22/2026,1630,NFLX,88.60,-0.78%,Communication Services,1.666,1.06,$2.81,134.115,75.01,89.2,93.68,101.88,9.0,0.37,0.42,"23,779,058",100132.26,3.839736999E7,4.361083152E7,-8.29,-2.55,1.27,-0.82,109.26,75.62,109.26,-85.09,37.0,"373,077 M"
05/22/2026,1630,NIKL,15.54,+3.05%,,.9401,1.05,<empty>,21.855,10.5918,16.69,16.52,15.72,2.0,-0.19,0.25,"80,199",0.0,167282.85,189844.49,9.02,2.24,-9.02,5.93,20.59,14.44,-14.44,-15.03,NaN,72 M
05/22/2026,1630,NKE,44.67,+0.63%,Consumer Discretionary,1.145,0.99,$0.71,80.165,41.35,43.56,46.37,61.62,5.0,0.7,0.87,"14,873,417",100140.36,2.290379064E7,2.148120676E7,-55.3,-16.49,1.2,5.3,65.6,41.04,-41.04,-41.04,22.0,"66,151 M"
05/22/2026,1630,NLR,130.85,+0.69%,,.8153,7.4,<empty>,168.1199,92.25,138.1,137.59,136.68,3.0,0.1,0.21,"350,840",-200239.09,452364.36,455815.83,11.63,-1.15,-7.12,4.63,154.58,124.03,154.58,-124.03,NaN,"4,772 M"
05/22/2026,1630,NNN,45.00,+0.04%,Real Estate,.804,0.45,$3.46,46.03,38.9,44.28,43.86,42.44,5.0,0.56,0.71,"1,452,756",200124.05,1708632.88,1631510.51,-0.27,6.23,1.44,0.36,46.58,42.38,-42.38,45.02,50.0,"8,561 M"
05/22/2026,1630,NOAH,10.01,-4.48%,Financials,.8139,0.26,$1.73,12.84,9.31,10.52,10.5,11.14,-1.0,-0.49,-0.38,"89,002",100260.4,112491.62,117320.81,91.7,-12.58,-7.66,-2.05,12.61,10.4,-10.4,11.12,2.0,656 M
05/22/2026,1630,NORW,38.90,-1.12%,,.7268,0.46,<empty>,39.39,27.84,38.51,37.9,32.51,-1.0,-0.46,-0.55,"39,749",-100100.2,166601.87,174271.6,-47.1,8.0,2.13,-0.54,39.13,35.57,-35.57,-38.11,NaN,158 M
05/22/2026,1630,NOW,102.13,+2.45%,Information Technology,.8391,5.68,$4.46,211.47798,81.24,93.53,98.11,142.75,-2.0,1.0,-0.69,"23,497,239",-100867.04,2.476139905E7,2.374059586E7,7.47,-2.41,12.01,0.29,127.53,81.3,-81.3,111.03,41.0,"105,327 M"
05/22/2026,1630,NSA,42.71,-0.16%,Real Estate,1.087,0.82,$3.59,44.015,27.43,42.49,40.87,33.51,3.0,-0.37,0.31,"552,987",-100336.48,1683148.38,1675473.51,-36.23,14.11,-2.2,2.55,44.23,30.5,44.23,-41.03,48.0,"3,298 M"
05/22/2026,1630,NSC,314.53,+0.99%,Industrials,1.277,2.93,$7.20,323.37,236.37,314.55,301.52,293.66,1.0,-0.68,0.43,"1,600,147",100128.41,1248737.1,1313604.83,123.68,10.89,0.81,-1.15,323.2,278.44,323.2,321.03,45.0,"70,642 M"
05/22/2026,1630,NSP,32.09,+3.99%,Industrials,.5799,1.43,$1.76,66.51,18.57,31.61,28.9,38.2,6.0,0.75,0.59,"435,482",-100190.45,952911.81,1006542.49,-65.38,20.91,-1.53,2.0,38.17,19.51,38.17,-28.12,46.0,"1,225 M"
05/22/2026,1630,NSSC,37.41,+1.96%,Information Technology,1.365,2.13,$1.58,48.12,26.44,40.42,41.66,41.14,5.0,0.03,0.33,"224,900",200150.51,445458.63,581614.42,-78.49,-12.47,-8.35,4.44,47.6,35.03,47.6,-35.03,62.0,"1,337 M"
05/22/2026,1630,NTLA,12.60,+1.86%,Health Care,1.952,0.78,($3.24),28.25,6.83,13.28,13.56,13.23,2.0,-0.53,0.17,"3,192,724",200389.18,5788433.04,5539254.55,-50.74,-1.64,-10.57,5.53,17.21,12.38,17.21,16.09,51.0,"1,761 M"
05/22/2026,1630,NTR,70.13,-0.16%,Materials,.6701,2.13,$4.56,85.3599,53.03,72.25,73.82,64.93,-3.0,-0.01,-0.4,"1,558,857",-100045.39,3353836.71,3637625.23,-39.78,-8.71,2.63,-2.04,85.49,68.1,-68.1,-68.1,50.0,"33,664 M"
05/22/2026,1630,NUE,232.00,+2.46%,Materials,1.839,3.48,$2.32,235.45,106.211,227.32,198.37,167.25,2.0,-0.66,0.07,"1,121,772",100237.19,1456850.06,1480527.09,14.49,42.56,1.98,4.63,235.07,155.45,235.07,-219.03,43.0,"52,836 M"
05/22/2026,1630,NVDA,215.33,-1.90%,Information Technology,2.275,8.93,$4.36,236.54,129.16,214.75,196.81,187.03,-6.0,-0.82,-0.17,"167,853,252",0.0,1.6163609209E8,1.712765212E8,33.89,22.91,0.06,-2.39,237.06,164.38,237.06,237.06,64.0,"5,215,508 M"
05/22/2026,1630,NVO,44.96,+1.28%,Health Care,.7942,0.92,$1.08,81.44,35.12,44.48,40.56,49.06,-12.0,-0.75,-0.63,"10,578,769",0.0,1.668169691E7,2.011224593E7,-43.36,21.88,-2.41,1.54,48.09,35.38,48.09,48.09,50.0,"199,254 M"
05/22/2026,1630,NXPI,316.47,+5.71%,Information Technology,1.696,7.61,$10.12,316.81,183.0,290.66,238.74,226.22,1.0,0.84,0.23,"2,948,339",-100048.11,3421903.24,3252252.33,10.21,61.14,7.37,7.54,307.09,185.38,-185.38,-278.17,43.0,"79,900 M"
05/22/2026,1630,NYT,74.96,+0.94%,Communication Services,.9812,2.57,$3.33,87.1,51.03,77.57,80.17,68.79,2.0,0.0,0.36,"1,319,149",100131.13,2103653.28,2175244.81,-31.73,-10.93,-5.6,-0.4,87.33,74.62,87.33,87.12,50.0,"12,133 M"
05/22/2026,1630,O,62.02,-0.34%,Real Estate,.7461,0.73,$4.45,67.935,55.03,62.61,62.71,60.48,5.0,0.24,0.56,"4,331,129",-100321.12,5609112.46,5885635.33,-0.68,2.58,0.16,-0.11,68.59,60.41,-60.41,-61.05,48.0,"57,833 M"
05/22/2026,1630,OC,117.42,+1.17%,Industrials,1.316,4.38,$10.00,159.42,97.53,119.17,114.91,124.08,3.0,0.45,0.36,"1,137,514",-100349.45,1276157.01,1408184.94,-18.92,9.83,-3.49,8.77,133.61,99.44,-99.44,-106.03,50.0,"9,456 M"
05/22/2026,1630,OIH,443.96,-0.26%,,.8808,10.27,<empty>,459.28,211.87,440.4,418.0,327.88,-2.0,-0.51,-0.52,"351,424",-100146.58,449538.14,479510.45,40.97,9.16,5.49,-1.57,451.17,366.53,-366.53,459.02,NaN,"2,509 M"
05/22/2026,1630,OKE,94.03,+1.52%,Energy,.7733,3.21,$3.56,96.0661,64.02,90.16,88.68,78.13,-3.0,0.61,-0.86,"3,099,329",-100038.45,4640694.56,4834253.81,5.07,3.4,10.42,-1.27,95.39,80.61,-80.61,96.02,48.0,"59,242 M"
05/22/2026,1630,OKLO,65.88,+1.21%,Utilities,2.462,6.65,($0.99),193.84,43.63,68.64,61.55,85.97,3.0,0.69,0.23,"11,368,667",101312.13,1.275490432E7,1.154152694E7,28.39,19.87,-9.14,17.9,82.2,45.38,82.2,-54.03,53.0,"11,463 M"
05/22/2026,1630,OKTA,92.24,+3.13%,Information Technology,.7321,4.58,$4.91,127.5219,62.66,81.07,77.76,84.95,6.0,1.0,0.99,"3,006,620",-200863.31,3485190.71,3695963.47,49.34,20.17,9.94,7.63,85.09,63.3,-63.3,-73.16,3.0,"16,174 M"
05/22/2026,1630,OLLI,81.84,-1.48%,Consumer Discretionary,.4941,2.96,$3.17,141.74,73.315,82.03,89.65,112.86,7.0,0.41,0.84,"1,975,574",100056.02,1548910.3,1500089.56,40.01,-12.25,-0.45,2.7,112.5,73.07,-73.07,-73.07,7.0,"4,965 M"
05/22/2026,1630,OMF,53.48,-0.50%,Financials,1.18,1.13,$27.17,71.93,45.7811,55.14,54.95,59.25,7.0,0.37,0.46,"789,382",-100648.49,1368374.74,1386242.19,-51.72,0.41,-4.65,1.1,60.23,46.48,60.23,-52.07,41.0,"6,179 M"
05/22/2026,1630,ON,116.20,+6.01%,Information Technology,1.83,5.3,$2.92,119.1,40.62,105.92,83.84,62.07,1.0,0.83,0.21,"8,489,046",100673.08,1.047400457E7,9802947.96,-50.07,86.4,12.6,9.6,119.06,55.53,119.06,119.06,48.0,"45,179 M"
05/22/2026,1630,ONEW,10.80,+1.41%,Consumer Discretionary,1.528,0.58,$4.09,17.92,8.12,10.71,10.1,12.89,2.0,0.64,0.27,"73,338",300036.12,136291.45,140368.39,-52.41,16.76,-10.45,6.51,13.1,8.45,13.1,13.1,46.0,179 M
05/22/2026,1630,ONON,39.81,+1.58%,Consumer Discretionary,2.077,1.78,$1.19,61.2882,31.41,36.12,35.92,42.22,8.0,0.71,0.87,"5,115,140",100557.09,7138510.93,7115616.16,6.84,0.56,12.97,6.61,48.6,31.39,-31.39,-32.08,53.0,"13,270 M"
05/22/2026,1630,ONTO,262.25,+0.31%,Information Technology,1.597,15.03,$4.85,316.0,89.4,279.57,253.26,179.34,3.0,-0.14,0.15,"812,960",-100072.04,977021.19,959481.8,7.78,19.5,-7.88,5.71,316.2,175.53,316.2,-238.03,51.0,"13,045 M"
05/22/2026,1630,ORCL,192.08,+1.22%,Information Technology,1.53,4.21,($8.70),345.72,134.57,184.16,167.21,207.98,2.0,-0.9,0.33,"10,837,459",-200357.29,2.559322885E7,2.7225763E7,-67.65,30.59,-1.97,5.85,201.06,135.3,201.06,201.06,12.0,"552,431 M"
05/22/2026,1630,ORLY,91.74,-0.65%,Consumer Discretionary,.5498,1.85,$2.26,108.715,86.77,92.68,92.09,96.85,5.0,0.42,0.38,"4,453,718",100427.17,5524937.45,5674952.51,-5.35,4.26,-1.31,-0.2,101.15,87.44,101.15,-88.05,45.0,"76,026 M"
05/22/2026,1630,OSCR,22.64,+2.26%,Financials,2.136,1.87,$10.21,25.58,10.69,21.12,16.74,16.53,-4.0,-0.88,-0.31,"5,193,366",300981.05,7316184.02,7274949.02,-6.79,88.2,6.24,-7.67,24.07,11.38,26.04,26.04,53.0,"6,826 M"
05/22/2026,1630,OSK,128.51,+1.09%,Industrials,1.279,12.22,$12.88,180.49,96.03,138.49,143.95,141.25,5.0,0.05,0.41,"624,663",-300247.1,712689.23,713379.03,48.88,-12.37,-6.86,7.89,180.61,117.03,180.61,-117.03,47.0,"8,013 M"
05/22/2026,1630,OTLY,10.15,0.00%,Consumer Staples,1.114,0.35,($0.98),18.84,9.4,10.6,10.96,13.01,9.0,0.27,0.35,"52,383",-100388.26,65147.86,63153.05,4.89,4.42,-2.5,3.05,14.25,9.39,14.25,-10.03,40.0,317 M
05/22/2026,1630,OUT,33.60,+0.81%,Real Estate,1.484,0.79,$1.36,34.96,15.45,31.94,29.59,23.79,3.0,0.75,0.5,"1,093,846",-200130.06,1448572.5,1525719.5,-21.93,22.45,-0.88,4.64,35.1,25.38,35.1,35.1,49.0,"5,916 M"
05/22/2026,1630,OVX:CGI,75.97,+3.30%,,-2.612,1.9,<empty>,125.99,23.59,73.55,81.95,51.35,6.0,0.09,0.45,<empty>,NaN,NaN,NaN,NaN,-14.97,5.29,4.23,126.5,56.62,126.5,-69.06,NaN,0
05/22/2026,1630,OXLC,9.63,-0.21%,,.6445,0.2,($6.38),22.7,8.01,10.05,9.71,13.33,-2.0,-0.85,-0.49,"1,513,746",0.0,1203935.1,1423623.08,64.28,8.57,-5.4,-1.33,11.15,8.47,11.15,11.15,NaN,940 M
05/22/2026,1630,OXM,41.73,+6.92%,Consumer Discretionary,.98,2.7,$0.76,56.39,30.5656,41.74,40.4,39.56,3.0,0.21,0.24,"289,981",-100173.4,335514.38,317014.06,10.6,23.43,-8.25,10.6,48.22,31.45,48.22,-36.02,12.0,622 M
05/22/2026,1630,OXY,58.81,-0.03%,Energy,.2053,2.32,$3.15,67.45,38.8,57.93,58.89,48.16,-3.0,0.23,-0.85,"7,897,010",-100146.38,1.540026693E7,1.663453003E7,-23.79,-3.98,10.9,-3.11,67.37,50.6,67.37,61.02,50.0,"58,494 M"
05/22/2026,1630,PAG,164.73,+1.85%,Consumer Discretionary,.8719,5.34,$9.05,189.51,140.12,166.27,157.47,165.15,2.0,0.59,0.17,"183,104",100235.18,297823.94,297036.89,-25.88,12.7,-5.22,5.29,182.17,140.44,182.17,-154.02,45.0,"10,831 M"
05/22/2026,1630,PALL,24.52,-2.78%,,-.1467,1.12,<empty>,39.48168,17.51628,26.49,26.97,27.08,-1.0,-0.27,-0.37,"526,155",0.0,1116178.23,1167651.35,-32.69,-4.35,-8.99,-0.12,33.61,24.4,33.61,28.15,NaN,744 M
05/22/2026,1630,PAM,80.68,-1.26%,Utilities,.9069,1.55,($0.46),94.5,54.95,81.12,83.25,79.06,-1.0,0.25,-0.58,"96,442",-100245.37,254047.07,257413.59,-65.2,-4.96,2.49,-2.1,90.37,69.57,90.37,84.03,50.0,"4,336 M"
05/22/2026,1630,PATH,10.93,+3.41%,Information Technology,.4959,0.43,$0.65,19.84,9.2002,10.48,10.76,12.98,6.0,0.51,0.42,"39,275,556",200479.51,2.750286652E7,3.264409496E7,27.69,-1.26,1.3,3.6,13.45,9.06,-9.06,11.03,3.0,"5,688 M"
05/22/2026,1630,PBD,21.71,+1.78%,,1.348,0.46,<empty>,22.34,11.5,21.19,19.61,17.07,2.0,0.58,0.2,"16,806",-200140.2,60027.49,60542.62,-66.49,22.86,-0.78,6.53,22.09,17.53,22.09,-20.03,NaN,227 M
05/22/2026,1630,PBH,48.00,-0.48%,Health Care,.3719,3.27,$5.09,87.12,42.62,51.95,55.9,61.74,5.0,0.05,0.51,"947,406",100133.06,652989.5,605987.24,64.34,-22.58,-8.64,3.36,71.62,43.06,-43.06,-43.06,51.0,"2,274 M"
05/22/2026,1630,PBJ,48.4712,+0.11%,,.4974,0.5,<empty>,51.07,42.685,48.99,49.09,47.15,5.0,0.04,0.48,"4,891",0.0,14029.78,16509.28,-43.27,0.75,-0.76,0.11,51.59,47.44,-47.44,-48.04,NaN,92 M
05/22/2026,1630,PBR,19.90,-0.65%,Energy,.4305,0.55,$1.29,22.24,11.035,20.74,20.54,15.01,2.0,-0.05,0.23,"10,813,317",-100148.51,2.578226534E7,2.799087599E7,-11.97,0.76,-2.12,-2.5,22.14,16.62,22.14,-20.07,51.0,"128,243 M"
05/22/2026,1630,PCAR,109.35,+0.01%,Industrials,.9828,2.03,$5.89,131.875,88.65,114.23,117.68,109.84,13.0,0.0,0.36,"2,403,591",-100732.19,2709799.08,2838977.9,-2.79,-5.57,-4.34,-0.03,129.23,109.03,129.23,122.17,39.0,"57,549 M"
05/22/2026,1630,PD,7.20,+2.13%,Information Technology,.8107,0.22,$1.13,18.0,5.7,6.97,6.67,11.62,5.0,0.96,0.58,"1,303,376",-100607.29,2487584.96,2760967.08,-38.86,10.94,-1.23,4.5,8.54,6.3,-6.3,8.11,3.0,552 M
05/22/2026,1630,PDD,94.52,-3.34%,Consumer Discretionary,1,2.27,$10.82,139.41,92.57,97.92,99.63,113.77,-1.0,-0.68,-0.37,"12,604,757",100242.42,7336194.0,7006303.93,125.0,-3.64,-4.31,-2.9,108.25,94.05,108.25,103.12,2.0,"134,539 M"
05/22/2026,1630,PEB,14.78,-0.54%,Real Estate,1.489,0.25,$2.05,14.96,8.69,14.37,13.56,11.94,3.0,0.71,0.51,"771,397",-100346.18,2413775.26,2450251.82,-62.71,18.24,0.41,3.5,15.11,12.49,-12.49,-14.14,44.0,"1,676 M"
05/22/2026,1630,PECO,40.30,-0.57%,Real Estate,.4557,0.34,$1.65,40.71,32.84,39.91,38.75,36.3,3.0,0.54,0.57,"956,121",-200100.12,902384.26,870983.15,52.56,9.39,1.46,1.82,41.18,37.42,41.18,-39.14,41.0,"5,076 M"
05/22/2026,1630,PENN,16.88,+1.08%,Consumer Discretionary,1.417,0.44,($0.47),20.605,11.65,16.72,15.69,15.87,6.0,0.55,0.35,"3,204,056",101158.22,3735288.37,4207891.51,2.0,16.66,0.84,4.71,18.18,12.62,18.18,-16.07,41.0,"2,259 M"
05/22/2026,1630,PEP,150.57,+1.16%,Consumer Staples,.379,2.77,$6.46,171.48,127.6,152.73,154.09,150.65,6.0,0.12,0.35,"7,159,912",-100234.45,6243539.2,6345767.04,34.3,-0.01,-2.62,0.13,170.59,147.04,170.59,160.15,36.0,"205,794 M"
05/22/2026,1630,PFE,25.90,-0.19%,Health Care,.3124,0.36,$1.67,28.745,22.88,26.07,26.81,25.8,4.0,0.1,0.54,"22,280,357",0.0,3.686717076E7,3.730902883E7,-35.57,-3.93,0.86,0.94,29.35,25.04,-25.04,-25.04,45.0,"147,616 M"
05/22/2026,1630,PFF,31.24,+0.35%,,.5303,0.24,<empty>,32.2645,29.865,31.38,31.04,31.31,2.0,-0.59,0.11,"2,698,825",100008.49,3262852.37,3394042.43,-26.06,2.63,-1.51,0.87,32.09,30.38,32.09,-31.03,NaN,"13,725 M"
05/22/2026,1630,PFG,103.85,-0.07%,Financials,.8787,1.26,$16.45,104.675,75.0,101.04,95.09,88.22,3.0,0.87,0.58,"724,130",-100132.45,1402329.8,1508401.61,-40.59,18.39,3.33,2.68,103.12,85.44,-85.44,-98.16,43.0,"22,433 M"
05/22/2026,1630,PFIG,23.85,0.00%,,.2225,0.11,<empty>,26.96,23.6792,23.96,24.01,24.22,3.0,0.31,0.35,"13,978",-100000.05,24025.07,27363.36,42.09,-0.21,-0.91,0.53,24.59,24.03,24.59,-24.03,NaN,113 M
05/22/2026,1630,PFIX,49.66,-0.98%,,-.0363,1.48,<empty>,62.51,41.45,48.46,46.86,47.67,-3.0,-0.96,-0.64,"1,228,487",-100143.28,674437.06,703304.65,82.58,5.66,5.1,-4.17,50.39,41.59,-41.59,52.03,NaN,221 M
05/22/2026,1630,PG,144.44,+0.73%,Consumer Staples,.3945,1.88,$6.43,170.99,137.62,144.74,144.86,149.86,3.0,0.37,0.59,"4,615,894",-100029.45,9494728.26,9575934.76,-52.13,0.89,-1.35,2.22,167.59,141.33,167.59,149.15,45.0,"336,343 M"
05/22/2026,1630,PGNY,24.88,+0.77%,Health Care,1.013,2.19,$2.18,28.75,16.1,21.57,19.13,21.82,-2.0,1.0,-0.72,"1,426,767",100133.11,1496925.88,1627009.0,-14.87,37.84,4.89,1.14,24.09,16.3,-16.3,-18.16,51.0,"1,949 M"
05/22/2026,1630,PGRO,47.8148,+0.15%,,1.165,0.5,<empty>,48.4,37.59,46.92,44.1,43.97,-6.0,-0.87,-0.15,"9,052",-100100.24,22127.63,20935.47,169.28,17.76,0.82,1.79,48.06,39.38,48.06,48.06,NaN,116 M
05/22/2026,1630,PINK,36.8605,+0.52%,,.7257,0.6,<empty>,38.68,27.89,35.74,34.76,34.42,-6.0,0.67,-0.56,"17,520",-100033.21,95352.84,105258.9,-82.47,12.35,2.5,1.38,37.06,32.39,37.06,37.06,NaN,255 M
05/22/2026,1630,PINS,19.29,+2.33%,Communication Services,.9069,1.12,$1.82,39.93,13.84,20.09,19.33,25.99,2.0,-0.75,0.3,"12,783,456",-101055.14,1.742262078E7,1.853390496E7,-66.26,4.89,-9.31,2.39,25.13,17.58,25.13,25.13,53.0,"10,805 M"
05/22/2026,1630,PJP,109.053,+0.63%,,.4698,1.22,<empty>,110.8099,78.25,106.23,104.47,101.19,3.0,0.6,0.69,"4,484",100020.23,26463.83,24351.7,-64.45,9.25,3.31,2.78,111.61,99.42,-99.42,-103.17,NaN,339 M
05/22/2026,1630,PK,11.51,+0.44%,Real Estate,1.361,0.23,$1.87,12.39,9.84,11.19,10.95,11.04,5.0,0.67,0.61,"5,103,715",-200054.16,4111122.03,4117151.78,-7.85,10.57,1.68,4.64,12.15,10.33,12.15,-11.05,46.0,"2,318 M"
05/22/2026,1630,PKB,100.9203,-0.11%,,1.277,3.3,<empty>,111.2354,75.5301,105.03,102.48,98.17,3.0,-0.28,0.25,"8,436",0.0,16219.78,19287.82,-52.39,3.39,-4.74,2.22,111.61,93.44,-93.44,-98.03,NaN,424 M
05/22/2026,1630,PLAY,11.75,+1.64%,Consumer Discretionary,1.748,0.56,($2.90),35.53,9.61,10.85,11.88,16.81,8.0,0.44,0.68,"1,842,241",300184.23,1902321.22,1720880.41,-12.92,3.62,13.97,9.61,16.6,10.39,-10.39,-10.04,11.0,408 M
05/22/2026,1630,PLD,145.90,+0.88%,Real Estate,1.361,1.53,$5.53,146.27,103.02,142.25,138.11,127.83,5.0,0.7,0.53,"2,258,455",0.0,3344044.78,3433050.21,-8.95,11.93,1.26,2.43,145.25,127.44,-127.44,-138.13,35.0,"136,028 M"
05/22/2026,1630,PLNT,52.05,+3.11%,Consumer Discretionary,1.034,5.53,$3.23,114.47,37.03,55.99,66.29,91.25,9.0,0.15,0.89,"1,845,380",100864.11,2380414.09,2406343.58,-23.69,-30.79,13.45,0.77,86.62,37.11,-37.11,-37.11,50.0,"4,119 M"
05/22/2026,1630,PLTR,136.88,-0.39%,Information Technology,1.45,2.01,$1.13,207.52,118.93,137.43,142.64,162.63,7.0,0.6,0.5,"27,450,688",-300356.14,4.462443406E7,4.684045161E7,-61.08,-11.56,-0.67,1.2,162.42,123.3,-123.3,-129.07,48.0,"328,144 M"
05/22/2026,1630,PM,188.99,+0.28%,Consumer Staples,.4349,8.56,$6.85,193.05,142.11,177.99,168.82,165.46,-6.0,-0.97,-0.64,"2,385,197",-200337.37,4831825.61,4996148.85,-46.54,15.33,10.53,-1.35,193.06,152.36,-152.36,193.03,40.0,"294,552 M"
05/22/2026,1630,PNC,219.23,+0.39%,Financials,.9084,3.48,$16.37,243.94,169.32,217.51,214.88,206.7,7.0,0.42,0.52,"1,204,526",-100039.45,2144627.58,2281903.93,-6.35,6.24,1.1,2.79,230.23,198.45,230.23,-210.07,35.0,"88,035 M"
05/22/2026,1630,PNDRY,10.79,-0.09%,Consumer Discretionary,1.648,0.37,$11.65,23.7625,8.25,10.13,9.58,13.07,5.0,1.0,0.62,"37,167",100000.49,136921.58,170339.05,-44.22,16.15,2.27,3.65,11.12,8.46,11.12,11.12,NaN,"6,457 M"
05/22/2026,1630,POET,14.59,-1.55%,Information Technology,.5556,2.89,($0.36),20.81,3.87,11.68,8.98,6.88,-6.0,-0.87,-0.35,"33,602,104",301998.07,4.062524964E7,3.381753829E7,1.77,154.18,33.24,11.63,21.06,5.38,21.06,21.06,54.0,"2,512 M"
05/22/2026,1630,POOL,184.64,+1.62%,Consumer Discretionary,1.114,4.82,$8.48,345.0,172.68,191.52,204.06,253.21,7.0,0.12,0.58,"552,487",-100543.14,821822.99,817381.91,2.8,-9.15,-1.67,3.42,249.21,173.04,-173.04,-173.04,41.0,"6,729 M"
05/22/2026,1630,PPLT,17.47,-2.13%,,-.0574,0.69,<empty>,26.162,9.55,18.13,18.19,16.84,-1.0,-0.25,-0.48,"1,201,159",0.0,3247663.42,3513757.68,-60.35,1.75,-6.08,0.29,22.59,16.4,-16.4,20.07,NaN,238 M
05/22/2026,1630,PR,20.44,+0.05%,Energy,.5389,0.66,$0.46,22.675,11.92,20.92,20.62,15.98,-2.0,-0.09,-0.47,"7,376,032",-100243.12,1.325642827E7,1.35111595E7,-52.6,-1.16,3.65,-3.68,23.13,17.6,23.13,-20.11,50.0,"17,114 M"
05/22/2026,1630,PRAA,14.64,+0.14%,Financials,1.074,2.64,($0.34),22.55,10.25,18.3,18.58,16.28,6.0,-0.03,0.22,"427,970",-200189.07,437331.47,524943.53,-3.37,-17.8,-23.67,-0.48,23.15,10.62,23.15,23.15,53.0,558 M
05/22/2026,1630,PRGO,11.22,-1.15%,Health Care,.5091,0.47,$0.81,28.435,9.225,11.32,10.89,15.66,4.0,0.83,0.52,"2,283,498",-100196.34,2950599.17,3310177.38,31.52,16.39,-4.18,5.75,15.62,9.44,-9.44,-11.05,47.0,"1,552 M"
05/22/2026,1630,PRMB,23.49,+1.73%,Consumer Staples,.5159,1.16,$0.72,33.29,14.36,21.86,20.42,20.22,-8.0,0.91,-0.57,"2,853,493",0.0,4318877.13,4889325.43,-36.57,26.9,1.12,4.49,24.1,18.4,24.1,24.1,55.0,"8,524 M"
05/22/2026,1630,PRVA,22.79,+0.66%,Health Care,.9355,0.52,$1.12,26.51,18.77,23.67,22.75,23.22,1.0,-0.43,0.21,"644,658",100438.12,925065.86,961775.78,-26.67,8.37,-1.17,-2.15,25.15,20.39,25.15,-21.11,51.0,"2,872 M"
05/22/2026,1630,PSA,305.25,+0.09%,Real Estate,.9772,5.87,$18.46,313.51,256.54,302.65,293.49,287.01,3.0,0.63,0.49,"675,508",-100130.49,1113269.46,1111361.22,16.35,13.92,-1.86,2.62,314.23,263.41,314.23,-289.03,45.0,"53,585 M"
05/22/2026,1630,PSCE,62.7353,+0.18%,,.7752,1.21,<empty>,65.02,36.1,62.43,60.81,49.13,-2.0,-0.4,-0.59,"28,818",-100133.16,52711.15,50606.05,-60.06,2.21,4.23,-1.71,64.13,54.6,-54.6,65.02,NaN,126 M
05/22/2026,1630,PSCI,168.0614,+1.19%,,1.151,3.94,<empty>,178.02,123.83,169.51,163.89,156.64,3.0,0.48,0.3,"1,413",-300122.06,3874.37,5084.69,14.76,8.55,-3.04,3.87,176.11,149.44,176.11,-162.03,NaN,173 M
05/22/2026,1630,PSCU,64.24,+0.82%,,.7481,0.91,<empty>,66.85,53.4318,64.68,63.04,59.17,5.0,0.15,0.32,277,-100200.45,9007.11,7241.68,-94.31,8.61,-0.65,1.56,67.15,58.44,67.15,-63.07,NaN,17 M
05/22/2026,1630,PSP,60.60,-0.35%,,1.271,0.96,<empty>,72.97,54.18,60.61,59.08,65.21,3.0,0.69,0.35,"19,637",200321.03,52456.16,62339.07,31.22,9.54,-2.46,3.17,63.25,54.39,63.25,-58.02,NaN,257 M
05/22/2026,1630,PSX,177.69,+2.09%,Energy,.6912,3.98,$0.29,190.61,111.19,174.6,172.19,146.88,-3.0,-0.54,-0.65,"1,898,214",-200240.37,3042779.49,3148480.9,-19.87,-3.49,3.57,-2.57,191.38,149.6,191.38,185.02,42.0,"71,242 M"
05/22/2026,1630,PTLO,4.03,-1.71%,Consumer Discretionary,1.593,0.24,($0.14),12.435,3.81,4.75,5.3,5.6,9.0,0.05,0.54,"1,412,435",-300057.12,1739642.37,1704265.68,-38.48,-24.25,-6.28,1.26,7.22,4.03,7.22,7.15,49.0,292 M
05/22/2026,1630,PVH,88.92,+2.55%,Consumer Discretionary,1.21,4.15,$11.19,100.15,59.6,86.66,81.83,76.83,6.0,0.27,0.38,"581,574",300238.33,1172396.5,1100292.15,-27.57,35.1,-0.63,11.96,100.22,60.5,100.22,-78.03,7.0,"4,097 M"
05/22/2026,1630,PYPL,44.23,-0.16%,Financials,1.428,0.81,$5.85,79.5,38.46,46.6,46.63,57.23,9.0,-0.62,0.47,"10,649,798",0.0,1.521511054E7,1.818160789E7,-21.98,0.05,-2.51,0.91,52.23,43.62,52.23,-43.02,44.0,"39,016 M"
05/22/2026,1630,PZZA,33.40,+1.98%,Consumer Discretionary,1.13,0.92,$0.80,55.74,29.5501,34.01,34.69,40.17,2.0,0.39,0.4,"612,360",-100567.51,1063700.36,1321563.74,-36.59,-3.41,7.26,0.15,40.51,30.53,40.51,-31.09,51.0,"1,099 M"
05/22/2026,1630,QAT,18.62,+0.08%,,.3818,0.26,<empty>,20.64,17.712,18.83,18.82,19.29,3.0,0.37,0.38,"3,447",500000.1,40809.08,39590.72,-62.92,2.25,-2.92,2.03,20.62,18.38,-18.38,-18.03,NaN,82 M
05/22/2026,1630,QBTS,29.40,+14.22%,Information Technology,2.55,2.79,($0.30),46.75,12.75,21.44,18.59,22.98,2.0,0.98,0.66,"141,034,937",201323.01,3.15943618E7,3.005855062E7,468.91,84.56,30.26,61.63,25.09,13.38,-13.38,-17.17,51.0,"10,891 M"
05/22/2026,1630,QCOM,238.16,+11.60%,Information Technology,1.463,14.64,$11.61,247.9,121.99,194.9,156.56,160.56,2.0,0.89,0.31,"30,315,111",400281.1,2.033508805E7,1.798623854E7,31.14,85.09,8.7,21.75,248.09,122.33,248.09,248.09,45.0,"251,021 M"
05/22/2026,1630,QMOM,77.50,+0.35%,,1.05,1.55,<empty>,80.56,60.24,77.37,73.68,68.14,2.0,-0.63,0.14,"120,235",300019.01,26040.26,25574.57,1040.92,12.61,-1.49,3.14,81.11,64.38,81.11,81.11,NaN,450 M
05/22/2026,1630,QQQ,717.54,+0.42%,,1.223,10.13,<empty>,722.12,505.58,694.91,642.1,614.66,-9.0,-0.87,-0.21,"32,892,679",100128.58,4.974975671E7,5.522832263E7,-4.77,22.87,0.89,2.28,722.06,556.38,-556.38,-657.17,NaN,"478,133 M"
05/22/2026,1630,QS,8.20,-2.15%,Consumer Discretionary,2.579,0.47,($0.48),19.0699,3.87,7.68,7.1,10.12,2.0,0.91,0.64,"21,281,860",-300102.08,1.953514368E7,1.793555632E7,99.59,20.41,8.75,12.33,10.21,6.35,10.21,9.07,41.0,"5,044 M"
05/22/2026,1630,QSR,75.38,-1.14%,Consumer Discretionary,.5231,1.77,$4.45,81.96,61.33,77.96,76.86,70.02,4.0,-0.09,0.16,"4,139,948",-200525.13,3616530.56,3643738.91,39.85,2.07,-5.43,-0.51,82.12,67.61,82.12,82.12,51.0,"26,156 M"
05/22/2026,1630,QTUM,153.44,+2.75%,,1.315,3.72,<empty>,154.8599,83.2428,141.25,125.98,113.14,3.0,0.9,0.37,"1,685,597",200234.01,466998.25,437805.03,238.77,38.65,5.89,9.11,148.06,101.38,-101.38,-129.17,NaN,"5,179 M"
05/22/2026,1630,QUBT,12.31,+7.89%,Information Technology,2.536,0.97,($0.23),25.84,6.18,10.02,8.64,12.23,2.0,0.94,0.51,"67,775,088",200715.01,1.885788913E7,1.742355227E7,406.98,65.23,28.23,33.51,14.08,6.38,14.08,14.08,53.0,"2,776 M"
05/22/2026,1630,R,244.00,+2.33%,Industrials,.9951,5.59,$23.44,259.0,143.335,238.44,221.95,196.95,7.0,0.47,0.48,"492,033",200435.22,400246.97,393992.95,-15.99,19.12,2.03,6.92,259.15,186.49,259.15,-225.08,41.0,"9,441 M"
05/22/2026,1630,RBLX,48.16,+4.38%,Communication Services,1.501,2.03,$2.18,150.59,40.15,46.76,53.08,88.62,10.0,0.65,0.71,"10,123,130",100671.16,1.1083956E7,1.072958722E7,-42.72,-12.44,14.91,8.35,72.6,40.07,-40.07,-40.07,46.0,"34,482 M"
05/22/2026,1630,RCL,256.10,-1.62%,Consumer Discretionary,1.767,10.63,$5.05,366.5,232.1,262.31,269.22,294.19,3.0,0.24,0.47,"3,179,283",100554.03,2678568.17,2758250.46,3.2,-6.32,-6.95,3.6,321.6,241.03,321.6,-232.02,44.0,"68,685 M"
05/22/2026,1630,RDNT,54.40,-0.07%,Health Care,1.416,2.14,$1.34,85.84,50.76,55.89,57.41,69.4,5.0,0.45,0.52,"422,992",100348.09,841331.14,882035.07,-52.36,-9.14,-6.51,1.97,75.58,52.05,-52.05,-52.05,51.0,"4,278 M"
05/22/2026,1630,REAL,9.20,-0.76%,Consumer Discretionary,2.557,1.39,$0.12,17.3922,4.7,10.68,10.28,11.66,5.0,-0.34,0.28,"2,117,230",-200085.11,3492221.92,3755483.41,-69.16,3.95,-10.33,2.56,14.59,8.38,-8.38,-9.02,53.0,"1,108 M"
05/22/2026,1630,REG,78.84,+0.64%,Real Estate,.8505,0.83,$4.42,81.66,66.855,78.14,77.72,73.32,5.0,0.25,0.57,"996,883",-200022.17,1422475.77,1400324.23,-44.14,5.71,1.61,1.94,82.24,74.41,82.24,-76.05,45.0,"14,435 M"
05/22/2026,1630,REGN,638.88,-0.58%,Health Care,.2896,36.54,$36.48,821.11,476.4869,694.3,729.49,693.36,3.0,0.0,0.28,"994,813",100235.05,791585.53,757289.99,79.48,-13.86,-10.63,1.36,795.57,611.04,-611.04,-611.04,46.0,"66,980 M"
05/22/2026,1630,REXR,36.18,+0.33%,Real Estate,1.241,0.47,$0.88,44.38,32.14,35.68,34.97,38.92,3.0,0.8,0.37,"2,029,323",-200330.21,2381306.69,2431427.62,10.38,6.41,-0.25,3.34,38.6,32.37,-32.37,-35.05,36.0,"8,166 M"
05/22/2026,1630,REZ,92.0251,+0.43%,,.8852,0.77,<empty>,92.35,80.45,90.64,87.81,85.34,4.0,0.85,0.54,"19,068",0.0,40735.91,42624.36,-45.03,10.91,0.94,1.03,92.06,82.38,92.06,92.06,NaN,865 M
05/22/2026,1630,RGTI,26.42,+19.87%,Information Technology,3.18,2.53,($0.25),58.1501,10.3,18.54,16.92,23.11,2.0,1.0,0.82,"202,846,960",201622.01,3.457627523E7,3.325817026E7,628.91,69.36,39.49,65.54,21.08,13.38,-13.38,-15.17,55.0,"8,782 M"
05/22/2026,1630,RH,136.42,-1.91%,Consumer Discretionary,1.933,5.4,$13.29,257.0,106.3037,130.0,130.06,176.95,3.0,0.53,0.71,"656,268",200274.37,1270459.99,1262527.17,-38.92,5.93,1.89,11.69,196.62,106.36,-106.36,-114.03,13.0,"2,578 M"
05/22/2026,1630,RHP,111.96,-0.40%,Real Estate,1.197,2.19,$10.57,112.51,83.82,107.63,100.57,96.36,5.0,0.87,0.53,"387,106",-200222.07,590528.85,594462.12,-40.72,24.3,1.28,2.87,113.11,90.44,-90.44,-102.17,48.0,"7,066 M"
05/22/2026,1630,RIOT,24.49,+0.08%,Information Technology,3.745,1.18,($3.27),25.8599,7.93,21.94,17.99,16.52,-1.0,-0.86,-0.37,"11,011,309",100691.13,1.811382226E7,1.804813455E7,-41.5,70.9,1.7,8.15,26.09,12.38,26.09,26.09,46.0,"9,261 M"
05/22/2026,1630,RIVN,14.22,+0.49%,Consumer Discretionary,1.74,0.45,($2.50),22.69,11.57,14.56,15.29,15.37,3.0,0.24,0.58,"27,015,400",-100370.46,2.814683949E7,2.781687263E7,-44.69,-11.68,0.0,10.23,18.22,13.03,18.22,-13.03,49.0,"19,096 M"
05/22/2026,1630,ROBO,87.30,+2.42%,,1.394,1.64,<empty>,87.96,54.78,83.83,77.19,71.3,2.0,0.82,0.32,"296,942",200027.04,177474.48,189258.04,177.05,25.13,0.83,5.81,87.07,65.38,-65.38,-78.17,NaN,"1,951 M"
05/22/2026,1630,ROK,452.29,+2.73%,Industrials,1.519,10.54,$11.92,463.485,301.785,434.11,400.9,382.95,1.0,0.79,0.25,"840,540",-100435.14,806214.75,878407.37,-12.87,25.21,-0.35,7.1,463.12,348.38,463.12,463.12,51.0,"50,328 M"
05/22/2026,1630,ROKU,125.55,+0.38%,Communication Services,1.972,2.17,$3.65,131.39,67.6679,123.24,110.03,101.55,2.0,-0.77,0.26,"1,579,715",-100252.16,2535659.33,2754643.37,-57.57,31.34,-3.07,4.12,131.09,84.62,131.09,131.09,46.0,"18,543 M"
05/22/2026,1630,ROST,234.81,+8.11%,Consumer Discretionary,.858,7.31,$6.85,235.8,124.49,221.48,219.56,183.49,6.0,0.25,0.73,"4,588,097",-300538.1,2547890.9,2695467.81,95.92,8.81,3.99,10.41,231.11,194.57,-194.57,-208.03,61.0,"75,644 M"
05/22/2026,1630,RRC,41.05,-0.22%,Energy,.5387,0.82,$3.42,48.31,32.6,42.0,42.99,38.24,-3.0,-0.22,-0.61,"2,528,312",100042.23,3292107.51,3426725.1,-14.4,-10.64,1.31,-4.8,48.39,38.62,48.39,-40.11,44.0,"9,672 M"
05/22/2026,1630,RRR,55.38,+3.77%,Consumer Discretionary,1.356,1.18,$4.17,67.99,45.17,53.15,55.13,58.28,5.0,0.32,0.72,"1,230,167",-200040.17,941336.96,934562.34,38.33,-5.72,1.65,7.35,63.6,51.04,63.6,-51.02,44.0,"3,238 M"
05/22/2026,1630,RSI,27.06,-1.24%,Consumer Discretionary,1.632,0.57,$1.21,29.24,11.5,27.37,24.07,20.37,-3.0,-0.65,-0.05,"1,558,107",100654.13,1881337.95,1850209.28,28.32,22.11,-2.45,-3.36,29.13,18.62,29.13,-26.06,45.0,"2,786 M"
05/22/2026,1630,RSP,206.58,+0.91%,,.927,1.24,<empty>,206.97,173.0,203.1,198.82,194.04,3.0,0.85,0.51,"11,139,023",100119.58,1.083262469E7,1.320809171E7,17.31,7.64,1.22,2.46,206.11,187.38,-187.38,-200.17,NaN,"87,782 M"
05/22/2026,1630,RSPG,108.00,+0.78%,,.5373,2.76,<empty>,114.01,71.25,106.51,105.64,88.58,-3.0,0.4,-0.78,"85,788",100026.57,134192.33,162875.66,-37.38,-1.24,6.48,-2.44,114.38,96.25,-96.25,111.02,NaN,619 M
05/22/2026,1630,RSPU,80.38,+0.93%,,.6192,0.98,<empty>,84.5195,69.73,79.8,80.8,77.98,5.0,0.12,0.58,"51,410",-100012.16,59770.09,54503.46,-26.18,1.09,2.36,2.32,85.59,77.04,-77.04,-77.04,NaN,552 M
05/22/2026,1630,RTO,31.34,-0.70%,Industrials,1.014,0.92,$0.28,34.665,22.72,32.83,32.7,29.34,3.0,-0.01,0.15,"673,457",-100249.51,1073222.49,1271020.25,42.84,0.35,-6.17,-0.7,35.28,28.56,35.28,34.12,46.0,"15,772 M"
05/22/2026,1630,RUT,2869.2252,+0.91%,,1.2,38.07,<empty>,2888.6179,2011.199,2819.55,2684.05,2542.88,3.0,0.72,0.22,<empty>,NaN,NaN,NaN,NaN,14.52,0.28,4.45,2889.12,2405.38,2889.12,-2723.03,NaN,0
05/22/2026,1630,RVLV,19.23,+0.79%,Consumer Discretionary,1.66,1.42,$0.69,31.68,17.35,21.14,22.9,24.23,7.0,0.06,0.57,"887,099",-200457.08,1067835.04,1184951.56,-27.51,-12.51,-7.81,4.57,28.25,17.07,-17.07,-17.07,49.0,"1,376 M"
05/22/2026,1630,RVX,24.20,+0.25%,,-4.2,0.85,<empty>,35.28,18.0,23.77,26.62,24.08,-3.0,0.32,-0.87,<empty>,NaN,NaN,NaN,NaN,-26.73,8.04,-2.58,35.39,22.12,-22.12,26.04,NaN,0
05/22/2026,1630,S,18.71,+3.31%,Information Technology,.7217,0.99,$0.16,21.4,11.81,16.19,14.65,15.6,6.0,1.0,1.0,"6,905,940",-100153.45,7786897.15,7944004.72,-11.63,43.48,12.78,5.95,17.09,12.3,-12.3,-14.16,3.0,"6,389 M"
05/22/2026,1630,SBAC,205.57,-1.20%,Real Estate,.9964,6.55,$0.08,243.16,162.41,212.52,203.37,197.59,5.0,-0.36,0.17,"632,068",300739.33,1185493.59,1184404.33,2.15,23.27,-5.78,-0.93,224.24,162.41,224.24,-197.05,48.0,"21,803 M"
05/22/2026,1630,SBUX,103.11,-0.98%,Consumer Discretionary,1.011,1.11,$2.40,108.88,77.99,104.78,99.05,91.11,-15.0,-0.76,-0.35,"9,095,336",100335.18,7592277.3,7706987.46,65.74,12.1,-1.73,-3.07,109.06,86.39,109.06,109.06,44.0,"117,514 M"
05/22/2026,1630,SCJ,104.68,+0.57%,,.509,1.47,<empty>,107.3199,81.49,102.99,100.58,95.71,-6.0,-0.61,-0.57,"14,528",-200021.44,67631.5,86550.15,-62.98,8.86,-0.06,0.87,107.59,94.44,-94.44,107.06,NaN,241 M
05/22/2026,1630,SE,87.27,-1.90%,Consumer Discretionary,1.679,2.97,$7.77,199.3,77.05,87.51,85.51,130.78,-1.0,-0.93,-0.37,"2,711,741",200153.09,4145308.37,5163649.33,26.54,11.44,0.62,-0.01,111.6,77.57,-77.57,100.07,53.0,"53,452 M"
05/22/2026,1630,SFD,26.34,+0.69%,Consumer Staples,.4126,0.48,$2.03,29.805,21.08,26.12,26.68,24.13,15.0,0.13,0.53,"694,138",-100636.19,1822550.76,1619463.16,-52.03,7.6,1.5,1.04,30.3,23.45,30.3,-25.07,44.0,"10,364 M"
05/22/2026,1630,SFM,86.71,+1.55%,Consumer Staples,.6487,3.65,$3.74,182.0,64.75,82.31,79.22,91.81,-3.0,-0.96,-0.43,"2,166,121",200048.04,2280941.25,2463259.9,18.78,14.62,4.68,-3.68,92.07,69.17,-69.17,95.03,45.0,"8,155 M"
05/22/2026,1630,SG,9.78,+8.91%,Consumer Discretionary,2.025,1.08,($1.07),16.7,4.49,7.42,6.45,7.03,7.0,1.0,1.0,"11,072,488",-100185.01,4709637.09,4746809.0,171.4,87.36,39.71,13.33,7.19,4.38,-4.38,-6.08,51.0,"1,162 M"
05/22/2026,1630,SHAK,62.72,-0.18%,Consumer Discretionary,1.59,11.7,$0.40,144.65,59.49,78.03,87.48,91.83,8.0,0.04,0.52,"1,472,207",-200750.1,1837489.06,1818534.36,-0.3,-30.34,-10.58,-2.18,107.6,59.04,-59.04,-59.04,46.0,"2,531 M"
05/22/2026,1630,SHEL,85.71,-0.51%,Energy,.0797,1.7,$3.57,94.9,65.38,86.97,89.51,78.38,-1.0,-0.13,-0.63,"6,490,121",-300132.19,8145155.62,7971916.84,-22.07,-5.94,2.07,-3.11,95.37,80.62,95.37,-84.1,46.0,"238,561 M"
05/22/2026,1630,SHO,10.62,-0.84%,Real Estate,.9897,0.18,$1.02,10.7399,8.43,10.18,9.64,9.34,-1.0,1.0,-0.61,"2,919,476",200231.02,1799761.22,1767125.67,121.44,16.83,1.24,3.21,11.1,9.44,-9.44,-10.13,51.0,"1,978 M"
05/22/2026,1630,SHOC,107.6573,+1.51%,,1.816,2.94,<empty>,109.365,44.75,101.85,88.33,72.75,1.0,-0.8,0.11,"31,623",-100100.05,17497.78,17278.64,277.89,44.6,1.35,5.52,109.06,68.38,109.06,109.06,NaN,239 M
05/22/2026,1630,SHOO,41.93,+1.40%,Consumer Discretionary,1.146,1.2,$1.23,46.88,22.2615,38.83,36.88,36.88,3.0,0.72,0.72,"869,933",0.0,1088089.93,1234295.18,-17.58,25.28,3.25,9.68,41.1,31.49,-31.49,-36.14,45.0,"3,064 M"
05/22/2026,1630,SHOP,103.00,-1.77%,Information Technology,2.609,4.43,$1.63,182.19,94.0,109.54,116.53,140.39,7.0,0.44,0.54,"10,524,624",-100760.14,1.025938177E7,1.029829578E7,-5.98,-11.32,-6.71,1.97,137.23,94.06,-94.06,-94.06,50.0,"133,658 M"
05/22/2026,1630,SHY,82.12,-0.02%,,.0485,0.07,<empty>,83.2,82.0,82.23,82.37,82.75,3.0,0.26,0.51,"2,721,052",-200003.38,4714159.2,4923274.96,-32.33,-0.23,-0.22,0.1,83.59,82.03,83.59,-82.03,NaN,"25,277 M"
05/22/2026,1630,SHYG,42.44,+0.02%,,.2876,0.09,<empty>,43.39,41.825,42.44,42.38,42.81,3.0,0.56,0.37,"734,809",0.0,1485918.96,1571467.68,-65.75,0.81,-0.14,0.62,43.61,42.39,-42.39,-42.03,NaN,"7,571 M"
05/22/2026,1630,SIL,88.11,-1.42%,,.8194,5.72,<empty>,119.24,41.8601,92.41,92.08,82.57,-7.0,-0.34,-0.46,"769,567",0.0,2113541.87,2317601.48,-31.06,5.58,-9.39,1.87,119.58,78.44,-78.44,-86.03,NaN,"4,965 M"
05/22/2026,1630,SILJ,28.83,-1.27%,,.8825,2.07,<empty>,41.1,12.6346,30.42,30.31,27.34,-7.0,-0.34,-0.45,"4,073,331",0.0,5517278.68,5928160.0,12.65,3.3,-9.2,2.34,40.59,26.44,-26.44,-28.03,NaN,"3,767 M"
05/22/2026,1630,SITM,728.56,+2.36%,Information Technology,2.91,85.3,$2.10,901.81,186.49,693.08,519.14,367.83,-9.0,-0.64,0.0,"398,446",100284.03,524767.98,498282.72,35.42,105.6,-12.55,5.03,902.09,305.53,902.09,902.09,50.0,"19,232 M"
05/22/2026,1630,SIVR,71.82,-1.56%,,.4722,4.49,<empty>,115.26,31.24,73.8,72.3,62.1,-7.0,-0.27,-0.55,"1,027,536",0.0,2227222.35,2478991.29,-53.48,8.64,-6.41,2.19,90.59,63.4,-63.4,85.07,NaN,"5,246 M"
05/22/2026,1630,SJM,103.36,+1.42%,Consumer Staples,.2605,2.05,$9.11,119.39,88.25,99.39,97.53,103.82,1.0,0.83,0.78,"988,175",0.0,1939364.55,2208694.49,-25.97,6.71,4.14,0.31,119.6,88.29,-88.29,105.03,11.0,"11,023 M"
05/22/2026,1630,SKYY,133.03,+2.51%,,1.213,1.8,<empty>,143.74,103.76,126.52,118.09,124.93,1.0,0.91,0.5,"717,221",-100133.09,305652.64,346207.23,63.0,20.25,2.42,3.84,131.11,104.3,-104.3,-116.16,NaN,"2,760 M"
05/22/2026,1630,SLG,43.27,+1.74%,Real Estate,1.594,1.34,$0.83,66.91,34.77,43.16,40.63,47.34,2.0,0.7,0.17,"898,537",-100561.45,1247407.05,1312907.92,32.64,14.08,-5.42,6.66,47.11,35.39,47.11,-40.02,41.0,"3,078 M"
05/22/2026,1630,SLV,68.36,-1.57%,,.4751,4.27,<empty>,109.83,29.78,70.24,68.82,59.14,-7.0,-0.27,-0.55,"14,342,801",0.0,3.15499957E7,3.69212309E7,-31.66,8.59,-6.37,2.18,85.59,60.4,-60.4,81.07,NaN,"36,511 M"
05/22/2026,1630,SLX,106.67,+0.59%,,1.235,1.81,<empty>,110.03,61.3668,105.52,98.8,86.37,2.0,-0.75,0.32,"97,892",-300029.06,41366.86,49082.51,423.4,19.75,-1.37,3.21,110.07,85.44,110.07,110.07,NaN,187 M
05/22/2026,1630,SMCI,35.58,+6.34%,Information Technology,1.67,2.02,($11.46),62.358,19.48,31.08,27.9,36.08,3.0,0.97,0.64,"39,338,475",201089.13,4.128705582E7,3.769107819E7,34.08,60.05,0.59,16.43,36.09,19.43,36.09,36.09,49.0,"21,398 M"
05/22/2026,1630,SMH,576.32,+1.49%,,1.683,15.78,<empty>,582.5,234.585,542.16,468.24,382.66,2.0,-0.81,0.17,"7,467,015",-100148.09,9477903.66,9738763.42,8.73,46.06,1.73,5.95,581.06,360.38,-360.38,-492.17,NaN,"65,869 M"
05/22/2026,1630,SMIN,66.44,+0.06%,,.4538,1.15,<empty>,78.535,57.7758,66.63,64.37,69.13,3.0,-0.68,0.16,"133,719",200122.44,177476.04,172868.53,-59.28,12.34,-3.82,2.12,69.11,58.38,69.11,-65.04,NaN,625 M
05/22/2026,1630,SMPL,11.86,+2.24%,Consumer Staples,.1685,0.52,$1.48,35.155,10.21,12.26,12.96,19.5,2.0,0.43,0.59,"1,496,002",-101069.31,3066977.24,2791921.95,-24.25,-14.74,-3.26,3.94,18.61,10.31,-10.31,-11.02,22.0,"1,073 M"
05/22/2026,1630,SN,112.03,-0.16%,Consumer Discretionary,1.38,4.4,<empty>,133.99,80.69,110.91,109.9,109.85,3.0,0.39,0.52,"1,131,562",100050.06,2074545.94,2054973.58,-16.9,3.3,0.32,9.84,130.6,97.44,-97.44,-100.02,55.0,"15,855 M"
05/22/2026,1630,SNAP,5.72,+0.53%,Communication Services,.5,0.23,$0.36,10.41,3.81,5.84,5.31,6.79,6.0,0.75,0.45,"21,413,851",-100099.28,5.186305935E7,4.872645663E7,-40.11,31.19,-5.92,3.06,6.13,4.39,6.13,-5.06,49.0,"9,479 M"
05/22/2026,1630,SNDR,33.40,+0.18%,Industrials,1.139,1.56,$1.48,33.665,20.11,31.23,28.63,26.07,-1.0,0.93,-0.67,"583,423",201342.07,1106523.84,1075151.78,-48.28,32.17,8.62,3.86,33.15,23.45,-23.45,-29.08,46.0,"5,849 M"
05/22/2026,1630,SNOW,172.20,+4.02%,Information Technology,1.077,9.59,$3.31,280.67,118.3,152.0,153.04,202.71,1.0,1.0,0.99,"5,948,347",-200970.31,6966561.11,7101493.46,-3.91,6.73,12.96,1.56,185.5,118.3,-118.3,177.03,2.0,"59,685 M"
05/22/2026,1630,SOFI,15.62,-0.19%,Financials,2.157,0.3,($5.31),32.73,12.745,16.12,16.76,23.33,3.0,0.61,0.52,"57,812,834",-200665.18,6.41671882E7,6.596454266E7,-12.82,-6.47,-0.83,2.56,20.25,15.03,20.25,-15.03,44.0,"20,036 M"
05/22/2026,1630,SOLZ,8.4977,-3.54%,,1.803,0.41,<empty>,27.12,7.683,8.82,8.77,14.35,-1.0,-0.89,-0.54,"1,124,743",200373.57,1389307.87,1867578.61,-14.38,-5.07,-8.92,0.21,10.09,8.62,10.09,10.09,NaN,102 M
05/22/2026,1630,SOYB,25.06,+0.20%,,.061,0.2,<empty>,25.47,21.06,24.98,24.59,23.08,-3.0,-0.58,-0.45,"52,018",100116.26,127909.23,123917.53,-77.39,4.16,0.24,-0.83,25.07,23.62,25.07,25.07,NaN,70 M
05/22/2026,1630,SPDN,8.74,-0.34%,,-.982,0.07,<empty>,11.16,8.68,8.89,9.34,9.53,-1.0,0.13,-0.84,"27,116,995",-200224.38,7.370412099E7,7.310842256E7,-34.43,-11.72,-0.91,-1.58,10.38,9.06,-9.06,-9.06,NaN,213 M
05/22/2026,1630,SPG,204.41,-0.24%,Real Estate,1.355,1.92,$9.91,208.28,155.44,202.39,196.71,187.33,4.0,0.65,0.46,"1,151,858",-200129.43,1506052.96,1521462.19,35.41,14.66,1.13,1.77,208.23,178.42,208.23,206.08,48.0,"66,288 M"
05/22/2026,1630,SPGI,417.60,+0.45%,Financials,1.088,7.65,$18.38,579.05,381.605,420.96,425.27,480.95,5.0,0.64,0.66,"1,724,109",0.0,1926603.27,2065537.19,14.4,1.56,-0.6,1.75,457.22,401.62,457.22,-401.07,46.0,"123,610 M"
05/22/2026,1630,SPHD,50.45,+0.54%,,.6239,0.32,<empty>,53.07,46.425,49.77,49.61,49.27,5.0,0.45,0.78,"641,856",0.0,797586.37,841457.98,-9.02,3.06,1.73,1.26,53.58,48.44,-48.44,-49.05,NaN,"3,287 M"
05/22/2026,1630,SPHR,129.37,-0.66%,Communication Services,1.682,3.97,$9.26,149.0,36.32,135.54,126.95,90.29,-3.0,-0.13,-0.07,"607,750",-100364.45,812971.2,813144.41,-32.87,12.67,-2.97,-4.4,149.13,104.39,149.13,-124.08,51.0,"4,630 M"
05/22/2026,1630,SPLV,74.09,+0.54%,,.5685,0.47,<empty>,77.735,69.63,73.43,73.6,73.15,5.0,0.39,0.84,"1,946,735",100016.58,2631089.12,2980222.56,6.32,2.26,2.01,0.9,78.58,72.42,-72.42,-72.07,NaN,"7,262 M"
05/22/2026,1630,SPMO,144.94,+0.17%,,1.086,2.67,<empty>,147.87,101.8,140.04,127.8,121.44,-9.0,-0.82,-0.17,"2,001,824",-300221.05,1868102.99,1777132.56,-22.51,26.21,0.79,3.06,148.06,107.38,148.06,148.06,NaN,"18,903 M"
05/22/2026,1630,SPOT,519.86,+6.11%,Communication Services,1,27.82,$17.81,785.0,405.0,443.61,477.51,574.57,13.0,0.67,0.88,"5,286,359",200345.01,2102352.77,2226191.94,229.83,7.22,24.42,17.72,571.53,411.12,-411.12,-411.12,44.0,"106,894 M"
05/22/2026,1630,SPX,7473.47,+0.37%,,1,58.6,<empty>,7517.12,5767.41,7336.28,6987.96,6807.66,1.0,-0.89,0.2,<empty>,NaN,NaN,NaN,NaN,13.99,1.01,1.63,7517.06,6317.38,7517.06,7517.06,NaN,0
05/22/2026,1630,SPY,745.64,+0.39%,,1,5.95,<empty>,749.53,575.6,731.58,696.68,678.85,1.0,-0.89,0.22,"41,510,893",100225.38,6.717444685E7,7.148252209E7,-20.1,14.16,1.09,1.62,750.06,629.38,750.06,750.06,NaN,"770,717 M"
05/22/2026,1630,STKL,6.50,0.00%,Consumer Staples,1.021,0.01,$0.16,6.94,3.32,6.49,6.47,5.53,10.0,-0.52,0.46,<empty>,100038.59,1719189.32,2712623.84,328.3,0.62,0.46,0.15,7.43,5.62,7.43,7.12,4.0,769 M
05/22/2026,1630,STLD,240.03,+3.53%,Materials,1.451,4.82,$4.54,243.725,119.89,231.67,204.66,171.46,2.0,0.67,0.18,"1,187,559",200444.24,1156690.49,1147063.65,49.08,41.44,2.1,7.46,244.12,162.45,244.12,-219.03,40.0,"34,615 M"
05/22/2026,1630,STZ,149.50,-0.88%,Consumer Staples,.4126,4.07,$10.23,186.3999,126.45,148.65,152.77,148.08,7.0,0.21,0.66,"1,403,896",200233.05,2021464.12,1968415.14,-32.38,-2.08,0.87,2.07,169.29,139.07,-139.07,-139.07,26.0,"25,744 M"
05/22/2026,1630,SU,67.34,-0.58%,Energy,.3049,2.0,$4.31,70.29,34.99,66.91,65.06,50.26,-3.0,-0.4,-0.61,"1,854,736",-100240.58,4249213.06,4537813.75,-44.47,5.04,5.2,-3.32,70.13,55.6,70.13,-63.11,49.0,"79,511 M"
05/22/2026,1630,SVV,8.20,+1.99%,Consumer Discretionary,.7645,0.5,$0.38,13.89,6.905,7.94,7.99,10.02,5.0,0.47,0.54,"1,297,315",201272.03,1217694.23,1199871.97,6.18,7.61,1.74,15.49,10.62,7.39,-7.39,-7.04,46.0,"1,263 M"
05/22/2026,1630,SWBI,15.47,+1.05%,Consumer Discretionary,.9755,0.37,$1.22,15.79,7.73,15.09,14.8,11.22,2.0,0.4,0.36,"449,616",100945.55,532197.46,573497.74,-37.96,4.39,6.4,1.84,16.14,12.62,16.14,-14.07,17.0,688 M
05/22/2026,1630,SWKS,82.42,+12.08%,Information Technology,1.456,4.48,$4.49,90.9,51.93,68.74,61.34,66.25,5.0,1.0,0.83,"5,323,339",-200547.09,3968021.03,3784422.34,59.08,48.88,23.42,17.16,73.13,52.38,-52.38,-61.17,49.0,"12,396 M"
05/22/2026,1630,SXT,114.44,+1.19%,Materials,.7787,1.84,$0.52,129.35,82.6,116.5,101.88,99.32,1.0,-0.58,0.02,"239,088",300136.17,419111.8,388154.67,-43.1,34.98,-3.18,0.3,129.18,83.44,129.18,-109.16,42.0,"4,872 M"
05/22/2026,1630,SYF,71.83,-0.24%,Financials,1.322,1.6,$27.15,88.77,55.67,73.01,71.52,74.29,3.0,0.41,0.46,"2,991,833",0.0,3823768.69,3990149.53,-5.56,6.78,-1.79,3.52,80.23,63.5,80.23,-68.02,39.0,"24,161 M"
05/22/2026,1630,SYY,76.29,-0.92%,Consumer Staples,.6759,1.46,$3.79,91.845,68.19,73.86,75.85,78.64,5.0,0.49,0.88,"3,331,277",100333.38,5045089.03,4665545.38,-9.77,-7.35,5.31,1.46,91.58,68.37,-68.37,-72.11,44.0,"36,481 M"
05/22/2026,1630,T,25.26,-0.32%,Communication Services,.1929,0.46,$2.44,29.79,22.95,25.3,26.58,26.54,5.0,0.12,0.57,"25,268,759",100233.45,3.878990468E7,3.953758594E7,7.8,-12.5,0.4,1.12,29.42,24.04,-24.04,-24.04,40.0,"175,515 M"
05/22/2026,1630,TAN,65.95,+1.68%,,1.295,1.87,<empty>,66.18,30.75,61.36,57.9,50.99,2.0,0.95,0.76,"1,658,931",-100345.05,1300122.84,1406198.75,78.46,18.98,6.47,8.17,65.06,52.53,-52.53,-55.17,NaN,"2,016 M"
05/22/2026,1630,TAP,42.55,+0.05%,Consumer Staples,.4381,0.72,$5.96,54.82,40.64,42.05,42.76,46.51,5.0,0.51,0.7,"2,106,477",-200335.17,3099305.12,3078338.58,-52.32,3.38,0.33,1.43,50.62,41.14,-41.14,-41.14,49.0,"7,980 M"
05/22/2026,1630,TBIL,49.98,+0.04%,,.0036,0.03,<empty>,50.02,49.81,49.91,49.92,49.93,16.0,0.83,0.98,"1,609,854",400000.39,2218776.2,2360892.06,-30.88,0.02,0.14,0.04,50.39,50.6,50.39,-50.17,NaN,"7,087 M"
05/22/2026,1630,TCEHY,56.0700,-1.33%,Communication Services,.2381,1.45,$3.19,87.68,54.94,59.51,62.56,73.92,-2.0,-0.35,-0.37,"3,899,874",100200.08,4260608.48,4136298.03,3.16,-13.86,-6.27,-4.33,74.52,57.04,74.52,62.07,54.0,"506,515 M"
05/22/2026,1630,TCNNF,7.5000,-4.82%,Health Care,1.661,0.76,$1.17,11.83,3.25,8.73,7.33,7.35,-1.0,-0.36,-0.08,"296,547",101400.21,406806.54,364395.75,-12.7,21.56,-14.77,-1.06,10.18,5.38,10.18,-7.05,NaN,"1,442 M"
05/22/2026,1630,TEAM,85.42,+3.94%,Information Technology,.9361,3.75,$4.59,222.59,56.0101,83.82,74.61,126.42,-4.0,-0.9,-0.51,"4,459,204",100779.16,7559033.45,7594643.03,-72.04,25.3,-6.75,-1.39,96.14,56.3,96.14,96.14,51.0,"21,677 M"
05/22/2026,1630,TEVA,34.07,-0.26%,Health Care,.8365,0.89,$1.02,37.345,14.99,34.79,32.05,27.3,-12.0,-0.57,-0.23,"2,709,733",-100338.17,6304181.22,6590988.5,-63.94,16.92,-4.65,0.0,37.11,28.34,37.11,-34.05,45.0,"39,672 M"
05/22/2026,1630,TFLO,50.61,+0.04%,,-.0008,0.03,<empty>,50.67,50.39,50.56,50.57,50.54,12.0,0.52,0.75,"1,134,350",-100002.13,1689419.73,1697100.54,-28.48,0.0,0.14,0.06,51.38,50.58,51.38,-50.15,NaN,"6,594 M"
05/22/2026,1630,TGS,29.07,-2.97%,Energy,.5628,0.73,$0.15,36.3499,19.74,30.0,31.6,28.93,-1.0,-0.08,-0.56,"290,364",100558.02,374542.62,352740.22,45.9,-14.47,-0.95,-3.71,36.37,28.55,36.37,33.12,49.0,"4,377 M"
05/22/2026,1630,TGT,125.60,-0.44%,Consumer Staples,.9965,3.1,$6.68,133.1,83.44,125.62,122.93,105.07,2.0,0.16,0.5,"4,941,929",100237.03,5623849.36,5884501.4,58.49,8.35,0.28,-1.29,133.23,111.59,133.23,-117.02,59.0,"57,045 M"
05/22/2026,1630,THC,173.78,-2.37%,Health Care,1.305,6.83,$37.93,247.21,146.6,187.82,193.19,199.2,-6.0,-0.33,-0.41,"1,004,892",100245.16,1376638.84,1281664.67,-34.66,-12.95,-8.72,-9.21,247.55,168.16,-168.16,201.06,39.0,"14,969 M"
05/22/2026,1630,THD,72.59,+0.21%,,.4477,0.84,<empty>,75.06,48.08,71.19,69.69,63.6,3.0,0.35,0.67,"75,223",-100120.28,104116.34,127227.06,-36.58,11.13,1.16,2.18,75.59,65.45,-65.45,74.06,NaN,265 M
05/22/2026,1630,TIGR,4.36,-25.34%,Financials,.4755,0.59,$7.42,13.55,4.0,6.32,6.59,8.88,-1.0,-0.15,0.0,"72,262,073",101001.01,4094473.3,3662317.19,4974.29,-34.83,-32.51,-25.09,8.61,6.03,8.61,7.12,6.0,778 M
05/22/2026,1630,TIP,110.38,+0.01%,,.2767,0.4,<empty>,112.26,108.07,111.02,110.93,110.9,3.0,-0.15,0.23,"1,410,747",100007.06,2412329.11,2432472.8,16.15,0.5,-0.92,0.25,112.59,110.39,-110.39,-110.03,NaN,"14,945 M"
05/22/2026,1630,TJX,158.27,+0.51%,Consumer Discretionary,.6265,4.06,$4.93,165.82,119.8405,153.7,156.56,150.02,6.0,0.38,1.0,"4,844,280",200423.03,4807138.72,4964550.11,19.69,-0.07,3.2,5.04,166.31,146.07,-146.07,161.02,59.0,"175,017 M"
05/22/2026,1630,TKO,191.50,-0.07%,Communication Services,.7847,3.68,$21.29,226.94,152.29,188.14,191.46,196.13,-2.0,0.43,-0.75,"556,362",200242.38,1429252.17,1405041.69,-35.92,-1.02,2.52,-0.81,227.6,181.16,-181.16,197.06,50.0,"14,356 M"
05/22/2026,1630,TKR,119.95,+0.86%,Industrials,1.152,3.22,$5.50,123.67,67.14,113.62,106.82,90.67,3.0,0.66,0.57,"1,011,359",200639.03,846013.3,847414.0,-22.76,18.73,1.68,9.68,124.12,94.44,124.12,124.12,45.0,"8,336 M"
05/22/2026,1630,TLT,84.68,+0.55%,,.5304,0.93,<empty>,92.185,82.77,85.06,86.02,88.04,3.0,0.07,0.5,"26,386,811",100016.44,2.958096987E7,3.289094194E7,-3.08,-1.55,-1.63,2.0,91.59,83.03,91.59,-83.03,NaN,"43,178 M"
05/22/2026,1630,TME,8.81,-3.72%,Communication Services,.7464,0.28,$0.84,26.7,8.435,9.1,9.64,17.42,-1.0,-1.0,-0.64,"14,960,171",-200962.47,1.221977933E7,1.086515758E7,76.02,-10.65,-4.65,-3.61,15.48,8.05,-8.05,-8.05,53.0,"14,424 M"
05/22/2026,1630,TMO,448.28,-0.24%,Health Care,.8743,10.93,$17.97,643.99,385.46,458.91,479.36,526.64,5.0,0.34,0.61,"1,685,975",-300332.1,2192686.28,2136145.69,-7.14,-8.57,-3.6,0.1,538.23,435.04,-435.04,-435.04,40.0,"166,590 M"
05/22/2026,1630,TMUS,191.47,+0.30%,Communication Services,.3196,2.46,$14.02,261.56,181.36,191.67,198.16,213.14,2.0,0.29,0.47,"3,334,895",-100140.24,5761370.52,5676266.3,2.94,-9.37,-1.12,-1.01,225.62,182.19,-182.19,-185.05,41.0,"207,210 M"
05/22/2026,1630,TNET,42.78,+2.27%,Industrials,1.003,1.13,$5.85,84.08,33.605,42.15,39.54,53.95,1.0,0.9,0.71,"516,192",0.0,438226.53,487537.68,14.9,12.76,-0.05,0.28,46.15,34.62,46.15,-38.07,42.0,"1,966 M"
05/22/2026,1630,TNX:CGI,45.58,-0.61%,,.0747,0.99,<empty>,46.87,39.47,44.63,43.71,41.96,-3.0,-0.98,-0.67,<empty>,NaN,NaN,NaN,NaN,3.78,4.45,-2.34,45.07,40.59,-40.59,47.03,NaN,0
05/22/2026,1630,TOKE,5.24,0.00%,,.886,0.07,<empty>,7.334,4.27,5.21,5.47,5.74,1.0,0.34,0.36,<empty>,0.0,22074.62,51471.83,22.71,-7.91,-0.37,0.77,6.62,5.12,-5.12,-5.12,NaN,13 M
05/22/2026,1630,TOST,23.16,+0.52%,Financials,1.757,2.33,$1.12,49.66,22.26,25.79,26.71,33.44,7.0,0.25,0.34,"7,535,683",100153.04,1.096645301E7,1.122987928E7,-33.56,-12.97,-7.54,-0.26,31.54,22.07,-22.07,-22.07,49.0,"13,433 M"
05/22/2026,1630,TPB,89.99,-1.67%,Consumer Staples,.9619,3.68,$0.07,146.9,65.8,86.63,83.85,99.4,-9.0,-0.75,-0.78,"265,982",-201366.37,502829.7,513153.13,-52.43,3.64,-3.67,0.84,147.6,66.36,-66.36,99.1,50.0,"1,743 M"
05/22/2026,1630,TPL,402.03,+1.27%,Energy,.6288,12.29,$0.62,547.2,269.233333333333,410.37,444.99,363.87,6.0,0.13,0.59,"288,266",100652.31,455494.44,498155.08,0.54,-24.89,1.99,1.89,545.42,370.31,-370.31,-375.07,50.0,"27,730 M"
05/22/2026,1630,TPR,138.49,-0.45%,Consumer Discretionary,1.46,5.23,$8.53,161.97,76.29,137.36,142.31,126.33,8.0,0.14,0.58,"1,321,300",100040.08,2102530.13,2149486.41,-8.57,-3.84,3.75,5.21,162.6,128.08,-128.08,-128.08,55.0,"27,981 M"
05/22/2026,1630,TPYP,44.16,+0.74%,,.6096,0.89,<empty>,44.58,33.94,42.93,42.38,37.96,-3.0,0.56,-0.83,"68,141",200020.21,154493.51,131894.27,26.06,2.01,6.31,-0.5,44.42,40.25,-40.25,45.02,NaN,895 M
05/22/2026,1630,TRIP,10.08,+1.82%,Communication Services,.8802,0.68,$1.54,20.16,9.01,10.4,10.47,13.74,7.0,0.52,0.45,"2,858,501",200763.03,3741236.21,3703201.07,-5.81,3.7,-3.54,8.39,12.23,9.45,12.23,-9.02,51.0,"1,173 M"
05/22/2026,1630,TRP,70.91,+0.50%,Energy,.7297,2.07,$2.54,71.47,46.29,66.77,64.34,57.26,-1.0,1.0,-0.82,"2,847,510",-200028.38,2648903.87,2559742.77,45.28,10.68,9.51,2.19,68.06,59.25,-59.25,-63.17,46.0,"73,872 M"
05/22/2026,1630,TRU,70.66,+1.71%,Industrials,1.6,2.11,$3.59,99.39,64.51,69.41,70.57,79.65,3.0,0.56,0.62,"1,567,891",0.0,2245155.61,2334197.41,-38.15,2.97,-1.86,6.93,80.57,65.39,80.57,-65.02,41.0,"13,623 M"
05/22/2026,1630,TSLA,426.01,+1.95%,Consumer Discretionary,1.72,16.71,$2.17,498.83,273.21,409.26,388.33,410.03,1.0,0.81,0.43,"45,896,063",-100047.22,6.221206345E7,6.181199952E7,-5.88,11.22,-0.55,5.42,453.07,337.33,453.07,453.07,41.0,"1,599,976 M"
05/22/2026,1630,TSM,404.52,-0.65%,Information Technology,1.384,8.24,$1.26,421.97,190.03,402.59,373.11,317.84,3.0,-0.68,0.29,"7,088,580",100252.21,1.366103091E7,1.366060503E7,-28.96,17.85,-1.74,3.03,422.06,314.38,422.06,-385.03,36.0,"2,098,032 M"
05/22/2026,1630,TSN,65.05,-2.14%,Consumer Staples,.4141,0.96,$3.45,69.4842,50.56,66.27,64.44,59.22,-10.0,-0.46,-0.25,"2,031,536",100528.15,2787883.07,2922977.83,-67.47,6.83,-4.87,-1.68,69.13,58.43,69.13,69.13,48.0,"22,906 M"
05/22/2026,1630,TT,451.02,+0.76%,Industrials,1.203,12.37,$14.11,503.47,348.06,471.77,454.66,427.42,1.0,-0.19,0.15,"1,187,642",100030.17,1324590.06,1323913.69,-7.78,4.87,-3.25,0.67,503.16,403.38,503.16,503.16,45.0,"99,700 M"
05/22/2026,1630,TTD,22.38,+5.17%,Communication Services,1.148,1.29,$1.72,91.45,19.74,22.53,22.65,36.86,6.0,0.78,0.45,"16,272,168",-100573.56,1.928062243E7,2.075081896E7,31.35,0.18,-3.03,5.77,33.55,20.31,-20.31,-20.07,51.0,"10,521 M"
05/22/2026,1630,TTE,91.60,-0.81%,Energy,.1973,1.52,$4.99,94.17,57.26,91.55,90.21,72.1,-3.0,-0.27,-0.54,"960,976",500228.31,1880946.52,1983953.04,-55.16,3.16,3.53,-1.4,94.16,77.55,94.04,94.04,NaN,"203,616 M"
05/22/2026,1630,TTWO,227.55,-4.42%,Communication Services,.99,8.33,$2.66,264.785,187.63,226.4,212.56,231.89,-4.0,-0.95,-0.61,"7,042,100",-100742.01,1898572.65,1925591.22,244.13,18.91,3.22,-4.45,246.06,188.39,-188.39,-210.17,53.0,"42,137 M"
05/22/2026,1630,TUA,20.51,-0.39%,,-.0562,0.15,<empty>,22.305,20.425,20.76,20.97,21.68,3.0,-0.36,0.45,"173,051",100124.4,554493.04,506674.59,-66.63,-1.7,-1.91,0.2,22.59,20.03,22.59,-20.03,NaN,753 M
05/22/2026,1630,TUR,39.34,+7.16%,,.3122,1.93,<empty>,43.98,29.64,41.84,40.84,37.1,1.0,0.0,0.06,"851,304",-100742.02,307613.0,399625.47,295.68,2.5,-9.69,-1.9,44.09,37.54,44.09,44.09,NaN,236 M
05/22/2026,1630,TWLO,187.88,+2.50%,Information Technology,1.372,4.83,$5.89,203.71,91.84,183.35,151.49,126.66,-11.0,-0.75,-0.06,"1,322,278",300458.15,2494383.41,2408488.36,-75.13,53.01,-6.85,-4.12,204.1,107.62,204.1,204.1,51.0,"28,515 M"
05/22/2026,1630,TXG,23.68,-4.05%,Health Care,2.19,1.2,$0.97,26.445,8.065,22.0,21.7,17.6,8.0,0.43,0.82,"3,797,251",100380.11,2623409.12,2555262.12,50.75,19.54,9.63,6.24,26.25,16.48,26.25,-20.17,51.0,"3,006 M"
05/22/2026,1630,TXRH,177.57,-0.27%,Consumer Discretionary,.7646,8.55,$5.36,199.99,153.825,169.53,166.67,171.89,-8.0,-0.77,-0.51,"704,680",200331.1,1146078.62,1089844.18,-34.82,5.75,0.11,2.16,186.6,154.14,-154.14,185.08,51.0,"11,672 M"
05/22/2026,1630,TXT,91.83,+1.76%,Industrials,.9172,1.26,$4.85,101.57,72.0,90.99,90.33,87.45,3.0,0.41,0.57,"843,680",-100129.17,1384326.03,1392023.85,-48.49,1.38,0.9,4.14,101.58,86.38,-86.38,-88.02,41.0,"15,968 M"
05/22/2026,1630,TYX:CGI,50.64,-0.94%,,.0171,0.76,<empty>,51.97,45.28,50.26,49.52,48.11,-3.0,-0.95,-0.58,<empty>,NaN,NaN,NaN,NaN,2.49,2.37,-2.26,51.07,46.59,-46.59,52.03,NaN,0
05/22/2026,1630,U,25.57,+0.12%,Information Technology,2.084,0.68,$1.08,52.15,16.78,26.77,23.82,33.98,-10.0,-0.75,-0.55,"7,736,871",-100494.4,1.304196617E7,1.373989341E7,-28.42,40.96,-9.2,-2.4,31.11,17.62,31.11,31.11,50.0,"11,162 M"
05/22/2026,1630,UA,5.40,+3.65%,Consumer Discretionary,1.643,0.54,($0.38),7.9067,3.95,5.63,5.83,5.36,5.0,0.05,0.48,"2,620,239",-100455.09,2764738.57,2796881.67,10.71,-8.47,-13.6,7.57,8.61,5.08,-5.08,-5.08,52.0,"2,302 M"
05/22/2026,1630,UAA,5.50,+3.38%,Consumer Discretionary,1.715,0.57,($0.38),8.15,4.13,5.79,5.99,5.52,5.0,0.05,0.46,"6,996,031",-100361.09,8398416.45,9025970.0,25.5,-8.94,-14.46,7.0,8.61,5.08,-5.08,-5.08,52.0,"2,345 M"
05/22/2026,1630,UAE,18.915,-0.71%,,.4195,0.31,<empty>,22.29,16.99,19.18,18.94,19.53,4.0,-0.53,0.52,"597,303",100338.44,586183.81,776063.43,-12.53,4.68,-3.35,0.77,22.62,17.44,-17.44,-18.04,NaN,271 M
05/22/2026,1630,UAL,99.96,+0.32%,Industrials,1.244,3.26,$9.90,119.21,71.55,94.64,93.84,101.22,3.0,0.66,0.71,"4,041,110",-300458.23,7320992.32,7763840.29,-26.55,6.84,0.38,12.16,118.6,85.38,-85.38,104.11,41.0,"32,444 M"
05/22/2026,1630,UBER,71.82,-2.43%,Industrials,2,1.71,$4.72,101.99,68.46,74.95,74.21,84.1,-8.0,-0.76,-0.26,"19,630,064",100237.13,1.607762064E7,1.697063887E7,41.55,-0.72,-4.81,-3.06,81.11,68.39,81.11,81.11,50.0,"146,197 M"
05/22/2026,1630,UFO,61.90,+4.99%,,1.262,2.99,<empty>,62.11,23.897,54.52,51.19,41.55,1.0,0.99,0.84,"2,040,677",100349.01,937593.91,820632.64,156.66,35.45,13.58,8.46,58.06,42.38,-42.38,-49.17,NaN,"1,024 M"
05/22/2026,1630,UGA,115.24,+0.23%,,.0763,3.08,<empty>,125.47,57.63,118.62,108.2,76.76,-4.0,-0.48,-0.06,"50,852",-200176.37,88761.14,82891.65,-33.42,16.11,-1.28,-6.28,125.14,71.6,125.04,125.04,NaN,138 M
05/22/2026,1630,UHAL,51.55,+0.68%,Industrials,1.078,1.28,($8.17),64.75,41.945,50.96,49.5,53.03,5.0,0.58,0.5,"178,293",100349.3,231370.39,225232.77,7.66,15.74,-2.4,5.29,54.22,42.44,54.22,-48.03,2.0,"9,793 M"
05/22/2026,1630,UHS,157.80,-2.86%,Health Care,1.125,3.62,$14.11,246.325,152.3278,167.71,177.2,200.83,-4.0,-0.23,-0.48,"1,235,848",100536.18,814629.95,846376.08,4.32,-15.12,-7.15,-5.2,234.61,159.17,234.61,175.1,43.0,"9,553 M"
05/22/2026,1630,UL,57.35,-0.64%,Consumer Staples,.443,0.81,$3.64,74.975,54.95,57.92,58.67,65.87,-1.0,0.51,-0.66,"3,690,525",100232.37,4760584.73,4513876.14,6.71,-5.39,-1.8,0.23,75.62,55.36,-55.36,-56.05,44.0,"124,580 M"
05/22/2026,1630,ULS,102.85,+0.50%,Industrials,.6227,2.32,$2.24,107.54,61.64,97.31,90.77,79.53,3.0,0.94,0.56,"603,682",-100145.45,777809.36,743279.1,7.47,17.79,2.4,2.86,108.12,78.62,108.12,108.12,49.0,"20,731 M"
05/22/2026,1630,ULTA,515.04,+2.18%,Consumer Discretionary,.8934,17.25,$23.82,714.9699,402.76,514.34,526.5,567.15,4.0,0.42,0.68,"480,851",-300337.49,783264.25,737904.35,-47.36,-0.03,-1.25,6.95,703.59,469.03,703.59,-469.03,6.0,"22,435 M"
05/22/2026,1630,UNG,10.94,-3.44%,,.1194,0.4,<empty>,18.1182,9.95,10.92,11.23,12.5,-3.0,-0.57,-0.49,"9,284,105",0.0,9519246.88,1.057272772E7,-27.15,-6.73,3.5,-8.07,13.53,10.17,-10.17,12.03,NaN,505 M
05/22/2026,1630,UNH,388.47,+1.57%,Health Care,.5717,11.22,$21.68,404.15,234.6,379.63,330.65,324.03,-7.0,-0.85,-0.33,"5,590,166",-100145.45,8409234.25,8402131.96,13.69,42.67,2.23,-0.2,404.07,256.39,404.07,404.07,44.0,"352,787 M"
05/22/2026,1630,UNP,265.88,+0.17%,Industrials,.988,3.29,$9.61,276.4,210.84,266.99,254.56,238.13,-4.0,-0.59,-0.42,"2,597,064",100325.22,2908347.1,2931011.97,-6.52,10.94,0.46,-2.09,275.2,232.45,276.04,276.04,41.0,"157,856 M"
05/22/2026,1630,UPBD,17.84,+0.79%,Consumer Discretionary,1.906,0.65,$4.50,28.025,15.82,18.25,18.4,20.26,5.0,0.3,0.47,"538,058",200250.17,851069.49,855362.67,-48.58,-3.36,-5.01,4.51,22.6,17.03,22.6,-17.03,46.0,"1,040 M"
05/22/2026,1630,UPS,101.02,+2.82%,Industrials,1.05,1.44,$5.32,122.41,82.0,100.75,100.5,97.74,4.0,0.37,0.61,"4,538,892",-200635.15,6109183.74,6222944.19,-75.52,2.62,0.24,4.33,117.59,94.03,117.59,-94.03,44.0,"85,868 M"
05/22/2026,1630,UPST,28.56,-1.01%,Financials,2.344,0.95,($2.97),87.3,23.965,29.78,29.02,43.38,4.0,0.64,0.38,"3,252,428",0.0,4735652.45,4828919.79,-14.73,7.37,-1.38,1.71,36.23,24.38,36.23,-26.07,49.0,"2,734 M"
05/22/2026,1630,URA,48.96,+0.20%,,1.111,3.57,<empty>,62.28,30.16,53.19,51.76,49.24,2.0,-0.09,0.12,"2,789,481",0.0,3792337.22,3989199.76,-13.32,1.6,-11.27,3.73,59.21,45.38,59.21,-47.03,NaN,"6,828 M"
05/22/2026,1630,URBN,73.01,-1.02%,Consumer Discretionary,1.174,2.06,$1.69,84.35,59.535,69.92,68.0,70.38,7.0,0.44,0.47,"1,250,266",100247.02,1466984.41,1618786.98,3.97,18.35,2.11,6.0,77.23,60.42,77.23,-65.08,64.0,"6,250 M"
05/22/2026,1630,URI,938.62,+0.69%,Industrials,1.714,13.22,$32.10,1021.47,681.98,946.55,839.25,873.58,1.0,-0.7,0.27,"339,313",100536.22,554948.53,584374.8,-25.21,25.68,0.17,1.19,1001.2,702.45,1001.2,-911.03,41.0,"58,801 M"
05/22/2026,1630,URNJ,26.91,+1.28%,,1.574,2.27,<empty>,40.81,17.12,29.73,29.91,28.87,2.0,-0.08,0.14,"139,722",0.0,337462.2,363504.1,-26.63,-3.76,-12.23,3.26,37.58,26.03,37.58,-26.02,NaN,401 M
05/22/2026,1630,URNM,58.22,+0.24%,,.9075,4.07,<empty>,84.95,38.765,63.85,64.14,61.32,2.0,-0.06,0.17,"460,555",0.0,687884.79,722453.99,35.52,-4.57,-10.42,2.0,76.61,57.03,76.61,-57.03,NaN,"2,086 M"
05/22/2026,1630,USCI,99.55,-0.42%,,.1433,1.24,<empty>,102.93,69.3,100.32,97.27,83.84,-7.0,-0.39,-0.12,"8,834",300029.23,26271.77,24311.52,-83.89,6.38,0.58,-2.28,103.07,84.62,103.07,103.07,NaN,383 M
05/22/2026,1630,USD/JPY,159.215,0.00%,,<empty>,0.762,<empty>,N/A,N/A,158.013,158.587,157.035,-4.0,0.6,-0.85,0,-100200.24,1.69964E7,2.071921875E7,0.0,-0.045,0.844,0.187,161.23,155.17,-155.17,159.02,NaN,<empty>
05/22/2026,1630,USFD,80.47,-0.95%,Consumer Staples,.8434,3.57,$3.78,102.13,69.875,86.54,89.46,82.28,5.0,0.0,0.25,"1,778,137",-100028.12,2508711.97,2457458.05,-23.12,-11.7,-4.66,-0.96,97.61,81.03,97.61,95.15,51.0,"17,721 M"
05/22/2026,1630,USPH,61.96,-0.69%,Health Care,1.179,4.28,$4.39,93.5,58.19,65.85,71.71,79.85,9.0,0.15,0.56,"140,013",300346.05,199363.04,199414.54,1.03,-17.05,4.5,0.57,85.56,58.1,-58.1,-58.1,50.0,943 M
05/22/2026,1630,UTI,40.06,+9.45%,Consumer Discretionary,1.221,1.77,$0.01,41.53,21.29,37.51,37.06,30.8,1.0,0.58,0.4,"3,352,035",200152.01,696357.75,731862.22,435.1,2.43,12.09,11.03,42.06,31.11,42.06,42.06,50.0,"2,206 M"
05/22/2026,1630,UTZ,7.77,+0.91%,Consumer Staples,.8503,0.35,$0.83,14.67,6.92,7.59,7.61,10.15,5.0,0.69,0.62,"1,311,566",200150.04,1980196.46,1938056.66,-11.5,7.17,3.6,4.16,10.62,7.05,-7.05,-7.05,46.0,688 M
05/22/2026,1630,UUP,27.77,+0.14%,,-.1887,0.17,<empty>,28.45,26.395,27.54,27.58,27.55,-3.0,0.77,-0.85,"2,021,787",100007.33,2777317.37,2709353.32,8.94,0.43,1.57,-0.07,28.38,27.59,28.38,-27.15,NaN,336 M
05/22/2026,1630,V,328.88,-0.68%,Financials,.7673,4.62,$11.05,375.51,293.89,324.58,313.65,330.96,-2.0,-0.9,-0.65,"7,461,182",-200124.04,7287437.58,7421539.26,11.15,8.27,3.17,-0.31,342.17,294.36,342.17,-316.1,44.0,"625,446 M"
05/22/2026,1630,VET,12.30,0.00%,Energy,.3962,0.5,$1.42,14.82,6.27,12.72,12.8,9.66,-3.0,-0.12,-0.51,"815,827",101365.46,2180819.13,2255977.94,-40.22,-7.93,4.33,-6.82,15.44,10.6,15.44,-11.11,51.0,"1,884 M"
05/22/2026,1630,VFC,16.70,+3.21%,Consumer Discretionary,1.747,1.04,$1.29,22.2699,11.06,17.89,17.95,17.04,2.0,0.19,0.21,"9,461,344",100155.02,7248580.42,7072198.87,90.04,-3.47,-12.01,-0.24,22.23,16.5,22.23,20.11,49.0,"6,543 M"
05/22/2026,1630,VG,13.83,+1.99%,Energy,1.335,1.04,($2.81),19.5,5.72,13.05,13.69,10.9,-3.0,0.4,-0.79,"11,056,247",100815.45,2.788821256E7,2.71659524E7,-54.48,-16.69,20.79,-6.43,18.42,9.62,18.42,15.03,54.0,"34,359 M"
05/22/2026,1630,VGK,88.46,-0.34%,,.8653,0.9,<empty>,90.745,74.2401,87.2,85.48,83.29,3.0,0.77,0.48,"1,843,103",200127.38,4076823.19,4184253.15,-70.92,9.78,0.39,2.37,91.59,79.44,-79.44,89.12,NaN,"30,337 M"
05/22/2026,1630,VHT,279.27,+0.99%,,.6296,2.85,<empty>,298.6068,237.2312,272.05,272.85,275.29,4.0,0.53,0.86,"239,135",-100116.16,191282.92,200201.05,56.99,4.11,3.83,1.91,296.59,265.39,-265.39,-265.17,NaN,"16,547 M"
05/22/2026,1630,VIK,84.23,+0.39%,Consumer Discretionary,1.242,1.83,$2.93,92.0,42.2004,82.47,78.4,69.33,1.0,-0.64,0.4,"2,914,313",100251.03,3192841.34,3147387.18,17.03,15.91,1.89,2.43,92.06,66.53,92.06,92.06,58.0,"37,580 M"
05/22/2026,1630,VIR,9.19,+1.77%,Health Care,1.695,0.45,($3.19),11.66,4.155,9.52,9.54,7.07,3.0,0.04,0.31,"1,189,366",0.0,1831911.06,3430753.0,-17.62,7.23,0.77,7.74,12.24,8.38,12.24,-9.03,50.0,"1,550 M"
05/22/2026,1630,VIX,16.70,-0.36%,,-6,0.53,<empty>,35.3,13.38,17.63,20.78,18.4,-3.0,-0.22,-0.68,<empty>,NaN,NaN,NaN,NaN,-38.03,-2.85,-7.53,35.53,16.12,-16.12,19.04,NaN,0
05/22/2026,1630,VKTX,30.89,+0.68%,Health Care,.536,1.15,($3.00),43.15,22.959,31.05,32.78,32.61,3.0,0.29,0.42,"1,221,380",100268.17,2276898.59,2341186.28,-57.18,-3.98,-1.4,8.77,38.49,28.03,38.49,-28.03,45.0,"3,587 M"
05/22/2026,1630,VLO,246.96,+2.43%,Energy,.5703,7.46,$18.20,263.75,125.1,247.31,242.34,191.08,-3.0,-0.43,-0.48,"2,490,274",-100148.45,3629221.75,3714703.45,-12.44,2.16,2.45,-5.96,258.38,195.62,-195.62,264.02,41.0,"73,331 M"
05/22/2026,1630,VLTO,86.80,+0.98%,Industrials,.7355,0.97,$4.20,110.11,84.45,86.91,88.28,98.0,5.0,0.54,0.65,"1,559,123",-100127.45,2040296.44,1999044.69,-24.98,-0.07,-0.05,0.38,98.6,84.05,-84.05,-84.05,41.0,"21,318 M"
05/22/2026,1630,VMC,260.65,-0.35%,Materials,1.052,11.74,$8.48,331.09,252.35,280.84,279.56,292.07,3.0,-0.29,0.22,"803,694",300138.39,1142853.8,1218366.39,-43.71,-2.27,-8.13,0.46,319.61,252.45,-252.45,-252.03,46.0,"33,821 M"
05/22/2026,1630,VNM,18.75,-1.21%,,.9462,0.25,<empty>,19.85,13.02,19.18,18.31,18.26,-2.0,-0.71,-0.22,"884,377",-100141.52,782749.54,874758.93,117.53,13.91,-5.16,-1.88,20.1,16.42,20.1,20.1,NaN,572 M
05/22/2026,1630,VNO,31.98,+1.11%,Real Estate,1.539,0.61,$6.23,43.37,24.57,30.85,28.48,33.62,3.0,0.88,0.23,"1,146,217",-100446.45,2050725.37,2042527.0,-21.14,22.43,-0.56,5.47,33.11,25.39,33.11,33.11,48.0,"6,015 M"
05/22/2026,1630,VRNS,31.00,+1.11%,Information Technology,.8055,1.35,$1.00,63.9,19.7,27.99,25.02,37.38,6.0,1.0,0.67,"1,531,229",0.0,2494548.53,2461047.66,-68.44,40.85,8.66,4.13,30.17,20.3,-20.3,-26.17,44.0,"3,559 M"
05/22/2026,1630,VRT,327.46,+1.26%,Industrials,2.058,20.07,$5.95,379.935,101.0,339.12,303.03,207.73,-6.0,-0.48,0.0,"4,784,669",-100569.45,7468241.99,7530091.75,-2.9,20.88,-3.68,1.5,380.06,232.38,380.06,380.06,45.0,"125,780 M"
05/22/2026,1630,VRTX,434.52,+0.23%,Health Care,.291,8.69,$14.55,507.92,362.5,433.03,440.29,434.75,-6.0,-0.47,-0.56,"1,746,234",100432.53,1257346.58,1295849.25,23.07,-3.14,1.09,0.05,508.52,412.13,-412.13,457.06,48.0,"110,284 M"
05/22/2026,1630,VSCO,52.45,+3.76%,Consumer Discretionary,2.128,2.44,$3.90,66.889,17.53,48.94,48.63,43.57,4.0,0.38,0.73,"2,011,827",100673.54,2090611.89,2356994.63,35.51,20.46,9.18,16.04,66.6,42.39,-42.39,-43.03,6.0,"4,166 M"
05/22/2026,1630,VTR,88.18,+0.20%,Real Estate,.7663,1.09,$2.89,91.06,61.76,87.79,85.45,77.98,-6.0,-0.54,-0.4,"2,826,806",100023.17,4248712.29,3895702.06,-54.02,7.3,1.05,-0.19,91.06,79.22,91.05,91.05,45.0,"42,870 M"
05/22/2026,1630,VVIX,91.16,-0.78%,,-4.291,2.47,<empty>,147.14,81.72,94.74,105.18,102.42,-2.0,-0.25,-0.56,<empty>,NaN,NaN,NaN,NaN,-26.57,-5.81,-3.65,141.54,91.04,141.54,103.08,NaN,0
05/22/2026,1630,VVV,33.58,+1.08%,Consumer Discretionary,1.031,1.18,$0.78,41.33,28.5,33.17,33.48,34.39,3.0,0.25,0.58,"1,436,883",-200136.11,2130325.94,2048668.61,-38.29,-2.33,-5.73,4.38,39.62,32.13,39.62,-31.02,50.0,"4,283 M"
05/22/2026,1630,VXD,15.43,+0.65%,,-6.327,0.5,<empty>,42.71,2.43,16.46,19.7,17.31,-3.0,-0.19,-0.51,<empty>,NaN,NaN,NaN,NaN,-39.18,-5.91,-6.37,43.52,15.05,43.52,19.16,NaN,0
05/22/2026,1630,VXN:CGI,22.82,+0.35%,,-4.982,0.79,<empty>,33.92,9.01,23.51,25.07,22.58,-5.0,-0.4,-0.56,<empty>,NaN,NaN,NaN,NaN,-20.6,-3.96,-5.27,34.38,21.15,-21.15,26.05,NaN,0
05/22/2026,1630,VXX,26.42,+0.80%,,-2.066,0.71,<empty>,59.36,25.635,27.94,30.86,31.8,-3.0,-0.21,-0.6,"7,885,390",-101204.54,1.042042698E7,1.13189537E7,-11.84,-24.54,-5.84,-4.21,40.38,27.04,40.38,29.17,NaN,0
05/22/2026,1630,VZ,48.35,+0.17%,Communication Services,.2399,0.54,$4.70,51.68,38.39,47.42,48.08,44.19,4.0,0.31,0.53,"14,715,838",100029.45,2.471396549E7,2.49351127E7,-18.61,-5.03,2.39,1.28,52.42,44.28,-44.28,-46.04,39.0,"201,888 M"
05/22/2026,1630,W,67.07,+1.10%,Consumer Discretionary,.0351,3.24,$2.81,119.98,34.46,64.77,71.33,86.79,5.0,0.41,0.8,"3,170,602",101271.03,4022218.96,3976583.86,-5.48,-11.05,1.22,16.85,86.25,56.03,86.25,-56.03,48.0,"8,853 M"
05/22/2026,1630,WBD,27.03,-0.26%,Communication Services,1.572,0.11,$0.93,30.0,8.84,27.1,27.24,23.8,-2.0,-0.1,-0.38,"19,346,624",-100119.45,2.110189432E7,2.266943519E7,173.88,-0.92,-0.3,-0.22,29.62,27.18,-27.18,27.02,51.0,"67,768 M"
05/22/2026,1630,WCLD,30.2101,+2.10%,,1.065,0.81,<empty>,37.115,23.8901,28.78,27.83,32.05,1.0,1.0,0.62,"505,719",300243.38,1111531.3,1277045.67,-59.44,11.48,1.51,1.82,30.11,24.3,-24.3,31.03,NaN,251 M
05/22/2026,1630,WDAY,128.14,+5.16%,Information Technology,1.022,4.49,$10.48,257.09,110.36,124.2,125.68,187.63,1.0,1.0,0.53,"10,777,415",-100062.01,5040999.08,5598865.04,211.41,-0.89,0.24,-0.93,154.53,110.31,-110.31,136.03,61.0,"31,995 M"
05/22/2026,1630,WEAT,24.55,+0.20%,,.007,0.76,<empty>,25.6,19.78,24.35,23.44,21.57,-3.0,-0.84,-0.47,"513,460",-200149.51,1034212.97,1030092.32,-42.86,8.15,4.87,-2.58,26.07,22.61,26.07,26.07,NaN,345 M
05/22/2026,1630,WELL,216.17,+0.07%,Real Estate,.8309,2.16,$4.34,221.675,147.49,215.57,208.71,191.02,-2.0,-0.47,-0.44,"2,291,856",100326.04,3072577.62,3076515.14,-40.86,9.95,0.72,-0.84,222.07,193.42,222.07,222.07,43.0,"152,598 M"
05/22/2026,1630,WEN,7.81,+2.49%,Consumer Discretionary,.3646,0.56,$1.17,12.51,6.37,7.32,7.12,8.33,-6.0,-0.94,-0.53,"8,671,082",200467.09,1.017244618E7,9627905.91,6.59,10.0,6.99,-3.82,8.07,6.13,8.07,8.07,52.0,"1,488 M"
05/22/2026,1630,WEST,8.35,-2.68%,Consumer Staples,.9231,1.04,($0.66),8.9764,3.59,7.24,5.71,4.99,-8.0,-0.95,-0.39,"968,688",-100168.09,628718.47,575962.96,146.78,113.01,1.21,3.47,9.09,4.53,9.09,9.09,51.0,815 M
05/22/2026,1630,WFC,76.40,+0.63%,Financials,.9363,2.29,$0.04,97.76,71.895,77.37,79.01,84.07,7.0,0.36,0.55,"8,728,192",-300430.11,1.699031189E7,1.774779814E7,-32.7,-4.03,1.0,2.48,88.6,73.05,-73.05,-73.05,34.0,"233,798 M"
05/22/2026,1630,WGMI,61.93,+0.55%,Communication Services,3.802,2.29,<empty>,67.885,16.31,55.22,46.96,44.09,2.0,0.89,0.5,"396,754",-100477.05,514251.57,527960.1,-27.7,59.33,6.74,12.91,62.06,32.38,-32.38,-45.17,NaN,409 M
05/22/2026,1630,WGS,47.31,-0.04%,Health Care,2.121,3.71,($0.99),170.87,32.21,48.18,59.52,105.44,11.0,0.3,0.73,"1,087,143",201576.12,1255953.22,1183832.82,-64.62,-31.11,16.04,12.3,95.53,32.12,-32.12,-32.12,44.0,"1,405 M"
05/22/2026,1630,WH,79.14,-1.98%,Consumer Discretionary,.6493,1.8,$3.99,92.685,69.21,81.46,82.03,79.71,3.0,-0.04,0.4,"1,524,217",0.0,1190929.92,1239047.39,38.59,2.26,-4.27,2.42,90.23,72.5,90.23,-77.02,41.0,"5,924 M"
05/22/2026,1630,WING,140.41,+5.85%,Consumer Discretionary,1.706,8.09,$4.76,388.14,116.35,141.54,164.15,238.84,9.0,0.38,0.61,"1,193,218",200873.06,1398003.6,1321363.89,-28.07,-18.4,8.28,10.73,277.6,116.06,-116.06,-116.06,45.0,"3,824 M"
05/22/2026,1630,WMS,133.00,-1.59%,Industrials,1.304,4.73,$7.43,179.315,105.14,141.67,142.45,147.19,3.0,-0.32,0.4,"1,524,729",-200143.02,921160.25,907287.08,127.16,-2.61,-7.12,1.07,173.6,131.44,173.6,152.11,51.0,"10,360 M"
05/22/2026,1630,WMT,120.27,-0.88%,Consumer Staples,.625,3.91,$1.87,135.155,93.43,129.59,126.99,114.78,-3.0,-0.11,0.0,"30,283,837",-100228.02,1.890234972E7,1.928738456E7,192.86,-1.46,-7.79,-10.38,133.15,118.44,-118.44,135.03,60.0,"958,671 M"
05/22/2026,1630,WOOD,65.7227,-0.60%,,.7752,1.58,<empty>,83.32,64.53,67.51,69.29,72.47,3.0,0.24,0.54,"21,767",-100017.59,17550.34,27406.87,45.16,-4.6,-4.67,1.72,80.62,65.03,80.62,-65.03,NaN,244 M
05/22/2026,1630,WRBY,25.09,+2.41%,Consumer Discretionary,2.054,2.52,$0.32,31.0,14.96,25.25,23.7,24.02,-7.0,-0.55,-0.19,"1,473,449",-101183.04,2860552.55,3098291.65,-33.52,8.8,-15.09,-1.65,30.06,20.34,-20.34,30.03,51.0,"3,079 M"
05/22/2026,1630,WW,12.79,+26.76%,Consumer Discretionary,2.285,1.03,($9.76),46.949,8.365,10.44,12.41,23.71,2.0,0.52,0.8,"629,741",-101609.12,402101.12,345852.12,100.85,-26.54,25.39,36.65,25.48,8.1,-8.1,-8.1,53.0,128 M
05/22/2026,1630,WWW,16.41,+1.48%,Consumer Discretionary,1.669,0.76,$1.62,32.8,13.47,16.3,16.64,20.58,3.0,0.66,0.27,"1,096,578",-101064.07,1069455.49,1185817.76,-6.04,-3.07,-1.74,11.63,21.6,14.06,-14.06,-14.06,46.0,"1,345 M"
05/22/2026,1630,WY,23.66,+0.60%,Real Estate,.918,0.36,$0.03,27.86,21.155,23.66,23.99,24.36,5.0,0.22,0.56,"4,039,929",0.0,4981993.85,5355469.84,-37.7,0.51,0.55,3.36,26.23,22.44,26.23,-22.03,41.0,"17,060 M"
05/22/2026,1630,WYFI,30.19,+2.17%,Information Technology,4.281,3.42,($9.75),40.75,10.5101,22.36,17.58,20.39,2.0,1.0,0.59,"1,799,758",101951.07,1380593.94,1208941.56,11.23,113.51,42.07,18.3,31.06,11.39,-11.39,-14.17,56.0,"1,166 M"
05/22/2026,1630,WYNN,97.24,-1.32%,Consumer Discretionary,.9705,4.38,$6.72,134.72,82.627,101.17,102.41,114.84,5.0,0.25,0.36,"1,208,882",-100338.11,1491093.64,1670542.01,-11.64,-5.38,-5.06,2.6,112.25,94.05,112.25,-93.02,51.0,"10,092 M"
05/22/2026,1630,XBI,131.66,-0.84%,,.8657,2.93,<empty>,139.19,78.0,132.49,130.07,116.93,3.0,-0.25,0.24,"6,461,098",-100037.37,9035042.71,9234873.48,-20.37,10.14,-2.26,3.84,139.25,118.42,139.25,-125.03,NaN,"8,225 M"
05/22/2026,1630,XHR,16.82,-0.59%,Real Estate,1.184,0.3,$1.03,17.23,11.34,16.48,15.74,14.6,5.0,0.75,0.46,"510,929",100136.21,690621.67,711817.13,-37.9,14.03,-1.23,2.62,17.15,14.49,17.15,17.15,46.0,"1,552 M"
05/22/2026,1630,XIACY,19.030,-0.42%,Information Technology,.6139,0.49,$0.12,40.25,18.51,19.6,20.23,26.19,-7.0,-0.85,-0.3,"324,214",-100000.46,404406.88,420806.44,-13.39,-5.98,-5.7,-2.86,23.62,19.16,-19.16,21.07,1.0,"98,229 M"
05/22/2026,1630,XLB,50.29,+0.54%,,.9433,1.04,<empty>,54.14,42.035,51.11,50.63,47.53,2.0,-0.26,0.35,"6,949,031",0.0,1.23826794E7,1.36074306E7,-30.8,3.8,-2.52,2.55,54.61,47.44,-47.44,-49.03,NaN,"7,211 M"
05/22/2026,1630,XLC,115.46,-0.55%,,1.005,0.66,<empty>,120.405,99.6,116.27,114.83,115.22,-4.0,-0.68,-0.35,"4,108,614",100123.58,5813319.62,6469862.95,-25.1,3.9,-1.27,-0.34,119.25,107.39,119.25,118.11,NaN,"25,251 M"
05/22/2026,1630,XLE,59.49,+0.61%,,.4719,1.63,<empty>,63.46,40.4375,58.48,58.43,49.68,-3.0,0.45,-0.85,"42,356,343",-200233.58,4.703863661E7,5.299032611E7,14.84,-2.22,6.8,-2.94,63.38,53.25,-53.25,62.02,NaN,"41,295 M"
05/22/2026,1630,XLF,51.94,+0.41%,,.8832,0.3,<empty>,56.515,47.67,51.59,50.83,52.6,3.0,0.64,0.44,"23,266,655",100227.58,4.050829125E7,4.684740764E7,-47.66,5.4,1.37,1.64,53.23,48.39,53.23,-51.02,NaN,"50,166 M"
05/22/2026,1630,XLG,63.56,+0.11%,,1.059,0.68,<empty>,64.33,47.93,62.42,58.94,58.1,-6.0,-0.9,-0.19,"1,528,828",-100129.51,2521507.23,3255506.57,-2.39,16.35,1.05,0.86,64.06,53.38,64.06,64.06,NaN,"11,120 M"
05/22/2026,1630,XLI,171.77,+0.73%,,1.006,2.11,<empty>,179.305,139.63,172.49,169.28,161.0,3.0,-0.47,0.37,"6,910,267",100028.55,1.040815682E7,1.160057307E7,-9.3,4.74,-0.83,1.8,179.58,156.38,-156.38,-168.03,NaN,"29,781 M"
05/22/2026,1630,XLK,180.39,+1.00%,,1.301,4.01,<empty>,181.73,112.551,170.56,153.52,144.3,1.0,0.89,0.27,"10,698,585",0.0,1.290814343E7,1.453986862E7,-0.39,32.49,2.77,4.13,180.06,127.38,-127.38,-157.16,NaN,"117,454 M"
05/22/2026,1630,XLP,84.80,+0.17%,,.5036,0.73,<empty>,90.14,75.16,84.3,83.07,81.39,-3.0,-0.54,-0.64,"7,889,869",-100120.58,1.354979016E7,1.548538399E7,-37.38,4.55,0.74,-1.5,90.59,80.27,-80.27,87.03,NaN,"15,024 M"
05/22/2026,1630,XLRE,44.56,+0.13%,,1.016,0.4,<empty>,44.91,39.725,44.16,42.99,41.97,4.0,0.71,0.43,"3,829,702",-100330.45,6576341.76,7275990.47,-9.26,10.6,0.34,1.41,45.12,40.39,45.12,-43.05,NaN,"7,972 M"
05/22/2026,1630,XLU,45.35,+0.78%,,.2431,0.64,<empty>,47.8,39.85,45.34,45.78,44.41,4.0,0.09,0.5,"15,169,910",-100424.45,2.253706025E7,2.42996393E7,-15.98,0.58,1.41,2.28,48.59,44.04,-44.04,-44.04,NaN,"22,906 M"
05/22/2026,1630,XLV,149.89,+1.17%,,.5901,1.73,<empty>,160.59,127.96,145.52,146.38,147.92,4.0,0.54,0.95,"6,914,573",200123.43,1.09332556E7,1.207464778E7,-36.48,3.52,4.46,1.74,160.59,142.17,-142.17,-142.17,NaN,"38,644 M"
05/22/2026,1630,XLY,119.18,+0.40%,,1.215,1.44,<empty>,125.01,103.855,118.16,114.78,117.39,3.0,0.7,0.2,"5,288,564",300227.38,8868469.45,9845931.93,-50.75,8.66,-0.85,3.61,122.25,105.38,122.25,-114.03,NaN,"22,758 M"
05/22/2026,1630,XOM,154.92,-0.24%,Energy,.1825,4.95,$4.41,176.41,101.185,153.05,155.65,131.1,-3.0,-0.35,-0.79,"12,919,785",-100337.37,2.094714994E7,2.098145413E7,-9.26,-6.32,7.16,-4.69,176.38,142.25,-142.25,164.02,47.0,"642,135 M"
05/22/2026,1630,XOP,171.95,+0.76%,,.5941,4.42,<empty>,190.36,118.77,172.9,172.84,143.67,-3.0,-0.23,-0.7,"2,497,854",-300137.53,4521913.09,5012447.75,-47.98,-4.6,4.11,-3.7,190.38,146.6,190.38,-162.11,NaN,"3,396 M"
05/22/2026,1630,XPEV,15.59,-0.26%,Consumer Discretionary,1.009,0.46,$0.74,28.235,14.72,15.83,17.05,19.71,2.0,0.45,0.53,"8,751,912",-200262.22,6462740.3,6673220.17,157.02,-17.34,-0.19,4.35,20.49,15.03,20.49,-15.02,3.0,"14,900 M"
05/22/2026,1630,XRT,82.54,+0.92%,,1.191,2.09,<empty>,91.65,73.87,82.64,82.35,84.69,5.0,0.36,0.4,"5,382,353",100225.02,5451622.4,5736018.59,-12.4,4.03,-2.57,4.31,89.23,78.38,89.23,-78.02,NaN,594 M
05/22/2026,1630,XTL,233.84,+2.31%,,1.138,3.42,<empty>,233.97,101.2401,224.44,210.44,166.75,2.0,0.6,0.25,"137,750",-300128.29,112771.27,95864.2,99.82,20.41,4.92,4.78,233.06,177.6,-177.6,-212.17,NaN,836 M
05/22/2026,1630,XYL,110.28,+1.45%,Industrials,1.047,3.52,$3.81,154.27,105.29,113.07,118.65,134.88,3.0,0.09,0.47,"1,411,320",200037.26,2226375.64,2164526.11,-13.93,-8.44,-3.03,3.71,132.6,106.03,132.6,-105.02,51.0,"26,213 M"
05/22/2026,1630,XYZ,68.08,-0.83%,Financials,2.775,1.71,$5.37,82.5,48.21,70.8,66.22,67.74,-2.0,-0.63,-0.16,"5,627,334",100753.59,5812933.5,7422625.98,17.43,13.68,-9.04,-1.58,77.1,49.62,77.1,77.1,53.0,"40,520 M"
05/22/2026,1630,YCS,53.88,+0.34%,,-.3943,0.67,<empty>,54.67,40.08,53.04,53.25,49.55,12.0,0.49,0.82,"6,386",-100218.26,31731.04,29612.5,-72.68,1.49,3.47,0.32,55.42,51.62,55.42,-52.12,NaN,29 M
05/22/2026,1630,YELP,22.39,+2.52%,Communication Services,.4604,2.8,$4.56,39.575,19.6,25.41,25.61,28.4,5.0,0.25,0.32,"1,094,487",0.0,1170228.02,1287590.73,23.34,-7.17,-17.32,-0.89,30.22,20.62,30.22,-21.05,51.0,"1,231 M"
05/22/2026,1630,YPF,47.99,+0.10%,Energy,1.079,2.02,$2.86,49.0,22.82,44.81,43.42,35.9,5.0,0.66,0.74,"1,187,775",100849.05,2569671.05,2443141.89,-3.67,12.76,13.26,0.06,49.37,33.57,-33.57,-42.11,51.0,"18,832 M"
05/22/2026,1630,YUM,155.15,+0.54%,Consumer Discretionary,.5929,2.22,$5.92,169.39,137.33,154.16,157.09,152.68,7.0,0.17,0.75,"1,640,555",100124.18,1699027.32,1724426.21,22.87,-2.68,2.11,1.94,169.62,149.09,-149.09,-149.09,46.0,"42,763 M"
05/22/2026,1630,YUMC,44.56,-0.85%,Consumer Discretionary,1,1.32,$2.56,58.39,41.69,47.01,48.87,47.75,-2.0,-0.04,-0.3,"1,352,384",100232.46,1451600.4,1563220.59,-32.72,-14.03,-4.99,-1.7,56.61,45.04,56.61,50.17,50.0,"15,642 M"
05/22/2026,1630,ZG,36.88,-0.99%,Real Estate,2.014,2.83,$1.24,90.22,35.11,41.17,42.34,61.78,3.0,-0.62,0.48,"862,068",0.0,1073731.44,1094481.57,-1.53,-18.21,-12.06,1.26,49.55,36.03,49.55,-35.02,50.0,"8,438 M"
05/22/2026,1630,ZM,105.64,+9.19%,Information Technology,1.5,4.35,$6.40,113.73,69.15,101.29,89.79,85.13,1.0,0.63,0.32,"9,624,769",-200350.01,4571610.65,4869187.74,74.93,39.04,-3.27,8.47,112.09,71.57,-71.57,-91.17,61.0,"31,136 M"
05/22/2026,1630,ZS,182.37,+6.64%,Information Technology,1,13.59,$5.55,336.99,114.625,152.14,144.35,224.08,1.0,1.0,0.98,"3,988,280",-100866.32,2949374.74,3189208.64,84.08,30.82,19.88,4.06,168.6,115.3,-115.3,-128.16,1.0,"29,323 M"
