Date,Time,Symbol,Last,%Change,Sector,Beta,StandardDeviation,Free Cash Flow Per Share - Current (LTM),52High,52Low,SimpleMovingAvg,SimpleMovingAvg,SimpleMovingAvg,A_MCADays_Streak,A_MACD_BRR,A_MACDH_D_BRR,Volume,A_VolumeSpike,VolumeAvg,VolumeAvg,VolumeRateOfChange,A_Perf2M,A_Perf2Wk,A_Perf3D,A_3mnHigh,A_3mnLow,A_3mnHighLow,A_3wkHighLow,A_EarningsDays,Market Cap
05/12/2026,1630,$COMP,26088.2033,-0.71%,,1.212,609.09,<empty>,26359.3082,18599.6866,25003.18,23341.86,22877.94,-1.0,-1.0,-0.52,<empty>,NaN,NaN,NaN,NaN,16.92,5.78,1.09,25223.07,20690.3,-20690.3,-24199.15,NaN,0
05/12/2026,1630,$DJI,49760.56,+0.11%,,1,305.42,<empty>,50512.79,41354.09,49312.89,47907.14,47380.99,-4.0,-0.93,-0.4,"498,364,244",-100100.37,5.1113313022E8,5.2865671589E8,16.87,6.6,1.26,0.33,50499.62,45057.3,-45057.3,50130.03,NaN,0
05/12/2026,1630,$DXY,98.289,+0.34%,,<empty>,0.318,<empty>,101.259,95.551,98.325,98.969,98.521,1.0,0.32,0.56,<empty>,NaN,NaN,NaN,NaN,-1.459,-0.324,0.033,101.29,97.62,101.29,-98.04,NaN,0
05/12/2026,1630,/6B[M26],1.3539,+0.05%,,.3089,0.0041,<empty>,1.3869,1.3011,1.354,1.3433,1.3422,-2.0,-0.63,-0.4,649,-100000.45,104913.74,104068.7969,-99.3138,2.413,0.4899,-0.6749,1.62,1.3,-1.3,1.08,NaN,0
05/12/2026,1630,/6C[M26],.73125,+0.03%,,.2666,0.00206,<empty>,0.74315,0.70845,0.73352,0.73056,0.72564,-8.0,-0.51,-0.33,"1,009",-300106.43,73353.6,73497.03125,-98.35412,-0.08881,-0.12293,-0.15702,1.46,1.3,-1.3,1.08,NaN,0
05/12/2026,1630,/6E[M26],1.17570,-0.02%,,.1322,0.00289,<empty>,1.21105,1.1151,1.17575,1.16785,1.1707,-2.0,-0.67,-0.44,"1,642",-200000.45,211424.1,206655.40625,-99.06535,2.53347,0.49147,-0.42348,1.62,1.42,-1.42,-1.09,NaN,0
05/12/2026,1630,/6J[M26],.0063630,-0.02%,,.041,4.79E-5,<empty>,0.007078,0.006243,0.0063426,0.0063316,0.0065173,-5.0,-0.85,-0.48,"1,085",200109.06,158711.2,164121.046875,-99.2157741,0.8239582,1.6697292,-0.5936572,0.62,0.09,-0.09,0.05,NaN,0
05/12/2026,1630,/BTC[K26],80795,-0.25%,,.9922,2033.0,<empty>,127240.0,60005.0,78654.0,73956.0,92770.0,-2.0,-1.0,-1.0,55,100762.0,8470.0,8816.0,-99.0,13.0,6.0,1.0,82120.0,62591.0,83215.0,83215.0,NaN,0
05/12/2026,1630,/BZ[N26],107.41,-0.33%,,.055,3.81,<empty>,119.4,58.72,104.56,101.87,74.7,2.0,0.26,0.41,87,-101000.47,64875.64,66408.03,-99.83,3.42,-4.02,6.89,119.46,67.6,119.46,115.07,NaN,0
05/12/2026,1630,/CL[M26],102.02,-0.16%,,1.29,4.1,<empty>,119.48,54.98,97.47,96.18,70.28,2.0,0.28,0.5,"1,527",100321.46,397446.36,400940.95,-99.56,2.73,-5.96,7.75,119.46,62.6,119.46,111.09,NaN,0
05/12/2026,1630,/GC[M26],4728.3,+0.89%,,.1486,69.9,<empty>,5626.8,3123.3,4698.9,4764.2,4333.1,7.0,0.4,0.7,"3,510",0.0,150448.4,148824.5,-97.6,-5.9,3.7,0.1,5434.5,4100.4,-4100.4,-4510.1,NaN,0
05/12/2026,1630,/HG[N26],6.6345,+1.58%,,.037,0.2499,<empty>,6.659,4.3325,6.1251,5.8773,5.376,7.0,0.96,0.94,543,0.0,42999.5,44778.7031,-98.78,16.9075,11.9463,5.6029,6.15,5.36,-5.36,-6.07,NaN,0
05/12/2026,1630,/NG[M26],2.828,-0.53%,,.5784,0.11,<empty>,7.439,2.495,2.723,2.85,3.407,-2.0,0.42,-0.35,294,0.0,113418.6,115979.422,-99.597,-9.706,6.798,2.836,3.46,2.13,-2.13,-2.13,NaN,0
05/12/2026,1630,/NKD[M26],62505,-0.02%,,.352,1612.0,<empty>,63850.0,36490.0,60488.0,56811.0,51115.0,-3.0,-1.0,-1.0,81,200500.0,6014.0,5982.0,-99.0,18.0,7.0,-2.0,61000.0,50410.0,-50410.0,63850.0,NaN,0
05/12/2026,1630,/SI[N26],87.540,+2.28%,,.6496,5.326,<empty>,121.785,31.78,78.059,77.304,63.898,6.0,0.41,0.9,739,0.0,43023.5,47539.875,-98.821,8.55,21.947,8.295,97.51,61.36,-61.36,-71.1,NaN,0
05/12/2026,1630,AAAU,46.50,-0.41%,,.1693,0.71,<empty>,54.71,31.27,46.24,46.93,42.46,6.0,0.36,0.67,"856,901",0.0,2522937.16,2567638.52,-33.35,-7.28,2.6,0.26,53.5,43.34,-43.34,-44.06,NaN,"2,864 M"
05/12/2026,1630,AAL,12.69,-0.78%,Industrials,1.344,0.63,$1.67,16.5,10.09,12.2,11.5,12.94,-2.0,-0.78,-0.69,"48,031,020",-100272.45,6.688993831E7,6.535553158E7,-19.19,20.28,9.02,-3.72,15.62,10.3,-10.3,-11.09,50.0,"8,393 M"
05/12/2026,1630,AAPL,294.80,+0.72%,Information Technology,1.066,9.38,$8.74,295.27,193.46,276.68,263.97,257.82,-2.0,1.0,-0.74,"45,738,709",300027.08,4.371761978E7,4.437065595E7,5.76,15.26,8.9,2.56,287.07,246.3,-246.3,-265.11,55.0,"4,329,833 M"
05/12/2026,1630,ABBV,207.86,+2.51%,Health Care,.3,4.02,$11.29,244.81,176.57,204.29,211.21,218.48,1.0,0.49,0.82,"7,043,987",-100136.37,6978032.06,6900004.42,-7.88,-7.77,5.14,2.54,237.48,191.09,-191.09,215.08,54.0,"367,246 M"
05/12/2026,1630,ABNB,135.48,-1.15%,Consumer Discretionary,1.208,1.88,$7.52,147.25,110.81,140.37,134.06,128.32,-2.0,-0.64,-0.2,"4,419,891",0.0,3691809.61,4336368.16,8.28,6.09,-2.56,-3.55,147.14,116.61,147.14,147.14,59.0,"80,546 M"
05/12/2026,1630,ABR,5.85,-12.16%,Financials,1.175,0.65,$1.72,12.575,5.835,7.79,7.78,9.34,-3.0,-0.59,0.0,"14,509,756",-401162.01,3631939.53,4030618.07,589.06,-25.38,-27.33,-28.4,9.48,7.53,9.48,9.03,55.0,"1,125 M"
05/12/2026,1630,ABT,84.35,+2.17%,Health Care,.6301,3.42,$4.24,139.06,81.97,90.77,99.97,119.19,1.0,0.07,0.55,"16,391,557",-100135.37,1.279124125E7,1.188408549E7,36.78,-22.0,-10.13,-3.06,117.51,86.04,117.51,97.16,45.0,"146,922 M"
05/12/2026,1630,ACHC,26.02,+4.04%,Health Care,.7566,1.29,($3.23),30.1991,11.43,26.76,25.26,20.46,3.0,-0.48,0.12,"2,976,041",-100568.09,3122310.92,3504097.42,17.98,7.77,-5.66,6.38,30.06,13.62,30.06,30.06,54.0,"2,393 M"
05/12/2026,1630,ACHR,6.39,-2.29%,Industrials,2.857,0.32,($0.86),14.62,4.8,6.02,5.9,8.2,-1.0,0.99,-0.68,"54,240,495",-100081.01,3.028580699E7,3.06328075E7,103.37,3.9,9.42,1.75,8.5,5.3,-5.3,-5.09,62.0,"4,854 M"
05/12/2026,1630,ACI,15.92,0.00%,Consumer Staples,.2485,0.32,$0.97,22.78,15.545,16.47,16.92,17.79,1.0,0.0,0.37,"12,269,953",-100131.01,6649359.67,6402513.69,112.18,-5.63,-3.86,-1.61,19.59,16.04,19.59,17.14,48.0,"7,873 M"
05/12/2026,1630,ADBE,240.83,-2.16%,Information Technology,1.447,5.75,$24.58,422.95,224.13,247.63,249.63,310.09,-3.0,-0.74,-0.55,"3,232,983",200143.41,5641110.4,5707229.43,-54.54,-10.73,-0.97,-6.11,285.47,224.22,-224.22,259.03,21.0,"97,343 M"
05/12/2026,1630,ADYEY,10.68,-0.28%,Financials,2.351,0.23,<empty>,19.94,9.45,11.23,10.68,14.56,-17.0,-0.83,-0.49,"6,072,272",100000.01,1902451.14,2132501.13,1414.25,1.71,-5.9,-3.09,14.62,9.27,-9.27,-10.13,NaN,"33,681 M"
05/12/2026,1630,AFK,28.57,-0.90%,,.7489,0.8,<empty>,30.85,18.0,27.72,26.9,25.55,8.0,0.68,0.7,"96,748",-200043.4,85188.37,80655.47,253.61,8.51,7.0,1.53,31.53,24.36,-24.36,-26.09,NaN,129 M
05/12/2026,1630,AFRM,65.43,-1.53%,Financials,3.5,1.57,$2.37,100.0,42.095,64.78,54.5,67.63,-7.0,-0.89,-0.31,"5,177,515",-100679.39,5426851.78,5950753.46,70.64,41.07,3.59,-2.87,69.06,42.31,-42.31,71.02,74.0,"21,912 M"
05/12/2026,1630,AGCO,118.03,-0.67%,Industrials,1.123,2.14,$7.39,143.78,95.96,117.87,118.49,113.63,-1.0,0.34,-0.55,"625,310",-100144.06,733110.14,755293.66,-19.89,-1.53,2.4,0.27,144.61,108.36,-108.36,123.06,54.0,"8,546 M"
05/12/2026,1630,AHR,51.47,+2.16%,Real Estate,.5645,0.57,$1.77,54.67,33.705,50.13,49.94,46.67,1.0,0.55,0.64,"2,613,000",0.0,2476432.37,2454504.12,28.03,-1.27,2.29,3.77,55.51,47.3,-47.3,-47.14,60.0,"9,919 M"
05/12/2026,1630,AIQUY,41.34,+0.12%,Materials,.7765,1.02,<empty>,44.415,36.169,42.75,41.4,39.93,2.0,-0.23,0.1,"125,209",100100.58,201708.42,265752.36,-10.57,5.3,-2.59,0.44,44.2,38.45,44.2,-41.03,53.0,"119,284 M"
05/12/2026,1630,AKAM,149.56,-2.25%,Information Technology,.5427,20.42,$5.29,156.32,69.78,108.9,108.37,90.14,3.0,1.0,1.0,"6,550,157",100255.03,5364878.18,5514209.93,135.04,41.8,56.72,28.17,121.32,89.2,-89.2,-94.13,60.0,"21,744 M"
05/12/2026,1630,ALB,205.52,-2.13%,Materials,1.384,6.45,$3.47,221.0,53.7,196.55,181.39,134.13,4.0,0.51,0.68,"1,804,753",-100466.04,2086574.14,2197312.22,0.3,25.4,9.96,3.61,216.18,155.36,-155.36,221.03,54.0,"24,238 M"
05/12/2026,1630,ALCO,41.17,+1.28%,Consumer Staples,.9942,0.52,<empty>,45.01,29.23,41.66,41.0,37.06,6.0,0.22,0.29,"32,878",300200.37,30018.2,28788.64,29.55,6.6,-1.79,-0.31,45.23,37.43,45.23,44.16,62.0,315 M
05/12/2026,1630,ALGN,165.79,+0.72%,Health Care,1.785,8.05,$8.11,208.305,122.0,180.11,176.57,157.55,1.0,0.0,0.13,"630,670",-100247.38,1165244.52,1192050.48,-31.64,-0.68,-6.48,-1.54,200.15,162.41,200.15,200.15,54.0,"11,874 M"
05/12/2026,1630,ALLY,42.84,+0.23%,Financials,1.107,0.67,($0.36),47.27,32.5018,44.05,41.08,41.23,-2.0,-0.65,-0.25,"2,795,849",-100133.15,3654643.74,3668241.67,-55.7,16.29,-3.54,-2.17,47.15,36.42,47.15,47.15,45.0,"13,131 M"
05/12/2026,1630,ALNY,292.03,+2.52%,Health Care,.3229,7.32,$4.88,495.55,261.45,304.99,314.75,391.88,1.0,-0.55,0.53,"826,145",100140.09,1133272.6,1183894.53,-17.69,-7.94,-3.34,-1.31,346.56,287.08,346.56,327.17,54.0,"38,990 M"
05/12/2026,1630,AMAT,431.20,-2.80%,Information Technology,1.678,19.42,$7.75,448.45,153.47,404.77,375.64,277.48,-1.0,0.74,-0.79,"9,311,500",-100162.37,6407527.5,6816918.39,76.75,27.85,13.14,5.01,420.12,317.45,-317.45,-377.09,2.0,"342,205 M"
05/12/2026,1630,AMBA,78.19,-1.92%,Information Technology,2.19,5.54,$1.36,96.69,48.3,67.27,58.84,71.14,-1.0,1.0,-0.92,"912,831",-100163.52,813365.71,860576.89,80.07,49.16,22.65,5.28,73.53,48.3,-48.3,-55.16,11.0,"3,424 M"
05/12/2026,1630,AMD,448.29,-2.29%,Information Technology,2.313,50.41,$5.27,469.215,107.6671,346.49,264.68,220.25,-1.0,1.0,-0.95,"39,050,107",400369.05,3.945719745E7,3.868762282E7,-20.39,126.71,38.7,9.75,363.07,188.49,-188.49,-272.16,58.0,"730,982 M"
05/12/2026,1630,AMG,301.53,+0.08%,Financials,1.144,6.45,$37.82,334.78,172.54,297.0,287.24,268.98,-2.0,0.59,-0.55,"285,744",-101047.57,360679.52,395518.0,36.43,11.5,3.1,1.27,335.58,254.27,-254.27,318.07,54.0,"7,964 M"
05/12/2026,1630,AMH,31.57,-1.50%,Real Estate,.8179,0.68,$2.25,38.85,27.215,31.27,29.78,31.85,-5.0,-0.93,-0.36,"6,234,872",100146.52,3211870.06,3814980.0,208.24,10.31,0.29,-2.62,32.06,27.36,-27.36,33.03,55.0,"11,384 M"
05/12/2026,1630,AMLP,54.07,+1.18%,,.5014,0.73,<empty>,54.2499,44.64,52.65,52.62,49.21,1.0,0.62,0.69,"1,298,524",-100016.29,1605394.6,1599918.47,-36.59,3.86,2.74,1.33,54.06,50.61,54.05,54.05,NaN,"12,696 M"
05/12/2026,1630,AMN,29.47,-2.64%,Health Care,.3314,3.57,$18.01,31.65,14.865,22.08,20.35,18.94,4.0,1.0,1.0,"1,604,482",300472.02,1011945.5,1228410.12,186.34,52.06,40.8,31.27,23.47,16.59,-16.59,-20.16,60.0,"1,143 M"
05/12/2026,1630,AMPH,17.50,-5.15%,Health Care,.9009,1.88,$2.88,31.2641,17.03,21.59,20.46,25.06,-3.0,-0.69,-0.38,"1,219,603",-100485.02,564686.35,566968.63,196.88,-3.71,-19.8,-27.17,29.59,17.42,-17.42,24.03,60.0,772 M
05/12/2026,1630,AMZN,265.82,-1.18%,Consumer Discretionary,1.448,5.65,($0.23),278.56,196.0,261.89,233.57,228.88,-6.0,-0.91,-0.38,"36,752,521",-100334.09,4.647520734E7,4.869464315E7,1.91,26.86,2.36,-1.97,276.06,196.59,279.05,279.05,55.0,"2,859,455 M"
05/12/2026,1630,AN,195.36,-2.55%,Consumer Discretionary,.7762,3.95,($2.85),228.9166,176.25,203.81,197.01,206.34,-2.0,-0.66,-0.05,"330,291",-100334.08,419843.54,437177.12,19.97,5.8,-2.79,-4.84,218.07,180.37,218.07,218.07,55.0,"6,545 M"
05/12/2026,1630,AQWA,19.0152,-0.73%,,.9162,0.26,<empty>,20.92,17.96,19.38,19.33,19.5,-1.0,-0.4,-0.42,"6,252",-100124.47,33692.75,36544.1,91.7,-0.5,-2.06,-0.6,21.52,18.37,-18.37,-19.06,NaN,25 M
05/12/2026,1630,AR,36.33,-0.71%,Energy,.4255,1.2,$3.08,45.75,29.1,37.68,39.44,34.96,-6.0,-0.08,-0.54,"4,507,406",0.0,5742081.19,5793624.14,-23.62,-9.96,-5.76,-0.11,46.3,33.59,46.3,40.09,54.0,"11,256 M"
05/12/2026,1630,ARE,46.50,+1.09%,Real Estate,1.164,2.53,$8.24,88.236,39.41,45.27,46.63,59.99,7.0,0.71,0.61,"1,662,217",-200849.11,2399303.77,2463427.08,0.39,-7.46,15.07,2.02,57.62,39.1,-39.1,-39.1,47.0,"8,104 M"
05/12/2026,1630,ARGT,89.79,-0.42%,,.9357,1.23,<empty>,103.9699,66.49,91.88,90.43,86.92,-3.0,-0.29,-0.43,"97,550",100032.09,282178.36,253896.05,-68.31,3.6,-1.57,-2.95,97.61,83.49,-83.49,95.14,NaN,818 M
05/12/2026,1630,ARHS,5.90,-3.59%,Consumer Discretionary,2.335,0.55,<empty>,12.63,5.9,7.31,7.03,9.39,-4.0,-0.45,-0.01,"1,962,787",200457.04,1370558.48,1427131.64,132.06,-12.07,-21.75,-16.61,10.62,6.25,10.62,8.15,59.0,835 M
05/12/2026,1630,ARKK,78.21,-2.27%,,1.988,1.69,<empty>,92.65,55.02,77.55,73.31,77.86,-1.0,-0.91,-0.53,"9,937,367",200150.36,1.01039663E7,1.019739363E7,51.13,10.72,3.66,0.36,81.17,63.3,-63.3,-73.09,NaN,"6,585 M"
05/12/2026,1630,ARQQ,14.40,-4.00%,Information Technology,2.691,0.57,($2.18),62.0,11.52,14.95,14.3,26.52,-3.0,-0.98,-0.57,"505,664",-200218.18,304829.49,286724.82,42.47,2.49,2.2,-6.68,18.62,12.3,-12.3,-13.09,7.0,225 M
05/12/2026,1630,AS,33.56,-2.72%,Consumer Discretionary,1.123,0.96,$0.80,42.76,28.92,35.59,34.48,35.86,-2.0,-0.5,-0.37,"4,077,055",100054.5,4506506.89,4650370.13,47.14,3.74,-3.59,-8.03,43.56,31.36,-31.36,38.17,5.0,"19,526 M"
05/12/2026,1630,ASBFF,25.76,0.00%,Consumer Staples,.437,2.36,<empty>,31.08,23.18,27.04,28.05,25.16,1.0,0.29,0.37,<empty>,NaN,2186.16,2774.45,-72.45,-11.17,-3.38,6.01,31.09,23.04,-23.04,-23.04,NaN,"18,053 M"
05/12/2026,1630,ASO,51.12,-0.81%,Consumer Discretionary,1.029,1.87,$3.32,62.445,39.87,55.28,55.81,53.01,-2.0,-0.19,-0.34,"1,417,914",-300851.4,1477001.94,1432508.09,64.29,-7.89,-6.01,-4.54,62.52,50.39,-50.39,61.17,19.0,"3,298 M"
05/12/2026,1630,ATRO,78.26,+3.26%,Industrials,1.097,3.05,$1.22,83.96,27.2701,74.31,72.0,57.54,1.0,0.44,0.68,"919,920",-200767.37,547027.92,563868.28,57.17,15.34,9.35,0.4,84.5,61.3,-61.3,80.03,0.0,"2,808 M"
05/12/2026,1630,AVB,187.02,-0.13%,Real Estate,.8066,4.92,$11.84,209.86,160.095,179.36,172.95,180.99,-8.0,1.0,-0.69,"845,199",-200124.03,1001326.9,1028676.74,35.03,9.34,1.92,0.66,186.09,160.29,-160.29,-170.17,54.0,"26,017 M"
05/12/2026,1630,AVGO,419.30,-2.13%,Information Technology,1.418,8.21,$6.12,437.68,221.6,414.53,363.05,344.89,-2.0,-0.78,-0.37,"18,997,297",0.0,2.4737856E7,2.383726897E7,-19.85,24.8,4.87,1.63,429.13,290.3,438.04,438.04,15.0,"1,985,246 M"
05/12/2026,1630,AVO,12.63,-0.71%,Consumer Staples,.5939,0.44,$0.54,15.53,10.0,13.57,13.61,12.78,-4.0,-0.18,-0.29,"853,909",-200548.17,979666.97,876418.07,2.79,-4.54,-8.01,-5.04,16.24,12.39,16.24,15.1,16.0,895 M
05/12/2026,1630,AVTR,8.17,+2.51%,Health Care,.9327,0.19,$0.65,15.93,7.265,8.15,8.02,11.03,-2.0,0.75,-0.69,"9,755,456",0.0,9514733.42,1.034215159E7,6.59,3.42,3.94,-1.68,10.62,7.31,-7.31,-7.13,55.0,"5,578 M"
05/12/2026,1630,AWI,159.10,-0.21%,,1.182,6.41,$5.53,206.0799,149.06,170.85,169.21,186.14,-3.0,-0.38,-0.28,"439,065",200132.11,513396.43,536209.16,81.89,-3.56,-6.32,-3.62,206.62,159.3,206.62,183.15,53.0,"6,790 M"
05/12/2026,1630,AXP,314.31,+0.64%,Financials,1.071,2.94,$20.73,387.49,281.465,321.16,311.17,336.34,-4.0,-0.66,-0.33,"2,275,386",100039.37,3473823.78,3709052.13,-47.57,4.11,-0.5,-1.37,370.62,291.36,-291.36,340.17,51.0,"214,462 M"
05/12/2026,1630,AZO,3409.81,-0.52%,Consumer Discretionary,.4041,71.13,$95.97,4388.11,3210.72,3547.63,3510.61,3760.79,-8.0,-0.6,-0.3,"359,956",-100140.01,186833.66,175591.01,56.68,-5.66,-4.3,-4.08,3887.6,3281.36,-3281.36,3730.07,9.0,"56,183 M"
05/12/2026,1630,B,45.85,-2.45%,Materials,-.0828,2.61,$2.27,54.69,17.41,41.36,41.77,38.34,6.0,0.65,1.0,"13,572,227",100647.02,1.327231576E7,1.378100083E7,88.58,3.06,17.05,9.58,51.5,36.36,-36.36,-38.09,62.0,"76,822 M"
05/12/2026,1630,BA,236.87,-0.56%,Industrials,1.217,4.93,($1.82),254.3499,176.77,228.5,217.59,219.66,5.0,0.7,0.56,"7,037,994",100240.15,6861081.27,6543025.01,-55.4,15.68,2.67,2.53,247.6,188.3,-188.3,-219.15,53.0,"186,725 M"
05/12/2026,1630,BABA,134.78,-1.84%,Consumer Discretionary,.478,3.73,$0.52,192.67,103.71,135.48,131.49,148.83,-2.0,-0.71,-0.58,"16,111,153",100241.38,1.104450732E7,1.054393175E7,74.02,0.43,3.0,-4.41,165.62,118.25,-118.25,144.03,1.0,"323,344 M"
05/12/2026,1630,BAC,50.78,+0.45%,Financials,1.198,0.91,$7.63,57.55,42.35,52.8,50.55,51.58,-4.0,-0.6,-0.12,"33,516,045",100043.37,3.75375288E7,3.943957535E7,39.08,7.74,-3.57,-3.73,56.62,46.37,-46.37,55.15,43.0,"360,365 M"
05/12/2026,1630,BALL,57.57,-0.26%,Materials,1.062,1.77,$2.21,68.29,44.83,60.98,61.06,55.2,1.0,-0.04,0.28,"2,177,671",100130.05,2454344.75,2350695.46,-22.31,-6.68,-6.28,-1.44,68.62,57.36,-57.36,-57.05,57.0,"15,328 M"
05/12/2026,1630,BBN,16.01,-0.56%,,.6809,0.05,<empty>,17.45,15.38,16.17,16.12,16.48,-1.0,-0.54,-0.5,"178,134",-100100.05,195834.66,191306.65,114.18,-0.25,-0.37,-0.62,17.51,16.3,-16.3,16.17,NaN,989 M
05/12/2026,1630,BBWI,19.09,-0.37%,Consumer Discretionary,1.446,0.58,$4.16,34.64,14.275,19.33,19.36,22.99,-2.0,-0.72,-0.64,"6,057,848",200559.18,6068060.38,5913629.64,6.01,1.65,-0.88,-1.09,25.59,17.31,-17.31,-18.09,10.0,"3,844 M"
05/12/2026,1630,BBY,57.20,-0.73%,Consumer Discretionary,1.244,1.26,$5.96,84.99,56.68,60.84,62.57,70.05,-2.0,-0.27,-0.46,"2,800,564",100545.33,4215579.39,4354161.91,-42.12,-8.63,-3.23,-2.29,68.48,57.05,-57.05,-57.05,11.0,"12,052 M"
05/12/2026,1630,BCO,105.73,+0.50%,Industrials,1.057,1.9,$13.03,136.37,80.1,108.62,107.58,113.82,-2.0,-0.66,-0.51,"794,168",101129.51,505594.57,524133.3,21.8,-1.46,-2.74,-1.87,136.52,96.36,-96.36,-103.04,58.0,"4,354 M"
05/12/2026,1630,BDRY,13.29,+5.06%,,.7179,0.58,<empty>,13.34,5.03,11.73,10.99,9.43,2.0,0.82,0.82,"123,643",500157.46,188166.36,167004.03,257.48,27.79,16.07,9.83,13.5,10.3,-10.3,-11.12,NaN,44 M
05/12/2026,1630,BEAM,31.58,-0.54%,Health Care,2.157,1.41,<empty>,36.44,15.35,30.59,27.53,25.38,-2.0,-0.78,-0.51,"1,438,557",-201095.13,2104646.34,2060197.08,-13.61,23.41,3.34,0.35,34.53,22.3,-22.3,-27.12,57.0,"3,249 M"
05/12/2026,1630,BEPC,36.93,-1.07%,Utilities,1.137,2.11,($1.86),45.18,27.72,38.95,39.92,38.92,6.0,0.07,0.55,"1,491,475",-200342.08,1575298.99,1455117.7,-3.53,-9.13,-8.23,-0.59,45.59,34.06,-34.06,-34.06,55.0,"6,735 M"
05/12/2026,1630,BIDU,139.94,-4.01%,Communication Services,.4652,7.93,($6.89),165.3,81.17,129.25,121.23,122.72,-1.0,0.81,-0.84,"3,115,432",-100464.03,2193609.12,2214448.83,231.63,13.62,11.28,0.05,148.62,106.3,-106.3,-119.09,4.0,"47,615 M"
05/12/2026,1630,BIO,241.71,-0.85%,Health Care,1.08,15.13,$13.21,343.12,211.43,275.74,274.51,292.35,-2.0,-0.07,-0.04,"277,685",-100242.08,325184.73,331770.3,19.41,-7.68,-13.47,-6.07,313.15,242.07,313.15,313.15,55.0,"6,469 M"
05/12/2026,1630,BIP,38.07,+1.68%,Utilities,1.044,0.83,($2.86),40.32,29.63,36.37,36.62,34.74,9.0,0.52,0.83,"809,246",-100328.1,1046839.44,995505.25,50.47,0.53,7.66,2.98,40.5,33.09,-33.09,-33.09,54.0,"17,512 M"
05/12/2026,1630,BIRK,37.95,-3.07%,Consumer Discretionary,1.055,0.97,$1.67,59.5,33.06,39.11,37.75,42.25,-1.0,-0.6,-0.34,"2,388,822",0.0,2064781.17,2236290.91,-12.24,5.04,-2.92,-2.79,43.15,33.36,43.15,-37.05,1.0,"6,979 M"
05/12/2026,1630,BITO,11.04,-1.43%,,1.733,0.28,<empty>,23.63,8.61,10.71,10.09,14.43,-1.0,-1.0,-0.66,"123,057,463",-300146.05,1.1760803817E8,1.0962236019E8,23.64,13.81,5.54,0.73,11.06,9.54,-9.54,-10.16,NaN,"1,933 M"
05/12/2026,1630,BJ,92.01,+0.99%,Consumer Staples,1.5,1.48,$2.50,120.08,86.68,93.35,95.31,95.53,-3.0,-0.21,-0.47,"1,671,259",100635.48,1962106.78,1878460.62,18.99,-6.85,-0.2,-2.46,106.59,90.22,-90.22,-91.09,7.0,"11,749 M"
05/12/2026,1630,BJRI,41.42,-1.64%,Consumer Discretionary,1.255,1.9,$3.71,47.02,28.46,38.87,37.07,36.77,-1.0,0.81,-0.91,"286,538",100943.05,383631.89,384439.73,-20.5,22.8,11.02,1.32,44.58,33.41,-33.41,-36.06,55.0,871 M
05/12/2026,1630,BK,133.44,+0.72%,Financials,1.053,1.38,$1.83,139.1499,86.97,133.7,125.03,114.75,2.0,-0.48,0.1,"2,924,207",-100126.18,3680710.67,3780605.68,-12.74,13.93,-0.07,2.1,139.15,112.45,139.15,-130.02,44.0,"91,590 M"
05/12/2026,1630,BKNG,160.56,+1.75%,Consumer Discretionary,-1.285,6.1,$11.24,233.576544,150.618,175.08,173.86,198.25,1.0,-0.51,0.26,"6,892,159",200140.52,8116680.64,1.023859895E7,-26.48,-4.83,-7.39,-6.26,194.15,151.55,194.15,194.15,54.0,"124,414 M"
05/12/2026,1630,BKV,28.32,-0.07%,Energy,1.063,1.41,($4.94),32.81,19.56,29.16,29.01,26.05,-6.0,-0.38,-0.22,"561,321",-100056.37,1091588.63,1017893.7,-21.96,0.96,-6.41,-2.18,33.5,26.19,-26.19,32.05,63.0,"3,098 M"
05/12/2026,1630,BLDR,72.78,-2.80%,Industrials,1.456,6.24,$7.80,151.03,72.1,82.92,85.05,111.4,-2.0,-0.31,-0.27,"3,134,097",-300562.09,2527530.27,2508979.57,107.17,-15.96,-17.41,-8.35,130.61,73.05,130.61,95.15,54.0,"7,828 M"
05/12/2026,1630,BLK,1092.50,+1.03%,Financials,1.468,15.4,$23.68,1219.9399,917.39,1057.61,1008.61,1080.56,3.0,1.0,0.59,"484,452",100341.46,808345.44,810687.8,-12.07,18.38,4.07,2.32,1108.55,917.42,-917.42,-1031.09,44.0,"169,593 M"
05/12/2026,1630,BLMN,8.32,-0.60%,Consumer Discretionary,1.125,1.06,$1.40,10.7,5.19,6.72,6.16,6.81,5.0,1.0,1.0,"2,715,226",101578.05,3040017.39,3063493.36,64.23,52.94,37.98,4.65,7.62,5.3,-5.3,-6.06,58.0,712 M
05/12/2026,1630,BLOK,64.02,-1.75%,,1,2.53,<empty>,75.89,45.53,61.18,55.97,60.36,-1.0,-1.0,-0.64,"520,107",100134.2,310789.93,331567.76,202.34,23.09,8.97,0.31,62.06,47.3,-47.3,-57.09,NaN,"1,287 M"
05/12/2026,1630,BNDD,97.0403,-0.68%,,.4809,0.32,<empty>,102.28,94.64,97.69,98.2,98.3,-2.0,-0.5,-0.35,6,-100020.15,382.01,435.31,-99.82,-1.93,-0.8,-0.81,100.45,97.51,100.45,99.15,NaN,9.7 M
05/12/2026,1630,BNO,56.89,+3.40%,,.0071,2.49,<empty>,60.81,26.59,53.45,50.4,35.12,1.0,0.44,0.4,"2,662,640",-400395.36,7204437.82,6038013.8,-21.2,17.91,3.36,6.0,61.06,32.59,61.06,61.06,NaN,890 M
05/12/2026,1630,BOOT,144.80,-5.42%,Consumer Discretionary,1.671,7.36,$2.93,210.25,132.84,164.27,161.69,178.24,-4.0,-0.59,-0.2,"1,537,341",-200269.01,676117.65,628373.72,178.58,-13.47,-14.29,-11.37,204.52,133.27,-133.27,174.03,2.0,"4,405 M"
05/12/2026,1630,BP,44.40,+0.41%,Energy,.1836,1.26,$0.74,48.27,28.41,45.75,44.83,37.71,2.0,-0.12,0.07,"4,594,482",-200239.29,1.522836428E7,1.422823535E7,-32.56,5.31,-4.21,1.35,48.29,37.61,48.29,-43.02,57.0,"114,330 M"
05/12/2026,1630,BRBR,9.48,+0.85%,Consumer Staples,.5363,3.41,$1.53,67.0,9.215,14.77,15.8,27.61,1.0,-0.24,0.01,"3,791,517",100988.05,4290151.95,4104286.15,64.9,-43.34,-44.0,-9.37,19.56,9.05,-9.05,-9.05,56.0,"1,102 M"
05/12/2026,1630,BRCB,10.97,-0.18%,Consumer Discretionary,2.29,0.62,<empty>,30.4,10.62,12.67,13.99,NaN,1.0,-0.52,0.33,"349,732",100785.49,461116.05,487917.61,-12.63,-32.41,-10.3,-4.28,18.39,11.05,18.39,15.17,0.0,198 M
05/12/2026,1630,BRKR,44.73,+3.37%,Health Care,1.157,3.57,$0.01,56.22,28.53,39.3,37.42,39.58,9.0,0.76,1.0,"1,917,312",0.0,2077578.32,2237139.89,34.29,27.62,23.36,2.29,43.15,32.4,-32.4,-34.09,57.0,"6,809 M"
05/12/2026,1630,BROS,50.68,-0.88%,Consumer Discretionary,2.235,2.47,$0.72,77.88,44.58,54.79,52.83,57.21,-4.0,-0.56,-0.08,"4,971,590",-100158.04,4278368.92,4866942.37,25.01,5.21,-8.49,-5.34,60.6,45.31,-45.31,60.04,59.0,"6,953 M"
05/12/2026,1630,BTAL,12.02,+1.26%,,-.6257,0.26,<empty>,19.59,11.81,12.38,13.32,14.67,1.0,0.1,0.52,"708,553",-300160.15,1059622.07,1031792.01,-83.39,-16.3,-4.98,-1.48,15.45,12.03,15.45,-12.03,NaN,294 M
05/12/2026,1630,BTC,35.74,-1.38%,,1.472,0.94,<empty>,55.96,27.545,34.58,32.5,41.01,-1.0,-1.0,-0.7,"1,031,021",100452.54,2995374.08,3628446.77,-40.28,14.62,5.83,0.82,36.06,28.54,-28.54,-33.16,NaN,"4,283 M"
05/12/2026,1630,BTC-USD,-60.37,-3.85%,,4.865,7.12,<empty>,23.4124,-64.7482,-45.33,-31.21,-13.47,1.0,0.0,0.15,"1,031,021",-100064.25,893011.23,870584.29,37.54,177.56,36.43,16.45,-11.7,-55.97,-12.01,-35.01,NaN,"-1,822 M"
05/12/2026,1630,BTI,63.64,+5.29%,Consumer Staples,.3249,1.58,$3.49,63.68,40.12,58.07,58.52,56.78,2.0,0.64,1.0,"7,466,238",100330.01,4477911.13,4765570.88,93.0,6.26,8.84,9.57,63.53,55.15,-55.15,-55.15,54.0,"137,658 M"
05/12/2026,1630,BUD,79.81,-0.06%,Consumer Staples,.5665,3.42,$5.66,82.9099,56.97,75.95,73.51,66.76,-3.0,0.73,-0.82,"1,249,861",100127.06,2045751.02,2187022.46,-9.93,10.94,7.24,-0.55,82.61,67.36,83.04,83.04,54.0,"154,582 M"
05/12/2026,1630,BULL,7.02,-0.71%,Financials,2.727,0.16,$1.41,18.32,4.5,6.99,5.94,9.4,-5.0,-0.92,-0.26,"7,947,423",-100694.16,1.318769252E7,1.207586079E7,-55.3,32.7,-1.13,-2.64,8.15,5.27,8.15,8.15,7.0,"3,733 M"
05/12/2026,1630,BURL,288.86,-1.15%,Consumer Discretionary,1.421,12.27,$2.72,351.85,218.52,322.24,319.01,291.07,-4.0,0.0,-0.03,"820,503",200042.46,752815.03,755765.6,50.92,-1.42,-10.11,-5.79,352.16,288.45,352.16,352.16,11.0,"18,149 M"
05/12/2026,1630,BUXX,20.22,-0.10%,,.0005,0.03,<empty>,20.46,20.18,20.25,20.26,20.3,3.0,-0.1,0.45,"323,158",-100000.35,461864.19,417607.72,-28.11,-0.22,-0.32,0.05,20.55,20.3,-20.3,-20.09,NaN,469 M
05/12/2026,1630,BXP,59.01,+0.12%,Real Estate,1.076,0.79,$7.52,79.33,49.72,58.35,55.08,65.61,-4.0,-0.98,-0.38,"1,178,844",-100443.52,2133040.94,2549708.0,-28.37,11.91,-0.25,-0.76,67.62,50.45,-50.45,61.03,53.0,"9,411 M"
05/12/2026,1630,BYD,82.21,-0.65%,Consumer Discretionary,1.134,1.93,$2.46,89.96,72.01,85.68,83.99,83.86,-2.0,-0.29,-0.21,"932,743",100230.13,971753.47,963935.37,7.92,1.12,-5.35,-3.55,89.13,77.45,89.13,-80.12,50.0,"6,111 M"
05/12/2026,1630,BYDDF,12.80,-1.62%,Consumer Discretionary,.2007,0.25,<empty>,20.50333333333334,11.2,13.41,13.18,13.19,2.0,-0.29,0.27,"215,765",-200100.03,209871.88,193245.05,87.66,3.39,-3.55,-1.58,15.21,12.46,15.21,-12.03,NaN,"116,700 M"
05/12/2026,1630,C,126.44,+0.47%,Financials,1.111,1.17,($20.72),135.29,71.65,128.65,119.27,108.54,1.0,-0.51,0.12,"9,936,990",-200048.37,1.370459931E7,1.408869599E7,-4.81,19.85,-1.63,-2.05,135.15,102.45,135.15,135.15,43.0,"215,653 M"
05/12/2026,1630,CACC,526.72,+0.95%,Financials,1.373,10.94,$94.71,565.14,401.9,518.08,482.97,477.49,-2.0,-0.87,-0.35,"188,479",200644.48,183727.32,194834.34,83.01,6.62,1.92,0.74,543.15,405.28,565.04,565.04,55.0,"5,510 M"
05/12/2026,1630,CAG,14.00,+0.50%,Consumer Staples,-.0162,0.16,$1.76,23.37,13.605,14.28,15.44,17.54,-2.0,0.32,-0.7,"12,674,264",-600437.22,1.515580129E7,1.473441971E7,3.2,-13.42,-1.89,-2.51,20.61,14.05,-14.05,-14.05,39.0,"6,698 M"
05/12/2026,1630,CAH,182.56,+0.03%,Health Care,.5026,8.02,$18.48,233.6,137.75,198.93,208.03,190.35,1.0,0.0,0.31,"2,321,979",-300031.05,1931229.94,1827499.43,-7.8,-16.67,-11.21,-1.47,234.5,185.03,234.5,215.16,67.0,"42,757 M"
05/12/2026,1630,CAKE,60.75,-0.69%,Consumer Discretionary,1.017,1.02,$3.68,69.7,43.07,61.58,59.59,56.79,-1.0,-0.56,-0.44,"774,441",-100339.09,1231934.29,1341053.98,-47.65,7.33,-3.08,-0.08,67.52,53.31,-53.31,-59.03,53.0,"3,018 M"
05/12/2026,1630,CAMT,174.625,-15.83%,Information Technology,1.601,9.47,<empty>,215.99,62.88,189.9,173.57,129.26,-1.0,-0.79,-0.4,"1,401,118",-100974.01,439309.84,477923.13,527.97,14.47,-3.27,-9.56,210.12,141.29,-141.29,216.01,0.0,"8,129 M"
05/12/2026,1630,CANE,10.07,+0.20%,,-.0292,0.29,<empty>,11.92,8.97,9.65,9.81,9.91,-5.0,0.57,-0.76,"375,174",100142.07,736218.99,603519.72,67.84,3.39,5.33,2.76,11.32,9.61,11.32,10.05,NaN,85 M
05/12/2026,1630,CARR,65.56,-0.49%,Industrials,1.36,2.5,$2.00,81.09,50.24,63.5,60.36,59.73,-4.0,-0.79,-0.52,"3,907,529",100542.09,6892864.92,6642346.11,-10.1,16.06,5.74,-2.47,69.08,54.3,69.08,69.08,53.0,"54,453 M"
05/12/2026,1630,CASY,867.19,-1.13%,Consumer Staples,.6421,32.64,$17.98,879.2525,430.0,810.39,745.62,610.04,-1.0,-1.0,-0.65,"475,078",300129.25,607878.64,576887.42,66.1,28.7,10.52,1.91,858.06,627.45,-627.45,-735.17,18.0,"32,051 M"
05/12/2026,1630,CAT,912.14,-1.58%,Industrials,1.568,39.78,$16.91,931.35,336.2409,849.3,771.13,607.97,-1.0,-0.99,-0.72,"2,348,122",100439.09,2517183.79,2651794.45,44.2,30.18,11.53,1.84,905.07,663.45,-663.45,931.03,57.0,"420,124 M"
05/12/2026,1630,CAVA,77.18,-3.51%,Consumer Discretionary,1.88,5.69,$0.23,101.5,43.41,90.23,85.63,69.22,-15.0,-0.35,0.0,"3,557,700",100955.54,2827604.78,3229746.65,19.92,-3.95,-15.22,-8.63,99.15,61.59,99.15,99.15,5.0,"8,985 M"
05/12/2026,1630,CBRL,29.74,-5.20%,Consumer Discretionary,1.273,0.83,($0.96),71.93,24.85,30.41,29.23,36.35,-1.0,-0.76,-0.32,"928,678",0.0,1109514.02,1092785.93,54.01,8.03,-3.35,-4.53,35.47,26.31,-26.31,32.02,16.0,665 M
05/12/2026,1630,CCK,100.08,-0.30%,Materials,.6558,1.23,$8.72,116.62,89.21,101.53,103.17,101.2,8.0,0.29,0.61,"1,341,873",-100134.11,1138208.28,1109734.08,96.17,-3.89,-0.09,-1.0,117.54,97.3,-97.3,-97.1,47.0,"11,184 M"
05/12/2026,1630,CCL,24.85,-2.32%,Consumer Discretionary,2.318,0.72,$2.25,34.03,21.6217,26.85,26.31,28.74,-3.0,-0.48,-0.41,"30,757,975",100058.06,2.98675071E7,2.782836993E7,77.18,3.89,-5.51,-7.96,34.61,23.45,-23.45,30.17,29.0,"34,421 M"
05/12/2026,1630,CCRN,13.12,0.00%,Health Care,.4465,1.32,$1.22,14.99,7.43,10.74,10.0,10.8,4.0,1.0,1.0,"1,424,370",200306.04,629100.63,587794.25,467.03,36.38,28.63,0.23,11.06,8.61,-8.61,13.02,59.0,407 M
05/12/2026,1630,CELH,29.61,-3.36%,Consumer Staples,.973,1.32,$0.96,66.74,28.77,33.3,36.94,48.13,-3.0,-0.48,-0.58,"10,376,835",-100171.02,7714624.33,7420090.89,118.01,-32.21,-9.23,-13.57,59.52,32.04,59.52,36.17,61.0,"7,570 M"
05/12/2026,1630,CF,130.39,+4.75%,Materials,.4549,3.86,$10.23,141.96,75.415,122.32,123.11,95.32,2.0,0.25,0.5,"3,626,304",-100164.37,5220482.48,4673360.62,39.24,-4.13,6.61,9.87,142.3,92.6,142.3,-110.17,59.0,"20,032 M"
05/12/2026,1630,CFG,61.95,-0.34%,Financials,.9987,1.03,$5.50,68.79,38.796,64.42,61.51,56.83,-4.0,-0.52,-0.2,"4,120,369",-300128.18,4774737.04,4913177.77,-31.1,8.8,-4.68,-3.53,69.62,55.41,-55.41,67.15,45.0,"26,198 M"
05/12/2026,1630,CFLT,30.99,0.00%,Information Technology,.9658,0.09,$0.11,31.0,15.64,30.72,30.56,24.82,1.0,0.14,0.28,<empty>,-300008.27,1.344598214E7,1.260758761E7,68.88,1.87,0.94,0.91,31.08,30.57,-30.57,-31.11,32.0,"11,134 M"
05/12/2026,1630,CFRUY,19.81,+0.23%,Consumer Discretionary,1.256,0.6,$7.78,22.15,15.58,19.44,18.56,19.32,-2.0,0.87,-0.55,"338,458",-100100.43,626197.96,634025.95,9.24,10.49,5.2,-1.22,21.54,16.36,-16.36,-18.09,8.0,"116,471 M"
05/12/2026,1630,CG,50.04,+1.17%,Financials,1.896,1.13,($11.89),69.848,43.19,50.16,48.82,56.92,-2.0,0.59,-0.5,"2,862,292",-100247.04,3380613.66,3422347.04,-8.26,10.44,4.86,2.1,58.62,45.42,-45.42,-47.1,59.0,"18,013 M"
05/12/2026,1630,CHD,93.51,+3.08%,Consumer Staples,.4774,1.69,$4.44,106.04,81.33,94.65,95.71,91.58,1.0,0.2,0.46,"2,582,967",-100225.08,2069359.97,2045682.1,41.2,-5.7,-3.68,-0.39,106.54,91.05,106.54,101.07,55.0,"22,157 M"
05/12/2026,1630,CHDN,86.58,+0.48%,Consumer Discretionary,.6946,5.64,$5.38,118.455,80.24,93.83,89.94,98.88,-11.0,-0.44,0.0,"928,050",300238.13,1052594.21,1056958.64,-26.02,2.97,-13.0,-2.55,103.12,80.45,103.12,103.12,54.0,"6,034 M"
05/12/2026,1630,CHEF,80.00,-0.86%,Consumer Staples,2.156,6.42,$2.09,82.8112,53.2,72.16,65.91,63.38,-6.0,-0.99,-0.72,"497,127",101441.1,491346.64,487629.38,36.3,25.06,24.53,-0.42,79.08,57.27,-57.27,83.02,53.0,"3,262 M"
05/12/2026,1630,CHH,105.59,+1.30%,Consumer Discretionary,.659,7.99,$2.18,136.45,84.035,111.88,106.3,105.44,6.0,-0.22,0.35,"601,920",100138.08,629440.22,626407.71,22.17,10.23,-11.97,-0.88,124.15,94.43,124.15,-97.06,58.0,"4,804 M"
05/12/2026,1630,CHPT,6.23,-2.81%,Industrials,1.773,0.25,($2.86),17.78,4.44,6.48,5.8,8.24,-1.0,-0.79,-0.28,"361,996",100597.21,491920.99,471029.5,-50.78,16.01,-6.46,1.14,7.14,4.3,7.14,-6.02,15.0,152 M
05/12/2026,1630,CHRD,142.01,+1.39%,Energy,.4449,4.51,$8.77,150.5,84.245,138.16,134.12,106.98,1.0,-0.35,0.49,"667,405",500347.25,1081958.91,1056329.74,19.69,15.47,1.27,3.09,150.06,97.59,151.05,151.05,59.0,"7,995 M"
05/12/2026,1630,CHTR,147.92,+0.09%,Communication Services,.776,22.44,$30.73,437.06,146.0,188.9,207.77,228.25,8.0,0.0,0.33,"2,546,431",100450.09,2492005.28,2304411.89,57.88,-31.23,-14.55,-7.69,254.13,156.03,254.13,254.13,51.0,"18,192 M"
05/12/2026,1630,CHWY,22.90,+1.82%,Consumer Discretionary,1.498,1.16,$1.36,48.62,22.45,25.52,25.58,32.18,1.0,-0.5,0.19,"8,986,181",100256.34,8372412.04,8334546.65,43.71,-6.91,-10.51,-3.25,29.15,23.34,29.15,29.15,20.0,"9,542 M"
05/12/2026,1630,CI,298.49,+3.26%,Health Care,.2785,6.25,$28.94,338.8899,239.51,282.01,274.61,281.71,4.0,1.0,0.79,"2,291,517",-100036.37,1699751.14,1670499.87,68.75,12.26,4.76,5.09,297.59,258.3,-258.3,-272.12,54.0,"78,960 M"
05/12/2026,1630,CLOX,25.55,+0.10%,,.1085,0.04,<empty>,25.71,25.35,25.55,25.5,25.54,1.0,-0.74,0.39,"89,409",-300000.36,212670.75,209938.56,-29.0,0.79,-0.16,0.06,26.08,25.42,26.08,-25.06,NaN,284 M
05/12/2026,1630,CLOZ,26.40,+0.02%,,.1305,0.06,<empty>,26.96,25.23,26.24,25.87,26.46,-9.0,-0.95,-0.61,"643,578",-200100.52,408948.15,547437.73,-16.15,3.04,0.19,0.19,27.62,25.48,-25.48,26.07,NaN,644 M
05/12/2026,1630,CLX,89.11,+0.24%,Consumer Staples,.5667,4.28,$3.11,138.0346,84.7,95.07,102.74,111.79,5.0,0.07,0.57,"2,588,057",-200134.07,2814676.7,2623602.94,6.56,-18.04,-7.75,-3.26,129.52,85.05,-85.05,-85.05,55.0,"10,775 M"
05/12/2026,1630,CMCSA,24.90,-0.52%,Communication Services,.7263,1.57,$4.84,34.3580131208997,24.1330834114339,27.62,28.65,28.77,-6.0,0.0,-0.09,"33,689,329",100040.37,3.312368929E7,3.177693958E7,33.57,-17.44,-9.91,-5.11,33.61,26.03,33.61,32.13,54.0,"88,948 M"
05/12/2026,1630,CMG,32.67,+2.35%,Consumer Discretionary,.9997,0.7,$1.14,58.42,29.75,33.76,33.73,37.3,1.0,0.53,0.3,"13,449,921",-100343.09,1.622991267E7,1.626482461E7,-14.88,0.34,-0.61,-1.8,39.58,31.3,-31.3,37.15,54.0,"41,907 M"
05/12/2026,1630,CMI,704.56,+0.27%,Industrials,1.228,22.34,$19.34,718.08,307.905,657.88,597.15,506.02,2.0,1.0,0.53,"931,632",-100137.06,846705.33,872093.02,5.26,30.78,9.67,3.17,675.08,510.3,-510.3,718.03,57.0,"97,222 M"
05/12/2026,1630,CNA,43.33,+0.46%,Financials,.3379,2.31,$7.98,50.72,42.77,46.54,46.64,46.79,2.0,0.0,0.06,"582,416",-100846.07,471613.2,498434.2,9.53,-6.88,-11.06,-0.89,50.56,43.05,-43.05,-43.05,56.0,"11,722 M"
05/12/2026,1630,CNC,59.31,+5.23%,Health Care,.9443,5.48,$14.45,62.205,25.075,47.83,40.98,37.7,1.0,1.0,0.68,"9,426,626",200750.1,6944691.97,6529129.45,109.12,71.56,19.65,7.88,55.09,32.3,-32.3,-38.17,53.0,"29,287 M"
05/12/2026,1630,CNH,10.74,-2.10%,,1.59,0.31,($0.37),14.27,9.0,10.55,10.79,10.89,-1.0,0.38,-0.82,"23,485,562",100449.09,1.670902958E7,1.668803765E7,119.11,-0.09,6.97,-0.92,13.59,10.37,-10.37,-10.09,54.0,"13,317 M"
05/12/2026,1630,CNX,35.79,-0.89%,Energy,.642,1.29,$3.98,43.62,27.72,37.97,39.4,35.75,2.0,0.0,0.3,"1,946,429",-100043.37,2121550.43,2212833.57,27.51,-12.94,-8.63,-0.36,44.46,36.03,44.46,40.09,50.0,"5,063 M"
05/12/2026,1630,COAL,25.35,-1.36%,,.852,0.31,<empty>,29.1,16.5903,25.56,26.32,23.73,-1.0,-0.14,-0.56,"33,529",-200246.19,205320.05,168977.97,-36.44,-6.25,-1.17,-0.55,29.3,24.51,29.3,26.07,NaN,68 M
05/12/2026,1630,COCO,74.61,+2.97%,Consumer Staples,.7131,8.83,$1.13,75.635,31.79,58.96,55.13,48.21,-6.0,1.0,-0.82,"2,009,044",-100262.09,1526367.66,1519045.43,172.55,28.66,44.51,9.39,70.08,45.29,-45.29,-46.16,53.0,"4,261 M"
05/12/2026,1630,COF,183.71,-0.12%,Financials,1.043,3.38,$45.02,259.635,174.98,194.44,189.15,213.5,-3.0,-0.47,-0.33,"5,540,122",0.0,4773770.64,4995814.42,-9.94,3.53,-4.37,-4.61,224.62,175.31,-175.31,211.17,48.0,"114,321 M"
05/12/2026,1630,COIN,207.64,-4.14%,Financials,3.228,8.16,$6.68,444.645,139.36,199.11,191.49,257.02,3.0,1.0,0.6,"9,510,217",200776.49,1.109381642E7,1.196103808E7,-21.38,7.46,6.98,7.61,216.17,139.61,-139.61,-178.09,55.0,"54,705 M"
05/12/2026,1630,COM,35.41,+1.14%,,.0035,0.43,<empty>,35.41,27.4615,34.13,33.62,30.46,3.0,0.6,0.7,"146,968",200018.29,207829.8,176272.21,48.3,4.18,3.72,3.48,35.06,31.59,-31.59,-33.17,NaN,280 M
05/12/2026,1630,COP,117.87,+2.01%,Energy,.177,4.27,$4.72,135.87,84.28,120.72,122.94,102.29,1.0,0.0,0.4,"6,874,168",100039.37,1.00516081E7,9714693.83,4.75,-1.99,-5.19,2.6,136.3,108.59,136.3,128.09,59.0,"143,600 M"
05/12/2026,1630,COPJ,46.61,+3.72%,,1.228,1.89,<empty>,53.945,19.7,42.61,41.18,37.44,5.0,0.59,0.76,"237,964",0.0,139976.61,148102.82,149.68,11.43,13.38,10.24,49.5,34.36,-34.36,-39.05,NaN,182 M
05/12/2026,1630,COPX,90.77,+3.63%,,1.082,3.91,<empty>,99.99,39.04,82.95,80.24,69.09,6.0,0.58,0.78,"10,477,358",100453.01,4401398.39,4443173.18,272.79,13.83,15.35,9.88,97.53,68.36,-68.36,-77.06,NaN,"7,869 M"
05/12/2026,1630,CORN,18.93,+0.91%,,-.0812,0.25,<empty>,19.125,16.61,18.5,18.38,17.77,2.0,0.73,0.61,"611,272",-200124.23,1129113.87,900296.33,11.64,1.83,0.85,2.66,19.06,17.62,19.06,19.06,NaN,293 M
05/12/2026,1630,COST,1021.88,+2.24%,Consumer Staples,.9029,8.52,$20.49,1067.08,844.06,1004.44,998.92,952.87,1.0,0.48,0.36,"2,142,857",0.0,1792321.25,1848613.54,76.34,1.85,2.8,0.97,1036.23,960.46,1036.23,1031.07,11.0,"453,360 M"
05/12/2026,1630,CP,85.82,+1.24%,Industrials,1.09,1.26,$1.62,89.415,68.421,84.41,82.39,76.98,1.0,-0.53,0.48,"2,618,919",-200328.1,2771211.91,2884121.4,33.88,5.73,-1.07,0.7,89.5,76.29,-76.29,88.11,54.0,"76,186 M"
05/12/2026,1630,CPAY,338.34,-0.95%,Financials,.8476,13.7,$18.87,361.99,252.84,320.48,311.33,308.32,5.0,0.81,0.75,"577,571",0.0,598026.88,637512.07,49.52,5.22,8.59,10.66,358.62,281.36,-281.36,-298.04,59.0,"22,115 M"
05/12/2026,1630,CPER,40.44,+2.67%,,.4879,1.31,<empty>,40.46,27.08,37.17,35.76,33.0,6.0,0.85,0.85,"1,630,291",0.0,830165.4,852189.39,186.35,13.69,11.59,8.27,38.14,32.36,-32.36,-35.06,NaN,783 M
05/12/2026,1630,CPNG,15.90,-1.43%,Consumer Discretionary,1.184,1.79,$0.16,34.075,15.9,19.74,19.43,24.86,-5.0,-0.38,0.0,"22,537,068",-100247.05,2.173591323E7,2.31060206E7,-40.57,-14.24,-21.83,-7.67,22.17,17.04,22.17,22.17,58.0,"28,542 M"
05/12/2026,1630,CPRI,17.34,-1.70%,Consumer Discretionary,1.478,0.99,($1.12),28.265,16.22,19.62,18.93,21.37,-4.0,-0.34,-0.24,"2,532,473",0.0,2709674.24,2786974.38,25.97,-5.19,-12.6,-7.22,22.56,17.3,-17.3,22.15,10.0,"2,066 M"
05/12/2026,1630,CPT,105.23,+0.30%,Real Estate,.8293,1.29,$7.67,119.89,96.53,103.6,102.18,105.45,2.0,0.81,0.62,"756,022",-300026.04,1151315.01,1135278.17,-31.9,3.43,-0.66,1.11,113.62,97.31,-97.31,107.09,55.0,"10,427 M"
05/12/2026,1630,CRCL,123.65,-6.16%,Information Technology,2.843,12.61,$2.98,298.99,49.9,106.95,106.34,106.17,-1.0,0.71,-0.74,"29,446,312",101206.02,1.741881422E7,1.743937669E7,112.41,8.29,31.05,9.18,137.39,55.61,-55.61,-90.08,62.0,"30,736 M"
05/12/2026,1630,CRI,33.32,+1.80%,Consumer Discretionary,.8575,1.92,$3.58,44.44,23.3805,36.35,35.5,32.65,-2.0,-0.12,-0.39,"885,186",-100252.37,1191679.65,1265140.08,-8.13,-3.81,-11.31,-6.8,44.56,32.45,-32.45,41.15,51.0,"1,228 M"
05/12/2026,1630,CRM,171.31,-3.48%,Information Technology,1.126,4.49,$15.16,296.05,163.52,181.46,185.49,225.67,-3.0,-0.66,-0.52,"10,211,410",300345.43,1.318864338E7,1.360426118E7,-29.9,-14.04,-5.52,-8.07,205.42,164.22,-164.22,194.15,10.0,"140,141 M"
05/12/2026,1630,CRSP,52.83,-2.18%,Health Care,1.52,1.75,($4.61),78.48,34.87,53.85,51.93,56.08,-1.0,-0.74,-0.48,"972,008",-200465.44,1972417.26,1896141.54,-31.9,8.1,1.48,0.78,62.52,44.3,-44.3,-49.12,62.0,"5,095 M"
05/12/2026,1630,CRWD,546.18,+0.72%,Information Technology,1.037,35.28,$4.95,566.9,342.72,464.77,432.31,458.79,4.0,1.0,1.0,"3,544,471",-200456.23,3624936.63,3975473.63,22.55,23.7,20.04,8.0,472.06,343.55,-343.55,-417.16,15.0,"139,023 M"
05/12/2026,1630,CSCO,99.29,+0.58%,Information Technology,.9189,3.7,$3.09,99.93,60.845,90.56,84.0,75.99,3.0,1.0,0.8,"28,801,119",-100135.37,2.112376485E7,2.280356829E7,69.56,27.72,14.31,7.74,93.06,73.6,-73.6,-85.17,1.0,"392,185 M"
05/12/2026,1630,CSX,44.53,-0.47%,Industrials,1.227,0.47,$1.02,46.55,30.17,44.49,42.16,37.6,-4.0,-0.68,-0.38,"21,916,323",-100025.01,1.284457984E7,1.27749355E7,48.78,13.54,-1.55,0.16,47.13,38.36,47.13,47.13,54.0,"82,743 M"
05/12/2026,1630,CTA,31.99,+2.27%,,-.2538,0.81,<empty>,32.7099,26.36,30.78,30.32,28.42,1.0,0.75,0.42,"889,234",200033.28,860750.45,744244.78,77.48,4.92,2.01,3.73,33.06,28.17,33.06,33.06,NaN,"1,693 M"
05/12/2026,1630,CUBE,40.94,+0.29%,Real Estate,1.129,0.61,$2.67,44.13,35.09,39.8,38.86,38.82,5.0,0.84,0.62,"2,219,866",-200031.4,2364766.11,2458280.76,-7.64,7.14,3.38,1.71,42.5,36.33,-36.33,-39.1,55.0,"9,269 M"
05/12/2026,1630,CURB,27.70,-1.00%,Real Estate,.5568,0.39,$1.15,28.94,21.62,27.75,27.09,24.42,-1.0,-0.36,-0.5,"606,475",0.0,767981.65,865903.38,-33.92,3.71,-3.69,0.51,29.1,25.61,29.1,29.1,53.0,"2,923 M"
05/12/2026,1630,CVNA,73.72,-3.29%,Consumer Discretionary,1.96,2.45,$1.06,97.378,54.464,78.25,69.05,73.93,-3.0,-0.6,-0.22,"7,870,349",-100384.58,1.372299218E7,1.678276401E7,-24.8,25.96,-9.31,-7.85,84.08,54.3,84.08,84.08,54.0,"52,805 M"
05/12/2026,1630,CVS,95.15,+3.18%,Health Care,.6104,5.18,$5.82,95.355,58.35,81.99,77.93,76.52,5.0,1.0,1.0,"12,802,239",100230.05,7898924.0,8067721.12,148.69,25.08,17.5,8.92,84.09,70.3,-70.3,-76.13,54.0,"121,404 M"
05/12/2026,1630,CVX,185.95,+0.65%,Energy,.4968,3.81,$7.22,214.71,133.77,186.98,193.06,167.74,2.0,0.09,0.6,"8,993,131",200035.37,1.274455874E7,1.208307481E7,3.27,-5.59,-1.28,1.89,215.3,178.17,-178.17,194.08,55.0,"370,338 M"
05/12/2026,1630,CWH,6.70,-0.89%,Consumer Discretionary,2.137,0.45,($1.68),19.64,5.7,7.3,7.02,11.99,-4.0,-0.58,-0.51,"2,134,543",500786.09,3465050.44,3497292.16,-33.91,4.36,-1.62,-11.73,13.62,6.37,-6.37,8.17,53.0,426 M
05/12/2026,1630,CZR,25.41,-8.50%,Consumer Discretionary,1.836,0.69,$2.59,31.58,17.86,27.61,27.07,24.38,-2.0,-0.46,-0.18,"6,561,609",401147.44,4396146.72,5371996.66,204.9,-10.56,-6.96,-8.53,31.43,18.59,31.43,29.16,53.0,"5,175 M"
05/12/2026,1630,D,62.92,+0.58%,Utilities,.6329,0.76,($8.61),67.5699,52.525,62.48,62.36,61.05,2.0,0.3,0.43,"4,791,513",100124.52,4389208.69,5037163.15,-2.38,0.13,0.05,2.13,68.59,59.36,-59.36,66.07,54.0,"55,335 M"
05/12/2026,1630,DAL,70.71,-0.69%,Industrials,1.282,2.25,$6.03,76.39,45.28,70.0,66.65,63.97,-2.0,-0.69,-0.62,"5,532,644",100259.4,1.234999662E7,1.149151593E7,-28.74,22.04,5.19,-3.28,76.62,55.45,-55.45,-66.09,39.0,"46,456 M"
05/12/2026,1630,DAPP,21.72,-2.29%,,3.394,1.43,<empty>,27.4899,12.0,19.79,17.62,18.85,-1.0,1.0,-0.82,"369,386",-100342.04,940607.36,825151.62,-32.38,34.74,17.85,2.12,20.13,14.3,-14.3,-18.09,NaN,533 M
05/12/2026,1630,DAR,63.46,-0.56%,Consumer Staples,1.12,1.47,$4.29,66.02,29.15,61.75,59.49,42.2,-1.0,-0.38,-0.54,"2,688,072",400751.25,3201375.7,3111751.26,-8.18,12.66,3.47,1.91,65.25,48.62,66.05,66.05,54.0,"10,086 M"
05/12/2026,1630,DASH,155.19,-1.36%,Consumer Discretionary,1.9,6.47,$4.07,285.5,143.3,173.29,166.25,214.4,-3.0,-0.71,-0.16,"4,965,790",-200653.04,4337302.98,5128659.92,45.44,-4.06,-9.76,-9.43,191.16,143.31,191.16,191.16,62.0,"67,619 M"
05/12/2026,1630,DDOG,199.94,-1.18%,Information Technology,1.331,28.43,$2.74,203.58,98.0101,145.89,130.8,139.12,4.0,1.0,1.0,"4,803,255",100066.04,5352736.46,5822727.23,3.31,57.23,51.99,5.94,147.06,98.54,-98.54,-124.16,59.0,"71,171 M"
05/12/2026,1630,DDS,535.09,-3.90%,Consumer Discretionary,1.189,18.56,$39.84,711.975,347.48,580.87,583.82,586.11,-1.0,-0.13,-0.3,"126,700",-100200.55,104479.69,117614.21,91.7,-6.74,-8.18,-3.32,681.56,548.31,681.56,639.15,2.0,"8,357 M"
05/12/2026,1630,DE,589.19,+0.08%,Industrials,.9639,10.85,$13.22,674.1899,433.0,580.28,582.79,518.79,2.0,0.16,0.65,"1,264,122",100434.58,1198002.82,1433491.46,58.67,0.57,4.49,1.49,674.57,550.29,-550.29,-558.09,7.0,"159,145 M"
05/12/2026,1630,DECK,94.89,-1.82%,Consumer Discretionary,1.098,4.09,$6.28,131.58,78.91,104.35,103.51,103.36,-2.0,-0.28,-0.26,"2,306,037",0.0,1931181.12,1986876.24,43.26,-5.76,-10.63,-7.62,122.56,93.31,-93.31,114.17,7.0,"13,470 M"
05/12/2026,1630,DELL,238.94,-3.28%,Information Technology,1,16.65,$12.67,263.99,103.89,215.83,184.6,145.53,-1.0,-1.0,-0.8,"7,147,764",-100455.37,7813758.05,8297044.19,30.38,59.39,16.03,3.77,222.11,111.61,-111.61,264.02,11.0,"155,356 M"
05/12/2026,1630,DEO,81.11,-1.10%,Consumer Staples,.5426,2.14,$1.13,116.41,72.45,80.7,78.5,91.81,-2.0,-0.76,-0.7,"1,247,416",-200240.43,1790362.88,1906754.31,-27.33,5.68,2.74,-2.78,103.54,72.34,-72.34,86.04,59.0,"45,089 M"
05/12/2026,1630,DG,102.98,-1.58%,Consumer Staples,.3023,5.02,$10.87,158.23,86.25,117.55,124.18,121.36,-3.0,-0.22,-0.34,"5,469,657",-200256.01,3381827.91,3224859.7,128.62,-24.25,-11.09,-11.58,158.52,113.09,158.52,127.17,14.0,"22,679 M"
05/12/2026,1630,DGX,190.18,+0.19%,Health Care,.6094,3.34,$11.97,213.5,164.65,193.83,196.48,187.11,2.0,0.06,0.33,"754,932",300125.16,910932.68,950639.1,-53.09,-5.33,-2.5,-0.35,214.51,188.09,214.51,-186.02,48.0,"21,052 M"
05/12/2026,1630,DIN,29.64,+1.96%,Consumer Discretionary,.9636,0.78,$2.62,39.68,19.58,28.16,28.0,28.47,4.0,0.49,0.68,"971,585",200251.01,394483.78,408705.47,410.93,5.41,7.43,4.77,36.62,24.21,-24.21,-26.03,58.0,376 M
05/12/2026,1630,DIS,106.16,+1.38%,Communication Services,1.418,2.65,$3.98,124.69,92.185,104.21,100.99,109.08,-2.0,0.95,-0.54,"8,178,251",200128.05,9892733.48,1.028557437E7,18.76,6.77,4.62,-2.3,110.62,92.31,-92.31,110.03,58.0,"184,348 M"
05/12/2026,1630,DK,46.08,-1.58%,Energy,.5638,3.05,$7.70,49.5,16.66,43.19,43.23,34.73,-5.0,-0.7,-0.64,"1,197,353",200766.1,1482486.12,1483724.73,-7.04,9.82,12.28,3.09,48.31,32.61,50.05,50.05,59.0,"2,824 M"
05/12/2026,1630,DKL,51.66,+0.41%,Energy,.4672,1.04,($0.81),55.89,38.6001,50.98,51.57,47.58,-7.0,0.43,-0.52,"33,910",-100233.37,62117.74,64193.31,-45.27,-2.45,1.57,1.25,56.61,48.26,-48.26,54.07,59.0,"2,747 M"
05/12/2026,1630,DKNG,24.61,+0.41%,Consumer Discretionary,1.5,0.88,$1.14,48.78,20.46,23.59,23.64,32.47,-2.0,0.84,-0.58,"11,729,288",0.0,1.338086323E7,1.478111767E7,22.71,-3.72,5.17,-2.42,27.62,20.3,-20.3,27.02,59.0,"12,210 M"
05/12/2026,1630,DLTR,89.05,-1.08%,Consumer Staples,.5786,3.86,$6.41,142.4,84.71,98.21,104.75,110.6,-3.0,-0.07,-0.49,"4,991,374",-100652.12,3440702.24,3324032.32,56.13,-20.28,-9.34,-7.97,139.56,93.05,139.56,110.15,11.0,"17,340 M"
05/12/2026,1630,DOC,19.78,+0.10%,Real Estate,1.023,1.63,$1.77,19.87,15.7,17.32,17.12,17.44,-1.0,1.0,-0.99,"6,593,565",101533.05,8473633.86,8836167.02,-0.45,17.04,23.24,0.61,18.51,16.1,-16.1,20.02,50.0,"13,637 M"
05/12/2026,1630,DOCU,45.18,-0.68%,Information Technology,1,1.21,$5.24,94.67,40.16,46.76,46.94,62.11,-3.0,-0.95,-0.5,"2,916,728",300656.39,4116775.22,4606760.6,28.2,-2.8,-1.31,-6.25,51.37,40.53,51.37,50.06,16.0,"8,778 M"
05/12/2026,1630,DOV,216.71,-1.48%,Industrials,1.209,3.22,$8.33,237.54,158.97,221.69,215.63,195.72,-4.0,-0.39,-0.42,"775,409",200232.14,1072345.48,1132022.76,-10.12,6.33,-3.31,-1.9,238.61,201.27,-201.27,233.13,50.0,"29,182 M"
05/12/2026,1630,DOW,39.43,+1.73%,Materials,1,1.19,($0.53),42.74,20.4019,38.71,38.06,28.11,2.0,0.22,0.47,"8,792,495",-100256.18,1.493603609E7,1.427523833E7,-40.05,4.92,3.74,5.65,43.29,29.51,43.29,41.05,50.0,"28,419 M"
05/12/2026,1630,DPZ,310.16,-0.98%,Consumer Discretionary,1.042,16.71,$19.33,499.08,309.49,345.27,365.91,408.33,-2.0,0.0,-0.21,"953,400",-100231.12,1026035.72,1045288.55,75.55,-21.67,-8.9,-6.73,418.54,322.04,418.54,377.17,47.0,"10,317 M"
05/12/2026,1630,DRI,199.12,+1.70%,Consumer Discretionary,.5778,2.78,$8.56,228.27,169.0,197.74,198.75,196.33,5.0,0.32,0.56,"1,338,123",-100132.37,1391342.54,1328085.53,5.23,0.35,1.33,2.02,221.58,187.21,-187.21,-190.03,30.0,"22,806 M"
05/12/2026,1630,DRLL,36.39,+0.55%,,.4796,0.91,<empty>,41.0248,25.93,36.33,37.11,31.37,2.0,0.15,0.62,"11,363",-200127.21,34045.45,30950.68,-57.91,-2.1,-0.68,2.62,41.3,33.59,41.3,38.05,NaN,290 M
05/12/2026,1630,DRVN,12.84,-3.09%,Consumer Discretionary,.9825,0.52,$0.19,19.74,9.8,13.13,12.22,14.93,-5.0,-0.89,-0.6,"1,707,819",-100470.09,1955164.58,2075119.65,-50.92,22.52,2.15,-6.62,17.58,10.53,-10.53,14.07,NaN,"2,112 M"
05/12/2026,1630,DT,39.21,-2.54%,Information Technology,.7427,1.99,$1.54,57.55,31.635,37.07,37.18,43.23,-2.0,-1.0,-0.86,"10,569,257",-100254.37,6799459.89,7056856.18,41.76,3.13,8.95,-2.87,40.39,32.22,-32.22,41.03,1.0,"11,694 M"
05/12/2026,1630,DVN,46.77,+0.09%,Energy,.5196,2.12,$3.88,52.71,30.24,47.65,47.67,39.09,1.0,-0.13,0.32,"14,734,003",-200239.05,1.634200483E7,1.503857525E7,15.49,1.26,-5.48,3.22,53.3,42.52,53.3,52.05,58.0,"53,925 M"
05/12/2026,1630,DXCM,61.14,+3.05%,Health Care,1.334,1.24,$3.68,89.98,54.11,61.14,64.01,68.61,1.0,0.34,0.6,"6,099,665",100147.08,4475932.29,4640469.19,127.54,-6.31,3.07,0.38,74.55,57.09,-57.09,-57.09,54.0,"23,592 M"
05/12/2026,1630,EA,200.19,-0.01%,Communication Services,.6622,0.93,$9.29,204.885,141.19,202.17,201.8,194.76,1.0,-0.19,0.4,"2,134,068",0.0,2041415.22,2124592.96,51.89,0.56,-1.16,-0.33,204.24,197.45,204.24,204.16,53.0,"50,098 M"
05/12/2026,1630,EAT,135.33,-3.07%,Consumer Discretionary,1.256,6.18,$11.42,187.123,100.3,145.32,144.79,144.63,-3.0,-0.25,-0.27,"1,027,662",100351.1,1205125.73,1230134.47,6.76,-2.42,4.79,-7.5,169.61,128.1,-128.1,-128.1,63.0,"5,804 M"
05/12/2026,1630,EBAY,110.40,+2.10%,Consumer Discretionary,1.389,3.56,$3.71,111.38,68.6,104.67,97.31,91.19,1.0,0.91,0.65,"7,910,886",300043.07,5726589.41,6023602.54,85.55,22.67,10.0,3.74,111.06,78.59,111.06,111.06,54.0,"49,018 M"
05/12/2026,1630,ECH,40.85,-0.85%,,.7676,0.74,<empty>,47.845,29.28,42.25,40.89,38.16,-2.0,-0.37,-0.39,"254,075",200131.35,866587.59,960201.13,-37.42,4.0,-2.95,-2.55,46.62,38.46,-38.46,-40.06,NaN,"1,021 M"
05/12/2026,1630,ECPG,81.61,-0.87%,Financials,1.325,0.93,$7.32,92.64,35.675,82.58,75.61,55.37,-2.0,-0.5,0.0,"381,631",-400926.04,341937.2,324904.68,39.68,21.9,-2.93,-0.74,85.13,56.61,-56.61,-79.02,59.0,"1,750 M"
05/12/2026,1630,EDEN,113.0448,+0.82%,,.88,1.71,<empty>,125.6375,98.31,110.74,106.73,110.87,3.0,0.79,0.54,"8,207",-200100.07,7882.33,8418.17,61.73,10.72,3.31,1.94,117.61,98.36,-98.36,-107.13,NaN,203 M
05/12/2026,1630,EDU,52.27,+0.27%,Consumer Discretionary,.1784,1.46,$4.09,64.97,41.62,54.54,54.94,54.25,-3.0,-0.28,-0.52,"1,091,459",0.0,797329.96,801983.43,-4.87,-2.26,-1.97,-7.26,62.62,50.49,-50.49,-51.13,53.0,"8,319 M"
05/12/2026,1630,EDV,62.87,-0.99%,,.734,0.48,<empty>,71.305,61.56,63.9,64.79,66.56,-2.0,-0.23,-0.54,"799,684",-100220.37,1312484.57,1266575.28,23.61,-3.74,-1.93,-1.13,69.51,63.06,-63.06,-63.06,NaN,"3,826 M"
05/12/2026,1630,EEM,65.82,-3.05%,,.7248,1.87,<empty>,68.15,45.2301,64.29,60.44,56.11,-1.0,-0.97,-0.62,"37,771,794",-200238.37,3.854668151E7,3.914744719E7,92.36,15.58,4.49,-1.16,66.51,54.3,-54.3,-62.13,NaN,"29,145 M"
05/12/2026,1630,EFNL,54.18,-1.27%,,.7774,0.87,<empty>,55.81,34.96,53.82,51.37,46.95,-1.0,-0.8,-0.27,"5,211",100100.02,11778.31,10742.45,129.85,10.28,2.45,1.08,56.07,47.31,56.07,56.07,NaN,43 M
05/12/2026,1630,EFX,166.76,-0.63%,Industrials,1.339,2.61,$9.32,281.03,166.02,177.73,182.51,213.84,-2.0,-0.4,-0.51,"1,286,853",200041.07,1702295.4,1701160.54,-58.23,-8.6,-2.88,-5.04,211.47,166.34,-166.34,200.16,48.0,"19,857 M"
05/12/2026,1630,EGP,204.00,+0.01%,Real Estate,1.071,2.32,$9.22,206.78,159.365,200.91,193.65,180.63,-2.0,-0.9,-0.47,"241,488",100017.04,363835.89,374056.88,-36.67,8.26,0.88,0.05,204.15,181.36,-181.36,207.02,49.0,"10,966 M"
05/12/2026,1630,EIS,134.82,-0.97%,,1.03,3.71,<empty>,136.98,80.56,130.66,124.76,110.03,-2.0,-0.98,-0.66,"37,427",-200200.31,149909.48,158553.3,-34.93,14.55,5.66,-0.09,134.06,110.3,-110.3,137.03,NaN,"1,011 M"
05/12/2026,1630,EL,84.89,+2.59%,Consumer Staples,1.267,3.85,$3.55,121.635,62.03,79.44,80.2,93.99,-3.0,0.82,-0.85,"3,118,529",-200762.35,4662629.28,4528622.36,-12.05,0.71,10.1,-0.47,118.54,66.27,-66.27,88.03,68.0,"30,713 M"
05/12/2026,1630,ELS,63.44,+0.08%,Real Estate,2.111,0.4,$2.97,69.0,58.15,63.51,64.5,62.65,9.0,0.31,0.74,"1,660,797",-200026.52,1422039.89,1710480.69,-36.15,-6.58,1.34,0.24,69.41,62.31,-62.31,-62.09,47.0,"12,303 M"
05/12/2026,1630,ELV,393.30,+3.03%,Health Care,.6213,12.87,$29.01,412.96,273.71,355.15,319.53,328.13,1.0,1.0,0.63,"2,376,181",-300245.5,1905108.58,1877999.52,-20.72,36.61,8.42,5.46,377.09,275.45,-275.45,-314.17,45.0,"85,410 M"
05/12/2026,1630,EMB,95.72,-0.26%,,.3512,0.31,<empty>,97.8,89.45,95.98,95.28,95.59,-1.0,-0.81,-0.41,"7,073,875",100110.36,1.073773808E7,1.000359136E7,26.01,0.93,-0.24,-0.19,98.55,93.31,-93.31,-95.06,NaN,"14,310 M"
05/12/2026,1630,EMR,137.28,-1.54%,Industrials,1.233,3.03,$5.55,165.15,114.83,141.03,137.6,137.55,-2.0,-0.57,-0.36,"3,433,296",0.0,2992987.66,3204322.4,51.8,3.86,-0.82,-2.7,165.62,123.3,-123.3,149.04,59.0,"76,891 M"
05/12/2026,1630,ENB,54.84,+0.70%,Energy,.5791,0.91,$0.41,55.49,43.5892,53.47,53.81,49.61,2.0,0.45,0.58,"2,587,242",0.0,4380627.23,4862219.56,-43.35,2.26,3.39,1.57,55.07,51.59,55.07,55.07,55.0,"119,754 M"
05/12/2026,1630,ENPH,37.48,-0.45%,Information Technology,1.164,1.81,$1.11,52.93,25.775,34.52,37.35,36.23,6.0,0.45,0.78,"5,001,350",0.0,5989019.77,6012764.49,-13.8,-12.02,9.27,5.67,52.62,30.09,-30.09,-30.09,53.0,"4,940 M"
05/12/2026,1630,ENR,17.69,+0.63%,Consumer Staples,.7607,0.8,$2.31,30.29,16.0,19.27,18.24,22.2,-2.0,-0.67,-0.35,"958,969",100647.05,1212233.13,1195836.84,35.5,7.41,-10.16,-4.69,24.61,16.29,-16.29,21.05,57.0,"1,211 M"
05/12/2026,1630,ENVX,6.97,-2.92%,Industrials,2.192,0.22,($0.55),16.49,4.615,6.67,5.8,8.31,2.0,0.94,0.57,"6,969,932",200900.02,5742541.35,5816692.51,4.17,41.67,9.42,8.57,7.14,5.45,-5.45,-6.09,1.0,"1,518 M"
05/12/2026,1630,ENZL,45.31,-1.83%,,.8972,0.96,<empty>,48.24,41.6875,44.62,44.3,45.5,-1.0,-0.94,-0.74,"3,850",0.0,23858.49,39187.29,-84.78,1.44,4.46,-0.68,48.62,42.3,-42.3,-43.09,NaN,72 M
05/12/2026,1630,EOG,134.13,+0.62%,Energy,.3063,3.66,$7.36,151.87,101.5936,134.48,136.43,118.44,2.0,-0.12,0.53,"3,675,050",-100039.37,4813771.36,5089597.6,-24.32,0.82,-1.22,2.48,152.3,114.62,152.3,143.05,60.0,"71,441 M"
05/12/2026,1630,EPD,38.16,+0.69%,Energy,.4923,0.45,$1.37,39.735,30.01,37.84,37.74,33.65,2.0,0.15,0.37,"2,518,670",-200023.12,4490488.59,4497655.42,-65.44,4.29,-0.81,1.14,40.31,35.62,40.31,39.06,53.0,"82,560 M"
05/12/2026,1630,EPHE,24.64,-1.60%,,.5959,0.38,<empty>,28.4,23.17,24.83,24.99,25.49,-1.0,-0.46,-0.72,"150,211",200100.45,150233.6,151900.31,653.43,-1.72,2.03,-2.11,28.53,24.3,-24.3,-24.09,NaN,132 M
05/12/2026,1630,EPOL,38.86,-2.14%,,1.066,0.6,<empty>,40.9399,29.03,39.16,37.39,35.12,-1.0,-0.56,-0.34,"479,458",100040.13,529794.52,548916.27,-22.61,11.44,1.7,-0.72,41.17,34.36,41.17,-38.09,NaN,618 M
05/12/2026,1630,EPR,58.30,-0.78%,Real Estate,1.061,1.18,$5.71,62.08,48.105,56.52,54.85,54.12,-1.0,0.86,-0.68,"814,997",-300635.37,861782.74,867481.13,74.37,4.48,3.26,0.73,62.52,48.31,-48.31,59.03,54.0,"4,460 M"
05/12/2026,1630,EPU,84.20,+0.50%,,.7856,2.15,<empty>,95.28,44.1,81.61,81.79,70.9,6.0,0.35,0.72,"29,979",0.0,99609.17,114903.44,-14.74,2.75,6.91,2.88,95.51,74.36,-74.36,-77.09,NaN,530 M
05/12/2026,1630,EQR,65.89,-0.44%,Real Estate,.7789,1.38,$4.27,71.8,57.57,64.05,61.81,62.46,-5.0,-0.98,-0.62,"4,306,936",-100122.01,2572061.01,2713619.61,80.39,9.32,1.14,0.05,67.09,58.36,67.05,67.05,58.0,"24,687 M"
05/12/2026,1630,EQRR,75.9814,-0.18%,,.9179,0.84,<empty>,76.6,57.39,74.59,71.26,65.83,-5.0,-0.92,-0.36,"20,228",200000.3,17951.99,14065.0,72.65,13.22,2.9,1.34,76.06,67.41,77.05,77.05,NaN,54 M
05/12/2026,1630,EQT,55.78,-1.19%,Energy,.5992,1.38,$6.55,68.24,48.47,57.98,60.81,56.22,-8.0,-0.12,-0.47,"4,616,027",0.0,8321756.74,8686611.87,-56.52,-13.71,-6.13,-0.78,68.31,55.03,68.31,-55.03,48.0,"34,889 M"
05/12/2026,1630,ESI,43.95,-2.46%,Materials,1.27,2.05,$0.50,45.515,20.8,41.04,36.6,29.38,-1.0,-0.98,-0.67,"3,493,366",500537.1,3085441.58,3241917.88,93.69,46.06,13.33,3.97,44.08,29.45,-29.45,-38.14,55.0,"10,707 M"
05/12/2026,1630,ESPO,89.3537,-1.04%,,1.01,0.89,<empty>,122.986,86.92,92.27,91.24,104.98,-1.0,-0.67,-0.4,"10,691",0.0,19865.94,21594.66,-23.4,-2.68,-2.72,-0.83,98.62,87.3,-87.3,97.17,NaN,250 M
05/12/2026,1630,ESS,268.64,-0.05%,Real Estate,.7331,4.6,$16.77,294.09,238.46,260.61,253.33,257.76,-1.0,1.0,-0.64,"329,053",-100223.1,465865.09,476344.08,7.39,6.87,0.28,0.47,270.09,238.31,270.09,270.09,53.0,"17,263 M"
05/12/2026,1630,ET,20.00,+1.99%,Energy,.562,0.42,$1.05,20.665,16.18,19.46,19.15,17.74,1.0,0.61,0.45,"14,513,322",500224.06,1.672983115E7,1.649025069E7,92.37,7.76,3.04,0.4,20.07,18.61,21.05,21.05,58.0,"68,823 M"
05/12/2026,1630,ETH,21.69,-2.39%,,2.355,0.35,<empty>,45.785,17.065,22.09,20.96,29.66,-1.0,-0.9,-0.57,"2,101,719",100474.49,4341960.16,5134995.77,-30.06,10.55,-0.69,-0.46,23.17,17.54,23.17,-21.09,NaN,"2,077 M"
05/12/2026,1630,ETH-USD,-74.42,-3.11%,,3.967,7.66,<empty>,4.9275,-78.4582,-57.82,-42.76,-24.81,1.0,0.0,0.13,"1,430,933",-200075.01,907165.11,881642.0,90.89,123.42,32.47,13.62,-22.7,-68.97,-23.01,-46.01,NaN,"-2,246 M"
05/12/2026,1630,ETHA,17.24,-2.43%,,2.21,0.27,<empty>,36.8,13.62,17.57,16.69,23.76,-1.0,-0.9,-0.56,"22,388,356",0.0,3.327254338E7,3.360222043E7,-29.62,10.3,-0.75,-0.35,19.17,14.54,19.17,-17.09,NaN,"7,268 M"
05/12/2026,1630,ETHE,18.52,-2.27%,,3.281,0.29,<empty>,40.135,14.71,18.88,17.96,25.78,-1.0,-0.91,-0.56,"2,360,417",0.0,3041332.43,3541530.75,-21.27,9.85,-0.91,-0.59,20.17,15.54,20.17,-18.09,NaN,"1,861 M"
05/12/2026,1630,ETSY,57.51,-3.93%,Consumer Discretionary,1.778,2.59,$6.75,76.515,44.0,63.21,56.96,58.85,-9.0,-0.71,-0.12,"3,969,645",200462.1,3035548.52,3540317.36,49.03,10.62,-9.02,-10.17,71.09,44.58,71.09,71.09,53.0,"5,457 M"
05/12/2026,1630,EWA,29.32,-0.91%,,.9965,0.34,<empty>,30.4799,24.94,29.48,28.88,27.46,-1.0,-0.51,-0.4,"2,318,038",-100126.48,4229259.05,4633868.76,7.07,3.17,0.86,-0.54,30.17,27.3,30.17,-28.09,NaN,"1,349 M"
05/12/2026,1630,EWC,58.27,+0.22%,,.8689,0.39,<empty>,58.89,43.135,58.02,56.56,52.98,3.0,-0.75,0.45,"885,588",100214.09,2676235.05,2632816.58,-28.23,4.33,1.41,0.78,59.15,53.36,59.15,-57.09,NaN,"5,460 M"
05/12/2026,1630,EWD,50.71,-1.05%,,1.099,0.81,<empty>,54.93,42.99,52.08,50.87,49.25,-1.0,-0.55,-0.31,"133,191",-100022.29,182851.38,169742.35,-47.6,0.36,0.22,-0.96,55.51,47.36,-47.36,-50.06,NaN,308 M
05/12/2026,1630,EWG,41.94,-1.39%,,.9647,0.51,<empty>,44.65,37.975,42.32,41.12,41.83,-4.0,-0.85,-0.44,"771,597",200133.3,2651536.69,2354321.63,-55.01,3.97,0.12,-1.32,45.51,38.31,-38.31,-41.09,NaN,"1,384 M"
05/12/2026,1630,EWH,24.18,-0.58%,,.3913,0.43,<empty>,24.66,18.565,23.67,23.32,22.31,-2.0,0.77,-0.73,"2,358,248",100226.3,5398178.31,5352935.58,-4.0,5.68,3.91,-0.66,24.51,21.34,-21.34,25.03,NaN,997 M
05/12/2026,1630,EWI,58.86,-0.73%,,.8879,1.0,<empty>,59.665,45.7375,57.93,55.38,53.53,-1.0,-0.82,-0.47,"147,651",200134.36,535851.66,496678.72,-74.82,11.79,2.26,0.82,59.17,50.36,60.04,60.04,NaN,653 M
05/12/2026,1630,EWJ,92.06,-0.22%,,.6909,2.01,<empty>,94.28,68.028629,89.17,86.85,82.16,-1.0,0.68,-0.81,"6,547,254",300238.46,9246470.86,9761590.02,82.35,9.35,5.14,1.18,94.61,81.36,-81.36,-86.13,NaN,"21,280 M"
05/12/2026,1630,EWJV,44.88,+0.90%,,.4738,0.94,<empty>,47.69,33.5,43.41,42.93,40.9,9.0,0.48,0.77,"159,065",200000.02,222940.29,249506.73,-37.44,7.68,5.35,1.91,48.61,40.36,-40.36,-42.13,NaN,709 M
05/12/2026,1630,EWK,26.4199,0.00%,,.6879,0.51,<empty>,27.6299,20.79,25.9,25.17,24.42,-1.0,0.73,-0.61,"7,812",-100100.02,67993.79,58449.78,-96.05,7.7,4.08,1.3,28.61,23.36,-23.36,-25.09,NaN,116 M
05/12/2026,1630,EWM,30.16,+0.07%,,.4864,0.44,<empty>,30.635,23.342,29.51,29.01,27.25,-3.0,-0.7,-0.76,"304,169",-200134.33,382607.45,388476.58,89.18,5.71,2.24,-0.85,30.56,28.25,-28.25,31.03,NaN,378 M
05/12/2026,1630,EWN,64.03,-2.20%,,1.144,1.44,<empty>,65.91,50.56,63.45,60.84,58.58,-1.0,-0.9,-0.49,"379,701",-100027.01,141114.91,128046.97,42.74,8.6,3.81,-0.59,65.17,55.3,66.04,66.04,NaN,493 M
05/12/2026,1630,EWO,39.506,-1.41%,,.8066,0.55,<empty>,40.37,27.56,39.23,37.11,34.26,-1.0,-0.8,-0.44,"14,980",100100.4,40338.51,43667.18,7.77,13.69,1.85,0.02,40.17,34.36,40.17,-38.06,NaN,132 M
05/12/2026,1630,EWP,56.43,-0.97%,,.6767,0.7,<empty>,58.99,40.935,56.7,55.2,52.32,-1.0,-0.6,-0.44,"126,287",200025.21,593407.44,562547.15,-80.46,6.51,0.61,-0.63,59.17,51.36,59.17,-55.06,NaN,"1,761 M"
05/12/2026,1630,EWQ,45.11,-0.84%,,.8471,0.55,<empty>,48.39,40.91,45.5,44.53,44.52,-2.0,-0.72,-0.45,"162,793",-100016.02,541750.11,496770.13,-63.4,3.51,0.49,-0.94,48.52,42.36,-42.36,-44.06,NaN,442 M
05/12/2026,1630,EWS,28.98,+0.24%,,.5399,0.24,<empty>,29.6699,24.845,28.88,28.36,28.23,3.0,0.61,0.52,"940,330",-300018.02,980518.51,919830.52,71.01,5.69,1.9,1.12,30.17,27.47,30.17,-28.09,NaN,811 M
05/12/2026,1630,EWUS,41.65,-1.81%,,1.04,0.5,<empty>,45.0422,38.02,42.52,41.45,41.5,-2.0,-0.66,-0.35,"3,149",0.0,4114.18,4415.15,500.94,1.56,-0.6,-1.76,45.52,38.3,-38.3,-41.06,NaN,42 M
05/12/2026,1630,EWW,79.99,-0.29%,,.7877,1.64,<empty>,81.6499,57.282,78.22,76.15,70.54,6.0,0.63,0.68,"721,871",100039.47,1863527.43,1920459.14,-54.66,10.84,4.86,0.57,82.61,70.36,-70.36,-75.09,NaN,"2,216 M"
05/12/2026,1630,EWY,178.50,-7.44%,,1.406,13.69,<empty>,194.58,57.45,162.39,143.01,106.98,-1.0,-0.98,-0.84,"39,243,174",200875.46,2.405609637E7,2.288119091E7,130.38,44.53,15.63,0.99,168.06,115.29,-115.29,-146.15,NaN,"22,518 M"
05/12/2026,1630,EWZ,38.24,-1.09%,,.7092,0.57,<empty>,42.02,26.193816,39.88,38.55,33.65,-2.0,-0.15,-0.2,"42,376,812",100142.5,3.204766494E7,3.348044613E7,74.89,5.87,-3.65,-1.44,42.2,35.36,42.2,42.17,NaN,"11,158 M"
05/12/2026,1630,EWZS,14.755,-0.24%,,.8159,0.26,<empty>,16.46,11.72,15.34,14.83,13.97,-2.0,-0.38,-0.29,"120,416",-100338.02,448868.21,636259.93,-77.71,5.39,-1.57,-3.06,16.15,13.36,16.15,-15.09,NaN,324 M
05/12/2026,1630,EXAS,104.91,0.00%,Health Care,1.418,0.41,$1.89,104.98,38.8118,103.57,103.02,74.29,6.0,0.02,0.29,<empty>,-100037.01,2640344.92,2627886.23,1111.65,2.5,1.36,0.93,104.09,101.61,-101.61,-103.15,34.0,"20,026 M"
05/12/2026,1630,EXP,202.03,-1.42%,Materials,1.376,3.62,$7.15,243.64,171.99,206.62,197.17,217.91,-4.0,-0.9,-0.46,"330,792",-100535.54,409568.68,423800.82,29.24,8.37,-2.61,-4.57,239.56,172.36,-172.36,221.03,5.0,"6,350 M"
05/12/2026,1630,EXPD,154.43,-0.71%,Industrials,1.054,4.19,$6.83,167.19,109.9,149.32,146.18,138.98,-1.0,0.62,-0.96,"1,124,537",0.0,1176473.18,1415892.05,47.88,8.58,4.78,1.69,165.62,130.61,-130.61,-136.06,57.0,"20,198 M"
05/12/2026,1630,EXPE,221.48,+0.01%,Consumer Discretionary,1.257,10.5,$33.16,303.8,156.05,249.84,239.96,237.32,-3.0,-0.55,-0.12,"1,864,547",100753.48,1971065.27,2476470.07,23.51,-2.71,-8.54,-12.39,280.15,185.55,280.15,280.15,60.0,"26,582 M"
05/12/2026,1630,EXR,144.79,+0.15%,Real Estate,1.21,1.78,$8.69,155.19,125.71,142.5,139.63,139.51,5.0,0.69,0.57,"770,071",100032.11,1201446.36,1265618.07,-35.89,3.29,2.67,1.06,155.55,128.33,-128.33,-138.1,54.0,"30,588 M"
05/12/2026,1630,EYE,20.94,-3.94%,Consumer Discretionary,1.057,1.01,$0.93,30.02,18.1,23.65,25.35,26.01,-2.0,0.0,-0.28,"3,032,212",-300493.01,1514468.97,1426770.63,326.87,-19.24,-13.04,-8.28,30.48,22.05,30.48,27.17,1.0,"1,678 M"
05/12/2026,1630,EZA,70.71,-1.44%,,.7959,1.74,<empty>,81.755,49.35,70.41,69.46,67.03,-1.0,0.56,-0.62,"131,098",0.0,272750.15,287951.52,55.0,2.45,3.27,-0.41,82.51,62.36,-62.36,-66.09,NaN,757 M
05/12/2026,1630,F,11.99,+0.76%,Consumer Discretionary,1.694,0.28,$2.40,14.795,9.88,12.31,12.08,12.56,-1.0,-0.62,-0.5,"42,132,774",-100143.37,4.7597662E7,5.461561592E7,75.86,-0.42,-3.31,-1.56,15.52,11.3,-11.3,-11.06,54.0,"47,776 M"
05/12/2026,1630,FAF,67.83,-0.91%,Financials,1.292,1.09,$8.00,71.47,53.09,68.33,64.94,64.1,-2.0,-0.84,-0.45,"870,634",-200239.37,985690.16,1035196.99,-12.42,7.0,-3.8,-2.85,71.5,56.36,-56.36,71.11,49.0,"6,912 M"
05/12/2026,1630,FANG,198.15,+1.02%,Energy,.4493,6.88,($1.65),214.51,132.2,195.69,191.26,159.96,2.0,-0.39,0.27,"1,783,357",100239.44,3479776.88,3306519.73,-12.73,11.94,-0.95,4.04,215.06,164.59,215.06,215.06,57.0,"55,742 M"
05/12/2026,1630,FAST,43.32,+0.05%,Industrials,.7525,0.64,$1.01,50.63,38.9703,44.68,45.46,44.81,-4.0,-0.28,-0.24,"4,500,255",-100137.37,7678886.29,7598703.95,-20.85,-4.27,-3.04,-2.34,50.22,43.36,50.22,46.16,42.0,"49,733 M"
05/12/2026,1630,FCFS,230.54,-1.06%,Financials,.5127,6.01,$12.47,235.97,119.205,217.02,202.99,169.01,-1.0,1.0,-0.84,"486,246",100540.28,371114.89,342417.26,72.58,20.73,7.69,2.51,227.13,176.54,-176.54,-204.17,54.0,"10,106 M"
05/12/2026,1630,FCG,29.79,+0.71%,,.5302,0.87,<empty>,33.03,21.76,29.95,30.19,25.47,1.0,-0.11,0.48,"506,911",-200133.29,1507593.55,1370378.35,-54.26,1.4,-2.33,2.02,33.3,26.61,33.3,32.06,NaN,748 M
05/12/2026,1630,FDX,376.42,-0.65%,Industrials,1.347,11.81,$18.48,404.03,214.35,383.22,369.8,297.41,5.0,-0.22,0.36,"996,092",-200636.07,1827522.47,1804625.07,-25.71,6.6,-3.53,0.13,404.08,341.3,404.08,-354.06,28.0,"89,816 M"
05/12/2026,1630,FICO,1086.00,-0.55%,Information Technology,1.214,43.31,$36.29,2217.6,870.01,1049.15,1109.19,1456.68,-2.0,0.73,-0.76,"345,236",-500882.15,391488.69,365939.66,-75.44,-0.7,7.47,-3.76,1494.47,870.14,-870.14,1134.03,54.0,"25,185 M"
05/12/2026,1630,FISV,54.88,+0.90%,Financials,.7759,3.1,$7.64,191.91,52.91,60.41,58.81,85.32,1.0,-0.86,0.01,"6,320,803",-100146.06,6231192.24,6891524.26,58.84,-2.12,-10.91,-3.4,65.15,53.31,65.15,65.15,49.0,"29,265 M"
05/12/2026,1630,FIVE,208.51,+0.17%,Consumer Discretionary,.9471,9.08,$7.47,251.63,101.34,229.8,225.94,182.21,-4.0,0.0,0.0,"1,232,108",100747.38,1167673.17,1098693.95,16.78,-3.93,-10.33,-5.76,252.15,197.61,252.15,252.15,15.0,"11,530 M"
05/12/2026,1630,FLG,13.89,-1.14%,Financials,1.007,0.18,$0.44,14.92,10.38,14.16,13.48,12.64,-2.0,-0.55,-0.3,"4,111,272",-300036.13,4916815.61,5104813.79,-9.68,13.48,-0.86,-2.8,15.12,12.42,15.12,-14.08,51.0,"5,790 M"
05/12/2026,1630,FLNG,32.93,+0.67%,Energy,.2106,0.66,$2.60,33.4,21.72,31.82,30.63,27.01,1.0,0.84,0.47,"475,140",-100541.37,608815.48,622060.05,70.77,16.81,3.98,2.14,33.06,25.61,33.05,33.05,1.0,"1,781 M"
05/12/2026,1630,FLO,8.09,-1.58%,Consumer Staples,.4306,0.28,$1.51,17.62,7.855,8.64,8.54,11.43,-11.0,-0.61,-0.48,"7,622,545",0.0,5159800.05,5456121.59,145.78,-6.26,-9.41,-5.6,12.61,8.23,-8.23,9.07,7.0,"1,714 M"
05/12/2026,1630,FLUT,95.96,+2.13%,Consumer Discretionary,1.236,5.17,$2.67,313.685,93.56,105.76,106.29,198.43,-11.0,-0.79,-0.37,"3,628,770",-100461.52,3196440.65,3812240.28,7.04,-9.07,-12.04,-5.18,151.62,98.04,151.62,115.11,60.0,"16,634 M"
05/12/2026,1630,FND,47.65,-2.28%,Consumer Discretionary,1.622,1.43,$0.98,92.405,46.47,50.71,52.83,66.86,-2.0,-0.41,-0.48,"2,879,964",100564.08,2971772.2,2891555.68,82.48,-14.48,-3.56,-7.51,73.56,46.27,-46.27,-47.09,55.0,"5,151 M"
05/12/2026,1630,FNF,47.60,-1.43%,Financials,.9846,1.44,$20.96,61.4025,42.78,50.65,48.52,54.85,-12.0,-0.72,-0.11,"2,648,312",-200345.37,2059319.5,2006910.12,80.02,2.41,-9.63,-5.31,58.61,43.36,-43.36,-47.03,59.0,"12,812 M"
05/12/2026,1630,FORM,132.02,-12.80%,Information Technology,1.261,7.18,$0.47,159.09,26.08,141.08,116.56,68.77,-1.0,-0.49,-0.14,"4,193,885",-301088.01,1782390.32,1680104.1,223.34,49.34,-1.61,-8.75,159.12,81.45,159.12,159.12,54.0,"10,292 M"
05/12/2026,1630,FOUR,40.78,-1.66%,Financials,1.406,1.94,$5.00,108.5,39.6062,45.61,45.32,66.37,-3.0,-0.62,-0.29,"1,965,531",202079.35,2098507.08,2315151.64,10.23,-7.13,-11.79,-12.96,60.56,40.23,60.56,52.14,57.0,"3,235 M"
05/12/2026,1630,FOXA,66.16,-2.30%,Communication Services,.5442,1.52,$5.19,76.39,52.34,63.92,60.95,62.98,4.0,0.8,0.72,"5,247,686",-200241.3,3577168.56,3857700.26,120.03,14.58,4.77,5.54,66.13,53.53,-53.53,-61.05,58.0,"28,144 M"
05/12/2026,1630,FR,62.39,+0.02%,Real Estate,1.096,0.52,$3.48,64.66,47.36,62.4,60.75,56.56,-2.0,-0.62,-0.4,"734,901",-100347.37,956361.18,1007226.46,-41.44,3.67,-0.14,-0.05,65.15,57.36,65.15,-61.06,49.0,"8,271 M"
05/12/2026,1630,FROG,67.55,-2.12%,Information Technology,1.039,9.0,$1.28,72.06,34.05,50.88,46.78,51.1,-1.0,1.0,-1.0,"3,853,507",100668.03,2958625.49,3551689.17,295.56,61.26,48.46,18.47,56.6,34.54,-34.54,72.02,60.0,"8,182 M"
05/12/2026,1630,FRPT,51.27,+3.28%,Consumer Staples,1.736,6.15,$0.96,89.8,46.76,62.73,66.33,62.18,1.0,-0.13,0.27,"2,078,496",-401159.05,1658086.01,1642419.79,123.9,-34.3,-21.9,-8.23,86.47,52.34,86.47,72.17,56.0,"2,520 M"
05/12/2026,1630,FRT,115.55,+0.11%,Real Estate,.9636,2.18,$6.02,117.22,89.99,112.9,109.01,101.93,-4.0,-0.98,-0.64,"885,013",200316.08,851714.47,883874.35,90.89,9.68,2.81,-0.1,116.06,102.33,117.04,117.04,58.0,"9,982 M"
05/12/2026,1630,FSLY,19.03,-2.81%,Information Technology,.5518,4.08,$0.28,34.82,6.29,24.94,25.61,13.69,-4.0,0.0,-0.18,"8,729,918",0.0,1.335916576E7,1.595348294E7,-10.05,-21.43,-22.74,-2.41,35.24,9.62,35.24,33.05,59.0,"2,978 M"
05/12/2026,1630,FTNT,113.87,-1.36%,Information Technology,.9801,12.19,$3.24,116.46,70.12,90.72,85.41,83.04,8.0,1.0,1.0,"4,910,050",100350.04,6146207.51,6325381.89,10.51,34.92,32.84,5.46,90.06,74.54,-74.54,-81.17,59.0,"83,427 M"
05/12/2026,1630,FTV,60.27,-0.07%,Industrials,1.079,0.79,$2.98,62.805,46.34,60.6,58.04,53.48,-3.0,-0.59,-0.26,"2,262,993",0.0,3145624.01,3464369.13,-12.67,9.8,-2.43,-1.03,63.08,53.3,63.08,63.08,53.0,"18,374 M"
05/12/2026,1630,FTWO,46.5042,-0.10%,,.7947,0.52,<empty>,49.658,32.5199,45.89,46.13,42.04,2.0,0.23,0.75,"4,279",-100000.29,14833.69,15323.45,-75.22,-0.99,3.2,2.02,50.5,44.36,-44.36,-45.09,NaN,80 M
05/12/2026,1630,FUTU,137.03,-2.02%,Financials,.3969,8.12,$37.57,199.9299,97.9,156.09,147.57,162.38,-4.0,-0.36,-0.12,"2,528,609",-200590.03,1520766.8,1522673.25,229.39,-2.41,-11.66,-5.42,169.17,128.3,169.17,169.17,11.0,"19,211 M"
05/12/2026,1630,FUTY,58.44,+0.10%,,.641,0.74,<empty>,61.51,50.35,59.2,59.48,57.29,1.0,-0.19,0.33,"277,865",200218.14,378961.39,361887.61,-63.23,-2.42,-2.19,0.24,62.51,57.36,-57.36,61.07,NaN,"2,379 M"
05/12/2026,1630,FWONK,90.69,-2.23%,Communication Services,.6694,2.8,$2.95,109.3626,80.15,89.06,86.94,94.14,-1.0,-0.98,-0.77,"3,127,038",100034.13,2130558.88,2178041.51,18.1,6.46,5.4,-2.98,93.51,80.31,-80.31,96.02,59.0,"22,727 M"
05/12/2026,1630,FWRG,11.35,-2.83%,Consumer Discretionary,1.063,0.62,<empty>,19.53,10.09,12.55,12.02,15.57,-14.0,-0.72,-0.36,"1,320,455",100165.54,1583465.72,1748198.26,-38.96,-2.99,-11.74,-5.02,17.62,10.3,-10.3,14.13,57.0,700 M
05/12/2026,1630,FXA,71.73,-0.04%,,.3878,0.38,<empty>,71.885,63.2808,71.17,70.16,66.95,-1.0,0.63,-0.52,"8,360",-100008.32,21032.31,21205.26,-77.18,2.32,0.81,0.33,72.07,68.3,-68.3,-70.09,NaN,108 M
05/12/2026,1630,FXB,130.19,-0.57%,,.2834,0.41,<empty>,133.11,125.02,130.24,129.14,129.04,-1.0,-0.65,-0.43,"238,444",100007.01,32461.38,27051.04,1274.27,1.48,0.08,-0.13,131.61,127.29,-127.29,-129.13,NaN,91 M
05/12/2026,1630,FXC,71.3335,-0.14%,,.2221,0.2,<empty>,72.469,69.08,71.52,71.22,70.76,-7.0,-0.63,-0.34,"10,278",100007.55,41066.61,50821.97,44.26,-0.5,-0.1,-0.32,72.44,70.29,-70.29,72.07,NaN,75 M
05/12/2026,1630,FXE,108.34,-0.31%,,.1789,0.29,<empty>,111.535,102.72,108.29,107.46,107.75,-1.0,-0.7,-0.47,"115,472",-400006.16,234304.36,222341.95,132.51,1.98,0.27,0.06,110.62,105.41,-105.41,-108.09,NaN,423 M
05/12/2026,1630,FXF,113.00,-0.35%,,.2007,0.58,<empty>,116.2999,105.1101,112.75,112.28,111.54,-2.0,-0.58,-0.46,"118,764",0.0,86826.35,109555.71,-18.12,0.6,1.1,-0.07,115.61,110.29,-110.29,114.02,NaN,492 M
05/12/2026,1630,FXI,37.33,-0.37%,,.3063,0.42,<empty>,42.0,34.77,36.96,36.36,38.62,-1.0,0.96,-0.63,"32,103,087",-100130.37,3.024422085E7,3.083262756E7,100.32,3.24,2.98,0.38,40.62,35.31,-35.31,-36.1,NaN,"6,137 M"
05/12/2026,1630,FXY,58.27,-0.26%,,.2083,0.5,<empty>,64.72,57.225,57.99,57.87,59.68,-4.0,-0.86,-0.54,"153,449",200010.07,196588.01,197670.54,10.01,1.11,1.34,-0.5,60.61,57.09,-57.09,59.04,NaN,440 M
05/12/2026,1630,FYBR,38.49,0.00%,Communication Services,.9018,0.13,($5.68),38.5,36.04,38.18,38.03,37.09,4.0,0.57,0.8,<empty>,300009.01,3493880.5,3089356.02,793.29,1.8,1.1,0.68,38.18,37.6,-37.6,-38.17,22.0,"9,636 M"
05/12/2026,1630,GAP,21.41,-1.52%,Consumer Discretionary,1.979,1.12,$2.21,29.36,18.685,24.72,24.71,24.41,-3.0,-0.18,-0.25,"9,040,328",-300352.31,8130056.64,7751000.08,44.37,-7.44,-12.4,-10.42,29.56,22.45,29.56,28.15,11.0,"7,822 M"
05/12/2026,1630,GD,346.46,+0.71%,Industrials,.3381,14.45,$22.98,369.7,267.39,335.29,344.79,340.13,-4.0,0.68,-0.81,"1,089,752",100025.1,1448258.97,1405331.49,-30.94,-2.47,10.45,-0.37,367.48,307.1,-307.1,354.06,49.0,"93,693 M"
05/12/2026,1630,GDAXI:DE,23954.93,-1.62%,,<empty>,268.6,<empty>,25507.79,21863.81,24255.17,23753.8,24115.68,-3.0,-0.77,-0.43,<empty>,NaN,NaN,NaN,NaN,-0.06,-0.53,-2.87,25406.49,21864.33,-21864.33,25153.04,NaN,0
05/12/2026,1630,GDX,97.14,-0.47%,,.6585,3.95,<empty>,117.175,45.1,92.83,93.68,83.54,6.0,0.46,0.81,"22,275,226",200259.36,2.572252836E7,2.513095805E7,55.0,-2.18,9.71,5.91,117.5,79.36,-79.36,-85.06,NaN,"29,613 M"
05/12/2026,1630,GDXJ,129.87,+0.29%,,.8508,5.57,<empty>,157.49,57.4,122.88,123.6,109.36,6.0,0.48,0.83,"7,171,921",-100266.5,5476586.33,5401330.0,80.18,-1.31,11.26,6.09,157.5,103.36,-103.36,-113.06,NaN,"9,550 M"
05/12/2026,1630,GE,297.45,-1.10%,Industrials,1.373,8.0,$7.07,348.48,219.3,292.74,299.17,299.33,-1.0,0.53,-0.73,"4,392,899",-300440.15,6160590.25,5934210.29,-65.62,-3.02,2.85,-1.71,348.53,269.14,-269.14,-269.14,45.0,"310,341 M"
05/12/2026,1630,GEL,15.80,+0.06%,Energy,.726,0.47,($0.05),18.64,14.55,16.82,17.41,16.63,-8.0,0.0,-0.02,"520,643",100340.16,298856.44,293355.7,46.77,-11.48,-7.6,-4.13,19.47,16.03,19.47,18.15,54.0,"1,935 M"
05/12/2026,1630,GII,76.58,+0.07%,,.6346,0.57,<empty>,78.95,64.53,76.59,76.44,72.16,2.0,-0.12,0.48,"25,184",100020.14,88885.27,82038.85,-69.84,1.28,-0.07,0.45,79.51,74.36,-74.36,78.07,NaN,976 M
05/12/2026,1630,GIL,57.13,-0.95%,Consumer Discretionary,1.068,1.66,$2.16,73.695,46.0,59.08,58.74,59.71,-4.0,-0.56,-0.54,"838,797",100140.46,1323383.94,1353994.09,-40.78,-3.68,-1.35,-3.82,74.6,53.3,-53.3,63.07,55.0,"10,579 M"
05/12/2026,1630,GIS,34.13,+0.98%,Consumer Staples,-.0352,0.49,$3.05,55.35,33.37,34.88,37.06,45.01,-3.0,0.5,-0.65,"9,720,329",-200137.37,9519969.03,9160015.82,48.45,-13.38,-1.78,-4.42,50.61,34.05,50.61,36.03,29.0,"18,215 M"
05/12/2026,1630,GK,28.6704,-0.47%,Industrials,1.391,0.79,<empty>,28.88,21.5732,27.22,25.6,25.7,-1.0,1.0,-0.62,"2,347",100020.41,1019.47,1084.42,171.64,15.69,7.59,2.03,27.06,23.3,-23.3,-26.15,NaN,31 M
05/12/2026,1630,GLASF,9.2094,-1.50%,Consumer Staples,.6097,0.32,<empty>,10.63,4.55,9.39,8.54,7.91,-11.0,-0.64,-0.21,"145,054",-100800.14,214374.2,207056.5,-87.49,21.02,-7.63,-6.41,11.11,7.46,11.11,11.11,1.0,774 M
05/12/2026,1630,GLBE,30.23,+1.07%,Consumer Discretionary,1.554,0.84,<empty>,43.21,27.795,31.9,32.3,35.08,-3.0,-0.44,-0.39,"2,932,700",-100550.59,1258917.55,1609846.73,155.94,-12.45,-5.35,-7.36,38.56,28.3,-28.3,35.17,1.0,"5,078 M"
05/12/2026,1630,GLD,432.93,-0.40%,,.1701,6.61,<empty>,509.7,291.78,430.54,437.0,395.64,6.0,0.36,0.67,"6,655,805",0.0,1.065575943E7,1.128542287E7,28.54,-7.27,2.61,0.29,492.5,399.34,-399.34,-413.06,NaN,"157,067 M"
05/12/2026,1630,GLIN,43.89,-2.15%,,.7126,0.64,<empty>,48.39,38.705,45.46,43.69,45.2,-2.0,-0.78,-0.17,"5,508",200116.5,83667.22,119216.08,-10.06,2.05,-3.05,-5.25,47.17,39.3,47.17,47.17,NaN,95 M
05/12/2026,1630,GM,76.44,+1.53%,Consumer Discretionary,1.298,1.26,$15.77,87.62,46.815,77.9,76.15,71.1,-2.0,-0.39,-0.4,"5,272,600",100139.11,7086015.39,7295659.86,66.32,4.07,-3.18,-2.51,84.58,72.25,-72.25,-75.1,48.0,"68,923 M"
05/12/2026,1630,GME,22.37,-3.45%,Consumer Discretionary,1.769,0.98,$1.33,35.81,19.93,24.65,23.89,23.24,-4.0,-0.45,0.0,"11,919,561",100474.06,7968591.79,7326159.4,23.6,-8.43,-10.84,-6.68,27.07,22.31,27.07,27.07,19.0,"10,030 M"
05/12/2026,1630,GO,7.96,+1.40%,Consumer Staples,.6796,0.16,$0.02,19.41,5.655,7.85,7.18,11.67,-2.0,-0.98,-0.66,"3,927,087",-100801.46,4192496.74,3751855.66,55.04,30.92,0.89,-1.0,11.57,6.45,-6.45,8.07,1.0,787 M
05/12/2026,1630,GOLF,84.79,-3.31%,Consumer Discretionary,.8467,4.48,$1.48,104.81,67.14,94.79,94.75,86.53,-2.0,0.0,0.0,"477,419",-200627.05,352708.24,357205.18,83.06,-8.72,-12.88,-5.29,104.55,85.04,104.55,103.17,59.0,"4,965 M"
05/12/2026,1630,GOOG,383.82,-0.76%,Communication Services,1.081,21.23,$5.33,398.37,157.58,361.04,325.15,288.24,-4.0,-0.96,-0.63,"17,095,680",100335.09,1.898883274E7,1.97560351E7,31.97,26.59,10.45,-2.9,384.06,272.3,-272.3,398.02,50.0,"4,650,150 M"
05/12/2026,1630,GOOGL,387.35,-0.33%,Communication Services,1.082,21.77,$5.33,402.0,156.16,363.61,326.88,288.23,-4.0,-0.95,-0.63,"26,003,016",100335.09,2.830268096E7,3.024391592E7,28.14,27.61,10.74,-2.67,387.06,272.3,-272.3,402.02,50.0,"4,692,917 M"
05/12/2026,1630,GOOS,10.95,-1.44%,Consumer Discretionary,1.675,0.33,$1.40,15.425,8.86,11.61,11.24,12.51,-2.0,-0.69,-0.27,"420,180",0.0,393778.66,442200.56,-32.15,1.39,-3.95,-8.06,13.56,10.3,-10.3,12.15,2.0,"1,064 M"
05/12/2026,1630,GPI,336.14,-3.57%,Consumer Discretionary,.8562,7.68,$30.78,488.39,292.44,344.46,330.91,390.61,-2.0,-0.9,-0.49,"118,385",200143.37,165740.11,165921.03,4.76,11.71,-2.48,-4.0,374.07,292.38,374.07,-330.06,50.0,"3,999 M"
05/12/2026,1630,GPN,68.61,-0.23%,Financials,.755,1.53,$4.27,90.635,62.45,70.21,69.87,77.82,-7.0,-0.74,-0.39,"2,785,970",100247.59,3328790.31,3676924.31,31.53,-2.47,1.06,-2.17,83.56,62.25,-62.25,-67.12,58.0,"18,768 M"
05/12/2026,1630,GRID,195.13,-2.34%,,1.268,4.85,<empty>,199.99,126.1701,188.42,176.13,159.78,-1.0,-0.98,-0.58,"882,807",100024.13,692256.66,718218.71,61.12,17.22,5.24,1.17,193.07,157.3,-157.3,-181.15,NaN,"10,713 M"
05/12/2026,1630,GRMN,236.97,-2.23%,Consumer Discretionary,.9484,8.27,$7.54,273.32,186.67,252.33,245.82,228.29,5.0,-0.41,0.18,"490,367",-100533.59,794919.2,908553.49,-13.51,0.53,-4.37,-2.04,273.17,201.61,273.17,-235.05,53.0,"45,701 M"
05/12/2026,1630,GRNY,27.02,-0.63%,,1.293,0.28,<empty>,27.2399,20.26,26.53,25.26,24.9,-1.0,-0.95,-0.49,"1,192,167",0.0,2187294.28,2313911.71,-15.11,10.83,2.54,1.31,27.07,23.3,-23.3,-26.09,NaN,"4,420 M"
05/12/2026,1630,GS,945.90,+0.11%,Financials,1.263,12.28,($135.91),984.7,582.5,925.84,875.05,838.88,3.0,0.79,0.43,"2,236,259",100232.22,2122182.24,2229280.5,61.74,20.11,2.09,2.16,968.61,781.41,-781.41,-899.06,43.0,"279,048 M"
05/12/2026,1630,GSG,34.41,+2.14%,,.0703,0.74,<empty>,34.74,21.03,32.88,31.7,25.46,2.0,0.46,0.41,"764,954",100239.04,1750029.05,1497495.51,9.01,10.68,3.21,4.62,35.06,24.59,35.06,35.06,NaN,"1,072 M"
05/12/2026,1630,GTBIF,7.67,-4.48%,Health Care,1.239,0.41,$0.97,10.43,4.8,7.65,6.96,7.34,-4.0,-0.77,-0.27,"272,163",-200100.33,661155.0,675848.05,-89.31,18.97,-3.28,-5.31,9.13,6.3,9.13,9.13,59.0,"1,680 M"
05/12/2026,1630,GTLB,23.08,-9.98%,Information Technology,.8916,1.74,$1.33,54.08,18.73,22.98,22.6,36.58,-2.0,-0.96,-0.77,"11,820,607",-101171.25,6669848.06,6569300.97,138.32,1.14,2.85,-10.96,32.62,19.22,-19.22,-20.13,19.0,"3,897 M"
05/12/2026,1630,GTM,4.06,-32.78%,Communication Services,1.055,0.62,$1.20,12.51,3.8701,6.17,6.03,8.9,-5.0,-0.77,-0.25,"42,417,523",200174.01,1.048201751E7,1.132110198E7,765.93,-32.33,-34.3,-38.76,7.62,5.22,7.62,7.03,57.0,"1,210 M"
05/12/2026,1630,GVAL,35.17,-1.24%,,.6449,0.37,<empty>,36.44,25.89,35.44,34.19,31.78,-1.0,-0.55,-0.45,"301,783",-100000.08,295922.61,294608.21,47.15,7.36,0.98,-0.42,36.17,32.36,36.17,-35.09,NaN,457 M
05/12/2026,1630,GVIP,174.9401,-0.70%,,1.088,4.3,<empty>,177.27,127.31,168.3,157.44,153.44,-1.0,-1.0,-0.48,"7,075",200011.06,15657.18,14713.97,-6.54,18.51,6.45,1.12,170.06,139.3,-139.3,-163.15,NaN,560 M
05/12/2026,1630,GVZ:CGI,27.16,-1.16%,,-1.502,0.74,<empty>,48.68,14.47,27.38,32.17,25.64,12.0,0.13,0.46,<empty>,NaN,NaN,NaN,NaN,-12.64,3.7,0.48,46.31,25.11,-25.11,-25.11,NaN,0
05/12/2026,1630,H,166.47,+0.80%,Consumer Discretionary,1.291,3.32,$1.19,180.53,124.82,165.71,155.69,153.41,-3.0,-0.79,-0.41,"596,137",100545.46,808791.56,894766.08,-4.59,15.97,2.53,-2.35,181.61,138.29,-138.29,-157.09,59.0,"15,675 M"
05/12/2026,1630,HACK,84.29,-1.24%,,.8023,2.57,<empty>,89.59,69.66,80.87,78.18,81.63,-2.0,-1.0,-0.83,"172,780",100438.22,119408.92,124878.18,31.05,8.11,6.41,-0.5,83.06,70.54,-70.54,-77.13,NaN,"2,090 M"
05/12/2026,1630,HAL,41.70,+3.58%,Energy,.7594,0.97,$1.98,42.46,19.38,39.93,38.08,29.83,1.0,0.52,0.31,"13,148,684",-100245.37,1.561150935E7,1.471324888E7,-20.67,19.69,2.18,6.6,42.07,33.59,42.07,42.07,48.0,"34,836 M"
05/12/2026,1630,HBB,18.67,-2.35%,Consumer Discretionary,1,0.68,<empty>,21.84,12.72,20.35,18.85,16.66,-2.0,-0.51,-0.12,"15,632",100310.09,23484.43,22819.84,-31.83,12.27,-10.58,-9.41,22.08,16.41,22.08,-18.03,59.0,253 M
05/12/2026,1630,HBDC,24.725,+0.08%,,.0779,0.05,<empty>,27.74,23.16,24.73,24.61,25.0,2.0,0.8,0.41,"1,162",-100000.55,7625.36,24142.98,8.29,1.17,-0.38,0.04,25.62,24.3,-24.3,-25.05,NaN,86 M
05/12/2026,1630,HCA,429.69,+0.78%,Health Care,1.185,11.73,$34.38,556.52,330.0,448.62,482.47,460.04,9.0,0.06,0.58,"1,283,458",-100231.02,1108839.7,1135573.63,31.87,-19.32,-0.52,0.16,557.42,422.12,557.42,493.17,51.0,"95,322 M"
05/12/2026,1630,HD,310.46,-0.30%,Consumer Discretionary,.9881,8.9,$12.74,426.75,309.11,329.28,334.7,368.92,-2.0,-0.3,-0.31,"4,224,787",100135.06,4090800.8,4052299.3,47.94,-8.4,-5.65,-3.78,398.61,310.05,398.61,354.15,5.0,"309,227 M"
05/12/2026,1630,HELE,23.97,-1.44%,Consumer Discretionary,1.233,0.77,$5.73,33.734,13.85,22.54,18.48,20.28,-3.0,-0.92,-0.24,"603,043",-200168.13,664963.78,649512.18,-3.49,43.02,2.22,-7.13,25.13,14.31,-14.31,27.03,39.0,557 M
05/12/2026,1630,HII,333.56,+4.98%,Industrials,.2689,20.96,$20.15,460.0,215.045,357.7,387.7,341.06,2.0,0.03,0.3,"928,384",-200441.06,524271.82,522480.04,77.23,-19.54,-7.7,5.99,460.5,311.04,-311.04,-311.04,54.0,"13,144 M"
05/12/2026,1630,HIMS,25.03,-14.10%,Health Care,2.173,1.45,$0.26,70.43,13.74,27.77,23.66,36.41,-1.0,-0.8,-0.26,"53,591,090",101309.44,3.738400997E7,3.659069085E7,66.19,4.99,-10.32,-2.42,32.16,14.54,32.16,32.16,62.0,"5,793 M"
05/12/2026,1630,HLN,9.10,+1.34%,Health Care,.1975,0.17,$0.33,11.42,8.71,9.38,9.79,9.79,1.0,0.02,0.62,"9,584,448",-100130.03,8621038.75,8779600.53,48.4,-9.63,-3.91,-2.15,11.58,9.03,11.58,10.17,54.0,"40,344 M"
05/12/2026,1630,HLT,313.57,-0.62%,,1.057,7.78,$9.08,344.75,241.45,325.59,312.78,288.34,5.0,-0.23,0.17,"1,274,063",-100231.1,1746263.57,1836243.07,-17.41,6.56,-3.03,-2.1,345.17,290.42,345.17,-308.06,53.0,"71,384 M"
05/12/2026,1630,HOOD,78.27,-3.11%,Financials,2.165,4.08,$3.33,153.8599,57.68,81.4,76.56,105.66,7.0,-0.75,0.48,"17,062,643",-100267.1,3.002573715E7,3.095139323E7,-37.88,2.82,-4.63,2.61,93.17,64.3,93.17,-70.09,54.0,"70,483 M"
05/12/2026,1630,HPP,11.94,+5.38%,Real Estate,1.805,1.17,$1.67,21.7,5.26,9.25,7.43,12.63,1.0,1.0,0.89,"1,629,067",0.0,1240689.21,1409704.3,60.93,89.52,21.96,1.44,10.09,5.27,-5.27,12.02,57.0,648 M
05/12/2026,1630,HQY,80.46,-1.46%,Health Care,.1724,1.65,$4.74,116.65,72.76,82.88,81.69,88.88,-2.0,-0.61,-0.54,"1,335,037",100050.39,950747.53,948083.23,102.47,4.78,-0.89,-4.2,88.15,73.59,88.15,-77.13,11.0,"6,797 M"
05/12/2026,1630,HSI:HK,26347.91,0.00%,,<empty>,246.03,<empty>,28056.1,22668.35,26136.86,25794.09,25960.74,-2.0,0.73,-0.64,<empty>,NaN,NaN,NaN,NaN,2.29,1.42,-1.05,27398.57,24204.31,-24204.31,26669.03,NaN,0
05/12/2026,1630,HSY,191.91,+1.42%,Consumer Staples,.0752,3.09,$9.12,239.48,150.04,188.37,203.66,193.45,6.0,0.15,0.63,"1,829,948",-100136.37,1883747.99,1946088.5,28.73,-10.95,2.12,2.59,239.5,180.07,-180.07,-180.07,54.0,"38,928 M"
05/12/2026,1630,HTZ,5.75,-7.11%,Industrials,2.108,0.27,($3.72),8.44,3.775,6.31,5.37,5.5,-1.0,-0.39,-0.25,"9,191,510",-200336.09,1.137165867E7,1.043561031E7,-55.48,47.81,0.0,-6.81,8.16,4.37,8.16,-5.09,59.0,"1,816 M"
05/12/2026,1630,HUBS,179.58,-6.15%,Information Technology,1.25,20.07,$11.56,682.565,178.8,223.79,239.03,362.09,-5.0,-0.75,-0.26,"2,730,225",100671.03,1588057.33,1835287.45,144.34,-30.3,-20.53,-26.32,297.47,187.22,297.47,255.06,59.0,"9,198 M"
05/12/2026,1630,HUM,295.35,+7.69%,Health Care,.6321,22.42,$10.57,315.3482,163.11,233.08,200.06,241.51,3.0,1.0,1.0,"2,904,281",0.0,1806180.99,1951893.67,77.13,80.45,28.57,19.52,247.08,163.36,-163.36,-200.17,53.0,"35,460 M"
05/12/2026,1630,HYG,79.87,-0.14%,,.4045,0.24,<empty>,81.36,78.565,80.25,79.89,80.51,-1.0,-0.65,-0.24,"37,418,936",100109.3,5.569982182E7,5.283938653E7,33.62,0.66,-0.66,0.01,81.55,79.31,-79.31,-80.06,NaN,"16,557 M"
05/12/2026,1630,HYLS,40.98,0.00%,,.402,0.06,<empty>,42.4036,40.01,41.01,40.88,41.59,-2.0,-0.83,-0.35,"101,079",-200000.26,313474.73,286405.01,-15.15,0.64,0.05,0.07,42.13,40.3,42.13,42.13,NaN,"1,643 M"
05/12/2026,1630,IAK,131.41,+0.67%,,.5609,0.93,<empty>,138.66,124.62,132.01,130.93,132.11,2.0,0.56,0.41,"92,072",200024.36,60325.97,67576.75,-21.47,0.35,-1.43,0.67,138.5,125.31,-125.31,-130.02,NaN,355 M
05/12/2026,1630,IBB,172.28,+1.34%,,.7423,2.03,<empty>,179.64,116.49,171.35,169.23,160.82,1.0,0.39,0.47,"962,873",0.0,1539047.12,1576346.14,-26.87,3.64,2.66,1.28,178.53,160.34,-160.34,-164.09,NaN,"8,192 M"
05/12/2026,1630,IBIT,45.80,-1.44%,,.7149,1.21,<empty>,71.82,35.3,44.31,41.65,52.57,-1.0,-1.0,-0.7,"27,365,573",0.0,4.752511416E7,5.061925264E7,-46.78,14.64,5.85,0.88,46.06,36.54,-36.54,-42.16,NaN,"66,368 M"
05/12/2026,1630,IDX,12.60,-0.94%,,.3913,0.3,<empty>,17.55,12.55,13.51,13.75,15.67,-3.0,-0.4,-0.36,"27,418",0.0,40784.83,42812.77,25.81,-10.0,-4.18,-4.26,16.55,13.03,16.55,15.17,NaN,28 M
05/12/2026,1630,IDXX,533.92,+0.36%,Health Care,1.588,13.12,$13.35,769.98,496.61,566.3,577.18,642.03,-3.0,-0.26,-0.39,"674,148",100041.3,552074.34,540828.83,84.85,-6.53,-6.05,-6.69,666.52,544.09,666.52,595.17,56.0,"42,117 M"
05/12/2026,1630,IEF,94.32,-0.34%,,.2655,0.37,<empty>,98.045,93.03,95.11,95.43,96.19,-2.0,-0.26,-0.43,"5,686,737",200010.35,9980805.83,9988338.4,37.98,-1.43,-0.98,-0.41,98.51,94.06,-94.06,-94.06,NaN,"47,537 M"
05/12/2026,1630,IFF,78.47,-0.36%,Materials,1,4.65,$1.55,84.45,59.14,73.58,72.4,68.87,-2.0,0.72,-0.95,"1,337,904",100334.05,1767713.5,1821875.56,37.17,12.08,10.88,0.27,84.59,65.37,-65.37,84.04,58.0,"20,034 M"
05/12/2026,1630,IGLB,49.53,-0.46%,,.6351,0.22,<empty>,52.5999,47.36,49.88,49.83,50.72,-1.0,-0.61,-0.59,"671,301",-200112.42,1945384.35,1886546.18,-19.56,0.34,-0.78,-0.24,52.51,49.31,-49.31,-49.06,NaN,"2,660 M"
05/12/2026,1630,IGSB,52.375,-0.09%,,.1238,0.11,<empty>,53.25,52.04,52.54,52.55,52.85,-1.0,-0.5,-0.47,"3,002,969",100003.09,3990051.82,3672244.47,106.04,-0.24,-0.45,-0.09,53.51,52.31,-52.31,-52.06,NaN,"21,979 M"
05/12/2026,1630,IIGD,24.56,-0.13%,,.1443,0.03,<empty>,25.08,24.34,24.63,24.65,24.8,-2.0,-0.58,-0.52,"4,451",-200000.41,6870.78,5843.23,603.0,-0.31,-0.2,-0.1,25.6,24.31,-24.31,-25.06,NaN,31 M
05/12/2026,1630,IJT,160.97,-1.25%,,1.074,1.89,<empty>,164.8499,125.24,160.53,152.29,145.36,-4.0,-0.9,-0.34,"115,101",-200119.11,115430.76,113227.05,8.92,12.74,1.21,-1.1,163.06,139.3,165.04,165.04,NaN,"7,292 M"
05/12/2026,1630,ILMN,145.70,+2.24%,Health Care,1.487,7.8,$6.35,155.529,77.5,133.81,128.09,119.43,1.0,0.86,0.91,"2,839,149",100545.52,1520134.44,1738934.45,143.62,26.08,14.8,5.04,141.06,113.61,-113.61,-119.09,55.0,"22,044 M"
05/12/2026,1630,INDA,47.52,-1.86%,,.4626,0.63,<empty>,56.01,45.2118,49.51,48.73,52.15,-2.0,-0.76,-0.2,"9,055,175",100120.5,9266175.69,8923487.31,57.05,-2.06,-3.47,-4.62,54.62,45.3,-45.3,52.17,NaN,"6,622 M"
05/12/2026,1630,INDY,41.96,-1.36%,,.4602,0.55,<empty>,54.87,40.8201,43.8,43.58,49.09,-2.0,-0.68,-0.42,"320,768",-100043.01,164608.74,159079.28,162.7,-3.7,-3.43,-4.22,49.62,41.3,-41.3,46.17,NaN,564 M
05/12/2026,1630,INFL,53.69,+0.64%,,.7155,0.38,<empty>,55.17,40.94,53.1,52.66,47.06,2.0,0.22,0.54,"758,673",100121.01,253671.5,253442.28,498.75,1.55,2.11,2.62,55.5,50.61,55.5,-52.03,NaN,"1,596 M"
05/12/2026,1630,INMD,13.83,+0.44%,Health Care,2.019,0.28,$1.35,16.74,12.72,14.23,13.83,14.46,1.0,-0.51,0.17,"1,101,950",200129.05,882343.97,932509.14,130.43,8.39,-2.67,-0.65,15.56,13.42,-13.42,-13.04,54.0,841 M
05/12/2026,1630,INTC,120.61,-6.82%,Information Technology,1.947,17.29,($0.66),132.75,18.965,90.42,65.29,43.37,-1.0,1.0,-0.86,"172,067,956",501299.03,1.206845591E8,1.1152373E8,90.62,166.54,42.7,10.03,100.07,41.3,-41.3,-64.16,50.0,"606,186 M"
05/12/2026,1630,INVH,28.46,-1.59%,Real Estate,.8444,0.61,$1.96,34.58,24.25,27.84,26.4,27.82,-8.0,-0.96,-0.45,"6,688,837",0.0,6272524.39,6403785.62,95.87,13.34,1.14,-1.76,29.08,24.36,29.08,29.08,54.0,"16,906 M"
05/12/2026,1630,IONQ,55.87,-1.79%,Information Technology,2.932,4.61,($1.35),84.64,25.89,46.93,37.89,46.77,2.0,1.0,0.6,"51,663,810",300118.19,2.887394376E7,2.721932819E7,49.03,69.15,29.69,17.18,49.06,26.3,-26.3,-40.09,59.0,"20,855 M"
05/12/2026,1630,IPO,48.78,-1.85%,,1.332,1.2,<empty>,54.68,39.305,49.32,45.61,47.14,-4.0,-0.86,-0.3,"17,504",-300336.16,23572.65,24026.73,-32.4,14.88,2.58,-3.15,51.06,39.3,52.04,52.04,NaN,141 M
05/12/2026,1630,IRM,126.21,-2.89%,Real Estate,1.225,7.05,($2.64),134.09,77.77,121.7,111.81,99.19,-4.0,-0.97,-0.62,"2,047,653",100839.09,1563833.19,1764861.91,51.04,17.54,12.07,-0.47,128.06,97.3,134.04,134.04,58.0,"37,551 M"
05/12/2026,1630,IRT,16.46,+0.06%,Real Estate,1.002,0.24,<empty>,19.61,14.6,16.14,15.8,16.59,-6.0,-0.97,-0.52,"2,033,983",100350.55,2379236.27,2696907.58,-44.52,2.36,0.86,0.55,17.62,15.27,-15.27,17.04,54.0,"3,880 M"
05/12/2026,1630,ITA,225.39,-0.27%,,.7313,4.19,<empty>,250.65,165.6623,221.73,226.61,216.57,9.0,0.33,0.83,"661,118",-100228.43,1259257.43,1182687.42,-65.51,-2.64,4.25,1.29,251.5,209.3,-209.3,-212.09,NaN,"13,907 M"
05/12/2026,1630,ITB,90.345,-1.25%,,1.308,3.21,<empty>,118.0,87.02,95.82,94.48,102.19,-4.0,-0.49,-0.34,"2,477,182",0.0,2376403.36,2393469.16,69.24,-2.48,-7.74,-2.78,115.61,88.36,-88.36,103.15,NaN,"2,466 M"
05/12/2026,1630,ITW,251.41,-0.27%,Industrials,1.048,7.39,$9.44,303.155,238.82,262.67,265.66,261.1,1.0,-0.1,0.37,"1,169,460",200329.09,1282227.97,1329586.47,7.49,-5.35,-6.35,-1.61,303.61,247.08,-247.08,-247.08,53.0,"72,331 M"
05/12/2026,1630,IVOL,18.11,-0.28%,,.0303,0.11,<empty>,20.255,18.075,18.39,18.57,19.13,-4.0,0.0,-0.15,"116,724",-100135.25,327921.88,294113.87,-4.78,-3.57,-1.68,-1.15,19.51,18.09,19.51,19.17,NaN,335 M
05/12/2026,1630,IWC,185.25,-1.05%,,1.105,4.04,<empty>,189.5,115.75,181.15,170.47,158.42,-1.0,-0.98,-0.41,"210,096",-200325.04,138825.47,129666.97,25.29,14.48,4.61,0.77,184.06,153.3,-153.3,-173.09,NaN,"1,408 M"
05/12/2026,1630,IWF,123.35,-0.14%,,.1418,1.83,<empty>,124.025,97.075,120.04,113.84,115.44,-2.0,-1.0,-0.44,"4,686,089",-100128.43,1.004178189E7,1.132633623E7,37.16,11.3,3.59,0.5,121.07,102.3,-102.3,-117.13,NaN,"128,173 M"
05/12/2026,1630,IWM,282.57,-0.97%,,1.119,4.28,<empty>,287.58,199.65,277.88,262.49,250.17,-4.0,-0.97,-0.38,"27,394,500",100034.36,3.948930714E7,3.940746961E7,35.12,14.21,3.16,0.11,281.06,239.3,-239.3,288.03,NaN,"78,583 M"
05/12/2026,1630,IWN,209.64,-0.74%,,1.034,2.28,<empty>,213.19,146.9,207.48,197.9,185.35,-2.0,-0.93,-0.44,"647,003",100226.28,829990.29,779142.08,7.91,11.98,1.34,-0.22,209.07,182.36,-182.36,213.03,NaN,"13,669 M"
05/12/2026,1630,IWO,368.58,-1.13%,,1.198,7.1,<empty>,375.695,262.24,360.18,337.09,326.67,-1.0,-0.98,-0.41,"234,279",0.0,468766.84,457625.06,-35.56,16.47,4.86,0.55,366.06,300.3,-300.3,376.03,NaN,"14,393 M"
05/12/2026,1630,J,114.15,-2.45%,Industrials,.728,5.62,$4.07,168.44,114.14,126.25,128.29,140.44,-5.0,-0.41,-0.35,"1,548,168",-100032.05,1022248.53,1048647.7,36.33,-11.85,-9.73,-7.01,153.62,119.04,153.62,138.05,58.0,"13,479 M"
05/12/2026,1630,JACK,13.57,+1.27%,Consumer Discretionary,1.527,0.57,($0.94),29.14,8.915,12.93,12.32,17.36,-2.0,0.75,-0.58,"717,337",100390.3,852696.4,825328.32,-41.0,5.36,4.38,-2.16,23.58,9.29,-9.29,14.02,1.0,258 M
05/12/2026,1630,JBHT,236.79,-1.64%,Industrials,1.272,4.96,$10.78,256.18,130.12,245.01,225.89,186.81,-2.0,-0.62,-0.22,"1,290,243",100234.19,934471.17,952577.14,27.3,17.73,-5.77,-2.23,256.15,194.39,256.15,256.15,43.0,"22,329 M"
05/12/2026,1630,JBLU,4.73,-4.64%,Industrials,1.787,0.18,($3.18),6.5,3.84,5.14,4.76,4.88,-2.0,-0.55,-0.43,"25,151,670",201190.34,2.91399379E7,2.608324672E7,-25.33,13.7,-5.4,-7.8,6.58,4.37,-4.37,-5.07,53.0,"1,760 M"
05/12/2026,1630,JBSAY,14.44,0.00%,Consumer Staples,.1408,0.42,<empty>,15.67,13.01,14.36,14.79,12.75,4.0,0.12,0.37,<empty>,-500000.03,264987.4,239337.09,-42.94,2.12,0.77,3.81,16.13,13.03,16.13,-13.03,NaN,"32,030 M"
05/12/2026,1630,JETS,26.27,-1.28%,,1.173,0.81,<empty>,31.33,21.0312,26.35,25.69,26.37,-2.0,-0.67,-0.65,"3,198,034",-100157.45,5269120.35,4850718.73,-34.2,8.46,3.92,-4.78,31.62,24.3,-24.3,-25.09,NaN,746 M
05/12/2026,1630,JNJ,224.26,+1.28%,Health Care,.2613,2.77,$7.23,251.71,146.115,227.5,235.39,208.26,2.0,0.02,0.48,"8,632,264",-100131.37,7557894.07,8032934.49,-4.12,-7.35,-1.55,0.79,252.5,221.03,252.5,236.17,44.0,"539,842 M"
05/12/2026,1630,JNK,96.18,-0.15%,,.419,0.27,<empty>,98.24,94.485,96.62,96.15,97.01,-1.0,-0.69,-0.26,"2,056,314",-100110.37,6246509.04,5742802.88,-16.15,0.74,-0.64,-0.02,98.56,94.31,-94.31,-96.06,NaN,"7,298 M"
05/12/2026,1630,JOBY,10.49,-2.33%,Industrials,2.495,0.85,($0.76),20.95,6.42,9.35,9.2,13.26,-1.0,1.0,-0.95,"27,950,701",101981.05,2.612096064E7,2.55543504E7,22.14,7.7,17.47,4.8,11.52,8.3,-8.3,-8.09,59.0,"10,318 M"
05/12/2026,1630,JOE,64.21,-1.37%,Real Estate,1.339,2.92,$3.45,73.54,42.65,67.1,67.05,59.65,-1.0,-0.33,-0.49,"183,322",-200139.06,266521.9,248510.05,14.27,-7.48,-9.5,-1.29,74.48,60.31,-60.31,-61.07,49.0,"3,686 M"
05/12/2026,1630,JOET,43.28,-0.35%,,1.035,0.35,<empty>,43.735,38.34,42.92,41.65,42.15,-1.0,-0.93,-0.39,"14,640",-100022.08,23681.71,24639.02,-13.37,7.05,1.91,0.42,43.15,39.3,-39.3,44.03,NaN,234 M
05/12/2026,1630,JPM,304.88,+1.63%,Financials,1.011,4.14,($39.16),337.25,256.0001,309.62,300.18,305.31,1.0,-0.6,0.27,"9,497,686",-100139.37,9476556.98,9599543.88,71.26,7.77,-2.11,-0.45,325.62,279.42,-279.42,320.15,43.0,"816,929 M"
05/12/2026,1630,JPXN,99.9069,+0.10%,,.5581,2.28,<empty>,101.215,75.9349,96.21,93.82,89.44,6.0,0.69,0.82,"13,816",300200.46,49397.55,60577.73,79.48,10.03,5.59,1.51,101.62,88.36,-88.36,-93.13,NaN,135 M
05/12/2026,1630,JYNT,8.68,-0.46%,Health Care,1.131,0.14,<empty>,13.4692,7.5,8.85,8.69,9.2,2.0,-0.36,0.46,"238,867",200000.01,67026.86,63104.96,811.29,5.72,-4.19,0.12,9.58,8.36,-8.36,-9.13,60.0,124 M
05/12/2026,1630,K,83.44,0.00%,Consumer Staples,.2238,0.18,$1.73,83.65,76.48,83.36,83.14,81.46,4.0,0.56,0.31,<empty>,-100010.01,3364959.52,3435920.58,1730.15,0.7,-0.06,0.36,84.1,76.54,84.1,-83.07,38.0,"29,031 M"
05/12/2026,1630,KBA,34.70,+0.43%,,.3733,0.59,<empty>,34.7,23.44,33.29,31.51,30.16,2.0,1.0,0.49,"38,742",0.0,74841.24,78922.14,39.73,14.41,5.95,2.97,34.07,29.34,-29.34,-32.15,NaN,201 M
05/12/2026,1630,KBWP,118.25,+0.42%,,.434,1.54,<empty>,129.0,114.62,120.41,120.65,121.87,2.0,0.22,0.33,"7,421",0.0,13626.26,16039.74,-59.58,-1.99,-2.68,0.06,128.5,116.31,-116.31,-117.02,NaN,246 M
05/12/2026,1630,KCE,153.1677,-0.17%,,1.246,1.22,<empty>,162.25,132.3,151.9,144.27,149.5,-1.0,-0.84,-0.39,"7,810",100125.4,19206.47,20705.54,-52.08,13.76,1.12,0.7,156.15,132.31,156.15,-149.13,NaN,460 M
05/12/2026,1630,KDP,29.17,+1.60%,Consumer Staples,1,0.32,$1.16,35.935,24.875,28.09,27.36,28.32,1.0,0.94,0.55,"9,260,023",-100326.12,1.098974906E7,1.11440203E7,-35.34,8.32,1.32,2.28,32.54,25.26,-25.26,30.08,50.0,"39,688 M"
05/12/2026,1630,KEMX,48.08,-3.80%,,.8847,1.62,<empty>,50.1787,29.78,46.83,43.56,38.58,-1.0,-0.96,-0.65,"19,229",100338.38,27969.75,27384.63,23.77,19.95,4.98,-1.56,47.06,39.3,-39.3,-45.15,NaN,125 M
05/12/2026,1630,KHC,23.37,+0.47%,Consumer Staples,1,0.62,$3.33,29.19,21.035,22.56,22.67,24.64,-2.0,0.98,-0.87,"14,835,246",-100032.05,1.553437551E7,1.584556532E7,60.3,4.66,4.01,-1.14,25.62,21.34,-21.34,24.02,53.0,"27,712 M"
05/12/2026,1630,KLAC,1811.35,-1.83%,Information Technology,1.471,63.54,$30.49,1939.36,740.44,1799.04,1629.15,1291.4,-1.0,-0.52,-0.42,"1,028,925",100451.09,1003647.8,972053.23,50.43,28.5,0.13,2.73,1939.12,1321.45,1939.12,-1646.08,55.0,"236,612 M"
05/12/2026,1630,KMX,38.21,-2.23%,Consumer Discretionary,1.224,0.9,$8.44,71.99,30.26,39.1,41.14,45.28,-1.0,-0.47,-0.5,"3,506,108",-100648.21,3318184.1,3388891.1,9.14,-6.8,-1.11,-4.26,49.21,37.05,-37.05,-37.05,25.0,"5,419 M"
05/12/2026,1630,KNX,59.90,-3.26%,Industrials,1.125,1.63,$3.05,67.75,38.625,63.77,59.86,51.3,-2.0,-0.54,-0.28,"3,590,637",200540.05,3337904.52,3253912.44,33.46,15.17,-8.59,-5.58,68.13,52.39,68.13,68.13,49.0,"9,733 M"
05/12/2026,1630,KO,80.03,+1.74%,Consumer Staples,.3605,1.18,$2.92,82.0,65.3538,77.27,76.92,72.27,1.0,0.51,0.67,"19,878,185",-200122.11,1.513256334E7,1.604223865E7,112.55,3.12,2.14,2.04,82.51,74.33,-74.33,80.1,48.0,"344,328 M"
05/12/2026,1630,KR,64.62,-0.28%,Consumer Staples,.4629,1.2,$5.30,76.58,58.6,67.07,70.0,67.29,-6.0,0.0,-0.4,"6,444,353",-100130.37,5950572.53,5969017.27,81.7,-13.79,-3.45,-2.7,77.42,65.03,77.42,69.13,27.0,"39,585 M"
05/12/2026,1630,KRE,68.23,-0.47%,,.8473,0.7,<empty>,74.08,55.37,69.61,67.1,65.27,-4.0,-0.64,-0.3,"17,791,795",-200335.52,1.655230478E7,1.794078562E7,48.77,7.52,-3.04,-2.46,74.62,62.37,-62.37,71.17,NaN,"4,302 M"
05/12/2026,1630,KSA,38.75,-1.02%,,.3068,0.3,<empty>,41.5,35.81,39.25,38.75,38.48,3.0,-0.42,0.37,"287,630",100027.5,757601.77,813081.86,57.04,2.24,-1.1,1.02,41.17,36.49,41.17,-38.03,NaN,713 M
05/12/2026,1630,KSS,12.73,-2.75%,Consumer Discretionary,1.517,0.66,$9.00,25.22,7.47,14.46,13.83,16.52,-2.0,-0.4,-0.23,"4,856,150",-100269.37,5216795.91,4893653.0,10.37,-4.07,-14.04,-11.29,20.59,12.38,-12.38,16.14,11.0,"1,429 M"
05/12/2026,1630,KVUE,17.47,+1.75%,Consumer Staples,.2292,0.17,$0.95,24.355,14.02,17.45,17.52,17.77,1.0,0.37,0.61,"23,714,327",0.0,2.057206019E7,2.576797016E7,77.22,0.46,-0.4,-1.41,19.51,17.25,-17.25,18.03,59.0,"33,543 M"
05/12/2026,1630,KW,11.00,-0.27%,Real Estate,.914,0.05,($0.49),11.085,5.98,10.92,10.9,9.51,-1.0,0.07,-0.39,"650,825",100047.56,1105182.34,1404524.62,13.74,1.2,0.92,0.0,11.49,10.61,-10.61,11.03,59.0,"1,532 M"
05/12/2026,1630,KWEB,29.15,-1.49%,,.3104,0.55,<empty>,43.365,27.62,29.16,29.15,35.34,-1.0,1.0,-0.63,"27,711,600",100340.05,2.544638051E7,2.465833792E7,17.72,-3.03,3.7,-1.25,34.62,28.29,-28.29,-28.09,NaN,"6,693 M"
05/12/2026,1630,LAMR,147.54,-3.10%,Real Estate,1.203,7.42,$7.25,158.6899,113.05,139.39,134.47,128.37,-2.0,-1.0,-0.87,"1,026,222",-100326.02,614396.09,624728.15,118.61,10.16,9.39,-2.42,142.06,122.29,-122.29,159.02,60.0,"14,972 M"
05/12/2026,1630,LCID,6.01,-0.33%,Consumer Discretionary,.8386,0.25,($14.63),33.7,5.62,6.53,8.47,14.3,13.0,0.65,0.71,"12,350,338",-701021.14,1.38488864E7,1.235901031E7,-45.04,-38.92,2.39,-0.66,11.44,6.09,-6.09,-6.09,58.0,"2,345 M"
05/12/2026,1630,LEVI,21.56,-1.33%,Consumer Discretionary,1.32,0.39,$1.20,24.82,16.5,22.47,20.65,21.31,-2.0,-0.66,-0.25,"3,942,092",-100438.25,2956775.46,2799060.12,75.85,18.98,-3.32,-5.23,24.15,18.36,24.15,24.15,29.0,"8,292 M"
05/12/2026,1630,LFMD,4.28,-2.51%,Health Care,1.801,0.29,<empty>,15.84,2.56,4.6,4.05,4.84,-4.0,-0.83,-0.22,"1,121,053",402616.17,1345251.23,1222818.73,8.25,8.77,-5.93,-4.68,5.06,3.54,5.04,5.04,59.0,207 M
05/12/2026,1630,LFST,7.93,+3.39%,Health Care,1.325,0.44,<empty>,8.89,3.74,7.32,6.86,6.24,-3.0,0.98,-0.7,"8,688,129",-100411.03,4075989.06,3867123.59,572.35,25.28,3.39,-10.4,8.53,6.41,-6.41,9.03,59.0,"3,076 M"
05/12/2026,1630,LH,257.35,+0.89%,Health Care,.9161,3.49,$16.70,293.72,239.67,261.61,266.06,268.76,2.0,0.03,0.49,"732,390",-200330.09,635776.38,672977.77,16.96,-2.11,-0.86,-0.27,292.61,249.05,-249.05,-249.05,50.0,"21,103 M"
05/12/2026,1630,LI,18.74,-0.69%,Consumer Discretionary,.543,0.41,($1.82),32.025,15.71,18.16,17.97,20.03,7.0,0.74,0.54,"2,123,281",0.0,3139969.29,2956422.62,1.16,5.1,5.4,6.48,20.22,17.37,20.22,-17.1,11.0,"19,127 M"
05/12/2026,1630,LII,508.55,-2.48%,Industrials,1.222,14.9,$18.86,689.44,434.06,507.2,494.74,521.25,-4.0,-0.85,-0.51,"320,019",100142.09,465224.39,475372.89,-12.44,5.44,2.63,-3.43,576.61,434.31,-434.31,551.03,53.0,"17,698 M"
05/12/2026,1630,LIN,503.87,-0.11%,,.7366,6.0,<empty>,521.28,387.78,501.06,496.4,462.86,2.0,0.44,0.44,"1,430,720",-100127.37,2326740.61,2454775.02,-7.98,2.74,-1.26,2.03,521.07,455.62,521.07,521.07,55.0,"232,963 M"
05/12/2026,1630,LIT,89.47,-2.35%,,1.039,2.92,<empty>,91.98,35.62,86.01,77.91,64.61,-1.0,-0.97,-0.51,"1,181,609",300136.01,386119.56,373306.13,186.68,25.75,6.8,0.13,89.07,67.36,-67.36,-81.13,NaN,"2,112 M"
05/12/2026,1630,LLY,989.87,+2.37%,Health Care,.4842,47.33,$11.81,1133.95,623.78,929.88,939.52,918.02,1.0,0.47,0.88,"3,036,679",200438.09,3094372.47,3107886.16,15.74,1.29,13.26,1.53,1067.59,851.09,-851.09,-851.09,58.0,"882,708 M"
05/12/2026,1630,LMND,55.14,+0.16%,Financials,1.748,4.8,$0.26,99.9,28.71,61.19,60.23,63.31,4.0,-0.44,0.39,"1,351,440",200781.4,1888065.29,2274804.48,20.75,4.25,-16.16,1.3,75.57,48.54,-48.54,-52.03,57.0,"4,236 M"
05/12/2026,1630,LMT,521.00,+1.71%,Industrials,.0812,5.59,$24.45,692.0,410.11,536.12,594.68,526.85,11.0,0.09,0.67,"1,162,678",-100135.37,1571311.42,1573656.45,-49.21,-20.19,1.7,1.68,692.5,500.04,-500.04,-500.04,48.0,"120,124 M"
05/12/2026,1630,LNG,244.31,+1.50%,Energy,.0506,11.82,$10.16,300.89,186.2001,258.49,264.79,229.93,1.0,-0.09,0.27,"2,130,218",-100147.37,3323349.54,3079055.51,27.36,-3.75,-7.8,-1.0,301.3,216.52,301.3,-236.03,59.0,"51,196 M"
05/12/2026,1630,LOGI,103.56,-3.12%,Information Technology,1.083,4.46,$6.65,123.01,81.98,100.3,95.34,101.94,-2.0,-0.99,-0.86,"1,203,151",100237.05,1065736.73,1058987.86,46.61,11.44,7.16,0.34,102.17,86.61,-86.61,-94.13,58.0,"14,861 M"
05/12/2026,1630,LOTMY,31.17,-0.45%,Consumer Discretionary,.7755,1.25,<empty>,33.1,21.65,30.72,29.74,26.6,-2.0,-0.54,-0.45,"6,394",-100100.15,23318.24,20674.56,-90.66,9.73,4.39,-3.94,33.17,23.55,33.17,-29.05,NaN,"7,328 M"
05/12/2026,1630,LOW,224.52,-0.68%,Consumer Discretionary,.8924,7.42,$13.69,293.06,210.33,238.01,239.62,249.47,-2.0,-0.31,-0.33,"3,269,071",-100128.54,2579703.22,2678074.72,44.9,-6.24,-6.57,-2.75,293.61,223.05,-223.05,-223.05,6.0,"125,745 M"
05/12/2026,1630,LQD,108.56,-0.34%,,.4455,0.39,<empty>,112.93,105.39,109.22,109.19,110.45,-1.0,-0.55,-0.56,"26,579,527",-400009.41,4.065444523E7,4.000009702E7,49.2,-0.01,-0.71,-0.17,112.51,107.31,-107.31,-108.06,NaN,"29,235 M"
05/12/2026,1630,LRCX,289.24,-2.30%,Information Technology,1.824,17.23,$4.76,300.0,79.49,268.93,243.38,180.77,-1.0,0.83,-0.68,"9,339,673",-100371.37,1.007117063E7,9944287.93,-4.73,38.07,15.13,0.95,276.12,194.45,-194.45,-242.09,54.0,"361,715 M"
05/12/2026,1630,LUV,39.48,-1.28%,Industrials,1.151,1.38,($0.73),55.11,28.975,39.81,40.15,37.95,-2.0,-0.41,-0.68,"5,581,659",0.0,8433652.53,8827837.8,-41.36,2.25,3.87,-4.61,55.59,36.27,-36.27,-37.13,49.0,"19,297 M"
05/12/2026,1630,LUXE,8.14,-2.63%,Consumer Discretionary,1.161,0.28,($0.33),11.38,7.0,8.85,8.56,8.7,-4.0,-0.39,-0.2,"199,863",0.0,196489.65,273119.45,39.0,-2.05,-9.25,-6.33,11.61,8.27,-8.27,9.05,5.0,"1,117 M"
05/12/2026,1630,LVS,51.70,-0.71%,Consumer Discretionary,.8267,0.98,$3.30,70.4545,39.29,54.29,54.16,57.24,-2.0,-0.29,-0.46,"4,236,818",100139.14,4193792.54,4305337.8,-16.18,-3.69,-4.72,-3.87,59.58,50.13,-50.13,-50.13,49.0,"34,258 M"
05/12/2026,1630,LW,41.41,+2.65%,Consumer Staples,.4434,1.02,$4.54,67.07,37.62,43.38,42.59,51.43,-3.0,-0.76,-0.56,"1,638,311",-100266.37,3055900.84,2732604.94,19.76,2.37,-3.88,-3.76,51.6,38.27,-38.27,47.15,49.0,"5,718 M"
05/12/2026,1630,LYB,74.31,+1.06%,Materials,.3989,2.16,$2.82,83.94,41.58,72.55,72.92,55.61,2.0,0.24,0.58,"4,016,935",-100261.37,8412370.9,8020363.75,-24.89,-0.03,3.96,3.92,84.29,54.56,84.29,78.05,55.0,"23,986 M"
05/12/2026,1630,LYFT,13.88,+0.07%,Industrials,2,0.18,$2.77,25.54,12.46,14.32,13.74,17.4,-2.0,-0.7,-0.53,"14,325,454",100262.37,1.614211034E7,1.762606852E7,28.75,7.18,-2.39,-1.98,15.17,12.3,15.17,15.17,59.0,"5,270 M"
05/12/2026,1630,LYV,165.67,+1.64%,Communication Services,1.132,4.67,$5.19,175.25,125.34,158.39,157.83,152.44,1.0,0.8,0.71,"2,341,066",100434.05,3041884.41,3140241.7,56.41,3.34,7.06,-0.05,169.2,144.31,170.04,170.04,60.0,"38,554 M"
05/12/2026,1630,M,18.52,-0.91%,Consumer Discretionary,2.452,0.47,$2.55,24.41,10.54,19.53,18.69,18.92,-2.0,-0.51,-0.36,"5,442,576",-100154.37,6808058.61,6824132.1,25.15,7.86,-4.68,-3.69,23.58,17.37,-17.37,21.15,10.0,"4,885 M"
05/12/2026,1630,MA,499.81,+0.40%,Financials,.7481,7.74,$18.98,601.77,480.5,506.5,504.87,546.14,2.0,0.45,0.5,"3,296,187",-200025.09,3520018.52,3617772.75,44.01,0.5,-1.54,-0.23,543.61,481.31,-481.31,-490.04,54.0,"441,624 M"
05/12/2026,1630,MAC,22.24,+2.77%,Real Estate,2.09,0.29,$1.22,22.555,14.82,21.69,20.33,18.55,1.0,0.66,0.3,"8,947,538",100427.01,2414069.93,2444256.85,386.71,19.19,2.3,4.07,23.17,18.61,23.17,-21.11,62.0,"5,813 M"
05/12/2026,1630,MAR,350.23,-0.87%,Consumer Discretionary,1.098,5.88,$9.16,380.0,253.555,361.0,343.2,304.42,-1.0,-0.33,-0.19,"1,297,694",-100138.37,1481601.07,1607666.43,-6.74,10.72,-2.26,-0.52,380.15,311.45,380.15,-345.06,57.0,"92,352 M"
05/12/2026,1630,MARA,12.72,-5.00%,Information Technology,4.878,0.79,($3.84),23.45,6.66,11.85,10.05,12.83,-1.0,-1.0,-0.73,"50,189,145",200905.09,4.682659578E7,4.724548016E7,-5.31,45.21,15.43,0.16,12.07,7.61,-7.61,-10.09,53.0,"4,849 M"
05/12/2026,1630,MCD,274.84,+0.09%,Consumer Discretionary,.4117,8.22,$9.88,341.75,271.975,292.52,306.25,308.89,1.0,0.0,0.33,"4,366,145",-400022.02,3429143.05,3517994.23,53.43,-15.15,-6.0,-3.12,342.5,282.03,342.5,313.17,59.0,"195,275 M"
05/12/2026,1630,MCHP,97.70,-1.34%,Information Technology,1.678,5.44,$1.37,105.91,48.52,89.81,75.67,68.9,-4.0,-0.96,-0.53,"12,827,296",100152.02,1.000000658E7,9643415.86,44.11,55.75,15.95,-3.82,96.06,59.3,-59.3,106.02,60.0,"52,869 M"
05/12/2026,1630,MCK,734.69,+1.31%,Health Care,.3231,40.8,$43.77,999.0,637.0,810.51,864.23,814.39,1.0,0.0,0.12,"951,688",-100028.03,902089.55,869647.37,-14.87,-22.2,-12.01,-2.66,999.49,730.03,999.49,873.16,59.0,"88,313 M"
05/12/2026,1630,MCO,451.75,+0.75%,Financials,1.355,4.35,$15.41,546.88,402.28,455.15,447.13,481.75,1.0,-0.73,0.59,"1,030,706",0.0,1175606.78,1347114.72,-34.9,5.93,-1.36,-1.17,484.51,402.61,484.51,-442.05,50.0,"78,910 M"
05/12/2026,1630,MCW,7.07,+0.71%,Consumer Discretionary,1.281,0.02,$0.09,7.98,4.61,7.04,7.01,5.96,1.0,0.2,0.38,"10,455,381",100071.59,2503796.51,3229151.68,822.39,1.58,-0.14,0.43,7.07,6.6,7.07,7.07,59.0,"2,325 M"
05/12/2026,1630,MDB,308.72,+4.78%,Information Technology,1.642,18.3,$6.16,444.72,182.43,267.67,259.58,319.01,4.0,0.75,0.87,"2,653,741",200766.5,1911629.17,1934196.21,124.58,18.43,19.57,5.21,387.62,216.22,-216.22,-241.12,11.0,"24,812 M"
05/12/2026,1630,MDLZ,61.70,+0.47%,Consumer Staples,.4004,1.66,$2.00,71.15,51.2008,59.31,58.2,59.08,-6.0,0.85,-0.75,"6,608,684",-100031.37,9156414.42,9266433.34,17.18,13.52,5.4,0.64,63.6,54.42,-54.42,-56.14,53.0,"79,201 M"
05/12/2026,1630,MELI,1578.78,+1.38%,Consumer Discretionary,1.341,99.24,$234.59,2645.22,1536.71,1796.57,1749.25,2069.9,-3.0,-0.43,0.0,"1,163,367",-200541.02,533432.69,575616.97,355.22,-6.02,-11.9,-15.57,2114.61,1593.31,2114.61,1903.15,59.0,"80,040 M"
05/12/2026,1630,META,603.00,+0.69%,Communication Services,1.235,30.29,$19.13,796.25,520.26,644.1,624.55,674.74,1.0,-0.51,0.13,"11,345,578",-100136.09,1.619635182E7,1.530728118E7,23.11,-5.51,-10.18,-2.24,692.17,520.31,692.17,692.17,54.0,"1,530,669 M"
05/12/2026,1630,MGM,36.90,-1.07%,Consumer Discretionary,1.269,0.94,$5.81,40.94,29.185,38.71,37.46,35.61,-2.0,-0.37,-0.15,"6,011,480",-100450.37,4638337.6,4711494.35,100.3,1.65,-7.15,-3.18,41.11,33.45,41.11,41.11,54.0,"9,441 M"
05/12/2026,1630,MGPI,18.29,-1.83%,Consumer Staples,.5045,0.61,$2.46,33.62,16.45,19.66,18.83,23.89,-2.0,-0.76,-0.57,"143,959",-100640.54,260449.19,292650.85,-6.41,0.66,-9.5,-4.19,26.62,16.36,-16.36,-17.09,54.0,391 M
05/12/2026,1630,MICC,15.09,+1.48%,Consumer Staples,.8707,0.88,$0.24,19.93,12.94,14.19,14.62,NaN,-4.0,NaN,NaN,"831,677",200556.09,1519064.15,1589066.62,-28.58,-1.57,14.4,2.86,20.62,13.09,-13.09,16.04,NaN,"9,239 M"
05/12/2026,1630,MKOR,60.30,-7.25%,,1.547,3.79,<empty>,65.47,22.77,56.86,50.25,38.3,-1.0,-0.95,-0.78,"102,305",-100200.01,30943.3,30904.07,262.75,39.78,9.86,-1.73,59.06,41.3,-41.3,-52.15,NaN,139 M
05/12/2026,1630,MLCO,5.51,+3.77%,Consumer Discretionary,.5592,0.12,$1.20,10.15,5.22,5.65,5.64,7.49,1.0,0.64,0.49,"2,803,736",-100052.02,1666009.86,2005204.65,107.76,0.18,-0.72,-1.61,6.62,5.61,-5.61,-5.02,54.0,"2,139 M"
05/12/2026,1630,MLM,581.14,-0.83%,Materials,1.12,11.98,$17.13,710.97,532.805,609.33,603.85,622.3,-4.0,-0.51,-0.34,"481,589",-200133.37,513608.56,546331.21,0.89,-1.06,-5.36,-3.22,702.53,555.37,-555.37,635.17,59.0,"34,895 M"
05/12/2026,1630,MNDY,71.99,-6.40%,Information Technology,1.228,4.32,$6.02,316.98,57.5,70.02,70.71,140.21,-1.0,-1.0,-0.7,"2,486,976",-101070.02,1677360.84,2200279.74,76.85,-2.16,7.05,-5.76,82.47,58.22,-58.22,-62.13,61.0,"3,683 M"
05/12/2026,1630,MNSO,14.11,-1.40%,Consumer Discretionary,-.0474,0.24,$0.74,26.74,13.98,14.95,15.88,19.67,-2.0,-0.26,-0.66,"406,701",0.0,434329.08,471436.37,2.99,-15.81,-3.82,-2.89,20.55,14.08,20.55,16.17,7.0,"4,274 M"
05/12/2026,1630,MNST,85.87,-0.62%,Consumer Staples,.5182,3.91,$2.10,88.77,58.09,77.96,76.12,72.66,3.0,1.0,1.0,"6,026,664",100227.03,5361445.68,5735952.42,48.33,11.53,11.24,13.03,87.51,71.29,-71.29,89.02,60.0,"83,982 M"
05/12/2026,1630,MO,69.89,+1.87%,Consumer Staples,.5357,2.59,$5.14,74.56,54.7,68.16,67.07,63.73,-6.0,-0.7,-0.35,"8,349,098",-200227.09,9824936.03,9512922.08,6.37,3.2,3.08,1.23,75.07,63.33,75.07,75.07,54.0,"116,709 M"
05/12/2026,1630,MOH,191.58,+3.45%,Health Care,.7349,7.29,$4.84,327.68,121.06,176.88,156.57,165.0,-8.0,-0.92,-0.62,"956,875",-100059.37,1576854.15,1642723.15,-64.23,28.41,3.3,-0.14,198.09,121.62,-121.62,201.03,49.0,"9,981 M"
05/12/2026,1630,MOO,82.63,+0.88%,,.3649,0.97,<empty>,86.5583,69.32,82.98,83.33,77.23,1.0,0.11,0.5,"175,078",-100103.03,509217.97,454517.09,69.11,-2.51,0.71,1.25,87.61,80.36,-80.36,-82.02,NaN,"1,116 M"
05/12/2026,1630,MOVE:GIF,71.6779,0.00%,,-4.191,3.11,<empty>,115.0172,55.7659,70.38,80.05,73.84,2.0,0.2,0.71,<empty>,NaN,NaN,NaN,NaN,-21.38,-3.56,6.58,115.33,61.62,115.33,78.07,NaN,0
05/12/2026,1630,MP,65.59,-2.70%,Materials,1.917,3.15,($1.81),100.2505,18.64,65.26,59.21,63.22,-4.0,-0.92,-0.35,"5,820,339",-100977.03,5814183.97,5682271.43,-4.61,9.26,6.3,-5.12,70.06,44.3,-44.3,77.02,60.0,"11,676 M"
05/12/2026,1630,MPC,251.99,-0.19%,Energy,.5442,11.35,$18.98,261.61,154.65,235.56,233.29,195.9,-1.0,0.72,-0.71,"2,669,559",-200243.37,2612425.17,2526238.78,19.14,9.53,8.34,4.02,256.3,190.51,262.05,262.05,57.0,"73,565 M"
05/12/2026,1630,MPLX,54.39,+0.67%,Energy,.4641,0.92,$4.02,59.98,47.8,55.45,56.74,53.7,-3.0,-0.14,-0.44,"1,559,899",200022.05,2025505.09,2010348.43,-5.62,-6.8,-1.25,-3.34,60.34,54.24,60.34,58.06,57.0,"55,191 M"
05/12/2026,1630,MPNGY,21.41,-1.15%,Consumer Discretionary,.0483,0.37,<empty>,37.88,18.56,21.46,20.98,24.85,-1.0,0.77,-0.44,"256,130",100100.34,343871.96,329975.31,163.68,10.82,4.29,0.42,23.32,19.47,23.32,-20.1,9.0,"66,097 M"
05/12/2026,1630,MRNA,53.27,+0.74%,Health Care,1.086,2.98,($4.10),59.55,22.28,50.77,51.59,36.31,7.0,0.22,0.62,"11,244,240",-100993.02,7805575.2,8356764.61,220.66,-0.22,13.0,9.74,60.48,37.62,60.48,-44.07,55.0,"21,137 M"
05/12/2026,1630,MRVL,164.50,-3.71%,Information Technology,2.194,5.34,$1.62,175.8,58.61,158.11,122.07,91.71,-4.0,-0.8,-0.07,"21,352,404",300663.29,2.622721479E7,2.29289792E7,-30.6,87.64,7.35,2.81,171.12,75.47,176.04,176.04,10.0,"143,848 M"
05/12/2026,1630,MSFT,407.77,-1.18%,Information Technology,1.081,6.5,$9.81,555.45,356.28,418.29,398.73,464.64,-3.0,-0.79,-0.32,"38,578,249",-100131.09,3.368640759E7,3.447048441E7,31.32,1.47,-5.0,-3.09,434.14,356.3,434.14,-398.08,54.0,"3,029,093 M"
05/12/2026,1630,MSGS,336.12,-2.32%,Communication Services,.585,4.4,$2.12,348.2,186.0,335.44,325.35,259.08,-1.0,-0.33,-0.3,"322,556",100235.3,233253.93,252100.36,95.48,7.62,0.89,1.08,346.07,277.61,-277.61,-321.02,63.0,"8,092 M"
05/12/2026,1630,MSM,106.92,-0.37%,Industrials,.992,2.71,$3.86,107.99,77.78,100.9,95.08,89.88,-1.0,1.0,-0.58,"822,447",100333.12,663844.18,628148.78,69.38,18.46,3.92,2.5,105.1,85.36,-85.36,-95.17,34.0,"5,970 M"
05/12/2026,1630,MSTR,184.42,-5.88%,Information Technology,3.343,10.36,($2.32),457.22,104.165,172.88,149.67,221.26,-1.0,-0.99,-0.55,"14,729,432",100889.18,1.918832222E7,1.935969049E7,-53.82,34.28,11.29,2.55,186.06,116.27,-116.27,-154.17,55.0,"64,630 M"
05/12/2026,1630,MTCH,35.36,-1.15%,Communication Services,1.413,0.97,$4.28,39.2,28.08,36.52,33.31,33.59,-7.0,-0.67,0.0,"2,969,789",-100143.37,5375133.53,5004857.47,23.4,17.48,-4.47,-1.31,39.07,30.59,39.07,39.07,58.0,"8,248 M"
05/12/2026,1630,MTDR,56.65,+0.57%,Energy,.8193,2.99,$0.48,66.8387,37.14,59.41,59.23,48.44,1.0,-0.04,0.2,"1,367,123",200150.18,1864160.54,1925620.23,-7.06,0.87,-7.33,1.94,67.3,46.61,67.3,64.06,53.0,"7,035 M"
05/12/2026,1630,MTUM,303.24,-1.12%,,1.066,10.24,<empty>,307.86,223.47,283.86,262.33,253.82,-1.0,1.0,-0.66,"1,126,705",100231.3,876383.35,841991.1,100.13,24.33,9.79,3.17,287.06,229.3,-229.3,-271.15,NaN,"26,124 M"
05/12/2026,1630,MU,766.58,-3.61%,Information Technology,1.891,104.39,$9.16,818.67,90.93,558.88,463.7,297.3,-1.0,1.0,-0.98,"73,490,394",-100206.01,4.656093384E7,4.350083002E7,59.77,89.12,52.01,18.55,593.06,311.29,-311.29,-436.16,29.0,"864,498 M"
05/12/2026,1630,MUR,38.70,+2.87%,Energy,.5663,1.6,$1.25,43.34,20.31,39.24,38.45,31.47,1.0,-0.15,0.21,"1,440,496",200158.37,2521928.54,2398258.28,-1.15,11.46,-3.32,1.12,43.25,30.52,43.25,42.05,59.0,"5,548 M"
05/12/2026,1630,MUSA,576.96,-0.17%,Consumer Discretionary,.3228,31.26,$29.30,609.8206,345.2301,546.34,501.63,419.12,-5.0,-0.92,-0.56,"273,164",101137.09,364418.98,362008.24,4.55,26.7,10.9,-0.66,605.06,360.62,610.04,610.04,54.0,"10,657 M"
05/12/2026,1630,MZTI,114.52,+1.99%,Consumer Staples,.3856,6.08,$9.04,190.96,111.04,125.01,138.41,162.27,1.0,0.01,0.48,"449,843",-200425.07,344484.04,311239.32,33.72,-24.63,-9.77,-2.09,171.52,111.06,-111.06,-111.06,69.0,"3,140 M"
05/12/2026,1630,N225:JP,62742.57,0.00%,,<empty>,1446.5,<empty>,63385.04,36855.83,59718.69,56472.28,50304.95,-2.0,1.0,-0.65,<empty>,NaN,NaN,NaN,NaN,18.99,6.09,-0.15,60904.08,50559.27,-50559.27,-57010.17,NaN,0
05/12/2026,1630,NBIS,179.11,-3.76%,Information Technology,2.084,19.57,($15.18),197.89,32.88,162.71,133.25,103.38,-3.0,-0.96,-0.55,"11,689,440",100388.39,1.689831864E7,1.628907858E7,-9.38,65.78,32.17,-3.06,179.06,80.61,-80.61,198.03,1.0,"45,476 M"
05/12/2026,1630,NBIX,155.80,+3.46%,Health Care,.3547,10.02,$8.34,160.18,116.0,135.96,132.45,137.81,10.0,1.0,1.0,"1,309,642",-200137.05,1141383.47,1207678.64,73.82,21.93,21.6,4.15,140.62,122.61,-122.61,-126.09,54.0,"15,666 M"
05/12/2026,1630,NCLH,16.00,-3.50%,Consumer Discretionary,1.91,0.77,($2.10),27.1799,15.98,18.36,19.23,21.87,-2.0,-0.25,-0.29,"21,474,119",-200260.07,2.292748781E7,2.362739377E7,31.01,-17.78,-10.06,-7.08,25.51,17.06,25.51,22.17,54.0,"7,346 M"
05/12/2026,1630,NEE,94.59,-0.26%,Utilities,.7277,1.3,($7.43),98.75,63.88,94.13,92.94,83.93,-1.0,-0.43,-0.36,"6,922,140",200328.09,8953417.87,9379873.74,-26.96,3.12,-1.99,1.36,99.07,89.36,99.07,99.07,49.0,"197,252 M"
05/12/2026,1630,NEM,119.69,-0.81%,Materials,.4629,4.55,$8.43,134.88,48.27,113.34,111.93,97.58,6.0,0.52,0.71,"5,750,107",-100458.37,9486976.86,9387368.75,-10.36,4.55,8.91,5.46,132.5,94.36,-94.36,-107.09,50.0,"127,775 M"
05/12/2026,1630,NET,186.79,-3.48%,Information Technology,1.599,20.29,$0.80,260.0,143.0,211.32,207.03,204.11,-3.0,-0.54,-0.23,"5,578,204",-301070.03,4467628.71,4887680.05,171.43,-11.94,-10.41,-27.26,229.38,159.55,-159.55,259.03,55.0,"66,024 M"
05/12/2026,1630,NFLX,87.66,+2.59%,Communication Services,1.664,2.48,$2.81,134.115,75.01,92.81,95.13,103.02,1.0,-0.27,0.18,"43,539,800",200132.18,4.090440519E7,4.501477857E7,29.22,-7.05,-5.0,-0.67,109.18,75.55,109.18,99.17,45.0,"369,119 M"
05/12/2026,1630,NIKL,17.74,+0.11%,,.9378,0.28,<empty>,21.855,9.95,17.47,16.79,15.57,2.0,0.48,0.56,"230,243",0.0,176037.72,215796.29,196.28,5.03,1.72,1.72,20.51,14.36,-14.36,-17.05,NaN,80 M
05/12/2026,1630,NKE,42.35,-0.09%,Consumer Discretionary,1.139,0.89,$0.71,80.165,42.06,44.59,48.59,62.94,-2.0,-0.55,-0.69,"21,262,501",100140.28,2.241823822E7,2.087815507E7,18.22,-21.76,-5.95,-4.64,68.56,42.21,68.56,47.15,31.0,"62,716 M"
05/12/2026,1630,NLR,139.90,-3.95%,,.8386,3.04,<empty>,168.1199,85.25,144.04,139.36,136.14,-1.0,-0.53,-0.49,"842,520",-200239.01,443315.9,452408.6,82.72,-0.65,-0.84,-2.94,154.5,126.3,-126.3,151.13,NaN,"5,098 M"
05/12/2026,1630,NNN,44.50,+0.45%,Real Estate,.8019,0.35,$3.46,46.03,38.9,44.26,43.97,42.34,1.0,0.51,0.64,"1,730,510",100227.09,1583481.8,1600862.41,4.1,-1.0,1.04,-0.02,46.5,42.3,-42.3,-43.08,58.0,"8,466 M"
05/12/2026,1630,NOAH,10.63,+0.09%,Financials,.816,0.23,$1.73,12.84,9.31,10.46,10.69,11.21,-4.0,-0.66,-0.66,"55,951",100260.32,121048.96,124948.39,0.51,-6.51,-0.84,-1.76,12.58,10.32,-10.32,11.04,10.0,697 M
05/12/2026,1630,NORW,38.23,+0.10%,,.7228,0.39,<empty>,39.1499,27.2101,38.13,37.4,32.11,1.0,-0.43,0.22,"37,941",-100100.12,210899.28,170399.85,-62.18,5.81,1.11,1.22,39.21,34.59,39.05,39.05,NaN,155 M
05/12/2026,1630,NOW,89.00,-2.72%,Information Technology,.823,2.05,$4.46,211.47798,81.24,92.64,101.23,146.39,-1.0,-0.79,-0.46,"22,320,856",-300362.14,2.263352808E7,2.222810122E7,-37.5,-21.22,-1.65,-4.9,127.45,81.22,-81.22,-84.13,49.0,"91,786 M"
05/12/2026,1630,NSA,43.58,-0.16%,Real Estate,1.092,0.78,$3.59,44.015,27.43,42.82,39.46,33.04,5.0,-0.64,0.38,"1,331,843",-100336.4,1836941.68,1815551.2,-6.62,40.76,4.01,0.58,44.15,30.42,44.15,-41.09,57.0,"3,365 M"
05/12/2026,1630,NSC,312.35,+0.40%,Industrials,1.28,3.2,$7.20,323.37,236.37,310.97,299.89,292.25,-11.0,-0.77,-0.44,"865,209",200128.33,1301002.37,1319848.65,-3.45,7.24,-1.38,-0.33,323.12,278.36,323.12,323.12,53.0,"70,152 M"
05/12/2026,1630,NSP,31.57,-2.65%,Industrials,.5928,2.6,<empty>,72.23,18.57,31.62,27.37,39.15,-1.0,-0.82,-0.56,"553,244",-100190.37,1065232.86,1155185.24,-3.07,53.63,-10.44,-3.43,38.09,19.43,38.09,-28.04,55.0,"1,205 M"
05/12/2026,1630,NSSC,38.29,-4.77%,Information Technology,1.391,2.85,<empty>,48.12,26.44,43.8,42.6,40.89,-8.0,-0.11,0.0,"332,967",200150.43,610562.58,608352.98,52.81,-9.16,-16.12,-7.91,47.52,38.3,-38.3,47.07,71.0,"1,368 M"
05/12/2026,1630,NTLA,13.99,-2.98%,Health Care,1.98,0.76,($3.65),28.25,6.83,14.17,13.64,13.19,9.0,0.71,0.45,"4,656,999",200389.1,5279782.05,4932407.27,23.77,8.87,5.98,2.04,17.13,11.61,17.13,-12.09,59.0,"1,955 M"
05/12/2026,1630,NTR,71.98,+0.97%,Materials,.6763,2.56,$4.56,85.3599,53.03,72.76,74.75,64.46,2.0,0.05,0.31,"3,160,045",-100045.31,3929308.18,3692580.45,29.22,-14.25,-1.28,5.26,85.41,68.03,85.41,-68.02,59.0,"34,552 M"
05/12/2026,1630,NUE,229.83,-0.94%,Materials,1.845,6.46,$2.32,235.44,106.211,217.56,189.31,163.75,-10.0,-0.92,-0.34,"1,626,610",100237.11,1494752.94,1554099.75,-29.87,38.73,2.1,1.38,228.07,155.37,235.04,235.04,52.0,"52,340 M"
05/12/2026,1630,NVDA,220.78,+0.61%,Information Technology,2.276,8.09,$3.44,223.75,124.47,205.9,190.26,185.2,5.0,0.93,0.62,"158,969,497",-200252.52,1.6255546947E8,1.6986624408E8,47.88,20.55,3.57,4.39,217.11,164.3,-164.3,-195.06,6.0,"5,364,954 M"
05/12/2026,1630,NVO,47.00,+1.29%,Health Care,.8004,2.58,$1.08,81.44,35.12,42.5,39.51,49.31,-4.0,0.86,-0.89,"14,245,039",-100155.56,1.819104965E7,2.001790878E7,-19.16,23.62,14.16,2.62,50.61,35.3,-35.3,-38.13,58.0,"208,344 M"
05/12/2026,1630,NXPI,294.23,-3.84%,Information Technology,1.701,26.22,$10.12,306.62,183.0,260.66,223.69,222.87,-7.0,-0.98,-0.53,"4,790,251",-100048.03,3385986.73,3202643.6,86.59,53.87,27.71,1.38,300.06,185.3,-185.3,-210.17,52.0,"74,285 M"
05/12/2026,1630,NYT,77.98,+0.84%,Communication Services,.9915,1.6,$3.33,87.1,51.03,79.56,80.94,67.92,-3.0,-0.06,-0.47,"1,783,179",100131.05,2248511.48,2329112.44,-10.97,-0.1,-0.62,-2.74,87.25,70.62,87.25,87.04,58.0,"12,622 M"
05/12/2026,1630,O,62.53,+0.27%,Real Estate,.7486,0.77,$4.45,67.935,54.38,63.53,63.25,60.28,1.0,-0.31,0.44,"5,548,917",-100321.04,5833504.7,6146808.93,1.6,-3.84,-1.61,1.2,68.51,60.33,-60.33,-62.03,57.0,"58,309 M"
05/12/2026,1630,OC,119.83,-0.02%,Industrials,1.325,2.4,$10.00,159.42,97.53,122.0,114.03,125.13,-4.0,-0.76,-0.4,"1,365,743",-100349.37,1377960.06,1384486.76,54.82,16.28,-3.34,-1.63,143.61,99.36,-99.36,131.04,58.0,"9,650 M"
05/12/2026,1630,OIH,437.24,+1.41%,,.878,9.09,<empty>,450.85,210.7,427.16,407.48,319.84,2.0,0.47,0.32,"222,252",-100146.5,487574.18,525381.63,-57.53,17.39,-0.99,4.68,451.09,366.45,451.09,451.09,NaN,"2,493 M"
05/12/2026,1630,OKE,88.43,+0.73%,Energy,.7666,2.04,$3.56,95.3,64.02,87.26,87.55,77.63,2.0,0.24,0.48,"3,595,361",-100038.37,4838956.42,4942794.77,-22.82,4.12,-1.51,2.98,95.31,80.53,95.31,93.08,57.0,"55,714 M"
05/12/2026,1630,OKLO,73.63,-5.76%,Utilities,2.453,3.95,($0.79),193.84,29.17,70.53,61.31,86.5,-1.0,-0.98,-0.52,"15,607,562",101312.05,1.186764175E7,1.07904957E7,-14.08,23.56,6.57,2.51,82.12,45.3,82.12,82.12,0.0,"12,806 M"
05/12/2026,1630,OKTA,79.06,-3.22%,Information Technology,.7118,2.67,$4.91,127.567,62.66,76.58,76.52,85.43,-2.0,-0.94,-0.81,"2,328,750",-200863.23,3753864.96,3693592.97,-27.75,0.14,3.75,-2.25,90.62,63.22,-63.22,-71.17,11.0,"13,863 M"
05/12/2026,1630,OLLI,75.18,-0.73%,Consumer Discretionary,.4822,4.75,$3.17,141.74,74.4,86.76,93.89,115.21,-2.0,-0.07,-0.22,"2,231,717",-300644.36,1478280.72,1352147.98,88.3,-28.31,-15.26,-8.06,117.61,81.05,117.61,96.17,14.0,"4,561 M"
05/12/2026,1630,OMF,53.03,-0.26%,Financials,1.183,2.08,$27.17,71.93,45.7811,57.33,55.04,59.4,-2.0,-0.44,-0.17,"1,343,691",-100648.41,1455327.18,1500135.02,69.47,0.65,-9.55,-4.78,63.62,46.4,-46.4,60.15,50.0,"6,127 M"
05/12/2026,1630,ON,104.11,-2.92%,Information Technology,1.827,3.52,$2.92,107.25,40.62,95.63,75.46,59.72,-12.0,-0.92,-0.33,"9,864,913",-100464.04,9873184.58,9639790.95,-14.51,80.46,11.59,3.48,105.06,55.45,-55.45,-80.17,56.0,"40,801 M"
05/12/2026,1630,ONEW,11.16,-3.63%,Consumer Discretionary,1.537,0.77,<empty>,17.92,8.12,10.75,10.04,13.09,-2.0,-0.82,-0.68,"101,564",300036.04,152340.64,149066.76,-11.75,17.47,8.35,-6.53,13.61,8.37,-8.37,13.02,54.0,185 M
05/12/2026,1630,ONON,33.83,-0.62%,Consumer Discretionary,2.055,0.79,$1.08,61.2882,31.41,35.57,36.52,42.67,-3.0,-0.47,-0.48,"16,626,597",100557.01,7185963.81,6566930.22,259.05,-10.88,-4.52,-5.11,50.56,31.31,-31.31,38.15,0.0,"11,277 M"
05/12/2026,1630,ONTO,277.94,-3.33%,Information Technology,1.619,9.49,$4.85,316.0,89.4,288.77,242.07,172.64,-5.0,-0.57,-0.03,"1,164,207",100270.05,853725.22,924221.48,31.34,50.57,-1.58,1.38,316.12,175.45,316.12,316.12,60.0,"13,826 M"
05/12/2026,1630,ORCL,186.83,-3.62%,Information Technology,1.53,11.68,($8.70),345.72,134.57,179.29,161.53,210.45,-2.0,-0.99,-0.6,"22,105,382",-200357.21,2.906312811E7,2.810260151E7,-31.88,17.39,12.58,-3.99,189.14,135.22,-135.22,200.03,20.0,"537,332 M"
05/12/2026,1630,ORLY,91.84,+0.54%,Consumer Discretionary,.5522,2.18,$2.26,108.715,86.77,93.64,92.61,97.21,-7.0,-0.56,-0.23,"7,238,970",100427.09,5478498.14,5637779.21,70.82,-1.23,0.29,-2.9,101.07,87.36,101.07,101.07,54.0,"76,109 M"
05/12/2026,1630,OSCR,23.73,+7.86%,Financials,2.131,2.06,$10.21,23.8,10.69,18.18,15.19,16.15,5.0,1.0,0.98,"13,212,692",200970.01,7065318.7,7527704.09,181.84,82.54,31.54,13.7,19.06,11.3,-11.3,-16.17,61.0,"6,310 M"
05/12/2026,1630,OSK,131.32,-2.02%,,1.297,7.87,$12.88,180.49,96.03,148.06,149.31,141.53,-4.0,-0.2,-0.23,"975,782",-300247.02,654267.52,686214.22,179.0,-12.37,-12.25,-14.2,180.62,137.3,180.62,160.04,55.0,"8,188 M"
05/12/2026,1630,OTLY,10.07,-0.59%,Consumer Staples,1.112,0.82,<empty>,18.84,9.26,11.81,11.09,13.23,1.0,-0.36,0.06,"57,779",-100388.18,66553.68,69687.85,43.09,1.51,-13.11,-6.5,14.17,9.31,14.17,14.17,49.0,314 M
05/12/2026,1630,OUT,31.84,-1.24%,Real Estate,1.479,1.09,$1.34,34.96,15.45,30.89,28.9,23.2,-2.0,-0.85,-0.52,"1,966,782",-100535.02,1381477.44,1479802.48,172.02,18.28,4.22,-2.96,32.06,25.59,-25.59,35.02,58.0,"5,606 M"
05/12/2026,1630,OVX:CGI,75.69,+0.04%,,-2.6,2.31,<empty>,125.99,23.59,74.82,86.09,49.94,2.0,0.06,0.42,<empty>,NaN,NaN,NaN,NaN,-37.04,7.36,4.76,126.42,40.6,126.42,86.15,NaN,0
05/12/2026,1630,OXLC,10.07,-0.40%,,.6545,0.13,<empty>,24.9,8.01,10.11,9.49,13.64,-3.0,-0.95,-0.56,"833,248",0.0,1325870.14,1617147.26,59.34,17.78,-0.1,-1.08,11.61,8.39,-8.39,11.07,NaN,983 M
05/12/2026,1630,OXM,41.59,-4.81%,Consumer Discretionary,1.001,1.6,$0.76,58.99,30.5656,44.19,40.19,39.56,-2.0,-0.59,-0.18,"289,535",-100173.32,329012.94,311452.62,47.54,14.1,-5.76,-8.31,48.14,31.37,48.14,-41.06,20.0,619 M
05/12/2026,1630,OXY,56.27,+2.05%,Energy,.1973,2.38,$3.15,67.45,38.8,56.92,58.24,47.57,2.0,0.01,0.49,"10,633,006",-100146.3,1.767705933E7,1.701096684E7,12.06,-3.66,-3.99,4.32,67.29,45.61,67.29,61.09,59.0,"55,968 M"
05/12/2026,1630,PAG,169.03,-2.44%,Consumer Discretionary,.8862,4.93,$9.05,189.51,140.12,165.09,156.18,165.48,-2.0,-0.98,-0.59,"285,929",100235.1,304238.98,314700.22,18.99,14.84,4.63,-1.5,182.09,140.36,182.09,182.09,53.0,"11,114 M"
05/12/2026,1630,PALL,136.04,-1.00%,,.1714,2.3,<empty>,197.4084,86.53,137.21,138.35,134.69,-1.0,0.42,-0.57,"127,693",0.0,237242.45,251687.13,34.34,-7.48,2.62,0.79,166.53,122.32,-122.32,-131.09,NaN,820 M
05/12/2026,1630,PAM,82.40,+0.61%,Utilities,.9101,1.57,<empty>,94.5,54.95,81.61,83.11,78.91,2.0,0.17,0.58,"167,011",-100245.29,263035.88,256418.6,-32.24,0.11,0.29,-0.12,90.29,69.49,90.29,-78.07,59.0,"4,429 M"
05/12/2026,1630,PATH,10.01,-6.10%,Information Technology,.4968,0.26,$0.65,19.84,9.28,10.56,10.96,13.03,-3.0,-0.48,-0.36,"30,579,264",200479.43,3.06874833E7,3.154943666E7,51.98,-11.96,-5.21,-8.42,13.62,9.22,-9.22,-10.12,11.0,"5,244 M"
05/12/2026,1630,PBD,21.4475,-3.04%,,1.355,0.67,<empty>,22.34,11.5,20.66,19.02,16.76,-1.0,-0.97,-0.67,"55,981",-200140.12,58578.14,61677.85,-11.24,21.72,6.54,-0.1,21.06,17.45,-17.45,-20.15,NaN,218 M
05/12/2026,1630,PBH,50.41,-0.47%,Health Care,.3856,2.63,$5.45,89.37,49.28,56.05,58.91,62.82,-10.0,-0.19,-0.34,"732,998",-200847.28,536117.41,511084.95,125.59,-18.56,-14.2,-7.66,71.54,51.26,71.54,60.11,1.0,"2,385 M"
05/12/2026,1630,PBJ,48.4573,-0.04%,,.4998,0.59,<empty>,51.07,42.685,49.43,49.16,47.13,-5.0,-0.16,-0.29,"15,771",0.0,17174.97,21722.54,-19.83,-0.54,-2.38,-0.17,51.51,47.36,-47.36,50.08,NaN,92 M
05/12/2026,1630,PBR,20.50,-1.20%,Energy,.4404,0.6,$1.30,22.24,11.035,21.12,20.18,14.72,-1.0,-0.29,0.0,"22,554,687",-100148.43,3.002229076E7,2.835414335E7,36.5,8.07,-3.44,0.64,22.06,15.59,22.06,22.06,60.0,"132,110 M"
05/12/2026,1630,PCAR,113.03,+0.06%,Industrials,.9926,5.13,$5.89,131.875,88.65,120.32,119.25,109.29,5.0,-0.09,0.16,"2,079,400",-100732.11,2783405.11,2917154.75,-10.27,-3.24,-5.5,-0.89,131.61,110.36,-110.36,129.15,48.0,"59,486 M"
05/12/2026,1630,PD,6.75,-2.17%,Information Technology,.8055,0.35,$1.13,18.0,5.7,6.8,6.78,11.98,-3.0,-0.97,-0.59,"2,139,325",-100607.21,2750925.15,3123238.98,47.36,-7.15,0.45,-8.91,8.46,6.22,-6.22,8.03,11.0,517 M
05/12/2026,1630,PDD,95.73,-3.11%,Consumer Discretionary,1,1.71,$10.82,139.41,95.24,99.71,100.49,114.44,-3.0,-0.74,-0.6,"8,116,763",100242.34,7069406.33,7008485.16,36.97,-5.8,-1.6,-5.69,108.17,95.35,108.17,108.17,10.0,"136,262 M"
05/12/2026,1630,PEB,14.27,-0.70%,Real Estate,1.484,0.27,$2.05,14.845,8.69,14.13,13.27,11.77,-2.0,-0.8,-0.42,"1,641,848",-100346.1,2550213.69,2516658.33,29.67,20.52,1.13,-1.72,15.09,12.41,-12.41,15.03,53.0,"1,618 M"
05/12/2026,1630,PECO,39.65,-0.15%,Real Estate,.4527,0.34,$1.65,40.71,32.84,39.58,38.59,36.07,-4.0,-0.61,-0.47,"744,855",-200100.04,872372.76,891604.43,25.96,3.58,-1.73,-1.0,41.1,37.34,41.1,41.1,50.0,"4,995 M"
05/12/2026,1630,PENN,15.71,-1.44%,Consumer Discretionary,1.412,0.64,($0.47),20.605,11.65,16.64,15.46,15.94,-10.0,-0.72,0.0,"2,795,784",301158.14,4048702.82,4361903.35,-62.57,8.12,-12.72,-6.32,18.1,12.59,18.1,18.1,50.0,"2,103 M"
05/12/2026,1630,PEP,151.85,+1.63%,Consumer Staples,.3824,2.16,$6.46,171.48,127.6,155.35,155.99,150.3,-3.0,-0.22,-0.3,"6,250,381",-100234.37,6094528.05,6446806.17,5.56,-4.41,-2.84,-2.84,171.61,149.33,171.61,160.17,45.0,"207,544 M"
05/12/2026,1630,PFE,25.87,+0.23%,Health Care,.3128,0.37,$1.67,28.745,21.97,26.65,26.99,25.73,1.0,0.0,0.15,"26,806,354",0.0,3.837411532E7,3.839379692E7,-23.95,-3.69,-2.3,-2.3,29.27,26.05,29.27,-26.02,53.0,"147,445 M"
05/12/2026,1630,PFF,31.57,-0.35%,,.534,0.15,<empty>,32.2645,29.86,31.45,31.02,31.31,-1.0,-0.91,-0.44,"2,212,946",100008.41,3513155.23,3469543.15,-26.13,2.33,0.89,0.16,32.58,30.3,-30.3,-31.09,NaN,"13,963 M"
05/12/2026,1630,PFG,100.84,+0.65%,Financials,.8736,1.07,$16.45,103.0,75.0,98.77,93.33,87.23,-11.0,-0.9,-0.5,"1,179,972",-200132.37,1485683.24,1605746.74,-26.52,17.0,0.78,0.81,102.07,85.36,103.04,103.04,52.0,"21,783 M"
05/12/2026,1630,PFIG,23.99,-0.19%,,.2242,0.04,<empty>,26.96,23.57,24.06,24.08,24.23,-1.0,-0.6,-0.55,"23,224",100000.24,27364.86,28051.89,197.46,-0.12,-0.21,-0.12,24.6,24.31,-24.31,-24.06,NaN,113 M
05/12/2026,1630,PFIX,48.20,+0.96%,,-.0288,1.2,<empty>,65.1521,41.45,46.25,45.85,47.86,-5.0,0.84,-0.66,"194,631",-100143.2,759877.67,682074.5,10.39,4.71,5.19,1.26,50.31,41.51,50.31,49.05,NaN,212 M
05/12/2026,1630,PG,143.91,+0.38%,Consumer Staples,.396,1.8,$6.43,170.99,137.62,145.57,146.87,150.27,-4.0,-0.43,-0.56,"9,045,023",-100029.37,9816061.95,1.018425014E7,25.0,-4.38,-3.53,-1.47,167.51,141.25,-141.25,152.12,53.0,"335,109 M"
05/12/2026,1630,PGNY,23.45,+3.99%,Health Care,.9897,1.97,$2.18,28.75,16.1,19.09,18.11,21.78,4.0,0.83,0.84,"2,373,180",100133.03,1554348.95,1593657.69,60.88,34.0,27.58,22.39,22.52,16.22,-16.22,-17.13,60.0,"1,837 M"
05/12/2026,1630,PGRO,47.40,-0.21%,,1.165,0.8,<empty>,47.675,37.59,45.93,43.26,43.75,-2.0,-1.0,-0.43,"6,084",-100100.16,23758.73,21833.18,-39.09,13.44,4.21,0.68,46.07,39.3,-39.3,-45.15,NaN,113 M
05/12/2026,1630,PINK,36.15,+0.92%,,.7212,0.57,<empty>,38.68,27.56,35.3,34.48,34.13,9.0,0.56,0.62,"50,067",-100033.13,120666.05,118937.42,67.03,6.57,4.84,1.37,36.51,32.31,-32.31,-34.09,NaN,251 M
05/12/2026,1630,PINS,20.56,-0.96%,Communication Services,.9237,0.76,$1.82,39.93,13.84,20.52,19.35,26.77,-3.0,-0.97,-0.5,"15,686,998",-101055.06,1.890145868E7,2.050331715E7,60.35,13.65,3.42,-4.59,21.15,14.6,25.05,25.05,62.0,"11,517 M"
05/12/2026,1630,PJP,106.7603,+1.12%,,.4656,1.32,<empty>,110.8099,77.69,105.45,104.2,100.22,1.0,0.53,0.64,"6,553",100020.15,28017.9,26598.64,-95.19,3.91,2.67,-0.14,111.53,99.34,-99.34,108.04,NaN,333 M
05/12/2026,1630,PK,10.97,-0.54%,Real Estate,1.357,0.14,$1.87,12.39,9.84,11.25,10.92,11.02,-2.0,-0.64,-0.3,"4,040,035",-200054.08,4029157.2,4183248.43,17.48,5.79,-2.83,-1.97,12.61,10.25,-10.25,12.07,55.0,"2,209 M"
05/12/2026,1630,PKB,104.6643,-0.77%,,1.289,1.57,<empty>,111.2354,75.5301,106.81,102.4,97.55,-4.0,-0.65,-0.36,"20,497",0.0,19191.99,23120.42,-24.06,8.12,-2.06,-1.67,111.56,93.36,-93.36,111.04,NaN,441 M
05/12/2026,1630,PLAY,9.73,-5.07%,Consumer Discretionary,1.73,0.9,($2.90),35.53,9.61,11.89,12.42,17.53,-1.0,-0.26,-0.33,"2,703,969",300184.15,1850582.87,1663939.33,-29.09,-24.98,-15.1,-7.07,18.62,10.31,-10.31,15.17,19.0,338 M
05/12/2026,1630,PLD,143.76,-0.22%,Real Estate,1.362,1.69,$5.53,145.44,103.02,141.99,137.02,126.38,5.0,0.75,0.52,"2,564,364",0.0,3519068.45,3461293.12,-29.02,8.99,1.58,1.03,145.17,127.36,145.17,-138.05,44.0,"134,033 M"
05/12/2026,1630,PLNT,49.49,+2.25%,Consumer Discretionary,1.039,8.75,$3.23,114.47,37.03,63.93,70.62,93.56,1.0,0.0,0.07,"6,090,933",100864.03,2191920.78,2245519.16,444.55,-33.8,-23.22,12.45,95.58,37.03,95.58,-37.03,58.0,"3,916 M"
05/12/2026,1630,PLTR,136.00,-0.65%,Information Technology,1.453,3.51,$1.13,207.52,118.93,141.47,145.51,163.73,-1.0,-0.58,-0.45,"38,734,091",-300356.06,4.796159638E7,4.944347366E7,-11.37,-11.4,-3.67,-0.77,162.34,123.22,-123.22,-131.04,57.0,"326,034 M"
05/12/2026,1630,PM,186.93,+2.65%,Consumer Staples,.4259,6.86,$6.85,191.3,142.11,166.03,166.08,164.38,2.0,0.82,1.0,"7,866,881",-200337.29,5059165.66,4965986.92,1.55,8.68,12.68,9.25,191.53,152.28,-152.28,-153.15,49.0,"291,341 M"
05/12/2026,1630,PNC,215.21,+0.29%,Financials,.9079,2.86,$16.37,243.94,169.32,221.24,213.84,205.73,-4.0,-0.47,-0.3,"1,529,755",-100039.37,2289408.7,2353816.65,-21.02,6.18,-2.57,-1.86,243.62,198.37,-198.37,230.15,44.0,"86,421 M"
05/12/2026,1630,PNDRY,9.98,-1.96%,Consumer Discretionary,1.636,0.51,<empty>,23.7625,8.25,9.95,9.42,13.48,-2.0,-0.98,-0.6,"124,861",100000.41,175463.66,177252.28,224.21,9.43,5.27,-5.68,11.6,8.38,11.04,11.04,NaN,"5,972 M"
05/12/2026,1630,POET,13.73,-1.22%,Information Technology,.5157,2.71,($0.36),15.5,3.87,9.56,7.64,6.49,6.0,0.85,0.67,"85,163,848",202944.06,3.10029823E7,2.544201278E7,1.11,84.54,70.98,43.32,16.12,5.3,16.12,-6.09,2.0,"2,097 M"
05/12/2026,1630,POOL,182.33,-1.32%,Consumer Discretionary,1.124,16.88,$8.48,345.0,181.1,211.84,209.61,258.53,4.0,-0.31,0.2,"900,977",-200543.06,787833.42,851206.9,-17.42,-10.68,-15.7,-4.26,278.61,187.05,278.61,249.13,50.0,"6,645 M"
05/12/2026,1630,PPLT,193.13,+0.09%,,.3874,6.15,<empty>,261.62,89.55,184.18,184.23,166.01,6.0,0.35,0.67,"263,581",0.0,349070.8,379473.82,51.06,-0.38,9.79,4.83,215.51,164.32,-164.32,-170.09,NaN,"2,627 M"
05/12/2026,1630,PR,20.17,+0.10%,Energy,.5405,0.87,$0.46,22.675,11.92,20.71,20.34,15.71,-5.0,-0.15,-0.18,"10,171,869",-100243.04,1.414237323E7,1.379009236E7,-25.63,5.77,-3.54,0.45,23.06,16.61,23.05,23.05,59.0,"16,888 M"
05/12/2026,1630,PRAA,16.78,-2.10%,Financials,1.113,1.7,($0.34),22.55,10.25,20.76,19.06,16.31,-10.0,-0.53,0.0,"768,021",-100778.03,439698.91,513359.46,134.48,-0.47,-24.31,-19.64,23.07,10.55,23.07,23.07,62.0,640 M
05/12/2026,1630,PRGO,11.12,+0.45%,Health Care,.5067,0.31,$0.81,28.435,9.225,11.63,10.84,16.3,-4.0,-0.93,-0.47,"2,947,298",-100196.26,3294354.48,3277789.52,40.45,18.05,-3.39,-5.12,15.56,9.36,-9.36,13.04,55.0,"1,539 M"
05/12/2026,1630,PRMB,23.40,-0.93%,Consumer Staples,.5117,1.45,<empty>,33.29,14.36,20.71,20.21,20.39,4.0,0.91,0.96,"3,830,222",100546.53,4619158.21,5084823.52,62.58,12.23,18.84,5.22,23.49,18.32,-18.32,24.02,64.0,"8,491 M"
05/12/2026,1630,PRVA,23.01,+1.10%,Health Care,.9409,0.69,$1.12,26.51,18.77,23.94,22.76,23.07,-10.0,-0.63,-0.01,"969,944",100438.04,925350.82,929036.45,103.13,5.89,-7.37,-4.09,25.07,20.31,25.07,-21.03,59.0,"2,900 M"
05/12/2026,1630,PSA,311.28,-0.09%,Real Estate,.9816,6.14,$18.46,313.51,256.54,305.11,294.22,286.29,5.0,0.84,0.61,"1,676,763",-100130.41,1161068.6,1201879.21,49.77,4.55,4.76,0.63,314.15,263.33,314.15,-292.09,54.0,"54,644 M"
05/12/2026,1630,PSCE,61.88,+0.52%,,.7745,1.21,<empty>,64.17,36.01,60.93,59.89,48.22,2.0,-0.36,0.43,"30,204",-100133.08,53822.12,52992.0,-28.13,8.01,-0.57,2.55,64.3,51.61,64.05,64.05,NaN,124 M
05/12/2026,1630,PSCI,169.4256,-1.46%,,1.16,2.09,<empty>,178.02,123.83,170.74,162.97,155.62,-4.0,-0.78,-0.42,"1,894",-200128.47,4934.76,5087.74,-29.08,10.49,-0.29,-2.47,178.61,149.36,-149.36,176.03,NaN,169 M
05/12/2026,1630,PSCU,63.0385,-1.17%,,.7507,1.0,<empty>,66.85,53.4318,65.51,62.38,58.84,-7.0,-0.47,-0.01,511,-100200.37,8839.07,7730.51,-53.79,7.9,-4.18,-2.67,67.07,58.55,67.07,67.07,NaN,17 M
05/12/2026,1630,PSP,60.95,-0.60%,,1.274,0.83,<empty>,72.97,54.18,61.34,58.79,65.61,-2.0,-0.85,-0.41,"26,300",100226.51,56096.65,70701.15,-50.73,9.48,1.68,-0.46,65.62,54.31,-54.31,-59.09,NaN,255 M
05/12/2026,1630,PSX,175.43,+0.04%,Energy,.6949,6.35,$0.29,190.61,109.75,167.92,170.45,144.75,-1.0,0.49,-0.74,"3,256,853",-200240.29,3301577.97,3148430.11,67.38,0.77,6.24,4.23,191.3,149.52,191.3,181.05,51.0,"70,336 M"
05/12/2026,1630,PTLO,4.05,-1.70%,Consumer Discretionary,1.612,0.95,($0.14),13.55,4.03,5.59,5.48,5.81,1.0,0.0,0.01,"2,558,850",-300057.04,1612927.08,1613380.27,68.88,-21.51,-33.39,-7.11,7.14,4.03,7.14,7.14,57.0,293 M
05/12/2026,1630,PVH,82.48,-0.98%,Consumer Discretionary,1.21,3.58,$11.19,100.15,59.6,91.16,78.88,76.5,-2.0,-0.42,0.0,"1,158,917",300238.25,1181765.17,1098967.48,-19.15,34.73,-11.05,-6.93,100.14,60.42,100.14,100.14,16.0,"3,800 M"
05/12/2026,1630,PYPL,45.44,+0.82%,Financials,1.436,2.22,$5.85,79.5,38.46,49.01,46.89,58.26,1.0,-0.71,0.33,"25,489,121",100752.56,1.599356997E7,1.951953645E7,197.43,2.43,-8.46,-1.69,52.15,38.61,52.15,52.15,53.0,"40,083 M"
05/12/2026,1630,PZZA,34.07,+2.07%,Consumer Discretionary,1.138,1.73,$0.80,55.74,29.5501,35.69,34.69,40.51,2.0,0.57,0.17,"1,422,735",-100567.43,1220308.35,1306154.14,257.25,-5.68,-6.81,3.71,40.43,30.45,40.43,39.15,59.0,"1,121 M"
05/12/2026,1630,QAT,18.81,-1.52%,,.3867,0.15,<empty>,20.64,17.712,19.08,18.86,19.34,-1.0,-0.59,-0.47,"4,041",500000.02,46117.56,39279.3,-16.05,0.59,-1.0,-1.78,20.62,18.3,-18.3,-19.07,NaN,93 M
05/12/2026,1630,QBTS,22.35,-6.99%,Information Technology,2.542,1.94,($0.24),46.75,10.36,20.91,18.06,22.8,-1.0,-1.0,-0.65,"46,858,433",-100315.19,2.72859439E7,2.663462614E7,38.11,25.35,23.41,1.64,22.17,13.3,-13.3,-17.09,0.0,"8,279 M"
05/12/2026,1630,QCOM,210.31,-11.46%,Information Technology,1.476,29.35,$11.61,247.9,121.99,166.28,144.98,158.3,-1.0,1.0,-0.87,"38,521,161",400281.02,1.798218633E7,1.624456536E7,308.38,60.36,40.21,3.83,187.08,122.25,-122.25,-132.13,54.0,"221,667 M"
05/12/2026,1630,QMOM,79.19,-0.91%,,1.057,1.84,<empty>,80.56,60.24,76.69,72.44,67.59,-1.0,1.0,-0.52,"19,164",300121.05,24967.22,23847.2,1.9,16.2,6.45,2.29,77.06,64.3,-64.3,81.03,NaN,459 M
05/12/2026,1630,QQQ,707.24,-0.85%,,1.223,20.18,<empty>,714.59,505.58,669.52,625.01,608.75,-1.0,1.0,-0.66,"45,742,925",100128.5,5.584876569E7,5.840755463E7,22.41,18.41,7.56,1.77,677.06,556.3,-556.3,-642.15,NaN,"459,317 M"
05/12/2026,1630,QS,8.42,+4.86%,Consumer Discretionary,2.571,0.42,($0.48),19.0699,3.8,7.33,6.91,10.15,2.0,1.0,0.96,"32,047,774",-200495.13,1.679390702E7,1.657080421E7,25.8,22.03,20.8,14.56,10.13,6.27,10.13,-7.09,49.0,"5,180 M"
05/12/2026,1630,QSR,78.30,+0.09%,Consumer Discretionary,.5299,1.28,$4.45,81.96,61.33,79.21,76.3,69.72,-2.0,-0.58,-0.07,"3,290,317",-200525.05,3828661.89,3724083.16,45.74,8.61,0.13,-1.06,82.12,65.6,82.04,-76.03,59.0,"27,169 M"
05/12/2026,1630,QTUM,143.98,-2.60%,,1.312,6.09,<empty>,147.97,82.745,134.11,120.48,111.0,-1.0,-1.0,-0.66,"897,317",-100134.01,394610.69,374674.05,89.63,31.54,11.63,2.02,137.06,101.3,-101.3,-127.17,NaN,"4,723 M"
05/12/2026,1630,QUBT,11.78,+15.72%,Information Technology,2.514,0.84,($0.22),25.84,6.18,9.52,8.16,12.42,2.0,1.0,0.63,"141,008,999",-100803.01,1.556565096E7,1.461582994E7,765.42,58.44,37.46,22.33,10.14,6.3,-6.3,-8.09,62.0,"2,657 M"
05/12/2026,1630,R,227.76,-2.03%,Industrials,.9957,7.61,$23.44,259.0,143.335,237.38,217.09,194.74,-11.0,-0.62,-0.22,"346,359",200435.14,392435.74,414673.02,-41.16,21.8,-8.05,-5.81,259.07,186.41,259.07,259.07,50.0,"8,812 M"
05/12/2026,1630,RBLX,41.54,+0.56%,Communication Services,1.492,6.32,$2.18,150.59,40.95,52.5,55.92,91.92,2.0,-0.48,0.08,"14,010,761",100671.08,1.067439416E7,1.076041374E7,82.7,-26.22,-25.97,-7.24,73.62,42.07,73.62,64.15,55.0,"29,742 M"
05/12/2026,1630,RCL,258.12,-2.03%,Consumer Discretionary,1.773,9.22,$5.05,366.5,232.6,268.29,273.58,296.84,-3.0,-0.43,-0.58,"2,258,716",-200252.09,2682158.76,2620831.2,-4.32,-3.14,0.87,-8.1,351.62,250.09,-250.09,-250.09,53.0,"69,226 M"
05/12/2026,1630,RDNT,56.00,+0.18%,Health Care,1.424,1.01,$1.34,85.84,50.76,57.72,59.13,69.48,-4.0,-0.57,-0.58,"2,055,901",100348.01,917618.53,893228.63,151.55,-6.32,-3.26,-2.61,75.5,52.27,75.5,63.01,59.0,"4,383 M"
05/12/2026,1630,REAL,9.35,-6.22%,Consumer Discretionary,2.581,1.08,$0.12,17.3922,4.7,11.69,10.56,11.51,-4.0,-0.6,-0.15,"5,710,843",-200085.03,3561051.94,3746244.75,127.1,-6.22,-20.63,-24.6,14.51,8.3,-8.3,13.05,62.0,"1,127 M"
05/12/2026,1630,REG,77.61,-0.14%,Real Estate,.8505,1.05,$4.42,81.66,66.855,79.24,77.89,73.1,1.0,-0.29,0.24,"1,354,858",-200022.09,1439892.3,1410755.24,0.14,1.38,-3.36,-0.32,82.16,74.33,82.16,82.16,54.0,"14,210 M"
05/12/2026,1630,REGN,723.41,+1.49%,Health Care,.3094,20.93,$36.48,821.11,476.4869,728.76,746.12,689.11,7.0,0.06,0.58,"824,421",-300041.02,682552.43,696243.61,-8.6,-3.11,-1.14,2.02,815.59,669.09,-669.09,-669.09,54.0,"75,842 M"
05/12/2026,1630,REXR,35.45,-1.23%,Real Estate,1.241,0.35,$0.88,44.38,32.14,36.01,35.06,38.97,-2.0,-0.85,-0.31,"2,296,026",-200330.13,2506632.14,2631766.48,-32.56,1.69,-1.09,-1.77,39.62,32.29,-32.29,-35.12,44.0,"8,002 M"
05/12/2026,1630,REZ,91.8694,+0.51%,,.8857,1.19,<empty>,91.9499,80.45,89.46,87.38,84.99,1.0,0.95,0.7,"19,469",0.0,43935.5,50932.47,-70.71,5.33,2.54,1.14,91.07,82.3,-82.3,-86.14,NaN,864 M
05/12/2026,1630,RGTI,19.07,-7.02%,Information Technology,3.165,1.31,($0.25),58.1501,9.85,18.27,16.57,22.95,-1.0,-1.0,-0.77,"49,494,694",-100215.19,2.867621403E7,2.882834803E7,45.25,18.67,16.35,3.98,20.17,13.3,-13.3,-15.09,63.0,"6,338 M"
05/12/2026,1630,RH,131.29,+1.62%,Consumer Discretionary,1.922,4.38,$13.29,257.0,106.3037,133.1,132.57,180.25,1.0,0.5,0.64,"732,780",200274.29,1321888.77,1270034.0,-24.7,-0.05,-1.25,-1.77,227.56,106.28,-106.28,-120.06,21.0,"2,481 M"
05/12/2026,1630,RHP,107.50,-1.10%,Real Estate,1.192,3.29,$10.57,112.5,83.82,104.84,98.54,95.82,-3.0,-0.96,-0.56,"431,270",-100128.08,530803.33,554448.68,-8.11,16.85,3.6,-2.64,110.07,90.36,-90.36,113.03,57.0,"6,784 M"
05/12/2026,1630,RIOT,24.51,-3.28%,Information Technology,3.743,3.19,($3.27),25.8599,7.93,19.53,16.57,16.07,-1.0,1.0,-0.97,"18,223,814",100691.05,1.892592988E7,1.873723937E7,10.32,69.03,47.92,1.66,19.07,12.3,-12.3,-15.09,55.0,"9,268 M"
05/12/2026,1630,RIVN,13.95,-0.92%,Consumer Discretionary,1.746,1.08,($2.50),22.69,11.57,15.81,15.57,15.32,3.0,-0.26,0.31,"22,234,733",-100370.38,2.768878363E7,2.947531896E7,-15.01,-8.82,-13.57,-1.62,18.6,14.61,18.6,18.14,58.0,"18,733 M"
05/12/2026,1630,ROBO,86.04,-1.13%,,1.397,2.75,<empty>,87.49,54.78,81.16,75.22,70.39,-1.0,1.0,-0.67,"162,647",-100130.47,168215.48,171544.95,58.24,21.29,8.43,2.66,82.07,65.3,-65.3,-78.13,NaN,"1,912 M"
05/12/2026,1630,ROK,455.08,-0.35%,Industrials,1.524,24.06,$11.92,463.485,298.7,419.57,390.17,379.12,-1.0,1.0,-0.79,"666,762",-100435.06,867612.06,965981.99,64.49,27.05,13.4,1.46,425.62,348.3,463.04,463.04,59.0,"50,639 M"
05/12/2026,1630,ROKU,127.63,-0.34%,Communication Services,1.975,6.37,$3.65,131.39,67.6679,119.42,105.86,100.1,-2.0,-1.0,-0.6,"2,156,241",-100252.08,2803985.23,3275936.57,-15.12,34.63,13.67,0.76,128.06,79.61,-79.61,-110.08,55.0,"18,850 M"
05/12/2026,1630,ROST,217.67,+1.45%,Consumer Discretionary,.8595,3.92,$6.85,231.16,124.49,225.28,218.65,180.45,-4.0,0.0,0.0,"3,257,151",-300538.02,2601569.61,2538701.08,63.93,3.73,-3.48,-3.03,230.16,191.62,-191.62,231.03,7.0,"70,122 M"
05/12/2026,1630,RRC,40.90,-0.17%,Energy,.5415,1.0,$3.42,48.31,32.6,42.06,42.96,37.99,1.0,-0.15,0.42,"1,938,613",100042.15,3583980.79,3541414.29,-81.19,-4.62,-4.75,0.1,48.31,36.61,48.31,-40.03,53.0,"9,637 M"
05/12/2026,1630,RRR,53.03,+0.89%,Consumer Discretionary,1.356,1.24,$4.17,67.99,43.28,54.58,56.18,58.47,1.0,0.22,0.42,"593,059",-200040.09,974678.66,952769.73,-12.01,-8.11,-4.5,-1.32,68.62,51.06,-51.06,-51.06,53.0,"3,100 M"
05/12/2026,1630,RSI,27.51,-2.20%,Consumer Discretionary,1.64,1.96,$1.21,29.24,11.5,25.67,23.01,20.0,-5.0,-0.93,-0.43,"1,499,355",100654.05,1853374.82,2062596.15,16.9,32.07,14.63,-1.4,29.09,16.6,29.05,29.05,54.0,"2,832 M"
05/12/2026,1630,RSP,203.81,-0.09%,,.9279,1.27,<empty>,205.53,173.0,202.56,198.06,193.27,-4.0,-0.93,-0.5,"9,575,426",100119.5,1.276172427E7,1.484827944E7,33.03,5.31,1.52,0.13,205.61,187.3,-187.3,206.03,NaN,"87,667 M"
05/12/2026,1630,RSPG,104.77,+0.74%,,.5349,2.65,<empty>,114.01,71.2088,104.03,104.63,87.31,2.0,-0.21,0.53,"54,305",100026.49,168861.59,167221.23,-33.84,1.84,-0.69,2.94,114.3,94.59,114.3,110.05,NaN,597 M
05/12/2026,1630,RSPU,79.52,+0.37%,,.6207,1.08,<empty>,84.5195,68.969,80.73,81.39,77.83,2.0,-0.1,0.32,"27,620",-100012.08,57535.96,55719.2,25.24,-3.19,-2.24,0.43,85.51,78.62,85.51,-79.02,NaN,554 M
05/12/2026,1630,RTO,32.73,-1.06%,Industrials,1.025,0.39,<empty>,34.665,22.72,33.64,32.58,29.01,-4.0,-0.4,-0.25,"1,092,068",-100249.43,1313016.87,1331175.93,18.48,0.43,-2.12,-2.73,35.2,28.48,35.2,34.04,54.0,"16,471 M"
05/12/2026,1630,RUT,2842.8311,-0.97%,,1.2,42.7,<empty>,2888.6179,2011.199,2797.7,2642.78,2518.96,-4.0,-0.96,-0.38,<empty>,NaN,NaN,NaN,NaN,14.22,3.15,0.11,2826.06,2405.3,2889.04,2889.04,NaN,0
05/12/2026,1630,RVLV,18.68,+0.27%,Consumer Discretionary,1.669,2.96,$0.69,31.68,18.08,24.38,23.83,24.31,-2.0,0.0,0.0,"1,669,697",-101157.05,1001804.62,1157414.92,88.21,-18.21,-28.97,-7.71,28.17,20.04,28.17,28.17,58.0,"1,337 M"
05/12/2026,1630,RVX,23.85,-0.04%,,-4.2,0.92,<empty>,35.28,18.0,23.86,27.5,24.07,2.0,0.14,0.78,<empty>,NaN,NaN,NaN,NaN,-27.38,1.79,4.74,35.31,22.04,-22.04,-22.04,NaN,0
05/12/2026,1630,S,15.74,-3.61%,Information Technology,.6974,0.81,$0.16,21.4,11.81,14.86,14.09,15.63,-2.0,-0.99,-0.84,"4,617,194",-100153.37,8066551.98,7872776.25,-18.72,14.22,7.44,-1.13,16.06,12.22,-12.22,-14.13,11.0,"5,356 M"
05/12/2026,1630,SBAC,213.61,-1.68%,Real Estate,1.006,1.86,$0.08,243.16,162.41,217.66,201.53,198.41,-8.0,-0.64,-0.18,"1,132,236",400739.25,1224334.0,1200696.67,-2.16,15.63,-1.83,-2.29,224.16,162.33,224.16,-211.14,57.0,"22,656 M"
05/12/2026,1630,SBUX,106.58,+0.79%,Consumer Discretionary,1.015,3.3,$2.40,108.04,77.99,102.05,98.01,90.5,-7.0,0.95,-0.72,"6,364,696",100335.1,7819302.72,7741397.27,11.07,6.39,9.56,2.23,108.07,86.31,-86.31,-96.1,53.0,"121,469 M"
05/12/2026,1630,SCJ,105.41,-0.12%,,.5109,2.41,<empty>,107.3199,79.4,101.41,99.68,94.97,9.0,0.62,0.85,"22,858",-200021.36,88363.84,84411.6,42.06,8.94,5.29,1.87,107.51,94.36,-94.36,-98.13,NaN,253 M
05/12/2026,1630,SE,96.02,+13.14%,Consumer Discretionary,1.672,3.18,$7.56,199.3,77.05,87.26,85.66,133.48,1.0,1.0,0.57,"14,993,880",200153.01,5131690.62,5191801.17,109.35,12.75,11.86,8.33,118.62,77.49,-77.49,-82.01,0.0,"58,811 M"
05/12/2026,1630,SFD,25.52,+0.31%,Consumer Staples,.4253,1.26,$2.03,29.805,21.08,27.38,26.42,24.08,7.0,0.0,0.14,"1,198,572",-100636.11,1770834.24,1556904.62,0.95,9.2,-5.06,-2.15,30.22,23.37,30.22,30.13,53.0,"10,042 M"
05/12/2026,1630,SFM,86.89,+6.51%,Consumer Staples,.6419,5.02,$3.74,182.0,64.75,76.95,77.63,94.48,1.0,0.91,0.75,"3,232,073",300841.09,2292302.0,2551838.45,196.94,10.21,22.83,7.26,86.38,65.62,-65.62,-69.09,54.0,"8,172 M"
05/12/2026,1630,SG,6.51,-3.41%,Consumer Discretionary,1.97,0.16,($1.07),16.7,4.49,6.8,6.02,7.21,-2.0,-0.82,-0.32,"4,325,590",-100183.03,4178173.56,4275905.49,0.39,19.89,-3.56,-5.24,7.11,4.3,7.11,7.11,60.0,774 M
05/12/2026,1630,SHAK,66.03,+2.37%,Consumer Discretionary,1.614,14.56,$0.40,144.65,63.51,93.62,92.58,94.29,-8.0,0.0,0.0,"3,103,783",-300750.02,1694329.41,1682813.27,278.92,-23.94,-34.07,-4.64,107.52,67.03,107.52,107.15,54.0,"2,664 M"
05/12/2026,1630,SHEL,85.35,-0.01%,Energy,.0808,2.08,$3.57,94.9,65.38,88.09,89.26,77.81,2.0,0.0,0.24,"6,886,617",-300132.11,8372255.2,7846714.63,102.86,-3.41,-2.56,1.32,95.29,77.59,95.29,-84.02,54.0,"237,804 M"
05/12/2026,1630,SHO,10.24,-0.29%,Real Estate,.9816,0.29,$1.02,10.575,8.43,9.85,9.47,9.27,-2.0,-1.0,-0.76,"1,143,889",0.0,1631118.01,1665826.9,23.33,13.15,5.13,-1.06,10.06,9.36,-9.36,11.02,59.0,"1,908 M"
05/12/2026,1630,SHOC,105.638,-2.23%,,1.815,5.18,<empty>,108.2799,44.75,95.45,83.29,70.75,-1.0,1.0,-0.71,"11,612",200200.05,15808.05,15754.91,-16.53,43.47,13.99,4.31,96.06,68.3,-68.3,-88.16,NaN,235 M
05/12/2026,1630,SHOO,38.55,-0.87%,Consumer Discretionary,1.134,1.15,$1.23,46.88,22.2615,38.52,36.03,36.29,-2.0,-0.67,-0.62,"966,115",-100061.54,1172029.91,1311154.16,-6.25,18.22,2.94,-2.75,41.56,31.41,-31.41,41.02,53.0,"2,817 M"
05/12/2026,1630,SHOP,99.84,-2.63%,Information Technology,2.615,9.49,$1.63,182.19,98.565,120.76,121.05,141.45,-2.0,-0.48,-0.14,"14,202,272",-100760.06,9876649.34,1.179427727E7,144.68,-20.87,-18.2,-10.65,139.62,104.04,139.62,137.15,58.0,"129,558 M"
05/12/2026,1630,SHY,82.16,-0.07%,,.0489,0.14,<empty>,83.2,82.1023,82.4,82.46,82.77,-1.0,-0.31,-0.31,"3,292,264",-200003.3,5040720.29,4873320.91,54.85,-0.41,-0.41,-0.09,83.51,82.06,-82.06,-82.06,NaN,"24,886 M"
05/12/2026,1630,SHYG,42.39,-0.09%,,.2882,0.12,<empty>,43.39,41.825,42.56,42.38,42.83,-2.0,-0.66,-0.2,"1,578,269",0.0,1569742.93,1627590.16,127.87,0.64,-0.59,-0.02,43.61,42.31,-42.31,-42.06,NaN,"7,533 M"
05/12/2026,1630,SIL,102.71,+0.75%,,.8406,5.2,<empty>,119.24,38.64,94.32,93.88,80.85,5.0,0.49,0.9,"2,097,754",0.0,2260519.86,2494288.58,57.97,2.94,15.12,8.98,119.5,78.36,-78.36,-86.09,NaN,"5,803 M"
05/12/2026,1630,SILJ,34.18,+1.18%,,.9064,1.74,<empty>,41.1,11.71,30.95,31.03,26.73,5.0,0.48,0.91,"6,712,645",0.0,5709980.92,6513026.12,228.3,2.43,17.09,10.69,40.51,26.36,-26.36,-28.09,NaN,"4,449 M"
05/12/2026,1630,SITM,847.19,-6.02%,Information Technology,2.943,131.55,$2.10,901.81,186.49,600.31,456.59,345.84,-1.0,1.0,-0.98,"658,177",-100980.37,485565.84,447436.3,122.45,162.39,64.29,6.26,591.12,305.45,-305.45,-480.17,59.0,"22,363 M"
05/12/2026,1630,SIVR,82.54,+0.77%,,.4896,4.36,<empty>,115.26,30.3392,73.67,73.25,60.55,5.0,0.37,0.86,"2,084,878",0.0,2383956.62,2704093.14,28.92,2.76,18.69,9.69,90.51,63.32,-63.32,-67.09,NaN,"6,030 M"
05/12/2026,1630,SJM,100.33,+1.12%,Consumer Staples,.2553,1.44,$9.11,119.39,88.25,96.8,98.87,104.12,1.0,0.68,0.87,"2,759,532",-300128.52,1925349.86,2200785.63,98.09,-5.35,2.33,0.9,119.52,88.21,-88.21,-94.17,19.0,"10,700 M"
05/12/2026,1630,SKYY,125.585,-2.01%,,1.21,5.04,<empty>,143.74,103.76,122.18,115.44,124.69,-4.0,-0.97,-0.68,"813,028",-100133.01,337346.49,328278.57,267.84,12.41,6.55,-3.02,128.06,104.22,-104.22,131.03,NaN,"2,600 M"
05/12/2026,1630,SLG,43.65,-1.29%,Real Estate,1.602,1.2,$0.83,66.91,34.77,43.2,40.07,47.91,-2.0,-0.97,-0.43,"1,211,589",-100561.37,1325235.65,1417103.24,-29.37,15.23,-0.46,-3.6,45.15,35.31,-35.31,47.03,49.0,"3,105 M"
05/12/2026,1630,SLV,78.55,+0.71%,,.4926,4.16,<empty>,109.83,29.095,70.12,69.73,57.67,5.0,0.37,0.86,"30,892,131",0.0,3.449592264E7,4.349064522E7,114.29,2.71,18.66,9.71,85.51,60.32,-60.32,-64.09,NaN,"41,954 M"
05/12/2026,1630,SLX,107.72,-0.87%,,1.24,2.82,<empty>,109.36,61.3668,103.38,96.63,84.84,-1.0,-0.98,-0.64,"27,546",-200238.42,43447.84,43979.56,5.35,19.4,5.34,1.16,104.07,85.36,-85.36,109.03,NaN,166 M
05/12/2026,1630,SMCI,32.79,-2.18%,Information Technology,1.666,3.22,($11.46),62.358,19.48,29.41,27.77,37.07,-2.0,1.0,-0.88,"35,168,635",201089.05,4.030784144E7,3.70895328E7,41.74,6.12,20.33,-2.47,34.62,19.35,-19.35,-25.09,58.0,"19,690 M"
05/12/2026,1630,SMH,561.25,-2.61%,,1.684,28.93,<empty>,578.0598,234.585,505.14,441.05,371.72,-1.0,1.0,-0.78,"17,704,644",-100148.01,9731935.78,9249614.22,125.96,44.6,14.26,3.92,513.06,360.3,-360.3,-459.16,NaN,"63,417 M"
05/12/2026,1630,SMIN,65.77,-2.22%,,.4568,0.97,<empty>,78.535,57.7758,66.91,63.94,69.42,-2.0,-0.89,-0.24,"77,870",200122.36,191249.27,178079.61,191.4,5.33,-1.16,-3.75,69.62,58.3,-58.3,69.03,NaN,618 M
05/12/2026,1630,SMPL,11.34,-0.26%,Consumer Staples,.1702,0.73,$1.48,36.61,10.21,12.58,13.61,20.27,-9.0,-0.44,-0.44,"2,594,199",-101069.23,2941430.79,2718012.38,-16.61,-21.3,-17.77,-8.84,18.53,10.23,-10.23,14.09,30.0,"1,026 M"
05/12/2026,1630,SN,108.41,+0.86%,Consumer Discretionary,1.378,2.79,<empty>,133.99,80.69,115.03,110.63,110.22,-5.0,-0.46,-0.29,"2,038,738",100349.05,1861980.92,1879781.56,122.22,6.62,-5.38,-4.16,134.59,97.36,-97.36,124.15,64.0,"15,342 M"
05/12/2026,1630,SNAP,5.55,-3.48%,Communication Services,.5,0.22,$0.36,10.41,3.81,5.94,5.23,6.94,-7.0,-0.88,-0.41,"44,643,726",-100099.2,5.249686147E7,5.160059611E7,35.45,19.35,-6.72,-7.19,6.07,4.31,6.05,6.05,58.0,"9,197 M"
05/12/2026,1630,SNDR,28.94,-3.02%,Industrials,1.121,0.61,$1.48,33.34,20.11,30.07,27.64,25.76,-7.0,-0.73,-0.22,"713,092",100145.18,1064015.87,1019680.51,10.32,21.85,-6.19,-5.58,33.07,23.37,33.07,33.07,55.0,"5,068 M"
05/12/2026,1630,SNOW,151.98,+0.32%,Information Technology,1.058,5.31,$3.31,280.67,118.3,145.82,155.2,204.77,4.0,0.76,0.89,"4,876,657",-300970.23,6595091.53,6924010.66,3.32,-14.26,6.61,-1.13,189.62,118.22,-118.22,157.03,10.0,"52,539 M"
05/12/2026,1630,SOFI,15.90,-2.21%,Financials,2.167,1.12,($5.31),32.73,12.74,17.45,17.24,23.57,5.0,-0.62,0.4,"62,758,230",-300665.1,6.57455116E7,6.573189286E7,36.54,-10.17,-13.4,-0.62,21.62,15.27,-15.27,-16.09,53.0,"20,396 M"
05/12/2026,1630,SOLZ,9.56,-3.63%,,1.798,0.48,<empty>,27.12,7.683,8.81,8.78,14.76,8.0,1.0,0.79,"1,810,059",300373.49,1787076.53,2117950.49,118.33,8.51,13.4,7.17,10.39,8.54,-8.54,-8.09,NaN,116 M
05/12/2026,1630,SOYB,25.31,+0.92%,,.0611,0.25,<empty>,25.4,21.06,24.75,24.47,22.93,3.0,0.65,0.62,"131,404",100116.18,133716.22,116373.68,20.74,1.89,2.55,2.47,25.06,23.62,-23.62,-24.17,NaN,72 M
05/12/2026,1630,SPDN,8.80,+0.11%,,-.9825,0.12,<empty>,11.16,8.77,9.04,9.47,9.58,1.0,0.0,0.57,"53,917,721",-200224.3,8.003866479E7,7.060847955E7,37.03,-9.93,-3.51,-0.9,10.3,9.03,10.3,9.13,NaN,221 M
05/12/2026,1630,SPG,205.66,+2.32%,Real Estate,1.354,1.59,$9.81,208.28,155.44,202.89,195.6,185.86,1.0,0.74,0.41,"2,019,733",-200129.35,1548240.38,1549129.24,70.28,9.64,1.44,2.12,208.15,178.34,208.15,-198.09,57.0,"66,693 M"
05/12/2026,1630,SPGI,424.17,+0.75%,Financials,1.093,6.09,$18.38,579.05,381.605,432.48,429.88,486.37,1.0,-0.69,0.61,"2,212,133",0.0,1952607.62,2415665.84,71.8,1.07,-2.15,-1.05,457.14,382.61,457.14,-416.05,54.0,"125,554 M"
05/12/2026,1630,SPHD,49.80,+0.38%,,.6234,0.3,<empty>,53.07,46.385,49.71,49.84,49.21,1.0,0.4,0.67,"638,214",0.0,812355.44,862958.51,63.42,0.06,0.22,-0.02,53.59,48.36,-48.36,50.07,NaN,"3,262 M"
05/12/2026,1630,SPHR,135.96,+7.13%,Communication Services,1.685,5.21,$9.26,149.0,35.58,134.59,123.81,86.64,1.0,-0.5,0.08,"1,462,634",-100364.37,861996.59,853300.05,200.02,23.72,2.23,-0.56,146.07,95.62,149.05,149.05,59.0,"4,866 M"
05/12/2026,1630,SPLV,73.10,+0.61%,,.5678,0.55,<empty>,77.735,69.63,73.72,74.01,73.14,1.0,-0.28,0.51,"3,162,760",100016.5,2945702.7,3092858.65,22.93,-1.96,-1.35,-0.03,78.5,72.34,-72.34,75.07,NaN,"7,141 M"
05/12/2026,1630,SPMO,144.45,-1.11%,,1.087,5.56,<empty>,146.79,101.8,133.72,123.78,120.29,-1.0,1.0,-0.77,"2,383,833",-200018.07,1797707.68,1665761.26,67.4,23.28,11.15,3.7,136.06,107.3,-107.3,-126.15,NaN,"18,365 M"
05/12/2026,1630,SPOT,432.75,+3.16%,Communication Services,1,33.65,$17.81,785.0,405.0,472.87,490.32,582.41,5.0,0.28,0.23,"1,645,914",-100249.11,2052669.77,2465069.16,9.89,-15.08,-0.33,1.24,571.45,411.04,-411.04,-411.04,53.0,"88,982 M"
05/12/2026,1630,SPX,7400.96,-0.16%,,1,105.3,<empty>,7428.97,5767.41,7201.88,6884.36,6763.72,-2.0,1.0,-0.46,<empty>,NaN,NaN,NaN,NaN,10.92,3.67,0.87,7273.07,6317.3,-6317.3,-7047.13,NaN,0
05/12/2026,1630,SPY,738.18,-0.15%,,1,10.57,<empty>,740.79,575.6,717.91,686.38,674.46,-1.0,1.0,-0.47,"54,158,332",100225.3,7.458083213E7,7.597608367E7,27.38,10.83,3.72,0.9,725.07,629.3,-629.3,-702.13,NaN,"763,449 M"
05/12/2026,1630,STKL,6.50,0.00%,Consumer Staples,1.021,0.01,<empty>,6.94,3.32,6.49,6.47,5.53,10.0,-0.52,0.46,<empty>,100038.59,1719189.32,2712623.84,328.3,0.62,0.46,0.15,7.43,5.62,7.43,7.12,4.0,769 M
05/12/2026,1630,STLD,232.80,-1.34%,Materials,1.456,5.12,$4.54,243.725,119.89,223.96,197.33,167.21,-4.0,-0.91,-0.34,"954,260",200444.16,1164251.74,1190275.04,-45.68,32.95,2.57,-0.05,231.07,162.37,244.04,244.04,48.0,"33,573 M"
05/12/2026,1630,STZ,142.53,+0.08%,Consumer Staples,.4056,4.84,$10.23,196.91,126.45,154.17,153.35,149.05,-3.0,0.0,-0.06,"1,747,028",100828.24,1952677.13,2047539.58,36.3,-3.9,-8.28,-5.14,169.21,145.45,169.21,166.17,35.0,"24,543 M"
05/12/2026,1630,SU,66.56,+2.21%,Energy,.3004,1.92,$4.31,70.29,34.67,64.94,63.42,49.12,1.0,0.29,0.44,"3,488,378",-100240.5,4923711.55,4806753.2,47.62,11.4,2.1,4.42,69.06,54.59,70.05,70.05,58.0,"78,590 M"
05/12/2026,1630,SVV,7.41,-1.72%,Consumer Discretionary,.7587,0.38,<empty>,13.89,6.905,8.39,8.15,10.15,-4.0,-0.69,-0.24,"1,202,451",-100090.31,1132512.55,1198579.02,5.96,-5.0,-12.41,-9.74,11.61,7.31,-7.31,9.15,55.0,"1,141 M"
05/12/2026,1630,SWBI,14.42,+0.14%,Consumer Discretionary,.968,0.37,<empty>,15.79,7.73,14.97,14.49,10.93,-7.0,-0.39,0.0,"398,960",100945.47,625684.45,565334.36,24.63,3.82,-5.38,-2.1,16.06,11.55,16.06,16.06,25.0,642 M
05/12/2026,1630,SWKS,66.31,-5.45%,Information Technology,1.448,3.55,$4.49,90.9,51.93,64.1,58.77,66.14,-1.0,-0.91,-0.53,"7,019,058",-200547.01,3691358.54,3528664.11,157.42,20.13,8.74,1.95,70.08,52.3,73.05,73.05,58.0,"9,973 M"
05/12/2026,1630,SXT,115.95,-1.18%,Materials,.7858,6.0,$0.52,129.35,82.6,110.84,98.41,99.25,-10.0,-0.86,-0.18,"401,250",300136.09,393600.84,411649.6,-0.8,26.54,-5.79,-1.61,129.1,83.6,129.1,129.1,51.0,"4,936 M"
05/12/2026,1630,SYF,70.84,+0.80%,Financials,1.323,1.98,$27.15,88.77,55.67,75.44,70.85,74.25,-4.0,-0.52,-0.2,"5,917,682",0.0,3870277.25,4157632.32,14.52,10.74,-7.1,-4.27,80.15,63.42,80.15,80.15,48.0,"23,828 M"
05/12/2026,1630,SYY,72.98,+0.56%,Consumer Staples,.6668,1.28,$3.79,91.845,68.19,74.22,77.63,78.85,1.0,0.33,0.65,"2,863,691",100333.3,5053836.25,4769216.05,-26.08,-14.05,-0.53,0.14,92.59,68.29,-68.29,-72.1,53.0,"34,898 M"
05/12/2026,1630,T,25.23,+1.45%,Communication Services,.1915,0.48,$2.44,29.79,22.95,25.84,27.12,26.65,1.0,0.03,0.42,"33,452,327",100233.37,3.980370882E7,4.017371397E7,-43.98,-7.89,-3.18,-0.12,29.34,25.2,29.34,27.13,49.0,"175,307 M"
05/12/2026,1630,TAN,61.65,-2.22%,,1.289,1.81,<empty>,64.14,30.57,58.26,56.4,49.93,-1.0,0.85,-0.95,"1,119,273",-100340.52,1218246.46,1290935.03,-54.34,12.6,6.99,3.16,61.58,52.45,-52.45,-54.17,NaN,"1,766 M"
05/12/2026,1630,TAP,41.34,-0.24%,Consumer Staples,.4348,0.64,$5.96,57.57,40.64,42.77,43.46,46.81,-2.0,-0.43,-0.51,"4,624,720",-200335.09,3112454.71,3271637.19,56.93,-5.38,-2.87,-4.15,55.61,41.06,-41.06,-41.06,57.0,"7,753 M"
05/12/2026,1630,TBIL,49.91,0.00%,,.0036,0.05,<empty>,50.02,49.81,49.92,49.91,49.93,8.0,0.32,0.58,"1,449,231",400000.31,2448839.72,2388069.29,-18.5,0.0,0.12,0.04,50.31,50.52,50.31,-50.1,NaN,"7,099 M"
05/12/2026,1630,TCEHY,58.30,-1.98%,Communication Services,.2478,1.02,$2.99,87.68,57.91,62.09,64.05,74.4,-3.0,-0.4,-0.36,"4,647,650",-200200.14,4047849.18,3740991.53,-6.17,-15.71,-3.7,-3.83,74.44,59.04,74.44,68.17,1.0,"526,851 M"
05/12/2026,1630,TCNNF,8.1000,-4.93%,Health Care,1.682,0.7,$1.17,11.83,3.25,8.5,7.1,7.23,-10.0,-0.79,-0.09,"348,486",101400.13,383041.28,345302.31,-83.63,31.28,-19.64,-13.0,10.1,5.3,10.1,10.1,NaN,"1,558 M"
05/12/2026,1630,TEAM,85.00,-2.65%,Information Technology,.9394,10.34,$4.59,232.36,56.0101,77.75,73.64,130.68,-5.0,-0.99,-0.77,"5,969,587",100779.08,7851309.9,7893102.62,-20.76,15.9,21.93,-7.98,96.06,56.22,96.06,96.06,60.0,"21,570 M"
05/12/2026,1630,TEVA,35.81,-0.08%,Health Care,.8468,2.05,$1.02,37.345,14.99,33.54,31.53,26.56,-4.0,-0.84,-0.74,"4,625,471",-100338.09,7034575.15,6851389.38,31.72,22.22,13.25,-0.56,36.08,28.26,-28.26,37.03,53.0,"41,698 M"
05/12/2026,1630,TFLO,50.55,+0.02%,,-.001,0.05,<empty>,50.67,50.39,50.56,50.56,50.53,4.0,0.25,0.32,"925,589",-100002.05,1810288.35,1744666.19,-45.94,0.0,-0.12,0.06,51.3,50.5,51.3,-50.07,NaN,"6,642 M"
05/12/2026,1630,TGS,29.85,-1.42%,Energy,.5671,0.58,$0.15,36.3499,19.74,30.49,31.6,28.9,-1.0,-0.06,-0.54,"252,371",100857.05,352184.27,321474.12,72.14,-2.55,-1.97,-2.64,36.29,28.59,36.29,33.04,58.0,"4,494 M"
05/12/2026,1630,TGT,121.80,+2.84%,Consumer Staples,.9891,3.3,$6.24,133.1,83.44,127.42,122.26,104.22,-4.0,-0.36,0.0,"5,622,996",-100136.37,5585763.85,5639046.56,9.37,5.23,-4.2,-3.24,133.15,111.51,133.15,133.15,6.0,"55,319 M"
05/12/2026,1630,THC,195.88,+2.19%,Health Care,1.319,6.04,$37.93,247.21,146.6,188.08,200.97,198.0,2.0,0.38,0.71,"1,290,231",100245.08,1306266.8,1291817.87,2.95,-12.84,10.35,0.9,247.47,168.08,-168.08,-168.08,48.0,"16,873 M"
05/12/2026,1630,THD,70.22,-1.07%,,.4443,1.04,<empty>,75.06,48.08,70.5,68.88,63.0,-2.0,-0.29,-0.62,"55,603",-100120.2,136872.78,139250.63,99.3,6.56,1.43,-1.38,75.51,65.37,-65.37,-68.13,NaN,256 M
05/12/2026,1630,TIGR,6.26,-1.88%,Financials,.4933,0.19,$7.42,13.55,5.95,6.77,6.84,9.03,-4.0,-0.49,-0.46,"2,805,095",0.0,2482779.21,2334893.75,57.29,-14.83,-6.57,-2.64,8.62,6.29,-6.29,7.17,11.0,"1,118 M"
05/12/2026,1630,TIP,111.12,-0.17%,,.2785,0.26,<empty>,112.26,107.98,111.38,111.05,110.88,-1.0,-0.56,-0.41,"1,253,023",-100006.3,2390412.55,2380287.75,-12.69,0.17,-0.55,0.08,112.51,110.31,-110.31,-111.03,NaN,"15,035 M"
05/12/2026,1630,TJX,150.26,+0.91%,Consumer Discretionary,.6194,2.63,$4.41,165.82,119.8405,156.38,157.67,149.03,-3.0,0.0,-0.21,"5,317,830",-100028.05,4436017.24,4637345.74,105.95,-3.55,-4.41,-2.73,166.23,150.62,166.23,161.16,6.0,"166,160 M"
05/12/2026,1630,TKO,183.33,-0.63%,Communication Services,.7857,1.71,$21.29,226.94,152.29,186.14,194.11,195.1,-3.0,-0.19,-0.6,"1,036,777",200242.3,1454048.91,1329397.73,-11.29,-8.91,-0.68,-2.23,227.52,181.08,-181.08,194.02,59.0,"13,744 M"
05/12/2026,1630,TKR,117.12,-0.23%,Industrials,1.15,4.69,$5.50,123.67,67.14,110.12,104.73,89.09,-2.0,0.77,-0.81,"712,814",100132.05,790747.93,795292.39,1.63,17.47,9.58,0.67,112.08,94.36,124.04,124.04,53.0,"8,139 M"
05/12/2026,1630,TLT,84.99,-0.67%,,.5339,0.52,<empty>,92.185,83.295,86.11,86.72,88.17,-2.0,-0.23,-0.51,"27,664,799",100016.36,3.254045414E7,3.392079552E7,102.28,-2.28,-1.6,-0.77,91.51,85.06,-85.06,-85.06,NaN,"42,385 M"
05/12/2026,1630,TME,9.07,-1.31%,Communication Services,.748,0.15,$0.84,26.7,8.78,9.43,10.41,17.91,-4.0,0.95,-0.67,"19,012,549",-200962.39,1.096578397E7,9863338.81,112.83,-33.7,-1.31,-2.16,17.62,9.27,-9.27,-9.08,0.0,"14,055 M"
05/12/2026,1630,TMO,459.30,+1.48%,Health Care,.879,6.25,$17.97,643.99,385.46,484.08,488.39,527.56,1.0,-0.37,0.48,"3,055,748",-300332.02,2156967.01,2199873.43,69.6,-3.49,-2.32,-3.2,539.62,456.13,539.62,538.15,49.0,"170,686 M"
05/12/2026,1630,TMUS,193.30,+1.28%,Communication Services,.3211,3.84,$14.02,261.56,181.36,193.23,202.64,215.11,1.0,0.27,0.5,"4,174,445",-100140.16,5812792.88,6163122.69,-57.92,-9.83,3.52,-0.46,225.54,182.11,-182.11,-182.11,49.0,"209,190 M"
05/12/2026,1630,TNET,41.45,-1.05%,Industrials,1.007,1.71,<empty>,86.78,33.605,41.34,38.84,54.93,-8.0,-0.95,-0.7,"309,461",100462.52,447146.23,555289.89,-7.11,14.72,-0.96,-3.31,52.62,34.54,-34.54,46.07,51.0,"1,904 M"
05/12/2026,1630,TNX:CGI,44.63,+1.20%,,.0834,0.44,<empty>,46.29,39.47,43.51,43.03,41.85,2.0,0.7,0.55,<empty>,NaN,NaN,NaN,NaN,4.45,2.5,1.62,45.31,40.51,45.31,-42.17,NaN,0
05/12/2026,1630,TOKE,5.24,0.00%,,.886,0.07,<empty>,7.334,4.27,5.21,5.47,5.74,1.0,0.34,0.36,<empty>,0.0,22074.62,51471.83,22.71,-7.91,-0.37,0.77,6.62,5.12,-5.12,-5.12,NaN,13 M
05/12/2026,1630,TOST,23.26,-3.84%,Financials,1.775,1.96,$1.12,49.66,22.925,28.1,27.72,34.45,-3.0,-0.58,-0.01,"22,294,757",-200251.01,1.087868709E7,1.164744925E7,285.67,-15.72,-19.77,-20.83,31.46,24.54,31.46,30.06,58.0,"13,491 M"
05/12/2026,1630,TPB,92.96,+0.27%,Consumer Staples,.9611,6.13,<empty>,146.9,65.8,81.66,84.48,99.09,-1.0,0.72,-1.0,"394,628",-201366.29,534920.83,487739.14,-56.54,4.5,20.07,3.04,147.52,66.28,-66.28,99.02,58.0,"1,800 M"
05/12/2026,1630,TPL,401.39,-0.31%,Energy,.6365,16.87,$0.62,547.2,269.233333333333,426.03,466.58,361.02,1.0,-0.12,0.47,"374,131",100652.23,473933.74,547841.3,23.47,-24.12,-6.85,0.58,547.55,370.23,-370.23,455.03,59.0,"27,686 M"
05/12/2026,1630,TPR,131.73,-1.21%,Consumer Discretionary,1.458,5.88,$8.53,161.97,76.29,143.96,144.68,125.37,-4.0,0.0,-0.15,"2,943,429",-200138.03,2026063.84,2109162.18,43.25,-7.67,-8.42,0.93,162.52,129.03,162.52,159.17,64.0,"26,615 M"
05/12/2026,1630,TPYP,42.59,+1.04%,,.6046,0.68,<empty>,43.61,33.94,41.85,42.1,37.62,1.0,0.29,0.56,"32,819",200020.13,149263.96,129500.92,-76.83,1.76,1.33,1.82,44.34,39.62,44.34,44.08,NaN,862 M
05/12/2026,1630,TRIP,9.45,-2.17%,Communication Services,.8811,0.6,$1.54,20.16,9.01,11.02,10.54,14.04,-6.0,-0.65,-0.12,"4,017,471",100660.28,3695779.65,3931955.26,89.28,1.29,-12.98,-15.85,13.62,9.37,-9.37,12.15,59.0,"1,100 M"
05/12/2026,1630,TRP,66.30,+1.21%,Energy,.7178,1.89,$2.54,67.31,46.29,63.37,63.46,56.41,1.0,0.63,0.64,"1,388,564",-200028.3,2649682.15,2616571.53,-43.03,5.0,5.3,1.84,67.07,59.17,67.07,67.07,54.0,"69,069 M"
05/12/2026,1630,TRU,69.20,-1.13%,Industrials,1.604,1.42,$3.59,99.39,65.235,72.45,71.8,80.72,-2.0,-0.62,-0.51,"2,093,443",0.0,2365470.92,2599480.68,-24.17,-0.55,-1.26,-5.14,80.49,65.31,-65.31,-67.05,50.0,"13,342 M"
05/12/2026,1630,TSLA,433.45,-2.60%,Consumer Discretionary,1.729,23.17,$2.17,498.83,273.21,394.85,384.64,405.67,-1.0,0.93,-1.0,"60,478,786",-100047.14,6.414764134E7,6.258974994E7,-3.02,9.73,15.27,5.26,436.62,337.25,-337.25,-364.11,49.0,"1,627,919 M"
05/12/2026,1630,TSM,397.28,-1.79%,Information Technology,1.385,9.32,$1.26,420.0,187.72,392.19,364.44,311.26,-3.0,-0.91,-0.45,"18,115,841",100252.13,1.416312492E7,1.361758211E7,11.02,17.99,1.26,-4.07,415.11,314.3,-314.3,420.03,45.0,"2,060,453 M"
05/12/2026,1630,TSN,67.46,+0.57%,Consumer Staples,.4146,2.06,$3.45,69.4842,50.56,65.47,63.67,58.71,-2.0,-0.7,-0.69,"2,144,093",100528.07,2905462.47,2912653.97,-11.25,10.54,5.23,-0.71,69.06,58.35,69.05,69.05,56.0,"23,755 M"
05/12/2026,1630,TT,467.66,-1.86%,Industrials,1.218,7.91,$14.11,503.47,348.06,478.09,450.41,426.74,-1.0,-0.52,-0.25,"1,427,562",100030.09,1335469.92,1312468.85,18.8,10.87,-2.72,-0.46,503.08,403.3,503.08,503.08,53.0,"103,379 M"
05/12/2026,1630,TTD,21.14,-1.77%,Communication Services,1.154,0.99,$1.72,91.45,19.74,23.28,23.63,39.51,-5.0,-0.87,-0.36,"16,808,619",-100573.48,2.072030469E7,2.044693366E7,41.34,-20.3,-9.0,-10.0,33.47,20.23,-20.23,-21.02,60.0,"9,938 M"
05/12/2026,1630,TTE,91.76,+1.18%,Energy,.1954,1.61,$4.99,93.67,57.26,90.17,88.13,70.82,2.0,0.24,0.41,"706,200",500228.23,2215506.86,2049639.39,-37.16,12.7,0.8,3.41,94.08,76.62,94.08,94.08,NaN,"203,557 M"
05/12/2026,1630,TTWO,225.99,+2.04%,Communication Services,.9767,5.31,$2.66,264.785,187.63,217.35,208.69,231.4,1.0,1.0,0.67,"1,785,348",0.0,1718533.31,1918367.36,43.22,8.03,6.09,1.11,227.06,188.31,-188.31,-206.13,7.0,"41,848 M"
05/12/2026,1630,TUA,20.70,-0.43%,,-.0566,0.13,<empty>,22.305,20.66,20.99,21.13,21.72,-2.0,-0.5,-0.44,"235,363",100124.32,541442.01,518226.55,52.78,-2.73,-1.43,-0.77,22.51,21.32,-21.32,21.17,NaN,782 M
05/12/2026,1630,TUR,42.89,-1.94%,,.3449,0.57,<empty>,43.98,29.64,42.75,40.59,36.84,-1.0,-0.6,-0.52,"404,581",100337.46,348661.65,385106.09,-37.43,9.02,1.32,-0.86,43.17,37.46,-37.46,-42.09,NaN,274 M
05/12/2026,1630,TWLO,192.78,-2.93%,Information Technology,1.378,25.41,$5.89,203.71,91.84,163.09,140.71,124.06,-3.0,-1.0,-0.78,"2,974,545",300458.07,2334333.22,2519691.49,-12.06,53.6,35.61,-2.18,193.06,105.6,-105.6,204.02,60.0,"29,259 M"
05/12/2026,1630,TXG,20.92,+2.05%,Health Care,2.16,0.72,$0.97,26.445,8.065,22.54,21.46,17.25,-3.0,-0.18,-0.31,"2,745,022",100380.03,2454103.46,2561165.62,-4.47,10.45,-2.11,-6.69,26.17,16.4,26.17,-20.09,60.0,"2,656 M"
05/12/2026,1630,TXRH,183.57,+0.02%,Consumer Discretionary,.767,9.48,$5.36,199.99,153.825,163.13,166.14,172.19,3.0,0.64,1.0,"1,355,858",200331.02,1106928.98,1133903.07,48.8,8.34,15.96,16.24,191.58,154.06,-154.06,-154.06,60.0,"12,066 M"
05/12/2026,1630,TXT,90.82,-0.92%,Industrials,.9233,2.23,$4.85,101.57,72.0,91.01,91.1,86.96,-4.0,-0.5,-0.63,"1,176,220",-100129.09,1437365.59,1483811.31,-19.55,-0.79,3.04,-0.84,102.58,86.3,-86.3,98.08,50.0,"15,793 M"
05/12/2026,1630,TYX:CGI,50.31,+0.90%,,.0232,0.34,<empty>,51.53,45.28,49.47,48.99,48.01,2.0,0.79,0.52,<empty>,NaN,NaN,NaN,NaN,2.99,1.76,1.25,50.06,46.51,50.06,50.06,NaN,0
05/12/2026,1630,U,26.84,-0.11%,Information Technology,2.095,0.88,$1.08,52.15,16.78,26.45,22.84,34.24,-2.0,-0.84,-0.63,"8,516,715",-100494.32,1.408095417E7,1.686591822E7,25.88,38.14,1.13,0.41,28.06,17.55,-17.55,31.03,58.0,"11,717 M"
05/12/2026,1630,UA,4.90,-16.67%,Consumer Discretionary,1.668,0.33,($0.11),7.9067,3.95,6.09,6.06,5.41,-2.0,-0.21,-0.34,"8,428,940",-100455.01,2651420.39,2852527.65,227.02,-22.1,-20.84,-21.22,8.56,5.27,8.56,7.15,0.0,"2,087 M"
05/12/2026,1630,UAA,5.03,-17.00%,Consumer Discretionary,1.742,0.35,($0.11),8.15,4.13,6.28,6.23,5.59,-2.0,-0.22,-0.33,"33,429,366",-100361.01,9054408.81,9095124.28,350.46,-23.09,-21.41,-21.28,8.56,5.27,8.56,7.15,0.0,"2,142 M"
05/12/2026,1630,UAE,19.00,-1.04%,,.4218,0.24,<empty>,22.29,16.99,19.5,18.98,19.58,-2.0,-0.61,-0.51,"345,084",100338.36,813175.21,792652.47,74.14,6.2,-3.26,-2.51,22.58,17.36,-17.36,21.17,NaN,279 M
05/12/2026,1630,UAL,95.84,-0.81%,Industrials,1.237,3.76,$9.90,119.21,71.55,94.6,93.63,100.95,-2.0,-0.65,-0.75,"3,384,767",-300458.15,8255814.39,7734323.65,-77.3,10.76,6.01,-3.87,119.62,85.3,-85.3,-88.09,49.0,"31,107 M"
05/12/2026,1630,UBER,76.36,+0.28%,Industrials,2,1.48,$4.72,101.99,68.46,75.79,74.29,84.66,1.0,0.96,0.57,"17,236,910",100237.05,1.653057433E7,1.780065544E7,21.96,4.65,3.04,-0.48,79.39,68.31,-68.31,81.03,58.0,"155,438 M"
05/12/2026,1630,UFO,55.59,-1.26%,,1.252,1.98,<empty>,57.1145,23.55,52.67,49.13,40.43,3.0,0.71,0.65,"987,994",300351.02,790233.86,712049.36,3.7,24.22,11.16,8.91,56.17,42.61,-42.61,-49.09,NaN,810 M
05/12/2026,1630,UGA,122.68,+2.60%,,.0846,4.12,<empty>,124.6,57.63,112.42,102.78,74.52,1.0,0.72,0.45,"24,711",-200176.29,96301.3,80509.28,-62.35,29.22,7.85,6.04,125.06,67.59,125.06,125.06,NaN,147 M
05/12/2026,1630,UHAL,50.70,-2.39%,Industrials,1.082,0.86,($8.17),66.74,41.945,52.08,49.35,53.38,-2.0,-0.72,-0.44,"167,535",100349.22,234576.65,222834.84,-27.0,11.38,-3.61,-2.72,54.14,42.36,54.14,-50.06,10.0,"9,632 M"
05/12/2026,1630,UHS,169.63,+0.83%,Health Care,1.133,4.99,$14.11,246.325,152.3278,172.97,181.6,200.71,7.0,0.22,0.58,"880,970",100536.1,815815.09,829749.05,95.4,-10.95,4.36,-0.55,244.61,159.09,-159.09,-159.09,52.0,"10,269 M"
05/12/2026,1630,UL,57.92,+1.19%,Consumer Staples,.4431,0.84,$3.64,74.975,54.95,58.09,60.19,66.27,-4.0,0.52,-0.73,"3,305,660",100232.29,4790512.11,4630239.38,-30.64,-10.06,0.4,-1.38,75.6,55.28,-55.28,61.07,53.0,"126,314 M"
05/12/2026,1630,ULS,97.25,-0.49%,Industrials,.6221,5.93,$2.24,107.54,61.64,93.39,87.81,78.33,-4.0,-0.96,-0.67,"763,486",-100145.37,774923.85,812194.87,3.68,16.15,10.15,-2.17,94.15,68.6,108.04,108.04,57.0,"19,602 M"
05/12/2026,1630,ULTA,505.20,-1.32%,Consumer Discretionary,.8997,15.47,$23.82,714.9699,402.5,539.48,551.28,567.93,-4.0,-0.46,-0.58,"1,049,572",-300337.41,775330.3,707784.17,82.0,-19.13,-6.12,-4.05,715.58,499.34,715.58,579.14,14.0,"22,007 M"
05/12/2026,1630,UNG,10.91,-2.76%,,.1149,0.27,<empty>,18.54,9.95,10.67,11.4,12.58,2.0,0.43,0.52,"7,575,621",0.0,1.098756123E7,1.078291412E7,40.28,-16.33,5.61,2.15,13.45,10.09,-10.09,-10.09,NaN,547 M
05/12/2026,1630,UNH,396.39,+3.11%,Health Care,.5721,11.21,$21.68,397.415,234.6,357.57,313.8,318.56,3.0,0.99,0.63,"9,232,322",-100145.37,8524268.0,8491673.22,-21.81,43.08,8.08,7.21,373.07,256.31,-256.31,-317.17,53.0,"359,979 M"
05/12/2026,1630,UNP,265.60,+0.85%,Industrials,.9889,2.42,$9.61,274.79,210.84,261.72,252.52,236.34,-11.0,-0.65,-0.47,"2,542,385",100325.14,2899320.54,3070743.5,-33.88,8.81,-0.8,0.27,275.12,232.37,275.12,275.12,50.0,"157,690 M"
05/12/2026,1630,UPBD,17.96,-0.17%,Consumer Discretionary,1.915,0.54,$4.50,28.025,15.82,19.13,18.74,20.47,-4.0,-0.64,-0.35,"736,257",400250.09,877003.27,879226.43,-8.78,0.17,-5.77,-4.26,24.57,17.36,-17.36,21.15,54.0,"1,047 M"
05/12/2026,1630,UPS,98.44,-1.56%,Industrials,1.057,4.28,$5.32,122.41,82.0,103.86,101.37,97.35,-1.0,-0.41,-0.41,"6,197,545",-200635.07,6567837.78,6294545.32,70.52,0.56,-5.29,-1.66,122.61,94.31,-94.31,-96.06,53.0,"83,675 M"
05/12/2026,1630,UPST,27.84,-2.96%,Financials,2.349,1.91,($2.97),87.3,23.965,31.87,28.89,45.43,-16.0,-0.69,-0.19,"3,543,656",0.0,4810514.88,5466346.37,20.42,8.07,-15.28,-4.0,38.62,24.3,-24.3,36.15,58.0,"2,665 M"
05/12/2026,1630,URA,54.35,-5.03%,,1.142,1.38,<empty>,62.28,27.2601,55.58,51.99,48.86,-1.0,-0.6,-0.43,"5,994,529",0.0,3943018.77,4055243.85,-1.57,7.05,0.22,-3.39,59.13,45.3,59.13,59.13,NaN,"7,674 M"
05/12/2026,1630,URBN,67.01,-2.03%,Consumer Discretionary,1.163,1.98,$3.49,84.35,57.465,71.14,67.21,70.67,-2.0,-0.39,-0.22,"1,862,708",-100256.37,1502365.73,1542770.5,82.43,5.11,-3.98,-4.87,77.15,60.34,77.15,77.15,6.0,"5,736 M"
05/12/2026,1630,URI,955.76,+1.88%,Industrials,1.72,16.11,$32.10,1021.47,681.98,905.19,817.25,870.85,-11.0,-0.89,-0.41,"732,385",100536.14,592550.81,590862.37,25.15,30.24,-0.72,1.23,1001.12,702.37,1001.12,1001.12,49.0,"59,875 M"
05/12/2026,1630,URNJ,30.97,-4.91%,,1.57,0.81,<empty>,40.81,15.54,31.85,30.68,28.62,-1.0,-0.39,-0.44,"372,667",0.0,362071.46,388881.36,0.83,-1.96,0.23,-2.61,37.5,26.3,-26.3,34.17,NaN,460 M
05/12/2026,1630,URNM,65.50,-3.94%,,.9397,1.59,<empty>,84.95,35.9333,67.68,65.43,60.8,-1.0,-0.35,-0.42,"1,010,334",0.0,714590.31,739919.98,44.51,-2.4,-0.7,-2.25,76.53,57.36,-57.36,72.13,NaN,"2,359 M"
05/12/2026,1630,USCI,102.69,+1.63%,,.1457,1.29,<empty>,102.69,69.3,98.56,95.44,82.77,2.0,0.58,0.45,"13,543",300029.15,26943.14,23867.38,-87.3,9.93,4.15,4.11,101.06,80.59,-80.59,-93.17,NaN,395 M
05/12/2026,1630,USD/JPY,157.609,-0.01%,,<empty>,0.414,<empty>,N/A,N/A,157.819,158.733,156.758,7.0,0.24,0.69,"30,000",-100200.14,2.2292E7,2.647015625E7,-99.795,-0.752,0.339,0.581,161.13,155.07,-155.07,-155.07,NaN,<empty>
05/12/2026,1630,USFD,83.97,+0.43%,Consumer Staples,.8546,3.48,$3.78,102.13,69.875,90.5,90.99,82.33,-4.0,0.0,-0.1,"3,250,849",-100028.04,2423118.79,2620417.38,113.89,-9.33,-7.09,-3.35,102.61,84.03,102.61,95.07,59.0,"18,492 M"
05/12/2026,1630,USPH,60.85,+2.41%,Health Care,1.178,5.9,$4.39,93.5,58.19,71.08,74.66,80.26,1.0,-0.16,0.07,"376,176",100336.01,178937.31,194412.3,173.36,-21.87,-16.12,3.14,91.61,59.03,91.61,-58.02,59.0,926 M
05/12/2026,1630,UTI,37.67,+2.50%,Consumer Discretionary,1.226,0.9,$0.01,40.41,21.29,36.83,36.52,30.53,2.0,0.51,0.51,"866,378",100551.52,610953.01,728520.1,151.99,6.74,5.99,6.14,40.33,26.62,40.33,-31.03,59.0,"2,074 M"
05/12/2026,1630,UTZ,7.39,+2.50%,Consumer Staples,.8421,0.26,$0.83,14.67,7.115,7.7,7.74,10.4,-4.0,-0.66,-0.43,"3,003,229",100254.05,1908264.85,1960927.76,134.53,1.23,-7.74,-4.27,11.62,7.33,-7.33,9.04,54.0,654 M
05/12/2026,1630,UUP,27.45,+0.37%,,-.1915,0.08,<empty>,28.45,26.395,27.43,27.55,27.55,1.0,0.56,0.65,"2,008,038",100007.25,2951045.42,2584744.6,161.28,-0.83,-0.29,0.15,28.3,27.62,28.3,28.09,NaN,358 M
05/12/2026,1630,V,326.42,+1.00%,Financials,.7648,8.22,$11.05,375.51,293.89,318.56,311.7,331.66,2.0,0.85,0.65,"6,234,958",-100024.1,7120162.69,7456398.14,10.03,6.5,5.54,1.6,342.09,294.28,342.09,342.09,53.0,"620,767 M"
05/12/2026,1630,VET,12.47,+1.88%,Energy,.3996,0.64,$1.42,14.82,6.22,12.51,12.61,9.48,2.0,-0.09,0.38,"1,708,822",101365.38,2449362.29,2304870.4,78.0,4.97,-4.44,5.14,15.36,10.59,15.36,14.05,59.0,"1,910 M"
05/12/2026,1630,VFC,17.59,-1.95%,Consumer Discretionary,1.77,0.67,$0.79,22.2699,11.06,19.45,18.06,16.86,-2.0,-0.44,-0.2,"7,591,489",0.0,6297233.92,6230984.18,12.1,11.9,-5.99,-7.71,22.15,16.42,22.15,22.15,6.0,"6,882 M"
05/12/2026,1630,VG,13.27,+14.20%,Energy,1.41,0.71,($2.80),19.5,5.72,12.37,13.38,10.95,1.0,0.21,0.62,"41,794,928",100815.37,2.978724459E7,2.568942976E7,135.18,3.92,9.13,13.52,18.34,9.59,18.34,14.06,0.0,"32,967 M"
05/12/2026,1630,VGK,87.11,-0.81%,,.8645,1.0,<empty>,90.745,74.23,87.26,85.06,82.84,-2.0,-0.79,-0.44,"3,600,958",200127.3,4477501.23,4204292.4,57.15,4.57,1.1,-0.19,91.51,79.36,-79.36,-85.09,NaN,"29,874 M"
05/12/2026,1630,VHT,272.93,+1.86%,,.6253,2.0,<empty>,298.6068,234.13,272.07,274.45,274.12,1.0,0.36,0.6,"342,444",-100116.08,199398.88,207850.13,87.17,-1.54,1.53,0.68,296.51,265.31,-265.31,-265.09,NaN,"16,172 M"
05/12/2026,1630,VIK,80.60,-0.38%,Consumer Discretionary,1.244,1.87,$3.46,87.0,42.2004,81.74,76.52,68.3,-3.0,-0.64,-0.33,"3,386,187",-100359.04,2904494.87,2772245.03,52.48,18.88,1.35,-4.01,87.15,66.45,87.15,-77.09,2.0,"35,953 M"
05/12/2026,1630,VIR,9.40,+1.18%,Health Care,1.706,0.47,($3.19),11.66,4.155,10.18,9.63,6.91,1.0,-0.03,0.04,"1,236,009",100582.53,2187169.34,3433453.46,-48.62,-0.84,-8.56,1.4,12.16,7.62,12.16,-9.02,59.0,"1,585 M"
05/12/2026,1630,VIX,17.99,-2.12%,,-6,0.73,<empty>,35.3,13.38,18.06,21.97,18.38,7.0,0.15,0.73,<empty>,NaN,NaN,NaN,NaN,-34.08,0.9,5.33,35.45,16.04,-16.04,-16.04,NaN,0
05/12/2026,1630,VKTX,31.32,-1.26%,Health Care,.5436,0.78,($3.00),43.15,22.959,32.72,33.31,32.72,7.0,-0.29,0.44,"1,328,424",100268.09,2366937.98,2513717.71,-17.49,-11.7,-3.3,-0.82,38.41,27.62,38.41,-29.08,54.0,"3,636 M"
05/12/2026,1630,VLO,247.12,-0.41%,Energy,.5779,6.79,$18.20,258.4299,125.1,240.39,238.21,186.59,2.0,0.4,0.52,"3,387,356",-100148.37,3940448.97,3636848.72,47.63,4.8,2.85,4.56,258.3,195.54,258.3,256.05,50.0,"73,378 M"
05/12/2026,1630,VLTO,86.73,+0.18%,Industrials,.7343,1.05,$4.20,110.11,84.99,88.52,89.45,98.78,-3.0,-0.55,-0.57,"1,743,736",-100127.37,1939498.75,2024474.26,12.96,-3.38,1.32,-2.25,98.52,85.31,-85.31,-85.1,50.0,"21,301 M"
05/12/2026,1630,VMC,279.33,-1.19%,Materials,1.071,5.86,$8.48,331.09,252.35,290.83,281.67,292.49,-4.0,-0.63,-0.32,"900,253",300138.31,1237472.15,1274916.56,37.14,5.88,-4.16,-3.32,329.62,252.37,-252.37,306.09,54.0,"36,244 M"
05/12/2026,1630,VNM,19.43,-0.31%,,.9513,0.32,<empty>,19.85,12.6,19.11,18.05,18.15,-2.0,-0.94,-0.5,"714,499",-100141.44,931535.71,899601.71,-5.09,16.0,1.52,-0.46,19.14,16.34,-16.34,20.02,NaN,591 M
05/12/2026,1630,VNO,31.23,+0.61%,Real Estate,1.536,1.0,$6.23,43.37,24.57,29.99,27.83,33.91,-2.0,-0.98,-0.55,"1,953,632",-100446.37,2146246.79,2283533.79,9.97,19.93,3.07,-2.53,33.62,25.31,-25.31,33.03,57.0,"5,874 M"
05/12/2026,1630,VRNS,27.84,-0.57%,Information Technology,.7871,1.45,$1.00,63.9,19.7,26.0,24.19,38.43,-3.0,-1.0,-0.65,"1,377,745",0.0,2500815.82,2633208.36,-42.62,15.14,9.43,-2.93,30.09,20.22,30.09,30.09,53.0,"3,196 M"
05/12/2026,1630,VRT,367.13,-0.21%,Industrials,2.083,19.03,$5.95,371.995,100.9,325.81,289.21,199.67,2.0,1.0,0.72,"6,552,440",-100569.37,7977026.77,7830732.54,-33.38,38.34,20.36,7.98,333.06,227.6,-227.6,-294.1,53.0,"141,018 M"
05/12/2026,1630,VRTX,448.29,+3.01%,Health Care,.292,6.29,$14.55,507.92,362.5,432.41,446.1,434.95,5.0,0.36,0.98,"1,398,059",100432.45,1284970.63,1344270.69,90.39,-6.24,4.22,5.48,508.44,412.05,-412.05,-412.05,57.0,"113,778 M"
05/12/2026,1630,VSCO,46.56,+1.13%,Consumer Discretionary,2.118,2.24,$3.90,66.889,17.53,51.19,49.21,42.47,-4.0,-0.35,-0.4,"3,022,318",100673.46,2466468.09,2282871.48,67.14,3.54,-9.99,-2.08,66.52,42.31,-42.31,58.15,16.0,"3,698 M"
05/12/2026,1630,VTR,88.53,+0.96%,Real Estate,.7672,1.64,$2.89,89.27,61.76,85.78,85.02,77.13,1.0,0.54,0.57,"6,657,633",100023.09,3919862.72,3792880.35,53.26,2.7,1.1,2.29,89.06,79.14,-79.14,-79.14,54.0,"43,041 M"
05/12/2026,1630,VVIX,98.55,+0.50%,,-4.314,2.24,<empty>,147.14,81.72,96.41,109.76,102.56,4.0,0.22,0.68,<empty>,NaN,NaN,NaN,NaN,-24.3,8.26,5.28,141.46,91.1,-91.1,-91.1,NaN,0
05/12/2026,1630,VVV,32.80,-4.93%,Consumer Discretionary,1.039,1.19,$0.78,41.33,28.5,33.42,33.92,34.51,-2.0,-0.38,-0.7,"3,348,120",-200136.03,2107685.39,2029507.46,-8.95,-3.64,1.3,-8.56,39.61,32.05,-32.05,37.02,58.0,"4,183 M"
05/12/2026,1630,VXD,16.21,-3.40%,,-6.367,0.87,<empty>,42.71,2.43,17.1,21.31,17.29,7.0,0.13,0.52,<empty>,NaN,NaN,NaN,NaN,-36.9,-6.57,0.25,43.44,14.56,43.44,-16.07,NaN,0
05/12/2026,1630,VXN:CGI,24.13,-2.47%,,-5.005,0.77,<empty>,33.92,9.01,23.08,25.67,22.38,7.0,0.31,0.7,<empty>,NaN,NaN,NaN,NaN,-19.11,3.83,4.23,34.3,21.07,-21.07,-21.07,NaN,0
05/12/2026,1630,VXX,27.78,-2.42%,,-2.056,0.57,<empty>,59.36,25.635,28.81,31.69,32.42,-1.0,0.21,-0.65,"10,600,225",-101204.46,1.179964597E7,1.162094065E7,100.54,-19.36,-1.94,-0.43,40.3,26.62,40.3,-28.02,NaN,0
05/12/2026,1630,VZ,47.93,+1.48%,Communication Services,.2367,0.47,$4.70,51.68,38.39,46.98,48.62,44.0,1.0,0.26,0.51,"18,131,772",100029.37,2.559389053E7,2.675377257E7,-18.07,-5.33,1.46,1.78,52.34,44.2,-44.2,49.11,48.0,"200,135 M"
05/12/2026,1630,W,60.49,-1.45%,Consumer Discretionary,-.0554,5.86,$2.81,119.98,34.46,71.68,73.59,87.09,-2.0,-0.33,-0.39,"4,128,100",-100868.09,3710120.56,4029717.25,91.34,-17.97,-17.8,-8.63,92.58,63.07,92.58,86.17,56.0,"7,984 M"
05/12/2026,1630,WBD,27.20,-0.15%,Communication Services,1.575,0.12,$0.93,30.0,8.82,27.15,27.36,23.23,10.0,0.09,0.41,"16,445,289",-100119.37,2.253417857E7,2.357541499E7,-13.36,-0.84,0.93,0.29,29.54,27.1,-27.1,-27.1,60.0,"68,194 M"
05/12/2026,1630,WCLD,28.20,-2.69%,,1.059,1.15,<empty>,37.115,23.8901,28.03,27.8,32.29,-3.0,-0.96,-0.62,"806,400",400243.3,1210940.53,1262640.29,26.39,-0.25,3.52,-5.15,30.06,24.22,-24.22,30.03,NaN,241 M
05/12/2026,1630,WDAY,118.62,-2.31%,Information Technology,1.023,4.57,$10.48,276.0,110.36,123.99,128.72,191.88,-3.0,-0.96,-0.48,"2,815,132",201155.54,4889790.43,5443009.44,-35.55,-11.57,-2.11,-9.37,154.62,110.23,-110.23,133.03,7.0,"29,618 M"
05/12/2026,1630,WEAT,25.49,+6.25%,,.0031,0.64,<empty>,25.505,19.78,23.58,23.09,21.44,2.0,0.79,0.68,"1,718,081",-200149.43,1119471.84,948051.39,168.23,11.21,3.11,10.2,25.09,21.62,-21.62,-22.17,NaN,358 M
05/12/2026,1630,WELL,217.50,+1.24%,Real Estate,.8322,3.05,$4.34,219.5857,142.65,212.36,207.07,189.0,1.0,0.54,0.51,"2,931,917",-100431.37,2920106.36,3096210.61,-16.77,5.48,1.53,2.14,220.09,193.34,220.09,220.09,52.0,"153,536 M"
05/12/2026,1630,WEN,7.90,+16.86%,Consumer Discretionary,.343,0.34,$1.17,12.51,6.37,6.95,7.01,8.41,1.0,1.0,1.0,"57,847,710",300467.01,9421669.05,1.011573573E7,732.45,9.57,16.01,13.67,8.57,6.05,-6.05,-6.05,60.0,"1,505 M"
05/12/2026,1630,WEST,8.65,-1.14%,Consumer Staples,.9224,1.17,<empty>,8.9764,3.59,6.08,5.01,4.93,3.0,1.0,1.0,"2,381,268",-100168.01,567038.68,492098.2,688.61,124.09,53.64,46.61,6.15,4.45,-4.45,-5.17,60.0,844 M
05/12/2026,1630,WFC,75.18,+2.17%,Financials,.9361,2.51,$0.04,97.76,71.895,79.83,79.82,84.28,-4.0,-0.38,-0.23,"21,002,633",-300430.03,1.778825824E7,1.758429271E7,53.03,-0.09,-7.75,-5.03,93.62,74.41,93.62,83.15,43.0,"230,065 M"
05/12/2026,1630,WGMI,57.73,-1.27%,Communication Services,3.79,4.98,<empty>,67.885,15.82,51.27,43.7,42.75,-3.0,1.0,-0.83,"379,656",100674.05,528640.48,505608.24,-9.82,52.08,23.94,0.28,52.13,32.3,-32.3,-45.09,NaN,380 M
05/12/2026,1630,WGS,39.49,-0.30%,Health Care,2.105,13.79,<empty>,170.87,32.21,58.11,66.11,107.75,3.0,-0.17,0.21,"1,384,741",201576.04,1152685.28,1075046.53,178.32,-48.61,-40.23,-2.49,97.62,32.04,-32.04,-32.04,53.0,"1,172 M"
05/12/2026,1630,WH,81.82,-0.29%,Consumer Discretionary,.6531,2.03,$3.99,92.685,69.21,84.55,81.59,79.99,5.0,-0.37,0.32,"1,012,764",200339.58,1225230.8,1343831.99,-24.69,11.18,-4.26,-2.41,90.15,72.42,90.15,-80.05,49.0,"6,125 M"
05/12/2026,1630,WING,123.73,-2.83%,Consumer Discretionary,1.71,21.33,$4.76,388.14,123.4,166.66,179.54,247.27,1.0,-0.28,0.13,"910,743",100972.1,1307786.04,1330019.78,-10.53,-35.93,-28.47,-8.27,303.58,134.03,303.58,205.15,53.0,"3,369 M"
05/12/2026,1630,WMS,139.79,-2.80%,Industrials,1.319,4.2,$7.43,179.315,104.69,148.06,144.84,146.41,-1.0,-0.5,-0.39,"604,047",-100045.13,917363.94,860725.97,-25.48,0.55,-6.43,-2.98,179.62,131.36,-131.36,159.15,7.0,"10,889 M"
05/12/2026,1630,WMT,130.35,+2.16%,Consumer Staples,.6372,1.53,$1.87,134.69,91.89,129.15,126.3,113.57,1.0,-0.37,0.34,"17,933,215",0.0,1.814146163E7,2.014392551E7,1.75,4.01,2.16,0.12,135.59,118.36,-118.36,133.07,7.0,"1,039,019 M"
05/12/2026,1630,WOOD,67.8708,-0.38%,,.782,0.67,<empty>,83.32,66.65,69.62,70.51,72.74,-2.0,-0.36,-0.6,"12,269",-100017.51,21735.4,33129.98,124.57,-4.79,-1.28,-1.7,83.61,67.36,-67.36,-68.06,NaN,252 M
05/12/2026,1630,WRBY,26.95,-6.39%,Consumer Discretionary,2.078,2.72,$0.32,31.0,14.96,24.16,23.54,23.91,-1.0,0.73,-0.64,"3,095,801",201103.04,2606260.12,2971098.18,102.59,14.63,19.62,-0.92,28.48,20.26,-20.26,-21.08,59.0,"3,307 M"
05/12/2026,1630,WW,9.64,-3.50%,Consumer Discretionary,2.149,0.83,<empty>,46.949,0.237,10.27,14.33,24.97,-4.0,0.38,-0.76,"189,138",-101609.04,375747.65,329018.28,-55.9,-57.64,-1.63,5.13,25.4,9.15,25.4,-8.02,61.0,96 M
05/12/2026,1630,WWW,15.71,-3.02%,Consumer Discretionary,1.673,0.55,$1.55,32.8,13.47,17.31,16.84,20.9,-3.0,-0.83,-0.17,"1,725,849",-101066.52,1001063.79,1113678.97,119.17,-2.54,-8.98,-7.64,21.52,15.27,21.52,19.15,2.0,"1,288 M"
05/12/2026,1630,WY,23.45,+0.13%,Real Estate,.9199,0.6,$0.03,27.86,21.155,24.34,24.16,24.46,1.0,-0.25,0.33,"6,219,169",0.0,5276249.9,5416357.12,111.02,1.82,-5.52,-1.05,28.61,22.36,-22.36,26.15,50.0,"16,908 M"
05/12/2026,1630,WYFI,26.09,-3.30%,Information Technology,4.178,3.7,($7.05),40.75,10.5101,18.2,15.89,NaN,8.0,1.0,1.0,"2,816,802",-100365.01,994944.62,902476.33,254.62,55.58,67.89,28.65,20.6,11.31,-11.31,-14.09,2.0,"1,001 M"
05/12/2026,1630,WYNN,97.25,-2.13%,Consumer Discretionary,.9761,2.9,$6.72,134.72,82.627,105.47,103.3,115.33,-3.0,-0.49,0.0,"1,638,879",-100338.03,1686047.83,1755947.22,68.8,-1.56,-8.43,-8.98,119.58,96.3,-96.3,112.17,60.0,"10,093 M"
05/12/2026,1630,XBI,134.91,+0.12%,,.8689,2.14,<empty>,139.19,75.71,134.38,129.05,115.12,3.0,-0.53,0.37,"5,993,579",-100037.29,9410945.35,9236170.9,29.14,10.02,2.86,0.94,139.17,118.34,139.17,-128.09,NaN,"8,462 M"
05/12/2026,1630,XHR,16.43,-1.02%,Real Estate,1.182,0.35,$1.03,17.23,11.34,16.32,15.5,14.45,-2.0,-0.9,-0.47,"485,526",200136.13,677966.91,700345.76,-11.78,14.34,1.92,-2.49,17.07,14.41,17.07,17.07,54.0,"1,516 M"
05/12/2026,1630,XIACY,20.12,-1.18%,Information Technology,.6242,0.49,$0.12,40.25,18.51,19.86,20.46,26.79,7.0,1.0,0.61,"309,813",-100000.38,437077.22,403091.63,17.73,-5.54,5.4,2.29,24.62,19.08,-19.08,-19.08,9.0,"103,918 M"
05/12/2026,1630,XLB,52.14,-0.23%,,.9525,0.47,<empty>,54.14,42.035,51.68,50.64,47.28,3.0,0.51,0.6,"11,594,622",0.0,1.38009641E7,1.472334555E7,29.79,4.95,1.44,1.44,54.61,47.36,-47.36,53.03,NaN,"7,487 M"
05/12/2026,1630,XLC,115.86,+0.24%,,1.006,0.73,<empty>,120.405,99.19,116.85,115.02,114.85,-3.0,-0.76,-0.37,"5,336,317",100123.5,6647209.9,6746767.54,73.27,0.51,0.1,-1.29,119.17,107.31,119.17,-115.08,NaN,"25,130 M"
05/12/2026,1630,XLE,57.57,+0.70%,,.4683,1.27,<empty>,63.46,40.36,57.15,57.96,49.04,2.0,0.19,0.61,"36,811,039",-200233.5,5.44824995E7,5.495881646E7,-9.26,0.1,-0.24,2.9,63.3,53.59,63.3,60.08,NaN,"40,808 M"
05/12/2026,1630,XLF,51.58,+0.78%,,.8833,0.26,<empty>,56.515,47.67,51.86,50.67,52.63,1.0,-0.67,0.28,"44,192,430",100227.5,4.621791006E7,4.99871148E7,38.8,5.63,-0.52,0.06,54.62,48.31,-48.31,53.15,NaN,"50,677 M"
05/12/2026,1630,XLG,62.87,+0.03%,,1.058,0.97,<empty>,63.065,47.93,60.96,57.89,57.7,-2.0,1.0,-0.46,"1,065,218",-100129.43,3433715.35,3637228.4,-17.25,11.53,3.69,0.7,62.07,53.3,-53.3,-59.15,NaN,"11,088 M"
05/12/2026,1630,XLI,174.35,-0.39%,,1.012,1.77,<empty>,179.305,139.63,172.79,169.23,160.21,-1.0,-0.67,-0.55,"7,468,740",100028.47,1.203097913E7,1.223628208E7,-29.51,5.51,1.97,0.2,179.5,156.3,-156.3,178.03,NaN,"31,082 M"
05/12/2026,1630,XLK,175.20,-1.51%,,1.299,7.02,<empty>,178.3,112.551,161.75,147.44,142.47,-1.0,1.0,-0.77,"15,944,359",0.0,1.444937444E7,1.552820829E7,15.29,27.1,10.99,3.25,163.06,127.3,-127.3,-153.16,NaN,"114,443 M"
05/12/2026,1630,XLP,84.44,+1.28%,,.502,0.6,<empty>,90.14,75.16,83.13,83.18,81.21,1.0,0.47,0.71,"16,104,558",-100120.5,1.568535288E7,1.713738538E7,76.23,0.23,1.64,0.55,90.59,80.19,-80.19,85.07,NaN,"14,770 M"
05/12/2026,1630,XLRE,44.58,+0.02%,,1.018,0.36,<empty>,44.91,39.725,44.1,42.83,41.88,-4.0,-0.88,-0.48,"5,022,438",-100330.37,7363976.2,8076444.93,-1.83,5.79,1.53,0.41,45.16,40.31,45.04,45.04,NaN,"7,962 M"
05/12/2026,1630,XLU,45.19,+0.11%,,.2431,0.61,<empty>,47.8,39.055,45.83,46.13,44.34,1.0,-0.17,0.32,"28,235,536",-100424.37,2.387518648E7,2.566578476E7,29.93,-2.82,-2.29,0.16,48.51,44.62,48.51,-45.02,NaN,"22,972 M"
05/12/2026,1630,XLV,145.85,+1.96%,,.5853,1.08,<empty>,160.59,127.35,145.36,147.46,147.34,1.0,0.33,0.66,"11,897,009",200123.35,1.212013792E7,1.258527511E7,43.05,-2.87,1.4,0.78,160.51,142.09,-142.09,-142.09,NaN,"37,333 M"
05/12/2026,1630,XLY,118.29,-0.90%,,1.218,1.01,<empty>,125.01,103.855,118.62,114.29,117.12,-2.0,-0.89,-0.36,"6,622,111",300227.3,9878251.43,1.029439684E7,25.18,6.07,1.09,-1.33,122.17,105.3,122.17,-116.09,NaN,"22,529 M"
05/12/2026,1630,XOM,150.63,+0.63%,Energy,.1775,3.03,$4.41,176.41,101.185,150.08,154.76,129.24,2.0,0.09,0.65,"16,439,616",-100337.29,2.151332599E7,2.147017182E7,19.66,-1.89,0.05,2.76,176.3,142.17,-142.17,156.08,55.0,"624,353 M"
05/12/2026,1630,XOP,169.74,+0.64%,,.5952,5.21,<empty>,190.36,118.14,169.9,171.17,141.84,1.0,-0.17,0.53,"3,147,904",-300137.45,5336175.92,5085554.53,30.13,1.82,-1.11,2.22,190.3,143.61,190.3,182.05,NaN,"3,539 M"
05/12/2026,1630,XPEV,16.16,+0.06%,Consumer Discretionary,1.016,0.31,$0.74,28.235,15.3801,16.52,17.4,19.83,3.0,0.37,0.61,"6,136,926",-200262.14,6758048.59,6187950.33,20.15,-19.12,0.06,3.92,20.41,15.49,20.41,-15.04,6.0,"15,445 M"
05/12/2026,1630,XRT,80.70,-1.18%,,1.194,1.49,<empty>,91.65,73.87,84.94,82.82,84.67,-2.0,-0.53,-0.09,"5,521,720",400218.18,5422153.89,5530982.42,43.9,0.55,-4.5,-4.33,90.56,78.3,-78.3,89.15,NaN,246 M
05/12/2026,1630,XTL,224.07,-1.67%,,1.139,5.49,<empty>,230.0,101.2401,221.0,204.21,162.51,-1.0,-0.78,-0.29,"68,110",-300128.21,105659.64,87002.63,-65.37,20.6,6.45,1.53,230.07,172.61,230.07,230.07,NaN,762 M
05/12/2026,1630,XYL,111.54,-0.41%,Industrials,1.056,3.45,$3.81,154.27,110.95,118.48,121.18,136.1,-3.0,-0.19,-0.3,"1,838,624",200037.18,2208504.4,2264800.71,-30.75,-7.07,-5.4,-3.55,132.52,114.09,132.52,125.1,59.0,"26,512 M"
05/12/2026,1630,XYZ,72.12,-1.44%,Financials,2.775,1.42,$5.37,82.5,48.21,71.22,65.39,68.03,-1.0,-0.88,-0.39,"6,222,091",300753.51,6336592.25,7857405.81,79.21,20.4,3.71,2.82,75.15,48.61,-48.61,77.02,62.0,"42,924 M"
05/12/2026,1630,YCS,52.74,+0.53%,,-.3991,0.9,<empty>,54.67,40.08,53.03,53.07,49.18,4.0,0.16,0.49,"9,527",-100218.18,32713.29,31127.51,-23.89,-0.99,-2.44,1.07,55.34,49.62,55.34,-52.04,NaN,29 M
05/12/2026,1630,YELP,23.09,-8.66%,Communication Services,.4915,1.62,$4.56,41.22,19.6,27.86,25.93,28.88,-5.0,-0.65,0.0,"1,931,384",-100145.58,1191184.65,1406960.68,67.49,-3.99,-16.76,-18.98,30.14,20.54,30.14,30.14,60.0,"1,270 M"
05/12/2026,1630,YPF,44.95,+0.04%,Energy,1.07,0.89,$3.28,48.955,22.82,43.2,41.9,35.42,2.0,0.32,0.46,"1,599,009",-300153.29,2569969.37,2283255.17,3.24,17.49,3.6,5.02,49.29,33.49,49.29,-39.17,60.0,"17,639 M"
05/12/2026,1630,YUM,152.86,+1.71%,Consumer Discretionary,.5912,3.18,$5.92,169.39,137.33,157.63,158.2,152.36,1.0,0.0,0.2,"1,447,121",100124.1,1679375.21,1712267.57,-19.49,-3.53,-2.3,-2.79,169.54,152.27,169.54,164.16,54.0,"42,131 M"
05/12/2026,1630,YUMC,47.62,+0.38%,Consumer Discretionary,1,0.59,$2.56,58.39,41.69,48.25,50.0,47.77,1.0,0.18,0.44,"1,447,289",100232.38,1564877.82,1621800.42,7.79,-9.28,0.59,-1.02,57.62,47.1,57.62,-47.02,58.0,"16,716 M"
05/12/2026,1630,ZG,39.84,-1.99%,Real Estate,2.036,1.75,$1.24,90.22,39.14,44.41,43.51,63.42,-4.0,-0.83,-0.48,"1,326,973",0.0,1054526.27,1216762.55,246.75,-2.38,-11.29,-9.54,52.62,39.27,-39.27,49.15,59.0,"9,115 M"
05/12/2026,1630,ZM,102.96,-3.88%,Information Technology,1.5,7.2,$6.40,111.56,69.15,97.3,86.03,84.06,-5.0,-0.96,-0.69,"4,889,520",-200443.53,4244691.93,4493335.42,40.07,37.39,12.97,-4.98,108.06,71.49,-71.49,-87.17,7.0,"30,347 M"
05/12/2026,1630,ZS,146.17,-1.81%,Information Technology,1,6.9,$5.55,336.99,114.625,139.17,142.69,228.8,-2.0,1.0,-0.95,"2,323,434",-100866.24,2712639.2,3009036.85,-5.75,-3.59,7.42,-4.33,180.6,115.22,-115.22,153.03,9.0,"23,503 M"
