Date,Time,Symbol,Last,%Change,Sector,Beta,StandardDeviation,Free Cash Flow Per Share - Current (LTM),52High,52Low,SimpleMovingAvg,SimpleMovingAvg,SimpleMovingAvg,A_MCADays_Streak,A_MACD_BRR,A_MACDH_D_BRR,Volume,A_VolumeSpike,VolumeAvg,VolumeAvg,VolumeRateOfChange,A_Perf2M,A_Perf2Wk,A_Perf3D,A_3mnHigh,A_3mnLow,A_3mnHighLow,A_3wkHighLow,A_EarningsDays,Market Cap
05/14/2026,1630,$COMP,26635.2219,+0.88%,,1.213,668.06,<empty>,26707.1412,18599.6866,25249.12,23496.13,22931.75,1.0,1.0,0.52,<empty>,NaN,NaN,NaN,NaN,19.04,7.0,1.37,25850.06,20690.32,-20690.32,-24199.17,NaN,0
05/14/2026,1630,$DJI,50063.46,+0.75%,,1,345.89,<empty>,50512.79,41354.09,49448.6,47957.46,47432.42,1.0,0.93,0.41,"515,361,436",-100100.39,5.1038154848E8,5.2717625233E8,-4.02,6.64,0.83,0.72,50012.06,45057.32,-45057.32,-48709.11,NaN,0
05/14/2026,1630,$DXY,98.870,+0.35%,,<empty>,0.322,<empty>,101.259,95.551,98.379,98.958,98.52,3.0,0.39,0.7,<empty>,NaN,NaN,NaN,NaN,-0.955,0.795,0.986,101.31,97.62,101.31,-98.06,NaN,0
05/14/2026,1630,/6B[M26],1.3398,-0.05%,,.3089,0.0068,<empty>,1.3869,1.3011,1.3527,1.3434,1.3423,-4.0,-0.45,-0.14,"1,077",-100000.47,102858.92,104726.9531,-98.4321,0.3145,-1.2821,-1.0414,1.62,1.32,-1.32,1.1,NaN,0
05/14/2026,1630,/6C[M26],.72995,+0.04%,,.2666,0.00246,<empty>,0.74315,0.70845,0.7333,0.73045,0.72567,-10.0,-0.44,-0.28,966,-300106.45,71715.5,72364.23438,-98.3824,-0.46363,-0.99017,-0.17095,1.48,1.32,-1.32,1.1,NaN,0
05/14/2026,1630,/6E[M26],1.16865,-0.06%,,.1322,0.00367,<empty>,1.21105,1.1151,1.17443,1.16802,1.17086,-4.0,-0.58,-0.29,786,-200000.47,206161.26,205102.29688,-99.3252,0.81522,-0.48961,-0.59964,1.62,1.44,-1.44,1.07,NaN,0
05/14/2026,1630,/6J[M26],.0063295,-0.13%,,.041,4.38E-5,<empty>,0.007078,0.006243,0.0063427,0.00633,0.006513,-7.0,-0.77,-0.33,946,200109.08,157552.26,158727.515625,-99.1960089,-0.1262327,-0.9002662,-0.5342972,0.62,0.11,-0.11,0.07,NaN,0
05/14/2026,1630,/BTC[K26],81750,+0.16%,,.9922,2022.0,<empty>,127240.0,60005.0,79125.0,74304.0,92401.0,-4.0,-1.0,-1.0,21,100762.0,8384.0,8857.0,-100.0,9.0,5.0,1.0,83215.0,62591.0,83215.0,83215.0,NaN,0
05/14/2026,1630,/BZ[N26],106.20,+0.45%,,.055,3.81,<empty>,119.4,58.72,105.61,102.75,75.04,4.0,-0.23,0.41,39,-101000.49,59988.58,65698.92,-99.84,2.59,-2.42,-1.14,119.48,67.62,119.48,-96.06,NaN,0
05/14/2026,1630,/CL[N26],97.40,+0.50%,,1.29,3.74,<empty>,119.48,54.98,98.53,97.05,70.58,-1.0,-0.24,-0.46,975,100321.48,379343.46,396686.55,-99.5,1.44,-4.98,-4.56,119.48,62.62,119.48,111.11,NaN,0
05/14/2026,1630,/GC[M26],4665.2,-0.43%,,.1486,64.8,<empty>,5626.8,3156.4,4680.3,4745.0,4346.0,-3.0,-0.3,-0.6,"1,838",0.0,149022.1,147721.8,-97.8,-6.9,0.9,-1.2,5434.5,4100.4,-4100.4,-4510.1,NaN,0
05/14/2026,1630,/HG[N26],6.5795,-0.48%,,.037,0.281,<empty>,6.716,4.3325,6.1764,5.9056,5.3902,-2.0,1.0,-0.88,322,0.0,43288.48,44363.625,-98.8325,14.1086,10.311,-0.814,6.06,5.38,-5.38,7.02,NaN,0
05/14/2026,1630,/NG[M26],2.922,+0.97%,,.5784,0.086,<empty>,7.439,2.495,2.75,2.849,3.406,-1.0,0.45,-0.35,494,0.0,112846.0,115113.047,-98.972,-3.882,4.769,3.105,3.48,2.15,-2.15,-2.15,NaN,0
05/14/2026,1630,/NKD[M26],63060,-0.01%,,.352,1786.0,<empty>,63880.0,36490.0,60886.0,57142.0,51343.0,-2.0,-1.0,-1.0,7,200500.0,5841.0,5936.0,-100.0,16.0,6.0,1.0,63400.0,50410.0,-50410.0,-58390.0,NaN,0
05/14/2026,1630,/SI[N26],84.245,-1.27%,,.6496,5.669,<empty>,121.785,31.98,78.533,77.356,64.364,-2.0,0.42,-0.83,585,0.0,43282.82,46919.156,-98.457,6.022,11.083,-3.394,97.53,61.38,-61.38,90.02,NaN,0
05/14/2026,1630,AAAU,45.88,-0.76%,,.1676,0.68,<empty>,54.71,31.27,46.12,46.75,42.6,-2.0,-0.36,-0.64,"841,756",0.0,2349076.83,2494737.42,-11.87,-7.2,0.84,-1.73,53.52,43.36,-43.36,-44.08,NaN,"2,825 M"
05/14/2026,1630,AAL,12.70,-0.08%,Industrials,1.345,0.63,$1.67,16.5,10.09,12.24,11.51,12.95,-4.0,-0.77,-0.6,"61,369,283",-100272.47,6.556701465E7,6.56729169E7,48.5,21.07,8.45,-0.7,15.61,10.32,-10.32,13.04,48.0,"8,400 M"
05/14/2026,1630,AAPL,298.21,-0.22%,Information Technology,1.071,10.65,$8.74,300.92,193.46,280.05,265.39,258.68,-1.0,1.0,-0.73,"35,293,198",300027.1,4.390991653E7,4.43968856E7,-7.51,17.95,9.9,1.89,288.06,246.32,-246.32,-265.13,53.0,"4,379,916 M"
05/14/2026,1630,ABBV,210.77,+1.09%,Health Care,.303,4.16,$11.29,244.81,176.57,204.39,210.19,218.68,3.0,0.6,0.93,"5,002,764",-100136.39,6952672.51,6846745.06,-34.22,-4.82,-0.26,3.94,237.5,191.11,-191.11,215.1,53.0,"372,387 M"
05/14/2026,1630,ABNB,133.67,+0.53%,Consumer Discretionary,1.2,2.73,$7.52,147.25,110.81,139.93,134.02,128.26,-4.0,-0.52,-0.09,"2,655,920",0.0,3647503.86,4254209.05,-1.84,4.17,-4.77,-2.47,147.16,120.62,147.16,147.16,57.0,"79,334 M"
05/14/2026,1630,ABR,5.84,-0.68%,Financials,1.145,0.9,$0.89,12.575,5.69,7.59,7.67,9.28,-5.0,-0.4,0.0,"6,257,062",-401162.03,3656550.98,4066737.94,199.28,-24.16,-26.08,-12.31,9.5,7.03,9.5,9.05,54.0,"1,123 M"
05/14/2026,1630,ABT,84.90,+1.28%,Health Care,.6289,3.42,$4.24,139.06,81.97,89.35,98.81,118.76,3.0,0.11,0.64,"11,017,636",-100135.39,1.30217103E7,1.193136308E7,-13.94,-22.78,-6.49,2.83,117.53,82.03,117.53,-82.03,43.0,"147,880 M"
05/14/2026,1630,ACHC,26.80,-1.29%,Health Care,.7701,1.26,($3.23),30.1991,11.43,26.78,25.4,20.51,5.0,0.5,0.25,"2,234,207",-100568.11,3109176.57,3360846.82,-24.56,17.6,3.49,7.16,30.08,16.62,30.08,30.08,52.0,"2,465 M"
05/14/2026,1630,ACHR,6.41,-1.69%,Industrials,2.857,0.33,($0.90),14.62,4.8,6.06,5.88,8.16,-3.0,1.0,-0.63,"47,542,976",-100082.03,3.070908366E7,3.108629067E7,126.14,4.74,11.67,-1.99,8.52,5.32,-5.32,7.03,60.0,"4,869 M"
05/14/2026,1630,ACI,16.51,-0.18%,Consumer Staples,.2534,0.29,$0.97,22.78,15.545,16.47,16.88,17.75,3.0,0.14,0.6,"5,101,276",-100131.03,6616477.09,6397033.01,-25.98,-4.62,-2.02,3.71,19.61,16.03,19.61,-16.02,46.0,"8,165 M"
05/14/2026,1630,ADBE,237.01,+0.40%,Information Technology,1.438,6.63,$24.58,422.95,224.13,246.64,248.21,308.75,-5.0,-0.67,-0.44,"4,986,015",200143.43,5607543.1,5619397.47,-23.21,-5.9,-3.69,-3.71,285.49,224.24,-224.24,259.05,19.0,"95,799 M"
05/14/2026,1630,ADYEY,10.33,+0.29%,Financials,2.339,0.35,$33.73,19.94,9.45,11.14,10.65,14.48,-19.0,-0.76,-0.41,"1,689,605",100000.03,1778618.16,2157798.66,-4.61,0.58,-8.18,-3.55,12.54,9.29,-9.29,12.14,NaN,"32,577 M"
05/14/2026,1630,AFK,27.86,-1.10%,,.7458,0.82,<empty>,30.85,18.02,27.69,26.91,25.62,-2.0,-0.67,-0.61,"38,069",-200043.42,80585.43,80846.13,-50.22,5.65,3.8,-3.36,31.55,24.38,-24.38,29.03,NaN,124 M
05/14/2026,1630,AFRM,67.57,+6.36%,Financials,3.488,1.57,$2.37,100.0,42.095,65.34,55.15,67.61,1.0,0.85,0.29,"4,715,120",-100679.41,5377402.23,5857725.23,15.12,41.69,5.12,1.69,69.08,42.33,71.04,71.04,72.0,"22,629 M"
05/14/2026,1630,AGCO,117.34,+1.19%,Industrials,1.116,2.11,$7.39,143.78,95.96,118.01,117.8,113.7,-3.0,-0.33,-0.52,"592,663",-100144.08,726070.64,739285.03,-19.73,-1.0,-3.04,-1.25,143.59,108.38,-108.38,123.08,53.0,"8,496 M"
05/14/2026,1630,AHR,51.14,-0.91%,Real Estate,.5627,0.67,$1.81,54.67,33.705,50.26,49.91,46.81,-1.0,0.58,-0.65,"2,119,953",0.0,2455942.75,2459270.56,11.18,-2.96,0.71,1.51,55.53,47.32,-47.32,52.03,58.0,"9,856 M"
05/14/2026,1630,AIQUY,41.35,-0.12%,Materials,.7741,0.82,<empty>,44.415,36.169,42.5,41.44,39.94,4.0,-0.2,0.18,"123,974",0.0,197957.84,257850.55,-17.82,4.21,-4.08,0.15,44.22,38.47,44.22,-41.05,51.0,"119,313 M"
05/14/2026,1630,AKAM,155.67,-3.39%,Information Technology,.5651,23.75,$5.29,165.45,69.78,115.38,110.61,90.93,-1.0,1.0,-0.96,"4,078,835",100255.05,5502659.86,5645422.4,13.55,47.64,51.17,1.74,122.06,89.22,-89.22,-94.15,58.0,"22,632 M"
05/14/2026,1630,ALB,191.10,-4.90%,Materials,1.376,6.3,$3.47,221.0,53.7,196.11,182.57,135.36,-2.0,-0.43,-0.51,"2,166,068",-100466.06,2049077.58,2167173.67,16.82,17.64,-2.85,-9.0,216.2,155.38,221.05,221.05,52.0,"22,537 M"
05/14/2026,1630,ALCO,40.96,-0.87%,Consumer Staples,.9949,0.4,$1.66,45.01,29.5,41.51,41.01,37.15,8.0,-0.23,0.35,"23,727",300200.39,29909.06,28526.96,22.47,6.78,-1.56,0.76,45.25,37.45,45.25,-40.02,61.0,304 M
05/14/2026,1630,ALGN,160.53,-0.75%,Health Care,1.777,6.85,$8.11,208.305,122.0,177.65,175.71,157.1,1.0,0.0,0.13,"633,665",-100247.4,1152977.39,1159015.4,-14.19,-5.26,-8.79,-2.48,200.17,162.43,200.17,200.17,52.0,"11,497 M"
05/14/2026,1630,ALLY,42.37,+1.58%,Financials,1.1,0.83,($0.36),47.27,32.5018,44.05,41.15,41.26,1.0,-0.56,0.18,"1,997,367",-100133.17,3619477.03,3644974.83,-31.66,17.83,-4.55,-0.87,47.17,36.44,47.17,47.17,43.0,"12,987 M"
05/14/2026,1630,ALNY,293.45,+0.68%,Health Care,.3234,6.51,$4.88,495.55,266.18,301.56,313.53,391.53,3.0,0.56,0.59,"889,669",100140.11,1133008.04,1159170.09,7.76,-7.98,-5.18,3.02,346.58,284.03,346.58,-284.03,53.0,"39,179 M"
05/14/2026,1630,AMAT,440.56,+0.90%,Information Technology,1.676,21.93,$7.75,448.45,153.47,409.42,379.0,279.98,-3.0,0.79,-0.77,"14,807,398",-200168.01,6581371.5,6952978.7,140.39,27.26,11.68,-0.69,433.06,317.47,-317.47,448.03,0.0,"349,633 M"
05/14/2026,1630,AMBA,81.04,-1.29%,Information Technology,2.198,5.76,$1.36,96.69,48.3,69.7,59.82,71.26,-1.0,1.0,-0.89,"763,472",-100163.54,817225.4,870469.99,-17.76,54.69,17.79,1.66,77.06,48.32,-48.32,-59.17,9.0,"3,549 M"
05/14/2026,1630,AMD,449.70,+0.94%,Information Technology,2.312,50.9,$5.27,469.215,107.6671,364.43,274.72,222.97,-3.0,1.0,-0.77,"26,078,236",400369.07,3.901506316E7,3.865449948E7,-68.05,128.76,26.86,-1.98,431.06,188.51,-188.51,469.03,56.0,"733,281 M"
05/14/2026,1630,AMG,302.10,-0.45%,Financials,1.144,5.34,$37.82,334.78,172.54,297.25,287.08,269.89,-4.0,-0.6,-0.53,"186,617",-101047.59,351261.31,382841.77,-38.3,10.63,2.52,0.27,335.6,254.29,-254.29,318.09,53.0,"7,979 M"
05/14/2026,1630,AMH,31.36,-0.25%,Real Estate,.8135,0.54,$2.25,38.85,27.215,31.4,29.84,31.81,-7.0,-0.84,-0.16,"3,968,913",100146.54,3237278.98,3820318.04,63.6,10.19,-1.51,-2.15,33.06,27.38,33.05,33.05,53.0,"11,308 M"
05/14/2026,1630,AMLP,53.87,+1.32%,,.4991,0.59,<empty>,54.2499,44.64,52.85,52.66,49.25,1.0,0.61,0.61,"1,615,047",-100016.31,1596552.6,1589346.22,12.48,2.98,-0.46,0.8,54.07,50.62,54.07,54.07,NaN,"12,681 M"
05/14/2026,1630,AMN,30.30,-1.85%,Health Care,.3488,4.28,$18.27,31.65,14.865,23.15,20.71,19.05,-1.0,1.0,-0.98,"1,315,307",300472.04,1012621.93,1240107.0,132.27,62.21,48.02,0.1,23.49,16.61,-16.61,32.03,58.0,"1,175 M"
05/14/2026,1630,AMPH,17.30,-5.57%,Health Care,.8922,2.29,$2.88,31.2641,17.03,21.2,20.38,25.02,-5.0,-0.57,-0.3,"739,074",-100485.04,572174.94,587141.66,72.0,-10.87,-21.22,-6.23,29.61,17.44,-17.44,-17.02,58.0,763 M
05/14/2026,1630,AMZN,267.22,-1.08%,Consumer Discretionary,1.447,4.54,($0.23),278.56,196.0,263.85,235.8,229.25,-8.0,-0.85,-0.32,"31,291,824",-100334.11,4.593661577E7,4.77300487E7,-41.81,26.2,0.81,-0.66,279.07,196.61,279.07,279.07,53.0,"2,874,515 M"
05/14/2026,1630,AN,192.65,+0.81%,Consumer Discretionary,.7638,5.83,($2.85),228.9166,176.25,203.29,196.87,206.31,-4.0,-0.5,0.0,"270,802",-100334.1,413243.47,422495.99,27.1,5.4,-9.29,-3.91,218.09,180.39,218.09,218.09,54.0,"6,454 M"
05/14/2026,1630,AQWA,18.915,+0.16%,,.9116,0.23,<empty>,20.92,17.96,19.32,19.28,19.5,1.0,-0.36,0.41,"8,897",-100124.49,31704.3,36167.99,118.77,-1.48,-3.0,-1.25,21.54,18.39,-18.39,20.13,NaN,25 M
05/14/2026,1630,AR,37.08,+0.93%,Energy,.4226,1.25,$3.08,45.75,29.1,37.67,39.41,34.99,2.0,0.09,0.6,"2,803,821",0.0,5661148.99,5762625.14,-11.1,-9.63,-5.55,1.34,46.32,33.61,46.32,-36.05,52.0,"11,489 M"
05/14/2026,1630,ARE,46.17,-2.33%,Real Estate,1.173,2.5,$8.24,88.236,39.41,45.17,46.38,59.67,-1.0,0.74,-0.63,"1,693,863",-200849.13,2378966.94,2453108.42,-3.84,-4.43,13.97,0.37,55.54,39.12,-39.12,-39.12,45.0,"8,046 M"
05/14/2026,1630,ARGT,89.48,+1.37%,,.9294,1.41,<empty>,103.9699,66.49,91.36,90.5,86.97,1.0,-0.28,0.41,"233,912",100032.11,283477.0,259586.57,58.14,4.47,-1.79,-0.77,97.26,83.51,97.26,95.16,NaN,800 M
05/14/2026,1630,ARHS,5.88,+0.17%,Consumer Discretionary,2.316,0.67,$0.10,12.63,5.63,7.17,6.96,9.36,1.0,-0.36,0.01,"2,607,898",200457.06,1391260.54,1455092.14,293.48,-15.76,-20.54,-3.92,10.54,6.03,10.54,8.17,57.0,832 M
05/14/2026,1630,ARKK,78.00,-0.06%,,1.982,1.69,<empty>,92.65,55.02,77.61,73.48,77.88,-3.0,-0.88,-0.47,"8,557,490",200150.38,9816478.66,1.01529644E7,10.95,8.26,2.85,-2.54,81.19,63.32,-63.32,81.03,NaN,"6,739 M"
05/14/2026,1630,ARQQ,13.87,+0.29%,Information Technology,2.675,0.62,<empty>,62.0,11.52,14.74,14.2,26.31,-5.0,-0.95,-0.46,"464,244",-200218.2,316376.64,293155.38,47.64,-0.89,-3.41,-7.53,18.54,12.32,-12.32,17.17,5.0,217 M
05/14/2026,1630,AS,33.33,+1.68%,Consumer Discretionary,1.116,1.18,$0.80,42.76,28.92,35.28,34.32,35.81,-4.0,-0.41,-0.27,"2,614,049",100054.52,4142832.95,4546005.23,7.27,-0.66,-4.96,-3.39,43.58,31.38,-31.38,37.06,3.0,"19,392 M"
05/14/2026,1630,ASBFF,25.76,0.00%,Consumer Staples,.4235,2.36,<empty>,31.08,23.18,27.04,28.05,25.16,1.0,0.29,0.37,<empty>,NaN,2186.16,2774.45,-72.45,-11.17,-3.38,6.01,31.09,23.04,-23.04,-23.04,NaN,"18,041 M"
05/14/2026,1630,ASO,51.07,+2.20%,Consumer Discretionary,1.019,1.76,$3.32,62.445,39.87,54.47,55.42,52.97,1.0,-0.13,0.33,"1,455,402",-300851.42,1495804.83,1447873.94,32.53,-9.63,-6.87,-0.91,62.54,50.41,62.54,59.16,17.0,"3,294 M"
05/14/2026,1630,ATRO,82.71,+3.27%,Industrials,1.107,4.06,$0.68,83.96,27.2701,74.89,72.16,58.01,3.0,0.53,0.79,"718,998",101060.02,564553.31,585669.85,146.71,20.39,15.84,9.13,84.52,61.32,-61.32,-66.11,53.0,"2,967 M"
05/14/2026,1630,AVB,183.54,-1.57%,Real Estate,.8055,3.11,$11.84,209.86,160.095,180.82,173.24,180.83,-10.0,-0.96,-0.51,"1,172,882",-200124.05,1010873.7,1021071.13,88.15,8.51,0.3,-1.99,188.06,160.31,-160.31,188.02,52.0,"25,533 M"
05/14/2026,1630,AVGO,439.79,+5.52%,Information Technology,1.411,9.84,$6.12,442.36,221.6,417.6,367.55,346.21,1.0,0.76,0.39,"19,692,612",0.0,2.435703284E7,2.38393538E7,-12.44,35.35,5.36,2.65,438.06,290.32,-290.32,-395.17,13.0,"2,082,260 M"
05/14/2026,1630,AVO,12.36,-0.80%,Consumer Staples,.5865,0.57,$0.54,15.53,10.0,13.44,13.54,12.78,-6.0,-0.08,-0.25,"559,207",-200548.19,986113.31,882758.1,-39.78,4.57,-10.82,-2.83,16.26,12.41,16.26,15.12,14.0,876 M
05/14/2026,1630,AVTR,7.94,+0.89%,Health Care,.9293,0.18,$0.65,15.93,7.265,8.11,7.99,10.96,-4.0,-0.71,-0.62,"11,138,188",0.0,9478276.76,9649415.9,30.97,4.34,-1.98,-0.38,10.62,7.33,-7.33,-7.15,54.0,"5,421 M"
05/14/2026,1630,AWI,160.33,+1.45%,,1.176,5.29,$5.53,206.0799,149.06,169.27,168.78,185.97,2.0,-0.34,0.33,"329,610",200132.13,500817.8,538242.6,-20.59,-4.27,-5.9,0.56,202.58,159.32,202.58,183.17,51.0,"6,843 M"
05/14/2026,1630,AXP,312.77,+1.02%,Financials,1.066,3.63,$20.73,387.49,281.465,319.54,311.24,336.35,1.0,-0.62,0.32,"3,240,000",100039.39,3403392.86,3697530.58,9.16,4.89,-3.18,0.14,348.6,291.38,-291.38,338.17,49.0,"213,411 M"
05/14/2026,1630,AZO,3379.52,+0.38%,Consumer Discretionary,.397,88.53,$95.97,4388.11,3210.72,3533.66,3498.45,3756.17,-10.0,-0.5,-0.24,"301,335",-100140.03,189837.61,181630.31,10.95,-3.13,-8.76,-1.41,3887.62,3281.38,-3281.38,3730.09,7.0,"55,684 M"
05/14/2026,1630,B,43.16,-3.81%,Materials,-.0859,2.82,$2.99,54.69,17.41,41.48,41.67,38.56,-2.0,-0.68,-0.89,"14,636,900",100647.04,1.322758459E7,1.375268171E7,23.23,0.14,9.71,-8.17,51.52,36.38,-36.38,48.03,60.0,"72,315 M"
05/14/2026,1630,BA,229.21,-4.73%,Industrials,1.219,5.51,($1.82),254.3499,176.77,229.85,217.96,219.69,-1.0,-0.69,-0.49,"17,720,764",-100639.01,7138723.71,6764698.61,209.12,7.37,0.08,-3.78,247.62,188.32,-188.32,-219.17,51.0,"180,687 M"
05/14/2026,1630,BABA,141.12,-3.22%,Consumer Discretionary,.4902,4.82,$0.52,192.67,103.71,136.24,131.85,149.06,-1.0,0.78,-0.65,"19,402,415",201052.02,1.158179075E7,1.116718149E7,114.47,3.23,7.01,2.78,158.61,118.27,-118.27,-129.12,73.0,"338,554 M"
05/14/2026,1630,BAC,49.85,+0.02%,Financials,1.192,1.28,$7.63,57.55,42.35,52.39,50.53,51.6,-6.0,-0.48,-0.04,"37,644,050",100043.39,3.717819718E7,3.897405346E7,24.38,5.93,-6.75,-1.38,55.21,46.39,55.21,55.17,41.0,"353,765 M"
05/14/2026,1630,BALL,56.62,+0.30%,Materials,1.054,1.8,$2.21,68.29,44.83,60.33,60.72,55.18,1.0,0.0,0.27,"1,629,278",100130.07,2462246.65,2340194.7,-42.4,-8.82,-7.3,-1.91,68.61,57.38,68.61,65.17,55.0,"15,075 M"
05/14/2026,1630,BBN,16.03,+0.31%,,.6785,0.07,<empty>,17.45,15.38,16.14,16.1,16.48,1.0,-0.51,0.49,"97,586",-100100.07,190844.2,188269.44,33.9,0.0,-1.17,-0.43,17.53,16.32,-16.32,-16.02,NaN,991 M
05/14/2026,1630,BBWI,17.95,-4.22%,Consumer Discretionary,1.44,0.47,$4.16,34.29,14.275,19.36,19.18,22.87,-4.0,-0.68,-0.55,"4,465,125",200559.2,5919732.58,5924200.38,-11.31,-12.1,-7.66,-6.32,25.61,17.33,-17.33,22.17,8.0,"3,615 M"
05/14/2026,1630,BBY,56.68,+2.09%,Consumer Discretionary,1.234,1.33,$5.96,84.99,55.1,60.05,62.15,69.94,1.0,-0.2,0.4,"3,044,350",100545.35,3890874.6,4316913.38,-1.67,-9.87,-6.3,-1.63,68.5,57.07,68.5,68.17,9.0,"11,942 M"
05/14/2026,1630,BCO,106.91,+2.23%,Industrials,1.053,1.48,$13.03,136.37,80.1,108.17,106.82,113.98,1.0,0.66,0.52,"680,714",101129.53,509559.42,543348.71,96.47,0.78,0.15,1.63,136.54,96.38,-96.38,115.17,56.0,"4,403 M"
05/14/2026,1630,BDRY,12.95,-2.85%,,.7296,0.62,<empty>,13.34,5.03,11.91,11.03,9.49,-1.0,0.89,-0.82,"20,877",500157.48,162521.97,167052.44,-61.99,21.37,10.49,2.37,13.52,10.32,-10.32,13.02,NaN,41 M
05/14/2026,1630,BEAM,29.53,-7.28%,Health Care,2.157,1.14,($3.74),36.44,15.35,30.61,27.67,25.49,-4.0,-0.72,-0.41,"2,423,352",-201095.15,2107215.3,2095610.97,-48.59,15.85,-2.64,-6.99,34.55,22.32,-22.32,34.03,55.0,"3,038 M"
05/14/2026,1630,BEPC,36.57,-1.72%,Utilities,1.136,1.61,($1.86),45.18,27.72,38.27,39.75,38.92,8.0,0.1,0.63,"1,216,171",-200342.1,1584311.97,1478156.35,30.77,-9.7,0.85,-2.04,45.61,34.08,-34.08,-34.08,54.0,"6,670 M"
05/14/2026,1630,BIDU,143.29,-4.79%,Communication Services,.4756,9.08,($6.89),165.3,81.17,131.64,122.35,123.31,-1.0,0.87,-0.83,"2,983,194",100869.02,2234428.16,2289577.82,-15.37,17.64,13.25,-1.71,141.06,106.32,-106.32,-119.11,2.0,"48,755 M"
05/14/2026,1630,BIO,246.27,+1.13%,Health Care,1.074,14.33,$13.21,343.12,211.43,270.87,273.01,292.27,2.0,-0.02,0.17,"403,534",-100242.1,330911.38,338231.44,84.44,-5.73,-12.08,1.02,313.17,242.09,313.17,313.17,53.0,"6,591 M"
05/14/2026,1630,BIP,38.36,+0.13%,Utilities,1.049,1.06,($2.86),40.32,29.63,36.54,36.59,34.81,11.0,0.63,0.9,"674,087",-100328.12,1024166.46,985225.87,52.81,1.16,7.0,2.46,40.52,33.11,-33.11,-33.11,53.0,"17,646 M"
05/14/2026,1630,BIRK,34.13,+3.21%,Consumer Discretionary,1.048,1.92,$1.67,59.5,32.435,38.71,37.44,42.07,-3.0,-0.31,0.0,"3,455,248",-101051.02,2218568.6,2345660.32,126.67,-9.73,-11.9,-12.82,43.17,33.38,43.17,43.17,62.0,"6,277 M"
05/14/2026,1630,BITO,11.13,+2.30%,,1.728,0.29,<empty>,23.63,8.61,10.78,10.14,14.32,-3.0,0.99,-0.62,"165,073,514",100256.01,1.1865562435E8,1.1160100434E8,96.22,9.22,6.3,-0.62,11.06,9.56,-9.56,11.03,NaN,"1,944 M"
05/14/2026,1630,BJ,95.96,+1.01%,Consumer Staples,1.5,1.37,$2.50,120.08,86.68,93.75,95.13,95.44,2.0,0.34,0.72,"1,186,991",100635.5,1908523.38,1889610.05,2.3,-2.03,2.2,5.32,106.61,90.24,-90.24,-91.11,5.0,"12,253 M"
05/14/2026,1630,BJRI,41.72,+0.92%,Consumer Discretionary,1.253,2.04,$3.71,47.02,28.46,39.25,37.31,36.82,-3.0,0.84,-0.83,"276,354",100943.07,380510.47,388482.33,4.93,22.45,8.65,-0.93,44.6,33.43,-33.43,44.03,53.0,877 M
05/14/2026,1630,BK,135.98,+0.73%,Financials,1.054,1.51,$1.83,139.1499,87.41,133.91,125.73,115.09,4.0,0.52,0.27,"2,852,669",-100126.2,3715627.0,3716840.92,2.24,17.85,1.2,2.63,139.17,112.47,139.17,-130.04,42.0,"93,334 M"
05/14/2026,1630,BKNG,154.48,-0.35%,Consumer Discretionary,-1.288,6.83,$11.24,233.576544,150.618,172.04,173.32,197.54,-2.0,-0.42,-0.22,"5,678,109",200140.54,7938240.76,9948783.08,-10.16,-10.04,-8.24,-2.1,194.17,151.57,194.17,194.17,52.0,"119,703 M"
05/14/2026,1630,BKV,28.59,+2.99%,Energy,1.06,1.51,($4.94),32.81,19.56,29.29,28.88,26.12,1.0,-0.33,0.18,"1,081,482",-100056.39,1092560.42,1024712.8,31.52,-0.03,-9.32,0.88,33.52,26.21,-26.21,32.07,61.0,"3,127 M"
05/14/2026,1630,BLDR,73.58,+1.74%,Industrials,1.445,5.37,$7.80,151.03,70.61,81.76,84.1,110.79,1.0,-0.29,0.29,"2,337,495",-300562.11,2534168.41,2512684.05,89.3,-15.44,-6.97,-1.74,123.62,73.07,123.62,95.17,53.0,"7,914 M"
05/14/2026,1630,BLK,1104.03,+0.91%,Financials,1.468,18.85,$23.68,1219.9399,917.39,1063.84,1010.53,1080.35,5.0,1.0,0.61,"502,255",100341.48,807340.52,801293.99,37.24,17.04,3.61,2.1,1108.57,917.44,-917.44,-1031.11,42.0,"171,383 M"
05/14/2026,1630,BLMN,8.14,-1.69%,Consumer Discretionary,1.133,1.14,$1.40,10.7,5.19,6.89,6.23,6.79,-2.0,1.0,-0.89,"2,135,245",101578.07,3006632.59,3053760.06,-2.39,45.1,33.44,-2.75,9.06,5.32,-5.32,9.03,56.0,697 M
05/14/2026,1630,BLOK,65.53,+2.04%,,1,2.67,<empty>,75.89,45.58,61.8,56.41,60.41,-3.0,1.0,-0.6,"239,203",100134.22,299723.62,327180.46,56.21,21.24,10.19,0.57,66.06,47.32,-47.32,-57.11,NaN,"1,327 M"
05/14/2026,1630,BNDD,97.4811,+0.16%,,.4801,0.32,<empty>,102.28,94.64,97.65,98.15,98.29,1.0,-0.49,0.32,58,-100020.17,371.25,386.36,-88.23,-0.79,0.15,-0.22,100.47,97.53,100.47,-97.02,NaN,9.7 M
05/14/2026,1630,BNO,56.21,+0.64%,,.0071,2.17,<empty>,60.81,26.59,54.23,51.09,35.37,1.0,-0.41,0.4,"1,393,458",-400395.38,7047372.05,6061938.18,-64.08,17.94,-3.96,2.16,61.08,32.61,61.08,61.08,NaN,880 M
05/14/2026,1630,BOOT,146.36,+0.77%,Consumer Discretionary,1.654,9.88,$2.93,210.25,133.1797,163.21,160.1,177.93,-6.0,-0.47,-0.1,"1,243,509",-100171.01,708042.27,651178.0,127.23,-6.57,-14.63,-4.4,204.54,133.29,-133.29,174.05,0.0,"4,452 M"
05/14/2026,1630,BP,44.12,-0.05%,Energy,.1803,1.33,$0.74,48.27,28.41,45.48,45.04,37.82,4.0,-0.07,0.13,"4,697,054",-200239.31,1.498047664E7,1.380581808E7,-23.69,2.84,-6.88,-0.23,48.31,37.62,48.31,-43.04,55.0,"113,609 M"
05/14/2026,1630,BRBR,9.15,-1.08%,Consumer Staples,.5076,3.66,$1.53,67.0,9.0,14.08,15.46,27.14,3.0,-0.16,0.09,"3,355,481",100988.07,4371028.79,4108389.19,78.74,-51.02,-48.6,-2.66,19.58,9.07,19.58,18.09,54.0,"1,064 M"
05/14/2026,1630,BRCB,7.16,-6.41%,Consumer Discretionary,2.12,1.63,<empty>,30.4,7.09,11.97,13.66,NaN,-2.0,-0.29,-0.05,"2,051,905",-200780.01,503679.68,547192.36,489.62,-55.8,-41.69,-34.85,18.41,11.03,18.41,15.17,61.0,154 M
05/14/2026,1630,BRKR,44.16,+0.71%,Health Care,1.164,3.76,$0.01,56.22,28.53,39.78,37.62,39.59,-2.0,0.8,-0.93,"1,912,914",-100250.02,2183189.73,2269898.43,37.08,34.8,20.29,2.06,43.06,32.42,-32.42,-34.11,55.0,"6,722 M"
05/14/2026,1630,BROS,50.00,+3.31%,Consumer Discretionary,2.217,3.23,$0.72,77.88,44.58,54.59,52.69,57.12,1.0,-0.42,0.01,"4,153,527",-100158.06,4280121.44,4805414.07,7.03,-0.5,-13.06,-2.21,60.62,45.33,-45.33,60.06,57.0,"6,860 M"
05/14/2026,1630,BTAL,11.99,-0.17%,,-.6241,0.27,<empty>,19.59,11.81,12.3,13.23,14.63,3.0,0.15,0.6,"360,119",-300160.17,1035730.14,1020970.58,-78.56,-15.68,-3.77,1.01,15.47,12.05,-12.05,-12.05,NaN,293 M
05/14/2026,1630,BTC,36.01,+2.30%,,1.47,0.95,<empty>,55.96,27.545,34.81,32.68,40.84,-3.0,-0.98,-0.66,"1,994,503",100452.56,2732873.55,3555587.79,35.59,9.99,6.51,-0.63,36.06,28.56,-28.56,36.03,NaN,"4,315 M"
05/14/2026,1630,BTC-USD,-68.45,+6.19%,,4.73,8.74,<empty>,23.4124,-70.135,-48.45,-33.02,-14.22,-2.0,0.0,-0.06,"1,125,589",-100064.27,906433.6,878071.43,0.18,233.74,55.75,9.01,-11.68,-64.97,-12.0,-36.0,NaN,"-2,051 M"
05/14/2026,1630,BTI,66.70,+2.07%,Consumer Staples,.3396,2.88,$3.49,67.3,40.6,59.03,58.73,56.92,4.0,1.0,1.0,"6,085,613",100330.03,4499314.04,4835986.56,63.04,9.45,13.44,10.36,63.55,55.17,-55.17,-55.17,53.0,"144,277 M"
05/14/2026,1630,BUD,80.74,+0.74%,Consumer Staples,.5682,3.16,$5.66,82.9099,56.97,76.46,73.69,66.9,-5.0,0.75,-0.76,"1,204,864",100127.08,2007595.52,2123385.38,1.59,10.71,6.87,1.1,83.06,67.38,83.06,83.06,53.0,"156,383 M"
05/14/2026,1630,BULL,7.30,+3.11%,Financials,2.727,0.16,$1.41,18.32,4.5,7.06,5.98,9.33,1.0,-0.91,0.26,"11,679,101",-100694.18,1.281175514E7,1.214186722E7,10.72,37.48,6.88,3.25,8.17,5.29,8.17,-7.11,5.0,"3,882 M"
05/14/2026,1630,BURL,292.53,+2.19%,Consumer Discretionary,1.412,12.74,$2.72,351.85,218.52,317.35,318.57,291.12,1.0,0.0,0.09,"768,984",200042.48,738705.32,756305.52,87.61,-3.32,-8.59,0.11,352.18,287.03,352.18,351.17,9.0,"18,380 M"
05/14/2026,1630,BUXX,20.23,0.00%,,.0005,0.03,<empty>,20.46,20.18,20.25,20.25,20.3,5.0,0.14,0.54,"123,623",-100000.37,461228.93,414449.4,-80.29,-0.17,0.1,-0.05,20.57,20.32,-20.32,-20.11,NaN,461 M
05/14/2026,1630,BXP,58.96,+0.96%,Real Estate,1.073,0.59,$7.52,79.33,49.72,58.61,55.2,65.5,-6.0,-0.94,-0.31,"1,591,147",-100443.54,2057555.76,2496076.48,-15.78,12.76,0.86,0.03,63.58,50.47,-50.47,-56.15,51.0,"9,403 M"
05/14/2026,1630,BYD,79.39,-1.46%,Consumer Discretionary,1.126,2.36,$2.46,89.96,72.01,85.11,83.91,83.8,-4.0,-0.03,-0.01,"1,043,366",100230.15,958057.42,959385.31,-68.48,-0.81,-8.69,-4.06,89.15,77.47,89.15,89.15,48.0,"5,901 M"
05/14/2026,1630,BYDDF,12.6625,-2.08%,Consumer Discretionary,.198,0.28,<empty>,20.50333333333334,11.2,13.28,13.2,13.16,-1.0,-0.25,-0.31,"159,694",-200100.05,210609.66,193903.25,-54.37,-4.94,-5.19,-2.68,15.23,12.48,15.23,-12.05,NaN,"115,447 M"
05/14/2026,1630,C,124.82,+0.58%,Financials,1.106,1.53,($20.72),135.29,71.65,128.05,119.81,108.84,1.0,-0.43,0.09,"8,225,806",-200048.39,1.343615022E7,1.392526476E7,20.35,16.27,-2.47,-0.82,135.17,102.47,135.17,-123.02,41.0,"212,890 M"
05/14/2026,1630,CACC,546.66,+4.13%,Financials,1.374,13.15,$94.71,565.14,401.9,522.06,484.98,477.69,1.0,0.89,0.38,"218,469",200644.5,178284.17,194097.96,185.86,22.97,8.27,4.78,565.06,405.3,565.06,565.06,53.0,"5,718 M"
05/14/2026,1630,CAG,13.67,-2.98%,Consumer Staples,-.0145,0.18,$1.76,23.37,13.605,14.23,15.24,17.49,-1.0,-0.33,-0.68,"16,520,781",-500437.24,1.532132346E7,1.481833073E7,31.52,-14.72,-4.74,-1.87,20.62,14.07,-14.07,-14.07,37.0,"6,540 M"
05/14/2026,1630,CAH,194.38,+4.31%,Health Care,.5032,7.53,$18.48,233.6,137.75,196.72,206.65,190.68,3.0,0.05,0.61,"3,623,164",100430.01,1978674.11,1885520.22,158.35,-10.67,0.78,6.51,234.52,182.03,234.52,211.17,65.0,"45,525 M"
05/14/2026,1630,CAKE,58.28,+3.10%,Consumer Discretionary,.9994,1.74,$3.68,69.7,43.07,61.23,59.33,56.72,-3.0,-0.46,-0.26,"1,300,241",-100339.11,1244321.14,1337842.54,77.56,-1.57,-7.3,-4.72,67.54,53.33,-53.33,65.1,51.0,"2,896 M"
05/14/2026,1630,CAMT,171.36,+1.47%,Information Technology,1.562,11.75,$2.78,215.99,62.88,188.9,173.8,129.97,-3.0,-0.52,0.0,"511,315",-100974.03,445722.32,487672.34,57.12,12.51,-10.71,-17.4,210.14,141.31,-141.31,216.03,61.0,"7,986 M"
05/14/2026,1630,CANE,10.10,-1.75%,,-.0242,0.25,<empty>,11.68,8.97,9.74,9.84,9.9,-1.0,0.62,-0.76,"510,995",100142.09,748750.11,614836.27,-23.66,4.88,2.96,0.5,11.34,9.62,11.34,10.07,NaN,85 M
05/14/2026,1630,CARR,66.73,+1.77%,Industrials,1.356,2.08,$2.00,81.09,50.24,64.2,60.56,59.63,-6.0,-0.76,-0.46,"3,823,006",100542.11,6854917.01,6566388.98,-31.52,19.48,-0.66,1.29,69.1,54.32,69.1,69.1,51.0,"55,425 M"
05/14/2026,1630,CASY,877.48,-1.22%,Consumer Staples,.645,32.9,$17.98,901.0,430.0,824.98,753.69,613.63,-1.0,-0.99,-0.58,"446,538",300129.27,609588.31,578780.03,19.73,30.33,6.73,0.05,868.07,627.47,-627.47,-765.17,16.0,"32,431 M"
05/14/2026,1630,CAT,920.22,+1.99%,Industrials,1.562,37.67,$16.91,931.35,336.2409,863.29,778.49,612.77,-3.0,-0.95,-0.6,"2,094,201",100439.11,2475098.24,2591124.13,-7.09,31.5,3.38,-0.71,931.06,663.47,931.05,931.05,55.0,"423,846 M"
05/14/2026,1630,CAVA,76.09,+5.24%,Consumer Discretionary,1.876,6.99,$0.23,100.94,43.41,88.66,85.46,69.1,1.0,-0.2,0.04,"2,354,793",100955.56,2816462.28,3235818.29,-4.02,-12.79,-18.54,-4.88,99.17,61.61,99.17,99.17,3.0,"8,858 M"
05/14/2026,1630,CBRL,29.17,+0.76%,Consumer Discretionary,1.257,0.91,($0.96),71.93,24.85,30.39,29.16,36.01,-3.0,-0.71,-0.21,"905,573",0.0,1079445.85,1089620.59,-11.16,5.54,-6.86,-7.01,35.49,26.33,-26.33,32.04,14.0,652 M
05/14/2026,1630,CCK,99.21,-0.65%,Materials,.6547,0.99,$8.72,116.62,89.21,101.05,102.68,101.19,-1.0,-0.29,-0.6,"1,210,462",-100134.13,1151549.96,1118108.75,36.13,-6.53,0.92,-1.17,117.56,97.32,-97.32,-97.12,45.0,"11,086 M"
05/14/2026,1630,CCL,25.20,+0.68%,Consumer Discretionary,2.311,0.77,$2.25,34.03,21.6217,26.55,26.19,28.69,1.0,-0.45,0.4,"22,730,754",100058.08,2.974361183E7,2.791285262E7,30.93,1.94,-4.94,-0.94,33.61,23.47,-23.47,29.17,27.0,"34,906 M"
05/14/2026,1630,CCRN,13.13,+0.08%,Health Care,.455,1.42,$1.23,14.99,7.43,11.05,10.16,10.8,-2.0,1.0,-0.93,"1,182,894",200306.06,641707.33,606499.16,328.97,43.65,29.74,0.08,11.07,8.62,13.04,13.04,57.0,407 M
05/14/2026,1630,CELH,29.01,+4.13%,Consumer Staples,.9505,1.92,$0.96,66.74,27.66,32.64,36.23,47.94,-5.0,-0.44,-0.43,"8,802,626",-100171.04,7887151.17,7658742.35,57.95,-33.48,-13.58,-5.32,59.54,29.03,59.54,36.05,59.0,"7,416 M"
05/14/2026,1630,CF,122.97,-2.02%,Materials,.4554,3.79,$10.23,141.96,75.415,122.46,123.86,95.62,-1.0,-0.25,-0.5,"2,315,730",-100164.39,5146181.69,4708005.96,-18.56,0.52,-0.99,-1.21,142.32,92.62,142.32,130.02,57.0,"18,892 M"
05/14/2026,1630,CFG,61.18,+1.24%,Financials,.9903,1.52,$5.50,68.79,38.796,64.02,61.55,56.94,-6.0,-0.41,-0.12,"2,418,670",-300128.2,4647243.86,4830393.92,-37.1,8.55,-5.95,-1.58,67.17,55.43,67.17,67.17,43.0,"25,872 M"
05/14/2026,1630,CFLT,30.99,0.00%,Information Technology,.9658,0.09,$0.11,31.0,15.64,30.72,30.56,24.82,1.0,0.14,0.28,<empty>,-300008.27,1.344598214E7,1.260758761E7,68.88,1.87,0.94,0.91,31.08,30.57,-30.57,-31.11,32.0,"11,134 M"
05/14/2026,1630,CFRUY,20.11,0.00%,Consumer Discretionary,1.258,0.66,$7.78,22.15,15.58,19.5,18.62,19.35,-1.0,0.9,-0.56,"318,602",-100100.45,619893.72,633704.3,-23.75,14.91,5.68,1.75,21.56,16.38,-16.38,21.05,6.0,"118,235 M"
05/14/2026,1630,CG,50.04,+1.79%,Financials,1.892,1.1,($11.89),69.848,43.19,49.96,48.72,56.79,1.0,0.58,0.48,"2,793,934",-100247.06,3345674.58,3372088.63,11.92,7.89,-0.06,1.17,56.6,45.44,-45.44,-47.12,57.0,"18,013 M"
05/14/2026,1630,CHD,94.65,-0.46%,Consumer Staples,.4831,1.69,$4.44,106.04,81.33,94.68,95.39,91.57,3.0,0.24,0.58,"1,860,550",-100225.1,2100297.54,2060816.39,-12.8,-3.63,-2.48,4.33,106.56,90.03,106.56,-90.03,54.0,"22,427 M"
05/14/2026,1630,CHDN,85.76,+0.24%,Consumer Discretionary,.6868,5.96,$5.38,118.455,80.24,93.14,89.69,98.62,1.0,-0.36,0.03,"750,391",300238.15,1048514.38,1057775.82,-72.91,-0.51,-15.08,-0.48,103.14,80.47,103.14,103.14,52.0,"5,977 M"
05/14/2026,1630,CHEF,81.18,+0.84%,Consumer Staples,2.149,5.13,$2.09,82.8112,53.2,73.87,66.64,63.56,-8.0,-0.98,-0.58,"469,286",101441.12,478123.54,485258.72,32.68,26.71,4.61,0.61,81.06,57.29,83.04,83.04,52.0,"3,310 M"
05/14/2026,1630,CHH,105.72,-1.18%,Consumer Discretionary,.6647,6.71,$2.18,136.45,84.035,110.79,106.35,105.18,8.0,-0.23,0.45,"526,294",100138.1,631482.14,622950.17,11.49,9.03,6.7,1.43,124.17,94.45,124.17,-97.08,56.0,"4,810 M"
05/14/2026,1630,CHPT,6.81,+5.91%,Industrials,1.773,0.2,($2.86),17.78,4.44,6.52,5.81,8.21,2.0,0.81,0.35,"557,384",100597.23,487097.12,467341.99,37.16,25.41,6.24,6.24,7.16,4.32,7.16,-6.04,13.0,166 M
05/14/2026,1630,CHRD,142.54,+0.36%,Energy,.4453,3.93,$8.77,150.5,84.245,139.19,135.29,107.27,3.0,-0.32,0.52,"429,776",500347.27,1052955.53,1052330.25,-1.98,12.8,-2.1,1.76,151.07,97.61,151.07,151.07,57.0,"8,025 M"
05/14/2026,1630,CHTR,148.00,+3.45%,Communication Services,.7659,9.76,$30.73,437.06,141.765,180.64,204.36,226.81,10.0,0.01,0.41,"3,752,473",100450.11,2594242.95,2345498.32,-71.84,-32.0,-10.4,0.14,254.15,146.03,254.15,254.15,49.0,"18,202 M"
05/14/2026,1630,CHWY,21.48,-0.79%,Consumer Discretionary,1.485,1.46,$1.36,48.62,21.17,24.97,25.39,32.04,-2.0,-0.4,-0.13,"7,672,970",100256.36,8192484.45,8328619.45,32.19,-14.49,-15.5,-4.49,29.17,22.03,29.17,29.17,18.0,"8,950 M"
05/14/2026,1630,CI,294.93,-1.92%,Health Care,.2852,7.01,$28.94,338.8899,239.51,284.55,275.15,281.77,-1.0,1.0,-0.85,"1,409,355",-100036.39,1690512.05,1660897.57,-11.63,9.9,1.5,2.03,297.61,258.32,-258.32,-272.14,53.0,"78,019 M"
05/14/2026,1630,CLOX,25.57,+0.14%,,.1084,0.04,<empty>,25.71,25.35,25.56,25.51,25.54,1.0,0.74,0.44,"188,882",-300000.38,202252.27,212851.47,34.14,0.67,-0.27,0.18,26.1,25.44,26.1,-25.08,NaN,284 M
05/14/2026,1630,CLOZ,26.44,+0.09%,,.1305,0.05,<empty>,26.96,25.23,26.3,25.91,26.45,-11.0,-0.94,-0.59,"164,126",-200100.54,384428.92,538267.17,-60.6,3.52,0.13,0.17,27.62,25.5,-25.5,26.09,NaN,645 M
05/14/2026,1630,CLX,91.17,-0.90%,Consumer Staples,.5698,3.55,$3.11,136.69,84.7,93.96,101.63,111.44,7.0,0.13,0.68,"1,927,442",-200134.09,2824960.05,2636728.82,-6.44,-18.66,-5.46,2.55,129.54,85.07,-85.07,-85.07,53.0,"11,024 M"
05/14/2026,1630,CMCSA,25.17,+0.92%,Communication Services,.7224,0.96,$4.84,34.3580131208997,24.1330834114339,27.24,28.39,28.71,2.0,0.0,0.17,"31,807,910",100040.39,3.331440902E7,3.186749893E7,-51.47,-17.04,-6.92,0.56,32.49,25.03,32.49,32.15,53.0,"89,913 M"
05/14/2026,1630,CMG,32.09,-0.06%,Consumer Discretionary,.9971,0.6,$1.14,58.42,29.75,33.45,33.54,37.18,3.0,-0.5,0.31,"13,038,111",-100343.11,1.6245339E7,1.609358747E7,4.35,-5.84,-5.59,0.53,39.6,31.32,-31.32,-32.03,52.0,"41,163 M"
05/14/2026,1630,CMI,716.45,+0.97%,Industrials,1.23,25.67,$19.34,718.08,307.905,668.67,602.99,509.47,1.0,1.0,0.53,"795,759",-100137.08,837440.26,865114.4,50.94,31.45,6.77,1.96,717.06,510.32,718.05,718.05,55.0,"98,862 M"
05/14/2026,1630,CNA,43.30,+1.52%,Financials,.3315,2.26,$7.98,50.72,42.48,46.08,46.39,46.78,4.0,0.0,0.17,"501,624",-100846.09,472759.22,499168.6,29.91,-7.6,-10.22,0.39,50.58,43.07,50.58,49.15,54.0,"11,714 M"
05/14/2026,1630,CNC,58.70,-0.19%,Health Care,.9527,3.93,$14.45,62.205,25.075,49.88,41.55,38.02,-2.0,-1.0,-0.59,"5,851,710",200750.12,7053771.31,6550311.8,-9.6,68.87,9.33,4.15,56.06,32.32,-32.32,-38.16,51.0,"28,986 M"
05/14/2026,1630,CNH,10.67,-0.84%,,1.59,0.31,($0.37),14.27,9.0,10.57,10.74,10.87,-3.0,-0.39,-0.76,"10,482,860",100449.11,1.675985573E7,1.656144302E7,-23.77,1.43,-0.37,-2.73,13.61,10.39,-10.39,-10.11,53.0,"13,230 M"
05/14/2026,1630,CNX,36.40,+2.80%,Energy,.6342,1.38,$3.98,43.62,27.72,37.6,39.15,35.8,1.0,0.02,0.38,"2,030,975",-100043.39,2129035.98,2196016.86,70.53,-13.25,-6.45,0.8,44.48,36.05,44.48,40.11,48.0,"5,150 M"
05/14/2026,1630,COAL,25.09,+0.16%,,.8526,0.34,<empty>,29.1,16.5903,25.49,26.29,23.78,-3.0,-0.11,-0.5,"69,079",-200246.21,204473.73,170098.97,-85.55,-5.64,-3.83,-2.37,29.32,24.53,29.32,26.09,NaN,68 M
05/14/2026,1630,COCO,76.44,+2.23%,Consumer Staples,.7208,7.24,$1.13,77.01,31.79,61.61,55.97,48.6,-8.0,1.0,-0.74,"1,285,006",-100262.11,1554457.34,1540530.56,24.77,26.14,15.84,5.49,70.1,45.31,-45.31,-46.16,52.0,"4,366 M"
05/14/2026,1630,COF,185.79,+2.34%,Financials,1.038,3.83,$45.02,259.635,174.98,192.62,188.71,213.2,1.0,-0.44,0.34,"3,547,457",0.0,4715140.48,4978189.43,-28.01,2.78,-2.88,1.01,211.61,175.33,-175.33,210.17,46.0,"115,616 M"
05/14/2026,1630,COIN,212.01,+5.06%,Financials,3.216,9.0,$6.68,444.645,139.36,200.01,191.94,255.33,1.0,1.0,0.59,"16,544,695",200776.51,1.079161766E7,1.199478871E7,185.3,4.27,12.91,-2.12,216.19,146.62,-146.62,-178.11,53.0,"55,856 M"
05/14/2026,1630,COM,34.96,-1.24%,,.0062,0.45,<empty>,35.62,27.4615,34.3,33.74,30.53,-1.0,-0.65,-0.66,"405,722",200018.31,216201.23,188573.74,567.68,4.33,1.95,-0.14,35.07,31.61,-31.61,-34.17,NaN,276 M
05/14/2026,1630,COP,118.97,+1.34%,Energy,.1764,4.31,$4.72,135.87,84.28,120.52,122.99,102.5,3.0,0.02,0.52,"5,315,538",100039.39,9727176.88,9668658.0,-51.54,-1.94,-5.41,2.96,136.32,108.61,136.32,-114.04,57.0,"144,940 M"
05/14/2026,1630,COPJ,45.84,-2.20%,,1.231,2.41,<empty>,53.945,19.7,42.86,41.18,37.65,-1.0,0.66,-0.81,"71,776",0.0,136675.43,147030.27,2.22,13.86,11.02,2.0,49.52,34.38,-34.38,-39.07,NaN,179 M
05/14/2026,1630,COPX,89.38,-2.75%,,1.092,4.99,<empty>,99.99,39.04,83.4,80.36,69.56,-1.0,0.66,-0.83,"4,761,728",100454.03,4400037.35,4491410.84,89.48,13.63,12.27,2.04,97.55,68.38,-68.38,-77.08,NaN,"7,802 M"
05/14/2026,1630,CORN,18.53,-2.37%,,-.0787,0.21,<empty>,19.13,16.61,18.57,18.42,17.79,-1.0,-0.7,-0.52,"683,623",-200124.25,1149954.75,918623.36,89.59,1.48,-0.86,-1.23,19.08,17.59,-17.59,-18.17,NaN,276 M
05/14/2026,1630,COST,1041.25,+0.79%,Consumer Staples,.9067,13.49,$20.49,1067.08,844.06,1009.56,1000.12,953.9,3.0,0.56,0.51,"1,605,735",0.0,1782452.6,1844079.54,-5.3,3.94,2.63,4.18,1036.25,960.48,-960.48,-985.11,9.0,"461,953 M"
05/14/2026,1630,CP,86.90,+1.47%,Industrials,1.089,1.25,$1.62,89.415,68.421,84.98,82.35,77.09,1.0,0.53,0.51,"3,258,949",-200328.12,2749991.29,2829581.59,-2.87,6.04,-0.07,2.51,89.52,76.31,-76.31,88.13,52.0,"77,144 M"
05/14/2026,1630,CPAY,329.17,-0.63%,Financials,.8444,14.51,$18.87,361.99,252.84,320.7,311.28,308.3,-2.0,0.83,-0.69,"321,923",0.0,587741.56,632887.08,-6.11,6.11,7.41,-3.63,354.57,281.38,-281.38,347.03,57.0,"21,515 M"
05/14/2026,1630,CPER,40.02,-0.62%,,.4937,1.66,<empty>,40.78,27.08,37.47,35.94,33.06,-1.0,0.96,-0.89,"710,972",0.0,823603.66,864358.2,-5.37,12.13,9.55,1.6,38.16,32.38,-32.38,-35.08,NaN,774 M
05/14/2026,1630,CPNG,16.59,+3.95%,Consumer Discretionary,1.173,1.93,$0.16,34.075,15.645,19.23,19.31,24.72,2.0,-0.3,0.1,"21,764,419",-100247.07,2.152254657E7,2.313221532E7,44.46,-18.88,-16.97,2.85,22.19,16.03,22.19,22.17,56.0,"29,780 M"
05/14/2026,1630,CPRI,17.51,+1.92%,Consumer Discretionary,1.468,0.96,($1.12),28.265,16.22,19.38,18.87,21.35,1.0,-0.29,0.25,"1,913,590",0.0,2685813.39,2750220.3,5.74,-4.63,-10.25,-0.74,22.58,17.32,-17.32,22.17,8.0,"2,087 M"
05/14/2026,1630,CPT,103.99,-1.29%,Real Estate,.829,1.0,$7.67,119.89,96.53,103.99,102.03,105.36,-1.0,-0.79,-0.57,"1,385,760",-300026.06,1163564.46,1135865.41,61.27,3.19,-0.98,-0.89,111.54,97.33,-97.33,107.11,53.0,"10,304 M"
05/14/2026,1630,CRCL,123.88,-2.13%,Information Technology,2.857,13.35,$2.10,298.99,49.9,108.83,107.26,105.58,-3.0,0.74,-0.7,"23,503,729",101206.04,1.712790543E7,1.785955983E7,254.97,-1.55,36.31,-5.98,137.41,57.61,-57.61,140.02,60.0,"30,794 M"
05/14/2026,1630,CRI,33.76,+1.05%,Consumer Discretionary,.8555,1.81,$3.58,44.44,23.3805,36.05,35.42,32.72,2.0,-0.08,0.43,"820,712",-100252.39,1162205.32,1259226.05,-6.93,-3.74,-6.53,3.15,44.58,32.47,-32.47,-32.02,49.0,"1,244 M"
05/14/2026,1630,CRM,167.58,+1.05%,Information Technology,1.112,6.43,$15.16,292.17,163.52,180.19,184.38,224.65,-5.0,-0.58,-0.41,"9,739,327",300345.45,1.312666757E7,1.347849067E7,-9.97,-15.51,-5.07,-5.58,205.44,164.24,-164.24,194.17,8.0,"137,089 M"
05/14/2026,1630,CRSP,50.45,-4.36%,Health Care,1.515,1.37,($4.61),78.48,34.87,53.38,51.63,55.98,-3.0,-0.69,-0.39,"1,662,965",-200465.46,1971318.43,1895192.46,-56.82,4.19,-3.61,-6.59,62.54,44.32,-44.32,-49.14,60.0,"4,866 M"
05/14/2026,1630,CRWD,579.95,+3.09%,Information Technology,1.049,45.17,$4.95,583.78,342.72,480.43,439.18,459.81,6.0,1.0,1.0,"2,814,604",-200456.25,3415949.94,3975849.89,23.9,36.83,30.11,6.95,481.07,343.57,-343.57,-433.1,13.0,"147,618 M"
05/14/2026,1630,CSCO,115.53,+13.41%,Information Technology,.9257,7.03,$3.09,119.36,62.3,93.09,85.15,76.4,5.0,1.0,1.0,"70,903,487",-100243.01,2.268867669E7,2.357833633E7,273.77,46.43,26.26,17.03,95.07,73.62,-73.62,-86.12,62.0,"456,331 M"
05/14/2026,1630,CSX,45.92,+3.42%,Industrials,1.223,0.45,$1.02,46.55,30.17,44.76,42.25,37.7,1.0,0.66,0.43,"15,598,311",-100025.03,1.300525869E7,1.276630001E7,-17.43,15.43,1.08,2.64,47.15,38.38,47.15,47.15,52.0,"85,326 M"
05/14/2026,1630,CTA,31.70,+0.03%,,-.2523,0.66,<empty>,32.7099,26.36,31.0,30.39,28.46,-2.0,-0.74,-0.4,"318,933",200033.3,820870.36,743919.15,-72.73,6.09,-2.01,1.34,33.08,28.19,33.08,33.08,NaN,"1,679 M"
05/14/2026,1630,CUBE,39.64,-0.63%,Real Estate,1.123,0.6,$2.67,44.13,35.09,39.88,38.81,38.81,-2.0,-0.78,-0.47,"2,001,931",-200031.42,2342352.21,2406857.56,-15.82,2.03,-2.08,-2.89,42.52,36.35,-36.35,41.02,53.0,"8,975 M"
05/14/2026,1630,CURB,27.86,+1.64%,Real Estate,.5557,0.37,$1.15,28.94,21.62,27.78,27.06,24.47,1.0,0.33,0.49,"792,496",0.0,769729.13,838978.35,70.66,4.31,0.94,-0.43,29.12,25.38,29.12,29.12,51.0,"2,940 M"
05/14/2026,1630,CVNA,69.53,-0.53%,Consumer Discretionary,1.96,3.57,$1.06,97.378,54.464,77.89,69.3,73.96,-5.0,-0.49,-0.09,"7,144,641",0.0,1.349978338E7,1.635788819E7,-10.4,13.62,-12.17,-8.79,84.1,54.32,84.1,84.1,52.0,"49,804 M"
05/14/2026,1630,CVS,97.15,-0.98%,Health Care,.6245,6.3,$5.82,98.43,58.35,84.16,78.61,76.9,-1.0,1.0,-0.99,"9,299,278",100230.07,8058056.68,8038135.33,26.1,28.1,16.64,5.35,89.06,70.32,-70.32,-76.15,53.0,"123,956 M"
05/14/2026,1630,CVX,186.64,+0.34%,Energy,.4954,3.79,$7.22,214.71,133.77,186.96,193.02,168.03,4.0,0.12,0.66,"6,218,955",200035.39,1.25189014E7,1.201769035E7,-35.4,-5.18,-3.45,1.03,215.32,178.19,-178.19,-180.05,54.0,"371,712 M"
05/14/2026,1630,CWH,6.86,+2.69%,Consumer Discretionary,2.127,0.48,($1.68),19.64,5.7,7.27,6.98,11.88,-6.0,-0.56,-0.48,"1,738,182",500786.11,3374188.41,3516110.03,-77.04,9.58,-16.24,1.48,13.58,6.39,-6.39,8.1,51.0,436 M
05/14/2026,1630,CZR,27.16,+1.38%,Consumer Discretionary,1.827,0.71,$2.59,31.58,17.86,27.56,27.13,24.36,1.0,-0.43,0.2,"7,667,925",301147.46,4448307.01,5371215.3,272.94,0.0,-2.3,-2.2,31.45,18.61,31.45,-25.02,51.0,"5,532 M"
05/14/2026,1630,D,62.97,+0.40%,Utilities,.6315,0.76,($8.61),67.5699,53.36,62.52,62.37,61.09,4.0,0.32,0.48,"3,167,382",100124.54,4385829.23,5013557.62,8.06,-0.71,-2.37,0.66,68.61,59.38,-59.38,66.09,53.0,"55,379 M"
05/14/2026,1630,DAL,71.55,+0.97%,Industrials,1.281,2.24,$6.03,76.39,45.28,70.03,66.94,64.13,-4.0,-0.68,-0.56,"5,876,856",100259.42,1.213966964E7,1.140158909E7,-2.04,17.6,5.24,0.49,75.19,55.47,75.19,75.05,37.0,"47,008 M"
05/14/2026,1630,DAPP,22.41,+3.13%,,3.391,1.54,<empty>,27.4899,12.0,20.15,17.84,18.9,-3.0,1.0,-0.76,"384,323",-100342.06,934596.61,822972.75,-6.65,30.06,19.2,0.81,22.06,14.32,-14.32,-18.11,NaN,559 M
05/14/2026,1630,DAR,62.78,+0.84%,Consumer Staples,1.114,1.17,$3.48,66.02,29.15,62.06,59.86,42.49,-3.0,-0.3,-0.44,"2,693,651",400751.27,3211766.74,3097614.11,59.3,13.71,-2.26,-1.63,66.07,50.61,66.07,66.07,53.0,"9,977 M"
05/14/2026,1630,DASH,153.70,+3.11%,Consumer Discretionary,1.885,8.12,$4.07,285.5,143.3,170.46,165.24,213.47,1.0,-0.62,0.12,"4,298,186",-100653.06,4419038.78,5126783.83,100.0,-8.39,-8.86,-2.31,191.18,143.33,191.18,191.17,60.0,"66,970 M"
05/14/2026,1630,DDOG,202.84,-1.20%,Information Technology,1.346,30.97,$2.74,205.4375,98.0101,154.07,134.36,139.66,-2.0,1.0,-0.93,"4,937,851",100066.06,5333866.21,5544992.27,54.52,60.26,53.45,0.26,150.07,98.56,-98.56,-124.14,57.0,"72,203 M"
05/14/2026,1630,DDS,534.86,+0.36%,Consumer Discretionary,1.177,17.19,$39.84,711.975,356.8501,574.3,580.32,586.76,1.0,-0.08,0.27,"249,189",-200900.01,105758.73,117135.43,362.07,-8.61,-6.04,-3.94,681.58,545.04,681.58,639.17,0.0,"8,353 M"
05/14/2026,1630,DE,574.64,-1.04%,Industrials,.9596,9.4,$13.22,674.1899,433.0,580.0,581.23,519.46,-2.0,-0.14,-0.59,"1,056,542",0.0,1195479.35,1411349.91,-4.18,0.38,-2.58,-2.39,674.59,550.31,-550.31,-558.11,5.0,"155,214 M"
05/14/2026,1630,DECK,94.97,+1.11%,Consumer Discretionary,1.089,3.98,$6.28,131.58,78.91,102.94,102.91,103.18,1.0,-0.16,0.25,"1,892,428",0.0,1912907.66,1977279.87,76.1,-6.63,-7.07,-1.74,122.58,93.33,-93.33,113.17,5.0,"13,481 M"
05/14/2026,1630,DELL,247.89,+1.65%,Information Technology,1,17.96,$12.67,263.99,106.38,221.9,188.59,146.65,-3.0,1.0,-0.72,"6,237,347",-100455.39,7563462.16,8291163.67,34.97,58.36,18.64,0.34,239.06,113.6,264.04,264.04,9.0,"161,175 M"
05/14/2026,1630,DEO,80.58,-0.14%,Consumer Staples,.5399,2.07,$1.13,116.41,72.45,80.78,78.4,91.57,-4.0,-0.73,-0.61,"1,243,350",-200240.45,1714975.76,1900148.41,96.45,4.79,-0.09,-1.74,103.56,72.36,-72.36,86.06,57.0,"44,794 M"
05/14/2026,1630,DG,105.05,+3.24%,Consumer Staples,.2935,5.54,$10.87,158.23,87.5415,115.64,122.23,121.33,1.0,-0.17,0.32,"3,932,701",-200256.03,3440152.23,3284861.79,112.53,-22.1,-9.35,0.4,158.54,104.03,158.54,127.17,12.0,"23,135 M"
05/14/2026,1630,DGX,187.94,-1.52%,Health Care,.6086,2.56,$11.97,213.5,164.65,193.63,195.72,187.32,-1.0,-0.06,-0.36,"768,063",300125.18,914396.58,915047.06,-26.07,-5.53,-3.22,-0.99,214.53,186.04,-186.04,-186.04,46.0,"20,804 M"
05/14/2026,1630,DIN,31.02,+8.27%,Consumer Discretionary,.9618,1.12,$2.62,39.68,19.58,28.36,27.95,28.53,1.0,0.55,0.76,"708,322",-100258.02,409606.43,423121.86,303.97,12.19,11.66,6.71,35.6,24.23,-24.23,-26.05,56.0,393 M
05/14/2026,1630,DIS,105.42,+0.50%,Communication Services,1.417,2.65,$3.98,124.69,92.185,104.38,101.07,108.93,-4.0,-0.92,-0.45,"6,142,204",200128.07,9702088.4,1.020054282E7,2.81,6.85,1.61,0.67,109.06,92.33,110.05,110.05,56.0,"183,063 M"
05/14/2026,1630,DK,43.69,-0.43%,Energy,.5508,2.35,$7.70,49.5,16.76,43.4,43.3,34.93,-7.0,-0.62,-0.44,"1,054,153",200766.12,1444260.17,1488928.47,-15.56,6.22,-6.22,-6.69,50.07,33.57,50.07,50.07,57.0,"2,678 M"
05/14/2026,1630,DKL,51.62,+1.22%,Energy,.4637,0.99,$1.89,55.89,40.1,51.23,51.48,47.65,1.0,0.41,0.48,"38,624",-100233.39,61462.62,63601.92,-24.48,-2.53,-2.84,0.33,55.62,48.28,-48.28,54.09,57.0,"2,745 M"
05/14/2026,1630,DKNG,25.15,+0.48%,Consumer Discretionary,1.5,0.82,$1.15,48.78,20.46,23.73,23.64,32.28,-4.0,0.87,-0.57,"8,456,751",0.0,1.300975275E7,1.459560315E7,-48.08,1.02,7.85,2.61,27.44,20.32,27.04,27.04,57.0,"12,478 M"
05/14/2026,1630,DLTR,89.97,+3.65%,Consumer Staples,.5684,3.48,$6.41,142.4,84.71,96.99,103.56,110.33,1.0,0.05,0.48,"4,588,241",-100652.14,3486805.25,3363175.78,85.44,-21.33,-7.35,-0.06,139.58,89.03,139.58,110.17,9.0,"17,519 M"
05/14/2026,1630,DOC,19.56,+0.05%,Real Estate,1.026,1.71,$1.77,19.91,15.7,17.56,17.2,17.46,-3.0,1.0,-0.83,"6,205,323",101533.07,8532889.58,8711831.78,-25.01,12.67,20.96,-1.01,20.06,16.12,-16.12,-16.12,48.0,"13,485 M"
05/14/2026,1630,DOCU,45.50,+0.95%,Information Technology,1,1.24,$5.24,94.67,40.16,46.64,46.89,61.77,-5.0,-0.91,-0.46,"2,949,540",300656.41,4086784.08,4544591.12,22.72,-2.82,-1.07,0.02,51.39,40.55,51.39,50.08,14.0,"8,840 M"
05/14/2026,1630,DOV,214.36,-0.12%,Industrials,1.202,4.1,$8.33,237.54,158.97,221.65,215.36,196.02,-6.0,-0.3,-0.34,"735,505",200232.16,1048353.9,1110935.63,-34.49,3.35,-5.32,-2.55,237.58,201.29,-201.29,233.15,48.0,"28,866 M"
05/14/2026,1630,DOW,38.78,-0.15%,Materials,1,1.18,($0.53),42.74,20.4019,38.65,38.35,28.25,4.0,-0.21,0.51,"5,639,992",-100256.2,1.468545125E7,1.40841365E7,-55.49,7.72,-4.22,0.05,43.31,29.53,43.31,-37.04,48.0,"27,950 M"
05/14/2026,1630,DPZ,304.01,-1.45%,Consumer Discretionary,1.035,11.84,$19.33,499.08,303.59,339.04,361.86,406.67,-1.0,0.0,-0.21,"713,555",-100231.14,1028094.23,1038072.8,-48.34,-22.5,-10.43,-2.94,418.56,310.03,418.56,375.14,45.0,"10,112 M"
05/14/2026,1630,DRI,194.61,+0.93%,Consumer Discretionary,.5731,2.24,$8.56,228.27,169.0,197.29,198.22,196.24,-2.0,-0.3,-0.49,"742,940",-100132.39,1384449.6,1321424.18,-18.34,-5.84,-2.97,-0.61,221.6,187.23,-187.23,-190.05,28.0,"22,290 M"
05/14/2026,1630,DRLL,36.4933,+0.51%,,.4808,0.89,<empty>,41.0248,25.93,36.39,37.13,31.45,4.0,0.16,0.67,"5,879",-200127.23,33643.01,30469.1,-17.01,-2.38,-3.91,0.84,41.32,33.61,41.32,38.07,NaN,290 M
05/14/2026,1630,DRVN,12.54,-1.10%,Consumer Discretionary,.9725,0.5,$0.19,19.74,9.8,13.11,12.28,14.89,-7.0,-0.83,-0.54,"1,308,081",-100470.11,1908047.5,2082275.08,15.75,20.23,-7.59,-5.36,17.6,10.55,-10.55,14.09,NaN,"2,062 M"
05/14/2026,1630,DT,37.12,+6.88%,Information Technology,.7181,1.83,$1.54,57.55,31.635,37.11,37.14,43.04,-4.0,-0.86,-0.46,"11,035,098",100448.02,7202259.17,7296438.05,125.93,-5.72,2.51,-7.73,40.41,32.24,41.05,41.05,56.0,"10,938 M"
05/14/2026,1630,DVN,47.24,+0.72%,Energy,.5159,2.18,$3.88,52.71,30.24,47.8,47.81,39.22,3.0,-0.11,0.39,"10,111,482",-200239.07,1.628711492E7,1.517977863E7,-7.04,1.26,-8.04,1.09,53.32,42.54,53.32,-44.05,56.0,"54,467 M"
05/14/2026,1630,DXCM,57.82,-1.28%,Health Care,1.33,1.2,$3.68,89.98,54.11,60.82,63.41,68.29,-2.0,-0.26,-0.5,"4,318,124",100147.1,4568522.04,4613780.15,19.95,-12.84,-2.91,-2.55,74.57,57.11,-57.11,-57.11,52.0,"22,311 M"
05/14/2026,1630,EA,200.78,+0.30%,Communication Services,.6606,0.92,$9.29,204.885,141.19,201.88,201.76,195.26,3.0,0.19,0.48,"1,107,120",0.0,2021400.18,2087809.53,-1.6,0.28,-0.79,0.28,204.26,197.47,204.26,204.16,51.0,"50,346 M"
05/14/2026,1630,EAT,136.75,+8.22%,Consumer Discretionary,1.232,7.37,$11.42,187.123,100.3,143.06,144.47,144.36,1.0,-0.17,0.23,"2,394,960",200750.01,1240418.21,1260824.87,59.72,-5.09,-10.17,-2.05,165.62,128.12,165.62,158.17,61.0,"5,865 M"
05/14/2026,1630,EBAY,113.24,+0.20%,Consumer Discretionary,1.396,3.94,$3.71,113.73,69.41,105.89,98.22,91.54,3.0,0.98,0.75,"4,632,210",300043.09,5781788.28,6040125.52,-44.11,23.88,9.43,4.73,111.08,78.61,-78.61,-96.1,52.0,"50,279 M"
05/14/2026,1630,ECH,40.14,-0.67%,,.7623,0.76,<empty>,47.845,29.28,41.87,40.91,38.27,-4.0,-0.32,-0.34,"248,136",200131.37,780477.36,912351.96,-53.88,0.88,-3.88,-2.57,45.55,38.48,-38.48,44.17,NaN,"1,004 M"
05/14/2026,1630,ECPG,81.73,+3.43%,Financials,1.315,1.42,$7.32,92.64,35.675,82.75,75.91,55.8,1.0,-0.35,0.03,"465,471",-400926.06,342079.09,332840.05,59.9,22.98,-1.26,-0.73,86.06,56.57,93.05,93.05,57.0,"1,752 M"
05/14/2026,1630,EDEN,111.996,-0.71%,,.8805,1.57,<empty>,125.6375,98.31,110.77,107.0,110.86,-2.0,-0.79,-0.51,"2,376",-200100.09,7277.92,8280.45,-58.61,9.3,1.92,-0.11,116.61,98.38,-98.38,113.03,NaN,202 M
05/14/2026,1630,EDU,51.85,-1.09%,Consumer Discretionary,.1779,1.38,$4.09,64.97,41.62,54.06,54.9,54.3,-5.0,-0.23,-0.47,"532,976",0.0,793817.15,793567.91,-18.74,-4.51,-5.19,-0.54,61.57,50.51,-50.51,-51.15,52.0,"8,252 M"
05/14/2026,1630,EDV,62.82,+0.37%,,.7309,0.49,<empty>,71.305,61.56,63.74,64.58,66.54,-4.0,-0.19,-0.48,"760,169",-100220.39,1309476.72,1266213.92,-21.5,-4.03,-0.49,-1.07,69.53,63.08,69.53,65.16,NaN,"3,823 M"
05/14/2026,1630,EEM,67.38,+0.25%,,.7239,1.84,<empty>,68.15,45.2301,64.79,60.79,56.29,-3.0,-0.96,-0.57,"21,181,747",-200238.39,3.601133198E7,3.87856131E7,-19.65,15.42,5.3,-0.75,68.06,54.32,-54.32,68.03,NaN,"29,836 M"
05/14/2026,1630,EFNL,55.297,-0.27%,,.7782,0.84,<empty>,55.85,34.96,54.03,51.6,47.09,2.0,0.83,0.34,"2,774",100100.04,11647.22,10685.32,-65.45,11.73,0.92,0.77,56.09,47.33,-47.33,-52.15,NaN,55 M
05/14/2026,1630,EFX,157.72,-1.39%,Industrials,1.327,5.26,$9.32,281.03,157.59,174.75,180.6,212.99,-4.0,-0.24,-0.37,"1,387,068",200041.09,1720509.5,1669356.48,-28.49,-14.83,-9.33,-6.02,211.49,166.36,211.49,199.17,46.0,"18,780 M"
05/14/2026,1630,EGP,202.29,-0.62%,Real Estate,1.07,2.14,$9.22,206.78,159.365,201.58,193.96,181.03,-4.0,-0.84,-0.37,"162,891",100017.06,360142.37,373463.23,-78.41,6.49,0.54,-0.83,204.06,181.38,207.04,207.04,47.0,"10,874 M"
05/14/2026,1630,EIS,133.87,-0.13%,,1.027,3.16,<empty>,136.98,80.56,131.37,125.13,110.42,-4.0,-0.91,-0.47,"50,230",-200200.33,141567.7,156862.11,25.9,12.43,2.38,-1.67,137.06,110.32,137.05,137.05,NaN,"1,004 M"
05/14/2026,1630,EL,80.83,-1.58%,Consumer Staples,1.267,3.56,$3.55,121.635,62.03,79.99,79.5,93.89,-5.0,-0.8,-0.7,"3,217,192",-200762.37,4587828.57,4477918.31,42.89,-8.93,5.37,-2.32,118.56,66.29,-66.29,88.05,66.0,"29,244 M"
05/14/2026,1630,ELS,61.96,-1.76%,Real Estate,2.098,0.45,$2.97,69.0,58.15,63.33,64.28,62.68,-2.0,-0.29,-0.65,"1,805,931",-200026.54,1416652.18,1702575.13,39.38,-8.14,-2.1,-2.26,69.43,62.33,-62.33,66.17,45.0,"12,016 M"
05/14/2026,1630,ELV,396.71,-0.73%,Health Care,.6295,11.83,$29.01,412.96,273.71,363.62,323.95,329.24,-1.0,1.0,-0.64,"1,720,666",-300245.52,1851789.59,1905026.26,5.52,35.83,5.39,3.92,378.06,275.47,-275.47,-325.17,43.0,"86,150 M"
05/14/2026,1630,EMB,95.54,0.00%,,.3463,0.31,<empty>,97.8,89.45,95.92,95.23,95.62,-3.0,-0.76,-0.36,"4,858,008",100110.38,1.042907113E7,1.001779104E7,-35.73,0.83,-0.27,-0.45,98.57,93.33,-93.33,-95.08,NaN,"14,111 M"
05/14/2026,1630,EMR,137.88,+0.09%,Industrials,1.228,2.98,$5.55,165.15,114.83,140.77,137.28,137.44,-4.0,-0.53,-0.33,"2,088,592",0.0,2982541.46,3115054.51,-14.94,3.6,-1.82,-1.11,153.6,123.32,-123.32,-135.02,57.0,"77,227 M"
05/14/2026,1630,ENB,56.22,+1.87%,Energy,.58,0.97,$0.41,56.22,43.5892,53.78,53.87,49.72,4.0,0.56,0.72,"13,859,844",100221.01,4562717.76,5020186.04,242.1,3.08,1.44,3.23,55.09,51.61,-51.61,-52.16,54.0,"122,767 M"
05/14/2026,1630,ENPH,48.01,+14.31%,Information Technology,1.188,4.11,$1.11,52.93,25.775,35.81,37.44,36.34,8.0,0.65,1.0,"16,385,982",201593.01,6409988.67,6196056.13,214.05,4.62,45.66,27.52,51.55,30.11,-30.11,-30.11,51.0,"6,328 M"
05/14/2026,1630,ENR,16.70,-1.88%,Consumer Staples,.7504,0.98,$2.31,30.29,16.0,19.01,18.14,22.13,-4.0,-0.58,-0.27,"1,183,334",100647.07,1204932.72,1196959.46,49.59,-1.53,-14.71,-5.01,23.56,16.31,-16.31,21.07,55.0,"1,144 M"
05/14/2026,1630,ENVX,6.30,-13.58%,Industrials,2.194,0.29,($0.55),16.49,4.615,6.7,5.87,8.24,-1.0,-0.91,-0.46,"16,914,778",-100090.01,6100915.34,6105126.66,293.89,24.26,-5.55,-12.26,7.16,5.47,-5.47,8.01,52.0,"1,372 M"
05/14/2026,1630,ENZL,45.1155,-0.47%,,.8939,0.91,<empty>,48.24,41.6875,44.65,44.26,45.5,-3.0,-0.91,-0.58,"12,522",0.0,23503.81,36819.95,-7.39,0.59,1.11,-2.25,48.53,42.32,-42.32,46.03,NaN,72 M
05/14/2026,1630,EOG,135.99,+0.79%,Energy,.306,3.56,$7.36,151.87,101.5936,134.7,136.73,118.57,4.0,0.14,0.62,"2,771,099",-100039.39,4655808.91,5005585.78,-7.2,1.1,-3.26,2.01,152.32,118.61,152.32,-129.05,58.0,"72,432 M"
05/14/2026,1630,EPD,39.23,+2.45%,Energy,.4925,0.52,$1.37,39.735,30.01,37.99,37.8,33.72,4.0,0.25,0.59,"11,107,490",100225.01,4585715.98,4613634.45,245.9,5.12,1.37,3.51,40.33,35.54,40.33,-37.17,51.0,"84,875 M"
05/14/2026,1630,EPHE,24.80,+0.08%,,.5944,0.38,<empty>,28.4,23.17,24.77,24.92,25.47,-3.0,0.47,-0.69,"63,884",200100.47,144205.78,149858.95,45.22,0.53,2.48,-0.96,28.55,24.32,-24.32,26.05,NaN,133 M
05/14/2026,1630,EPOL,39.71,+0.35%,,1.064,0.68,<empty>,40.9399,29.03,39.1,37.54,35.19,2.0,0.58,0.4,"138,993",100040.15,499666.73,534609.47,-89.33,13.2,3.47,0.0,41.19,34.38,41.19,40.06,NaN,629 M
05/14/2026,1630,EPR,57.89,-0.48%,Real Estate,1.059,1.23,$5.71,62.08,48.105,56.71,54.78,54.13,-3.0,-0.86,-0.63,"462,760",-300635.39,860944.97,859415.0,-4.82,2.92,3.73,-1.48,62.54,48.33,-48.33,59.05,52.0,"4,429 M"
05/14/2026,1630,EPU,83.89,-0.76%,,.7875,2.48,<empty>,95.28,44.1,81.66,81.63,71.24,-1.0,0.39,-0.74,"25,946",0.0,97997.9,114733.64,-37.28,2.98,5.69,0.13,95.53,74.38,-74.38,-77.11,NaN,529 M
05/14/2026,1630,EQR,65.02,-1.23%,Real Estate,.7773,0.94,$4.27,71.8,57.57,64.5,61.92,62.44,-7.0,-0.92,-0.44,"2,717,263",-100122.03,2616940.2,2644381.39,19.75,8.26,-0.55,-1.75,67.07,58.38,67.07,67.07,56.0,"24,361 M"
05/14/2026,1630,EQRR,77.3303,+1.06%,,.9176,0.93,<empty>,77.53,57.39,75.03,71.6,65.98,2.0,0.94,0.45,"8,769",200000.32,18285.72,14323.79,-12.22,14.43,2.54,1.59,77.07,67.43,-67.43,-73.15,NaN,55 M
05/14/2026,1630,EQT,56.57,+1.14%,Energy,.5939,1.47,$6.55,68.24,48.47,57.85,60.6,56.26,2.0,0.12,0.51,"4,714,758",0.0,8153527.46,8614331.7,-41.14,-12.04,-5.84,0.21,68.33,55.05,68.33,61.13,46.0,"35,383 M"
05/14/2026,1630,ESI,43.56,-1.51%,Materials,1.267,1.6,$0.50,45.515,20.8,41.69,37.0,29.59,-3.0,-0.92,-0.53,"2,320,601",400537.12,3068092.8,3211268.76,-57.14,39.08,2.28,-3.33,45.06,29.47,-29.47,46.03,53.0,"10,612 M"
05/14/2026,1630,ESPO,90.44,-0.59%,,1.009,0.83,<empty>,122.986,86.92,91.91,91.19,104.82,2.0,-0.68,0.46,"10,727",0.0,18292.16,21024.53,25.43,-3.18,-1.89,0.17,97.19,87.32,97.19,-89.02,NaN,253 M
05/14/2026,1630,ESS,268.53,-1.25%,Real Estate,.7351,3.5,$16.77,294.09,238.46,262.65,253.91,257.59,-1.0,-0.99,-0.6,"634,068",-100223.12,472885.25,476838.95,67.36,7.8,2.02,-0.09,270.11,238.33,-238.33,-251.16,51.0,"17,256 M"
05/14/2026,1630,ET,20.36,+1.29%,Energy,.5643,0.38,$0.98,20.665,16.18,19.6,19.21,17.76,3.0,0.69,0.58,"12,901,706",500224.08,1.668232575E7,1.649906758E7,-36.52,8.64,0.84,3.82,21.07,18.62,21.07,21.07,56.0,"70,062 M"
05/14/2026,1630,ETH,21.82,+1.87%,,2.353,0.37,<empty>,45.785,17.065,22.0,21.04,29.52,1.0,-0.88,0.55,"2,313,347",100474.51,3896584.12,4833142.0,-2.62,-1.22,1.68,-1.8,23.19,17.56,23.19,-21.11,NaN,"2,089 M"
05/14/2026,1630,ETH-USD,-82.64,+5.62%,,3.937,9.33,<empty>,4.9275,-84.005,-61.26,-44.66,-25.54,-2.0,0.0,-0.05,"1,125,591",-200076.03,920631.2,889163.3,0.18,165.21,46.79,7.59,-22.68,-77.97,-23.0,-48.0,NaN,"-2,477 M"
05/14/2026,1630,ETHA,17.36,+2.00%,,2.208,0.29,<empty>,36.8,13.62,17.5,16.75,23.64,1.0,-0.88,0.55,"24,146,326",0.0,3.197754634E7,3.326906204E7,41.56,-1.42,1.64,-1.75,19.19,14.56,19.19,-17.11,NaN,"7,218 M"
05/14/2026,1630,ETHE,18.62,+1.80%,,3.271,0.31,<empty>,40.135,14.71,18.81,18.03,25.65,1.0,-0.88,0.55,"2,233,943",0.0,2821168.64,3398155.12,27.85,-1.9,1.53,-1.74,20.19,15.56,20.19,-18.11,NaN,"1,871 M"
05/14/2026,1630,ETSY,58.41,+1.76%,Consumer Discretionary,1.766,3.27,$6.75,76.515,44.0,63.13,57.07,58.81,-11.0,-0.6,-0.04,"2,482,782",200462.12,2998816.51,3461252.81,-8.19,9.92,-9.22,-2.42,71.11,44.6,71.11,71.11,52.0,"5,543 M"
05/14/2026,1630,EWA,29.28,+0.55%,,.9922,0.34,<empty>,30.4799,24.94,29.39,28.88,27.49,-3.0,-0.47,-0.35,"2,852,204",-100126.5,3942402.4,4500838.5,60.71,2.09,-0.71,-1.05,30.19,27.32,30.19,30.06,NaN,"1,329 M"
05/14/2026,1630,EWC,58.17,+0.74%,,.8658,0.4,<empty>,58.89,43.445,58.02,56.58,53.09,1.0,-0.71,0.42,"1,811,320",100214.11,2588597.43,2611972.83,11.39,4.15,-0.73,0.05,59.17,53.38,59.17,-57.11,NaN,"5,451 M"
05/14/2026,1630,EWD,50.69,-0.10%,,1.096,0.65,<empty>,54.93,42.99,51.82,50.81,49.3,1.0,-0.52,0.31,"56,174",-100022.31,168697.86,168621.54,-55.57,0.78,-1.95,-1.09,55.53,47.38,-47.38,-50.08,NaN,308 M
05/14/2026,1630,EWG,42.25,+0.21%,,.9617,0.5,<empty>,44.65,37.975,42.31,41.14,41.84,-6.0,-0.82,-0.41,"546,428",200133.32,2541812.93,2327249.26,-76.66,4.27,-0.02,-0.66,45.53,38.33,-38.33,44.06,NaN,"1,445 M"
05/14/2026,1630,EWH,24.42,-0.53%,,.3934,0.45,<empty>,24.66,18.69,23.77,23.37,22.35,-1.0,0.83,-0.73,"1,986,034",100226.32,5173123.95,5385980.72,-17.7,6.04,2.95,0.41,24.06,21.36,25.05,25.05,NaN,"1,007 M"
05/14/2026,1630,EWI,58.87,-0.07%,,.886,0.98,<empty>,59.665,45.79,58.01,55.57,53.62,-3.0,-0.81,-0.43,"404,326",200134.38,506358.39,503357.17,57.89,11.77,1.92,-0.71,60.06,50.38,60.06,60.06,NaN,653 M
05/14/2026,1630,EWJ,92.06,-1.11%,,.6926,2.09,<empty>,94.28,71.09,89.5,87.04,83.86,-1.0,0.73,-0.75,"7,047,458",300238.48,8614310.26,9425885.16,33.92,8.22,3.32,-0.22,94.62,81.38,-81.38,-86.15,NaN,"21,349 M"
05/14/2026,1630,EWJV,45.44,-0.02%,,.4777,1.07,<empty>,47.69,33.5,43.54,43.0,41.01,11.0,0.55,0.82,"94,243",200000.04,207540.06,233051.64,1.38,8.01,4.56,2.16,48.62,40.38,-40.38,-42.15,NaN,700 M
05/14/2026,1630,EWK,26.5123,+0.09%,,.6884,0.53,<empty>,27.6299,20.8707,25.93,25.21,24.46,-3.0,0.75,-0.6,"9,852",-100100.04,67964.25,58139.44,-44.82,8.17,3.5,0.35,28.6,23.38,-23.38,27.06,NaN,100 M
05/14/2026,1630,EWM,30.21,0.00%,,.487,0.42,<empty>,30.635,23.342,29.66,29.08,27.31,-5.0,-0.69,-0.68,"69,962",-200134.35,356587.75,379373.24,-51.89,3.96,2.86,0.23,30.06,28.27,31.05,31.05,NaN,378 M
05/14/2026,1630,EWN,65.67,+0.51%,,1.143,1.57,<empty>,66.19,50.56,63.66,61.05,58.7,2.0,0.93,0.51,"70,344",-100027.03,133945.1,128674.47,-18.89,10.0,4.73,0.31,66.06,55.32,-55.32,-61.11,NaN,506 M
05/14/2026,1630,EWO,39.39,-0.40%,,.8036,0.52,<empty>,40.37,27.56,39.23,37.25,34.35,-3.0,-0.76,-0.39,"14,292",100100.42,37490.06,41822.14,-83.8,14.11,0.93,-1.7,40.19,34.38,40.19,40.05,NaN,130 M
05/14/2026,1630,EWP,56.27,-0.28%,,.6738,0.67,<empty>,58.99,41.54,56.57,55.3,52.43,-3.0,-0.56,-0.4,"142,715",300124.02,568514.63,584894.32,-77.94,5.45,-0.71,-1.25,59.19,51.38,59.19,-55.08,NaN,"1,751 M"
05/14/2026,1630,EWQ,45.03,-0.24%,,.8445,0.56,<empty>,48.39,40.91,45.4,44.53,44.55,-4.0,-0.67,-0.41,"135,830",-100016.04,523159.9,498392.56,-63.0,3.56,-0.66,-1.01,48.54,42.38,-42.38,47.06,NaN,387 M
05/14/2026,1630,EWS,29.08,-1.05%,,.542,0.3,<empty>,29.6699,24.845,28.88,28.42,28.25,-1.0,0.67,-0.59,"429,786",-300018.04,917856.52,915234.8,-26.71,4.38,0.35,0.59,30.19,27.49,30.19,-28.11,NaN,814 M
05/14/2026,1630,EWUS,41.75,-0.38%,,1.037,0.51,<empty>,45.0422,38.02,42.41,41.42,41.52,-4.0,-0.62,-0.31,"3,978",0.0,4084.4,4426.5,-12.65,2.47,-0.91,-1.57,45.54,38.32,-38.32,-41.08,NaN,42 M
05/14/2026,1630,EWW,79.00,-1.58%,,.7881,1.76,<empty>,81.6499,57.282,78.26,76.27,70.73,-1.0,-0.64,-0.64,"1,764,155",100039.49,1776963.61,1934230.1,56.52,7.98,3.35,-1.52,82.53,70.38,-70.38,-75.11,NaN,"2,196 M"
05/14/2026,1630,EWY,190.52,+1.00%,,1.405,13.89,<empty>,194.58,58.19,166.72,145.26,108.15,-3.0,1.0,-0.78,"9,996,420",200875.48,2.201091613E7,2.300950846E7,-33.21,43.14,18.51,-1.21,182.06,115.31,-115.31,195.03,NaN,"23,929 M"
05/14/2026,1630,EWZ,37.13,+0.95%,,.698,0.94,<empty>,42.02,26.193816,39.43,38.54,33.76,-4.0,0.0,-0.09,"36,034,568",-100336.02,3.142411807E7,3.387956315E7,27.29,1.64,-6.47,-3.96,42.22,35.38,42.22,42.17,NaN,"10,835 M"
05/14/2026,1630,EWZS,14.30,+1.78%,,.8047,0.38,<empty>,16.46,11.72,15.16,14.81,13.99,-4.0,-0.24,-0.16,"96,508",-200431.02,558474.77,723391.62,-11.86,2.44,-5.11,-3.31,16.17,13.38,16.17,16.17,NaN,300 M
05/14/2026,1630,EXAS,104.91,0.00%,Health Care,1.418,0.41,$1.89,104.98,38.8118,103.57,103.02,74.29,6.0,0.02,0.29,<empty>,-100037.01,2640344.92,2627886.23,1111.65,2.5,1.36,0.93,104.09,101.61,-101.61,-103.15,34.0,"20,026 M"
05/14/2026,1630,EXP,202.11,+1.38%,Materials,1.368,4.58,$7.15,243.64,171.99,206.96,196.7,217.68,-6.0,-0.83,-0.38,"263,670",-100535.56,406000.89,421630.77,-14.58,7.95,-3.81,-1.38,239.58,172.38,-172.38,221.05,3.0,"6,353 M"
05/14/2026,1630,EXPD,153.61,-1.41%,Industrials,1.055,4.45,$6.83,167.19,109.9,150.23,146.47,139.38,-3.0,-0.64,-0.92,"1,078,637",0.0,1161309.66,1406478.68,39.65,7.58,3.87,-1.24,157.58,135.56,-135.56,157.03,55.0,"20,091 M"
05/14/2026,1630,EXPE,217.17,-0.17%,Consumer Discretionary,1.248,13.27,$33.16,303.8,156.05,245.99,239.92,237.64,-5.0,-0.47,-0.09,"1,318,839",100753.5,1946257.68,2423125.45,50.53,-6.17,-12.56,-1.94,280.17,185.57,280.17,280.17,58.0,"26,065 M"
05/14/2026,1630,EXR,142.19,-0.15%,Real Estate,1.206,1.77,$8.69,155.19,125.71,142.6,139.32,139.43,-2.0,-0.66,-0.5,"953,312",100032.13,1200422.64,1259222.91,-25.35,1.93,-0.8,-1.65,155.57,128.35,-128.35,-138.12,52.0,"30,039 M"
05/14/2026,1630,EYE,17.72,+4.73%,Consumer Discretionary,1.007,2.13,$0.93,30.02,14.75,22.88,24.93,25.94,-4.0,0.0,0.0,"5,372,288",100664.01,1811941.6,1688715.2,204.16,-34.27,-23.69,-18.72,30.5,22.03,30.5,26.17,56.0,"1,420 M"
05/14/2026,1630,EZA,70.48,-0.41%,,.7938,1.78,<empty>,81.755,50.3276,70.22,69.32,67.2,-3.0,-0.56,-0.59,"71,906",0.0,253407.38,279123.64,-41.18,2.03,3.31,-1.76,82.53,62.38,-62.38,73.05,NaN,754 M
05/14/2026,1630,F,14.48,+6.71%,Consumer Discretionary,1.716,0.75,$2.40,14.94,9.88,12.45,12.13,12.59,2.0,1.0,1.0,"186,894,893",200552.01,5.213480356E7,5.762758245E7,433.32,23.65,19.87,20.17,15.54,11.32,-11.32,-11.08,52.0,"57,698 M"
05/14/2026,1630,FAF,67.01,+0.22%,Financials,1.285,1.34,$8.00,71.47,53.09,68.64,64.83,64.16,-4.0,-0.73,-0.34,"582,871",-200239.39,975762.86,1020905.39,-43.35,1.3,-4.45,-2.1,71.52,56.38,-56.38,71.13,47.0,"6,828 M"
05/14/2026,1630,FANG,200.26,-0.42%,Energy,.4512,6.64,($1.65),214.51,132.2,197.13,192.2,160.45,4.0,0.41,0.39,"1,569,056",100239.46,3378084.5,3280505.9,-9.51,9.83,-2.61,2.1,215.08,164.61,215.08,215.08,55.0,"56,336 M"
05/14/2026,1630,FAST,43.98,+0.48%,Industrials,.7519,0.6,$1.01,50.63,38.9703,44.62,45.36,44.78,2.0,0.28,0.33,"4,998,402",-100137.39,7600765.89,7606791.2,22.54,-3.72,-2.11,1.57,50.24,43.03,50.24,-43.03,39.0,"50,491 M"
05/14/2026,1630,FCFS,227.53,+1.46%,Financials,.5065,5.46,$12.47,235.97,119.205,219.12,204.22,170.05,-3.0,-0.92,-0.53,"162,570",100540.3,364041.4,343776.49,-68.03,20.64,4.27,-2.35,227.15,176.56,-176.56,236.02,53.0,"9,974 M"
05/14/2026,1630,FCG,30.05,+0.87%,,.5283,0.87,<empty>,33.03,21.76,30.01,30.24,25.53,3.0,0.1,0.55,"320,967",-200133.31,1467486.14,1367457.77,-54.2,1.08,-4.3,1.59,33.32,26.61,33.32,-29.05,NaN,784 M
05/14/2026,1630,FDX,379.98,+2.78%,Industrials,1.338,11.67,$18.48,404.03,214.35,383.41,369.46,298.78,1.0,0.19,0.39,"1,448,976",-200636.09,1816490.08,1799921.04,68.7,7.84,-5.78,0.29,404.1,341.32,404.1,-354.08,26.0,"90,666 M"
05/14/2026,1630,FICO,1076.93,+1.15%,Information Technology,1.209,35.44,$36.29,2217.6,870.01,1051.2,1093.78,1452.29,-4.0,0.73,-0.66,"328,733",-500882.17,397506.11,370087.55,5.54,-7.28,5.07,-1.38,1494.49,870.16,-870.16,1134.05,52.0,"24,975 M"
05/14/2026,1630,FISV,53.46,+2.08%,Financials,.7634,3.67,$7.64,190.86,52.17,59.51,58.41,84.44,1.0,-0.82,0.02,"5,858,896",-100146.08,6283320.8,6725792.16,46.57,-7.14,-14.67,-1.71,65.17,53.33,65.17,65.17,47.0,"28,508 M"
05/14/2026,1630,FIVE,214.94,+2.36%,Consumer Discretionary,.943,9.68,$7.47,251.63,102.25,228.63,225.6,182.92,1.0,0.0,0.09,"733,933",100747.4,1162091.71,1103883.88,-41.12,1.54,-8.79,3.26,252.17,198.62,252.17,-204.02,13.0,"11,885 M"
05/14/2026,1630,FLG,13.70,0.00%,Financials,1.002,0.2,$0.44,14.92,10.38,14.11,13.51,12.66,-4.0,-0.46,-0.21,"2,761,661",-200036.15,4868649.87,5065469.47,-80.01,10.04,-1.93,-2.49,15.14,12.44,15.14,15.14,49.0,"5,710 M"
05/14/2026,1630,FLNG,31.85,+0.57%,Energy,.2042,0.52,$2.60,33.4,21.72,31.89,30.72,27.08,-2.0,-0.7,-0.19,"535,408",-100541.39,592418.41,631782.2,21.43,9.19,-1.79,-2.63,33.07,26.62,33.07,33.07,73.0,"1,723 M"
05/14/2026,1630,FLO,7.31,-5.43%,Consumer Staples,.4158,0.48,$1.51,17.32,7.22,8.54,8.48,11.34,-13.0,-0.45,-0.27,"14,862,465",-200655.01,5377116.69,5706363.89,222.65,-17.77,-19.32,-11.07,11.62,8.25,11.62,9.09,5.0,"1,549 M"
05/14/2026,1630,FLUT,93.85,-1.22%,Consumer Discretionary,1.231,5.65,$2.67,313.685,92.02,104.16,105.59,196.31,-13.0,-0.76,-0.36,"3,211,526",-100461.54,3145454.82,3773186.07,-12.85,-13.64,-13.05,-0.12,138.62,94.03,138.62,115.13,58.0,"16,268 M"
05/14/2026,1630,FND,45.77,+0.35%,Consumer Discretionary,1.608,1.85,$0.98,92.405,44.28,49.98,52.05,66.53,-4.0,-0.35,-0.36,"2,809,937",100564.1,3063046.39,2919998.7,33.34,-20.66,-5.43,-6.13,73.58,46.29,73.58,56.17,53.0,"4,947 M"
05/14/2026,1630,FNF,47.79,+0.67%,Financials,.9772,1.81,$20.19,61.4025,42.78,50.58,48.39,54.76,-14.0,-0.62,-0.04,"1,460,769",-200345.39,2061480.13,2029464.91,-32.9,-0.21,-8.62,-1.04,58.61,43.38,-43.38,-47.05,57.0,"12,863 M"
05/14/2026,1630,FORM,127.99,-1.02%,Information Technology,1.233,7.37,$0.47,159.09,26.08,141.08,117.99,69.71,-3.0,-0.26,0.0,"1,383,741",-301088.03,1820756.74,1716356.02,-18.89,41.66,-5.84,-15.46,159.14,81.47,159.14,159.14,52.0,"9,977 M"
05/14/2026,1630,FOUR,42.02,+2.81%,Financials,1.4,1.99,$5.00,108.5,39.6062,44.93,45.03,65.73,1.0,0.59,0.33,"1,284,732",202079.37,2008446.03,2305392.34,-23.44,-5.78,-5.1,1.33,60.58,40.03,60.58,-40.02,55.0,"3,333 M"
05/14/2026,1630,FOXA,65.32,-1.73%,Communication Services,.5419,1.7,$4.87,76.39,52.96,64.1,61.27,63.07,-1.0,-0.82,-0.73,"2,693,283",-200241.32,3499349.22,3805284.53,-20.46,13.58,2.88,-3.54,66.15,53.55,-53.55,68.02,56.0,"27,447 M"
05/14/2026,1630,FR,61.33,-0.86%,Real Estate,1.093,0.49,$3.48,64.66,47.36,62.37,60.71,56.68,-4.0,-0.54,-0.32,"657,549",-100347.39,947218.62,1000182.18,-44.46,0.56,-1.1,-1.68,65.17,57.38,65.17,-61.08,47.0,"8,131 M"
05/14/2026,1630,FROG,65.08,+1.40%,Information Technology,1.038,8.91,$1.28,72.06,34.05,53.01,47.74,51.32,-3.0,1.0,-0.82,"2,563,538",100668.05,2925814.84,3551096.0,92.58,51.03,40.14,-5.69,56.62,34.56,72.04,72.04,58.0,"7,882 M"
05/14/2026,1630,FRPT,49.34,+1.46%,Consumer Staples,1.72,6.92,$0.96,89.8,46.76,60.82,64.9,61.97,1.0,-0.06,0.28,"2,085,277",-401159.07,1679274.28,1683244.32,134.36,-34.54,-26.77,-0.6,86.49,50.03,86.49,69.17,54.0,"2,425 M"
05/14/2026,1630,FRT,113.82,-0.27%,Real Estate,.9616,1.95,$6.02,117.22,89.99,113.29,109.15,102.13,-6.0,-0.86,-0.4,"699,032",200316.1,853219.16,886999.46,46.69,7.02,2.63,-1.39,117.06,102.35,117.06,117.06,56.0,"9,833 M"
05/14/2026,1630,FSLY,17.68,-3.44%,Information Technology,.5302,4.75,$0.28,34.82,6.29,24.33,25.51,13.8,-6.0,0.0,-0.12,"11,127,520",0.0,1.317735153E7,1.591648999E7,55.56,-22.42,-29.99,-9.7,35.26,16.62,35.26,33.07,57.0,"2,767 M"
05/14/2026,1630,FTNT,121.86,+3.54%,Information Technology,.9926,14.21,$3.24,121.97,70.12,94.6,86.92,83.19,10.0,1.0,1.0,"5,780,967",100350.06,6091440.04,6249937.0,0.05,44.23,44.54,5.56,90.07,74.56,-74.56,-82.15,57.0,"89,281 M"
05/14/2026,1630,FTV,58.92,-0.84%,Industrials,1.075,0.93,$2.98,62.805,46.34,60.57,58.09,53.56,-5.0,-0.48,-0.18,"3,450,007",0.0,3178470.84,3370720.58,21.04,9.6,-1.46,-2.3,63.1,53.32,63.1,63.1,52.0,"17,962 M"
05/14/2026,1630,FTWO,45.6439,-0.85%,,.7955,0.52,<empty>,49.658,32.76,45.81,46.04,42.13,-2.0,-0.22,-0.68,"4,696",-100000.31,14240.56,15085.46,-74.26,-1.58,-0.97,-1.95,50.52,44.38,-44.38,47.03,NaN,79 M
05/14/2026,1630,FUTU,141.51,-0.86%,Financials,.3967,8.61,$37.57,199.9299,97.9,153.94,147.54,162.24,2.0,-0.28,0.17,"4,134,264",200174.01,1611299.09,1599759.53,270.67,-3.37,-8.41,1.18,169.19,128.32,169.19,-135.02,9.0,"19,839 M"
05/14/2026,1630,FUTY,58.05,+0.54%,,.6367,0.87,<empty>,61.51,51.05,59.02,59.36,57.33,1.0,-0.13,0.31,"327,920",200218.16,380997.32,365840.71,40.31,-4.46,-3.89,-0.57,62.53,57.38,-57.38,61.09,NaN,"2,374 M"
05/14/2026,1630,FWONK,91.17,-0.75%,Communication Services,.6688,2.94,$2.95,109.3626,80.15,89.19,87.11,94.03,-3.0,-0.98,-0.68,"1,699,197",100034.15,2100853.34,2201460.53,-59.5,4.56,6.07,-1.71,93.53,80.33,96.04,96.04,57.0,"22,848 M"
05/14/2026,1630,FWRG,10.76,-0.19%,Consumer Discretionary,1.041,0.79,($0.17),19.53,10.09,12.43,11.97,15.51,-16.0,-0.59,-0.27,"1,637,775",100165.56,1596946.08,1772840.76,119.76,-9.81,-17.99,-7.88,16.6,10.32,-10.32,14.15,55.0,663 M
05/14/2026,1630,FXA,71.49,-0.46%,,.3877,0.35,<empty>,72.02,63.2808,71.24,70.23,67.02,-3.0,-0.61,-0.46,"16,584",-100008.34,20640.65,20903.78,69.63,2.07,0.2,-0.38,72.06,68.32,-68.32,-70.11,NaN,107 M
05/14/2026,1630,FXB,128.815,-0.94%,,.2819,0.54,<empty>,133.11,125.02,130.15,129.18,129.05,-3.0,-0.52,-0.22,"106,996",-100106.01,35626.13,29899.33,161.74,0.52,-1.58,-1.62,131.62,127.31,-127.31,131.03,NaN,97 M
05/14/2026,1630,FXC,71.20,-0.13%,,.2212,0.22,<empty>,72.469,69.08,71.52,71.21,70.76,-9.0,-0.56,-0.27,"11,701",100007.57,39485.82,49985.78,-32.32,-0.36,-1.03,-0.32,72.46,70.31,-70.31,72.09,NaN,75 M
05/14/2026,1630,FXE,107.70,-0.31%,,.1777,0.3,<empty>,111.535,102.735,108.19,107.49,107.76,-3.0,-0.63,-0.35,"31,722",-400006.18,225563.61,220125.19,-84.71,1.43,-0.54,-0.9,110.62,105.43,-105.43,109.03,NaN,415 M
05/14/2026,1630,FXF,112.57,-0.23%,,.1995,0.56,<empty>,116.2999,105.59,112.74,112.26,111.57,-4.0,-0.54,-0.36,"75,012",0.0,84528.41,104441.57,-58.83,0.36,-0.31,-0.73,115.62,110.31,-110.31,114.04,NaN,490 M
05/14/2026,1630,FXI,37.24,-2.67%,,.3105,0.54,<empty>,42.0,34.77,37.03,36.42,38.61,-1.0,-0.99,-0.65,"54,294,168",100327.02,3.076517208E7,3.198127287E7,170.42,0.98,1.22,-0.61,39.57,35.33,-35.33,-36.12,NaN,"6,122 M"
05/14/2026,1630,FXY,58.00,-0.29%,,.2073,0.44,<empty>,64.72,57.225,58.03,57.86,59.64,-6.0,-0.8,-0.39,"307,706",200010.09,199363.27,193436.04,79.63,0.45,-1.07,-0.72,60.62,57.11,-57.11,59.06,NaN,438 M
05/14/2026,1630,FYBR,38.49,0.00%,Communication Services,.9018,0.13,($5.68),38.5,36.04,38.18,38.03,37.09,4.0,0.57,0.8,<empty>,300009.01,3493880.5,3089356.02,793.29,1.8,1.1,0.68,38.18,37.6,-37.6,-38.17,22.0,"9,636 M"
05/14/2026,1630,GAP,21.23,+1.00%,Consumer Discretionary,1.966,1.38,$2.21,29.36,18.685,24.24,24.46,24.42,1.0,-0.08,0.22,"5,093,315",-300352.33,8040391.07,7788146.25,-18.13,-9.04,-13.66,-2.35,29.58,22.03,29.58,28.17,9.0,"7,756 M"
05/14/2026,1630,GD,340.62,-0.22%,Industrials,.3358,11.59,$22.98,369.7,268.1,335.7,343.82,340.4,-6.0,-0.66,-0.63,"960,374",100025.12,1423167.69,1393018.63,-26.19,-3.88,-1.07,-0.99,367.5,307.12,-307.12,354.08,47.0,"92,114 M"
05/14/2026,1630,GDAXI:DE,24456.26,+1.32%,,<empty>,274.0,<empty>,25507.79,21863.81,24279.28,23727.21,24117.7,1.0,0.75,0.43,<empty>,NaN,NaN,NaN,NaN,3.67,2.09,0.44,25406.51,21864.35,-21864.35,25153.06,NaN,0
05/14/2026,1630,GDX,93.95,-2.37%,,.6579,4.15,<empty>,117.175,45.245,92.57,93.26,83.96,-1.0,0.48,-0.78,"14,362,745",200259.38,2.451262074E7,2.495273338E7,-15.35,-0.46,6.41,-3.74,117.52,79.38,-79.38,99.03,NaN,"28,631 M"
05/14/2026,1630,GDXJ,125.67,-2.54%,,.8521,6.07,<empty>,157.49,57.46,122.67,123.02,109.97,-1.0,0.51,-0.81,"4,713,524",-100266.52,5323081.09,5387816.52,64.69,-0.14,8.02,-2.96,157.52,103.38,-103.38,131.03,NaN,"9,317 M"
05/14/2026,1630,GE,291.54,-1.08%,Industrials,1.368,7.43,$7.07,348.48,223.45,291.44,297.42,299.56,-3.0,-0.52,-0.64,"4,684,703",-300440.17,6142443.76,5919417.96,-51.57,-4.1,0.56,-3.07,348.55,269.16,-269.16,310.05,43.0,"304,175 M"
05/14/2026,1630,GEL,16.10,+2.29%,Energy,.7207,0.54,($0.05),18.64,14.55,16.69,17.32,16.63,1.0,0.01,0.1,"286,549",100340.18,301691.0,294619.43,-0.45,-8.57,-7.42,1.96,19.49,16.03,19.49,18.17,53.0,"1,972 M"
05/14/2026,1630,GII,76.28,+0.36%,,.6316,0.6,<empty>,78.95,65.28,76.53,76.4,72.25,1.0,-0.08,0.45,"46,121",200019.02,96179.44,84378.0,-8.94,-0.12,-2.02,-0.33,79.53,74.38,-74.38,78.09,NaN,973 M
05/14/2026,1630,GIL,57.11,+0.74%,Consumer Discretionary,1.061,1.8,<empty>,73.695,46.0,59.05,58.33,59.76,-6.0,-0.51,-0.48,"782,342",100140.48,1270066.94,1338260.48,-17.98,-2.63,-7.87,-0.99,74.62,53.32,-53.32,63.09,53.0,"10,576 M"
05/14/2026,1630,GIS,33.13,-1.43%,Consumer Staples,-.0373,0.65,$3.05,55.35,33.07,34.73,36.63,44.84,-5.0,-0.47,-0.56,"10,726,571",-200137.39,9635671.24,9236397.89,69.14,-15.01,-6.17,-1.98,49.62,33.03,49.62,36.05,27.0,"17,681 M"
05/14/2026,1630,GK,29.2917,+1.11%,Industrials,1.392,0.86,<empty>,29.31,21.5732,27.52,25.76,25.74,1.0,1.0,0.61,"1,701",100020.43,974.48,1077.91,4.83,17.98,7.36,1.68,29.06,23.32,-23.32,-26.17,NaN,31 M
05/14/2026,1630,GLASF,9.9194,+9.68%,Consumer Staples,.6011,0.36,($0.29),10.63,4.55,9.5,8.61,7.95,1.0,0.62,0.21,"473,306",-100800.16,227889.72,215647.31,-26.78,30.52,3.01,6.09,11.13,7.48,11.13,11.13,62.0,834 M
05/14/2026,1630,GLBE,27.94,+1.45%,Consumer Discretionary,1.543,1.51,$1.65,41.94,26.845,31.32,32.0,35.01,-5.0,-0.31,-0.17,"2,132,301",0.0,1327382.36,1655156.28,168.24,-19.2,-10.93,-6.59,38.58,28.32,38.58,34.17,61.0,"4,693 M"
05/14/2026,1630,GLD,427.21,-0.76%,,.1685,6.35,<empty>,509.7,291.78,429.39,435.36,396.87,-2.0,-0.36,-0.64,"3,991,160",0.0,1.016774193E7,1.111519424E7,-32.63,-7.21,0.84,-1.71,492.52,399.36,-399.36,-413.08,NaN,"155,547 M"
05/14/2026,1630,GLIN,45.30,+1.36%,,.7104,0.65,<empty>,48.39,38.705,45.4,43.71,45.19,1.0,-0.75,0.19,"11,194",200116.52,40103.03,115697.37,5.82,6.61,0.0,0.99,47.19,39.32,47.19,-44.02,NaN,99 M
05/14/2026,1630,GM,77.75,+2.56%,Consumer Discretionary,1.296,1.25,$15.77,87.62,46.815,77.79,76.1,71.34,1.0,0.39,0.43,"8,033,467",100139.13,7053070.16,7280893.3,31.19,6.58,1.12,3.27,84.6,72.27,-72.27,-75.12,46.0,"70,104 M"
05/14/2026,1630,GME,21.61,-2.13%,Consumer Discretionary,1.755,1.33,$1.33,35.81,19.93,24.34,23.81,23.23,-6.0,-0.28,0.0,"5,640,406",100474.08,8076690.07,7364613.24,9.55,-7.17,-13.39,-6.73,27.09,22.33,27.09,27.09,17.0,"9,689 M"
05/14/2026,1630,GO,7.67,-0.90%,Consumer Staples,.6766,0.18,$0.02,19.41,5.655,7.9,7.14,11.62,-4.0,-0.94,-0.6,"11,515,823",-201677.01,4341332.12,3964351.56,332.44,26.78,-3.03,-2.29,11.59,6.47,-6.47,-8.0,56.0,759 M
05/14/2026,1630,GOLF,86.04,+1.76%,Consumer Discretionary,.8349,4.67,$1.48,104.81,67.14,93.62,94.18,86.57,1.0,0.0,0.07,"269,277",-200627.07,353215.28,356626.19,23.34,-8.89,-11.13,-1.88,104.57,85.06,104.57,100.15,57.0,"5,038 M"
05/14/2026,1630,GOOG,397.17,-0.47%,Communication Services,1.081,18.16,$5.33,399.93,163.33,367.49,328.94,290.27,-6.0,-0.96,-0.57,"13,794,014",100335.11,1.88205457E7,1.948529108E7,-24.46,30.47,3.99,2.69,396.06,272.32,-272.32,-330.17,48.0,"4,811,891 M"
05/14/2026,1630,GOOGL,401.07,-0.38%,Communication Services,1.082,18.57,$5.33,403.7,162.0,370.14,330.82,290.3,-6.0,-0.96,-0.58,"21,118,343",100335.11,2.798756532E7,2.969236831E7,-20.09,31.26,4.23,3.2,400.06,272.32,-272.32,-331.17,48.0,"4,859,141 M"
05/14/2026,1630,GOOS,9.89,-7.40%,Consumer Discretionary,1.665,0.54,$1.40,15.425,8.86,11.48,11.18,12.48,-4.0,-0.41,0.0,"1,627,864",-101143.01,416475.22,452043.76,376.6,-8.43,-13.09,-10.98,13.58,10.32,13.58,12.17,0.0,961 M
05/14/2026,1630,GPI,334.33,+2.00%,Consumer Discretionary,.8422,9.17,$30.78,488.39,292.44,344.15,331.17,389.69,-4.0,-0.79,-0.35,"138,695",200143.39,165321.37,163855.32,41.18,11.5,-6.32,-4.09,374.09,292.4,374.09,374.09,48.0,"3,978 M"
05/14/2026,1630,GPN,67.33,+0.48%,Financials,.7482,1.66,$4.27,90.635,62.45,69.87,69.45,77.65,-9.0,-0.66,-0.31,"2,168,232",0.0,3303199.77,3642921.93,42.7,-1.06,-6.43,-2.09,83.58,62.27,-62.27,75.17,56.0,"18,418 M"
05/14/2026,1630,GRID,197.33,+0.04%,,1.265,4.7,<empty>,199.99,127.1,190.15,177.22,160.32,-3.0,-0.96,-0.5,"501,620",100024.15,698457.1,672305.91,-76.38,17.71,3.32,-1.24,198.06,157.32,-157.32,200.03,NaN,"11,070 M"
05/14/2026,1630,GRMN,234.43,+1.04%,Consumer Discretionary,.9374,7.19,$7.54,273.32,186.67,249.14,245.11,228.25,1.0,-0.37,0.18,"614,920",0.0,774010.21,909995.34,-19.21,-0.17,-6.65,-3.28,273.19,204.62,273.19,270.17,52.0,"45,211 M"
05/14/2026,1630,GRNY,27.25,+1.04%,,1.292,0.31,<empty>,27.28,20.26,26.66,25.35,24.93,1.0,0.93,0.47,"1,331,104",0.0,2113777.37,2258485.26,21.19,11.59,2.17,0.22,27.06,23.32,-23.32,-26.11,NaN,"4,454 M"
05/14/2026,1630,GS,968.96,+1.42%,Financials,1.264,17.42,($135.91),984.7,582.5,932.09,878.94,841.23,5.0,0.84,0.52,"1,897,096",100232.24,2089950.02,2202301.13,50.17,21.92,4.89,2.55,952.17,781.43,-781.43,-899.08,41.0,"285,850 M"
05/14/2026,1630,GSG,33.96,-0.50%,,.0714,0.65,<empty>,34.74,21.03,33.15,31.97,25.57,-1.0,-0.45,-0.42,"592,301",100239.06,1726082.71,1508569.07,-56.61,11.02,-1.25,0.8,35.08,24.61,35.08,35.08,NaN,"1,058 M"
05/14/2026,1630,GTBIF,7.38,-2.12%,Health Care,1.226,0.27,$0.97,10.43,4.8,7.7,7.0,7.36,-6.0,-0.69,-0.17,"530,436",-200100.35,658648.54,653071.17,-56.35,13.36,-9.45,-8.09,9.15,6.32,9.15,9.15,57.0,"1,616 M"
05/14/2026,1630,GTLB,22.60,+2.49%,Information Technology,.8657,1.54,$1.33,53.82,18.73,23.04,22.46,36.33,-4.0,-0.87,-0.48,"4,056,429",-101171.27,6128163.89,6520883.32,-34.84,0.13,2.08,-11.86,30.62,19.24,-19.24,26.03,17.0,"3,816 M"
05/14/2026,1630,GTM,3.90,-1.52%,Communication Services,.9754,1.0,$1.19,12.51,3.76,5.94,5.94,8.83,-7.0,-0.49,0.0,"16,903,336",200174.03,1.098990762E7,1.092533442E7,131.91,-32.53,-37.6,-35.43,7.6,5.24,7.05,7.05,55.0,"1,149 M"
05/14/2026,1630,GVAL,35.2338,-0.05%,,.6422,0.34,<empty>,36.44,25.89,35.37,34.25,31.86,-3.0,-0.52,-0.43,"100,641",-100000.1,287699.35,288993.96,-68.15,7.16,-0.05,-1.06,36.19,32.38,36.19,-35.11,NaN,447 M
05/14/2026,1630,GVIP,175.8375,+0.52%,,1.086,4.26,<empty>,177.27,127.31,169.46,158.35,153.78,-3.0,-0.99,-0.4,"2,556",200011.08,15269.32,14524.48,-65.4,16.78,5.24,-0.19,175.06,139.32,-139.32,177.03,NaN,563 M
05/14/2026,1630,GVZ:CGI,25.79,-2.90%,,-1.503,0.69,<empty>,48.68,14.47,27.07,31.71,25.74,-2.0,0.14,-0.44,<empty>,NaN,NaN,NaN,NaN,-15.61,-3.19,-6.15,46.33,25.13,-25.13,-25.13,NaN,0
05/14/2026,1630,H,169.98,+1.63%,Consumer Discretionary,1.291,3.62,$1.19,180.53,124.82,166.2,155.92,153.63,1.0,0.8,0.43,"768,186",100545.48,798715.27,866852.7,19.43,20.27,1.44,2.92,176.19,138.31,176.19,-157.11,57.0,"16,006 M"
05/14/2026,1630,HACK,87.60,+2.88%,,.803,2.62,<empty>,89.59,69.66,81.83,78.62,81.62,1.0,1.0,0.84,"173,224",100438.24,120928.28,124629.34,147.45,13.96,10.54,2.64,84.07,70.56,-70.56,-77.15,NaN,"2,177 M"
05/14/2026,1630,HAL,41.29,+0.66%,Energy,.7597,0.9,$1.98,42.46,19.38,40.26,38.33,30.01,3.0,-0.5,0.33,"6,823,613",-100245.39,1.530235409E7,1.454126117E7,-52.49,20.87,-2.39,2.56,42.09,33.61,42.09,42.09,46.0,"34,494 M"
05/14/2026,1630,HBB,18.86,+6.07%,Consumer Discretionary,1,0.98,$0.59,21.84,12.72,20.17,18.87,16.68,1.0,-0.36,0.03,"18,810",100310.11,22615.62,22963.27,99.84,15.21,-9.37,-1.36,22.1,16.43,22.1,22.1,57.0,255 M
05/14/2026,1630,HBDC,24.65,-0.20%,,.0772,0.04,<empty>,27.74,23.16,24.73,24.61,24.99,-1.0,-0.77,-0.38,"17,293",-100000.57,7100.97,23082.55,545.95,0.76,-0.08,-0.22,25.62,24.32,-24.32,-25.07,NaN,84 M
05/14/2026,1630,HCA,432.70,+1.21%,Health Care,1.182,4.79,$34.38,556.52,330.0,443.05,477.95,460.91,11.0,0.1,0.67,"933,364",-100231.04,1124906.02,1125582.73,-71.89,-17.61,-0.4,1.48,557.44,421.03,557.44,-421.03,49.0,"95,990 M"
05/14/2026,1630,HD,304.35,+0.59%,Consumer Discretionary,.9795,8.91,$12.74,426.75,299.27,325.82,332.12,368.18,-4.0,-0.23,-0.25,"5,071,591",100135.08,4152616.59,4130261.96,55.77,-11.16,-7.44,-2.26,394.56,310.03,394.56,354.17,3.0,"303,141 M"
05/14/2026,1630,HELE,23.43,+4.60%,Consumer Discretionary,1.219,0.89,$5.73,33.734,13.85,23.07,18.72,20.28,-5.0,-0.8,-0.01,"674,450",-200168.15,675979.87,654549.68,-64.44,48.48,1.21,-3.66,26.06,14.33,27.05,27.05,37.0,545 M
05/14/2026,1630,HII,336.95,+0.82%,Industrials,.273,19.34,$20.15,460.0,215.045,351.55,383.58,341.8,4.0,0.08,0.51,"389,749",-200441.08,524811.56,521286.62,-29.94,-19.12,-7.51,6.04,460.52,311.06,-311.06,-311.06,53.0,"13,277 M"
05/14/2026,1630,HIMS,24.24,+0.41%,Health Care,2.137,1.58,$0.27,70.43,13.74,27.62,23.98,36.05,-3.0,-0.72,-0.17,"18,259,533",101309.46,3.731051833E7,3.594991357E7,-58.0,-2.57,-10.78,-16.82,32.18,14.56,32.18,31.15,60.0,"5,611 M"
05/14/2026,1630,HLN,8.91,-1.22%,Health Care,.1969,0.17,<empty>,11.42,8.71,9.32,9.73,9.78,-1.0,0.0,-0.6,"6,690,282",-100130.05,8617065.27,8836120.56,17.43,-14.82,-3.57,-0.78,11.6,9.03,11.6,10.17,53.0,"39,501 M"
05/14/2026,1630,HLT,316.52,+1.64%,,1.051,5.66,$9.08,344.75,241.45,324.02,313.12,288.77,1.0,-0.19,0.23,"1,185,714",-100231.12,1730841.86,1774817.51,-21.49,6.93,-2.33,0.31,345.19,290.44,345.19,-308.08,52.0,"72,055 M"
05/14/2026,1630,HOOD,80.70,+5.15%,Financials,2.155,3.44,$3.33,153.8599,57.68,80.57,76.54,105.39,1.0,0.76,0.51,"27,920,812",-100267.12,2.957250017E7,2.989217194E7,33.76,7.16,10.71,-0.1,93.19,64.32,93.19,-70.11,52.0,"72,671 M"
05/14/2026,1630,HPP,11.77,+1.47%,Real Estate,1.816,1.12,$1.67,21.7,5.26,9.73,7.6,12.58,-2.0,1.0,-0.79,"926,795",0.0,1226819.84,1358690.18,3.63,86.23,27.8,3.88,11.06,5.29,12.04,12.04,55.0,638 M
05/14/2026,1630,HQY,82.32,+0.17%,Health Care,.1732,1.11,$4.74,116.65,72.76,82.69,81.75,88.75,2.0,-0.61,0.55,"783,477",100050.41,955336.01,949454.45,-1.61,4.64,0.35,0.82,88.17,73.61,88.17,-77.15,9.0,"6,954 M"
05/14/2026,1630,HSI:HK,26389.04,0.00%,,<empty>,245.22,<empty>,28056.1,22668.35,26199.07,25786.71,25980.66,-4.0,-0.73,-0.61,<empty>,NaN,NaN,NaN,NaN,1.65,1.06,-0.07,27398.59,24204.33,-24204.33,-25639.12,NaN,0
05/14/2026,1630,HSY,190.32,-2.73%,Consumer Staples,.0819,3.5,$9.12,239.48,150.04,188.51,202.06,193.53,-1.0,0.22,-0.68,"1,592,008",-100136.39,1933302.82,1925282.88,-0.98,-13.53,2.47,0.58,239.52,180.09,-180.09,-180.09,53.0,"38,605 M"
05/14/2026,1630,HTZ,5.83,-1.19%,Industrials,2.096,0.26,($3.72),8.44,3.775,6.22,5.44,5.49,-1.0,-0.34,-0.25,"5,308,155",-200336.11,1.147359004E7,1.053551564E7,-51.85,46.85,-8.33,-5.82,8.18,4.39,8.18,-5.11,57.0,"1,841 M"
05/14/2026,1630,HUBS,183.46,+2.49%,Information Technology,1.232,24.82,$11.56,669.46,173.25,219.83,235.2,358.36,-7.0,-0.66,-0.2,"2,282,180",100671.05,1624278.94,1803466.52,160.96,-30.65,-17.27,-4.12,297.49,181.04,297.49,255.08,57.0,"9,396 M"
05/14/2026,1630,HUM,301.35,-1.15%,Health Care,.6563,27.05,$10.57,315.3482,163.11,243.43,204.89,242.22,-1.0,1.0,-1.0,"2,036,938",0.0,1845490.57,1857375.37,101.31,77.28,27.45,9.88,252.06,163.38,-163.38,-212.14,52.0,"36,181 M"
05/14/2026,1630,HYG,79.85,-0.08%,,.4038,0.22,<empty>,81.36,78.565,80.2,79.88,80.51,2.0,-0.61,0.25,"27,235,555",100109.32,5.337325818E7,5.276647967E7,-19.01,0.5,-0.66,-0.16,81.57,79.33,-79.33,-80.08,NaN,"16,729 M"
05/14/2026,1630,HYLS,40.98,+0.10%,,.4014,0.06,<empty>,42.4036,40.01,41.0,40.88,41.58,1.0,-0.81,0.32,"138,777",-200000.28,305691.62,284216.89,-26.03,0.34,0.05,0.0,42.15,40.32,42.15,42.15,NaN,"1,645 M"
05/14/2026,1630,IAK,131.20,+0.85%,,.5587,0.85,<empty>,138.66,124.62,131.85,130.7,132.14,1.0,0.54,0.43,"39,716",200024.38,58223.89,66503.24,-60.02,-0.38,-0.85,0.51,138.52,125.33,-125.33,-130.04,NaN,361 M
05/14/2026,1630,IBB,171.33,-0.76%,,.7444,2.16,<empty>,179.64,116.49,171.05,169.25,161.2,-1.0,0.41,-0.51,"1,595,582",0.0,1505315.59,1546484.52,7.37,2.51,1.57,0.78,178.55,160.36,-160.36,-164.11,NaN,"8,044 M"
05/14/2026,1630,IBIT,46.17,+2.33%,,.7148,1.22,<empty>,71.82,35.3,44.61,41.87,52.35,-3.0,0.98,-0.66,"44,541,473",0.0,4.534216582E7,4.975041321E7,55.54,10.09,6.58,-0.65,47.06,36.56,-36.56,47.03,NaN,"66,863 M"
05/14/2026,1630,IDX,12.38,+0.41%,,.3844,0.31,<empty>,17.55,12.28,13.31,13.64,15.64,-5.0,-0.34,-0.32,"49,797",-100000.02,41513.55,42383.99,221.21,-7.89,-4.99,-2.67,16.57,13.03,16.57,14.17,NaN,27 M
05/14/2026,1630,IDXX,532.86,+0.79%,Health Care,1.583,16.76,$13.35,769.98,496.61,561.84,572.73,641.64,-5.0,-0.2,-0.32,"786,073",100041.32,558557.22,548574.04,31.4,-9.13,-4.98,0.16,666.54,525.03,666.54,593.17,54.0,"42,034 M"
05/14/2026,1630,IEF,94.26,-0.06%,,.2645,0.33,<empty>,98.045,93.03,94.99,95.32,96.18,-4.0,-0.22,-0.4,"5,164,907",200010.37,9628400.54,9828416.98,-5.92,-1.83,-0.76,-0.4,98.53,94.08,98.53,96.17,NaN,"47,479 M"
05/14/2026,1630,IFF,76.09,-1.79%,Materials,1,4.6,$1.55,84.45,59.14,74.08,72.32,68.89,-4.0,-0.7,-0.78,"1,606,612",100334.07,1769927.51,1810386.28,61.25,8.56,8.39,-3.38,84.61,65.39,-65.39,84.06,56.0,"19,426 M"
05/14/2026,1630,IGLB,49.53,+0.04%,,.6335,0.19,<empty>,52.5999,47.36,49.82,49.77,50.72,-3.0,-0.58,-0.56,"730,496",-200112.44,1906468.67,1903300.12,-38.01,0.2,-0.16,-0.46,52.53,49.33,-49.33,-49.08,NaN,"2,680 M"
05/14/2026,1630,IGSB,52.35,-0.06%,,.1234,0.1,<empty>,53.25,52.115,52.52,52.53,52.84,-1.0,-0.47,-0.47,"1,692,095",100003.11,3906423.07,3668712.7,-55.11,-0.38,-0.46,-0.13,53.53,52.33,-52.33,-52.08,NaN,"21,969 M"
05/14/2026,1630,IIGD,24.56,-0.02%,,.1439,0.03,<empty>,25.08,24.34,24.61,24.64,24.8,-4.0,-0.56,-0.5,"9,826",100000.02,7116.13,6481.71,153.16,-0.49,-0.06,-0.13,25.62,24.33,-24.33,-25.08,NaN,31 M
05/14/2026,1630,IJT,161.45,+0.60%,,1.07,1.8,<empty>,164.8499,125.24,161.03,152.66,145.61,-6.0,-0.81,-0.25,"401,906",100016.01,124793.18,120303.62,165.53,11.95,-0.02,-0.95,165.06,139.32,165.06,165.06,NaN,"7,322 M"
05/14/2026,1630,ILMN,143.24,-1.21%,Health Care,1.493,7.72,$6.35,155.529,78.55,134.98,128.68,119.78,-2.0,0.88,-0.85,"2,007,658",100545.54,1547187.04,1732348.92,126.44,20.09,13.02,0.51,143.06,114.61,-114.61,-119.11,53.0,"21,672 M"
05/14/2026,1630,INDA,48.36,+0.79%,,.4595,0.71,<empty>,56.01,45.2118,49.33,48.65,52.1,1.0,-0.7,0.18,"7,165,905",100120.52,8932394.24,8924691.59,3.23,-0.41,-2.14,-0.12,53.6,45.32,-45.32,-47.02,NaN,"6,753 M"
05/14/2026,1630,INDY,42.69,+1.11%,,.4573,0.62,<empty>,54.87,40.8201,43.59,43.46,48.99,1.0,-0.63,0.42,"86,493",-100042.03,159680.79,158089.24,0.17,-2.62,-2.33,0.35,48.58,41.32,-41.32,-42.02,NaN,574 M
05/14/2026,1630,INFL,53.14,-0.64%,,.7146,0.38,<empty>,55.17,40.94,53.1,52.64,47.18,-1.0,-0.23,-0.55,"1,753,296",-100020.01,280799.11,278461.46,1186.58,1.53,-0.19,-0.39,55.52,50.61,55.52,54.02,NaN,"1,590 M"
05/14/2026,1630,INMD,14.05,+0.07%,Health Care,2.019,0.26,$1.35,16.74,12.72,14.21,13.85,14.45,3.0,0.52,0.26,"978,763",200129.07,902403.09,911660.88,142.21,4.62,-2.9,2.03,15.58,13.44,-13.44,-13.06,53.0,854 M
05/14/2026,1630,INTC,115.93,-3.62%,Information Technology,1.941,14.11,($0.66),132.75,18.965,95.56,68.24,44.35,-3.0,-0.96,-0.48,"117,789,620",501299.05,1.2174462296E8,1.1193135834E8,-58.14,153.34,22.7,-10.44,114.06,41.32,-41.32,133.03,48.0,"582,664 M"
05/14/2026,1630,INVH,28.48,+0.07%,Real Estate,.8405,0.43,$1.96,34.58,24.25,28.06,26.47,27.79,-10.0,-0.89,-0.28,"5,996,651",0.0,6193271.99,6376046.78,41.59,13.42,-1.01,-1.52,29.1,24.38,29.1,29.1,52.0,"16,918 M"
05/14/2026,1630,IONQ,57.47,+4.00%,Information Technology,2.929,5.2,($1.35),84.64,25.89,48.17,38.66,46.92,1.0,1.0,0.6,"26,335,725",300118.21,2.853891101E7,2.754192705E7,27.4,72.63,27.37,1.02,53.06,26.32,-26.32,59.02,57.0,"21,452 M"
05/14/2026,1630,IPO,50.48,+1.43%,,1.331,1.21,<empty>,54.68,39.305,49.53,45.89,47.18,1.0,-0.84,0.32,"33,689",-300336.18,24047.28,24140.69,102.09,14.86,4.15,1.57,52.06,39.32,52.06,52.06,NaN,146 M
05/14/2026,1630,IRM,127.75,+1.29%,Real Estate,1.218,6.42,($2.64),134.09,77.77,122.83,112.57,99.47,-6.0,-0.92,-0.49,"1,051,430",100839.11,1565049.12,1735163.9,-35.99,18.82,1.4,-1.7,134.06,97.32,134.06,134.06,56.0,"38,009 M"
05/14/2026,1630,IRT,16.25,-0.25%,Real Estate,.9994,0.16,$0.59,19.61,14.6,16.2,15.78,16.58,-8.0,-0.92,-0.38,"1,985,669",100350.57,2351787.77,2660253.94,-7.65,3.37,-0.37,-1.22,17.54,15.29,-15.29,17.06,52.0,"3,830 M"
05/14/2026,1630,ITA,224.46,-0.55%,,.7307,4.58,<empty>,250.65,167.78,221.09,225.78,216.85,-1.0,0.37,-0.83,"614,297",-100228.45,1205004.88,1180266.33,-57.21,-3.59,2.7,-0.68,251.52,209.32,-209.32,-212.11,NaN,"13,827 M"
05/14/2026,1630,ITB,89.44,+0.53%,,1.299,3.01,<empty>,118.0,87.02,95.37,93.91,102.07,1.0,-0.42,0.31,"919,190",0.0,2334802.55,2345751.32,-40.19,-5.13,-7.18,-2.24,115.62,88.38,-88.38,103.17,NaN,"2,370 M"
05/14/2026,1630,ITW,250.77,+0.27%,Industrials,1.044,6.37,$9.44,303.155,238.82,261.21,264.21,261.0,3.0,-0.07,0.39,"811,162",200329.11,1276197.95,1318371.01,-30.57,-6.65,-2.81,-0.52,302.62,247.1,-247.1,-247.1,52.0,"72,147 M"
05/14/2026,1630,IVOL,18.04,-0.33%,,.0295,0.14,<empty>,20.255,18.03,18.35,18.54,19.11,-6.0,0.0,-0.06,"193,503",-100135.27,328791.95,290259.01,104.84,-4.09,-1.69,-0.66,19.53,18.03,19.53,19.13,NaN,334 M
05/14/2026,1630,IWC,186.88,+0.11%,,1.104,4.14,<empty>,189.5,115.75,182.22,171.22,158.95,-3.0,-0.97,-0.37,"184,881",-200325.06,141154.37,130892.79,-16.85,15.14,4.33,-0.18,188.06,153.32,-153.32,190.03,NaN,"1,411 M"
05/14/2026,1630,IWF,125.89,+1.27%,,.1444,2.2,<empty>,126.045,97.075,120.83,114.34,115.59,1.0,1.0,0.46,"3,823,620",-100128.45,9406354.98,1.112701664E7,-13.58,13.53,5.55,1.92,123.06,102.32,-102.32,-117.15,NaN,"130,837 M"
05/14/2026,1630,IWM,284.45,+0.63%,,1.116,4.21,<empty>,287.58,199.65,279.27,263.42,250.77,-6.0,-0.93,-0.32,"17,362,626",100034.38,3.830127393E7,3.896409388E7,-19.5,14.27,2.33,-0.31,287.06,239.32,288.05,288.05,NaN,"78,921 M"
05/14/2026,1630,IWN,209.98,+0.35%,,1.032,2.18,<empty>,213.19,146.9,208.23,198.41,185.8,-4.0,-0.87,-0.36,"929,341",100226.3,825516.38,783543.41,10.65,11.61,1.07,-0.58,213.06,182.38,213.05,213.05,NaN,"13,680 M"
05/14/2026,1630,IWO,372.24,+0.80%,,1.195,7.17,<empty>,375.695,262.24,362.43,338.59,327.45,-3.0,-0.96,-0.36,"253,026",0.0,453510.32,454759.91,-10.09,16.8,3.43,-0.15,375.06,300.32,376.05,376.05,NaN,"14,443 M"
05/14/2026,1630,J,112.76,+5.12%,Industrials,.7073,7.78,$4.07,168.44,105.68,124.58,127.15,140.11,1.0,-0.24,0.24,"2,538,659",100435.01,1095023.45,1097262.0,296.85,-12.47,-12.87,-3.64,143.59,116.03,143.59,138.07,56.0,"13,315 M"
05/14/2026,1630,JACK,10.98,-14.15%,Consumer Discretionary,1.52,0.77,($0.94),25.34,8.915,12.92,12.18,17.26,-4.0,-0.67,-0.39,"2,716,524",-101990.01,902605.28,878964.4,283.73,-14.08,-12.86,-18.06,23.6,9.31,-9.31,14.04,57.0,209 M
05/14/2026,1630,JBHT,254.66,+7.09%,Industrials,1.267,5.42,$10.78,257.16,130.12,246.51,226.42,187.8,1.0,0.62,0.35,"2,214,073",200639.01,972950.48,964507.31,260.15,25.62,1.24,5.78,256.17,194.41,-194.41,-231.02,41.0,"24,014 M"
05/14/2026,1630,JBLU,4.88,+3.83%,Industrials,1.778,0.14,($3.18),6.5,3.84,5.06,4.75,4.88,1.0,-0.52,0.42,"28,843,388",201190.36,2.950839245E7,2.635250921E7,26.03,14.55,4.83,-1.61,6.6,4.39,-4.39,-5.09,51.0,"1,815 M"
05/14/2026,1630,JBSAY,14.44,0.00%,Consumer Staples,.1408,0.42,<empty>,15.67,13.01,14.36,14.79,12.75,4.0,0.12,0.37,<empty>,-400000.03,264987.4,239337.09,-42.94,2.12,0.77,3.81,16.13,13.03,16.13,-13.03,NaN,"32,030 M"
05/14/2026,1630,JETS,26.22,+0.34%,,1.17,0.81,<empty>,31.33,21.0312,26.29,25.64,26.38,-4.0,-0.64,-0.56,"4,878,979",-100157.47,5235164.06,4859260.71,-10.62,6.67,3.15,-1.47,30.6,24.32,-24.32,28.05,NaN,745 M
05/14/2026,1630,JNJ,230.80,+0.16%,Health Care,.2668,3.02,$7.23,251.71,147.33,226.9,234.77,208.9,4.0,0.13,0.8,"6,971,640",-100131.39,7607686.4,8047140.21,14.9,-5.09,0.41,4.23,252.52,220.03,252.52,-220.03,42.0,"555,586 M"
05/14/2026,1630,JNK,96.12,-0.06%,,.4182,0.27,<empty>,98.24,94.485,96.56,96.13,97.0,-3.0,-0.65,-0.26,"1,494,769",-100110.39,6084711.07,5715890.46,-3.99,0.49,-0.73,-0.21,98.58,94.33,-94.33,-96.08,NaN,"7,601 M"
05/14/2026,1630,JOBY,10.64,-3.80%,Industrials,2.503,0.87,($0.76),20.95,6.42,9.52,9.24,13.2,-1.0,1.0,-0.92,"28,065,668",101981.07,2.634497581E7,2.583067092E7,17.63,8.35,15.78,-0.93,11.54,8.32,-8.32,-8.11,57.0,"10,466 M"
05/14/2026,1630,JOE,64.23,+1.09%,Real Estate,1.333,2.64,$3.45,73.54,42.65,66.81,66.71,59.78,1.0,-0.29,0.49,"175,831",-200139.08,266843.73,249787.21,20.36,-9.42,-0.53,-1.34,74.5,60.33,-60.33,-61.09,47.0,"3,687 M"
05/14/2026,1630,JOET,43.57,+0.63%,,1.033,0.39,<empty>,43.735,38.34,43.02,41.7,42.17,1.0,0.92,0.39,"32,786",-100022.1,23847.47,24659.92,86.32,7.13,1.63,0.32,44.06,39.32,44.05,44.05,NaN,235 M
05/14/2026,1630,JPM,299.91,-0.11%,Financials,1.008,5.04,($39.16),337.25,256.0001,308.83,300.19,305.33,-2.0,-0.51,-0.24,"7,357,204",-100139.39,9411224.33,9544255.05,41.07,4.81,-4.25,-0.03,320.17,279.44,320.17,-296.02,41.0,"803,612 M"
05/14/2026,1630,JPXN,99.96,-0.86%,,.566,2.4,<empty>,101.215,76.19,96.64,94.05,89.65,-1.0,0.73,-0.79,"7,224",300200.48,43075.67,58508.97,-13.62,8.71,3.8,0.15,101.62,88.38,-88.38,-93.15,NaN,135 M
05/14/2026,1630,JYNT,8.21,-1.08%,Health Care,1.121,0.24,$0.18,13.4692,7.5,8.77,8.67,9.17,-2.0,-0.25,-0.35,"65,295",200000.03,67863.22,63987.89,79.58,-3.41,-7.44,-5.85,9.6,8.38,-8.38,9.13,58.0,117 M
05/14/2026,1630,K,83.44,0.00%,Consumer Staples,.2238,0.18,$1.73,83.65,76.48,83.36,83.14,81.46,4.0,0.56,0.31,<empty>,-100010.01,3364959.52,3435920.58,1730.15,0.7,-0.06,0.36,84.1,76.54,84.1,-83.07,38.0,"29,031 M"
05/14/2026,1630,KBA,34.40,-2.38%,,.3777,0.72,<empty>,35.309,23.44,33.53,31.7,30.25,-1.0,-0.98,-0.48,"611,455",100022.01,78810.83,87167.06,1483.81,12.79,2.63,-0.43,34.06,29.36,-29.36,-32.17,NaN,196 M
05/14/2026,1630,KBWP,117.75,+0.99%,,.4307,1.31,<empty>,129.0,114.62,119.88,120.28,121.87,1.0,0.19,0.35,"6,330",0.0,13375.33,15697.91,-72.14,-3.38,-1.72,-0.01,128.52,116.33,128.52,124.16,NaN,246 M
05/14/2026,1630,KCE,154.1235,+0.95%,,1.243,1.26,<empty>,162.25,132.3,152.1,144.57,149.49,1.0,0.82,0.38,"11,135",100125.42,18957.41,20205.83,-10.91,13.13,1.48,0.45,156.17,132.33,156.17,-149.15,NaN,459 M
05/14/2026,1630,KDP,29.10,-0.72%,Consumer Staples,1,0.32,$1.16,35.935,24.875,28.41,27.36,28.28,-1.0,-0.94,-0.52,"7,724,878",-100326.14,1.096793831E7,1.095594172E7,-48.69,5.63,-1.02,1.36,32.56,25.28,-25.28,-26.17,48.0,"39,592 M"
05/14/2026,1630,KEMX,49.7519,+1.16%,,.8826,1.59,<empty>,50.1787,29.92,47.26,43.84,38.75,-3.0,0.96,-0.6,"7,248",100338.4,26695.4,26814.01,-66.93,20.62,6.72,-0.46,49.06,39.32,-39.32,50.03,NaN,129 M
05/14/2026,1630,KHC,23.31,+0.56%,Consumer Staples,1,0.55,$3.33,29.19,21.035,22.66,22.64,24.59,-4.0,0.99,-0.76,"16,234,596",-100032.07,1.545872767E7,1.534909097E7,6.41,2.64,2.87,0.21,25.56,21.36,-21.36,24.04,52.0,"27,640 M"
05/14/2026,1630,KLAC,1892.94,+2.34%,Information Technology,1.47,59.33,$30.49,1939.36,740.44,1812.03,1645.65,1300.92,2.0,0.56,0.51,"810,077",100451.11,997304.65,969117.05,-29.14,31.62,8.15,2.59,1939.14,1321.47,1939.14,-1646.1,53.0,"247,270 M"
05/14/2026,1630,KMX,38.09,+2.75%,Consumer Discretionary,1.213,1.0,$8.44,71.99,30.26,38.81,40.96,45.06,1.0,0.43,0.44,"2,174,364",-100648.23,3324254.26,3399524.54,-23.71,-8.68,-3.1,-2.53,49.23,37.07,49.23,41.17,23.0,"5,402 M"
05/14/2026,1630,KNX,68.03,+13.82%,Industrials,1.115,2.13,$3.05,68.36,38.625,63.87,59.91,51.5,1.0,0.58,0.47,"14,718,344",301342.01,3600975.72,3459231.55,529.51,28.0,4.82,9.87,68.15,52.41,-52.41,-59.02,47.0,"11,054 M"
05/14/2026,1630,KO,80.45,+0.24%,Consumer Staples,.3635,1.16,$2.92,82.0,65.3538,77.78,76.98,72.39,3.0,0.58,0.7,"10,638,383",-200122.13,1.476134615E7,1.559696297E7,-11.41,3.38,2.15,2.28,82.53,74.35,-74.35,-75.16,46.0,"346,135 M"
05/14/2026,1630,KR,66.79,+0.83%,Consumer Staples,.4643,0.99,$5.30,76.58,58.6,67.0,69.93,67.26,2.0,0.06,0.54,"4,022,705",-100130.39,5931101.81,5945323.48,5.03,-10.34,-1.88,3.07,77.44,64.03,77.44,-64.02,25.0,"40,914 M"
05/14/2026,1630,KRE,67.74,+0.89%,,.8416,1.01,<empty>,74.08,55.37,69.45,67.1,65.33,-6.0,-0.54,-0.21,"16,611,085",-200335.54,1.63454335E7,1.782666711E7,9.06,6.74,-3.02,-1.18,73.6,62.39,-62.39,71.06,NaN,"3,743 M"
05/14/2026,1630,KSA,38.53,-0.16%,,.3037,0.31,<empty>,41.5,35.81,39.06,38.81,38.49,5.0,-0.4,0.38,"335,510",100027.52,705045.68,805941.83,5.99,0.57,-1.46,-1.58,41.19,36.51,41.19,-38.05,NaN,701 M
05/14/2026,1630,KSS,11.93,-1.24%,Consumer Discretionary,1.498,0.98,$9.00,25.22,7.47,14.23,13.7,16.52,-4.0,-0.32,-0.15,"4,750,841",-100269.39,5213242.81,4904769.61,13.6,-8.51,-15.81,-8.86,20.61,12.4,20.61,16.16,9.0,"1,339 M"
05/14/2026,1630,KVUE,17.19,0.00%,Consumer Staples,.2278,0.19,$0.95,24.355,14.02,17.43,17.48,17.72,-2.0,-0.32,-0.54,"23,721,421",0.0,2.018095115E7,2.434883833E7,260.43,-2.94,-1.94,0.12,19.53,17.27,-17.27,18.05,57.0,"33,005 M"
05/14/2026,1630,KW,11.01,+0.36%,Real Estate,.9124,0.05,($0.49),11.085,5.98,10.93,10.9,9.55,-3.0,0.06,-0.37,"544,842",100047.58,1071704.66,1424981.39,-15.08,1.29,1.01,-0.18,11.51,10.62,11.05,11.05,57.0,"1,534 M"
05/14/2026,1630,KWEB,29.20,-4.54%,,.3176,0.69,<empty>,43.365,27.62,29.16,29.15,35.28,-1.0,-0.99,-0.65,"58,967,970",-100138.01,2.708636946E7,2.62988198E7,188.42,-4.7,1.49,-1.32,33.6,28.31,-28.31,-28.11,NaN,"7,014 M"
05/14/2026,1630,LAMR,147.41,+0.54%,Real Estate,1.197,6.89,$7.25,158.6899,113.05,140.62,134.79,128.6,-4.0,-0.95,-0.64,"696,654",-200125.02,628380.71,637309.98,45.17,10.27,6.94,-3.19,142.06,122.31,159.04,159.04,58.0,"14,958 M"
05/14/2026,1630,LCID,6.27,-1.88%,Consumer Discretionary,.8487,0.25,($14.63),33.7,5.62,6.36,8.31,14.09,15.0,0.7,0.77,"15,447,697",-701021.16,1.451513727E7,1.282880873E7,-10.08,-36.6,-1.57,3.98,11.46,6.11,-6.11,-6.11,56.0,"2,447 M"
05/14/2026,1630,LEVI,21.41,+0.19%,Consumer Discretionary,1.313,0.51,$1.20,24.82,16.5,22.38,20.68,21.31,-4.0,-0.56,-0.19,"2,616,766",-100438.27,2960541.43,2799047.68,30.53,15.6,-3.9,-2.01,24.17,18.38,24.17,24.17,27.0,"8,234 M"
05/14/2026,1630,LFMD,4.45,-1.98%,Health Care,1.803,0.3,($0.10),15.84,2.56,4.66,4.11,4.78,-6.0,-0.78,-0.19,"830,163",402616.19,1350669.97,1234352.58,-30.1,1.14,-4.91,1.37,5.06,3.56,5.06,5.06,57.0,215 M
05/14/2026,1630,LFST,7.89,-2.59%,Health Care,1.334,0.41,$0.37,8.89,3.74,7.46,6.89,6.28,-1.0,-0.99,-0.63,"5,260,999",-100411.05,4171196.96,3993097.33,95.34,22.33,4.23,2.87,8.55,6.43,9.05,9.05,57.0,"3,013 M"
05/14/2026,1630,LH,254.02,-0.16%,Health Care,.9141,2.57,$16.70,293.72,239.67,260.38,264.95,268.68,4.0,-0.02,0.5,"540,476",-200330.11,640260.59,660262.53,9.31,-4.81,-1.08,-0.42,291.53,249.07,-249.07,-249.07,48.0,"20,830 M"
05/14/2026,1630,LI,19.27,-3.75%,Consumer Discretionary,.5553,0.71,($1.82),32.025,15.71,18.29,18.07,19.94,9.0,0.86,0.76,"5,867,529",-100267.01,3247340.13,3037504.93,48.18,5.65,8.08,2.12,20.24,17.39,-17.39,-17.12,9.0,"19,668 M"
05/14/2026,1630,LII,514.38,+1.36%,Industrials,1.214,11.93,$18.86,689.44,434.06,510.12,493.12,519.89,-6.0,-0.79,-0.44,"234,995",100142.11,461171.77,468614.63,-31.9,7.42,-3.83,-1.36,574.61,434.33,-434.33,551.05,52.0,"17,900 M"
05/14/2026,1630,LIN,511.65,-0.31%,,.7387,6.54,<empty>,521.28,387.78,502.45,496.88,463.29,4.0,0.49,0.6,"1,968,930",-100127.39,2278854.67,2444891.81,32.42,2.86,2.1,1.44,521.09,471.45,521.09,-490.07,54.0,"236,560 M"
05/14/2026,1630,LIT,86.95,-2.94%,,1.035,2.31,<empty>,91.98,35.62,86.74,78.61,65.07,-3.0,-0.86,-0.26,"430,582",300136.03,382653.28,378523.83,24.36,21.4,-1.46,-5.1,92.06,67.38,-67.38,92.03,NaN,"2,099 M"
05/14/2026,1630,LLY,1006.70,-0.89%,Health Care,.4929,50.55,$11.81,1133.95,623.78,940.55,939.74,920.27,-1.0,0.53,-0.92,"1,749,407",200438.11,3102874.85,3093782.29,-60.81,1.78,7.71,4.11,1067.61,851.11,-851.11,-851.11,56.0,"897,716 M"
05/14/2026,1630,LMND,53.78,+1.72%,Financials,1.737,3.92,$0.26,99.9,28.71,59.81,60.23,63.47,6.0,-0.43,0.41,"985,590",200781.42,1851484.09,2249954.15,-20.54,-6.86,-5.05,-2.31,75.59,48.56,-48.56,-52.05,55.0,"4,131 M"
05/14/2026,1630,LMT,520.41,+0.09%,Industrials,.0833,4.37,$24.45,692.0,410.11,527.21,588.84,527.84,13.0,0.15,0.76,"856,459",-100135.39,1529078.85,1564986.63,-72.28,-19.34,0.47,1.59,692.52,500.06,-500.06,-500.06,46.0,"119,988 M"
05/14/2026,1630,LNG,241.08,+0.71%,Energy,.0443,13.63,$10.16,300.89,186.2001,256.54,264.49,230.01,1.0,-0.03,0.28,"2,055,867",-100147.39,3246582.74,3097984.44,59.35,-4.06,-12.32,0.16,301.32,216.54,301.32,-236.05,57.0,"50,519 M"
05/14/2026,1630,LOGI,100.95,-2.92%,Information Technology,1.079,3.87,<empty>,123.01,81.98,100.71,95.77,102.03,-4.0,-0.92,-0.65,"1,399,154",100237.07,1078891.1,1065070.12,118.35,6.62,1.68,-5.56,106.07,87.38,-87.38,110.03,56.0,"14,487 M"
05/14/2026,1630,LOTMY,30.53,-0.96%,Consumer Discretionary,.7713,1.25,<empty>,33.1,21.65,30.59,29.91,26.62,-4.0,-0.49,-0.37,"10,107",-100100.17,22172.78,20772.3,-54.85,6.45,4.38,-2.49,33.19,23.57,33.19,33.05,NaN,"7,177 M"
05/14/2026,1630,LOW,223.61,+1.43%,Consumer Discretionary,.8845,6.63,$13.69,293.06,210.33,235.9,238.17,249.39,1.0,-0.27,0.33,"2,142,384",-100128.56,2585497.19,2669603.84,2.1,-7.64,-6.36,-1.08,290.62,223.07,290.62,257.17,4.0,"125,236 M"
05/14/2026,1630,LQD,108.55,-0.06%,,.4446,0.31,<empty>,112.93,105.39,109.11,109.09,110.45,-3.0,-0.52,-0.55,"18,038,025",-400009.43,3.884089784E7,3.957284561E7,-22.29,-0.13,-0.28,-0.35,112.53,107.33,-107.33,-108.08,NaN,"29,309 M"
05/14/2026,1630,LRCX,299.15,+1.26%,Information Technology,1.825,18.92,$4.76,302.0,79.49,272.35,246.47,182.75,-3.0,0.88,-0.66,"6,387,493",-100371.39,9950491.43,9906122.21,-48.12,36.35,16.01,1.05,298.06,194.47,-194.47,-242.11,52.0,"374,108 M"
05/14/2026,1630,LUV,39.33,-0.20%,Industrials,1.149,1.32,($0.73),55.11,28.975,39.63,39.82,38.03,-4.0,-0.4,-0.63,"4,479,565",0.0,8213508.95,8675570.52,-52.33,-2.24,3.72,-1.65,55.61,36.29,-36.29,42.05,47.0,"19,223 M"
05/14/2026,1630,LUXE,7.73,-1.65%,Consumer Discretionary,1.146,0.44,<empty>,11.38,7.0,8.75,8.5,8.69,-6.0,-0.23,-0.1,"172,653",0.0,198777.22,244203.25,41.71,-6.76,-14.11,-7.54,11.62,8.29,-8.29,9.07,3.0,"1,061 M"
05/14/2026,1630,LVS,50.65,-1.31%,Consumer Discretionary,.8212,1.22,$3.30,70.4545,39.29,53.74,53.96,57.22,-4.0,-0.26,-0.4,"3,854,864",100139.16,4207671.22,4294079.33,-37.26,-5.68,-7.25,-2.73,59.6,50.15,-50.15,-50.15,47.0,"33,563 M"
05/14/2026,1630,LW,42.33,+1.90%,Consumer Staples,.4459,0.93,$4.54,67.07,37.62,43.23,42.41,51.25,2.0,0.76,0.59,"1,839,935",-100266.39,3056277.3,2737127.3,51.83,6.17,-2.8,4.93,51.62,38.29,-38.29,-40.03,47.0,"5,845 M"
05/14/2026,1630,LYB,73.27,-0.64%,Materials,.3986,1.81,$2.82,83.94,41.58,72.48,73.46,55.72,-1.0,-0.24,-0.57,"3,382,805",-100261.39,8240013.37,7926695.07,-29.0,3.08,-1.78,-0.35,84.31,54.58,84.31,78.07,54.0,"23,650 M"
05/14/2026,1630,LYFT,13.05,-4.61%,Industrials,2,0.36,$2.77,25.54,12.46,14.19,13.74,17.39,-4.0,-0.76,-0.42,"22,005,531",100262.39,1.593992333E7,1.646895546E7,111.61,-3.69,-7.77,-5.91,15.19,12.32,15.19,15.17,57.0,"4,955 M"
05/14/2026,1630,LYV,169.99,+0.91%,Communication Services,1.137,5.33,$5.19,175.25,125.34,159.49,158.18,152.62,3.0,0.88,0.79,"2,027,489",100434.07,2978630.61,3134738.59,-19.02,8.23,7.63,4.29,170.06,144.33,-144.33,-151.14,58.0,"39,559 M"
05/14/2026,1630,M,18.31,-0.65%,Consumer Discretionary,2.445,0.51,$2.55,24.41,10.54,19.45,18.68,18.97,-4.0,-0.46,-0.3,"5,599,163",-100154.39,6654557.63,6828830.67,59.86,7.14,-6.34,-2.03,23.6,17.39,-17.39,21.17,8.0,"4,829 M"
05/14/2026,1630,MA,489.94,-0.14%,Financials,.7438,8.76,$18.98,601.77,480.5,503.6,503.54,545.38,-2.0,-0.39,-0.46,"2,583,702",-200025.11,3491057.95,3617661.14,7.34,-3.65,-2.58,-1.58,534.11,481.33,534.11,534.11,53.0,"432,903 M"
05/14/2026,1630,MAC,22.34,+1.68%,Real Estate,2.09,0.3,$1.22,22.555,14.82,21.74,20.42,18.6,3.0,0.66,0.35,"6,153,724",100129.01,2633306.58,2612214.97,159.33,18.01,2.81,3.23,23.19,18.62,23.19,22.06,60.0,"5,839 M"
05/14/2026,1630,MAR,353.47,+0.94%,Consumer Discretionary,1.093,4.01,$9.16,380.0,253.555,359.87,343.83,305.2,2.0,-0.29,0.24,"1,138,891",-100138.39,1460306.7,1545606.96,-0.85,9.83,-2.27,0.04,380.17,311.47,380.17,-345.08,55.0,"93,206 M"
05/14/2026,1630,MARA,13.29,+4.24%,Information Technology,4.866,0.85,($3.68),23.45,6.66,12.05,10.22,12.79,1.0,0.99,0.69,"51,347,009",200905.11,4.621466832E7,4.704078541E7,9.93,43.99,10.84,-0.75,13.06,7.59,-7.59,14.03,51.0,"5,067 M"
05/14/2026,1630,MCD,274.97,-0.26%,Consumer Discretionary,.4094,6.71,$9.88,341.75,271.975,289.4,303.99,308.63,3.0,0.01,0.43,"3,425,773",-400022.04,3459548.12,3499573.68,-10.97,-15.82,-6.34,0.13,342.52,272.03,342.52,-272.03,57.0,"195,368 M"
05/14/2026,1630,MCHP,97.04,+0.34%,Information Technology,1.673,5.17,$1.37,105.91,48.52,91.93,76.72,69.16,-6.0,-0.89,-0.35,"6,974,686",100152.04,1.006058191E7,9552619.32,-38.5,52.03,4.45,-2.01,103.06,59.32,106.04,106.04,58.0,"52,512 M"
05/14/2026,1630,MCK,747.23,+1.36%,Health Care,.3209,40.2,$43.77,999.0,637.0,798.2,854.43,814.72,3.0,0.02,0.25,"933,525",-100028.05,917627.61,872718.49,34.84,-20.78,-8.34,3.04,999.51,724.03,999.51,-724.03,57.0,"89,820 M"
05/14/2026,1630,MCO,432.68,-1.29%,Financials,1.347,8.08,$15.41,546.88,402.28,453.94,445.84,481.02,-2.0,-0.66,-0.5,"1,108,871",0.0,1155036.17,1287904.44,39.85,0.0,-6.32,-3.5,484.53,416.62,484.53,483.16,48.0,"75,579 M"
05/14/2026,1630,MCW,7.10,+0.28%,Consumer Discretionary,1.281,0.02,$0.09,7.835,4.61,7.05,7.01,5.97,3.0,0.21,0.4,"11,270,895",100000.01,2836559.2,3496385.46,234.07,1.87,0.28,1.14,7.09,6.62,7.09,7.09,57.0,"2,335 M"
05/14/2026,1630,MDB,303.09,+0.03%,Information Technology,1.651,19.92,$6.16,444.72,182.43,273.21,261.69,319.61,-2.0,0.79,-0.82,"1,145,396",200766.52,1642823.73,1912682.47,-44.78,13.54,20.83,2.86,373.62,216.24,-216.24,317.02,9.0,"24,359 M"
05/14/2026,1630,MDLZ,60.97,-0.89%,Consumer Staples,.4002,1.24,$2.00,71.15,51.2008,59.75,58.3,59.0,-8.0,-0.82,-0.63,"5,912,908",-100031.39,9044167.17,9191096.96,-41.43,6.67,-0.76,-0.72,63.62,54.44,-54.44,62.02,51.0,"78,264 M"
05/14/2026,1630,MELI,1607.37,+2.90%,Consumer Discretionary,1.334,115.5,$234.59,2645.22,1495.0,1770.32,1742.98,2062.06,1.0,-0.32,0.05,"701,192",-200541.04,543673.82,591148.12,134.33,-7.21,-10.33,3.22,2048.6,1537.03,2048.6,1903.17,57.0,"81,489 M"
05/14/2026,1630,META,618.43,+0.29%,Communication Services,1.238,26.36,$19.13,796.25,520.26,638.43,622.8,673.83,3.0,0.53,0.25,"10,640,803",-100136.11,1.624049924E7,1.531511783E7,-20.28,-1.44,1.07,3.27,692.19,520.33,692.19,-593.02,52.0,"1,569,837 M"
05/14/2026,1630,MGM,36.81,-1.60%,Consumer Discretionary,1.266,1.03,$5.81,40.94,29.185,38.58,37.49,35.6,-1.0,-0.28,-0.14,"6,023,303",-100450.39,4653351.0,4745382.68,58.6,2.31,-5.47,-1.31,41.13,33.47,41.13,41.13,52.0,"9,418 M"
05/14/2026,1630,MGPI,18.23,+0.72%,Consumer Staples,.4968,0.7,$2.46,33.378,16.45,19.48,18.81,23.76,-4.0,-0.71,-0.54,"115,799",-100640.56,251035.46,292168.06,-34.24,4.77,-8.58,-2.15,26.57,16.38,-16.38,-17.11,53.0,390 M
05/14/2026,1630,MICC,15.02,+1.76%,Consumer Staples,.8468,0.76,$0.24,19.93,12.94,14.27,14.61,NaN,-6.0,NaN,NaN,"877,135",200556.11,1486835.02,1591364.02,28.53,-4.03,0.6,1.01,17.62,13.11,-13.11,16.06,NaN,"9,196 M"
05/14/2026,1630,MKOR,63.73,+0.71%,,1.542,3.59,<empty>,65.47,23.0,58.07,50.93,38.65,-3.0,-0.95,-0.68,"13,860",-100200.03,29412.44,31278.87,-34.23,36.94,11.77,-1.97,63.06,41.32,-41.32,65.03,NaN,147 M
05/14/2026,1630,MLCO,5.48,+0.55%,Consumer Discretionary,.561,0.11,$1.20,10.15,5.22,5.6,5.62,7.46,3.0,0.65,0.59,"1,718,695",-100052.04,1619103.94,1993544.02,48.98,-2.32,-5.03,3.2,6.51,5.04,-5.04,-5.04,53.0,"2,128 M"
05/14/2026,1630,MLM,575.23,-0.27%,Materials,1.113,14.91,$17.13,710.97,532.805,605.69,600.54,622.28,-6.0,-0.44,-0.31,"353,698",-200133.39,508546.58,529666.53,50.22,-1.72,-7.08,-1.83,702.55,555.39,-555.39,633.17,57.0,"34,540 M"
05/14/2026,1630,MNDY,69.73,+3.00%,Information Technology,1.208,3.94,<empty>,316.98,57.5,70.3,70.46,138.08,-3.0,-0.96,-0.6,"1,776,574",-101070.04,1689071.12,2028175.09,50.92,-6.28,5.86,-9.34,82.49,58.24,-58.24,88.03,59.0,"3,567 M"
05/14/2026,1630,MNSO,14.63,-1.68%,Consumer Discretionary,-.041,0.22,$0.74,26.74,13.98,14.83,15.79,19.62,2.0,0.38,0.8,"588,002",0.0,425197.13,448166.0,29.09,-14.09,-1.08,2.24,20.57,14.03,20.57,-14.02,5.0,"4,432 M"
05/14/2026,1630,MNST,85.82,-0.13%,Consumer Staples,.5201,4.58,$2.10,88.77,58.09,79.03,76.4,72.91,-1.0,1.0,-0.98,"4,129,415",100227.05,5296463.68,5691143.64,-1.7,11.38,11.35,-0.68,87.53,71.31,89.04,89.04,58.0,"83,933 M"
05/14/2026,1630,MO,72.41,+1.22%,Consumer Staples,.5406,2.45,$5.14,74.56,54.7,68.89,67.21,63.86,2.0,0.75,0.47,"8,672,969",-200227.11,9786246.03,9418697.09,-8.93,7.23,-0.33,5.54,75.09,63.35,75.09,75.09,53.0,"120,917 M"
05/14/2026,1630,MOH,186.80,-2.69%,Health Care,.739,5.03,$4.84,327.68,121.06,181.03,158.25,165.26,-10.0,-0.87,-0.56,"719,110",-100059.39,1560221.64,1578237.59,-59.47,27.52,-4.02,0.87,199.06,128.62,201.05,201.05,47.0,"9,732 M"
05/14/2026,1630,MOO,81.97,-0.46%,,.3629,0.98,<empty>,86.5583,69.32,82.82,83.29,77.31,-1.0,-0.09,-0.51,"332,523",-100103.05,492175.84,455966.07,20.72,-1.84,-2.24,0.07,87.25,80.38,87.25,-82.04,NaN,975 M
05/14/2026,1630,MOVE:GIF,69.6277,-0.87%,,-4.186,2.93,<empty>,115.0172,55.7659,70.49,80.01,73.76,-2.0,0.19,-0.69,<empty>,NaN,NaN,NaN,NaN,-18.32,-3.39,-1.57,115.34,62.55,115.34,78.08,NaN,0
05/14/2026,1630,MP,60.31,-5.37%,Materials,1.904,3.18,($1.81),100.2505,18.64,65.37,59.23,63.22,-6.0,-0.77,-0.11,"9,886,247",-200474.01,5916612.78,5807677.66,84.23,1.6,-8.68,-10.53,73.06,44.32,77.04,77.04,58.0,"10,737 M"
05/14/2026,1630,MPC,248.82,-0.11%,Energy,.5407,8.11,$18.98,261.61,154.65,237.99,234.59,196.64,-3.0,-0.7,-0.61,"2,009,519",-200243.39,2611775.14,2568791.9,31.89,8.68,0.21,-1.45,262.07,190.53,262.07,262.07,55.0,"72,640 M"
05/14/2026,1630,MPLX,55.57,+1.39%,Energy,.4643,0.93,$4.02,59.98,47.8,55.47,56.59,53.74,2.0,0.17,0.55,"5,008,063",300223.01,2117942.86,2083810.66,45.28,-4.35,-1.24,2.85,60.36,53.03,60.36,-53.03,55.0,"56,389 M"
05/14/2026,1630,MPNGY,21.60,-7.89%,Consumer Discretionary,.0637,0.67,($0.64),37.88,18.56,21.48,21.11,24.75,-1.0,-0.85,-0.56,"311,481",100100.36,316468.16,337926.95,109.86,8.87,-0.41,-0.28,23.34,19.49,-19.49,-20.12,7.0,"66,683 M"
05/14/2026,1630,MRNA,50.03,-0.77%,Health Care,1.081,2.81,($4.10),59.55,22.28,50.34,51.45,36.48,-2.0,-0.21,-0.53,"7,660,366",-100993.04,7461777.75,8205249.3,68.27,-6.15,8.9,-5.39,60.5,41.62,60.5,59.03,54.0,"19,851 M"
05/14/2026,1630,MRVL,182.58,+2.60%,Information Technology,2.198,7.84,$1.62,192.15,58.61,162.74,126.17,92.75,2.0,0.83,0.25,"32,622,418",300663.31,2.69071439E7,2.358995231E7,-13.24,99.37,10.55,6.87,176.06,75.49,-75.49,-147.12,8.0,"159,659 M"
05/14/2026,1630,MSFT,409.43,+1.04%,Information Technology,1.076,6.95,$9.81,555.45,356.28,417.45,398.84,463.59,1.0,-0.74,0.3,"27,046,906",-100131.11,3.33408629E7,3.399206415E7,-1.49,2.37,0.4,-0.78,434.16,356.32,434.16,-398.1,52.0,"3,041,424 M"
05/14/2026,1630,MSGS,349.30,+0.32%,Communication Services,.5862,5.99,$2.20,357.42,186.0,337.03,326.43,260.55,2.0,0.42,0.47,"221,726",100235.32,233941.32,255528.81,12.29,10.23,2.0,1.51,346.09,279.62,-279.62,-321.04,61.0,"8,410 M"
05/14/2026,1630,MSM,106.82,+0.06%,Industrials,.9908,2.09,$3.86,108.77,77.78,102.13,95.66,90.07,-3.0,-1.0,-0.52,"928,432",100333.14,677435.38,642598.14,68.31,19.43,4.45,-0.47,106.06,85.38,-85.38,-96.16,32.0,"5,964 M"
05/14/2026,1630,MSTR,186.97,+5.02%,Information Technology,3.325,10.33,($2.32),457.22,104.165,176.51,151.39,219.1,-3.0,-0.97,-0.43,"15,818,397",100889.2,1.861871275E7,1.903888051E7,12.03,26.74,13.01,-4.58,190.07,116.29,-116.29,197.03,53.0,"65,566 M"
05/14/2026,1630,MTCH,35.73,-0.94%,Communication Services,1.412,0.99,$4.28,39.2,28.8,36.65,33.52,33.61,-9.0,-0.57,0.0,"2,354,888",-100143.39,5323789.76,4969148.94,-29.97,17.96,-4.52,-0.11,39.09,30.61,39.09,39.09,56.0,"8,335 M"
05/14/2026,1630,MTDR,57.94,+1.10%,Energy,.8168,3.08,$0.48,66.8387,37.14,59.38,59.4,48.5,3.0,0.01,0.34,"1,054,160",200150.2,1832732.8,1917928.12,-2.22,2.8,-8.67,2.86,67.32,46.61,67.32,-54.05,51.0,"7,195 M"
05/14/2026,1630,MTUM,307.25,+0.61%,,1.066,10.86,<empty>,307.96,223.47,287.45,264.63,254.48,-3.0,1.0,-0.59,"895,799",100231.32,869055.94,839942.5,15.33,24.5,8.19,0.19,299.06,229.32,-229.32,-271.17,NaN,"26,408 M"
05/14/2026,1630,MU,776.01,-3.44%,Information Technology,1.903,111.0,$9.16,818.67,90.93,592.18,479.69,304.08,-3.0,1.0,-0.89,"41,998,877",-100206.03,4.707035064E7,4.370735876E7,18.71,75.65,50.05,-2.43,668.06,311.31,-311.31,819.03,27.0,"875,133 M"
05/14/2026,1630,MUR,38.95,+1.27%,Energy,.5657,1.63,$1.25,43.34,20.31,39.24,38.62,31.59,3.0,-0.13,0.29,"879,447",200158.39,2481104.94,2388840.11,-16.82,8.68,-6.73,3.54,43.27,30.54,43.27,-36.05,57.0,"5,583 M"
05/14/2026,1630,MUSA,576.20,-2.11%,Consumer Discretionary,.3243,29.0,$29.30,609.8206,345.2301,553.68,508.43,420.79,-7.0,-0.88,-0.48,"246,427",101137.11,362131.07,359663.6,-27.02,25.26,-2.01,-0.3,610.06,370.6,610.06,610.06,52.0,"10,643 M"
05/14/2026,1630,MZTI,114.39,+0.12%,Consumer Staples,.3834,6.13,$9.04,190.96,111.04,122.77,136.29,161.58,3.0,0.04,0.6,"281,406",-200425.09,351186.81,315353.39,-7.41,-21.87,-12.2,1.87,171.54,111.08,-111.08,-111.08,67.0,"3,137 M"
05/14/2026,1630,N225:JP,62654.05,0.00%,,<empty>,1541.34,<empty>,63799.32,36855.83,60343.65,56638.73,50538.89,-1.0,-1.0,-0.6,<empty>,NaN,NaN,NaN,NaN,13.86,3.5,0.38,60904.1,50559.29,-50559.29,-58428.17,NaN,0
05/14/2026,1630,NBIS,221.15,+6.70%,Information Technology,2.084,25.52,($15.18),233.7299,34.72,167.52,138.13,105.01,2.0,1.0,0.81,"29,703,736",200312.02,1.780578782E7,1.697948306E7,61.55,70.31,59.99,18.83,196.06,84.51,-84.51,-133.12,57.0,"56,150 M"
05/14/2026,1630,NBIX,159.05,-1.41%,Health Care,.3714,11.76,$8.34,162.39,117.4,138.99,133.57,138.07,-1.0,1.0,-0.97,"1,285,157",-200137.07,1153016.87,1209854.77,6.82,22.49,20.79,5.62,149.06,123.62,-123.62,-126.11,52.0,"15,992 M"
05/14/2026,1630,NCLH,15.93,-0.81%,Consumer Discretionary,1.898,0.86,($2.10),27.1799,15.71,17.9,19.02,21.79,1.0,-0.22,0.29,"22,563,795",-200260.09,2.250126631E7,2.358285519E7,50.32,-19.71,-12.38,-3.92,25.53,16.03,25.53,20.17,53.0,"7,314 M"
05/14/2026,1630,NEE,95.68,+0.88%,Utilities,.7255,1.29,($7.43),98.75,63.88,94.5,93.05,84.16,2.0,0.44,0.42,"5,430,606",200328.11,8783706.98,9343746.25,-44.37,3.08,-2.25,0.89,99.09,89.38,99.09,99.09,47.0,"199,525 M"
05/14/2026,1630,NEM,116.33,-2.21%,Materials,.4622,4.39,$8.43,134.88,48.4,113.78,111.88,98.12,-1.0,-0.53,-0.67,"4,528,889",-100458.39,9275340.42,9354988.27,-63.38,5.57,4.72,-3.6,132.52,94.38,-94.38,121.03,48.0,"124,188 M"
05/14/2026,1630,NET,199.81,+3.73%,Information Technology,1.594,21.26,$0.80,260.0,150.5941,211.56,207.58,204.08,1.0,-0.41,0.16,"4,094,712",-301070.05,4524295.86,4594986.01,97.18,-3.63,-2.52,3.25,251.06,159.57,259.05,259.05,53.0,"70,626 M"
05/14/2026,1630,NFLX,86.94,-0.71%,Communication Services,1.663,2.44,$2.81,134.115,75.01,90.76,94.7,102.72,3.0,-0.27,0.24,"29,377,253",200132.2,3.987369071E7,4.463636435E7,-9.76,-8.68,-7.13,1.74,109.2,75.57,109.2,-85.03,43.0,"366,087 M"
05/14/2026,1630,NIKL,16.72,-2.86%,,.9393,0.31,<empty>,21.855,10.03,17.39,16.75,15.62,-2.0,-0.44,-0.47,"102,893",0.0,170937.11,206799.73,62.3,2.77,-3.69,-5.64,20.53,14.38,-14.38,-17.07,NaN,80 M
05/14/2026,1630,NKE,42.02,-0.76%,Consumer Discretionary,1.136,1.03,$0.71,80.165,41.7,44.25,47.92,62.57,-4.0,-0.55,-0.65,"19,122,924",100140.3,2.255917638E7,2.10647412E7,20.38,-23.31,-5.28,-0.87,68.58,42.23,68.58,47.17,28.0,"62,227 M"
05/14/2026,1630,NLR,134.60,-1.32%,,.8246,4.04,<empty>,168.1199,86.09,143.07,138.98,136.32,-3.0,-0.43,-0.26,"531,631",-200239.03,441578.21,452925.89,72.07,-2.39,-7.79,-7.59,154.52,126.32,-126.32,151.15,NaN,"4,905 M"
05/14/2026,1630,NNN,43.74,-0.50%,Real Estate,.7998,0.35,$3.46,46.03,38.9,44.19,43.91,42.36,-2.0,-0.46,-0.54,"1,680,777",100227.11,1613855.5,1608466.96,9.58,-3.29,-0.11,-1.26,46.52,42.32,-42.32,-43.1,56.0,"8,321 M"
05/14/2026,1630,NOAH,10.47,-1.69%,Financials,.8169,0.18,<empty>,12.84,9.31,10.5,10.66,11.19,-6.0,-0.63,-0.57,"26,550",100260.34,118051.34,123900.74,-62.13,-8.24,0.58,-1.41,12.6,10.34,-10.34,11.06,8.0,687 M
05/14/2026,1630,NORW,38.54,+0.05%,,.7229,0.38,<empty>,39.1499,27.44,38.16,37.5,32.2,3.0,0.44,0.32,"42,520",-100100.14,190787.43,172621.7,11.45,5.79,-0.08,0.92,39.07,34.61,39.07,39.07,NaN,157 M
05/14/2026,1630,NOW,90.50,+3.96%,Information Technology,.8138,1.67,$4.46,211.47798,81.24,91.98,100.24,145.3,1.0,0.79,0.44,"25,482,466",-300362.16,2.288523067E7,2.222306507E7,-34.68,-21.22,2.48,-1.08,127.47,81.24,-81.24,-84.15,47.0,"93,333 M"
05/14/2026,1630,NSA,42.53,-0.09%,Real Estate,1.087,0.74,$3.59,44.015,27.43,42.87,39.78,33.15,-2.0,-0.56,-0.29,"793,783",-100336.42,1822298.99,1802766.66,15.47,5.72,-0.07,-2.57,44.17,30.44,44.17,-41.11,55.0,"3,284 M"
05/14/2026,1630,NSC,317.64,+2.27%,Industrials,1.277,2.64,$7.20,323.37,236.37,312.36,299.75,292.57,1.0,0.76,0.46,"607,115",200128.35,1256554.23,1294546.92,-32.24,9.27,0.57,2.1,323.14,278.38,323.14,323.14,52.0,"71,340 M"
05/14/2026,1630,NSP,28.93,-0.89%,Industrials,.5698,2.82,$1.76,72.23,18.57,31.7,27.68,38.83,-3.0,-0.75,-0.48,"386,755",-100190.39,1043809.27,1093513.31,-23.78,33.2,-18.67,-10.79,38.11,19.45,38.11,-28.06,53.0,"1,104 M"
05/14/2026,1630,NSSC,37.52,-0.98%,Information Technology,1.372,3.24,$1.58,48.12,26.44,43.12,42.38,40.96,-10.0,0.0,0.0,"345,359",200150.45,611608.24,609377.33,57.81,-12.42,-19.74,-6.69,47.54,38.32,47.54,47.09,69.0,"1,340 M"
05/14/2026,1630,NTLA,13.09,-8.33%,Health Care,1.979,0.53,($3.24),28.25,6.83,14.08,13.64,13.2,-1.0,-0.7,-0.31,"14,156,669",200389.12,5353934.39,5109369.76,56.8,-2.17,-2.89,-9.22,17.15,12.62,17.15,-12.11,57.0,"1,829 M"
05/14/2026,1630,NTR,70.94,-0.49%,Materials,.673,2.62,$4.56,85.3599,53.03,72.47,74.63,64.57,4.0,-0.03,0.34,"1,921,132",-100045.33,3856479.99,3683257.73,18.85,-8.81,-6.66,-0.49,85.43,68.04,-68.04,-68.04,57.0,"34,053 M"
05/14/2026,1630,NUE,232.85,+0.22%,Materials,1.844,4.94,$2.32,235.45,106.211,221.74,191.55,164.65,-12.0,-0.88,-0.27,"1,012,645",100237.13,1490492.6,1536796.83,-19.67,43.08,3.36,0.37,235.06,155.39,-155.39,-203.17,50.0,"53,028 M"
05/14/2026,1630,NVDA,235.74,+4.39%,Information Technology,2.28,11.04,$3.44,236.54,129.16,209.12,192.23,185.74,7.0,1.0,0.85,"179,556,966",-200252.54,1.6204224501E8,1.7063517996E8,-16.15,28.66,18.12,7.43,217.13,164.32,-164.32,-195.08,4.0,"5,709,747 M"
05/14/2026,1630,NVO,45.80,-2.72%,Health Care,.8051,2.22,$1.08,81.44,35.12,43.06,39.87,49.16,-6.0,-0.86,-0.82,"13,278,452",-100155.58,1.743553689E7,1.994271121E7,-46.92,18.71,8.48,-1.29,50.61,35.32,-35.32,48.03,56.0,"203,025 M"
05/14/2026,1630,NXPI,294.17,-1.42%,Information Technology,1.695,22.06,$10.12,306.62,183.0,269.13,226.91,223.56,-9.0,-0.94,-0.36,"2,171,922",-100048.05,3383618.63,3164298.74,-39.32,53.3,0.2,-3.86,304.06,185.32,-185.32,307.03,50.0,"74,269 M"
05/14/2026,1630,NYT,75.50,-1.95%,Communication Services,.9881,1.82,$3.33,87.1,51.03,79.23,80.74,68.17,-5.0,0.0,-0.34,"1,556,841",100131.07,2189539.01,2277459.58,15.45,-5.33,-4.47,-2.37,87.27,72.62,87.27,87.06,56.0,"12,221 M"
05/14/2026,1630,O,61.96,+0.72%,Real Estate,.744,0.87,$4.45,67.935,54.52,63.28,63.06,60.33,1.0,-0.26,0.42,"6,051,003",-100321.06,5815759.55,6152028.69,46.39,-4.56,-3.55,-0.64,68.53,60.35,-60.35,65.17,55.0,"57,777 M"
05/14/2026,1630,OC,121.07,+2.12%,Industrials,1.32,2.19,$10.00,159.42,97.53,122.26,114.19,124.89,1.0,-0.73,0.39,"832,512",-100349.39,1333508.4,1386115.05,-20.46,12.21,-1.84,1.02,137.6,99.38,-99.38,131.06,56.0,"9,750 M"
05/14/2026,1630,OIH,441.43,+0.91%,,.8777,8.67,<empty>,450.85,210.7,430.56,409.7,321.68,4.0,0.47,0.42,"208,316",-100146.52,460052.24,508130.99,-61.99,18.48,-1.52,2.38,451.11,366.47,451.11,451.11,NaN,"2,494 M"
05/14/2026,1630,OKE,91.03,+2.52%,Energy,.7655,2.09,$3.56,95.3,64.02,87.79,87.76,77.7,4.0,0.32,0.64,"3,990,203",-100038.39,4811157.45,4946263.66,25.0,6.69,-1.55,3.69,95.33,80.55,95.33,93.1,55.0,"57,352 M"
05/14/2026,1630,OKLO,67.21,-3.52%,Utilities,2.451,4.01,($0.99),193.84,34.4501,70.99,61.46,86.46,-3.0,-0.91,-0.34,"14,812,112",101312.07,1.22075265E7,1.097958956E7,-36.33,12.6,-7.3,-13.98,82.14,45.32,82.14,82.14,60.0,"11,694 M"
05/14/2026,1630,OKTA,81.05,+3.64%,Information Technology,.7068,2.69,$4.91,127.567,62.66,77.58,76.82,85.24,-4.0,0.94,-0.73,"2,548,001",-200863.25,3629799.3,3701549.78,-4.5,5.04,10.05,-0.78,88.62,63.24,-63.24,85.03,9.0,"14,212 M"
05/14/2026,1630,OLLI,78.75,+6.10%,Consumer Discretionary,.4732,4.99,$3.17,141.74,73.315,84.92,92.7,114.59,1.0,0.04,0.31,"1,717,458",-300644.38,1493137.35,1390337.91,43.21,-26.15,-8.97,3.99,116.62,75.03,116.62,94.17,13.0,"4,777 M"
05/14/2026,1630,OMF,53.95,+2.88%,Financials,1.175,2.11,$27.17,71.93,45.7811,56.88,54.98,59.35,1.0,-0.38,0.2,"1,061,786",-100648.43,1433355.62,1481873.41,-3.81,9.52,-8.2,1.47,60.17,46.42,60.17,60.17,48.0,"6,233 M"
05/14/2026,1630,ON,118.37,+2.30%,Information Technology,1.84,6.34,$2.92,119.1,40.62,99.72,77.62,60.31,2.0,1.0,0.51,"11,493,563",100673.02,1.021250195E7,9663099.32,-14.04,97.68,17.42,10.38,106.06,55.47,-55.47,-85.17,54.0,"46,390 M"
05/14/2026,1630,ONEW,11.22,+2.56%,Consumer Discretionary,1.533,0.76,$4.09,17.92,8.12,10.89,10.04,13.05,-4.0,-0.8,-0.61,"98,200",300036.06,147884.97,147395.91,12.89,30.39,19.49,-3.11,13.6,8.39,-8.39,13.04,53.0,186 M
05/14/2026,1630,ONON,36.84,+4.10%,Consumer Discretionary,2.057,0.81,$1.19,61.2882,31.41,35.64,36.22,42.51,2.0,0.52,0.64,"9,860,970",100557.03,7138423.03,6829234.05,122.04,-6.14,3.45,8.23,50.58,31.33,-31.33,-32.02,60.0,"12,280 M"
05/14/2026,1630,ONTO,277.28,+0.11%,Information Technology,1.608,9.35,$4.85,316.0,89.4,290.18,244.83,174.4,-7.0,-0.47,0.0,"667,802",100270.07,865047.92,925813.42,-40.8,42.46,-6.03,-3.56,316.14,175.47,316.14,-267.02,58.0,"13,793 M"
05/14/2026,1630,ORCL,195.61,+3.08%,Information Technology,1.53,12.3,($8.70),345.72,134.57,181.15,163.21,209.89,-4.0,0.99,-0.55,"22,510,542",-200357.23,2.90753613E7,2.769145685E7,-32.23,25.42,21.2,0.91,194.06,135.24,-135.24,-160.1,18.0,"562,583 M"
05/14/2026,1630,ORLY,89.68,-0.02%,Consumer Discretionary,.5446,2.61,$2.26,108.715,86.77,93.29,92.44,97.13,-9.0,-0.41,-0.08,"7,053,821",100427.11,5515918.25,5672825.96,35.11,-0.86,-9.78,-1.83,101.09,87.38,101.09,101.09,52.0,"74,319 M"
05/14/2026,1630,OSCR,23.15,-1.99%,Financials,2.147,2.24,$10.21,24.28,10.69,18.96,15.55,16.24,-1.0,1.0,-0.94,"9,782,591",200971.03,7155593.13,7234922.81,200.42,74.32,25.41,5.23,20.06,11.32,-11.32,-16.15,59.0,"6,980 M"
05/14/2026,1630,OSK,126.12,+0.65%,,1.277,10.98,$12.88,180.49,96.03,146.43,147.64,141.51,-6.0,-0.03,-0.07,"1,129,798",-300247.04,672021.12,695193.89,168.68,-14.63,-19.31,-5.9,180.55,131.04,180.55,160.06,54.0,"7,864 M"
05/14/2026,1630,OTLY,10.05,0.00%,Consumer Staples,1.112,0.66,<empty>,18.84,9.26,11.53,11.04,13.19,3.0,-0.31,0.12,"54,065",-100388.2,67199.63,67677.0,51.0,-5.55,-7.54,-0.79,14.19,9.33,14.19,14.17,47.0,314 M
05/14/2026,1630,OUT,32.79,+2.34%,Real Estate,1.477,0.99,$1.36,34.96,15.45,31.2,29.05,23.34,1.0,0.82,0.53,"1,732,093",-100535.04,1402857.19,1502216.83,136.7,20.55,6.29,1.71,32.06,25.61,35.04,35.04,56.0,"5,773 M"
05/14/2026,1630,OVX:CGI,68.92,-2.85%,,-2.605,2.54,<empty>,125.99,23.59,74.55,85.9,50.27,-2.0,-0.04,-0.38,<empty>,NaN,NaN,NaN,NaN,-32.41,-8.2,-8.91,126.44,40.62,126.44,86.17,NaN,0
05/14/2026,1630,OXLC,10.32,+2.08%,,.6533,0.12,<empty>,24.9,8.01,10.11,9.56,13.56,1.0,0.95,0.58,"1,224,716",0.0,1290151.18,1570404.71,151.93,20.84,-0.77,2.08,11.09,8.41,11.09,11.09,NaN,"1,007 M"
05/14/2026,1630,OXM,40.50,+1.58%,Consumer Discretionary,.9842,1.84,$0.76,57.73,30.5656,43.73,40.26,39.54,-4.0,-0.45,-0.01,"193,928",-100173.34,331605.34,313652.14,-27.82,11.97,-5.46,-7.3,48.16,31.39,48.16,48.16,18.0,603 M
05/14/2026,1630,OXY,56.84,+1.17%,Energy,.1968,2.4,$3.15,67.45,38.8,56.93,58.35,47.68,4.0,0.03,0.6,"8,760,223",-100146.32,1.72055186E7,1.693691779E7,11.58,-0.72,-6.17,3.08,67.31,45.61,67.31,-53.04,57.0,"56,535 M"
05/14/2026,1630,PAG,169.06,+1.49%,Consumer Discretionary,.8776,3.95,$9.05,189.51,140.12,166.31,156.58,165.46,-4.0,-0.91,-0.4,"236,860",100235.12,300501.86,307501.38,1.67,17.26,-1.43,-2.42,182.11,140.38,182.11,182.11,52.0,"11,116 M"
05/14/2026,1630,PALL,131.12,-4.13%,,.1704,2.49,<empty>,197.4084,86.89,136.39,137.68,134.9,-1.0,-0.4,-0.53,"216,375",0.0,232451.16,251075.91,106.88,-10.28,-5.36,-4.58,166.55,122.34,-122.34,143.17,NaN,801 M
05/14/2026,1630,PAM,80.25,+0.38%,Utilities,.903,1.56,<empty>,94.5,54.95,81.39,83.26,78.94,-2.0,-0.16,-0.53,"161,470",-100245.31,255597.91,256631.1,-23.82,0.05,-3.16,-2.01,90.31,69.51,90.31,-78.09,57.0,"4,313 M"
05/14/2026,1630,PATH,9.67,+2.11%,Information Technology,.4755,0.42,$0.65,19.84,9.2002,10.45,10.9,13.01,-5.0,-0.43,-0.27,"28,505,793",200479.45,3.065696675E7,3.162562094E7,32.48,-16.42,-6.12,-9.29,13.39,9.24,13.39,11.17,9.0,"5,033 M"
05/14/2026,1630,PBD,21.75,-0.05%,,1.352,0.61,<empty>,22.34,11.5,20.87,19.18,16.84,-3.0,-0.93,-0.55,"58,357",-200140.14,57636.51,59158.84,131.05,21.31,3.92,-1.67,22.06,17.47,-17.47,22.03,NaN,227 M
05/14/2026,1630,PBH,45.93,-11.35%,Health Care,.3855,3.31,$5.45,89.37,42.62,55.2,58.1,62.55,-1.0,-0.06,-0.19,"2,468,174",-300450.01,579375.93,548837.12,581.06,-24.59,-18.45,-9.32,71.56,49.03,71.56,60.13,58.0,"2,173 M"
05/14/2026,1630,PBJ,48.35,-0.54%,,.4983,0.64,<empty>,51.07,42.685,49.38,49.13,47.13,-1.0,-0.1,-0.3,"7,352",0.0,16475.66,21743.55,-26.64,-1.08,-3.8,-0.26,51.53,47.38,-47.38,-48.02,NaN,91 M
05/14/2026,1630,PBR,19.78,+0.97%,Energy,.4266,0.8,$1.29,22.24,11.035,20.98,20.29,14.79,-3.0,-0.14,0.0,"14,147,149",-100148.45,2.934543926E7,2.811284182E7,-7.82,3.18,-10.21,-4.67,22.08,15.61,22.08,22.08,58.0,"127,470 M"
05/14/2026,1630,PCAR,112.60,+0.73%,Industrials,.9872,3.91,$5.89,131.875,88.65,119.14,118.81,109.42,7.0,-0.05,0.22,"2,229,139",-100732.13,2717340.95,2895687.41,-18.2,-2.62,-5.22,-0.32,130.57,110.38,-110.38,-111.02,46.0,"59,260 M"
05/14/2026,1630,PD,6.73,+0.90%,Information Technology,.8003,0.3,$1.13,18.0,5.7,6.84,6.75,11.88,-5.0,-0.94,-0.53,"1,653,277",-100607.23,2700541.03,3045807.5,-72.07,-3.03,1.2,-2.46,8.48,6.24,-6.24,8.05,9.0,516 M
05/14/2026,1630,PDD,95.58,-4.04%,Consumer Discretionary,1,1.89,$10.82,139.41,95.24,99.19,100.36,114.25,-1.0,-0.72,-0.59,"7,601,881",100242.36,7155659.81,7098490.95,56.48,-7.95,-4.31,-3.26,108.19,95.37,108.19,104.17,8.0,"136,048 M"
05/14/2026,1630,PEB,14.27,-0.21%,Real Estate,1.482,0.22,$2.05,14.845,8.69,14.17,13.32,11.8,-4.0,-0.71,-0.34,"2,300,381",-100346.12,2530797.06,2521815.52,-12.44,19.51,1.57,-0.7,15.06,12.43,15.05,15.05,51.0,"1,618 M"
05/14/2026,1630,PECO,39.72,+0.91%,Real Estate,.4503,0.27,$1.65,40.71,32.84,39.65,38.59,36.12,1.0,-0.54,0.4,"1,070,855",-200100.06,875794.16,892072.02,-30.02,3.9,-1.11,0.03,41.12,37.36,41.12,41.12,48.0,"5,003 M"
05/14/2026,1630,PENN,15.83,0.00%,Consumer Discretionary,1.407,0.76,($0.47),20.605,11.65,16.61,15.49,15.91,-12.0,-0.64,0.0,"2,460,162",301158.16,3966640.86,4345895.01,-68.79,13.23,-9.34,-0.69,18.12,12.61,18.12,18.12,48.0,"2,119 M"
05/14/2026,1630,PEP,148.67,-0.40%,Consumer Staples,.3796,3.0,$6.46,171.48,127.6,154.59,155.37,150.36,-5.0,-0.15,-0.23,"5,020,834",-100234.39,6033976.42,6344606.61,-6.41,-5.74,-6.2,-0.5,170.53,149.35,170.53,160.09,43.0,"203,197 M"
05/14/2026,1630,PFE,25.75,-0.81%,Health Care,.3125,0.35,$1.67,28.745,22.09,26.51,26.96,25.75,3.0,0.0,0.21,"24,072,137",0.0,3.819662851E7,3.805075528E7,-43.36,-3.23,-3.56,-0.23,29.29,26.04,-26.04,-26.04,52.0,"146,761 M"
05/14/2026,1630,PFF,31.60,+0.06%,,.5331,0.15,<empty>,32.2645,29.86,31.47,31.03,31.31,-3.0,-0.89,-0.39,"1,932,591",100008.43,3472321.31,3454765.42,-5.39,2.76,0.48,-0.25,32.6,30.32,-30.32,32.03,NaN,"13,961 M"
05/14/2026,1630,PFG,100.77,+0.35%,Financials,.8723,0.59,$16.45,103.0,75.0,99.4,93.61,87.44,-13.0,-0.86,-0.45,"868,120",-200132.39,1462204.78,1562570.61,-63.76,16.56,-0.14,0.58,103.06,85.38,103.06,103.06,50.0,"21,768 M"
05/14/2026,1630,PFIG,23.9823,-0.15%,,.2238,0.03,<empty>,26.96,23.57,24.04,24.06,24.23,-1.0,-0.58,-0.54,"14,601",100000.26,27485.78,27742.81,109.64,-0.28,-0.12,-0.22,24.62,24.33,-24.33,-24.08,NaN,113 M
05/14/2026,1630,PFIX,48.36,-0.80%,,-.0281,0.87,<empty>,65.1521,41.45,46.68,46.09,47.77,-1.0,0.88,-0.65,"179,908",-100143.22,734028.97,678607.19,-5.66,5.96,1.53,1.3,50.33,41.53,50.33,-44.15,NaN,213 M
05/14/2026,1630,PG,142.71,+0.33%,Consumer Staples,.393,2.16,$6.43,170.99,137.62,145.49,146.21,150.12,-6.0,-0.38,-0.48,"9,633,947",-100029.39,9764307.8,1.012485332E7,-30.12,-6.19,-2.98,-0.45,167.53,141.27,-141.27,152.14,52.0,"332,314 M"
05/14/2026,1630,PGNY,22.87,-2.72%,Health Care,1.003,2.2,$2.18,28.75,16.1,19.64,18.33,21.78,-1.0,0.91,-0.93,"1,211,922",100133.05,1521290.85,1609969.62,-15.83,31.29,23.09,1.42,22.54,16.24,-16.24,24.03,58.0,"1,791 M"
05/14/2026,1630,PGRO,48.3879,+1.34%,,1.165,0.94,<empty>,48.4,37.59,46.27,43.48,43.81,1.0,1.0,0.45,"11,971",-100100.18,22633.37,21966.66,170.45,15.72,5.96,1.87,47.06,39.32,-39.32,-45.17,NaN,115 M
05/14/2026,1630,PINK,37.08,+1.41%,,.725,0.83,<empty>,38.68,27.56,35.43,34.53,34.2,11.0,0.63,0.74,"55,429",-100033.15,107354.6,116785.09,-90.92,9.77,6.29,3.52,36.53,32.33,-32.33,-34.11,NaN,258 M
05/14/2026,1630,PINS,19.03,-1.65%,Communication Services,.9119,0.88,$1.82,39.93,13.84,20.42,19.35,26.57,-5.0,-0.87,-0.32,"20,826,791",-101055.08,1.840243583E7,2.067502461E7,79.78,4.16,-3.2,-8.33,25.07,14.62,25.07,25.07,60.0,"10,660 M"
05/14/2026,1630,PJP,107.8612,-0.52%,,.4699,1.54,<empty>,110.8099,77.89,105.72,104.24,100.47,3.0,0.58,0.74,"8,827",100020.17,27161.35,25642.77,-82.74,4.9,2.72,2.16,111.55,99.36,-99.36,-103.11,NaN,337 M
05/14/2026,1630,PK,10.90,+0.83%,Real Estate,1.35,0.19,$1.87,12.39,9.84,11.21,10.9,11.02,-4.0,-0.53,-0.22,"2,986,180",-200054.1,4019036.23,4223874.61,22.07,4.41,-4.97,-1.18,12.09,10.27,12.09,12.09,53.0,"2,195 M"
05/14/2026,1630,PKB,105.076,+1.06%,,1.283,1.84,<empty>,111.2354,75.5301,106.89,102.35,97.73,1.0,-0.58,0.32,"5,101",0.0,18188.71,21125.87,-62.91,7.13,-3.23,-0.38,111.58,93.38,-93.38,111.06,NaN,442 M
05/14/2026,1630,PLAY,10.23,+2.30%,Consumer Discretionary,1.721,0.76,($2.90),35.53,9.61,11.51,12.22,17.32,2.0,0.26,0.39,"1,569,855",300184.17,1873749.88,1699239.18,-1.34,-19.26,-9.23,-0.2,17.6,10.33,-10.33,-10.02,17.0,355 M
05/14/2026,1630,PLD,142.66,+0.46%,Real Estate,1.358,1.7,$5.53,145.44,103.02,142.13,137.1,126.72,-2.0,-0.71,-0.46,"2,484,040",0.0,3517820.51,3447105.87,-23.94,6.41,0.45,-0.98,145.19,127.38,145.19,145.03,42.0,"133,007 M"
05/14/2026,1630,PLNT,51.50,+1.80%,Consumer Discretionary,1.035,8.41,$3.23,114.47,37.03,61.85,69.38,92.96,3.0,0.02,0.31,"3,323,732",100864.05,2258830.53,2311748.0,241.9,-31.61,-22.75,6.4,95.6,37.05,-37.05,-37.05,56.0,"4,075 M"
05/14/2026,1630,PLTR,133.73,+2.83%,Information Technology,1.44,4.21,$1.13,207.52,118.93,140.41,144.78,163.48,1.0,-0.54,0.41,"36,982,621",-300356.08,4.725553024E7,4.918350007E7,-4.38,-12.43,-3.87,-2.31,162.36,123.24,-123.24,153.16,55.0,"320,593 M"
05/14/2026,1630,PM,191.86,+2.10%,Consumer Staples,.4342,9.66,$6.85,192.92,142.11,169.35,166.54,164.68,4.0,1.0,1.0,"5,354,932",-200337.31,5038990.71,4959034.79,5.09,9.77,16.23,5.35,191.55,152.3,-152.3,-153.17,47.0,"299,025 M"
05/14/2026,1630,PNC,213.45,+1.71%,Financials,.9011,3.72,$16.37,243.94,169.32,220.29,213.77,205.91,1.0,-0.4,0.26,"1,572,107",-100039.39,2269177.49,2329346.69,-9.75,6.33,-4.28,-0.53,235.6,198.39,-198.39,230.17,42.0,"85,714 M"
05/14/2026,1630,PNDRY,10.1192,+0.09%,Consumer Discretionary,1.635,0.49,<empty>,23.7625,8.25,9.97,9.45,13.37,-4.0,-0.96,-0.54,"76,988",100000.43,167160.04,176671.16,34.7,19.33,6.74,-0.6,11.06,8.4,11.06,11.06,NaN,"6,055 M"
05/14/2026,1630,POET,20.57,+43.15%,Information Technology,.5479,3.8,($0.36),20.81,3.87,10.59,8.06,6.6,8.0,1.0,1.0,"131,776,627",301997.01,3.40993E7,2.811964255E7,67.12,197.68,188.9,47.99,16.14,5.32,-5.32,-6.11,0.0,"3,141 M"
05/14/2026,1630,POOL,175.24,-0.07%,Consumer Discretionary,1.108,15.5,$8.48,345.0,173.62,206.76,207.79,257.09,1.0,-0.23,0.21,"900,875",-100543.08,802265.88,860170.56,-11.55,-16.06,-17.85,-5.16,273.62,185.04,273.62,249.15,48.0,"6,386 M"
05/14/2026,1630,PPLT,186.80,-4.45%,,.3914,7.14,<empty>,261.62,89.8231,184.14,184.15,166.66,-1.0,-0.38,-0.66,"353,926",0.0,343473.74,380085.84,103.34,-2.68,3.89,-3.19,215.53,164.34,-164.34,-170.11,NaN,"2,540 M"
05/14/2026,1630,PR,20.20,-0.20%,Energy,.5374,0.91,$0.46,22.675,11.92,20.71,20.41,15.77,2.0,-0.07,0.2,"12,259,440",-100243.06,1.379905082E7,1.359162928E7,28.18,5.04,-6.57,0.25,23.07,17.61,23.07,23.07,57.0,"16,913 M"
05/14/2026,1630,PRAA,14.72,+0.14%,Financials,1.075,2.69,($0.34),22.55,10.25,20.19,18.97,16.3,-12.0,-0.28,0.0,"1,333,183",-200189.01,459795.05,533261.52,434.96,-13.97,-32.45,-14.12,23.09,10.57,23.09,23.09,60.0,561 M
05/14/2026,1630,PRGO,10.84,-0.64%,Health Care,.5018,0.39,$0.81,28.435,9.225,11.58,10.81,16.13,-6.0,-0.89,-0.41,"2,845,043",-100196.28,3208454.71,3294221.95,38.05,11.52,-8.45,-2.08,15.58,9.38,-9.38,13.06,54.0,"1,500 M"
05/14/2026,1630,PRMB,23.27,-0.68%,Consumer Staples,.5119,1.65,$0.72,33.29,14.36,21.05,20.23,20.34,-2.0,0.95,-0.91,"3,498,133",100546.55,4527724.9,5017586.05,49.58,15.48,14.18,-1.48,23.51,18.34,24.04,24.04,62.0,"8,444 M"
05/14/2026,1630,PRVA,23.24,+2.70%,Health Care,.9357,0.79,$1.12,26.51,18.77,23.89,22.72,23.11,1.0,-0.54,0.06,"1,268,074",100438.06,935074.11,947279.84,97.76,5.83,-6.48,2.11,25.09,20.33,25.09,-21.05,57.0,"2,929 M"
05/14/2026,1630,PSA,303.03,-0.22%,Real Estate,.9765,5.8,$18.46,313.51,256.54,305.37,294.01,286.43,-2.0,-0.77,-0.51,"606,147",-100130.43,1153234.16,1189452.7,-40.08,4.57,0.19,-2.73,314.17,263.35,314.17,-292.11,52.0,"53,196 M"
05/14/2026,1630,PSCE,61.95,+1.00%,,.7714,1.15,<empty>,64.17,36.01,61.23,60.08,48.42,1.0,-0.33,0.44,"33,714",-100133.1,52871.38,52917.21,-8.28,7.69,-2.24,0.63,64.07,52.61,64.07,64.07,NaN,125 M
05/14/2026,1630,PSCI,169.1236,+0.69%,,1.153,2.36,<empty>,178.02,123.83,171.01,163.04,155.9,-6.0,-0.69,-0.32,"5,159",-200128.49,4857.35,5105.42,427.79,10.05,-1.97,-1.64,175.06,149.38,176.05,176.05,NaN,169 M
05/14/2026,1630,PSCU,64.2648,+1.25%,,.7475,1.11,<empty>,66.85,53.4318,65.37,62.54,58.92,1.0,-0.38,0.07,"1,952",-100200.39,8846.23,7748.29,462.57,8.58,-2.6,0.76,67.09,58.57,67.09,67.09,NaN,17 M
05/14/2026,1630,PSP,60.29,-0.26%,,1.27,0.85,<empty>,72.97,54.18,61.21,58.82,65.51,-4.0,-0.79,-0.33,"53,365",100226.53,54764.31,69266.18,117.95,7.37,-1.03,-1.68,64.6,54.33,-54.33,-59.11,NaN,253 M
05/14/2026,1630,PSX,171.51,-0.18%,Energy,.689,4.73,$0.29,190.61,109.75,168.85,170.83,145.19,-3.0,-0.46,-0.64,"2,185,998",-200240.31,3297376.06,3178861.63,-10.21,-1.14,-4.26,-2.2,191.32,149.54,191.32,181.07,49.0,"68,764 M"
05/14/2026,1630,PTLO,3.99,-1.24%,Consumer Discretionary,1.591,0.96,($0.14),13.55,3.96,5.44,5.43,5.75,3.0,0.0,0.1,"2,014,964",-300057.06,1661851.41,1646044.81,65.85,-29.38,-36.16,-3.16,7.16,4.03,7.16,7.16,55.0,289 M
05/14/2026,1630,PVH,80.72,+0.54%,Consumer Discretionary,1.21,4.38,$11.19,100.15,59.6,90.38,79.45,76.55,-4.0,-0.3,0.0,"1,152,521",300238.27,1195915.79,1102731.71,18.81,29.42,-11.72,-3.1,100.16,60.44,100.16,100.16,14.0,"3,719 M"
05/14/2026,1630,PYPL,45.04,-0.42%,Financials,1.432,2.32,$5.85,79.5,38.46,48.55,46.83,57.96,3.0,-0.68,0.36,"9,707,735",100752.58,1.576589272E7,1.92274858E7,17.54,-0.84,-10.17,-0.07,52.17,39.62,52.17,-44.02,51.0,"39,730 M"
05/14/2026,1630,PZZA,32.72,+0.06%,Consumer Discretionary,1.13,1.66,$0.80,55.74,29.5501,35.27,34.74,40.41,4.0,-0.53,0.19,"1,936,266",-100567.45,1239218.68,1329661.85,278.9,-8.35,-9.59,-1.98,40.45,30.47,40.45,-31.03,57.0,"1,077 M"
05/14/2026,1630,QAT,18.75,-0.05%,,.3834,0.15,<empty>,20.64,17.712,19.03,18.85,19.33,-3.0,-0.52,-0.4,"15,727",500000.04,45504.81,39511.94,-46.53,0.05,-0.16,-1.83,20.62,18.32,-18.32,19.14,NaN,83 M
05/14/2026,1630,QBTS,22.13,+3.22%,Information Technology,2.54,1.8,($0.28),46.75,10.6,20.98,18.18,22.84,-3.0,-0.96,-0.54,"28,119,742",-100315.21,2.756297966E7,2.675645803E7,17.77,26.75,9.12,-7.91,24.06,13.32,-13.32,25.03,57.0,"8,198 M"
05/14/2026,1630,QCOM,200.08,-6.14%,Information Technology,1.463,25.9,$11.61,247.9,121.99,173.56,147.69,158.75,-3.0,-0.97,-0.57,"24,653,454",400281.04,1.860751687E7,1.674154345E7,-16.29,54.63,11.42,-15.77,198.06,122.27,-122.27,248.03,52.0,"210,884 M"
05/14/2026,1630,QMOM,80.03,+0.18%,,1.056,2.05,<empty>,80.56,60.24,77.22,72.79,67.75,-1.0,1.0,-0.51,"22,281",300121.07,25012.05,23763.84,58.91,16.63,4.29,0.14,81.06,64.32,81.05,81.05,NaN,464 M
05/14/2026,1630,QQQ,719.79,+0.71%,,1.223,21.45,<empty>,722.03,505.58,677.35,629.46,610.25,-3.0,1.0,-0.61,"33,245,800",100128.52,5.39573455E7,5.779621794E7,-27.03,19.89,7.79,0.91,696.06,556.32,-556.32,-642.17,NaN,"471,534 M"
05/14/2026,1630,QS,8.60,-0.69%,Consumer Discretionary,2.585,0.59,($0.48),19.0699,3.8,7.48,6.98,10.14,4.0,1.0,1.0,"30,304,189",-300102.02,1.806362279E7,1.741890947E7,-52.69,24.82,17.97,7.1,10.15,6.29,10.15,-7.11,47.0,"5,290 M"
05/14/2026,1630,QSR,76.44,0.00%,Consumer Discretionary,.5237,1.47,$4.45,81.96,61.33,79.04,76.49,69.8,-4.0,-0.38,0.0,"3,327,089",-200525.07,3809782.76,3743962.61,1.31,2.51,-5.26,-2.29,82.06,65.62,82.06,82.06,57.0,"26,523 M"
05/14/2026,1630,QTUM,147.88,+0.74%,,1.311,6.46,<empty>,148.4299,83.2428,136.42,121.85,111.54,-3.0,1.0,-0.61,"697,223",-100135.03,403603.74,386827.78,38.27,32.79,10.33,0.04,144.06,101.32,-101.32,-128.12,NaN,"4,887 M"
05/14/2026,1630,QUBT,11.73,+6.35%,Information Technology,2.529,1.04,($0.23),25.84,6.18,9.72,8.29,12.38,4.0,1.0,0.67,"36,790,349",-100804.03,1.6462967E7,1.537731948E7,181.7,59.16,30.04,15.23,11.06,6.32,-6.32,14.02,60.0,"2,646 M"
05/14/2026,1630,R,231.06,+1.65%,Industrials,.9864,8.33,$23.44,259.0,143.335,238.63,217.7,195.22,1.0,-0.51,0.17,"415,621",200435.16,393176.36,403893.22,-22.36,21.24,-8.95,-0.61,259.09,186.43,259.09,-225.02,48.0,"8,940 M"
05/14/2026,1630,RBLX,43.72,+4.19%,Communication Services,1.483,5.97,$2.18,150.59,40.15,50.78,54.95,91.15,4.0,0.49,0.25,"10,274,009",100671.1,1.077784937E7,1.070256853E7,-14.25,-26.11,-20.88,5.83,72.54,41.03,72.54,64.17,53.0,"31,303 M"
05/14/2026,1630,RCL,265.38,+0.45%,Consumer Discretionary,1.77,9.13,$5.05,366.5,232.6,267.35,272.4,296.06,-5.0,0.4,-0.56,"1,661,698",-200252.11,2641317.74,2605072.26,-4.68,-5.49,0.61,0.73,333.62,250.11,-250.11,289.05,51.0,"71,174 M"
05/14/2026,1630,RDNT,53.43,+0.85%,Health Care,1.411,1.76,$1.34,85.84,50.76,57.13,58.38,69.44,-6.0,-0.46,-0.39,"733,067",100348.03,907895.39,907397.78,92.27,-16.65,-5.52,-4.42,75.52,52.29,75.52,63.03,57.0,"4,201 M"
05/14/2026,1630,REAL,9.35,-0.64%,Consumer Discretionary,2.561,1.3,$0.12,17.3922,4.7,11.54,10.46,11.55,-6.0,-0.49,-0.07,"2,681,469",-200085.05,3543638.78,3776135.62,10.67,-4.49,-21.36,-6.22,14.53,8.32,-8.32,13.07,60.0,"1,127 M"
05/14/2026,1630,REG,76.92,+0.33%,Real Estate,.8466,1.05,$4.42,81.66,66.855,78.96,77.77,73.15,1.0,-0.21,0.21,"1,140,585",-200022.11,1432337.91,1407955.34,12.24,-0.61,-1.19,-1.03,82.18,74.35,82.18,82.17,52.0,"14,084 M"
05/14/2026,1630,REGN,712.87,-0.97%,Health Care,.3109,13.56,$36.48,821.11,476.4869,725.4,743.69,690.69,9.0,0.08,0.61,"767,172",-300041.04,689909.02,692029.52,-5.23,-5.82,0.82,0.01,815.61,669.11,-669.11,-669.11,53.0,"74,737 M"
05/14/2026,1630,REXR,35.26,-0.96%,Real Estate,1.238,0.34,$0.88,44.38,32.14,35.97,34.99,38.96,-4.0,-0.81,-0.26,"1,998,749",-200330.15,2483946.95,2586033.93,-65.73,1.26,-1.76,-1.76,38.54,32.31,-32.31,-35.14,42.0,"7,959 M"
05/14/2026,1630,REZ,91.22,-0.84%,,.8859,1.07,<empty>,92.35,80.45,89.8,87.47,85.07,-2.0,-0.94,-0.64,"27,438",0.0,42711.46,47395.76,-47.38,4.08,1.0,-0.2,91.06,82.32,-82.32,-86.16,NaN,857 M
05/14/2026,1630,RGTI,19.27,+4.64%,Information Technology,3.143,1.26,($0.25),58.1501,10.3,18.22,16.63,22.99,-3.0,0.99,-0.69,"33,800,612",-100215.21,2.877164095E7,2.889913719E7,72.51,19.39,10.43,-6.05,20.19,13.32,-13.32,21.02,62.0,"6,405 M"
05/14/2026,1630,RH,127.87,-0.78%,Consumer Discretionary,1.919,3.7,$13.29,257.0,106.3037,132.99,131.57,179.39,-2.0,-0.5,-0.61,"664,079",200274.31,1307845.31,1268761.81,-10.67,-3.15,-3.1,-1.03,227.58,106.3,-106.3,-120.08,19.0,"2,417 M"
05/14/2026,1630,RHP,105.98,-0.84%,Real Estate,1.188,2.67,$10.57,112.5,83.82,105.41,98.84,95.9,-5.0,-0.86,-0.39,"1,366,669",-200222.01,548564.71,571312.3,161.26,15.86,0.85,-2.5,111.06,90.38,113.05,113.05,55.0,"6,688 M"
05/14/2026,1630,RIOT,24.62,-1.20%,Information Technology,3.748,3.42,($3.27),25.8599,7.93,20.29,16.92,16.17,-3.0,1.0,-0.84,"13,460,195",100691.07,1.856152426E7,1.867117008E7,-35.34,70.97,42.81,-2.84,24.06,12.32,-12.32,26.03,53.0,"9,310 M"
05/14/2026,1630,RIVN,14.52,+1.75%,Consumer Discretionary,1.742,0.92,($2.50),22.69,11.57,15.58,15.55,15.33,5.0,0.26,0.42,"21,282,821",-100370.4,2.771730111E7,2.925351662E7,-10.58,-5.28,-11.46,3.13,18.62,14.04,18.62,-14.02,56.0,"19,498 M"
05/14/2026,1630,ROBO,86.94,-0.37%,,1.398,2.88,<empty>,87.4999,54.78,82.19,75.7,70.63,-3.0,1.0,-0.62,"231,670",100034.02,171577.71,177563.18,79.74,22.26,6.48,-0.09,85.06,65.32,-65.32,-78.15,NaN,"1,932 M"
05/14/2026,1630,ROK,456.54,+0.34%,Industrials,1.525,24.66,$11.92,463.485,298.7,425.13,392.77,380.13,-3.0,1.0,-0.68,"580,924",-100435.08,845026.48,946398.95,-34.36,25.41,11.65,-0.03,463.06,348.32,463.06,463.06,57.0,"50,801 M"
05/14/2026,1630,ROKU,125.85,+0.14%,Communication Services,1.973,5.94,$3.65,131.39,67.6679,120.94,107.06,100.43,-4.0,-0.95,-0.46,"1,922,698",-100252.1,2701701.4,3236250.56,-14.03,32.22,7.97,-1.73,129.06,83.57,-83.57,131.03,53.0,"18,587 M"
05/14/2026,1630,ROST,213.27,+0.71%,Consumer Discretionary,.8534,5.81,$6.85,231.16,124.49,224.23,218.92,181.17,-6.0,0.0,0.0,"1,988,331",-300538.04,2461152.08,2554109.06,90.82,2.55,-6.37,-0.6,230.18,193.62,231.05,231.05,5.0,"68,705 M"
05/14/2026,1630,RRC,41.49,+0.56%,Energy,.5394,1.02,$3.42,48.31,32.6,42.03,42.96,38.05,3.0,0.16,0.51,"2,023,967",100042.17,3512048.97,3531482.9,-47.95,-4.82,-4.62,1.27,48.33,36.61,48.33,-40.05,51.0,"9,776 M"
05/14/2026,1630,RRR,51.56,+1.02%,Consumer Discretionary,1.348,1.41,$4.17,67.99,43.28,54.05,55.82,58.45,-2.0,-0.17,-0.32,"734,047",-200040.11,963138.26,933959.79,-52.88,-10.75,-4.45,-1.9,66.58,51.08,-51.08,-51.08,51.0,"3,014 M"
05/14/2026,1630,RSI,27.17,+0.59%,Consumer Discretionary,1.63,1.4,$1.21,29.24,11.5,26.11,23.28,20.12,-7.0,-0.84,-0.2,"2,469,346",100654.07,1880734.28,2058409.49,141.5,34.57,-3.31,-3.41,29.07,16.62,29.07,29.07,52.0,"2,797 M"
05/14/2026,1630,RSP,203.66,+0.36%,,.9255,1.26,<empty>,205.53,173.0,202.87,198.09,193.43,-6.0,-0.89,-0.45,"9,841,771",100119.52,1.202610366E7,1.455999612E7,11.63,4.46,0.11,-0.16,206.06,187.32,206.05,206.05,NaN,"87,792 M"
05/14/2026,1630,RSPG,105.4359,+0.78%,,.5329,2.57,<empty>,114.01,71.2088,104.41,104.79,87.58,4.0,0.22,0.59,"19,734",100026.51,148889.29,164527.69,-73.87,2.24,-3.73,1.38,114.32,94.61,114.32,110.07,NaN,601 M
05/14/2026,1630,RSPU,79.05,+0.55%,,.6169,1.2,<empty>,84.5195,69.73,80.42,81.22,77.88,1.0,-0.07,0.33,"25,283",-100012.1,56496.21,54591.27,113.87,-5.3,-3.75,-0.23,85.53,79.04,85.53,83.09,NaN,545 M
05/14/2026,1630,RTO,32.17,-0.22%,Industrials,1.018,0.58,<empty>,34.665,22.72,33.46,32.71,29.1,-6.0,-0.26,-0.12,"982,292",-100249.45,1266803.04,1324624.55,-32.05,0.16,-5.02,-2.75,35.22,28.5,35.22,-32.02,53.0,"16,189 M"
05/14/2026,1630,RUT,2863.0861,+0.67%,,1.2,42.25,<empty>,2888.6179,2011.199,2811.39,2652.03,2525.0,-6.0,-0.93,-0.32,<empty>,NaN,NaN,NaN,NaN,14.37,2.26,-0.26,2889.06,2405.32,2889.06,2889.06,NaN,0
05/14/2026,1630,RVLV,18.51,+5.71%,Consumer Discretionary,1.645,3.15,$0.69,31.68,17.35,23.61,23.57,24.28,1.0,0.0,0.07,"1,788,780",-200457.02,1068819.25,1223941.21,122.76,-18.53,-27.27,-0.64,28.19,19.03,28.19,28.16,56.0,"1,324 M"
05/14/2026,1630,RVX,23.30,-3.44%,,-4.2,0.71,<empty>,35.28,18.0,23.86,27.36,24.08,-1.0,0.18,-0.81,<empty>,NaN,NaN,NaN,NaN,-22.05,1.22,-2.35,35.33,22.06,-22.06,-22.06,NaN,0
05/14/2026,1630,S,16.51,+2.67%,Information Technology,.699,0.75,$0.16,21.4,11.81,15.13,14.21,15.6,-4.0,1.0,-0.77,"6,222,000",-100153.39,7952497.71,7827600.22,43.93,15.54,16.6,1.1,16.07,12.24,-12.24,17.03,9.0,"5,618 M"
05/14/2026,1630,SBAC,201.21,-3.11%,Real Estate,.9962,5.03,$0.08,243.16,162.41,216.31,201.84,198.18,-10.0,-0.51,-0.04,"1,021,974",400739.27,1230098.56,1215130.2,41.86,7.25,-9.04,-7.39,224.18,162.35,224.18,223.1,55.0,"21,341 M"
05/14/2026,1630,SBUX,106.40,+0.42%,Consumer Discretionary,1.014,2.87,$2.40,108.88,77.99,102.83,98.38,90.63,-9.0,-0.94,-0.65,"9,940,535",100335.12,7922303.93,7789649.84,63.16,8.77,1.02,0.62,108.06,86.33,-86.33,-96.12,51.0,"121,264 M"
05/14/2026,1630,SCJ,106.33,+0.43%,,.5121,2.63,<empty>,107.3199,80.08,101.78,99.89,95.18,11.0,0.69,0.86,"48,809",-200021.38,77589.07,84099.32,36.89,8.54,5.35,0.75,107.53,94.38,-94.38,-98.15,NaN,255 M
05/14/2026,1630,SE,88.33,-5.55%,Consumer Discretionary,1.688,3.5,$7.77,199.3,77.05,87.31,85.77,132.78,-1.0,-0.99,-0.55,"4,858,494",200153.03,4493402.6,5242057.89,47.99,0.87,4.06,4.08,117.59,77.51,-77.51,-82.03,60.0,"54,101 M"
05/14/2026,1630,SFD,24.93,-1.19%,Consumer Staples,.4232,0.88,$2.03,29.805,21.08,27.05,26.44,24.09,9.0,0.0,0.17,"1,263,873",-100636.13,1790033.86,1581221.32,-5.02,5.23,-5.14,-2.0,30.24,23.39,30.24,30.15,51.0,"9,809 M"
05/14/2026,1630,SFM,86.965,-1.48%,Consumer Staples,.6549,5.48,$3.74,182.0,64.75,78.3,78.04,93.77,-1.0,0.99,-0.8,"1,916,287",300841.11,2286036.78,2560531.98,27.69,6.41,6.25,6.6,86.4,65.58,-65.58,-69.11,52.0,"8,179 M"
05/14/2026,1630,SG,6.89,+4.71%,Consumer Discretionary,1.962,0.15,($1.07),16.7,4.49,6.82,6.07,7.14,1.0,-0.78,0.33,"3,314,873",-100183.05,4110379.7,4271804.45,17.79,20.03,0.15,2.23,7.13,4.32,7.13,-6.02,58.0,819 M
05/14/2026,1630,SHAK,61.88,-3.18%,Consumer Discretionary,1.594,16.55,$0.40,144.65,61.68,89.87,91.22,93.54,2.0,0.0,0.03,"2,356,500",-300750.04,1731777.82,1715908.96,104.23,-31.66,-39.61,-4.06,107.54,64.03,107.54,107.17,53.0,"2,497 M"
05/14/2026,1630,SHEL,84.51,-0.49%,Energy,.0771,2.18,$3.57,94.9,65.38,87.5,89.35,77.93,4.0,0.0,0.29,"7,038,979",-300132.13,8320036.42,7889603.38,71.41,-6.6,-6.79,-1.0,95.31,77.61,95.31,-84.04,53.0,"235,411 M"
05/14/2026,1630,SHO,10.36,+1.17%,Real Estate,.9813,0.27,$1.02,10.575,8.43,9.93,9.5,9.29,-4.0,0.99,-0.64,"3,468,883",100131.01,1648501.72,1685621.34,281.58,13.72,5.5,0.88,10.06,9.38,11.04,11.04,57.0,"1,930 M"
05/14/2026,1630,SHOC,109.03,+1.31%,,1.815,5.7,<empty>,109.365,44.75,97.62,84.66,71.27,-3.0,1.0,-0.67,"20,614",200200.07,15926.0,16089.46,-10.38,46.49,14.23,0.91,103.06,68.32,-68.32,-88.17,NaN,243 M
05/14/2026,1630,SHOO,39.49,+2.54%,Consumer Discretionary,1.132,1.19,$1.23,46.88,22.2615,38.59,36.15,36.42,1.0,0.66,0.61,"772,759",-100061.56,1154636.26,1280931.96,-30.41,22.41,5.14,1.54,41.58,31.43,41.04,41.04,52.0,"2,886 M"
05/14/2026,1630,SHOP,97.42,+2.12%,Information Technology,2.592,11.0,$1.63,182.19,94.0,117.69,119.87,141.16,1.0,-0.37,0.11,"16,571,615",-100760.08,1.014027304E7,1.11255489E7,97.07,-23.04,-19.57,-4.99,137.17,102.03,137.17,137.17,56.0,"126,418 M"
05/14/2026,1630,SHY,82.16,-0.04%,,.0487,0.13,<empty>,83.2,82.1023,82.37,82.44,82.76,2.0,-0.29,0.35,"2,182,022",-200003.32,4920843.42,4820247.7,-33.31,-0.59,-0.39,-0.07,83.53,82.08,-82.08,-82.08,NaN,"24,853 M"
05/14/2026,1630,SHYG,42.40,-0.05%,,.2876,0.11,<empty>,43.39,41.825,42.54,42.38,42.82,2.0,-0.63,0.22,"828,772",0.0,1542415.14,1600735.69,-5.71,0.47,-0.63,-0.07,43.58,42.33,-42.33,-42.08,NaN,"7,564 M"
05/14/2026,1630,SIL,99.08,-3.45%,,.8451,5.95,<empty>,119.24,38.69,94.66,93.63,81.36,-1.0,0.53,-0.89,"1,319,234",0.0,2191826.68,2477984.17,18.09,4.11,11.85,-2.82,119.52,78.38,-78.38,-86.11,NaN,"5,593 M"
05/14/2026,1630,SILJ,32.91,-3.97%,,.9123,2.06,<empty>,41.1,11.71,31.12,30.93,26.91,-1.0,0.53,-0.9,"5,304,111",0.0,5621564.73,6406933.0,64.05,3.62,12.24,-2.58,40.53,26.38,-26.38,-28.11,NaN,"4,290 M"
05/14/2026,1630,SITM,820.21,-1.81%,Information Technology,2.94,140.87,$2.10,901.81,186.49,636.85,473.91,352.18,-3.0,1.0,-0.76,"524,055",-100980.39,488090.77,453967.52,43.51,140.05,45.91,-9.02,627.06,305.47,-305.47,902.03,57.0,"21,651 M"
05/14/2026,1630,SIVR,79.36,-4.83%,,.497,5.23,<empty>,115.26,30.3392,74.29,73.36,61.0,-1.0,0.41,-0.85,"1,927,027",0.0,2298915.9,2686222.94,-4.04,3.19,13.32,-3.11,90.53,63.34,-63.34,-67.11,NaN,"5,797 M"
05/14/2026,1630,SJM,100.20,-0.66%,Consumer Staples,.2586,1.62,$9.11,119.39,88.25,97.48,98.35,104.02,-1.0,0.73,-0.85,"2,409,915",-300128.54,1934881.22,2218577.06,87.78,-4.56,2.21,0.99,119.54,88.23,-88.23,-94.17,17.0,"10,686 M"
05/14/2026,1630,SKYY,128.10,+1.97%,,1.207,4.45,<empty>,143.74,103.76,123.35,116.09,124.7,-6.0,-0.93,-0.56,"168,101",-100133.03,329188.9,329562.06,32.79,13.81,7.86,-0.05,131.07,104.24,131.05,131.05,NaN,"2,632 M"
05/14/2026,1630,SLG,43.46,+0.53%,Real Estate,1.597,1.09,$0.83,66.91,34.77,43.41,40.21,47.76,-4.0,-0.92,-0.31,"1,015,789",-100561.39,1276011.65,1400796.35,4.94,18.16,2.48,-1.72,45.06,35.33,47.05,47.05,47.0,"3,091 M"
05/14/2026,1630,SLV,75.51,-4.84%,,.4999,4.98,<empty>,109.83,29.095,70.71,69.83,58.09,-1.0,0.41,-0.85,"27,002,581",0.0,3.308491303E7,4.214265037E7,64.87,3.13,13.28,-3.19,85.53,60.34,-60.34,-64.11,NaN,"40,330 M"
05/14/2026,1630,SLX,109.3155,-0.41%,,1.241,3.03,<empty>,110.03,61.3668,104.37,97.18,85.23,-1.0,1.0,-0.63,"124,565",-200238.44,44902.1,45649.72,678.0,21.96,5.7,0.6,109.06,85.38,-85.38,-100.14,NaN,168 M
05/14/2026,1630,SMCI,33.03,+3.22%,Information Technology,1.661,3.21,($11.46),62.358,19.48,29.87,27.81,36.8,-4.0,1.0,-0.75,"32,342,893",201089.07,4.030319023E7,3.72220516E7,-16.12,3.67,20.55,-1.46,35.06,19.37,-19.37,36.03,56.0,"19,865 M"
05/14/2026,1630,SMH,578.34,+1.03%,,1.684,30.82,<empty>,581.1699,234.585,517.29,448.27,374.55,-3.0,1.0,-0.7,"8,453,709",-100148.03,9642344.33,9346490.99,-32.98,46.82,14.13,0.35,550.06,360.32,-360.32,-462.17,NaN,"64,827 M"
05/14/2026,1630,SMIN,66.61,-0.05%,,.4545,0.96,<empty>,78.535,57.7758,66.96,64.06,69.34,-4.0,-0.83,-0.18,"90,861",200122.38,187105.81,175858.08,1.1,7.49,-0.43,-0.97,69.19,58.32,69.05,-65.02,NaN,626 M
05/14/2026,1630,SMPL,11.54,+3.04%,Consumer Staples,.1622,0.86,$1.48,36.61,10.21,12.55,13.41,20.06,1.0,-0.39,0.41,"1,957,654",-101069.25,2961738.72,2738392.9,-41.75,-24.18,-13.69,1.5,18.55,10.25,-10.25,14.11,28.0,"1,044 M"
05/14/2026,1630,SN,106.70,+3.65%,Consumer Discretionary,1.372,4.16,<empty>,133.99,80.69,113.99,110.21,110.08,1.0,-0.37,0.23,"4,339,527",-100049.01,1912684.09,1875167.98,342.68,3.64,-7.64,-0.73,134.61,97.38,-97.38,124.17,62.0,"15,100 M"
05/14/2026,1630,SNAP,5.36,-4.46%,Communication Services,.5,0.26,$0.36,10.41,3.81,5.89,5.23,6.9,-9.0,-0.81,-0.33,"56,602,099",-100099.22,5.312049847E7,5.061401263E7,72.86,14.53,-11.7,-6.78,6.07,4.33,6.07,6.07,56.0,"8,882 M"
05/14/2026,1630,SNDR,33.21,+13.85%,Industrials,1.114,1.0,$1.48,33.34,20.11,30.38,27.76,25.82,1.0,0.77,0.41,"3,210,764",201342.01,1112366.43,1052882.28,229.47,39.01,6.82,11.29,33.09,23.39,33.09,-29.02,53.0,"5,816 M"
05/14/2026,1630,SNOW,150.76,-1.06%,Information Technology,1.062,5.64,$3.31,280.67,118.3,146.57,154.58,204.1,-2.0,0.91,-0.86,"5,828,926",-300970.25,6614909.6,6878372.49,-50.41,-13.56,10.47,-0.49,186.62,118.24,-118.24,157.05,8.0,"52,118 M"
05/14/2026,1630,SOFI,16.02,+4.64%,Financials,2.153,0.95,($5.31),32.73,12.74,17.13,17.12,23.51,1.0,0.6,0.43,"68,621,925",-300665.12,6.562740169E7,6.60499884E7,66.53,-9.13,-0.5,-1.48,20.19,15.29,20.19,20.17,51.0,"20,550 M"
05/14/2026,1630,SOLZ,9.37,+2.24%,,1.793,0.5,<empty>,27.12,7.683,8.84,8.79,14.65,-2.0,1.0,-0.74,"962,624",300373.51,1653725.52,2073593.99,87.23,-3.2,12.08,-5.54,10.41,8.56,-8.56,10.03,NaN,116 M
05/14/2026,1630,SOYB,24.96,-1.58%,,.0635,0.23,<empty>,25.47,21.06,24.82,24.52,22.96,-1.0,-0.65,-0.58,"201,314",100116.2,138404.05,119810.55,137.31,4.87,0.85,-0.48,25.08,23.58,-23.58,-24.14,NaN,71 M
05/14/2026,1630,SPDN,8.70,-0.57%,,-.9825,0.14,<empty>,11.16,8.68,8.99,9.44,9.57,-1.0,0.0,-0.57,"39,331,743",-200224.32,7.960418586E7,7.084426106E7,-12.89,-10.49,-3.65,-1.02,10.32,9.03,10.32,9.15,NaN,205 M
05/14/2026,1630,SPG,202.80,+1.12%,Real Estate,1.351,1.61,$9.91,208.28,155.44,202.91,195.57,186.21,1.0,-0.69,0.38,"1,430,602",-200129.37,1550465.39,1544332.02,36.78,7.11,-0.45,0.9,208.17,178.36,208.17,-198.11,55.0,"65,766 M"
05/14/2026,1630,SPGI,403.92,-0.65%,Financials,1.084,9.1,$18.38,579.05,381.605,429.63,428.3,485.11,-2.0,-0.63,-0.54,"2,238,303",0.0,1943068.48,2240335.3,25.6,-5.31,-6.33,-4.06,457.16,399.62,457.16,457.16,53.0,"119,560 M"
05/14/2026,1630,SPHD,49.53,+0.12%,,.6213,0.29,<empty>,53.07,46.385,49.7,49.74,49.22,-2.0,-0.38,-0.62,"715,705",0.0,795743.05,857876.86,8.88,-1.12,-1.75,-0.16,53.61,48.38,-48.38,50.09,NaN,"3,241 M"
05/14/2026,1630,SPHR,134.84,+2.31%,Communication Services,1.685,4.71,$9.26,149.0,35.58,134.64,124.59,87.55,1.0,-0.39,0.08,"572,480",-100364.39,862701.07,860243.63,-7.71,21.58,-5.34,6.25,149.07,104.33,149.07,-124.02,57.0,"4,826 M"
05/14/2026,1630,SPLV,72.94,+0.30%,,.5661,0.58,<empty>,77.735,69.63,73.59,73.84,73.14,1.0,-0.26,0.54,"3,011,072",100016.52,2829146.49,3086539.65,82.7,-2.99,-2.08,0.39,78.52,72.36,-72.36,75.09,NaN,"7,028 M"
05/14/2026,1630,SPMO,147.52,+0.84%,,1.088,5.99,<empty>,147.87,101.8,135.74,124.87,120.61,-3.0,1.0,-0.73,"1,691,910",-200018.09,1813149.99,1678359.84,14.4,25.71,10.26,0.99,142.06,107.32,-107.32,-126.17,NaN,"18,871 M"
05/14/2026,1630,SPOT,432.54,+0.38%,Communication Services,1,18.7,$17.81,785.0,405.0,462.91,486.51,580.12,7.0,0.32,0.36,"1,259,137",-100249.13,1992669.64,2261684.71,-19.61,-17.45,-3.14,3.11,571.47,411.06,-411.06,-411.06,51.0,"88,939 M"
05/14/2026,1630,SPX,7501.24,+0.77%,,1,117.44,<empty>,7517.12,5767.41,7245.94,6909.54,6774.64,1.0,1.0,0.47,<empty>,NaN,NaN,NaN,NaN,11.97,4.05,1.19,7369.06,6317.32,-6317.32,-7047.15,NaN,0
05/14/2026,1630,SPY,748.17,+0.79%,,1,11.78,<empty>,749.53,575.6,722.35,688.88,675.55,1.0,1.0,0.47,"45,254,811",100225.32,7.26867641E7,7.516268303E7,0.16,11.83,4.11,1.2,735.06,629.32,-629.32,-702.15,NaN,"778,420 M"
05/14/2026,1630,STKL,6.50,0.00%,Consumer Staples,1.021,0.01,$0.16,6.94,3.32,6.49,6.47,5.53,10.0,-0.52,0.46,<empty>,100038.59,1719189.32,2712623.84,328.3,0.62,0.46,0.15,7.43,5.62,7.43,7.12,4.0,769 M
05/14/2026,1630,STLD,234.68,-1.01%,Materials,1.455,4.94,$4.54,243.725,119.89,228.06,198.94,168.28,-6.0,-0.87,-0.28,"937,178",200444.18,1165621.42,1189917.14,-20.69,34.66,2.63,-0.55,244.06,162.39,244.06,244.06,46.0,"33,844 M"
05/14/2026,1630,STZ,140.61,+0.06%,Consumer Staples,.3995,5.3,$10.23,196.91,126.45,151.81,152.83,148.71,1.0,0.0,0.04,"1,647,917",100828.26,1970963.04,2032452.83,16.94,-6.89,-10.2,-1.26,169.23,141.03,169.23,160.15,33.0,"24,213 M"
05/14/2026,1630,SU,66.79,+1.09%,Energy,.3004,1.8,$4.31,70.29,34.67,65.25,63.79,49.39,3.0,0.29,0.51,"3,777,595",-100240.52,4594660.76,4760598.59,34.06,10.18,-2.44,2.56,70.07,54.61,70.07,70.07,56.0,"78,862 M"
05/14/2026,1630,SVV,7.29,+1.96%,Consumer Discretionary,.7522,0.5,$0.38,13.89,6.905,8.28,8.09,10.12,-6.0,-0.61,-0.18,"1,307,657",-100090.33,1153972.25,1223580.94,87.74,-7.02,-13.73,-3.32,11.61,7.33,-7.33,9.17,53.0,"1,123 M"
05/14/2026,1630,SWBI,15.15,+3.48%,Consumer Discretionary,.9673,0.38,$1.22,15.79,7.73,14.97,14.61,10.99,2.0,0.4,0.14,"472,532",100945.49,629975.1,567627.99,13.92,8.84,-2.51,5.21,16.08,11.57,16.08,16.08,23.0,674 M
05/14/2026,1630,SWKS,67.06,-1.58%,Information Technology,1.441,3.25,$4.49,90.9,51.93,65.03,59.19,66.1,-3.0,-0.88,-0.45,"4,634,162",-200547.03,3732280.63,3585548.24,13.4,22.96,-4.43,-4.38,73.07,52.32,73.07,73.07,56.0,"10,086 M"
05/14/2026,1630,SXT,117.24,+1.28%,Materials,.7831,3.25,$0.52,129.35,82.6,113.13,99.2,99.29,-12.0,-0.81,-0.1,"361,450",300136.11,399093.03,409923.77,-79.51,32.61,3.17,-0.08,129.12,83.62,129.12,129.12,49.0,"4,991 M"
05/14/2026,1630,SYF,71.26,+2.08%,Financials,1.316,2.27,$27.15,88.77,55.67,74.94,70.92,74.23,1.0,-0.44,0.21,"3,408,537",0.0,3827070.17,4059374.34,-19.79,11.31,-6.48,1.39,80.17,63.44,80.17,-69.02,46.0,"23,970 M"
05/14/2026,1630,SYY,73.05,-0.19%,Consumer Staples,.6665,0.83,$3.79,91.845,68.19,74.12,77.04,78.79,3.0,0.35,0.68,"2,418,398",100333.32,5004917.46,4712747.55,-49.6,-13.57,-2.22,0.66,92.61,68.31,-68.31,-72.12,51.0,"34,931 M"
05/14/2026,1630,T,24.65,-0.36%,Communication Services,.1885,0.51,$2.44,29.79,22.95,25.72,26.95,26.62,-2.0,0.0,-0.39,"32,662,194",100233.39,3.938318237E7,3.967582157E7,6.74,-11.11,-5.66,-0.88,29.36,25.03,29.36,27.15,47.0,"171,277 M"
05/14/2026,1630,TAN,64.95,+1.79%,,1.292,2.42,<empty>,65.1199,30.57,59.21,56.79,50.18,2.0,1.0,1.0,"1,957,754",-100340.54,1234902.12,1314930.13,116.46,14.45,11.2,3.01,61.6,52.47,-52.47,-54.17,NaN,"1,861 M"
05/14/2026,1630,TAP,40.81,-1.47%,Consumer Staples,.4332,0.73,$5.96,57.57,40.64,42.46,43.2,46.72,-4.0,-0.4,-0.47,"2,424,632",-200335.11,3101443.25,3269128.96,-18.09,-3.06,-4.52,-1.52,54.62,41.08,-41.08,-41.08,55.0,"7,654 M"
05/14/2026,1630,TBIL,49.92,+0.02%,,.0036,0.04,<empty>,50.02,49.81,49.92,49.92,49.93,10.0,0.4,0.68,"1,590,569",400000.33,2370712.3,2403193.17,-26.24,-0.02,0.14,0.02,50.33,50.54,50.33,-50.12,NaN,"7,101 M"
05/14/2026,1630,TCEHY,58.89,-3.62%,Communication Services,.2517,0.84,$2.99,87.68,57.91,61.58,63.86,74.3,-1.0,-0.44,-0.44,"5,524,069",100200.02,4280481.82,3931349.39,10.45,-18.06,-3.49,-0.99,74.46,59.03,74.46,-58.02,61.0,"532,183 M"
05/14/2026,1630,TCNNF,7.99,-3.85%,Health Care,1.671,0.67,<empty>,11.83,3.25,8.65,7.17,7.26,-12.0,-0.68,-0.01,"261,076",101400.15,388454.26,349706.42,-81.6,26.03,-18.8,-6.22,10.12,5.32,10.12,10.12,NaN,"1,537 M"
05/14/2026,1630,TEAM,80.86,+0.30%,Information Technology,.9323,9.19,$4.59,223.42,56.0101,79.09,73.77,129.47,-7.0,-0.93,-0.59,"4,544,396",100779.1,7820813.8,7822224.37,-13.86,6.16,17.89,-7.39,96.08,56.24,96.08,96.08,58.0,"20,520 M"
05/14/2026,1630,TEVA,35.31,-2.59%,Health Care,.8477,1.53,$1.02,37.345,14.99,33.98,31.66,26.75,-6.0,-0.81,-0.6,"5,522,570",-100338.11,6838154.14,6826094.27,14.41,19.86,0.68,-1.48,37.06,28.28,37.05,37.05,52.0,"41,116 M"
05/14/2026,1630,TFLO,50.56,+0.02%,,-.001,0.05,<empty>,50.67,50.39,50.56,50.56,50.53,6.0,0.29,0.45,"1,062,306",-100002.07,1807845.43,1747480.88,-39.0,-0.02,-0.14,0.04,51.32,50.52,51.32,-50.09,NaN,"6,542 M"
05/14/2026,1630,TGS,29.64,+0.95%,Energy,.5592,0.63,$0.15,36.3499,19.74,30.33,31.62,28.91,1.0,-0.04,0.52,"177,117",100857.07,350115.42,320009.02,-2.4,-3.2,-2.85,-2.11,36.31,28.61,36.31,33.06,56.0,"4,462 M"
05/14/2026,1630,TGT,123.08,+1.32%,Consumer Staples,.9896,3.52,$6.24,133.1,83.44,127.31,122.33,104.39,1.0,-0.27,0.07,"4,160,208",-100136.39,5244515.66,5585275.63,32.94,5.15,-5.14,3.92,133.17,111.53,133.17,-118.03,4.0,"55,900 M"
05/14/2026,1630,THC,198.55,+1.37%,Health Care,1.323,6.87,$37.93,247.21,146.6,188.53,199.11,198.41,4.0,0.44,0.72,"1,514,976",100245.1,1311308.44,1257706.92,-42.91,-9.46,12.1,3.58,247.49,168.1,-168.1,-168.1,46.0,"17,103 M"
05/14/2026,1630,THD,73.20,+1.43%,,.447,1.13,<empty>,75.06,48.08,70.63,69.05,63.16,2.0,0.35,0.72,"52,248",-100120.22,126970.47,139560.42,-7.45,10.29,3.52,3.13,75.53,65.39,-65.39,-68.15,NaN,267 M
05/14/2026,1630,TIGR,6.48,-2.41%,Financials,.4996,0.17,<empty>,13.55,5.95,6.71,6.8,9.0,2.0,0.51,0.51,"2,300,928",100683.02,2533594.06,2383769.14,-7.71,-11.96,-1.82,1.57,8.58,6.31,-6.31,-6.02,9.0,"1,157 M"
05/14/2026,1630,TIP,111.01,-0.10%,,.278,0.24,<empty>,112.26,107.98,111.35,111.04,110.89,-3.0,-0.5,-0.39,"3,152,486",-100006.32,2380931.59,2383788.07,178.14,-0.05,-0.49,-0.27,112.53,110.33,-110.33,-111.05,NaN,"15,020 M"
05/14/2026,1630,TJX,147.35,+0.55%,Consumer Discretionary,.6133,3.56,$4.41,165.82,119.8405,155.21,157.13,149.24,-5.0,0.0,-0.1,"7,763,896",100029.01,4523603.29,4702843.82,95.0,-5.56,-6.0,-1.05,166.25,147.03,166.25,161.17,4.0,"162,942 M"
05/14/2026,1630,TKO,192.50,+4.79%,Communication Services,.7843,2.49,$21.29,226.94,152.29,186.07,192.91,195.28,1.0,0.25,0.69,"2,021,555",200242.32,1475501.78,1352007.74,106.08,-3.64,3.44,4.34,227.54,181.1,-181.1,-181.1,57.0,"14,431 M"
05/14/2026,1630,TKR,116.74,+0.86%,Industrials,1.147,4.65,$5.50,123.67,67.14,111.36,105.13,89.44,-4.0,-0.75,-0.69,"764,311",100132.07,800631.88,796776.14,61.87,18.23,5.28,-0.55,124.06,94.38,124.06,124.06,52.0,"8,113 M"
05/14/2026,1630,TLT,84.92,+0.14%,,.5317,0.5,<empty>,92.185,83.295,85.94,86.54,88.15,-4.0,-0.18,-0.46,"25,236,171",100016.38,3.159299733E7,3.356578552E7,13.24,-2.63,-0.82,-0.75,91.53,85.08,91.53,87.16,NaN,"42,452 M"
05/14/2026,1630,TME,8.60,-3.80%,Communication Services,.7422,0.23,$0.84,26.7,8.58,9.31,10.2,17.78,-6.0,-0.93,-0.6,"9,398,574",-200962.41,1.123716888E7,1.006821547E7,41.09,-43.01,-6.22,-6.42,16.61,9.29,16.61,10.17,60.0,"13,327 M"
05/14/2026,1630,TMO,448.21,+0.49%,Health Care,.8731,9.39,$17.97,643.99,385.46,476.41,485.86,527.2,1.0,-0.33,0.45,"2,100,320",-300332.04,2177192.29,2192253.6,-21.76,-4.64,-6.42,-0.97,538.17,448.03,538.17,538.17,47.0,"166,564 M"
05/14/2026,1630,TMUS,188.19,-1.10%,Communication Services,.3191,3.96,$14.02,261.56,181.36,192.79,201.45,214.62,-2.0,-0.24,-0.42,"5,647,498",-100140.18,5731199.4,5999433.59,-27.16,-12.4,-3.74,-1.39,225.56,182.13,-182.13,-182.13,47.0,"203,660 M"
05/14/2026,1630,TNET,39.64,0.00%,Industrials,.993,1.67,$5.85,86.78,33.605,41.45,38.93,54.63,-10.0,-0.89,-0.6,"318,094",100462.54,443322.23,540422.29,5.73,6.73,-13.41,-5.37,46.09,34.56,46.09,46.09,49.0,"1,821 M"
05/14/2026,1630,TNX:CGI,44.61,-0.45%,,.0832,0.44,<empty>,46.29,39.47,43.69,43.19,41.86,-1.0,0.75,-0.6,<empty>,NaN,NaN,NaN,NaN,5.71,1.62,1.16,45.33,40.53,-40.53,-43.17,NaN,0
05/14/2026,1630,TOKE,5.24,0.00%,,.886,0.07,<empty>,7.334,4.27,5.21,5.47,5.74,1.0,0.34,0.36,<empty>,0.0,22074.62,51471.83,22.71,-7.91,-0.37,0.77,6.62,5.12,-5.12,-5.12,NaN,13 M
05/14/2026,1630,TOST,23.07,+3.31%,Financials,1.751,2.6,$1.12,49.66,22.26,27.54,27.45,34.19,1.0,-0.37,0.01,"11,177,915",-200251.03,1.088497997E7,1.160966488E7,-9.01,-17.9,-19.11,-4.63,31.48,24.03,31.48,30.08,56.0,"13,381 M"
05/14/2026,1630,TPB,91.24,+1.60%,Consumer Staples,.9582,5.94,$0.07,146.9,65.8,82.7,83.99,99.2,-3.0,0.75,-0.94,"308,950",-201366.31,512273.48,494364.75,-7.61,-1.28,13.09,-1.59,147.54,66.3,-66.3,99.04,56.0,"1,767 M"
05/14/2026,1630,TPL,388.50,+0.51%,Energy,.6241,19.88,$0.62,547.2,269.233333333333,422.61,460.89,361.62,-2.0,-0.09,-0.44,"347,912",100652.25,468473.58,537336.84,30.55,-26.27,-12.43,-3.51,547.57,370.25,-370.25,455.05,57.0,"26,797 M"
05/14/2026,1630,TPR,130.24,-1.85%,Consumer Discretionary,1.451,6.22,$8.53,161.97,76.29,142.01,143.71,125.6,2.0,0.0,0.18,"2,366,553",100040.02,2077247.12,2112977.87,99.38,-8.14,-10.2,-2.32,162.54,129.05,162.54,-128.02,62.0,"26,314 M"
05/14/2026,1630,TPYP,43.37,+1.58%,,.6047,0.65,<empty>,43.61,33.94,42.05,42.13,37.7,3.0,0.35,0.7,"36,118",200020.15,150399.43,130960.97,-94.27,2.87,-0.05,2.89,44.36,40.61,44.36,44.1,NaN,878 M
05/14/2026,1630,TRIP,9.60,-0.31%,Communication Services,.8752,0.74,$1.54,20.16,9.01,10.85,10.52,13.96,1.0,-0.55,0.1,"3,742,747",100660.3,3744818.7,3944191.58,20.11,0.84,-13.75,-0.62,12.17,9.39,12.17,12.17,57.0,"1,117 M"
05/14/2026,1630,TRP,68.14,+1.61%,Energy,.7202,1.62,$2.54,68.2901,46.29,64.07,63.58,56.62,3.0,0.73,0.73,"1,679,403",-200028.32,2662246.0,2600989.4,-41.61,6.0,1.81,4.01,67.09,59.19,-59.19,-60.16,53.0,"70,986 M"
05/14/2026,1630,TRU,66.18,-0.59%,Industrials,1.592,1.83,$3.59,99.39,65.235,71.56,71.32,80.4,-4.0,-0.5,-0.4,"1,726,274",0.0,2367841.51,2500731.35,21.87,-6.41,-6.79,-5.44,80.51,65.33,-65.33,80.17,48.0,"12,760 M"
05/14/2026,1630,TSLA,443.30,-0.44%,Consumer Discretionary,1.732,26.49,$2.17,498.83,273.21,400.24,386.45,406.88,-1.0,1.0,-0.98,"45,980,439",-100047.16,6.381627882E7,6.247322594E7,-26.89,12.07,16.16,-0.38,424.62,337.27,-337.27,-364.13,47.0,"1,664,912 M"
05/14/2026,1630,TSM,417.72,+4.48%,Information Technology,1.381,8.81,$1.26,421.97,188.8107,396.15,366.58,312.92,1.0,0.89,0.45,"18,554,874",100252.15,1.418267235E7,1.359281908E7,-14.11,22.78,5.47,3.26,420.06,314.32,-314.32,-365.17,43.0,"2,166,463 M"
05/14/2026,1630,TSN,66.66,-0.34%,Consumer Staples,.4152,1.97,$3.45,69.4842,50.56,65.78,63.82,58.84,-4.0,-0.65,-0.52,"2,180,098",100528.09,2867101.56,2922431.1,3.86,7.81,4.04,-0.63,69.07,58.37,69.07,69.07,54.0,"23,473 M"
05/14/2026,1630,TT,481.67,+2.26%,Industrials,1.212,7.96,$14.11,503.47,348.06,479.58,451.65,426.79,2.0,0.49,0.31,"746,345",100030.11,1336313.04,1308726.88,-20.48,14.28,-2.21,1.08,503.1,403.32,503.1,-464.02,52.0,"106,476 M"
05/14/2026,1630,TTD,20.41,-0.39%,Communication Services,1.141,1.4,$1.72,91.45,19.74,23.06,23.45,38.85,-7.0,-0.77,-0.26,"13,982,240",-100573.5,2.053367209E7,2.059243061E7,-33.47,-24.63,-13.48,-5.16,33.49,20.25,-20.25,25.09,58.0,"9,595 M"
05/14/2026,1630,TTE,91.42,+0.05%,Energy,.1953,1.57,$4.99,93.67,57.26,90.42,88.68,71.12,4.0,-0.24,0.47,"778,703",500228.25,2118468.04,2015093.37,-12.9,10.33,-1.39,0.8,94.1,76.61,94.1,-88.05,NaN,"203,365 M"
05/14/2026,1630,TTWO,242.41,+6.79%,Communication Services,.9811,7.41,$2.66,264.785,187.63,219.42,209.42,231.49,3.0,1.0,0.78,"3,664,201",100164.01,1728269.47,1871062.39,232.55,16.72,13.4,9.46,227.08,188.33,-188.33,-206.15,5.0,"44,888 M"
05/14/2026,1630,TUA,20.68,-0.33%,,-.057,0.11,<empty>,22.305,20.66,20.95,21.09,21.71,-1.0,-0.47,-0.43,"273,748",100124.34,551881.25,528288.08,147.53,-3.32,-1.1,-0.53,22.53,21.34,-21.34,21.17,NaN,781 M
05/14/2026,1630,TUR,42.19,-0.42%,,.3391,0.58,<empty>,43.98,29.64,42.73,40.73,36.93,-3.0,-0.51,-0.41,"163,082",100337.48,331026.59,380714.0,-37.11,8.54,-0.71,-3.54,44.06,37.48,-37.48,44.03,NaN,270 M
05/14/2026,1630,TWLO,198.04,+2.82%,Information Technology,1.381,23.32,$5.89,203.71,91.84,169.07,143.59,124.71,-5.0,-0.98,-0.59,"2,834,813",300458.09,2361355.73,2486108.61,79.11,56.78,33.76,-0.28,200.06,105.62,204.04,204.04,58.0,"30,057 M"
05/14/2026,1630,TXG,21.52,+2.14%,Health Care,2.161,0.73,$0.97,26.445,8.065,22.14,21.42,17.32,2.0,0.16,0.37,"2,783,742",100380.05,2463704.38,2554577.24,76.52,28.94,-2.4,4.98,26.19,16.42,26.19,-20.11,58.0,"2,732 M"
05/14/2026,1630,TXRH,177.06,-1.25%,Consumer Discretionary,.7658,10.57,$5.36,199.99,153.825,164.8,166.07,172.11,-2.0,0.74,-0.92,"1,146,168",200331.04,1124456.46,1146597.72,2.35,3.4,9.98,-3.53,191.6,154.08,-154.08,185.02,58.0,"11,638 M"
05/14/2026,1630,TXT,91.54,+0.18%,Industrials,.9197,2.02,$4.85,101.57,72.0,91.12,90.81,87.09,-6.0,-0.49,-0.61,"1,057,565",-100129.11,1432423.96,1468088.57,-13.25,-0.35,-4.61,-0.13,102.6,86.32,-86.32,98.1,48.0,"15,918 M"
05/14/2026,1630,TYX:CGI,50.12,-0.69%,,.0231,0.33,<empty>,51.53,45.28,49.59,49.12,48.02,-1.0,-0.83,-0.55,<empty>,NaN,NaN,NaN,NaN,3.15,0.5,0.52,50.08,46.53,-46.53,-49.16,NaN,0
05/14/2026,1630,U,27.28,+1.45%,Information Technology,2.094,0.52,$1.08,52.15,16.78,26.6,23.11,34.18,-4.0,-0.82,-0.62,"7,988,469",-100494.34,1.369060019E7,1.507766551E7,-12.63,38.06,3.26,1.53,28.08,17.57,31.05,31.05,56.0,"11,909 M"
05/14/2026,1630,UA,4.96,-0.60%,Consumer Discretionary,1.635,0.49,($0.38),7.9067,3.95,5.98,5.99,5.4,-4.0,-0.07,-0.18,"4,854,570",-100455.03,2706846.29,2803403.1,202.8,-19.87,-18.29,-15.65,8.58,5.29,8.58,-5.02,58.0,"2,112 M"
05/14/2026,1630,UAA,5.10,-0.20%,Consumer Discretionary,1.707,0.51,($0.38),8.15,4.13,6.16,6.16,5.57,-4.0,-0.08,-0.16,"10,631,840",-100361.03,9040451.29,9035416.71,46.37,-19.69,-18.92,-15.84,8.58,5.29,8.58,-5.02,58.0,"2,172 M"
05/14/2026,1630,UAE,19.04,+0.37%,,.4188,0.26,<empty>,22.29,16.99,19.41,18.95,19.56,-4.0,-0.58,-0.48,"90,201",100338.38,693574.45,797086.63,41.35,6.37,-0.99,-0.83,22.6,17.38,-17.38,20.17,NaN,280 M
05/14/2026,1630,UAL,96.02,+0.33%,Industrials,1.236,3.74,$9.90,119.21,71.55,94.72,93.4,100.99,-4.0,-0.64,-0.68,"4,662,345",-300458.17,8086249.91,7707976.16,-26.75,6.36,6.69,-0.62,118.6,85.32,-85.32,104.05,47.0,"31,165 M"
05/14/2026,1630,UBER,74.69,-0.01%,Industrials,2,1.48,$4.72,101.99,68.46,75.58,74.22,84.52,-2.0,-0.9,-0.48,"17,326,196",100237.07,1.632406149E7,1.755661958E7,33.2,0.04,0.11,-1.92,80.06,68.33,81.05,81.05,56.0,"152,039 M"
05/14/2026,1630,UFO,57.97,+2.86%,,1.253,2.64,<empty>,58.33,23.695,53.04,49.58,40.7,5.0,0.81,0.78,"1,593,599",400355.01,818029.06,733961.5,44.07,26.88,12.24,2.97,56.19,42.32,-42.32,-49.11,NaN,891 M
05/14/2026,1630,UGA,119.89,-0.08%,,.0843,3.3,<empty>,124.6,57.63,114.39,104.42,75.08,-2.0,-0.69,-0.37,"18,967",-200176.31,95100.85,80870.03,-55.31,25.04,-0.15,0.27,125.08,67.61,125.08,125.08,NaN,144 M
05/14/2026,1630,UHAL,49.67,+0.24%,Industrials,1.072,1.02,($8.17),66.2957,41.945,51.9,49.3,53.26,-4.0,-0.63,-0.35,"212,632",100349.24,237760.02,222498.64,29.92,9.19,-3.29,-4.37,54.16,42.38,54.16,54.16,8.0,"9,436 M"
05/14/2026,1630,UHS,170.67,-0.20%,Health Care,1.135,3.69,$14.11,246.325,152.3278,172.11,180.29,200.83,9.0,0.27,0.62,"813,609",100536.12,820806.46,833557.33,7.97,-11.78,1.43,1.45,241.61,159.11,-159.11,-159.11,50.0,"10,332 M"
05/14/2026,1630,UL,57.34,-0.28%,Consumer Staples,.4424,0.87,$3.64,74.975,54.95,58.07,59.73,66.17,-6.0,-0.51,-0.67,"3,275,087",100232.31,4765001.69,4645159.89,-1.08,-12.36,-2.78,0.17,75.62,55.3,-55.3,61.09,51.0,"124,922 M"
05/14/2026,1630,ULS,100.60,+1.82%,Industrials,.6194,5.87,$2.24,107.54,61.64,94.36,88.53,78.61,-6.0,0.96,-0.63,"451,248",-100145.39,778664.71,806059.62,-34.12,18.1,11.17,2.94,108.06,68.62,108.06,108.06,55.0,"20,277 M"
05/14/2026,1630,ULTA,498.28,+1.25%,Consumer Discretionary,.8892,14.94,$23.82,714.9699,402.5,535.07,544.48,567.72,-6.0,-0.42,-0.54,"589,759",-300337.43,785782.86,716787.73,51.56,-3.57,-7.29,-2.68,715.6,499.36,715.6,579.16,12.0,"21,705 M"
05/14/2026,1630,UNG,11.16,+1.64%,,.1135,0.3,<empty>,18.1182,9.95,10.71,11.36,12.55,4.0,0.47,0.53,"10,843,014",0.0,1.067781575E7,1.075383146E7,-5.8,-8.6,5.28,-0.53,13.47,10.11,-10.11,11.03,NaN,535 M
05/14/2026,1630,UNH,399.09,-0.52%,Health Care,.5805,13.65,$21.68,404.15,234.6,366.06,318.18,319.85,-1.0,1.0,-0.66,"5,340,162",-100145.39,8503289.45,8494492.81,-37.58,39.79,7.72,3.81,373.09,256.33,-256.33,-345.17,51.0,"362,431 M"
05/14/2026,1630,UNP,269.34,+1.77%,Industrials,.9875,2.14,$9.61,274.79,210.84,263.46,252.54,236.75,1.0,0.64,0.48,"3,946,720",100325.16,2906113.71,3013723.75,10.68,11.2,-0.05,2.27,275.14,232.39,275.14,275.14,48.0,"159,911 M"
05/14/2026,1630,UPBD,17.41,+0.75%,Consumer Discretionary,1.902,0.68,$4.50,28.025,15.82,18.97,18.61,20.39,-6.0,-0.57,-0.27,"578,631",300250.11,878006.87,885621.28,-12.6,-2.19,-11.89,-3.22,24.59,17.38,-17.38,21.17,53.0,"1,015 M"
05/14/2026,1630,UPS,98.42,-0.03%,Industrials,1.05,4.14,$5.32,122.41,82.0,103.28,100.83,97.38,2.0,-0.38,0.43,"5,439,491",-200635.09,6451749.37,6262898.87,30.51,1.05,-9.54,-1.58,120.62,94.33,-94.33,-96.08,51.0,"83,658 M"
05/14/2026,1630,UPST,29.71,+10.08%,Financials,2.332,1.93,($2.97),87.3,23.965,31.38,28.89,44.9,1.0,0.66,0.24,"4,696,681",0.0,4813800.7,5176629.24,84.9,6.91,-5.92,3.56,36.17,24.32,36.17,36.17,56.0,"2,844 M"
05/14/2026,1630,URA,52.50,-1.52%,,1.127,1.64,<empty>,62.28,27.2601,55.37,52.01,48.98,-3.0,-0.51,-0.23,"3,335,328",0.0,3849425.75,4054230.07,7.15,5.11,-6.95,-8.26,59.15,45.32,59.15,59.15,NaN,"7,383 M"
05/14/2026,1630,URBN,68.79,+3.58%,Consumer Discretionary,1.154,1.66,$3.49,84.35,59.15,71.01,67.26,70.57,1.0,-0.33,0.22,"1,349,995",-100256.39,1489509.99,1556390.43,57.78,6.55,-2.2,0.57,77.17,60.36,77.17,-65.02,4.0,"5,889 M"
05/14/2026,1630,URI,972.96,+4.03%,Industrials,1.715,13.52,$32.10,1021.47,681.98,923.47,821.71,871.48,1.0,0.86,0.39,"384,796",100536.16,587920.76,588584.88,-63.13,30.93,1.37,3.71,1001.14,702.39,1001.14,1001.14,47.0,"60,953 M"
05/14/2026,1630,URNJ,28.98,-2.62%,,1.57,1.02,<empty>,40.81,15.54,31.48,30.5,28.7,-3.0,-0.32,-0.3,"226,028",0.0,350524.01,380678.37,-1.91,-3.5,-8.52,-11.02,37.52,26.32,-26.32,34.15,NaN,430 M
05/14/2026,1630,URNM,62.50,-2.16%,,.9256,1.94,<empty>,84.95,35.9333,67.08,65.15,60.96,-3.0,-0.28,-0.31,"765,157",0.0,698023.57,739664.43,59.81,-2.62,-8.83,-8.34,76.55,57.38,-57.38,72.15,NaN,"2,260 M"
05/14/2026,1630,USCI,101.3779,-0.71%,,.1473,1.33,<empty>,102.93,69.3,99.09,96.03,83.03,-1.0,-0.59,-0.45,"17,475",300029.17,26897.05,23992.8,36.8,10.07,1.48,0.33,101.07,80.61,-80.61,-95.17,NaN,390 M
05/14/2026,1630,USD/JPY,158.360,-0.02%,,<empty>,0.613,<empty>,N/A,N/A,157.736,158.69,156.815,9.0,0.35,0.83,"30,000",-100200.16,2.11104E7,2.299203125E7,-99.891,-0.776,0.308,0.462,161.15,155.09,-155.09,-155.09,NaN,<empty>
05/14/2026,1630,USFD,83.96,-1.41%,Consumer Staples,.8525,3.67,$3.78,102.13,69.875,89.96,90.65,82.35,2.0,0.0,0.14,"2,630,455",-100028.06,2449669.38,2583021.01,52.89,-8.48,-10.19,0.42,102.61,82.03,102.61,-82.03,57.0,"18,490 M"
05/14/2026,1630,USPH,65.09,+8.23%,Health Care,1.173,5.86,$4.39,93.5,58.19,69.6,73.82,80.14,3.0,0.16,0.24,"495,731",200743.01,188618.28,197971.99,198.99,-16.53,-8.61,9.54,89.62,58.04,-58.04,-58.04,57.0,991 M
05/14/2026,1630,UTI,41.50,+4.40%,Consumer Discretionary,1.237,1.64,$0.01,41.53,21.29,37.24,36.68,30.62,4.0,0.63,0.76,"1,337,199",200449.01,629006.19,745172.42,235.66,14.99,10.58,12.93,40.35,28.62,-28.62,-31.05,57.0,"2,285 M"
05/14/2026,1630,UTZ,7.09,+2.01%,Consumer Staples,.8313,0.36,$0.83,14.67,6.93,7.63,7.67,10.33,-6.0,-0.57,-0.33,"2,868,169",100254.07,1962759.38,2008049.7,43.89,-7.68,-10.93,-1.66,10.57,7.35,10.57,9.06,53.0,628 M
05/14/2026,1630,UUP,27.62,+0.40%,,-.1902,0.09,<empty>,28.45,26.395,27.45,27.56,27.55,3.0,0.61,0.75,"2,309,179",100007.27,2924892.0,2614908.96,57.75,-0.4,0.95,0.99,28.32,27.62,28.32,-27.09,NaN,358 M
05/14/2026,1630,V,322.52,+0.69%,Financials,.7612,6.79,$11.05,375.51,293.89,319.15,311.73,331.34,-2.0,-0.81,-0.57,"5,276,211",-100024.12,7170055.38,7443284.3,-6.07,4.0,-2.22,-0.41,342.11,294.3,342.11,342.11,51.0,"613,350 M"
05/14/2026,1630,VET,12.58,+0.40%,Energy,.3998,0.63,$1.42,14.82,6.22,12.53,12.66,9.52,4.0,0.1,0.47,"953,166",101365.4,2332930.63,2300043.0,-20.82,5.18,-6.61,2.78,15.38,10.61,15.38,-11.05,57.0,"1,927 M"
05/14/2026,1630,VFC,17.28,+0.88%,Consumer Discretionary,1.758,0.72,$0.79,22.2699,11.06,19.19,18.0,16.9,-4.0,-0.35,-0.14,"5,726,604",0.0,6343290.72,6225568.16,7.3,7.8,-8.72,-3.68,22.17,16.44,22.17,22.17,4.0,"6,761 M"
05/14/2026,1630,VG,13.01,+0.08%,Energy,1.399,0.7,($2.81),19.5,5.72,12.43,13.45,10.92,3.0,0.26,0.7,"21,195,564",100815.39,2.907469203E7,2.629647736E7,-12.49,5.94,-1.96,11.96,18.36,9.61,18.36,-11.05,61.0,"32,321 M"
05/14/2026,1630,VGK,87.47,-0.15%,,.8629,1.0,<empty>,90.745,74.2401,87.23,85.11,82.95,-4.0,-0.78,-0.43,"2,673,793",200127.32,4329357.27,4182253.84,-29.86,4.72,0.38,-0.4,91.53,79.38,-79.38,89.06,NaN,"29,997 M"
05/14/2026,1630,VHT,274.10,-0.11%,,.6282,2.3,<empty>,298.6068,234.13,271.96,273.83,274.38,3.0,0.41,0.72,"166,387",-100116.1,197511.13,207350.89,-41.24,-1.74,0.6,2.3,296.53,265.33,-265.33,-265.11,NaN,"16,241 M"
05/14/2026,1630,VIK,86.72,+5.54%,Consumer Discretionary,1.242,2.31,$3.46,92.0,42.2004,82.11,76.86,68.56,2.0,0.7,0.47,"7,286,100",-100451.01,3055727.24,2927376.92,309.63,21.75,5.87,7.18,87.17,66.47,-66.47,-77.11,0.0,"38,683 M"
05/14/2026,1630,VIR,9.09,-2.57%,Health Care,1.702,0.5,($3.19),11.66,4.155,10.06,9.63,6.95,-1.0,0.0,-0.07,"1,555,673",100582.55,2061656.25,3426437.79,23.21,-6.05,-11.01,-2.15,12.18,7.57,12.18,11.17,57.0,"1,533 M"
05/14/2026,1630,VIX,17.26,-3.41%,,-6,0.56,<empty>,35.3,13.38,18.01,21.78,18.36,-1.0,0.17,-0.73,<empty>,NaN,NaN,NaN,NaN,-26.58,2.19,-6.09,35.47,16.06,-16.06,-16.06,NaN,0
05/14/2026,1630,VKTX,31.71,+0.03%,Health Care,.5422,0.66,($3.00),43.15,22.959,32.35,33.3,32.71,9.0,0.39,0.5,"1,433,830",100268.11,2370616.01,2477141.56,-29.66,-11.94,1.7,-0.03,38.43,29.62,38.43,-29.1,52.0,"3,682 M"
05/14/2026,1630,VLO,244.77,+0.27%,Energy,.5728,5.72,$18.20,258.4299,125.1,241.0,239.12,187.59,-2.0,-0.38,-0.49,"2,192,788",-100148.39,3836818.27,3628746.69,31.61,5.25,-3.09,-1.35,258.32,195.56,258.32,256.07,48.0,"72,680 M"
05/14/2026,1630,VLTO,85.27,-0.68%,Industrials,.7337,1.18,$4.20,110.11,84.99,87.93,89.07,98.59,-5.0,-0.48,-0.52,"2,281,170",-100127.39,1971025.72,2001658.09,95.81,-6.51,-3.32,-1.5,98.54,85.33,-85.33,93.11,48.0,"20,942 M"
05/14/2026,1630,VMC,275.09,+0.20%,Materials,1.061,8.04,$8.48,331.09,252.35,289.46,280.74,292.51,-6.0,-0.54,-0.25,"850,666",300138.33,1231000.28,1267961.12,21.62,3.44,-8.83,-2.69,329.62,252.39,-252.39,306.11,53.0,"35,694 M"
05/14/2026,1630,VNM,19.49,+1.25%,,.9488,0.32,<empty>,19.85,12.625,19.17,18.09,18.18,-4.0,-0.91,-0.43,"852,832",-100141.46,911662.33,896812.7,67.43,12.66,3.45,0.0,20.06,16.36,20.04,20.04,NaN,594 M
05/14/2026,1630,VNO,31.07,+1.24%,Real Estate,1.534,0.85,$6.23,43.37,24.57,30.23,27.94,33.83,-4.0,-0.94,-0.34,"1,417,986",-100446.39,2124610.24,2201626.58,-18.48,22.32,3.95,0.1,32.06,25.33,33.05,33.05,55.0,"5,844 M"
05/14/2026,1630,VRNS,27.22,+0.78%,Information Technology,.7817,1.01,$1.00,63.9,19.7,26.35,24.33,38.16,-5.0,-0.98,-0.56,"1,318,727",0.0,2465366.07,2541979.21,-37.69,12.85,3.5,-2.79,30.11,20.24,30.11,30.11,51.0,"3,125 M"
05/14/2026,1630,VRT,376.23,+1.69%,Industrials,2.083,22.48,$5.95,379.935,101.0,333.36,294.22,201.98,4.0,1.0,0.75,"3,606,386",-100569.39,7915147.77,7542763.7,-31.72,42.11,14.53,2.26,360.06,227.62,-227.62,-294.12,52.0,"144,513 M"
05/14/2026,1630,VRTX,450.41,-0.58%,Health Care,.2992,9.98,$14.55,507.92,362.5,433.72,445.12,434.82,7.0,0.53,1.0,"1,088,247",100432.47,1289581.74,1317848.88,-3.53,-3.37,5.39,3.5,508.46,412.07,-412.07,-412.07,55.0,"114,316 M"
05/14/2026,1630,VSCO,46.78,+3.52%,Consumer Discretionary,2.107,2.51,$3.90,66.889,17.53,50.73,48.6,42.72,1.0,-0.32,0.41,"1,921,387",100673.48,2439590.23,2302603.79,76.69,3.84,-9.74,1.61,66.54,42.33,-42.33,-44.02,12.0,"3,716 M"
05/14/2026,1630,VTR,89.96,-0.43%,Real Estate,.7713,1.35,$2.89,90.99,61.76,86.28,85.16,77.37,3.0,0.64,0.66,"3,679,537",100023.11,4039268.67,3829444.6,-9.35,2.47,2.39,2.59,89.08,79.16,-79.16,-79.16,52.0,"43,736 M"
05/14/2026,1630,VVIX,94.26,-4.17%,,-4.312,2.21,<empty>,147.14,81.72,96.32,109.15,102.6,-1.0,-0.25,-0.66,<empty>,NaN,NaN,NaN,NaN,-19.28,0.6,-3.88,141.48,91.12,-91.12,-91.12,NaN,0
05/14/2026,1630,VVV,32.38,+0.90%,Consumer Discretionary,1.025,1.23,$0.78,41.33,28.5,33.34,33.72,34.47,-4.0,-0.31,-0.52,"2,377,155",-200136.05,2143058.74,2037952.96,-42.54,-4.03,-2.56,-6.14,39.56,32.07,-32.07,37.04,56.0,"4,130 M"
05/14/2026,1630,VXD,15.82,-2.22%,,-6.362,0.73,<empty>,42.71,2.43,17.01,21.05,17.3,-1.0,0.14,-0.51,<empty>,NaN,NaN,NaN,NaN,-29.72,0.83,-5.72,43.46,14.58,43.46,-16.09,NaN,0
05/14/2026,1630,VXN:CGI,24.08,-2.07%,,-5,0.87,<empty>,33.92,9.01,23.3,25.59,22.45,-1.0,0.35,-0.7,<empty>,NaN,NaN,NaN,NaN,-8.51,10.51,-2.67,34.32,21.09,-21.09,-21.09,NaN,0
05/14/2026,1630,VXX,27.65,-2.54%,,-2.052,0.4,<empty>,59.36,25.635,28.68,31.61,32.29,-1.0,-0.23,-0.67,"8,574,036",-101204.48,1.14455014E7,1.16497453E7,3.16,-14.82,-1.92,-2.88,40.32,27.54,40.32,31.15,NaN,0
05/14/2026,1630,VZ,47.06,-0.32%,Communication Services,.2358,0.4,$4.70,51.68,38.39,47.1,48.47,44.04,-2.0,-0.25,-0.47,"16,583,466",100029.39,2.526176185E7,2.607746613E7,-37.66,-7.67,-2.02,-0.36,52.36,44.22,-44.22,49.13,46.0,"196,502 M"
05/14/2026,1630,W,61.91,+3.08%,Consumer Discretionary,-.0876,4.81,$2.81,119.98,34.46,70.06,72.95,87.03,2.0,0.31,0.45,"3,172,974",-100868.11,3739764.95,4070176.52,37.91,-21.74,-3.16,0.86,92.6,61.03,92.6,84.17,54.0,"8,172 M"
05/14/2026,1630,WBD,27.12,-0.48%,Communication Services,1.574,0.12,$0.93,30.0,8.82,27.14,27.32,23.37,-1.0,0.09,-0.4,"18,222,297",-100119.39,2.194800015E7,2.328703086E7,-12.31,-1.42,0.26,-0.44,29.56,27.12,-27.12,-27.12,58.0,"67,994 M"
05/14/2026,1630,WCLD,27.91,+1.53%,,1.051,1.0,<empty>,37.115,23.8901,28.12,27.77,32.21,-5.0,-0.88,-0.44,"796,421",400243.32,1146090.69,1273083.61,36.77,-1.2,2.99,-3.69,30.07,24.24,30.05,30.05,NaN,232 M
05/14/2026,1630,WDAY,118.75,+1.93%,Information Technology,1.014,4.41,$10.48,276.0,110.36,123.31,127.7,190.67,-5.0,-0.91,-0.38,"3,841,199",201155.56,4833314.95,5403777.21,-30.53,-11.14,-2.98,-2.2,154.47,110.25,-110.25,133.05,5.0,"29,650 M"
05/14/2026,1630,WEAT,24.82,-2.17%,,.0135,0.7,<empty>,25.6,19.78,23.82,23.23,21.47,-1.0,0.92,-0.79,"822,288",-200149.45,1129523.85,967041.8,-10.65,8.62,2.94,3.46,25.11,21.61,-21.61,-23.17,NaN,348 M
05/14/2026,1630,WELL,217.75,-1.09%,Real Estate,.8345,2.57,$4.34,221.675,143.78,212.97,207.54,189.57,-1.0,-0.57,-0.53,"2,901,266",-100431.39,2937123.01,3053772.24,27.69,3.6,0.19,1.35,220.11,193.36,-193.36,-199.16,50.0,"153,713 M"
05/14/2026,1630,WEN,8.11,-0.98%,Consumer Discretionary,.3778,0.55,$1.17,12.51,6.37,7.08,7.04,8.39,3.0,1.0,1.0,"13,403,230",200467.03,9860425.1,1.034628312E7,77.2,15.2,16.52,19.97,8.59,6.07,-6.07,-6.07,58.0,"1,545 M"
05/14/2026,1630,WEST,8.36,-0.24%,Consumer Staples,.9239,1.29,($0.66),8.9764,3.59,6.4,5.18,4.94,-2.0,1.0,-0.92,"1,171,937",-100168.03,594893.4,518863.04,326.96,84.96,41.94,-4.46,6.06,4.47,-4.47,9.03,58.0,816 M
05/14/2026,1630,WFC,73.79,+0.35%,Financials,.9305,3.14,$0.04,97.76,71.895,79.12,79.44,84.19,1.0,-0.3,0.21,"19,386,378",-300430.05,1.77612849E7,1.758618326E7,25.73,-2.59,-10.26,0.29,89.6,73.03,89.6,-73.02,41.0,"225,811 M"
05/14/2026,1630,WGMI,61.55,+4.53%,Communication Services,3.793,5.51,<empty>,67.885,15.82,52.59,44.53,43.1,1.0,1.0,0.8,"857,355",100674.07,523161.62,512384.05,45.38,52.16,27.78,5.27,61.06,32.32,-32.32,-45.11,NaN,400 M
05/14/2026,1630,WGS,38.85,-0.23%,Health Care,2.084,13.43,($0.99),170.87,32.21,55.35,64.53,107.25,5.0,-0.16,0.3,"1,473,368",201576.06,1170574.55,1091099.49,222.26,-48.96,-38.23,-1.92,95.47,32.06,-32.06,-32.06,51.0,"1,153 M"
05/14/2026,1630,WH,80.65,-0.69%,Consumer Discretionary,.6505,1.71,$3.99,92.685,69.21,83.9,81.6,79.89,-1.0,-0.32,-0.31,"825,444",0.0,1218570.81,1329851.25,-32.09,6.5,-0.9,-1.72,90.17,72.44,90.17,-80.07,47.0,"6,037 M"
05/14/2026,1630,WING,118.96,-1.37%,Consumer Discretionary,1.689,19.9,$4.76,388.14,116.35,159.76,174.6,245.57,3.0,-0.22,0.17,"1,789,544",100972.12,1341781.82,1343862.43,145.06,-40.29,-27.49,-6.57,303.6,127.03,303.6,205.17,52.0,"3,240 M"
05/14/2026,1630,WMS,140.09,+1.56%,Industrials,1.308,4.17,$7.43,179.315,104.69,147.35,143.94,146.6,1.0,-0.45,0.38,"638,255",-100045.15,926989.47,857801.82,-66.5,-0.16,-6.14,-2.59,176.58,131.38,-131.38,159.17,5.0,"10,912 M"
05/14/2026,1630,WMT,132.46,+0.75%,Consumer Staples,.6401,1.62,$1.87,134.69,91.89,129.87,126.47,113.91,3.0,0.41,0.44,"14,194,617",0.0,1.80428375E7,1.989531956E7,-11.37,5.14,0.4,3.82,135.61,118.38,-118.38,133.09,5.0,"1,055,837 M"
05/14/2026,1630,WOOD,67.144,-0.17%,,.7785,0.71,<empty>,83.32,66.65,69.19,70.2,72.66,-4.0,-0.33,-0.56,"6,253",-100017.53,20812.94,32739.49,-20.99,-5.78,-1.92,-1.45,83.62,67.38,-67.38,72.17,NaN,250 M
05/14/2026,1630,WRBY,28.9,1.44%,Consumer Discretionary,2.083,3.09,$0.32 ,31,14.96,24.69,23.59,23.96,-1,0.81,-0.64,"2,744,425",201103.06,2597230.36,2920428.25,58.43,26.09,30.65,0.38,28.5,20.28,-20.28,-21.1,57,"3,546 M"
05/14/2026,1630,WW,11.02,+14.32%,Consumer Discretionary,2.152,0.77,<empty>,46.949,0.237,10.23,13.85,24.67,1.0,0.42,0.78,"366,591",-101609.06,386120.52,334783.27,26.91,-48.02,4.65,10.31,25.42,8.04,-8.04,-8.04,59.0,110 M
05/14/2026,1630,WWW,15.22,-2.00%,Consumer Discretionary,1.662,0.69,$1.55,32.8,13.47,17.08,16.74,20.82,-5.0,-0.77,0.0,"2,987,777",-201064.01,1037388.1,1167036.98,153.13,-4.22,-10.58,-6.05,21.54,15.29,21.54,19.17,0.0,"1,248 M"
05/14/2026,1630,WY,23.35,+1.08%,Real Estate,.9147,0.56,$0.03,27.86,21.155,24.24,24.1,24.43,1.0,-0.21,0.35,"4,360,111",0.0,5252408.36,5399771.17,9.28,-1.6,-4.77,-0.3,28.62,22.38,-22.38,26.17,48.0,"16,836 M"
05/14/2026,1630,WYFI,29.99,+10.95%,Information Technology,4.189,4.82,($7.05),40.75,10.5101,19.46,16.38,NaN,10.0,1.0,1.0,"7,659,843",101951.01,1188254.58,1054687.81,1094.29,89.57,95.89,11.16,22.06,11.33,-11.33,-14.11,0.0,"1,151 M"
05/14/2026,1630,WYNN,95.43,-0.81%,Consumer Discretionary,.9662,4.14,$6.72,134.72,82.627,104.37,103.02,115.18,-5.0,-0.32,0.0,"2,039,988",-100338.05,1651637.92,1762751.85,71.33,-5.17,-10.9,-3.96,119.6,96.32,119.6,110.17,58.0,"9,904 M"
05/14/2026,1630,XBI,134.85,-0.74%,,.87,2.25,<empty>,139.19,75.71,134.32,129.47,115.61,-1.0,-0.52,-0.38,"5,195,902",-100037.31,9216187.92,9213421.47,-23.49,8.83,2.68,0.07,139.19,118.36,139.19,-128.11,NaN,"8,573 M"
05/14/2026,1630,XHR,16.40,+0.24%,Real Estate,1.178,0.32,$1.03,17.23,11.34,16.37,15.54,14.49,-4.0,-0.8,-0.35,"548,645",200136.15,672480.39,700550.59,-66.83,13.81,0.8,-1.2,17.09,14.43,17.09,17.09,53.0,"1,513 M"
05/14/2026,1630,XIACY,20.20,-2.51%,Information Technology,.6291,0.58,$0.12,40.25,18.51,19.88,20.46,26.64,-1.0,1.0,-0.64,"368,924",-100000.4,425468.42,412324.3,-33.17,-10.22,7.22,-0.79,24.62,19.1,-19.1,-19.1,7.0,"104,320 M"
05/14/2026,1630,XLB,51.67,-0.75%,,.9509,0.47,<empty>,54.14,42.035,51.71,50.64,47.35,-1.0,-0.5,-0.57,"10,703,424",0.0,1.329514771E7,1.434656768E7,44.25,4.6,0.39,-1.13,54.55,47.38,-47.38,53.05,NaN,"7,378 M"
05/14/2026,1630,XLC,117.11,+0.30%,,1.006,0.68,<empty>,120.405,99.6,116.73,114.96,114.95,2.0,0.77,0.41,"3,558,209",100123.52,6362947.53,6665536.92,-26.76,1.54,0.51,1.32,119.19,107.33,119.19,-115.1,NaN,"25,360 M"
05/14/2026,1630,XLE,58.07,+0.76%,,.4672,1.23,<empty>,63.46,40.36,57.31,58.02,49.17,4.0,0.22,0.69,"23,481,801",-200233.52,5.089627837E7,5.428220464E7,-35.54,0.29,-2.65,1.57,63.32,53.61,63.32,60.1,NaN,"40,893 M"
05/14/2026,1630,XLF,51.29,+0.59%,,.8806,0.32,<empty>,56.515,47.67,51.76,50.66,52.61,1.0,-0.63,0.26,"37,049,677",100227.52,4.47035092E7,4.924071455E7,36.09,4.04,-1.61,0.21,53.17,48.33,53.17,-51.02,NaN,"50,346 M"
05/14/2026,1630,XLG,64.23,+1.18%,,1.059,1.14,<empty>,64.33,47.93,61.41,58.15,57.8,2.0,1.0,0.5,"730,255",-100129.45,3192969.45,3552610.03,-47.74,13.94,5.47,2.2,62.06,53.32,-53.32,-59.17,NaN,"11,328 M"
05/14/2026,1630,XLI,174.51,+0.51%,,1.009,1.78,<empty>,179.305,139.63,173.12,169.16,160.41,-3.0,-0.65,-0.52,"7,364,404",100028.49,1.161797491E7,1.211226925E7,-3.93,5.09,-0.04,-0.3,179.52,156.32,-156.32,178.05,NaN,"30,963 M"
05/14/2026,1630,XLK,179.50,+1.50%,,1.299,7.61,<empty>,180.215,112.551,164.45,149.02,142.93,-3.0,1.0,-0.72,"11,417,037",0.0,1.388711094E7,1.521213347E7,3.23,29.34,12.54,0.91,170.06,127.32,-127.32,-154.15,NaN,"117,314 M"
05/14/2026,1630,XLP,84.98,+0.31%,,.5038,0.71,<empty>,90.14,75.16,83.49,83.08,81.25,3.0,0.5,0.74,"6,627,745",-100120.52,1.483539545E7,1.66779251E7,-38.93,0.0,0.79,1.93,90.61,80.21,-80.21,-82.17,NaN,"15,014 M"
05/14/2026,1630,XLRE,43.91,-0.68%,,1.015,0.35,<empty>,44.91,39.725,44.15,42.84,41.9,-6.0,-0.8,-0.38,"4,745,774",-100330.39,7160965.17,7852698.25,32.53,3.12,-1.1,-1.48,45.06,40.33,45.06,45.06,NaN,"7,805 M"
05/14/2026,1630,XLU,44.90,+0.51%,,.2431,0.71,<empty>,47.8,39.5825,45.69,46.03,44.37,1.0,-0.12,0.3,"18,472,013",-100424.39,2.309074869E7,2.543839699E7,-23.54,-4.99,-4.16,-0.53,48.53,44.38,48.53,47.09,NaN,"22,663 M"
05/14/2026,1630,XLV,146.63,-0.05%,,.5883,1.24,<empty>,160.59,127.35,145.31,147.06,147.46,3.0,0.39,0.8,"7,763,089",200123.37,1.190867233E7,1.259719391E7,-2.59,-2.9,0.44,2.51,160.53,142.11,-142.11,-142.11,NaN,"37,466 M"
05/14/2026,1630,XLY,118.67,-0.04%,,1.216,0.99,<empty>,125.01,103.855,118.7,114.42,117.18,-4.0,-0.84,-0.32,"5,966,756",300227.32,9444426.13,1.014507855E7,7.59,5.77,0.27,-0.59,122.19,105.32,122.19,121.04,NaN,"22,720 M"
05/14/2026,1630,XOM,152.78,+0.80%,Energy,.178,3.04,$4.41,176.41,101.185,150.25,154.82,129.64,4.0,0.15,0.76,"11,324,590",-100337.31,2.12160704E7,2.12859392E7,-17.55,-2.83,-1.0,2.07,176.32,142.19,-142.19,-144.04,54.0,"633,265 M"
05/14/2026,1630,XOP,169.22,+0.52%,,.5917,5.21,<empty>,190.36,118.14,170.18,171.52,142.21,1.0,-0.15,0.54,"2,238,164",-300137.47,5157814.91,5065971.92,-35.69,1.11,-5.04,0.33,190.32,143.61,190.32,182.07,NaN,"3,359 M"
05/14/2026,1630,XPEV,16.12,-3.36%,Consumer Discretionary,1.021,0.31,$0.74,28.235,15.3801,16.37,17.42,19.8,5.0,0.5,0.67,"10,550,857",-200262.16,6847489.29,6345279.98,38.39,-19.76,-1.1,-0.19,20.43,15.51,20.43,-15.06,9.0,"15,407 M"
05/14/2026,1630,XRT,80.38,+0.79%,,1.186,1.97,<empty>,91.65,73.87,84.53,82.59,84.66,-4.0,-0.4,0.0,"4,094,094",-100023.02,5430162.71,5618166.71,18.28,0.26,-6.3,-1.57,90.58,78.32,-78.32,89.17,NaN,241 M
05/14/2026,1630,XTL,231.76,+2.10%,,1.137,5.9,<empty>,232.585,101.2401,222.45,205.78,163.6,2.0,0.79,0.38,"112,127",-300128.23,106570.79,88550.43,7.34,24.16,2.73,1.71,230.09,173.61,-173.61,-209.12,NaN,788 M
05/14/2026,1630,XYL,109.44,+0.39%,Industrials,1.048,3.74,$3.81,154.27,108.965,116.88,120.41,135.87,1.0,-0.07,0.25,"1,961,053",200037.2,2226208.02,2194751.35,-11.65,-9.61,-7.38,-2.29,132.54,112.03,132.54,125.12,57.0,"26,013 M"
05/14/2026,1630,XYZ,71.53,+2.51%,Financials,2.775,1.43,$5.37,82.5,48.21,71.46,65.65,67.94,-3.0,-0.82,-0.26,"5,270,272",300753.53,6168668.77,7794024.89,34.25,19.52,1.45,-2.24,75.17,49.62,77.04,77.04,60.0,"42,573 M"
05/14/2026,1630,YCS,53.2598,+0.76%,,-.3973,0.82,<empty>,54.67,40.08,52.98,53.12,49.27,6.0,0.22,0.64,"7,736",-100218.2,32097.94,29942.88,-47.46,0.09,2.74,1.52,55.36,49.62,55.36,-52.06,NaN,29 M
05/14/2026,1630,YELP,21.08,-7.79%,Communication Services,.4693,2.56,$4.56,41.22,19.6,27.34,25.87,28.76,-7.0,-0.43,0.0,"1,603,989",0.0,1182128.5,1412837.77,152.41,-10.87,-23.62,-16.61,30.16,20.56,30.16,30.16,58.0,"1,159 M"
05/14/2026,1630,YPF,44.17,+1.47%,Energy,1.061,0.86,$2.86,48.955,22.82,43.41,42.26,35.52,1.0,-0.33,0.43,"1,078,857",-300153.31,2561970.36,2284999.22,-24.53,17.94,-2.19,-1.69,49.31,33.51,49.31,46.02,58.0,"17,333 M"
05/14/2026,1630,YUM,150.63,+0.57%,Consumer Discretionary,.5875,3.25,$5.92,169.39,137.33,156.58,157.81,152.42,1.0,0.0,0.17,"1,507,091",100124.12,1669709.86,1717996.09,25.67,-6.89,-5.65,0.23,169.56,149.03,169.56,-149.03,53.0,"41,517 M"
05/14/2026,1630,YUMC,45.98,-2.00%,Consumer Discretionary,1,0.79,$2.56,58.39,41.69,48.0,49.76,47.77,-2.0,-0.14,-0.37,"1,205,198",100232.4,1542006.44,1595020.19,12.57,-14.98,-5.1,-3.08,57.57,47.04,57.57,50.11,56.0,"16,141 M"
05/14/2026,1630,ZG,37.86,-2.62%,Real Estate,2.022,2.49,$1.24,90.22,37.79,43.86,43.22,63.02,-6.0,-0.74,-0.39,"1,245,373",0.0,1056394.36,1178573.22,38.24,-10.43,-15.13,-6.86,49.49,39.29,49.49,49.17,57.0,"8,662 M"
05/14/2026,1630,ZM,98.23,-4.10%,Information Technology,1.5,6.11,$6.40,111.56,69.15,98.55,87.01,84.32,-7.0,-0.84,-0.43,"6,257,954",-200443.55,4193068.78,4513069.42,47.07,31.04,1.11,-8.3,110.07,71.51,-71.51,112.03,5.0,"28,952 M"
05/14/2026,1630,ZS,153.70,+0.83%,Information Technology,1,7.58,$5.55,336.99,114.625,141.21,142.59,227.44,-1.0,1.0,-0.95,"3,993,514",-100866.26,2786346.74,3067255.0,72.21,0.01,17.62,3.24,180.62,115.24,-115.24,-128.1,7.0,"24,714 M"
