Date,Time,Symbol,Last,%Change,StandardDeviation,52High,52Low,SimpleMovingAvg,SimpleMovingAvg,SimpleMovingAvg,A_MCADays_Streak,A_MACD_BRR,A_MACDH_D_BRR,Volume,A_VolumeSpike,VolumeAvg,VolumeAvg,VolumeRateOfChange,A_Perf2M,A_Perf2Wk,A_Perf3D,A_3mnHigh,A_3mnLow,A_3mnHighLow,A_3wkHighLow,A_EarningsDays
5/29/2026,1630,$COMP,26972.62,0.20%,309.6,27094.8025,18985.3026,26155.78,24289.04,23194.31,4,0.86,0.24,<empty>,NaN,NaN,NaN,NaN,29.71,1.27,1.19,26707.1,20690.42,-20690.42,-25217.17,NaN
5/29/2026,1630,$DJI,51032.46,0.72%,490.88,51094.18,41853.62,49916.81,48568.18,47737.53,7,0.96,0.52,"907,942,096",100100.01,5.19E+08,5.23E+08,98.89,12.86,1.94,1.13,50201.1,45057.42,-45057.42,-49009.17,NaN
5/29/2026,1630,$DXY,98.993,0.09%,0.219,100.643,95.551,98.778,98.879,98.576,-9,-0.6,-0.63,<empty>,NaN,NaN,NaN,NaN,-0.562,0.039,-0.228,101.43,98.18,-98.18,100.02,NaN
5/29/2026,1630,/6B[M26],1.3448,-0.10%,0.005,1.3869,1.3011,1.3479,1.3447,1.3425,8,0.32,0.39,"1,374",-100000.57,90712.52,104259.8125,-98.7678,1.6939,0.9307,0.1489,1.2,1.42,1.2,-1.09,NaN
5/29/2026,1630,/6C[M26],0.72525,-0.01%,0.00242,0.74315,0.70845,0.72918,0.72883,0.72559,3,-0.19,0.33,"1,454",-200106.55,64699.22,73430.70313,-97.28366,0.58946,-0.39143,0.28346,1.58,1.42,-1.42,-1.02,NaN
5/29/2026,1630,/6E[M26],1.1661,-0.10%,0.0039,1.21105,1.13575,1.16903,1.1694,1.17085,7,0.4,0.41,"2,659",-200000.57,172393.98,207987,-97.82779,0.57789,0.1675,0.21916,1.3,1.54,1.3,-1.06,NaN
5/29/2026,1630,/6J[M26],0.0062815,-0.09%,2.48E-05,0.007078,0.006243,0.0063307,0.0063232,0.006488,3,-0.36,0.26,"4,336",200109.18,145696.18,152389.8906,-94.5461864,-0.9383378,-0.5226067,0.0477821,0.17,0.21,0.17,-0.02,NaN
5/29/2026,1630,/BTC[M26],74095,0.52%,2475,127240,60005,78297,75182,90300,2,-1,0,188,-100128,8445,8782,-98,8,-6,-1,83215,65090,83215,-72465,NaN
5/29/2026,1630,/BZ[Q26],93.03,2.10%,6.75,119.4,58.72,103.36,103.03,76.69,1,0,0.09,859,-101000.59,45652.14,63496.8,-97.43,-9.92,-14.84,0.18,119.58,77.62,119.58,113.09,NaN
5/29/2026,1630,/CL[N26],89.5,2.45%,5.68,119.48,54.98,97.51,97.49,72.09,1,0,0.23,"7,265",100321.58,307929.48,385846.61,-96.84,-11.87,-11.53,0.1,119.58,70.62,119.58,105.09,NaN
5/29/2026,1630,/GC[Q26],4573.3,-0.43%,71.6,5626.8,3250.5,4595.6,4642.7,4401,5,0.3,0.6,"3,510",0,146587.8,152994.4,-97.5,-2.7,0.7,1.9,5394.6,4100.5,-4100.5,-4396,NaN
5/29/2026,1630,/HG[N26],6.405,0.25%,0.1212,6.716,4.3325,6.3319,6.0181,5.4843,-2,-0.72,-0.36,423,0,43589.02,43987.3594,-99.2902,13.3227,1.8364,1.0651,7.12,5.48,7.12,7.12,NaN
5/29/2026,1630,/NG[N26],3.334,1.34%,0.158,7.439,2.495,2.969,2.844,3.411,4,0.57,0.37,"2,518",0,108616.28,118208.641,-98.362,15.764,12.597,7.966,3.58,2.25,-2.25,-3.16,NaN
5/29/2026,1630,/NKD[M26],66420,0.29%,1929,66780,37295,63018,59084,52452,7,1,1,245,200500,5912,6080,-96,25,7,2,63880,50410,-50410,-59355,NaN
5/29/2026,1630,/SI[N26],75.545,-0.43%,4.448,121.785,33.075,78.345,76.009,66.235,3,-0.24,0.57,"1,594",0,42994.36,44640.531,-97.422,0.265,-0.983,0.881,92.62,61.48,-61.48,-72.02,NaN
5/29/2026,1630,AAAU,44.81,1.07%,0.86,54.71,32.15,45.25,45.66,43.17,2,0.27,0.55,"1,102,243",0,2251678.48,2331710.9,-15.19,0.66,-2.33,0.76,53.62,43.46,-43.46,-43.02,NaN
5/29/2026,1630,AAL,14.64,-0.07%,0.99,16.5,10.09,13.13,12.04,13.05,-2,0.99,-0.85,"71,239,112",-100272.57,6.00E+07,6.89E+07,23.17,43.81,15.28,-1.38,13.29,10.42,-10.42,15.02,37
5/29/2026,1630,AAPL,312.06,-0.14%,6.35,315,195.07,297.54,275.28,263.24,-4,-1,-0.48,"70,026,752",300027.2,4.61E+07,4.47E+07,32.9,26.53,4.64,1.21,303.09,246.42,-246.42,-277.17,42
5/29/2026,1630,ABBV,217.72,-0.42%,4.12,244.81,181.73,210.05,208.23,219.59,-1,0.98,-0.95,"7,620,822",-100136.49,6725892.37,6707165.31,55.03,2.16,3.3,2.16,237.6,191.21,-191.21,220.04,42
5/29/2026,1630,ABNB,133.31,-0.88%,1.52,147.25,110.81,135.72,134.39,128.59,7,-0.35,0.35,"4,207,350",0,3696905.83,3761419.47,-46.35,8.29,-0.27,0.47,147.26,122.39,147.26,-128.06,46
5/29/2026,1630,ABR,5.75,1.95%,0.28,12.575,5.4,6.45,7.21,8.99,10,0.06,0.53,"4,394,651",-401162.13,3974532.98,4181744.52,-63.24,-21.77,-1.54,5.89,9.6,5.03,9.6,-5.02,43
5/29/2026,1630,ABT,85.6,-0.81%,1.81,139.06,81.97,86.32,94.21,116.59,-5,0.57,-0.86,"21,146,667",-100135.49,1.34E+07,1.25E+07,93.77,-15.98,0.82,-1.23,116.62,82.13,-82.13,89.07,32
5/29/2026,1630,ACHC,23.2,-2.36%,1.32,30.1991,11.43,25.08,25.39,20.69,4,-0.21,0.18,"2,763,036",-100568.21,2922503.3,3049452.9,52.51,1.62,-13.43,-1.23,30.18,22.2,30.18,-22.05,41
5/29/2026,1630,ACHR,6.81,0.00%,0.32,14.62,4.8,6.27,5.89,7.98,6,1,0.59,"56,889,622",-100187.04,3.68E+07,3.54E+07,24.61,37.85,6.24,4.61,8.62,5.42,-5.42,-6.17,49
5/29/2026,1630,ACI,15.61,-1.95%,0.47,22.78,15.435,16.27,16.71,17.6,-6,-0.15,-0.35,"9,917,417",-100131.13,6761020.36,6572500.78,150.61,-10.18,-5.45,-0.76,18.37,16.12,18.37,18.07,35
5/29/2026,1630,ADBE,259.21,7.36%,7.2,421.48,224.13,248,244.45,303.93,1,0.72,0.57,"10,808,921",300661.01,5064722.74,5482911.78,194.72,7.5,9.37,7.78,285.59,224.34,-224.34,265.07,9
5/29/2026,1630,ADYEY,10.9,1.11%,0.31,19.94,9.45,10.9,10.71,14.17,-3,-0.82,-0.62,"931,381",100000.13,1666982.96,1741919.33,-75.97,11.57,5.52,-3.28,12.29,9.39,12.29,-10.11,NaN
5/29/2026,1630,AFK,27.6693,0.11%,0.69,30.85,19,27.46,27.01,25.9,6,0.52,0.53,"42,775",-200043.52,65443.63,87037.5,21.83,11.89,-0.68,1.13,30.62,24.48,-24.48,-26.07,NaN
5/29/2026,1630,AFRM,73.65,0.89%,2.97,100,42.095,67.14,59.01,67.37,4,0.85,0.5,"6,453,795",-100679.51,5138734.92,5426191.32,-31.44,71.16,9,6.32,71.14,42.43,-42.43,-60.11,62
5/29/2026,1630,AGCO,112.28,-1.40%,2.2,143.78,95.96,115.61,116.35,113.75,-1,-0.24,-0.49,"927,763",-100144.18,714148.42,707249.43,122.62,-0.33,-4.31,-1.82,137.62,108.48,-108.48,-108.05,42
5/29/2026,1630,AHR,48.89,-1.15%,0.83,54.67,34.03,50.4,49.47,47.33,-3,-0.44,-0.39,"3,614,827",-100128.06,2525590.95,2624542.4,35.67,4.18,-4.4,-4.14,54.56,47.42,-47.42,52.13,47
5/29/2026,1630,AIQUY,41.35,-2.50%,0.74,44.415,36.169,41.54,41.9,40.01,-1,-0.29,-0.58,"131,439",0,184368.36,187238.63,33.68,2.48,0,-2.32,44.32,38.57,44.32,43.02,40
5/29/2026,1630,AKAM,149.54,4.48%,5.14,165.45,69.78,139.93,118.97,94.56,1,-0.76,0.25,"5,655,596",100355.07,6053399.1,5590566.61,-73.69,35.67,-3.94,0.9,165.11,89.32,165.11,165.11,47
5/29/2026,1630,ALB,176.42,0.06%,13.42,221,53.7,186.16,184.47,140.5,5,0.01,0.36,"2,542,588",-100466.16,2092449.17,2076176.82,-18.77,-0.45,-7.68,0.99,221.15,155.48,221.15,-166.07,41
5/29/2026,1630,ALCO,40.65,-2.54%,0.5,45.01,30.89,40.94,41.45,37.58,-1,-0.28,-0.51,"18,920",300200.49,25703.09,27604.65,-2.1,-0.93,-0.76,-1.36,45.35,37.55,45.35,-40.09,50
5/29/2026,1630,ALGN,174.95,0.98%,5.18,208.305,122,165.96,174.07,158.09,9,0.29,0.74,"1,155,008",-100247.5,1071033.31,1158101.33,38.18,5.23,8.98,6.97,200.27,152.06,-152.06,-152.06,41
5/29/2026,1630,ALLY,42.81,0.02%,0.56,47.27,34.3,42.78,42.14,41.51,7,0.49,0.47,"5,014,452",-100133.27,3370575.39,3577910.78,7.67,12.93,1.04,0.16,47.27,36.54,47.27,-41.06,32
5/29/2026,1630,ALNY,301.98,-1.01%,5.76,495.55,284.28,295.65,308.93,385.64,2,0.8,0.86,"2,278,069",-100042.01,1091704.89,1107870.37,145.81,-4.46,2.91,2.19,343.32,284.13,-284.13,-284.13,42
5/29/2026,1630,AMAT,450.06,0.08%,13.4,462.4,154.465,428.22,397.25,292.55,-1,0.69,-0.63,"8,549,508",100261.1,6859990.29,6753914.62,4.71,39.29,2.16,-1.06,448.13,317.57,-317.57,462.02,52
5/29/2026,1630,AMBA,72.18,-21.41%,5.88,96.69,48.3,80.14,65.95,72.21,-3,-0.87,-0.35,"7,413,648",-101376.01,1028123.35,1057394.9,599.78,48.37,-10.93,-22.86,84.06,48.42,-48.42,96.03,62
5/29/2026,1630,AMD,516.1,-0.38%,33.14,527.1999,111.01,440.11,328.15,237.58,5,0.96,0.51,"30,803,236",300369.17,3.95E+07,3.78E+07,-47.01,163.26,14.77,2.42,469.13,188.61,-188.61,-345.17,45
5/29/2026,1630,AMG,302.85,-0.04%,3.99,334.78,172.54,301.07,291.38,274.34,-2,-0.56,-0.49,"500,377",0,344173.2,348816.87,47.21,12.22,0.25,-1.88,318.19,254.39,318.19,313.02,42
5/29/2026,1630,AMH,32.08,0.28%,0.43,37.9,27.215,31.93,30.42,31.66,-4,-0.75,-0.26,"6,140,482",100128.01,3172882.44,3613690.6,79.71,14.86,2.3,0.12,33.15,27.48,33.15,-30.09,42
5/29/2026,1630,AMLP,51.6,-1.60%,0.89,55.22,44.64,53.59,52.92,49.47,-7,-0.25,0,"1,786,436",-100016.41,1615182.39,1585142.78,7.11,-3.12,-4.21,-3.24,55.06,51.29,55.06,55.06,NaN
5/29/2026,1630,AMN,28.97,3.72%,1.48,31.65,14.865,26.62,22.26,19.55,2,0.7,0.28,"1,859,146",200472.14,1012277.29,1052522.63,-51.38,54.67,-4.39,6.43,32.13,17.39,32.13,32.13,47
5/29/2026,1630,AMPH,18.85,-2.33%,0.71,31.2641,16.645,19.46,20.21,24.78,9,0.59,0.77,"849,067",100060.06,595181.98,642120.33,-57.2,-1.93,8.96,0.21,24.15,17.08,-17.08,-17.08,47
5/29/2026,1630,AMZN,270.64,-1.23%,3.59,278.56,196,268.74,246.67,231.52,7,-0.66,0.38,"54,749,561",-100334.21,4.49E+07,4.51E+07,57.63,34.68,1.28,2.02,279.17,199.43,279.17,-255.07,42
5/29/2026,1630,AN,187.72,-3.11%,5.74,228.9166,176.62,194.23,196.68,205.93,-1,-0.29,-0.63,"521,707",-100334.2,398558.92,408940.03,146.08,-2.59,-2.56,-2.11,218.19,177.06,-177.06,-177.06,43
5/29/2026,1630,AQWA,18.665,-0.11%,0.23,20.92,18.145,18.85,19.13,19.47,7,0.3,0.58,"9,502",-100124.59,10848.3,29759.84,77.75,0.3,-1.32,-1.22,21.62,18.06,-18.06,-18.06,NaN
5/29/2026,1630,AR,35.75,-0.17%,1.1,45.75,29.1,37.16,38.82,35.18,1,-0.07,0.56,"5,455,039",0,5289886.49,5600610.74,80.61,-19.17,-3.59,-0.14,46.42,35.29,46.42,40.17,41
5/29/2026,1630,ARE,49.68,-0.76%,1.56,88.236,39.41,46.48,45.99,58.3,-1,0.83,-0.68,"3,120,917",-100849.23,2319067.95,2414332.19,40.2,7.32,7.6,2.5,54.62,39.22,-39.22,-41.17,44
5/29/2026,1630,ARGT,97.7,1.72%,3.09,103.9699,66.49,91.14,91.49,87.35,7,0.66,0.95,"170,659",100032.21,288837.47,265457.19,-38.2,9.66,9.19,5.64,97.36,83.61,-83.61,-86.09,NaN
5/29/2026,1630,ARHS,6.77,-1.31%,0.37,12.63,5.57,6.48,6.81,9.18,11,0.51,0.69,"1,192,442",-100165.1,1388932.15,1416753.19,-38.98,3.99,15.14,5.12,8.27,6.06,-6.06,-6.06,47
5/29/2026,1630,ARKK,81.95,1.16%,2.29,92.65,55.64,77.65,74.41,78.01,7,0.79,0.63,"9,357,002",100150.48,9308005.45,9709809.06,46.6,29.01,5.06,6.11,81.13,63.42,-63.42,-73.07,NaN
5/29/2026,1630,ARQQ,16.51,-2.37%,1.7,62,11.52,14.91,14.31,25.37,-1,1,-0.61,"476,033",200526.05,458408.62,399126.24,-24.05,38.74,19.03,-0.48,18.3,12.42,19.04,19.04,133
5/29/2026,1630,AS,35.58,-1.28%,1.34,42.76,28.92,34.91,34.6,35.67,-2,0.58,-0.73,"4,095,803",-200151.08,4437429.65,4759900.96,26.37,14.74,6.75,-3.52,38.62,31.48,-31.48,38.02,54
5/29/2026,1630,ASBFF,25.76,0.00%,2.36,31.08,23.18,27.04,28.05,25.16,1,0.29,0.37,<empty>,NaN,2186.16,2774.45,-72.45,-11.17,-3.38,6.01,31.09,23.04,-23.04,-23.04,NaN
5/29/2026,1630,ASO,52.8,-4.21%,1.66,62.445,39.87,52.13,54.47,53.02,-1,0.31,-0.72,"1,484,493",-200851.52,1337866.87,1447514.22,43.24,-2.71,3.39,-3.17,62.56,48.07,-48.07,-48.07,7
5/29/2026,1630,ATRO,87,-1.33%,3.49,90.65,27.2701,79.69,74.49,60.46,-1,0.68,-0.76,"464,283",101060.12,535722.6,572689.19,-14.84,39.6,5.19,3.03,86.06,61.42,-61.42,-71.11,42
5/29/2026,1630,AVB,182.51,-1.26%,1.75,209.86,160.095,184.9,175.64,180.71,-2,-0.73,-0.24,"1,769,118",-200121.06,1042757.42,1050773.82,-11.6,12.97,-0.56,-1.39,188.12,160.41,-160.41,188.02,41
5/29/2026,1630,AVGO,446.77,4.73%,9.53,448.9,241.11,422.91,385.7,352.3,4,0.56,0.44,"41,798,353",100364.01,2.17E+07,2.39E+07,85.26,52.27,1.59,5.87,442.1,290.42,-290.42,-405.11,3
5/29/2026,1630,AVO,11.14,-0.98%,0.48,15.53,10.08,12.46,13.31,12.75,-4,0,-0.33,"2,322,598",-400260.01,1018003.78,983094.53,172.77,-18.69,-9.87,-4.38,16.36,12.03,16.36,14.16,6
5/29/2026,1630,AVTR,9.12,-0.33%,0.47,15.93,7.265,8.13,8.02,10.77,7,0.9,1,"13,814,306",100357.07,9421904.65,9649378.57,-7.77,20.16,14.86,12.04,9.62,7.43,-7.43,-7.06,43
5/29/2026,1630,AWI,157.9,-1.52%,2.01,206.0799,149.06,160.1,166.68,184.36,-1,0.4,-0.65,"532,363",200132.23,441107.64,493390.9,64.11,-1.15,-1.52,-1.13,183.27,152.07,-152.07,-152.07,40
5/29/2026,1630,AXP,316.47,0.43%,2.11,387.49,286.15,314.08,313.32,337.06,7,0.62,0.47,"4,531,023",100039.49,3235543.94,3534052.68,-33.39,6.38,1.18,1.85,340.29,291.48,340.29,-303.06,38
5/29/2026,1630,AZO,2935.19,-2.39%,173.12,4388.11,2931.65,3358.1,3426.57,3719.74,-4,-0.02,0,"494,570",-100237.01,241483.51,223248.77,113.63,-12.19,-13.15,-5.32,3882.62,3001.03,3882.62,3600.16,79
5/29/2026,1630,B,42.55,2.49%,2.12,54.69,19.43,41.73,41.07,39.5,4,0.54,0.57,"18,668,944",100647.14,1.33E+07,1.33E+07,27.38,10.66,-1.41,1.07,51.62,36.48,-36.48,48.13,50
5/29/2026,1630,BA,231.15,1.04%,7.85,254.3499,176.77,226.82,219.26,219.51,5,0.49,0.43,"6,941,936",-100639.11,6877161.72,7028977.77,-7.75,22.17,0.85,5.6,244.1,188.42,244.1,-214.07,40
5/29/2026,1630,BABA,124.22,-1.54%,5.58,192.67,103.71,134.18,131.07,149.62,-11,-0.46,-0.22,"12,504,288",201052.12,1.15E+07,1.16E+07,24.27,1.84,-11.98,-4.05,147.11,118.37,147.11,147.11,62
5/29/2026,1630,BAC,51.6,1.63%,0.72,57.55,43.36,51.43,51.19,51.84,1,0.52,0.44,"57,930,560",100043.49,3.62E+07,3.86E+07,60.42,9.25,3.51,-1.15,55.31,46.49,55.31,-49.09,30
5/29/2026,1630,BALL,54.67,-2.79%,0.83,68.29,44.83,57.17,59.53,55.22,-1,-0.06,-0.5,"8,187,757",-100231.01,2695031.27,2518769.82,159.47,-5.79,-3.44,-3.32,67.62,55.07,67.62,62.17,45
5/29/2026,1630,BBN,16.04,0.38%,0.19,17.45,15.47,15.91,16.02,16.45,7,0.44,0.78,"189,523",-100100.17,198666.21,196246.81,64.44,2.23,0.06,1.45,17.62,15.07,-15.07,-15.07,NaN
5/29/2026,1630,BBWI,20.02,-1.67%,1.31,33.96,14.275,18.41,18.68,22.32,7,0.63,0.83,"6,785,339",-200063.03,6321461.18,6266665.8,12.24,7.23,11.53,12.92,24.6,16.06,-16.06,21.02,61
5/29/2026,1630,BBY,77.95,4.29%,6.52,84.99,55.1,60.81,62.11,69.78,11,1,1,"10,247,835",300542.01,4270093.94,4610266.7,340.13,21.97,37.53,23.3,68.6,55.11,-55.11,-55.11,61
5/29/2026,1630,BCO,104.02,-2.86%,1.35,136.37,80.1,105.71,105.78,114.42,-1,-0.67,-0.58,"487,798",0,481604.6,559227.79,2.63,3.5,-2.7,-2.8,128.6,96.48,-96.48,-99.11,46
5/29/2026,1630,BDRY,12.94,-1.60%,0.32,13.34,5.1,12.6,11.47,9.75,-1,-0.72,-0.5,"67,581",200157.58,96420.94,167341.47,83.06,30.18,-0.08,0.47,13.12,10.42,13.12,13.12,NaN
5/29/2026,1630,BEAM,32.93,0.40%,2.27,36.44,15.6,30.12,28.32,26.02,6,0.61,0.66,"1,798,787",-201095.25,2150446.11,2096436.81,-36.96,50.37,11.51,10.54,34.13,22.42,34.13,-26.07,45
5/29/2026,1630,BEPC,39.98,1.30%,1.28,45.18,28.765,37.28,39.23,39.09,18,0.54,1,"1,388,633",-200342.2,1552320.68,1500922.2,-8.96,2.57,9.32,2.36,44.3,34.18,-34.18,-36.09,43
5/29/2026,1630,BIDU,135.31,2.47%,6.59,165.3,82.39,135.48,124.5,125.61,3,0.54,0.31,"2,813,598",-100260.1,2313543.35,2348739.72,-46.05,26.93,-5.57,6.69,152.11,106.42,152.11,-125.03,55
5/29/2026,1630,BIO,312.48,-1.80%,26.46,343.12,211.43,271.15,277.5,293.51,-1,1,-0.99,"521,587",100339.09,391008.65,364738.91,125.98,15.58,26.89,5.25,313.27,237.11,-237.11,-237.11,42
5/29/2026,1630,BIP,39.04,-0.17%,0.65,40.32,29.63,38.05,36.88,35.22,-5,-0.81,-0.62,"809,086",-100328.22,949995.88,990590.69,3.24,10.88,1.77,0.59,40.62,33.21,-33.21,40.05,42
5/29/2026,1630,BIRK,45.07,2.27%,4.85,57.2,31.12,38.04,37.62,41.52,8,1,1,"2,769,103",100850.06,2544729.64,2477891,80.53,32.29,32.05,3.51,43.27,31.09,-31.09,-31.09,52
5/29/2026,1630,BITO,10.02,0.10%,0.37,23.49,8.61,10.71,10.26,13.77,-13,-0.72,-0.37,"134,285,282",100256.11,1.20E+08,1.20E+08,16.58,9.51,-9.97,-3.38,11.13,9.43,11.13,11.13,NaN
5/29/2026,1630,BJ,85.28,-0.84%,4.91,115.43,83.65,92.21,93.97,94.59,1,0,0.01,"2,993,589",-200232.03,2140106.64,2132903.11,35.36,-13.82,-11.13,0.44,102.6,84.03,102.6,-84.02,56
5/29/2026,1630,BJRI,47.05,1.18%,1.93,47.9899,28.46,42.36,39.2,37.31,7,1,0.9,"402,971",100943.17,358388.6,379938.41,-27.41,35.08,12.78,4.56,44.06,33.53,-33.53,-37.16,42
5/29/2026,1630,BK,137.16,0.00%,2.09,139.15,87.41,134,127.38,115.79,8,0.55,0.4,<empty>,-100126.24,3735733,3647721,-49,19.3,2.63,1.58,139,112.5,139,-130,37
5/29/2026,1630,BKNG,167.43,-1.41%,5.29,233.576544,150.14,162.33,170.43,194.67,10,0.62,0.77,"8,489,894",0,7665716.13,8314861.96,-4.19,1.66,8.38,2.53,194.27,150.06,-150.06,-150.06,41
5/29/2026,1630,BKV,26.54,-0.34%,0.94,32.81,19.56,28.74,28.62,26.5,-6,-0.05,-0.13,"897,357",-100056.49,954014.03,1029280.36,-24.83,-9.33,-7.17,-1.99,33.62,26.31,33.62,32.17,51
5/29/2026,1630,BLDR,76.26,-0.60%,2.85,151.03,65.1,74.28,80.58,107.92,7,0.42,0.64,"10,163,752",-400069.01,2598510.66,2659107.02,402.12,-3.28,3.64,2.49,102.62,65.06,-65.06,-65.06,42
5/29/2026,1630,BLK,1046.88,0.04%,19.61,1219.9399,917.39,1069.72,1031.28,1077.6,-2,-0.74,-0.32,"1,078,103",100341.58,698032.31,786970.59,119.62,12.08,-5.18,-2.83,1111.1,917.54,1111.1,-1030.06,31
5/29/2026,1630,BLMN,8.44,1.44%,0.28,10.7,5.19,7.72,6.67,6.8,3,0.85,0.45,"2,956,804",101578.17,2809808.17,2903481.51,-56.34,58.05,3.69,6.57,9.13,5.42,-5.42,-6.17,46
5/29/2026,1630,BLOK,67.96,1.31%,2,75.89,46.9,63.96,58.6,60.72,6,0.89,0.61,"268,275",-100043.04,309247.2,319225.4,64.51,43.5,3.71,4.43,66.1,47.42,-47.42,-60.07,NaN
5/29/2026,1630,BNDD,97.5738,-0.64%,0.62,102.28,94.64,97.48,97.9,98.23,-1,0.59,-0.52,312,-100020.27,294.45,336.43,5572.68,-1.05,0.1,-0.57,100.57,96.07,-96.07,-96.07,NaN
5/29/2026,1630,BNO,50.59,-1.44%,2.49,60.81,27.14,55.32,52.8,36.58,-7,-0.06,-0.08,"4,582,627",-400395.48,5979555.63,6468707.52,13.76,-6.3,-10,-4.73,61.18,37.62,61.18,59.08,NaN
5/29/2026,1630,BOOT,169.87,-0.53%,10.43,210.25,133.1797,157.05,157.34,177.17,8,0.71,0.94,"696,323",-200849.1,758318.88,730874.86,57.31,21.39,16.06,3.52,190.6,133.39,-133.39,-138.07,42
5/29/2026,1630,BP,41.87,0.67%,1.4,48.27,28.825,44.34,45.44,38.35,-6,0,-0.09,"11,684,979",-200239.41,1.36E+07,1.41E+07,13.75,-11.57,-5.1,-1.83,48.41,38.6,48.41,47.17,45
5/29/2026,1630,BRBR,8.36,-3.46%,0.37,63.52,8.3,10.17,13.77,25.35,13,0.24,0.61,"4,108,611",100988.17,4440828.74,4231929.28,-32.62,-48.2,-8.63,-2.79,19.51,9.06,19.51,12.17,44
5/29/2026,1630,BRCB,8.32,-2.12%,1.44,30.4,6.13,9.02,11.85,NaN,8,0.28,0.6,"1,065,150",-200780.11,577462.33,620477.86,599.52,-32.14,16.2,11.98,18.51,6.05,-6.05,-6.05,50
5/29/2026,1630,BRKR,58.89,8.27%,4.6,58.98,28.53,44.47,39.96,40.25,6,1,1,"6,051,594",200863.01,2260748.56,2230312.65,129.5,71.64,33.36,25.51,45.11,32.52,-32.52,-37.17,45
5/29/2026,1630,BROS,58,2.55%,2.6,77.88,44.58,53.89,53.31,56.71,4,0.67,0.83,"3,801,533",-100158.16,4198726.49,4147758.53,-34.51,20.86,16,8.27,60.16,45.43,60.16,-48.11,46
5/29/2026,1630,BTAL,11.55,-0.39%,0.31,19.1999,11.47,12.09,12.81,14.4,-6,-0.32,-0.48,"474,718",-300160.27,903674.83,967073.34,-29.63,-19.51,-3.67,-2.45,15.57,12.03,15.57,13.07,NaN
5/29/2026,1630,BTC,32.48,0.19%,1.18,55.96,27.545,34.65,33.13,39.95,-13,-0.69,-0.42,"1,788,703",0,2230374.55,2895721.4,74.96,10.4,-9.8,-3.22,36.13,29.43,36.13,36.13,NaN
5/29/2026,1630,BTC-USD,-69.64,0.83%,3.99,18.805,-74.08,-59.22,-41.35,-17.77,-4,-0.16,-0.6,"851,620",-100367.07,962843.5,929329.65,-13.59,405.74,1.74,2.68,-11.58,-69.9,-12,-43,NaN
5/29/2026,1630,BTI,61.79,-1.80%,1.73,67.3,45.04,62.8,59.83,57.36,-8,-0.73,-0.16,"3,863,416",100330.13,4073614.3,4462165.51,5.26,6.06,-7.36,-4.85,67.1,55.27,67.1,67.1,42
5/29/2026,1630,BUD,79.99,-2.43%,1.37,84.46,56.97,80.72,75.6,67.98,-2,-0.72,-0.45,"2,015,267",100127.18,1942991.27,1955472.33,56.41,17.24,-0.93,-3,83.06,67.48,-67.48,84.02,42
5/29/2026,1630,BULL,6.4,1.11%,0.38,18.32,4.5,6.88,6.22,8.93,2,-0.52,0.07,"16,258,509",-200593.06,1.36E+07,1.34E+07,99.74,38.23,-12.33,2.24,8.27,5.39,8.27,8.17,52
5/29/2026,1630,BURL,323.83,7.76%,15.68,351.85,218.52,306.28,319.74,292.77,1,0.49,0.88,"2,326,546",400841.01,789367.76,851161.1,363.96,3.63,10.7,-0.84,352.28,281.11,352.28,335.02,61
5/29/2026,1630,BUXX,20.22,0.10%,0.02,20.46,20.18,20.24,20.25,20.3,-2,-0.43,-0.59,"220,944",-100000.47,398579.64,403356.69,-5.06,-0.07,-0.05,-0.2,20.46,20.42,-20.42,20.02,NaN
5/29/2026,1630,BXP,60.01,-1.02%,0.81,79.33,49.72,59.5,56.59,65.25,-2,-0.93,-0.36,"2,007,136",0,1817520.43,2247081.92,9.29,15.8,1.78,-0.99,61.1,50.57,-50.57,61.02,41
5/29/2026,1630,BYD,82.68,-0.64%,1.64,89.96,72.71,81.79,83.74,83.64,7,0.28,0.83,"1,482,999",100230.25,963769.3,980267.08,38.89,3.13,4.14,2.48,89.25,77.57,89.25,-77.06,38
5/29/2026,1630,BYDDF,11.655,1.00%,0.52,18.95,11.2,12.37,13.05,13.02,5,0.01,0.34,"115,496",-200100.07,198264.46,210537.59,-80.9,-12.17,-7.96,-1.85,15.33,11.06,-11.06,-11.06,NaN
5/29/2026,1630,C,125.9,0.98%,1.71,135.29,74.3,125.41,123.18,110.41,7,0.33,0.35,"17,326,741",-100048.49,1.24E+07,1.32E+07,-1.02,17.37,0.87,-0.76,135.27,102.57,135.27,-120.07,30
5/29/2026,1630,CACC,573.64,2.36%,13.83,579.795,401.9,539.72,499.45,482.02,2,0.95,0.41,"239,089",0,148287.22,177188.44,20.16,35.98,4.94,3.92,565.16,405.4,-405.4,-506.17,42
5/29/2026,1630,CAG,13.28,-0.75%,0.29,22.81,13.13,13.76,14.5,17.22,3,0.33,0.61,"13,936,195",-500437.34,1.51E+07,1.50E+07,34.31,-15.58,-2.85,0.99,19.62,13.05,19.62,14.15,27
5/29/2026,1630,CAH,196.8,-1.53%,6.51,233.6,137.75,194.41,203.09,192.86,-4,-0.51,-0.86,"3,132,473",200030.1,2053846.05,2023991.21,-3.94,-4.61,1.24,-1.78,234.62,180.11,-180.11,204.07,54
5/29/2026,1630,CAKE,66.04,2.77%,2.71,69.7,43.07,61,59.75,56.68,7,0.62,0.9,"1,103,207",-100339.21,1160147.52,1194371.6,-36.73,21.46,13.32,2.18,65.2,53.43,-53.43,-56.11,41
5/29/2026,1630,CAMT,171.66,-1.79%,12.64,215.99,64.9,177.18,175.55,133.79,7,0.15,0.62,"302,938",-200873.09,451718.81,449893.85,-5.7,18.83,0.18,-1.76,216.13,141.41,216.13,-148.07,51
5/29/2026,1630,CANE,9.56,0.95%,0.23,11.46,8.97,9.95,9.88,9.85,-11,-0.32,-0.33,"622,049",100142.19,787559.15,674777.94,11.92,-8.78,-5.35,-2.45,11.44,9.29,-9.29,10.17,NaN
5/29/2026,1630,CARR,63.87,0.09%,1.39,81.09,50.24,65,61.75,59.48,5,-0.41,0.31,"10,392,881",100542.21,6945139.78,6811541.54,106.53,17.49,-4.29,-1.57,69.2,54.42,69.2,-61.05,40
5/29/2026,1630,CASY,767.14,-1.77%,37.52,901,433.16,841.73,782.91,628.66,-11,0,0,"1,061,647",200129.37,621698.13,624432.15,313.2,8.85,-12.57,-5.22,901.1,627.57,901.1,901.1,7
5/29/2026,1630,CAT,875.87,-1.33%,21.38,931.35,339.5,893.17,814.63,635.58,-2,-0.49,-0.29,"5,196,777",-100141.01,2492164.8,2556742.15,155.96,31.23,-4.82,-3.6,931.15,663.57,931.15,-846.07,45
5/29/2026,1630,CAVA,77.66,-0.69%,2.48,98.79,43.41,81.25,84.78,68.75,-2,-0.11,-0.57,"2,935,251",-100759.07,3054683.49,3090152.86,-27.02,0.94,2.06,-3.31,99.27,72.11,-72.11,-72.11,58
5/29/2026,1630,CBRL,33.82,-1.17%,1.99,71.93,24.85,31.06,29.83,34.68,-1,0.82,-0.58,"978,374",0,1044937.41,1103024.58,-4.8,21.83,15.94,1.53,35.59,26.43,-26.43,36.02,7
5/29/2026,1630,CCK,95.08,-2.46%,1.69,116.62,89.21,98.44,101.01,101.04,-1,-0.21,-0.58,"1,760,823",-100134.23,1133608.64,1129213.91,86.38,-3.2,-4.16,-3.06,116.62,94.06,-94.06,-94.06,35
5/29/2026,1630,CCL,28.06,0.43%,1.28,34.03,22.1119,26.09,26.36,28.54,7,0.66,0.79,"36,971,114",100058.18,2.93E+07,2.96E+07,25.21,17.11,11.35,5.05,30.29,23.06,-23.06,-23.06,17
5/29/2026,1630,CCRN,13.09,0.00%,0.03,14.99,7.43,12.55,10.87,10.8,-12,-0.89,-0.38,"436,995",-100156.06,676915.17,683944.11,-75.85,38.23,-0.3,0.08,13.14,9.61,13.14,13.14,46
5/29/2026,1630,CELH,33.27,0.15%,1.53,66.74,27.66,31.11,33.56,47.08,10,0.44,0.81,"10,062,332",-100171.14,8737080.24,8168077.49,-26.21,-1.6,14.68,12.13,52.62,28.11,-28.11,-28.11,49
5/29/2026,1630,CF,112.35,-3.56%,4.7,141.96,75.415,122.14,123.93,97.26,-7,-0.02,-0.23,"4,546,908",-100164.49,4074161.22,4741318.57,48.16,-18.35,-8.64,-5.72,142.42,100.6,142.42,130.12,46
5/29/2026,1630,CFG,62.26,-0.24%,0.92,68.79,39.4,62.74,62.49,57.69,-2,-0.42,-0.48,"8,592,513",100233.01,4432026.57,4691536.8,129.2,8.37,1.77,-2.18,67.27,55.53,67.27,-60.09,32
5/29/2026,1630,CFLT,30.99,0.00%,0.09,31,15.64,30.72,30.56,24.82,1,0.14,0.28,<empty>,-300008.27,1.34E+07,1.26E+07,68.88,1.87,0.94,0.91,31.08,30.57,-30.57,-31.11,32
5/29/2026,1630,CFRUY,21.5,1.70%,0.59,22.15,15.58,19.96,19.1,19.55,4,1,0.67,"346,164",-100100.55,545880.28,587318.28,-1.9,26.47,6.91,6.91,21.29,16.48,-16.48,-19.17,115
5/29/2026,1630,CG,45.43,0.75%,1.91,69.848,43.98,47.88,48.32,56,5,-0.33,0.32,"4,778,264",-100247.16,3266929.99,3370581.75,-6.96,-2.13,-9.21,-0.48,54.27,44.05,-44.05,-44.05,46
5/29/2026,1630,CHD,95.63,-2.05%,1.79,106.04,81.33,95.06,94.81,91.75,-1,-0.42,-0.71,"3,334,268",-200227.01,2051660.29,2048627.07,105.72,1.83,1.04,-1.08,105.62,90.13,-90.13,99.02,43
5/29/2026,1630,CHDN,87.21,-1.38%,1.27,118.455,80.24,87.98,89.81,97.74,3,0.34,0.57,"937,843",300238.25,979059.09,1017960.67,18.44,1.57,1.69,4.99,103.24,80.57,103.24,-81.03,41
5/29/2026,1630,CHEF,76.54,-1.76%,1.7,82.8112,53.2,78.88,69.5,64.18,-1,-0.56,-0.08,"354,278",101441.22,481921.03,486183.63,-0.71,30.02,-5.72,-0.44,83.14,57.39,83.14,-75.05,41
5/29/2026,1630,CHH,108.88,-3.95%,3.66,136.45,84.035,107.55,108.84,104.49,-2,-0.5,-0.73,"685,000",100138.2,624084.95,621785.54,53.93,7.55,2.99,-4.25,124.27,94.55,124.27,118.02,46
5/29/2026,1630,CHPT,7.59,-2.69%,0.57,17.78,4.44,6.67,6.1,8.06,-1,0.97,-0.58,"634,270",100597.33,510153.81,504483.73,21.48,68.29,11.45,3.55,7.26,4.42,-4.42,8.02,3
5/29/2026,1630,CHRD,131.87,-1.51%,5.55,151.945,84.245,142.12,138.87,109.13,-7,-0.05,-0.17,"1,061,599",400347.37,904240.36,1033820.83,53.8,-9.83,-7.49,-4.34,152.08,110.62,152.08,152.08,46
5/29/2026,1630,CHTR,144.05,-2.18%,2.65,422.29,136.63,149.94,189.04,220.83,20,0.22,0.75,"3,831,523",100450.21,2913424.64,2610244.09,24.01,-34.8,-2.67,0.03,254.25,137.09,-137.09,-137.09,38
5/29/2026,1630,CHWY,22.54,5.43%,0.92,48.62,19.3,22.21,24.52,31.3,7,0.41,0.73,"10,160,099",-100977.08,8749469.67,8571532.72,-27.01,-12.91,4.93,6.07,29.27,19.06,-19.06,-19.06,8
5/29/2026,1630,CI,277.4,-2.44%,6.46,338.8899,239.51,285.9,278.5,282.29,-1,-0.56,-0.32,"2,400,177",-100036.49,1662107.11,1695908.99,44.64,7.49,-5.94,-1.22,303.11,258.42,303.11,303.11,42
5/29/2026,1630,CLOX,25.585,-0.02%,0.02,25.71,25.35,25.56,25.54,25.54,-3,-0.84,-0.54,"77,459",-300000.48,173067.5,202058.01,-31.47,0.08,0.06,-0.1,26.2,25.54,26.2,-25.17,NaN
5/29/2026,1630,CLOZ,26.52,0.02%,0.04,26.9499,25.23,26.42,26.09,26.44,-1,-0.87,-0.55,"134,356",0,298456.38,414859.99,-46.68,3.72,0.3,0.08,26.19,25.6,-25.6,27.02,NaN
5/29/2026,1630,CLX,90.02,-6.42%,2.67,132.03,84.7,91.76,98.02,109.91,-2,-0.41,-0.79,"4,744,000",-200134.19,2942854.73,2735450.02,43.28,-12.11,-1.26,-6.45,127.62,85.17,-85.17,99.02,42
5/29/2026,1630,CMCSA,24.87,-1.15%,0.15,34.35801312,24.13308341,25.44,27.28,28.45,-1,0.15,-0.58,"50,671,327",100040.49,3.43E+07,3.27E+07,38.45,-13.94,-1.19,-1.11,32.59,25.11,-25.11,-25.11,42
5/29/2026,1630,CMG,31.86,-1.73%,0.49,58.42,29.75,32.6,33.24,36.68,-2,-0.4,-0.45,"29,861,439",-200241.01,1.60E+07,1.63E+07,130.64,2.25,-0.72,-1.39,37.59,31.42,-31.42,34.07,41
5/29/2026,1630,CMI,646.63,-3.30%,25.03,718.08,307.905,676.72,626.34,523.81,-1,-0.42,-0.14,"1,473,532",-300340.01,878570.96,889427.07,62.41,26.37,-9.75,-3.31,718.15,510.42,718.15,-628.04,45
5/29/2026,1630,CNA,42.06,-0.68%,0.76,50.72,42.02,43.8,45.69,46.65,-4,-0.11,-0.52,"492,824",-100846.19,478562.69,479312.45,10.69,-7.8,-2.86,-3.82,50.62,42.11,50.62,45.16,44
5/29/2026,1630,CNC,59.6,1.17%,0.85,60.76,25.075,57.24,45.71,39.67,1,-0.79,0.19,"7,905,901",200750.22,6363889.93,6420328.17,49.27,87.42,1.53,4.18,61.06,32.42,61.06,61.06,40
5/29/2026,1630,CNH,10.21,-2.39%,0.25,14.27,9,10.51,10.64,10.76,-1,-0.31,-0.61,"14,914,487",100449.21,1.65E+07,1.56E+07,-20.07,-1.83,-4.31,-0.39,12.62,10.49,-10.49,-10.05,42
5/29/2026,1630,CNX,33.69,-0.71%,1.09,43.62,27.72,35.98,37.95,36.11,-6,0,-0.36,"2,525,726",-100043.49,2010205.42,2048778.1,66.92,-15.73,-7.45,-2.99,44.58,35.03,44.58,38.17,37
5/29/2026,1630,COAL,26.44,-3.08%,0.83,29.1,16.5903,25.5,26.13,24.05,-1,0.35,-0.98,"52,874",-200246.31,198299.75,172455.04,3.57,-5.84,5.38,1.3,29.42,25.06,-25.06,-25.06,NaN
5/29/2026,1630,COCO,75.13,-2.91%,1.86,79.7,31.79,74.15,60.24,50.79,-18,-0.81,-0.12,"1,167,834",-100262.21,1538434.37,1426840.57,-30.14,61.5,-1.71,-1.78,80.08,45.41,80.08,80.08,41
5/29/2026,1630,COF,187.93,0.49%,2.17,259.635,174.98,187.51,189.35,211.97,7,0.5,0.58,"8,540,434",100136.01,4590483.06,4860226.52,80.66,5.5,1.15,0.81,211.29,175.43,211.29,-180.06,36
5/29/2026,1630,COIN,189.03,3.72%,11.83,444.645,139.36,194.77,189.35,248.43,2,0.74,0.31,"10,249,775",0,1.02E+07,1.08E+07,-20.6,17.56,-10.84,5.01,222.1,158.42,222.1,222.1,42
5/29/2026,1630,COM,34.012,-0.58%,0.46,35.62,27.4615,34.59,33.95,30.87,-1,-0.06,0,"121,619",200018.41,201981.52,211403.39,25.93,1.53,-2.71,-0.69,36.11,32.61,36.11,-34.02,NaN
5/29/2026,1630,COP,113.98,-0.88%,3.52,135.87,85.231,119.25,123.07,103.78,-7,-0.02,-0.48,"12,402,914",100039.49,8900331.77,9519069.37,54.85,-14.23,-4.19,-2.22,136.42,112.29,-112.29,126.06,47
5/29/2026,1630,COPJ,44.58,-0.47%,1.87,53.945,22.5,43.06,41.42,38.52,4,0.55,0.58,"46,477",0,121331.05,132246.57,-46.76,24.49,-2.75,0.52,49.62,34.48,-34.48,48.11,NaN
5/29/2026,1630,COPX,88.14,-0.34%,3.62,99.99,41.45,84.44,81.27,71.55,5,0.56,0.6,"2,384,262",100454.13,4147506.72,4357860.48,-35.71,24.58,-1.39,0.72,94.62,68.48,-68.48,93.11,NaN
5/29/2026,1630,CORN,17.93,-1.54%,0.33,19.13,16.61,18.53,18.39,17.85,-1,-0.22,-0.12,"656,737",-200124.35,1065122.8,998755.75,47.08,-1.97,-3.24,-1.38,19.11,18.34,19.11,19.11,NaN
5/29/2026,1630,COST,956.32,-3.91%,36.07,1096.5,844.06,1024.19,1007.43,957.42,-7,-0.34,0,"7,034,527",-200325.01,1998337.02,1989486.63,289.68,-4.04,-8.16,-4.65,1097.07,960.58,1097.07,1097.07,81
5/29/2026,1630,CP,89.32,-1.41%,1.98,91.46,68.421,86.51,83.41,77.73,-1,0.62,-0.66,"3,849,592",100027.02,2995299.77,2915260.62,5.52,15.22,2.78,0.22,89.62,76.41,-76.41,-83.17,41
5/29/2026,1630,CPAY,361.8,2.68%,9.44,364.24,252.84,334.97,317.78,309.98,1,1,0.67,"780,699",0,552316.11,596949.18,-17.18,24.6,9.91,3.49,355.07,281.48,-281.48,-298.16,46
5/29/2026,1630,CPER,38.86,-0.51%,0.78,40.78,27.08,38.35,36.57,33.6,-1,-0.72,-0.35,"439,155",-100035.1,813225.48,820665.33,-45.42,15.69,-2.9,-0.44,41.11,32.48,41.11,41.11,NaN
5/29/2026,1630,CPNG,16.6,2.47%,0.39,34.075,15.03,16.88,18.63,24.08,12,0.35,0.72,"17,785,938",-100247.17,2.13E+07,2.25E+07,-31.35,-9.09,0.06,7.3,22.29,15.06,-15.06,-15.06,45
5/29/2026,1630,CPRI,18.51,-6.23%,0.71,28.265,16.22,18.23,18.83,21.31,-1,0.43,-0.76,"6,469,259",-100557.01,2978958.1,3024441.24,189.05,10.24,5.71,0.05,22.27,17.42,22.27,-17.06,46
5/29/2026,1630,CPT,106.56,-1.35%,1.57,119,96.53,105.41,102.66,105.33,-2,-0.89,-0.67,"1,696,424",-300026.16,1220732.59,1153007.68,56.37,8.91,2.47,-1.1,109.62,97.43,-97.43,109.02,42
5/29/2026,1630,CRCL,113,4.40%,8.16,298.99,49.9,114.6,105.92,102.81,2,0.4,0.36,"24,738,858",101206.14,1.60E+07,1.71E+07,47.57,25.68,-8.78,8.48,140.12,80.62,140.12,140.12,50
5/29/2026,1630,CRI,38.59,-3.81%,2.42,44.44,23.3805,35.74,35.99,33.35,-1,0.59,-0.95,"1,128,719",-100252.49,1111234.75,1217764.53,23.02,11.18,14.31,0.49,41.27,32.57,-32.57,-32.12,38
5/29/2026,1630,CRM,191.1,8.47%,5.93,276.8,163.52,179.03,180.81,221.27,1,0.73,0.69,"33,998,871",100649.01,1.37E+07,1.37E+07,124.8,3.28,14.04,6.71,205.54,164.34,-164.34,-164.1,65
5/29/2026,1630,CRSP,56.18,-0.35%,2.76,78.48,36.075,52.05,51.47,55.72,7,0.65,0.75,"1,932,828",-200465.56,1720540.42,1910924.05,11.5,26.7,11.36,8.9,61.62,44.42,-44.42,-47.07,49
5/29/2026,1630,CRWD,731,8.94%,52.52,731.49,342.72,582.22,482.51,470.24,1,1,0.79,"4,820,454",-200456.35,3431502.12,3611832.39,19.28,92.34,26.05,8.85,651.06,362.43,-362.43,-457.16,3
5/29/2026,1630,CSCO,120.42,1.50%,7.63,121.43,62.71,107.85,93.15,78.85,-8,-0.97,-0.35,"42,179,257",-100243.11,2.41E+07,2.34E+07,71.1,56.31,4.23,1.77,119.08,75.57,-75.57,-91.16,51
5/29/2026,1630,CSX,45.26,-1.20%,0.74,47.175,30.85,45.47,43.43,38.23,-2,-0.61,-0.45,"26,469,318",-200129.01,1.30E+07,1.30E+07,178.59,13.8,-1.44,-2.9,47.06,38.48,-38.48,47.02,41
5/29/2026,1630,CTA,28.88,-0.86%,1.16,32.76,26.36,31.13,30.45,28.63,-7,0,0,"561,351",200033.4,793866.64,796545.08,40.37,-5.68,-8.9,-3.22,33.08,28.29,33.08,33.08,NaN
5/29/2026,1630,CUBE,40,-1.33%,0.69,44.13,35.09,39.86,38.89,38.82,-1,-0.63,-0.52,"2,046,684",-200031.52,2178667.39,2283368.49,20.18,11.42,0.91,0.1,42.62,36.45,-36.45,-38.07,42
5/29/2026,1630,CURB,29.13,-0.10%,0.58,29.48,21.62,28.05,27.37,24.78,9,0.52,0.81,"1,091,532",0,743676.04,768006.64,16.28,13.7,4.56,1.25,29.22,25.48,-25.48,-27.11,40
5/29/2026,1630,CVNA,73,-0.67%,3.86,97.378,54.464,71.83,70.53,73.82,7,0.39,0.48,"16,463,082",0,1.32E+07,1.33E+07,136.71,25.52,4.99,4.06,84.2,54.42,84.2,-61.06,41
5/29/2026,1630,CVS,90.98,-2.14%,2.15,98.43,58.5,91.24,82.01,78.39,-11,-0.69,-0.05,"9,729,968",100230.17,8190774.92,8121768.93,-12.83,29.71,-6.35,0.28,98.1,70.42,98.1,98.1,42
5/29/2026,1630,CVX,182.46,-0.31%,4.71,214.71,136.4304,187.95,192.15,169.84,-7,-0.15,-0.5,"13,894,029",200035.49,1.18E+07,1.23E+07,6.44,-13.41,-2.24,-1.22,215.42,178.29,-178.29,199.07,43
5/29/2026,1630,CWH,7.33,-4.31%,0.37,19.64,5.7,7.25,7.08,11.5,-1,-0.62,-0.61,"3,401,235",300786.21,3196191.07,3368813.19,81.59,11.4,6.85,-4.56,8.29,6.49,8.29,-6.11,41
5/29/2026,1630,CZR,29.05,-0.10%,0.94,31.58,17.86,27.84,27.33,24.51,11,0.56,0.5,"17,199,423",-100111.02,6062838.95,6267374.07,974.05,13.92,6.96,2.36,31.55,23.61,31.55,-25.12,41
5/29/2026,1630,D,66.94,0.34%,2.43,68.97,53.36,64.81,63.19,61.41,-5,-0.91,-0.63,"15,741,606",100125.08,6353331.85,6062331.88,160.97,8.25,6.3,-0.51,69.08,59.48,69.08,69.08,42
5/29/2026,1630,DAL,82.48,-0.01%,4.9,83.83,45.28,73.65,70.03,65.25,7,1,1,"8,226,819",100259.52,1.00E+07,1.15E+07,62.16,30.53,15.28,3.89,75.29,55.57,-55.57,-68.07,27
5/29/2026,1630,DAPP,22.7,-0.48%,0.9,27.4899,12.95,21.35,18.82,19.13,6,0.85,0.62,"1,462,321",-200044.04,1017692.97,967947.2,167.2,62.61,1.29,4.37,23.1,14.42,-14.42,-19.07,NaN
5/29/2026,1630,DAR,59.1,-0.87%,1.97,66.02,29.15,61.53,60.87,43.91,4,0,0.25,"2,529,849",400751.37,2920048.47,2970921.16,52.49,-2.1,-5.86,-0.42,66.17,51.56,66.17,-58.04,42
5/29/2026,1630,DASH,159.29,1.65%,3.42,285.5,143.3,160.87,162.84,208.54,3,0.59,0.41,"5,738,555",-100653.16,4722498.17,4477148.02,-4.79,7.62,3.64,3.44,191.28,143.43,191.28,-147.06,49
5/29/2026,1630,DDOG,247.35,9.82%,12.13,249.8071,98.0101,198.93,153.1,143.88,1,1,0.44,"9,422,411",100066.16,5684122.87,5397623.25,-21.76,113.58,21.94,10.6,220.06,101.34,-101.34,-141.16,47
5/29/2026,1630,DDS,590.21,-3.03%,25.15,711.975,356.8501,557.08,574.56,592.88,-1,0.42,-1,"207,044",-200200.01,110126.78,114494.98,92.71,6.27,10.35,2.33,639.27,518.07,-518.07,-518.07,52
5/29/2026,1630,DE,542.18,0.59%,21.54,674.1899,433,562.84,573.17,521.22,3,0.01,0.38,"2,271,416",100130.01,1248989.93,1267212.61,153.22,-2.4,-5.65,2.47,636.62,515.05,-515.05,-515.05,56
5/29/2026,1630,DECK,113.85,-0.40%,8.23,126.5,78.91,101.43,103.06,103.18,11,0.78,0.98,"2,850,868",200543.05,2065454.16,2084971.86,60.19,19.88,19.88,2.16,116.62,92.06,-92.06,116.02,38
5/29/2026,1630,DELL,420.91,32.76%,49.72,429.151,106.38,260,215.86,154.25,6,1,1,"41,832,954",200179.01,8712760.69,8964549.76,243.79,155.62,69.8,37.97,264.14,137.56,-137.56,-211.17,66
5/29/2026,1630,DEO,82.46,-2.52%,2.03,116.41,72.45,83.04,79.51,90.57,-2,-0.81,-0.6,"839,247",-100240.55,1501163.51,1639864.3,-37.18,12.27,2.33,-3,87.62,72.46,-72.46,87.02,47
5/29/2026,1630,DG,110.61,0.65%,2.45,158.23,95.11,108.12,115.56,121.03,11,0.29,0.7,"5,525,004",-200256.13,3441903.05,3511976.56,67.06,-6.14,5.29,6.76,157.62,100.05,-100.05,-100.05,2
5/29/2026,1630,DGX,194.9,-0.66%,2.8,213.5,164.65,191.44,194.28,188.29,-1,0.3,-0.64,"1,264,321",300125.28,933919.07,897969.67,65.81,-1.15,3.7,1.05,213.62,186.14,-186.14,-186.14,35
5/29/2026,1630,DIN,31.38,0.51%,0.79,39.68,19.58,29.39,28.15,28.97,-1,0.66,-0.65,"186,206",-100258.12,425600.3,414325.79,-63.43,20.69,1.16,3.29,33.59,24.33,-24.33,-26.15,46
5/29/2026,1630,DIS,101.83,-1.83%,1.16,124.69,92.185,104.17,101.62,108.3,-1,-0.66,-0.26,"13,340,323",200128.17,9217264.44,9656816.21,59.38,7.96,-3.41,-1.4,110.15,92.43,110.15,110.15,46
5/29/2026,1630,DK,44.51,0.27%,1.26,49.5,18.12,45.04,43.67,36.08,3,0.46,0.38,"1,255,569",100766.22,1340054.2,1458163.03,1.58,-2.67,1.88,4.12,50.17,37.29,50.17,-41.02,47
5/29/2026,1630,DKL,49.38,-2.43%,0.77,55.89,41.25,51.43,51.14,47.99,-7,-0.29,-0.25,"50,017",-100233.49,55975.91,59005.76,-29.8,-3.93,-4.34,-3.63,55.62,48.38,-48.38,53.17,47
5/29/2026,1630,DKNG,24.49,-0.16%,0.49,48.78,20.46,24.72,23.57,31.31,-2,-0.81,-0.39,"34,301,758",-100060.01,1.28E+07,1.32E+07,20.07,17.01,-2.62,2.86,27.14,20.42,27.14,27.14,46
5/29/2026,1630,DLTR,116.44,3.04%,8.47,142.4,84.71,95.02,100.44,109.45,11,0.51,1,"7,395,957",300545.01,3824636.38,3687759.58,114.22,10.12,29.42,24.27,125.62,86.11,-86.11,-86.11,65
5/29/2026,1630,DOC,19.15,-1.85%,0.23,20.27,15.7,19.12,17.66,17.59,-13,-0.87,-0.11,"61,925,863",-100138.01,9738654.07,9116754.85,756.61,15.71,-2.1,-4.39,20.1,16.22,-16.22,20.02,38
5/29/2026,1630,DOCU,52.52,5.93%,2.11,94.67,40.16,48.14,47.2,60.6,1,1,0.69,"5,536,704",100656.51,3677036.94,4152624.5,123.62,11.13,15.43,6.49,51.07,42.34,-42.34,-44.11,4
5/29/2026,1630,DOV,211.36,-0.30%,3.31,237.54,158.97,215.71,215.63,197.74,7,-0.12,0.53,"1,303,138",200232.26,966734.48,1030386.31,83.09,4.22,-1.4,-1.88,233.25,201.39,233.25,-206.07,37
5/29/2026,1630,DOW,33.75,-1.95%,1.87,42.74,20.4019,37.59,38.5,28.96,-1,0,-0.18,"17,171,965",-100256.3,1.35E+07,1.43E+07,75.55,-19.39,-12.97,-4.34,43.41,29.61,43.41,41.17,37
5/29/2026,1630,DPZ,310.58,0.07%,4.09,496,297.4761,316.58,344.48,399.61,10,0.26,0.84,"714,174",-100231.24,956267.18,967324.59,-24.63,-12,2.16,0.05,417.57,297.08,-297.08,-297.08,34
5/29/2026,1630,DRI,203.91,-0.27%,4.5,228.27,169,197.51,197.61,196.05,-1,0.46,-0.82,"1,448,328",-100132.49,1274094.75,1308986.18,65.03,4.54,4.78,0.04,213.62,187.33,-187.33,210.02,18
5/29/2026,1630,DRLL,35.56,-0.89%,0.94,41.0248,26.1001,36.79,37.18,31.93,-7,-0.15,-0.5,"16,895",-200127.33,30267.47,29624.46,30.93,-11.43,-2.56,-1.63,41.42,34.29,-34.29,39.07,NaN
5/29/2026,1630,DRVN,13.84,-2.47%,0.56,19.74,9.8,13.5,12.91,14.73,-1,-0.92,-0.68,"813,280",100771.06,1918959.65,1989769.69,-42.88,13.72,10.37,1.02,14.07,10.55,-10.55,-12.05,NaN
5/29/2026,1630,DT,42.59,5.13%,1.81,57.55,31.635,39.33,37.39,42.57,2,1,0.66,"7,090,032",100448.12,6898074.43,7295291.58,34.26,14.71,14.74,4.9,41.07,32.34,-32.34,-33.11,46
5/29/2026,1630,DVN,44.49,0.86%,1.86,52.71,30.75,47.38,48.05,39.93,-7,0,-0.24,"21,807,301",-200239.17,1.55E+07,1.58E+07,43.96,-13.65,-5.82,-1.44,53.42,42.29,-42.29,52.17,45
5/29/2026,1630,DXCM,73.74,1.94%,5.73,89.98,54.11,64.85,63.91,67.83,-4,1,-0.86,"9,261,236",500742.07,5487954.87,5208711.12,119.57,19.13,27.53,2.4,74.62,57.21,-57.21,-58.1,41
5/29/2026,1630,EA,201.72,0.28%,0.56,204.885,143.51,201.07,202.06,197.16,2,0.36,0.74,"5,220,806",100013.01,1931059.73,2041617.47,90.67,-0.42,0.47,0.29,204.36,197.57,204.36,-199.11,41
5/29/2026,1630,EAT,142.38,1.69%,4.94,187.123,100.3,138.4,143.63,143.3,7,0.34,0.84,"834,817",200751.11,1201251.95,1204111.73,-20.29,4.16,4.12,1.93,162.29,125.06,-125.06,-125.06,51
5/29/2026,1630,EBAY,109.27,-2.55%,3.02,119.31,72.835,111.47,102.71,92.67,-6,-0.75,-0.24,"9,512,736",300043.19,5978412.74,5705316.51,94.97,24.16,-3.51,-5.24,119.06,86.61,119.06,119.06,41
5/29/2026,1630,ECH,41.98,0.00%,0.88,47.845,29.28,40.89,41.12,38.78,7,0.4,0.68,"494,074",100131.47,629384.72,791100.79,13.14,9.67,4.58,1.23,45.29,38.58,45.29,-39.09,NaN
5/29/2026,1630,ECPG,79.93,-0.45%,0.89,92.64,35.675,81.74,78.43,57.94,-2,-0.03,-0.17,"285,235",-400926.16,337662.2,344749.83,-37.34,16.45,-2.2,-1.99,93.15,65.54,93.15,-78.09,46
5/29/2026,1630,EDEN,112.35,-0.04%,0.89,125.6375,98.31,111.81,108.67,111.16,-1,-0.72,-0.45,"3,268",100000.03,8686.15,10054.45,-64.2,11.16,0.32,-0.1,113.13,98.48,113.13,113.13,NaN
5/29/2026,1630,EDU,45.79,-1.02%,2.46,64.97,41.62,50.9,53.76,54.44,3,0,0.28,"644,561",0,786059.37,769461.32,-30.6,-16.27,-11.69,-2.14,60.29,46.04,60.29,57.16,41
5/29/2026,1630,EDV,63.72,-0.03%,0.9,71.305,60.485,62.85,63.84,66.35,7,0.36,0.84,"905,735",-200019.1,1345530.84,1311456.86,27.92,-2.18,1.43,1.03,69.62,60.07,-60.07,-60.07,NaN
5/29/2026,1630,EEM,68.6,-0.01%,1.47,69.11,45.52,66.48,62.51,57.17,6,0.82,0.54,"32,143,085",-100238.49,3.26E+07,3.72E+07,16.43,25.3,1.81,0.29,68.13,54.42,-54.42,-63.07,NaN
5/29/2026,1630,EFNL,56.81,-0.77%,1.23,58.09,34.96,55.43,52.98,47.85,-2,-0.96,-0.5,"10,447",100100.14,10597.1,10880.02,111.95,19.03,2.74,-2.16,56.1,47.43,-47.43,58.03,NaN
5/29/2026,1630,EFX,165.79,1.19%,2.87,275.91,156.47,166.23,174.64,209.11,9,0.41,0.7,"1,732,611",200041.19,1749308.45,1641469.09,23.51,-6.54,5.12,1.83,211.59,156.09,-156.09,-156.09,35
5/29/2026,1630,EGP,201.91,-1.41%,1.69,207.72,159.365,203.25,196.83,183.1,-3,-0.68,-0.3,"481,728",100017.16,364077.76,352490.23,19.05,10.04,-0.19,-2.45,207.14,181.48,-181.48,208.03,37
5/29/2026,1630,EIS,137.69,0.09%,2.92,138.85,81.9,134.2,127.56,112.61,7,0.77,0.57,"148,152",-200200.43,119682.59,145305.6,167.31,24.91,2.85,0.36,137.15,110.42,-110.42,-129.08,NaN
5/29/2026,1630,EL,88.95,-1.73%,4.73,121.635,64.83,83.59,78.23,93.51,-1,0.88,-0.81,"5,562,020",-200762.47,4606599.83,4543028,140.71,30.85,10.05,2.71,107.62,66.39,-66.39,-75.07,55
5/29/2026,1630,ELS,61.77,-0.76%,0.69,69,58.15,62.71,63.27,62.78,-4,-0.3,-0.63,"2,550,689",-100025.01,1410591.08,1685307.36,96.2,-1.2,-0.31,-1.1,69.53,61.09,69.53,64.12,35
5/29/2026,1630,ELV,393.19,0.11%,4.8,408,273.71,387.29,344.81,334.72,-11,-0.82,-0.23,"2,469,743",0,1678111.74,1947300.01,89.12,38.06,-0.89,1.38,408.06,275.57,408.06,408.06,32
5/29/2026,1630,EMB,96.43,0.21%,0.62,97.8,89.955,95.51,95.23,95.72,7,0.77,0.62,"7,382,890",100110.48,8565918.26,1.02E+07,118.35,3.57,0.93,0.83,97.62,93.43,-93.43,-94.07,NaN
5/29/2026,1630,EMR,143.82,1.43%,3.79,165.15,117.16,138.02,137.38,137.37,7,0.57,0.63,"3,868,328",0,3021897.67,2984781.71,52.63,16.64,4.31,2.02,153.62,123.42,-123.42,-128.07,46
5/29/2026,1630,ENB,54.74,-1.48%,1.1,58.45,43.5892,55.59,54.39,50.22,-4,-0.63,-0.26,"6,736,669",200120.08,4766121.12,4720731.47,32.75,0.75,-2.63,-3.98,57.06,52.26,58.04,58.04,43
5/29/2026,1630,ENPH,68.36,-1.64%,11.43,73.74,25.775,48.96,40.92,37.75,-2,1,-0.88,"9,035,339",401902.06,7855139.39,7195233.81,143.48,91.81,42.39,2.18,54.09,30.21,-30.21,-33.17,41
5/29/2026,1630,ENR,18.22,-1.78%,0.79,30.29,15.75,17.88,18.1,21.67,7,0.63,0.67,"1,027,941",100647.17,1149164.46,1209774.99,-5.58,7.94,9.1,0,21.62,16.06,-16.06,-16.06,45
5/29/2026,1630,ENVX,7.98,4.31%,0.7,16.49,4.615,6.76,6.22,8,7,0.93,0.65,"10,541,522",-100090.11,6665953.91,6557112.72,122.92,63.52,26.67,10.07,8.11,5.57,-5.57,-5.07,41
5/29/2026,1630,ENZL,46.7303,0.53%,0.94,48.24,41.6875,45.11,44.25,45.47,6,0.92,0.73,"83,938",100020.01,27411.07,25126.64,258.14,11.79,3.58,4.15,47.62,42.42,-42.42,-44.06,NaN
5/29/2026,1630,EOG,133.38,-0.89%,3.74,151.87,101.5936,137.21,137.93,119.63,-7,-0.18,-0.49,"7,668,497",-100039.49,4227911.5,4634384.14,113.39,-11.01,-1.92,-2.07,152.42,124.62,152.42,146.06,47
5/29/2026,1630,EPD,36.79,-1.89%,0.89,40.165,30.01,38.45,38.13,34.1,-7,-0.06,0,"7,285,984",100225.11,4725949.47,4535265.54,39.85,-5.86,-6.22,-4.19,40.07,36.62,40.07,40.07,40
5/29/2026,1630,EPHE,23.86,-2.13%,0.27,28.4,23.17,24.63,24.78,25.38,-2,-0.39,-0.54,"239,972",200100.57,102639.37,139936.02,32.88,-0.91,-3.79,-2.97,27.62,24.42,27.62,26.15,NaN
5/29/2026,1630,EPOL,40.51,-0.22%,0.6,40.9399,29.03,39.5,38.44,35.55,-1,0.64,-0.49,"249,745",100040.25,414708.23,502541.86,19.17,16.95,2.01,0.15,41.29,34.48,41.29,-38.17,NaN
5/29/2026,1630,EPR,57.05,-0.83%,0.54,62.08,48.105,57.68,55.08,54.32,-3,-0.76,-0.45,"796,737",-100635.49,799456.86,820688.12,-22.66,15.74,-1.45,-3.57,60.62,48.43,-48.43,60.02,41
5/29/2026,1630,EPU,85.77,0.80%,2.07,95.28,46.691,82.39,81.68,72.89,7,0.45,0.72,"65,540",0,81807.24,93240.13,91.52,12.63,2.24,-0.28,93.62,74.48,-74.48,-78.17,NaN
5/29/2026,1630,EQR,65.45,-1.22%,0.66,70.21,57.57,65.75,62.86,62.57,-2,-0.76,-0.33,"8,078,054",-100124.01,2807083.01,2690356.71,355.79,11.73,0.66,-1.03,67.17,58.48,-58.48,68.02,45
5/29/2026,1630,EQRR,78.4956,0.31%,1.02,79.9,57.7607,77.03,73.65,66.87,-3,-0.9,-0.35,"62,750",200000.42,25630.65,20177.09,170.07,14.6,1.51,-1.36,78.06,67.53,-67.53,80.03,NaN
5/29/2026,1630,EQT,54.93,-0.76%,1.28,68.24,48.47,56.97,59.31,56.5,-4,-0.18,-0.51,"10,652,797",0,7838403.74,8032693.6,71.63,-14.76,-2.9,-2.28,68.43,55.11,68.43,60.07,36
5/29/2026,1630,ESI,42.43,1.22%,1.69,45.515,20.8,42.54,38.93,30.47,5,-0.36,0.37,"3,262,320",300537.22,3057939.61,3085177.22,8.56,31.12,-2.59,-1.74,46.13,29.57,46.13,-38.07,42
5/29/2026,1630,ESPO,89.135,-0.11%,0.7,122.986,86.92,90.03,90.67,103.77,3,0.61,0.51,"19,271",0,16625.27,19551.22,19.45,2.02,-1.44,0.56,97.29,87.42,97.29,-88.05,NaN
5/29/2026,1630,ESS,272.64,-1.37%,3.34,294.09,238.46,270.57,258.29,258.45,-3,-0.95,-0.41,"739,862",-200020.1,482500.84,484504.86,93.94,12.38,1.53,-1.66,276.06,238.43,-238.43,279.02,41
5/29/2026,1630,ET,19.17,-1.29%,0.38,20.7,16.18,19.91,19.45,17.87,-7,-0.24,0,"9,978,719",500224.18,1.56E+07,1.55E+07,-12.55,-2.14,-5.84,-2.19,21.06,18.56,21.06,21.06,46
5/29/2026,1630,ETH,19.14,0.21%,1,45.785,17.065,20.95,21,28.7,1,-0.66,0.47,"3,497,140",0,3082661.2,4104243.39,107.16,-0.1,-12.28,-2.69,23.29,18.62,23.29,23.17,NaN
5/29/2026,1630,ETH-USD,-82.98,0.72%,3.87,4.9275,-87.34,-72.92,-53.48,-29.03,-4,0.18,-0.67,"851,620",-100371.07,984963.93,946611.24,-13.59,245.32,0.41,1.55,-22.58,-83.9,-23,-57,NaN
5/29/2026,1630,ETHA,15.2,0.07%,0.8,36.8,13.62,16.65,16.71,22.97,1,-0.66,0.47,"28,322,502",0,2.91E+07,3.19E+07,113.22,-0.46,-12.44,-2.69,19.29,15.62,19.29,18.17,NaN
5/29/2026,1630,ETHE,16.31,0.00%,0.85,40.135,14.71,17.88,17.97,24.9,1,-0.67,0.47,"1,917,765",0,2457844.91,2986391.47,8.14,-0.79,-12.41,-2.8,20.29,16.62,20.29,19.17,NaN
5/29/2026,1630,ETSY,67.92,1.71%,3.38,76.515,44,61.9,58.68,58.93,10,0.69,0.69,"5,316,030",100462.22,3087387,3008324.73,126.9,42.99,16.28,5.58,71.21,47.43,71.21,-56.11,41
5/29/2026,1630,EWA,29.25,0.97%,0.27,30.4799,24.94,29.13,28.95,27.61,7,0.31,0.43,"1,354,456",0,3039861.77,3912997.5,-30.42,7.77,-0.1,1.04,30.29,27.42,30.29,-28.07,NaN
5/29/2026,1630,EWC,58.81,0.39%,0.44,58.97,44.95,58.13,57.02,53.65,2,0.69,0.54,"2,357,732",100214.21,2232474.03,2597359.67,89.9,10.09,1.1,0.19,59.27,53.48,-53.48,59.03,NaN
5/29/2026,1630,EWD,52.74,0.09%,1.14,54.93,42.99,51.46,51,49.65,-2,0.72,-0.64,"231,613",100119.02,167603.03,177275.13,51.02,12.14,4.04,-0.86,55.29,47.48,55.29,53.02,NaN
5/29/2026,1630,EWG,43.43,-0.14%,0.7,44.65,37.975,42.63,41.59,41.9,-2,0.93,-0.59,"1,481,639",200133.42,2151080.68,2339172.4,23.95,13.19,2.79,-0.73,44.29,38.43,-38.43,44.03,NaN
5/29/2026,1630,EWH,23.11,0.17%,0.48,24.66,19,23.85,23.47,22.48,1,-0.2,0.01,"2,544,038",100226.42,4099096.3,4935667.01,16.03,3.26,-5.36,-0.99,25.15,21.46,25.15,25.15,NaN
5/29/2026,1630,EWI,59.37,0.20%,0.58,59.845,45.79,58.58,56.69,54.09,7,0.7,0.41,"436,571",100134.48,458216.67,528094.08,159.23,15.71,0.85,-0.05,60.16,50.48,-50.48,-57.07,NaN
5/29/2026,1630,EWJ,92.96,0.28%,0.83,94.28,71.09,91.37,88.38,84.64,5,0.65,0.58,"5,203,989",100238.58,7366570,8632479.33,17.57,14.03,0.98,0.06,93.11,81.48,-81.48,-88.17,NaN
5/29/2026,1630,EWJV,45.52,0.24%,0.3,47.69,33.5,44.74,43.6,41.45,-3,-0.57,-0.6,"90,311",200000.14,173296.85,207024.06,-59.01,10.41,0.18,-0.3,46.11,40.48,-40.48,46.03,NaN
5/29/2026,1630,EWK,26.96,-0.41%,0.33,27.6299,21.5,26.47,25.63,24.68,-2,-0.8,-0.57,"70,935",100136.02,66006.72,63195.23,766.96,14.63,1.69,-0.26,27.29,23.48,-23.48,27.02,NaN
5/29/2026,1630,EWM,28.57,-0.76%,0.52,30.635,23.342,29.64,29.17,27.56,-15,-0.12,-0.15,"246,275",-100134.45,302375.15,362519.69,39.49,2.25,-5.43,-1.48,31.15,28.37,31.15,31.15,NaN
5/29/2026,1630,EWN,67.04,0.12%,1.2,67.57,50.56,65.22,62.41,59.41,-3,0.97,-0.49,"219,775",100023.02,140872.97,143781.64,101.28,21.16,2.09,-0.43,66.1,55.42,-55.42,-63.17,NaN
5/29/2026,1630,EWO,41.19,1.98%,0.71,41.53,27.56,39.71,38.22,34.83,1,0.78,0.54,"50,361",100100.52,28403.53,36968.05,485.62,20.02,4.57,0.64,40.29,34.48,-34.48,-39.17,NaN
5/29/2026,1630,EWP,57.91,0.24%,0.74,58.99,42.36,56.79,56.01,52.99,4,0.66,0.59,"328,996",200124.12,475346.57,553900.79,44.44,10.9,2.91,0.21,59.29,51.48,59.29,-55.09,NaN
5/29/2026,1630,EWQ,45.97,-0.07%,0.56,48.39,40.91,45.35,44.84,44.7,7,0.74,0.58,"402,347",-100016.14,461607.73,503820.71,107.81,9.53,2.09,0.11,47.29,42.48,47.29,-44.09,NaN
5/29/2026,1630,EWS,29.49,0.20%,0.22,29.6699,24.845,29.14,28.77,28.37,-5,0.77,-0.58,"1,192,263",-300018.14,814933.08,922493.68,208.19,6.65,1.41,0.27,30.29,27.59,30.29,30.06,NaN
5/29/2026,1630,EWUS,43.2242,0.52%,0.75,45.0422,38.02,42.35,41.67,41.62,1,0.73,0.56,"7,069",100023.05,5369.99,5039.24,193.63,13.18,3.53,-0.32,44.29,38.42,44.29,-41.09,NaN
5/29/2026,1630,EWW,78.43,-0.48%,0.98,81.6499,57.282,78.53,77.22,71.61,-1,-0.51,-0.52,"1,906,448",100039.59,1608317.82,1809567.46,148.81,7.79,-0.72,-0.55,81.1,70.48,81.1,81.1,NaN
5/29/2026,1630,EWY,205.83,-0.28%,10.56,208.25,61.135,184.36,157.1,113.94,4,0.95,0.68,"10,494,393",200875.58,1.89E+07,2.27E+07,-51.25,76.78,8.04,2.58,195.13,115.41,-115.41,-167.07,NaN
5/29/2026,1630,EWZ,35.91,-0.55%,0.79,42.02,26.193816,37.52,38.5,34.21,7,0,0.34,"24,973,362",-100335.12,3.02E+07,3.22E+07,2.05,-2.34,-3.29,-1.59,42.32,35.48,42.32,40.16,NaN
5/29/2026,1630,EWZS,14.0289,-0.86%,0.3,16.46,11.72,14.46,14.79,14.08,7,0.1,0.43,"128,281",-200431.12,541539.57,486647.49,39.21,1.35,-1.9,-1.07,16.27,13.48,16.27,-14.07,NaN
5/29/2026,1630,EXAS,104.91,0.00%,0.41,104.98,38.8118,103.57,103.02,74.29,6,0.02,0.29,<empty>,-100037.01,2640344.92,2627886.23,1111.65,2.5,1.36,0.93,104.09,101.61,-101.61,-103.15,34
5/29/2026,1630,EXP,221.18,1.01%,7.96,243.64,171.99,206.22,199.4,216.7,8,0.92,0.81,"556,576",-100240.08,419094.71,418046.06,129.33,21.86,9.44,7.08,222.62,172.48,-172.48,-189.06,40
5/29/2026,1630,EXPD,157.99,-0.61%,2.17,167.19,109.9,155.11,149.4,141.46,-2,-0.71,-0.77,"2,131,619",-100032.01,1079508.61,1163845.87,102.2,11.67,2.85,-1.69,160.06,136.18,-136.18,163.02,45
5/29/2026,1630,EXPE,225.79,-0.77%,4.26,303.8,160.0047,227.75,236.47,239.3,10,0.48,0.52,"2,209,458",0,1734415.67,1943550.12,-47.27,-0.32,3.97,1.26,280.27,203.62,280.27,-206.06,47
5/29/2026,1630,EXR,144.31,-1.03%,2.36,155.19,125.71,142.5,139.32,139.64,-1,0.65,-0.58,"1,286,014",100032.23,1165838.2,1175723.72,98.63,12.5,1.49,0.22,153.62,128.45,-128.45,-137.09,41
5/29/2026,1630,EYE,16.75,-3.62%,1.55,30.02,14.75,19.18,22.86,25.59,9,0.07,0.63,"1,917,518",100664.11,2026973.29,1904369.11,80.11,-31.99,-5.47,0.84,30.6,15.11,-15.11,-15.11,46
5/29/2026,1630,EZA,69.41,-0.43%,1.47,81.755,51.265,69.26,69.04,67.84,4,0.49,0.55,"339,494",0,224646.38,258711.62,252.29,8.08,-1.52,-0.57,80.62,62.48,-62.48,-66.07,NaN
5/29/2026,1630,F,17.44,4.74%,1.6,17.78,9.88,13.52,12.66,12.77,6,1,1,"154,228,168",300356.01,5.82E+07,6.00E+07,301.08,55.58,20.44,13.84,15.1,11.42,-11.42,-12.17,41
5/29/2026,1630,FAF,66.23,-0.48%,0.71,71.47,53.09,68.1,65.19,64.44,-3,-0.54,-0.38,"1,404,340",-200239.49,979588.76,964140.45,172.55,11.16,-1.16,-2.82,71.62,56.48,-56.48,71.13,37
5/29/2026,1630,FANG,191.48,-1.37%,4.8,214.51,134.3,199.7,195.81,163.23,-7,-0.17,-0.13,"4,583,281",100239.56,2855044.01,3193034.4,44.96,-3.61,-4.38,-1.87,215.18,171.29,215.18,-187.15,44
5/29/2026,1630,FAST,44.2,-1.25%,0.49,50.63,38.9703,44.1,44.95,44.65,-1,0.19,-0.64,"8,249,689",-100137.49,7479508.39,7521824.03,88.16,-2.04,0.5,-0.56,50.34,43.05,-43.05,-43.05,29
5/29/2026,1630,FCFS,219.91,-1.50%,3.5,235.97,119.205,226.24,211.23,174.66,-2,-0.44,0,"434,915",100540.4,366707.92,356437.29,46.89,14.79,-3.35,-5.23,236.12,179.41,236.12,236.12,42
5/29/2026,1630,FCG,28.52,-0.97%,0.89,33.03,21.76,30.04,30.36,25.88,-7,0,-0.34,"786,834",-200133.41,1377654.12,1404475.59,19.63,-11.76,-5.09,-2.4,33.42,28.29,-28.29,32.06,NaN
5/29/2026,1630,FDX,411.75,0.09%,14.95,413.87,214.82,383.81,376.45,307.21,8,0.49,0.85,"2,199,718",-200636.19,1793599.63,1779083.61,60.58,20.48,8.36,2.94,404.2,341.42,-341.42,-357.17,16
5/29/2026,1630,FICO,1250.59,-3.53%,80.19,1998.01,870.01,1152.64,1086.13,1444.91,-3,-1,-0.79,"344,223",-400882.27,384993.84,382829.41,9.13,19.34,16.13,-0.74,1494.59,870.26,-870.26,-1040.17,41
5/29/2026,1630,FISV,56.56,1.31%,1.25,177.36,52.17,56.34,57.8,80.49,11,0.74,0.31,"11,860,280",100242.01,6401375.35,6410901.73,112.97,3.72,5.8,1.71,65.27,52.11,-52.11,-52.11,36
5/29/2026,1630,FIVE,227.36,1.09%,5.56,251.63,113.41,220.17,226.26,187.13,2,0.24,0.81,"1,007,579",100747.5,1166432.85,1136780.68,3.83,3.43,5.78,2.85,252.27,204.12,-204.12,-204.12,3
5/29/2026,1630,FLG,14.06,-0.78%,0.3,14.92,10.38,13.86,13.77,12.77,7,0.45,0.58,"2,976,916",-200036.25,4675760.38,4746554.85,-26.06,9.25,2.63,0.21,15.24,12.54,15.24,-13.07,38
5/29/2026,1630,FLNG,29.77,-0.77%,0.83,33.4,21.72,32.09,31.2,27.41,-6,-0.21,0,"691,870",-100541.49,522285.9,612584.33,66.78,-0.03,-6.53,-6.09,33.17,27.62,33.17,33.17,62
5/29/2026,1630,FLO,7.64,-0.78%,0.36,16.955,6.8,7.88,8.22,10.91,9,0.41,0.73,"6,276,000",-300360.1,7166807.15,6902453.95,33.47,-8.72,4.51,-1.93,10.62,7.05,-7.05,-7.05,53
5/29/2026,1630,FLUT,96.98,1.46%,1.58,313.685,91.52,97.74,102.97,186.21,3,0.81,0.55,"5,623,026",100155.01,2984329.07,3439404.28,94.09,-2.53,3.34,3.38,115.58,92.09,-92.09,-92.09,47
5/29/2026,1630,FND,51.4,-0.04%,2.37,92.405,42.64,48.32,49.96,64.92,7,0.51,0.7,"2,622,197",100564.2,3174383.1,2952873.48,-13.86,4.15,12.3,6.42,68.62,43.06,-43.06,-43.06,42
5/29/2026,1630,FNF,47.35,-0.44%,0.7,61.4025,42.78,49.1,48.42,54.29,-3,-0.54,-0.31,"1,872,510",-200345.49,1883461.83,1929749.39,-12.48,3.61,-0.92,-2.25,53.22,43.48,53.22,-47.15,46
5/29/2026,1630,FORM,124.59,-4.32%,8.02,159.09,26.08,133.33,125.28,74.58,-1,-0.02,-0.45,"1,584,162",-301088.13,1942880.65,1783118.22,-15.1,36.3,-2.66,-8.71,159.24,81.57,159.24,-112.07,41
5/29/2026,1630,FOUR,44.56,1.67%,1.11,108.5,39.6062,42.81,44.42,63.3,7,0.79,0.66,"1,405,150",102079.47,1872814.26,2074130.09,-20.5,2.15,6.04,4.14,55.46,40.12,-40.12,-40.12,45
5/29/2026,1630,FOXA,63.92,-2.90%,1.05,76.39,52.96,64.46,62.58,63.56,-1,-0.75,-0.6,"4,344,739",-200241.42,3213010.92,3418469.71,2.23,8.1,-2.14,-1.6,68.12,56.62,68.12,68.12,46
5/29/2026,1630,FR,61.87,-1.10%,0.81,64.66,47.36,62.2,61.06,57.38,-3,-0.55,-0.44,"1,491,823",-100347.49,948787.49,950644.81,108.85,8.05,0.88,-3.39,65.27,57.48,65.27,65.02,37
5/29/2026,1630,FROG,79.48,9.22%,3.97,79.8725,34.05,66.21,53.73,52.8,1,1,0.5,"3,329,426",100668.15,2876675.24,2862254.02,-63.8,85.87,22.13,8.86,74.06,39.62,-39.62,-52.16,47
5/29/2026,1630,FRPT,51.6,-2.81%,1.66,86,46.45,52.8,59.48,61.2,11,0.21,0.81,"1,415,851",-301159.17,1697830.45,1699298.57,-24.28,-8.83,4.58,1.18,86.59,46.06,-46.06,-46.06,44
5/29/2026,1630,FRT,119.63,-1.15%,2.77,121.84,89.99,116.57,111.44,103.42,-1,-0.99,-0.77,"1,768,202",-100222.01,926539.98,879020.56,79.64,14.52,5.1,-0.44,117.16,102.45,-102.45,-113.09,46
5/29/2026,1630,FSLY,17.765,4.87%,0.97,34.82,6.29,20.15,24.25,14.31,9,0.07,0.54,"6,306,835",0,1.20E+07,1.21E+07,-67.1,-30.39,0.48,0.94,35.36,16.04,-16.04,-16.04,46
5/29/2026,1630,FTNT,137.97,6.38%,6.93,138.11,70.12,117.31,96.15,85.23,1,0.96,0.37,"9,631,544",100350.16,6276325.56,6132574.2,-2.75,74.54,13.22,2.99,130.06,76.34,-76.34,-87.16,46
5/29/2026,1630,FTV,58.32,-1.44%,0.67,62.805,46.34,59.56,58.75,54.13,-2,-0.29,-0.31,"7,965,904",-100027.01,3010163.26,3159086.45,187.63,8.77,-1.02,-3.32,63.2,53.42,63.2,-57.06,41
5/29/2026,1630,FTWO,44.81,-0.32%,0.72,49.658,34.3181,45.3,45.63,42.52,2,0.05,0.59,"6,874",-100000.41,11404.77,14086.02,-15.01,-0.27,-1.83,-0.84,50.62,44.48,-44.48,-44.07,NaN
5/29/2026,1630,FUTU,104.07,-0.80%,16.07,199.9299,80.5,132.14,141.93,160.4,4,0,0.2,"5,055,686",101185.05,3601961.2,3179371.57,63.59,-19.18,-26.46,-3.37,169.29,81.04,-81.04,-81.04,55
5/29/2026,1630,FUTY,57.53,-0.38%,0.61,61.51,51.5,58.26,58.87,57.44,-2,-0.14,-0.54,"353,625",200218.26,382448.35,363369.68,34.66,-2.71,-0.9,-1.96,61.62,56.08,-56.08,-56.08,NaN
5/29/2026,1630,FWONK,90.79,-0.30%,1.05,109.3626,80.15,90.44,88.13,93.63,4,-0.8,0.44,"2,871,637",100034.25,1948351.54,2139983.9,4.97,9.69,-0.42,-0.68,96.14,80.43,96.14,96.14,47
5/29/2026,1630,FWRG,11.63,-0.51%,0.32,19.53,10.09,11.58,11.76,15.19,10,0.66,0.63,"1,362,331",0,1505551.86,1588076.21,37.49,15.03,8.09,0.78,14.25,10.42,14.25,-11.06,45
5/29/2026,1630,FXA,71.21,0.33%,0.43,72.02,63.2808,71.19,70.41,67.36,4,0.33,0.36,"7,091",-100008.44,18065.06,19368.49,-39.24,4.92,-0.39,0.28,72.11,68.42,72.11,-70.07,NaN
5/29/2026,1630,FXB,129.55,0.20%,0.67,133.11,125.02,129.68,129.32,129.09,9,0.32,0.38,"13,031",-200010.1,40368.05,35330.56,144.07,2.1,0.57,0.15,131.13,127.41,131.13,-128.09,NaN
5/29/2026,1630,FXC,70.8688,-0.02%,0.23,72.469,69.08,71.22,71.07,70.76,2,0.28,0.28,"9,646",0,30669.42,35710.12,-52.47,0.94,-0.47,0.17,72.56,70.41,-70.41,72.17,NaN
5/29/2026,1630,FXE,107.7,0.19%,0.46,111.535,104.86,107.77,107.65,107.79,7,0.44,0.4,"306,173",-400006.28,204200.35,216816.03,474.03,1.81,0,0.33,109.29,105.53,109.29,-107.05,NaN
5/29/2026,1630,FXF,113.01,0.45%,0.42,116.2999,107.579,112.65,112.18,111.71,2,0.43,0.35,"68,460",0,79061.42,83912.51,68.7,2.38,0.39,0.68,114.56,110.41,-110.41,-112.06,NaN
5/29/2026,1630,FXI,35.05,0.17%,0.94,42,34.63,36.47,36.3,38.52,1,-0.4,0.15,"24,162,266",100327.12,2.98E+07,3.11E+07,23.78,0.14,-5.88,-1.96,38.11,35.43,38.11,38.11,NaN
5/29/2026,1630,FXY,57.62,-0.05%,0.26,64.64,57.225,58.04,57.83,59.42,2,-0.43,0.23,"129,834",200010.19,197231.61,186204.06,-9.14,0.19,-0.66,-0.02,59.16,57.21,59.16,-58.02,NaN
5/29/2026,1630,FYBR,38.49,0.00%,0.13,38.5,36.04,38.18,38.03,37.09,4,0.57,0.8,<empty>,300009.01,3493880.5,3089356.02,793.29,1.8,1.1,0.68,38.18,37.6,-37.6,-38.17,22
5/29/2026,1630,GAP,21.15,-15.40%,1.34,29.36,18.685,22.72,24.21,24.56,-1,-0.36,-0.81,"33,760,233",-100148.01,7957978.24,8566774.9,388.49,-11.25,-0.38,-9.96,28.62,20.07,-20.07,-20.07,62
5/29/2026,1630,GD,346.82,-0.61%,3.58,369.7,268.1,344.02,340.93,341.85,2,0.68,0.55,"1,245,735",100025.22,1375333.23,1350013.55,-20.06,1.77,1.82,0.63,367.6,307.22,-307.22,-333.09,36
5/29/2026,1630,GDAXI:DE,25104.7,0.05%,464.92,25507.79,21863.81,24602.63,23969.72,24162.1,-3,0.92,-0.62,<empty>,NaN,NaN,NaN,NaN,12.57,4.82,-0.32,25406.62,21864.46,25438.04,25438.04,NaN
5/29/2026,1630,GDX,89.49,2.65%,4.6,117.175,50.32,89.42,91,85.51,2,0.33,0.61,"22,277,041",200259.48,2.36E+07,2.46E+07,14.67,4.31,-4.75,1.12,117.62,79.48,-79.48,99.13,NaN
5/29/2026,1630,GDXJ,119.29,3.88%,6.85,157.49,63.9,118.47,119.72,112.22,4,0.35,0.62,"9,480,730",0,5503732.58,5538500.22,86.53,7.85,-5.08,2.25,157.62,103.48,-103.48,131.13,NaN
5/29/2026,1630,GE,323.76,0.92%,12.96,348.48,232.24,298.88,295.35,301.05,7,0.84,0.93,"9,347,285",-300440.27,6190336.91,5964252.26,136.51,18.48,11.05,2.95,347.62,269.26,-269.26,-281.09,32
5/29/2026,1630,GEL,15.03,-2.21%,0.45,18.64,14.55,16.11,16.92,16.57,-5,0,-0.13,"315,561",100340.28,296173.06,287981.44,-24.19,-15.32,-6.65,-1.96,19.59,15.03,19.59,17.17,42
5/29/2026,1630,GII,75.69,-0.05%,0.51,78.95,65.65,76.3,76.37,72.64,-3,-0.05,-0.51,"103,898",200019.12,90241.77,84642.24,-29.59,0.25,-0.77,-1.33,79.35,74.48,79.35,-75.09,NaN
5/29/2026,1630,GIL,60.98,-0.26%,1.88,73.695,46,58.58,57.86,60.11,7,0.64,0.84,"936,226",100140.58,1085419.1,1285455.79,66.4,13.58,6.78,1.85,68.6,53.42,-53.42,-54.06,42
5/29/2026,1630,GIS,33.81,-0.24%,0.31,55.19,32.64,33.97,35.18,44.05,3,0.56,0.67,"16,522,016",100139.01,9605436.15,9522447.4,66.16,-8.89,2.05,1.96,46.62,33.05,-33.05,-33.05,17
5/29/2026,1630,GK,29.92,0.60%,0.52,30.01,21.96,28.66,26.56,25.94,4,0.89,0.42,"2,641",200118.02,1016,1119.02,114.19,31.85,2.14,1.91,29.1,23.42,-23.42,-28.17,NaN
5/29/2026,1630,GLASF,11.09,-3.98%,0.71,11.73,4.55,9.99,9.14,8.18,-1,0.82,-0.5,"274,725",-100800.26,267772.74,228949.59,62.49,47.87,11.8,2.92,11.23,7.58,-7.58,-9.11,51
5/29/2026,1630,GLBE,30.64,1.83%,0.96,41.94,26.845,30,30.96,34.82,9,0.44,0.72,"1,480,935",0,1419823.51,1335225.34,-33.31,6.98,9.66,3.23,37.59,27.11,-27.11,-27.11,51
5/29/2026,1630,GLD,417.12,1.05%,8.04,509.7,299.89,421.28,425.15,402.17,2,0.27,0.54,"7,705,706",0,9298508.08,1.00E+07,43.21,0.61,-2.36,0.75,492.62,399.46,-399.46,-404.02,NaN
5/29/2026,1630,GLIN,45.5003,0.36%,0.59,48.39,38.705,44.99,44.01,45.21,7,0.71,0.38,"3,164",0,27398.26,71638.45,-33.37,16.66,0.44,0.08,47.29,39.42,47.29,-44.07,NaN
5/29/2026,1630,GM,83.24,-1.32%,3.68,87.62,46.815,77.65,76.94,72.61,7,0.63,1,"15,553,448",-100240.01,7206272.68,7396036.23,427.18,14.4,7.06,4.32,83.29,70.07,-70.07,-70.07,35
5/29/2026,1630,GME,21.18,-2.31%,0.48,31.05,19.93,22.82,23.39,23.2,-1,0,-0.38,"6,486,801",100474.18,8018201.19,7343733.5,8.88,-4.89,-1.99,-3.33,27.19,21.08,27.19,25.16,7
5/29/2026,1630,GO,8.51,-1.28%,0.32,19.41,5.655,8,7.51,11.23,3,0.98,0.74,"2,494,934",-201676.11,3601872.22,4150987.11,17.12,25.52,10.95,7.45,10.62,6.57,-6.57,-7.08,45
5/29/2026,1630,GOLF,88.78,-0.28%,1.84,104.81,67.14,88.8,92.87,87.08,-1,0.22,-0.8,"286,992",-200627.17,326756.31,347881.32,-44.81,-2.59,3.18,-1.34,103.29,84.11,-84.11,-84.11,47
5/29/2026,1630,GOOG,376.43,-2.51%,6.19,404.47,163.33,387.64,345.05,299.66,-1,-0.59,-0.05,"48,018,562",-100133.01,1.97E+07,1.95E+07,248.91,37.82,-5.22,-2.19,404.08,272.42,404.08,404.08,38
5/29/2026,1630,GOOGL,380.34,-2.51%,6.19,408.61,162,391.15,347.57,299.92,-1,-0.59,-0.05,"44,415,846",100335.21,2.86E+07,2.86E+07,106.95,39.06,-5.17,-2.2,409.08,272.42,409.08,409.08,38
5/29/2026,1630,GOOS,10.16,1.80%,0.53,15.425,9.3,10.5,10.93,12.4,7,0.15,0.6,"924,017",100449.03,507751.07,487702.78,204.53,-2.4,2.73,5.18,12.27,9.06,-9.06,-9.06,47
5/29/2026,1630,GPI,316.34,-3.09%,10.73,488.39,292.44,331.29,333.34,384.72,-1,-0.56,-0.49,"182,334",200143.49,170109.86,168914.68,17.29,-3.77,-5.38,-4.03,374.19,292.5,374.19,-301.06,37
5/29/2026,1630,GPN,75.51,2.11%,2.84,90.635,62.45,70.57,69.29,77.19,10,1,0.71,"3,968,985",0,3208517.57,3335158.07,11.47,13.89,12.15,3.04,79.61,62.37,-62.37,-66.11,46
5/29/2026,1630,GRID,193.07,-0.42%,3.87,199.99,128.79,193.4,182.06,162.77,-1,-0.58,-0.29,"728,971",200125.07,802375.97,721442.41,-25.89,22.52,-2.16,-2,200.13,157.42,200.13,-183.07,NaN
5/29/2026,1630,GRMN,233.92,-1.03%,4.96,273.32,186.67,236.62,244.54,228.65,-2,-0.15,-0.48,"1,874,246",-100131.01,803774.93,819857.28,287.94,3.5,-0.22,-1.93,273.29,225.07,-225.07,-225.07,41
5/29/2026,1630,GRNY,27.61,0.80%,0.31,27.63,20.635,26.97,25.85,25.11,7,0.77,0.44,"2,076,345",0,1877872.94,2067288.44,42.46,19.11,1.32,1.17,27.1,23.42,-23.42,-26.07,NaN
5/29/2026,1630,GS,1025.56,1.70%,28.06,1027.2152,592.1701,958.81,912.78,854.11,2,0.99,0.67,"2,158,796",100232.34,2024295.3,2189388.76,29.65,26.99,5.84,3.12,983.06,781.53,-781.53,-908.17,30
5/29/2026,1630,GSG,31.8,-0.97%,0.95,34.94,21.49,33.48,32.56,26.11,-7,-0.04,-0.01,"787,742",100239.16,1418568.01,1560868.82,-25.63,-2.39,-6.36,-2.42,35.08,27.62,35.08,35.08,NaN
5/29/2026,1630,GTBIF,8.07,0.75%,0.34,10.43,4.8,7.65,7.18,7.37,7,0.46,0.35,"394,302",-100100.45,661224.26,604531.92,-5.79,44.11,9.35,7.6,9.25,6.42,9.25,-7.09,46
5/29/2026,1630,GTLB,31.05,11.17%,2.26,52.38,18.73,25.43,23.07,35.54,2,1,0.95,"7,102,242",-101171.37,5788718.09,6293437.87,79.19,49.28,37.39,15.99,27.61,19.34,-19.34,-22.1,2
5/29/2026,1630,GTM,3.33,3.74%,0.66,12.51,3.19,4.65,5.42,8.49,9,0.13,0.45,"18,754,545",200174.13,1.19E+07,1.09E+07,-5.59,-44.22,-14.62,-4.86,7.15,3.05,7.15,7.15,44
5/29/2026,1630,GVAL,35.57,-0.36%,0.34,36.44,25.89,35.28,34.7,32.22,-1,0.5,-0.54,"53,466",-100000.2,253824.86,259201.45,-84.65,10.47,0.95,-0.61,36.29,32.48,36.29,-35.07,NaN
5/29/2026,1630,GVIP,179.4119,0.02%,3.18,180.3899,129.72,174.08,163.23,155.53,6,0.85,0.33,"3,908",200011.18,13257.28,14027.27,-57.57,28.47,2.03,0.85,177.13,139.42,-139.42,-168.07,NaN
5/29/2026,1630,GVZ:CGI,24.91,0.00%,1.11,48.68,14.47,25.95,30.39,26.16,3,0.17,0.4,<empty>,NaN,NaN,NaN,NaN,-41.68,-3.41,2.64,46.43,24.04,-24.04,-24.04,NaN
5/29/2026,1630,H,181.36,-2.13%,6.7,188.5,127.54,170.8,161.34,155.48,-1,1,-0.66,"1,228,812",-100141.02,804903.5,847304.85,15.4,29.59,6.69,1.02,176.29,138.41,-138.41,-160.17,47
5/29/2026,1630,HACK,99.35,5.83%,4.21,99.4281,69.66,88.72,81.69,82.1,1,1,0.85,"102,328",200041.08,126804.55,122687.95,-23.86,37.15,13.41,4.12,93.06,71.34,-71.34,-82.16,NaN
5/29/2026,1630,HAL,38.85,-1.22%,1.21,43.59,19.525,41.05,39.6,31,-7,0,0,"20,832,537",-100245.49,1.41E+07,1.48E+07,130.26,-1.04,-5.91,-5.43,44.06,33.57,44.06,44.06,35
5/29/2026,1630,HBB,20.3,0.35%,0.91,21.84,12.72,19.49,19.41,16.93,7,0.47,0.67,"17,610",201185.07,21975.21,23603.3,-13.15,11.23,7.64,1.7,22.2,16.53,22.2,-17.06,46
5/29/2026,1630,HBDC,24.6782,0.22%,0.04,27.74,23.16,24.68,24.63,24.97,1,-0.72,0.44,"4,013",0,6742.42,8762.16,295.66,1.29,0.11,-0.29,25.55,24.42,-24.42,25.03,NaN
5/29/2026,1630,HCA,378.54,-1.52%,18.36,556.52,330,414.02,451.78,462.38,-2,0,-0.43,"2,352,686",-100132.01,1245762.71,1219757.87,47.11,-19.09,-12.52,-3.54,557.54,386.05,557.54,438.14,38
5/29/2026,1630,HD,317.14,-1.27%,6.89,426.75,289.1,312.38,324.71,364.58,9,0.44,0.77,"6,965,695",200431.08,4644833.38,4476737.19,39.44,-1.97,4.2,2.13,375.62,289.07,-289.07,-289.07,54
5/29/2026,1630,HELE,27.14,0.07%,1.6,33.734,13.85,24.75,20.54,20.43,9,0.81,0.43,"592,308",-200168.25,686980.98,655257.66,-7.17,93.72,15.83,1.8,27.15,14.43,-14.43,28.02,27
5/29/2026,1630,HII,308.17,-3.55%,7.57,460,215.045,326.55,363.55,344.45,-1,-0.15,-0.6,"878,444",-200441.18,525491.56,509134.03,42.75,-16.5,-8.54,-3.98,460.62,311.16,460.62,342.17,42
5/29/2026,1630,HIMS,26.15,3.03%,1.66,70.43,13.74,25.28,24.31,34.43,7,0.64,0.4,"20,737,850",101309.56,2.80E+07,3.39E+07,-20.15,39.24,7.88,9.64,32.28,14.62,32.28,-22.07,49
5/29/2026,1630,HLN,9.06,-1.63%,0.14,11.42,8.71,9.17,9.52,9.77,-2,-0.25,-0.85,"7,227,063",-100130.15,8404088.53,8331695.86,-63.99,-9.4,1.68,-1.95,11.62,9.09,-9.09,9.03,42
5/29/2026,1630,HLT,327.66,-2.93%,7.76,344.75,241.45,320.08,318.34,291.79,-1,0.48,-0.72,"2,836,751",-200330.01,1635499.53,1733016.06,95.62,10.74,3.52,1.19,345.29,290.54,345.29,-309.11,41
5/29/2026,1630,HOOD,94.3,11.15%,5.26,153.8599,63.515,77.97,76.78,103.91,3,0.84,0.73,"64,410,960",101074.01,2.97E+07,2.91E+07,255.04,44.72,16.85,27.28,93.29,64.42,-64.42,-73.07,41
5/29/2026,1630,HPP,11.98,-0.66%,0.49,21.7,5.26,11.12,8.57,12.28,-1,-0.87,-0.3,"2,650,366",-100301.01,1268053.91,1268795.23,86.36,100.67,1.78,2.74,12.14,5.39,-5.39,-9.17,45
5/29/2026,1630,HQY,87.99,-2.79%,2.98,116.65,72.76,84.51,83.28,88.42,-1,1,-0.83,"2,826,507",-100438.01,977614.05,980640.45,321.16,7.99,6.89,0.85,88.27,75.58,-75.58,-80.11,64
5/29/2026,1630,HSI:HK,25182.39,0.00%,480.63,28056.1,22668.35,25909.67,25736.53,25997.78,1,-0.28,0.19,<empty>,NaN,NaN,NaN,NaN,3.28,-4.57,-1.63,27156.62,24204.42,-24204.42,26845.09,NaN
5/29/2026,1630,HSY,194.03,-1.53%,2.96,239.48,157.77,190.17,196.72,193.89,-1,0.39,-0.62,"2,836,872",-100136.49,2001302.55,1888579.19,78.67,-9.14,1.95,1.52,239.62,180.19,-180.19,200.02,42
5/29/2026,1630,HTZ,5.4,-1.64%,0.37,8.44,3.775,5.63,5.66,5.46,6,0.13,0.39,"6,480,064",-200336.21,1.18E+07,1.05E+07,-5.47,20.54,-7.38,3.25,8.28,4.49,8.28,-5.05,47
5/29/2026,1630,HUBS,220.63,10.98%,11.13,611,173.25,209,221.59,344.55,10,0.82,0.57,"6,815,930",200976.01,1800157.86,1726088.59,4.64,-7.22,20.26,11.43,297.59,173.11,-173.11,-173.11,46
5/29/2026,1630,HUM,305.42,-1.06%,8.6,315.66,163.11,285.74,231.61,244.61,-11,-0.9,-0.52,"1,575,420",0,1799838.68,1738589.78,-50.02,83.99,1.35,1.24,316.06,163.48,316.06,316.06,41
5/29/2026,1630,HYG,80.31,0.10%,0.27,81.36,78.565,79.92,79.92,80.49,7,0.72,0.63,"39,149,257",100109.42,4.75E+07,5.25E+07,31.75,1.9,0.58,0.16,81.29,79.43,81.29,-79.07,NaN
5/29/2026,1630,HYLS,40.9,0.15%,0.1,42.4036,40.01,40.89,40.86,41.53,4,0.66,0.34,"114,339",-200000.38,294254.78,279522.65,-2.51,2.02,-0.2,0.15,42.25,40.42,42.25,-41.03,NaN
5/29/2026,1630,IAK,128.37,-0.91%,2,138.66,124.62,131.79,130.9,132.36,-5,-0.55,-0.26,"38,902",200024.48,45191.38,58687.48,125.76,0.69,-2.16,-3.74,138.62,125.43,-125.43,136.07,NaN
5/29/2026,1630,IBB,172.18,-0.03%,2.73,179.64,121.51,169.62,169.33,162.97,7,0.42,0.63,"1,407,031",0,1470887.35,1536727.64,-37.95,6.38,0.5,1.63,177.31,160.46,177.31,-162.07,NaN
5/29/2026,1630,IBIT,41.63,0.17%,1.52,71.82,35.3,44.41,42.44,51.21,-13,-0.69,-0.42,"40,077,712",0,4.15E+07,4.69E+07,62.98,10.48,-9.83,-3.16,47.13,37.43,47.13,47.13,NaN
5/29/2026,1630,IDX,10.86,0.37%,0.71,17.55,10.67,12.04,13.08,15.43,3,0.01,0.28,"50,943",-200200.04,72637.26,66742.85,69.65,-19.79,-12.28,1.02,15.62,11.03,15.62,-11.03,NaN
5/29/2026,1630,IDXX,563.53,-0.79%,12.91,769.98,504.56,552.97,564.61,638.26,2,0.5,0.89,"1,417,151",-100132.01,585638.08,576944.73,197.32,1.16,5.76,1.13,651.6,523.11,-523.11,-523.11,44
5/29/2026,1630,IEF,94.65,0.12%,0.46,98.045,92.945,94.26,94.88,96.11,7,0.3,0.85,"9,639,851",200010.47,9111374.96,9724180.48,199.83,-0.65,0.41,0.39,97.62,93.07,-93.07,-93.07,NaN
5/29/2026,1630,IFF,76.05,-2.54%,1.96,84.45,59.14,75.77,73.07,69.27,-1,-0.56,-0.61,"5,549,764",-100533.01,1837397.96,1843623.92,143.82,7.17,-0.05,0.24,84.16,65.49,84.16,84.16,45
5/29/2026,1630,IGLB,50.13,0.10%,0.42,52.5999,48.31,49.53,49.67,50.68,7,0.74,0.91,"789,896",-200112.54,1560339.77,1794873.18,36.15,1.75,1.21,0.78,51.6,48.07,-48.07,-48.07,NaN
5/29/2026,1630,IGSB,52.54,0.11%,0.09,53.25,52.12,52.37,52.47,52.83,7,0.63,0.86,"11,240,344",200003.01,3670033.01,3853681.13,265.14,0.23,0.36,0.23,53.62,52.07,-52.07,-52.07,NaN
5/29/2026,1630,IIGD,24.525,0.10%,0.07,25.08,24.3,24.52,24.58,24.78,7,0.45,0.65,"4,208",100000.12,5604.14,7320.04,206.87,0.06,-0.14,0.22,25.61,24.07,-24.07,-24.07,NaN
5/29/2026,1630,IJT,163.34,-0.63%,2.26,165.61,126.55,161.92,155.91,146.97,-1,-0.68,-0.44,"72,841",-100019.09,135934.66,126691.98,-16.11,16.83,1.17,-1.03,165.16,139.42,-139.42,166.02,NaN
5/29/2026,1630,ILMN,162.96,2.68%,6.3,165.37,78.79,144.39,133.79,122.27,3,1,0.93,"2,567,705",100243.01,1566313.3,1612140.52,71.21,34.89,13.77,12.21,150.1,115.54,-115.54,-135.14,42
5/29/2026,1630,INDA,48.56,-0.27%,0.41,56.01,45.2118,48.54,48.47,51.89,7,0.71,0.45,"10,206,521",0,7814655.34,8803026.18,154.96,6.91,0.41,0.02,52.29,45.42,52.29,-47.07,NaN
5/29/2026,1630,INDY,42.7,-0.07%,0.29,54.87,40.8201,42.78,43.1,48.54,7,0.73,0.62,"169,146",-100042.13,154114.23,158979.61,7.46,4.22,0.02,-0.14,46.62,41.42,-41.42,-42.07,NaN
5/29/2026,1630,INFL,52.05,-0.34%,0.49,55.17,40.94,52.92,52.65,47.72,-4,0,-0.37,"136,533",-200125.04,299255.51,287783.89,-23.08,2.1,-2.05,-1.74,55.62,50.48,-50.48,54.12,NaN
5/29/2026,1630,INMD,13.93,-0.85%,0.12,16.74,12.72,13.97,13.97,14.45,4,0.49,0.36,"979,829",-100126.06,909060.63,927243.57,-29.23,3.88,-0.85,0.87,15.29,13.54,15.29,-13.16,42
5/29/2026,1630,INTC,114.68,-5.14%,5.67,132.75,18.965,115.16,82.45,49.17,-3,-0.62,0,"191,676,126",501298.15,1.31E+08,1.20E+08,-15.81,178.42,-1.08,-7.16,133.13,41.42,133.13,133.13,38
5/29/2026,1630,INVH,29.25,-0.44%,0.44,34.25,24.25,28.84,27.18,27.72,-2,-0.82,-0.34,"9,126,730",0,5854960.43,6127736.24,69.37,18.09,2.7,-0.51,29.2,24.48,-24.48,-28.09,41
5/29/2026,1630,IONQ,72.07,2.75%,7.1,84.64,25.89,55.54,43.74,47.84,6,1,0.76,"28,460,826",300118.31,3.13E+07,2.94E+07,9.5,171.04,25.4,13.28,59.12,26.42,-26.42,-45.17,46
5/29/2026,1630,IPO,56.6,1.51%,2.55,56.65,39.305,51.31,47.71,47.4,7,1,0.8,"34,716",100331.02,28203.09,26277.1,70.96,42.68,12.12,5.2,52.16,39.42,-39.42,-48.12,NaN
5/29/2026,1630,IRM,128.25,1.12%,1.67,134.09,77.77,127.38,116.41,101.12,1,-0.7,0.27,"2,365,678",100839.21,1548511.82,1532832.28,107.24,31.4,0.39,-0.12,134.16,97.42,134.16,-122.07,46
5/29/2026,1630,IRT,16.23,-1.28%,0.23,18.74,14.6,16.44,15.86,16.55,-4,-0.85,-0.28,"3,724,730",0,2430373.8,2437793.02,169.05,9.59,-0.12,-2.46,17.6,15.39,-15.39,17.03,41
5/29/2026,1630,ITA,235.44,-0.06%,5.34,250.65,175.5951,223.78,223.74,218.28,7,0.57,0.97,"1,427,910",-100228.55,948078.94,1198692.42,101.2,11.69,4.89,2.59,251.62,209.42,-209.42,-214.17,NaN
5/29/2026,1630,ITB,93.06,-0.13%,2.29,118,84.98,91.22,92.9,101.49,7,0.54,0.74,"1,995,251",100437.07,2297084.06,2372309.52,-10.58,5.65,4.05,1.05,106.62,85.07,-85.07,-85.07,NaN
5/29/2026,1630,ITW,247.28,-0.95%,1.53,303.155,238.82,251.59,259.9,260.68,-1,-0.12,-0.57,"2,995,492",-100126.01,1348651.29,1344722.3,238.61,-3.48,-1.39,-1.25,292.62,244.07,-244.07,-244.07,41
5/29/2026,1630,IVOL,17.8,-0.06%,0.11,20.255,17.78,18.09,18.36,19.04,1,0,0.25,"75,217",-100135.37,327051.13,291113.31,-35.48,-4.91,-1.33,-0.45,19.62,18.03,19.62,18.17,NaN
5/29/2026,1630,IWC,191.12,-0.94%,4.77,193.24,118.01,185.57,175.77,161.66,-1,0.88,-0.52,"52,942",-200325.16,147067,130955.08,-78.32,24.66,2.27,0.17,190.13,153.42,-153.42,-174.07,NaN
5/29/2026,1630,IWF,127.85,0.57%,1.33,128.15,99.145,123.91,117.08,116.33,4,0.92,0.31,"3,550,216",-100128.55,7117522.98,9351682.01,-43.91,24.46,1.56,1.74,126.1,102.42,-102.42,-120.17,NaN
5/29/2026,1630,IWM,290.43,-0.55%,5.61,292.74,202.67,283.27,270.04,253.94,7,0.85,0.48,"26,961,014",100034.48,3.30E+07,3.73E+07,19.96,21.21,2.1,-0.03,288.15,239.42,-239.42,-271.07,NaN
5/29/2026,1630,IWN,213.87,-0.69%,3.36,215.7,149,210.19,202.62,188.27,-1,0.81,-0.55,"806,116",100226.4,803618.07,801771.18,136.3,15.72,1.85,-0.38,213.15,182.48,-182.48,216.02,NaN
5/29/2026,1630,IWO,380.77,-0.53%,8.61,383.95,266.77,369.23,348.36,331.36,7,0.87,0.47,"488,106",0,421358.99,455635.8,160.04,26.49,2.29,0.28,376.15,300.42,-300.42,-349.07,NaN
5/29/2026,1630,J,119.86,0.76%,3.09,168.44,105.68,118.27,123.81,138.62,11,0.29,0.79,"2,336,423",100435.11,1175479.94,1097606.27,54.5,-3.96,6.3,3.46,141.61,106.11,-106.11,-106.11,45
5/29/2026,1630,JACK,12.45,7.70%,0.9,25.34,8.915,12.15,11.8,16.9,3,0.58,0.53,"1,220,362",100897.03,909943,902968.75,98.17,32.52,13.39,14.33,17.62,9.41,-9.41,-10.09,46
5/29/2026,1630,JBHT,276.43,1.43%,12.04,277.85,130.12,254.11,237.69,193.96,4,0.94,0.72,"1,624,197",300441.1,939316.71,961672.34,165.2,35,8.55,3.29,265.06,194.51,-194.51,-231.12,31
5/29/2026,1630,JBLU,5.47,1.67%,0.33,6.5,3.84,4.95,4.88,4.91,7,0.69,0.76,"24,701,154",201190.46,2.90E+07,2.78E+07,20.39,32.77,12.09,3.6,6.29,4.49,6.29,6.02,40
5/29/2026,1630,JBSAY,14.44,0.00%,0.42,15.5,13.01,14.36,14.79,12.75,4,0.12,0.37,<empty>,-300000.03,264987.4,239337.09,-42.94,2.12,0.77,3.81,-9.22E+18,13.03,-13.03,-13.03,NaN
5/29/2026,1630,JETS,29.32,0.62%,1.39,31.33,21.0312,26.85,26.08,26.55,7,0.89,0.96,"3,473,442",-100157.57,4314694.24,5034392.3,-2.31,24.03,11.82,3.75,29.29,24.42,-24.42,-25.07,NaN
5/29/2026,1630,JNJ,225.33,-2.37%,3.28,251.71,149.04,227.55,232.51,211.88,-4,-0.3,-0.68,"13,901,493",-200325.01,7792971.84,7834456.76,150.45,-7.08,-2.37,-2.11,252.62,220.13,-220.13,235.04,31
5/29/2026,1630,JNK,96.77,0.16%,0.34,98.24,94.485,96.24,96.19,96.98,7,0.75,0.64,"2,644,773",-100110.49,4437066.32,5540684.72,-58.19,2.12,0.68,0.22,97.29,94.43,97.29,-95.07,NaN
5/29/2026,1630,JOBY,11.9,-3.25%,0.67,20.95,7.335,10.52,9.47,12.85,-1,1,-0.86,"31,381,871",200391.04,2.77E+07,2.70E+07,-11.16,49.87,11.84,3.3,11.11,8.42,-8.42,-9.17,46
5/29/2026,1630,JOE,63.63,-0.92%,0.51,73.54,43.85,64.26,65.49,60.46,-1,0.31,-0.69,"246,255",-200139.18,251737.44,250197.79,-7.77,1.56,-0.93,-0.81,74.6,60.43,-60.43,-63.07,37
5/29/2026,1630,JOET,44.69,0.52%,0.63,44.79,38.8005,43.4,42.23,42.29,7,0.97,0.58,"8,277",-100022.2,22425.52,22304.15,-6.26,14.73,2.57,1.02,44.15,39.42,-39.42,-42.07,NaN
5/29/2026,1630,JPM,299.31,0.87%,3.24,337.25,260.31,303.27,302.81,305.77,1,-0.42,0.44,"13,973,665",-100139.49,9085581.44,9480961.39,47.65,5.48,-0.2,-2.42,320.27,279.54,320.27,-294.06,30
5/29/2026,1630,JPXN,100.0562,0.40%,0.98,101.215,76.19,98.57,95.41,90.53,4,0.6,0.56,"9,271",100200.58,20013.34,45266.71,-29.61,13.19,0.1,0.26,101.11,88.48,101.11,101.11,NaN
5/29/2026,1630,JYNT,8.9,-2.84%,0.33,13.4692,7.5,8.76,8.75,9.06,-2,-0.53,-0.71,"92,917",200000.13,67093.88,69789.25,6.98,4.09,8.4,-3.47,9.53,8.48,-8.48,10.02,47
5/29/2026,1630,K,83.44,0.00%,0.18,83.65,76.48,83.36,83.14,81.46,4,0.56,0.31,<empty>,-100010.01,3364959.52,3435920.58,1730.15,0.7,-0.06,0.36,84.1,76.54,84.1,-83.07,38
5/29/2026,1630,KBA,34.32,-0.15%,0.6,35.309,23.44,33.92,32.38,30.66,4,0.61,0.3,"36,081",100022.07,85887.74,90830.4,14.99,15.67,-0.23,0.2,35.11,29.46,35.11,-33.05,NaN
5/29/2026,1630,KBWP,115.3198,-1.01%,1.99,129,114.62,118.75,119.76,121.95,-5,-0.29,-0.32,"9,181",0,12685.91,12833.99,9.04,-2.95,-2.06,-3.8,128.62,116.11,128.62,123.07,NaN
5/29/2026,1630,KCE,151.93,0.52%,1.08,162.25,132.305,152.05,147.18,149.43,1,-0.64,0.31,"19,356",100125.52,15330.36,18494.2,46.03,13.33,-1.42,-0.35,156.27,132.43,156.27,-149.06,NaN
5/29/2026,1630,KDP,30.03,-0.03%,0.48,35.935,24.875,29.13,27.7,28.06,5,0.93,0.54,"18,202,772",100027.01,1.13E+07,1.09E+07,97.73,13.53,3.2,1.62,30.62,25.38,-25.38,31.02,37
5/29/2026,1630,KEMX,51.748,0.42%,1.48,52.0585,30.12,48.99,45.48,39.59,6,0.89,0.65,"6,996",100338.5,23396.65,24310.37,22.29,33.17,4.01,1.79,50.13,39.42,-39.42,-46.07,NaN
5/29/2026,1630,KHC,24.01,-1.88%,0.44,29.19,21.035,23.42,22.73,24.4,-1,-1,-0.73,"21,148,222",-100032.17,1.46E+07,1.53E+07,58.33,7.48,3,0.67,25.57,21.46,-21.46,-22.17,41
5/29/2026,1630,KLAC,1921.71,-0.31%,72.98,2060.08,751.96,1834.99,1732.22,1349.07,-2,-0.58,-0.63,"1,145,940",100451.21,984794,990956.76,-11.15,38.99,1.52,-4.46,1939.24,1321.57,-1321.57,2060.02,42
5/29/2026,1630,KMX,44.62,1.64%,2.57,71.99,30.26,39.15,40.52,44.25,7,0.53,1,"3,888,734",-100648.33,3296994.06,3244446.84,67.98,11.58,17.14,9.79,49.33,35.06,-35.06,-35.06,13
5/29/2026,1630,KNX,75.63,0.81%,4.99,76.385,38.625,67.25,63.21,52.98,4,1,0.99,"6,050,722",301342.11,3776845.76,3671330.99,199.52,36.37,11.17,3.7,72.06,52.51,-52.51,-59.12,37
5/29/2026,1630,KO,79.01,-1.74%,0.92,82.6635,65.3538,80.02,77.7,72.96,-7,-0.54,-0.34,"32,476,970",-300120.01,1.49E+07,1.54E+07,160.92,3.59,-1.79,-1.8,83.07,74.45,83.07,83.07,35
5/29/2026,1630,KR,62.15,-2.37%,2.15,76.58,58.6,66.29,68.47,66.95,-6,-0.05,-0.29,"12,761,488",-200239.01,5691520.9,6125650.41,278.15,-15.69,-6.95,-3.72,77.54,64.12,77.54,72.07,14
5/29/2026,1630,KRE,69.61,0.09%,1.01,74.08,55.55,69.01,68.06,65.78,9,0.59,0.53,"10,813,412",0,1.46E+07,1.68E+07,6.18,9.43,2.76,-0.98,71.29,62.49,71.29,-66.09,NaN
5/29/2026,1630,KSA,38.75,0.10%,0.21,41.5,35.81,38.64,38.95,38.54,9,0.42,0.56,"783,107",0,554559.18,715423.19,121.99,-0.1,0.57,0.18,41.29,36.61,41.29,-38.08,NaN
5/29/2026,1630,KSS,14.36,-7.89%,1.06,25.22,7.92,13.28,13.52,16.59,9,0.43,0.78,"10,078,580",100170.02,4939349.84,5448026.56,163.14,17.7,20.37,8.05,17.56,11.06,-11.06,-11.06,60
5/29/2026,1630,KVUE,17.28,-2.04%,0.19,23.78,14.02,17.39,17.39,17.51,-1,-0.4,-0.75,"33,795,288",-100216.01,1.95E+07,2.10E+07,67.21,0.23,0.52,-1.2,19.62,17.37,-17.37,18.02,47
5/29/2026,1630,KW,11.01,-0.18%,0.02,11.085,6.215,10.99,10.93,9.73,-1,-0.06,-0.32,"1,134,518",100015.07,1019334.85,1169216.38,145.86,0.27,0,0,11.15,11.41,11.15,11.15,46
5/29/2026,1630,KWEB,26.73,0.26%,1.14,43.365,26.23,28.41,28.61,34.88,1,-0.51,0.06,"19,053,503",100232.05,2.79E+07,2.76E+07,-43.89,-3.78,-8.46,-1.94,31.56,26.04,31.56,31.11,NaN
5/29/2026,1630,LAMR,152.46,0.22%,2.75,158.6899,113.66,148.66,138.06,130.09,-3,-0.9,-0.39,"513,452",-200125.12,638440.25,621152.37,-61.88,23.24,3.43,-1.08,159.14,122.41,159.14,159.14,48
5/29/2026,1630,LCID,6.55,1.39%,0.29,33.7,5.55,6.14,7.5,13.24,6,0.76,0.78,"15,093,440",-701021.26,1.60E+07,1.38E+07,15.35,-28.42,4.47,9.72,11.56,6.05,-6.05,-6.05,45
5/29/2026,1630,LEVI,23.2,-2.19%,0.94,24.82,16.5,22.12,21.35,21.42,7,0.68,0.59,"2,892,083",-100438.37,3008529.63,2877669.55,45.8,27.75,8.36,0.69,24.27,18.48,-18.48,24.02,17
5/29/2026,1630,LFMD,4.28,-6.75%,0.15,15.84,2.56,4.52,4.21,4.56,-1,-0.62,-0.25,"988,027",402616.29,1071956.02,1232666.36,17.49,18.89,-3.82,0.94,5.16,3.62,5.16,-4.05,46
5/29/2026,1630,LFST,7.71,-1.28%,0.18,8.89,3.74,7.7,7.1,6.45,4,-0.62,0.23,"2,588,901",-100411.15,4284048.23,3983246.34,-89.63,23.56,-2.28,1.85,9.15,6.53,9.15,9.15,47
5/29/2026,1630,LH,260.06,-0.75%,3.05,293.72,241.81,256.41,262.63,268.36,-1,0.31,-0.76,"930,450",-200330.21,649821.11,621139.27,60.07,-1.35,2.38,0.62,289.62,249.17,-249.17,-249.17,37
5/29/2026,1630,LI,15.01,-3.41%,1.59,32.025,14.905,17.27,17.78,19.5,-1,-0.17,-0.02,"7,243,431",100349.02,3815900.98,3808315.5,173.3,-14.47,-22.11,-5.48,20.11,15.04,20.11,20.11,61
5/29/2026,1630,LII,502.16,1.03%,11.31,689.44,434.06,507.6,492.25,514.74,5,0.56,0.43,"609,438",100142.21,469978.36,464634.94,149.26,13.1,-2.38,-0.08,566.62,434.43,-434.43,-475.05,41
5/29/2026,1630,LIN,497.69,-0.85%,5.42,521.28,387.78,505.4,500.92,465.31,-4,-0.46,-0.39,"4,482,086",-200025.01,2209348.86,2323800.69,165.8,-0.31,-2.73,-3.36,521.19,471.55,521.19,521.04,43
5/29/2026,1630,LIT,87.15,-0.40%,2.68,91.98,35.62,87.08,81.4,67.16,6,0.39,0.42,"232,574",300136.13,414186.63,390297.21,-69.41,20.19,0.23,0.93,92.13,67.48,92.13,-81.07,NaN
5/29/2026,1630,LLY,1105,-1.93%,45.38,1149.1,623.78,1016.47,954.47,937.44,-1,1,-0.96,"4,603,028",200438.21,3194474.22,3124486.54,29.33,24.63,9.76,3.78,1056.62,851.21,-851.21,-943.13,46
5/29/2026,1630,LMND,58,-0.07%,1.98,99.9,32.62,55.45,60.01,64.02,9,0.59,0.68,"1,326,542",100781.52,1664155.21,1806624.63,-16.28,-1.23,7.85,1.12,73.29,49.61,73.29,60.02,45
5/29/2026,1630,LMT,530.45,-1.26%,6.95,692,410.11,521.4,564.18,532.94,-1,0.37,-0.84,"2,248,598",-100135.49,1493049.47,1552738.76,73.79,-11.38,1.93,-0.46,692.62,500.16,-500.16,-500.16,35
5/29/2026,1630,LNG,224.86,-2.05%,6.47,300.89,186.2001,245.35,261.57,230.16,-4,0,-0.41,"3,503,500",-100147.49,3026410.6,3139022.31,31.62,-23.42,-6.73,-3.93,301.42,234.03,301.42,274.17,47
5/29/2026,1630,LOGI,121.87,9.05%,5.34,123.565,81.98,106.34,99.13,102.74,2,1,1,"3,555,579",200447.01,1084541.4,1080393.62,85.99,35.4,20.72,9.44,110.13,87.48,-87.48,-97.16,45
5/29/2026,1630,LOTMY,29.64,0.91%,0.69,33.1,21.65,30.17,30.11,26.72,4,0.15,0.25,"91,112",100100.01,20811.08,21536.64,352.51,6.39,-2.92,1.14,33.29,24.62,33.29,33.15,NaN
5/29/2026,1630,LOW,214.36,-1.63%,3.81,293.06,208,221.99,232.67,248.48,3,0.24,0.51,"3,624,017",100333.07,2779495.69,2738477.35,107.51,-7.83,-4.14,1.08,261.62,208.06,-208.06,-208.06,55
5/29/2026,1630,LQD,109.36,0.09%,0.61,112.93,106.69,108.54,108.88,110.39,7,0.66,0.89,"26,551,318",-400009.53,3.27E+07,3.85E+07,51.69,0.97,0.75,0.53,111.6,107.07,-107.07,-107.07,NaN
5/29/2026,1630,LRCX,318.18,0.06%,15.12,333.33,80.425,293.11,263.71,192.87,-2,0.95,-0.64,"10,872,171",-100371.49,9630142.97,9872841.36,20.85,59.15,6.36,-1.39,302.1,194.57,-194.57,333.02,41
5/29/2026,1630,LUV,42.95,-0.83%,1.9,55.11,28.975,40.35,39.74,38.57,-1,0.55,-0.8,"5,811,623",0,7384052.24,8142669.39,17.67,18.35,9.2,1.58,49.62,36.39,-36.39,44.02,37
5/29/2026,1630,LUXE,7.03,1.30%,0.49,11.38,6.54,7.84,8.21,8.66,7,0.01,0.21,"264,260",-100680.08,256464.03,251994.84,24.59,-10.45,-9.06,2.33,10.62,7.07,-7.07,-7.07,81
5/29/2026,1630,LVS,50.57,-1.06%,0.83,70.4545,40.035,51.3,53.19,57.1,6,0.28,0.69,"4,400,209",100139.26,4311225.07,4222569.35,-29.71,-2.03,-0.16,1.65,58.29,48.05,-48.05,-48.05,37
5/29/2026,1630,LW,43.18,-0.80%,1.01,67.07,37.62,42.64,42.44,50.71,3,0.83,0.69,"1,853,159",-100266.49,2756668.77,2776309.83,88.33,5.45,2.01,2.52,48.62,38.39,-38.39,-40.06,36
5/29/2026,1630,LYB,66.65,-2.49%,2.69,83.94,41.58,72.27,73.62,56.64,-1,0,-0.33,"6,446,662",-100261.49,6832459.05,7722201.78,60.38,-19.09,-9.04,-3.42,84.41,55.61,84.41,78.17,43
5/29/2026,1630,LYFT,14.11,2.10%,0.33,25.54,12.46,13.76,13.77,17.37,9,0.78,0.68,"14,703,374",100262.49,1.57E+07,1.60E+07,-48.5,11.54,8.12,3.9,15.29,12.42,15.29,-13.09,46
5/29/2026,1630,LYV,168.41,0.83%,2.02,175.25,125.34,165.05,159.52,153.38,1,0.73,0.46,"3,559,505",100434.17,2815551.61,2949947.7,-0.33,13.26,-0.93,1.13,173.1,144.43,173.1,173.1,47
5/29/2026,1630,M,21.76,-3.07%,1.42,24.41,10.54,19.74,19.22,19.37,-1,0.8,-0.98,"5,847,209",-100154.49,5821637.56,6792902.7,53.6,23.78,18.84,0.42,21.27,17.49,-17.49,-18.09,3
5/29/2026,1630,MA,493.98,0.05%,4.11,601.77,480.5,496.77,501.33,541.87,-4,-0.46,-0.6,"5,693,541",-300026.01,3533691.73,3502822.41,37.41,0,0.82,0.2,534.21,481.43,534.21,513.07,42
5/29/2026,1630,MAC,22.52,-1.36%,0.36,22.925,15.48,22.05,21.06,18.88,-1,-0.62,-0.42,"1,992,054",100129.11,2785667.53,2575527.78,28.15,21.8,0.81,0.13,23.29,18.57,-18.57,-21.12,49
5/29/2026,1630,MAR,375.6,-2.63%,12.09,388.37,253.555,361.49,353.07,310.63,-1,-0.68,-0.73,"2,322,757",-200332.01,1469160.27,1484186.35,117.49,17.63,6.26,0.48,380.27,311.57,-311.57,-346.11,45
5/29/2026,1630,MARA,14.38,2.20%,0.73,23.45,6.66,13.05,11.15,12.67,1,0.99,0.57,"47,772,218",200905.21,4.53E+07,4.68E+07,-1.28,84.48,8.2,0.7,14.13,8.41,-8.41,15.03,41
5/29/2026,1630,MCD,279.2,0.44%,3.04,341.75,271.975,280.17,294.89,307.47,-2,0.29,-0.86,"4,906,052",-400022.14,3707738.05,3568524.08,-18.83,-9.51,1.54,-0.02,342.62,272.13,-272.13,-272.13,47
5/29/2026,1630,MCHP,94.65,-1.45%,2.37,105.91,48.52,96.22,82.64,70.59,-1,-0.57,-0.18,"11,367,652",100152.14,1.02E+07,9931793.19,-39.72,57.59,-2.46,-3.47,106.14,59.42,106.14,-89.05,47
5/29/2026,1630,MCK,742.44,-1.92%,13.51,999,637,759.88,819.42,818.23,-1,-0.24,-0.57,"1,938,630",-200027.05,1083502.21,1005829.45,-11.05,-13.69,-0.64,-1.59,999.61,724.13,-724.13,-724.13,46
5/29/2026,1630,MCO,453.25,0.62%,7.64,546.88,402.28,447,445.45,477.58,9,0.7,0.7,"2,126,891",100133.01,1083101.07,1187160.24,178.82,4.91,4.75,0.48,483.26,422.54,483.26,-426.09,37
5/29/2026,1630,MCW,7.1,0.00%,0.03,7.155,4.61,7.06,7.01,5.98,5,0.2,0.41,<empty>,-100000.01,3447986.43,3995428.99,1943.95,2.01,1,0.28,7.11,7.62,7.11,7.11,55
5/29/2026,1630,MDB,335.55,3.03%,13.88,444.72,183.6425,303.75,272.42,324.48,2,0.86,0.54,"10,612,619",-100470.01,2007523.8,2224340.01,485.36,42.66,10.71,9.18,349.07,216.34,-216.34,-256.16,61
5/29/2026,1630,MDLZ,61.17,-1.96%,0.48,71.15,51.2008,61.5,59.26,58.93,-1,-0.69,-0.49,"8,924,800",-100031.49,8388567.29,8845448,37.9,5.01,0.33,-0.11,63.07,54.54,63.07,63.07,41
5/29/2026,1630,MELI,1695.65,0.01%,53.55,2645.22,1495,1679.33,1725.18,2026.42,9,0.49,0.71,"760,043",-200541.14,546318.6,560091.03,-67.43,4.72,5.49,2.89,1903.27,1495.11,-1495.11,-1495.11,46
5/29/2026,1630,META,632.51,-0.44%,11.65,796.25,520.26,613.33,618.53,666.57,7,0.59,0.54,"19,806,536",-100136.21,1.67E+07,1.57E+07,46.1,17.92,2.28,3.29,692.29,520.43,692.29,-593.12,41
5/29/2026,1630,MGM,43.67,1.72%,2.41,44.28,29.185,38.39,38.05,35.78,7,0.85,1,"6,899,348",100441.03,4780054.66,4810222.86,83.74,22.6,18.64,13.58,41.23,33.57,-33.57,-35.06,41
5/29/2026,1630,MGPI,17.65,-4.39%,0.25,33.378,16.45,18.52,18.83,23.26,-1,-0.66,-0.67,"131,254",0,225177.69,257980.5,-23.91,-4.13,-3.18,-0.84,21.29,16.48,21.29,-18.06,42
5/29/2026,1630,MICC,16.2,-1.10%,0.6,19.93,12.94,15.52,14.75,NaN,-2,NaN,NaN,"1,200,461",-100267.1,1602159.52,1531176.54,70.68,8.36,7.86,3.45,17.09,13.21,17.09,17.09,NaN
5/29/2026,1630,MKOR,66.555,0.05%,2.73,66.78,23.93,62.21,54.35,40.4,6,0.78,0.59,"29,317",-100200.13,25456.76,30263.26,-14.53,60.93,4.43,0.22,65.13,41.42,-41.42,-57.07,NaN
5/29/2026,1630,MLCO,5.56,0.36%,0.07,10.15,5.185,5.46,5.59,7.3,4,0.79,0.73,"1,294,441",100254.06,1790273.03,1848551.42,-64.54,0,1.46,0.54,6.61,5.04,-5.04,-5.04,42
5/29/2026,1630,MLM,581.64,1.13%,18.1,710.97,525.38,575.25,592.31,620.25,7,0.38,0.67,"1,216,502",100130.01,507314.8,533147.37,260.93,1.41,1.11,3.69,673.62,525.07,-525.07,-525.07,47
5/29/2026,1630,MNDY,83.62,7.91%,4.05,316.98,57.5,75.58,70.72,130.01,1,1,0.67,"5,999,375",100674.01,1817977.14,1781935.83,131.18,23.19,19.92,8.84,88.13,58.34,88.13,-66.1,49
5/29/2026,1630,MNSO,12.97,3.18%,0.72,26.74,12.3,14.03,15.09,19.31,1,0.01,0.41,"952,489",-100152.01,470241.97,491906.47,394.19,-15.5,-11.35,0.08,18.62,13.03,18.62,15.11,56
5/29/2026,1630,MNST,88.08,0.10%,1.03,89.85,58.09,84.32,78.6,74.23,-2,-0.97,-0.55,"9,465,769",200027.01,5169570.58,5497609.18,-38.07,23.5,2.63,0.75,89.14,71.41,-71.41,90.02,47
5/29/2026,1630,MO,69.58,-3.32%,1.66,74.56,54.7,71.92,68.38,64.33,-7,-0.62,-0.15,"13,118,600",-200227.21,9599735.74,9486856.3,78.85,3.82,-3.91,-3.86,75.19,63.45,75.19,74.07,42
5/29/2026,1630,MOH,173.6,-2.48%,5.16,311.525,121.06,185.94,165.12,166.49,-1,-0.58,-0.42,"1,069,917",-100059.49,1466354.57,1458618.86,-30.55,32.05,-7.07,-1.48,201.15,131.42,201.15,-173.03,37
5/29/2026,1630,MOO,79.46,-1.05%,0.9,86.5583,69.32,81.7,82.76,77.71,-1,0,-0.46,"260,203",-100103.15,435314.17,452750.73,-90.15,-4.62,-3.06,-0.89,87.35,80.05,87.35,85.17,NaN
5/29/2026,1630,MOVE:GIF,70.2228,0.00%,5.81,115.0172,55.7659,74.71,79.09,73.48,-7,-0.29,-0.55,<empty>,NaN,NaN,NaN,NaN,-35.18,0.85,-6.31,115.44,66.29,-66.29,86.08,NaN
5/29/2026,1630,MP,64.7,-3.19%,4,100.2505,20.105,64.32,59.73,62.91,-1,0.6,-0.51,"5,073,033",100670.06,6341322.12,6133821.57,-56.34,41.92,7.28,-3.42,77.14,44.42,77.14,-54.06,47
5/29/2026,1630,MPC,248.77,-1.02%,4.72,264.142224,155.93,251.44,240.26,201.08,-7,-0.59,-0.34,"2,862,454",-100243.49,2462346.35,2627040.91,11.16,1.47,-0.02,0.29,264.06,202.62,264.06,264.06,45
5/29/2026,1630,MPLX,54.65,-1.51%,0.69,59.98,47.8,55.49,56.04,53.95,-3,-0.32,-0.62,"2,218,276",300224.11,2180359.06,2009312.72,-12.12,-5.24,-1.66,-3.22,60.46,53.13,-53.13,57.02,45
5/29/2026,1630,MPNGY,19.67,4.24%,1.08,37.88,18.53,21.03,21.25,24.22,1,-0.5,0.11,"957,150",200400.01,288443.14,342120.16,563.47,-8.3,-8.94,-2.24,24.11,19.59,24.11,24.11,1
5/29/2026,1630,MRNA,47.19,-0.80%,2.17,59.55,22.28,48.61,50.17,37.48,4,-0.08,0.36,"6,318,429",-100993.14,6694770.94,7407966.33,-69.81,-2.16,-5.68,0.34,60.6,44.19,-44.19,-46.07,43
5/29/2026,1630,MRVL,205,0.08%,13.98,218.2599,59.53,180.41,146.68,98.45,-1,0.92,-0.51,"34,024,746",-101001.03,2.77E+07,2.72E+07,65.26,133.46,12.28,-1.57,193.06,75.59,-75.59,218.02,62
5/29/2026,1630,MSFT,450.24,5.45%,10.6,555.45,356.28,417.59,402.83,458.46,2,0.84,0.58,"79,654,376",100433.01,3.52E+07,3.46E+07,138.6,25.43,9.97,8.22,434.26,356.42,-356.42,-401.1,41
5/29/2026,1630,MSGS,374.29,1.17%,10.15,376.24,186,349.36,335.21,268.46,4,0.67,0.71,"239,480",100235.42,238432.82,236309.53,-26.29,19.68,7.15,2.17,360.08,304.49,-304.49,-321.14,51
5/29/2026,1630,MSM,109.47,-0.28%,1.69,111.23,78.8,105.78,98.89,91.11,2,0.87,0.41,"1,033,317",100333.24,681989.39,676608.78,70.87,21.67,2.48,0.63,109.1,85.48,-85.48,-101.17,22
5/29/2026,1630,MSTR,159.09,4.91%,12.74,457.22,104.165,173.58,155.78,207.7,1,-0.61,0.06,"19,225,591",100889.3,1.75E+07,1.83E+07,20.27,31,-14.91,-0.53,197.13,116.39,197.13,197.13,42
5/29/2026,1630,MTCH,36.13,-0.63%,0.3,39.2,28.81,36.34,34.54,33.64,7,-0.36,0.33,"3,244,406",-100143.49,5001143.21,4906382.77,-18.28,19.83,1.12,0.5,39.19,30.43,39.19,-35.06,45
5/29/2026,1630,MTDR,53.6,-0.43%,2.79,66.8387,37.14,57.74,59.51,48.95,1,0,0.27,"1,421,529",-100747.06,1792193.13,1864325.5,-47.03,-17.33,-7.49,-0.33,67.42,52.62,67.42,-52.02,41
5/29/2026,1630,MTUM,315.81,0.37%,7.2,317.975,229.29,301.31,276.37,257.56,6,0.88,0.39,"1,686,346",200031.02,1075986.5,1024768.16,109.9,36.85,2.79,0.56,308.1,229.42,-229.42,-287.07,NaN
5/29/2026,1630,MU,971,5.14%,88.77,981,94.4,751.46,557.56,338.74,4,1,0.74,"60,498,561",101004.04,5.06E+07,4.75E+07,-7.11,201.74,25.13,8.39,819.13,311.41,-311.41,-605.17,17
5/29/2026,1630,MUR,36.19,0.00%,1.58,43.34,20.87,38.66,39.21,32.31,1,0,0.16,"1,890,762",200158.49,2086081.64,2341945.83,-22.1,-13.42,-7.09,-0.79,43.37,32.56,43.37,-35.02,46
5/29/2026,1630,MUSA,506.03,-1.08%,25.95,609.8206,345.2301,562.67,527.2,429.08,-17,-0.19,0,"454,830",101137.21,341479.38,354783.14,156.57,1.65,-12.18,-4.73,610.16,386.62,610.16,610.16,41
5/29/2026,1630,MZTI,111.94,-2.00%,1.03,190.96,110.31,114.95,128.35,158.33,-1,0.34,-0.9,"501,779",-200425.19,371546.07,344571.02,42.99,-19.84,-2.14,-2.04,170.6,110.05,-110.05,-110.05,56
5/29/2026,1630,N225:JP,66329.5,0.00%,1926.21,66505.02,37320.72,62453.5,58443,51772.26,1,0.98,0.65,<empty>,NaN,NaN,NaN,NaN,24.28,8.01,2.05,63799.11,50559.4,-50559.4,-59264.17,NaN
5/29/2026,1630,NBIS,231.09,2.10%,14.93,233.7299,34.72,198.76,159,112.59,2,0.94,0.46,"23,748,666",200312.12,1.70E+07,1.77E+07,83.68,150.48,4.49,11.07,234.1,84.61,234.1,234.1,47
5/29/2026,1630,NBIX,158.3,1.22%,2.43,162.39,121.83,151.98,138.91,139.48,-11,-0.85,-0.25,"1,907,857",-200137.17,1202340.94,1151904.01,34.83,22.98,-0.47,1.65,162.1,125.46,162.1,162.1,41
5/29/2026,1630,NCLH,18.34,0.33%,1.07,27.1799,14.5301,16.79,18.33,21.4,7,0.41,0.82,"19,458,420",-100260.19,2.28E+07,2.36E+07,9.85,3.91,15.13,7.25,23.62,15.07,-15.07,-15.07,42
5/29/2026,1630,NEE,87.01,-0.28%,3.16,98.75,67.2,91.95,92.46,85.04,3,0,0.1,"25,348,424",-100027.01,1.06E+07,1.05E+07,306.87,-5.48,-9.06,-0.73,99.19,87.08,99.19,97.17,36
5/29/2026,1630,NEM,109.81,1.46%,5.02,134.88,52.08,111.55,110.84,100.22,2,0.33,0.45,"14,673,500",-100458.49,8970773.05,9269109.34,177.25,6.49,-5.6,-1.61,132.62,94.48,-94.48,121.13,38
5/29/2026,1630,NET,241.82,6.01%,14.26,260,158.83,215.1,208.85,204.49,2,0.65,0.74,"5,737,026",-301070.15,4488450.55,4291462.44,-69.68,24.25,21.02,11.16,259.15,164.34,259.15,-186.11,42
5/29/2026,1630,NFLX,86.02,-0.39%,1.22,134.115,75.01,88.1,93.04,101.2,-4,-0.36,-0.37,"39,793,616",100132.3,3.85E+07,4.20E+07,9.88,-7.48,-1.06,-1.89,109.3,85.13,-85.13,91.07,33
5/29/2026,1630,NIKL,15.41,-1.15%,0.97,21.855,10.75,16.31,16.46,15.78,6,0.19,0.43,"63,170",0,161340.27,175410.93,-82.19,3.92,-7.83,-0.84,20.62,14.48,-14.48,-15.07,NaN
5/29/2026,1630,NKE,46.23,-2.41%,1.74,80.165,41.35,43.84,45.71,61.05,-1,0.88,-0.99,"38,949,132",100140.4,2.39E+07,2.23E+07,124.4,-9.78,10.02,2.87,62.62,41.08,-41.08,-41.08,21
5/29/2026,1630,NLR,133.3,-0.01%,5.14,168.1199,96.24,136.22,137.27,136.98,7,0.14,0.54,"494,811",-200239.13,454434.8,455623.31,-1.72,4.85,-0.97,-0.97,154.62,124.07,-124.07,-124.07,NaN
5/29/2026,1630,NNN,44.51,-0.76%,0.48,46.03,38.9,44.5,43.85,42.5,-3,-0.55,-0.61,"2,082,857",200124.09,1741582.62,1655401.15,18.81,6.25,1.76,-1.22,46.62,42.42,-42.42,45.06,46
5/29/2026,1630,NOAH,10.57,1.83%,0.21,12.84,9.53,10.48,10.4,11.1,3,0.5,0.5,"117,897",100260.44,111136.02,114479.81,218.07,5.7,0.96,5.49,12.56,10.44,-10.44,-10.03,61
5/29/2026,1630,NORW,38.06,-0.94%,0.41,39.39,27.84,38.59,38.05,32.7,-5,-0.19,-0.16,"112,888",-100100.24,165090.38,181080.47,368.68,2.04,-1.25,-2.28,39.07,35.61,39.05,-37.02,NaN
5/29/2026,1630,NOW,124.37,14.38%,9.18,211.47798,81.24,97.38,97.64,141.47,2,1,0.88,"68,243,445",100571.01,2.69E+07,2.49E+07,176.3,18.48,37.43,24.47,127.57,81.34,-81.34,-85.1,37
5/29/2026,1630,NSA,42.65,-1.77%,0.73,44.015,27.43,42.64,41.31,33.77,-1,-0.37,-0.41,"1,028,181",-100336.52,1072055.55,1606586.68,41.48,15.27,0.28,-0.16,44.27,30.54,44.27,-41.07,44
5/29/2026,1630,NSC,304.96,-0.95%,5.33,326,241.82,314.31,303.58,294.37,-2,-0.6,-0.35,"1,608,930",-100426.02,1322188.36,1320915.78,-5.68,8.02,-3.99,-4.77,323.24,278.48,-278.48,326.02,41
5/29/2026,1630,NSP,34.47,1.23%,1.52,64.53,18.57,31.18,29.8,37.83,10,0.8,0.7,"711,748",-100190.49,898068.08,974799.74,17.29,25.16,19.15,8.81,38.21,19.55,38.21,-28.16,42
5/29/2026,1630,NSSC,37.53,2.07%,1.1,48.12,26.44,38.61,41.18,41.28,9,0.1,0.58,"699,581",200150.55,413700.57,586026.21,103.34,-0.98,0.03,1.19,47.19,35.07,-35.07,-35.07,58
5/29/2026,1630,NTLA,14.07,2.85%,0.79,28.25,6.9175,13.36,13.57,13.28,6,0.51,0.46,"5,540,219",200389.22,5963652.96,5662417.91,-4.55,20.77,7.49,11.58,17.25,12.42,17.25,-12.06,47
5/29/2026,1630,NTR,68.55,-1.58%,1.05,85.3599,53.03,71.32,73,65.19,-1,0,-0.37,"2,318,823",-100045.43,3149817.64,3622968.86,-30.1,-10.45,-3.37,-1.99,85.53,68.14,85.53,78.17,46
5/29/2026,1630,NUE,250,0.28%,8.85,251.3876,115.35,232.24,205.1,169.4,6,0.8,0.52,"3,388,048",200039.01,1531678.18,1499973.61,251.02,51.75,7.37,4.04,235.11,155.49,-155.49,-219.07,40
5/29/2026,1630,NVDA,211.14,-1.45%,6.23,236.54,135.4,215.46,199.35,187.65,-10,-0.59,0,"289,410,623",-100248.01,1.63E+08,1.69E+08,112.14,27.83,-10.44,-1.73,237.1,164.42,237.1,237.1,61
5/29/2026,1630,NVO,45.58,0.15%,0.96,81.44,35.12,45.23,41.11,48.97,2,-0.72,0.64,"10,986,402",0,1.64E+07,1.72E+07,-8.86,29.16,-0.48,3.15,48.13,35.42,48.13,-44.05,46
5/29/2026,1630,NXPI,321.35,-2.70%,14.85,339.95,183,303.83,249.62,228.59,-1,-0.89,-0.32,"3,773,450",-100048.15,3540900.69,3362726.04,-45.38,71.49,9.24,-3.4,311.06,185.42,-185.42,340.02,40
5/29/2026,1630,NYT,75.21,0.28%,1.15,87.1,51.03,76.76,79.78,69.13,6,0.04,0.54,"1,962,670",100131.17,2109558.14,2139473.52,6.71,-9.66,-0.38,0.29,87.37,73.05,-73.05,-73.05,46
5/29/2026,1630,O,61.28,-0.23%,0.42,67.935,55.52,62.3,62.53,60.57,-2,-0.24,-0.57,"14,703,050",-200120.01,5689046.57,5967036.21,102.22,0.21,-1.1,-1.87,68.62,60.45,-60.45,64.16,44
5/29/2026,1630,OC,125.82,1.27%,4.73,159.42,97.53,119.09,116.14,123.63,7,0.63,0.72,"1,080,960",-100349.49,1219512.03,1342756.32,8.86,20.61,3.92,4.81,131.16,99.48,131.16,-106.07,46
5/29/2026,1630,OIH,418.25,-0.58%,10.73,459.28,216.68,437.03,421.9,331.7,-6,-0.19,-0.04,"318,520",0,438553.7,469932.68,10.65,4.07,-5.25,-5.63,459.06,366.57,459.06,459.06,NaN
5/29/2026,1630,OKE,83.94,-3.54%,3.06,96.0661,64.02,89.67,88.81,78.39,-7,-0.23,-0.11,"8,266,053",-100038.49,4751602.93,4716918.79,103.41,-9.7,-7.79,-7.19,96.06,81.29,96.06,96.06,44
5/29/2026,1630,OKLO,66.88,-1.78%,5.46,193.84,44.88,68.08,62.28,85.8,7,0.67,0.38,"27,669,420",-100304.01,1.33E+07,1.22E+07,176.32,46.73,-0.49,-2.65,82.24,45.42,82.24,-54.07,49
5/29/2026,1630,OKTA,123.27,30.14%,10.78,124.79,62.66,86.03,79.52,85.15,2,1,1,"17,583,948",201558.01,3992490.97,3961823.56,369.38,63.34,52.09,31.4,90.07,63.34,-63.34,-76.16,60
5/29/2026,1630,OLLI,81.63,-1.10%,2.77,141.74,73.315,80.57,87.7,111.77,2,0.55,0.82,"1,949,413",100056.06,1557772.7,1552019.04,72.12,-9.64,3.66,1.25,112.54,73.11,-73.11,-73.11,3
5/29/2026,1630,OMF,55.31,2.31%,0.68,71.93,45.7811,54.3,55.27,59.22,11,0.43,0.64,"2,082,225",-100648.53,1219337.98,1394920.65,43.66,5.92,2.52,2.83,60.27,46.52,60.27,-52.11,37
5/29/2026,1630,ON,120.62,-2.55%,7.11,129.13,41.49,111.18,88.97,63.58,-1,-0.93,-0.39,"11,273,804",100673.12,1.11E+07,1.02E+07,4.75,116.71,1.9,-5.02,119.1,55.57,-55.57,129.03,44
5/29/2026,1630,ONEW,11.01,-3.00%,0.42,17.92,8.12,10.9,10.3,12.8,6,0.68,0.41,"77,882",300036.16,126429.96,138229.45,-56.68,23.02,-1.87,2.9,13.14,8.49,13.14,-10.05,42
5/29/2026,1630,ONON,40.82,2.69%,2.17,59.36,31.41,37.03,36.01,42.09,1,0.8,0.83,"4,801,244",100557.13,7196298.84,7173220.83,-21.12,28.04,10.8,1.24,47.62,31.43,-31.43,41.02,50
5/29/2026,1630,ONTO,258.24,-0.22%,10.51,316,89.4,274.47,258.77,182.57,1,-0.1,0.3,"1,121,331",-100072.08,1001320.79,962419.94,46.99,36.44,-6.87,-5.81,316.24,175.57,316.24,-238.07,47
5/29/2026,1630,ORCL,225.78,10.84%,10.19,345.72,134.57,191.63,171.11,207.02,2,0.99,0.65,"41,082,199",-200357.33,2.56E+07,2.71E+07,94.17,62.67,15.42,16.95,201.1,135.34,-135.34,-179.06,8
5/29/2026,1630,ORLY,86.88,-2.63%,1.62,108.715,86.42,91.7,92.01,96.56,-4,-0.24,-0.17,"11,503,251",-100231.01,5757149.94,5771360.22,81.41,-5.68,-3.12,-3.33,101.19,87.48,101.19,96.16,41
5/29/2026,1630,OSCR,22.23,-0.45%,1,25.58,10.69,21.97,17.43,16.67,-8,-0.7,0,"5,485,799",300981.09,7350084.3,7161220.95,-40.61,104.88,-3.97,1.55,26.08,11.42,26.08,26.08,49
5/29/2026,1630,OSK,130,0.27%,4.1,180.49,97.275,134.22,142.51,141.13,9,0.16,0.71,"821,134",-300247.14,731470.14,714629.67,-57.61,-5.55,3.08,0.45,173.62,117.07,-117.07,-117.07,43
5/29/2026,1630,OTLY,10.05,0.50%,0.08,18.84,9.4,10.28,10.93,12.88,13,0.22,0.45,"95,756",-100388.3,65842.79,62655.51,58.57,4.47,0,0.8,14.29,9.43,14.29,11.17,36
5/29/2026,1630,OUT,32.24,-0.74%,0.6,34.96,15.45,32.36,30.04,24.1,-3,-0.65,-0.25,"2,190,123",-200130.1,1488309.1,1502570.22,-3.61,25.59,-1.68,-3.36,35.14,25.42,35.14,35.14,45
5/29/2026,1630,OVX:CGI,57.84,0.00%,6.24,125.99,23.59,70.87,78.49,51.9,-4,0,-0.24,<empty>,NaN,NaN,NaN,NaN,-39.65,-16.08,-11.1,126.54,63.29,126.54,78.04,NaN
5/29/2026,1630,OXLC,9.98,0.30%,0.18,22.7,8.01,10,9.84,13.19,4,0.86,0.57,"1,192,949",0,1140830.13,1338500.39,118.92,6.06,-3.29,1.53,11.19,8.51,11.19,-9.04,NaN
5/29/2026,1630,OXM,44.62,-5.08%,3.06,56.39,30.5656,42.29,41.25,39.66,-1,0.54,-0.77,"304,434",-100173.44,337907.87,326145.05,-29.44,22.85,10.17,-1.06,48.26,31.49,-31.49,-36.06,8
5/29/2026,1630,OXY,56.63,-1.20%,1.56,67.45,38.8,57.48,58.83,48.43,-7,-0.15,-0.64,"14,401,174",-100146.42,1.51E+07,1.67E+07,11.1,-14.51,-0.37,-1.44,67.41,52.29,-52.29,61.06,46
5/29/2026,1630,PAG,167.37,-0.48%,4.57,189.51,140.12,166.58,159.32,164.97,6,0.66,0.49,"320,826",100235.22,299326.76,297372.88,18.94,13.1,-1,0.47,182.21,140.48,182.21,-154.06,41
5/29/2026,1630,PALL,24.69,-0.72%,1,39.48168,17.83202,26.11,26.69,27.17,4,-0.27,0.47,"1,350,562",0,1062804.36,1123761.69,87.93,-3.64,-5.85,-1.79,32.62,24.04,32.62,28.16,NaN
5/29/2026,1630,PAM,85.25,1.38%,1.72,94.5,54.95,81.4,83.32,79.21,4,0.4,0.82,"339,351",100446.03,264252.53,267004.76,-10.52,-1.84,6.23,5.14,90.41,69.61,90.41,-78.16,46
5/29/2026,1630,PATH,11.72,1.21%,0.63,19.84,9.2002,10.68,10.72,13,10,0.61,0.5,"65,006,360",300206.02,2.93E+07,3.37E+07,162.13,7.82,21.2,5.68,13.49,9.1,-9.1,-9.1,66
5/29/2026,1630,PBD,22.1851,-1.14%,0.61,22.5799,11.64,21.57,19.97,17.25,-1,-0.7,-0.55,"22,586",-200140.24,56951.58,59266.6,-38.77,27.87,2,-1,22.13,17.57,-17.57,-20.07,NaN
5/29/2026,1630,PBH,47.53,-1.94%,1.66,87.12,42.62,50.09,54.84,61.39,9,0.16,0.79,"720,123",100133.1,675212.29,614378.27,-2.9,-18.77,3.48,-1.02,70.6,43.1,-43.1,-43.1,47
5/29/2026,1630,PBJ,47.7769,-1.16%,0.25,51.07,42.685,48.68,49.04,47.15,-1,-0.01,-0.49,"9,905",0,13735.25,16328.61,17.4,-1.95,-1.19,-0.42,51.62,47.48,-47.48,50.17,NaN
5/29/2026,1630,PBR,18.77,-0.32%,0.63,22.24,11.035,20.23,20.52,15.14,-4,0,-0.13,"16,615,196",-100148.55,2.47E+07,2.76E+07,13.63,-9.8,-5.11,-3.25,22.18,16.59,22.18,22.17,47
5/29/2026,1630,PCAR,110.37,-1.65%,1.29,131.875,88.65,112.38,117.39,110.15,-1,0.11,-0.54,"3,645,283",-100732.23,2761869.26,2806423.34,79.67,-1.87,-1.98,-1.46,129.27,108.05,-108.05,-108.05,35
5/29/2026,1630,PD,9.95,33.74%,0.79,18,5.7,7.22,6.75,11.47,9,1,0.82,"8,869,287",100781.01,2429279.28,2686443.62,363.65,61.79,47.85,38.39,8.58,6.34,-6.34,-6.11,65
5/29/2026,1630,PDD,84.44,1.70%,5.21,139.41,81.56,95.79,98.42,113.23,-3,-0.31,0,"35,211,261",100242.01,9143049.23,8402310.86,427.18,-14.2,-11.66,-12.62,108.29,93.04,108.29,103.16,59
5/29/2026,1630,PEB,15.25,-1.93%,0.48,15.73,8.795,14.6,13.83,12.06,-1,0.94,-0.7,"2,120,429",-100346.22,2407533.59,2402718.41,60.05,22.1,6.87,0.86,15.06,12.53,-12.53,-14.17,41
5/29/2026,1630,PECO,40.15,-1.30%,0.5,41.07,32.84,40.01,38.96,36.44,-2,-0.58,-0.6,"900,851",-200100.16,907397.76,891536.68,29.7,7.38,1.08,-1.57,41.22,37.46,-37.46,-39.11,38
5/29/2026,1630,PENN,18.83,-3.14%,1.24,20.605,11.65,16.88,16.06,15.9,10,0.88,0.89,"4,058,305",101158.26,3881846.53,4090539.48,84.45,34.6,18.95,10.38,18.22,14.48,-14.48,-16.11,37
5/29/2026,1630,PEP,144.19,-1.44%,1.96,171.48,127.6,150.71,153.21,150.67,-2,-0.05,-0.29,"12,779,204",-200128.01,6598325.11,6507111.17,158.96,-8.05,-3.01,-1.02,170.62,146.03,170.62,157.15,32
5/29/2026,1630,PFE,26.18,0.15%,0.26,28.745,23.06,25.98,26.73,25.83,8,0.25,0.79,"48,284,181",0,3.63E+07,3.75E+07,24.11,-5.73,1.67,1.28,29.39,25.08,-25.08,-25.08,41
5/29/2026,1630,PFF,31.56,0.19%,0.22,32.2645,29.865,31.4,31.09,31.32,6,0.67,0.39,"1,672,840",100008.53,2954783.99,3345056.69,-35.32,4.78,-0.13,0.7,32.13,30.42,32.13,-31.07,NaN
5/29/2026,1630,PFG,103.62,0.29%,1.6,105,75,101.83,96.48,88.77,-2,-0.86,-0.54,"2,225,919",-100132.49,1401815.97,1453291.33,117.77,17.44,2.83,-1.04,103.06,85.48,-85.48,105.02,40
5/29/2026,1630,PFIG,23.9602,0.02%,0.09,26.96,23.69,23.94,24,24.21,7,0.49,0.7,"14,352",-100000.09,23200.33,26744.87,99.66,0.21,-0.09,0.29,24.62,24.07,-24.07,-24.07,NaN
5/29/2026,1630,PFIX,46.41,-0.56%,1.62,61.1994,41.45,48.66,46.99,47.53,-7,-0.66,-0.11,"239,757",-100143.32,702335.31,745778.63,161.5,-3.57,-4.03,-5.9,52.07,42.62,52.07,52.07,NaN
5/29/2026,1630,PG,143.56,-1.61%,1.61,169.04,137.62,144.18,144.44,149.67,-1,-0.44,-0.69,"12,359,906",-100029.49,9701219.96,9597580.62,115.29,-0.8,0.6,0.42,167.62,140.05,-140.05,-140.05,41
5/29/2026,1630,PGNY,25.56,-0.51%,1.05,28.75,16.1,22.97,19.75,21.88,-6,-1,-0.51,"1,307,861",100133.15,1509487.81,1625094.51,-70.35,50.62,11.76,2.04,26.06,16.34,-16.34,-19.15,47
5/29/2026,1630,PGRO,48.9577,0.36%,0.53,49.11,38.18,47.49,44.67,44.09,4,0.88,0.26,"4,040",-100100.28,21865.67,20691.49,-13.98,25.92,1.18,1.68,48.1,39.42,-39.42,-46.17,NaN
5/29/2026,1630,PINK,38.09,0.26%,0.64,38.68,28.05,36.38,35.09,34.6,4,0.89,0.68,"75,543",-100033.25,97936.23,107882.43,191.55,17.27,2.72,2.12,37.1,32.43,-32.43,-34.17,NaN
5/29/2026,1630,PINS,20.05,-2.91%,0.66,39.93,13.84,20.11,19.45,25.67,6,0.8,0.5,"66,599,193",-200356.01,1.80E+07,1.90E+07,247.55,11.33,5.36,3.72,25.17,17.62,25.17,-18.05,49
5/29/2026,1630,PJP,109.6336,-0.78%,1.66,110.8099,78.77,107.35,105.04,101.67,-1,0.76,-0.78,"4,873",100020.27,26151.3,23326.32,-73.55,8.87,1.64,1.1,109.62,99.46,-99.46,-105.08,NaN
5/29/2026,1630,PK,12.13,-0.33%,0.51,12.43,9.84,11.34,11.08,11.07,-1,1,-0.94,"4,991,244",-200054.2,4190576.4,4101304.46,4.93,14.76,11.28,1.08,12.19,10.37,-10.37,12.02,42
5/29/2026,1630,PKB,104.582,-0.89%,2.17,111.2354,75.5301,104.54,103.07,98.47,7,0.42,0.59,"8,640",0,16619.56,18751.42,-13.9,10.99,-0.47,1.02,111.16,93.48,111.16,-98.07,NaN
5/29/2026,1630,PLAY,13.37,-0.96%,1.28,35.53,9.61,11.14,11.88,16.58,12,0.68,0.89,"2,027,092",300184.27,1971699.27,1796755.7,34.56,33.17,30.69,8.08,16.6,10.43,-10.43,-10.08,7
5/29/2026,1630,PLD,143.47,-1.49%,1.8,147.93,103.41,143.26,139.16,128.64,-2,-0.71,-0.49,"7,951,336",-100127.01,3478569.85,3497478.08,143.37,11.41,0.57,-2.36,145.29,127.48,-127.48,148.03,31
5/29/2026,1630,PLNT,53.51,1.15%,1.53,114.47,37.03,53.45,64.56,90.19,13,0.3,1,"1,988,825",100864.15,2394657.31,2270375.73,-73.93,-27.42,3.9,1.79,83.61,37.15,-37.15,-37.15,46
5/29/2026,1630,PLTR,156.54,9.21%,6.08,207.52,118.93,137.81,141.79,161.78,2,0.75,0.71,"92,196,609",100661.01,4.59E+07,4.70E+07,120.85,13.81,17.06,14.6,162.46,123.34,-123.34,-129.11,44
5/29/2026,1630,PM,177.38,-0.67%,4.74,193.05,142.11,181.24,169.44,165.67,-10,-0.71,-0.2,"5,950,357",-200337.41,4855271.3,4974875.03,28.47,7.61,-7.55,-2.29,193.07,152.4,193.07,193.07,36
5/29/2026,1630,PNC,221.12,0.61%,3.49,243.94,170.49,217.44,216.39,207.33,11,0.5,0.62,"2,930,258",-100039.49,2064578.43,2246474.13,80.95,9.65,3.59,0.14,230.27,198.49,230.27,-210.11,31
5/29/2026,1630,PNDRY,11.66,-0.09%,0.59,23.7625,8.25,10.53,9.83,12.89,9,1,0.77,"51,679",100000.53,116360.82,156060.86,-1.7,33.41,15.23,4.57,11.16,8.5,-8.5,-10.17,NaN
5/29/2026,1630,POET,12.29,-7.32%,1.92,20.81,3.87,12.8,9.49,7.03,-10,-0.6,0,"30,965,874",301998.11,4.21E+07,3.54E+07,-57.02,141.93,-40.25,-7.94,21.1,5.42,21.1,21.1,50
5/29/2026,1630,POOL,181.4,-1.79%,3.39,345,172.68,184.93,202.08,250.7,11,0.23,0.68,"732,696",-100543.18,823603.36,798387.58,-11.44,-9.52,3.52,-0.52,249.25,173.08,-173.08,-173.08,37
5/29/2026,1630,PPLT,17.45,0.00%,0.75,26.162,9.55,18.1,18.09,16.94,2,-0.22,0.49,"1,308,267",0,3037578.78,3290377.88,-9.24,1.32,-6.58,-1.63,21.62,16.44,-16.44,20.11,NaN
5/29/2026,1630,PR,19.23,-0.47%,0.62,22.675,11.92,20.55,20.62,16.1,-6,0,-0.17,"9,407,138",-100243.16,1.31E+07,1.34E+07,-34.94,-10.52,-4.8,-2.04,23.17,18.6,23.17,23.17,46
5/29/2026,1630,PRAA,15.26,-0.97%,0.77,22.55,10.25,16.95,18.42,16.27,10,0.1,0.44,"802,985",-200189.11,446043.28,521116.23,-38.91,-11.48,3.67,1.46,23.19,14.05,-14.05,-14.05,49
5/29/2026,1630,PRGO,11.05,-0.90%,0.26,28.435,9.225,11.23,11,15.43,-1,-0.8,-0.57,"2,351,775",-100196.38,2825925.95,3225827.04,-4.03,13.68,1.94,2.31,13.62,9.48,-9.48,-11.09,43
5/29/2026,1630,PRMB,24.8,-0.28%,0.71,33.04,14.36,22.79,20.75,20.23,4,0.99,0.67,"5,795,136",0,4358809.23,4486212.95,-35.7,34.34,6.57,3.46,24.14,18.44,-18.44,-20.16,52
5/29/2026,1630,PRVA,21.51,-0.37%,0.65,26.51,18.77,23.08,22.75,23.24,-4,-0.21,-0.05,"952,626",100438.16,931734.87,931271.62,-11.83,7.44,-7.44,-3.11,25.19,20.43,25.19,25.16,47
5/29/2026,1630,PSA,303.69,-1.80%,5.26,313.51,256.54,303.9,294.95,287.5,-1,-0.65,-0.55,"1,493,601",-100130.53,1025358.58,1107788.38,84.76,14.54,0.22,-0.26,314.27,263.45,314.27,-289.07,41
5/29/2026,1630,PSCE,58.5977,-1.68%,1.5,65.02,36.73,61.87,60.96,49.55,-6,-0.05,-0.08,"28,006",-100133.2,51937.55,50026.01,40.97,-4.64,-5.41,-5.29,65.06,55.62,65.06,65.06,NaN
5/29/2026,1630,PSCI,170.9022,-0.66%,3.03,178.02,124.79,169.74,165.32,157.21,7,0.59,0.54,"1,487",-200122.1,3733.31,4743.34,-34,14.26,1.05,-0.26,176.15,149.48,176.15,-162.07,NaN
5/29/2026,1630,PSCU,66.1557,0.32%,1.08,66.85,53.4318,64.7,63.59,59.41,9,0.36,0.72,89,-100200.49,8879.68,7160.36,-83.92,11.97,2.94,1.33,67.19,58.48,67.19,-63.11,NaN
5/29/2026,1630,PSP,60.98,0.73%,0.68,72.97,54.18,60.79,59.43,65.01,1,0.72,0.44,"14,958",100321.07,45389.05,57273.09,-78.03,10.59,1.14,-0.36,63.29,54.43,63.29,-58.06,NaN
5/29/2026,1630,PSX,175.88,-0.47%,2.91,190.61,111.19,175.56,172.38,148,-1,-0.47,-0.56,"3,299,111",-200240.41,2937474.23,3144165.29,13.07,-4.83,2.55,1.15,191.42,154.29,-154.29,185.06,38
5/29/2026,1630,PTLO,4.29,0.70%,0.11,12.435,3.81,4.35,5.18,5.53,13,0.19,0.78,"1,438,029",-300057.16,1720579.32,1647978.59,-35.93,-18.29,7.52,7.79,7.26,4.05,-4.05,-4.05,45
5/29/2026,1630,PVH,93.28,-3.63%,6.29,100.15,59.6,87.26,84.47,77.27,-1,0.49,-0.68,"1,247,398",300238.37,1184886.45,1121213.81,61.3,40.14,15.56,-1.21,100.26,60.54,100.26,-78.07,3
5/29/2026,1630,PYPL,44.75,0.65%,0.49,79.5,38.46,45.43,46.55,56.76,13,0.63,0.57,"18,842,732",0,1.51E+07,1.57E+07,33.89,0.18,-0.64,1.34,52.27,43.06,-43.06,-43.06,40
5/29/2026,1630,PZZA,34.21,-1.27%,0.74,55.74,29.5501,33.49,34.54,39.95,6,0.48,0.56,"1,874,624",-100567.55,1073317.38,1299633.21,25.7,5.62,4.55,4.62,40.55,30.57,40.55,36.09,47
5/29/2026,1630,QAT,19.23,-0.88%,0.3,20.64,17.712,18.87,18.86,19.28,7,0.63,0.76,"72,313",500000.14,37183.9,42297.77,1577.49,5.68,2.56,0.68,19.61,18.42,-18.42,-18.07,NaN
5/29/2026,1630,QBTS,30.14,2.20%,4.08,46.75,12.75,23.41,19.5,23.2,6,1,0.86,"36,381,235",201324.05,3.35E+07,3.12E+07,80.38,132.2,36.2,8.34,25.13,13.42,32.04,32.04,47
5/29/2026,1630,QCOM,251.02,3.18%,19.33,259.92,121.99,211.93,165.67,162.46,2,1,0.46,"28,781,844",400281.14,2.17E+07,1.91E+07,-23.96,97.54,25.46,0.88,248.13,122.37,-122.37,-165.17,41
5/29/2026,1630,QMOM,80.43,0.59%,1.67,80.56,60.24,78.3,74.61,68.48,6,0.75,0.45,"94,665",400020.01,27061.78,26878.36,251.15,24.7,0.5,0.79,81.15,64.42,81.15,-74.07,NaN
5/29/2026,1630,QQQ,738.31,0.37%,10.99,741.63,515.97,709.04,652.93,617.85,4,0.9,0.33,"37,541,668",0,4.82E+07,5.32E+07,-15.29,32.25,2.57,1.1,722.1,556.42,-556.42,-678.17,NaN
5/29/2026,1630,QS,8.98,-1.64%,0.55,19.0699,3.88,8.07,7.27,10.12,-1,1,-0.85,"27,908,334",-300102.12,2.11E+07,1.88E+07,58.61,50.67,4.42,3.1,10.25,6.39,10.25,-7.17,37
5/29/2026,1630,QSR,74.7,0.52%,1.14,81.96,61.33,77.09,76.92,70.22,1,0,0.23,"3,239,809",-200525.17,3359516.23,3634539.61,-22.12,1.27,-2.28,-0.95,82.16,70.61,82.16,82.16,47
5/29/2026,1630,QTUM,159.75,0.43%,6.44,160.79,84.08,146.7,129.8,114.45,7,1,0.61,"1,013,770",100137.02,539354.65,492824.86,76.43,56.37,8.03,0.71,148.1,101.42,-101.42,-137.17,NaN
5/29/2026,1630,QUBT,11.96,-2.29%,1,25.84,6.18,10.64,8.99,12.14,-1,1,-0.55,"21,438,054",200716.05,2.03E+07,1.83E+07,67.47,89.54,1.96,2.4,14.12,6.42,14.12,-9.07,49
5/29/2026,1630,R,250.85,0.82%,8.68,259,143.335,238.51,226.6,198.41,11,0.61,0.7,"421,584",200435.26,404469.89,391332.99,87.01,27.46,8.56,0.86,259.19,186.53,259.19,252.02,37
5/29/2026,1630,RBLX,47.15,0.68%,2.18,150.59,40.15,44.79,52.16,86.96,2,0.69,0.73,"11,055,253",100671.2,1.12E+07,1.07E+07,-35.36,-9.17,7.85,2.5,70.59,40.11,-40.11,49.03,42
5/29/2026,1630,RCL,284.63,1.19%,10.36,366.5,232.1,266.13,269.38,293.59,7,0.45,0.82,"4,234,930",100554.07,2796119.66,2832352.66,84.48,8.9,7.25,6.32,306.6,232.06,-232.06,-232.06,40
5/29/2026,1630,RDNT,55.53,0.40%,1.05,85.84,50.76,55.43,56.75,69.34,9,0.61,0.66,"589,208",100348.13,801315.7,861543.31,-59.66,-0.38,3.93,2.61,75.62,52.09,-52.09,-52.09,47
5/29/2026,1630,REAL,9.64,-1.73%,0.26,17.3922,4.7,10.25,10.28,11.72,9,0.4,0.52,"2,648,471",-200085.15,3530348.58,3636652.97,-81.57,18.72,3.1,1.47,13.17,8.42,13.17,-9.06,49
5/29/2026,1630,REG,77.35,-1.49%,0.86,81.66,66.855,77.96,77.84,73.45,-2,-0.29,-0.58,"3,094,944",-300127.01,1485663.43,1430209.34,83.22,3.28,0.56,-2.08,82.28,74.45,82.28,80.02,41
5/29/2026,1630,REGN,614.78,-1.08%,40.08,821.11,476.4869,675.75,719.34,694.72,7,0,0.4,"2,187,707",-200132.01,877224.51,812961.64,271.4,-17.95,-13.76,-3.13,795.61,611.08,795.61,731.11,42
5/29/2026,1630,REXR,35.47,-1.50%,0.52,44.38,32.14,35.74,35.09,38.91,-2,-0.82,-0.36,"2,927,377",-200330.25,2312041.58,2426373.18,192.88,8.74,0.6,-3.06,38.62,32.41,-32.41,37.02,32
5/29/2026,1630,REZ,89.75,-1.51%,0.84,92.635,80.45,91.03,88.11,85.53,-3,-0.75,-0.39,"35,948",0,39194.82,41115.28,44.99,8.96,-1.61,-2.65,92.1,82.42,-82.42,93.02,NaN
5/29/2026,1630,RGTI,25.54,-5.51%,3.8,58.1501,10.3,20.31,17.68,23.31,-1,1,-0.96,"61,186,089",201623.05,3.84E+07,3.58E+07,235.06,97.98,32.54,1.9,21.12,13.42,28.04,28.04,51
5/29/2026,1630,RH,148.49,-0.44%,8.91,257,106.3037,132.33,131.03,175.45,7,0.64,0.86,"828,560",200274.41,1257438.89,1249922.82,42.29,12.48,16.13,7.24,162.62,106.4,-106.4,-114.07,9
5/29/2026,1630,RHP,115.13,-0.65%,3.57,117.18,83.82,109.94,102.49,96.79,-1,1,-0.64,"433,926",-200222.11,586717.59,567136.56,-7.31,26.28,8.63,0.51,113.15,90.48,-90.48,-104.09,44
5/29/2026,1630,RIOT,27.11,-2.27%,1.48,28.54,7.99,23.93,19.01,16.84,-1,0.95,-0.56,"18,700,716",100691.17,1.81E+07,1.82E+07,5.08,129.16,10.11,3.95,26.13,12.42,-12.42,-19.17,42
5/29/2026,1630,RIVN,16.3,7.24%,0.79,22.69,11.57,14.33,15.28,15.43,7,0.4,0.87,"59,451,465",100773.01,2.88E+07,2.86E+07,88,12.49,12.26,13.27,18.26,13.07,-13.07,-13.07,45
5/29/2026,1630,ROBO,88.64,-0.31%,2.07,90.1,55.47,85.61,78.65,71.82,-1,-0.88,-0.46,"234,288",-100129.03,195667.49,199778.53,61.51,34.77,1.96,-1.5,87.11,65.42,-65.42,90.03,NaN
5/29/2026,1630,ROK,451.06,-0.82%,10.17,463.485,305.4401,444.16,408.52,385.36,-1,-0.79,-0.33,"1,110,324",-100435.18,784664.09,845433.94,4.44,29.43,-1.2,-1.15,463.16,348.42,463.16,-419.07,47
5/29/2026,1630,ROKU,130.18,-0.69%,2.99,133.46,71.61,126.49,112.87,102.49,6,-0.8,0.44,"2,236,123",-100252.2,2498588.94,2665623.32,9.09,47.55,3.44,2.01,131.13,85.43,-85.43,-120.07,42
5/29/2026,1630,ROST,231.73,1.99%,9.04,237.41,124.49,222.61,221.49,185.2,1,0.58,0.96,"11,295,835",100230.01,2780430.99,2888761.52,208.1,10.99,8.66,-1.26,231.15,194.61,-194.61,237.02,57
5/29/2026,1630,RRC,38.95,-1.17%,1.22,48.31,32.6,41.28,42.67,38.33,-7,-0.06,-0.36,"3,096,999",100042.27,3274407.86,3376427.7,50.21,-15.71,-6.12,-2.75,48.43,40.15,48.43,43.17,41
5/29/2026,1630,RRR,58.38,1.04%,2.6,67.99,46.565,53.7,55.1,58.3,9,0.69,1,"1,275,124",-200040.21,979952.49,959533.85,75.39,11.86,13.23,2.03,62.6,51.06,-51.06,-51.06,41
5/29/2026,1630,RSI,25.34,-3.91%,0.73,29.24,12.31,27.4,24.54,20.51,-2,-0.43,0,"1,916,112",100654.17,1892655.9,1829337.34,27.41,22.42,-6.74,-3.06,29.17,19.61,29.17,29.17,41
5/29/2026,1630,RSP,208.83,0.28%,2.37,209.32,174.27,204.39,199.9,194.53,7,0.99,0.66,"8,578,074",0,1.06E+07,1.26E+07,1.01,11.04,2.54,0.57,206.15,187.42,-187.42,-201.06,NaN
5/29/2026,1630,RSPG,102.26,-1.26%,2.41,114.01,71.85,105.9,105.63,89.18,-7,-0.17,-0.39,"126,686",0,140099.39,169053.01,119.32,-7.68,-3.01,-2.92,114.42,96.29,-96.29,111.06,NaN
5/29/2026,1630,RSPU,78.76,-0.47%,0.89,84.5195,69.73,79.46,80.53,78.06,-2,-0.18,-0.59,"35,784",-100012.2,59424.77,53354.59,-4.87,-2.72,-0.37,-2.06,84.35,77.08,-77.08,-77.08,NaN
5/29/2026,1630,RTO,30.11,-1.28%,0.76,34.665,22.72,32.31,32.6,29.45,-2,0,-0.13,"977,125",-100249.55,1001203.95,1254931.81,-15,-1.5,-6.4,-4.65,35.32,28.6,35.32,34.16,42
5/29/2026,1630,RUT,2919.3383,-0.59%,55.72,2942.6051,2043.5962,2850.19,2718.34,2556.7,-1,0.84,-0.47,<empty>,NaN,NaN,NaN,NaN,20.93,1.96,-0.04,2889.16,2405.42,-2405.42,-2723.07,NaN
5/29/2026,1630,RVLV,19.6,-4.06%,0.74,31.68,17.35,19.93,22.66,24.23,11,0.21,0.82,"1,143,107",-200457.12,1102588.05,1093050.97,-39.99,-10.87,5.89,1.03,28.29,17.11,-17.11,-17.11,45
5/29/2026,1630,RVX,22.03,0.00%,0.78,35.28,18,23.63,26.01,24.08,-7,-0.27,-0.68,<empty>,NaN,NaN,NaN,NaN,-36.33,-5.45,-8.7,35.43,22.16,35.43,26.08,NaN
5/29/2026,1630,S,16.55,-8.16%,0.93,21.4,11.81,16.84,14.92,15.63,-4,-0.87,-0.32,"30,820,494",200762.01,8473572.76,8676837,274.97,31.25,0.24,-10.83,18.07,12.34,19.04,19.04,62
5/29/2026,1630,SBAC,203.16,-0.71%,4.85,243.16,162.41,209.52,204.65,197.24,2,-0.3,0.21,"1,414,991",300739.37,1209384.32,1172552.04,207.75,19.63,0.97,0.71,224.28,162.45,224.28,-197.09,44
5/29/2026,1630,SBUX,99.16,-1.58%,2.52,108.88,77.99,104.65,99.38,91.28,-19,-0.47,-0.1,"8,207,914",100335.22,7656780.17,7796100.29,80.85,14.35,-6.8,-2.23,109.1,86.43,109.1,109.1,41
5/29/2026,1630,SCJ,105.91,0.53%,0.76,107.3199,81.49,104.19,101.26,96.03,1,0.62,0.58,"15,880",-200021.48,63562.71,85632.99,-28.59,11.97,-0.39,-0.26,107.1,94.48,107.1,107.1,NaN
5/29/2026,1630,SE,90.53,-1.53%,3,199.3,77.05,88.79,85.9,129.52,-1,1,-0.46,"5,717,572",100153.13,4196520.8,5049139.47,42.7,15.6,2.49,1.7,106.62,77.61,-77.61,100.11,50
5/29/2026,1630,SFD,25.83,-2.16%,0.52,29.805,21.08,25.96,26.89,24.15,-1,-0.2,-0.57,"977,877",-100636.23,1829920.03,1635951.38,-16.27,-4.65,3.61,-1.58,30.34,23.49,30.34,-25.11,40
5/29/2026,1630,SFM,82.62,-4.69%,2.24,182,64.75,84.73,79.51,90.54,-2,-0.84,-0.13,"1,724,176",200048.08,2192948.26,2299644.15,-40.89,6.94,-5,-3.52,95.07,69.21,95.07,95.07,41
5/29/2026,1630,SG,9.96,-2.45%,1.31,16.7,4.49,8.04,6.8,7.02,-1,1,-0.93,"5,825,308",-100185.05,5007966.18,4923048.83,-37.73,107.93,44.56,7.56,9.06,4.42,11.04,11.04,47
5/29/2026,1630,SHAK,64.31,3.51%,1.66,144.65,59.49,70.43,85.43,90.92,12,0.14,0.76,"1,954,539",-200750.14,1942444.08,1839338.9,-60.94,-23.01,3.93,4.03,107.27,59.08,-59.08,-59.08,42
5/29/2026,1630,SHEL,84.12,0.35%,1.48,94.9,66.82,86.1,88.95,78.63,-5,-0.05,-0.46,"8,816,787",-300132.23,8275281.31,8137590.21,53.95,-9.29,-0.46,-1.07,95.41,82.61,95.41,-83.02,42
5/29/2026,1630,SHO,10.82,-0.82%,0.27,11.05,8.43,10.4,9.78,9.38,-1,-1,-0.65,"1,986,051",200231.06,1859216.54,1826980.84,34.87,20.36,4.44,-0.37,11.14,9.48,-9.48,11.02,47
5/29/2026,1630,SHOC,111.648,0.07%,3.15,113.6101,46.07,105.27,91.33,73.84,-1,-0.83,-0.29,"10,898",-100100.09,17804.19,16759.02,-35.4,63.6,2.4,-0.38,109.1,68.42,-68.42,-97.17,NaN
5/29/2026,1630,SHOO,43.44,0.09%,2.01,46.88,22.2615,39.99,37.75,37.23,-1,0.85,-0.81,"1,419,733",0,1080583.97,1138465,15.63,33.29,10,1.61,41.14,31.53,-31.53,-37.17,41
5/29/2026,1630,SHOP,118.71,3.20%,6.04,182.19,94,107.37,115.42,139.62,11,0.65,0.88,"12,091,770",-100760.18,1.06E+07,1.02E+07,-16.65,6.21,21.85,13.16,137.27,94.1,-94.1,-94.1,46
5/29/2026,1630,SHY,82.3,0.05%,0.07,83.2,82,82.19,82.34,82.74,7,0.47,0.84,"2,521,444",-200003.42,4492432.5,4759106.9,57.8,-0.24,0.17,0.11,83.62,82.07,-82.07,-82.07,NaN
5/29/2026,1630,SHYG,42.59,0.12%,0.11,43.39,41.825,42.42,42.41,42.8,7,0.72,0.6,"1,119,256",0,1442355.06,1545971.06,8.72,1.55,0.45,0.16,43.29,42.43,43.29,-42.07,NaN
5/29/2026,1630,SIL,93.73,3.02%,5.52,119.24,44.07,92.75,91.94,83.31,2,0.36,0.61,"2,159,920",0,2024965.59,2203514.6,1.59,12.18,-5.4,2.63,119.62,78.48,-78.48,-86.07,NaN
5/29/2026,1630,SILJ,30.91,2.08%,2.02,41.1,13.4,30.57,30.24,27.6,4,0.36,0.61,"3,962,140",0,5259982.06,5651378.71,-6.31,13.18,-6.08,2.93,40.62,26.48,-26.48,-28.07,NaN
5/29/2026,1630,SITM,710.2,-2.65%,62.57,901.81,186.49,730.88,550.17,378.29,-3,-0.5,0,"666,651",100284.07,545892.15,513751.03,4.16,128.19,-13.41,-4.43,902.13,305.57,902.13,902.13,46
5/29/2026,1630,SIVR,71.79,-0.06%,4.52,115.26,32.22,74.21,72.04,62.81,2,-0.24,0.56,"848,394",0,2073311.24,2308868.07,-51.15,7.63,-9.54,-1.95,86.62,63.44,-63.44,85.11,NaN
5/29/2026,1630,SJM,103.2,-1.04%,1.53,119.39,88.25,100.62,97.49,103.66,-1,-0.85,-0.71,"1,477,770",0,1866718.05,2078170.54,-13.26,8.44,2.99,0.86,116.62,88.33,-88.33,-95.17,7
5/29/2026,1630,SKYY,144.57,7.08%,4.7,144.67,103.76,130.06,119.98,125.26,2,1,0.77,"998,648",100437.01,323957.33,334775.02,73.61,37.44,12.86,8.19,131.15,104.34,-104.34,-123.11,NaN
5/29/2026,1630,SLG,45.4,0.11%,1.36,66.91,34.77,43.61,41.22,47.17,6,0.83,0.5,"908,435",-100561.49,1254314.15,1292438.91,-48.41,26.53,4.46,2.97,47.15,35.43,47.15,-40.06,37
5/29/2026,1630,SLV,68.33,-0.04%,4.3,109.83,30.72,70.63,68.57,59.82,2,-0.24,0.56,"16,549,312",0,2.96E+07,3.38E+07,-13.47,7.57,-9.51,-1.99,82.62,60.44,-60.44,81.11,NaN
5/29/2026,1630,SLX,110.86,-0.14%,2.34,111.47,62.845,107.21,100.5,87.21,6,0.85,0.55,"61,485",-300029.1,42511.5,52279.38,50.25,25.24,1.41,0.79,110.11,85.48,-85.48,-103.07,NaN
5/29/2026,1630,SMCI,46.09,11.60%,4.27,62.358,19.48,33.77,28.67,35.98,7,1,1,"93,235,112",201089.17,4.44E+07,4.00E+07,83.63,118.85,39.54,24.23,36.13,19.47,-19.47,-27.17,45
5/29/2026,1630,SMH,598.93,-0.15%,18.61,612.3,238.96,561.79,484.73,388.75,-1,-0.86,-0.36,"7,603,183",-100148.13,9548730.74,9743705.28,-11.11,65.21,3.56,-0.53,581.1,360.42,-360.42,612.02,NaN
5/29/2026,1630,SMIN,67.18,-0.37%,0.73,78.535,57.7758,66.76,64.82,69.04,7,0.73,0.32,"210,573",-100022.03,174561.28,182867.48,46.96,16.05,0.86,0.24,69.15,58.42,69.15,-65.08,NaN
5/29/2026,1630,SMPL,11.52,-2.37%,0.21,35.155,10.21,11.88,12.7,19.14,-1,0.49,-0.65,"1,993,343",-101069.35,3072857.16,2789116.32,3.92,-21.04,-0.17,1.05,17.62,10.35,-10.35,-11.06,18
5/29/2026,1630,SN,121.89,2.02%,5.97,133.99,80.69,111.63,111.17,109.9,7,0.62,0.83,"7,926,278",200349.01,2196047.73,2168378.68,344.28,24.86,14.24,4.89,124.27,97.48,124.27,-100.06,52
5/29/2026,1630,SNAP,5.71,-3.38%,0.14,10.41,3.81,5.8,5.4,6.76,-1,-0.77,-0.53,"101,982,040",-200467.01,5.26E+07,4.95E+07,154.43,42.04,6.53,-0.7,6.17,4.43,6.17,-5.1,45
5/29/2026,1630,SNDR,35.34,-0.31%,2.09,35.8,20.11,32.11,29.53,26.29,-1,1,-0.78,"1,189,006",201342.11,1097745.41,1076306.03,75.03,37.94,6.41,2.02,34.06,23.49,-23.49,-29.12,42
5/29/2026,1630,SNOW,255.55,6.84%,30.95,280.67,118.3,166.15,155.98,203.04,2,1,1,"19,892,241",300665.01,8432247.4,7723928.63,173.22,66.3,69.51,43.89,185.54,118.34,-118.34,-136.16,61
5/29/2026,1630,SOFI,18.22,7.37%,0.74,32.73,13.09,16.05,16.71,23.21,7,0.8,0.77,"150,700,713",-300065.01,6.42E+07,6.73E+07,169.75,20.26,13.73,14.02,20.29,15.07,-15.07,-15.07,40
5/29/2026,1630,SOLZ,8.2273,0.09%,0.51,27.12,7.683,8.81,8.69,14.13,-5,-0.82,-0.51,"1,378,191",0,1268331.3,1749902.43,-37.85,-1.05,-12.2,-1.94,10.13,8.39,10.13,10.13,NaN
5/29/2026,1630,SOYB,25.15,-0.28%,0.17,25.47,21.06,25.05,24.66,23.15,2,-0.54,0.45,"93,377",200118.02,125064.46,130231.14,-27.99,4.05,0.76,0.96,25.11,24.62,25.11,25.11,NaN
5/29/2026,1630,SPDN,8.62,-0.23%,0.07,10.99,8.6,8.8,9.25,9.5,-5,-0.13,-0.76,"34,566,217",-200224.42,6.80E+07,7.36E+07,48.45,-15.74,-0.92,-0.69,10.42,9.03,10.42,9.17,NaN
5/29/2026,1630,SPG,204.91,-0.90%,2.49,208.79,155.44,203.27,198.08,188.12,-1,-0.7,-0.52,"3,950,447",-300125.01,1545169.01,1569247.29,265.23,12.37,1.04,-0.98,208.27,178.46,-178.46,209.02,44
5/29/2026,1630,SPGI,424,1.75%,6.48,579.05,381.605,417.7,424.49,478.14,9,0.68,0.72,"3,294,871",100232.01,1996030.22,2048447.31,66.82,1.53,4.97,2.79,457.26,401.11,-401.11,-401.11,42
5/29/2026,1630,SPHD,49.65,-0.88%,0.36,53.07,46.58,49.84,49.62,49.31,-3,-0.45,-0.68,"562,113",0,746832.74,814930.95,20.75,0.63,0.24,-1.15,53.62,48.48,-48.48,51.04,NaN
5/29/2026,1630,SPHR,138.48,3.54%,3.06,149,36.32,135.01,128.94,92.18,4,0.14,0.3,"926,975",-100364.49,789956.72,811251.43,68.41,29.93,2.7,3.24,149.17,104.43,149.17,-124.12,47
5/29/2026,1630,SPLV,72.21,-0.97%,0.55,77.735,69.63,73.25,73.48,73.15,-3,-0.34,-0.63,"2,118,542",0,2572729.15,2909980.84,-50.41,-0.78,-1,-2.26,78.62,72.46,-72.46,74.03,NaN
5/29/2026,1630,SPMO,150.59,0.31%,3.12,151.9082,104.69,143.72,130.46,122.1,4,0.87,0.37,"1,633,341",-300221.09,1920149.09,1850509.46,-15.13,39.64,2.08,0.53,148.1,107.42,-107.42,-136.17,NaN
5/29/2026,1630,SPOT,497.68,-3.68%,39.51,785,405,455.45,477.01,571,-2,0.94,-0.9,"3,399,679",200346.05,2203898.71,2212500.94,88.45,4.77,15.06,-6.05,571.57,411.16,-411.16,534.04,40
5/29/2026,1630,SPX,7580.06,0.00%,64.51,7599.38,5861.43,7412.55,7058.17,6830.83,5,0.9,0.29,<empty>,NaN,NaN,NaN,NaN,19.49,1.05,0.81,7517.1,6317.42,-6317.42,-7234.17,NaN
5/29/2026,1630,SPY,756.48,0.25%,6.53,758.08,585.06,739.34,703.65,681.17,5,0.9,0.3,"55,075,739",100225.42,6.38E+07,6.97E+07,16.62,19.7,1.11,0.78,750.1,629.42,-629.42,-721.17,NaN
5/29/2026,1630,STKL,6.5,0.00%,0.01,6.94,3.32,6.49,6.47,5.53,10,-0.52,0.46,<empty>,100038.59,1719189.32,2712623.84,328.3,0.62,0.46,0.15,7.43,5.62,7.43,7.12,4
5/29/2026,1630,STLD,260.15,-0.23%,12.25,263.09,119.89,237.9,211.53,174.14,6,0.89,0.63,"2,119,296",-100048.01,1172461.35,1167997.76,136.46,51.44,10.85,3.86,244.16,162.49,-162.49,-219.07,36
5/29/2026,1630,STZ,138.82,-2.33%,3.91,178.55,126.45,146.39,152.11,147.53,-4,-0.13,-0.38,"2,456,242",200233.09,2085591.02,2005948.72,63.2,-8.07,-1.27,-5.97,169.33,139.11,169.33,153.16,22
5/29/2026,1630,SU,62.36,-1.50%,2.14,70.29,35.93,66.41,65.29,50.76,-7,0,-0.06,"3,729,343",0,4156415.44,4575527.69,51.5,-5.49,-6.63,-4.88,70.17,55.6,70.17,70.17,45
5/29/2026,1630,SVV,8.95,-0.67%,0.65,13.89,6.905,7.98,8.05,9.97,9,0.73,0.8,"1,096,504",201272.07,1228668.66,1187198.56,-9.55,23.96,22.77,7.83,9.62,7.43,-7.43,-7.08,42
5/29/2026,1630,SWBI,15.22,0.00%,0.34,15.79,7.73,15.07,14.91,11.36,-4,-0.15,-0.3,"836,475",100945.59,545212.29,594957.32,166.48,5.77,0.46,-0.13,16.18,12.61,16.18,16.04,13
5/29/2026,1630,SWKS,77.85,-4.37%,5.76,90.9,51.93,72.01,63.43,66.44,-3,-0.98,-0.7,"5,407,564",-200547.13,4175600.72,3949527.92,5.13,48.29,16.09,-6.68,74.06,52.42,-52.42,85.02,45
5/29/2026,1630,SXT,113.85,-2.37%,1.54,129.35,82.6,115.66,104.14,99.31,-1,-0.53,-0.1,"359,186",300136.21,422128.83,386697.78,0.21,30.58,-2.89,-2.58,129.22,83.48,129.22,-110.07,38
5/29/2026,1630,SYF,71.44,-0.04%,0.82,88.77,56.51,72.14,72.1,74.33,7,0.42,0.53,"7,046,791",100034.01,3897561.75,3940920.39,73.15,8.23,0.25,-0.64,80.27,63.54,80.27,-68.06,35
5/29/2026,1630,SYY,75.81,-0.14%,1.47,91.845,68.19,74.11,75.16,78.54,-4,0.53,-0.79,"5,236,226",100333.42,5126641.23,4702562.39,43.27,9.39,3.78,0.65,91.62,68.41,-68.41,77.05,40
5/29/2026,1630,T,24.8,-0.32%,0.33,29.79,22.95,25.11,26.36,26.48,-3,0.16,-0.55,"88,295,109",-100027.01,3.99E+07,4.00E+07,145.18,-13.83,0.61,-0.88,29.46,24.08,-24.08,-24.08,36
5/29/2026,1630,TAN,73.93,2.78%,3.86,75.6,31.4,64.08,59.07,51.69,6,1,1,"3,809,555",-100046.01,1412892.15,1424470.72,408.49,39.78,13.83,7.21,66.09,52.57,-52.57,-59.17,NaN
5/29/2026,1630,TAP,39.53,-1.40%,0.84,54.82,39.39,41.69,42.62,46.32,-4,-0.43,-0.46,"4,112,691",-200335.21,3146862.48,3091425.35,19.01,-7.9,-3.14,-4.12,49.62,41.18,49.62,44.14,45
5/29/2026,1630,TBIL,49.86,0.02%,0.04,50.02,49.81,49.92,49.92,49.93,-2,-0.52,-0.28,"2,224,146",300000.43,2168424.46,2346182.65,26.03,0,-0.12,-0.24,50.43,50.42,-50.42,50.04,NaN
5/29/2026,1630,TCEHY,54.6,-0.04%,1.86,87.68,54.12,58.41,61.44,73.59,-6,-0.24,-0.32,"2,976,617",100200.12,4170966.1,4185006.97,-9.93,-10.54,-7.28,-2.74,74.56,55.04,74.56,62.11,51
5/29/2026,1630,TCNNF,9.2882,-3.99%,0.63,11.83,3.25,8.56,7.54,7.39,4,0.51,0.37,"498,820",101400.25,429894.82,375821.09,-10.81,83.2,16.25,11.91,10.22,5.42,10.22,-7.09,NaN
5/29/2026,1630,TEAM,107.61,15.35%,6.46,222.59,56.0101,88.66,76.12,125.01,3,0.98,0.73,"13,857,687",100779.2,7692965.44,7448101.55,9.63,60.9,33.08,26.72,96.18,56.34,-56.34,-78.1,47
5/29/2026,1630,TEVA,35.32,2.32%,0.73,37.345,14.99,35.07,32.47,27.67,4,0.54,0.38,"16,852,842",100239.01,6251619.27,6785406.57,105,24.59,0.03,2.05,37.15,28.38,37.15,-34.09,41
5/29/2026,1630,TFLO,50.63,0.02%,0.03,50.66,50.39,50.56,50.57,50.54,1,0.67,0.79,"1,693,252",-100002.17,1688397.51,1728362.71,114.6,0,0.14,0.04,51.42,50.62,51.42,-51.17,NaN
5/29/2026,1630,TGS,31.08,0.97%,0.68,36.3499,19.74,29.97,31.52,28.96,4,0.25,0.78,"672,198",100558.06,402168.05,373319.62,33.86,-10.38,4.86,5.89,36.41,28.59,36.41,-28.05,45
5/29/2026,1630,TGT,127.07,-1.23%,2.93,133.1,83.44,125.37,123.79,105.51,-1,0.23,-0.7,"6,455,972",100237.07,5662158.08,5858202.02,66.23,6.98,3.24,1.31,133.27,111.62,133.27,-117.06,55
5/29/2026,1630,THC,175.32,1.22%,9.17,247.21,146.6,187.11,190.07,199.4,1,-0.24,0.38,"1,420,926",100245.2,1391167.82,1309248.91,14.5,-6.74,-11.7,-0.6,247.59,168.2,-168.2,201.1,35
5/29/2026,1630,THD,73.46,-0.73%,1.07,75.06,48.08,71.92,70.26,63.91,-1,0.4,-0.72,"97,849",-100120.32,100361.72,125891.94,176.91,9.72,0.36,0.93,74.1,65.49,-65.49,-70.12,NaN
5/29/2026,1630,TIGR,5.14,2.59%,0.66,13.55,4,6,6.41,8.78,3,-0.02,0.14,"6,391,368",101001.05,4669894.52,4117131.82,100.35,-15.46,-20.68,2.59,8.56,4.04,-4.04,-4.04,2
5/29/2026,1630,TIP,111.21,0.03%,0.38,112.26,108.07,110.91,110.92,110.91,7,0.37,0.72,"3,078,477",100007.1,2396733.19,2468270.31,169.39,0.78,0.18,0.35,112.23,110.43,112.23,-110.07,NaN
5/29/2026,1630,TJX,154.75,-0.09%,4.47,165.82,119.8405,153.61,156.68,150.51,-3,-0.49,-0.8,"12,110,108",-100023.01,5119941.43,5044129.75,146.72,-0.67,5.02,-2.65,166.35,146.11,-146.11,161.02,55
5/29/2026,1630,TKO,205.18,2.31%,5.93,226.94,152.29,190.19,191.17,196.58,2,0.55,0.88,"1,213,099",200242.42,1457027.4,1424083.85,-35.33,5,6.59,9.09,226.62,181.2,-181.2,-182.11,46
5/29/2026,1630,TKR,127.98,0.95%,5.71,128.61,67.14,117.44,109.14,91.72,7,0.95,0.89,"1,000,438",300442.04,886041.42,879053.77,20.32,33.4,9.63,0.44,124.16,94.48,-94.48,-107.07,41
5/29/2026,1630,TLT,85.76,0.02%,0.83,92.185,82.77,84.95,85.9,88,7,0.35,0.88,"33,118,565",100016.48,2.89E+07,3.28E+07,7.54,-1.18,0.99,0.78,90.62,83.07,-83.07,-83.07,NaN
5/29/2026,1630,TME,9.22,1.43%,0.23,26.7,8.435,9.09,9.35,17.14,1,1,0.67,"13,037,749",-200962.51,1.08E+07,1.12E+07,87.71,-0.97,7.21,0.33,15.52,8.09,-8.09,-8.09,50
5/29/2026,1630,TMO,492.51,1.09%,15.19,643.99,385.46,458.94,479.61,526.78,9,0.55,0.94,"4,184,392",200235.01,2237286.74,2253243.75,7.13,2.6,9.88,9.89,538.27,435.08,-435.08,-435.08,36
5/29/2026,1630,TMUS,187.53,-0.78%,2.09,261.56,181.36,191.43,196.29,211.99,-3,-0.29,-0.41,"7,597,945",-100140.28,5804802.36,5609693.58,91.58,-12.34,-0.35,-1.87,222.6,182.23,-182.23,-185.09,37
5/29/2026,1630,TNET,45.68,0.59%,1.73,84.08,33.605,42.47,40.11,53.56,5,0.96,0.81,"805,156",100161.01,451436.16,470237.52,178.21,21.04,15.24,7.58,46.19,34.34,-34.34,-38.11,38
5/29/2026,1630,TNX:CGI,44.53,0.00%,0.74,46.87,39.47,44.83,43.89,42,-7,-0.72,-0.19,<empty>,NaN,NaN,NaN,NaN,2.56,-0.18,-0.89,47.07,40.62,47.07,47.07,NaN
5/29/2026,1630,TOKE,5.24,0.00%,0.07,7.334,4.27,5.21,5.47,5.74,1,0.34,0.36,<empty>,0,22074.62,51471.83,22.71,-7.91,-0.37,0.77,6.62,5.12,-5.12,-5.12,NaN
5/29/2026,1630,TOST,26.03,4.29%,0.96,49.66,22.26,24.99,26.45,33.06,11,0.49,0.72,"14,610,028",100153.08,1.12E+07,1.13E+07,-58.13,-0.12,12.83,11.62,31.58,22.11,-22.11,-22.11,45
5/29/2026,1630,TPB,84.93,-3.87%,1.92,146.9,65.8,88.5,83.61,99.22,-13,-0.69,-0.67,"299,312",-101366.41,494815.92,516062.11,-68.2,-1.5,-6.92,-4.9,119.62,66.4,-66.4,99.14,46
5/29/2026,1630,TPL,393,-2.07%,6.88,547.2,269.2333333,402.87,434.66,366.14,-1,0.17,-0.62,"1,343,007",-100147.01,473469.26,479660.94,239.59,-15.91,1.16,-1.77,545.46,370.35,-370.35,-375.11,46
5/29/2026,1630,TPR,145.46,0.05%,5.21,161.97,76.92,137.03,142.37,127,12,0.35,0.8,"3,252,279",100040.12,2159817.35,2137105.03,-24.65,6.24,11.69,3.44,159.29,128.12,-128.12,-128.12,52
5/29/2026,1630,TPYP,41.37,-1.88%,0.86,44.58,33.94,42.93,42.4,38.1,-7,-0.26,-0.12,"69,241",200020.25,145558.74,131984.3,88.11,-3.36,-4.61,-4.39,45.06,40.29,45.06,45.06,NaN
5/29/2026,1630,TRIP,11.18,2.57%,0.53,20.16,9.01,10.29,10.56,13.61,11,0.72,0.82,"3,806,800",200763.07,3779051.8,3715338.18,7.82,7.6,16.46,11.35,12.27,9.49,12.27,-9.06,47
5/29/2026,1630,TRP,66.62,-1.49%,1.59,71.47,46.29,67.58,64.66,57.62,-5,-0.75,-0.16,"2,718,812",-200028.42,2654737.31,2590639.73,81.51,5.71,-2.23,-4.19,71.06,59.29,71.04,71.04,42
5/29/2026,1630,TRU,71.56,-0.14%,1.96,99.39,64.51,69.5,70.52,79.3,7,0.71,0.74,"2,605,308",0,2172986.91,2308530.87,76.35,7.63,8.13,1.4,80.61,65.06,-65.06,-65.06,37
5/29/2026,1630,TSLA,435.79,-1.43%,13.1,498.83,273.21,421.39,391.8,412.13,-1,-0.87,-0.53,"45,176,821",-100047.26,6.13E+07,6.07E+07,-30.55,22.66,-1.69,0.51,453.11,337.37,453.11,453.11,37
5/29/2026,1630,TSM,418.45,-1.51%,9.86,430.55,192.195,407.15,379.4,321.38,-1,0.77,-0.52,"11,232,272",100252.25,1.35E+07,1.36E+07,-39.39,32.21,0.17,1.49,422.1,314.42,-314.42,431.02,32
5/29/2026,1630,TSN,61.02,-1.58%,1.82,69.4842,50.56,66.21,64.61,59.35,-2,-0.17,0,"4,347,575",100528.19,2803818.85,2928290.11,105.15,-4.3,-8.46,-6.31,69.17,58.47,69.17,69.17,44
5/29/2026,1630,TT,451.3,-0.21%,10.53,503.47,348.06,465.97,457.19,427.91,5,-0.16,0.31,"2,649,372",-100033.01,1358625.45,1349366.09,124.94,11.73,-6.31,-2.2,503.2,403.42,503.2,-444.04,41
5/29/2026,1630,TTD,21.56,1.94%,0.62,91.45,19.74,22.18,22.33,36.05,1,0.81,0.49,"48,457,446",100272.01,1.94E+07,2.07E+07,17.35,-2.04,5.63,-2.8,33.59,20.35,-20.35,-20.11,47
5/29/2026,1630,TTE,87.32,0.17%,2.14,94.17,57.39,90.87,90.46,72.63,-7,0,-0.14,"1,829,050",500228.35,1837312.83,2011080.62,117.64,-4.62,-4.48,-3.02,94.08,77.59,94.08,-87.02,NaN
5/29/2026,1630,TTWO,224.16,2.89%,9.01,264.785,187.63,227.66,213.64,231.8,1,-0.75,0.34,"6,487,340",100343.01,2070487.13,2032638.56,269.43,16.1,-7.53,1.58,246.1,188.43,247.04,247.04,49
5/29/2026,1630,TUA,20.695,0.22%,0.09,22.305,20.425,20.7,20.91,21.65,7,0.49,0.71,"178,217",100124.44,547756.66,504082.26,35.88,-1.69,0.07,0.41,22.62,20.07,-20.07,-20.07,NaN
5/29/2026,1630,TUR,38.2,-0.80%,2.02,43.98,29.64,41.01,40.79,37.18,5,0,0.19,"206,334",-100742.06,316818.13,399304.25,61.88,2.28,-9.46,-0.34,44.13,36.05,-36.05,-36.05,NaN
5/29/2026,1630,TWLO,190.64,3.27%,5.58,203.71,91.84,191.98,156.34,128.35,1,-0.6,0.04,"3,866,985",300458.19,2597229.41,2402432.62,34.55,57.58,-3.74,0.52,204.14,113.34,204.14,-180.03,47
5/29/2026,1630,TXG,28.305,1.13%,2.49,28.86,8.945,23.03,22.41,17.89,12,0.87,1,"2,916,110",100380.15,2616006.58,2575174.87,-39.65,42.88,31.53,14.97,26.29,16.52,-16.52,-20.14,47
5/29/2026,1630,TXRH,180.62,0.15%,2.66,197,153.825,173.91,167.55,171.96,-3,-0.8,-0.43,"945,190",200331.14,1184265.9,1099369.21,-67.49,11.27,2.01,-0.87,185.12,154.18,-154.18,-155.17,47
5/29/2026,1630,TXT,91.76,-0.17%,1.29,101.57,72.76,91.31,90.44,87.74,-1,0.5,-0.69,"2,139,845",-100129.21,1366844.11,1397047.2,55.17,6.76,0.24,-0.99,101.62,86.42,-86.42,-88.06,37
5/29/2026,1630,TYX:CGI,49.93,0.00%,0.63,51.97,45.28,50.34,49.62,48.14,-7,-0.67,-0.17,<empty>,NaN,NaN,NaN,NaN,1.79,-0.38,-0.66,52.07,47.62,52.07,52.07,NaN
5/29/2026,1630,U,30.47,1.77%,1.38,52.15,16.78,27.23,24.54,33.86,4,0.81,0.73,"9,723,526",-100494.44,1.32E+07,1.34E+07,-43.84,48.34,11.69,13.82,31.15,17.44,-17.44,-25.04,46
5/29/2026,1630,UA,5.73,-1.88%,0.35,7.9067,3.95,5.54,5.8,5.37,9,0.23,0.81,"4,085,021",-100455.13,2859143.43,2864183.3,115.35,3.62,15.52,3.62,7.62,5.12,-5.12,-5.12,48
5/29/2026,1630,UAA,5.87,-2.00%,0.37,8.15,4.13,5.69,5.95,5.53,9,0.23,0.81,"7,739,114",-100361.13,8325965.55,9083357.57,8.95,3.71,15.1,3.71,7.62,5.12,-5.12,-5.12,48
5/29/2026,1630,UAE,19.53,-0.51%,0.26,22.29,16.99,19.15,19.05,19.51,8,0.6,0.67,"375,077",100338.48,555844.42,788695.37,247.23,9.47,2.57,3.01,21.29,17.48,21.29,-18.08,NaN
5/29/2026,1630,UAL,114.8,-0.23%,8.15,119.21,71.55,99.02,95.55,101.64,7,1,1,"7,163,430",-300458.27,7332108.2,7915169.66,83.81,34.73,19.56,8.38,106.29,85.42,-85.42,-88.07,37
5/29/2026,1630,UBER,70.4,-0.73%,2.12,101.99,68.46,74.09,73.81,83.69,2,-0.57,0.16,"50,294,668",-100038.01,1.68E+07,1.75E+07,209.87,0.7,-5.74,0.4,81.15,68.43,81.15,81.15,46
5/29/2026,1630,UFO,65.31,-3.68%,4.2,68.2121,23.897,57.69,52.84,42.27,-1,1,-0.91,"4,066,217",100075.01,1132478.74,986207.99,166.24,53.67,12.66,-0.2,59.06,42.42,-42.42,-50.17,NaN
5/29/2026,1630,UGA,105.21,-2.35%,6.35,125.47,58.5,116.76,108.89,77.66,-8,-0.12,0,"63,638",-200176.41,87840.77,85607.44,107.35,-0.6,-12.24,-2.95,125.08,75.62,125.08,125.08,NaN
5/29/2026,1630,UHAL,57.89,-1.96%,3.01,64.75,41.945,51.6,50.28,52.98,9,0.89,0.93,"382,008",201231.02,241127.07,237145.38,115.72,25.11,16.55,13.29,54.26,42.48,-42.48,-48.07,46
5/29/2026,1630,UHS,146.11,-2.67%,7.89,246.325,145.605,164.16,173.97,200.43,-8,-0.09,-0.33,"4,856,175",-100341.01,905400.58,910409.54,337.57,-19.76,-14.39,-6.72,209.62,154.03,209.62,175.14,40
5/29/2026,1630,UL,56.45,-1.02%,0.48,74.975,54.95,57.79,58.09,65.64,-2,-0.51,-0.63,"3,486,976",100232.41,4722066.63,4520784.23,-28.66,-5.89,-1.55,-1.09,72.62,55.4,-55.4,-56.09,40
5/29/2026,1630,ULS,99.5,0.08%,1.59,107.54,61.64,99.56,91.96,80.2,-4,-0.8,-0.38,"722,135",-100145.49,770200.45,745149.01,9.49,21.05,-1.09,-1.32,108.16,78.57,108.16,-94.12,45
5/29/2026,1630,ULTA,508.85,-2.17%,12.08,714.9699,452,509.68,525.63,567.32,-1,0.5,-0.78,"822,610",-300337.53,688452.72,756248.17,73.43,-0.24,2.12,-1.39,683.62,469.07,-469.07,-469.07,2
5/29/2026,1630,UNG,11.93,0.34%,0.35,18.1182,9.95,11.14,11.15,12.47,2,0.62,0.51,"12,748,364",0,9458176.32,1.07E+07,47.51,2.14,6.9,9.35,13.57,10.21,-10.21,-10.15,NaN
5/29/2026,1630,UNH,380.31,-0.58%,7.1,404.15,234.6,382.68,338.33,326.6,-11,-0.72,-0.24,"10,262,268",-100145.49,8524557.68,8201057.49,0.33,45.27,-4.71,0.92,404.11,256.43,404.11,404.11,40
5/29/2026,1630,UNP,262.64,-1.12%,4.58,279.7,210.84,267.45,256.9,239.12,-2,-0.55,-0.4,"6,343,147",-200129.01,3090769.57,3041293.82,254.76,9.79,-2.49,-3.12,276.08,232.49,-232.49,280.02,37
5/29/2026,1630,UPBD,19.21,-1.08%,0.74,28.025,15.82,18.18,18.47,20.2,9,0.52,0.79,"1,087,844",200250.21,849038.13,854919.73,70.34,6.66,10.34,6.07,21.62,17.07,-17.07,-17.07,42
5/29/2026,1630,UPS,106.69,0.02%,3.33,122.41,82,100.36,101.12,98.11,8,0.58,0.91,"10,465,972",-200635.19,6278851.81,6382486.15,118.92,12.36,8.4,4.63,116.6,94.07,-94.07,-94.07,40
5/29/2026,1630,UPST,33.79,3.36%,1.84,87.3,23.965,29.77,29.42,42.69,8,0.8,0.63,"5,885,644",0,4692885.9,4862643.5,26.95,39.51,13.73,10.35,36.27,24.42,36.27,-26.11,45
5/29/2026,1630,URA,50.76,0.02%,2.63,62.28,31.73,52.31,51.83,49.45,6,0.14,0.46,"3,911,803",0,3836027.63,3889654.52,-24.92,12.08,-3.31,-0.2,59.25,45.42,59.25,-47.07,NaN
5/29/2026,1630,URBN,72.65,-2.94%,3,84.35,59.535,70.77,68.82,70.32,-2,-0.54,-0.61,"1,505,810",100247.06,1427743.57,1557458.68,72.16,19.24,5.61,-3.67,77.27,60.46,-60.46,77.02,61
5/29/2026,1630,URI,995.67,0.73%,22.31,1021.47,681.98,951.59,858.94,875.76,5,0.75,0.43,"573,522",100536.26,545317.61,578288.88,52.02,39.48,2.33,3.4,1001.24,702.49,-702.49,-911.07,37
5/29/2026,1630,URNJ,28.23,-0.11%,1.78,40.81,17.12,29.12,29.76,29.01,6,0.15,0.46,"121,997",0,318160.29,351700.23,-47.22,6.01,-2.59,0.5,37.62,26.06,-26.06,-26.06,NaN
5/29/2026,1630,URNM,61.28,-0.11%,3.08,84.95,39.241,62.66,63.91,61.59,6,0.14,0.5,"611,964",100255.04,749021.56,764366.11,-7.97,4.86,-1.95,0.66,76.62,57.07,-57.07,-57.07,NaN
5/29/2026,1630,USCI,97.87,-0.75%,1.53,102.93,70.2,100.14,97.68,84.32,-11,-0.14,0,"7,102",400126.03,27014.22,25457.38,-76.18,1.96,-3.46,-0.84,103.11,86.61,103.11,103.11,NaN
5/29/2026,1630,USD/JPY,159.384,0.08%,0.164,N/A,N/A,159.012,158.575,157.281,-13,-0.6,-0.54,"560,000",-100200.33,1.26E+07,1.75E+07,-93.593,0.306,0.106,0.08,161.32,155.26,-155.26,160.04,NaN
5/29/2026,1630,USFD,81.85,0.86%,1.34,102.13,69.875,84.56,88.64,82.33,9,0.05,0.47,"2,557,507",-100028.16,2461713.03,2461203.92,-24.53,-10.02,-2.51,0.68,97.62,80.05,-80.05,-80.05,47
5/29/2026,1630,USPH,64.26,0.58%,1.69,93.5,58.19,64.14,70.65,79.4,13,0.29,0.73,"195,897",300346.09,201090.33,196568.46,-34.07,-14.08,-1.28,3.46,85.6,58.14,-58.14,-58.14,46
5/29/2026,1630,UTI,37.41,-4.15%,1.56,41.53,21.29,38.03,37.27,31.05,-2,-0.51,-0.35,"1,244,566",300054.04,915199.68,877215.06,71.3,1.08,-9.86,-6.4,42.1,31.15,42.1,42.1,46
5/29/2026,1630,UTZ,7.32,-2.40%,0.24,14.67,6.92,7.5,7.6,10.05,-4,-0.68,-0.54,"1,779,811",200150.08,2001698.15,1956573.7,-13.01,-6.51,3.24,-2.14,9.62,7.09,-7.09,-7.09,42
5/29/2026,1630,UUP,27.66,-0.14%,0.13,28.45,26.395,27.59,27.58,27.56,-7,-0.76,-0.71,"4,610,343",100007.37,2633047.15,2838430.12,330.74,-1.14,0.14,-0.32,28.42,27.29,-27.29,28.05,NaN
5/29/2026,1630,V,326.36,0.43%,3.35,375.51,293.89,325.67,315.27,330.78,-6,-0.79,-0.49,"14,106,836",100024.01,7518855.45,7395479.55,137.08,8.95,1.19,-0.04,342.21,294.4,342.21,335.07,41
5/29/2026,1630,VET,11.13,-2.20%,0.6,14.82,6.635,12.38,12.74,9.74,-7,0,-0.22,"3,187,425",101365.5,2168871.06,2298949.38,89.96,-18.22,-11.53,-6,15.48,11.59,15.48,14.17,47
5/29/2026,1630,VFC,17.18,-4.18%,0.54,22.2699,11.06,17.59,18.04,17.14,6,0.28,0.49,"6,897,192",100155.06,7513291.63,7248289.51,49.38,6.38,-0.58,2.81,22.27,16.05,-16.05,-16.05,45
5/29/2026,1630,VG,12.04,-3.99%,0.88,19.5,5.72,13,13.62,10.9,-7,-0.25,-0.5,"13,943,321",100815.49,2.66E+07,2.76E+07,-20.25,-28.72,-7.46,-6.59,18.46,11.6,18.46,15.07,51
5/29/2026,1630,VGK,89.01,-0.02%,1.08,90.745,74.2401,87.79,85.98,83.52,-2,0.84,-0.53,"2,547,835",200127.42,3994135.62,4142591.42,45.76,11.44,1.76,-0.53,90.29,79.48,-79.48,90.03,NaN
5/29/2026,1630,VHT,279.61,-0.77%,3.67,298.6068,237.2312,274.03,273.07,276.05,-1,0.71,-0.88,"250,043",-100116.2,194681.29,198650.06,18.28,4.97,2.01,0.83,294.62,265.43,-265.43,-267.13,NaN
5/29/2026,1630,VIK,92.11,-0.25%,4.02,93.6999,44.11,84.67,80.02,70,5,1,0.81,"5,118,669",200449.03,3357212.23,3301131.94,96.63,34.57,6.22,4.99,92.1,66.57,-66.57,-80.12,54
5/29/2026,1630,VIR,9.54,-0.10%,0.3,11.66,4.155,9.34,9.54,7.17,7,0.17,0.62,"3,089,702",0,1793464.28,2269891.61,91.71,12.77,4.95,1.71,12.28,8.42,12.28,-9.07,46
5/29/2026,1630,VIX,15.32,0.00%,0.88,35.3,13.38,17.25,19.95,18.43,-3,-0.19,-0.59,<empty>,NaN,NaN,NaN,NaN,-39.33,-16.87,-9.94,35.58,16.17,35.58,19.09,NaN
5/29/2026,1630,VKTX,32.74,1.71%,1.24,43.15,22.959,31.02,32.52,32.49,7,0.49,0.69,"1,747,727",100268.21,2232006.27,2269948.61,20.64,9.43,3.25,6.3,38.53,28.07,-28.07,-28.07,41
5/29/2026,1630,VLO,244.82,-0.01%,6.33,263.75,125.1,246.77,243.02,193.28,2,-0.29,0.35,"3,996,753",-100148.49,3607885.8,3764399.9,17.23,-2.18,0.02,1.4,264.06,207.62,264.06,264.06,37
5/29/2026,1630,VLTO,82.23,-1.50%,1.31,110.11,80.03,86.2,87.76,97.52,-3,-0.39,-0.48,"4,412,498",-300231.01,2218139.1,2080677.53,115.33,-4.39,-3.57,-4.44,98.62,84.09,98.62,90.17,38
5/29/2026,1630,VMC,282.92,2.23%,7.78,331.09,252.35,277.02,280.55,291.86,7,0.46,0.63,"2,058,022",300138.43,1158399.32,1236120.42,101.29,5.99,2.85,5.2,309.62,252.49,-252.49,-252.07,42
5/29/2026,1630,VNM,18.7,0.11%,0.29,19.85,13.02,19.16,18.44,18.29,1,-0.58,0.19,"308,818",-100141.56,740330.47,851301.71,-35.4,10.98,-4.05,-0.9,20.14,16.46,20.14,20.14,NaN
5/29/2026,1630,VNO,33.75,-0.30%,1.12,43.37,24.57,31.56,29.07,33.56,7,1,0.53,"1,933,316",-100446.49,1993133.92,2052548.77,5.19,34.03,8.63,3.21,33.15,25.43,-25.43,-29.17,44
5/29/2026,1630,VRNS,34.15,7.36%,1.96,63.9,19.7,29.15,25.62,36.92,2,1,0.7,"2,595,909",0,2506605.9,2386335.04,9.43,61.31,25.46,9.98,31.06,20.34,-20.34,-26.16,41
5/29/2026,1630,VRT,315.71,0.49%,23.81,379.935,105.68,339.69,307.36,211.28,1,-0.23,0.03,"7,227,549",-100569.49,7433892.42,7527194.36,77.1,34.79,-16.09,-2.53,380.1,232.42,380.1,380.1,41
5/29/2026,1630,VRTX,447.54,-0.10%,7.23,507.92,362.5,436.13,438.67,436.07,3,0.59,0.71,"1,893,380",100432.57,1252625.17,1304954.59,98.6,0.99,-0.64,2.66,508.56,412.17,-412.17,457.1,44
5/29/2026,1630,VSCO,55,-7.72%,4.94,66.889,17.53,49.97,49.51,44.27,-1,0.6,-0.95,"3,956,702",100673.58,2186708.8,2456959.36,103.26,27.05,17.57,-1.65,65.6,42.43,-42.43,-43.07,2
5/29/2026,1630,VTR,84.42,-1.60%,1.42,91.06,61.76,87.75,85.39,78.34,-10,-0.33,-0.17,"5,607,826",100023.21,4227962.06,3991477.11,16.51,3.43,-6.16,-4.47,91.09,79.26,91.09,91.09,41
5/29/2026,1630,VVIX,86.06,0.00%,4.19,147.14,81.72,93.47,102.46,102.27,-6,-0.18,-0.44,<empty>,NaN,NaN,NaN,NaN,-32.68,-8.7,-3.9,141.58,89.03,141.58,103.12,NaN
5/29/2026,1630,VVV,33.75,-1.26%,0.81,41.33,28.5,33.45,33.51,34.3,-1,0.34,-0.67,"2,844,345",-200136.15,2167451.42,2055758.56,-28.13,1.84,4.23,-0.62,38.62,31.06,-31.06,-31.06,46
5/29/2026,1630,VXD,14.58,0.00%,0.67,42.71,2.43,16.09,19.02,17.32,-3,-0.19,-0.48,<empty>,NaN,NaN,NaN,NaN,-51.12,-7.84,-9.33,43.56,15.04,43.56,18.11,NaN
5/29/2026,1630,VXN:CGI,22.58,0.00%,0.79,33.92,9.01,23.56,24.75,22.69,-3,-0.38,-0.52,<empty>,NaN,NaN,NaN,NaN,-32.11,-6.23,-5.52,34.42,21.19,-21.19,26.09,NaN
5/29/2026,1630,VXX,24.14,-1.71%,1.36,56.0096,23.85,27.19,30.16,31.48,-7,-0.12,-0.48,"7,298,621",-101204.58,9941777.89,1.13E+07,-22.01,-38.36,-12.69,-5.85,40.42,25.03,40.42,29.12,NaN
5/29/2026,1630,VZ,47.81,-0.42%,0.62,51.68,38.39,47.6,47.88,44.29,-3,-0.34,-0.48,"40,410,945",100029.49,2.47E+07,2.49E+07,147.17,-4.95,1.59,-1.4,52.46,44.32,-44.32,49.02,35
5/29/2026,1630,W,72.26,-0.67%,5.59,119.98,39.9,64.95,70.9,86.78,-1,0.63,-1,"3,719,354",101271.07,4131432.22,3947720.54,19.72,3.9,16.72,0.47,86.29,56.07,-56.07,77.02,44
5/29/2026,1630,WBD,27.01,-0.11%,0.12,30,9.11,27.12,27.22,24.11,-2,-0.09,-0.36,"26,623,314",-100119.49,2.07E+07,2.28E+07,112.84,-0.3,-0.41,0.04,29.62,27.22,-27.22,27.06,47
5/29/2026,1630,WCLD,32.95,7.96%,1.3,37.115,23.8901,29.49,28.02,31.99,2,1,0.75,"2,381,125",200639.01,1104577.94,1203676.94,116.12,24.07,18.06,9.29,31.07,24.34,-24.34,-27.1,NaN
5/29/2026,1630,WDAY,146.19,12.45%,7.02,257.09,110.36,126.25,125.49,185.89,2,1,0.71,"11,219,069",100967.01,5185923.89,5214890.64,163.81,13.53,23.11,17.88,154.57,110.35,-110.35,-113.11,57
5/29/2026,1630,WEAT,23.38,-1.89%,0.63,25.6,19.78,24.25,23.5,21.61,-7,-0.49,-0.04,"889,930",-200149.55,998866.43,1057357.01,9.4,0.52,-5.8,-3.47,26.11,22.6,26.11,26.11,NaN
5/29/2026,1630,WELL,205.33,-2.36%,3.75,221.675,148.6,215.29,208.86,191.9,-3,-0.3,-0.26,"10,334,712",-100228.01,3213080.05,3232486.24,277.94,5.14,-5.7,-5.87,222.11,193.46,222.11,222.11,40
5/29/2026,1630,WEN,7.7,2.67%,0.36,12.51,6.37,7.45,7.16,8.27,1,-0.77,0.22,"9,998,280",200467.13,1.03E+07,9802903.12,-55.13,13.57,-5.06,4.62,8.11,6.17,8.11,8.11,48
5/29/2026,1630,WEST,8.03,0.25%,0.26,8.9764,3.59,7.7,5.99,5.02,-12,-0.75,-0.05,"361,040",-100168.13,625537.65,593044.64,-92.87,98.27,-3.95,1.26,9.13,4.57,9.13,9.13,47
5/29/2026,1630,WFC,77.54,1.16%,1.4,97.76,71.93,76.47,79.12,84.05,11,0.46,0.68,"22,327,065",-300430.15,1.72E+07,1.77E+07,-28.12,0.96,5.08,0.03,87.33,73.09,-73.09,-73.09,30
5/29/2026,1630,WGMI,68.09,-1.69%,4.72,70.12,16.53,59.31,49.22,44.95,-1,1,-0.77,"567,125",-100477.09,535537.14,547867.8,-18.8,110.61,10.63,5.03,62.1,32.42,-32.42,-51.17,NaN
5/29/2026,1630,WGS,51.99,3.67%,4.45,170.87,32.21,45.27,57.52,104.25,15,0.43,0.96,"1,143,434",201576.16,1298242.24,1190364.66,-45.71,-12.78,33.82,5.16,95.57,32.16,-32.16,-32.16,41
5/29/2026,1630,WH,80.26,-2.84%,1.64,92.685,69.21,81.01,82.46,79.65,-1,-0.18,-0.62,"1,291,838",0,1202197.04,1217148.59,68.89,0.14,-0.48,-0.55,90.27,72.54,90.27,-77.06,37
5/29/2026,1630,WING,156.96,-0.41%,12.49,388.14,116.35,137.6,160.45,235.29,13,0.62,0.88,"1,198,403",200873.1,1432487.32,1328919.18,-17.97,1.5,31.94,11.61,253.62,116.1,-116.1,-116.1,41
5/29/2026,1630,WMS,139.16,-0.64%,3.15,179.315,105.14,139.67,142.54,147.31,7,0.42,0.6,"824,847",-200143.06,910544.63,920170.02,56.36,5.86,-0.66,0.77,170.62,128.04,-128.04,-128.04,47
5/29/2026,1630,WMT,115.75,-2.65%,6.48,135.155,93.43,127.43,126.43,115.07,-1,0,0,"42,190,998",-200228.01,1.97E+07,1.98E+07,177.87,-6.28,-12.62,-2.38,135.07,118.03,135.07,135.07,56
5/29/2026,1630,WOOD,67.7185,-0.47%,1.14,83.32,64.53,67.28,69.03,72.33,7,0.38,0.83,"18,867",0,18581.24,26055.51,308.23,-2.04,0.86,1.53,77.62,65.07,-65.07,-65.07,NaN
5/29/2026,1630,WRBY,24.52,-4.67%,1.73,31,14.96,25.85,23.84,24.06,-1,-0.45,-0.17,"2,928,206",-101183.08,2774615.32,2843841.06,-29.91,20.55,-15.16,-3.88,30.07,20.38,30.07,30.07,47
5/29/2026,1630,WW,16.62,-2.81%,2.64,46.949,8.365,11.53,12.08,23.31,6,0.82,1,"276,867",-101609.16,392653.82,366796.53,-58.35,25.81,50.82,20.09,25.52,8.14,-8.14,-8.14,49
5/29/2026,1630,WWW,17.55,-1.13%,1,32.8,13.47,16.39,16.74,20.39,7,0.81,0.59,"1,597,406",-101064.11,1106910.81,1171358.99,103.41,11.71,15.31,2.27,19.27,14.1,-14.1,-14.1,42
5/29/2026,1630,WY,24.51,-0.20%,0.6,27.86,21.155,23.6,24.05,24.34,9,0.4,0.83,"10,336,257",100034.01,5085515.76,5376254.36,131.33,0.95,4.97,2.9,26.27,22.48,26.27,-22.07,38
5/29/2026,1630,WYFI,29.74,-7.58%,2.86,40.75,10.5101,25.48,18.85,20.71,-2,-0.98,-0.52,"1,149,935",101951.11,1397106.39,1251863.9,9.5,165.54,-0.83,-5.35,31.1,11.43,-11.43,33.03,53
5/29/2026,1630,WYNN,101.22,-0.32%,2.22,134.72,82.627,100.11,102.33,114.67,9,0.48,0.78,"1,025,386",-100338.15,1459327.97,1646545.03,-74.24,4.6,6.07,3.42,112.29,93.06,-93.06,-93.06,47
5/29/2026,1630,XBI,136.69,0.51%,2.91,139.19,79.49,133.29,131.06,117.91,7,0.41,0.6,"6,743,038",-100037.41,8917673.95,9043287.01,-42.78,15.08,1.36,2.5,139.29,118.46,139.29,-125.07,NaN
5/29/2026,1630,XHR,17.37,-1.03%,0.48,17.75,11.75,16.74,15.98,14.69,-1,0.95,-0.66,"958,922",100136.25,711132.62,682455.63,68.8,18.49,5.91,0.17,17.19,14.53,-14.53,-16.09,42
5/29/2026,1630,XIACY,17.88,-2.40%,0.81,40.25,17.75,19.45,19.94,25.91,-3,-0.52,-0.11,"372,664",-100000.5,406061.64,425591.92,49.52,-12.27,-11.49,-7.36,23.49,19.2,23.49,21.11,59
5/29/2026,1630,XLB,51.15,-0.41%,0.95,54.14,42.035,51.07,50.79,47.67,6,0.35,0.61,"11,728,551",0,1.19E+07,1.33E+07,54.32,4.2,-1.01,0.31,53.62,47.48,-47.48,-49.07,NaN
5/29/2026,1630,XLC,115.69,-0.84%,0.52,120.405,100.36,116.31,114.94,115.37,-1,-0.66,-0.39,"5,493,815",0,5525841.31,6347453.65,32.26,7.16,-1.21,0.12,119.29,107.43,119.29,-115.06,NaN
5/29/2026,1630,XLE,56.29,-1.16%,1.45,63.46,40.825,58.23,58.34,49.98,-7,-0.21,-0.4,"32,389,634",0,4.70E+07,5.29E+07,5.94,-9.15,-3.07,-2.7,63.42,53.29,-53.29,62.06,NaN
5/29/2026,1630,XLF,51.58,0.60%,0.3,56.515,47.67,51.51,51.02,52.59,1,0.62,0.41,"34,240,301",0,3.96E+07,4.49E+07,15.57,6.66,0.57,-0.52,53.27,48.43,53.27,-51.06,NaN
5/29/2026,1630,XLG,64.37,0.20%,0.45,64.525,49,63.08,59.57,58.29,2,-0.86,0.2,"1,187,410",-100129.55,2236164.88,3107911.1,16.63,21.84,0.22,1.18,64.1,53.42,-53.42,-61.17,NaN
5/29/2026,1630,XLI,173.13,-0.39%,1.88,179.305,140.84,172.87,169.95,161.46,-1,-0.53,-0.53,"7,054,759",100028.59,9975448.57,1.14E+07,19.9,10.55,-0.79,-0.67,179.62,156.42,-156.42,-168.07,NaN
5/29/2026,1630,XLK,191.02,2.23%,5.02,191.63,115.01,176.08,157.4,145.39,5,0.98,0.5,"15,040,309",0,1.28E+07,1.43E+07,34.02,49.82,6.42,3.18,180.1,127.42,-127.42,-164.17,NaN
5/29/2026,1630,XLP,82.91,-1.80%,0.86,90.14,75.16,84.44,83.04,81.42,-7,-0.43,-0.43,"13,011,260",0,1.32E+07,1.50E+07,26.03,1.26,-2.44,-0.86,90.62,80.31,-80.31,87.07,NaN
5/29/2026,1630,XLRE,43.99,-0.95%,0.41,44.985,39.725,44.28,43.16,42.03,-2,-0.68,-0.41,"6,642,696",-100330.49,6351328.57,6977833.56,103.32,9.4,0.18,-1.61,45.16,40.43,-40.43,45.02,NaN
5/29/2026,1630,XLU,44.42,-0.47%,0.47,47.8,39.89,45.06,45.61,44.45,-2,-0.12,-0.52,"23,049,824",-100424.49,2.20E+07,2.36E+07,26.94,-3.27,-1.07,-2.01,48.62,44.08,-44.08,-44.08,NaN
5/29/2026,1630,XLV,149.47,-0.93%,2.02,160.59,127.96,146.6,146.38,148.31,-1,0.73,-0.92,"13,199,620",100123.47,1.07E+07,1.18E+07,29.85,3.93,1.94,0.65,160.62,142.21,-142.21,-143.13,NaN
5/29/2026,1630,XLY,120.87,-0.97%,1.89,125.01,103.855,118.85,115.52,117.57,-1,0.82,-0.41,"7,257,984",100227.42,8752740.28,9669575.73,19.88,14.4,1.85,1.19,122.29,105.42,-105.42,-114.07,NaN
5/29/2026,1630,XOM,145.26,-1.16%,4.95,176.41,101.73,152.16,154.86,131.93,-7,-0.14,-0.38,"27,959,898",-100337.41,2.07E+07,2.11E+07,43.02,-15.29,-4.92,-3.04,176.42,142.29,-142.29,164.06,43
5/29/2026,1630,XOP,163.99,-0.59%,4.48,190.36,119.67,170.97,172.44,144.51,-7,-0.05,-0.43,"3,402,152",-300137.57,4389567.23,5032868.14,19.4,-11.59,-3.09,-1.27,190.42,155.29,-155.29,182.17,NaN
5/29/2026,1630,XPEV,16.45,0.06%,0.57,28.235,14.72,15.89,16.81,19.63,6,0.65,0.68,"7,287,571",-200262.26,6631454.27,6941193.48,69.78,-1.61,2.05,-0.6,20.53,15.06,-15.06,-15.06,54
5/29/2026,1630,XRT,83.99,-1.89%,1.94,91.65,74.91,82.5,82.69,84.74,9,0.58,0.74,"4,533,303",100225.06,5563021.31,5752190.46,13.8,7.17,4.49,1.24,89.27,78.06,-78.06,-78.06,NaN
5/29/2026,1630,XTL,238.67,-1.29%,7.06,245.15,101.2401,229.38,214.78,169.05,-1,-0.75,-0.63,"117,722",-300128.33,116633.25,99273.46,32.38,31.51,2.98,-0.82,233.1,179.57,-179.57,-218.07,NaN
5/29/2026,1630,XYL,109.54,0.27%,1.46,154.27,105.29,111.33,117.81,134.22,7,0.25,0.62,"2,772,883",200037.3,2254555.48,2191172.18,26.92,-5.72,0.09,-1.43,130.31,105.06,-105.06,-105.06,47
5/29/2026,1630,XYZ,75.72,1.84%,2.12,82.5,48.21,71.29,67.29,67.71,4,0.72,0.42,"7,380,384",0,5748680.12,7039018.76,-42.69,32.77,5.86,9.47,77.14,56.43,77.14,-67.04,49
5/29/2026,1630,YCS,53.9971,0.14%,0.49,54.67,40.18,53.13,53.3,49.76,-2,0.59,-0.79,"12,648",-100218.3,30982.56,29355,-5.17,0.52,1.38,0.01,55.46,51.53,55.46,54.02,NaN
5/29/2026,1630,YELP,22.8,-2.15%,0.97,38.1,19.6,24.41,25.54,28.23,9,0.34,0.59,"2,063,359",-100349.01,1177703.49,1261993.96,2.14,-8.1,8.16,-0.57,30.26,21.09,-21.09,-21.09,47
5/29/2026,1630,YPF,53.01,1.94%,2.98,53.61,22.82,46.25,44.46,36.24,9,1,1,"1,893,636",100849.09,2654426.61,2562910.13,-11.86,14.94,20.01,9.07,49.41,33.61,-33.61,-42.15,45
5/29/2026,1630,YUM,147.95,-1.39%,1.96,169.39,137.33,152.8,156.27,152.86,-3,-0.11,-0.51,"3,994,228",-100125.01,1755158.41,1755275.83,152.23,-4.3,-1.78,-3.93,167.62,149.13,167.62,159.14,42
5/29/2026,1630,YUMC,42.43,-1.42%,1.46,58.39,41.69,46.09,48.07,47.72,-2,0,-0.24,"2,832,519",100232.5,1474090.09,1584423.63,149.36,-12.24,-7.72,-4.07,55.51,44.03,55.51,49.16,46
5/29/2026,1630,ZG,35.36,-1.23%,1.47,90.22,35.11,39.43,41.71,60.94,7,-0.6,0.55,"1,548,610",0,1050538.54,1099649.83,-3.53,-12.97,-6.6,-2.35,49.59,35.06,-35.06,-35.06,46
5/29/2026,1630,ZM,101.59,1.12%,2.84,113.73,69.15,102.65,91.8,85.72,3,-0.56,0.37,"5,506,352",-200351.05,4726808.74,4623170.21,46.01,29.12,3.42,1.5,112.13,71.61,114.04,114.04,57
5/29/2026,1630,ZS,139.73,7.45%,18.34,336.99,114.625,154.39,143.58,221.54,-3,-0.71,-0.16,"11,010,088",100363.02,4186544.24,3963937.32,212.59,1.8,-9.09,-24.31,183.07,115.34,-115.34,191.03,65
