Date,Time,Symbol,Last,%Change,Sector,Beta,StandardDeviation,Free Cash Flow Per Share - Current (LTM),52High,52Low,SimpleMovingAvg,SimpleMovingAvg,SimpleMovingAvg,A_MCADays_Streak,A_MACD_BRR,A_MACDH_D_BRR,Volume,A_VolumeSpike,VolumeAvg,VolumeAvg,VolumeRateOfChange,A_Perf2M,A_Perf2Wk,A_Perf3D,A_3mnHigh,A_3mnLow,A_3mnHighLow,A_3wkHighLow,A_EarningsDays,Market Cap
05/18/2026,1630,$COMP,26090.7339,-0.51%,,1.212,605.92,<empty>,26707.1412,18599.6866,25421.27,23639.71,22982.06,-2.0,-0.95,-0.29,<empty>,NaN,NaN,NaN,NaN,17.78,4.08,-1.18,26249.06,20690.34,-20690.34,26707.02,NaN,0
05/18/2026,1630,$DJI,49686.12,+0.32%,,1,319.17,<empty>,50512.79,41354.09,49464.71,48032.58,47485.52,-2.0,-0.89,-0.35,"461,523,684",-100100.41,5.079704865E8,5.2216698334E8,-9.19,7.49,1.52,-0.01,50130.07,45057.34,-45057.34,50201.02,NaN,0
05/18/2026,1630,$DXY,98.991,-0.30%,,<empty>,0.424,<empty>,100.905,95.551,98.478,98.965,98.527,5.0,0.5,0.82,<empty>,NaN,NaN,NaN,NaN,-1.239,0.52,0.546,101.33,97.62,101.33,-98.08,NaN,0
05/18/2026,1630,/6B[M26],1.3432,+0.84%,,.3089,0.0084,<empty>,1.3869,1.3011,1.3519,1.3432,1.3423,1.0,-0.38,0.08,"108,609",-100000.48,104128.7,106836.2344,66.9931,1.3277,-0.7317,-0.6729,1.11,1.33,1.11,1.11,NaN,0
05/18/2026,1630,/6C[M26],.72870,+0.10%,,.2666,0.00289,<empty>,0.74315,0.70845,0.73291,0.73024,0.72569,-11.0,-0.39,-0.24,"52,481",-300106.46,71682.02,73179.59375,-12.61323,-0.31464,-0.90433,-0.26006,1.49,1.33,-1.33,1.11,NaN,0
05/18/2026,1630,/6E[M26],1.16705,+0.29%,,.1322,0.00459,<empty>,1.21105,1.12215,1.17346,1.16803,1.17095,-5.0,-0.52,-0.23,"189,667",-200000.48,206765.82,208535.85938,7.07241,1.48261,-0.3756,-0.51149,1.21,1.45,1.21,1.08,NaN,0
05/18/2026,1630,/6J[M26],.0063095,-0.10%,,.041,4.27E-5,<empty>,0.007078,0.006243,0.0063412,0.0063291,0.0065112,-8.0,-0.72,-0.26,"120,501",200109.09,158518.48,159021.5625,-17.2371873,0.1507937,-1.1282614,-0.6612611,0.62,0.12,-0.12,0.08,NaN,0
05/18/2026,1630,/BTC[K26],76910,-2.90%,,.9922,1951.0,<empty>,127240.0,60005.0,79021.0,74422.0,92187.0,-5.0,-1.0,-1.0,"9,894",100762.0,8647.0,9049.0,127.0,8.0,-4.0,-4.0,83215.0,62591.0,83215.0,83215.0,NaN,0
05/18/2026,1630,/BZ[N26],109.28,+0.02%,,.055,3.81,<empty>,119.4,58.72,106.51,103.14,75.24,5.0,0.27,0.48,"45,237",-101000.5,57474.64,66163.36,-8.31,-1.53,-3.94,3.53,119.49,67.62,119.49,-96.07,NaN,0
05/18/2026,1630,/CL[N26],102.49,+1.46%,,1.29,3.6,<empty>,119.48,54.98,99.55,97.34,70.76,5.0,0.28,0.52,"325,122",100321.49,370495.8,401170.69,26.31,3.47,-2.52,1.48,119.49,62.62,119.49,-89.08,NaN,0
05/18/2026,1630,/GC[M26],4570.8,+0.20%,,.1486,72.5,<empty>,5626.8,3207.4,4660.8,4730.4,4351.5,-4.0,-0.3,-0.5,"150,136",0.0,152251.0,150707.2,8.8,-5.2,0.8,-2.7,5434.5,4100.4,-4100.4,4783.0,NaN,0
05/18/2026,1630,/HG[N26],6.3360,+0.65%,,.037,0.2582,<empty>,6.716,4.3325,6.1765,5.9098,5.3983,-3.0,-0.91,-0.61,"53,617",0.0,44971.62,45247.2813,-0.8066,15.7577,8.1321,-4.2756,6.06,5.39,-5.39,7.03,NaN,0
05/18/2026,1630,/NG[M26],3.024,+2.16%,,.5784,0.099,<empty>,7.439,2.495,2.77,2.847,3.406,3.0,0.47,0.37,"142,127",0.0,114661.64,117669.141,46.645,-5.559,5.882,5.439,3.49,2.16,-2.16,-2.16,NaN,0
05/18/2026,1630,/NKD[M26],61490,-0.57%,,.352,1613.0,<empty>,63880.0,36490.0,60933.0,57267.0,51440.0,-3.0,-1.0,0.0,"7,592",200500.0,5959.0,6029.0,8.0,15.0,3.0,-3.0,63850.0,50410.0,-50410.0,63880.0,NaN,0
05/18/2026,1630,/SI[N26],78.120,+0.74%,,.6496,5.357,<empty>,121.785,32.235,78.048,77.066,64.531,-3.0,-0.36,-0.69,"52,489",0.0,45015.66,48034.75,-9.374,3.58,6.78,-11.383,97.54,61.39,-61.39,90.03,NaN,0
05/18/2026,1630,AAAU,44.94,+0.25%,,.1633,0.74,<empty>,54.71,31.7799,45.84,46.53,42.72,-4.0,-0.32,-0.55,"1,994,073",0.0,2301445.93,2397212.68,50.29,-5.9,0.88,-2.79,53.54,43.38,-43.38,47.07,NaN,"2,767 M"
05/18/2026,1630,AAL,12.36,+0.41%,Industrials,1.338,0.57,$1.67,16.5,10.09,12.23,11.54,12.96,-6.0,-0.73,-0.47,"59,051,843",-100272.49,6.295452281E7,6.568251811E7,36.49,14.44,4.66,-2.75,14.62,10.34,-10.34,13.06,46.0,"8,175 M"
05/18/2026,1630,AAPL,297.84,-0.80%,Information Technology,1.07,9.86,$8.74,303.2,193.46,282.79,267.0,259.58,-3.0,-1.0,-0.62,"34,426,856",300027.12,4.388077149E7,4.364615927E7,-13.97,19.16,7.59,-0.34,295.06,246.34,-246.34,-265.15,51.0,"4,374,482 M"
05/18/2026,1630,ABBV,209.41,-0.47%,Health Care,.3057,3.1,$11.29,244.81,180.25,204.77,209.34,218.89,-1.0,0.68,-0.94,"5,067,274",-100136.41,6850408.1,6745050.93,-19.73,0.51,0.6,0.44,237.52,191.13,-191.13,-191.13,51.0,"369,984 M"
05/18/2026,1630,ABNB,134.30,+1.09%,Consumer Discretionary,1.204,3.17,$7.52,147.25,110.81,139.03,133.98,128.26,1.0,-0.45,0.1,"3,731,362",0.0,3575692.06,4026596.81,-11.7,2.42,-3.28,1.0,147.18,120.59,147.18,147.06,55.0,"79,708 M"
05/18/2026,1630,ABR,6.04,+4.32%,Financials,1.155,0.98,$0.89,12.575,5.67,7.37,7.56,9.23,2.0,-0.29,0.08,"6,455,305",-401162.05,3662234.08,4056888.87,242.3,-21.66,-23.35,2.72,9.52,6.03,9.52,9.07,52.0,"1,162 M"
05/18/2026,1630,ABT,87.91,+4.07%,Health Care,.634,2.58,$4.24,139.06,81.97,88.33,97.85,118.35,5.0,0.23,0.8,"12,295,371",-100135.41,1.314950391E7,1.202928548E7,6.45,-18.97,0.42,4.87,117.55,82.05,-82.05,-82.05,41.0,"153,123 M"
05/18/2026,1630,ACHC,25.31,-1.94%,Health Care,.7614,1.15,($3.23),30.1991,11.43,26.6,25.41,20.54,-2.0,-0.46,-0.22,"1,866,390",-100568.13,3014438.73,3261472.47,-28.57,9.09,-8.58,-6.78,30.1,16.6,30.1,30.1,50.0,"2,328 M"
05/18/2026,1630,ACHR,5.92,-2.15%,Industrials,2.845,0.32,($0.90),14.62,4.8,6.05,5.87,8.12,-5.0,-0.95,-0.45,"57,904,180",-200281.01,3.139169701E7,3.186242714E7,214.57,-1.5,2.6,-9.2,8.54,5.34,-5.34,7.05,58.0,"4,497 M"
05/18/2026,1630,ACI,16.81,+2.50%,Consumer Staples,.2531,0.3,$0.97,22.78,15.545,16.47,16.85,17.73,5.0,0.26,0.74,"3,959,054",-100131.05,6537321.73,6343710.85,-14.83,-2.72,3.19,1.63,19.58,16.04,-16.04,-16.04,44.0,"8,313 M"
05/18/2026,1630,ADBE,255.64,+3.25%,Information Technology,1.448,6.56,$24.58,422.95,224.13,247.15,246.97,307.66,2.0,0.72,0.56,"5,560,954",200143.45,5634808.62,5568477.9,19.8,3.92,0.66,8.29,285.51,224.26,-224.26,-232.02,17.0,"103,330 M"
05/18/2026,1630,ADYEY,10.56,+3.13%,Financials,2.345,0.39,$33.73,19.94,9.45,11.03,10.63,14.42,1.0,-0.73,0.44,"708,873",100000.05,1771554.72,2065147.69,-85.0,5.28,-6.47,2.52,12.56,9.31,-9.31,-10.03,NaN,"33,303 M"
05/18/2026,1630,AFK,27.00,+0.48%,,.7383,0.82,<empty>,30.85,18.02,27.5,26.91,25.68,-4.0,-0.58,-0.43,"284,396",-200043.44,79253.88,85141.56,1666.59,4.41,1.2,-4.15,31.57,24.4,-24.4,29.05,NaN,120 M
05/18/2026,1630,AFRM,64.41,-2.14%,Financials,3.499,1.45,$2.37,100.0,42.095,65.28,55.67,67.58,-2.0,-0.81,-0.26,"3,457,587",-100679.43,5280761.31,5592102.08,4.49,45.0,-3.98,1.39,71.06,42.35,71.06,-60.03,70.0,"21,571 M"
05/18/2026,1630,AGCO,113.17,-0.10%,Industrials,1.116,2.59,$7.39,143.78,95.96,117.39,117.31,113.71,-5.0,-0.28,-0.44,"559,767",-100144.1,725718.58,721830.06,3.89,0.55,-6.69,-2.41,143.61,108.4,-108.4,123.1,51.0,"8,194 M"
05/18/2026,1630,AHR,50.09,+1.50%,Real Estate,.5657,0.74,$1.81,54.67,33.705,50.25,49.83,46.92,-3.0,-0.53,-0.51,"1,388,576",0.0,2441936.05,2446779.13,-26.68,-4.72,-0.08,-2.95,55.55,47.34,-47.34,52.05,56.0,"9,653 M"
05/18/2026,1630,AIQUY,40.63,+1.52%,Materials,.7723,0.8,$5.45,44.415,36.169,42.15,41.48,39.95,1.0,-0.11,0.15,"240,789",0.0,198280.76,240730.02,1.33,4.85,-1.72,-1.86,44.24,38.49,44.24,44.15,49.0,"117,235 M"
05/18/2026,1630,AKAM,150.77,-0.07%,Information Technology,.5388,22.36,$5.29,165.45,69.78,120.79,112.62,91.67,-3.0,1.0,-0.77,"3,085,056",100255.07,5535745.39,5472718.65,10.79,38.5,42.53,-6.44,150.06,89.24,-89.24,165.03,56.0,"21,920 M"
05/18/2026,1630,ALB,175.74,-2.57%,Materials,1.362,8.86,$3.47,221.0,53.7,194.28,183.17,136.46,-4.0,-0.22,-0.18,"1,944,155",-100466.08,2053947.24,2130931.84,5.91,5.98,-7.84,-12.54,221.07,155.4,221.07,221.07,50.0,"20,726 M"
05/18/2026,1630,ALCO,40.24,+0.17%,Consumer Staples,.9927,0.41,$1.66,45.01,29.5,41.23,41.02,37.23,-2.0,-0.18,-0.31,"14,600",300200.41,28894.46,28456.11,-22.33,6.57,-1.23,-2.61,45.27,37.47,45.27,43.16,59.0,298 M
05/18/2026,1630,ALGN,158.78,+0.97%,Health Care,1.779,6.84,$8.11,208.305,122.0,174.36,175.04,157.02,1.0,0.0,0.15,"982,705",-100247.42,1133334.38,1137480.66,-42.39,-7.91,-7.62,-1.84,200.19,161.03,200.19,196.17,50.0,"11,372 M"
05/18/2026,1630,ALLY,42.11,+0.29%,Financials,1.105,0.86,($0.36),47.27,32.5018,43.67,41.28,41.3,1.0,-0.5,0.19,"1,900,036",-100133.19,3543988.94,3580956.82,-6.77,12.02,-2.14,0.96,47.19,36.46,47.19,46.17,41.0,"12,908 M"
05/18/2026,1630,ALNY,286.27,-0.25%,Health Care,.3245,6.69,$4.88,495.55,284.19,299.19,312.17,390.73,1.0,-0.54,0.59,"873,351",100140.13,1129234.51,1122434.79,-12.34,-9.06,-3.91,-1.79,346.6,284.05,-284.05,-284.05,51.0,"38,221 M"
05/18/2026,1630,AMAT,413.57,-5.28%,Information Technology,1.676,20.57,$6.72,448.45,153.47,412.5,382.58,282.38,-5.0,-0.7,-0.55,"8,235,692",100263.02,6712816.53,6885209.19,-20.78,18.34,5.67,-5.28,438.06,317.49,448.05,448.05,61.0,"328,213 M"
05/18/2026,1630,AMBA,78.88,-2.81%,Information Technology,2.193,4.79,$1.36,96.69,48.3,71.83,60.87,71.39,-3.0,-0.98,-0.74,"875,704",-100163.56,819740.6,876770.08,85.33,46.18,11.54,-3.92,79.07,48.34,-48.34,83.03,7.0,"3,454 M"
05/18/2026,1630,AMD,420.99,-0.73%,Information Technology,2.3,44.28,$5.27,469.215,107.6671,379.01,283.78,225.41,-5.0,-0.91,-0.4,"28,317,146",400369.09,3.876645557E7,3.864167482E7,-34.15,111.06,23.26,-5.5,456.06,188.53,469.05,469.05,54.0,"686,467 M"
05/18/2026,1630,AMG,297.03,+1.06%,Financials,1.141,4.92,$37.82,334.78,172.54,297.0,287.2,270.74,-6.0,-0.55,-0.42,"231,524",0.0,348447.08,366741.64,-17.17,7.76,-0.17,-2.13,335.62,254.31,-254.31,318.11,51.0,"7,845 M"
05/18/2026,1630,AMH,31.89,+4.18%,Real Estate,.8113,0.48,$2.25,38.85,27.215,31.44,29.89,31.77,1.0,0.77,0.09,"5,550,969",100146.56,3290819.98,3838164.13,114.97,12.81,-0.28,1.43,33.07,27.4,33.07,33.07,51.0,"11,499 M"
05/18/2026,1630,AMLP,54.46,+0.76%,,.5033,0.46,<empty>,54.64,44.64,53.16,52.72,49.3,3.0,0.68,0.68,"1,877,365",-100016.33,1607763.74,1585358.9,23.0,3.71,1.0,2.43,54.09,51.21,-51.21,-52.16,NaN,"12,808 M"
05/18/2026,1630,AMN,28.86,+0.87%,Health Care,.3212,4.28,$18.27,31.65,14.865,23.99,20.99,19.15,-3.0,-1.0,-0.76,"809,299",200472.06,1002514.25,1187081.04,39.39,60.96,39.29,-6.51,29.06,16.62,32.05,32.05,56.0,"1,119 M"
05/18/2026,1630,AMPH,17.20,+1.96%,Health Care,.8887,2.63,$2.88,31.2641,16.645,20.61,20.27,24.98,1.0,-0.47,0.3,"866,025",-100485.06,573478.89,600252.35,207.95,-9.47,-24.36,-6.11,29.62,17.46,29.62,24.07,56.0,758 M
05/18/2026,1630,AMZN,264.86,+0.27%,Consumer Discretionary,1.446,3.68,($0.23),278.56,196.0,265.36,237.74,229.57,-10.0,-0.77,-0.25,"33,580,304",-100334.13,4.518263767E7,4.654411547E7,-20.43,26.2,-2.64,-1.95,279.09,199.35,279.09,279.09,51.0,"2,849,128 M"
05/18/2026,1630,AN,181.94,-1.20%,Consumer Discretionary,.7642,8.92,($2.85),228.9166,176.25,200.72,196.47,206.22,-6.0,-0.27,0.0,"340,581",-100334.12,411485.87,418563.95,-32.62,-2.26,-10.22,-4.8,218.11,180.41,218.11,218.11,52.0,"6,088 M"
05/18/2026,1630,AQWA,18.495,+0.08%,,.9112,0.27,<empty>,20.92,18.145,19.2,19.23,19.5,-2.0,-0.26,-0.32,"9,019",-100124.51,15194.89,35182.99,0.64,-2.03,-2.73,-2.07,21.56,18.41,-18.41,20.15,NaN,24 M
05/18/2026,1630,AR,38.36,+0.31%,Energy,.4325,1.24,$3.08,45.75,29.1,37.84,39.38,35.03,4.0,0.16,0.75,"3,901,057",0.0,5547112.14,5591792.44,10.62,-7.57,-2.96,4.41,46.34,33.58,46.34,-36.07,50.0,"11,885 M"
05/18/2026,1630,ARE,46.68,+3.80%,Real Estate,1.16,2.35,$8.24,88.236,39.41,44.87,46.17,59.35,1.0,0.73,0.56,"1,676,433",-200849.15,2382481.03,2419983.73,-72.55,-3.37,13.47,-1.25,55.56,39.14,-39.14,48.02,43.0,"8,135 M"
05/18/2026,1630,ARGT,89.95,+3.55%,,.9305,1.62,<empty>,103.9699,66.49,90.78,90.57,87.02,1.0,0.27,0.42,"139,636",100032.13,285542.3,259921.34,-27.21,3.78,0.08,1.9,97.28,83.53,97.28,94.08,NaN,804 M
05/18/2026,1630,ARHS,5.87,+2.09%,Consumer Discretionary,2.327,0.71,$0.10,12.63,5.63,6.96,6.9,9.33,3.0,-0.31,0.06,"1,471,384",-100165.02,1407497.51,1465577.84,37.2,-17.56,-16.97,0.0,10.56,6.03,10.56,-6.03,55.0,831 M
05/18/2026,1630,ARKK,74.51,-0.52%,,1.978,1.88,<empty>,92.65,55.02,77.16,73.54,77.87,-5.0,-0.75,-0.32,"10,418,455",200150.4,9848104.9,1.005453943E7,7.97,4.34,-4.76,-4.54,81.21,63.34,81.05,81.05,NaN,"7,675 M"
05/18/2026,1630,ARQQ,12.74,-4.50%,Information Technology,2.673,0.81,($2.18),62.0,11.52,14.43,14.1,26.11,-7.0,-0.91,-0.32,"372,126",-200218.22,323190.9,298178.8,99.37,-6.53,-11.65,-7.88,18.56,12.34,-12.34,16.07,3.0,199 M
05/18/2026,1630,AS,33.15,+0.94%,Consumer Discretionary,1.126,1.33,$0.80,42.76,28.92,34.89,34.26,35.75,1.0,-0.36,0.26,"12,122,118",-100162.01,4181318.05,4660091.98,283.13,-0.63,-2.27,1.13,43.6,31.4,-31.4,-33.03,1.0,"19,287 M"
05/18/2026,1630,ASBFF,25.76,0.00%,Consumer Staples,.4235,2.36,<empty>,31.08,23.18,27.04,28.05,25.16,1.0,0.29,0.37,<empty>,NaN,2186.16,2774.45,-72.45,-11.17,-3.38,6.01,31.09,23.04,-23.04,-23.04,NaN,"18,028 M"
05/18/2026,1630,ASO,49.98,-1.13%,Consumer Discretionary,1.026,1.63,$3.32,62.445,39.87,53.67,55.01,52.96,3.0,-0.02,0.35,"1,607,559",-200851.44,1518874.52,1472134.55,24.56,-1.52,-3.46,0.02,62.56,49.03,62.56,-49.03,15.0,"3,224 M"
05/18/2026,1630,ATRO,80.35,+2.24%,Industrials,1.103,4.2,$0.68,83.96,27.2701,75.1,72.31,58.44,-2.0,0.54,-0.73,"623,496",101060.04,568480.77,590734.59,124.93,16.03,11.44,0.32,84.54,61.34,-61.34,84.02,51.0,"2,880 M"
05/18/2026,1630,AVB,185.25,+2.44%,Real Estate,.8015,1.82,$11.84,209.86,160.095,181.61,173.42,180.75,-12.0,-0.88,-0.36,"599,624",-200124.07,1014121.76,1001098.72,-64.39,11.52,1.54,-0.65,188.08,160.33,188.04,188.04,50.0,"25,771 M"
05/18/2026,1630,AVGO,420.71,-1.05%,Information Technology,1.418,8.12,$6.12,442.36,221.6,419.59,371.21,347.46,-2.0,-0.7,-0.34,"17,472,941",0.0,2.316188063E7,2.377789681E7,-31.53,33.17,1.01,0.94,438.08,290.34,-290.34,442.02,11.0,"1,991,922 M"
05/18/2026,1630,AVO,12.29,+2.85%,Consumer Staples,.5852,0.62,$0.54,15.53,10.0,13.26,13.47,12.78,1.0,0.0,0.25,"1,142,472",-200548.21,1002767.35,896589.73,-29.05,-1.6,-7.8,-1.36,16.28,12.43,16.28,15.14,12.0,871 M
05/18/2026,1630,AVTR,7.60,-0.26%,Health Care,.9262,0.23,$0.65,15.93,7.265,8.02,7.96,10.9,-6.0,-0.65,-0.51,"8,824,261",0.0,9281075.24,9378281.7,4.56,-1.3,-4.88,-3.43,9.62,7.35,-7.35,9.07,52.0,"5,189 M"
05/18/2026,1630,AWI,157.89,+1.75%,Industrials,1.179,4.5,$5.53,206.0799,149.06,166.92,168.24,185.64,1.0,-0.29,0.36,"476,083",200132.15,479093.79,536023.72,-62.75,-7.11,-3.51,-0.09,202.6,156.03,202.6,182.15,49.0,"6,739 M"
05/18/2026,1630,AXP,312.24,-0.40%,Financials,1.072,3.82,$20.73,387.49,281.465,317.75,311.59,336.47,3.0,-0.61,0.3,"2,272,610",100039.41,3299747.8,3650131.42,-62.75,6.06,-2.18,0.85,348.62,291.4,-291.4,-308.03,47.0,"213,050 M"
05/18/2026,1630,AZO,3365.74,+1.34%,Consumer Discretionary,.4,102.59,$95.97,4388.11,3210.72,3510.26,3484.52,3751.55,1.0,-0.43,0.24,"293,193",-100140.05,195537.22,186595.06,-14.99,0.11,-3.35,-0.03,3882.54,3281.4,3882.54,3730.11,5.0,"55,457 M"
05/18/2026,1630,B,40.60,-0.02%,Materials,-.1051,2.76,$2.99,54.69,17.955,41.23,41.48,38.76,-4.0,-0.59,-0.61,"9,745,104",100647.06,1.321543082E7,1.356926341E7,-28.1,0.35,5.89,-9.52,51.54,36.4,-36.4,48.05,58.0,"68,026 M"
05/18/2026,1630,BA,220.61,+0.05%,Industrials,1.206,6.57,($1.82),254.3499,176.77,229.48,217.71,219.66,-3.0,-0.58,-0.24,"6,552,721",-100639.03,7102502.82,6799959.9,72.09,7.1,-0.31,-8.31,245.62,188.34,-188.34,244.02,49.0,"173,907 M"
05/18/2026,1630,BABA,133.26,+0.51%,Consumer Discretionary,.4727,4.67,($3.11),192.67,103.71,135.47,131.94,149.2,-3.0,-0.7,-0.46,"10,291,744",201052.04,1.155632178E7,1.117957324E7,69.05,-0.87,-0.01,-8.61,158.62,118.29,-118.29,147.03,71.0,"319,697 M"
05/18/2026,1630,BAC,50.69,+1.85%,Financials,1.196,1.41,$7.63,57.55,42.35,52.02,50.57,51.62,2.0,-0.44,0.11,"33,392,408",100043.41,3.705044659E7,3.885606465E7,57.78,8.24,-2.87,1.71,55.23,46.41,55.23,54.08,38.0,"359,726 M"
05/18/2026,1630,BALL,55.80,+1.09%,Materials,1.056,1.94,$2.21,68.29,44.83,59.45,60.42,55.16,1.0,0.0,0.27,"2,414,837",100130.09,2468691.81,2349850.05,-36.75,-6.84,-8.42,-1.15,68.58,56.03,68.58,64.17,53.0,"14,857 M"
05/18/2026,1630,BBN,15.61,-0.57%,,.6773,0.17,<empty>,17.45,15.38,16.07,16.07,16.48,-2.0,-0.35,-0.27,"214,071",-100100.09,191860.4,188206.71,64.95,-3.04,-2.68,-2.32,17.55,16.34,17.55,16.14,NaN,965 M
05/18/2026,1630,BBWI,16.21,-5.15%,Consumer Discretionary,1.43,0.94,$4.16,34.29,14.275,19.01,18.99,22.74,-6.0,-0.59,-0.39,"9,322,297",200559.22,5950746.74,5989796.31,127.42,-18.87,-12.66,-13.5,25.62,17.35,25.62,21.17,6.0,"3,264 M"
05/18/2026,1630,BBY,57.88,+2.84%,Consumer Discretionary,1.241,1.36,$5.96,84.99,55.1,59.12,61.79,69.86,3.0,0.24,0.43,"4,595,175",100545.37,3853944.84,4324271.51,64.08,-7.94,0.42,4.25,68.52,55.03,68.52,-55.03,7.0,"12,195 M"
05/18/2026,1630,BCO,104.98,+1.42%,Industrials,1.055,1.54,$13.03,136.37,80.1,107.19,106.18,114.15,1.0,-0.64,0.51,"404,149",101129.55,497639.36,549467.84,21.78,3.7,0.57,0.38,136.56,96.4,-96.4,-99.03,54.0,"4,323 M"
05/18/2026,1630,BDRY,12.85,-2.50%,,.7236,0.58,<empty>,13.34,5.03,12.08,11.11,9.55,-3.0,-0.89,-0.72,"70,453",500157.5,131028.34,168494.19,166.79,20.09,8.99,-3.6,13.54,10.34,13.04,13.04,NaN,41 M
05/18/2026,1630,BEAM,26.81,-4.01%,Health Care,2.138,1.63,($3.74),36.44,15.35,30.22,27.72,25.56,-6.0,-0.52,-0.17,"2,001,874",-201095.17,2113490.0,2097627.86,-19.04,5.88,-10.87,-15.82,34.57,22.34,34.05,34.05,53.0,"2,758 M"
05/18/2026,1630,BEPC,36.36,+0.11%,Utilities,1.133,0.71,($1.86),45.18,27.72,37.65,39.6,38.92,10.0,0.1,0.65,"1,119,939",-200342.12,1577138.96,1481139.1,59.3,-9.6,2.39,-2.28,45.62,34.1,-34.1,-34.1,52.0,"6,631 M"
05/18/2026,1630,BIDU,137.71,+1.76%,Communication Services,.4537,8.55,($6.89),165.3,81.17,132.6,123.07,123.81,-3.0,-0.8,-0.59,"3,915,069",-100261.02,2303704.85,2307810.02,115.38,13.0,8.02,-8.5,149.06,106.34,-106.34,152.03,0.0,"46,856 M"
05/18/2026,1630,BIO,281.82,+13.85%,Health Care,1.083,12.78,$13.21,343.12,211.43,267.22,272.62,292.46,4.0,0.19,0.64,"1,263,636",100339.01,352294.74,340589.34,272.47,5.16,9.29,15.73,313.19,237.03,313.19,-237.03,51.0,"7,542 M"
05/18/2026,1630,BIP,38.61,+1.74%,Utilities,1.046,1.11,($2.86),40.32,29.63,36.71,36.61,34.88,1.0,0.68,0.86,"392,947",-100328.14,999964.18,982061.68,-22.09,7.97,8.06,0.78,40.54,33.13,-33.13,39.02,51.0,"17,761 M"
05/18/2026,1630,BIRK,32.12,+2.98%,Consumer Discretionary,1.066,2.79,$1.94,57.39,31.12,37.8,37.14,41.87,-5.0,-0.03,0.0,"2,311,459",-200852.02,2304918.86,2355098.62,31.35,-12.38,-13.0,-2.87,43.19,32.03,43.19,41.17,60.0,"5,907 M"
05/18/2026,1630,BITO,10.49,-2.96%,,1.727,0.27,<empty>,23.63,8.61,10.79,10.18,14.2,-5.0,-0.94,-0.5,"140,093,248",100256.03,1.1984510776E8,1.1379963858E8,52.08,7.26,-4.2,-3.58,11.08,9.58,11.05,11.05,NaN,"1,820 M"
05/18/2026,1630,BJ,97.03,+0.70%,Consumer Staples,1.5,1.75,$2.50,120.08,86.68,94.14,95.09,95.35,4.0,0.47,0.89,"2,307,060",100635.52,1888041.27,1893717.22,66.58,2.88,2.54,2.14,102.52,90.26,-90.26,-91.13,3.0,"12,390 M"
05/18/2026,1630,BJRI,42.64,+1.38%,Consumer Discretionary,1.254,2.04,$3.71,47.02,28.46,39.56,37.58,36.88,-5.0,0.87,-0.81,"380,081",100943.09,371638.83,386754.57,87.74,23.31,15.37,3.14,44.62,33.45,-33.45,44.05,51.0,896 M
05/18/2026,1630,BK,136.58,+1.16%,Financials,1.056,1.78,$1.83,139.1499,87.41,133.96,126.52,115.43,6.0,0.53,0.35,"2,511,457",-100126.22,3727066.97,3661355.94,-13.0,19.12,3.56,1.18,139.19,112.49,139.19,-130.06,39.0,"93,746 M"
05/18/2026,1630,BKNG,155.07,+0.61%,Consumer Discretionary,-1.289,6.74,$11.24,233.576544,150.618,168.3,172.17,196.86,2.0,-0.39,0.27,"6,973,934",200140.56,7615696.84,9653747.05,-36.2,-11.52,-6.35,0.03,194.19,151.59,194.19,182.16,50.0,"120,160 M"
05/18/2026,1630,BKV,28.77,+0.91%,Energy,1.06,1.55,($4.94),32.81,19.56,29.39,28.8,26.2,3.0,-0.31,0.25,"696,291",-100056.41,1089939.31,1021485.7,-7.97,-0.28,-10.37,3.64,33.54,26.23,-26.23,-27.02,59.0,"3,147 M"
05/18/2026,1630,BLDR,70.18,-0.33%,Industrials,1.448,3.72,$7.80,151.03,69.86,79.8,83.14,110.22,1.0,-0.26,0.28,"2,173,501",-300562.13,2475505.64,2473623.54,9.34,-18.98,-4.84,-2.96,117.62,71.03,117.62,92.17,51.0,"7,549 M"
05/18/2026,1630,BLK,1085.88,+0.37%,Financials,1.468,18.1,$23.68,1219.9399,917.39,1067.2,1014.08,1080.09,-2.0,-0.98,-0.53,"458,162",100341.5,775232.16,787112.14,7.92,12.14,3.2,-0.75,1108.59,917.46,-917.46,1111.02,39.0,"168,565 M"
05/18/2026,1630,BLMN,7.65,-4.85%,Consumer Discretionary,1.118,1.08,$1.40,10.7,5.19,7.01,6.29,6.78,-4.0,-0.96,-0.65,"2,742,244",101578.09,2989757.01,3031588.62,86.04,34.21,35.88,-7.61,9.08,5.34,9.05,9.05,54.0,655 M
05/18/2026,1630,BLOK,61.37,-2.20%,,1,2.37,<empty>,75.89,46.9,61.91,56.75,60.44,-5.0,-0.9,-0.43,"353,388",100134.24,295406.3,322515.1,44.82,16.45,0.0,-4.44,66.08,47.34,-47.34,66.02,NaN,"1,289 M"
05/18/2026,1630,BNDD,96.5502,+0.03%,,.4791,0.49,<empty>,102.28,94.64,97.55,98.07,98.27,-2.0,-0.4,-0.11,5,-100020.19,326.03,375.4,-92.25,-2.1,-0.84,-0.79,100.49,97.55,100.49,98.08,NaN,9.7 M
05/18/2026,1630,BNO,57.65,-0.07%,,.0145,2.07,<empty>,60.81,26.59,55.35,51.71,35.62,3.0,0.43,0.46,"3,675,985",-400395.4,6808810.09,6125010.76,16.48,10.53,-4.12,3.22,61.1,33.62,61.1,-51.07,NaN,902 M
05/18/2026,1630,BOOT,141.09,-1.92%,Consumer Discretionary,1.663,11.42,$4.14,210.25,133.1797,160.9,158.54,177.61,-8.0,-0.37,-0.07,"905,026",-200849.02,742929.06,679682.18,112.24,-10.63,-15.85,-2.86,204.56,133.31,-133.31,174.07,51.0,"4,282 M"
05/18/2026,1630,BP,45.69,+3.02%,Energy,.1844,1.31,$0.74,48.27,28.41,45.5,45.24,37.95,6.0,0.1,0.33,"8,619,894",-200239.33,1.454829267E7,1.368503413E7,-33.6,2.42,-2.66,3.51,48.33,37.56,48.33,-43.06,53.0,"117,652 M"
05/18/2026,1630,BRBR,9.26,-4.44%,Consumer Staples,.5446,3.48,$1.53,67.0,9.0,13.39,15.15,26.69,5.0,-0.15,0.25,"3,823,390",100988.09,4418616.62,4142446.41,52.19,-46.75,-46.66,0.11,19.6,9.03,19.6,-9.03,53.0,"1,077 M"
05/18/2026,1630,BRCB,6.91,-1.43%,Consumer Discretionary,2.059,2.09,($2.20),30.4,6.855,11.2,13.28,NaN,-4.0,-0.14,0.0,"1,018,849",-200780.03,511459.55,561956.2,194.27,-57.92,-39.28,-9.67,18.43,8.03,18.43,14.17,59.0,149 M
05/18/2026,1630,BRKR,42.75,-0.30%,Health Care,1.155,3.53,$0.01,56.22,28.53,39.97,37.83,39.62,-4.0,-0.78,-0.76,"2,085,973",-100250.04,2207084.75,2179631.24,116.61,25.62,17.48,-2.51,44.06,32.44,-32.44,45.03,53.0,"6,508 M"
05/18/2026,1630,BROS,52.74,+3.39%,Consumer Discretionary,2.236,3.22,$0.72,77.88,44.58,54.38,52.64,57.04,3.0,0.42,0.2,"4,309,590",-100158.08,4244613.79,4489235.35,23.04,3.05,-7.21,8.97,60.08,45.35,60.08,-48.03,55.0,"7,236 M"
05/18/2026,1630,BTAL,12.48,+2.55%,,-.6219,0.25,<empty>,19.59,11.81,12.28,13.15,14.59,5.0,0.31,0.9,"695,740",-300160.19,1010173.67,1022550.09,-16.0,-10.73,0.89,3.91,15.49,12.07,-12.07,-12.07,NaN,305 M
05/18/2026,1630,BTC,33.97,-2.89%,,1.474,0.88,<empty>,55.96,27.545,34.86,32.82,40.67,-5.0,-0.91,-0.55,"2,542,945",100452.58,2606662.78,3489678.93,202.27,8.05,-4.12,-3.49,36.08,28.58,36.05,36.05,NaN,"4,071 M"
05/18/2026,1630,BTC-USD,-58.16,-4.11%,,4.838,8.63,<empty>,23.4124,-70.135,-50.69,-34.55,-14.9,2.0,0.08,0.43,"1,406,212",201067.01,928857.93,893452.66,67.15,177.88,37.72,-9.77,-11.66,-65.97,-12.02,70.17,NaN,"-1,738 M"
05/18/2026,1630,BTI,66.35,+1.94%,Consumer Staples,.3357,3.32,$3.49,67.3,43.14,59.92,59.03,57.04,1.0,1.0,0.98,"3,631,275",100330.05,4417392.33,4694112.78,29.56,14.22,13.71,1.53,63.57,55.19,-55.19,67.02,51.0,"143,520 M"
05/18/2026,1630,BUD,81.32,+0.49%,Consumer Staples,.5682,2.88,$5.66,82.9099,56.97,77.03,73.98,67.09,-7.0,0.76,-0.71,"1,044,319",100127.1,1976253.56,2022981.38,-61.19,16.29,10.03,1.46,83.08,67.4,83.08,83.08,51.0,"157,506 M"
05/18/2026,1630,BULL,7.06,0.00%,Financials,2.727,0.16,$1.41,18.32,4.5,7.08,6.04,9.26,-2.0,-0.87,-0.21,"12,728,090",-100694.2,1.251595792E7,1.225805105E7,55.2,34.99,-1.53,-0.28,8.19,5.31,8.19,8.09,3.0,"3,755 M"
05/18/2026,1630,BURL,290.38,-1.10%,Consumer Discretionary,1.422,11.91,$2.72,351.85,218.52,311.8,317.7,291.27,3.0,0.0,0.23,"589,760",200042.5,698121.49,741403.66,36.67,-3.35,-6.11,1.44,352.2,281.03,352.2,-281.03,7.0,"18,245 M"
05/18/2026,1630,BUXX,20.24,+0.05%,,.0005,0.01,<empty>,20.46,20.18,20.24,20.25,20.3,7.0,0.22,0.62,"199,087",-100000.39,458715.37,411713.49,2.03,-0.1,0.15,0.05,20.59,20.34,-20.34,-20.13,NaN,462 M
05/18/2026,1630,BXP,59.92,+2.43%,Real Estate,1.075,0.61,$7.52,79.33,49.72,58.69,55.4,65.43,1.0,0.93,0.32,"1,429,402",-100443.56,2013041.33,2401304.66,-47.98,13.21,2.29,2.6,63.6,50.49,-50.49,61.02,49.0,"9,556 M"
05/18/2026,1630,BYD,79.09,0.00%,Consumer Discretionary,1.128,2.62,$2.46,89.96,72.01,84.24,83.83,83.73,1.0,0.0,0.01,"851,055",100230.17,960707.1,957216.72,-14.24,-3.23,-4.58,-1.84,89.17,77.49,89.17,89.17,46.0,"5,879 M"
05/18/2026,1630,BYDDF,12.07,-1.47%,Consumer Discretionary,.192,0.39,<empty>,20.50333333333334,11.2,13.07,13.21,13.13,-3.0,-0.1,-0.16,"109,263",-200100.07,195881.5,195044.63,-18.65,-6.33,-8.37,-6.66,15.25,12.5,15.25,-12.07,NaN,"110,045 M"
05/18/2026,1630,C,122.41,-0.82%,Financials,1.108,1.88,($20.72),135.29,71.65,127.08,120.42,109.12,-2.0,-0.35,-0.05,"8,750,328",-200048.41,1.312352683E7,1.362049158E7,-8.71,12.64,-2.56,-1.36,135.19,102.49,135.19,132.06,38.0,"208,780 M"
05/18/2026,1630,CACC,555.43,+1.39%,Financials,1.381,16.78,$94.71,565.14,401.9,523.71,486.86,478.23,3.0,0.94,0.46,"201,675",200644.52,167298.89,191780.32,54.27,20.42,9.55,5.8,565.08,405.32,565.08,565.08,51.0,"5,810 M"
05/18/2026,1630,CAG,13.79,+2.68%,Consumer Staples,-.0215,0.25,$1.76,23.37,13.42,14.11,15.03,17.44,1.0,0.32,0.64,"14,163,736",-500437.26,1.556068644E7,1.493842659E7,4.09,-11.38,-0.43,-2.13,19.54,14.09,19.54,15.11,35.0,"6,598 M"
05/18/2026,1630,CAH,199.77,+2.34%,Health Care,.513,6.44,$18.48,233.6,137.75,195.21,205.87,191.09,5.0,0.15,0.95,"2,413,795",200030.02,2002506.31,1914352.6,58.26,-5.71,1.38,7.2,234.54,180.03,234.54,-180.03,63.0,"46,787 M"
05/18/2026,1630,CAKE,59.70,+0.35%,Consumer Discretionary,1.013,1.61,$3.68,69.7,43.07,60.95,59.22,56.66,2.0,-0.42,0.35,"844,630",-100339.13,1233107.06,1334755.53,-39.01,6.13,0.69,5.61,67.56,53.35,-53.35,-56.03,49.0,"2,966 M"
05/18/2026,1630,CAMT,155.74,-7.49%,Information Technology,1.57,15.11,$2.78,215.99,62.88,186.89,174.04,130.63,-5.0,-0.24,0.0,"1,036,001",-200872.01,460498.34,498557.15,117.59,-6.57,-14.76,-7.78,210.16,141.33,216.05,216.05,59.0,"7,258 M"
05/18/2026,1630,CANE,9.93,-0.50%,,-.0303,0.16,<empty>,11.68,8.97,9.83,9.87,9.89,-3.0,-0.58,-0.64,"288,608",100142.11,759389.69,627501.99,-32.57,-0.5,-3.12,-3.4,11.36,9.21,-9.21,10.09,NaN,90 M
05/18/2026,1630,CARR,64.51,-0.25%,Industrials,1.357,1.6,$2.00,81.09,50.24,64.51,60.77,59.59,-8.0,-0.69,-0.34,"5,492,253",100542.13,6760466.45,6495606.82,-15.98,11.98,-2.09,-1.62,69.12,54.34,69.12,69.12,49.0,"53,581 M"
05/18/2026,1630,CASY,855.87,+0.37%,Consumer Staples,.6379,25.57,$17.98,901.0,433.16,834.25,761.15,616.95,-3.0,-0.86,-0.18,"371,056",300129.29,607881.8,584089.74,9.22,27.83,0.38,-3.66,868.06,627.49,-627.49,901.02,14.0,"31,632 M"
05/18/2026,1630,CAT,863.95,-2.74%,Industrials,1.562,28.97,$16.91,931.35,336.2409,871.25,785.8,617.17,-5.0,-0.79,-0.32,"2,715,570",100439.13,2441909.52,2552040.22,44.79,24.56,-1.24,-4.25,931.07,663.49,931.07,931.07,53.0,"397,928 M"
05/18/2026,1630,CAVA,79.89,+3.93%,Consumer Discretionary,1.881,6.73,$0.23,98.79,43.41,86.89,85.44,68.99,3.0,0.13,0.21,"4,114,529",100955.58,2811810.1,3246626.66,34.28,-10.17,-10.43,10.5,99.19,66.62,99.19,-72.03,1.0,"9,300 M"
05/18/2026,1630,CBRL,29.32,-4.53%,Consumer Discretionary,1.27,0.93,($0.96),71.93,24.85,30.31,29.15,35.69,-1.0,-0.69,-0.23,"1,276,712",0.0,1042851.34,1100777.65,71.72,5.47,0.83,1.28,35.51,26.35,-26.35,32.06,12.0,655 M
05/18/2026,1630,CCK,97.16,+1.12%,Materials,.6494,1.45,$8.72,116.62,89.21,100.14,102.26,101.16,-3.0,-0.22,-0.5,"949,689",-100134.15,1156746.03,1111971.45,-63.65,-4.21,-1.91,-3.04,117.58,97.34,117.58,105.14,43.0,"10,857 M"
05/18/2026,1630,CCL,24.91,+1.71%,Consumer Discretionary,2.314,0.85,$2.25,34.03,21.6217,26.12,26.12,28.64,1.0,-0.41,0.4,"23,265,243",100058.1,2.925166427E7,2.801562859E7,48.26,3.1,-2.96,-0.48,33.62,23.49,-23.49,-24.03,25.0,"34,504 M"
05/18/2026,1630,CCRN,13.10,-0.23%,Health Care,.4454,1.41,$1.23,14.99,7.43,11.37,10.29,10.79,-4.0,1.0,-0.79,"1,888,992",200306.08,624790.71,630605.38,828.92,47.86,27.06,-0.15,13.06,8.62,13.06,13.06,55.0,406 M
05/18/2026,1630,CELH,29.33,-2.75%,Consumer Staples,.9713,2.05,$0.96,66.74,27.66,32.16,35.68,47.78,2.0,-0.44,0.48,"16,249,608",-100171.06,8130211.85,7899331.12,222.66,-29.33,-12.63,5.28,59.56,28.03,59.56,-28.03,57.0,"7,498 M"
05/18/2026,1630,CF,125.22,-0.02%,Materials,.4559,3.81,$10.23,141.96,75.415,123.55,124.33,95.95,2.0,0.26,0.51,"3,119,397",-100164.41,4935612.14,4746446.45,51.0,-1.19,-0.53,-0.22,142.34,93.62,142.34,130.04,55.0,"19,237 M"
05/18/2026,1630,CFG,61.16,+0.49%,Financials,.996,1.67,$5.50,68.79,38.796,63.61,61.64,57.07,2.0,-0.35,0.15,"3,198,725",-300128.22,4556750.03,4779526.35,-31.86,8.0,-3.78,1.21,67.19,55.45,67.19,66.07,41.0,"25,863 M"
05/18/2026,1630,CFLT,30.99,0.00%,Information Technology,.9658,0.09,$0.11,31.0,15.64,30.72,30.56,24.82,1.0,0.14,0.28,<empty>,-300008.27,1.344598214E7,1.260758761E7,68.88,1.87,0.94,0.91,31.08,30.57,-30.57,-31.11,32.0,"11,134 M"
05/18/2026,1630,CFRUY,19.76,+0.46%,Consumer Discretionary,1.255,0.64,$7.78,22.15,15.58,19.43,18.67,19.38,-3.0,-0.87,-0.47,"371,518",-100100.47,614666.84,620249.23,-20.31,15.96,6.81,-1.74,21.58,16.4,-16.4,21.07,4.0,"116,177 M"
05/18/2026,1630,CG,46.60,-2.96%,Financials,1.892,1.23,($11.89),69.848,43.19,49.43,48.6,56.65,-2.0,-0.51,-0.32,"4,934,581",-100247.08,3330370.97,3379232.54,70.23,-2.35,-6.74,-5.21,56.62,45.46,-45.46,53.08,55.0,"16,775 M"
05/18/2026,1630,CHD,96.78,+2.90%,Consumer Staples,.4832,1.65,$4.44,106.04,81.33,94.55,95.2,91.57,5.0,0.29,0.68,"2,637,909",-100225.12,2121952.69,2059118.58,37.69,1.09,4.19,1.78,106.58,90.05,-90.05,-90.05,52.0,"22,931 M"
05/18/2026,1630,CHDN,87.93,+1.38%,Consumer Discretionary,.6964,5.39,$5.38,118.455,80.24,92.61,89.7,98.41,3.0,0.34,0.19,"553,743",300238.17,1001069.35,1054962.48,-16.74,2.47,-4.11,2.78,103.16,80.49,103.16,-85.03,50.0,"6,128 M"
05/18/2026,1630,CHEF,79.75,-0.73%,Consumer Staples,2.155,1.54,$2.09,82.8112,53.2,75.31,67.32,63.69,-10.0,-0.92,-0.41,"596,592",101441.14,481049.56,484541.07,-6.51,31.1,2.26,-0.93,83.06,57.31,83.06,83.06,50.0,"3,252 M"
05/18/2026,1630,CHH,106.65,-0.27%,Consumer Discretionary,.6626,4.42,$2.18,136.45,84.035,109.41,106.48,104.96,10.0,0.25,0.53,"462,499",100138.12,627611.93,620168.95,-19.29,9.58,8.56,-0.31,124.19,94.47,124.19,-97.1,54.0,"4,852 M"
05/18/2026,1630,CHPT,6.39,-3.62%,Industrials,1.778,0.17,($2.86),17.78,4.44,6.53,5.83,8.18,-1.0,-0.8,-0.33,"764,484",100597.25,483993.89,471309.24,69.53,20.57,2.9,-0.62,7.18,4.34,7.18,-6.06,11.0,156 M
05/18/2026,1630,CHRD,149.56,+0.79%,Energy,.4537,4.18,$8.77,151.945,84.245,141.56,136.43,107.64,5.0,0.4,0.69,"865,005",500347.29,1012100.66,1061854.11,20.5,14.54,0.21,5.3,151.09,100.62,-100.62,-133.07,55.0,"8,420 M"
05/18/2026,1630,CHTR,141.21,+0.63%,Communication Services,.7689,9.39,$30.73,430.83,136.63,170.66,200.75,225.47,12.0,0.01,0.47,"3,628,180",100450.13,2715572.02,2436681.48,-24.03,-32.44,-14.59,-1.29,254.17,142.03,254.17,254.17,47.0,"17,367 M"
05/18/2026,1630,CHWY,21.63,+1.64%,Consumer Discretionary,1.49,1.58,$1.36,48.62,21.03,24.3,25.22,31.89,2.0,-0.35,0.2,"5,295,786",100256.38,8157894.49,8274952.4,-18.11,-11.1,-11.93,-0.09,29.19,21.03,29.19,27.17,16.0,"9,013 M"
05/18/2026,1630,CI,286.69,+0.50%,Health Care,.2766,6.87,$28.94,338.8899,239.51,285.21,275.53,281.8,-3.0,-0.89,-0.6,"1,374,993",-100036.41,1687840.71,1677600.93,-23.62,8.34,2.63,-4.66,294.12,258.34,-258.34,303.03,51.0,"75,839 M"
05/18/2026,1630,CLOX,25.555,+0.02%,,.1085,0.04,<empty>,25.71,25.35,25.56,25.51,25.54,3.0,0.73,0.46,"125,687",-300000.4,198942.24,216369.78,-18.61,0.65,0.26,0.08,26.12,25.46,26.12,-25.1,NaN,284 M
05/18/2026,1630,CLOZ,26.46,+0.19%,,.1305,0.04,<empty>,26.96,25.23,26.34,25.94,26.45,1.0,-0.92,0.57,"171,936",-200100.56,353538.32,523941.0,-17.79,3.97,0.49,0.17,27.62,25.52,-25.52,26.11,NaN,659 M
05/18/2026,1630,CLX,92.82,+2.62%,Consumer Staples,.5697,2.9,$3.11,136.69,84.7,92.79,100.73,111.09,9.0,0.18,0.76,"2,785,475",-200134.11,2829572.54,2646828.58,-10.51,-14.0,7.33,0.89,129.56,85.09,-85.09,-85.09,51.0,"11,224 M"
05/18/2026,1630,CMCSA,24.93,+0.69%,Communication Services,.7251,0.91,$4.84,34.3580131208997,24.1330834114339,26.76,28.11,28.65,4.0,0.01,0.25,"34,630,500",100040.41,3.372130905E7,3.194360878E7,47.06,-12.74,-7.91,-0.04,32.51,25.03,32.51,-25.03,51.0,"89,056 M"
05/18/2026,1630,CMG,33.75,+3.37%,Consumer Discretionary,1.004,0.62,$1.14,58.42,29.75,33.19,33.42,37.07,5.0,0.5,0.44,"13,440,218",-100343.13,1.615456678E7,1.57208166E7,-37.05,3.4,5.53,5.11,39.62,31.34,-31.34,-32.05,50.0,"43,292 M"
05/18/2026,1630,CMI,677.87,-2.68%,Industrials,1.227,23.03,$19.34,718.08,307.905,674.2,608.57,512.67,-2.0,-0.9,-0.3,"959,977",-100137.1,842026.69,864509.76,53.68,24.77,3.22,-4.47,718.07,510.34,718.07,718.07,53.0,"93,539 M"
05/18/2026,1630,CNA,44.42,+2.71%,Financials,.3405,1.86,$7.98,50.72,42.48,45.7,46.22,46.78,6.0,0.07,0.43,"384,566",-100846.11,473532.99,499772.39,4.71,-3.06,0.45,4.15,50.6,42.03,50.6,-42.03,53.0,"12,017 M"
05/18/2026,1630,CNC,58.23,-0.07%,Health Care,.9491,2.23,$14.45,62.205,25.075,51.88,42.15,38.35,-4.0,-0.97,-0.45,"4,277,242",200750.14,7062252.3,6481078.99,-75.17,61.03,8.72,-0.99,56.06,32.34,-32.34,60.03,49.0,"28,754 M"
05/18/2026,1630,CNH,10.50,+0.67%,,1.59,0.26,($0.37),14.27,9.0,10.54,10.71,10.85,-5.0,-0.36,-0.67,"10,881,760",100449.13,1.667334705E7,1.621593265E7,-31.18,3.75,2.74,-2.42,13.6,10.41,-10.41,11.06,51.0,"13,019 M"
05/18/2026,1630,CNX,36.56,+1.30%,Energy,.6424,1.24,$3.98,43.62,27.72,37.4,38.92,35.86,3.0,0.05,0.52,"1,669,945",-100043.41,2104307.59,2185235.46,20.02,-11.61,-4.57,3.25,44.5,35.03,44.5,-35.03,46.0,"5,172 M"
05/18/2026,1630,COAL,24.855,+0.67%,,.8534,0.44,<empty>,29.1,16.5903,25.47,26.26,23.84,-5.0,-0.07,-0.44,"70,076",-200246.23,204849.95,170051.14,21.49,-5.82,-3.14,-0.78,29.34,24.55,29.34,-25.02,NaN,68 M
05/18/2026,1630,COCO,79.23,+1.01%,Consumer Staples,.726,4.45,$1.13,79.7,31.79,64.71,57.02,49.03,-10.0,1.0,-0.68,"812,198",-100262.13,1563834.98,1546536.05,-49.43,41.76,17.81,5.96,73.06,45.33,-45.33,-47.16,50.0,"4,525 M"
05/18/2026,1630,COF,187.17,0.00%,Financials,1.046,3.52,$45.02,259.635,174.98,190.73,188.56,212.92,3.0,0.45,0.43,"3,829,191",0.0,4671953.26,4903292.35,36.92,3.9,-1.45,3.1,211.56,175.35,-175.35,-181.03,44.0,"116,475 M"
05/18/2026,1630,COIN,189.44,-3.07%,Financials,3.213,9.27,$6.68,444.645,139.36,198.36,191.58,253.48,-2.0,-0.93,-0.41,"10,272,849",200776.53,1.075546091E7,1.156256137E7,62.64,-6.35,-6.68,-6.12,216.21,153.58,-153.58,222.02,51.0,"49,910 M"
05/18/2026,1630,COM,34.98,+1.77%,,.0007,0.41,<empty>,35.62,27.4615,34.42,33.82,30.6,-3.0,-0.55,-0.45,"403,690",200018.33,226498.44,197380.13,271.14,3.34,1.27,-1.19,35.09,31.62,-31.62,36.03,NaN,280 M
05/18/2026,1630,COP,124.54,+1.74%,Energy,.186,4.34,$4.72,135.87,84.28,121.24,123.25,102.77,5.0,0.13,0.8,"5,766,788",100039.41,9555001.95,9566673.16,-20.36,0.72,-0.3,6.08,136.34,108.56,136.34,-114.06,55.0,"151,726 M"
05/18/2026,1630,COPJ,42.07,-1.38%,,1.23,2.38,<empty>,53.945,19.87,42.66,41.14,37.83,-3.0,-0.59,-0.57,"112,622",0.0,135522.69,145350.21,0.37,11.0,5.62,-10.24,49.54,34.4,-34.4,48.03,NaN,165 M
05/18/2026,1630,COPX,81.85,-1.44%,,1.074,4.84,<empty>,99.99,39.162,82.98,80.41,69.95,-3.0,-0.57,-0.55,"4,493,666",100454.05,4336871.35,4559211.19,-21.64,9.24,6.78,-10.95,97.57,68.4,-68.4,93.03,NaN,"7,452 M"
05/18/2026,1630,CORN,18.74,+3.31%,,-.0862,0.25,<empty>,19.13,16.61,18.61,18.42,17.8,1.0,0.6,0.38,"841,872",-200124.27,1153569.83,940575.86,-31.13,0.59,-1.99,-1.26,19.1,17.61,-17.61,19.03,NaN,287 M
05/18/2026,1630,COST,1076.47,+2.62%,Consumer Staples,.9103,21.48,$20.49,1079.8299,844.06,1015.94,1003.02,955.19,5.0,0.7,0.71,"2,178,862",0.0,1755723.91,1820872.75,22.69,9.85,6.29,4.2,1036.27,960.5,-960.5,-985.13,7.0,"477,579 M"
05/18/2026,1630,CP,86.22,+1.35%,Industrials,1.091,1.12,$1.62,89.415,68.421,85.39,82.41,77.2,1.0,-0.5,0.47,"1,889,411",-200328.14,2739497.77,2814681.76,-24.26,7.86,3.72,0.68,89.54,76.33,-76.33,-83.1,50.0,"76,541 M"
05/18/2026,1630,CPAY,348.50,+6.18%,Financials,.8414,16.25,$18.87,361.99,252.84,320.94,312.04,308.42,1.0,0.9,0.72,"719,947",0.0,588721.97,616941.83,65.55,21.89,12.12,5.21,354.59,281.4,-281.4,-298.08,55.0,"22,779 M"
05/18/2026,1630,CPER,38.40,+0.68%,,.4829,1.6,<empty>,40.78,27.08,37.58,36.04,33.16,-3.0,-0.87,-0.58,"690,624",-100036.02,838680.0,864019.19,-26.67,14.12,7.93,-4.64,38.06,32.4,-32.4,41.03,NaN,743 M
05/18/2026,1630,CPNG,15.70,-2.61%,Consumer Discretionary,1.185,1.95,$0.16,34.075,15.64,18.67,19.18,24.59,4.0,-0.25,0.19,"12,143,138",-100247.09,2.102823687E7,2.246582908E7,-34.06,-21.85,-22.51,-1.63,22.21,16.03,22.21,21.17,54.0,"28,183 M"
05/18/2026,1630,CPRI,17.54,+1.62%,Consumer Discretionary,1.475,0.87,($1.12),28.265,16.22,19.01,18.83,21.34,3.0,-0.27,0.32,"2,574,462",0.0,2660816.6,2756272.32,-38.38,-3.68,-5.75,2.1,22.6,17.34,-17.34,-17.03,6.0,"2,090 M"
05/18/2026,1630,CPT,104.61,+1.97%,Real Estate,.8262,0.72,$7.67,119.74,96.53,103.95,101.87,105.29,1.0,0.75,0.49,"818,336",-300026.08,1182792.02,1125504.78,-43.77,4.25,0.22,-0.7,111.56,97.35,-97.35,107.13,51.0,"10,366 M"
05/18/2026,1630,CRCL,111.39,-2.29%,Information Technology,2.883,11.47,$2.10,298.99,49.9,109.48,107.61,104.84,-5.0,-0.68,-0.52,"12,401,149",101206.06,1.692556868E7,1.801356675E7,96.68,-16.15,-6.81,-11.99,137.43,59.58,140.04,140.04,58.0,"27,689 M"
05/18/2026,1630,CRI,35.51,+6.13%,Consumer Discretionary,.864,1.42,$3.58,44.44,23.3805,35.62,35.41,32.83,4.0,0.11,0.56,"1,082,421",-100252.41,1149882.56,1253848.18,38.55,2.9,7.05,6.29,44.6,32.49,-32.49,-32.04,47.0,"1,309 M"
05/18/2026,1630,CRM,179.48,+3.44%,Information Technology,1.123,6.54,$15.16,289.9,163.52,179.42,183.37,223.8,2.0,0.61,0.51,"13,527,269",300345.47,1.31647156E7,1.341206445E7,55.28,-7.65,-3.23,8.22,205.46,164.26,-164.26,-164.02,6.0,"146,824 M"
05/18/2026,1630,CRSP,48.56,+0.31%,Health Care,1.504,1.97,($4.61),78.48,35.38,52.45,51.3,55.9,-5.0,-0.57,-0.25,"1,778,442",-200465.48,1992281.55,1891447.4,13.24,1.82,-9.37,-7.94,62.56,44.34,-44.34,58.17,58.0,"4,684 M"
05/18/2026,1630,CRWD,618.83,+4.17%,Information Technology,1.05,55.68,$4.95,621.05,342.72,498.22,446.33,461.29,8.0,1.0,1.0,"4,680,136",-200456.27,3375631.05,3999312.22,149.88,42.0,31.88,10.0,529.06,343.59,-343.59,-433.12,11.0,"157,515 M"
05/18/2026,1630,CSCO,118.88,+0.57%,Information Technology,.9453,10.03,$2.98,119.39,62.3,96.25,86.72,76.9,7.0,1.0,1.0,"24,589,791",-100243.03,2.300211964E7,2.283073058E7,45.59,53.2,28.34,16.7,97.06,75.49,-75.49,-86.14,60.0,"469,563 M"
05/18/2026,1630,CSX,46.20,+1.18%,Industrials,1.23,0.55,$1.02,46.55,30.17,45.01,42.47,37.8,3.0,0.69,0.53,"7,559,632",-100025.05,1.273434784E7,1.266114139E7,-30.15,16.55,3.31,4.05,47.17,38.4,47.17,-44.04,50.0,"85,846 M"
05/18/2026,1630,CTA,32.13,+0.34%,,-.2498,0.61,<empty>,32.76,26.36,31.35,30.46,28.5,2.0,0.77,0.45,"782,736",200033.32,831773.92,760101.43,93.31,4.22,-1.47,1.39,33.1,28.21,-28.21,-30.17,NaN,"1,712 M"
05/18/2026,1630,CUBE,38.93,+1.49%,Real Estate,1.12,0.73,$2.67,44.13,35.09,39.74,38.74,38.79,-4.0,-0.64,-0.29,"1,560,924",-200031.44,2332659.92,2365276.13,-58.37,1.35,-0.31,-2.41,42.54,36.37,-36.37,41.04,51.0,"8,814 M"
05/18/2026,1630,CURB,27.73,+0.47%,Real Estate,.5583,0.18,<empty>,28.94,21.62,27.75,27.06,24.52,1.0,-0.31,0.49,"836,560",0.0,779279.13,807173.58,-20.42,5.68,1.61,1.17,29.14,25.4,29.14,-27.1,49.0,"2,927 M"
05/18/2026,1630,CVNA,66.02,-1.71%,Consumer Discretionary,1.96,4.47,$1.06,97.378,54.464,76.66,69.37,73.9,-7.0,-0.39,-0.02,"9,349,093",0.0,1.343887652E7,1.597146503E7,17.44,13.37,-12.34,-5.55,84.12,54.34,84.12,84.12,50.0,"47,289 M"
05/18/2026,1630,CVS,95.99,+0.10%,Health Care,.6157,6.13,$5.82,98.43,58.5,86.06,79.32,77.24,-3.0,1.0,-0.81,"7,208,374",100230.09,8034280.07,8057330.6,-13.22,31.46,17.05,-2.16,91.06,70.34,-70.34,98.02,51.0,"122,476 M"
05/18/2026,1630,CVX,196.12,+2.63%,Energy,.5021,4.33,$7.22,214.71,133.77,187.96,193.17,168.44,6.0,0.24,0.88,"9,805,244",200035.41,1.240648501E7,1.20538007E7,-8.83,-1.25,2.0,5.44,215.34,178.21,-178.21,-180.07,52.0,"390,592 M"
05/18/2026,1630,CWH,6.98,+5.28%,Consumer Discretionary,2.136,0.49,($1.68),19.64,5.7,7.18,6.95,11.81,1.0,0.55,0.48,"2,527,122",500786.13,3323953.63,3489298.65,13.25,20.34,-6.06,4.49,13.6,6.41,-6.41,-6.03,49.0,443 M
05/18/2026,1630,CZR,27.62,-0.65%,Consumer Discretionary,1.836,0.7,$2.59,31.58,17.86,27.59,27.18,24.37,3.0,0.45,0.29,"3,363,079",301147.48,4452159.35,5229011.68,-8.58,0.69,0.77,3.1,31.47,20.57,31.47,-25.04,49.0,"5,626 M"
05/18/2026,1630,D,67.56,+9.44%,Utilities,.6312,1.49,($8.61),68.97,53.36,62.75,62.43,61.16,1.0,0.47,0.77,"39,863,468",-100227.01,5073956.41,5499725.6,807.19,8.62,7.32,7.72,66.59,59.4,-59.4,-61.06,51.0,"59,416 M"
05/18/2026,1630,DAL,70.24,+0.01%,Industrials,1.28,1.99,$6.03,76.39,45.28,69.91,67.34,64.3,-6.0,-0.64,-0.47,"6,758,163",100259.44,1.154756516E7,1.135040925E7,-3.74,10.08,2.54,-1.14,75.21,55.49,75.21,75.07,35.0,"46,147 M"
05/18/2026,1630,DAPP,20.11,-3.83%,,3.385,1.36,<empty>,27.4899,12.6005,20.26,18.02,18.93,-5.0,-0.92,-0.5,"532,276",-100342.08,920959.82,830942.63,40.89,20.56,1.0,-7.46,22.08,14.34,-14.34,23.02,NaN,502 M
05/18/2026,1630,DAR,62.13,-0.38%,Consumer Staples,1.117,0.84,$3.48,66.02,29.15,62.43,60.23,42.79,-5.0,-0.23,-0.37,"2,156,182",400751.29,3176220.48,3004394.3,3.62,9.48,-3.49,-0.21,66.09,51.62,66.09,66.09,51.0,"9,874 M"
05/18/2026,1630,DASH,162.67,+2.18%,Consumer Discretionary,1.903,7.62,$4.07,285.5,143.3,167.87,164.43,212.58,3.0,0.64,0.25,"4,662,513",-100653.08,4439583.21,5010625.22,34.36,-1.41,-5.74,9.12,191.2,143.35,191.2,-148.03,58.0,"70,878 M"
05/18/2026,1630,DDOG,208.82,+0.40%,Information Technology,1.333,31.0,$2.74,211.28,98.0101,162.1,137.73,140.3,-4.0,1.0,-0.8,"5,220,648",100066.08,5374844.73,5512236.55,58.39,59.09,42.35,1.71,200.06,98.58,-98.58,-124.16,55.0,"74,332 M"
05/18/2026,1630,DDS,530.07,-1.60%,Consumer Discretionary,1.184,14.05,$48.36,711.975,356.8501,566.59,577.49,587.7,3.0,-0.06,0.32,"145,872",-200900.03,105332.79,117738.86,131.17,-9.23,-3.76,-0.53,681.6,522.03,681.6,615.17,60.0,"8,278 M"
05/18/2026,1630,DE,564.49,+0.47%,Industrials,.9573,9.91,$13.22,674.1899,433.0,577.07,580.15,519.93,-4.0,-0.08,-0.48,"847,807",0.0,1170730.98,1372073.2,-5.26,-1.14,-2.4,-2.78,674.61,550.33,-550.33,595.17,3.0,"152,473 M"
05/18/2026,1630,DECK,94.61,+1.12%,Consumer Discretionary,1.094,3.46,$6.28,131.58,78.91,101.17,102.44,103.04,3.0,-0.11,0.28,"2,446,756",0.0,1905479.6,1974526.23,88.21,-9.5,-3.11,0.72,122.6,93.35,-93.35,109.16,3.0,"13,430 M"
05/18/2026,1630,DELL,238.03,-1.64%,Information Technology,1,16.95,$12.67,263.99,106.38,225.86,192.33,147.72,-5.0,-0.94,-0.39,"5,117,186",-100455.41,7479900.78,8099253.77,15.31,59.53,12.47,-2.39,264.06,113.62,264.06,264.06,7.0,"154,764 M"
05/18/2026,1630,DEO,83.78,+2.56%,Consumer Staples,.542,2.05,$1.13,116.41,72.45,80.85,78.43,91.4,1.0,0.75,0.65,"940,781",-200240.47,1680287.86,1884382.77,13.69,11.42,6.71,3.83,103.58,72.38,-72.38,86.08,55.0,"46,573 M"
05/18/2026,1630,DG,106.23,+3.76%,Consumer Staples,.2996,5.82,$10.87,158.23,93.56,113.42,120.54,121.32,3.0,0.17,0.39,"5,082,638",-200256.05,3477788.99,3322229.82,96.93,-16.14,-7.21,4.4,158.56,101.03,158.56,124.17,10.0,"23,395 M"
05/18/2026,1630,DGX,189.84,+1.73%,Health Care,.6072,1.94,$11.97,213.5,164.65,192.88,195.19,187.52,1.0,0.05,0.39,"859,973",300125.2,920029.64,898099.48,-5.41,-2.76,-0.87,-0.53,214.55,186.06,-186.06,-186.06,44.0,"21,015 M"
05/18/2026,1630,DIN,29.80,+0.03%,Consumer Discretionary,.9671,1.22,$2.62,39.68,19.58,28.39,27.86,28.6,-2.0,0.58,-0.71,"702,379",-100258.04,417555.28,425639.79,283.55,5.52,11.69,4.01,35.62,24.25,-24.25,32.02,54.0,378 M
05/18/2026,1630,DIS,103.91,+1.16%,Communication Services,1.415,2.52,$3.98,124.69,92.185,104.08,101.12,108.77,-6.0,-0.83,-0.32,"7,460,050",200128.09,9592315.5,9865481.2,16.39,4.52,2.57,-0.94,110.07,92.35,110.07,110.07,54.0,"180,441 M"
05/18/2026,1630,DK,45.41,+1.34%,Energy,.5574,1.46,$7.70,49.5,17.56,44.15,43.37,35.16,1.0,-0.6,0.43,"1,731,582",200766.14,1411771.37,1497775.86,27.77,0.0,-5.47,3.49,50.09,33.59,50.09,50.09,55.0,"2,783 M"
05/18/2026,1630,DKL,52.16,+0.89%,Energy,.4681,0.9,$1.89,55.89,40.1,51.44,51.44,47.71,3.0,0.43,0.52,"37,965",-100233.41,60183.87,63350.24,-42.96,-2.69,1.95,2.27,55.61,48.3,-48.3,-49.06,55.0,"2,773 M"
05/18/2026,1630,DKNG,25.78,+3.12%,Consumer Discretionary,1.5,0.88,$1.15,48.78,20.46,23.98,23.65,32.08,1.0,0.89,0.56,"8,216,829",0.0,1.285861416E7,1.344985169E7,22.92,1.98,9.38,3.0,27.06,20.34,27.06,27.06,55.0,"12,790 M"
05/18/2026,1630,DLTR,91.23,+1.84%,Consumer Staples,.5783,3.2,$6.41,142.4,84.71,95.37,102.54,110.1,3.0,0.07,0.56,"2,881,641",-100652.16,3506723.49,3346328.25,-21.16,-15.13,-3.0,5.1,139.6,86.03,139.6,-86.03,7.0,"17,765 M"
05/18/2026,1630,DOC,19.49,+1.20%,Real Estate,1.019,1.59,$1.77,19.91,15.7,17.78,17.29,17.48,-5.0,1.0,-0.62,"6,623,545",101533.09,8720826.73,8603023.61,-33.53,12.08,19.64,-0.31,20.06,16.14,-16.14,20.02,46.0,"13,437 M"
05/18/2026,1630,DOCU,49.02,+2.75%,Information Technology,1,1.32,$5.24,94.67,40.16,46.8,46.89,61.48,2.0,0.97,0.59,"3,164,085",300656.43,4068717.39,4445516.87,33.61,0.25,1.18,8.76,51.41,40.57,51.41,50.1,12.0,"9,524 M"
05/18/2026,1630,DOV,210.83,+0.03%,Industrials,1.203,5.23,$8.33,237.54,158.97,220.69,215.31,196.31,-8.0,-0.19,-0.27,"636,411",200232.18,1002551.57,1071686.26,-42.52,-0.66,-4.54,-1.77,237.6,201.31,-201.31,233.17,46.0,"28,391 M"
05/18/2026,1630,DOW,38.56,-0.49%,Materials,1,1.13,($0.53),42.74,20.4019,38.9,38.56,28.4,-1.0,-0.16,-0.52,"8,617,598",-100256.22,1.41617094E7,1.39581363E7,-7.02,2.31,-4.98,-0.72,43.33,29.55,43.33,-37.06,46.0,"27,792 M"
05/18/2026,1630,DPZ,308.00,+1.89%,Consumer Discretionary,1.038,12.67,$19.33,499.08,297.4761,332.48,357.84,405.03,2.0,0.02,0.32,"858,094",-100231.16,1029473.47,1031850.93,-48.6,-18.29,-6.79,-0.16,418.58,306.03,418.58,375.16,43.0,"10,245 M"
05/18/2026,1630,DRI,193.75,-1.09%,Consumer Discretionary,.5781,2.15,$8.56,228.27,169.0,196.63,197.83,196.16,-1.0,-0.25,-0.49,"1,054,562",-100132.41,1360858.14,1318774.93,48.51,-3.47,0.86,0.49,221.62,187.25,-187.25,-190.07,26.0,"22,191 M"
05/18/2026,1630,DRLL,38.1747,+1.78%,,.4788,0.96,<empty>,41.0248,25.93,36.68,37.2,31.55,6.0,0.27,0.89,"11,486",-200127.25,33090.6,30417.65,-45.06,0.65,0.62,5.14,41.34,34.21,-34.21,-35.07,NaN,303 M
05/18/2026,1630,DRVN,14.24,+9.54%,Consumer Discretionary,.9799,0.52,$0.19,19.74,9.8,13.15,12.4,14.85,2.0,0.87,0.62,"3,144,723",-100470.13,1906732.42,2129575.37,185.13,34.21,4.32,12.3,17.62,10.57,-10.57,-12.16,NaN,"2,342 M"
05/18/2026,1630,DT,39.85,+3.88%,Information Technology,.7353,1.69,$1.76,57.55,31.635,37.47,37.13,42.9,2.0,0.9,0.55,"7,324,697",100448.04,7191044.3,7358341.06,0.38,-0.97,2.84,14.74,41.07,32.26,41.07,-33.03,54.0,"11,742 M"
05/18/2026,1630,DVN,49.68,+0.38%,Energy,.5287,2.2,$3.88,52.71,30.24,48.3,48.01,39.38,5.0,0.23,0.63,"15,302,269",-200239.09,1.628735438E7,1.537678984E7,9.6,3.16,-3.08,5.93,53.34,42.56,53.34,-44.07,54.0,"57,281 M"
05/18/2026,1630,DXCM,65.09,+5.61%,Health Care,1.34,1.81,$3.68,89.98,54.11,60.72,63.17,68.08,2.0,0.36,0.77,"13,510,261",300539.01,4880784.26,4706546.07,141.66,-3.8,8.41,11.13,74.59,57.13,-57.13,-57.13,50.0,"25,116 M"
05/18/2026,1630,EA,201.05,+0.20%,Communication Services,.6627,0.81,$9.29,204.885,141.19,201.61,201.82,195.73,5.0,0.23,0.58,"1,983,720",0.0,1958660.9,2046843.26,15.65,0.22,-0.38,0.43,204.28,197.49,204.28,-199.03,49.0,"50,414 M"
05/18/2026,1630,EAT,132.31,-3.58%,Consumer Discretionary,1.254,6.9,$11.42,187.123,100.3,140.71,144.36,144.09,-1.0,-0.15,-0.26,"1,085,146",200751.03,1238104.77,1260400.72,-49.37,-5.53,-5.61,4.71,165.62,126.03,165.62,-126.03,59.0,"5,674 M"
05/18/2026,1630,EBAY,114.43,-1.46%,Consumer Discretionary,1.399,3.98,$3.71,116.83,70.72,106.83,99.12,91.84,-1.0,1.0,-0.8,"4,890,800",300043.11,5803472.99,6033473.97,25.89,24.69,4.66,1.26,111.1,79.62,-79.62,-96.12,50.0,"50,807 M"
05/18/2026,1630,ECH,39.83,+1.50%,,.7607,0.83,<empty>,47.845,29.28,41.36,40.93,38.37,1.0,-0.26,0.31,"303,777",200131.39,744883.25,872186.07,-68.24,0.15,-0.7,-1.44,45.57,38.5,-38.5,43.15,NaN,996 M
05/18/2026,1630,ECPG,80.74,-1.08%,Financials,1.324,1.4,$7.32,92.64,35.675,82.72,76.29,56.24,-1.0,-0.26,-0.04,"471,786",-400926.08,346883.8,341197.59,239.68,17.97,-2.95,2.18,93.07,56.59,93.07,93.07,55.0,"1,731 M"
05/18/2026,1630,EDEN,110.9993,+0.70%,,.8775,1.46,<empty>,125.6375,98.31,110.59,107.19,110.92,-4.0,-0.74,-0.42,"8,181",-200100.11,7135.75,8255.34,313.37,8.92,1.23,-1.59,115.62,98.4,-98.4,113.05,NaN,200 M
05/18/2026,1630,EDU,51.09,+0.37%,Consumer Discretionary,.1751,1.62,$4.09,64.97,41.62,53.28,54.82,54.37,-7.0,-0.17,-0.42,"271,674",0.0,787577.53,767751.32,-77.27,-9.64,-3.86,-2.54,61.59,50.53,-50.53,57.08,50.0,"8,131 M"
05/18/2026,1630,EDV,61.33,-0.23%,,.7292,0.8,<empty>,71.305,61.045,63.41,64.35,66.5,-6.0,-0.05,-0.32,"1,750,171",-200019.02,1368736.79,1293355.93,31.35,-6.01,-2.48,-2.01,69.55,62.03,69.55,65.17,NaN,"3,732 M"
05/18/2026,1630,EEM,64.97,-0.15%,,.7184,1.62,<empty>,68.15,45.2301,64.95,61.09,56.45,-5.0,-0.83,-0.34,"37,720,679",-200238.41,3.471984243E7,3.85417432E7,82.85,12.87,1.36,-3.33,68.06,54.34,68.05,68.05,NaN,"28,769 M"
05/18/2026,1630,EFNL,55.07,+1.72%,,.7756,0.64,<empty>,55.85,34.96,54.11,51.81,47.23,1.0,-0.77,0.27,"4,029",100100.06,11427.18,10568.22,78.42,12.39,1.47,-0.68,56.11,47.35,-47.35,56.02,NaN,55 M
05/18/2026,1630,EFX,164.23,+3.70%,Industrials,1.331,6.16,$9.32,281.03,156.47,171.14,178.76,212.19,1.0,0.22,0.43,"1,389,533",200041.11,1723712.56,1645882.18,19.75,-10.64,-4.65,2.68,211.51,158.03,211.51,179.17,44.0,"19,555 M"
05/18/2026,1630,EGP,202.16,+0.70%,Real Estate,1.069,2.11,$9.22,206.78,159.365,201.53,194.41,181.4,-6.0,-0.75,-0.27,"188,558",100017.08,361144.57,359123.68,-43.62,7.44,1.93,-0.68,207.06,181.4,207.06,207.06,45.0,"10,867 M"
05/18/2026,1630,EIS,129.26,-0.57%,,1.023,2.63,<empty>,136.98,80.56,131.4,125.28,110.78,-6.0,-0.72,-0.17,"95,372",-200200.35,135492.91,157893.42,214.87,6.32,-2.7,-3.57,137.07,110.34,137.07,137.07,NaN,969 M
05/18/2026,1630,EL,80.01,-0.34%,Consumer Staples,1.262,3.2,$3.55,121.635,62.57,80.3,78.94,93.75,-7.0,-0.76,-0.59,"1,895,116",-200762.39,4520938.7,4412601.57,-50.41,-6.99,-1.62,-2.58,118.58,66.31,-66.31,88.07,64.0,"28,947 M"
05/18/2026,1630,ELS,62.12,+1.65%,Real Estate,2.105,0.67,$2.97,69.0,58.15,62.92,64.04,62.71,1.0,-0.23,0.57,"988,678",-200026.56,1412489.18,1680694.02,-40.53,-6.39,-0.81,-1.51,69.45,62.35,69.45,64.04,43.0,"12,047 M"
05/18/2026,1630,ELV,394.07,+0.35%,Health Care,.6255,10.29,$29.01,412.96,273.71,370.84,328.16,330.29,-3.0,-0.99,-0.53,"1,503,047",-300245.54,1800920.17,1911424.69,-14.58,33.61,5.96,-1.39,379.06,275.49,-275.49,401.03,41.0,"85,577 M"
05/18/2026,1630,EMB,94.62,-0.10%,,.3447,0.47,<empty>,97.8,89.45,95.73,95.17,95.64,-5.0,-0.63,-0.23,"7,090,882",100110.4,1.020607188E7,1.001830214E7,8.3,0.28,-0.48,-0.96,98.59,93.35,-93.35,96.17,NaN,"13,994 M"
05/18/2026,1630,EMR,132.22,-0.62%,Industrials,1.226,3.73,$5.55,165.15,114.83,139.38,136.97,137.31,-6.0,-0.44,-0.21,"2,076,110",0.0,2968518.21,2961463.76,16.68,1.8,-2.39,-4.02,153.62,123.34,-123.34,149.08,55.0,"74,056 M"
05/18/2026,1630,ENB,56.37,+1.92%,Energy,.5816,0.84,$0.41,56.41,43.5892,54.12,53.94,49.83,1.0,0.62,0.74,"3,262,414",100221.03,4498101.6,4704094.73,9.25,5.88,3.02,2.14,55.11,51.62,-51.62,-52.17,52.0,"123,095 M"
05/18/2026,1630,ENPH,49.69,-6.05%,Information Technology,1.214,6.57,$1.11,53.8917,25.775,37.62,37.86,36.52,10.0,0.88,1.0,"11,635,483",301504.02,6814065.4,6485985.61,19.87,14.81,52.7,18.31,51.57,30.13,-30.13,-30.13,49.0,"6,549 M"
05/18/2026,1630,ENR,16.54,-1.61%,Consumer Staples,.7547,1.06,$2.31,30.29,16.0,18.63,18.03,22.08,2.0,-0.52,0.27,"1,070,547",100647.09,1191390.61,1198620.36,35.43,-2.01,-14.48,-2.82,23.58,16.33,-16.33,21.09,53.0,"1,133 M"
05/18/2026,1630,ENVX,5.93,-2.95%,Industrials,2.167,0.37,($0.60),16.49,4.615,6.63,5.91,8.16,-3.0,-0.82,-0.14,"7,848,744",-100090.03,6143244.7,6163717.95,95.8,22.52,-12.15,-18.66,7.18,5.49,-5.49,8.03,50.0,"1,294 M"
05/18/2026,1630,ENZL,44.0256,-0.01%,,.8902,0.84,<empty>,48.24,41.6875,44.61,44.18,45.48,-5.0,-0.77,-0.3,"10,553",0.0,23246.73,33211.13,-74.53,-0.54,-1.3,-2.88,48.55,42.34,-42.34,46.05,NaN,70 M
05/18/2026,1630,EOG,142.99,+1.95%,Energy,.3141,3.98,$7.36,151.87,101.5936,135.99,137.15,118.78,6.0,0.26,0.87,"3,155,570",-100039.41,4509560.51,4895908.04,-12.09,3.98,0.97,5.97,152.34,119.56,152.34,-129.07,56.0,"76,161 M"
05/18/2026,1630,EPD,39.46,+0.59%,Energy,.4976,0.65,$1.37,39.93,30.01,38.25,37.88,33.8,6.0,0.38,0.76,"6,929,954",100225.03,4613294.45,4519791.63,29.64,6.53,2.04,3.06,40.35,35.56,-35.56,-37.07,49.0,"85,372 M"
05/18/2026,1630,EPHE,24.54,-0.41%,,.5935,0.36,<empty>,28.4,23.17,24.68,24.88,25.46,-5.0,-0.45,-0.63,"106,257",200100.49,127008.14,146549.09,94.62,-0.28,0.95,-0.97,28.57,24.34,-24.34,26.07,NaN,131 M
05/18/2026,1630,EPOL,39.66,+2.59%,,1.062,0.67,<empty>,40.9399,29.03,38.97,37.68,35.26,1.0,0.55,0.37,"494,282",100040.17,490217.98,532710.29,35.87,12.48,4.37,0.23,41.21,34.4,41.21,40.08,NaN,629 M
05/18/2026,1630,EPR,58.34,+1.73%,Real Estate,1.057,1.2,$5.71,62.08,48.105,56.81,54.79,54.15,-5.0,0.84,-0.59,"449,171",-300635.41,820294.24,851185.6,-35.07,5.98,5.59,0.29,62.56,48.35,-48.35,59.07,50.0,"4,463 M"
05/18/2026,1630,EPU,80.22,+0.26%,,.7788,2.43,<empty>,95.28,44.66,81.17,81.48,71.56,-3.0,-0.34,-0.57,"23,396",0.0,94004.03,111462.31,-54.78,2.52,3.03,-5.1,95.55,74.4,-74.4,85.03,NaN,497 M
05/18/2026,1630,EQR,65.43,+2.43%,Real Estate,.7738,0.59,$4.27,71.52,57.57,64.66,61.99,62.45,1.0,-0.83,0.28,"1,794,003",-100122.05,2603802.76,2576244.84,-52.33,9.32,0.29,-0.61,67.09,58.4,67.09,67.09,54.0,"24,515 M"
05/18/2026,1630,EQRR,77.2578,+0.29%,,.9198,0.84,<empty>,77.53,57.39,75.43,71.96,66.15,-2.0,-0.94,-0.43,"26,765",200000.34,19129.77,14988.27,95.37,12.94,2.25,0.97,77.09,67.45,-67.45,78.02,NaN,55 M
05/18/2026,1630,EQT,57.45,+2.19%,Energy,.5991,1.4,$6.55,68.24,48.47,57.76,60.4,56.29,4.0,0.15,0.59,"5,948,727",0.0,8089477.11,8479235.12,-9.85,-9.56,-2.76,2.72,68.35,55.03,68.35,-55.03,44.0,"35,934 M"
05/18/2026,1630,ESI,39.88,-5.81%,Materials,1.261,1.22,$0.50,45.515,20.8,41.91,37.37,29.76,-5.0,-0.71,-0.16,"3,926,895",300537.14,3125379.52,3268603.19,-12.53,26.12,-6.82,-9.83,45.08,29.49,46.05,46.05,51.0,"9,715 M"
05/18/2026,1630,ESPO,89.85,+0.48%,,1.009,0.83,<empty>,122.986,86.92,91.28,91.17,104.64,1.0,-0.65,0.46,"14,928",0.0,17874.0,20546.64,-58.49,-1.02,-1.19,-1.24,97.21,87.34,97.21,93.17,NaN,252 M
05/18/2026,1630,ESS,272.24,+1.94%,Real Estate,.7322,2.8,$16.77,294.09,238.46,263.93,254.43,257.64,1.0,0.98,0.53,"532,189",-200020.02,485667.52,477403.26,-25.97,10.35,2.86,0.11,270.13,238.35,-238.35,-253.17,49.0,"17,495 M"
05/18/2026,1630,ET,20.19,+0.20%,Energy,.5663,0.28,$0.98,20.665,16.18,19.73,19.27,17.78,-2.0,0.7,-0.54,"9,213,702",500224.1,1.638881708E7,1.610547671E7,-61.25,8.2,0.55,0.45,21.09,18.48,21.09,21.09,54.0,"69,477 M"
05/18/2026,1630,ETH,20.16,-4.45%,,2.354,0.6,<empty>,45.785,17.065,21.8,21.09,29.37,-2.0,-0.82,-0.49,"4,535,269",100474.53,3774386.81,4593273.01,283.06,-2.66,-9.88,-5.88,23.21,17.58,23.21,23.09,NaN,"1,930 M"
05/18/2026,1630,ETH-USD,-71.97,-3.43%,,3.946,9.12,<empty>,4.9275,-84.005,-63.75,-46.28,-26.19,2.0,0.07,0.45,"1,406,013",200869.01,943051.51,904541.39,22.36,127.32,30.17,-8.01,-22.66,-79.97,-23.02,84.17,NaN,"-2,151 M"
05/18/2026,1630,ETHA,16.00,-4.53%,,2.21,0.48,<empty>,36.8,13.62,17.34,16.79,23.52,-2.0,-0.82,-0.49,"30,560,026",0.0,3.145825491E7,3.297823041E7,61.5,-3.03,-9.96,-5.99,19.21,14.58,19.21,18.09,NaN,"6,620 M"
05/18/2026,1630,ETHE,17.19,-4.61%,,3.274,0.52,<empty>,40.135,14.71,18.63,18.07,25.52,-2.0,-0.82,-0.49,"4,250,840",0.0,2751267.45,3310622.29,246.54,-3.43,-10.14,-6.01,20.21,15.58,20.21,19.09,NaN,"1,728 M"
05/18/2026,1630,ETSY,58.83,+1.31%,Consumer Discretionary,1.774,3.51,$6.75,76.515,44.0,62.67,57.15,58.8,2.0,-0.54,0.09,"3,040,521",100462.14,2955321.34,3407217.18,-41.01,8.7,-8.14,2.49,71.13,44.62,71.13,-56.03,50.0,"5,583 M"
05/18/2026,1630,EWA,28.81,+0.31%,,.9923,0.39,<empty>,30.4799,24.94,29.25,28.9,27.52,-5.0,-0.38,-0.26,"3,534,183",-100126.52,3686393.14,4341022.87,62.56,2.89,-0.24,-1.06,30.21,27.34,30.21,30.08,NaN,"1,308 M"
05/18/2026,1630,EWC,57.56,+0.21%,,.8673,0.41,<empty>,58.89,43.65,57.9,56.62,53.2,-2.0,-0.63,-0.36,"4,457,363",100214.13,2501289.43,2617159.48,81.28,5.02,-0.57,-0.31,59.19,53.4,59.19,59.11,NaN,"5,388 M"
05/18/2026,1630,EWD,50.48,+1.84%,,1.095,0.72,<empty>,54.93,42.99,51.38,50.73,49.36,1.0,-0.46,0.28,"129,294",-100022.33,163764.54,167301.04,-47.38,2.66,0.4,-0.51,55.55,47.4,-47.4,53.17,NaN,307 M
05/18/2026,1630,EWG,42.34,+2.34%,,.9607,0.54,<empty>,44.65,37.975,42.18,41.17,41.84,1.0,0.77,0.37,"1,061,895",200133.34,2442193.19,2316885.79,-49.12,6.49,2.07,0.43,45.55,38.35,-38.35,44.08,NaN,"1,448 M"
05/18/2026,1630,EWH,23.97,-0.37%,,.3896,0.37,<empty>,24.66,18.69,23.82,23.4,22.38,-3.0,-0.75,-0.5,"2,666,564",100226.34,4873969.09,5295603.82,-11.9,5.83,2.26,-2.36,25.07,21.38,25.07,25.07,NaN,"1,098 M"
05/18/2026,1630,EWI,58.40,+1.28%,,.8838,0.94,<empty>,59.665,45.79,57.95,55.76,53.72,-5.0,-0.74,-0.33,"836,824",200134.4,495129.27,512699.25,485.4,11.43,3.77,-0.87,60.08,50.4,60.08,60.08,NaN,648 M
05/18/2026,1630,EWJ,90.92,-0.16%,,.6889,1.84,<empty>,94.28,71.09,89.62,87.27,84.03,-3.0,-0.69,-0.61,"7,863,817",300238.5,8275974.26,9295369.6,38.84,8.05,3.18,-2.33,93.55,81.4,-81.4,93.03,NaN,"21,084 M"
05/18/2026,1630,EWJV,44.98,-0.29%,,.4759,0.98,<empty>,47.69,33.5,43.63,43.1,41.11,-2.0,0.57,-0.76,"37,997",200000.06,196642.38,224053.38,-88.05,7.2,4.87,-1.03,47.55,40.4,-40.4,46.03,NaN,693 M
05/18/2026,1630,EWK,26.2544,+0.25%,,.6866,0.48,<empty>,27.6299,21.3,25.89,25.26,24.5,-5.0,-0.73,-0.53,"5,480",-100100.06,67850.42,56659.33,-50.45,9.3,3.22,-0.88,28.62,23.4,-23.4,27.08,NaN,99 M
05/18/2026,1630,EWM,29.45,-0.84%,,.4842,0.4,<empty>,30.635,23.342,29.71,29.12,27.37,-7.0,-0.56,-0.44,"177,969",-200134.37,327697.65,373154.6,23.67,0.37,-0.3,-2.52,31.07,28.29,31.07,31.07,NaN,375 M
05/18/2026,1630,EWN,64.27,-0.28%,,1.141,1.42,<empty>,66.19,50.56,63.69,61.27,58.83,-2.0,-0.87,-0.39,"98,863",-100027.05,133229.01,128267.63,101.9,10.16,3.58,-1.64,66.08,55.34,-55.34,66.02,NaN,495 M
05/18/2026,1630,EWO,39.32,+0.95%,,.8024,0.5,<empty>,40.37,27.56,39.17,37.38,34.45,-5.0,-0.7,-0.34,"17,739",100100.44,35326.51,40314.09,158.82,12.63,2.24,-0.58,40.21,34.4,40.21,40.07,NaN,130 M
05/18/2026,1630,EWP,56.47,+1.51%,,.6733,0.69,<empty>,58.99,42.35,56.36,55.4,52.55,1.0,-0.52,0.38,"203,180",300124.04,544427.9,563181.74,109.87,6.03,2.92,0.07,59.21,51.4,59.21,58.07,NaN,"1,677 M"
05/18/2026,1630,EWQ,44.83,+1.52%,,.8429,0.62,<empty>,48.39,40.91,45.19,44.54,44.57,1.0,-0.6,0.35,"350,866",-100016.06,510505.7,494537.14,88.87,3.99,1.26,-0.69,48.56,42.4,-42.4,47.08,NaN,386 M
05/18/2026,1630,EWS,29.19,+0.83%,,.5402,0.29,<empty>,29.6699,24.845,28.85,28.49,28.27,1.0,0.68,0.58,"729,056",-300018.06,884810.76,904697.43,66.05,4.36,2.57,-0.68,30.21,27.51,30.21,29.03,NaN,806 M
05/18/2026,1630,EWUS,41.65,+1.77%,,1.035,0.59,<empty>,45.0422,38.02,42.17,41.39,41.53,1.0,-0.56,0.26,"6,319",0.0,3888.86,4476.11,370.92,3.79,0.36,-0.62,45.56,38.34,-38.34,43.08,NaN,42 M
05/18/2026,1630,EWW,77.90,+0.89%,,.7821,1.69,<empty>,81.6499,57.282,78.05,76.39,70.9,-3.0,-0.56,-0.5,"932,215",100039.51,1687550.18,1886544.38,-27.83,7.63,2.97,-2.95,82.55,70.4,-70.4,81.02,NaN,"2,166 M"
05/18/2026,1630,EWY,176.10,-1.54%,,1.394,11.89,<empty>,194.58,58.19,169.35,147.31,109.19,-5.0,-0.88,-0.44,"17,110,577",200875.5,2.068757629E7,2.309861874E7,48.88,33.53,7.65,-6.64,190.06,115.33,195.05,195.05,NaN,"21,854 M"
05/18/2026,1630,EWZ,36.74,+1.41%,,.6999,1.18,<empty>,42.02,26.193816,38.96,38.55,33.86,1.0,0.0,0.06,"22,308,785",-100335.04,3.077628493E7,3.325812562E7,58.17,1.32,-5.89,-0.11,42.24,35.4,42.24,41.17,NaN,"10,721 M"
05/18/2026,1630,EWZS,14.01,+0.79%,,.807,0.49,<empty>,16.46,11.72,14.94,14.8,14.01,1.0,-0.12,0.11,"377,372",-200431.04,558561.24,721157.21,133.3,1.97,-5.21,-0.28,16.19,13.4,16.19,16.17,NaN,255 M
05/18/2026,1630,EXAS,104.91,0.00%,Health Care,1.418,0.41,$1.89,104.98,38.8118,103.57,103.02,74.29,6.0,0.02,0.29,<empty>,-100037.01,2640344.92,2627886.23,1111.65,2.5,1.36,0.93,104.09,101.61,-101.61,-103.15,34.0,"20,026 M"
05/18/2026,1630,EXP,196.63,+1.01%,Materials,1.369,6.11,$7.15,243.64,171.99,206.16,196.48,217.37,-8.0,-0.73,-0.29,"571,405",-100535.58,406050.38,420452.65,109.28,7.13,-3.98,-1.37,239.6,172.4,-172.4,221.07,1.0,"6,181 M"
05/18/2026,1630,EXPD,156.77,+0.85%,Industrials,1.054,4.59,$6.83,167.19,109.9,151.02,146.84,139.81,1.0,0.66,0.91,"651,196",0.0,1128217.85,1270452.61,-33.92,8.4,12.21,0.62,157.06,135.58,-135.58,-136.1,53.0,"20,504 M"
05/18/2026,1630,EXPE,214.99,-1.26%,Consumer Discretionary,1.256,15.09,$33.16,303.8,156.05,240.67,238.55,238.01,2.0,-0.41,0.13,"1,592,102",100753.52,1772088.25,2277491.53,-6.29,-10.44,-12.78,-1.18,280.19,185.59,280.19,257.17,56.0,"25,804 M"
05/18/2026,1630,EXR,139.27,+1.73%,Real Estate,1.202,2.24,$8.69,155.19,125.71,141.79,138.96,139.39,-4.0,-0.56,-0.37,"908,571",100032.15,1201148.26,1220585.59,-64.02,2.13,-0.04,-2.2,155.59,128.37,-128.37,146.04,50.0,"29,422 M"
05/18/2026,1630,EYE,17.32,-0.74%,Consumer Discretionary,1.025,2.4,$1.33,30.02,14.75,22.06,24.48,25.87,1.0,0.0,0.01,"2,585,555",100664.03,1835483.32,1762456.34,35.91,-38.1,-20.95,2.36,30.52,15.03,30.52,-15.03,54.0,"1,388 M"
05/18/2026,1630,EZA,67.82,+0.68%,,.7866,1.9,<empty>,81.755,50.5429,69.56,69.19,67.34,-5.0,-0.49,-0.44,"195,365",0.0,234805.25,276362.5,14.99,2.98,1.04,-4.17,82.55,62.4,-62.4,73.07,NaN,712 M
05/18/2026,1630,F,13.03,-2.76%,Consumer Discretionary,1.712,0.81,$2.40,14.94,9.88,12.49,12.17,12.61,-2.0,1.0,-0.9,"69,409,813",200552.03,5.305454434E7,5.695807602E7,56.76,10.52,13.3,-3.98,15.56,11.34,-11.34,15.02,50.0,"51,921 M"
05/18/2026,1630,FAF,68.61,+2.24%,Financials,1.289,1.36,$8.00,71.47,53.09,68.81,64.81,64.24,1.0,-0.69,0.36,"471,689",-200239.41,977240.34,982501.45,-40.43,7.25,0.44,2.62,71.54,56.4,-56.4,71.15,45.0,"6,991 M"
05/18/2026,1630,FANG,205.62,+1.01%,Energy,.4552,6.7,($1.65),214.51,132.2,199.4,193.2,161.0,6.0,0.47,0.53,"1,537,369",100239.48,3252196.46,3279996.09,-17.51,8.4,-3.78,2.25,215.1,164.56,215.1,-187.07,53.0,"57,844 M"
05/18/2026,1630,FAST,44.00,+1.71%,Industrials,.7527,0.58,$1.01,50.63,38.9703,44.41,45.23,44.76,1.0,0.26,0.38,"6,296,234",-100137.41,7425433.71,7463846.15,11.82,-2.4,-1.96,0.53,50.26,43.05,-43.05,-43.05,37.0,"50,514 M"
05/18/2026,1630,FCFS,224.96,-0.70%,Financials,.5084,4.49,$12.47,235.97,119.205,221.11,205.7,170.99,-5.0,-0.82,-0.25,"256,579",100540.32,365091.92,346607.22,-37.13,18.35,1.56,0.32,231.07,176.58,236.04,236.04,51.0,"9,862 M"
05/18/2026,1630,FCG,31.12,+1.04%,,.5366,0.9,<empty>,33.03,21.76,30.25,30.32,25.6,5.0,0.2,0.76,"993,848",-200133.33,1440162.99,1358918.66,49.17,2.64,-1.74,4.46,33.34,26.56,33.34,-29.07,NaN,812 M
05/18/2026,1630,FDX,369.72,-1.61%,Industrials,1.346,11.32,$18.48,404.03,214.35,381.38,369.72,300.27,-1.0,-0.15,-0.38,"1,417,295",-200636.11,1773698.07,1753851.13,17.12,5.71,3.33,0.01,404.12,341.34,404.12,-354.1,24.0,"88,218 M"
05/18/2026,1630,FICO,1181.82,+7.58%,Information Technology,1.215,40.19,$36.29,2217.6,870.01,1058.37,1080.37,1448.87,1.0,0.8,0.75,"428,992",-500882.19,403577.5,371134.94,34.62,-1.82,11.49,11.01,1494.51,870.18,-870.18,-932.17,50.0,"27,407 M"
05/18/2026,1630,FISV,56.66,+2.40%,Financials,.7792,3.46,$7.64,177.36,52.17,58.71,58.11,83.6,3.0,0.81,0.14,"8,387,608",-100146.1,6366959.56,6631742.36,104.56,-0.7,-9.79,8.19,65.19,52.03,65.19,-52.03,45.0,"30,214 M"
05/18/2026,1630,FIVE,218.36,+2.21%,Consumer Discretionary,.9517,9.27,$7.47,251.63,103.95,226.03,225.5,183.7,3.0,0.02,0.28,"966,043",100747.42,1167159.75,1111593.58,-5.93,2.77,-5.51,3.99,252.19,204.04,-204.04,-204.04,11.0,"12,074 M"
05/18/2026,1630,FLG,13.34,+0.83%,Financials,.9982,0.32,$0.44,14.92,10.38,13.97,13.54,12.68,-6.0,-0.33,-0.09,"3,396,062",-200036.17,4878696.74,5039663.36,-37.31,7.93,-3.75,-2.63,15.16,12.46,15.16,15.16,47.0,"5,560 M"
05/18/2026,1630,FLNG,32.39,+0.81%,Energy,.208,0.43,$2.04,33.4,21.72,32.01,30.82,27.15,1.0,-0.66,0.19,"679,342",-100541.41,567295.91,626501.43,77.17,7.68,-0.18,2.27,33.09,27.55,33.09,-31.02,71.0,"1,752 M"
05/18/2026,1630,FLO,7.33,+2.09%,Consumer Staples,.4112,0.59,$1.51,17.29,7.004,8.4,8.4,11.26,1.0,-0.33,0.2,"12,931,978",-300360.02,6289193.86,6233728.25,138.48,-12.95,-12.22,-5.17,10.58,8.03,10.58,9.11,3.0,"1,553 M"
05/18/2026,1630,FLUT,97.29,+5.32%,Consumer Discretionary,1.237,5.17,$2.67,313.685,91.52,102.66,104.85,194.23,1.0,0.75,0.41,"2,003,411",-100461.56,3109691.09,3664623.65,-41.58,-8.65,-6.85,2.4,129.62,92.03,129.62,115.15,56.0,"16,864 M"
05/18/2026,1630,FND,44.98,+3.43%,Consumer Discretionary,1.605,2.44,$0.98,92.405,43.325,48.97,51.36,66.19,1.0,-0.3,0.29,"2,996,388",100564.12,3117836.64,2971664.79,56.67,-16.98,-6.72,-1.38,73.6,44.03,73.6,53.07,51.0,"4,862 M"
05/18/2026,1630,FNF,49.51,+3.30%,Financials,.9841,1.74,$20.19,61.4025,42.78,50.45,48.34,54.68,2.0,0.6,0.18,"1,311,949",-200345.41,2034726.48,2027919.34,-15.33,3.88,-3.11,4.3,58.62,43.4,-43.4,-47.07,55.0,"13,326 M"
05/18/2026,1630,FORM,117.42,-7.01%,Information Technology,1.235,9.52,$0.47,159.09,26.08,139.2,119.43,70.61,-5.0,-0.03,0.0,"2,068,218",-301088.05,1853454.89,1750987.58,-16.1,22.08,-12.61,-9.19,159.16,81.49,159.16,159.16,50.0,"9,153 M"
05/18/2026,1630,FOUR,42.50,+1.14%,Financials,1.409,1.79,$5.00,108.5,39.6062,44.21,44.78,65.11,3.0,0.61,0.42,"1,425,443",202079.39,1950741.9,2275895.61,3.7,-3.37,-3.39,3.99,60.6,40.04,-40.04,-40.04,53.0,"3,371 M"
05/18/2026,1630,FOXA,65.87,+1.57%,Communication Services,.5377,1.77,$4.87,76.39,52.96,64.14,61.52,63.17,1.0,0.82,0.7,"2,282,864",-200241.34,3457973.8,3638076.07,15.25,14.26,5.63,-0.9,66.17,53.57,68.04,68.04,54.0,"27,678 M"
05/18/2026,1630,FR,61.52,+1.13%,Real Estate,1.093,0.57,$3.48,64.66,47.36,62.08,60.73,56.8,1.0,-0.47,0.28,"577,291",-100347.41,939377.43,978644.94,-39.27,2.55,0.75,-0.55,65.19,57.4,65.19,65.17,45.0,"8,156 M"
05/18/2026,1630,FROG,67.91,+2.65%,Information Technology,1.031,8.43,$1.28,72.06,34.05,55.23,48.78,51.54,-5.0,1.0,-0.71,"1,655,510",100668.07,2823590.01,3382481.56,-40.76,54.8,29.16,5.81,72.06,34.58,72.06,72.06,56.0,"8,225 M"
05/18/2026,1630,FRPT,48.45,-1.82%,Consumer Staples,1.737,6.88,$0.96,89.8,46.76,58.83,63.5,61.76,3.0,-0.03,0.36,"1,548,004",-401159.09,1686486.89,1699637.31,138.88,-25.58,-23.77,-0.37,86.51,48.03,86.51,68.11,53.0,"2,381 M"
05/18/2026,1630,FRT,114.93,+1.56%,Real Estate,.9607,1.73,$6.02,117.22,89.99,113.45,109.39,102.35,1.0,-0.78,0.31,"725,553",200316.12,861403.12,868197.47,1.66,8.89,0.4,0.7,117.08,102.37,117.08,117.08,54.0,"9,929 M"
05/18/2026,1630,FSLY,16.71,-1.71%,Information Technology,.5322,5.31,$0.28,34.82,6.29,23.52,25.37,13.9,1.0,0.0,0.13,"8,698,081",0.0,1.298728962E7,1.347098478E7,29.69,-37.83,-39.21,-8.74,35.28,16.58,35.28,33.09,55.0,"2,615 M"
05/18/2026,1630,FTNT,126.50,+3.03%,Information Technology,.9879,15.44,$3.24,126.61,70.12,98.84,88.54,83.43,-2.0,1.0,-0.96,"5,613,472",100350.08,6090252.13,6175767.96,44.29,51.7,41.75,7.49,115.06,74.58,-74.58,-82.17,55.0,"92,680 M"
05/18/2026,1630,FTV,59.01,+0.49%,Industrials,1.075,0.84,$2.98,62.805,46.34,60.38,58.13,53.66,1.0,-0.39,0.16,"2,340,426",0.0,3112728.26,3167345.9,-26.35,7.6,-1.78,-0.69,63.12,53.34,63.12,63.12,50.0,"17,990 M"
05/18/2026,1630,FTWO,44.65,+0.11%,,.7961,0.64,<empty>,49.658,32.95,45.61,45.94,42.21,-4.0,-0.11,-0.5,"5,873",-100000.33,13441.59,14953.96,2.43,-3.12,-1.87,-3.01,50.54,44.4,-44.4,47.05,NaN,77 M
05/18/2026,1630,FUTU,131.70,-2.18%,Financials,.3919,9.92,$37.57,199.9299,97.9,150.67,147.21,162.07,-2.0,-0.13,-0.01,"1,385,704",200174.03,1630120.63,1591915.12,24.33,-7.3,-15.6,-7.73,169.21,128.34,169.21,169.08,7.0,"18,464 M"
05/18/2026,1630,FUTY,56.81,+0.21%,,.637,1.12,<empty>,61.51,51.05,58.76,59.22,57.34,-2.0,-0.02,-0.21,"359,674",200218.18,384434.92,363503.5,95.47,-5.63,-5.08,-1.61,62.55,57.4,62.55,61.11,NaN,"2,324 M"
05/18/2026,1630,FWONK,90.99,+1.62%,Communication Services,.664,2.71,$2.95,109.3626,80.15,89.2,87.37,93.92,-5.0,-0.93,-0.54,"1,324,447",100034.17,2042991.83,2159756.28,-45.01,6.82,3.2,-0.95,96.06,80.35,96.06,96.06,55.0,"22,803 M"
05/18/2026,1630,FWRG,11.01,-1.96%,Consumer Discretionary,1.058,0.77,($0.17),19.53,10.09,12.26,11.9,15.45,2.0,-0.55,0.32,"1,295,205",100165.58,1530228.33,1784027.06,22.44,-10.63,-9.83,2.13,16.62,10.34,-10.34,-11.02,53.0,679 M
05/18/2026,1630,FXA,71.0264,+0.33%,,.3858,0.39,<empty>,72.02,63.2808,71.22,70.29,67.1,-5.0,-0.51,-0.31,"16,211",-100008.36,20799.49,20921.84,350.64,1.93,0.03,-1.1,72.07,68.34,-68.34,72.03,NaN,107 M
05/18/2026,1630,FXB,129.10,+0.85%,,.2801,0.83,<empty>,133.11,125.02,130.0,129.18,129.06,1.0,-0.36,0.07,"88,065",-200010.02,41383.79,34486.43,608.64,1.13,-0.78,-0.72,131.11,127.33,131.05,131.05,NaN,90 M
05/18/2026,1630,FXC,71.115,+0.09%,,.2214,0.27,<empty>,72.469,69.08,71.48,71.18,70.76,-11.0,-0.48,-0.22,"8,108",100007.59,35500.51,49358.21,27.58,-0.13,-0.93,-0.25,72.48,70.33,-70.33,72.11,NaN,75 M
05/18/2026,1630,FXE,107.51,+0.24%,,.1769,0.41,<empty>,111.535,103.6008,108.06,107.5,107.78,-5.0,-0.54,-0.25,"68,397",-400006.2,217665.88,217574.83,-79.89,1.59,-0.36,-0.49,109.21,105.45,109.21,109.05,NaN,414 M
05/18/2026,1630,FXF,112.46,+0.25%,,.1991,0.51,<empty>,116.2999,106.1513,112.65,112.21,111.6,-6.0,-0.49,-0.27,"59,654",0.0,85170.41,102470.67,67.49,0.95,-0.12,-0.33,115.55,110.33,-110.33,114.06,NaN,489 M
05/18/2026,1630,FXI,36.16,-0.11%,,.3012,0.57,<empty>,42.0,34.77,36.88,36.44,38.6,-3.0,-0.82,-0.37,"23,120,860",100327.04,3.051412701E7,3.176618827E7,15.75,-0.11,-1.07,-5.49,39.59,35.35,-35.35,38.03,NaN,"5,945 M"
05/18/2026,1630,FXY,57.80,-0.09%,,.2069,0.38,<empty>,64.72,57.225,58.03,57.85,59.61,-8.0,-0.71,-0.26,"187,824",200010.11,203230.77,192198.31,18.0,0.59,-1.1,-0.64,60.62,57.13,-57.13,59.08,NaN,439 M
05/18/2026,1630,FYBR,38.49,0.00%,Communication Services,.9018,0.13,($5.68),38.5,36.04,38.18,38.03,37.09,4.0,0.57,0.8,<empty>,300009.01,3493880.5,3089356.02,793.29,1.8,1.1,0.68,38.18,37.6,-37.6,-38.17,22.0,"9,636 M"
05/18/2026,1630,GAP,20.73,-1.52%,Consumer Discretionary,1.976,1.49,$2.21,29.36,18.685,23.61,24.28,24.44,3.0,-0.02,0.26,"6,694,869",-300352.35,7530389.48,7844191.61,18.33,-13.73,-12.42,-1.38,29.6,21.03,29.6,26.17,7.0,"7,574 M"
05/18/2026,1630,GD,343.11,+2.57%,Industrials,.3341,4.05,$22.98,369.7,268.1,336.16,342.89,340.67,1.0,0.63,0.51,"983,005",100025.14,1415529.0,1371493.06,-54.69,-2.9,-1.71,0.51,367.52,307.14,-307.14,354.1,45.0,"92,787 M"
05/18/2026,1630,GDAXI:DE,24307.92,+1.49%,,<empty>,280.35,<empty>,25507.79,21863.81,24249.37,23733.22,24116.6,1.0,-0.71,0.38,<empty>,NaN,NaN,NaN,NaN,3.16,1.32,0.71,25406.53,21864.37,-21864.37,25153.08,NaN,0
05/18/2026,1630,GDX,87.14,-0.24%,,.6419,4.32,<empty>,117.175,46.65,91.32,92.69,84.31,-3.0,-0.41,-0.59,"16,831,559",200259.4,2.442757937E7,2.464228429E7,-33.48,-1.1,1.74,-9.45,117.54,79.4,-79.4,99.05,NaN,"26,530 M"
05/18/2026,1630,GDXJ,115.47,-0.77%,,.8348,6.25,<empty>,157.49,59.26,121.02,122.19,110.48,-3.0,-0.44,-0.61,"4,256,874",-100266.54,5356717.28,5355226.05,-18.92,-0.77,2.1,-10.45,157.54,103.4,-103.4,131.05,NaN,"8,561 M"
05/18/2026,1630,GE,285.99,+1.58%,Industrials,1.364,7.82,$7.07,348.48,228.0063,289.43,295.76,299.67,-5.0,-0.45,-0.5,"4,690,798",-300440.19,6146585.4,5906249.04,-44.27,-4.97,1.95,-2.96,348.57,269.18,-269.18,310.07,41.0,"298,384 M"
05/18/2026,1630,GEL,16.24,+0.93%,Energy,.7294,0.52,($0.05),18.64,14.55,16.63,17.23,16.62,3.0,0.05,0.3,"290,900",100340.2,300307.51,287156.9,35.77,-7.46,-3.96,3.18,19.51,16.03,19.51,-16.03,51.0,"1,989 M"
05/18/2026,1630,GII,75.48,+0.81%,,.6316,0.79,<empty>,78.95,65.65,76.38,76.35,72.33,-2.0,0.0,-0.35,"102,359",200019.04,98756.12,86413.52,291.54,-0.36,-1.66,-0.7,79.55,74.4,-74.4,78.11,NaN,962 M
05/18/2026,1630,GIL,56.37,-0.21%,Consumer Discretionary,1.066,1.96,$2.16,73.695,46.0,58.72,58.03,59.82,-8.0,-0.47,-0.45,"770,075",100140.5,1195201.09,1330582.1,-17.67,-3.58,-2.83,-0.56,73.62,53.34,-53.34,63.11,51.0,"10,439 M"
05/18/2026,1630,GIS,33.45,+1.39%,Consumer Staples,-.0386,0.78,$3.05,55.35,32.79,34.51,36.2,44.68,1.0,0.46,0.54,"10,504,273",-200137.41,9783274.4,9386680.45,0.35,-11.01,-2.85,-0.48,46.58,33.05,46.58,36.07,25.0,"17,852 M"
05/18/2026,1630,GK,28.3252,-1.37%,Industrials,1.39,0.73,<empty>,29.31,21.5732,27.74,25.9,25.78,-2.0,-0.94,-0.37,503,100020.45,1000.69,1082.51,-66.76,14.89,3.08,-2.22,29.08,23.34,-23.34,29.02,NaN,30 M
05/18/2026,1630,GLASF,9.99,+2.99%,Consumer Staples,.6155,0.26,($0.44),10.63,4.55,9.62,8.68,8.0,3.0,0.61,0.27,"159,477",-100800.18,232805.04,216003.72,-49.22,30.59,3.95,10.46,11.15,7.5,11.15,11.15,60.0,840 M
05/18/2026,1630,GLBE,28.87,+3.51%,Consumer Discretionary,1.543,1.64,$1.65,41.94,26.845,30.81,31.7,34.96,1.0,-0.28,0.23,"1,760,866",0.0,1338157.39,1579240.93,72.37,-15.14,-10.9,4.83,38.6,27.03,38.6,-27.03,59.0,"4,849 M"
05/18/2026,1630,GLD,418.43,+0.27%,,.1641,6.88,<empty>,509.7,296.482,426.78,433.28,398.03,-4.0,-0.32,-0.55,"5,591,212",0.0,1.002408612E7,1.083603288E7,-27.61,-5.92,0.9,-2.8,492.54,399.38,-399.38,437.07,NaN,"151,974 M"
05/18/2026,1630,GLIN,44.03,-1.15%,,.7117,0.73,<empty>,48.39,38.705,45.16,43.71,45.19,-2.0,-0.68,-0.13,"10,156",100116.54,33901.81,109640.82,89.93,4.93,-0.83,-1.48,47.21,39.34,47.21,47.07,NaN,96 M
05/18/2026,1630,GM,73.10,-2.35%,Consumer Discretionary,1.297,1.53,$15.77,87.62,46.815,77.09,76.03,71.55,-2.0,-0.31,-0.26,"5,649,437",100139.15,6998962.3,7295748.82,-62.44,-0.58,-3.43,-3.57,84.62,72.29,-72.29,79.08,44.0,"65,912 M"
05/18/2026,1630,GME,21.91,+1.48%,Consumer Discretionary,1.759,1.45,$1.33,35.81,19.93,24.04,23.72,23.23,1.0,-0.17,0.05,"4,804,978",100474.1,8057729.04,7320211.3,11.05,-6.21,-8.1,-0.77,27.11,22.03,27.11,27.11,15.0,"9,824 M"
05/18/2026,1630,GO,7.59,+2.57%,Consumer Staples,.671,0.24,$0.04,19.41,5.655,7.88,7.18,11.56,-6.0,-0.89,-0.55,"4,706,998",-201676.03,3936299.89,4050361.18,107.62,27.78,-4.65,-1.94,11.61,6.49,-6.49,9.02,54.0,751 M
05/18/2026,1630,GOLF,86.03,+0.74%,Consumer Discretionary,.8434,4.37,$1.48,104.81,67.14,92.29,93.75,86.63,3.0,0.0,0.21,"300,291",-200627.09,341989.39,355774.45,30.05,-8.56,-7.93,1.75,104.59,84.03,104.59,-84.03,55.0,"5,037 M"
05/18/2026,1630,GOOG,393.11,-0.05%,Communication Services,1.081,12.67,$5.33,404.47,163.33,373.07,332.68,292.26,-8.0,-0.91,-0.42,"18,478,075",100335.13,1.870153546E7,1.926437644E7,-0.13,28.34,3.55,-1.49,398.06,272.34,-272.34,-334.16,46.0,"4,762,702 M"
05/18/2026,1630,GOOGL,396.94,+0.04%,Communication Services,1.082,12.9,$5.33,408.61,162.0,375.87,334.71,292.33,-8.0,-0.91,-0.43,"26,291,836",100335.13,2.769337881E7,2.907297649E7,-5.51,29.01,3.57,-1.41,402.06,272.34,-272.34,-335.16,46.0,"4,809,104 M"
05/18/2026,1630,GOOS,9.50,-0.73%,Consumer Discretionary,1.654,0.79,$1.11,15.425,8.86,11.23,11.1,12.46,-6.0,-0.08,0.0,"640,371",-200252.02,439648.32,460321.98,102.66,-13.08,-14.87,-11.05,13.6,10.34,13.6,12.08,55.0,923 M
05/18/2026,1630,GPI,317.18,+1.14%,Consumer Discretionary,.8409,13.58,$30.78,488.39,292.44,340.63,330.92,388.72,-6.0,-0.63,-0.16,"159,829",200143.41,166312.83,165308.28,8.97,2.81,-3.88,-3.23,374.11,292.42,374.11,374.11,46.0,"3,774 M"
05/18/2026,1630,GPN,68.67,+1.61%,Financials,.7527,1.66,$4.27,90.635,62.45,69.43,69.09,77.52,2.0,0.63,0.35,"2,817,531",0.0,3251165.26,3607973.21,57.31,-1.39,-4.36,2.48,83.6,62.29,-62.29,-66.03,54.0,"18,784 M"
05/18/2026,1630,GRID,189.22,-1.33%,,1.262,4.09,<empty>,199.99,127.1,190.89,178.16,160.8,-5.0,-0.81,-0.23,"707,906",100024.17,705942.9,676446.06,15.16,13.57,-0.33,-4.08,199.07,157.34,200.05,200.05,NaN,"10,672 M"
05/18/2026,1630,GRMN,226.89,+0.50%,Consumer Discretionary,.9383,7.59,$7.54,273.32,186.67,245.03,244.49,228.31,1.0,-0.28,0.15,"729,041",0.0,766844.2,892087.68,-33.47,-2.03,-4.91,-2.21,273.21,225.34,273.21,269.17,50.0,"43,757 M"
05/18/2026,1630,GRNY,26.64,-0.52%,,1.292,0.28,<empty>,27.28,20.26,26.71,25.43,24.97,-2.0,-0.83,-0.26,"1,958,950",0.0,2076610.11,2174053.41,41.05,9.77,0.0,-1.22,27.08,23.34,-23.34,27.02,NaN,"4,350 M"
05/18/2026,1630,GS,946.36,-0.22%,Financials,1.264,18.07,($135.91),984.7,582.5,933.44,883.7,843.43,-2.0,-0.82,-0.45,"1,507,610",100232.26,2045976.02,2164162.99,0.4,17.49,4.77,-0.95,952.19,781.45,-781.45,976.02,38.0,"279,183 M"
05/18/2026,1630,GSG,34.40,+0.61%,,.0726,0.61,<empty>,34.94,21.03,33.52,32.18,25.68,2.0,0.45,0.44,"1,097,116",100239.08,1715677.51,1529828.01,71.21,8.01,-0.43,0.79,35.1,25.62,-25.62,-32.07,NaN,"1,072 M"
05/18/2026,1630,GTBIF,7.30,+4.29%,Health Care,1.219,0.36,$0.97,10.43,4.8,7.72,7.02,7.37,-8.0,-0.58,-0.1,"224,101",-200100.37,657542.08,662724.77,-50.18,11.79,-6.53,-3.18,9.17,6.34,9.17,9.17,55.0,"1,599 M"
05/18/2026,1630,GTLB,25.09,+6.04%,Information Technology,.8777,1.39,$1.33,52.38,18.73,23.32,22.43,36.12,1.0,0.89,0.55,"6,299,037",-101171.29,6007261.08,6557371.9,-34.53,10.87,2.03,13.79,30.62,19.26,-19.26,26.05,15.0,"4,236 M"
05/18/2026,1630,GTM,3.92,+1.55%,Communication Services,.9897,1.19,$1.19,12.51,3.76,5.71,5.83,8.76,1.0,-0.33,0.03,"8,337,282",200174.05,1.115675016E7,1.077884769E7,6.96,-33.45,-39.88,-1.01,7.07,4.03,7.07,-4.02,53.0,"1,155 M"
05/18/2026,1630,GVAL,34.95,+0.71%,,.6412,0.35,<empty>,36.44,25.89,35.24,34.33,31.93,-5.0,-0.46,-0.38,"200,200",-100000.12,284171.65,277354.92,-84.74,6.95,0.92,-0.85,36.21,32.4,36.21,36.06,NaN,433 M
05/18/2026,1630,GVIP,170.2718,-1.39%,,1.085,3.64,<empty>,177.27,127.31,170.02,159.18,154.09,-5.0,-0.88,-0.12,"7,505",200011.1,15128.07,14469.06,3.79,13.64,0.97,-2.66,176.06,139.34,177.05,177.05,NaN,545 M
05/18/2026,1630,GVZ:CGI,26.20,-0.53%,,-1.518,0.6,<empty>,48.68,14.47,26.82,31.37,25.84,-1.0,0.16,-0.44,<empty>,NaN,NaN,NaN,NaN,-10.94,-6.16,-1.36,46.35,25.15,-25.15,-25.15,NaN,0
05/18/2026,1630,H,169.40,+0.37%,Consumer Discretionary,1.295,3.71,$1.19,180.53,124.82,165.85,156.52,153.89,1.0,0.8,0.43,"590,986",100545.5,796707.25,846985.33,-17.48,16.52,6.46,1.28,176.21,138.33,176.21,173.12,55.0,"15,951 M"
05/18/2026,1630,HACK,91.25,+3.05%,,.8075,3.16,<empty>,91.28,69.66,82.94,79.11,81.67,3.0,1.0,1.0,"182,846",100438.26,123210.59,125946.35,93.85,16.79,11.19,7.16,86.06,70.58,-70.58,-77.17,NaN,"2,268 M"
05/18/2026,1630,HAL,42.78,+2.44%,Energy,.7652,0.98,$1.98,42.9298,19.38,40.79,38.66,30.21,5.0,0.59,0.49,"12,069,492",-100245.41,1.494269005E7,1.44599535E7,6.47,18.11,1.91,4.29,42.11,33.49,-33.49,-39.07,44.0,"35,738 M"
05/18/2026,1630,HBB,17.86,-1.87%,Consumer Discretionary,1,1.1,$0.59,21.84,12.72,19.93,18.91,16.7,-2.0,-0.24,0.0,"16,844",100310.13,22700.0,23219.41,29.27,10.18,-11.23,0.45,22.12,16.45,22.12,-18.03,55.0,242 M
05/18/2026,1630,HBDC,24.7028,+0.01%,,.0728,0.02,<empty>,27.74,23.16,24.72,24.61,24.99,2.0,-0.77,0.41,"3,876",-100000.59,8405.4,23485.28,117.36,0.87,0.11,0.01,25.62,24.34,-24.34,25.16,NaN,84 M
05/18/2026,1630,HCA,422.79,-0.05%,Health Care,1.184,3.92,$34.38,556.52,330.0,437.04,473.52,461.6,1.0,0.11,0.66,"1,402,922",-100231.06,1139064.97,1122851.0,-12.96,-15.79,-1.03,-1.11,557.46,421.05,-421.05,-421.05,47.0,"93,792 M"
05/18/2026,1630,HD,299.81,+0.77%,Consumer Discretionary,.9819,9.57,$12.74,426.75,296.88,320.67,329.67,367.47,1.0,-0.18,0.24,"6,232,217",100135.1,4221239.59,4220521.21,45.64,-9.4,-4.04,-0.91,394.58,299.03,394.58,341.17,1.0,"298,619 M"
05/18/2026,1630,HELE,23.95,+5.93%,Consumer Discretionary,1.222,0.94,$5.73,33.734,13.85,23.47,18.99,20.29,1.0,-0.71,0.03,"668,455",-200168.17,679748.0,651219.57,-21.07,58.71,2.26,6.92,27.07,14.35,27.07,27.07,35.0,557 M
05/18/2026,1630,HII,329.35,+0.97%,Industrials,.2735,17.99,$20.15,460.0,215.045,344.97,379.68,342.39,6.0,0.1,0.58,"300,745",-200441.1,521858.74,512987.15,-22.55,-23.05,-9.36,-1.46,460.54,311.08,-311.08,-311.08,51.0,"12,978 M"
05/18/2026,1630,HIMS,22.29,-11.02%,Health Care,2.15,1.76,$0.27,70.43,13.74,27.0,24.29,35.63,-1.0,-0.65,-0.12,"32,146,681",101309.48,3.756505869E7,3.586789614E7,47.29,-3.71,-18.26,-7.66,32.2,14.58,32.2,31.17,58.0,"5,159 M"
05/18/2026,1630,HLN,9.17,+2.34%,Health Care,.1976,0.14,$0.33,11.42,8.71,9.25,9.68,9.78,2.0,0.04,0.71,"8,797,145",-100130.07,8672704.0,8866525.74,24.24,-11.06,-0.76,1.66,11.62,9.05,11.62,10.16,51.0,"40,654 M"
05/18/2026,1630,HLT,318.14,+0.62%,,1.057,3.62,$9.08,344.75,241.45,321.54,313.69,289.23,3.0,0.2,0.33,"1,145,534",-100231.14,1690255.55,1740857.14,-59.81,8.01,2.17,2.16,345.21,290.46,345.21,-308.1,50.0,"72,424 M"
05/18/2026,1630,HOOD,77.15,+0.01%,Financials,2.158,2.61,$3.33,153.8599,59.6801,79.18,76.48,105.12,-2.0,-0.74,-0.48,"20,011,281",-100267.14,2.899485465E7,2.893348682E7,-36.12,3.0,0.78,0.52,93.21,64.34,93.21,-70.13,50.0,"69,474 M"
05/18/2026,1630,HPP,10.80,-4.09%,Real Estate,1.804,1.07,$1.67,21.7,5.26,10.03,7.75,12.52,-4.0,-0.96,-0.47,"1,473,852",0.0,1223904.87,1288424.18,-27.75,78.22,19.6,-6.9,12.06,5.31,12.06,12.06,53.0,586 M
05/18/2026,1630,HQY,83.04,+1.06%,Health Care,.1734,1.04,$4.74,116.65,72.76,82.34,81.89,88.59,4.0,0.61,0.59,"940,748",100050.43,942885.46,924634.35,8.79,4.36,1.05,1.05,88.19,74.58,88.19,85.15,7.0,"6,961 M"
05/18/2026,1630,HSI:HK,25675.18,0.00%,,<empty>,270.77,<empty>,28056.1,22668.35,26163.89,25765.66,25993.77,-6.0,-0.62,-0.4,<empty>,NaN,NaN,NaN,NaN,-0.16,-1.61,-2.7,27398.61,24204.35,-24204.35,26845.02,NaN,0
05/18/2026,1630,HSY,191.73,+2.54%,Consumer Staples,.0733,3.66,$9.12,239.48,150.04,188.24,200.6,193.55,1.0,0.25,0.64,"1,671,801",-100136.41,1938012.2,1903780.57,-6.33,-9.87,5.34,-2.01,239.54,180.11,-180.11,197.03,51.0,"38,891 M"
05/18/2026,1630,HTZ,5.20,-5.97%,Industrials,2.091,0.33,($3.72),8.44,3.775,5.99,5.48,5.48,-3.0,-0.24,-0.15,"8,480,844",-200336.13,1.154682705E7,1.061699259E7,20.44,24.4,-10.5,-11.86,8.2,4.41,8.2,7.12,55.0,"1,642 M"
05/18/2026,1630,HUBS,208.51,+5.11%,Information Technology,1.256,25.06,$11.56,654.3321,173.25,217.56,231.57,355.1,2.0,0.69,0.35,"2,044,430",100671.07,1656718.18,1705867.6,127.83,-20.45,-15.73,16.49,297.51,173.03,297.51,-173.03,55.0,"10,674 M"
05/18/2026,1630,HUM,306.00,+0.29%,Health Care,.6471,28.71,$10.57,315.3482,163.11,253.22,209.92,242.72,-3.0,1.0,-0.94,"1,730,860",0.0,1861934.18,1820486.53,-41.23,79.56,28.59,0.38,275.06,163.4,-163.4,-212.16,50.0,"36,739 M"
05/18/2026,1630,HYG,79.54,+0.10%,,.4036,0.23,<empty>,81.36,78.565,80.08,79.86,80.5,-2.0,-0.51,-0.16,"38,583,382",100109.34,5.199491141E7,5.289116747E7,6.05,0.18,-0.33,-0.46,81.59,79.35,-79.35,81.17,NaN,"16,982 M"
05/18/2026,1630,HYLS,40.84,+0.12%,,.4014,0.08,<empty>,42.4036,40.01,40.95,40.87,41.57,-2.0,-0.73,-0.21,"100,951",-200000.3,303271.01,281356.08,19.96,0.25,-0.15,-0.24,42.17,40.34,42.17,42.17,NaN,"1,642 M"
05/18/2026,1630,IAK,134.638,+1.99%,,.5627,1.1,<empty>,138.66,124.62,131.81,130.65,132.21,3.0,0.64,0.65,"72,404",200024.4,56379.78,64513.75,262.8,5.28,2.82,3.49,138.54,125.35,-125.35,-130.06,NaN,370 M
05/18/2026,1630,IBB,164.03,-1.68%,,.7397,2.7,<empty>,179.64,119.78,169.97,169.14,161.52,-3.0,-0.3,-0.21,"1,998,963",0.0,1505721.85,1559638.91,105.81,0.15,-3.6,-4.99,178.57,160.38,-160.38,175.17,NaN,"7,619 M"
05/18/2026,1630,IBIT,43.53,-2.88%,,.7163,1.13,<empty>,71.82,35.3,44.67,42.06,52.13,-5.0,-0.91,-0.55,"55,762,468",0.0,4.488390156E7,4.92448547E7,134.55,8.12,-4.12,-3.52,47.08,36.58,47.05,47.05,NaN,"62,901 M"
05/18/2026,1630,IDX,11.95,-1.57%,,.3846,0.41,<empty>,17.55,11.8,13.05,13.54,15.61,-7.0,-0.27,-0.28,"61,445",-100000.04,41523.31,41167.17,191.75,-11.02,-7.36,-3.08,16.59,12.03,16.59,14.17,NaN,26 M
05/18/2026,1630,IDXX,545.79,+3.21%,Health Care,1.588,16.88,$13.35,769.98,496.61,556.95,569.67,641.48,1.0,0.2,0.42,"633,931",100041.34,560990.9,550452.28,17.57,-5.43,-3.08,3.24,666.56,523.03,666.56,-523.03,53.0,"43,054 M"
05/18/2026,1630,IEF,93.47,-0.04%,,.2638,0.47,<empty>,98.045,93.03,94.75,95.2,96.17,-6.0,-0.08,-0.22,"8,412,049",200010.39,9539504.84,9767975.64,72.81,-2.38,-0.97,-0.9,98.55,94.03,98.55,96.17,NaN,"47,137 M"
05/18/2026,1630,IFF,73.70,+0.82%,Materials,.989,4.38,$1.55,84.45,59.14,73.9,72.27,68.91,-6.0,-0.59,-0.56,"1,580,683",100334.09,1743011.81,1733220.1,1.98,7.89,5.15,-4.88,84.08,65.41,84.08,84.08,54.0,"18,816 M"
05/18/2026,1630,IGLB,48.91,-0.35%,,.6331,0.27,<empty>,52.5999,47.36,49.68,49.71,50.71,-5.0,-0.45,-0.42,"1,202,782",-200112.46,1883324.84,1880328.28,7.64,-1.21,-0.75,-1.21,52.55,49.35,-49.35,50.17,NaN,"2,578 M"
05/18/2026,1630,IGSB,52.25,0.00%,,.1234,0.09,<empty>,53.25,52.12,52.47,52.51,52.84,-3.0,-0.4,-0.4,"2,272,022",100003.13,3911943.12,3674269.87,-55.26,-0.46,-0.13,-0.25,53.55,52.35,53.55,53.16,NaN,"22,002 M"
05/18/2026,1630,IIGD,24.3948,-0.01%,,.1436,0.06,<empty>,25.08,24.34,24.58,24.62,24.8,-6.0,-0.43,-0.29,"1,152",100000.04,7265.55,6612.03,-65.55,-1.12,-0.65,-0.69,25.6,24.35,25.6,25.16,NaN,30 M
05/18/2026,1630,IJT,158.81,+0.19%,,1.07,1.97,<empty>,164.8499,125.24,160.89,153.12,145.85,-8.0,-0.68,-0.12,"351,510",-100019.01,130062.46,124827.75,-6.55,10.77,-1.38,-1.05,165.08,139.34,165.08,165.08,NaN,"7,266 M"
05/18/2026,1630,ILMN,141.51,-0.72%,Health Care,1.487,6.86,$6.35,155.529,78.55,135.81,129.31,120.15,-4.0,-0.86,-0.75,"1,436,655",100545.56,1555423.79,1702446.46,14.93,15.1,1.54,-2.41,143.08,115.46,-115.46,150.02,51.0,"21,410 M"
05/18/2026,1630,INDA,47.84,-0.31%,,.4615,0.78,<empty>,56.01,45.2118,49.03,48.56,52.05,-2.0,-0.65,-0.18,"3,782,974",100120.54,8442097.7,8803464.37,-40.44,0.25,-1.62,-0.29,53.62,45.34,-45.34,-47.04,NaN,"6,681 M"
05/18/2026,1630,INDY,42.31,-0.21%,,.4599,0.67,<empty>,54.87,40.8201,43.31,43.34,48.9,3.0,-0.62,0.43,"80,159",-100042.05,157547.37,154526.85,-7.38,-1.33,-1.84,0.21,48.6,41.34,-41.34,-42.04,NaN,561 M
05/18/2026,1630,INFL,53.13,+0.74%,,.7139,0.37,<empty>,55.17,40.94,53.04,52.64,47.29,1.0,-0.2,0.51,"319,860",-100020.03,287472.8,280709.52,64.92,1.74,0.43,-0.65,55.54,50.4,-50.4,54.04,NaN,"1,620 M"
05/18/2026,1630,INMD,14.10,+1.44%,Health Care,2.021,0.25,$1.35,16.74,12.72,14.15,13.88,14.46,5.0,0.52,0.31,"945,780",100129.09,916325.5,907692.9,211.59,4.83,-1.47,0.43,15.6,13.46,-13.46,-13.08,51.0,857 M
05/18/2026,1630,INTC,108.17,-0.55%,Information Technology,1.921,10.87,($0.66),132.75,18.965,99.7,70.79,45.23,-5.0,-0.82,0.0,"144,391,041",501298.07,1.2428781253E8,1.1383800887E8,-2.29,140.22,12.94,-10.08,131.06,41.34,133.05,133.05,46.0,"543,662 M"
05/18/2026,1630,INVH,28.75,+2.94%,Real Estate,.8394,0.28,$1.96,34.58,24.25,28.17,26.55,27.76,1.0,-0.82,0.17,"5,729,063",0.0,6102918.53,6371413.09,-13.51,15.18,0.7,1.02,29.12,24.4,29.12,29.12,50.0,"17,079 M"
05/18/2026,1630,IONQ,49.31,-5.08%,Information Technology,2.918,4.66,($1.35),84.64,25.89,48.52,39.25,47.02,-2.0,-0.92,-0.38,"31,521,155",300118.23,2.892256013E7,2.784123152E7,46.97,52.29,7.78,-10.77,53.08,26.34,59.04,59.04,55.0,"18,406 M"
05/18/2026,1630,IPO,48.97,-0.14%,,1.33,1.09,<empty>,54.68,39.305,49.51,46.13,47.21,-2.0,-0.76,-0.24,"16,828",-300336.2,24454.69,24110.8,38.95,11.63,-2.45,-1.61,52.08,39.34,52.08,52.08,NaN,142 M
05/18/2026,1630,IRM,123.96,-0.89%,Real Estate,1.219,4.07,($2.64),134.09,77.77,123.35,113.3,99.74,-8.0,-0.83,-0.27,"1,032,641",100839.13,1561253.03,1615900.6,-45.14,17.23,-3.32,-1.71,134.08,97.34,134.08,134.08,54.0,"36,881 M"
05/18/2026,1630,IRT,16.26,+1.63%,Real Estate,.9984,0.13,$0.59,19.61,14.6,16.2,15.76,16.57,-10.0,-0.85,-0.28,"1,639,510",100350.59,2342926.3,2566156.61,-65.04,3.24,-1.22,-0.18,17.56,15.31,-15.31,17.08,50.0,"3,833 M"
05/18/2026,1630,ITA,220.23,+1.36%,,.7255,4.38,<empty>,250.65,168.4401,219.78,224.88,217.06,-3.0,-0.34,-0.65,"820,273",-100228.47,1156423.02,1178991.87,-29.15,-4.84,2.75,-2.43,251.54,209.34,-209.34,227.05,NaN,"13,511 M"
05/18/2026,1630,ITB,87.51,+1.23%,,1.3,2.93,<empty>,118.0,86.45,94.17,93.41,101.96,1.0,-0.34,0.28,"2,744,754",0.0,2320751.68,2316905.83,101.83,-4.21,-4.13,-1.64,114.62,88.4,114.62,101.17,NaN,"2,310 M"
05/18/2026,1630,ITW,249.46,+0.72%,Industrials,1.046,4.64,$9.44,303.155,238.82,258.82,262.96,260.94,1.0,-0.05,0.41,"1,924,710",200329.13,1288142.52,1316461.51,75.19,-4.33,-0.87,-0.26,299.62,247.12,299.62,274.17,50.0,"71,770 M"
05/18/2026,1630,IVOL,18.02,+0.31%,,.0287,0.15,<empty>,20.255,17.93,18.29,18.51,19.1,1.0,0.0,0.05,"219,049",-100135.29,326306.9,289947.34,99.7,-3.79,-2.07,-0.44,19.55,18.03,19.55,19.15,NaN,333 M
05/18/2026,1630,IWC,178.55,-1.86%,,1.101,3.89,<empty>,189.5,115.75,182.12,171.86,159.45,-5.0,-0.8,-0.1,"212,094",-200325.08,144677.57,131770.77,-21.75,12.61,-1.94,-4.35,189.07,153.34,190.05,190.05,NaN,"1,348 M"
05/18/2026,1630,IWF,124.10,-0.22%,,.1426,2.15,<empty>,126.045,97.075,121.36,114.81,115.73,-2.0,-0.98,-0.33,"6,975,677",-100128.47,9078300.68,1.102579339E7,66.65,13.58,3.57,-0.17,124.07,102.34,-102.34,126.02,NaN,"128,834 M"
05/18/2026,1630,IWM,275.97,-0.59%,,1.115,3.98,<empty>,287.58,199.65,279.29,264.34,251.33,-8.0,-0.79,-0.11,"26,937,447",100034.4,3.705737238E7,3.848632906E7,11.59,12.17,-0.69,-2.37,288.07,239.34,288.07,288.07,NaN,"76,388 M"
05/18/2026,1630,IWN,206.08,+0.05%,,1.031,2.36,<empty>,213.19,146.9,208.13,198.95,186.25,-6.0,-0.75,-0.2,"892,517",100226.32,828235.27,778185.67,17.35,10.99,-0.23,-1.51,213.07,182.4,213.07,213.07,NaN,"13,416 M"
05/18/2026,1630,IWO,357.58,-1.29%,,1.193,6.26,<empty>,375.695,262.24,362.66,340.01,328.14,-5.0,-0.82,-0.14,"425,142",0.0,444858.49,452358.73,67.86,13.31,-1.09,-3.17,376.07,300.34,376.07,376.07,NaN,"13,981 M"
05/18/2026,1630,J,113.61,+2.81%,Industrials,.7202,8.52,$4.07,168.44,105.68,122.89,126.17,139.81,3.0,-0.18,0.31,"1,226,087",100435.03,1128028.69,1068569.13,59.63,-11.1,-13.1,5.91,143.61,106.03,143.61,-106.03,54.0,"13,415 M"
05/18/2026,1630,JACK,10.78,-0.83%,Consumer Discretionary,1.496,1.04,$0.57,25.34,8.915,12.71,12.03,17.17,-6.0,-0.58,-0.24,"1,051,433",-101991.03,908671.93,891398.97,16.29,-7.07,-10.54,-15.72,23.62,9.33,-9.33,14.06,55.0,206 M
05/18/2026,1630,JBHT,261.46,-0.29%,Industrials,1.285,7.87,$10.78,264.22,130.12,247.86,228.1,188.98,3.0,0.75,0.58,"926,568",300441.02,983022.55,944245.49,10.99,32.29,9.7,9.95,256.19,194.43,-194.43,-231.04,39.0,"24,655 M"
05/18/2026,1630,JBLU,4.58,0.00%,Industrials,1.775,0.17,($3.18),6.5,3.84,4.93,4.75,4.88,-2.0,-0.45,-0.37,"21,112,461",201190.38,2.911350666E7,2.651426091E7,-4.83,12.81,-4.38,-2.55,6.62,4.41,-4.41,-5.11,49.0,"1,704 M"
05/18/2026,1630,JBSAY,14.44,0.00%,Consumer Staples,.1408,0.42,<empty>,15.67,13.01,14.36,14.79,12.75,4.0,0.12,0.37,<empty>,-400000.03,264987.4,239337.09,-42.94,2.12,0.77,3.81,16.13,13.03,16.13,-13.03,NaN,"32,030 M"
05/18/2026,1630,JETS,25.55,-0.04%,,1.167,0.79,<empty>,31.33,21.0312,26.07,25.63,26.4,-6.0,-0.58,-0.44,"5,049,408",-100157.49,5056147.91,4883296.19,63.01,3.9,0.51,-2.22,30.62,24.34,-24.34,28.07,NaN,726 M
05/18/2026,1630,JNJ,228.92,+0.97%,Health Care,.265,3.08,$7.23,251.71,149.04,226.43,234.28,209.52,1.0,0.17,0.83,"9,222,923",-100131.41,7704435.79,8013857.3,28.46,-3.52,2.11,-0.65,252.54,220.05,-220.05,-220.05,39.0,"551,060 M"
05/18/2026,1630,JNK,95.77,+0.05%,,.4181,0.29,<empty>,98.24,94.485,96.43,96.12,96.99,-5.0,-0.55,-0.18,"2,907,219",-100110.41,5743538.41,5659025.91,32.59,0.2,-0.34,-0.43,98.6,94.35,-94.35,97.17,NaN,"7,688 M"
05/18/2026,1630,JOBY,10.35,-0.10%,Industrials,2.489,0.83,($0.76),20.95,6.42,9.64,9.27,13.13,-3.0,-0.99,-0.8,"20,174,466",101981.09,2.659877155E7,2.599192427E7,-61.23,8.49,16.82,-6.42,11.56,8.34,-8.34,11.03,55.0,"10,181 M"
05/18/2026,1630,JOE,64.33,+1.20%,Real Estate,1.336,1.55,$3.45,73.54,42.65,66.33,66.49,59.91,3.0,0.28,0.54,"146,499",-200139.1,262076.67,250719.0,2.91,-7.0,-1.3,1.24,74.52,60.35,-60.35,-61.11,45.0,"3,693 M"
05/18/2026,1630,JOET,42.82,-0.46%,,1.034,0.36,<empty>,43.735,38.34,43.0,41.76,42.18,-2.0,-0.85,-0.26,"17,820",-100022.12,23876.76,24551.67,27.03,6.44,0.35,-1.1,44.07,39.34,44.07,44.07,NaN,229 M
05/18/2026,1630,JPM,300.73,+0.98%,Financials,1.01,5.44,($39.16),337.25,256.0001,307.4,300.5,305.35,1.0,-0.45,0.26,"7,523,236",-100139.41,9211236.59,9445375.98,1.68,4.51,-2.25,0.16,320.19,279.46,320.19,-296.04,38.0,"805,809 M"
05/18/2026,1630,JPXN,98.21,-0.30%,,.552,2.12,<empty>,101.215,76.19,96.82,94.28,89.85,-3.0,-0.68,-0.63,"39,482",300200.5,39980.65,57797.15,621.24,7.62,3.17,-2.6,100.55,88.4,-88.4,101.03,NaN,133 M
05/18/2026,1630,JYNT,8.73,+6.08%,Health Care,1.123,0.22,$0.18,13.4692,7.5,8.71,8.66,9.14,1.0,0.25,0.43,"95,042",200000.05,68577.71,65280.75,206.27,4.3,-0.68,5.18,9.62,8.4,-8.4,-8.02,56.0,124 M
05/18/2026,1630,K,83.44,0.00%,Consumer Staples,.2238,0.18,$1.73,83.65,76.48,83.36,83.14,81.46,4.0,0.56,0.31,<empty>,-100010.01,3364959.52,3435920.58,1730.15,0.7,-0.06,0.36,84.1,76.54,84.1,-83.07,38.0,"29,031 M"
05/18/2026,1630,KBA,33.47,-0.33%,,.369,0.61,<empty>,35.309,23.44,33.59,31.84,30.33,-3.0,-0.81,-0.15,"32,544",100022.03,77981.43,85024.45,46.52,11.18,0.33,-5.02,34.08,29.38,-29.38,35.03,NaN,194 M
05/18/2026,1630,KBWP,121.6141,+2.34%,,.4355,1.19,<empty>,129.0,114.62,119.6,120.08,121.91,3.0,0.32,0.65,"23,060",0.0,13812.44,14289.82,-11.12,1.51,2.56,4.3,128.54,116.03,128.54,-116.03,NaN,254 M
05/18/2026,1630,KCE,152.29,+0.45%,,1.245,1.22,<empty>,162.25,132.3,151.98,144.93,149.47,-2.0,-0.77,-0.32,"21,855",100125.44,19645.57,20393.4,59.62,11.57,1.14,-0.25,156.19,132.35,156.19,155.02,NaN,453 M
05/18/2026,1630,KDP,29.43,+1.73%,Consumer Staples,1,0.27,$1.16,35.935,24.875,28.67,27.4,28.24,1.0,0.93,0.5,"8,497,550",-100326.16,1.089528831E7,1.091479366E7,-35.3,8.72,1.94,0.41,32.58,25.3,-25.3,30.03,46.0,"40,041 M"
05/18/2026,1630,KEMX,47.68,-0.23%,,.8779,1.41,<empty>,50.1787,29.92,47.44,44.11,38.9,-5.0,-0.83,-0.37,"14,940",100338.42,26013.67,26335.17,103.9,16.63,2.15,-3.05,50.06,39.34,50.05,50.05,NaN,124 M
05/18/2026,1630,KHC,23.35,+1.88%,Consumer Staples,1,0.47,$3.33,29.19,21.035,22.74,22.59,24.54,-6.0,0.97,-0.67,"19,901,989",-100032.09,1.533447207E7,1.533208554E7,88.74,5.75,4.15,0.73,25.58,21.38,-21.38,24.06,50.0,"27,688 M"
05/18/2026,1630,KLAC,1756.45,-2.65%,Information Technology,1.468,54.5,$30.49,1939.36,740.44,1810.23,1661.39,1309.71,-2.0,-0.43,-0.37,"946,676",100451.13,991922.72,966984.11,-29.36,18.49,2.52,-5.04,1939.16,1321.49,1939.16,-1646.12,51.0,"229,441 M"
05/18/2026,1630,KMX,37.05,+0.32%,Consumer Discretionary,1.216,1.13,$8.44,71.99,30.26,38.43,40.75,44.85,-2.0,-0.35,-0.39,"3,106,215",-100648.25,3347958.61,3316020.62,36.13,-11.36,0.46,-0.05,49.25,36.03,49.25,40.05,21.0,"5,254 M"
05/18/2026,1630,KNX,69.27,+0.30%,Industrials,1.141,2.92,$3.05,69.99,38.625,64.29,60.32,51.77,3.0,0.76,0.77,"3,731,465",301342.03,3657630.58,3466307.25,80.44,30.95,11.47,15.89,68.17,52.43,-52.43,-59.04,45.0,"11,256 M"
05/18/2026,1630,KO,81.20,+0.47%,Consumer Staples,.3646,0.98,$2.92,82.0,65.3538,78.32,77.14,72.52,5.0,0.63,0.71,"12,238,589",-200122.15,1.458310027E7,1.539405649E7,-60.15,6.88,3.85,1.17,82.55,74.37,-74.37,-75.17,44.0,"349,362 M"
05/18/2026,1630,KR,68.32,+3.48%,Consumer Staples,.4661,1.09,$5.30,76.58,58.6,66.92,69.7,67.23,4.0,0.14,0.66,"4,755,481",-100130.41,5591564.68,5856144.25,-13.08,-6.77,1.14,3.14,77.46,64.04,-64.04,-64.04,23.0,"42,123 M"
05/18/2026,1630,KRE,67.92,+1.42%,,.8441,1.13,<empty>,74.08,55.37,69.14,67.17,65.4,1.0,-0.48,0.22,"15,004,816",-100335.56,1.611121316E7,1.757975622E7,21.75,8.46,-1.55,1.16,73.62,62.41,-62.41,71.08,NaN,"3,471 M"
05/18/2026,1630,KSA,38.36,+0.18%,,.3036,0.33,<empty>,41.5,35.81,38.87,38.86,38.5,1.0,-0.37,0.38,"347,392",100027.54,658537.33,801445.9,-36.06,1.64,-0.96,-0.6,41.21,36.53,41.21,39.11,NaN,698 M
05/18/2026,1630,KSS,11.72,-0.42%,Consumer Discretionary,1.502,1.1,$9.00,25.22,7.47,13.95,13.55,16.53,1.0,-0.27,0.13,"4,492,431",-100269.41,5168373.78,4912880.62,19.09,-2.58,-17.41,-2.98,20.6,12.42,20.6,16.14,7.0,"1,316 M"
05/18/2026,1630,KVUE,17.18,+0.41%,Consumer Staples,.2295,0.2,$0.95,24.355,14.02,17.38,17.44,17.68,-4.0,-0.28,-0.51,"20,264,627",0.0,1.977567227E7,2.32899236E7,17.53,-1.88,0.17,-0.06,19.55,17.29,-17.29,18.07,55.0,"32,986 M"
05/18/2026,1630,KW,11.03,0.00%,Real Estate,.914,0.06,($0.49),11.085,5.98,10.95,10.91,9.58,-1.0,0.08,-0.37,"566,169",0.0,1017316.19,1430137.24,-37.78,1.57,1.38,0.55,11.07,11.33,11.07,11.07,55.0,"1,537 M"
05/18/2026,1630,KWEB,28.06,-0.39%,,.303,0.71,<empty>,43.365,27.62,28.93,29.09,35.21,-3.0,-0.86,-0.32,"29,855,432",-100138.03,2.743300529E7,2.660204833E7,68.73,-4.72,-1.85,-8.27,33.62,28.33,-28.33,31.03,NaN,"6,816 M"
05/18/2026,1630,LAMR,147.49,+1.34%,Real Estate,1.196,6.1,$7.25,158.6899,113.05,141.76,135.16,128.84,-6.0,-0.9,-0.48,"877,981",-200125.04,641781.08,646005.72,144.14,13.01,5.7,0.59,159.06,122.33,159.06,159.06,56.0,"14,967 M"
05/18/2026,1630,LCID,5.73,-5.13%,Consumer Discretionary,.839,0.26,($14.63),33.7,5.62,6.25,8.16,13.9,-2.0,-0.71,-0.65,"16,779,723",-701021.18,1.486345373E7,1.311554554E7,2.58,-42.41,-14.35,-10.33,11.48,6.13,-6.13,-6.13,54.0,"2,236 M"
05/18/2026,1630,LEVI,20.96,-0.10%,Consumer Discretionary,1.314,0.62,$1.20,24.82,16.5,22.18,20.72,21.33,-6.0,-0.47,-0.16,"3,414,268",-100438.29,3000401.92,2834022.64,22.68,13.3,-5.12,-1.92,24.19,18.4,24.19,23.07,25.0,"8,061 M"
05/18/2026,1630,LFMD,4.24,-2.08%,Health Care,1.8,0.33,($0.10),15.84,2.56,4.63,4.16,4.72,-8.0,-0.72,-0.03,"847,085",402616.21,1348902.81,1236845.74,33.2,3.16,-16.7,-6.61,5.08,3.58,5.08,5.08,55.0,205 M
05/18/2026,1630,LFST,7.80,+1.96%,Health Care,1.325,0.39,$0.37,8.89,3.74,7.54,6.92,6.31,-3.0,-0.9,-0.42,"3,528,409",-100411.07,4196598.98,4046585.76,-54.67,21.68,7.29,-3.7,9.07,6.45,9.07,9.07,55.0,"2,978 M"
05/18/2026,1630,LH,255.57,+2.06%,Health Care,.9136,2.01,$16.70,293.72,239.75,258.68,264.16,268.59,1.0,0.03,0.52,"465,995",-200330.13,640163.2,651798.07,-39.21,-3.86,1.01,0.45,291.55,249.09,-249.09,-249.09,46.0,"20,957 M"
05/18/2026,1630,LI,16.69,-9.83%,Consumer Discretionary,.54,0.81,($1.82),32.025,15.71,18.19,18.09,19.86,-2.0,-0.74,-0.35,"9,686,510",-200158.01,3433743.21,3181326.16,130.49,-2.11,-6.66,-16.63,20.26,17.41,20.03,20.03,7.0,"17,035 M"
05/18/2026,1630,LII,501.41,+0.28%,Industrials,1.216,11.45,$18.86,689.44,434.06,511.16,492.22,518.77,-8.0,-0.71,-0.35,"424,211",100142.13,459305.86,460716.6,-24.04,4.9,-2.61,-1.2,574.55,434.35,-434.35,551.07,50.0,"17,449 M"
05/18/2026,1630,LIN,510.86,+0.94%,,.7372,6.33,<empty>,521.28,387.78,503.78,497.73,463.74,1.0,0.5,0.6,"1,876,207",-100127.41,2239884.54,2380251.57,-31.61,4.56,3.51,-0.47,521.11,471.47,521.11,-490.09,52.0,"236,195 M"
05/18/2026,1630,LIT,83.03,-1.25%,,1.027,2.51,<empty>,91.98,35.62,86.79,79.19,65.49,-5.0,-0.62,0.0,"502,911",300136.05,392222.3,383439.65,58.32,19.55,-4.69,-7.31,92.08,67.4,92.05,92.05,NaN,"2,127 M"
05/18/2026,1630,LLY,988.09,-1.67%,Health Care,.4899,39.58,$11.81,1133.95,623.78,947.86,940.13,922.74,-3.0,-0.54,-0.81,"2,011,835",200438.13,3071527.54,3071031.31,-21.45,7.63,2.08,-2.72,1064.59,851.13,-851.13,1023.03,54.0,"881,121 M"
05/18/2026,1630,LMND,54.48,+6.10%,Financials,1.738,1.57,$0.26,99.9,28.71,58.12,60.14,63.63,1.0,0.43,0.46,"1,388,390",200781.44,1834151.55,2188219.51,-24.39,-15.43,-1.04,3.05,75.61,48.58,-48.58,68.15,53.0,"4,185 M"
05/18/2026,1630,LMT,528.31,+2.38%,Industrials,.0823,5.59,$24.45,692.0,410.11,520.75,583.19,528.87,15.0,0.2,0.82,"1,314,910",-100135.41,1509031.48,1555264.91,-9.69,-17.74,1.96,1.61,692.54,500.08,-500.08,-500.08,44.0,"121,809 M"
05/18/2026,1630,LNG,247.74,+2.44%,Energy,.0521,14.04,$10.16,300.89,186.2001,255.84,264.19,230.12,3.0,0.03,0.41,"2,430,331",-100147.41,3169299.28,3115390.58,-4.27,-6.94,-9.2,3.49,301.34,216.56,301.34,-236.07,55.0,"51,914 M"
05/18/2026,1630,LOGI,105.21,+2.16%,Information Technology,1.077,3.03,$6.65,123.01,81.98,101.07,96.29,102.15,1.0,0.91,0.6,"986,615",100237.09,1070403.55,1026154.0,36.08,16.72,3.66,1.17,110.06,87.4,110.05,110.05,54.0,"15,098 M"
05/18/2026,1630,LOTMY,30.055,-0.55%,Consumer Discretionary,.7653,1.25,<empty>,33.1,21.65,30.38,29.96,26.64,-6.0,-0.39,-0.28,"14,994",-100100.19,22299.66,20593.11,-17.58,4.29,4.26,-2.5,33.21,23.59,33.21,33.07,NaN,"7,063 M"
05/18/2026,1630,LOW,218.02,-0.18%,Consumer Discretionary,.8878,6.04,$13.69,293.06,210.33,232.47,236.77,249.32,1.0,-0.24,0.32,"3,712,682",-100128.58,2612121.89,2682580.48,118.27,-5.66,-2.55,-1.1,284.62,218.03,284.62,248.17,2.0,"122,105 M"
05/18/2026,1630,LQD,107.66,-0.19%,,.4441,0.42,<empty>,112.93,105.39,108.88,108.99,110.43,-5.0,-0.4,-0.42,"30,842,927",-400009.45,3.834087799E7,3.968576478E7,20.46,-0.97,-0.55,-0.88,112.55,107.35,-107.35,110.17,NaN,"28,950 M"
05/18/2026,1630,LRCX,277.96,-2.37%,Information Technology,1.818,16.89,$4.76,302.0,79.49,273.95,249.44,184.6,-5.0,-0.76,-0.44,"8,548,755",-100371.41,9837903.46,9869275.84,-25.66,23.7,7.5,-5.92,298.07,194.49,-194.49,302.02,50.0,"347,609 M"
05/18/2026,1630,LUV,38.36,-0.36%,Industrials,1.146,1.28,($0.73),55.11,28.975,39.25,39.65,38.1,-6.0,-0.37,-0.56,"7,498,051",0.0,7897404.22,8543264.05,63.14,-4.55,0.03,-2.66,55.62,36.31,-36.31,42.07,45.0,"18,749 M"
05/18/2026,1630,LUXE,7.79,+2.64%,Consumer Discretionary,1.147,0.54,<empty>,11.38,7.0,8.61,8.44,8.69,1.0,-0.12,0.1,"473,018",100390.01,204304.1,230508.33,441.48,-5.0,-12.37,-0.89,10.62,8.31,10.62,9.09,1.0,"1,069 M"
05/18/2026,1630,LVS,50.19,-1.90%,Consumer Discretionary,.8245,1.29,$3.30,70.4545,39.29,53.07,53.82,57.2,-1.0,-0.23,-0.41,"3,886,701",100139.18,4219855.04,4237407.87,-28.26,-6.93,-3.22,-2.2,59.62,50.17,-50.17,55.12,45.0,"33,258 M"
05/18/2026,1630,LW,43.65,-0.93%,Consumer Staples,.4568,1.02,$4.54,67.07,37.62,43.08,42.33,51.11,4.0,0.81,0.68,"2,124,938",-100266.41,3020926.12,2769480.39,88.63,5.28,2.61,5.08,49.6,38.31,-38.31,-40.05,45.0,"6,027 M"
05/18/2026,1630,LYB,74.13,-1.24%,Materials,.4021,1.55,$2.82,83.94,41.58,73.2,73.78,55.88,-1.0,-0.21,-0.6,"3,321,604",-100261.41,7834748.88,7916224.28,-0.09,-1.42,-2.51,0.53,84.33,54.6,84.33,78.09,52.0,"23,928 M"
05/18/2026,1630,LYFT,13.37,+3.08%,Industrials,2,0.45,$2.77,25.54,12.46,14.04,13.73,17.38,1.0,-0.71,0.4,"19,421,286",100262.41,1.606305429E7,1.62123912E7,156.31,-0.67,-4.91,-2.27,15.21,12.34,15.21,15.05,55.0,"5,076 M"
05/18/2026,1630,LYV,167.49,-0.82%,Communication Services,1.137,5.2,$5.19,175.25,125.34,160.68,158.59,152.8,-2.0,0.9,-0.71,"1,424,549",100434.09,2935161.77,3069156.51,-19.51,7.04,6.29,-0.58,170.08,144.35,-144.35,173.02,56.0,"38,977 M"
05/18/2026,1630,M,18.52,+0.60%,Consumer Discretionary,2.45,0.51,$2.55,24.41,10.54,19.33,18.67,19.03,2.0,-0.44,0.34,"10,704,207",-100154.41,6617233.03,6886722.42,125.52,4.51,-3.14,0.49,23.62,17.41,-17.41,21.17,11.0,"4,885 M"
05/18/2026,1630,MA,505.79,+2.35%,Financials,.7473,8.62,$18.98,601.77,480.5,501.7,502.6,544.76,2.0,0.44,0.59,"3,332,234",-200025.13,3490926.38,3606188.23,-14.39,3.55,0.21,3.09,534.13,481.35,534.13,-488.02,51.0,"446,908 M"
05/18/2026,1630,MAC,21.87,+1.25%,Real Estate,2.09,0.3,$1.22,22.555,14.82,21.7,20.51,18.65,-2.0,-0.59,-0.27,"2,652,572",100129.03,2678321.35,2611841.37,-36.16,16.76,1.72,-0.46,23.21,18.49,23.21,22.08,58.0,"5,716 M"
05/18/2026,1630,MAR,359.18,+1.70%,Consumer Discretionary,1.098,3.71,$9.16,380.0,253.555,357.66,344.94,306.09,4.0,0.31,0.34,"1,407,752",-100138.41,1440002.41,1530877.81,13.5,11.37,3.44,2.57,380.19,311.49,380.19,-345.1,53.0,"94,712 M"
05/18/2026,1630,MARA,12.18,-2.09%,Information Technology,4.867,0.71,($3.68),23.45,6.66,12.12,10.37,12.75,-2.0,-0.94,-0.46,"35,325,799",200905.13,4.600015902E7,4.682078192E7,14.81,36.55,2.96,-4.47,13.06,7.61,14.05,14.05,49.0,"4,644 M"
05/18/2026,1630,MCD,282.47,+2.20%,Consumer Discretionary,.413,6.01,$9.88,341.75,271.975,286.43,302.05,308.41,5.0,0.07,0.66,"3,961,946",-400022.06,3462848.22,3464311.27,-3.06,-10.53,-0.57,2.46,342.54,272.05,-272.05,-272.05,55.0,"200,697 M"
05/18/2026,1630,MCHP,92.76,-1.16%,Information Technology,1.67,3.46,$1.37,105.91,48.52,93.3,77.8,69.41,-8.0,-0.78,-0.13,"10,148,026",100152.06,1.002547675E7,9540175.44,-23.24,43.35,-2.67,-4.08,106.06,59.34,106.06,106.06,56.0,"50,196 M"
05/18/2026,1630,MCK,775.97,+2.02%,Health Care,.3309,34.01,$43.77,999.0,637.0,788.75,848.15,815.36,5.0,0.1,0.47,"1,197,570",-100028.07,924246.11,877561.48,47.26,-15.69,-3.95,5.26,999.53,724.05,-724.05,-724.05,55.0,"93,275 M"
05/18/2026,1630,MCO,443.41,+3.38%,Financials,1.349,9.48,$15.41,546.88,402.28,451.79,444.45,480.24,1.0,0.62,0.51,"1,107,357",0.0,1135667.55,1256878.85,-13.59,1.08,-1.37,1.16,484.55,422.46,-422.46,471.14,46.0,"77,453 M"
05/18/2026,1630,MCW,7.10,0.00%,Consumer Discretionary,1.283,0.03,$0.09,7.69,4.61,7.06,7.01,5.98,5.0,0.2,0.41,"29,411,300",-100000.01,3446175.95,3994014.56,1937.68,2.01,1.0,0.28,7.11,7.62,7.11,7.11,55.0,"2,335 M"
05/18/2026,1630,MDB,330.00,+5.72%,Information Technology,1.65,23.59,$6.16,444.72,182.43,278.95,263.84,320.41,1.0,0.86,0.86,"2,684,875",200766.54,1590068.97,1931324.53,121.12,22.9,24.67,8.91,367.62,216.26,-216.26,-241.16,7.0,"26,522 M"
05/18/2026,1630,MDLZ,61.64,+1.99%,Consumer Staples,.3982,0.34,$2.00,71.15,51.2008,60.12,58.41,58.96,1.0,0.76,0.55,"6,205,548",-100031.41,8875867.32,9039925.72,-46.57,9.16,0.42,0.2,62.11,54.46,62.04,62.04,49.0,"79,124 M"
05/18/2026,1630,MELI,1585.91,+2.53%,Consumer Discretionary,1.341,123.85,$234.59,2645.22,1495.0,1740.66,1734.27,2053.94,1.0,-0.24,0.11,"670,497",-200541.06,550894.6,595534.58,103.71,-6.17,-12.55,1.53,2048.62,1495.03,2048.62,-1495.03,55.0,"80,401 M"
05/18/2026,1630,META,611.21,-0.49%,Communication Services,1.239,15.97,$19.13,796.25,520.26,631.73,621.2,672.61,5.0,-0.5,0.31,"13,347,675",-100136.13,1.624309702E7,1.530471381E7,25.84,-0.73,0.13,-0.88,692.21,520.35,692.21,-593.04,50.0,"1,551,510 M"
05/18/2026,1630,MGM,37.09,+0.32%,Consumer Discretionary,1.268,0.79,$5.81,40.94,29.185,38.38,37.52,35.6,2.0,-0.23,0.18,"3,610,324",-100450.41,4642992.84,4701616.68,-20.13,1.98,-3.01,-0.86,41.15,33.49,41.15,41.15,50.0,"9,490 M"
05/18/2026,1630,MGPI,18.27,+0.22%,Consumer Staples,.5016,0.64,$2.46,33.378,16.45,19.3,18.79,23.66,2.0,-0.68,0.56,"188,444",-100640.58,246260.78,291428.25,-9.56,9.21,-3.99,0.94,26.59,16.4,-16.4,-17.13,51.0,390 M
05/18/2026,1630,MICC,15.74,-5.52%,Consumer Staples,.6502,0.73,<empty>,19.93,12.94,14.45,14.64,NaN,-1.0,NaN,NaN,"1,927,909",-100267.02,1634719.43,1629009.83,38.88,2.54,3.76,6.64,17.6,13.13,-13.13,-13.13,NaN,"9,637 M"
05/18/2026,1630,MKOR,59.56,-0.23%,,1.522,3.04,<empty>,65.47,23.0,58.71,51.52,38.97,-5.0,-0.8,-0.34,"54,796",-100200.05,27534.18,31257.65,373.06,28.89,2.73,-5.88,65.06,41.34,65.05,65.05,NaN,137 M
05/18/2026,1630,MLCO,5.53,+0.55%,Consumer Discretionary,.5648,0.11,$1.20,10.15,5.22,5.55,5.61,7.43,5.0,0.67,0.65,"1,455,513",-100052.06,1621281.19,1833694.28,41.02,-0.54,1.28,1.47,6.53,5.06,-5.06,-5.06,51.0,"2,147 M"
05/18/2026,1630,MLM,555.78,-0.52%,Materials,1.113,20.2,$17.13,710.97,532.805,598.94,597.98,622.1,-8.0,-0.34,-0.24,"569,933",-200133.41,502104.8,525273.73,-6.18,-2.14,-7.88,-3.64,702.57,555.41,-555.41,629.13,55.0,"33,372 M"
05/18/2026,1630,MNDY,78.04,+8.43%,Information Technology,1.218,3.89,$6.00,316.98,57.5,71.13,70.32,136.13,1.0,0.99,0.65,"2,890,723",-101070.06,1719142.63,1942663.44,152.97,5.5,0.93,15.27,82.51,58.26,88.05,88.05,57.0,"3,993 M"
05/18/2026,1630,MNSO,14.22,+0.49%,Consumer Discretionary,-.049,0.25,$0.74,26.74,13.98,14.66,15.68,19.57,-2.0,0.36,-0.73,"311,809",0.0,414446.86,448806.99,4.7,-16.55,-2.67,-4.44,20.59,14.04,-14.04,-14.04,3.0,"4,308 M"
05/18/2026,1630,MNST,88.54,+1.66%,Consumer Staples,.519,5.12,$2.10,88.77,58.09,80.11,76.87,73.19,1.0,1.0,0.97,"4,770,673",100227.07,5258945.86,5709131.78,18.96,19.5,17.74,3.04,89.06,71.33,89.06,89.06,56.0,"86,593 M"
05/18/2026,1630,MO,73.72,+0.86%,Consumer Staples,.5455,2.15,$5.14,74.56,54.7,69.79,67.48,63.97,4.0,0.82,0.57,"6,035,322",-200227.13,9689366.56,9394237.06,-41.16,13.19,0.42,3.05,75.11,63.37,75.11,75.11,51.0,"123,104 M"
05/18/2026,1630,MOH,184.88,-0.06%,Health Care,.7351,4.32,$4.84,327.68,121.06,184.57,159.8,165.52,-12.0,-0.81,-0.5,"954,626",-100059.41,1554462.68,1553932.17,-55.58,24.39,-5.45,-3.69,201.07,131.34,201.07,201.07,45.0,"9,632 M"
05/18/2026,1630,MOO,81.61,+0.55%,,.3626,1.07,<empty>,86.5583,69.32,82.61,83.27,77.4,1.0,-0.01,0.47,"415,596",-100103.07,492764.62,459712.35,105.1,-2.17,-2.45,-0.9,87.27,80.4,87.27,85.09,NaN,967 M
05/18/2026,1630,MOVE:GIF,86.0733,+7.77%,,-4.512,4.83,<empty>,115.0172,55.7659,72.11,80.22,73.75,2.0,0.33,0.9,<empty>,NaN,NaN,NaN,NaN,5.94,10.54,22.55,115.36,62.57,115.36,-67.16,NaN,0
05/18/2026,1630,MP,56.67,-7.51%,Materials,1.903,3.99,($1.81),100.2505,18.64,64.9,59.25,63.19,-8.0,-0.58,0.0,"9,070,928",-200475.03,5971372.22,5855930.83,134.21,-1.51,-14.4,-11.08,77.06,44.34,77.06,77.06,56.0,"10,089 M"
05/18/2026,1630,MPC,259.53,+1.76%,Energy,.5458,5.57,$18.98,261.61,154.65,242.33,236.11,197.51,2.0,0.74,0.66,"2,023,542",-200243.41,2552772.3,2579266.62,5.14,9.86,2.77,4.19,262.09,190.55,262.09,262.09,53.0,"75,766 M"
05/18/2026,1630,MPLX,55.44,+1.22%,Energy,.4664,0.92,$4.02,59.98,47.8,55.4,56.45,53.77,1.0,0.19,0.61,"1,420,138",300224.03,2135686.71,2000843.98,-46.22,-3.36,-3.03,1.15,60.38,53.05,-53.05,-53.05,53.0,"56,257 M"
05/18/2026,1630,MPNGY,20.775,+0.07%,Consumer Discretionary,.042,0.65,($0.64),37.88,18.56,21.35,21.17,24.64,-3.0,-0.77,-0.36,"146,233",100100.38,295384.28,333848.09,10.71,4.24,-2.78,-11.41,23.36,19.51,-19.51,24.03,5.0,"64,136 M"
05/18/2026,1630,MRNA,48.11,-1.90%,Health Care,1.075,2.77,($4.10),59.55,22.28,49.79,51.27,36.66,-4.0,-0.17,-0.41,"5,000,622",-100993.06,7178884.92,8017752.03,37.25,-8.19,1.71,-4.58,60.52,44.11,-44.11,59.05,52.0,"19,089 M"
05/18/2026,1630,MRVL,168.93,-4.50%,Information Technology,2.199,6.85,$1.62,192.15,58.61,165.65,129.78,93.67,-2.0,-0.76,-0.03,"24,367,536",300663.33,2.523658812E7,2.402595699E7,-10.18,92.8,3.22,-5.07,176.08,75.51,-75.51,192.02,6.0,"147,907 M"
05/18/2026,1630,MSFT,423.54,+0.38%,Information Technology,1.084,5.93,$9.81,555.45,356.28,417.68,399.36,462.58,3.0,0.77,0.42,"31,060,217",-100131.13,3.35755994E7,3.410094048E7,2.04,8.1,2.4,4.52,434.18,356.34,434.18,-398.12,50.0,"3,146,239 M"
05/18/2026,1630,MSGS,351.84,+0.09%,Communication Services,.5883,7.28,$2.20,360.45,186.0,338.66,327.86,262.04,4.0,0.47,0.55,"236,719",100235.34,237490.79,257237.0,50.3,11.94,3.43,1.05,346.11,304.41,-304.41,-321.06,59.0,"8,471 M"
05/18/2026,1630,MSM,104.66,0.00%,Industrials,.9883,2.07,$3.86,108.77,77.78,102.87,96.17,90.25,-5.0,-0.91,-0.32,"639,908",100333.16,675593.19,645766.2,-17.24,19.01,3.42,-1.97,107.07,85.4,-85.4,109.02,30.0,"5,844 M"
05/18/2026,1630,MSTR,166.63,-6.08%,Information Technology,3.328,9.9,($2.32),457.22,104.165,176.85,152.8,216.83,-5.0,-0.9,-0.22,"19,122,187",100889.22,1.857856676E7,1.893392654E7,37.98,18.55,-9.34,-6.4,190.09,116.31,197.05,197.05,51.0,"58,434 M"
05/18/2026,1630,MTCH,35.88,+1.36%,Communication Services,1.412,1.08,$4.28,39.2,28.8,36.63,33.71,33.62,1.0,-0.48,0.04,"4,068,599",-100143.41,5292455.86,4923192.66,52.9,16.61,-6.0,-0.53,39.11,30.35,39.11,39.11,54.0,"8,370 M"
05/18/2026,1630,MTDR,60.81,+0.78%,Energy,.8302,3.05,$0.48,66.8387,37.14,59.83,59.59,48.6,5.0,0.1,0.63,"1,339,325",200150.22,1792291.69,1909604.22,-35.32,5.61,-4.72,6.11,67.34,48.57,67.34,-54.07,49.0,"7,551 M"
05/18/2026,1630,MTUM,294.32,-1.32%,,1.061,9.21,<empty>,307.96,223.47,289.68,266.71,255.03,-5.0,-0.89,-0.23,"1,615,188",-100230.01,886725.15,851052.57,146.95,19.53,3.53,-3.63,302.06,229.34,-229.34,308.02,NaN,"25,282 M"
05/18/2026,1630,MU,681.54,-5.95%,Information Technology,1.875,98.55,$9.16,818.67,90.93,617.32,492.46,309.99,-5.0,-0.9,-0.47,"59,089,138",-100206.05,4.793701397E7,4.414962915E7,31.85,47.61,18.23,-15.19,747.06,311.33,819.05,819.05,25.0,"768,596 M"
05/18/2026,1630,MUR,40.44,+0.37%,Energy,.5783,1.66,$1.25,43.34,20.31,39.6,38.87,31.74,5.0,0.21,0.5,"1,565,368",200158.41,2429260.09,2375758.23,89.91,5.95,-4.06,5.15,43.29,30.56,43.29,-36.07,55.0,"5,797 M"
05/18/2026,1630,MUSA,565.34,+0.77%,Consumer Discretionary,.3189,20.63,$29.30,609.8206,345.2301,560.63,513.84,422.58,-9.0,-0.76,-0.3,"246,438",101137.13,350636.23,354438.59,-19.64,22.45,-4.63,-3.96,610.08,370.62,610.08,610.08,50.0,"10,442 M"
05/18/2026,1630,MZTI,112.98,-0.90%,Consumer Staples,.3886,5.59,$9.04,190.96,111.04,120.52,134.29,160.93,5.0,0.08,0.68,"358,850",-200425.11,359039.09,320501.06,34.14,-18.94,-2.79,-1.11,171.56,111.1,-111.1,-111.1,65.0,"3,098 M"
05/18/2026,1630,N225:JP,60815.95,0.00%,,<empty>,1383.11,<empty>,63799.32,36855.83,60654.33,56796.5,50752.19,-3.0,-0.88,-0.38,<empty>,NaN,NaN,NaN,NaN,13.0,1.5,-3.88,63091.07,50559.31,-50559.31,63799.02,NaN,0
05/18/2026,1630,NBIS,199.86,-9.13%,Information Technology,2.084,24.73,($12.74),233.7299,34.72,172.7,142.82,106.58,-1.0,-0.98,-0.7,"20,982,005",200312.04,1.835253108E7,1.694286528E7,30.8,68.57,13.29,-3.58,198.07,84.53,-84.53,234.02,55.0,"50,744 M"
05/18/2026,1630,NBIX,157.21,-0.76%,Health Care,.3616,11.13,$8.34,162.39,117.59,141.52,134.73,138.32,-3.0,1.0,-0.8,"1,127,630",-200137.09,1152439.49,1148377.66,33.51,20.27,17.26,-2.55,155.06,125.38,-125.38,162.02,50.0,"15,807 M"
05/18/2026,1630,NCLH,15.26,-1.68%,Consumer Discretionary,1.901,1.0,($2.10),27.1799,15.16,17.38,18.82,21.7,-2.0,-0.14,-0.28,"20,609,182",-200260.11,2.23765662E7,2.32861187E7,24.0,-22.93,-11.28,-4.98,25.55,16.03,25.55,19.17,51.0,"7,006 M"
05/18/2026,1630,NEE,89.04,-4.63%,Utilities,.7257,2.04,($7.43),98.75,63.88,94.42,93.05,84.37,-2.0,-0.26,-0.09,"39,453,927",-100228.01,9364528.34,9832738.34,444.56,-2.11,-6.77,-6.13,99.11,89.4,99.11,99.11,45.0,"185,679 M"
05/18/2026,1630,NEM,109.85,+0.72%,Materials,.4477,4.49,$8.43,134.88,49.995,113.16,111.61,98.59,-3.0,-0.45,-0.47,"7,626,487",-100458.41,9265562.71,9383634.23,-22.11,3.11,1.4,-7.66,132.54,94.4,-94.4,121.05,46.0,"117,271 M"
05/18/2026,1630,NET,201.75,+2.12%,Information Technology,1.603,21.85,$0.80,260.0,154.03,211.24,207.82,204.03,3.0,-0.35,0.18,"3,391,911",-301070.07,4526136.12,4476877.19,3.07,-10.52,-10.0,4.74,259.07,159.59,259.07,-186.03,51.0,"71,312 M"
05/18/2026,1630,NFLX,89.65,+3.02%,Communication Services,1.668,2.3,$2.81,134.115,75.01,89.99,94.26,102.43,5.0,0.3,0.33,"34,332,528",200132.22,3.931568846E7,4.386903745E7,2.74,-5.33,-1.51,2.39,109.22,75.59,109.22,-85.05,41.0,"377,498 M"
05/18/2026,1630,NIKL,15.42,-3.99%,,.9413,0.62,<empty>,21.855,10.08,17.14,16.69,15.66,-4.0,-0.33,-0.3,"262,635",0.0,169857.31,205957.49,144.1,-0.84,-8.65,-10.41,20.55,14.4,-14.4,18.07,NaN,74 M
05/18/2026,1630,NKE,42.57,+1.65%,Consumer Discretionary,1.137,0.95,$0.71,80.165,41.35,43.85,47.31,62.24,1.0,0.57,0.66,"18,499,321",100140.32,2.268581849E7,2.123525146E7,48.88,-20.39,-1.21,0.54,68.6,42.03,68.6,46.17,26.0,"63,041 M"
05/18/2026,1630,NLR,127.53,-1.66%,,.8218,6.04,<empty>,168.1199,86.09,141.32,138.62,136.45,-5.0,-0.29,-0.01,"517,272",-200239.05,445104.68,455841.1,35.64,-6.06,-11.1,-6.5,154.54,126.34,-126.34,151.17,NaN,"4,651 M"
05/18/2026,1630,NNN,44.33,+1.40%,Real Estate,.8001,0.35,$3.46,46.03,38.9,44.08,43.87,42.38,1.0,0.44,0.55,"2,791,967",100227.13,1654296.19,1597983.37,12.89,-0.16,0.61,0.84,46.54,42.34,-42.34,45.08,54.0,"8,434 M"
05/18/2026,1630,NOAH,10.28,-1.15%,Financials,.8128,0.2,$1.73,12.84,9.31,10.51,10.61,11.17,-8.0,-0.58,-0.46,"67,099",100260.36,115474.92,118428.48,1.21,-10.14,-3.84,-3.47,12.62,10.36,-10.36,11.08,6.0,674 M
05/18/2026,1630,NORW,38.99,+1.62%,,.7237,0.35,<empty>,39.1499,27.84,38.27,37.62,32.3,1.0,0.45,0.43,"74,387",-100100.16,182690.17,174616.61,69.34,5.41,0.41,1.22,39.09,34.62,39.09,39.09,NaN,159 M
05/18/2026,1630,NOW,103.42,+8.78%,Information Technology,.8286,3.87,$4.46,211.47798,81.24,92.09,99.32,144.37,3.0,0.94,0.64,"50,511,770",100566.01,2.353783729E7,2.277285138E7,140.64,-9.05,12.45,18.81,127.49,81.26,-81.26,-84.17,45.0,"106,658 M"
05/18/2026,1630,NSA,41.51,+1.19%,Real Estate,1.083,0.87,$3.59,44.015,27.43,42.64,40.07,33.26,-4.0,-0.43,-0.15,"529,804",-100336.44,1803948.55,1769383.4,-75.59,7.43,-0.24,-2.49,44.19,30.46,44.19,44.06,53.0,"3,205 M"
05/18/2026,1630,NSC,320.08,+1.31%,Industrials,1.282,2.76,$7.20,323.37,236.37,313.84,300.2,292.96,3.0,0.77,0.52,"1,523,114",200128.37,1265313.14,1311466.34,63.21,12.56,2.7,3.06,323.16,278.4,323.16,323.16,50.0,"71,888 M"
05/18/2026,1630,NSP,31.45,+4.04%,Industrials,.5829,2.59,<empty>,72.23,18.57,31.77,28.03,38.54,2.0,0.74,0.52,"601,364",-100190.41,1019916.7,1054958.55,-24.34,36.27,6.43,7.74,38.13,19.47,38.13,-28.08,51.0,"1,200 M"
05/18/2026,1630,NSSC,36.08,-0.39%,Information Technology,1.376,3.4,$1.58,48.12,26.44,42.17,42.15,41.01,1.0,0.0,0.02,"555,522",200150.47,601299.86,593352.96,81.64,-15.23,-8.91,-4.78,47.56,37.03,47.56,47.11,67.0,"1,289 M"
05/18/2026,1630,NTLA,12.69,-7.17%,Health Care,1.972,0.55,($3.24),28.25,6.83,13.89,13.64,13.21,-3.0,-0.66,-0.24,"9,625,001",200389.14,5691037.28,5404626.45,-36.53,-3.94,-8.51,-11.13,17.17,12.34,17.17,-12.13,55.0,"1,773 M"
05/18/2026,1630,NTR,71.62,+0.08%,Materials,.6773,2.65,$4.56,85.3599,53.03,72.54,74.49,64.69,6.0,0.04,0.42,"2,053,218",-100045.35,3725694.39,3673729.59,8.77,-8.04,-5.54,0.46,85.45,68.06,-68.06,-68.06,55.0,"34,379 M"
05/18/2026,1630,NUE,226.48,-0.24%,Materials,1.842,3.43,$2.32,235.45,106.211,224.51,193.8,165.49,-14.0,-0.79,-0.1,"1,304,175",100237.15,1478382.18,1511740.83,-63.62,40.53,0.3,-2.52,235.08,155.41,-155.41,235.03,48.0,"51,579 M"
05/18/2026,1630,NVDA,222.32,-1.33%,Information Technology,2.28,11.78,$3.44,236.54,129.16,211.31,193.96,186.19,-2.0,-0.98,-0.65,"144,991,974",-200252.56,1.608301208E8,1.7025041365E8,-19.57,23.24,12.01,-1.55,218.06,164.34,-164.34,237.02,2.0,"5,384,707 M"
05/18/2026,1630,NVO,44.28,-1.03%,Health Care,.7947,1.8,$1.08,81.44,35.12,43.46,40.09,49.12,-8.0,-0.81,-0.7,"15,343,614",0.0,1.732623236E7,2.009711027E7,-6.37,18.24,-0.25,-5.95,49.62,35.34,-35.34,48.05,54.0,"196,287 M"
05/18/2026,1630,NXPI,291.68,+0.06%,Information Technology,1.694,4.72,$10.12,306.62,183.0,276.42,230.32,224.3,-11.0,-0.87,-0.2,"3,356,465",-100048.07,3390261.94,3181583.71,-29.06,51.37,0.32,-2.26,304.08,185.34,307.05,307.05,48.0,"73,641 M"
05/18/2026,1630,NYT,76.68,+2.95%,Communication Services,.9863,2.13,<empty>,87.1,51.03,78.8,80.52,68.4,1.0,0.01,0.32,"1,991,066",100131.09,2132659.58,2232158.31,4.7,-4.63,-1.98,-0.42,87.29,73.62,87.29,87.08,54.0,"12,412 M"
05/18/2026,1630,O,61.71,+0.97%,Real Estate,.7459,1.0,$4.45,67.935,54.64,62.92,62.93,60.37,1.0,-0.21,0.41,"4,954,731",-100321.08,5732247.36,6014007.02,-5.07,-2.11,-2.74,0.31,68.55,60.37,-60.37,64.11,53.0,"57,544 M"
05/18/2026,1630,OC,112.20,-1.65%,Industrials,1.318,3.3,$10.00,159.42,97.53,121.24,114.29,124.62,-2.0,-0.59,-0.26,"1,190,389",-100349.41,1290465.87,1390806.2,99.22,4.02,-4.01,-5.36,137.62,99.4,-99.4,131.08,54.0,"9,035 M"
05/18/2026,1630,OIH,453.92,+3.04%,,.8815,9.65,<empty>,454.91,210.7,435.3,412.55,323.69,6.0,0.52,0.57,"608,567",-100146.54,457334.61,499370.27,55.86,18.4,2.35,3.77,451.13,366.49,-366.49,-412.07,NaN,"2,520 M"
05/18/2026,1630,OKE,93.76,+1.56%,Energy,.7745,2.55,$3.56,95.3,64.02,88.73,88.03,77.81,6.0,0.48,0.88,"2,526,865",-100038.41,4699248.59,4900743.44,-48.33,8.78,3.45,5.6,95.35,80.57,95.35,-84.07,53.0,"59,072 M"
05/18/2026,1630,OKLO,58.56,-5.93%,Utilities,2.462,5.45,($0.99),193.84,34.88,70.29,61.47,86.3,-5.0,-0.78,-0.14,"14,458,247",101312.09,1.236117566E7,1.117180623E7,-2.59,3.28,-14.64,-15.93,82.16,45.34,82.16,82.16,58.0,"10,189 M"
05/18/2026,1630,OKTA,87.04,+5.16%,Information Technology,.7132,3.48,$4.91,127.5219,62.66,78.67,77.01,85.11,2.0,1.0,0.85,"3,907,496",-200863.27,3489999.13,3727230.51,55.72,10.98,12.69,11.3,84.62,63.26,-63.26,-73.12,7.0,"15,262 M"
05/18/2026,1630,OLLI,81.37,+3.67%,Consumer Discretionary,.4882,3.79,$3.17,141.74,73.315,83.49,91.54,114.01,3.0,0.15,0.55,"2,360,846",-300644.4,1540705.5,1430990.66,92.55,-19.2,-1.31,9.63,113.62,73.03,113.62,-73.03,11.0,"4,936 M"
05/18/2026,1630,OMF,53.53,+0.02%,Financials,1.185,1.83,$27.17,71.93,45.7811,56.28,54.95,59.31,3.0,-0.37,0.29,"861,678",-100648.45,1409324.75,1420344.07,18.54,7.12,-3.01,2.08,60.19,46.44,60.19,-52.03,46.0,"6,184 M"
05/18/2026,1630,ON,109.43,-3.25%,Information Technology,1.835,5.76,$2.92,119.1,40.62,102.42,79.72,60.85,-2.0,-0.95,-0.36,"12,167,323",100673.04,1.029893143E7,9675148.99,5.69,81.0,7.24,-5.43,106.08,55.49,-55.49,119.02,53.0,"42,547 M"
05/18/2026,1630,ONEW,10.34,-2.18%,Consumer Discretionary,1.523,0.76,$4.09,17.92,8.12,10.82,10.05,13.0,-6.0,-0.73,-0.42,"85,211",300036.08,145452.5,143960.78,-49.02,23.83,1.27,-5.48,13.62,8.41,-8.41,13.06,51.0,172 M
05/18/2026,1630,ONON,38.10,+2.25%,Consumer Discretionary,2.069,1.2,$1.19,61.2882,31.41,35.7,36.03,42.39,4.0,0.59,0.78,"6,316,614",100557.05,7211192.59,6953577.76,45.1,-2.43,11.11,7.66,50.6,31.35,-31.35,-32.04,58.0,"12,700 M"
05/18/2026,1630,ONTO,254.53,-6.34%,Information Technology,1.611,12.66,$4.85,316.0,89.4,287.2,247.82,176.04,-9.0,-0.32,0.0,"1,406,228",100270.09,866974.35,920013.08,34.65,26.08,-15.03,-8.1,316.16,175.49,316.16,316.16,56.0,"12,661 M"
05/18/2026,1630,ORCL,186.61,-3.29%,Information Technology,1.529,11.27,($8.70),345.72,134.57,182.5,164.65,209.27,-6.0,-0.96,-0.43,"19,040,608",-200357.25,2.852989807E7,2.758114204E7,-43.53,22.05,3.51,-1.66,200.07,135.26,-135.26,201.02,16.0,"536,699 M"
05/18/2026,1630,ORLY,91.74,+3.67%,Consumer Discretionary,.5481,2.86,$2.26,108.715,86.77,92.98,92.26,97.04,1.0,0.35,0.12,"6,132,420",100427.13,5538579.81,5678199.16,31.64,4.58,-2.38,2.27,101.11,87.4,101.11,101.11,50.0,"76,026 M"
05/18/2026,1630,OSCR,25.30,+8.49%,Financials,2.139,2.43,$10.21,25.58,10.69,19.78,15.96,16.35,1.0,1.0,0.92,"13,463,488",300981.01,7376909.61,7239341.53,63.27,86.58,36.24,7.11,21.06,11.34,-11.34,-16.17,57.0,"7,628 M"
05/18/2026,1630,OSK,121.95,+1.30%,Industrials,1.282,13.38,$12.88,180.49,96.03,143.56,146.2,141.46,1.0,0.0,0.02,"1,117,848",-300247.06,691199.76,699012.39,264.12,-17.15,-18.63,-2.68,180.57,125.03,180.57,160.08,52.0,"7,604 M"
05/18/2026,1630,OTLY,9.91,-1.98%,Consumer Staples,1.111,0.57,($0.98),18.84,9.4,11.17,11.0,13.14,5.0,-0.29,0.16,"36,661",-100388.22,66808.87,65103.49,-42.77,-2.36,-9.66,-1.39,14.21,9.35,14.21,13.17,45.0,309 M
05/18/2026,1630,OUT,31.96,+1.43%,Real Estate,1.476,0.87,$1.36,34.96,15.45,31.35,29.16,23.48,-2.0,-0.71,-0.33,"1,377,983",-200130.02,1442464.57,1525026.44,117.84,18.5,3.06,-0.25,35.06,25.62,35.06,35.06,54.0,"5,627 M"
05/18/2026,1630,OVX:CGI,72.07,-0.39%,,-2.619,2.45,<empty>,125.99,23.59,74.63,85.04,50.62,2.0,0.05,0.39,<empty>,NaN,NaN,NaN,NaN,-25.91,-8.34,1.59,126.46,48.62,126.46,-69.02,NaN,0
05/18/2026,1630,OXLC,9.92,-0.50%,,.6526,0.14,($6.38),23.85,8.01,10.1,9.62,13.48,-2.0,-0.92,-0.54,"976,367",0.0,1265216.67,1533343.4,7.24,21.72,-2.17,-1.88,11.11,8.43,11.11,11.11,NaN,968 M
05/18/2026,1630,OXM,38.67,-1.75%,Consumer Discretionary,.9861,2.19,$0.76,56.9,30.5656,43.12,40.29,39.54,-6.0,-0.31,0.0,"396,723",-100173.36,335518.77,315810.67,70.78,17.9,-5.43,-3.01,48.18,31.41,48.18,48.17,16.0,576 M
05/18/2026,1630,OXY,59.70,+0.13%,Energy,.2094,2.53,$3.15,67.45,38.8,57.49,58.59,47.84,6.0,0.15,0.83,"12,245,243",-100146.34,1.682212972E7,1.706056799E7,-3.84,2.26,-0.95,6.27,67.33,46.62,67.33,-53.06,55.0,"59,380 M"
05/18/2026,1630,PAG,159.75,-1.50%,Consumer Discretionary,.8766,3.93,$9.05,189.51,140.12,166.2,156.73,165.4,-6.0,-0.75,-0.08,"282,797",100235.14,301600.56,302106.85,-46.19,11.5,-3.13,-4.1,182.13,140.4,182.13,182.13,50.0,"10,503 M"
05/18/2026,1630,PALL,25.57,-0.71%,,-.0751,0.7,<empty>,39.48168,17.51628,27.0,27.38,27.02,-3.0,-0.35,-0.44,"900,515",0.0,1151887.92,1221542.67,14.94,-5.53,-4.89,-6.52,33.57,24.36,-24.36,28.11,NaN,156 M
05/18/2026,1630,PAM,82.77,+4.30%,Utilities,.9058,1.66,<empty>,94.5,54.95,81.36,83.35,78.98,1.0,0.2,0.59,"273,542",-100245.33,256564.95,259864.36,36.93,-2.89,2.93,3.53,90.33,69.53,90.33,-78.11,55.0,"4,448 M"
05/18/2026,1630,PATH,10.64,+3.60%,Information Technology,.4912,0.42,$0.65,19.84,9.2002,10.45,10.85,12.99,2.0,0.45,0.34,"28,161,596",200479.47,3.070707818E7,3.194591004E7,27.57,-14.54,-1.75,12.35,13.41,9.26,13.41,-9.02,7.0,"5,538 M"
05/18/2026,1630,PBD,21.00,-1.08%,,1.349,0.46,<empty>,22.34,11.5,21.0,19.34,16.92,-5.0,-0.78,-0.28,"54,139",-200140.16,60279.22,59916.83,52.51,18.11,0.14,-3.49,22.06,17.49,22.05,22.05,NaN,220 M
05/18/2026,1630,PBH,46.60,-0.32%,Health Care,.3744,3.57,$5.09,89.24,42.62,54.03,57.27,62.28,1.0,0.0,0.14,"862,437",100133.02,620602.88,583255.88,87.78,-23.29,-15.75,-10.06,71.58,49.05,71.58,-43.02,56.0,"2,208 M"
05/18/2026,1630,PBJ,48.535,+1.12%,,.4986,0.71,<empty>,51.07,42.685,49.24,49.11,47.14,1.0,-0.03,0.33,"15,151",0.0,15451.98,17932.38,19.49,0.72,-2.2,-0.16,51.55,47.4,-47.4,50.12,NaN,92 M
05/18/2026,1630,PBR,20.70,+3.86%,Energy,.4349,0.84,$1.29,22.24,11.035,20.95,20.42,14.86,2.0,0.12,0.14,"22,466,710",-100148.47,2.862552769E7,2.797245061E7,27.64,4.7,-5.95,5.67,22.1,15.62,22.1,-20.03,56.0,"133,398 M"
05/18/2026,1630,PCAR,111.68,+1.23%,Industrials,.9896,2.37,$5.89,131.875,88.65,117.51,118.38,109.56,9.0,-0.01,0.27,"2,863,872",-100732.15,2685505.25,2871374.72,-53.95,-2.62,-2.35,-0.09,130.59,110.4,130.59,129.17,44.0,"58,776 M"
05/18/2026,1630,PD,6.95,+2.66%,Information Technology,.8025,0.29,$1.13,18.0,5.7,6.88,6.71,11.79,1.0,0.93,0.53,"1,884,097",-100607.25,2627662.2,2919291.08,-4.03,-0.29,-6.33,4.2,8.5,6.26,-6.26,8.07,7.0,533 M
05/18/2026,1630,PDD,94.97,-0.90%,Consumer Discretionary,1,2.19,$10.82,139.41,93.81,98.28,100.12,114.07,-3.0,-0.67,-0.55,"5,636,798",100242.38,7233578.3,7024699.64,43.49,-5.71,-2.88,-4.65,108.21,95.39,108.21,103.08,6.0,"135,180 M"
05/18/2026,1630,PEB,14.44,+2.70%,Real Estate,1.481,0.22,$2.05,14.845,8.69,14.19,13.38,11.85,1.0,-0.63,0.31,"1,620,022",-100346.14,2509481.74,2469877.77,-40.47,18.17,3.96,0.98,15.07,12.45,15.07,15.07,49.0,"1,637 M"
05/18/2026,1630,PECO,40.00,+1.81%,Real Estate,.4512,0.27,$1.65,40.71,32.84,39.67,38.62,36.17,1.0,0.51,0.42,"644,630",-200100.08,881199.94,875314.65,-42.2,6.58,0.76,1.63,41.14,37.38,41.14,41.14,46.0,"5,039 M"
05/18/2026,1630,PENN,16.48,+1.73%,Consumer Discretionary,1.415,0.63,($0.47),20.605,11.65,16.66,15.54,15.89,2.0,0.63,0.14,"2,845,930",301158.18,3887232.44,4284196.83,-27.93,19.08,-1.85,4.11,18.14,12.59,18.14,18.14,46.0,"2,206 M"
05/18/2026,1630,PEP,149.06,-0.04%,Consumer Staples,.3825,3.39,$6.46,171.48,127.6,153.77,154.93,150.45,2.0,-0.12,0.24,"7,698,875",-100234.41,6051154.6,6268486.26,48.79,-2.92,-3.58,-0.14,170.55,148.04,170.55,160.11,41.0,"203,730 M"
05/18/2026,1630,PFE,25.33,0.00%,Health Care,.3102,0.43,$1.67,28.745,22.6401,26.29,26.9,25.76,-2.0,0.0,-0.13,"33,657,199",0.0,3.777077543E7,3.76602237E7,-42.05,-7.28,-3.69,-2.43,29.31,26.06,29.31,28.14,50.0,"144,367 M"
05/18/2026,1630,PFF,31.16,-0.22%,,.532,0.18,<empty>,32.2645,29.86,31.45,31.03,31.31,-5.0,-0.76,-0.17,"2,609,409",100008.45,3425148.24,3446526.85,12.1,1.6,-0.32,-1.33,32.62,30.34,-30.34,32.05,NaN,"13,762 M"
05/18/2026,1630,PFG,102.40,+1.86%,Financials,.8743,0.73,$16.45,103.0,75.0,99.92,93.95,87.68,1.0,0.85,0.48,"1,178,749",-200132.41,1470606.41,1560730.44,-9.98,18.14,2.96,1.97,103.08,85.4,103.08,103.08,48.0,"22,120 M"
05/18/2026,1630,PFIG,23.77,-0.13%,,.2233,0.07,<empty>,26.96,23.57,24.01,24.04,24.22,-3.0,-0.43,-0.3,"121,891",-100000.01,29440.84,27195.94,970.95,-1.21,-0.81,-1.03,24.61,24.35,24.61,24.12,NaN,112 M
05/18/2026,1630,PFIX,51.44,+2.23%,,-.0311,1.24,<empty>,65.1521,41.45,47.29,46.38,47.72,2.0,1.0,0.82,"737,465",-100143.24,702336.21,679429.61,194.31,11.7,6.94,5.52,50.35,41.55,-41.55,-44.17,NaN,226 M
05/18/2026,1630,PG,142.39,+0.58%,Consumer Staples,.3943,2.06,$6.43,170.99,137.62,145.12,145.73,150.02,1.0,-0.35,0.46,"7,728,760",-100029.41,9693751.33,9924983.41,-2.97,-2.94,-0.72,0.11,167.55,141.29,-141.29,152.16,50.0,"331,569 M"
05/18/2026,1630,PGNY,24.05,+3.44%,Health Care,.9934,2.32,$2.18,28.75,16.1,20.17,18.56,21.78,-3.0,0.96,-0.86,"1,850,428",100133.07,1481085.53,1593842.59,37.53,34.58,27.18,2.3,24.06,16.26,24.05,24.05,56.0,"1,884 M"
05/18/2026,1630,PGRO,47.4181,-0.46%,,1.165,0.89,<empty>,48.4,37.59,46.5,43.69,43.86,-2.0,-0.96,-0.27,"3,063",-100100.2,22311.92,21485.0,-49.66,15.17,3.49,-0.69,47.06,39.34,-39.34,48.02,NaN,113 M
05/18/2026,1630,PINK,36.48,-0.27%,,.7247,0.83,<empty>,38.68,27.89,35.48,34.6,34.27,-2.0,0.64,-0.67,"24,841",-100033.17,102144.18,112544.13,-94.94,10.11,4.59,-0.23,36.55,32.35,-32.35,37.02,NaN,254 M
05/18/2026,1630,PINS,19.93,+2.36%,Communication Services,.9141,0.91,$1.82,39.93,13.84,20.35,19.34,26.39,1.0,-0.84,0.32,"11,377,955",-101055.1,1.79671324E7,1.95230554E7,-7.42,6.18,-4.41,3.0,25.09,15.62,25.09,-19.02,58.0,"11,164 M"
05/18/2026,1630,PJP,105.05,-0.57%,,.4658,1.35,<empty>,110.8099,78.25,105.57,104.25,100.71,-2.0,-0.52,-0.51,"3,435",100020.19,26856.22,25384.47,-93.66,3.44,-0.77,-3.11,111.57,99.38,-99.38,108.02,NaN,328 M
05/18/2026,1630,PK,11.09,+3.07%,Real Estate,1.354,0.22,$1.87,12.39,9.84,11.15,10.89,11.02,1.0,0.48,0.27,"4,386,809",-200054.12,4032306.26,4149551.12,97.61,5.52,0.45,2.59,12.11,10.29,12.11,12.11,51.0,"2,233 M"
05/18/2026,1630,PKB,100.8485,-1.23%,,1.284,2.61,<empty>,111.2354,75.5301,106.35,102.37,97.89,-2.0,-0.44,-0.21,"10,910",0.0,16908.33,20737.33,46.64,4.6,-5.75,-3.01,111.6,93.4,-93.4,111.08,NaN,425 M
05/18/2026,1630,PLAY,10.40,+2.87%,Consumer Discretionary,1.729,0.51,($2.90),35.53,9.61,11.12,12.05,17.12,4.0,0.28,0.46,"1,513,127",300184.19,1885645.02,1698962.06,5.46,-22.16,-3.7,4.0,17.62,10.35,-10.35,13.17,15.0,361 M
05/18/2026,1630,PLD,142.31,+1.27%,Real Estate,1.359,1.67,$5.53,145.44,103.02,141.76,137.31,127.06,1.0,-0.64,0.39,"2,980,211",0.0,3443984.75,3411276.5,-26.36,8.47,2.56,0.22,145.21,127.4,145.21,145.05,39.0,"132,681 M"
05/18/2026,1630,PLNT,54.13,+2.83%,Consumer Discretionary,1.053,7.86,$3.23,114.47,37.03,59.87,68.34,92.4,5.0,0.08,0.6,"3,130,873",100864.07,2308843.19,2344086.72,20.94,-27.49,-14.47,7.0,95.62,37.07,-37.07,-37.07,54.0,"4,283 M"
05/18/2026,1630,PLTR,135.14,+0.86%,Information Technology,1.451,3.98,$1.13,207.52,118.93,139.25,143.96,163.24,3.0,0.55,0.41,"31,765,931",-300356.1,4.603093554E7,4.826063981E7,28.31,-11.54,-7.46,3.91,162.38,123.26,-123.26,-129.03,53.0,"323,973 M"
05/18/2026,1630,PM,191.50,+1.00%,Consumer Staples,.4315,10.43,$6.85,192.95,142.11,172.64,167.37,164.95,-2.0,1.0,-0.95,"3,704,001",-200337.33,4948835.75,4955114.91,-8.93,15.26,13.19,1.91,191.57,152.32,-152.32,-161.15,45.0,"298,464 M"
05/18/2026,1630,PNC,213.72,+0.41%,Financials,.9071,3.87,$16.37,243.94,169.32,219.03,213.93,206.13,3.0,-0.37,0.31,"1,452,922",-100039.41,2234650.16,2311669.5,-13.81,6.24,-1.98,1.84,235.62,198.41,-198.41,-210.03,39.0,"85,822 M"
05/18/2026,1630,PNDRY,10.3200,+2.99%,Consumer Discretionary,1.634,0.45,<empty>,23.7625,8.25,9.95,9.48,13.27,1.0,0.95,0.52,"133,663",100000.45,159456.06,176086.13,-6.07,25.09,6.61,2.08,11.08,8.42,11.08,11.08,NaN,"6,176 M"
05/18/2026,1630,POET,14.21,-11.02%,Information Technology,.535,3.97,($0.36),20.81,3.87,11.31,8.4,6.7,-2.0,-0.98,-0.76,"74,769,269",301998.03,3.730248928E7,3.07234095E7,-7.94,129.94,99.86,-1.11,16.16,5.34,-5.34,21.02,59.0,"2,170 M"
05/18/2026,1630,POOL,181.39,+3.44%,Consumer Discretionary,1.117,12.69,$8.48,345.0,172.68,201.61,206.3,255.77,3.0,0.18,0.33,"1,229,788",-100543.1,822247.47,876253.33,25.64,-11.85,-10.75,3.43,258.62,175.03,258.62,249.17,46.0,"6,610 M"
05/18/2026,1630,PPLT,17.84,-0.35%,,.0371,0.7,<empty>,26.162,9.021,18.29,18.36,16.73,-3.0,-0.33,-0.55,"1,639,795",0.0,3391685.36,3685496.08,-42.84,-2.95,1.23,-8.74,22.55,16.36,-16.36,20.03,NaN,243 M
05/18/2026,1630,PR,20.92,+0.38%,Energy,.546,0.91,$0.46,22.675,11.92,20.85,20.49,15.84,4.0,0.11,0.41,"8,725,252",-100243.08,1.373674338E7,1.362890933E7,-50.12,6.68,-7.1,3.36,23.09,17.56,23.09,-20.07,55.0,"17,516 M"
05/18/2026,1630,PRAA,14.86,-1.98%,Financials,1.096,2.97,($0.34),22.55,10.25,19.57,18.83,16.29,2.0,-0.15,0.04,"539,062",-200189.03,445910.8,528554.67,92.05,-15.23,-30.53,1.09,23.11,10.59,23.11,23.11,58.0,567 M
05/18/2026,1630,PRGO,10.68,+0.66%,Health Care,.5008,0.49,$0.81,28.435,9.225,11.45,10.8,15.96,-8.0,-0.85,-0.38,"2,275,517",-100196.3,3143378.85,3314141.4,31.22,7.44,-6.23,-2.11,15.6,9.4,-9.4,13.08,52.0,"1,478 M"
05/18/2026,1630,PRMB,23.50,+1.38%,Consumer Staples,.5094,1.66,<empty>,33.29,14.36,21.31,20.28,20.29,-4.0,0.97,-0.81,"4,485,298",100546.57,4436084.51,4998497.75,-5.16,18.87,16.97,0.3,24.06,18.36,24.06,24.06,60.0,"8,527 M"
05/18/2026,1630,PRVA,23.69,+3.22%,Health Care,.9427,0.76,$1.12,26.51,18.77,23.81,22.71,23.14,3.0,0.52,0.18,"611,701",100438.08,939199.27,954641.02,-39.61,9.73,-2.27,4.68,25.11,20.35,25.11,-21.07,55.0,"2,985 M"
05/18/2026,1630,PSA,296.15,+1.26%,Real Estate,.9724,6.53,$18.46,313.51,256.54,303.73,293.48,286.57,-4.0,-0.64,-0.37,"648,211",-100130.45,1143986.82,1148966.44,-60.69,6.69,0.27,-2.49,314.19,263.37,314.19,313.06,50.0,"51,988 M"
05/18/2026,1630,PSCE,63.76,+2.51%,,.7764,1.22,<empty>,64.17,36.01,61.82,60.33,48.64,3.0,0.38,0.6,"50,124",-100133.12,53259.08,51120.3,-7.24,7.94,0.27,3.95,64.09,53.62,64.09,-59.07,NaN,128 M
05/18/2026,1630,PSCI,165.2768,-0.01%,,1.154,3.16,<empty>,178.02,123.83,170.48,163.22,156.14,-8.0,-0.58,-0.22,"1,714",-300122.02,4045.59,5193.8,178.68,7.95,-2.48,-1.6,176.07,149.4,176.07,176.07,NaN,167 M
05/18/2026,1630,PSCU,63.6606,+0.71%,,.7496,1.19,<empty>,66.85,53.4318,65.11,62.67,58.99,1.0,-0.29,0.1,"9,183",-100200.41,9022.36,7400.07,129.09,8.81,-3.62,0.3,67.11,58.59,67.11,-63.03,NaN,17 M
05/18/2026,1630,PSP,59.7209,-0.07%,,1.27,0.91,<empty>,72.97,54.18,60.92,58.85,65.4,-6.0,-0.72,-0.27,"18,019",100226.55,53143.82,63919.13,21.49,5.12,-1.94,-1.21,64.62,54.35,-54.35,62.08,NaN,253 M
05/18/2026,1630,PSX,179.80,+2.78%,Energy,.6959,3.54,$0.29,190.61,109.75,171.05,171.3,145.73,2.0,0.52,0.71,"1,886,214",-200240.33,3219800.58,3176855.28,-33.32,4.09,0.75,4.64,191.34,149.56,191.34,181.09,47.0,"72,088 M"
05/18/2026,1630,PTLO,3.93,-1.26%,Consumer Discretionary,1.608,0.9,($0.14),13.31,3.93,5.22,5.39,5.69,5.0,0.0,0.23,"2,004,809",-300057.08,1697680.31,1652399.19,121.0,-29.19,-31.29,-2.72,7.18,4.04,7.18,7.11,53.0,284 M
05/18/2026,1630,PVH,80.33,+1.11%,Consumer Discretionary,1.21,4.67,$11.19,100.15,59.6,88.74,80.03,76.6,2.0,-0.21,0.04,"763,512",300238.29,1192498.63,1104577.79,12.04,29.21,-9.09,0.05,100.18,60.46,100.18,-78.03,11.0,"3,701 M"
05/18/2026,1630,PYPL,44.385,-0.06%,Financials,1.435,2.38,$5.85,79.5,38.46,47.88,46.71,57.71,5.0,-0.64,0.38,"9,432,926",0.0,1.560005508E7,1.880293332E7,-3.37,-0.46,-11.92,-1.87,52.19,41.59,52.19,52.13,49.0,"39,152 M"
05/18/2026,1630,PZZA,32.99,-5.01%,Consumer Discretionary,1.144,1.3,$0.80,55.74,29.5501,34.89,34.86,40.32,6.0,-0.53,0.32,"1,581,119",-100567.47,1306024.07,1350199.8,169.37,-3.9,-4.49,0.89,40.47,30.49,40.47,-31.05,55.0,"1,085 M"
05/18/2026,1630,QAT,18.58,-0.54%,,.3834,0.18,<empty>,20.64,17.712,18.96,18.84,19.32,-5.0,-0.45,-0.34,"3,286",500000.06,43484.35,39522.89,-4.33,-0.48,-1.64,-0.96,20.62,18.34,-18.34,19.16,NaN,82 M
05/18/2026,1630,QBTS,19.06,-6.34%,Information Technology,2.544,1.57,($0.30),46.75,11.89,20.78,18.22,22.86,-5.0,-0.84,-0.31,"24,548,745",-100315.23,2.732217917E7,2.676966346E7,53.49,15.59,-8.89,-11.1,24.08,13.34,25.05,25.05,55.0,"7,060 M"
05/18/2026,1630,QCOM,203.64,+1.07%,Information Technology,1.45,20.7,$11.61,247.9,121.99,180.13,150.34,159.25,-5.0,-0.9,-0.32,"21,015,978",400281.06,1.918642256E7,1.707860916E7,-8.31,56.08,20.94,-4.47,228.06,122.29,248.05,248.05,50.0,"214,637 M"
05/18/2026,1630,QMOM,76.0854,-1.62%,,1.052,1.85,<empty>,80.56,60.24,77.26,73.11,67.88,-3.0,-0.83,-0.22,"20,790",300121.09,24974.27,23939.09,-31.25,11.24,-0.82,-4.76,81.07,64.34,81.07,81.07,NaN,442 M
05/18/2026,1630,QQQ,705.88,-0.43%,,1.222,18.95,<empty>,722.03,505.58,683.31,633.58,611.66,-5.0,-0.95,-0.37,"49,578,944",100128.54,5.24683181E7,5.702804443E7,45.19,18.66,4.9,-1.24,711.06,556.34,-556.34,722.02,NaN,"466,410 M"
05/18/2026,1630,QS,7.57,-5.49%,Consumer Discretionary,2.57,0.55,($0.48),19.0699,3.8,7.55,7.02,10.13,-2.0,-0.95,-0.84,"26,521,027",-300102.04,1.866435032E7,1.76907692E7,23.44,10.51,5.29,-12.59,10.17,6.31,10.17,-7.13,45.0,"4,657 M"
05/18/2026,1630,QSR,75.69,-0.20%,Consumer Discretionary,.5256,1.83,$4.45,81.96,61.33,78.75,76.57,69.87,-6.0,-0.22,0.0,"1,912,698",-200525.09,3711811.57,3608250.73,-51.83,1.93,-5.45,-0.98,82.08,67.59,82.08,82.08,55.0,"26,263 M"
05/18/2026,1630,QTUM,141.97,-0.78%,,1.307,5.35,<empty>,148.4299,83.2428,137.85,123.12,112.04,-5.0,-0.91,-0.29,"662,767",-100135.05,412162.17,394411.42,50.03,28.09,4.63,-3.28,145.06,101.34,-101.34,148.02,NaN,"4,742 M"
05/18/2026,1630,QUBT,9.715,-7.52%,Information Technology,2.518,0.97,($0.23),25.84,6.18,9.76,8.39,12.33,-2.0,-0.95,-0.45,"18,056,956",-100804.05,1.673767648E7,1.563328938E7,106.49,34.0,2.26,-11.92,11.08,6.34,14.04,14.04,58.0,"2,191 M"
05/18/2026,1630,R,231.55,+0.67%,Industrials,.9954,7.99,$23.44,259.0,143.335,238.89,218.76,195.75,3.0,-0.45,0.22,"371,305",200435.18,396802.24,397078.08,-36.61,19.68,-0.61,1.87,259.11,186.45,259.11,-225.04,46.0,"8,959 M"
05/18/2026,1630,RBLX,46.98,+9.64%,Communication Services,1.499,4.57,$2.18,150.59,40.15,49.16,54.15,90.29,6.0,0.55,0.46,"15,901,352",100671.12,1.100205261E7,1.076753411E7,144.58,-19.38,-1.24,11.96,72.56,40.03,72.56,-40.03,51.0,"33,637 M"
05/18/2026,1630,RCL,252.59,-2.96%,Consumer Discretionary,1.772,9.35,$5.05,366.5,232.6,264.61,271.44,295.37,-7.0,-0.32,-0.46,"2,578,877",-200252.13,2594637.95,2609345.71,21.05,-6.28,-2.66,-4.39,327.62,250.13,-250.13,289.07,49.0,"67,743 M"
05/18/2026,1630,RDNT,54.17,+3.40%,Health Care,1.414,2.09,$1.34,85.84,50.76,56.54,57.96,69.42,1.0,-0.42,0.37,"466,983",100348.05,890322.74,897747.84,-21.99,-12.61,-7.02,2.25,75.54,52.03,75.54,63.05,55.0,"4,260 M"
05/18/2026,1630,REAL,9.46,+4.42%,Consumer Discretionary,2.568,1.46,$0.12,17.3922,4.7,11.27,10.38,11.59,1.0,-0.41,0.1,"3,119,795",-200085.07,3556904.9,3740209.57,66.34,0.21,-26.38,0.53,14.55,8.34,-8.34,-9.03,58.0,"1,140 M"
05/18/2026,1630,REG,77.33,+1.67%,Real Estate,.8475,0.94,$4.42,81.66,66.855,78.53,77.68,73.2,1.0,0.16,0.26,"947,943",-200022.13,1429264.2,1388840.43,-45.45,1.22,-1.8,0.86,82.2,74.37,82.2,81.16,50.0,"14,159 M"
05/18/2026,1630,REGN,629.68,-9.82%,Health Care,.3065,22.57,$36.48,821.11,476.4869,716.8,739.75,691.83,-2.0,0.0,-0.32,"2,995,815",100235.01,740001.97,722260.05,426.34,-15.38,-11.21,-12.53,797.62,669.13,797.62,767.17,51.0,"66,015 M"
05/18/2026,1630,REXR,35.27,+1.53%,Real Estate,1.237,0.42,$0.88,44.38,32.14,35.75,34.93,38.94,1.0,-0.74,0.21,"1,601,374",-200330.17,2458670.92,2510162.88,-29.78,2.86,0.37,-0.93,38.56,32.33,-32.33,37.16,40.0,"7,961 M"
05/18/2026,1630,REZ,90.43,+1.19%,,.8825,0.89,<empty>,92.35,80.45,89.84,87.51,85.15,-4.0,-0.84,-0.47,"29,391",0.0,41478.2,45188.39,-43.31,4.4,0.91,-1.69,92.06,82.34,-82.34,92.02,NaN,850 M
05/18/2026,1630,RGTI,16.62,-6.89%,Information Technology,3.142,1.19,($0.25),58.1501,10.3,17.98,16.64,23.02,-5.0,-0.92,-0.41,"30,993,979",-100215.23,2.8560786E7,2.881262723E7,76.56,6.06,-6.1,-9.75,20.21,13.34,21.04,21.04,60.0,"5,524 M"
05/18/2026,1630,RH,120.72,-1.99%,Consumer Discretionary,1.915,4.25,$13.29,257.0,106.3037,131.0,130.57,178.54,-4.0,-0.47,-0.53,"990,079",200274.33,1301564.09,1269731.58,48.22,-10.27,-1.33,-6.33,227.6,106.32,-106.32,141.16,17.0,"2,282 M"
05/18/2026,1630,RHP,108.50,+3.54%,Real Estate,1.186,2.22,<empty>,112.5,83.82,105.68,99.22,96.01,1.0,-0.8,0.34,"960,485",-200222.03,569337.91,583205.5,38.3,18.49,2.94,1.52,113.07,90.4,113.07,113.07,53.0,"6,847 M"
05/18/2026,1630,RIOT,23.18,-1.32%,Information Technology,3.731,3.08,($3.27),25.8599,7.93,20.81,17.26,16.27,-5.0,-0.95,-0.56,"16,917,435",100691.09,1.834608445E7,1.850377176E7,-19.5,64.4,24.09,-6.98,24.06,12.34,26.05,26.05,51.0,"8,766 M"
05/18/2026,1630,RIVN,13.35,-3.19%,Consumer Discretionary,1.744,0.8,($2.50),22.69,11.57,15.23,15.48,15.34,-1.0,-0.22,-0.41,"28,643,063",-100370.42,2.808197255E7,2.776772074E7,75.87,-14.04,-7.99,-6.45,18.18,14.04,18.18,18.17,54.0,"17,927 M"
05/18/2026,1630,ROBO,84.24,-0.88%,,1.394,2.54,<empty>,87.4999,54.78,82.71,76.18,70.85,-5.0,-0.92,-0.4,"320,244",100034.04,165994.87,177974.63,274.53,19.07,3.9,-3.46,87.06,65.34,-65.34,87.03,NaN,"1,874 M"
05/18/2026,1630,ROK,436.36,-2.46%,Industrials,1.521,22.1,$11.92,463.485,298.7,427.92,395.5,381.04,-5.0,-0.93,-0.43,"690,452",-100435.1,829947.2,907792.36,21.31,22.88,9.01,-4.09,463.08,348.34,463.08,463.08,55.0,"48,556 M"
05/18/2026,1630,ROKU,124.15,+0.10%,Communication Services,1.97,4.44,$3.65,131.39,67.6679,121.6,108.05,100.74,-6.0,-0.87,-0.32,"1,930,617",-100252.12,2634161.25,2892897.97,0.37,29.78,-1.48,-1.22,131.06,83.59,131.05,131.05,51.0,"18,336 M"
05/18/2026,1630,ROST,211.08,-0.78%,Consumer Discretionary,.8587,6.83,$6.85,231.16,124.49,222.62,218.87,181.91,2.0,0.0,0.01,"3,672,129",-300538.06,2461252.21,2595116.1,187.35,1.86,-6.61,-0.32,231.07,194.53,231.07,-209.03,3.0,"67,999 M"
05/18/2026,1630,RRC,42.36,-0.24%,Energy,.5473,1.0,$3.42,48.31,32.6,42.13,42.99,38.1,5.0,0.21,0.65,"1,814,440",100042.19,3412697.47,3464019.08,-10.14,-2.58,-1.49,2.67,48.35,37.62,48.35,-40.07,49.0,"9,981 M"
05/18/2026,1630,RRR,52.12,+1.32%,Consumer Discretionary,1.353,1.31,$4.17,67.99,43.28,53.57,55.54,58.37,1.0,0.17,0.37,"707,477",-200040.13,955718.03,930328.71,-36.28,-10.37,0.85,2.12,66.6,51.1,66.6,57.17,49.0,"3,047 M"
05/18/2026,1630,RSI,27.67,+3.36%,Consumer Discretionary,1.633,0.57,$1.21,29.24,11.5,26.53,23.54,20.21,1.0,-0.76,0.11,"1,157,816",100654.09,1865251.35,2015449.8,-41.03,35.17,-0.29,2.44,29.09,18.61,29.09,29.09,50.0,"2,849 M"
05/18/2026,1630,RSP,202.80,+0.62%,,.9263,1.13,<empty>,205.53,173.0,202.74,198.2,193.61,-8.0,-0.83,-0.38,"13,785,222",100119.54,1.154527737E7,1.385285704E7,110.13,4.82,0.58,-0.06,206.07,187.34,206.07,206.07,NaN,"86,656 M"
05/18/2026,1630,RSPG,109.39,+1.79%,,.5401,2.71,<empty>,114.01,71.2088,105.34,105.08,87.9,6.0,0.33,0.79,"86,997",100026.53,139450.64,162038.37,-26.11,4.53,0.13,4.56,114.34,96.62,114.34,-100.07,NaN,621 M
05/18/2026,1630,RSPU,77.72,+0.61%,,.6173,1.44,<empty>,84.5195,69.73,80.02,81.02,77.91,1.0,0.0,0.27,"54,747",-100012.12,58689.18,54791.68,198.0,-5.76,-4.46,-1.14,85.55,78.03,85.55,83.11,NaN,536 M
05/18/2026,1630,RTO,32.21,+2.16%,Industrials,1.018,0.77,$0.28,34.665,22.72,33.25,32.71,29.18,1.0,-0.15,0.09,"520,793",-100249.47,1187547.45,1290312.44,-49.59,1.19,-3.79,-0.09,35.24,28.52,35.24,34.08,51.0,"16,210 M"
05/18/2026,1630,RUT,2775.102,-0.65%,,1.2,39.96,<empty>,2888.6179,2011.199,2811.32,2661.18,2530.62,-8.0,-0.79,-0.11,<empty>,NaN,NaN,NaN,NaN,11.96,-0.75,-2.42,2889.08,2405.34,2889.08,2889.08,NaN,0
05/18/2026,1630,RVLV,18.45,-0.86%,Consumer Discretionary,1.67,2.85,$0.69,31.68,17.35,22.76,23.3,24.26,3.0,0.0,0.23,"1,193,730",-200457.04,1080525.52,1229008.85,85.22,-19.33,-21.36,5.37,28.21,17.03,28.21,-17.03,54.0,"1,320 M"
05/18/2026,1630,RVX,24.63,-1.52%,,-4.2,0.85,<empty>,35.28,18.0,23.95,27.14,24.09,2.0,0.26,0.91,<empty>,NaN,NaN,NaN,NaN,-20.63,0.53,2.07,35.35,22.08,-22.08,-22.08,NaN,0
05/18/2026,1630,S,17.54,+4.03%,Information Technology,.7015,0.87,$0.16,21.4,11.81,15.43,14.33,15.59,2.0,1.0,0.89,"8,038,404",-100153.41,7914862.4,7870703.26,84.14,21.97,12.44,9.08,17.06,12.26,-12.26,-14.17,7.0,"5,990 M"
05/18/2026,1630,SBAC,203.34,+1.86%,Real Estate,.9942,7.04,$0.08,243.16,162.41,214.28,202.05,197.94,1.0,-0.4,0.02,"600,751",400739.29,1220255.98,1206184.3,-48.54,11.1,-6.69,-2.08,224.2,162.37,224.2,223.12,53.0,"21,567 M"
05/18/2026,1630,SBUX,106.60,-0.20%,Consumer Discretionary,1.017,0.75,$2.40,108.88,77.99,103.55,98.7,90.79,-11.0,-0.92,-0.6,"6,585,843",100335.14,7774554.31,7704716.46,-36.57,15.04,1.55,0.61,108.08,86.35,-86.35,109.02,49.0,"121,492 M"
05/18/2026,1630,SCJ,104.69,-0.14%,,.5098,2.46,<empty>,107.3199,80.8,101.99,100.11,95.38,-2.0,-0.68,-0.74,"112,623",-200021.4,72850.76,85236.23,273.1,7.72,4.74,-1.12,107.55,94.4,-94.4,107.02,NaN,251 M
05/18/2026,1630,SE,88.29,+0.07%,Consumer Discretionary,1.678,3.44,$7.77,199.3,77.05,87.1,85.55,132.08,-3.0,-0.98,-0.46,"3,542,696",200153.05,4270887.65,5174978.5,0.47,4.52,3.37,-5.59,117.61,77.53,-77.53,100.03,58.0,"54,076 M"
05/18/2026,1630,SFD,25.68,+2.68%,Consumer Staples,.4178,0.54,$2.03,29.805,21.08,26.71,26.48,24.1,11.0,0.02,0.28,"1,236,341",-100636.15,1811539.74,1601516.82,-69.18,9.04,-3.49,1.78,30.26,23.41,30.26,-25.03,49.0,"10,104 M"
05/18/2026,1630,SFM,88.39,+3.37%,Consumer Staples,.6491,4.52,$3.74,182.0,64.75,79.57,78.38,93.09,-3.0,1.0,-0.71,"2,327,019",200841.13,2266776.23,2525048.2,13.12,4.81,9.54,0.14,86.06,65.6,-65.6,92.03,50.0,"8,313 M"
05/18/2026,1630,SG,8.65,+6.92%,Consumer Discretionary,1.999,0.57,($1.07),16.7,4.49,6.96,6.18,7.09,3.0,1.0,0.81,"11,333,292",200881.01,4383358.38,4466149.17,274.5,56.7,28.53,31.46,7.15,4.34,-4.34,-6.04,56.0,"1,028 M"
05/18/2026,1630,SHAK,59.69,-1.19%,Consumer Discretionary,1.607,17.06,$0.40,144.65,59.49,85.45,89.82,92.84,4.0,0.0,0.13,"2,504,518",-300750.06,1777214.08,1752702.96,190.16,-31.47,-37.54,-6.6,107.56,64.05,107.56,104.16,51.0,"2,409 M"
05/18/2026,1630,SHEL,88.59,+3.78%,Energy,.0811,2.26,$3.57,94.9,65.38,87.4,89.48,78.08,6.0,0.07,0.54,"5,723,952",-300132.15,8222123.34,7870243.45,-69.71,-4.49,-0.75,4.31,95.33,79.6,95.33,-84.06,51.0,"246,729 M"
05/18/2026,1630,SHO,10.40,+2.46%,Real Estate,.9798,0.24,$1.02,10.575,8.43,9.99,9.53,9.3,1.0,0.96,0.52,"1,936,012",100131.03,1681692.09,1706774.19,71.31,14.92,7.11,1.56,11.06,9.4,11.06,11.06,55.0,"1,937 M"
05/18/2026,1630,SHOC,102.55,-1.98%,,1.816,5.09,<empty>,109.365,44.75,99.11,85.87,71.74,-5.0,-0.9,-0.26,"57,062",-100100.01,16886.35,16756.83,342.5,38.51,7.89,-4.71,106.06,68.34,-68.34,109.02,NaN,230 M
05/18/2026,1630,SHOO,38.72,-0.18%,Consumer Discretionary,1.134,1.15,$1.23,46.88,22.2615,38.49,36.33,36.56,-2.0,-0.64,-0.58,"842,021",-100061.58,1136050.01,1259258.62,0.66,18.74,6.32,0.55,41.06,31.45,41.06,41.06,50.0,"2,830 M"
05/18/2026,1630,SHOP,102.39,+2.10%,Information Technology,2.613,10.61,$1.63,182.19,94.0,114.51,118.63,140.94,3.0,0.37,0.27,"9,903,922",-100760.1,1.007734812E7,1.065827841E7,101.02,-17.26,-19.73,7.33,137.19,95.03,137.19,-94.02,54.0,"132,867 M"
05/18/2026,1630,SHY,82.10,+0.05%,,.0486,0.11,<empty>,83.2,82.06,82.31,82.41,82.76,1.0,-0.23,0.32,"3,800,404",-200003.34,4809302.52,4826591.55,-8.99,-0.5,-0.06,-0.11,83.55,82.1,83.55,83.16,NaN,"24,885 M"
05/18/2026,1630,SHYG,42.26,+0.02%,,.2877,0.11,<empty>,43.39,41.825,42.49,42.38,42.82,-2.0,-0.53,-0.14,"1,661,592",0.0,1551898.85,1598672.64,112.61,0.19,-0.19,-0.38,43.6,42.35,-42.35,43.15,NaN,"7,539 M"
05/18/2026,1630,SIL,90.61,-1.08%,,.8244,5.91,<empty>,119.24,39.3853,93.75,93.2,81.8,-3.0,-0.46,-0.65,"1,883,212",0.0,2184356.37,2455770.82,-42.95,3.12,4.27,-11.7,119.54,78.4,-78.4,104.03,NaN,"5,115 M"
05/18/2026,1630,SILJ,29.58,-2.02%,,.8894,2.05,<empty>,41.1,11.8865,30.82,30.75,27.06,-3.0,-0.45,-0.64,"5,238,728",0.0,5566764.22,6180218.83,24.69,1.09,2.85,-13.69,40.55,26.4,-26.4,35.03,NaN,"4,181 M"
05/18/2026,1630,SITM,725.59,-6.26%,Information Technology,2.919,128.19,$2.10,901.81,186.49,660.25,490.23,357.69,-5.0,-0.89,-0.33,"449,476",-100980.41,487169.2,456787.47,43.06,111.06,28.5,-13.14,845.07,305.49,902.05,902.05,55.0,"19,153 M"
05/18/2026,1630,SIVR,73.51,+1.34%,,.4711,5.03,<empty>,115.26,30.74,73.94,73.12,61.38,-3.0,-0.35,-0.67,"1,290,889",0.0,2318457.13,2599293.91,-17.2,1.86,6.11,-11.85,90.55,63.36,-63.36,85.03,NaN,"5,370 M"
05/18/2026,1630,SJM,103.64,+3.08%,Consumer Staples,.2572,1.99,$9.11,119.39,88.25,98.1,97.98,103.96,1.0,0.79,0.88,"2,745,432",-300128.56,1947848.86,2235241.41,-27.21,2.21,6.94,2.75,119.56,88.25,-88.25,-95.17,15.0,"11,053 M"
05/18/2026,1630,SKYY,129.29,+0.61%,,1.21,3.64,<empty>,143.74,103.76,124.41,116.71,124.75,-8.0,-0.92,-0.5,"586,912",-100133.05,325332.31,338636.1,334.57,14.15,2.09,2.92,131.07,104.26,131.07,131.07,NaN,"2,657 M"
05/18/2026,1630,SLG,42.93,+1.13%,Real Estate,1.596,1.1,$0.83,66.91,34.77,43.31,40.35,47.61,-6.0,-0.85,-0.2,"1,186,471",-100561.41,1278178.65,1350214.01,-7.16,11.88,2.24,-0.69,47.07,35.35,47.07,47.07,45.0,"3,053 M"
05/18/2026,1630,SLV,69.94,+1.30%,,.474,4.79,<empty>,109.83,29.305,70.37,69.6,58.45,-3.0,-0.35,-0.67,"22,445,651",0.0,3.265226723E7,4.01169654E7,4.13,1.8,6.07,-11.86,85.55,60.36,-60.36,81.03,NaN,"37,355 M"
05/18/2026,1630,SLX,105.73,-0.15%,,1.236,2.66,<empty>,110.03,61.3668,104.77,97.73,85.6,-3.0,-0.9,-0.43,"84,096",-300029.02,46941.9,48029.56,691.46,19.39,3.3,-3.68,109.07,85.4,-85.4,110.03,NaN,163 M
05/18/2026,1630,SMCI,30.85,-0.61%,Information Technology,1.655,2.97,($11.46),62.358,19.48,30.1,27.77,36.51,-6.0,-0.95,-0.57,"26,598,249",201089.09,4.042208776E7,3.732866598E7,14.24,1.65,10.49,-3.59,36.06,19.39,36.05,36.05,54.0,"18,554 M"
05/18/2026,1630,SMH,546.16,-1.83%,,1.679,27.22,<empty>,581.1699,234.585,526.01,454.8,377.14,-5.0,-0.9,-0.3,"12,218,343",-100148.05,9662663.74,9524182.92,-3.53,38.74,7.77,-4.59,567.06,360.34,-360.34,581.02,NaN,"61,930 M"
05/18/2026,1630,SMIN,65.11,-1.71%,,.4547,1.08,<empty>,78.535,57.7758,66.75,64.14,69.27,-6.0,-0.74,-0.08,"123,019",200122.4,185759.33,171639.06,67.32,6.51,-1.15,-2.3,69.07,58.34,69.07,69.07,NaN,612 M
05/18/2026,1630,SMPL,11.80,+2.16%,Consumer Staples,.1733,0.8,$1.48,36.41,10.21,12.49,13.23,19.87,3.0,0.4,0.49,"2,019,985",-101069.27,2987030.49,2753512.06,-20.74,-17.77,-8.95,5.36,18.57,10.27,-10.27,-11.03,26.0,"1,068 M"
05/18/2026,1630,SN,106.41,+0.74%,Consumer Discretionary,1.379,4.4,<empty>,133.99,80.69,112.53,109.95,109.97,3.0,-0.34,0.27,"1,896,842",100050.02,2116336.49,2028707.25,53.22,3.65,-7.31,3.37,133.62,97.4,-97.4,-103.03,60.0,"15,059 M"
05/18/2026,1630,SNAP,5.67,+2.53%,Communication Services,.5,0.28,$0.36,10.41,3.81,5.85,5.25,6.86,2.0,-0.78,0.36,"44,647,878",-100099.24,5.348042628E7,5.001305938E7,40.52,22.73,-8.1,1.07,6.09,4.35,6.09,-5.02,54.0,"9,396 M"
05/18/2026,1630,SNDR,32.37,+1.35%,Industrials,1.132,1.15,$1.48,33.34,20.11,30.63,27.99,25.89,3.0,0.83,0.54,"1,140,642",201342.03,1157286.08,1073648.26,59.5,35.89,8.04,10.97,33.11,23.41,33.11,-29.04,51.0,"5,669 M"
05/18/2026,1630,SNOW,164.24,+4.30%,Information Technology,1.064,7.59,$3.31,280.67,118.3,147.94,153.86,203.49,2.0,1.0,0.94,"10,707,788",-300970.27,6724028.08,6947692.95,199.2,-5.2,13.89,7.79,185.46,118.26,-118.26,-133.12,6.0,"56,778 M"
05/18/2026,1630,SOFI,15.71,+0.64%,Financials,2.161,0.31,($5.31),32.73,12.74,16.75,16.98,23.45,3.0,0.59,0.46,"66,597,428",-300665.14,6.50611342E7,6.621014994E7,-2.02,-8.56,-3.02,2.61,20.21,15.31,20.21,-15.03,49.0,"20,152 M"
05/18/2026,1630,SOLZ,8.5603,-4.89%,,1.801,0.47,<empty>,27.12,7.683,8.84,8.79,14.54,-4.0,-0.97,-0.62,"1,119,116",300373.53,1576452.44,1965674.11,221.43,-5.83,0.59,-6.6,10.43,8.58,10.05,10.05,NaN,105 M
05/18/2026,1630,SOYB,25.17,+1.90%,,.0589,0.22,<empty>,25.47,21.06,24.86,24.55,23.0,1.0,0.61,0.49,"149,998",100116.22,137180.74,122030.39,21.23,4.09,-0.2,-0.75,25.1,23.6,-23.6,25.03,NaN,72 M
05/18/2026,1630,SPDN,8.82,+0.23%,,-.9824,0.12,<empty>,11.16,8.68,8.96,9.41,9.56,2.0,0.05,0.75,"102,043,770",-200224.34,7.859663228E7,7.189383745E7,120.05,-10.46,-2.54,0.8,10.34,9.03,10.34,-9.02,NaN,203 M
05/18/2026,1630,SPG,200.42,+0.20%,Real Estate,1.354,1.76,$9.91,208.28,155.44,202.24,195.66,186.56,-2.0,-0.63,-0.34,"1,803,442",-200129.39,1564137.71,1540388.24,27.89,5.54,-0.54,-0.07,208.19,178.38,208.19,206.04,53.0,"64,994 M"
05/18/2026,1630,SPGI,417.41,+3.54%,Financials,1.086,9.28,$18.38,579.05,381.605,426.4,426.64,483.81,1.0,0.62,0.57,"1,740,910",0.0,1920291.68,2134186.46,-30.16,-2.16,-1.73,2.67,457.18,401.58,457.18,-401.03,51.0,"123,553 M"
05/18/2026,1630,SPHD,49.67,+1.64%,,.622,0.31,<empty>,53.07,46.385,49.64,49.65,49.23,1.0,0.36,0.59,"933,969",0.0,789415.75,840130.19,67.85,0.61,-0.04,0.4,53.59,48.4,-48.4,50.11,NaN,"3,236 M"
05/18/2026,1630,SPHR,137.42,+2.30%,Communication Services,1.694,4.6,$9.26,149.0,35.58,134.88,125.49,88.48,3.0,0.36,0.17,"638,825",-100364.41,858312.89,816207.68,-32.9,24.58,0.7,4.27,149.09,104.35,149.09,-124.04,55.0,"4,919 M"
05/18/2026,1630,SPLV,73.31,+1.53%,,.5673,0.6,<empty>,77.735,69.63,73.42,73.71,73.14,1.0,0.26,0.59,"3,175,847",100016.54,2775175.52,3017171.73,89.94,-0.61,-0.5,0.81,78.54,72.38,-72.38,-72.03,NaN,"7,172 M"
05/18/2026,1630,SPMO,141.42,-1.44%,,1.084,5.16,<empty>,147.87,101.8,137.19,125.81,120.87,-5.0,-0.92,-0.38,"3,580,824",-300221.01,1848576.88,1724762.77,132.79,21.85,5.19,-3.33,144.06,107.34,-107.34,148.02,NaN,"18,365 M"
05/18/2026,1630,SPOT,445.01,+1.85%,Communication Services,1,9.42,$17.81,785.0,405.0,453.34,481.8,578.14,9.0,0.38,0.49,"1,891,746",-100249.15,1955649.15,2158150.32,-79.94,-13.88,1.54,3.27,571.49,411.08,-411.08,-411.08,49.0,"91,503 M"
05/18/2026,1630,SPX,7403.05,-0.07%,,1,105.31,<empty>,7517.12,5767.41,7274.76,6934.36,6785.19,-2.0,-0.96,-0.3,<empty>,NaN,NaN,NaN,NaN,11.75,2.81,-0.55,7402.06,6317.34,-6317.34,7517.02,NaN,0
05/18/2026,1630,SPY,738.65,-0.07%,,1,10.6,<empty>,749.53,575.6,725.3,691.37,676.61,-2.0,-0.96,-0.32,"46,897,870",100225.34,7.068812447E7,7.347932342E7,8.77,11.67,2.87,-0.49,738.06,629.34,-629.34,750.02,NaN,"766,742 M"
05/18/2026,1630,STKL,6.50,0.00%,Consumer Staples,1.021,0.01,$0.16,6.94,3.32,6.49,6.47,5.53,10.0,-0.52,0.46,<empty>,100038.59,1719189.32,2712623.84,328.3,0.62,0.46,0.15,7.43,5.62,7.43,7.12,4.0,769 M
05/18/2026,1630,STLD,228.58,-0.33%,Materials,1.452,4.47,$4.54,243.725,119.89,230.47,200.67,169.29,-8.0,-0.77,-0.14,"758,480",200444.2,1151829.14,1153244.0,-36.27,35.45,-0.54,-3.59,244.08,162.41,244.08,244.08,44.0,"32,964 M"
05/18/2026,1630,STZ,147.58,+3.67%,Consumer Staples,.406,4.85,$10.23,195.7561,126.45,150.21,152.75,148.47,3.0,0.04,0.27,"3,517,350",200233.01,2010338.37,1991609.63,130.86,-2.97,-0.38,5.02,169.25,139.03,169.25,-139.03,31.0,"25,413 M"
05/18/2026,1630,SU,69.73,+2.11%,Energy,.3078,1.93,$4.31,70.29,34.67,66.01,64.26,49.68,5.0,0.42,0.74,"3,129,678",-100240.54,4506993.96,4754910.2,-0.24,12.5,1.71,5.54,70.09,55.56,70.09,-63.07,54.0,"82,333 M"
05/18/2026,1630,SVV,7.24,+1.54%,Consumer Discretionary,.7612,0.53,$0.38,13.89,6.905,8.12,8.03,10.09,1.0,-0.53,0.2,"2,021,833",100492.01,1178108.15,1236761.1,169.49,-8.7,-12.24,1.26,11.62,7.35,-7.35,9.17,51.0,"1,115 M"
05/18/2026,1630,SWBI,15.53,+1.24%,Consumer Discretionary,.9778,0.41,$1.22,15.79,7.73,15.03,14.71,11.07,4.0,0.44,0.32,"368,741",100945.51,569200.27,571582.3,-15.56,11.25,3.74,6.08,16.1,11.59,16.1,-14.03,21.0,691 M
05/18/2026,1630,SWKS,70.35,+2.66%,Information Technology,1.445,2.54,$4.49,90.9,51.93,66.05,59.74,66.1,1.0,0.89,0.38,"6,787,853",-200547.05,3835497.7,3677985.33,144.76,31.3,2.18,3.24,73.09,52.34,73.09,73.09,54.0,"10,581 M"
05/18/2026,1630,SXT,113.91,-0.02%,Materials,.7815,2.2,$0.52,129.35,82.6,114.51,100.06,99.31,-14.0,-0.71,0.0,"356,019",300136.13,405153.28,386517.65,-35.81,33.04,-0.49,-1.6,129.14,83.4,129.14,129.14,47.0,"4,849 M"
05/18/2026,1630,SYF,71.05,-0.46%,Financials,1.325,2.1,$27.15,88.77,55.67,74.21,71.05,74.25,3.0,-0.41,0.29,"3,322,706",0.0,3831672.87,3987698.68,-22.32,9.02,-4.3,1.78,80.19,63.46,80.19,-69.04,44.0,"23,899 M"
05/18/2026,1630,SYY,73.52,+1.31%,Consumer Staples,.667,0.65,$3.79,91.845,68.19,73.8,76.54,78.72,1.0,0.37,0.7,"3,707,074",100333.34,5003365.56,4651402.28,-53.66,-10.9,1.42,0.45,91.54,68.33,-68.33,-72.14,49.0,"35,156 M"
05/18/2026,1630,T,24.43,+1.66%,Communication Services,.1867,0.65,$2.44,29.79,22.95,25.51,26.77,26.59,1.0,0.0,0.36,"38,459,657",100233.41,3.934936945E7,3.919889561E7,26.61,-10.87,-6.4,-1.25,29.38,25.05,29.38,27.17,45.0,"169,748 M"
05/18/2026,1630,TAN,62.61,-3.62%,,1.293,2.52,<empty>,65.5,30.57,60.05,57.19,50.45,-1.0,-0.97,-0.87,"2,971,087",-200345.01,1286685.78,1363076.65,97.07,10.66,7.25,-1.88,62.06,52.49,-52.49,-55.13,NaN,"1,879 M"
05/18/2026,1630,TAP,41.68,+2.06%,Consumer Staples,.4329,0.76,$5.96,57.57,40.64,42.14,42.97,46.65,1.0,0.41,0.51,"2,690,650",-200335.13,3112258.2,3215156.15,-16.5,-0.53,2.33,0.63,52.62,41.1,-41.1,-41.1,53.0,"7,817 M"
05/18/2026,1630,TBIL,49.94,0.00%,,.0036,0.03,<empty>,50.02,49.81,49.91,49.92,49.93,12.0,0.54,0.82,"1,767,949",400000.35,2342682.88,2387784.89,23.9,0.0,0.14,0.06,50.35,50.56,50.35,-50.14,NaN,"7,077 M"
05/18/2026,1630,TCEHY,57.43,-2.15%,Communication Services,.2459,1.12,$3.19,87.68,57.01,60.71,63.59,74.19,-3.0,-0.39,-0.39,"6,895,779",100200.04,4382837.94,3993605.16,131.37,-12.98,-4.95,-6.01,74.48,58.04,74.48,63.17,59.0,"518,989 M"
05/18/2026,1630,TCNNF,8.02,+10.47%,Health Care,1.66,0.8,$1.17,11.83,3.25,8.75,7.22,7.3,1.0,-0.55,0.02,"377,403",101400.17,396074.16,360185.0,-43.95,29.15,-12.54,-3.49,10.14,5.34,10.14,10.14,NaN,"1,542 M"
05/18/2026,1630,TEAM,89.435,+2.26%,Information Technology,.9386,7.52,$4.59,222.59,56.0101,81.01,73.98,128.41,2.0,0.94,0.61,"5,663,228",100779.12,7675945.41,7747043.9,17.6,21.73,-4.0,10.93,96.1,56.26,96.1,96.1,56.0,"22,696 M"
05/18/2026,1630,TEVA,34.03,-0.76%,Health Care,.8404,0.66,$1.02,37.345,14.99,34.17,31.77,26.93,-8.0,-0.71,-0.36,"4,963,452",-100338.13,6717014.78,6835815.16,-46.67,14.93,-3.73,-6.12,37.07,28.3,37.07,37.07,50.0,"39,625 M"
05/18/2026,1630,TFLO,50.58,+0.04%,,-.0009,0.04,<empty>,50.67,50.39,50.56,50.56,50.53,8.0,0.36,0.58,"1,773,207",-100002.09,1795072.61,1742760.62,39.92,0.02,0.16,0.06,51.34,50.54,51.34,-50.11,NaN,"6,525 M"
05/18/2026,1630,TGS,30.74,+4.49%,Energy,.5632,0.67,$0.15,36.3499,19.74,30.26,31.67,28.92,1.0,0.1,0.61,"369,781",100857.09,351147.77,321144.3,56.71,-4.71,2.47,4.7,36.33,28.51,36.33,33.08,54.0,"4,628 M"
05/18/2026,1630,TGT,123.40,+1.53%,Consumer Staples,.9934,3.57,$6.24,133.1,83.44,126.66,122.41,104.6,3.0,-0.22,0.17,"3,475,138",-100136.41,5125035.26,5506385.32,-6.79,7.26,-3.41,1.58,133.19,111.55,133.19,-118.05,2.0,"56,045 M"
05/18/2026,1630,THC,192.45,-2.14%,Health Care,1.323,6.39,$37.93,247.21,146.6,188.59,197.32,198.74,-2.0,-0.46,-0.67,"1,095,118",100245.12,1331151.5,1243385.65,-5.87,-5.3,3.83,-1.74,247.51,168.12,-168.12,201.02,44.0,"16,577 M"
05/18/2026,1630,THD,71.83,+1.04%,,.4446,1.0,<empty>,75.06,48.08,70.65,69.26,63.31,-2.0,-0.34,-0.67,"48,033",-100120.24,118799.62,132160.72,-19.0,9.71,2.32,-0.47,75.55,65.41,-65.41,74.02,NaN,262 M
05/18/2026,1630,TIGR,6.02,-2.27%,Financials,.4883,0.24,$7.42,13.55,5.95,6.6,6.75,8.96,-2.0,-0.45,-0.39,"3,716,419",100683.04,2555840.72,2407096.38,96.26,-14.61,-10.28,-9.34,8.6,6.33,-6.33,7.17,7.0,"1,075 M"
05/18/2026,1630,TIP,110.48,-0.12%,,.2776,0.28,<empty>,112.26,107.98,111.26,111.0,110.9,-5.0,-0.35,-0.24,"2,490,115",100007.02,2474956.65,2429215.2,62.12,-0.68,-0.6,-0.58,112.55,110.35,-110.35,112.15,NaN,"15,180 M"
05/18/2026,1630,TJX,150.25,+1.91%,Consumer Discretionary,.6183,3.57,$4.41,165.82,119.8405,154.08,156.67,149.48,2.0,0.02,0.28,"6,801,849",-100029.02,4590226.13,4794462.98,139.42,-1.71,-2.84,2.19,166.27,146.03,166.27,-146.03,2.0,"166,149 M"
05/18/2026,1630,TKO,194.07,+2.10%,Communication Services,.7846,3.22,$21.29,226.94,152.29,186.73,192.3,195.53,3.0,0.33,0.79,"1,164,946",200242.34,1490212.47,1375304.63,40.59,-3.46,4.34,5.65,227.56,181.12,-181.12,197.02,55.0,"14,549 M"
05/18/2026,1630,TKR,112.73,-1.54%,Industrials,1.146,4.16,$5.50,123.67,67.14,111.92,105.62,89.82,-6.0,-0.66,-0.49,"973,439",100132.09,800240.35,804562.51,49.07,14.76,5.24,-2.6,124.08,94.4,124.08,124.08,50.0,"7,834 M"
05/18/2026,1630,TLT,83.56,-0.12%,,.5306,0.75,<empty>,92.185,83.295,85.59,86.34,88.12,-6.0,-0.03,-0.3,"26,113,226",100016.4,3.105328451E7,3.312328853E7,79.43,-3.9,-1.65,-1.46,91.55,85.03,91.55,87.17,NaN,"41,755 M"
05/18/2026,1630,TME,9.06,+6.97%,Communication Services,.736,0.28,$0.84,26.7,8.435,9.17,10.01,17.66,1.0,0.94,0.59,"16,579,647",-200962.43,1.149299552E7,1.017794948E7,177.14,-12.04,-0.88,1.34,15.62,9.03,15.62,10.04,58.0,"14,040 M"
05/18/2026,1630,TMO,442.00,+0.83%,Health Care,.8747,12.31,$17.97,643.99,385.46,467.8,483.05,526.88,1.0,-0.29,0.45,"1,908,459",-300332.06,2157687.95,2130007.33,-14.92,-4.88,-4.45,-0.9,538.19,445.03,538.19,482.11,45.0,"164,257 M"
05/18/2026,1630,TMUS,190.65,+2.93%,Communication Services,.3169,3.25,$14.02,261.56,181.36,191.78,200.12,214.1,1.0,0.22,0.39,"5,029,178",-100140.2,5811838.6,5826588.18,-54.64,-7.73,-1.94,0.19,225.58,182.15,-182.15,201.13,45.0,"206,322 M"
05/18/2026,1630,TNET,42.87,+5.80%,Industrials,1.003,1.66,<empty>,86.78,33.605,41.67,39.06,54.36,1.0,0.89,0.65,"488,988",100462.56,442452.61,518003.6,14.42,14.75,-0.16,8.15,46.11,34.58,46.11,46.11,47.0,"1,970 M"
05/18/2026,1630,TNX:CGI,46.23,+0.61%,,.0801,0.77,<empty>,46.29,39.47,44.05,43.38,41.88,2.0,0.93,0.85,<empty>,NaN,NaN,NaN,NaN,8.55,3.98,3.17,45.35,40.55,-40.55,-43.17,NaN,0
05/18/2026,1630,TOKE,5.24,0.00%,,.886,0.07,<empty>,7.334,4.27,5.21,5.47,5.74,1.0,0.34,0.36,<empty>,0.0,22074.62,51471.83,22.71,-7.91,-0.37,0.77,6.62,5.12,-5.12,-5.12,NaN,13 M
05/18/2026,1630,TOST,22.64,-1.78%,Financials,1.768,2.82,$1.12,49.66,22.26,26.91,27.15,33.93,3.0,-0.26,0.07,"15,070,258",-200251.05,1.075399609E7,1.11300432E7,105.66,-18.71,-23.02,1.39,31.5,22.03,31.5,-22.03,54.0,"13,131 M"
05/18/2026,1630,TPB,89.14,-0.47%,Consumer Staples,.9556,5.4,$0.07,146.9,65.8,83.33,83.89,99.27,-5.0,-0.75,-0.86,"310,129",-201366.33,500183.6,499070.64,2.88,0.45,9.16,-0.73,147.56,66.32,-66.32,99.06,54.0,"1,726 M"
05/18/2026,1630,TPL,386.61,+0.37%,Energy,.6306,21.12,$0.62,547.2,269.233333333333,418.33,455.36,362.22,2.0,-0.08,0.46,"228,232",100652.27,465283.77,531428.89,-35.48,-27.07,-10.68,0.03,547.59,370.27,-370.27,-375.03,55.0,"26,666 M"
05/18/2026,1630,TPR,131.17,+1.43%,Consumer Discretionary,1.454,6.18,$8.53,161.97,76.29,139.56,143.04,125.82,4.0,0.0,0.24,"2,885,843",100040.04,2103054.93,2119922.56,69.74,-6.5,-6.13,-1.15,162.56,128.04,-128.04,-128.04,60.0,"26,502 M"
05/18/2026,1630,TPYP,43.98,+1.22%,,.6093,0.68,<empty>,43.986,33.94,42.34,42.2,37.79,5.0,0.45,0.85,"87,332",200020.17,151990.23,131690.06,-8.69,4.42,1.66,3.01,44.38,40.21,-40.21,-41.17,NaN,890 M
05/18/2026,1630,TRIP,9.53,+0.74%,Communication Services,.8788,0.83,$1.54,20.16,9.01,10.65,10.48,13.87,3.0,-0.49,0.14,"4,216,540",100660.32,3705547.82,3751909.26,105.24,2.92,-15.89,-1.04,12.19,9.41,12.19,-9.03,55.0,"1,109 M"
05/18/2026,1630,TRP,69.32,+1.58%,Energy,.7241,1.41,$2.54,69.46,46.29,64.88,63.78,56.83,5.0,0.83,0.8,"2,262,268",-200028.34,2617306.65,2560163.31,-43.6,8.65,4.97,3.37,67.11,59.21,-59.21,-60.17,51.0,"72,215 M"
05/18/2026,1630,TRU,68.60,+3.53%,Industrials,1.596,2.01,$3.59,99.39,65.235,70.51,70.91,80.11,1.0,0.47,0.44,"1,664,281",0.0,2318024.64,2399665.55,-56.06,-6.09,-0.65,3.05,80.53,65.35,-65.35,74.17,46.0,"13,226 M"
05/18/2026,1630,TSLA,409.99,-2.90%,Consumer Discretionary,1.721,23.89,$2.17,498.83,273.21,402.19,387.04,407.9,-3.0,-0.92,-0.65,"51,741,950",-100047.18,6.358708331E7,6.233499436E7,1.73,4.38,4.45,-7.92,431.06,337.29,-337.29,453.03,45.0,"1,539,809 M"
05/18/2026,1630,TSM,395.95,-2.08%,Information Technology,1.385,8.53,$1.26,421.97,188.8107,399.33,368.73,314.5,-2.0,-0.79,-0.3,"12,065,109",100252.17,1.406073429E7,1.354051213E7,-18.01,16.6,-1.41,-0.96,420.07,314.34,-314.34,422.02,41.0,"2,053,555 M"
05/18/2026,1630,TSN,66.68,+1.35%,Consumer Staples,.4116,1.71,$3.45,69.4842,50.56,65.98,64.0,58.98,-6.0,-0.58,-0.39,"2,581,626",100528.11,2883056.36,2950318.76,9.59,8.92,-3.01,-0.31,69.09,58.39,69.09,69.09,53.0,"23,480 M"
05/18/2026,1630,TT,460.42,-1.32%,Industrials,1.215,9.43,$14.11,503.47,348.06,478.26,453.0,427.08,-2.0,-0.4,-0.23,"945,103",100030.13,1319736.69,1302496.75,-31.21,7.9,-5.36,-2.25,503.12,403.34,503.12,503.12,50.0,"101,778 M"
05/18/2026,1630,TTD,22.27,+5.30%,Communication Services,1.152,1.48,$1.72,91.45,19.74,22.91,23.13,38.2,2.0,0.78,0.35,"20,427,022",-100573.52,1.90572607E7,2.072590539E7,88.39,-5.44,-7.59,8.69,33.51,20.27,-20.27,-20.03,56.0,"10,469 M"
05/18/2026,1630,TTE,93.43,+1.25%,Energy,.1981,1.53,$4.99,94.17,57.26,90.98,89.28,71.45,6.0,0.29,0.59,"1,085,823",500228.27,2054672.01,1989176.75,-31.94,7.51,1.22,2.25,94.12,77.51,-77.51,-88.07,NaN,"207,836 M"
05/18/2026,1630,TTWO,242.16,-0.12%,Communication Services,.9901,9.44,$2.66,264.785,187.63,222.21,210.63,231.68,5.0,1.0,0.85,"2,271,315",100164.03,1738942.3,1818521.28,144.41,18.58,7.54,6.68,227.1,188.35,-188.35,246.02,3.0,"44,842 M"
05/18/2026,1630,TUA,20.57,+0.10%,,-.0562,0.12,<empty>,22.305,20.5136,20.87,21.04,21.7,-3.0,-0.4,-0.35,"384,976",100124.36,551622.84,520077.77,55.84,-2.88,-0.96,-0.86,22.55,21.36,22.55,21.16,NaN,755 M
05/18/2026,1630,TUR,40.52,-1.82%,,.3363,0.87,<empty>,43.98,29.64,42.49,40.84,37.01,-5.0,-0.35,-0.24,"505,175",100337.5,297250.62,379975.86,144.12,4.62,-3.48,-4.37,44.06,37.5,44.05,44.05,NaN,249 M
05/18/2026,1630,TWLO,197.68,-0.31%,Information Technology,1.377,18.19,$5.89,203.71,91.84,174.58,146.44,125.39,-7.0,-0.95,-0.44,"2,720,137",300458.11,2414053.43,2406990.52,29.0,56.21,4.22,2.63,204.06,106.62,204.06,204.06,56.0,"30,003 M"
05/18/2026,1630,TXG,21.45,+1.18%,Health Care,2.165,0.71,$0.97,26.445,8.065,21.74,21.42,17.4,4.0,0.15,0.43,"2,653,246",100380.07,2501591.27,2509304.7,43.74,23.63,-0.92,1.8,26.21,16.44,26.21,-20.13,56.0,"2,723 M"
05/18/2026,1630,TXRH,177.14,-0.47%,Consumer Discretionary,.7621,10.61,$5.36,199.99,153.825,166.11,166.24,172.02,-4.0,0.78,-0.77,"995,026",200331.06,1123822.5,1141090.55,-5.57,5.07,13.64,-1.2,191.62,154.1,-154.1,185.04,56.0,"11,643 M"
05/18/2026,1630,TXT,90.59,+2.05%,Industrials,.919,1.79,$4.85,101.57,72.0,90.93,90.57,87.21,1.0,-0.44,0.52,"1,224,668",-100129.13,1436914.62,1440788.0,35.5,1.67,-0.38,-0.86,102.62,86.34,-86.34,98.12,46.0,"15,753 M"
05/18/2026,1630,TYX:CGI,51.47,+0.37%,,.0205,0.59,<empty>,51.54,45.28,49.84,49.27,48.05,2.0,1.0,0.76,<empty>,NaN,NaN,NaN,NaN,5.45,2.43,1.98,50.1,46.55,-46.55,-49.17,NaN,0
05/18/2026,1630,U,26.80,-1.33%,Information Technology,2.097,0.5,$1.08,52.15,16.78,26.67,23.38,34.12,-6.0,-0.81,-0.6,"8,847,158",-100494.36,1.356364651E7,1.432241094E7,-13.59,35.97,-3.32,-0.33,31.07,17.59,31.07,31.07,54.0,"11,699 M"
05/18/2026,1630,UA,4.93,-1.20%,Consumer Discretionary,1.644,0.55,($0.38),7.9067,3.95,5.83,5.93,5.38,1.0,0.0,0.18,"4,870,832",-100455.05,2787104.52,2857437.3,167.97,-17.0,-16.58,-1.2,8.6,5.04,-5.04,-5.04,56.0,"2,100 M"
05/18/2026,1630,UAA,5.02,-1.95%,Consumer Discretionary,1.718,0.58,($0.38),8.15,4.13,6.01,6.09,5.55,1.0,0.0,0.16,"9,931,147",-100361.05,9097804.34,9073953.78,49.55,-17.97,-17.43,-1.76,8.6,5.04,-5.04,-5.04,56.0,"2,138 M"
05/18/2026,1630,UAE,18.60,-1.69%,,.4197,0.31,<empty>,22.29,16.99,19.28,18.93,19.55,-6.0,-0.53,-0.44,"227,042",100338.4,642925.1,797351.52,-49.79,4.03,-2.0,-1.95,22.62,17.4,-17.4,20.07,NaN,268 M
05/18/2026,1630,UAL,92.55,-0.32%,Industrials,1.231,3.58,$9.90,119.21,71.55,93.96,93.36,101.03,-6.0,-0.59,-0.55,"5,262,233",-300458.19,7826973.28,7679538.15,6.92,0.04,2.75,-3.29,118.62,85.34,-85.34,104.07,45.0,"30,039 M"
05/18/2026,1630,UBER,75.08,-0.01%,Industrials,2,1.42,$4.72,101.99,68.46,75.35,74.21,84.4,-4.0,-0.88,-0.47,"17,535,712",100237.09,1.634941918E7,1.714825994E7,24.91,-2.06,1.56,0.51,81.07,68.35,81.07,81.07,54.0,"152,833 M"
05/18/2026,1630,UFO,57.59,+2.38%,,1.252,2.76,<empty>,58.96,23.695,53.27,50.06,40.97,1.0,0.85,0.75,"1,972,752",-100053.01,855263.85,758213.28,176.96,26.57,12.24,2.18,56.21,42.34,-42.34,-49.13,NaN,885 M
05/18/2026,1630,UGA,122.82,+0.07%,,.0886,2.6,<empty>,125.47,57.63,116.79,105.9,75.66,2.0,-0.68,0.39,"36,186",-200176.33,92692.55,81036.11,27.5,21.18,-0.63,2.36,125.1,69.62,-69.62,-107.17,NaN,147 M
05/18/2026,1630,UHAL,49.30,+1.29%,Industrials,1.073,1.18,($8.17),65.33,41.945,51.5,49.24,53.16,1.0,-0.55,0.31,"189,671",100349.26,236806.66,223169.11,8.46,12.22,-2.16,-0.5,54.18,42.4,54.18,54.17,6.0,"9,366 M"
05/18/2026,1630,UHS,169.27,+0.37%,Health Care,1.134,1.63,$14.11,246.325,152.3278,170.9,179.26,200.86,1.0,0.29,0.61,"620,237",100536.14,818035.76,830200.34,-61.7,-10.71,1.93,-1.02,238.62,159.13,-159.13,-159.13,48.0,"10,247 M"
05/18/2026,1630,UL,57.30,+1.88%,Consumer Staples,.4407,1.01,$3.64,74.975,54.95,57.92,59.31,66.08,1.0,0.49,0.62,"4,492,995",100232.33,4747880.03,4527379.9,5.73,-8.1,-2.4,-0.35,75.58,55.32,-55.32,61.11,49.0,"124,834 M"
05/18/2026,1630,ULS,99.01,+0.01%,Industrials,.6219,5.09,$2.24,107.54,61.64,95.03,89.24,78.87,-8.0,-0.92,-0.54,"635,538",-100145.41,777032.88,795883.63,13.43,14.56,9.89,0.21,108.08,70.62,108.08,108.08,53.0,"19,957 M"
05/18/2026,1630,ULTA,479.87,-2.92%,Consumer Discretionary,.895,17.91,$23.82,714.9699,402.5,527.5,537.96,567.43,-8.0,-0.38,-0.51,"1,088,904",-300337.45,801281.88,729466.29,163.88,-7.83,-7.36,-2.49,715.62,487.03,715.62,566.17,10.0,"20,903 M"
05/18/2026,1630,UNG,11.54,+1.85%,,.116,0.36,<empty>,18.1182,9.95,10.77,11.32,12.53,6.0,0.53,0.56,"8,516,833",0.0,1.024061258E7,1.06905801E7,-53.41,-8.92,5.39,5.1,13.49,10.13,-10.13,-10.13,NaN,550 M
05/18/2026,1630,UNH,391.13,-0.69%,Health Care,.5756,12.89,$21.68,404.15,234.6,372.91,322.37,321.19,-3.0,-0.97,-0.54,"8,068,499",-100145.41,8616436.55,8420480.19,-23.91,37.56,5.5,-2.5,380.06,256.35,-256.35,404.03,49.0,"355,203 M"
05/18/2026,1630,UNP,275.13,+1.69%,Industrials,.9932,3.26,$9.61,276.4,210.84,265.58,253.17,237.24,3.0,0.69,0.57,"3,196,293",100325.18,2891555.8,2960099.78,18.21,16.3,4.45,3.96,275.16,232.41,-232.41,-255.17,46.0,"163,348 M"
05/18/2026,1630,UPBD,17.23,+0.58%,Consumer Discretionary,1.908,0.8,$4.50,28.025,15.82,18.7,18.49,20.34,1.0,-0.46,0.27,"740,159",200250.13,880478.55,892299.39,-1.15,-2.66,-6.76,-0.29,24.61,17.4,-17.4,20.12,51.0,"1,004 M"
05/18/2026,1630,UPS,95.53,-1.81%,Industrials,1.056,3.97,$5.32,122.41,82.0,102.32,100.6,97.48,-1.0,-0.34,-0.43,"6,380,772",-200635.11,6269445.09,6212975.23,-49.12,-1.35,-0.81,-2.97,117.6,94.35,-94.35,110.11,49.0,"81,201 M"
05/18/2026,1630,UPST,27.94,-5.32%,Financials,2.354,1.65,($2.97),87.3,23.965,30.78,28.92,44.37,-1.0,-0.65,-0.29,"5,356,099",0.0,4852989.06,4984530.12,74.91,8.17,-12.91,3.52,36.19,24.34,36.19,-26.03,54.0,"2,674 M"
05/18/2026,1630,URA,48.68,-2.50%,,1.122,2.58,<empty>,62.28,27.2601,54.7,52.01,49.07,-5.0,-0.35,0.0,"3,956,205",0.0,3821800.72,4042224.24,30.68,-0.79,-11.12,-8.69,59.17,45.34,59.17,59.17,NaN,"6,831 M"
05/18/2026,1630,URBN,69.61,+0.96%,Consumer Discretionary,1.164,1.46,$3.49,84.35,59.15,70.42,67.44,70.51,3.0,0.32,0.29,"1,603,192",-100256.41,1460932.96,1561800.01,130.28,9.19,2.13,4.82,77.19,60.38,77.19,-65.04,2.0,"5,959 M"
05/18/2026,1630,URI,944.57,-1.73%,Industrials,1.724,13.12,$32.10,1021.47,681.98,938.33,826.77,872.19,-2.0,-0.82,-0.35,"572,502",100536.18,584779.36,586707.63,5.89,30.23,2.09,1.0,1001.16,702.41,1001.16,-921.1,45.0,"59,174 M"
05/18/2026,1630,URNJ,27.04,-2.31%,,1.575,1.59,<empty>,40.81,15.54,30.89,30.35,28.77,-5.0,-0.21,-0.13,"348,540",0.0,350521.39,381445.9,72.53,-7.43,-12.83,-9.14,37.54,26.34,-26.34,34.17,NaN,403 M
05/18/2026,1630,URNM,58.75,-2.33%,,.9214,2.94,<empty>,84.95,35.9333,66.04,64.92,61.09,-5.0,-0.19,-0.16,"682,348",0.0,690100.24,744607.13,39.7,-6.08,-11.47,-8.03,76.57,57.4,-57.4,72.17,NaN,"2,119 M"
05/18/2026,1630,USCI,101.51,+0.33%,,.1459,1.21,<empty>,102.93,69.3,99.75,96.51,83.3,-3.0,-0.56,-0.38,"19,944",300029.19,26857.38,24147.55,52.76,6.76,0.76,-0.58,101.09,81.62,-81.62,103.03,NaN,391 M
05/18/2026,1630,USD/JPY,158.822,0.00%,,<empty>,0.926,<empty>,N/A,N/A,157.574,158.589,156.933,-1.0,0.51,-0.9,0,-100200.2,1.93394E7,2.177984375E7,-100.0,-0.512,1.355,0.031,161.19,155.13,-155.13,-155.13,NaN,<empty>
05/18/2026,1630,USFD,82.05,-0.40%,Consumer Staples,.8532,4.19,$3.78,102.13,69.875,88.83,90.29,82.33,1.0,0.0,0.14,"2,869,726",-100028.08,2488448.68,2477186.01,124.1,-7.77,-9.89,-3.65,98.62,82.05,98.62,95.11,55.0,"18,069 M"
05/18/2026,1630,USPH,65.04,+3.55%,Health Care,1.187,5.46,$4.39,93.5,58.19,68.38,73.1,80.03,5.0,0.16,0.44,"402,647",300346.01,197841.0,200425.58,144.55,-13.53,-8.29,8.15,87.62,58.06,-58.06,-58.06,55.0,990 M
05/18/2026,1630,UTI,39.06,-1.26%,Consumer Discretionary,1.237,1.66,$0.01,41.53,21.29,37.35,36.85,30.69,-2.0,0.65,-0.71,"598,031",200449.03,634622.76,729916.78,36.27,8.56,5.37,-1.74,40.37,30.6,-30.6,42.02,55.0,"2,151 M"
05/18/2026,1630,UTZ,7.34,+4.26%,Consumer Staples,.8391,0.37,$0.83,14.67,6.92,7.58,7.62,10.27,1.0,0.56,0.38,"2,576,448",100254.09,1983015.95,1952277.85,46.59,-3.42,-4.55,5.61,10.59,7.03,10.59,9.08,51.0,650 M
05/18/2026,1630,UUP,27.70,-0.25%,,-.1892,0.13,<empty>,28.45,26.395,27.49,27.57,27.55,5.0,0.69,0.86,"2,992,076",100007.29,2873613.74,2660215.16,-9.57,-0.54,0.8,0.69,28.34,27.62,28.34,-27.11,NaN,310 M
05/18/2026,1630,V,332.64,+2.12%,Financials,.7662,4.8,$11.05,375.51,293.89,320.52,312.16,331.15,2.0,0.87,0.67,"5,281,645",-100024.14,7102485.85,7291577.72,-40.25,11.24,1.77,3.85,342.13,294.32,342.13,342.13,49.0,"632,596 M"
05/18/2026,1630,VET,12.98,+1.41%,Energy,.4068,0.63,$1.42,14.82,6.22,12.66,12.72,9.57,6.0,0.16,0.59,"700,084",101365.42,2257393.03,2256789.15,-58.92,2.93,-3.85,3.59,15.4,10.62,15.4,-11.07,55.0,"1,989 M"
05/18/2026,1630,VFC,16.89,+1.26%,Consumer Discretionary,1.76,0.86,$0.79,22.2699,11.06,18.74,17.96,16.95,1.0,-0.28,0.13,"11,142,500",-100366.01,6531337.46,6363009.3,38.64,3.11,-8.16,-1.4,22.19,16.46,22.19,22.17,2.0,"6,608 M"
05/18/2026,1630,VG,14.17,-0.42%,Energy,1.362,0.87,($2.81),19.5,5.72,12.7,13.53,10.91,5.0,0.35,0.85,"20,448,587",100815.41,2.851950862E7,2.672990979E7,43.2,-4.58,2.9,9.0,18.38,9.62,18.38,-11.07,59.0,"35,203 M"
05/18/2026,1630,VGK,87.11,+1.54%,,.8612,1.02,<empty>,90.745,74.2401,86.98,85.19,83.05,1.0,-0.72,0.36,"3,213,859",200127.34,4234450.13,4172748.32,13.2,5.9,1.87,-0.56,91.55,79.4,-79.4,89.08,NaN,"29,874 M"
05/18/2026,1630,VHT,271.42,+0.30%,,.627,2.12,<empty>,298.6068,237.2312,271.33,273.33,274.64,-2.0,0.41,-0.65,"131,038",-100116.12,193001.67,205763.18,-20.49,-0.42,0.03,-1.09,296.55,265.35,-265.35,275.02,NaN,"16,082 M"
05/18/2026,1630,VIK,86.06,+2.82%,Consumer Discretionary,1.243,2.43,$2.93,92.0,42.2004,82.0,77.44,68.82,1.0,0.73,0.51,"5,069,101",-100451.03,3086352.42,2991596.0,217.18,20.72,8.9,4.73,87.19,66.49,-66.49,92.02,63.0,"38,396 M"
05/18/2026,1630,VIR,8.77,-0.23%,Health Care,1.698,0.53,($3.19),11.66,4.155,9.85,9.61,6.99,1.0,0.0,0.04,"1,487,565",100582.57,1995677.5,3431470.73,-10.03,-5.9,-13.85,-6.0,12.2,7.59,12.2,11.14,55.0,"1,479 M"
05/18/2026,1630,VIX,17.82,-3.31%,,-6,0.59,<empty>,35.3,13.38,18.0,21.44,18.37,-1.0,0.22,-0.76,<empty>,NaN,NaN,NaN,NaN,-28.98,-2.57,-0.28,35.49,16.08,-16.08,-16.08,NaN,0
05/18/2026,1630,VKTX,28.69,-5.22%,Health Care,.5368,0.89,($3.00),43.15,22.959,31.76,33.19,32.67,-2.0,-0.29,-0.37,"3,338,429",100268.13,2350441.9,2376714.21,81.06,-14.49,-9.67,-9.5,38.45,29.12,38.45,35.17,50.0,"3,331 M"
05/18/2026,1630,VLO,258.52,+3.10%,Energy,.5797,6.14,$18.20,260.31,125.1,243.96,240.25,188.75,2.0,0.47,0.65,"3,173,146",-100148.41,3753215.25,3643424.17,25.5,8.41,2.74,5.91,258.34,195.58,-195.58,-227.07,46.0,"76,763 M"
05/18/2026,1630,VLTO,86.71,+2.22%,Industrials,.7353,1.28,$4.20,110.11,84.45,87.45,88.71,98.4,1.0,0.47,0.55,"2,093,695",-100127.41,1988746.94,2009598.79,-25.27,-3.64,-1.73,1.0,98.56,85.35,98.56,93.13,46.0,"21,296 M"
05/18/2026,1630,VMC,266.33,-0.56%,Materials,1.063,10.77,$8.48,331.09,252.35,286.85,280.18,292.45,-8.0,-0.43,-0.19,"941,478",300138.35,1204330.8,1257013.67,-27.35,3.28,-7.43,-2.99,319.57,252.41,-252.41,306.13,51.0,"34,558 M"
05/18/2026,1630,VNM,19.31,+0.63%,,.949,0.29,<empty>,19.85,12.625,19.19,18.15,18.21,-6.0,-0.86,-0.36,"305,921",-100141.48,873192.46,882821.33,-69.92,13.39,2.88,0.31,20.06,16.38,20.06,20.06,NaN,589 M
05/18/2026,1630,VNO,31.65,+3.50%,Real Estate,1.534,0.84,$6.23,43.37,24.57,30.4,28.08,33.75,1.0,0.91,0.22,"1,983,999",-100446.41,2104001.77,2111860.02,37.67,19.8,6.67,3.13,33.07,25.35,33.07,33.07,53.0,"5,953 M"
05/18/2026,1630,VRNS,28.78,+2.13%,Information Technology,.7878,0.73,$1.00,63.9,19.7,26.77,24.51,37.88,2.0,0.98,0.58,"1,592,190",0.0,2435786.63,2485252.5,-56.26,17.57,5.0,6.55,30.13,20.26,30.13,30.13,49.0,"3,304 M"
05/18/2026,1630,VRT,339.73,-8.41%,Industrials,2.084,20.25,$5.95,379.935,101.0,337.8,298.6,204.08,-2.0,-0.9,-0.44,"8,065,336",-100569.41,7892693.02,7444598.0,-1.85,28.34,2.65,-8.18,360.08,232.34,-232.34,380.02,50.0,"130,493 M"
05/18/2026,1630,VRTX,436.58,-0.08%,Health Care,.2926,9.86,$14.55,507.92,362.5,433.37,444.24,434.56,-2.0,-0.52,-0.8,"1,443,882",100432.49,1298568.75,1286531.64,78.58,-3.32,1.57,-3.64,508.48,412.09,-412.09,457.02,53.0,"110,806 M"
05/18/2026,1630,VSCO,44.83,-2.46%,Consumer Discretionary,2.118,2.59,$3.90,66.889,17.53,49.77,48.43,42.99,-1.0,-0.29,-0.43,"2,134,841",100673.5,2205650.44,2326571.93,98.98,-6.0,-10.84,-0.8,66.56,42.35,-42.35,-44.04,10.0,"3,561 M"
05/18/2026,1630,VTR,88.14,+0.79%,Real Estate,.7669,1.08,$2.89,91.06,61.76,86.57,85.28,77.58,-2.0,-0.6,-0.51,"4,327,864",100023.13,4105914.39,3813377.0,-34.16,0.93,0.4,-2.45,89.1,79.18,-79.18,-81.17,50.0,"42,851 M"
05/18/2026,1630,VVIX,91.18,-1.89%,,-4.303,2.25,<empty>,147.14,81.72,95.86,107.71,102.56,-3.0,-0.23,-0.57,<empty>,NaN,NaN,NaN,NaN,-27.92,-7.23,-7.3,141.5,91.14,141.5,104.17,NaN,0
05/18/2026,1630,VVV,33.24,+2.62%,Consumer Discretionary,1.029,1.23,$0.78,41.33,28.5,33.16,33.61,34.45,1.0,0.28,0.51,"2,013,718",-200136.07,2156940.17,2029247.75,24.41,-0.45,3.52,3.58,39.58,32.09,-32.09,37.06,54.0,"4,239 M"
05/18/2026,1630,VXD,16.35,-5.38%,,-6.339,0.62,<empty>,42.71,2.43,16.99,20.6,17.32,-1.0,0.18,-0.55,<empty>,NaN,NaN,NaN,NaN,-35.14,-4.33,1.05,43.48,14.6,43.48,20.17,NaN,0
05/18/2026,1630,VXN:CGI,24.21,-4.42%,,-4.995,1.0,<empty>,33.92,9.01,23.55,25.43,22.51,-1.0,0.43,-0.73,<empty>,NaN,NaN,NaN,NaN,-12.66,5.08,-1.55,34.34,21.11,-21.11,-21.11,NaN,0
05/18/2026,1630,VXX,27.20,-2.40%,,-2.06,0.46,<empty>,59.36,25.635,28.52,31.37,32.14,-1.0,-0.23,-0.65,"12,328,931",-101204.5,1.109754531E7,1.151137645E7,72.51,-21.57,-5.13,-4.12,40.34,27.56,40.34,31.17,NaN,0
05/18/2026,1630,VZ,46.76,+0.84%,Communication Services,.2341,0.49,$4.70,51.68,38.39,47.11,48.28,44.08,-4.0,-0.23,-0.42,"24,571,166",100029.41,2.519841159E7,2.544933866E7,-13.39,-5.71,-1.7,-0.95,52.38,44.24,-44.24,49.15,44.0,"195,249 M"
05/18/2026,1630,W,59.26,+1.79%,Consumer Discretionary,-.103,3.74,$2.81,119.98,34.46,67.82,72.2,86.96,1.0,-0.29,0.47,"3,325,275",-100868.13,3741582.42,4022108.67,8.25,-22.8,-8.62,-1.33,92.62,58.03,92.62,80.17,53.0,"7,822 M"
05/18/2026,1630,WBD,27.10,+0.44%,Communication Services,1.574,0.1,$0.93,30.0,8.83,27.1,27.29,23.51,-3.0,0.09,-0.38,"13,264,962",-100119.41,2.1617981E7,2.319083499E7,-13.79,-0.91,0.52,-0.55,29.58,27.14,-27.14,-27.14,56.0,"67,943 M"
05/18/2026,1630,WCLD,29.49,+3.03%,,1.057,0.91,<empty>,37.115,23.8901,28.28,27.75,32.14,2.0,0.91,0.51,"1,281,387",400243.34,1128890.33,1276101.73,98.8,3.55,-0.07,7.28,30.07,24.26,30.07,30.07,NaN,243 M
05/18/2026,1630,WDAY,128.88,+3.10%,Information Technology,1.028,4.31,$10.48,274.65,110.36,123.41,126.81,189.6,2.0,0.97,0.51,"4,607,008",201155.58,4822164.38,5392731.4,23.97,-2.58,0.77,10.63,154.49,110.27,-110.27,-113.03,3.0,"32,179 M"
05/18/2026,1630,WEAT,25.00,+3.69%,,.0038,0.71,<empty>,25.6,19.78,24.02,23.29,21.5,1.0,0.89,0.67,"1,420,271",-200149.47,1113820.85,993345.03,-9.87,7.71,3.31,-1.46,25.13,21.62,-21.62,26.03,NaN,351 M
05/18/2026,1630,WELL,212.61,-0.53%,Real Estate,.8317,2.26,$4.34,221.675,146.645,213.29,207.88,190.04,-3.0,-0.48,-0.42,"1,992,077",-100431.41,2935171.84,2994379.79,-33.04,1.63,-2.09,-3.42,220.13,193.38,-193.38,222.03,48.0,"150,084 M"
05/18/2026,1630,WEN,7.84,-2.24%,Consumer Discretionary,.3682,0.61,$1.17,12.51,6.37,7.16,7.06,8.37,-2.0,1.0,-0.91,"9,220,287",200467.05,9955092.09,1.004060459E7,47.11,12.16,19.88,-4.27,8.61,6.09,-6.09,8.03,56.0,"1,493 M"
05/18/2026,1630,WEST,8.33,-1.42%,Consumer Staples,.9228,1.31,($0.66),8.9764,3.59,6.66,5.36,4.96,-4.0,1.0,-0.74,"907,396",-100168.05,613952.46,539232.45,229.16,88.04,45.12,-0.6,9.06,4.49,9.05,9.05,56.0,813 M
05/18/2026,1630,WFC,74.37,+1.29%,Financials,.9366,3.26,$0.04,97.76,71.895,78.34,79.14,84.12,3.0,-0.28,0.28,"12,991,146",-300430.07,1.759596884E7,1.758913819E7,-12.38,-2.39,-6.07,1.14,89.62,73.04,89.62,83.11,38.0,"227,586 M"
05/18/2026,1630,WGMI,55.55,-2.90%,Communication Services,3.787,4.9,<empty>,67.885,16.31,53.31,45.28,43.41,-2.0,-0.93,-0.52,"1,094,373",-100477.01,523828.72,522307.64,101.85,42.07,10.0,-5.66,61.08,32.34,-32.34,62.02,NaN,357 M
05/18/2026,1630,WGS,42.69,+4.76%,Health Care,2.112,11.85,($0.99),170.87,32.21,52.74,62.8,106.64,7.0,0.18,0.44,"1,510,998",201576.08,1191052.93,1121000.98,280.68,-39.61,-37.16,9.63,95.49,32.08,-32.08,-32.08,49.0,"1,267 M"
05/18/2026,1630,WH,78.14,-2.01%,Consumer Discretionary,.649,1.6,<empty>,92.685,69.21,82.84,81.63,79.81,-3.0,-0.18,-0.25,"1,110,488",0.0,1209152.28,1322895.06,1.05,-0.46,-2.62,-3.78,90.19,72.46,90.19,87.16,45.0,"5,850 M"
05/18/2026,1630,WING,129.00,-0.16%,Consumer Discretionary,1.714,16.43,$4.76,388.14,116.35,152.9,170.46,243.13,5.0,0.26,0.34,"1,568,989",200873.02,1394992.63,1375791.94,-33.08,-32.52,-14.29,6.96,303.62,119.03,303.62,-116.02,50.0,"3,513 M"
05/18/2026,1630,WMS,135.28,-0.27%,Industrials,1.311,4.34,$7.43,179.315,105.14,145.45,143.45,146.8,-2.0,-0.38,-0.34,"707,968",-100045.17,906999.38,861217.51,51.48,-0.08,-3.89,-1.93,176.6,131.4,-131.4,156.17,3.0,"10,538 M"
05/18/2026,1630,WMT,133.34,+1.44%,Consumer Staples,.6419,1.5,$1.87,134.69,93.43,130.34,126.82,114.25,1.0,0.44,0.49,"17,100,789",0.0,1.788826986E7,1.965962707E7,4.64,9.31,2.31,1.42,133.11,118.4,-118.4,-126.13,3.0,"1,062,852 M"
05/18/2026,1630,WOOD,65.35,+0.37%,,.7755,1.28,<empty>,83.32,65.0,68.44,69.86,72.6,-6.0,-0.26,-0.43,"9,471",-100017.55,18201.33,31535.5,67.25,-6.52,-3.26,-2.83,81.62,67.4,81.62,71.17,NaN,243 M
05/18/2026,1630,WRBY,28.65,-0.28%,Consumer Discretionary,2.077,3.22,$0.32,31.0,14.96,25.02,23.7,24.01,-3.0,0.84,-0.58,"2,780,842",201103.08,2623732.04,2928505.03,85.36,19.13,30.29,0.56,30.06,20.3,-20.3,30.02,55.0,"3,516 M"
05/18/2026,1630,WW,10.03,-6.09%,Consumer Discretionary,2.216,0.76,($3.69),46.949,8.365,10.22,13.35,24.35,-1.0,0.44,-0.75,"226,522",-101609.08,394267.81,337561.48,-26.46,-45.1,-8.07,4.05,25.44,8.06,-8.06,-8.06,57.0,100 M
05/18/2026,1630,WWW,15.31,-0.26%,Consumer Discretionary,1.666,0.75,$1.62,32.8,13.47,16.78,16.7,20.75,2.0,-0.72,0.03,"1,635,005",-201064.03,1043240.78,1190150.95,49.97,-7.83,-6.76,-1.42,21.56,15.04,21.56,-14.02,51.0,"1,255 M"
05/18/2026,1630,WY,22.87,+0.84%,Real Estate,.9155,0.49,$0.03,27.86,21.155,23.98,24.02,24.4,1.0,-0.16,0.32,"4,313,439",0.0,5164604.6,5348305.12,8.17,-2.39,-2.8,-1.0,27.62,22.4,-22.4,25.14,46.0,"16,490 M"
05/18/2026,1630,WYFI,23.77,-1.78%,Information Technology,4.412,4.5,($9.75),40.75,10.5101,20.21,16.71,NaN,-2.0,-0.96,-0.7,"2,508,729",101951.03,1281103.94,1124490.95,369.54,62.47,31.98,-12.06,22.07,11.35,-11.35,31.02,61.0,918 M
05/18/2026,1630,WYNN,95.51,+0.09%,Consumer Discretionary,.9706,4.72,$6.72,134.72,82.627,103.02,102.7,115.05,1.0,-0.23,0.03,"1,294,112",-100338.07,1623505.57,1702373.67,19.39,-6.01,-7.67,-0.73,119.62,95.03,119.62,109.08,56.0,"9,913 M"
05/18/2026,1630,XBI,127.67,-2.31%,,.8644,2.73,<empty>,139.19,78.0,133.42,129.68,116.04,-3.0,-0.34,-0.07,"8,066,355",-100037.33,9136143.02,9242339.67,5.45,5.42,-4.37,-6.02,139.21,118.38,139.21,138.17,NaN,"7,944 M"
05/18/2026,1630,XHR,16.37,+2.89%,Real Estate,1.175,0.33,$1.03,17.23,11.34,16.35,15.58,14.52,1.0,-0.68,0.25,"853,986",200136.17,690707.18,712046.57,10.5,12.2,2.63,0.06,17.11,14.45,17.11,17.11,51.0,"1,510 M"
05/18/2026,1630,XIACY,19.65,+1.60%,Information Technology,.6162,0.57,$0.12,40.25,18.51,19.75,20.4,26.49,-3.0,-0.96,-0.48,"293,494",-100000.42,415108.64,412661.42,-24.76,-10.84,-0.05,-5.16,24.62,19.12,-19.12,21.03,5.0,"101,479 M"
05/18/2026,1630,XLB,50.22,-0.16%,,.947,0.67,<empty>,54.14,42.035,51.53,50.63,47.41,-3.0,-0.39,-0.4,"10,543,576",0.0,1.286841881E7,1.390453198E7,16.21,3.59,-0.85,-3.53,54.57,47.4,-47.4,53.07,NaN,"7,322 M"
05/18/2026,1630,XLC,116.98,+0.78%,,1.007,0.66,<empty>,120.405,99.6,116.49,114.9,115.05,1.0,0.76,0.41,"5,120,392",100123.54,6159539.88,6569721.59,26.36,2.92,0.76,0.19,119.21,107.35,119.21,118.07,NaN,"25,256 M"
05/18/2026,1630,XLE,60.58,+1.92%,,.4744,1.41,<empty>,63.46,40.36,57.81,58.16,49.34,6.0,0.36,0.93,"40,148,913",-200233.54,4.930273179E7,5.362438514E7,2.55,3.68,2.0,5.12,63.34,53.21,-53.21,-55.07,NaN,"42,527 M"
05/18/2026,1630,XLF,51.74,+1.25%,,.8834,0.33,<empty>,56.515,47.67,51.65,50.68,52.6,1.0,0.62,0.32,"32,881,145",100227.54,4.327582673E7,4.785925514E7,35.11,5.66,0.31,1.47,53.19,48.35,53.19,-51.04,NaN,"50,664 M"
05/18/2026,1630,XLG,63.52,-0.05%,,1.059,1.11,<empty>,64.33,47.93,61.76,58.42,57.9,-2.0,-0.99,-0.37,"2,918,498",-100129.47,3071956.03,3447964.84,125.81,14.37,3.99,0.06,63.06,53.34,-53.34,64.02,NaN,"11,226 M"
05/18/2026,1630,XLI,170.75,-0.38%,,1.01,1.85,<empty>,179.305,139.63,172.86,169.16,160.6,-5.0,-0.57,-0.4,"8,668,036",100028.51,1.106805824E7,1.187351189E7,-3.69,3.37,-0.13,-1.65,179.54,156.34,-156.34,178.07,NaN,"29,783 M"
05/18/2026,1630,XLK,174.36,-1.08%,,1.297,7.03,<empty>,180.215,112.551,166.54,150.49,143.36,-5.0,-0.96,-0.46,"19,014,498",0.0,1.377590857E7,1.481759327E7,105.5,26.38,7.6,-1.41,176.06,127.34,-127.34,180.02,NaN,"113,728 M"
05/18/2026,1630,XLP,85.90,+1.49%,,.5044,0.7,<empty>,90.14,75.16,83.78,83.06,81.3,1.0,0.53,0.76,"11,515,085",-100120.54,1.41182954E7,1.60968716E7,13.22,3.94,2.82,1.39,90.55,80.23,-80.23,-82.15,NaN,"15,193 M"
05/18/2026,1630,XLRE,43.75,+1.20%,,1.013,0.4,<empty>,44.91,39.725,44.04,42.85,41.91,-8.0,-0.69,-0.27,"6,045,065",-100330.41,6962889.56,7577155.51,-1.49,4.12,-0.75,-1.04,45.08,40.35,45.08,45.08,NaN,"7,836 M"
05/18/2026,1630,XLU,43.94,+0.16%,,.2431,0.9,<empty>,47.8,39.5825,45.48,45.91,44.38,-2.0,-0.01,-0.21,"31,524,768",-100424.41,2.306243493E7,2.489633646E7,142.2,-5.97,-5.24,-1.63,48.55,44.03,48.55,47.11,NaN,"22,183 M"
05/18/2026,1630,XLV,145.72,+0.43%,,.5876,1.16,<empty>,160.59,127.96,145.04,146.74,147.59,-2.0,0.41,-0.76,"7,531,951",200123.39,1.146710775E7,1.229274673E7,-12.55,-0.97,0.68,-0.67,160.55,142.13,-142.13,147.02,NaN,"37,868 M"
05/18/2026,1630,XLY,116.32,-0.18%,,1.215,1.18,<empty>,125.01,103.855,118.33,114.46,117.23,-6.0,-0.74,-0.07,"9,970,329",300227.34,9228315.58,1.003903585E7,47.91,5.2,-1.19,-2.02,122.21,105.34,122.21,121.06,NaN,"22,439 M"
05/18/2026,1630,XOM,160.49,+1.63%,Energy,.1857,4.08,$4.41,176.41,101.185,151.46,155.15,130.11,6.0,0.29,1.0,"19,921,375",-100337.33,2.129016966E7,2.12389417E7,31.29,1.84,4.42,5.89,176.34,142.21,-142.21,-144.06,52.0,"665,223 M"
05/18/2026,1630,XOP,176.21,+1.19%,,.6003,5.24,<empty>,190.36,118.14,171.65,171.97,142.67,3.0,0.21,0.72,"3,444,578",-300137.49,4909718.79,4997628.72,-4.51,1.64,-2.65,4.68,190.34,146.56,190.34,-162.07,NaN,"3,507 M"
05/18/2026,1630,XPEV,15.06,-3.59%,Consumer Discretionary,1.012,0.37,$0.74,28.235,14.91,16.11,17.36,19.78,-2.0,-0.45,-0.58,"8,137,049",-200262.18,6833170.8,6444481.01,-7.34,-19.77,-5.76,-9.71,20.45,15.53,20.45,17.15,7.0,"14,394 M"
05/18/2026,1630,XRT,79.59,+0.63%,,1.19,2.35,<empty>,91.65,73.87,83.72,82.41,84.66,1.0,-0.3,0.03,"5,667,343",-100023.04,5444394.52,5613926.64,47.89,0.76,-4.81,-0.2,90.6,78.34,-78.34,87.17,NaN,80 M
05/18/2026,1630,XTL,224.20,-0.76%,,1.138,3.97,<empty>,232.585,101.2401,222.78,207.36,164.65,-2.0,-0.71,-0.13,"100,192",-300128.25,109911.11,92179.15,-41.05,19.18,-0.6,-1.23,230.11,175.62,-175.62,233.02,NaN,779 M
05/18/2026,1630,XYL,108.30,+0.17%,Industrials,1.052,3.46,$3.81,154.27,107.785,115.63,119.75,135.58,1.0,0.0,0.26,"2,089,700",200037.22,2238017.88,2178790.4,-37.82,-9.46,-5.69,-0.65,132.56,109.03,132.56,125.14,55.0,"25,742 M"
05/18/2026,1630,XYZ,70.63,+0.38%,Financials,2.775,1.38,$5.37,82.5,48.21,71.25,65.8,67.87,-5.0,-0.76,-0.22,"4,742,185",300753.55,5907725.28,7523428.92,5.21,22.11,-1.77,1.22,77.06,49.58,77.06,77.06,58.0,"42,038 M"
05/18/2026,1630,YCS,53.56,-0.02%,,-.3961,0.74,<empty>,54.67,40.08,53.07,53.17,49.35,8.0,0.32,0.77,"43,711",-100218.22,31889.03,30649.89,573.86,-0.32,2.53,1.32,55.38,50.62,55.38,-52.08,NaN,29 M
05/18/2026,1630,YELP,21.79,+0.65%,Communication Services,.4692,2.98,$4.56,39.575,19.6,26.7,25.77,28.63,1.0,-0.3,0.03,"1,385,525",0.0,1179939.69,1342259.97,-2.02,-10.4,-24.0,-4.68,30.18,20.58,30.18,30.14,56.0,"1,198 M"
05/18/2026,1630,YPF,47.48,+8.75%,Energy,1.066,1.22,$2.86,48.955,22.82,43.89,42.62,35.64,1.0,0.44,0.57,"5,808,240",100849.01,2617013.09,2355010.16,293.6,20.26,6.86,9.07,49.33,33.53,49.33,-42.07,56.0,"18,632 M"
05/18/2026,1630,YUM,152.31,+1.56%,Consumer Discretionary,.5913,3.46,$5.92,169.39,137.33,155.46,157.49,152.47,3.0,0.02,0.32,"1,408,560",100124.14,1671896.81,1707484.68,-53.26,-4.27,-1.35,1.7,169.58,149.05,-149.05,-149.05,51.0,"41,980 M"
05/18/2026,1630,YUMC,45.48,-0.07%,Consumer Discretionary,1,1.13,$2.56,58.39,41.69,47.68,49.5,47.76,-4.0,-0.09,-0.3,"1,806,986",100232.42,1468786.79,1573578.57,72.27,-13.8,-4.93,-3.07,57.59,47.06,57.59,50.13,54.0,"15,965 M"
05/18/2026,1630,ZG,37.61,-1.18%,Real Estate,2.027,2.8,$1.24,90.22,37.26,42.92,42.87,62.64,1.0,-0.69,0.39,"1,673,073",0.0,1063169.15,1126323.35,195.66,-17.72,-15.04,-3.27,49.51,38.03,49.51,46.17,55.0,"8,605 M"
05/18/2026,1630,ZM,98.87,-1.29%,Information Technology,1.5,4.42,$6.40,111.56,69.15,99.57,87.89,84.57,-9.0,-0.74,-0.3,"5,693,191",-200443.57,4237355.73,4587503.63,86.44,29.36,-7.28,-3.48,110.09,71.53,112.05,112.05,3.0,"29,141 M"
05/18/2026,1630,ZS,174.69,+8.47%,Information Technology,1,10.97,$5.55,336.99,114.625,144.52,142.79,226.25,2.0,1.0,1.0,"6,192,100",-100866.28,2884371.28,3152012.11,185.5,11.99,22.85,14.6,173.62,115.26,-115.26,-128.12,5.0,"28,089 M"
