Date,Time,Symbol,Last,%Change,Sector,Beta,StandardDeviation,Free Cash Flow Per Share - Current (LTM),52High,52Low,SimpleMovingAvg,SimpleMovingAvg,SimpleMovingAvg,A_MCADays_Streak,A_MACD_BRR,A_MACDH_D_BRR,Volume,A_VolumeSpike,VolumeAvg,VolumeAvg,VolumeRateOfChange,A_Perf2M,A_Perf2Wk,A_Perf3D,A_3mnHigh,A_3mnLow,A_3mnHighLow,A_3wkHighLow,A_EarningsDays,Market Cap
05/21/2026,1630,$COMP,26293.0975,+0.09%,,1.212,406.82,<empty>,26707.1412,18599.6866,25675.18,23846.21,23061.13,-5.0,-0.87,-0.15,<empty>,NaN,NaN,NaN,NaN,19.8,1.89,0.78,26474.06,20690.37,26707.05,26707.05,NaN,0
05/21/2026,1630,$DJI,50285.66,+0.55%,,1,328.25,<empty>,50512.79,41354.09,49550.17,48168.47,47574.45,2.0,0.88,0.38,"565,800,938",-100100.44,5.1005014598E8,5.2330653984E8,21.14,8.82,1.39,1.21,50130.1,45057.37,-45057.37,-48709.16,NaN,0
05/21/2026,1630,$DXY,99.188,+0.10%,,<empty>,0.495,<empty>,100.643,95.551,98.565,98.977,98.541,-2.0,0.59,-0.84,<empty>,NaN,NaN,NaN,NaN,0.041,0.948,0.236,101.36,97.62,101.36,-98.11,NaN,0
05/21/2026,1630,/6B[M26],1.3432,+0.05%,,.3089,0.0089,<empty>,1.3869,1.3011,1.3508,1.3432,1.3425,2.0,-0.31,0.16,<empty>,-100000.51,98024.28,105841.8438,-4.799,0.0447,-0.8782,0.0,1.14,1.36,1.14,-1.03,NaN,0
05/21/2026,1630,/6C[M26],.72660,+0.04%,,.2666,0.00279,<empty>,0.74315,0.70845,0.73216,0.72973,0.72569,-1.0,-0.31,-0.24,<empty>,-300106.49,68881.98,73451.46875,5.91363,-0.61551,-0.87312,-0.28818,1.52,1.36,-1.36,1.14,NaN,0
05/21/2026,1630,/6E[M26],1.16290,+0.05%,,.1322,0.00613,<empty>,1.21105,1.12215,1.1718,1.16816,1.17097,1.0,-0.41,0.18,<empty>,-200000.51,187548.28,208314.07813,23.35945,-0.27014,-0.98765,-0.3556,1.24,1.48,1.24,1.11,NaN,0
05/21/2026,1630,/6J[M26],.0063015,+0.06%,,.041,3.86E-5,<empty>,0.007078,0.006243,0.006342,0.0063278,0.0065035,-11.0,-0.59,-0.2,<empty>,200109.12,152132.32,156560.59375,-48.9869451,-0.9198113,-1.4004068,-0.1267929,0.62,0.15,-0.15,0.11,NaN,0
05/21/2026,1630,/BTC[K26],77740,+0.06%,,.9922,1759.0,<empty>,127240.0,60005.0,79039.0,74867.0,91631.0,-8.0,-1.0,0.0,<empty>,100762.0,8552.0,8998.0,-11.0,10.0,-3.0,1.0,83215.0,62591.0,83215.0,83215.0,NaN,0
05/21/2026,1630,/BZ[N26],104.88,+2.24%,,.055,3.6,<empty>,119.4,58.72,107.2,104.12,75.82,-2.0,-0.23,-0.42,<empty>,-101000.53,50711.02,65242.28,36.25,4.37,1.72,-4.03,119.52,69.59,119.52,-96.1,NaN,0
05/21/2026,1630,/CL[N26],98.00,+1.71%,,1.29,2.94,<empty>,119.48,54.98,100.6,98.17,71.27,-2.0,-0.23,-0.46,<empty>,100321.52,340015.9,396915.17,36.22,10.27,0.35,-4.38,119.52,64.59,119.52,-89.11,NaN,0
05/21/2026,1630,/GC[M26],4544.2,+0.04%,,.1486,86.5,<empty>,5626.8,3250.5,4629.3,4691.3,4368.0,2.0,-0.3,0.5,<empty>,0.0,151521.8,152168.9,61.2,3.0,-3.2,-0.6,5434.6,4100.4,-4100.4,4783.1,NaN,0
05/21/2026,1630,/HG[N26],6.3450,+0.81%,,.037,0.2198,<empty>,6.716,4.3325,6.2112,5.9327,5.4263,-6.0,-0.79,-0.38,<empty>,0.0,44761.1,44853.0781,24.1587,15.6475,3.5918,0.142,7.06,5.42,7.06,7.06,NaN,0
05/21/2026,1630,/NG[M26],3.001,-0.56%,,.5784,0.115,<empty>,7.439,2.495,2.826,2.843,3.406,-2.0,0.5,-0.36,<empty>,0.0,111066.92,116943.219,-33.059,3.056,7.872,-0.761,3.52,2.19,-2.19,-3.15,NaN,0
05/21/2026,1630,/NKD[M26],62105,-0.14%,,.352,1153.0,<empty>,63880.0,36490.0,61246.0,57667.0,51754.0,1.0,-1.0,0.0,<empty>,200500.0,5968.0,6108.0,43.0,17.0,0.0,1.0,63850.0,50410.0,63880.0,63880.0,NaN,0
05/21/2026,1630,/SI[N26],77.015,+0.37%,,.6496,5.012,<empty>,121.785,32.8,77.917,76.373,65.105,-6.0,-0.29,-0.57,<empty>,0.0,44840.7,47397.75,-0.033,11.101,-2.408,-1.414,97.57,61.42,-61.42,90.06,NaN,0
05/21/2026,1630,AAAU,44.78,-0.11%,,.1624,0.86,<empty>,54.71,32.15,45.57,46.14,42.89,2.0,-0.29,0.51,"2,156,195",0.0,2290064.08,2381069.68,101.05,3.23,-3.45,-0.36,53.57,43.41,-43.41,-44.02,NaN,"2,758 M"
05/21/2026,1630,AAL,13.59,+4.94%,Industrials,1.348,0.47,$1.67,16.5,10.09,12.4,11.64,12.98,2.0,0.76,0.57,"108,757,664",-100272.52,6.072794464E7,6.713285504E7,121.16,25.72,3.11,9.95,14.59,10.37,-10.37,-11.16,42.0,"8,988 M"
05/21/2026,1630,AAPL,304.99,+0.91%,Information Technology,1.072,7.5,$8.74,305.54,193.46,287.46,269.49,261.07,-6.0,1.0,-0.53,"42,891,516",300027.15,4.444862748E7,4.364464834E7,-46.33,21.27,6.11,2.4,301.06,246.37,-246.37,-267.16,47.0,"4,479,497 M"
05/21/2026,1630,ABBV,214.50,+1.04%,Health Care,.3066,3.95,$11.29,244.81,180.25,206.47,208.51,219.14,1.0,0.82,0.99,"3,813,614",-100136.44,6780043.0,6712582.38,-39.88,4.67,5.82,2.43,237.55,191.16,-191.16,216.02,47.0,"378,977 M"
05/21/2026,1630,ABNB,134.25,-0.96%,Consumer Discretionary,1.205,3.18,$7.52,147.25,110.81,137.65,134.0,128.32,2.0,-0.39,0.21,"4,173,536",0.0,3671734.43,3981011.87,65.07,1.25,-4.42,-0.04,147.21,120.62,147.21,147.09,51.0,"79,678 M"
05/21/2026,1630,ABR,5.91,+2.25%,Financials,1.146,0.99,$0.89,12.575,5.67,7.04,7.43,9.14,5.0,-0.07,0.27,"5,709,553",-401162.08,3714329.64,4079403.75,177.38,-22.03,-27.66,-2.15,9.55,6.04,-6.04,-6.04,48.0,"1,137 M"
05/21/2026,1630,ABT,87.77,-0.69%,Health Care,.6393,1.9,$4.24,139.06,81.97,87.74,96.48,117.73,8.0,0.45,0.97,"8,521,885",-100135.44,1.310532593E7,1.213428029E7,-33.74,-16.29,0.87,-0.16,117.58,82.08,-82.08,-82.08,37.0,"152,879 M"
05/21/2026,1630,ACHC,23.02,-4.36%,Health Care,.7488,1.18,($3.23),30.1991,11.43,26.06,25.38,20.58,-5.0,-0.3,-0.08,"4,621,210",-100568.16,3017210.9,3283970.25,-11.93,-0.69,-5.89,-9.05,30.13,16.62,30.13,30.13,46.0,"2,117 M"
05/21/2026,1630,ACHR,6.12,+5.88%,Industrials,2.835,0.28,($0.90),14.62,4.8,6.05,5.84,8.06,1.0,0.88,0.37,"64,042,649",100782.01,3.304806371E7,3.292622453E7,104.42,3.9,-2.55,3.38,8.57,5.37,-5.37,7.08,54.0,"4,669 M"
05/21/2026,1630,ACI,16.27,-4.57%,Consumer Staples,.259,0.39,$0.97,22.78,15.545,16.45,16.85,17.69,-1.0,-0.41,-0.78,"9,678,362",-100131.08,6675956.12,6472961.42,71.99,-5.02,0.56,-3.21,19.61,16.07,-16.07,18.02,40.0,"8,046 M"
05/21/2026,1630,ADBE,244.10,-3.66%,Information Technology,1.451,6.83,$24.58,421.48,224.13,247.67,245.39,306.29,-1.0,-0.74,-0.57,"4,123,865",200143.48,5647133.52,5583179.1,-18.64,-1.43,-4.84,-4.51,285.54,224.29,-224.29,265.02,14.0,"98,665 M"
05/21/2026,1630,ADYEY,10.93,-1.53%,Financials,2.355,0.36,$33.73,19.94,9.45,10.98,10.64,14.33,4.0,0.79,0.59,"2,711,509",100000.08,1795664.24,1900614.55,537.77,6.69,-0.82,3.5,12.59,9.34,-9.34,-10.06,NaN,"34,470 M"
05/21/2026,1630,AFK,26.94,+0.48%,,.7371,0.81,<empty>,30.85,18.56,27.34,26.88,25.76,1.0,-0.48,0.35,"139,519",-200043.47,69593.98,87507.82,218.36,7.85,-4.26,-0.22,31.6,24.43,-24.43,29.08,NaN,114 M
05/21/2026,1630,AFRM,67.18,+0.09%,Financials,3.5,1.27,$2.37,100.0,42.095,65.55,56.64,67.5,2.0,-0.79,0.3,"3,955,356",-100679.46,5252431.16,5494064.52,-38.42,45.54,-0.27,4.3,71.09,42.38,71.09,-60.06,66.0,"22,498 M"
05/21/2026,1630,AGCO,112.09,-2.34%,Industrials,1.116,2.91,$7.39,143.78,95.96,116.45,116.72,113.7,-1.0,-0.24,-0.42,"912,991",-100144.13,723890.02,711991.11,38.95,-1.77,-4.77,-0.95,141.62,108.43,-108.43,123.13,47.0,"8,116 M"
05/21/2026,1630,AHR,50.13,-3.00%,Real Estate,.5657,0.8,$1.81,54.67,33.705,50.48,49.72,47.09,-1.0,-0.54,-0.52,"7,840,801",-100128.01,2491756.12,2538082.03,331.01,4.29,1.07,0.08,55.58,47.37,-47.37,52.08,52.0,"9,661 M"
05/21/2026,1630,AIQUY,41.9500,+2.14%,Materials,.7738,0.63,$5.45,44.415,36.169,41.79,41.61,39.97,4.0,0.13,0.37,"130,064",0.0,194354.0,195931.66,41.79,8.99,1.92,3.25,44.27,38.52,44.27,-40.04,45.0,"121,044 M"
05/21/2026,1630,AKAM,146.24,+1.87%,Information Technology,.5398,16.53,$5.29,165.45,69.78,127.78,114.98,92.71,-6.0,-0.9,-0.45,"4,568,670",100355.02,6037280.46,5800519.25,58.89,27.8,25.32,-3.0,165.06,89.27,165.06,165.06,52.0,"21,261 M"
05/21/2026,1630,ALB,169.90,-0.18%,Materials,1.348,13.56,$3.47,221.0,53.7,190.45,183.27,137.98,-7.0,0.0,0.0,"1,396,185",-100466.11,2047171.86,2134827.15,9.24,1.4,-14.34,-3.32,221.1,155.43,221.1,-166.02,46.0,"20,037 M"
05/21/2026,1630,ALCO,40.85,-0.27%,Consumer Staples,.994,0.37,$1.66,45.01,30.89,41.04,41.16,37.36,3.0,0.18,0.39,"12,854",300200.44,27339.4,28119.64,-24.77,4.24,-1.09,1.52,45.3,37.5,45.3,-40.04,55.0,303 M
05/21/2026,1630,ALGN,163.04,-0.21%,Health Care,1.781,5.32,$8.11,208.305,122.0,169.35,174.29,157.35,4.0,0.06,0.35,"1,163,628",-100247.45,1116285.1,1152198.48,38.47,-9.85,-3.18,2.68,200.22,156.03,200.22,184.17,46.0,"11,677 M"
05/21/2026,1630,ALLY,42.75,+0.31%,Financials,1.105,0.92,($0.36),47.27,32.5018,43.16,41.55,41.38,2.0,0.46,0.3,"2,778,883",-100133.22,3440721.25,3558670.46,33.9,9.0,-2.37,1.52,47.22,36.49,47.22,45.17,37.0,"13,104 M"
05/21/2026,1630,ALNY,300.51,+0.68%,Health Care,.3286,5.45,$4.88,495.55,284.19,297.21,310.71,389.0,4.0,0.66,0.79,"650,230",100140.16,1110487.48,1097423.31,-42.6,-2.01,1.55,4.97,343.27,284.08,-284.08,-284.08,47.0,"40,122 M"
05/21/2026,1630,AMAT,427.36,+0.12%,Information Technology,1.672,14.68,$6.72,448.45,153.47,415.47,387.09,285.97,2.0,-0.56,0.41,"5,679,054",100261.05,6730276.89,6835204.84,23.82,18.12,4.07,3.33,448.08,317.52,448.08,448.08,57.0,"339,157 M"
05/21/2026,1630,AMBA,83.64,+0.77%,Information Technology,2.199,3.65,$1.36,96.69,48.3,74.87,62.51,71.65,2.0,0.96,0.65,"648,367",-100163.59,814576.38,888549.41,3.41,53.26,12.62,6.03,83.06,48.37,-48.37,-62.17,4.0,"3,669 M"
05/21/2026,1630,AMD,449.59,+0.45%,Information Technology,2.311,34.83,$5.27,469.215,107.6671,399.91,297.79,229.35,-1.0,-0.84,-0.21,"27,103,878",300369.12,3.898686611E7,3.87494066E7,-20.93,121.82,10.07,6.79,469.08,188.56,469.08,469.08,50.0,"733,102 M"
05/21/2026,1630,AMG,302.63,+0.43%,Financials,1.144,3.45,$37.82,334.78,172.54,297.61,288.29,272.06,2.0,0.54,0.45,"338,121",0.0,340713.07,362231.51,-39.75,9.94,1.64,1.89,319.59,254.34,-254.34,318.14,47.0,"7,993 M"
05/21/2026,1630,AMH,32.11,-0.28%,Real Estate,.8182,0.48,$2.25,38.11,27.215,31.68,30.05,31.72,4.0,0.78,0.25,"1,995,964",100146.59,3206933.78,3820462.2,-19.55,16.59,-0.96,0.69,33.1,27.43,33.1,-30.04,47.0,"11,579 M"
05/21/2026,1630,AMLP,54.18,-0.40%,,.5036,0.56,<empty>,55.22,44.64,53.55,52.86,49.37,-2.0,-0.74,-0.64,"1,727,040",-100016.36,1589802.54,1559985.63,6.81,2.01,1.54,-0.51,54.12,51.24,-51.24,-52.17,NaN,"12,757 M"
05/21/2026,1630,AMN,25.65,-4.50%,Health Care,.3195,3.6,$18.27,31.65,14.865,24.86,21.35,19.28,-6.0,-0.81,-0.33,"1,389,592",200472.09,1020734.33,1141598.77,83.27,39.48,14.25,-11.12,32.08,17.34,32.08,32.08,52.0,995 M
05/21/2026,1630,AMPH,18.16,+0.44%,Health Care,.8927,2.62,$2.88,31.2641,16.645,20.16,20.21,24.93,4.0,0.47,0.5,"1,656,970",100060.01,603231.34,635680.43,369.14,-5.56,-24.43,5.58,29.62,17.03,29.62,-17.03,52.0,801 M
05/21/2026,1630,AMZN,268.46,+1.30%,Consumer Discretionary,1.445,4.18,($0.23),278.56,196.0,266.98,240.79,230.33,2.0,-0.69,0.25,"36,496,848",-100334.16,4.492984026E7,4.584613241E7,-28.19,27.75,-1.0,1.36,279.12,199.38,279.12,-255.02,47.0,"2,887,854 M"
05/21/2026,1630,AN,186.43,+0.95%,Consumer Discretionary,.7597,9.29,($2.85),228.9166,176.25,197.62,195.95,206.09,2.0,-0.12,0.16,"383,178",-100334.15,400112.16,413004.15,-65.19,-1.56,-9.19,2.47,218.14,180.44,218.14,218.14,48.0,"6,238 M"
05/21/2026,1630,AQWA,18.555,+0.35%,,.9088,0.31,<empty>,20.92,18.145,19.04,19.17,19.49,2.0,-0.2,0.36,"4,890",-100124.54,11923.07,32177.56,-45.84,-1.14,-3.01,0.32,21.59,18.44,21.59,20.17,NaN,24 M
05/21/2026,1630,AR,37.04,-2.47%,Energy,.4296,1.13,$3.08,45.75,29.1,37.84,39.34,35.1,-2.0,-0.2,-0.75,"3,485,326",0.0,5329857.28,5567755.88,-22.85,-12.97,1.84,-3.44,46.37,33.61,46.37,-36.1,46.0,"11,476 M"
05/21/2026,1630,ARE,47.85,+0.02%,Real Estate,1.173,1.66,$8.24,88.236,39.41,44.9,45.95,58.9,2.0,0.72,0.58,"1,392,082",-200849.18,2361737.08,2407692.96,-42.45,-0.62,4.98,2.51,55.59,39.17,-39.17,-39.17,40.0,"8,339 M"
05/21/2026,1630,ARGT,92.06,+2.21%,,.9341,1.76,<empty>,103.9699,66.49,90.36,90.68,87.12,2.0,0.33,0.5,"86,866",100032.16,284532.7,260075.57,-81.68,5.5,-0.5,2.35,97.31,83.56,97.31,-86.04,NaN,817 M
05/21/2026,1630,ARHS,6.39,+6.68%,Consumer Discretionary,2.325,0.61,$0.10,12.63,5.57,6.7,6.85,9.29,6.0,0.33,0.32,"1,598,428",-100165.05,1405432.35,1463154.53,58.21,-6.58,-9.68,8.86,10.59,6.06,10.59,8.17,52.0,904 M
05/21/2026,1630,ARKK,76.62,+1.03%,,1.978,1.85,<empty>,92.65,55.02,76.81,73.66,77.92,2.0,-0.65,0.34,"5,456,304",200150.43,9715020.75,9990397.24,-2.29,8.04,-1.68,2.83,81.08,63.37,81.08,81.08,NaN,"6,137 M"
05/21/2026,1630,ARQQ,16.45,+25.67%,Information Technology,2.667,1.15,($2.18),62.0,11.52,14.27,14.02,25.79,2.0,0.91,0.44,"2,087,731",101927.01,363338.59,334763.16,767.74,14.39,6.61,29.12,18.59,12.37,-12.37,-12.02,0.0,257 M
05/21/2026,1630,AS,35.33,+1.41%,Consumer Discretionary,1.126,1.34,$0.78,42.76,28.92,34.67,34.29,35.71,4.0,0.43,0.48,"3,819,917",-200151.03,4380700.22,4952818.37,20.83,8.01,-3.18,6.58,42.62,31.43,-31.43,-33.06,59.0,"20,556 M"
05/21/2026,1630,ASBFF,25.76,0.00%,Consumer Staples,.4235,2.36,<empty>,31.08,23.18,27.04,28.05,25.16,1.0,0.29,0.37,<empty>,NaN,2186.16,2774.45,-72.45,-11.17,-3.38,6.01,31.09,23.04,-23.04,-23.04,NaN,"18,028 M"
05/21/2026,1630,ASO,51.03,+0.85%,Consumer Discretionary,1.023,1.51,$3.32,62.445,39.87,52.56,54.49,52.95,2.0,0.04,0.45,"1,006,220",-200851.47,1476281.64,1484248.9,6.77,-3.1,-4.71,2.1,62.59,49.06,62.59,-48.02,12.0,"3,292 M"
05/21/2026,1630,ATRO,79.89,-6.00%,Industrials,1.117,3.28,$0.68,86.2699,27.2701,76.25,72.78,59.14,-1.0,-0.58,-0.69,"703,469",101060.07,571460.22,602647.18,77.51,20.99,2.49,-0.57,84.57,61.37,-61.37,-66.16,47.0,"2,863 M"
05/21/2026,1630,AVB,184.11,-1.38%,Real Estate,.8059,1.79,$11.84,209.86,160.095,183.56,174.07,180.76,-1.0,-0.84,-0.32,"2,509,658",-300121.01,1038419.8,1030568.41,237.01,12.76,-0.9,-0.62,188.07,160.36,188.07,188.07,46.0,"25,612 M"
05/21/2026,1630,AVGO,414.57,-0.76%,Information Technology,1.413,7.65,$6.12,442.36,226.18,419.52,375.48,349.28,-5.0,-0.57,-0.26,"16,809,691",0.0,2.244034136E7,2.380834614E7,41.46,28.54,0.49,-1.46,438.11,290.37,442.05,442.05,8.0,"1,962,851 M"
05/21/2026,1630,AVO,11.94,-3.16%,Consumer Staples,.5862,0.57,$0.54,15.53,10.0,13.06,13.39,12.78,4.0,0.0,0.34,"1,004,114",-200548.24,1022078.31,908378.56,29.23,-5.69,-10.23,-2.85,16.31,12.46,16.31,-12.03,9.0,846 M
05/21/2026,1630,AVTR,7.87,-0.13%,Health Care,.9301,0.25,$0.65,15.93,7.265,7.96,7.94,10.85,2.0,0.65,0.57,"6,345,151",100357.02,9366908.67,9574857.86,-33.21,3.69,-5.29,3.55,9.6,7.38,-7.38,9.1,48.0,"5,373 M"
05/21/2026,1630,AWI,157.15,-0.13%,Industrials,1.177,3.77,$5.53,206.0799,149.06,163.6,167.57,185.13,2.0,0.27,0.45,"370,885",200132.18,447882.82,540275.39,-2.74,-5.22,-4.8,-0.47,199.62,155.04,199.62,-152.02,45.0,"6,707 M"
05/21/2026,1630,AXP,309.70,-0.04%,Financials,1.068,3.82,$20.73,387.49,281.465,315.13,311.88,336.67,2.0,-0.57,0.3,"1,992,176",100039.44,3255537.51,3675383.11,-16.5,2.58,-2.82,-0.81,346.62,291.43,-291.43,325.14,43.0,"211,316 M"
05/21/2026,1630,AZO,3438.18,+0.55%,Consumer Discretionary,.4013,74.21,$95.97,4388.11,3210.72,3480.83,3466.39,3743.38,4.0,0.45,0.39,"293,432",100342.02,205450.85,195397.08,16.89,2.53,-3.28,2.15,3882.57,3280.03,3882.57,-3280.03,2.0,"56,650 M"
05/21/2026,1630,B,41.28,+0.83%,Materials,-.1033,2.49,$2.99,54.69,18.4135,41.25,41.17,39.03,1.0,-0.53,0.48,"11,039,334",100647.09,1.329050961E7,1.345590571E7,-6.78,9.53,-1.34,1.67,51.57,36.43,-36.43,48.08,54.0,"69,165 M"
05/21/2026,1630,BA,219.61,-1.17%,Industrials,1.205,7.94,($1.82),254.3499,176.77,228.09,217.71,219.6,-1.0,-0.48,-0.14,"6,399,542",-100639.06,6979625.93,6860330.51,83.15,10.68,-4.94,-0.45,242.06,188.37,244.05,-214.02,45.0,"173,119 M"
05/21/2026,1630,BABA,131.47,-2.23%,Consumer Discretionary,.475,4.25,($3.11),192.67,103.71,135.37,131.86,149.45,-6.0,-0.64,-0.37,"12,573,017",201052.07,1.153149182E7,1.138094164E7,102.81,4.29,-6.76,-1.34,156.62,118.32,-118.32,147.06,67.0,"315,414 M"
05/21/2026,1630,BAC,51.49,+0.51%,Financials,1.198,1.19,$7.63,57.55,42.35,51.74,50.74,51.71,5.0,0.47,0.32,"27,455,163",100043.44,3.633346931E7,3.894936211E7,10.6,8.35,-2.39,1.58,55.26,46.44,55.26,-49.04,35.0,"365,403 M"
05/21/2026,1630,BALL,56.35,-0.81%,Materials,1.057,1.53,$2.21,68.29,44.83,58.41,60.07,55.15,4.0,0.03,0.4,"2,518,474",100130.12,2550471.11,2402431.08,54.01,-3.28,-3.53,0.99,68.61,55.04,68.61,-55.02,50.0,"15,003 M"
05/21/2026,1630,BBN,15.59,-0.19%,,.675,0.22,<empty>,17.45,15.38,15.98,16.04,16.46,2.0,-0.2,0.22,"367,250",-100100.12,197794.46,193513.01,168.23,-1.83,-3.23,-0.13,17.58,16.03,17.58,-15.02,NaN,963 M
05/21/2026,1630,BBWI,17.32,+2.61%,Consumer Discretionary,1.423,1.16,$4.16,33.96,14.275,18.45,18.75,22.56,2.0,0.52,0.26,"5,070,483",200559.25,5952917.46,5976030.67,6.38,-6.73,-10.26,6.85,24.62,16.03,24.62,20.14,3.0,"3,488 M"
05/21/2026,1630,BBY,61.15,+0.28%,Consumer Discretionary,1.252,1.59,$5.96,84.99,55.1,58.61,61.54,69.78,6.0,0.56,0.93,"3,892,380",100545.4,3816695.8,4352527.44,62.9,-4.47,4.46,5.65,68.55,55.06,-55.06,-55.06,4.0,"12,884 M"
05/21/2026,1630,BCO,104.79,-1.74%,Industrials,1.058,1.72,$13.03,136.37,80.1,106.24,105.74,114.41,2.0,0.63,0.53,"468,137",101129.58,488019.92,555853.63,63.71,3.35,-2.75,-0.18,136.59,96.43,-96.43,-99.06,51.0,"4,315 M"
05/21/2026,1630,BDRY,12.50,+3.22%,,.7116,0.49,<empty>,13.34,5.03,12.24,11.23,9.63,-6.0,-0.74,-0.45,"53,388",500157.53,100988.96,167909.98,117.0,25.13,3.31,-2.72,13.07,10.37,13.07,13.07,NaN,40 M
05/21/2026,1630,BEAM,27.67,+2.07%,Health Care,2.129,2.13,($3.74),36.44,15.35,29.65,27.75,25.68,1.0,-0.34,0.13,"1,980,512",-201095.2,2146035.62,2127679.58,35.44,9.93,-12.07,3.21,34.08,22.37,34.08,-26.02,50.0,"2,847 M"
05/21/2026,1630,BEPC,37.62,+1.84%,Utilities,1.135,0.55,($1.86),45.18,27.72,37.2,39.35,38.96,13.0,0.19,0.79,"1,108,253",-200342.15,1558873.74,1473250.49,-65.61,-2.13,1.27,3.47,44.58,34.13,-34.13,-34.13,48.0,"6,861 M"
05/21/2026,1630,BIDU,131.18,-2.99%,Communication Services,.455,6.43,($4.60),165.3,81.17,134.39,123.69,124.53,-6.0,-0.69,-0.36,"2,091,613",-100260.05,2267638.4,2321583.16,127.09,14.54,-6.21,-4.74,152.06,106.37,152.06,152.06,60.0,"44,634 M"
05/21/2026,1630,BIO,286.74,-0.39%,Health Care,1.105,16.2,$13.21,343.12,211.43,265.61,273.55,292.57,7.0,0.56,1.0,"230,754",100339.04,367087.92,346276.37,-76.87,8.2,11.43,1.75,313.22,237.06,-237.06,-237.06,47.0,"7,674 M"
05/21/2026,1630,BIP,39.75,+1.43%,Utilities,1.052,1.08,($2.86),40.32,29.63,37.17,36.68,35.0,2.0,0.81,0.89,"880,004",-100328.17,981527.07,984688.2,43.75,11.78,7.52,2.95,40.57,33.16,-33.16,-33.16,47.0,"18,285 M"
05/21/2026,1630,BIRK,39.67,+19.45%,Consumer Discretionary,1.065,3.09,$1.94,57.2,31.12,36.91,36.99,41.65,3.0,0.19,0.45,"8,180,418",100850.01,2447144.12,2445259.7,330.41,12.28,1.61,23.51,43.22,31.04,-31.04,-31.04,56.0,"7,296 M"
05/21/2026,1630,BITO,10.60,0.00%,,1.723,0.25,<empty>,23.63,8.61,10.78,10.24,14.05,-8.0,-0.87,-0.45,"136,022,179",100256.06,1.1923057922E8,1.1625790423E8,40.92,9.05,-3.28,1.05,11.08,9.61,11.08,11.08,NaN,"1,794 M"
05/21/2026,1630,BJ,94.43,-0.96%,Consumer Staples,1.5,1.84,$2.50,120.08,86.68,94.09,95.14,95.16,-2.0,-0.51,-0.74,"2,667,513",100635.55,1902265.93,1912786.31,22.99,-1.68,0.11,-2.68,102.55,90.29,-90.29,99.02,1.0,"12,058 M"
05/21/2026,1630,BJRI,44.40,+1.21%,Consumer Discretionary,1.263,1.92,$3.71,47.02,28.46,40.34,38.03,37.02,2.0,0.93,0.83,"263,488",100943.12,364287.17,384620.35,4.28,25.49,8.61,4.13,44.08,33.48,-33.48,-36.13,47.0,933 M
05/21/2026,1630,BK,137.16,0.00%,Financials,1.057,2.09,$1.83,139.1499,87.41,133.95,127.38,115.79,8.0,0.55,0.4,<empty>,-100126.24,3735732.78,3647721.43,-49.35,19.33,2.63,1.58,139.21,112.51,139.21,-130.08,37.0,"94,144 M"
05/21/2026,1630,BKNG,159.68,+1.74%,Consumer Discretionary,-1.286,5.83,$11.24,233.576544,150.14,164.51,171.09,195.96,5.0,0.41,0.44,"7,469,327",100140.59,7514994.49,9218579.67,37.2,-9.21,-6.77,2.97,194.22,151.62,194.22,179.17,46.0,"123,733 M"
05/21/2026,1630,BKV,28.55,-2.06%,Energy,1.049,1.33,($4.94),32.81,19.56,29.53,28.78,26.33,-1.0,-0.33,-0.36,"678,657",-100056.44,1004394.21,1031895.17,-6.23,-1.14,-1.38,-0.76,33.57,26.26,-26.26,-27.05,55.0,"3,123 M"
05/21/2026,1630,BLDR,73.86,+3.69%,Industrials,1.445,3.53,$7.80,151.03,65.1,76.85,81.78,109.32,2.0,0.27,0.4,"3,241,187",-300562.16,2491647.02,2506932.61,-12.31,-12.76,-6.99,5.24,111.61,70.04,111.61,91.17,47.0,"7,944 M"
05/21/2026,1630,BLK,1063.75,+1.16%,Financials,1.462,19.22,$23.68,1219.9399,917.39,1066.85,1019.59,1079.26,-5.0,-0.83,-0.34,"624,649",100341.53,739770.03,789067.74,32.58,9.15,-0.37,-2.04,1108.62,917.49,1111.05,1111.05,36.0,"165,130 M"
05/21/2026,1630,BLMN,7.75,-1.40%,Consumer Discretionary,1.121,0.84,$1.40,10.7,5.19,7.19,6.41,6.76,-7.0,-0.86,-0.42,"1,740,909",101578.12,2879783.35,3015842.31,-17.04,38.64,-2.52,1.31,9.08,5.37,9.08,9.08,51.0,664 M
05/21/2026,1630,BLOK,64.30,+3.23%,,1,1.56,<empty>,75.89,46.9,62.23,57.3,60.52,1.0,0.8,0.39,"199,771",100134.27,301945.95,319662.62,-55.93,21.53,0.75,4.77,66.08,47.37,66.05,66.05,NaN,"1,350 M"
05/21/2026,1630,BNDD,97.1941,+0.49%,,.4791,0.6,<empty>,102.28,94.64,97.39,97.95,98.24,2.0,0.37,0.18,8,-100020.22,319.82,357.78,-97.07,-2.11,-0.65,0.67,100.52,97.04,100.52,-96.02,NaN,9.7 M
05/21/2026,1630,BNO,55.56,-0.14%,,.0073,2.0,<empty>,60.81,26.59,56.19,52.51,36.02,-2.0,-0.37,-0.38,"6,565,671",-400395.43,6263236.78,6307223.68,35.94,16.04,3.52,-3.63,61.13,33.59,61.13,-51.1,NaN,870 M
05/21/2026,1630,BOOT,154.49,+8.59%,Consumer Discretionary,1.654,10.68,$4.13,210.25,133.1797,158.12,156.98,177.25,3.0,0.37,0.32,"1,008,905",-200849.05,760481.35,704005.54,143.3,-4.16,-5.44,9.5,204.59,133.34,-133.34,-138.02,47.0,"4,688 M"
05/21/2026,1630,BP,44.87,-0.58%,Energy,.1852,1.03,$0.74,48.27,28.41,45.37,45.52,38.14,-1.0,-0.15,-0.46,"6,414,724",-200239.36,1.382083424E7,1.356783667E7,-45.54,2.98,2.42,-1.79,48.36,37.59,48.36,-43.09,50.0,"115,540 M"
05/21/2026,1630,BRBR,9.05,+0.89%,Consumer Staples,.5111,2.09,$1.53,63.835,8.53,12.28,14.67,26.11,8.0,0.16,0.42,"3,748,669",100988.12,4441979.89,4150446.19,-2.33,-45.51,-13.48,-2.27,19.62,9.06,19.62,18.14,49.0,"1,052 M"
05/21/2026,1630,BRCB,6.58,+3.30%,Consumer Discretionary,2.013,2.33,($2.20),30.4,6.13,10.17,12.7,NaN,3.0,-0.03,0.1,"802,337",-200780.06,539767.35,579780.65,284.07,-55.72,-42.58,-4.78,18.46,7.03,18.46,13.17,55.0,142 M
05/21/2026,1630,BRKR,44.98,+1.63%,Health Care,1.164,2.4,$0.01,56.22,28.53,40.76,38.25,39.76,1.0,0.79,0.7,"1,624,679",-100250.07,2201584.51,2140781.45,4.12,29.03,2.86,5.22,45.06,32.47,45.06,45.06,50.0,"6,847 M"
05/21/2026,1630,BROS,53.46,-2.99%,Consumer Discretionary,2.244,2.89,$0.72,77.88,44.58,54.23,52.75,56.98,6.0,0.49,0.5,"3,575,516",-100158.11,4247278.68,4295300.36,10.31,1.96,-0.15,1.37,60.11,45.38,60.11,-48.06,51.0,"7,334 M"
05/21/2026,1630,BTAL,12.24,-1.05%,,-.6189,0.22,<empty>,19.59,11.81,12.27,13.05,14.52,-1.0,0.49,-0.96,"371,111",-300160.22,967272.01,1019862.01,-27.46,-11.69,0.33,-1.92,15.52,12.1,-12.1,13.02,NaN,302 M
05/21/2026,1630,BTC,34.34,+0.03%,,1.473,0.77,<empty>,55.96,27.545,34.86,33.02,40.43,-8.0,-0.84,-0.49,"1,052,188",0.0,2415128.89,3360917.38,-54.62,9.82,-3.13,1.09,36.08,28.61,36.08,36.08,NaN,"4,115 M"
05/21/2026,1630,BTC-USD,-60.81,-1.28%,,4.799,7.05,<empty>,23.4124,-70.135,-53.88,-36.72,-15.91,5.0,0.17,0.72,"1,005,603",-100367.02,946016.39,918443.83,17.74,212.97,17.3,4.56,-11.63,-69.95,70.37,70.13,NaN,"-1,840 M"
05/21/2026,1630,BTI,65.73,+0.66%,Consumer Staples,.3385,3.34,$3.49,67.3,44.015,61.36,59.44,57.2,-3.0,1.0,-0.75,"3,257,901",100330.08,4352598.52,4612688.83,-11.67,13.48,13.17,-0.93,65.06,55.22,67.05,67.05,47.0,"142,142 M"
05/21/2026,1630,BUD,83.36,+1.03%,Consumer Staples,.5728,2.11,$5.66,83.66,56.97,78.57,74.56,67.45,1.0,0.8,0.71,"1,356,373",100127.13,1944727.07,2003682.54,13.79,21.6,3.88,2.51,83.11,67.43,-67.43,-72.16,47.0,"161,413 M"
05/21/2026,1630,BULL,6.61,-5.44%,Financials,2.707,0.18,$1.41,18.32,4.5,7.05,6.13,9.15,-5.0,-0.75,-0.12,"33,478,627",-200592.01,1.301359987E7,1.277425236E7,238.51,24.48,-8.32,-6.37,8.22,5.34,8.22,8.12,0.0,"3,515 M"
05/21/2026,1630,BURL,316.04,+1.89%,Consumer Discretionary,1.428,11.04,$2.72,351.85,218.52,307.0,317.73,291.67,6.0,0.18,0.69,"912,138",300851.02,705917.6,765497.12,148.03,-0.8,3.08,8.84,352.23,281.06,-281.06,-281.06,4.0,"19,857 M"
05/21/2026,1630,BUXX,20.26,0.00%,,.0005,0.01,<empty>,20.46,20.18,20.24,20.25,20.3,10.0,0.44,0.9,"136,546",-100000.42,426760.97,408754.27,-37.27,-0.1,0.25,0.1,20.62,20.37,-20.37,-20.16,NaN,462 M
05/21/2026,1630,BXP,60.13,+0.38%,Real Estate,1.078,0.58,$7.52,79.33,49.72,58.93,55.81,65.34,2.0,0.92,0.35,"1,167,465",-100443.59,1913009.41,2344757.81,-36.66,13.37,1.13,0.35,62.59,50.52,-50.52,61.05,45.0,"9,589 M"
05/21/2026,1630,BYD,79.65,+0.48%,Consumer Discretionary,1.125,2.56,$2.46,89.96,72.01,82.96,83.71,83.66,2.0,0.01,0.19,"883,298",100230.2,966188.72,975504.98,6.2,-2.79,-6.56,0.71,89.2,77.52,89.2,89.17,42.0,"5,920 M"
05/21/2026,1630,BYDDF,11.5900,+0.09%,Consumer Discretionary,.1795,0.52,<empty>,20.50333333333334,11.2,12.79,13.17,13.09,-6.0,0.0,-0.03,"199,205",-300100.02,195758.52,205643.27,190.38,-13.89,-10.88,-3.98,15.28,12.53,15.28,14.15,NaN,"105,668 M"
05/21/2026,1630,C,125.22,+0.32%,Financials,1.108,2.25,($20.72),135.29,71.65,126.08,121.32,109.59,2.0,0.3,0.17,"6,832,804",-200048.44,1.271939018E7,1.357436996E7,-35.64,12.16,-3.0,2.3,135.22,102.52,135.22,-120.02,35.0,"213,572 M"
05/21/2026,1630,CACC,547.98,-1.79%,Financials,1.385,14.52,$94.71,565.14,401.9,528.12,489.92,479.77,-1.0,-0.95,-0.42,"118,329",200644.55,158498.63,186880.29,49.09,25.04,4.8,-1.34,565.11,405.35,565.11,565.11,47.0,"5,732 M"
05/21/2026,1630,CAG,13.38,-2.76%,Consumer Staples,-.0186,0.26,$1.76,23.09,13.14,13.98,14.78,17.36,-1.0,-0.34,-0.64,"22,402,577",-500437.29,1.562493739E7,1.487924873E7,116.35,-13.45,-6.82,-2.97,19.57,13.04,19.57,15.14,32.0,"6,401 M"
05/21/2026,1630,CAH,200.61,+0.69%,Health Care,.5157,6.79,$18.48,233.6,137.75,194.71,204.78,191.73,8.0,0.28,1.0,"2,062,630",200030.05,2029988.17,1961102.1,-1.47,-2.81,8.27,0.42,234.57,180.06,-180.06,-180.06,59.0,"46,984 M"
05/21/2026,1630,CAKE,60.57,+0.45%,Consumer Discretionary,1.013,1.35,$3.68,69.7,43.07,60.57,59.09,56.62,2.0,0.35,0.47,"733,685",-100339.16,1211717.19,1237296.54,-57.7,7.17,-0.38,1.46,67.59,53.38,-53.38,-56.06,45.0,"3,009 M"
05/21/2026,1630,CAMT,160.59,+0.77%,Information Technology,1.555,18.77,$2.78,215.99,62.88,181.98,174.01,131.58,2.0,0.0,0.12,"263,215",-200873.04,452167.57,478188.62,-25.49,-6.79,-16.83,3.11,216.08,141.36,216.08,-148.02,55.0,"7,394 M"
05/21/2026,1630,CANE,10.05,+0.70%,,-.0299,0.14,<empty>,11.5,8.97,9.94,9.89,9.88,-6.0,-0.56,-0.59,"645,610",100142.14,767662.18,649844.72,21.82,-3.83,2.55,1.21,11.39,9.24,-9.24,10.12,NaN,91 M
05/21/2026,1630,CARR,62.18,-2.22%,Industrials,1.352,1.8,$2.00,81.09,50.24,64.68,60.99,59.53,-11.0,-0.46,-0.16,"11,117,292",100542.16,6817100.66,6563592.46,51.28,6.66,-7.5,-3.61,69.15,54.37,69.15,69.15,45.0,"51,645 M"
05/21/2026,1630,CASY,824.80,-3.25%,Consumer Staples,.6375,14.69,$17.98,901.0,433.16,843.0,770.95,621.79,-6.0,-0.62,0.0,"564,684",300129.32,587545.75,590656.56,49.51,21.83,-3.07,-3.63,890.06,627.52,901.05,901.05,12.0,"30,484 M"
05/21/2026,1630,CAT,865.95,-0.76%,Industrials,1.557,22.47,$16.91,931.35,336.2409,878.95,795.19,623.68,-8.0,-0.57,-0.14,"1,859,377",100439.16,2419762.29,2530128.99,-21.76,23.41,-3.32,0.23,931.1,663.52,931.1,931.1,50.0,"398,850 M"
05/21/2026,1630,CAVA,81.27,+0.92%,Consumer Discretionary,1.881,5.23,$0.23,98.79,43.41,84.58,85.39,68.89,6.0,0.06,0.46,"3,412,252",-100759.02,3094210.5,3443050.76,28.61,-6.66,-3.79,1.73,99.22,66.61,99.22,-72.06,63.0,"9,466 M"
05/21/2026,1630,CBRL,31.79,+6.04%,Consumer Discretionary,1.265,1.0,($0.96),71.93,24.85,30.33,29.26,35.28,2.0,0.65,0.32,"1,090,179",0.0,1042190.83,1115746.2,64.62,18.0,2.05,8.42,35.54,26.38,-26.38,32.09,9.0,711 M
05/21/2026,1630,CCK,96.46,-0.93%,Materials,.6504,1.94,$8.72,116.62,89.21,99.18,101.74,101.13,2.0,-0.17,0.49,"1,038,272",-100134.18,1116773.48,1109799.26,-22.51,-4.34,-4.58,-0.72,117.61,96.04,117.61,105.17,40.0,"10,779 M"
05/21/2026,1630,CCL,26.18,+0.58%,Consumer Discretionary,2.32,0.93,$2.25,34.03,21.6217,25.88,26.07,28.58,2.0,0.45,0.53,"34,143,805",100058.13,2.928290211E7,2.886762542E7,55.33,2.87,-3.04,5.1,33.59,23.52,33.59,28.1,22.0,"36,263 M"
05/21/2026,1630,CCRN,13.05,-0.46%,Health Care,.4519,1.13,$1.23,14.99,7.43,11.83,10.48,10.8,-7.0,-0.98,-0.59,"4,060,748",-100157.01,696178.87,698151.49,1699.13,36.36,-0.31,-0.38,13.09,8.62,13.09,13.09,51.0,405 M
05/21/2026,1630,CELH,29.70,+3.74%,Consumer Staples,.9581,2.03,$0.96,66.74,27.66,31.54,34.75,47.55,5.0,0.4,0.53,"5,565,446",-100171.09,8159443.4,8007656.62,-1.58,-25.09,-13.31,1.26,59.59,28.06,-28.06,-28.06,53.0,"7,593 M"
05/21/2026,1630,CF,121.69,-1.31%,Materials,.4526,3.92,$10.23,141.96,75.415,123.73,124.97,96.42,-2.0,-0.24,-0.45,"2,749,783",-100164.44,4651046.63,4735528.53,27.45,1.26,2.54,-2.82,142.37,94.61,142.37,130.07,51.0,"18,695 M"
05/21/2026,1630,CFG,62.78,-0.08%,Financials,.9986,1.49,$5.50,68.79,38.796,63.18,61.86,57.3,5.0,0.38,0.36,"3,028,534",-300128.25,4416567.47,4733724.56,15.86,8.28,-2.24,2.65,67.22,55.48,67.22,-60.04,37.0,"26,549 M"
05/21/2026,1630,CFLT,30.99,0.00%,Information Technology,.9658,0.09,$0.11,31.0,15.64,30.72,30.56,24.82,1.0,0.14,0.28,<empty>,-300008.27,1.344598214E7,1.260758761E7,68.88,1.87,0.94,0.91,31.08,30.57,-30.57,-31.11,32.0,"11,134 M"
05/21/2026,1630,CFRUY,20.099,+0.14%,Consumer Discretionary,1.258,0.52,$7.78,22.15,15.58,19.51,18.77,19.44,2.0,0.86,0.45,"357,991",-100100.5,585350.02,614634.59,22.87,15.11,0.22,1.72,21.61,16.43,-16.43,21.1,1.0,"118,170 M"
05/21/2026,1630,CG,45.13,-0.42%,Financials,1.879,2.07,($11.89),69.848,43.19,48.6,48.44,56.43,-5.0,-0.38,-0.17,"3,059,748",-100247.11,3308322.74,3419862.44,-7.34,-5.35,-7.92,-3.15,55.59,45.49,55.59,53.11,51.0,"16,246 M"
05/21/2026,1630,CHD,95.64,-0.50%,Consumer Staples,.4855,1.5,$4.44,106.04,81.33,94.89,94.89,91.63,-1.0,0.34,-0.72,"1,234,250",-100225.15,2072899.83,2024513.99,-65.75,1.05,1.87,-1.18,106.61,90.08,-90.08,-90.08,48.0,"22,661 M"
05/21/2026,1630,CHDN,85.53,-0.12%,Consumer Discretionary,.6894,2.47,$5.38,118.455,80.24,91.62,89.77,98.13,6.0,-0.31,0.3,"982,214",300238.2,957657.22,1042988.98,-1.58,1.08,-3.74,-2.73,103.19,80.52,103.19,103.17,46.0,"5,961 M"
05/21/2026,1630,CHEF,78.08,+0.96%,Consumer Staples,2.139,1.4,$2.09,82.8112,53.2,77.14,68.13,63.85,-13.0,-0.76,-0.16,"550,449",101441.17,480071.08,489019.27,35.62,34.25,-2.81,-2.09,83.09,57.34,83.09,83.09,46.0,"3,184 M"
05/21/2026,1630,CHH,111.49,-0.69%,Consumer Discretionary,.6725,3.24,<empty>,136.45,84.035,108.02,107.23,104.71,13.0,0.36,0.71,"629,275",100138.15,614133.93,616192.82,-44.33,11.62,4.66,4.54,124.22,94.5,124.22,-97.13,51.0,"5,072 M"
05/21/2026,1630,CHPT,6.83,+9.63%,Industrials,1.768,0.22,($2.86),17.78,4.44,6.45,5.89,8.14,1.0,0.77,0.23,"608,669",100597.28,480733.15,473402.69,103.4,27.66,10.88,6.89,7.21,4.37,7.21,-6.01,8.0,167 M
05/21/2026,1630,CHRD,142.85,-1.86%,Energy,.4502,4.4,$8.77,151.945,84.245,143.31,137.85,108.25,-2.0,-0.37,-0.59,"839,779",500347.32,965370.91,1081749.58,22.0,9.25,3.7,-4.49,151.12,102.6,-102.6,152.03,51.0,"8,042 M"
05/21/2026,1630,CHTR,148.90,+2.97%,Communication Services,.7696,7.52,$30.73,422.29,136.63,156.15,196.14,223.69,15.0,0.09,0.64,"2,567,852",100450.16,2795015.81,2517573.76,-36.47,-31.26,-7.08,5.45,254.2,137.04,-137.04,-137.04,43.0,"18,312 M"
05/21/2026,1630,CHWY,19.93,-1.19%,Consumer Discretionary,1.475,1.64,$1.36,48.62,19.3,23.26,24.87,31.66,2.0,-0.23,0.19,"9,349,481",-100977.03,8448906.91,8531720.05,59.07,-15.52,-15.8,-7.86,29.22,21.03,29.22,26.16,13.0,"8,304 M"
05/21/2026,1630,CI,282.02,-0.38%,Health Care,.2744,6.92,$28.94,338.8899,239.51,286.48,276.8,282.08,-6.0,-0.75,-0.41,"1,158,395",-100036.44,1646421.12,1691642.12,-23.79,7.85,-0.71,-1.63,303.06,258.37,303.06,303.06,47.0,"74,603 M"
05/21/2026,1630,CLOX,25.585,0.00%,,.1085,0.03,<empty>,25.71,25.35,25.56,25.52,25.54,6.0,0.79,0.55,"22,142",-300000.43,175008.41,214546.93,-93.57,0.49,0.19,0.12,26.15,25.49,26.15,-25.13,NaN,284 M
05/21/2026,1630,CLOZ,26.43,-0.13%,,.1305,0.05,<empty>,26.96,25.23,26.39,25.99,26.44,-3.0,-0.89,-0.53,"123,832",-100100.59,320070.87,514830.19,-74.1,3.04,0.3,-0.11,26.6,25.55,-25.55,-26.13,NaN,666 M
05/21/2026,1630,CLX,95.17,+0.97%,Consumer Staples,.5748,2.55,$3.11,132.03,84.7,92.18,99.54,110.64,12.0,0.3,0.88,"2,331,427",-200134.14,2842303.59,2668130.34,-82.42,-10.12,3.32,2.53,129.59,85.12,-85.12,-85.12,47.0,"11,508 M"
05/21/2026,1630,CMCSA,25.08,+0.80%,Communication Services,.7232,0.74,$4.84,34.3580131208997,24.1330834114339,25.99,27.75,28.57,7.0,0.04,0.41,"27,761,313",100040.44,3.379432716E7,3.225398171E7,-3.7,-13.55,-4.42,0.6,32.54,25.06,-25.06,-25.06,47.0,"89,591 M"
05/21/2026,1630,CMG,32.80,-0.49%,Consumer Discretionary,1.003,0.51,$1.14,58.42,29.75,32.87,33.32,36.93,-1.0,0.42,-0.46,"17,565,521",-100343.16,1.59817014E7,1.583199331E7,-15.8,-1.68,-1.41,-2.81,38.59,31.37,-31.37,-32.08,46.0,"42,074 M"
05/21/2026,1630,CMI,638.78,-4.64%,Industrials,1.22,22.94,$19.34,718.08,307.905,675.85,614.63,517.06,-5.0,-0.62,0.0,"1,612,766",-200439.01,851137.47,874696.85,136.19,16.51,-6.46,-5.77,718.1,510.37,718.1,718.1,50.0,"88,145 M"
05/21/2026,1630,CNA,44.33,-0.23%,Financials,.3403,0.56,<empty>,50.72,42.48,45.1,46.04,46.76,9.0,0.18,0.67,"376,878",-100846.14,474103.4,498848.58,-33.51,-2.53,1.4,-0.2,50.57,42.06,-42.06,-42.06,49.0,"11,993 M"
05/21/2026,1630,CNC,57.77,-0.88%,Health Care,.9505,2.03,$14.45,60.76,25.075,54.68,43.34,38.83,-7.0,-0.91,-0.29,"3,342,128",200750.17,6636938.85,6445419.0,-43.24,76.07,5.07,-0.79,60.06,32.37,-32.37,-44.17,45.0,"28,527 M"
05/21/2026,1630,CNH,10.15,-2.03%,,1.59,0.27,($0.37),14.27,9.0,10.49,10.66,10.81,-8.0,-0.31,-0.56,"20,603,250",100449.16,1.666740348E7,1.578492374E7,51.64,-2.87,-6.37,-3.33,13.62,10.44,-10.44,11.09,47.0,"12,585 M"
05/21/2026,1630,CNX,35.55,-2.68%,Energy,.6414,0.85,$3.98,43.62,27.72,37.13,38.68,35.97,-1.0,-0.09,-0.61,"1,639,939",-100043.44,2038886.09,2164660.58,2.45,-12.52,-1.03,-2.76,44.53,35.06,-35.06,-35.06,42.0,"5,030 M"
05/21/2026,1630,COAL,24.78,-0.08%,,.8533,0.47,<empty>,29.1,16.5903,25.34,26.17,23.92,2.0,-0.03,0.46,"32,411",-200246.26,202799.26,170495.73,-59.96,-8.22,-2.79,-0.3,29.37,24.58,29.37,26.14,NaN,68 M
05/21/2026,1630,COCO,78.83,+1.22%,Consumer Staples,.7278,4.24,$1.13,79.7,31.79,69.3,58.38,49.69,-13.0,-0.98,-0.46,"855,454",-100262.16,1560651.04,1463238.61,-38.54,41.35,15.58,-0.5,76.06,45.36,-45.36,80.03,46.0,"4,502 M"
05/21/2026,1630,COF,186.66,-0.30%,Financials,1.044,3.49,$45.02,259.635,174.98,188.6,188.62,212.55,2.0,0.45,0.49,"3,723,681",0.0,4588877.89,4937311.93,-19.47,1.45,-3.08,-0.27,211.59,175.38,-175.38,196.17,41.0,"116,157 M"
05/21/2026,1630,COIN,193.56,+1.19%,Financials,3.207,7.75,$6.68,444.645,139.36,197.27,191.24,251.72,-5.0,-0.87,-0.35,"5,655,490",100776.56,1.050484594E7,1.127111006E7,-16.48,-3.52,0.31,2.17,218.07,153.61,222.05,222.05,47.0,"50,995 M"
05/21/2026,1630,COM,34.44,-0.86%,,.0025,0.37,<empty>,35.62,27.4615,34.56,33.92,30.71,-6.0,-0.42,-0.25,"233,203",200018.36,225013.15,205486.97,102.3,3.61,0.64,-1.54,36.06,32.62,36.06,36.06,NaN,282 M
05/21/2026,1630,COP,120.55,-1.48%,Energy,.1847,3.69,$4.72,135.87,84.28,121.28,123.64,103.22,-2.0,-0.2,-0.84,"5,750,361",100039.44,9161849.93,9434736.38,-26.13,-5.22,4.94,-3.2,136.37,108.59,136.37,-114.09,52.0,"146,865 M"
05/21/2026,1630,COPJ,41.80,0.00%,,1.23,2.27,<empty>,53.945,20.89,42.49,41.03,38.07,-6.0,-0.5,-0.39,"76,079",0.0,130116.75,142369.82,24.66,15.18,-1.14,-0.64,49.57,34.43,-34.43,48.06,NaN,164 M
05/21/2026,1630,COPX,83.02,+0.86%,,1.072,4.43,<empty>,99.99,39.9605,82.77,80.35,70.52,-6.0,-0.48,-0.4,"2,700,175",100454.08,4292982.85,4565343.59,75.04,12.88,0.5,1.43,97.6,68.43,-68.43,93.06,NaN,"7,536 M"
05/21/2026,1630,CORN,18.31,-0.60%,,-.0842,0.27,<empty>,19.13,16.61,18.65,18.43,17.82,-2.0,-0.49,-0.28,"397,267",-200124.3,1118900.77,960212.98,-58.09,-1.08,-0.7,-2.29,19.06,18.61,19.06,-18.04,NaN,274 M
05/21/2026,1630,COST,1050.45,-2.19%,Consumer Staples,.9139,29.59,$20.49,1096.5,844.06,1025.69,1007.49,957.03,-2.0,-0.81,-0.66,"2,148,202",0.0,1798076.36,1851064.92,42.29,8.77,3.79,-2.42,1043.06,960.53,-960.53,1097.02,4.0,"466,035 M"
05/21/2026,1630,CP,86.71,+0.43%,Industrials,1.091,1.07,$1.62,89.415,68.421,85.8,82.58,77.38,2.0,0.47,0.48,"3,419,562",-200328.17,2820983.94,2853727.06,51.53,9.12,1.75,0.57,89.57,76.36,-76.36,88.05,46.0,"76,976 M"
05/21/2026,1630,CPAY,347.46,-0.86%,Financials,.8537,16.67,$18.87,361.99,252.84,324.29,313.16,308.83,-1.0,1.0,-0.73,"539,056",0.0,576375.29,609478.51,104.48,18.46,13.64,-0.3,354.62,281.43,-281.43,355.02,51.0,"22,711 M"
05/21/2026,1630,CPER,38.58,+0.03%,,.4854,1.36,<empty>,40.78,27.08,37.77,36.18,33.32,-6.0,-0.77,-0.37,"448,424",-100035.05,843909.32,851334.31,-7.39,15.06,3.29,0.47,41.06,32.43,41.06,41.06,NaN,747 M
05/21/2026,1630,CPNG,15.73,+0.70%,Consumer Discretionary,1.173,1.64,$0.16,34.075,15.03,17.92,18.98,24.38,7.0,0.21,0.36,"29,514,162",-100247.12,2.157667504E7,2.273687603E7,68.46,-18.54,-8.65,0.19,22.24,16.03,22.24,21.12,50.0,"28,236 M"
05/21/2026,1630,CPRI,18.38,+3.03%,Consumer Discretionary,1.477,0.67,($1.12),28.265,16.22,18.54,18.8,21.34,6.0,0.3,0.5,"1,939,888",0.0,2600293.79,2760129.18,-36.16,0.49,-1.66,4.79,22.62,17.37,-17.37,21.17,3.0,"2,190 M"
05/21/2026,1630,CPT,106.17,-0.11%,Real Estate,.8309,0.92,$7.67,119.0,96.53,104.5,102.01,105.28,4.0,0.8,0.61,"754,739",-300026.11,1193397.37,1138312.03,-57.88,8.17,2.02,1.49,111.59,97.38,-97.38,-102.17,47.0,"10,520 M"
05/21/2026,1630,CRCL,114.88,+2.92%,Information Technology,2.858,6.33,$2.10,298.99,49.9,111.34,107.51,104.09,-8.0,-0.61,-0.41,"10,800,448",101206.09,1.619693751E7,1.808506008E7,6.64,-9.29,1.44,3.13,140.07,59.61,140.07,140.07,54.0,"28,556 M"
05/21/2026,1630,CRI,37.56,+1.21%,Consumer Discretionary,.8905,1.64,$3.58,44.44,23.3805,35.34,35.59,33.01,7.0,0.3,0.84,"638,756",-100252.44,1123387.28,1237370.24,-72.67,8.96,5.06,5.77,44.62,32.52,-32.52,-32.07,43.0,"1,384 M"
05/21/2026,1630,CRM,176.31,-2.10%,Information Technology,1.128,6.35,$15.16,286.35,163.52,178.7,182.33,222.73,-1.0,0.65,-0.59,"10,921,375",100345.5,1.330069897E7,1.354472707E7,-11.38,-9.67,-5.38,-1.77,205.49,164.29,-164.29,-164.05,3.0,"144,231 M"
05/21/2026,1630,CRSP,49.90,+2.78%,Health Care,1.501,2.47,($4.61),78.48,35.38,51.39,50.99,55.77,2.0,0.41,0.28,"1,429,676",-200465.51,1748714.83,1906118.6,38.03,6.44,-4.81,2.76,62.59,44.37,-44.37,-47.02,54.0,"4,813 M"
05/21/2026,1630,CRWD,648.23,-0.29%,Information Technology,1.072,61.08,$4.95,659.55,342.72,525.9,458.39,464.15,-1.0,1.0,-0.97,"2,643,752",-200456.3,3404299.54,4035727.33,73.7,56.84,28.18,4.75,568.06,343.62,-343.62,-433.15,8.0,"164,998 M"
05/21/2026,1630,CSCO,118.20,+3.37%,Information Technology,.9451,10.73,$2.98,119.39,62.3,100.24,89.04,77.63,-3.0,1.0,-0.76,"22,685,171",-100243.06,2.318451461E7,2.310658037E7,40.94,49.96,28.26,-0.57,102.06,75.52,-75.52,119.03,56.0,"465,878 M"
05/21/2026,1630,CSX,45.90,-0.09%,Industrials,1.23,0.65,$1.02,46.735,30.17,45.27,42.79,37.96,-2.0,-0.68,-0.53,"12,085,977",-100025.08,1.263068209E7,1.267860799E7,93.54,17.87,3.24,-0.65,47.2,38.43,-38.43,-44.07,46.0,"85,289 M"
05/21/2026,1630,CTA,30.94,-1.34%,,-.2541,0.6,<empty>,32.76,26.36,31.6,30.54,28.57,-2.0,-0.63,-0.24,"357,099",200033.35,824809.06,766911.02,-30.05,7.21,0.32,-3.7,33.13,28.24,-28.24,33.03,NaN,"1,650 M"
05/21/2026,1630,CUBE,40.11,+1.21%,Real Estate,1.123,0.75,<empty>,44.13,35.09,39.75,38.74,38.79,2.0,0.58,0.39,"1,501,780",-200031.47,2317262.99,2323963.32,-57.09,7.97,-0.35,3.03,42.57,36.4,-36.4,-38.02,47.0,"9,081 M"
05/21/2026,1630,CURB,28.69,+0.99%,Real Estate,.5614,0.36,$1.15,28.94,21.62,27.85,27.14,24.62,4.0,0.38,0.68,"507,523",0.0,752062.05,781969.31,-5.04,10.77,4.1,3.46,29.17,25.43,29.17,-27.13,45.0,"3,028 M"
05/21/2026,1630,CVNA,64.39,-0.80%,Consumer Discretionary,1.96,5.54,$1.06,97.378,54.464,74.08,69.39,73.78,2.0,-0.28,0.05,"9,338,884",0.0,1.327539135E7,1.406362301E7,-57.18,7.46,-19.52,-2.47,84.15,54.37,84.15,84.15,46.0,"46,122 M"
05/21/2026,1630,CVS,93.32,+0.04%,Health Care,.6141,5.27,$5.82,98.43,58.5,88.47,80.33,77.71,-6.0,-0.91,-0.41,"6,478,497",100230.12,8202604.21,8228300.68,31.09,30.9,6.82,-2.78,98.06,70.37,98.05,98.05,47.0,"119,070 M"
05/21/2026,1630,CVX,191.01,-0.17%,Energy,.5012,4.71,$7.22,214.71,133.77,188.94,193.41,169.06,-2.0,0.33,-0.88,"9,047,830",200035.44,1.232923727E7,1.212505967E7,-13.3,-6.92,4.66,-2.61,215.37,178.24,-178.24,199.02,48.0,"380,415 M"
05/21/2026,1630,CWH,7.38,+4.83%,Consumer Discretionary,2.139,0.39,($1.68),19.64,5.7,7.19,6.95,11.7,4.0,0.57,0.55,"2,413,998",400786.16,3228190.75,3500912.59,-52.68,6.19,-2.77,5.73,12.62,6.44,-6.44,-6.06,45.0,469 M
05/21/2026,1630,CZR,27.90,+1.27%,Consumer Discretionary,1.833,0.66,$2.59,31.58,17.86,27.58,27.22,24.4,6.0,0.46,0.35,"2,936,297",201147.51,4199071.73,4930947.07,-21.95,5.52,0.43,1.01,31.5,20.6,31.5,-25.07,45.0,"5,683 M"
05/21/2026,1630,D,68.29,+0.83%,Utilities,.6455,2.55,($8.61),68.97,53.36,63.73,62.76,61.26,4.0,0.85,1.0,"9,776,398",100125.03,5688178.29,5822159.79,56.23,14.16,10.84,1.08,66.62,59.43,-59.43,69.03,47.0,"60,062 M"
05/21/2026,1630,DAL,75.65,+2.06%,Industrials,1.289,2.09,$6.03,76.39,45.28,70.44,68.11,64.6,2.0,0.69,0.64,"8,291,308",100259.47,1.073950789E7,1.139258033E7,-9.21,16.15,3.47,7.7,75.24,55.52,-55.52,-66.16,32.0,"49,702 M"
05/21/2026,1630,DAPP,21.53,+4.97%,,3.381,0.83,<empty>,27.4899,12.6005,20.47,18.27,18.99,1.0,0.82,0.42,"502,017",-100342.11,896902.6,839646.41,133.19,28.77,1.22,7.06,23.08,14.37,23.05,23.05,NaN,537 M
05/21/2026,1630,DAR,57.86,-1.90%,Consumer Staples,1.105,1.93,$3.48,66.02,29.15,62.2,60.56,43.2,-8.0,0.0,-0.03,"2,357,079",400751.32,3073044.16,2971670.96,-34.89,2.48,-7.08,-6.87,66.12,51.51,66.12,66.12,47.0,"9,196 M"
05/21/2026,1630,DASH,159.27,-0.91%,Consumer Discretionary,1.901,6.64,$4.07,285.5,143.3,164.52,163.6,211.15,6.0,0.6,0.34,"4,162,320",-100653.11,4567587.55,4667915.76,30.11,-0.44,-7.05,-2.09,191.23,143.38,191.23,184.1,54.0,"69,397 M"
05/21/2026,1630,DDOG,218.04,+2.73%,Information Technology,1.347,25.67,$2.74,220.35,98.0101,174.9,143.06,141.48,-7.0,1.0,-0.61,"4,175,559",100066.11,5468645.78,5529083.35,-33.17,68.72,15.53,4.42,205.06,98.61,-98.61,-128.15,52.0,"77,614 M"
05/21/2026,1630,DDS,551.85,+2.29%,Consumer Discretionary,1.181,12.91,$48.36,711.975,356.8501,555.94,574.14,589.26,6.0,0.1,0.53,"98,175",-100900.06,104612.96,116912.49,35.33,-3.01,-0.29,4.11,670.62,519.03,670.62,-518.02,56.0,"8,618 M"
05/21/2026,1630,DE,531.35,-5.19%,Industrials,.9543,15.4,$13.22,674.1899,433.0,571.6,577.42,520.57,-7.0,0.0,-0.32,"3,211,054",-100330.01,1212473.48,1287790.67,299.92,-6.62,-8.47,-5.87,670.62,550.36,670.62,594.15,0.0,"143,522 M"
05/21/2026,1630,DECK,102.62,+4.46%,Consumer Discretionary,1.099,3.44,$6.28,127.0,78.91,99.64,102.09,102.94,6.0,0.23,0.53,"4,332,756",100466.01,1954111.42,2024720.22,213.37,0.17,-0.1,8.47,122.6,93.38,122.6,108.17,0.0,"14,567 M"
05/21/2026,1630,DELL,252.80,+4.06%,Information Technology,1,12.53,$12.67,263.99,106.38,230.45,198.19,149.43,1.0,0.88,0.1,"5,063,333",-100455.44,7343287.1,8026830.82,68.18,53.59,9.78,6.21,264.09,117.6,264.09,264.09,4.0,"164,211 M"
05/21/2026,1630,DEO,85.98,+1.01%,Consumer Staples,.5493,2.11,$1.13,116.41,72.45,81.57,78.68,91.19,4.0,0.82,0.73,"694,220",-100240.5,1626294.13,1839868.25,-45.93,15.99,3.06,2.63,103.61,72.41,-72.41,-77.16,52.0,"47,796 M"
05/21/2026,1630,DG,105.11,+0.48%,Consumer Staples,.2999,5.68,$10.87,158.23,95.11,110.61,118.08,121.23,6.0,0.19,0.49,"3,767,895",-200256.08,3488829.82,3380447.82,72.09,-15.99,-9.75,-1.05,158.59,100.03,158.59,119.17,7.0,"23,148 M"
05/21/2026,1630,DGX,193.82,+0.04%,Health Care,.6118,2.0,$11.97,213.5,164.65,191.35,194.68,187.83,4.0,0.16,0.57,"473,947",300125.23,922851.3,892237.66,-31.51,-0.91,1.56,2.1,214.58,186.09,-186.09,-186.09,40.0,"21,455 M"
05/21/2026,1630,DIN,30.32,+1.24%,Consumer Discretionary,.9694,1.17,$2.62,39.68,19.58,28.6,27.87,28.72,-5.0,0.6,-0.65,"645,697",-100258.07,428726.92,441641.53,95.62,11.23,7.18,1.74,33.54,24.28,-24.28,32.05,51.0,385 M
05/21/2026,1630,DIS,103.58,-0.48%,Communication Services,1.416,2.42,$3.98,124.69,92.185,103.94,101.25,108.55,-1.0,-0.75,-0.26,"8,609,693",200128.12,9541332.12,9840615.98,44.53,5.75,-4.68,-0.32,110.1,92.38,110.1,110.1,51.0,"179,868 M"
05/21/2026,1630,DK,42.10,-5.58%,Energy,.5547,1.71,$7.70,49.5,17.56,44.84,43.56,35.5,-2.0,-0.52,-0.31,"1,096,561",200766.17,1380214.19,1470711.43,-8.97,-0.68,-5.82,-7.29,50.12,33.62,50.12,50.12,52.0,"2,580 M"
05/21/2026,1630,DKL,51.79,+1.03%,Energy,.4653,0.48,$1.89,55.89,40.1,51.7,51.4,47.81,-2.0,-0.43,-0.49,"23,849",-100233.44,57425.21,62279.58,-77.69,-3.03,1.51,-0.71,55.57,48.33,-48.33,-49.09,52.0,"2,754 M"
05/21/2026,1630,DKNG,25.40,+1.56%,Consumer Discretionary,1.5,0.63,$1.15,48.78,20.46,24.4,23.65,31.79,-3.0,0.89,-0.5,"10,081,799",0.0,1.254514479E7,1.294859853E7,24.61,6.01,0.71,-1.47,27.09,20.37,27.09,27.09,51.0,"12,602 M"
05/21/2026,1630,DLTR,95.71,+2.39%,Consumer Staples,.583,2.95,$6.41,142.4,84.71,93.96,101.22,109.77,6.0,0.16,0.73,"4,398,204",-100652.19,3564487.68,3372347.48,39.23,-11.6,-1.09,4.91,134.62,86.06,-86.06,-86.06,4.0,"18,637 M"
05/21/2026,1630,DOC,19.64,-0.10%,Real Estate,1.025,1.12,$1.77,19.91,15.7,18.25,17.42,17.52,-8.0,-0.98,-0.4,"3,994,396",101533.12,8677656.7,8431531.64,-58.2,14.39,-0.1,0.77,20.09,16.17,20.05,20.05,42.0,"13,540 M"
05/21/2026,1630,DOCU,48.97,-1.53%,Information Technology,1,1.6,$5.24,94.67,40.16,47.2,46.95,61.11,-1.0,1.0,-0.67,"2,195,817",200656.46,4019629.27,4371457.35,-37.52,0.37,1.62,-0.1,51.44,40.6,-40.6,51.02,9.0,"9,514 M"
05/21/2026,1630,DOV,207.77,-1.52%,Industrials,1.2,5.87,$8.33,237.54,158.97,218.77,215.21,196.8,2.0,-0.08,0.28,"912,175",200232.21,995982.15,1055987.84,19.5,-2.13,-5.94,-1.45,234.62,201.34,-201.34,-206.02,42.0,"27,979 M"
05/21/2026,1630,DOW,35.91,-0.99%,Materials,1,1.39,($0.53),42.74,20.4019,38.61,38.71,28.62,-4.0,0.0,-0.3,"12,843,295",-100256.25,1.370015315E7,1.410084303E7,39.95,-0.36,-3.78,-6.87,43.36,29.58,43.36,41.12,42.0,"25,882 M"
05/21/2026,1630,DPZ,316.47,+0.16%,Consumer Discretionary,1.041,9.85,$19.33,496.0,297.4761,324.36,352.55,402.85,5.0,0.14,0.67,"613,111",-100231.19,1002003.65,1025753.14,-11.3,-13.72,-4.83,2.75,418.61,297.03,418.61,-297.03,39.0,"10,526 M"
05/21/2026,1630,DRI,197.07,-0.10%,Consumer Discretionary,.578,1.81,$8.56,228.27,169.0,196.08,197.42,196.04,2.0,0.25,0.57,"925,762",-100132.44,1319536.64,1296745.67,-17.43,0.56,0.97,1.71,218.62,187.28,-187.28,-190.02,23.0,"22,571 M"
05/21/2026,1630,DRLL,37.1679,-1.54%,,.4789,1.04,<empty>,41.0248,25.93,36.97,37.32,31.71,-2.0,-0.34,-0.9,"22,128",-200127.28,32382.52,29908.56,24.08,-3.66,4.82,-2.64,41.37,34.24,-34.24,39.02,NaN,295 M
05/21/2026,1630,DRVN,13.48,+3.77%,Consumer Discretionary,.9779,0.46,$0.66,19.74,9.8,13.23,12.57,14.8,1.0,0.85,0.61,"4,774,400",100771.01,1997388.32,2250883.6,42.17,15.71,-1.96,-5.34,17.62,10.6,-10.6,14.02,NaN,"2,223 M"
05/21/2026,1630,DT,39.15,-1.81%,Information Technology,.7429,1.5,$1.76,57.55,31.635,38.11,37.22,42.73,-1.0,-0.94,-0.58,"4,234,046",100448.07,7208074.43,7405148.55,-7.55,2.17,-3.02,-1.76,41.1,32.29,-32.29,41.02,51.0,"11,536 M"
05/21/2026,1630,DVN,47.11,-2.79%,Energy,.5231,1.86,$3.88,52.71,30.24,48.52,48.24,39.63,-2.0,-0.22,-0.58,"17,914,674",-200239.12,1.603276581E7,1.547241474E7,88.48,-2.85,3.97,-5.17,53.37,42.59,53.37,-44.1,50.0,"54,317 M"
05/21/2026,1630,DXCM,71.90,+0.64%,Health Care,1.365,4.4,$3.68,89.98,54.11,61.8,63.32,67.98,5.0,0.85,1.0,"9,079,658",500742.02,5300928.66,4984833.76,-14.04,9.04,18.04,10.46,74.62,57.16,-57.16,-57.16,46.0,"27,744 M"
05/21/2026,1630,EA,201.87,+0.14%,Communication Services,.6624,0.6,$9.29,204.885,141.19,201.42,201.93,196.37,8.0,0.34,0.75,"1,331,207",0.0,1855604.3,2010783.65,6.49,0.37,0.51,0.41,204.31,197.52,204.31,-199.06,45.0,"50,619 M"
05/21/2026,1630,EAT,136.57,+4.11%,Consumer Discretionary,1.242,6.31,$11.42,187.123,100.3,138.45,143.81,143.69,2.0,0.12,0.31,"926,491",200751.06,1222344.94,1254824.48,-4.59,-7.07,-6.65,3.22,162.24,126.06,162.24,155.14,55.0,"5,857 M"
05/21/2026,1630,EBAY,117.13,-1.54%,Consumer Discretionary,1.405,4.12,$3.71,119.31,71.0,108.62,100.61,92.21,-1.0,1.0,-0.79,"4,758,141",300043.14,5894463.76,5794515.59,-61.89,30.36,10.06,2.36,114.06,83.62,-83.62,-96.15,46.0,"52,006 M"
05/21/2026,1630,ECH,40.75,+0.39%,,.7639,0.84,<empty>,47.845,29.28,41.03,40.92,38.52,2.0,0.27,0.44,"320,800",200131.42,688334.63,854111.65,18.9,4.89,-2.79,2.31,45.6,38.53,-38.53,-39.04,NaN,"1,019 M"
05/21/2026,1630,ECPG,81.57,+1.15%,Financials,1.32,1.49,$7.32,92.64,35.675,82.39,77.08,56.91,3.0,-0.16,0.1,"220,515",-400926.11,344348.14,350715.19,49.86,16.26,-0.79,1.03,93.1,56.62,93.1,-78.04,51.0,"1,749 M"
05/21/2026,1630,EDEN,112.752,+0.68%,,.8794,1.11,<empty>,125.6375,98.31,111.03,107.65,111.01,2.0,0.72,0.44,"3,282",-200100.14,6848.25,8145.85,-45.33,12.98,1.68,1.58,113.08,98.43,113.08,113.08,NaN,203 M
05/21/2026,1630,EDU,47.56,-4.77%,Consumer Discretionary,.1699,2.27,$4.09,64.97,41.62,52.55,54.57,54.42,-10.0,-0.03,-0.3,"863,148",0.0,785441.09,776260.23,213.73,-13.59,-15.61,-6.91,61.62,50.56,61.62,57.11,46.0,"7,569 M"
05/21/2026,1630,EDV,62.11,+0.70%,,.7287,1.01,<empty>,71.305,60.485,62.98,64.04,66.42,2.0,0.03,0.39,"1,249,452",-200019.05,1370867.54,1310970.12,36.48,-4.11,-2.33,1.27,69.58,61.03,69.58,-60.02,NaN,"3,779 M"
05/21/2026,1630,EEM,66.03,+0.87%,,.7191,1.26,<empty>,68.15,45.2301,65.34,61.48,56.7,1.0,-0.72,0.26,"28,722,299",-200238.44,3.35416387E7,3.84182684E7,27.72,15.22,-0.84,1.63,68.08,54.37,68.08,68.08,NaN,"29,238 M"
05/21/2026,1630,EFNL,56.00,+1.60%,,.7775,0.63,<empty>,56.02,34.96,54.47,52.18,47.45,2.0,0.77,0.33,"7,246",100100.09,10363.44,10621.91,28.76,15.71,4.48,1.69,56.14,47.38,-47.38,-52.03,NaN,56 M
05/21/2026,1630,EFX,163.10,-1.07%,Industrials,1.334,5.98,$9.32,275.91,156.47,168.28,176.69,211.02,4.0,0.26,0.56,"1,990,456",200041.14,1749480.33,1657349.99,81.5,-9.21,-7.13,-0.69,211.54,156.04,-156.04,-156.04,40.0,"19,421 M"
05/21/2026,1630,EGP,205.18,+0.07%,Real Estate,1.071,1.93,$9.22,206.78,159.365,202.0,195.24,182.01,2.0,0.75,0.36,"270,157",100017.11,356805.54,356087.43,-11.18,11.54,0.63,1.49,207.09,181.43,207.09,207.09,41.0,"11,029 M"
05/21/2026,1630,EIS,132.71,+0.39%,,1.025,2.46,<empty>,136.98,80.56,132.06,125.84,111.4,2.0,-0.61,0.19,"53,768",-200200.38,125244.49,152956.73,-56.21,10.12,-1.65,2.67,137.1,110.37,137.1,137.1,NaN,989 M
05/21/2026,1630,EL,78.91,+0.91%,Consumer Staples,1.258,3.01,$3.55,121.635,62.57,80.52,78.03,93.55,1.0,-0.7,0.48,"3,718,511",-200762.42,4502269.5,4408317.16,-47.05,-0.48,-7.48,-1.37,118.61,66.34,-66.34,88.1,60.0,"28,549 M"
05/21/2026,1630,ELS,63.06,+0.08%,Real Estate,2.102,0.64,<empty>,69.0,58.15,62.8,63.78,62.73,4.0,0.3,0.72,"1,119,807",-100026.59,1386195.91,1678533.98,-3.14,-0.13,-0.36,1.51,69.48,61.04,-61.04,-61.04,40.0,"12,230 M"
05/21/2026,1630,ELV,389.82,-1.61%,Health Care,.6276,11.04,$29.01,408.0,273.71,380.12,334.86,332.1,-6.0,-0.94,-0.38,"1,253,942",-300245.57,1721737.42,1931493.85,64.27,34.77,4.53,-1.08,401.06,275.52,-275.52,-357.17,37.0,"84,654 M"
05/21/2026,1630,EMB,94.99,+0.07%,,.3432,0.59,<empty>,97.8,89.45,95.51,95.1,95.66,2.0,-0.55,0.26,"9,653,060",100110.43,9879743.65,1.024942295E7,15.9,0.99,-0.95,0.39,98.62,93.38,-93.38,-94.02,NaN,"13,859 M"
05/21/2026,1630,EMR,134.90,+1.54%,Industrials,1.223,4.37,$5.55,165.15,114.83,137.8,136.52,137.18,2.0,0.38,0.25,"3,637,973",0.0,3021709.61,2968449.54,31.82,3.91,-4.39,2.03,153.59,123.37,-123.37,-128.02,51.0,"75,557 M"
05/21/2026,1630,ENB,57.79,+1.24%,Energy,.5863,1.22,$0.41,58.2,43.5892,54.9,54.15,49.99,4.0,0.79,0.87,"4,011,677",200120.03,4692831.59,4710065.35,32.61,6.7,7.04,2.52,55.14,52.21,-52.21,-53.17,48.0,"126,196 M"
05/21/2026,1630,ENPH,62.34,+17.29%,Information Technology,1.227,8.57,$1.11,63.28,25.775,40.48,38.55,36.86,2.0,1.0,1.0,"18,257,555",401902.01,7274324.41,6840821.53,211.02,52.94,75.75,25.46,51.6,30.16,-30.16,-30.16,45.0,"8,216 M"
05/21/2026,1630,ENR,17.30,+4.28%,Consumer Staples,.7479,0.98,$2.31,30.29,15.75,18.15,17.97,21.93,2.0,0.5,0.35,"1,305,183",100647.12,1186796.34,1221677.31,38.56,1.29,-6.79,4.59,23.61,16.36,23.61,21.12,50.0,"1,185 M"
05/21/2026,1630,ENVX,6.30,-0.94%,Industrials,2.17,0.47,($0.60),16.49,4.615,6.53,5.98,8.09,2.0,-0.73,0.12,"6,005,311",-100090.06,6198128.8,6340424.03,108.79,25.5,-1.87,6.24,8.06,5.52,8.06,-5.02,46.0,"1,374 M"
05/21/2026,1630,ENZL,44.44,+1.16%,,.8887,0.77,<empty>,48.24,41.6875,44.64,44.12,45.47,1.0,-0.67,0.22,"39,003",0.0,25046.31,22915.45,836.89,0.91,-2.59,0.94,48.58,42.37,-42.37,46.08,NaN,71 M
05/21/2026,1630,EOG,139.98,-1.17%,Energy,.3152,4.47,$7.36,151.87,101.5936,137.32,137.83,119.15,-2.0,0.35,-0.9,"2,493,570",-100039.44,4297547.01,4780731.36,-4.79,0.21,6.94,-2.11,152.37,119.59,152.37,-129.1,52.0,"74,557 M"
05/21/2026,1630,EPD,39.47,+0.20%,Energy,.4979,0.8,$1.37,40.165,30.01,38.54,38.03,33.93,-2.0,0.49,-0.78,"4,775,897",100225.06,4597675.84,4472200.46,50.71,3.57,4.61,0.03,40.38,35.59,-35.59,40.02,45.0,"85,394 M"
05/21/2026,1630,EPHE,24.63,+0.41%,,.5926,0.31,<empty>,28.4,23.17,24.6,24.82,25.44,2.0,0.43,0.59,"21,270",200100.52,111711.28,147373.02,-64.34,-1.44,-2.15,0.37,28.6,24.37,-24.37,26.1,NaN,132 M
05/21/2026,1630,EPOL,39.76,+0.03%,,1.065,0.56,<empty>,40.9399,29.03,39.01,37.91,35.38,2.0,0.55,0.39,"122,817",100040.2,447106.37,522001.79,-68.1,12.57,1.58,0.25,41.24,34.43,41.24,40.11,NaN,630 M
05/21/2026,1630,EPR,58.71,+0.55%,Real Estate,1.06,1.03,$5.71,62.08,48.105,57.12,54.85,54.2,1.0,0.84,0.57,"531,050",-300635.44,811239.29,848164.28,-15.14,18.27,1.43,0.63,62.59,48.38,-48.38,59.1,46.0,"4,492 M"
05/21/2026,1630,EPU,83.51,+1.80%,,.7821,2.15,<empty>,95.28,45.3431,81.07,81.26,72.05,2.0,0.35,0.58,"26,050",0.0,87678.9,98927.93,-89.5,8.53,2.04,4.1,95.58,74.43,-74.43,85.06,NaN,518 M
05/21/2026,1630,EQR,65.76,-0.78%,Real Estate,.7788,0.61,$4.27,70.31,57.57,65.24,62.27,62.49,-1.0,-0.82,-0.35,"4,637,637",100025.01,2661659.42,2633070.09,98.7,12.58,-0.15,0.5,67.12,58.43,67.12,67.12,50.0,"24,638 M"
05/21/2026,1630,EQRR,78.1067,+0.35%,,.921,0.86,<empty>,78.14,57.39,75.97,72.55,66.41,2.0,0.93,0.45,"34,955",200000.37,20556.76,16205.77,424.09,12.79,4.17,1.1,77.06,67.48,-67.48,-74.17,NaN,55 M
05/21/2026,1630,EQT,57.74,-0.16%,Energy,.6011,1.23,$6.55,68.24,48.47,57.8,60.15,56.39,-1.0,0.27,-0.74,"5,671,242",0.0,7891818.73,8219542.8,-23.45,-11.48,2.7,0.5,68.38,55.06,-55.06,-55.06,41.0,"36,115 M"
05/21/2026,1630,ESI,40.36,-0.47%,Materials,1.252,1.78,$0.50,45.515,20.8,42.21,37.83,30.02,-8.0,-0.4,0.0,"2,689,820",300537.17,3079789.64,3167843.34,0.73,21.9,-4.52,1.2,46.08,29.52,46.08,-38.02,47.0,"9,832 M"
05/21/2026,1630,ESPO,89.1081,-1.67%,,1.009,0.67,<empty>,122.986,86.92,90.79,90.99,104.37,-1.0,-0.65,-0.49,"14,019",0.0,15787.85,20456.17,12.59,-1.29,-1.11,-0.83,97.24,87.37,97.24,92.17,NaN,250 M
05/21/2026,1630,ESS,273.80,-0.45%,Real Estate,.737,3.33,$16.77,294.09,238.46,266.99,255.66,257.91,-1.0,1.0,-0.57,"566,170",-200020.05,480185.98,484675.96,38.48,12.87,2.4,0.57,272.06,238.38,-238.38,-258.14,45.0,"17,595 M"
05/21/2026,1630,ET,20.01,-0.74%,Energy,.5654,0.28,$0.98,20.7,16.18,19.9,19.37,17.82,-2.0,-0.66,-0.4,"6,649,597",500224.13,1.625204289E7,1.570098163E7,-56.6,4.98,0.45,-0.89,21.12,18.51,-18.51,-19.08,51.0,"68,858 M"
05/21/2026,1630,ETH,20.33,+0.15%,,2.351,0.86,<empty>,45.785,17.065,21.51,21.14,29.17,1.0,-0.76,0.47,"1,648,443",100474.56,3501097.03,4339510.69,-31.71,-0.44,-6.7,0.84,23.24,17.61,23.24,-20.03,NaN,"1,946 M"
05/21/2026,1630,ETH-USD,-74.82,-1.07%,,3.938,7.28,<empty>,4.9275,-84.005,-67.23,-48.6,-27.17,5.0,0.17,0.75,"1,005,613",-100371.02,968137.02,935725.58,17.74,147.09,14.23,3.96,-22.63,-83.95,84.37,84.13,NaN,"-2,263 M"
05/21/2026,1630,ETHA,16.15,+0.06%,,2.208,0.68,<empty>,36.8,13.62,17.1,16.83,23.36,2.0,-0.76,0.47,"19,313,908",0.0,3.058424961E7,3.232849135E7,-9.98,-0.8,-6.65,0.94,19.24,14.61,19.24,-16.03,NaN,"6,578 M"
05/21/2026,1630,ETHE,17.35,+0.12%,,3.263,0.74,<empty>,40.135,14.71,18.37,18.1,25.33,2.0,-0.76,0.47,"1,471,573",0.0,2616741.22,3182075.68,-25.75,-1.08,-6.87,0.93,20.24,15.61,20.24,-17.03,NaN,"1,744 M"
05/21/2026,1630,ETSY,60.74,-0.25%,Consumer Discretionary,1.778,2.75,$6.75,76.515,44.0,61.9,57.5,58.83,5.0,0.5,0.27,"2,786,662",100462.17,2965446.07,3146903.69,-11.79,15.72,-5.12,3.25,71.16,47.38,71.16,-56.06,46.0,"5,764 M"
05/21/2026,1630,EWA,28.99,+0.31%,,.9916,0.4,<empty>,30.4799,24.94,29.16,28.89,27.56,2.0,-0.3,0.29,"1,576,265",-100126.55,3414757.78,4165296.28,6.36,3.2,-1.66,0.62,30.24,27.37,30.24,-28.02,NaN,"1,357 M"
05/21/2026,1630,EWC,58.58,+0.51%,,.8682,0.33,<empty>,58.89,43.79,57.94,56.71,53.38,2.0,0.64,0.46,"1,853,212",100214.16,2386101.96,2605833.69,-19.56,8.04,1.31,1.77,59.22,53.43,59.22,59.14,NaN,"5,483 M"
05/21/2026,1630,EWD,52.24,+1.83%,,1.098,0.78,<empty>,54.93,42.99,51.12,50.71,49.47,4.0,0.53,0.47,"159,905",-100022.36,161660.4,171190.02,-20.65,8.58,2.03,3.49,55.58,47.43,-47.43,-49.04,NaN,317 M
05/21/2026,1630,EWG,43.05,+0.40%,,.9654,0.55,<empty>,44.65,37.975,42.27,41.27,41.86,4.0,0.81,0.49,"2,222,481",200133.37,2368664.43,2357744.31,-33.56,9.49,1.29,1.68,45.58,38.38,-38.38,44.11,NaN,"1,459 M"
05/21/2026,1630,EWH,23.83,-0.21%,,.3884,0.32,<empty>,24.66,18.69,23.89,23.43,22.43,-6.0,-0.59,-0.26,"2,262,710",100226.37,4504804.7,5171592.6,84.54,6.48,-2.1,-0.58,25.1,21.41,25.1,25.1,NaN,"1,092 M"
05/21/2026,1630,EWI,58.98,+0.61%,,.8855,0.86,<empty>,59.665,45.79,58.11,56.05,53.87,2.0,0.69,0.33,"749,464",200134.43,473114.93,525059.42,111.27,13.16,1.03,0.99,60.11,50.43,60.11,60.11,NaN,655 M
05/21/2026,1630,EWJ,91.37,+0.18%,,.6889,1.24,<empty>,94.28,71.09,90.17,87.57,84.27,-6.0,-0.63,-0.52,"5,615,937",300238.53,7793985.61,8911513.4,3.21,9.36,0.42,0.49,93.06,81.43,93.06,93.06,NaN,"21,120 M"
05/21/2026,1630,EWJV,45.2198,-0.23%,,.477,0.74,<empty>,47.69,33.5,44.03,43.24,41.25,-5.0,0.57,-0.68,"43,136",200000.09,180555.26,208849.83,-69.83,8.88,2.68,0.53,47.58,40.43,-40.43,46.06,NaN,705 M
05/21/2026,1630,EWK,27.00,+1.36%,,.6894,0.35,<empty>,27.6299,21.42,26.07,25.37,24.57,2.0,0.76,0.57,"5,965",-100100.09,67401.17,55881.98,-13.21,14.12,3.53,2.84,27.61,23.43,-23.43,-25.16,NaN,102 M
05/21/2026,1630,EWM,29.31,-0.68%,,.4828,0.4,<empty>,30.635,23.342,29.74,29.17,27.45,-10.0,-0.4,-0.28,"268,725",-200134.4,312232.14,369386.15,-8.81,-0.44,-3.65,-0.48,31.1,28.32,31.1,31.1,NaN,374 M
05/21/2026,1630,EWN,66.82,+2.27%,,1.143,1.18,<empty>,67.04,50.56,64.05,61.61,59.04,2.0,0.88,0.44,"249,669",-100027.08,136609.1,131849.39,57.66,15.63,3.74,3.97,66.11,55.37,-55.37,-61.16,NaN,515 M
05/21/2026,1630,EWO,39.75,+0.43%,,.8041,0.49,<empty>,40.37,27.56,39.26,37.61,34.6,2.0,0.66,0.36,"10,340",100100.47,31325.59,39093.56,-86.28,14.75,0.63,1.09,40.24,34.43,40.24,40.1,NaN,131 M
05/21/2026,1630,EWP,57.39,+0.44%,,.6765,0.73,<empty>,58.99,42.36,56.41,55.57,52.72,2.0,0.55,0.48,"157,791",300124.07,530626.35,557535.46,-44.9,8.1,1.06,1.63,59.24,51.43,59.24,58.1,NaN,"1,679 M"
05/21/2026,1630,EWQ,45.50,+0.02%,,.8464,0.64,<empty>,48.39,40.91,45.16,44.6,44.62,2.0,0.62,0.45,"546,665",-100016.09,492418.6,499252.47,104.21,6.21,-0.09,1.49,48.59,42.43,-42.43,47.11,NaN,373 M
05/21/2026,1630,EWS,29.51,-0.27%,,.5433,0.31,<empty>,29.6699,24.845,28.93,28.6,28.31,4.0,0.77,0.67,"448,384",-300018.09,828917.02,903470.49,4.08,5.69,2.97,1.1,30.24,27.54,30.24,-28.16,NaN,800 M
05/21/2026,1630,EWUS,42.74,+0.90%,,1.039,0.61,<empty>,45.0422,38.02,42.07,41.41,41.56,4.0,0.6,0.42,"5,448",-100023.03,4630.51,4559.57,475.54,7.23,0.81,2.62,45.59,38.37,-38.37,-41.04,NaN,43 M
05/21/2026,1630,EWW,77.80,-0.83%,,.7841,1.33,<empty>,81.6499,57.282,78.04,76.6,71.18,-1.0,-0.51,-0.45,"1,329,022",100039.54,1653066.23,1860921.52,11.08,9.42,-2.19,-0.13,82.58,70.43,-70.43,81.05,NaN,"2,155 M"
05/21/2026,1630,EWY,186.42,+3.50%,,1.396,7.87,<empty>,194.58,58.19,173.72,150.18,110.81,1.0,0.78,0.31,"20,400,278",200875.53,1.965202471E7,2.330360747E7,107.32,39.32,5.47,5.86,195.08,115.36,195.08,195.08,NaN,"23,135 M"
05/21/2026,1630,EWZ,37.01,+0.71%,,.6992,1.3,<empty>,42.02,26.193816,38.37,38.5,34.0,2.0,0.01,0.2,"19,881,237",-100335.07,3.116166603E7,3.364226421E7,56.38,0.43,-4.61,0.73,42.27,35.43,42.27,-36.02,NaN,"10,800 M"
05/21/2026,1630,EWZS,14.25,0.00%,,.8084,0.56,<empty>,16.46,11.72,14.7,14.76,14.04,2.0,0.07,0.25,"135,610",-200431.07,551119.3,616398.68,29.36,1.35,-6.37,1.71,16.22,13.43,16.22,-14.02,NaN,259 M
05/21/2026,1630,EXAS,104.91,0.00%,Health Care,1.418,0.41,$1.89,104.98,38.8118,103.57,103.02,74.29,6.0,0.02,0.29,<empty>,-100037.01,2640344.92,2627886.23,1111.65,2.5,1.36,0.93,104.09,101.61,-101.61,-103.15,34.0,"20,026 M"
05/21/2026,1630,EXP,199.13,-0.56%,Materials,1.37,6.16,<empty>,243.64,171.99,205.21,196.83,217.02,3.0,-0.7,0.38,"432,860",-100240.03,427122.6,432368.12,35.56,9.14,-5.94,1.27,237.6,172.43,-172.43,221.1,45.0,"6,163 M"
05/21/2026,1630,EXPD,157.19,-0.78%,Industrials,1.058,4.49,$6.83,167.19,109.9,152.22,147.76,140.43,-1.0,-0.69,-0.87,"695,127",0.0,1074471.02,1250710.42,-1.62,11.85,3.51,0.27,157.08,135.61,-135.61,-136.13,50.0,"20,559 M"
05/21/2026,1630,EXPE,218.12,+0.24%,Consumer Discretionary,1.25,13.87,$33.16,303.8,156.05,233.76,237.49,238.54,5.0,0.39,0.26,"1,282,819",100753.55,1728109.32,2120046.96,80.28,-7.83,-13.71,1.46,280.22,185.62,280.22,257.11,52.0,"26,179 M"
05/21/2026,1630,EXR,143.91,+1.17%,Real Estate,1.207,2.29,$8.69,155.19,125.71,141.73,138.8,139.44,3.0,0.58,0.48,"1,852,377",100032.18,1215457.71,1214133.31,70.87,9.16,0.45,3.33,155.62,128.4,-128.4,-137.04,46.0,"30,403 M"
05/21/2026,1630,EYE,16.97,+0.77%,Consumer Discretionary,1.01,2.58,$1.33,30.02,14.75,20.87,23.88,25.75,4.0,0.0,0.15,"2,192,764",100664.06,1952475.71,1849074.47,104.86,-37.98,-25.67,-2.02,30.55,15.06,-15.06,-15.06,51.0,"1,360 M"
05/21/2026,1630,EZA,68.26,-0.38%,,.7882,1.87,<empty>,81.755,51.02,69.15,68.93,67.53,2.0,-0.44,0.41,"106,008",0.0,232371.72,260431.05,-39.42,6.19,-3.86,0.65,82.58,62.43,-62.43,73.1,NaN,717 M
05/21/2026,1630,F,13.67,+3.40%,Consumer Discretionary,1.711,0.84,$2.40,14.94,9.88,12.59,12.23,12.65,1.0,1.0,0.81,"72,483,379",200552.06,5.26568969E7,5.658927966E7,37.07,16.24,12.23,4.91,15.59,11.37,15.05,15.05,46.0,"54,471 M"
05/21/2026,1630,FAF,67.84,-0.47%,Financials,1.289,1.17,<empty>,71.47,53.09,68.87,64.97,64.33,2.0,-0.64,0.4,"684,387",-200239.44,980027.84,954056.23,-27.76,16.84,-2.84,-1.12,71.57,56.43,-56.43,-66.06,41.0,"6,913 M"
05/21/2026,1630,FANG,200.97,-1.64%,Energy,.4546,6.56,($1.65),214.51,132.2,201.09,194.7,161.87,-2.0,-0.48,-0.51,"1,494,970",100239.51,2975666.49,3253746.82,-53.37,4.79,5.52,-2.26,215.13,164.59,215.13,-187.1,49.0,"56,536 M"
05/21/2026,1630,FAST,43.53,-0.34%,Industrials,.7524,0.5,$1.01,50.63,38.9703,44.15,45.05,44.73,4.0,0.19,0.43,"8,229,331",-100137.44,7406529.33,7537861.42,38.51,-2.07,-1.87,-1.07,50.29,43.08,50.29,46.1,34.0,"49,974 M"
05/21/2026,1630,FCFS,226.27,-0.13%,Financials,.5085,2.67,$12.47,235.97,119.205,223.75,207.61,172.39,-8.0,-0.68,-0.08,"207,962",100540.35,355486.79,344192.33,-47.45,16.86,0.61,0.58,236.07,176.61,236.07,236.07,47.0,"9,919 M"
05/21/2026,1630,FCG,30.19,-1.79%,,.5348,0.86,<empty>,33.03,21.76,30.42,30.44,25.72,-2.0,-0.24,-0.75,"1,100,757",-200133.36,1419990.1,1385802.71,45.24,-2.3,3.39,-2.99,33.37,26.59,33.37,-29.1,NaN,788 M
05/21/2026,1630,FDX,388.91,+0.54%,Industrials,1.347,8.0,$18.48,404.03,214.35,380.26,371.1,302.73,3.0,0.22,0.56,"938,939",-200636.14,1763093.37,1754742.65,-12.36,9.31,3.45,5.19,404.15,341.37,404.15,-354.13,21.0,"92,797 M"
05/21/2026,1630,FICO,1228.10,-0.17%,Information Technology,1.235,59.01,$36.29,1998.01,870.01,1091.26,1075.42,1446.67,4.0,0.96,0.88,"341,605",-400882.22,398336.67,381876.05,31.83,15.5,8.84,3.92,1494.54,870.21,-870.21,-966.15,46.0,"28,481 M"
05/21/2026,1630,FISV,55.82,-1.05%,Financials,.7787,2.29,$7.64,177.36,52.17,57.72,57.89,82.41,6.0,0.8,0.24,"6,930,964",-100146.13,6405067.07,6495294.43,69.75,-3.27,-1.74,-1.48,65.22,52.06,-52.06,-52.06,41.0,"29,766 M"
05/21/2026,1630,FIVE,219.79,-0.04%,Consumer Discretionary,.953,7.73,$7.47,251.63,105.11,222.96,225.39,184.95,6.0,0.08,0.53,"1,129,969",100747.45,1184296.04,1123240.97,53.84,-4.65,-0.66,0.65,252.22,204.07,-204.07,-204.07,8.0,"12,153 M"
05/21/2026,1630,FLG,13.59,-0.59%,Financials,1.002,0.36,$0.44,14.92,10.38,13.85,13.6,12.71,2.0,-0.29,0.22,"3,182,831",-200036.2,4753992.89,4894591.7,0.75,7.6,-4.9,1.87,15.19,12.49,15.19,-13.02,43.0,"5,665 M"
05/21/2026,1630,FLNG,32.37,-1.10%,Energy,.2105,0.42,$2.04,33.4,21.72,32.24,31.0,27.26,-1.0,-0.63,-0.24,"395,768",-100541.44,533526.27,614894.54,27.06,6.59,0.4,-0.06,33.12,27.58,33.12,-31.05,67.0,"1,751 M"
05/21/2026,1630,FLO,7.01,-3.18%,Consumer Staples,.4064,0.6,$1.51,17.24,6.8,8.16,8.31,11.12,4.0,-0.22,0.26,"15,885,710",-300360.05,6630743.48,6478537.3,242.79,-15.13,-18.2,-4.37,10.61,7.03,10.61,9.14,0.0,"1,485 M"
05/21/2026,1630,FLUT,97.12,+0.38%,Consumer Discretionary,1.237,3.51,$2.67,313.685,91.52,101.12,104.15,191.15,4.0,0.78,0.5,"1,398,040",-100461.59,3022998.69,3529185.76,-12.09,-11.21,-4.03,-0.17,125.59,92.04,-92.04,-92.04,52.0,"16,835 M"
05/21/2026,1630,FND,48.42,+2.93%,Consumer Discretionary,1.615,2.53,$0.98,92.405,42.64,48.18,50.6,65.68,2.0,0.34,0.45,"2,944,100",100564.15,3119584.82,2983883.56,-57.8,-7.54,-6.02,7.65,71.61,43.04,71.61,53.1,47.0,"5,234 M"
05/21/2026,1630,FNF,49.36,+0.47%,Financials,.9849,1.34,$20.19,61.4025,42.78,50.17,48.38,54.56,5.0,0.61,0.35,"1,568,230",-200345.44,1971862.53,2020019.07,30.17,11.0,-1.81,-0.3,53.58,43.43,-43.43,-47.1,51.0,"13,286 M"
05/21/2026,1630,FORM,128.00,+2.15%,Information Technology,1.229,11.18,$0.47,159.09,26.08,135.9,121.41,72.03,2.0,0.0,0.17,"1,466,842",-301088.08,1882681.51,1778689.33,-17.58,31.69,-11.53,9.01,159.19,81.52,159.19,-112.02,46.0,"9,978 M"
05/21/2026,1630,FOUR,43.53,+3.15%,Financials,1.407,1.56,$5.00,108.5,39.6062,43.24,44.49,64.29,2.0,0.65,0.53,"1,224,856",202079.42,1940026.4,2263411.78,-5.76,-1.14,-7.09,2.42,59.62,40.07,-40.07,-40.07,50.0,"3,453 M"
05/21/2026,1630,FOXA,64.26,+0.20%,Communication Services,.5355,1.7,$4.87,76.39,52.96,64.07,61.87,63.3,-3.0,-0.77,-0.6,"2,991,903",-200241.37,3430061.67,3550264.37,63.27,12.19,2.5,-2.44,68.07,53.6,68.07,68.07,51.0,"27,001 M"
05/21/2026,1630,FR,62.44,+0.27%,Real Estate,1.095,0.58,$3.48,64.66,47.36,61.93,60.8,57.01,4.0,0.49,0.4,"682,252",-100347.44,927597.31,954980.1,-57.29,7.54,0.03,1.5,65.22,57.43,65.22,-60.04,41.0,"8,278 M"
05/21/2026,1630,FROG,71.44,-2.71%,Information Technology,1.058,6.87,$1.28,73.715,34.05,59.16,50.59,51.98,-1.0,1.0,-0.66,"1,356,239",100668.1,2845410.94,3339189.8,-39.2,67.54,25.29,5.2,72.09,34.61,-34.61,-45.16,52.0,"8,653 M"
05/21/2026,1630,FRPT,51.30,+6.10%,Consumer Staples,1.724,4.66,$0.96,86.31,46.45,56.36,61.54,61.48,6.0,0.05,0.55,"2,691,219",-301159.12,1745115.4,1719231.51,182.76,-20.69,-8.18,5.88,86.54,48.04,86.54,68.14,49.0,"2,521 M"
05/21/2026,1630,FRT,118.61,+2.20%,Real Estate,.9646,1.29,$6.02,118.74,89.99,114.29,109.98,102.72,4.0,0.84,0.54,"995,754",200316.15,871277.86,869734.53,-45.67,14.31,2.54,3.2,117.11,102.4,-102.4,-110.16,51.0,"10,247 M"
05/21/2026,1630,FSLY,16.40,-4.21%,Information Technology,.5226,5.35,$0.28,34.82,6.29,22.18,24.99,14.05,4.0,0.0,0.26,"5,248,417",0.0,1.252910194E7,1.272188684E7,-41.05,-42.96,-15.9,-1.86,35.31,16.03,35.31,-16.02,51.0,"2,567 M"
05/21/2026,1630,FTNT,129.46,-0.42%,Information Technology,1.006,14.14,$3.24,130.36,70.12,105.44,91.26,83.91,-5.0,1.0,-0.77,"4,264,194",100350.11,6081213.41,6187706.44,5.51,56.41,19.9,2.34,118.06,74.61,-74.61,-82.15,51.0,"94,849 M"
05/21/2026,1630,FTV,59.02,-0.02%,Industrials,1.074,0.83,$2.98,62.805,46.34,60.04,58.29,53.83,2.0,-0.3,0.21,"2,372,940",0.0,3079870.41,3140617.81,-27.17,6.55,-3.09,0.02,63.15,53.37,63.15,63.15,46.0,"17,993 M"
05/21/2026,1630,FTWO,44.6525,-0.21%,,.7961,0.75,<empty>,49.658,32.95,45.45,45.79,42.33,2.0,-0.03,0.45,"4,157",-100000.36,12424.95,14862.03,14.91,-0.06,-2.04,0.01,50.57,44.43,-44.43,-44.02,NaN,77 M
05/21/2026,1630,FUTU,123.86,-0.69%,Financials,.3745,12.6,$37.57,199.9299,97.9,145.44,145.84,161.74,1.0,0.0,0.02,"2,193,267",-100475.03,1690072.1,1684634.23,381.84,-9.88,-14.51,-5.95,169.24,128.37,169.24,169.11,4.0,"17,364 M"
05/21/2026,1630,FUTY,58.16,+1.01%,,.6372,0.93,<empty>,61.51,51.05,58.63,59.09,57.37,3.0,0.05,0.4,"195,364",200218.21,382612.65,359341.33,-22.97,0.73,-0.24,2.38,62.58,56.03,62.58,-56.03,NaN,"2,379 M"
05/21/2026,1630,FWONK,89.20,-1.37%,Communication Services,.6658,1.95,$2.95,109.3626,80.15,89.46,87.67,93.79,-8.0,-0.83,-0.38,"2,049,359",100034.2,2038166.16,2184502.98,-10.35,7.81,-4.58,-1.97,96.09,80.38,96.09,96.09,52.0,"22,354 M"
05/21/2026,1630,FWRG,11.34,+3.37%,Consumer Discretionary,1.048,0.54,($0.17),19.53,10.09,11.95,11.81,15.35,5.0,0.54,0.43,"856,195",0.0,1501387.3,1807216.88,-2.29,-8.18,-5.1,3.0,16.62,10.37,-10.37,13.17,50.0,699 M
05/21/2026,1630,FXA,70.8813,-0.03%,,.3855,0.44,<empty>,72.02,63.2808,71.21,70.3,67.2,2.0,-0.39,0.23,"11,050",-100008.39,19614.86,20569.86,-43.38,2.0,-0.85,-0.2,72.06,68.37,72.06,-70.02,NaN,106 M
05/21/2026,1630,FXB,129.18,-0.02%,,.2809,0.86,<empty>,133.11,125.02,129.9,129.18,129.08,4.0,-0.3,0.17,"12,618",-200010.05,41281.97,35035.76,-77.29,-0.01,-0.9,0.06,131.08,127.36,131.08,-128.04,NaN,78 M
05/21/2026,1630,FXC,70.9008,-0.27%,,.2209,0.27,<empty>,72.469,69.08,71.42,71.13,70.76,-1.0,-0.39,-0.21,"7,357",0.0,33072.58,44347.83,-44.9,-0.52,-0.92,-0.3,72.51,70.36,-70.36,72.14,NaN,74 M
05/21/2026,1630,FXE,107.23,-0.07%,,.1766,0.53,<empty>,111.535,103.89,107.94,107.51,107.79,2.0,-0.44,0.21,"459,773",-400006.23,211024.48,218351.11,609.71,0.06,-0.96,-0.26,109.24,105.48,109.24,109.08,NaN,407 M
05/21/2026,1630,FXF,112.18,+0.04%,,.1986,0.51,<empty>,116.2999,106.8,112.58,112.13,111.64,1.0,-0.41,0.21,"41,139",0.0,82609.75,94905.57,-7.79,-0.14,-0.8,-0.25,115.58,110.36,-110.36,114.09,NaN,488 M
05/21/2026,1630,FXI,35.89,-0.97%,,.3007,0.66,<empty>,42.0,34.77,36.78,36.42,38.58,-6.0,-0.67,-0.25,"32,271,990",100327.07,3.005207337E7,3.191656172E7,79.62,1.44,-3.5,-0.75,39.62,35.38,-35.38,38.06,NaN,"5,900 M"
05/21/2026,1630,FXY,57.77,-0.02%,,.2063,0.33,<empty>,64.72,57.225,58.06,57.83,59.54,-11.0,-0.59,-0.2,"91,556",200010.14,201899.87,189435.69,-56.54,-0.33,-1.35,-0.05,60.62,57.16,-57.16,59.11,NaN,439 M
05/21/2026,1630,FYBR,38.49,0.00%,Communication Services,.9018,0.13,($5.68),38.5,36.04,38.18,38.03,37.09,4.0,0.57,0.8,<empty>,300009.01,3493880.5,3089356.02,793.29,1.8,1.1,0.68,38.18,37.6,-37.6,-38.17,22.0,"9,636 M"
05/21/2026,1630,GAP,23.17,+3.90%,Consumer Discretionary,1.979,1.29,$2.21,29.36,18.685,23.03,24.22,24.48,6.0,0.12,0.64,"8,879,509",-300352.38,7361567.96,7964751.19,66.68,-6.19,-3.05,11.77,28.57,21.03,28.57,-20.02,4.0,"8,465 M"
05/21/2026,1630,GD,338.71,-0.31%,Industrials,.3354,4.28,$22.98,369.7,268.1,338.84,341.83,341.07,-3.0,-0.6,-0.43,"612,032",100025.17,1390164.28,1344797.16,-58.67,-2.49,-2.6,-1.28,367.55,307.17,-307.17,354.13,41.0,"91,597 M"
05/21/2026,1630,GDAXI:DE,24606.77,-0.53%,,<empty>,285.2,<empty>,25507.79,21863.81,24292.42,23791.79,24129.07,4.0,0.76,0.51,<empty>,NaN,NaN,NaN,NaN,7.74,-0.23,1.23,25406.56,21864.4,-21864.4,25153.11,NaN,0
05/21/2026,1630,GDX,85.99,-0.43%,,.6386,4.71,<empty>,117.175,48.7,90.14,91.66,84.77,-6.0,-0.32,-0.47,"17,054,467",200259.43,2.430790738E7,2.457103835E7,38.24,3.13,-6.25,-1.32,117.57,79.43,-79.43,-83.02,NaN,"26,206 M"
05/21/2026,1630,GDXJ,112.21,-1.02%,,.829,6.94,<empty>,157.49,62.27,119.31,120.68,111.15,-6.0,-0.34,-0.46,"5,892,984",-100266.57,5413719.76,5413905.3,72.07,1.98,-8.34,-2.82,157.57,103.43,-103.43,-110.02,NaN,"8,297 M"
05/21/2026,1630,GE,301.76,+0.53%,Industrials,1.372,8.09,$7.07,348.48,228.0063,291.52,294.04,300.02,2.0,0.53,0.64,"4,926,483",-300440.22,6211892.76,5936882.42,30.23,3.51,-0.29,5.51,348.6,269.21,-269.21,310.1,37.0,"314,837 M"
05/21/2026,1630,GEL,16.40,+0.31%,Energy,.729,0.34,$0.95,18.64,14.55,16.52,17.14,16.61,6.0,0.16,0.57,"159,616",100340.23,300361.18,282915.44,-22.8,-7.34,-0.49,0.99,19.54,16.06,-16.06,-16.06,47.0,"2,008 M"
05/21/2026,1630,GII,76.60,+0.45%,,.6329,0.62,<empty>,78.95,65.65,76.42,76.36,72.46,3.0,0.05,0.51,"20,421",200019.07,93314.85,85647.22,-63.12,2.26,0.47,1.48,79.58,74.43,-74.43,-75.04,NaN,977 M
05/21/2026,1630,GIL,58.15,+1.75%,Consumer Discretionary,1.064,1.62,$2.16,73.695,46.0,58.16,57.72,59.89,2.0,0.46,0.54,"1,250,853",100140.53,1122758.39,1331588.47,-20.58,1.8,-2.1,3.16,72.6,53.37,-53.37,63.14,47.0,"10,768 M"
05/21/2026,1630,GIS,33.47,-0.45%,Consumer Staples,-.0368,0.75,$3.05,55.19,32.64,34.27,35.69,44.45,4.0,0.49,0.6,"8,345,306",-200137.44,9743498.61,9224243.09,20.55,-10.41,-6.27,0.06,46.61,33.03,46.61,36.1,22.0,"17,862 M"
05/21/2026,1630,GK,28.63,+0.61%,Industrials,1.389,0.44,<empty>,29.31,21.5732,28.02,26.1,25.83,-5.0,-0.84,-0.18,"2,114",100020.48,1006.64,1073.05,50.34,18.17,1.89,1.08,29.06,23.37,29.05,29.05,NaN,31 M
05/21/2026,1630,GLASF,10.090,+0.10%,Consumer Staples,.6216,0.35,<empty>,10.63,4.55,9.74,8.81,8.06,6.0,0.64,0.33,"125,461",-100800.21,243831.06,224180.42,-16.91,26.13,2.54,1.0,11.18,7.53,11.18,10.02,56.0,857 M
05/21/2026,1630,GLBE,30.14,+0.50%,Consumer Discretionary,1.547,1.57,<empty>,41.94,26.845,30.44,31.4,34.93,4.0,0.34,0.52,"1,794,603",0.0,1388212.11,1364126.11,5.4,-6.51,-7.63,4.4,37.54,27.06,-27.06,-27.06,55.0,"5,063 M"
05/21/2026,1630,GLD,416.99,-0.10%,,.1632,7.99,<empty>,509.7,299.89,424.28,429.67,399.6,2.0,-0.29,0.51,"4,653,516",0.0,9826994.54,1.062511308E7,-21.28,3.21,-3.4,-0.34,492.57,399.41,-399.41,-410.02,NaN,"151,367 M"
05/21/2026,1630,GLIN,44.65,+0.38%,,.7102,0.83,<empty>,48.39,38.705,44.99,43.73,45.19,2.0,0.63,0.17,"8,598",100116.57,30353.18,94636.25,242.5,7.38,-3.61,1.41,47.24,39.37,47.24,-44.02,NaN,97 M
05/21/2026,1630,GM,77.21,+1.41%,Consumer Discretionary,1.298,1.83,$15.77,87.62,46.815,76.56,76.06,71.89,2.0,0.31,0.43,"6,360,449",100139.18,6959856.47,7279883.22,-11.19,1.97,-1.53,5.62,83.6,72.32,83.6,-70.02,40.0,"69,618 M"
05/21/2026,1630,GME,22.49,-0.27%,Consumer Discretionary,1.761,1.11,$1.33,35.81,19.93,23.64,23.59,23.22,4.0,0.03,0.3,"3,128,015",100474.13,7994459.82,7341649.56,-84.58,-2.34,-6.17,2.65,27.14,21.03,27.14,-21.03,12.0,"10,084 M"
05/21/2026,1630,GO,8.01,-1.48%,Consumer Staples,.6855,0.22,$0.04,19.41,5.655,7.91,7.29,11.48,3.0,0.91,0.65,"3,640,535",-201676.06,3785596.85,4131950.6,65.73,24.19,-0.37,5.53,10.61,6.52,-6.52,-7.03,50.0,792 M
05/21/2026,1630,GOLF,88.37,-0.83%,Consumer Discretionary,.8463,2.93,$1.48,104.81,67.14,90.69,93.32,86.76,6.0,0.09,0.57,"251,367",-200627.12,330722.68,357264.59,42.82,-4.42,-1.3,2.72,104.62,84.06,-84.06,-84.06,52.0,"5,174 M"
05/21/2026,1630,GOOG,383.47,-0.37%,Communication Services,1.081,6.22,$5.33,404.47,163.33,380.44,337.32,295.12,-11.0,-0.77,-0.16,"16,802,677",100335.16,1.893291697E7,1.935684249E7,-40.09,28.24,-2.99,-2.45,400.06,272.37,-272.37,404.03,42.0,"4,645,909 M"
05/21/2026,1630,GOOGL,387.66,-0.32%,Communication Services,1.082,6.2,$5.33,408.61,162.0,383.55,339.55,295.26,-11.0,-0.78,-0.16,"24,798,906",100335.16,2.809251472E7,2.91209502E7,-17.63,28.34,-2.6,-2.34,404.06,272.37,-272.37,409.03,42.0,"4,696,673 M"
05/21/2026,1630,GOOS,9.81,+2.08%,Consumer Discretionary,1.648,0.96,$1.11,15.425,9.3,10.88,11.01,12.43,2.0,0.0,0.16,"471,411",-200252.05,451929.7,456444.35,12.81,-10.08,-17.63,3.26,13.59,9.03,13.59,12.11,52.0,953 M
05/21/2026,1630,GPI,320.11,+1.56%,Consumer Discretionary,.8371,15.19,$30.78,488.39,292.44,336.36,330.86,387.24,2.0,-0.5,0.19,"257,913",200143.44,168094.92,166274.95,27.44,-0.65,-8.58,0.92,374.14,292.45,374.14,374.14,42.0,"3,809 M"
05/21/2026,1630,GPN,72.59,+2.56%,Financials,.7587,1.58,$4.27,90.635,62.45,69.44,68.89,77.4,5.0,0.72,0.54,"4,881,080",0.0,3259046.94,3492231.06,69.97,2.15,3.51,5.71,82.62,62.32,-62.32,-66.06,51.0,"19,857 M"
05/21/2026,1630,GRID,190.98,+1.32%,,1.257,4.15,<empty>,199.99,127.1,191.63,179.34,161.49,1.0,-0.61,0.08,"872,307",200125.02,763185.62,715089.86,132.51,15.78,-0.98,0.93,200.08,157.37,200.08,-183.02,NaN,"10,790 M"
05/21/2026,1630,GRMN,239.78,+0.97%,Consumer Discretionary,.943,5.51,$7.54,273.32,186.67,240.68,244.21,228.48,4.0,0.26,0.37,"770,819",0.0,767864.38,825000.93,7.57,0.45,-0.88,5.68,273.24,225.03,273.24,-225.02,46.0,"46,243 M"
05/21/2026,1630,GRNY,26.87,+0.22%,,1.293,0.23,<empty>,27.28,20.26,26.76,25.55,25.02,2.0,-0.71,0.22,"1,256,067",0.0,1988871.66,2119537.22,14.56,10.9,0.75,0.86,27.08,23.37,27.05,27.05,NaN,"4,388 M"
05/21/2026,1630,GS,988.17,+0.62%,Financials,1.269,22.56,($135.91),999.5,582.5,938.76,891.88,847.14,2.0,0.85,0.54,"2,450,697",100232.29,2045104.3,2187217.7,80.23,18.87,6.73,4.42,960.06,781.48,-781.48,-899.13,35.0,"291,517 M"
05/21/2026,1630,GSG,33.42,-1.01%,,.0698,0.63,<empty>,34.94,21.03,33.78,32.45,25.86,-2.0,-0.38,-0.33,"1,008,803",100239.11,1502818.07,1554036.76,25.18,11.36,1.61,-2.85,35.13,25.59,-25.59,35.03,NaN,"1,041 M"
05/21/2026,1630,GTBIF,7.300,+0.69%,Health Care,1.22,0.41,$0.97,10.43,4.8,7.7,7.07,7.37,2.0,-0.47,0.12,"571,004",-100100.4,663892.52,670954.45,116.42,10.89,-9.88,0.0,9.2,6.37,9.2,-7.04,51.0,"1,599 M"
05/21/2026,1630,GTLB,25.62,-4.04%,Information Technology,.9026,1.33,$1.33,52.38,18.73,23.95,22.56,35.86,-1.0,0.98,-0.7,"3,543,193",-101171.32,5888321.09,6597543.14,-64.19,15.04,-1.16,2.11,28.59,19.29,-19.29,-21.15,7.0,"4,326 M"
05/21/2026,1630,GTM,3.57,-2.72%,Communication Services,.9679,1.3,$1.19,12.51,3.46,5.34,5.67,8.66,4.0,-0.2,0.16,"13,770,544",200174.08,1.143153948E7,1.075251053E7,59.02,-42.23,-46.15,-8.93,7.1,4.05,7.1,7.1,49.0,"1,052 M"
05/21/2026,1630,GVAL,35.14,-0.65%,,.6432,0.36,<empty>,36.44,25.89,35.16,34.42,32.04,2.0,-0.44,0.43,"114,548",-100000.15,269762.9,265749.2,-89.78,8.49,-0.51,0.54,36.24,32.43,36.24,36.09,NaN,436 M
05/21/2026,1630,GVIP,174.3209,+1.47%,,1.083,2.54,<empty>,177.27,127.31,171.1,160.38,154.57,1.0,-0.78,0.06,"5,427",200011.13,13746.24,14101.03,10.24,17.32,0.76,2.38,177.08,139.37,177.08,177.08,NaN,558 M
05/21/2026,1630,GVZ:CGI,24.59,-2.30%,,-1.526,0.83,<empty>,48.68,14.47,26.43,30.97,25.96,-2.0,-0.16,-0.4,<empty>,NaN,NaN,NaN,NaN,-43.29,-9.03,-6.15,46.38,25.18,46.38,29.13,NaN,0
05/21/2026,1630,H,175.52,+1.35%,Consumer Discretionary,1.298,4.11,$1.19,180.53,124.82,166.47,157.6,154.4,2.0,0.83,0.5,"619,676",100545.53,773710.27,835118.72,-39.6,20.6,2.96,3.61,176.24,138.36,-138.36,-157.16,52.0,"16,527 M"
05/21/2026,1630,HACK,92.70,-0.26%,,.8179,3.56,<empty>,93.06,69.66,84.82,79.95,81.79,-1.0,1.0,-0.98,"84,068",200041.03,123086.79,130268.71,44.52,18.71,9.43,1.59,86.08,70.61,-70.61,-78.15,NaN,"2,294 M"
05/21/2026,1630,HAL,41.96,-0.80%,Energy,.766,1.08,$1.98,43.59,19.38,41.31,39.08,30.52,-2.0,-0.61,-0.44,"11,764,414",-100245.44,1.455990055E7,1.454291549E7,22.36,11.86,7.26,-1.92,42.14,33.52,-33.52,-39.1,40.0,"35,053 M"
05/21/2026,1630,HBB,19.50,+1.83%,Consumer Discretionary,1,1.12,$0.59,21.84,12.72,19.67,19.04,16.78,2.0,0.25,0.3,"17,458",201185.02,22986.66,24209.54,10.52,7.79,-5.39,9.18,22.15,16.48,22.15,22.15,51.0,264 M
05/21/2026,1630,HBDC,24.645,-0.06%,,.0774,0.04,<empty>,27.74,23.16,24.7,24.61,24.98,2.0,-0.7,0.35,"2,425",0.0,8124.72,22855.17,-10.58,0.45,-0.28,-0.23,25.62,24.37,-24.37,-25.03,NaN,84 M
05/21/2026,1630,HCA,392.56,-1.04%,Health Care,1.17,13.05,$34.38,556.52,330.0,425.91,465.0,462.15,-3.0,-0.01,-0.43,"2,356,452",100130.01,1218647.81,1196500.24,162.79,-20.63,-8.5,-7.15,557.49,421.08,557.49,452.17,43.0,"87,085 M"
05/21/2026,1630,HD,313.78,+1.03%,Consumer Discretionary,.9856,7.75,$12.74,426.75,289.1,315.83,326.98,366.4,4.0,0.24,0.52,"4,513,419",200431.03,4376042.37,4372894.83,16.77,-5.17,-2.75,4.66,394.61,297.04,394.61,-289.02,59.0,"312,534 M"
05/21/2026,1630,HELE,24.79,+3.51%,Consumer Discretionary,1.232,0.93,$5.73,33.734,13.85,23.93,19.47,20.32,4.0,0.68,0.13,"799,370",-200168.2,689427.17,658960.67,32.48,64.06,-3.95,3.51,27.1,14.38,27.1,-22.06,32.0,577 M
05/21/2026,1630,HII,317.55,-1.36%,Industrials,.2678,12.1,$20.15,460.0,215.045,337.41,373.75,343.17,-1.0,0.11,-0.58,"469,396",-200441.13,523342.17,506344.61,-17.11,-19.93,0.9,-3.58,460.57,311.11,-311.11,-311.11,47.0,"12,513 M"
05/21/2026,1630,HIMS,24.01,+4.21%,Health Care,2.131,2.03,$0.27,70.43,13.74,26.13,24.25,35.07,2.0,-0.59,0.17,"15,052,995",101309.51,3.064186476E7,3.566009081E7,2.79,6.9,-6.39,7.72,32.23,14.61,32.23,-22.02,54.0,"5,557 M"
05/21/2026,1630,HLN,9.32,+0.43%,Health Care,.1976,0.13,$0.33,11.42,8.71,9.22,9.63,9.77,5.0,0.17,0.93,"6,427,364",-100130.1,8591007.22,8756749.0,-14.06,-6.14,0.22,1.64,11.61,9.04,-9.04,-9.04,47.0,"41,281 M"
05/21/2026,1630,HLT,322.76,-0.34%,,1.059,3.88,$9.08,344.75,241.45,319.24,314.95,290.12,6.0,0.26,0.51,"981,664",-100231.17,1618133.28,1695783.52,-43.35,7.35,0.77,1.45,345.24,290.49,345.24,-308.13,46.0,"73,476 M"
05/21/2026,1630,HOOD,75.92,+0.21%,Financials,2.154,1.77,$3.33,153.8599,62.6318,77.55,76.26,104.69,1.0,-0.71,0.45,"16,216,965",-100267.17,2.866598296E7,2.855582174E7,-35.79,4.73,-0.47,-1.59,93.24,64.37,93.24,-70.16,46.0,"68,366 M"
05/21/2026,1630,HPP,11.28,+3.01%,Real Estate,1.804,0.77,$1.67,21.7,5.26,10.43,8.01,12.43,-7.0,-0.88,-0.2,"1,110,463",0.0,1233608.28,1289768.28,33.25,91.51,-4.16,4.44,12.09,5.34,12.09,12.09,50.0,612 M
05/21/2026,1630,HQY,86.43,-1.28%,Health Care,.1843,1.86,$4.74,116.65,72.76,83.02,82.32,88.52,7.0,0.72,0.79,"759,033",100050.46,968840.03,936032.05,-4.52,5.87,2.91,4.08,88.22,74.61,88.22,-79.15,4.0,"7,245 M"
05/21/2026,1630,HSI:HK,25386.52,0.00%,,<empty>,342.6,<empty>,28056.1,22668.35,26097.04,25769.0,26000.59,-8.0,-0.5,-0.26,<empty>,NaN,NaN,NaN,NaN,-1.73,-3.16,-2.22,27326.62,24204.37,-24204.37,26845.04,NaN,0
05/21/2026,1630,HSY,190.39,-0.24%,Consumer Staples,.077,3.5,$9.12,239.48,150.04,188.47,198.89,193.57,-2.0,0.29,-0.61,"1,572,387",-100136.44,1942702.89,1879612.49,-12.36,-11.52,1.78,-0.7,239.57,180.14,-180.14,197.06,47.0,"38,619 M"
05/21/2026,1630,HTZ,5.06,+3.69%,Industrials,2.064,0.49,($3.72),8.44,3.775,5.75,5.53,5.47,1.0,-0.1,0.09,"5,456,157",-200336.16,1.16789816E7,1.057103767E7,-59.33,22.52,-17.99,-2.69,8.23,4.44,8.23,7.15,52.0,"1,598 M"
05/21/2026,1630,HUBS,198.37,-2.47%,Information Technology,1.257,23.7,$11.56,632.385,173.25,214.16,227.47,350.69,5.0,0.73,0.45,"1,730,510",100671.1,1655707.98,1702410.22,12.17,-24.3,-18.61,-4.86,297.54,173.06,-173.06,-173.06,51.0,"10,155 M"
05/21/2026,1630,HUM,303.68,-0.14%,Health Care,.6529,27.12,$10.57,315.66,163.11,266.65,217.82,243.56,-6.0,-0.98,-0.76,"939,286",0.0,1856577.3,1808138.68,-37.1,78.49,22.89,-0.76,309.06,163.43,-163.43,-214.16,46.0,"36,460 M"
05/21/2026,1630,HYG,79.90,+0.05%,,.4039,0.22,<empty>,81.36,78.565,79.98,79.84,80.49,2.0,0.51,0.32,"37,583,929",100109.37,5.045950287E7,5.352009845E7,-14.08,0.58,0.05,0.45,81.62,79.38,-79.38,-79.02,NaN,"16,411 M"
05/21/2026,1630,HYLS,40.6924,-0.58%,,.4015,0.12,<empty>,42.4036,40.01,40.93,40.86,41.56,-1.0,-0.65,-0.14,"112,878",-200000.33,296760.49,282952.04,-57.03,-0.22,-0.63,-0.36,42.2,40.37,42.2,42.04,NaN,"1,636 M"
05/21/2026,1630,IAK,134.29,-0.19%,,.5651,1.63,<empty>,138.66,124.62,132.0,130.8,132.31,6.0,0.77,0.78,"23,465",200024.43,53196.94,61476.46,-51.9,4.82,2.87,-0.26,138.57,125.38,-125.38,136.02,NaN,369 M
05/21/2026,1630,IBB,169.06,+0.68%,,.7397,2.8,<empty>,179.64,119.78,169.03,168.88,162.01,2.0,0.27,0.29,"2,465,996",0.0,1540796.27,1581594.96,105.45,3.92,-0.61,3.07,178.6,160.41,-160.41,-162.02,NaN,"7,870 M"
05/21/2026,1630,IBIT,44.00,+0.02%,,.7164,1.0,<empty>,71.82,35.3,44.68,42.31,51.82,-8.0,-0.84,-0.49,"25,623,489",0.0,4.2682193E7,4.804846633E7,-44.48,9.86,-3.08,1.08,47.08,36.61,47.08,47.08,NaN,"62,992 M"
05/21/2026,1630,IDX,11.01,-3.76%,,.3722,0.7,<empty>,17.55,10.89,12.63,13.36,15.55,-10.0,-0.08,-0.13,"249,568",-100100.01,57082.91,55154.29,1216.62,-18.32,-16.34,-7.87,16.62,12.03,16.62,13.11,NaN,24 M
05/21/2026,1630,IDXX,553.07,-0.09%,Health Care,1.592,16.08,$13.35,769.98,496.61,554.2,566.54,640.44,4.0,0.28,0.69,"430,676",100041.37,569596.78,561137.86,-29.47,-4.4,-3.34,1.33,666.59,523.06,-523.06,-523.06,49.0,"43,628 M"
05/21/2026,1630,IEF,93.80,+0.06%,,.2636,0.56,<empty>,98.045,92.945,94.47,95.03,96.14,2.0,0.02,0.33,"7,761,897",200010.42,9496122.11,9945150.32,44.83,-1.45,-0.96,0.35,98.58,93.03,98.58,-93.02,NaN,"47,397 M"
05/21/2026,1630,IFF,75.25,+1.10%,Materials,.9925,3.68,$1.55,84.45,59.14,74.26,72.41,68.97,2.0,-0.52,0.5,"1,894,484",100334.12,1749936.46,1759976.12,30.89,10.45,-3.85,2.1,84.11,65.44,84.11,84.11,50.0,"19,212 M"
05/21/2026,1630,IGLB,49.30,+0.31%,,.6326,0.37,<empty>,52.5999,47.36,49.52,49.63,50.69,2.0,0.39,0.48,"985,480",-200112.49,1801664.22,1866304.17,-34.33,-0.14,-0.7,0.8,52.58,49.38,52.58,-48.02,NaN,"2,583 M"
05/21/2026,1630,IGSB,52.32,0.00%,,.1233,0.08,<empty>,53.25,52.12,52.41,52.48,52.83,2.0,0.39,0.5,"2,813,501",100003.16,3880674.48,3681743.75,120.31,-0.27,-0.19,0.13,53.58,52.03,53.58,-52.02,NaN,"21,990 M"
05/21/2026,1630,IIGD,24.4266,+0.01%,,.143,0.09,<empty>,25.08,24.3,24.55,24.6,24.79,2.0,-0.3,0.25,915,100000.07,6481.29,6511.79,11.53,-0.52,-0.64,0.13,25.58,24.03,25.58,-24.02,NaN,31 M
05/21/2026,1630,IJT,160.58,+0.12%,,1.07,2.04,<empty>,164.8499,125.24,160.92,153.89,146.25,2.0,-0.59,0.17,"104,606",-100019.04,134154.76,123865.84,14.07,11.86,-1.34,1.11,165.11,139.37,165.11,-157.02,NaN,"7,387 M"
05/21/2026,1630,ILMN,144.83,+2.05%,Health Care,1.488,2.06,$6.35,155.529,78.55,137.84,130.51,120.84,1.0,0.83,0.68,"1,385,892",100545.59,1542157.3,1652972.38,-50.06,17.0,4.41,2.35,149.06,115.49,150.05,150.05,47.0,"21,913 M"
05/21/2026,1630,INDA,48.03,+0.02%,,.4602,0.86,<empty>,56.01,45.2118,48.73,48.44,51.98,2.0,0.61,0.24,"6,846,611",100120.57,8227035.64,8937018.75,50.99,0.84,-3.59,0.4,53.62,45.37,-45.37,-47.02,NaN,"6,707 M"
05/21/2026,1630,INDY,42.34,0.00%,,.4584,0.71,<empty>,54.87,40.8201,43.02,43.18,48.76,2.0,0.59,0.48,"156,923",-100042.08,154951.83,156507.94,9.05,-1.56,-3.36,0.07,48.62,41.37,-41.37,-42.02,NaN,561 M
05/21/2026,1630,INFL,53.10,-0.24%,,.7143,0.35,<empty>,55.17,40.94,53.03,52.65,47.46,-1.0,-0.15,-0.52,"171,161",-100020.06,292592.51,282423.18,-75.75,3.55,1.49,-0.06,55.57,50.43,-50.43,54.07,NaN,"1,598 M"
05/21/2026,1630,INMD,13.83,-1.36%,Health Care,2.02,0.2,$1.35,16.74,12.72,14.07,13.92,14.46,-1.0,-0.5,-0.31,"2,742,375",-100125.01,951156.28,933500.86,767.75,0.73,-0.65,-1.91,15.24,13.49,15.24,-13.11,47.0,841 M
05/21/2026,1630,INTC,118.50,-0.39%,Information Technology,1.938,8.21,($0.66),132.75,18.965,107.19,74.95,46.68,-1.0,-0.74,-0.03,"101,902,411",501298.1,1.2784673101E8,1.1719369644E8,-35.71,169.26,8.1,9.55,133.08,41.37,133.08,133.08,42.0,"595,581 M"
05/21/2026,1630,INVH,29.03,-0.48%,Real Estate,.8453,0.3,$1.96,34.25,24.25,28.47,26.75,27.74,4.0,-0.82,0.29,"3,778,571",0.0,5969465.01,6286015.46,-22.18,17.25,0.21,0.97,29.15,24.43,29.15,29.15,46.0,"17,245 M"
05/21/2026,1630,IONQ,58.89,+12.24%,Information Technology,2.919,4.04,($1.35),84.64,25.89,49.64,40.35,47.22,1.0,0.89,0.38,"62,412,586",300118.26,2.97143767E7,2.888266753E7,202.65,77.86,23.51,19.43,59.07,26.37,-26.37,-40.16,51.0,"21,982 M"
05/21/2026,1630,IPO,52.84,+3.08%,,1.337,1.21,<empty>,54.68,39.305,49.81,46.59,47.27,2.0,0.78,0.45,"36,428",-300336.23,25132.59,24526.38,196.82,21.5,4.91,7.9,52.11,39.37,-39.37,-47.16,NaN,153 M
05/21/2026,1630,IRM,127.33,+1.21%,Real Estate,1.219,2.51,($2.64),134.09,77.77,124.62,114.38,100.2,2.0,-0.76,0.19,"1,342,231",100839.16,1549655.79,1568583.31,-44.08,24.91,0.41,2.72,134.11,97.37,134.11,134.11,51.0,"37,884 M"
05/21/2026,1630,IRT,16.79,+0.54%,Real Estate,1.004,0.19,$0.59,18.74,14.6,16.33,15.79,16.56,3.0,0.93,0.47,"3,061,564",0.0,2351086.97,2530019.84,63.84,10.97,2.57,3.26,17.59,15.34,-15.34,-16.04,46.0,"3,958 M"
05/21/2026,1630,ITA,223.15,-0.06%,,.729,3.73,<empty>,250.65,168.4401,219.95,223.77,217.43,2.0,0.36,0.65,"486,070",-100228.5,1143884.46,1176034.9,-52.64,-0.09,0.29,1.33,251.57,209.37,-209.37,227.08,NaN,"13,690 M"
05/21/2026,1630,ITB,90.82,+0.75%,,1.303,2.53,<empty>,118.0,84.98,92.49,92.95,101.77,2.0,0.36,0.47,"3,364,197",100437.02,2334124.85,2387606.9,78.8,-0.6,-2.27,3.78,111.61,86.04,111.61,-85.02,NaN,"2,330 M"
05/21/2026,1630,ITW,249.93,-0.33%,Industrials,1.045,3.35,$9.44,303.155,238.82,255.66,261.5,260.87,4.0,0.07,0.5,"1,090,112",200329.16,1308459.53,1334774.49,-47.35,-4.88,-2.19,0.19,298.62,246.03,298.62,-244.02,46.0,"71,905 M"
05/21/2026,1630,IVOL,18.01,-0.11%,,.0289,0.15,<empty>,20.255,17.865,18.23,18.45,19.08,4.0,0.02,0.27,"162,787",-100135.32,330871.45,290803.99,7.39,-3.79,-1.69,-0.06,19.58,18.04,19.58,-18.02,NaN,330 M
05/21/2026,1630,IWC,185.31,+2.14%,,1.1,3.33,<empty>,189.5,115.75,182.37,172.8,160.21,2.0,0.68,0.13,"86,448",-200325.11,145703.36,129751.34,-72.53,15.54,0.8,3.79,190.08,153.37,190.08,190.08,NaN,"1,399 M"
05/21/2026,1630,IWF,124.68,+0.02%,,.1443,1.58,<empty>,126.045,97.075,122.19,115.48,115.95,-5.0,-0.92,-0.24,"5,188,887",-100128.5,8404923.45,1.062779681E7,-26.02,14.91,1.58,0.47,125.06,102.37,126.05,126.05,NaN,"128,894 M"
05/21/2026,1630,IWM,282.49,+0.94%,,1.115,3.75,<empty>,287.58,199.65,279.73,265.85,252.23,2.0,0.7,0.13,"31,615,219",100034.43,3.549924001E7,3.837671402E7,9.26,14.16,0.08,2.36,288.1,239.37,288.1,288.1,NaN,"77,544 M"
05/21/2026,1630,IWN,209.79,+0.55%,,1.032,2.33,<empty>,213.19,146.9,208.36,199.95,186.97,2.0,0.67,0.25,"1,235,234",100226.35,823638.98,791329.77,69.81,11.98,-0.15,1.8,213.1,182.43,213.1,-203.02,NaN,"13,647 M"
05/21/2026,1630,IWO,368.06,+1.35%,,1.193,5.75,<empty>,375.695,262.24,363.39,342.18,329.21,2.0,0.72,0.13,"382,078",0.0,434324.0,457885.11,49.07,16.29,0.4,2.93,376.1,300.37,376.1,376.1,NaN,"14,318 M"
05/21/2026,1630,J,114.04,+0.19%,Industrials,.7203,8.0,$4.07,168.44,105.68,120.7,125.0,139.39,6.0,0.21,0.38,"1,331,636",100435.06,1145132.99,1064876.58,105.22,-11.74,-7.1,0.38,141.56,106.06,-106.06,-106.06,50.0,"13,466 M"
05/21/2026,1630,JACK,11.35,+1.61%,Consumer Discretionary,1.497,1.16,$0.57,25.34,8.915,12.44,11.89,17.05,3.0,-0.55,0.29,"613,533",-101991.06,897399.6,881338.93,23.61,1.7,-18.17,5.29,18.61,9.36,-9.36,-10.04,51.0,216 M
05/21/2026,1630,JBHT,259.23,-1.39%,Industrials,1.285,9.54,$10.78,264.98,130.12,249.2,230.8,190.75,-1.0,0.8,-0.61,"750,198",300441.05,981697.39,952573.35,25.49,27.84,7.04,-0.85,256.22,194.46,-194.46,-231.07,36.0,"24,445 M"
05/21/2026,1630,JBLU,5.01,+5.92%,Industrials,1.779,0.21,($3.18),6.5,3.84,4.85,4.77,4.89,2.0,0.46,0.48,"26,099,475",201190.41,2.88494876E7,2.67932481E7,-46.16,19.29,-2.34,9.39,6.24,4.44,6.24,5.1,45.0,"1,864 M"
05/21/2026,1630,JBSAY,14.44,0.00%,Consumer Staples,.1408,0.42,$1.04,15.65,13.01,14.36,14.79,12.75,4.0,0.12,0.37,<empty>,-400000.03,264987.4,239337.09,-42.94,2.12,0.77,3.81,16.11,13.03,16.11,-13.03,NaN,"32,030 M"
05/21/2026,1630,JETS,27.00,+2.12%,,1.172,0.79,<empty>,31.33,21.0312,26.07,25.67,26.44,2.0,0.59,0.54,"4,750,965",-100157.52,4750025.91,4959030.95,-8.64,8.3,-2.14,5.68,30.59,24.37,-24.37,28.1,NaN,767 M
05/21/2026,1630,JNJ,231.73,+1.05%,Health Care,.2662,3.49,$7.23,251.71,149.04,226.84,233.52,210.43,4.0,0.26,0.91,"5,238,206",-100131.44,7728348.32,7932638.45,-23.68,-1.57,4.14,1.23,252.57,220.08,-220.08,232.04,36.0,"557,824 M"
05/21/2026,1630,JNK,96.20,+0.08%,,.4183,0.27,<empty>,98.24,94.485,96.3,96.1,96.98,2.0,0.54,0.32,"2,138,326",-100110.44,5165698.31,5628653.43,-23.54,0.73,0.0,0.45,98.62,94.38,-94.38,-95.02,NaN,"7,588 M"
05/21/2026,1630,JOBY,10.40,+3.28%,Industrials,2.485,0.66,($0.76),20.95,6.42,9.83,9.28,13.0,-6.0,-0.93,-0.66,"23,902,837",101981.12,2.6360394E7,2.626833971E7,-11.27,12.07,3.9,0.48,11.06,8.37,11.06,11.06,51.0,"10,230 M"
05/21/2026,1630,JOE,64.03,-1.45%,Real Estate,1.338,0.79,$3.45,73.54,42.65,65.62,66.1,60.12,2.0,0.29,0.63,"128,779",-200139.13,258988.32,250200.65,-76.65,-0.08,-1.57,-0.47,74.55,60.38,-60.38,-61.14,41.0,"3,676 M"
05/21/2026,1630,JOET,43.2421,+0.42%,,1.033,0.31,<empty>,43.735,38.34,43.01,41.85,42.22,2.0,0.78,0.24,"19,351",-100022.15,23170.92,24242.97,-78.1,7.65,0.33,0.99,44.1,39.37,44.1,44.1,NaN,231 M
05/21/2026,1630,JPM,303.00,+0.34%,Financials,1.01,4.86,($39.16),337.25,256.0001,305.54,301.19,305.48,2.0,0.43,0.38,"7,866,288",-100139.44,9101083.69,9483489.48,28.21,4.52,-1.07,0.75,320.22,279.49,320.22,316.1,35.0,"811,892 M"
05/21/2026,1630,JPXN,97.96,-0.08%,,.5473,1.51,<empty>,101.215,76.19,97.37,94.59,90.12,-6.0,-0.59,-0.49,"4,795",300200.53,24154.29,52502.8,-78.82,8.4,-0.47,-0.25,101.06,88.43,101.06,101.06,NaN,132 M
05/21/2026,1630,JYNT,8.82,+0.80%,Health Care,1.131,0.2,$0.18,13.4692,7.5,8.73,8.68,9.1,4.0,0.34,0.59,"111,640",200000.08,67591.75,66853.71,131.93,3.89,1.73,1.03,9.48,8.43,-8.43,-8.05,52.0,126 M
05/21/2026,1630,K,83.44,0.00%,Consumer Staples,.2238,0.18,$1.73,83.65,76.48,83.36,83.14,81.46,4.0,0.56,0.31,<empty>,-100010.01,3364959.52,3435920.58,1730.15,0.7,-0.06,0.36,84.1,76.54,84.1,-83.07,38.0,"29,031 M"
05/21/2026,1630,KBA,33.2557,-1.14%,,.3691,0.59,<empty>,35.309,23.44,33.67,32.01,30.45,-6.0,-0.62,0.0,"30,003",100022.02,90183.32,95423.54,-40.13,12.5,-1.32,-0.64,35.06,29.41,35.06,35.06,NaN,183 M
05/21/2026,1630,KBWP,121.23,+0.05%,,.4381,1.59,<empty>,129.0,114.62,119.37,120.05,121.96,6.0,0.48,0.84,"5,180",0.0,13377.14,13733.5,-61.25,1.4,2.58,-0.32,128.57,116.06,-116.06,123.02,NaN,253 M
05/21/2026,1630,KCE,152.18,+0.76%,,1.242,1.18,<empty>,162.25,132.3,151.79,145.62,149.46,1.0,-0.69,0.28,"13,334",100125.47,19234.22,19600.66,19.88,11.43,0.05,-0.07,156.22,132.38,156.22,155.05,NaN,453 M
05/21/2026,1630,KDP,28.78,+0.31%,Consumer Staples,1,0.26,$1.16,35.935,24.875,28.91,27.45,28.17,-3.0,-0.83,-0.37,"9,058,001",-100326.19,1.108821051E7,1.111026739E7,26.86,8.4,0.91,-2.21,32.61,25.33,-25.33,30.06,42.0,"39,157 M"
05/21/2026,1630,KEMX,48.65,+1.04%,,.8788,1.04,<empty>,50.1787,29.92,47.81,44.48,39.14,1.0,-0.72,0.3,"6,809",100338.45,25122.78,25417.35,-8.0,18.34,-0.39,2.03,50.08,39.37,50.08,50.08,NaN,126 M
05/21/2026,1630,KHC,23.54,+0.04%,Consumer Staples,1,0.4,$3.33,29.19,21.035,22.96,22.57,24.49,-1.0,1.0,-0.65,"13,143,735",-100032.12,1.506093311E7,1.522551516E7,-7.79,10.99,-0.42,0.81,25.61,21.41,-21.41,24.09,46.0,"27,913 M"
05/21/2026,1630,KLAC,1842.18,+0.69%,Information Technology,1.469,53.1,$30.49,1939.36,740.44,1810.2,1682.7,1323.34,2.0,0.37,0.4,"820,437",100451.16,992104.41,981639.18,3.93,21.88,4.48,4.88,1939.19,1321.52,1939.19,1911.05,47.0,"240,639 M"
05/21/2026,1630,KMX,38.92,+4.26%,Consumer Discretionary,1.215,1.24,$8.44,71.99,30.26,38.2,40.46,44.58,2.0,0.19,0.47,"2,252,265",-100648.28,3242165.84,3242059.03,-3.31,-9.26,-2.48,5.05,49.28,36.03,49.28,40.08,18.0,"5,520 M"
05/21/2026,1630,KNX,70.25,-1.06%,Industrials,1.146,3.82,$3.05,71.63,38.625,65.04,61.1,52.19,6.0,0.93,0.89,"5,058,405",301342.06,3759172.04,3558735.68,104.09,29.68,10.73,1.41,68.2,52.46,-52.46,-59.07,41.0,"11,415 M"
05/21/2026,1630,KO,81.17,-0.47%,Consumer Staples,.3663,1.27,$2.92,82.6635,65.3538,79.27,77.37,72.71,-2.0,-0.68,-0.66,"15,700,864",-200122.18,1.46247721E7,1.542441564E7,24.51,8.07,3.49,-0.04,82.58,74.4,-74.4,83.02,40.0,"349,232 M"
05/21/2026,1630,KR,67.07,-2.34%,Consumer Staples,.4713,1.53,$5.30,76.58,58.6,66.93,69.47,67.19,-1.0,-0.29,-0.76,"7,865,529",-100130.44,5578696.8,5942372.57,127.31,-7.74,0.99,-1.83,77.49,64.07,-64.07,72.02,19.0,"41,353 M"
05/21/2026,1630,KRE,69.21,+0.06%,,.8477,1.12,<empty>,74.08,55.37,69.0,67.42,65.53,4.0,0.51,0.39,"13,568,781",-100335.59,1.528459856E7,1.763402011E7,51.85,8.46,-1.06,1.9,72.62,62.44,-62.44,-66.04,NaN,"3,665 M"
05/21/2026,1630,KSA,38.67,+0.89%,,.3029,0.22,<empty>,41.5,35.81,38.74,38.87,38.51,4.0,0.37,0.45,"612,118",100027.57,617026.18,770137.64,0.24,2.14,0.81,0.81,41.24,36.56,41.24,-38.03,NaN,704 M
05/21/2026,1630,KSS,12.70,+4.01%,Consumer Discretionary,1.502,1.09,$9.00,25.22,7.47,13.46,13.42,16.54,4.0,0.27,0.25,"6,506,746",-100269.44,4723233.17,5033032.45,90.51,-3.42,-11.5,8.36,18.62,11.03,18.62,16.17,4.0,"1,426 M"
05/21/2026,1630,KVUE,17.46,+0.81%,Consumer Staples,.2294,0.2,$0.95,24.03,14.02,17.38,17.4,17.61,2.0,0.31,0.6,"21,999,912",0.0,1.935523473E7,2.207232065E7,94.34,-0.8,-1.47,1.63,19.58,17.32,-17.32,-17.04,52.0,"33,523 M"
05/21/2026,1630,KW,11.00,-0.36%,Real Estate,.9138,0.04,($0.49),11.085,5.98,10.96,10.92,9.64,-1.0,-0.07,-0.35,"1,141,571",100015.02,1071046.38,1351603.39,89.87,1.01,0.0,-0.27,11.1,11.36,11.1,11.1,51.0,"1,532 M"
05/21/2026,1630,KWEB,27.63,-1.74%,,.3023,0.81,<empty>,43.365,27.12,28.78,28.93,35.1,-6.0,-0.74,-0.17,"32,267,655",-100138.06,2.718505129E7,2.731541331E7,112.46,-2.85,-6.4,-1.53,33.62,28.36,33.62,31.06,NaN,"7,112 M"
05/21/2026,1630,LAMR,152.61,+0.53%,Real Estate,1.203,5.22,$7.25,158.6899,113.05,144.41,136.11,129.25,2.0,0.93,0.51,"453,706",-200125.07,639005.68,642500.71,-50.48,20.05,0.93,3.47,159.09,122.36,159.09,159.09,53.0,"15,486 M"
05/21/2026,1630,LCID,5.84,+2.82%,Consumer Discretionary,.8274,0.29,($14.63),33.7,5.55,6.09,7.87,13.63,1.0,0.67,0.59,"14,663,549",-701021.21,1.523648934E7,1.344650897E7,-17.6,-43.36,-3.47,1.92,11.51,6.16,11.51,7.13,50.0,"2,279 M"
05/21/2026,1630,LEVI,21.75,+1.92%,Consumer Discretionary,1.314,0.68,$1.20,24.82,16.5,21.94,20.88,21.35,2.0,0.44,0.26,"2,359,967",-100438.32,2977787.09,2853943.83,-16.17,16.81,-4.4,3.77,24.22,18.43,24.22,23.1,22.0,"8,365 M"
05/21/2026,1630,LFMD,4.07,-4.46%,Health Care,1.793,0.36,($0.10),15.84,2.56,4.57,4.19,4.61,-1.0,-0.64,0.0,"901,055",402616.24,1167075.45,1228530.58,-21.79,2.26,-9.35,-4.01,5.11,3.61,5.11,5.11,51.0,197 M
05/21/2026,1630,LFST,7.46,-2.86%,Health Care,1.325,0.38,$0.37,8.89,3.74,7.65,6.98,6.37,-6.0,-0.75,-0.17,"2,055,074",-100411.1,4239806.74,4103583.85,-42.31,14.24,-15.71,-4.36,9.1,6.48,9.1,9.1,52.0,"2,848 M"
05/21/2026,1630,LH,255.75,-0.65%,Health Care,.9167,2.04,$16.70,293.72,239.75,256.48,263.24,268.48,4.0,0.11,0.62,"537,938",-200330.16,638051.37,625797.16,-17.74,-3.28,-0.89,0.07,291.58,249.12,-249.12,-249.12,42.0,"20,972 M"
05/21/2026,1630,LI,16.20,+0.12%,Consumer Discretionary,.5171,1.16,($1.82),32.025,15.64,17.83,17.98,19.72,-5.0,-0.46,0.0,"3,748,437",100255.03,3553033.84,3399312.29,111.94,-5.43,-7.95,-2.94,20.06,17.03,20.06,20.06,4.0,"16,511 M"
05/21/2026,1630,LII,480.51,-2.60%,Industrials,1.21,16.44,$18.86,689.44,434.06,510.19,490.6,517.01,-11.0,-0.56,-0.23,"538,938",100142.16,463652.54,454679.9,15.41,0.74,-8.75,-4.17,574.58,434.38,-434.38,551.1,46.0,"16,722 M"
05/21/2026,1630,LIN,514.51,+1.56%,,.7366,6.89,<empty>,521.28,387.78,505.26,499.41,464.39,1.0,0.51,0.6,"1,655,200",-100127.44,2220325.6,2349653.05,-35.8,7.63,4.18,0.71,521.14,471.5,521.14,-490.12,48.0,"237,882 M"
05/21/2026,1630,LIT,84.38,+1.07%,,1.023,3.19,<empty>,91.98,35.62,86.78,79.85,66.11,1.0,-0.39,0.05,"205,237",300136.08,395164.39,388114.17,-39.23,20.73,-5.56,1.63,92.08,67.43,92.08,-81.02,NaN,"2,161 M"
05/21/2026,1630,LLY,1041.65,+2.24%,Health Care,.493,24.44,$11.81,1133.95,623.78,964.84,941.58,926.66,1.0,0.61,0.83,"2,702,889",200438.16,3143287.27,3088759.36,-37.9,14.4,6.84,5.42,1064.62,851.16,-851.16,-851.16,51.0,"928,882 M"
05/21/2026,1630,LMND,57.05,-0.54%,Financials,1.753,1.65,$0.26,99.9,28.71,56.6,60.22,63.86,4.0,0.49,0.6,"1,066,335",100781.47,1813700.79,2058364.42,-52.42,-14.69,4.81,4.72,73.24,48.61,73.24,-51.04,50.0,"4,383 M"
05/21/2026,1630,LMT,522.79,+0.04%,Industrials,.0842,6.21,$24.45,692.0,410.11,516.49,575.34,530.36,-2.0,0.26,-0.84,"1,639,125",-100135.44,1477941.36,1554379.65,16.81,-15.17,2.03,-1.04,692.57,500.11,-500.11,530.02,40.0,"120,536 M"
05/21/2026,1630,LNG,240.45,-1.32%,Energy,.0494,10.78,$10.16,300.89,186.2001,253.77,263.87,230.17,6.0,-0.03,0.5,"2,046,768",-100147.44,3076726.19,3147192.39,2.32,-16.28,-2.57,-2.94,301.37,216.59,301.37,-236.1,52.0,"50,387 M"
05/21/2026,1630,LOGI,105.80,+1.95%,Information Technology,1.078,2.09,$6.65,123.01,81.98,102.17,97.04,102.33,1.0,0.88,0.57,"575,503",100237.12,1036791.22,1021850.9,-35.58,16.39,2.51,0.56,110.08,87.43,110.08,110.08,50.0,"15,183 M"
05/21/2026,1630,LOTMY,29.285,-2.06%,Consumer Discretionary,.7683,1.15,$1.91,33.1,21.65,30.28,30.03,26.68,-9.0,-0.25,-0.18,"8,044",-100100.22,19687.62,20443.45,-80.19,2.18,-9.75,-2.56,33.24,23.62,33.24,33.1,NaN,"6,882 M"
05/21/2026,1630,LOW,217.41,-1.65%,Consumer Discretionary,.8864,4.85,$13.69,293.06,208.0,228.16,234.94,249.12,4.0,-0.23,0.41,"3,265,395",100333.02,2728866.86,2782605.25,73.72,-7.19,-5.83,-0.28,282.62,217.03,282.62,246.17,60.0,"121,967 M"
05/21/2026,1630,LQD,108.17,+0.20%,,.4437,0.57,<empty>,112.93,105.39,108.59,108.85,110.4,2.0,0.34,0.47,"25,440,406",-400009.48,3.663392735E7,3.958226184E7,-26.8,-0.36,-0.52,0.47,112.58,107.38,112.58,-107.02,NaN,"28,157 M"
05/21/2026,1630,LRCX,302.24,+3.47%,Information Technology,1.823,11.72,$4.76,303.18,79.49,278.21,253.89,187.48,2.0,0.73,0.44,"9,152,827",-100371.44,9733259.71,9903666.51,13.08,29.54,5.49,8.74,300.08,194.52,-194.52,-242.16,46.0,"377,973 M"
05/21/2026,1630,LUV,40.78,+2.72%,Industrials,1.15,1.22,($0.73),55.11,28.975,39.24,39.45,38.25,2.0,0.39,0.62,"8,049,281",0.0,7636264.52,8304143.96,-20.32,1.07,-1.47,6.31,52.62,36.34,-36.34,42.1,41.0,"19,932 M"
05/21/2026,1630,LUXE,7.21,-1.77%,Consumer Discretionary,1.136,0.69,($1.21),11.38,6.54,8.33,8.34,8.68,2.0,0.0,0.07,"317,373",-100680.03,245633.5,251005.85,150.51,-9.19,-17.03,-7.45,10.6,8.04,10.6,-7.02,85.0,990 M
05/21/2026,1630,LVS,49.45,-0.34%,Consumer Discretionary,.8166,1.33,$3.30,70.4545,39.29,52.2,53.54,57.16,1.0,-0.19,0.41,"4,830,077",100139.21,4301443.12,4305486.94,-2.35,-8.43,-8.05,-1.47,58.24,50.2,58.24,55.15,41.0,"32,767 M"
05/21/2026,1630,LW,42.81,+2.03%,Consumer Staples,.4484,0.92,$4.54,67.07,37.62,42.74,42.2,50.93,1.0,0.8,0.66,"1,659,933",-100266.44,2965825.12,2773794.71,6.14,4.75,-0.51,-1.92,48.58,38.34,-38.34,45.03,41.0,"5,911 M"
05/21/2026,1630,LYB,70.08,-1.71%,Materials,.3931,1.93,$2.82,83.94,41.58,73.21,74.07,56.17,-4.0,-0.1,-0.46,"4,393,085",-100261.44,7308184.07,7913407.19,-42.12,-1.94,-2.0,-5.46,84.36,55.59,84.36,78.12,48.0,"22,621 M"
05/21/2026,1630,LYFT,13.48,+0.97%,Industrials,2,0.44,$2.77,25.54,12.46,13.88,13.73,17.37,4.0,0.7,0.44,"16,813,203",100262.44,1.603356776E7,1.623115221E7,32.18,1.05,-4.8,0.82,15.24,12.37,15.24,-13.04,51.0,"5,118 M"
05/21/2026,1630,LYV,165.98,+0.94%,Communication Services,1.133,3.72,$5.19,175.25,125.34,162.29,158.52,153.03,-5.0,-0.82,-0.49,"2,203,489",100434.12,2866392.91,3065601.69,-9.75,9.32,0.14,-0.9,170.06,144.38,173.05,173.05,52.0,"38,626 M"
05/21/2026,1630,M,20.62,+3.10%,Consumer Discretionary,2.461,0.67,$2.55,24.41,10.54,19.28,18.79,19.14,5.0,0.55,0.76,"5,523,221",-100154.44,6341650.21,6839513.54,17.31,14.36,7.23,11.34,22.62,17.44,-17.44,-18.04,8.0,"5,439 M"
05/21/2026,1630,MA,499.62,+0.32%,Financials,.7472,4.62,$18.98,601.77,480.5,500.38,501.82,543.76,5.0,0.48,0.64,"2,474,527",-200025.16,3511562.07,3613209.8,-45.4,-0.15,-0.26,-1.22,534.16,481.38,534.16,-488.05,47.0,"441,456 M"
05/21/2026,1630,MAC,22.37,-0.27%,Real Estate,2.094,0.35,$1.22,22.555,14.82,21.82,20.69,18.73,2.0,0.59,0.36,"1,516,123",100129.06,2724273.67,2574328.65,-46.1,21.05,4.68,2.29,23.24,18.52,23.24,-21.13,54.0,"6,341 M"
05/21/2026,1630,MAR,370.56,+0.22%,Consumer Discretionary,1.104,6.65,$9.16,380.0,253.555,357.07,347.3,307.71,7.0,0.44,0.58,"908,432",-100138.44,1443647.63,1507490.18,-9.3,13.49,5.26,3.17,380.22,311.52,380.22,-345.13,50.0,"97,712 M"
05/21/2026,1630,MARA,13.55,+3.04%,Information Technology,4.873,0.49,($3.68),23.45,6.66,12.33,10.64,12.71,2.0,0.94,0.41,"34,751,723",200905.16,4.596700136E7,4.702486739E7,-32.01,52.08,6.69,11.25,14.08,8.62,14.08,14.08,45.0,"5,166 M"
05/21/2026,1630,MCD,284.18,+1.40%,Consumer Discretionary,.4133,4.04,$9.88,341.75,271.975,283.47,299.28,308.1,8.0,0.19,0.89,"5,113,499",-400022.09,3568136.4,3498744.6,35.93,-7.87,0.17,0.61,342.57,272.08,-272.08,-272.08,52.0,"201,912 M"
05/21/2026,1630,MCHP,91.11,-3.10%,Information Technology,1.668,3.44,$1.37,105.91,48.52,94.45,79.42,69.79,-11.0,-0.63,0.0,"8,593,824",100152.09,9929157.76,9645834.38,6.59,41.61,-10.31,-1.78,106.09,59.37,106.09,106.09,52.0,"49,303 M"
05/21/2026,1630,MCK,766.50,+1.57%,Health Care,.3267,23.34,$43.77,999.0,637.0,777.53,837.71,816.18,8.0,0.17,0.58,"1,640,814",-100028.1,966375.63,913042.7,158.87,-12.6,1.56,-1.22,999.56,724.08,-724.08,-724.08,51.0,"92,136 M"
05/21/2026,1630,MCO,445.37,+0.25%,Financials,1.351,8.18,$15.41,546.88,402.28,449.06,443.72,479.17,4.0,0.63,0.59,"1,046,664",0.0,1123303.61,1219781.53,28.97,0.97,-2.57,0.44,484.58,422.49,-422.49,-426.04,42.0,"77,796 M"
05/21/2026,1630,MCW,7.10,0.00%,Consumer Discretionary,1.283,0.03,$0.09,7.276,4.61,7.06,7.01,5.98,5.0,0.2,0.41,<empty>,-100000.01,3447986.43,3995428.99,1943.95,2.01,1.0,0.28,7.11,7.62,7.11,7.11,55.0,"2,335 M"
05/21/2026,1630,MDB,317.50,-3.54%,Information Technology,1.663,22.52,$6.16,444.72,182.43,288.56,267.21,321.94,-2.0,-0.91,-0.76,"1,976,629",200766.57,1594283.45,1958957.32,39.32,16.19,8.21,-3.79,339.59,216.29,-216.29,349.02,4.0,"25,559 M"
05/21/2026,1630,MDLZ,61.50,-0.55%,Consumer Staples,.4013,0.35,$2.00,71.15,51.2008,60.86,58.7,58.93,-1.0,-0.73,-0.52,"5,378,010",-100031.44,8684813.09,8908779.34,-17.0,8.16,0.31,-0.23,62.07,54.49,-54.49,63.02,45.0,"78,944 M"
05/21/2026,1630,MELI,1677.90,+1.62%,Consumer Discretionary,1.346,112.69,$234.59,2645.22,1495.0,1710.64,1727.19,2042.66,4.0,0.32,0.44,"493,183",-200541.09,554494.88,604170.62,31.47,0.71,-10.27,5.8,2008.62,1495.06,-1495.06,-1495.06,51.0,"85,065 M"
05/21/2026,1630,META,607.38,+0.38%,Communication Services,1.235,5.79,$19.13,796.25,520.26,622.34,618.37,670.24,2.0,0.44,0.34,"13,447,429",-100136.16,1.633561097E7,1.529834225E7,-37.17,0.55,-1.53,-0.63,692.24,520.38,692.24,-593.07,46.0,"1,541,788 M"
05/21/2026,1630,MGM,37.66,+3.15%,Consumer Discretionary,1.263,0.74,$5.81,40.94,29.185,38.02,37.58,35.62,2.0,0.17,0.28,"5,786,890",-100450.44,4580540.96,4722843.82,-14.34,1.92,-1.18,1.54,41.18,33.52,41.18,41.17,46.0,"9,635 M"
05/21/2026,1630,MGPI,18.10,+0.17%,Consumer Staples,.4977,0.65,$2.46,33.378,16.45,19.0,18.78,23.5,2.0,-0.65,0.59,"143,856",0.0,236302.93,290062.07,-36.68,5.29,-5.19,-0.93,26.62,16.43,-16.43,-17.16,47.0,387 M
05/21/2026,1630,MICC,16.27,+0.81%,Consumer Staples,.7185,0.6,$0.24,19.93,12.94,14.86,14.68,NaN,2.0,NaN,NaN,"1,522,521",-100267.05,1641887.1,1575365.29,-34.71,10.38,10.91,3.37,16.61,13.16,17.04,17.04,NaN,"9,961 M"
05/21/2026,1630,MKOR,62.31,+2.96%,,1.525,2.23,<empty>,65.47,23.07,59.76,52.36,39.47,1.0,-0.68,0.25,"14,638",-100200.08,25239.09,31253.88,-43.31,32.04,1.55,4.62,65.08,41.37,65.08,65.08,NaN,143 M
05/21/2026,1630,MLCO,5.41,+0.19%,Consumer Discretionary,.5602,0.07,$1.20,10.15,5.22,5.49,5.6,7.38,-3.0,-0.67,-0.63,"4,320,419",100254.01,1732768.95,1876377.05,112.21,-1.1,-3.39,-2.17,6.56,5.09,-5.09,-5.09,47.0,"2,101 M"
05/21/2026,1630,MLM,537.97,-0.74%,Materials,1.104,25.82,$17.13,710.97,525.38,587.37,593.87,621.23,2.0,-0.19,0.19,"501,117",-200133.44,506225.13,529632.47,9.43,-6.86,-10.41,-3.2,702.6,555.44,702.6,-525.02,52.0,"32,303 M"
05/21/2026,1630,MNDY,76.26,-3.65%,Information Technology,1.236,3.34,$6.00,316.98,57.5,72.69,70.29,133.54,-1.0,1.0,-0.68,"1,206,276",-101070.09,1702523.99,1852014.14,-39.52,1.05,-0.17,-2.28,88.08,58.29,88.08,88.08,53.0,"3,902 M"
05/21/2026,1630,MNSO,13.74,-1.22%,Consumer Discretionary,-.0529,0.34,$0.74,26.74,13.42,14.51,15.5,19.49,-5.0,-0.31,-0.64,"454,100",0.0,416010.94,450386.24,122.01,-16.12,-5.44,-3.38,20.62,14.07,20.62,15.14,2.0,"4,162 M"
05/21/2026,1630,MNST,86.32,-0.64%,Consumer Staples,.521,4.81,$2.10,88.77,58.09,81.65,77.46,73.59,-3.0,-0.99,-0.72,"4,306,371",100227.1,5110607.93,5595408.58,31.67,16.71,13.62,-2.51,89.09,71.36,89.09,89.09,52.0,"84,422 M"
05/21/2026,1630,MO,73.71,+0.52%,Consumer Staples,.5454,2.03,$5.14,74.56,54.7,71.0,67.89,64.15,-2.0,0.86,-0.54,"6,476,921",-200227.16,9594071.01,9361468.46,-45.18,14.47,6.76,-0.01,75.14,63.4,75.14,75.14,47.0,"123,088 M"
05/21/2026,1630,MOH,181.26,-0.54%,Health Care,.7305,4.85,$4.84,320.45,121.06,188.03,162.07,165.92,-15.0,-0.72,-0.44,"726,287",-100059.44,1520802.01,1509275.77,-32.84,34.03,-5.52,-1.96,201.1,131.37,201.1,201.1,41.0,"9,444 M"
05/21/2026,1630,MOO,80.46,-0.73%,,.3577,1.19,<empty>,86.5583,69.32,82.27,83.15,77.52,-1.0,0.0,-0.44,"320,441",-100103.1,479701.41,460156.64,81.4,-0.22,-1.41,-1.41,87.3,80.43,87.3,85.12,NaN,949 M
05/21/2026,1630,MOVE:GIF,79.7179,-2.23%,,-4.446,5.92,<empty>,115.0172,55.7659,74.02,80.45,73.73,-2.0,0.41,-0.89,<empty>,NaN,NaN,NaN,NaN,-18.78,10.35,-7.38,115.39,62.6,115.39,86.03,NaN,0
05/21/2026,1630,MP,61.74,+9.27%,Materials,1.885,5.11,($1.81),100.2505,18.64,63.65,59.03,63.07,1.0,0.4,0.12,"10,478,661",100670.01,6161534.71,6042770.25,91.87,15.88,-10.69,8.95,77.09,44.37,77.09,77.09,52.0,"10,991 M"
05/21/2026,1630,MPC,248.43,-3.85%,Energy,.5476,6.06,$18.98,264.142224,154.65,247.65,238.36,198.84,-2.0,-0.73,-0.54,"2,623,416",-200243.44,2514036.56,2592011.82,42.43,6.84,2.55,-4.28,262.12,190.58,-190.58,-227.17,50.0,"72,526 M"
05/21/2026,1630,MPLX,55.62,+0.32%,Energy,.467,0.83,$3.83,59.98,47.8,55.39,56.28,53.82,4.0,0.27,0.71,"1,714,872",300224.06,2132436.28,1973931.83,-19.29,-5.17,-1.16,0.32,60.41,53.08,-53.08,-53.08,50.0,"56,439 M"
05/21/2026,1630,MPNGY,21.09,-2.50%,Consumer Discretionary,.0484,0.62,($0.64),37.88,18.56,21.33,21.25,24.5,-1.0,-0.75,-0.37,"123,446",100100.41,285239.84,332490.52,-7.0,6.46,-1.08,1.52,24.06,19.54,24.06,24.06,6.0,"65,109 M"
05/21/2026,1630,MRNA,47.26,-1.79%,Health Care,1.072,2.5,($4.10),59.55,22.28,48.71,50.75,36.95,-1.0,-0.1,-0.31,"4,787,038",-100993.09,6920943.21,7695141.99,-53.22,-7.84,-2.64,-1.77,60.55,44.14,-44.14,59.08,48.0,"18,752 M"
05/21/2026,1630,MRVL,190.69,+2.08%,Information Technology,2.207,8.52,$1.62,194.58,58.61,169.63,135.33,95.3,2.0,0.78,0.25,"21,343,054",300663.36,2.508472232E7,2.481872226E7,63.28,111.5,19.17,12.88,182.06,75.54,-75.54,-147.17,3.0,"166,959 M"
05/21/2026,1630,MSFT,419.09,-0.47%,Information Technology,1.083,5.43,$9.81,555.45,356.28,416.92,400.11,460.93,6.0,-0.77,0.44,"31,290,131",-100131.16,3.370212679E7,3.42593862E7,-0.26,9.42,-0.4,-1.05,434.21,356.37,434.21,433.02,46.0,"3,113,183 M"
05/21/2026,1630,MSGS,352.31,-0.24%,Communication Services,.5889,8.1,$2.20,360.45,186.0,341.52,330.08,264.31,-2.0,0.44,-0.52,"164,945",100235.37,237095.86,238386.1,-38.49,13.53,5.95,0.13,349.06,304.44,-304.44,360.03,55.0,"8,482 M"
05/21/2026,1630,MSM,105.98,-0.18%,Industrials,.99,1.66,$3.86,108.77,77.78,104.07,97.03,90.55,-1.0,-0.82,-0.25,"507,686",100333.19,669288.3,653547.62,-20.44,21.66,1.6,1.26,108.08,85.43,109.05,109.05,27.0,"5,917 M"
05/21/2026,1630,MSTR,164.85,-0.58%,Information Technology,3.314,9.77,($2.32),457.22,104.165,175.82,154.39,213.65,-8.0,-0.8,-0.07,"10,480,045",100889.25,1.810035404E7,1.860328629E7,-51.62,19.28,-8.34,-1.07,197.08,116.34,197.08,197.08,47.0,"57,880 M"
05/21/2026,1630,MTCH,35.66,-0.92%,Communication Services,1.412,0.96,$4.28,39.2,28.81,36.58,34.0,33.65,2.0,-0.39,0.12,"3,029,998",-100143.44,5210767.91,4919439.03,-28.54,14.29,-0.47,-0.61,39.14,30.38,39.14,39.14,50.0,"8,318 M"
05/21/2026,1630,MTDR,56.09,-5.76%,Energy,.8253,2.71,$0.48,66.8387,37.14,59.68,59.8,48.77,-2.0,-0.09,-0.58,"4,487,167",-100747.01,1798762.48,1924212.98,315.0,-4.69,0.94,-7.76,67.37,48.6,67.37,-54.1,45.0,"6,965 M"
05/21/2026,1630,MTUM,302.16,+0.86%,,1.062,6.38,<empty>,307.96,223.47,293.22,269.71,255.89,1.0,-0.79,0.08,"902,573",100131.02,932595.27,899814.33,31.31,23.57,2.81,2.66,308.08,229.37,308.05,308.05,NaN,"25,910 M"
05/21/2026,1630,MU,762.10,+4.11%,Information Technology,1.883,64.08,$9.16,818.67,90.93,656.03,512.1,319.34,1.0,-0.82,0.28,"42,190,475",-100206.08,4.902259734E7,4.526300274E7,4.91,88.48,17.86,11.82,819.08,311.36,819.08,819.08,22.0,"859,446 M"
05/21/2026,1630,MUR,37.77,-3.10%,Energy,.5695,1.49,$1.25,43.34,20.31,39.63,39.2,31.97,-2.0,-0.15,-0.4,"2,306,501",200158.44,2383191.12,2359308.87,60.28,0.43,-1.31,-6.6,43.32,30.59,43.32,-36.1,51.0,"5,414 M"
05/21/2026,1630,MUSA,544.51,-2.00%,Consumer Discretionary,.3148,14.73,$29.30,609.8206,345.2301,565.87,520.89,425.47,-12.0,-0.59,-0.13,"344,080",101137.16,341356.08,348528.06,-15.6,18.69,-6.25,-3.68,610.11,379.58,610.11,610.11,46.0,"10,057 M"
05/21/2026,1630,MZTI,112.77,+0.69%,Consumer Staples,.3817,1.96,$9.04,190.96,110.31,118.47,131.57,159.95,8.0,0.15,0.78,"322,166",-200425.14,362469.54,327878.8,-52.27,-21.14,-3.58,-0.19,171.59,111.13,171.59,132.14,61.0,"3,092 M"
05/21/2026,1630,N225:JP,61684.14,0.00%,,<empty>,1352.71,<empty>,63799.32,37111.63,60915.35,57134.4,51058.56,1.0,-0.73,0.24,<empty>,NaN,NaN,NaN,NaN,11.67,-1.83,1.43,63385.08,50559.34,63799.05,63799.05,NaN,0
05/21/2026,1630,NBIS,219.93,+14.65%,Information Technology,2.084,16.01,($12.74),233.7299,34.72,179.69,148.94,108.82,1.0,0.93,0.48,"22,972,678",200312.07,1.837232116E7,1.711210586E7,44.9,92.67,19.03,10.04,217.06,84.56,234.05,234.05,52.0,"55,840 M"
05/21/2026,1630,NBIX,155.50,+0.54%,Health Care,.3618,7.95,$8.34,162.39,117.59,145.17,136.23,138.72,-6.0,-0.94,-0.47,"1,037,006",-200137.12,1175566.24,1142855.67,52.48,22.39,3.95,-1.09,162.06,125.41,162.05,162.05,46.0,"15,636 M"
05/21/2026,1630,NCLH,16.47,+2.74%,Consumer Discretionary,1.901,0.81,($2.10),27.1799,14.5301,16.9,18.53,21.56,2.0,0.08,0.44,"28,555,780",-200260.14,2.262356026E7,2.295145861E7,-9.91,-18.14,-4.36,7.93,25.58,15.03,25.58,-15.02,47.0,"7,562 M"
05/21/2026,1630,NEE,89.69,+1.61%,Utilities,.7138,2.63,($7.43),98.75,63.88,93.98,92.91,84.65,1.0,-0.02,0.03,"12,483,615",100127.03,9918392.25,1.026203136E7,75.67,-0.6,-3.89,0.73,99.14,87.03,99.14,-87.03,41.0,"187,058 M"
05/21/2026,1630,NEM,108.33,+0.88%,Materials,.4439,4.96,$8.43,134.88,51.8,112.59,110.99,99.22,1.0,-0.35,0.34,"5,294,852",-100458.44,9184653.42,9360921.43,3.28,10.38,-4.55,-1.38,132.57,94.43,-94.43,-104.02,42.0,"115,648 M"
05/21/2026,1630,NET,212.65,+1.20%,Information Technology,1.611,21.78,$0.80,260.0,154.9295,211.7,207.97,204.09,6.0,0.4,0.4,"2,791,102",-301070.1,4476884.94,4431391.64,-6.77,-3.63,-17.19,5.4,259.1,159.62,259.1,-186.06,47.0,"75,165 M"
05/21/2026,1630,NFLX,89.30,+1.37%,Communication Services,1.666,1.32,$2.81,134.115,75.01,89.39,93.8,102.03,8.0,0.35,0.41,"28,545,816",200132.25,3.860456521E7,4.374464751E7,-6.12,-4.37,1.19,-0.39,109.25,75.62,109.25,-85.08,38.0,"376,024 M"
05/21/2026,1630,NIKL,15.08,-0.64%,,.9417,1.02,<empty>,21.855,10.29,16.77,16.54,15.7,1.0,-0.19,0.19,"111,491",0.0,170278.8,193243.5,57.2,-1.82,-13.53,-2.2,20.58,14.43,-14.43,-15.02,NaN,70 M
05/21/2026,1630,NKE,44.39,+0.45%,Consumer Discretionary,1.145,0.9,$0.71,80.165,41.35,43.56,46.56,61.77,4.0,0.66,0.82,"18,400,217",100140.35,2.297800194E7,2.177082463E7,59.13,-15.78,-0.05,4.28,65.59,41.03,65.59,-41.03,23.0,"65,737 M"
05/21/2026,1630,NLR,129.95,+1.65%,,.8148,7.49,<empty>,168.1199,86.3,138.75,137.79,136.63,2.0,-0.12,0.12,"507,118",-200239.08,450897.62,458098.51,83.45,-1.44,-9.84,1.9,154.57,126.37,154.57,-124.02,NaN,"4,739 M"
05/21/2026,1630,NNN,44.98,-0.71%,Real Estate,.8054,0.44,$3.46,46.03,38.9,44.23,43.85,42.42,4.0,0.55,0.7,"2,134,772",200124.04,1715333.78,1630786.45,5.59,5.79,1.06,1.47,46.57,42.37,-42.37,-43.15,51.0,"8,557 M"
05/21/2026,1630,NOAH,10.48,+2.34%,Financials,.8099,0.22,$1.73,12.84,9.31,10.54,10.53,11.15,1.0,0.53,0.44,"69,613",100260.39,113732.25,116885.97,110.71,-8.79,-3.14,1.95,12.6,10.39,-10.39,11.11,3.0,687 M
05/21/2026,1630,NORW,39.34,+0.23%,,.7266,0.46,<empty>,39.39,27.84,38.46,37.84,32.46,4.0,0.49,0.62,"22,195",-100100.19,173107.42,174053.81,-70.12,10.07,4.16,0.9,39.12,35.56,-35.56,-38.1,NaN,160 M
05/21/2026,1630,NOW,99.69,-3.49%,Information Technology,.8441,5.36,$4.46,211.47798,81.24,92.93,98.33,143.16,-1.0,1.0,-0.7,"26,295,796",-100867.03,2.465533058E7,2.361598338E7,14.77,-10.15,6.52,-3.61,127.52,81.29,-81.29,111.02,41.0,"102,811 M"
05/21/2026,1630,NSA,42.78,+0.52%,Real Estate,1.087,0.86,$3.59,44.015,27.43,42.52,40.64,33.45,2.0,0.37,0.27,"546,639",-100336.47,1723017.56,1700977.95,-28.01,13.11,-1.27,3.06,44.22,30.49,44.22,-41.02,49.0,"3,303 M"
05/21/2026,1630,NSC,311.44,-0.13%,Industrials,1.279,3.0,$7.20,323.37,236.37,314.81,301.06,293.51,-2.0,-0.7,-0.42,"783,015",100128.4,1237036.3,1309777.83,-15.09,9.3,-0.62,-2.7,323.19,278.43,323.19,-309.07,46.0,"69,948 M"
05/21/2026,1630,NSP,30.86,-2.37%,Industrials,.5862,1.43,$1.76,67.815,18.57,31.64,28.67,38.29,5.0,-0.74,0.57,"383,418",-100190.44,974976.82,1019194.27,-81.17,17.2,-5.6,-1.88,38.16,19.5,38.16,-28.11,47.0,"1,178 M"
05/21/2026,1630,NSSC,36.69,-0.08%,Information Technology,1.37,2.13,$1.58,48.12,26.44,40.84,41.75,41.1,4.0,0.0,0.22,"535,265",200150.5,576311.91,586449.23,83.59,-14.01,-11.76,1.69,47.59,36.03,47.59,-35.02,63.0,"1,311 M"
05/21/2026,1630,NTLA,12.37,+0.90%,Health Care,1.952,0.77,($3.24),28.25,6.83,13.33,13.56,13.22,1.0,-0.55,0.14,"4,432,229",200389.17,5790081.28,5528665.05,-23.6,-5.64,-9.77,-2.52,17.2,12.37,17.2,16.08,52.0,"1,728 M"
05/21/2026,1630,NTR,70.24,+0.19%,Materials,.6713,2.39,$4.56,85.3599,53.03,72.32,74.1,64.87,-2.0,-0.02,-0.41,"2,422,524",-100045.38,3545377.02,3653455.64,27.03,-3.6,2.72,-1.93,85.48,68.09,-68.09,-68.09,51.0,"33,717 M"
05/21/2026,1630,NUE,226.44,+0.34%,Materials,1.839,3.47,$2.32,235.45,106.211,226.44,197.04,166.78,1.0,-0.67,0.01,"998,249",100237.18,1459918.7,1495397.77,-18.7,40.98,-0.11,-0.02,235.06,155.44,235.06,235.06,44.0,"51,570 M"
05/21/2026,1630,NVDA,219.51,-1.77%,Information Technology,2.279,10.31,$3.44,236.54,129.16,214.39,196.16,186.85,-5.0,-0.89,-0.32,"202,390,780",-100252.59,1.6137446172E8,1.7142617987E8,57.32,24.98,3.79,-1.26,228.06,164.37,237.05,237.05,65.0,"5,316,647 M"
05/21/2026,1630,NVO,44.39,-1.51%,Health Care,.7966,0.95,$1.08,81.44,35.12,44.29,40.42,49.07,-11.0,-0.76,-0.63,"11,599,235",0.0,1.681200794E7,2.013847023E7,-55.82,20.56,-3.08,0.25,48.08,35.37,48.08,48.08,51.0,"196,728 M"
05/21/2026,1630,NXPI,299.38,-3.47%,Information Technology,1.703,5.94,$10.12,311.04,183.0,287.04,236.24,225.66,-1.0,-0.83,-0.17,"3,491,629",-100048.1,3431316.06,3239294.6,23.37,54.81,3.16,2.64,307.08,185.37,-185.37,-228.17,44.0,"75,585 M"
05/21/2026,1630,NYT,74.26,-0.09%,Communication Services,.983,2.52,$3.33,87.1,51.03,77.87,80.23,68.73,1.0,0.0,0.3,"1,326,278",100131.12,2111588.8,2193947.4,-55.4,-10.19,-7.38,-3.16,87.32,74.61,87.32,87.11,51.0,"12,020 M"
05/21/2026,1630,O,62.23,-0.02%,Real Estate,.747,0.79,$4.45,67.935,54.64,62.67,62.77,60.45,4.0,0.24,0.55,"3,805,761",-100321.11,5645437.04,5905071.22,-18.3,2.27,0.71,0.84,68.58,60.4,-60.4,-61.04,49.0,"58,029 M"
05/21/2026,1630,OC,116.06,+2.32%,Industrials,1.313,4.38,$10.00,159.42,97.53,119.58,114.63,124.23,2.0,0.44,0.29,"1,159,849",-100349.44,1282685.66,1412755.92,13.6,8.99,-4.72,3.44,134.62,99.43,-99.43,-106.02,51.0,"9,346 M"
05/21/2026,1630,OIH,445.13,-1.31%,,.8839,10.26,<empty>,459.28,210.7,440.06,416.57,326.86,-1.0,-0.54,-0.57,"288,100",-100146.57,453268.06,484556.8,2.27,11.6,6.57,-1.94,451.16,366.52,-366.52,-412.1,NaN,"2,515 M"
05/21/2026,1630,OKE,92.62,+0.51%,Energy,.773,3.03,$3.56,96.0661,64.02,89.83,88.5,78.04,-2.0,0.58,-0.86,"2,843,689",-100038.44,4661416.24,4856217.39,-20.64,3.0,7.86,-1.22,95.38,80.6,-80.6,-84.1,49.0,"58,354 M"
05/21/2026,1630,OKLO,65.09,+4.01%,Utilities,2.462,6.63,($0.99),193.84,35.85,68.89,61.43,86.06,2.0,-0.68,0.17,"10,317,155",101312.12,1.266923974E7,1.147349046E7,-1.84,15.69,-9.38,11.15,82.19,45.37,82.19,-54.02,54.0,"11,325 M"
05/21/2026,1630,OKTA,89.44,+0.45%,Information Technology,.7288,4.09,$4.91,127.5219,62.66,80.26,77.49,84.98,5.0,1.0,0.94,"2,812,106",-200863.3,3484387.15,3743855.99,6.62,10.28,10.58,2.76,85.08,63.29,-63.29,-73.15,4.0,"15,683 M"
05/21/2026,1630,OLLI,83.07,+1.00%,Consumer Discretionary,.4932,2.99,$3.17,141.74,73.315,82.45,90.11,113.16,6.0,0.36,0.81,"2,702,990",100056.01,1570231.81,1488277.83,112.38,-12.05,1.59,2.09,112.49,73.06,-73.06,-73.06,8.0,"5,039 M"
05/21/2026,1630,OMF,53.75,-0.81%,Financials,1.183,1.16,$27.17,71.93,45.7811,55.44,54.94,59.27,6.0,0.37,0.43,"1,073,303",-100648.48,1376038.37,1396936.49,-40.74,2.07,-3.48,0.41,60.22,46.47,60.22,-52.06,42.0,"6,210 M"
05/21/2026,1630,ON,109.61,-0.54%,Information Technology,1.831,5.12,$2.92,119.1,40.62,105.03,82.67,61.72,-5.0,-0.82,-0.15,"6,800,301",100673.07,1.043803719E7,9752654.72,-29.89,83.02,8.95,0.16,116.06,55.52,119.05,119.05,49.0,"42,617 M"
05/21/2026,1630,ONEW,10.65,+4.41%,Consumer Discretionary,1.519,0.61,$4.09,17.92,8.12,10.73,10.07,12.92,1.0,-0.64,0.22,"113,404",300036.11,139066.85,140481.01,-57.91,17.55,-10.8,3.0,13.09,8.44,13.09,13.09,47.0,177 M
05/21/2026,1630,ONON,39.19,+3.54%,Consumer Discretionary,2.071,1.61,$1.19,61.2882,31.41,35.94,35.88,42.26,7.0,0.68,0.83,"8,109,122",100557.08,7205956.62,7120572.96,12.81,-1.68,9.93,2.86,49.62,31.38,-31.38,-32.07,54.0,"13,063 M"
05/21/2026,1630,ONTO,261.45,-0.63%,Information Technology,1.601,15.96,$4.85,316.0,89.4,281.85,251.71,178.48,2.0,-0.17,0.1,"795,900",-100072.03,974280.04,984239.77,23.8,24.62,-4.64,2.72,316.19,175.52,316.19,-238.02,52.0,"13,005 M"
05/21/2026,1630,ORCL,189.77,+0.86%,Information Technology,1.527,4.93,($8.70),345.72,134.57,183.22,166.55,208.3,1.0,-0.9,0.32,"12,070,632",-200357.28,2.611817233E7,2.751850275E7,-54.14,22.96,-2.48,1.69,200.1,135.29,201.05,201.05,13.0,"545,787 M"
05/21/2026,1630,ORLY,92.34,+0.13%,Consumer Discretionary,.5512,1.92,$2.26,108.715,86.77,92.75,92.12,96.91,4.0,0.41,0.36,"4,694,594",100427.16,5551883.41,5693399.97,-37.67,4.1,-2.37,0.65,101.14,87.43,101.14,-88.04,46.0,"76,524 M"
05/21/2026,1630,OSCR,22.14,-5.47%,Financials,2.144,2.11,$10.21,25.58,10.69,20.83,16.54,16.49,-3.0,-0.92,-0.45,"8,626,341",300981.04,7333214.85,7287654.8,58.38,81.33,6.09,-12.49,24.06,11.37,-11.37,26.03,53.0,"6,675 M"
05/21/2026,1630,OSK,127.12,+1.05%,Industrials,1.281,12.89,$12.88,180.49,96.03,139.58,144.37,141.29,4.0,0.02,0.29,"1,144,507",-300247.09,715363.8,720309.37,113.25,-12.25,-16.95,4.24,180.6,119.04,180.6,-117.02,48.0,"7,926 M"
05/21/2026,1630,OTLY,10.15,+1.50%,Consumer Staples,1.112,0.39,($0.98),18.84,9.4,10.73,10.95,13.05,8.0,0.26,0.3,"47,854",-100388.25,65813.06,63822.22,-29.67,2.73,-5.76,2.42,14.24,9.38,14.24,-10.02,41.0,317 M
05/21/2026,1630,OUT,33.33,+1.46%,Real Estate,1.482,0.79,$1.36,34.96,15.45,31.76,29.45,23.71,2.0,0.72,0.44,"1,594,232",-200130.05,1466884.8,1535981.4,5.84,21.64,1.58,4.29,35.09,25.37,35.09,35.09,50.0,"5,868 M"
05/21/2026,1630,OVX:CGI,73.54,+1.06%,,-2.613,2.28,<empty>,125.99,23.59,73.54,82.84,51.15,5.0,0.07,0.43,<empty>,NaN,NaN,NaN,NaN,-18.09,1.79,2.04,126.49,56.61,126.49,-69.05,NaN,0
05/21/2026,1630,OXLC,9.65,-2.53%,,.6501,0.17,($6.38),22.8,8.01,10.07,9.68,13.37,-1.0,-0.87,-0.5,"852,880",0.0,1212597.83,1426739.45,-19.82,10.79,-5.21,-2.72,11.14,8.46,11.14,-9.02,NaN,942 M
05/21/2026,1630,OXM,39.03,+2.82%,Consumer Discretionary,.9769,2.7,$0.76,56.39,30.5656,41.88,40.29,39.54,2.0,-0.16,0.08,"333,570",-100173.39,334965.86,318368.14,102.7,13.29,-13.96,0.93,48.21,31.44,48.21,47.1,13.0,582 M
05/21/2026,1630,OXY,58.83,-0.07%,Energy,.2061,2.42,$3.15,67.45,38.8,57.85,58.88,48.08,-2.0,0.23,-0.87,"13,993,286",-100146.37,1.60296944E7,1.676908444E7,0.96,-2.45,9.07,-1.46,67.36,50.59,67.36,-53.09,51.0,"58,514 M"
05/21/2026,1630,PAG,161.73,+1.73%,Consumer Discretionary,.8704,5.34,$9.05,189.51,140.12,166.05,157.12,165.22,1.0,-0.58,0.06,"248,145",100235.17,300137.25,298706.71,-35.83,11.12,-5.76,1.24,182.16,140.43,182.16,182.16,46.0,"10,634 M"
05/21/2026,1630,PALL,25.22,+0.84%,,-.1248,1.01,<empty>,39.48168,17.51628,26.63,27.06,27.07,1.0,-0.29,0.38,"492,748",0.0,1121619.08,1192281.31,-49.44,-2.58,-6.58,-1.37,33.6,24.39,-24.39,28.14,NaN,771 M
05/21/2026,1630,PAM,81.71,+2.86%,Utilities,.9031,1.55,($0.46),94.5,54.95,81.11,83.28,79.07,1.0,0.24,0.6,"229,133",-100245.36,257576.26,261692.22,-40.02,-2.32,-0.96,-1.28,90.36,69.56,90.36,84.02,51.0,"4,391 M"
05/21/2026,1630,PATH,10.57,-1.86%,Information Technology,.499,0.43,$0.65,19.84,9.2002,10.46,10.77,12.98,5.0,0.49,0.39,"37,122,767",200479.5,2.854866456E7,3.234659225E7,-2.92,-12.86,-3.29,-0.66,13.44,9.05,-9.05,11.02,4.0,"5,501 M"
05/21/2026,1630,PBD,21.33,+2.99%,,1.343,0.47,<empty>,22.34,11.5,21.13,19.53,17.03,1.0,-0.57,0.08,"27,403",-200140.19,60338.31,61507.58,-68.83,19.7,-0.65,1.57,22.08,17.52,22.08,22.08,NaN,223 M
05/21/2026,1630,PBH,48.23,+2.20%,Health Care,.3706,3.49,$5.09,87.12,42.62,52.5,56.18,61.88,4.0,0.03,0.41,"606,128",100133.05,642600.39,596569.26,-14.94,-23.18,-11.65,3.5,71.61,43.05,-43.05,-43.05,52.0,"2,285 M"
05/21/2026,1630,PBJ,48.4201,-0.50%,,.4992,0.55,<empty>,51.07,42.685,49.05,49.09,47.15,4.0,-0.03,0.45,"1,330",0.0,14779.23,16507.21,-86.49,1.79,-0.25,-0.24,51.58,47.43,-47.43,-48.03,NaN,92 M
05/21/2026,1630,PBR,20.03,+1.01%,Energy,.4305,0.68,$1.29,22.24,11.035,20.79,20.52,14.97,1.0,-0.07,0.22,"16,239,775",-100148.5,2.665153446E7,2.804430874E7,75.37,3.94,-1.67,-3.24,22.13,16.62,22.13,-20.06,52.0,"129,081 M"
05/21/2026,1630,PCAR,109.34,-2.06%,Industrials,.9884,1.95,$5.89,131.875,88.65,115.11,117.83,109.78,12.0,0.0,0.34,"3,370,402",-100732.18,2715537.75,2855360.34,25.16,-4.36,-4.13,-2.1,130.62,110.03,130.62,128.17,40.0,"57,544 M"
05/21/2026,1630,PD,7.05,-1.54%,Information Technology,.8127,0.25,$1.13,18.0,5.7,6.96,6.67,11.66,4.0,0.95,0.56,"1,625,435",-100607.28,2556211.58,2817957.35,-32.17,-0.56,-4.86,1.44,8.53,6.29,-6.29,8.1,4.0,540 M
05/21/2026,1630,PDD,97.79,-0.37%,Consumer Discretionary,1,2.1,$10.82,139.41,93.81,98.1,99.78,113.87,3.0,0.72,0.51,"5,826,257",100242.41,7210861.61,7046217.6,35.93,1.6,-3.66,2.97,108.24,94.04,-94.04,-94.04,3.0,"139,194 M"
05/21/2026,1630,PEB,14.86,-0.47%,Real Estate,1.49,0.28,$2.05,14.96,8.69,14.33,13.5,11.92,2.0,0.7,0.49,"1,656,144",-100346.17,2467454.33,2463391.79,-29.35,19.55,2.34,2.91,15.1,12.48,-12.48,-14.13,45.0,"1,685 M"
05/21/2026,1630,PECO,40.53,+1.35%,Real Estate,.4534,0.32,$1.65,40.71,32.84,39.87,38.71,36.27,2.0,0.53,0.55,"743,445",-200100.11,896334.38,872218.48,3.62,9.93,1.2,1.33,41.17,37.41,41.17,-39.13,42.0,"5,105 M"
05/21/2026,1630,PENN,16.70,+3.28%,Consumer Discretionary,1.412,0.43,($0.47),20.605,11.65,16.74,15.64,15.87,5.0,0.55,0.27,"2,999,116",201158.21,3738119.04,4194245.5,-34.05,15.65,-0.42,1.33,18.17,12.62,18.17,-16.06,42.0,"2,235 M"
05/21/2026,1630,PEP,148.85,-0.29%,Consumer Staples,.3806,2.89,$6.46,171.48,127.6,152.97,154.25,150.6,5.0,-0.11,0.31,"6,121,855",-100234.44,6223634.86,6309057.93,37.65,-1.35,-4.76,-0.14,170.58,147.03,170.58,160.14,37.0,"203,443 M"
05/21/2026,1630,PFE,25.95,+0.62%,Health Care,.3118,0.38,$1.67,28.745,22.81,26.12,26.83,25.79,3.0,0.07,0.46,"20,165,457",0.0,3.719209868E7,3.766044272E7,-31.22,-3.06,-2.0,2.45,29.34,25.03,29.34,-25.03,46.0,"147,901 M"
05/21/2026,1630,PFF,31.13,+0.06%,,.5307,0.24,<empty>,32.2645,29.86,31.4,31.03,31.31,1.0,-0.6,0.06,"4,075,259",100008.48,3343218.45,3383719.39,70.68,2.23,-1.24,-0.1,32.08,30.37,32.08,-31.02,NaN,"13,713 M"
05/21/2026,1630,PFG,103.92,+1.08%,Financials,.877,1.16,$16.45,104.03,75.0,100.81,94.74,88.08,2.0,0.86,0.56,"906,091",-200132.44,1416103.64,1542947.3,-18.72,20.07,3.89,1.48,103.11,85.43,-85.43,-98.15,44.0,"22,448 M"
05/21/2026,1630,PFIG,23.85,+0.12%,,.2225,0.11,<empty>,26.96,23.625,23.97,24.02,24.22,2.0,0.3,0.29,"15,082",-100000.04,25894.4,27325.3,190.27,-0.44,-0.71,0.34,24.58,24.03,24.58,-24.02,NaN,113 M
05/21/2026,1630,PFIX,50.15,-1.22%,,-.0366,1.49,<empty>,65.1521,41.45,48.22,46.79,47.69,-2.0,-0.99,-0.74,"312,343",-100143.27,680946.98,692692.27,-25.86,5.91,5.36,-2.51,50.38,41.58,-41.58,52.02,NaN,223 M
05/21/2026,1630,PG,143.40,+0.67%,Consumer Staples,.3939,1.87,$6.43,170.99,137.62,144.93,144.99,149.9,2.0,0.34,0.53,"6,295,979",-100029.44,9572169.74,9683605.51,-7.61,-0.41,-1.82,0.71,167.58,141.32,167.58,151.17,46.0,"333,921 M"
05/21/2026,1630,PGNY,24.69,-3.71%,Health Care,1.016,2.34,$2.18,28.75,16.1,21.23,18.98,21.81,-1.0,1.0,-0.79,"1,424,590",100133.1,1502552.48,1621455.96,-20.05,37.09,28.86,2.66,24.08,16.29,-16.29,-18.15,52.0,"1,934 M"
05/21/2026,1630,PGRO,47.7434,+0.27%,,1.165,0.64,<empty>,48.4,37.59,46.83,43.98,43.95,-5.0,-0.88,-0.15,"8,256",-100100.23,22102.64,20914.66,200.27,16.85,1.41,0.69,48.06,39.37,48.05,48.05,NaN,115 M
05/21/2026,1630,PINK,36.67,+0.30%,,.7249,0.66,<empty>,38.68,27.89,35.65,34.7,34.38,-5.0,0.64,-0.57,"35,742",-100033.2,97396.23,106429.29,-62.46,11.15,2.83,0.52,37.06,32.38,37.05,37.05,NaN,255 M
05/21/2026,1630,PINS,18.85,+0.21%,Communication Services,.9074,1.11,$1.82,39.93,13.84,20.12,19.3,26.09,1.0,-0.75,0.27,"15,963,753",-101055.13,1.775064413E7,1.887670322E7,0.22,-0.37,-12.53,-5.42,25.12,16.62,25.12,25.12,54.0,"10,559 M"
05/21/2026,1630,PJP,108.37,+0.80%,,.4683,1.1,<empty>,110.8099,78.25,105.97,104.34,101.07,2.0,0.55,0.62,"1,870",100020.22,26457.29,24581.29,-97.01,8.41,1.37,3.16,111.6,99.41,-99.41,108.05,NaN,337 M
05/21/2026,1630,PK,11.46,+0.61%,Real Estate,1.361,0.21,$1.87,12.39,9.84,11.17,10.92,11.03,4.0,0.61,0.54,"3,493,878",-200054.15,4069742.2,4122436.25,-56.63,9.77,2.41,3.34,12.14,10.32,12.14,-11.04,47.0,"2,308 M"
05/21/2026,1630,PKB,101.03,+0.12%,,1.279,3.26,<empty>,111.2354,75.5301,105.36,102.4,98.1,2.0,-0.3,0.21,"13,304",0.0,16393.71,19568.28,24.64,4.39,-5.09,0.18,111.6,93.43,-93.43,-98.02,NaN,424 M
05/21/2026,1630,PLAY,11.56,+3.68%,Consumer Discretionary,1.742,0.46,($2.90),35.53,9.61,10.87,11.91,16.88,7.0,0.39,0.63,"1,493,017",300184.22,1882669.86,1706187.75,-9.53,-2.12,10.41,11.15,16.59,10.38,-10.38,-10.03,12.0,402 M
05/21/2026,1630,PLD,144.63,-0.03%,Real Estate,1.362,1.67,$5.53,145.44,103.02,142.06,137.83,127.63,4.0,0.67,0.49,"2,789,604",0.0,3393791.5,3435398.19,-1.85,10.99,1.64,1.63,145.24,127.43,145.24,145.08,36.0,"134,844 M"
05/21/2026,1630,PLNT,50.48,+0.48%,Consumer Discretionary,1.038,6.23,$3.23,114.47,37.03,56.87,66.75,91.52,8.0,0.12,0.73,"2,754,429",100864.1,2371707.57,2410077.82,79.85,-32.65,14.7,-6.74,91.62,37.1,-37.1,-37.1,51.0,"3,994 M"
05/21/2026,1630,PLTR,137.415,+0.19%,Information Technology,1.451,3.38,$1.13,207.52,118.93,137.74,142.98,162.85,6.0,0.59,0.48,"24,215,307",-300356.13,4.516168479E7,4.724950705E7,-27.11,-14.56,0.27,1.68,162.41,123.29,-123.29,-129.06,49.0,"329,427 M"
05/21/2026,1630,PM,188.46,-0.09%,Consumer Staples,.4336,9.16,$6.85,193.05,142.11,176.75,168.48,165.35,-5.0,-0.99,-0.71,"3,643,964",-200337.36,4915315.61,5018964.0,-13.59,15.45,10.14,-1.59,191.6,152.35,-152.35,193.02,41.0,"293,726 M"
05/21/2026,1630,PNC,218.37,+0.71%,Financials,.9081,3.42,$16.37,243.94,169.32,217.54,214.55,206.55,6.0,0.4,0.47,"1,608,807",-100039.44,2181052.88,2292112.32,56.35,7.08,-0.42,2.18,234.62,198.44,-198.44,-210.06,36.0,"87,690 M"
05/21/2026,1630,PNDRY,10.80,+1.69%,Consumer Discretionary,1.644,0.39,$11.65,23.7625,8.25,10.07,9.55,13.11,4.0,1.0,0.61,"46,950",100000.48,141526.78,171028.91,56.32,15.88,2.07,4.65,11.11,8.45,11.11,11.11,NaN,"6,463 M"
05/21/2026,1630,POET,14.82,+0.27%,Information Technology,.5439,3.31,($0.36),20.81,3.87,11.71,8.84,6.83,-5.0,-0.9,-0.42,"50,622,370",301998.06,4.03989117E7,3.337165121E7,95.26,144.55,54.7,4.29,16.19,5.37,21.05,21.05,55.0,"2,266 M"
05/21/2026,1630,POOL,181.69,-0.08%,Consumer Discretionary,1.117,7.21,$8.48,345.0,172.68,193.91,204.45,253.83,6.0,0.1,0.52,"705,383",-100543.13,824259.57,835105.29,51.04,-11.48,-4.59,0.17,249.2,173.03,249.2,-173.03,42.0,"6,621 M"
05/21/2026,1630,PPLT,17.85,+0.79%,,-.0266,0.68,<empty>,26.162,9.55,18.17,18.23,16.81,1.0,-0.27,0.49,"1,129,786",0.0,3285211.59,3568036.25,-39.04,4.93,-3.11,0.06,22.58,16.39,-16.39,20.06,NaN,243 M
05/21/2026,1630,PR,20.43,-2.20%,Energy,.5443,0.81,$0.46,22.675,11.92,20.92,20.59,15.95,-1.0,-0.12,-0.49,"8,706,448",-100243.11,1.338097599E7,1.353206983E7,-62.6,2.56,1.74,-2.34,23.12,17.59,23.12,-20.1,51.0,"17,106 M"
05/21/2026,1630,PRAA,14.62,+0.55%,Financials,1.079,2.82,($0.34),22.55,10.25,18.63,18.63,16.28,5.0,-0.04,0.17,"414,011",-200189.06,440920.51,527597.32,-9.74,-20.46,-29.98,-1.62,23.14,10.62,23.14,23.14,54.0,558 M
05/21/2026,1630,PRGO,11.35,+1.70%,Health Care,.5067,0.47,$0.81,28.435,9.225,11.35,10.86,15.73,3.0,0.83,0.49,"2,240,361",-100196.33,3006847.68,3323136.01,29.61,18.6,-3.16,6.27,15.62,9.43,-9.43,-11.04,48.0,"1,570 M"
05/21/2026,1630,PRMB,23.09,+2.35%,Consumer Staples,.5153,1.31,$0.72,33.29,14.36,21.7,20.36,20.23,-7.0,-0.91,-0.57,"2,322,297",0.0,4313399.86,4888420.21,-32.55,22.88,3.82,-1.74,24.09,18.39,24.09,24.09,56.0,"8,379 M"
05/21/2026,1630,PRVA,22.64,-2.33%,Health Care,.9414,0.56,$1.12,26.51,18.77,23.72,22.73,23.2,-1.0,-0.46,-0.2,"671,688",100438.11,926010.13,957755.06,-62.87,5.2,-5.63,-4.43,25.14,20.38,25.14,-21.1,52.0,"2,853 M"
05/21/2026,1630,PSA,304.99,+0.70%,Real Estate,.9765,6.26,$18.46,313.51,256.54,302.8,293.34,286.89,2.0,0.62,0.45,"605,212",-100130.48,1121018.8,1118972.46,3.96,12.41,-1.4,2.98,314.22,263.4,314.22,-289.02,46.0,"53,540 M"
05/21/2026,1630,PSCE,62.6249,-1.44%,,.7785,1.26,<empty>,65.02,36.01,62.35,60.7,49.01,-1.0,-0.42,-0.63,"35,382",-100133.15,52681.49,50755.18,-72.4,4.91,3.79,-1.78,64.12,54.59,-54.59,-59.1,NaN,126 M
05/21/2026,1630,PSCI,166.0929,+0.22%,,1.152,3.93,<empty>,178.02,123.83,169.64,163.59,156.5,2.0,-0.47,0.23,"1,230",-300122.05,3921.9,5140.49,8.4,8.12,-4.39,0.49,176.1,149.43,176.1,-162.02,NaN,171 M
05/21/2026,1630,PSCU,63.7202,+0.09%,,.7489,1.04,<empty>,66.85,53.4318,64.76,62.93,59.13,4.0,-0.14,0.24,542,-100200.44,9011.43,7284.48,-97.75,7.66,-1.61,0.09,67.14,58.62,67.14,-63.06,NaN,17 M
05/21/2026,1630,PSP,60.81,+1.32%,,1.269,0.96,<empty>,72.97,54.18,60.61,58.98,65.26,2.0,0.68,0.32,"17,639",200321.02,52938.54,64925.91,-53.63,9.06,-0.69,1.82,63.24,54.38,63.24,62.11,NaN,258 M
05/21/2026,1630,PSX,174.05,-2.95%,Energy,.6974,4.01,$0.29,190.61,109.75,173.86,172.12,146.59,-2.0,-0.54,-0.67,"2,718,196",-200240.36,3135364.98,3159510.75,11.78,-1.53,3.41,-3.2,191.37,149.59,191.37,-165.17,43.0,"69,783 M"
05/21/2026,1630,PTLO,4.10,+5.13%,Consumer Discretionary,1.591,0.47,($0.14),12.435,3.81,4.86,5.32,5.62,8.0,0.03,0.47,"2,573,080",-300057.11,1742723.45,1702849.26,82.15,-24.07,-5.96,4.33,7.21,4.03,7.21,7.14,50.0,297 M
05/21/2026,1630,PVH,86.71,+2.42%,Consumer Discretionary,1.21,4.11,$11.19,100.15,59.6,86.89,81.28,76.76,5.0,0.23,0.28,"892,064",300238.32,1177974.53,1109224.6,42.24,30.76,-2.16,7.94,100.21,60.49,100.21,-78.02,8.0,"3,995 M"
05/21/2026,1630,PYPL,44.30,-0.17%,Financials,1.431,1.57,$5.85,79.5,38.46,46.91,46.63,57.36,8.0,-0.62,0.45,"10,916,956",0.0,1.53078112E7,1.837717074E7,24.54,-2.62,-4.15,-0.19,52.22,41.62,52.22,52.16,45.0,"39,077 M"
05/21/2026,1630,PZZA,32.75,+1.27%,Consumer Discretionary,1.13,0.98,$0.80,55.74,29.5501,34.19,34.75,40.2,1.0,-0.4,0.35,"907,643",-100567.5,1129325.99,1329135.59,62.83,-3.76,-0.3,-0.73,40.5,30.52,40.5,-31.08,52.0,"1,078 M"
05/21/2026,1630,QAT,18.6046,+0.05%,,.3821,0.25,<empty>,20.64,17.712,18.86,18.82,19.3,2.0,-0.36,0.34,"3,246",500000.09,42349.31,39586.01,25.59,-0.4,-2.85,0.13,20.61,18.37,-18.37,-18.02,NaN,82 M
05/21/2026,1630,QBTS,25.74,+33.37%,Information Technology,2.544,1.99,($0.30),46.75,12.75,20.89,18.35,22.92,1.0,0.83,0.42,"116,181,835",101910.01,2.919431293E7,2.822465581E7,470.52,57.82,17.05,35.05,25.08,13.37,-13.37,-17.16,52.0,"9,535 M"
05/21/2026,1630,QCOM,213.41,+5.38%,Information Technology,1.453,15.49,$11.61,247.9,121.99,190.43,154.42,160.09,1.0,0.82,0.16,"28,094,167",400281.09,1.991065018E7,1.767187098E7,33.08,66.27,5.36,4.8,248.08,122.32,248.08,248.08,46.0,"224,934 M"
05/21/2026,1630,QMOM,77.23,+0.64%,,1.049,1.59,<empty>,80.56,60.24,77.32,73.5,68.07,1.0,-0.64,0.1,"17,002",300121.12,24043.55,24038.69,27.91,13.84,-0.25,1.5,81.1,64.37,81.1,81.1,NaN,449 M
05/21/2026,1630,QQQ,714.51,+0.19%,,1.223,12.99,<empty>,722.03,505.58,692.23,639.7,613.91,-8.0,-0.88,-0.22,"36,155,994",100128.57,5.052344837E7,5.58685596E7,-7.7,21.52,2.82,1.22,717.06,556.37,722.05,722.05,NaN,"477,150 M"
05/21/2026,1630,QS,8.38,+9.26%,Consumer Discretionary,2.563,0.5,($0.48),19.0699,3.8,7.63,7.07,10.12,1.0,0.91,0.66,"30,407,495",-300102.07,1.927977709E7,1.783594817E7,91.63,18.87,14.01,10.7,10.2,6.34,10.2,9.06,41.0,"5,155 M"
05/21/2026,1630,QSR,76.25,-0.37%,Consumer Discretionary,.5249,1.82,$4.45,81.96,61.33,78.23,76.8,69.99,3.0,-0.13,0.16,"2,707,624",-200525.12,3617472.63,3601775.58,-28.14,1.65,-3.65,0.74,82.11,67.62,82.11,82.11,52.0,"26,458 M"
05/21/2026,1630,QTUM,149.33,+2.67%,,1.31,3.63,<empty>,149.74,83.2428,140.21,125.1,112.84,2.0,0.86,0.25,"1,238,955",100235.01,439095.33,415170.11,161.22,34.96,5.81,5.18,148.08,101.37,-101.37,-128.17,NaN,"4,988 M"
05/21/2026,1630,QUBT,11.41,+19.35%,Information Technology,2.503,0.86,($0.23),25.84,6.18,9.85,8.54,12.25,1.0,0.88,0.37,"56,146,173",101008.01,1.770490838E7,1.649042384E7,448.3,55.45,18.48,17.45,14.07,6.37,14.07,14.07,54.0,"2,573 M"
05/21/2026,1630,R,238.45,+1.56%,Industrials,.9942,5.0,$23.44,259.0,143.335,238.91,220.81,196.63,6.0,0.43,0.38,"307,629",200435.21,398696.67,391833.16,-13.46,20.11,-1.39,2.98,259.14,186.48,259.14,-225.07,42.0,"9,226 M"
05/21/2026,1630,RBLX,46.14,+0.76%,Communication Services,1.503,1.95,$2.18,150.59,40.15,47.16,53.24,89.05,9.0,0.61,0.64,"8,985,675",100671.15,1.10756219E7,1.084836476E7,-83.17,-18.82,3.04,-1.79,72.59,40.06,-40.06,-40.06,47.0,"33,035 M"
05/21/2026,1630,RCL,260.32,+2.53%,Consumer Discretionary,1.765,10.49,$5.05,366.5,232.1,262.8,269.43,294.48,2.0,0.24,0.46,"3,387,453",100554.02,2667659.95,2734094.35,30.3,-6.68,-7.32,3.06,321.62,250.16,321.62,289.1,45.0,"69,817 M"
05/21/2026,1630,RDNT,54.44,+0.42%,Health Care,1.417,2.25,$1.34,85.84,50.76,56.05,57.51,69.4,4.0,0.42,0.48,"537,834",100348.08,859325.9,881923.12,-12.22,-11.82,-5.32,0.5,75.57,52.04,-52.04,-52.04,52.0,"4,281 M"
05/21/2026,1630,REAL,9.27,-1.80%,Consumer Discretionary,2.566,1.52,$0.12,17.3922,4.7,10.83,10.3,11.65,4.0,-0.35,0.24,"2,885,757",-200085.1,3521347.58,3765246.98,60.62,-0.64,-25.24,-2.01,14.58,8.37,-8.37,13.12,54.0,"1,117 M"
05/21/2026,1630,REG,78.34,+0.77%,Real Estate,.8497,0.82,$4.42,81.66,66.855,78.21,77.67,73.29,4.0,0.21,0.48,"1,290,137",-200022.16,1437309.99,1399181.97,-29.97,4.94,0.62,1.31,82.23,74.4,82.23,-76.04,46.0,"14,344 M"
05/21/2026,1630,REGN,642.59,-1.10%,Health Care,.2931,34.47,$36.48,821.11,476.4869,699.93,731.64,692.94,2.0,0.0,0.21,"1,178,513",100235.04,784296.79,751359.31,61.62,-12.75,-9.38,2.05,795.56,611.03,795.56,-611.03,47.0,"67,369 M"
05/21/2026,1630,REXR,36.06,+0.08%,Real Estate,1.241,0.47,$0.88,44.38,32.14,35.64,34.94,38.93,2.0,0.77,0.33,"1,215,989",-200330.2,2398551.48,2454001.07,6.56,4.22,-0.08,2.24,38.59,32.36,-32.36,-35.04,37.0,"8,139 M"
05/21/2026,1630,REZ,91.63,-0.34%,,.8861,0.83,<empty>,92.35,80.45,90.45,87.71,85.29,3.0,-0.85,0.52,"35,941",0.0,40730.95,43350.91,6.04,10.21,0.88,1.33,92.06,82.37,92.05,92.05,NaN,861 M
05/21/2026,1630,RGTI,22.04,+30.57%,Information Technology,3.127,1.56,($0.25),58.1501,10.3,18.04,16.71,23.06,1.0,0.92,0.5,"144,263,645",101908.01,3.093592422E7,3.047047378E7,768.98,38.79,20.17,32.61,21.07,13.37,-13.37,-15.16,56.0,"7,326 M"
05/21/2026,1630,RH,139.08,+4.45%,Consumer Discretionary,1.926,5.35,$13.29,257.0,106.3037,130.05,129.96,177.33,2.0,0.51,0.68,"1,036,681",200274.36,1282798.04,1284094.42,26.58,6.84,4.06,15.21,209.62,106.35,-106.35,-114.02,14.0,"2,629 M"
05/21/2026,1630,RHP,112.41,+1.28%,Real Estate,1.195,2.22,$10.57,112.5,83.82,107.14,100.17,96.27,4.0,0.86,0.5,"678,326",-200222.06,590681.53,595738.55,-36.23,22.34,1.8,3.6,113.1,90.43,113.1,113.1,49.0,"7,094 M"
05/21/2026,1630,RIOT,24.47,+3.38%,Information Technology,3.737,1.76,($3.27),25.8599,7.93,21.65,17.79,16.46,1.0,-0.87,0.38,"13,520,367",100691.12,1.821702807E7,1.819583795E7,-58.91,70.29,1.49,5.57,26.08,12.37,26.08,26.08,47.0,"9,253 M"
05/21/2026,1630,RIVN,14.15,+3.06%,Consumer Discretionary,1.737,0.46,($2.50),22.69,11.57,14.68,15.32,15.36,2.0,0.22,0.52,"24,942,120",-100370.45,2.835279433E7,2.771975272E7,-53.32,-10.27,-0.21,5.99,18.21,13.03,18.21,-13.02,50.0,"19,002 M"
05/21/2026,1630,ROBO,85.24,+1.40%,,1.392,1.84,<empty>,87.4999,54.78,83.46,76.87,71.17,1.0,-0.8,0.25,"221,369",200027.03,174259.25,187829.02,228.9,21.34,1.71,1.19,87.06,65.37,87.06,87.06,NaN,"1,905 M"
05/21/2026,1630,ROK,440.25,+0.92%,Industrials,1.517,15.83,$11.92,463.485,298.7,431.56,399.02,382.33,-8.0,-0.78,-0.19,"521,346",-100435.13,809759.13,878720.84,-21.72,23.03,-1.85,0.89,463.11,348.37,463.11,463.11,52.0,"48,988 M"
05/21/2026,1630,ROKU,125.08,+0.74%,Communication Services,1.97,2.17,$3.65,131.39,67.6679,122.72,109.42,101.35,1.0,-0.78,0.24,"1,089,175",-100252.15,2561801.18,2774857.05,-86.56,27.88,-1.26,0.75,131.08,83.62,131.08,131.08,47.0,"18,474 M"
05/21/2026,1630,ROST,217.19,-0.28%,Consumer Discretionary,.8598,6.25,$6.85,231.16,124.49,221.06,219.06,183.05,5.0,0.05,0.33,"3,775,477",-300538.09,2501483.31,2654588.71,133.14,1.92,-3.25,2.89,231.1,194.56,231.1,-208.02,0.0,"69,967 M"
05/21/2026,1630,RRC,41.14,-2.23%,Energy,.544,0.88,$3.42,48.31,32.6,42.06,43.03,38.21,-2.0,-0.24,-0.65,"2,078,377",100042.22,3331349.51,3425999.35,6.07,-7.96,0.69,-2.88,48.38,38.61,48.38,-40.1,45.0,"9,693 M"
05/21/2026,1630,RRR,53.37,+1.75%,Consumer Discretionary,1.354,0.95,$4.17,67.99,43.28,53.09,55.18,58.28,4.0,0.24,0.55,"594,307",-200040.16,936020.61,930406.83,-46.66,-8.11,-0.69,2.4,64.62,51.03,64.62,57.16,45.0,"3,120 M"
05/21/2026,1630,RSI,27.40,-0.90%,Consumer Discretionary,1.635,0.55,$1.21,29.24,11.5,27.2,23.95,20.33,-2.0,-0.7,-0.09,"1,416,280",100654.12,1876854.38,1852719.83,-32.91,25.98,-1.79,-0.98,29.12,18.62,29.12,29.12,46.0,"2,821 M"
05/21/2026,1630,RSP,204.71,+0.43%,,.9268,1.04,<empty>,205.53,173.0,202.88,198.56,193.92,2.0,0.81,0.43,"11,501,322",100119.57,1.110566198E7,1.346025254E7,-16.73,6.79,0.57,0.94,206.1,187.37,206.1,206.1,NaN,"87,100 M"
05/21/2026,1630,RSPG,107.16,-1.31%,,.5404,2.84,<empty>,114.01,71.2088,106.31,105.54,88.41,-2.0,-0.4,-0.81,"98,354",100026.56,134700.51,163315.38,-25.74,0.23,5.29,-2.04,114.37,96.24,-96.24,-100.1,NaN,614 M
05/21/2026,1630,RSPU,79.64,+0.99%,,.6184,1.09,<empty>,84.5195,69.73,79.85,80.84,77.95,4.0,0.07,0.48,"26,657",-100012.15,59324.66,54639.5,-88.11,0.71,0.58,2.47,85.58,77.03,85.58,-77.03,NaN,547 M
05/21/2026,1630,RTO,31.56,-1.22%,Industrials,1.017,0.88,$0.28,34.665,22.72,32.96,32.73,29.3,2.0,-0.04,0.14,"768,655",-100249.5,1156521.58,1276368.28,29.05,0.64,-6.21,-2.02,35.27,28.55,35.27,34.11,47.0,"15,883 M"
05/21/2026,1630,RUT,2843.4527,+0.93%,,1.2,38.13,<empty>,2888.6179,2011.199,2815.44,2676.45,2539.64,2.0,0.7,0.13,<empty>,NaN,NaN,NaN,NaN,14.0,0.13,2.46,2889.11,2405.37,2889.11,-2723.02,NaN,0
05/21/2026,1630,RVLV,19.08,+2.31%,Consumer Discretionary,1.661,1.78,$0.69,31.68,17.35,21.52,22.97,24.23,6.0,0.04,0.49,"1,001,970",-200457.07,1074158.36,1213908.21,-5.42,-13.98,-5.73,3.41,28.24,17.06,-17.06,-17.06,50.0,"1,365 M"
05/21/2026,1630,RVX,24.14,-1.03%,,-4.2,0.86,<empty>,35.28,18.0,23.79,26.79,24.08,-2.0,0.31,-0.89,<empty>,NaN,NaN,NaN,NaN,-24.63,6.02,-1.99,35.38,22.11,-22.11,26.03,NaN,0
05/21/2026,1630,S,18.11,+0.78%,Information Technology,.7171,0.88,$0.16,21.4,11.81,15.97,14.55,15.59,5.0,1.0,0.98,"6,597,566",-100153.44,7913075.49,7986933.81,18.4,25.94,13.76,3.25,17.08,12.29,-12.29,-14.15,4.0,"6,184 M"
05/21/2026,1630,SBAC,208.07,+0.16%,Real Estate,.9975,6.68,$0.08,243.16,162.41,213.22,202.95,197.66,4.0,-0.38,0.15,"441,747",400739.32,1187753.15,1185099.89,-27.96,20.98,-4.83,2.33,224.23,162.4,224.23,-197.04,49.0,"22,069 M"
05/21/2026,1630,SBUX,104.13,-2.23%,Consumer Discretionary,1.015,0.9,$2.40,108.88,77.99,104.56,99.0,91.04,-14.0,-0.82,-0.44,"8,338,907",100335.17,7655258.43,7702129.95,31.07,10.98,-0.12,-2.32,108.06,86.38,109.05,109.05,45.0,"118,677 M"
05/21/2026,1630,SCJ,104.09,-0.21%,,.5093,1.84,<empty>,107.3199,81.05,102.69,100.42,95.63,-5.0,-0.62,-0.58,"48,851",-200021.43,69623.3,86810.71,18.28,8.77,0.6,-0.57,107.58,94.43,-94.43,107.05,NaN,239 M
05/21/2026,1630,SE,88.96,+2.78%,Consumer Discretionary,1.674,3.07,$7.77,199.3,77.05,87.42,85.47,131.08,1.0,0.94,0.39,"3,105,526",200153.08,4182985.5,5168959.3,16.96,11.49,0.36,0.76,116.62,77.56,-77.56,100.06,54.0,"54,487 M"
05/21/2026,1630,SFD,26.16,+0.31%,Consumer Staples,.4126,0.5,$2.03,29.805,21.08,26.27,26.62,24.12,14.0,0.1,0.48,"995,889",-100636.18,1829891.46,1621474.84,-13.08,11.41,0.31,1.87,30.29,23.44,30.29,-25.06,45.0,"10,293 M"
05/21/2026,1630,SFM,85.39,-3.47%,Consumer Staples,.6549,3.77,$3.74,182.0,64.75,81.63,79.07,92.13,-2.0,-0.98,-0.51,"2,353,539",200048.03,2293782.34,2526840.16,-15.37,8.23,5.41,-3.39,92.06,67.62,-67.62,95.02,46.0,"8,030 M"
05/21/2026,1630,SG,8.98,-0.33%,Consumer Discretionary,2.023,0.94,($1.07),16.7,4.49,7.29,6.37,7.04,6.0,1.0,1.0,"4,999,817",300384.02,4551367.05,4620052.0,30.93,71.7,30.71,3.82,7.18,4.37,-4.37,-6.07,52.0,"1,067 M"
05/21/2026,1630,SHAK,62.83,-1.01%,Consumer Discretionary,1.6,13.43,$0.40,144.65,59.49,80.05,87.96,92.08,7.0,0.02,0.44,"1,982,682",-200750.09,1846028.94,1814062.64,28.0,-30.86,-9.26,5.26,107.59,59.03,107.59,-59.03,47.0,"2,535 M"
05/21/2026,1630,SHEL,86.93,+0.24%,Energy,.0818,1.87,$3.57,94.9,65.38,87.14,89.56,78.31,9.0,0.14,0.67,"5,879,868",-300132.18,8146127.39,7956516.27,-6.9,-4.17,3.19,-1.87,95.36,80.62,95.36,-84.09,47.0,"241,967 M"
05/21/2026,1630,SHO,10.71,+1.52%,Real Estate,.9865,0.23,$1.02,10.72,8.43,10.13,9.6,9.33,2.0,1.0,0.61,"3,532,632",200231.01,1762476.18,1756781.54,165.65,17.56,3.48,2.98,11.09,9.43,-9.43,-10.12,52.0,"1,995 M"
05/21/2026,1630,SHOC,106.06,-0.05%,,1.816,3.77,<empty>,109.365,44.75,101.26,87.65,72.49,-1.0,-0.8,-0.09,"11,000",-100100.04,17049.53,16978.64,-20.26,43.54,4.73,3.42,108.06,68.37,109.05,109.05,NaN,235 M
05/21/2026,1630,SHOO,41.35,+2.15%,Consumer Discretionary,1.141,1.24,$1.23,46.88,22.2615,38.66,36.69,36.8,2.0,0.68,0.67,"1,016,353",0.0,1094992.43,1240692.67,28.7,22.92,4.31,6.79,41.09,31.48,-31.48,-36.13,46.0,"3,022 M"
05/21/2026,1630,SHOP,104.86,-0.14%,Information Technology,2.613,7.64,$1.63,182.19,94.0,110.68,117.0,140.64,6.0,0.43,0.51,"6,943,918",-100760.13,1.016528145E7,1.036296811E7,-12.5,-13.41,-6.16,2.41,137.22,94.05,-94.05,-94.05,51.0,"136,072 M"
05/21/2026,1630,SHY,82.14,-0.01%,,.0486,0.07,<empty>,83.2,82.0,82.26,82.38,82.75,2.0,0.24,0.47,"5,047,171",-200003.37,4829874.16,4934693.11,68.27,-0.35,-0.11,0.05,83.58,82.04,83.58,-82.02,NaN,"24,954 M"
05/21/2026,1630,SHYG,42.43,+0.05%,,.2878,0.09,<empty>,43.39,41.825,42.45,42.37,42.81,2.0,0.54,0.3,"1,530,263",0.0,1519185.5,1590709.57,50.15,0.57,0.07,0.4,43.62,42.38,-42.38,-42.02,NaN,"7,570 M"
05/21/2026,1630,SIL,89.38,-0.22%,,.8203,5.81,<empty>,119.24,41.4,92.75,92.31,82.39,-6.0,-0.36,-0.48,"764,036",0.0,2133519.3,2379157.88,-74.46,8.04,-5.17,-1.36,119.57,78.43,-78.43,-86.02,NaN,"5,036 M"
05/21/2026,1630,SILJ,29.20,-0.51%,,.8841,2.08,<empty>,41.1,12.43,30.52,30.4,27.27,-6.0,-0.36,-0.47,"3,671,945",0.0,5518924.4,6025933.63,-5.87,6.26,-5.44,-1.28,40.58,26.43,-26.43,-28.02,NaN,"3,815 M"
05/21/2026,1630,SITM,711.79,+2.12%,Information Technology,2.905,98.5,$2.10,901.81,186.49,685.16,511.03,365.24,-8.0,-0.68,0.0,"668,617",100284.02,525685.13,496016.05,196.73,105.62,-10.73,-1.9,902.08,305.52,902.08,902.08,51.0,"18,789 M"
05/21/2026,1630,SIVR,72.96,+1.00%,,.4704,4.68,<empty>,115.26,31.1421,73.82,72.47,61.92,-6.0,-0.29,-0.56,"1,060,296",0.0,2260078.68,2521271.4,-23.2,11.2,-3.04,-0.75,90.58,63.39,-63.39,85.06,NaN,"5,330 M"
05/21/2026,1630,SJM,101.91,+1.42%,Consumer Staples,.2576,2.06,$9.11,119.39,88.25,99.03,97.59,103.85,-2.0,0.81,-0.77,"1,510,609",-100128.59,1954236.14,2218657.06,38.93,3.59,2.48,-1.67,119.59,88.28,-88.28,105.02,12.0,"10,869 M"
05/21/2026,1630,SKYY,129.77,+0.37%,,1.212,1.48,<empty>,143.74,103.76,125.8,117.67,124.89,-11.0,-0.89,-0.44,"104,808",-100133.08,294956.86,338203.8,-39.9,13.97,0.22,0.37,131.1,104.29,131.1,131.1,NaN,"2,693 M"
05/21/2026,1630,SLG,42.53,+2.58%,Real Estate,1.591,1.39,$0.83,66.91,34.77,43.11,40.53,47.4,1.0,-0.7,0.1,"563,302",-100561.44,1247199.25,1327081.9,-31.94,9.7,-6.07,-0.93,47.1,35.38,47.1,47.1,41.0,"3,025 M"
05/21/2026,1630,SLV,69.45,+1.05%,,.4733,4.45,<empty>,109.83,29.78,70.26,68.98,58.97,-6.0,-0.29,-0.56,"16,965,743",0.0,3.185571867E7,3.804874088E7,-16.17,11.17,-3.0,-0.7,85.58,60.39,-60.39,81.06,NaN,"37,093 M"
05/21/2026,1630,SLX,106.04,+0.82%,,1.234,2.15,<empty>,110.03,61.3668,105.27,98.47,86.17,1.0,-0.76,0.3,"32,299",-300029.05,44912.8,48516.34,-20.46,19.83,-0.41,0.29,110.06,85.43,110.06,110.06,NaN,186 M
05/21/2026,1630,SMCI,33.46,0.00%,Information Technology,1.668,2.19,($11.46),62.358,19.48,30.76,27.81,36.14,2.0,0.94,0.57,"27,958,260",201089.12,4.082932772E7,3.748175281E7,11.64,55.05,-0.48,8.46,36.08,19.42,36.08,36.08,50.0,"20,123 M"
05/21/2026,1630,SMH,567.88,+0.57%,,1.682,19.88,<empty>,581.1699,234.585,538.66,464.47,381.21,1.0,-0.81,0.14,"8,282,505",-100148.08,9525241.95,9711224.23,56.03,45.1,5.14,3.98,578.08,360.37,581.05,581.05,NaN,"64,989 M"
05/21/2026,1630,SMIN,66.40,+0.53%,,.4533,1.16,<empty>,78.535,57.7758,66.62,64.29,69.16,2.0,-0.68,0.12,"89,405",200122.43,182097.71,172157.91,-71.13,8.67,-2.82,1.98,69.1,58.37,69.1,-65.03,NaN,624 M
05/21/2026,1630,SMPL,11.60,+3.76%,Consumer Staples,.1639,0.6,$1.48,35.155,10.21,12.34,13.01,19.59,1.0,0.4,0.53,"4,578,926",-101069.3,3067461.1,2799479.36,92.56,-17.44,-6.75,-1.69,18.6,10.3,-10.3,14.16,23.0,"1,050 M"
05/21/2026,1630,SN,112.21,+4.72%,Consumer Discretionary,1.379,4.58,<empty>,133.99,80.69,111.09,109.69,109.86,2.0,0.35,0.44,"1,899,946",100050.05,2104430.55,2060618.91,54.57,6.7,-0.8,5.45,132.62,97.43,-97.43,121.12,56.0,"15,880 M"
05/21/2026,1630,SNAP,5.69,+1.25%,Communication Services,.5,0.26,$0.36,10.41,3.81,5.84,5.29,6.8,5.0,-0.75,0.42,"31,361,476",-100099.27,5.237453747E7,4.902909037E7,-11.55,26.16,-4.85,0.35,6.12,4.38,6.12,-5.05,50.0,"9,429 M"
05/21/2026,1630,SNDR,33.34,-0.77%,Industrials,1.14,1.51,$1.48,33.655,20.11,31.07,28.44,26.02,6.0,0.92,0.67,"796,211",201342.06,1117022.7,1079209.47,-53.62,36.42,8.78,3.0,33.14,23.44,-23.44,-29.07,47.0,"5,839 M"
05/21/2026,1630,SNOW,165.54,-0.86%,Information Technology,1.077,9.0,$3.31,280.67,118.3,150.4,153.15,202.91,-2.0,1.0,-0.97,"4,494,056",-200970.3,6925315.81,7099920.66,-51.94,-4.97,7.69,0.79,185.49,118.29,-118.29,177.02,3.0,"57,377 M"
05/21/2026,1630,SOFI,15.65,-0.25%,Financials,2.159,0.32,($5.31),32.73,12.745,16.26,16.8,23.36,2.0,0.6,0.5,"48,748,556",-300665.17,6.426907338E7,6.61290602E7,-38.52,-8.75,-2.19,-0.38,20.24,15.34,20.24,-15.02,45.0,"20,075 M"
05/21/2026,1630,SOLZ,8.81,+1.85%,,1.803,0.41,<empty>,27.12,7.683,8.83,8.78,14.4,1.0,-0.91,0.56,"1,428,126",200373.56,1385224.52,1882371.53,51.51,-4.76,-1.23,2.92,10.08,8.61,10.08,10.08,NaN,106 M
05/21/2026,1630,SOYB,25.01,-0.32%,,.0614,0.21,<empty>,25.47,21.06,24.95,24.59,23.06,-2.0,-0.59,-0.46,"131,303",100116.25,130929.16,124114.08,5.23,3.39,1.26,-0.64,25.06,23.62,25.06,25.06,NaN,70 M
05/21/2026,1630,SPDN,8.77,-0.23%,,-.982,0.09,<empty>,11.16,8.68,8.91,9.36,9.54,5.0,0.12,0.85,"76,998,151",-200224.37,7.666430969E7,7.353277452E7,104.38,-11.5,-1.24,-0.57,10.37,9.05,-9.05,-9.05,NaN,207 M
05/21/2026,1630,SPG,204.90,+0.39%,Real Estate,1.355,1.87,$9.91,208.28,155.44,202.23,196.37,187.14,3.0,0.64,0.44,"1,143,323",-200129.42,1526855.88,1525656.12,12.71,12.9,1.74,2.24,208.22,178.41,208.22,206.07,49.0,"66,447 M"
05/21/2026,1630,SPGI,415.73,-0.31%,Financials,1.089,7.93,$18.38,579.05,381.605,421.91,425.31,481.67,4.0,0.63,0.64,"2,062,475",0.0,1938640.46,2082226.26,94.91,-3.06,-3.02,-0.4,457.21,401.61,457.21,-401.06,47.0,"123,056 M"
05/21/2026,1630,SPHD,50.18,+0.38%,,.6237,0.26,<empty>,53.07,46.385,49.72,49.6,49.26,4.0,0.42,0.72,"1,088,272",0.0,797791.49,844823.26,70.01,2.68,0.74,1.03,53.62,48.43,-48.43,-49.04,NaN,"3,270 M"
05/21/2026,1630,SPHR,130.23,-3.10%,Communication Services,1.69,3.75,$9.26,149.0,35.58,135.64,126.56,89.86,-2.0,-0.21,-0.12,"476,841",-100364.44,817170.54,814338.49,-38.78,17.11,-4.75,-5.23,149.12,104.38,149.12,-124.07,52.0,"4,661 M"
05/21/2026,1630,SPLV,73.69,+0.18%,,.5688,0.43,<empty>,77.735,69.63,73.41,73.61,73.15,4.0,0.34,0.77,"2,833,603",100016.57,2664974.57,2991999.17,54.92,1.68,0.78,0.52,78.57,72.41,-72.41,-72.06,NaN,"7,222 M"
05/21/2026,1630,SPMO,144.69,+0.96%,,1.084,3.45,<empty>,147.87,101.8,139.37,127.24,121.3,-8.0,-0.83,-0.18,"1,885,267",-300221.04,1855681.88,1762009.72,-1.39,26.33,3.87,2.31,147.06,107.37,148.05,148.05,NaN,"18,868 M"
05/21/2026,1630,SPOT,489.93,+13.06%,Communication Services,1,17.18,$17.81,785.0,405.0,443.52,477.3,575.3,12.0,0.53,0.7,"7,300,352",101448.01,2033976.46,2176760.45,407.53,-0.5,14.62,10.09,571.52,411.11,-411.11,-411.11,45.0,"100,739 M"
05/21/2026,1630,SPX,7445.72,+0.17%,,1,74.88,<empty>,7517.12,5767.41,7320.86,6971.94,6802.02,-5.0,-0.89,-0.19,<empty>,NaN,NaN,NaN,NaN,13.14,1.48,0.58,7460.06,6317.37,7517.05,7517.05,NaN,0
05/21/2026,1630,SPY,742.72,+0.20%,,1,7.55,<empty>,749.53,575.6,730.0,695.08,678.29,-5.0,-0.9,-0.21,"43,211,279",100225.37,6.851945498E7,7.239505562E7,0.37,13.33,1.52,0.55,744.06,629.37,750.05,750.05,NaN,"771,561 M"
05/21/2026,1630,STKL,6.50,0.00%,Consumer Staples,1.021,0.01,$0.16,6.94,3.32,6.49,6.47,5.53,10.0,-0.52,0.46,<empty>,100038.59,1719189.32,2712623.84,328.3,0.62,0.46,0.15,7.43,5.62,7.43,7.12,4.0,769 M
05/21/2026,1630,STLD,231.84,+1.55%,Materials,1.449,4.55,$4.54,243.725,119.89,231.01,203.36,170.87,1.0,-0.65,0.09,"798,587",200444.23,1157640.51,1149113.14,-15.15,39.13,-0.46,1.43,244.11,162.44,244.11,-219.02,41.0,"33,434 M"
05/21/2026,1630,STZ,150.83,-0.23%,Consumer Staples,.4137,4.02,$10.23,186.3999,126.45,148.97,152.74,148.18,6.0,0.18,0.62,"1,628,859",200233.04,2025318.55,1965588.04,8.32,-1.07,0.39,2.2,169.28,139.06,-139.06,-139.06,27.0,"25,973 M"
05/21/2026,1630,SU,67.73,-0.15%,Energy,.3058,2.04,$4.31,70.29,34.67,66.74,64.91,50.12,-2.0,-0.43,-0.68,"3,610,529",-100240.57,4330183.86,4576478.22,0.85,7.18,6.26,-2.87,70.12,55.59,70.12,-63.1,50.0,"79,972 M"
05/21/2026,1630,SVV,8.04,+1.77%,Consumer Discretionary,.761,0.51,$0.38,13.89,6.905,7.96,7.99,10.04,4.0,0.46,0.45,"1,244,933",201272.02,1220777.91,1216398.97,63.09,3.21,-2.07,11.05,10.62,7.38,-7.38,-7.03,47.0,"1,238 M"
05/21/2026,1630,SWBI,15.31,+1.26%,Consumer Discretionary,.9741,0.35,$1.22,15.79,7.73,15.07,14.77,11.18,1.0,0.4,0.33,"366,787",100945.54,533829.51,573667.28,27.87,6.17,3.94,-1.42,16.13,11.62,16.13,-14.06,18.0,681 M
05/21/2026,1630,SWKS,73.54,-1.09%,Information Technology,1.457,2.87,$4.49,90.9,51.93,67.8,60.79,66.17,4.0,0.95,0.51,"5,188,474",-200547.08,3924788.39,3761749.95,23.68,34.96,13.07,4.53,73.12,52.37,-52.37,-61.17,50.0,"11,061 M"
05/21/2026,1630,SXT,113.09,-0.88%,Materials,.7809,1.84,$0.52,129.35,82.6,116.94,101.42,99.32,-17.0,-0.6,0.0,"449,863",300136.16,418546.62,388485.93,10.87,33.31,-4.04,-0.72,129.17,83.43,129.17,-109.15,43.0,"4,814 M"
05/21/2026,1630,SYF,72.00,-0.07%,Financials,1.324,1.71,$27.15,88.77,55.67,73.24,71.37,74.28,2.0,0.4,0.42,"3,567,490",0.0,3847965.31,4000871.79,18.77,8.19,-2.7,1.34,80.22,63.49,80.22,78.17,40.0,"24,219 M"
05/21/2026,1630,SYY,77.00,+2.04%,Consumer Staples,.6724,1.32,$3.79,91.845,68.19,73.88,76.02,78.67,4.0,0.47,0.87,"3,771,075",100333.37,5037653.35,4654828.78,8.07,-5.64,5.65,4.73,91.57,68.36,-68.36,-72.17,45.0,"36,820 M"
05/21/2026,1630,T,25.34,+1.64%,Communication Services,.1906,0.53,$2.44,29.79,22.95,25.35,26.63,26.55,4.0,0.09,0.53,"35,778,437",100233.44,3.893696859E7,3.953915975E7,13.61,-11.89,0.32,3.72,29.41,24.03,29.41,-24.03,41.0,"176,071 M"
05/21/2026,1630,TAN,64.86,+3.08%,,1.289,1.96,<empty>,65.5,30.57,60.97,57.67,50.85,1.0,0.9,0.7,"1,687,916",-200345.04,1280894.94,1390840.61,28.79,17.95,8.53,3.59,65.06,52.52,66.04,66.04,NaN,"1,993 M"
05/21/2026,1630,TAP,42.53,-0.54%,Consumer Staples,.4393,0.77,$5.96,55.69,40.64,42.04,42.78,46.55,4.0,0.49,0.68,"3,276,138",-200335.16,3133885.04,3099035.81,-27.48,1.41,-1.39,2.04,50.61,41.13,-41.13,-41.13,50.0,"7,977 M"
05/21/2026,1630,TBIL,49.96,+0.02%,,.0036,0.03,<empty>,50.02,49.81,49.91,49.92,49.93,15.0,0.74,0.92,"1,033,251",400000.38,2250454.87,2375001.26,-53.03,0.0,0.14,0.04,50.38,50.59,50.38,-50.17,NaN,"7,080 M"
05/21/2026,1630,TCEHY,56.8230,-3.12%,Communication Services,.2446,1.25,$3.19,87.68,56.0,59.83,62.83,74.01,-1.0,-0.38,-0.4,"2,973,805",100200.07,4252440.28,4106580.95,40.87,-11.98,-6.26,-1.06,74.51,57.03,74.51,62.06,55.0,"513,317 M"
05/21/2026,1630,TCNNF,7.8800,-1.38%,Health Care,1.667,0.75,$1.17,11.83,3.25,8.79,7.31,7.34,2.0,-0.43,0.08,"370,698",101400.2,403081.42,365943.91,6.45,23.7,-15.36,-1.75,10.17,5.37,10.17,-7.04,NaN,"1,515 M"
05/21/2026,1630,TEAM,82.18,-4.70%,Information Technology,.9422,4.05,$4.59,222.59,56.0101,83.12,74.37,126.92,-3.0,-0.9,-0.52,"4,842,152",100779.15,7621542.75,7674066.66,-82.32,10.44,-11.03,-8.11,96.13,56.29,96.13,96.13,52.0,"20,855 M"
05/21/2026,1630,TEVA,34.16,-0.47%,Health Care,.8385,0.84,$1.02,37.345,14.99,34.61,31.95,27.21,-11.0,-0.6,-0.24,"4,604,953",-100338.16,6398194.5,6676919.73,-30.54,18.73,-5.14,0.38,37.1,28.33,37.1,37.1,46.0,"39,777 M"
05/21/2026,1630,TFLO,50.59,0.00%,,-.0008,0.03,<empty>,50.67,50.39,50.56,50.57,50.53,11.0,0.47,0.7,"1,029,320",-100002.12,1736313.14,1708969.17,-36.85,-0.02,0.14,0.02,51.37,50.57,51.37,-50.14,NaN,"6,551 M"
05/21/2026,1630,TGS,29.96,+4.65%,Energy,.556,0.69,$0.15,36.3499,19.74,30.06,31.63,28.93,1.0,0.1,0.59,"798,770",100558.01,376379.82,349388.73,104.7,-9.1,-2.28,-2.54,36.36,28.54,36.36,33.11,50.0,"4,511 M"
05/21/2026,1630,TGT,126.15,+3.12%,Consumer Staples,.992,3.21,$6.24,133.1,83.44,125.8,122.73,104.96,1.0,0.19,0.45,"9,950,359",100237.02,5649127.27,5905352.25,166.84,9.76,0.21,2.23,133.22,111.58,133.22,132.11,60.0,"57,294 M"
05/21/2026,1630,THC,178.00,-5.02%,Health Care,1.315,5.28,$37.93,247.21,146.6,188.18,194.21,199.13,-5.0,-0.39,-0.49,"1,479,813",100245.15,1378373.88,1281816.91,-55.53,-12.49,-8.31,-7.51,247.54,168.15,-168.15,201.05,40.0,"15,332 M"
05/21/2026,1630,THD,72.44,+0.15%,,.4474,0.88,<empty>,75.06,48.08,71.02,69.56,63.53,2.0,0.34,0.66,"52,102",-100120.27,109442.91,129745.17,-41.16,7.25,1.74,0.85,75.58,65.44,-65.44,74.05,NaN,264 M
05/21/2026,1630,TIGR,5.84,-0.85%,Financials,.4787,0.34,$7.42,13.55,5.715,6.45,6.65,8.9,1.0,-0.33,0.19,"4,837,712",-100188.01,2680587.14,2551745.71,121.04,-14.49,-9.18,-2.99,8.62,6.36,8.62,7.11,7.0,"1,043 M"
05/21/2026,1630,TIP,110.37,0.00%,,.2769,0.39,<empty>,112.26,107.98,111.1,110.94,110.9,2.0,-0.17,0.19,"2,792,401",100007.05,2432466.51,2458632.78,85.21,0.16,-0.59,-0.1,112.58,110.38,-110.38,-110.02,NaN,"14,966 M"
05/21/2026,1630,TJX,157.46,-1.10%,Consumer Discretionary,.629,3.79,$4.41,165.82,119.8405,153.64,156.51,149.89,5.0,0.29,1.0,"5,853,179",200423.02,4783509.23,4977008.36,41.86,0.61,1.93,4.8,166.3,146.06,-146.06,-146.06,60.0,"174,122 M"
05/21/2026,1630,TKO,191.63,-1.36%,Communication Services,.7845,3.72,$21.29,226.94,152.29,187.89,191.65,195.95,-1.0,0.42,-0.79,"1,158,525",200242.37,1470540.12,1405043.6,12.68,-1.36,2.2,-1.26,227.59,181.15,-181.15,197.05,51.0,"14,366 M"
05/21/2026,1630,TKR,118.93,+1.48%,Industrials,1.15,3.73,$5.50,123.67,67.14,112.98,106.41,90.44,2.0,0.63,0.5,"1,318,180",200639.02,836135.78,840437.14,14.4,20.14,2.23,5.5,124.11,94.43,124.11,124.11,46.0,"8,265 M"
05/21/2026,1630,TLT,84.22,+0.37%,,.5302,0.93,<empty>,92.185,82.77,85.16,86.07,88.05,2.0,0.03,0.39,"24,844,185",100016.43,3.003191673E7,3.3253148E7,16.74,-2.51,-1.67,0.79,91.58,83.03,91.58,-83.02,NaN,"42,935 M"
05/21/2026,1630,TME,9.15,0.00%,Communication Services,.7468,0.28,$0.84,26.7,8.435,9.12,9.74,17.48,4.0,1.0,0.66,"15,354,454",-200962.46,1.204669101E7,1.074155698E7,252.33,-8.22,-1.29,0.99,15.47,8.04,-8.04,-8.04,54.0,"14,981 M"
05/21/2026,1630,TMO,449.37,-0.54%,Health Care,.8767,10.97,$17.97,643.99,385.46,459.98,479.91,526.64,4.0,0.33,0.58,"2,012,669",-300332.09,2209291.95,2131087.94,41.2,-6.01,-5.29,1.67,538.22,435.03,538.22,-435.03,41.0,"166,996 M"
05/21/2026,1630,TMUS,190.90,+0.39%,Communication Services,.3195,2.58,$14.02,261.56,181.36,191.58,198.62,213.38,1.0,0.27,0.45,"3,774,347",-100140.23,5770783.83,5708998.92,9.36,-8.56,-1.7,0.13,225.61,182.18,-182.18,201.16,41.0,"206,593 M"
05/21/2026,1630,TNET,41.83,-1.85%,Industrials,1.008,1.14,$5.85,84.08,33.605,42.02,39.41,54.05,-1.0,-0.9,-0.69,"290,627",100462.59,440701.27,492052.32,-44.03,7.53,-2.43,-2.43,46.14,34.61,46.14,-38.06,43.0,"1,922 M"
05/21/2026,1630,TNX:CGI,45.86,+0.31%,,.0745,0.98,<empty>,46.87,39.47,44.51,43.65,41.94,-2.0,1.0,-0.77,<empty>,NaN,NaN,NaN,NaN,5.81,4.42,-0.8,45.06,40.58,-40.58,47.02,NaN,0
05/21/2026,1630,TOKE,5.24,0.00%,,.886,0.07,<empty>,7.334,4.27,5.21,5.47,5.74,1.0,0.34,0.36,<empty>,0.0,22074.62,51471.83,22.71,-7.91,-0.37,0.77,6.62,5.12,-5.12,-5.12,NaN,13 M
05/21/2026,1630,TOST,23.04,-1.20%,Financials,1.763,2.62,$1.12,49.66,22.26,26.09,26.8,33.56,6.0,-0.24,0.28,"7,108,060",100153.03,1.107637108E7,1.125169634E7,-10.47,-16.4,-21.58,1.77,31.53,22.06,-22.06,-22.06,50.0,"13,363 M"
05/21/2026,1630,TPB,91.52,+0.35%,Consumer Staples,.9603,4.19,$0.07,146.9,65.8,86.05,83.82,99.41,-8.0,0.76,-0.8,"609,656",-201366.36,503677.85,512020.68,88.18,4.89,1.44,2.67,147.59,66.35,-66.35,99.09,51.0,"1,773 M"
05/21/2026,1630,TPL,396.98,-1.38%,Energy,.6334,15.03,$0.62,547.2,269.233333333333,412.21,447.53,363.45,5.0,0.12,0.56,"315,368",100652.3,458804.71,509605.02,-15.65,-24.8,-0.53,2.68,547.62,370.3,-370.3,-375.06,51.0,"27,381 M"
05/21/2026,1630,TPR,139.11,+2.44%,Consumer Discretionary,1.457,5.31,$8.53,161.97,76.29,137.73,142.39,126.2,7.0,0.1,0.51,"2,658,319",100040.07,2118037.33,2164637.67,84.53,-3.68,6.58,6.05,162.59,128.07,-128.07,-128.07,56.0,"28,106 M"
05/21/2026,1630,TPYP,43.8353,+0.01%,,.6099,0.84,<empty>,44.58,33.94,42.79,42.33,37.91,-2.0,0.54,-0.85,"77,377",200020.2,154048.86,133049.49,2.14,2.42,4.79,-0.33,44.41,40.24,-40.24,-41.1,NaN,889 M
05/21/2026,1630,TRIP,9.90,-0.30%,Communication Services,.8825,0.76,$1.54,20.16,9.01,10.45,10.45,13.78,6.0,0.49,0.36,"3,995,057",200763.02,3750172.75,3705689.25,60.5,-1.39,-11.84,3.88,12.22,9.44,12.22,12.13,52.0,"1,152 M"
05/21/2026,1630,TRP,70.56,+0.67%,Energy,.7283,1.89,$2.54,71.39,46.29,66.33,64.18,57.15,8.0,0.97,0.83,"2,924,874",-200028.37,2649101.52,2548339.82,25.33,10.37,8.39,1.79,67.06,59.24,-59.24,-62.17,47.0,"73,507 M"
05/21/2026,1630,TRU,69.47,+0.78%,Industrials,1.6,2.06,$3.59,99.39,64.51,69.51,70.55,79.75,2.0,0.51,0.55,"1,681,232",0.0,2291780.58,2357027.25,-9.85,-2.95,-4.77,1.27,80.56,65.38,80.56,74.1,42.0,"13,394 M"
05/21/2026,1630,TSLA,417.85,+0.14%,Consumer Discretionary,1.72,18.15,$2.17,498.83,273.21,406.77,387.71,409.5,-6.0,-0.81,-0.41,"42,469,490",-100047.21,6.251027074E7,6.199713696E7,-35.0,9.72,1.47,1.92,453.06,337.32,453.06,453.06,41.0,"1,569,329 M"
05/21/2026,1630,TSM,407.15,+1.38%,Information Technology,1.383,8.27,$1.26,421.97,190.03,402.49,371.75,316.98,2.0,-0.69,0.28,"8,852,561",100252.2,1.386854082E7,1.36892818E7,-10.82,20.3,-1.69,2.83,420.1,314.37,422.05,422.05,37.0,"2,111,673 M"
05/21/2026,1630,TSN,66.47,-0.08%,Consumer Staples,.4139,0.9,$3.45,69.4842,50.56,66.22,64.36,59.17,-9.0,-0.51,-0.34,"3,284,673",100528.14,2834952.62,2961217.57,-15.7,11.34,-2.16,-0.31,69.12,58.42,69.12,69.12,49.0,"23,406 M"
05/21/2026,1630,TT,447.64,-0.90%,Industrials,1.206,12.68,$14.11,503.47,348.06,473.54,454.08,427.3,-5.0,-0.22,-0.13,"1,156,754",100030.16,1324461.45,1317282.31,6.9,5.34,-4.72,-2.78,503.15,403.37,503.15,503.15,46.0,"98,953 M"
05/21/2026,1630,TTD,21.28,+1.24%,Communication Services,1.148,1.39,$1.72,91.45,19.74,22.61,22.73,37.2,5.0,0.75,0.38,"10,571,112",-100573.55,1.919108566E7,2.073574056E7,-37.91,-11.15,-9.41,-4.45,33.54,20.3,-20.3,-20.06,52.0,"10,004 M"
05/21/2026,1630,TTE,92.35,-0.21%,Energy,.198,1.54,$4.99,94.17,57.26,91.45,90.0,71.94,-2.0,-0.29,-0.58,"1,228,178",500228.3,1926546.49,1981116.29,-47.24,3.6,4.08,-1.16,94.15,77.54,-77.54,94.03,NaN,"205,283 M"
05/21/2026,1630,TTWO,238.08,+0.62%,Communication Services,.9881,8.42,$2.66,264.785,187.63,225.56,212.2,231.88,-3.0,-1.0,-0.72,"4,180,942",200159.01,1784333.55,1844477.6,301.07,18.54,6.52,-1.68,229.06,188.38,246.05,246.05,0.0,"44,087 M"
05/21/2026,1630,TUA,20.59,-0.19%,,-.0563,0.14,<empty>,22.305,20.425,20.79,20.98,21.68,2.0,0.38,0.44,"336,210",100124.39,562471.13,511197.13,-33.22,-2.09,-1.29,0.1,22.58,21.03,22.58,-20.02,NaN,756 M
05/21/2026,1630,TUR,36.71,-9.20%,,.3313,1.83,<empty>,43.98,29.64,42.01,40.84,37.08,-8.0,-0.03,0.0,"1,434,519",-100742.01,299730.17,392736.79,786.41,-5.82,-15.14,-9.4,44.08,37.53,44.08,44.08,NaN,226 M
05/21/2026,1630,TWLO,183.30,-3.18%,Information Technology,1.375,4.68,$5.89,203.71,91.84,181.14,150.24,126.37,-10.0,-0.8,-0.11,"2,788,270",300458.14,2494296.92,2421752.12,-62.29,44.23,-6.99,-7.27,204.09,106.62,204.09,204.09,52.0,"27,820 M"
05/21/2026,1630,TXG,24.68,+2.92%,Health Care,2.184,1.12,$0.97,26.445,8.065,21.92,21.6,17.55,7.0,0.39,0.81,"4,060,572",100380.1,2590838.73,2531941.53,67.62,28.94,10.08,15.06,26.24,16.47,26.24,-20.16,52.0,"3,133 M"
05/21/2026,1630,TXRH,178.05,-0.16%,Consumer Discretionary,.7641,9.69,$5.36,199.99,153.825,168.64,166.51,171.92,-7.0,0.78,-0.56,"855,725",200331.09,1150606.52,1123235.7,-33.59,6.49,12.74,0.51,186.59,154.13,-154.13,185.07,52.0,"11,703 M"
05/21/2026,1630,TXT,90.24,+0.80%,Industrials,.9173,1.23,$4.85,101.57,72.0,90.8,90.33,87.38,2.0,0.38,0.49,"1,004,797",-100129.16,1400382.79,1406243.38,-45.85,1.36,-1.47,-0.39,101.57,86.37,-86.37,98.15,42.0,"15,692 M"
05/21/2026,1630,TYX:CGI,51.12,-0.08%,,.017,0.76,<empty>,51.97,45.28,50.19,49.48,48.1,-2.0,-1.0,-0.7,<empty>,NaN,NaN,NaN,NaN,4.07,2.88,-0.68,51.06,46.58,-46.58,52.02,NaN,0
05/21/2026,1630,U,25.54,-2.63%,Information Technology,2.09,0.63,$1.08,52.15,16.78,26.79,23.7,34.01,-9.0,-0.77,-0.56,"6,634,281",-100494.39,1.310339094E7,1.387583001E7,-27.9,36.94,-4.45,-4.7,31.1,17.62,31.1,31.1,51.0,"11,149 M"
05/21/2026,1630,UA,5.21,+3.58%,Consumer Discretionary,1.639,0.56,($0.38),7.9067,3.95,5.66,5.85,5.36,4.0,0.02,0.38,"2,749,196",-100455.08,2759273.23,2824140.57,27.48,-12.58,-16.24,5.68,8.62,5.07,-5.07,-5.07,53.0,"2,221 M"
05/21/2026,1630,UAA,5.32,+3.30%,Consumer Discretionary,1.712,0.59,($0.38),8.15,4.13,5.82,6.01,5.53,4.0,0.02,0.36,"7,321,810",-100361.08,8715964.03,9060079.25,24.2,-13.5,-16.74,5.98,8.62,5.07,-5.07,-5.07,53.0,"2,268 M"
05/21/2026,1630,UAE,19.05,+0.90%,,.4184,0.31,<empty>,22.29,16.99,19.21,18.92,19.53,3.0,0.53,0.5,"904,228",100338.43,599542.32,787702.66,356.68,2.42,-2.26,2.42,22.61,17.43,-17.43,-18.03,NaN,274 M
05/21/2026,1630,UAL,99.64,+1.65%,Industrials,1.24,3.47,$9.90,119.21,71.55,94.29,93.57,101.16,2.0,0.63,0.65,"6,966,262",-300458.22,7435115.41,7766038.52,-16.15,6.05,-0.06,7.66,118.59,85.37,-85.37,104.1,41.0,"32,340 M"
05/21/2026,1630,UBER,73.61,-1.33%,Industrials,2,1.51,$4.72,101.99,68.46,75.09,74.24,84.18,-7.0,-0.81,-0.34,"13,214,340",100237.12,1.602618713E7,1.69798236E7,21.6,-2.01,-4.07,-1.96,81.1,68.38,81.1,81.1,51.0,"149,840 M"
05/21/2026,1630,UFO,58.96,+0.07%,,1.261,2.77,<empty>,59.55,23.695,53.98,50.84,41.4,-1.0,0.91,-0.74,"1,151,183",-100053.04,903277.51,792020.13,103.45,26.52,15.52,2.38,57.08,42.37,-42.37,-49.16,NaN,917 M
05/21/2026,1630,UGA,114.98,-1.43%,,.0797,3.12,<empty>,125.47,57.63,118.39,107.8,76.49,-3.0,-0.54,-0.13,"75,999",-200176.36,89492.6,82303.5,-57.57,21.21,-0.61,-6.38,125.13,71.59,-71.59,125.03,NaN,144 M
05/21/2026,1630,UHAL,51.20,+1.85%,Industrials,1.076,1.26,($8.17),64.75,41.945,51.02,49.37,53.06,4.0,0.56,0.44,"190,524",100349.29,236201.27,224525.49,7.9,14.64,-1.77,3.85,54.21,42.43,54.21,-48.02,3.0,"9,727 M"
05/21/2026,1630,UHS,162.45,-1.14%,Health Care,1.128,2.52,$14.11,246.325,152.3278,168.54,177.86,200.86,-3.0,-0.26,-0.53,"968,437",100536.17,813050.43,839296.01,-9.48,-13.63,-4.75,-4.03,234.6,159.16,234.6,184.17,44.0,"9,834 M"
05/21/2026,1630,UL,57.72,+0.07%,Consumer Staples,.4435,0.83,$3.64,74.975,54.95,57.95,58.81,65.93,4.0,0.51,0.66,"3,111,444",100232.36,4745201.85,4513564.16,-31.55,-5.49,-1.72,0.73,75.61,55.35,-55.35,-56.04,45.0,"125,383 M"
05/21/2026,1630,ULS,102.34,+0.35%,Industrials,.6219,3.48,$2.24,107.54,61.64,96.67,90.38,79.34,2.0,0.93,0.55,"646,085",-100145.44,779795.44,749435.76,49.67,18.96,2.95,3.36,108.11,78.61,108.11,108.11,50.0,"20,628 M"
05/21/2026,1630,ULTA,504.05,+2.22%,Consumer Discretionary,.8912,17.38,$23.82,714.9699,402.76,516.51,528.7,567.16,3.0,0.39,0.61,"666,052",-300337.48,804042.17,736983.95,39.33,-2.34,-4.27,5.04,703.58,477.03,703.58,-469.02,7.0,"21,957 M"
05/21/2026,1630,UNG,11.33,-1.39%,,.1207,0.4,<empty>,18.1182,9.95,10.89,11.27,12.51,-2.0,0.59,-0.54,"6,390,667",0.0,9614222.81,1.058780309E7,-11.97,-3.41,6.09,-1.82,13.52,10.16,-10.16,12.02,NaN,530 M
05/21/2026,1630,UNH,382.48,-0.21%,Health Care,.5719,11.75,$21.68,404.15,234.6,377.95,328.42,323.32,-6.0,-0.87,-0.34,"4,725,771",-100145.44,8507543.32,8423651.74,-4.44,41.9,3.45,-2.21,404.06,256.38,404.06,404.06,45.0,"347,347 M"
05/21/2026,1630,UNP,265.44,-0.14%,Industrials,.9891,3.41,$9.61,276.4,210.84,267.13,254.13,237.93,-3.0,-0.61,-0.44,"2,308,809",100325.21,2916977.28,2943165.34,11.58,11.36,0.21,-3.52,275.19,232.44,-232.44,276.03,42.0,"157,595 M"
05/21/2026,1630,UPBD,17.70,+1.09%,Consumer Discretionary,1.907,0.67,$4.50,28.025,15.82,18.35,18.4,20.28,4.0,0.32,0.4,"926,535",200250.16,866322.18,874062.18,-21.48,-4.68,-5.65,2.73,23.62,17.43,23.62,-17.02,47.0,"1,032 M"
05/21/2026,1630,UPS,98.25,-0.63%,Industrials,1.053,1.44,$5.32,122.41,82.0,101.05,100.44,97.67,3.0,0.34,0.54,"4,477,164",-200635.14,6145706.53,6229308.7,5.96,0.59,-1.85,2.85,117.58,94.38,117.58,-94.02,45.0,"83,513 M"
05/21/2026,1630,UPST,28.85,+0.03%,Financials,2.346,1.27,($2.97),87.3,23.965,30.03,28.96,43.57,3.0,0.64,0.36,"3,798,968",0.0,4770116.5,4881846.92,3.6,3.37,-0.52,3.26,36.22,24.37,36.22,-26.06,50.0,"2,761 M"
05/21/2026,1630,URA,48.86,+1.71%,,1.111,3.49,<empty>,62.28,27.79,53.51,51.8,49.2,1.0,-0.12,0.06,"3,408,755",0.0,3790718.35,3997737.59,18.69,1.47,-13.15,0.37,59.2,45.37,59.2,-47.02,NaN,"6,814 M"
05/21/2026,1630,URBN,73.76,+2.92%,Consumer Discretionary,1.169,1.93,$3.49,84.35,59.535,69.95,67.82,70.41,6.0,0.4,0.44,"3,081,766",100247.01,1483933.25,1624351.09,213.37,19.45,4.71,5.96,77.22,60.41,77.22,-65.07,65.0,"6,314 M"
05/21/2026,1630,URI,932.18,-0.44%,Industrials,1.717,14.06,$32.10,1021.47,681.98,948.34,835.15,873.19,-5.0,-0.72,-0.27,"303,728",100536.21,565393.2,586752.11,-39.94,27.34,-1.26,-1.31,1001.19,702.44,1001.19,-911.02,41.0,"58,398 M"
05/21/2026,1630,URNJ,26.57,+1.22%,,1.575,2.24,<empty>,40.81,15.56,29.95,30.01,28.85,1.0,-0.09,0.09,"453,938",0.0,340569.26,369741.79,135.14,-4.66,-16.45,-1.74,37.57,26.37,37.57,33.1,NaN,396 M
05/21/2026,1630,URNM,58.08,+1.13%,,.9086,3.99,<empty>,84.95,35.9333,64.29,64.32,61.26,1.0,-0.08,0.12,"886,709",0.0,687319.86,726520.52,168.52,-3.44,-13.33,-1.14,76.6,57.43,76.6,-57.02,NaN,"2,095 M"
05/21/2026,1630,USCI,99.9692,-0.47%,,.1444,1.2,<empty>,102.93,69.3,100.24,97.15,83.71,-6.0,-0.45,-0.2,"24,802",300029.22,26358.85,24456.07,-7.68,8.69,1.35,-1.52,103.06,83.62,103.06,103.06,NaN,385 M
05/21/2026,1630,USD/JPY,159.003,0.00%,,<empty>,0.839,<empty>,N/A,N/A,157.895,158.591,157.009,-3.0,0.57,-0.85,0,-100200.23,1.67728E7,2.07734375E7,-100.0,-0.178,0.87,-0.058,161.22,155.16,-155.16,-155.16,NaN,<empty>
05/21/2026,1630,USFD,81.24,+0.15%,Consumer Staples,.8458,3.79,$3.78,102.13,69.875,87.17,89.7,82.3,4.0,0.0,0.22,"2,039,963",-100028.11,2547079.67,2481791.61,10.02,-9.06,-6.49,-0.99,97.6,82.03,97.6,95.14,52.0,"17,891 M"
05/21/2026,1630,USPH,62.85,+0.98%,Health Care,1.181,4.69,$4.39,93.5,58.19,66.42,72.03,79.91,8.0,0.14,0.54,"297,389",300346.04,204282.49,199318.25,83.91,-16.42,6.53,-3.37,85.62,58.09,-58.09,-58.09,51.0,957 M
05/21/2026,1630,UTI,36.60,-1.29%,Consumer Discretionary,1.225,1.68,$0.01,41.53,21.29,37.28,36.97,30.77,-5.0,-0.54,-0.35,"514,737",200449.06,639631.77,693211.46,14.96,-3.79,3.13,-6.3,40.4,30.62,42.05,42.05,51.0,"2,015 M"
05/21/2026,1630,UTZ,7.70,-0.26%,Consumer Staples,.8515,0.34,$0.83,14.67,6.92,7.59,7.6,10.18,4.0,0.66,0.58,"1,731,027",200150.03,1989408.28,1949618.24,13.32,3.63,-0.26,4.9,10.62,7.04,-7.04,-7.04,47.0,682 M
05/21/2026,1630,UUP,27.73,0.00%,,-.189,0.16,<empty>,28.45,26.395,27.53,27.58,27.55,-2.0,0.75,-0.86,"1,831,686",100007.32,2783188.93,2697776.2,-28.88,0.62,1.17,0.11,28.37,27.62,28.37,-27.14,NaN,329 M
05/21/2026,1630,V,331.12,+0.11%,Financials,.7676,4.54,$11.05,375.51,293.89,323.61,313.21,331.01,-1.0,0.92,-0.68,"7,033,493",-200124.03,7288491.82,7411683.67,4.57,8.76,3.06,-0.46,342.16,294.35,342.16,342.16,45.0,"629,705 M"
05/21/2026,1630,VET,12.30,-2.38%,Energy,.402,0.56,$1.42,14.82,6.22,12.72,12.79,9.64,-2.0,-0.15,-0.55,"1,391,825",101365.45,2212883.06,2262829.01,14.02,-5.67,3.71,-5.24,15.43,10.59,15.43,-11.1,52.0,"1,884 M"
05/21/2026,1630,VFC,16.18,-0.19%,Consumer Discretionary,1.75,1.03,$0.79,22.2699,11.06,18.04,17.93,17.01,1.0,-0.19,0.15,"17,651,748",100155.01,7224790.79,7041909.56,204.08,-4.49,-15.11,-4.2,22.22,16.49,22.22,20.1,50.0,"6,331 M"
05/21/2026,1630,VG,13.56,-3.35%,Energy,1.336,1.03,($2.81),19.5,5.72,12.95,13.67,10.9,-2.0,-0.39,-0.82,"17,763,551",100815.44,2.814354247E7,2.710849931E7,-8.21,-14.18,16.0,-4.3,18.41,9.61,18.41,15.02,55.0,"33,688 M"
05/21/2026,1630,VGK,88.76,+0.59%,,.8646,1.01,<empty>,90.745,74.2401,87.13,85.38,83.23,2.0,0.75,0.46,"3,840,739",200127.37,4121194.85,4211804.14,-14.8,9.53,1.7,1.89,91.58,79.43,-79.43,89.11,NaN,"30,439 M"
05/21/2026,1630,VHT,276.54,+0.64%,,.6287,2.26,<empty>,298.6068,237.2312,271.58,272.81,275.1,3.0,0.48,0.78,"106,120",-100116.15,192259.07,199726.95,-73.22,2.63,2.01,1.89,296.58,265.38,-265.38,-265.16,NaN,"16,386 M"
05/21/2026,1630,VIK,83.90,+0.94%,Consumer Discretionary,1.243,2.13,$2.93,92.0,42.2004,82.35,78.07,69.19,-3.0,-0.65,-0.4,"4,189,842",100251.02,3212500.52,3131316.07,159.1,16.74,-0.08,-2.51,87.22,66.52,92.05,92.05,59.0,"37,433 M"
05/21/2026,1630,VIR,9.03,+1.69%,Health Care,1.695,0.52,($3.19),11.66,4.155,9.58,9.55,7.05,2.0,0.01,0.2,"957,368",0.0,1883807.73,3428817.9,-8.88,2.15,-2.59,2.96,12.23,7.62,12.23,-9.02,51.0,"1,523 M"
05/21/2026,1630,VIX,16.76,-3.90%,,-6,0.51,<empty>,35.3,13.38,17.73,20.99,18.39,-2.0,-0.23,-0.7,<empty>,NaN,NaN,NaN,NaN,-35.91,-1.87,-5.95,35.52,16.11,-16.11,19.03,NaN,0
05/21/2026,1630,VKTX,30.68,+4.21%,Health Care,.5298,1.17,($3.00),43.15,22.959,31.14,32.88,32.61,2.0,0.25,0.33,"2,001,734",100268.16,2295293.6,2349961.87,-30.49,-5.75,-2.85,6.94,38.48,28.03,38.48,-28.02,46.0,"3,562 M"
05/21/2026,1630,VLO,241.09,-4.55%,Energy,.5797,7.53,$18.20,263.75,125.1,246.76,242.12,190.51,-2.0,-0.46,-0.54,"3,607,924",-100148.44,3679158.92,3706672.93,45.46,1.56,2.01,-6.74,258.37,195.61,-195.61,-227.1,42.0,"71,588 M"
05/21/2026,1630,VLTO,85.96,-0.27%,Industrials,.7351,1.06,$4.20,110.11,84.45,87.0,88.34,98.1,4.0,0.51,0.61,"2,440,498",-100127.44,2043061.44,2017344.42,53.77,-2.87,-3.12,-0.86,98.59,84.04,-84.04,-84.04,42.0,"21,112 M"
05/21/2026,1630,VMC,262.08,-0.45%,Materials,1.056,11.43,$8.48,331.09,252.35,282.41,279.62,292.17,2.0,-0.31,0.2,"701,453",300138.38,1184582.12,1231300.79,-27.69,-0.63,-9.29,-1.6,319.6,252.44,-252.44,-252.02,47.0,"34,006 M"
05/21/2026,1630,VNM,18.98,-1.71%,,.9496,0.25,<empty>,19.85,13.02,19.19,18.27,18.25,-1.0,-0.76,-0.28,"396,290",-100141.51,796338.89,880156.35,-27.78,15.59,-2.77,-1.71,20.09,16.41,20.09,20.09,NaN,579 M
05/21/2026,1630,VNO,31.63,+0.09%,Real Estate,1.539,0.7,$6.23,43.37,24.57,30.72,28.36,33.65,2.0,0.87,0.18,"984,360",-100446.44,2079620.07,2054594.67,-56.1,21.56,-1.28,-0.06,33.1,25.38,33.1,33.1,49.0,"5,950 M"
05/21/2026,1630,VRNS,30.66,-1.41%,Information Technology,.8062,1.22,$1.00,63.9,19.7,27.67,24.89,37.5,5.0,1.0,0.66,"1,655,256",0.0,2497057.75,2484147.31,-53.77,29.26,6.9,6.53,30.16,20.29,-20.29,-25.17,45.0,"3,520 M"
05/21/2026,1630,VRT,323.40,+2.45%,Industrials,2.056,19.85,$5.95,379.935,101.0,338.92,301.78,206.79,-5.0,-0.54,0.0,"5,209,489",-100569.44,7521619.04,7515758.59,18.17,26.33,-4.89,-4.81,378.06,232.37,380.05,380.05,46.0,"124,221 M"
05/21/2026,1630,VRTX,433.54,+0.72%,Health Care,.2899,8.82,$14.55,507.92,362.5,432.82,441.16,434.5,-5.0,-0.47,-0.57,"1,395,202",100432.52,1254577.7,1284292.34,75.06,-3.92,2.01,-0.7,508.51,412.12,-412.12,457.05,49.0,"110,035 M"
05/21/2026,1630,VSCO,50.55,+5.95%,Consumer Discretionary,2.12,2.2,$3.90,66.889,17.53,48.95,48.48,43.41,3.0,0.33,0.62,"2,704,442",100673.53,2117969.9,2358001.99,99.9,11.34,6.31,12.76,66.59,42.38,-42.38,-43.02,7.0,"4,015 M"
05/21/2026,1630,VTR,88.00,-0.68%,Real Estate,.7681,1.09,$2.89,91.06,61.76,87.56,85.41,77.88,-5.0,-0.56,-0.43,"5,385,191",100023.16,4275081.35,3891114.61,31.85,7.51,1.68,-0.16,90.06,79.21,91.04,91.04,46.0,"42,783 M"
05/21/2026,1630,VVIX,91.88,-4.74%,,-4.291,2.41,<empty>,147.14,81.72,95.04,105.96,102.46,-1.0,-0.26,-0.58,<empty>,NaN,NaN,NaN,NaN,-25.19,-1.85,0.77,141.53,91.03,141.53,-91.03,NaN,0
05/21/2026,1630,VVV,33.22,-0.15%,Consumer Discretionary,1.032,1.23,$0.78,41.33,28.5,33.15,33.49,34.41,2.0,0.23,0.54,"1,896,575",-200136.1,2149278.84,2045682.5,4.78,-1.4,-7.39,-0.06,39.61,32.12,39.61,37.09,51.0,"4,237 M"
05/21/2026,1630,VXD,15.33,-4.01%,,-6.325,0.49,<empty>,42.71,2.43,16.62,19.91,17.31,-2.0,-0.19,-0.52,<empty>,NaN,NaN,NaN,NaN,-37.83,-5.19,-6.24,43.51,15.04,-15.04,-15.04,NaN,0
05/21/2026,1630,VXN:CGI,22.74,-4.09%,,-4.981,0.77,<empty>,33.92,9.01,23.54,25.21,22.56,-4.0,-0.43,-0.6,<empty>,NaN,NaN,NaN,NaN,-18.73,-1.77,-6.07,34.37,21.14,-21.14,26.04,NaN,0
05/21/2026,1630,VXX,26.21,-2.93%,,-2.062,0.66,<empty>,59.36,25.635,28.11,31.02,31.88,-2.0,-0.21,-0.61,"10,799,929",-101204.53,1.059691435E7,1.141400865E7,126.98,-23.65,-6.06,-3.64,40.37,27.03,40.37,29.17,NaN,0
05/21/2026,1630,VZ,48.27,+0.94%,Communication Services,.2383,0.47,$4.70,51.68,38.39,47.33,48.12,44.16,3.0,0.29,0.51,"15,838,187",100029.44,2.494549563E7,2.510288069E7,-34.34,-4.57,2.51,3.23,52.41,44.27,-44.27,-46.03,40.0,"201,554 M"
05/21/2026,1630,W,66.34,+2.50%,Consumer Discretionary,.0009,3.07,$2.81,119.98,34.46,65.36,71.46,86.84,4.0,0.36,0.71,"5,750,896",101271.02,4048902.22,4059040.3,-0.3,-13.35,0.21,11.95,86.24,58.04,86.24,-56.02,49.0,"8,757 M"
05/21/2026,1630,WBD,27.10,-1.17%,Communication Services,1.575,0.11,$0.93,30.0,8.83,27.1,27.25,23.72,-1.0,-0.1,-0.39,"15,190,034",-100119.44,2.119217687E7,2.267771355E7,32.23,-1.09,-0.07,0.0,29.61,27.17,-27.17,-27.17,52.0,"67,943 M"
05/21/2026,1630,WCLD,29.59,-1.50%,,1.066,0.77,<empty>,37.115,23.8901,28.63,27.79,32.07,-1.0,0.97,-0.59,"817,148",300243.37,1122063.41,1292661.47,-43.55,3.75,-0.47,0.34,30.1,24.29,-24.29,31.02,NaN,246 M
05/21/2026,1630,WDAY,121.85,-3.76%,Information Technology,1.03,4.48,$10.48,273.8,110.36,123.78,125.8,188.13,-2.0,-0.99,-0.5,"8,963,976",100078.01,4909530.32,5489872.61,48.91,-11.1,-6.9,-5.45,154.52,110.3,-110.3,136.02,0.0,"30,424 M"
05/21/2026,1630,WEAT,24.50,-1.61%,,.0095,0.76,<empty>,25.6,19.78,24.28,23.41,21.55,-2.0,-0.88,-0.54,"1,074,003",-200149.5,1064128.07,1029101.29,69.86,8.02,5.92,-2.0,26.06,22.6,26.06,26.06,NaN,344 M
05/21/2026,1630,WELL,216.01,-1.19%,Real Estate,.8338,2.18,$4.34,221.675,146.645,215.2,208.51,190.78,-1.0,-0.48,-0.45,"4,191,444",100326.03,3088032.31,3071239.0,68.97,10.77,1.44,1.6,222.06,193.41,222.06,222.06,44.0,"152,485 M"
05/21/2026,1630,WEN,7.62,-1.68%,Consumer Discretionary,.3662,0.61,$1.17,12.51,6.37,7.28,7.11,8.34,-5.0,-0.95,-0.6,"11,020,120",200467.08,1.016080789E7,9656314.69,29.95,6.42,9.64,-2.81,8.06,6.12,8.06,8.06,53.0,"1,451 M"
05/21/2026,1630,WEST,8.58,+1.42%,Consumer Staples,.9228,1.16,($0.66),8.9764,3.59,7.1,5.62,4.98,-7.0,-0.97,-0.49,"578,164",-100168.08,617226.54,563005.78,19.52,108.25,45.42,3.0,9.08,4.52,9.08,9.08,52.0,837 M
05/21/2026,1630,WFC,75.92,+0.15%,Financials,.9379,2.45,$0.04,97.76,71.895,77.52,78.99,84.08,6.0,0.33,0.49,"9,429,322",-300430.1,1.731154862E7,1.783409173E7,-35.56,-3.01,-4.09,2.08,89.62,73.04,-73.04,-73.04,35.0,"232,330 M"
05/21/2026,1630,WGMI,61.59,+7.45%,Communication Services,3.788,2.83,<empty>,67.885,16.31,54.61,46.48,43.91,1.0,0.87,0.45,"405,524",-100477.04,513103.21,528623.9,19.91,56.32,6.98,10.87,61.08,32.37,62.05,62.05,NaN,406 M
05/21/2026,1630,WGS,47.33,+5.81%,Health Care,2.116,7.8,($0.99),170.87,32.21,49.24,60.11,105.73,10.0,0.27,0.64,"2,278,153",201576.11,1252801.56,1180499.04,285.08,-34.39,16.86,10.87,95.52,32.11,-32.11,-32.11,45.0,"1,405 M"
05/21/2026,1630,WH,80.74,-0.20%,Consumer Discretionary,.6502,1.75,$3.99,92.685,69.21,81.8,81.91,79.74,2.0,0.05,0.39,"1,598,499",0.0,1188214.6,1246341.61,14.7,4.65,-3.7,3.33,90.22,72.49,90.22,87.17,41.0,"6,044 M"
05/21/2026,1630,WING,132.65,+3.53%,Consumer Discretionary,1.704,9.26,$4.76,388.14,116.35,143.99,165.2,239.82,8.0,0.33,0.52,"1,148,153",200873.05,1397428.38,1323629.25,-9.88,-27.61,-1.65,2.83,277.59,116.05,-116.05,-116.05,46.0,"3,612 M"
05/21/2026,1630,WMS,135.15,-1.23%,Industrials,1.309,4.42,$7.43,179.315,105.14,142.62,142.57,147.1,2.0,-0.34,0.39,"2,131,067",-200143.01,915168.67,894436.13,391.48,-1.97,-6.2,-0.1,173.59,131.43,-131.43,-131.02,0.0,"10,528 M"
05/21/2026,1630,WMT,121.34,-7.27%,Consumer Staples,.6399,2.93,$1.87,135.155,93.43,130.08,127.09,114.7,-2.0,-0.26,-0.1,"52,881,987",-100227.01,1.87292129E7,1.936148664E7,404.56,0.51,-6.8,-9.0,133.14,118.43,-118.43,135.02,0.0,"967,200 M"
05/21/2026,1630,WOOD,66.1195,+0.31%,,.7756,1.54,<empty>,83.32,64.53,67.67,69.4,72.5,2.0,0.24,0.51,"15,523",-100017.58,17848.26,31715.44,21.45,-3.71,-4.24,1.18,80.62,65.04,80.62,-65.02,NaN,246 M
05/21/2026,1630,WRBY,24.50,+0.20%,Consumer Discretionary,2.053,2.76,$0.32,31.0,14.96,25.13,23.67,24.02,-6.0,-0.6,-0.23,"2,044,870",-101183.03,2886605.54,3117106.52,23.28,1.32,-9.93,-14.49,30.08,20.33,-20.33,30.02,52.0,"3,007 M"
05/21/2026,1630,WW,10.09,+1.61%,Consumer Discretionary,2.284,0.81,($9.76),46.949,8.365,10.26,12.61,23.85,1.0,0.46,0.71,"112,648",-101609.11,393703.98,338006.02,-41.69,-43.82,10.03,0.6,25.47,8.09,-8.09,-8.09,53.0,101 M
05/21/2026,1630,WWW,16.17,+5.82%,Consumer Discretionary,1.661,0.76,$1.62,32.8,13.47,16.37,16.63,20.63,2.0,0.65,0.17,"1,108,249",-201064.06,1063475.91,1195475.5,60.67,-2.88,-4.94,5.62,21.59,14.05,-14.05,-14.05,47.0,"1,326 M"
05/21/2026,1630,WY,23.52,+1.20%,Real Estate,.9169,0.36,$0.03,27.86,21.155,23.73,23.98,24.37,4.0,0.19,0.49,"4,263,849",0.0,5046651.51,5371794.86,-42.26,1.55,-0.76,2.84,26.22,22.43,26.22,-22.02,42.0,"16,959 M"
05/21/2026,1630,WYFI,29.55,+22.16%,Information Technology,4.268,3.53,($9.75),40.75,10.5101,21.67,17.32,NaN,1.0,0.97,0.53,"2,329,567",101951.06,1351667.53,1187548.48,279.51,105.07,45.71,24.32,29.08,11.38,31.05,31.05,57.0,"1,141 M"
05/21/2026,1630,WYNN,98.54,+0.49%,Consumer Discretionary,.9714,4.45,$6.72,134.72,82.627,101.59,102.44,114.89,4.0,0.24,0.3,"903,993",-100338.1,1518793.86,1672882.27,-38.35,-2.56,-7.78,3.17,114.62,94.04,114.62,109.11,52.0,"10,227 M"
05/21/2026,1630,XBI,132.78,+0.81%,,.8647,2.91,<empty>,139.19,78.0,132.57,129.89,116.7,2.0,0.25,0.2,"6,847,384",-100037.36,9136209.88,9342527.76,-17.11,9.1,-0.66,4.0,139.24,118.41,139.24,-125.02,NaN,"7,954 M"
05/21/2026,1630,XHR,16.92,+0.12%,Real Estate,1.184,0.33,$1.03,17.23,11.34,16.45,15.69,14.58,4.0,0.74,0.44,"414,257",100136.2,689522.77,711607.9,-59.05,14.71,0.42,3.36,17.14,14.48,17.14,17.14,47.0,"1,561 M"
05/21/2026,1630,XIACY,19.11,-1.39%,Information Technology,.6166,0.44,$0.12,40.25,18.51,19.64,20.27,26.27,-6.0,-0.89,-0.34,"189,147",-100000.45,411694.26,419215.63,-42.24,-8.35,-2.85,-2.75,23.62,19.15,-19.15,21.06,2.0,"98,666 M"
05/21/2026,1630,XLB,50.02,+0.60%,,.9433,1.03,<empty>,54.14,42.035,51.19,50.62,47.5,1.0,-0.27,0.3,"10,234,651",0.0,1.263513035E7,1.377712158E7,9.37,5.19,-2.68,-0.4,54.6,47.43,-47.43,-49.02,NaN,"7,228 M"
05/21/2026,1630,XLC,116.10,0.00%,,1.006,0.62,<empty>,120.405,99.6,116.27,114.82,115.18,-3.0,-0.71,-0.37,"4,855,441",100123.57,5887486.47,6533726.52,-35.74,3.01,-1.09,-0.75,119.24,107.38,119.24,118.1,NaN,"25,252 M"
05/21/2026,1630,XLE,59.13,-1.12%,,.4745,1.62,<empty>,63.46,40.36,58.35,58.39,49.6,-2.0,-0.45,-0.89,"45,833,171",-200233.57,4.757832467E7,5.312250098E7,27.92,-0.84,5.68,-2.39,63.37,53.24,-53.24,-55.1,NaN,"40,962 M"
05/21/2026,1630,XLF,51.73,+0.14%,,.8837,0.27,<empty>,56.515,47.67,51.56,50.77,52.6,2.0,0.63,0.4,"33,336,759",100227.57,4.140024367E7,4.731084544E7,-15.85,4.99,0.35,-0.02,53.22,48.38,53.22,53.14,NaN,"49,992 M"
05/21/2026,1630,XLG,63.49,-0.11%,,1.059,0.84,<empty>,64.33,47.93,62.28,58.79,58.05,-5.0,-0.92,-0.22,"1,709,157",-100129.5,2837634.4,3379312.28,9.71,15.25,1.7,-0.05,64.06,53.37,64.05,64.05,NaN,"11,198 M"
05/21/2026,1630,XLI,170.53,-0.12%,,1.007,2.15,<empty>,179.305,139.63,172.53,169.15,160.9,2.0,-0.47,0.33,"8,510,824",100028.54,1.058797986E7,1.16969735E7,25.15,4.59,-1.99,-0.13,179.57,156.37,-156.37,-168.02,NaN,"29,574 M"
05/21/2026,1630,XLK,178.60,+0.82%,,1.299,4.93,<empty>,180.215,112.551,169.55,152.67,144.06,-8.0,-0.89,-0.26,"10,864,484",0.0,1.334145311E7,1.460604242E7,6.91,30.41,5.25,2.43,178.08,127.37,180.05,180.05,NaN,"116,637 M"
05/21/2026,1630,XLP,84.66,-1.01%,,.5057,0.78,<empty>,90.14,75.16,84.22,83.06,81.37,-2.0,-0.55,-0.69,"13,185,112",-100120.57,1.374922328E7,1.564193108E7,-1.01,4.29,0.81,-1.44,90.58,80.26,-80.26,87.02,NaN,"15,012 M"
05/21/2026,1630,XLRE,44.50,+0.16%,,1.016,0.39,<empty>,44.91,39.725,44.13,42.95,41.95,3.0,0.7,0.39,"3,567,848",-100330.44,6629491.44,7332850.4,-50.53,9.55,0.23,1.71,45.11,40.38,45.11,-43.04,NaN,"7,983 M"
05/21/2026,1630,XLU,45.00,+1.10%,,.2431,0.74,<empty>,47.8,39.5825,45.38,45.8,44.4,3.0,0.04,0.4,"18,775,153",-100424.44,2.278193998E7,2.441600263E7,21.07,0.49,-0.27,2.41,48.58,44.03,48.58,-44.03,NaN,"22,813 M"
05/21/2026,1630,XLV,148.15,+0.69%,,.5891,1.39,<empty>,160.59,127.96,145.24,146.39,147.82,3.0,0.48,0.87,"7,149,919",200123.42,1.110823132E7,1.217537967E7,-19.35,2.33,2.37,1.67,160.58,142.16,-142.16,-142.16,NaN,"37,943 M"
05/21/2026,1630,XLY,118.70,+0.64%,,1.215,1.42,<empty>,125.01,103.855,118.13,114.63,117.36,2.0,0.68,0.13,"7,082,272",300227.37,9004460.78,1.002349873E7,-45.82,7.79,-0.98,2.05,122.24,105.37,122.24,-114.02,NaN,"22,607 M"
05/21/2026,1630,XOM,155.29,-0.63%,Energy,.1838,4.93,$4.41,176.41,101.185,152.75,155.63,130.86,-2.0,-0.36,-0.86,"17,053,228",-100337.36,2.120966377E7,2.118427143E7,10.32,-3.62,5.94,-3.24,176.37,142.24,-142.24,-144.09,48.0,"643,669 M"
05/21/2026,1630,XOP,170.65,-2.34%,,.5993,5.03,<empty>,190.36,118.14,172.71,172.74,143.43,-2.0,-0.24,-0.73,"5,517,009",-300137.52,4650915.62,5036800.22,97.92,-2.41,2.76,-3.16,190.37,146.59,190.37,-162.1,NaN,"3,439 M"
05/21/2026,1630,XPEV,15.63,+3.24%,Consumer Discretionary,1.004,0.46,$0.74,28.235,14.72,15.89,17.14,19.72,1.0,0.43,0.5,"5,443,251",-200262.21,6556755.47,6572950.33,-28.7,-17.17,0.51,3.78,20.48,15.03,20.48,17.06,4.0,"14,938 M"
05/21/2026,1630,XRT,81.79,+1.03%,,1.19,2.13,<empty>,91.65,73.87,82.8,82.3,84.69,4.0,0.32,0.28,"10,862,937",100225.01,5518692.28,5823236.01,213.63,2.42,-3.03,2.76,89.22,78.37,89.22,86.14,NaN,393 M
05/21/2026,1630,XTL,228.57,+1.99%,,1.135,2.72,<empty>,232.585,101.2401,223.69,209.48,166.21,1.0,-0.57,0.1,"59,345",-300128.28,110941.69,93898.71,-52.36,19.64,3.57,1.95,230.14,176.62,233.05,233.05,NaN,817 M
05/21/2026,1630,XYL,108.70,+0.44%,Industrials,1.048,3.64,$3.81,154.27,105.29,113.63,118.85,135.05,2.0,0.03,0.38,"1,546,975",200037.25,2230677.71,2171801.72,-17.36,-9.37,-6.0,0.37,132.59,108.03,132.59,125.17,52.0,"25,837 M"
05/21/2026,1630,XYZ,68.65,-3.16%,Financials,2.775,1.55,$5.37,82.5,48.21,70.97,66.05,67.79,-1.0,-0.67,-0.18,"8,487,382",200753.58,5872194.24,7448900.1,122.83,12.23,-2.12,-2.8,77.09,49.61,77.09,77.09,54.0,"40,859 M"
05/21/2026,1630,YCS,53.70,+0.21%,,-.3952,0.65,<empty>,54.67,40.08,53.04,53.24,49.5,11.0,0.44,0.82,"17,467",-100218.25,31881.79,29663.72,-81.18,1.88,2.91,0.26,55.41,50.62,55.41,-52.11,NaN,29 M
05/21/2026,1630,YELP,21.84,-2.80%,Communication Services,.4688,2.98,$4.56,39.575,19.6,25.73,25.64,28.46,4.0,-0.25,0.24,"1,618,308",0.0,1187334.21,1298473.95,105.12,-12.04,-23.37,0.23,30.21,20.61,30.21,-21.04,52.0,"1,201 M"
05/21/2026,1630,YPF,47.94,+1.85%,Energy,1.076,1.86,$2.86,49.0,22.82,44.56,43.23,35.85,4.0,0.62,0.74,"2,068,320",100849.04,2587896.63,2435846.1,10.08,16.33,12.01,0.97,49.36,33.56,-33.56,-42.1,52.0,"18,812 M"
05/21/2026,1630,YUM,154.32,+1.05%,Consumer Discretionary,.592,2.17,$5.92,169.39,137.33,154.42,157.16,152.61,6.0,0.12,0.64,"1,891,445",100124.17,1701837.01,1728386.03,19.03,-2.66,-1.86,1.32,169.61,149.08,-149.08,-149.08,47.0,"42,534 M"
05/21/2026,1630,YUMC,44.94,-1.34%,Consumer Discretionary,1,1.23,$2.56,58.39,41.69,47.23,49.02,47.76,-1.0,-0.06,-0.31,"2,434,731",100232.45,1469217.37,1599040.89,162.5,-13.56,-6.59,-1.19,57.62,45.03,57.62,50.16,51.0,"15,776 M"
05/21/2026,1630,ZG,37.25,+0.89%,Real Estate,2.016,2.95,$1.24,90.22,35.11,41.61,42.42,62.01,2.0,-0.63,0.45,"1,125,277",0.0,1077490.96,1100333.47,-25.37,-16.69,-15.42,-0.96,49.54,37.04,49.54,46.17,51.0,"8,523 M"
05/21/2026,1630,ZM,96.75,-2.69%,Information Technology,1.5,4.4,$6.40,111.56,69.15,100.61,89.17,84.97,-12.0,-0.6,-0.2,"9,034,050",0.0,4435999.86,4765248.56,55.07,24.12,-10.71,-2.14,112.08,71.56,112.08,112.08,0.0,"28,516 M"
05/21/2026,1630,ZS,171.01,-1.97%,Information Technology,1,12.54,$5.55,336.99,114.625,149.79,143.74,224.61,-2.0,1.0,-0.96,"2,589,116",-100866.31,2915433.7,3177853.79,-9.71,12.65,11.92,-2.11,168.59,115.29,-115.29,183.02,2.0,"27,497 M"
