Date,Time,Symbol,Last,%Change,Sector,Beta,StandardDeviation,Free Cash Flow Per Share - Current (LTM),52High,52Low,SimpleMovingAvg,SimpleMovingAvg,SimpleMovingAvg,A_MCADays_Streak,A_MACD_BRR,A_MACDH_D_BRR,Volume,A_VolumeSpike,VolumeAvg,VolumeAvg,VolumeRateOfChange,A_Perf2M,A_Perf2Wk,A_Perf3D,A_3mnHigh,A_3mnLow,A_3mnHighLow,A_3wkHighLow,A_EarningsDays,Market Cap
5/20/2026,1630,$COMP,26270.3593,0.00%,,1.21,462.1,<empty>,26707.1412,18599.6866,25582.45,23774.67,23034.25,-4,-0.89,-0.17,<empty>,NaN,NaN,NaN,NaN,21.35,1.67,0.17,26359.07,20690.36,26707.04,26707.04,NaN,0
5/20/2026,1630,$DJI,50009.35,1.31%,,1,283.13,<empty>,50512.79,41354.09,49501.4,48111.1,47543.58,1,0.86,0.34,"513,237,506",-100100.43,5.07E+08,5.21E+08,-29.99,9.72,0.2,0.98,50130.09,45057.36,50201.04,50201.04,NaN,0
5/20/2026,1630,$DXY,99.19,0.10%,,<empty>,0.495,<empty>,100.643,95.551,98.565,98.977,98.541,-2,0.59,-0.84,<empty>,NaN,NaN,NaN,NaN,0.043,0.95,0.238,101.36,97.62,101.36,-98.11,NaN,0
5/20/2026,1630,/6B[M26],1.343,-0.08%,,0.3089,0.0089,<empty>,1.3869,1.3011,1.3508,1.3432,1.3425,2,-0.31,0.16,"6,814",-100000.51,96457.3,104617.6406,-92.3828,0.0298,-0.8929,-0.0149,1.14,1.36,1.14,-1.03,NaN,0
5/20/2026,1630,/6C[M26],0.7272,-0.13%,,0.2666,0.00273,<empty>,0.74315,0.70845,0.73219,0.72974,0.7257,-1,-0.32,-0.25,"4,302",-300106.49,67545.6,72407.42188,-93.59345,-0.53344,-0.79127,-0.20585,1.52,1.36,-1.36,1.14,NaN,0
5/20/2026,1630,/6E[M26],1.16315,-0.12%,,0.1322,0.00611,<empty>,1.21105,1.12215,1.17181,1.16816,1.17097,1,-0.41,0.18,"11,483",-200000.51,183905.44,205468.1094,-92.68412,-0.2487,-0.96637,-0.33418,1.24,1.48,1.24,1.11,NaN,0
5/20/2026,1630,/6J[M26],0.0063,-0.14%,,0.041,3.87E-05,<empty>,0.007078,0.006243,0.006342,0.0063278,0.0065035,-11,-0.59,-0.2,"17,002",200109.12,150037.16,154923.75,-92.8767743,-0.9433962,-1.4238773,-0.1505666,0.62,0.15,-0.15,0.11,NaN,0
5/20/2026,1630,/BTC[K26],77955,0.32%,,0.9922,1742,<empty>,127240,60005,79050,74871,91632,1,-1,1,902,100762,8397,8877,-91,10,-3,1,83215,62591,83215,83215,NaN,0
5/20/2026,1630,/BZ[N26],105.86,0.80%,,0.055,3.58,<empty>,119.4,58.72,107.25,104.14,75.82,-2,-0.24,-0.43,"1,976",-101000.53,49734.44,64479.33,-94.7,5.34,2.67,-3.13,119.52,69.59,119.52,-96.1,NaN,0
5/20/2026,1630,/CL[N26],99.2,0.96%,,1.29,2.89,<empty>,119.48,54.98,100.66,98.19,71.28,-2,-0.24,-0.47,"15,212",100321.52,333729.48,392003.91,-93.71,11.62,1.58,-3.21,119.52,64.59,119.52,-89.11,NaN,0
5/20/2026,1630,/GC[M26],4526.2,-0.20%,,0.1486,87.8,<empty>,5626.8,3250.5,4628.4,4690.9,4367.9,-1,-0.3,-0.5,"21,652",0,149000.9,150199.5,-76.4,2.6,-3.6,-1,5434.6,4100.4,-4100.4,4783.1,NaN,0
5/20/2026,1630,/HG[N26],6.292,-0.61%,,0.037,0.2196,<empty>,6.716,4.3325,6.2085,5.9317,5.426,-6,-0.78,-0.36,"5,634",0,44177.2,44396.9063,-79.9159,14.6815,2.7265,-0.6944,7.06,5.42,7.06,7.06,NaN,0
5/20/2026,1630,/NG[M26],3.041,1.23%,,0.5784,0.118,<empty>,7.439,2.495,2.828,2.844,3.406,-2,0.51,-0.36,"2,089",0,109674.88,115855.688,-98.049,4.43,9.31,0.562,3.52,2.19,-2.19,-3.15,NaN,0
5/20/2026,1630,/NKD[M26],61865,0.54%,,0.352,1152,<empty>,63880,36490,61234,57662,51753,1,-1,0,873,200500,5883,6042,-76,17,0,1,63850,50410,63880,63880,NaN,0
5/20/2026,1630,/SI[N26],75.46,-0.95%,,0.6496,5.081,<empty>,121.785,32.74,77.839,76.342,65.097,-6,-0.28,-0.56,"6,236",0,44299.7,46975.094,-81.272,8.857,-4.378,-3.405,97.57,61.42,-61.42,90.06,NaN,0
5/20/2026,1630,AAAU,44.83,1.43%,,0.1642,0.83,<empty>,54.71,32.15,45.64,46.27,42.83,1,-0.29,0.51,"2,451,405",0,2273072.51,2370027.45,195.8,0.98,-3.13,0,53.56,43.4,-43.4,47.09,NaN,"2,761 M"
5/20/2026,1630,AAL,12.95,7.38%,Industrials,1.335,0.45,$1.67 ,16.5,10.09,12.31,11.59,12.97,1,0.71,0.46,"85,389,973",-100272.51,6.04E+07,6.64E+07,125.67,24.16,0.08,5.2,14.58,10.36,-10.36,13.08,43,"8,565 M"
5/20/2026,1630,AAPL,302.25,1.10%,Information Technology,1.066,7.66,$8.74 ,303.2,193.46,285.88,268.61,260.56,-5,1,-0.54,"38,229,843",300027.14,4.41E+07,4.35E+07,-58.38,21.88,5.13,0.67,295.06,246.36,-246.36,303.03,48,"4,439,253 M"
5/20/2026,1630,ABBV,212.3,-0.68%,Health Care,0.3085,3.54,$11.29 ,244.81,180.25,205.79,208.77,219.06,-1,0.77,-0.98,"5,128,998",-100136.43,6809783.29,6737539.14,-50.3,3.53,3.55,0.91,237.54,191.15,-191.15,-191.15,48,"375,090 M"
5/20/2026,1630,ABNB,135.55,3.35%,Consumer Discretionary,1.208,3.41,$7.52 ,147.25,110.81,138.03,133.99,128.3,1,0.4,0.16,"6,548,459",0,3631700.12,4013127.58,129.16,5.47,-3.1,2.03,147.2,120.61,147.2,147.08,52,"80,450 M"
5/20/2026,1630,ABR,5.78,-0.52%,Financials,1.175,1.02,$0.89 ,12.575,5.67,7.13,7.47,9.17,4,-0.12,0.19,"4,876,585",-401162.07,3662303.01,4046655.6,55.95,-23.04,-30.28,-0.17,9.54,6.03,9.54,-6.03,49,"1,112 M"
5/20/2026,1630,ABT,88.38,-0.50%,Health Care,0.6435,2.05,$4.24 ,139.06,81.97,87.97,96.93,117.95,7,0.39,0.95,"7,834,359",-100135.43,1.31E+07,1.21E+07,-60.14,-16.2,2.41,4.63,117.57,82.07,-82.07,-82.07,38,"153,941 M"
5/20/2026,1630,ACHC,24.07,-3.41%,Health Care,0.759,1.13,($3.23),30.1991,11.43,26.27,25.4,20.57,-4,-0.37,-0.15,"1,539,541",-100568.15,2974869.42,3255340.2,-85.92,5.9,-4.86,-6.74,30.12,16.62,30.12,30.12,47,"2,214 M"
5/20/2026,1630,ACHR,5.78,-2.20%,Industrials,2.844,0.29,($0.90),14.62,4.8,6.04,5.85,8.08,-7,-0.89,-0.35,"47,082,421",-200281.03,3.22E+07,3.25E+07,73.6,0.35,-9.83,-4.46,8.56,5.36,-5.36,7.07,55,"4,409 M"
5/20/2026,1630,ACI,17.05,-0.87%,Consumer Staples,0.2592,0.4,$0.97 ,22.78,15.545,16.48,16.85,17.7,7,0.46,0.92,"5,092,755",-100131.07,6602458.93,6390961.86,-3.14,-1.39,6.36,3.96,19.6,16.06,-16.06,-16.06,41,"8,432 M"
5/20/2026,1630,ADBE,253.37,-0.64%,Information Technology,1.452,6.71,$24.58 ,421.48,224.13,247.41,245.98,306.77,4,0.76,0.62,"4,789,627",200143.47,5661904.47,5575247.03,-6.62,2.1,1.28,2.33,285.53,224.28,-224.28,-232.04,15,"102,412 M"
5/20/2026,1630,ADYEY,11.1,1.19%,Financials,2.36,0.37,$33.73 ,19.94,9.45,11,10.64,14.36,3,0.78,0.57,"757,305",100000.07,1758528.96,1930843.16,-4.25,12.35,-1.16,8.4,12.58,9.33,-9.33,-10.05,NaN,"35,006 M"
5/20/2026,1630,AFK,26.81,1.86%,,0.7379,0.82,<empty>,30.85,18.56,27.36,26.88,25.73,-6,-0.49,-0.33,"39,135",-200043.46,77673.14,85759.98,-64.39,9.03,-4.9,-0.22,31.59,24.42,-24.42,29.07,NaN,119 M
5/20/2026,1630,AFRM,67.12,2.79%,Financials,3.503,1.3,$2.37 ,100,42.095,65.34,56.31,67.54,1,-0.79,0.28,"5,927,180",-100679.45,5252295.72,5533138.16,19.53,53.21,2.35,1.98,71.08,42.37,71.08,-60.05,67,"22,478 M"
5/20/2026,1630,AGCO,114.77,2.91%,Industrials,1.121,2.73,$7.39 ,143.78,95.96,116.82,116.91,113.7,1,0.25,0.43,"585,117",-100144.12,719868.11,714910.57,-28.04,5.04,-4.54,1.32,141.61,108.42,-108.42,123.12,48,"8,310 M"
5/20/2026,1630,AHR,51.68,1.71%,Real Estate,0.5607,0.8,$1.81 ,54.67,33.705,50.51,49.78,47.04,2,0.57,0.57,"1,940,082",0,2391347.2,2445251.75,44.62,7.42,3.32,4.72,55.57,47.36,-47.36,52.07,53,"9,960 M"
5/20/2026,1630,AIQUY,41.07,2.19%,Materials,0.7789,0.74,$5.45 ,44.415,36.169,41.87,41.55,39.96,3,0.08,0.24,"118,991",0,194231.22,215942.72,-38.3,7.06,-3.18,2.62,44.26,38.51,44.26,-40.03,46,"118,505 M"
5/20/2026,1630,AKAM,143.55,1.56%,Information Technology,0.5109,18.86,$5.29 ,165.45,69.78,125.27,114.19,92.34,-5,-0.92,-0.52,"18,000,493",100355.01,6041694.91,5844806.55,241.02,29.93,17.67,-4.86,156.07,89.26,165.05,165.05,53,"20,870 M"
5/20/2026,1630,ALB,170.21,0.72%,Materials,1.364,12.44,$3.47 ,221,53.7,191.61,183.23,137.47,-6,-0.02,0,"2,321,489",-100466.1,2053352.45,2137381.23,4.8,8.62,-11.63,-5.64,221.09,155.42,221.09,221.09,47,"20,074 M"
5/20/2026,1630,ALCO,40.96,1.46%,Consumer Staples,0.9973,0.37,$1.66 ,45.01,30.89,41.08,41.12,37.31,2,0.17,0.37,"18,220",300200.43,28198.53,28302.41,0.37,6.47,0.17,1.97,45.29,37.49,45.29,-40.03,56,304 M
5/20/2026,1630,ALGN,163.38,5.30%,Health Care,1.786,6.47,$8.11 ,208.305,122,170.73,174.52,157.24,3,0.03,0.27,"1,518,298",-100247.44,1125551.52,1145897.13,-21.44,-5.66,-6.07,3.9,200.21,157.03,200.21,192.17,47,"11,701 M"
5/20/2026,1630,ALLY,42.62,4.33%,Financials,1.107,0.94,($0.36),47.27,32.5018,43.27,41.43,41.35,1,0.46,0.23,"2,517,727",-100133.21,3466175.09,3556470.12,-9.28,10.9,-3.79,1.5,47.21,36.48,47.21,45.16,38,"13,064 M"
5/20/2026,1630,ALNY,298.48,1.42%,Health Care,0.3326,5.21,$4.88 ,495.55,284.19,297.88,311.11,389.59,3,0.61,0.72,"799,240",100140.15,1115615.42,1105278.49,-63.54,-4.39,-1.49,4.01,346.62,284.07,-284.07,-284.07,48,"39,851 M"
5/20/2026,1630,AMAT,426.85,4.90%,Information Technology,1.667,17.2,$6.72 ,448.45,153.47,414.3,385.56,284.73,1,-0.57,0.41,"6,888,397",100261.04,6707040.34,6850221.79,-2.29,19.55,-0.41,-2.24,448.07,317.51,448.07,448.07,58,"338,752 M"
5/20/2026,1630,AMBA,83,8.23%,Information Technology,2.181,3.71,$1.36 ,96.69,48.3,73.75,61.92,71.55,1,0.95,0.65,"989,987",-100163.58,814335.3,886166.93,32.61,53.65,9.96,2.27,81.07,48.36,-48.36,-62.16,5,"3,641 M"
5/20/2026,1630,AMD,447.58,8.10%,Information Technology,2.293,37.65,$5.27 ,469.215,107.6671,392.7,292.9,227.98,1,-0.85,0.21,"36,137,499",300369.11,3.89E+07,3.87E+07,-14.19,122.31,6.22,5.54,469.07,188.55,469.07,469.07,51,"729,824 M"
5/20/2026,1630,AMG,301.34,2.18%,Financials,1.144,4.14,$37.82 ,334.78,172.54,296.7,287.88,271.61,1,0.53,0.42,"355,410",0,343041.18,362031.23,-24.99,8.33,-1.53,2.53,320.62,254.33,-254.33,318.13,48,"7,959 M"
5/20/2026,1630,AMH,32.2,1.55%,Real Estate,0.8179,0.47,$2.25 ,38.11,27.215,31.6,29.99,31.74,3,0.78,0.2,"2,704,377",100146.58,3242565.9,3844894.96,-14.54,17.6,-0.74,5.19,33.09,27.42,33.09,33.09,48,"11,611 M"
5/20/2026,1630,AMLP,54.4,-0.80%,,0.506,0.55,<empty>,55.22,44.64,53.45,52.82,49.35,-1,0.76,-0.71,"1,207,408",-100016.35,1580612.25,1557525.72,-35.67,2.91,3.05,0.65,54.11,51.23,-51.23,-52.17,NaN,"12,805 M"
5/20/2026,1630,AMN,26.86,-0.22%,Health Care,0.2947,3.86,$18.27 ,31.65,14.865,24.59,21.24,19.24,-5,-0.89,-0.47,"1,387,324",200472.08,1010718.79,1162357.62,2.13,49.14,28.09,-6.12,32.07,17.62,32.07,32.07,53,"1,042 M"
5/20/2026,1630,AMPH,18.08,1.46%,Health Care,0.9111,2.66,$2.88 ,31.2641,16.645,20.3,20.22,24.95,3,0.46,0.44,"868,756",-100485.08,581057.64,615113.27,113.33,-7.28,-24.35,7.17,29.62,17.03,29.62,-17.02,53,797 M
5/20/2026,1630,AMZN,265.01,2.19%,Consumer Discretionary,1.448,4.18,($0.23),278.56,196,266.31,239.67,230.06,1,-0.7,0.21,"34,933,152",-100334.15,4.49E+07,4.58E+07,-65.4,29.04,-3.63,0.33,279.11,199.37,279.11,279.11,48,"2,850,742 M"
5/20/2026,1630,AN,184.67,3.40%,Consumer Discretionary,0.7722,9.88,($2.85),228.9166,176.25,198.45,196.03,206.14,1,-0.12,0.07,"489,120",-100334.14,403487.55,416628.62,-40.06,1.77,-9.82,0.28,218.13,180.43,218.13,218.13,49,"6,179 M"
5/20/2026,1630,AQWA,18.49,0.95%,,0.9155,0.31,<empty>,20.92,18.145,19.09,19.19,19.49,1,-0.2,0.32,"25,479",-100124.53,12099.19,33859.21,284.48,-0.03,-4.13,0.05,21.58,18.43,21.58,20.17,NaN,24 M
5/20/2026,1630,AR,37.98,-2.57%,Energy,0.4376,1.17,$3.08 ,45.75,29.1,37.9,39.39,35.09,-1,0.22,-0.81,"5,111,244",0,5431632.87,5594109.43,-28.35,-11.86,3.09,-0.68,46.36,33.6,46.36,-36.09,47,"11,768 M"
5/20/2026,1630,ARE,47.84,4.36%,Real Estate,1.156,1.92,$8.24 ,88.236,39.41,44.83,46,59.06,1,0.72,0.57,"1,541,954",-200849.17,2370639.33,2408680.16,-35.12,0.95,4.39,6.38,55.58,39.16,-39.16,-39.16,41,"8,337 M"
5/20/2026,1630,ARGT,90.07,2.17%,,0.9374,1.67,<empty>,103.9699,66.49,90.33,90.64,87.09,1,0.28,0.38,"124,422",100032.15,285983.12,262408.93,-81.09,5.28,-4.15,3.68,97.3,83.55,97.3,-86.03,NaN,799 M
5/20/2026,1630,ARHS,5.99,3.63%,Consumer Discretionary,2.347,0.69,$0.10 ,12.63,5.57,6.76,6.85,9.31,5,0.3,0.19,"1,429,361",-100165.04,1398255.55,1456401.15,33.1,-11.65,-21.08,4.17,10.58,6.05,10.58,8.16,53,848 M
5/20/2026,1630,ARKK,75.84,2.71%,,1.981,1.84,<empty>,92.65,55.02,76.81,73.59,77.9,1,-0.65,0.3,"8,316,631",200150.42,9746887,1.00E+07,11.74,9.67,-4.7,1.26,81.07,63.36,81.07,81.07,NaN,"7,447 M"
5/20/2026,1630,ARQQ,13.09,7.56%,Information Technology,2.67,0.99,($2.18),62,11.52,14.17,13.99,25.89,1,-0.86,0.3,"334,588",-200218.24,326818.59,304538.02,25.82,-3.75,-16.52,-1.87,18.58,12.36,-12.36,16.09,1,205 M
5/20/2026,1630,AS,34.84,2.99%,Consumer Discretionary,1.118,1.33,$0.80 ,42.76,28.92,34.7,34.25,35.72,3,0.39,0.4,"7,502,489",-200151.02,4391193.3,4922506.64,131.64,13.34,-6.32,6.09,43.62,31.42,-31.42,-33.05,60,"20,271 M"
5/20/2026,1630,ASBFF,25.76,0.00%,Consumer Staples,0.4235,2.36,<empty>,31.08,23.18,27.04,28.05,25.16,1,0.29,0.37,<empty>,NaN,2186.16,2774.45,-72.45,-11.17,-3.38,6.01,31.09,23.04,-23.04,-23.04,NaN,"18,028 M"
5/20/2026,1630,ASO,50.6,2.74%,Consumer Discretionary,1.031,1.62,$3.32 ,62.445,39.87,52.85,54.63,52.95,1,0.02,0.4,"1,100,271",-200851.46,1487698.98,1479441.88,3.95,-2.65,-7.09,0.1,62.58,49.05,62.58,58.17,13,"3,264 M"
5/20/2026,1630,ATRO,84.99,7.07%,Industrials,1.101,3.73,$0.68 ,86.2699,27.2701,75.9,72.65,58.92,1,0.59,0.76,"743,196",101060.06,566780.65,598923.1,69.52,33.32,8.7,8.14,84.56,61.36,-61.36,-66.15,48,"3,046 M"
5/20/2026,1630,AVB,186.69,0.85%,Real Estate,0.8055,1.82,$11.84 ,209.86,160.095,183.03,173.83,180.77,1,-0.87,0.37,"915,838",-200124.09,1010613.31,999679.69,-36.25,15.69,0.13,3.23,188.06,160.35,188.06,188.06,47,"25,971 M"
5/20/2026,1630,AVGO,417.76,1.63%,Information Technology,1.418,7.39,$6.12 ,442.36,226.18,419.79,374.02,348.68,-4,-0.61,-0.27,"16,312,553",0,2.25E+07,2.38E+07,-25.25,34.54,-1.81,-1.75,438.1,290.36,442.04,442.04,9,"1,977,955 M"
5/20/2026,1630,AVO,12.33,0.82%,Consumer Staples,0.5968,0.59,$0.54 ,15.53,10,13.15,13.42,12.78,3,0.01,0.34,"981,797",-200548.23,1014206.8,905567.14,-2.59,0.9,-9.4,3.18,16.3,12.45,16.3,-12.02,10,874 M
5/20/2026,1630,AVTR,7.88,3.14%,Health Care,0.9303,0.25,$0.65 ,15.93,7.265,7.96,7.95,10.87,1,0.64,0.54,"22,537,206",100357.01,9433528.66,9608319.04,53.76,4.93,-6.52,3.41,9.62,7.37,-7.37,9.09,49,"5,380 M"
5/20/2026,1630,AWI,157.35,2.96%,Industrials,1.186,4.28,$5.53 ,206.0799,149.06,164.71,167.79,185.3,1,0.26,0.4,"393,872",200132.17,453836.34,538626.12,0.15,-3.97,-5.34,1.4,202.62,155.03,202.62,182.17,46,"6,716 M"
5/20/2026,1630,AXP,309.82,0.16%,Financials,1.075,3.89,$20.73 ,387.49,281.465,315.57,311.8,336.6,1,-0.58,0.29,"4,577,145",100039.43,3286014.68,3687794.22,-0.23,4.85,-3.75,-1.17,346.62,291.42,-291.42,325.13,44,"211,398 M"
5/20/2026,1630,AZO,3419.36,2.15%,Consumer Discretionary,0.4089,84.78,$95.97 ,4388.11,3210.72,3488.78,3471.88,3746.25,3,0.43,0.33,"358,592",100342.01,201813.04,192398.69,2.72,4.16,-3.46,2.96,3882.56,3281.42,3882.56,-3280.02,3,"56,340 M"
5/20/2026,1630,B,40.94,3.65%,Materials,-0.1084,2.62,$2.99 ,54.69,18.4135,41.19,41.25,38.94,-6,-0.53,-0.47,"10,837,969",100647.08,1.33E+07,1.35E+07,-19.86,10.23,-1.54,0.81,51.56,36.42,-36.42,48.07,55,"68,595 M"
5/20/2026,1630,BA,222.2,3.34%,Industrials,1.208,7.63,($1.82),254.3499,176.77,228.82,217.6,219.63,1,-0.5,0.15,"7,708,546",-100639.05,7010382.22,6851392.7,59.23,13.88,-3.36,0.78,241.07,188.36,244.04,244.04,46,"175,161 M"
5/20/2026,1630,BABA,134.47,-0.86%,Consumer Discretionary,0.4747,4.24,($3.11),192.67,103.71,135.39,131.95,149.38,-5,-0.67,-0.42,"7,035,407",201052.06,1.14E+07,1.13E+07,-5.14,9.85,-4.93,1.42,156.61,118.31,-118.31,147.05,68,"322,612 M"
5/20/2026,1630,BAC,51.23,1.05%,Financials,1.205,1.29,$7.63 ,57.55,42.35,51.79,50.68,51.68,4,0.45,0.25,"47,739,417",100043.43,3.66E+07,3.93E+07,76.23,8.63,-4.42,2.93,55.25,46.43,55.25,-49.03,36,"363,558 M"
5/20/2026,1630,BALL,56.81,3.08%,Materials,1.063,1.83,$2.21 ,68.29,44.83,58.74,60.17,55.14,3,0.02,0.36,"3,821,620",100130.11,2527569.77,2386009.47,3.7,-0.44,-3.71,2.92,68.6,55.03,68.6,62.16,51,"15,125 M"
5/20/2026,1630,BBN,15.62,0.64%,,0.679,0.22,<empty>,17.45,15.38,16,16.05,16.47,1,-0.23,0.2,"258,242",-100100.11,194853.23,189834.45,96.3,-1.2,-2.86,-0.51,17.57,16.36,17.57,16.16,NaN,965 M
5/20/2026,1630,BBWI,16.88,4.78%,Consumer Discretionary,1.434,1.17,$4.16 ,33.96,14.275,18.61,18.81,22.62,1,-0.53,0.2,"5,947,075",200559.24,5936411.79,5960723.1,-0.07,-13.03,-12.08,-1.23,25.62,17.37,25.62,20.17,4,"3,399 M"
5/20/2026,1630,BBY,60.98,2.85%,Consumer Discretionary,1.251,1.46,$5.96 ,84.99,55.1,58.63,61.58,69.81,5,0.45,0.8,"4,128,129",100545.39,3827466.33,4349002.63,28.86,-2.9,3.9,8.35,68.54,55.05,-55.05,-55.05,5,"12,848 M"
5/20/2026,1630,BCO,106.65,4.25%,Industrials,1.058,1.78,$13.03 ,136.37,80.1,106.54,105.84,114.33,1,0.63,0.52,"402,083",101129.57,488276.14,552701.95,54.89,9.18,-2.16,2.78,136.58,96.42,-96.42,-99.05,52,"4,392 M"
5/20/2026,1630,BDRY,12.11,-4.27%,,0.7135,0.53,<empty>,13.34,5.03,12.18,11.2,9.6,-5,-0.78,-0.49,"110,161",500157.52,104839.93,167949.94,-12.78,20.98,0,-8.12,13.06,10.36,13.06,13.06,NaN,38 M
5/20/2026,1630,BEAM,27.11,2.96%,Health Care,2.141,2.07,($3.74),36.44,15.35,29.77,27.71,25.64,-8,-0.37,-0.1,"2,137,154",-201095.19,2134316.33,2115177.21,48.87,10.07,-16.17,-2.94,34.07,22.36,34.07,34.07,51,"2,789 M"
5/20/2026,1630,BEPC,36.94,2.21%,Utilities,1.135,0.63,($1.86),45.18,27.72,37.36,39.43,38.94,12,0.14,0.71,"986,508",-200342.14,1564589.25,1468789.68,-60.89,-4.25,-1.23,1.71,44.57,34.12,-34.12,-34.12,49,"6,737 M"
5/20/2026,1630,BIDU,135.22,-1.79%,Communication Services,0.4514,6.95,($4.60),165.3,81.17,133.91,123.57,124.3,-5,-0.74,-0.45,"2,232,698",-100260.04,2264004.44,2318332.52,38.2,18.34,-3.82,-0.08,150.07,106.36,152.05,152.05,61,"46,009 M"
5/20/2026,1630,BIO,287.86,2.42%,Health Care,1.102,14.47,$13.21 ,343.12,211.43,265.34,273.21,292.5,6,0.46,1,"551,089",100339.03,366606.11,346569.18,-15.24,8.84,11.13,16.29,313.21,237.05,-237.05,-237.05,48,"7,704 M"
5/20/2026,1630,BIP,39.19,2.00%,Utilities,1.046,1.01,($2.86),40.32,29.63,36.98,36.66,34.96,1,0.75,0.85,"630,434",-100328.16,988070.15,980854.31,-28.13,7.46,5.55,3.27,40.56,33.15,-33.15,-33.15,48,"18,028 M"
5/20/2026,1630,BIRK,33.21,2.18%,Consumer Discretionary,1.055,3.02,$1.94 ,57.2,31.12,36.96,36.93,41.7,2,0,0.11,"1,949,524",-200850.04,2323860.47,2351365.63,6.6,-0.39,-16.14,6.48,43.21,31.03,43.21,-31.03,57,"6,108 M"
5/20/2026,1630,BITO,10.6,1.15%,,1.724,0.24,<empty>,23.63,8.61,10.79,10.22,14.1,-7,-0.89,-0.45,"134,759,367",100256.05,1.19E+08,1.15E+08,82.16,9.62,-4.93,-1.94,11.07,9.6,11.07,11.07,NaN,"1,801 M"
5/20/2026,1630,BJ,95.35,-2.37%,Consumer Staples,1.5,1.86,$2.50 ,120.08,86.68,94.22,95.12,95.22,-1,-0.53,-0.86,"2,108,633",100635.54,1895111.87,1899209.94,11.24,-1.74,3.14,-1.05,102.54,90.28,-90.28,-91.15,2,"12,175 M"
5/20/2026,1630,BJRI,43.87,4.15%,Consumer Discretionary,1.251,2,$3.71 ,47.02,28.46,40.03,37.85,36.97,1,0.9,0.8,"346,869",100943.11,365315.77,385801.35,47.9,25.13,9.54,4.3,44.07,33.47,-33.47,-36.12,48,922 M
5/20/2026,1630,BK,137.16,0.62%,Financials,1.059,2.09,$1.83 ,139.1499,87.41,133.95,127.38,115.79,8,0.55,0.4,"3,073,291",-100126.24,3735732.78,3647721.43,-49.35,19.33,2.63,1.58,139.21,112.51,139.21,-130.08,37,"94,144 M"
5/20/2026,1630,BKNG,156.95,1.56%,Consumer Discretionary,-1.288,6.28,$11.24 ,233.576544,150.14,165.36,171.35,196.25,4,0.39,0.37,"8,111,291",100140.58,7494053.85,9455989.4,-6.17,-9.26,-6.75,1.83,194.21,151.61,194.21,181.17,47,"121,617 M"
5/20/2026,1630,BKV,29.15,-1.19%,Energy,1.055,1.43,($4.94),32.81,19.56,29.54,28.78,26.29,5,0.35,0.37,"856,073",-100056.43,1088414.52,1032450.71,-30.25,0.17,-2.35,2.24,33.56,26.25,-26.25,-27.04,56,"3,189 M"
5/20/2026,1630,BLDR,71.23,7.29%,Industrials,1.453,3.57,$7.80 ,151.03,65.1,77.66,82.12,109.62,1,0.24,0.31,"3,275,173",-300562.15,2475757.07,2477198.65,-44.79,-12.3,-11,1.16,114.62,70.03,114.62,92.17,48,"7,661 M"
5/20/2026,1630,BLK,1051.57,1.47%,Financials,1.466,19.3,$23.68 ,1219.9399,917.39,1066.33,1017.34,1079.49,-4,-0.85,-0.34,"760,441",100341.52,749078.81,789657.32,32.65,9.78,-2.05,-2.8,1108.61,917.48,1111.04,1111.04,37,"163,239 M"
5/20/2026,1630,BLMN,7.86,3.29%,Consumer Discretionary,1.096,0.96,$1.40 ,10.7,5.19,7.13,6.37,6.77,-6,-0.89,-0.48,"2,972,313",101578.11,2904630.26,3023657.65,100.27,35.05,-3.2,-2.24,9.07,5.36,9.07,9.07,52,673 M
5/20/2026,1630,BLOK,62.29,2.55%,,1,1.77,<empty>,75.89,46.9,62.02,57.09,60.49,-7,-0.81,-0.34,"330,030",100134.26,300718.5,325747.84,8.56,21.07,-5.51,-0.73,66.07,47.36,66.04,66.04,NaN,"1,308 M"
5/20/2026,1630,BNDD,96.7223,0.56%,,0.4794,0.61,<empty>,102.28,94.64,97.42,97.96,98.25,1,-0.34,0.09,8,-100020.21,323.07,360.94,-90.04,-2,-1.59,0.21,100.51,97.03,100.51,98.1,NaN,9.7 M
5/20/2026,1630,BNO,55.64,-5.39%,,0.0183,2.01,<empty>,60.81,26.59,56.04,52.28,35.89,-1,-0.4,-0.43,"7,514,199",-400395.42,6310114.65,6228105.53,97.25,5.14,3.94,-3.55,61.12,33.58,61.12,-51.09,NaN,871 M
5/20/2026,1630,BOOT,142.27,0.52%,Consumer Discretionary,1.675,11.68,$4.13 ,210.25,133.1797,158.56,157.27,177.31,2,-0.32,0.14,"1,280,382",-200849.04,748051.87,693759.75,150.77,-9.89,-17.24,-1.1,204.58,133.33,-133.33,174.09,48,"4,318 M"
5/20/2026,1630,BP,45.13,-2.19%,Energy,0.1928,1.1,$0.74 ,48.27,28.41,45.45,45.46,38.08,8,0.15,0.46,"8,178,775",-200239.35,1.40E+07,1.36E+07,-25.37,0.78,1.12,1.76,48.35,37.58,48.35,-43.08,51,"116,210 M"
5/20/2026,1630,BRBR,8.97,0.90%,Consumer Staples,0.5792,2.72,$1.53 ,63.835,8.53,12.64,14.84,26.24,7,0.15,0.36,"3,251,893",100988.11,4431138.46,4156609.85,-3.52,-47.91,-19.19,-7.43,19.62,9.05,19.62,18.13,50,"1,043 M"
5/20/2026,1630,BRCB,6.37,-4.64%,Consumer Discretionary,2.066,2.32,($2.20),30.4,6.32,10.48,12.9,NaN,2,-0.05,0.04,"1,487,983",-200780.05,534016.17,582359.74,220.07,-57.48,-47.36,-9.13,18.45,7.03,18.45,13.17,56,137 M
5/20/2026,1630,BRKR,44.26,3.92%,Health Care,1.147,2.75,$0.01 ,56.22,28.53,40.32,38.09,39.69,-6,0.78,-0.69,"1,865,800",-100250.06,2193093.93,2146905.39,-19.57,32.71,4.63,3.22,45.06,32.46,45.05,45.05,51,"6,738 M"
5/20/2026,1630,BROS,55.11,4.43%,Consumer Discretionary,2.251,3.04,$0.72 ,77.88,44.58,54.29,52.71,57,5,0.48,0.45,"3,833,329",-100158.1,4229115.63,4404960.99,16.87,10.22,-6.69,8.04,60.1,45.37,60.1,-48.05,52,"7,561 M"
5/20/2026,1630,BTAL,12.37,-2.06%,,-0.6186,0.23,<empty>,19.59,11.81,12.28,13.08,14.55,7,0.47,1,"551,881",-300160.21,977286.13,1018635.96,-30.26,-12.58,4.48,1.64,15.51,12.09,-12.09,-12.09,NaN,304 M
5/20/2026,1630,BTC,34.33,1.15%,,1.474,0.75,<empty>,55.96,27.545,34.87,32.96,40.51,-7,-0.86,-0.49,"1,507,413",0,2471685.96,3421742.74,-22.09,10.56,-4.72,-1.86,36.07,28.6,36.07,36.07,NaN,"4,114 M"
5/20/2026,1630,BTC-USD,-61.6,7.52%,,4.768,7.85,<empty>,23.4124,-70.135,-52.82,-35.99,-15.57,4,0.14,0.65,"1,477,620",-100367.01,936667.53,908329.32,36.23,236.24,17.07,1.57,-11.64,-69.96,70.36,70.12,NaN,"-1,863 M"
5/20/2026,1630,BTI,65.3,-1.15%,Consumer Staples,0.3319,3.38,$3.49 ,67.3,44.015,60.94,59.31,57.15,-2,1,-0.83,"4,033,080",100330.07,4415233.93,4632766.28,17.91,13.82,9.64,0.32,64.06,55.21,67.04,67.04,48,"141,212 M"
5/20/2026,1630,BUD,82.51,0.73%,Consumer Staples,0.5661,2.31,$5.66 ,83.08,56.97,78.01,74.35,67.33,-9,0.78,-0.7,"1,589,914",100127.12,1967544.77,2007446.92,-32.8,22.27,0.51,1.96,83.1,67.42,-67.42,-72.15,48,"159,767 M"
5/20/2026,1630,BULL,6.99,-0.14%,Financials,2.72,0.12,$1.41 ,18.32,4.5,7.07,6.1,9.19,-4,-0.81,-0.18,"10,252,440",-100694.22,1.25E+07,1.24E+07,29.48,36.26,-4.51,-0.99,8.21,5.33,8.21,8.11,1,"3,717 M"
5/20/2026,1630,BURL,310.19,8.42%,Consumer Discretionary,1.427,11.25,$2.72 ,351.85,218.52,307.68,317.49,291.48,5,0.09,0.49,"1,572,540",300851.01,700512.86,757579.3,185.06,-0.06,-2.06,5.65,352.22,281.05,-281.05,-281.05,5,"19,489 M"
5/20/2026,1630,BUXX,20.26,0.10%,,0.0004,0.01,<empty>,20.46,20.18,20.24,20.25,20.3,9,0.36,0.84,"226,204",-100000.41,439922.38,412060.99,-15.93,-0.02,0.15,0.15,20.61,20.36,-20.36,-20.15,NaN,462 M
5/20/2026,1630,BXP,59.9,2.10%,Real Estate,1.076,0.52,$7.52 ,79.33,49.72,58.77,55.65,65.37,1,0.92,0.32,"1,221,921",-100443.58,1923764.17,2364987.94,-35.49,15.02,0.1,2.39,63.62,50.51,-50.51,61.04,46,"9,553 M"
5/20/2026,1630,BYD,79.27,1.51%,Consumer Discretionary,1.135,2.59,$2.46 ,89.96,72.01,83.43,83.77,83.68,1,0,0.09,"1,262,364",100230.19,966789.86,970771.59,53.04,-2.21,-6.91,0.23,89.19,77.51,89.19,89.16,43,"5,892 M"
5/20/2026,1630,BYDDF,11.58,-3.50%,Consumer Discretionary,0.1963,0.49,<empty>,20.50333333,11.2,12.87,13.19,13.1,-5,0,-0.04,"828,613",-300100.01,207565.08,204845.25,649.99,-10.54,-9.64,-5.47,15.27,12.52,15.27,14.14,NaN,"105,577 M"
5/20/2026,1630,C,124.82,4.04%,Financials,1.11,2.32,($20.72),135.29,71.65,126.25,121,109.42,1,0.3,0.09,"11,181,970",-200048.43,1.28E+07,1.36E+07,-7.8,13.97,-2.18,1.13,135.21,102.51,135.21,132.08,36,"212,890 M"
5/20/2026,1630,CACC,557.94,1.83%,Financials,1.378,16.16,$94.71 ,565.14,401.9,526.61,488.96,479.28,1,0.97,0.46,"103,858",200644.54,160348.89,188023.86,-12.87,29.4,3.34,1.85,565.1,405.34,565.1,565.1,48,"5,836 M"
5/20/2026,1630,CAG,13.76,-1.22%,Consumer Staples,-0.0153,0.22,$1.76 ,23.09,13.42,14.03,14.85,17.39,3,0.35,0.67,"11,326,228",-500437.28,1.57E+07,1.47E+07,-31.04,-9.23,-2.2,2.46,19.56,13.03,19.56,-13.03,33,"6,583 M"
5/20/2026,1630,CAH,199.23,-0.57%,Health Care,0.5167,6.47,$18.48 ,233.6,137.75,194.92,205.08,191.52,7,0.24,1,"1,756,927",200030.04,2011262.88,1942702.22,-61.32,-4.14,4.04,2.06,234.56,180.05,-180.05,-180.05,60,"46,661 M"
5/20/2026,1630,CAKE,60.3,3.13%,Consumer Discretionary,1.016,1.34,$3.68 ,69.7,43.07,60.64,59.09,56.63,1,0.34,0.41,"877,285",-100339.15,1222002.2,1266338.27,-67.83,5.51,-0.53,1.36,67.58,53.37,-53.37,-56.05,46,"2,996 M"
5/20/2026,1630,CAMT,159.37,5.33%,Information Technology,1.573,18.19,$2.78 ,215.99,62.88,183.74,174.02,131.22,1,0,0.05,"280,174",-200873.03,459802.67,485070.55,-11.19,-3.97,-21.31,-5.33,216.07,141.35,216.07,216.07,56,"7,338 M"
5/20/2026,1630,CANE,9.98,-1.19%,,-0.0302,0.14,<empty>,11.5,8.97,9.91,9.88,9.88,-5,-0.57,-0.6,"543,541",100142.13,758529.29,641059.12,-74.1,-4.5,0.1,0,11.38,9.23,-9.23,10.11,NaN,90 M
5/20/2026,1630,CARR,63.59,3.50%,Industrials,1.358,1.7,$2.00 ,81.09,50.24,64.65,60.93,59.55,-10,-0.53,-0.2,"5,360,100",100542.15,6724287.56,6522934.02,-66.03,9.51,-6.35,-1.67,69.14,54.36,69.14,69.14,46,"52,817 M"
5/20/2026,1630,CASY,852.51,0.04%,Consumer Staples,0.6381,13,$17.98 ,901,433.16,841.25,768.16,620.24,-5,-0.73,0,"364,595",300129.31,588470.12,586961.54,-11.43,29.24,-0.66,-0.03,879.06,627.51,901.04,901.04,13,"31,508 M"
5/20/2026,1630,CAT,872.56,1.44%,Industrials,1.564,21.17,$16.91 ,931.35,336.2409,877.42,792.02,621.52,-7,-0.64,-0.18,"2,415,643",100439.15,2421646.47,2546513.97,-53.57,28.15,-5.87,-1.77,931.09,663.51,931.09,931.09,51,"401,894 M"
5/20/2026,1630,CAVA,80.53,3.08%,Consumer Discretionary,1.876,5.82,$0.23 ,98.79,43.41,85.17,85.37,68.92,5,0.07,0.37,"11,328,485",-100759.01,3070430,3440223.41,367.13,-4.44,-10.03,4.76,99.21,66.6,99.21,-72.05,64,"9,380 M"
5/20/2026,1630,CBRL,29.98,3.92%,Consumer Discretionary,1.266,0.93,($0.96),71.93,24.85,30.21,29.18,35.4,1,0.64,0.23,"1,368,223",0,1042692.36,1109758.29,42.12,9.38,-2.41,-2.38,35.53,26.37,-26.37,32.08,10,670 M
5/20/2026,1630,CCK,97.37,2.24%,Materials,0.6511,1.86,$8.72 ,116.62,89.21,99.5,101.91,101.14,1,0.18,0.48,"1,052,722",-100134.17,1116856.61,1108414.62,-23.24,-1.09,-3.68,1.34,117.6,96.03,117.6,105.16,41,"10,881 M"
5/20/2026,1630,CCL,26.03,8.96%,Consumer Discretionary,2.32,0.96,$2.25 ,34.03,21.6217,25.9,26.06,28.59,1,0.42,0.46,"49,192,642",100058.12,2.91E+07,2.87E+07,75.52,7.92,-5.41,5.64,33.58,23.51,33.58,28.09,23,"36,055 M"
5/20/2026,1630,CCRN,13.11,0.08%,Health Care,0.4298,1.27,$1.23 ,14.99,7.43,11.67,10.42,10.8,-6,-0.99,-0.65,"628,429",200306.1,623424.23,640415.65,104.21,42.81,29.67,-0.15,13.08,8.62,13.08,13.08,52,407 M
5/20/2026,1630,CELH,28.63,-1.72%,Consumer Staples,0.9769,2.14,$0.96 ,66.74,27.66,31.75,35.07,47.62,4,-0.41,0.49,"9,675,874",-100171.08,8148094.27,7990950.37,72.65,-31.03,-12.71,-5.07,59.58,28.05,-28.05,-28.05,54,"7,319 M"
5/20/2026,1630,CF,123.3,-3.57%,Materials,0.4589,3.88,$10.23 ,141.96,75.415,123.92,124.94,96.28,-1,-0.27,-0.5,"4,444,174",-100164.43,4723755.54,4787808.84,20.16,-1.28,2.96,-1.55,142.36,94.6,142.36,130.06,52,"18,942 M"
5/20/2026,1630,CFG,62.83,2.45%,Financials,1.003,1.57,$5.50 ,68.79,38.796,63.3,61.77,57.22,4,0.36,0.29,"3,583,821",-300128.24,4454819,4748946.45,-9.97,10.19,-4.25,3.24,67.21,55.47,67.21,-60.03,38,"26,570 M"
5/20/2026,1630,CFLT,30.99,0.00%,Information Technology,0.9658,0.09,$0.11 ,31,15.64,30.72,30.56,24.82,1,0.14,0.28,<empty>,-300008.27,1.34E+07,1.26E+07,68.88,1.87,0.94,0.91,31.08,30.57,-30.57,-31.11,32,"11,134 M"
5/20/2026,1630,CFRUY,20.07,3.29%,Consumer Discretionary,1.255,0.54,$7.78 ,22.15,15.58,19.46,18.74,19.42,1,0.85,0.44,"359,785",-100100.49,592161.16,614687.7,-29.89,22.45,0.32,2.03,21.6,16.42,-16.42,21.09,2,"118,000 M"
5/20/2026,1630,CG,45.32,-0.44%,Financials,1.893,1.83,($11.89),69.848,43.19,48.8,48.48,56.51,-4,-0.41,-0.19,"2,974,247",-100247.1,3322923.21,3425226.75,-20.1,-3.84,-10.79,-5.62,55.58,45.48,55.58,53.1,52,"16,314 M"
5/20/2026,1630,CHD,96.12,0.39%,Consumer Staples,0.4876,1.53,$4.44 ,106.04,81.33,94.84,94.97,91.6,7,0.33,0.73,"1,583,407",-100225.14,2089276.96,2037710.23,-48.03,1.51,1.22,2.2,106.6,90.07,-90.07,-90.07,49,"22,775 M"
5/20/2026,1630,CHDN,85.63,-1.27%,Consumer Discretionary,0.7069,3.62,$5.38 ,118.455,80.24,92.24,89.78,98.22,5,-0.32,0.27,"623,026",300238.19,960018.26,1040923.05,-7.87,2.27,-7.18,-1.27,103.18,80.51,103.18,-85.05,47,"5,968 M"
5/20/2026,1630,CHEF,77.34,0.35%,Consumer Staples,2.16,1.35,$2.09 ,82.8112,53.2,76.49,67.86,63.79,-12,-0.8,-0.2,"400,723",101441.16,474423.66,485375.46,-55.57,33.25,-3.52,-3.73,83.08,57.33,83.08,83.08,47,"3,154 M"
5/20/2026,1630,CHH,112.26,5.75%,Consumer Discretionary,0.6583,3.15,$2.18 ,136.45,84.035,108.44,106.97,104.78,12,0.31,0.65,"749,459",100138.14,619523.55,618519.42,-64.87,14.99,6.74,4.97,124.21,94.49,124.21,-97.12,52,"5,107 M"
5/20/2026,1630,CHPT,6.23,1.63%,Industrials,1.768,0.18,($2.86),17.78,4.44,6.46,5.86,8.15,-3,-0.75,-0.14,"471,955",100597.27,475026.19,468581.55,9.8,19.12,-2.04,-6.03,7.2,4.36,7.2,7.17,9,152 M
5/20/2026,1630,CHRD,145.55,-2.74%,Energy,0.4546,4.4,$8.77 ,151.945,84.245,143.02,137.49,108.06,-1,-0.41,-0.67,"1,144,032",500347.31,974184.44,1080457.16,33.92,10.34,3.34,-1.91,151.11,102.59,-102.59,152.02,52,"8,194 M"
5/20/2026,1630,CHTR,144.61,1.48%,Communication Services,0.78,9.37,$30.73 ,422.29,136.63,160.79,197.64,224.28,14,0.05,0.57,"2,876,515",100450.15,2777345.97,2500201.16,-53.08,-32.11,-7.61,3.05,254.19,137.03,254.19,-137.03,44,"17,785 M"
5/20/2026,1630,CHWY,20.17,2.59%,Consumer Discretionary,1.495,1.71,$1.36 ,48.62,19.3,23.55,24.98,31.73,1,-0.25,0.16,"13,687,749",-100977.02,8389544.86,8522434.45,69.04,-13.69,-17.97,-5.22,29.21,21.03,29.21,26.17,14,"8,404 M"
5/20/2026,1630,CI,283.1,-2.81%,Health Care,0.2801,6.88,$28.94 ,338.8899,239.51,286.36,276.38,282.03,-5,-0.82,-0.49,"1,291,839",-100036.43,1664413.76,1686517.08,-46.45,7.71,0.4,-0.76,299.06,258.36,303.05,303.05,48,"74,889 M"
5/20/2026,1630,CLOX,25.585,0.06%,,0.1081,0.03,<empty>,25.71,25.35,25.56,25.52,25.54,5,0.77,0.52,"98,721",-300000.42,190735.66,215081.86,12.51,0.69,0.18,0.14,26.14,25.48,26.14,-25.12,NaN,284 M
5/20/2026,1630,CLOZ,26.465,0.09%,,0.1301,0.04,<empty>,26.96,25.23,26.37,25.98,26.44,-2,-0.9,-0.55,"351,474",-100100.58,330141.49,519243.26,11.14,3.62,0.53,0.21,26.62,25.54,-25.54,-26.12,NaN,662 M
5/20/2026,1630,CLX,94.26,1.83%,Consumer Staples,0.5759,2.44,$3.11 ,132.03,84.7,92.3,99.88,110.79,11,0.26,0.84,"2,423,224",-200134.13,2831159.81,2655182.55,-48.6,-11.2,4.72,4.21,129.58,85.11,-85.11,-85.11,48,"11,398 M"
5/20/2026,1630,CMCSA,24.88,0.32%,Communication Services,0.7312,0.86,$4.84 ,34.35801312,24.13308341,26.32,27.86,28.6,6,0.02,0.35,"33,277,092",100040.43,3.37E+07,3.22E+07,-20.76,-14.27,-5.9,0.48,32.53,25.05,-25.05,-25.05,48,"88,877 M"
5/20/2026,1630,CMG,32.96,-0.24%,Consumer Discretionary,1.009,0.51,$1.14 ,58.42,29.75,32.93,33.34,36.98,7,0.41,0.47,"12,284,710",-100343.15,1.61E+07,1.57E+07,-65.05,-1.23,0.67,0.95,38.58,31.36,-31.36,-32.07,47,"42,279 M"
5/20/2026,1630,CMI,669.87,1.58%,Industrials,1.223,20.67,$19.34 ,718.08,307.905,676.75,612.98,515.73,-4,-0.74,-0.08,"684,658",-100137.12,832535.8,861570.47,-22.2,25.55,-6.41,-3.83,718.09,510.36,718.09,718.09,51,"92,435 M"
5/20/2026,1630,CNA,44.43,0.41%,Financials,0.348,1.23,$7.98 ,50.72,42.48,45.32,46.09,46.77,8,0.15,0.62,"417,520",-100846.13,473797.21,499288.41,-4.47,-2.05,2.3,1.6,50.62,42.05,-42.05,-42.05,50,"12,020 M"
5/20/2026,1630,CNC,58.28,-1.47%,Health Care,0.9468,2.22,$14.45 ,60.76,25.075,53.85,42.9,38.67,-6,-0.94,-0.35,"3,111,677",200750.16,6775550.89,6460734.02,-71.53,69.42,5.33,0.02,60.06,32.36,-32.36,-42.17,46,"28,778 M"
5/20/2026,1630,CNH,10.46,2.25%,,1.59,0.25,($0.37),14.27,9,10.51,10.68,10.83,-7,-0.33,-0.61,"11,808,088",100449.15,1.65E+07,1.58E+07,-60.28,5.23,-3.33,0.29,13.62,10.43,-10.43,11.08,48,"12,970 M"
5/20/2026,1630,CNX,36.53,-2.25%,Energy,0.6522,0.89,$3.98 ,43.62,27.72,37.28,38.78,35.94,5,0.1,0.67,"1,505,723",-100043.43,2042579.86,2173910.9,-50.89,-9.76,-0.05,1.22,44.52,35.05,-35.05,-35.05,43,"5,168 M"
5/20/2026,1630,COAL,24.8,0.85%,,0.8522,0.47,<empty>,29.1,16.5903,25.37,26.21,23.89,1,-0.03,0.44,"29,862",-200246.25,204330.01,170295.85,-69.48,-8.32,-4.47,0.45,29.36,24.57,29.36,26.13,NaN,68 M
5/20/2026,1630,COCO,77.88,1.87%,Consumer Staples,0.7156,4.35,$1.13 ,79.7,31.79,67.73,57.96,49.46,-12,-0.98,-0.51,"759,074",-100262.15,1566325.58,1482747.71,-83.58,47.28,13.46,-0.71,76.06,45.35,-45.35,80.02,47,"4,448 M"
5/20/2026,1630,COF,187.23,2.86%,Financials,1.047,3.69,$45.02 ,259.635,174.98,189.1,188.53,212.68,1,0.44,0.46,"6,295,100",0,4615628,4957973.87,28.46,3.18,-3.19,0.03,211.58,175.37,-175.37,196.16,41,"116,512 M"
5/20/2026,1630,COIN,191.29,-1.12%,Financials,3.215,7.9,$6.68 ,444.645,139.36,197.49,191.34,252.24,-4,-0.88,-0.35,"7,044,169",100776.55,1.06E+07,1.13E+07,-9.54,-3.14,-3.37,-2.12,218.06,153.6,222.04,222.04,48,"50,397 M"
5/20/2026,1630,COM,34.74,-0.54%,,0.0021,0.37,<empty>,35.62,27.4615,34.53,33.9,30.67,-5,-0.5,-0.36,"138,385",200018.35,221545.89,202881.55,139.69,3.24,1.25,1.08,35.06,31.62,36.05,36.05,NaN,285 M
5/20/2026,1630,COP,122.36,-2.20%,Energy,0.1907,3.78,$4.72 ,135.87,84.28,121.47,123.57,103.08,-1,0.21,-0.89,"5,665,688",100039.43,9237411.42,9483195.38,-52.58,-3.59,2.91,-0.04,136.36,108.58,136.36,-114.08,53,"149,070 M"
5/20/2026,1630,COPJ,41.8,2.35%,,1.235,2.3,<empty>,53.945,20.89,42.51,41.06,37.99,-5,-0.52,-0.41,"61,702",0,132059.04,142440.8,-18.75,20.08,-1.25,-2.02,49.56,34.42,-34.42,48.05,NaN,164 M
5/20/2026,1630,COPX,82.31,3.70%,,1.07,4.61,<empty>,99.99,39.9605,82.74,80.34,70.33,-5,-0.5,-0.4,"5,544,762",100454.07,4305467.06,4611993.02,64.15,19.15,-1.51,-0.89,97.59,68.42,-68.42,93.05,NaN,"7,494 M"
5/20/2026,1630,CORN,18.42,-1.71%,,-0.0818,0.26,<empty>,19.13,16.61,18.65,18.43,17.81,-1,-0.55,-0.35,"529,175",-200124.29,1125987.89,955417.43,-4.28,-2.02,-0.11,1.54,19.12,17.62,19.05,-18.03,NaN,271 M
5/20/2026,1630,COST,1074.01,-1.86%,Consumer Staples,0.9146,29.8,$20.49 ,1096.5,844.06,1023.88,1006.33,956.49,-1,0.84,-0.8,"2,223,436",0,1780352.45,1844842.49,8.5,10.46,7.86,2.39,1036.29,960.52,-960.52,-985.15,5,"476,487 M"
5/20/2026,1630,CP,86.34,0.24%,Industrials,1.095,1.04,$1.62 ,89.415,68.421,85.77,82.51,77.32,1,-0.47,0.47,"3,119,380",-200328.16,2784385.56,2832471.38,-36.21,10.35,0.42,1.49,89.56,76.35,-76.35,-83.12,47,"76,647 M"
5/20/2026,1630,CPAY,350.48,2.14%,Financials,0.8427,16.98,$18.87 ,361.99,252.84,322.59,312.82,308.69,3,0.99,0.75,"569,540",0,583590.92,611004.35,20.16,21.92,14.75,6.78,354.61,281.42,-281.42,-298.1,52,"22,908 M"
5/20/2026,1630,CPER,38.57,2.50%,,0.4802,1.46,<empty>,40.78,27.08,37.69,36.13,33.26,-5,-0.79,-0.4,"954,003",-100035.04,844747.55,862635.41,75.48,19.23,2.74,1.13,40.06,32.42,41.05,41.05,NaN,746 M
5/20/2026,1630,CPNG,15.62,2.36%,Consumer Discretionary,1.195,1.86,$0.16 ,34.075,15.03,18.16,19.04,24.45,6,-0.21,0.28,"29,956,893",-100247.11,2.15E+07,2.27E+07,30.47,-17.05,-12.69,-3.1,22.23,16.05,22.23,21.11,51,"28,039 M"
5/20/2026,1630,CPRI,17.84,4.33%,Consumer Discretionary,1.483,0.79,($1.12),28.265,16.22,18.66,18.79,21.34,5,0.27,0.41,"2,171,283",0,2626522.33,2763687.03,-5.59,-1.38,-7.52,3.36,22.62,17.36,-17.36,21.17,4,"2,126 M"
5/20/2026,1630,CPT,106.29,1.17%,Real Estate,0.8309,0.83,$7.67 ,119,96.53,104.32,101.93,105.28,3,0.78,0.58,"1,129,696",-300026.1,1194607.98,1137402.39,-19.09,9.17,1.41,3.61,111.58,97.37,-97.37,-101.17,48,"10,532 M"
5/20/2026,1630,CRCL,111.62,0.53%,Information Technology,2.876,7.87,$2.10 ,298.99,49.9,110.6,107.46,104.29,-7,-0.63,-0.42,"7,009,810",101206.08,1.64E+07,1.80E+07,-24.07,-11.43,-8.36,-2.09,140.06,59.6,140.06,140.06,55,"27,746 M"
5/20/2026,1630,CRI,37.11,3.83%,Consumer Discretionary,0.881,1.47,$3.58 ,44.44,23.3805,35.36,35.53,32.95,6,0.23,0.75,"595,486",-100252.43,1132476.48,1248314.86,-36.28,8.41,-0.32,10.91,44.62,32.51,-32.51,-32.06,44,"1,368 M"
5/20/2026,1630,CRM,180.1,0.38%,Information Technology,1.128,6.49,$15.16 ,286.35,163.52,178.55,182.69,223.08,4,0.65,0.59,"13,025,257",200345.49,1.33E+07,1.35E+07,-9.6,-7.82,-0.6,3.8,205.48,164.28,-164.28,-164.04,4,"147,331 M"
5/20/2026,1630,CRSP,48.55,2.02%,Health Care,1.509,2.43,($4.61),78.48,35.38,51.66,50.99,55.8,1,-0.44,0.22,"1,724,979",-200465.5,1846649.72,1899157.8,32.68,5,-11.86,0.29,62.58,44.36,-44.36,56.07,55,"4,683 M"
5/20/2026,1630,CRWD,650.11,5.39%,Information Technology,1.039,60.81,$4.95 ,651,342.72,515.75,454.27,463.11,1,1,1,"4,383,313",-200456.29,3409648.93,4025675.07,79.44,58.95,38.89,9.43,552.06,343.61,-343.61,-433.14,9,"165,477 M"
5/20/2026,1630,CSCO,114.35,-0.89%,Information Technology,0.9299,10.53,$2.98 ,119.39,62.3,98.76,88.24,77.37,-2,1,-0.81,"26,154,759",-100243.05,2.30E+07,2.30E+07,20.6,47.26,24.78,-3.27,100.06,75.51,-75.51,119.02,57,"450,703 M"
5/20/2026,1630,CSX,45.94,-0.30%,Industrials,1.233,0.62,$1.02 ,46.735,30.17,45.28,42.68,37.91,-1,-0.69,-0.55,"13,304,751",-100025.07,1.27E+07,1.27E+07,0.25,20.36,0.75,0.61,47.19,38.42,-38.42,-44.06,47,"85,363 M"
5/20/2026,1630,CTA,31.36,-3.03%,,-0.2482,0.58,<empty>,32.76,26.36,31.57,30.53,28.55,-1,-0.73,-0.37,"508,527",200033.34,823169.55,770527.23,60.28,3.26,1.69,-2.06,33.12,28.23,-28.23,33.02,NaN,"1,672 M"
5/20/2026,1630,CUBE,39.63,1.72%,Real Estate,1.126,0.75,$2.67 ,44.13,35.09,39.73,38.71,38.79,1,0.56,0.32,"1,902,671",-200031.46,2325334.84,2338282.5,-24.46,8.01,-1.61,3.31,42.56,36.39,-36.39,41.06,48,"8,973 M"
5/20/2026,1630,CURB,28.41,2.42%,Real Estate,0.5575,0.26,$1.15 ,28.94,21.62,27.84,27.11,24.59,3,0.34,0.59,"621,655",0,756027.87,782979.14,-2.94,11.41,2.71,2.93,29.16,25.42,29.16,-27.12,46,"2,998 M"
5/20/2026,1630,CVNA,64.91,2.46%,Consumer Discretionary,1.96,5.3,$1.06 ,97.378,54.464,74.89,69.34,73.81,1,-0.3,0.03,"10,802,784",0,1.33E+07,1.53E+07,-62.68,15.38,-16.65,-3.36,84.14,54.36,84.14,84.14,47,"46,494 M"
5/20/2026,1630,CVS,93.28,-0.96%,Health Care,0.6067,5.78,$5.82 ,98.43,58.5,87.74,79.98,77.56,-5,-0.95,-0.53,"7,886,210",100230.11,8183663.54,8210607.13,-5.35,30.5,7.39,-2.72,95.06,70.36,98.04,98.04,48,"119,018 M"
5/20/2026,1630,CVX,191.33,-3.00%,Energy,0.5071,4.69,$7.22 ,214.71,133.77,188.77,193.43,168.87,-1,0.32,-0.93,"14,564,889",200035.43,1.24E+07,1.22E+07,23.97,-5.16,3.33,0.12,215.36,178.23,-178.23,-180.09,49,"381,052 M"
5/20/2026,1630,CWH,7.04,3.23%,Consumer Discretionary,2.153,0.42,($1.68),19.64,5.7,7.16,6.94,11.73,3,0.55,0.51,"2,903,032",400786.15,3237292.54,3492962.12,-59.21,14.85,-10.77,6.18,13.62,6.43,-6.43,-6.05,46,447 M
5/20/2026,1630,CZR,27.55,0.18%,Consumer Discretionary,1.837,0.69,$2.59 ,31.58,17.86,27.58,27.25,24.39,5,0.45,0.32,"2,411,992",301147.5,4424583.76,4984230.43,-51.63,2.95,-0.76,-0.9,31.49,20.59,31.49,-25.06,46,"5,611 M"
5/20/2026,1630,D,67.73,-0.59%,Utilities,0.6433,2.25,($8.61),68.97,53.36,63.44,62.64,61.23,3,0.75,1,"12,506,321",100125.02,5557888.4,5777181.66,55.27,14.06,9.88,9.72,66.61,59.42,-59.42,69.02,48,"59,569 M"
5/20/2026,1630,DAL,74.12,9.39%,Industrials,1.278,1.84,$6.03 ,76.39,45.28,70.07,67.78,64.49,1,0.63,0.51,"11,954,616",100259.46,1.08E+07,1.14E+07,89.92,16.83,1.06,5.54,75.23,55.51,75.23,75.09,33,"48,696 M"
5/20/2026,1630,DAPP,20.51,2.91%,,3.38,0.99,<empty>,27.4899,12.6005,20.36,18.18,18.97,-7,-0.83,-0.38,"282,065",-100342.1,892924.78,833517.34,-85.93,27.23,-7.65,-1.91,23.07,14.36,23.04,23.04,NaN,512 M
5/20/2026,1630,DAR,58.98,-1.62%,Consumer Staples,1.117,1.53,$3.48 ,66.02,29.15,62.35,60.51,43.06,-7,-0.03,-0.14,"2,126,379",400751.31,3121448.93,2968886.82,-52.13,6.96,-6.54,-5.44,66.11,51.62,66.11,66.11,48,"9,374 M"
5/20/2026,1630,DASH,160.73,3.93%,Consumer Discretionary,1.907,7.63,$4.07 ,285.5,143.3,165.41,163.8,211.63,5,0.61,0.31,"7,593,566",-100653.1,4543463.11,4883675.8,129.22,2.61,-4.31,0.96,191.22,143.37,191.22,184.09,55,"70,033 M"
5/20/2026,1630,DDOG,212.24,-1.35%,Information Technology,1.312,27.87,$2.74 ,220.35,98.0101,170.39,141.25,141.06,-6,1,-0.67,"5,274,450",100066.1,5454857.69,5521707.06,-26.34,69.68,47.69,2.05,204.07,98.6,-98.6,-128.17,53,"75,549 M"
5/20/2026,1630,DDS,539.48,1.60%,Consumer Discretionary,1.19,13.78,$48.36 ,711.975,356.8501,558.52,575.15,588.67,5,0.06,0.42,"104,642",-100900.05,105346.83,116806.4,24.33,-8.72,-5.6,0.15,681.62,522.05,681.62,604.16,57,"8,425 M"
5/20/2026,1630,DE,560.46,0.43%,Industrials,0.9618,10.44,$13.22 ,674.1899,433,574.63,578.67,520.46,-6,-0.04,-0.43,"1,441,204",0,1168266.22,1341576.18,-7.75,0.13,-5.27,-0.24,670.61,550.35,-550.35,594.14,1,"151,384 M"
5/20/2026,1630,DECK,98.24,4.21%,Consumer Discretionary,1.103,3.28,$6.28 ,127,78.91,99.9,102.1,102.96,5,0.15,0.4,"2,348,665",0,1909093.61,1984485.21,31.05,-2.18,-5.47,5,122.62,93.37,122.62,109.17,1,"13,945 M"
5/20/2026,1630,DELL,242.93,3.26%,Information Technology,1,13.91,$12.67 ,263.99,106.38,228.42,196.08,148.82,-7,-0.87,0,"4,332,860",-100455.43,7350133.71,8057751.6,-23.12,54.07,1.73,0.39,264.08,117.59,264.08,264.08,5,"157,800 M"
5/20/2026,1630,DEO,85.12,0.98%,Consumer Staples,0.544,2.01,$1.13 ,116.41,72.45,81.24,78.55,91.27,3,0.79,0.71,"764,366",-100240.49,1644520.4,1848889.11,-74.91,15.23,0.6,4.2,103.6,72.4,-72.4,86.1,53,"47,318 M"
5/20/2026,1630,DG,104.61,1.09%,Consumer Staples,0.3079,5.83,$10.87 ,158.23,95.11,111.46,118.87,121.26,5,0.17,0.45,"3,260,282",-200256.07,3508056.6,3356193.06,6.5,-15.99,-10.11,2.18,158.58,101.05,158.58,121.17,8,"23,038 M"
5/20/2026,1630,DGX,193.75,1.76%,Health Care,0.6128,1.87,$11.97 ,213.5,164.65,191.64,194.82,187.73,3,0.12,0.52,"948,706",300125.22,926306.43,897575.27,-14.53,-0.77,2.44,3.83,214.57,186.08,-186.08,-186.08,41,"21,447 M"
5/20/2026,1630,DIN,29.95,1.22%,Consumer Discretionary,0.9627,1.23,$2.62 ,39.68,19.58,28.49,27.86,28.68,-4,0.59,-0.65,"665,460",-100258.06,425547.86,434926.5,154.87,5.38,10.27,0.54,34.62,24.27,-24.27,32.04,52,380 M
5/20/2026,1630,DIS,104.08,1.75%,Communication Services,1.417,2.44,$3.98 ,124.69,92.185,103.95,101.19,108.62,1,-0.76,0.26,"7,941,447",200128.11,9532374.58,9823166.44,-13.71,4.59,-3.68,1.32,110.09,92.37,110.09,110.09,52,"180,736 M"
5/20/2026,1630,DK,44.59,-2.09%,Energy,0.5626,1.47,$7.70 ,49.5,17.56,44.73,43.55,35.4,-1,-0.58,-0.41,"1,222,733",200766.16,1381759.06,1469271.46,-4.98,0.79,-0.91,-0.49,50.11,33.61,50.11,50.11,53,"2,733 M"
5/20/2026,1630,DKL,51.26,-2.01%,Energy,0.4718,0.78,$1.89 ,55.89,40.1,51.68,51.42,47.78,-1,-0.43,-0.49,"24,724",-100233.43,58104.73,63144.46,-78.28,-2.84,0.04,-0.85,55.56,48.32,-48.32,-49.08,53,"2,725 M"
5/20/2026,1630,DKNG,25.01,-2.08%,Consumer Discretionary,1.5,0.78,$1.15 ,48.78,20.46,24.24,23.65,31.89,-2,-0.89,-0.51,"8,561,342",0,1.26E+07,1.30E+07,6.08,5.66,4.56,0.04,27.08,20.36,27.08,27.08,52,"12,408 M"
5/20/2026,1630,DLTR,93.48,3.17%,Consumer Staples,0.5852,2.88,$6.41 ,142.4,84.71,94.28,101.57,109.87,5,0.11,0.66,"4,111,430",-100652.18,3546130.42,3344312.34,27.87,-11.74,-3.14,4.35,139.62,86.05,-86.05,-86.05,5,"18,203 M"
5/20/2026,1630,DOC,19.66,1.87%,Real Estate,1.009,1.3,$1.77 ,19.91,15.7,18.09,17.37,17.51,-7,0.99,-0.46,"5,814,452",101533.11,8699634.1,8462602.12,-37.46,15.31,0.82,1.55,20.08,16.16,20.04,20.04,43,"13,554 M"
5/20/2026,1630,DOCU,49.73,0.63%,Information Technology,1,1.55,$5.24 ,94.67,40.16,47.01,46.93,61.23,4,1,0.67,"2,425,752",200656.45,4034295.63,4401153.3,1.83,5.29,6.88,4.23,51.43,40.59,-40.59,-44.05,10,"9,662 M"
5/20/2026,1630,DOV,210.98,1.65%,Industrials,1.209,5.87,$8.33 ,237.54,158.97,219.79,215.26,196.65,1,-0.11,0.28,"718,584",200232.2,996442.72,1056868.36,-45.3,0.77,-7.13,0.1,237.62,201.33,-201.33,231.1,43,"28,411 M"
5/20/2026,1630,DOW,36.27,-3.90%,Materials,1,1.29,($0.53),42.74,20.4019,38.74,38.68,28.55,-3,0,-0.37,"15,321,313",-100256.24,1.37E+07,1.40E+07,-3.85,-1.04,-5.79,-6.4,43.35,29.57,43.35,41.11,43,"26,141 M"
5/20/2026,1630,DPZ,315.97,1.03%,Consumer Discretionary,1.049,11.24,$19.33 ,496,297.4761,327.16,354.09,403.5,4,0.09,0.57,"795,504",-100231.18,1014176.75,1031712.3,-16.28,-15.37,-2.68,4.53,418.6,302.03,418.6,-297.02,40,"10,510 M"
5/20/2026,1630,DRI,197.27,1.83%,Consumer Discretionary,0.5799,1.74,$8.56 ,228.27,169,196.34,197.54,196.08,1,0.23,0.54,"742,760",-100132.43,1326520.88,1302931.37,-5.89,-2.85,0.8,0.7,218.61,187.27,-187.27,203.06,24,"22,594 M"
5/20/2026,1630,DRLL,37.7483,-2.63%,,0.4748,1.04,<empty>,41.0248,25.93,36.92,37.31,31.66,-1,0.36,-0.98,"12,650",-200127.27,32303.22,30008.01,74.83,-1.68,4.34,0.64,41.36,34.23,-34.23,-35.09,NaN,300 M
5/20/2026,1630,DRVN,12.99,-1.81%,Consumer Discretionary,0.9849,0.5,$0.19 ,19.74,9.8,13.17,12.51,14.82,-2,-0.84,-0.6,"4,446,867",-100470.15,1944414.98,2186795.45,-31.56,20.84,-2.55,-0.08,17.62,10.59,-10.59,-12.15,NaN,"2,142 M"
5/20/2026,1630,DT,39.87,-0.23%,Information Technology,0.7363,1.54,$1.76 ,57.55,31.635,37.87,37.19,42.79,4,0.95,0.62,"5,421,471",100448.06,7234328.76,7391060.16,-15.11,4.78,4.34,3.94,41.09,32.28,-32.28,-33.05,52,"11,748 M"
5/20/2026,1630,DVN,48.46,-2.48%,Energy,0.5329,1.95,$3.88 ,52.71,30.24,48.58,48.2,39.55,-1,-0.27,-0.67,"12,715,929",-200239.11,1.60E+07,1.54E+07,31.2,-0.41,3.99,-2.08,53.36,42.58,53.36,-44.09,51,"55,874 M"
5/20/2026,1630,DXCM,71.44,6.71%,Health Care,1.347,3.55,$3.68 ,89.98,54.11,61.34,63.21,67.99,4,0.69,1,"11,248,181",500742.01,5199898.91,4897013.07,110.51,6.71,18.36,15.92,74.61,57.15,-57.15,-57.15,47,"27,567 M"
5/20/2026,1630,EA,201.59,-0.05%,Communication Services,0.6652,0.63,$9.29 ,204.885,141.19,201.46,201.89,196.16,7,0.3,0.7,"1,489,032",0,1901124.1,2010457.12,-16.86,0.54,0.4,0.47,204.3,197.51,204.3,-199.05,46,"50,549 M"
5/20/2026,1630,EAT,131.18,3.84%,Consumer Discretionary,1.256,6.92,$11.42 ,187.123,100.3,138.81,143.96,143.8,1,-0.09,0.24,"1,055,031",200751.05,1227555.27,1257677.53,-30.18,-8.52,-10.83,-4.4,162.23,126.05,162.23,155.13,56,"5,626 M"
5/20/2026,1630,EBAY,118.96,4.13%,Consumer Discretionary,1.394,4.24,$3.71 ,119.31,71,107.94,100.11,92.09,1,1,0.82,"8,293,744",300043.13,5897064.68,5968246.41,-32.13,33.69,10,2.44,111.12,83.61,-83.61,-96.14,47,"52,818 M"
5/20/2026,1630,ECH,40.59,3.07%,,0.7664,0.87,<empty>,47.845,29.28,41.09,40.92,38.47,1,0.25,0.38,"183,618",200131.41,696270.19,859150.95,-66.16,6.65,-3.47,3.44,45.59,38.52,-38.52,-39.03,NaN,"1,015 M"
5/20/2026,1630,ECPG,80.64,0.16%,Financials,1.327,1.52,$7.32 ,92.64,35.675,82.52,76.8,56.68,2,-0.17,0.06,"314,792",-400926.1,344325.86,348638.39,-8.39,18.55,-4.27,-1.2,93.09,56.61,93.09,-78.03,52,"1,729 M"
5/20/2026,1630,EDEN,111.9939,1.76%,,0.8787,1.07,<empty>,125.6375,98.31,110.77,107.47,110.97,1,0.71,0.41,"2,815",-200100.13,6842.64,8192.39,122.32,13.11,-0.97,1.61,115.62,98.42,-98.42,113.07,NaN,202 M
5/20/2026,1630,EDU,49.94,-1.05%,Consumer Discretionary,0.1783,1.88,$4.09 ,64.97,41.62,52.74,54.7,54.42,-9,-0.1,-0.39,"775,396",0,779462.24,768084.2,52.24,-9.17,-11.3,-1.89,61.61,50.55,61.61,57.1,47,"7,948 M"
5/20/2026,1630,EDV,61.68,1.53%,,0.7304,1.03,<empty>,71.305,60.485,63.09,64.1,66.44,1,0,0.31,"1,275,389",-200019.04,1370038.01,1303055.45,10.25,-3.91,-3.79,0.34,69.57,61.03,69.57,64.17,NaN,"3,753 M"
5/20/2026,1630,EEM,65.46,1.87%,,0.7178,1.36,<empty>,68.15,45.2301,65.16,61.34,56.62,-7,-0.73,-0.24,"32,484,716",-200238.43,3.37E+07,3.86E+07,0.89,17.65,-3.01,0.6,68.07,54.36,68.07,68.07,NaN,"28,986 M"
5/20/2026,1630,EFNL,55.12,1.07%,,0.7784,0.56,<empty>,55.85,34.96,54.31,52.04,47.38,1,-0.73,0.25,"1,724",100100.08,10289.43,10594.44,-63.78,15.27,-0.35,1.81,56.13,47.37,56.04,-52.02,NaN,55 M
5/20/2026,1630,EFX,164.86,2.51%,Industrials,1.34,6.18,$9.32 ,275.91,156.47,168.87,177.26,211.41,3,0.24,0.52,"1,573,660",200041.13,1728003.35,1649450.11,31.73,-7.39,-4.82,4.1,211.53,156.03,211.53,-156.03,41,"19,630 M"
5/20/2026,1630,EGP,205.04,1.34%,Real Estate,1.072,1.94,$9.22 ,206.78,159.365,201.77,194.93,181.81,1,0.74,0.32,"248,341",100017.1,356639.9,355694.22,-37.59,11.99,1,2.13,207.08,181.42,207.08,207.08,42,"11,022 M"
5/20/2026,1630,EIS,132.2,2.20%,,1.026,2.51,<empty>,136.98,80.56,131.8,125.6,111.18,1,-0.62,0.14,"40,530",-200200.37,126252.01,154951.32,-16.86,10,-3.19,1.69,137.09,110.36,137.09,137.09,NaN,985 M
5/20/2026,1630,EL,78.2,2.71%,Consumer Staples,1.256,2.98,$3.55 ,121.635,62.57,80.4,78.28,93.61,-9,-0.71,-0.48,"3,312,284",-200762.41,4484992.8,4382518.8,-31.17,-8.99,-9.77,-2.59,118.6,66.33,-66.33,88.09,61,"28,292 M"
5/20/2026,1630,ELS,63.01,0.19%,Real Estate,2.13,0.64,$2.97 ,69,58.15,62.82,63.85,62.73,3,0.28,0.68,"1,011,607",-200026.58,1392187,1678087.86,-44.21,-1.88,-0.49,3.11,69.47,61.03,69.47,-61.03,41,"12,220 M"
5/20/2026,1630,ELV,396.21,-1.51%,Health Care,0.6261,11.56,$29.01 ,408,273.71,377.95,332.86,331.53,-5,-0.97,-0.47,"1,539,585",-300245.56,1750513.8,1927852.47,-11.04,35.93,5.74,0.9,395.06,275.51,-275.51,-343.17,38,"86,042 M"
5/20/2026,1630,EMB,94.92,0.71%,,0.3492,0.59,<empty>,97.8,89.45,95.56,95.12,95.65,1,-0.55,0.21,"13,079,863",100110.42,9976258.32,1.02E+07,33.17,1.9,-1.4,0.22,98.61,93.37,-93.37,96.09,NaN,"13,849 M"
5/20/2026,1630,EMR,132.86,1.69%,Industrials,1.23,4.33,$5.55 ,165.15,114.83,138.17,136.62,137.2,1,-0.38,0.19,"3,295,400",0,2989828.18,2946824.54,20.39,3.68,-10.22,-0.14,153.58,123.36,-123.36,149.1,52,"74,415 M"
5/20/2026,1630,ENB,57.08,0.51%,Energy,0.5854,1.02,$0.41 ,57.49,43.5892,54.63,54.07,49.93,3,0.72,0.81,"6,893,124",200120.02,4677638.05,4752003.06,61.89,6.77,5.31,3.2,55.13,51.62,-51.62,-52.17,49,"124,645 M"
5/20/2026,1630,ENPH,53.15,13.67%,Information Technology,1.175,7.05,$1.11 ,53.8917,25.775,39.17,38.17,36.71,1,0.99,0.95,"11,276,114",301503.04,6979660.21,6631001.97,13.48,20.49,48.46,0.49,51.59,30.15,-30.15,54.03,46,"7,005 M"
5/20/2026,1630,ENR,16.59,4.14%,Consumer Staples,0.7596,1.11,$2.31 ,30.29,15.75,18.28,17.97,21.99,1,-0.48,0.26,"1,717,450",100647.11,1193147.62,1212035.27,66.75,-0.72,-12.55,-1.31,23.6,16.35,23.6,21.11,51,"1,136 M"
5/20/2026,1630,ENVX,6.36,15.01%,Industrials,2.166,0.47,($0.60),16.49,4.615,6.55,5.95,8.11,1,-0.74,0.07,"9,070,962",-100090.05,6178315.62,6288225.61,110.38,30.86,-4.93,4.09,7.07,5.51,8.05,8.05,47,"1,387 M"
5/20/2026,1630,ENZL,43.93,-0.18%,,0.8922,0.77,<empty>,48.24,41.6875,44.6,44.14,45.48,-7,-0.68,-0.19,"35,421",0,24465.28,24340.91,135.88,2.23,-4.48,-0.23,48.57,42.36,-42.36,46.07,NaN,70 M
5/20/2026,1630,EOG,141.63,-1.85%,Energy,0.3179,4.44,$7.36 ,151.87,101.5936,137.01,137.68,119.04,-1,0.35,-0.95,"3,499,904",-100039.43,4356413.85,4830405.31,-8.13,2.09,5.15,0.98,152.36,119.58,152.36,-129.09,53,"75,436 M"
5/20/2026,1630,EPD,39.39,-1.03%,Energy,0.4994,0.78,$1.37 ,40.165,30.01,38.46,37.99,33.89,-1,0.47,-0.81,"3,683,248",100225.05,4562391.71,4459211.7,-44.09,4.87,4.87,0.41,40.37,35.58,-35.58,-37.09,46,"85,221 M"
5/20/2026,1630,EPHE,24.53,1.36%,,0.5916,0.32,<empty>,28.4,23.17,24.61,24.84,25.44,1,-0.42,0.57,"147,917",200100.51,113680.07,148020.84,118.73,1.24,-2.23,-0.45,28.59,24.36,-24.36,26.09,NaN,131 M
5/20/2026,1630,EPOL,39.75,2.13%,,1.064,0.6,<empty>,40.9399,29.03,38.96,37.83,35.34,1,0.54,0.37,"282,711",100040.19,458083.47,526909.03,-1.52,15.28,-1.07,2.82,41.23,34.42,41.23,40.1,NaN,630 M
5/20/2026,1630,EPR,58.39,0.78%,Real Estate,1.058,1.16,$5.71 ,62.08,48.105,57.01,54.81,54.18,-7,0.83,-0.56,"687,473",-300635.43,818163.05,847209.59,4.82,15.72,3.66,1.81,62.58,48.37,-48.37,59.09,47,"4,467 M"
5/20/2026,1630,EPU,82.03,3.43%,,0.7798,2.23,<empty>,95.28,45.3431,80.97,81.29,71.88,1,0.33,0.53,"41,593",0,91341.2,101717.35,-7.92,10.45,0.23,2.52,95.57,74.42,-74.42,85.05,NaN,509 M
5/20/2026,1630,EQR,66.28,0.82%,Real Estate,0.7788,0.62,$4.27 ,70.31,57.57,65.08,62.16,62.48,3,0.83,0.36,"2,104,645",-100122.07,2624063.5,2588913.44,-41.46,14.32,0.18,3.76,67.11,58.42,67.11,67.11,51,"24,833 M"
5/20/2026,1630,EQRR,77.833,1.17%,,0.9204,0.8,<empty>,78.11,57.39,75.76,72.35,66.32,1,0.92,0.41,"18,343",200000.36,19987.06,15659.7,164.85,13.89,2.32,1.04,77.11,67.47,-67.47,-74.16,NaN,55 M
5/20/2026,1630,EQT,57.83,-3.25%,Energy,0.6106,1.28,$6.55 ,68.24,48.47,57.85,60.27,56.35,6,0.26,0.74,"6,263,433",0,7987684.7,8351753,-9.33,-10.58,0.82,2.86,68.37,55.05,-55.05,-55.05,41,"36,171 M"
5/20/2026,1630,ESI,40.55,2.71%,Materials,1.258,1.67,$0.50 ,45.515,20.8,42.09,37.67,29.93,-7,-0.48,0,"2,428,365",300537.16,3071981.56,3203195.43,-44.99,30.64,-8.34,-4.23,46.07,29.51,46.07,46.07,48,"9,878 M"
5/20/2026,1630,ESPO,90.6181,0.52%,,1.014,0.68,<empty>,122.986,86.92,90.92,91.06,104.47,3,0.67,0.52,"14,357",0,16594.73,20528.99,-60.86,2.25,-1.11,1.34,97.23,87.36,97.23,-89.02,NaN,254 M
5/20/2026,1630,ESS,275.03,0.88%,Real Estate,0.7343,3.37,$16.77 ,294.09,238.46,266.05,255.19,257.83,3,1,0.59,"472,531",-200020.04,480957.54,479803.07,-35.61,14.51,2.91,2.98,270.15,238.37,-238.37,-255.17,46,"17,674 M"
5/20/2026,1630,ET,20.16,-1.13%,Energy,0.5691,0.28,$0.98 ,20.7,16.18,19.86,19.34,17.81,-1,-0.7,-0.5,"15,360,977",500224.12,1.63E+07,1.59E+07,-49.99,6.05,1.46,0.05,21.11,18.5,-18.5,-19.17,52,"69,374 M"
5/20/2026,1630,ETH,20.3,1.25%,,2.354,0.81,<empty>,45.785,17.065,21.59,21.13,29.24,-4,-0.77,-0.46,"1,515,811",100474.55,3572431.16,4401943.76,14.6,0.5,-8.97,-3.79,23.23,17.6,23.23,-20.02,NaN,"1,944 M"
5/20/2026,1630,ETH-USD,-75.63,6.25%,,3.921,8.17,<empty>,4.9275,-84.005,-66.09,-47.82,-26.84,4,0.14,0.68,"1,477,620",-100371.01,958787.96,925610.9,36.23,159.27,13.99,1.48,-22.64,-83.96,84.36,84.12,NaN,"-2,288 M"
5/20/2026,1630,ETHA,16.14,1.32%,,2.21,0.64,<empty>,36.8,13.62,17.16,16.82,23.41,1,-0.77,0.46,"15,297,154",0,3.07E+07,3.24E+07,14.61,0.25,-8.92,-3.7,19.23,14.6,19.23,-16.02,NaN,"6,573 M"
5/20/2026,1630,ETHE,17.33,1.35%,,3.276,0.7,<empty>,40.135,14.71,18.45,18.09,25.39,1,-0.77,0.46,"1,563,928",0,2637759.37,3213758.18,-23.87,-0.23,-9.03,-3.83,20.23,15.6,20.23,-17.02,NaN,"1,742 M"
5/20/2026,1630,ETSY,60.89,5.69%,Consumer Discretionary,1.782,2.83,$6.75 ,76.515,44,62.03,57.34,58.81,4,0.5,0.2,"2,544,233",100462.16,2957927.09,3312403.45,-56.92,15.23,-6.28,4.86,71.15,47.37,71.15,-56.05,47,"5,778 M"
5/20/2026,1630,EWA,28.9,1.30%,,0.9952,0.4,<empty>,30.4799,24.94,29.18,28.89,27.54,1,-0.3,0.25,"3,656,739",-100126.54,3468076.19,4208798.42,131.72,5.86,-4.05,0.63,30.23,27.36,30.23,30.1,NaN,"1,353 M"
5/20/2026,1630,EWC,58.28,1.37%,,0.8706,0.31,<empty>,58.89,43.79,57.9,56.67,53.32,1,0.62,0.4,"1,898,227",100214.15,2393813.56,2602361.56,-83.78,9.53,0.12,1.46,59.21,53.42,59.21,59.13,NaN,"5,455 M"
5/20/2026,1630,EWD,51.3,2.44%,,1.1,0.71,<empty>,54.93,42.99,51.14,50.7,49.43,3,0.47,0.37,"169,659",-100022.35,160646.05,169949.64,-39.39,9.64,-2.51,3.49,55.57,47.42,-47.42,-49.03,NaN,312 M
5/20/2026,1630,EWG,42.88,2.00%,,0.9655,0.51,<empty>,44.65,37.975,42.21,41.23,41.86,3,0.78,0.44,"1,654,350",200133.36,2365158.56,2337870.63,25.02,12.25,-1.36,3.65,45.57,38.37,-38.37,44.1,NaN,"1,454 M"
5/20/2026,1630,EWH,23.88,0.97%,,0.3878,0.33,<empty>,24.66,18.69,23.86,23.42,22.41,-5,-0.63,-0.3,"2,415,686",100226.36,4591874.35,5199137.94,1.83,6.99,-2.09,-0.75,25.09,21.4,25.09,25.09,NaN,"1,094 M"
5/20/2026,1630,EWI,58.62,2.14%,,0.8856,0.86,<empty>,59.665,45.79,58,55.94,53.82,1,-0.68,0.29,"546,952",200134.42,475052.99,521116.49,74.29,15.62,-1.66,1.66,60.1,50.42,60.1,60.1,NaN,651 M
5/20/2026,1630,EWJ,91.21,1.02%,,0.6883,1.45,<empty>,94.28,71.09,89.95,87.46,84.19,-5,-0.64,-0.53,"6,144,125",300238.52,7843104.11,8987025.18,-49.15,12.33,-0.51,0.15,93.57,81.42,93.05,93.05,NaN,"21,083 M"
5/20/2026,1630,EWJV,45.3262,0.89%,,0.4745,0.83,<empty>,47.69,33.5,43.88,43.19,41.2,-4,0.57,-0.7,"64,164",200000.08,181958.11,212403.97,-34,11.75,1.79,0.48,47.57,40.42,-40.42,46.05,NaN,707 M
5/20/2026,1630,EWK,26.6387,1.47%,,0.6868,0.37,<empty>,27.6299,21.42,25.99,25.32,24.55,1,0.73,0.53,"4,318",-100100.08,67415.95,56053.43,-65.02,14.67,-0.56,1.71,27.6,23.42,-23.42,27.1,NaN,100 M
5/20/2026,1630,EWM,29.51,0.72%,,0.4833,0.38,<empty>,30.635,23.342,29.74,29.16,27.43,-9,-0.45,-0.32,"176,056",-200134.39,312091.98,367828.87,-56.06,1.97,-2.9,-0.64,31.09,28.31,31.09,31.09,NaN,376 M
5/20/2026,1630,EWN,65.34,2.46%,,1.141,1.12,<empty>,66.19,50.56,63.82,61.48,58.96,1,0.83,0.36,"97,865",-100027.07,132482.09,128762.25,-36.57,15.58,-0.79,1.38,66.1,55.36,66.04,66.04,NaN,503 M
5/20/2026,1630,EWO,39.58,2.12%,,0.804,0.49,<empty>,40.37,27.56,39.2,37.53,34.55,1,0.66,0.33,"15,197",100100.46,33883.44,39551.61,99.32,17.43,-1.64,1.62,40.23,34.42,40.23,40.09,NaN,131 M
5/20/2026,1630,EWP,57.14,2.38%,,0.6765,0.69,<empty>,58.99,42.36,56.33,55.5,52.66,1,0.52,0.42,"157,836",300124.06,534031.99,564127.55,-54.25,10.67,-0.9,2.71,59.23,51.42,59.23,58.09,NaN,"1,671 M"
5/20/2026,1630,EWQ,45.49,2.41%,,0.8466,0.64,<empty>,48.39,40.91,45.15,44.57,44.6,1,0.6,0.4,"279,534",-100016.08,492080.04,495032.28,-15.75,9.14,-2.63,3.01,48.58,42.42,-42.42,47.1,NaN,373 M
5/20/2026,1630,EWS,29.59,1.27%,,0.5422,0.28,<empty>,29.6699,24.845,28.89,28.56,28.3,3,0.74,0.65,"692,326",-300018.08,841096.88,906088.43,-18.98,8.15,1.61,2.21,30.23,27.53,30.23,-28.15,NaN,802 M
5/20/2026,1630,EWUS,42.36,2.12%,,1.04,0.59,<empty>,45.0422,38.02,42.06,41.39,41.55,3,0.57,0.34,"11,596",-100023.02,4558.8,4557.76,86.05,9.11,-1.97,3.51,45.58,38.36,-38.36,-41.03,NaN,42 M
5/20/2026,1630,EWW,78.45,1.20%,,0.7836,1.41,<empty>,81.6499,57.282,78.03,76.54,71.09,1,-0.53,0.47,"1,645,135",100039.53,1647412.8,1869897.31,-13.84,12.28,-1.35,1.61,82.57,70.42,-70.42,81.04,NaN,"2,173 M"
5/20/2026,1630,EWY,180.11,3.50%,,1.388,9.06,<empty>,194.58,58.19,171.93,149.11,110.25,-7,-0.78,-0.26,"16,532,511",200875.52,1.97E+07,2.32E+07,-1.61,43.19,-1.03,0.7,195.07,115.35,195.07,195.07,NaN,"22,352 M"
5/20/2026,1630,EWZ,36.75,2.40%,,0.7059,1.34,<empty>,42.02,26.193816,38.52,38.51,33.95,1,0,0.12,"42,885,666",-100335.06,3.13E+07,3.39E+07,75.6,4.82,-7.89,1.44,42.26,35.42,42.26,40.17,NaN,"10,724 M"
5/20/2026,1630,EWZS,14.25,4.63%,,0.8113,0.57,<empty>,16.46,11.72,14.76,14.77,14.03,1,0.06,0.17,"135,102",-200431.06,549950.68,651187.59,-44.07,7.91,-8.42,2.52,16.21,13.42,16.21,16.1,NaN,259 M
5/20/2026,1630,EXAS,104.91,0.00%,Health Care,1.418,0.41,$1.89 ,104.98,38.8118,103.57,103.02,74.29,6,0.02,0.29,<empty>,-100037.01,2640344.92,2627886.23,1111.65,2.5,1.36,0.93,104.09,101.61,-101.61,-103.15,34,"20,026 M"
5/20/2026,1630,EXP,200.25,0.19%,Materials,1.379,6.26,$7.15 ,243.64,171.99,205.68,196.67,217.15,2,-0.71,0.36,"658,634",-100240.02,426264.45,432058.11,64.54,15.7,-7.74,2.87,239.62,172.42,-172.42,221.09,46,"6,197 M"
5/20/2026,1630,EXPD,158.42,0.52%,Industrials,1.054,4.73,$6.83 ,167.19,109.9,151.85,147.43,140.23,3,0.7,0.91,"1,292,139",0,1086594.26,1257872.59,0.39,8.25,4.75,1.91,157.07,135.6,-135.6,-136.12,51,"20,720 M"
5/20/2026,1630,EXPE,217.59,1.20%,Consumer Discretionary,1.265,14.91,$33.16 ,303.8,156.05,235.38,237.74,238.35,4,-0.39,0.21,"1,706,737",100753.54,1734476.8,2178830.25,38.78,-7.48,-11.79,-0.06,280.21,185.61,280.21,257.1,53,"26,116 M"
5/20/2026,1630,EXR,142.25,1.38%,Real Estate,1.209,2.22,$8.69 ,155.19,125.71,141.67,138.75,139.42,2,0.56,0.42,"1,072,465",100032.17,1203834.59,1205842.39,-44,9.2,-1.11,3.91,155.61,128.39,-128.39,-137.03,47,"30,052 M"
5/20/2026,1630,EYE,16.84,-0.47%,Consumer Discretionary,1.04,2.64,$1.33 ,30.02,14.75,21.23,24.07,25.79,3,0,0.08,"3,124,015",100664.05,1925949.29,1830142.83,83.94,-36.62,-25.72,-3.5,30.54,15.05,-15.05,-15.05,52,"1,349 M"
5/20/2026,1630,EZA,68.52,2.84%,,0.788,1.87,<empty>,81.755,51.02,69.2,68.99,67.47,1,-0.45,0.4,"127,944",0,233566.83,266615.13,-56.43,9.49,-4.77,1.72,82.57,62.42,-62.42,73.09,NaN,719 M
5/20/2026,1630,F,13.22,1.23%,Consumer Discretionary,1.707,0.83,$2.40 ,14.94,9.88,12.53,12.2,12.64,-4,1,-0.79,"42,349,021",200552.05,5.22E+07,5.64E+07,-47.43,14.76,8.63,-1.34,15.58,11.36,15.04,15.04,47,"52,678 M"
5/20/2026,1630,FAF,68.16,1.08%,Financials,1.295,1.16,$8.00 ,71.47,53.09,68.92,64.88,64.31,1,-0.65,0.39,"991,747",-200239.43,985173.3,968537.81,-0.83,19.89,-2.57,1.56,71.56,56.42,-56.42,-66.05,42,"6,946 M"
5/20/2026,1630,FANG,204.33,-1.66%,Energy,0.4593,6.79,($1.65),214.51,132.2,200.83,194.21,161.59,-1,0.52,-0.59,"1,551,325",100239.5,3169574.52,3265662.41,-28.49,6.12,4.74,0.38,215.12,164.58,215.12,-187.09,50,"57,481 M"
5/20/2026,1630,FAST,43.68,0.25%,Industrials,0.7575,0.55,$1.01 ,50.63,38.9703,44.25,45.12,44.74,3,0.21,0.42,"8,845,212",-100137.43,7362259.79,7505465.1,2.25,-0.18,-2.3,0.97,50.28,43.07,-43.07,-43.07,35,"50,146 M"
5/20/2026,1630,FCFS,226.57,0.31%,Financials,0.5078,3.16,$12.47 ,235.97,119.205,223.05,206.93,171.93,-7,-0.73,-0.12,"199,759",100540.34,356276.33,343265.87,-38.08,17.96,0.08,0.01,236.06,176.6,236.06,236.06,48,"9,932 M"
5/20/2026,1630,FCG,30.74,-2.38%,,0.5414,0.87,<empty>,33.03,21.76,30.42,30.42,25.68,-1,0.26,-0.83,"2,735,069",-200133.35,1416506.4,1385704.29,231.69,-1.13,3.68,-0.19,33.36,26.58,33.36,-29.09,NaN,802 M
5/20/2026,1630,FDX,386.84,3.17%,Industrials,1.353,8.65,$18.48 ,404.03,214.35,380.45,370.55,301.9,2,0.18,0.49,"1,419,473",-200636.13,1764824.39,1758805.36,-26.88,7.8,2.56,2.94,404.14,341.36,404.14,-354.12,22,"92,303 M"
5/20/2026,1630,FICO,1230.23,3.72%,Information Technology,1.22,54.7,$36.29 ,1998.01,870.01,1078.85,1074.17,1447.24,3,0.91,0.86,"395,382",-400882.21,408507.38,378739.56,-37.25,9.1,15.3,11.98,1494.53,870.2,-870.2,-966.14,47,"28,530 M"
5/20/2026,1630,FISV,56.41,0.68%,Financials,0.7885,2.78,$7.64 ,177.36,52.17,58,57.95,82.81,5,0.81,0.22,"5,367,557",-100146.12,6399449.56,6518708.85,5.19,-1.16,0.53,1.95,65.21,52.05,-52.05,-52.05,42,"30,081 M"
5/20/2026,1630,FIVE,219.87,2.56%,Consumer Discretionary,0.9599,8.29,$7.47 ,251.63,105.11,223.88,225.37,184.53,5,0.05,0.44,"1,256,930",100747.44,1176318.21,1114833.89,67.08,-3.32,-6.11,2.92,252.21,204.06,-204.06,-204.06,9,"12,158 M"
5/20/2026,1630,FLG,13.67,3.01%,Financials,1.003,0.35,$0.44 ,14.92,10.38,13.88,13.58,12.7,1,0.29,0.16,"4,100,910",-200036.19,4781818.9,4916885.18,-2.9,11.32,-4.94,3.33,15.18,12.48,15.18,15.08,44,"5,698 M"
5/20/2026,1630,FLNG,32.73,0.52%,Energy,0.2109,0.42,$2.04 ,33.4,21.72,32.17,30.93,27.23,3,0.66,0.27,"439,094",-100541.43,539850.57,618404.18,16.37,8.81,2.47,1.87,33.11,27.57,33.11,-31.04,68,"1,770 M"
5/20/2026,1630,FLO,7.24,0.42%,Consumer Staples,0.4253,0.59,$1.51 ,17.24,6.89,8.25,8.34,11.17,3,-0.26,0.25,"9,760,090",-300360.04,6474692.47,6316006.99,76.62,-11.49,-16.01,0.84,10.6,7.03,10.6,9.13,1,"1,534 M"
5/20/2026,1630,FLUT,96.75,-0.77%,Consumer Discretionary,1.222,4.1,$2.67 ,313.685,91.52,101.56,104.4,192.18,3,0.77,0.47,"2,624,913",-100461.58,3060667.55,3583800.41,-14.95,-7.69,-2.38,4.73,125.58,92.03,125.58,-92.03,53,"16,771 M"
5/20/2026,1630,FND,47.04,6.38%,Consumer Discretionary,1.615,2.64,$0.98 ,92.405,42.64,48.31,50.8,65.85,1,0.31,0.37,"2,888,311",100564.14,3096347.19,2999561.79,-16.62,-6.11,-7.8,8.16,73.62,43.03,73.62,53.09,48,"5,085 M"
5/20/2026,1630,FNF,49.13,0.53%,Financials,0.993,1.46,$20.19 ,61.4025,42.78,50.28,48.34,54.6,4,0.6,0.29,"1,170,805",-200345.43,1988820.45,2028189.54,-4.49,13.57,-4.21,2.5,54.62,43.42,-43.42,-47.09,52,"13,224 M"
5/20/2026,1630,FORM,125.31,6.92%,Information Technology,1.236,11.08,$0.47 ,159.09,26.08,136.92,120.68,71.53,1,0,0.08,"1,513,058",-301088.07,1870155.5,1769431.66,-67.32,35.88,-15.97,-0.76,159.18,81.51,159.18,158.07,47,"9,769 M"
5/20/2026,1630,FOUR,42.2,2.95%,Financials,1.411,1.7,$5.00 ,108.5,39.6062,43.37,44.57,64.51,1,0.61,0.45,"1,517,751",202079.41,1953065.96,2276018.24,8.63,2.5,-1.59,0.43,60.62,40.06,-40.06,-40.06,51,"3,348 M"
5/20/2026,1630,FOXA,64.13,-0.65%,Communication Services,0.5375,1.72,$4.87 ,76.39,52.96,64.08,61.74,63.25,-2,-0.79,-0.62,"2,522,576",-200241.36,3436272.71,3546853.9,-9.8,10.91,3.09,-1.11,68.06,53.59,68.06,68.06,52,"26,947 M"
5/20/2026,1630,FR,62.27,1.02%,Real Estate,1.097,0.56,$3.48 ,64.66,47.36,61.95,60.77,56.94,3,0.47,0.35,"749,356",-100347.43,935453.97,963202.67,-39.69,9.25,-0.4,2.37,65.21,57.42,65.21,-60.03,42,"8,255 M"
5/20/2026,1630,FROG,73.43,3.96%,Information Technology,1.017,7.54,$1.28 ,73.715,34.05,57.79,50,51.84,1,1,0.71,"3,161,422",100668.09,2852222.59,3353272.26,44.77,73.72,36.46,10.99,72.08,34.6,-34.6,-45.15,53,"8,894 M"
5/20/2026,1630,FRPT,48.35,2.03%,Consumer Staples,1.754,5.71,$0.96 ,86.31,46.45,57.08,62.12,61.56,5,0.02,0.45,"2,162,155",-301159.11,1708368.39,1699276.45,126.92,-25.09,-11.97,-2.03,86.53,48.03,86.53,68.13,50,"2,376 M"
5/20/2026,1630,FRT,116.06,1.06%,Real Estate,0.9624,0.91,$6.02 ,117.22,89.99,113.94,109.74,102.59,3,0.77,0.38,"633,813",200316.14,861132.71,864750.59,-58.5,12.52,-0.61,2.56,117.1,102.39,117.1,117.1,52,"10,026 M"
5/20/2026,1630,FSLY,17.12,4.65%,Information Technology,0.5531,5.52,$0.28 ,34.82,6.29,22.6,25.15,14,3,0,0.22,"6,258,772",0,1.27E+07,1.31E+07,-14.62,-32.06,-45.77,0.71,35.3,16.6,35.3,33.11,52,"2,679 M"
5/20/2026,1630,FTNT,130,1.85%,Information Technology,0.9709,15.11,$3.24 ,130.36,70.12,103.11,90.34,83.74,-4,1,-0.86,"5,981,011",100350.1,6104691.67,6192704.4,2.93,59.71,44.52,5.88,116.06,74.6,-74.6,-82.14,52,"95,244 M"
5/20/2026,1630,FTV,59.03,1.43%,Industrials,1.077,0.83,$2.98 ,62.805,46.34,60.15,58.24,53.78,1,-0.31,0.17,"3,489,519",0,3093905.76,3140434.78,-52.58,6.9,-2.27,0.53,63.14,53.36,63.14,63.14,47,"17,996 M"
5/20/2026,1630,FTWO,44.7468,1.31%,,0.7971,0.72,<empty>,49.658,32.95,45.5,45.83,42.29,1,-0.05,0.44,"5,453",-100000.35,12745.05,14953.67,15.72,1.93,-3.75,0.32,50.56,44.42,-44.42,47.07,NaN,77 M
5/20/2026,1630,FUTU,124.72,0.18%,Financials,0.3942,12.15,$37.57 ,199.9299,97.9,146.96,146.36,161.88,-4,0,0,"2,960,896",-100475.02,1681631,1666168.5,349.59,-5.81,-25.76,-7.37,169.23,128.36,169.23,169.1,5,"17,485 M"
5/20/2026,1630,FUTY,57.58,0.47%,,0.6433,1.05,<empty>,61.51,51.05,58.7,59.11,57.36,2,0.02,0.31,"232,379",200218.2,382575.9,360522.33,-8.69,0.82,-2.56,1.57,62.57,57.03,62.57,-56.02,NaN,"2,355 M"
5/20/2026,1630,FWONK,90.44,0.51%,Communication Services,0.6638,2.04,$2.95 ,109.3626,80.15,89.43,87.57,93.83,-7,-0.88,-0.45,"2,436,706",100034.19,2035165.6,2172328.96,-20.12,11.08,2.01,1.01,96.08,80.37,96.08,96.08,53,"22,665 M"
5/20/2026,1630,FWRG,10.97,0.73%,Consumer Discretionary,1.066,0.68,($0.17),19.53,10.09,12.05,11.83,15.39,4,-0.52,0.37,"1,134,192",0,1514135.84,1806247.19,-8.94,-9.93,-9.86,-2.32,16.62,10.36,-10.36,13.16,51,676 M
5/20/2026,1630,FXA,70.9,0.71%,,0.3864,0.42,<empty>,72.02,63.2808,71.2,70.3,67.16,1,-0.41,0.23,"5,152",-100008.38,20119.07,20564.89,-57.04,1.97,-1.09,0.16,72.07,68.36,72.05,72.05,NaN,106 M
5/20/2026,1630,FXB,129.21,0.29%,,0.2824,0.86,<empty>,133.11,125.02,129.92,129.18,129.07,3,-0.31,0.12,"23,069",-200010.04,41123.22,34908.6,-22.46,0.74,-1.07,0.94,131.07,127.35,131.07,-128.03,NaN,84 M
5/20/2026,1630,FXC,71.0902,0.05%,,0.2224,0.28,<empty>,72.469,69.08,71.45,71.15,70.76,1,-0.43,0.23,"20,217",0,33344.93,45507.96,6.3,-0.28,-0.84,0.06,72.5,70.35,-70.35,72.13,NaN,75 M
5/20/2026,1630,FXE,107.31,0.21%,,0.1776,0.5,<empty>,111.535,103.89,107.97,107.5,107.79,1,-0.47,0.2,"58,224",-400006.22,207032,212293.68,-14.25,0.61,-1.01,0.06,109.23,105.47,109.23,109.07,NaN,408 M
5/20/2026,1630,FXF,112.13,0.28%,,0.1997,0.49,<empty>,116.2999,106.8,112.58,112.16,111.62,-8,-0.42,-0.2,"59,089",0,83310.61,99046.83,-17.8,0.11,-1.03,-0.04,115.57,110.35,-110.35,114.08,NaN,488 M
5/20/2026,1630,FXI,36.24,-0.11%,,0.3027,0.61,<empty>,42,34.77,36.81,36.43,38.59,-5,-0.73,-0.29,"26,394,324",100327.06,2.99E+07,3.18E+07,11.41,3.07,-3.33,0.11,39.61,35.37,-35.37,38.05,NaN,"5,958 M"
5/20/2026,1630,FXY,57.78,0.10%,,0.2075,0.32,<empty>,64.72,57.225,58.05,57.83,59.56,-10,-0.63,-0.21,"88,256",200010.13,202830.15,191482.29,-89.39,0.21,-1.55,-0.12,60.61,57.15,-57.15,59.1,NaN,439 M
5/20/2026,1630,FYBR,38.49,0.00%,Communication Services,0.9018,0.13,($5.68),38.5,36.04,38.18,38.03,37.09,4,0.57,0.8,<empty>,300009.01,3493880.5,3089356.02,793.29,1.8,1.1,0.68,38.18,37.6,-37.6,-38.17,22,"9,636 M"
5/20/2026,1630,GAP,22.3,7.31%,Consumer Discretionary,1.987,1.42,$2.21 ,29.36,18.685,23.14,24.23,24.46,5,0.05,0.46,"9,735,297",-300352.37,7404084.71,7903818.48,120.45,-6.73,-9.2,5.94,29.62,21.05,29.62,25.16,5,"8,147 M"
5/20/2026,1630,GD,339.75,-0.11%,Industrials,0.3385,4.1,$22.98 ,369.7,268.1,337.84,342.13,340.95,-2,-0.61,-0.46,"780,320",100025.16,1397771.12,1349584.31,-61.56,-1.74,-2.17,1.57,367.54,307.16,-307.16,354.12,42,"91,879 M"
5/20/2026,1630,GDAXI:DE,24737.24,0.00%,,<empty>,278.16,<empty>,25507.79,21863.81,24271.83,23767.84,24124.83,3,0.75,0.49,<empty>,NaN,NaN,NaN,NaN,5.25,-0.73,3.28,25406.55,21864.39,-21864.39,25153.1,NaN,0
5/20/2026,1630,GDX,86.36,3.08%,,0.6408,4.64,<empty>,117.175,48.7,90.45,91.97,84.63,-5,-0.34,-0.48,"20,430,712",200259.42,2.44E+07,2.46E+07,-11.72,7.79,-6.58,-1.13,117.56,79.42,-79.42,99.07,NaN,"26,318 M"
5/20/2026,1630,GDXJ,113.37,2.78%,,0.8324,6.73,<empty>,157.49,62.27,119.8,121.14,110.94,-5,-0.36,-0.48,"6,599,505",-100266.56,5380514.34,5388788.74,72.6,8.21,-7.64,-2.58,157.56,103.42,-103.42,131.07,NaN,"8,382 M"
5/20/2026,1630,GE,300.17,5.22%,Industrials,1.37,7.96,$7.07 ,348.48,228.0063,290.55,294.5,299.87,1,0.48,0.57,"6,098,415",-300440.21,6175713.3,5929541.72,-19.79,4.67,-1.85,6.62,348.59,269.2,-269.2,310.09,38,"313,179 M"
5/20/2026,1630,GEL,16.35,-0.30%,Energy,0.7376,0.4,$0.95 ,18.64,14.55,16.55,17.17,16.61,5,0.13,0.5,"212,122",100340.22,302162.02,283601.55,-55.42,-7.21,-0.43,1.62,19.53,16.05,-16.05,-16.05,48,"2,002 M"
5/20/2026,1630,GII,76.26,0.67%,,0.6365,0.67,<empty>,78.95,65.65,76.41,76.34,72.41,2,0.02,0.44,"15,728",200019.06,96549.6,85742.83,-57.49,2.96,-1.29,1.86,79.57,74.42,-74.42,-75.03,NaN,972 M
5/20/2026,1630,GIL,57.15,4.96%,Consumer Discretionary,1.071,1.88,$2.16 ,73.695,46,58.25,57.79,59.86,1,0.44,0.46,"900,771",100140.52,1141321.78,1327158.6,-60.33,2.07,-6.77,1.17,72.62,53.36,-53.36,63.13,48,"10,583 M"
5/20/2026,1630,GIS,33.62,-0.44%,Consumer Staples,-0.0331,0.75,$3.05 ,55.19,32.79,34.37,35.84,44.53,3,0.49,0.59,"8,140,584",-200137.43,9846957.78,9198826.51,-9.75,-9.16,-4.13,1.91,46.6,33.03,46.6,-33.02,23,"17,942 M"
5/20/2026,1630,GK,28.4577,1.29%,Industrials,1.388,0.51,<empty>,29.31,21.5732,27.93,26.03,25.81,-4,-0.86,-0.19,"1,089",100020.47,992.77,1041.4,-66.85,19.18,-0.6,-0.91,29.07,23.36,29.04,29.04,NaN,30 M
5/20/2026,1630,GLASF,10.08,-1.80%,Consumer Staples,0.622,0.33,($0.44),10.63,4.55,9.7,8.77,8.05,5,0.64,0.33,"226,388",-100800.2,243439.74,224824.91,0.04,38.08,6.11,3.92,11.17,7.52,11.17,-9.05,57,856 M
5/20/2026,1630,GLBE,29.99,4.75%,Consumer Discretionary,1.541,1.62,$1.65 ,41.94,26.845,30.47,31.48,34.94,3,0.31,0.42,"1,648,819",0,1366965.74,1404323.93,32.04,-7.27,-3.94,7.53,38.62,27.05,-27.05,-27.05,56,"5,037 M"
5/20/2026,1630,GLD,417.4,1.43%,,0.1649,7.75,<empty>,509.7,299.89,424.98,430.85,399.07,1,-0.29,0.51,"6,004,981",0,9884381.25,1.07E+07,-10.81,0.97,-3.15,0.03,492.56,399.4,-399.4,437.09,NaN,"151,516 M"
5/20/2026,1630,GLIN,44.48,2.10%,,0.7122,0.83,<empty>,48.39,38.705,45.02,43.71,45.19,1,-0.63,0.12,"12,369",100116.56,30523.71,105034.99,23.63,9.05,-3.72,-0.14,47.23,39.36,47.23,47.09,NaN,97 M
5/20/2026,1630,GM,76.14,4.83%,Consumer Discretionary,1.299,1.81,$15.77 ,87.62,46.815,76.63,76.01,71.77,1,0.28,0.3,"8,069,084",100139.17,6945397.19,7275229.17,-26.78,4.57,-3.25,1.71,83.59,72.31,83.59,79.1,41,"68,653 M"
5/20/2026,1630,GME,22.55,2.04%,Consumer Discretionary,1.772,1.43,$1.33 ,35.81,19.93,23.77,23.63,23.23,3,0.06,0.22,"6,327,568",100474.12,8034951.69,7349434.94,40.85,-0.09,-10.41,4.45,27.13,21.03,27.13,-21.02,13,"10,111 M"
5/20/2026,1630,GO,8.13,0.12%,Consumer Staples,0.6827,0.25,$0.04 ,19.41,5.655,7.9,7.26,11.51,2,0.91,0.64,"4,238,152",-201676.05,3805107.94,4115138.08,34.1,40.41,2.14,9.86,11.62,6.51,-6.51,-7.02,51,804 M
5/20/2026,1630,GOLF,89.11,1.90%,Consumer Discretionary,0.8552,3.53,$1.48 ,104.81,67.14,91.22,93.46,86.72,5,0.06,0.48,"334,493",-200627.11,331906.77,356227.79,6.98,-0.25,3.68,4.34,104.61,84.05,-84.05,-84.05,53,"5,218 M"
5/20/2026,1630,GOOG,384.9,0.00%,Communication Services,1.081,6.24,$5.33 ,404.47,163.33,378.15,335.82,294.18,-10,-0.82,-0.22,"16,488,132",100335.15,1.89E+07,1.93E+07,-63.01,28.82,-2.59,-2.14,398.08,272.36,-272.36,404.02,43,"4,663,234 M"
5/20/2026,1630,GOOGL,388.91,0.32%,Communication Services,1.082,6.35,$5.33 ,408.61,162,381.12,337.97,294.29,-10,-0.82,-0.23,"31,744,404",100335.15,2.81E+07,2.91E+07,-55.94,29.21,-2.29,-1.98,402.08,272.36,-272.36,409.02,43,"4,711,817 M"
5/20/2026,1630,GOOS,9.61,3.11%,Consumer Discretionary,1.663,0.94,$1.11 ,15.425,9.3,10.97,11.04,12.44,1,0,0.06,"607,346",-200252.04,448304.24,454734.49,43.22,-10.85,-19.98,0.42,13.62,10.03,13.62,12.1,53,934 M
5/20/2026,1630,GPI,315.2,3.19%,Consumer Discretionary,0.8487,15.83,$30.78 ,488.39,292.44,337.34,330.72,387.74,1,-0.51,0.11,"131,246",200143.43,164938.06,164519.96,-57.07,-0.98,-8.36,0.5,374.13,292.44,374.13,374.13,43,"3,750 M"
5/20/2026,1630,GPN,70.78,4.18%,Financials,0.7573,1.55,$4.27 ,90.635,62.45,69.2,68.89,77.43,4,0.64,0.44,"3,414,517",0,3237694.2,3495257.28,-46,3.33,1.65,4.74,83.62,62.31,-62.31,-66.05,52,"19,361 M"
5/20/2026,1630,GRID,188.49,1.88%,,1.262,4.14,<empty>,199.99,127.1,191.33,178.9,161.24,-7,-0.63,-0.04,"2,542,652",200125.01,753699.09,711332.32,171.56,17.16,-4.67,-1.72,200.07,157.36,200.07,200.07,NaN,"10,640 M"
5/20/2026,1630,GRMN,237.47,3.84%,Consumer Discretionary,0.9481,5.68,$7.54 ,273.32,186.67,241.73,244.13,228.42,3,0.25,0.28,"948,474",0,769606.51,842450.22,24.68,2.2,-2.2,5.19,273.23,225.36,273.23,260.17,47,"45,798 M"
5/20/2026,1630,GRNY,26.81,1.55%,,1.292,0.23,<empty>,27.28,20.26,26.74,25.51,25,1,-0.73,0.2,"1,243,159",0,2009063.51,2123936.4,-21.49,12.51,-1.07,0.11,27.07,23.36,27.04,27.04,NaN,"4,377 M"
5/20/2026,1630,GS,982.12,5.75%,Financials,1.264,19.68,($135.91),984.7,582.5,935.92,888.6,845.81,1,0.82,0.47,"3,104,417",100232.28,2040820.95,2179772.39,65.1,20.72,4.78,3.55,952.21,781.47,-781.47,-899.12,36,"289,733 M"
5/20/2026,1630,GSG,33.76,-2.90%,,0.0754,0.62,<empty>,34.94,21.03,33.75,32.38,25.8,-1,-0.43,-0.4,"912,298",100239.1,1508040.9,1543122.62,3.45,6.43,2.8,-1.26,35.12,25.58,-25.58,35.02,NaN,"1,052 M"
5/20/2026,1630,GTBIF,7.25,3.13%,Health Care,1.229,0.41,$0.97 ,10.43,4.8,7.68,7.05,7.37,1,-0.5,0.1,"310,946",-200100.39,657124.24,667447.94,-63.18,15.08,-13.07,3.57,9.19,6.36,9.19,-7.03,52,"1,588 M"
5/20/2026,1630,GTLB,26.7,4.87%,Information Technology,0.8806,1.32,$1.33 ,52.38,18.73,23.7,22.52,35.95,3,0.97,0.71,"6,706,708",-101171.31,5946569.94,6619133.46,17.2,20,9.92,12.85,30.62,19.28,-19.28,-21.17,8,"4,508 M"
5/20/2026,1630,GTM,3.67,-3.67%,Communication Services,1.017,1.3,$1.19 ,12.51,3.645,5.45,5.72,8.69,3,-0.23,0.11,"12,117,156",200174.07,1.13E+07,1.07E+07,108.52,-37.9,-43.54,-4.92,7.09,4.04,7.09,7.09,50,"1,082 M"
5/20/2026,1630,GVAL,35.37,2.14%,,0.6434,0.36,<empty>,36.44,25.89,35.17,34.39,32,1,0.44,0.41,"80,364",-100000.14,268833.46,267391.83,-90.69,11.4,-1.23,1.92,36.23,32.42,36.23,36.08,NaN,439 M
5/20/2026,1630,GVIP,171.797,1.91%,,1.083,2.76,<empty>,177.27,127.31,170.6,159.93,154.39,-7,-0.78,0,"5,272",200011.12,13870.8,14356.3,-71.56,17.63,-2.07,-0.51,177.07,139.36,177.07,177.07,NaN,550 M
5/20/2026,1630,GVZ:CGI,25.17,0.00%,,-1.518,0.66,<empty>,48.68,14.47,26.59,31.09,25.92,-1,-0.17,-0.42,<empty>,NaN,NaN,NaN,NaN,-28.6,-4.44,-4.44,46.37,25.17,46.37,29.12,NaN,0
5/20/2026,1630,H,173.19,5.35%,Consumer Discretionary,1.295,3.61,$1.19 ,180.53,124.82,165.92,157.12,154.2,1,0.79,0.44,"852,269",100545.52,773927.71,843631,-43.39,21.87,2.26,2.61,176.23,138.35,176.23,-157.15,53,"16,308 M"
5/20/2026,1630,HACK,92.94,1.80%,,0.8052,3.53,<empty>,92.98,69.66,84.09,79.67,81.75,5,1,1,"146,725",200041.02,122697.23,130418.09,62.18,21.51,11.81,4.96,86.07,70.6,-70.6,-78.14,NaN,"2,300 M"
5/20/2026,1630,HAL,42.3,-1.58%,Energy,0.7704,1.07,$1.98 ,43.59,19.38,41.19,38.96,30.42,-1,-0.64,-0.52,"12,885,614",-100245.43,1.46E+07,1.45E+07,-2.7,15.8,4.7,1.29,42.13,33.51,-33.51,-39.09,41,"35,337 M"
5/20/2026,1630,HBB,19.15,9.74%,Consumer Discretionary,1,1.16,$0.59 ,21.84,12.72,19.74,18.98,16.75,1,0.2,0.16,"50,948",201185.01,23025.5,24091.02,-9.79,16.63,-5.57,5.22,22.14,16.47,22.14,22.14,52,259 M
5/20/2026,1630,HBDC,24.66,0.35%,,0.0754,0.04,<empty>,27.74,23.16,24.7,24.61,24.99,1,-0.71,0.35,"4,928",0,8097.22,22962.39,69.29,1.13,-0.04,-0.16,25.62,24.36,-24.36,-25.02,NaN,84 M
5/20/2026,1630,HCA,396.67,-1.98%,Health Care,1.184,10.48,$34.38 ,556.52,330,429.98,467.9,462,-2,-0.05,-0.49,"2,217,335",-200229.02,1191459.13,1172399.57,48.16,-19.68,-7.63,-6.22,557.48,421.07,557.48,452.16,44,"87,997 M"
5/20/2026,1630,HD,310.58,2.69%,Consumer Discretionary,0.9911,8.48,$12.74 ,426.75,289.1,317.15,327.72,366.76,3,0.2,0.41,"5,810,902",200431.02,4349776.36,4348167.75,34.58,-3.17,-3.86,4.39,394.6,297.03,394.6,337.17,60,"309,346 M"
5/20/2026,1630,HELE,23.95,-1.68%,Consumer Discretionary,1.23,0.91,$5.73 ,33.734,13.85,23.88,19.3,20.31,3,-0.68,0.08,"623,751",-200168.19,684793.96,653173.99,6.02,61.28,-6.41,5.93,27.09,14.37,27.09,-22.05,33,557 M
5/20/2026,1630,HII,321.92,-0.83%,Industrials,0.2808,14.47,$20.15 ,460,215.045,340.04,375.67,342.94,8,0.11,0.59,"340,861",-200441.12,520590.77,511247.95,-44.42,-21.09,0.74,-1.3,460.56,311.1,-311.1,-311.1,48,"12,685 M"
5/20/2026,1630,HIMS,23.04,2.67%,Health Care,2.15,2.07,$0.27 ,70.43,13.74,26.33,24.29,35.23,1,-0.6,0.12,"16,686,597",101309.5,3.26E+07,3.59E+07,-4.17,4.63,-14.29,-8.02,32.22,14.6,32.22,31.17,55,"5,333 M"
5/20/2026,1630,HLN,9.28,0.87%,Health Care,0.1945,0.13,$0.33 ,11.42,8.71,9.23,9.64,9.77,4,0.12,0.86,"8,156,263",-100130.09,8619407.81,8849638.8,-7.29,-7.85,0.54,3.57,11.62,9.03,11.62,-9.03,48,"41,103 M"
5/20/2026,1630,HLT,323.87,2.69%,,1.062,3.56,$9.08 ,344.75,241.45,319.81,314.43,289.81,5,0.23,0.45,"1,292,160",-100231.16,1632835.55,1711929.89,-39.71,10.69,0.73,2.44,345.23,290.48,345.23,-308.12,47,"73,728 M"
5/20/2026,1630,HOOD,75.76,2.16%,Financials,2.156,1.98,$3.33 ,153.8599,62.6318,77.93,76.32,104.84,-4,-0.71,-0.44,"17,178,283",-100267.16,2.88E+07,2.86E+07,-44.92,6.87,-4.16,-1.79,93.23,64.36,93.23,-70.15,47,"68,222 M"
5/20/2026,1630,HPP,10.95,2.53%,Real Estate,1.787,0.88,$1.67 ,21.7,5.26,10.28,7.91,12.46,-6,-0.9,-0.21,"874,317",0,1232582.66,1286689.31,-19.91,93.81,3.01,-2.75,12.08,5.33,12.08,12.08,51,594 M
5/20/2026,1630,HQY,87.55,3.43%,Health Care,0.1762,1.67,$4.74 ,116.65,72.76,82.59,82.16,88.54,6,0.69,0.76,"1,273,200",100050.45,964381.33,936856.52,10.32,8.06,5.17,6.55,88.21,74.6,88.21,-79.14,5,"7,339 M"
5/20/2026,1630,HSI:HK,25634.8,-0.63%,,<empty>,310.26,<empty>,28056.1,22668.35,26109.45,25773.96,26001.83,-8,-0.52,-0.31,<empty>,NaN,NaN,NaN,NaN,-0.77,-2.21,-1.26,27326.62,24204.37,-24204.37,-25506.02,NaN,0
5/20/2026,1630,HSY,190.84,-1.02%,Consumer Staples,0.0758,3.87,$9.12 ,239.48,150.04,188.55,199.44,193.57,-1,0.28,-0.63,"1,615,272",-100136.43,1936925.17,1880330.9,-49.79,-9.18,2.38,2.06,239.56,180.13,-180.13,197.05,48,"38,711 M"
5/20/2026,1630,HTZ,4.88,-1.01%,Industrials,2.092,0.47,($3.72),8.44,3.775,5.79,5.51,5.47,-5,-0.12,-0.06,"7,053,634",-200336.15,1.16E+07,1.07E+07,-83.74,23.54,-24.69,-11.75,8.22,4.43,8.22,7.14,53,"1,541 M"
5/20/2026,1630,HUBS,203.39,-2.31%,Information Technology,1.269,24.81,$11.56 ,632.385,173.25,214.98,228.68,352.16,4,0.73,0.44,"1,271,900",100671.09,1651608.06,1697895.01,40.91,-21.41,-13.51,2.53,297.53,173.05,-173.05,-173.05,52,"10,412 M"
5/20/2026,1630,HUM,304.1,-2.08%,Health Care,0.6337,29.09,$10.57 ,315.66,163.11,262.21,215.17,243.32,-5,-1,-0.83,"1,593,977",0,1865436.15,1819302.5,-26.38,78.99,23.45,-0.33,297.06,163.42,-163.42,-214.15,47,"36,511 M"
5/20/2026,1630,HYG,79.86,0.64%,,0.4045,0.23,<empty>,81.36,78.565,80,79.84,80.49,1,0.48,0.23,"58,906,256",100109.36,5.09E+07,5.34E+07,14.1,1.19,-0.37,0.5,81.61,79.37,-79.37,81.17,NaN,"16,403 M"
5/20/2026,1630,HYLS,40.93,0.59%,,0.402,0.1,<empty>,42.4036,40.01,40.94,40.86,41.56,1,0.69,0.2,"136,825",-200000.32,299258.19,283219.96,-1.59,0.81,-0.35,0.34,42.19,40.36,42.19,42.03,NaN,"1,645 M"
5/20/2026,1630,IAK,134.55,0.35%,,0.5657,1.49,<empty>,138.66,124.62,131.96,130.73,132.28,5,0.74,0.77,"46,833",200024.42,56263.49,62730.02,30.88,5.89,2.54,1.92,138.56,125.37,-125.37,-130.08,NaN,370 M
5/20/2026,1630,IBB,167.91,2.27%,,0.7403,2.86,<empty>,179.64,119.78,169.16,168.91,161.84,1,0.25,0.2,"1,817,603",0,1513923.64,1568029.24,19.86,3.87,-3.43,0.65,178.59,160.4,-160.4,174.1,NaN,"7,816 M"
5/20/2026,1630,IBIT,43.99,1.13%,,0.722,0.96,<empty>,71.82,35.3,44.68,42.23,51.92,-7,-0.86,-0.49,"21,838,291",0,4.31E+07,4.83E+07,-4.91,10.61,-4.76,-1.85,47.07,36.6,47.07,47.07,NaN,"62,978 M"
5/20/2026,1630,IDX,11.44,0.35%,,0.3837,0.6,<empty>,17.55,11.265,12.77,13.42,15.57,-9,-0.15,-0.18,"320,478",100100.01,52446.4,51606.75,2403.32,-12.94,-13.98,-5.77,16.61,12.03,16.61,13.1,NaN,25 M
5/20/2026,1630,IDXX,553.58,1.30%,Health Care,1.597,16.72,$13.35 ,769.98,496.61,554.59,567.49,640.89,3,0.25,0.6,"619,024",100041.36,569167.44,559215.98,-13.67,-4.1,-4.43,4.69,666.58,523.05,-523.05,-523.05,50,"43,668 M"
5/20/2026,1630,IEF,93.74,0.68%,,0.2646,0.57,<empty>,98.045,92.945,94.55,95.08,96.15,1,0.01,0.24,"14,892,730",200010.41,9584853.15,9901888.54,43.44,-1.2,-1.33,0.25,98.57,93.03,98.57,96.17,NaN,"47,367 M"
5/20/2026,1630,IFF,74.43,3.39%,Materials,0.9862,3.9,$1.55 ,84.45,59.14,74.04,72.28,68.94,1,-0.52,0.47,"2,651,506",100334.11,1774127.86,1764509.04,81.43,11.72,-10.25,1.82,84.1,65.43,84.1,84.1,51,"19,002 M"
5/20/2026,1630,IGLB,49.15,1.11%,,0.6337,0.37,<empty>,52.5999,47.36,49.55,49.64,50.7,1,0.37,0.4,"1,663,338",-200112.48,1830456.18,1887894.47,-33.16,0.53,-1.54,0.14,52.57,49.37,52.57,50.17,NaN,"2,575 M"
5/20/2026,1630,IGSB,52.32,0.29%,,0.1238,0.08,<empty>,53.25,52.12,52.43,52.48,52.83,1,0.37,0.44,"2,754,707",100003.15,3893929.91,3682988.08,-71.85,-0.02,-0.29,0.13,53.57,52.03,53.57,53.17,NaN,"21,990 M"
5/20/2026,1630,IIGD,24.425,0.35%,,0.1435,0.09,<empty>,25.08,24.3,24.55,24.6,24.79,1,-0.31,0.2,178,100000.06,6692.96,6597.37,-59.65,-0.58,-0.84,-0.24,25.62,24.37,25.62,25.09,NaN,31 M
5/20/2026,1630,IJT,160.38,1.88%,,1.073,2.04,<empty>,164.8499,125.24,160.86,153.6,146.12,1,-0.6,0.12,"119,707",-100019.03,133701.5,123971.75,2.75,14.08,-2.53,1.18,165.1,139.36,165.1,165.1,NaN,"7,377 M"
5/20/2026,1630,ILMN,141.92,0.17%,Health Care,1.481,2.5,$6.35 ,155.529,78.55,136.87,130.05,120.61,-6,-0.83,-0.68,"1,455,925",100545.58,1554827.89,1660883.76,-39.72,14.15,-0.46,-0.43,147.06,115.48,150.04,150.04,48,"21,472 M"
5/20/2026,1630,INDA,48.02,1.59%,,0.4628,0.86,<empty>,56.01,45.2118,48.8,48.46,52,1,0.6,0.19,"12,428,548",100120.56,8288387.44,8920320.11,153.8,3.07,-4.02,0.06,53.62,45.36,-45.36,50.09,NaN,"6,706 M"
5/20/2026,1630,INDY,42.34,1.41%,,0.4612,0.72,<empty>,54.87,40.8201,43.09,43.22,48.8,1,0.58,0.45,"132,563",-100042.07,155762.1,155491.51,29.21,0.91,-4.01,-0.14,48.62,41.36,-41.36,44.09,NaN,561 M
5/20/2026,1630,INFL,53.23,0.17%,,0.717,0.35,<empty>,55.17,40.94,53.04,52.65,47.41,3,0.19,0.52,"311,667",-100020.05,291916.94,282062.85,156.46,5.32,0.06,0.93,55.56,50.42,-50.42,54.06,NaN,"1,601 M"
5/20/2026,1630,INMD,14.02,0.36%,Health Care,2.026,0.22,$1.35 ,16.74,12.72,14.1,13.91,14.46,7,0.52,0.33,"855,551",100129.11,905299.62,912202.62,133.9,3.62,3.16,0.86,15.62,13.48,-13.48,-13.1,48,853 M
5/20/2026,1630,INTC,118.96,7.36%,Information Technology,1.918,8.96,($0.66),132.75,18.965,104.61,73.54,46.18,1,-0.76,0.03,"165,086,920",501298.09,1.27E+08,1.17E+08,2.8,171.16,5.27,9.37,133.07,41.36,133.07,133.07,43,"597,893 M"
5/20/2026,1630,INVH,29.17,1.78%,Real Estate,0.8446,0.28,$1.96 ,34.25,24.25,28.38,26.68,27.75,3,0.82,0.26,"4,740,628",0,6009512.17,6347162.6,-51.05,19.6,1.5,4.44,29.14,24.42,29.14,29.14,47,"17,328 M"
5/20/2026,1630,IONQ,52.47,8.32%,Information Technology,2.91,3.84,($1.35),84.64,25.89,48.88,39.85,47.14,-4,-0.85,-0.28,"22,745,853",300118.25,2.91E+07,2.81E+07,-2.21,68.17,-0.19,1,59.06,26.36,59.06,59.06,52,"19,585 M"
5/20/2026,1630,IPO,51.26,3.98%,,1.332,0.98,<empty>,54.68,39.305,49.61,46.41,47.24,1,0.73,0.32,"29,706",-300336.22,24776.5,24180.89,133.04,20.53,-1.97,4.53,52.1,39.36,52.1,52.1,NaN,149 M
5/20/2026,1630,IRM,125.81,1.85%,Real Estate,1.222,2.51,($2.64),134.09,77.77,124.06,113.99,100.05,1,-0.77,0.15,"1,025,590",100839.15,1551460.17,1574175.83,-79.65,26.3,-4.73,0.59,134.1,97.36,134.1,134.1,52,"37,432 M"
5/20/2026,1630,IRT,16.7,1.21%,Real Estate,1.004,0.16,$0.59 ,18.74,14.6,16.29,15.78,16.57,2,0.9,0.41,"3,488,927",0,2354125.73,2517536.09,-1.45,10.45,1.71,4.38,17.58,15.33,-15.33,-16.17,47,"3,936 M"
5/20/2026,1630,ITA,223.28,2.27%,,0.7282,3.94,<empty>,250.65,168.4401,219.75,224.08,217.3,1,0.34,0.63,"881,019",-100228.49,1149834.16,1182904.61,-2.22,0.32,-0.06,2.77,251.56,209.36,-209.36,227.07,NaN,"13,698 M"
5/20/2026,1630,ITB,90.14,4.53%,,1.309,2.77,<empty>,118,84.98,92.99,93.04,101.83,1,0.33,0.37,"4,530,726",100437.01,2307653.03,2367814.32,141.6,2.12,-5.43,4.27,113.62,86.03,113.62,101.17,NaN,"2,312 M"
5/20/2026,1630,ITW,250.77,1.37%,Industrials,1.05,3.42,$9.44 ,303.155,238.82,256.82,261.93,260.9,3,0.06,0.47,"1,707,697",200329.15,1309940.15,1337517.67,-51.02,-2.68,-3.74,1.25,298.61,247.14,298.61,273.17,47,"72,147 M"
5/20/2026,1630,IVOL,18.03,0.17%,,0.0297,0.15,<empty>,20.255,17.865,18.25,18.47,19.09,3,0.01,0.19,"172,309",-100135.31,330706.82,292820.02,127.96,-3.48,-1.8,0.36,19.57,18.03,19.57,19.17,NaN,330 M
5/20/2026,1630,IWC,181.42,2.75%,,1.099,3.35,<empty>,189.5,115.75,182.04,172.42,159.94,1,-0.66,0.03,"80,892",-200325.1,145069.03,129004.53,-66.94,16.43,-3.75,-0.29,190.07,153.36,190.07,190.07,NaN,"1,370 M"
5/20/2026,1630,IWF,124.66,1.29%,,0.1386,1.74,<empty>,126.045,97.075,121.87,115.24,115.88,-4,-0.93,-0.25,"4,490,724",-100128.49,8528098.9,1.08E+07,-15.37,16.66,1.81,0.23,124.07,102.36,126.04,126.04,NaN,"128,874 M"
5/20/2026,1630,IWM,279.87,2.52%,,1.116,3.76,<empty>,287.58,199.65,279.38,265.25,251.93,1,-0.7,0.06,"31,562,006",100034.42,3.59E+07,3.84E+07,8.01,15.54,-2.42,0.82,288.09,239.36,288.09,288.09,NaN,"76,824 M"
5/20/2026,1630,IWN,208.64,2.16%,,1.033,2.33,<empty>,213.19,146.9,208.2,199.56,186.73,1,-0.67,0.19,"626,915",100226.34,816776.63,779297.62,-35.86,13.73,-1.94,1.3,213.09,182.42,213.09,213.09,NaN,"13,572 M"
5/20/2026,1630,IWO,363.17,2.81%,,1.193,5.8,<empty>,375.695,262.24,362.79,341.32,328.84,1,-0.71,0.06,"349,682",0,434866.99,456133.91,12.42,17.32,-2.93,0.25,376.09,300.36,376.09,376.09,NaN,"14,127 M"
5/20/2026,1630,J,113.82,0.82%,Industrials,0.7329,8.39,$4.07 ,168.44,105.68,121.37,125.38,139.55,5,0.19,0.34,"799,225",100435.05,1133653.43,1059175.79,-35.75,-11.38,-10.11,3,141.55,106.05,-106.05,-106.05,51,"13,440 M"
5/20/2026,1630,JACK,11.17,-2.36%,Consumer Discretionary,1.51,1.13,$0.57 ,25.34,8.915,12.51,11.93,17.1,2,-0.55,0.26,"645,139",-101991.05,900359.56,898661.18,61.99,1.55,-18.05,2.76,18.62,9.35,-9.35,-10.03,52,213 M
5/20/2026,1630,JBHT,262.88,2.48%,Industrials,1.284,9.12,$10.78 ,264.98,130.12,248.92,229.82,190.17,5,0.79,0.63,"932,299",300441.04,982785.62,952676.01,3.84,31.49,6.84,0.26,256.21,194.45,-194.45,-231.06,37,"24,789 M"
5/20/2026,1630,JBLU,4.73,7.99%,Industrials,1.774,0.21,($3.18),6.5,3.84,4.86,4.75,4.88,1,0.42,0.39,"27,391,401",201190.4,2.87E+07,2.67E+07,25.55,17.37,-6.15,3.28,6.23,4.43,6.23,5.17,46,"1,760 M"
5/20/2026,1630,JBSAY,14.44,0.00%,Consumer Staples,0.1408,0.42,$1.04 ,15.65,13.01,14.36,14.79,12.75,4,0.12,0.37,<empty>,-400000.03,264987.4,239337.09,-42.94,2.12,0.77,3.81,16.11,13.03,16.11,-13.03,NaN,"32,030 M"
5/20/2026,1630,JETS,26.44,6.57%,,1.166,0.78,<empty>,31.33,21.0312,26,25.63,26.42,1,0.55,0.44,"7,651,121",-100157.51,4758381.81,4941887.9,133.09,9.76,-2.94,3.44,30.58,24.36,-24.36,28.09,NaN,751 M
5/20/2026,1630,JNJ,229.32,-0.30%,Health Care,0.2679,3.19,$7.23 ,251.71,149.04,226.79,233.74,210.12,3,0.23,0.87,"7,353,781",-100131.43,7762281.04,7968821.69,-9.85,-2.57,2.09,1.15,252.56,220.07,-220.07,232.03,37,"552,023 M"
5/20/2026,1630,JNK,96.12,0.61%,,0.4189,0.28,<empty>,98.24,94.485,96.33,96.1,96.98,1,0.52,0.24,"3,132,674",-100110.43,5360642.07,5631485.05,-23.51,1.23,-0.44,0.42,98.62,94.37,-94.37,97.17,NaN,"7,581 M"
5/20/2026,1630,JOBY,10.07,0.70%,Industrials,2.483,0.7,($0.76),20.95,6.42,9.74,9.28,13.04,-5,-0.94,-0.67,"23,329,415",101981.11,2.64E+07,2.61E+07,0.83,9.1,-4.28,-2.8,11.07,8.36,11.05,11.05,52,"9,905 M"
5/20/2026,1630,JOE,64.97,2.88%,Real Estate,1.339,1.07,$3.45 ,73.54,42.65,65.9,66.24,60.05,1,0.28,0.61,"165,653",-200139.12,259199.64,250736.48,-47.35,2.12,-1.11,2.2,74.54,60.37,-60.37,-61.13,42,"3,730 M"
5/20/2026,1630,JOET,43.06,1.43%,,1.035,0.32,<empty>,43.735,38.34,42.99,41.81,42.2,1,-0.78,0.2,"19,910",-100022.14,23040.64,24121.34,-33.16,8.49,-1.22,0.09,44.09,39.36,44.09,44.09,NaN,230 M
5/20/2026,1630,JPM,301.98,2.12%,Financials,1.015,5.42,($39.16),337.25,256.0001,305.98,300.88,305.42,1,0.41,0.32,"9,327,002",-100139.43,9147857.81,9465855.37,5.21,5.38,-4.1,1.4,320.21,279.48,320.21,316.09,36,"809,159 M"
5/20/2026,1630,JPXN,98.04,0.70%,,0.5531,1.7,<empty>,101.215,76.19,97.17,94.48,90.03,-5,-0.62,-0.51,"22,412",300200.52,26920.59,54198.73,-10.01,11.71,-0.72,-0.47,100.57,88.42,101.05,101.05,NaN,132 M
5/20/2026,1630,JYNT,8.75,0.34%,Health Care,1.132,0.21,$0.18 ,13.4692,7.5,8.73,8.67,9.12,3,0.3,0.54,"69,440",200000.07,66046.43,65754.72,86.02,6.58,-0.57,6.32,9.47,8.42,-8.42,-8.04,53,125 M
5/20/2026,1630,K,83.44,0.00%,Consumer Staples,0.2238,0.18,$1.73 ,83.65,76.48,83.36,83.14,81.46,4,0.56,0.31,<empty>,-100010.01,3364959.52,3435920.58,1730.15,0.7,-0.06,0.36,84.1,76.54,84.1,-83.07,38,"29,031 M"
5/20/2026,1630,KBA,33.64,1.11%,,0.3683,0.57,<empty>,35.309,23.44,33.66,31.96,30.41,-5,-0.69,0,"480,312",100022.01,90474.36,96602.47,1100.53,13.34,-1.58,0.18,35.06,29.4,35.05,35.05,NaN,192 M
5/20/2026,1630,KBWP,121.17,-0.12%,,0.439,1.46,<empty>,129,114.62,119.45,120.04,121.95,5,0.44,0.81,"7,479",0,13581.85,13775.85,3.25,1.16,2.75,1.97,128.56,116.05,-116.05,-116.05,NaN,253 M
5/20/2026,1630,KCE,151.03,0.95%,,1.246,1.26,<empty>,162.25,132.3,151.71,145.34,149.46,-4,-0.7,-0.26,"10,405",100125.46,19471.9,19669.29,72.96,11.04,-1.05,-0.38,156.21,132.37,156.21,155.04,NaN,449 M
5/20/2026,1630,KDP,28.69,-0.55%,Consumer Staples,1,0.26,$1.16 ,35.935,24.875,28.9,27.43,28.19,-2,-0.86,-0.4,"15,343,074",-100326.18,1.11E+07,1.11E+07,45.82,7.9,0.46,-0.83,32.6,25.32,-25.32,30.05,43,"39,034 M"
5/20/2026,1630,KEMX,48.15,2.32%,,0.877,1.16,<empty>,50.1787,29.92,47.64,44.34,39.06,-7,-0.73,-0.27,"5,495",100338.44,25269.22,25498.93,-76.99,21.7,-2.7,0.75,50.07,39.36,50.07,50.07,NaN,125 M
5/20/2026,1630,KHC,23.53,1.07%,Consumer Staples,1,0.43,$3.33 ,29.19,21.035,22.89,22.56,24.51,1,0.99,0.65,"13,959,606",-100032.11,1.53E+07,1.52E+07,7.28,9.09,1.99,2.66,25.6,21.4,-21.4,24.08,47,"27,901 M"
5/20/2026,1630,KLAC,1829.47,5.11%,Information Technology,1.467,55.6,$30.49 ,1939.36,740.44,1808.86,1675.15,1318.54,1,0.36,0.36,"900,345",100451.15,992039.06,978602.3,-52.39,22.07,0.73,1.39,1939.18,1321.51,1939.18,-1646.14,48,"238,979 M"
5/20/2026,1630,KMX,37.33,2.92%,Consumer Discretionary,1.219,1.22,$8.44 ,71.99,30.26,38.18,40.53,44.67,1,0.22,0.39,"3,532,622",-100648.27,3314358.43,3256674.27,32.14,-10.82,-5.33,1.08,49.27,36.05,49.27,40.07,19,"5,294 M"
5/20/2026,1630,KNX,71,3.85%,Industrials,1.139,3.56,$3.05 ,71.63,38.625,64.81,60.8,52.05,5,0.89,0.88,"5,420,704",301342.05,3700372.95,3531549.12,135.83,33.26,10.47,2.81,68.19,52.45,-52.45,-59.06,42,"11,537 M"
5/20/2026,1630,KO,81.55,-0.45%,Consumer Staples,0.3652,1.27,$2.92 ,82.6635,65.3538,79.03,77.3,72.65,-1,0.69,-0.71,"16,999,670",-200122.17,1.45E+07,1.54E+07,12.27,9.1,2.93,0.9,82.57,74.39,-74.39,-75.17,41,"350,867 M"
5/20/2026,1630,KR,68.68,-2.72%,Consumer Staples,0.4752,1.55,$5.30 ,76.58,58.6,67.04,69.58,67.21,6,0.29,0.83,"5,748,076",-100130.43,5535254.13,5899692.58,-2.08,-6.17,4.04,4.03,77.48,64.06,-64.06,-64.06,21,"42,345 M"
5/20/2026,1630,KRE,69.17,2.38%,,0.8489,1.15,<empty>,74.08,55.37,69.04,67.31,65.49,3,0.49,0.33,"18,748,474",-100335.58,1.56E+07,1.76E+07,50.78,9.72,-2.18,3.29,72.61,62.43,-62.43,-66.03,NaN,"3,663 M"
5/20/2026,1630,KSA,38.33,-0.42%,,0.3059,0.29,<empty>,41.5,35.81,38.75,38.86,38.51,3,-0.36,0.41,"308,698",100027.56,615739.32,794093.3,7.94,4.21,-0.29,0.1,41.23,36.55,41.23,-38.02,NaN,698 M
5/20/2026,1630,KSS,12.21,4.00%,Consumer Discretionary,1.514,1.17,$9.00 ,25.22,7.47,13.58,13.44,16.53,3,0.26,0.19,"5,729,573",-100269.43,4752457.69,4985499.64,26.8,-1.77,-15.27,3.74,20.62,12.03,20.62,16.16,5,"1,371 M"
5/20/2026,1630,KVUE,17.32,0.99%,Consumer Staples,0.2282,0.2,$0.95 ,24.03,14.02,17.38,17.4,17.63,1,0.28,0.55,"16,569,416",0,1.93E+07,2.23E+07,-4.44,-0.46,-2.04,1.23,19.57,17.31,-17.31,-17.03,53,"33,255 M"
5/20/2026,1630,KW,11.04,0.36%,Real Estate,0.914,0.05,($0.49),11.085,5.98,10.96,10.91,9.62,1,0.07,0.36,"5,684,760",100015.01,1067531.01,1375904.29,389.36,1.75,0.82,0.09,11.09,11.35,11.09,11.09,52,"1,538 M"
5/20/2026,1630,KWEB,28.12,-0.57%,,0.3043,0.73,<empty>,43.365,27.62,28.82,28.99,35.14,-5,-0.79,-0.24,"37,626,658",-100138.05,2.69E+07,2.71E+07,110.63,-0.39,-5.51,-0.18,33.62,28.35,-28.35,31.05,NaN,"7,238 M"
5/20/2026,1630,LAMR,151.8,1.60%,Real Estate,1.197,5.36,$7.25 ,158.6899,113.05,143.44,135.75,129.12,1,0.92,0.49,"487,332",-200125.06,638738.32,644586.83,-3.34,21.86,7.55,4.3,159.08,122.35,159.08,159.08,54,"15,404 M"
5/20/2026,1630,LCID,5.68,1.25%,Consumer Discretionary,0.8331,0.31,($14.63),33.7,5.56,6.11,7.97,13.72,-4,0.68,-0.57,"10,949,167",-701021.2,1.51E+07,1.33E+07,-47.68,-43.54,-8.24,-5.96,11.5,6.15,11.5,7.12,51,"2,217 M"
5/20/2026,1630,LEVI,21.34,2.69%,Consumer Discretionary,1.319,0.69,$1.20 ,24.82,16.5,21.97,20.81,21.34,1,-0.43,0.2,"2,548,730",-100438.31,2977819.65,2846928.74,-42.3,19.02,-7.34,1.72,24.21,18.42,24.21,23.09,23,"8,207 M"
5/20/2026,1630,LFMD,4.26,-0.93%,Health Care,1.806,0.35,($0.10),15.84,2.56,4.6,4.19,4.65,2,-0.67,0.02,"829,345",402616.23,1208214.7,1223606.54,-9.76,9.23,-19.17,-1.62,5.1,3.6,5.1,-4.02,52,206 M
5/20/2026,1630,LFST,7.68,-0.65%,Health Care,1.327,0.38,$0.37 ,8.89,3.74,7.62,6.96,6.35,-5,-0.82,-0.28,"3,421,594",-100411.09,4232958.58,4093228.25,-90.9,20,4.35,0.39,9.09,6.47,9.09,9.09,53,"2,932 M"
5/20/2026,1630,LH,257.42,1.47%,Health Care,0.918,2.04,$16.70 ,293.72,239.75,256.94,263.54,268.52,3,0.08,0.6,"400,191",-200330.15,637266.19,628731.07,-73.82,-2.12,0.19,2.8,291.57,249.11,-249.11,-249.11,43,"21,108 M"
5/20/2026,1630,LI,16.18,0.00%,Consumer Discretionary,0.5267,1.07,($1.82),32.025,15.64,17.95,18.03,19.76,-4,-0.54,0,"5,633,676",100255.02,3588679.54,3359417.52,184.76,-3.11,-8.69,-12.59,20.28,17.43,20.05,20.05,5,"16,490 M"
5/20/2026,1630,LII,493.33,2.20%,Industrials,1.219,14.78,$18.86 ,689.44,434.06,510.84,491.16,517.62,-10,-0.61,-0.27,"369,960",100142.15,457772.03,453701.76,-61.69,5.44,-8.87,-1.33,574.57,434.37,-434.37,551.09,47,"17,168 M"
5/20/2026,1630,LIN,506.63,0.11%,,0.7384,6.38,<empty>,521.28,387.78,504.94,498.75,464.17,-2,-0.49,-0.55,"2,049,674",-100127.43,2227375.3,2371799.34,-32.51,3.79,0.95,0.1,521.13,471.49,521.13,-490.11,49,"234,239 M"
5/20/2026,1630,LIT,83.49,2.09%,,1.029,3.11,<empty>,91.98,35.62,86.67,79.63,65.9,-7,-0.43,0,"298,486",300136.07,394307.6,387605.26,-42.85,24.65,-8.77,-0.7,92.07,67.42,92.07,92.07,NaN,"2,139 M"
5/20/2026,1630,LLY,1018.87,-0.25%,Health Care,0.4894,21.81,$11.81 ,1133.95,623.78,958.64,940.74,925.28,-1,0.58,-0.81,"2,998,810",200438.15,3118190,3080054.18,-63.59,12.37,3.22,1.39,1064.61,851.15,-851.15,-851.15,52,"908,569 M"
5/20/2026,1630,LMND,57.36,6.28%,Financials,1.751,1.61,$0.26 ,99.9,28.71,57.06,60.16,63.81,3,0.47,0.56,"1,634,198",100781.46,1826009.56,2153335.59,-17.19,-10.63,8.23,11.7,73.23,48.6,73.23,-51.03,51,"4,406 M"
5/20/2026,1630,LMT,522.59,-0.77%,Industrials,0.0848,6.18,$24.45 ,692,410.11,516.84,577.87,529.89,-1,0.24,-0.84,"1,018,868",-100135.43,1472463.24,1550178.82,-35.86,-16.71,1.62,1.28,692.56,500.1,-500.1,-500.1,41,"120,490 M"
5/20/2026,1630,LNG,243.66,-1.26%,Energy,0.0629,11.88,$10.16 ,300.89,186.2001,254.6,264.07,230.17,5,0.04,0.5,"2,008,859",-100147.43,3078979.99,3141455.82,-11.54,-13.25,-6.79,0.75,301.36,216.58,301.36,-236.09,53,"51,059 M"
5/20/2026,1630,LOGI,103.78,0.12%,Information Technology,1.077,2.37,$6.65 ,123.01,81.98,101.63,96.77,102.28,-2,-0.87,-0.54,"799,628",100237.11,1039011.83,1024146.59,-5.89,18.04,0.35,0.77,110.07,87.42,110.07,110.07,51,"14,893 M"
5/20/2026,1630,LOTMY,29.9,0.67%,Consumer Discretionary,0.7693,1.16,$1.91 ,33.1,21.65,30.33,30,26.67,-8,-0.31,-0.22,"6,216",-100100.21,19604.56,20396.09,-86.28,5.06,-7.34,-1.06,33.23,23.61,33.23,33.09,NaN,"7,026 M"
5/20/2026,1630,LOW,221.05,1.23%,Consumer Discretionary,0.8949,5.13,$13.69 ,293.06,208,229.62,235.53,249.22,3,0.24,0.4,"6,111,577",100333.01,2701490.77,2762787.42,106.53,-1.59,-5.28,1.2,284.62,218.05,284.62,247.17,0,"124,009 M"
5/20/2026,1630,LQD,107.95,0.77%,,0.4444,0.57,<empty>,112.93,105.39,108.66,108.87,110.41,1,0.32,0.39,"34,281,713",-400009.47,3.75E+07,3.97E+07,-24.71,0.09,-1.14,0.08,112.57,107.37,112.57,110.17,NaN,"28,099 M"
5/20/2026,1630,LRCX,292.09,6.84%,Information Technology,1.813,13.33,$4.76 ,302,79.49,276.03,252.22,186.45,1,0.69,0.37,"8,574,213",-100371.43,9693413.1,9860406.1,-17.41,27.91,-1.71,2.59,300.07,194.51,302.04,302.04,47,"365,279 M"
5/20/2026,1630,LUV,39.7,6.29%,Industrials,1.144,1.2,($0.73),55.11,28.975,39.08,39.47,38.19,1,0.36,0.56,"7,906,857",0,7634643.81,8330718.22,55.67,0.74,-4.34,3.12,52.62,36.33,-36.33,42.09,42,"19,404 M"
5/20/2026,1630,LUXE,7.34,6.84%,Consumer Discretionary,1.15,0.68,($0.33),11.38,6.54,8.42,8.37,8.69,1,0,0.04,"618,803",-100680.02,244461.46,250904.86,307.76,-3.93,-19.34,-3.29,10.59,8.03,10.59,9.11,86,"1,008 M"
5/20/2026,1630,LVS,49.62,-0.60%,Consumer Discretionary,0.8277,1.33,$3.30 ,70.4545,39.29,52.32,53.64,57.18,-3,-0.2,-0.4,"5,255,919",100139.2,4270990.64,4280824.49,1.86,-6.25,-6.76,-3.01,58.23,50.19,58.23,55.14,42,"32,880 M"
5/20/2026,1630,LW,41.96,-0.55%,Consumer Staples,0.4524,0.99,$4.54 ,67.07,37.62,42.79,42.21,50.98,-2,-0.79,-0.65,"2,136,358",-100266.43,2984798.67,2767610.6,70.93,4.9,-2.94,-4.77,49.62,38.33,-38.33,45.17,42,"5,794 M"
5/20/2026,1630,LYB,71.3,-2.38%,Materials,0.3996,1.71,$2.82 ,83.94,41.58,73.25,74.02,56.08,-3,-0.14,-0.52,"4,352,468",-100261.43,7409441.29,7899765.5,-50.22,-2.76,-2.97,-5.01,84.35,54.62,84.35,78.11,49,"23,015 M"
5/20/2026,1630,LYFT,13.35,1.29%,Industrials,2,0.48,$2.77 ,25.54,12.46,13.91,13.72,17.38,3,-0.69,0.41,"18,320,538",100262.43,1.60E+07,1.62E+07,69.31,-0.89,-6.18,2.93,15.23,12.36,15.23,-13.03,52,"5,069 M"
5/20/2026,1630,LYV,164.44,0.88%,Communication Services,1.132,4.08,$5.19 ,175.25,125.34,161.65,158.51,152.95,-4,-0.84,-0.51,"4,741,786",100434.11,2859078.38,3089892.92,88.26,10.47,-2.01,-2.62,170.1,144.37,173.04,173.04,53,"38,267 M"
5/20/2026,1630,M,20,4.99%,Consumer Discretionary,2.459,0.55,$2.55 ,24.41,10.54,19.26,18.73,19.1,4,0.49,0.59,"6,091,748",-100154.43,6406021.09,6854447.03,27.3,11.92,0.91,8.64,23.62,17.43,-17.43,-18.03,9,"5,275 M"
5/20/2026,1630,MA,498.04,-0.33%,Financials,0.7509,4.61,$18.98 ,601.77,480.5,500.51,501.9,544.1,4,0.47,0.63,"3,615,733",-200025.15,3519560.96,3621572.22,-39.49,0.35,1.25,0.78,534.15,481.37,534.15,-488.04,48,"440,060 M"
5/20/2026,1630,MAC,22.43,2.28%,Real Estate,2.096,0.34,$1.22 ,22.555,14.82,21.77,20.63,18.71,1,0.58,0.33,"2,830,950",100129.05,2723597.37,2604620.88,8.74,23.79,0.9,3.84,23.23,18.51,23.23,22.1,55,"6,358 M"
5/20/2026,1630,MAR,369.75,3.08%,Consumer Discretionary,1.104,5.29,$9.16 ,380,253.555,356.95,346.41,307.16,6,0.39,0.51,"1,748,103",-100138.43,1445277.87,1520397.4,-12.47,15.63,2.98,4.69,380.21,311.51,380.21,-345.12,51,"97,499 M"
5/20/2026,1630,MARA,13.15,5.71%,Information Technology,4.873,0.54,($3.68),23.45,6.66,12.24,10.54,12.72,1,0.93,0.34,"51,458,005",200905.15,4.60E+07,4.70E+07,-37.89,55.44,0.92,5.71,14.07,8.61,14.07,14.07,46,"5,014 M"
5/20/2026,1630,MCD,280.27,-0.19%,Consumer Discretionary,0.419,4.27,$9.88 ,341.75,271.975,284.38,300.1,308.18,7,0.14,0.8,"4,056,893",-400022.08,3509907,3481850.28,-1.95,-9.25,-1.35,1.4,342.56,272.07,-272.07,-272.07,53,"199,133 M"
5/20/2026,1630,MCHP,94.02,2.41%,Information Technology,1.67,3.19,$1.37 ,105.91,48.52,94.43,78.91,69.67,-10,-0.68,-0.05,"10,871,617",100152.08,9903482.36,9619669.74,16.36,49.31,-8.65,0.18,106.08,59.36,106.08,106.08,53,"50,878 M"
5/20/2026,1630,MCK,754.68,-0.95%,Health Care,0.3373,27.47,$43.77 ,999,637,781.01,841.06,815.9,7,0.14,0.54,"1,088,738",-100028.09,943123.04,897580.57,-20.39,-14.81,1.48,-0.77,999.55,724.07,-724.07,-724.07,52,"90,716 M"
5/20/2026,1630,MCO,444.27,2.25%,Financials,1.357,8.65,$15.41 ,546.88,402.28,449.41,443.73,479.53,3,0.62,0.55,"1,162,096",0,1133622.55,1228523.44,8.52,2.1,-0.97,3.58,484.57,422.48,-422.48,-426.03,43,"77,604 M"
5/20/2026,1630,MCW,7.1,0.00%,Consumer Discretionary,1.283,0.03,$0.09 ,7.276,4.61,7.06,7.01,5.98,5,0.2,0.41,<empty>,-100000.01,3447986.43,3995428.99,1943.95,2.01,1,0.28,7.11,7.62,7.11,7.11,55,"2,335 M"
5/20/2026,1630,MDB,329.14,-1.66%,Information Technology,1.646,24.05,$6.16 ,444.72,182.43,285.59,266.27,321.49,-1,0.92,-0.85,"1,421,071",200766.56,1581567.79,1942778.87,-22.95,26.03,24.08,5.44,363.62,216.28,-216.28,-245.14,5,"26,496 M"
5/20/2026,1630,MDLZ,61.84,0.90%,Consumer Staples,0.401,0.35,$2.00 ,71.15,51.2008,60.67,58.58,58.94,1,0.75,0.54,"7,100,856",-100031.43,8783198.87,8992453.29,-29.77,10.02,-0.05,2.32,62.06,54.48,-54.48,-57.17,46,"79,381 M"
5/20/2026,1630,MELI,1651.2,3.53%,Consumer Discretionary,1.355,122.21,$234.59 ,2645.22,1495,1717.21,1728.96,2046.31,3,0.27,0.32,"536,931",-200541.08,551990.59,600912.72,68.98,0.94,-10.32,6.75,2021.62,1495.05,-1495.05,-1495.05,52,"83,711 M"
5/20/2026,1630,META,605.06,0.41%,Communication Services,1.24,5.77,$19.13 ,796.25,520.26,624.93,619.32,671.02,1,-0.44,0.32,"11,329,709",-100136.15,1.62E+07,1.52E+07,-78.53,1.92,-1.28,-1.49,692.23,520.37,692.23,-593.06,47,"1,535,898 M"
5/20/2026,1630,MGM,36.51,1.36%,Consumer Discretionary,1.271,0.79,$5.81 ,40.94,29.185,38.09,37.56,35.61,1,-0.14,0.17,"4,293,004",-100450.43,4609661.61,4701477.35,-48.21,3.22,-4.45,-1.24,41.17,33.51,41.17,41.17,47,"9,341 M"
5/20/2026,1630,MGPI,18.07,1.52%,Consumer Staples,0.5045,0.66,$2.46 ,33.378,16.45,19.1,18.78,23.55,1,-0.65,0.57,"168,833",0,237651.02,290648.62,-57.06,9.52,-6.47,-0.88,26.61,16.42,-16.42,-17.15,48,386 M
5/20/2026,1630,MICC,16.14,4.20%,Consumer Staples,0.6741,0.56,$0.24 ,19.93,12.94,14.7,14.67,NaN,1,NaN,NaN,"1,524,515",-100267.04,1638353.43,1601909.38,-78.57,8.69,7.1,-3.12,17.62,13.15,-13.15,17.03,NaN,"9,882 M"
5/20/2026,1630,MKOR,60.52,3.75%,,1.52,2.44,<empty>,65.47,23.07,59.32,52.03,39.29,-7,-0.68,-0.19,"17,814",-100200.07,25315.71,31353.26,43.32,35.76,-4.26,1.37,65.07,41.36,65.07,65.07,NaN,139 M
5/20/2026,1630,MLCO,5.4,-0.74%,Consumer Discretionary,0.5666,0.07,$1.20 ,10.15,5.22,5.5,5.61,7.39,-2,-0.67,-0.64,"3,818,830",-200060.01,1677987.78,1851664.75,108.01,-1.1,-1.1,-1.82,6.55,5.08,-5.08,-5.08,48,"2,097 M"
5/20/2026,1630,MLM,541.98,1.75%,Materials,1.118,25.32,$17.13 ,710.97,525.38,591.42,595.07,621.57,1,-0.23,0.17,"646,154",-200133.43,508460.86,531369.71,-28.34,-3.34,-11.94,-2.99,702.59,555.43,702.59,629.15,53,"32,544 M"
5/20/2026,1630,MNDY,79.15,1.47%,Information Technology,1.22,3.35,$6.00 ,316.98,57.5,72.11,70.29,134.41,3,1,0.7,"1,430,531",-101070.08,1708262.51,1881742.24,42.78,7.18,7,9.98,88.07,58.28,88.07,88.07,54,"4,049 M"
5/20/2026,1630,MNSO,13.91,-1.42%,Consumer Discretionary,-0.047,0.31,$0.74 ,26.74,13.71,14.55,15.57,19.52,-4,-0.34,-0.68,"527,318",0,413548.73,448641.01,149.62,-14.56,-6.2,-1.7,20.61,14.06,20.61,15.17,1,"4,214 M"
5/20/2026,1630,MNST,86.88,0.61%,Consumer Staples,0.5123,5.01,$2.10 ,88.77,58.09,81.21,77.29,73.46,-2,1,-0.81,"4,334,042",100227.09,5148844.33,5617809.54,-4.94,17.9,12.54,-0.24,89.08,71.35,89.08,89.08,53,"84,969 M"
5/20/2026,1630,MO,73.33,-0.91%,Consumer Staples,0.5475,2.1,$5.14 ,74.56,54.7,70.67,67.74,64.09,-1,0.86,-0.57,"8,020,364",-200227.15,9648925.4,9382714.55,-67.62,13.74,4.5,0.33,75.13,63.39,75.13,75.13,48,"122,453 M"
5/20/2026,1630,MOH,182.24,-1.16%,Health Care,0.7389,4.55,$4.84 ,320.45,121.06,187.7,161.38,165.79,-14,-0.75,-0.46,"947,766",-100059.43,1536450.17,1526322.18,-28.21,30.72,-7.7,-1.49,201.09,131.36,201.09,201.09,42,"9,495 M"
5/20/2026,1630,MOO,81.05,0.04%,,0.3714,1.14,<empty>,86.5583,69.32,82.4,83.21,77.48,1,0,0.46,"205,813",-100103.09,481462.18,461782.46,-47.28,1.07,-3.78,-0.14,87.29,80.42,87.29,85.11,NaN,956 M
5/20/2026,1630,MOVE:GIF,81.5348,0.00%,,-4.413,6.02,<empty>,115.0172,55.7659,74.11,80.49,73.74,-2,0.42,-0.9,<empty>,NaN,NaN,NaN,NaN,-16.93,12.87,-5.27,115.39,62.6,115.39,86.03,NaN,0
5/20/2026,1630,MP,56.5,2.86%,Materials,1.902,5.13,($1.81),100.2505,18.64,63.73,59.04,63.11,-10,-0.39,0,"7,744,763",-200475.05,6024602.5,5928138.92,38.46,11.66,-22.23,-7.79,77.08,44.36,77.08,77.08,53,"10,058 M"
5/20/2026,1630,MPC,258.37,-1.39%,Energy,0.5489,6.2,$18.98 ,264.142224,154.65,246.28,237.92,198.45,-1,0.77,-0.66,"2,210,133",-200243.43,2506034.23,2582479.7,-6.22,11.11,5.12,1.31,262.11,190.57,-190.57,-224.17,51,"75,428 M"
5/20/2026,1630,MPLX,55.44,-0.27%,Energy,0.4709,0.89,$3.83 ,59.98,47.8,55.39,56.34,53.8,3,0.24,0.68,"1,373,360",300224.05,2127471.05,1972432.55,-41.62,-4.4,-0.4,1.22,60.4,53.07,-53.07,-53.07,51,"56,257 M"
5/20/2026,1630,MPNGY,21.63,2.27%,Consumer Discretionary,0.0451,0.61,($0.64),37.88,18.56,21.32,21.22,24.55,1,0.76,0.39,"354,609",100100.4,287699.92,332881.16,111.69,9.52,0.6,4.19,23.38,19.53,24.05,24.05,7,"66,776 M"
5/20/2026,1630,MRNA,48.12,5.25%,Health Care,1.065,2.65,($4.10),59.55,22.28,48.99,50.93,36.85,1,-0.11,0.32,"4,777,769",-100993.08,6962061.36,7810063.26,-21.24,-6.34,-1.37,-1.88,60.54,44.13,-44.13,59.07,49,"19,093 M"
5/20/2026,1630,MRVL,186.8,5.97%,Information Technology,2.2,7.33,$1.62 ,193.32,58.61,168.37,133.32,94.73,1,0.76,0.14,"29,808,101",300663.35,2.50E+07,2.46E+07,46.64,112.49,8.51,5.6,176.1,75.53,-75.53,-147.16,4,"163,553 M"
5/20/2026,1630,MSFT,421.06,0.87%,Information Technology,1.084,5.33,$9.81 ,555.45,356.28,416.75,399.82,461.48,5,0.78,0.44,"27,864,016",-100131.15,3.36E+07,3.42E+07,-60.7,10.26,1.72,-0.2,434.2,356.36,434.2,-398.14,47,"3,127,817 M"
5/20/2026,1630,MSGS,353.15,0.00%,Communication Services,0.5888,7.79,$2.20 ,360.45,186,340.49,329.36,263.56,-1,0.46,-0.55,"166,295",100235.36,237477.89,243638.45,-52.82,14.92,5.44,0.46,348.07,304.43,-304.43,360.02,56,"8,502 M"
5/20/2026,1630,MSM,106.17,2.23%,Industrials,0.9888,1.75,$3.86 ,108.77,77.78,103.68,96.76,90.45,1,-0.84,0.25,"522,995",100333.18,676884.1,651085.58,-29.37,23.86,1.1,1.44,108.07,85.42,109.04,109.04,28,"5,928 M"
5/20/2026,1630,MSTR,165.81,0.72%,Information Technology,3.324,8.96,($2.32),457.22,104.165,176.2,153.86,214.7,-7,-0.83,-0.09,"9,825,341",100889.24,1.82E+07,1.87E+07,-21,22.22,-11.25,-6.54,197.07,116.33,197.07,197.07,48,"58,217 M"
5/20/2026,1630,MTCH,35.99,1.81%,Communication Services,1.416,1.12,$4.28 ,39.2,28.81,36.58,33.89,33.64,1,-0.42,0.09,"3,158,673",-100143.43,5229667.37,4916386.14,-1.04,15.87,-5.29,1.67,39.13,30.37,39.13,39.13,51,"8,395 M"
5/20/2026,1630,MTDR,59.52,-3.55%,Energy,0.8374,2.75,$0.48 ,66.8387,37.14,59.93,59.81,48.72,-1,0.16,-0.73,"1,420,362",200150.24,1744634.78,1903441.49,-34.57,1.74,3.05,-1.36,67.36,48.59,67.36,-54.09,46,"7,391 M"
5/20/2026,1630,MTUM,299.59,2.39%,,1.059,7.16,<empty>,307.96,223.47,291.91,268.64,255.59,-7,-0.81,-0.06,"2,801,642",100131.01,926852.44,895400.51,205.49,24.04,0.14,0.44,308.07,229.36,308.04,308.04,NaN,"25,690 M"
5/20/2026,1630,MU,731.99,4.76%,Information Technology,1.857,76.49,$9.16 ,818.67,90.93,642.01,505.23,316.08,-7,-0.83,-0.28,"48,827,357",-100206.07,4.88E+07,4.49E+07,33.57,73.09,9.81,1.01,819.07,311.35,819.07,819.07,23,"825,490 M"
5/20/2026,1630,MUR,38.98,-3.37%,Energy,0.581,1.47,$1.25 ,43.34,20.31,39.72,39.13,31.9,-1,-0.21,-0.5,"1,699,754",200158.43,2371601.05,2366796.26,29.98,0.65,0.13,-4.08,43.31,30.58,43.31,-36.09,52,"5,588 M"
5/20/2026,1630,MUSA,555.64,-2.45%,Consumer Discretionary,0.3249,13.09,$29.30 ,609.8206,345.2301,565.28,518.9,424.56,-11,-0.66,-0.21,"282,854",101137.15,340769,347999.13,-64.17,17.43,-3.6,-1.08,610.1,379.57,610.1,610.1,47,"10,263 M"
5/20/2026,1630,MZTI,112,-1.66%,Consumer Staples,0.3969,3.12,$9.04 ,190.96,110.64,119.1,132.38,160.27,7,0.13,0.75,"411,783",-200425.13,361103.14,325796.8,16.79,-22.27,-4.73,-1.76,171.58,111.12,171.58,132.13,62,"3,071 M"
5/20/2026,1630,N225:JP,61992.87,3.66%,,<empty>,1359.65,<empty>,63799.32,36855.83,60930.79,57140.58,51060.11,1,-0.74,0.26,<empty>,NaN,NaN,NaN,NaN,12.23,-1.34,1.94,63385.08,50559.34,63799.05,63799.05,NaN,0
5/20/2026,1630,NBIS,191.82,-2.99%,Information Technology,2.084,17.57,($12.74),233.7299,34.72,176.54,146.79,108,-3,-0.9,-0.4,"13,063,993",200312.06,1.86E+07,1.70E+07,3,63.08,-1.68,-12.79,198.09,84.55,234.04,234.04,53,"48,703 M"
5/20/2026,1630,NBIX,154.67,0.20%,Health Care,0.3491,9.38,$8.34 ,162.39,117.59,143.91,135.71,138.58,-5,-0.96,-0.55,"1,168,560",-200137.11,1170439.51,1146104.35,20.91,21.14,5.2,-2.37,156.06,125.4,162.04,162.04,47,"15,552 M"
5/20/2026,1630,NCLH,16.03,8.38%,Consumer Discretionary,1.909,1.03,($2.10),27.1799,14.5301,17,18.61,21.61,1,0.07,0.35,"33,455,943",-200260.13,2.24E+07,2.28E+07,61.07,-15.41,-9.69,3.29,25.57,15.03,25.57,19.13,48,"7,360 M"
5/20/2026,1630,NEE,88.27,-1.99%,Utilities,0.727,2.61,($7.43),98.75,63.88,94.31,92.95,84.55,-4,-0.07,0,"15,748,789",100127.02,9863435.31,1.02E+07,-10.27,-1.37,-7.46,-5.45,99.13,89.42,99.13,-87.02,42,"184,096 M"
5/20/2026,1630,NEM,107.39,2.19%,Materials,0.4468,4.95,$8.43 ,134.88,51.8,112.73,111.14,99.01,-5,-0.37,-0.34,"7,543,905",-100458.43,9251449.74,9400916.44,-9.05,12.1,-6.7,-1.53,132.56,94.42,-94.42,121.07,43,"114,644 M"
5/20/2026,1630,NET,210.13,1.64%,Information Technology,1.613,21.82,$0.80 ,260,154.9295,211.32,207.97,204.07,5,0.38,0.33,"2,996,294",-301070.09,4489523.53,4434679.9,-1.88,-2.46,-15.47,6.36,259.09,159.61,259.09,-186.05,48,"74,274 M"
5/20/2026,1630,NFLX,88.09,-1.39%,Communication Services,1.678,1.64,$2.81 ,134.115,75.01,89.57,93.91,102.15,7,0.33,0.38,"23,463,363",200132.24,3.87E+07,4.38E+07,-42.66,-4.06,-0.2,1.23,109.24,75.61,109.24,-85.07,39,"370,929 M"
5/20/2026,1630,NIKL,15.1769,3.46%,,0.955,0.96,<empty>,21.855,10.29,16.88,16.59,15.69,-6,-0.22,-0.18,"292,745",0,170102.19,196085.86,421.86,4.31,-13.57,-5.5,20.57,14.42,-14.42,18.09,NaN,70 M
5/20/2026,1630,NKE,44.19,4.17%,Consumer Discretionary,1.143,0.9,$0.71 ,80.165,41.35,43.58,46.79,61.92,3,0.62,0.76,"27,060,226",100140.34,2.30E+07,2.17E+07,24.82,-15.62,0.71,5.52,68.62,42.05,68.62,-41.02,24,"65,440 M"
5/20/2026,1630,NLR,127.84,2.22%,,0.8282,7.44,<empty>,168.1199,86.3,139.57,138.01,136.57,1,-0.16,0.04,"484,876",-200239.07,446154.23,457718.98,1.71,0.02,-14.35,-1.42,154.56,126.36,154.56,149.1,NaN,"4,662 M"
5/20/2026,1630,NNN,45.3,1.03%,Real Estate,0.8037,0.42,$3.46 ,46.03,38.9,44.19,43.86,42.41,3,0.53,0.69,"2,453,908",200124.03,1694948.8,1616905.7,-36.54,6.69,1.32,3.61,46.56,42.36,-42.36,-43.14,52,"8,618 M"
5/20/2026,1630,NOAH,10.24,0.20%,Financials,0.8112,0.22,$1.73 ,12.84,9.31,10.52,10.55,11.16,-10,-0.53,-0.4,"165,765",100260.38,114961.01,118571.74,538.23,-9.94,-6.4,-1.54,12.59,10.38,-10.38,11.1,4,671 M
5/20/2026,1630,NORW,39.25,0.36%,,0.7271,0.41,<empty>,39.37,27.84,38.39,37.77,32.41,3,0.49,0.58,"45,823",-100100.18,175264.79,173962.87,-74.9,6.77,2.24,2.29,39.11,35.55,-35.55,-38.17,NaN,160 M
5/20/2026,1630,NOW,103.3,1.44%,Information Technology,0.8315,5.18,$4.46 ,211.47798,81.24,92.19,98.65,143.56,5,1,0.74,"30,037,715",-100867.02,2.44E+07,2.34E+07,35.6,-6.41,16,8.66,127.51,81.28,-81.28,-85.04,42,"106,534 M"
5/20/2026,1630,NSA,42.56,2.18%,Real Estate,1.088,0.86,$3.59 ,44.015,27.43,42.56,40.41,33.39,1,-0.37,0.21,"637,710",-100336.46,1759491.57,1704953.35,-43.23,14.66,-1.85,3.75,44.21,30.48,44.21,44.08,50,"3,286 M"
5/20/2026,1630,NSC,311.84,-2.00%,Industrials,1.285,2.94,$7.20 ,323.37,236.37,315.31,300.78,293.35,-1,-0.73,-0.47,"1,592,040",100128.39,1253652.64,1316677.25,-15.91,10.94,-1.71,-1.3,323.18,278.42,323.18,-309.06,47,"70,037 M"
5/20/2026,1630,NSP,31.61,0.48%,Industrials,0.5963,1.53,$1.76 ,67.815,18.57,31.71,28.45,38.39,4,0.75,0.57,"407,980",-100190.43,991040.71,1035370.87,-56.36,29.18,9.95,4.57,38.15,19.49,38.15,-28.1,48,"1,207 M"
5/20/2026,1630,NSSC,36.72,2.51%,Information Technology,1.394,2.91,$1.58 ,48.12,26.44,41.25,41.87,41.07,3,0,0.14,"584,961",200150.49,581894.18,589486.21,150.75,-9.67,-10.96,1.38,47.58,36.03,47.58,47.13,64,"1,312 M"
5/20/2026,1630,NTLA,12.26,2.68%,Health Care,1.961,0.72,($3.24),28.25,6.83,13.5,13.57,13.22,-5,-0.58,-0.13,"4,905,711",200389.16,5762917.08,5491321.08,-62.58,-4.52,-11.48,-10.31,17.19,12.36,17.19,16.07,53,"1,713 M"
5/20/2026,1630,NTR,70.11,-2.07%,Materials,0.6823,2.51,$4.56 ,85.3599,53.03,72.42,74.28,64.81,-1,-0.03,-0.41,"2,716,962",-100045.37,3626629.19,3675467.79,-19.13,-6.18,-5.01,-2.03,85.47,68.08,-68.08,-68.08,52,"33,654 M"
5/20/2026,1630,NUE,225.67,1.78%,Materials,1.844,3.49,$2.32 ,235.45,106.211,225.76,195.95,166.35,-16,-0.7,0,"884,292",100237.17,1468470.76,1510849.18,-61.79,42.31,-3.65,-0.59,235.1,155.43,235.05,235.05,45,"51,394 M"
5/20/2026,1630,NVDA,223.47,1.30%,Information Technology,2.278,11.36,$3.44 ,236.54,129.16,213.4,195.49,186.65,-4,-0.93,-0.44,"184,201,587",-200252.58,1.60E+08,1.70E+08,-18.22,29.4,7.53,-0.82,224.06,164.36,237.04,237.04,0,"5,412,561 M"
5/20/2026,1630,NVO,45.07,1.78%,Health Care,0.7917,1,$1.08 ,81.44,35.12,44,40.31,49.08,-10,-0.78,-0.65,"10,762,170",0,1.68E+07,2.01E+07,-57.31,23.38,-1.51,0.74,48.07,35.36,48.07,48.07,52,"199,742 M"
5/20/2026,1630,NXPI,310.15,5.39%,Information Technology,1.698,5.9,$10.12 ,311.04,183,284.13,234.25,225.21,1,0.85,0.2,"4,261,861",-100048.09,3411150.74,3223049.6,-16.1,62.07,2.17,6.4,307.07,185.36,-185.36,-228.16,45,"78,304 M"
5/20/2026,1630,NYT,74.33,-1.24%,Communication Services,0.9931,2.4,$3.33 ,87.1,51.03,78.18,80.31,68.62,-2,0,-0.3,"1,358,715",100131.11,2111995.28,2200430.26,-12.36,-8.2,-11.17,-0.2,87.31,74.6,87.31,87.1,52,"12,031 M"
5/20/2026,1630,O,62.24,0.24%,Real Estate,0.7516,0.88,$4.45 ,67.935,54.64,62.77,62.82,60.43,3,0.23,0.51,"4,749,647",-100321.1,5675688.38,5929476.84,-39.3,2.12,-2.77,1.83,68.57,60.39,-60.39,-61.03,50,"58,038 M"
5/20/2026,1630,OC,113.43,5.08%,Industrials,1.32,4.53,$10.00 ,159.42,97.53,120.06,114.45,124.36,1,-0.43,0.22,"1,344,986",-100349.43,1287245.52,1409175.98,84.1,13.48,-7.8,-0.57,136.62,99.42,-99.42,131.1,52,"9,134 M"
5/20/2026,1630,OIH,451.04,0.00%,,0.8869,10.24,<empty>,459.28,210.7,439.08,415.37,325.84,8,0.56,0.63,"421,014",-100146.56,453641.53,489342.38,-39.47,16.56,4.27,2.39,451.15,366.51,-366.51,-412.09,NaN,"2,458 M"
5/20/2026,1630,OKE,92.15,-3.24%,Energy,0.7792,2.94,$3.56 ,96.0661,64.02,89.56,88.36,77.95,-1,0.57,-0.91,"4,767,689",-100038.43,4667630.62,4876434.25,-18.83,3.3,7.65,-0.18,95.37,80.59,-80.59,-84.09,50,"58,058 M"
5/20/2026,1630,OKLO,62.58,11.99%,Utilities,2.484,6.59,($0.99),193.84,35.85,69.46,61.38,86.15,1,-0.69,0.11,"13,890,218",101312.11,1.26E+07,1.14E+07,-5.2,15.95,-21.4,0.53,82.18,45.36,82.18,80.1,55,"10,888 M"
5/20/2026,1630,OKTA,89.04,3.90%,Information Technology,0.7093,3.88,$4.91 ,127.5219,62.66,79.59,77.32,85.01,4,1,0.92,"2,969,929",-200863.29,3492052.58,3734334.53,9.05,13.56,14.98,7.58,85.07,63.28,-63.28,-73.14,5,"15,613 M"
5/20/2026,1630,OLLI,82.25,3.21%,Consumer Discretionary,0.4963,3.23,$3.17 ,141.74,73.315,82.71,90.52,113.43,5,0.27,0.72,"1,782,876",-300644.42,1549923.02,1457170.48,29.25,-16.89,-1.58,4.79,112.48,73.05,-73.05,-73.05,9,"4,989 M"
5/20/2026,1630,OMF,54.19,2.44%,Financials,1.192,1.31,$27.17 ,71.93,45.7811,55.7,54.94,59.28,5,0.36,0.39,"976,281",-100648.47,1376053.34,1402141.33,-14.24,5.26,-3.06,1.25,60.21,46.46,60.21,-52.05,43,"6,261 M"
5/20/2026,1630,ON,110.21,3.95%,Information Technology,1.827,5.23,$2.92 ,119.1,40.62,104.44,81.67,61.41,-4,-0.86,-0.19,"9,813,394",100673.06,1.04E+07,9771373.19,2.95,85.98,4.2,-2.56,107.07,55.51,119.04,119.04,50,"42,850 M"
5/20/2026,1630,ONEW,10.2,0.59%,Consumer Discretionary,1.513,0.68,$4.09 ,17.92,8.12,10.75,10.07,12.95,-8,-0.64,-0.19,"74,704",300036.1,140083.62,140192.93,-59.7,17.92,-9.65,-3.5,13.62,8.43,-8.43,13.08,48,169 M
5/20/2026,1630,ONON,37.85,1.37%,Consumer Discretionary,2.07,1.41,$1.19 ,61.2882,31.41,35.79,35.89,42.3,6,0.64,0.79,"7,013,442",100557.07,7193123.4,7042717.41,101.38,0.5,4.96,1.58,50.62,31.37,-31.37,-32.06,55,"12,617 M"
5/20/2026,1630,ONTO,263.12,6.06%,Information Technology,1.613,15.84,$4.85 ,316,89.4,283.39,250.33,177.64,1,-0.2,0.06,"1,811,030",-100072.02,973255.96,994367.05,93.66,31.45,-10.52,-3.18,316.18,175.51,316.18,311.17,53,"13,089 M"
5/20/2026,1630,ORCL,188.16,3.69%,Information Technology,1.516,6.73,($8.70),345.72,134.57,182.55,166.02,208.63,-8,-0.91,-0.31,"16,517,223",-200357.27,2.75E+07,2.76E+07,-21.41,25.71,-3.03,-2.48,200.09,135.28,201.04,201.04,14,"541,157 M"
5/20/2026,1630,ORLY,92.22,0.33%,Consumer Discretionary,0.5605,2.24,$2.26 ,108.715,86.77,92.8,92.16,96.96,3,0.39,0.29,"5,344,376",100427.15,5547586.82,5694143.1,-52.03,5.64,-2.7,4.22,101.13,87.42,101.13,-88.03,47,"76,424 M"
5/20/2026,1630,OSCR,23.42,-4.49%,Financials,2.133,2.31,$10.21 ,25.58,10.69,20.55,16.37,16.45,-2,-0.98,-0.68,"7,192,594",300981.03,7302120.13,7257203.33,15.47,85.43,18.04,0.43,24.06,11.36,-11.36,26.02,54,"7,061 M"
5/20/2026,1630,OSK,125.8,5.62%,Industrials,1.299,13.76,$12.88 ,180.49,96.03,140.88,144.88,141.35,3,0.01,0.16,"1,226,722",-300247.08,704772,713189.36,73.68,-10.44,-19.72,4.49,180.59,119.03,180.59,160.1,49,"7,844 M"
5/20/2026,1630,OTLY,10,1.52%,Consumer Staples,1.11,0.43,($0.98),18.84,9.4,10.85,10.96,13.08,7,0.27,0.24,"45,136",-100388.24,65344.5,64336.91,-61.55,3.31,-7.49,-1.09,14.23,9.37,14.23,13.17,42,312 M
5/20/2026,1630,OUT,32.85,2.30%,Real Estate,1.479,0.74,$1.36 ,34.96,15.45,31.59,29.34,23.63,1,0.69,0.36,"2,563,180",-200130.04,1468574.63,1537105.96,140.89,24.95,3.46,4.25,35.08,25.62,35.08,35.08,51,"5,784 M"
5/20/2026,1630,OVX:CGI,72.77,0.00%,,-2.617,2.35,<empty>,125.99,23.59,73.8,83.78,50.96,4,0.06,0.42,<empty>,NaN,NaN,NaN,NaN,-20.77,0.59,0.58,126.48,56.62,126.48,-69.04,NaN,0
5/20/2026,1630,OXLC,9.9,1.43%,,0.6532,0.16,($6.38),22.8,8.01,10.09,9.67,13.41,1,-0.89,0.52,"1,318,056",0,1245770.19,1449022.63,-12.05,13.4,-1.3,-0.7,11.13,8.45,11.13,11.13,NaN,966 M
5/20/2026,1630,OXM,37.96,0.61%,Consumer Discretionary,0.9885,2.64,$0.76 ,56.39,30.5656,42.21,40.26,39.54,1,-0.18,0.01,"361,475",-100173.38,334480.85,315938.22,65.46,10.96,-16.7,-3.56,48.2,31.43,48.2,47.09,14,566 M
5/20/2026,1630,OXY,58.87,-3.01%,Energy,0.2131,2.41,$3.15 ,67.45,38.8,57.8,58.82,48,-1,0.22,-0.89,"12,476,272",-100146.36,1.62E+07,1.71E+07,-3.96,-3.03,6.8,-1.26,67.35,50.58,67.35,-53.08,52,"58,554 M"
5/20/2026,1630,PAG,158.98,1.61%,Consumer Discretionary,0.8791,5.27,$9.05 ,189.51,140.12,165.97,156.89,165.3,-8,-0.6,0,"327,468",100235.16,300440.38,299828.5,-26.1,13.07,-6.33,-1.97,182.15,140.42,182.15,182.15,47,"10,453 M"
5/20/2026,1630,PALL,25.01,1.87%,,0.0216,1,<empty>,39.48168,17.51628,26.69,27.16,27.05,-5,-0.3,-0.37,"666,369",0,1130618.41,1198548.13,-54.56,-2.27,-10.56,-2.89,33.59,24.38,-24.38,28.13,NaN,764 M
5/20/2026,1630,PAM,79.44,-3.60%,Utilities,0.915,1.6,($0.46),94.5,54.95,81.17,83.34,79.05,-1,-0.23,-0.56,"300,735",-100245.35,257384.35,261949.53,1.88,-5.54,-4.75,0.1,90.35,69.55,90.35,-78.13,52,"4,269 M"
5/20/2026,1630,PATH,10.77,2.09%,Information Technology,0.4943,0.43,$0.65 ,19.84,9.2002,10.43,10.8,12.99,4,0.48,0.39,"33,096,711",200479.49,3.02E+07,3.21E+07,74.14,-10.7,2.57,4.87,13.43,9.04,-9.04,-9.04,5,"5,605 M"
5/20/2026,1630,PBD,20.71,1.62%,,1.346,0.48,<empty>,22.34,11.5,21.06,19.46,16.99,-7,-0.59,0,"31,581",-200140.18,60180.1,61398.19,-46.19,18.82,-4.83,-2.45,22.07,17.51,22.07,22.07,NaN,217 M
5/20/2026,1630,PBH,47.19,1.61%,Health Care,0.3858,3.62,$5.09 ,87.12,42.62,52.97,56.51,62,3,0,0.27,"613,822",100133.04,636614.1,595806.28,-8.76,-22.63,-13.11,0.94,71.6,43.04,-43.04,-43.04,53,"2,235 M"
5/20/2026,1630,PBJ,48.6626,0.50%,,0.5032,0.62,<empty>,51.07,42.685,49.13,49.1,47.14,3,0.04,0.43,"10,758",0,15032.49,16566.19,-29.33,3.1,-1.65,1.38,51.57,47.42,-47.42,-48.02,NaN,92 M
5/20/2026,1630,PBR,19.83,-2.84%,Energy,0.4446,0.76,$1.29 ,22.24,11.035,20.85,20.5,14.94,-1,-0.08,-0.19,"17,867,813",-100148.49,2.72E+07,2.81E+07,20.23,5.48,-5.16,-0.5,22.12,16.62,22.12,-20.05,53,"127,792 M"
5/20/2026,1630,PCAR,111.64,2.07%,Industrials,0.9958,1.93,$5.89 ,131.875,88.65,115.99,118,109.71,11,0.02,0.33,"2,774,254",-100732.17,2684371.96,2862059.64,-1.68,0.34,-4.18,1.2,130.61,110.03,130.61,129.17,41,"58,755 M"
5/20/2026,1630,PD,7.16,3.92%,Information Technology,0.8025,0.26,$1.13 ,18,5.7,6.92,6.68,11.7,3,0.94,0.56,"1,558,004",-100607.27,2581634.88,2839566.03,9.44,3.47,4.53,5.76,8.52,6.28,-6.28,8.09,5,549 M
5/20/2026,1630,PDD,98.15,0.83%,Consumer Discretionary,1,2.15,$10.82 ,139.41,93.81,98.1,99.88,113.94,2,0.7,0.54,"5,409,466",100242.4,7183843.36,7031512.27,-18.81,2.04,-4.07,2.42,108.23,94.03,108.23,-94.03,4,"139,706 M"
5/20/2026,1630,PEB,14.93,4.55%,Real Estate,1.484,0.26,$2.05 ,14.94,8.69,14.27,13.46,11.89,1,0.66,0.43,"1,749,438",-100346.16,2473328.24,2459514.44,-63.38,23.7,2.33,6.19,15.09,12.47,-12.47,-14.12,46,"1,693 M"
5/20/2026,1630,PECO,39.99,1.04%,Real Estate,0.4536,0.26,$1.65 ,40.71,32.84,39.8,38.67,36.23,1,0.49,0.45,"1,159,995",-200100.1,893371.77,870005.81,40.75,8.64,-0.72,1.78,41.16,37.4,41.16,-39.12,43,"5,037 M"
5/20/2026,1630,PENN,16.17,0.31%,Consumer Discretionary,1.42,0.48,($0.47),20.605,11.65,16.77,15.61,15.87,4,-0.56,0.18,"2,278,156",301158.2,3788427.25,4206689.97,-62.67,18.29,-3.46,-0.19,18.16,12.61,18.16,-16.05,43,"2,164 M"
5/20/2026,1630,PEP,149.29,-0.72%,Consumer Staples,0.3876,3.14,$6.46 ,171.48,127.6,153.31,154.48,150.56,4,-0.11,0.3,"7,425,807",-100234.43,6188412.26,6309588.48,5.1,-0.5,-4.28,0.11,170.57,148.04,170.57,-147.02,38,"204,045 M"
5/20/2026,1630,PFE,25.79,0.51%,Health Care,0.3147,0.39,$1.67 ,28.745,22.81,26.16,26.85,25.79,2,0.04,0.34,"35,574,177",0,3.76E+07,3.80E+07,-8.98,-4.38,-2.79,1.82,29.33,25.03,29.33,-25.02,47,"146,989 M"
5/20/2026,1630,PFF,31.11,0.45%,,0.5324,0.23,<empty>,32.2645,29.86,31.41,31.03,31.31,-7,-0.63,-0.05,"3,399,657",100008.47,3364965.94,3357601.76,34.79,2.78,-1.58,-0.38,32.07,30.36,32.07,32.07,NaN,"13,704 M"
5/20/2026,1630,PFG,102.81,1.65%,Financials,0.8771,0.86,$16.45 ,103.2,75,100.46,94.42,87.94,1,0.84,0.5,"985,873",-200132.43,1430221.37,1546197.97,-21.55,20.85,1.24,2.27,103.1,85.42,-85.42,-98.14,45,"22,208 M"
5/20/2026,1630,PFIG,23.8212,0.41%,,0.2233,0.11,<empty>,26.96,23.625,23.98,24.02,24.22,1,-0.3,0.22,"11,675",-100000.03,25783.13,27329.1,18.95,-0.58,-1.05,-0.29,24.62,24.37,24.62,24.14,NaN,113 M
5/20/2026,1630,PFIX,50.77,-2.03%,,-0.0327,1.56,<empty>,65.1521,41.45,47.93,46.7,47.7,-1,1,-0.83,"707,459",-100143.26,687358.92,691648.67,43.22,4.36,6.95,0.89,50.37,41.57,-41.57,-45.17,NaN,226 M
5/20/2026,1630,PG,142.44,0.81%,Consumer Staples,0.3973,2.08,$6.43 ,170.99,137.62,145.04,145.18,149.94,1,0.33,0.48,"8,375,642",-100029.43,9623394.04,9752802.06,-11.76,-1.28,-3.69,0.61,167.57,141.31,167.57,151.16,47,"331,686 M"
5/20/2026,1630,PGNY,25.64,4.23%,Health Care,0.9852,2.44,$2.18 ,28.75,16.1,20.88,18.84,21.81,1,1,0.88,"2,031,281",100133.09,1509370.12,1617800.03,47.74,41.42,37.11,10.28,24.07,16.28,-16.28,-18.14,53,"2,008 M"
5/20/2026,1630,PGRO,47.6172,1.37%,,1.164,0.71,<empty>,48.4,37.59,46.7,43.88,43.92,-4,-0.9,-0.16,"7,136",-100100.22,22163.69,21018.23,119.13,18.32,0.98,-0.04,48.07,39.36,48.04,48.04,NaN,114 M
5/20/2026,1630,PINK,36.56,0.55%,,0.7228,0.7,<empty>,38.68,27.89,35.58,34.66,34.34,-4,0.64,-0.59,"32,040",-100033.19,98996.97,106742.28,-61.67,11.84,3.28,-0.05,36.57,32.37,37.04,37.04,NaN,254 M
5/20/2026,1630,PINS,18.81,-0.16%,Communication Services,0.9122,1.05,$1.82 ,39.93,13.84,20.17,19.31,26.19,-2,-0.77,-0.26,"16,652,110",-101055.12,1.78E+07,1.91E+07,41.41,0.7,-11.11,-3.39,25.11,16.61,25.11,25.11,55,"10,537 M"
5/20/2026,1630,PJP,107.5116,1.33%,,0.4669,1.06,<empty>,110.8099,78.25,105.79,104.28,100.94,1,0.53,0.55,"2,241",100020.21,26549.89,24761.55,-90.5,7.3,-0.42,1.76,111.59,99.4,-99.4,108.04,NaN,334 M
5/20/2026,1630,PK,11.39,3.55%,Real Estate,1.361,0.2,$1.87 ,12.39,9.84,11.15,10.91,11.03,3,0.54,0.44,"3,804,745",-200054.14,4058303.47,4146151.63,-36.03,10.91,1.52,5.86,12.13,10.31,12.13,-11.03,48,"2,294 M"
5/20/2026,1630,PKB,100.9127,2.21%,,1.288,3.3,<empty>,111.2354,75.5301,105.69,102.36,98.03,1,-0.32,0.17,"8,755",0,16384.38,19994.11,-62.75,7.96,-8.76,-1.16,111.62,93.42,-93.42,111.1,NaN,424 M
5/20/2026,1630,PLAY,11.15,4.01%,Consumer Discretionary,1.742,0.47,($2.90),35.53,9.61,10.93,11.94,16.95,6,0.35,0.57,"1,186,679",300184.21,1874814.25,1706717.48,-27.36,-13.03,3.62,10.29,16.62,10.37,-10.37,-10.02,13,387 M
5/20/2026,1630,PLD,144.68,1.57%,Real Estate,1.363,1.59,$5.53 ,145.44,103.02,141.95,137.63,127.44,3,0.66,0.46,"2,834,849",0,3397431.32,3419510.59,-26.55,13.02,1.25,2.95,145.23,127.42,145.23,145.07,37,"134,891 M"
5/20/2026,1630,PLNT,50.24,-2.73%,Consumer Discretionary,1.067,6.96,$3.23 ,114.47,37.03,57.81,67.29,91.82,7,0.1,0.68,"2,761,860",100864.09,2347178.01,2393254.84,42.49,-32.42,-21.45,-4.56,93.62,37.09,-37.09,-37.09,52,"3,975 M"
5/20/2026,1630,PLTR,137.15,1.40%,Information Technology,1.458,3.94,$1.13 ,207.52,118.93,137.94,143.26,163.03,5,0.57,0.46,"31,307,677",-300356.12,4.54E+07,4.75E+07,-3.74,-8.98,2.51,2.36,162.4,123.28,-123.28,-129.05,50,"328,791 M"
5/20/2026,1630,PM,188.63,-1.53%,Consumer Staples,0.4253,9.81,$6.85 ,193.05,142.11,175.79,168.05,165.23,-4,-1,-0.8,"6,328,392",-200337.35,4990016.85,5014163.5,31.47,15.65,10.61,-0.52,191.59,152.34,-152.34,-161.17,42,"293,991 M"
5/20/2026,1630,PNC,216.83,1.67%,Financials,0.9118,3.58,$16.37 ,243.94,169.32,217.88,214.3,206.4,5,0.38,0.4,"2,087,893",-100039.43,2188615.38,2289588.99,-9.95,7.5,-2.51,1.87,234.61,198.43,-198.43,-210.05,37,"87,071 M"
5/20/2026,1630,PNDRY,10.62,2.02%,Consumer Discretionary,1.636,0.4,$11.65 ,23.7625,8.25,10.01,9.52,13.16,3,0.98,0.57,"56,143",100000.47,144734.44,171829.28,-54.03,25.68,-4.67,5.99,11.1,8.44,11.1,11.1,NaN,"6,355 M"
5/20/2026,1630,POET,14.78,13.08%,Information Technology,0.4612,3.57,($0.36),20.81,3.87,11.55,8.69,6.78,-4,-0.91,-0.49,"53,364,245",301998.05,3.96E+07,3.26E+07,80.38,149.24,52.06,-7.45,16.18,5.36,21.04,21.04,56,"2,260 M"
5/20/2026,1630,POOL,181.83,1.84%,Consumer Discretionary,1.132,9.5,$8.48 ,345,172.68,196.26,205.04,254.48,5,0.12,0.46,"744,168",-100543.12,821513.11,880074.19,14.26,-9.24,-3.33,3.7,249.19,173.03,249.19,-173.02,43,"6,626 M"
5/20/2026,1630,PPLT,17.71,1.66%,,0.1746,0.68,<empty>,26.162,9.55,18.19,18.27,16.78,-5,-0.28,-0.49,"1,105,836",0,3309444.02,3586834.74,-64.81,1.64,-5.14,-1.08,22.57,16.38,-16.38,20.05,NaN,241 M
5/20/2026,1630,PR,20.89,-1.56%,Energy,0.5522,0.87,$0.46 ,22.675,11.92,20.94,20.57,15.91,6,0.15,0.54,"10,391,168",-100243.1,1.35E+07,1.36E+07,-4.67,4.09,-1.51,0.24,23.11,17.58,23.11,-20.09,52,"17,491 M"
5/20/2026,1630,PRAA,14.54,-1.16%,Financials,1.117,2.99,($0.34),22.55,10.25,18.93,18.68,16.29,4,-0.06,0.12,"483,683",-200189.05,440743.77,528437.22,4.89,-16.72,-31.71,-4.09,23.13,10.61,23.13,23.13,55,555 M
5/20/2026,1630,PRGO,11.16,5.18%,Health Care,0.5069,0.5,$0.81 ,28.435,9.225,11.36,10.82,15.8,2,0.83,0.44,"2,417,909",-100196.32,3053605.9,3315807.71,1.19,20.65,-8.97,5.18,15.62,9.42,-9.42,-11.03,49,"1,544 M"
5/20/2026,1630,PRMB,22.56,0.36%,Consumer Staples,0.5156,1.43,$0.72 ,33.29,14.36,21.56,20.32,20.25,-6,-0.92,-0.6,"2,989,720",100546.59,4353210.93,4925881.37,-27.47,23.82,13.94,-2.67,24.08,18.38,24.08,24.08,57,"8,186 M"
5/20/2026,1630,PRVA,23.18,-0.47%,Health Care,0.9501,0.64,$1.12 ,26.51,18.77,23.77,22.72,23.18,5,-0.5,0.24,"569,470",100438.1,926929.37,955193.9,-60.09,9.13,-3.38,1,25.13,20.37,25.13,-21.09,53,"2,921 M"
5/20/2026,1630,PSA,302.87,1.82%,Real Estate,0.9776,6.26,$18.46 ,313.51,256.54,303.09,293.24,286.78,1,0.61,0.41,"896,719",-100130.47,1134303.54,1126410.38,-26.55,13.96,-1.98,3.56,314.21,263.39,314.21,313.08,47,"53,168 M"
5/20/2026,1630,PSCE,63.5406,-0.45%,,0.7817,1.27,<empty>,65.02,36.01,62.26,60.6,48.9,5,0.44,0.69,"39,367",-100133.14,52500.01,50697.16,-66.76,5.48,3.98,2.16,64.11,54.58,-54.58,-59.09,NaN,128 M
5/20/2026,1630,PSCI,165.7206,2.42%,,1.158,3.89,<empty>,178.02,123.83,169.9,163.43,156.38,1,-0.49,0.19,"2,763",-300122.04,3922,5167.6,-52.4,10.76,-5.26,0.26,176.09,149.42,176.09,176.09,NaN,171 M
5/20/2026,1630,PSCU,63.6637,0.65%,,0.7536,1.21,<empty>,66.85,53.4318,64.88,62.83,59.08,3,-0.18,0.18,124,-100200.43,9010.1,7295.56,-93.55,10.13,-3.71,0.71,67.13,58.61,67.13,-63.05,NaN,17 M
5/20/2026,1630,PSP,60.02,2.18%,,1.272,0.96,<empty>,72.97,54.18,60.61,58.9,65.31,1,-0.67,0.26,"268,254",200321.01,55050.99,66799.25,356.36,8.85,-3.59,0.44,63.23,54.37,63.23,62.1,NaN,254 M
5/20/2026,1630,PSX,179.34,-1.67%,Energy,0.7019,4,$0.29 ,190.61,109.75,173.13,172.03,146.33,-1,0.57,-0.75,"2,240,362",-200240.35,3156698.97,3153003.2,-38,2.21,4.44,1.78,191.36,149.58,191.36,-163.17,44,"71,904 M"
5/20/2026,1630,PTLO,3.9,-2.01%,Consumer Discretionary,1.638,0.74,($0.14),12.435,3.875,4.98,5.35,5.64,7,0,0.37,"1,431,002",-300057.1,1725681.64,1677877.62,-0.11,-29.09,-13.14,-2.01,7.2,4.03,7.2,7.13,51,282 M
5/20/2026,1630,PVH,84.66,6.60%,Consumer Discretionary,1.21,4.47,$11.19 ,100.15,59.6,87.32,80.76,76.69,4,0.2,0.17,"836,626",300238.31,1181942.57,1106033.55,-24.37,33.81,-7.85,6.56,100.2,60.48,100.2,95.17,9,"3,901 M"
5/20/2026,1630,PYPL,44.375,1.24%,Financials,1.442,1.98,$5.85 ,79.5,38.46,47.18,46.65,57.48,7,-0.62,0.42,"10,991,382",0,1.54E+07,1.86E+07,-12.21,0.83,-4.1,-0.08,52.21,41.61,52.21,52.15,46,"39,143 M"
5/20/2026,1630,PZZA,32.34,-3.03%,Consumer Discretionary,1.144,1.12,$0.80 ,55.74,29.5501,34.4,34.87,40.24,-1,-0.45,-0.33,"850,262",-100567.49,1266553.12,1324728.95,20.24,-6.02,-4.26,-6.88,40.49,30.51,40.49,-31.07,53,"1,064 M"
5/20/2026,1630,QAT,18.595,1.89%,,0.3824,0.25,<empty>,20.64,17.712,18.88,18.83,19.31,1,-0.37,0.3,"2,874",500000.08,42726.84,39696.94,-72.94,1.67,-2.49,-0.46,20.6,18.36,-18.36,19.08,NaN,82 M
5/20/2026,1630,QBTS,19.3,6.10%,Information Technology,2.554,1.65,($0.30),46.75,12.75,20.57,18.22,22.88,-7,-0.73,-0.21,"21,855,432",-100315.25,2.72E+07,2.67E+07,-26.64,22.7,-19.01,-5.16,25.07,13.36,25.07,25.07,53,"7,150 M"
5/20/2026,1630,QCOM,202.51,3.53%,Information Technology,1.444,16.6,$11.61 ,247.9,121.99,186.46,152.84,159.76,-7,-0.82,-0.14,"19,037,516",400281.08,1.95E+07,1.74E+07,-68.86,55.9,5.16,0.51,248.07,122.31,248.07,248.07,47,"213,446 M"
5/20/2026,1630,QMOM,76.74,2.13%,,1.051,1.62,<empty>,80.56,60.24,77.28,73.35,68.01,-5,-0.67,-0.07,"8,707",300121.11,24408.08,23926.49,-8,15.93,-4.5,-0.78,81.09,64.36,81.09,81.09,NaN,446 M
5/20/2026,1630,QQQ,713.15,1.66%,,1.22,14.69,<empty>,722.03,505.58,689.07,637.56,613.14,-7,-0.9,-0.23,"36,779,222",100128.56,5.10E+07,5.63E+07,-9.46,22.52,2.5,0.6,715.07,556.36,722.04,722.04,NaN,"471,463 M"
5/20/2026,1630,QS,7.67,5.07%,Consumer Discretionary,2.559,0.49,($0.48),19.0699,3.8,7.58,7.05,10.12,-4,-0.88,-0.65,"17,133,743",-300102.06,1.88E+07,1.76E+07,-32.32,16.39,-3.52,-4.24,10.19,6.33,10.19,9.05,42,"4,718 M"
5/20/2026,1630,QSR,76.53,1.00%,Consumer Discretionary,0.5303,1.87,$4.45 ,81.96,61.33,78.48,76.71,69.95,2,-0.15,0.1,"2,102,543",-200525.11,3646378.95,3602099.32,-54.38,3.77,-0.87,0.91,82.1,67.61,82.1,-75.02,53,"26,555 M"
5/20/2026,1630,QTUM,145.44,3.42%,,1.305,3.88,<empty>,148.4299,83.2428,139.24,124.37,112.55,1,-0.84,0.17,"412,776",-100135.07,418514.88,399917.49,-8.7,34.33,1.24,1.65,148.07,101.36,148.04,148.04,NaN,"4,858 M"
5/20/2026,1630,QUBT,9.56,3.69%,Information Technology,2.503,0.84,($0.23),25.84,6.18,9.73,8.46,12.27,-4,-0.85,-0.26,"13,615,904",-100804.07,1.68E+07,1.57E+07,23.3,37.36,-8.6,-9,14.06,6.36,14.06,14.06,55,"2,156 M"
5/20/2026,1630,R,234.79,2.88%,Industrials,1.003,6.4,$23.44 ,259,143.335,239.11,219.93,196.32,5,0.41,0.29,"424,573",200435.2,399756.86,393037.64,2.99,22.43,-2.8,1.68,259.13,186.47,259.13,-225.06,43,"9,084 M"
5/20/2026,1630,RBLX,45.79,3.01%,Communication Services,1.52,1.89,$2.18 ,150.59,40.15,47.63,53.53,89.46,8,0.6,0.58,"12,096,408",100671.14,1.10E+07,1.09E+07,-49.54,-19.61,4.64,6.86,72.58,40.05,-40.05,-40.05,48,"32,785 M"
5/20/2026,1630,RCL,253.89,2.71%,Consumer Discretionary,1.772,10.46,$5.05 ,366.5,232.1,262.81,269.95,294.73,1,-0.23,0.41,"6,643,982",100554.01,2635016.16,2708759.49,27.29,-3.7,-11.56,-2.46,321.61,250.15,321.61,289.09,46,"68,092 M"
5/20/2026,1630,RDNT,54.21,1.61%,Health Care,1.424,2.25,$1.34 ,85.84,50.76,56.15,57.65,69.4,3,0.41,0.43,"400,420",100348.07,862907.64,880796.99,-44.84,-11.84,-7.55,3.47,75.56,52.03,75.56,-52.03,53,"4,263 M"
5/20/2026,1630,REAL,9.44,5.24%,Consumer Discretionary,2.588,1.53,$0.12 ,17.3922,4.7,11,10.31,11.63,3,-0.36,0.19,"4,132,249",-200085.09,3573039.69,3748654.81,101.36,9.26,-27.38,4.19,14.57,8.36,-8.36,13.11,55,"1,137 M"
5/20/2026,1630,REG,77.74,0.52%,Real Estate,0.852,0.84,$4.42 ,81.66,66.855,78.33,77.66,73.26,3,0.18,0.39,"1,151,424",-200022.15,1431971.53,1389850.41,-63.97,3.83,-1.69,2.21,82.22,74.39,82.22,-76.03,47,"14,234 M"
5/20/2026,1630,REGN,649.76,3.09%,Health Care,0.2992,31.78,$36.48 ,821.11,476.4869,706.1,734.28,692.57,1,0,0.19,"1,165,758",100235.03,768831.52,740837.09,6.3,-11.34,-9.89,-6.94,795.55,669.15,795.55,-611.02,48,"68,120 M"
5/20/2026,1630,REXR,36.03,2.91%,Real Estate,1.241,0.46,$0.88 ,44.38,32.14,35.65,34.93,38.93,1,0.75,0.28,"1,797,737",-200330.19,2418041.56,2483013.72,-31.45,6.06,-0.55,3.71,38.58,32.35,-32.35,-35.03,38,"8,133 M"
5/20/2026,1630,REZ,91.94,0.93%,,0.8864,0.83,<empty>,92.35,80.45,90.28,87.63,85.25,2,0.85,0.51,"19,040",0,40956.17,43480.3,-47.56,11.11,0.83,2.88,92.06,82.36,92.04,92.04,NaN,864 M
5/20/2026,1630,RGTI,16.88,5.76%,Information Technology,3.137,1.24,($0.25),58.1501,10.3,17.79,16.61,23.03,-7,-0.84,-0.28,"27,194,104",-100215.25,2.85E+07,2.87E+07,6.55,13.44,-15.98,-5.43,21.06,13.36,21.06,21.06,57,"5,611 M"
5/20/2026,1630,RH,133.16,9.02%,Consumer Discretionary,1.92,4.53,$13.29 ,257,106.3037,130,129.98,177.73,1,0.48,0.59,"1,399,775",200274.35,1276170.3,1277531.14,89.98,4.32,1.09,8.11,227.62,106.34,-106.34,140.17,15,"2,517 M"
5/20/2026,1630,RHP,110.99,1.98%,Real Estate,1.192,2.02,$10.57 ,112.5,83.82,106.55,99.83,96.18,3,0.82,0.43,"848,888",-200222.05,583647.5,595814.26,-0.98,22.89,0.04,5.92,113.09,90.42,113.09,113.09,50,"7,004 M"
5/20/2026,1630,RIOT,23.67,4.53%,Information Technology,3.715,2.13,($3.27),25.8599,7.93,21.33,17.6,16.39,-7,-0.89,-0.38,"13,231,219",100691.11,1.83E+07,1.83E+07,-41.62,76.91,-0.13,0.77,26.07,12.36,26.07,26.07,48,"8,951 M"
5/20/2026,1630,RIVN,13.73,6.43%,Consumer Discretionary,1.75,0.53,($2.50),22.69,11.57,14.82,15.37,15.35,1,0.2,0.44,"44,632,398",-100370.44,2.83E+07,2.78E+07,43.08,-7.91,-5.18,-0.44,18.2,14.06,18.2,17.17,51,"18,438 M"
5/20/2026,1630,ROBO,84.06,1.88%,,1.392,1.97,<empty>,87.4999,54.78,83.14,76.61,71.06,-7,-0.82,-0.23,"237,102",200027.02,172769.14,186992.96,56.83,23.35,-0.66,-1.09,87.07,65.36,87.05,87.05,NaN,"1,879 M"
5/20/2026,1630,ROK,436.23,3.30%,Industrials,1.514,18.33,$11.92 ,463.485,298.7,429.99,397.68,381.86,-7,-0.81,-0.19,"726,258",-100435.12,817291.31,885134,9.84,22.84,-5.03,-2.79,463.1,348.36,463.1,463.1,53,"48,541 M"
5/20/2026,1630,ROKU,124.16,2.97%,Communication Services,1.966,2.24,$3.65 ,131.39,67.6679,122.22,108.93,101.14,-8,-0.8,-0.23,"1,907,910",-100252.14,2592658.96,2804323.57,-70.43,33.12,-2.98,0.11,131.07,83.61,131.07,131.07,48,"18,338 M"
5/20/2026,1630,ROST,217.79,2.40%,Consumer Discretionary,0.8649,6.75,$6.85 ,231.16,124.49,221.54,218.98,182.67,4,0.03,0.22,"3,684,458",-300538.08,2468628.75,2620200.37,56.48,3.13,-4.86,2.37,231.09,194.55,231.09,231.09,1,"70,161 M"
5/20/2026,1630,RRC,42.08,-2.41%,Energy,0.5522,0.89,$3.42 ,48.31,32.6,42.14,43.04,38.18,-1,0.26,-0.72,"2,049,627",100042.21,3357789.64,3443998.7,-26.89,-5.37,2.21,-0.89,48.37,38.6,48.37,-40.09,46,"9,915 M"
5/20/2026,1630,RRR,52.45,1.67%,Consumer Discretionary,1.359,0.92,$4.17 ,67.99,43.28,53.2,55.29,58.3,3,0.19,0.45,"775,520",-200040.15,937659.37,932503.58,-75.19,-8.81,-0.91,1.96,66.62,51.03,66.62,57.15,46,"3,067 M"
5/20/2026,1630,RSI,27.65,-1.25%,Consumer Discretionary,1.644,0.57,$1.21 ,29.24,11.5,27,23.82,20.29,-1,-0.73,-0.12,"1,311,549",100654.11,1869035.36,1887426.15,-42.71,33.57,-0.75,3.29,29.11,18.61,29.11,29.11,47,"2,847 M"
5/20/2026,1630,RSP,203.83,1.10%,,0.9288,0.97,<empty>,205.53,173,202.76,198.39,193.81,1,0.79,0.39,"18,985,494",100119.56,1.12E+07,1.35E+07,97.95,7.01,-0.5,1.13,206.09,187.36,206.09,206.09,NaN,"86,717 M"
5/20/2026,1630,RSPG,108.58,-1.92%,,0.5457,2.86,<empty>,114.01,71.2088,106.13,105.44,88.25,-1,0.41,-0.88,"129,504",100026.55,135481.23,163863.37,-5.45,1.97,4.52,1.03,114.36,96.23,-96.23,-100.09,NaN,617 M
5/20/2026,1630,RSPU,78.86,0.38%,,0.624,1.27,<empty>,84.5195,69.73,79.93,80.87,77.93,3,0.03,0.39,"38,728",-100012.14,59155.62,54567.04,34.12,-0.11,-1.4,2.08,85.57,77.03,85.57,-77.02,NaN,542 M
5/20/2026,1630,RTO,31.95,1.24%,Industrials,1.024,0.87,$0.28 ,34.665,22.72,33.06,32.73,29.26,1,-0.08,0.12,"866,204",-100249.49,1169328.92,1279237.46,-22.49,3.67,-6.58,1.33,35.26,28.54,35.26,-31.03,48,"16,079 M"
5/20/2026,1630,RUT,2817.3647,0.00%,,1.2,38.19,<empty>,2888.6179,2011.199,2812.02,2670.44,2536.55,1,-0.69,0.06,<empty>,NaN,NaN,NaN,NaN,15.54,-2.4,0.86,2889.1,2405.36,2889.1,2889.1,NaN,0
5/20/2026,1630,RVLV,18.65,1.41%,Consumer Discretionary,1.69,2.24,$0.69 ,31.68,17.35,21.89,23.08,24.24,5,0.01,0.39,"1,020,242",-200457.06,1085127.38,1214907.39,8.85,-15.65,-7.63,0.21,28.23,17.05,-17.05,-17.05,51,"1,335 M"
5/20/2026,1630,RVX,24.39,0.00%,,-4.2,0.89,<empty>,35.28,18,23.86,26.91,24.08,-1,0.3,-0.91,<empty>,NaN,NaN,NaN,NaN,-25.82,9.86,-2.48,35.37,22.1,-22.1,26.02,NaN,0
5/20/2026,1630,S,17.97,1.76%,Information Technology,0.6951,0.87,$0.16 ,21.4,11.81,15.76,14.47,15.58,4,1,0.98,"7,146,922",-100153.43,7915213.09,7950904.47,5.07,26.82,17.22,6.58,17.07,12.28,-12.28,-14.14,5,"6,136 M"
5/20/2026,1630,SBAC,207.74,0.11%,Real Estate,1.005,6.88,$0.08 ,243.16,162.41,213.79,202.56,197.72,3,-0.38,0.11,"561,436",400739.31,1197183,1189588.07,-63.87,19.29,-4.9,4.07,224.22,162.39,224.22,-197.03,50,"22,034 M"
5/20/2026,1630,SBUX,106.5,0.11%,Consumer Discretionary,1.017,0.77,$2.40 ,108.88,77.99,104.33,98.94,90.97,-13,-0.88,-0.54,"6,632,506",100335.16,7664909.13,7660532.48,-30.08,15.07,0.06,-0.29,108.07,86.37,109.04,109.04,46,"121,378 M"
5/20/2026,1630,SCJ,104.31,0.51%,,0.5077,2.06,<empty>,107.3199,81.05,102.43,100.31,95.55,-4,-0.64,-0.62,"70,573",-200021.42,70404.29,86609.84,109.62,11.06,2.01,-0.51,107.57,94.42,-94.42,107.04,NaN,240 M
5/20/2026,1630,SE,86.55,-0.84%,Consumer Discretionary,1.676,3.11,$7.77 ,199.3,77.05,87.14,85.44,131.4,-5,-0.94,-0.38,"4,488,658",200153.07,4202827.35,5170864.36,55.29,9.77,-3.85,-1.9,117.62,77.55,-77.55,100.05,55,"53,011 M"
5/20/2026,1630,SFD,26.08,0.04%,Consumer Staples,0.4137,0.51,$2.03 ,29.805,21.08,26.42,26.56,24.12,13,0.08,0.43,"1,087,401",-100636.17,1827436.39,1614858.73,-27.03,12.8,-0.34,4.28,30.28,23.43,30.28,-25.05,46,"10,262 M"
5/20/2026,1630,SFM,88.46,-1.73%,Consumer Staples,0.6532,3.85,$3.74 ,182,64.75,80.98,78.87,92.45,-1,1,-0.66,"2,206,147",200048.02,2281137.17,2545028.22,-61.89,8.14,13.03,3.45,87.06,65.62,-65.62,-69.15,47,"8,319 M"
5/20/2026,1630,SG,9.01,4.40%,Consumer Discretionary,1.997,0.84,($1.07),16.7,4.49,7.17,6.3,7.06,5,1,1,"9,619,272",300384.01,4529720.48,4588647.32,169.53,70.64,31.15,11.37,7.17,4.36,-4.36,-6.06,53,"1,071 M"
5/20/2026,1630,SHAK,63.47,-1.01%,Consumer Discretionary,1.647,14.91,$0.40 ,144.65,59.49,81.79,88.55,92.34,6,0.01,0.35,"2,351,392",-300750.08,1838800.27,1796637.27,184.28,-27.57,-34.24,5.07,107.58,60.03,107.58,-59.02,48,"2,561 M"
5/20/2026,1630,SHEL,86.72,-1.97%,Energy,0.0889,1.97,$3.57 ,94.9,65.38,87.26,89.57,78.24,8,0.12,0.66,"7,475,147",-300132.17,8144057.55,7955477.38,-20.75,-4.11,-0.55,1.59,95.35,79.62,95.35,-84.08,48,"241,382 M"
5/20/2026,1630,SHO,10.55,2.53%,Real Estate,0.9804,0.22,$1.02 ,10.575,8.43,10.07,9.58,9.32,1,0.97,0.52,"2,559,739",100131.05,1713313.2,1732026.2,85.5,18.81,2.93,3.94,11.08,9.42,11.08,11.08,53,"1,965 M"
5/20/2026,1630,SHOC,106.11,4.00%,,1.818,4.23,<empty>,109.365,44.75,100.54,87.04,72.23,1,-0.82,0.1,"13,859",-100100.03,17079.09,16931.7,-3.38,46.6,2.88,1.42,108.07,68.36,109.04,109.04,NaN,236 M
5/20/2026,1630,SHOO,40.48,5.89%,Consumer Discretionary,1.133,1.13,$1.23 ,46.88,22.2615,38.49,36.54,36.71,1,0.64,0.61,"1,010,256",0,1094113.01,1246343.16,3.24,27.18,1.15,4.36,41.08,31.47,41.08,41.08,47,"2,958 M"
5/20/2026,1630,SHOP,105.01,3.96%,Information Technology,2.629,9.6,$1.63 ,182.19,94,111.65,117.49,140.76,5,0.4,0.43,"8,178,770",-100760.12,1.02E+07,1.04E+07,20.41,-10.08,-0.41,4.72,137.21,94.04,-94.04,-94.04,52,"136,267 M"
5/20/2026,1630,SHY,82.15,0.13%,,0.0489,0.08,<empty>,83.2,82,82.27,82.39,82.75,1,0.22,0.41,"6,917,128",-200003.36,4808474.34,4897299.01,65.36,-0.19,-0.18,0.11,83.57,82.03,83.57,83.17,NaN,"24,957 M"
5/20/2026,1630,SHYG,42.41,0.55%,,0.2885,0.09,<empty>,43.39,41.825,42.46,42.37,42.81,1,0.51,0.21,"1,169,887",0,1520917.64,1593748.98,30.79,1.1,-0.24,0.38,43.62,42.37,-42.37,43.17,NaN,"7,566 M"
5/20/2026,1630,SIL,89.58,3.57%,,0.8194,5.85,<empty>,119.24,41.4,92.99,92.58,82.19,-5,-0.38,-0.5,"1,366,830",0,2151822.04,2394308.53,-4.46,13.12,-5.39,-2.21,119.56,78.42,-78.42,104.05,NaN,"5,057 M"
5/20/2026,1630,SILJ,29.35,4.19%,,0.8837,2.07,<empty>,41.1,12.43,30.59,30.51,27.2,-5,-0.38,-0.48,"4,950,712",0,5556925.76,6095451.98,65.81,11.55,-5.44,-2.78,40.57,26.42,-26.42,35.05,NaN,"3,846 M"
5/20/2026,1630,SITM,697,0.48%,Information Technology,2.897,109.41,$2.10 ,901.81,186.49,677.38,503.81,362.67,-7,-0.73,0,"1,608,296",100284.01,517429.17,489803.91,242.86,114.25,11.82,-9.96,902.07,305.51,902.07,902.07,52,"18,399 M"
5/20/2026,1630,SIVR,72.24,2.79%,,0.468,4.73,<empty>,115.26,31.1421,73.77,72.65,61.74,-5,-0.3,-0.57,"2,272,694",0,2285493.9,2532165.15,126.56,11.76,-1.97,-0.41,90.57,63.38,-63.38,85.05,NaN,"5,277 M"
5/20/2026,1630,SJM,100.48,-2.48%,Consumer Staples,0.2579,2.12,$9.11 ,119.39,88.25,98.74,97.7,103.89,-1,-0.81,-0.8,"1,658,113",-200128.58,1955388.1,2214543.77,0.97,1.12,3.77,-0.06,119.58,88.27,-88.27,-95.16,13,"10,716 M"
5/20/2026,1630,SKYY,129.29,0.92%,,1.208,1.76,<empty>,143.74,103.76,125.16,117.34,124.84,-10,-0.9,-0.45,"177,723",-100133.07,298973.57,339222,-7.46,16.02,-0.25,0.61,131.09,104.28,131.09,131.09,NaN,"2,670 M"
5/20/2026,1630,SLG,41.46,2.19%,Real Estate,1.594,1.38,$0.83 ,66.91,34.77,43.08,40.43,47.46,-8,-0.72,-0.05,"1,167,115",-100561.43,1259500.62,1339281.75,25.41,10.62,-7.27,-2.33,47.09,35.37,47.09,47.09,42,"2,949 M"
5/20/2026,1630,SLV,68.73,2.74%,,0.471,4.5,<empty>,109.83,29.78,70.21,69.15,58.8,-5,-0.3,-0.57,"22,463,152",0,3.21E+07,3.85E+07,39.17,11.72,-2,-0.45,85.57,60.38,-60.38,81.05,NaN,"36,709 M"
5/20/2026,1630,SLX,105.18,1.77%,,1.235,2.3,<empty>,110.03,61.3668,105.03,98.21,85.97,-5,-0.79,-0.29,"18,337",-300029.04,45499.24,48479.68,-36.95,22.72,-3.1,-0.67,109.09,85.42,110.05,110.05,NaN,171 M
5/20/2026,1630,SMCI,33.46,9.49%,Information Technology,1.651,2.51,($11.46),62.358,19.48,30.42,27.78,36.26,1,0.93,0.55,"38,110,972",201089.11,4.07E+07,3.77E+07,81.24,62.98,-3.46,7.8,36.07,19.41,36.07,36.07,51,"20,123 M"
5/20/2026,1630,SMH,564.66,3.81%,,1.676,22.41,<empty>,581.1699,234.585,534.36,461.14,379.81,-7,-0.83,-0.13,"8,892,210",-100148.07,9480090.41,9645191.98,5.84,46.76,2.71,1.5,578.07,360.36,581.04,581.04,NaN,"64,338 M"
5/20/2026,1630,SMIN,66.05,1.52%,,0.4547,1.17,<empty>,78.535,57.7758,66.63,64.23,69.19,1,-0.68,0.07,"131,209",200122.42,184304.95,173163.65,-26.71,11.03,-3.42,-0.29,69.09,58.36,69.09,-65.02,NaN,621 M
5/20/2026,1630,SMPL,11.18,-2.02%,Consumer Staples,0.1804,0.69,$1.48 ,35.155,10.21,12.38,13.07,19.68,-1,-0.39,-0.49,"2,641,601",-101069.29,2999747.14,2761833.12,38.21,-20.88,-11.48,-3.2,18.59,10.29,-10.29,14.15,24,"1,012 M"
5/20/2026,1630,SN,107.15,5.06%,Consumer Discretionary,1.384,4.73,<empty>,133.99,80.69,111.21,109.65,109.87,1,0.31,0.31,"1,718,110",100050.04,2103776.28,2047396.92,63.81,9.28,-7.22,1.44,132.62,97.42,-97.42,121.11,57,"15,164 M"
5/20/2026,1630,SNAP,5.62,1.26%,Communication Services,0.5,0.29,$0.36 ,10.41,3.81,5.83,5.27,6.82,4,-0.75,0.39,"25,728,252",-100099.26,5.28E+07,4.93E+07,-24.8,25.45,-8.02,1.63,6.11,4.37,6.11,-5.04,51,"9,313 M"
5/20/2026,1630,SNDR,33.6,4.48%,Industrials,1.133,1.39,$1.48 ,33.655,20.11,30.91,28.27,25.98,5,0.89,0.65,"1,054,276",201342.05,1147208,1081076.06,3.99,41.47,8.74,5.2,33.13,23.43,-23.43,-29.06,48,"5,884 M"
5/20/2026,1630,SNOW,166.97,-1.52%,Information Technology,1.063,9.06,$3.31 ,280.67,118.3,149.44,153.42,203.11,-1,1,-1,"5,942,098",-300970.29,6905171.34,7078755.4,-27.9,-0.62,19.49,6.03,185.48,118.28,-118.28,-133.14,4,"57,872 M"
5/20/2026,1630,SOFI,15.69,3.02%,Financials,2.165,0.35,($5.31),32.73,12.745,16.4,16.86,23.39,1,0.59,0.48,"44,624,051",-300665.16,6.45E+07,6.62E+07,-52.9,-7.16,-3.74,0.51,20.23,15.33,20.23,19.17,46,"20,126 M"
5/20/2026,1630,SOLZ,8.65,2.00%,,1.802,0.43,<empty>,27.12,7.683,8.82,8.78,14.45,-6,-0.92,-0.56,"881,371",200373.55,1421937.28,1904249.37,100.7,-4,-4,-3.89,10.07,8.6,10.07,10.07,NaN,104 M
5/20/2026,1630,SOYB,25.09,-0.71%,,0.0611,0.21,<empty>,25.47,21.06,24.92,24.58,23.04,-1,-0.61,-0.5,"113,692",100116.24,130573.14,123320.76,34.37,4.19,1.29,1.58,25.06,23.62,25.05,25.05,NaN,70 M
5/20/2026,1630,SPDN,8.79,-1.01%,,-0.9824,0.1,<empty>,11.16,8.68,8.92,9.38,9.54,4,0.11,0.84,"72,808,907",-200224.36,7.79E+07,7.30E+07,40.59,-12.36,-0.68,-0.11,10.36,9.04,-9.04,-9.04,NaN,210 M
5/20/2026,1630,SPG,204.1,1.61%,Real Estate,1.358,1.73,$9.91 ,208.28,155.44,202.17,196.06,186.96,2,0.62,0.39,"1,152,229",-200129.41,1536105.65,1526590.8,-17.37,10.61,-0.69,2.04,208.21,178.4,208.21,206.06,50,"66,188 M"
5/20/2026,1630,SPGI,417.01,1.61%,Financials,1.094,8.24,$18.38 ,579.05,381.605,423.08,425.57,482.41,3,0.63,0.62,"2,084,776",0,1939767.27,2082989.21,24.45,-1.75,-1.55,3.44,457.2,401.6,457.2,-401.05,48,"123,435 M"
5/20/2026,1630,SPHD,49.99,0.34%,,0.6261,0.25,<empty>,53.07,46.385,49.69,49.6,49.25,3,0.39,0.68,"1,087,150",0,791255,843145.22,75.42,2.71,-0.02,1.85,53.61,48.42,-48.42,-49.03,NaN,"3,257 M"
5/20/2026,1630,SPHR,134.4,-0.69%,Communication Services,1.703,4.28,$9.26 ,149,35.58,135.52,126.23,89.41,-1,-0.3,-0.18,"477,112",-100364.43,827767.4,813886.33,-36.53,25.1,-6.63,0.05,149.11,104.37,149.11,-124.06,53,"4,810 M"
5/20/2026,1630,SPLV,73.56,0.18%,,0.5716,0.48,<empty>,77.735,69.63,73.44,73.63,73.14,3,0.31,0.72,"1,768,108",100016.56,2688788.96,2991132.83,-34.6,1.69,0.3,1.69,78.56,72.4,-72.4,-72.05,NaN,"7,198 M"
5/20/2026,1630,SPMO,143.31,1.91%,,1.081,3.96,<empty>,147.87,101.8,138.6,126.72,121.15,-7,-0.85,-0.18,"1,686,361",-300221.03,1840808.6,1746129.6,8.19,25.95,1.21,-0.12,147.07,107.36,148.04,148.04,NaN,"18,645 M"
5/20/2026,1630,SPOT,433.32,-1.87%,Communication Services,1,8.43,$17.81 ,785,405,444.82,477.79,576.09,11,0.42,0.53,"1,652,868",-100249.17,1926196.77,2101743.9,-23.69,-8.69,1.9,-0.83,571.51,411.1,-411.1,-411.1,46,"89,099 M"
5/20/2026,1630,SPX,7432.97,0.00%,,1,82.24,<empty>,7517.12,5767.41,7303.99,6958.54,6796.28,-4,-0.91,-0.2,<empty>,NaN,NaN,NaN,NaN,14.24,0.92,0.33,7429.07,6317.36,7517.04,7517.04,NaN,0
5/20/2026,1630,SPY,741.25,1.02%,,1,8.31,<empty>,749.53,575.6,728.29,693.76,677.72,-4,-0.91,-0.22,"45,768,035",100225.36,6.90E+07,7.26E+07,-31.93,14.29,1.01,0.28,741.07,629.36,750.04,750.04,NaN,"770,034 M"
5/20/2026,1630,STKL,6.5,0.00%,Consumer Staples,1.021,0.01,$0.16 ,6.94,3.32,6.49,6.47,5.53,10,-0.52,0.46,<empty>,100038.59,1719189.32,2712623.84,328.3,0.62,0.46,0.15,7.43,5.62,7.43,7.12,4,769 M
5/20/2026,1630,STLD,228.3,2.21%,Materials,1.454,4.63,$4.54 ,243.725,119.89,230.67,202.41,170.33,-10,-0.67,-0.05,"933,688",200444.22,1153925.37,1152110.78,-15.03,39.25,-5.6,-0.45,244.1,162.43,244.1,244.1,41,"32,924 M"
5/20/2026,1630,STZ,151.18,3.22%,Consumer Staples,0.4145,4.19,$10.23 ,186.3999,126.45,149.4,152.72,148.28,5,0.13,0.52,"1,862,402",200233.03,2022831.02,1963822.65,7.9,1.04,-0.73,6.2,169.27,139.05,-139.05,-139.05,28,"26,033 M"
5/20/2026,1630,SU,67.83,-2.61%,Energy,0.3113,2.03,$4.31 ,70.29,34.67,66.58,64.72,49.98,-1,-0.45,-0.74,"3,330,653",-100240.56,4333072.77,4679461.06,19.13,6.47,5.46,-0.67,70.11,55.58,70.11,-63.09,51,"80,090 M"
5/20/2026,1630,SVV,7.9,11.27%,Consumer Discretionary,0.759,0.52,$0.38 ,13.89,6.905,7.98,7.99,10.05,3,0.46,0.34,"3,043,621",201272.01,1215218.26,1260798.12,267.33,1.02,-7.71,10.8,11.62,7.37,-7.37,-7.02,48,"1,216 M"
5/20/2026,1630,SWBI,15.12,-0.46%,Consumer Discretionary,0.9791,0.37,$1.22 ,15.79,7.73,15.06,14.75,11.14,-1,-0.4,-0.31,"452,906",100945.53,537989.72,572988.32,8.54,6.63,1.41,-1.43,16.12,11.61,16.12,-14.05,19,673 M
5/20/2026,1630,SWKS,74.35,5.69%,Information Technology,1.45,2.6,$4.49 ,90.9,51.93,67.2,60.43,66.14,3,0.93,0.47,"4,165,831",-200547.07,3873988.53,3738312.33,-49.03,36.57,14.45,8.49,73.11,52.36,-52.36,-61.16,51,"11,183 M"
5/20/2026,1630,SXT,114.09,-0.01%,Materials,0.7831,1.86,$0.52 ,129.35,82.6,116.24,100.98,99.33,-16,-0.64,0,"373,522",300136.15,414411.45,386450.47,-69.58,37.52,-4.22,0.14,129.16,83.42,129.16,-109.14,44,"4,857 M"
5/20/2026,1630,SYF,72.05,3.83%,Financials,1.33,1.97,$27.15 ,88.77,55.67,73.47,71.23,74.27,1,0.39,0.36,"5,998,654",0,3865873.29,4009186.79,53.66,8.85,-4.13,0.94,80.21,63.48,80.21,78.16,41,"24,235 M"
5/20/2026,1630,SYY,75.46,0.36%,Consumer Staples,0.673,0.92,$3.79 ,91.845,68.19,73.82,76.17,78.68,3,0.43,0.8,"3,081,540",100333.36,5021165.74,4636323.17,-34.63,-7.22,2.9,3.98,91.56,68.35,-68.35,-72.16,46,"36,084 M"
5/20/2026,1630,T,24.93,-0.20%,Communication Services,0.1957,0.59,$2.44 ,29.79,22.95,25.41,26.66,26.56,3,0.05,0.47,"40,363,771",100233.43,3.92E+07,3.95E+07,-9.58,-11.94,-2.5,3.75,29.4,24.03,29.4,-24.02,42,"173,222 M"
5/20/2026,1630,TAN,62.92,3.20%,,1.283,1.95,<empty>,65.5,30.57,60.66,57.49,50.7,-3,-0.86,-0.65,"1,947,242",-200345.03,1269548.23,1377996.7,88.79,14.09,4.05,-3.14,64.07,52.51,-52.51,66.03,NaN,"1,928 M"
5/20/2026,1630,TAP,42.76,1.93%,Consumer Staples,0.4384,0.75,$5.96 ,55.69,40.64,42.06,42.83,46.58,3,0.46,0.64,"3,287,386",-200335.15,3116356.56,3157915.77,-48.52,3.29,0,4.7,50.6,41.12,-41.12,-41.12,51,"8,020 M"
5/20/2026,1630,TBIL,49.95,-0.02%,,0.0036,0.03,<empty>,50.02,49.81,49.91,49.92,49.93,14,0.68,0.91,"1,466,139",400000.37,2301781.14,2383627,-21.19,0,0.12,0.02,50.37,50.58,50.37,-50.16,NaN,"7,078 M"
5/20/2026,1630,TCEHY,58.65,0.07%,Communication Services,0.2484,1.14,$3.19 ,87.68,57.01,60.1,63.11,74.08,2,0.41,0.44,"6,754,851",100200.06,4292039.44,4081568.56,124.65,-7.64,-3.54,-0.07,74.5,58.06,74.5,-57.02,56,"529,821 M"
5/20/2026,1630,TCNNF,7.99,5.41%,Health Care,1.683,0.79,$1.17 ,11.83,3.25,8.77,7.28,7.32,1,-0.47,0.05,"197,316",101400.19,397395.46,364057.09,-63.98,29.08,-18.39,10.06,10.16,5.36,10.16,-7.03,NaN,"1,537 M"
5/20/2026,1630,TEAM,86.23,-0.45%,Information Technology,0.9235,3.79,$4.59 ,222.59,56.0101,82.39,74.24,127.44,-2,-0.93,-0.57,"3,900,741",100779.14,7648236.8,7702505.17,-55.49,16.95,-2.89,-1.41,96.12,56.28,96.12,96.12,53,"21,882 M"
5/20/2026,1630,TEVA,34.32,0.73%,Health Care,0.8439,0.79,$1.02 ,37.345,14.99,34.47,31.88,27.12,-10,-0.63,-0.26,"6,312,445",-100338.15,6516509.59,6712396.81,-60.77,19.46,-5.56,0.09,37.09,28.32,37.09,37.09,47,"39,963 M"
5/20/2026,1630,TFLO,50.59,0.02%,,-0.0008,0.03,<empty>,50.67,50.39,50.56,50.56,50.53,10,0.44,0.68,"1,216,870",-100002.11,1766166.36,1727176.12,-5.53,-0.02,0.14,0.06,51.36,50.56,51.36,-50.13,NaN,"6,551 M"
5/20/2026,1630,TGS,28.63,-5.17%,Energy,0.5705,0.72,$0.15 ,36.3499,19.74,30.1,31.66,28.93,-1,-0.07,-0.55,"1,086,436",-100662.01,366571.62,338474.33,259.58,-11.91,-9.28,-2.69,36.35,28.53,36.35,33.1,51,"4,310 M"
5/20/2026,1630,TGT,122.33,-3.86%,Consumer Staples,1.003,3.38,$6.24 ,133.1,83.44,126,122.58,104.85,-1,-0.2,-0.34,"20,309,256",100237.01,5538566.72,5806620.24,273.57,8.01,-6.04,0.65,133.21,111.57,133.21,132.1,0,"55,559 M"
5/20/2026,1630,THC,187.41,-2.08%,Health Care,1.317,4.43,$37.93 ,247.21,146.6,188.69,195.34,199.04,-4,-0.44,-0.58,"1,800,256",100245.14,1369021.84,1274083.11,-45.65,-6.46,-3.65,-4.7,247.53,168.14,-168.14,201.04,41,"16,143 M"
5/20/2026,1630,THD,72.33,1.82%,,0.4449,0.86,<empty>,75.06,48.08,70.82,69.45,63.46,1,0.33,0.65,"30,039",-100120.26,110417.8,131055.42,-57.82,10.94,0,1.74,75.57,65.43,-65.43,74.04,NaN,264 M
5/20/2026,1630,TIGR,5.89,1.20%,Financials,0.4871,0.32,$7.42 ,13.55,5.76,6.49,6.68,8.92,-4,-0.37,-0.21,"3,439,948",100683.06,2613715.86,2490487.76,106.36,-10.35,-15.01,-4.38,8.62,6.35,8.62,7.1,5,"1,051 M"
5/20/2026,1630,TIP,110.37,0.24%,,0.2778,0.38,<empty>,112.26,107.98,111.16,110.96,110.9,1,-0.2,0.16,"2,915,597",100007.04,2433831.67,2456646.54,48.87,0.14,-0.7,-0.22,112.57,110.37,-110.37,112.17,NaN,"14,966 M"
5/20/2026,1630,TJX,159.21,5.66%,Consumer Discretionary,0.6258,3.73,$4.41 ,165.82,119.8405,153.69,156.52,149.75,4,0.2,0.81,"9,371,837",200423.01,4746005.59,4947009.54,103.15,2.73,2.42,7.99,166.29,146.05,-146.05,-146.05,0,"176,057 M"
5/20/2026,1630,TKO,194.28,0.63%,Communication Services,0.7809,3.71,$21.29 ,226.94,152.29,187.63,191.86,195.81,5,0.41,0.83,"1,429,518",200242.36,1494265.29,1396315.3,42.77,3.13,2,2.21,227.58,181.14,-181.14,197.04,52,"14,565 M"
5/20/2026,1630,TKR,117.2,7.17%,Industrials,1.142,3.86,$5.50 ,123.67,67.14,112.47,106.1,90.22,1,0.6,0.42,"1,940,397",200639.01,826917.89,828439.67,66.51,23.04,-2.09,2.37,124.1,94.42,124.1,124.1,47,"8,145 M"
5/20/2026,1630,TLT,83.91,1.07%,,0.5318,0.94,<empty>,92.185,82.77,85.27,86.13,88.07,1,0,0.3,"44,497,999",100016.42,3.06E+07,3.33E+07,56.04,-2.24,-2.52,0.3,91.57,84.03,91.57,87.17,NaN,"42,777 M"
5/20/2026,1630,TME,9.15,0.11%,Communication Services,0.7482,0.28,$0.84 ,26.7,8.435,9.13,9.82,17.54,3,0.99,0.65,"17,946,279",-200962.45,1.18E+07,1.05E+07,77.03,-9.32,-5.38,8.03,15.46,8.03,15.46,-8.03,55,"14,981 M"
5/20/2026,1630,TMO,451.79,0.89%,Health Care,0.8835,11.36,$17.97 ,643.99,385.46,460.85,480.84,526.73,3,0.31,0.55,"2,851,702",-300332.08,2201592.76,2127392.22,31.94,-4.76,-4.47,3.07,538.21,437.03,538.21,-435.02,42,"167,895 M"
5/20/2026,1630,TMUS,190.16,-1.69%,Communication Services,0.3248,2.81,$14.02 ,261.56,181.36,191.74,199.07,213.62,-1,0.26,-0.45,"3,836,662",-100140.22,5789234.14,5725309,-24.66,-8.78,-1.55,2.67,225.6,182.17,-182.17,201.15,42,"205,792 M"
5/20/2026,1630,TNET,42.62,-0.09%,Industrials,1.016,1.34,$5.85 ,84.08,33.605,41.87,39.29,54.16,3,0.9,0.7,"409,367",100462.58,445152.75,499869.18,-35.6,12.66,4.23,5.18,46.13,34.6,46.13,-38.05,44,"1,958 M"
5/20/2026,1630,TNX:CGI,45.72,0.00%,,0.0786,0.98,<empty>,46.87,39.47,44.38,43.57,41.92,-1,1,-0.84,<empty>,NaN,NaN,NaN,NaN,4.12,4.96,-0.5,45.37,40.57,-40.57,-43.17,NaN,0
5/20/2026,1630,TOKE,5.24,0.00%,,0.886,0.07,<empty>,7.334,4.27,5.21,5.47,5.74,1,0.34,0.36,<empty>,0,22074.62,51471.83,22.71,-7.91,-0.37,0.77,6.62,5.12,-5.12,-5.12,NaN,13 M
5/20/2026,1630,TOST,23.32,0.43%,Financials,1.785,2.77,$1.12 ,49.66,22.26,26.33,26.91,33.68,5,-0.25,0.22,"13,598,328",100153.02,1.11E+07,1.13E+07,83.18,-15.08,-17.63,1.17,31.52,22.05,-22.05,-22.05,51,"13,526 M"
5/20/2026,1630,TPB,91.2,2.20%,Consumer Staples,0.9513,4.42,$0.07 ,146.9,65.8,85.23,83.81,99.36,-7,0.75,-0.81,"663,671",-201366.35,498910.86,507195.91,58.44,7.41,12.23,1.83,147.58,66.34,-66.34,99.08,52,"1,766 M"
5/20/2026,1630,TPL,402.53,2.02%,Energy,0.6434,17.07,$0.62 ,547.2,269.2333333,414.32,450.09,363.06,4,0.1,0.54,"557,433",100652.29,461128.1,517491.06,31.68,-22.5,-4.1,4.51,547.61,370.29,-370.29,-375.05,52,"27,764 M"
5/20/2026,1630,TPR,135.79,3.16%,Consumer Discretionary,1.466,5.58,$8.53 ,161.97,76.29,138.1,142.52,126.06,6,0.05,0.39,"3,038,323",100040.06,2116610.24,2143843.17,109.32,-3.61,-8.76,5,162.58,128.06,-128.06,-128.06,57,"27,436 M"
5/20/2026,1630,TPYP,43.83,-1.24%,,0.6129,0.81,<empty>,44.58,33.94,42.67,42.3,37.87,-1,0.53,-0.9,"72,214",200020.19,153608.48,132532.52,-0.55,3.62,4.01,0.87,44.4,40.23,-40.23,-41.17,NaN,888 M
5/20/2026,1630,TRIP,9.93,6.77%,Communication Services,0.8872,0.83,$1.54 ,20.16,9.01,10.5,10.45,13.81,5,0.48,0.28,"6,551,029",200763.01,3759783.79,3685418.01,272.27,6.2,-11.18,4.97,12.21,9.43,12.21,12.12,53,"1,155 M"
5/20/2026,1630,TRP,70.09,1.01%,Energy,0.726,1.66,$2.54 ,70.54,46.29,65.85,64.03,57.05,7,0.93,0.83,"3,083,873",-200028.36,2615014.96,2539328.76,-2.28,10.64,7.02,2.71,67.13,59.23,-59.23,-62.17,48,"73,017 M"
5/20/2026,1630,TRU,68.93,4.31%,Industrials,1.603,2.1,$3.59 ,99.39,64.51,69.69,70.59,79.86,1,0.47,0.49,"1,976,538",0,2317130.37,2379449.43,-2.88,-2.3,-2.5,4.03,80.55,65.37,80.55,74.09,43,"13,290 M"
5/20/2026,1630,TSLA,417.26,3.25%,Consumer Discretionary,1.715,19.5,$2.17 ,498.83,273.21,404.57,387.51,408.95,-5,-0.83,-0.44,"45,294,745",-100047.2,6.29E+07,6.21E+07,-11.32,13.4,4.65,-1.18,449.07,337.31,453.05,453.05,42,"1,567,113 M"
5/20/2026,1630,TSM,401.62,2.29%,Information Technology,1.385,8.41,$1.26 ,421.97,190.03,401.26,370.7,316.1,1,-0.7,0.23,"10,254,314",100252.19,1.39E+07,1.37E+07,-19.81,21.98,-4.26,-0.68,420.09,314.36,422.04,422.04,38,"2,082,992 M"
5/20/2026,1630,TSN,66.52,0.54%,Consumer Staples,0.411,1.28,$3.45 ,69.4842,50.56,66.16,64.22,59.11,-8,-0.53,-0.34,"2,248,705",100528.13,2839488.85,2938458.23,-26.83,14.33,-2.31,1.11,69.11,58.41,69.11,69.11,50,"23,424 M"
5/20/2026,1630,TT,451.69,0.82%,Industrials,1.218,12.04,$14.11 ,503.47,348.06,475.43,453.77,427.21,-4,-0.27,-0.14,"1,810,097",100030.15,1314680.61,1314461.25,-18.23,10.07,-7.47,-3.2,503.14,403.36,503.14,503.14,47,"99,849 M"
5/20/2026,1630,TTD,21.02,-0.66%,Communication Services,1.16,1.47,$1.72 ,91.45,19.74,22.68,22.85,37.53,4,-0.75,0.36,"21,267,322",-100573.54,1.92E+07,2.09E+07,44.71,-12.82,-12.45,-0.61,33.53,20.29,-20.29,-20.05,53,"9,882 M"
5/20/2026,1630,TTE,92.54,-0.39%,Energy,0.2,1.56,$4.99 ,94.17,57.26,91.36,89.78,71.78,-1,-0.3,-0.6,"1,119,984",500228.29,1948874.66,1987129.42,-54.31,4.27,2.87,0.28,94.14,77.53,-77.53,94.02,NaN,"205,705 M"
5/20/2026,1630,TTWO,236.62,-0.64%,Communication Services,0.9828,8.92,$2.66 ,264.785,187.63,224.15,211.66,231.82,-2,-1,-0.76,"1,859,184",100164.05,1738100.87,1812586.54,29.94,17.94,6.59,-2.4,229.06,188.37,246.04,246.04,1,"43,816 M"
5/20/2026,1630,TUA,20.63,0.78%,,-0.0557,0.14,<empty>,22.305,20.425,20.82,21,21.69,1,0.37,0.39,"444,642",100124.38,559521.21,512369.37,67.14,-1.24,-1.48,0.39,22.57,21.03,22.57,21.17,NaN,758 M
5/20/2026,1630,TUR,40.43,0.82%,,0.3368,1.17,<empty>,43.98,29.64,42.28,40.9,37.07,-7,-0.21,-0.17,"367,723",100337.52,277216.67,383163.02,32.19,5.34,-7.21,-2.04,44.07,37.52,44.07,44.07,NaN,249 M
5/20/2026,1630,TWLO,189.33,-3.38%,Information Technology,1.36,4.68,$5.89 ,203.71,91.84,179.06,149.11,126.08,-9,-0.87,-0.24,"3,049,679",300458.13,2461707.91,2404622.43,-46.74,52.55,-1.08,-4.52,204.08,106.61,204.08,204.08,53,"28,735 M"
5/20/2026,1630,TXG,23.98,7.58%,Health Care,2.174,0.86,$0.97 ,26.445,8.065,21.76,21.52,17.49,6,0.29,0.67,"2,926,230",100380.09,2539146.45,2505628.33,17.02,30.4,5.45,13.11,26.23,16.46,26.23,-20.15,53,"3,044 M"
5/20/2026,1630,TXRH,178.34,2.60%,Consumer Discretionary,0.7558,10.23,$5.36 ,199.99,153.825,167.76,166.39,171.94,-6,0.77,-0.61,"1,622,486",200331.08,1143861.25,1148189.99,52.36,4.36,11.68,0.21,189.62,154.12,-154.12,185.06,53,"11,722 M"
5/20/2026,1630,TXT,89.52,1.52%,Industrials,0.9251,1.58,$4.85 ,101.57,72,90.81,90.39,87.32,1,-0.38,0.45,"1,083,760",-100129.15,1408567.19,1416674.25,-70.78,0.84,-3.83,0.84,101.56,86.36,-86.36,98.14,43,"15,567 M"
5/20/2026,1630,TYX:CGI,51.16,0.00%,,0.0195,0.76,<empty>,51.97,45.28,50.09,49.43,48.08,-1,1,-0.77,<empty>,NaN,NaN,NaN,NaN,3.15,3.5,-0.23,50.12,46.57,-46.57,-49.09,NaN,0
5/20/2026,1630,U,26.23,0.11%,Information Technology,2.095,0.5,$1.08 ,52.15,16.78,26.73,23.59,34.05,-8,-0.78,-0.57,"6,767,256",-100494.38,1.32E+07,1.40E+07,-7.27,42.63,-3.85,-3.42,31.09,17.61,31.09,31.09,52,"11,450 M"
5/20/2026,1630,UA,5.03,0.20%,Consumer Discretionary,1.658,0.57,($0.38),7.9067,3.95,5.71,5.87,5.37,3,0,0.29,"3,645,807",-100455.07,2750790.5,2819905.9,47.89,-11.91,-19.52,0.8,8.62,5.06,-5.06,-5.06,54,"2,144 M"
5/20/2026,1630,UAA,5.15,0.19%,Consumer Discretionary,1.732,0.6,($0.38),8.15,4.13,5.88,6.04,5.54,3,0,0.27,"9,882,532",-100361.07,8817411.86,9049109.48,5.89,-11.97,-20.28,0.59,8.62,5.06,-5.06,-5.06,54,"2,196 M"
5/20/2026,1630,UAE,18.88,0.59%,,0.421,0.32,<empty>,22.29,16.99,19.21,18.91,19.54,2,-0.52,0.47,"725,050",100338.42,596942.41,806554.8,47.51,8.19,-4.45,-0.21,22.6,17.42,-17.42,-18.02,NaN,272 M
5/20/2026,1630,UAL,98.02,9.99%,Industrials,1.229,3.38,$9.90 ,119.21,71.55,93.87,93.39,101.1,1,0.59,0.56,"9,039,208",-300458.21,7454371.54,7737627.28,102.26,8.97,-2.02,5.57,118.58,85.36,-85.36,104.09,42,"31,814 M"
5/20/2026,1630,UBER,74.6,0.69%,Industrials,2,1.44,$4.72 ,101.99,68.46,75.15,74.26,84.26,-6,-0.84,-0.37,"12,764,830",100237.11,1.62E+07,1.70E+07,-20.55,0.96,-5.77,-0.65,81.09,68.37,81.09,81.09,52,"151,856 M"
5/20/2026,1630,UFO,58.92,3.24%,,1.251,2.76,<empty>,59.0988,23.695,53.68,50.57,41.25,1,0.89,0.74,"1,186,782",-100053.03,885788.84,777503.95,25.49,29.89,11.8,4.75,57.07,42.36,-42.36,-49.15,NaN,916 M
5/20/2026,1630,UGA,116.65,-5.13%,,0.0889,2.86,<empty>,125.47,57.63,118.19,107.28,76.23,-2,-0.61,-0.25,"40,084",-200176.35,88759.89,81429.99,2.65,11.18,1.82,-4.96,125.12,71.58,-71.58,125.02,NaN,146 M
5/20/2026,1630,UHAL,50.27,2.68%,Industrials,1.078,1.28,($8.17),64.75,41.945,51.12,49.3,53.09,3,0.53,0.37,"218,132",100349.28,235506.59,223678.39,-17.9,19.15,-3.51,3.29,54.2,42.42,54.2,53.08,4,"9,550 M"
5/20/2026,1630,UHS,164.32,-1.28%,Health Care,1.135,2.04,$14.11 ,246.325,152.3278,169.48,178.33,200.87,-2,-0.28,-0.56,"651,768",100536.16,807688,833195.08,-42.93,-11.57,-2.47,-2.56,234.59,159.15,-159.15,-159.15,45,"9,947 M"
5/20/2026,1630,UL,57.68,0.80%,Consumer Staples,0.4457,0.96,$3.64 ,74.975,54.95,57.94,58.96,65.98,3,0.5,0.65,"4,494,589",100232.35,4747047.74,4519964.51,-28.06,-6.18,-3.38,2.56,75.6,55.34,-55.34,-56.03,46,"125,296 M"
5/20/2026,1630,ULS,101.98,1.99%,Industrials,0.6204,3.97,$2.24 ,107.54,61.64,96.03,89.99,79.15,1,0.92,0.54,"586,138",-100145.43,780349.55,783045.54,9.7,23.31,-2.77,3.01,108.1,78.6,108.1,108.1,51,"20,555 M"
5/20/2026,1630,ULTA,493.12,2.40%,Consumer Discretionary,0.8998,18.52,$23.82 ,714.9699,402.76,519.53,531.67,567.19,2,0.37,0.55,"631,566",-300337.47,804996.12,732983.7,3.29,-6.95,-7.85,-0.23,703.57,487.05,703.57,559.17,8,"21,481 M"
5/20/2026,1630,UNG,11.49,-3.45%,,0.115,0.41,<empty>,18.1182,9.95,10.85,11.3,12.52,-1,0.59,-0.57,"8,999,415",0,9690900.98,1.06E+07,-52.86,-7.26,9.95,1.41,13.51,10.15,-10.15,-10.15,NaN,537 M
5/20/2026,1630,UNH,383.3,-1.53%,Health Care,0.5718,12.37,$21.68 ,404.15,234.6,376.56,326.47,322.66,-5,-0.91,-0.4,"7,783,866",-100145.43,8550604.15,8426871.44,13.14,39.08,4.36,-2.68,397.06,256.37,404.05,404.05,46,"348,092 M"
5/20/2026,1630,UNP,265.8,-2.12%,Industrials,0.9952,3.39,$9.61 ,276.4,210.84,267.42,253.84,237.72,-2,-0.65,-0.49,"3,795,203",100325.2,2915373.88,2957766,14.42,13.14,-0.91,-1.76,275.18,232.43,-232.43,276.02,43,"157,809 M"
5/20/2026,1630,UPBD,17.51,2.58%,Consumer Discretionary,1.919,0.74,$4.50 ,28.025,15.82,18.44,18.41,20.3,3,0.35,0.34,"768,992",200250.15,866801.31,887670.6,-57.05,1.74,-7.89,2.22,23.62,17.42,23.62,20.14,48,"1,021 M"
5/20/2026,1630,UPS,98.87,2.11%,Industrials,1.061,2.74,$5.32 ,122.41,82,101.53,100.49,97.61,2,0.34,0.5,"4,792,528",-200635.13,6137386.95,6219437.3,-21.32,3.14,-1.02,-0.06,117.62,94.37,117.62,110.13,46,"84,040 M"
5/20/2026,1630,UPST,28.84,2.71%,Financials,2.356,1.59,($2.97),87.3,23.965,30.23,28.93,43.84,2,0.64,0.33,"4,443,952",0,4837715.54,4922856.51,-3.33,11.01,0.49,-2.27,36.21,24.36,36.21,-26.05,51,"2,760 M"
5/20/2026,1630,URA,48.04,1.78%,,1.128,3.39,<empty>,62.28,27.79,53.89,51.85,49.16,-7,-0.18,0,"3,032,405",0,3778573.07,4015925.55,-16.11,3.45,-17.54,-3.79,59.19,45.36,59.19,59.09,NaN,"6,721 M"
5/20/2026,1630,URBN,71.67,4.06%,Consumer Discretionary,1.168,1.56,$3.49 ,84.35,59.535,69.96,67.64,70.43,5,0.35,0.36,"2,610,488",-100256.43,1460352.63,1595733.75,235.71,13.06,0.07,3.94,77.21,60.4,77.21,-65.06,0,"6,135 M"
5/20/2026,1630,URI,936.27,0.93%,Industrials,1.725,13.77,$32.10 ,1021.47,681.98,951.07,832.12,872.87,-4,-0.75,-0.28,"618,286",100536.2,567293.07,589016.1,-24.28,31.78,-2.93,-2.59,1001.18,702.43,1001.18,980.17,42,"58,654 M"
5/20/2026,1630,URNJ,26.25,0.73%,,1.582,2.13,<empty>,40.81,15.56,30.24,30.12,28.82,-7,-0.11,-0.05,"277,700",0,344575.35,374846.36,-11.33,-2.05,-19.03,-5.17,37.56,26.36,37.56,33.09,NaN,391 M
5/20/2026,1630,URNM,57.43,0.61%,,0.9271,3.85,<empty>,84.95,35.9333,64.84,64.5,61.21,-7,-0.09,-0.09,"344,407",0,678518,729745.77,-56.43,-1.2,-17,-4.52,76.59,57.42,76.59,70.09,NaN,"2,072 M"
5/20/2026,1630,USCI,100.4393,-1.40%,,0.1469,1.21,<empty>,102.93,69.3,100.16,96.98,83.57,-5,-0.5,-0.28,"13,787",300029.21,26107.92,24278.98,-36.27,5.29,1.66,-0.73,103.06,83.62,103.05,103.05,NaN,387 M
5/20/2026,1630,USD/JPY,159.034,0.07%,,<empty>,0.903,<empty>,N/A,N/A,157.801,158.603,156.984,-2,0.56,-0.88,"2,910,000",-100200.22,1.77E+07,2.11E+07,-81.477,0.003,1.154,0.133,161.21,155.15,-155.15,159.02,NaN,<empty>
5/20/2026,1630,USFD,81.12,-0.16%,Consumer Staples,0.862,4.14,$3.78 ,102.13,69.875,87.75,89.9,82.31,3,0,0.18,"3,917,736",-100028.1,2545604.65,2476581.4,161.75,-9.26,-11.87,-1.53,97.62,82.03,97.62,95.13,53,"17,864 M"
5/20/2026,1630,USPH,62.24,1.02%,Health Care,1.195,5.1,$4.39 ,93.5,58.19,67.02,72.37,79.95,7,0.11,0.49,"213,346",300346.03,201715.57,198428.88,28.59,-15.73,-15.49,-0.91,86.62,58.08,-58.08,-58.08,52,947 M
5/20/2026,1630,UTI,37.08,2.77%,Consumer Discretionary,1.23,1.67,$0.01 ,41.53,21.29,37.27,36.92,30.74,-4,-0.57,-0.46,"555,273",200449.05,637987.9,705434.43,11.11,4.92,0.32,-6.27,40.39,30.62,42.04,42.04,52,"2,042 M"
5/20/2026,1630,UTZ,7.72,3.49%,Consumer Staples,0.852,0.35,$0.83 ,14.67,6.92,7.59,7.6,10.21,3,0.63,0.53,"2,820,150",200150.02,2024399.93,1950825.98,106.61,2.39,-6.99,9.66,10.61,7.03,10.61,-7.03,48,684 M
5/20/2026,1630,UUP,27.73,-0.22%,,-0.1903,0.16,<empty>,28.45,26.395,27.52,27.58,27.55,-1,0.74,-0.88,"2,509,496",100007.31,2810619.71,2683808.73,-31.31,0.18,1.39,-0.14,28.36,27.61,28.36,-27.13,NaN,308 M
5/20/2026,1630,V,330.75,0.25%,Financials,0.7698,4.31,$11.05 ,375.51,293.89,322.49,312.76,331.05,4,0.91,0.69,"9,422,525",-200124.02,7275524.76,7395028.45,-16.18,9.66,3.75,1.53,342.15,294.34,342.15,342.15,46,"629,002 M"
5/20/2026,1630,VET,12.6,-4.55%,Energy,0.4138,0.57,$1.42 ,14.82,6.22,12.73,12.78,9.62,-1,-0.19,-0.62,"2,064,459",101365.44,2217247.69,2273824.85,65.84,-9.29,6.15,-1.56,15.42,10.58,15.42,-11.09,53,"1,930 M"
5/20/2026,1630,VFC,16.21,-3.17%,Consumer Discretionary,1.769,1.01,$0.79 ,22.2699,11.06,18.23,17.94,16.99,-1,-0.21,-0.14,"22,600,903",-300157.01,6996527.94,6825730.32,398.31,-0.43,-16.49,-2.82,22.21,16.48,22.21,20.17,0,"6,342 M"
5/20/2026,1630,VG,14.03,-5.07%,Energy,1.352,1.03,($2.81),19.5,5.72,12.92,13.64,10.91,-1,0.41,-0.88,"21,763,545",100815.43,2.82E+07,2.70E+07,20.84,-11.26,16.92,-1.41,18.4,9.6,18.4,-11.09,56,"34,856 M"
5/20/2026,1630,VGK,88.24,2.12%,,0.8645,0.93,<empty>,90.745,74.2401,87.01,85.3,83.17,1,0.72,0.4,"3,244,714",200127.36,4114658.36,4188066.28,13.37,11.44,-1.11,2.86,91.57,79.42,-79.42,89.1,NaN,"30,261 M"
5/20/2026,1630,VHT,274.77,0.27%,,0.6297,1.96,<empty>,298.6068,237.2312,271.4,272.93,274.94,2,0.45,0.73,"122,983",-100116.14,193218.1,204692.8,-29.48,2.13,0.61,1.53,296.57,265.37,-265.37,-265.15,NaN,"16,281 M"
5/20/2026,1630,VIK,83.12,1.08%,Consumer Discretionary,1.246,2.15,$2.93 ,92,42.2004,82.2,77.84,69.06,-2,-0.66,-0.4,"7,505,947",100251.01,3176914.37,3100314.33,155.02,22.25,-3.4,-0.69,87.21,66.51,92.04,92.04,60,"37,085 M"
5/20/2026,1630,VIR,8.88,4.10%,Health Care,1.706,0.54,($3.19),11.66,4.155,9.64,9.56,7.03,1,0,0.1,"1,934,456",100582.59,1941176.14,3441570.13,65.68,-2.42,-13.7,1.02,12.22,7.61,12.22,11.16,52,"1,498 M"
5/20/2026,1630,VIX,17.44,-3.43%,,-6,0.48,<empty>,35.3,13.38,17.86,21.14,18.39,-1,0.24,-0.74,<empty>,NaN,NaN,NaN,NaN,-34.88,0.29,-5.37,35.51,16.1,-16.1,19.02,NaN,0
5/20/2026,1630,VKTX,29.44,3.66%,Health Care,0.5358,1.19,($3.00),43.15,22.959,31.25,32.98,32.63,1,-0.22,0.25,"1,641,620",100268.15,2321234.67,2351762.45,-75.16,-8.94,-8.8,-2.74,38.47,29.14,38.47,34.16,47,"3,418 M"
5/20/2026,1630,VLO,253.77,-3.37%,Energy,0.5864,7.3,$18.20 ,263.75,125.1,246.4,241.92,189.99,-1,-0.54,-0.71,"2,959,463",-100148.43,3682311.09,3684480.92,-16.15,5.8,7.22,1.21,258.36,195.6,-195.6,-227.09,43,"75,353 M"
5/20/2026,1630,VLTO,86.19,-0.32%,Industrials,0.7299,1.07,$4.20 ,110.11,84.45,87.15,88.45,98.2,3,0.5,0.61,"2,679,252",-100127.43,2022694.85,2006535.35,-6.88,-2.75,-0.79,1.6,98.58,84.03,98.58,-84.03,43,"21,168 M"
5/20/2026,1630,VMC,263.26,1.46%,Materials,1.07,11.74,$8.48 ,331.09,252.35,283.94,279.71,292.28,1,-0.34,0.17,"1,202,778",300138.37,1197517.94,1242796.75,-25.36,1.88,-10.98,-1.71,319.59,252.43,-252.43,306.15,48,"34,159 M"
5/20/2026,1630,VNM,19.31,1.05%,,0.9492,0.24,<empty>,19.85,13.02,19.2,18.24,18.24,1,-0.81,0.32,"578,117",-100141.5,823725.28,879478.96,-7.4,17.53,-1.15,0.63,20.08,16.4,20.08,20.08,NaN,589 M
5/20/2026,1630,VNO,31.6,4.22%,Real Estate,1.534,0.72,$6.23 ,43.37,24.57,30.58,28.25,33.68,1,0.87,0.15,"1,638,355",-100446.43,2105872.82,2067554.42,34.78,24.36,0.13,3.34,33.09,25.37,33.09,33.09,50,"5,944 M"
5/20/2026,1630,VRNS,31.1,4.47%,Information Technology,0.7892,1.15,$1.00 ,63.9,19.7,27.33,24.76,37.63,4,1,0.65,"2,359,943",0,2501959.19,2485954.45,-38.54,31.11,12.64,10.36,30.15,20.28,-20.28,-24.17,46,"3,571 M"
5/20/2026,1630,VRT,315.67,-2.16%,Industrials,2.071,19.46,$5.95 ,379.935,101,338.84,300.68,205.87,-4,-0.63,0,"6,014,021",-100569.43,7559493.82,7495762.71,-4.06,23.37,-12.05,-14.9,372.07,232.36,380.04,380.04,47,"121,252 M"
5/20/2026,1630,VRTX,430.44,-0.89%,Health Care,0.292,9.3,$14.55 ,507.92,362.5,432.9,442.34,434.21,-4,-0.48,-0.61,"1,784,847",100432.51,1267928.24,1280707.95,59.19,-5.19,0.65,-1.49,508.5,412.11,-412.11,457.04,50,"109,248 M"
5/20/2026,1630,VSCO,47.71,5.55%,Consumer Discretionary,2.128,2.41,$3.90 ,66.889,17.53,49.04,48.37,43.25,2,0.29,0.52,"2,048,361",100673.52,2118752.06,2337866.98,12.53,6.35,-7.4,3.81,66.58,42.37,-42.37,54.17,8,"3,789 M"
5/20/2026,1630,VTR,88.6,0.28%,Real Estate,0.7699,1.09,$2.89 ,91.06,61.76,87.31,85.37,77.78,-4,-0.58,-0.46,"3,907,515",100023.15,4204759.55,3853110.33,-56.32,7.39,2.29,1.32,89.06,79.2,-79.2,91.03,47,"43,075 M"
5/20/2026,1630,VVIX,96.45,0.00%,,-4.303,2.22,<empty>,147.14,81.72,95.38,106.57,102.48,2,0.27,0.61,<empty>,NaN,NaN,NaN,NaN,-23.62,2.93,3.78,141.52,91.16,141.52,-91.02,NaN,0
5/20/2026,1630,VVV,33.27,3.42%,Consumer Discretionary,1.032,1.24,$0.78 ,41.33,28.5,33.11,33.52,34.42,1,0.23,0.52,"1,856,504",-200136.09,2139849.52,2033155.78,-22.43,1.62,-2.63,2.72,39.6,32.11,39.6,37.08,52,"4,243 M"
5/20/2026,1630,VXD,15.97,0.00%,,-6.331,0.44,<empty>,42.71,2.43,16.75,20.1,17.31,-1,0.19,-0.54,<empty>,NaN,NaN,NaN,NaN,-35.32,-2.2,-7.58,43.5,14.62,43.5,-15.03,NaN,0
5/20/2026,1630,VXN:CGI,23.71,0.00%,,-4.988,0.87,<empty>,33.92,9.01,23.57,25.29,22.55,-3,-0.46,-0.66,<empty>,NaN,NaN,NaN,NaN,-18.8,0.55,-6.4,34.36,21.13,-21.13,26.03,NaN,0
5/20/2026,1630,VXX,27,-2.10%,,-2.067,0.5,<empty>,59.36,25.635,28.27,31.14,31.97,-1,-0.23,-0.65,"8,836,118",-101204.52,1.06E+07,1.14E+07,42.45,-24.94,-3.81,-3.12,40.36,27.58,40.36,30.17,NaN,0
5/20/2026,1630,VZ,47.82,0.17%,Communication Services,0.239,0.45,$4.70 ,51.68,38.39,47.27,48.17,44.13,2,0.27,0.48,"16,714,597",100029.43,2.51E+07,2.53E+07,-51.84,-4.32,0.8,3.13,52.4,44.26,-44.26,-46.02,41,"199,675 M"
5/20/2026,1630,W,64.72,12.75%,Consumer Discretionary,-0.0724,3.01,$2.81 ,119.98,34.46,65.89,71.64,86.87,3,0.32,0.6,"8,576,948",101271.01,3986489.45,4148933.22,-36.22,-10.55,-1.94,11.16,87.62,58.03,87.62,79.17,50,"8,543 M"
5/20/2026,1630,WBD,27.42,1.22%,Communication Services,1.577,0.12,$0.93 ,30,8.83,27.09,27.27,23.65,1,0.1,0.41,"17,101,781",-100119.43,2.13E+07,2.28E+07,25.96,0,0.81,1.63,29.6,27.16,-27.16,-27.16,53,"68,746 M"
5/20/2026,1630,WCLD,30.04,1.25%,,1.058,0.76,<empty>,37.115,23.8901,28.47,27.77,32.1,4,0.97,0.6,"1,183,149",400243.36,1128574.51,1289591.92,37.13,7.44,4.11,4.95,30.09,24.28,-24.28,-26.14,NaN,248 M
5/20/2026,1630,WDAY,126.61,-2.11%,Information Technology,1.03,4.45,$10.48 ,273.8,110.36,123.42,126.12,188.65,-1,1,-0.56,"6,059,972",0,4819212.24,5393853.83,8.13,-6.88,3.25,1.28,154.51,110.29,-110.29,-113.05,1,"31,613 M"
5/20/2026,1630,WEAT,24.9,-1.19%,,0.0073,0.76,<empty>,25.6,19.78,24.22,23.38,21.53,-1,-0.93,-0.65,"1,206,871",-200149.49,1063908.19,1020400.36,32.07,8.97,6.78,3.28,26.06,22.59,26.05,26.05,NaN,350 M
5/20/2026,1630,WELL,218.61,0.28%,Real Estate,0.837,2.19,$4.34 ,221.675,146.645,214.81,208.3,190.55,2,0.5,0.47,"5,114,444",100326.02,3046909.16,3039554.96,23.6,11.57,0.99,2.28,220.15,193.4,222.05,222.05,45,"154,320 M"
5/20/2026,1630,WEN,7.75,-4.56%,Consumer Discretionary,0.3601,0.63,$1.17 ,12.51,6.37,7.25,7.1,8.35,-4,-0.99,-0.75,"14,639,414",200467.07,1.02E+07,9692214.04,66.48,9.31,16.54,-3.37,8.62,6.11,8.05,8.05,54,"1,476 M"
5/20/2026,1630,WEST,8.46,4.83%,Consumer Staples,0.927,1.22,($0.66),8.9764,3.59,6.94,5.53,4.98,-6,-0.98,-0.54,"955,985",-100168.07,620337.3,558101.86,205.08,99.53,39.37,0.12,9.07,4.51,9.07,9.07,53,825 M
5/20/2026,1630,WFC,75.81,1.69%,Financials,0.9469,2.74,$0.04 ,97.76,71.895,77.75,79.01,84.09,5,0.3,0.42,"14,695,343",-300430.09,1.75E+07,1.78E+07,8.57,-2.31,-5.73,3.26,89.62,73.03,89.62,-73.03,36,"231,993 M"
5/20/2026,1630,WGMI,57.32,4.50%,Communication Services,3.779,3.48,<empty>,67.885,16.31,54.04,46.03,43.73,-4,-0.86,-0.37,"665,350",-100477.03,513747.94,526412,88.71,52.12,-5.66,0.19,61.07,32.36,62.04,62.04,NaN,378 M
5/20/2026,1630,WGS,44.73,6.17%,Health Care,2.143,9.77,($0.99),170.87,32.21,50.19,60.87,106.03,9,0.23,0.57,"1,143,981",201576.1,1220032.81,1153414.76,49.82,-35.95,28.87,9.77,95.51,32.1,-32.1,-32.1,46,"1,328 M"
5/20/2026,1630,WH,80.9,4.70%,Consumer Discretionary,0.6487,1.75,$3.99 ,92.685,69.21,82.08,81.79,79.76,1,0.03,0.31,"1,212,128",0,1186906.5,1275999.49,-46.71,6.18,-2.89,1.45,90.21,72.48,90.21,87.16,42,"6,056 M"
5/20/2026,1630,WING,128.13,1.05%,Consumer Discretionary,1.73,11.92,$4.76 ,388.14,116.35,146.69,166.72,240.85,7,0.29,0.45,"1,089,742",200873.04,1399796.01,1330270.26,-34.38,-31.77,-11.9,-0.84,277.58,116.04,-116.04,-116.04,47,"3,489 M"
5/20/2026,1630,WMS,136.83,3.98%,Industrials,1.317,4.63,$7.43 ,179.315,105.14,143.51,142.81,147.01,1,0.34,0.36,"858,581",-100045.19,886785.9,869105.65,16.2,3.51,-7.99,0.88,176.62,131.42,-131.42,154.17,1,"10,658 M"
5/20/2026,1630,WMT,130.85,-2.50%,Consumer Staples,0.6461,1.53,$1.87 ,135.155,93.43,130.61,127.13,114.59,-1,-0.44,-0.45,"28,471,632",0,1.80E+07,1.92E+07,43.31,9.94,0.59,-0.46,133.13,118.42,-118.42,-126.15,1,"1,043,004 M"
5/20/2026,1630,WOOD,65.9122,2.02%,,0.7789,1.55,<empty>,83.32,64.53,67.87,69.54,72.53,1,0.23,0.45,"6,118",-100017.57,17758.33,31680.9,-36.53,-1.42,-5.56,1.23,80.62,65.03,80.62,70.1,NaN,245 M
5/20/2026,1630,WRBY,24.45,-4.16%,Consumer Discretionary,2.052,2.85,$0.32 ,31,14.96,25.03,23.69,24.02,-5,-0.67,-0.31,"5,436,557",-101183.02,2878347.53,3112856.76,89.14,7.76,10.99,-14.9,30.07,20.32,-20.32,-21.14,53,"3,000 M"
5/20/2026,1630,WW,9.93,6.09%,Consumer Discretionary,2.25,0.81,($9.76),46.949,8.365,10.22,12.86,24.01,-3,0.45,-0.7,"245,959",-101609.1,396539.52,339623.31,21.75,-43.8,-15.85,-7.02,25.46,8.08,-8.08,-8.08,54,99 M
5/20/2026,1630,WWW,15.28,3.95%,Consumer Discretionary,1.67,0.83,$1.62 ,32.8,13.47,16.45,16.63,20.67,1,-0.65,0.06,"1,089,523",-201064.05,1057308.32,1194424.57,8.88,-3.84,-11.42,-0.46,21.58,14.04,-14.04,-14.04,48,"1,253 M"
5/20/2026,1630,WY,23.24,1.53%,Real Estate,0.9222,0.39,$0.03 ,27.86,21.155,23.81,23.97,24.38,3,0.17,0.41,"5,471,208",0,5106341.86,5377695.37,-33.94,3.43,-3.33,2.47,26.21,22.42,26.21,25.16,43,"16,757 M"
5/20/2026,1630,WYFI,24.19,-5.21%,Information Technology,4.349,3.68,($9.75),40.75,10.5101,21.03,17.07,NaN,-4,-0.93,-0.44,"1,368,251",101951.05,1323355.69,1158362.47,29.74,74.66,12.88,-0.04,29.07,11.37,31.04,31.04,58,934 M
5/20/2026,1630,WYNN,98.06,3.46%,Consumer Discretionary,0.9785,4.71,$6.72 ,134.72,82.627,101.94,102.47,114.93,3,0.22,0.19,"1,550,472",-100338.09,1550717.19,1673383.79,42.67,-1.92,-8.84,2.77,116.62,94.03,116.62,109.1,53,"10,177 M"
5/20/2026,1630,XBI,131.71,3.88%,,0.8636,2.99,<empty>,139.19,78,132.66,129.76,116.47,1,-0.23,0.09,"10,734,438",-100037.35,9146850.96,9379153.12,35.57,9.48,-4.34,0.78,139.23,118.4,139.23,138.07,NaN,"7,889 M"
5/20/2026,1630,XHR,16.9,3.11%,Real Estate,1.181,0.32,$1.03 ,17.23,11.34,16.4,15.64,14.56,3,0.71,0.37,"409,141",200136.19,690090.01,714202.85,-40.6,18.43,0.96,6.22,17.13,14.47,17.13,17.13,48,"1,559 M"
5/20/2026,1630,XIACY,19.38,-1.07%,Information Technology,0.617,0.48,$0.12 ,40.25,18.51,19.67,20.32,26.35,-5,-0.93,-0.39,"283,903",-100000.44,412962.64,418782.03,-36.05,-6.87,-3.34,0.21,23.61,19.14,-19.14,21.05,3,"100,060 M"
5/20/2026,1630,XLB,49.72,1.39%,,0.948,0.99,<empty>,54.14,42.035,51.28,50.61,47.47,-5,-0.28,-0.27,"20,467,054",0,1.27E+07,1.39E+07,33.92,5.83,-5.13,-1.15,54.59,47.42,-47.42,53.09,NaN,"7,184 M"
5/20/2026,1630,XLC,116.1,0.22%,,1.009,0.62,<empty>,120.405,99.6,116.34,114.84,115.14,-2,-0.72,-0.38,"5,148,757",100123.56,5914649,6547667.25,-2.42,3.45,-1.07,0.02,119.23,107.37,119.23,118.09,NaN,"25,252 M"
5/20/2026,1630,XLE,59.8,-2.43%,,0.479,1.62,<empty>,63.46,40.36,58.25,58.34,49.51,-1,0.46,-0.97,"61,776,771",-200233.56,4.76E+07,5.34E+07,72.1,0.83,4.91,0.61,63.36,53.23,-53.23,-55.09,NaN,"41,426 M"
5/20/2026,1630,XLF,51.66,1.10%,,0.8865,0.29,<empty>,56.515,47.67,51.56,50.73,52.6,1,0.61,0.36,"42,148,379",100227.56,4.19E+07,4.75E+07,34.2,5.26,-0.35,1.1,53.21,48.37,53.21,53.13,NaN,"49,924 M"
5/20/2026,1630,XLG,63.56,0.86%,,1.059,0.92,<empty>,64.33,47.93,62.1,58.67,58,-4,-0.94,-0.25,"2,853,141",-100129.49,2852930.98,3418652.01,105.43,16.6,1.92,0.02,63.07,53.36,64.04,64.04,NaN,"11,229 M"
5/20/2026,1630,XLI,170.73,1.18%,,1.012,2.06,<empty>,179.305,139.63,172.71,169.13,160.8,1,-0.49,0.33,"10,524,816",100028.53,1.07E+07,1.18E+07,-12.38,5.6,-3.47,-0.39,179.56,156.36,-156.36,178.09,NaN,"29,609 M"
5/20/2026,1630,XLK,177.14,2.25%,,1.293,5.58,<empty>,180.215,112.551,168.42,151.9,143.82,-7,-0.9,-0.26,"12,630,253",0,1.34E+07,1.46E+07,36.16,30.93,4.18,0.5,178.07,127.36,180.04,180.04,NaN,"115,683 M"
5/20/2026,1630,XLP,85.52,-0.66%,,0.5067,0.79,<empty>,90.14,75.16,84.16,83.06,81.35,-1,0.56,-0.76,"14,035,023",-100120.56,1.39E+07,1.57E+07,-8.63,5.2,1.52,1.04,90.57,80.25,-80.25,-82.17,NaN,"15,165 M"
5/20/2026,1630,XLRE,44.43,1.12%,,1.018,0.38,<empty>,44.91,39.725,44.1,42.9,41.94,2,0.69,0.35,"3,861,379",-100330.43,6701442.88,7381092.94,-48.32,9.46,-0.69,2.78,45.1,40.37,45.1,-43.03,NaN,"7,971 M"
5/20/2026,1630,XLU,44.51,0.38%,,0.2431,0.84,<empty>,47.8,39.5825,45.43,45.82,44.39,2,0.01,0.31,"17,584,755",-100424.43,2.28E+07,2.45E+07,-21.42,-0.31,-2.63,1.46,48.57,44.03,48.57,-44.02,NaN,"22,564 M"
5/20/2026,1630,XLV,147.13,-0.13%,,0.5905,1.21,<empty>,160.59,127.96,145.14,146.48,147.74,2,0.45,0.83,"10,527,856",200123.41,1.12E+07,1.22E+07,-16.36,1.24,1.19,1.4,160.57,142.15,-142.15,-142.15,NaN,"37,682 M"
5/20/2026,1630,XLY,117.94,2.53%,,1.217,1.42,<empty>,125.01,103.855,118.09,114.54,117.31,1,0.67,0.07,"12,155,069",300227.36,9082025.34,1.01E+07,18.23,9.47,-1.61,1.21,122.23,105.36,122.23,121.08,NaN,"22,462 M"
5/20/2026,1630,XOM,156.28,-3.86%,Energy,0.1881,4.9,$4.41 ,176.41,101.185,152.51,155.55,130.62,-1,0.37,-0.94,"18,509,731",-100337.35,2.12E+07,2.12E+07,-19.12,-2.12,5.1,-1.04,176.36,142.23,-142.23,-144.08,49,"647,772 M"
5/20/2026,1630,XOP,174.73,-2.14%,,0.6056,5.13,<empty>,190.36,118.14,172.65,172.62,143.2,-1,0.27,-0.81,"6,249,252",-300137.51,4672074.64,5021527.59,149.9,-1.35,3.19,0.34,190.36,146.58,190.36,-162.09,NaN,"3,521 M"
5/20/2026,1630,XPEV,15.14,1.34%,Consumer Discretionary,1.011,0.46,$0.74 ,28.235,14.72,15.9,17.21,19.74,-4,-0.41,-0.47,"4,829,776",-200262.2,6583086.93,6521692.04,-23.97,-13.73,-4.96,-3.07,20.47,15.55,20.47,17.17,5,"14,470 M"
5/20/2026,1630,XRT,80.96,2.31%,,1.197,2.34,<empty>,91.65,73.87,83,82.3,84.68,3,0.28,0.16,"8,322,531",-100023.06,5410624.49,5697940.74,113.61,2.94,-4.91,2.36,90.62,78.36,90.62,86.17,NaN,389 M
5/20/2026,1630,XTL,224.12,0.42%,,1.14,2.71,<empty>,232.585,101.2401,223.17,208.74,165.68,-4,-0.59,-0.02,"35,422",-300128.27,110153.78,93194.3,-65,20.89,-1.36,-0.79,230.13,176.61,233.04,233.04,NaN,801 M
5/20/2026,1630,XYL,108.22,1.77%,Industrials,1.057,3.68,$3.81 ,154.27,105.29,114.28,119.12,135.22,1,0.01,0.31,"1,737,895",200037.24,2229507.36,2167017.03,-31.67,-10.15,-8.74,0.09,132.58,108.03,132.58,125.16,53,"25,723 M"
5/20/2026,1630,XYZ,70.89,2.49%,Financials,2.775,1.4,$5.37 ,82.5,48.21,71.04,65.97,67.82,1,-0.7,0.21,"6,427,076",300753.57,5883625.51,7437235.77,56.52,19.4,0.08,0.75,77.08,49.6,77.08,77.08,55,"42,192 M"
5/20/2026,1630,YCS,53.59,-0.22%,,-0.3975,0.63,<empty>,54.67,40.08,53.05,53.23,49.45,10,0.4,0.81,"20,810",-100218.24,31923.33,29620.55,-62.91,0.66,3.48,0.04,55.4,50.61,55.4,-52.1,NaN,29 M
5/20/2026,1630,YELP,22.47,-0.53%,Communication Services,0.488,3.06,$4.56 ,39.575,19.6,26.05,25.7,28.52,3,-0.27,0.19,"1,304,352",0,1184339.39,1314866.07,37.76,-8.51,-20.63,3.79,30.2,20.6,30.2,-21.03,53,"1,236 M"
5/20/2026,1630,YPF,47.07,-1.86%,Energy,1.08,1.69,$2.86 ,48.955,22.82,44.33,43.05,35.78,3,0.57,0.7,"2,323,865",100849.03,2624173.48,2422710.55,17.54,12.29,8.81,7.81,49.35,33.55,49.35,-42.09,53,"18,471 M"
5/20/2026,1630,YUM,152.71,0.34%,Consumer Discretionary,0.5977,2.59,$5.92 ,169.39,137.33,154.74,157.21,152.54,5,0.07,0.51,"2,501,758",100124.16,1693829.53,1718962.94,33.16,-2.37,-2.12,1.83,169.6,149.07,-149.07,-149.07,48,"42,090 M"
5/20/2026,1630,YUMC,45.55,0.49%,Consumer Discretionary,1,1.23,$2.56 ,58.39,41.69,47.38,49.18,47.75,1,-0.07,0.31,"2,344,660",100232.44,1449985.03,1588884.71,48.99,-11.96,-6.49,0.09,57.61,46.03,57.61,50.15,52,"15,990 M"
5/20/2026,1630,ZG,36.92,1.37%,Real Estate,2.035,3.13,$1.24 ,90.22,35.11,41.97,42.56,62.22,1,-0.64,0.41,"1,356,265",0,1072830.29,1101175.95,36.1,-15.18,-17.64,-3,49.53,37.03,49.53,46.16,52,"8,447 M"
5/20/2026,1630,ZM,99.42,2.08%,Information Technology,1.5,4.04,$6.40 ,111.56,69.15,100.27,88.76,84.84,-11,-0.65,-0.23,"4,969,435",-100443.59,4325581.51,4669998.96,-37.49,29.77,-5.43,-0.74,112.07,71.55,112.07,112.07,1,"29,303 M"
5/20/2026,1630,ZS,174.45,-0.46%,Information Technology,1,12.46,$5.55 ,336.99,114.625,147.89,143.39,225.17,-1,1,-1,"2,647,103",-100866.3,2913935.32,3189541.16,11.37,15.17,25.66,8.32,173.62,115.28,-115.28,-128.14,3,"28,050 M"
