Date,Time,Symbol,Last,%Change,StandardDeviation,52High,52Low,SimpleMovingAvg,SimpleMovingAvg,SimpleMovingAvg,A_MCADays_Streak,A_MACD_BRR,A_MACDH_D_BRR,Volume,A_VolumeSpike,VolumeAvg,VolumeAvg,VolumeRateOfChange,A_Perf2M,A_Perf2Wk,A_Perf3D,A_3mnHigh,A_3mnLow,A_3mnHighLow,A_3wkHighLow,A_EarningsDays
06/02/2026,1630,$COMP,27093.9009,+0.03%,369.95,27190.2067,19224.7032,26355.7,24497.89,23248.1,6.0,-0.86,0.26,<empty>,NaN,NaN,NaN,NaN,24.05,3.84,0.66,26707.12,20690.44,-20690.44,-25701.09,NaN
06/02/2026,1630,$DJI,51307.79,+0.45%,590.14,51369.61,41981.14,50114.08,48783.94,47800.29,9.0,1.0,0.55,"548,766,273",100100.03,5.1167342402E8,5.1995937934E8,10.11,10.18,3.26,1.26,50830.06,45057.44,-45057.44,-49236.08,NaN
06/02/2026,1630,$DXY,99.217,+0.02%,0.142,100.643,95.551,98.824,98.884,98.58,-10.0,0.62,-0.65,<empty>,NaN,NaN,NaN,NaN,-0.968,-0.093,0.225,101.44,98.19,-98.19,100.03,NaN
06/02/2026,1630,/6B[M26],1.3468,+0.08%,0.0042,1.3869,1.3011,1.3476,1.345,1.3424,9.0,0.34,0.43,"58,881",-100000.58,90879.36,104024.8125,-52.2047,1.2327,0.268,0.186,1.21,1.43,1.21,-1.1,NaN
06/02/2026,1630,/6C[M26],.72295,+0.01%,0.00253,0.74315,0.70845,0.72845,0.72861,0.72557,1.0,-0.15,0.3,"50,182",-200106.56,65555.74,73662.75,-8.82962,-0.01383,-0.78908,-0.43382,1.59,1.43,-1.43,-1.03,NaN
06/02/2026,1630,/6E[M26],1.16375,-0.01%,0.00289,1.21105,1.13655,1.16854,1.16939,1.17082,8.0,-0.39,0.4,"118,343",-200000.58,173859.54,207401.78125,-25.04718,0.09892,-0.28276,-0.18013,1.31,1.55,1.31,-1.07,NaN
06/02/2026,1630,/6J[M26],.0062595,-0.11%,2.29E-5,0.007078,0.006243,0.0063241,0.0063216,0.0064853,-2.0,-0.32,-0.23,"101,973",200109.19,148238.1,153071.328125,-6.6121455,-1.1995896,-0.7924558,-0.4611593,0.18,0.22,0.18,0.17,NaN
06/02/2026,1630,/BTC[M26],67645,-5.70%,3434.0,127240.0,60005.0,77538.0,75081.0,90033.0,-2.0,-1.0,0.0,"9,594",-100128.0,8653.0,8810.0,63.0,-1.0,-12.0,-8.0,83215.0,65090.0,83215.0,82725.0,NaN
06/02/2026,1630,/BZ[Q26],95.79,+0.85%,6.61,119.4,58.72,102.58,102.74,76.85,2.0,0.0,0.18,"36,789",0.0,46488.92,62732.11,26.34,-4.5,-12.34,3.58,119.59,80.62,119.59,-90.02,NaN
06/02/2026,1630,/CL[N26],93.39,+1.33%,5.34,119.48,54.98,97.07,97.46,72.26,2.0,0.01,0.33,"207,589",100321.59,309306.42,380325.34,4.13,-5.58,-8.88,5.49,119.59,73.62,119.59,-86.02,NaN
06/02/2026,1630,/GC[Q26],4517.5,+0.25%,58.4,5626.8,3250.5,4591.9,4642.1,4406.4,6.0,0.3,0.6,"97,644",0.0,146325.9,152792.9,-29.1,-5.6,-1.2,-0.2,5249.6,4100.5,-4100.5,-4396.0,NaN
06/02/2026,1630,/HG[N26],6.6765,+1.89%,0.1338,6.716,4.3325,6.381,6.0489,5.496,2.0,0.81,0.54,"43,428",0.0,44628.12,44874.1875,-32.1427,18.8518,5.3741,3.9225,7.13,5.49,7.13,7.13,NaN
06/02/2026,1630,/NG[N26],3.165,-0.44%,0.135,7.439,2.495,2.978,2.842,3.412,-2.0,0.55,-0.34,"130,673",0.0,112285.1,120061.828,-2.368,12.553,4.663,-4.178,3.59,2.26,-2.26,-3.17,NaN
06/02/2026,1630,/NKD[M26],67515,+0.32%,2245.0,67635.0,37320.0,63460.0,59429.0,52579.0,8.0,1.0,1.0,"4,964",100501.0,5998.0,6127.0,-27.0,24.0,10.0,3.0,63880.0,50410.0,-50410.0,-59355.0,NaN
06/02/2026,1630,/SI[N26],75.405,+0.20%,3.756,121.785,34.355,78.437,76.153,66.42,4.0,-0.23,0.58,"30,512",0.0,43288.18,44400.25,-49.892,0.273,-3.475,-0.672,90.58,61.49,-61.49,-72.03,NaN
06/02/2026,1630,AAAU,44.25,+0.17%,0.63,54.71,32.15,45.17,45.62,43.28,4.0,0.26,0.55,"877,830",0.0,2047121.0,2312358.85,2.44,-5.87,-1.54,-0.19,52.58,43.48,-43.48,-43.04,NaN
06/02/2026,1630,AAL,13.93,-2.86%,0.99,16.5,10.09,13.36,12.18,13.06,-4.0,-0.96,-0.66,"49,372,789",-100272.59,6.000190662E7,6.789095673E7,2.79,25.16,12.7,-4.91,14.06,10.44,15.04,15.04,35.0
06/02/2026,1630,AAPL,315.20,+2.90%,5.8,315.45,195.07,300.77,277.78,264.01,1.0,0.97,0.38,"44,374,556",300027.22,4.549930783E7,4.437901861E7,-3.0,23.3,5.83,0.86,311.06,246.44,-246.44,-286.17,41.0
06/02/2026,1630,ABBV,215.40,+1.16%,2.9,244.81,181.73,210.73,208.57,219.7,-3.0,-0.95,-0.81,"5,391,628",-100136.51,6231110.02,6625805.91,-23.46,0.2,2.86,-1.48,237.62,191.23,-191.23,220.06,40.0
06/02/2026,1630,ABNB,134.35,-2.55%,1.6,147.25,110.81,135.3,134.65,128.7,9.0,0.4,0.46,"3,470,880",0.0,3641617.94,3706835.44,-21.47,7.32,0.04,-0.11,147.28,122.41,147.28,-128.08,44.0
06/02/2026,1630,ABR,5.42,-1.28%,0.19,12.575,5.38,6.2,7.12,8.92,12.0,0.07,0.58,"3,789,597",-401162.15,3999812.98,3997182.6,-73.89,-27.83,-10.26,-3.9,9.62,5.04,9.62,9.17,41.0
06/02/2026,1630,ABT,86.97,-0.92%,1.47,139.06,81.97,86.21,93.45,116.17,-1.0,0.65,-0.88,"9,832,369",-100135.51,1.202008722E7,1.247334158E7,-40.02,-15.05,-1.07,0.78,114.62,82.15,-82.15,89.09,30.0
06/02/2026,1630,ACHC,24.42,+4.76%,1.3,30.1991,11.43,24.69,25.43,20.73,6.0,0.22,0.28,"2,305,475",-100568.23,2897351.1,2958098.67,-22.54,3.17,-3.52,2.78,30.2,22.22,30.2,-22.07,40.0
06/02/2026,1630,ACHR,6.74,-1.46%,0.35,14.62,4.8,6.36,5.93,7.95,-1.0,1.0,-0.58,"48,422,624",-100187.06,3.79383555E7,3.610704163E7,-10.77,29.37,13.85,-1.03,7.62,5.44,-5.44,7.03,47.0
06/02/2026,1630,ACI,15.59,+0.78%,0.53,22.78,15.36,16.18,16.64,17.56,1.0,-0.05,0.29,"4,300,465",-100131.15,6558190.66,6590563.2,-64.95,-8.35,-7.26,-2.07,18.39,16.14,18.39,18.09,33.0
06/02/2026,1630,ADBE,262.11,-4.35%,10.69,421.48,224.13,249.57,245.29,303.11,3.0,0.85,0.74,"5,753,790",300661.03,5051962.61,5572036.74,77.91,8.59,2.53,8.56,285.61,224.36,-224.36,-232.12,7.0
06/02/2026,1630,ADYEY,10.320,-2.73%,0.33,19.94,9.45,10.82,10.73,14.11,-5.0,-0.77,-0.54,"702,108",100000.15,1635540.54,1739404.58,-88.44,3.61,-2.27,-4.27,12.31,9.41,12.31,-10.13,NaN
06/02/2026,1630,AFK,27.68,+0.73%,0.48,30.85,19.0,27.55,27.11,25.96,8.0,0.54,0.56,"64,325",-200043.54,65430.95,86689.03,-33.51,4.85,2.52,0.14,29.31,24.5,29.31,-26.09,NaN
06/02/2026,1630,AFRM,71.01,-2.61%,3.28,100.0,42.095,67.6,60.12,67.31,-1.0,-0.86,-0.47,"4,702,745",-100679.53,5124846.64,5358182.38,-9.19,55.93,10.25,-2.73,71.16,42.45,-42.45,-60.13,60.0
06/02/2026,1630,AGCO,118.40,+5.69%,1.97,143.78,97.53,115.14,116.56,113.77,1.0,0.28,0.57,"881,006",-100144.2,691863.65,711131.47,40.89,0.56,4.62,3.98,135.62,108.5,-108.5,-108.07,40.0
06/02/2026,1630,AHR,46.38,-1.80%,1.49,54.67,34.03,50.06,49.36,47.4,-5.0,-0.25,-0.17,"1,617,177",-100128.08,2388140.34,2555734.64,-38.11,-2.4,-7.41,-6.23,54.58,47.44,54.58,52.15,45.0
06/02/2026,1630,AIQUY,40.92,-0.73%,0.76,44.415,36.169,41.43,41.99,40.01,-3.0,-0.25,-0.47,"158,110",100000.02,192174.86,194157.44,26.28,-1.85,0.71,-3.51,44.34,38.59,44.34,43.04,38.0
06/02/2026,1630,AKAM,160.32,+4.10%,5.97,165.45,69.78,145.17,120.85,95.38,3.0,0.79,0.33,"4,186,193",100355.09,5871812.38,5573196.74,-36.11,38.51,6.33,12.01,165.13,89.34,165.13,165.13,45.0
06/02/2026,1630,ALB,171.77,+0.37%,8.63,221.0,53.7,184.07,184.93,141.4,7.0,0.0,0.4,"2,621,706",-100466.18,2092214.94,2088164.81,45.23,-3.75,-2.26,-2.58,221.17,155.5,221.17,221.17,40.0
06/02/2026,1630,ALCO,40.53,+0.30%,0.52,45.01,30.89,40.93,41.55,37.65,-3.0,-0.24,-0.44,"18,230",200200.51,23926.51,27107.68,-44.55,-1.65,0.72,-2.83,45.37,37.57,45.37,-40.11,48.0
06/02/2026,1630,ALGN,166.69,-1.81%,5.46,208.305,122.0,165.24,173.81,158.33,-1.0,0.32,-0.7,"901,908",-100247.52,1017598.0,1145346.02,43.01,-3.5,4.98,-3.79,200.29,152.08,-152.08,178.02,40.0
06/02/2026,1630,ALLY,42.17,+0.29%,0.54,47.27,34.71,42.67,42.3,41.54,-2.0,-0.46,-0.43,"2,925,181",-100133.29,3290674.25,3518132.55,4.63,6.03,0.14,-1.47,47.29,36.56,47.29,-41.08,30.0
06/02/2026,1630,ALNY,286.12,-3.22%,5.57,495.55,284.28,295.04,308.1,384.17,-2.0,-0.76,-0.73,"1,042,350",-100042.03,1081988.3,1097813.37,26.17,-12.96,-0.05,-6.21,343.34,284.15,-284.15,306.03,40.0
06/02/2026,1630,AMAT,490.05,+6.96%,19.86,491.51,154.465,436.6,401.93,295.4,2.0,0.86,0.83,"9,274,223",100261.12,6696798.14,6770235.28,-0.48,38.51,18.49,8.98,448.15,317.59,-317.59,-397.09,50.0
06/02/2026,1630,AMBA,78.38,+3.58%,6.11,96.69,48.3,80.73,66.83,72.3,-5.0,-0.72,0.0,"1,854,715",-101376.03,1066603.34,1041422.42,102.98,53.45,-0.63,-14.66,89.06,48.44,96.05,-71.02,60.0
06/02/2026,1630,AMD,521.54,+2.24%,37.87,527.1999,113.28,456.58,340.65,240.91,-2.0,0.95,-0.44,"24,133,083",300369.19,3.924807997E7,3.765160414E7,-38.34,148.1,23.88,0.67,481.06,189.59,-189.59,527.03,43.0
06/02/2026,1630,AMG,310.52,+2.67%,4.6,334.78,178.17,302.29,292.5,275.17,1.0,0.57,0.52,"307,755",0.0,332440.25,346349.73,7.7,13.54,4.54,2.5,318.21,254.41,318.21,313.04,40.0
06/02/2026,1630,AMH,32.08,-0.62%,0.44,37.78,27.215,31.95,30.59,31.64,-1.0,-0.73,-0.27,"2,329,989",100128.03,3109461.42,3234423.12,-62.63,13.88,0.6,0.28,33.17,27.5,-27.5,-30.11,41.0
06/02/2026,1630,AMLP,52.73,+1.03%,0.97,55.22,44.64,53.46,52.9,49.51,1.0,-0.15,0.08,"1,822,711",-100016.43,1588188.47,1586483.28,40.37,1.23,-3.18,0.55,55.08,51.31,55.08,-52.02,NaN
06/02/2026,1630,AMN,30.25,+3.10%,1.47,31.65,14.865,27.5,22.73,19.66,4.0,0.74,0.36,"928,902",200472.16,1000505.15,1030451.12,-42.11,62.98,4.82,8.31,32.15,17.41,32.15,32.15,45.0
06/02/2026,1630,AMPH,18.45,+0.16%,0.69,31.2641,16.645,19.07,20.17,24.67,-2.0,0.61,-0.76,"810,460",100060.08,588457.64,613262.03,-33.55,-8.84,7.27,-4.4,24.17,17.1,-17.1,-17.1,45.0
06/02/2026,1630,AMZN,256.52,-1.81%,4.69,278.56,196.0,267.61,248.74,231.83,-2.0,-0.56,-0.25,"41,377,122",-100334.23,4.474802176E7,4.49547985E7,12.51,21.82,-3.15,-6.38,279.19,199.45,279.19,277.17,41.0
06/02/2026,1630,AN,191.09,+1.10%,4.57,228.9166,176.62,192.6,196.96,205.74,2.0,0.32,0.68,"369,405",-100334.22,390340.07,409863.24,11.84,-3.48,5.03,-1.37,218.21,177.08,-177.08,-177.08,41.0
06/02/2026,1630,AQWA,18.63,+0.93%,0.18,20.92,18.25,18.79,19.13,19.46,1.0,0.3,0.56,"4,361",0.0,10027.78,28516.79,-30.24,-3.04,0.73,-0.29,20.62,18.08,-18.08,-18.08,NaN
06/02/2026,1630,AR,36.26,-1.36%,1.1,45.75,29.1,36.89,38.56,35.22,3.0,0.1,0.64,"4,658,230",0.0,5108851.77,5495521.06,3.35,-11.26,-5.47,1.26,46.44,35.03,46.44,-35.03,40.0
06/02/2026,1630,ARE,52.74,+8.45%,1.95,88.236,39.41,47.42,46.08,58.06,1.0,0.87,0.69,"4,245,595",100851.01,2312490.92,2270935.18,155.41,21.83,12.98,5.35,54.62,39.24,-39.24,-45.11,42.0
06/02/2026,1630,ARGT,97.80,-1.20%,3.91,103.9699,66.49,92.01,91.95,87.48,-1.0,0.79,-0.98,"375,315",100032.23,293687.2,271705.61,284.74,4.92,8.73,1.82,97.38,85.6,-85.6,-86.11,NaN
06/02/2026,1630,ARHS,6.53,-1.21%,0.38,12.63,5.57,6.41,6.8,9.13,-2.0,0.53,-0.66,"648,388",-100165.12,1368647.79,1390017.54,-66.97,-0.15,11.24,-4.81,8.29,6.08,-6.08,-6.08,45.0
06/02/2026,1630,ARKK,79.91,-1.66%,2.48,92.65,55.64,77.95,74.83,78.04,-1.0,0.83,-0.63,"5,793,752",100150.5,8952108.5,9564026.49,-41.71,16.83,7.25,-1.36,81.15,63.44,-63.44,82.02,NaN
06/02/2026,1630,ARQQ,16.27,-4.07%,1.8,62.0,11.52,15.12,14.42,25.21,-3.0,-1.0,-0.6,"628,476",200526.07,472606.58,410067.43,24.28,19.72,27.71,-3.78,19.06,12.44,19.06,19.06,131.0
06/02/2026,1630,AS,35.41,-1.14%,1.35,42.76,28.92,35.01,34.75,35.64,-4.0,-0.58,-0.66,"3,212,074",-200151.1,4382351.06,4750783.09,-21.22,4.58,6.82,-1.75,38.31,31.5,38.31,38.04,53.0
06/02/2026,1630,ASBFF,25.76,0.00%,2.36,31.08,23.18,27.04,28.05,25.16,1.0,0.29,0.37,<empty>,NaN,2186.16,2774.45,-72.45,-11.17,-3.38,6.01,31.09,23.04,-23.04,-23.04,NaN
06/02/2026,1630,ASO,51.38,-2.30%,1.67,62.445,40.37,52.05,54.44,52.99,-3.0,-0.31,-0.63,"1,048,022",-200851.54,1301116.45,1447724.66,-26.09,-10.94,2.8,-6.79,62.58,48.09,-48.09,56.03,5.0
06/02/2026,1630,ATRO,85.61,+0.60%,3.0,90.65,27.2701,81.06,75.26,60.98,-3.0,-0.67,-0.66,"316,812",101060.14,514302.88,562753.67,-65.63,21.05,6.55,-2.9,86.08,61.44,-61.44,91.03,41.0
06/02/2026,1630,AVB,183.38,+0.28%,1.62,209.86,160.095,184.92,176.44,180.64,-4.0,-0.67,-0.21,"768,937",-200121.08,1030155.72,1029676.02,-9.02,11.21,-1.01,-0.78,188.14,160.43,188.04,188.04,40.0
06/02/2026,1630,AVGO,481.57,+4.70%,19.56,488.82,241.11,428.09,391.92,353.91,6.0,0.71,0.67,"37,297,338",100363.03,2.170903296E7,2.415707308E7,96.26,53.62,14.47,12.89,442.12,290.44,-290.44,-405.13,1.0
06/02/2026,1630,AVO,10.78,-1.01%,0.55,15.53,10.08,12.18,13.24,12.74,1.0,0.0,0.31,"1,703,297",-400260.03,1041708.69,1019841.21,99.47,-22.28,-12.29,-4.18,16.38,11.03,16.38,14.15,4.0
06/02/2026,1630,AVTR,8.99,-2.18%,0.58,15.93,7.265,8.24,8.08,10.73,-1.0,0.99,-0.98,"10,129,964",100357.09,9471112.69,9776678.24,3.83,15.7,18.29,-1.75,9.62,7.45,-7.45,9.02,41.0
06/02/2026,1630,AWI,152.84,-1.50%,2.4,206.0799,149.06,158.89,166.25,183.94,-3.0,-0.37,-0.57,"698,647",100132.25,425348.96,493244.78,59.12,-7.78,-3.2,-4.68,183.29,152.09,-152.09,-152.09,38.0
06/02/2026,1630,AXP,310.97,-0.82%,2.09,387.49,286.15,313.36,314.0,337.11,-1.0,-0.62,-0.45,"2,111,885",100039.51,3127345.02,3356498.19,-7.19,3.16,-0.41,-1.32,340.31,291.5,340.31,-303.08,36.0
06/02/2026,1630,AZO,3029.36,+0.28%,183.25,4388.11,2928.11,3306.8,3415.09,3709.84,2.0,0.0,0.11,"197,801",-100237.03,245412.9,225704.59,-45.05,-11.59,-9.99,0.74,3785.61,2945.03,3785.61,3561.16,77.0
06/02/2026,1630,B,43.20,+2.08%,1.33,54.69,19.57,42.14,41.27,39.69,6.0,0.58,0.63,"13,773,114",100647.16,1.26606039E7,1.318837563E7,1.45,2.37,6.4,3.62,48.15,36.5,48.15,-39.09,48.0
06/02/2026,1630,BA,217.70,-2.94%,6.51,254.3499,176.77,226.48,220.17,219.39,-2.0,-0.46,-0.36,"7,560,753",-100639.13,6698535.41,7075455.83,7.38,5.01,-1.32,-4.84,244.12,188.44,244.12,-214.09,38.0
06/02/2026,1630,BABA,130.82,+4.32%,5.75,192.67,103.71,133.75,131.25,149.66,2.0,0.46,0.32,"15,203,226",201052.14,1.101646666E7,1.164487956E7,-5.74,5.73,-1.83,3.69,147.13,118.39,147.13,-123.02,60.0
06/02/2026,1630,BAC,52.48,+1.88%,0.83,57.55,43.6649,51.36,51.39,51.89,3.0,0.57,0.51,"41,977,801",100043.51,3.539760148E7,3.795087963E7,25.24,6.52,3.53,3.37,55.33,46.51,55.33,-49.11,28.0
06/02/2026,1630,BALL,53.75,+0.09%,1.03,68.29,44.83,56.43,59.35,55.21,-3.0,-0.02,-0.43,"2,592,293",-100230.03,2674638.34,2529408.86,19.04,-10.97,-3.67,-4.43,66.62,55.09,66.62,60.16,43.0
06/02/2026,1630,BBN,16.03,+0.38%,0.18,17.45,15.47,15.9,16.02,16.45,9.0,0.55,0.84,"124,076",-100100.19,188302.44,193886.46,-30.35,-0.74,2.69,0.31,17.62,15.09,-15.09,-15.09,NaN
06/02/2026,1630,BBWI,18.72,+0.48%,1.27,33.96,14.275,18.39,18.63,22.21,-2.0,0.59,-0.72,"5,401,347",-200063.05,6374011.59,6294525.68,-10.84,-3.16,15.48,-8.06,24.62,16.08,-16.08,21.04,59.0
06/02/2026,1630,BBY,72.78,-2.93%,7.44,84.99,55.1,62.32,62.52,69.79,-1.0,1.0,-0.92,"4,533,356",300542.03,4222493.5,4558918.79,61.86,13.17,25.74,-2.62,68.62,55.13,-55.13,78.02,59.0
06/02/2026,1630,BCO,102.97,-0.05%,1.56,136.37,81.97,105.41,105.94,114.34,-3.0,-0.64,-0.53,"413,805",0.0,460369.89,496821.98,-47.89,-0.4,-1.91,-3.84,128.62,96.5,-96.5,-99.13,44.0
06/02/2026,1630,BDRY,12.94,-0.73%,0.3,13.34,5.16,12.73,11.59,9.8,-1.0,-0.7,-0.48,"194,809",0.0,96131.4,165573.72,57.49,25.33,0.7,-1.6,13.14,10.44,13.14,13.14,NaN
06/02/2026,1630,BEAM,28.96,-7.00%,2.18,36.44,15.6,30.09,28.53,26.15,-2.0,-0.56,-0.53,"1,748,344",-201095.27,2128188.75,2071306.03,21.53,19.57,8.02,-11.71,34.15,22.44,34.15,-26.09,43.0
06/02/2026,1630,BEPC,39.37,+1.16%,1.35,45.18,29.058,37.66,39.22,39.15,-2.0,0.59,-0.93,"1,834,248",-200342.22,1539141.53,1521431.07,22.98,-2.57,8.28,-1.23,44.32,34.2,-34.2,40.03,41.0
06/02/2026,1630,BIDU,136.72,+3.26%,5.98,165.3,83.26,136.27,125.22,126.06,5.0,0.54,0.4,"2,346,170",-100260.12,2322856.81,2360351.77,-24.75,22.18,-0.72,3.54,152.13,106.44,152.13,-125.05,53.0
06/02/2026,1630,BIO,306.13,+0.22%,23.79,343.12,211.43,276.01,279.14,293.69,-3.0,1.0,-0.84,"405,372",100339.11,391574.12,367359.71,45.98,9.98,8.63,-3.8,313.29,237.13,-237.13,320.03,41.0
06/02/2026,1630,BIP,38.81,-0.18%,0.51,40.32,29.63,38.34,36.98,35.3,-7.0,-0.76,-0.5,"611,349",-100328.24,919507.81,980028.42,-24.45,6.77,0.52,-1.9,40.07,33.23,40.07,40.07,40.0
06/02/2026,1630,BIRK,43.41,-3.32%,5.34,57.2,31.12,38.68,38.02,41.47,-2.0,1.0,-0.92,"2,509,826",100850.08,2490749.02,2455947.78,5.05,21.56,35.15,-1.5,43.29,31.11,-31.11,46.02,50.0
06/02/2026,1630,BITO,9.17,-5.85%,0.48,23.49,8.61,10.57,10.25,13.65,-15.0,-0.61,-0.27,"240,750,562",-100249.01,1.2106171922E8,1.2261312314E8,95.63,-2.03,-12.58,-8.39,11.15,9.45,11.15,11.15,NaN
06/02/2026,1630,BJ,88.56,+0.59%,5.04,115.43,83.65,91.63,93.63,94.45,3.0,0.04,0.29,"2,962,032",-200232.05,2150992.4,2175804.97,77.22,-6.39,-8.73,2.98,102.62,84.04,-84.04,-84.04,54.0
06/02/2026,1630,BJRI,44.35,-5.07%,1.9,47.9899,28.46,43.2,39.62,37.41,-2.0,-0.96,-0.69,"321,693",100943.19,349395.18,374650.79,12.27,24.44,4.01,-4.62,45.06,33.55,-33.55,48.02,41.0
06/02/2026,1630,BKNG,167.21,-1.21%,6.01,233.576544,150.14,162.39,170.26,194.16,-1.0,0.68,-0.77,"6,723,868",0.0,7574402.36,7951992.42,-2.45,-0.1,7.83,-1.54,194.29,150.08,-150.08,-150.08,40.0
06/02/2026,1630,BKV,26.75,+0.72%,1.05,32.81,19.56,28.23,28.52,26.55,2.0,-0.01,0.19,"749,611",-100056.51,912727.27,1015955.15,33.54,-1.8,-7.02,0.45,32.19,26.33,32.19,-26.02,49.0
06/02/2026,1630,BLDR,75.37,-0.33%,2.94,151.03,65.1,74.35,80.28,107.26,-2.0,0.45,-0.62,"1,718,447",-300068.03,2553245.63,2637120.27,-45.18,-6.92,7.4,-1.76,99.61,65.08,-65.08,-65.08,40.0
06/02/2026,1630,BLK,1018.96,-0.17%,25.34,1219.9399,917.39,1066.01,1033.52,1076.19,-4.0,-0.63,-0.22,"717,917",0.0,684021.85,782630.6,48.19,6.43,-6.16,-2.63,1111.12,917.56,1111.12,1111.12,29.0
06/02/2026,1630,BLMN,7.81,-4.05%,0.26,10.7,5.19,7.94,6.75,6.81,-2.0,-0.77,-0.33,"1,443,452",101578.19,2491745.58,2868796.61,-46.84,42.52,2.09,-6.13,9.15,5.44,-5.44,9.02,44.0
06/02/2026,1630,BLOK,67.89,-1.22%,2.44,75.89,46.9,64.72,59.25,60.81,-1.0,0.94,-0.63,"216,809",-100043.06,314636.95,316518.6,-58.31,35.92,10.62,1.21,66.12,47.44,-47.44,-60.09,NaN
06/02/2026,1630,BNDD,98.4878,+0.16%,0.72,102.28,94.64,97.56,97.88,98.23,2.0,0.68,0.6,13,-100020.29,294.25,309.28,107.68,0.33,2.01,0.29,100.59,96.09,-96.09,-96.09,NaN
06/02/2026,1630,BNO,52.89,+0.76%,2.55,60.81,27.14,54.72,52.83,36.81,2.0,-0.04,0.19,"1,645,919",-300395.5,5529328.27,6459201.12,-38.19,5.09,-8.26,3.04,61.2,38.62,61.2,-50.02,NaN
06/02/2026,1630,BOOT,171.89,+1.21%,11.91,210.25,133.1797,157.18,157.77,177.22,10.0,0.8,0.97,"619,654",-200849.12,760655.66,736932.97,-59.69,19.78,21.83,0.66,190.62,133.41,-133.41,-138.09,41.0
06/02/2026,1630,BP,43.40,+1.07%,1.42,48.27,28.825,43.99,45.36,38.44,2.0,0.03,0.29,"7,402,732",-200239.43,1.26772094E7,1.39547682E7,61.11,-6.0,-5.01,4.35,48.43,38.62,48.43,-41.03,43.0
06/02/2026,1630,BRBR,9.04,-0.22%,0.33,63.52,8.1,9.34,13.44,25.05,15.0,0.31,0.71,"4,630,220",100988.19,4485747.65,4319906.83,22.12,-42.2,-2.38,4.39,19.53,8.03,19.53,11.17,42.0
06/02/2026,1630,BRCB,7.32,-8.96%,0.68,30.4,6.13,8.61,11.53,NaN,-1.0,0.33,-0.61,"981,112",-200780.13,598427.66,630493.5,180.35,-44.29,5.93,-13.88,18.53,6.07,-6.07,-6.07,48.0
06/02/2026,1630,BRKR,57.31,-1.93%,5.97,58.98,28.53,46.6,40.93,40.49,-1.0,1.0,-0.98,"2,535,956",200862.03,2303017.42,2282933.05,32.27,58.84,34.06,5.37,46.06,32.54,-32.54,59.02,43.0
06/02/2026,1630,BROS,57.86,-1.75%,3.04,77.88,44.58,54.03,53.62,56.64,-1.0,0.76,-0.89,"2,490,743",-100158.18,4172889.09,4100009.95,-49.9,14.44,9.71,2.3,60.18,45.45,60.18,-48.13,44.0
06/02/2026,1630,BTAL,11.48,-1.46%,0.35,19.0999,11.44,12.01,12.71,14.36,-8.0,-0.28,-0.44,"457,084",-300160.29,880088.9,958887.83,-35.49,-16.87,-8.01,-0.99,15.59,12.03,15.59,13.09,NaN
06/02/2026,1630,BTC,29.72,-5.98%,1.54,55.96,27.545,34.21,33.11,39.72,-15.0,-0.58,-0.32,"2,896,684",0.0,2206444.72,2736288.74,180.95,-1.46,-12.51,-8.33,36.15,29.45,36.15,36.15,NaN
06/02/2026,1630,BTC-USD,-83.81,+9.18%,7.06,18.685,-86.46,-62.96,-43.77,-18.65,-6.0,-0.03,-0.26,"839,888",-100367.09,972445.92,931956.44,-18.54,325.0,44.1,21.34,-11.56,-70.96,-12.0,-50.0,NaN
06/02/2026,1630,BTI,60.46,-0.89%,1.95,67.3,45.48,63.02,59.94,57.39,-10.0,-0.53,0.0,"4,104,520",100330.15,4009958.47,4353616.66,-45.03,4.44,-8.88,-3.91,67.12,55.29,67.12,67.12,40.0
06/02/2026,1630,BUD,80.58,+0.70%,1.29,84.46,56.97,81.28,76.08,68.17,-4.0,-0.64,-0.35,"1,679,596",100127.2,1838890.9,1940919.97,34.38,13.86,-0.91,-1.71,84.06,67.5,84.04,84.04,40.0
06/02/2026,1630,BULL,6.21,-5.91%,0.39,18.32,4.5,6.81,6.27,8.84,-1.0,-0.5,-0.14,"9,720,164",-200593.08,1.364847478E7,1.355030018E7,22.27,31.01,-12.04,-1.9,8.29,5.41,8.29,-6.03,50.0
06/02/2026,1630,BURL,321.07,+2.25%,15.22,351.85,218.52,306.67,319.99,293.1,1.0,0.53,0.84,"967,302",300841.03,799475.93,859648.06,17.88,-2.95,10.57,6.84,352.3,280.03,352.3,-280.03,59.0
06/02/2026,1630,BUXX,20.21,-0.05%,0.02,20.46,20.18,20.24,20.25,20.29,-4.0,-0.3,-0.45,"269,174",-100000.49,386819.11,402562.94,-16.71,-0.1,-0.15,0.05,20.48,20.44,-20.44,-20.03,NaN
06/02/2026,1630,BXP,61.21,+3.52%,0.87,79.33,49.72,59.61,56.88,65.2,1.0,0.91,0.35,"1,310,634",0.0,1746481.52,1948103.74,11.17,19.97,2.15,0.96,61.12,50.59,61.04,61.04,39.0
06/02/2026,1630,BYD,84.96,-2.16%,2.47,89.96,72.71,82.01,83.89,83.66,9.0,0.52,1.0,"1,307,581",100230.27,959031.74,986389.59,40.18,0.77,7.42,2.1,89.27,77.59,89.27,-77.08,36.0
06/02/2026,1630,BYDDF,12.230,+4.09%,0.41,18.95,11.2,12.24,13.01,13.0,7.0,0.1,0.63,"231,446",-200100.09,201938.36,214094.78,7.27,-8.8,1.33,5.98,15.35,11.08,-11.08,-11.08,NaN
06/02/2026,1630,C,131.26,+1.68%,2.61,135.29,75.44,125.78,124.0,110.76,9.0,0.42,0.53,"13,582,039",-100048.51,1.197171763E7,1.283194778E7,36.68,13.84,7.23,5.28,135.29,102.59,135.29,-120.09,28.0
06/02/2026,1630,CACC,541.94,-3.51%,10.79,579.795,401.9,544.3,503.91,482.71,-2.0,-0.89,-0.3,"185,845",0.0,145047.99,175047.8,-1.4,29.16,-2.43,-3.3,565.18,405.42,-405.42,580.02,41.0
06/02/2026,1630,CAG,12.86,-1.91%,0.33,22.81,12.76,13.66,14.41,17.15,-2.0,-0.32,-0.57,"15,818,222",-500437.36,1.47936656E7,1.509521407E7,24.77,-17.14,-6.74,-3.89,19.59,13.07,19.59,14.17,25.0
06/02/2026,1630,CAH,194.88,-0.14%,3.85,233.6,137.75,194.3,202.52,193.32,-6.0,-0.52,-0.73,"1,626,241",200030.12,2013499.63,2021497.5,-29.97,-8.08,-2.45,-2.49,226.62,180.13,-180.13,204.09,53.0
06/02/2026,1630,CAKE,64.49,-2.11%,3.06,69.7,43.07,61.54,60.07,56.69,-1.0,0.67,-0.85,"1,146,444",-100339.23,1128868.72,1190246.13,48.0,16.62,8.02,0.36,65.22,53.45,-53.45,67.02,39.0
06/02/2026,1630,CAMT,187.52,+14.98%,8.78,215.99,65.57,176.24,175.8,134.66,1.0,0.23,0.76,"1,359,818",100479.01,479514.58,472987.07,-2.97,18.16,20.41,7.29,216.15,141.43,216.15,-148.09,49.0
06/02/2026,1630,CANE,9.78,+0.20%,0.22,11.31,8.97,9.92,9.85,9.83,2.0,0.33,0.43,"265,146",100142.21,768126.91,680727.82,-29.35,-4.86,-1.51,3.27,11.46,9.31,-9.31,-9.03,NaN
06/02/2026,1630,CARR,66.42,+2.01%,1.42,81.09,50.24,64.9,62.04,59.48,7.0,0.46,0.44,"8,132,920",100542.23,6829845.68,6890551.62,108.12,16.73,2.96,4.09,69.22,54.44,-54.44,-61.07,38.0
06/02/2026,1630,CASY,754.21,+1.16%,44.75,901.0,433.16,832.29,786.41,631.04,1.0,0.0,0.02,"420,710",100129.39,622910.27,597546.27,-11.44,2.31,-11.88,-3.43,901.12,627.59,901.12,901.12,5.0
06/02/2026,1630,CAT,909.81,+5.14%,19.63,931.35,344.9182,893.71,822.74,640.3,1.0,0.45,0.34,"2,811,143",-100141.03,2454461.99,2550041.73,19.68,24.58,5.31,2.49,931.17,663.59,931.17,-846.09,43.0
06/02/2026,1630,CAVA,72.44,-2.99%,3.04,98.79,43.41,79.59,84.29,68.79,-4.0,-0.03,-0.46,"2,097,072",-100759.09,3024360.23,3028846.28,-41.06,-9.61,-9.33,-7.37,99.29,72.13,99.29,89.08,56.0
06/02/2026,1630,CBRL,34.17,-2.54%,2.25,71.93,24.85,31.52,30.1,34.4,-1.0,0.88,-0.56,"919,087",0.0,1024864.11,1091075.87,-1.04,19.73,16.54,-0.15,35.61,26.45,36.04,36.04,5.0
06/02/2026,1630,CCK,95.74,+1.27%,1.55,116.62,89.21,98.0,100.82,100.97,1.0,0.19,0.55,"966,649",-100134.25,1121485.39,1135096.59,-27.96,-7.78,-1.46,-1.78,113.62,94.08,113.62,102.16,33.0
06/02/2026,1630,CCL,27.64,+0.47%,1.35,34.03,22.1119,26.23,26.49,28.51,-2.0,0.7,-0.75,"17,672,360",100058.2,2.85045347E7,2.930082262E7,-42.57,3.99,10.96,-1.07,30.31,23.08,-23.08,28.02,15.0
06/02/2026,1630,CCRN,13.09,0.00%,0.02,14.99,7.43,12.83,11.02,10.81,-14.0,-0.86,-0.3,"243,587",-100156.08,664955.16,687322.94,-82.9,40.45,-0.08,0.0,13.16,9.52,13.16,13.16,44.0
06/02/2026,1630,CELH,30.54,-1.10%,1.54,66.74,27.66,30.81,33.1,46.82,-2.0,0.44,-0.73,"8,351,441",-100171.16,8878227.0,8204712.93,-19.57,-11.04,4.13,-8.07,48.62,28.13,-28.13,-28.13,47.0
06/02/2026,1630,CF,113.48,+0.16%,4.95,141.96,75.415,121.05,123.46,97.53,1.0,0.0,0.23,"1,690,815",-100164.51,3707956.91,4689499.59,-53.4,-11.33,-9.38,-2.59,142.44,100.62,142.44,-111.02,44.0
06/02/2026,1630,CFG,62.31,+2.52%,0.98,68.79,39.695,62.5,62.67,57.81,1.0,0.4,0.44,"5,727,725",100233.03,4385050.15,4615871.26,39.01,2.87,1.88,-0.16,67.29,55.55,67.29,-60.11,30.0
06/02/2026,1630,CFLT,30.99,0.00%,0.09,31.0,15.64,30.72,30.56,24.82,1.0,0.14,0.28,<empty>,-300008.27,1.344598214E7,1.260758761E7,68.88,1.87,0.94,0.91,31.08,30.57,-30.57,-31.11,32.0
06/02/2026,1630,CFRUY,21.2250,+0.21%,0.66,22.15,15.58,20.2,19.29,19.6,-2.0,1.0,-0.64,"384,187",-100100.57,521670.1,570078.91,13.51,18.05,7.41,0.4,21.31,16.5,-16.5,22.02,113.0
06/02/2026,1630,CG,44.49,-1.35%,1.61,69.848,44.23,47.39,48.22,55.8,7.0,-0.32,0.35,"2,523,735",-100247.18,3228790.79,3311146.41,-11.83,-6.14,-4.53,-1.33,54.29,44.07,-44.07,-44.07,44.0
06/02/2026,1630,CHD,96.14,+0.88%,1.04,106.04,81.33,95.19,94.85,91.77,-3.0,-0.4,-0.63,"2,234,812",-200227.03,1996954.15,2053803.77,-13.48,3.54,-0.66,-1.53,103.62,90.15,-90.15,99.04,41.0
06/02/2026,1630,CHDN,87.58,-2.44%,1.58,118.455,80.24,87.33,89.93,97.59,5.0,0.39,0.67,"532,267",200238.27,961093.93,1005353.85,-42.65,-1.72,-0.4,-0.96,103.26,80.59,103.26,-81.05,40.0
06/02/2026,1630,CHEF,77.68,+0.92%,1.57,82.8112,53.2,78.77,70.23,64.33,2.0,-0.52,0.13,"320,553",101441.24,463940.1,472445.78,-35.52,32.63,-2.6,-0.3,83.16,57.41,83.16,-75.07,39.0
06/02/2026,1630,CHH,110.47,-0.93%,3.19,136.45,84.035,108.7,109.34,104.37,-4.0,-0.49,-0.66,"819,455",100138.22,628932.81,627224.95,36.14,7.38,3.58,-2.55,124.29,94.57,124.29,118.04,44.0
06/02/2026,1630,CHPT,8.17,+3.55%,0.66,17.78,4.44,6.84,6.21,8.02,2.0,1.0,0.63,"656,857",100597.35,523163.48,515780.21,81.45,70.92,27.86,4.74,7.28,4.44,-4.44,-6.08,1.0
06/02/2026,1630,CHRD,137.99,-0.01%,5.69,151.945,84.245,141.21,139.14,109.49,2.0,-0.04,0.31,"543,623",200347.39,849158.17,1008702.35,-18.55,0.75,-7.74,3.06,152.1,110.62,152.1,-130.02,44.0
06/02/2026,1630,CHTR,140.27,-1.63%,2.7,422.29,136.63,147.23,186.2,219.59,-2.0,0.25,-0.73,"2,542,790",100450.23,2948069.75,2641316.14,-0.15,-35.14,-0.67,-4.75,254.27,137.11,-137.11,-137.11,36.0
06/02/2026,1630,CHWY,21.47,-3.64%,0.79,48.62,19.3,21.89,24.44,31.13,-1.0,0.48,-0.79,"8,454,355",-100977.1,8732937.78,8609127.63,-5.92,-19.35,-0.74,0.42,29.29,19.08,-19.08,-19.08,6.0
06/02/2026,1630,CI,272.72,-0.54%,7.29,338.8899,239.51,285.14,278.89,282.14,-3.0,-0.4,-0.21,"1,285,953",-100036.51,1602136.59,1677513.26,-43.88,2.02,-4.87,-4.08,303.13,258.44,303.13,303.13,40.0
06/02/2026,1630,CLOX,25.51,+0.05%,0.03,25.71,25.35,25.56,25.55,25.54,-1.0,-0.76,-0.41,"101,531",-300000.5,156480.88,193835.82,13.56,-0.27,-0.18,-0.31,26.22,25.56,26.22,26.03,NaN
06/02/2026,1630,CLOZ,26.36,-0.10%,0.05,26.9499,25.23,26.43,26.13,26.43,-1.0,-0.82,-0.49,"494,425",100100.02,316963.69,375957.62,-23.18,2.25,-0.38,-0.58,27.06,25.62,-25.62,-26.16,NaN
06/02/2026,1630,CLX,89.63,+0.61%,2.6,132.03,84.7,92.01,97.34,109.58,-4.0,-0.36,-0.62,"2,493,927",-200134.21,2904539.54,2763906.18,-3.69,-14.02,-3.44,-6.83,121.62,85.19,-85.19,99.04,41.0
06/02/2026,1630,CMCSA,24.85,-0.80%,0.15,34.3580131208997,24.1330834114339,25.23,27.12,28.39,-1.0,0.18,-0.59,"21,974,792",100040.51,2.962337692E7,3.252715119E7,-34.77,-11.41,-0.32,-1.23,32.61,25.13,-25.13,-25.13,40.0
06/02/2026,1630,CMG,29.26,-4.22%,1.09,58.42,29.1,32.34,33.11,36.55,-4.0,-0.28,-0.23,"25,556,865",-300542.02,1.629892227E7,1.660410736E7,90.0,-10.33,-13.3,-9.75,37.61,31.44,37.61,34.09,40.0
06/02/2026,1630,CMI,672.67,+4.53%,23.55,718.08,307.905,676.82,631.19,526.34,1.0,0.38,0.22,"937,782",-300339.03,874796.4,877117.19,0.66,22.28,-0.77,0.6,718.17,510.44,718.17,-628.06,43.0
06/02/2026,1630,CNA,42.24,+0.81%,0.91,50.72,41.53,43.4,45.56,46.6,1.0,-0.08,0.51,"526,318",-100846.21,457004.69,472925.28,-9.63,-7.61,-4.91,-0.26,49.62,42.03,49.62,45.09,42.0
06/02/2026,1630,CNC,59.99,-3.24%,1.1,62.095,25.075,57.99,46.76,40.01,-1.0,-0.78,-0.23,"3,794,612",200750.24,6173401.19,6419126.5,-59.75,76.7,3.02,1.83,61.08,32.44,-32.44,-54.16,38.0
06/02/2026,1630,CNH,10.95,+11.17%,0.28,14.27,9.0,10.51,10.65,10.74,1.0,0.33,0.69,"17,818,381",100449.23,1.637400163E7,1.573131553E7,-24.13,-0.64,4.29,4.68,12.62,10.51,12.62,-10.01,40.0
06/02/2026,1630,CNX,33.32,-0.42%,1.3,43.62,27.72,35.51,37.66,36.15,1.0,0.0,0.37,"2,214,222",-100043.51,1887923.78,2025088.94,13.76,-13.3,-8.86,-1.8,44.6,34.03,44.6,38.09,35.0
06/02/2026,1630,COAL,27.97,+0.07%,1.22,29.1,16.5903,25.73,26.15,24.12,2.0,0.55,1.0,"30,602",-200246.33,182998.66,173423.87,-8.73,1.82,12.53,2.53,29.44,25.08,-25.08,-25.08,NaN
06/02/2026,1630,COCO,74.45,-0.73%,1.56,79.7,31.79,74.92,61.09,51.21,-20.0,-0.71,-0.01,"581,759",-100262.23,1517498.17,1408917.82,-71.04,53.22,-6.03,-3.79,80.1,45.43,80.1,80.1,39.0
06/02/2026,1630,COF,183.84,-0.39%,2.12,259.635,174.98,186.84,189.49,211.62,-2.0,-0.48,-0.53,"3,862,845",100136.03,4460467.64,4748952.98,-30.28,-0.36,-1.78,-1.7,211.31,175.45,211.31,-180.08,34.0
06/02/2026,1630,COIN,173.99,-4.72%,10.07,444.645,139.36,192.89,188.48,246.95,-1.0,-0.7,-0.3,"9,140,682",0.0,1.012700802E7,1.071327861E7,-3.93,0.58,-8.16,-4.53,222.12,158.44,222.12,-169.03,41.0
06/02/2026,1630,COM,34.06,-0.06%,0.43,35.62,27.4615,34.55,33.97,30.94,2.0,0.0,0.05,"91,453",200018.43,196761.67,211632.26,-37.77,2.13,-2.63,-0.44,36.13,32.62,36.13,-34.04,NaN
06/02/2026,1630,COP,116.87,+1.12%,3.55,135.87,85.231,118.47,122.66,103.99,2.0,0.01,0.55,"5,686,943",100039.51,8299681.71,9276242.35,-17.28,-8.97,-6.16,1.63,136.44,112.31,-112.31,-113.02,45.0
06/02/2026,1630,COPJ,47.40,+3.38%,2.02,53.945,22.6445,43.68,41.86,38.73,6.0,0.62,0.71,"112,184",0.0,111110.1,129680.64,-52.86,19.22,12.67,5.83,48.13,34.5,48.13,-40.09,NaN
06/02/2026,1630,COPX,93.66,+4.00%,4.08,99.99,41.45,85.84,82.12,72.0,7.0,0.65,0.73,"4,006,574",100454.15,4061618.81,4345517.77,-61.91,19.85,14.43,5.9,93.13,68.5,-68.5,-78.09,NaN
06/02/2026,1630,CORN,17.71,-1.06%,0.35,19.13,16.61,18.41,18.35,17.86,-3.0,-0.1,-0.06,"579,127",-200124.37,965745.37,1011942.87,-5.26,-2.59,-5.5,-2.75,19.13,18.36,19.13,19.13,NaN
06/02/2026,1630,COST,954.27,+0.86%,45.55,1096.5,844.06,1017.98,1006.49,957.15,-9.0,-0.12,0.0,"2,197,113",-200325.03,2019371.17,1975291.77,2.51,-4.24,-11.35,-4.11,1097.09,960.6,1097.09,1097.09,79.0
06/02/2026,1630,CP,90.15,+1.66%,1.96,91.46,68.421,86.99,83.85,77.88,1.0,0.62,0.6,"2,147,150",100027.04,3011664.29,2858094.85,-18.01,15.55,4.56,-0.5,88.62,76.43,-76.43,91.02,40.0
06/02/2026,1630,CPAY,359.82,-1.18%,10.98,367.434,252.84,340.26,320.82,310.41,-1.0,1.0,-0.64,"502,727",0.0,541694.44,591240.52,-12.96,24.26,3.25,2.11,355.09,281.5,-281.5,-301.17,44.0
06/02/2026,1630,CPER,40.60,+1.60%,0.83,40.78,27.08,38.79,36.86,33.72,2.0,0.8,0.53,"621,290",-100035.12,752989.05,819568.32,-61.9,18.23,5.73,3.94,41.13,32.5,41.13,41.13,NaN
06/02/2026,1630,CPNG,16.73,+0.66%,0.46,34.075,15.03,16.5,18.53,23.97,14.0,0.42,0.82,"20,121,317",-100247.19,2.10531755E7,2.16427542E7,-10.77,-11.58,6.56,3.27,22.31,15.08,-15.08,-15.08,43.0
06/02/2026,1630,CPRI,18.28,-0.65%,0.69,28.265,16.22,18.15,18.83,21.27,-3.0,-0.45,-0.72,"3,478,960",-100556.03,3035557.66,3025423.66,37.36,1.73,4.22,-7.4,22.29,17.44,22.29,20.03,44.0
06/02/2026,1630,CPT,106.10,+0.02%,1.53,119.0,96.53,105.58,102.97,105.32,-4.0,-0.84,-0.54,"1,117,268",-300026.18,1201218.19,1146963.72,47.78,7.97,1.42,-1.78,109.61,97.45,109.04,109.04,41.0
06/02/2026,1630,CRCL,100.85,-3.92%,7.08,298.99,49.9,113.93,104.95,102.38,-2.0,-0.31,-0.31,"14,435,454",101206.16,1.569472762E7,1.675621502E7,-51.07,11.14,-9.46,-6.83,140.14,84.41,140.14,-98.03,48.0
06/02/2026,1630,CRI,39.80,+3.67%,2.23,44.44,23.3805,36.31,36.17,33.48,1.0,0.64,0.9,"985,898",-100252.51,1068692.76,1127830.41,11.38,11.83,12.08,-0.8,41.29,32.59,-32.59,41.03,36.0
06/02/2026,1630,CRM,200.84,-4.18%,11.49,276.8,163.52,181.09,181.21,220.97,3.0,0.9,0.9,"18,553,156",200553.02,1.407984008E7,1.39876415E7,81.64,7.84,11.9,14.0,205.56,164.36,-164.36,-164.12,63.0
06/02/2026,1630,CRSP,52.02,-4.00%,2.75,78.48,36.075,52.1,51.73,55.67,-2.0,-0.66,-0.66,"1,366,989",-200465.58,1680458.64,1907326.47,40.39,6.58,7.13,-7.73,61.62,44.44,-44.44,57.03,47.0
06/02/2026,1630,CRWD,768.95,-1.69%,63.39,785.66,342.72,613.53,496.79,473.71,3.0,1.0,0.99,"4,077,781",-200456.37,3375437.86,3608251.67,15.02,95.51,24.26,14.6,675.06,362.45,-362.45,-486.17,1.0
06/02/2026,1630,CSCO,128.00,+5.50%,5.43,128.22,63.72,111.1,95.02,79.4,1.0,1.0,0.36,"26,319,020",-100243.13,2.292382187E7,2.344826705E7,-8.65,64.25,7.67,7.89,121.06,75.59,-75.59,-92.17,49.0
06/02/2026,1630,CSX,46.14,+0.61%,0.6,47.175,31.15,45.58,43.74,38.32,1.0,-0.58,0.45,"10,655,809",-200129.03,1.281573758E7,1.292839388E7,-51.38,11.34,-0.13,0.72,47.08,38.5,47.04,47.04,40.0
06/02/2026,1630,CTA,29.74,+0.54%,1.19,32.76,26.36,30.86,30.42,28.66,2.0,0.0,0.15,"502,027",200033.42,775114.95,805603.96,-43.54,0.92,-7.44,2.09,33.1,28.31,33.1,-29.02,NaN
06/02/2026,1630,CUBE,39.43,+0.25%,0.56,44.13,35.09,39.84,38.97,38.82,-3.0,-0.57,-0.43,"1,784,902",-200031.54,2124727.98,2246395.84,-19.59,7.94,1.28,-2.74,41.62,36.47,-36.47,-38.09,41.0
06/02/2026,1630,CURB,29.01,+1.19%,0.59,29.48,21.62,28.19,27.49,24.84,-2.0,0.51,-0.73,"683,199",0.0,724703.07,750464.25,12.65,11.71,4.62,-0.51,29.24,25.5,-25.5,29.03,38.0
06/02/2026,1630,CVNA,65.60,-7.61%,3.27,97.378,54.464,71.07,70.96,73.81,-1.0,-0.37,-0.41,"13,382,571",0.0,1.284326203E7,1.31165664E7,69.68,5.1,-0.64,-10.74,84.22,54.44,84.22,-61.08,40.0
06/02/2026,1630,CVS,89.50,-1.24%,2.5,98.43,58.5,92.04,82.75,78.63,-13.0,-0.59,0.0,"5,648,723",100230.19,7848059.89,7865745.76,-55.88,23.47,-6.76,-3.73,98.12,70.44,98.12,98.12,40.0
06/02/2026,1630,CVX,187.55,+0.93%,4.63,214.71,136.6,187.47,191.55,170.15,2.0,0.17,0.59,"5,859,789",200035.51,1.103583833E7,1.212177676E7,-34.86,-4.99,-4.37,2.47,215.44,178.31,-178.31,199.09,41.0
06/02/2026,1630,CWH,7.44,-1.06%,0.35,19.64,5.7,7.24,7.13,11.4,-3.0,0.63,-0.59,"1,893,547",300786.23,3143934.91,3272829.18,-11.29,12.9,6.59,-2.87,8.31,6.51,8.31,8.04,39.0
06/02/2026,1630,CZR,29.22,+0.24%,0.78,31.58,17.86,27.97,27.41,24.55,-1.0,0.59,-0.49,"14,860,712",-100111.04,6441206.63,6327430.68,126.46,10.06,5.79,0.48,31.57,25.44,-25.44,29.03,39.0
06/02/2026,1630,D,66.47,+2.88%,2.13,68.97,53.36,65.01,63.41,61.45,-7.0,-0.78,-0.38,"7,132,748",100125.1,6368766.9,5945990.87,48.86,7.12,-1.61,-1.35,69.1,59.5,69.1,69.1,40.0
06/02/2026,1630,DAL,80.02,-1.78%,5.05,83.83,45.28,74.85,70.69,65.46,-2.0,-1.0,-0.84,"5,188,214",100259.54,9691787.65,1.131844064E7,-6.23,18.37,13.92,-2.99,77.06,55.59,-55.59,84.02,25.0
06/02/2026,1630,DAPP,22.57,-1.78%,0.99,27.4899,13.6,21.68,19.08,19.18,-1.0,-0.85,-0.61,"544,893",-200044.06,992654.42,957494.42,47.51,52.19,12.23,-1.05,23.12,14.44,-14.44,-19.09,NaN
06/02/2026,1630,DAR,60.34,-0.17%,1.54,66.02,29.15,61.16,61.04,44.2,6.0,0.04,0.44,"1,774,483",400751.39,2886916.64,2973574.62,-33.99,-2.93,-2.88,1.21,66.19,51.58,66.19,-58.06,40.0
06/02/2026,1630,DASH,156.95,-4.75%,3.9,285.5,143.3,159.54,162.96,207.65,-1.0,-0.62,-0.44,"3,760,562",-100653.18,4635967.34,4475585.99,-24.31,4.29,-3.52,0.16,191.3,143.45,191.3,-147.08,47.0
06/02/2026,1630,DDOG,269.13,-3.01%,22.29,278.705,98.0101,211.9,158.93,145.34,3.0,1.0,0.66,"8,932,391",100066.18,5796709.05,5522037.16,85.95,126.79,28.88,19.49,225.06,101.36,-101.36,-179.17,45.0
06/02/2026,1630,DDS,592.64,+0.76%,27.13,711.975,358.785,560.31,574.31,594.1,-3.0,0.48,-0.94,"121,741",-200200.03,108902.28,112998.13,-3.91,2.74,11.8,-2.64,639.29,518.09,-518.09,613.03,50.0
06/02/2026,1630,DE,579.25,+6.79%,18.47,674.1899,433.0,561.14,573.06,521.87,5.0,0.09,0.64,"2,043,800",200132.02,1250625.73,1286676.12,61.59,1.5,2.61,7.47,623.62,515.07,-515.07,-515.07,54.0
06/02/2026,1630,DECK,110.79,-0.03%,8.35,126.5,78.91,102.58,103.38,103.23,-2.0,0.81,-0.86,"1,564,929",200543.07,2018164.11,2067391.26,-32.14,9.79,17.1,-3.08,114.31,92.08,116.04,116.04,36.0
06/02/2026,1630,DELL,435.31,-6.58%,77.19,469.47,108.01,283.97,227.59,157.37,8.0,1.0,1.0,"15,817,060",200178.03,8829061.56,8818245.34,121.19,157.0,82.88,37.3,298.06,137.58,-137.58,-227.09,64.0
06/02/2026,1630,DEO,79.28,-0.74%,2.4,116.41,72.45,83.09,79.72,90.26,-4.0,-0.7,-0.42,"1,058,324",-100240.57,1467210.91,1603201.58,-15.16,6.23,-5.37,-6.28,87.06,72.48,87.04,87.04,45.0
06/02/2026,1630,DG,106.27,-3.33%,2.67,158.23,95.11,107.48,114.92,120.96,-1.0,0.32,-0.73,"8,994,742",-400643.01,3611339.79,3671358.25,64.45,-9.3,0.04,-3.3,156.62,100.07,-100.07,-100.07,0.0
06/02/2026,1630,DGX,193.16,+0.50%,2.7,213.5,164.65,191.5,194.2,188.43,-3.0,0.29,-0.55,"662,357",300125.3,902621.5,886887.49,-12.26,-2.29,1.75,-1.55,210.29,186.16,-186.16,197.02,33.0
06/02/2026,1630,DIN,29.57,-5.80%,0.79,39.68,19.58,29.76,28.22,29.07,-3.0,-0.63,-0.52,"544,586",-100258.14,424325.86,415583.24,-43.95,9.24,-0.77,-5.29,33.61,24.35,-24.35,32.02,44.0
06/02/2026,1630,DIS,101.41,-1.40%,1.08,124.69,92.185,104.16,101.73,108.15,-1.0,-0.61,-0.24,"8,368,302",200128.19,8702250.44,9476420.68,2.32,5.02,-2.41,-2.24,110.17,92.45,110.17,110.17,44.0
06/02/2026,1630,DK,46.40,+0.96%,1.2,49.5,18.12,44.92,43.74,36.33,5.0,0.52,0.52,"933,998",100766.24,1287081.62,1396055.33,-21.99,4.53,2.18,4.53,50.19,37.31,50.19,-41.04,45.0
06/02/2026,1630,DKL,51.95,+1.60%,0.78,55.89,41.72,51.32,51.07,48.07,2.0,0.33,0.42,"25,341",-100233.51,54322.55,57542.24,-25.27,2.97,-0.4,2.65,55.48,48.4,-48.4,-49.02,45.0
06/02/2026,1630,DKNG,25.30,-3.91%,0.58,48.78,20.46,24.98,23.63,31.13,-1.0,-0.84,-0.49,"8,410,792",-100061.03,1.27203547E7,1.311969558E7,-28.3,14.17,-1.86,3.14,27.16,20.44,27.16,-24.02,44.0
06/02/2026,1630,DLTR,109.39,-1.76%,9.61,142.4,84.71,96.62,100.63,109.4,-1.0,0.61,-0.96,"4,380,949",300545.03,3854849.71,3756404.04,-12.23,0.63,19.91,-3.19,120.62,86.13,-86.13,117.02,63.0
06/02/2026,1630,DOC,19.45,+2.37%,0.26,20.27,15.7,19.41,17.73,17.61,-15.0,-0.79,-0.02,"8,859,582",-100138.03,9568997.84,9055089.92,34.35,18.74,-0.21,-0.31,20.12,16.24,20.04,20.04,36.0
06/02/2026,1630,DOCU,55.10,-3.37%,3.12,94.67,40.16,48.93,47.54,60.47,3.0,1.0,0.86,"4,875,016",100656.53,3611919.15,3953263.43,67.14,14.39,12.4,11.13,51.09,42.36,-42.36,-44.13,2.0
06/02/2026,1630,DOV,211.84,+2.07%,2.48,237.54,158.97,214.34,215.6,198.03,1.0,0.11,0.54,"519,458",200232.28,930196.34,1004852.77,-33.01,2.19,0.48,-0.32,233.27,201.41,233.27,228.17,35.0
06/02/2026,1630,DOW,34.72,+0.09%,1.78,42.74,20.4019,37.01,38.4,29.07,2.0,0.0,0.31,"9,748,707",-100256.32,1.328366364E7,1.416535998E7,10.87,-14.67,-9.96,-0.14,43.43,31.62,43.43,-33.02,35.0
06/02/2026,1630,DPZ,307.53,-1.97%,4.2,496.0,297.4761,314.23,341.94,398.21,-1.0,0.31,-0.84,"530,482",-100231.26,934722.08,957990.69,-44.36,-14.94,-0.15,-0.91,417.59,297.1,-297.1,-297.1,32.0
06/02/2026,1630,DRI,198.27,-1.80%,4.5,228.27,169.0,198.17,197.46,195.98,-3.0,-0.43,-0.64,"990,405",-100132.51,1138994.62,1306975.38,-25.99,2.7,2.33,-3.03,212.62,187.35,-187.35,210.04,16.0
06/02/2026,1630,DRLL,36.71,+0.95%,0.92,41.0248,26.1001,36.67,37.11,32.02,2.0,0.16,0.6,"24,841",-200127.35,30003.75,29762.74,118.61,-3.17,-3.84,2.31,41.44,34.31,-34.31,39.09,NaN
06/02/2026,1630,DRVN,13.29,-2.14%,0.53,19.74,9.8,13.46,13.03,14.69,-3.0,-0.88,-0.61,"1,038,422",100771.08,1845654.46,1925858.41,-39.2,7.79,-6.67,-6.34,14.09,10.57,-10.57,14.03,NaN
06/02/2026,1630,DT,44.97,+1.12%,2.59,57.55,31.635,39.98,37.63,42.54,4.0,1.0,0.91,"5,983,735",100448.14,6333969.86,6893339.28,-43.44,22.3,12.85,11.01,41.09,32.36,-32.36,-33.13,44.0
06/02/2026,1630,DVN,46.22,-0.19%,1.88,52.71,30.8,46.92,47.95,40.06,2.0,0.04,0.42,"11,749,213",-200239.19,1.439770278E7,1.584800373E7,-20.26,-4.88,-6.96,4.78,53.44,42.31,-42.31,-44.02,43.0
06/02/2026,1630,DXCM,73.45,-1.90%,5.54,89.98,54.11,66.2,64.2,67.77,-6.0,1.0,-0.77,"3,750,544",500742.09,5449946.55,5220243.04,-38.51,17.76,12.84,1.53,74.62,57.23,-57.23,-58.12,40.0
06/02/2026,1630,EA,202.01,0.00%,0.55,204.885,144.6671,201.08,202.12,197.39,4.0,0.43,0.79,"1,698,778",100013.03,1859654.53,2019243.42,-20.4,-0.77,0.48,0.43,204.38,197.59,204.38,-199.13,39.0
06/02/2026,1630,EAT,138.20,-2.51%,5.11,187.123,100.3,137.98,143.47,143.13,-1.0,0.37,-0.81,"668,302",200751.13,1172729.44,1180197.25,-34.97,-3.59,4.45,-1.3,162.31,125.08,-125.08,-125.08,49.0
06/02/2026,1630,EBAY,108.88,-1.33%,2.94,119.31,72.84,111.76,103.5,92.77,-8.0,-0.64,-0.14,"4,623,477",300043.21,5849481.66,5676474.73,-41.56,16.91,-4.85,-2.9,119.08,87.45,119.08,119.08,40.0
06/02/2026,1630,ECH,40.59,-1.12%,0.88,47.845,29.28,40.89,41.2,38.86,-2.0,-0.39,-0.59,"658,904",100131.49,608425.86,752814.76,159.33,0.0,1.91,-3.31,45.31,38.6,45.31,-39.11,NaN
06/02/2026,1630,ECPG,78.09,-0.60%,1.17,92.64,35.675,81.25,78.82,58.31,-4.0,0.0,-0.11,"219,666",-400926.18,328943.17,331698.9,-42.44,10.19,-3.28,-2.75,93.17,65.56,93.17,93.17,44.0
06/02/2026,1630,EDEN,109.9498,-1.50%,0.97,125.6375,98.31,111.82,109.09,111.19,-3.0,-0.67,-0.38,"3,873",100000.05,8640.13,9481.23,-52.8,4.22,-0.95,-2.18,113.15,98.5,113.15,113.15,NaN
06/02/2026,1630,EDU,47.19,+0.23%,2.26,64.97,41.62,50.26,53.41,54.43,5.0,0.04,0.45,"451,019",0.0,776863.71,770359.61,-58.68,-17.05,-7.63,2.01,60.31,46.06,60.31,-46.02,39.0
06/02/2026,1630,EDV,64.09,+0.38%,1.01,71.305,60.485,62.93,63.79,66.33,9.0,0.47,0.9,"1,257,442",-200019.12,1240136.8,1309091.67,57.18,-0.03,4.5,0.55,68.62,60.09,-60.09,-60.09,NaN
06/02/2026,1630,EEM,70.80,+1.03%,1.93,70.86,45.7448,67.11,63.07,57.37,8.0,0.91,0.67,"16,550,745",-100238.51,3.100218754E7,3.667445848E7,-56.18,23.71,8.97,3.19,68.15,54.44,-54.44,-63.09,NaN
06/02/2026,1630,EFNL,58.1317,+0.84%,1.29,58.3,34.96,55.74,53.36,48.01,2.0,1.0,0.52,"2,346",100100.16,10761.75,10927.52,-54.98,16.7,5.56,1.54,57.06,47.45,-47.45,-52.1,NaN
06/02/2026,1630,EFX,176.11,+1.45%,4.94,275.91,156.47,166.41,174.44,208.35,11.0,0.62,0.89,"1,963,764",200041.21,1727121.24,1662300.0,52.6,-1.98,7.23,7.49,211.61,156.11,-156.11,-156.11,33.0
06/02/2026,1630,EGP,195.75,+0.47%,3.43,207.72,159.365,202.85,197.23,183.42,-5.0,-0.4,0.0,"345,974",100017.18,360724.19,347826.27,43.27,4.48,-3.17,-4.42,207.16,181.5,208.05,208.05,35.0
06/02/2026,1630,EIS,132.58,-1.02%,2.87,138.85,81.9,134.31,128.03,113.04,-2.0,-0.66,-0.36,"142,373",-200200.45,121679.85,137090.26,280.4,11.87,2.57,-3.62,137.17,110.44,-110.44,139.02,NaN
06/02/2026,1630,EL,83.41,-2.54%,4.74,121.635,64.83,84.0,78.18,93.43,-3.0,-0.84,-0.65,"4,205,414",-200762.49,4585977.8,4499814.99,34.85,17.96,4.25,-8.21,103.62,66.41,-66.41,92.03,53.0
06/02/2026,1630,ELS,61.45,+1.12%,0.78,69.0,58.15,62.55,63.13,62.79,-6.0,-0.24,-0.54,"1,090,979",-100025.03,1383220.96,1451998.92,-34.31,-2.86,-1.08,-1.27,69.55,61.11,69.55,64.14,33.0
06/02/2026,1630,ELV,389.03,-3.38%,4.43,408.0,273.71,389.64,348.99,335.72,-1.0,-0.79,-0.23,"1,837,652",0.0,1683912.36,1869786.25,-22.66,30.33,-1.28,-0.95,408.08,275.59,408.08,408.08,30.0
06/02/2026,1630,EMB,96.26,+0.26%,0.66,97.8,90.305,95.59,95.31,95.74,1.0,0.82,0.62,"4,491,736",100110.5,8202133.67,9965817.66,-36.5,2.56,1.73,0.03,97.62,93.45,-93.45,97.02,NaN
06/02/2026,1630,EMR,142.03,+0.27%,4.12,165.15,118.48,138.56,137.89,137.44,-1.0,0.61,-0.63,"2,258,827",0.0,2977931.71,2967393.48,-34.21,7.3,7.42,0.17,149.18,123.44,149.18,-128.09,44.0
06/02/2026,1630,ENB,56.32,+2.53%,0.99,58.45,43.5892,55.67,54.46,50.3,1.0,0.56,0.21,"2,718,647",200120.1,4710387.68,4638431.91,5.08,4.98,-0.09,1.37,58.06,52.28,58.06,58.06,41.0
06/02/2026,1630,ENPH,72.33,+13.48%,9.79,73.74,25.775,52.44,41.87,38.1,-4.0,1.0,-0.69,"8,295,733",401902.08,7959833.83,7258106.37,65.85,88.95,45.56,4.07,65.06,30.23,-30.23,74.02,39.0
06/02/2026,1630,ENR,18.31,-0.49%,0.85,30.29,15.75,17.76,18.17,21.57,-1.0,0.64,-0.66,"1,578,936",100647.19,1161552.93,1223430.96,64.65,11.1,10.7,-1.29,21.19,16.08,-16.08,19.04,43.0
06/02/2026,1630,ENVX,8.62,+0.47%,0.94,16.49,4.615,6.94,6.37,7.98,9.0,1.0,0.83,"10,685,367",101006.02,6887761.59,6651560.59,53.3,73.44,45.36,12.68,8.13,5.59,-5.59,-5.09,40.0
06/02/2026,1630,ENZL,45.75,-1.42%,0.97,48.24,41.6875,45.27,44.35,45.48,-1.0,-0.95,-0.67,"61,654",100020.03,28203.22,26270.35,1501.09,7.53,3.92,-1.58,47.62,42.44,-42.44,47.02,NaN
06/02/2026,1630,EOG,138.58,+1.43%,3.4,151.87,101.5936,136.94,137.88,119.81,2.0,0.2,0.59,"2,962,545",-100039.51,3926242.62,4478151.08,-19.39,-1.31,-3.08,2.97,152.44,124.62,152.44,146.08,45.0
06/02/2026,1630,EPD,37.71,+1.34%,0.97,40.165,30.01,38.36,38.13,34.16,1.0,0.0,0.06,"1,838,382",100225.13,4660716.44,4484128.93,-27.01,0.75,-4.43,0.56,40.09,36.31,40.09,-37.02,38.0
06/02/2026,1630,EPHE,24.58,+2.89%,0.29,28.4,23.17,24.62,24.77,25.36,1.0,0.38,0.57,"250,646",100100.59,107046.3,143033.53,66.86,-1.09,0.16,0.82,26.61,24.44,26.61,26.17,NaN
06/02/2026,1630,EPOL,40.18,+0.32%,0.55,40.9399,29.03,39.7,38.64,35.61,-3.0,-0.61,-0.43,"200,133",100040.27,398897.14,471143.58,-58.26,10.14,1.31,-1.03,41.31,34.5,41.31,41.02,NaN
06/02/2026,1630,EPR,56.46,+0.46%,0.81,62.08,48.105,57.78,55.25,54.35,-5.0,-0.68,-0.36,"662,018",-100635.51,764376.88,806825.21,-18.77,12.25,-3.22,-2.39,60.62,48.45,-48.45,60.04,40.0
06/02/2026,1630,EPU,86.18,+0.35%,2.28,95.28,46.691,83.16,82.1,73.23,-1.0,0.47,-0.71,"170,930",100100.02,86281.97,95593.04,470.16,4.26,7.43,1.28,89.62,74.5,-74.5,-79.09,NaN
06/02/2026,1630,EQR,66.21,+0.61%,0.66,70.21,57.57,65.83,63.15,62.59,1.0,-0.73,0.33,"3,332,407",-100124.03,2829499.14,2712221.54,-22.63,11.18,1.19,-0.08,67.19,58.5,68.04,68.04,43.0
06/02/2026,1630,EQRR,82.1547,+2.42%,1.45,82.1547,57.7607,77.61,74.15,67.07,2.0,1.0,0.76,"21,564",200000.44,26997.58,21248.71,6.6,19.03,6.34,4.98,79.06,67.55,-67.55,-75.17,NaN
06/02/2026,1630,EQT,54.68,-1.05%,1.41,68.24,48.47,56.58,58.93,56.53,-6.0,-0.15,-0.49,"4,816,452",0.0,7484063.32,7871224.88,4.34,-10.49,-4.82,-1.21,68.45,55.03,68.45,60.09,34.0
06/02/2026,1630,ESI,42.65,+2.30%,1.4,45.515,20.95,42.47,39.36,30.64,1.0,0.34,0.42,"2,399,767",200537.24,3033021.35,3044435.48,-31.31,23.19,6.95,1.74,46.15,29.59,46.15,-38.09,41.0
06/02/2026,1630,ESPO,91.8317,+1.16%,0.92,122.986,86.92,90.03,90.74,103.53,5.0,0.71,0.65,"30,826",0.0,16685.38,19365.01,188.34,0.98,2.21,2.92,97.31,87.44,97.31,-88.07,NaN
06/02/2026,1630,ESS,277.57,+0.23%,3.2,294.09,238.46,271.89,259.65,258.64,1.0,-0.94,0.41,"375,476",-200020.12,477088.3,480230.66,14.11,14.19,1.96,0.41,278.06,238.45,-238.45,-263.16,39.0
06/02/2026,1630,ET,19.54,+1.40%,0.41,20.7,16.18,19.84,19.47,17.89,1.0,-0.17,0.09,"8,051,104",500224.2,1.523750197E7,1.529366837E7,-44.53,2.73,-3.22,0.62,21.08,18.58,21.08,-19.02,44.0
06/02/2026,1630,ETH,18.13,-4.63%,0.97,45.785,17.065,20.59,20.93,28.44,-1.0,-0.62,-0.46,"5,127,089",0.0,3047422.52,4000198.25,143.92,-10.69,-10.07,-5.08,23.31,19.6,23.31,22.15,NaN
06/02/2026,1630,ETH-USD,-95.40,+6.76%,6.49,4.9275,-97.93,-76.58,-55.95,-29.93,-6.0,-0.08,-0.39,"839,889",-100371.09,994566.37,949238.04,-41.39,222.52,32.56,15.79,-22.56,-83.96,-23.0,-64.0,NaN
06/02/2026,1630,ETHA,14.38,-4.83%,0.78,36.8,13.62,16.36,16.65,22.77,-1.0,-0.62,-0.46,"42,673,480",0.0,2.913917178E7,3.173357714E7,89.62,-11.01,-10.12,-5.33,19.31,15.6,19.31,18.15,NaN
06/02/2026,1630,ETHE,15.46,-4.63%,0.84,40.135,14.71,17.58,17.9,24.68,-1.0,-0.63,-0.46,"4,103,348",0.0,2497488.37,2930197.65,73.83,-11.3,-10.06,-5.21,20.31,16.03,20.31,19.15,NaN
06/02/2026,1630,ETSY,69.73,+1.06%,4.25,76.515,44.0,62.48,59.3,58.93,12.0,0.79,0.78,"2,941,303",100462.24,3116925.42,3036807.39,-25.91,39.54,18.53,4.42,71.23,47.45,71.23,-56.13,39.0
06/02/2026,1630,EWA,29.47,+1.17%,0.24,30.4799,24.94,29.15,29.01,27.64,9.0,0.36,0.5,"1,664,431",0.0,2768007.44,3738538.16,-28.21,4.91,2.29,1.73,30.31,27.44,30.31,-28.09,NaN
06/02/2026,1630,EWC,59.46,+1.28%,0.56,59.48,44.95,58.23,57.23,53.77,4.0,0.73,0.6,"1,269,955",100214.23,2144660.59,2557605.15,43.4,7.76,3.3,1.5,59.29,53.5,-53.5,-57.11,NaN
06/02/2026,1630,EWD,52.78,+1.34%,1.16,54.93,42.99,51.61,51.19,49.71,-4.0,0.72,-0.58,"101,134",100119.04,162991.06,176450.25,-24.07,6.52,4.56,0.17,55.31,47.5,55.31,53.04,NaN
06/02/2026,1630,EWG,43.57,+0.21%,0.71,44.65,37.975,42.79,41.78,41.91,-4.0,0.94,-0.56,"847,677",200133.44,1985479.99,2312699.23,9.86,8.38,2.91,0.18,44.31,38.45,44.05,44.05,NaN
06/02/2026,1630,EWH,23.17,+0.70%,0.5,24.66,19.0,23.79,23.49,22.5,3.0,-0.13,0.08,"2,745,033",100226.44,3906370.43,4830814.84,16.38,-0.34,-3.34,0.43,25.17,21.48,25.17,25.17,NaN
06/02/2026,1630,EWI,59.49,+0.37%,0.61,59.845,45.79,58.82,57.01,54.17,1.0,0.7,0.41,"234,208",100134.5,445040.93,521696.47,58.62,9.14,1.87,0.41,60.18,50.5,-50.5,60.02,NaN
06/02/2026,1630,EWJ,93.58,+0.70%,0.96,94.28,68.028629,91.87,88.81,83.49,1.0,0.64,0.62,"4,411,644",0.0,7079903.15,8462741.19,-32.63,8.21,2.93,0.95,93.13,81.5,-81.5,-90.08,NaN
06/02/2026,1630,EWJV,45.5467,+0.70%,0.21,47.69,33.5,44.99,43.77,41.53,-5.0,-0.55,-0.57,"69,566",200000.16,169308.87,200881.09,-56.27,4.42,1.26,0.3,46.13,40.5,46.05,46.05,NaN
06/02/2026,1630,EWK,26.75,-1.07%,0.32,27.6299,21.5,26.62,25.76,24.72,-4.0,-0.78,-0.51,"20,864",100136.04,69617.82,66442.31,167.08,8.26,1.89,-1.18,27.07,23.5,27.04,27.04,NaN
06/02/2026,1630,EWM,28.71,+0.31%,0.51,30.635,23.342,29.55,29.14,27.6,2.0,-0.05,0.19,"394,714",-100134.47,293454.83,355458.88,29.77,0.21,-2.51,-0.28,31.17,28.39,31.17,31.17,NaN
06/02/2026,1630,EWN,68.23,+1.14%,1.31,68.53,50.56,65.76,62.83,59.55,1.0,1.0,0.51,"232,283",100023.04,147376.06,148279.82,-38.82,16.49,6.16,1.9,67.06,55.44,-55.44,-63.14,NaN
06/02/2026,1630,EWO,41.36,+1.05%,0.83,41.53,27.56,39.95,38.49,34.93,1.0,0.81,0.56,"47,061",-100000.02,29066.82,38157.21,214.14,14.79,5.19,2.4,40.31,34.5,-34.5,42.02,NaN
06/02/2026,1630,EWP,57.48,+0.02%,0.75,58.99,42.36,56.96,56.21,53.08,-2.0,-0.66,-0.54,"1,016,529",200124.14,465722.91,563247.48,704.93,4.62,1.79,-0.5,59.31,51.5,59.31,58.02,NaN
06/02/2026,1630,EWQ,46.08,+0.57%,0.6,48.39,40.91,45.46,44.98,44.73,1.0,0.76,0.57,"218,233",-100016.16,442358.14,497150.84,34.05,5.09,2.79,0.17,47.31,42.5,47.31,-44.11,NaN
06/02/2026,1630,EWS,29.98,+0.94%,0.25,30.015,24.845,29.25,28.85,28.39,2.0,0.84,0.66,"1,303,615",100128.02,851027.25,960723.07,38.63,5.27,2.71,1.87,30.31,27.61,-27.61,-29.17,NaN
06/02/2026,1630,EWUS,42.81,-0.07%,0.74,45.0422,38.02,42.45,41.81,41.64,-2.0,-0.72,-0.5,"9,576",100023.07,5065.91,5126.36,204.07,6.15,2.79,-0.44,44.31,38.44,44.31,44.02,NaN
06/02/2026,1630,EWW,79.08,+1.55%,0.82,81.6499,57.282,78.76,77.52,71.78,1.0,0.5,0.52,"1,458,588",0.0,1561048.66,1754135.99,102.06,3.55,1.51,0.34,81.12,70.5,81.12,-77.09,NaN
06/02/2026,1630,EWY,214.53,-1.00%,13.77,217.76,61.68,189.64,160.51,115.36,6.0,1.0,0.8,"16,425,688",0.0,1.854071735E7,2.248455261E7,-58.22,69.97,21.82,3.93,195.15,115.43,-115.43,-167.09,NaN
06/02/2026,1630,EWZ,35.78,+0.31%,0.45,42.02,26.193816,37.17,38.49,34.29,9.0,0.01,0.37,"25,192,855",-100335.14,2.931901597E7,3.184416836E7,-40.56,-6.75,-2.61,-0.91,42.34,35.5,42.34,40.17,NaN
06/02/2026,1630,EWZS,14.19,+1.57%,0.17,16.46,11.72,14.38,14.81,14.1,9.0,0.12,0.49,"276,371",-200431.14,574589.74,514596.82,129.51,-4.51,1.28,0.28,16.29,13.5,16.29,-14.09,NaN
06/02/2026,1630,EXAS,104.91,0.00%,0.41,104.98,38.8118,103.57,103.02,74.29,6.0,0.02,0.29,<empty>,-100037.01,2640344.92,2627886.23,1111.65,2.5,1.36,0.93,104.09,101.61,-101.61,-103.15,34.0
06/02/2026,1630,EXP,218.28,-1.24%,9.57,243.64,171.99,207.4,201.19,216.51,-1.0,0.99,-0.82,"603,536",-100240.1,412429.23,424353.89,82.45,14.31,11.01,-0.31,221.17,172.5,-172.5,226.02,38.0
06/02/2026,1630,EXPD,157.87,-1.35%,2.03,167.19,110.08,156.66,149.89,141.84,-4.0,-0.73,-0.7,"1,114,302",-100032.03,1067806.99,1143434.73,-0.91,9.4,0.7,-0.69,160.08,136.2,163.04,163.04,43.0
06/02/2026,1630,EXPE,226.37,-0.88%,5.02,303.8,160.0047,225.57,236.07,239.49,12.0,0.52,0.56,"1,303,177",0.0,1657969.81,1877706.59,-30.11,-0.57,5.29,-0.52,280.29,206.08,-206.08,-206.08,45.0
06/02/2026,1630,EXR,142.29,+1.40%,2.29,155.19,125.71,142.56,139.65,139.67,-3.0,-0.6,-0.48,"816,899",100032.25,1132945.17,1152922.19,6.08,7.4,2.17,-2.41,151.62,128.47,-128.47,147.03,40.0
06/02/2026,1630,EYE,16.33,+1.55%,0.43,30.02,14.75,18.53,22.41,25.52,11.0,0.09,0.77,"1,667,605",100664.13,2029836.13,1915656.5,-45.01,-31.73,-5.72,-6.04,30.62,15.13,-15.13,-15.13,44.0
06/02/2026,1630,EZA,68.55,+1.38%,1.21,81.755,51.265,69.3,69.22,67.94,1.0,0.47,0.51,"709,409",100048.01,217780.45,265359.85,441.13,-0.39,1.08,-1.66,76.31,62.5,76.31,-66.09,NaN
06/02/2026,1630,F,16.15,-2.89%,1.48,17.78,9.89,13.99,12.85,12.82,-2.0,-1.0,-0.82,"72,730,163",300357.03,5.770841796E7,5.984314725E7,72.49,38.27,23.94,-3.0,15.06,11.44,-11.44,18.02,40.0
06/02/2026,1630,FAF,65.20,+0.62%,1.09,71.47,53.09,67.76,65.49,64.43,-5.0,-0.45,-0.32,"960,724",-200239.51,901875.51,957090.9,10.35,9.97,-4.97,-2.03,71.25,56.5,71.25,71.15,35.0
06/02/2026,1630,FANG,202.40,+1.69%,4.74,214.51,134.3,198.7,196.19,163.83,2.0,0.23,0.36,"1,798,927",100239.58,2770039.55,3129908.54,0.86,6.18,-1.57,4.25,215.2,171.31,215.2,211.08,42.0
06/02/2026,1630,FAST,44.73,+1.68%,0.47,50.63,38.9703,44.04,44.96,44.6,1.0,0.22,0.63,"4,439,065",-100137.51,6944902.64,7437111.35,-1.36,-4.07,1.66,-0.07,50.36,43.07,-43.07,-43.07,27.0
06/02/2026,1630,FCFS,209.25,-2.11%,6.01,235.97,119.205,225.32,212.07,175.38,-4.0,-0.11,0.0,"370,531",100540.42,360903.43,358152.5,-23.8,10.18,-6.98,-6.27,236.14,179.43,236.14,236.14,35.0
06/02/2026,1630,FCG,29.46,+0.48%,0.91,33.03,21.76,29.85,30.3,25.94,2.0,0.01,0.47,"490,265",-200133.43,1308265.22,1372546.84,-3.28,-3.82,-5.33,2.29,33.44,28.31,-28.31,-28.02,NaN
06/02/2026,1630,FDX,329.00,-2.80%,24.31,413.87,215.21,379.61,375.5,308.24,-2.0,-0.08,-0.11,"2,900,520",-200636.21,1663239.45,1796303.8,191.13,-8.44,-11.01,-20.03,404.22,341.44,414.02,414.02,14.0
06/02/2026,1630,FICO,1251.63,-2.58%,74.56,1998.01,870.01,1174.69,1092.04,1444.32,-5.0,-0.99,-0.67,"407,818",-400882.29,379204.87,386380.25,18.13,17.86,5.91,-3.45,1494.61,870.28,-870.28,1323.03,40.0
06/02/2026,1630,FISV,56.46,-4.39%,1.51,177.36,52.17,55.86,57.82,79.73,-1.0,0.74,-0.36,"8,435,184",100241.03,6443067.66,6428411.72,33.44,1.82,-0.35,1.13,65.29,52.13,-52.13,-52.13,34.0
06/02/2026,1630,FIVE,220.37,-2.59%,4.79,251.63,118.735,219.42,225.94,188.0,-1.0,-0.28,-0.78,"1,798,688",100747.52,1113572.02,1162531.18,45.98,-6.19,0.92,-2.01,252.29,204.14,-204.14,-204.14,1.0
06/02/2026,1630,FLG,14.09,+2.25%,0.3,14.92,10.38,13.86,13.83,12.79,1.0,0.45,0.61,"2,753,037",-200036.27,4534551.42,4598864.81,-33.04,5.39,5.62,-0.56,15.26,12.56,15.26,-13.09,36.0
06/02/2026,1630,FLNG,30.33,+0.43%,0.91,33.4,21.72,31.88,31.18,27.45,1.0,-0.08,0.03,"379,767",-100541.51,480314.11,594780.2,-20.07,3.52,-6.36,-1.37,33.19,28.56,33.19,-29.02,60.0
06/02/2026,1630,FLO,7.41,-3.26%,0.28,16.955,6.8,7.78,8.19,10.82,-1.0,-0.42,-0.71,"7,074,724",-300360.12,7193895.69,6952028.45,-7.2,-8.86,1.09,-3.77,9.61,7.07,-7.07,-7.07,51.0
06/02/2026,1630,FLUT,101.99,-2.22%,3.02,313.685,91.52,97.52,102.87,184.33,5.0,0.87,0.64,"1,949,167",100155.03,3000612.59,3084966.81,-46.29,-0.72,4.83,6.71,115.6,92.11,-92.11,-92.11,45.0
06/02/2026,1630,FND,50.56,-0.12%,2.6,92.405,42.64,48.44,49.92,64.58,-2.0,0.55,-0.68,"1,357,710",100564.22,3093998.78,2963780.71,-52.87,2.72,12.41,-1.67,68.62,43.08,-43.08,-43.08,41.0
06/02/2026,1630,FNF,46.44,+0.04%,0.95,61.4025,42.78,48.61,48.51,54.15,-5.0,-0.48,-0.25,"1,216,163",-200345.51,1687378.96,1901866.8,-54.08,0.56,-6.2,-2.35,53.24,43.5,53.24,51.16,44.0
06/02/2026,1630,FORM,125.11,+8.73%,5.85,159.09,26.08,131.75,126.34,75.48,1.0,0.0,0.39,"1,406,862",-301088.15,1939226.66,1796400.43,-66.47,23.98,6.55,-3.92,159.26,81.59,159.26,-112.09,40.0
06/02/2026,1630,FOUR,43.29,-4.25%,1.18,108.5,39.6062,42.78,44.53,62.84,-1.0,0.83,-0.66,"1,323,074",102079.49,1823890.41,1922732.54,-32.69,1.6,1.86,-1.23,55.48,40.14,-40.14,-40.14,43.0
06/02/2026,1630,FOXA,65.69,-1.68%,0.89,76.39,52.96,64.8,62.92,63.62,2.0,0.76,0.65,"2,338,667",-200241.44,3134037.62,3374373.05,-55.43,12.37,-0.27,-0.21,68.14,56.55,68.14,68.14,44.0
06/02/2026,1630,FR,60.05,+0.60%,1.16,64.66,47.36,62.03,61.13,57.49,-5.0,-0.36,-0.2,"712,976",-100347.51,909502.79,942347.56,-3.05,2.39,-2.39,-4.01,65.29,57.5,65.29,65.04,35.0
06/02/2026,1630,FROG,88.05,-0.29%,7.21,89.16,34.05,69.91,55.54,53.26,3.0,1.0,0.73,"3,657,193",100668.17,2786914.54,2861121.32,-5.09,81.7,29.66,21.0,74.06,39.62,-39.62,-55.17,45.0
06/02/2026,1630,FRPT,49.86,+0.89%,1.64,86.0,46.45,51.33,58.91,61.06,-2.0,0.22,-0.77,"1,514,209",-301159.19,1676606.82,1698463.63,-27.15,-17.01,2.91,-6.08,86.61,46.08,-46.08,-46.08,42.0
06/02/2026,1630,FRT,119.32,+0.47%,2.77,121.84,89.99,116.98,112.01,103.67,-3.0,-0.93,-0.57,"809,291",-100222.03,920118.1,868413.24,-8.56,12.5,3.82,-1.4,120.06,102.47,-102.47,122.02,44.0
06/02/2026,1630,FSLY,20.77,+8.86%,1.19,34.82,6.29,19.37,24.01,14.44,11.0,0.17,0.71,"15,457,710",0.0,1.184795147E7,1.205884402E7,76.93,-35.82,24.3,22.61,35.38,16.06,-16.06,-16.06,44.0
06/02/2026,1630,FTNT,148.86,+1.17%,8.53,149.03,70.12,123.33,98.78,85.92,3.0,1.0,0.54,"6,927,723",100350.18,6149687.05,6158658.13,41.08,83.44,17.68,14.77,134.06,76.36,-76.36,-105.17,44.0
06/02/2026,1630,FTV,60.16,+2.45%,0.6,62.805,46.34,59.55,58.92,54.24,1.0,0.31,0.38,"5,342,499",-100027.03,3051420.79,3212656.48,136.08,7.62,1.95,1.67,63.22,53.44,63.22,-57.08,39.0
06/02/2026,1630,FTWO,45.4152,+2.07%,0.48,49.658,34.34,45.25,45.65,42.6,1.0,0.08,0.66,"6,210",-100000.43,11287.01,13277.71,45.14,-1.56,1.71,1.02,48.62,44.5,-44.5,-44.09,NaN
06/02/2026,1630,FUTU,101.97,-0.86%,15.95,199.9299,80.5,126.84,140.64,159.69,6.0,0.0,0.31,"4,052,976",101185.07,3676871.65,3274498.25,59.57,-25.81,-22.57,-2.8,169.31,81.06,-81.06,-81.06,53.0
06/02/2026,1630,FUTY,56.94,+1.99%,0.78,61.51,51.5,57.9,58.78,57.45,1.0,-0.05,0.4,"278,602",200218.28,379184.1,363611.26,0.27,-4.08,0.23,-1.4,61.37,56.1,61.37,59.17,NaN
06/02/2026,1630,FWONK,89.32,-1.93%,0.93,109.3626,80.15,90.66,88.44,93.53,-1.0,-0.76,-0.4,"1,302,189",100034.27,1928357.89,2065807.87,-58.36,4.64,-1.84,-1.91,96.16,80.45,96.16,-88.06,45.0
06/02/2026,1630,FWRG,10.44,-6.20%,0.36,19.53,10.09,11.39,11.7,15.12,-2.0,-0.6,-0.53,"1,568,660",0.0,1508924.6,1553875.06,18.8,-4.57,-5.18,-10.69,14.27,10.44,14.27,12.16,43.0
06/02/2026,1630,FXA,71.075,+0.27%,0.34,72.02,63.2808,71.17,70.45,67.42,6.0,0.32,0.39,"4,881",-100008.46,16416.97,18831.13,-41.61,3.7,0.07,0.14,72.13,68.44,72.13,-70.09,NaN
06/02/2026,1630,FXB,129.36,+0.04%,0.43,133.11,125.02,129.58,129.35,129.08,11.0,0.32,0.42,"12,800",-200010.12,38631.48,35259.81,-94.63,1.24,0.2,0.05,131.15,127.43,131.15,-128.11,NaN
06/02/2026,1630,FXC,70.61,+0.01%,0.22,72.469,69.08,71.1,71.04,70.75,1.0,-0.24,0.28,"5,819",0.0,28990.48,34181.24,-43.38,0.4,-0.71,-0.38,72.58,70.43,-70.43,72.17,NaN
06/02/2026,1630,FXE,107.26,-0.07%,0.25,111.535,104.86,107.7,107.67,107.78,-1.0,-0.43,-0.4,"334,375",-400006.3,206126.59,220277.82,189.57,0.42,-0.23,-0.22,109.31,105.55,109.31,-107.07,NaN
06/02/2026,1630,FXF,112.07,-0.05%,0.31,116.2999,107.579,112.58,112.18,111.73,-2.0,-0.4,-0.31,"34,585",0.0,77192.17,79675.24,-70.88,0.87,-0.35,-0.38,114.58,110.43,-110.43,-112.08,NaN
06/02/2026,1630,FXI,36.36,+2.89%,0.85,42.0,34.63,36.39,36.31,38.5,3.0,0.46,0.37,"42,671,758",100327.14,2.891817526E7,3.119424744E7,32.91,2.25,0.55,3.92,38.13,35.03,38.13,-35.03,NaN
06/02/2026,1630,FXY,57.43,-0.14%,0.19,64.6,57.225,57.95,57.81,59.37,-1.0,-0.39,-0.23,"180,688",200010.21,197299.83,189175.04,17.75,-0.64,-0.64,-0.38,59.18,57.23,59.18,59.17,NaN
06/02/2026,1630,FYBR,38.49,0.00%,0.13,38.5,36.04,38.18,38.03,37.09,4.0,0.57,0.8,<empty>,300009.01,3493880.5,3089356.02,793.29,1.8,1.1,0.68,38.18,37.6,-37.6,-38.17,22.0
06/02/2026,1630,GAP,21.31,+1.67%,1.37,29.36,18.685,22.41,24.09,24.57,-3.0,-0.3,-0.61,"9,721,304",-100147.03,8096193.06,8704026.99,7.53,-13.93,2.8,-14.76,28.62,20.09,-20.09,25.03,60.0
06/02/2026,1630,GD,337.61,-0.47%,3.61,369.7,268.1,343.11,340.56,342.07,-2.0,-0.62,-0.41,"886,125",100025.24,1331667.59,1334867.9,-18.69,-3.69,-1.6,-3.25,367.62,307.24,-307.24,351.03,34.0
06/02/2026,1630,GDAXI:DE,25124.17,+0.48%,400.83,25507.79,21863.81,24689.34,24045.43,24169.92,-5.0,-0.91,-0.55,<empty>,NaN,NaN,NaN,NaN,10.78,2.97,0.13,25438.06,21864.48,25438.06,25438.06,NaN
06/02/2026,1630,GDX,88.05,+1.58%,3.26,117.175,50.32,89.52,91.23,85.8,4.0,0.35,0.63,"18,854,398",200259.5,2.243634125E7,2.455711483E7,-15.39,-8.29,1.04,1.0,108.62,79.5,-79.5,-83.03,NaN
06/02/2026,1630,GDXJ,115.98,+0.90%,5.06,157.49,63.9,118.59,120.07,112.65,6.0,0.36,0.64,"3,431,541",0.0,5327194.43,5561766.67,-52.16,-7.4,0.44,1.0,146.62,103.5,-103.5,-109.03,NaN
06/02/2026,1630,GE,317.72,-2.12%,14.66,348.48,232.24,302.65,296.63,301.57,-1.0,0.89,-0.86,"4,636,781",-300440.29,6029320.97,5936658.0,5.54,8.56,11.09,-0.97,342.61,269.28,-269.28,-281.11,30.0
06/02/2026,1630,GEL,15.55,+2.50%,0.49,18.64,14.55,15.94,16.83,16.56,2.0,0.03,0.27,"291,330",100340.3,288615.95,288862.28,-44.04,-11.14,-4.25,1.17,19.61,15.04,19.61,-15.02,40.0
06/02/2026,1630,GII,74.73,+1.47%,0.82,78.95,65.65,76.02,76.34,72.69,-5.0,0.0,-0.34,"186,757",200019.14,93621.78,86870.13,641.56,-2.06,-0.99,-1.32,79.37,74.5,79.37,77.05,NaN
06/02/2026,1630,GIL,58.41,-1.27%,1.88,73.695,46.0,58.48,57.96,60.14,-2.0,-0.62,-0.71,"800,788",0.0,1076820.22,1234607.74,-4.53,4.32,3.62,-4.47,68.62,53.44,-53.44,62.02,41.0
06/02/2026,1630,GIS,33.07,-1.67%,0.28,55.19,32.64,33.84,35.02,43.89,-2.0,-0.56,-0.64,"9,377,007",100139.03,9186785.18,9596374.54,-3.53,-11.13,-1.14,-2.42,45.62,33.07,-33.07,-33.07,15.0
06/02/2026,1630,GK,30.1806,+0.23%,0.66,30.1806,22.3725,28.93,26.8,25.99,6.0,0.92,0.47,"1,291",200118.04,979.54,1119.76,-44.98,26.19,6.55,1.48,29.12,23.44,-23.44,-28.09,NaN
06/02/2026,1630,GLASF,11.1200,-1.59%,0.69,11.73,4.55,10.15,9.29,8.21,-3.0,0.85,-0.46,"159,078",-100800.28,268517.8,231157.2,9.67,32.54,11.31,-3.72,11.25,7.6,-7.6,12.02,49.0
06/02/2026,1630,GLBE,33.30,-1.33%,1.76,41.94,26.845,30.16,30.98,34.85,11.0,0.67,1.0,"2,384,045",100965.02,1513124.78,1404461.51,-18.77,7.21,15.34,10.67,37.61,27.13,-27.13,-27.13,49.0
06/02/2026,1630,GLD,411.95,+0.17%,5.86,509.7,299.89,420.55,424.82,403.2,4.0,0.26,0.55,"3,782,986",0.0,8349126.57,9596418.88,-43.21,-5.91,-1.55,-0.2,481.58,399.48,-399.48,-404.04,NaN
06/02/2026,1630,GLIN,44.785,+0.39%,0.54,48.39,38.705,44.99,44.15,45.21,-2.0,-0.68,-0.32,"5,995",0.0,26103.9,67309.58,8.83,8.78,1.71,-1.22,47.31,39.44,47.31,-44.09,NaN
06/02/2026,1630,GM,81.73,-1.15%,3.86,87.62,46.815,78.3,77.3,72.87,-2.0,0.66,-0.87,"9,355,386",-100240.03,6998487.62,7311124.24,77.43,8.92,11.81,-3.11,83.31,70.09,-70.09,85.03,33.0
06/02/2026,1630,GME,20.92,-2.06%,0.44,31.05,19.93,22.41,23.32,23.18,-1.0,0.0,-0.39,"4,668,533",100474.2,8001314.2,7382477.03,-60.89,-8.08,-4.52,-3.51,27.21,21.1,27.21,25.17,5.0
06/02/2026,1630,GO,8.47,+3.42%,0.34,19.41,5.655,8.02,7.61,11.13,1.0,0.98,0.72,"2,724,449",-101676.13,3486800.6,4182201.27,-30.63,22.93,11.59,-1.74,9.12,6.59,9.12,-7.1,43.0
06/02/2026,1630,GOLF,88.51,-0.14%,1.7,104.81,67.75,88.2,92.8,87.17,-3.0,0.24,-0.77,"376,563",-200627.19,315427.21,344639.14,-21.13,-5.39,2.88,-0.58,103.31,84.13,-84.13,-84.13,45.0
06/02/2026,1630,GOOG,358.39,-3.81%,10.15,404.47,163.33,386.04,347.58,301.28,-3.0,-0.46,0.0,"33,029,484",-100133.03,1.976635936E7,1.940714746E7,93.11,21.53,-8.83,-7.18,404.1,272.44,404.1,404.1,36.0
06/02/2026,1630,GOOGL,361.85,-3.86%,10.18,408.61,162.0,389.61,350.18,301.59,-3.0,-0.46,0.0,"47,807,087",-100135.01,2.87532587E7,2.850388913E7,83.75,21.68,-8.84,-7.25,409.1,272.44,409.1,409.1,36.0
06/02/2026,1630,GOOS,9.89,-1.59%,0.33,15.425,9.3,10.37,10.89,12.39,9.0,0.2,0.66,"569,053",100449.05,514405.25,488417.34,35.43,-9.93,4.11,-0.9,12.29,9.08,-9.08,-9.08,45.0
06/02/2026,1630,GPI,308.32,-1.02%,8.78,488.39,292.44,328.09,333.04,383.27,-3.0,-0.49,-0.4,"162,214",200143.51,154368.2,168680.42,37.02,-6.79,-2.79,-5.55,374.21,292.52,374.21,-301.08,35.0
06/02/2026,1630,GPN,74.03,-1.90%,3.04,90.635,62.45,70.83,69.55,77.07,-1.0,1.0,-0.66,"3,729,634",0.0,3193068.62,3335851.24,33.87,13.26,7.81,0.11,79.61,62.39,-62.39,-66.13,44.0
06/02/2026,1630,GRID,197.48,+2.13%,3.58,199.99,129.92,193.89,183.34,163.28,2.0,0.59,0.36,"648,965",200125.09,816672.94,728709.79,-26.49,18.38,4.37,1.86,200.15,157.44,200.15,-183.09,NaN
06/02/2026,1630,GRMN,241.03,+1.79%,4.82,273.32,186.67,236.46,244.75,228.68,2.0,0.19,0.53,"663,108",-100131.03,783893.49,804057.77,35.23,1.46,6.23,1.98,273.31,225.09,-225.09,-225.09,39.0
06/02/2026,1630,GRNY,27.73,+0.18%,0.39,27.77,20.96,27.07,25.99,25.14,9.0,0.81,0.5,"3,316,443",0.0,1873898.98,2054667.67,178.19,15.4,4.09,1.24,27.12,23.44,-23.44,-26.09,NaN
06/02/2026,1630,GS,1064.58,+1.53%,37.59,1073.97,592.9,973.12,922.58,857.22,4.0,1.0,0.81,"2,122,204",100232.36,2006386.01,2132567.14,-5.11,23.76,12.49,5.57,1005.06,781.55,-781.55,-921.14,28.0
06/02/2026,1630,GSG,32.63,+0.49%,0.95,34.94,21.525,33.31,32.61,26.21,2.0,-0.01,0.14,"313,388",100239.18,1371915.05,1530145.15,-59.03,2.26,-5.15,1.62,35.1,27.62,35.1,-32.02,NaN
06/02/2026,1630,GTBIF,8.02,-2.55%,0.39,10.43,4.8,7.67,7.25,7.37,9.0,0.53,0.4,"184,530",-100100.47,660381.5,601939.52,-32.2,22.63,9.86,0.12,9.27,6.44,9.27,-7.11,44.0
06/02/2026,1630,GTLB,31.82,-5.83%,3.27,52.38,18.73,26.28,23.48,35.45,-1.0,1.0,-1.0,"24,575,239",200216.01,6254957.58,6695465.55,107.87,44.77,26.82,13.93,27.06,19.36,-19.36,-22.12,0.0
06/02/2026,1630,GTM,3.425,-10.34%,0.25,12.51,3.19,4.35,5.33,8.43,11.0,0.2,0.64,"25,265,689",200174.15,1.163912405E7,1.125471349E7,-40.44,-41.45,-12.63,6.7,7.17,3.03,7.17,-3.03,42.0
06/02/2026,1630,GVAL,36.34,+1.17%,0.45,36.44,25.89,35.41,34.86,32.29,2.0,0.55,0.6,"111,594",-100000.22,250474.61,254795.46,-63.02,8.28,3.98,1.79,36.31,32.5,36.31,-35.09,NaN
06/02/2026,1630,GVIP,180.5367,+0.24%,3.7,181.09,131.1577,175.25,164.54,155.91,8.0,0.87,0.35,"11,496",200011.2,13675.66,14058.18,62.48,22.15,6.03,0.65,177.15,139.44,-139.44,-168.09,NaN
06/02/2026,1630,GVZ:CGI,24.44,-4.68%,0.89,48.68,14.47,25.74,30.06,26.25,-1.0,0.19,-0.42,<empty>,NaN,NaN,NaN,NaN,-32.32,-6.72,-1.57,46.45,24.06,-24.06,-24.06,NaN
06/02/2026,1630,H,185.21,+0.85%,6.96,190.0,127.59,173.1,162.98,155.88,-3.0,1.0,-0.64,"1,089,172",-100141.04,811371.79,832097.64,82.7,28.73,9.33,-0.13,178.06,138.43,-138.43,-163.08,45.0
06/02/2026,1630,HACK,105.37,+0.35%,5.69,105.56,69.66,91.1,82.8,82.32,3.0,1.0,1.0,"204,546",200041.1,132685.35,126338.5,18.39,38.34,15.47,12.24,95.06,71.36,-71.36,-83.16,NaN
06/02/2026,1630,HAL,40.13,+1.98%,1.29,43.59,19.64,40.85,39.72,31.18,1.0,0.0,0.08,"8,185,497",-100245.51,1.288658321E7,1.464817961E7,-37.75,5.61,-6.19,2.03,44.08,33.59,44.08,-39.02,33.0
06/02/2026,1630,HBB,19.52,-1.61%,0.93,21.84,12.72,19.43,19.55,16.98,-2.0,-0.47,-0.6,"13,581",201185.09,21182.98,22387.99,-13.12,4.83,9.29,-3.51,22.22,16.55,22.22,-17.08,44.0
06/02/2026,1630,HBDC,24.72,0.00%,0.04,27.74,23.16,24.69,24.64,24.97,3.0,0.75,0.5,"5,096",0.0,6663.68,8441.69,338.49,1.19,0.07,0.39,25.57,24.44,-24.44,25.05,NaN
06/02/2026,1630,HCA,367.35,-0.97%,20.18,556.52,330.0,407.92,446.67,462.15,-4.0,0.0,-0.38,"1,981,763",-200033.02,1267571.88,1239623.64,54.4,-22.62,-13.11,-4.43,557.56,381.03,557.56,438.16,36.0
06/02/2026,1630,HD,311.52,+0.27%,6.9,426.75,289.1,311.67,324.18,363.65,-2.0,0.44,-0.69,"4,234,015",200431.1,4550045.75,4467692.17,0.2,-5.47,3.91,-3.02,370.62,289.09,-289.09,-289.09,53.0
06/02/2026,1630,HELE,26.73,+0.26%,1.69,33.734,13.85,25.05,21.02,20.46,-2.0,-0.79,-0.35,"487,391",-200168.27,678778.11,649820.36,-19.18,84.47,11.61,-1.44,27.17,14.45,28.04,28.04,25.0
06/02/2026,1630,HII,293.66,-0.93%,12.06,460.0,215.045,319.85,358.83,344.71,-3.0,-0.11,-0.47,"510,694",-200441.2,507697.67,514806.97,-44.99,-25.34,-10.84,-8.49,441.62,311.18,441.62,340.12,40.0
06/02/2026,1630,HIMS,27.51,-0.90%,1.61,70.43,13.74,25.31,24.49,34.23,9.0,0.7,0.51,"14,622,749",101309.58,2.744916795E7,3.357963444E7,-72.74,38.66,23.42,8.39,32.3,15.6,32.3,-22.09,47.0
06/02/2026,1630,HLN,8.70,-1.58%,0.19,11.3,8.69,9.12,9.46,9.76,-4.0,-0.16,-0.6,"6,222,447",-100130.17,8395399.76,8379042.73,-35.08,-12.74,-5.13,-5.54,11.53,9.11,11.53,9.05,40.0
06/02/2026,1630,HLT,332.85,+0.06%,8.05,344.75,241.45,321.85,319.84,292.4,-3.0,0.53,-0.71,"1,249,260",-200329.03,1603946.7,1710406.59,-1.95,7.98,4.62,-1.39,345.31,290.56,345.31,338.03,39.0
06/02/2026,1630,HOOD,88.16,-2.83%,6.52,153.8599,63.515,79.4,77.46,103.71,-1.0,0.92,-0.78,"26,398,406",101074.03,3.000302745E7,2.940179851E7,54.4,25.75,14.27,3.91,93.31,64.44,-64.44,94.02,40.0
06/02/2026,1630,HPP,13.48,+10.13%,0.72,21.7,5.26,11.49,8.85,12.22,2.0,0.9,0.45,"1,764,455",-100300.03,1274288.57,1248408.47,8.3,144.65,24.81,11.77,12.16,5.41,-5.41,-10.1,43.0
06/02/2026,1630,HQY,88.34,-2.54%,2.84,116.65,72.76,85.23,83.62,88.43,-1.0,-1.0,-0.8,"1,068,359",-100437.03,982360.32,996341.14,-19.98,5.95,6.38,-2.41,88.06,75.6,-75.6,95.02,62.0
06/02/2026,1630,HSI:HK,26038.32,0.00%,435.18,28056.1,23185.58,25887.08,25741.61,26005.21,3.0,0.34,0.43,<empty>,NaN,NaN,NaN,NaN,2.77,0.29,4.13,27024.61,24204.44,-24204.44,-24727.03,NaN
06/02/2026,1630,HSY,184.09,-1.24%,3.88,239.48,158.67,190.47,195.72,193.94,-3.0,-0.33,-0.44,"1,282,351",-100136.51,1905922.94,1885600.23,-29.92,-9.27,-3.98,-6.57,236.62,180.21,-180.21,200.04,40.0
06/02/2026,1630,HTZ,5.21,+0.77%,0.29,8.44,3.775,5.56,5.71,5.46,8.0,-0.12,0.4,"5,894,346",-200336.23,1.174813255E7,1.039833824E7,-35.89,0.58,0.19,-5.1,8.3,4.51,8.3,-5.07,45.0
06/02/2026,1630,HUBS,240.16,-8.41%,20.78,611.0,173.25,209.75,221.21,342.72,12.0,1.0,0.78,"2,696,487",200976.03,1882982.68,1766163.12,-1.36,-1.08,15.18,20.8,297.61,173.13,-173.13,-173.13,44.0
06/02/2026,1630,HUM,320.88,-2.26%,7.24,333.31,163.11,294.62,237.87,245.04,-1.0,-0.91,-0.57,"915,551",0.0,1747463.8,1726902.85,-68.48,81.34,4.86,3.95,316.08,163.5,-163.5,-240.17,39.0
06/02/2026,1630,HYG,79.90,+0.08%,0.27,81.36,78.565,79.92,79.94,80.48,-2.0,-0.68,-0.51,"24,956,942",100109.44,4.441873401E7,5.12825245E7,-33.3,0.67,0.45,-0.41,81.31,79.45,81.31,80.02,NaN
06/02/2026,1630,HYLS,40.90,+0.05%,0.09,42.4036,40.01,40.89,40.87,41.52,6.0,0.7,0.41,"109,845",-200000.4,290121.56,274494.46,8.67,0.64,0.15,0.15,42.27,40.44,42.27,-41.05,NaN
06/02/2026,1630,IAK,129.11,+0.76%,2.33,138.66,124.62,131.5,130.97,132.33,1.0,-0.43,0.18,"50,809",200024.5,45148.96,55228.49,-44.82,1.18,-4.11,-0.34,136.62,125.45,-125.45,136.09,NaN
06/02/2026,1630,IBB,164.27,-3.01%,2.87,179.64,122.55,169.43,169.48,163.27,-2.0,-0.4,-0.4,"1,952,054",0.0,1459744.34,1540202.58,102.71,-3.44,0.15,-4.63,177.33,160.48,177.33,-162.09,NaN
06/02/2026,1630,IBIT,38.05,-6.03%,1.99,71.82,35.3,43.84,42.42,50.91,-15.0,-0.58,-0.32,"74,931,160",0.0,4.18944848E7,4.661851326E7,173.39,-1.53,-12.59,-8.45,47.15,37.45,47.15,47.15,NaN
06/02/2026,1630,IDX,11.13,+1.46%,0.57,17.55,10.67,11.85,12.99,15.38,5.0,0.07,0.47,"65,275",-200200.06,75282.4,68549.58,138.07,-19.41,-6.86,2.87,15.31,11.05,-11.05,-11.05,NaN
06/02/2026,1630,IDXX,550.82,-2.82%,12.48,769.98,506.91,552.32,563.82,637.25,-1.0,-0.61,-0.82,"669,076",-100132.03,586148.89,576197.16,-0.76,-2.45,0.92,-3.03,651.62,523.13,-523.13,-523.13,42.0
06/02/2026,1630,IEF,94.24,+0.07%,0.43,98.045,92.945,94.22,94.84,96.1,-2.0,0.33,-0.79,"15,396,717",200010.49,8795855.48,9658101.35,170.75,-0.84,0.82,-0.32,97.62,93.09,-93.09,-93.09,NaN
06/02/2026,1630,IFF,73.24,-1.37%,1.7,84.45,59.14,76.1,73.33,69.34,-3.0,-0.49,-0.5,"1,886,461",-100533.03,1816482.98,1862024.8,41.0,0.92,-0.62,-6.14,84.18,65.51,84.18,-71.08,43.0
06/02/2026,1630,IGLB,49.92,+0.02%,0.44,52.5999,48.49,49.58,49.7,50.67,-2.0,0.8,-0.87,"549,282",-200112.56,1470641.65,1758397.27,-18.18,0.87,2.07,-0.32,51.62,48.09,-48.09,50.02,NaN
06/02/2026,1630,IGSB,52.29,-0.02%,0.09,53.25,52.12,52.37,52.46,52.82,-2.0,-0.57,-0.68,"1,986,109",200003.03,3469415.43,3794570.74,-33.86,-0.23,0.08,-0.36,53.62,52.09,-52.09,53.02,NaN
06/02/2026,1630,IIGD,24.505,+0.04%,0.06,25.08,24.3,24.51,24.57,24.78,9.0,0.51,0.7,851,100000.14,5165.46,7367.97,-80.88,-0.41,0.45,0.02,25.62,24.09,-24.09,-24.09,NaN
06/02/2026,1630,IJT,163.55,+0.68%,2.3,165.61,127.77,162.07,156.73,147.21,1.0,-0.66,0.4,"140,646",-100019.11,139029.83,129407.04,22.19,11.96,2.98,-0.5,165.18,139.44,166.04,166.04,NaN
06/02/2026,1630,ILMN,162.55,-1.13%,8.51,165.97,78.79,146.98,135.31,122.9,-1.0,1.0,-0.98,"2,114,572",100242.03,1567663.11,1582385.32,-25.52,28.37,14.87,2.43,150.12,115.56,-115.56,-135.16,41.0
06/02/2026,1630,INDA,48.03,+0.08%,0.37,56.01,45.2118,48.45,48.5,51.84,-2.0,-0.69,-0.4,"3,844,477",0.0,7469269.35,8659911.84,-57.54,2.83,0.4,-1.36,52.31,45.44,52.31,-47.09,NaN
06/02/2026,1630,INDY,42.28,-0.05%,0.26,54.87,40.8201,42.67,43.1,48.44,-2.0,-0.73,-0.59,"69,452",-100042.15,153258.17,157806.38,-78.35,0.21,-0.07,-1.05,46.61,41.44,-41.44,-42.09,NaN
06/02/2026,1630,INFL,52.28,+0.97%,0.53,55.17,40.94,52.83,52.7,47.82,1.0,0.0,0.37,"134,979",-200125.06,294300.38,284114.74,-82.21,0.73,-1.6,0.1,54.62,50.5,-50.5,54.14,NaN
06/02/2026,1630,INMD,13.50,-0.66%,0.17,16.74,12.72,13.89,13.97,14.44,-2.0,-0.43,-0.27,"558,019",-100126.08,863180.03,918386.02,-49.36,-1.46,-4.26,-3.91,15.31,13.56,15.31,14.17,40.0
06/02/2026,1630,INTC,107.93,-1.28%,5.43,132.75,18.965,116.26,84.99,50.02,-5.0,-0.47,0.0,"105,279,938",501298.17,1.3069077205E8,1.2156868696E8,-38.97,124.71,-0.22,-10.72,133.15,41.44,133.15,-102.09,36.0
06/02/2026,1630,INVH,28.87,-0.79%,0.42,34.25,24.25,28.88,27.35,27.71,-4.0,-0.75,-0.2,"5,520,107",0.0,5652888.62,6070357.51,-17.47,16.18,0.42,-1.74,29.06,24.5,-24.5,30.02,40.0
06/02/2026,1630,IONQ,71.40,+3.06%,8.08,84.64,25.89,57.98,45.29,48.13,-2.0,1.0,-0.7,"27,519,920",300118.33,3.176328388E7,2.952544503E7,-46.76,156.93,44.8,1.8,66.06,26.44,-26.44,-46.09,44.0
06/02/2026,1630,IPO,57.57,-0.95%,3.1,58.74,39.305,52.11,48.3,47.48,-1.0,1.0,-0.88,"58,570",200127.02,30456.45,27450.08,234.61,37.04,17.56,3.25,54.06,39.44,-39.44,-48.14,NaN
06/02/2026,1630,IRM,128.46,+1.65%,1.49,134.09,77.77,127.35,117.42,101.47,1.0,-0.66,0.28,"1,465,269",100839.23,1517216.76,1502724.57,-28.44,27.25,3.63,1.29,134.18,97.44,134.18,-122.09,44.0
06/02/2026,1630,IRT,15.84,-0.13%,0.31,18.74,14.6,16.39,15.88,16.53,-6.0,-0.7,-0.06,"2,537,751",0.0,2435173.93,2448222.63,24.77,6.52,-2.58,-3.65,17.06,15.41,17.05,17.05,40.0
06/02/2026,1630,ITA,228.33,-0.69%,5.48,250.65,175.5951,225.16,223.9,218.61,-2.0,-0.56,-0.79,"974,311",-100228.57,937147.35,1174078.93,47.37,2.1,3.68,-3.07,247.62,209.44,-209.44,236.03,NaN
06/02/2026,1630,ITB,93.25,+0.25%,2.49,118.0,84.98,91.23,93.04,101.31,9.0,0.59,0.75,"1,713,510",100437.09,2277089.5,2366180.66,-30.83,2.45,6.56,0.08,104.62,85.09,-85.09,-85.09,NaN
06/02/2026,1630,ITW,248.58,+1.13%,1.67,303.155,238.82,250.96,259.42,260.5,1.0,0.12,0.56,"1,251,074",-100125.03,1330883.19,1314098.2,6.98,-4.59,-0.35,-0.42,288.62,244.09,288.62,262.17,39.0
06/02/2026,1630,IVOL,17.74,-0.17%,0.11,20.255,17.7,18.03,18.33,19.02,3.0,0.0,0.26,"64,322",-100135.39,310141.75,288488.03,-44.89,-4.52,-1.55,-0.39,19.59,18.03,19.59,18.17,NaN
06/02/2026,1630,IWC,191.33,-0.09%,5.13,193.24,119.51,186.51,177.12,162.19,-3.0,-0.88,-0.48,"46,993",-200325.18,146029.68,130956.55,-77.66,19.14,7.16,-0.83,190.15,153.44,-153.44,193.03,NaN
06/02/2026,1630,IWF,128.29,-0.37%,1.66,129.14,100.425,124.77,117.91,116.49,-1.0,0.95,-0.35,"4,138,759",-100128.57,6559255.85,8810857.21,-11.68,19.31,3.38,0.92,126.12,102.44,-102.44,-122.14,NaN
06/02/2026,1630,IWM,291.66,+0.93%,6.07,292.74,205.55,284.44,271.85,254.54,1.0,0.85,0.45,"18,049,637",100034.5,3.112306948E7,3.647250217E7,-34.14,16.87,5.69,-0.13,288.17,239.44,-239.44,293.03,NaN
06/02/2026,1630,IWN,215.00,+1.06%,3.59,215.7,150.23,210.83,203.78,188.72,1.0,0.81,0.52,"747,491",100226.42,816128.09,815320.74,15.53,12.71,4.33,-0.17,213.17,182.5,216.04,216.04,NaN
06/02/2026,1630,IWO,382.39,+0.79%,9.38,383.95,272.05,371.12,351.04,332.14,1.0,0.87,0.45,"551,029",0.0,424559.13,452265.26,135.2,20.95,6.94,-0.1,376.17,300.44,-300.44,384.03,NaN
06/02/2026,1630,J,121.94,-0.88%,4.18,168.44,105.68,117.53,123.58,138.34,13.0,0.46,0.92,"990,331",100435.13,1139333.58,1106264.24,-36.04,-5.05,7.33,2.51,140.62,106.13,-106.13,-106.13,43.0
06/02/2026,1630,JACK,12.75,-5.42%,0.81,25.34,8.915,12.25,11.88,16.83,5.0,0.64,0.66,"510,770",100897.05,904979.4,906298.16,-28.8,31.31,18.27,10.29,15.61,9.43,-9.43,-10.11,44.0
06/02/2026,1630,JBHT,275.59,-1.38%,10.53,279.92,130.12,257.51,240.78,195.28,-1.0,0.99,-0.7,"962,640",300441.12,923519.58,957988.13,-25.41,29.12,5.4,1.13,265.08,194.53,-194.53,-231.14,28.0
06/02/2026,1630,JBLU,4.93,-4.27%,0.33,6.5,3.84,4.97,4.92,4.91,-2.0,-0.66,-0.62,"23,444,956",201190.48,2.879149102E7,2.829096541E7,-6.8,8.35,7.64,-8.36,6.31,4.51,6.31,6.04,38.0
06/02/2026,1630,JBSAY,14.44,0.00%,0.42,15.5,13.01,14.36,14.79,12.75,4.0,0.12,0.37,<empty>,-300000.03,264987.4,239337.09,-42.94,2.12,0.77,3.81,-9.223372036854776E18,13.03,-13.03,-13.03,NaN
06/02/2026,1630,JETS,28.50,-1.49%,1.5,31.33,21.0312,27.17,26.25,26.58,-2.0,-0.91,-0.85,"2,370,643",-100157.59,4187062.38,4978976.65,-25.87,12.78,11.55,-2.2,29.31,24.44,-24.44,30.02,NaN
06/02/2026,1630,JNJ,222.89,-0.28%,3.14,251.71,149.04,227.3,231.98,212.36,-6.0,-0.24,-0.45,"5,653,739",-200325.03,7573503.36,7650454.07,-34.51,-8.7,-2.63,-3.43,247.41,220.15,-220.15,235.06,29.0
06/02/2026,1630,JNK,96.21,+0.04%,0.34,98.24,94.485,96.24,96.23,96.97,-2.0,-0.71,-0.51,"2,023,766",-100110.51,4031910.32,5441763.26,-1.58,0.78,0.46,-0.42,97.31,94.45,97.31,97.02,NaN
06/02/2026,1630,JOBY,11.87,-0.84%,0.75,20.95,7.4918,10.81,9.57,12.79,-3.0,1.0,-0.82,"29,677,407",200391.06,2.783862133E7,2.689616548E7,6.08,43.53,14.69,-3.5,11.06,8.44,-8.44,12.03,44.0
06/02/2026,1630,JOE,63.58,+1.29%,0.52,73.54,44.15,64.24,65.37,60.58,1.0,0.31,0.68,"146,768",-200139.2,233673.15,245984.75,-19.94,-1.2,-1.17,-1.0,74.62,60.45,-60.45,68.15,35.0
06/02/2026,1630,JOET,45.12,+0.76%,0.79,45.14,38.8005,43.62,42.42,42.33,9.0,1.0,0.64,"15,141",-100022.22,22006.19,22039.38,3.42,11.82,5.37,1.48,44.06,39.44,-39.44,-42.09,NaN
06/02/2026,1630,JPM,300.96,+1.48%,3.22,337.25,260.31,302.15,303.27,305.83,1.0,0.41,0.46,"8,279,333",-100139.51,8764103.9,9310330.37,-12.83,1.89,0.08,1.43,320.29,279.56,320.29,-294.08,28.0
06/02/2026,1630,JPXN,99.93,+0.49%,0.97,101.215,76.19,99.01,95.83,90.69,1.0,-0.59,0.56,"23,459",0.0,19335.45,41858.48,69.79,6.98,1.75,0.27,101.13,88.5,101.13,-96.08,NaN
06/02/2026,1630,JYNT,8.67,+1.17%,0.33,13.4692,7.5,8.74,8.77,9.04,-4.0,-0.45,-0.55,"67,751",200000.15,56605.65,69842.91,-71.64,1.05,-0.69,-5.35,9.55,8.5,10.04,10.04,45.0
06/02/2026,1630,K,83.44,0.00%,0.18,83.65,76.48,83.36,83.14,81.46,4.0,0.56,0.31,<empty>,-100010.01,3364959.52,3435920.58,1730.15,0.7,-0.06,0.36,84.1,76.54,84.1,-83.07,38.0
06/02/2026,1630,KBA,34.75,+3.09%,0.6,35.309,23.68,34.0,32.55,30.74,1.0,0.6,0.35,"45,710",100022.09,77827.46,90271.05,17.99,14.69,3.82,1.11,35.13,29.48,35.13,-33.07,NaN
06/02/2026,1630,KBWP,116.09,+0.13%,2.23,129.0,114.62,118.47,119.63,121.9,-7.0,-0.21,-0.26,"13,970",0.0,12288.42,12945.1,88.23,-1.74,-4.54,-0.35,126.62,116.13,126.62,-115.02,NaN
06/02/2026,1630,KCE,150.32,-1.47%,1.06,162.25,132.305,152.13,147.78,149.37,-1.0,-0.61,-0.31,"9,292",100125.54,14901.19,18073.0,18.91,9.6,-1.29,-0.54,156.29,132.45,156.29,-149.08,NaN
06/02/2026,1630,KDP,30.36,+0.53%,0.56,35.935,24.875,29.26,27.83,28.01,7.0,0.97,0.57,"10,042,658",100026.03,1.109409197E7,1.08931203E7,8.45,18.18,3.16,1.07,30.13,25.4,31.04,31.04,35.0
06/02/2026,1630,KEMX,53.45,+0.91%,1.97,53.54,30.22,49.64,46.0,39.79,8.0,1.0,0.78,"109,753",200126.01,18966.35,25195.7,470.75,30.32,12.1,3.73,50.15,39.44,-39.44,-46.09,NaN
06/02/2026,1630,KHC,23.33,-1.27%,0.43,29.19,21.035,23.52,22.8,24.36,-3.0,-0.92,-0.53,"12,966,372",-100032.19,1.442203244E7,1.523758028E7,-12.6,4.76,-0.09,-4.66,25.59,21.48,-21.48,25.03,39.0
06/02/2026,1630,KLAC,2045.20,+5.42%,85.84,2060.08,756.335,1862.27,1751.72,1359.47,1.0,0.66,0.69,"1,058,143",100451.23,956912.58,989832.57,2.79,34.57,16.44,6.1,1939.26,1321.59,2060.04,2060.04,41.0
06/02/2026,1630,KMX,43.93,-2.42%,3.11,71.99,30.26,39.83,40.62,44.11,-1.0,0.65,-0.96,"3,001,332",-100648.35,3249263.65,3240855.99,-14.4,8.98,18.57,0.07,49.35,35.08,-35.08,45.02,11.0
06/02/2026,1630,KNX,77.62,-0.39%,4.56,78.84,38.625,68.72,64.18,53.32,-1.0,1.0,-0.99,"3,261,782",301342.13,3798143.25,3689632.51,-9.16,34.8,12.05,3.47,72.08,52.53,-52.53,-59.14,35.0
06/02/2026,1630,KO,78.41,-0.29%,1.09,82.6635,65.3538,80.03,77.83,73.05,-9.0,-0.41,-0.19,"12,498,074",-300120.03,1.446447526E7,1.508984955E7,-37.14,3.06,-3.44,-2.49,83.09,74.47,83.09,83.09,33.0
06/02/2026,1630,KR,61.56,+0.07%,2.66,76.58,58.6,65.68,67.99,66.87,-8.0,0.0,-0.19,"7,846,257",-200238.03,5525356.3,6185601.29,21.72,-12.73,-9.89,-3.3,77.56,63.03,77.56,72.09,12.0
06/02/2026,1630,KRE,69.54,+1.80%,1.03,74.08,55.55,68.96,68.3,65.84,1.0,0.57,0.49,"19,075,261",0.0,1.43525225E7,1.618516877E7,7.21,5.6,2.39,-0.01,71.31,62.51,71.31,-66.11,NaN
06/02/2026,1630,KSA,38.71,+1.71%,0.2,41.5,35.81,38.57,39.0,38.54,1.0,0.39,0.52,"690,264",0.0,540561.63,695820.16,139.9,-2.17,0.91,0.0,41.31,36.6,41.31,39.15,NaN
06/02/2026,1630,KSS,15.85,+6.38%,1.4,25.22,7.93,13.37,13.63,16.6,11.0,0.52,0.99,"6,658,634",100170.04,4917003.64,5522066.44,37.09,23.06,35.24,1.67,17.58,11.08,-11.08,16.03,58.0
06/02/2026,1630,KVUE,17.32,-0.17%,0.18,23.63,14.02,17.4,17.39,17.47,-3.0,-0.38,-0.69,"17,689,144",-100216.03,1.9171328E7,2.060656944E7,-25.41,-0.35,0.81,-1.81,18.6,17.39,-17.39,18.04,45.0
06/02/2026,1630,KW,11.00,-0.09%,0.02,11.085,6.215,11.0,10.94,9.75,-3.0,-0.05,-0.31,"704,078",100015.09,968593.11,1149621.43,8.18,1.57,-0.27,-0.27,11.17,11.43,11.17,11.17,44.0
06/02/2026,1630,KWEB,28.33,+3.55%,1.03,43.365,26.23,28.32,28.58,34.79,3.0,0.6,0.34,"36,430,555",100232.07,2.77183475E7,2.784186855E7,31.41,0.11,0.96,6.26,31.58,26.03,31.58,-26.03,NaN
06/02/2026,1630,LAMR,150.48,+0.01%,2.59,158.6899,113.66,149.72,139.04,130.38,-5.0,-0.82,-0.27,"450,129",-200125.14,622018.64,613087.31,-56.14,19.42,2.03,-1.08,159.16,122.43,159.16,-144.11,46.0
06/02/2026,1630,LCID,6.17,-7.22%,0.33,33.7,5.55,6.12,7.34,13.07,-1.0,0.81,-0.87,"12,594,753",-701021.28,1.628688521E7,1.405544286E7,1.88,-35.46,7.68,-4.49,11.58,6.07,-6.07,-6.07,43.0
06/02/2026,1630,LEVI,22.86,-1.38%,1.0,24.82,16.5,22.21,21.55,21.44,-2.0,-0.69,-0.55,"2,136,224",-100438.39,2992894.25,2876526.58,-45.81,20.32,9.06,-3.63,24.29,18.5,24.04,24.04,15.0
06/02/2026,1630,LFMD,4.69,+1.30%,0.18,15.84,2.56,4.49,4.24,4.54,2.0,0.65,0.39,"667,454",302616.31,1058207.15,1236984.97,-40.46,31.01,10.61,2.18,5.18,3.6,5.18,-4.07,44.0
06/02/2026,1630,LFST,7.76,-2.27%,0.18,8.89,3.74,7.75,7.15,6.48,6.0,-0.63,0.32,"1,906,489",-100411.17,4288572.68,3901689.91,-78.06,21.82,-0.51,-0.64,9.17,6.55,9.17,-7.06,45.0
06/02/2026,1630,LH,257.70,+0.32%,3.03,293.72,241.81,256.7,262.38,268.22,-3.0,0.31,-0.68,"506,831",-200330.23,643974.88,620476.56,-30.8,-5.51,0.83,-1.92,284.62,249.19,-249.19,265.03,35.0
06/02/2026,1630,LI,15.43,+6.12%,1.55,32.025,14.525,16.99,17.7,19.41,1.0,0.1,0.12,"8,536,877",-100149.01,3976848.28,4004877.34,302.05,-16.05,-7.55,-0.71,20.13,15.03,20.13,20.13,59.0
06/02/2026,1630,LII,516.37,+3.95%,10.39,689.44,434.06,506.2,493.61,513.75,7.0,0.6,0.51,"554,637",100142.23,469612.99,455057.2,73.31,11.09,2.98,3.89,557.62,434.45,-434.45,-475.07,39.0
06/02/2026,1630,LIN,495.91,-0.30%,6.74,521.28,387.78,505.0,501.23,465.51,-6.0,-0.39,-0.29,"2,994,889",-200025.03,2137818.47,2311158.7,109.32,0.42,-2.93,-1.21,521.21,471.57,521.21,521.06,41.0
06/02/2026,1630,LIT,86.40,+0.36%,1.98,91.98,35.86,86.91,82.14,67.57,8.0,-0.36,0.44,"720,179",400037.02,438302.68,409060.59,-39.05,16.07,4.06,-1.26,92.15,67.5,92.15,-81.09,NaN
06/02/2026,1630,LLY,1064.15,-1.67%,40.04,1149.1,623.78,1027.22,960.91,941.45,-3.0,-0.97,-0.74,"2,403,964",200438.23,3152467.08,3088192.7,-20.86,11.49,7.7,-5.56,1070.06,851.23,-851.23,1149.03,44.0
06/02/2026,1630,LMND,58.06,-1.12%,2.2,99.9,34.1,55.7,59.77,64.01,-1.0,0.63,-0.68,"1,375,459",100781.54,1624571.88,1765884.05,1.75,-4.93,6.57,0.03,73.31,51.11,-51.11,60.04,43.0
06/02/2026,1630,LMT,513.43,-0.59%,7.09,692.0,410.11,521.35,559.48,533.69,-3.0,-0.36,-0.71,"1,077,152",-100135.51,1381043.47,1499697.75,-7.38,-16.87,-2.82,-4.43,676.59,500.18,-500.18,541.03,33.0
06/02/2026,1630,LNG,236.01,+3.57%,6.84,300.89,186.2001,241.4,259.6,230.16,2.0,0.03,0.52,"3,089,787",-100147.51,2741624.16,3095438.13,45.05,-14.44,-4.73,2.81,301.44,229.04,301.44,-224.02,45.0
06/02/2026,1630,LOGI,126.69,+0.02%,8.42,129.66,82.0,108.96,100.6,103.02,4.0,1.0,1.0,"1,253,707",200446.03,1091397.62,1105989.6,4.2,38.13,20.42,13.36,113.06,87.5,-87.5,-100.12,43.0
06/02/2026,1630,LOTMY,29.8205,+0.63%,0.47,33.1,21.65,30.24,30.15,26.74,6.0,0.16,0.31,"7,951",100100.03,19886.82,21482.23,24.35,2.62,-0.78,1.52,33.31,27.57,33.31,-29.06,NaN
06/02/2026,1630,LOW,206.64,-0.51%,4.63,293.06,204.51,219.86,231.87,248.01,-2.0,-0.2,-0.43,"2,958,269",100333.09,2749111.35,2738124.2,-9.53,-12.43,-5.22,-5.18,259.62,208.08,259.62,236.17,53.0
06/02/2026,1630,LQD,108.92,-0.01%,0.62,112.93,106.91,108.59,108.9,110.37,-2.0,0.7,-0.84,"14,321,243",-400009.55,3.083344582E7,3.73648389E7,-46.12,0.24,1.17,-0.31,111.62,107.09,-107.09,110.02,NaN
06/02/2026,1630,LRCX,334.41,+5.45%,17.52,335.55,81.95,299.92,267.49,195.06,1.0,1.0,0.66,"8,604,744",-100371.51,9237729.12,9769320.67,-7.89,50.63,20.31,5.16,310.06,194.59,-194.59,-264.09,40.0
06/02/2026,1630,LUV,42.34,-0.98%,2.0,55.11,28.975,40.75,39.83,38.68,-3.0,0.56,-0.74,"4,138,918",0.0,7120306.69,7995236.22,-25.85,10.75,10.38,-2.24,48.62,36.41,-36.41,44.04,35.0
06/02/2026,1630,LUXE,7.33,+1.81%,0.35,11.38,6.54,7.67,8.19,8.65,9.0,0.08,0.36,"319,008",-100680.1,257422.24,250702.97,59.55,-5.54,-5.91,5.62,10.62,7.09,-7.09,-7.09,79.0
06/02/2026,1630,LVS,51.21,-3.87%,0.99,70.4545,40.035,51.24,53.14,57.08,-1.0,0.38,-0.83,"4,265,847",100139.28,4293527.58,4195095.73,0.69,-5.73,2.03,0.2,58.31,48.07,-48.07,-48.07,35.0
06/02/2026,1630,LW,41.61,-2.26%,0.79,67.07,37.62,42.53,42.51,50.58,-2.0,-0.81,-0.65,"1,646,626",-100266.51,2022488.19,2763105.29,0.51,8.13,-4.67,-4.41,47.62,38.41,-38.41,-40.08,34.0
06/02/2026,1630,LYB,67.31,+0.25%,2.82,83.94,41.58,71.44,73.35,56.78,2.0,0.0,0.37,"3,045,992",-100261.51,6341611.51,7603108.35,-24.18,-12.25,-9.2,-1.52,84.43,59.62,84.43,75.14,41.0
06/02/2026,1630,LYFT,14.11,-5.05%,0.48,25.54,12.46,13.79,13.81,17.37,-1.0,0.85,-0.77,"15,796,695",100262.51,1.463246453E7,1.624874283E7,10.27,6.17,5.53,2.1,15.31,12.44,15.31,-13.11,44.0
06/02/2026,1630,LYV,167.64,-1.65%,1.98,175.25,125.34,166.16,160.22,153.47,-1.0,-0.7,-0.47,"2,529,048",100434.19,2757312.77,2881415.87,8.03,9.83,0.09,0.37,173.12,144.45,173.12,-160.08,45.0
06/02/2026,1630,M,21.67,-0.60%,1.45,24.41,10.54,19.97,19.38,19.46,-3.0,0.83,-0.88,"14,293,167",-200161.01,5658787.53,6817674.83,162.57,19.72,17.01,-3.47,21.06,17.51,-17.51,23.03,1.0
06/02/2026,1630,MA,477.68,-3.55%,6.16,601.77,477.68,495.41,501.04,540.93,-1.0,-0.39,-0.5,"4,924,846",-300026.03,3544305.29,3512665.39,49.4,-2.84,-5.56,-3.25,534.23,481.45,534.23,513.09,40.0
06/02/2026,1630,MAC,22.24,-0.36%,0.32,22.925,15.48,22.13,21.21,18.92,-3.0,-0.56,-0.32,"4,115,865",100129.13,2838408.43,2608557.25,-54.0,14.76,1.69,-2.58,23.31,18.59,-18.59,23.03,47.0
06/02/2026,1630,MAR,373.76,-0.85%,11.22,388.37,253.555,363.91,355.19,311.71,-3.0,-0.66,-0.6,"1,186,307",-200331.03,1432234.76,1466680.27,-8.58,12.09,4.06,-3.11,380.29,311.59,-311.59,388.03,43.0
06/02/2026,1630,MARA,14.28,-3.84%,0.83,23.45,6.66,13.34,11.38,12.66,-1.0,-0.99,-0.55,"38,759,908",200905.23,4.523480002E7,4.551394912E7,-22.81,77.61,17.24,1.49,14.06,8.43,-8.43,-12.09,39.0
06/02/2026,1630,MCD,276.36,+0.77%,2.78,341.75,271.975,279.25,293.57,307.16,-4.0,0.29,-0.78,"4,202,175",-400022.16,3687696.19,3568090.2,-3.76,-10.07,-2.16,-0.58,333.62,272.15,-272.15,-272.15,45.0
06/02/2026,1630,MCHP,96.96,+5.94%,2.24,105.91,48.52,96.18,83.89,70.87,1.0,0.53,0.19,"13,400,501",100152.16,1.022505003E7,1.007482662E7,4.46,48.3,4.53,0.96,106.16,59.44,106.16,-89.07,45.0
06/02/2026,1630,MCK,736.78,+0.27%,12.05,999.0,637.0,752.37,813.16,818.9,-3.0,0.23,-0.51,"885,196",-200027.07,1062751.24,1009206.46,-6.99,-15.54,-5.05,-2.67,993.62,724.15,-724.15,782.09,44.0
06/02/2026,1630,MCO,453.60,-2.28%,9.25,546.88,402.28,447.62,446.39,476.95,-1.0,0.74,-0.73,"1,040,426",100133.03,1059452.89,1158597.96,0.94,3.38,2.3,0.7,483.28,422.56,483.28,-426.11,35.0
06/02/2026,1630,MCW,7.10,0.00%,0.03,7.155,4.61,7.06,7.01,5.98,5.0,0.2,0.41,<empty>,-100000.01,3447986.43,3995428.99,1943.95,2.01,1.0,0.28,7.11,7.62,7.11,7.11,55.0
06/02/2026,1630,MDB,398.46,-1.34%,31.55,444.72,190.36,317.46,277.84,326.43,4.0,1.0,0.96,"2,469,926",101776.02,2132873.37,2263189.3,-6.93,59.79,20.75,22.35,349.09,216.36,-216.36,-282.16,59.0
06/02/2026,1630,MDLZ,61.07,+0.03%,0.5,71.15,51.2008,61.47,59.45,58.92,-3.0,-0.63,-0.43,"7,067,750",-100031.51,8076473.3,8794495.28,6.93,7.01,-0.92,-2.12,63.09,54.56,63.09,63.09,39.0
06/02/2026,1630,MELI,1672.83,-3.36%,54.36,2645.22,1495.0,1666.34,1727.2,2020.2,-1.0,0.55,-0.73,"503,019",-200541.16,549285.23,552299.45,-56.77,-2.68,5.48,-1.34,1903.29,1495.13,-1495.13,-1495.13,44.0
06/02/2026,1630,META,597.63,-0.47%,11.96,796.25,520.26,612.27,618.49,664.75,-2.0,-0.52,-0.4,"17,444,341",-100136.23,1.689580033E7,1.607716146E7,53.67,3.18,-2.22,-5.93,692.31,520.45,692.31,643.03,40.0
06/02/2026,1630,MGM,48.36,-4.60%,4.49,51.59,29.185,39.51,38.58,35.91,9.0,1.0,1.0,"9,658,045",200528.02,5262657.72,5218803.3,60.66,31.48,30.39,12.65,41.25,33.59,-33.59,-35.08,40.0
06/02/2026,1630,MGPI,16.82,-1.46%,0.45,33.378,16.45,18.3,18.84,23.15,-3.0,-0.6,-0.6,"196,091",0.0,214563.94,240578.05,36.21,-8.29,-7.94,-8.88,21.31,16.5,21.31,20.16,40.0
06/02/2026,1630,MICC,16.80,+3.51%,0.56,19.93,12.94,15.67,14.81,NaN,1.0,0.73,0.72,"1,626,335",-100267.12,1585123.37,1543508.17,95.55,16.42,6.73,2.56,17.11,13.23,17.11,17.11,NaN
06/02/2026,1630,MKOR,68.41,-1.30%,3.34,69.355,24.2099,63.33,55.26,40.81,8.0,0.85,0.7,"23,285",-100200.15,25461.64,29452.5,-77.24,53.29,14.86,2.84,65.15,41.44,-41.44,-57.09,NaN
06/02/2026,1630,MLCO,5.75,-1.54%,0.12,10.15,5.185,5.5,5.61,7.27,6.0,0.91,0.83,"949,841",100254.08,1780356.59,1762705.07,-66.12,-0.35,3.98,3.79,6.62,5.06,-5.06,-5.06,40.0
06/02/2026,1630,MLM,576.93,+1.05%,16.78,710.97,525.38,571.75,592.7,619.82,9.0,0.44,0.72,"491,057",100130.03,495370.26,533916.14,1.97,-3.67,3.81,0.31,664.62,525.09,-525.09,-525.09,45.0
06/02/2026,1630,MNDY,91.51,-4.15%,7.24,316.98,57.5,77.43,71.49,129.17,3.0,1.0,0.83,"2,747,466",100673.03,1896338.61,1816183.01,10.44,34.38,17.26,18.09,88.15,58.36,-58.36,-66.12,47.0
06/02/2026,1630,MNSO,13.48,-0.37%,0.7,26.74,12.3,13.91,14.97,19.24,3.0,0.15,0.67,"1,037,335",-200351.01,491636.89,495657.45,155.06,-17.55,-5.2,7.24,18.53,12.03,18.53,-12.03,54.0
06/02/2026,1630,MNST,88.24,-0.97%,1.09,89.86,58.09,85.57,79.19,74.47,-4.0,-0.95,-0.49,"7,202,662",200026.03,5128548.93,5374691.33,19.5,21.26,-0.34,0.28,89.16,71.43,-71.43,-75.17,45.0
06/02/2026,1630,MO,69.24,+0.86%,1.72,74.56,54.7,71.41,68.55,64.37,-9.0,-0.44,0.0,"7,723,281",-200227.23,8969636.69,9414309.33,-7.5,5.74,-6.08,-3.79,75.21,63.47,75.21,74.09,40.0
06/02/2026,1630,MOH,179.86,-1.85%,4.58,311.525,121.06,184.68,166.75,166.7,2.0,-0.57,0.48,"892,989",-100059.51,1188638.89,1427899.64,-6.68,32.43,-2.72,1.03,201.17,131.44,201.17,-173.05,35.0
06/02/2026,1630,MOO,79.76,+0.54%,0.87,86.5583,69.32,81.3,82.69,77.76,1.0,0.01,0.48,"294,914",-100103.17,418830.37,453445.0,68.28,-5.73,-2.27,-0.67,87.37,80.07,87.37,83.17,NaN
06/02/2026,1630,MOVE:GIF,73.4328,+0.14%,5.61,115.0172,55.7659,74.64,78.16,73.44,2.0,-0.28,0.57,<empty>,NaN,NaN,NaN,NaN,-18.58,-14.69,5.3,115.46,66.31,-66.31,86.1,NaN
06/02/2026,1630,MP,72.24,+4.26%,4.82,100.2505,20.6,64.76,60.48,62.86,2.0,0.75,0.68,"6,571,954",100670.08,6304560.99,6107580.53,12.86,49.23,27.47,8.1,77.16,44.44,77.16,-54.08,45.0
06/02/2026,1630,MPC,263.06,+1.70%,5.58,264.84,155.93,252.59,241.33,202.07,2.0,0.64,0.49,"2,307,104",-100243.51,2345766.86,2567692.64,-13.58,10.46,1.36,4.67,264.08,211.31,-211.31,-234.17,43.0
06/02/2026,1630,MPLX,55.68,+1.25%,0.53,59.98,47.8,55.34,55.93,54.0,1.0,0.33,0.61,"924,008",300224.13,2128711.4,2002003.86,-40.76,-0.43,0.43,0.34,60.48,53.15,-53.15,57.04,43.0
06/02/2026,1630,MPNGY,21.47,+6.55%,1.07,37.88,18.53,20.96,21.28,24.11,3.0,0.58,0.37,"1,375,868",-100100.01,303823.14,357501.28,437.18,2.97,3.35,13.78,24.13,19.03,24.13,-19.03,59.0
06/02/2026,1630,MRNA,45.64,-0.91%,1.4,59.55,22.28,48.56,49.93,37.67,-2.0,-0.05,-0.33,"5,674,026",-100993.16,6524635.64,7304175.61,-49.56,-8.77,-5.13,-4.06,60.62,44.21,-44.21,59.15,41.0
06/02/2026,1630,MRVL,290.79,+32.52%,29.09,291.3,61.15,189.49,153.33,100.21,2.0,1.0,1.0,"103,591,184",101590.01,2.961257893E7,2.876814292E7,384.8,172.5,72.14,41.97,198.06,75.61,-75.61,-158.14,60.0
06/02/2026,1630,MSFT,441.31,-4.17%,15.1,555.45,356.28,421.28,405.44,457.76,-1.0,0.94,-0.68,"36,638,167",100433.03,3.548194491E7,3.461803576E7,-5.07,19.48,4.2,3.35,434.28,356.44,-356.44,-401.12,40.0
06/02/2026,1630,MSGS,382.72,+1.34%,11.29,384.7,186.0,353.33,338.01,270.32,6.0,0.81,0.78,"187,072",100235.44,233246.91,231497.28,-42.0,20.1,8.78,3.45,360.1,304.51,-304.51,-321.16,49.0
06/02/2026,1630,MSM,115.17,+2.94%,2.97,115.965,78.8,106.94,99.98,91.37,4.0,0.99,0.61,"853,254",100333.26,671115.67,682771.8,3.75,25.8,10.04,4.91,109.12,85.5,-85.5,-102.09,20.0
06/02/2026,1630,MSTR,136.08,-9.15%,12.46,457.22,104.165,169.82,156.02,205.31,-2.0,-0.48,0.0,"30,793,746",-100589.01,1.752448157E7,1.84006194E7,108.93,10.83,-18.33,-10.26,197.15,116.41,197.15,197.15,41.0
06/02/2026,1630,MTCH,35.32,-3.92%,0.38,39.2,28.81,36.1,34.73,33.62,-1.0,-0.34,-0.33,"2,964,507",-100143.51,3492659.33,4847430.85,-0.18,13.42,-1.56,-2.86,39.21,30.45,39.21,-35.08,43.0
06/02/2026,1630,MTDR,56.00,-0.12%,2.81,66.8387,37.14,57.03,59.44,49.03,3.0,0.04,0.5,"2,164,695",-100747.08,1746480.85,1827596.67,58.34,-7.68,-7.91,4.03,67.44,52.04,-52.04,-52.04,39.0
06/02/2026,1630,MTUM,326.03,+2.87%,9.34,326.35,229.29,304.99,279.46,258.32,8.0,0.93,0.49,"1,198,278",200031.04,1097764.56,1052855.39,6.35,32.94,10.77,3.62,308.12,229.44,-229.44,-287.09,NaN
06/02/2026,1630,MU,1064.10,+2.76%,123.33,1076.56,96.96,800.51,582.21,347.99,6.0,1.0,0.92,"46,934,293",101004.06,4.970163457E7,4.805466088E7,-36.35,189.28,56.13,15.22,819.15,311.43,-311.43,-635.17,15.0
06/02/2026,1630,MUR,37.96,+1.74%,1.59,43.34,20.87,38.28,39.17,32.45,3.0,0.04,0.36,"1,737,828",200158.51,1949919.18,2304270.9,20.64,-4.02,-6.13,4.89,43.39,32.58,43.39,-35.04,44.0
06/02/2026,1630,MUSA,526.13,+2.03%,25.56,609.8206,345.2301,555.27,528.96,430.37,2.0,-0.14,0.14,"370,627",101137.23,338255.32,351356.72,35.68,6.33,-6.94,2.85,610.18,396.61,610.18,-502.02,40.0
06/02/2026,1630,MZTI,108.83,-0.77%,1.82,190.96,108.07,113.84,127.01,157.61,-3.0,-0.33,-0.8,"332,857",-200425.21,353050.95,346610.39,-26.01,-21.41,-3.67,-4.72,170.62,110.07,170.62,120.17,54.0
06/02/2026,1630,N225:JP,66734.24,0.00%,2339.37,67231.28,37527.88,63176.81,58937.57,52035.15,-1.0,1.0,-0.69,<empty>,NaN,NaN,NaN,NaN,30.69,10.21,3.16,65169.06,50559.42,-50559.42,-59292.09,NaN
06/02/2026,1630,NBIS,260.58,-1.49%,20.62,278.8399,35.72,208.47,164.72,114.52,4.0,1.0,0.8,"13,888,152",200312.14,1.7080764E7,1.772086754E7,18.47,155.6,30.38,15.13,234.12,87.59,-87.59,-172.14,45.0
06/02/2026,1630,NBIX,154.84,-3.83%,2.16,162.39,122.1375,154.48,140.08,139.74,-1.0,-0.81,-0.2,"1,039,455",-200137.19,1186060.37,1150548.18,-20.63,16.81,-1.51,-0.99,162.12,125.48,162.12,162.12,40.0
06/02/2026,1630,NCLH,18.13,+0.39%,1.2,27.1799,14.5301,16.8,18.28,21.33,-2.0,0.49,-0.8,"14,752,656",-100260.21,2.26990069E7,2.294950312E7,-31.3,-6.45,18.81,-0.82,22.31,15.09,-15.09,19.02,40.0
06/02/2026,1630,NEE,85.68,+2.41%,3.27,98.75,67.2,90.8,92.2,85.16,1.0,0.0,0.08,"11,697,815",-100027.03,1.047735407E7,1.03567791E7,68.99,-7.72,-3.77,-1.8,99.21,87.1,99.21,96.15,34.0
06/02/2026,1630,NEM,109.50,+1.21%,3.56,134.88,52.08,111.58,111.29,100.62,4.0,0.34,0.49,"6,326,647",-100458.51,8135704.45,9081528.14,9.91,-3.77,-0.32,1.17,122.38,94.5,122.38,-104.03,36.0
06/02/2026,1630,NET,272.66,+0.68%,24.43,274.6299,158.83,220.19,210.98,205.23,4.0,1.0,1.0,"4,851,476",-301070.17,4599148.0,4377567.76,-13.07,32.73,35.15,19.53,259.17,164.36,-164.36,-186.13,41.0
06/02/2026,1630,NFLX,83.33,-2.94%,1.62,134.115,75.01,87.4,92.75,100.83,-6.0,-0.33,-0.32,"42,738,823",100132.32,3.799271222E7,3.882410438E7,-1.88,-12.79,-7.05,-3.51,109.32,85.15,109.32,91.09,31.0
06/02/2026,1630,NIKL,15.78,+2.14%,0.64,21.855,10.75,16.16,16.5,15.81,8.0,0.21,0.52,"161,606",0.0,151898.57,171723.13,-29.81,-4.1,2.33,1.22,19.31,14.5,19.31,-15.09,NaN
06/02/2026,1630,NKE,43.73,-4.79%,1.71,80.165,41.35,43.94,45.39,60.73,-3.0,-0.88,-0.82,"28,270,741",100140.42,2.438056572E7,2.264855603E7,32.9,-2.02,2.72,-7.68,59.62,41.1,-41.1,48.03,19.0
06/02/2026,1630,NLR,138.17,+4.79%,3.49,168.1199,96.8975,135.34,137.44,137.17,9.0,0.21,0.67,"689,222",-200239.15,457801.11,458065.85,-18.23,2.84,8.34,3.65,151.27,124.09,-124.09,-124.09,NaN
06/02/2026,1630,NNN,43.82,+1.39%,0.62,46.03,38.9,44.45,43.85,42.52,-5.0,-0.42,-0.44,"1,455,061",200124.11,1740843.12,1649751.01,-15.92,3.23,-1.15,-2.3,46.58,42.44,-42.44,45.08,44.0
06/02/2026,1630,NOAH,10.61,-0.38%,0.22,12.84,9.53,10.48,10.37,11.09,5.0,0.57,0.6,"79,187",100260.46,112126.12,114094.06,41.53,6.53,3.21,2.22,12.58,10.46,-10.46,-10.05,59.0
06/02/2026,1630,NORW,38.148,-0.45%,0.41,39.39,27.84,38.54,38.09,32.8,-7.0,-0.05,-0.12,"71,034",-100100.26,157279.62,183997.28,87.22,0.97,-2.16,-0.71,39.07,35.61,39.07,-37.04,NaN
06/02/2026,1630,NOW,127.65,-6.04%,13.53,211.47798,81.24,101.4,98.44,141.08,4.0,1.0,1.0,"40,768,032",200079.02,2.85310215E7,2.609535536E7,82.37,22.69,23.43,17.4,127.59,81.36,-81.36,-85.12,35.0
06/02/2026,1630,NSA,41.87,+1.01%,0.67,44.015,27.43,42.6,41.46,33.89,-3.0,-0.29,-0.31,"1,302,949",-100336.54,1028001.9,1599920.01,-2.17,8.73,0.87,-3.57,44.29,30.56,44.29,-41.09,42.0
06/02/2026,1630,NSC,307.55,+0.78%,6.02,326.0,243.7,313.57,304.65,294.61,-4.0,-0.51,-0.29,"667,135",-100426.04,1281067.8,1296755.2,-22.89,7.16,-3.91,-0.11,323.26,278.5,326.04,326.04,39.0
06/02/2026,1630,NSP,35.85,-2.50%,2.24,64.49,18.57,31.91,30.31,37.67,12.0,0.86,0.76,"538,089",-100190.51,828085.51,967116.45,-2.74,32.58,13.99,5.29,38.23,19.57,38.23,-28.13,41.0
06/02/2026,1630,NSSC,36.20,+2.64%,0.73,48.12,26.44,37.87,40.95,41.32,1.0,0.09,0.57,"355,931",100150.57,397156.8,574114.29,6.9,-8.24,0.33,-1.55,47.21,35.09,47.21,43.17,56.0
06/02/2026,1630,NTLA,13.13,-4.37%,0.69,28.25,6.975,13.35,13.59,13.3,-1.0,-0.47,-0.45,"3,939,979",200389.24,5954601.17,5503389.63,-15.41,-1.06,3.47,-4.02,17.27,12.44,17.27,-12.08,45.0
06/02/2026,1630,NTR,68.50,-1.54%,1.07,85.3599,53.03,70.67,72.75,65.31,-1.0,0.0,-0.4,"2,858,901",-100045.45,3060460.0,3558724.74,-9.53,-8.13,-4.36,-1.65,85.55,68.04,85.55,-68.02,44.0
06/02/2026,1630,NUE,258.46,+2.77%,11.46,260.37,115.35,235.14,208.89,170.5,8.0,0.86,0.62,"1,694,356",200039.03,1505117.4,1482625.48,4.16,48.78,14.12,3.67,235.13,155.51,-155.51,-219.09,38.0
06/02/2026,1630,NVDA,222.82,-0.69%,6.35,236.54,137.95,217.97,201.27,188.07,2.0,0.63,0.23,"189,372,042",-100248.03,1.6287782908E8,1.6679168257E8,18.97,26.78,0.22,4.0,237.12,164.44,237.12,237.12,59.0
06/02/2026,1630,NVO,42.92,-2.61%,0.95,81.44,35.12,45.17,41.38,48.89,-2.0,-0.68,-0.59,"16,970,867",0.0,1.602978337E7,1.693423089E7,19.11,17.65,-3.07,-5.69,48.15,35.44,48.15,48.15,44.0
06/02/2026,1630,NXPI,323.62,+3.93%,14.82,339.95,183.0,306.28,254.65,229.46,-3.0,-0.84,-0.21,"3,844,939",-100048.17,3549025.56,3395638.99,-19.74,65.47,10.95,-2.02,317.06,185.44,340.04,340.04,38.0
06/02/2026,1630,NYT,75.24,-1.27%,0.8,87.1,51.03,76.49,79.56,69.29,8.0,0.09,0.63,"1,716,307",100131.19,2007862.49,2109489.37,-3.75,-11.89,-1.88,0.32,87.39,73.07,-73.07,-73.07,44.0
06/02/2026,1630,O,59.91,+0.60%,0.84,67.935,55.52,61.91,62.45,60.59,-4.0,-0.15,-0.42,"5,242,852",-200120.03,5645091.45,5852863.64,-5.53,-3.18,-2.92,-2.89,66.62,60.47,66.62,64.17,42.0
06/02/2026,1630,OC,120.41,-1.80%,4.88,159.42,97.53,119.26,116.93,123.31,-2.0,-0.63,-0.68,"1,364,249",-100349.51,1175533.93,1325398.07,-0.11,12.26,7.32,-3.08,131.18,99.5,131.18,-106.09,44.0
06/02/2026,1630,OIH,430.45,+2.34%,11.73,459.28,216.68,435.17,423.33,333.56,1.0,-0.11,0.1,"250,039",0.0,420919.06,456129.84,12.5,8.66,-5.17,2.32,459.08,366.59,459.08,459.08,NaN
06/02/2026,1630,OKE,86.72,+2.08%,3.41,96.0661,64.02,89.2,88.69,78.5,1.0,-0.1,0.07,"2,275,732",-100038.51,4373627.75,4613002.6,-36.71,-0.73,-7.51,-0.34,96.08,81.31,96.08,-84.02,42.0
06/02/2026,1630,OKLO,73.47,+9.84%,4.39,193.84,44.88,68.15,62.91,85.75,9.0,0.71,0.46,"23,825,358",-100302.03,1.368102519E7,1.262387593E7,52.19,52.84,25.46,7.9,82.26,45.44,82.26,-54.09,47.0
06/02/2026,1630,OKTA,135.32,-3.20%,19.35,142.3499,62.66,92.13,81.84,85.62,4.0,1.0,1.0,"7,526,351",300968.02,4145250.21,4105106.94,223.05,70.98,55.47,42.86,92.06,63.36,-63.36,-77.13,58.0
06/02/2026,1630,OLLI,79.25,-1.99%,2.22,141.74,73.315,80.17,86.89,111.23,-2.0,-0.57,-0.75,"2,866,568",-100270.01,1589936.8,1582758.18,28.45,-13.14,-2.61,-3.99,112.56,73.13,-73.13,85.03,1.0
06/02/2026,1630,OMF,54.52,-0.44%,0.71,71.93,45.7811,54.17,55.4,59.18,13.0,0.45,0.67,"1,020,706",-100648.55,1172599.9,1374399.79,-24.04,0.93,1.85,0.85,60.29,46.54,60.29,-52.13,35.0
06/02/2026,1630,ON,128.64,+6.38%,6.9,130.48,41.875,113.4,91.59,64.31,1.0,0.93,0.39,"10,737,602",100673.14,1.104718734E7,1.030618611E7,8.84,106.82,17.55,3.93,119.12,55.59,-55.59,-99.14,42.0
06/02/2026,1630,ONEW,11.36,+2.53%,0.39,17.92,8.12,11.02,10.41,12.74,8.0,0.7,0.44,"69,511",300036.18,121115.7,136863.68,-31.56,16.75,9.86,0.09,13.16,8.51,13.16,-10.07,40.0
06/02/2026,1630,ONON,38.32,-3.31%,1.48,59.2109,31.41,37.48,36.04,42.02,-2.0,-0.78,-0.66,"5,586,832",100557.15,7285866.36,7174718.76,-66.4,10.21,0.58,-3.6,44.61,31.45,-31.45,-32.14,48.0
06/02/2026,1630,ONTO,278.02,+8.72%,9.21,316.0,89.4,271.53,261.25,184.14,3.0,0.12,0.42,"1,968,446",-100072.1,1021251.26,974878.72,69.08,31.31,9.23,7.42,316.26,175.59,316.26,-238.09,45.0
06/02/2026,1630,ORCL,244.58,-1.44%,20.84,345.72,134.57,198.66,174.86,207.04,4.0,1.0,1.0,"29,863,135",-200357.35,2.599642038E7,2.737903041E7,34.98,68.41,31.06,20.07,201.12,135.36,-135.36,-179.08,6.0
06/02/2026,1630,ORLY,86.23,-0.47%,2.04,108.715,85.35,90.81,91.96,96.4,-6.0,-0.13,-0.1,"5,817,650",-100231.03,5678024.42,5694717.56,-19.63,-6.37,-6.01,-3.36,101.21,87.5,101.21,95.17,40.0
06/02/2026,1630,OSCR,21.14,-7.97%,1.06,25.58,10.69,22.32,17.8,16.74,-1.0,-0.62,0.0,"8,504,512",300981.11,7393764.95,7217135.86,-35.69,80.22,-16.44,-5.33,26.1,11.44,26.1,26.1,47.0
06/02/2026,1630,OSK,131.81,+4.49%,3.66,180.49,100.12,131.86,141.98,141.01,1.0,0.2,0.77,"1,128,939",-300247.16,721864.17,714019.81,15.7,-11.57,8.09,1.67,169.62,117.09,-117.09,-117.09,41.0
06/02/2026,1630,OTLY,8.42,-15.84%,0.42,18.84,8.09,10.1,10.9,12.79,-1.0,-0.15,-0.32,"1,019,971",-200681.01,84012.93,78452.54,1665.3,-17.45,-15.04,-15.8,14.31,9.45,14.31,11.17,34.0
06/02/2026,1630,OUT,31.46,-0.66%,0.67,34.96,15.45,32.38,30.24,24.23,-5.0,-0.47,-0.05,"1,208,640",-200130.12,1464292.11,1480671.78,-38.55,18.05,-1.56,-3.14,35.16,25.44,35.16,-31.11,43.0
06/02/2026,1630,OVX:CGI,59.53,-2.79%,6.36,125.99,23.59,69.21,77.22,52.16,2.0,0.0,0.27,<empty>,NaN,NaN,NaN,NaN,-35.15,-17.4,2.11,126.56,58.03,126.56,-56.02,NaN
06/02/2026,1630,OXLC,9.91,-0.70%,0.17,22.7,8.01,9.97,9.89,13.12,6.0,-0.86,0.59,"1,410,612",0.0,1113055.12,1286617.84,68.61,-0.8,-0.1,-0.4,11.21,8.53,11.21,-9.06,NaN
06/02/2026,1630,OXM,45.81,+2.55%,3.29,56.39,30.5656,42.64,41.69,39.66,1.0,0.6,0.75,"291,601",-100173.46,326272.74,325210.39,0.71,18.86,18.46,-2.55,48.28,31.51,-31.51,50.03,6.0
06/02/2026,1630,OXY,59.09,+0.29%,1.32,67.45,38.8,57.44,58.79,48.57,2.0,0.19,0.73,"9,562,115",-100146.44,1.456426112E7,1.632524782E7,-10.12,-5.05,-1.02,3.09,67.43,52.31,-52.31,61.08,44.0
06/02/2026,1630,PAG,172.36,+1.13%,4.56,189.51,140.12,166.98,160.48,164.84,8.0,0.73,0.63,"263,732",100235.24,274935.42,298321.93,-7.76,15.55,7.89,2.49,182.23,140.5,182.23,-154.08,39.0
06/02/2026,1630,PALL,24.95,+0.52%,0.73,39.48168,18.2,25.88,26.65,27.21,6.0,0.28,0.51,"507,290",0.0,940123.7,1104383.36,-20.55,-7.35,-2.42,0.32,31.58,24.03,31.58,-24.03,NaN
06/02/2026,1630,PAM,85.73,-2.16%,2.46,94.5,54.95,82.08,83.37,79.33,-1.0,0.54,-0.91,"194,173",100446.05,257902.01,262115.74,16.26,-1.66,3.58,1.95,90.43,75.62,90.43,-78.1,44.0
06/02/2026,1630,PATH,12.18,-7.02%,0.92,19.84,9.2002,10.86,10.74,13.02,-1.0,0.69,-0.57,"60,399,817",300206.04,3.086808679E7,3.445066903E7,97.27,10.53,14.47,5.18,13.51,9.12,-9.12,-9.12,64.0
06/02/2026,1630,PBD,22.46,+0.45%,0.66,22.5799,11.67,21.71,20.16,17.33,2.0,0.72,0.57,"162,244",100142.01,59725.62,59396.06,189.82,24.5,6.95,0.09,22.15,17.59,-17.59,23.03,NaN
06/02/2026,1630,PBH,45.83,-0.26%,1.5,87.12,42.62,49.16,54.25,61.19,-2.0,-0.15,-0.72,"662,395",100133.12,668674.4,626621.43,-9.63,-20.54,-1.65,-5.45,70.62,43.12,-43.12,-43.12,45.0
06/02/2026,1630,PBJ,47.6777,-0.42%,0.32,51.07,42.685,48.48,49.05,47.15,-3.0,0.0,-0.47,"5,811",0.0,13571.75,14974.15,-63.15,-2.97,-1.77,-1.37,51.37,47.5,51.37,49.17,NaN
06/02/2026,1630,PBR,18.72,-0.74%,0.62,22.24,11.035,19.92,20.5,15.2,2.0,0.0,0.18,"14,640,917",-100148.57,2.36349338E7,2.706122469E7,-35.09,-6.77,-9.57,-0.58,22.2,16.61,22.2,-19.02,45.0
06/02/2026,1630,PCAR,112.89,+3.12%,1.28,131.875,88.65,111.98,117.36,110.28,1.0,0.14,0.58,"2,594,037",-100732.25,2721873.77,2775615.29,24.74,-4.05,1.08,0.6,129.29,108.07,129.29,117.17,33.0
06/02/2026,1630,PD,10.14,-5.14%,1.35,18.0,5.7,7.52,6.89,11.41,11.0,1.0,1.0,"2,828,002",100780.03,2427062.41,2689693.18,32.19,60.44,45.9,36.29,8.6,6.36,-6.36,-6.13,63.0
06/02/2026,1630,PDD,88.18,+1.08%,5.45,139.41,81.56,94.69,98.05,112.95,2.0,-0.28,0.13,"8,884,138",100241.03,9190525.17,8591967.2,9.39,-13.36,-7.15,6.2,108.31,82.03,108.31,-82.03,57.0
06/02/2026,1630,PEB,15.94,+1.14%,0.59,16.02,8.795,14.79,13.98,12.12,2.0,1.0,0.8,"1,949,354",-100346.24,2375349.79,2379459.92,18.73,25.91,10.39,2.51,15.07,12.55,-12.55,-14.11,39.0
06/02/2026,1630,PECO,39.33,+0.10%,0.56,41.07,32.84,39.96,39.05,36.5,-4.0,-0.43,-0.36,"710,460",-200100.18,868537.81,878070.86,-4.62,5.61,-1.68,-3.32,41.24,37.48,-37.48,41.03,36.0
06/02/2026,1630,PENN,20.11,-0.64%,1.59,20.605,11.65,17.2,16.31,15.93,12.0,1.0,1.0,"4,236,812",101158.28,3886633.39,3975183.81,51.54,34.07,22.03,3.45,18.24,14.5,-14.5,-16.13,35.0
06/02/2026,1630,PEP,142.00,+0.34%,2.85,171.48,127.6,149.29,152.83,150.59,-4.0,0.0,-0.24,"7,846,630",-200127.03,6516079.82,6477030.23,25.53,-8.18,-4.74,-2.93,166.62,146.05,166.62,157.17,30.0
06/02/2026,1630,PFE,25.55,-0.31%,0.27,28.745,23.06,25.9,26.67,25.84,-2.0,-0.22,-0.59,"31,103,040",0.0,3.533913977E7,3.720745992E7,15.97,-10.51,0.87,-2.26,29.41,25.1,-25.1,-25.1,39.0
06/02/2026,1630,PFF,31.44,+0.13%,0.19,32.2645,30.05,31.41,31.13,31.32,1.0,0.68,0.4,"3,749,319",100008.55,2821570.94,3307077.94,69.43,3.49,0.9,-0.19,32.15,30.44,32.15,-31.09,NaN
06/02/2026,1630,PFG,103.31,+0.40%,1.42,105.0,75.0,102.11,97.19,89.02,-4.0,-0.81,-0.46,"872,949",-100132.51,1245016.79,1401635.84,-26.02,14.69,0.89,-0.01,105.06,85.5,105.04,105.04,38.0
06/02/2026,1630,PFIG,23.945,+0.01%,0.08,26.96,23.69,23.94,24.0,24.21,9.0,0.55,0.74,"10,807",-100000.11,23243.21,26450.53,-53.46,-0.29,0.74,-0.04,24.62,24.09,-24.09,-24.09,NaN
06/02/2026,1630,PFIX,46.035,+0.18%,1.93,61.1994,41.45,48.51,46.96,47.45,-9.0,-0.51,-0.01,"741,680",-100143.34,674256.64,746959.73,281.07,1.18,-10.51,-1.36,52.09,42.62,52.09,52.09,NaN
06/02/2026,1630,PG,140.82,+0.38%,1.88,168.045,137.62,143.7,144.28,149.53,-3.0,-0.38,-0.54,"9,588,247",-100029.51,8695636.78,9546143.94,5.93,-2.27,-1.1,-3.49,160.62,140.07,160.62,149.04,39.0
06/02/2026,1630,PGNY,25.12,-4.12%,0.97,28.75,16.1,23.66,20.05,21.91,-8.0,-0.97,-0.38,"2,074,070",100133.17,1518196.88,1564794.18,-12.6,48.99,4.45,-2.22,26.07,16.36,-16.36,-19.17,45.0
06/02/2026,1630,PGRO,49.1895,-0.10%,0.67,49.39,38.7,47.82,45.01,44.16,6.0,0.9,0.3,"2,577",-100100.3,21838.25,20065.55,-57.65,20.59,3.74,0.84,48.12,39.44,-39.44,-47.09,NaN
06/02/2026,1630,PINK,36.96,-1.18%,0.54,38.68,28.32,36.61,35.26,34.68,-2.0,-0.92,-0.51,"60,340",-100033.27,93437.99,106812.87,20.52,9.16,1.32,-2.71,37.12,32.45,-32.45,38.03,NaN
06/02/2026,1630,PINS,20.87,-2.25%,0.78,39.93,13.84,20.17,19.55,25.53,8.0,0.86,0.6,"16,813,706",-200355.03,1.795298147E7,1.910271367E7,7.17,14.11,4.72,1.07,25.19,17.35,25.19,-18.07,47.0
06/02/2026,1630,PJP,105.97,-1.45%,1.6,110.8099,78.77,107.47,105.28,101.84,-3.0,-0.71,-0.46,"8,191",100020.29,26442.29,23400.59,24.99,1.54,0.88,-4.09,109.06,99.48,-99.48,111.03,NaN
06/02/2026,1630,PK,13.35,+3.49%,0.77,13.385,9.84,11.54,11.19,11.09,2.0,1.0,1.0,"5,728,524",100647.02,4360407.55,4145557.04,41.79,28.61,20.38,9.7,12.21,10.39,-10.39,-11.11,41.0
06/02/2026,1630,PKB,104.2018,+0.86%,2.04,111.2354,76.5,104.12,103.44,98.59,1.0,0.43,0.59,"17,169",0.0,15900.06,18227.38,-16.24,4.7,3.33,-1.25,111.18,93.5,111.18,-98.09,NaN
06/02/2026,1630,PLAY,12.13,-5.09%,1.21,35.53,9.61,11.26,11.85,16.44,-2.0,-0.69,-0.76,"1,837,738",300184.29,1899544.18,1820894.03,-32.19,-3.5,16.63,-10.15,16.62,10.45,-10.45,14.03,9.0
06/02/2026,1630,PLD,140.41,+1.00%,2.36,147.93,103.41,143.23,139.57,128.98,-4.0,-0.54,-0.27,"3,080,322",-100126.03,3433176.56,3459875.28,20.12,5.31,-1.34,-3.59,146.06,127.5,148.05,148.05,29.0
06/02/2026,1630,PLNT,53.31,+0.81%,1.14,114.47,37.03,52.32,63.67,89.66,15.0,0.37,1.0,"1,822,355",100864.17,2403447.63,2272545.93,-70.08,-26.1,-1.51,0.78,83.62,37.17,-37.17,55.09,44.0
06/02/2026,1630,PLTR,152.17,-5.28%,9.15,207.52,118.93,138.94,141.92,161.52,-1.0,0.89,-0.82,"42,623,498",100661.03,4.628442545E7,4.653829718E7,9.91,3.88,12.6,6.16,162.48,123.36,-123.36,-129.13,42.0
06/02/2026,1630,PM,173.66,+0.58%,6.56,193.05,142.11,181.78,169.84,165.74,-12.0,-0.55,-0.06,"3,939,196",-200337.43,4729085.82,4962618.2,-49.93,10.38,-9.32,-2.75,193.09,152.42,193.09,193.09,34.0
06/02/2026,1630,PNC,221.00,+2.28%,3.61,243.94,172.73,217.36,217.06,207.58,1.0,0.5,0.59,"1,947,619",-100039.51,1961489.41,2165129.87,27.31,5.62,3.41,0.56,230.29,198.51,230.29,-210.13,29.0
06/02/2026,1630,PNDRY,11.350,-0.44%,0.58,23.7625,8.25,10.7,9.95,12.8,-2.0,-1.0,-0.67,"69,588",100000.55,110855.1,152608.92,-44.27,22.44,9.98,-2.74,11.18,8.52,-8.52,12.02,NaN
06/02/2026,1630,POET,13.82,-0.50%,1.92,20.81,3.87,13.47,9.8,7.12,2.0,-0.56,0.05,"38,329,570",301998.13,4.351106969E7,3.641107093E7,-55.04,146.79,-2.74,4.22,21.12,5.44,21.12,21.12,48.0
06/02/2026,1630,POOL,179.60,-1.36%,3.23,345.0,172.68,182.45,201.22,249.23,-1.0,0.26,-0.68,"845,691",-100543.2,817918.79,798844.07,-6.14,-10.24,-0.99,-2.76,249.27,173.1,-173.1,-173.1,35.0
06/02/2026,1630,PPLT,17.53,+0.46%,0.58,26.162,9.643,18.07,18.08,17.0,4.0,0.22,0.51,"1,209,564",0.0,2720215.89,3160065.59,-54.93,-1.76,-1.74,0.46,20.58,16.46,-16.46,-17.03,NaN
06/02/2026,1630,PR,19.72,+0.25%,0.65,22.675,11.92,20.29,20.61,16.17,2.0,0.01,0.31,"7,270,519",-100243.18,1.247309777E7,1.322056831E7,-28.53,-4.27,-5.74,2.07,23.19,18.62,23.19,-19.02,44.0
06/02/2026,1630,PRAA,14.44,-2.17%,0.28,22.55,10.25,16.23,18.3,16.25,12.0,0.11,0.47,"335,717",-200189.13,446131.94,481063.5,-56.29,-18.79,-2.83,-6.29,23.21,14.07,-14.07,-14.07,47.0
06/02/2026,1630,PRGO,10.46,-2.79%,0.29,28.435,9.225,11.13,11.04,15.31,-3.0,-0.75,-0.52,"3,504,453",-100196.4,2774239.0,3146236.79,18.9,-4.91,-2.06,-8.57,13.18,9.5,13.18,12.17,41.0
06/02/2026,1630,PRMB,24.66,+0.69%,0.78,32.44,14.36,23.24,20.98,20.23,-2.0,-0.98,-0.6,"2,354,855",0.0,4151513.78,4379802.89,-38.52,30.68,4.94,-0.84,24.16,18.46,-18.46,25.02,50.0
06/02/2026,1630,PRVA,20.80,-2.39%,0.85,26.51,18.77,22.73,22.73,23.25,-6.0,-0.1,-0.02,"884,446",100438.18,914959.37,906045.84,-8.81,-1.28,-12.2,-3.66,25.21,20.45,25.21,25.17,45.0
06/02/2026,1630,PSA,299.14,+1.13%,4.63,313.51,256.54,303.8,295.99,287.66,-3.0,-0.58,-0.46,"655,623",-100130.55,992931.46,1086728.2,-60.9,8.29,1.01,-3.27,314.29,263.47,314.29,-289.09,40.0
06/02/2026,1630,PSCE,60.6497,+1.25%,1.6,65.02,36.73,61.58,60.96,49.76,2.0,-0.01,0.19,"16,266",-100133.22,51060.26,48691.9,-46.15,2.66,-4.88,1.76,65.08,56.31,65.08,-58.02,NaN
06/02/2026,1630,PSCI,171.2684,+0.51%,3.02,178.02,125.92,169.75,166.11,157.44,1.0,0.6,0.55,"1,413",-100122.12,3666.25,4614.11,-25.37,8.88,3.63,-0.45,176.17,149.5,176.17,-162.09,NaN
06/02/2026,1630,PSCU,65.9785,-0.03%,1.15,66.85,53.4318,64.66,63.9,59.51,-1.0,0.4,-0.73,164,-100200.51,2289.56,7156.46,-67.8,8.37,3.64,0.05,67.21,58.5,67.21,66.02,NaN
06/02/2026,1630,PSP,60.7459,+0.09%,0.63,72.97,54.18,60.76,59.62,64.9,1.0,-0.71,0.43,"148,076",100321.09,46837.0,55566.91,460.88,7.1,1.72,0.34,63.31,54.45,63.31,-58.08,NaN
06/02/2026,1630,PSX,182.56,+1.29%,3.45,190.61,111.37,175.97,172.56,148.59,2.0,0.52,0.65,"1,307,940",-200240.43,2774917.21,3081639.69,-59.84,3.94,1.54,3.31,191.44,154.31,-154.31,185.08,36.0
06/02/2026,1630,PTLO,4.02,-3.60%,0.11,12.41,3.81,4.15,5.13,5.5,-1.0,0.23,-0.79,"1,542,473",-300057.18,1719289.6,1645883.55,-40.62,-25.56,2.29,-5.63,7.28,4.07,-4.07,-4.07,43.0
06/02/2026,1630,PVH,97.21,+4.09%,6.86,100.15,59.6,87.79,85.73,77.45,1.0,0.53,0.68,"1,560,937",300238.39,1178384.79,1125513.43,34.69,26.97,21.01,0.43,100.28,60.56,100.28,98.03,1.0
06/02/2026,1630,PYPL,44.53,-1.46%,0.43,79.5,38.46,44.88,46.58,56.51,15.0,0.66,0.61,"11,310,052",0.0,1.454599912E7,1.544458749E7,-55.63,-0.22,0.33,0.16,52.29,43.08,-43.08,-43.08,38.0
06/02/2026,1630,PZZA,31.78,-6.75%,0.84,55.74,29.5501,33.28,34.5,39.81,-1.0,-0.46,-0.47,"982,750",-100567.57,1054124.08,1250166.3,-30.94,-3.14,-3.67,-8.28,40.57,30.59,40.57,36.11,45.0
06/02/2026,1630,QAT,18.8089,-1.37%,0.3,20.64,17.712,18.88,18.88,19.26,-2.0,-0.62,-0.64,"24,384",500000.16,37687.46,42673.58,503.3,0.8,1.23,-3.05,19.33,18.44,-18.44,20.03,NaN
06/02/2026,1630,QBTS,29.91,+2.50%,4.46,46.75,12.75,24.3,20.05,23.31,-2.0,1.0,-0.79,"48,239,948",201324.07,3.448204714E7,3.199303645E7,2.87,118.32,56.93,1.42,32.06,13.44,32.06,32.06,45.0
06/02/2026,1630,QCOM,240.84,+5.17%,19.41,259.92,121.99,218.15,169.84,163.24,-2.0,-0.95,-0.28,"18,430,250",400281.16,2.071797377E7,1.937947882E7,-52.24,89.22,18.27,-1.01,248.15,122.39,-122.39,260.02,40.0
06/02/2026,1630,QMOM,81.69,+1.78%,1.88,81.74,60.24,78.73,75.15,68.67,8.0,0.81,0.54,"14,573",400020.03,25021.62,26650.36,-23.96,17.12,7.37,2.17,81.17,64.44,-64.44,-74.09,NaN
06/02/2026,1630,QQQ,746.16,+0.46%,13.74,746.44,522.66,716.13,659.21,619.49,6.0,0.91,0.37,"29,330,858",0.0,4.615401128E7,5.193254127E7,-36.06,27.7,5.71,1.44,722.06,556.44,-556.44,-692.17,NaN
06/02/2026,1630,QS,9.20,+0.66%,0.62,19.0699,3.9,8.26,7.37,10.12,-3.0,1.0,-0.83,"21,325,849",-300102.14,2.162199661E7,1.912931363E7,-34.02,48.15,21.53,0.77,10.27,6.41,10.27,-7.09,35.0
06/02/2026,1630,QSR,71.57,-1.77%,1.39,81.96,61.33,76.31,76.85,70.29,-2.0,0.0,-0.1,"2,861,777",-200525.19,3228321.94,3621330.19,-13.02,-4.7,-5.44,-3.69,82.18,71.62,82.18,80.16,45.0
06/02/2026,1630,QTUM,168.76,+3.62%,8.35,168.97,85.4501,149.74,132.04,115.16,9.0,1.0,0.75,"1,355,791",200241.01,575362.18,522147.69,51.02,54.41,18.87,6.1,155.06,101.44,-101.44,-138.09,NaN
06/02/2026,1630,QUBT,12.25,-1.13%,1.05,25.84,6.18,10.93,9.2,12.11,-1.0,1.0,-0.55,"25,222,975",200716.07,2.104540639E7,1.884391678E7,-82.12,84.49,26.09,0.08,14.14,6.44,14.14,-9.09,47.0
06/02/2026,1630,R,258.06,+1.67%,10.14,259.4199,145.0,239.95,229.16,199.14,13.0,0.69,0.77,"336,270",200435.28,401236.75,391407.25,-2.91,24.75,11.45,3.72,259.21,186.55,-186.55,-225.14,35.0
06/02/2026,1630,RBLX,45.00,-4.26%,1.71,150.59,40.15,44.75,51.71,86.16,-2.0,0.72,-0.68,"9,065,009",100671.22,1.125821639E7,1.074919865E7,-35.31,-21.92,-4.21,-3.91,70.61,40.13,-40.13,49.05,41.0
06/02/2026,1630,RCL,290.80,+0.61%,13.67,366.5,232.1,268.87,270.26,293.36,9.0,0.56,0.91,"2,760,369",100554.09,2780274.35,2811048.42,22.2,3.1,15.13,3.38,306.62,232.08,-232.08,-232.08,38.0
06/02/2026,1630,RDNT,54.31,+2.68%,0.85,85.84,50.76,55.03,56.41,69.19,1.0,0.71,0.61,"712,837",100348.15,795392.24,850005.56,-65.33,-1.81,0.26,-1.81,74.62,52.11,-52.11,-52.11,45.0
06/02/2026,1630,REAL,9.79,+0.93%,0.25,17.3922,4.7,10.0,10.31,11.74,11.0,0.43,0.58,"2,476,540",-200085.17,3477373.73,3447936.48,-56.64,5.5,3.49,-0.2,13.19,8.44,13.19,-9.08,47.0
06/02/2026,1630,REG,76.03,-0.14%,1.04,81.66,66.855,77.7,77.85,73.49,-4.0,-0.19,-0.39,"1,450,961",-300127.03,1407932.97,1410976.15,7.09,-0.11,-1.68,-3.17,82.3,74.47,82.3,80.04,40.0
06/02/2026,1630,REGN,602.92,+0.38%,37.0,821.11,476.4869,665.4,714.01,695.1,1.0,0.0,0.42,"1,066,325",-200131.03,880391.94,822757.38,29.32,-22.43,-4.25,-2.99,792.62,611.1,792.62,731.13,40.0
06/02/2026,1630,REXR,34.05,-1.84%,0.7,44.38,32.14,35.64,35.09,38.88,-4.0,-0.68,-0.16,"2,026,050",-200330.27,2232862.5,2379362.85,-11.76,3.65,-3.46,-5.44,38.3,32.43,38.3,37.04,29.0
06/02/2026,1630,REZ,87.89,-0.02%,1.42,92.635,80.45,90.83,88.26,85.59,-5.0,-0.55,-0.17,"13,976",0.0,37278.26,39901.86,-28.21,4.98,-2.81,-3.56,92.12,82.44,93.04,93.04,NaN
06/02/2026,1630,RGTI,26.88,+4.88%,4.14,58.1501,10.3,21.17,18.12,23.4,-3.0,1.0,-0.89,"73,676,931",201623.07,4.031068127E7,3.733969243E7,48.78,99.11,61.73,-0.55,28.06,13.44,28.06,28.06,49.0
06/02/2026,1630,RH,156.13,+4.55%,10.98,257.0,106.3037,134.99,131.9,174.57,9.0,0.69,0.89,"871,167",200274.43,1242500.36,1226695.61,18.84,38.35,29.33,4.68,160.62,106.42,-106.42,-114.09,7.0
06/02/2026,1630,RHP,115.05,-0.03%,3.72,117.18,83.82,110.87,103.44,96.98,-3.0,-0.99,-0.57,"573,056",-200222.13,582386.68,555741.38,32.88,24.47,6.04,-0.72,113.06,90.5,-90.5,117.02,42.0
06/02/2026,1630,RIOT,27.32,-3.29%,1.79,28.94,8.49,24.85,19.57,16.99,-1.0,-0.97,-0.53,"17,820,937",100691.19,1.827974102E7,1.821882653E7,-2.22,117.69,17.86,-1.51,26.15,12.44,-12.44,-22.09,41.0
06/02/2026,1630,RIVN,17.29,+2.01%,1.26,22.69,11.57,14.56,15.34,15.48,9.0,0.54,1.0,"39,043,817",100772.03,2.782125028E7,2.900018243E7,75.45,15.73,29.51,13.75,18.28,13.09,-13.09,-13.09,43.0
06/02/2026,1630,ROBO,90.34,+0.86%,2.38,90.36,55.7675,86.45,79.47,72.07,2.0,0.9,0.49,"297,347",-100129.05,196113.4,202892.85,82.78,28.8,7.24,1.6,88.06,65.44,-65.44,-81.09,NaN
06/02/2026,1630,ROK,463.41,+1.47%,10.77,465.32,305.4401,449.78,412.7,386.48,2.0,0.8,0.38,"496,243",-100435.2,760025.64,833619.98,-25.58,25.61,6.2,1.89,463.18,348.44,-348.44,-419.09,45.0
06/02/2026,1630,ROKU,127.12,-1.48%,3.02,133.46,71.88,126.82,114.21,102.89,-2.0,-0.76,-0.37,"1,598,281",-100252.22,2464263.55,2607069.65,-25.88,33.95,2.39,-3.03,131.15,85.45,-85.45,133.02,41.0
06/02/2026,1630,ROST,223.82,-0.11%,8.86,237.41,124.49,222.26,222.01,185.95,-2.0,-0.51,-0.72,"2,539,491",100230.03,2765608.74,2856637.49,-22.04,1.76,6.04,-1.49,236.06,204.59,237.04,237.04,55.0
06/02/2026,1630,RRC,39.66,-0.30%,1.3,48.31,32.6,40.97,42.46,38.39,2.0,-0.05,0.44,"2,745,546",100042.29,3185691.1,3348329.46,41.62,-8.83,-6.37,0.63,48.45,39.04,48.45,-39.02,39.0
06/02/2026,1630,RRR,57.36,-2.42%,2.91,67.99,46.565,54.28,55.07,58.28,-1.0,0.78,-0.92,"921,013",-200040.23,952794.82,950819.14,55.3,4.37,10.05,-0.73,62.62,51.08,-51.08,-51.08,39.0
06/02/2026,1630,RSI,25.43,+0.16%,0.85,29.24,12.36,27.14,24.72,20.58,1.0,-0.33,0.01,"1,817,707",100654.19,1892505.8,1814722.47,21.23,15.91,-8.1,-3.56,29.19,20.62,29.19,28.17,40.0
06/02/2026,1630,RSP,210.04,+0.40%,2.85,210.115,175.93,205.13,200.61,194.76,9.0,1.0,0.68,"8,098,773",0.0,1.024377076E7,1.222077864E7,-15.43,9.09,3.57,0.86,207.06,187.44,-187.44,-201.08,NaN
06/02/2026,1630,RSPG,105.04,+1.27%,2.42,114.01,72.155,105.48,105.54,89.48,2.0,0.15,0.45,"76,909",0.0,136080.8,156628.2,41.62,-0.84,-3.98,1.43,114.44,96.31,-96.31,111.08,NaN
06/02/2026,1630,RSPU,78.0587,+1.69%,1.08,84.5195,69.73,79.05,80.41,78.08,-4.0,-0.1,-0.44,"108,518",-100012.22,60496.13,54420.47,292.89,-4.29,0.44,-1.35,84.37,77.1,84.37,81.05,NaN
06/02/2026,1630,RTO,29.32,-1.51%,0.9,34.665,22.72,31.9,32.53,29.5,-4.0,0.0,-0.04,"1,243,623",-100249.57,992304.06,1228993.42,13.88,-8.4,-8.97,-3.87,35.34,28.62,35.34,34.17,40.0
06/02/2026,1630,RUT,2931.9633,+0.90%,60.13,2942.6051,2070.857,2861.64,2736.43,2562.75,1.0,0.84,0.44,<empty>,NaN,NaN,NaN,NaN,16.7,5.65,-0.16,2889.18,2405.44,-2405.44,2943.03,NaN
06/02/2026,1630,RVLV,19.15,-1.59%,0.74,31.68,17.35,19.44,22.53,24.21,-2.0,0.23,-0.8,"1,301,775",-200457.14,1121810.48,1082412.01,-22.04,-13.74,3.79,-6.27,28.31,17.13,-17.13,-17.13,43.0
06/02/2026,1630,RVX,22.76,-0.70%,0.87,35.28,18.0,23.55,25.67,24.09,-9.0,-0.26,-0.68,<empty>,NaN,NaN,NaN,NaN,-25.5,-7.59,0.04,35.45,22.18,35.45,-22.02,NaN
06/02/2026,1630,S,17.35,-2.58%,0.76,21.4,11.81,17.07,15.05,15.63,-6.0,-0.81,-0.18,"9,790,578",200761.03,8496992.36,8794914.23,112.04,30.35,-1.08,-3.72,19.06,12.36,19.06,-15.02,60.0
06/02/2026,1630,SBAC,196.21,-3.84%,3.44,243.16,162.41,207.71,205.52,197.05,-1.0,-0.27,-0.21,"890,446",300739.39,1201724.61,1144650.94,-21.36,14.37,-3.51,-4.11,224.3,162.47,224.3,220.15,42.0
06/02/2026,1630,SBUX,95.51,-1.04%,3.72,108.88,77.99,103.71,99.45,91.31,-21.0,-0.26,0.0,"9,538,288",100335.24,7521646.3,7845974.04,49.83,5.62,-10.4,-5.2,109.12,86.45,109.12,109.12,39.0
06/02/2026,1630,SCJ,104.61,+0.44%,0.8,107.3199,81.49,104.61,101.63,96.18,-2.0,-0.57,-0.5,"21,867",-100021.5,57756.06,79611.12,-4.33,5.1,-0.08,-0.7,107.12,94.5,107.12,-103.08,NaN
06/02/2026,1630,SE,93.14,-2.22%,2.72,199.3,77.05,89.63,86.47,128.72,-1.0,1.0,-0.51,"2,776,685",100153.15,4102737.83,4934928.9,-81.49,13.36,5.49,1.31,100.13,77.48,100.13,100.13,48.0
06/02/2026,1630,SFD,25.80,-0.88%,0.51,29.805,21.08,25.91,27.01,24.15,-3.0,-0.2,-0.53,"1,134,616",-100636.25,1806444.02,1652434.82,-5.34,-9.79,0.47,-2.27,30.36,23.51,30.36,27.04,38.0
06/02/2026,1630,SFM,78.05,-2.12%,3.34,182.0,64.75,84.52,79.34,89.88,-4.0,-0.65,0.0,"2,147,845",200048.1,2127071.38,2294554.57,-33.55,2.89,-11.7,-9.97,95.09,69.23,95.09,95.09,40.0
06/02/2026,1630,SG,8.48,-11.39%,1.07,16.7,4.49,8.25,6.95,7.01,-3.0,-0.9,-0.49,"7,028,373",-100185.07,5128381.73,4900976.41,62.48,56.75,-1.97,-16.94,11.06,4.44,11.06,11.06,45.0
06/02/2026,1630,SHAK,57.01,-8.37%,1.98,144.65,54.71,66.7,84.3,90.45,-1.0,-0.16,-0.76,"6,707,680",100155.01,2063121.14,1909182.21,116.09,-37.14,-4.49,-8.24,107.29,59.1,107.29,72.16,40.0
06/02/2026,1630,SHEL,86.82,+1.65%,1.51,94.9,67.095,85.8,88.76,78.76,2.0,0.1,0.62,"5,617,071",-300132.25,8081609.57,8103388.87,-18.45,-5.66,-2.0,3.57,95.43,82.62,95.43,-83.04,40.0
06/02/2026,1630,SHO,11.08,+0.82%,0.29,11.15,8.43,10.52,9.86,9.4,2.0,1.0,0.67,"1,787,925",200231.08,1800711.33,1802677.55,56.3,23.25,6.54,1.56,11.06,9.5,-9.5,-10.14,45.0
06/02/2026,1630,SHOC,117.8069,+4.07%,4.23,117.8069,46.61,107.27,93.01,74.42,2.0,0.88,0.43,"66,436",100200.01,18185.77,17466.78,472.1,59.52,14.88,5.59,109.12,68.44,-68.44,-99.09,NaN
06/02/2026,1630,SHOO,44.27,+2.52%,2.12,46.88,22.2615,40.67,38.2,37.4,1.0,0.89,0.79,"954,645",0.0,1039321.95,1121188.98,-1.19,29.98,14.33,2.0,43.06,31.55,-31.55,-37.14,39.0
06/02/2026,1630,SHOP,117.01,-5.73%,8.25,182.19,94.0,106.67,115.46,139.36,-1.0,0.77,-0.97,"9,083,044",-100760.2,1.064529332E7,1.027059969E7,-36.11,-1.27,14.28,1.72,137.29,94.12,-94.12,-94.12,44.0
06/02/2026,1630,SHY,82.01,0.00%,0.09,83.2,81.94,82.17,82.33,82.73,-2.0,-0.37,-0.57,"1,889,925",-200003.44,4116478.49,4636242.49,-42.6,-0.38,-0.11,-0.3,83.6,82.09,83.6,82.17,NaN
06/02/2026,1630,SHYG,42.34,+0.05%,0.11,43.39,41.825,42.41,42.42,42.79,-2.0,-0.65,-0.42,"1,574,390",0.0,1394393.73,1525229.99,-0.25,0.52,0.19,-0.47,43.31,42.45,43.31,43.02,NaN
06/02/2026,1630,SIL,92.06,+0.62%,4.12,119.24,45.16,93.15,92.37,83.69,4.0,0.37,0.64,"1,406,083",0.0,1886386.39,2098845.23,-32.99,-1.29,1.6,1.19,109.62,78.5,-78.5,-86.09,NaN
06/02/2026,1630,SILJ,31.13,+2.07%,1.56,41.1,13.77,30.74,30.4,27.74,6.0,0.39,0.67,"3,577,229",0.0,4769832.8,5500467.16,-46.72,1.04,5.24,2.81,37.62,26.5,-26.5,-28.09,NaN
06/02/2026,1630,SITM,701.08,+5.42%,45.86,901.81,186.49,743.02,563.86,382.89,1.0,-0.4,0.02,"469,141",100284.09,481602.19,517831.79,-28.73,97.86,-3.38,-3.9,902.15,305.59,902.15,-657.09,44.0
06/02/2026,1630,SIVR,71.44,+0.48%,3.49,115.26,32.57,74.29,72.22,63.16,4.0,-0.23,0.57,"786,329",0.0,1952828.89,2188335.85,-62.44,-0.18,-2.82,-0.54,85.58,63.46,-63.46,-69.09,NaN
06/02/2026,1630,SJM,100.47,-0.14%,1.38,119.39,88.25,100.98,97.51,103.55,-3.0,-0.78,-0.54,"1,658,650",0.0,1830053.84,1893891.01,-39.89,5.22,-3.06,-3.65,115.62,88.35,-88.35,105.02,5.0
06/02/2026,1630,SKYY,153.09,-1.34%,9.08,155.7599,103.76,132.93,121.65,125.59,4.0,1.0,1.0,"602,645",100436.03,331325.21,346240.1,-25.88,38.76,18.41,13.39,134.06,104.36,-104.36,-123.13,NaN
06/02/2026,1630,SLG,45.14,+0.89%,1.46,66.91,34.77,43.86,41.48,47.07,1.0,0.84,0.49,"967,374",-100561.51,1212790.91,1255133.45,-20.16,23.06,5.15,-0.46,47.17,35.45,47.17,-40.08,35.0
06/02/2026,1630,SLV,67.99,+0.47%,3.31,109.83,31.07,70.7,68.74,60.15,4.0,-0.23,0.57,"11,347,224",0.0,2.711947917E7,3.161700951E7,-63.4,-0.22,-2.79,-0.54,81.58,60.46,-60.46,-66.09,NaN
06/02/2026,1630,SLX,113.57,+1.74%,2.89,113.9999,62.845,108.18,101.54,87.63,8.0,0.9,0.62,"89,771",-300029.12,44724.01,53692.67,225.42,21.83,7.42,2.3,110.13,85.5,-85.5,-103.09,NaN
06/02/2026,1630,SMCI,50.17,+7.02%,6.3,62.358,19.48,35.88,29.58,36.01,9.0,1.0,1.0,"54,508,826",201089.19,4.110224101E7,4.074601993E7,54.9,122.88,62.63,21.48,36.15,19.49,-19.49,-29.09,43.0
06/02/2026,1630,SMH,632.21,+4.01%,24.5,632.57,242.35,572.96,493.94,391.94,2.0,0.91,0.49,"7,922,448",-100148.15,9369725.86,9681708.4,-55.29,61.29,15.76,5.4,583.06,360.44,-360.44,-528.09,NaN
06/02/2026,1630,SMIN,66.80,+0.39%,0.68,78.535,57.7758,66.82,65.08,68.98,-2.0,-0.71,-0.29,"73,329",-100022.05,172160.15,181021.97,-5.83,10.03,2.6,-0.93,69.17,58.44,69.17,-65.1,NaN
06/02/2026,1630,SMPL,11.81,+1.29%,0.21,35.155,10.21,11.74,12.6,18.97,2.0,0.53,0.68,"1,813,886",-101069.37,3015334.09,2778442.83,-30.08,-16.83,0.08,0.08,17.62,10.37,-10.37,-11.08,16.0
06/02/2026,1630,SN,122.28,-0.31%,7.16,133.99,80.69,112.41,112.07,109.93,-1.0,0.71,-0.89,"1,264,296",200348.03,2064052.85,2149910.27,-37.99,14.83,14.91,2.34,124.29,97.5,124.29,124.02,50.0
06/02/2026,1630,SNAP,5.76,-1.71%,0.14,10.41,3.81,5.76,5.45,6.75,-1.0,-0.77,-0.54,"38,539,655",-200466.03,5.294838706E7,4.964841584E7,-13.71,17.55,1.59,-2.54,6.19,4.45,6.19,-5.12,43.0
06/02/2026,1630,SNDR,36.39,+0.05%,1.91,36.57,20.11,32.67,30.04,26.4,-1.0,1.0,-0.8,"814,229",201342.13,1070162.68,1079112.66,14.18,37.32,12.42,2.65,34.06,23.51,-23.51,-29.14,41.0
06/02/2026,1630,SNOW,261.14,-6.79%,43.72,284.99,118.3,178.96,159.94,203.78,-1.0,1.0,-1.0,"13,649,373",400872.02,8928184.08,8017609.73,179.85,70.55,59.0,9.17,185.56,118.36,-118.36,-144.16,59.0
06/02/2026,1630,SOFI,17.74,-4.52%,1.06,32.73,13.23,16.24,16.76,23.16,-1.0,0.92,-0.83,"76,599,179",-300064.03,6.469225568E7,6.702095739E7,21.8,13.5,12.92,4.54,20.31,15.09,-15.09,-15.09,38.0
06/02/2026,1630,SOLZ,7.56,-7.18%,0.44,27.12,7.47,8.75,8.64,13.99,-7.0,-0.77,-0.47,"1,229,685",0.0,1260178.47,1669483.08,-32.08,-10.75,-11.69,-8.03,10.15,8.41,10.15,10.15,NaN
06/02/2026,1630,SOYB,24.93,-0.84%,0.17,25.47,21.06,25.04,24.7,23.18,-1.0,-0.51,-0.41,"218,094",200118.04,124622.37,133758.87,65.97,2.42,-0.95,-1.15,25.13,24.62,25.13,25.13,NaN
06/02/2026,1630,SPDN,8.60,-0.12%,0.08,10.89,8.58,8.76,9.19,9.49,-7.0,0.14,-0.75,"16,708,516",-200224.44,6.346276727E7,7.300238026E7,-69.01,-12.78,-2.49,-0.46,10.44,9.03,10.44,9.17,NaN
06/02/2026,1630,SPG,203.53,+0.41%,2.34,208.79,155.44,203.38,198.69,188.43,-3.0,-0.65,-0.44,"1,958,113",-300125.03,1514785.38,1568284.05,-3.05,8.21,1.55,-1.57,208.29,178.48,209.04,209.04,42.0
06/02/2026,1630,SPGI,417.46,-2.59%,6.85,579.05,381.605,417.46,424.4,476.74,-1.0,0.71,-0.73,"1,912,671",100232.03,1968334.39,2017200.74,-13.54,-1.81,0.01,-0.05,457.28,401.13,-401.13,-401.13,40.0
06/02/2026,1630,SPHD,49.51,+0.71%,0.4,53.07,46.58,49.79,49.64,49.32,-5.0,-0.39,-0.56,"839,112",0.0,721780.64,798161.6,31.48,0.16,-0.32,-1.16,52.62,48.5,-48.5,51.06,NaN
06/02/2026,1630,SPHR,141.95,-2.63%,4.32,149.0,36.32,135.34,130.29,93.23,6.0,0.35,0.55,"672,774",-100364.51,713528.49,816751.36,-54.01,18.48,3.3,6.13,149.19,104.45,149.19,-124.14,45.0
06/02/2026,1630,SPLV,71.64,+0.46%,0.81,77.735,69.63,73.01,73.42,73.12,-5.0,-0.22,-0.43,"2,357,782",0.0,2491060.02,2852974.05,-25.46,-2.3,-2.28,-1.76,77.62,72.48,77.62,74.05,NaN
06/02/2026,1630,SPMO,154.32,+1.31%,4.03,154.505,105.3,145.61,132.0,122.45,6.0,0.91,0.45,"2,112,678",-300221.11,1926245.71,1877935.05,-11.44,34.78,9.12,2.79,148.12,107.44,-107.44,-138.09,NaN
06/02/2026,1630,SPOT,501.50,-1.23%,37.31,785.0,405.0,461.93,478.05,569.08,-4.0,0.96,-0.78,"1,426,491",200346.07,2157145.78,2168953.12,-13.33,6.7,12.69,-2.94,571.59,411.18,-411.18,534.06,38.0
06/02/2026,1630,SPX,7609.78,+0.13%,76.65,7620.9,5921.2,7451.5,7100.11,6842.2,7.0,0.9,0.3,<empty>,NaN,NaN,NaN,NaN,15.73,2.79,0.61,7517.12,6317.44,-6317.44,-7321.17,NaN
06/02/2026,1630,SPY,759.57,+0.14%,7.78,760.4,591.05,743.31,707.84,682.32,7.0,0.91,0.32,"31,215,372",100225.44,5.980775829E7,6.822918267E7,-42.39,15.92,2.83,0.66,750.12,629.44,-629.44,-730.17,NaN
06/02/2026,1630,STKL,6.50,0.00%,0.01,6.94,3.32,6.49,6.47,5.53,10.0,-0.52,0.46,<empty>,100038.59,1719189.32,2712623.84,328.3,0.62,0.46,0.15,7.43,5.62,7.43,7.12,4.0
06/02/2026,1630,STLD,271.41,+3.75%,15.28,273.55,119.89,241.6,215.55,175.53,8.0,0.97,0.71,"1,086,947",-100047.03,1138257.95,1156349.02,13.9,48.43,18.74,4.09,244.18,162.51,-162.51,-219.09,34.0
06/02/2026,1630,STZ,136.76,+0.37%,4.85,178.55,126.45,144.99,151.54,147.2,-6.0,-0.04,-0.25,"2,367,797",200233.11,2067565.79,2007069.54,35.53,-9.48,-7.33,-3.78,169.35,135.03,169.35,152.17,20.0
06/02/2026,1630,SU,65.31,+2.43%,2.25,70.29,35.93,66.06,65.33,51.01,2.0,0.01,0.2,"2,510,951",0.0,3883240.79,4541727.12,-28.02,0.57,-6.34,3.16,70.19,55.62,70.19,-62.02,43.0
06/02/2026,1630,SVV,8.90,-1.33%,0.73,13.89,6.905,8.05,8.09,9.95,-1.0,0.81,-0.8,"1,380,988",201272.09,1219462.32,1190814.49,14.85,20.43,22.93,-1.22,9.29,7.45,9.29,-7.1,41.0
06/02/2026,1630,SWBI,15.31,+1.12%,0.2,15.79,7.73,15.07,14.95,11.43,1.0,0.13,0.29,"637,969",0.0,524700.18,598777.41,59.91,3.66,-1.42,0.59,16.2,12.61,16.2,16.06,11.0
06/02/2026,1630,SWKS,79.12,+4.81%,5.37,90.9,51.93,72.82,64.35,66.47,-5.0,-0.93,-0.4,"6,924,597",-200547.15,4209815.28,4040202.57,-1.35,48.67,12.47,-2.81,82.06,52.44,85.04,85.04,43.0
06/02/2026,1630,SXT,113.36,+1.43%,1.71,129.35,82.6,115.55,105.26,99.25,1.0,-0.46,0.06,"342,945",300136.23,412464.6,385921.14,-14.53,23.82,-0.48,-2.79,129.24,83.5,129.24,120.17,36.0
06/02/2026,1630,SYF,70.97,+0.21%,0.78,88.77,56.975,71.73,72.3,74.31,1.0,-0.41,0.53,"3,031,426",100034.03,3769250.15,3879587.93,-48.77,3.88,-0.11,-0.7,80.29,63.56,80.29,-68.08,33.0
06/02/2026,1630,SYY,74.10,+0.52%,1.32,91.845,68.19,74.17,74.85,78.47,-6.0,-0.5,-0.67,"3,634,036",100333.44,5113365.07,4714133.57,26.9,2.67,0.79,-2.4,88.62,68.43,-68.43,77.07,38.0
06/02/2026,1630,T,24.64,+0.37%,0.32,29.79,22.95,24.96,26.22,26.44,-5.0,0.15,-0.52,"41,782,819",-100027.03,3.753886756E7,3.960915475E7,24.89,-12.96,0.86,-0.96,29.48,24.1,-24.1,-24.1,34.0
06/02/2026,1630,TAN,72.27,+1.60%,4.05,75.6,31.4,65.37,59.7,52.04,-2.0,1.0,-0.88,"1,022,200",-100046.03,1411190.96,1393624.21,-8.67,28.43,15.43,0.47,66.06,52.59,-52.59,76.02,NaN
06/02/2026,1630,TAP,38.91,-0.31%,1.21,54.82,38.675,41.45,42.5,46.2,-6.0,-0.36,-0.33,"3,448,203",-200335.23,3126057.61,3104706.32,-25.44,-9.3,-6.65,-4.09,48.62,40.03,48.62,44.16,43.0
06/02/2026,1630,TBIL,49.87,0.00%,0.05,50.02,49.81,49.92,49.92,49.93,-4.0,-0.31,-0.1,"1,370,720",300000.45,2115472.04,2310531.45,-6.01,0.02,-0.14,0.04,50.45,50.44,-50.44,-50.03,NaN
06/02/2026,1630,TCEHY,60.3300,+9.10%,2.0,87.68,54.12,58.11,61.19,73.41,2.0,0.38,0.57,"8,573,220",100200.14,4259783.42,4322690.88,84.46,-4.99,5.05,10.45,74.58,54.03,74.58,-54.03,49.0
06/02/2026,1630,TCNNF,9.32,-1.58%,0.75,11.83,3.25,8.56,7.67,7.4,6.0,0.57,0.41,"239,618",101400.27,425786.78,376944.67,-31.24,59.43,16.21,-3.66,10.24,5.44,10.24,-7.11,NaN
06/02/2026,1630,TEAM,109.10,-5.91%,10.85,222.59,56.0101,90.81,77.65,124.49,5.0,1.0,0.89,"6,997,351",100779.22,7861438.69,7554941.76,17.2,57.27,21.99,16.95,96.2,56.36,-56.36,-78.12,45.0
06/02/2026,1630,TEVA,33.08,-4.50%,0.72,37.345,14.99,34.94,32.66,27.83,-1.0,-0.48,-0.29,"10,279,569",100238.03,6288696.56,6814515.43,122.24,9.36,-2.79,-4.17,37.17,28.4,37.17,37.17,39.0
06/02/2026,1630,TFLO,50.49,0.00%,0.04,50.66,50.39,50.56,50.57,50.54,-2.0,-0.37,-0.18,"2,311,387",-100002.19,1684266.29,1739531.04,142.27,0.0,-0.18,-0.26,51.44,50.42,-50.42,51.02,NaN
06/02/2026,1630,TGS,31.42,-0.57%,0.88,36.3499,19.74,30.15,31.47,28.99,6.0,0.36,0.86,"146,277",100558.08,398870.44,371126.26,-42.04,-9.14,2.21,2.08,36.43,28.61,36.43,-28.07,43.0
06/02/2026,1630,TGT,123.18,-0.43%,2.36,133.1,83.44,124.88,124.17,105.69,-3.0,-0.12,-0.51,"3,205,254",100237.09,5298107.36,5785478.11,-43.01,2.27,-0.18,-4.25,133.29,113.5,133.29,131.04,53.0
06/02/2026,1630,THC,163.60,-3.82%,10.77,247.21,146.6,185.36,188.64,199.35,-2.0,-0.17,-0.32,"1,435,216",100245.22,1394050.32,1338037.39,11.24,-14.02,-14.99,-5.54,247.61,168.22,247.61,201.12,33.0
06/02/2026,1630,THD,74.65,+1.28%,1.01,75.06,48.08,72.28,70.6,64.06,1.0,0.43,0.74,"359,017",-100120.34,105910.45,126669.53,545.67,8.35,3.93,0.88,74.12,65.51,-65.51,-70.14,NaN
06/02/2026,1630,TIGR,4.97,-3.87%,0.64,13.55,4.0,5.84,6.35,8.72,5.0,-0.03,0.24,"10,651,805",101001.07,4830661.57,4353175.11,279.17,-22.71,-17.44,-0.8,8.58,4.06,-4.06,-4.06,0.0
06/02/2026,1630,TIP,109.97,-0.01%,0.42,112.26,108.07,110.78,110.9,110.91,-2.0,-0.19,-0.41,"1,385,850",100007.12,2284925.1,2428356.32,10.59,-0.35,-0.46,-1.09,112.25,110.45,112.25,111.16,NaN
06/02/2026,1630,TJX,153.69,+0.62%,4.25,165.82,119.8405,153.36,156.61,150.7,-5.0,-0.45,-0.64,"4,946,125",-100023.03,5112506.42,5025608.85,-7.0,-5.15,2.29,-0.77,166.37,146.13,-146.13,161.04,53.0
06/02/2026,1630,TKO,204.59,-1.86%,7.05,226.94,152.29,192.24,191.72,196.74,-1.0,0.68,-1.0,"1,139,197",200242.44,1437009.85,1427681.25,9.88,1.75,5.42,2.02,220.62,181.22,-181.22,-182.13,44.0
06/02/2026,1630,TKR,131.90,+4.24%,6.67,132.385,68.59,119.55,110.46,92.23,1.0,1.0,0.89,"1,133,656",300442.06,899303.55,880282.02,59.04,29.24,17.01,4.04,124.18,94.5,-94.5,-107.09,39.0
06/02/2026,1630,TLT,85.65,+0.21%,0.86,92.185,82.77,84.98,85.86,87.98,9.0,0.43,0.88,"20,257,796",100016.5,2.709308156E7,3.186717213E7,-26.82,-0.71,2.5,-0.1,89.62,83.09,-83.09,-83.09,NaN
06/02/2026,1630,TME,9.51,+0.11%,0.28,26.7,8.435,9.13,9.33,16.98,3.0,1.0,0.71,"9,543,782",-200962.53,1.056356974E7,1.143008806E7,-49.81,3.48,4.97,4.62,15.54,8.11,-8.11,-8.11,48.0
06/02/2026,1630,TMO,482.08,-2.42%,19.25,643.99,385.46,461.16,480.24,526.81,-1.0,0.65,-0.98,"1,773,743",200234.03,2254073.28,2267095.08,-41.96,-2.52,9.07,-1.05,538.29,435.1,-435.1,499.02,34.0
06/02/2026,1630,TMUS,188.83,+1.12%,2.07,261.56,181.36,190.69,195.5,211.36,1.0,0.29,0.4,"4,598,822",-100140.3,5537327.0,5542776.35,10.16,-7.55,-0.95,-0.1,222.62,182.25,-182.25,196.14,35.0
06/02/2026,1630,TNET,48.10,-1.68%,2.72,84.08,33.605,42.95,40.56,53.38,7.0,1.0,0.91,"398,248",100160.03,444103.1,455664.4,28.69,33.8,12.2,5.92,46.21,34.36,-34.36,-38.13,36.0
06/02/2026,1630,TNX:CGI,44.55,-0.45%,0.7,46.87,39.47,44.88,43.94,42.02,-9.0,-0.64,-0.14,<empty>,NaN,NaN,NaN,NaN,3.15,-3.63,0.0,47.09,41.62,47.09,47.09,NaN
06/02/2026,1630,TOKE,5.24,0.00%,0.07,7.334,4.27,5.21,5.47,5.74,1.0,0.34,0.36,<empty>,0.0,22074.62,51471.83,22.71,-7.91,-0.37,0.77,6.62,5.12,-5.12,-5.12,NaN
06/02/2026,1630,TOST,26.35,-5.01%,1.57,49.66,22.26,24.77,26.43,32.89,13.0,0.68,0.88,"12,007,862",100153.1,1.144551285E7,1.137759292E7,-46.14,1.07,16.39,5.57,31.6,22.13,-22.13,-22.13,43.0
06/02/2026,1630,TPB,82.45,+0.46%,2.97,146.9,65.8,88.52,83.49,99.05,-15.0,-0.63,-0.59,"209,517",-101366.43,482256.43,496161.82,-46.91,11.04,-7.51,-6.68,108.62,66.42,-66.42,99.16,44.0
06/02/2026,1630,TPL,370.82,+0.70%,11.1,547.2,269.233333333333,396.5,428.4,366.84,-3.0,-0.13,-0.52,"446,204",-100147.03,454838.54,470609.3,19.26,-15.57,-4.08,-7.6,545.48,370.37,545.48,455.17,44.0
06/02/2026,1630,TPR,138.65,-0.12%,5.06,161.97,77.79,136.78,142.24,127.34,-2.0,-0.35,-0.67,"2,215,690",100040.14,2114772.89,2122626.49,-24.73,-3.95,5.7,-4.64,159.31,128.14,-128.14,147.02,50.0
06/02/2026,1630,TPYP,42.0561,+1.72%,0.98,44.58,33.94,42.79,42.37,38.16,1.0,-0.15,0.05,"39,623",200020.27,130353.32,131786.45,20.73,0.42,-4.37,-0.25,45.08,40.31,45.08,-41.02,NaN
06/02/2026,1630,TRIP,11.94,-1.32%,0.87,20.16,9.01,10.35,10.67,13.55,13.0,0.92,1.0,"4,868,100",200763.09,3749605.75,3787955.51,21.17,11.48,25.29,9.54,12.29,9.51,-9.51,-9.08,45.0
06/02/2026,1630,TRP,68.02,+2.86%,1.4,71.47,46.29,67.66,64.79,57.78,1.0,-0.63,0.05,"1,701,579",-200028.44,2595836.17,2573266.75,22.54,9.32,-1.88,0.58,71.06,59.31,71.06,71.06,40.0
06/02/2026,1630,TRU,73.75,+0.33%,2.54,99.39,64.51,69.89,70.62,79.12,9.0,0.82,0.81,"1,746,669",0.0,2114826.83,2270965.5,-16.56,7.21,7.51,2.92,80.29,65.08,-65.08,-65.08,35.0
06/02/2026,1630,TSLA,423.74,+1.89%,12.75,498.83,273.21,424.21,393.62,412.95,-3.0,-0.78,-0.37,"37,260,673",-100047.28,6.0018293E7,6.027581586E7,-38.48,11.14,3.35,-4.15,453.13,337.39,453.13,-394.09,35.0
06/02/2026,1630,TSM,446.69,+2.54%,14.94,449.39,193.64,411.3,383.68,323.38,2.0,0.92,0.73,"10,057,393",100252.27,1.341624006E7,1.370786894E7,-44.5,30.81,12.81,5.14,422.12,314.44,-314.44,-385.09,30.0
06/02/2026,1630,TSN,59.59,-0.57%,2.59,69.4842,50.56,65.57,64.66,59.38,-4.0,0.0,0.0,"2,452,693",100528.21,2728337.57,2888900.19,14.39,-7.33,-10.63,-3.89,69.19,58.49,69.19,69.15,42.0
06/02/2026,1630,TT,458.92,+2.33%,9.58,503.47,348.06,462.7,458.67,428.13,7.0,0.16,0.39,"1,901,950",-100033.03,1349823.57,1352588.7,33.23,7.19,-0.33,1.47,503.22,403.44,503.22,492.17,39.0
06/02/2026,1630,TTD,21.10,-9.13%,0.77,91.45,19.74,21.98,22.27,35.75,-1.0,-0.84,-0.51,"21,670,110",100271.03,1.941398241E7,2.068537622E7,28.82,-4.0,-5.25,-0.24,33.61,20.37,-20.37,-20.13,45.0
06/02/2026,1630,TTE,89.40,+0.78%,2.21,94.17,57.39,90.52,90.45,72.91,2.0,0.01,0.28,"784,977",400228.37,1737087.97,1986173.97,11.15,-0.42,-4.31,2.56,94.1,77.61,94.1,-87.04,NaN
06/02/2026,1630,TTWO,222.38,-2.03%,8.92,264.785,187.63,228.07,214.58,231.7,-1.0,-0.72,-0.38,"2,681,273",100343.03,2070129.49,2049909.48,50.16,12.2,-8.17,2.07,247.06,188.45,247.06,-216.03,47.0
06/02/2026,1630,TUA,20.61,0.00%,0.07,22.305,20.425,20.68,20.9,21.64,1.0,0.53,0.72,"77,696",100124.46,482888.14,487518.06,-66.99,-2.14,0.19,-0.19,22.62,20.09,-20.09,-20.09,NaN
06/02/2026,1630,TUR,40.11,+3.19%,1.58,43.98,29.64,40.73,40.83,37.23,7.0,0.06,0.42,"217,714",-100742.08,322805.69,377997.96,-46.19,3.67,-1.01,4.15,44.15,36.07,-36.07,-36.07,NaN
06/02/2026,1630,TWLO,229.30,+0.77%,14.16,231.36,91.84,196.18,160.44,129.62,3.0,0.79,0.52,"3,000,382",401671.02,2706631.15,2487358.85,0.86,75.76,16.0,24.21,204.16,113.36,-113.36,-180.05,45.0
06/02/2026,1630,TXG,30.71,+3.79%,3.14,31.15,8.945,23.84,22.88,18.05,14.0,1.0,1.0,"3,056,840",100380.17,2655771.76,2563855.82,11.36,39.27,43.17,9.72,26.31,16.54,-16.54,-20.16,45.0
06/02/2026,1630,TXRH,170.94,-2.54%,2.92,197.0,153.825,175.52,167.62,171.95,-5.0,-0.68,-0.19,"503,243",200331.16,1149793.71,1100935.68,-62.88,5.48,-3.5,-5.22,185.14,154.2,-154.2,186.02,45.0
06/02/2026,1630,TXT,91.37,+1.99%,1.33,101.57,72.98,91.07,90.51,87.84,1.0,0.47,0.62,"1,451,462",-100129.23,1286408.88,1396346.08,23.4,2.77,0.86,-0.6,99.62,86.44,-86.44,94.04,35.0
06/02/2026,1630,TYX:CGI,49.67,-0.48%,0.67,51.97,45.28,50.32,49.65,48.15,-9.0,-0.56,-0.11,<empty>,NaN,NaN,NaN,NaN,1.37,-3.5,-0.36,52.09,47.62,52.09,52.09,NaN
06/02/2026,1630,U,30.77,-4.35%,2.04,52.15,16.78,27.64,25.05,33.8,6.0,0.85,0.79,"10,062,679",-100494.46,1.308388102E7,1.322092671E7,17.98,40.12,14.81,2.77,31.17,17.46,-17.46,-25.06,44.0
06/02/2026,1630,UA,5.28,-1.49%,0.3,7.9067,3.95,5.47,5.78,5.37,-2.0,-0.22,-0.7,"3,008,062",-100455.15,2879291.68,2883658.34,-64.33,-5.71,7.1,-9.59,7.62,5.14,-5.14,-5.14,46.0
06/02/2026,1630,UAA,5.43,-1.99%,0.31,8.15,4.13,5.62,5.93,5.53,-2.0,-0.22,-0.71,"7,037,844",-100361.15,8210059.83,9095744.68,-78.95,-5.57,8.17,-9.35,7.62,5.14,-5.14,-5.14,46.0
06/02/2026,1630,UAE,18.84,-0.89%,0.26,22.29,16.99,19.12,19.1,19.5,-2.0,-0.58,-0.6,"198,344",100338.5,524202.51,739231.86,-42.54,1.02,1.29,-4.02,21.31,17.5,21.31,-18.1,NaN
06/02/2026,1630,UAL,108.82,-2.63%,8.63,119.21,71.55,100.91,96.28,101.74,-2.0,-1.0,-0.85,"4,584,831",-300458.29,7193884.61,7774811.17,35.37,14.45,17.58,-5.42,106.31,85.44,-85.44,118.02,35.0
06/02/2026,1630,UBER,71.62,-2.91%,1.83,101.99,68.46,73.9,73.73,83.5,4.0,-0.61,0.33,"16,562,732",-100038.03,1.682592254E7,1.737102929E7,-3.93,-0.13,-4.61,0.99,81.17,68.45,81.17,-70.03,44.0
06/02/2026,1630,UFO,61.22,+0.23%,3.84,68.2121,24.4104,58.67,53.45,42.58,-3.0,-0.85,-0.5,"1,267,826",-100374.02,1201483.75,1038926.78,28.29,32.34,6.3,-9.71,62.06,42.44,-42.44,68.03,NaN
06/02/2026,1630,UGA,108.5414,+1.74%,6.56,125.47,58.5,115.38,109.11,78.12,2.0,-0.05,0.1,"34,727",-200176.43,88370.31,86049.27,40.52,9.09,-11.63,0.74,125.1,79.62,125.1,-104.02,NaN
06/02/2026,1630,UHAL,56.25,-0.72%,3.45,64.75,41.945,52.15,50.84,52.96,-1.0,0.97,-0.9,"323,131",201231.04,238791.91,243332.05,92.87,19.38,14.1,-4.74,54.28,42.5,-42.5,59.03,44.0
06/02/2026,1630,UHS,142.55,-1.48%,9.73,246.325,142.34,161.86,172.25,200.08,-10.0,0.0,-0.29,"1,052,513",-100340.03,917189.33,912438.36,19.47,-19.89,-15.79,-5.04,207.62,149.03,207.62,175.16,38.0
06/02/2026,1630,UL,55.53,-0.45%,0.71,74.975,54.95,57.43,57.86,65.5,-4.0,-0.48,-0.56,"5,458,736",100232.43,4651653.56,4587368.88,65.13,-0.95,-3.09,-2.63,69.62,55.42,-55.42,60.17,38.0
06/02/2026,1630,ULS,97.77,-2.17%,1.39,107.54,61.64,100.36,92.6,80.51,-6.0,-0.72,-0.32,"921,711",-100145.51,743385.71,751195.34,20.72,15.61,-1.25,-1.81,108.18,78.59,108.18,-94.14,43.0
06/02/2026,1630,ULTA,494.87,-1.18%,11.81,714.9699,452.0,506.96,524.26,567.0,-3.0,-0.49,-0.72,"1,804,792",-400161.01,709429.15,782585.46,71.95,-7.78,3.13,-4.86,677.62,469.09,-469.09,-469.09,0.0
06/02/2026,1630,UNG,11.47,-0.61%,0.33,18.1182,9.95,11.2,11.11,12.46,-2.0,-0.61,-0.47,"5,873,377",0.0,9116119.52,1.049477964E7,-22.49,0.44,-0.61,-3.53,13.59,10.23,-10.23,12.02,NaN
06/02/2026,1630,UNH,377.92,-0.51%,7.36,404.15,234.6,383.6,342.37,327.68,-13.0,-0.67,-0.23,"3,863,457",-100145.51,7845599.28,8085782.45,-58.17,37.94,-3.38,-1.21,404.13,256.45,404.13,404.13,38.0
06/02/2026,1630,UNP,264.68,+0.45%,4.61,279.7,210.84,267.37,258.08,239.53,-4.0,-0.48,-0.35,"2,504,949",-200129.03,3021195.29,3019049.09,-1.47,8.87,-3.8,-0.87,276.1,232.51,280.04,280.04,35.0
06/02/2026,1630,UPBD,18.61,-2.36%,0.81,28.025,15.82,18.18,18.54,20.16,-1.0,0.56,-0.83,"687,329",200250.23,815467.48,850176.74,-6.65,4.08,8.01,-4.17,21.61,17.09,-17.09,20.03,40.0
06/02/2026,1630,UPS,108.93,-0.08%,4.43,122.41,82.0,101.07,101.63,98.31,10.0,0.68,0.98,"5,781,549",-200635.21,5717361.91,6392133.03,-6.71,11.26,14.03,2.12,116.62,94.09,-94.09,-94.09,38.0
06/02/2026,1630,UPST,32.39,-3.63%,2.12,87.3,23.965,29.83,29.68,42.37,-1.0,0.84,-0.68,"4,818,088",0.0,4649927.09,4817532.57,35.92,27.72,15.93,-0.92,36.29,24.44,36.29,35.02,43.0
06/02/2026,1630,URA,53.42,+5.70%,1.81,62.28,32.3,51.97,52.02,49.58,8.0,0.21,0.62,"7,136,890",100756.01,3840326.72,3926769.87,18.33,8.44,9.74,5.26,59.27,45.44,59.27,-47.09,NaN
06/02/2026,1630,URBN,72.26,+1.03%,2.66,84.35,59.535,71.1,69.13,70.25,-4.0,-0.49,-0.56,"994,385",100247.08,1358887.09,1526109.58,-46.62,13.4,3.81,-3.46,77.29,60.48,77.04,77.04,59.0
06/02/2026,1630,URI,994.82,-0.30%,25.77,1021.47,682.075,957.5,870.18,876.45,-1.0,0.76,-0.45,"321,768",100536.28,535191.96,564898.85,-56.07,35.99,5.32,0.65,1001.26,702.51,-702.51,-911.09,35.0
06/02/2026,1630,URNJ,29.93,+5.95%,1.16,40.81,17.51,28.92,29.83,29.08,8.0,0.21,0.6,"445,831",0.0,299961.27,346948.94,19.63,0.2,10.69,5.91,34.62,26.08,-26.08,-26.08,NaN
06/02/2026,1630,URNM,65.34,+6.87%,2.33,84.95,40.4,62.31,64.05,61.76,8.0,0.21,0.66,"1,055,833",100255.06,738629.48,758125.4,4.49,2.3,11.22,6.5,72.27,57.09,-57.09,-57.09,NaN
06/02/2026,1630,USCI,99.40,+0.25%,1.39,102.93,70.4,100.04,97.86,84.57,2.0,-0.12,0.14,"19,668",400126.05,26492.07,25980.27,45.22,4.76,-2.08,0.8,103.13,87.62,103.13,103.13,NaN
06/02/2026,1630,USD/JPY,159.929,0.00%,0.294,N/A,N/A,159.206,158.613,157.336,3.0,0.65,0.6,0,-100200.35,1.22572E7,1.548875E7,-100.0,0.268,0.448,0.423,161.34,155.28,-155.28,-159.14,NaN
06/02/2026,1630,USFD,80.72,-0.63%,1.24,102.13,69.875,83.46,88.31,82.36,11.0,0.07,0.51,"2,052,906",-100028.18,2336541.45,2458800.73,-36.85,-11.13,-1.62,-0.53,95.54,80.07,-80.07,-80.07,45.0
06/02/2026,1630,USPH,62.50,-0.05%,1.34,93.5,58.19,63.26,70.19,79.15,-2.0,0.32,-0.7,"139,466",300346.11,202296.43,196398.54,-62.93,-15.99,-3.91,-2.18,85.62,58.16,-58.16,-58.16,44.0
06/02/2026,1630,UTI,41.66,+0.65%,1.74,42.0,21.29,38.49,37.48,31.21,2.0,0.6,0.58,"953,602",300054.06,937496.33,871516.49,10.07,13.02,6.66,6.74,42.12,31.17,-31.17,-31.17,44.0
06/02/2026,1630,UTZ,7.07,-2.21%,0.26,14.67,6.92,7.45,7.58,9.99,-6.0,-0.64,-0.46,"1,359,600",200150.1,1968704.35,1947869.4,-54.73,-8.42,-3.68,-5.73,9.62,7.11,-7.11,-7.11,40.0
06/02/2026,1630,UUP,27.76,0.00%,0.07,28.45,26.395,27.62,27.58,27.56,-9.0,0.76,-0.71,"2,047,676",100007.39,2530183.21,2834035.77,1.97,0.11,0.22,0.22,28.44,27.31,-27.31,-27.17,NaN
06/02/2026,1630,V,317.32,-1.69%,4.23,375.51,293.89,324.93,316.04,330.54,-8.0,-0.67,-0.36,"10,114,415",100024.03,7498238.93,7412758.98,62.22,6.3,-4.61,-2.35,342.23,294.42,342.23,335.09,39.0
06/02/2026,1630,VET,11.73,+0.69%,0.63,14.82,6.635,12.21,12.64,9.78,2.0,0.01,0.35,"754,713",101365.52,1876263.61,2229288.31,-55.97,-9.0,-9.63,3.08,15.5,11.61,15.5,-11.02,45.0
06/02/2026,1630,VFC,16.71,+0.06%,0.45,22.2699,11.06,17.39,18.05,17.18,-2.0,-0.27,-0.46,"6,414,934",100155.08,7488807.21,7262285.25,-15.5,-1.24,-1.07,-6.8,22.29,16.07,-16.07,-16.07,43.0
06/02/2026,1630,VG,12.37,-2.44%,0.81,19.5,5.72,12.93,13.52,10.89,-1.0,-0.23,-0.5,"8,094,950",100815.51,2.365842675E7,2.704001654E7,-80.66,-15.74,-12.7,-1.36,18.48,11.62,18.48,15.09,49.0
06/02/2026,1630,VGK,88.96,+0.50%,1.08,90.745,74.2401,88.03,86.31,83.62,-4.0,-0.82,-0.49,"4,468,113",200127.44,3797957.88,4140006.41,24.08,6.39,2.12,-0.08,90.31,79.5,90.05,90.05,NaN
06/02/2026,1630,VHT,272.98,-1.21%,3.08,298.6068,237.2312,274.36,273.24,276.31,-3.0,-0.77,-0.62,"265,529",-100116.22,197077.77,200092.43,-22.48,-0.55,0.57,-3.12,291.62,265.45,-265.45,282.03,NaN
06/02/2026,1630,VIK,89.53,-2.52%,3.84,93.6999,45.36,85.71,80.86,70.3,-2.0,-0.98,-0.69,"2,121,775",200449.05,3369423.02,3277257.92,-37.34,17.46,4.03,-3.04,92.12,66.59,-66.59,94.03,53.0
06/02/2026,1630,VIR,8.74,-3.21%,0.3,11.66,4.155,9.22,9.53,7.21,-2.0,-0.12,-0.5,"1,408,936",0.0,1738578.71,2069505.69,13.98,-3.1,-0.34,-8.48,12.3,8.44,12.3,-9.09,44.0
06/02/2026,1630,VIX,15.77,-1.74%,0.89,35.3,13.38,17.06,19.53,18.43,2.0,0.19,0.61,<empty>,NaN,NaN,NaN,NaN,-33.93,-12.68,0.19,35.6,16.03,35.6,-15.02,NaN
06/02/2026,1630,VKTX,29.29,-6.33%,1.28,43.15,22.959,30.96,32.4,32.38,-2.0,-0.45,-0.52,"2,752,212",100268.23,2207620.3,2272884.28,107.17,-11.13,2.09,-9.01,38.55,28.09,-28.09,33.02,40.0
06/02/2026,1630,VLO,258.26,+2.27%,6.95,263.75,125.5,247.38,243.6,194.47,4.0,0.38,0.56,"2,354,411",-100148.51,3222472.73,3705887.1,-30.49,6.96,-0.1,5.48,264.08,214.58,264.08,264.08,40.0
06/02/2026,1630,VLTO,82.43,-1.40%,1.5,110.11,80.03,85.71,87.51,97.26,-1.0,-0.34,-0.48,"1,968,400",-300231.03,2171691.21,2094613.21,12.88,-6.39,-4.94,-1.26,96.61,80.03,96.61,-80.03,36.0
06/02/2026,1630,VMC,281.84,+0.10%,7.88,331.09,252.35,275.94,281.51,291.73,9.0,0.54,0.72,"1,337,498",300138.45,1138068.9,1232978.5,48.57,0.61,5.82,1.84,306.23,252.51,306.23,-252.09,40.0
06/02/2026,1630,VNM,18.13,-1.68%,0.37,19.85,13.02,19.09,18.5,18.3,-2.0,-0.48,-0.13,"838,213",-100141.58,730306.81,844072.26,17.3,4.14,-6.11,-2.94,20.16,16.48,20.16,20.16,NaN
06/02/2026,1630,VNO,34.22,+2.52%,1.28,43.37,24.57,31.95,29.39,33.52,1.0,1.0,0.52,"1,542,715",-100446.51,1885006.88,2028394.21,-21.03,33.83,8.12,1.09,33.17,25.45,-25.45,-30.08,42.0
06/02/2026,1630,VRNS,35.88,-0.64%,2.75,63.9,19.7,30.05,26.1,36.71,4.0,1.0,0.8,"1,906,868",0.0,2443576.63,2395361.66,38.4,65.04,24.67,12.79,31.06,20.36,-20.36,-26.12,39.0
06/02/2026,1630,VRT,334.49,+3.43%,21.11,379.935,107.38,339.62,310.02,213.22,3.0,0.23,0.22,"5,043,656",-100569.51,5759783.29,7509312.16,-23.07,28.96,-1.54,6.46,380.12,232.44,380.12,-307.03,39.0
06/02/2026,1630,VRTX,425.09,-3.04%,7.75,507.92,362.5,436.61,437.7,436.45,-2.0,-0.52,-0.49,"1,146,375",100432.59,1227848.84,1296269.59,-18.02,-4.96,-2.63,-5.11,508.58,412.19,-412.19,457.12,42.0
06/02/2026,1630,VSCO,54.30,0.00%,4.94,66.889,17.53,50.07,49.63,44.43,-2.0,0.61,-0.89,<empty>,200487.01,2234744.83,2486945.83,79.03,17.13,18.15,-5.04,65.61,42.44,-42.44,61.02,1.0
06/02/2026,1630,VTR,80.13,-1.93%,2.86,91.06,61.76,87.05,85.27,78.47,-12.0,-0.02,0.0,"3,869,319",100023.23,4177502.74,3952398.69,-41.88,-2.29,-9.09,-6.6,91.11,79.28,91.11,91.11,40.0
06/02/2026,1630,VVIX,90.53,-1.17%,3.5,147.14,81.72,92.91,101.22,102.2,2.0,0.22,0.53,<empty>,NaN,NaN,NaN,NaN,-21.16,-0.71,5.23,141.6,85.03,141.6,-85.02,NaN
06/02/2026,1630,VVV,33.94,+1.53%,0.76,41.33,28.5,33.58,33.55,34.24,-3.0,0.34,-0.63,"1,812,206",-200136.17,2144415.38,2057438.1,-45.87,-0.44,2.11,-0.7,38.62,31.08,-31.08,-31.08,44.0
06/02/2026,1630,VXD,14.98,-2.16%,0.67,42.71,2.43,15.96,18.69,17.34,-1.0,0.2,-0.49,<empty>,NaN,NaN,NaN,NaN,-33.1,-8.38,-2.28,43.58,14.03,43.58,-14.02,NaN
06/02/2026,1630,VXN:CGI,23.27,+0.39%,0.76,33.92,9.01,23.63,24.56,22.76,2.0,0.39,0.54,<empty>,NaN,NaN,NaN,NaN,-15.57,-3.88,1.53,34.44,21.21,-21.21,-22.02,NaN
06/02/2026,1630,VXX,24.37,-1.65%,1.39,56.0096,23.85,26.79,29.75,31.34,2.0,-0.11,0.52,"8,833,099",0.0,9565991.19,1.123482992E7,-16.93,-29.83,-10.4,-0.77,40.44,24.03,40.44,-24.02,NaN
06/02/2026,1630,VZ,47.87,+0.29%,0.6,51.68,38.39,47.6,47.8,44.33,-5.0,-0.33,-0.45,"14,887,331",100029.51,2.334805626E7,2.44834375E7,-17.89,-3.08,2.37,-0.29,52.48,44.34,-44.34,49.04,33.0
06/02/2026,1630,W,72.32,-0.39%,5.9,119.98,41.17,65.68,70.82,86.72,-3.0,0.68,-0.96,"2,991,703",101271.09,4121939.71,3929127.79,-27.53,-3.89,22.04,-0.59,86.31,56.09,-56.09,77.04,42.0
06/02/2026,1630,WBD,27.18,-0.26%,0.12,30.0,9.11,27.14,27.2,24.27,2.0,0.1,0.38,"19,083,882",-100119.51,1.986767608E7,2.177957485E7,16.03,-1.13,0.3,0.52,28.62,27.24,-27.24,-27.06,45.0
06/02/2026,1630,WCLD,34.77,-3.28%,2.35,37.115,23.8901,30.11,28.3,32.01,4.0,1.0,1.0,"1,341,710",300638.02,1139651.05,1212327.43,66.38,26.6,17.9,13.93,31.09,24.36,-24.36,-27.12,NaN
06/02/2026,1630,WDAY,148.88,-5.31%,11.47,257.09,110.36,128.81,126.22,185.2,4.0,1.0,0.95,"5,395,074",200366.02,5216230.46,5209096.2,91.57,15.37,15.52,14.51,154.59,110.37,-110.37,-113.13,55.0
06/02/2026,1630,WEAT,23.15,-0.69%,0.7,25.6,19.78,24.16,23.51,21.63,-9.0,-0.31,0.0,"515,872",-100149.57,970248.05,1060069.42,-70.03,1.4,-7.4,-2.85,26.13,22.62,26.13,26.13,NaN
06/02/2026,1630,WELL,195.35,-1.02%,7.54,221.675,148.6,213.22,208.68,192.24,-5.0,0.0,-0.04,"3,346,919",-100227.03,3115669.21,3183645.43,14.14,-1.77,-8.12,-7.1,222.13,193.48,222.13,222.13,38.0
06/02/2026,1630,WEN,7.21,-8.15%,0.29,12.51,6.37,7.54,7.17,8.25,-1.0,-0.7,-0.13,"10,180,524",200467.15,1.007773988E7,9854665.23,-82.4,4.49,-8.04,-3.87,8.13,6.19,8.13,8.13,46.0
06/02/2026,1630,WEST,7.97,-6.24%,0.23,8.9764,3.59,7.94,6.15,5.03,-1.0,-0.7,-0.04,"687,016",-100168.15,633371.74,604263.31,-71.16,86.65,-4.32,-0.5,9.15,4.59,9.15,9.15,45.0
06/02/2026,1630,WFC,79.44,+2.94%,1.7,97.76,71.93,76.3,79.18,84.05,13.0,0.53,0.74,"19,430,373",-300430.17,1.669727142E7,1.748558409E7,-7.49,-1.4,6.82,3.64,87.35,73.11,-73.11,-73.11,28.0
06/02/2026,1630,WGMI,71.51,+1.06%,5.64,74.1299,17.14,61.49,50.53,45.39,2.0,1.0,0.8,"793,237",-100477.11,555146.8,559141.75,108.93,105.13,28.73,3.25,63.06,32.44,-32.44,-52.09,NaN
06/02/2026,1630,WGS,53.13,+2.17%,4.75,170.87,32.21,43.86,56.76,103.54,17.0,0.5,0.97,"1,046,009",201576.18,1311546.01,1192416.63,-24.57,-18.91,24.46,5.94,95.59,32.18,-32.18,-35.17,39.0
06/02/2026,1630,WH,81.48,+2.98%,1.62,92.685,69.21,80.99,82.56,79.55,1.0,0.18,0.59,"1,304,507",0.0,1204472.78,1219023.84,28.81,0.01,4.27,-1.37,90.29,72.56,90.29,-77.08,35.0
06/02/2026,1630,WING,151.00,-4.53%,13.62,388.14,116.35,137.5,159.14,233.5,-1.0,0.69,-0.85,"1,385,413",200873.12,1430848.61,1332852.31,52.12,4.23,17.05,-4.19,250.62,116.12,-116.12,-116.12,39.0
06/02/2026,1630,WMS,135.66,+0.01%,2.58,179.315,106.96,138.84,142.63,147.26,-2.0,-0.42,-0.57,"762,734",-200143.08,895696.75,924604.5,26.27,-0.98,0.28,-3.13,163.62,128.06,-128.06,-128.06,45.0
06/02/2026,1630,WMT,113.06,-1.34%,7.58,135.155,93.43,125.71,126.18,115.2,-3.0,0.0,0.0,"27,292,679",-200228.03,1.925071184E7,1.991353386E7,52.17,-9.36,-15.21,-4.91,135.09,117.03,135.09,135.09,54.0
06/02/2026,1630,WOOD,67.495,+0.58%,1.04,83.32,64.53,67.2,69.01,72.25,1.0,0.41,0.82,"16,382",0.0,18148.97,20981.45,33.53,-5.19,3.28,-0.8,75.62,65.09,-65.09,-65.09,NaN
06/02/2026,1630,WRBY,25.09,+2.91%,1.71,31.0,14.96,26.07,23.88,24.04,1.0,-0.39,0.17,"2,438,344",-101183.1,2750759.15,2771342.04,-21.24,17.19,-12.43,-2.45,30.09,20.4,30.09,-23.08,45.0
06/02/2026,1630,WW,15.98,-4.77%,2.91,46.949,8.365,12.09,12.01,23.15,-2.0,0.89,-0.95,"274,389",-101609.18,395099.61,372308.53,45.07,13.66,59.32,-6.55,25.54,8.16,-8.16,18.03,47.0
06/02/2026,1630,WWW,16.96,-3.42%,1.07,32.8,13.47,16.43,16.79,20.27,-2.0,-0.81,-0.52,"782,545",-101064.13,1077164.99,1120277.94,-54.66,3.54,10.78,-4.45,19.29,14.12,-14.12,18.03,40.0
06/02/2026,1630,WY,24.39,+2.87%,0.63,27.86,21.155,23.63,24.1,24.31,1.0,0.42,0.76,"4,673,287",100033.03,4986451.44,5312281.43,-24.86,0.79,6.65,-0.69,26.29,22.5,26.29,25.03,36.0
06/02/2026,1630,WYFI,30.16,-4.44%,2.95,40.75,10.5101,26.83,19.51,20.84,-4.0,-0.96,-0.38,"1,038,376",101951.13,1404025.74,1259686.18,-63.18,159.33,26.88,-6.28,31.06,11.45,33.05,33.05,51.0
06/02/2026,1630,WYNN,104.62,-1.79%,3.52,134.72,82.627,100.19,102.49,114.61,11.0,0.73,0.99,"996,978",-100338.17,1456998.37,1617770.06,-39.18,1.97,9.54,3.03,112.31,93.08,-93.08,-93.08,45.0
06/02/2026,1630,XBI,127.76,-4.39%,3.11,139.19,80.5,133.17,131.43,118.33,-2.0,-0.31,-0.35,"14,188,056",-100037.43,8881939.63,9150243.07,136.7,-0.61,0.07,-6.05,139.31,118.48,139.31,-125.09,NaN
06/02/2026,1630,XHR,17.76,+1.37%,0.55,17.96,11.75,16.87,16.1,14.74,1.0,1.0,0.68,"732,629",100136.27,700179.66,675752.66,50.89,21.39,8.49,1.2,17.21,14.55,-14.55,-16.11,40.0
06/02/2026,1630,XIACY,18.74,+2.40%,0.77,40.25,17.75,19.37,19.81,25.75,2.0,0.53,0.24,"354,776",-100000.52,368393.7,423221.06,14.51,-8.41,-4.63,2.29,23.51,18.04,23.51,-18.02,57.0
06/02/2026,1630,XLB,51.52,+1.18%,0.81,54.14,42.035,51.09,50.94,47.73,8.0,0.38,0.66,"19,915,880",100129.02,1.195553121E7,1.350760146E7,71.77,2.1,2.59,0.31,53.17,47.5,53.17,-49.09,NaN
06/02/2026,1630,XLC,113.57,-1.76%,0.84,120.405,100.96,116.13,115.01,115.41,-3.0,-0.59,-0.31,"6,493,907",0.0,5356462.99,6256306.92,21.69,2.09,-2.92,-2.66,119.31,107.45,119.31,118.17,NaN
06/02/2026,1630,XLE,57.96,+1.15%,1.43,63.46,40.83,58.08,58.27,50.12,2.0,0.19,0.48,"23,777,324",0.0,4.579249805E7,5.113003968E7,-35.41,-1.71,-4.32,1.77,63.44,53.31,-53.31,62.08,NaN
06/02/2026,1630,XLF,51.46,+0.06%,0.28,56.515,47.67,51.48,51.11,52.58,-2.0,-0.61,-0.4,"30,936,727",0.0,3.809355232E7,4.357743945E7,-30.0,4.09,-0.54,0.37,53.29,48.45,53.29,52.05,NaN
06/02/2026,1630,XLG,64.40,-0.29%,0.45,64.7653,49.42,63.41,59.96,58.38,-1.0,-0.85,-0.21,"796,140",-100129.57,2050970.24,3004770.17,-25.26,17.24,1.39,0.25,64.12,53.44,-53.44,-62.17,NaN
06/02/2026,1630,XLI,174.19,+1.04%,1.75,179.305,141.28,173.0,170.36,161.67,1.0,0.53,0.54,"8,658,972",0.0,9569546.41,1.112206721E7,15.94,5.94,2.01,0.22,178.17,156.44,178.17,-168.09,NaN
06/02/2026,1630,XLK,198.21,+1.25%,7.58,198.38,116.545,179.59,159.81,146.02,7.0,1.0,0.7,"10,132,891",0.0,1.246447708E7,1.417979225E7,-36.47,46.92,13.68,6.08,182.06,127.44,-127.44,-169.17,NaN
06/02/2026,1630,XLP,81.83,-0.24%,1.26,90.14,75.16,84.25,83.06,81.42,-9.0,-0.33,-0.27,"15,721,172",0.0,1.314968824E7,1.48384963E7,-2.38,0.45,-4.74,-3.08,88.62,80.33,-80.33,87.09,NaN
06/02/2026,1630,XLRE,43.49,+0.51%,0.48,44.985,39.725,44.2,43.24,42.06,-4.0,-0.57,-0.28,"6,156,981",-100330.51,6093094.48,6798157.05,22.59,6.2,-0.59,-2.07,45.18,40.45,45.04,45.04,NaN
06/02/2026,1630,XLU,43.90,+1.86%,0.62,47.8,39.89,44.77,45.52,44.45,-4.0,-0.03,-0.38,"27,353,516",-100424.51,2.161891176E7,2.341230765E7,-3.14,-4.79,-0.09,-1.64,48.37,44.1,48.37,46.17,NaN
06/02/2026,1630,XLV,146.40,-0.97%,1.58,160.59,127.96,146.82,146.43,148.44,-3.0,-0.81,-0.67,"12,023,324",100123.49,1.0490073E7,1.169461767E7,1.06,-0.9,0.47,-2.97,158.62,142.23,-142.23,151.03,NaN
06/02/2026,1630,XLY,117.59,-0.51%,1.9,125.01,103.855,118.82,115.89,117.6,-3.0,-0.74,-0.23,"8,216,666",100227.44,8641448.8,9534995.74,24.08,7.09,1.09,-3.66,122.31,105.44,-105.44,122.03,NaN
06/02/2026,1630,XOM,149.56,+0.12%,5.0,176.41,101.73,151.79,154.48,132.35,2.0,-0.13,0.45,"10,416,257",-100337.43,1.957983694E7,2.059963633E7,-36.65,-6.98,-6.81,1.77,176.44,142.31,-142.31,164.08,41.0
06/02/2026,1630,XOP,168.85,+0.58%,4.52,190.36,119.67,169.92,172.13,144.94,2.0,0.06,0.55,"2,716,571",-100137.59,4259650.98,4931918.34,-13.7,-3.43,-4.18,2.36,190.44,155.31,-155.31,-162.02,NaN
06/02/2026,1630,XPEV,17.89,+4.01%,0.82,28.235,14.72,16.05,16.78,19.61,8.0,0.82,0.83,"10,159,728",-200262.28,6622619.67,7113005.65,65.24,2.17,18.79,8.82,20.55,15.08,-15.08,-15.08,53.0
06/02/2026,1630,XRT,83.70,+0.46%,2.03,91.65,75.02,82.39,82.86,84.73,-2.0,0.6,-0.68,"4,104,480",100225.08,5480815.96,5730371.9,-25.67,3.85,5.16,-2.23,89.29,78.08,-78.08,86.03,NaN
06/02/2026,1630,XTL,247.62,+3.28%,8.0,247.62,104.42,231.05,216.94,170.21,1.0,0.8,0.68,"242,187",100327.01,120243.47,104604.86,255.58,29.85,10.45,2.41,234.06,179.59,-179.59,-218.09,NaN
06/02/2026,1630,XYL,110.29,+1.81%,1.17,154.27,105.29,110.75,117.36,133.88,1.0,0.31,0.65,"1,676,853",200037.32,2224819.13,2158071.21,-8.8,-9.95,1.84,0.95,130.33,105.08,-105.08,-105.08,45.0
06/02/2026,1630,XYZ,74.15,-2.56%,2.54,82.5,48.21,71.62,67.92,67.7,-1.0,0.76,-0.47,"4,898,937",0.0,5677030.37,6297441.87,-21.27,24.54,4.98,-0.27,77.16,56.45,-56.45,-67.06,47.0
06/02/2026,1630,YCS,54.46,+0.03%,0.41,54.67,40.26,53.35,53.37,49.86,2.0,0.65,0.81,"7,824",-100218.32,28975.9,29252.88,-17.87,2.52,1.68,1.0,55.48,51.55,55.48,-52.17,NaN
06/02/2026,1630,YELP,23.07,-1.66%,0.7,37.915,19.6,23.86,25.49,28.15,11.0,0.38,0.67,"1,489,424",-100349.03,1179466.23,1251987.47,-22.89,-8.42,5.87,-0.99,30.28,21.11,-21.11,-21.11,45.0
06/02/2026,1630,YPF,55.31,+1.04%,3.74,56.145,22.82,47.37,44.99,36.46,11.0,1.0,1.0,"1,799,705",100849.11,2471325.84,2551598.01,12.55,24.83,16.49,6.37,49.07,34.62,-34.62,-42.17,43.0
06/02/2026,1630,YUM,146.58,-0.63%,2.52,169.39,137.33,151.87,155.9,152.88,-5.0,-0.02,-0.36,"1,848,218",-100124.03,1734017.0,1767020.18,27.72,-4.63,-3.76,-2.3,165.53,149.03,165.53,159.16,40.0
06/02/2026,1630,YUMC,43.39,+1.12%,1.26,58.39,41.69,45.58,47.69,47.7,2.0,0.01,0.31,"1,565,799",100232.52,1435748.35,1590406.16,8.19,-11.61,-4.6,0.81,55.53,43.04,55.53,-42.02,44.0
06/02/2026,1630,ZG,36.58,+0.38%,0.91,90.22,34.92,38.59,41.4,60.49,9.0,0.63,0.64,"1,078,043",0.0,1037111.29,1085284.85,-18.76,-9.61,-2.74,2.18,49.61,35.08,49.61,45.17,44.0
06/02/2026,1630,ZM,111.88,+0.23%,4.6,114.74,69.15,103.32,93.2,86.12,5.0,0.68,0.65,"4,753,754",100756.02,4829525.69,4624447.91,-2.79,38.64,13.16,11.37,114.06,74.62,-74.62,-95.07,55.0
06/02/2026,1630,ZS,144.15,-7.42%,18.27,336.99,114.625,155.29,143.44,220.29,-1.0,-0.68,-0.07,"8,444,356",100363.04,4423812.65,4015542.65,263.39,5.47,-17.48,10.85,183.06,115.36,191.05,-122.03,63.0
