Date,Time,Symbol,Last,%Change,StandardDeviation,52High,52Low,SimpleMovingAvg,SimpleMovingAvg,SimpleMovingAvg,A_MCADays_Streak,A_MACD_BRR,A_MACDH_D_BRR,Volume,A_VolumeSpike,VolumeAvg,VolumeAvg,VolumeRateOfChange,A_Perf2M,A_Perf2Wk,A_Perf3D,A_3mnHigh,A_3mnLow,A_3mnHighLow,A_3wkHighLow,A_EarningsDays
5/28/2026,1630,$COMP,26917.4714,0.91%,268.83,26934.8434,18847.744,26051.76,24192.64,23167.86,3,0.86,0.22,<empty>,NaN,NaN,NaN,NaN,28.49,1.95,2.18,26707.09,20690.41,-20690.41,-24913.17,NaN
5/28/2026,1630,$DJI,50668.97,0.05%,432.31,50830.41,41828.35,49847.79,48472.04,47704.66,6,0.94,0.48,"505,094,261",-100100.48,5.10E+08,5.19E+08,4.17,12.18,1.96,0.18,50201.09,45057.41,-45057.41,-48913.17,NaN
5/28/2026,1630,$DXY,98.997,-0.21%,0.41,100.643,95.551,98.716,98.894,98.569,-7,-0.62,-0.7,<empty>,NaN,NaN,NaN,NaN,-1.579,0.128,0.009,101.41,98.16,-98.16,-98.16,NaN
5/28/2026,1630,/6B[M26],1.3445,0.04%,0.0066,1.3869,1.3011,1.3485,1.3446,1.3425,7,0.31,0.36,3,-100000.56,91388.66,103993.5469,-99.9959,2.0029,0.3283,-0.0074,1.19,1.41,1.19,-1.08,NaN
5/28/2026,1630,/6C[M26],0.72595,-0.01%,0.00264,0.74315,0.70845,0.72981,0.72895,0.72561,2,0.19,0.3,103,-200106.54,64510.94,73102.59375,-99.85467,0.75642,-0.54798,0.18631,1.57,1.41,-1.41,1.16,NaN
5/28/2026,1630,/6E[M26],1.166,0.03%,0.00535,1.21105,1.1323,1.16941,1.16933,1.17088,6,0.39,0.37,45,-200000.56,175981.32,207575.6875,-99.96462,1.36046,-0.20968,0.15031,1.29,1.53,1.29,-1.05,NaN
5/28/2026,1630,/6J[M26],0.0062875,0.01%,3.02E-05,0.007078,0.006243,0.0063361,0.0063254,0.0064906,2,-0.38,0.24,213,200109.17,147308.52,152127.2031,-99.769884,-0.2142517,-0.6635595,-0.0079517,0.16,0.2,0.16,0.16,NaN
5/28/2026,1630,/BTC[M26],74095,0.65%,2608,127240,60005,78515,75116,90549,1,-1,0,3,-100128,8439,8784,-100,11,-9,-2,83215,65001,83215,83215,NaN
5/28/2026,1630,/BZ[Q26],92.67,-0.03%,6.12,119.4,58.72,104.2,103.34,76.56,-7,0,-0.08,1,-101000.58,46574.08,64105.83,-100,-14.82,-13.03,-6.96,119.57,76.62,119.57,114.17,NaN
5/28/2026,1630,/CL[N26],88.55,-0.39%,5.21,119.48,54.98,98.2,97.61,71.97,-7,0,-0.22,110,100321.57,316757.64,388243.47,-99.95,-15.67,-13.2,-5.36,119.57,69.62,119.57,105.17,NaN
5/28/2026,1630,/GC[Q26],4528.3,-0.09%,86.1,5626.8,3250.5,4596.1,4643.5,4394.9,4,0.3,0.5,44,0,149947,153245.9,-100,-0.3,-2.7,0.5,5434.6,4100.5,-4100.5,4783.1,NaN
5/28/2026,1630,/HG[N26],6.424,-0.03%,0.1231,6.716,4.3325,6.3114,6.0011,5.4749,2,-0.74,0.38,8,0,44490.34,44188.1406,-99.9839,17.0767,-2.3708,0.0078,7.11,5.47,7.11,7.11,NaN
5/28/2026,1630,/NG[N26],3.317,0.97%,0.143,7.439,2.495,2.944,2.84,3.409,3,0.55,0.37,192,0,108502.96,117379.5,-99.836,14.761,13.425,14.602,3.57,2.24,-2.24,-3.15,NaN
5/28/2026,1630,/NKD[M26],65805,0.08%,1706,66520,37295,62642,58808,52333,6,1,1,9,200500,5998,6090,-100,29,4,0,63880,50410,-50410,66520,NaN
5/28/2026,1630,/SI[N26],75.98,0.09%,4.856,121.785,32.865,78.379,75.963,66.052,2,-0.24,0.57,7,0,43860.92,44893.578,-99.981,8.264,-9.558,-1.669,97.62,61.47,-61.47,90.11,NaN
5/28/2026,1630,AAAU,44.335,1.04%,0.94,54.71,32.15,45.28,45.72,43.11,1,-0.26,0.51,"1,691,920",0,2276920.69,2346768.85,11.34,-0.44,-4.1,-0.24,53.61,43.45,-43.45,47.14,NaN
5/28/2026,1630,AAL,14.65,-1.81%,0.93,16.5,10.09,12.98,11.96,13.04,-1,0.97,-0.89,"55,951,762",-100272.56,6.00E+07,6.92E+07,-32.21,42.23,15.26,5.78,13.62,10.41,-10.41,-12.17,38
5/28/2026,1630,AAPL,312.51,0.53%,6.27,313.26,195.07,295.51,274.04,262.83,-3,1,-0.52,"48,154,718",300027.19,4.54E+07,4.41E+07,6.48,25.61,4.56,1.19,303.08,246.41,-246.41,-275.17,43
5/28/2026,1630,ABBV,218.63,1.50%,4.64,244.81,181.73,209.73,208.04,219.49,1,0.95,0.96,"5,189,233",-100136.48,6745382.13,6671368.89,-22.33,4.41,4.86,1.36,237.59,191.2,-191.2,220.03,43
5/28/2026,1630,ABNB,134.5,1.82%,2.5,147.25,110.81,136.07,134.35,128.53,6,0.35,0.32,"3,933,447",0,3674172.58,3809403.17,-45.73,9.47,1.15,1.62,147.25,122.38,147.25,-128.05,47
5/28/2026,1630,ABR,5.64,2.55%,0.46,12.575,5.4,6.55,7.25,9.02,9,0.02,0.45,"5,342,903",-401162.12,3956661.39,4175292.89,-29.6,-23.27,-4.08,1.26,9.59,6.03,9.59,9.14,44
5/28/2026,1630,ABT,86.3,0.72%,1.86,139.06,81.97,86.58,94.66,116.82,-4,0.55,-0.89,"10,151,614",-100135.48,1.32E+07,1.23E+07,-23.52,-17.01,2.95,-1.27,117.62,82.12,-82.12,-82.12,33
5/28/2026,1630,ACHC,23.76,-1.37%,1.26,30.1991,11.43,25.21,25.39,20.68,3,-0.22,0.17,"1,718,082",-100568.2,2907452.68,3098576.99,-24.25,3.71,-12.49,2.5,30.17,22.19,30.17,-22.04,42
5/28/2026,1630,ACHR,6.81,3.97%,0.29,14.62,4.8,6.21,5.87,8,5,0.98,0.56,"58,317,270",-100187.03,3.62E+07,3.51E+07,-2.3,33.79,4.45,7.08,8.61,5.41,-5.41,-6.16,50
5/28/2026,1630,ACI,15.92,-0.69%,0.44,22.78,15.545,16.33,16.75,17.62,-5,-0.21,-0.42,"4,865,702",-100131.12,6679591.51,6491199.22,7.86,-6.74,-3.75,-1.79,18.36,16.11,-16.11,18.06,36
5/28/2026,1630,ADBE,241.44,1.34%,6.52,421.48,224.13,247.34,244.19,304.33,-5,-0.67,-0.46,"3,385,268",200143.52,4994442.18,5410856.74,-24.43,2.81,2.27,-1.36,285.58,224.33,-224.33,265.06,10
5/28/2026,1630,ADYEY,10.78,-2.00%,0.31,19.94,9.45,10.92,10.69,14.2,-2,-0.82,-0.63,"813,561",100000.12,1680294.02,1748164.77,-46.07,10.11,4.66,-2.27,12.28,9.38,12.28,-10.1,NaN
5/28/2026,1630,AFK,27.64,0.80%,0.73,30.85,18.78,27.42,26.97,25.87,5,0.5,0.5,"31,680",-200043.51,65651.76,89099.89,-66.38,11.18,-1.88,2.79,31.62,24.47,-24.47,-26.06,NaN
5/28/2026,1630,AFRM,73,3.63%,2.54,100,42.095,66.67,58.42,67.38,3,0.83,0.45,"5,020,107",-100679.5,5266837.71,5437164.26,-32.59,71.64,14.91,11.93,71.13,42.42,-42.42,-60.1,63
5/28/2026,1630,AGCO,113.87,-0.36%,2.22,143.78,95.96,116.05,116.36,113.75,4,0.25,0.5,"484,114",-100144.17,712951.05,701449.56,-8.85,0.3,-1.8,0.91,137.61,108.47,-108.47,-108.04,43
5/28/2026,1630,AHR,49.46,-1.98%,0.76,54.67,34.03,50.49,49.55,47.29,-2,-0.49,-0.45,"3,229,578",-100128.05,2512051.6,2604299.97,79.25,4.94,-4.17,-1.45,55.62,47.41,-47.41,52.12,48
5/28/2026,1630,AIQUY,42.41,-0.26%,0.75,44.415,36.169,41.62,41.84,40.01,8,0.31,0.65,"103,121",0,185626.62,187856.05,-0.15,7.01,2.44,1.27,44.31,38.56,44.31,-40.08,41
5/28/2026,1630,AKAM,143.13,-0.90%,5.15,165.45,69.78,137.61,118.16,94.17,-10,-0.77,-0.25,"4,217,714",100355.06,6043768.36,5547572.82,-60.19,25,-11.18,-2.78,165.1,89.31,165.1,165.1,48
5/28/2026,1630,ALB,176.32,-0.65%,14.38,221,53.7,187.17,184.26,140.01,4,0.01,0.3,"1,714,839",-100466.15,2073247.32,2076653.08,-60.04,-1.74,-12.25,2.76,221.14,155.47,221.14,-166.06,42
5/28/2026,1630,ALCO,41.71,-0.41%,0.5,45.01,30.89,40.99,41.39,37.54,7,0.3,0.55,"19,449",300200.48,25956.75,27729.53,83.09,2.71,0.94,0.97,45.34,37.54,45.34,-40.08,51
5/28/2026,1630,ALGN,173.25,6.37%,4.39,208.305,122,166.01,174.02,157.92,8,0.21,0.64,"1,590,726",-100247.49,1082488.86,1153621.22,111.18,4.13,7.11,5.89,200.26,152.05,-152.05,-152.05,42
5/28/2026,1630,ALLY,42.8,-0.33%,0.73,47.27,34.3,42.86,42.04,41.49,6,0.49,0.45,"4,820,064",-100133.26,3375216.53,3559031.69,46.42,13.26,2.61,1.06,47.26,36.53,47.26,-41.05,33
5/28/2026,1630,ALNY,305.06,3.19%,5.39,495.55,284.28,296.03,309.19,386.28,1,0.77,0.85,"1,020,706",100140.2,1067695.18,1086029.37,-10.78,-3.88,4.66,2.56,343.31,284.12,-284.12,-284.12,43
5/28/2026,1630,AMAT,449.68,0.32%,12.79,462.4,153.47,425.44,395.24,291.25,6,0.68,0.63,"5,645,130",100261.09,6791801.1,6740433.05,-27.08,33.37,2.99,4.05,448.12,317.56,-317.56,-386.17,53
5/28/2026,1630,AMBA,91.84,1.39%,5.42,96.69,48.3,79.97,65.58,72.2,-2,1,-0.81,"2,792,220",100205.01,912519.73,964158.51,80.47,81.97,11.86,4.9,83.1,48.41,-48.41,96.02,0
5/28/2026,1630,AMD,518.09,4.55%,29.47,527.1999,108.6154,432.02,321.81,235.88,4,0.94,0.51,"31,328,180",300369.16,3.94E+07,3.78E+07,-30.2,156.49,16.29,10.82,469.12,188.6,-188.6,-339.17,46
5/28/2026,1630,AMG,302.96,-1.61%,3.99,334.78,172.54,300.66,290.84,273.92,-1,-0.57,-0.51,"297,086",0,341423.47,346454.6,-6.57,12.63,-0.17,0.33,318.18,254.38,318.18,-291.13,43
5/28/2026,1630,AMH,31.99,-0.28%,0.43,38.01,27.215,31.91,30.34,31.67,-3,-0.76,-0.26,"1,805,641",0,3107636.38,3579150.28,-71.94,16.41,1.75,-0.87,33.14,27.47,33.14,-30.08,43
5/28/2026,1630,AMLP,52.44,-0.47%,0.7,55.22,44.64,53.72,52.93,49.46,-6,-0.41,-0.06,"975,428",-100016.4,1604088.66,1571414.2,-19.3,-1.94,-1.37,-3.82,55.06,51.28,55.05,55.05,NaN
5/28/2026,1630,AMN,27.93,2.68%,1.48,31.65,14.865,26.19,22.04,19.49,1,-0.7,0.24,"763,146",200472.13,998787.12,1041476.37,-56.53,47.7,-9.52,0.98,32.12,17.38,32.12,32.12,48
5/28/2026,1630,AMPH,19.3,1.05%,0.73,31.2641,16.645,19.61,20.22,24.84,8,0.58,0.75,"621,213",100060.05,591209.04,641610.69,66.31,1.53,5.35,4.83,24.14,17.07,-17.07,-17.07,48
5/28/2026,1630,AMZN,274,0.79%,3.76,278.56,196,268.46,245.45,231.27,6,0.67,0.37,"40,548,338",-100334.2,4.45E+07,4.50E+07,12.97,37.45,1.43,2.88,279.16,199.42,279.16,-255.06,43
5/28/2026,1630,AN,193.74,-0.62%,7.09,228.9166,176.62,195.46,196.65,206.02,6,0.3,0.65,"339,586",-100334.19,397476.74,407858.21,24.66,0.65,1.38,1.98,218.18,177.05,-177.05,-177.05,44
5/28/2026,1630,AQWA,18.6848,-0.80%,0.25,20.92,18.145,18.89,19.14,19.48,6,0.3,0.57,"20,993",-100124.58,10902.16,30114.89,1305.36,0.48,-1.06,0.05,21.62,18.05,-18.05,-18.05,NaN
5/28/2026,1630,AR,35.81,1.99%,1.08,45.75,29.1,37.34,38.94,35.16,-6,-0.09,-0.56,"6,588,149",0,5301041.15,5597816.16,19.11,-20.69,-2.53,-2.56,46.41,35.62,46.41,40.17,42
5/28/2026,1630,ARE,50.06,0.26%,1.47,88.236,39.41,46.02,45.96,58.42,2,0.81,0.7,"1,413,088",-100849.22,2281362.56,2393230.59,-53.29,8.73,5.9,3.49,55.62,39.21,-39.21,-40.17,45
5/28/2026,1630,ARGT,96.05,0.49%,2.53,103.9699,66.49,90.82,91.27,87.29,6,0.57,0.86,"333,215",100032.2,288102.44,264904.57,228.13,9.87,8.81,6.25,97.35,83.6,97.35,-86.08,NaN
5/28/2026,1630,ARHS,6.86,3.16%,0.34,12.63,5.57,6.52,6.82,9.21,10,0.47,0.66,"1,288,831",-100165.09,1399561.25,1458138.14,-56.36,5.54,16.87,8.54,9.62,6.05,-6.05,-6.05,48
5/28/2026,1630,ARKK,81.01,3.93%,2,92.65,55.22,77.34,74.2,77.99,6,0.73,0.55,"8,472,087",100150.47,9326311.21,9744045.4,49.55,25.34,3.79,6.03,81.12,63.41,-63.41,-73.06,NaN
5/28/2026,1630,ARQQ,16.91,5.03%,1.64,62,11.52,14.8,14.25,25.46,1,1,0.63,"1,051,068",200526.04,451773.81,396765.18,67.42,43.55,22.27,-3.32,18.29,12.41,-12.41,19.03,134
5/28/2026,1630,AS,36.04,-1.66%,1.37,42.76,28.92,34.89,34.55,35.68,-1,0.57,-0.77,"4,461,382",-200151.07,4445032.79,4761702.61,21.57,14.67,9.95,2.21,38.61,31.47,-31.47,-33.1,55
5/28/2026,1630,ASBFF,25.76,0.00%,2.36,31.08,23.18,27.04,28.05,25.16,1,0.29,0.37,<empty>,NaN,2186.16,2774.45,-72.45,-11.17,-3.38,6.01,31.09,23.04,-23.04,-23.04,NaN
5/28/2026,1630,ASO,55.12,4.28%,1.76,62.445,39.87,52.24,54.43,53.02,6,0.3,0.74,"1,555,151",-200851.51,1362757.59,1438781.71,17.18,3.01,10.31,4.95,62.55,48.06,-48.06,-48.06,8
5/28/2026,1630,ATRO,88.17,3.72%,3.57,90.65,27.2701,78.91,74.14,60.19,3,0.66,0.76,"524,024",101060.11,532705.28,579967.61,24.58,36.11,10.09,9.04,84.61,61.41,-61.41,-70.17,43
5/28/2026,1630,AVB,184.83,-0.75%,1.63,209.86,160.095,184.93,175.32,180.74,-1,-0.77,-0.3,"799,535",-200121.05,1040405.33,1046106.6,-48.75,14.94,-0.87,-0.44,188.11,160.4,-160.4,-180.08,42
5/28/2026,1630,AVGO,426.58,1.12%,7.29,442.36,234.9,421.44,383.08,351.63,3,-0.51,0.34,"17,771,209",0,2.14E+07,2.37E+07,-22.03,41.87,2.35,3,442.09,290.41,442.09,442.09,4
5/28/2026,1630,AVO,11.25,-1.66%,0.49,15.53,10.08,12.59,13.33,12.76,-3,0,-0.33,"1,181,855",-300263.02,1003924.02,953419.75,28.92,-19.3,-9.71,-5.62,16.35,12.03,16.35,14.17,7
5/28/2026,1630,AVTR,9.15,8.93%,0.39,15.93,7.265,8.08,7.99,10.79,6,0.83,0.92,"13,511,892",100357.06,9283721.36,9550881.41,20.02,23.48,16.26,12.68,9.62,7.42,-7.42,-7.05,44
5/28/2026,1630,AWI,160.34,0.36%,2.22,206.0799,149.06,160.72,166.92,184.54,6,0.39,0.65,"277,181",200132.22,444974.96,498836.99,-22.09,-1.13,1.46,1.85,183.26,152.06,-152.06,-152.06,41
5/28/2026,1630,AXP,315.12,0.83%,2.05,387.49,286.15,314.41,312.87,337,6,0.6,0.43,"3,599,555",100039.48,3210968.43,3513484.36,7.43,7.82,1.78,1.07,340.28,291.47,340.28,-303.05,39
5/28/2026,1630,AZO,3007.08,-0.67%,151.75,4388.11,2945,3396.55,3435.11,3725.06,-3,-0.12,-0.04,"556,964",100137.01,233957.57,217523.56,141.76,-9.34,-10.68,-11.73,3882.61,3280.07,3882.61,3617.17,80
5/28/2026,1630,B,41.69,1.07%,2.13,54.69,18.83,41.57,41.03,39.4,3,0.53,0.53,"13,108,302",100647.13,1.33E+07,1.32E+07,-31.2,8.03,-7.09,2.48,51.61,36.47,-36.47,48.12,51
5/28/2026,1630,BA,228.78,2.00%,8.29,254.3499,176.77,226.71,218.76,219.52,4,0.47,0.34,"6,509,994",-100639.1,6855632.36,6992336.61,-23.32,20.08,-4.91,4.46,244.09,188.41,244.09,-214.06,41
5/28/2026,1630,BABA,126.16,-1.25%,5.25,192.67,103.71,134.56,131.27,149.61,-10,-0.5,-0.25,"11,509,957",201052.11,1.16E+07,1.15E+07,7.58,2.83,-13.48,-2.95,147.1,118.36,147.1,147.1,63
5/28/2026,1630,BAC,50.77,-0.65%,0.7,57.55,43.36,51.52,51.1,51.82,-2,-0.51,-0.41,"48,528,819",100043.48,3.59E+07,3.85E+07,69.2,8.09,1.87,-1.99,55.3,46.48,55.3,-49.08,31
5/28/2026,1630,BALL,56.24,-0.48%,0.89,68.29,44.83,57.49,59.63,55.21,8,0.08,0.53,"2,300,353",100130.16,2569267.57,2417479.45,-37.12,-5.11,-0.37,-0.48,67.62,55.06,-55.06,-55.06,46
5/28/2026,1630,BBN,15.98,0.44%,0.2,17.45,15.47,15.92,16.02,16.45,6,0.37,0.68,"230,489",-100100.16,198760.63,195978.59,49.02,2.04,0,1.78,17.62,15.06,-15.06,-15.06,NaN
5/28/2026,1630,BBWI,20.36,4.68%,1.28,33.96,14.275,18.38,18.68,22.36,6,0.59,0.76,"8,242,605",-200063.02,6253452.94,6230310.77,62.58,21.19,8.64,14.64,24.59,16.05,-16.05,-16.05,62
5/28/2026,1630,BBY,74.74,15.80%,4.74,84.99,55.1,59.94,61.81,69.74,10,1,1,"14,363,405",200740.01,4134876.59,4515990.54,332.27,18.67,34.62,21.27,68.59,55.1,-55.1,-55.1,0
5/28/2026,1630,BCO,107.08,0.85%,1.39,136.37,80.1,105.84,105.73,114.45,6,0.68,0.62,"369,648",0,484575.59,560177.73,-56.91,6.26,2.39,2.22,128.59,96.47,-96.47,-99.1,47
5/28/2026,1630,BDRY,13.15,2.14%,0.37,13.34,5.1,12.54,11.43,9.73,3,0.73,0.51,"86,021",300157.57,96204.46,167099.93,-60.45,32.43,-1.35,3.75,13.11,10.41,13.11,13.11,NaN
5/28/2026,1630,BEAM,32.8,2.85%,2.21,36.44,15.35,29.99,28.17,25.94,5,0.54,0.59,"1,799,494",-201095.24,2148183.93,2115854.84,2.42,47.81,2.98,14.53,34.12,22.41,34.12,-26.06,46
5/28/2026,1630,BEPC,39.86,1.76%,1.12,45.18,28.765,37.1,39.24,39.06,17,0.47,1,"1,475,961",-200342.19,1557226.55,1489435.06,15.14,1.3,7.12,6.29,44.62,34.17,-34.17,-34.17,44
5/28/2026,1630,BIDU,132.05,1.65%,6.69,165.3,81.17,135.04,124.23,125.37,2,-0.53,0.24,"2,383,454",-100260.09,2312737.46,2387263.96,-0.17,22.13,-12.26,3.33,152.1,106.41,152.1,-125.02,56
5/28/2026,1630,BIO,318.22,4.24%,25.13,343.12,211.43,269.54,276.61,293.32,11,1,1,"652,413",100339.08,386307.69,360657.34,142.92,19.9,30.68,10.59,313.26,237.1,-237.1,-237.1,43
5/28/2026,1630,BIP,39.56,2.12%,0.81,40.32,29.63,37.89,36.81,35.17,-4,0.83,-0.69,"791,309",-100328.21,956495.45,986660.92,-33.61,13.48,3.26,-0.2,40.61,33.2,-33.2,40.04,43
5/28/2026,1630,BIRK,44.07,2.99%,4.45,57.2,31.12,37.73,37.46,41.55,7,0.9,1,"2,223,526",100850.05,2550592.51,2480606.97,29.87,28.9,33.26,6.5,43.26,31.08,-31.08,-31.08,53
5/28/2026,1630,BITO,10.01,-1.96%,0.35,23.49,8.61,10.73,10.26,13.83,-12,-0.75,-0.37,"128,726,899",100256.1,1.20E+08,1.19E+08,0.68,10.36,-8,-3.29,11.12,9.62,11.12,11.12,NaN
5/28/2026,1630,BJ,86,2.14%,4.59,115.43,83.65,92.64,94.15,94.71,-6,0,0,"3,355,692",-200232.02,2133839.69,2102640.79,78.99,-13.66,-9.47,-0.74,102.59,85.03,102.59,99.06,57
5/28/2026,1630,BJRI,46.5,0.52%,1.69,47.07,28.46,41.93,38.95,37.25,6,1,0.89,"613,854",100943.16,360585.6,384089.21,10.19,33.85,12.48,4.35,44.12,33.52,-33.52,-36.17,43
5/28/2026,1630,BK,137.16,0.00%,2.09,139.1499,87.41,133.95,127.38,115.79,8,0.55,0.4,<empty>,-100126.24,3735732.78,3647721.43,-49.35,19.33,2.63,1.58,139.21,112.51,139.21,-130.08,37
5/28/2026,1630,BKNG,169.82,0.86%,5.15,233.576544,150.14,162.38,170.59,194.92,9,0.59,0.75,"7,321,751",0,7624833.24,8477165.42,-9.84,4.51,9.54,5.44,194.26,150.05,-150.05,-150.05,42
5/28/2026,1630,BKV,26.63,0.45%,0.85,32.81,19.56,28.99,28.66,26.47,-5,-0.1,-0.13,"697,415",-100056.48,962392.3,1023827.37,-63.52,-11.06,-4.07,-5.87,33.61,26.3,-26.3,32.16,52
5/28/2026,1630,BLDR,76.72,-0.97%,2.95,151.03,65.1,74.42,80.78,108.22,6,0.4,0.63,"2,471,035",-300562.2,2440097.03,2538238.66,-33.87,-4.61,6.08,3.47,105.62,65.05,-65.05,-65.05,43
5/28/2026,1630,BLK,1046.49,-2.23%,18.58,1219.9399,917.39,1070.66,1029.71,1078.16,-1,-0.77,-0.35,"846,043",100341.57,693309.79,781457.51,77.27,12.06,-4.35,-2.47,1111.09,917.53,1111.09,-1030.05,32
5/28/2026,1630,BLMN,8.32,0.18%,0.26,10.7,5.19,7.6,6.61,6.79,2,0.84,0.43,"1,327,158",101578.16,2812642.55,2928466.88,-71.44,58.17,0.48,6.46,9.12,5.41,9.12,9.12,47
5/28/2026,1630,BLOK,67.08,1.18%,1.73,75.89,46.9,63.53,58.29,60.68,5,0.86,0.56,"390,042",-100043.03,307776.1,321846.15,-19.65,38.22,4.45,4.94,66.09,47.41,-47.41,-60.06,NaN
5/28/2026,1630,BNDD,98.2003,0.43%,0.64,102.28,94.64,97.46,97.92,98.23,6,0.59,0.58,8,-100020.26,289.96,341.22,-31.83,-0.03,0.9,0.39,100.56,96.06,-96.06,-96.06,NaN
5/28/2026,1630,BNO,51.33,0.37%,2.24,60.81,26.59,55.72,52.84,36.48,-6,-0.12,-0.11,"5,254,206",-400395.47,6084100.93,6482147.18,-27.06,-2.6,-8.09,-6.67,61.17,34.62,61.17,61.17,NaN
5/28/2026,1630,BOOT,170.77,3.28%,9.77,210.25,133.1797,157.13,157.1,177.19,7,0.65,0.89,"923,725",-200849.09,758974.14,725462.55,30.82,14.43,17.58,10.42,197.62,133.38,-133.38,-138.06,43
5/28/2026,1630,BP,41.59,-0.14%,1.3,48.27,28.825,44.62,45.5,38.31,-5,0,-0.09,"10,903,113",-200239.4,1.37E+07,1.40E+07,13.49,-10.9,-5.78,-6.24,48.4,38.59,48.4,47.17,46
5/28/2026,1630,BRBR,8.66,0.81%,0.45,63.52,8.4,10.64,13.95,25.5,12,0.22,0.59,"3,743,324",100988.16,4446452.97,4205538.63,-45.36,-43.58,-6.38,-2.81,19.5,9.05,19.5,18.17,45
5/28/2026,1630,BRCB,8.5,1.43%,1.72,30.4,6.13,9.21,12.01,NaN,7,0.22,0.53,"894,514",-200780.1,567181.85,617731.46,94.86,-30.73,11.11,24.82,18.5,6.04,-6.04,-6.04,51
5/28/2026,1630,BRKR,54.39,11.87%,3,56.22,28.53,43.36,39.46,40.12,5,1,1,"4,792,850",101152.01,2180079.23,2180083.27,70.17,61.3,24.04,19.04,45.1,32.51,-32.51,-36.17,46
5/28/2026,1630,BROS,56.56,1.16%,2.2,77.88,44.58,53.86,53.17,56.77,3,0.6,0.73,"2,785,654",-100158.15,4182542.91,4178603.52,-78.22,21.14,16.86,8.52,60.15,45.42,60.15,-48.1,47
5/28/2026,1630,BTAL,11.595,-1.57%,0.27,19.29,11.585,12.13,12.85,14.43,-5,-0.37,-0.55,"945,983",-300160.26,916475.07,971235.4,133.89,-17.53,-3.46,-4.96,15.56,12.14,15.56,13.06,NaN
5/28/2026,1630,BTC,32.42,-2.14%,1.11,55.96,27.545,34.72,33.1,40.05,-12,-0.71,-0.42,"1,868,751",0,2264600.09,3001817.42,31.72,11.07,-7.9,-3.31,36.12,29.62,36.12,36.12,NaN
5/28/2026,1630,BTC-USD,-69.07,3.58%,3.7,20.44,-70.73,-57.93,-40.38,-17.39,-3,-0.16,-0.61,"730,201",-100367.06,958929.68,933140.11,-29.3,318.1,7.15,12,-11.59,-69.91,-12.01,-40.01,NaN
5/28/2026,1630,BTI,62.92,-1.75%,2.28,67.3,44.575,62.66,59.76,57.34,-7,-0.83,-0.3,"2,709,958",100330.12,4104755.91,4473077.63,-6.78,8.86,-3.72,-3.73,67.09,55.26,67.09,67.09,43
5/28/2026,1630,BUD,81.98,-2.36%,1.37,84.46,56.97,80.5,75.4,67.88,-1,-0.78,-0.57,"1,837,399",100127.17,1959115.88,1960708.02,-5.98,21.33,2.28,-1.76,83.15,67.47,-67.47,-73.17,43
5/28/2026,1630,BULL,6.33,1.77%,0.38,18.32,4.5,6.91,6.2,8.97,1,-0.54,0.03,"10,459,586",-200593.05,1.35E+07,1.33E+07,22.7,31.33,-10.59,2.43,8.26,5.38,8.26,8.16,53
5/28/2026,1630,BURL,300.52,-7.88%,14.7,351.85,218.52,306.09,319.27,292.54,-1,-0.43,-0.83,"3,050,450",400739.01,758878.48,825722.75,268.71,-3.91,4.98,-7.39,352.27,281.1,352.27,335.01,0
5/28/2026,1630,BUXX,20.2,-0.09%,0.02,20.46,20.18,20.23,20.25,20.3,-1,-0.51,-0.71,"194,087",-100000.46,400546.45,404017.83,-51.24,-0.49,-0.15,-0.3,20.45,20.41,-20.41,-20.16,NaN
5/28/2026,1630,BXP,60.63,-0.15%,0.8,79.33,49.72,59.42,56.45,65.27,-1,0.94,-0.39,"851,000",0,1811579.84,2244111.25,-54.28,17.89,3.82,0.56,61.62,50.56,-50.56,-57.08,41
5/28/2026,1630,BYD,83.21,1.20%,2.04,89.96,72.71,82,83.72,83.65,6,0.22,0.75,"919,448",100230.24,949419.89,976444.7,7.05,3.8,3.28,4.92,89.24,77.56,89.24,-77.05,39
5/28/2026,1630,BYDDF,11.54,-0.77%,0.54,18.95,11.2,12.46,13.08,13.04,4,0,0.27,"130,509",-300100.06,198482.08,211351.48,-16.29,-9.06,-10.76,-1.24,15.32,11.05,-11.05,-11.05,NaN
5/28/2026,1630,C,124.68,-0.57%,1.69,135.29,74.3,125.52,122.84,110.26,6,-0.32,0.32,"7,933,234",-100048.48,1.23E+07,1.31E+07,-57.81,16.11,0.47,-0.33,135.26,102.56,135.26,-120.06,31
5/28/2026,1630,CACC,560.41,1.38%,12.13,565.14,401.9,536.28,497.2,481.54,1,0.92,0.36,"166,516",100644.59,148910.54,176084.53,8.11,33.59,6.74,2.87,565.15,405.39,565.15,565.15,43
5/28/2026,1630,CAG,13.38,0.38%,0.3,22.98,13.14,13.81,14.55,17.25,2,0.33,0.61,"11,858,246",-500437.33,1.52E+07,1.50E+07,-19.82,-14.34,-5.04,-1.33,19.61,13.04,-13.04,-13.04,28
5/28/2026,1630,CAH,199.85,0.01%,7.18,233.6,137.75,194.22,203.39,192.61,-3,0.47,-0.93,"1,916,326",200030.09,2026331.69,1993282.1,-38.24,-3.26,7.24,-0.41,234.61,180.1,-180.1,204.06,55
5/28/2026,1630,CAKE,64.26,-1.06%,2.36,69.7,43.07,60.84,59.56,56.66,6,0.56,0.83,"723,346",-100339.2,1165034.17,1193427.86,-27.72,18.85,13.67,5.1,65.19,53.42,-53.42,-56.1,41
5/28/2026,1630,CAMT,174.78,3.04%,15.67,215.99,64.9,178.19,175.45,133.36,6,0.13,0.57,"257,652",-200873.08,452314.64,453623.17,12.94,13.99,3.49,4.43,216.12,141.4,216.12,-148.06,52
5/28/2026,1630,CANE,9.47,-1.25%,0.2,11.46,8.97,9.97,9.89,9.86,-10,-0.36,-0.34,"513,651",100142.18,781578.65,667532.3,-28.39,-10.83,-7.88,-4.34,11.43,9.28,-9.28,10.16,NaN
5/28/2026,1630,CARR,63.81,-1.09%,1.53,81.09,50.24,65.16,61.62,59.49,4,-0.43,0.3,"11,959,699",100542.2,6873276.02,6726396.46,56.8,17.62,-2.68,1.06,69.19,54.41,69.19,-61.04,41
5/28/2026,1630,CASY,780.97,-0.43%,32.47,901,433.16,844.48,780.96,627.42,-10,-0.13,0,"679,143",200129.36,607026.98,611808.99,60.6,9.34,-12.09,-5.34,901.09,627.56,901.09,901.09,8
5/28/2026,1630,CAT,887.67,-2.45%,21,931.35,339.5,893.88,810.98,633.26,-1,-0.54,-0.33,"2,699,873",100439.2,2423138.11,2527107.87,-8.71,27.65,-1.62,0.88,931.14,663.56,931.14,-846.06,46
5/28/2026,1630,CAVA,78.2,-4.87%,2.47,98.79,43.41,82.03,85.01,68.78,-1,-0.12,-0.59,"3,286,712",-100759.06,3056102.99,3151865.89,-33.58,3.69,8.16,-2.76,99.26,72.1,-72.1,-72.1,59
5/28/2026,1630,CBRL,34.22,-1.01%,1.87,71.93,24.85,30.94,29.71,34.81,6,0.8,0.59,"473,051",0,1043397.03,1104224.79,-50.21,27.97,18.2,5.65,35.58,26.42,-26.42,-28.05,8
5/28/2026,1630,CCK,97.48,-0.58%,1.75,116.62,89.21,98.6,101.13,101.07,6,0.23,0.62,"1,035,782",-100134.22,1118854.38,1115574.39,-30.71,-2.11,-2.72,0.8,116.61,94.05,-94.05,-94.05,36
5/28/2026,1630,CCL,27.94,-0.14%,1.15,34.03,22.1119,26.01,26.29,28.54,6,0.62,0.77,"20,135,166",100058.17,2.90E+07,2.92E+07,-23.54,15.5,11.63,7.54,32.62,23.05,-23.05,-23.05,18
5/28/2026,1630,CCRN,13.09,0.15%,0.03,14.99,7.43,12.4,10.79,10.8,-11,-0.91,-0.4,"166,568",-100156.05,679405.07,685309.25,-97.06,37.5,-0.23,0.31,13.13,9.6,13.13,13.13,47
5/28/2026,1630,CELH,33.22,4.96%,1.41,66.74,27.66,31.12,33.73,47.18,9,0.4,0.76,"10,348,677",-100171.13,8645605.39,8249837.91,-57.74,-2.12,19.24,10.29,55.62,28.1,-28.1,-28.1,50
5/28/2026,1630,CF,116.5,0.14%,4.33,141.96,75.415,122.73,124.22,97.11,-6,-0.08,-0.29,"2,047,478",-100164.48,4132560.59,4711701.91,-62.39,-14.62,-7.17,-4.27,142.41,97.62,142.41,130.11,47
5/28/2026,1630,CFG,62.41,-1.06%,1.01,68.79,39.4,62.88,62.38,57.62,-1,-0.43,-0.49,"4,752,480",-200128.29,4342465.12,4650397.81,2.07,8.01,3.28,-0.76,67.26,55.52,67.26,-60.08,33
5/28/2026,1630,CFLT,30.99,0.00%,0.09,31,15.64,30.72,30.56,24.82,1,0.14,0.28,<empty>,-300008.27,1.34E+07,1.26E+07,68.88,1.87,0.94,0.91,31.08,30.57,-30.57,-31.11,32
5/28/2026,1630,CFRUY,21.14,0.62%,0.47,22.15,15.58,19.83,19.01,19.53,3,0.95,0.6,"348,393",-100100.54,549261.08,588785.36,-2.75,23.41,5.12,7.15,21.28,16.47,-16.47,-18.17,116
5/28/2026,1630,CG,45.09,-1.25%,2.08,69.848,43.98,48.12,48.37,56.1,4,-0.33,0.28,"2,863,336",-100247.15,3220270.61,3356882.78,-49.28,-1.27,-8.28,-0.75,54.26,44.04,-44.04,-44.04,47
5/28/2026,1630,CHD,97.63,-0.39%,1.86,106.04,81.33,95.13,94.81,91.73,4,0.43,0.78,"1,665,933",-100225.19,2033191.63,2018724.07,9.7,3.1,2.67,1.43,105.62,90.12,-90.12,-90.12,44
5/28/2026,1630,CHDN,88.43,1.78%,1.34,118.455,80.24,88.67,89.78,97.82,2,0.33,0.52,"1,076,247",300238.24,977596.59,1040018.18,-14.65,4.63,3.36,3.89,103.23,80.56,103.23,-81.02,42
5/28/2026,1630,CHEF,77.91,1.41%,1.79,82.8112,53.2,78.93,69.18,64.11,1,-0.6,0.09,"244,529",101441.21,483035.81,486206.99,-29.24,30.9,-3.22,1.9,83.13,57.38,83.13,-75.04,42
5/28/2026,1630,CHH,113.36,-2.19%,3.73,136.45,84.035,107.06,108.61,104.56,-1,0.53,-0.81,"596,137",100138.19,622648.84,619011.42,16.5,12.66,5.96,0.21,124.26,94.54,124.26,-97.17,47
5/28/2026,1630,CHPT,7.8,0.13%,0.54,17.78,4.44,6.61,6.05,8.07,5,0.95,0.6,"579,984",100597.32,505881.99,499275.39,33.01,66.31,21.31,11.11,7.25,4.41,-4.41,-6.05,4
5/28/2026,1630,CHRD,133.89,0.14%,5.07,151.945,84.245,142.81,138.84,108.97,-6,-0.12,-0.23,"695,526",500347.36,910993.69,1040462.89,-23.85,-7.88,-5.73,-7.01,152.07,106.62,152.07,152.07,47
5/28/2026,1630,CHTR,147.26,0.05%,3.62,422.29,136.63,151,190.34,221.43,19,0.2,0.75,"1,611,765",100450.2,2873165.81,2570908.89,-27.79,-32.8,2.94,1.45,254.24,137.08,-137.08,-137.08,39
5/28/2026,1630,CHWY,21.38,0.90%,0.97,48.62,19.3,22.35,24.55,31.37,6,0.34,0.59,"6,228,981",-100977.07,8672157.47,8549474.1,-47,-18.15,-1.25,3.14,29.26,19.05,-19.05,-19.05,9
5/28/2026,1630,CI,284.33,-0.50%,5.81,338.8899,239.51,286.56,278.25,282.31,2,-0.63,0.39,"1,531,805",-100036.48,1647112.67,1677400.48,27.52,8.54,-5.45,-0.67,303.1,258.41,303.1,303.1,43
5/28/2026,1630,CLOX,25.59,0.04%,0.02,25.71,25.35,25.56,25.54,25.54,-2,-0.85,-0.56,"287,878",-300000.47,172649.3,207209.25,210.58,0.14,0.22,-0.08,26.19,25.53,26.19,-25.17,NaN
5/28/2026,1630,CLOZ,26.515,0.02%,0.04,26.96,25.23,26.42,26.07,26.44,4,-0.87,0.55,"189,916",0,301961.82,434807.87,-35.97,3.74,0.38,0.13,26.18,25.59,-25.59,-26.17,NaN
5/28/2026,1630,CLX,96.2,-0.94%,2.56,132.03,84.7,92.08,98.38,110.07,-1,0.44,-0.92,"2,036,085",-200134.18,2895783.7,2690468.35,-47.48,-5.72,4.57,1.15,129.62,85.16,-85.16,-85.16,43
5/28/2026,1630,CMCSA,25.16,-0.24%,0.18,34.35801312,24.13308341,25.55,27.35,28.48,11,0.14,0.59,"23,351,310",100040.48,3.41E+07,3.23E+07,-32.07,-11.19,0.88,-0.18,32.58,25.1,-25.1,-25.1,43
5/28/2026,1630,CMG,32.42,-0.83%,0.45,58.42,29.75,32.7,33.25,36.74,-1,-0.42,-0.46,"14,973,240",-100343.2,1.58E+07,1.60E+07,-12.03,5.06,0.97,-1.43,38.62,31.41,-31.41,34.06,42
5/28/2026,1630,CMI,668.68,0.12%,23.65,718.08,307.905,677.94,624.27,522.58,3,-0.48,0.17,"740,389",-200439.05,861589.94,878862.31,-36.68,27.8,-5.76,4.55,718.14,510.41,718.14,-628.03,46
5/28/2026,1630,CNA,42.35,-1.03%,0.66,50.72,42.21,44.11,45.76,46.68,-3,-0.14,-0.56,"536,032",-100846.18,475990.64,479897.77,-16.23,-5.64,-0.7,-3.86,50.61,42.1,50.61,48.17,45
5/28/2026,1630,CNC,58.91,0.15%,1,60.76,25.075,56.94,45.25,39.5,-11,-0.81,-0.18,"3,448,260",200750.21,6301965.69,6368655.18,-60.88,84.09,0.17,-0.39,60.1,32.41,61.05,61.05,41
5/28/2026,1630,CNH,10.46,-0.57%,0.27,14.27,9,10.53,10.64,10.77,3,0.31,0.63,"8,503,140",100449.2,1.64E+07,1.56E+07,-53.59,-2.43,-2.79,3.46,12.61,10.48,-10.48,-10.04,43
5/28/2026,1630,CNX,33.93,0.56%,0.97,43.62,27.72,36.24,38.1,36.08,-5,0,-0.38,"1,203,278",-100043.48,1993602.79,2082868.53,-39.47,-16.39,-4.18,-3.91,44.57,35.1,44.57,39.17,38
5/28/2026,1630,COAL,27.28,2.63%,0.78,29.1,16.5903,25.48,26.13,24.03,6,0.31,0.98,"65,205",-200246.3,198110.14,172091.76,-23.48,-3.94,8.9,10.85,29.41,24.62,29.41,-25.05,NaN
5/28/2026,1630,COCO,77.38,-1.59%,2.25,79.7,31.79,73.69,59.85,50.58,-17,-0.86,-0.2,"609,038",-100262.2,1529782.24,1424865.95,-33.16,64.74,3.49,1.76,80.07,45.4,80.07,80.07,42
5/28/2026,1630,COF,187.02,-0.94%,2.3,259.635,174.98,187.68,189.19,212.12,6,0.49,0.57,"5,073,366",0,4502470.83,4801127.82,-9.49,6.2,3.02,-0.41,211.28,175.42,211.28,-180.05,37
5/28/2026,1630,COIN,182.25,4.87%,11.9,444.645,139.36,194.7,189.62,249.1,1,-0.73,0.25,"9,026,719",0,1.03E+07,1.08E+07,-1.43,13.1,-9.69,-1.48,222.09,158.41,222.09,222.09,43
5/28/2026,1630,COM,34.21,0.77%,0.43,35.62,27.4615,34.6,33.95,30.84,1,-0.13,0.01,"109,016",200018.4,205968.77,210160.02,21.49,1.97,-3.36,-0.61,36.1,32.62,36.1,36.1,NaN
5/28/2026,1630,COP,114.99,-0.12%,3.53,135.87,84.335,119.84,123.26,103.69,-6,-0.06,-0.52,"5,989,248",100039.48,8857721.47,9437855.28,-42.17,-14.06,-2.05,-4.54,136.41,111.62,136.41,126.05,48
5/28/2026,1630,COPJ,44.79,2.78%,1.86,53.945,21.8,42.9,41.28,38.43,3,0.54,0.56,"48,207",0,123737.37,133876.19,-47.84,23.56,-4.44,6.74,49.61,34.47,-34.47,48.1,NaN
5/28/2026,1630,COPX,88.44,2.73%,3.57,99.99,40.55,84.02,81.01,71.34,4,0.55,0.58,"3,482,905",100454.12,4229849.63,4415389.97,-25.43,23.5,-3.78,6.11,97.62,68.47,-68.47,93.1,NaN
5/28/2026,1630,CORN,18.21,1.17%,0.3,19.13,16.61,18.57,18.41,17.84,1,-0.29,0.16,"696,349",-200124.34,1073904.2,989956.07,-19.51,-1.99,-4.06,-0.82,19.1,18.33,19.1,19.1,NaN
5/28/2026,1630,COST,995.2,-0.85%,30.46,1096.5,844.06,1027.1,1007.9,957.6,-6,-0.48,0,"2,843,535",-100228.01,1886140.05,1907613.3,41.19,1.15,-3.67,-3.21,1097.06,960.57,1097.06,1097.06,0
5/28/2026,1630,CP,90.6,-0.72%,1.91,91.33,68.421,86.39,83.22,77.66,3,0.62,0.69,"5,398,394",100026.01,2967572.63,2892630.86,42.05,15.81,5.79,5.03,89.61,76.4,-76.4,-83.17,42
5/28/2026,1630,CPAY,352.37,-0.07%,8.13,361.99,252.84,332.2,316.26,309.72,-5,1,-0.64,"555,933",0,552022.34,597368.87,-24,23.67,6.38,1.28,355.06,281.47,-281.47,-298.15,47
5/28/2026,1630,CPER,39.06,1.51%,0.8,40.78,27.08,38.24,36.46,33.55,1,-0.73,0.36,"496,823",-100035.09,835265.96,831647.87,-36.5,16.77,-3,0.36,41.1,32.47,41.1,41.1,NaN
5/28/2026,1630,CPNG,16.2,-1.58%,0.44,34.075,15.03,17.05,18.7,24.14,11,0.3,0.65,"13,909,547",-100247.16,2.13E+07,2.26E+07,-56.09,-10.45,1.5,0.5,22.28,15.05,-15.05,-15.05,46
5/28/2026,1630,CPRI,19.74,8.05%,0.71,28.265,16.22,18.28,18.83,21.31,10,0.42,0.74,"8,365,088",201255.01,2891642.95,2985606.96,250,14.3,14.9,6.82,22.26,17.41,22.26,-17.05,47
5/28/2026,1630,CPT,108.02,-0.06%,1.64,119,96.53,105.34,102.54,105.32,-1,0.91,-0.74,"819,033",-300026.15,1202864.28,1137898.23,-59.07,11.41,2.53,0.51,110.62,97.42,-97.42,-103.08,43
5/28/2026,1630,CRCL,108.24,5.46%,8.15,298.99,49.9,113.5,106.32,103.06,1,-0.43,0.31,"11,778,149",101206.13,1.58E+07,1.74E+07,-45.16,15.57,-14.48,-4.31,140.11,80.61,140.11,140.11,51
5/28/2026,1630,CRI,40.12,1.93%,2.33,44.44,23.3805,35.62,35.91,33.28,11,0.58,1,"682,328",-100252.48,1101397.14,1223492.46,-53.05,15.22,20.08,7.76,41.26,32.56,-32.56,-32.11,39
5/28/2026,1630,CRM,176.17,-0.75%,4.68,276.8,163.52,178.3,180.87,221.47,-2,-0.68,-0.6,"21,515,473",-100145.01,1.33E+07,1.35E+07,54.18,-1.75,6.23,-2.17,205.53,164.33,-164.33,-164.09,66
5/28/2026,1630,CRSP,56.38,5.32%,2.61,78.48,35.38,51.86,51.3,55.72,6,0.57,0.68,"2,662,928",-200465.55,1711354.27,1937922.28,75.32,23.23,6.88,11.95,61.62,44.41,-44.41,-47.06,50
5/28/2026,1630,CRWD,671,3.97%,49.02,677.5,342.72,567.96,476.61,468.77,-5,1,-0.68,"2,372,131",-200456.34,3391013.34,3633336.35,-53.62,81.56,19.27,1.14,634.06,359.62,-359.62,-455.17,4
5/28/2026,1630,CSCO,118.64,-0.86%,8.63,120.79,62.3,106.41,92.3,78.61,-7,-0.98,-0.42,"20,616,970",-100243.1,2.36E+07,2.30E+07,20.83,48.45,16.46,-1.47,119.07,75.56,-75.56,121.03,52
5/28/2026,1630,CSX,45.81,-2.82%,0.77,47.175,30.85,45.48,43.32,38.18,-1,-0.67,-0.54,"15,804,157",-100025.12,1.27E+07,1.27E+07,6.21,15.48,3.18,0.64,47.24,38.47,-38.47,-44.11,42
5/28/2026,1630,CTA,29.13,-0.34%,1.01,32.76,26.36,31.3,30.49,28.63,-6,-0.03,0,"563,767",200033.39,831102.61,790672.25,45.95,-3.29,-8.08,-5.11,33.07,28.28,33.07,33.07,NaN
5/28/2026,1630,CUBE,40.54,1.35%,0.71,44.13,35.09,39.88,38.86,38.81,6,0.63,0.53,"2,160,120",-200031.51,2201357.69,2301002.18,-10.46,12.74,1.63,1.17,42.61,36.44,-36.44,-38.06,43
5/28/2026,1630,CURB,29.16,0.76%,0.53,29.48,21.62,27.97,27.31,24.75,8,0.5,0.81,"653,380",0,740934.77,762673.98,11.75,13.91,6.38,2.97,29.21,25.47,-25.47,-27.17,41
5/28/2026,1630,CVNA,73.49,0.67%,4.35,97.378,54.464,72.14,70.24,73.8,6,0.37,0.44,"10,289,596",0,1.31E+07,1.33E+07,3.57,21.66,5.14,7.63,84.19,54.41,84.19,-61.05,42
5/28/2026,1630,CVS,92.97,0.98%,2.2,98.43,58.5,90.86,81.65,78.26,-10,-0.74,-0.11,"6,901,257",100230.16,8137956.79,8068468.31,-26.49,32.66,-5.24,-0.31,98.09,70.41,98.09,98.09,43
5/28/2026,1630,CVX,183.03,0.35%,4.79,214.71,135.21,188.49,192.47,169.7,-6,-0.19,-0.53,"8,724,751",200035.48,1.18E+07,1.22E+07,-28.45,-13.32,-1.6,-4.39,215.41,178.28,-178.28,199.06,44
5/28/2026,1630,CWH,7.66,1.73%,0.38,19.64,5.7,7.3,7.05,11.55,8,0.62,0.63,"2,964,653",300786.2,3188966.55,3386406.68,29.48,10.85,14.67,2.82,9.62,6.48,-6.48,-6.1,41
5/28/2026,1630,CZR,29.08,1.04%,0.87,31.58,17.86,27.77,27.3,24.49,10,0.54,0.49,"95,920,259",-100111.01,5810372.37,6264819.44,3864.66,12.5,8.55,2.14,31.54,23.6,31.54,-25.11,41
5/28/2026,1630,D,67.38,0.27%,2.6,68.97,53.36,64.68,63.1,61.38,-4,0.93,-0.73,"15,167,048",100125.07,6108873.74,5895214.73,375.34,10.68,7.43,-0.43,69.07,59.47,69.07,69.07,43
5/28/2026,1630,DAL,82.49,0.84%,4.39,83.755,45.28,72.92,69.66,65.13,6,0.97,1,"7,687,148",100259.51,1.01E+07,1.15E+07,-7.4,27.24,16.1,8.34,75.28,55.56,-55.56,-68.06,28
5/28/2026,1630,DAPP,22.81,1.60%,0.84,27.4899,12.6005,21.15,18.7,19.1,5,0.83,0.59,"655,904",-200044.03,992262.85,951445.47,-83.31,56.02,4.97,7.24,23.09,14.41,-14.41,-19.17,NaN
5/28/2026,1630,DAR,59.62,1.50%,2.02,66.02,29.15,61.78,60.82,43.77,3,0,0.2,"1,931,603",400751.36,2931303.11,2961916.77,-29.11,0.57,-4.24,1.74,66.16,51.55,66.16,-58.03,43
5/28/2026,1630,DASH,156.7,-0.56%,3.82,285.5,143.3,161.34,162.95,209.07,2,0.58,0.38,"4,418,920",-100653.15,4661016.62,4474071.52,-63.19,6.89,5.12,-2.22,191.27,143.42,191.27,-147.05,50
5/28/2026,1630,DDOG,225.24,1.55%,8.84,235,98.0101,193.17,150.78,143.28,-11,-0.98,-0.37,"5,950,090",100066.15,5564639.25,5361366.5,-77.09,96.75,9.71,1.31,216.06,101.33,-101.33,-139.17,48
5/28/2026,1630,DDS,608.68,3.20%,23.4,711.975,356.8501,556.03,574.43,592.17,10,0.38,1,"175,565",-100900.1,108991.69,113241.36,111.47,9.67,14.22,8.34,639.26,518.06,-518.06,-518.06,53
5/28/2026,1630,DE,539,1.82%,21.73,674.1899,433,565.22,573.75,521.04,2,0,0.31,"1,880,158",-100330.05,1228082.92,1253936.3,126.82,-4.88,-7.17,1.86,636.61,515.04,-515.04,-515.04,57
5/28/2026,1630,DECK,114.31,-0.05%,7.52,126.5,78.91,100.84,102.87,103.13,10,0.7,0.98,"1,974,210",200543.04,2051843.75,2068644.92,10.21,21.54,21.7,7.16,119.62,92.05,-92.05,-92.05,39
5/28/2026,1630,DELL,317.05,3.84%,28.39,327.73,106.38,249.4,210.42,152.86,5,1,1,"23,385,608",100082.01,7920801.47,8485790.82,382.34,84.54,30.01,7.41,264.13,136.62,-136.62,-206.17,0
5/28/2026,1630,DEO,84.59,-2.28%,2.02,116.41,72.45,82.95,79.36,90.71,-1,-0.84,-0.68,"957,827",-100240.54,1509240.8,1679893.6,-25.9,14.2,4.83,-1.79,90.62,72.45,-72.45,-78.17,48
5/28/2026,1630,DG,109.9,5.34%,2.93,158.23,95.11,108.38,115.88,121.05,10,0.26,0.64,"4,782,656",-200256.12,3411471.68,3462315.31,48.94,-6.2,8.01,4.02,157.62,100.04,-100.04,-100.04,3
5/28/2026,1630,DGX,196.2,1.14%,2.89,213.5,164.65,191.4,194.29,188.21,2,0.28,0.64,"653,688",300125.27,922516.79,890460.37,-11.66,0.35,2.8,0.51,214.62,186.13,-186.13,197.03,36
5/28/2026,1630,DIN,31.22,0.52%,0.83,39.68,19.58,29.21,28.09,28.92,2,0.65,0.65,"260,314",-100258.11,429811.41,419247.91,-71.66,23.99,8.97,2.8,33.58,24.32,-24.32,32.09,47
5/28/2026,1630,DIS,103.73,-0.43%,1.45,124.69,92.185,104.27,101.58,108.36,3,-0.7,0.3,"6,510,891",200128.16,9202697.21,9597988.45,-54.5,12.24,-1.12,0.71,110.14,92.42,110.14,110.14,47
5/28/2026,1630,DK,44.39,3.14%,1.33,49.5,18.12,45.15,43.69,35.96,2,0.46,0.33,"766,799",100766.21,1355099.78,1466161.41,-50.77,-6.41,1.16,1.63,50.16,35.62,50.16,50.16,48
5/28/2026,1630,DKL,50.61,1.14%,0.57,55.89,41.0993,51.61,51.22,47.96,-6,-0.34,-0.33,"33,226",-100233.48,56062.16,60722.1,-58.81,-4.73,-0.76,-1.35,55.61,48.37,-48.37,-49.13,48
5/28/2026,1630,DKNG,24.53,-2.15%,0.49,48.78,20.46,24.66,23.59,31.4,-1,-0.83,-0.38,"12,690,811",0,1.24E+07,1.29E+07,-41.24,18.39,-2,-2.35,27.13,20.41,27.13,27.13,47
5/28/2026,1630,DLTR,113,17.87%,6.05,142.4,84.71,94.05,100.26,109.43,10,0.38,1,"13,263,950",200249.01,3747748.5,3604758.75,219.93,5.61,30.18,18.97,127.62,86.1,-86.1,-86.1,0
5/28/2026,1630,DOC,19.51,-1.81%,0.19,20.27,15.7,18.97,17.63,17.58,-12,-0.93,-0.22,"9,227,589",101533.16,8638771.99,8244434.61,-39.94,17.6,-0.2,-1.12,20.09,16.21,-16.21,-16.17,39
5/28/2026,1630,DOCU,49.58,2.37%,1.75,94.67,40.16,47.82,47.13,60.68,-3,1,-0.62,"2,478,468",100656.5,3819907.33,4153858.89,-43.42,8.47,10.01,0.1,51.06,42.33,51.06,51.06,5
5/28/2026,1630,DOV,212.51,-0.40%,3.78,237.54,158.97,216.46,215.65,197.57,6,0.12,0.52,"645,420",200232.25,961801.96,1023930.3,-31.61,2.86,-0.98,1.24,233.24,201.38,233.24,-206.06,38
5/28/2026,1630,DOW,34.77,0.81%,1.65,42.74,20.4019,37.92,38.58,28.9,1,0,0.2,"12,484,051",-100256.29,1.34E+07,1.41E+07,-27.81,-14.82,-10.48,-3.44,43.4,29.62,43.4,41.16,38
5/28/2026,1630,DPZ,310.35,-0.44%,5.24,496,297.4761,318.02,345.81,400.26,9,0.24,0.79,"650,908",-100231.23,969602.57,976458.24,-37.17,-10.85,0.61,-1.95,417.56,297.07,-297.07,-297.07,35
5/28/2026,1630,DRI,204.47,-0.71%,4.3,228.27,169,197.34,197.55,196.05,6,0.44,0.84,"705,588",-100132.48,1288270.7,1300700.97,-33.88,6.22,6.05,0.47,214.62,187.32,-187.32,-190.06,19
5/28/2026,1630,DRLL,35.88,0.31%,0.97,41.0248,25.93,36.91,37.23,31.89,-6,-0.19,-0.55,"11,218",-200127.32,30322.32,29615.53,-55.81,-11.95,-1.18,-3.96,41.41,34.28,-34.28,39.06,NaN
5/28/2026,1630,DRVN,14.19,-0.21%,0.55,19.74,9.8,13.49,12.85,14.74,5,0.92,0.69,"881,525",100771.05,1946850.21,2047935.17,-20.08,12.62,11.91,3.05,14.06,10.54,-10.54,-12.04,NaN
5/28/2026,1630,DT,40.51,4.11%,1.63,57.55,31.635,39.01,37.34,42.59,1,0.98,0.56,"4,686,858",100448.11,6934828.18,7312136.62,-18.99,12.81,16.64,-1.7,41.06,32.33,41.06,41.06,47
5/28/2026,1630,DVN,44.11,-0.36%,1.78,52.71,30.24,47.73,48.12,39.88,-6,0,-0.24,"10,254,440",-200239.16,1.55E+07,1.56E+07,-61.49,-15.29,-5.95,-6.59,53.41,42.28,-42.28,52.16,46
5/28/2026,1630,DXCM,72.34,2.96%,5.58,89.98,54.11,64.14,63.79,67.86,-3,1,-0.87,"5,617,289",500742.06,5382458.49,5109050.49,10.56,16.21,23.51,0.33,74.62,57.2,-57.2,73.02,42
5/28/2026,1630,EA,201.15,0.23%,0.54,204.885,141.19,201.1,202.04,197.04,1,0.34,0.7,"1,639,921",0,1869011.78,1983784.54,-25.96,-0.43,0.48,0.09,204.35,197.56,204.35,-199.1,41
5/28/2026,1630,EAT,140.02,-1.03%,4.68,187.123,100.3,138.89,143.59,143.37,6,0.28,0.77,"924,829",200751.1,1200207.08,1217658.89,-29.46,4.75,10.81,1.9,162.28,125.05,-125.05,-125.05,52
5/28/2026,1630,EBAY,112.13,1.60%,3.2,119.31,72.12,111.18,102.36,92.61,-5,-0.83,-0.36,"5,064,111",300043.18,5874653.59,5634133.66,-10.85,27.45,-0.78,-3.13,117.08,86.6,119.05,119.05,42
5/28/2026,1630,ECH,41.98,0.05%,0.85,47.845,29.28,40.88,41.08,38.73,6,0.38,0.66,"379,549",100131.46,635349.51,807193.01,-41.28,7.97,3.89,4.19,45.28,38.57,45.28,-39.08,NaN
5/28/2026,1630,ECPG,80.295,-1.90%,1.11,92.64,35.675,81.88,78.2,57.75,-1,-0.07,-0.18,"203,586",-400926.15,336716.45,352056.43,-79.82,16.59,1.61,0.12,93.14,64.62,93.14,-78.08,47
5/28/2026,1630,EDEN,112.4,0.23%,0.88,125.6375,98.31,111.69,108.46,111.13,1,-0.72,0.46,"11,682",100000.02,8749.32,10179.82,83.74,12.47,-0.35,-0.08,113.12,98.47,113.12,113.12,NaN
5/28/2026,1630,EDU,46.26,-1.60%,2.48,64.97,41.62,51.34,53.98,54.44,2,0,0.26,"517,896",0,805712.46,776878.42,5.39,-15.09,-11.75,-0.37,60.28,46.03,60.28,-46.03,42
5/28/2026,1630,EDV,63.74,0.79%,0.94,71.305,60.485,62.82,63.87,66.36,6,0.29,0.79,"824,340",-200019.09,1351235.31,1305857.17,-5.53,-0.36,1.84,1.84,69.62,60.06,-60.06,-60.06,NaN
5/28/2026,1630,EEM,68.61,0.32%,1.42,68.96,45.2301,66.25,62.29,57.07,5,0.8,0.52,"33,058,631",-200238.48,3.27E+07,3.75E+07,-4.83,24.29,2.08,4.14,68.12,54.41,-54.41,-63.06,NaN
5/28/2026,1630,EFNL,57.25,-0.37%,1.26,58.09,34.96,55.33,52.83,47.77,-1,0.97,-0.56,"24,241",100100.13,10471.35,10773.27,-46.56,20.91,3.25,0.9,56.09,47.42,-47.42,58.02,NaN
5/28/2026,1630,EFX,163.84,0.09%,4.33,275.91,156.47,166.64,175,209.48,8,0.37,0.67,"1,665,548",200041.18,1740712.27,1637543.83,-8.21,-4.66,2.44,-0.12,211.58,156.08,-156.08,-156.08,36
5/28/2026,1630,EGP,204.8,-0.42%,1.64,207.72,159.365,203.21,196.55,182.9,-2,-0.75,-0.39,"312,960",100017.15,360616.32,349778.81,-63.61,11.81,0.61,-0.18,207.13,181.47,-181.47,208.02,38
5/28/2026,1630,EIS,137.56,-0.03%,2.86,138.44,81.9,133.85,127.23,112.36,6,0.75,0.55,"54,540",-200200.42,118929.66,146078.21,-61.41,20.78,2.63,2.79,137.14,110.41,-110.41,-129.07,NaN
5/28/2026,1630,EL,90.87,-0.36%,4.56,121.635,64.83,82.97,78.18,93.53,5,0.87,0.82,"3,102,344",-200762.46,4566186.12,4511303.05,2.61,35.16,10.64,2.89,111.62,66.38,-66.38,-75.06,56
5/28/2026,1630,ELS,62.24,-0.19%,0.67,69,58.15,62.79,63.37,62.77,-3,-0.32,-0.68,"1,783,398",0,1389447.63,1691625.92,32.96,0.21,-1.32,-2.06,69.52,61.08,-61.08,-61.08,36
5/28/2026,1630,ELV,392.75,0.33%,6.2,408,273.71,386.45,342.85,334.21,-10,-0.84,-0.23,"1,355,445",0,1654819.13,1942531.23,-3.9,37.14,-1.72,-0.49,406.06,275.56,408.05,408.05,33
5/28/2026,1630,EMB,96.23,0.26%,0.6,97.8,89.955,95.48,95.18,95.71,6,0.72,0.56,"6,077,935",100110.47,8675616.67,1.02E+07,43.64,3.53,0.72,1.11,98.62,93.42,-93.42,-94.06,NaN
5/28/2026,1630,EMR,141.79,1.48%,3.51,165.15,117.16,137.85,137.1,137.31,6,0.52,0.56,"2,757,094",0,2984459.03,2966143.86,-29.99,13.07,2.93,3.94,153.61,123.41,-123.41,-128.06,47
5/28/2026,1630,ENB,55.56,-1.05%,1.23,58.45,43.5892,55.62,54.36,50.18,-3,-0.72,-0.45,"3,481,847",200120.07,4702982.41,4680405.58,-26.69,1.8,0.67,-4.27,57.06,52.25,-52.25,58.03,44
5/28/2026,1630,ENPH,69.5,-1.11%,11.7,72.7,25.775,47.19,40.42,37.58,-1,1,-0.97,"6,712,364",401902.05,7758420.13,7132303.7,42.08,83.67,65.48,8.54,54.08,30.2,-30.2,-32.17,41
5/28/2026,1630,ENR,18.55,-0.43%,0.85,30.29,15.75,17.94,18.08,21.72,6,0.63,0.66,"650,672",100647.16,1148729.75,1215133.34,-44.26,9.05,8.99,2.04,22.62,16.05,-16.05,-16.05,46
5/28/2026,1630,ENVX,7.65,2.00%,0.61,16.49,4.615,6.69,6.16,8.01,6,0.87,0.57,"8,061,379",-100090.1,6557269.19,6592169,62.8,46.27,4.94,14.52,8.1,5.56,-5.56,-5.06,42
5/28/2026,1630,ENZL,46.4836,1.06%,0.86,48.24,41.6875,45.01,44.2,45.47,5,0.84,0.63,"61,280",0,25820.47,24240.77,-0.58,9.44,2.54,4.41,48.62,42.41,-42.41,-44.05,NaN
5/28/2026,1630,EOG,134.58,0.21%,4.1,151.87,101.5936,137.57,138.01,119.55,-6,-0.23,-0.56,"3,212,740",-100039.48,4168339.65,4594565.76,-44.68,-10.02,-0.26,-4.7,152.41,120.62,152.41,146.05,48
5/28/2026,1630,EPD,37.5,-1.29%,0.83,40.165,30.01,38.54,38.14,34.08,-6,-0.21,-0.17,"3,428,865",100225.1,4640777.01,4497829.17,-0.17,-4.53,-2.06,-5.37,40.06,36.62,40.06,40.06,41
5/28/2026,1630,EPHE,24.38,-1.06%,0.24,28.4,23.17,24.64,24.8,25.4,-1,-0.44,-0.62,"126,918",200100.56,99932.38,137660.71,-55.82,0.16,-1.61,-1.38,28.62,24.41,-24.41,26.14,NaN
5/28/2026,1630,EPOL,40.6,0.42%,0.59,40.9399,29.03,39.4,38.33,35.52,6,0.63,0.5,"195,799",100040.24,413817.15,508238.84,-73.65,17.41,2.6,1.63,41.28,34.47,41.28,41.02,NaN
5/28/2026,1630,EPR,57.84,-0.28%,0.44,62.08,48.105,57.61,55.04,54.3,-2,-0.8,-0.5,"628,248",-200635.48,802040.79,835149.21,-37.43,18.74,-0.57,-1.33,61.62,48.42,-48.42,-55.17,42
5/28/2026,1630,EPU,85.09,0.48%,1.95,95.28,46.05,82.07,81.53,72.72,6,0.43,0.7,"26,519",0,81760.12,93741.15,-72.83,10.97,0.66,3.01,95.62,74.47,-74.47,86.02,NaN
5/28/2026,1630,EQR,66.26,-0.56%,0.66,70.31,57.57,65.74,62.75,62.55,-1,-0.8,-0.4,"2,420,422",100025.05,2695841.73,2599879.37,-38.32,12.78,0.65,0.09,67.16,58.47,-58.47,-64.08,46
5/28/2026,1630,EQRR,78.2561,0.13%,1.07,79.9,57.6,76.88,73.45,66.78,-2,-0.93,-0.41,"79,471",200000.41,24377.75,19203.45,125.46,13.35,2.27,-0.89,78.09,67.52,-67.52,80.02,NaN
5/28/2026,1630,EQT,55.35,0.33%,1.21,68.24,48.47,57.22,59.49,56.48,-3,-0.21,-0.54,"4,994,792",0,7770788.51,8019655.79,-49.8,-18.06,-1.04,-4.44,68.42,55.1,68.42,60.17,37
5/28/2026,1630,ESI,41.92,-2.31%,1.74,45.515,20.8,42.55,38.71,30.39,4,-0.37,0.33,"2,873,662",300537.21,3031282.43,3079133.69,-29.29,25.66,-5.22,2.87,46.12,29.56,46.12,-38.06,43
5/28/2026,1630,ESPO,89.23,0.46%,0.71,122.986,86.92,90.18,90.71,103.9,2,0.61,0.49,"11,218",0,16490.73,19763.02,-62.99,2,-1.92,0.15,97.28,87.41,97.28,-88.04,NaN
5/28/2026,1630,ESS,276.44,-0.14%,4.1,294.09,238.46,270.1,257.77,258.35,-2,-1,-0.53,"356,253",-200020.09,476671.06,479534.55,-12.75,15.37,1.65,-0.09,274.07,238.42,-238.42,-262.17,41
5/28/2026,1630,ET,19.42,0.47%,0.36,20.7,16.18,19.96,19.44,17.86,-6,-0.34,0,"6,804,461",500224.17,1.56E+07,1.55E+07,-43.47,-1.27,-3.38,-3.24,21.16,18.55,21.05,21.05,47
5/28/2026,1630,ETH,19.1,-2.05%,1,45.785,17.065,21.07,21.03,28.81,-1,-0.67,-0.46,"3,519,503",0,3142950.71,4152403.51,33.02,1.33,-10.83,-2.55,23.28,18.62,23.28,23.16,NaN
5/28/2026,1630,ETH-USD,-82.39,2.59%,3.67,4.9275,-84.32,-71.59,-52.45,-28.63,-3,-0.18,-0.68,"730,241",-100371.06,981050.91,950422.32,-29.3,206.74,5.3,8.98,-22.59,-83.91,-23.01,-53.01,NaN
5/28/2026,1630,ETHA,15.19,-1.91%,0.8,36.8,13.62,16.74,16.73,23.07,-1,-0.67,-0.46,"32,511,674",0,2.95E+07,3.20E+07,71.63,1.2,-10.75,-2.44,19.28,14.62,19.28,18.16,NaN
5/28/2026,1630,ETHE,16.31,-1.98%,0.86,40.135,14.71,17.99,18,25.01,-1,-0.68,-0.46,"3,184,806",0,2496263.02,3052986.49,22.64,0.8,-10.83,-2.51,20.28,16.62,20.28,19.16,NaN
5/28/2026,1630,ETSY,66.78,4.65%,2.97,76.515,44,61.72,58.4,58.92,9,0.64,0.61,"3,333,282",100462.21,3013501.97,2966997.32,35.38,41.15,16.34,7.05,71.2,47.42,71.2,-56.1,42
5/28/2026,1630,EWA,28.97,0.14%,0.3,30.4799,24.94,29.14,28.92,27.6,6,0.29,0.38,"1,460,587",-100126.59,3170006.53,3985139.19,-21.46,6.47,-0.52,0.66,30.28,27.41,30.28,-28.06,NaN
5/28/2026,1630,EWC,58.58,0.55%,0.41,58.97,44.6,58.12,56.94,53.6,1,0.67,0.52,"3,423,333",100214.2,2225136.86,2598123.31,194.29,9.23,1.45,0.12,59.26,53.47,-53.47,59.02,NaN
5/28/2026,1630,EWD,52.69,-0.64%,1.09,54.93,42.99,51.4,50.93,49.61,-1,0.7,-0.65,"339,149",100119.01,165348.9,175854.93,150.53,12.39,3.84,0.5,55.62,47.47,-47.47,-49.08,NaN
5/28/2026,1630,EWG,43.49,-0.46%,0.67,44.65,37.975,42.57,41.52,41.89,-1,0.92,-0.61,"796,250",200133.41,2165657.29,2342218.82,-16.14,14.21,3.15,1.35,45.62,38.42,-38.42,44.02,NaN
5/28/2026,1630,EWH,23.07,-0.13%,0.46,24.66,18.915,23.88,23.46,22.47,-10,-0.26,0,"2,812,569",100226.41,4174511.99,4986602.68,43.04,3.08,-6.03,-1.79,25.14,21.45,25.14,25.14,NaN
5/28/2026,1630,EWI,59.25,0.37%,0.57,59.665,45.79,58.5,56.56,54.05,6,0.7,0.4,"428,881",100134.47,457874.95,524883.38,-13.71,15.95,0.58,1.13,60.15,50.47,60.15,60.15,NaN
5/28/2026,1630,EWJ,92.7,0.44%,0.78,94.28,68.028629,91.18,88.21,83.23,4,0.63,0.6,"4,527,668",100238.57,7435341.16,8656851.89,-34.63,13.84,-0.42,1.19,93.1,81.47,93.1,93.1,NaN
5/28/2026,1630,EWJV,45.41,0.46%,0.38,47.69,33.5,44.64,43.53,41.42,-2,-0.57,-0.61,"146,289",200000.13,176118.24,209074.72,173.97,10.46,-0.09,0.49,47.62,40.47,-40.47,46.02,NaN
5/28/2026,1630,EWK,27.07,-0.23%,0.33,27.6299,21.5,26.41,25.57,24.66,-1,0.81,-0.59,"428,136",100136.01,65260.23,62333.46,2502.88,15.36,2.19,0.67,27.28,23.47,-23.47,-25.17,NaN
5/28/2026,1630,EWM,28.79,-0.96%,0.5,30.635,23.342,29.68,29.18,27.54,-14,-0.19,-0.18,"338,596",-200134.44,310806.95,367670.58,123.07,1.27,-4.7,-1.54,31.14,28.36,31.14,31.14,NaN
5/28/2026,1630,EWN,66.96,0.18%,1.15,67.52,50.56,65.01,62.23,59.34,-2,0.96,-0.51,"417,320",100023.01,138473.77,141137.7,264.73,19.81,2.48,0.18,66.09,55.41,-55.41,68.02,NaN
5/28/2026,1630,EWO,40.39,-1.03%,0.61,41.31,27.56,39.6,38.09,34.79,-1,0.75,-0.51,"11,983",100100.51,27651.4,37405.22,-23.24,17.76,2.13,1.15,40.28,34.47,-34.47,41.02,NaN
5/28/2026,1630,EWP,57.77,-0.05%,0.69,58.99,42.36,56.72,55.92,52.94,3,0.64,0.58,"741,644",200124.11,479810.53,554340.17,421,11.18,2.37,2.23,59.28,51.47,59.28,58.02,NaN
5/28/2026,1630,EWQ,46,0.00%,0.54,48.39,40.91,45.32,44.79,44.69,6,0.72,0.58,"373,603",-100016.13,462023.65,503355.46,46.24,9.86,1.91,1.84,48.62,42.47,-42.47,47.15,NaN
5/28/2026,1630,EWS,29.43,0.41%,0.23,29.6699,24.845,29.11,28.74,28.36,-4,-0.76,-0.58,"1,035,624",-300018.13,800615.19,917311.03,134.98,6.71,0.14,-0.14,30.28,27.58,30.28,30.05,NaN
5/28/2026,1630,EWUS,43,-0.52%,0.73,45.0422,38.02,42.29,41.61,41.61,-1,0.72,-0.56,"3,994",100023.04,5247.02,4971.36,595.71,11.4,2.6,-0.09,45.62,38.41,-38.41,44.02,NaN
5/28/2026,1630,EWW,78.81,-0.94%,1.02,81.6499,57.282,78.43,77.1,71.53,3,0.52,0.53,"1,272,905",100039.58,1591438.55,1801367,5.39,9.29,-1.82,1.35,82.62,70.47,-70.47,81.09,NaN
5/28/2026,1630,EWY,206.41,4.10%,9.43,208.25,60.27,182.11,155.62,113.29,3,0.91,0.64,"17,497,781",200875.57,1.91E+07,2.32E+07,-1.45,70.61,9.43,13.39,195.12,115.4,-115.4,-162.17,NaN
5/28/2026,1630,EWZ,36.11,0.00%,0.97,42.02,26.193816,37.71,38.5,34.18,6,0,0.32,"25,370,961",-100335.11,3.02E+07,3.24E+07,-11.8,-1.42,-1.82,-0.71,42.31,35.47,42.31,-36.06,NaN
5/28/2026,1630,EWZS,14.15,0.93%,0.4,16.46,11.72,14.51,14.78,14.08,6,0.09,0.41,"98,554",-200431.11,541259.07,540849.15,-40.07,2.24,0.71,0.93,16.26,13.47,16.26,-14.06,NaN
5/28/2026,1630,EXAS,104.91,0.00%,0.41,104.98,38.8118,103.57,103.02,74.29,6,0.02,0.29,<empty>,-100037.01,2640344.92,2627886.23,1111.65,2.5,1.36,0.93,104.09,101.61,-101.61,-103.15,34
5/28/2026,1630,EXP,218.96,1.97%,6.71,243.64,171.99,205.67,198.65,216.76,7,0.86,0.73,"304,523",-100240.07,415816.15,414114.85,-13.87,20.1,9.83,9.79,226.62,172.47,-172.47,-189.05,41
5/28/2026,1630,EXPD,158.96,-1.58%,2.17,167.19,109.9,154.61,149.13,141.28,-1,-0.74,-0.84,"917,340",0,1053977.3,1155706.55,-16.23,12.56,2.03,0.3,158.06,136.17,-136.17,-136.17,46
5/28/2026,1630,EXPE,227.55,0.44%,4.78,303.8,160.0047,228.88,236.75,239.19,9,0.46,0.49,"975,293",100753.59,1717365.41,1972437.2,-70.38,0.77,4.6,6.01,280.26,203.61,280.26,-206.05,48
5/28/2026,1630,EXR,145.81,0.96%,2.33,155.19,125.71,142.45,139.17,139.59,7,0.65,0.59,"796,340",100032.22,1163313.35,1170410.19,-36.93,13.07,2.39,1.75,153.61,128.44,-128.44,-137.08,42
5/28/2026,1630,EYE,17.38,4.76%,2.04,30.02,14.75,19.51,23.09,25.62,8,0.05,0.57,"1,829,893",100664.1,2014824.22,1899484.4,61.99,-30.87,2.72,1.46,30.59,15.1,-15.1,-15.1,47
5/28/2026,1630,EZA,69.71,1.16%,1.62,81.755,51.265,69.2,68.97,67.78,3,0.48,0.53,"125,174",0,222485.22,255324.96,-9.12,8.53,-1.5,3.57,82.62,62.47,-62.47,-66.06,NaN
5/28/2026,1630,F,16.65,4.85%,1.38,16.75,9.88,13.25,12.54,12.74,5,1,1,"98,425,911",200552.1,5.62E+07,5.86E+07,152.46,46.44,22.7,11.52,15.09,11.41,-11.41,-11.17,42
5/28/2026,1630,FAF,66.55,-1.45%,1.05,71.47,53.09,68.29,65.14,64.43,-2,-0.57,-0.4,"958,491",-200239.48,974344.27,954948.77,49.25,13.82,-0.46,-2.42,71.61,56.47,-56.47,-66.1,38
5/28/2026,1630,FANG,194.14,0.67%,5.16,214.51,133.75,200.41,195.78,162.96,-6,-0.24,-0.19,"1,947,651",100239.55,2817212.44,3160847.75,-25.41,-3.81,-3.46,-3.27,215.17,167.62,215.17,-187.14,45
5/28/2026,1630,FAST,44.76,-0.13%,0.49,50.63,38.9703,44.13,44.97,44.67,8,0.19,0.67,"7,566,604",-100137.48,7441745.75,7486394.01,1.01,-0.42,2.26,1.87,50.33,43.04,-43.04,-43.04,30
5/28/2026,1630,FCFS,223.25,-3.49%,2.87,235.97,119.205,226.15,210.63,174.26,-1,-0.56,-0.06,"432,952",100540.39,364685.8,352505.22,1.24,16.96,-0.45,-1.91,236.11,179.4,236.11,236.11,43
5/28/2026,1630,FCG,28.8,0.66%,0.85,33.03,21.76,30.19,30.4,25.85,-6,-0.02,-0.38,"1,387,890",-200133.4,1381953.78,1402291.4,-32.82,-12.03,-3.32,-5.08,33.41,27.62,33.41,32.05,NaN
5/28/2026,1630,FDX,411.4,-0.09%,13.55,413.7,214.82,383.39,375.21,306.3,7,0.45,0.84,"1,940,434",-200636.18,1774080.42,1772632.65,22.78,19.6,11.28,4.36,404.19,341.41,-341.41,-354.17,17
5/28/2026,1630,FICO,1296.36,1.40%,79.17,1998.01,870.01,1141.36,1085.19,1445.25,-2,1,-0.88,"365,090",-400882.26,383559.85,382802.17,12.66,28.22,21.77,4.55,1494.58,870.25,-870.25,-1037.17,42
5/28/2026,1630,FISV,55.83,0.38%,1.22,177.36,52.17,56.64,57.81,80.87,10,0.75,0.29,"5,413,284",-100146.17,6293416.52,6327833.42,-24.29,3.58,6.61,-2.28,65.26,52.1,-52.1,-52.1,37
5/28/2026,1630,FIVE,224.9,4.13%,5.08,251.63,113.41,220.58,225.96,186.69,1,0.18,0.72,"1,438,712",100747.49,1194649.15,1134709.89,32.19,1.43,7.1,2.46,252.26,204.11,-204.11,-204.11,4
5/28/2026,1630,FLG,14.17,1.21%,0.32,14.92,10.38,13.86,13.73,12.76,6,0.43,0.54,"3,127,048",-200036.24,4691975.52,4771632.36,-24.12,8.58,3.43,2.31,15.23,12.53,15.23,-13.06,39
5/28/2026,1630,FLNG,30.75,-1.82%,0.6,33.4,21.72,32.22,31.21,27.38,-5,-0.35,0,"666,975",-100541.48,523697.01,612337.36,61.56,1.85,-2.9,-3.79,33.16,27.62,33.16,-31.09,63
5/28/2026,1630,FLO,7.7,-1.41%,0.42,17.09,6.8,7.95,8.23,10.96,8,0.39,0.71,"6,381,468",-300360.09,7131884.52,6885326.31,17.22,-8.33,-0.39,-3.02,10.62,7.04,-7.04,-7.04,54
5/28/2026,1630,FLUT,95.58,-0.18%,2.11,313.685,91.52,98.28,103.16,187.17,2,0.8,0.53,"1,932,918",0,2921547.93,3448018.96,-67.06,-4.9,0.6,-1.85,115.57,92.08,-92.08,-92.08,48
5/28/2026,1630,FND,51.42,3.48%,2.41,92.405,42.64,48.17,50.02,65.08,6,0.47,0.67,"2,780,991",100564.19,3181193.32,2932635.6,-28.9,2.29,12.74,6.66,70.62,43.05,-43.05,-43.05,43
5/28/2026,1630,FNF,47.56,-1.06%,0.86,61.4025,42.78,49.35,48.42,54.36,-2,-0.56,-0.32,"992,926",-200345.48,1905224.78,1946734.12,-66.08,4.12,0.19,-2.16,53.62,43.47,-43.47,-47.14,47
5/28/2026,1630,FORM,130.22,-2.11%,9.22,159.09,26.08,133.9,124.71,74.11,6,-0.05,0.48,"961,274",-301088.12,1932531.24,1795162.7,-53.57,32.97,0.7,0.95,159.23,81.56,159.23,-112.06,42
5/28/2026,1630,FOUR,43.83,2.05%,0.94,108.5,39.6062,42.8,44.41,63.51,6,0.75,0.62,"1,055,142",102079.46,1873043.82,2181915.97,-63.48,-1.46,7.24,1.36,55.45,40.11,-40.11,-40.11,46
5/28/2026,1630,FOXA,65.83,0.53%,1.17,76.39,52.96,64.44,62.46,63.52,3,0.76,0.63,"2,067,302",-200241.41,3183305.54,3429453.74,-18.44,11.37,-0.96,2.89,68.11,56.62,68.11,68.11,47
5/28/2026,1630,FR,62.56,-0.79%,0.81,64.66,47.36,62.21,61.02,57.31,-2,-0.59,-0.51,"999,634",-100347.48,934640.47,946874.74,12.86,9.41,1.13,-1.14,65.26,57.47,65.26,-60.08,38
5/28/2026,1630,FROG,72.77,1.95%,3.08,75.08,34.05,64.56,53.02,52.61,-5,-0.97,-0.44,"1,422,627",100668.14,2838141.74,2880300.08,-70.7,67.92,13.38,-1.65,72.13,39.62,-39.62,75.02,48
5/28/2026,1630,FRPT,53.09,1.45%,1.78,86,46.45,53.59,59.75,61.25,10,0.18,0.8,"1,473,127",-301159.16,1706702.64,1699191.64,-48.49,-5.08,9.17,2.93,86.58,46.05,-46.05,-46.05,45
5/28/2026,1630,FRT,121.02,-0.03%,2.69,121.57,89.99,116.13,111.16,103.28,8,1,0.86,"1,083,221",200316.19,901032.04,863140.45,18.03,17.64,6.04,1.06,117.15,102.44,-102.44,-113.08,47
5/28/2026,1630,FSLY,16.94,1.01%,1.26,34.82,6.29,20.53,24.43,14.25,8,0.04,0.48,"4,071,947",0,1.22E+07,1.22E+07,-91.44,-38.24,-7.48,3.8,35.35,16.03,35.35,-16.03,47
5/28/2026,1630,FTNT,129.7,1.38%,6.79,134.91,70.12,114.63,95.06,84.93,-9,-0.94,-0.36,"5,805,852",100350.15,6170535.91,6073807.35,-67.94,65.86,10.2,-3.16,128.06,76.33,-76.33,135.02,47
5/28/2026,1630,FTV,59.17,-1.24%,0.68,62.805,46.34,59.64,58.69,54.08,-1,-0.33,-0.35,"3,138,623",0,2930295.12,3101909.98,11.7,9.74,-0.42,0.07,63.19,53.41,63.19,-57.05,42
5/28/2026,1630,FTWO,44.9547,0.84%,0.72,49.658,33.75,45.37,45.66,42.48,1,0.05,0.58,"10,891",-100000.4,11467.97,14226.68,185.89,-1.39,-2.35,0.31,50.61,44.47,-44.47,-44.06,NaN
5/28/2026,1630,FUTU,104.91,-4.82%,16.11,199.9299,80.5,134.66,142.69,160.69,3,0,0.15,"9,928,555",101185.04,3518074.79,3118050.45,185.1,-20.12,-26.5,16.88,169.28,81.03,169.28,-81.03,0
5/28/2026,1630,FUTY,57.75,-1.11%,0.61,61.51,51.5,58.4,58.92,57.43,-1,-0.15,-0.57,"410,930",200218.25,389063.05,360590.78,24.94,-1.69,0.02,-1.5,62.62,56.07,-56.07,-56.07,NaN
5/28/2026,1630,FWONK,91.06,0.81%,1.44,109.3626,80.15,90.2,88.02,93.65,3,0.8,0.43,"1,585,715",100034.24,1940749.78,2167064.19,-38.2,11.55,-0.87,2.82,96.13,80.42,96.13,96.13,48
5/28/2026,1630,FWRG,11.69,1.65%,0.38,19.53,10.09,11.65,11.78,15.22,9,0.64,0.61,"1,224,233",0,1494597.96,1600971.55,-24.43,13.39,8.44,1.74,14.24,10.41,14.24,-11.05,46
5/28/2026,1630,FXA,70.9743,0.29%,0.46,72.02,63.2808,71.19,70.38,67.33,3,-0.32,0.31,"18,892",-100008.43,18295.08,19552.5,154.74,4.23,-1.18,0.47,72.1,68.41,72.1,-70.06,NaN
5/28/2026,1630,FXB,129.2945,0.10%,0.79,133.11,125.02,129.75,129.28,129.09,8,0.3,0.33,"15,885",-200010.09,40469.93,35266.85,-56.88,1.26,-0.57,0.03,131.12,127.4,131.12,-128.08,NaN
5/28/2026,1630,FXC,70.88,0.34%,0.25,72.469,69.08,71.27,71.07,70.76,1,0.28,0.24,"11,129",0,30974.6,36566.43,-28.43,0.68,-0.58,0.23,72.55,70.4,-70.4,72.17,NaN
5/28/2026,1630,FXE,107.5,0.18%,0.54,111.535,104.4601,107.8,107.61,107.79,6,0.42,0.34,"62,559",-400006.27,202511.75,217433.08,-37.6,1.12,-0.5,0.37,109.28,105.52,109.28,-107.04,NaN
5/28/2026,1630,FXF,112.5,0.37%,0.49,116.2999,107.5238,112.64,112.15,111.69,1,0.4,0.28,"38,038",0,78840.38,85616.56,11.78,1.75,-0.29,0.09,115.62,110.4,-110.4,-112.05,NaN
5/28/2026,1630,FXI,34.99,-0.93%,0.91,42,34.63,36.56,36.33,38.54,-2,-0.44,-0.14,"30,874,325",100327.11,3.01E+07,3.16E+07,-14.5,0.4,-8.55,-1.49,38.1,35.42,38.1,38.1,NaN
5/28/2026,1630,FXY,57.65,0.19%,0.31,64.64,57.225,58.09,57.83,59.44,1,-0.45,0.21,"109,878",200010.18,197920.11,185702.51,-37.71,0.51,-0.89,-0.09,59.62,57.2,-57.2,59.15,NaN
5/28/2026,1630,FYBR,38.49,0.00%,0.13,38.5,36.04,38.18,38.03,37.09,4,0.57,0.8,<empty>,300009.01,3493880.5,3089356.02,793.29,1.8,1.1,0.68,38.18,37.6,-37.6,-38.17,22
5/28/2026,1630,GAP,25,3.95%,1.34,29.36,18.685,22.89,24.27,24.56,10,0.42,1,"15,759,940",100565.01,7433796.85,8145380.99,200.84,1.05,18.93,6.88,28.61,20.06,-20.06,-20.06,0
5/28/2026,1630,GD,348.96,1.83%,3.56,369.7,268.1,343.89,341.06,341.68,1,0.66,0.55,"1,097,928",100025.21,1378041.33,1346247.19,-19.36,0.63,2.23,1.77,367.59,307.21,-307.21,-333.08,37
5/28/2026,1630,GDAXI:DE,25092.25,-0.34%,455.1,25507.79,21863.81,24562.02,23942.25,24156.7,-2,0.92,-0.65,<empty>,NaN,NaN,NaN,NaN,10.96,2.6,-1.17,25406.61,21864.45,-21864.45,25438.03,NaN
5/28/2026,1630,GDX,87.18,2.04%,4.8,117.175,49.72,89.36,90.97,85.35,1,0.31,0.55,"20,938,023",200259.47,2.40E+07,2.45E+07,-21.95,1.62,-9.4,2.54,117.61,79.47,-79.47,99.12,NaN
5/28/2026,1630,GDXJ,114.83,2.02%,7.12,157.49,63.8819,118.32,119.67,111.99,3,0.32,0.55,"6,928,053",0,5469385.88,5488115.02,-2.61,3.84,-10.94,2.88,157.61,103.47,-103.47,131.12,NaN
5/28/2026,1630,GE,320.82,1.14%,11.39,348.48,232.24,297.19,294.89,300.83,6,0.78,0.9,"5,022,555",-300440.26,6082180.44,5891942.32,-8.31,13.44,8.86,5.94,347.61,269.25,-269.25,-279.17,33
5/28/2026,1630,GEL,15.37,1.12%,0.4,18.64,14.55,16.22,16.97,16.58,-4,0,-0.2,"227,284",100340.27,299441.26,285585.95,-47.56,-13.55,-2.35,-5.01,19.58,16.1,19.58,17.17,43
5/28/2026,1630,GII,75.73,-0.56%,0.5,78.95,65.65,76.41,76.37,72.61,-2,-0.07,-0.54,"14,642",200019.11,88793.65,83411.82,-65.62,0.4,-0.37,-1.07,79.62,74.47,-74.47,-75.08,NaN
5/28/2026,1630,GIL,61.14,0.68%,1.74,73.695,46,58.63,57.81,60.05,6,0.61,0.81,"785,428",100140.57,1083238.26,1323603.71,12.27,12.33,7.85,5.09,69.62,53.41,-53.41,-54.05,43
5/28/2026,1630,GIS,33.89,0.71%,0.41,55.19,32.64,34.04,35.25,44.13,2,0.54,0.66,"9,295,424",-200137.48,9613833.87,9354871.27,-9.3,-7.02,0.83,0.59,46.61,33.04,-33.04,-33.04,18
5/28/2026,1630,GK,29.7416,1.10%,0.45,29.92,21.86,28.53,26.46,25.92,3,0.87,0.37,"4,177",200118.01,965.41,1109.82,165.14,29.14,2.67,4.01,29.09,23.41,-23.41,-27.17,NaN
5/28/2026,1630,GLASF,11.55,4.90%,0.69,11.55,4.55,9.92,9.07,8.16,10,0.8,0.51,"381,290",-100800.25,263428.52,236888.73,73.64,46.57,27.71,13.68,11.22,7.57,-7.57,-9.1,52
5/28/2026,1630,GLBE,30.09,2.49%,0.9,41.94,26.845,30.04,31.03,34.84,8,0.41,0.66,"1,586,879",0,1404107.2,1329709.31,-33.85,4.01,9.26,0.47,37.58,27.1,-27.1,-27.1,52
5/28/2026,1630,GLD,412.77,1.05%,8.8,509.7,299.89,421.61,425.7,401.62,1,-0.26,0.51,"7,151,868",0,9511261.83,1.01E+07,4.92,-0.47,-4.12,-0.25,492.61,399.45,-399.45,437.14,NaN
5/28/2026,1630,GLIN,45.336,-0.05%,0.66,48.39,38.705,44.98,43.94,45.2,6,0.69,0.35,"5,949",0,27720.45,73362.2,-67.36,13.3,1.44,1.31,47.28,39.41,47.28,-44.06,NaN
5/28/2026,1630,GM,84.35,0.27%,3.38,87.62,46.815,77.33,76.75,72.47,6,0.58,1,"7,657,997",100139.22,7015205.01,7253058.43,13.7,15.58,11.27,7.06,83.28,70.06,-70.06,-70.06,36
5/28/2026,1630,GME,21.68,0.00%,0.71,31.35,19.93,23,23.43,23.21,8,0,0.39,"3,188,847",100474.17,7949466.09,7321201.04,-63.74,-1.9,-1.81,-1.28,27.18,21.07,-21.07,-21.07,8
5/28/2026,1630,GO,8.62,4.99%,0.29,19.41,5.655,7.97,7.46,11.28,2,0.96,0.72,"2,746,230",-201676.1,3661785.72,4150996.83,-8.2,21.92,11.37,7.55,10.62,6.56,-6.56,-7.07,46
5/28/2026,1630,GOLF,89.03,-1.54%,2.09,104.81,67.14,89.21,92.98,87.02,10,0.21,0.81,"327,133",-200627.16,327783.64,351261.29,-35.82,-3.4,5.3,0.68,103.62,84.1,-84.1,-84.1,48
5/28/2026,1630,GOOG,386.12,0.34%,5.95,404.47,163.33,387.91,343.65,298.8,2,-0.64,0.1,"20,768,682",100335.2,1.90E+07,1.91E+07,37.05,41.04,-3.24,1.78,404.07,272.41,404.07,404.07,39
5/28/2026,1630,GOOGL,390.13,0.33%,6,408.61,162,391.37,346.12,299.04,2,-0.64,0.11,"24,318,642",100335.2,2.81E+07,2.84E+07,-0.47,42.21,-3.1,1.87,409.07,272.41,409.07,409.07,39
5/28/2026,1630,GOOS,9.98,-1.87%,0.72,15.425,9.3,10.56,10.94,12.41,6,0.1,0.52,"527,560",100449.02,499410.61,483334.41,62.17,-5.49,-6.55,1.73,12.26,9.05,-9.05,-9.05,48
5/28/2026,1630,GPI,326.44,-1.59%,13.36,488.39,292.44,333.31,333.18,385.36,6,0.59,0.53,"277,888",200143.48,171857.48,168470.57,91.85,0.39,-0.41,0.08,374.18,292.49,374.18,-301.05,38
5/28/2026,1630,GPN,73.95,0.67%,2.51,90.635,62.45,70.39,69.18,77.23,9,0.96,0.68,"3,041,454",0,3200892.73,3339746.45,-41.99,12.22,10.36,0.94,79.6,62.36,-62.36,-66.1,47
5/28/2026,1630,GRID,193.88,-0.16%,4,199.99,128.79,193.29,181.53,162.53,5,-0.61,0.29,"594,049",200125.06,797311.78,722817.55,-53.39,21.55,-1.71,0.72,200.12,157.41,200.12,-183.06,NaN
5/28/2026,1630,GRMN,236.35,-0.68%,5.1,273.32,186.67,237.48,244.49,228.64,-1,0.19,-0.49,"764,236",0,776321.22,805089.44,-22.66,2.69,1.87,-1.81,273.28,225.06,-225.06,-225.06,42
5/28/2026,1630,GRNY,27.39,0.70%,0.26,27.41,20.502,26.92,25.78,25.09,6,0.74,0.39,"1,491,910",0,1863827.62,2066007.26,-14.17,16.45,1.56,1.18,27.09,23.41,-23.41,-26.06,NaN
5/28/2026,1630,GS,1008.37,1.19%,25.54,1016.535,592.1701,953.72,908.38,852.7,1,0.95,0.63,"2,273,040",100232.33,2011906.54,2190319.63,32.51,25.59,5.54,1.17,976.09,781.52,-781.52,1017.02,31
5/28/2026,1630,GSG,32.11,0.60%,0.85,34.94,21.03,33.61,32.57,26.06,-6,-0.1,-0.04,"918,621",100239.15,1423622.5,1551672.47,-80.87,0.19,-5.92,-3.43,35.07,26.62,35.07,35.07,NaN
5/28/2026,1630,GTBIF,8.01,5.67%,0.32,10.43,4.8,7.66,7.15,7.37,6,0.42,0.3,"516,922",-100100.44,656631.54,667967.34,-23.27,38.82,6.23,12.18,9.24,6.41,9.24,-7.08,47
5/28/2026,1630,GTLB,27.93,5.32%,1.71,52.38,18.73,24.98,22.9,35.58,1,1,0.77,"4,629,589",-101171.36,5711343.27,6278343.54,-21.97,37.25,26.67,4.49,27.6,19.33,-19.33,-22.09,3
5/28/2026,1630,GTM,3.21,-1.23%,0.92,12.51,3.19,4.79,5.47,8.53,8,-0.13,0.37,"10,967,918",200174.12,1.17E+07,1.07E+07,45.07,-43.88,-18.94,-11.08,7.14,3.04,7.14,7.14,45
5/28/2026,1630,GVAL,35.7,0.22%,0.35,36.44,25.89,35.26,34.65,32.19,6,0.5,0.54,"54,203",-100000.19,253875.31,261249.84,-67.35,11.21,1.28,1.05,36.28,32.47,36.28,-35.06,NaN
5/28/2026,1630,GVIP,179.3678,0.47%,2.94,180.3899,128.85,173.46,162.64,155.34,5,0.84,0.31,"8,096",200011.17,13401.44,14178.38,-0.98,26.59,2.54,2.93,177.12,139.41,-139.41,-168.06,NaN
5/28/2026,1630,GVZ:CGI,24.83,1.47%,1.11,48.68,14.47,26.04,30.48,26.12,2,0.16,0.39,<empty>,NaN,NaN,NaN,NaN,-45.44,-6.51,4.07,46.42,24.03,46.42,-24.03,NaN
5/28/2026,1630,H,185.46,1.26%,6.43,188.5,127.54,170.11,160.62,155.28,6,1,0.69,"1,363,839",-100141.01,793326.37,837502.31,-7.77,30.32,10.88,6.49,176.28,138.4,-138.4,-159.17,48
5/28/2026,1630,HACK,93.88,2.28%,3.73,95.905,69.66,87.72,81.27,82.02,-3,-0.97,-0.69,"108,998",200041.07,126472.58,123161.72,-40.35,29.2,10.25,-1.02,92.06,71.33,-71.33,96.02,NaN
5/28/2026,1630,HAL,39.33,-0.68%,1.1,43.59,19.44,41.23,39.55,30.91,-6,-0.12,0,"10,916,904",-100245.48,1.40E+07,1.46E+07,-13.48,-2.7,-4.12,-5.16,43.06,33.56,44.05,44.05,36
5/28/2026,1630,HBB,20.23,1.25%,0.98,21.84,12.72,19.51,19.33,16.9,6,0.43,0.64,"15,492",201185.06,22029.83,24277.88,-42.98,14.68,13.78,3.16,22.19,16.52,22.19,-17.05,47
5/28/2026,1630,HBDC,24.625,-0.30%,0.04,27.74,23.16,24.68,24.63,24.97,-1,-0.72,-0.43,"3,127",0,6691.2,8839.53,1462.23,0.71,-0.3,-0.38,25.54,24.41,-24.41,25.02,NaN
5/28/2026,1630,HCA,384.39,-1.98%,17.89,556.52,330,416.81,454.25,462.44,-1,0,-0.44,"1,603,101",100130.05,1218251.25,1199592.06,107,-18.54,-10.09,-2.46,557.53,386.04,557.53,438.13,39
5/28/2026,1630,HD,321.21,1.06%,6.92,426.75,289.1,312.96,324.99,364.98,8,0.41,0.77,"6,818,293",200431.07,4577316.57,4413015.2,54.55,-0.14,6.17,2.6,382.62,289.06,-289.06,-289.06,55
5/28/2026,1630,HELE,27.12,-0.48%,1.47,33.734,13.85,24.55,20.3,20.41,8,0.8,0.42,"425,477",-200168.24,686116.9,654925.7,-62.77,95.39,21.07,5.73,27.14,14.42,-14.42,-22.1,28
5/28/2026,1630,HII,320.9,1.05%,6.62,460,215.045,329.35,365.95,344.25,4,0.16,0.65,"523,280",-200441.17,517006.8,502138.61,-19.87,-15.95,-3.99,0.08,460.61,311.15,-311.15,-311.15,43
5/28/2026,1630,HIMS,25.38,0.71%,1.88,70.43,13.74,25.33,24.25,34.54,6,0.61,0.35,"12,837,048",101309.55,2.83E+07,3.40E+07,-31.08,30.96,5.14,6.86,32.27,14.61,32.27,-22.06,50
5/28/2026,1630,HLN,9.21,-1.18%,0.13,11.42,8.71,9.18,9.54,9.77,-1,0.27,-0.92,"5,634,911",-100130.14,8379174.25,8384529.96,-77.82,-6.02,2.11,-0.86,11.62,9.08,-9.08,9.02,43
5/28/2026,1630,HLT,337.55,0.25%,7.64,344.75,241.45,319.9,317.67,291.49,10,0.48,0.78,"2,039,911",-100231.21,1617118.98,1706829.55,42.32,14.8,8.39,5.13,345.28,290.53,345.28,-308.17,42
5/28/2026,1630,HOOD,84.84,11.29%,2.94,153.8599,62.92,76.9,76.39,104.01,2,0.74,0.57,"43,793,705",-100267.21,2.89E+07,2.85E+07,100.21,28.51,10.54,15.21,93.28,64.41,93.28,-73.06,42
5/28/2026,1630,HPP,12.06,-2.90%,0.49,21.7,5.26,10.98,8.46,12.31,3,-0.88,0.32,"1,001,926",0,1241011.08,1270866.53,-57.46,115.36,3.97,7.39,12.13,5.38,-5.38,-9.17,46
5/28/2026,1630,HQY,90.52,4.57%,2.86,116.65,72.76,84.21,83.11,88.44,1,1,0.88,"1,243,433",100050.5,957828.27,946344.98,161.65,9.71,10.15,2.74,88.26,75.62,-75.62,-80.1,0
5/28/2026,1630,HSI:HK,25006.16,0.00%,487.75,28056.1,22668.35,25946.83,25750.85,25999.67,-2,-0.31,-0.17,<empty>,NaN,NaN,NaN,NaN,-1.07,-5.09,-2.34,27156.61,24204.41,-24204.41,26845.08,NaN
5/28/2026,1630,HSY,197.04,-0.39%,3.36,239.48,154.37,189.75,197.09,193.8,2,0.39,0.66,"1,359,430",-100136.48,1980826.22,1866474.86,-25.85,-7.81,0.7,1.16,239.61,180.18,-180.18,-180.17,43
5/28/2026,1630,HTZ,5.49,4.37%,0.4,8.44,3.775,5.68,5.64,5.46,5,0.12,0.34,"6,124,843",-200336.2,1.19E+07,1.06E+07,-54.46,19.35,-6.95,3.58,8.27,4.48,8.27,-5.04,48
5/28/2026,1630,HUBS,198.8,-0.96%,9.18,621.16,173.25,209.05,222.42,345.56,9,0.76,0.5,"2,043,313",100671.14,1685004.92,1672318.93,-30.46,-13.86,11.06,-1.57,297.58,173.1,-173.1,-173.1,47
5/28/2026,1630,HUM,308.7,0.79%,11.08,315.66,163.11,282.29,228.91,244.45,-10,-0.92,-0.56,"576,594",0,1797988.16,1744060.61,-51.08,82.57,1.26,0.24,313.06,163.47,316.05,316.05,42
5/28/2026,1630,HYG,80.23,0.12%,0.26,81.36,78.565,79.92,79.9,80.49,6,0.67,0.59,"31,952,468",100109.41,4.77E+07,5.28E+07,-28.63,1.92,0.4,0.4,81.62,79.42,-79.42,-79.06,NaN
5/28/2026,1630,HYLS,40.84,0.12%,0.12,42.4036,40.01,40.9,40.86,41.54,3,0.64,0.27,"92,201",-200000.37,299096.33,280502.14,-17.9,1.24,-0.24,0.29,42.24,40.41,42.24,-41.02,NaN
5/28/2026,1630,IAK,129.55,-1.27%,1.8,138.66,124.62,131.98,130.89,132.37,-4,-0.64,-0.41,"30,375",200024.47,46132.32,59337.14,-20.73,3.2,-0.42,-3.4,138.61,125.42,-125.42,136.06,NaN
5/28/2026,1630,IBB,172.24,1.39%,2.62,179.64,120.33,169.45,169.16,162.78,6,0.38,0.57,"1,278,641",0,1477135.09,1534284.17,-8.05,7.37,-0.24,2.04,177.3,160.45,177.3,-162.06,NaN
5/28/2026,1630,IBIT,41.56,-2.10%,1.43,71.82,35.3,44.49,42.42,51.34,-12,-0.71,-0.42,"42,483,853",0,4.20E+07,4.71E+07,33.31,11.12,-7.89,-3.26,47.12,37.62,47.12,47.12,NaN
5/28/2026,1630,IDX,10.82,0.09%,0.76,17.55,10.67,12.15,13.13,15.46,2,0,0.21,"44,753",-200200.03,71973.1,66990.83,-18.69,-19.49,-12.25,-1.99,16.62,11.04,16.62,-11.02,NaN
5/28/2026,1630,IDXX,568.03,3.09%,12.62,769.98,504.56,552.83,564.88,638.7,1,0.44,0.87,"725,829",100041.41,568141.76,561276.31,-4.36,1.74,7.44,1.55,661.62,523.1,-523.1,-523.1,45
5/28/2026,1630,IEF,94.54,0.23%,0.49,98.045,92.945,94.28,94.9,96.11,6,0.23,0.77,"5,938,257",200010.46,9179555.79,9701328.99,5.85,-0.06,0.23,0.7,98.62,93.06,-93.06,-93.06,NaN
5/28/2026,1630,IFF,78.03,1.34%,2.38,84.45,59.14,75.48,72.92,69.21,6,0.57,0.63,"2,014,585",100334.16,1755259.83,1777511.64,-36.75,9.89,0.71,3.65,84.15,65.48,84.15,84.15,46
5/28/2026,1630,IGLB,50.08,0.44%,0.4,52.5999,48.31,49.5,49.66,50.68,6,0.67,0.85,"797,103",-200112.53,1580077.3,1800004.57,-16.76,2.62,1.15,1.21,52.62,48.06,-48.06,-48.06,NaN
5/28/2026,1630,IGSB,52.48,0.10%,0.09,53.25,52.12,52.38,52.47,52.83,6,0.56,0.78,"1,845,918",100003.2,3577114.27,3704922.31,-54.94,0.32,0.19,0.31,53.62,52.06,-52.06,-52.06,NaN
5/28/2026,1630,IIGD,24.5,0.06%,0.08,25.08,24.3,24.52,24.58,24.78,6,0.4,0.57,"20,585",100000.11,5844.71,7315.74,8756.92,0.18,-0.26,0.32,25.62,24.06,-24.06,-24.06,NaN
5/28/2026,1630,IJT,164.375,-0.05%,2.28,165.61,126.55,161.83,155.51,146.85,6,0.69,0.45,"76,954",-100019.08,135463,126672.58,-36.54,16.45,2.42,1.51,165.15,139.41,-139.41,-157.06,NaN
5/28/2026,1630,ILMN,158.7,5.68%,4.42,158.79,78.79,142.58,132.99,121.94,2,0.98,0.83,"2,304,265",0,1539010.62,1631113.67,85.66,34.87,9.45,9.9,150.09,115.53,-115.53,-134.17,43
5/28/2026,1630,INDA,48.69,0.29%,0.59,56.01,45.2118,48.58,48.45,51.9,6,0.7,0.43,"7,266,083",0,7788781.42,8763818.71,48.34,6.26,1.48,0.62,52.62,45.41,-45.41,-47.06,NaN
5/28/2026,1630,INDY,42.73,0.26%,0.44,54.87,40.8201,42.83,43.11,48.58,6,0.71,0.61,"161,766",-100042.12,152424.97,157229.41,90.56,3.61,1.21,0.42,47.62,41.41,-41.41,-42.06,NaN
5/28/2026,1630,INFL,52.23,0.21%,0.44,55.17,40.94,52.98,52.66,47.67,-3,-0.03,-0.4,"113,459",-200125.03,298731.42,288362.69,-34.72,1.14,-2.34,-1.95,55.61,50.47,-50.47,54.11,NaN
5/28/2026,1630,INMD,14.05,1.74%,0.12,16.74,12.72,14,13.96,14.45,3,0.49,0.35,"721,112",-100126.05,915139.22,923824.54,-53.91,4.85,0.07,2.26,15.28,13.53,15.28,-13.15,43
5/28/2026,1630,INTC,120.89,-0.72%,5.85,132.75,18.965,114.15,81.06,48.7,-2,-0.67,-0.03,"96,799,784",501298.14,1.28E+08,1.18E+08,-21.11,180.29,0.5,0.88,133.12,41.41,133.12,133.12,39
5/28/2026,1630,INVH,29.38,-0.10%,0.43,34.25,24.25,28.81,27.09,27.73,-1,-0.84,-0.38,"4,976,246",0,5765769.4,6082325.69,-21.22,20.07,3.23,0.31,29.19,24.47,-24.47,-28.08,42
5/28/2026,1630,IONQ,70.14,7.25%,6.42,84.64,25.89,54.2,42.95,47.7,5,1,0.71,"31,654,211",300118.3,3.11E+07,3.00E+07,-26.17,154.96,26.93,10.21,59.11,26.41,-26.41,-45.16,47
5/28/2026,1630,IPO,55.76,3.59%,2.2,56.16,39.305,50.91,47.46,47.37,6,1,0.73,"90,087",100330.01,27759.58,26020.52,361.84,37.44,12.04,5.09,52.15,39.41,-39.41,-48.11,NaN
5/28/2026,1630,IRM,126.83,-0.14%,1.72,134.09,77.77,127.26,115.96,100.94,-1,-0.71,-0.24,"1,026,043",100839.2,1524476.12,1521016.78,-52.99,29.02,0.56,0.29,134.15,97.41,134.15,-122.06,47
5/28/2026,1630,IRT,16.44,-0.30%,0.22,18.74,14.6,16.44,15.85,16.55,-3,-0.9,-0.36,"3,605,025",0,2408240.92,2441157.71,2.72,11.38,0.92,-2.49,17.62,15.38,-15.38,17.02,42
5/28/2026,1630,ITA,235.57,2.21%,4.63,250.65,174.74,222.93,223.65,218.1,6,0.52,0.93,"1,107,005",-100228.54,933389.52,1187230.02,43.04,9.04,4.37,4.53,251.61,209.41,-209.41,-214.17,NaN
5/28/2026,1630,ITB,93.18,-0.42%,2.29,118,84.98,91.39,92.86,101.55,6,0.51,0.73,"1,744,820",100437.06,2317725.62,2375415.04,-12.81,4.81,4.73,2.43,108.62,85.06,-85.06,-85.06,NaN
5/28/2026,1630,ITW,249.64,-0.26%,1.79,303.155,238.82,252.13,260.17,260.74,8,0.12,0.58,"1,301,831",100329.2,1313228.53,1320056.68,-7.88,-3.63,-0.18,-1.02,292.61,244.06,-244.06,-244.06,42
5/28/2026,1630,IVOL,17.81,-0.20%,0.12,20.255,17.79,18.12,18.38,19.05,-1,0,-0.24,"208,125",-100135.36,329484.63,292290.74,27.92,-4.61,-1.6,-0.45,19.62,18.03,19.62,18.16,NaN
5/28/2026,1630,IWC,192.93,0.53%,4.55,193.24,118.01,184.97,175.12,161.38,6,0.87,0.53,"40,776",-200325.15,146826.08,130759.53,-89.62,23.18,3.35,3.3,190.12,153.41,-153.41,-174.06,NaN
5/28/2026,1630,IWF,127.12,1.12%,1.11,127.195,98.4725,123.49,116.71,116.25,3,0.91,0.28,"3,305,255",-100128.54,7195292.62,9890732.6,-42.56,23.18,2.26,1.7,126.09,102.41,-102.41,-119.17,NaN
5/28/2026,1630,IWM,292.03,0.57%,5.3,292.74,202.67,282.65,269.15,253.62,6,0.84,0.48,"23,617,973",100034.47,3.33E+07,3.75E+07,-16.69,20.13,3.31,2.42,288.14,239.41,-239.41,-271.06,NaN
5/28/2026,1630,IWN,215.36,0.25%,3.24,215.7,149,209.88,202.06,188.03,6,0.81,0.56,"701,401",100226.39,802636.69,795119.07,14.79,15.48,2.92,1.92,213.14,182.47,-182.47,-203.06,NaN
5/28/2026,1630,IWO,382.78,0.77%,8.09,383.95,266.77,368.18,347.05,330.96,6,0.85,0.46,"270,421",0,423423.37,455316.19,-1.96,24.53,3.66,2.8,376.14,300.41,-300.41,-349.06,NaN
5/28/2026,1630,J,118.96,2.64%,2.93,168.44,105.68,118.75,123.97,138.77,10,0.26,0.71,"1,302,028",100435.1,1152091.13,1074883.45,-29.43,-5.5,10.9,3.72,141.6,106.1,-106.1,-106.1,46
5/28/2026,1630,JACK,11.56,-1.87%,1.03,25.34,8.915,12.16,11.78,16.92,2,0.55,0.45,"899,621",100897.02,908279.39,892024.47,82.25,19.18,-9.62,0.09,17.62,9.4,-9.4,-10.08,47
5/28/2026,1630,JBHT,272.52,0.61%,11.37,274.04,130.12,252.87,236.11,193.29,3,0.9,0.69,"522,168",300441.09,943080.97,950141.58,-41.56,32.56,14.6,5.31,264.07,194.5,-194.5,-231.11,32
5/28/2026,1630,JBLU,5.38,-0.37%,0.3,6.5,3.84,4.9,4.85,4.91,6,0.65,0.73,"20,709,401",201190.45,2.91E+07,2.77E+07,-20.61,27.49,14.47,6.53,6.28,4.48,6.28,-4.05,41
5/28/2026,1630,JBSAY,14.44,0.00%,0.42,15.5,13.01,14.36,14.79,12.75,4,0.12,0.37,<empty>,-300000.03,264987.4,239337.09,-42.94,2.12,0.77,3.81,15.08,13.03,-13.03,-13.03,NaN
5/28/2026,1630,JETS,29.14,0.21%,1.24,31.33,21.0312,26.66,25.98,26.53,6,0.84,0.93,"3,741,021",-100157.56,4387255.01,5018900.02,-35.13,20.76,11.52,7.41,29.62,24.41,-24.41,-25.06,NaN
5/28/2026,1630,JNJ,230.8,-0.21%,3.73,251.71,149.04,227.77,232.75,211.61,-3,0.33,-0.83,"7,193,362",-100131.48,7651140.9,7729292.92,-1.05,-4.01,0.16,-1.51,252.61,220.12,-220.12,235.03,32
5/28/2026,1630,JNK,96.62,0.10%,0.32,98.24,94.485,96.25,96.17,96.98,6,0.7,0.59,"3,602,850",-100110.48,4520511.45,5581432.38,36.07,2.07,0.46,0.38,97.62,94.42,-94.42,-95.06,NaN
5/28/2026,1630,JOBY,12.3,7.14%,0.61,20.95,7.335,10.39,9.42,12.88,4,1,0.87,"38,448,662",200391.03,2.74E+07,2.72E+07,3.33,51.85,11.21,12.64,11.1,8.41,-8.41,-9.16,47
5/28/2026,1630,JOE,64.22,0.55%,0.66,73.54,43.539,64.31,65.6,60.39,6,0.31,0.69,"183,854",-200139.17,254216.71,249506.95,-33.84,4.56,1.07,0.64,74.59,60.42,-60.42,68.12,38
5/28/2026,1630,JOET,44.46,0.61%,0.54,44.5699,38.8005,43.31,42.14,42.28,6,0.93,0.54,"14,324",-100022.19,22490.77,22670.59,3.5,13.71,2.69,1.75,44.14,39.41,-39.41,-42.06,NaN
5/28/2026,1630,JPM,296.73,-0.85%,3.22,337.25,260.31,303.97,302.58,305.74,-2,-0.43,-0.44,"9,757,503",-100139.48,9007074.91,9371983.85,16.72,4.91,-1.17,-3.15,320.26,279.53,320.26,-294.05,31
5/28/2026,1630,JPXN,99.66,0.42%,0.97,101.215,76.19,98.38,95.24,90.45,3,0.59,0.55,"16,134",100200.57,20393.53,46351.14,9.88,12.87,-1.16,1.19,101.1,88.47,101.1,101.1,NaN
5/28/2026,1630,JYNT,9.16,-1.51%,0.33,13.4692,7.5,8.76,8.74,9.07,-1,0.54,-0.78,"55,752",200000.12,66852.34,68840.2,62.78,9.7,10.36,2.35,9.52,8.47,-8.47,-8.09,48
5/28/2026,1630,K,83.44,0.00%,0.18,83.65,76.48,83.36,83.14,81.46,4,0.56,0.31,<empty>,-100010.01,3364959.52,3435920.58,1730.15,0.7,-0.06,0.36,84.1,76.54,84.1,-83.07,38
5/28/2026,1630,KBA,34.37,0.79%,0.6,35.309,23.44,33.88,32.29,30.62,3,0.6,0.26,"33,360",100022.06,86369.69,91205.62,-66.32,16.51,-2.47,3.56,35.1,29.45,35.1,-33.04,NaN
5/28/2026,1630,KBWP,116.4951,-1.25%,1.77,129,114.62,118.97,119.85,121.97,-4,-0.38,-0.46,"7,481",0,12789.84,12933.74,6.46,0.12,-0.09,-3.43,128.61,116.1,-116.1,123.06,NaN
5/28/2026,1630,KCE,151.14,-0.28%,1.15,162.25,132.305,152.04,146.87,149.45,-2,-0.64,-0.3,"8,602",100125.51,15365.69,18633.44,-47.67,13.96,-1,-0.67,156.26,132.42,156.26,-149.05,NaN
5/28/2026,1630,KDP,30.04,-0.20%,0.44,35.935,24.875,29.1,27.64,28.08,4,0.91,0.53,"9,144,999",-100326.23,1.11E+07,1.09E+07,-3.07,14.53,2.49,3.16,31.62,25.37,-25.37,-28.14,38
5/28/2026,1630,KEMX,51.53,1.02%,1.34,51.725,29.92,48.73,45.27,39.5,5,0.86,0.61,"13,500",100338.49,23547.67,24725.91,84.21,31.09,4.78,5.85,50.12,39.41,-39.41,-46.06,NaN
5/28/2026,1630,KHC,24.47,0.37%,0.44,29.19,21.035,23.35,22.69,24.42,4,1,0.79,"10,350,274",-100032.16,1.47E+07,1.52E+07,-48.01,11.03,5.57,2.86,25.62,21.45,-21.45,-22.16,42
5/28/2026,1630,KLAC,1927.63,-1.51%,71.18,2060.08,740.44,1826.42,1723.43,1344.13,-1,0.58,-0.66,"885,418",100451.2,979525.89,991548.96,-28.69,33.57,4.21,2.08,1939.23,1321.56,-1321.56,-1677.17,43
5/28/2026,1630,KMX,43.9,3.88%,2.14,71.99,30.26,38.89,40.47,44.31,6,0.44,0.88,"2,740,654",-100648.32,3263710.76,3231638.7,11.24,7.44,18.42,8.85,49.32,35.05,-35.05,-35.05,14
5/28/2026,1630,KNX,75.02,1.13%,4.77,75.66,38.625,66.71,62.75,52.82,3,1,0.99,"5,498,377",301342.1,3747812.6,3634938.89,39.54,35.05,25.51,6.99,70.07,52.5,-52.5,-59.11,38
5/28/2026,1630,KO,80.41,-1.48%,1.01,82.6635,65.3538,80.01,77.64,72.92,-6,-0.62,-0.46,"14,677,034",-200122.22,1.45E+07,1.51E+07,-11.22,6.21,0.19,-1.31,83.06,74.44,83.06,83.06,36
5/28/2026,1630,KR,63.66,-1.59%,1.85,76.58,58.6,66.58,68.69,67.01,-5,-0.13,-0.4,"6,894,082",-100130.48,5563250.87,6006929.91,40.72,-13.06,-3.89,-5.34,77.53,64.11,77.53,72.06,15
5/28/2026,1630,KRE,69.55,-0.04%,1.03,74.08,55.55,69.02,67.92,65.74,8,0.58,0.53,"14,162,600",0,1.48E+07,1.69E+07,23.12,9.75,3.59,0.26,71.28,62.48,71.28,-66.08,NaN
5/28/2026,1630,KSA,38.71,-0.08%,0.21,41.5,35.81,38.65,38.93,38.53,8,0.42,0.55,"572,305",0,559231.85,730062.66,30.02,2.11,0.31,0.18,41.28,36.6,41.28,-38.07,NaN
5/28/2026,1630,KSS,15.59,20.57%,1.07,25.22,7.82,13.27,13.48,16.58,8,0.4,0.67,"16,805,738",100169.01,4903165.96,5342894.66,326.92,25.12,29.06,19.37,17.62,11.05,-11.05,-11.05,0
5/28/2026,1630,KVUE,17.64,-0.28%,0.2,23.9,14.02,17.4,17.4,17.53,6,0.42,0.83,"12,171,324",0,1.92E+07,2.10E+07,-54.98,0.68,2.62,0.63,19.62,17.36,-17.36,-17.08,48
5/28/2026,1630,KW,11.03,0.18%,0.02,11.085,6.215,10.99,10.93,9.71,1,0.06,0.33,"769,931",100015.06,1017986.13,1178083.84,-49.81,0.91,0.55,0.36,11.14,11.4,11.14,11.14,47
5/28/2026,1630,KWEB,26.66,-1.41%,1.13,43.365,26.23,28.51,28.66,34.93,-10,-0.54,-0.04,"17,017,577",100232.04,2.80E+07,2.77E+07,-56,-4.48,-12.85,-0.93,31.55,26.03,31.55,31.1,NaN
5/28/2026,1630,LAMR,152.12,0.03%,3.35,158.6899,113.66,147.93,137.62,129.91,-2,-0.92,-0.42,"364,563",-200125.11,641770.62,625681.3,-74.6,22.91,3.75,-0.64,159.13,122.4,159.13,159.13,49
5/28/2026,1630,LCID,6.46,3.19%,0.27,33.7,5.55,6.13,7.56,13.32,5,0.72,0.74,"15,815,511",-701021.25,1.58E+07,1.37E+07,-1.16,-31.28,1.1,10.62,11.55,6.04,-6.04,-6.04,46
5/28/2026,1630,LEVI,23.72,1.45%,0.9,24.82,16.5,22.08,21.26,21.41,6,0.65,0.59,"1,965,915",-100438.36,2992813.11,2856716.4,-40.66,29.9,11,7.72,24.26,18.47,-18.47,-20.05,18
5/28/2026,1630,LFMD,4.59,0.44%,0.18,15.84,2.56,4.54,4.21,4.57,4,0.64,0.27,"1,020,314",402616.28,1079839.28,1227561.38,-55.83,23.39,1.1,9.55,5.15,3.61,5.15,-4.04,47
5/28/2026,1630,LFST,7.81,2.63%,0.18,8.89,3.74,7.7,7.07,6.44,3,0.63,0.2,"2,219,154",-100411.14,4263390.93,4110712.48,-83.92,23.58,-3.58,5.68,9.14,6.52,9.14,9.14,48
5/28/2026,1630,LH,262.75,1.74%,2.96,293.72,241.81,256.25,262.75,268.41,8,0.28,0.77,"714,307",-200330.2,641964.3,616175.48,-4.24,-0.55,3.27,1.08,291.62,249.16,-249.16,-249.16,38
5/28/2026,1630,LI,15.54,-1.52%,1.49,32.025,15.03,17.41,17.82,19.54,3,-0.24,0.04,"9,023,119",100349.01,3765963.77,3751049.74,403.06,-11,-22.38,-2.2,20.1,15.03,20.1,20.1,0
5/28/2026,1630,LII,497.02,-1.22%,12.57,689.44,434.06,509.24,491.77,515.18,4,-0.55,0.39,"473,272",100142.2,463238.75,459832.46,-4.27,13.51,-2.07,2.55,574.62,434.42,-434.42,-475.04,42
5/28/2026,1630,LIN,501.98,-1.16%,6.14,521.28,387.78,505.58,500.74,465.18,-3,-0.5,-0.48,"2,266,453",-100127.48,2163712.63,2284160.13,16.95,2.21,-2.2,-3.01,521.18,471.54,521.18,521.03,44
5/28/2026,1630,LIT,87.5,2.30%,2.87,91.98,35.62,87.13,81.05,66.96,5,0.38,0.36,"308,534",300136.12,414002.41,391895,-60.12,21.68,-2.32,2.6,92.12,67.47,92.12,-81.06,NaN
5/28/2026,1630,LLY,1126.8,4.05%,46.19,1149.1,623.78,1007.95,950.73,935.12,5,0.95,0.98,"4,600,464",200438.2,3171182.66,3094143.5,31.64,28.3,10.93,5.8,1056.61,851.2,-851.2,-943.12,47
5/28/2026,1630,LMND,58.04,2.49%,1.87,99.9,31.6002,55.38,60.13,64,8,0.58,0.67,"1,068,362",100781.51,1682522.84,1834212.72,-37.36,-4.38,9.78,2.69,73.28,49.6,73.28,-51.08,46
5/28/2026,1630,LMT,537.21,1.14%,8.3,692,410.11,520.77,566.42,532.45,1,0.36,0.87,"1,137,544",-100135.48,1468574.23,1537415.29,-44.68,-12.77,3.32,0.74,692.61,500.15,-500.15,-500.15,36
5/28/2026,1630,LNG,229.57,-0.61%,5.14,300.89,186.2001,247.85,262.4,230.19,-3,0,-0.44,"1,353,505",-100147.48,3058041.54,3138512.28,-73.01,-22.68,-4.1,-4.68,301.41,231.62,301.41,275.17,48
5/28/2026,1630,LOGI,111.76,1.68%,3.63,123.01,81.98,105.21,98.5,102.63,1,1,0.82,"985,078",100237.16,1043803.46,1039984.42,-28.94,24.12,7.47,-0.77,110.12,87.47,-87.47,113.03,46
5/28/2026,1630,LOTMY,29.3732,-0.40%,0.83,33.1,21.65,30.15,30.09,26.71,3,-0.15,0.21,"11,889",-100100.26,19396.42,20197.39,34.67,3.46,-4.71,0.58,33.28,24.61,33.28,33.14,NaN
5/28/2026,1630,LOW,217.92,0.50%,4.42,293.06,208,223.22,233,248.64,2,0.23,0.5,"2,126,947",100333.06,2761858.47,2735411.02,-2.22,-5.38,-1.15,1.34,266.62,208.05,-208.05,-208.05,56
5/28/2026,1630,LQD,109.26,0.30%,0.59,112.93,106.69,108.51,108.87,110.39,6,0.59,0.83,"24,176,801",-400009.52,3.34E+07,3.86E+07,-0.03,1.52,0.59,0.82,112.62,107.06,-107.06,-107.06,NaN
5/28/2026,1630,LRCX,318,-0.29%,14.25,333.33,79.49,290.1,261.84,191.81,-1,0.93,-0.66,"8,381,758",-100371.48,9661854.09,9869826.32,-13.63,50.42,7.64,4.14,302.09,194.56,-194.56,-255.17,42
5/28/2026,1630,LUV,43.31,-0.85%,1.78,55.11,28.975,40.1,39.68,38.51,6,0.53,0.8,"8,304,040",0,7487265.71,8227307.72,11,15.93,9.9,6,51.62,36.38,-36.38,-37.06,38
5/28/2026,1630,LUXE,6.94,1.17%,0.55,11.38,6.54,7.94,8.23,8.66,6,0,0.16,"237,377",-100680.07,253961.85,250739.05,79.6,-11.37,-11.7,-0.57,10.61,7.06,-7.06,-7.06,82
5/28/2026,1630,LVS,51.11,0.10%,1.06,70.4545,40.035,51.5,53.26,57.11,5,0.25,0.66,"3,292,770",100139.25,4310033.09,4241257.44,-48.98,-1.12,-0.41,3.4,58.28,48.04,-48.04,-48.04,38
5/28/2026,1630,LW,43.53,1.78%,1,67.07,37.62,42.66,42.4,50.76,2,0.82,0.69,"1,636,551",-100266.48,2776158.61,2778204.33,32.31,4.64,4.79,-0.53,48.62,38.38,-38.38,-40.05,37
5/28/2026,1630,LYB,68.35,1.00%,2.35,83.94,41.58,72.67,73.79,56.56,1,0,0.35,"3,919,003",-100261.48,6887016.94,7724777.11,-53.95,-15.04,-7.31,-1.97,84.4,55.6,84.4,78.16,44
5/28/2026,1630,LYFT,13.82,0.88%,0.37,25.54,12.46,13.76,13.75,17.37,8,0.75,0.62,"10,387,738",100262.48,1.57E+07,1.60E+07,-54.7,7.47,1.02,-0.58,15.28,12.41,15.28,-13.08,47
5/28/2026,1630,LYV,167.03,0.28%,2.1,175.25,125.34,164.52,159.29,153.33,-9,-0.75,-0.44,"1,683,792",100434.16,2782788.67,2923421.86,-62.35,14.63,-0.85,0.89,173.09,144.42,173.09,173.09,48
5/28/2026,1630,M,22.45,6.65%,1.33,24.41,10.54,19.63,19.14,19.33,9,0.77,1,"8,430,418",-100154.48,6159785.92,6793500.08,57.73,25.14,21.81,8.66,21.26,17.48,-17.48,-18.08,4
5/28/2026,1630,MA,493.75,-0.26%,4.06,601.77,480.5,497.22,501.22,542.28,-3,-0.46,-0.6,"3,924,004",-200025.2,3488979.27,3489531.16,-20.95,1.96,0.63,-0.96,534.2,481.42,534.2,513.06,43
5/28/2026,1630,MAC,22.83,0.62%,0.36,22.925,15.48,22.01,20.99,18.85,3,0.63,0.44,"1,767,561",100129.1,2777627.54,2565009.67,-67.29,24.55,3.91,2.98,23.28,18.56,-18.56,-21.17,50
5/28/2026,1630,MAR,385.76,-0.03%,12.06,388.37,253.555,360.79,352,310.08,11,0.68,0.8,"1,974,123",-100138.48,1450702.25,1470887.25,63.27,21.48,10.16,4.5,380.26,311.56,-311.56,-345.17,46
5/28/2026,1630,MARA,14.07,-1.81%,0.68,23.45,6.66,12.93,11.04,12.68,-1,0.98,-0.57,"37,548,636",200905.2,4.52E+07,4.69E+07,-6.48,75.44,10.35,1.88,14.12,8.4,-8.4,15.02,41
5/28/2026,1630,MCD,277.97,-1.05%,3.14,341.75,271.975,280.88,295.62,307.58,-1,0.27,-0.87,"4,115,613",-400022.13,3670264.25,3529677.66,-37.77,-9.13,0.82,-1.52,342.61,272.12,-272.12,-272.12,48
5/28/2026,1630,MCHP,96.04,-0.84%,2.57,105.91,48.52,96.13,82.04,70.44,4,-0.59,0.19,"7,695,363",100152.13,1.02E+07,9909734.94,-51.48,54.9,-0.69,2.79,106.13,59.41,106.13,-89.04,48
5/28/2026,1630,MCK,756.98,0.07%,13.95,999,637,763.52,822.98,817.81,1,0.24,0.6,"1,449,972",-200027.04,1060076.61,984911.81,-28.25,-12,2.69,-1.19,999.6,724.12,-724.12,-724.12,47
5/28/2026,1630,MCO,450.45,-0.25%,7.5,546.88,402.28,447.43,445.16,477.89,8,0.69,0.69,"1,003,800",0,1069204.34,1181186.19,-2.87,6.03,2.77,0.3,484.62,422.53,-422.53,-426.08,38
5/28/2026,1630,MCW,7.1,0.00%,0.03,7.255,4.61,7.06,7.01,5.98,5,0.2,0.41,<empty>,-100000.01,3447986.43,3995428.99,1943.95,2.01,1,0.28,7.11,7.62,7.11,7.11,55
5/28/2026,1630,MDB,325.68,10.60%,13.32,444.72,182.43,299.52,271.08,323.84,1,0.84,0.49,"9,324,888",100196.01,1811785.68,2088604.51,157.99,38.29,7.49,-0.14,349.06,216.33,349.06,349.06,0
5/28/2026,1630,MDLZ,62.39,0.22%,0.47,71.15,51.2008,61.51,59.17,58.93,2,0.72,0.54,"6,751,081",-100031.48,8395098.02,8873420.52,23.59,7.07,1.41,1.02,63.06,54.53,63.06,63.06,41
5/28/2026,1630,MELI,1695.53,-0.04%,50.02,2645.22,1495,1684.17,1725.07,2029.7,8,0.46,0.68,"565,144",-200541.13,538389.46,565190.63,-30.63,6,8.55,1.87,1903.26,1495.1,-1495.1,-1495.1,47
5/28/2026,1630,META,635.29,0.01%,10.56,796.25,520.26,612.29,618.2,667.36,6,0.56,0.52,"16,725,375",-100136.2,1.65E+07,1.56E+07,35.9,20.84,3.03,4.1,692.28,520.42,692.28,-593.11,42
5/28/2026,1630,MGM,42.93,2.34%,1.93,43.2,29.185,38.16,37.9,35.74,6,0.67,1,"6,406,830",100441.02,4710756.39,4816901.98,30.8,18.2,14.76,11.8,41.22,33.56,-33.56,-35.05,42
5/28/2026,1630,MGPI,18.46,0.98%,0.45,33.378,16.45,18.64,18.82,23.31,6,0.67,0.68,"153,792",0,227552.93,267449.75,-11.38,-0.75,1.99,2.27,21.28,16.47,21.28,-18.05,43
5/28/2026,1630,MICC,16.38,0.31%,0.64,19.93,12.94,15.45,14.73,NaN,-1,NaN,NaN,"772,473",-100267.09,1606766.93,1545879.89,-31.66,11.96,10.98,2.06,17.08,13.2,17.08,17.08,NaN
5/28/2026,1630,MKOR,66.52,2.56%,2.6,66.56,23.78,61.73,53.94,40.21,5,0.76,0.56,"11,005",-100200.12,25079.22,30706.71,-61.86,55.82,5.12,7.81,65.12,41.41,-41.41,67.02,NaN
5/28/2026,1630,MLCO,5.54,0.18%,0.07,10.15,5.185,5.47,5.59,7.31,3,0.75,0.71,"1,172,449",100254.05,1783066.5,1879715.75,-23.01,-1.42,1.65,2.97,6.6,5.03,6.6,-5.03,43
5/28/2026,1630,MLM,575.14,0.13%,18.88,710.97,525.38,577.12,592.03,620.42,6,0.32,0.58,"369,296",-200133.48,496639.41,521086.78,-27.39,0.74,-0.29,7.21,680.62,525.06,-525.06,-525.06,48
5/28/2026,1630,MNDY,77.49,1.40%,3.55,316.98,57.5,74.69,70.53,130.45,-3,1,-0.63,"1,304,577",-101070.13,1719861.34,1721021.01,-10.62,16.58,14.46,-1.98,88.12,58.33,88.12,-66.09,50
5/28/2026,1630,MNSO,12.57,0.80%,0.72,26.74,12.3,14.12,15.18,19.34,-9,-0.01,-0.35,"929,059",200247.01,458406.5,489045.48,179.98,-20.89,-15.52,-7.1,18.62,13.03,18.62,15.1,57
5/28/2026,1630,MNST,87.99,-1.40%,1,89.85,58.09,83.77,78.32,74.11,-1,-0.98,-0.59,"4,739,088",100227.14,5117206.13,5497830.59,-28.48,22.5,2.4,1.38,89.13,71.4,-71.4,-75.17,48
5/28/2026,1630,MO,71.97,-0.19%,1.85,74.56,54.7,72.07,68.3,64.32,-6,-0.73,-0.29,"8,654,643",-200227.2,9541731.64,9382898.84,-0.45,8.26,0.6,-2.61,75.18,63.44,75.18,74.06,43
5/28/2026,1630,MOH,178.02,0.08%,4.48,311.525,121.06,186.99,164.62,166.41,1,-0.61,0.43,"881,447",-100059.48,1471424.05,1464136.45,19.3,32.82,-7.27,-3.32,201.14,131.41,201.14,-173.02,38
5/28/2026,1630,MOO,80.3,-0.19%,0.79,86.5583,69.32,81.92,82.84,77.67,3,0,0.48,"212,948",-100103.14,435768.23,450858.62,-64.57,-2.84,-2.49,0.04,87.34,80.04,-80.04,-80.04,NaN
5/28/2026,1630,MOVE:GIF,69.7379,-1.63%,6.05,115.0172,55.7659,74.8,79.32,73.54,-6,-0.32,-0.59,<empty>,NaN,NaN,NaN,NaN,-37.7,-0.71,-11.08,115.43,64.62,115.43,86.07,NaN
5/28/2026,1630,MP,66.83,2.48%,4.16,100.2505,19.6,64.39,59.58,62.96,5,0.59,0.51,"5,256,050",100670.05,6309528.3,6158534.64,-39.37,29.02,4.86,3.68,77.13,44.41,77.13,-54.05,48
5/28/2026,1630,MPC,251.33,1.73%,5.04,264.142224,155.93,251.41,240.01,200.63,-6,-0.62,-0.36,"2,826,041",-100243.48,2465221.78,2613894.99,14.97,-0.23,0.9,-1.3,263.06,190.62,264.05,264.05,46
5/28/2026,1630,MPLX,55.49,-0.39%,0.75,59.98,47.8,55.57,56.09,53.93,-2,-0.37,-0.73,"1,696,111",300224.1,2171218.67,1997859.53,-17.02,-4.54,1.24,-1.74,60.45,53.12,-53.12,-53.12,46
5/28/2026,1630,MPNGY,18.87,-4.94%,1.03,37.88,18.53,21.13,21.26,24.28,-5,-0.53,-0.08,"318,438",100100.45,272545.2,331132.92,110.28,-12.68,-19.53,-6.58,24.1,19.58,24.1,24.1,2
5/28/2026,1630,MRNA,47.57,-0.08%,2.57,59.55,22.28,48.55,50.27,37.37,3,0.08,0.35,"4,726,553",-100993.13,6699744.18,7399189.29,-44.37,-4.02,-5.65,1.47,60.59,44.18,-44.18,59.12,44
5/28/2026,1630,MRVL,204.83,3.09%,13.53,218.2599,58.61,178.42,144.33,97.81,1,0.91,0.53,"52,499,831",-101001.02,2.73E+07,2.68E+07,121.67,115.88,15.11,4.33,192.09,75.58,-75.58,-158.11,63
5/28/2026,1630,MSFT,426.99,3.47%,6.01,555.45,356.28,415.47,401.66,458.86,1,0.76,0.44,"47,139,953",-100131.2,3.41E+07,3.39E+07,34.91,19.68,5.37,2.01,434.25,356.41,434.25,433.06,42
5/28/2026,1630,MSGS,369.96,0.99%,10.54,374.928,186,347.77,334.01,267.56,3,0.61,0.67,"219,906",100235.41,237078.2,236094.01,-28.49,18.9,6.25,4.55,360.07,304.48,-304.48,-321.13,52
5/28/2026,1630,MSM,109.78,2.13%,1.63,110.5,78.8,105.42,98.46,91,1,0.86,0.39,"836,862",100333.23,672593.13,667340.72,31.18,21.57,2.83,3.08,109.09,85.47,-85.47,-101.16,23
5/28/2026,1630,MSTR,151.64,-1.66%,13.23,457.22,104.165,173.9,155.41,208.88,-12,-0.63,0,"16,235,699",100889.29,1.75E+07,1.82E+07,2,20.32,-14.82,-5.16,197.12,116.38,197.12,197.12,43
5/28/2026,1630,MTCH,36.36,0.72%,0.41,39.2,28.81,36.41,34.43,33.64,6,0.37,0.31,"2,160,261",-100143.48,5013806.98,4896797.21,-70.36,22.26,0.8,1.56,39.18,30.42,39.18,-35.05,46
5/28/2026,1630,MTDR,53.83,2.57%,2.68,66.8387,37.14,58.23,59.59,48.92,-6,0,-0.25,"1,831,651",-100747.05,1792539.08,1880762.55,-35.82,-17.75,-6.07,-4.96,67.41,50.62,67.41,64.17,41
5/28/2026,1630,MTUM,314.65,0.42%,6.58,317.25,228.53,299.72,274.98,257.22,5,0.87,0.37,"6,632,726",200031.01,1052410.92,1011720.2,397.09,33.46,3.03,3.64,308.09,229.41,-229.41,-283.17,NaN
5/28/2026,1630,MU,923.52,-0.53%,75.9,956.16,92.22,728.77,547.37,334.52,3,1,0.66,"49,328,728",101004.03,5.06E+07,4.71E+07,3.79,158.53,14.92,22.97,819.12,311.4,-311.4,-558.17,18
5/28/2026,1630,MUR,36.19,1.51%,1.53,43.34,20.78,38.94,39.25,32.24,-6,0,-0.14,"1,302,696",200158.48,2119975.09,2338006.42,-53.51,-14.08,-5.9,-4.76,43.36,32.62,43.36,42.16,47
5/28/2026,1630,MUSA,511.57,-0.87%,23.39,609.8206,345.2301,566.77,526.31,428.5,-16,-0.27,0,"323,878",101137.2,342265.06,352599.63,45.85,1.05,-13.09,-5.74,610.15,379.62,610.15,610.15,42
5/28/2026,1630,MZTI,114.22,-0.62%,0.91,190.96,110.31,115.87,128.9,158.68,12,0.33,0.93,"322,962",-200425.18,369126.44,339478.52,-8.78,-16.71,-0.03,-0.68,170.59,110.04,-110.04,-110.04,57
5/28/2026,1630,N225:JP,64693.12,0.00%,1697.09,66428.81,37320.72,62155.22,58191.43,51645.96,-1,0.93,-0.59,<empty>,NaN,NaN,NaN,NaN,20.69,3.25,-0.62,63799.1,50559.39,-50559.39,-58928.17,NaN
5/28/2026,1630,NBIS,226.34,8.62%,15.43,233.7299,34.72,194.12,156.75,111.81,1,0.92,0.4,"25,957,340",200312.11,1.72E+07,1.74E+07,35.17,124.5,9.2,5.39,234.09,84.6,234.09,234.09,48
5/28/2026,1630,NBIX,156.39,0.36%,2.59,162.39,121.4224,150.65,138.36,139.33,-10,-0.86,-0.26,"1,068,308",-200137.16,1180192.19,1135110.95,-40.32,21.87,-3.06,-0.2,162.09,125.45,162.09,162.09,42
5/28/2026,1630,NCLH,18.28,0.72%,0.96,27.1799,14.5301,16.78,18.36,21.43,6,0.34,0.78,"26,075,271",-100260.18,2.28E+07,2.36E+07,3.08,-1.14,13.82,12.15,25.62,15.06,-15.06,-15.06,43
5/28/2026,1630,NEE,87.25,-0.46%,3.06,98.75,66.77,92.5,92.53,84.96,2,0,0.06,"12,968,119",100127.07,1.02E+07,1.04E+07,33.94,-4.54,-8.01,-1.47,99.18,87.07,-87.07,-87.07,37
5/28/2026,1630,NEM,108.23,0.93%,5.17,134.88,51.8,111.61,110.78,100.02,1,-0.33,0.42,"7,783,991",-100458.48,8980954.27,9152871.89,-2.24,6,-9.02,0.55,132.61,94.47,-94.47,121.12,39
5/28/2026,1630,NET,228.11,9.03%,11.05,260,158.83,213.26,208.52,204.29,1,0.53,0.6,"4,569,222",-301070.14,4493043.92,4265810.8,-49,12.36,18.42,5.52,259.14,164.33,259.14,-186.1,43
5/28/2026,1630,NFLX,86.36,-1.13%,1.13,134.115,75.01,88.48,93.21,101.38,-3,-0.36,-0.38,"38,688,258",100132.29,3.83E+07,4.27E+07,26.32,-7.57,-1.37,-2.53,109.29,85.12,-85.12,-85.12,34
5/28/2026,1630,NIKL,15.59,2.70%,1,21.855,10.75,16.41,16.47,15.77,5,0.19,0.39,"134,219",0,162997.72,179178.86,-27.17,1.96,-9.42,0.32,20.62,14.47,-14.47,-15.06,NaN
5/28/2026,1630,NKE,47.37,3.02%,1.61,80.165,41.35,43.74,45.86,61.2,8,0.85,1,"22,828,889",100140.39,2.35E+07,2.19E+07,32.9,-7.79,11.88,6.04,63.62,41.07,-41.07,-41.07,19
5/28/2026,1630,NLR,133.31,0.60%,5.53,168.1199,95.4101,136.85,137.32,136.91,6,0.13,0.49,"313,760",-200239.12,452292.74,457806.87,-62.67,2.44,-2.27,1.88,154.61,124.06,-124.06,-124.06,NaN
5/28/2026,1630,NNN,44.85,0.02%,0.49,46.03,38.9,44.46,43.84,42.49,-2,-0.57,-0.66,"1,297,481",200124.08,1719401.27,1647086.41,-25.58,6.94,2.02,-0.33,46.61,42.41,-42.41,45.05,47
5/28/2026,1630,NOAH,10.38,2.77%,0.24,12.84,9.53,10.48,10.42,11.11,2,0.47,0.42,"148,319",100260.43,111046.56,114026.34,518.39,2.77,-2.54,3.7,12.62,10.43,-10.43,-10.02,62
5/28/2026,1630,NORW,38.42,0.34%,0.41,39.39,27.84,38.62,38.03,32.66,-4,-0.28,-0.27,"166,668",-100100.23,167716.54,179535.09,125.12,6.43,-0.26,-1.23,39.06,35.6,39.04,39.04,NaN
5/28/2026,1630,NOW,108.73,6.47%,6.43,211.47798,81.24,95.58,97.43,141.71,1,1,0.68,"38,572,811",-100867.07,2.58E+07,2.43E+07,37.95,9.38,24.91,6.46,127.56,81.33,-81.33,111.06,38
5/28/2026,1630,NSA,43.42,0.98%,0.78,44.015,27.43,42.63,41.23,33.71,6,0.39,0.42,"629,627",-100336.51,1120680.67,1618883.95,-27.83,17.13,2,1.66,44.26,30.53,44.26,-41.06,45
5/28/2026,1630,NSC,307.88,-5.47%,4.7,326,241.82,314.86,303.17,294.24,-1,-0.68,-0.45,"3,300,743",-100426.01,1312279.85,1313561.74,282.8,8.7,-0.87,-2.11,323.23,278.47,-278.47,326.01,42
5/28/2026,1630,NSP,34.05,3.34%,1.34,65.58,18.57,31.24,29.57,37.91,9,0.78,0.67,"986,772",-100190.48,911702.87,979743.76,-0.53,28.54,16.65,6.11,38.2,19.54,38.2,-28.15,43
5/28/2026,1630,NSSC,36.77,1.69%,1.45,48.12,26.44,39.07,41.28,41.24,8,0.06,0.49,"345,492",200150.54,417285.18,579313.7,-40.87,-4.02,-2.96,-1.71,47.18,35.06,-35.06,-35.06,59
5/28/2026,1630,NTLA,13.68,1.79%,0.79,28.25,6.83,13.33,13.56,13.26,5,0.5,0.38,"4,524,496",200389.21,5906673.47,5652327.87,11.89,10.59,-4.2,8.57,17.24,12.41,17.24,-12.05,48
5/28/2026,1630,NTR,69.65,1.34%,1.08,85.3599,53.03,71.69,73.19,65.13,1,0,0.39,"2,010,891",-100045.42,3192166.29,3625035.11,-68.77,-7.93,-2.3,-0.68,85.52,68.13,85.52,78.16,47
5/28/2026,1630,NUE,249.3,1.15%,7.72,250.37,106.211,231,203.32,168.86,5,0.77,0.46,"1,520,791",100237.22,1486912.86,1468484.51,-13.93,52.6,7.3,7.46,235.1,155.48,-155.48,-219.06,41
5/28/2026,1630,NVDA,214.25,0.78%,5.89,236.54,132.92,214.88,198.73,187.51,-9,-0.65,0,"143,405,136",0,1.60E+08,1.70E+08,-14.8,27.9,-5.13,-0.5,237.09,164.41,237.09,237.09,62
5/28/2026,1630,NVO,45.51,2.15%,0.98,81.44,35.12,45.06,40.95,48.99,1,-0.72,0.63,"14,619,015",0,1.67E+07,1.76E+07,-13.56,26.28,-3.33,1.22,48.12,35.41,48.12,-44.04,47
5/28/2026,1630,NXPI,330.28,0.32%,14.7,339.95,183,302.45,247.05,228.09,4,0.91,0.38,"3,214,954",-100048.14,3508974.16,3351692.63,-35.15,72.33,10.68,4.36,307.12,185.41,-185.41,-285.08,41
5/28/2026,1630,NYT,75,0.27%,1.51,87.1,51.03,76.95,79.88,69.05,5,0.02,0.49,"2,191,889",100131.16,2105306.51,2141665.18,-14.18,-9.41,-2.6,0.05,87.36,73.04,-73.04,-73.04,47
5/28/2026,1630,O,61.69,-0.80%,0.37,67.935,55.52,62.45,62.56,60.55,-1,-0.26,-0.6,"5,666,566",-100321.15,5530302.68,5835786.81,-58.1,1.65,0.28,-0.53,68.62,60.44,-60.44,-61.08,45
5/28/2026,1630,OC,124.24,1.63%,4.35,159.42,97.53,118.97,115.78,123.75,6,0.58,0.64,"798,471",-100349.48,1233147.23,1354558.57,-44.49,18.82,4.79,5.81,131.15,99.47,131.15,-106.06,47
5/28/2026,1630,OIH,420.68,-1.14%,10.4,459.28,215.1,438.53,421.2,330.8,-5,-0.28,-0.14,"304,604",0,437827.74,469401.08,-56.04,1.08,-3.83,-5.24,456.06,366.56,459.05,459.05,NaN
5/28/2026,1630,OKE,87.02,-1.35%,2.89,96.0661,64.02,90.1,88.85,78.34,-6,-0.37,-0.33,"3,679,892",-100038.48,4674903.78,4671172.32,-37.22,-7.39,-1.99,-7.46,96.06,81.28,96.05,96.05,45
5/28/2026,1630,OKLO,68.09,0.40%,5.68,193.84,44.88,68.37,62.07,85.86,6,0.67,0.37,"12,183,735",101312.16,1.30E+07,1.19E+07,-16.76,35.56,-2.25,3.35,82.23,45.41,82.23,-54.06,50
5/28/2026,1630,OKTA,94.72,5.83%,5.18,107.84,62.66,83.55,78.62,84.98,1,1,0.92,"8,874,486",100380.01,3681713.44,3754421.1,140.12,29.35,21.13,2.69,90.06,63.33,-63.33,-76.15,0
5/28/2026,1630,OLLI,82.54,5.00%,2.8,141.74,73.315,80.81,88.08,112.02,1,0.51,0.81,"2,165,804",100056.05,1541190.32,1533765.41,105.21,-7.51,11.21,0.86,112.53,73.1,-73.1,-73.1,4
5/28/2026,1630,OMF,54.06,-0.41%,0.83,71.93,45.7811,54.47,55.16,59.23,10,0.4,0.57,"923,014",-100648.52,1217488.3,1379491.95,-29.47,4.87,3.09,1.08,60.26,46.51,60.26,-52.1,38
5/28/2026,1630,ON,123.77,-0.90%,7.49,129.13,41.49,110.19,87.77,63.23,4,0.95,0.45,"8,369,387",100673.11,1.09E+07,1.02E+07,-56.49,112.12,6.97,6.51,119.09,55.56,-55.56,129.02,45
5/28/2026,1630,ONEW,11.35,1.79%,0.52,17.92,8.12,10.82,10.25,12.82,5,0.68,0.41,"50,615",300036.15,128791.54,138605.54,-85.15,28.54,3.75,5.09,13.13,8.48,13.13,13.13,43
5/28/2026,1630,ONON,39.75,0.33%,2.1,60.62,31.41,36.77,35.97,42.14,-2,0.78,-0.83,"5,068,627",100557.12,7163425.43,7161782.48,-25.58,22.72,12.32,-0.15,47.61,31.42,-31.42,-32.11,51
5/28/2026,1630,ONTO,258.81,-3.03%,11.11,316,89.4,276.31,257.64,181.83,-1,-0.13,-0.29,"967,553",-100072.07,994616.42,960591.12,-17.77,26.72,-6.56,-1.31,316.23,175.56,316.23,-238.06,48
5/28/2026,1630,ORCL,203.7,6.67%,5.07,345.72,134.57,188.41,169.65,207.16,1,0.9,0.43,"24,979,270",-200357.32,2.52E+07,2.68E+07,-21.46,45.85,7.35,6.05,201.09,135.33,-135.33,-174.17,9
5/28/2026,1630,ORLY,89.23,0.24%,1.41,108.715,86.77,92.33,92.03,96.64,-3,-0.31,-0.25,"6,347,036",200031.03,5634992.07,5745086.23,49.23,-0.98,-0.52,-2.74,101.18,87.47,101.18,-87.02,42
5/28/2026,1630,OSCR,22.33,1.55%,1.08,25.58,10.69,21.78,17.26,16.63,-7,-0.73,-0.03,"4,706,368",300981.08,7371199.85,7167382.89,-62.02,100.45,-5.46,-1.37,26.07,11.41,26.07,26.07,50
5/28/2026,1630,OSK,129.65,0.12%,4.94,180.49,97.275,135.53,142.85,141.17,8,0.13,0.66,"1,068,807",-300247.13,724194.38,712891.12,33.21,-7.6,3.46,0.89,173.61,117.06,-117.06,-117.06,44
5/28/2026,1630,OTLY,10,-0.50%,0.13,18.84,9.4,10.32,10.93,12.91,12,0.23,0.43,"40,005",-100388.29,64618.1,61590.53,-36.44,3.41,-0.5,-1.48,14.28,9.42,14.28,-10.06,37
5/28/2026,1630,OUT,32.48,-0.40%,0.7,34.96,15.45,32.29,29.93,24.02,-2,-0.7,-0.33,"1,929,699",-200130.09,1470293.46,1515476.62,-28.65,26.63,1.37,-3.33,35.13,25.41,35.13,35.13,46
5/28/2026,1630,OVX:CGI,58.3,-2.78%,5.37,125.99,23.59,71.74,79.28,51.76,-3,0,-0.27,<empty>,NaN,NaN,NaN,NaN,-39.67,-17.82,-23.26,126.53,63.62,126.53,81.17,NaN
5/28/2026,1630,OXLC,9.95,0.61%,0.19,22.7,8.01,10.02,9.8,13.23,3,0.85,0.55,"878,171",0,1150041.94,1383737.74,46.59,5.63,-1.58,3.32,11.18,8.5,11.18,-9.03,NaN
5/28/2026,1630,OXM,47.01,1.21%,3.13,56.39,30.5656,42.2,41.01,39.66,6,0.52,0.79,"454,652",-100173.43,341538.06,324706.42,76.31,35.63,17.91,12.65,48.25,31.48,-31.48,-36.05,9
5/28/2026,1630,OXY,57.32,0.76%,1.97,67.45,38.8,57.68,58.87,48.36,-6,-0.17,-0.68,"10,874,049",-100146.41,1.52E+07,1.66E+07,-40.32,-12.25,2.03,-2.53,67.4,52.62,67.4,61.05,47
5/28/2026,1630,PAG,168.17,-0.50%,5.06,189.51,140.12,166.79,158.84,165.04,5,0.66,0.47,"245,975",100235.21,298399.39,296308.41,-18.7,13.31,0.95,2.09,182.2,140.47,182.2,-154.05,42
5/28/2026,1630,PALL,24.87,-1.27%,1.02,39.48168,17.51628,26.27,26.74,27.15,3,-0.27,0.46,"857,041",0,1094172.95,1123014.73,7.59,-0.87,-9.08,1.43,33.62,24.03,33.62,28.15,NaN
5/28/2026,1630,PAM,84.09,0.57%,1.59,94.5,54.95,81.28,83.32,79.17,3,0.34,0.74,"322,724",100446.02,261386.5,263993.02,17.03,0.2,5.18,4.23,90.4,69.6,90.4,-78.15,47
5/28/2026,1630,PATH,11.58,3.76%,0.55,19.84,9.2002,10.6,10.73,12.99,9,0.58,0.48,"83,890,234",300206.01,2.86E+07,3.35E+07,147.26,8.33,22.28,5.95,13.48,9.09,-9.09,-9.09,0
5/28/2026,1630,PBD,22.44,0.99%,0.6,22.5799,11.64,21.5,19.88,17.21,5,0.7,0.56,"47,328",-200140.23,61113.72,59793.09,-36.82,28.3,3.13,3.36,22.12,17.56,-17.56,-20.06,NaN
5/28/2026,1630,PBH,48.47,0.41%,1.99,87.12,42.62,50.53,55.1,61.48,8,0.14,0.77,"486,234",100133.09,668742.79,610136.25,-30.56,-18.15,-6.45,0.98,70.62,43.09,-43.09,-43.09,48
5/28/2026,1630,PBJ,48.34,-0.57%,0.23,51.07,42.685,48.81,49.05,47.16,2,0.04,0.53,"8,294",0,13716.16,16249.52,-62.88,-1.17,-0.56,-0.27,51.62,47.47,-47.47,-48.07,NaN
5/28/2026,1630,PBR,18.83,-0.69%,0.57,22.24,11.035,20.4,20.54,15.11,-3,0,-0.13,"11,558,124",-100148.54,2.49E+07,2.76E+07,-58.89,-9.34,-3.88,-5.38,22.17,16.58,22.17,22.17,48
5/28/2026,1630,PCAR,112.22,-0.04%,1.46,131.875,88.65,112.81,117.48,110.09,16,0.1,0.55,"2,116,968",-100732.22,2723510.17,2809574.89,-10.24,-0.47,0.39,2.62,129.26,108.04,-108.04,-108.04,36
5/28/2026,1630,PD,7.44,3.48%,0.23,18,5.7,7.05,6.69,11.49,8,0.98,0.55,"2,850,156",-100607.32,2323312.31,2612209.94,11.32,23.79,11.54,3.33,8.57,6.33,-6.33,-6.1,0
5/28/2026,1630,PDD,83.03,-4.13%,4.55,139.41,81.56,96.57,98.74,113.39,-2,-0.4,0,"27,478,672",-200240.01,8591109.94,7931843.09,343.81,-16.81,-16.64,-12.16,108.28,93.03,108.28,103.15,60
5/28/2026,1630,PEB,15.55,0.39%,0.45,15.66,8.795,14.54,13.77,12.03,6,0.94,0.75,"1,367,796",-100346.21,2396095.49,2447744.16,-43.07,26.84,8.74,5.21,15.14,12.52,-12.52,-14.17,41
5/28/2026,1630,PECO,40.68,-0.42%,0.51,41.07,32.84,40.01,38.91,36.41,-1,0.61,-0.68,"1,081,234",-200100.15,909938.26,887404.21,-56.07,10.51,3.35,0.94,41.21,37.45,-37.45,-39.17,39
5/28/2026,1630,PENN,19.44,1.83%,1.11,20.605,11.65,16.82,15.96,15.89,9,0.82,0.87,"5,787,877",101158.25,3856756.39,4255942.95,119.39,41.18,22.8,15.17,18.21,14.47,-14.47,-16.1,38
5/28/2026,1630,PEP,146.29,-0.98%,2.12,171.48,127.6,151.43,153.4,150.68,-1,-0.08,-0.32,"7,624,397",-100234.48,6445077.95,6420120.14,70.8,-4.41,-2,-2.84,170.62,146.04,170.62,-146.02,33
5/28/2026,1630,PFE,26.14,-0.27%,0.24,28.745,23.06,26,26.76,25.83,7,0.21,0.76,"25,624,924",0,3.63E+07,3.72E+07,-47,-3.33,0.69,0.93,29.38,25.07,-25.07,-25.07,42
5/28/2026,1630,PFF,31.5,0.35%,0.23,32.2645,29.865,31.4,31.07,31.31,5,0.64,0.33,"2,014,955",100008.52,2971418.67,3365231.72,-32.8,4.44,-0.25,0.83,32.12,30.41,32.12,-31.06,NaN
5/28/2026,1630,PFG,103.32,-1.20%,1.63,105,75,101.69,96.14,88.64,-1,-0.88,-0.57,"1,019,477",-100132.48,1377845.26,1445725.26,-6.69,18.74,2.89,-0.51,103.15,85.47,-85.47,-99.08,41
5/28/2026,1630,PFIG,23.955,0.10%,0.1,26.96,23.69,23.94,24.01,24.21,6,0.44,0.63,"34,025",-100000.08,23561.4,27206.12,261.82,0.48,-0.26,0.44,24.62,24.06,-24.06,-24.06,NaN
5/28/2026,1630,PFIX,46.67,-2.51%,1.53,61.1994,41.45,48.72,46.98,47.58,-6,-0.75,-0.22,"1,245,280",-100143.31,712456.47,748076.48,293.42,-5.91,-4.27,-6.02,52.06,41.62,52.06,52.06,NaN
5/28/2026,1630,PG,145.91,-1.07%,1.78,170.99,137.62,144.36,144.51,149.73,6,0.44,0.73,"10,196,684",-100029.48,9655123,9514212.71,6.82,2.24,2.58,1.02,167.62,140.04,-140.04,-140.04,42
5/28/2026,1630,PGNY,25.69,0.82%,1.01,28.75,16.1,22.62,19.6,21.86,-5,1,-0.57,"1,222,591",100133.14,1509278.69,1633640.66,-33.2,48.76,9.27,3.26,25.06,16.33,26.04,26.04,48
5/28/2026,1630,PGRO,48.7802,1.29%,0.45,48.8,38.1,47.33,44.51,44.06,3,0.87,0.23,"7,927",-100100.27,21892.29,20853.71,144.99,24.85,2.16,2.02,48.09,39.41,-39.41,-46.17,NaN
5/28/2026,1630,PINK,37.99,1.17%,0.58,38.68,28.05,36.22,34.99,34.56,3,0.83,0.66,"181,710",-100033.24,98100.65,107756.29,-34.55,18.57,3.9,3.06,37.09,32.42,-32.42,-34.16,NaN
5/28/2026,1630,PINS,20.65,3.10%,0.78,39.93,13.84,20.09,19.43,25.75,5,0.79,0.48,"16,303,896",-101055.17,1.70E+07,1.82E+07,-40.72,16.27,6.72,7.05,25.16,17.61,25.16,-18.04,50
5/28/2026,1630,PJP,110.4931,0.59%,1.67,110.8099,78.77,107.11,104.88,101.56,6,0.73,0.8,"4,768",100020.26,26292.95,23611.69,-47.7,10.74,1.91,1.32,109.61,99.45,-99.45,-105.17,NaN
5/28/2026,1630,PK,12.17,0.33%,0.46,12.43,9.84,11.31,11.05,11.06,8,1,0.94,"2,755,981",-200054.19,4131158.94,4077179.8,-48.64,16.68,12.58,5.73,12.18,10.36,-10.36,-11.08,43
5/28/2026,1630,PKB,105.52,-0.01%,2.26,111.2354,75.5301,104.74,102.91,98.41,6,0.4,0.56,"20,665",0,16703.43,19111.62,36.22,9.95,1.48,4.56,111.15,93.47,111.15,-98.06,NaN
5/28/2026,1630,PLAY,13.5,2.66%,1.17,35.53,9.61,11.03,11.88,16.64,11,0.63,0.87,"1,960,058",300184.26,1958558.31,1777038.26,55.44,37.61,35,14.89,16.59,10.42,-10.42,-10.07,8
5/28/2026,1630,PLD,145.64,-0.60%,1.8,147.93,103.41,143.19,138.92,128.45,-1,-0.75,-0.56,"2,891,858",0,3374626.33,3423576.78,-25.89,12.99,2.56,-0.18,145.28,127.47,-127.47,148.02,32
5/28/2026,1630,PLNT,52.9,1.75%,2.03,114.47,37.03,54.11,64.98,90.45,12,0.26,1,"1,422,483",100864.14,2383491.22,2285909.16,-91.75,-28.32,4.57,1.63,83.6,37.14,-37.14,-37.14,47
5/28/2026,1630,PLTR,143.34,8.17%,2.93,207.52,118.93,136.94,141.72,161.94,1,0.65,0.55,"51,685,937",-300356.17,4.47E+07,4.63E+07,2.99,0.2,10.22,4.72,162.45,123.33,-123.33,-129.1,45
5/28/2026,1630,PM,178.57,-1.91%,5.77,193.05,142.11,180.62,169.22,165.62,-9,-0.78,-0.28,"3,793,040",-200337.4,4829645.74,4958003.38,-12.12,9.19,-4.97,-5.51,193.06,152.39,193.06,193.06,37
5/28/2026,1630,PNC,219.78,-0.46%,3.24,243.94,170.49,217.54,215.99,207.18,10,0.48,0.61,"1,591,274",-100039.48,2065837.84,2242147.35,25.44,8.59,4.73,0.25,230.26,198.48,230.26,-210.1,32
5/28/2026,1630,PNDRY,11.67,1.83%,0.52,23.7625,8.25,10.42,9.76,12.94,8,1,0.76,"62,966",100000.52,117748.32,159043.61,-33.04,32.92,15.43,8.16,11.15,8.49,-8.49,-10.16,NaN
5/28/2026,1630,POET,13.26,-0.15%,2.05,20.81,3.87,12.55,9.37,6.99,-9,-0.68,-0.08,"21,000,950",301998.1,4.17E+07,3.50E+07,-50.87,155.49,-7.72,-9.12,21.09,5.41,21.09,21.09,51
5/28/2026,1630,POOL,184.7,0.16%,3.81,345,172.68,186.53,202.57,251.36,10,0.22,0.68,"584,552",-100543.17,821804.05,800331.89,-62.88,-7.06,5.32,0.03,249.24,173.07,-173.07,-173.07,38
5/28/2026,1630,PPLT,17.45,0.11%,0.74,26.162,9.55,18.13,18.11,16.92,1,-0.22,0.48,"2,322,378",0,3112834.28,3320964.19,9.14,3.01,-10.74,-0.11,22.62,16.43,-16.43,20.1,NaN
5/28/2026,1630,PR,19.32,-0.05%,0.57,22.675,11.92,20.67,20.63,16.08,-5,0,-0.19,"7,787,498",-100243.15,1.31E+07,1.36E+07,-70.72,-10.76,-4.55,-5.48,23.16,18.62,23.16,23.16,47
5/28/2026,1630,PRAA,15.41,2.39%,1.28,22.55,10.25,17.28,18.47,16.27,9,0.08,0.4,"541,747",-200189.1,438260.72,521764.97,-16.24,-8.55,4.83,5.26,23.18,14.04,-14.04,-14.04,50
5/28/2026,1630,PRGO,11.44,2.51%,0.31,28.435,9.225,11.27,10.97,15.49,2,0.81,0.58,"2,366,659",-100196.37,2842112.33,3317273.73,-12.31,20.04,4.86,1.96,14.62,9.47,-9.47,-11.08,44
5/28/2026,1630,PRMB,24.87,1.43%,0.63,33.17,14.36,22.57,20.65,20.22,3,0.97,0.67,"2,966,818",0,4330982.1,4699900.83,-70.12,36.27,6.15,5.87,24.13,18.43,-18.43,-20.15,53
5/28/2026,1630,PRVA,21.59,-0.69%,0.57,26.51,18.77,23.25,22.75,23.24,-3,-0.26,-0.06,"771,563",100438.15,934940.28,956239.07,-73.1,7.84,-4.6,-5.27,25.18,20.42,25.18,-21.14,48
5/28/2026,1630,PSA,309.25,0.80%,5.58,313.51,256.54,303.84,294.43,287.39,6,0.67,0.57,"768,040",-100130.52,1019390.22,1103211.15,11.09,16.26,1.83,1.31,314.26,263.44,314.26,-289.06,42
5/28/2026,1630,PSCE,59.6,-0.50%,1.3,65.02,36.65,62.11,60.96,49.46,-5,-0.16,-0.2,"27,762",-100133.19,52337.13,50133.89,-57.36,-5.1,-2.84,-5,64.06,54.62,65.05,65.05,NaN
5/28/2026,1630,PSCI,172.0392,0.21%,3.24,178.02,124.79,169.82,164.97,157.09,6,0.58,0.53,"1,802",-300122.09,3762.2,4817.54,31.15,13.16,2.43,2.37,176.14,149.47,176.14,-162.06,NaN
5/28/2026,1630,PSCU,65.944,-0.26%,0.96,66.85,53.4318,64.69,63.44,59.35,8,0.31,0.67,36,-100200.48,8895.81,7172.17,-97.93,12.08,3.89,2.65,67.18,58.47,67.18,-63.1,NaN
5/28/2026,1630,PSP,60.54,-0.80%,0.8,72.97,54.18,60.79,59.35,65.07,-1,-0.71,-0.42,"22,105",100321.06,45861.31,59250.75,7.85,10.9,0.15,-0.1,63.28,54.42,63.28,-58.05,NaN
5/28/2026,1630,PSX,176.71,1.19%,3.13,190.61,111.19,175.72,172.32,147.72,1,-0.48,0.57,"2,233,955",-200240.4,2961570.35,3131278.76,-9.83,-6.15,2.85,-0.55,191.41,150.62,191.41,185.05,39
5/28/2026,1630,PTLO,4.26,3.15%,0.11,12.435,3.81,4.44,5.21,5.55,12,0.14,0.73,"1,317,884",-300057.15,1714923.2,1644304.48,-76.76,-17.76,5.45,5.71,7.25,4.04,-4.04,-4.04,46
5/28/2026,1630,PVH,96.79,0.61%,6.05,100.15,59.6,87.17,83.85,77.17,9,0.47,0.7,"773,527",300238.36,1182953.55,1109779.29,-29.56,45.77,20.55,8.85,100.25,60.53,100.25,-78.06,4
5/28/2026,1630,PYPL,44.46,1.60%,0.53,79.5,38.46,45.7,46.54,56.88,12,0.62,0.54,"17,132,713",0,1.51E+07,1.61E+07,-29,2,-1.7,0.52,52.26,43.05,-43.05,-43.05,41
5/28/2026,1630,PZZA,34.65,4.24%,0.9,55.74,29.5501,33.59,34.55,40.01,5,0.45,0.52,"1,782,461",-100567.54,1055444.61,1319117.04,-7.66,9.1,5.96,3.74,40.54,30.56,40.54,36.08,48
5/28/2026,1630,QAT,19.4,1.73%,0.3,20.64,17.712,18.85,18.85,19.28,6,0.58,0.73,"144,628",500000.13,37691.5,41364.24,995.12,6.82,3.41,4.19,19.62,18.41,-18.41,-18.06,NaN
5/28/2026,1630,QBTS,29.49,7.31%,3.73,46.75,12.75,22.92,19.23,23.15,5,1,0.83,"54,344,601",201324.04,3.32E+07,3.13E+07,110.04,112.16,37.55,0.31,25.12,13.41,-13.41,32.03,48
5/28/2026,1630,QCOM,243.29,4.24%,17.43,258,121.99,208.36,163.26,161.98,1,0.98,0.43,"21,069,137",400281.13,2.13E+07,1.88E+07,-58.76,91.4,14.13,2.15,248.12,122.36,-122.36,258.02,42
5/28/2026,1630,QMOM,79.9555,0.85%,1.58,80.56,60.24,78.11,74.37,68.4,5,0.72,0.39,"21,981",300019.04,25619.52,25615.2,-8.06,19.97,0.09,3.17,81.14,64.41,81.14,-74.06,NaN
5/28/2026,1630,QQQ,735.6,0.84%,9.51,736.6,511.93,705.51,650.06,617.05,3,0.89,0.32,"32,666,725",0,4.86E+07,5.41E+07,-25.38,30.75,2.92,2.52,722.09,556.41,-556.41,-669.17,NaN
5/28/2026,1630,QS,9.13,0.22%,0.56,19.0699,3.88,7.98,7.23,10.12,5,1,0.87,"20,039,999",-300102.11,2.07E+07,1.86E+07,-12.46,45.85,5.43,11.34,10.24,6.38,10.24,-7.17,38
5/28/2026,1630,QSR,74.31,-0.55%,1.42,81.96,61.33,77.39,76.91,70.17,-2,0,-0.19,"2,332,071",-200525.16,3510578.19,3627588.24,-59.47,4.05,-2.79,-1.42,82.15,70.62,82.15,82.15,48
5/28/2026,1630,QTUM,159.06,1.63%,5.88,159.85,83.2428,145.42,128.82,114.12,6,1,0.6,"1,108,365",100137.01,523507.46,481657.94,78.61,51.38,8.36,3.66,148.09,101.41,-101.41,-135.17,NaN
5/28/2026,1630,QUBT,12.24,7.18%,1.03,25.84,6.18,10.49,8.9,12.16,1,0.99,0.56,"30,799,185",200721.04,2.00E+07,1.83E+07,129.2,83.78,10.97,-0.57,14.11,6.41,14.11,14.11,50
5/28/2026,1630,R,248.81,-0.23%,7.87,259,143.335,238.65,225.45,198.05,10,0.58,0.68,"418,377",200435.25,404188.93,393739.24,5.7,25.95,9.46,1.97,259.18,186.52,259.18,-225.11,38
5/28/2026,1630,RBLX,46.83,2.63%,2.21,150.59,40.15,45.19,52.38,87.37,1,0.68,0.72,"9,258,626",100671.19,1.12E+07,1.07E+07,-12.82,-10.48,11.61,-2.76,71.62,40.1,-40.1,49.02,43
5/28/2026,1630,RCL,281.29,2.22%,9.21,366.5,232.1,265.08,269.08,293.74,6,0.39,0.75,"2,900,144",100554.06,2756782.5,2804442.79,-27.31,7.44,6.47,9.84,315.62,232.05,-232.05,-232.05,41
5/28/2026,1630,RDNT,55.31,2.73%,1.43,85.84,50.76,55.48,56.88,69.38,8,0.55,0.61,"477,001",100348.12,805560.13,862820.97,-47.01,-1.5,4.4,1.67,75.61,52.08,-52.08,-52.08,48
5/28/2026,1630,REAL,9.81,1.98%,0.34,17.3922,4.7,10.37,10.28,11.71,8,0.39,0.48,"2,678,748",-200085.14,3524967.08,3713957.11,-70.01,14.47,4.25,6.63,14.62,8.41,-8.41,-9.05,50
5/28/2026,1630,REG,78.52,-0.54%,0.85,81.66,66.855,77.99,77.82,73.42,-1,0.32,-0.66,"1,241,620",-200022.2,1446516.09,1399026.45,-55.32,5.68,2.41,-0.41,82.27,74.44,82.27,-76.08,42
5/28/2026,1630,REGN,621.52,-0.99%,40.09,821.11,476.4869,680.36,721.93,694.43,6,0,0.38,"1,234,409",-100131.02,846917.19,790848.35,59.34,-15.75,-13.66,-2.72,795.6,611.07,-611.07,-611.07,43
5/28/2026,1630,REXR,36.01,-0.96%,0.53,44.38,32.14,35.76,35.06,38.92,-1,-0.85,-0.42,"1,685,937",-200330.24,2316706.99,2410232,-10.57,10.83,1.15,-0.47,38.62,32.4,-32.4,-35.08,33
5/28/2026,1630,REZ,91.13,-0.71%,0.73,92.635,80.45,91.06,88.05,85.49,-2,-0.81,-0.49,"17,637",0,39305.68,41082.66,-28.6,10.8,-0.93,-0.97,92.09,82.41,-82.41,-89.16,NaN
5/28/2026,1630,RGTI,27.03,9.79%,3.62,58.1501,10.3,19.9,17.48,23.26,5,1,1,"85,742,009",201623.04,3.77E+07,3.57E+07,235.75,102.93,46.78,2.31,21.11,13.41,-13.41,28.03,52
5/28/2026,1630,RH,149.15,3.88%,7.91,257,106.3037,131.51,130.75,175.89,6,0.61,0.84,"916,712",200274.4,1261461.05,1246962.63,19.54,13.99,15.73,9.33,182.62,106.39,-106.39,-114.06,10
5/28/2026,1630,RHP,115.88,0.74%,3.33,116.67,83.82,109.44,102.01,96.69,8,0.99,0.66,"396,821",-200222.1,585319.08,571817.72,-38.33,28.03,8.42,3.5,113.14,90.47,-90.47,-104.08,45
5/28/2026,1630,RIOT,27.74,2.97%,1.37,28.54,7.93,23.44,18.75,16.76,3,0.95,0.57,"19,148,847",100691.16,1.81E+07,1.81E+07,-27.34,116.72,11.32,13.27,26.12,12.41,-12.41,-18.17,43
5/28/2026,1630,RIVN,15.2,3.40%,0.54,22.69,11.57,14.33,15.26,15.41,6,0.33,0.76,"23,072,508",-100370.49,2.80E+07,2.80E+07,-11.69,2.91,6.52,6.89,18.25,13.06,-13.06,-13.06,46
5/28/2026,1630,ROBO,88.92,0.29%,1.99,90.1,55.33,85.26,78.29,71.69,5,0.89,0.48,"286,304",-100129.02,193161.63,198564.78,44.27,32.95,1.9,1.86,87.1,65.41,-65.41,90.02,NaN
5/28/2026,1630,ROK,454.8,-0.28%,10.25,463.485,305.4401,442.05,406.6,384.8,4,-0.81,0.35,"562,765",-100435.17,781041.65,842233.14,-49.23,29.39,-0.04,0.55,463.15,348.41,463.15,463.15,48
5/28/2026,1630,ROKU,131.09,-0.62%,2.94,132.8,71.2,125.81,112.18,102.26,5,0.8,0.43,"1,535,848",-100252.19,2510104.13,2675172.15,-25.47,50.42,4.3,4.41,131.12,85.42,-85.42,-120.06,43
5/28/2026,1630,ROST,227.2,-2.69%,8.65,237.41,124.49,222.41,221,184.78,-1,0.52,-0.95,"3,441,021",-100538.13,2604345.24,2753527.85,25.25,7.33,7.29,-3.24,231.14,194.6,-194.6,-208.06,58
5/28/2026,1630,RRC,39.41,0.51%,1.09,48.31,32.6,41.51,42.76,38.31,-6,-0.09,-0.4,"3,042,661",100042.26,3276164.1,3381773.95,5.61,-17.29,-4.48,-4,48.42,40.62,48.42,43.16,41
5/28/2026,1630,RRR,57.78,0.47%,2.3,67.99,46.565,53.48,55.09,58.3,8,0.62,1,"1,070,686",-200040.2,970709.62,953130.18,15.82,7.22,13.21,4.33,62.59,51.05,-51.05,-51.05,41
5/28/2026,1630,RSI,26.37,-2.62%,0.56,29.24,12.31,27.54,24.44,20.48,-1,-0.51,0,"1,565,847",100654.16,1891673.32,1833505.58,-47.86,25.69,-2.37,-2.55,29.16,19.6,29.16,-26.09,42
5/28/2026,1630,RSP,208.25,0.37%,2.1,208.89,174.27,204.12,199.59,194.41,6,0.96,0.64,"6,643,918",0,1.06E+07,1.28E+07,-34.55,10.5,2.63,0.81,206.14,187.41,-187.41,-201.05,NaN
5/28/2026,1630,RSPG,103.56,-0.03%,2.51,114.01,71.27,106.26,105.68,89.04,-6,-0.24,-0.47,"182,416",0,141602.54,168822.12,26.46,-8.14,-1.02,-4.11,114.41,96.28,-96.28,111.05,NaN
5/28/2026,1630,RSPU,79.13,-1.30%,0.9,84.5195,69.73,79.63,80.6,78.05,-1,-0.19,-0.63,"26,275",-100012.19,59414.42,53042.48,-77.57,-1.53,0.65,-1.56,85.62,77.07,-77.07,-77.07,NaN
5/28/2026,1630,RTO,30.5,-2.40%,0.74,34.665,22.72,32.49,32.63,29.43,-1,0,-0.17,"1,643,809",-100249.54,1011698.4,1269593.97,113.07,-0.2,-5.4,-2.68,35.31,28.59,35.31,34.15,43
5/28/2026,1630,RUT,2936.5699,0.57%,52.83,2942.6051,2043.5962,2844.22,2709.53,2553.51,6,0.83,0.47,<empty>,NaN,NaN,NaN,NaN,19.87,3.26,2.35,2889.15,2405.41,-2405.41,-2723.06,NaN
5/28/2026,1630,RVLV,20.43,1.04%,0.88,31.68,17.35,20.22,22.72,24.24,10,0.18,0.81,"1,245,076",-200457.11,1094311.89,1103325.2,-34.65,-6.8,16.68,6.24,28.28,17.1,-17.1,-17.1,46
5/28/2026,1630,RVX,22.75,-2.69%,0.72,35.28,18,23.68,26.19,24.08,-6,-0.3,-0.75,<empty>,NaN,NaN,NaN,NaN,-34.08,-5.72,-5.99,35.42,22.15,-22.15,26.07,NaN
5/28/2026,1630,S,18.02,0.39%,0.93,21.4,11.81,16.72,14.88,15.63,-3,-0.97,-0.67,"25,821,277",100092.01,7983687.92,8303832.19,176.83,43.24,12.06,-3.69,18.06,12.33,-12.33,19.03,0
5/28/2026,1630,SBAC,204.62,2.21%,5.73,243.16,162.41,210.42,204.24,197.31,1,-0.31,0.19,"997,787",300739.36,1193491.61,1182117.16,80.24,22.48,-1.46,-0.46,224.27,162.44,224.27,-197.08,45
5/28/2026,1630,SBUX,100.75,-1.32%,2.05,108.88,77.99,104.96,99.25,91.25,-18,-0.55,-0.16,"6,260,448",100335.21,7644506.01,7765381.58,-31.8,16.06,-4.91,-2.29,109.09,86.42,109.09,109.09,41
5/28/2026,1630,SCJ,105.35,-0.14%,0.74,107.3199,81.49,103.94,101.09,95.96,-2,-0.62,-0.58,"73,736",-200021.47,65086.83,85794.73,212.08,11.18,-0.5,0.64,107.62,94.47,-94.47,107.09,NaN
5/28/2026,1630,SE,91.94,-1.63%,3.08,199.3,77.05,88.51,85.78,129.94,3,1,0.47,"3,548,444",100153.12,4147532.62,5057832.8,-18.26,17.63,-1.69,5.35,111.62,77.6,-77.6,100.1,51
5/28/2026,1630,SFD,26.4,-1.12%,0.53,29.805,21.08,25.98,26.85,24.14,18,0.21,0.6,"995,142",-100636.22,1850189.57,1632149.33,-19.14,-1.09,4.64,0.23,30.33,23.48,30.33,-25.1,41
5/28/2026,1630,SFM,86.69,-2.27%,2.22,182,64.75,84.69,79.55,90.87,-1,-0.91,-0.29,"1,686,545",200048.07,2236769.15,2316082.27,-1.2,12,-1.79,-0.02,95.06,69.2,95.06,95.06,42
5/28/2026,1630,SG,10.21,1.09%,1.3,16.7,4.49,7.89,6.71,7.02,2,1,1,"6,396,215",-100185.04,4959149.09,4956340.63,-31.12,117.23,55.17,4.4,9.07,4.41,-4.41,11.03,48
5/28/2026,1630,SHAK,62.13,-3.49%,2.47,144.65,59.49,72.34,85.88,91.15,11,0.11,0.7,"2,517,044",-200750.13,1925845.19,1878488.09,-82.81,-23.6,-2.79,-0.94,107.26,59.07,-59.07,-59.07,43
5/28/2026,1630,SHEL,83.83,0.02%,1.49,94.9,65.96,86.43,89.12,78.57,-4,-0.06,-0.47,"6,373,640",-300132.22,8251094.52,8089978.65,-43.61,-9.05,-1.3,-2.19,95.4,82.6,95.4,90.17,43
5/28/2026,1630,SHO,10.91,0.28%,0.25,11.05,8.43,10.35,9.75,9.37,3,1,0.72,"1,600,349",200231.05,1850279.29,1824349.33,-3.59,21.9,6.54,2.73,11.13,9.47,-9.47,-10.16,48
5/28/2026,1630,SHOC,111.5753,0.67%,2.94,113.03,45.12,104.46,90.57,73.57,4,0.84,0.29,"12,376",-100100.08,17693.8,17144.95,-38.47,58.29,3.67,3.64,109.09,68.41,-68.41,-95.17,NaN
5/28/2026,1630,SHOO,43.4,-0.18%,1.84,46.88,22.2615,39.7,37.53,37.15,6,0.83,0.82,"1,046,670",0,1076100,1149544.06,-38.41,31.08,12.7,3.51,41.13,31.52,-31.52,-36.17,42
5/28/2026,1630,SHOP,115.03,7.91%,4.86,182.19,94,107.49,115.52,139.78,10,0.57,0.77,"14,620,308",-100760.17,1.05E+07,1.02E+07,-35.66,2.84,20.58,11.68,137.26,94.09,-94.09,-94.09,47
5/28/2026,1630,SHY,82.26,0.05%,0.07,83.2,82,82.2,82.35,82.74,6,0.41,0.77,"2,578,730",-200003.41,4554492.27,4842472.91,0.54,-0.16,0.09,0.17,83.62,82.06,-82.06,-82.06,NaN
5/28/2026,1630,SHYG,42.54,0.12%,0.1,43.39,41.825,42.42,42.4,42.8,6,0.68,0.55,"1,055,470",0,1455558.08,1551737.92,-36.8,1.55,0.28,0.24,43.62,42.42,-42.42,-42.06,NaN
5/28/2026,1630,SIL,90.98,2.51%,5.61,119.24,42.35,92.49,91.82,83.11,1,0.34,0.54,"1,945,537",0,2040487.72,2230767.09,-15.34,8.08,-11.34,3.26,119.61,78.47,-78.47,-86.06,NaN
5/28/2026,1630,SILJ,30.28,3.45%,2.04,41.1,12.7801,30.49,30.21,27.54,3,0.34,0.55,"5,093,405",0,5347431.88,5703678.83,-44.69,8.73,-11.64,5.03,40.62,26.47,-26.47,-28.06,NaN
5/28/2026,1630,SITM,729.51,0.45%,63.54,901.81,186.49,723.48,542.84,375.82,-2,-0.55,0,"367,272",100284.06,537907.17,508137.13,-71,122.96,-12.67,0.13,902.12,305.56,902.12,902.12,47
5/28/2026,1630,SIVR,71.83,1.27%,4.46,115.26,31.24,74.13,72.05,62.63,1,-0.25,0.55,"903,216",0,2114974.89,2357527.06,-54.21,7.76,-13.86,0.01,90.62,63.43,-63.43,85.1,NaN
5/28/2026,1630,SJM,104.28,1.26%,1.62,119.39,88.25,100.36,97.45,103.7,1,0.86,0.74,"952,029",0,1896391.33,2156121.41,-60.7,9.49,3.38,0.89,117.62,88.32,-88.32,-95.16,8
5/28/2026,1630,SKYY,135.01,2.04%,2.73,143.74,103.76,128.77,119.36,125.13,1,0.94,0.56,"160,104",-100133.12,306309.4,333011.19,-32.62,27.37,7.47,1.49,131.14,104.33,-104.33,-123.1,NaN
5/28/2026,1630,SLG,45.35,0.33%,1.4,66.91,34.77,43.46,41.08,47.21,5,0.8,0.46,"666,559",-100561.48,1261736.32,1294237.4,-57.29,28.36,4.9,4.81,47.14,35.42,47.14,-40.05,38
5/28/2026,1630,SLV,68.36,1.27%,4.24,109.83,29.78,70.55,68.58,59.65,1,-0.25,0.55,"18,863,899",0,3.02E+07,3.43E+07,-43.61,7.76,-13.85,0,85.62,60.43,-60.43,81.1,NaN
5/28/2026,1630,SLX,111.02,0.59%,2.2,111.16,61.3668,106.84,100.06,87,5,0.84,0.53,"49,200",-300029.09,42057.12,52243.05,53.65,25.92,1.14,4.08,110.1,85.47,-85.47,-102.17,NaN
5/28/2026,1630,SMCI,41.3,8.14%,2.95,62.358,19.48,32.84,28.35,35.98,6,1,0.91,"71,677,911",201089.16,4.29E+07,3.89E+07,16.56,87.98,29.06,16.08,36.12,19.46,-19.46,-27.17,46
5/28/2026,1630,SMH,599.83,0.73%,17.38,612.3,235.37,557.18,480.63,387.26,5,0.87,0.38,"7,580,833",-100148.12,9563240.76,9855649.01,-30.48,60.28,4.78,4.08,581.09,360.41,-360.41,-501.17,NaN
5/28/2026,1630,SMIN,67.43,0.28%,0.99,78.535,57.7758,66.74,64.7,69.06,6,0.72,0.31,"88,021",-100022.02,172776.95,181017.68,-62.71,14.99,1.19,1.49,69.14,58.41,69.14,-65.07,NaN
5/28/2026,1630,SMPL,11.8,0.94%,0.28,35.155,10.21,11.97,12.76,19.23,5,0.48,0.65,"1,602,714",-101069.34,3069327.84,2799702.04,-22.83,-17.77,5.36,-0.51,17.62,10.34,-10.34,-11.05,19
5/28/2026,1630,SN,119.48,2.16%,5.08,133.99,80.69,111.31,110.79,109.88,6,0.55,0.76,"1,614,445",100050.09,2059798.46,2069263.08,-36.72,17.01,16.07,6.65,124.62,97.47,-97.47,-100.05,53
5/28/2026,1630,SNAP,5.91,0.51%,0.18,10.41,3.81,5.82,5.38,6.77,9,0.77,0.54,"25,500,752",-100099.31,5.12E+07,4.85E+07,-71.53,50.38,5.35,3.32,6.16,4.42,6.16,-5.09,46
5/28/2026,1630,SNDR,35.45,1.31%,2.02,35.75,20.11,31.9,29.3,26.23,3,1,0.8,"648,684",201342.1,1099166.3,1067531.95,-35.76,39.35,21.53,6.14,33.18,23.48,-23.48,-29.11,43
5/28/2026,1630,SNOW,239.2,36.48%,21.84,280.67,118.3,160.2,154.33,202.72,1,1,1,"39,507,729",200162.01,8117972.16,7672031.11,188.18,56.54,56.99,38.91,185.53,118.33,-118.33,-136.15,62
5/28/2026,1630,SOFI,16.97,4.95%,0.42,32.73,12.86,15.95,16.69,23.24,6,0.71,0.66,"69,074,534",-200665.21,6.28E+07,6.60E+07,18.22,11.42,10.84,8.64,20.28,15.06,-15.06,-15.06,41
5/28/2026,1630,SOLZ,8.22,-2.26%,0.5,27.12,7.683,8.82,8.71,14.19,-4,-0.84,-0.51,"1,667,901",0,1315015.02,1790144,24.75,-1.56,-10.31,-3.27,10.12,8.38,10.12,10.12,NaN
5/28/2026,1630,SOYB,25.22,1.20%,0.17,25.47,21.06,25.03,24.64,23.13,1,0.54,0.43,"274,846",200118.01,125274.06,129573.71,63.33,4.26,-0.55,0.64,25.1,24.61,25.1,25.1,NaN
5/28/2026,1630,SPDN,8.64,-0.58%,0.06,11.02,8.63,8.82,9.27,9.51,-4,-0.13,-0.78,"36,161,383",-200224.41,6.91E+07,7.36E+07,-12.22,-15.29,-1.26,-1.14,10.41,9.09,10.41,9.17,NaN
5/28/2026,1630,SPG,206.77,0.00%,2.49,208.79,155.44,203.21,197.78,187.95,7,0.71,0.54,"1,339,434",-200129.46,1500810.97,1524758.35,-4.97,14.75,3.1,1.15,208.26,178.45,-178.45,-199.06,45
5/28/2026,1630,SPGI,417.68,0.45%,6.15,579.05,381.605,418.06,424.54,478.82,8,0.66,0.69,"2,404,548",0,1968327.96,2036241.28,30.61,2.82,2.74,0.02,457.25,401.1,-401.1,-401.1,43
5/28/2026,1630,SPHD,50.09,-0.20%,0.36,53.07,46.58,49.88,49.62,49.31,-2,0.48,-0.74,"400,452",0,762887.51,820867.27,-72.29,2.04,1.25,-0.71,53.61,48.47,-48.47,51.03,NaN
5/28/2026,1630,SPHR,133.75,1.70%,2.73,149,36.32,135.21,128.38,91.68,3,-0.08,0.18,"432,596",-100364.48,784518.7,804982.75,-36.78,25.27,1.49,3.39,149.16,104.42,149.16,-124.11,48
5/28/2026,1630,SPLV,72.92,-0.90%,0.51,77.735,69.63,73.37,73.51,73.15,-2,-0.39,-0.75,"1,723,568",0,2599633.28,2949197.55,-8.58,1.04,0.28,-1.58,78.61,72.45,-72.45,-72.1,NaN
5/28/2026,1630,SPMO,150.13,0.35%,2.88,151.4,103.99,142.88,129.77,121.94,3,0.87,0.36,"2,633,400",-300221.08,1910784.26,1839416.17,26.21,36.1,2.62,3.58,148.09,107.41,-107.41,-134.17,NaN
5/28/2026,1630,SPOT,516.71,0.76%,40.43,785,405,452.9,477.39,571.96,-1,0.92,-0.99,"1,884,057",200346.04,2159958.53,2213479.99,-23.55,9.36,19.91,-0.61,571.56,411.15,-411.15,534.03,41
5/28/2026,1630,SPX,7563.63,0.58%,57.16,7568.72,5843.66,7394,7039.07,6825.16,4,0.89,0.27,<empty>,NaN,NaN,NaN,NaN,18.76,1.6,1.21,7517.09,6317.41,-6317.41,-7174.17,NaN
5/28/2026,1630,SPY,754.6,0.55%,5.8,755.15,583.235,737.44,701.75,680.61,4,0.9,0.28,"41,451,806",100225.41,6.43E+07,7.00E+07,-19.86,19.01,1.66,1.2,750.09,629.41,-629.41,-715.17,NaN
5/28/2026,1630,STKL,6.5,0.00%,0.01,6.94,3.32,6.49,6.47,5.53,10,-0.52,0.46,<empty>,100038.59,1719189.32,2712623.84,328.3,0.62,0.46,0.15,7.43,5.62,7.43,7.12,4
5/28/2026,1630,STLD,260.75,0.98%,10.84,261.835,119.89,236.33,209.7,173.47,5,0.85,0.59,"1,256,263",200444.27,1155072,1147447.41,9.98,52.51,9.98,8.63,244.15,162.48,-162.48,-219.06,37
5/28/2026,1630,STZ,142.13,-1.11%,3.64,180.41,126.45,147.28,152.38,147.69,-3,-0.17,-0.49,"2,774,416",200233.08,2089487.27,1989502.27,66.9,-6.12,1.15,-4.93,169.32,139.1,169.32,153.15,23
5/28/2026,1630,SU,63.31,-1.03%,1.95,70.29,35.29,66.71,65.29,50.64,-6,-0.11,-0.17,"2,423,004",0,4164955.39,4564471.97,-25.26,-5.03,-4.18,-5.98,70.16,55.59,70.16,-63.14,46
5/28/2026,1630,SVV,9.01,6.25%,0.57,13.89,6.905,7.95,8.03,9.98,8,0.67,0.76,"1,093,588",201272.06,1223523.85,1193794.11,-51.58,26.37,26.01,9.88,9.62,7.42,-7.42,-7.07,43
5/28/2026,1630,SWBI,15.22,-0.13%,0.37,15.79,7.73,15.09,14.88,11.32,-3,-0.32,-0.31,"786,473",100945.58,537101.96,585826.63,60.57,3.82,3.96,-1.62,16.17,12.6,16.17,-14.1,14
5/28/2026,1630,SWKS,81.41,3.47%,5.9,90.9,51.93,71.62,62.95,66.41,-2,1,-0.89,"4,239,177",-200547.12,4132844.82,3914154.15,-34.53,51.74,19.47,-1.23,73.16,52.41,-52.41,-62.15,46
5/28/2026,1630,SXT,116.61,-1.00%,1.64,129.35,82.6,115.65,103.57,99.33,4,-0.56,0.13,"243,087",300136.2,422035.17,387317.86,-31.94,34.56,0.73,1.9,129.21,83.47,129.21,-110.06,39
5/28/2026,1630,SYF,71.47,-0.86%,0.96,88.77,56.51,72.38,71.97,74.33,6,-0.42,0.53,"3,639,419",0,3854763.66,3903879.75,23.3,9.35,2.38,-0.5,80.26,63.53,80.26,-68.05,36
5/28/2026,1630,SYY,75.92,0.93%,1.52,91.845,68.19,74.05,75.29,78.57,-3,0.52,-0.8,"2,759,219",100333.41,5073394.02,4668122.03,-44.91,-7.19,3.73,-0.48,91.61,68.4,-68.4,77.04,41
5/28/2026,1630,T,24.88,-0.04%,0.34,29.79,22.95,25.17,26.41,26.49,-2,0.15,-0.56,"25,329,033",100233.48,3.88E+07,3.91E+07,-41.08,-14.5,0.57,-1.5,29.45,24.07,-24.07,-24.07,37
5/28/2026,1630,TAN,71.93,2.01%,3.24,72.5,31.4,63.3,58.73,51.5,5,1,1,"1,132,094",100247.02,1355520.9,1402867.64,-17.35,31.93,12.73,9.07,66.08,52.56,-52.56,-58.17,NaN
5/28/2026,1630,TAP,40.57,-3.10%,0.68,54.82,40.365,41.85,42.66,46.38,-3,-0.48,-0.56,"3,329,677",-200335.2,3123390.31,3070417.82,-7.07,-6.52,-2.05,-4.65,49.61,41.17,49.61,44.13,46
5/28/2026,1630,TBIL,49.85,-0.28%,0.04,50.02,49.81,49.92,49.92,49.93,-1,-0.7,-0.54,"2,301,898",300000.42,2166560.07,2345081.3,22.16,-0.3,-0.12,-0.26,50.42,50.41,-50.41,50.03,NaN
5/28/2026,1630,TCEHY,54.62,-1.71%,1.76,87.68,54.12,58.73,61.67,73.68,-5,-0.26,-0.32,"2,754,507",100200.11,4279571.9,4185684.95,-7.46,-12.16,-10.61,-2.59,74.55,55.03,74.55,62.1,52
5/28/2026,1630,TCNNF,9.674,14.62%,0.58,11.83,3.25,8.59,7.48,7.38,3,0.47,0.32,"697,176",101400.24,422862.86,369742.64,43.95,84.97,16.41,28.99,10.21,5.41,10.21,-7.08,NaN
5/28/2026,1630,TEAM,93.29,4.74%,3.58,222.59,56.0101,86.71,75.43,125.26,2,0.91,0.58,"5,513,734",100779.19,7510520.67,7397474.7,-56.42,43.26,15.72,9.21,96.17,56.33,96.17,-78.09,48
5/28/2026,1630,TEVA,34.52,-0.12%,0.76,37.345,14.99,35.06,32.36,27.58,3,-0.53,0.31,"3,496,896",-100338.2,6036799.18,6606910.37,-67.63,20.11,-4.77,1.32,37.14,28.37,37.14,-34.08,42
5/28/2026,1630,TFLO,50.62,0.00%,0.03,50.67,50.39,50.56,50.57,50.54,-1,0.64,-0.78,"1,817,102",-100002.16,1680762.36,1716840.13,31.28,-0.02,0.14,0.02,51.41,50.61,51.41,-51.17,NaN
5/28/2026,1630,TGS,30.78,1.38%,0.61,36.3499,19.74,29.94,31.55,28.95,3,0.19,0.71,"315,979",100558.05,391636.5,366643.08,-14.87,-10.45,4.84,5.88,36.4,28.58,36.4,-28.04,46
5/28/2026,1630,TGT,128.65,0.25%,2.84,133.1,83.44,125.5,123.55,105.4,5,0.21,0.71,"4,676,541",100237.06,5638370.08,5849975.03,-37.97,7.35,5.9,2.43,133.26,111.62,133.26,-117.05,56
5/28/2026,1630,THC,173.2,-4.34%,8.7,247.21,146.6,187.2,190.63,199.38,-1,-0.26,-0.37,"1,121,666",100245.19,1387442.97,1305800.5,-24.51,-9.73,-11.57,-0.33,247.58,168.19,-168.19,-172.02,36
5/28/2026,1630,THD,74,0.83%,1.02,75.06,48.08,71.78,70.1,63.83,6,0.4,0.73,"78,321",-100120.31,99423.92,125639.63,-14.69,11.9,2.54,1.94,75.62,65.48,-65.48,-70.11,NaN
5/28/2026,1630,TIGR,5.01,-1.76%,0.66,13.55,4,6.08,6.45,8.8,2,-0.02,0.07,"7,264,930",101001.04,4603505.92,4045814.36,103.41,-17.46,-24.55,14.91,8.62,4.03,8.62,-4.03,3
5/28/2026,1630,TIP,111.18,0.27%,0.39,112.26,108.07,110.92,110.93,110.91,6,0.31,0.62,"1,702,772",100007.09,2402177.68,2444312.2,11.3,1.38,0.05,0.72,112.62,110.42,-110.42,-110.06,NaN
5/28/2026,1630,TJX,154.89,-1.35%,4.45,165.82,119.8405,153.71,156.64,150.4,-2,-0.49,-0.88,"7,647,153",200423.06,4939795,4948456.09,63.6,-0.15,5.35,-2.14,166.34,146.1,-146.1,-146.1,56
5/28/2026,1630,TKO,200.54,6.87%,4.63,226.94,152.29,189.23,191.09,196.49,1,0.46,0.74,"1,980,248",200242.41,1455360.32,1436853.9,-3.09,5.99,9.17,4.72,226.61,181.19,-181.19,-182.1,47
5/28/2026,1630,TKR,126.78,-0.30%,5.17,128.3123,67.14,116.58,108.55,91.46,6,0.91,0.88,"746,744",300442.03,875906.3,872666.03,-33.43,29.95,9.54,5.69,124.15,94.47,-94.47,-105.17,42
5/28/2026,1630,TLT,85.74,0.52%,0.86,92.185,82.77,84.94,85.92,88.01,6,0.29,0.82,"25,346,100",100016.47,2.90E+07,3.27E+07,19.68,0.12,1.11,1.25,91.62,83.06,-83.06,-83.06,NaN
5/28/2026,1630,TME,9.09,-1.30%,0.23,26.7,8.435,9.09,9.37,17.22,-1,1,-0.66,"10,592,828",-200962.5,1.13E+07,1.11E+07,-14.88,-3.61,1.68,3.18,15.51,8.08,-8.08,-8.08,51
5/28/2026,1630,TMO,487.22,6.80%,11.52,643.99,385.46,458.26,479.05,526.71,8,0.47,0.83,"4,372,742",100634.01,2201984.68,2212092.49,72.59,2.93,9.23,8.69,538.26,435.07,-435.07,-435.07,37
5/28/2026,1630,TMUS,189.01,-0.94%,2.12,261.56,181.36,191.83,196.67,212.31,-2,-0.3,-0.45,"3,924,209",-100140.27,5764952.22,5594497.06,10.85,-10.35,-0.67,-1.28,222.59,182.22,-182.22,-185.08,38
5/28/2026,1630,TNET,45.41,4.10%,1.48,84.08,33.605,42.48,39.94,53.65,4,0.94,0.78,"477,923",0,443327.42,471115.55,13.38,19.47,14.56,6.15,46.18,34.33,46.18,-38.1,39
5/28/2026,1630,TNX:CGI,44.55,-0.58%,0.83,46.87,39.47,44.79,43.85,41.99,-6,-0.78,-0.26,<empty>,NaN,NaN,NaN,NaN,0.34,-0.58,-2.26,47.06,40.62,47.06,47.06,NaN
5/28/2026,1630,TOKE,5.24,0.00%,0.07,7.334,4.27,5.21,5.47,5.74,1,0.34,0.36,<empty>,0,22074.62,51471.83,22.71,-7.91,-0.37,0.77,6.62,5.12,-5.12,-5.12,NaN
5/28/2026,1630,TOST,24.96,1.88%,0.8,49.66,22.26,25.12,26.49,33.15,10,0.4,0.61,"9,200,134",100153.07,1.11E+07,1.12E+07,-43.77,-2.65,11.78,7.77,31.57,22.1,-22.1,-22.1,46
5/28/2026,1630,TPB,88.35,-1.82%,1.53,146.9,65.8,88.29,83.68,99.29,-12,-0.72,-0.71,"221,373",-101366.4,497341.98,515688.87,-76.02,3.49,-1.61,-1.82,143.62,66.39,-66.39,99.13,47
5/28/2026,1630,TPL,401.32,-1.17%,6.84,547.2,269.2333333,405.4,437.4,365.6,9,0.17,0.63,"365,478",100652.34,454550.75,469374.21,-43.68,-21.58,3.83,-0.18,545.45,370.34,-370.34,-375.1,47
5/28/2026,1630,TPR,145.39,4.73%,4.52,161.97,76.92,137.01,142.26,126.83,11,0.29,0.75,"2,211,239",100040.11,2126014.1,2133589.16,-65.76,4.72,9.56,4.98,159.28,128.11,-128.11,-128.11,53
5/28/2026,1630,TPYP,42.1611,-0.84%,0.84,44.58,33.94,43.03,42.41,38.07,-6,-0.37,-0.32,"21,550",200020.24,154564.52,131969.74,-60.66,-1.97,-1.25,-4.53,44.06,40.28,45.05,45.05,NaN
5/28/2026,1630,TRIP,10.9,6.97%,0.43,20.16,9.01,10.29,10.52,13.64,10,0.65,0.71,"4,849,922",200763.06,3764409.55,3706831.29,-0.1,7.81,13.19,8.13,12.26,9.48,12.26,-9.05,48
5/28/2026,1630,TRP,67.63,-0.84%,1.8,71.47,46.29,67.6,64.61,57.54,-4,-0.85,-0.33,"1,558,658",-200028.41,2668395.84,2582863.88,-21.15,6.57,0.85,-4.63,70.06,59.28,-59.28,71.03,43
5/28/2026,1630,TRU,71.66,1.16%,2,99.39,64.51,69.47,70.55,79.38,6,0.68,0.73,"1,757,805",0,2186500.63,2307574.06,-14.26,8.97,7.65,1.42,80.6,65.05,-65.05,-65.05,38
5/28/2026,1630,TSLA,442.1,0.40%,13,498.83,273.21,418.69,390.93,411.65,4,0.88,0.55,"32,266,173",-100047.25,6.14E+07,6.09E+07,-49.81,22.18,-0.71,3.78,453.1,337.36,453.1,453.1,38
5/28/2026,1630,TSM,424.86,0.50%,9.47,430.55,190.56,406.03,377.82,320.51,6,0.77,0.53,"8,876,114",100252.24,1.35E+07,1.37E+07,-33.78,30.03,6.27,5.03,422.09,314.41,-314.41,-385.06,33
5/28/2026,1630,TSN,62,-6.09%,1.43,69.4842,50.56,66.36,64.62,59.33,-1,-0.29,-0.05,"3,783,386",100528.18,2781844.05,2908174.91,47.78,-3,-7.31,-4.69,69.16,58.46,69.16,69.16,45
5/28/2026,1630,TT,452.26,-1.18%,10.31,503.47,348.06,468.04,456.7,427.85,4,-0.18,0.3,"1,449,846",100030.2,1325470.7,1330325.7,-7.55,10.25,-3.98,0.27,503.19,403.41,503.19,-444.03,42
5/28/2026,1630,TTD,21.15,-5.11%,0.75,91.45,19.74,22.28,22.37,36.21,-1,-0.81,-0.48,"21,677,882",-100573.59,1.91E+07,2.07E+07,-49.64,-0.61,3.22,-5.5,33.58,20.34,-20.34,-20.1,48
5/28/2026,1630,TTE,87.17,0.59%,2.02,94.17,57.39,91.14,90.45,72.51,-6,-0.02,-0.17,"1,695,613",500228.34,1848932.36,1997044.08,71.51,-3,-4.6,-4.84,94.07,77.58,94.07,94.07,NaN
5/28/2026,1630,TTWO,217.87,-0.27%,9.24,264.785,187.63,227.14,213.24,231.84,-7,-0.77,-0.33,"2,730,516",-100744.04,1970659.19,1966114.49,43.62,14.86,-4.02,-4.25,246.09,188.42,-188.42,247.03,50
5/28/2026,1630,TUA,20.65,0.12%,0.11,22.305,20.425,20.71,20.92,21.66,6,0.45,0.65,"217,112",100124.43,551513.81,504782.92,-17.5,-1.01,-0.48,0.68,22.62,20.06,-20.06,-20.06,NaN
5/28/2026,1630,TUR,38.51,0.86%,2.11,43.98,29.64,41.22,40.81,37.16,4,0,0.14,"257,694",-100742.05,318558.16,403812.85,-13.38,2.39,-9.11,-2.11,44.12,36.04,-36.04,-36.04,NaN
5/28/2026,1630,TWLO,184.6,1.67%,6.15,203.71,91.84,189.85,155.05,127.87,-14,-0.61,0,"1,658,933",300458.18,2541963.23,2373929.39,-35.92,53.85,-4.16,-1.75,204.13,113.33,204.13,-180.02,48
5/28/2026,1630,TXG,27.99,9.72%,2.11,28.17,8.81,22.72,22.19,17.81,11,0.74,1,"3,457,945",100380.14,2604572.15,2587591.56,51.7,43.69,32.84,18.2,26.28,16.51,-16.51,-20.13,48
5/28/2026,1630,TXRH,180.35,-0.63%,2.68,197.99,153.825,172.93,167.31,171.94,-2,-0.81,-0.46,"959,154",200331.13,1179946,1098371.58,-56.94,12.59,0.59,1.57,185.11,154.17,185.11,185.11,48
5/28/2026,1630,TXT,91.92,-0.43%,1.27,101.57,72.76,91.52,90.38,87.68,6,0.49,0.7,"1,537,306",-100129.2,1363484.53,1385616.37,28.9,5.09,0.59,0.1,101.61,86.41,-86.41,-88.05,38
5/28/2026,1630,TYX:CGI,49.85,-0.52%,0.67,51.97,45.28,50.33,49.6,48.14,-6,-0.73,-0.22,<empty>,NaN,NaN,NaN,NaN,0.06,-1.23,-1.56,52.06,46.62,52.06,52.06,NaN
5/28/2026,1630,U,29.94,7.85%,1.08,52.15,16.78,27.03,24.33,33.9,3,0.79,0.68,"14,159,005",-100494.43,1.31E+07,1.35E+07,-56.84,53.93,11.34,17.09,31.14,17.43,31.14,-25.03,47
5/28/2026,1630,UA,5.84,3.55%,0.42,7.9067,3.95,5.56,5.8,5.36,8,0.2,0.77,"2,777,946",-100455.12,2821715.39,2838033.26,76.83,3.73,17.03,8.15,7.62,5.11,-5.11,-5.11,49
5/28/2026,1630,UAA,5.99,3.63%,0.44,8.15,4.13,5.71,5.96,5.53,8,0.19,0.77,"8,118,778",-100361.12,8286754.6,9054060.22,21.72,4.36,17.22,8.91,8.62,5.11,-5.11,-5.11,49
5/28/2026,1630,UAE,19.63,2.40%,0.27,22.29,16.99,19.14,19.02,19.51,7,0.58,0.64,"367,424",100338.47,566392.25,793364.15,55.69,10.28,3.48,3.78,21.62,17.47,-17.47,-18.07,NaN
5/28/2026,1630,UAL,115.06,2.17%,7.1,119.21,71.55,97.78,95.11,101.55,6,0.94,1,"6,523,180",-300458.26,7316102.08,7888363,-20.53,30.1,20.23,15.11,112.62,85.41,-85.41,-88.06,38
5/28/2026,1630,UBER,70.92,0.27%,1.99,101.99,68.46,74.3,73.93,83.79,1,-0.6,0.16,"19,112,641",100237.16,1.61E+07,1.70E+07,-29.14,2.52,-5.06,-1.25,81.14,68.42,81.14,81.14,47
5/28/2026,1630,UFO,67.805,1.73%,4.18,68.2121,23.897,57.01,52.44,42.1,4,1,1,"1,591,550",-100069.02,1062367.71,926396.35,150.88,53.54,20.31,9.54,59.07,42.41,-42.41,-50.16,NaN
5/28/2026,1630,UGA,107.74,1.26%,5.59,125.47,57.63,117.5,108.81,77.45,-7,-0.2,0,"58,227",-200176.4,88497.38,84892.43,21.65,4.28,-10.21,-6.51,125.07,72.62,125.07,125.07,NaN
5/28/2026,1630,UHAL,59.05,13.47%,2.49,64.75,41.945,51.28,50,52.98,8,0.79,0.83,"793,254",201230.01,239239.8,234250.57,335.84,29.24,19.17,14.55,54.25,42.47,-42.47,-48.06,47
5/28/2026,1630,UHS,150.12,-2.70%,6.63,246.325,149.15,165.26,174.84,200.57,-7,-0.14,-0.37,"1,199,359",100536.21,825753.36,862769.62,-4.41,-18.43,-12.22,-4.87,209.62,157.04,209.62,175.13,41
5/28/2026,1630,UL,57.03,-1.67%,0.5,74.975,54.95,57.92,58.21,65.7,-1,-0.52,-0.66,"4,194,594",100232.4,4779815.73,4507028.25,-10.89,-3.94,-0.82,-0.56,74.62,55.39,-55.39,-56.08,41
5/28/2026,1630,ULS,99.57,-1.02%,1.59,107.54,61.64,99.11,91.7,80.04,-3,-0.84,-0.42,"582,697",-100145.48,779059.44,743782.28,-35.36,18.66,0.78,-3.19,108.15,78.56,108.15,108.15,46
5/28/2026,1630,ULTA,520.15,2.52%,13.01,714.9699,414.21,511.11,525.86,567.35,7,0.49,0.78,"716,293",-300337.52,691376.52,749891.3,34.07,1.92,5.69,0.99,703.62,469.06,-469.06,-469.06,3
5/28/2026,1630,UNG,11.89,6.35%,0.36,18.1182,9.95,11.07,11.17,12.47,1,0.59,0.48,"12,123,500",0,9484941.39,1.06E+07,-25.65,-3.18,8.29,8.68,13.56,10.2,-10.2,12.06,NaN
5/28/2026,1630,UNH,382.53,-0.39%,7.13,404.15,234.6,382.19,336.41,326.01,-10,-0.75,-0.25,"4,330,764",-100145.48,8410113.04,8200178.4,-17.28,47.68,-4.64,-1.53,404.1,256.42,404.1,404.1,41
5/28/2026,1630,UNP,267,-4.43%,4.42,279.7,210.84,267.79,256.38,238.9,-1,-0.61,-0.49,"6,081,846",-100328.01,3023380.45,3001891.9,199.23,11.81,0.89,0.42,276.07,232.48,-232.48,-261.11,38
5/28/2026,1630,UPBD,19.42,2.81%,0.69,28.025,15.82,18.21,18.44,20.22,8,0.46,0.75,"795,761",200250.2,845222.64,853180.83,1.29,7.47,12.38,8.86,22.62,17.06,-17.06,-17.06,43
5/28/2026,1630,UPS,106.67,2.11%,2.84,122.41,82,100.47,100.92,98.01,7,0.53,0.86,"6,192,198",-200635.18,6177835.68,6301949.83,6.6,12.52,8.35,5.59,117.62,94.06,-94.06,-94.06,41
5/28/2026,1630,UPST,32.69,6.41%,1.4,87.3,23.965,29.66,29.26,42.84,7,0.74,0.56,"5,417,764",0,4708776.67,4839369.08,-24.05,31.97,21.12,14.46,36.26,24.41,36.26,-26.1,46
5/28/2026,1630,URA,50.75,1.18%,2.85,62.28,31.52,52.59,51.8,49.4,5,0.12,0.4,"3,680,065",0,3816906.5,3886279.36,-32.18,8.84,-4.8,3.66,59.24,45.41,59.24,-47.06,NaN
5/28/2026,1630,URBN,74.85,-0.40%,2.97,84.35,59.535,70.65,68.65,70.35,-1,0.55,-0.61,"1,343,943",100247.05,1441527.65,1580027.66,50.02,22.28,12.71,2.52,77.26,60.45,-60.45,-65.11,62
5/28/2026,1630,URI,988.42,0.02%,19.74,1021.47,681.98,949.8,853.53,875.36,4,0.73,0.4,"360,669",100536.25,542476.85,576162.16,-24.63,34.61,5.68,5.31,1001.23,702.48,1001.23,-911.06,38
5/28/2026,1630,URNJ,28.26,1.22%,1.88,40.81,17.12,29.3,29.78,28.97,5,0.13,0.41,"135,094",0,324529.33,357655.04,-54.56,2.91,-5.04,5.02,37.61,26.05,-26.05,-26.05,NaN
5/28/2026,1630,URNM,61.35,1.44%,3.25,84.95,39.241,63.03,63.93,61.52,5,0.12,0.44,"547,394",100255.03,751822.93,766117.18,-47.32,2.63,-3.96,5.38,76.61,57.06,-57.06,-57.06,NaN
5/28/2026,1630,USCI,98.61,0.64%,1.42,102.93,69.3,100.24,97.62,84.21,-10,-0.2,0,"18,245",400127.02,27172.45,25492.93,-6.72,2.95,-3.42,-0.94,103.1,85.62,103.1,103.1,NaN
5/28/2026,1630,USD/JPY,159.261,0.00%,0.221,N/A,N/A,158.695,158.574,157.207,-10,-0.62,-0.67,0,-100200.3,1.28E+07,1.84E+07,-100,0.428,0.104,-0.026,161.29,155.23,-155.23,-157.17,NaN
5/28/2026,1630,USFD,81.15,-1.51%,1.44,102.13,69.875,85.15,88.79,82.31,8,0.04,0.42,"1,823,860",-100028.15,2450534.02,2447691.11,-70.08,-10.69,-4.71,0.85,97.62,80.04,-80.04,-80.04,48
5/28/2026,1630,USPH,63.89,-0.44%,1.82,93.5,58.19,64.49,70.87,79.51,12,0.25,0.69,"199,664",300346.08,199717.47,200861.04,-58.14,-14.53,6.24,3.11,85.59,58.13,-58.13,-58.13,47
5/28/2026,1630,UTI,39.03,-0.94%,1.7,41.53,21.29,38.04,37.24,30.99,-1,-0.56,-0.46,"882,928",300054.03,899447.09,868437.91,-32.28,4.95,-1.81,-2.57,42.09,31.14,42.09,42.09,47
5/28/2026,1630,UTZ,7.5,0.67%,0.24,14.67,6.92,7.54,7.6,10.07,-3,0.7,-0.57,"1,428,567",200150.07,2004636.87,1949696.14,-50.13,1.21,7.91,-3.47,10.62,7.08,-7.08,-7.08,43
5/28/2026,1630,UUP,27.7,-0.18%,0.15,28.45,26.395,27.57,27.58,27.55,-6,-0.77,-0.76,"2,942,054",100007.36,2626407.91,2787564.64,92.47,-0.5,0.69,-0.25,28.41,27.62,28.41,28.04,NaN
5/28/2026,1630,V,324.95,-0.81%,3.96,375.51,293.89,325.84,314.72,330.83,-5,-0.82,-0.51,"8,105,437",-200124.07,7380459.94,7311324.03,12.79,9.96,1.45,-1.19,342.2,294.39,342.2,335.06,41
5/28/2026,1630,VET,11.38,0.26%,0.53,14.82,6.415,12.49,12.77,9.72,-6,0,-0.27,"1,351,735",101365.49,2159122.85,2276076.64,-29.31,-18.19,-9.18,-7.48,15.47,11.62,15.47,14.16,48
5/28/2026,1630,VFC,17.93,2.99%,0.73,22.2699,11.06,17.67,18.02,17.12,5,0.27,0.47,"10,680,778",100155.05,7457413.7,7222078.86,108.3,9.33,4.67,7.37,22.26,16.04,-16.04,-16.04,46
5/28/2026,1630,VG,12.54,1.37%,0.95,19.5,5.72,13.06,13.68,10.9,-6,-0.29,-0.56,"9,075,530",100815.48,2.74E+07,2.75E+07,-51.68,-28.47,-3.54,-9.33,18.45,9.62,18.45,15.06,52
5/28/2026,1630,VGK,89.03,-0.32%,1.04,90.745,74.2401,87.7,85.85,83.47,-1,0.83,-0.54,"2,120,023",200127.41,4028145.91,4148769.85,-48.05,12.06,1.63,0.64,91.62,79.47,-79.47,90.02,NaN
5/28/2026,1630,VHT,281.77,1.40%,3.78,298.6068,237.2312,273.67,272.93,275.87,1,0.67,0.91,"224,156",-100116.19,195219.44,198450.5,30.31,6.18,2.68,0.9,296.62,265.42,-265.42,-267.12,NaN
5/28/2026,1630,VIK,92.34,-0.23%,3.65,93.6999,44.01,84.16,79.61,69.83,4,0.93,0.78,"3,128,464",200449.02,3285631.81,3256035.19,-33.84,34.65,12.38,9.63,92.09,66.56,-66.56,-78.17,55
5/28/2026,1630,VIR,9.55,4.95%,0.27,11.66,4.155,9.37,9.54,7.14,6,0.13,0.56,"2,325,212",0,1788222.11,2555038.82,-16.61,13.69,2.36,3.92,12.27,8.41,12.27,-9.06,47
5/28/2026,1630,VIX,15.74,-3.38%,0.79,35.3,13.38,17.33,20.13,18.43,-2,-0.21,-0.62,<empty>,NaN,NaN,NaN,NaN,-48.58,-8.81,-5.12,35.57,16.16,35.57,19.08,NaN
5/28/2026,1630,VKTX,32.19,1.67%,1.14,43.15,22.959,30.95,32.53,32.52,6,0.43,0.62,"1,457,134",100268.2,2267235.8,2278440.06,-24.45,-1.01,1.55,4.21,38.52,28.06,-28.06,-28.06,42
5/28/2026,1630,VLO,244.85,1.88%,6.53,263.75,125.1,247.15,242.89,192.72,1,-0.31,0.34,"2,565,058",-100148.48,3598491.16,3738558.18,-32.96,-3.72,0.31,-0.85,263.06,199.62,264.05,264.05,38
5/28/2026,1630,VLTO,83.48,-1.16%,0.98,110.11,80.03,86.5,87.91,97.65,-2,-0.46,-0.55,"5,292,124",-200129.01,2158135.32,2048328.6,99.01,-1.82,-2.76,-3.82,98.62,84.08,98.62,90.16,39
5/28/2026,1630,VMC,276.75,0.40%,7.87,331.09,252.35,277.96,280.05,291.9,6,0.4,0.53,"1,617,077",300138.42,1144335.67,1218739.54,103.97,5.85,0.8,6.18,312.62,252.48,-252.48,-252.06,43
5/28/2026,1630,VNM,18.68,-0.32%,0.32,19.85,13.02,19.16,18.41,18.29,-5,-0.61,-0.18,"430,847",-100141.55,739290.91,855155.92,-47.47,11.72,-2.96,-0.37,20.13,16.45,20.13,20.13,NaN
5/28/2026,1630,VNO,33.85,1.62%,0.99,43.37,24.57,31.37,28.93,33.57,6,0.98,0.51,"2,849,591",-100446.48,2017267.32,2052813.66,-25.45,36.99,10.3,5.85,33.14,25.42,-25.42,-29.16,45
5/28/2026,1630,VRNS,31.81,5.19%,1.56,63.9,19.7,28.76,25.42,37.04,1,1,0.63,"2,417,625",0,2492571.9,2387548.76,-7.8,49.98,17.77,2.61,30.06,20.33,-20.33,-26.17,41
5/28/2026,1630,VRT,314.18,-1.75%,22.87,379.935,104.71,340.33,306.34,210.42,-9,-0.28,0,"5,367,304",-100569.48,7422483.31,7547851.79,-1.66,25.14,-15.08,-4.06,380.09,232.41,380.09,380.09,42
5/28/2026,1630,VRTX,447.97,2.46%,7.37,507.92,362.5,435.12,438.75,435.77,2,0.54,0.66,"1,357,855",100432.56,1242965.94,1295764.92,22.04,3.44,-1.12,3.1,508.55,412.16,-412.16,457.09,45
5/28/2026,1630,VSCO,59.6,4.23%,4.76,66.889,17.53,49.82,49.36,44.11,7,0.59,1,"3,168,553",100673.57,2156797.42,2426643.53,14.3,40.33,31.89,13.63,65.59,42.42,-42.42,-43.06,3
5/28/2026,1630,VTR,85.79,-2.57%,1.06,91.06,61.76,87.92,85.45,78.26,-9,-0.42,-0.28,"2,981,953",100023.2,4184393.25,3936344.15,-42.08,4.74,-5.05,-2.71,91.08,79.25,91.08,91.08,42
5/28/2026,1630,VVIX,86.03,-1.71%,3.89,147.14,81.72,93.85,103.27,102.3,-5,-0.19,-0.45,<empty>,NaN,NaN,NaN,NaN,-35.4,-12.54,-5.63,141.57,90.03,141.57,103.11,NaN
5/28/2026,1630,VVV,34.18,-1.16%,1.01,41.33,28.5,33.42,33.5,34.32,6,0.34,0.69,"1,203,191",-200136.14,2133014.48,2043077.78,-81.76,2.27,6.51,1.79,38.61,31.05,-31.05,-31.05,47
5/28/2026,1630,VXD,15.33,-0.26%,0.56,42.71,2.43,16.14,19.23,17.32,-2,0.2,-0.5,<empty>,NaN,NaN,NaN,NaN,-51.79,-5.25,-0.65,43.55,15.03,43.55,18.17,NaN
5/28/2026,1630,VXN:CGI,22.92,-2.01%,0.72,33.92,9.01,23.52,24.86,22.66,-2,-0.4,-0.55,<empty>,NaN,NaN,NaN,NaN,-31.66,-6.79,0.44,34.41,21.18,-21.18,26.08,NaN
5/28/2026,1630,VXX,24.56,-1.84%,1.2,56.0096,24.44,27.39,30.37,31.56,-6,-0.14,-0.5,"6,764,167",-101204.57,1.01E+07,1.13E+07,-3.16,-37.68,-13.43,-7.04,40.41,26.04,40.41,29.17,NaN
5/28/2026,1630,VZ,48.01,-0.48%,0.63,51.68,38.39,47.61,47.91,44.26,-2,0.35,-0.51,"20,698,332",100029.48,2.46E+07,2.47E+07,9.87,-4.57,1.69,-0.7,52.45,44.31,-44.31,-46.07,36
5/28/2026,1630,W,72.75,-0.56%,5.21,119.98,39.9,64.53,70.99,86.79,8,0.59,1,"4,447,937",101271.06,4106076.23,3974486.85,4.21,1.75,21.13,8.47,86.28,56.06,-56.06,-56.06,45
5/28/2026,1630,WBD,27.04,-0.37%,0.11,30,9.11,27.12,27.22,24.03,-1,-0.1,-0.37,"22,832,066",-100119.48,2.09E+07,2.27E+07,25.8,-0.11,-0.77,0.04,29.61,27.21,-27.21,27.05,48
5/28/2026,1630,WCLD,30.52,3.67%,0.89,37.115,23.8901,29.19,27.93,31.99,1,1,0.59,"633,494",100243.41,1075925.73,1232161.99,-16.67,16.49,11.02,1.03,31.06,24.33,-24.33,-27.09,NaN
5/28/2026,1630,WDAY,130.01,4.43%,4.23,257.09,110.36,125.06,125.21,186.24,1,1,0.53,"5,590,577",-100062.04,5033463.61,5196890.32,-7.06,4.69,11.6,1.46,154.56,110.34,-110.34,136.06,58
5/28/2026,1630,WEAT,23.83,0.29%,0.62,25.6,19.78,24.28,23.5,21.6,-6,-0.6,-0.15,"439,719",-200149.54,1001701.4,1046088.31,-46.67,2.85,-6.07,-2.93,26.1,22.59,26.1,26.1,NaN
5/28/2026,1630,WELL,210.29,-1.82%,2.58,221.675,148.6,215.89,208.94,191.7,-2,-0.41,-0.35,"3,088,970",100326.07,3068244.43,3105261.61,13.03,7.42,-4.47,-2.72,222.1,193.45,222.1,222.1,41
5/28/2026,1630,WEN,7.5,0.13%,0.38,12.51,6.37,7.41,7.14,8.29,-9,-0.77,-0.21,"8,794,146",200467.12,1.03E+07,9756721.55,-40.33,10.29,-8.42,-3.97,8.1,6.16,8.1,8.1,49
5/28/2026,1630,WEST,8.01,1.26%,0.25,8.9764,3.59,7.59,5.92,5.01,-11,-0.79,-0.09,"423,965",-100168.12,625623.5,592135,-25.21,104.86,-4.42,-4.07,9.12,4.56,9.12,9.12,48
5/28/2026,1630,WFC,76.65,0.71%,1.27,97.76,71.93,76.71,79.1,84.06,10,0.43,0.65,"14,146,674",-300430.14,1.70E+07,1.77E+07,-25.91,-0.7,4.24,0.33,87.32,73.08,-73.08,-73.08,31
5/28/2026,1630,WGMI,69.26,0.67%,4.36,70.12,16.31,58.32,48.64,44.73,5,1,0.78,"894,554",-100477.08,530382.27,544939.17,45.32,96.82,17.63,11.84,62.09,32.41,-32.41,-48.17,NaN
5/28/2026,1630,WGS,50.15,4.02%,3.99,170.87,32.21,45.82,57.89,104.57,14,0.39,0.93,"1,304,018",201576.15,1293543.23,1185083.68,-69.22,-12.16,28.79,6,95.56,32.15,-32.15,-32.15,41
5/28/2026,1630,WH,82.61,-1.30%,1.72,92.685,69.21,81.07,82.42,79.68,6,0.19,0.66,"1,155,106",0,1199159.82,1217238.52,-7.91,4,1.72,4.38,90.26,72.53,90.26,-77.05,38
5/28/2026,1630,WING,157.61,3.63%,10.87,388.14,116.35,137.96,161.14,236.22,12,0.56,0.84,"1,307,456",200873.09,1425926.1,1327946.83,-42.69,2.04,30.68,12.25,267.62,116.09,-116.09,-116.09,42
5/28/2026,1630,WMS,140.05,-0.21%,3.45,179.315,105.14,140.18,142.47,147.3,6,0.4,0.58,"636,599",-200143.05,912919.75,916215.46,-0.9,5.54,1.53,5.3,171.62,128.03,171.62,-128.03,48
5/28/2026,1630,WMT,118.9,0.30%,5.89,135.155,93.43,128.23,126.56,115.01,1,0,0.01,"21,578,505",-100228.05,1.92E+07,1.94E+07,44.48,-3.25,-9.56,-1.14,135.06,118.47,135.06,135.06,57
5/28/2026,1630,WOOD,68.04,0.70%,1.26,83.32,64.53,67.32,69.07,72.37,6,0.35,0.79,"6,240",0,18600.43,26025.44,-94.38,-1.17,1.17,3.53,79.62,65.06,-65.06,-65.06,NaN
5/28/2026,1630,WRBY,25.72,0.16%,1.8,31,14.96,25.73,23.83,24.06,2,-0.49,0.2,"1,523,678",-101183.07,2766908.51,3019632.83,-82.72,26.51,-9.72,2.51,30.06,20.37,30.06,30.06,48
5/28/2026,1630,WW,17.1,12.87%,2.31,46.949,8.365,11.22,12.11,23.39,5,0.76,1,"542,491",-101609.15,394404.93,364560.99,-41.79,20.21,77.39,33.7,25.51,8.13,-8.13,-8.13,50
5/28/2026,1630,WWW,17.75,-0.50%,0.94,32.8,13.47,16.36,16.72,20.44,6,0.78,0.58,"1,564,788",-101064.1,1100277.94,1189671.94,65.77,12.48,14.29,8.17,20.62,14.09,-14.09,-14.09,43
5/28/2026,1630,WY,24.56,0.20%,0.53,27.86,21.155,23.6,24.02,24.34,8,0.36,0.8,"5,137,231",0,4967516.31,5311235.91,-12.81,2.93,6.32,3.8,26.26,22.47,26.26,-22.06,39
5/28/2026,1630,WYFI,32.18,1.90%,3.3,40.75,10.5101,24.76,18.55,20.63,-1,1,-0.64,"1,027,224",101951.1,1387745.81,1239783.64,-13.44,198.52,19.05,6.59,31.09,11.42,-11.42,33.02,54
5/28/2026,1630,WYNN,101.54,0.32%,2.37,134.72,82.627,100.4,102.33,114.73,8,0.41,0.72,"1,212,367",-100338.14,1458040.1,1660510.3,-4.78,5.12,5.54,4.42,112.28,93.05,-93.05,-93.05,48
5/28/2026,1630,XBI,135.99,1.15%,2.78,139.19,78.0599,133.03,130.74,117.67,6,0.36,0.52,"6,860,892",-100037.4,8969388,9081934.8,-35.84,13.71,0.1,3.29,139.28,118.45,139.28,-125.06,NaN
5/28/2026,1630,XHR,17.55,0.69%,0.46,17.75,11.75,16.68,15.92,14.67,8,0.94,0.68,"689,704",100136.24,702537.15,696203.43,-0.45,19.96,7.27,4.34,17.18,14.52,-14.52,-16.08,43
5/28/2026,1630,XIACY,18.32,1.16%,0.73,40.25,18.02,19.49,20.02,25.99,-2,-0.63,-0.16,"358,525",-100000.49,410538.48,427013.34,30.22,-12.05,-11.58,-3.73,23.48,19.19,23.48,21.1,60
5/28/2026,1630,XLB,51.36,0.35%,0.96,54.14,42.035,51.08,50.74,47.63,5,0.34,0.59,"10,565,913",0,1.20E+07,1.34E+07,-18.89,5.01,-1.34,2.13,53.62,47.47,-47.47,-49.06,NaN
5/28/2026,1630,XLC,116.67,0.35%,0.54,120.405,100.04,116.35,114.9,115.34,2,0.68,0.4,"4,528,339",0,5556404.65,6365511.93,4.49,9,-0.08,1.05,119.28,107.42,119.28,-115.05,NaN
5/28/2026,1630,XLE,56.95,-0.07%,1.52,63.46,40.4375,58.4,58.38,49.91,-6,-0.27,-0.49,"46,483,389",0,4.73E+07,5.32E+07,-12.15,-8.97,-1.18,-4.27,63.41,53.28,-53.28,62.05,NaN
5/28/2026,1630,XLF,51.27,-0.29%,0.3,56.515,47.67,51.54,50.97,52.6,-2,-0.62,-0.4,"40,563,488",0,3.99E+07,4.53E+07,9.68,7.24,0.55,-1.29,53.26,48.42,53.26,-51.05,NaN
5/28/2026,1630,XLG,64.24,0.82%,0.43,64.33,48.68,62.9,59.4,58.24,1,-0.86,0.18,"1,505,415",-100129.54,2277596.38,3146943.96,-28.61,21.39,1.2,1.07,64.09,53.41,64.09,64.09,NaN
5/28/2026,1630,XLI,173.8,-0.29%,1.88,179.305,140.84,172.94,169.79,161.35,6,0.53,0.53,"8,669,029",100028.58,1.01E+07,1.15E+07,-18.43,9.17,0.1,1.18,179.61,156.41,-156.41,-168.06,NaN
5/28/2026,1630,XLK,186.85,1.31%,4.03,187.58,113.71,174.51,156.34,145.1,4,0.94,0.42,"11,152,898",0,1.27E+07,1.43E+07,1.1,43.82,5.65,3.58,180.09,127.41,-127.41,-161.17,NaN
5/28/2026,1630,XLP,84.43,-0.18%,0.73,90.14,75.16,84.51,83.04,81.42,-6,-0.48,-0.52,"6,414,233",0,1.33E+07,1.50E+07,-36.6,3.24,-0.34,-0.44,90.62,80.3,-80.3,87.06,NaN
5/28/2026,1630,XLRE,44.41,-0.49%,0.41,44.985,39.725,44.3,43.12,42.02,-1,-0.72,-0.46,"3,274,005",-100330.48,6345466.35,7011113.74,-52.93,11,0.45,-0.34,45.15,40.42,-40.42,-43.08,NaN
5/28/2026,1630,XLU,44.63,-1.13%,0.46,47.8,39.89,45.19,45.65,44.44,-1,-0.14,-0.56,"19,382,924",-100424.48,2.21E+07,2.38E+07,-17.52,-2.11,-0.09,-1.59,48.62,44.07,-44.07,-44.07,NaN
5/28/2026,1630,XLV,150.88,1.40%,2.16,160.59,127.96,146.43,146.34,148.21,1,0.68,0.96,"10,397,233",100123.46,1.07E+07,1.19E+07,36.66,5.32,2.84,0.66,160.62,142.2,-142.2,-143.12,NaN
5/28/2026,1630,XLY,122.06,0.42%,1.84,125.01,103.855,118.73,115.32,117.53,6,0.81,0.41,"7,591,052",100227.41,8827147.01,9705546.35,-4.25,15.5,2.81,2.42,122.28,105.41,-105.41,-114.06,NaN
5/28/2026,1630,XOM,146.96,-0.64%,5.03,176.41,101.185,152.61,155.1,131.73,-6,-0.19,-0.45,"13,989,316",-100337.4,2.05E+07,2.09E+07,-37.85,-14.05,-3.04,-5.14,176.41,142.28,-142.28,164.05,44
5/28/2026,1630,XOP,164.96,0.98%,4.38,190.36,118.77,171.68,172.63,144.31,-6,-0.08,-0.45,"2,868,805",-300137.56,4434072.92,5028627.87,-50.7,-12.34,-2.01,-4.07,190.41,150.62,190.41,182.16,NaN
5/28/2026,1630,XPEV,16.44,-0.06%,0.56,28.235,14.72,15.88,16.86,19.65,5,0.62,0.7,"10,757,350",-200262.25,6594505.41,6927965.85,94.87,-2.89,-1.44,5.45,20.52,15.05,-15.05,-15.05,0
5/28/2026,1630,XRT,85.61,1.97%,2.01,91.65,74.91,82.58,82.59,84.74,8,0.55,0.73,"7,648,187",100225.05,5589368.34,5802073.59,9.99,8.95,7.35,3.72,89.26,78.05,-78.05,-78.05,NaN
5/28/2026,1630,XTL,241.79,-0.78%,7.02,245.15,101.2401,228.72,213.77,168.5,5,0.76,0.7,"69,326",-300128.32,115037.5,97778.73,-21.53,29.11,6.52,3.4,233.09,179.56,-179.56,-218.06,NaN
5/28/2026,1630,XYL,109.25,-0.38%,1.83,154.27,105.29,111.76,118.01,134.39,6,0.22,0.61,"2,198,205",200037.29,2241177.38,2178570.43,-25.67,-7.06,0.22,-0.93,131.62,105.05,-105.05,-105.05,48
5/28/2026,1630,XYZ,74.35,4.10%,1.99,82.5,48.21,71.03,66.93,67.7,3,0.67,0.33,"6,624,990",0,5797721.55,7211170.96,-33.9,32.82,6.55,9.21,77.13,56.42,77.13,-67.03,50
5/28/2026,1630,YCS,53.92,-0.37%,0.6,54.67,40.18,53.02,53.3,49.71,-1,0.58,-0.81,"11,909",-100218.29,31348.89,29371.2,17.61,-0.13,2.01,0.07,55.45,51.62,55.45,-52.15,NaN
5/28/2026,1630,YELP,23.3,-0.64%,1.5,39.575,19.6,24.65,25.57,28.27,8,0.32,0.56,"1,211,653",0,1160178.48,1257783.28,-2.35,-4.35,1.92,4.06,30.25,21.08,-21.08,-21.08,48
5/28/2026,1630,YPF,52,0.79%,2.83,53.61,22.82,45.86,44.19,36.14,8,0.92,0.94,"2,720,514",100849.08,2659487.84,2552761.07,61.67,15.12,19.46,8.36,49.4,33.6,-33.6,-42.14,46
5/28/2026,1630,YUM,150.03,-1.31%,1.66,169.39,137.33,153.39,156.5,152.84,-2,-0.17,-0.64,"2,585,903",100124.21,1709535.61,1718036.44,61.83,-2.55,0.17,-3.3,169.62,149.12,169.62,159.13,43
5/28/2026,1630,YUMC,43.04,-2.32%,1.29,58.39,41.69,46.39,48.28,47.74,-1,0,-0.27,"1,559,094",100232.49,1449258.69,1559014.56,24.5,-13.21,-8.27,-3.41,55.62,44.03,55.62,49.15,47
5/28/2026,1630,ZG,35.8,-1.57%,1.75,90.22,35.11,39.89,41.92,61.15,6,-0.61,0.54,"989,460",0,1059741.35,1090843.32,-50.98,-11.41,-7.92,-2.93,49.58,35.05,-35.05,-35.05,47
5/28/2026,1630,ZM,100.46,0.50%,3.58,113.73,69.15,102.43,91.3,85.57,2,-0.56,0.34,"3,850,786",-200351.04,4669927.81,4799878.76,-18.94,29.28,-1.92,-4.9,112.12,71.6,-71.6,114.03,58
5/28/2026,1630,ZS,130.04,2.87%,17.69,336.99,114.625,153.94,143.91,222.22,-2,-0.77,-0.32,"16,218,197",100362.01,3996025.92,3891504.65,379.97,-2.34,-14.69,-28.69,183.06,115.33,-115.33,191.02,66
