Date,Time,Symbol,Last,%Change,Sector,Beta,StandardDeviation,Free Cash Flow Per Share - Current (LTM),52High,52Low,SimpleMovingAvg,SimpleMovingAvg,SimpleMovingAvg,A_MCADays_Streak,A_MACD_BRR,A_MACDH_D_BRR,Volume,A_VolumeSpike,VolumeAvg,VolumeAvg,VolumeRateOfChange,A_Perf2M,A_Perf2Wk,A_Perf3D,A_3mnHigh,A_3mnLow,A_3mnHighLow,A_3wkHighLow,A_EarningsDays,Market Cap
05/11/2026,1630,$COMP,26274.1255,+0.10%,,1.212,587.36,<empty>,26359.3082,18472.7088,24880.72,23275.07,22853.04,4.0,1.0,0.57,<empty>,NaN,NaN,NaN,NaN,15.66,5.57,1.68,25223.06,20690.29,-20690.29,-23895.17,NaN,0
05/11/2026,1630,$DJI,49704.47,+0.19%,,1,290.58,<empty>,50512.79,41354.09,49251.66,47890.02,47356.7,-3.0,-0.94,-0.41,"493,233,969",-100100.36,5.1221277356E8,5.3061415113E8,3.48,4.82,1.09,-0.41,50513.62,45057.29,-45057.29,50130.02,NaN,0
05/11/2026,1630,$DXY,97.937,+0.04%,,<empty>,0.321,<empty>,101.977,95.551,98.317,98.975,98.53,-2.0,-0.3,-0.52,<empty>,NaN,NaN,NaN,NaN,-1.323,-0.538,-0.08,101.28,96.62,101.28,-98.03,NaN,0
05/11/2026,1630,/6B[M26],1.3609,-0.10%,,.3089,0.0048,<empty>,1.3869,1.3011,1.3543,1.3426,1.342,2.0,0.69,0.52,"111,511",-100000.43,109538.76,105351.8594,7.6486,1.4764,0.5616,0.1251,1.61,1.28,-1.28,1.06,NaN,0
05/11/2026,1630,/6C[M26],.73220,+0.01%,,.2666,0.0019,<empty>,0.74315,0.70845,0.7333,0.73058,0.72563,-6.0,-0.58,-0.4,"53,528",-300106.41,77077.72,74664.125,-22.37481,-0.50955,-0.43514,-0.34027,1.61,1.28,-1.28,1.06,NaN,0
05/11/2026,1630,/6E[M26],1.18025,+0.03%,,.1322,0.00306,<empty>,1.21105,1.11115,1.17648,1.16746,1.17064,4.0,0.7,0.49,"122,410",-200000.43,223317.72,209675.60938,-29.11206,2.00951,0.46391,0.27187,1.62,1.4,-1.4,-1.07,NaN,0
05/11/2026,1630,/6J[M26],.0063810,-0.31%,,.041,5.26E-5,<empty>,0.007078,0.006243,0.006339,0.0063312,0.0065215,-3.0,0.88,-0.61,"79,504",200109.04,164005.1,168264.21875,-41.3380162,1.4064362,1.3178787,-0.5300078,0.6,0.07,-0.07,0.03,NaN,0
05/11/2026,1630,/BTC[K26],82070,+2.10%,,.9922,1979.0,<empty>,127240.0,60005.0,78037.0,73483.0,93148.0,1.0,1.0,1.0,"9,329",100762.0,8900.0,8959.0,10.0,16.0,6.0,0.0,79930.0,62591.0,-62591.0,83215.0,NaN,0
05/11/2026,1630,/BZ[N26],104.42,+3.09%,,.055,4.04,<empty>,119.4,58.72,103.32,100.76,74.32,-5.0,-0.25,-0.34,"33,446",-101000.45,71658.02,67444.69,-26.8,12.22,-3.55,2.41,119.44,67.58,119.44,115.05,NaN,0
05/11/2026,1630,/CL[M26],98.25,+2.97%,,1.29,4.51,<empty>,119.48,54.98,96.44,95.01,69.92,-5.0,-0.25,-0.42,"230,067",100321.44,429914.5,405543.84,-37.23,11.13,1.62,2.12,119.44,62.58,119.44,111.07,NaN,0
05/11/2026,1630,/GC[M26],4745.6,+0.31%,,.1486,71.6,<empty>,5626.8,3123.3,4710.3,4783.8,4319.1,5.0,0.3,0.6,"137,897",0.0,157227.2,150059.7,-19.8,-8.5,1.0,0.9,5434.5,4100.3,-4100.3,-4510.0,NaN,0
05/11/2026,1630,/HG[N26],6.4915,+3.10%,,.037,0.1567,<empty>,6.583,4.3325,6.0697,5.8479,5.3668,5.0,0.77,0.73,"59,591",0.0,43919.3,45001.7813,69.9008,9.8485,7.6981,4.8115,6.13,5.34,-5.34,-6.05,NaN,0
05/11/2026,1630,/NG[M26],2.931,+6.31%,,.5784,0.11,<empty>,7.439,2.495,2.701,2.857,3.41,1.0,0.4,0.36,"153,744",0.0,118384.78,118921.484,71.846,-9.173,15.303,7.678,3.44,2.11,-2.11,-2.11,NaN,0
05/11/2026,1630,/NKD[M26],62930,-1.20%,,.352,1561.0,<empty>,63850.0,36490.0,60109.0,56567.0,50901.0,-1.0,1.0,-1.0,"5,619",200500.0,6255.0,6108.0,-3.0,15.0,4.0,1.0,61000.0,50410.0,-50410.0,-58370.0,NaN,0
05/11/2026,1630,/SI[N26],86.805,+7.35%,,.6496,3.731,<empty>,121.785,31.78,77.258,77.248,63.407,4.0,0.33,0.83,"61,833",0.0,45315.84,48406.875,18.191,1.042,15.034,11.539,97.49,61.34,-61.34,-71.08,NaN,0
05/11/2026,1630,AAAU,46.69,+0.20%,,.169,0.73,<empty>,54.71,31.27,46.31,47.05,42.4,5.0,0.35,0.66,"1,195,688",0.0,2566518.97,2595434.9,-64.94,-8.68,1.17,0.89,53.49,43.33,-43.33,-44.05,NaN,"2,927 M"
05/11/2026,1630,AAL,12.79,-4.19%,Industrials,1.349,0.64,$1.67,16.5,10.09,12.17,11.5,12.93,-1.0,0.78,-0.75,"46,000,345",-100272.44,6.767405641E7,6.513724607E7,-29.81,15.85,9.5,-1.16,15.61,10.29,-10.29,-11.08,51.0,"8,459 M"
05/11/2026,1630,AAPL,292.68,-0.22%,Information Technology,1.066,8.57,$8.74,294.76,193.46,274.89,263.37,257.41,-1.0,1.0,-0.75,"39,429,617",300027.07,4.358305117E7,4.430920311E7,-21.47,12.22,9.37,1.8,287.06,246.29,-246.29,-261.17,56.0,"4,298,695 M"
05/11/2026,1630,ABBV,202.78,+0.61%,Health Care,.3001,3.91,$10.07,244.81,176.57,204.41,211.74,218.39,-5.0,0.44,-0.75,"4,594,362",-100136.36,6979186.17,6890416.31,-40.89,-10.94,2.74,-1.1,237.47,191.08,-191.08,215.07,55.0,"358,670 M"
05/11/2026,1630,ABNB,137.05,-3.14%,Consumer Discretionary,1.214,1.71,$7.52,147.25,110.81,140.29,134.01,128.35,-1.0,-0.7,-0.28,"5,131,864",0.0,3698993.29,4343467.21,55.02,2.74,-2.84,-2.02,147.13,116.6,147.13,-136.08,60.0,"81,480 M"
05/11/2026,1630,ABR,6.66,-7.63%,Financials,1.189,0.41,$1.72,12.575,6.6,7.89,7.84,9.37,-2.0,-0.73,-0.15,"11,294,519",-300745.01,3537154.36,3877478.14,326.97,-16.54,-17.47,-19.66,9.47,7.52,9.47,9.02,56.0,"1,281 M"
05/11/2026,1630,ABT,82.56,-2.09%,Health Care,.6347,3.28,$4.24,139.06,81.97,91.6,100.57,119.4,-2.0,-0.07,-0.51,"16,242,514",-100135.36,1.26130534E7,1.180768847E7,-5.37,-25.12,-11.03,-4.33,117.5,86.03,117.5,99.17,46.0,"143,804 M"
05/11/2026,1630,ACHC,25.01,-0.68%,Health Care,.7582,1.34,($3.23),30.1991,11.43,26.79,25.21,20.44,2.0,-0.48,0.06,"1,506,971",-100568.08,3135697.17,3509481.74,-11.86,4.69,-11.15,-1.15,29.08,13.61,30.05,30.05,55.0,"2,300 M"
05/11/2026,1630,ACHR,6.54,+0.93%,Industrials,2.855,0.3,($0.86),14.62,4.8,5.99,5.92,8.23,5.0,0.98,0.72,"65,546,857",100401.01,2.991864557E7,3.021004189E7,135.07,1.71,10.85,2.03,8.62,5.29,-5.29,-5.08,0.0,"4,968 M"
05/11/2026,1630,ACI,15.92,-0.62%,Consumer Staples,.2503,0.33,$0.97,22.78,15.8,16.49,16.95,17.81,-2.0,0.0,-0.36,"4,295,262",100233.17,6496675.78,6314589.95,-33.94,-3.16,-3.92,-0.69,19.58,16.03,19.58,17.13,49.0,"7,873 M"
05/11/2026,1630,ADBE,246.15,-2.72%,Information Technology,1.451,5.83,$24.58,422.95,224.13,247.37,250.03,310.74,-2.0,-0.77,-0.63,"3,217,224",200143.4,5646019.54,5759334.9,-44.34,-10.07,2.86,-1.61,285.46,224.21,-224.21,259.02,22.0,"99,494 M"
05/11/2026,1630,ADYEY,10.71,-3.25%,Financials,2.358,0.19,$33.73,19.94,9.45,11.24,10.69,14.6,-16.0,-0.86,-0.51,"6,690,142",-100200.01,1799914.1,2050761.83,713.01,0.0,-5.72,-4.63,15.62,9.26,-9.26,-10.12,NaN,"33,776 M"
05/11/2026,1630,AFK,28.83,+1.66%,,.746,0.76,<empty>,30.85,17.855,27.71,26.93,25.52,7.0,0.66,0.69,"104,671",-200043.39,84300.15,80216.39,-19.09,7.29,6.54,2.27,31.52,24.35,-24.35,-26.08,NaN,130 M
05/11/2026,1630,AFRM,66.45,+3.81%,Financials,3.497,1.61,$2.37,100.0,42.095,64.3,54.13,67.64,-6.0,-0.91,-0.33,"7,782,435",-100679.38,5432671.99,5992094.72,25.13,30.83,2.03,1.33,69.14,42.3,-42.3,-58.17,75.0,"22,254 M"
05/11/2026,1630,AGCO,118.83,+1.27%,Industrials,1.122,2.15,$7.39,143.78,95.96,118.1,118.87,113.6,1.0,0.34,0.55,"531,952",-100144.05,729292.94,759234.2,-13.92,-2.37,1.12,-1.16,144.6,108.35,-108.35,123.05,55.0,"8,604 M"
05/11/2026,1630,AHR,50.38,-2.57%,Real Estate,.5635,0.82,$1.77,54.67,33.705,50.0,49.97,46.6,-1.0,-0.52,-0.61,"2,780,481",0.0,2477859.78,2441540.66,13.38,-4.58,0.12,0.72,55.5,47.29,-47.29,-47.13,61.0,"9,666 M"
05/11/2026,1630,AIQUY,41.29,+0.22%,Materials,.7774,1.02,<empty>,44.415,36.169,42.89,41.39,39.93,1.0,-0.26,0.06,"139,886",100100.57,201980.78,268280.84,-37.36,6.55,-5.84,-2.66,44.19,38.44,44.19,-41.02,53.0,"119,140 M"
05/11/2026,1630,AKAM,153.01,+3.59%,Information Technology,.5321,18.34,$5.29,156.32,69.78,105.86,107.34,89.8,2.0,1.0,1.0,"9,861,026",100255.02,5324891.26,5447103.75,251.41,43.71,59.5,25.43,121.31,89.19,-89.19,-91.17,61.0,"22,339 M"
05/11/2026,1630,ALB,209.99,+3.18%,Materials,1.38,5.9,$3.47,221.0,53.7,195.77,180.85,133.52,3.0,0.49,0.67,"2,806,424",-100466.03,2082907.56,2205623.65,88.15,24.99,5.24,9.02,216.17,155.35,-155.35,221.02,55.0,"24,765 M"
05/11/2026,1630,ALCO,40.65,-0.07%,Consumer Staples,.9953,0.56,$2.52,45.01,29.0414,41.76,41.01,37.02,5.0,-0.22,0.24,"24,765",300200.36,30156.31,28831.42,99.55,5.45,-2.31,-0.59,45.22,37.42,45.22,-40.05,0.0,311 M
05/11/2026,1630,ALGN,164.61,-2.47%,Health Care,1.79,9.13,$8.11,208.305,122.0,181.06,177.03,157.75,-1.0,0.0,-0.11,"1,129,352",-100247.37,1173521.16,1211450.03,-23.04,-5.83,-10.88,-5.36,200.14,162.4,200.14,200.14,55.0,"11,789 M"
05/11/2026,1630,ALLY,42.74,-3.39%,Financials,1.113,0.77,($0.36),47.27,32.5018,44.04,41.02,41.21,-1.0,-0.68,-0.27,"3,314,845",-100133.14,3660027.01,3685981.6,-39.95,15.98,-3.74,-3.52,47.14,36.41,47.14,47.14,46.0,"13,101 M"
05/11/2026,1630,ALNY,284.84,-3.46%,Health Care,.3293,7.35,$4.88,495.55,252.7875,307.36,315.41,392.06,-3.0,-0.55,-0.5,"1,231,996",100140.08,1141680.33,1191864.41,-18.46,-11.11,-7.67,-5.99,346.55,287.07,346.55,333.17,55.0,"38,030 M"
05/11/2026,1630,AMAT,443.62,+1.88%,Information Technology,1.675,18.44,$7.75,448.45,153.47,402.99,374.46,276.26,2.0,0.72,0.81,"7,899,877",-100162.36,6328856.14,6781345.12,45.89,26.36,9.57,3.5,420.11,317.44,-317.44,-377.08,3.0,"352,061 M"
05/11/2026,1630,AMBA,79.72,+4.48%,Information Technology,2.183,5.65,$1.36,96.69,48.3,66.17,58.5,71.08,1.0,1.0,0.96,"1,293,037",-100163.51,822804.16,856512.97,50.72,47.63,22.91,5.62,73.52,48.29,-48.29,-55.15,12.0,"3,491 M"
05/11/2026,1630,AMD,458.79,+0.79%,Information Technology,2.309,49.18,$5.27,469.215,106.98,336.82,259.68,218.84,4.0,1.0,1.0,"45,938,147",400369.04,3.935565355E7,3.868158362E7,17.94,123.99,37.1,8.88,363.06,188.48,-188.48,-262.17,59.0,"748,103 M"
05/11/2026,1630,AMG,301.28,-0.50%,Financials,1.145,6.43,$33.93,334.78,172.54,297.08,287.47,268.55,-1.0,0.59,-0.57,"273,363",-101047.56,360471.84,398231.7,30.46,6.81,3.33,-1.55,335.57,254.26,-254.26,318.06,55.0,"7,957 M"
05/11/2026,1630,AMH,32.05,+0.06%,Real Estate,.8181,0.77,$2.29,39.005,27.215,31.2,29.74,31.88,-4.0,-0.97,-0.5,"3,336,391",100146.51,3168690.05,3770358.95,90.87,11.01,5.78,-1.2,32.6,27.35,-27.35,33.02,56.0,"11,557 M"
05/11/2026,1630,AMLP,53.44,+0.53%,,.5013,0.75,<empty>,54.2499,44.64,52.52,52.59,49.19,-5.0,0.57,-0.64,"1,415,398",-100016.28,1625332.29,1608608.31,39.0,1.97,2.73,1.23,54.3,50.6,54.04,54.04,NaN,"12,548 M"
05/11/2026,1630,AMN,30.27,+4.49%,Health Care,.3192,3.08,$18.20,31.65,14.865,21.55,20.17,18.89,3.0,1.0,1.0,"3,478,525",300472.01,1007051.11,1216741.94,409.16,48.46,44.28,44.35,23.46,16.58,-16.58,-19.17,61.0,"1,170 M"
05/11/2026,1630,AMPH,18.45,-2.89%,Health Care,.9081,1.54,$2.88,31.2641,17.03,21.79,20.54,25.09,-2.0,-0.8,-0.51,"1,303,115",-100486.01,564387.13,551480.67,90.46,-1.7,-14.78,-22.8,29.58,17.41,-17.41,24.02,61.0,814 M
05/11/2026,1630,AMZN,268.99,-1.35%,Consumer Discretionary,1.451,6.38,($0.23),278.56,196.0,261.05,232.42,228.71,-5.0,-0.95,-0.45,"37,834,730",-100334.08,4.66533378E7,4.953970495E7,-11.85,26.49,3.01,-2.18,274.07,196.58,279.04,279.04,56.0,"2,893,555 M"
05/11/2026,1630,AN,200.48,-2.67%,Consumer Discretionary,.7814,3.15,($2.85),228.9166,176.25,204.04,196.97,206.38,-1.0,-0.75,-0.18,"336,066",-100334.07,424261.44,445545.86,48.63,5.33,-1.73,-2.1,218.06,180.36,218.06,218.06,56.0,"6,716 M"
05/11/2026,1630,AQWA,19.155,+0.16%,,.9169,0.25,<empty>,20.92,17.96,19.43,19.37,19.5,4.0,-0.42,0.43,"11,575",-100124.46,34859.27,37848.93,426.83,-1.11,-3.09,-0.68,21.51,18.36,-18.36,-19.05,NaN,25 M
05/11/2026,1630,AR,36.59,+1.81%,Energy,.4246,1.13,$3.08,45.75,29.1,37.66,39.45,34.94,-5.0,-0.1,-0.55,"3,756,203",0.0,5830289.12,5794953.96,-24.66,-7.76,-4.19,-0.68,46.29,33.58,46.29,40.08,55.0,"11,337 M"
05/11/2026,1630,ARE,46.00,-0.56%,Real Estate,1.163,2.54,$8.24,88.236,39.41,45.22,46.75,60.17,6.0,0.69,0.58,"1,979,489",-200849.1,2411452.09,2458155.66,39.37,-8.31,0.97,0.37,57.61,39.09,-39.09,-39.09,48.0,"8,016 M"
05/11/2026,1630,ARGT,90.17,+0.76%,,.9356,1.32,<empty>,103.9699,66.49,92.1,90.42,86.88,-2.0,-0.29,-0.45,"179,652",100032.08,283328.11,254457.96,-31.89,0.45,-1.96,-4.04,97.6,83.48,-83.48,95.13,NaN,822 M
05/11/2026,1630,ARHS,6.12,-5.92%,Consumer Discretionary,2.349,0.45,$0.10,12.63,6.05,7.36,7.07,9.41,-3.0,-0.52,-0.11,"2,011,193",200457.03,1362274.9,1403976.23,118.25,-10.79,-18.73,-19.37,11.62,6.24,11.62,8.14,60.0,866 M
05/11/2026,1630,ARKK,80.03,+1.15%,,1.986,1.76,<empty>,92.65,53.29,77.38,73.23,77.85,2.0,0.93,0.57,"7,510,661",200150.35,1.014656404E7,1.022679237E7,-28.84,9.53,4.55,0.57,81.16,63.29,-63.29,-73.08,NaN,"6,731 M"
05/11/2026,1630,ARQQ,15.00,+0.27%,Information Technology,2.69,0.64,($2.18),62.0,11.52,14.93,14.35,26.64,-2.0,0.99,-0.62,"479,022",-200218.17,298222.88,283269.95,-22.69,1.69,2.88,-4.34,19.62,12.29,-12.29,-13.08,8.0,235 M
05/11/2026,1630,AS,34.50,-4.25%,Consumer Discretionary,1.122,0.87,$0.80,42.76,28.45,35.73,34.57,35.88,-1.0,-0.55,-0.46,"5,945,182",100054.49,4498753.38,4715757.74,46.18,3.29,-2.54,-7.23,43.55,31.35,-31.35,-34.05,6.0,"20,073 M"
05/11/2026,1630,ASBFF,25.76,+7.92%,Consumer Staples,.4235,2.36,<empty>,31.08,23.18,27.04,28.05,25.16,1.0,0.29,0.37,100,NaN,2186.16,2774.45,-72.45,-11.17,-3.38,6.01,31.09,23.04,-23.04,-23.04,NaN,"18,059 M"
05/11/2026,1630,ASO,51.54,-4.75%,Consumer Discretionary,1.037,2.0,$3.32,62.445,39.87,55.65,55.99,53.03,-1.0,-0.23,-0.36,"1,254,680",-300851.39,1471591.56,1423535.02,33.8,-10.85,-8.81,-5.36,62.51,50.38,-50.38,61.16,20.0,"3,325 M"
05/11/2026,1630,ATRO,75.79,+0.95%,Industrials,1.096,2.78,$1.22,83.96,27.2701,74.2,72.07,57.32,-2.0,0.42,-0.64,"508,100",-200767.36,539816.79,557113.13,6.3,3.55,3.24,-3.07,84.49,61.29,-61.29,80.02,1.0,"2,719 M"
05/11/2026,1630,AVB,187.27,+1.73%,Real Estate,.8043,5.48,$11.77,209.86,160.095,178.56,172.79,181.06,-7.0,1.0,-0.73,"714,918",-200124.02,1010494.12,1028581.83,3.54,8.99,7.45,0.45,186.08,160.28,-160.28,188.03,55.0,"26,052 M"
05/11/2026,1630,AVGO,428.43,-0.37%,Information Technology,1.42,8.27,$6.12,437.68,215.88,412.61,361.04,344.24,-1.0,-0.82,-0.41,"16,712,301",0.0,2.476699082E7,2.400883972E7,2.68,25.43,2.45,0.7,429.12,290.29,-290.29,438.03,16.0,"2,028,474 M"
05/11/2026,1630,AVO,12.72,-2.75%,Consumer Staples,.5992,0.37,$0.54,15.53,10.0,13.68,13.65,12.77,-3.0,-0.24,-0.32,"980,319",-200548.16,973544.5,870379.79,-34.89,-4.5,-10.8,-6.54,16.23,12.38,16.23,15.09,17.0,901 M
05/11/2026,1630,AVTR,7.97,-4.09%,Health Care,.9388,0.2,$0.65,15.93,7.265,8.16,8.04,11.06,-1.0,-0.74,-0.7,"6,646,242",0.0,9484631.74,1.032744359E7,-31.07,-3.86,0.0,-5.46,11.62,7.3,-7.3,-7.12,56.0,"5,442 M"
05/11/2026,1630,AWI,159.43,-1.23%,,1.186,6.26,$5.53,206.0799,149.06,171.85,169.46,186.19,-2.0,-0.42,-0.28,"354,807",200132.1,514374.42,532782.4,35.3,-4.94,-10.31,-4.09,206.61,159.29,-159.29,183.14,53.0,"6,804 M"
05/11/2026,1630,AXP,312.32,-1.17%,Financials,1.074,4.82,$20.73,387.49,281.465,321.79,311.04,336.33,-3.0,-0.68,-0.34,"3,079,858",100039.36,3553880.51,3708159.55,5.59,2.07,-2.04,-2.98,370.61,291.35,-291.35,340.16,52.0,"213,104 M"
05/11/2026,1630,AZO,3427.80,-1.96%,Consumer Discretionary,.4085,61.91,$95.97,4388.11,3210.72,3552.56,3520.06,3762.85,-7.0,-0.64,-0.35,"280,453",100338.08,185061.15,171778.99,62.1,-7.67,-3.77,-3.22,3887.59,3281.35,-3281.35,3730.06,10.0,"56,479 M"
05/11/2026,1630,B,47.00,+8.97%,Materials,-.097,2.24,$2.27,54.69,17.41,41.25,41.87,38.21,5.0,0.58,0.99,"23,629,562",-100356.36,1.334950913E7,1.37597036E7,85.53,3.43,15.56,13.04,51.49,36.35,-36.35,-38.08,0.0,"78,749 M"
05/11/2026,1630,BA,238.21,+0.36%,Industrials,1.217,4.62,($1.82),254.3499,176.77,227.84,217.45,219.64,4.0,0.69,0.56,"6,243,351",100240.14,6814027.79,6506236.77,-17.48,11.26,2.97,3.6,248.62,188.29,-188.29,-215.17,53.0,"187,781 M"
05/11/2026,1630,BABA,137.30,-1.97%,Consumer Discretionary,.4802,3.76,$0.52,192.67,103.71,135.31,131.64,148.76,-1.0,0.73,-0.64,"9,775,606",100241.37,1.090917801E7,1.040433415E7,-14.16,0.74,3.61,-2.93,168.62,118.24,-118.24,144.02,2.0,"329,390 M"
05/11/2026,1630,BAC,50.55,-1.48%,Financials,1.202,0.81,$7.63,57.55,42.35,52.93,50.53,51.57,-3.0,-0.65,-0.15,"32,855,119",100043.36,3.767356931E7,3.941106308E7,-4.12,4.18,-3.95,-5.69,57.62,46.36,-46.36,55.14,44.0,"358,733 M"
05/11/2026,1630,BALL,57.72,-1.37%,Materials,1.065,1.77,$2.21,68.29,44.83,61.28,61.23,55.21,-1.0,-0.06,-0.27,"2,500,786",100130.04,2453055.11,2352278.93,-1.84,-6.16,-5.49,-2.17,68.61,57.35,-57.35,-57.04,58.0,"15,368 M"
05/11/2026,1630,BBN,16.10,-0.19%,,.6815,0.06,<empty>,17.45,15.38,16.18,16.14,16.48,3.0,-0.56,0.53,"119,732",-100100.04,195608.83,192807.95,7.84,-0.43,-0.49,0.12,17.5,16.29,-16.29,-16.03,NaN,995 M
05/11/2026,1630,BBWI,19.16,-2.89%,Consumer Discretionary,1.451,0.67,$4.16,34.66,14.275,19.29,19.42,23.05,-1.0,-0.72,-0.65,"4,980,317",200559.17,6039677.57,5885805.01,-20.24,-4.44,0.9,-0.21,25.58,17.3,-17.3,22.14,11.0,"3,858 M"
05/11/2026,1630,BBY,57.62,-3.00%,Consumer Discretionary,1.249,1.62,$5.96,84.99,56.68,61.08,62.66,70.11,-1.0,-0.29,-0.46,"3,816,635",100545.32,4329607.45,4386933.91,42.72,-8.76,-2.78,-1.82,69.62,57.04,-57.04,-57.04,12.0,"12,140 M"
05/11/2026,1630,BCO,105.20,-1.88%,Industrials,1.06,2.1,$13.03,136.37,80.1,108.66,107.98,113.75,-1.0,-0.67,-0.52,"328,742",101129.5,518029.3,515191.02,-0.29,-4.1,-1.5,-3.5,136.51,96.35,-96.35,-103.03,59.0,"4,332 M"
05/11/2026,1630,BDRY,12.65,+4.49%,,.7109,0.44,<empty>,12.685,5.03,11.63,10.97,9.4,1.0,0.74,0.72,"72,670",500157.45,191812.92,167082.29,165.18,18.22,12.24,4.46,13.49,10.29,-10.29,-11.11,NaN,41 M
05/11/2026,1630,BEAM,31.75,-1.76%,Health Care,2.16,1.41,($3.74),36.44,15.35,30.53,27.47,25.33,-1.0,0.79,-0.53,"2,012,100",-201095.12,2134504.92,2048357.58,15.1,21.74,8.86,-1.82,34.52,22.29,-22.29,-27.11,58.0,"3,266 M"
05/11/2026,1630,BEPC,37.33,+1.77%,Utilities,1.135,2.18,($1.86),45.18,27.72,39.23,40.05,38.92,5.0,0.06,0.5,"1,156,417",-200342.07,1562946.44,1439956.67,-43.63,-9.37,-8.88,-0.19,45.58,34.05,-34.05,-34.05,56.0,"6,808 M"
05/11/2026,1630,BIDU,145.78,+3.35%,Communication Services,.4587,7.8,($6.89),165.3,81.17,128.17,120.9,122.48,4.0,0.81,0.89,"3,931,111",-100465.02,2168884.15,2193590.81,98.68,16.48,13.88,3.69,150.62,106.29,-106.29,-119.08,5.0,"49,602 M"
05/11/2026,1630,BIO,243.79,-4.14%,Health Care,1.088,16.08,$13.21,343.12,211.43,278.26,275.27,292.46,-1.0,-0.13,-0.05,"430,847",-100242.07,325689.75,331435.69,88.61,-9.67,-15.14,-5.88,313.14,242.06,-242.06,-242.06,56.0,"6,524 M"
05/11/2026,1630,BIP,37.44,+1.82%,Utilities,1.042,0.68,($2.85),40.32,29.63,36.33,36.65,34.71,8.0,0.45,0.76,"900,166",-100328.09,1057725.25,1000972.41,18.11,-3.73,3.74,0.83,40.49,33.08,-33.08,38.02,55.0,"17,296 M"
05/11/2026,1630,BIRK,39.15,-0.48%,Consumer Discretionary,1.055,1.09,$1.67,59.5,33.06,39.09,37.84,42.32,4.0,0.63,0.4,"2,054,015",0.0,2072445.57,2226784.14,4.23,6.68,-0.66,-1.14,43.14,33.35,43.14,-37.04,2.0,"7,200 M"
05/11/2026,1630,BITO,11.20,+2.19%,,1.73,0.27,<empty>,23.63,8.61,10.67,10.06,14.49,1.0,1.0,0.69,"148,442,845",-300146.04,1.1781254806E8,1.0899212933E8,21.11,15.11,6.26,0.45,11.13,9.53,-9.53,-10.17,NaN,"1,964 M"
05/11/2026,1630,BJ,91.11,-2.00%,Consumer Staples,1.5,1.52,$2.50,120.08,86.68,93.33,95.47,95.59,-2.0,-0.22,-0.49,"1,539,082",100635.47,1966031.71,1876510.25,-9.74,-2.57,-1.92,-1.45,106.58,90.21,-90.21,97.12,8.0,"11,634 M"
05/11/2026,1630,BJRI,42.11,-1.38%,Consumer Discretionary,1.256,1.78,$1.86,47.02,28.46,38.71,36.97,36.76,5.0,0.8,0.94,"483,965",100943.04,386987.4,382398.66,33.23,19.22,12.32,5.14,44.57,33.4,-33.4,-36.05,56.0,885 M
05/11/2026,1630,BK,132.49,+1.52%,Financials,1.052,1.55,$1.83,139.1499,86.52,133.55,124.75,114.58,1.0,-0.49,0.04,"3,558,093",-100126.17,3674170.42,3790645.36,-21.46,13.12,-1.47,-0.86,139.14,112.44,139.14,139.14,45.0,"90,938 M"
05/11/2026,1630,BKNG,157.80,-4.90%,Consumer Discretionary,-1.279,5.99,$11.24,233.576544,150.618,176.1,173.99,198.57,-2.0,-0.53,-0.26,"9,951,116",200140.51,8238500.92,1.038637359E7,132.35,-8.73,-11.11,-6.25,194.14,151.54,194.14,194.14,55.0,"122,276 M"
05/11/2026,1630,BKV,28.34,+1.94%,Energy,1.062,1.43,($4.94),32.81,19.56,29.07,29.07,26.0,-5.0,-0.42,-0.28,"828,726",-100056.36,1107186.31,1019181.88,-3.63,-0.81,-3.74,-5.06,33.49,26.18,-26.18,32.04,64.0,"3,100 M"
05/11/2026,1630,BLDR,74.88,-3.26%,Industrials,1.462,6.33,$7.80,151.03,73.4,83.67,85.59,111.72,-1.0,-0.34,-0.29,"2,216,702",-300562.08,2517007.05,2481341.68,13.26,-17.81,-16.69,-6.44,130.6,73.04,-73.04,-73.04,55.0,"8,054 M"
05/11/2026,1630,BLK,1081.32,-0.32%,Financials,1.469,12.95,$22.92,1219.9399,917.39,1055.72,1008.12,1080.71,2.0,1.0,0.57,"587,204",100341.45,812827.06,815603.93,-12.9,13.68,2.31,0.72,1114.62,917.41,-917.41,-1011.17,45.0,"167,858 M"
05/11/2026,1630,BLMN,8.37,+3.08%,Consumer Discretionary,1.116,0.97,$1.14,10.7,5.19,6.62,6.12,6.82,4.0,1.0,1.0,"2,719,599",101578.04,3058068.33,3054541.57,61.61,46.97,37.66,3.08,7.62,5.29,-5.29,-6.05,59.0,717 M
05/11/2026,1630,BLOK,65.16,+1.20%,,1,2.45,<empty>,75.89,44.1901,60.86,55.78,60.34,1.0,1.0,0.68,"226,609",100134.19,312371.5,328894.18,-54.34,21.52,9.05,-1.15,62.13,47.29,-47.29,-57.08,NaN,"1,310 M"
05/11/2026,1630,BNDD,97.6998,-0.31%,,.4814,0.26,<empty>,102.28,94.64,97.75,98.24,98.31,-1.0,-0.54,-0.43,646,-100020.14,399.64,442.83,-11.22,0.14,-0.14,-0.59,100.44,97.62,100.44,-97.1,NaN,9.8 M
05/11/2026,1630,BNO,55.02,+3.60%,,.0035,2.79,<empty>,60.81,26.59,52.98,50.01,34.99,-5.0,-0.43,-0.36,"2,647,378",-400395.35,7290440.22,6004783.29,-55.09,24.93,2.73,2.78,59.08,32.58,61.05,61.05,NaN,861 M
05/11/2026,1630,BOOT,153.10,-6.25%,Consumer Discretionary,1.682,4.77,$2.93,210.25,129.43,164.99,162.5,178.39,-3.0,-0.69,-0.37,"830,239",-100365.27,656669.82,610862.7,65.7,-9.57,-10.09,-10.94,204.51,133.26,-133.26,174.02,3.0,"4,657 M"
05/11/2026,1630,BP,44.22,+2.03%,Energy,.1822,1.22,$0.74,48.27,28.41,45.84,44.73,37.64,1.0,-0.14,0.02,"6,490,828",-200239.28,1.544517027E7,1.426724128E7,-10.77,6.4,-3.81,-0.92,48.28,36.62,48.28,48.17,58.0,"113,866 M"
05/11/2026,1630,BRBR,9.40,-8.83%,Consumer Staples,.5612,3.2,$1.53,67.0,9.215,15.07,15.97,27.84,-7.0,-0.3,0.0,"5,237,848",100988.04,4268120.04,4136513.76,88.01,-46.65,-44.21,-15.32,19.55,9.04,-9.04,-9.04,57.0,"1,093 M"
05/11/2026,1630,BRCB,10.99,-4.27%,Consumer Discretionary,2.295,0.66,($1.95),30.4,10.95,12.82,14.04,NaN,-1.0,-0.54,-0.33,"206,919",100785.48,467424.72,488626.89,36.83,-34.23,-13.8,-9.17,18.38,11.04,18.38,15.16,1.0,198 M
05/11/2026,1630,BRKR,43.27,-2.02%,Health Care,1.158,3.21,$0.01,56.22,28.53,39.05,37.32,39.57,8.0,0.71,1.0,"2,778,478",0.0,2068122.1,2228345.87,47.75,17.55,18.45,2.29,43.14,32.39,-32.39,-34.08,58.0,"6,587 M"
05/11/2026,1630,BROS,51.13,-3.00%,Consumer Discretionary,2.243,2.1,$0.81,77.88,44.58,54.86,52.88,57.26,-3.0,-0.63,-0.18,"4,438,638",-100158.03,4274450.19,4894413.9,-10.81,-0.89,-10.89,-13.43,60.59,45.3,-45.3,60.03,60.0,"7,015 M"
05/11/2026,1630,BTAL,11.87,-1.25%,,-.6236,0.25,<empty>,19.59,11.81,12.42,13.36,14.7,-2.0,-0.09,-0.48,"415,745",-300160.14,1070431.88,1032930.6,-25.93,-15.4,-3.96,0.25,15.44,12.03,15.44,-12.02,NaN,290 M
05/11/2026,1630,BTC,36.24,+2.17%,,1.471,0.91,<empty>,55.96,27.545,34.44,32.4,41.09,1.0,1.0,0.72,"1,415,873",100452.53,3159168.96,3674335.54,-3.15,15.93,6.59,0.58,35.13,28.53,-28.53,-32.17,NaN,"4,343 M"
05/11/2026,1630,BTC-USD,-62.79,+4.95%,,4.823,6.78,<empty>,23.4124,-64.7482,-43.99,-30.47,-13.11,-4.0,0.0,-0.14,"918,921",-100064.24,889376.58,870538.99,29.89,159.57,29.6,19.33,-11.71,-52.97,-12.0,-33.0,NaN,"-1,894 M"
05/11/2026,1630,BTI,60.44,+3.71%,Consumer Staples,.3198,1.04,$3.49,63.22,40.12,57.77,58.49,56.72,1.0,0.47,0.85,"6,670,212",0.0,4458478.43,4735073.26,57.61,2.16,5.44,1.48,63.52,55.14,-55.14,-55.14,55.0,"130,765 M"
05/11/2026,1630,BUD,79.86,-0.04%,Consumer Staples,.566,3.48,$5.66,82.9099,56.97,75.74,73.49,66.71,-2.0,0.72,-0.87,"1,413,301",100127.05,2058416.81,2214926.18,-13.33,9.91,8.93,-2.72,82.6,67.35,-67.35,83.03,55.0,"154,679 M"
05/11/2026,1630,BULL,7.07,+0.57%,Financials,2.727,0.17,$1.41,18.32,4.5,6.93,5.92,9.45,-4.0,-0.94,-0.3,"9,399,841",-100694.15,1.319375872E7,1.210215588E7,-77.13,29.01,-0.98,-3.42,8.14,5.26,8.14,8.14,8.0,"3,760 M"
05/11/2026,1630,BURL,292.21,-4.04%,Consumer Discretionary,1.428,11.49,$2.72,351.85,218.52,324.55,319.32,291.02,-3.0,-0.03,-0.08,"1,076,178",200042.45,755963.98,752401.59,130.59,-3.84,-10.45,-7.74,352.15,288.44,352.15,352.15,12.0,"18,360 M"
05/11/2026,1630,BUXX,20.24,+0.05%,,.0005,0.03,<empty>,20.46,20.18,20.25,20.26,20.3,2.0,0.11,0.45,"203,391",-100000.34,461165.3,420206.19,-54.03,-0.1,-0.25,0.05,20.54,20.29,-20.29,-20.08,NaN,469 M
05/11/2026,1630,BXP,58.94,-0.82%,Real Estate,1.077,0.79,$7.86,79.33,49.72,58.15,55.03,65.67,-3.0,-0.99,-0.41,"1,553,392",-100443.51,2164080.58,2563039.57,4.62,13.02,1.57,-1.5,67.61,50.44,-50.44,61.02,54.0,"9,352 M"
05/11/2026,1630,BYD,82.75,-3.37%,Consumer Discretionary,1.14,1.75,$2.46,89.96,72.01,85.95,83.99,83.88,-1.0,-0.38,-0.28,"729,307",100230.12,973010.48,968029.24,-7.72,0.05,-5.46,-2.82,89.12,77.44,89.12,-80.11,51.0,"6,151 M"
05/11/2026,1630,BYDDF,13.0106,+1.60%,Consumer Discretionary,.1992,0.27,<empty>,20.50333333333334,11.2,13.48,13.17,13.21,1.0,-0.32,0.26,"278,940",-200100.02,208764.8,191598.88,150.2,4.5,-4.12,1.53,15.2,12.45,15.2,-12.02,NaN,"118,620 M"
05/11/2026,1630,C,125.85,+0.24%,Financials,1.111,1.26,($40.48),135.29,71.65,128.81,118.97,108.39,-2.0,-0.53,-0.11,"10,318,857",-200048.36,1.386422631E7,1.411826199E7,27.69,15.26,-2.55,-1.37,135.14,102.44,135.14,-125.05,44.0,"214,647 M"
05/11/2026,1630,CACC,521.74,-2.14%,Financials,1.377,10.94,$94.71,565.14,401.9,516.23,482.08,477.46,-1.0,-0.88,-0.36,"193,190",200644.47,183489.57,196823.85,36.77,4.38,1.26,-3.37,543.14,405.27,-405.27,565.03,56.0,"5,457 M"
05/11/2026,1630,CAG,13.93,-1.42%,Consumer Staples,-.014,0.19,$1.76,23.47,13.605,14.3,15.54,17.57,-1.0,0.31,-0.7,"13,737,827",-700437.21,1.511042074E7,1.470778781E7,10.94,-17.96,-1.35,-1.0,20.6,14.04,-14.04,-14.04,41.0,"6,665 M"
05/11/2026,1630,CAH,182.50,-0.63%,Health Care,.5049,7.43,$18.48,233.6,137.75,200.55,208.97,190.22,-4.0,0.0,-0.29,"1,989,046",-300031.04,1919339.66,1813036.88,27.18,-15.28,-9.81,-4.69,234.49,186.07,234.49,215.15,68.0,"42,743 M"
05/11/2026,1630,CAKE,61.17,-0.78%,Consumer Discretionary,1.019,1.1,$3.68,69.7,43.07,61.6,59.63,56.81,2.0,-0.57,0.45,"599,855",-100339.08,1243102.43,1344805.48,-46.63,0.91,-2.14,0.91,67.51,53.3,-53.3,-59.02,54.0,"3,039 M"
05/11/2026,1630,CAMT,207.46,+0.93%,Information Technology,1.6,8.29,$2.78,215.99,62.88,190.21,173.51,128.86,2.0,0.94,0.71,"758,829",100280.29,419620.94,459144.38,159.16,28.58,8.66,2.43,210.11,141.28,-141.28,-176.16,1.0,"9,657 M"
05/11/2026,1630,CANE,10.05,+1.93%,,-.0321,0.32,<empty>,11.92,8.97,9.62,9.79,9.91,-4.0,0.55,-0.77,"493,643",100142.06,731234.47,598796.79,62.54,4.58,7.03,0.8,11.31,9.6,11.31,10.04,NaN,85 M
05/11/2026,1630,CARR,65.88,-1.42%,Industrials,1.363,2.69,$2.00,81.09,50.24,63.46,60.32,59.8,-3.0,-0.81,-0.59,"5,310,456",100542.08,6887577.26,6712155.28,4.01,12.25,6.41,-2.97,69.07,54.29,69.07,69.07,53.0,"54,719 M"
05/11/2026,1630,CASY,877.07,+2.05%,Consumer Staples,.639,33.33,$17.98,877.53,430.0,804.15,742.01,608.34,1.0,1.0,0.75,"370,650",300129.24,606667.6,574003.01,21.18,28.04,9.02,2.21,837.06,627.44,-627.44,-732.17,19.0,"32,416 M"
05/11/2026,1630,CAT,926.79,+3.27%,Industrials,1.565,41.62,$16.91,931.35,336.2409,843.41,767.93,605.58,1.0,1.0,0.78,"2,748,031",100439.08,2518409.99,2653123.07,19.82,30.98,11.82,-0.02,905.06,663.44,-663.44,931.02,58.0,"426,872 M"
05/11/2026,1630,CAVA,79.99,+0.74%,Consumer Discretionary,1.88,5.1,$0.23,101.5,43.41,90.78,85.65,69.28,-14.0,-0.43,0.0,"3,713,345",100955.53,2857683.02,3229577.57,49.43,-0.63,-15.11,-10.64,99.14,61.58,99.14,99.14,6.0,"9,312 M"
05/11/2026,1630,CBRL,31.37,-0.38%,Consumer Discretionary,1.274,0.8,($0.96),71.93,24.85,30.31,29.28,36.53,4.0,0.78,0.38,"924,783",0.0,1108997.24,1089620.4,8.1,12.6,1.0,2.12,35.46,26.3,-26.3,-28.11,17.0,701 M
05/11/2026,1630,CCK,100.38,-0.80%,Materials,.657,1.28,$8.72,116.62,89.21,101.89,103.49,101.22,7.0,0.28,0.61,"1,186,554",-100134.1,1130758.49,1114718.73,20.03,-4.3,-1.21,-0.7,117.53,97.29,-97.29,-97.09,48.0,"11,217 M"
05/11/2026,1630,CCL,25.44,-3.56%,Consumer Discretionary,2.325,0.61,$2.25,34.03,21.5503,27.04,26.4,28.76,-2.0,-0.52,-0.46,"36,449,274",100058.05,2.999883206E7,2.762210962E7,24.97,-2.04,-4.97,-7.56,34.6,23.44,-23.44,30.16,30.0,"35,238 M"
05/11/2026,1630,CCRN,13.12,-0.46%,Health Care,.4433,1.2,$1.22,14.99,7.43,10.57,9.91,10.81,3.0,1.0,1.0,"906,400",200306.03,604355.7,569339.16,90.86,34.15,27.38,29.77,11.1,8.6,-8.6,-10.15,60.0,407 M
05/11/2026,1630,CELH,30.64,-5.11%,Consumer Staples,.9822,0.94,$1.13,66.74,28.77,33.55,37.33,48.22,-2.0,-0.5,-0.66,"20,244,844",-100171.01,7675912.41,7335602.14,161.47,-32.98,-7.54,-6.59,59.51,32.03,59.51,36.17,62.0,"7,833 M"
05/11/2026,1630,CF,124.48,+8.22%,Materials,.4445,3.34,$10.23,141.96,75.415,121.74,122.59,95.13,1.0,0.19,0.38,"2,807,462",-100164.36,5253124.32,4643665.9,-11.63,3.62,0.69,3.94,142.29,92.59,142.29,129.04,60.0,"19,124 M"
05/11/2026,1630,CFG,62.16,-2.46%,Financials,1.003,0.85,$5.50,68.79,38.796,64.57,61.49,56.76,-3.0,-0.57,-0.25,"4,372,338",-300128.17,4794882.72,4908662.39,-22.01,6.24,-4.04,-5.27,69.61,55.4,-55.4,67.14,46.0,"26,286 M"
05/11/2026,1630,CFLT,30.99,0.00%,Information Technology,.9658,0.09,$0.11,31.0,15.64,30.72,30.56,24.82,1.0,0.14,0.28,<empty>,-300008.27,1.344598214E7,1.260758761E7,68.88,1.87,0.94,0.91,31.08,30.57,-30.57,-31.11,32.0,"11,134 M"
05/11/2026,1630,CFRUY,19.765,-3.21%,Consumer Discretionary,1.26,0.59,$7.78,22.15,15.58,19.44,18.54,19.31,-1.0,0.87,-0.57,"499,311",-100100.42,649210.62,636800.19,25.09,7.71,2.94,-1.2,21.53,16.35,-16.35,-18.08,9.0,"116,206 M"
05/11/2026,1630,CG,49.46,-2.31%,Financials,1.901,1.22,($9.38),69.848,43.19,50.22,48.87,56.99,-1.0,-0.59,-0.5,"3,934,065",-100247.03,3408128.63,3442340.63,8.56,5.06,3.65,-2.64,60.62,45.41,-45.41,-47.09,60.0,"17,798 M"
05/11/2026,1630,CHD,90.72,-2.91%,Consumer Staples,.4828,1.72,$4.44,106.04,81.33,94.75,95.91,91.6,-3.0,-0.2,-0.42,"1,736,082",-100225.07,2053741.48,2037532.44,-13.4,-8.98,-4.91,-4.47,106.53,91.04,106.53,101.06,56.0,"21,496 M"
05/11/2026,1630,CHDN,86.17,-2.22%,Consumer Discretionary,.7005,5.42,$5.38,118.455,80.24,94.1,90.09,99.01,-10.0,-0.48,-0.01,"1,111,832",300238.12,1052705.61,1055552.68,-10.27,0.22,-14.16,-6.59,103.11,80.44,103.11,103.11,55.0,"6,006 M"
05/11/2026,1630,CHEF,80.69,-1.25%,Consumer Staples,2.16,6.73,$2.09,82.8112,53.2,71.47,65.63,63.29,-5.0,1.0,-0.82,"353,908",101441.09,505308.03,484705.1,15.66,24.93,20.7,0.66,79.07,57.26,-57.26,-61.17,54.0,"3,290 M"
05/11/2026,1630,CHH,104.23,-2.20%,Consumer Discretionary,.6616,8.22,$2.18,136.45,84.035,112.44,106.27,105.59,5.0,-0.22,0.29,"597,920",100138.07,628281.35,627082.59,13.83,6.15,-12.38,-0.89,124.14,94.42,124.14,-97.05,59.0,"4,742 M"
05/11/2026,1630,CHPT,6.41,+2.72%,Industrials,1.769,0.29,($2.86),17.78,4.44,6.49,5.81,8.27,1.0,-0.81,0.29,"506,694",100597.2,490772.24,471965.27,7.33,16.12,-5.6,0.79,7.13,4.29,7.13,7.13,16.0,157 M
05/11/2026,1630,CHRD,140.07,+2.66%,Energy,.4423,4.84,$8.77,150.5,84.245,137.52,133.55,106.81,-4.0,-0.37,-0.48,"799,381",500347.24,1103076.78,1055629.62,10.95,12.24,1.73,-0.55,148.28,97.58,151.04,151.04,60.0,"7,886 M"
05/11/2026,1630,CHTR,147.79,-4.57%,Communication Services,.7841,28.66,$30.73,437.06,146.46,192.29,209.46,229.06,7.0,0.0,0.29,"3,526,303",100450.08,2471248.4,2298008.12,82.72,-34.13,-15.36,-5.58,254.12,156.03,254.12,254.12,52.0,"18,176 M"
05/11/2026,1630,CHWY,22.49,-2.09%,Consumer Discretionary,1.503,1.2,$1.36,48.62,22.45,25.67,25.66,32.25,-3.0,-0.53,-0.17,"12,117,262",100256.33,8311263.99,8286574.31,55.46,-12.49,-10.82,-8.54,29.14,23.33,29.14,29.14,21.0,"9,371 M"
05/11/2026,1630,CI,289.07,+0.35%,Health Care,.2782,5.44,$28.94,338.8899,239.51,280.72,274.46,281.7,3.0,0.92,0.67,"1,673,958",-100036.36,1679393.49,1661401.51,-15.24,10.81,2.3,2.51,297.58,258.29,-258.29,294.07,55.0,"76,468 M"
05/11/2026,1630,CLOX,25.525,-0.14%,,.1084,0.04,<empty>,25.71,25.35,25.55,25.5,25.54,-1.0,-0.74,-0.37,"76,104",-300000.35,217069.92,210376.29,-46.64,0.57,-0.2,-0.06,26.07,25.41,26.07,-25.05,NaN,283 M
05/11/2026,1630,CLOZ,26.395,+0.08%,,.1305,0.08,<empty>,26.96,25.23,26.21,25.86,26.46,-8.0,-0.96,-0.63,"282,199",-200100.51,413666.17,543750.85,71.47,2.78,0.44,0.27,27.61,25.47,-25.47,26.06,NaN,641 M
05/11/2026,1630,CLX,88.90,-3.54%,Consumer Staples,.573,4.32,$3.11,138.23,84.7,95.83,103.49,112.0,4.0,-0.06,0.54,"3,136,369",-200134.06,2796469.66,2615799.82,4.52,-20.73,-8.03,-1.23,129.51,85.04,-85.04,-85.04,56.0,"10,750 M"
05/11/2026,1630,CMCSA,25.03,-1.46%,Communication Services,.7297,1.58,$4.84,34.3580131208997,24.1330834114339,27.78,28.77,28.81,-5.0,0.0,-0.1,"35,005,835",100040.36,3.289950346E7,3.16303346E7,-5.96,-18.12,-9.01,-5.33,33.6,26.04,33.6,32.12,55.0,"89,413 M"
05/11/2026,1630,CMG,31.92,-1.75%,Consumer Discretionary,1.004,0.88,$1.14,58.42,29.75,33.87,33.81,37.37,-1.0,-0.54,-0.26,"18,571,841",-100343.08,1.62587909E7,1.632181263E7,42.68,-5.7,-5.11,-2.5,40.62,31.29,-31.29,37.14,55.0,"40,945 M"
05/11/2026,1630,CMI,702.66,+3.40%,Industrials,1.224,21.83,$19.34,718.08,307.905,653.43,594.67,504.35,1.0,1.0,0.53,"724,062",-100137.05,844808.19,877040.57,6.66,26.35,6.34,-1.83,675.07,510.29,-510.29,718.02,58.0,"96,959 M"
05/11/2026,1630,CNA,43.13,-0.94%,Financials,.3411,2.24,$7.98,50.72,42.77,46.74,46.76,46.8,1.0,0.0,0.01,"651,247",-100846.06,475625.78,502045.58,14.68,-8.06,-10.15,-0.69,50.55,43.04,-43.04,-43.04,57.0,"11,668 M"
05/11/2026,1630,CNC,56.36,+0.71%,Health Care,.943,5.98,$14.45,64.15,25.075,46.73,40.69,37.54,-7.0,1.0,-0.68,"5,956,912",200750.09,6828540.43,6504784.24,62.88,57.17,29.56,1.86,55.08,32.29,-32.29,-37.17,53.0,"27,830 M"
05/11/2026,1630,CNH,10.97,+0.09%,,1.59,0.31,($0.37),14.27,9.0,10.58,10.82,10.91,5.0,0.37,0.84,"14,421,446",100449.08,1.645199039E7,1.645449041E7,-2.72,-0.09,7.02,1.39,13.58,10.36,-10.36,-10.08,55.0,"13,602 M"
05/11/2026,1630,CNX,36.11,+1.09%,Energy,.6422,1.2,$3.98,43.62,27.72,38.1,39.52,35.72,1.0,0.0,0.29,"2,038,241",-100043.36,2119938.39,2224702.65,28.24,-11.41,-6.26,-1.2,44.45,36.03,44.45,-36.02,51.0,"5,109 M"
05/11/2026,1630,COAL,25.70,+2.43%,,.8528,0.3,<empty>,29.1,16.5903,25.58,26.32,23.71,1.0,0.14,0.59,"57,328",-200246.18,205195.33,169028.62,-31.27,-2.98,1.34,-1.0,29.29,24.5,29.29,26.06,NaN,69 M
05/11/2026,1630,COCO,72.46,+1.20%,Consumer Staples,.7107,9.29,$1.13,72.98,31.79,57.71,54.72,48.03,-5.0,1.0,-0.83,"1,258,944",-100262.08,1512502.88,1496036.31,37.31,25.6,40.4,5.57,70.07,45.28,-45.28,-46.15,54.0,"4,138 M"
05/11/2026,1630,COF,183.93,-2.93%,Financials,1.048,3.45,$47.88,259.635,174.98,195.25,189.37,213.65,-2.0,-0.5,-0.36,"5,448,848",0.0,4789549.88,4951710.34,2.44,1.05,-5.24,-4.9,226.62,175.3,-175.3,211.16,49.0,"114,458 M"
05/11/2026,1630,COIN,216.60,+7.68%,Financials,3.218,8.04,$6.68,444.645,139.36,197.95,191.04,257.94,2.0,0.99,0.59,"13,598,189",200776.48,1.114852567E7,1.1977399E7,-10.07,9.05,10.13,9.42,216.16,139.6,-139.6,-178.08,56.0,"57,064 M"
05/11/2026,1630,COM,35.01,+1.21%,,.0016,0.36,<empty>,35.06,27.4615,34.02,33.56,30.43,2.0,0.52,0.59,"196,788",200018.28,207701.21,177250.01,48.16,4.2,3.06,2.04,35.06,31.58,-31.58,-33.16,NaN,277 M
05/11/2026,1630,COP,115.55,+2.23%,Energy,.1766,4.17,$4.72,135.87,84.28,120.77,122.95,102.18,-5.0,0.0,-0.33,"6,026,640",100039.36,1.030401451E7,9703602.93,-25.95,-1.26,-5.04,-2.82,136.29,107.62,136.29,128.08,60.0,"140,774 M"
05/11/2026,1630,COPJ,44.94,+3.07%,,1.229,1.52,<empty>,53.945,19.7,42.47,41.24,37.34,4.0,0.53,0.65,"157,638",0.0,139288.38,147277.15,0.19,3.12,4.93,6.17,49.49,34.35,-34.35,-39.04,NaN,175 M
05/11/2026,1630,COPX,87.59,+1.88%,,1.079,3.18,<empty>,99.99,39.04,82.74,80.29,68.87,5.0,0.51,0.67,"6,540,455",0.0,4265964.88,4349024.57,-6.37,6.44,7.21,4.81,97.52,68.35,-68.35,-77.05,NaN,"7,593 M"
05/11/2026,1630,CORN,18.76,+0.81%,,-.0824,0.27,<empty>,19.125,16.61,18.44,18.36,17.77,1.0,0.7,0.57,"606,352",-200124.22,1119692.23,891091.86,27.49,1.3,1.35,1.74,19.06,17.61,19.05,19.05,NaN,290 M
05/11/2026,1630,COST,999.47,-0.92%,Consumer Staples,.9051,7.61,$20.49,1067.08,844.06,1002.09,998.54,952.44,-2.0,-0.45,-0.3,"2,050,668",0.0,1789144.94,1844175.5,50.0,0.73,0.15,0.37,1036.22,960.45,1036.22,1031.06,12.0,"443,417 M"
05/11/2026,1630,CP,84.77,-1.48%,Industrials,1.093,1.52,$1.62,89.415,68.421,84.23,82.46,76.94,-1.0,-0.53,-0.48,"2,724,218",-200328.09,2773462.68,2878971.97,45.32,2.02,-2.96,-1.41,89.49,76.28,-76.28,88.1,55.0,"75,253 M"
05/11/2026,1630,CPAY,341.58,-0.70%,Financials,.8474,12.92,$18.87,361.99,252.84,319.59,311.21,308.31,4.0,0.74,0.7,"820,029",0.0,599427.53,638339.06,94.22,3.36,9.21,11.84,362.62,281.35,-281.35,-298.03,60.0,"22,589 M"
05/11/2026,1630,CPER,39.39,+2.93%,,.4831,0.96,<empty>,40.44,27.08,37.01,35.68,32.98,5.0,0.74,0.69,"1,581,100",0.0,811053.27,842044.69,259.86,9.05,6.66,4.93,38.13,32.35,-32.35,-35.05,NaN,762 M
05/11/2026,1630,CPNG,16.13,-5.01%,Consumer Discretionary,1.195,1.58,$0.16,34.075,16.1,19.98,19.51,24.93,-4.0,-0.46,0.0,"25,308,169",-100247.04,2.193086429E7,2.322833687E7,5.89,-14.06,-21.28,-9.84,22.16,17.03,22.16,22.16,59.0,"28,954 M"
05/11/2026,1630,CPRI,17.64,-4.80%,Consumer Discretionary,1.487,0.93,($1.12),28.265,16.22,19.75,18.98,21.39,-3.0,-0.38,-0.28,"2,895,102",0.0,2734006.53,2802096.46,8.94,-1.23,-13.36,-8.55,22.55,17.29,-17.29,22.14,11.0,"2,102 M"
05/11/2026,1630,CPT,104.92,+1.11%,Real Estate,.8282,1.43,$7.67,119.89,96.53,103.43,102.27,105.49,1.0,0.8,0.62,"913,798",-300026.03,1161772.91,1149778.56,-3.48,3.02,3.27,0.1,113.61,97.3,-97.3,107.08,56.0,"10,397 M"
05/11/2026,1630,CRCL,131.76,+15.91%,Information Technology,2.834,11.86,$2.98,298.99,49.9,106.05,105.79,106.51,1.0,0.7,0.76,"44,897,516",101205.01,1.738908923E7,1.707083998E7,258.06,16.8,38.06,8.18,137.38,55.6,137.38,-90.07,0.0,"32,572 M"
05/11/2026,1630,CRI,32.73,-7.36%,Consumer Discretionary,.8778,1.98,$3.58,44.44,23.3805,36.43,35.53,32.61,-1.0,-0.16,-0.4,"1,072,245",-100252.36,1229760.6,1271625.91,-13.18,-4.91,-14.43,-12.09,44.55,32.44,-32.44,-33.06,52.0,"1,206 M"
05/11/2026,1630,CRM,177.49,-2.38%,Information Technology,1.13,4.35,$15.16,296.05,163.52,181.46,185.93,226.16,-2.0,-0.7,-0.6,"9,319,133",300345.42,1.314655249E7,1.360542899E7,-22.81,-8.57,-1.49,-2.04,205.41,164.21,-164.21,-171.12,11.0,"145,196 M"
05/11/2026,1630,CRSP,54.01,-1.50%,Health Care,1.522,2.0,($4.61),78.48,34.87,54.05,52.09,56.14,2.0,0.76,0.51,"1,315,108",-200465.43,1979578.84,1902932.03,-41.54,8.17,5.92,-1.94,62.51,44.29,-44.29,-49.11,62.0,"5,209 M"
05/11/2026,1630,CRWD,542.26,+2.75%,Information Technology,1.031,29.84,$4.95,566.9,342.72,457.39,429.08,458.4,3.0,1.0,0.97,"2,784,835",-200456.22,3629307.77,3964114.14,-24.14,22.67,19.28,15.85,468.13,343.54,-343.54,-411.17,16.0,"138,025 M"
05/11/2026,1630,CSCO,98.72,+2.23%,Information Technology,.9154,3.17,$3.09,98.83,60.845,89.73,83.6,75.84,2.0,1.0,0.74,"31,641,360",-100135.36,2.091432634E7,2.27081955E7,69.63,26.4,11.85,7.73,93.06,73.59,-73.59,-82.17,2.0,"389,933 M"
05/11/2026,1630,CSX,44.74,-0.20%,Industrials,1.228,0.67,$1.02,46.55,29.75,44.39,42.13,37.56,-3.0,-0.72,-0.41,"7,995,632",100227.13,1.259026752E7,1.257422562E7,-30.14,10.91,-1.58,-1.89,47.12,38.35,47.12,47.12,55.0,"83,133 M"
05/11/2026,1630,CTA,31.28,+1.82%,,-.2561,0.9,<empty>,32.7099,26.36,30.65,30.28,28.4,-5.0,-0.71,-0.36,"381,047",200033.27,848777.81,770461.21,8.75,3.34,1.76,1.43,33.07,28.16,33.05,33.05,NaN,"1,655 M"
05/11/2026,1630,CUBE,40.82,+0.89%,Real Estate,1.128,0.58,$2.67,44.13,35.09,39.74,38.88,38.82,4.0,0.82,0.6,"1,841,953",-200031.39,2368294.64,2438024.67,12.57,5.37,4.56,1.34,42.49,36.32,-36.32,41.06,56.0,"9,242 M"
05/11/2026,1630,CURB,27.98,+0.36%,Real Estate,.5567,0.4,$1.15,28.94,21.62,27.74,27.1,24.4,2.0,0.37,0.51,"927,570",0.0,772659.97,871035.1,18.85,4.44,-1.24,1.16,29.09,25.6,29.09,29.09,53.0,"2,953 M"
05/11/2026,1630,CVNA,76.23,-2.19%,Consumer Discretionary,1.96,2.41,$1.06,97.378,53.436,78.31,68.87,73.9,-2.0,-0.63,-0.27,"7,035,798",-100384.57,1.382497981E7,1.67884293E7,-42.33,23.16,-6.29,-2.11,84.62,54.29,-54.29,84.07,55.0,"54,603 M"
05/11/2026,1630,CVS,92.22,+1.84%,Health Care,.6067,4.59,$5.82,92.77,58.35,81.11,77.66,76.35,4.0,1.0,1.0,"11,038,593",100230.04,7872937.6,8019930.48,48.32,21.79,17.69,6.17,84.08,70.29,-70.29,-75.17,55.0,"117,666 M"
05/11/2026,1630,CVX,184.74,+1.72%,Energy,.4956,3.8,$7.22,214.71,133.77,187.03,193.14,167.58,1.0,-0.09,0.56,"11,791,887",200035.36,1.287587508E7,1.212648075E7,20.34,-3.68,-0.02,-0.23,215.29,178.16,-178.16,194.07,56.0,"367,928 M"
05/11/2026,1630,CWH,6.76,-9.75%,Consumer Discretionary,2.155,0.43,($1.68),19.64,5.7,7.33,7.04,12.05,-3.0,-0.61,-0.55,"3,549,560",500786.08,3533201.91,3489163.16,-9.71,-2.87,-2.17,-14.32,13.62,6.36,-6.36,-7.08,54.0,429 M
05/11/2026,1630,CZR,27.77,-0.96%,Consumer Discretionary,1.838,0.31,$2.59,31.58,17.86,27.67,27.05,24.41,-1.0,-0.54,-0.32,"3,577,612",401147.43,4387048.16,5344799.38,20.79,-4.47,-0.93,0.04,31.42,18.58,31.42,29.15,54.0,"5,656 M"
05/11/2026,1630,D,62.56,+1.08%,Utilities,.6322,0.88,($8.61),67.5699,52.525,62.52,62.36,61.03,1.0,0.29,0.38,"5,558,048",100124.51,4431045.01,5015017.55,27.94,0.56,0.1,1.49,68.58,59.35,-59.35,66.06,55.0,"55,019 M"
05/11/2026,1630,DAL,71.20,-2.90%,Industrials,1.286,2.26,$6.03,76.39,45.28,70.05,66.53,63.89,-1.0,-0.7,-0.68,"6,675,574",100259.39,1.247377986E7,1.152392771E7,-32.6,20.39,4.4,-2.92,76.61,55.44,-55.44,-66.08,41.0,"46,778 M"
05/11/2026,1630,DAPP,22.23,+2.68%,,3.39,1.36,<empty>,27.4899,11.9902,19.62,17.51,18.84,7.0,1.0,0.86,"390,894",-100342.03,939894.59,829282.17,8.64,33.11,17.25,0.09,20.12,14.29,-14.29,-18.08,NaN,537 M
05/11/2026,1630,DAR,63.82,+1.11%,Consumer Staples,1.119,1.58,$4.29,66.02,29.15,61.55,59.31,42.06,1.0,-0.39,0.56,"3,817,914",400751.24,3183267.28,3092642.74,49.74,14.87,5.75,1.13,65.24,48.62,66.04,66.04,55.0,"10,130 M"
05/11/2026,1630,DASH,157.33,-4.03%,Consumer Discretionary,1.908,6.04,$4.07,285.5,143.3,173.71,166.67,214.87,-2.0,-0.75,-0.21,"4,353,510",-200653.03,4299122.27,5151087.85,22.07,-7.17,-9.61,-6.33,191.15,143.3,191.15,191.15,62.0,"68,552 M"
05/11/2026,1630,DDOG,202.32,+1.08%,Information Technology,1.324,25.84,$2.74,203.58,98.0101,141.42,129.02,138.87,3.0,1.0,1.0,"7,726,594",100066.03,5400540.97,5908136.15,63.6,58.69,52.51,40.78,143.06,98.53,-98.53,-123.17,60.0,"72,018 M"
05/11/2026,1630,DDS,556.79,-1.15%,Consumer Discretionary,1.192,18.72,$39.84,711.975,347.48,584.32,585.27,585.78,2.0,-0.17,0.36,"181,690",-100200.54,104808.84,118389.4,-3.28,-7.6,-6.45,-2.57,681.55,548.3,681.55,639.14,3.0,"8,695 M"
05/11/2026,1630,DE,588.74,+2.42%,Industrials,.9613,10.43,$13.22,674.1899,433.0,580.62,583.62,518.44,1.0,0.14,0.62,"907,174",100434.57,1192653.51,1430950.54,43.54,-0.89,3.71,-0.49,674.56,550.28,-550.28,-558.08,8.0,"159,023 M"
05/11/2026,1630,DECK,96.65,-3.75%,Consumer Discretionary,1.105,3.81,$6.28,133.43,78.91,105.0,103.9,103.47,-1.0,-0.36,-0.3,"2,067,886",0.0,1928850.41,1980457.7,47.25,-5.91,-9.48,-7.0,122.55,93.3,-93.3,114.16,8.0,"13,719 M"
05/11/2026,1630,DELL,247.04,-5.15%,Information Technology,1,16.13,$12.67,263.99,101.0,213.11,182.89,144.99,5.0,1.0,0.9,"11,206,784",-100455.36,7915680.77,8258900.3,23.45,67.63,14.39,3.45,222.1,111.6,-111.6,-179.17,12.0,"160,623 M"
05/11/2026,1630,DEO,82.01,-2.72%,Consumer Staples,.5462,2.14,$1.13,116.41,72.45,80.67,78.61,91.94,-1.0,-0.77,-0.75,"3,409,922",-200240.42,1812884.57,1915045.46,88.19,2.92,3.81,-3.07,103.53,72.33,-72.33,86.03,60.0,"45,589 M"
05/11/2026,1630,DG,104.63,-7.64%,Consumer Staples,.3147,4.3,$10.87,158.23,86.25,118.39,125.18,121.38,-2.0,-0.26,-0.42,"6,571,691",-100655.01,3322316.7,3174457.25,186.33,-27.76,-10.84,-10.09,158.51,113.08,158.51,127.16,15.0,"23,042 M"
05/11/2026,1630,DGX,189.81,+1.29%,Health Care,.6085,4.42,$11.97,213.5,164.65,194.03,196.88,187.0,1.0,-0.06,0.3,"620,681",300125.15,914281.06,968930.24,-74.42,-5.36,-3.47,0.36,214.5,188.08,214.5,210.14,49.0,"21,011 M"
05/11/2026,1630,DIN,29.07,+2.43%,Consumer Discretionary,.9599,0.73,$2.62,39.68,19.58,28.0,28.01,28.44,3.0,0.46,0.62,"453,586",100550.03,382190.52,398367.55,49.9,-1.42,5.48,7.03,36.62,24.2,-24.2,-26.02,59.0,369 M
05/11/2026,1630,DIS,104.72,-3.05%,Communication Services,1.422,2.6,$3.98,124.69,92.185,104.03,100.95,109.16,-1.0,-0.94,-0.57,"10,369,601",200128.04,1.000888582E7,1.031908131E7,33.21,3.8,2.32,-3.09,111.62,92.3,-92.3,110.02,59.0,"181,847 M"
05/11/2026,1630,DK,46.82,+1.69%,Energy,.5618,3.32,$7.70,49.5,15.82,42.85,43.14,34.61,-4.0,0.7,-0.69,"1,518,030",200766.09,1511325.21,1494843.74,1.13,11.8,15.75,4.04,48.3,32.6,50.04,50.04,60.0,"2,869 M"
05/11/2026,1630,DKL,51.45,+0.78%,Energy,.4669,1.17,($0.81),55.89,38.02,50.83,51.63,47.54,-6.0,-0.42,-0.53,"66,128",-100233.36,63771.8,64710.07,-10.91,-3.29,1.9,0.41,56.6,48.25,-48.25,54.06,60.0,"2,736 M"
05/11/2026,1630,DKNG,24.51,-3.96%,Consumer Discretionary,1.5,0.92,$1.12,48.78,20.46,23.51,23.62,32.57,-1.0,0.84,-0.61,"13,579,211",0.0,1.341471612E7,1.47917165E7,26.2,-4.15,4.16,2.47,28.62,20.29,-20.29,-22.11,60.0,"12,151 M"
05/11/2026,1630,DLTR,90.02,-4.48%,Consumer Staples,.5863,3.62,$6.41,142.4,84.71,98.79,105.36,110.73,-2.0,-0.09,-0.52,"5,087,511",-100652.11,3399460.46,3278984.13,3.17,-20.51,-8.14,-6.72,139.55,93.04,139.55,110.14,12.0,"17,529 M"
05/11/2026,1630,DOC,19.76,+0.61%,Real Estate,1.019,1.53,$1.77,19.87,15.7,17.18,17.08,17.42,8.0,1.0,1.0,"8,466,923",101533.04,8460784.87,8822333.12,12.47,15.76,21.98,1.33,18.5,16.09,-16.09,-16.09,51.0,"13,623 M"
05/11/2026,1630,DOCU,45.49,-5.03%,Information Technology,1,1.15,$5.24,94.67,40.16,46.73,46.96,62.29,-2.0,-0.97,-0.55,"3,907,659",300656.38,4145578.36,4612550.04,57.11,-5.23,-0.37,-2.24,51.36,40.52,51.36,50.05,17.0,"8,838 M"
05/11/2026,1630,DOV,219.97,+0.06%,Industrials,1.21,3.3,$8.33,237.54,158.97,221.77,215.83,195.57,-3.0,-0.44,-0.48,"625,806",200232.13,1081751.22,1139555.57,-32.19,4.58,-2.77,-3.17,238.6,201.26,-201.26,233.12,51.0,"29,621 M"
05/11/2026,1630,DOW,38.76,+5.13%,Materials,1,1.19,($0.53),42.74,20.4019,38.69,37.89,28.04,1.0,-0.21,0.4,"8,811,014",-100256.17,1.501773726E7,1.428901077E7,-35.0,12.77,1.73,0.68,43.28,29.5,43.28,41.04,51.0,"27,936 M"
05/11/2026,1630,DPZ,313.22,-3.17%,Consumer Discretionary,1.048,16.93,$19.33,499.08,310.06,348.22,367.73,409.21,-1.0,0.0,-0.24,"1,145,339",-100231.11,1027466.55,1043462.26,104.12,-20.36,-6.59,-3.52,418.53,322.03,418.53,377.16,48.0,"10,418 M"
05/11/2026,1630,DRI,195.80,-0.22%,Consumer Discretionary,.5789,2.82,$8.56,228.27,169.0,197.68,198.97,196.36,4.0,0.3,0.5,"1,039,942",-100132.36,1383832.7,1326535.44,17.47,-3.76,-1.46,0.05,221.57,187.2,-187.2,-190.02,31.0,"22,426 M"
05/11/2026,1630,DRLL,36.1894,+2.64%,,.4799,0.92,<empty>,41.0248,25.93,36.29,37.1,31.33,1.0,-0.14,0.59,"17,247",-200127.2,34419.56,31341.14,43.52,-0.88,0.19,0.03,41.29,33.58,41.29,38.04,NaN,288 M
05/11/2026,1630,DRVN,13.25,-1.19%,Consumer Discretionary,.9848,0.53,$0.19,19.74,9.8,13.15,12.18,14.95,-4.0,-0.92,-0.64,"1,270,896",-100470.08,1980799.03,2066554.73,5.55,25.71,4.17,-0.6,17.62,10.52,-10.52,14.06,NaN,"2,179 M"
05/11/2026,1630,DT,40.23,-1.15%,Information Technology,.743,1.98,$1.54,57.55,31.635,36.78,37.13,43.3,-1.0,1.0,-0.96,"5,321,478",-100254.36,6712110.05,7141118.9,-45.58,7.08,12.97,5.29,40.38,32.21,-32.21,41.02,2.0,"11,999 M"
05/11/2026,1630,DVN,46.73,+2.46%,Energy,.5182,2.1,$3.88,52.71,30.24,47.57,47.64,39.02,-5.0,-0.17,-0.31,"16,308,822",-200239.04,1.638319462E7,1.493026758E7,47.27,3.02,-3.05,0.28,53.29,42.51,53.29,52.04,59.0,"53,879 M"
05/11/2026,1630,DXCM,59.33,-2.11%,Health Care,1.338,1.46,$3.68,89.98,54.11,61.23,64.26,68.75,-1.0,-0.35,-0.56,"5,272,045",100147.07,4427917.53,4608146.81,21.05,-10.53,-3.39,-1.71,74.54,57.08,-57.08,-57.08,55.0,"22,894 M"
05/11/2026,1630,EA,200.22,-0.11%,Communication Services,.6629,0.87,$9.29,204.885,141.19,202.3,201.81,194.52,-8.0,-0.2,-0.39,"1,701,744",0.0,2025539.39,2150156.57,68.39,0.15,-1.1,-0.28,204.23,197.44,204.23,204.15,54.0,"50,106 M"
05/11/2026,1630,EAT,139.61,+0.67%,Consumer Discretionary,1.257,6.07,$11.42,187.123,100.3,146.51,144.93,144.72,-2.0,-0.29,-0.31,"1,173,143",100351.09,1212374.42,1232494.36,-35.68,-3.28,4.09,-5.1,172.62,128.09,-128.09,-128.09,64.0,"5,988 M"
05/11/2026,1630,EBAY,108.13,+0.41%,Consumer Discretionary,1.388,3.23,$3.71,111.38,67.87,104.17,96.88,91.05,-3.0,0.88,-0.61,"6,362,137",300043.06,5656283.98,5975130.27,12.35,17.94,7.82,-0.02,107.14,78.58,111.05,111.05,55.0,"48,010 M"
05/11/2026,1630,ECH,41.20,-1.06%,,.7698,0.77,<empty>,47.845,29.28,42.4,40.91,38.11,-1.0,-0.38,-0.4,"352,795",200131.34,895455.18,983327.19,-55.04,1.38,-3.29,-2.02,46.61,38.45,-38.45,-40.05,NaN,"1,030 M"
05/11/2026,1630,ECPG,82.33,-1.85%,Financials,1.329,0.8,$7.32,92.64,35.675,82.48,75.4,55.16,-1.0,-0.57,0.0,"450,526",-400926.03,343184.81,320362.84,28.51,22.48,-2.34,-2.27,85.12,56.6,-56.6,93.02,60.0,"1,765 M"
05/11/2026,1630,EDEN,112.12,-0.02%,,.8802,1.59,<empty>,125.6375,98.31,110.67,106.62,110.9,2.0,0.78,0.53,"11,269",-200100.06,8088.65,8622.89,548.28,8.23,2.33,-0.86,119.62,98.35,-98.35,-107.12,NaN,202 M
05/11/2026,1630,EDU,52.13,-2.76%,Consumer Discretionary,.1829,1.46,$4.09,64.97,41.62,54.75,54.99,54.22,-2.0,-0.31,-0.56,"774,945",0.0,783799.88,811470.13,-22.8,-3.12,-0.33,-7.41,62.61,50.48,-50.48,-51.12,54.0,"8,296 M"
05/11/2026,1630,EDV,63.50,-0.83%,,.7352,0.48,<empty>,71.305,61.56,64.01,64.89,66.57,-1.0,0.26,-0.59,"735,985",-100220.36,1325048.24,1262679.43,-17.52,-2.86,-0.67,-0.95,69.5,63.05,-63.05,-63.05,NaN,"3,864 M"
05/11/2026,1630,EEM,67.89,-0.07%,,.7245,1.89,<empty>,68.15,45.2301,64.11,60.36,56.03,5.0,1.0,0.74,"14,596,735",-200238.36,3.872743573E7,3.910810608E7,-42.88,15.4,6.68,0.59,66.5,54.29,-54.29,-62.12,NaN,"30,062 M"
05/11/2026,1630,EFNL,54.8743,+1.39%,,.7759,0.93,<empty>,55.81,34.96,53.81,51.3,46.89,1.0,0.84,0.31,"205,880",100100.01,11994.89,10788.02,13560.97,11.44,3.21,-0.79,56.06,47.3,56.06,56.06,NaN,41 M
05/11/2026,1630,EFX,167.82,-4.56%,Industrials,1.347,2.63,$9.32,281.03,166.02,178.71,183.34,214.24,-1.0,-0.43,-0.54,"1,436,618",200041.06,1696333.97,1713512.78,-51.14,-12.39,-1.61,-3.11,211.46,166.33,-166.33,-168.04,49.0,"19,983 M"
05/11/2026,1630,EGP,203.98,-0.65%,Real Estate,1.073,2.21,$9.22,206.78,159.365,200.46,193.49,180.43,-1.0,0.9,-0.48,"324,998",100017.03,367945.8,374873.46,-20.12,7.41,1.91,0.48,204.14,181.35,-181.35,-196.07,50.0,"10,965 M"
05/11/2026,1630,EIS,136.14,-0.54%,,1.031,3.8,<empty>,136.98,80.56,130.29,124.58,109.83,-1.0,1.0,-0.75,"88,162",-200200.3,164189.72,160217.25,52.08,12.69,7.19,-0.3,132.06,110.29,-110.29,137.02,NaN,"1,021 M"
05/11/2026,1630,EL,82.75,-4.00%,Consumer Staples,1.272,3.8,$3.55,121.635,62.03,79.02,80.51,94.02,-2.0,0.81,-0.88,"3,090,697",-200762.34,4705143.02,4553560.56,-8.34,-9.6,7.02,-4.52,118.53,66.26,-66.26,88.02,69.0,"29,939 M"
05/11/2026,1630,ELS,63.39,+0.24%,Real Estate,2.115,0.38,$2.97,69.0,58.15,63.57,64.6,62.63,8.0,0.3,0.72,"1,473,476",-200026.51,1430703.15,1706577.11,-16.32,-5.4,0.99,0.11,69.4,62.3,-62.3,-62.08,48.0,"12,294 M"
05/11/2026,1630,ELV,381.75,+0.97%,Health Care,.6201,15.11,$29.01,424.24,273.71,351.16,317.54,327.61,-7.0,1.0,-0.6,"1,947,418",-300245.49,1947225.21,1871598.6,-7.36,31.73,7.19,1.88,377.08,275.44,-275.44,-309.17,46.0,"82,902 M"
05/11/2026,1630,EMB,95.97,-0.19%,,.3528,0.34,<empty>,97.8,89.45,96.02,95.3,95.58,5.0,-0.83,0.43,"2,376,826",100110.35,1.093225996E7,1.008528498E7,-46.66,0.35,-0.06,-0.31,98.54,93.3,-93.3,-95.05,NaN,"14,290 M"
05/11/2026,1630,EMR,139.43,-1.33%,Industrials,1.235,3.02,$5.55,165.15,114.83,141.39,137.9,137.61,-1.0,-0.6,-0.41,"2,486,966",0.0,2974403.08,3198454.67,45.71,-0.1,-1.44,-5.78,165.61,123.29,-123.29,149.03,60.0,"78,095 M"
05/11/2026,1630,ENB,54.46,+1.62%,Energy,.5776,1.03,$0.90,55.49,43.5892,53.38,53.79,49.56,1.0,0.43,0.55,"2,984,992",0.0,4444876.0,4919916.08,-11.83,1.53,3.83,0.48,55.06,50.62,55.06,55.06,56.0,"118,850 M"
05/11/2026,1630,ENPH,37.65,+3.29%,Information Technology,1.158,1.68,$1.11,54.43,25.775,34.24,37.5,36.22,5.0,0.43,0.78,"6,500,104",0.0,6011074.44,6042420.79,-9.45,-13.13,6.84,5.17,52.62,30.08,-30.08,-30.08,54.0,"4,962 M"
05/11/2026,1630,ENR,17.58,-6.79%,Consumer Staples,.7721,0.76,$2.31,30.29,16.0,19.33,18.3,22.23,-1.0,-0.7,-0.37,"1,091,157",100647.04,1218619.87,1207697.83,43.61,0.74,-9.75,-7.33,24.6,16.28,-16.28,21.04,58.0,"1,204 M"
05/11/2026,1630,ENVX,7.18,+8.62%,Industrials,2.18,0.22,($0.55),16.49,4.615,6.63,5.77,8.35,1.0,0.93,0.58,"11,804,797",200899.01,5749662.3,5832232.98,74.47,43.31,10.29,7.32,7.13,5.44,-5.44,-6.08,2.0,"1,564 M"
05/11/2026,1630,ENZL,46.1533,+0.42%,,.8965,0.95,<empty>,48.24,41.6875,44.6,44.34,45.5,8.0,0.95,0.83,"61,853",-100140.59,24301.03,40205.3,1296.48,2.16,5.09,0.36,48.62,42.29,-42.29,-43.08,NaN,74 M
05/11/2026,1630,EOG,133.31,+2.52%,Energy,.304,3.71,$7.36,151.87,101.5936,134.45,136.32,118.36,1.0,-0.13,0.5,"3,366,358",-100039.36,4922004.74,5084858.53,-3.28,0.6,0.07,-1.02,152.29,112.62,152.29,143.04,61.0,"71,005 M"
05/11/2026,1630,EPD,37.90,+1.91%,Energy,.4904,0.46,$1.37,39.735,30.01,37.79,37.72,33.61,1.0,-0.13,0.31,"2,837,151",-200023.11,4532089.82,4532576.64,14.39,1.88,-0.84,0.91,40.3,35.62,40.3,39.05,53.0,"81,997 M"
05/11/2026,1630,EPHE,25.04,-0.67%,,.5966,0.4,<empty>,28.4,23.17,24.87,25.04,25.5,7.0,0.47,0.77,"116,776",200100.44,152477.0,152275.25,-26.56,-1.34,2.0,-0.2,28.52,24.29,-24.29,-24.08,NaN,134 M
05/11/2026,1630,EPOL,39.71,+1.74%,,1.063,0.64,<empty>,40.9399,29.03,39.23,37.36,35.09,5.0,0.58,0.37,"1,113,378",100040.12,537839.61,549105.78,275.88,11.14,3.14,-1.17,41.16,34.35,41.16,-38.08,NaN,631 M
05/11/2026,1630,EPR,58.76,+0.82%,Real Estate,1.059,1.09,$5.54,62.08,48.105,56.41,54.88,54.11,5.0,0.84,0.68,"963,155",-300635.36,862953.2,863002.53,156.32,3.58,6.12,4.31,62.51,48.3,-48.3,59.02,55.0,"4,496 M"
05/11/2026,1630,EPU,83.78,+0.54%,,.7847,2.06,<empty>,95.28,44.1,81.76,81.97,70.72,5.0,0.32,0.68,"77,821",-100100.59,102218.04,120891.79,63.3,-1.05,3.95,2.37,95.5,74.35,-74.35,-77.08,NaN,528 M
05/11/2026,1630,EQR,66.18,+0.98%,Real Estate,.7778,1.59,$4.27,71.8,57.57,63.82,61.76,62.46,-4.0,1.0,-0.69,"1,776,328",100226.09,2530177.87,2694747.14,-29.25,10.01,6.19,0.03,67.08,58.35,67.04,67.04,59.0,"24,796 M"
05/11/2026,1630,EQRR,76.1163,+0.26%,,.918,0.83,<empty>,76.6,57.39,74.39,71.12,65.76,-4.0,-0.94,-0.41,"19,377",200000.29,17553.04,13750.08,31.54,12.27,2.5,0.06,76.06,67.4,77.04,77.04,NaN,54 M
05/11/2026,1630,EQT,56.45,+0.88%,Energy,.5996,1.23,$6.55,68.24,48.47,58.03,60.92,56.2,-7.0,-0.15,-0.49,"7,944,925",0.0,8405923.83,8761289.59,-9.61,-11.56,-3.73,-1.59,68.3,55.62,68.3,-55.02,49.0,"35,308 M"
05/11/2026,1630,ESI,45.06,+2.64%,Materials,1.267,2.25,$0.50,45.515,20.8,40.75,36.41,29.28,1.0,1.0,0.75,"3,279,397",500537.09,3077532.61,3230905.29,40.49,38.26,11.62,1.85,44.07,29.44,-29.44,-37.17,56.0,"10,977 M"
05/11/2026,1630,ESPO,90.2906,-0.17%,,1.011,1.09,<empty>,122.986,86.92,92.4,91.3,105.07,1.0,-0.7,0.42,"11,386",0.0,20386.39,21840.19,23.66,-2.75,-2.2,-1.47,98.62,87.29,-87.29,-90.02,NaN,253 M
05/11/2026,1630,ESS,268.77,+1.98%,Real Estate,.7305,5.27,$16.77,294.09,238.46,259.75,253.08,257.85,1.0,0.99,0.66,"404,804",-100223.09,468915.24,477647.71,33.21,7.41,4.65,0.56,270.08,238.3,270.08,270.08,54.0,"17,272 M"
05/11/2026,1630,ET,19.61,+1.40%,Energy,.561,0.44,$1.05,20.665,16.18,19.4,19.14,17.73,-4.0,-0.59,-0.41,"10,275,446",500224.05,1.678216151E7,1.645051764E7,8.43,4.59,2.94,-1.31,20.06,18.62,21.04,21.04,59.0,"67,481 M"
05/11/2026,1630,ETH,22.22,+1.05%,,2.355,0.4,<empty>,45.785,17.065,22.1,20.91,29.72,1.0,-0.92,0.58,"1,812,511",100474.48,4505890.6,5305097.85,-40.84,12.96,2.3,-0.36,23.16,17.53,23.16,-21.08,NaN,"2,127 M"
05/11/2026,1630,ETH-USD,-76.81,+4.77%,,3.956,7.28,<empty>,4.9275,-78.4582,-56.33,-41.97,-24.48,-4.0,0.0,-0.11,"918,921",-100072.24,895532.23,875348.09,29.89,114.67,26.48,15.76,-22.71,-66.97,-23.0,-44.0,NaN,"-2,317 M"
05/11/2026,1630,ETHA,17.67,+1.09%,,2.209,0.32,<empty>,36.8,13.62,17.58,16.65,23.81,1.0,-0.92,0.58,"18,907,311",0.0,3.400149722E7,3.389455528E7,-19.77,12.62,2.32,-0.28,19.16,14.53,19.16,-17.08,NaN,"7,449 M"
05/11/2026,1630,ETHE,18.95,+0.91%,,3.281,0.34,<empty>,40.135,14.71,18.9,17.92,25.84,1.0,-0.92,0.58,"1,953,703",0.0,3148120.12,3600049.84,-42.97,12.06,1.94,-0.52,20.16,15.53,20.16,-18.08,NaN,"1,905 M"
05/11/2026,1630,ETSY,59.86,-7.02%,Consumer Discretionary,1.79,2.05,$6.75,76.515,44.0,63.14,56.89,58.87,-8.0,-0.79,-0.24,"3,571,845",200462.09,3007659.25,3521881.69,21.11,13.61,-8.06,-7.87,71.08,44.57,71.08,71.08,54.0,"5,680 M"
05/11/2026,1630,EWA,29.59,+0.17%,,.9968,0.34,<empty>,30.4799,24.94,29.52,28.9,27.45,5.0,0.53,0.43,"2,709,299",-100126.47,4340078.91,4664298.44,28.65,2.03,1.37,-1.76,30.16,27.29,30.16,-28.08,NaN,"1,355 M"
05/11/2026,1630,EWC,58.14,+0.09%,,.8695,0.38,<empty>,58.89,42.92,57.99,56.55,52.92,2.0,-0.75,0.44,"991,107",100214.08,2716372.66,2669650.9,-13.67,2.94,0.28,-0.12,59.14,53.35,59.14,-57.08,NaN,"5,459 M"
05/11/2026,1630,EWD,51.25,-0.33%,,1.101,0.9,<empty>,54.93,42.99,52.21,50.92,49.23,2.0,-0.58,0.33,"77,802",-100022.28,184557.01,168721.67,-46.27,-0.31,-1.48,-2.6,55.5,47.35,-47.35,-50.05,NaN,311 M
05/11/2026,1630,EWG,42.53,-0.28%,,.9656,0.5,<empty>,44.65,37.975,42.34,41.14,41.84,-3.0,-0.88,-0.5,"1,842,528",200133.29,2696241.87,2361333.74,-14.08,4.24,0.97,-2.16,45.5,38.3,-38.3,-41.08,NaN,"1,403 M"
05/11/2026,1630,EWH,24.32,+0.16%,,.3908,0.42,<empty>,24.66,18.565,23.66,23.32,22.3,-1.0,0.77,-0.78,"2,124,220",100226.29,5478619.41,5363657.74,-51.8,4.15,4.24,-0.29,24.5,21.33,-21.33,25.02,NaN,987 M
05/11/2026,1630,EWI,59.29,+0.27%,,.8877,0.97,<empty>,59.665,45.305,57.89,55.33,53.48,5.0,0.83,0.48,"133,649",200134.35,546934.45,501292.13,-60.57,10.7,3.69,-0.54,59.16,50.35,-50.35,60.03,NaN,658 M
05/11/2026,1630,EWJ,92.26,+0.04%,,.6907,1.89,<empty>,94.28,68.028629,89.03,86.81,82.06,5.0,0.66,0.82,"4,370,437",400238.45,9459842.18,9813590.96,-46.41,7.62,5.22,0.63,94.6,81.35,-81.35,-86.12,NaN,"20,717 M"
05/11/2026,1630,EWJV,44.48,+0.59%,,.473,0.85,<empty>,47.69,33.5,43.37,42.94,40.86,8.0,0.45,0.75,"642,614",200000.01,226409.31,252248.72,466.33,4.24,5.35,-0.11,48.6,40.35,-40.35,-42.12,NaN,752 M
05/11/2026,1630,EWK,26.421,+0.46%,,.6872,0.49,<empty>,27.6299,20.6607,25.9,25.17,24.4,2.0,0.72,0.61,"635,618",-100100.01,68367.65,58492.31,3088.76,7.1,3.58,-1.38,28.6,23.35,-23.35,-25.08,NaN,116 M
05/11/2026,1630,EWM,30.14,-0.56%,,.4871,0.44,<empty>,30.635,23.342,29.45,28.98,27.22,-2.0,0.7,-0.82,"239,435",-200134.32,385814.67,393021.85,21.1,4.73,2.73,-0.82,30.55,28.24,-28.24,31.02,NaN,378 M
05/11/2026,1630,EWN,65.47,-0.32%,,1.144,1.43,<empty>,65.91,50.56,63.44,60.79,58.52,5.0,0.93,0.56,"259,905",0.0,136841.82,122675.12,108.08,9.06,4.5,-0.59,65.16,55.29,-55.29,66.03,NaN,504 M
05/11/2026,1630,EWO,40.07,+0.39%,,.8062,0.55,<empty>,40.37,27.56,39.24,37.06,34.21,5.0,0.82,0.47,"9,136",100100.39,41416.65,44511.07,-70.15,12.49,3.03,-0.42,40.16,34.35,40.16,-38.05,NaN,134 M
05/11/2026,1630,EWP,56.98,-0.44%,,.6777,0.71,<empty>,58.99,40.395,56.78,55.19,52.26,5.0,0.63,0.47,"350,811",200025.2,604725.5,571227.76,113.76,5.38,1.86,-1.18,59.16,51.35,59.16,-55.05,NaN,"1,799 M"
05/11/2026,1630,EWQ,45.49,-0.59%,,.8484,0.55,<empty>,48.39,40.91,45.57,44.56,44.52,-1.0,-0.74,-0.48,"1,914,308",-100016.01,549342.79,500971.76,483.86,2.92,0.64,-2.63,48.51,42.35,-42.35,-44.05,NaN,446 M
05/11/2026,1630,EWS,28.91,+0.07%,,.5402,0.25,<empty>,29.6699,24.845,28.89,28.35,28.22,2.0,0.6,0.49,"2,632,940",-300018.01,979478.95,924485.32,250.62,4.07,1.05,-0.72,30.16,27.46,30.16,-28.08,NaN,809 M
05/11/2026,1630,EWUS,42.4168,-1.18%,,1.042,0.54,<empty>,45.0422,37.95,42.59,41.49,41.5,-1.0,-0.7,-0.42,"1,544",0.0,4120.64,4461.86,36.25,1.74,-0.01,-1.84,45.51,38.29,-38.29,-41.05,NaN,42 M
05/11/2026,1630,EWW,80.22,+0.44%,,.787,1.54,<empty>,81.6499,56.93,78.16,76.14,70.44,5.0,0.61,0.67,"721,163",100039.46,1895185.43,1939305.5,-67.59,7.4,4.06,0.88,82.6,70.35,-70.35,-75.08,NaN,"2,246 M"
05/11/2026,1630,EWY,192.85,+1.39%,,1.402,13.68,<empty>,194.58,57.45,160.79,142.39,106.46,2.0,1.0,1.0,"17,143,560",200875.45,2.394963325E7,2.242992041E7,32.48,45.16,23.05,5.97,164.06,115.28,-115.28,-145.17,NaN,"24,328 M"
05/11/2026,1630,EWZ,38.66,-1.18%,,.7116,0.56,<empty>,42.02,26.193816,40.06,38.56,33.6,-1.0,-0.2,-0.23,"30,896,835",100142.49,3.204541016E7,3.349005203E7,91.35,2.79,-3.08,-3.11,42.19,35.35,42.19,42.16,NaN,"11,281 M"
05/11/2026,1630,EWZS,14.79,-2.70%,,.8203,0.3,<empty>,16.46,11.72,15.41,14.84,13.96,-1.0,-0.42,-0.32,"3,880,778",-100338.01,451991.18,653314.94,2112.54,0.89,-2.57,-4.95,16.14,13.35,16.14,-15.08,NaN,325 M
05/11/2026,1630,EXAS,104.91,0.00%,Health Care,1.418,0.41,$1.89,104.98,38.8118,103.57,103.02,74.29,6.0,0.02,0.29,<empty>,-100037.01,2640344.92,2627886.23,1111.65,2.5,1.36,0.93,104.09,101.61,-101.61,-103.15,34.0,"20,026 M"
05/11/2026,1630,EXP,204.93,-2.62%,Materials,1.381,3.39,$7.15,243.64,171.99,206.6,197.52,218.03,-3.0,-0.95,-0.54,"335,379",-100535.53,409379.88,424276.43,-34.58,7.16,-2.36,-5.59,239.55,172.35,-172.35,221.02,6.0,"6,441 M"
05/11/2026,1630,EXPD,155.54,-0.73%,Industrials,1.055,4.01,$6.83,167.19,109.9,148.84,146.0,138.8,5.0,0.61,0.9,"767,723",0.0,1185416.23,1413768.5,-26.92,10.46,5.02,2.84,165.61,130.6,-130.6,-136.05,58.0,"20,343 M"
05/11/2026,1630,EXPE,221.46,-3.70%,Consumer Discretionary,1.265,9.93,$33.16,303.8,156.05,251.2,239.8,237.15,-2.0,-0.6,-0.17,"2,910,436",100753.47,1996822.64,2493119.2,89.57,-3.86,-9.69,-10.22,280.14,185.54,280.14,280.14,61.0,"26,580 M"
05/11/2026,1630,EXR,144.58,+0.89%,Real Estate,1.21,1.63,$8.69,155.19,125.71,142.33,139.79,139.54,4.0,0.67,0.56,"935,995",100032.1,1210219.89,1267803.27,-26.12,2.16,3.61,0.51,155.54,128.32,-128.32,-138.09,55.0,"30,544 M"
05/11/2026,1630,EYE,21.80,-5.05%,Consumer Discretionary,1.065,0.99,$0.93,30.02,17.985,23.87,25.47,26.03,-1.0,0.0,-0.34,"2,947,423",-200621.01,1476252.86,1390529.57,115.1,-18.32,-11.95,-3.84,30.47,22.04,30.47,27.16,2.0,"1,747 M"
05/11/2026,1630,EZA,71.74,+0.06%,,.7956,1.77,<empty>,81.755,49.35,70.56,69.64,66.95,5.0,0.55,0.63,"222,664",100135.59,275230.12,290784.5,43.85,0.97,2.82,-0.29,82.5,62.35,-62.35,-66.08,NaN,768 M
05/11/2026,1630,F,12.05,-2.19%,Consumer Discretionary,1.7,0.31,$2.40,14.795,9.88,12.34,12.1,12.56,4.0,-0.61,0.5,"48,662,085",-100143.36,4.89573319E7,5.488836485E7,51.08,-0.5,-3.52,-0.99,15.51,11.29,-11.29,-11.05,55.0,"48,016 M"
05/11/2026,1630,FAF,68.45,-3.65%,Financials,1.298,1.28,$8.00,71.47,53.09,68.11,64.99,64.07,-1.0,-0.88,-0.53,"777,839",-200239.36,991676.12,1031374.13,-10.17,7.78,-1.4,-2.16,71.49,56.35,-56.35,71.1,50.0,"6,975 M"
05/11/2026,1630,FANG,196.15,+3.95%,Energy,.4452,7.03,($1.65),214.51,132.2,195.11,190.88,159.7,1.0,-0.4,0.23,"2,288,339",100239.43,3548050.78,3305787.61,-6.48,11.05,-0.14,0.55,208.06,163.62,215.05,215.05,58.0,"55,180 M"
05/11/2026,1630,FAST,43.30,-1.97%,Industrials,.7564,0.56,$1.01,50.63,38.9703,44.75,45.52,44.83,-3.0,-0.3,-0.27,"7,993,012",-100137.36,7717000.21,7659273.38,24.42,-7.06,-4.37,-3.15,50.21,43.35,50.21,46.15,43.0,"49,710 M"
05/11/2026,1630,FCFS,233.00,+2.34%,Financials,.5091,6.8,$12.47,233.13,119.205,215.63,202.32,168.47,1.0,1.0,0.89,"460,182",100540.27,367872.59,344725.4,113.54,21.17,7.2,2.92,227.12,176.53,-176.53,-201.17,55.0,"10,214 M"
05/11/2026,1630,FCG,29.58,+2.28%,,.5285,0.87,<empty>,33.03,21.76,29.91,30.16,25.44,-5.0,-0.12,-0.45,"1,746,229",-200133.28,1549859.21,1372419.71,79.17,1.61,-1.47,-0.24,33.29,26.6,33.29,32.05,NaN,742 M
05/11/2026,1630,FDX,378.90,+0.08%,Industrials,1.348,11.73,$18.48,404.03,214.35,382.91,370.02,296.75,4.0,-0.23,0.35,"925,465",-200636.06,1836453.64,1812169.11,-37.67,4.85,-2.32,0.45,404.07,341.29,404.07,-354.05,29.0,"90,408 M"
05/11/2026,1630,FICO,1092.00,-3.02%,Information Technology,1.218,47.07,$36.29,2217.6,870.01,1045.22,1115.62,1458.91,-1.0,0.72,-0.81,"289,575",-500882.14,388133.76,364626.01,-19.12,-6.28,7.71,2.34,1494.46,870.13,-870.13,1134.02,55.0,"25,324 M"
05/11/2026,1630,FISV,54.39,-1.96%,Financials,.7811,3.0,$7.64,191.91,52.91,60.62,58.94,85.76,-15.0,-0.88,0.0,"6,418,970",-100146.05,6207074.19,6988660.66,38.35,-7.03,-11.23,-3.07,65.14,53.3,65.14,65.14,50.0,"29,004 M"
05/11/2026,1630,FIVE,208.15,-6.71%,Consumer Discretionary,.9591,7.92,$7.47,251.63,99.04,230.37,226.24,181.86,-3.0,0.0,0.0,"1,570,875",100747.37,1160122.06,1094274.42,5.84,-4.75,-11.14,-11.12,252.14,197.6,252.14,252.14,16.0,"11,510 M"
05/11/2026,1630,FLG,14.05,-1.61%,Financials,1.009,0.18,($0.68),14.92,10.38,14.17,13.46,12.62,-1.0,-0.59,-0.34,"2,876,794",-300036.12,4965960.29,5130200.85,-46.23,13.49,0.36,-2.29,15.11,12.41,15.11,-14.07,52.0,"5,856 M"
05/11/2026,1630,FLNG,32.71,-0.03%,Energy,.2108,0.67,$2.60,33.4,21.72,31.71,30.53,26.96,-1.0,-0.83,-0.47,"423,560",-100541.36,627918.15,619473.31,44.43,12.75,4.11,2.41,33.07,25.6,33.04,33.04,2.0,"1,769 M"
05/11/2026,1630,FLO,8.22,-2.61%,Consumer Staples,.4357,0.23,$1.51,17.65,7.855,8.65,8.57,11.47,-10.0,-0.65,-0.54,"5,432,289",-100741.59,5117842.94,5390275.04,34.94,-4.64,-8.16,-4.64,12.62,8.22,-8.22,9.06,8.0,"1,741 M"
05/11/2026,1630,FLUT,93.96,-7.14%,Consumer Discretionary,1.234,4.66,$2.67,313.685,93.58,106.3,106.49,199.47,-10.0,-0.8,-0.37,"4,550,906",-100461.51,3265036.55,4079944.14,118.48,-14.26,-15.3,-5.2,157.62,98.03,157.62,115.1,61.0,"16,311 M"
05/11/2026,1630,FND,48.76,-5.74%,Consumer Discretionary,1.631,1.4,$0.98,92.405,46.47,50.99,53.21,67.03,-1.0,-0.42,-0.53,"4,157,124",100564.07,2941019.4,2890188.33,92.75,-16.06,-2.11,-4.43,73.55,46.26,-46.26,-47.08,56.0,"5,271 M"
05/11/2026,1630,FNF,48.29,-4.53%,Financials,.9928,1.09,$20.96,61.4025,42.78,50.65,48.6,54.9,-11.0,-0.8,-0.23,"1,823,490",-200345.36,2032459.26,1980083.99,81.6,2.33,-6.9,-5.85,58.6,43.35,-43.35,-47.02,60.0,"12,998 M"
05/11/2026,1630,FORM,151.40,+2.39%,Information Technology,1.258,6.6,$0.47,159.09,26.08,140.89,115.91,68.28,2.0,0.61,0.35,"3,791,968",-200403.01,1725923.6,1647779.5,73.5,64.89,5.19,1.53,159.11,81.44,159.11,159.11,55.0,"11,802 M"
05/11/2026,1630,FOUR,41.47,-2.61%,Financials,1.411,2.47,$5.00,108.5,39.85,45.91,45.44,66.7,-2.0,-0.66,-0.34,"2,025,925",202079.34,2171593.08,2302893.1,99.69,-12.2,-7.84,-3.29,62.62,40.22,62.62,52.13,58.0,"3,290 M"
05/11/2026,1630,FOXA,67.72,+7.59%,Communication Services,.5337,1.45,$5.19,76.39,52.02,63.78,60.76,62.93,3.0,0.78,0.68,"6,600,353",-200241.29,3540448.06,3859942.57,165.72,17.35,6.04,8.86,66.12,53.52,-53.52,-61.04,0.0,"28,808 M"
05/11/2026,1630,FR,62.38,-0.59%,Real Estate,1.098,0.61,$3.48,64.66,47.36,62.34,60.77,56.49,-1.0,-0.63,-0.41,"576,453",-100347.36,957440.73,1015818.29,-32.22,2.18,0.5,-0.22,65.14,57.35,65.14,-61.05,50.0,"8,270 M"
05/11/2026,1630,FROG,69.01,-2.18%,Information Technology,1.037,8.23,$1.22,72.06,34.05,49.72,46.26,50.97,9.0,1.0,1.0,"3,927,529",100669.02,2941700.24,3547832.1,130.79,64.9,49.44,28.25,56.59,34.53,-34.53,-42.17,61.0,"8,361 M"
05/11/2026,1630,FRPT,49.64,-6.48%,Consumer Staples,1.751,5.68,$0.96,89.8,46.76,63.62,66.99,62.28,-7.0,-0.17,-0.26,"1,888,288",-401159.04,1650812.22,1625128.26,40.61,-38.2,-24.16,-9.62,86.46,52.33,86.46,72.16,57.0,"2,439 M"
05/11/2026,1630,FRT,115.42,-0.22%,Real Estate,.9639,2.3,$6.02,117.22,89.99,112.64,108.91,101.83,-3.0,-0.99,-0.7,"661,051",200316.07,847957.33,881484.18,-3.77,7.87,3.82,-1.16,115.06,102.32,-102.32,117.03,59.0,"9,971 M"
05/11/2026,1630,FSLY,19.58,-4.53%,Information Technology,.5621,3.73,$0.28,34.82,6.29,25.04,25.65,13.63,-3.0,0.0,-0.24,"16,177,954",0.0,1.352444677E7,1.588378346E7,65.47,-18.59,-24.11,-37.98,35.23,9.62,35.23,-19.02,60.0,"3,064 M"
05/11/2026,1630,FTNT,115.44,+1.20%,Information Technology,.9743,10.96,$3.24,115.485,70.12,88.97,84.71,83.0,7.0,1.0,1.0,"6,708,948",100350.03,6152768.97,6403165.14,30.07,38.28,34.75,28.34,89.6,74.53,-74.53,-80.17,60.0,"84,514 M"
05/11/2026,1630,FTV,60.31,-0.20%,Industrials,1.08,0.79,$2.98,62.805,46.34,60.57,58.01,53.44,-2.0,-0.62,-0.27,"2,548,080",0.0,3150431.91,3481282.01,-4.25,7.1,-2.74,-0.15,63.07,53.29,63.07,63.07,54.0,"18,386 M"
05/11/2026,1630,FTWO,46.5517,+2.29%,,.7952,0.47,<empty>,49.658,32.5199,45.91,46.19,42.0,1.0,0.19,0.71,"13,519",-100000.28,15625.3,15556.31,76.41,-0.9,1.94,0.14,50.49,44.35,-44.35,-45.08,NaN,81 M
05/11/2026,1630,FUTU,139.86,-3.27%,Financials,.4032,7.06,$37.57,199.9299,97.9,157.2,147.77,162.5,-3.0,-0.46,-0.19,"2,655,805",-200591.02,1482980.85,1524422.55,216.95,-6.78,-12.59,-16.75,169.16,128.29,169.16,169.16,12.0,"19,608 M"
05/11/2026,1630,FUTY,58.38,+0.92%,,.6407,0.79,<empty>,61.51,50.35,59.27,59.53,57.27,-6.0,-0.21,-0.32,"463,262",200218.13,380395.08,362803.12,9.41,-1.85,-2.24,-1.2,62.5,56.62,62.5,61.06,NaN,"2,382 M"
05/11/2026,1630,FWONK,92.76,-1.79%,Communication Services,.6712,2.77,$2.95,109.3626,80.15,89.06,86.95,94.2,7.0,0.99,0.86,"2,512,328",100034.12,2111456.21,2152297.97,60.59,10.1,6.98,4.62,93.5,80.3,-80.3,-84.08,60.0,"23,246 M"
05/11/2026,1630,FWRG,11.68,-3.47%,Consumer Discretionary,1.071,0.58,($0.17),19.53,10.09,12.56,12.05,15.6,-13.0,-0.77,-0.4,"801,558",100165.53,1605575.39,1747030.78,-36.41,-6.11,-11.25,-4.03,18.62,10.29,-10.29,14.12,58.0,720 M
05/11/2026,1630,FXA,71.76,+0.02%,,.3879,0.37,<empty>,71.885,62.97,71.11,70.13,66.92,2.0,0.63,0.53,"8,255",-100008.31,21181.57,21523.41,-53.33,1.28,0.81,0.11,72.06,68.29,-68.29,-70.08,NaN,108 M
05/11/2026,1630,FXB,130.93,-0.04%,,.2836,0.42,<empty>,133.11,125.02,130.25,129.11,129.03,2.0,0.68,0.5,"20,963",-200007.15,28079.55,23447.3,-84.05,1.5,0.55,0.25,132.62,127.28,-127.28,-129.12,NaN,92 M
05/11/2026,1630,FXC,71.43,+0.01%,,.2223,0.19,<empty>,72.469,69.08,71.5,71.22,70.76,-6.0,-0.67,-0.4,"9,314",100007.54,41611.14,53199.84,-63.85,-0.68,-0.34,-0.36,72.62,70.28,-70.28,72.06,NaN,75 M
05/11/2026,1630,FXE,108.68,-0.03%,,.1789,0.28,<empty>,111.535,102.12,108.31,107.45,107.75,4.0,0.71,0.49,"49,647",-400006.15,236588.82,222090.7,-91.47,1.77,0.56,0.26,110.62,105.4,-105.4,-108.08,NaN,424 M
05/11/2026,1630,FXF,113.40,-0.17%,,.201,0.58,<empty>,116.2999,104.67,112.75,112.28,111.54,-1.0,0.59,-0.5,"47,163",0.0,90245.5,110553.22,-34.58,0.15,0.95,0.09,116.62,110.28,-110.28,-111.08,NaN,493 M
05/11/2026,1630,FXI,37.47,+0.62%,,.3053,0.4,<empty>,42.0,34.77,36.94,36.35,38.63,4.0,0.95,0.63,"19,310,307",-100130.36,3.031066157E7,3.074415047E7,-19.83,2.94,2.8,-0.05,40.62,35.3,-35.3,-36.09,NaN,"6,160 M"
05/11/2026,1630,FXY,58.42,-0.31%,,.2088,0.52,<empty>,64.72,57.225,57.96,57.88,59.7,-3.0,0.87,-0.61,"131,094",200010.06,196420.49,198668.28,16.97,1.11,1.46,-0.46,60.6,57.08,-57.08,59.03,NaN,441 M
05/11/2026,1630,FYBR,38.49,0.00%,Communication Services,.9018,0.13,($5.68),38.5,36.04,38.18,38.03,37.09,4.0,0.57,0.8,<empty>,300009.01,3493880.5,3089356.02,793.29,1.8,1.1,0.68,38.18,37.6,-37.6,-38.17,22.0,"9,636 M"
05/11/2026,1630,GAP,21.74,-6.97%,Consumer Discretionary,1.992,0.98,$2.21,29.36,18.685,24.89,24.85,24.41,-2.0,-0.25,-0.33,"13,250,254",-300352.3,8095489.09,7719943.49,115.65,-7.65,-13.49,-11.48,29.55,22.44,29.55,28.14,12.0,"7,942 M"
05/11/2026,1630,GD,344.03,-0.72%,Industrials,.3394,14.75,$22.98,369.7,267.39,334.96,345.16,339.96,-3.0,0.67,-0.86,"1,026,325",100025.09,1439244.54,1387338.55,-37.28,-2.78,10.08,-0.93,367.47,307.09,-307.09,354.05,50.0,"93,036 M"
05/11/2026,1630,GDAXI:DE,24350.28,+0.05%,,<empty>,256.17,<empty>,25507.79,21863.81,24244.55,23780.48,24117.38,-2.0,-0.82,-0.52,<empty>,NaN,NaN,NaN,NaN,4.02,0.92,-2.28,25406.48,21864.32,-21864.32,25153.03,NaN,0
05/11/2026,1630,GDX,97.60,+3.18%,,.6533,3.71,<empty>,117.175,45.1,93.01,94.04,83.32,5.0,0.42,0.76,"24,089,749",200259.35,2.581350819E7,2.520078263E7,-23.6,-3.71,5.41,5.58,117.49,79.35,-79.35,-85.05,NaN,"29,754 M"
05/11/2026,1630,GDXJ,129.50,+2.91%,,.8459,5.16,<empty>,157.49,57.4,123.02,124.1,109.05,5.0,0.44,0.78,"6,273,762",-100266.49,5432590.54,5394497.26,-8.9,-4.33,6.6,5.5,157.49,103.35,-103.35,-113.05,NaN,"9,517 M"
05/11/2026,1630,GE,300.77,+1.22%,Industrials,1.372,8.58,$7.07,348.48,211.15,293.76,300.14,299.2,5.0,0.52,0.75,"4,558,146",-300440.14,6152279.74,5939049.76,-64.64,-7.5,5.7,-1.65,348.52,269.13,-269.13,-269.13,46.0,"313,805 M"
05/11/2026,1630,GEL,15.79,-3.54%,Energy,.7329,0.41,<empty>,18.64,14.38,16.89,17.46,16.63,-7.0,0.0,-0.08,"423,794",100340.15,293885.84,288887.13,-36.8,-11.64,-6.68,-3.84,19.46,16.03,19.46,18.17,55.0,"1,934 M"
05/11/2026,1630,GII,76.53,+0.67%,,.6344,0.6,<empty>,78.95,64.07,76.62,76.48,72.12,1.0,-0.12,0.48,"33,317",100020.13,89707.89,82517.02,-83.86,0.87,0.17,-0.94,79.5,74.35,-74.35,78.06,NaN,976 M
05/11/2026,1630,GIL,57.68,-2.67%,Consumer Discretionary,1.074,1.62,<empty>,73.695,46.0,59.14,58.94,59.69,-3.0,-0.59,-0.61,"716,278",100140.45,1355317.15,1357702.56,-60.71,-6.56,-0.31,-5.91,74.59,53.29,-53.29,63.06,56.0,"10,681 M"
05/11/2026,1630,GIS,33.80,-2.54%,Consumer Staples,-.0311,0.47,$3.05,55.35,33.37,34.91,37.28,45.09,-2.0,-0.5,-0.68,"13,589,737",-300137.36,9439738.18,9079833.02,91.33,-16.87,-2.65,-3.62,50.6,34.04,50.6,36.02,30.0,"18,038 M"
05/11/2026,1630,GK,28.8072,+1.04%,Industrials,1.389,0.76,<empty>,28.88,21.32,27.09,25.53,25.68,1.0,1.0,0.66,912,100020.4,1011.76,1051.12,429.55,14.56,6.81,0.62,27.06,23.29,-23.29,-26.14,NaN,31 M
05/11/2026,1630,GLASF,9.35,0.00%,Consumer Staples,.6106,0.31,($0.29),10.63,4.55,9.33,8.51,7.89,-10.0,-0.68,-0.24,"103,200",-100800.13,213129.04,206165.3,-29.91,14.72,-11.25,-1.58,11.1,7.45,11.1,11.1,2.0,786 M
05/11/2026,1630,GLBE,29.91,+0.37%,Consumer Discretionary,1.553,0.87,$1.65,43.21,27.795,31.96,32.39,35.1,-2.0,-0.46,-0.4,"2,800,194",-200550.58,1222096.07,1593191.24,111.58,-12.47,-7.0,-4.2,38.55,28.29,-28.29,35.16,2.0,"5,024 M"
05/11/2026,1630,GLD,434.65,+0.20%,,.1698,6.79,<empty>,509.7,291.78,431.14,438.15,395.01,5.0,0.34,0.66,"5,513,905",0.0,1.091987176E7,1.137323401E7,-41.84,-8.73,1.11,0.86,492.49,399.33,-399.33,-413.05,NaN,"157,343 M"
05/11/2026,1630,GLIN,44.855,-2.64%,,.7168,0.51,<empty>,48.39,38.705,45.52,43.72,45.21,-1.0,-0.85,-0.28,"27,319",200116.49,87510.71,124100.47,60.45,3.28,-1.03,-2.91,47.16,39.29,47.16,-44.05,NaN,98 M
05/11/2026,1630,GM,75.29,-4.45%,Consumer Discretionary,1.305,1.31,$15.77,87.62,46.815,78.05,76.17,70.99,-1.0,-0.41,-0.42,"6,361,593",100139.1,7159436.75,7365799.87,18.78,0.67,-3.42,-4.33,84.57,72.24,-72.24,-75.09,49.0,"67,886 M"
05/11/2026,1630,GME,23.17,-4.57%,Consumer Discretionary,1.777,0.82,$1.33,35.81,19.93,24.74,23.93,23.25,-3.0,-0.55,-0.05,"12,103,402",100474.05,7706370.47,7132357.07,86.99,-5.27,-8.82,-7.95,27.06,22.3,27.06,-23.04,20.0,"10,389 M"
05/11/2026,1630,GO,7.85,-4.15%,Consumer Staples,.6855,0.16,$0.02,19.41,5.655,7.81,7.21,11.7,-1.0,-0.98,-0.67,"3,083,307",-100801.45,4149534.4,3719215.92,22.33,26.61,-2.0,-1.38,11.56,6.44,-6.44,8.06,2.0,777 M
05/11/2026,1630,GOLF,87.69,-4.22%,Consumer Discretionary,.8547,4.03,$1.48,104.81,67.14,95.45,95.08,86.52,-1.0,0.0,-0.07,"632,070",-200627.04,351281.82,353568.08,164.86,-7.95,-9.48,2.02,105.62,85.03,105.62,-85.03,60.0,"5,135 M"
05/11/2026,1630,GOOG,386.77,-2.59%,Communication Services,1.081,22.7,$5.33,398.37,157.58,358.38,323.6,287.29,-3.0,-0.99,-0.77,"16,191,570",100335.08,1.908153886E7,1.989485061E7,10.72,25.4,10.97,-2.12,383.06,272.29,-272.29,-330.14,51.0,"4,685,890 M"
05/11/2026,1630,GOOGL,388.64,-3.03%,Communication Services,1.082,23.27,$5.33,402.0,156.16,360.89,325.27,287.26,-3.0,-0.98,-0.76,"30,613,081",100335.08,2.847561151E7,3.045479683E7,32.39,25.9,10.93,-2.36,387.06,272.29,-272.29,-331.14,51.0,"4,708,546 M"
05/11/2026,1630,GOOS,11.11,-6.80%,Consumer Discretionary,1.686,0.32,<empty>,15.425,8.86,11.63,11.26,12.53,-1.0,-0.78,-0.4,"483,170",0.0,398553.5,456210.45,16.22,1.28,-5.12,-7.49,13.55,10.29,-10.29,12.14,3.0,"1,079 M"
05/11/2026,1630,GPI,348.60,-2.58%,Consumer Discretionary,.8608,7.33,$30.78,488.39,292.44,344.55,330.59,391.11,-1.0,-0.95,-0.59,"170,853",200143.36,165999.24,166880.39,-1.08,11.43,2.67,1.35,374.06,292.37,374.06,374.06,51.0,"4,148 M"
05/11/2026,1630,GPN,68.77,-0.61%,Financials,.7567,1.59,$4.27,90.635,62.45,70.21,70.06,77.9,-6.0,-0.76,-0.41,"2,392,181",100247.58,3355000.49,3708124.66,12.39,-5.6,0.64,-1.24,83.55,62.24,-62.24,-67.11,59.0,"18,802 M"
05/11/2026,1630,GRID,199.80,+1.31%,,1.266,5.06,<empty>,199.99,125.0,187.73,175.76,159.53,2.0,1.0,0.66,"1,030,387",100024.12,684452.73,729460.84,75.6,18.16,6.57,1.05,193.06,157.29,-157.29,-179.17,NaN,"10,969 M"
05/11/2026,1630,GRMN,242.38,+0.95%,Consumer Discretionary,.9483,9.31,$7.54,273.32,186.67,253.71,246.18,228.29,4.0,-0.43,0.17,"1,105,240",-100533.58,799937.84,910804.81,90.99,2.66,-5.81,-0.18,273.16,201.6,273.16,-235.04,54.0,"46,744 M"
05/11/2026,1630,GRNY,27.19,+0.74%,,1.292,0.27,<empty>,27.2399,20.2235,26.46,25.22,24.88,1.0,0.96,0.52,"1,400,353",0.0,2235118.71,2333963.62,-28.73,10.08,2.22,0.33,27.06,23.29,-23.29,-26.17,NaN,"4,451 M"
05/11/2026,1630,GS,944.86,+0.89%,Financials,1.262,11.41,($135.91),984.7,582.5,924.03,873.36,837.8,2.0,0.79,0.41,"2,409,643",100232.21,2134884.78,2230607.06,36.49,14.7,0.75,0.8,968.6,781.4,-781.4,952.14,44.0,"278,741 M"
05/11/2026,1630,GSG,33.69,+2.68%,,.0672,0.78,<empty>,34.74,21.03,32.72,31.56,25.4,1.0,-0.43,0.34,"3,180,525",100239.03,1800074.45,1494691.88,92.8,12.71,2.46,2.59,35.08,24.58,35.05,35.05,NaN,"1,049 M"
05/11/2026,1630,GTBIF,8.03,+2.03%,Health Care,1.237,0.4,$0.97,10.43,4.8,7.61,6.93,7.34,-3.0,-0.81,-0.33,"523,888",-200100.32,663015.88,676746.06,8.8,23.35,-3.14,-3.72,9.12,6.29,9.12,9.12,60.0,"1,818 M"
05/11/2026,1630,GTLB,25.64,-1.31%,Information Technology,.8913,1.76,$1.33,54.08,18.73,22.83,22.66,36.71,-1.0,1.0,-0.97,"7,064,556",-101171.24,6544216.88,6446314.09,25.4,10.71,19.53,5.56,33.62,19.21,-19.21,-20.12,20.0,"4,329 M"
05/11/2026,1630,GTM,6.04,-5.33%,Communication Services,1.064,0.24,$1.20,12.51,5.15,6.25,6.07,8.93,-4.0,-0.96,-0.64,"22,816,723",100158.36,9786432.82,1.092198055E7,430.02,-3.97,-0.33,-7.08,7.61,5.21,-5.21,7.02,0.0,"1,800 M"
05/11/2026,1630,GVAL,35.61,-0.13%,,.6453,0.39,<empty>,36.44,25.89,35.48,34.18,31.75,5.0,0.57,0.47,"185,703",-100000.07,297083.52,295875.76,134.88,6.01,1.08,-0.56,36.16,32.35,36.16,-35.08,NaN,475 M
05/11/2026,1630,GVIP,176.1727,+0.34%,,1.087,4.17,<empty>,177.27,127.3,167.67,157.06,153.27,2.0,1.0,0.53,"8,875",200011.05,15664.9,14760.05,110.55,16.42,5.24,0.42,169.06,139.29,-139.29,-163.14,NaN,546 M
05/11/2026,1630,GVZ:CGI,27.48,+3.78%,,-1.503,0.74,<empty>,48.68,14.47,27.57,32.32,25.59,11.0,0.12,0.44,<empty>,NaN,NaN,NaN,NaN,-10.43,8.32,4.33,46.3,25.1,-25.1,-25.1,NaN,0
05/11/2026,1630,H,165.15,-1.46%,Consumer Discretionary,1.294,3.29,$1.19,180.53,124.82,165.54,155.55,153.32,-2.0,-0.8,-0.41,"514,817",100545.45,817586.69,897788.17,-32.9,9.04,0.73,-2.49,181.6,138.28,-138.28,-157.08,60.0,"15,551 M"
05/11/2026,1630,HACK,85.35,-0.32%,,.8021,2.48,<empty>,89.59,69.66,80.33,77.99,81.64,-1.0,1.0,-0.93,"132,667",100438.21,117975.79,123867.32,17.44,8.81,7.34,2.68,81.06,70.53,-70.53,-77.17,NaN,"2,117 M"
05/11/2026,1630,HAL,40.26,+1.08%,Energy,.7592,1.03,$1.98,42.46,19.38,39.72,37.96,29.73,-7.0,-0.48,-0.2,"6,750,147",-100245.36,1.564657987E7,1.461450378E7,-67.23,12.05,0.32,-0.35,42.06,33.58,42.06,42.06,49.0,"33,633 M"
05/11/2026,1630,HBB,19.12,-8.60%,Consumer Discretionary,1,0.49,<empty>,21.84,12.72,20.43,18.83,16.66,-1.0,-0.6,-0.23,"12,190",100310.08,24314.29,22869.67,-23.62,16.87,-9.43,-5.72,22.07,16.4,22.07,-18.02,60.0,259 M
05/11/2026,1630,HBDC,24.705,+0.14%,,.0778,0.05,<empty>,27.74,23.16,24.73,24.6,25.0,1.0,-0.8,0.38,"1,530",-100000.54,7796.56,25811.23,47.1,0.47,-0.3,0.14,25.61,24.29,-24.29,-25.04,NaN,86 M
05/11/2026,1630,HCA,426.37,-2.03%,Health Care,1.189,14.84,$34.38,556.52,330.0,452.07,484.54,459.56,8.0,0.04,0.53,"2,106,787",-100230.01,1093353.54,1120057.47,112.16,-20.64,-4.35,-0.72,557.41,422.11,557.41,495.17,52.0,"94,586 M"
05/11/2026,1630,HD,311.40,-1.91%,Consumer Discretionary,.9922,9.06,$12.74,426.75,309.71,330.89,335.91,369.24,-1.0,-0.32,-0.32,"4,311,993",100135.05,4096581.97,4042780.69,39.95,-11.24,-6.29,-3.61,398.6,310.04,398.6,354.14,6.0,"310,163 M"
05/11/2026,1630,HELE,24.32,-1.58%,Consumer Discretionary,1.235,1.35,$5.73,33.76,13.85,22.21,18.35,20.28,-2.0,-0.96,-0.35,"556,736",-200168.12,661809.61,646367.8,-16.71,48.47,3.98,-4.96,25.12,14.3,-14.3,27.02,41.0,566 M
05/11/2026,1630,HII,317.75,+0.46%,Industrials,.2706,21.43,$20.15,460.0,215.045,360.93,390.1,340.71,1.0,0.0,0.16,"710,189",-200441.05,518336.24,517518.27,50.63,-23.19,-11.34,-0.56,460.49,311.03,460.49,-311.03,55.0,"12,521 M"
05/11/2026,1630,HIMS,29.14,+3.08%,Health Care,2.169,1.32,$0.26,70.43,13.74,27.59,23.49,36.57,2.0,0.84,0.33,"56,256,717",101309.43,3.687018667E7,3.792936306E7,-4.71,12.6,-0.85,8.41,32.15,14.53,32.15,32.15,0.0,"6,733 M"
05/11/2026,1630,HLN,8.98,-1.43%,Health Care,.1972,0.16,$0.33,11.42,8.71,9.41,9.83,9.79,-2.0,-0.01,-0.59,"12,118,683",-100130.02,8572093.83,8759386.6,60.02,-10.2,-5.37,-2.71,11.57,9.08,11.57,10.16,55.0,"39,857 M"
05/11/2026,1630,HLT,315.53,-0.39%,,1.058,8.12,$9.08,344.75,241.45,326.48,312.6,288.15,4.0,-0.27,0.17,"1,632,205",-100231.09,1771001.75,1848933.92,15.39,6.29,-5.09,-1.86,345.16,290.41,345.16,-308.05,54.0,"71,830 M"
05/11/2026,1630,HOOD,80.78,+4.87%,Financials,2.158,4.83,$3.33,153.8599,55.8893,81.44,76.57,105.79,6.0,0.75,0.47,"26,214,827",-100267.09,3.021971697E7,3.132752384E7,-28.91,2.66,-3.78,2.19,93.16,64.29,93.16,-70.08,55.0,"72,743 M"
05/11/2026,1630,HPP,11.33,+3.47%,Real Estate,1.798,1.09,$1.75,21.7,5.26,8.96,7.34,12.66,-2.0,1.0,-0.88,"1,525,970",0.0,1245996.49,1409281.86,-11.49,83.04,25.06,6.59,10.08,5.26,-5.26,-7.17,58.0,615 M
05/11/2026,1630,HQY,81.65,-3.76%,Health Care,.1778,1.59,$4.74,116.65,72.76,82.92,81.64,88.96,-1.0,-0.65,-0.61,"590,428",100050.38,936982.29,943412.83,-43.03,3.92,-2.24,-1.92,88.14,73.58,88.14,-77.12,12.0,"6,898 M"
05/11/2026,1630,HSI:HK,26406.84,0.00%,,<empty>,246.74,<empty>,28056.1,22668.35,26114.14,25798.94,25949.7,-1.0,0.73,-0.66,<empty>,NaN,NaN,NaN,NaN,4.29,1.9,0.74,27398.56,24204.3,-24204.3,26669.02,NaN,0
05/11/2026,1630,HSY,189.23,+1.77%,Consumer Staples,.0725,2.85,$9.12,239.48,150.04,188.66,204.54,193.43,5.0,0.11,0.57,"2,315,825",-100136.36,1868608.81,1956282.17,84.02,-13.14,1.47,1.51,239.49,180.06,-180.06,-180.06,55.0,"38,384 M"
05/11/2026,1630,HTZ,6.19,+2.31%,Industrials,2.106,0.31,($3.72),8.44,3.775,6.37,5.35,5.51,1.0,-0.43,0.3,"10,307,221",-200336.08,1.133624884E7,1.034570475E7,-70.85,50.24,10.73,-4.48,8.15,4.36,8.15,-5.08,60.0,"1,950 M"
05/11/2026,1630,HUBS,191.34,-3.04%,Information Technology,1.257,16.2,$11.56,682.565,180.5,225.13,240.71,363.99,-4.0,-0.83,-0.37,"2,761,611",100671.02,1559477.1,1818647.67,70.99,-26.15,-14.99,-18.63,297.46,187.21,297.46,255.05,60.0,"9,800 M"
05/11/2026,1630,HUM,274.26,-0.25%,Health Care,.6303,18.19,$10.57,315.3482,163.11,228.12,197.9,241.22,2.0,1.0,0.97,"2,484,944",0.0,1773527.62,1941327.73,-18.98,60.43,22.65,11.34,247.07,163.35,-163.35,-196.17,54.0,"32,928 M"
05/11/2026,1630,HYG,79.98,-0.20%,,.405,0.24,<empty>,81.36,78.565,80.28,79.9,80.51,2.0,-0.68,0.25,"34,227,345",100109.29,5.643520361E7,5.277936585E7,-41.62,0.15,-0.66,-0.22,81.62,79.3,-79.3,-80.05,NaN,"16,788 M"
05/11/2026,1630,HYLS,40.98,-0.24%,,.4025,0.06,<empty>,42.4036,40.01,41.02,40.88,41.59,-1.0,-0.84,-0.36,"129,085",-200000.25,319115.86,287724.54,-66.95,-0.05,-0.05,-0.23,42.12,40.29,42.12,42.12,NaN,"1,643 M"
05/11/2026,1630,IAK,130.54,+0.26%,,.5611,0.94,<empty>,138.66,124.62,132.0,131.05,132.11,1.0,-0.55,0.35,"38,889",200024.35,61382.99,67229.04,-4.31,-0.09,-1.11,-0.52,138.49,125.3,-125.3,135.15,NaN,359 M
05/11/2026,1630,IBB,170.00,+0.04%,,.7426,2.28,<empty>,179.64,116.49,171.53,169.26,160.63,-3.0,-0.37,-0.4,"1,456,579",0.0,1553957.68,1585828.11,-7.3,-0.51,0.58,-2.23,178.52,160.33,-160.33,-164.08,NaN,"7,999 M"
05/11/2026,1630,IBIT,46.47,+2.24%,,.7155,1.18,<empty>,71.82,35.3,44.13,41.51,52.67,1.0,1.0,0.72,"30,923,022",0.0,4.899998506E7,5.140029156E7,0.08,15.97,6.68,0.61,45.13,36.53,-36.53,-42.17,NaN,"67,367 M"
05/11/2026,1630,IDX,12.72,-1.78%,,.3943,0.38,<empty>,17.55,12.695,13.62,13.8,15.69,-2.0,-0.43,-0.39,"22,487",0.0,41092.72,42605.25,-71.27,-10.61,-4.5,-4.36,16.54,13.05,16.54,15.16,NaN,28 M
05/11/2026,1630,IDXX,532.00,-5.02%,Health Care,1.597,11.42,$13.35,769.98,496.61,568.8,579.24,642.18,-2.0,-0.3,-0.48,"761,402",100041.29,549036.29,538391.98,31.68,-11.41,-7.47,-8.15,666.51,544.08,666.51,595.16,57.0,"41,966 M"
05/11/2026,1630,IEF,94.64,-0.34%,,.2661,0.36,<empty>,98.045,93.03,95.19,95.48,96.19,-1.0,-0.29,-0.48,"4,023,926",200010.34,1.022123351E7,1.002704056E7,-17.42,-1.42,-0.73,-0.38,98.5,94.05,-94.05,-94.05,NaN,"47,623 M"
05/11/2026,1630,IFF,78.75,-2.84%,Materials,1.003,4.52,$1.55,84.45,59.14,73.28,72.44,68.86,-1.0,0.7,-0.99,"1,833,719",100334.04,1774528.54,1820745.86,55.48,14.6,10.93,-5.04,84.58,65.36,-65.36,84.03,59.0,"20,105 M"
05/11/2026,1630,IGLB,49.76,-0.36%,,.6358,0.25,<empty>,52.5999,47.36,49.92,49.85,50.72,5.0,0.63,0.62,"1,201,149",-200112.41,1965822.26,1889143.18,24.4,0.24,-0.18,-0.32,52.5,49.3,-49.3,-49.05,NaN,"2,672 M"
05/11/2026,1630,IGSB,52.42,-0.13%,,.1241,0.12,<empty>,53.25,52.04,52.56,52.56,52.85,4.0,-0.52,0.48,"1,858,510",100003.08,4010858.88,3675094.28,-44.59,-0.55,-0.44,-0.1,53.5,52.3,-52.3,-52.05,NaN,"21,998 M"
05/11/2026,1630,IIGD,24.5918,-0.16%,,.1445,0.03,<empty>,25.08,24.34,24.63,24.66,24.8,-1.0,0.59,-0.55,"2,376",-200000.4,6813.77,5789.05,-30.75,-0.64,-0.14,-0.16,25.59,24.3,-24.3,-25.05,NaN,31 M
05/11/2026,1630,IJT,163.00,-0.39%,,1.075,1.95,<empty>,164.8499,125.24,160.3,152.14,145.24,-3.0,-0.95,-0.42,"90,714",-200119.1,116729.19,112968.47,-60.32,11.56,1.68,-0.94,162.06,139.29,-139.29,165.03,NaN,"7,384 M"
05/11/2026,1630,ILMN,142.51,+0.44%,Health Care,1.486,7.19,$6.35,155.529,77.5,133.05,127.83,119.25,-1.0,0.83,-0.89,"1,939,427",100545.51,1504884.45,1731340.9,25.34,17.29,10.89,-0.05,138.14,113.6,-113.6,-119.08,56.0,"21,562 M"
05/11/2026,1630,INDA,48.42,-2.85%,,.4671,0.46,<empty>,56.01,45.2118,49.62,48.8,52.18,-1.0,-0.84,-0.32,"6,852,391",100120.49,9336062.22,8841389.92,-31.17,-1.73,-1.94,-3.22,54.62,45.29,-45.29,52.16,NaN,"6,689 M"
05/11/2026,1630,INDY,42.54,-2.68%,,.4646,0.41,<empty>,54.87,40.8201,43.93,43.67,49.14,-1.0,-0.74,-0.49,"183,049",100037.04,161372.42,155669.28,115.94,-4.06,-2.65,-3.56,49.62,41.29,-41.29,46.16,NaN,572 M
05/11/2026,1630,INFL,53.35,+1.58%,,.7138,0.36,<empty>,55.17,40.94,53.06,52.68,47.0,1.0,0.19,0.47,"277,918",-200128.07,243157.53,246255.71,43.94,0.66,0.3,0.28,55.49,50.6,55.49,-52.02,NaN,"1,586 M"
05/11/2026,1630,INMD,13.77,-1.36%,Health Care,2.023,0.27,$1.35,16.74,12.72,14.25,13.83,14.46,-4.0,-0.53,-0.17,"1,362,716",200129.04,882104.97,932380.56,277.21,4.79,-3.77,1.32,15.62,13.41,-13.41,-13.03,55.0,837 M
05/11/2026,1630,INTC,129.44,+3.62%,Information Technology,1.939,18.55,($0.66),132.75,18.965,87.58,63.79,42.87,2.0,1.0,1.0,"178,591,467",501299.02,1.1843939572E8,1.1030307594E8,95.39,169.78,52.3,14.54,100.06,41.29,-41.29,-64.17,51.0,"650,565 M"
05/11/2026,1630,INVH,28.92,+0.66%,Real Estate,.8438,0.74,$1.96,35.23,24.25,27.74,26.35,27.84,-7.0,-0.99,-0.59,"5,234,511",0.0,6244784.16,6383903.33,55.95,14.72,6.21,0.63,29.07,24.35,29.07,29.07,55.0,"17,180 M"
05/11/2026,1630,IONQ,56.89,+15.54%,Information Technology,2.91,3.96,($1.35),84.64,25.89,45.93,37.54,46.7,1.0,1.0,0.57,"61,069,748",300118.18,2.816360773E7,2.666527395E7,59.1,66.01,29.77,8.22,49.13,26.29,-26.29,-40.08,60.0,"21,235 M"
05/11/2026,1630,IPO,49.70,+0.69%,,1.331,1.18,<empty>,54.68,39.305,49.25,45.51,47.13,-3.0,-0.91,-0.39,"43,909",-300336.15,24076.64,24095.02,-37.23,13.47,0.98,-4.95,50.14,39.29,-39.29,52.03,NaN,144 M
05/11/2026,1630,IRM,129.96,+0.87%,Real Estate,1.224,7.18,($2.64),134.09,77.77,121.09,111.49,99.06,-3.0,1.0,-0.74,"1,238,651",100839.08,1555823.15,1758259.13,-18.88,20.79,15.26,-1.59,128.06,96.62,-96.62,134.03,59.0,"38,666 M"
05/11/2026,1630,IRT,16.45,+0.12%,Real Estate,1.003,0.31,$0.59,19.61,14.6,16.1,15.8,16.59,-5.0,0.97,-0.55,"1,353,953",100350.54,2370327.09,2690192.33,-48.79,2.56,3.92,0.18,17.61,15.26,-15.26,17.03,55.0,"3,878 M"
05/11/2026,1630,ITA,225.99,+1.12%,,.7298,3.79,<empty>,250.65,162.15,222.24,227.11,216.44,8.0,0.3,0.79,"810,993",-100228.42,1299862.67,1187616.24,-15.1,-5.32,4.61,1.15,251.49,209.29,-209.29,-212.08,NaN,"13,955 M"
05/11/2026,1630,ITB,91.49,-1.62%,,1.312,3.14,<empty>,118.0,87.02,96.09,94.77,102.24,-3.0,-0.52,-0.37,"1,267,540",0.0,2379967.48,2379301.85,-64.14,-4.06,-7.92,-4.02,115.6,88.35,-88.35,-91.05,NaN,"2,484 M"
05/11/2026,1630,ITW,252.09,-1.05%,Industrials,1.05,7.19,$9.29,303.155,238.82,263.71,266.45,261.15,-1.0,-0.11,-0.36,"1,201,078",200329.08,1288340.37,1340813.07,47.1,-7.16,-6.54,-3.24,303.6,247.07,-247.07,-247.07,54.0,"72,526 M"
05/11/2026,1630,IVOL,18.16,-0.60%,,.0312,0.09,<empty>,20.255,18.16,18.41,18.59,19.14,-3.0,-0.07,-0.25,"138,088",-100135.24,329231.69,294330.81,11.56,-3.81,-2.1,-1.09,19.5,18.08,19.5,19.16,NaN,334 M
05/11/2026,1630,IWC,187.21,+0.82%,,1.104,3.95,<empty>,189.5,115.75,180.63,170.17,158.17,1.0,1.0,0.47,"240,919",-200325.03,136209.98,127626.64,79.14,12.8,4.28,-0.68,183.14,153.29,-153.29,-173.08,NaN,"1,423 M"
05/11/2026,1630,IWF,123.52,-0.02%,,.1412,1.7,<empty>,124.025,96.36,119.63,113.63,115.37,-1.0,1.0,-0.46,"5,720,415",-100128.42,1.04208444E7,1.151988458E7,-2.38,9.47,2.95,0.88,121.06,102.29,-102.29,-117.17,NaN,"128,350 M"
05/11/2026,1630,IWM,285.33,+0.41%,,1.119,4.26,<empty>,287.58,199.65,277.19,262.12,249.88,-3.0,0.99,-0.44,"20,060,708",100034.35,4.000953861E7,3.943216815E7,-37.77,12.85,2.96,-0.51,280.06,239.29,-239.29,288.02,NaN,"79,550 M"
05/11/2026,1630,IWN,211.20,-0.20%,,1.035,2.34,<empty>,213.19,146.9,207.1,197.69,185.13,-1.0,-0.96,-0.49,"653,463",100226.27,831792.85,777933.59,-51.37,10.87,1.64,-0.73,209.06,182.35,-182.35,213.02,NaN,"13,770 M"
05/11/2026,1630,IWO,372.81,+1.04%,,1.196,6.98,<empty>,375.695,262.24,359.05,336.48,326.3,1.0,1.0,0.46,"336,743",0.0,480067.83,457732.99,-26.8,14.76,4.19,-0.36,363.14,300.29,-300.29,376.02,NaN,"14,558 M"
05/11/2026,1630,J,117.02,-1.19%,Industrials,.7316,4.67,$4.07,168.44,115.7,126.82,128.79,140.58,-4.0,-0.5,-0.44,"1,611,338",-100032.04,1003869.44,1036935.28,99.39,-11.96,-6.99,-7.58,153.61,119.03,153.61,138.04,59.0,"13,818 M"
05/11/2026,1630,JACK,13.40,-2.83%,Consumer Discretionary,1.531,0.6,($0.94),29.4,8.915,12.84,12.35,17.41,-1.0,0.74,-0.59,"862,954",100390.29,856627.78,821097.01,51.88,0.22,1.52,-1.69,23.57,9.28,-9.28,-12.17,2.0,255 M
05/11/2026,1630,JBHT,240.75,-1.89%,Industrials,1.276,4.26,$10.78,256.18,130.12,244.65,225.79,186.38,-1.0,-0.68,-0.27,"609,406",100234.18,919284.94,945855.75,-32.09,14.45,-3.76,-2.15,256.14,194.38,256.14,256.14,44.0,"22,703 M"
05/11/2026,1630,JBLU,4.96,-2.94%,Industrials,1.791,0.17,($3.18),6.5,3.84,5.18,4.77,4.87,-1.0,-0.58,-0.47,"32,822,454",201190.33,2.902509575E7,2.58914628E7,4.1,12.47,0.4,-1.59,6.57,4.36,-4.36,-5.06,53.0,"1,845 M"
05/11/2026,1630,JBSAY,14.44,0.00%,Consumer Staples,.1408,0.42,<empty>,15.67,13.01,14.36,14.79,12.75,4.0,0.12,0.37,<empty>,-500000.03,264987.4,239337.09,-42.94,2.12,0.77,3.81,16.13,13.03,16.13,-13.03,NaN,"32,030 M"
05/11/2026,1630,JETS,26.61,-3.17%,,1.177,0.81,<empty>,31.33,21.0312,26.39,25.71,26.36,-1.0,-0.68,-0.71,"4,138,369",-100157.44,5312268.49,4832720.06,-33.77,5.51,4.23,-2.31,31.61,24.29,-24.29,-25.08,NaN,756 M
05/11/2026,1630,JNJ,221.43,+0.05%,Health Care,.262,2.74,$7.23,251.71,146.115,228.29,235.87,207.98,1.0,0.0,0.4,"6,086,934",-100131.36,7563371.01,8042466.3,-47.89,-8.87,-1.74,-1.42,252.49,223.03,252.49,238.17,45.0,"533,030 M"
05/11/2026,1630,JNK,96.32,-0.21%,,.4195,0.28,<empty>,98.24,94.485,96.65,96.16,97.02,2.0,-0.72,0.28,"3,337,726",-100110.36,6339329.85,5785149.85,-46.46,0.22,-0.61,-0.23,98.62,94.3,-94.3,-96.05,NaN,"7,328 M"
05/11/2026,1630,JOBY,10.74,-1.20%,Industrials,2.496,0.8,($0.76),20.95,6.42,9.27,9.2,13.3,4.0,1.0,0.98,"42,728,802",101981.04,2.617492714E7,2.550200866E7,99.27,4.99,18.81,2.09,11.51,8.29,-8.29,-8.08,60.0,"10,564 M"
05/11/2026,1630,JOE,65.10,-1.05%,Real Estate,1.341,2.86,$3.45,73.54,42.65,67.29,67.22,59.59,4.0,-0.34,0.5,"192,084",-200139.05,267324.0,247480.67,-3.62,-8.23,-8.72,-0.91,74.47,60.3,-60.3,-61.06,50.0,"3,737 M"
05/11/2026,1630,JOET,43.4325,+0.26%,,1.035,0.34,<empty>,43.735,38.34,42.88,41.64,42.14,2.0,0.94,0.42,"21,256",-100022.07,24116.58,25003.59,75.47,5.39,1.2,-0.36,43.14,39.29,-39.29,44.02,NaN,235 M
05/11/2026,1630,JPM,300.00,-0.70%,Financials,1.013,4.12,($39.16),337.25,256.0001,309.93,300.03,305.28,-3.0,-0.62,-0.25,"8,832,316",-100139.36,9443188.63,9619858.64,24.68,4.34,-3.73,-4.73,326.62,279.41,-279.41,320.14,44.0,"803,853 M"
05/11/2026,1630,JPXN,99.81,+0.05%,,.5573,2.11,<empty>,101.215,75.9349,96.04,93.78,89.34,5.0,0.66,0.82,"6,408",300200.45,53363.0,61771.21,-89.34,7.89,5.64,1.07,101.61,88.35,-88.35,-93.12,NaN,150 M
05/11/2026,1630,JYNT,8.72,+0.35%,Health Care,1.131,0.14,$0.02,13.4692,7.5,8.87,8.69,9.21,1.0,-0.38,0.46,"62,855",100176.36,63382.68,60007.07,201.2,2.47,-3.96,-0.91,9.57,8.35,-8.35,-9.12,61.0,124 M
05/11/2026,1630,K,83.44,0.00%,Consumer Staples,.2238,0.18,$1.73,83.65,76.48,83.36,83.14,81.46,4.0,0.56,0.31,<empty>,-100010.01,3364959.52,3435920.58,1730.15,0.7,-0.06,0.36,84.1,76.54,84.1,-83.07,38.0,"29,031 M"
05/11/2026,1630,KBA,34.55,+2.40%,,.3697,0.5,<empty>,34.6,23.44,33.18,31.43,30.11,1.0,1.0,0.45,"25,667",0.0,75740.79,80783.4,-46.0,12.21,5.08,1.08,34.06,29.33,-29.33,-32.14,NaN,197 M
05/11/2026,1630,KBWP,117.76,+0.09%,,.4345,1.63,<empty>,129.0,114.62,120.53,120.84,121.87,1.0,-0.22,0.26,"25,069",0.0,13763.0,16391.12,396.29,-2.27,-2.6,-0.14,128.49,116.3,-116.3,124.16,NaN,245 M
05/11/2026,1630,KCE,153.43,-0.12%,,1.247,1.22,<empty>,162.25,132.3,151.73,144.14,149.52,2.0,-0.85,0.39,"45,511",100125.39,19464.67,20701.75,89.98,11.0,1.63,0.52,156.14,132.3,156.14,-149.12,NaN,460 M
05/11/2026,1630,KDP,28.71,-0.42%,Consumer Staples,1,0.66,$1.16,35.935,24.875,27.93,27.38,28.34,-7.0,-0.93,-0.54,"9,674,311",-100326.11,1.097289167E7,1.120016807E7,-40.74,3.83,1.99,0.53,32.53,25.25,-25.25,30.07,51.0,"39,062 M"
05/11/2026,1630,KEMX,49.98,-0.28%,,.8846,1.64,<empty>,50.1787,29.78,46.68,43.5,38.5,5.0,1.0,0.77,"15,652",100338.37,28075.34,27347.63,103.32,19.97,7.97,1.0,47.06,39.29,-39.29,-45.17,NaN,130 M
05/11/2026,1630,KHC,23.26,-2.92%,Consumer Staples,1,0.63,$3.33,29.19,21.035,22.5,22.69,24.67,-1.0,0.96,-0.91,"13,946,224",-100032.04,1.555883318E7,1.582118711E7,2.26,0.52,6.11,0.82,25.61,21.33,-21.33,-22.12,54.0,"27,581 M"
05/11/2026,1630,KLAC,1845.19,-1.28%,Information Technology,1.474,63.55,$30.49,1939.36,740.44,1798.27,1623.62,1286.86,2.0,0.54,0.43,"1,211,295",100451.08,998219.0,981568.71,79.09,25.95,-2.88,1.59,1939.11,1321.44,1939.11,-1646.07,56.0,"241,033 M"
05/11/2026,1630,KMX,39.08,-3.12%,Consumer Discretionary,1.229,0.93,$8.44,71.99,30.26,39.28,41.21,45.39,5.0,0.48,0.53,"2,240,463",-100648.2,3304046.69,3361732.82,-19.5,-8.05,2.38,-0.89,49.2,37.04,-37.04,-37.04,26.0,"5,542 M"
05/11/2026,1630,KNX,61.92,-3.33%,Industrials,1.131,1.26,$3.05,67.75,38.625,63.88,59.9,51.23,-1.0,-0.62,-0.37,"4,105,781",200540.04,3311520.39,3237211.66,54.46,11.11,-4.28,-3.66,68.12,52.38,68.12,-60.04,50.0,"10,062 M"
05/11/2026,1630,KO,78.66,+0.31%,Consumer Staples,.3604,1.37,$2.92,82.0,65.3538,77.06,76.92,72.22,-3.0,0.47,-0.63,"10,892,142",-200122.1,1.509622919E7,1.609632749E7,-7.75,1.33,4.27,-0.72,82.5,74.32,-74.32,80.09,49.0,"338,433 M"
05/11/2026,1630,KR,64.80,-1.28%,Consumer Staples,.4659,1.1,$5.30,76.58,58.6,67.2,70.09,67.32,-5.0,0.0,-0.43,"4,833,127",-100130.36,5931525.01,6119414.62,-16.82,-10.24,-1.67,-1.83,77.41,65.03,77.41,69.12,28.0,"39,695 M"
05/11/2026,1630,KRE,68.55,-1.86%,,.8506,0.6,<empty>,74.08,55.37,69.66,67.09,65.24,-3.0,-0.68,-0.35,"20,639,963",-200335.51,1.674463401E7,1.792401348E7,31.59,7.14,-2.17,-3.05,74.61,62.36,-62.36,-68.07,NaN,"4,350 M"
05/11/2026,1630,KSA,39.15,+1.08%,,.3055,0.34,<empty>,41.5,35.81,39.33,38.71,38.47,2.0,0.43,0.35,"387,708",100027.49,786324.67,826574.2,-46.17,2.73,0.46,1.85,41.16,36.48,41.16,-38.02,NaN,720 M
05/11/2026,1630,KSS,13.09,-9.72%,Consumer Discretionary,1.533,0.57,$9.00,25.22,7.395,14.51,13.89,16.52,-1.0,-0.43,-0.28,"7,340,701",-100269.36,5225219.52,4864399.97,9.77,-5.08,-14.22,-9.16,20.58,12.37,-12.37,16.13,12.0,"1,469 M"
05/11/2026,1630,KVUE,17.17,-2.39%,Consumer Staples,.2286,0.17,$0.90,24.61,14.02,17.44,17.55,17.8,-2.0,-0.36,-0.54,"28,990,421",0.0,2.07939922E7,2.682695069E7,71.19,-2.72,-2.05,-2.88,19.5,17.24,-17.24,18.02,60.0,"32,967 M"
05/11/2026,1630,KW,11.03,+0.09%,Real Estate,.914,0.05,($0.49),11.085,5.98,10.92,10.89,9.5,5.0,0.06,0.35,"417,365",100047.55,1111544.41,1401114.71,-44.11,1.47,1.19,0.73,11.48,10.6,-10.6,11.02,60.0,"1,537 M"
05/11/2026,1630,KWEB,29.59,+0.14%,,.3098,0.55,<empty>,43.365,27.62,29.17,29.18,35.38,8.0,1.0,0.68,"23,170,884",100340.04,2.53322574E7,2.463084813E7,-14.76,-2.95,4.34,-0.57,35.62,28.28,-28.28,-28.08,NaN,"6,628 M"
05/11/2026,1630,LAMR,152.26,-3.59%,Real Estate,1.207,7.48,$7.06,158.6899,113.05,138.74,134.3,128.26,-1.0,1.0,-1.0,"1,148,966",-100326.01,606451.07,618555.35,137.0,13.05,12.16,7.87,141.06,122.28,-122.28,-132.14,61.0,"15,451 M"
05/11/2026,1630,LCID,6.03,-4.89%,Consumer Discretionary,.846,0.31,($14.63),33.7,5.62,6.67,8.55,14.41,12.0,0.64,0.71,"19,650,742",-701021.13,1.36786477E7,1.223306305E7,-58.61,-43.54,1.69,-2.58,11.62,6.08,-6.08,-6.08,59.0,"2,353 M"
05/11/2026,1630,LEVI,21.85,-3.62%,Consumer Discretionary,1.326,0.35,$1.20,24.82,16.5,22.51,20.65,21.3,-1.0,-0.71,-0.3,"3,619,417",-100438.24,2925371.03,2783518.31,5.01,19.46,-4.29,-5.12,24.14,18.35,24.14,24.14,31.0,"8,403 M"
05/11/2026,1630,LFMD,4.39,-8.16%,Health Care,1.815,0.27,($0.10),15.84,2.56,4.57,4.03,4.87,-3.0,-0.88,-0.31,"1,204,567",402616.16,1337999.65,1235140.39,-41.74,8.13,-3.94,-16.7,5.15,3.53,-3.53,5.03,60.0,212 M
05/11/2026,1630,LFST,7.67,-0.39%,Health Care,1.326,0.45,$0.37,8.89,3.74,7.25,6.85,6.22,-2.0,-0.97,-0.73,"12,910,962",-100412.02,4001389.35,3753372.38,1011.54,15.51,5.5,4.21,8.52,6.4,-6.4,9.02,60.0,"2,975 M"
05/11/2026,1630,LH,255.08,+0.38%,Health Care,.9162,5.11,$16.70,293.72,239.67,262.19,266.64,268.8,1.0,0.0,0.44,"677,600",-300330.08,629968.78,672798.6,0.38,-5.67,-3.17,-0.72,292.6,249.04,-249.04,-249.04,51.0,"20,917 M"
05/11/2026,1630,LI,18.87,+4.83%,Consumer Discretionary,.5359,0.4,($1.82),32.025,15.71,18.16,17.94,20.08,6.0,0.71,0.46,"5,293,013",0.0,3136374.48,3003693.09,135.85,3.17,5.13,6.49,20.21,17.36,20.21,-17.09,8.0,"19,267 M"
05/11/2026,1630,LII,521.48,+0.04%,Industrials,1.223,16.25,$18.86,689.44,434.06,507.8,495.84,522.01,-3.0,-0.89,-0.6,"428,274",100142.08,468917.53,477775.01,-9.91,2.52,3.83,-3.67,576.6,434.3,-434.3,551.02,54.0,"18,147 M"
05/11/2026,1630,LIN,504.40,+2.28%,,.7339,6.38,<empty>,521.28,387.78,500.85,496.51,462.7,1.0,0.43,0.39,"1,768,771",-100127.36,2359551.64,2488830.23,14.52,4.75,-1.24,0.5,521.06,454.62,521.06,521.06,56.0,"233,208 M"
05/11/2026,1630,LIT,91.62,+1.61%,,1.037,2.94,<empty>,91.98,35.62,85.57,77.62,64.39,1.0,1.0,0.61,"789,316",200139.01,370438.68,361140.16,74.69,25.52,7.85,0.11,89.06,67.35,-67.35,-81.17,NaN,"2,159 M"
05/11/2026,1630,LLY,966.99,+1.95%,Health Care,.4817,45.09,$11.81,1133.95,623.78,926.51,940.08,917.13,-3.0,0.45,-0.87,"3,106,393",200438.08,3087303.39,3107511.61,-23.54,-3.29,11.37,-2.03,1067.58,851.08,-851.08,996.03,59.0,"862,305 M"
05/11/2026,1630,LMND,55.05,+0.07%,Financials,1.749,5.13,$0.26,99.9,28.71,61.56,60.19,63.23,3.0,-0.42,0.35,"1,379,996",200781.39,1893592.51,2275439.35,8.34,1.79,-16.08,3.87,75.56,48.53,-48.53,-52.02,58.0,"4,229 M"
05/11/2026,1630,LMT,512.25,+1.13%,Industrials,.0799,11.91,$24.45,692.0,410.11,540.65,597.79,526.35,10.0,0.06,0.59,"1,362,726",-100135.36,1612968.93,1580316.63,-15.02,-21.13,-0.21,-0.39,692.49,500.03,692.49,-500.03,49.0,"118,106 M"
05/11/2026,1630,LNG,240.70,+0.48%,Energy,.0527,11.09,$10.16,300.89,186.2001,259.26,264.88,229.83,-5.0,-0.12,-0.27,"2,117,348",-100147.36,3380477.23,3067847.25,-6.18,-3.84,-7.21,-7.93,301.29,216.51,301.29,-236.02,60.0,"50,580 M"
05/11/2026,1630,LOGI,106.89,-2.29%,Information Technology,1.085,4.45,$6.65,123.01,81.98,99.92,95.09,101.91,-1.0,1.0,-0.96,"1,380,032",100237.04,1057111.85,1052246.87,46.26,15.79,12.35,3.36,102.16,86.6,-86.6,-94.12,59.0,"15,339 M"
05/11/2026,1630,LOTMY,31.31,-1.74%,Consumer Discretionary,.7765,1.23,<empty>,33.1,21.65,30.72,29.6,26.58,-1.0,0.54,-0.47,"11,009",-100100.14,23434.56,20685.92,-91.55,11.55,2.24,-2.97,33.16,23.54,33.16,-29.04,NaN,"7,361 M"
05/11/2026,1630,LOW,226.06,-1.37%,Consumer Discretionary,.8957,7.49,$13.69,293.06,210.33,239.21,240.27,249.48,-1.0,-0.33,-0.33,"1,947,930",-100128.53,2574790.16,2665597.15,-21.88,-8.43,-6.8,-3.13,293.6,223.04,-223.04,-223.04,7.0,"126,608 M"
05/11/2026,1630,LQD,108.93,-0.25%,,.4459,0.43,<empty>,112.93,105.39,109.29,109.23,110.46,5.0,0.57,0.58,"23,050,556",-400009.4,4.121994653E7,4.001224264E7,-11.37,-0.21,-0.33,-0.24,112.5,107.3,-107.3,-108.05,NaN,"29,520 M"
05/11/2026,1630,LRCX,296.05,+0.68%,Information Technology,1.823,16.53,$4.76,300.0,79.49,268.09,242.22,179.81,6.0,0.83,0.72,"8,893,503",-100371.36,1.008512772E7,9950233.15,13.58,35.26,14.1,-0.38,276.11,194.44,-194.44,-242.08,55.0,"370,232 M"
05/11/2026,1630,LUV,39.99,-3.20%,Industrials,1.155,1.38,($0.73),55.11,28.975,39.9,40.32,37.92,-1.0,0.41,-0.72,"4,777,765",0.0,8522628.87,8871875.12,1.33,-4.44,4.69,-3.64,55.58,36.26,-36.26,-37.12,50.0,"19,546 M"
05/11/2026,1630,LUXE,8.36,-1.30%,Consumer Discretionary,1.164,0.23,($0.33),11.38,7.0,8.86,8.59,8.7,-3.0,-0.45,-0.25,"198,341",0.0,198759.62,277610.95,16.93,-4.02,-5.11,-8.13,11.6,8.26,-8.26,9.04,6.0,"1,148 M"
05/11/2026,1630,LVS,52.07,-1.96%,Consumer Discretionary,.8306,1.3,$3.30,70.4545,39.29,54.48,54.25,57.24,-1.0,-0.29,-0.48,"5,186,998",100139.13,4218348.7,4310210.4,31.48,-4.95,-4.41,-2.16,59.57,50.12,-50.12,-50.12,50.0,"34,504 M"
05/11/2026,1630,LW,40.34,-3.98%,Consumer Staples,.4502,1.08,$4.54,67.07,37.62,43.5,42.7,51.52,-2.0,-0.78,-0.56,"1,613,775",-100266.36,3060344.87,2754021.88,-0.59,-7.14,-6.88,-6.69,51.62,38.26,-38.26,47.14,50.0,"5,570 M"
05/11/2026,1630,LYB,73.53,+2.47%,Materials,.3959,2.15,$2.82,83.94,41.58,72.5,72.59,55.56,1.0,-0.24,0.55,"5,111,430",-100261.36,8525638.64,8011432.95,-31.98,9.14,3.53,0.07,84.28,54.55,84.28,78.04,56.0,"23,734 M"
05/11/2026,1630,LYFT,13.87,-3.34%,Industrials,2,0.17,$2.77,25.54,12.46,14.32,13.74,17.4,-1.0,-0.68,-0.55,"15,407,420",100262.36,1.612540044E7,1.767462564E7,4.14,4.21,-4.28,-2.53,17.62,12.29,-12.29,15.16,60.0,"5,300 M"
05/11/2026,1630,LYV,163.00,-0.17%,Communication Services,1.132,4.46,$5.19,175.25,125.34,158.42,157.75,152.38,-2.0,0.78,-0.69,"2,493,375",100434.04,3058977.88,3149567.86,16.05,-1.71,4.16,-2.87,169.19,144.3,-144.3,170.03,61.0,"37,932 M"
05/11/2026,1630,M,18.69,-4.06%,Consumer Discretionary,2.459,0.43,$2.55,24.41,10.54,19.56,18.7,18.89,-1.0,-0.55,-0.41,"6,546,124",-100154.36,6894659.0,6836634.55,19.74,6.98,-6.6,-5.7,23.57,17.36,-17.36,21.14,11.0,"4,930 M"
05/11/2026,1630,MA,497.81,+0.47%,Financials,.7481,7.96,$18.98,601.77,480.5,507.16,505.3,546.48,1.0,-0.45,0.47,"3,959,023",-200025.08,3530619.47,3630481.1,14.92,-1.23,-1.7,1.2,547.62,481.3,-481.3,-490.03,55.0,"439,857 M"
05/11/2026,1630,MAC,21.64,-1.05%,Real Estate,2.093,0.27,$1.27,22.555,14.82,21.66,20.29,18.53,-1.0,-0.64,-0.23,"2,482,517",-100226.03,2269642.81,2330587.07,27.37,11.78,0.19,-2.65,23.16,18.6,23.16,-21.1,62.0,"5,656 M"
05/11/2026,1630,MAR,353.32,+0.04%,Consumer Discretionary,1.099,6.14,$9.16,380.0,253.555,361.82,342.8,304.07,2.0,-0.37,0.19,"1,728,972",-100138.36,1496419.4,1624221.37,10.66,8.25,-2.04,-1.6,380.14,311.44,380.14,-345.05,58.0,"93,166 M"
05/11/2026,1630,MARA,13.39,+3.48%,Information Technology,4.874,0.76,($3.84),23.45,6.66,11.73,9.99,12.85,6.0,1.0,0.79,"48,961,864",200905.08,4.721111026E7,4.750762767E7,18.83,56.61,19.77,2.76,12.06,7.6,-7.6,-10.08,0.0,"5,104 M"
05/11/2026,1630,MCD,274.60,-0.42%,Consumer Discretionary,.4135,8.13,$10.07,341.75,271.975,293.94,307.45,309.01,-2.0,0.0,-0.32,"5,834,794",-400022.01,3432644.72,3491335.22,115.45,-15.56,-5.38,-3.34,342.49,282.03,342.49,313.16,60.0,"195,105 M"
05/11/2026,1630,MCHP,99.03,-0.06%,Information Technology,1.678,6.16,$1.37,105.91,48.52,88.65,75.2,68.76,-3.0,-0.99,-0.64,"19,619,173",100152.01,9849117.75,9625026.8,130.3,50.52,14.04,-3.78,95.06,59.29,-59.29,-74.17,61.0,"53,589 M"
05/11/2026,1630,MCK,725.17,-1.48%,Health Care,.3275,38.59,$43.77,999.0,637.0,816.92,869.36,814.28,-9.0,0.0,-0.09,"1,693,116",-100028.02,893513.96,867046.2,36.43,-22.38,-12.45,-2.49,999.48,736.03,999.48,873.15,60.0,"87,020 M"
05/11/2026,1630,MCO,448.39,-0.65%,Financials,1.357,5.24,$15.41,546.88,402.28,454.46,447.42,482.06,-2.0,-0.74,-0.59,"915,027",0.0,1194286.92,1360361.7,-45.79,0.55,-2.68,-0.06,484.5,402.6,484.5,-442.04,51.0,"78,323 M"
05/11/2026,1630,MCW,7.02,-0.28%,Consumer Discretionary,1.282,0.03,$0.09,7.98,4.61,7.03,7.01,5.96,-7.0,-0.2,-0.37,"3,653,446",100071.58,2337672.71,3079299.77,-17.41,0.43,-0.71,-0.43,7.06,6.59,7.06,7.06,60.0,"2,309 M"
05/11/2026,1630,MDB,294.65,-1.61%,Information Technology,1.643,15.09,$6.16,444.72,182.43,263.91,259.91,318.67,3.0,0.71,0.83,"1,440,327",200766.49,1957442.37,1915918.31,35.27,8.9,11.45,11.08,388.62,216.21,-216.21,-241.11,12.0,"23,681 M"
05/11/2026,1630,MDLZ,61.41,-0.23%,Consumer Staples,.401,1.96,$2.00,71.15,51.2008,59.11,58.17,59.13,-5.0,-0.85,-0.78,"7,086,955",-100031.36,9154694.24,9354644.02,-2.95,10.93,6.95,-0.74,63.59,54.41,-54.41,62.06,54.0,"78,829 M"
05/11/2026,1630,MELI,1557.30,-4.61%,Consumer Discretionary,1.35,85.88,$234.59,2645.22,1536.71,1809.66,1753.22,2073.82,-2.0,-0.53,-0.08,"1,860,953",-200541.01,526472.01,565924.34,613.33,-11.82,-15.33,-15.42,2114.6,1593.3,2114.6,1903.14,60.0,"78,951 M"
05/11/2026,1630,META,598.86,-1.77%,Communication Services,1.239,31.21,$19.13,796.25,520.26,647.07,625.56,675.29,-1.0,-0.54,-0.11,"15,795,453",-100136.08,1.616285937E7,1.535957463E7,82.39,-8.55,-11.75,-2.29,692.16,520.3,692.16,692.16,55.0,"1,520,160 M"
05/11/2026,1630,MGM,37.30,-3.84%,Consumer Discretionary,1.275,0.81,$5.81,40.94,29.185,38.7,37.43,35.62,-1.0,-0.44,-0.21,"4,710,936",-100450.36,4609827.84,4683615.65,68.44,2.78,-8.01,-2.38,41.1,33.44,41.1,-37.02,55.0,"9,543 M"
05/11/2026,1630,MGPI,18.63,-5.43%,Consumer Staples,.5131,0.52,$2.46,34.985,16.45,19.73,18.85,23.96,-1.0,-0.8,-0.61,"183,137",-100640.53,267487.45,293398.03,-6.83,2.19,-8.0,-3.57,27.62,16.35,-16.35,-17.08,55.0,398 M
05/11/2026,1630,MICC,14.87,+0.54%,Consumer Staples,.8701,0.9,$0.24,19.93,12.94,14.14,14.63,NaN,-3.0,NaN,NaN,"857,835",200556.08,1530317.17,1592112.69,-46.75,-4.06,13.69,-1.33,20.61,13.08,-13.08,16.03,NaN,"9,104 M"
05/11/2026,1630,MKOR,65.01,-0.03%,,1.545,3.87,<empty>,65.47,22.77,56.41,50.06,38.14,2.0,1.0,0.98,"90,614",300100.01,30317.85,29778.02,248.41,40.99,17.05,2.85,58.06,41.29,-41.29,-51.17,NaN,150 M
05/11/2026,1630,MLCO,5.31,-1.12%,Consumer Discretionary,.562,0.17,$1.20,10.15,5.22,5.66,5.65,7.51,-2.0,-0.63,-0.42,"4,337,015",-100051.01,1696399.79,1996207.77,147.27,-4.84,-5.01,-2.75,6.62,5.6,-5.6,6.13,55.0,"2,062 M"
05/11/2026,1630,MLM,585.98,-0.75%,Materials,1.122,9.78,$17.13,710.97,532.805,611.82,605.54,622.32,-3.0,-0.55,-0.37,"466,333",-200133.36,515102.74,545764.95,-7.61,-1.94,-3.9,-4.79,711.62,555.36,-555.36,635.16,60.0,"35,186 M"
05/11/2026,1630,MNDY,76.91,+6.72%,Information Technology,1.217,4.33,$6.02,316.98,57.5,69.5,70.69,141.31,1.0,1.0,0.76,"8,500,221",-101069.01,1676587.69,2362726.19,446.75,1.16,13.07,3.97,82.46,58.21,-58.21,-62.12,0.0,"3,935 M"
05/11/2026,1630,MNSO,14.31,-2.19%,Consumer Discretionary,-.044,0.2,$0.74,26.74,14.31,15.05,15.94,19.69,-1.0,-0.28,-0.7,"469,167",0.0,442531.13,491396.83,38.85,-15.28,-4.22,-3.51,20.54,14.07,20.54,16.16,8.0,"4,335 M"
05/11/2026,1630,MNST,86.41,+0.14%,Consumer Staples,.5167,3.44,$1.99,88.77,58.09,77.42,76.02,72.53,2.0,0.95,1.0,"7,793,644",100227.02,5387193.59,5737078.54,42.15,11.47,12.43,11.93,87.5,71.28,-71.28,-75.17,61.0,"84,502 M"
05/11/2026,1630,MO,68.61,+0.72%,Consumer Staples,.536,2.83,$5.14,74.56,54.7,67.95,67.05,63.68,-5.0,-0.72,-0.36,"10,601,533",-200227.08,9803330.76,9508629.03,85.23,3.42,3.95,-2.22,75.06,63.32,75.06,75.06,55.0,"114,571 M"
05/11/2026,1630,MOH,185.19,-0.40%,Health Care,.7366,11.61,$4.84,333.0,121.06,174.68,155.78,164.86,-7.0,-0.93,-0.64,"1,031,381",-100059.36,1581810.73,1700510.18,-25.01,26.15,3.33,-6.2,198.08,121.61,-121.61,201.02,50.0,"9,648 M"
05/11/2026,1630,MOO,81.91,+0.31%,,.366,0.97,<empty>,86.5583,69.32,83.09,83.38,77.19,-3.0,-0.11,-0.48,"1,140,114",-100103.02,510754.51,456589.42,186.93,-2.23,-0.28,-2.75,87.6,80.35,-80.35,85.04,NaN,"1,130 M"
05/11/2026,1630,MOVE:GIF,70.735,+5.18%,,-4.166,3.27,<empty>,115.0172,55.7659,70.33,80.2,73.94,-4.0,0.18,-0.7,<empty>,NaN,NaN,NaN,NaN,-10.0,3.38,0.14,115.31,61.61,115.31,78.05,NaN,0
05/11/2026,1630,MP,67.41,-0.03%,Materials,1.918,3.27,($1.81),100.2505,18.64,64.84,59.17,63.2,-3.0,-0.97,-0.44,"7,159,286",-100978.02,5900246.29,5671353.5,6.33,8.29,3.84,-7.21,69.13,44.29,-44.29,-59.17,61.0,"12,000 M"
05/11/2026,1630,MPC,252.48,+3.11%,Energy,.5404,12.11,$18.98,261.61,154.65,234.16,232.45,195.5,1.0,0.71,0.73,"2,258,503",-200243.36,2631057.83,2513187.01,53.99,11.35,11.12,2.73,256.29,190.5,262.04,262.04,58.0,"73,708 M"
05/11/2026,1630,MPLX,54.03,+0.06%,Energy,.4651,0.87,$4.02,59.98,47.8,55.48,56.83,53.68,-2.0,-0.16,-0.47,"1,824,039",200022.04,2024594.42,2027580.1,-33.59,-8.11,-1.06,-2.93,60.33,54.23,60.33,58.05,58.0,"54,826 M"
05/11/2026,1630,MPNGY,21.66,+1.50%,Consumer Discretionary,.046,0.37,<empty>,37.88,18.56,21.5,20.94,24.9,8.0,0.77,0.44,"158,832",100100.33,347938.0,329266.97,-0.59,10.62,4.44,0.74,23.31,19.46,23.31,-20.09,10.0,"66,869 M"
05/11/2026,1630,MRNA,52.88,-2.70%,Health Care,1.088,3.26,($4.10),59.55,22.28,50.75,51.58,36.22,6.0,0.17,0.56,"24,048,673",-100993.01,7742114.96,8275219.0,288.15,-5.52,8.58,8.38,60.47,37.61,60.47,-44.06,56.0,"20,982 M"
05/11/2026,1630,MRVL,170.84,+0.42%,Information Technology,2.194,5.62,$1.62,175.8,58.61,156.57,120.4,91.26,-3.0,-0.84,-0.17,"22,761,086",300663.28,2.610100594E7,2.280767361E7,-28.65,88.9,7.98,-0.76,171.11,75.46,-75.46,176.03,11.0,"149,392 M"
05/11/2026,1630,MSFT,412.66,-0.59%,Information Technology,1.082,7.17,$9.81,555.45,356.28,417.56,398.55,465.17,-2.0,-0.82,-0.36,"34,360,543",-100131.08,3.359839274E7,3.45580606E7,7.21,1.92,-2.86,-0.31,434.13,356.29,434.13,-398.07,55.0,"3,065,418 M"
05/11/2026,1630,MSGS,344.12,+4.24%,Communication Services,.5798,4.4,($0.02),348.2,186.0,335.62,325.2,258.41,1.0,0.35,0.31,"290,225",100235.29,233603.46,251652.51,76.69,8.73,2.69,2.75,346.06,277.6,-277.6,-321.01,64.0,"8,283 M"
05/11/2026,1630,MSM,107.32,+2.92%,Industrials,.9881,2.9,$3.86,107.99,77.72,100.34,94.82,89.78,1.0,1.0,0.58,"817,286",100333.11,660163.51,623329.99,79.22,16.1,3.02,2.2,105.09,85.35,-85.35,-94.17,35.0,"5,992 M"
05/11/2026,1630,MSTR,195.94,+4.45%,Information Technology,3.336,10.2,($2.32),457.22,104.165,170.53,148.73,222.37,1.0,1.0,0.63,"15,518,281",100889.17,1.939196216E7,1.965683858E7,-29.95,41.65,15.8,4.88,183.13,116.26,-116.26,-139.17,56.0,"68,667 M"
05/11/2026,1630,MTCH,35.77,-3.22%,Communication Services,1.418,0.88,$4.28,39.2,27.68,36.44,33.23,33.59,-6.0,-0.75,0.0,"4,366,326",-100143.36,5383321.04,5045451.11,32.37,16.9,-3.11,-5.87,39.06,30.58,39.06,39.06,59.0,"8,344 M"
05/11/2026,1630,MTDR,56.33,+1.94%,Energy,.8191,2.83,$0.48,66.8387,37.14,59.45,59.18,48.42,-5.0,-0.11,-0.18,"1,275,427",200150.17,1909122.66,1928313.91,-31.13,0.16,-7.94,-2.48,67.29,46.6,67.29,64.05,54.0,"6,996 M"
05/11/2026,1630,MTUM,306.66,+1.61%,,1.063,9.86,<empty>,307.86,220.89,282.21,261.34,253.51,2.0,1.0,0.7,"1,070,919",100231.29,870156.97,840369.36,56.98,23.26,9.23,2.5,287.06,229.29,-229.29,-269.17,NaN,"26,403 M"
05/11/2026,1630,MU,795.33,+6.50%,Information Technology,1.877,97.41,$9.16,818.67,90.93,543.83,456.62,294.02,2.0,1.0,1.0,"70,331,920",300108.01,4.567928946E7,4.282705097E7,153.59,89.96,51.62,19.31,546.06,311.28,-311.28,-436.15,31.0,"896,921 M"
05/11/2026,1630,MUR,37.62,+1.73%,Energy,.5661,1.6,$1.25,43.34,20.31,39.19,38.37,31.41,-5.0,-0.17,-0.17,"2,302,245",200158.36,2553509.12,2397256.63,37.33,10.65,-4.42,-3.37,43.24,30.51,43.24,42.04,60.0,"5,393 M"
05/11/2026,1630,MUSA,577.94,+0.01%,Consumer Discretionary,.3236,32.92,$29.30,609.8206,345.2301,542.41,498.15,418.35,-4.0,-0.95,-0.64,"346,271",101137.08,368471.77,363653.66,11.24,29.9,11.65,0.27,597.06,360.61,-360.61,610.03,55.0,"10,675 M"
05/11/2026,1630,MZTI,112.29,-1.23%,Consumer Staples,.3897,5.92,$9.04,190.96,111.04,126.4,139.42,162.6,-2.0,0.0,-0.42,"298,471",-200425.06,337900.43,306980.07,-29.33,-26.64,-12.0,-4.48,171.51,111.05,-111.05,-111.05,70.0,"3,079 M"
05/11/2026,1630,N225:JP,62417.88,0.00%,,<empty>,1389.37,<empty>,63385.04,36855.83,59376.33,56389.09,50189.08,-1.0,1.0,-0.66,<empty>,NaN,NaN,NaN,NaN,12.22,4.75,4.88,60904.07,50559.26,-50559.26,-56233.17,NaN,0
05/11/2026,1630,NBIS,186.10,+5.11%,Information Technology,2.084,19.17,($15.18),197.89,31.13,161.85,131.49,102.74,-2.0,0.97,-0.64,"13,991,320",100388.38,1.688411425E7,1.631213904E7,39.06,66.17,28.38,-4.61,169.17,80.6,-80.6,198.02,2.0,"47,250 M"
05/11/2026,1630,NBIX,150.59,-1.09%,Health Care,.3544,8.85,$8.34,160.18,116.0,134.71,131.98,137.69,9.0,1.0,1.0,"1,205,837",-200137.04,1135474.68,1200639.01,29.24,16.25,17.61,2.43,143.62,122.6,-122.6,-126.08,55.0,"15,142 M"
05/11/2026,1630,NCLH,16.58,-2.93%,Consumer Discretionary,1.916,0.72,($2.10),27.1799,16.4,18.61,19.35,21.91,-1.0,-0.28,-0.32,"30,556,312",-200260.06,2.342772295E7,2.350348707E7,58.05,-18.92,-8.85,-6.59,25.5,17.05,25.5,22.16,55.0,"7,612 M"
05/11/2026,1630,NEE,94.84,+1.87%,Utilities,.7261,1.89,($7.43),98.75,63.88,93.96,92.9,83.81,1.0,-0.45,0.36,"7,230,409",200328.08,9017862.33,9373679.94,-16.18,3.47,0.01,-0.58,99.06,89.35,99.06,99.06,50.0,"197,774 M"
05/11/2026,1630,NEM,120.67,+3.57%,Materials,.4572,4.21,$8.43,134.88,48.27,113.32,112.11,97.31,5.0,0.48,0.67,"7,041,169",-100458.36,9585292.5,9413603.4,-17.66,3.84,3.95,4.84,132.49,94.35,-94.35,-107.08,51.0,"128,822 M"
05/11/2026,1630,NET,193.52,-1.33%,Information Technology,1.603,18.84,$0.83,260.0,136.32,210.91,206.91,204.17,-2.0,-0.69,-0.42,"6,496,527",-301071.02,4422613.75,4872976.85,147.15,-9.15,-8.87,-22.15,229.37,159.54,-159.54,259.02,56.0,"68,385 M"
05/11/2026,1630,NFLX,85.45,-2.33%,Communication Services,1.67,2.49,$2.81,134.115,75.01,93.74,95.32,103.17,-1.0,-0.27,-0.14,"39,917,500",200132.17,4.161913723E7,4.498386376E7,-35.58,-9.95,-6.48,-3.19,109.17,75.54,109.17,109.17,46.0,"359,813 M"
05/11/2026,1630,NIKL,17.72,+3.75%,,.939,0.28,<empty>,21.855,9.95,17.48,16.82,15.55,1.0,0.46,0.53,"278,278",0.0,177383.66,228130.46,51.99,0.51,1.84,0.91,20.5,14.35,-14.35,-17.04,NaN,80 M
05/11/2026,1630,NKE,42.39,-3.96%,Consumer Discretionary,1.145,0.86,$0.71,80.165,42.09,44.68,48.96,63.11,-1.0,-0.56,-0.73,"24,155,147",100140.27,2.228551516E7,2.07367432E7,8.84,-23.9,-6.09,-3.4,68.55,42.2,-42.2,47.14,32.0,"62,775 M"
05/11/2026,1630,NLR,145.65,+3.39%,,.8348,3.07,<empty>,168.1199,84.5677,144.12,139.63,136.04,1.0,0.57,0.57,"582,529",-100339.03,438681.17,447311.22,20.18,3.21,-0.82,-2.41,154.49,126.29,-126.29,-137.08,NaN,"5,271 M"
05/11/2026,1630,NNN,44.30,-0.14%,Real Estate,.8024,0.35,$3.46,46.03,38.9,44.24,43.99,42.33,-2.0,-0.51,-0.63,"1,494,915",100227.08,1583056.01,1588493.46,36.3,-1.8,1.58,-0.92,46.49,42.29,-42.29,-43.07,59.0,"8,428 M"
05/11/2026,1630,NOAH,10.62,-2.03%,Financials,.8185,0.25,<empty>,12.84,9.31,10.43,10.72,11.22,-3.0,-0.66,-0.71,"35,257",100260.31,123594.25,126586.22,-36.12,-9.85,1.72,-2.93,12.57,10.31,-10.31,11.03,11.0,696 M
05/11/2026,1630,NORW,38.19,+0.26%,,.723,0.39,<empty>,39.1499,26.96,38.13,37.35,32.06,-4.0,-0.44,-0.21,"48,102",-100100.11,211120.16,169955.84,-51.49,6.97,1.27,-0.52,39.2,34.58,39.04,39.04,NaN,161 M
05/11/2026,1630,NOW,91.49,+0.34%,Information Technology,.8224,3.87,$4.46,211.47798,81.24,92.58,101.64,146.92,3.0,0.79,0.49,"21,066,044",-300362.13,2.247598396E7,2.223543977E7,-12.76,-20.88,1.15,2.74,127.44,81.21,-81.21,-84.12,50.0,"94,354 M"
05/11/2026,1630,NSA,43.65,-0.05%,Real Estate,1.092,0.75,$3.59,44.015,27.43,42.76,39.29,32.98,4.0,0.65,0.37,"925,914",-100336.39,1830439.62,1807864.09,7.35,37.78,1.77,0.67,44.14,30.41,44.14,-41.08,58.0,"3,367 M"
05/11/2026,1630,NSC,311.11,-0.29%,Industrials,1.281,5.37,$7.20,323.37,232.355,310.33,299.99,292.1,-10.0,-0.8,-0.46,"1,806,181",200128.32,1299920.26,1322313.18,100.31,4.55,-2.44,-1.94,323.11,278.35,323.11,323.11,54.0,"69,873 M"
05/11/2026,1630,NSP,32.43,-0.49%,Industrials,.595,2.59,$1.76,72.23,18.57,31.42,27.17,39.29,3.0,0.82,0.56,"497,040",-100190.36,1072193.34,1157916.91,-32.26,62.96,-3.63,12.8,38.08,19.42,38.08,38.08,56.0,"1,238 M"
05/11/2026,1630,NSSC,40.21,-1.49%,Information Technology,1.396,2.54,$1.58,48.12,26.44,44.09,42.73,40.85,-7.0,-0.23,0.0,"363,335",200150.42,616902.89,609183.5,17.65,-5.5,-12.76,-2.5,47.51,38.29,-38.29,-39.05,72.0,"1,437 M"
05/11/2026,1630,NTLA,14.42,+2.34%,Health Care,1.976,1.06,($3.65),28.25,6.83,14.2,13.67,13.19,8.0,0.71,0.51,"7,220,909",200389.09,5475140.59,4922035.33,67.5,10.84,10.58,4.12,17.12,11.6,17.12,-12.08,0.0,"1,715 M"
05/11/2026,1630,NTR,71.29,+4.33%,Materials,.6719,2.58,$4.56,85.3599,53.03,72.84,74.83,64.4,1.0,-0.04,0.26,"3,715,825",-100045.3,3986032.36,3689525.43,31.46,-10.11,-1.49,-3.41,85.4,69.58,85.4,78.04,60.0,"34,221 M"
05/11/2026,1630,NUE,232.00,+1.98%,Materials,1.843,6.86,$2.32,235.44,106.211,215.57,188.33,163.33,-9.0,-0.94,-0.4,"1,580,705",100237.1,1493635.95,1549537.66,-18.58,35.03,7.91,-0.95,228.06,155.36,-155.36,235.03,53.0,"52,835 M"
05/11/2026,1630,NVDA,219.44,+1.97%,Information Technology,2.274,7.39,$3.44,222.3,120.28,204.69,189.5,184.96,4.0,0.88,0.56,"157,143,446",-200252.51,1.6348713748E8,1.7039554752E8,45.58,17.96,1.31,5.59,217.1,164.29,-164.29,-195.05,7.0,"5,332,392 M"
05/11/2026,1630,NVO,46.40,+0.72%,Health Care,.7984,2.61,$1.08,81.44,35.12,42.12,39.33,49.43,-3.0,0.84,-0.9,"17,747,160",-100155.55,1.834594429E7,2.026396108E7,-29.54,19.5,12.62,1.4,50.62,35.29,-35.29,-38.12,59.0,"205,684 M"
05/11/2026,1630,NXPI,305.99,+3.81%,Information Technology,1.696,29.11,$10.12,306.62,183.0,256.44,222.3,222.51,-6.0,1.0,-0.64,"4,973,157",-100048.02,3323483.9,3168489.23,47.9,53.09,29.18,0.8,296.06,185.29,-185.29,-209.17,53.0,"77,254 M"
05/11/2026,1630,NYT,77.33,-2.62%,Communication Services,.9961,1.58,$3.37,87.1,51.03,79.69,80.99,67.8,-2.0,-0.08,-0.49,"1,966,357",100131.04,2257188.33,2357730.14,3.02,-1.15,-2.86,-7.59,87.24,69.62,87.24,87.03,59.0,"12,517 M"
05/11/2026,1630,O,62.36,+0.71%,Real Estate,.7485,0.74,$4.40,67.935,54.38,63.6,63.35,60.26,-3.0,-0.32,-0.42,"5,680,204",-100321.03,5857191.82,6134173.52,-15.49,-3.63,-0.62,-2.58,68.5,60.32,-60.32,-62.02,58.0,"58,150 M"
05/11/2026,1630,OC,119.85,-1.50%,Industrials,1.328,2.29,$10.00,159.42,97.53,121.98,113.97,125.26,-3.0,-0.77,-0.41,"1,204,324",-100349.36,1388441.59,1379586.71,-13.32,11.66,-4.52,-2.58,143.6,99.35,-99.35,131.03,59.0,"9,651 M"
05/11/2026,1630,OIH,431.15,+2.45%,,.8759,10.23,<empty>,450.85,210.7,425.44,406.64,318.92,1.0,-0.46,0.26,"233,240",-100146.49,502670.0,532290.89,-52.8,11.98,-1.88,-0.33,451.08,364.62,451.08,451.08,NaN,"2,479 M"
05/11/2026,1630,OKE,87.79,+3.09%,Energy,.7638,2.13,$3.56,95.3,64.02,87.08,87.51,77.59,1.0,0.23,0.42,"5,710,531",-100038.36,4889683.01,4949578.65,58.93,2.37,0.05,2.56,95.3,80.52,95.3,93.07,58.0,"55,311 M"
05/11/2026,1630,OKLO,78.13,+7.75%,Utilities,2.454,3.93,($0.79),193.84,28.16,69.78,61.13,86.51,1.0,0.99,0.57,"17,242,644",101312.04,1.169748887E7,1.067608719E7,13.0,24.49,2.9,-1.87,82.11,45.29,82.11,82.11,1.0,"13,588 M"
05/11/2026,1630,OKTA,81.69,-2.63%,Information Technology,.7139,2.65,$4.91,127.567,62.66,75.83,76.42,85.54,-1.0,0.95,-0.89,"2,334,338",-200863.22,3776616.33,3708359.49,-39.42,1.04,7.29,5.49,90.61,63.21,-63.21,-70.17,12.0,"14,324 M"
05/11/2026,1630,OLLI,75.73,-7.88%,Consumer Discretionary,.4957,4.19,$3.17,141.74,74.9201,87.72,94.41,115.5,-1.0,-0.14,-0.28,"1,900,465",-300644.35,1467330.08,1325451.41,17.26,-26.74,-17.73,-9.38,117.6,81.04,117.6,97.17,15.0,"4,594 M"
05/11/2026,1630,OMF,53.17,-3.40%,Financials,1.193,1.95,$27.17,71.93,45.7811,57.55,55.09,59.44,-1.0,-0.48,-0.21,"1,280,726",-100648.4,1459174.56,1504729.11,35.55,-1.17,-9.85,-4.88,63.62,46.39,-46.39,60.14,51.0,"6,143 M"
05/11/2026,1630,ON,107.24,+3.91%,Information Technology,1.822,4.6,$2.92,107.25,40.62,94.03,74.71,59.49,-11.0,0.95,-0.39,"9,678,441",-100464.03,9788196.01,9689520.96,-3.56,81.03,9.38,1.39,103.06,55.44,-55.44,-74.17,57.0,"42,028 M"
05/11/2026,1630,ONEW,11.58,-3.98%,Consumer Discretionary,1.54,0.76,$4.09,17.92,8.12,10.71,10.04,13.11,-1.0,0.83,-0.73,"112,540",300036.03,152814.95,148801.32,50.23,12.26,8.94,2.57,14.62,8.36,-8.36,-9.07,55.0,192 M
05/11/2026,1630,ONON,34.04,-3.41%,Consumer Discretionary,2.061,0.76,$1.08,61.2882,31.41,35.66,36.78,42.75,-2.0,-0.48,-0.52,"11,142,396",-300363.25,7035904.1,6367514.18,257.52,-13.69,-5.26,-5.6,50.55,31.3,-31.3,38.14,1.0,"11,267 M"
05/11/2026,1630,ONTO,287.52,+1.00%,Information Technology,1.619,8.86,$4.85,316.0,89.4,287.95,240.87,171.75,-4.0,-0.63,-0.09,"752,002",100270.04,845068.45,917740.1,-36.19,49.18,-3.61,-2.22,316.11,175.44,316.11,316.11,61.0,"14,302 M"
05/11/2026,1630,ORCL,193.84,-1.08%,Information Technology,1.53,11.71,($8.70),345.72,134.57,178.1,160.78,210.74,-1.0,1.0,-0.7,"16,568,460",-200357.2,2.906295357E7,2.853242933E7,-58.2,18.83,12.07,-0.1,189.13,135.21,-135.21,200.02,21.0,"557,493 M"
05/11/2026,1630,ORLY,91.35,-1.73%,Consumer Discretionary,.5565,2.12,$2.26,108.715,86.77,93.72,92.67,97.24,-6.0,-0.61,-0.28,"7,737,228",100427.08,5443892.61,5608162.28,60.12,-3.22,-0.67,-3.62,101.06,87.35,101.06,101.06,55.0,"76,030 M"
05/11/2026,1630,OSCR,22.00,+3.24%,Financials,2.125,1.72,$10.21,23.8,10.69,17.76,14.99,16.11,4.0,1.0,0.86,"8,304,132",100876.04,6932902.55,7563494.9,5.37,64.18,28.06,10.89,19.06,11.29,-11.29,-15.17,62.0,"5,850 M"
05/11/2026,1630,OSK,134.03,-2.86%,,1.304,6.27,$8.91,180.49,96.03,149.04,150.13,141.52,-3.0,-0.29,-0.36,"1,348,190",-300247.01,649961.82,683241.4,224.83,-12.05,-11.07,-14.47,180.61,137.29,180.61,160.03,56.0,"8,397 M"
05/11/2026,1630,OTLY,10.13,-2.69%,Consumer Staples,1.112,0.86,($0.98),18.84,9.26,11.94,11.12,13.26,-2.0,-0.4,-0.05,"61,315",-100388.17,66025.85,69761.49,0.13,-4.88,-16.28,-6.29,14.16,9.3,14.16,14.16,50.0,316 M
05/11/2026,1630,OUT,32.24,-4.90%,Real Estate,1.486,1.13,$1.34,34.96,15.41,30.75,28.85,23.13,-1.0,-0.89,-0.62,"2,541,777",200241.03,1375274.24,1479613.1,191.63,17.36,6.12,1.54,32.06,25.58,-25.58,-29.17,59.0,"5,676 M"
05/11/2026,1630,OVX:CGI,75.66,+4.86%,,-2.601,2.36,<empty>,125.99,23.59,74.8,85.96,49.73,1.0,0.05,0.4,<empty>,NaN,NaN,NaN,NaN,-37.42,3.49,4.59,126.41,40.59,126.41,86.14,NaN,0
05/11/2026,1630,OXLC,10.11,-0.69%,,.6559,0.13,<empty>,24.9,8.01,10.1,9.46,13.68,-2.0,-0.96,-0.57,"767,308",100300.59,1368114.33,1625940.56,-7.58,14.24,0.8,0.8,11.62,8.38,-8.38,11.06,NaN,987 M
05/11/2026,1630,OXM,43.69,-3.94%,Consumer Discretionary,1.007,1.77,$0.76,60.31,30.5656,44.32,40.13,39.57,-1.0,-0.65,-0.29,"257,306",-100173.31,328323.94,310272.78,-21.06,16.85,-0.82,-4.13,48.13,31.36,48.13,-41.05,21.0,650 M
05/11/2026,1630,OXY,55.14,+3.98%,Energy,.1937,2.36,$3.15,67.45,38.8,56.87,58.2,47.51,1.0,0.0,0.42,"13,699,496",-100146.29,1.811580148E7,1.695119418E7,-11.06,-0.79,-3.72,0.04,67.28,45.6,67.28,61.08,60.0,"54,844 M"
05/11/2026,1630,PAG,173.26,-0.32%,Consumer Discretionary,.8871,5.33,$9.05,189.51,140.12,164.5,155.94,165.51,-1.0,1.0,-0.71,"281,607",100235.09,304797.42,315261.93,1.84,15.23,8.19,2.08,182.08,140.35,182.08,182.08,54.0,"11,392 M"
05/11/2026,1630,PALL,137.42,+2.01%,,.1687,2.67,<empty>,197.4084,86.07,137.63,138.85,134.57,1.0,0.42,0.57,"224,867",0.0,239889.7,253569.52,-10.1,-7.92,2.87,-1.71,166.52,122.31,-122.31,-131.08,NaN,828 M
05/11/2026,1630,PAM,81.90,+4.04%,Utilities,.9058,1.58,($0.47),94.5,54.95,81.66,83.03,78.87,1.0,0.14,0.52,"272,071",-100245.28,268096.68,256532.19,31.9,-3.31,1.61,-1.8,90.28,69.48,90.28,-78.06,60.0,"4,402 M"
05/11/2026,1630,PATH,10.66,-1.20%,Information Technology,.4981,0.24,$0.65,19.84,9.28,10.56,10.97,13.04,-2.0,0.5,-0.41,"36,670,467",200479.42,3.069753305E7,3.155031754E7,42.59,-13.89,1.91,1.52,13.62,9.21,-9.21,-10.11,12.0,"5,585 M"
05/11/2026,1630,PBD,22.12,+1.10%,,1.353,0.69,<empty>,22.34,11.5,20.56,18.96,16.73,2.0,1.0,0.8,"96,282",-200140.11,60427.12,66835.53,98.97,24.2,8.54,1.65,21.06,17.44,-17.44,-19.17,NaN,225 M
05/11/2026,1630,PBH,50.65,-3.60%,Health Care,.3925,2.28,$5.45,89.37,49.28,56.36,59.27,62.95,-9.0,-0.24,-0.4,"823,936",-200847.27,525715.23,504615.9,195.87,-21.85,-13.12,-6.74,71.53,51.25,71.53,60.1,2.0,"2,397 M"
05/11/2026,1630,PBJ,48.476,-0.75%,,.5017,0.52,<empty>,51.07,42.685,49.47,49.21,47.13,-4.0,-0.22,-0.31,"12,503",-100200.59,18419.97,21654.96,19.31,-0.37,-2.09,-2.02,51.5,47.35,-47.35,-48.02,NaN,92 M
05/11/2026,1630,PBR,20.75,+2.07%,Energy,.439,0.56,$1.30,22.24,11.035,21.14,20.12,14.68,1.0,-0.33,0.01,"20,505,134",-100148.42,3.044774204E7,2.826737416E7,51.0,9.27,-1.0,-0.77,22.07,15.58,22.05,22.05,0.0,"133,721 M"
05/11/2026,1630,PCAR,112.96,-1.18%,Industrials,.9958,5.25,$5.89,131.875,88.65,120.94,119.47,109.22,4.0,-0.11,0.12,"2,439,986",-100732.1,2794906.15,2932613.07,-18.28,-4.37,-11.19,-3.05,131.6,110.35,-110.35,129.14,49.0,"59,449 M"
05/11/2026,1630,PD,6.90,-5.35%,Information Technology,.8124,0.36,$1.13,18.0,5.7,6.76,6.79,12.03,-2.0,-0.99,-0.64,"1,661,227",-100607.2,2778377.03,3133902.49,-14.86,-6.38,2.37,0.73,8.62,6.21,-6.21,8.02,12.0,529 M
05/11/2026,1630,PDD,98.80,+0.02%,Consumer Discretionary,1,1.55,$10.82,139.41,95.24,100.03,100.63,114.55,-2.0,-0.79,-0.65,"5,574,207",100242.33,7004806.89,6968571.64,-52.2,-4.02,0.34,-3.43,108.16,95.34,108.16,-97.04,11.0,"140,632 M"
05/11/2026,1630,PEB,14.37,-2.38%,Real Estate,1.488,0.3,$2.05,14.845,8.69,14.13,13.24,11.75,-1.0,-0.85,-0.49,"1,458,908",-100346.09,2569401.57,2521537.05,-37.56,13.51,1.48,-1.51,15.08,12.4,-12.4,15.02,54.0,"1,629 M"
05/11/2026,1630,PECO,39.71,-0.03%,Real Estate,.4531,0.54,$1.65,40.71,32.84,39.53,38.59,36.04,-3.0,-0.64,-0.51,"592,590",-200100.03,875319.58,891840.6,-3.37,3.41,-1.17,-1.42,41.09,37.33,41.09,41.09,51.0,"5,002 M"
05/11/2026,1630,PENN,15.94,-4.78%,Consumer Discretionary,1.421,0.81,($0.47),20.605,11.65,16.63,15.44,15.95,-9.0,-0.78,-0.01,"2,641,834",301158.13,4079744.16,4376028.41,-46.72,7.2,-10.6,-4.84,18.09,12.58,18.09,18.09,51.0,"2,133 M"
05/11/2026,1630,PEP,149.41,-3.37%,Consumer Staples,.3882,2.01,$6.46,171.48,127.6,155.55,156.3,150.26,-2.0,-0.24,-0.31,"8,366,041",-100234.36,6114655.74,6510222.31,31.6,-6.71,-3.04,-4.2,171.6,149.32,-149.32,160.16,46.0,"204,209 M"
05/11/2026,1630,PFE,25.81,+0.51%,Health Care,.3127,0.35,$1.67,28.745,21.97,26.71,27.02,25.73,-2.0,0.0,-0.13,"43,076,775",0.0,3.865479828E7,3.873755681E7,44.39,-5.46,-3.66,-2.71,29.26,26.04,29.26,28.15,54.0,"147,103 M"
05/11/2026,1630,PFF,31.68,-0.13%,,.5343,0.15,<empty>,32.2645,29.86,31.43,31.02,31.31,2.0,0.92,0.47,"2,305,087",100008.4,3543644.55,3469836.56,3.34,2.06,0.6,0.22,32.57,30.29,-30.29,-31.08,NaN,"14,003 M"
05/11/2026,1630,PFG,100.19,-0.31%,Financials,.8747,1.24,$16.45,103.0,75.0,98.43,93.23,87.14,-10.0,-0.92,-0.52,"1,049,423",-200132.36,1488353.64,1620840.0,-42.58,13.59,0.45,-1.34,102.06,85.35,-85.35,103.03,53.0,"21,642 M"
05/11/2026,1630,PFIG,24.0362,-0.14%,,.2244,0.04,<empty>,26.96,23.57,24.07,24.08,24.23,5.0,0.61,0.59,"6,184",100000.23,27638.56,28717.36,-42.79,-0.51,-0.06,-0.16,24.59,24.3,-24.3,-24.05,NaN,113 M
05/11/2026,1630,PFIX,47.74,+1.04%,,-.0288,1.25,<empty>,65.1521,41.45,46.03,45.73,47.91,-4.0,0.83,-0.66,"202,714",-100143.19,775523.36,686088.81,-48.43,4.12,4.08,0.57,50.3,41.5,50.3,49.04,NaN,210 M
05/11/2026,1630,PG,143.36,-2.09%,Consumer Staples,.3995,1.92,$6.43,170.99,137.62,145.59,147.26,150.34,-3.0,-0.44,-0.59,"6,951,846",-100029.36,9806317.68,1.021326933E7,-37.91,-6.5,-3.4,-3.07,167.5,141.24,-141.24,152.11,54.0,"333,828 M"
05/11/2026,1630,PGNY,22.55,-4.93%,Health Care,.9939,1.68,$2.24,28.75,16.1,18.78,17.99,21.78,3.0,0.76,0.74,"2,820,502",100133.02,1556205.91,1572739.53,116.66,28.78,22.49,20.59,22.51,16.21,-16.21,-17.17,61.0,"1,751 M"
05/11/2026,1630,PGRO,47.5008,+0.16%,,1.165,0.75,<empty>,47.675,37.45,45.76,43.17,43.72,-1.0,1.0,-0.45,"6,199",-100100.15,23969.55,21840.24,-99.12,11.64,3.22,0.74,46.06,39.29,-39.29,-45.17,NaN,113 M
05/11/2026,1630,PINK,35.82,-0.39%,,.7219,0.51,<empty>,38.68,27.56,35.27,34.48,34.1,8.0,0.53,0.59,"31,752",-100033.12,121708.31,119605.54,-17.39,2.93,3.56,1.19,37.62,32.3,-32.3,-34.08,NaN,249 M
05/11/2026,1630,PINS,20.76,-2.40%,Communication Services,.9264,0.76,$1.82,39.93,13.84,20.42,19.29,26.85,-2.0,-0.99,-0.55,"15,983,023",-101055.05,1.887971929E7,2.048684986E7,44.43,7.12,2.12,-1.89,21.14,14.59,25.04,25.04,62.0,"11,629 M"
05/11/2026,1630,PJP,105.5767,+0.02%,,.4658,1.27,<empty>,110.8099,77.69,105.43,104.25,100.11,-3.0,-0.52,-0.63,"16,466",100020.14,28056.4,27304.45,-82.18,0.11,1.7,-2.22,111.52,99.33,-99.33,108.03,NaN,329 M
05/11/2026,1630,PK,11.03,-2.56%,Real Estate,1.362,0.13,$1.87,12.39,9.84,11.27,10.92,11.02,-1.0,-0.7,-0.35,"3,979,311",-200054.07,4074156.06,4150899.41,13.63,1.85,-1.78,-1.69,12.6,10.24,-10.24,12.06,56.0,"2,221 M"
05/11/2026,1630,PKB,105.48,-0.44%,,1.291,1.4,<empty>,111.2354,75.5301,106.87,102.46,97.46,-3.0,-0.7,-0.41,"16,867",0.0,19205.71,24603.53,115.79,6.31,-2.33,-4.63,111.55,93.35,-93.35,111.03,NaN,444 M
05/11/2026,1630,PLAY,10.25,-0.58%,Consumer Discretionary,1.733,0.92,($2.90),35.53,9.61,12.08,12.51,17.64,4.0,-0.28,0.34,"1,356,223",300184.14,1821481.79,1630463.89,-27.16,-22.58,-19.35,-4.74,18.62,10.3,-10.3,15.16,20.0,356 M
05/11/2026,1630,PLD,144.07,-0.01%,Real Estate,1.363,1.59,$5.53,145.44,103.02,141.72,137.0,126.21,4.0,0.74,0.52,"2,525,094",0.0,3528660.52,3450707.01,-41.59,7.19,2.89,0.82,145.16,127.35,145.16,-138.04,45.0,"134,322 M"
05/11/2026,1630,PLNT,48.40,+5.49%,Consumer Discretionary,1.037,8.61,$3.23,114.47,37.03,65.05,71.27,93.88,-3.0,0.0,0.0,"5,289,646",100864.02,2107901.86,2167385.29,467.01,-37.89,-27.29,-24.33,95.57,62.05,95.57,-37.02,59.0,"3,845 M"
05/11/2026,1630,PLTR,136.89,-0.66%,Information Technology,1.456,4.71,$1.13,207.52,115.01,141.45,145.69,163.84,2.0,-0.59,0.45,"41,048,273",-300356.05,4.863326823E7,4.973944506E7,-8.44,-9.7,-4.34,2.32,162.33,123.21,-123.21,-131.03,58.0,"328,168 M"
05/11/2026,1630,PM,182.11,+6.50%,Consumer Staples,.4162,5.03,$6.85,191.3,142.11,164.66,166.02,164.25,1.0,0.7,1.0,"6,814,911",-200337.28,4967497.89,4924040.86,32.39,9.15,13.18,6.79,191.52,152.27,-152.27,-153.14,50.0,"283,829 M"
05/11/2026,1630,PNC,214.59,-1.04%,Financials,.9105,2.85,$16.37,243.94,169.32,221.53,213.82,205.63,-3.0,-0.49,-0.32,"2,634,284",-100039.36,2359138.94,2364427.78,-14.77,4.35,-3.05,-3.52,243.61,198.36,-198.36,230.14,45.0,"86,172 M"
05/11/2026,1630,PNDRY,10.18,-3.51%,Consumer Discretionary,1.641,0.51,<empty>,23.7625,8.25,9.93,9.42,13.53,-1.0,-1.0,-0.67,"86,413",100000.4,176839.32,179658.94,87.48,9.82,7.05,-8.62,11.62,8.37,-8.37,11.03,NaN,"6,092 M"
05/11/2026,1630,POET,13.90,+26.94%,Information Technology,.468,2.63,($0.36),15.5,3.87,9.21,7.5,6.45,5.0,0.74,0.57,"83,311,332",202944.05,2.957891741E7,2.42247639E7,40.9,86.83,74.84,43.0,16.11,5.29,16.11,-6.08,3.0,"2,123 M"
05/11/2026,1630,POOL,184.77,-1.60%,Consumer Discretionary,1.129,17.38,$8.48,345.0,184.5,213.62,210.4,259.24,3.0,-0.35,0.19,"957,630",-200543.05,786694.84,846468.7,22.12,-12.38,-17.98,-1.77,278.6,187.04,278.6,249.12,51.0,"6,734 M"
05/11/2026,1630,PPLT,192.96,+3.74%,,.3816,5.65,<empty>,261.62,89.2848,184.09,184.56,165.69,5.0,0.32,0.65,"268,101",0.0,354517.42,382006.23,-43.96,-2.36,7.21,3.35,215.5,164.31,-164.31,-170.08,NaN,"2,624 M"
05/11/2026,1630,PR,20.15,+2.18%,Energy,.5393,0.86,$0.46,22.675,11.92,20.71,20.31,15.68,-4.0,-0.2,-0.21,"9,893,462",-100243.03,1.430674548E7,1.384128712E7,-21.77,4.13,-2.33,-5.0,22.06,16.6,23.04,23.04,60.0,"16,871 M"
05/11/2026,1630,PRAA,17.14,-10.64%,Financials,1.133,1.31,($2.31),22.55,10.25,20.91,19.06,16.3,-9.0,-0.64,0.0,"820,754",-100778.02,448881.27,507560.17,144.13,-0.29,-21.88,-19.49,23.06,10.54,23.06,23.06,62.0,654 M
05/11/2026,1630,PRGO,11.07,-5.47%,Health Care,.5154,0.28,$0.81,28.435,9.225,11.65,10.86,16.38,-3.0,-0.95,-0.53,"2,627,997",-100196.25,3344987.84,3268144.14,24.7,12.84,-3.66,-9.71,15.55,9.35,-9.35,13.03,56.0,"1,532 M"
05/11/2026,1630,PRMB,23.62,+1.68%,Consumer Staples,.5112,1.29,<empty>,33.29,14.36,20.53,20.2,20.42,3.0,0.86,0.93,"5,859,245",100546.52,4648224.66,5108301.51,65.26,12.48,17.57,19.29,23.48,18.31,-18.31,-19.08,65.0,"8,571 M"
05/11/2026,1630,PRVA,22.76,-1.30%,Health Care,.9445,0.63,$1.12,26.51,18.77,23.95,22.78,23.06,-9.0,-0.68,-0.05,"1,172,170",100438.03,933615.72,920442.24,119.46,3.13,-6.76,-5.13,25.06,20.3,25.06,-21.02,60.0,"2,868 M"
05/11/2026,1630,PSA,311.55,+0.16%,Real Estate,.9815,5.87,$18.46,313.51,256.54,304.75,294.21,286.18,4.0,0.83,0.61,"748,196",-100130.4,1148739.53,1190931.79,-13.64,3.88,1.99,0.83,314.14,263.32,314.14,-292.08,55.0,"54,691 M"
05/11/2026,1630,PSCE,61.56,+2.28%,,.7725,1.32,<empty>,64.17,36.01,60.73,59.8,48.11,1.0,-0.37,0.41,"45,694",-100133.07,55065.42,53921.91,0.05,6.85,-0.88,0.74,64.29,51.6,64.04,64.04,NaN,124 M
05/11/2026,1630,PSCI,171.9421,-0.81%,,1.162,2.06,<empty>,178.02,123.83,170.7,162.97,155.49,-3.0,-0.82,-0.49,"1,584",-200128.46,4997.88,5169.24,-57.01,9.02,0.16,-1.71,178.6,149.35,-149.35,176.02,NaN,172 M
05/11/2026,1630,PSCU,63.7819,-1.35%,,.7535,0.75,<empty>,66.85,53.4318,65.57,62.3,58.81,-6.0,-0.56,-0.11,203,-100200.36,8842.88,7728.06,-82.7,8.19,-3.65,-3.54,67.06,58.54,67.06,67.06,NaN,17 M
05/11/2026,1630,PSP,61.32,-1.30%,,1.276,0.94,<empty>,72.97,54.18,61.32,58.77,65.67,-1.0,-0.87,-0.45,"52,519",100226.5,60331.33,71933.53,202.06,7.93,1.76,-1.5,66.62,54.3,-54.3,-59.08,NaN,257 M
05/11/2026,1630,PSX,175.36,+2.21%,Energy,.6928,6.82,$0.29,190.61,109.75,167.09,170.15,144.5,1.0,0.48,0.74,"1,854,071",-200240.28,3283663.89,3121607.44,2.58,3.46,6.86,2.12,191.29,149.51,191.29,181.04,52.0,"70,308 M"
05/11/2026,1630,PTLO,4.12,-4.19%,Consumer Discretionary,1.625,0.91,($0.14),13.55,4.105,5.67,5.51,5.85,-6.0,-0.09,0.0,"2,190,571",-300057.03,1588078.03,1592541.94,37.71,-22.12,-35.52,-8.24,7.13,4.03,7.13,7.13,58.0,298 M
05/11/2026,1630,PVH,83.30,-6.91%,Consumer Discretionary,1.21,2.97,$11.19,100.15,59.6,91.43,78.56,76.47,-1.0,-0.48,0.0,"1,218,942",300238.24,1180340.01,1095611.84,34.29,36.49,-10.8,-9.33,100.13,60.41,100.13,100.13,17.0,"3,816 M"
05/11/2026,1630,PYPL,45.07,-0.66%,Financials,1.439,2.18,$5.85,79.5,38.46,49.13,46.89,58.42,-15.0,-0.74,-0.32,"18,325,767",100752.55,1.58175178E7,1.951760518E7,35.26,-1.1,-9.44,-2.59,52.14,38.6,52.14,-45.04,53.0,"39,756 M"
05/11/2026,1630,PZZA,33.38,+7.19%,Consumer Discretionary,1.13,1.88,$0.80,55.74,29.5501,35.74,34.65,40.56,1.0,-0.56,0.17,"2,505,904",-100567.42,1232018.89,1294052.92,244.24,-14.1,-10.58,-1.18,40.42,30.44,40.42,39.14,60.0,"1,098 M"
05/11/2026,1630,QAT,19.10,-0.42%,,.3872,0.14,<empty>,20.64,17.712,19.11,18.86,19.34,6.0,0.62,0.53,"570,503",500000.01,46856.95,39306.35,12101.44,1.6,0.0,0.16,20.61,18.29,-18.29,-19.06,NaN,95 M
05/11/2026,1630,QBTS,24.03,+6.47%,Information Technology,2.543,1.9,($0.24),46.75,10.36,20.64,17.99,22.78,1.0,1.0,0.71,"35,539,303",-100315.18,2.670868636E7,2.626283645E7,-4.43,27.08,27.82,0.84,22.16,13.29,-13.29,-17.08,1.0,"8,901 M"
05/11/2026,1630,QCOM,237.53,+8.42%,Information Technology,1.461,30.0,$11.61,247.9,121.99,162.4,143.59,158.04,5.0,1.0,1.0,"45,376,037",400281.01,1.738908145E7,1.581337217E7,282.13,77.1,58.08,23.35,187.07,122.24,-122.24,-132.17,55.0,"250,357 M"
05/11/2026,1630,QMOM,79.92,+1.59%,,1.054,1.77,<empty>,80.56,60.0966,76.49,72.34,67.51,2.0,1.0,0.54,"32,717",300121.04,24973.24,23786.8,47.25,14.51,4.9,-0.55,77.12,64.29,-64.29,81.02,NaN,464 M
05/11/2026,1630,QQQ,713.29,+0.29%,,1.222,19.58,<empty>,714.59,501.48,665.59,623.03,608.05,5.0,1.0,0.71,"35,855,331",100128.49,5.643592377E7,5.857772364E7,-9.41,17.38,7.39,2.52,676.06,556.29,-556.29,-635.17,NaN,"465,850 M"
05/11/2026,1630,QS,8.03,+6.50%,Consumer Discretionary,2.562,0.32,($0.48),19.0699,3.8,7.25,6.87,10.17,1.0,1.0,0.91,"30,300,662",-200495.12,1.636191371E7,1.649977111E7,114.42,14.71,13.74,1.01,10.12,6.26,10.12,-7.08,50.0,"4,940 M"
05/11/2026,1630,QSR,78.23,-1.86%,Consumer Discretionary,.5332,1.24,$4.45,81.96,61.33,79.22,76.18,69.68,-1.0,-0.63,-0.11,"5,620,416",-200525.04,3832663.89,3711064.12,231.4,8.64,-0.81,1.33,82.11,65.59,-65.59,-76.02,60.0,"27,145 M"
05/11/2026,1630,QTUM,147.82,+2.01%,,1.309,6.0,<empty>,147.97,82.35,133.02,119.93,110.75,2.0,1.0,0.74,"731,741",100236.01,381827.51,366058.0,19.6,31.44,12.08,2.9,136.06,101.29,-101.29,-123.17,NaN,"4,826 M"
05/11/2026,1630,QUBT,10.18,+6.04%,Information Technology,2.506,0.57,($0.22),25.84,6.18,9.34,8.09,12.45,1.0,0.99,0.5,"26,493,091",100809.01,1.288741747E7,1.253315574E7,47.13,33.6,11.87,-2.68,10.13,6.29,-6.29,11.03,0.0,"2,296 M"
05/11/2026,1630,R,232.47,-2.79%,Industrials,1.002,7.63,$23.44,259.0,143.335,236.98,216.96,194.51,-10.0,-0.7,-0.31,"579,572",200435.13,392598.16,413118.06,75.13,19.48,-6.82,-3.76,259.06,186.4,259.06,259.06,51.0,"8,995 M"
05/11/2026,1630,RBLX,41.31,-1.43%,Communication Services,1.499,6.5,$2.18,150.59,40.95,53.34,56.44,92.3,1.0,-0.5,0.03,"14,316,534",100671.07,1.053764582E7,1.084658759E7,80.86,-31.59,-28.18,-5.6,77.62,42.06,77.62,64.14,56.0,"29,577 M"
05/11/2026,1630,RCL,263.46,-4.28%,Consumer Discretionary,1.78,9.01,$5.05,366.5,232.6,269.46,274.44,297.31,-2.0,-0.46,-0.66,"2,198,614",-200252.08,2717165.69,2616206.31,-4.4,-8.05,1.77,-8.23,356.62,250.08,-250.08,-250.08,53.0,"70,659 M"
05/11/2026,1630,RDNT,55.90,-3.94%,Health Care,1.43,0.95,$1.14,85.84,50.76,57.81,59.51,69.49,-3.0,-0.58,-0.63,"2,415,532",-101254.01,901665.14,870291.62,284.71,-8.66,-3.2,-4.67,75.49,52.26,-52.26,-55.07,60.0,"4,375 M"
05/11/2026,1630,REAL,9.97,-2.83%,Consumer Discretionary,2.589,0.85,$0.12,17.3922,4.7,11.75,10.61,11.49,-3.0,-0.68,-0.28,"4,819,106",-200085.02,3550792.45,3682015.95,64.83,-0.7,-14.49,-23.31,14.5,8.29,-8.29,13.04,62.0,"1,201 M"
05/11/2026,1630,REG,77.72,+0.17%,Real Estate,.8508,0.99,$4.42,81.66,66.855,79.34,77.93,73.06,-3.0,-0.32,-0.24,"1,393,234",-200022.08,1442012.77,1411435.37,9.44,0.07,-2.79,-1.72,82.15,74.32,82.15,82.15,55.0,"14,230 M"
05/11/2026,1630,REGN,712.77,-0.30%,Health Care,.31,22.02,$36.48,821.11,476.4869,730.36,747.47,688.3,6.0,0.04,0.51,"982,343",-200340.09,677033.66,688705.35,38.85,-7.99,-4.25,-1.15,815.58,669.08,-669.08,-669.08,55.0,"74,726 M"
05/11/2026,1630,REXR,35.89,-1.05%,Real Estate,1.243,0.36,$0.88,44.38,32.14,36.0,35.11,38.98,-1.0,-0.88,-0.36,"1,656,616",-200330.12,2503005.54,2651638.55,3.36,1.73,-0.28,-0.94,39.62,32.28,-32.28,-35.11,45.0,"8,101 M"
05/11/2026,1630,REZ,91.40,+0.25%,,.8856,1.41,<empty>,91.8,80.45,89.27,87.35,84.95,-3.0,0.93,-0.69,"24,344",0.0,44888.62,51910.3,-64.71,4.68,3.64,0.24,91.06,82.29,-82.29,-86.13,NaN,859 M
05/11/2026,1630,RGTI,20.51,+8.29%,Information Technology,3.152,1.28,($0.25),58.1501,9.85,18.16,16.55,22.93,2.0,1.0,0.8,"43,889,989",-100215.18,2.80577397E7,2.843376003E7,22.11,21.07,21.29,2.09,20.16,13.29,-13.29,-15.08,0.0,"6,816 M"
05/11/2026,1630,RH,129.20,-3.50%,Consumer Discretionary,1.928,4.55,$13.29,257.0,106.3037,133.07,133.09,180.67,-1.0,-0.5,-0.63,"1,045,550",200274.28,1335941.38,1270768.96,13.42,-7.8,-5.03,-1.92,227.55,106.27,-106.27,-120.05,22.0,"2,442 M"
05/11/2026,1630,RHP,108.70,-1.67%,Real Estate,1.194,3.59,$10.57,112.5,83.82,104.57,98.39,95.78,-2.0,-0.99,-0.66,"375,898",-100128.07,534817.56,552003.15,-11.24,14.13,6.7,-2.03,110.06,90.35,-90.35,113.02,58.0,"6,860 M"
05/11/2026,1630,RIOT,25.34,+5.23%,Information Technology,3.732,2.99,($3.27),25.8599,7.93,19.21,16.41,16.02,7.0,1.0,1.0,"18,655,647",100691.04,1.895434467E7,1.87359575E7,13.56,71.1,38.62,6.92,19.06,12.29,-12.29,-15.08,56.0,"9,582 M"
05/11/2026,1630,RIVN,14.08,-0.98%,Consumer Discretionary,1.751,1.18,($2.50),22.69,11.57,15.91,15.6,15.32,2.0,-0.28,0.3,"26,086,447",-100370.37,2.764525781E7,2.96236765E7,22.1,-15.44,-15.79,-2.76,18.59,14.6,18.59,18.13,59.0,"18,908 M"
05/11/2026,1630,ROBO,87.02,+0.51%,,1.397,2.63,<empty>,87.49,54.78,80.67,75.06,70.28,2.0,1.0,0.7,"229,591",-100130.46,168791.53,172376.3,200.28,20.04,7.63,2.84,82.06,65.29,-65.29,-76.17,NaN,"1,934 M"
05/11/2026,1630,ROK,456.66,+0.61%,Industrials,1.523,22.86,$11.92,463.485,298.7,417.08,389.32,378.63,5.0,1.0,0.82,"723,778",-100435.05,868204.69,971139.73,4.04,22.35,12.22,-0.59,425.61,348.29,-348.29,463.03,60.0,"50,814 M"
05/11/2026,1630,ROKU,128.07,-1.13%,Communication Services,1.976,6.17,$3.65,131.39,65.2,118.37,105.27,99.91,-1.0,1.0,-0.65,"2,240,737",-100252.07,2809885.1,3291588.29,-20.26,27.13,11.97,0.07,127.06,79.6,-79.6,-109.17,56.0,"18,915 M"
05/11/2026,1630,ROST,214.55,-4.99%,Consumer Discretionary,.868,3.34,$6.85,231.16,124.49,225.56,218.34,180.05,-3.0,0.0,0.0,"4,559,193",-200129.48,2578563.69,2502816.33,128.28,0.79,-5.14,-6.27,230.15,191.61,-191.61,231.02,8.0,"69,117 M"
05/11/2026,1630,RRC,40.97,+1.11%,Energy,.5415,0.97,$3.42,48.31,32.6,42.05,42.98,37.96,-4.0,-0.17,-0.42,"2,170,132",100042.14,3625951.78,3561010.74,-45.99,-2.34,-2.96,-0.49,48.3,36.62,48.3,-40.02,54.0,"9,653 M"
05/11/2026,1630,RRR,52.56,-3.52%,Consumer Discretionary,1.362,1.3,$4.34,67.99,43.28,54.81,56.33,58.48,-1.0,-0.22,-0.41,"844,625",-200040.08,985586.25,954365.42,-10.82,-10.92,-3.44,-0.7,68.61,51.05,-51.05,-51.05,54.0,"3,073 M"
05/11/2026,1630,RSI,28.13,+1.41%,Consumer Discretionary,1.639,2.17,$1.21,29.24,11.5,25.41,22.85,19.94,-4.0,-0.97,-0.56,"2,508,409",100654.04,1862590.17,2074179.03,102.93,33.51,15.86,0.97,29.08,16.59,29.04,29.04,55.0,"2,896 M"
05/11/2026,1630,RSP,203.99,-0.05%,,.9285,1.23,<empty>,205.53,173.0,202.35,198.07,193.19,-3.0,-0.94,-0.52,"7,426,683",100119.49,1.301091622E7,1.492677101E7,-14.66,3.77,1.09,-0.42,205.6,187.29,-187.29,206.02,NaN,"87,744 M"
05/11/2026,1630,RSPG,104.00,+2.53%,,.5328,2.74,<empty>,114.01,71.2088,103.82,104.58,87.16,1.0,-0.21,0.49,"87,318",100026.48,183744.99,168976.53,-10.81,1.65,0.09,0.12,114.29,93.62,114.29,110.04,NaN,593 M
05/11/2026,1630,RSPU,79.23,+0.89%,,.6205,1.08,<empty>,84.5195,68.969,80.87,81.47,77.8,1.0,-0.11,0.29,"86,528",-100012.07,57647.41,56103.95,68.75,-2.8,-2.54,-0.94,85.5,77.62,85.5,83.06,NaN,552 M
05/11/2026,1630,RTO,33.08,-0.96%,Industrials,1.027,0.32,$0.28,34.665,22.72,33.73,32.54,28.98,-3.0,-0.46,-0.32,"768,732",-100249.42,1323503.0,1330815.58,-26.0,4.25,-1.22,-3.27,35.19,28.47,35.19,34.03,55.0,"16,647 M"
05/11/2026,1630,RUT,2870.6404,+0.33%,,1.2,42.52,<empty>,2888.6179,2011.199,2790.85,2639.04,2516.05,-3.0,0.99,-0.44,<empty>,NaN,NaN,NaN,NaN,12.89,2.96,-0.56,2818.14,2405.29,-2405.29,2889.03,NaN,0
05/11/2026,1630,RVLV,18.63,-10.69%,Consumer Discretionary,1.69,2.81,$0.69,31.68,18.08,24.7,23.94,24.33,-1.0,0.0,0.0,"1,723,447",-101157.04,1001484.13,1140388.02,125.79,-23.96,-29.24,-7.73,28.16,20.03,28.16,28.16,59.0,"1,333 M"
05/11/2026,1630,RVX,23.86,+6.52%,,-4.2,0.99,<empty>,35.28,18.0,23.85,27.56,24.07,1.0,0.11,0.73,<empty>,NaN,NaN,NaN,NaN,-20.49,-1.04,7.48,35.3,22.03,35.3,-22.03,NaN,0
05/11/2026,1630,S,16.33,-1.57%,Information Technology,.6975,0.81,$0.16,21.4,11.81,14.71,14.04,15.65,-1.0,1.0,-0.98,"9,836,730",-100153.36,8148947.46,8051711.57,21.67,15.32,11.62,6.52,15.06,12.21,-12.21,-14.17,12.0,"5,557 M"
05/11/2026,1630,SBAC,217.26,-0.42%,Real Estate,1.008,2.17,$0.08,243.16,162.41,217.89,201.24,198.52,-7.0,-0.68,-0.2,"457,778",400739.24,1230261.36,1191142.58,-61.7,15.22,1.05,-0.54,224.15,162.32,224.15,-211.13,58.0,"23,043 M"
05/11/2026,1630,SBUX,105.74,+0.77%,Consumer Discretionary,1.014,3.32,$2.40,108.04,77.99,101.64,97.81,90.44,-6.0,0.94,-0.73,"6,497,915",100335.09,7836995.19,7753652.24,42.37,4.24,8.02,-0.66,108.06,86.3,-86.3,-96.09,54.0,"120,512 M"
05/11/2026,1630,SCJ,105.54,+0.76%,,.5095,2.16,<empty>,107.3199,79.4,101.3,99.66,94.87,8.0,0.58,0.83,"154,532",-200021.35,91349.15,84843.76,427.3,6.98,6.49,3.22,107.5,94.35,-94.35,-98.12,NaN,253 M
05/11/2026,1630,SE,84.87,-2.14%,Consumer Discretionary,1.675,1.77,$7.56,199.3,77.05,86.73,85.84,133.78,-2.0,-0.95,-0.45,"10,932,838",100965.49,4999818.83,5059013.45,226.86,-3.36,-0.73,-5.72,118.61,77.48,-77.48,93.16,1.0,"51,982 M"
05/11/2026,1630,SFD,25.44,-1.97%,Consumer Staples,.4259,1.31,$2.03,29.805,21.08,27.54,26.41,24.07,6.0,0.0,0.12,"1,092,733",-100636.1,1759683.2,1546704.32,8.74,8.21,-11.45,-2.79,30.21,23.36,30.21,30.12,53.0,"10,010 M"
05/11/2026,1630,SFM,81.58,-1.51%,Consumer Staples,.6447,4.41,$3.74,182.0,64.75,76.36,77.37,94.85,-1.0,0.87,-0.64,"1,720,062",300841.08,2266105.53,2543625.84,-7.61,8.27,13.91,4.24,86.37,65.61,-65.61,-69.08,55.0,"7,672 M"
05/11/2026,1630,SG,6.74,-3.71%,Consumer Discretionary,1.976,0.14,($1.07),16.7,4.49,6.79,6.0,7.25,-1.0,-0.87,-0.39,"5,461,314",-100183.02,4195932.75,4290460.98,19.39,19.93,0.0,-1.89,7.1,4.29,7.1,7.1,61.0,801 M
05/11/2026,1630,SHAK,64.50,-8.04%,Consumer Discretionary,1.633,13.05,$0.40,144.65,63.51,95.46,93.15,94.65,-7.0,0.0,0.0,"6,432,358",-300749.01,1670087.53,1648216.21,622.47,-30.33,-36.42,-33.17,107.51,80.3,107.51,107.14,55.0,"2,603 M"
05/11/2026,1630,SHEL,85.36,+1.66%,Energy,.0797,2.03,$3.57,94.9,65.38,88.39,89.24,77.74,1.0,0.0,0.21,"8,267,494",-300132.1,8431760.4,7826508.01,52.07,-2.33,-1.78,-2.11,95.28,77.58,95.28,92.17,55.0,"237,993 M"
05/11/2026,1630,SHO,10.27,-2.10%,Real Estate,.9843,0.3,$1.02,10.575,8.43,9.83,9.46,9.27,-1.0,1.0,-0.85,"1,146,428",0.0,1655196.59,1664590.46,16.16,11.03,5.99,0.2,10.06,9.35,-9.35,-9.17,60.0,"1,913 M"
05/11/2026,1630,SHOC,108.051,+1.72%,,1.815,5.14,<empty>,108.2799,44.43,94.46,82.71,70.49,2.0,1.0,0.78,"23,619",200200.04,15881.56,16361.94,230.83,42.7,13.01,4.76,96.06,68.29,-68.29,-86.17,NaN,240 M
05/11/2026,1630,SHOO,38.89,-4.24%,Consumer Discretionary,1.14,1.18,$1.23,46.88,22.2615,38.51,35.98,36.23,-1.0,-0.68,-0.65,"835,731",-100061.53,1177539.3,1335334.11,-24.5,14.25,2.8,-2.82,41.55,31.4,-31.4,-36.05,54.0,"2,841 M"
05/11/2026,1630,SHOP,102.54,-7.13%,Information Technology,2.629,9.05,$1.63,182.19,99.01,121.65,121.44,141.57,-1.0,-0.54,-0.19,"18,420,435",-100760.05,9751699.37,1.178659541E7,163.27,-20.83,-17.46,-2.75,139.61,104.03,139.61,137.14,59.0,"133,062 M"
05/11/2026,1630,SHY,82.22,-0.10%,,.0491,0.14,<empty>,83.2,82.1023,82.42,82.48,82.77,4.0,-0.34,0.34,"1,692,980",-200003.29,5116336.86,4930127.55,-49.85,-0.51,-0.4,-0.1,83.5,82.05,-82.05,-82.05,NaN,"24,880 M"
05/11/2026,1630,SHYG,42.43,-0.16%,,.2887,0.11,<empty>,43.39,41.825,42.57,42.39,42.83,-1.0,-0.69,-0.21,"840,860",0.0,1590601.49,1646939.62,-11.25,0.19,-0.61,-0.19,43.62,42.3,-42.3,-42.05,NaN,"7,540 M"
05/11/2026,1630,SIL,101.95,+4.84%,,.8326,4.61,<empty>,119.24,38.64,94.17,94.17,80.58,4.0,0.44,0.83,"2,100,337",0.0,2303611.73,2508831.2,-33.32,-0.63,8.8,7.68,119.49,78.35,-78.35,-86.08,NaN,"5,760 M"
05/11/2026,1630,SILJ,33.78,+6.39%,,.8964,1.45,<empty>,41.1,11.71,30.87,31.15,26.63,4.0,0.43,0.83,"8,074,057",0.0,5757068.3,6563618.21,39.18,-1.66,10.28,8.83,40.5,26.35,-26.35,-28.08,NaN,"4,396 M"
05/11/2026,1630,SITM,901.48,+8.21%,Information Technology,2.927,121.64,$1.39,901.81,186.49,580.26,448.47,342.56,5.0,1.0,1.0,"692,954",-100980.36,479403.33,442621.19,42.77,156.88,64.51,44.62,591.11,305.44,-305.44,-448.17,60.0,"23,796 M"
05/11/2026,1630,SIVR,81.91,+6.74%,,.4788,3.52,<empty>,115.26,30.3392,73.33,73.32,60.32,4.0,0.33,0.82,"3,116,951",0.0,2470382.93,2709830.18,32.86,0.12,14.05,11.15,90.5,63.31,-63.31,-67.08,NaN,"5,984 M"
05/11/2026,1630,SJM,99.22,-0.03%,Consumer Staples,.2552,1.36,$9.11,119.39,88.25,96.39,99.15,104.16,-1.0,0.65,-0.85,"2,309,589",-300128.51,1924408.38,2183080.42,74.08,-7.81,4.08,2.47,119.51,88.2,-88.2,100.02,20.0,"10,582 M"
05/11/2026,1630,SKYY,128.16,-1.33%,,1.211,5.03,<empty>,143.74,103.76,121.36,115.14,124.69,-3.0,-1.0,-0.81,"197,769",200136.15,326758.89,319007.05,-76.3,13.07,7.49,-1.13,125.06,104.21,-104.21,131.02,NaN,"2,653 M"
05/11/2026,1630,SLG,44.22,-3.34%,Real Estate,1.607,1.2,$0.83,66.91,34.77,43.05,39.95,48.0,-1.0,-0.99,-0.51,"825,870",-100561.36,1332972.62,1412059.0,-49.47,16.92,4.12,-1.1,45.14,35.3,-35.3,47.02,50.0,"3,145 M"
05/11/2026,1630,SLV,78.00,+6.83%,,.4817,3.36,<empty>,109.83,29.095,69.79,69.79,57.45,4.0,0.33,0.82,"37,579,741",0.0,3.580241276E7,4.43749581E7,19.35,0.12,14.15,11.22,85.5,60.31,-60.31,-64.08,NaN,"41,660 M"
05/11/2026,1630,SLX,108.66,+0.47%,,1.239,2.7,<empty>,109.36,61.3668,103.0,96.49,84.67,2.0,0.98,0.67,"38,478",-200238.41,43707.01,44430.49,176.35,16.86,6.85,0.1,104.06,85.35,-85.35,109.02,NaN,167 M
05/11/2026,1630,SMCI,33.52,-5.23%,Information Technology,1.672,3.11,($11.46),62.358,19.48,29.13,27.75,37.18,-1.0,1.0,-0.95,"39,260,674",201089.04,4.017226088E7,3.703863974E7,31.72,5.44,20.36,-3.29,34.62,19.34,-19.34,-25.08,59.0,"20,128 M"
05/11/2026,1630,SMH,576.31,+1.72%,,1.681,29.18,<empty>,578.0598,234.05,499.67,437.96,370.35,2.0,1.0,0.86,"12,632,270",100548.45,9606673.1,9064644.44,125.63,43.71,13.84,4.83,512.06,360.29,-360.29,-448.17,NaN,"64,715 M"
05/11/2026,1630,SMIN,67.26,-2.63%,,.4607,0.92,<empty>,78.535,57.7758,66.91,63.92,69.47,-1.0,-0.95,-0.37,"128,700",200122.35,192819.06,178496.06,119.3,6.12,0.67,-1.65,69.62,58.29,-58.29,69.02,NaN,632 M
05/11/2026,1630,SMPL,11.37,-7.26%,Consumer Staples,.1828,0.63,$1.48,36.92,10.21,12.58,13.71,20.38,-8.0,-0.5,-0.5,"3,343,548",-101069.22,2925238.33,2710790.4,-2.79,-23.33,-14.77,-9.98,18.52,10.22,-10.22,14.08,31.0,"1,029 M"
05/11/2026,1630,SN,107.49,-3.74%,Consumer Discretionary,1.377,2.48,<empty>,133.99,80.69,115.44,110.87,110.28,-4.0,-0.5,-0.32,"1,945,921",100349.04,1852796.34,1868983.74,96.6,-2.42,-7.95,-6.93,134.58,97.35,-97.35,124.14,65.0,"15,212 M"
05/11/2026,1630,SNAP,5.75,-5.43%,Communication Services,.5,0.2,$0.36,10.41,3.81,5.95,5.22,6.96,-6.0,-0.93,-0.48,"46,042,847",-100099.19,5.224345089E7,5.240175647E7,-21.93,18.31,-5.12,-5.89,6.06,4.3,6.04,6.04,59.0,"9,529 M"
05/11/2026,1630,SNDR,29.84,-2.96%,Industrials,1.127,0.48,$1.48,33.34,20.11,30.03,27.62,25.74,-6.0,-0.79,-0.32,"819,733",100145.17,1064038.67,1017270.47,-5.66,18.7,-2.36,-3.43,33.06,23.36,33.06,33.06,56.0,"5,226 M"
05/11/2026,1630,SNOW,151.50,-0.62%,Information Technology,1.058,5.72,$3.31,280.67,118.3,144.99,155.57,205.11,3.0,0.69,0.88,"4,786,717",-300970.22,6592836.39,6985562.52,-7.24,-15.57,5.03,8.42,189.61,118.21,-118.21,157.02,11.0,"52,374 M"
05/11/2026,1630,SOFI,16.26,+3.24%,Financials,2.164,1.24,($3.47),32.73,12.74,17.55,17.29,23.6,4.0,0.62,0.39,"70,220,677",-300665.09,6.596876612E7,6.57417271E7,6.93,-12.25,-13.33,-0.25,22.62,15.26,-15.26,-16.08,53.0,"20,857 M"
05/11/2026,1630,SOLZ,9.92,+6.32%,,1.796,0.43,<empty>,27.12,7.683,8.75,8.77,14.81,7.0,0.99,0.79,"2,355,746",300373.48,1859329.02,2116046.0,170.61,12.1,17.12,10.1,10.38,8.53,-8.53,-8.08,NaN,121 M
05/11/2026,1630,SOYB,25.08,+0.32%,,.0606,0.23,<empty>,25.28,21.06,24.7,24.43,22.91,2.0,0.62,0.57,"114,611",100116.17,131966.34,115009.68,22.47,1.46,1.7,1.25,25.41,23.62,25.05,25.05,NaN,71 M
05/11/2026,1630,SPDN,8.79,-0.34%,,-.9823,0.12,<empty>,11.16,8.77,9.07,9.48,9.59,-2.0,0.0,-0.55,"30,608,819",-200224.29,7.956832383E7,7.00574391E7,-60.81,-8.53,-3.09,-0.68,10.29,9.03,10.29,9.17,NaN,214 M
05/11/2026,1630,SPG,201.00,-0.55%,Real Estate,1.356,1.33,$9.81,208.28,155.44,202.76,195.55,185.66,-3.0,-0.72,-0.36,"1,719,631",-200129.34,1535277.72,1536457.49,25.93,6.04,-0.14,-2.19,208.14,178.33,208.14,-198.08,0.0,"65,294 M"
05/11/2026,1630,SPGI,421.00,+0.21%,Financials,1.093,7.86,$18.38,579.05,381.605,432.53,430.25,486.92,-2.0,-0.7,-0.59,"2,100,334",0.0,1963077.33,2440694.81,36.77,-1.86,-3.71,-0.61,457.13,382.6,457.13,-416.04,55.0,"124,616 M"
05/11/2026,1630,SPHD,49.61,+0.04%,,.6239,0.32,<empty>,53.07,46.385,49.69,49.9,49.2,-3.0,-0.39,-0.67,"755,355",0.0,830647.88,864644.15,105.79,-1.37,0.77,-0.78,53.58,48.35,-48.35,50.06,NaN,"3,250 M"
05/11/2026,1630,SPHR,126.91,-4.82%,Communication Services,1.695,5.49,$9.26,149.0,34.67,134.47,123.37,86.18,-3.0,-0.53,-0.04,"753,505",-100364.36,846222.61,838604.13,82.89,11.61,-5.32,-11.84,146.06,95.61,149.04,149.04,60.0,"4,542 M"
05/11/2026,1630,SPLV,72.66,+0.04%,,.5684,0.55,<empty>,77.735,69.63,73.77,74.1,73.14,-6.0,-0.28,-0.48,"2,260,535",100016.49,2965363.97,3086111.5,16.91,-2.68,-1.28,-0.93,78.49,72.33,-72.33,75.06,NaN,"7,098 M"
05/11/2026,1630,SPMO,146.07,+1.57%,,1.084,5.37,<empty>,146.79,100.73,132.83,123.3,120.14,2.0,1.0,0.81,"2,318,012",-200018.06,1782394.89,1650504.68,52.14,23.06,10.57,3.16,135.06,107.29,-107.29,-126.17,NaN,"18,571 M"
05/11/2026,1630,SPOT,419.50,+0.40%,Communication Services,1,38.36,$17.81,785.0,405.0,476.8,491.81,583.71,4.0,-0.27,0.14,"1,964,270",-100249.1,2057343.74,2513179.15,19.94,-18.44,-15.39,-1.35,571.44,411.03,571.44,-411.03,53.0,"86,258 M"
05/11/2026,1630,SPX,7412.84,+0.19%,,1,100.51,<empty>,7428.97,5767.41,7180.2,6873.97,6758.66,-1.0,1.0,-0.49,<empty>,NaN,NaN,NaN,NaN,9.4,3.33,0.65,7273.06,6317.29,-6317.29,-7009.17,NaN,0
05/11/2026,1630,SPY,739.30,+0.23%,,1,10.08,<empty>,740.79,575.6,715.72,685.35,673.95,2.0,1.0,0.49,"43,421,389",100225.29,7.523515822E7,7.627490082E7,-26.33,9.31,3.37,0.75,725.06,629.29,-629.29,-699.17,NaN,"763,832 M"
05/11/2026,1630,STKL,6.50,0.00%,Consumer Staples,1.021,0.01,$0.16,6.94,3.32,6.49,6.47,5.53,10.0,-0.52,0.46,<empty>,100038.59,1719189.32,2712623.84,328.3,0.62,0.46,0.15,7.43,5.62,7.43,7.12,4.0,769 M
05/11/2026,1630,STLD,235.97,+0.37%,Materials,1.456,5.16,$4.54,243.725,119.89,222.09,196.71,166.7,-3.0,-0.95,-0.41,"755,787",200444.15,1173423.34,1193969.38,-69.17,28.06,4.86,-2.43,231.06,162.36,-162.36,244.03,49.0,"34,030 M"
05/11/2026,1630,STZ,142.41,-3.91%,Consumer Staples,.4126,4.35,$10.23,196.91,126.45,155.27,153.63,149.22,-2.0,-0.04,-0.09,"2,438,260",100828.23,1947703.86,2045085.51,78.26,-5.03,-8.17,-6.49,169.2,145.44,169.2,166.16,36.0,"24,523 M"
05/11/2026,1630,SU,65.12,+1.73%,Energy,.2993,2.01,$4.31,70.29,34.67,64.79,63.25,48.99,-4.0,-0.28,-0.37,"2,116,381",-100240.49,4945060.39,4811115.05,-50.04,11.76,1.01,1.24,69.07,54.62,70.04,70.04,59.0,"76,890 M"
05/11/2026,1630,SVV,7.54,-6.45%,Consumer Discretionary,.7572,0.33,<empty>,13.89,6.905,8.44,8.18,10.17,-3.0,-0.73,-0.3,"1,541,553",-100090.3,1130871.78,1186856.51,31.81,-6.1,-13.73,-11.92,12.62,7.3,-7.3,9.14,56.0,"1,161 M"
05/11/2026,1630,SWBI,14.40,-0.96%,Consumer Discretionary,.9709,0.34,$1.22,15.79,7.73,14.99,14.44,10.9,-6.0,-0.43,0.0,"474,214",100945.46,625393.7,565360.28,-14.62,2.78,-5.26,-3.42,16.08,11.54,16.05,-14.02,26.0,641 M
05/11/2026,1630,SWKS,70.13,+5.02%,Information Technology,1.442,3.72,$4.49,90.9,51.93,63.65,58.63,66.17,1.0,0.94,0.63,"5,642,165",-100546.04,3603533.69,3465117.64,154.05,26.7,12.89,7.95,70.07,52.29,73.04,73.04,59.0,"10,548 M"
05/11/2026,1630,SXT,117.33,-0.39%,Materials,.7869,8.11,$0.52,129.35,82.6,109.71,98.11,99.23,-9.0,-0.9,-0.25,"348,750",300136.08,392449.85,409679.34,-12.24,28.98,-5.86,-1.5,129.09,83.59,129.09,129.09,52.0,"4,995 M"
05/11/2026,1630,SYF,70.28,-3.91%,Financials,1.33,1.95,$27.15,88.77,55.67,75.68,70.81,74.26,-3.0,-0.57,-0.22,"4,483,081",0.0,3827670.17,4184360.24,-32.19,7.77,-8.43,-6.48,80.14,63.41,80.14,80.14,49.0,"23,640 M"
05/11/2026,1630,SYY,72.57,+0.18%,Consumer Staples,.6673,1.33,$3.79,91.845,68.19,74.27,77.97,78.89,-3.0,0.32,-0.64,"3,188,539",100333.29,5045839.15,4785190.63,-8.73,-14.18,-3.7,-1.04,92.58,68.28,-68.28,-72.09,53.0,"34,702 M"
05/11/2026,1630,T,24.87,-1.15%,Communication Services,.194,0.46,$2.44,29.79,22.95,25.86,27.17,26.67,-4.0,-0.02,-0.4,"37,306,552",100233.36,3.991725936E7,4.016534491E7,-16.15,-8.43,-2.55,-2.74,29.33,25.19,29.33,27.12,50.0,"172,805 M"
05/11/2026,1630,TAN,63.05,+1.79%,,1.286,1.81,<empty>,64.14,30.57,57.94,56.29,49.81,2.0,0.84,1.0,"1,561,056",-100340.51,1228153.01,1292028.8,78.79,13.13,7.43,4.27,61.57,52.44,-52.44,-54.17,NaN,"1,806 M"
05/11/2026,1630,TAP,41.44,-2.29%,Consumer Staples,.4386,0.6,$5.96,57.57,40.64,42.89,43.61,46.86,-1.0,-0.44,-0.54,"3,189,311",-200335.08,3098963.88,3243296.06,58.73,-7.85,-2.7,-3.09,55.6,41.05,-41.05,-41.05,58.0,"7,772 M"
05/11/2026,1630,TBIL,49.91,0.00%,,.0036,0.05,<empty>,50.02,49.81,49.92,49.91,49.93,7.0,0.28,0.52,"1,657,984",400000.3,2495059.04,2392246.5,-3.61,0.0,-0.16,0.04,50.3,50.51,50.3,-50.09,NaN,"7,099 M"
05/11/2026,1630,TCEHY,59.48,-0.57%,Communication Services,.249,1.23,$2.99,87.68,59.19,62.36,64.19,74.46,-2.0,-0.44,-0.4,"3,297,661",-200200.13,4006714.14,3717231.17,-11.1,-16.41,-2.54,-2.17,74.43,59.03,74.43,68.16,2.0,"537,515 M"
05/11/2026,1630,TCNNF,8.52,-3.18%,Health Care,1.69,0.69,$1.17,11.83,3.25,8.42,7.05,7.21,-9.0,-0.86,-0.18,"309,298",101400.12,381400.56,341708.64,-47.78,32.3,-9.55,-12.97,10.09,5.29,10.09,10.09,NaN,"1,638 M"
05/11/2026,1630,TEAM,87.31,-4.68%,Information Technology,.9425,10.43,$4.59,232.36,56.0101,76.49,73.42,131.27,-4.0,-1.0,-0.86,"7,901,685",100779.07,7839988.24,7936544.05,29.65,15.72,26.13,-1.68,97.62,56.21,-56.21,96.05,61.0,"22,156 M"
05/11/2026,1630,TEVA,35.84,+0.31%,Health Care,.8468,2.16,$1.02,37.345,14.99,33.34,31.49,26.46,-3.0,0.85,-0.81,"5,181,668",-100338.08,7048417.02,6886334.21,38.98,17.62,14.65,-1.38,36.07,28.25,-28.25,37.02,54.0,"41,733 M"
05/11/2026,1630,TFLO,50.54,0.00%,,-.0009,0.05,<empty>,50.67,50.39,50.56,50.56,50.54,3.0,0.23,0.24,"1,162,672",-100002.04,1828125.06,1754740.38,-36.69,0.0,-0.14,0.04,51.29,50.49,51.29,-50.06,NaN,"6,641 M"
05/11/2026,1630,TGS,30.28,+3.17%,Energy,.5638,0.6,$0.21,36.3499,19.74,30.58,31.59,28.89,1.0,0.06,0.54,"259,776",100857.04,355026.01,320829.91,27.5,-3.63,-0.49,-4.06,36.28,28.58,36.28,33.03,59.0,"4,559 M"
05/11/2026,1630,TGT,118.44,-5.44%,Consumer Staples,.9985,3.04,$6.24,133.1,83.44,127.31,122.09,104.14,-3.0,-0.43,0.0,"7,375,297",-100136.36,5595053.03,5618267.78,28.36,-0.29,-8.7,-9.03,133.14,111.5,133.14,133.14,7.0,"53,793 M"
05/11/2026,1630,THC,191.68,+0.68%,Health Care,1.318,5.63,$37.93,247.21,146.6,188.12,201.76,197.78,1.0,0.35,0.69,"959,681",100245.07,1295118.09,1292250.19,-54.16,-18.29,3.31,-1.45,247.46,168.07,-168.07,-168.07,49.0,"16,511 M"
05/11/2026,1630,THD,70.98,-1.09%,,.446,1.04,<empty>,75.06,48.08,70.64,68.91,62.93,-1.0,-0.32,-0.67,"31,129",-100120.19,140729.91,142785.51,-35.49,5.92,1.52,-1.87,75.5,65.36,-65.36,-68.12,NaN,259 M
05/11/2026,1630,TIGR,6.38,-1.24%,Financials,.4955,0.19,$7.42,13.55,5.95,6.81,6.87,9.05,-3.0,-0.52,-0.48,"1,978,336",0.0,2462141.04,2334224.44,-19.29,-16.05,-5.76,-7.94,9.62,6.28,-6.28,7.16,12.0,"1,139 M"
05/11/2026,1630,TIP,111.31,-0.08%,,.2787,0.25,<empty>,112.26,107.98,111.4,111.06,110.87,2.0,-0.59,0.43,"1,752,872",-100006.29,2431784.47,2403090.24,64.72,0.22,-0.41,0.14,112.5,110.3,-110.3,-111.02,NaN,"15,060 M"
05/11/2026,1630,TJX,148.91,-2.90%,Consumer Discretionary,.6247,2.38,$4.41,165.82,119.8405,156.88,157.86,148.91,-2.0,0.0,-0.23,"5,687,752",-100028.04,4426499.33,4620740.33,75.72,-5.68,-5.44,-4.21,166.22,150.61,166.22,161.15,7.0,"164,667 M"
05/11/2026,1630,TKO,184.50,-1.23%,Communication Services,.7852,1.53,$21.29,226.94,152.29,186.74,194.94,195.03,-2.0,-0.2,-0.64,"2,140,442",200242.29,1444677.93,1318880.83,86.26,-8.68,-0.91,-3.13,227.51,181.07,-181.07,-181.07,60.0,"13,832 M"
05/11/2026,1630,TKR,117.39,-0.49%,Industrials,1.15,4.58,$5.50,123.67,67.14,109.61,104.58,88.91,-1.0,0.75,-0.85,"1,010,222",100132.04,801942.57,799024.52,60.14,13.61,7.99,-1.93,112.07,94.35,-94.35,124.03,54.0,"8,158 M"
05/11/2026,1630,TLT,85.56,-0.60%,,.5349,0.51,<empty>,92.185,83.295,86.22,86.81,88.18,-1.0,-0.26,-0.56,"17,646,564",100016.35,3.309512724E7,3.387356101E7,-10.87,-1.81,-0.83,-0.6,91.5,85.05,-85.05,-85.05,NaN,"42,874 M"
05/11/2026,1630,TME,9.19,-0.54%,Communication Services,.7489,0.17,$0.84,26.7,8.78,9.46,10.52,17.98,-3.0,0.95,-0.7,"7,717,409",-200962.38,1.066339935E7,9675436.85,-15.58,-31.16,-1.82,-4.96,17.62,9.26,-9.26,-9.07,1.0,"14,241 M"
05/11/2026,1630,TMO,452.60,-2.67%,Health Care,.884,13.21,$17.97,643.99,385.46,487.48,489.37,527.66,-1.0,-0.38,-0.46,"3,952,861",-300332.01,2136865.41,2185055.97,84.59,-8.7,-3.3,-4.3,551.62,456.12,551.62,538.14,50.0,"168,196 M"
05/11/2026,1630,TMUS,190.85,-1.44%,Communication Services,.3237,3.95,$14.02,261.56,181.36,193.06,203.1,215.36,-2.0,-0.25,-0.5,"4,442,608",-100140.15,5836900.64,6171249.22,-60.1,-10.58,4.43,-1.2,225.53,182.1,-182.1,-182.1,50.0,"206,539 M"
05/11/2026,1630,TNET,41.89,-2.13%,Industrials,1.012,1.74,$5.85,86.78,33.605,41.16,38.76,55.07,-7.0,-0.96,-0.73,"497,152",200462.51,451537.88,556645.74,7.48,15.72,3.95,2.45,54.62,34.53,-34.53,46.06,52.0,"1,925 M"
05/11/2026,1630,TNX:CGI,44.10,+1.05%,,.0833,0.43,<empty>,46.29,39.47,43.41,42.95,41.85,1.0,0.66,0.49,<empty>,NaN,NaN,NaN,NaN,4.8,1.71,1.24,45.3,40.5,45.3,45.05,NaN,0
05/11/2026,1630,TOKE,5.24,0.00%,,.886,0.07,<empty>,7.334,4.27,5.21,5.47,5.74,1.0,0.34,0.36,<empty>,0.0,22074.62,51471.83,22.71,-7.91,-0.37,0.77,6.62,5.12,-5.12,-5.12,NaN,13 M
05/11/2026,1630,TOST,24.19,-3.43%,Financials,1.783,1.54,$1.12,49.66,23.93,28.29,27.8,34.57,-2.0,-0.71,-0.14,"14,582,999",-100154.02,1.062729268E7,1.15415279E7,86.86,-15.71,-15.57,-14.55,31.45,24.53,31.45,30.05,59.0,"14,023 M"
05/11/2026,1630,TPB,92.71,-0.76%,Consumer Staples,.9607,6.13,$0.07,146.9,65.8,81.09,84.79,99.01,3.0,0.68,1.0,"536,709",-201366.28,556826.92,485556.16,-50.47,2.05,16.06,14.09,147.51,66.27,-66.27,-68.13,59.0,"1,796 M"
05/11/2026,1630,TPL,402.63,+2.14%,Energy,.6357,15.97,$0.62,547.2,269.233333333333,426.58,469.18,360.65,-7.0,-0.13,-0.47,"345,831",100652.22,481449.59,550467.28,14.96,-23.28,-7.84,-4.08,547.54,370.22,-370.22,455.02,60.0,"27,771 M"
05/11/2026,1630,TPR,133.34,-0.10%,Consumer Discretionary,1.46,5.46,$8.53,161.97,76.29,144.92,145.17,125.25,-3.0,-0.01,-0.16,"3,038,371",-200139.02,2009438.51,2106260.08,19.28,-8.31,-8.96,-10.41,162.51,136.29,162.51,-129.02,65.0,"26,941 M"
05/11/2026,1630,TPYP,42.1514,+1.47%,,.6035,0.77,<empty>,43.61,33.94,41.78,42.09,37.59,-5.0,-0.27,-0.52,"80,288",200020.12,149617.16,129862.35,32.16,0.58,1.74,0.03,44.33,39.62,44.33,44.07,NaN,859 M
05/11/2026,1630,TRIP,9.66,-7.56%,Communication Services,.8942,0.45,$1.54,20.16,9.01,11.11,10.55,14.08,-5.0,-0.74,-0.23,"3,988,849",200660.27,3670571.73,3900428.71,25.19,-1.73,-13.67,-13.6,13.62,9.36,-9.36,12.14,60.0,"1,124 M"
05/11/2026,1630,TRP,65.51,+1.17%,Energy,.717,2.15,$2.54,67.31,46.29,63.13,63.44,56.32,-5.0,0.6,-0.64,"3,259,354",-200028.29,2657307.79,2615753.47,24.06,3.75,5.81,0.03,67.06,59.16,67.06,67.06,55.0,"68,246 M"
05/11/2026,1630,TRU,69.99,-2.79%,Industrials,1.609,1.57,$3.59,99.39,65.235,72.61,71.99,80.87,-1.0,-0.64,-0.53,"1,580,226",0.0,2386870.12,2606805.82,-31.72,-2.26,-1.69,-1.0,80.48,65.3,-65.3,-67.04,51.0,"13,494 M"
05/11/2026,1630,TSLA,445.00,+3.89%,Consumer Discretionary,1.723,20.82,$2.17,498.83,273.21,391.39,384.04,405.08,4.0,0.88,1.0,"77,799,405",-100047.13,6.40283095E7,6.248708318E7,53.97,9.12,17.52,11.6,436.61,337.24,-337.24,-364.1,50.0,"1,671,297 M"
05/11/2026,1630,TSM,404.54,-1.73%,Information Technology,1.388,9.92,$1.26,420.0,184.61,391.32,363.88,310.5,-2.0,-0.97,-0.56,"14,609,178",100252.12,1.405082388E7,1.356146139E7,48.95,14.1,-0.11,-3.57,415.1,314.29,-314.29,420.02,46.0,"2,098,106 M"
05/11/2026,1630,TSN,67.08,-1.90%,Consumer Staples,.4167,2.05,$3.45,69.4842,50.56,65.35,63.61,58.65,-1.0,-0.7,-0.75,"3,400,066",100528.06,2918743.63,2914940.09,53.34,12.16,5.46,-1.48,66.62,58.34,69.04,69.04,57.0,"23,621 M"
05/11/2026,1630,TT,476.50,+2.22%,Industrials,1.216,7.13,$14.11,503.47,348.06,478.23,450.38,426.76,1.0,-0.56,0.28,"1,510,513",100030.08,1326001.24,1311040.95,46.13,10.19,-1.93,-2.39,503.07,403.29,503.07,503.07,54.0,"105,333 M"
05/11/2026,1630,TTD,21.52,-6.76%,Communication Services,1.166,0.78,$1.72,91.45,19.74,23.27,23.69,39.83,-4.0,-0.92,-0.43,"21,679,046",-100573.47,2.07884814E7,2.031215185E7,11.71,-21.11,-7.0,-10.37,33.46,20.22,-20.22,25.06,61.0,"10,117 M"
05/11/2026,1630,TTE,90.69,+2.50%,Energy,.1926,1.63,$4.99,93.67,57.26,90.13,87.92,70.66,1.0,-0.23,0.34,"893,182",500228.22,2249954.76,2061625.55,-23.72,11.54,2.2,0.81,94.07,74.62,94.07,94.07,NaN,"201,183 M"
05/11/2026,1630,TTWO,221.47,+0.46%,Communication Services,.9761,4.85,$2.66,264.785,187.63,216.31,208.45,231.39,-4.0,-0.99,-0.66,"2,057,775",0.0,1722099.41,1954937.34,76.48,4.92,3.6,-0.24,221.13,188.3,227.05,227.05,8.0,"41,011 M"
05/11/2026,1630,TUA,20.79,-0.57%,,-.0567,0.12,<empty>,22.305,20.66,21.02,21.15,21.73,-1.0,-0.53,-0.49,"111,933",100124.31,555701.12,519564.13,18.12,-3.12,-1.38,-0.72,22.5,21.31,-21.31,-21.05,NaN,785 M
05/11/2026,1630,TUR,43.74,+0.41%,,.3442,0.57,<empty>,43.98,29.64,42.73,40.52,36.8,4.0,0.63,0.56,"276,212",100337.45,366166.84,384629.07,99.65,11.33,1.56,0.39,43.16,37.45,-37.45,-42.08,NaN,280 M
05/11/2026,1630,TWLO,198.59,-1.54%,Information Technology,1.376,25.28,$5.89,203.71,91.84,159.65,139.33,123.75,-2.0,1.0,-0.92,"1,975,264",300458.06,2314795.14,2513869.15,-9.88,56.77,39.27,3.76,184.06,105.59,-105.59,-135.17,61.0,"30,141 M"
05/11/2026,1630,TXG,20.50,-5.09%,Health Care,2.169,0.75,$1.04,26.445,8.065,22.73,21.51,17.22,-2.0,-0.21,-0.32,"2,878,686",100380.02,2460088.82,2561133.79,-28.13,0.2,-7.99,-9.85,26.16,16.39,26.16,-20.08,61.0,"2,644 M"
05/11/2026,1630,TXRH,183.54,+3.47%,Consumer Discretionary,.7609,7.78,$5.36,199.99,153.825,162.16,166.07,172.21,2.0,0.51,1.0,"2,262,711",200330.01,1092583.14,1123063.61,193.55,6.63,16.26,14.94,191.57,154.05,-154.05,-154.05,61.0,"12,087 M"
05/11/2026,1630,TXT,91.66,+0.71%,Industrials,.9237,2.27,$4.85,101.57,72.0,91.11,91.3,86.9,-3.0,-0.51,-0.67,"1,287,554",-100129.08,1445255.9,1488935.78,-17.82,-1.73,3.59,-1.54,102.57,86.29,-86.29,98.07,51.0,"15,939 M"
05/11/2026,1630,TYX:CGI,49.86,+0.79%,,.0231,0.33,<empty>,51.53,45.28,49.38,48.92,48.01,1.0,0.75,0.46,<empty>,NaN,NaN,NaN,NaN,2.66,0.89,0.87,50.3,46.5,50.05,50.05,NaN,0
05/11/2026,1630,U,26.87,-4.58%,Information Technology,2.102,0.91,$1.08,52.15,16.78,26.27,22.68,34.27,-1.0,-0.85,-0.65,"14,191,739",-100494.31,1.434866703E7,1.705215803E7,7.52,34.08,0.86,-1.5,29.62,17.54,-17.54,31.02,59.0,"11,730 M"
05/11/2026,1630,UA,5.88,-5.92%,Consumer Discretionary,1.678,0.12,($0.11),7.9067,3.95,6.15,6.1,5.42,-1.0,-0.33,-0.57,"3,354,679",0.0,2529232.45,2810665.2,24.69,-6.67,-5.16,-5.92,8.55,5.26,-5.26,7.14,1.0,"2,504 M"
05/11/2026,1630,UAA,6.06,-5.75%,Consumer Discretionary,1.751,0.12,($0.11),8.15,4.13,6.34,6.28,5.6,-1.0,-0.34,-0.56,"13,886,711",0.0,8537707.55,8847114.78,75.45,-7.06,-5.61,-6.19,8.55,5.26,-5.26,7.14,1.0,"2,581 M"
05/11/2026,1630,UAE,19.20,-1.89%,,.4247,0.22,<empty>,22.29,16.99,19.55,19.0,19.58,-1.0,-0.64,-0.55,"513,309",100338.35,851155.37,789302.89,-59.09,2.78,-1.34,-2.83,22.57,17.35,-17.35,-19.12,NaN,282 M
05/11/2026,1630,UAL,96.62,-2.97%,Industrials,1.241,3.75,$9.90,119.21,71.55,94.67,93.77,100.93,-1.0,0.65,-0.8,"4,164,746",-300458.14,8350951.39,7747869.02,-57.64,6.55,5.14,-3.42,119.61,85.29,-85.29,-88.08,50.0,"31,360 M"
05/11/2026,1630,UBER,76.15,+0.93%,Industrials,2,1.45,$4.72,101.99,68.46,75.62,74.29,84.74,-2.0,0.95,-0.57,"18,969,692",100237.04,1.670088352E7,1.781152202E7,62.16,1.57,-0.16,-3.81,79.38,68.3,-68.3,81.02,59.0,"155,011 M"
05/11/2026,1630,UFO,56.30,+3.30%,,1.247,1.84,<empty>,57.1145,23.26,52.48,48.94,40.3,2.0,0.67,0.59,"1,927,775",300351.01,787800.81,704622.34,74.65,23.98,11.18,6.83,56.16,42.6,-42.6,-49.08,NaN,821 M
05/11/2026,1630,UGA,119.57,+2.42%,,.0818,4.51,<empty>,124.6,57.63,111.2,101.84,74.21,-5.0,-0.71,-0.41,"37,721",-200176.28,98345.48,81007.17,-32.03,33.91,7.17,4.36,120.07,67.58,125.05,125.05,NaN,143 M
05/11/2026,1630,UHAL,51.94,-1.67%,Industrials,1.085,0.86,($8.17),67.635,41.945,52.14,49.39,53.45,-1.0,-0.76,-0.48,"177,320",100349.21,234175.04,224379.45,-13.11,9.58,-1.22,-0.31,54.13,42.35,54.13,-50.05,11.0,"9,867 M"
05/11/2026,1630,UHS,168.23,-1.02%,Health Care,1.135,5.71,$14.11,246.325,152.3278,173.59,182.34,200.64,6.0,0.2,0.56,"916,715",100536.09,811298.47,821541.04,71.15,-9.67,-6.28,-0.15,244.6,159.08,-159.08,-159.08,53.0,"10,184 M"
05/11/2026,1630,UL,57.24,-1.99%,Consumer Staples,.4465,0.86,$3.64,74.975,54.95,58.09,60.47,66.32,-3.0,-0.52,-0.76,"3,639,272",100232.28,4793285.4,4620287.14,1.64,-12.11,-0.45,-4.12,75.59,55.27,-55.27,61.06,53.0,"124,832 M"
05/11/2026,1630,ULS,97.73,-2.70%,Industrials,.6209,5.98,$2.24,107.54,61.64,93.01,87.54,78.19,-3.0,-0.99,-0.76,"683,859",-100145.36,768400.68,812066.58,46.85,17.99,10.32,-6.83,94.14,68.59,-68.59,108.03,58.0,"19,699 M"
05/11/2026,1630,ULTA,511.98,-1.84%,Consumer Discretionary,.9036,15.53,$23.82,714.9699,402.5,540.88,554.71,567.98,-3.0,-0.48,-0.61,"581,821",-300337.4,762134.06,700066.03,-5.64,-21.55,-5.13,-4.32,715.57,499.33,-499.33,579.13,15.0,"22,302 M"
05/11/2026,1630,UNG,11.22,+6.15%,,.1056,0.27,<empty>,18.54,9.95,10.66,11.42,12.6,1.0,0.41,0.51,"10,182,277",0.0,1.117854769E7,1.084589716E7,111.92,-12.89,6.96,7.37,13.44,10.08,-10.08,-10.08,NaN,563 M
05/11/2026,1630,UNH,384.44,+1.17%,Health Care,.5702,9.12,$21.68,387.21,234.6,353.46,311.77,317.98,2.0,0.97,0.58,"6,938,372",-100145.36,8502225.66,8509298.37,-73.41,34.77,8.39,4.67,373.06,256.3,-256.3,-313.17,53.0,"349,127 M"
05/11/2026,1630,UNP,263.35,-0.49%,Industrials,.9905,5.04,$9.61,274.79,210.84,261.04,252.54,236.14,-10.0,-0.66,-0.47,"1,609,692",100325.13,2902220.51,3084332.47,-50.21,4.87,-2.07,-1.82,275.11,232.36,275.11,275.11,51.0,"156,354 M"
05/11/2026,1630,UPBD,17.99,-4.21%,Consumer Discretionary,1.923,0.52,$4.50,28.025,15.82,19.19,18.8,20.5,-3.0,-0.67,-0.38,"845,867",400250.08,878331.35,873789.47,-12.84,-1.69,-6.16,-5.37,24.56,17.35,-17.35,21.14,55.0,"1,049 M"
05/11/2026,1630,UPS,100.00,-0.77%,Industrials,1.06,4.1,$5.32,122.41,82.0,104.1,101.69,97.38,2.0,-0.44,0.42,"5,325,558",-200635.06,6544099.05,6279248.1,30.46,-0.79,-7.61,0.11,122.6,94.3,-94.3,-96.05,53.0,"85,001 M"
05/11/2026,1630,UPST,28.69,-0.93%,Financials,2.352,1.93,($2.97),87.3,23.965,31.95,28.9,45.71,-15.0,-0.73,-0.21,"3,767,526",0.0,4869392.31,5466177.83,-23.86,4.44,-13.35,-0.03,42.62,24.29,-24.29,-28.03,59.0,"2,746 M"
05/11/2026,1630,URA,57.23,+3.72%,,1.138,1.44,<empty>,62.28,27.1714,55.5,52.03,48.79,1.0,0.64,0.52,"4,686,956",0.0,3935768.33,4072984.18,28.72,11.43,0.93,-1.77,59.12,45.29,59.12,-53.08,NaN,"8,045 M"
05/11/2026,1630,URBN,68.40,-4.34%,Consumer Discretionary,1.17,2.11,$3.49,84.35,54.44,71.08,67.19,70.71,-1.0,-0.44,-0.27,"1,227,342",-100256.36,1510136.37,1530210.67,-2.51,5.34,-5.45,-4.5,77.14,60.33,77.14,77.14,7.0,"5,855 M"
05/11/2026,1630,URI,938.15,+0.12%,Industrials,1.721,41.88,$32.10,1021.47,681.98,895.96,814.55,870.52,-10.0,-0.9,-0.42,"493,289",100536.13,593350.82,589782.14,15.09,20.19,-2.26,-2.73,1001.11,702.36,1001.11,1001.11,50.0,"58,772 M"
05/11/2026,1630,URNJ,32.57,+6.23%,,1.572,0.98,<empty>,40.81,15.54,31.88,30.78,28.58,1.0,0.4,0.47,"320,432",0.0,365387.74,392225.89,1.94,0.77,1.62,0.46,37.49,26.29,-26.29,-30.04,NaN,480 M
05/11/2026,1630,URNM,68.19,+4.92%,,.9339,1.9,<empty>,84.95,35.9333,67.73,65.63,60.72,1.0,0.37,0.45,"863,520",0.0,719852.59,740379.32,-18.35,1.02,-0.8,-1.45,76.52,57.35,-57.35,-64.08,NaN,"2,454 M"
05/11/2026,1630,USCI,101.04,+2.08%,,.143,1.07,<empty>,101.21,69.3,98.23,95.13,82.63,1.0,0.53,0.33,"16,891",300029.14,26953.98,23920.28,122.59,10.45,2.57,2.27,100.06,80.58,-80.58,-93.16,NaN,389 M
05/11/2026,1630,USD/JPY,157.219,0.00%,,<empty>,0.96,<empty>,N/A,N/A,157.905,158.747,156.733,6.0,0.19,0.61,0,-100200.13,2.2515E7,2.731953125E7,-100.0,-0.954,0.091,0.332,161.12,155.06,-155.06,-155.06,NaN,<empty>
05/11/2026,1630,USFD,83.61,-0.94%,Consumer Staples,.8583,3.1,$3.78,102.13,69.875,90.93,91.22,82.32,-3.0,-0.01,-0.12,"3,530,283",-100028.03,2395871.07,2603127.68,25.97,-8.46,-8.12,-9.17,102.6,87.44,102.6,95.06,60.0,"18,413 M"
05/11/2026,1630,USPH,59.42,+0.22%,Health Care,1.181,5.69,$4.39,93.5,58.19,71.9,75.11,80.33,-3.0,-0.19,-0.08,"335,459",-101239.03,174979.22,190179.05,113.46,-25.58,-18.81,-19.32,91.6,69.07,91.6,79.16,60.0,905 M
05/11/2026,1630,UTI,36.75,+2.83%,Consumer Discretionary,1.223,0.92,$0.01,40.41,21.29,36.7,36.51,30.5,1.0,0.49,0.46,"768,651",200551.51,621104.38,724198.31,92.53,6.89,1.58,-0.57,40.32,26.62,40.32,-31.02,60.0,"2,024 M"
05/11/2026,1630,UTZ,7.21,-3.87%,Consumer Staples,.8492,0.24,$0.83,14.67,7.115,7.72,7.77,10.44,-3.0,-0.68,-0.46,"1,987,328",100254.04,1875416.44,1925229.18,-20.02,-4.12,-7.56,-13.13,11.61,7.32,-7.32,9.03,55.0,638 M
05/11/2026,1630,UUP,27.35,+0.04%,,-.1916,0.08,<empty>,28.45,26.395,27.42,27.55,27.54,-4.0,-0.54,-0.61,"958,703",100007.24,2977853.64,2574381.23,-41.59,-0.73,-0.36,0.0,28.29,27.62,28.29,28.08,NaN,357 M
05/11/2026,1630,V,323.86,+1.59%,Financials,.7638,8.38,$11.05,375.51,293.89,317.81,311.58,331.81,1.0,0.84,0.63,"9,582,993",-100024.09,7128898.45,7491949.48,40.78,4.82,4.59,1.59,342.08,294.27,342.08,342.08,54.0,"615,899 M"
05/11/2026,1630,VET,12.24,+3.82%,Energy,.3963,0.65,$1.42,14.82,6.22,12.51,12.59,9.46,1.0,-0.09,0.33,"1,251,422",101365.37,2512291.15,2295540.73,-38.65,5.25,-2.93,3.12,15.35,10.58,15.35,14.04,60.0,"1,875 M"
05/11/2026,1630,VFC,17.94,-5.48%,Consumer Discretionary,1.779,0.88,$0.79,22.2699,11.06,19.51,18.09,16.83,-1.0,-0.49,-0.25,"7,887,702",0.0,6256501.72,6196249.4,26.32,9.66,-7.33,-7.57,22.14,16.41,22.14,22.14,7.0,"7,019 M"
05/11/2026,1630,VG,11.62,+1.48%,Energy,1.41,0.68,($2.80),19.5,5.72,12.33,13.35,10.95,-5.0,-0.18,-0.52,"19,497,156",100815.36,2.987594841E7,2.518052592E7,-16.64,-6.74,-4.68,-3.17,18.33,9.58,18.33,14.05,1.0,"28,847 M"
05/11/2026,1630,VGK,87.82,-0.34%,,.8654,1.0,<empty>,90.745,73.52,87.33,85.08,82.8,-1.0,0.81,-0.47,"3,321,395",200127.29,4496927.07,4193988.26,-6.26,3.89,1.47,-1.58,91.5,79.35,-79.35,-85.08,NaN,"30,117 M"
05/11/2026,1630,VHT,267.95,-0.38%,,.6265,2.11,<empty>,298.6068,234.13,272.32,274.85,274.01,-3.0,-0.34,-0.52,"260,966",-100116.07,198022.89,206005.66,40.1,-5.23,-0.31,-1.89,296.5,265.3,-265.3,-265.08,NaN,"15,877 M"
05/11/2026,1630,VIK,80.91,-2.13%,Consumer Discretionary,1.243,1.9,$3.46,87.0,42.2004,81.78,76.39,68.19,-2.0,-0.69,-0.39,"3,086,676",-100359.03,2943272.14,2763622.14,-0.49,11.49,0.11,-5.97,87.14,66.44,87.14,-77.08,3.0,"36,092 M"
05/11/2026,1630,VIR,9.29,+1.86%,Health Care,1.705,0.47,($3.19),11.66,4.155,10.21,9.63,6.9,-3.0,-0.07,-0.01,"1,392,223",100582.52,2365290.28,3425710.43,-1.24,-5.4,-12.69,-9.72,12.15,7.61,12.15,12.15,60.0,"1,567 M"
05/11/2026,1630,VIX,18.38,+6.92%,,-6,0.78,<empty>,35.3,13.38,18.08,22.04,18.37,6.0,0.12,0.66,<empty>,NaN,NaN,NaN,NaN,-24.14,2.0,5.69,35.44,16.03,35.44,-16.03,NaN,0
05/11/2026,1630,VKTX,31.72,+1.24%,Health Care,.5424,0.99,($3.00),43.15,22.959,32.93,33.35,32.74,6.0,0.28,0.43,"1,953,724",100268.08,2380511.43,2534597.81,-40.94,-11.3,-3.84,-1.73,38.4,27.61,38.4,-29.07,55.0,"3,683 M"
05/11/2026,1630,VLO,248.13,+2.93%,Energy,.5748,7.14,$18.20,258.4299,125.1,239.81,237.56,186.06,1.0,0.39,0.5,"2,983,635",-100148.36,3981250.57,3613407.4,11.11,7.39,4.15,4.83,258.29,195.53,258.29,256.04,51.0,"73,678 M"
05/11/2026,1630,VLTO,86.57,-0.31%,Industrials,.7342,1.06,$4.20,110.11,84.99,88.8,89.66,98.86,-2.0,-0.56,-0.57,"1,553,088",-100127.36,1925476.57,2046965.08,17.89,-5.25,-0.67,-0.36,98.51,85.3,-85.3,-85.09,51.0,"21,262 M"
05/11/2026,1630,VMC,282.70,-0.36%,Materials,1.073,4.93,$8.48,331.09,252.35,291.71,282.21,292.46,-3.0,-0.68,-0.36,"922,517",400138.3,1242594.38,1277851.37,55.58,6.04,-2.96,-4.4,331.62,252.36,-252.36,306.08,55.0,"36,682 M"
05/11/2026,1630,VNM,19.49,-1.42%,,.9533,0.31,<empty>,19.85,12.6,19.06,18.03,18.14,-1.0,-0.96,-0.54,"599,852",-100141.43,943616.8,907213.9,-27.36,11.95,3.73,-0.23,19.13,16.33,-16.33,-19.17,NaN,592 M
05/11/2026,1630,VNO,31.04,-3.48%,Real Estate,1.541,1.01,$6.23,43.37,24.57,29.83,27.75,33.95,-1.0,-0.99,-0.61,"2,015,053",-100446.36,2145889.62,2285347.97,43.36,17.71,3.95,-1.65,33.61,25.3,-25.3,33.02,58.0,"5,839 M"
05/11/2026,1630,VRNS,28.00,-1.86%,Information Technology,.7889,1.47,$1.00,63.9,19.7,25.69,24.09,38.56,-2.0,1.0,-0.69,"1,826,285",0.0,2512356.74,2738635.09,-9.98,16.25,11.78,1.41,30.08,20.21,30.08,30.08,54.0,"3,215 M"
05/11/2026,1630,VRT,367.92,+8.22%,Industrials,2.072,18.08,$5.95,371.995,99.44,322.98,287.02,198.53,1.0,0.99,0.68,"7,261,723",-100569.36,7953275.13,7847427.72,-0.33,37.15,14.11,2.51,332.06,197.62,-197.62,-293.17,54.0,"141,321 M"
05/11/2026,1630,VRTX,435.17,+1.24%,Health Care,.2903,4.35,$14.55,507.92,362.5,432.21,446.85,435.05,4.0,0.25,0.78,"1,264,097",100432.44,1277698.3,1350468.71,28.08,-11.62,2.15,1.76,508.43,412.04,-412.04,-412.04,58.0,"110,449 M"
05/11/2026,1630,VSCO,46.04,-4.16%,Consumer Discretionary,2.127,2.04,$3.90,66.889,17.53,51.29,49.5,42.34,-3.0,-0.38,-0.41,"2,367,497",100673.45,2444675.51,2253540.86,43.46,1.93,-12.37,-10.64,66.51,42.3,-42.3,58.14,17.0,"3,657 M"
05/11/2026,1630,VTR,87.69,+0.49%,Real Estate,.7671,2.27,$2.89,88.76,61.76,85.62,84.98,77.02,-6.0,0.52,-0.56,"4,559,565",100023.08,3830220.97,3756104.57,11.79,2.19,3.53,1.24,88.07,79.13,-79.13,-79.13,55.0,"42,632 M"
05/11/2026,1630,VVIX,98.06,+1.32%,,-4.315,2.25,<empty>,147.14,81.72,96.25,110.06,102.52,3.0,0.18,0.65,<empty>,NaN,NaN,NaN,NaN,-19.94,4.47,4.65,141.45,91.09,-91.09,-91.09,NaN,0
05/11/2026,1630,VVV,34.50,-3.14%,Consumer Discretionary,1.043,1.2,$0.78,41.33,28.5,33.44,34.03,34.53,-1.0,0.41,-0.82,"2,440,672",-200136.02,2072531.84,2011366.49,27.07,-0.66,4.58,0.97,39.6,32.04,-32.04,-32.04,59.0,"4,400 M"
05/11/2026,1630,VXD,16.78,+2.32%,,-6.369,0.98,<empty>,42.71,2.43,17.14,21.44,17.28,6.0,0.12,0.52,<empty>,NaN,NaN,NaN,NaN,-33.07,-6.47,2.76,43.43,14.55,43.43,-16.06,NaN,0
05/11/2026,1630,VXN:CGI,24.74,+4.12%,,-5.007,0.73,<empty>,33.92,9.01,22.97,25.69,22.35,6.0,0.28,0.7,<empty>,NaN,NaN,NaN,NaN,-7.76,7.19,4.92,34.29,21.06,-21.06,-21.06,NaN,0
05/11/2026,1630,VXX,28.47,+1.46%,,-2.06,0.58,<empty>,59.36,25.635,28.88,31.71,32.49,19.0,0.21,0.65,"8,547,599",-101204.45,1.184586814E7,1.15713469E7,16.59,-11.75,-1.45,1.43,40.29,26.61,40.29,31.12,NaN,0
05/11/2026,1630,VZ,47.23,+0.02%,Communication Services,.237,0.55,$4.70,51.68,38.39,46.86,48.66,43.97,-6.0,0.23,-0.49,"18,545,137",100029.36,2.570546985E7,2.689139922E7,-36.0,-6.81,0.28,-0.44,52.33,44.19,-44.19,49.1,49.0,"197,212 M"
05/11/2026,1630,W,61.38,-7.36%,Consumer Discretionary,.0106,6.23,$2.81,119.98,34.46,72.39,73.86,87.11,-1.0,-0.34,-0.41,"4,360,512",-100868.08,3699877.81,4018639.06,76.76,-18.28,-18.99,-7.0,93.62,63.06,93.62,86.16,57.0,"8,102 M"
05/11/2026,1630,WBD,27.24,+0.48%,Communication Services,1.575,0.14,$0.93,30.0,8.82,27.16,27.39,23.16,9.0,0.08,0.4,"15,278,868",-100119.36,2.297578625E7,2.355644474E7,-37.91,-2.05,1.57,0.15,29.53,27.09,-27.09,-27.09,61.0,"68,294 M"
05/11/2026,1630,WCLD,28.98,-2.62%,,1.062,1.15,<empty>,37.115,23.8901,27.88,27.79,32.33,-2.0,-1.0,-0.73,"1,039,625",400243.29,1248446.71,1268288.23,-2.6,0.5,6.43,0.43,30.45,24.21,-24.21,30.02,NaN,251 M
05/11/2026,1630,WDAY,121.42,-5.01%,Information Technology,1.031,4.47,$10.48,276.0,110.36,123.96,129.03,192.5,-2.0,-0.99,-0.56,"3,577,797",201155.53,4947908.82,5540206.65,-0.48,-11.91,3.05,-0.99,159.62,110.22,-110.22,133.02,8.0,"30,317 M"
05/11/2026,1630,WEAT,23.99,+2.48%,,-.0003,0.54,<empty>,25.24,19.78,23.44,23.02,21.42,1.0,0.64,0.41,"730,675",-200149.42,1094227.13,923003.98,4.15,4.99,1.18,2.87,25.08,21.62,25.08,25.08,NaN,337 M
05/11/2026,1630,WELL,214.84,+0.10%,Real Estate,.8329,4.62,$4.34,219.5857,142.65,212.04,206.93,188.72,-5.0,-0.53,-0.5,"2,272,752",-100431.36,2929319.86,3090629.8,-37.98,4.63,2.3,-0.75,220.08,193.33,220.08,220.08,53.0,"151,659 M"
05/11/2026,1630,WEN,6.76,-7.40%,Consumer Discretionary,.3538,0.21,$1.25,12.52,6.37,6.89,7.0,8.42,-1.0,-0.76,-0.76,"10,742,308",200253.02,8406433.89,9336895.32,16.33,-4.38,-2.03,1.65,8.56,6.04,-6.04,-6.04,61.0,"1,288 M"
05/11/2026,1630,WEST,8.75,+6.06%,Consumer Staples,.9234,1.0,($0.66),8.9764,3.59,5.89,4.92,4.92,2.0,1.0,1.0,"2,667,479",300561.01,525807.34,458848.5,319.04,125.52,55.97,44.15,6.14,4.44,-4.44,-5.17,61.0,854 M
05/11/2026,1630,WFC,73.58,-2.72%,Financials,.9423,2.26,$0.04,97.76,71.895,80.16,79.97,84.33,-3.0,-0.41,-0.24,"25,259,331",-300431.02,1.780200028E7,1.757488134E7,45.27,-4.29,-8.66,-8.51,95.62,74.4,95.62,83.14,44.0,"225,169 M"
05/11/2026,1630,WGMI,58.47,+0.78%,Communication Services,3.788,4.79,<empty>,67.885,15.82,50.76,43.36,42.59,-2.0,1.0,-0.87,"429,246",100674.04,528676.66,508114.75,3.29,50.23,19.18,-3.77,52.12,32.29,-32.29,-45.08,NaN,384 M
05/11/2026,1630,WGS,39.61,-2.85%,Health Care,2.117,13.73,($0.99),170.87,32.21,59.48,66.8,107.95,2.0,-0.18,0.17,"1,816,511",201576.03,1150302.7,1065039.09,96.01,-53.45,-40.14,14.12,97.61,32.03,97.61,-32.03,54.0,"1,176 M"
05/11/2026,1630,WH,82.06,-0.74%,Consumer Discretionary,.6544,2.06,$3.99,92.685,69.21,84.83,81.57,80.04,4.0,-0.39,0.3,"1,083,955",300339.57,1237707.17,1343963.37,11.6,9.91,-3.84,-1.5,90.14,72.41,90.14,-80.04,50.0,"6,143 M"
05/11/2026,1630,WING,127.33,-1.80%,Consumer Discretionary,1.718,21.04,$4.76,388.14,126.635,170.37,181.87,248.16,-15.0,-0.31,-0.13,"1,327,542",100972.09,1319680.53,1327015.24,-0.59,-38.98,-28.36,-12.45,303.57,142.26,303.57,205.14,54.0,"3,468 M"
05/11/2026,1630,WMS,143.81,+0.43%,Industrials,1.32,4.12,$7.43,179.315,104.69,148.85,145.41,146.3,1.0,-0.53,0.42,"667,989",-100045.12,920054.99,863429.38,-11.04,-2.33,-5.7,-3.3,179.61,131.35,-131.35,-141.05,8.0,"11,202 M"
05/11/2026,1630,WMT,127.59,-2.18%,Consumer Staples,.6413,1.52,$1.87,134.69,91.89,128.89,126.24,113.4,-6.0,-0.38,-0.32,"18,346,803",0.0,1.811758029E7,2.028317081E7,5.98,3.32,0.0,-1.91,135.58,118.35,-118.35,133.06,8.0,"1,017,019 M"
05/11/2026,1630,WOOD,68.1325,-1.17%,,.7841,0.81,<empty>,83.32,66.65,69.85,70.69,72.78,-1.0,-0.36,-0.62,"12,959",-100017.5,27536.74,33153.1,359.85,-6.53,-1.16,-2.37,83.6,67.35,-67.35,-68.05,NaN,249 M
05/11/2026,1630,WRBY,28.79,-2.57%,Consumer Discretionary,2.078,2.6,<empty>,31.0,14.96,23.97,23.53,23.9,4.0,0.71,0.67,"4,220,701",201103.03,2623634.85,2970876.49,63.31,13.3,23.83,30.69,28.47,20.25,-20.25,-21.07,60.0,"3,533 M"
05/11/2026,1630,WW,9.99,-2.06%,Consumer Discretionary,2.151,0.81,($3.69),46.949,0.237,10.32,14.58,25.13,-3.0,0.38,-0.79,"327,642",-101609.03,375576.97,338031.07,-58.09,-55.36,-4.95,-15.34,25.62,9.14,25.62,12.03,62.0,100 M
05/11/2026,1630,WWW,16.20,-2.99%,Consumer Discretionary,1.679,0.51,$1.55,32.8,13.47,17.38,16.88,20.94,-2.0,-0.86,-0.3,"1,099,298",-101066.51,1011263.62,1097214.7,31.32,-0.18,-7.27,-6.09,21.51,15.26,-15.26,19.14,3.0,"1,328 M"
05/11/2026,1630,WY,23.42,-0.47%,Real Estate,.9217,0.59,$0.03,27.86,21.155,24.41,24.18,24.47,-3.0,-0.26,-0.31,"4,902,162",0.0,5284961.62,5395168.88,0.04,0.82,-6.39,-2.58,28.6,22.35,-22.35,26.14,51.0,"16,887 M"
05/11/2026,1630,WYFI,26.98,+26.96%,Information Technology,4.159,3.15,($7.05),40.75,10.5101,17.7,15.71,NaN,7.0,1.0,1.0,"4,885,826",301654.01,951097.59,870077.34,471.29,57.41,65.22,25.9,20.59,11.3,-11.3,-14.08,3.0,"1,035 M"
05/11/2026,1630,WYNN,99.37,-2.98%,Consumer Discretionary,.9818,2.12,$6.72,134.72,82.627,105.89,103.42,115.39,-2.0,-0.58,-0.14,"2,717,273",-100338.02,1718981.19,1763566.46,189.79,-0.7,-5.82,-7.62,119.62,96.29,-96.29,112.16,61.0,"10,313 M"
05/11/2026,1630,XBI,134.75,+0.03%,,.869,2.35,<empty>,139.19,75.71,134.43,128.89,114.88,2.0,-0.53,0.36,"9,987,662",-100037.28,9477683.32,9225046.31,47.82,6.62,1.29,-2.13,139.16,118.33,139.16,-128.08,NaN,"8,307 M"
05/11/2026,1630,XHR,16.60,-2.52%,Real Estate,1.185,0.36,$1.03,17.23,11.34,16.32,15.48,14.44,-1.0,-0.95,-0.55,"435,102",200136.12,680318.98,700836.81,-8.97,12.16,3.23,-0.84,17.06,14.4,17.06,17.06,55.0,"1,531 M"
05/11/2026,1630,XIACY,20.36,+0.89%,Information Technology,.6221,0.51,$0.12,40.25,18.51,19.84,20.48,26.87,6.0,1.0,0.61,"876,093",-100000.37,442240.1,401706.03,198.89,-4.23,2.98,1.55,24.61,19.07,-19.07,-19.07,10.0,"105,157 M"
05/11/2026,1630,XLB,52.26,+1.30%,,.9511,0.45,<empty>,54.14,42.035,51.67,50.66,47.25,2.0,0.5,0.58,"8,586,278",0.0,1.39579516E7,1.473475119E7,-10.17,4.86,0.93,-0.29,54.6,47.35,-47.35,53.02,NaN,"7,478 M"
05/11/2026,1630,XLC,115.58,-1.16%,,1.009,0.83,<empty>,120.405,98.32,116.88,115.06,114.81,-2.0,-0.79,-0.39,"4,727,554",100123.49,6749778.02,6807270.5,22.4,-1.21,-0.2,-1.51,119.16,107.3,119.16,-115.07,NaN,"25,121 M"
05/11/2026,1630,XLE,57.17,+2.64%,,.4659,1.31,<empty>,63.46,40.36,57.07,57.95,48.97,1.0,-0.18,0.57,"31,919,034",-200233.49,5.645845978E7,5.49894912E7,-22.71,0.33,0.7,0.3,63.29,53.58,63.29,60.07,NaN,"40,682 M"
05/11/2026,1630,XLF,51.18,-0.12%,,.8843,0.29,<empty>,56.515,47.67,51.87,50.66,52.64,-3.0,-0.68,-0.26,"30,734,805",100227.49,4.673571798E7,4.97915382E7,-10.0,3.1,-1.22,-1.27,54.62,48.3,-48.3,53.14,NaN,"50,287 M"
05/11/2026,1630,XLG,62.85,-0.08%,,1.058,0.92,<empty>,63.065,47.81,60.73,57.77,57.66,-1.0,1.0,-0.49,"1,034,563",-100129.42,3525414.74,3660245.33,-57.17,9.95,3.37,0.79,62.06,53.29,-53.29,-59.17,NaN,"11,084 M"
05/11/2026,1630,XLI,175.04,+1.06%,,1.012,1.81,<empty>,179.305,138.98,172.74,169.32,160.11,1.0,0.67,0.56,"6,275,989",100028.46,1.231993931E7,1.226757422E7,-28.3,3.27,1.47,-1.03,179.49,156.29,-156.29,178.02,NaN,"30,943 M"
05/11/2026,1630,XLK,177.88,+1.34%,,1.296,6.62,<empty>,178.3,112.271,160.39,146.73,142.25,5.0,1.0,0.82,"10,424,449",0.0,1.453287365E7,1.566333027E7,-17.64,26.67,10.78,4.62,162.06,127.29,-127.29,-150.17,NaN,"116,193 M"
05/11/2026,1630,XLP,83.37,-0.96%,,.5038,0.68,<empty>,90.14,75.16,82.98,83.27,81.19,-6.0,-0.46,-0.71,"11,038,959",-100120.49,1.591492053E7,1.722684857E7,26.73,-1.44,1.25,-1.03,90.58,80.18,-80.18,85.06,NaN,"14,492 M"
05/11/2026,1630,XLRE,44.57,+0.36%,,1.018,0.39,<empty>,44.91,39.725,44.05,42.81,41.87,-3.0,-0.88,-0.49,"4,172,326",-100330.36,7529691.08,8086075.83,-17.89,5.09,2.48,-0.38,45.15,40.3,-40.3,45.03,NaN,"7,958 M"
05/11/2026,1630,XLU,45.14,+0.94%,,.2431,0.64,<empty>,47.8,39.055,45.89,46.17,44.33,-6.0,-0.18,-0.31,"22,664,589",-100424.36,2.397212696E7,2.55553733E7,15.65,-2.23,-2.27,-1.25,48.5,44.62,48.5,47.06,NaN,"23,060 M"
05/11/2026,1630,XLV,143.04,-0.31%,,.5864,1.14,<empty>,160.59,127.35,145.51,147.72,147.3,-3.0,-0.3,-0.57,"9,129,181",200123.34,1.225249457E7,1.258214092E7,4.51,-6.42,-0.29,-1.62,160.5,142.08,-142.08,-142.08,NaN,"37,042 M"
05/11/2026,1630,XLY,119.37,-0.69%,,1.22,1.02,<empty>,125.01,103.855,118.53,114.23,117.09,-1.0,-0.92,-0.41,"5,828,972",300227.29,1.010991676E7,1.036241604E7,-19.14,4.58,1.3,-0.42,122.16,105.29,122.16,-116.08,NaN,"22,723 M"
05/11/2026,1630,XOM,149.68,+3.53%,Energy,.1736,3.05,$4.41,176.41,101.185,150.01,154.84,129.04,1.0,0.08,0.6,"14,321,057",-100337.28,2.180382702E7,2.153781667E7,-18.24,-1.25,1.01,0.67,176.29,142.16,-142.16,156.07,56.0,"620,416 M"
05/11/2026,1630,XOP,168.66,+2.12%,,.5936,5.28,<empty>,190.36,118.14,169.59,170.96,141.63,-4.0,-0.18,-0.52,"2,633,449",-300137.44,5469711.07,5070352.6,-35.06,2.41,-0.48,-0.4,190.29,143.6,190.29,182.04,NaN,"3,576 M"
05/11/2026,1630,XPEV,16.15,+3.39%,Consumer Discretionary,1.012,0.39,$0.74,28.235,15.3801,16.61,17.42,19.84,2.0,0.31,0.57,"7,275,892",-200262.13,6744291.03,6175121.5,6.13,-16.28,-2.48,1.38,20.4,15.48,20.4,-15.03,7.0,"15,435 M"
05/11/2026,1630,XRT,81.66,-3.61%,,1.2,1.26,<empty>,91.65,73.44,85.09,82.93,84.67,-1.0,-0.61,-0.19,"8,026,016",400218.17,5460568.69,5513479.1,52.63,-0.1,-4.21,-4.09,90.55,78.29,-78.29,89.14,NaN,245 M
05/11/2026,1630,XTL,227.87,+2.24%,,1.137,5.5,<empty>,230.0,101.2401,220.25,203.58,162.0,1.0,0.81,0.34,"59,078",-300128.2,104831.29,86465.33,-44.65,19.04,5.71,0.29,230.06,172.6,230.06,230.06,NaN,769 M
05/11/2026,1630,XYL,112.00,-1.52%,Industrials,1.06,3.29,$3.81,154.27,111.82,119.39,121.52,136.21,-2.0,-0.24,-0.31,"1,663,560",200037.17,2225972.95,2282175.8,-43.98,-8.46,-9.32,-5.56,133.62,114.08,133.62,126.17,60.0,"26,622 M"
05/11/2026,1630,XYZ,73.17,-2.24%,Financials,2.775,1.43,$5.37,82.5,48.21,70.92,65.23,68.07,2.0,-0.89,0.41,"5,306,651",300753.5,6604409.79,7874834.25,-16.67,13.21,2.65,3.3,75.14,48.6,-48.6,-67.17,62.0,"43,549 M"
05/11/2026,1630,YCS,52.46,+0.74%,,-.4003,0.94,<empty>,54.67,40.08,53.05,53.06,49.14,3.0,0.14,0.41,"13,048",-100218.17,33665.74,31937.85,-6.38,-1.13,-2.65,1.29,55.33,49.61,55.33,-52.03,NaN,29 M
05/11/2026,1630,YELP,25.28,-6.65%,Communication Services,.5024,1.0,$5.11,41.22,19.6,28.01,25.92,28.94,-4.0,-0.77,-0.09,"1,769,596",-200145.57,1183952.79,1397962.89,27.88,2.35,-13.16,-10.7,30.13,20.53,30.13,30.13,61.0,"1,411 M"
05/11/2026,1630,YPF,44.93,+6.04%,Energy,1.063,0.84,$0.07,48.955,22.82,43.06,41.71,35.36,1.0,0.29,0.4,"1,943,035",-300153.28,2584676.73,2273315.19,-42.44,14.38,4.49,3.86,49.28,33.48,49.28,45.07,61.0,"17,631 M"
05/11/2026,1630,YUM,150.29,-1.09%,Consumer Discretionary,.594,3.12,$5.92,169.39,137.33,158.07,158.4,152.33,-2.0,0.0,-0.15,"1,593,430",100124.09,1678747.36,1717829.31,10.29,-4.03,-3.14,-3.67,169.53,152.26,169.53,164.15,55.0,"41,423 M"
05/11/2026,1630,YUMC,47.44,+1.15%,Consumer Discretionary,1,0.58,$2.56,58.39,41.69,48.34,50.11,47.78,-3.0,-0.18,-0.44,"1,539,518",100232.37,1567039.46,1641889.69,12.68,-10.36,-0.61,-2.61,58.62,47.09,58.62,50.08,59.0,"16,653 M"
05/11/2026,1630,ZG,40.65,-3.08%,Real Estate,2.042,1.44,$1.24,90.22,39.14,44.47,43.59,63.61,-3.0,-0.87,-0.53,"1,162,047",100062.59,1051202.89,1213414.4,50.69,-8.34,-11.03,-9.32,56.62,39.26,-39.26,49.14,60.0,"9,301 M"
05/11/2026,1630,ZM,107.12,-1.91%,Information Technology,1.5,7.5,$6.40,111.56,69.15,96.27,85.42,83.92,-4.0,-1.0,-0.83,"4,031,175",-200443.52,4261257.35,4474805.16,-16.68,40.85,17.93,1.89,104.06,71.48,-71.48,-86.17,8.0,"31,573 M"
05/11/2026,1630,ZS,148.87,-2.14%,Information Technology,1,6.75,$5.55,336.99,114.625,137.99,142.73,229.5,-1.0,1.0,-0.99,"2,534,303",-100866.23,2754189.6,3014058.28,-11.25,-3.21,11.01,7.23,180.59,115.21,-115.21,153.02,10.0,"23,937 M"
