Date,Time,Symbol,Last,%Change,Sector,Beta,StandardDeviation,Free Cash Flow Per Share - Current (LTM),52High,52Low,SimpleMovingAvg,SimpleMovingAvg,SimpleMovingAvg,A_MCADays_Streak,A_MACD_BRR,A_MACDH_D_BRR,Volume,A_VolumeSpike,VolumeAvg,VolumeAvg,VolumeRateOfChange,A_Perf2M,A_Perf2Wk,A_Perf3D,A_3mnHigh,A_3mnLow,A_3mnHighLow,A_3wkHighLow,A_EarningsDays,Market Cap
05/13/2026,1630,$COMP,26402.3438,+1.20%,,1.211,621.3,<empty>,26474.1833,18599.6866,25122.5,23419.57,22904.06,-2.0,1.0,-0.52,<empty>,NaN,NaN,NaN,NaN,19.44,7.01,0.59,25361.06,20690.31,-20690.31,-24199.16,NaN,0
05/13/2026,1630,$DJI,49693.20,-0.14%,,1,312.67,<empty>,50512.79,41354.09,49374.36,47930.98,47405.27,-5.0,-0.92,-0.39,"491,982,845",-100100.38,5.1030192448E8,5.2802039761E8,8.02,6.73,1.7,0.17,50447.62,45057.31,-45057.31,50130.04,NaN,0
05/13/2026,1630,$DXY,98.473,+0.18%,,<empty>,0.293,<empty>,101.259,95.551,98.346,98.956,98.52,2.0,0.34,0.62,<empty>,NaN,NaN,NaN,NaN,-2.012,-0.506,0.644,101.3,97.62,101.3,-98.05,NaN,0
05/13/2026,1630,/6B[M26],1.3523,-0.07%,,.3089,0.0041,<empty>,1.3869,1.3011,1.354,1.3432,1.3422,-2.0,-0.62,-0.38,"84,111",-100000.45,106582.98,105372.8906,-11.0624,2.292,0.3711,-0.7923,1.62,1.3,-1.3,1.08,NaN,0
05/13/2026,1630,/6C[M26],.73060,-0.05%,,.2666,0.00213,<empty>,0.74315,0.70845,0.73349,0.73055,0.72563,-8.0,-0.51,-0.32,"44,953",-300106.43,74232.44,74183.625,-26.81763,-0.17762,-0.21171,-0.24577,1.46,1.3,-1.3,1.08,NaN,0
05/13/2026,1630,/6E[M26],1.17305,-0.25%,,.1322,0.00293,<empty>,1.21105,1.1151,1.17562,1.16779,1.17068,-2.0,-0.66,-0.41,"108,488",-200000.45,213561.02,208324.875,-38.24716,2.30236,0.26497,-0.64792,1.62,1.42,-1.42,-1.09,NaN,0
05/13/2026,1630,/6J[M26],.0063515,-0.20%,,.041,4.79E-5,<empty>,0.007078,0.006243,0.0063421,0.0063314,0.0065172,-5.0,-0.84,-0.47,"70,439",200109.06,160098.28,165204.703125,-49.0874791,0.6417367,1.4859791,-0.7733167,0.62,0.09,-0.09,0.05,NaN,0
05/13/2026,1630,/BTC[K26],79820,-1.45%,,.9922,2000.0,<empty>,127240.0,60005.0,78606.0,73936.0,92765.0,-2.0,-1.0,-1.0,"8,810",100762.0,8645.0,8953.0,28.0,12.0,5.0,-1.0,82120.0,62591.0,83215.0,83215.0,NaN,0
05/13/2026,1630,/BZ[N26],105.55,-2.06%,,.055,3.83,<empty>,119.4,58.72,104.46,101.83,74.69,2.0,-0.24,0.39,"25,953",-101000.47,65392.96,66812.19,-49.34,1.63,-5.68,5.04,119.46,67.6,119.46,115.07,NaN,0
05/13/2026,1630,/CL[M26],101.00,-1.15%,,1.29,4.08,<empty>,119.48,54.98,97.42,96.16,70.28,2.0,0.27,0.48,"189,972",100321.46,401215.26,403885.41,-45.06,1.7,-6.9,6.68,119.46,62.6,119.46,111.09,NaN,0
05/13/2026,1630,/GC[M26],4697.1,+0.22%,,.1486,68.2,<empty>,5626.8,3123.3,4697.3,4763.5,4332.9,-1.0,0.4,-0.6,"111,941",0.0,152617.0,150518.8,-24.8,-6.5,3.1,-0.6,5434.5,4100.4,-4100.4,-4510.1,NaN,0
05/13/2026,1630,/HG[N26],6.6190,+1.35%,,.037,0.2478,<empty>,6.716,4.3325,6.1243,5.877,5.3759,7.0,0.95,0.94,"58,569",0.0,44160.02,45685.3594,31.5921,16.6344,11.6848,5.3561,6.15,5.36,-5.36,-6.07,NaN,0
05/13/2026,1630,/NG[M26],2.868,+0.88%,,.5784,0.113,<empty>,7.439,2.495,2.725,2.851,3.408,-2.0,0.42,-0.35,"123,910",0.0,115890.92,117910.922,69.728,-8.429,8.308,4.291,3.46,2.13,-2.13,-2.13,NaN,0
05/13/2026,1630,/NKD[M26],63515,+1.59%,,.352,1699.0,<empty>,63850.0,36490.0,60539.0,56832.0,51120.0,1.0,1.0,1.0,"3,926",200500.0,6091.0,6042.0,-57.0,20.0,8.0,-1.0,61000.0,50410.0,-50410.0,63850.0,NaN,0
05/13/2026,1630,/SI[N26],88.155,+3.00%,,.6496,5.406,<empty>,121.785,31.78,78.089,77.317,63.901,6.0,0.41,0.9,"52,735",0.0,44063.42,48352.313,-15.885,9.312,22.804,9.055,97.51,61.36,-61.36,-71.1,NaN,0
05/13/2026,1630,AAAU,46.23,-0.58%,,.1687,0.71,<empty>,54.71,31.27,46.19,46.85,42.53,-1.0,0.36,-0.66,"643,899",0.0,2386755.45,2533306.74,-70.56,-6.57,3.12,-0.78,53.51,43.35,-43.35,-44.07,NaN,"2,847 M"
05/13/2026,1630,AAL,12.71,+0.16%,Industrials,1.343,0.63,$1.67,16.5,10.09,12.22,11.5,12.95,-3.0,-0.78,-0.64,"37,122,078",-100272.46,6.567727512E7,6.540934812E7,-49.32,23.4,12.38,-4.79,15.62,10.31,-10.31,13.03,49.0,"8,406 M"
05/13/2026,1630,AAPL,298.87,+1.38%,Information Technology,1.067,10.33,$8.74,300.92,193.46,278.31,264.68,258.24,1.0,1.0,0.76,"52,556,444",300027.09,4.399755891E7,4.465485854E7,57.36,19.49,10.62,1.89,287.08,246.31,-246.31,-265.12,54.0,"4,389,610 M"
05/13/2026,1630,ABBV,208.50,+0.31%,Health Care,.3042,4.13,$11.29,244.81,176.57,204.3,210.7,218.58,2.0,0.54,0.88,"5,534,614",-100136.38,6956812.28,6892039.07,-25.82,-5.09,2.26,3.45,237.49,191.1,-191.1,215.09,53.0,"368,376 M"
05/13/2026,1630,ABNB,132.97,-1.85%,Consumer Discretionary,1.208,2.53,$7.52,147.25,110.81,140.14,134.06,128.28,-3.0,-0.57,-0.11,"3,419,498",0.0,3679007.68,4303662.77,7.22,5.28,-5.21,-6.02,147.15,116.62,147.15,147.15,58.0,"78,918 M"
05/13/2026,1630,ABR,5.88,+0.51%,Financials,1.159,0.79,$1.72,12.575,5.69,7.69,7.73,9.31,-4.0,-0.48,0.0,"5,624,072",-401162.02,3649707.85,4051095.5,97.77,-23.34,-24.42,-18.45,9.49,7.03,9.49,9.04,54.0,"1,131 M"
05/13/2026,1630,ABT,83.83,-0.62%,Health Care,.6345,3.45,$4.24,139.06,81.97,89.88,99.38,118.97,2.0,0.08,0.58,"11,773,021",-100135.38,1.289256012E7,1.190378772E7,-9.49,-22.4,-8.21,-0.58,117.52,84.03,117.52,-82.02,44.0,"146,016 M"
05/13/2026,1630,ACHC,27.15,+4.34%,Health Care,.7627,1.28,($3.23),30.1991,11.43,26.79,25.34,20.48,4.0,0.5,0.22,"3,226,342",-100568.1,3118253.51,3501861.31,62.74,15.43,-3.93,7.82,30.07,15.62,30.07,30.07,53.0,"2,497 M"
05/13/2026,1630,ACHR,6.52,+2.03%,Industrials,2.853,0.34,($0.90),14.62,4.8,6.05,5.89,8.18,-2.0,1.0,-0.66,"44,639,637",-100082.02,3.027937371E7,3.085764816E7,56.31,8.13,16.43,0.62,8.51,5.31,-5.31,7.02,61.0,"4,953 M"
05/13/2026,1630,ACI,16.54,+3.89%,Consumer Staples,.2493,0.29,$0.97,22.78,15.545,16.47,16.9,17.77,2.0,0.08,0.51,"6,022,134",-100131.02,6693578.94,6402109.38,27.28,-4.23,0.36,3.25,19.6,16.05,19.6,17.15,47.0,"8,180 M"
05/13/2026,1630,ADBE,236.07,-1.98%,Information Technology,1.444,6.09,$24.58,422.95,224.13,247.2,248.93,309.42,-4.0,-0.7,-0.48,"3,864,284",200143.42,5594287.71,5678272.74,-59.82,-5.31,-3.08,-6.71,285.48,224.23,-224.23,259.04,20.0,"95,419 M"
05/13/2026,1630,ADYEY,10.300,-3.56%,Financials,2.352,0.31,$33.73,19.94,9.45,11.18,10.66,14.52,-18.0,-0.79,-0.44,"1,887,970",100000.02,1895959.92,2150842.5,-33.72,-0.39,-7.12,-6.96,12.53,9.28,-9.28,12.13,NaN,"32,483 M"
05/13/2026,1630,AFK,28.17,-1.40%,,.7471,0.82,<empty>,30.85,18.0,27.71,26.92,25.59,-1.0,0.68,-0.67,"48,013",-200043.41,80686.29,80908.26,88.24,11.04,7.03,-0.67,31.54,24.37,-24.37,29.02,NaN,127 M
05/13/2026,1630,AFRM,63.53,-2.90%,Financials,3.499,1.52,$2.37,100.0,42.095,64.98,54.81,67.61,-8.0,-0.85,-0.26,"6,859,046",-100679.4,5427898.22,5912181.5,20.11,35.52,0.08,-0.75,69.07,42.32,-42.32,71.03,73.0,"21,276 M"
05/13/2026,1630,AGCO,115.96,-1.75%,Industrials,1.123,2.15,$7.39,143.78,95.96,117.9,118.15,113.65,-2.0,-0.33,-0.52,"607,828",-100144.07,727725.02,748470.71,-19.87,-2.2,1.34,-1.18,144.62,108.37,-108.37,123.07,53.0,"8,396 M"
05/13/2026,1630,AHR,51.61,+0.27%,Real Estate,.5644,0.65,$1.81,54.67,33.705,50.24,49.93,46.74,2.0,0.57,0.67,"2,138,990",0.0,2475076.89,2459683.76,-14.61,-1.05,2.79,-0.19,55.52,47.31,-47.31,52.02,59.0,"9,946 M"
05/13/2026,1630,AIQUY,41.399991,+0.15%,Materials,.7777,0.98,<empty>,44.415,36.169,42.62,41.41,39.94,3.0,-0.22,0.14,"106,413",100100.59,200069.58,263480.53,-15.0,6.29,-1.22,0.49,44.21,38.46,44.21,-41.04,52.0,"119,457 M"
05/13/2026,1630,AKAM,161.14,+7.74%,Information Technology,.5346,22.97,$5.29,165.45,69.78,112.44,109.55,90.55,4.0,1.0,1.0,"10,929,149",100255.04,5477291.84,5646047.94,247.62,49.66,61.46,9.09,121.33,89.21,-89.21,-94.14,59.0,"23,427 M"
05/13/2026,1630,ALB,200.94,-2.23%,Materials,1.381,6.51,$3.47,221.0,53.7,197.33,182.12,134.76,-1.0,-0.5,-0.63,"1,861,866",-100466.05,2056429.79,2192091.66,20.22,27.0,5.27,-1.27,216.19,155.37,221.04,221.04,53.0,"23,698 M"
05/13/2026,1630,ALCO,41.32,+0.36%,Consumer Staples,.9968,0.5,$1.66,45.01,29.5,41.61,41.01,37.11,7.0,0.23,0.34,"13,274",300200.38,30062.72,28493.96,-70.6,7.28,0.36,1.57,45.24,37.44,45.24,44.17,62.0,306 M
05/13/2026,1630,ALGN,161.75,-2.44%,Health Care,1.787,7.6,$8.11,208.305,122.0,178.87,176.15,157.32,-1.0,0.0,-0.13,"636,418",-100247.39,1157629.31,1170515.21,-37.89,-1.51,-9.33,-4.17,200.16,162.42,200.16,200.16,53.0,"11,584 M"
05/13/2026,1630,ALLY,41.71,-2.64%,Financials,1.108,0.79,($0.36),47.27,32.5018,44.03,41.12,41.24,-3.0,-0.59,-0.18,"2,792,707",-100133.16,3652794.12,3663160.38,-9.41,15.41,-4.79,-5.72,47.16,36.43,47.16,47.16,44.0,"12,785 M"
05/13/2026,1630,ALNY,291.48,-0.19%,Health Care,.3278,6.65,$4.88,495.55,261.85,302.89,314.21,391.71,2.0,-0.55,0.55,"975,681",100140.1,1133834.25,1169988.96,65.85,-7.0,-3.22,-1.21,346.57,287.09,346.57,-284.02,53.0,"38,916 M"
05/13/2026,1630,AMAT,436.61,+1.25%,Information Technology,1.674,20.61,$7.75,448.45,153.47,406.88,377.35,278.71,-2.0,0.77,-0.78,"7,329,960",-100162.38,6394642.85,6825543.09,65.81,27.84,14.12,0.27,420.13,317.46,-317.46,448.02,1.0,"346,498 M"
05/13/2026,1630,AMBA,82.10,+5.00%,Information Technology,2.187,5.57,$1.36,96.69,48.3,68.52,59.33,71.2,1.0,1.0,0.93,"1,224,289",-100163.53,817763.21,869807.85,50.27,57.01,24.51,7.6,74.06,48.31,-48.31,-55.17,10.0,"3,595 M"
05/13/2026,1630,AMD,445.50,-0.62%,Information Technology,2.308,49.46,$5.27,469.215,107.6671,355.85,269.77,221.6,-2.0,1.0,-0.86,"30,255,007",400369.06,3.930838273E7,3.876603325E7,-33.68,130.36,32.15,-2.13,363.08,188.5,-188.5,469.02,57.0,"726,433 M"
05/13/2026,1630,AMG,303.48,+0.65%,Financials,1.145,5.88,$37.82,334.78,172.54,297.12,287.11,269.43,-3.0,0.6,-0.55,"174,448",-101047.58,357631.06,392783.63,-74.8,11.59,4.97,0.22,335.59,254.28,-254.28,318.08,53.0,"8,016 M"
05/13/2026,1630,AMH,31.44,-0.41%,Real Estate,.8161,0.62,$2.25,38.85,27.215,31.33,29.81,31.83,-6.0,-0.89,-0.25,"3,597,911",100146.53,3223893.07,3826996.0,74.54,10.82,0.42,-1.84,32.06,27.37,33.04,33.04,54.0,"11,337 M"
05/13/2026,1630,AMLP,53.17,+0.25%,,.5009,0.68,<empty>,54.2499,44.64,52.74,52.63,49.23,-1.0,-0.59,-0.59,"1,173,050",-100016.3,1591969.44,1586001.35,-26.25,1.84,0.08,0.02,54.06,50.62,54.06,54.06,NaN,"12,501 M"
05/13/2026,1630,AMN,30.87,+4.75%,Health Care,.3224,4.04,$18.27,31.65,14.865,22.66,20.54,18.99,5.0,1.0,1.0,"1,310,738",300472.03,1004615.71,1236383.85,170.93,63.33,45.89,6.56,23.48,16.6,-16.6,32.02,59.0,"1,197 M"
05/13/2026,1630,AMPH,18.32,+4.69%,Health Care,.8962,2.05,$2.88,31.2641,17.03,21.43,20.43,25.04,-4.0,-0.64,-0.35,"971,189",-100485.03,569293.44,579290.75,220.96,0.77,-15.3,-3.58,29.6,17.43,-17.43,24.04,59.0,808 M
05/13/2026,1630,AMZN,270.13,+1.62%,Consumer Discretionary,1.447,4.66,($0.23),278.56,196.0,262.97,234.8,229.07,-7.0,-0.88,-0.36,"39,553,509",-100334.1,4.640305318E7,4.82634272E7,1.18,30.08,2.7,-0.94,279.06,196.6,279.06,279.06,54.0,"2,905,818 M"
05/13/2026,1630,AN,191.11,-2.18%,Consumer Discretionary,.7739,5.16,($2.85),228.9166,176.25,203.58,196.93,206.32,-3.0,-0.56,0.0,"311,939",-100334.09,415676.15,428157.02,9.15,4.16,-7.09,-7.21,218.08,180.38,218.08,218.08,54.0,"6,402 M"
05/13/2026,1630,AQWA,18.885,-0.68%,,.9159,0.25,<empty>,20.92,17.96,19.35,19.31,19.5,-2.0,-0.38,-0.41,"3,372",-100124.48,32120.17,36394.01,-70.37,-1.15,-1.38,-1.25,21.53,18.38,-18.38,20.12,NaN,25 M
05/13/2026,1630,AR,36.74,+1.13%,Energy,.4259,1.24,$3.08,45.75,29.1,37.7,39.42,34.98,1.0,-0.08,0.56,"5,623,298",0.0,5729701.62,5825681.08,21.26,-10.37,-5.82,2.23,46.31,33.6,46.31,-36.04,53.0,"11,383 M"
05/13/2026,1630,ARE,47.27,+1.66%,Real Estate,1.164,2.59,$8.24,88.236,39.41,45.26,46.53,59.83,8.0,0.73,0.65,"1,717,674",-200849.12,2388250.96,2464262.31,-34.75,-2.35,15.15,2.18,55.53,39.11,-39.11,-39.11,46.0,"8,238 M"
05/13/2026,1630,ARGT,88.27,-1.69%,,.936,1.4,<empty>,103.9699,66.49,91.6,90.47,86.95,-4.0,-0.27,-0.39,"408,451",100032.1,283891.75,258134.32,11.2,3.23,-2.43,-1.36,97.62,83.5,-83.5,95.15,NaN,789 M
05/13/2026,1630,ARHS,5.87,-0.51%,Consumer Discretionary,2.333,0.63,$0.10,12.63,5.63,7.25,7.0,9.37,-5.0,-0.4,0.0,"1,622,517",200457.05,1368313.81,1442040.75,165.9,-13.04,-20.03,-9.76,10.53,6.26,10.53,8.16,58.0,831 M
05/13/2026,1630,ARKK,78.05,-0.20%,,1.985,1.7,<empty>,92.65,55.02,77.58,73.42,77.86,-2.0,-0.9,-0.5,"7,474,506",200150.37,9881954.06,1.020408788E7,-39.93,11.1,6.15,-1.35,81.18,63.31,-63.31,81.02,NaN,"6,572 M"
05/13/2026,1630,ARQQ,13.83,-3.96%,Information Technology,2.685,0.6,<empty>,62.0,11.52,14.83,14.26,26.41,-4.0,-0.97,-0.49,"404,282",-200218.19,309907.73,289544.21,21.91,1.47,4.61,-7.55,18.53,12.31,-12.31,-13.1,6.0,216 M
05/13/2026,1630,AS,32.78,-2.32%,Consumer Discretionary,1.126,1.13,$0.80,42.76,28.92,35.41,34.4,35.83,-3.0,-0.44,-0.29,"4,244,939",100054.51,4221569.02,4588321.82,54.06,1.36,-4.99,-9.02,43.57,31.37,-31.37,37.05,4.0,"19,072 M"
05/13/2026,1630,ASBFF,25.76,0.00%,Consumer Staples,.4235,2.36,<empty>,31.08,23.18,27.04,28.05,25.16,1.0,0.29,0.37,<empty>,NaN,2186.16,2774.45,-72.45,-11.17,-3.38,6.01,31.09,23.04,-23.04,-23.04,NaN,"18,053 M"
05/13/2026,1630,ASO,49.97,-2.25%,Consumer Discretionary,1.029,1.96,$3.32,62.445,39.87,54.82,55.61,52.98,-3.0,-0.15,-0.31,"1,673,858",-300851.41,1486304.3,1440642.93,113.74,-11.31,-6.39,-7.65,62.53,50.4,62.53,59.15,18.0,"3,223 M"
05/13/2026,1630,ATRO,80.09,+2.34%,Industrials,1.102,3.45,$1.22,83.96,27.2701,74.5,72.09,57.77,2.0,0.48,0.73,"1,706,859",101060.01,564089.81,582151.51,509.91,25.28,19.56,6.67,84.51,61.31,-61.31,-66.1,54.0,"2,873 M"
05/13/2026,1630,AVB,186.46,-0.30%,Real Estate,.8065,4.33,$11.84,209.86,160.095,180.12,173.13,180.93,-9.0,-1.0,-0.63,"948,601",-200124.04,999260.66,1025860.11,56.65,10.36,1.13,1.29,186.06,160.3,-160.3,-170.15,53.0,"25,939 M"
05/13/2026,1630,AVGO,416.79,-0.60%,Information Technology,1.416,8.22,$6.12,437.68,221.6,415.54,365.11,345.5,-3.0,-0.74,-0.33,"16,881,747",0.0,2.465910831E7,2.379580199E7,-13.43,29.37,2.8,-3.07,433.06,290.31,438.05,438.05,14.0,"1,973,362 M"
05/13/2026,1630,AVO,12.46,-1.35%,Consumer Staples,.5942,0.51,$0.54,15.53,10.0,13.51,13.58,12.78,-5.0,-0.12,-0.26,"690,419",-200548.18,982776.55,880812.36,-18.12,2.55,-9.38,-4.74,16.25,12.4,16.25,15.11,15.0,883 M
05/13/2026,1630,AVTR,7.87,-3.67%,Health Care,.9365,0.18,$0.65,15.93,7.265,8.13,8.01,10.99,-3.0,-0.73,-0.64,"9,051,403",0.0,9457580.38,1.00363465E7,-19.74,-0.76,0.25,-5.29,10.61,7.32,-7.32,-7.14,54.0,"5,373 M"
05/13/2026,1630,AWI,158.04,-0.67%,,1.184,6.06,$5.53,206.0799,149.06,169.93,168.97,186.09,1.0,-0.35,0.28,"392,306",200132.12,506313.56,538156.22,24.39,-5.53,-6.4,-2.3,206.62,159.31,206.62,183.16,52.0,"6,745 M"
05/13/2026,1630,AXP,309.61,-1.50%,Financials,1.073,3.54,$20.73,387.49,281.465,320.19,311.21,336.33,-5.0,-0.63,-0.3,"2,963,855",100039.38,3419633.47,3700561.95,-35.3,3.22,-1.91,-2.03,359.62,291.37,-291.37,338.16,50.0,"211,255 M"
05/13/2026,1630,AZO,3366.79,-1.26%,Consumer Discretionary,.4048,82.07,$95.97,4388.11,3210.72,3539.14,3505.2,3758.64,-9.0,-0.54,-0.25,"281,634",-100140.02,186959.48,178433.48,41.7,-5.5,-4.45,-3.7,3887.61,3281.37,-3281.37,3730.08,8.0,"55,474 M"
05/13/2026,1630,B,44.87,-2.14%,Materials,-.0884,2.78,$3.01,54.69,17.41,41.45,41.74,38.45,-1.0,0.68,-0.99,"14,830,984",100647.03,1.311703122E7,1.37507919E7,28.15,5.98,16.7,4.03,51.51,36.37,-36.37,48.02,61.0,"75,180 M"
05/13/2026,1630,BA,240.60,+1.57%,Industrials,1.216,5.51,($1.82),254.3499,176.77,229.33,217.92,219.68,6.0,0.72,0.59,"7,313,916",100240.16,6883187.07,6576346.56,-9.57,14.63,7.36,1.37,247.61,188.31,-188.31,-219.16,52.0,"189,666 M"
05/13/2026,1630,BABA,145.81,+8.18%,Consumer Discretionary,.475,4.61,$0.52,192.67,103.71,136.11,131.69,148.95,1.0,0.76,0.66,"40,028,663",201052.01,1.147590118E7,1.099793921E7,272.36,7.84,11.79,4.11,163.62,118.26,-118.26,-129.11,0.0,"349,806 M"
05/13/2026,1630,BAC,49.84,-1.85%,Financials,1.2,1.13,$7.63,57.55,42.35,52.58,50.54,51.59,-5.0,-0.53,-0.06,"29,757,011",100043.38,3.710786613E7,3.914981062E7,-6.88,6.68,-5.75,-2.86,55.2,46.38,55.2,55.16,42.0,"353,694 M"
05/13/2026,1630,BALL,56.45,-1.95%,Materials,1.063,1.74,$2.21,68.29,44.83,60.66,60.88,55.19,-1.0,-0.01,-0.26,"2,056,960",100130.06,2462386.05,2348202.18,28.68,-9.23,-6.37,-3.54,68.62,57.37,68.62,65.16,56.0,"15,030 M"
05/13/2026,1630,BBN,15.98,-0.19%,,.6804,0.06,<empty>,17.45,15.38,16.15,16.11,16.48,-2.0,-0.51,-0.48,"63,618",-100100.06,193488.9,189297.9,-58.36,0.44,-0.93,-0.93,17.52,16.31,-16.31,16.17,NaN,987 M
05/13/2026,1630,BBWI,18.74,-1.83%,Consumer Discretionary,1.446,0.47,$4.16,34.64,14.275,19.37,19.28,22.93,-3.0,-0.71,-0.61,"5,168,536",200559.19,6045554.0,5935582.01,9.5,-3.9,2.24,-5.02,25.6,17.32,-17.32,22.16,9.0,"3,774 M"
05/13/2026,1630,BBY,55.52,-2.94%,Consumer Discretionary,1.244,1.35,$5.96,84.99,55.1,60.45,62.36,69.99,-3.0,-0.2,-0.39,"2,971,924",100545.34,3942880.43,4330642.34,6.58,-11.3,-5.47,-6.53,68.49,57.06,68.49,68.16,10.0,"11,698 M"
05/13/2026,1630,BCO,104.58,-1.09%,Industrials,1.058,1.73,$13.03,136.37,80.1,108.41,107.15,113.89,-3.0,-0.65,-0.5,"1,031,321",101129.52,510044.19,535910.31,228.81,-2.33,-2.57,-2.46,136.53,96.37,-96.37,116.17,57.0,"4,307 M"
05/13/2026,1630,BDRY,13.33,+0.30%,,.7239,0.66,<empty>,13.34,5.03,11.82,11.01,9.46,3.0,0.88,0.86,"182,027",500157.47,187657.63,167731.57,770.02,27.07,12.49,10.11,13.51,10.31,-10.31,-11.13,NaN,44 M
05/13/2026,1630,BEAM,31.85,+0.85%,Health Care,2.157,1.45,($3.74),36.44,15.35,30.65,27.62,25.44,-3.0,-0.78,-0.5,"2,821,650",-201095.14,2103354.65,2081213.71,4.72,26.59,8.41,-1.45,34.54,22.31,-22.31,34.02,56.0,"3,277 M"
05/13/2026,1630,BEPC,37.21,+0.76%,Utilities,1.136,1.91,($1.86),45.18,27.72,38.62,39.84,38.92,7.0,0.09,0.62,"1,447,381",-200342.09,1574046.28,1467627.0,84.29,-5.12,5.71,1.44,45.6,34.07,-34.07,-34.07,54.0,"6,786 M"
05/13/2026,1630,BIDU,150.50,+7.55%,Communication Services,.4578,8.84,($6.89),165.3,81.17,130.73,121.87,123.03,1.0,0.87,0.89,"5,050,289",100869.01,2225803.87,2266994.84,224.64,21.3,24.37,6.7,145.62,106.31,-106.31,-119.1,3.0,"51,208 M"
05/13/2026,1630,BIO,243.51,+0.74%,Health Care,1.081,15.45,$13.21,343.12,211.43,273.11,273.78,292.3,1.0,-0.03,0.08,"424,739",-100242.09,328268.11,335457.86,0.28,-7.34,-11.5,-4.25,313.16,242.08,313.16,313.16,54.0,"6,517 M"
05/13/2026,1630,BIP,38.31,+0.63%,Utilities,1.047,0.96,($2.86),40.32,29.63,36.44,36.6,34.78,10.0,0.58,0.88,"724,760",-100328.11,1036715.4,990362.52,46.22,1.48,10.02,4.19,40.51,33.1,-33.1,-33.1,53.0,"17,623 M"
05/13/2026,1630,BIRK,33.07,-12.86%,Consumer Discretionary,1.057,1.65,$1.67,59.5,32.435,38.87,37.58,42.16,-2.0,-0.42,-0.06,"8,930,132",-101051.01,2191593.1,2337379.87,329.26,-11.65,-11.81,-15.94,43.16,33.37,43.16,43.16,0.0,"6,082 M"
05/13/2026,1630,BITO,10.88,-1.45%,,1.731,0.28,<empty>,23.63,8.61,10.74,10.12,14.37,-2.0,-0.99,-0.62,"108,027,048",-300146.06,1.1761597451E8,1.1034914289E8,-3.2,11.02,5.32,-0.73,11.06,9.55,-9.55,11.02,NaN,"1,888 M"
05/13/2026,1630,BJ,95.00,+3.25%,Consumer Staples,1.5,1.2,$2.50,120.08,86.68,93.56,95.21,95.48,1.0,0.27,0.6,"1,906,145",100635.49,1942708.5,1887814.11,30.2,-2.78,3.9,2.18,106.6,90.23,-90.23,-91.1,6.0,"12,131 M"
05/13/2026,1630,BJRI,41.34,-0.19%,Consumer Discretionary,1.252,1.97,$3.71,47.02,28.46,39.03,37.18,36.79,-2.0,0.82,-0.86,"395,235",100943.06,383280.62,387218.92,112.79,23.7,10.51,-3.19,44.59,33.42,-33.42,44.02,54.0,869 M
05/13/2026,1630,BK,134.99,+1.16%,Financials,1.055,1.33,$1.83,139.1499,87.41,133.85,125.37,114.92,3.0,0.5,0.19,"4,097,880",-100126.19,3707083.71,3762907.84,39.44,16.2,2.06,3.44,139.16,112.46,139.16,-130.03,43.0,"92,654 M"
05/13/2026,1630,BKNG,155.03,-3.44%,Consumer Discretionary,-1.283,6.85,$11.24,233.576544,150.618,173.54,173.63,197.89,-1.0,-0.46,-0.23,"6,826,608",200140.53,8034012.74,1.012125647E7,13.59,-8.62,-10.89,-6.57,194.16,151.56,194.16,194.16,53.0,"120,129 M"
05/13/2026,1630,BKV,27.76,-1.98%,Energy,1.063,1.49,($4.94),32.81,19.56,29.23,28.94,26.08,-7.0,-0.33,-0.15,"686,377",-100056.38,1091441.68,1018063.26,17.64,-3.44,-9.34,-0.14,33.51,26.2,-26.2,32.06,62.0,"3,037 M"
05/13/2026,1630,BLDR,72.32,-0.63%,Industrials,1.454,5.99,$7.80,151.03,70.61,82.28,84.55,111.08,-3.0,-0.3,-0.26,"2,779,737",-300562.1,2528829.73,2517567.17,34.79,-17.9,-13.26,-6.56,130.62,73.06,130.62,95.16,53.0,"7,779 M"
05/13/2026,1630,BLK,1094.10,+0.15%,Financials,1.47,17.18,$23.68,1219.9399,917.39,1059.89,1009.44,1080.44,4.0,1.0,0.6,"823,087",100341.47,806938.33,808602.63,52.74,18.39,5.26,0.85,1108.56,917.43,-917.43,-1031.1,43.0,"169,842 M"
05/13/2026,1630,BLMN,8.28,-0.48%,Consumer Discretionary,1.12,1.12,$1.40,10.7,5.19,6.81,6.2,6.8,-1.0,1.0,-0.97,"2,961,823",101578.06,3037658.04,3054997.05,124.3,50.27,37.77,1.97,7.62,5.31,-5.31,9.02,57.0,709 M
05/13/2026,1630,BLOK,64.22,+0.31%,,1,2.57,<empty>,75.89,45.58,61.46,56.2,60.37,-2.0,-0.99,-0.6,"116,707",100134.21,305362.13,327957.31,-54.49,22.67,11.34,-0.26,63.06,47.31,-47.31,66.02,NaN,"1,300 M"
05/13/2026,1630,BNDD,97.3213,+0.29%,,.48,0.32,<empty>,102.28,94.64,97.65,98.18,98.3,-3.0,-0.49,-0.32,70,-100020.16,375.3,387.45,-76.96,-1.45,0.03,-0.69,100.46,97.52,100.46,99.16,NaN,9.7 M
05/13/2026,1630,BNO,55.85,-1.83%,,.0128,2.35,<empty>,60.81,26.59,53.87,50.74,35.25,-1.0,-0.42,-0.4,"1,709,232",-400395.37,7097043.11,6055338.41,-66.17,13.89,-5.03,5.16,61.07,32.6,61.07,61.07,NaN,874 M
05/13/2026,1630,BOOT,145.24,+0.30%,Consumer Discretionary,1.666,8.96,$2.93,210.25,132.84,163.64,160.85,178.07,-5.0,-0.52,-0.12,"1,236,485",100173.01,691221.73,639144.2,276.09,-11.5,-12.89,-11.06,204.53,133.28,-133.28,174.04,1.0,"4,418 M"
05/13/2026,1630,BP,44.14,-0.59%,Energy,.1853,1.3,$0.74,48.27,28.41,45.66,44.93,37.76,3.0,-0.09,0.1,"4,715,772",-200239.3,1.503665563E7,1.393807975E7,-53.39,3.45,-5.68,1.85,48.3,37.62,48.3,-43.03,56.0,"113,660 M"
05/13/2026,1630,BRBR,9.25,-2.43%,Consumer Staples,.5472,3.57,$1.53,67.0,9.0,14.43,15.63,27.38,2.0,-0.19,0.04,"5,536,890",100988.06,4347046.85,4113483.83,117.26,-45.04,-47.26,-10.28,19.57,9.06,19.57,18.08,55.0,"1,076 M"
05/13/2026,1630,BRCB,7.65,-30.26%,Consumer Discretionary,2.289,1.25,($1.95),30.4,7.595,12.33,13.84,NaN,-1.0,-0.4,-0.16,"2,723,638",-102123.01,496589.51,524169.49,367.34,-52.51,-37.5,-33.36,18.4,11.03,18.4,15.16,62.0,138 M
05/13/2026,1630,BRKR,43.85,-1.97%,Health Care,1.16,3.68,$0.01,56.22,28.53,39.51,37.51,39.58,-1.0,0.78,-0.97,"6,076,735",-100250.01,2173360.87,2298398.18,92.33,29.93,27.88,-0.7,43.16,32.41,-32.41,-34.1,56.0,"6,675 M"
05/13/2026,1630,BROS,48.40,-4.50%,Consumer Discretionary,2.237,3.06,$0.72,77.88,44.58,54.62,52.74,57.16,-5.0,-0.47,0.0,"3,303,426",-100158.05,4270270.04,4834201.36,-0.28,2.33,-12.54,-8.18,60.61,45.32,-45.32,60.05,58.0,"6,640 M"
05/13/2026,1630,BTAL,12.01,-0.08%,,-.6236,0.26,<empty>,19.59,11.81,12.34,13.28,14.65,2.0,0.12,0.57,"585,085",-300160.16,1054662.41,1025569.39,-13.81,-16.6,-5.58,-0.08,15.46,12.04,-12.04,-12.04,NaN,294 M
05/13/2026,1630,BTC,35.20,-1.51%,,1.472,0.93,<empty>,55.96,27.545,34.68,32.6,40.92,-2.0,-0.98,-0.66,"1,522,609",100452.55,2895256.88,3582240.7,3.07,11.75,5.45,-0.76,36.06,28.55,-28.55,36.02,NaN,"4,218 M"
05/13/2026,1630,BTC-USD,-64.46,+6.77%,,4.759,7.64,<empty>,23.4124,-65.9199,-46.8,-32.08,-13.83,-1.0,0.0,-0.12,"1,107,062",-100064.26,895177.34,874799.89,7.96,219.11,41.58,7.74,-11.69,-59.97,-12.0,-35.0,NaN,"-1,938 M"
05/13/2026,1630,BTI,65.35,+2.69%,Consumer Staples,.3319,2.24,$3.49,65.47,40.4001,58.51,58.62,56.85,3.0,0.82,1.0,"7,105,819",100330.02,4478925.95,4808470.57,62.23,9.04,13.75,12.13,63.54,55.16,-55.16,-55.16,53.0,"141,357 M"
05/13/2026,1630,BUD,80.15,+0.43%,Consumer Staples,.5659,3.3,$5.66,82.9099,56.97,76.2,73.58,66.83,-4.0,0.74,-0.78,"1,250,596",100127.07,2024359.69,2172314.52,-27.95,10.72,10.08,0.33,82.06,67.37,83.05,83.05,53.0,"155,240 M"
05/13/2026,1630,BULL,7.08,+0.85%,Financials,2.727,0.16,$1.41,18.32,4.5,7.02,5.96,9.36,-6.0,-0.91,-0.24,"8,890,375",-100694.17,1.317733136E7,1.210169611E7,-40.56,34.35,4.73,0.71,8.16,5.28,8.16,-7.1,6.0,"3,765 M"
05/13/2026,1630,BURL,286.26,-0.90%,Consumer Discretionary,1.421,13.33,$2.72,351.85,218.52,319.59,318.73,291.06,-5.0,0.0,-0.02,"839,702",200042.47,754299.02,753783.86,74.15,-3.52,-9.56,-5.99,352.17,288.46,352.17,352.17,10.0,"17,986 M"
05/13/2026,1630,BUXX,20.23,+0.05%,,.0005,0.03,<empty>,20.46,20.18,20.25,20.25,20.3,4.0,0.12,0.5,"228,156",-100000.36,462979.82,419015.07,-45.2,-0.15,0.15,0.0,20.56,20.31,-20.31,-20.1,NaN,469 M
05/13/2026,1630,BXP,58.40,-1.03%,Real Estate,1.076,0.65,$7.52,79.33,49.72,58.47,55.15,65.55,-5.0,-0.95,-0.32,"1,449,198",-100443.53,2096700.6,2539171.53,-15.5,12.29,1.39,-1.73,63.57,50.46,-50.46,61.04,52.0,"9,313 M"
05/13/2026,1630,BYD,80.57,-1.99%,Consumer Discretionary,1.135,1.95,$2.46,89.96,72.01,85.41,83.97,83.83,-3.0,-0.16,-0.11,"1,031,945",100230.14,951640.88,960070.49,-28.51,-1.31,-6.63,-5.92,89.14,77.46,89.14,89.14,49.0,"5,989 M"
05/13/2026,1630,BYDDF,12.9312,+1.03%,Consumer Discretionary,.199,0.26,<empty>,20.50333333333334,11.2,13.36,13.19,13.17,3.0,-0.28,0.32,"148,973",-200100.04,209832.76,193798.3,-13.31,4.62,-4.61,0.98,15.22,12.47,15.22,-12.04,NaN,"117,896 M"
05/13/2026,1630,C,124.10,-1.85%,Financials,1.112,1.43,($20.72),135.29,71.65,128.27,119.54,108.69,-1.0,-0.46,-0.08,"7,203,423",-200048.38,1.35324034E7,1.401185586E7,-20.71,17.42,-2.75,-1.15,135.16,102.46,135.16,135.16,42.0,"211,662 M"
05/13/2026,1630,CACC,525.00,-0.33%,Financials,1.375,11.09,$94.71,565.14,401.9,519.46,483.84,477.54,-3.0,-0.86,-0.33,"136,199",200644.49,182474.33,193422.85,64.45,17.24,4.87,-1.53,543.16,405.29,565.05,565.05,54.0,"5,492 M"
05/13/2026,1630,CAG,14.09,+0.64%,Consumer Staples,-.0153,0.14,$1.76,23.37,13.605,14.28,15.34,17.52,1.0,0.34,0.71,"12,478,558",-500437.23,1.519575119E7,1.475176138E7,-2.91,-14.14,-0.98,-0.28,20.62,14.06,-14.06,-14.06,38.0,"6,741 M"
05/13/2026,1630,CAH,186.35,+2.08%,Health Care,.5039,7.74,$18.48,233.6,137.75,197.65,207.23,190.5,2.0,0.01,0.41,"2,843,477",-300031.06,1940135.25,1849346.34,99.0,-14.16,-8.12,1.47,234.51,183.03,234.51,215.17,66.0,"43,644 M"
05/13/2026,1630,CAKE,56.53,-6.95%,Consumer Discretionary,1.016,1.61,$3.68,69.7,43.07,61.33,59.45,56.74,-2.0,-0.49,-0.28,"1,699,088",-100339.1,1240141.74,1342270.69,81.7,-1.81,-9.8,-8.3,67.53,53.32,-53.32,65.09,52.0,"2,809 M"
05/13/2026,1630,CAMT,168.88,-3.29%,Information Technology,1.577,11.24,$2.78,215.99,62.88,189.37,173.7,129.6,-2.0,-0.63,-0.06,"968,136",-100974.02,444824.9,487908.27,89.97,13.36,-10.09,-17.84,210.13,141.3,-141.3,216.02,62.0,"7,861 M"
05/13/2026,1630,CANE,10.28,+2.09%,,-.0292,0.28,<empty>,11.91,8.97,9.7,9.82,9.9,1.0,0.61,0.79,"363,876",100142.08,740216.58,608481.3,-50.98,5.33,3.73,4.26,11.33,9.62,11.33,10.06,NaN,87 M
05/13/2026,1630,CARR,65.57,+0.02%,Industrials,1.36,2.34,$2.00,81.09,50.24,63.85,60.45,59.65,-5.0,-0.77,-0.47,"3,658,746",100542.1,6863513.41,6601636.95,-34.36,17.83,6.2,-1.89,69.09,54.31,69.09,69.09,52.0,"54,461 M"
05/13/2026,1630,CASY,888.36,+2.44%,Consumer Staples,.6403,33.43,$17.98,889.99,430.0,817.97,749.82,611.85,1.0,1.0,0.67,"388,503",300129.26,607742.27,576751.03,-2.43,34.42,13.67,3.36,868.06,627.46,-627.46,-753.17,17.0,"32,833 M"
05/13/2026,1630,CAT,902.30,-1.08%,Industrials,1.567,38.81,$16.91,931.35,336.2409,855.91,774.73,610.32,-2.0,-0.96,-0.63,"1,906,002",100439.1,2488665.68,2618952.16,-26.74,30.02,11.39,0.54,909.06,663.46,931.04,931.04,56.0,"415,592 M"
05/13/2026,1630,CAVA,72.30,-6.32%,Consumer Discretionary,1.881,6.9,$0.23,100.94,43.41,89.42,85.53,69.14,-16.0,-0.25,0.0,"3,150,126",100955.55,2815455.13,3239610.14,-3.96,-11.83,-20.65,-8.94,99.16,61.6,99.16,99.16,4.0,"8,417 M"
05/13/2026,1630,CBRL,28.95,-2.66%,Consumer Discretionary,1.266,0.89,($0.96),71.93,24.85,30.39,29.19,36.18,-2.0,-0.73,-0.25,"787,046",0.0,1094574.98,1094164.95,11.73,3.43,-6.73,-8.07,35.48,26.32,-26.32,32.03,15.0,647 M
05/13/2026,1630,CCK,100.21,+0.13%,Materials,.6554,1.0,$8.72,116.62,89.21,101.3,102.92,101.2,9.0,0.29,0.62,"1,143,842",-100134.12,1142900.64,1112917.51,37.21,-4.72,1.2,-0.97,117.55,97.31,-97.31,-97.11,46.0,"11,198 M"
05/13/2026,1630,CCL,25.03,+0.72%,Consumer Discretionary,2.317,0.78,$2.25,34.03,21.6217,26.66,26.24,28.71,-4.0,-0.46,-0.39,"22,869,322",100058.07,2.972438087E7,2.785086953E7,8.61,4.34,-2.15,-5.12,34.62,23.46,-23.46,29.17,28.0,"34,670 M"
05/13/2026,1630,CCRN,13.12,0.00%,Health Care,.4433,1.38,$1.23,14.99,7.43,10.89,10.08,10.8,-1.0,1.0,-0.98,"671,737",200306.05,631167.77,594132.75,275.94,39.13,27.75,-0.46,11.06,8.62,-8.62,13.03,58.0,407 M
05/13/2026,1630,CELH,27.86,-5.91%,Consumer Staples,.9699,1.82,$0.96,66.74,27.66,32.93,36.56,48.03,-4.0,-0.45,-0.45,"15,533,257",-100171.03,7892553.5,7609130.71,190.44,-37.49,-14.7,-13.72,59.53,32.05,59.53,36.04,60.0,"7,122 M"
05/13/2026,1630,CF,125.50,-3.75%,Materials,.4617,3.85,$10.23,141.96,75.415,122.55,123.49,95.48,3.0,0.26,0.52,"3,035,100",-100164.38,5172400.63,4696639.83,-15.87,-3.14,-1.01,9.11,142.31,92.61,142.31,-113.17,58.0,"19,280 M"
05/13/2026,1630,CFG,60.43,-2.45%,Financials,.9993,1.36,$5.50,68.79,38.796,64.19,61.53,56.88,-5.0,-0.45,-0.12,"3,257,979",-300128.19,4704216.98,4878188.26,-31.49,8.61,-6.16,-5.18,68.62,55.42,-55.42,67.16,44.0,"25,555 M"
05/13/2026,1630,CFLT,30.99,0.00%,Information Technology,.9658,0.09,$0.11,31.0,15.64,30.72,30.56,24.82,1.0,0.14,0.28,<empty>,-300008.27,1.344598214E7,1.260758761E7,68.88,1.87,0.94,0.91,31.08,30.57,-30.57,-31.11,32.0,"11,134 M"
05/13/2026,1630,CFRUY,20.110,+1.51%,Consumer Discretionary,1.256,0.63,<empty>,22.15,15.58,19.47,18.59,19.34,1.0,0.89,0.56,"466,602",-100100.44,625040.16,635397.13,-31.08,15.71,9.53,-1.52,21.55,16.37,-16.37,21.04,7.0,"118,235 M"
05/13/2026,1630,CG,49.16,-1.76%,Financials,1.899,1.13,($11.89),69.848,43.19,50.02,48.77,56.85,-3.0,-0.58,-0.47,"2,483,532",-100247.05,3364951.84,3392100.06,-37.74,7.71,2.82,-2.9,56.59,45.43,-45.43,-47.11,58.0,"17,696 M"
05/13/2026,1630,CHD,95.09,+1.69%,Consumer Staples,.4828,1.69,$4.44,106.04,81.33,94.67,95.55,91.58,2.0,0.22,0.54,"3,042,970",-100225.09,2096822.59,2066414.39,95.43,-2.72,-1.15,1.77,106.55,91.06,106.55,-90.02,54.0,"22,531 M"
05/13/2026,1630,CHDN,85.555,-1.18%,Consumer Discretionary,.6977,6.03,$5.38,118.455,80.24,93.51,89.79,98.75,-12.0,-0.39,0.0,"883,957",300238.14,1053634.15,1054279.7,-55.76,-0.93,-15.42,-2.92,103.13,80.46,103.13,103.13,53.0,"5,963 M"
05/13/2026,1630,CHEF,80.50,+0.63%,Consumer Staples,2.156,5.87,$2.09,82.8112,53.2,72.96,66.27,63.46,-7.0,-0.98,-0.64,"393,883",101441.11,477964.03,488634.52,14.59,24.61,6.34,-1.48,80.06,57.28,-57.28,83.03,53.0,"3,283 M"
05/13/2026,1630,CHH,106.98,+1.32%,Consumer Discretionary,.6604,7.38,$2.18,136.45,84.035,111.41,106.32,105.31,7.0,0.23,0.41,"557,312",100138.09,629830.36,624416.93,14.21,12.07,-8.84,0.38,124.16,94.44,124.16,-97.07,57.0,"4,867 M"
05/13/2026,1630,CHPT,6.43,+3.21%,Industrials,1.769,0.21,($2.86),17.78,4.44,6.49,5.8,8.22,1.0,-0.79,0.29,"359,875",100597.22,493658.87,465097.54,-21.97,20.41,-1.38,3.04,7.15,4.31,7.15,-6.03,14.0,157 M
05/13/2026,1630,CHRD,142.03,+0.01%,Energy,.4477,4.34,$8.77,150.5,84.245,138.76,134.72,107.12,2.0,-0.33,0.5,"493,273",500347.26,1066800.12,1054256.5,-22.2,15.05,-2.8,4.1,151.06,97.6,151.06,151.06,58.0,"7,996 M"
05/13/2026,1630,CHTR,143.06,-3.29%,Communication Services,.7776,10.65,$30.73,437.06,141.765,185.04,206.04,227.47,9.0,0.0,0.35,"3,942,581",100450.1,2544602.49,2324091.17,9.21,-34.43,-9.83,-7.62,254.14,155.03,254.14,254.14,50.0,"17,594 M"
05/13/2026,1630,CHWY,21.65,-5.46%,Consumer Discretionary,1.502,1.35,$1.36,48.62,21.4,25.25,25.48,32.11,-1.0,-0.44,-0.14,"9,926,811",100256.35,8298303.17,8369695.05,37.11,-15.0,-16.6,-5.75,29.16,22.03,29.16,29.16,19.0,"9,021 M"
05/13/2026,1630,CI,300.71,+0.74%,Health Care,.2831,7.31,$28.94,338.8899,239.51,283.62,274.95,281.75,5.0,1.0,0.88,"2,224,259",-100036.38,1690762.88,1676907.3,31.26,12.55,2.87,4.39,297.6,258.31,-258.31,-272.13,53.0,"79,548 M"
05/13/2026,1630,CLOX,25.535,-0.06%,,.1085,0.04,<empty>,25.71,25.35,25.55,25.5,25.54,-1.0,-0.72,-0.39,"104,381",-300000.37,208035.44,210703.57,-24.99,0.61,-0.21,-0.1,26.09,25.43,26.09,-25.07,NaN,283 M
05/13/2026,1630,CLOZ,26.415,+0.06%,,.1305,0.05,<empty>,26.96,25.23,26.27,25.89,26.45,-10.0,-0.94,-0.6,"184,844",-200100.53,399199.31,545619.08,-45.21,3.51,-0.13,0.15,27.62,25.49,-25.49,26.08,NaN,645 M
05/13/2026,1630,CLX,92.00,+3.24%,Consumer Staples,.5682,4.02,$3.11,136.69,84.7,94.52,102.16,111.62,6.0,0.1,0.64,"3,420,176",-200134.08,2840634.02,2644255.55,39.73,-16.88,-2.92,-0.17,129.53,85.06,-85.06,-85.06,54.0,"11,125 M"
05/13/2026,1630,CMCSA,24.94,+0.16%,Communication Services,.7268,0.96,$4.84,34.3580131208997,24.1330834114339,27.45,28.53,28.74,1.0,0.0,0.11,"33,438,187",100040.38,3.32481316E7,3.179769124E7,-28.06,-17.31,-6.8,-1.81,33.62,25.03,33.62,32.14,53.0,"89,091 M"
05/13/2026,1630,CMG,32.11,-1.71%,Consumer Discretionary,1.004,0.69,$1.14,58.42,29.75,33.6,33.63,37.24,2.0,-0.51,0.3,"13,232,128",-100343.1,1.620988909E7,1.626027856E7,-41.88,-1.26,-2.67,-1.17,39.59,31.31,-31.31,-32.02,53.0,"41,189 M"
05/13/2026,1630,CMI,709.57,+0.71%,Industrials,1.229,23.9,$19.34,718.08,307.905,663.29,600.14,507.72,-1.0,1.0,-0.53,"817,215",-100137.07,841417.11,867617.71,13.25,32.45,11.05,4.42,689.06,510.31,718.04,718.04,56.0,"97,913 M"
05/13/2026,1630,CNA,42.65,-1.57%,Financials,.3401,2.32,$7.98,50.72,42.48,46.3,46.5,46.78,3.0,0.0,0.07,"644,941",-100846.08,472049.17,497875.93,119.15,-8.46,-10.76,-2.04,50.57,43.06,50.57,49.14,55.0,"11,538 M"
05/13/2026,1630,CNC,58.81,-0.84%,Health Care,.9511,4.87,$14.45,62.205,25.075,48.89,41.28,37.86,-1.0,1.0,-0.64,"6,463,198",200750.11,7006383.3,6530680.29,29.4,70.71,8.95,5.09,55.06,32.31,-32.31,-38.17,52.0,"29,040 M"
05/13/2026,1630,CNH,10.76,+0.19%,,1.59,0.32,($0.37),14.27,9.0,10.55,10.76,10.88,-2.0,0.39,-0.8,"11,436,795",100449.1,1.670938642E7,1.666668075E7,-7.62,1.03,6.75,-1.82,13.6,10.38,-10.38,-10.1,53.0,"13,342 M"
05/13/2026,1630,CNX,35.41,-1.06%,Energy,.6422,1.38,$3.98,43.62,27.72,37.77,39.27,35.77,-1.0,0.0,-0.29,"1,574,904",-100043.38,2117685.58,2203613.58,5.83,-15.97,-9.94,-0.87,44.47,36.04,44.47,40.1,49.0,"5,010 M"
05/13/2026,1630,COAL,25.05,-1.18%,,.8519,0.34,<empty>,29.1,16.5903,25.52,26.31,23.76,-2.0,-0.12,-0.52,"59,658",-200246.2,205098.37,169682.46,-36.66,-6.32,-2.34,-0.16,29.31,24.52,29.31,26.08,NaN,68 M
05/13/2026,1630,COCO,74.77,+0.21%,Consumer Staples,.7172,8.01,$1.13,76.35,31.79,60.21,55.54,48.4,-7.0,1.0,-0.77,"1,762,716",-100262.1,1541720.23,1533358.35,128.45,28.14,11.68,4.43,70.09,45.3,-45.3,-46.17,53.0,"4,270 M"
05/13/2026,1630,COF,181.54,-1.18%,Financials,1.044,3.73,$45.02,259.635,174.98,193.37,188.91,213.34,-4.0,-0.44,-0.31,"4,596,584",0.0,4736832.93,4998612.2,24.67,0.97,-4.87,-4.19,218.62,175.32,-175.32,210.16,47.0,"112,971 M"
05/13/2026,1630,COIN,201.80,-2.81%,Financials,3.222,8.23,$6.68,444.645,139.36,199.4,191.88,256.13,-1.0,-0.99,-0.57,"8,324,698",200776.5,1.100381988E7,1.195312695E7,-5.17,3.21,11.04,0.32,216.18,139.62,-139.62,-178.1,54.0,"53,166 M"
05/13/2026,1630,COM,35.40,-0.03%,,.0048,0.47,<empty>,35.62,27.4615,34.23,33.69,30.5,4.0,0.66,0.74,"409,102",200018.3,214514.12,182405.6,791.86,4.21,3.78,2.34,35.06,31.6,-31.6,-33.17,NaN,280 M
05/13/2026,1630,COP,117.40,-0.40%,Energy,.1812,4.29,$4.72,135.87,84.28,120.65,122.92,102.39,2.0,0.0,0.44,"5,632,878",100039.38,9817193.49,9720610.15,-29.22,-3.68,-8.46,3.1,136.31,108.6,136.31,-114.03,58.0,"143,028 M"
05/13/2026,1630,COPJ,46.87,+0.56%,,1.226,2.25,<empty>,53.945,19.7,42.77,41.19,37.55,6.0,0.64,0.82,"179,343",0.0,137101.16,148827.93,197.57,18.06,16.97,7.5,49.51,34.37,-34.37,-39.06,NaN,183 M
05/13/2026,1630,COPX,91.91,+1.26%,,1.087,4.68,<empty>,99.99,39.04,83.25,80.34,69.33,7.0,0.64,0.85,"6,184,155",100454.02,4355097.78,4504180.71,112.48,20.32,18.24,6.91,97.54,68.37,-68.37,-77.07,NaN,"8,004 M"
05/13/2026,1630,CORN,18.98,+0.26%,,-.0801,0.24,<empty>,19.13,16.61,18.54,18.4,17.78,3.0,0.76,0.65,"581,368",-200124.24,1137532.52,908789.1,32.46,1.66,0.74,1.99,19.07,17.58,-17.58,-18.17,NaN,282 M
05/13/2026,1630,COST,1033.08,+1.10%,Consumer Staples,.9068,10.64,$20.49,1067.08,844.06,1006.86,999.43,953.36,2.0,0.52,0.44,"1,635,757",0.0,1786093.8,1846341.99,4.14,2.44,3.45,2.41,1036.24,960.47,-960.47,-985.1,10.0,"458,329 M"
05/13/2026,1630,CP,85.64,-0.21%,Industrials,1.092,1.25,$1.62,89.415,68.421,84.64,82.35,77.03,-1.0,-0.52,-0.47,"1,812,579",-200328.11,2747223.99,2848225.02,-46.83,5.26,1.61,-0.46,89.51,76.3,-76.3,88.12,53.0,"76,026 M"
05/13/2026,1630,CPAY,331.25,-2.10%,Financials,.8453,14.24,$18.87,361.99,252.84,320.85,311.27,308.31,-1.0,0.83,-0.73,"557,512",0.0,599869.82,638454.67,-31.07,4.32,7.91,-3.7,356.62,281.37,-281.37,347.02,58.0,"21,651 M"
05/13/2026,1630,CPER,40.27,-0.42%,,.4908,1.53,<empty>,40.78,27.08,37.32,35.86,33.03,7.0,0.92,0.91,"1,278,137",0.0,818773.81,863535.11,53.25,15.65,11.95,5.23,38.15,32.37,-32.37,-35.07,NaN,779 M
05/13/2026,1630,CPNG,15.96,+0.38%,Consumer Discretionary,1.185,1.91,$0.16,34.075,15.645,19.47,19.37,24.79,1.0,-0.32,0.02,"22,889,587",-100247.06,2.154696289E7,2.320186265E7,74.35,-13.5,-21.42,-6.01,22.18,17.03,22.18,22.17,57.0,"28,649 M"
05/13/2026,1630,CPRI,17.18,-0.92%,Consumer Discretionary,1.477,1.02,($1.12),28.265,16.22,19.5,18.9,21.36,-5.0,-0.31,-0.22,"2,685,903",0.0,2693393.69,2779538.03,57.86,-7.53,-10.98,-7.29,22.57,17.31,-17.31,22.16,9.0,"2,047 M"
05/13/2026,1630,CPT,105.35,+0.11%,Real Estate,.8301,1.23,$7.67,119.89,96.53,103.8,102.13,105.41,3.0,0.81,0.63,"620,283",-300026.05,1146253.4,1130343.57,-15.93,4.71,0.03,1.52,112.62,97.32,-97.32,107.1,54.0,"10,439 M"
05/13/2026,1630,CRCL,126.57,+2.36%,Information Technology,2.855,13.23,$2.98,298.99,49.9,108.01,106.88,105.87,-2.0,0.73,-0.74,"19,343,752",101206.03,1.713945819E7,1.762506082E7,164.06,9.7,32.45,11.35,137.4,55.62,-55.62,-90.09,61.0,"31,462 M"
05/13/2026,1630,CRI,33.41,+0.27%,Consumer Discretionary,.8647,1.86,$3.58,44.44,23.3805,36.21,35.45,32.68,1.0,-0.09,0.39,"1,230,883",-100252.38,1184082.19,1269648.16,23.59,-3.63,-8.37,-5.43,44.57,32.46,-32.46,41.16,50.0,"1,231 M"
05/13/2026,1630,CRM,165.84,-3.19%,Information Technology,1.122,5.6,$15.16,296.05,163.52,180.88,184.89,225.15,-4.0,-0.61,-0.44,"10,908,694",300345.44,1.31426909E7,1.356548477E7,-51.99,-14.0,-8.49,-8.79,205.43,164.23,-164.23,194.16,9.0,"135,666 M"
05/13/2026,1630,CRSP,52.75,-0.15%,Health Care,1.517,1.6,($4.61),78.48,34.87,53.65,51.82,56.03,-2.0,-0.73,-0.46,"922,213",-200465.45,1961485.48,1890062.92,-39.37,8.21,4.02,-3.79,62.53,44.31,-44.31,-49.13,61.0,"5,088 M"
05/13/2026,1630,CRWD,562.57,+3.00%,Information Technology,1.036,40.11,$4.95,568.37,342.72,472.34,435.73,459.24,5.0,1.0,1.0,"2,792,590",-200456.24,3526543.11,3970350.48,-13.42,27.34,24.36,6.59,481.06,343.56,-343.56,-417.17,14.0,"143,195 M"
05/13/2026,1630,CSCO,101.87,+2.60%,Information Technology,.9193,4.3,$3.09,102.01,60.845,91.54,84.46,76.16,4.0,1.0,0.9,"40,943,630",-100135.38,2.15923985E7,2.294168439E7,93.53,30.05,13.73,5.49,95.06,73.61,-73.61,-86.11,0.0,"402,376 M"
05/13/2026,1630,CSX,44.40,-0.29%,Industrials,1.227,0.39,$1.02,46.55,30.17,44.6,42.19,37.65,-5.0,-0.63,-0.34,"13,295,340",-100025.02,1.286316934E7,1.276601677E7,-50.12,12.98,-0.63,-0.96,47.14,38.37,47.14,47.14,53.0,"82,501 M"
05/13/2026,1630,CTA,31.69,-0.94%,,-.2499,0.75,<empty>,32.7099,26.36,30.9,30.36,28.44,-1.0,-0.74,-0.41,"393,410",200033.29,826416.54,742196.04,-8.01,4.11,-2.58,3.16,33.07,28.18,33.07,33.07,NaN,"1,677 M"
05/13/2026,1630,CUBE,39.89,-2.56%,Real Estate,1.129,0.6,$2.67,44.13,35.09,39.85,38.84,38.82,-1.0,-0.81,-0.54,"1,594,818",-200031.41,2350138.54,2417725.99,-34.93,3.21,0.45,-1.41,42.51,36.34,-36.34,-39.11,54.0,"9,032 M"
05/13/2026,1630,CURB,27.41,-1.05%,Real Estate,.5573,0.38,$1.15,28.94,21.62,27.77,27.07,24.44,-2.0,-0.33,-0.46,"636,289",0.0,767695.65,868940.94,-46.77,3.36,-0.8,-1.69,29.11,25.62,29.11,29.11,52.0,"2,893 M"
05/13/2026,1630,CVNA,69.90,-5.18%,Consumer Discretionary,1.96,3.19,$1.06,97.378,54.464,78.04,69.17,73.95,-4.0,-0.54,-0.14,"12,094,859",-100384.59,1.364953315E7,1.676048344E7,30.42,16.44,-11.87,-10.32,84.09,54.31,84.09,84.09,53.0,"50,069 M"
05/13/2026,1630,CVS,98.11,+3.11%,Health Care,.6137,6.04,$5.82,98.22,58.35,83.14,78.28,76.72,6.0,1.0,1.0,"12,548,924",100230.06,8008090.73,8058798.12,39.16,28.87,16.94,8.35,84.1,70.31,-70.31,-76.14,53.0,"125,181 M"
05/13/2026,1630,CVX,186.00,+0.03%,Energy,.4986,3.83,$7.22,214.71,133.77,187.03,193.01,167.89,3.0,0.1,0.62,"7,546,865",200035.38,1.261545299E7,1.208449217E7,12.9,-5.5,-3.24,2.41,215.31,178.18,-178.18,-180.04,54.0,"370,437 M"
05/13/2026,1630,CWH,6.68,-0.30%,Consumer Discretionary,2.139,0.47,($1.68),19.64,5.7,7.29,7.0,11.94,-5.0,-0.57,-0.48,"2,218,507",500786.1,3401045.39,3512357.61,-26.95,3.41,-3.61,-10.81,13.62,6.38,-6.38,8.09,52.0,424 M
05/13/2026,1630,CZR,26.79,+5.43%,Consumer Discretionary,1.824,0.72,$2.59,31.58,17.86,27.58,27.1,24.37,-3.0,-0.44,-0.17,"4,793,936",301147.45,4394699.34,5333144.95,120.16,-4.53,-2.15,-4.46,31.44,18.6,31.44,29.17,52.0,"5,457 M"
05/13/2026,1630,D,62.72,-0.32%,Utilities,.6344,0.76,($8.61),67.5699,52.525,62.49,62.36,61.07,3.0,0.31,0.45,"6,126,547",100124.53,4421671.05,5033739.15,50.89,-0.78,0.35,1.34,68.6,59.37,-59.37,66.08,53.0,"55,159 M"
05/13/2026,1630,DAL,71.05,+0.48%,Industrials,1.281,2.24,$6.03,76.39,45.28,69.95,66.78,64.05,-3.0,-0.68,-0.58,"4,529,253",100259.41,1.221041333E7,1.145861554E7,-47.76,20.87,7.21,-3.11,75.18,55.46,75.18,75.04,38.0,"46,679 M"
05/13/2026,1630,DAPP,21.73,+0.05%,,3.391,1.47,<empty>,27.4899,12.0,19.96,17.74,18.87,-2.0,-1.0,-0.77,"167,217",-100342.05,937020.59,822361.71,-46.62,32.5,21.26,0.37,21.06,14.31,-14.31,23.02,NaN,540 M
05/13/2026,1630,DAR,62.26,-1.89%,Consumer Staples,1.12,1.39,$4.29,66.02,29.15,61.94,59.67,42.34,-2.0,-0.33,-0.46,"1,838,130",400751.26,3197110.44,3111949.26,-10.16,13.61,-0.86,-1.36,66.06,48.62,66.06,66.06,53.0,"9,895 M"
05/13/2026,1630,DASH,149.07,-3.94%,Consumer Discretionary,1.9,7.89,$4.07,285.5,143.3,171.75,165.72,213.91,-4.0,-0.65,-0.11,"6,110,360",-200653.05,4394655.45,5154041.56,48.9,-7.62,-11.96,-9.06,191.17,143.32,191.17,191.17,61.0,"64,953 M"
05/13/2026,1630,DDOG,205.31,+2.69%,Information Technology,1.324,30.28,$2.74,205.4375,98.0101,150.1,132.67,139.39,-1.0,1.0,-0.99,"4,555,793",100066.05,5338461.09,5599725.88,-26.05,64.88,53.24,2.57,150.06,98.55,-98.55,-124.17,58.0,"73,082 M"
05/13/2026,1630,DDS,532.92,-0.41%,Consumer Discretionary,1.184,18.02,$39.84,711.975,347.48,577.19,582.24,586.35,-2.0,-0.1,-0.27,"123,864",-100200.56,104141.77,116639.23,95.95,-8.54,-5.19,-5.38,681.57,545.03,681.57,639.16,1.0,"8,323 M"
05/13/2026,1630,DE,580.65,-1.45%,Industrials,.9646,10.19,$13.22,674.1899,433.0,580.48,582.02,519.14,-1.0,-0.15,-0.62,"961,353",100434.59,1195809.96,1423381.3,4.55,0.55,3.68,1.01,674.58,550.3,-550.3,-558.1,6.0,"156,838 M"
05/13/2026,1630,DECK,93.93,-1.01%,Consumer Discretionary,1.097,4.26,$6.28,131.58,78.91,103.6,103.19,103.27,-3.0,-0.2,-0.23,"1,818,881",0.0,1908715.43,1982960.98,24.75,-6.8,-7.31,-6.46,122.57,93.32,-93.32,114.17,6.0,"13,333 M"
05/13/2026,1630,DELL,243.87,+2.06%,Information Technology,1,17.2,$12.67,263.99,106.38,219.16,186.57,146.08,-2.0,1.0,-0.75,"4,969,712",-100455.38,7608048.46,8277961.12,12.4,60.84,18.58,-6.37,222.12,111.62,-111.62,264.03,10.0,"158,562 M"
05/13/2026,1630,DEO,80.69,-0.52%,Consumer Staples,.5409,2.11,$1.13,116.41,72.45,80.75,78.44,91.69,-3.0,-0.74,-0.65,"839,184",-200240.44,1750357.9,1903597.44,-16.43,4.29,4.25,-4.28,103.55,72.35,-72.35,86.05,58.0,"44,855 M"
05/13/2026,1630,DG,101.75,-1.19%,Consumer Staples,.3014,5.58,$10.87,158.23,86.25,116.56,123.16,121.34,-4.0,-0.18,-0.3,"4,615,075",-200256.02,3419308.23,3266644.53,100.83,-22.82,-10.85,-10.19,158.53,113.1,158.53,127.17,13.0,"22,408 M"
05/13/2026,1630,DGX,190.85,+0.35%,Health Care,.6104,2.71,$11.97,213.5,164.65,193.8,196.13,187.22,3.0,0.07,0.37,"693,136",300125.17,909201.37,925408.83,-45.14,-4.43,0.81,1.85,214.52,186.03,214.52,-186.03,47.0,"21,126 M"
05/13/2026,1630,DIN,28.65,-3.34%,Consumer Discretionary,.9659,0.8,$2.62,39.68,19.58,28.21,27.95,28.49,-1.0,0.5,-0.65,"742,656",200252.02,402312.6,416679.29,292.36,2.58,4.87,0.95,35.62,24.22,-24.22,-26.04,57.0,363 M
05/13/2026,1630,DIS,104.90,-1.19%,Communication Services,1.42,2.66,$3.98,124.69,92.185,104.31,101.02,109.0,-3.0,-0.93,-0.48,"7,598,910",200128.06,9772549.93,1.025094399E7,23.62,5.65,3.55,-2.89,108.62,92.32,110.04,110.04,57.0,"182,160 M"
05/13/2026,1630,DK,43.88,-4.77%,Energy,.5618,2.75,$7.70,49.5,16.76,43.34,43.29,34.83,-6.0,-0.66,-0.52,"1,411,988",200766.11,1464748.17,1488760.55,65.68,5.18,-5.98,-4.69,50.06,32.62,50.06,50.06,58.0,"2,689 M"
05/13/2026,1630,DKL,51.00,-1.28%,Energy,.4684,1.05,($0.81),55.89,40.1,51.09,51.51,47.61,-8.0,-0.41,-0.48,"34,168",-100233.38,61956.69,64157.01,-12.95,-3.72,-3.88,-0.1,56.62,48.27,-48.27,54.08,58.0,"2,712 M"
05/13/2026,1630,DKNG,25.03,+1.71%,Consumer Discretionary,1.5,0.81,$1.15,48.78,20.46,23.66,23.65,32.37,-3.0,0.85,-0.58,"9,871,850",0.0,1.324249085E7,1.46427808E7,11.15,-3.25,8.17,-1.92,27.62,20.31,-20.31,27.03,58.0,"12,418 M"
05/13/2026,1630,DLTR,86.80,-2.53%,Consumer Staples,.5783,4.11,$6.41,142.4,84.71,97.49,104.12,110.46,-4.0,-0.04,-0.45,"3,021,813",-100652.13,3447586.92,3336945.17,36.92,-19.23,-9.3,-7.89,139.57,93.06,139.57,110.16,10.0,"16,902 M"
05/13/2026,1630,DOC,19.55,-1.16%,Real Estate,1.02,1.68,$1.77,19.87,15.7,17.44,17.17,17.45,-2.0,1.0,-0.92,"10,298,668",101533.06,8547180.32,8866067.49,2.37,15.14,22.26,-0.46,18.52,16.11,-16.11,20.03,49.0,"13,478 M"
05/13/2026,1630,DOCU,45.07,-0.24%,Information Technology,1,1.2,$5.24,94.67,40.16,46.67,46.91,61.94,-4.0,-0.92,-0.47,"3,848,605",300656.4,4097463.01,4601676.31,-16.38,-4.21,-3.94,-5.91,51.38,40.54,51.38,50.07,15.0,"8,757 M"
05/13/2026,1630,DOV,214.62,-0.96%,Industrials,1.208,3.63,$8.33,237.54,158.97,221.64,215.51,195.87,-5.0,-0.34,-0.37,"608,798",200232.15,1055871.32,1119776.76,-74.49,5.24,-3.43,-2.37,238.62,201.28,-201.28,233.14,49.0,"28,901 M"
05/13/2026,1630,DOW,38.84,-1.50%,Materials,1,1.19,($0.53),42.74,20.4019,38.71,38.23,28.18,3.0,-0.22,0.49,"7,988,658",-100256.19,1.482970812E7,1.418863971E7,-65.23,6.06,-1.8,5.34,43.3,29.52,43.3,41.06,49.0,"27,994 M"
05/13/2026,1630,DPZ,308.48,-0.54%,Consumer Discretionary,1.042,14.49,$19.33,499.08,306.0,342.29,363.91,407.5,1.0,0.0,0.22,"914,556",-100231.13,1028186.17,1048135.85,7.98,-23.19,-7.17,-4.64,418.55,321.03,418.55,375.13,46.0,"10,261 M"
05/13/2026,1630,DRI,192.81,-3.17%,Consumer Discretionary,.5808,2.56,$8.56,228.27,169.0,197.4,198.4,196.28,-1.0,-0.3,-0.5,"1,381,511",-100132.38,1404494.2,1328221.31,-21.66,-4.72,-1.77,-1.74,221.59,187.22,-187.22,-190.04,29.0,"22,083 M"
05/13/2026,1630,DRLL,36.3074,-0.23%,,.479,0.91,<empty>,41.0248,25.93,36.38,37.12,31.41,3.0,-0.15,0.64,"10,010",-200127.22,33721.88,30866.8,-40.7,-2.66,-3.57,2.98,41.31,33.6,41.31,38.06,NaN,289 M
05/13/2026,1630,DRVN,12.68,-1.25%,Consumer Discretionary,.9787,0.49,$0.19,19.74,9.8,13.12,12.25,14.91,-6.0,-0.86,-0.56,"1,373,438",-100470.1,1913894.54,2081182.49,-8.38,22.63,-0.47,-5.44,17.59,10.54,-10.54,14.08,NaN,"2,085 M"
05/13/2026,1630,DT,34.73,-11.43%,Information Technology,.738,1.94,$1.54,57.55,31.635,37.04,37.14,43.13,-3.0,-0.89,-0.54,"20,600,056",100447.01,7102343.02,7258462.09,126.28,-9.53,-4.59,-14.67,40.4,32.23,41.04,41.04,0.0,"10,358 M"
05/13/2026,1630,DVN,46.90,+0.28%,Energy,.5214,2.16,$3.88,52.71,30.24,47.73,47.73,39.16,2.0,-0.11,0.34,"14,404,448",-200239.06,1.629980377E7,1.517044398E7,28.67,1.41,-8.18,2.83,53.31,42.53,53.31,-44.04,57.0,"54,075 M"
05/13/2026,1630,DXCM,58.57,-4.20%,Health Care,1.339,1.14,$3.68,89.98,54.11,60.99,63.72,68.45,-1.0,-0.3,-0.55,"7,030,917",100147.09,4568936.32,4627112.72,180.58,-8.83,1.75,-3.37,74.56,57.1,-57.1,-57.1,53.0,"22,601 M"
05/13/2026,1630,EA,200.18,0.00%,Communication Services,.6627,0.97,$9.29,204.885,141.19,202.01,201.78,195.0,2.0,-0.18,0.42,"2,183,982",0.0,2040492.77,2114350.14,64.16,0.47,-1.23,-0.13,204.25,197.46,204.25,204.17,52.0,"50,096 M"
05/13/2026,1630,EAT,126.36,-6.63%,Consumer Discretionary,1.253,7.32,$11.42,187.123,100.3,143.77,144.5,144.47,-4.0,-0.17,-0.19,"1,668,796",100351.11,1214678.02,1239267.47,92.62,-12.26,-14.51,-8.88,169.62,128.11,169.62,159.17,62.0,"5,419 M"
05/13/2026,1630,EBAY,113.01,+2.36%,Consumer Discretionary,1.392,4.09,$3.71,113.73,68.89,105.32,97.78,91.36,2.0,0.95,0.72,"6,793,344",300043.08,5776859.53,6073524.73,33.61,23.72,8.88,4.94,111.07,78.6,-78.6,-96.09,53.0,"50,176 M"
05/13/2026,1630,ECH,40.41,-1.08%,,.7671,0.78,<empty>,47.845,29.28,42.08,40.91,38.22,-3.0,-0.34,-0.36,"286,070",200131.36,815782.35,939480.79,-63.39,4.02,-1.65,-2.95,46.62,38.47,-38.47,-40.07,NaN,"1,010 M"
05/13/2026,1630,ECPG,79.02,-3.17%,Financials,1.325,1.41,$7.32,92.64,35.675,82.6,75.75,55.58,-3.0,-0.39,0.0,"339,537",-400926.05,340776.29,327271.5,-11.3,18.45,-3.55,-5.79,86.06,56.62,93.04,93.04,58.0,"1,694 M"
05/13/2026,1630,EDEN,112.7967,-0.22%,,.8813,1.58,<empty>,125.6375,98.31,110.76,106.9,110.85,-1.0,0.79,-0.54,"5,017",-200100.08,7584.09,8402.22,141.97,12.15,4.75,0.58,117.62,98.37,-98.37,113.02,NaN,203 M
05/13/2026,1630,EDU,52.42,+0.29%,Consumer Discretionary,.1793,1.39,$4.09,64.97,41.62,54.39,54.94,54.28,-4.0,-0.26,-0.5,"882,579",0.0,797477.47,799266.12,-35.74,-2.69,-1.69,-2.22,62.62,50.5,-50.5,-51.14,53.0,"8,342 M"
05/13/2026,1630,EDV,62.59,-0.45%,,.7327,0.52,<empty>,71.305,61.56,63.8,64.68,66.55,-3.0,-0.2,-0.49,"1,513,807",-100220.38,1315264.31,1265504.09,16.25,-3.38,-1.23,-2.25,69.52,63.07,69.52,65.15,NaN,"3,809 M"
05/13/2026,1630,EEM,67.21,+2.11%,,.7201,1.81,<empty>,68.15,45.2301,64.54,60.62,56.2,-2.0,-0.97,-0.6,"26,053,119",-200238.38,3.706891739E7,3.905069069E7,-21.7,18.33,7.21,-1.07,66.52,54.31,-54.31,68.02,NaN,"29,761 M"
05/13/2026,1630,EFNL,55.4461,+2.34%,,.776,0.86,<empty>,55.81,34.96,53.93,51.49,47.02,1.0,0.83,0.32,"8,183",100100.03,11743.53,10832.01,-28.88,14.46,3.87,2.45,56.08,47.32,56.08,56.08,NaN,55 M
05/13/2026,1630,EFX,159.94,-4.09%,Industrials,1.339,4.0,$9.32,281.03,157.59,176.38,181.58,213.44,-3.0,-0.32,-0.43,"1,948,831",200041.08,1712148.97,1691860.1,-39.87,-13.21,-7.31,-9.04,211.48,166.35,211.48,200.17,47.0,"19,044 M"
05/13/2026,1630,EGP,203.55,-0.22%,Real Estate,1.072,2.38,$9.22,206.78,159.365,201.31,193.81,180.84,-3.0,-0.88,-0.43,"276,318",100017.05,362115.89,374037.99,-48.03,8.5,2.74,-0.86,204.16,181.37,-181.37,207.03,48.0,"10,942 M"
05/13/2026,1630,EIS,134.04,-0.58%,,1.029,3.53,<empty>,136.98,80.56,130.99,124.97,110.22,-3.0,-0.95,-0.56,"78,420",-200200.32,144944.12,157727.76,-1.69,13.67,3.96,-2.07,135.06,110.31,137.04,137.04,NaN,"1,005 M"
05/13/2026,1630,EL,82.13,-3.25%,Consumer Staples,1.27,3.67,$3.55,121.635,62.03,79.72,79.87,93.94,-4.0,-0.81,-0.78,"2,463,849",-200762.36,4595068.53,4501318.98,-1.55,-6.54,8.51,-4.72,118.55,66.28,-66.28,88.04,67.0,"29,714 M"
05/13/2026,1630,ELS,63.07,-0.58%,Real Estate,2.115,0.38,$2.97,69.0,58.15,63.44,64.4,62.68,-1.0,0.32,-0.73,"1,234,745",-200026.53,1410107.71,1711784.85,-36.91,-7.1,1.37,-0.27,69.42,62.32,-62.32,-62.1,46.0,"12,232 M"
05/13/2026,1630,ELV,399.64,+1.61%,Health Care,.6256,13.23,$29.01,412.96,273.71,359.58,321.84,328.7,2.0,1.0,0.66,"3,159,818",-300245.51,1864256.65,1901583.25,13.73,37.04,6.11,5.71,377.1,275.46,-275.46,-315.17,44.0,"86,787 M"
05/13/2026,1630,EMB,95.54,-0.19%,,.3506,0.32,<empty>,97.8,89.45,95.94,95.26,95.61,-2.0,-0.78,-0.38,"8,683,045",100110.37,1.058288381E7,1.004855927E7,-8.18,1.23,0.04,-0.63,98.56,93.32,-93.32,-95.07,NaN,"14,207 M"
05/13/2026,1630,EMR,137.76,+0.35%,Industrials,1.231,2.99,$5.55,165.15,114.83,140.9,137.42,137.49,-3.0,-0.55,-0.34,"2,964,557",0.0,2993965.75,3201094.12,11.41,4.17,0.88,-2.51,158.62,123.31,-123.31,149.05,58.0,"77,159 M"
05/13/2026,1630,ENB,55.19,+0.64%,Energy,.5807,0.86,$0.41,55.49,43.5892,53.6,53.83,49.67,3.0,0.49,0.62,"5,643,156",0.0,4369515.3,4873542.08,109.83,2.05,3.31,2.99,55.08,51.6,55.08,55.08,54.0,"120,518 M"
05/13/2026,1630,ENPH,42.00,+12.06%,Information Technology,1.162,2.54,$1.11,52.93,25.775,35.01,37.33,36.27,7.0,0.53,0.9,"11,481,639",100987.01,6147027.47,6065086.98,50.51,-4.7,34.66,15.23,51.54,30.1,-30.1,-30.1,52.0,"5,536 M"
05/13/2026,1630,ENR,17.02,-3.79%,Consumer Staples,.7631,0.9,$2.31,30.29,16.0,19.15,18.18,22.17,-3.0,-0.62,-0.3,"1,211,098",100647.06,1207002.47,1196138.76,63.6,0.06,-8.1,-9.76,24.62,16.3,-16.3,21.06,56.0,"1,165 M"
05/13/2026,1630,ENVX,7.29,+4.59%,Industrials,2.187,0.27,($0.55),16.49,4.615,6.71,5.85,8.28,3.0,0.95,0.56,"12,367,756",300413.01,5852872.02,5921031.51,108.74,47.57,13.91,10.29,7.15,5.46,-5.46,-6.1,0.0,"1,588 M"
05/13/2026,1630,ENZL,45.33,+0.04%,,.8945,0.93,<empty>,48.24,41.6875,44.63,44.28,45.5,-2.0,-0.93,-0.66,"6,295",0.0,23646.39,37312.44,37.32,3.28,5.08,-1.37,48.62,42.31,-42.31,46.02,NaN,73 M
05/13/2026,1630,EOG,134.93,+0.60%,Energy,.3081,3.63,$7.36,151.87,101.5936,134.61,136.57,118.5,3.0,0.13,0.57,"2,594,809",-100039.38,4702684.77,5045702.95,-43.89,1.0,-3.01,3.77,152.31,115.62,152.31,143.06,59.0,"71,868 M"
05/13/2026,1630,EPD,38.29,+0.34%,Energy,.4939,0.45,$1.37,39.735,30.01,37.9,37.76,33.68,3.0,0.16,0.43,"3,162,204",-200023.13,4448199.78,4488964.91,17.26,3.51,-1.29,2.96,40.32,35.62,40.32,39.07,52.0,"82,841 M"
05/13/2026,1630,EPHE,24.78,+0.57%,,.5934,0.38,<empty>,28.4,23.17,24.79,24.96,25.48,-2.0,0.46,-0.7,"51,955",200100.46,146103.39,151603.08,95.06,-0.76,2.82,-1.71,28.54,24.31,-24.31,26.04,NaN,133 M
05/13/2026,1630,EPOL,39.57,+1.83%,,1.063,0.64,<empty>,40.9399,29.03,39.11,37.47,35.16,1.0,0.57,0.37,"166,067",100040.14,516057.61,541130.23,-67.56,14.76,4.27,1.38,41.18,34.37,41.18,-38.1,NaN,627 M
05/13/2026,1630,EPR,58.17,-0.22%,Real Estate,1.06,1.24,$5.71,62.08,48.105,56.61,54.82,54.13,-2.0,0.86,-0.66,"598,328",-300635.38,861483.18,863850.35,79.74,3.84,3.14,-0.19,62.53,48.32,-48.32,59.04,53.0,"4,450 M"
05/13/2026,1630,EPU,84.53,+0.39%,,.7862,2.36,<empty>,95.28,44.1,81.69,81.73,71.07,7.0,0.37,0.75,"203,261",0.0,98569.27,116307.59,164.51,5.57,8.99,1.44,95.52,74.37,-74.37,-77.1,NaN,533 M
05/13/2026,1630,EQR,65.83,-0.09%,Real Estate,.7785,1.24,$4.27,71.8,57.57,64.27,61.88,62.45,-6.0,-0.97,-0.56,"2,614,798",-100122.02,2590084.56,2650360.58,-3.01,9.73,0.61,0.44,67.06,58.37,67.06,67.06,57.0,"24,665 M"
05/13/2026,1630,EQRR,76.516,+0.70%,,.918,0.84,<empty>,76.6899,57.39,74.8,71.42,65.9,1.0,-0.91,0.37,"7,964",200000.31,18110.8,14189.29,-32.51,14.35,3.04,0.79,77.06,67.42,-67.42,-73.17,NaN,54 M
05/13/2026,1630,EQT,55.93,+0.27%,Energy,.5989,1.47,$6.55,68.24,48.47,57.94,60.69,56.24,1.0,-0.11,0.47,"4,412,523",0.0,8225988.58,8648735.1,-54.67,-13.11,-5.38,-0.05,68.32,55.04,68.32,61.12,47.0,"34,983 M"
05/13/2026,1630,ESI,44.23,+0.64%,Materials,1.267,1.72,$0.50,45.515,20.8,41.38,36.81,29.49,-2.0,-0.96,-0.62,"3,096,613",500537.11,3072267.14,3229365.76,39.45,42.72,3.92,0.75,45.06,29.46,-29.46,46.02,54.0,"10,775 M"
05/13/2026,1630,ESPO,90.9749,+1.81%,,1.01,0.89,<empty>,122.986,86.92,92.13,91.24,104.9,1.0,0.68,0.44,"14,399",0.0,19184.97,21182.43,17.91,-1.15,-0.47,0.59,97.18,87.31,97.18,97.17,NaN,255 M
05/13/2026,1630,ESS,271.94,+1.23%,Real Estate,.7331,4.35,$16.77,294.09,238.46,261.62,253.66,257.7,1.0,1.0,0.67,"419,658",-100223.11,467261.77,474848.97,17.71,8.8,2.65,3.18,270.1,238.32,-238.32,-251.15,52.0,"17,475 M"
05/13/2026,1630,ET,20.10,+0.50%,Energy,.5655,0.4,$0.98,20.665,16.18,19.53,19.18,17.75,2.0,0.64,0.49,"12,896,076",500224.07,1.663959964E7,1.652003651E7,92.52,7.2,1.72,3.93,21.06,18.62,21.06,21.06,57.0,"69,167 M"
05/13/2026,1630,ETH,21.42,-1.24%,,2.356,0.37,<empty>,45.785,17.065,22.03,21.01,29.59,-2.0,-0.89,-0.55,"1,546,616",100474.5,4224575.52,5044245.34,-49.56,7.53,1.13,-2.59,23.18,17.55,23.18,-21.1,NaN,"2,051 M"
05/13/2026,1630,ETH-USD,-78.24,+5.13%,,3.938,8.19,<empty>,4.9275,-79.5199,-59.45,-43.67,-25.17,-1.0,0.0,-0.11,"1,107,063",-200076.02,909374.92,885891.75,7.96,146.19,35.53,6.72,-22.69,-73.97,-23.0,-46.0,NaN,"-2,353 M"
05/13/2026,1630,ETHA,17.02,-1.28%,,2.21,0.29,<empty>,36.8,13.62,17.52,16.73,23.7,-2.0,-0.89,-0.55,"24,267,722",0.0,3.28900807E7,3.350412092E7,-19.9,7.11,1.01,-2.63,19.18,14.55,19.18,-17.1,NaN,"7,177 M"
05/13/2026,1630,ETHE,18.29,-1.24%,,3.279,0.31,<empty>,40.135,14.71,18.83,18.01,25.71,-2.0,-0.89,-0.55,"1,570,935",0.0,2940980.95,3471745.05,-34.84,6.9,0.94,-2.61,20.18,15.55,20.18,-18.1,NaN,"1,838 M"
05/13/2026,1630,ETSY,57.40,-0.19%,Consumer Discretionary,1.774,3.04,$6.75,76.515,44.0,63.19,57.02,58.82,-10.0,-0.64,-0.05,"2,896,347",200462.11,3025072.45,3527232.3,1.99,10.34,-17.53,-10.84,71.1,44.59,71.1,71.1,53.0,"5,447 M"
05/13/2026,1630,EWA,29.12,-0.68%,,.9957,0.34,<empty>,30.4799,24.94,29.42,28.89,27.48,-2.0,-0.48,-0.36,"1,492,581",-100126.49,4054372.99,4538931.11,-31.82,4.07,1.75,-1.42,30.18,27.31,30.18,30.05,NaN,"1,340 M"
05/13/2026,1630,EWC,57.74,-0.91%,,.8698,0.39,<empty>,58.89,43.22,58.01,56.57,53.03,-1.0,-0.72,-0.41,"3,442,463",100214.1,2638552.74,2633469.07,94.52,4.92,1.33,-0.6,59.16,53.37,59.16,-57.1,NaN,"5,410 M"
05/13/2026,1630,EWD,50.74,+0.06%,,1.099,0.76,<empty>,54.93,42.99,51.95,50.85,49.27,-2.0,-0.53,-0.31,"143,909",-100022.3,170948.09,170373.83,-21.93,2.84,0.87,-1.32,55.52,47.37,-47.37,-50.07,NaN,308 M
05/13/2026,1630,EWG,42.16,+0.52%,,.9632,0.5,<empty>,44.65,37.975,42.31,41.14,41.83,-5.0,-0.83,-0.42,"441,922",200133.31,2573791.65,2340775.93,-84.69,5.82,1.98,-1.15,45.52,38.32,-38.32,44.05,NaN,"1,442 M"
05/13/2026,1630,EWH,24.55,+1.53%,,.3903,0.45,<empty>,24.66,18.69,23.72,23.35,22.33,1.0,0.82,0.76,"8,077,119",100226.31,5317640.5,5433829.98,157.39,7.86,5.23,1.11,24.52,21.35,25.04,25.04,NaN,"1,013 M"
05/13/2026,1630,EWI,58.91,+0.08%,,.887,0.99,<empty>,59.665,45.79,57.96,55.48,53.58,-2.0,-0.82,-0.45,"582,021",200134.37,514737.58,500841.97,49.57,13.11,3.95,-0.37,59.18,50.37,60.05,60.05,NaN,654 M
05/13/2026,1630,EWJ,93.09,+1.12%,,.6905,2.12,<empty>,94.28,71.09,89.37,86.97,83.76,1.0,0.73,0.8,"5,347,037",300238.47,8758499.21,9507626.63,3.33,11.67,7.23,0.94,94.62,81.37,-81.37,-86.14,NaN,"21,588 M"
05/13/2026,1630,EWJV,45.45,+1.27%,,.4751,1.04,<empty>,47.69,33.5,43.48,42.97,40.95,10.0,0.52,0.81,"239,389",200000.03,217417.26,245956.94,132.11,10.18,7.74,2.78,48.62,40.37,-40.37,-42.14,NaN,700 M
05/13/2026,1630,EWK,26.4886,+0.26%,,.6879,0.52,<empty>,27.6299,20.79,25.91,25.2,24.44,-2.0,0.74,-0.61,"8,464",-100100.03,67864.46,58471.2,-98.06,9.37,5.89,0.72,28.62,23.37,-23.37,27.05,NaN,100 M
05/13/2026,1630,EWM,30.21,+0.17%,,.4864,0.42,<empty>,30.635,23.342,29.59,29.05,27.28,-4.0,-0.7,-0.72,"147,111",-200134.34,370136.49,383085.1,-49.78,5.48,3.32,-0.33,30.57,28.26,31.04,31.04,NaN,378 M
05/13/2026,1630,EWN,65.34,+2.05%,,1.141,1.49,<empty>,65.91,50.56,63.54,60.95,58.64,1.0,0.91,0.5,"75,483",-100027.02,135583.21,128152.34,-17.7,11.44,6.76,-0.52,65.18,55.31,66.05,66.05,NaN,503 M
05/13/2026,1630,EWO,39.548,+0.11%,,.8047,0.53,<empty>,40.37,27.56,39.23,37.18,34.31,-2.0,-0.78,-0.41,"14,428",100100.41,37565.18,43027.6,-48.89,16.63,2.09,-0.91,40.18,34.37,40.18,40.04,NaN,131 M
05/13/2026,1630,EWP,56.43,0.00%,,.6757,0.68,<empty>,58.99,41.37,56.63,55.26,52.38,-2.0,-0.59,-0.42,"1,975,524",300124.01,587557.81,588470.03,780.14,7.59,1.66,-1.4,59.18,51.37,59.18,-55.07,NaN,"1,761 M"
05/13/2026,1630,EWQ,45.14,+0.07%,,.8463,0.55,<empty>,48.39,40.91,45.45,44.53,44.54,-3.0,-0.7,-0.43,"690,849",-100016.03,533592.57,502733.81,54.86,5.47,1.42,-1.35,48.53,42.37,-42.37,47.05,NaN,388 M
05/13/2026,1630,EWS,29.39,+1.41%,,.5405,0.29,<empty>,29.6699,24.845,28.88,28.39,28.24,4.0,0.67,0.6,"513,541",-300018.03,941442.53,917323.24,-24.96,8.33,4.22,1.73,30.18,27.48,30.18,-28.1,NaN,823 M
05/13/2026,1630,EWUS,41.9084,+0.62%,,1.038,0.51,<empty>,45.0422,38.02,42.47,41.44,41.51,-3.0,-0.64,-0.33,"3,419",0.0,4033.06,4411.17,-48.68,4.46,1.43,-2.36,45.53,38.31,-38.31,-41.07,NaN,42 M
05/13/2026,1630,EWW,80.27,+0.35%,,.7872,1.75,<empty>,81.6499,57.282,78.26,76.25,70.64,7.0,0.65,0.69,"1,291,784",100039.48,1789932.23,1923075.02,12.14,12.22,6.46,0.5,82.62,70.37,-70.37,-75.1,NaN,"2,223 M"
05/13/2026,1630,EWY,188.63,+5.68%,,1.393,13.76,<empty>,194.58,58.19,164.57,144.14,107.56,-2.0,1.0,-0.82,"18,730,692",200875.47,2.311812503E7,2.305247907E7,3.55,51.94,22.52,-0.83,175.06,115.3,-115.3,195.02,NaN,"23,692 M"
05/13/2026,1630,EWZ,36.78,-3.82%,,.7084,0.84,<empty>,42.02,26.193816,39.65,38.55,33.7,-3.0,-0.05,-0.11,"61,598,502",-100335.01,3.131434673E7,3.399042916E7,62.25,3.63,-4.84,-5.98,42.21,35.37,42.21,42.16,NaN,"10,732 M"
05/13/2026,1630,EWZS,14.05,-4.78%,,.8162,0.36,<empty>,16.46,11.72,15.24,14.82,13.98,-3.0,-0.29,-0.18,"6,371,341",-200431.01,561384.25,734029.02,1638.31,3.69,-3.83,-7.57,16.16,13.37,16.16,16.16,NaN,308 M
05/13/2026,1630,EXAS,104.91,0.00%,Health Care,1.418,0.41,$1.89,104.98,38.8118,103.57,103.02,74.29,6.0,0.02,0.29,<empty>,-100037.01,2640344.92,2627886.23,1111.65,2.5,1.36,0.93,104.09,101.61,-101.61,-103.15,34.0,"20,026 M"
05/13/2026,1630,EXP,199.36,-1.32%,Materials,1.375,4.34,$7.15,243.64,171.99,206.74,196.88,217.8,-5.0,-0.85,-0.39,"284,633",-100535.55,407539.31,424104.2,35.27,6.91,-2.54,-5.27,239.57,172.37,-172.37,221.04,4.0,"6,266 M"
05/13/2026,1630,EXPD,155.80,+0.89%,Industrials,1.053,4.45,$6.83,167.19,109.9,149.9,146.33,139.19,-2.0,0.64,-0.98,"792,775",0.0,1160108.01,1409088.83,0.73,9.29,4.71,-0.57,164.62,130.62,164.62,157.02,56.0,"20,377 M"
05/13/2026,1630,EXPE,217.55,-1.77%,Consumer Discretionary,1.259,12.21,$33.16,303.8,156.05,247.85,240.01,237.47,-4.0,-0.5,-0.09,"1,973,198",100753.49,1968721.57,2455328.4,16.26,-4.74,-13.18,-5.4,280.16,185.56,280.16,280.16,59.0,"26,111 M"
05/13/2026,1630,EXR,142.41,-1.64%,Real Estate,1.211,1.77,$8.69,155.19,125.71,142.57,139.49,139.48,-1.0,-0.67,-0.53,"755,418",100032.12,1199522.8,1260682.34,-47.79,0.74,1.34,-0.62,155.56,128.34,-128.34,-138.11,53.0,"30,086 M"
05/13/2026,1630,EYE,16.92,-19.20%,Consumer Discretionary,1.052,1.81,$0.93,30.02,14.75,23.24,25.15,25.97,-3.0,0.0,-0.01,"13,323,033",-401172.01,1751780.77,1620899.81,1974.83,-35.62,-24.43,-26.31,30.49,22.06,30.49,26.17,0.0,"1,356 M"
05/13/2026,1630,EZA,70.77,+0.08%,,.7937,1.77,<empty>,81.755,50.02,70.31,69.4,67.12,-2.0,0.56,-0.61,"76,141",0.0,264088.59,285084.07,-75.82,6.26,6.45,-1.3,82.52,62.37,-62.37,-66.1,NaN,757 M
05/13/2026,1630,F,13.57,+13.18%,Consumer Discretionary,1.696,0.46,$2.40,14.795,9.88,12.35,12.09,12.57,1.0,0.78,0.74,"215,693,017",101354.01,4.986507731E7,5.672339579E7,599.29,16.28,10.87,10.15,15.53,11.31,-11.31,-11.07,53.0,"54,072 M"
05/13/2026,1630,FAF,66.86,-1.43%,Financials,1.292,1.28,$8.00,71.47,53.09,68.48,64.88,64.13,-3.0,-0.78,-0.38,"711,692",-200239.38,981138.42,1031737.37,-51.32,1.83,-5.99,-5.88,71.51,56.37,-56.37,71.12,48.0,"6,813 M"
05/13/2026,1630,FANG,201.10,+1.49%,Energy,.4518,6.8,($1.65),214.51,132.2,196.45,191.73,160.22,3.0,0.41,0.35,"1,387,526",100239.45,3397357.31,3302638.37,-46.0,10.27,-2.06,6.57,215.07,164.6,215.07,215.07,56.0,"56,572 M"
05/13/2026,1630,FAST,43.77,+1.04%,Industrials,.7535,0.6,$1.01,50.63,38.9703,44.65,45.41,44.8,1.0,-0.27,0.28,"7,427,756",-100137.38,7680882.47,7623508.34,42.04,-3.72,0.14,-0.91,50.23,43.37,50.23,-43.02,41.0,"50,249 M"
05/13/2026,1630,FCFS,224.25,-2.73%,Financials,.5108,5.43,$12.47,235.97,119.205,218.1,203.57,169.53,-2.0,-0.94,-0.62,"288,671",100540.29,366158.6,344288.26,-44.35,16.15,3.98,-1.51,227.14,176.55,-176.55,-205.15,53.0,"9,830 M"
05/13/2026,1630,FCG,29.79,0.00%,,.5324,0.88,<empty>,33.03,21.76,29.99,30.21,25.5,2.0,-0.1,0.5,"504,871",-200133.3,1476316.86,1371739.2,-69.3,0.27,-4.85,3.01,33.31,26.62,33.31,32.07,NaN,777 M
05/13/2026,1630,FDX,369.70,-1.79%,Industrials,1.347,11.85,$18.48,404.03,214.35,383.46,369.54,298.05,-1.0,-0.18,-0.34,"1,363,011",-200636.08,1821490.01,1802818.87,-6.88,5.12,-4.86,-2.35,404.09,341.31,404.09,-354.07,27.0,"88,213 M"
05/13/2026,1630,FICO,1064.64,-1.97%,Information Technology,1.213,38.32,$36.29,2217.6,870.01,1050.85,1101.52,1454.43,-3.0,-0.72,-0.7,"376,039",-500882.16,394576.19,368128.17,-28.87,-5.89,2.02,-5.45,1494.48,870.15,-870.15,1134.04,53.0,"24,690 M"
05/13/2026,1630,FISV,52.37,-4.57%,Financials,.7792,3.49,$7.64,191.28,52.17,59.96,58.6,84.89,-1.0,-0.84,0.0,"7,338,917",-100146.07,6275578.43,6795162.73,52.61,-7.7,-15.56,-5.61,65.16,53.32,65.16,65.16,48.0,"27,927 M"
05/13/2026,1630,FIVE,209.99,+0.71%,Consumer Discretionary,.9495,9.62,$7.47,251.63,101.385,229.14,225.71,182.54,-5.0,0.0,0.0,"851,834",100747.39,1161285.88,1102620.42,4.34,-0.18,-7.96,-5.89,252.16,197.62,252.16,252.16,14.0,"11,611 M"
05/13/2026,1630,FLG,13.70,-1.37%,Financials,1.006,0.19,<empty>,14.92,10.38,14.14,13.5,12.65,-3.0,-0.5,-0.24,"2,760,550",-200036.14,4891664.81,5088492.3,-45.77,12.3,-0.8,-4.06,15.13,12.43,15.13,15.13,50.0,"5,710 M"
05/13/2026,1630,FLNG,31.67,-3.83%,Energy,.2117,0.61,$2.60,33.4,21.72,31.86,30.67,27.05,-1.0,-0.76,-0.29,"954,501",-100541.38,600330.28,631880.9,308.93,10.62,-0.78,-3.21,33.06,25.62,33.06,33.06,0.0,"1,713 M"
05/13/2026,1630,FLO,7.73,-4.45%,Consumer Staples,.4296,0.36,$1.51,17.32,7.66,8.6,8.51,11.39,-12.0,-0.54,-0.39,"9,737,944",-100443.01,5235955.99,5536691.64,209.29,-12.06,-12.85,-8.41,12.62,8.24,12.62,9.08,6.0,"1,638 M"
05/13/2026,1630,FLUT,95.01,-0.99%,Consumer Discretionary,1.237,5.64,$2.67,313.685,92.22,104.92,105.96,197.37,-12.0,-0.77,-0.36,"2,386,525",-100461.53,3147315.92,3770988.85,41.38,-12.33,-11.7,-6.11,148.62,98.05,148.62,115.12,59.0,"16,469 M"
05/13/2026,1630,FND,45.61,-4.28%,Consumer Discretionary,1.619,1.71,$0.98,92.405,44.28,50.33,52.42,66.69,-3.0,-0.37,-0.4,"5,178,245",100564.09,3044230.64,2925144.83,93.07,-19.98,-4.32,-11.83,73.57,46.28,73.57,56.16,54.0,"4,930 M"
05/13/2026,1630,FNF,47.47,-0.27%,Financials,.9842,1.7,$20.19,61.4025,42.78,50.6,48.45,54.81,-13.0,-0.66,-0.05,"2,022,062",-200345.38,2061771.29,2024362.1,20.24,-0.21,-9.24,-6.15,58.62,43.37,-43.37,-47.04,58.0,"12,777 M"
05/13/2026,1630,FORM,129.31,-2.05%,Information Technology,1.242,7.72,$0.47,159.09,26.08,141.07,117.29,69.24,-2.0,-0.37,0.0,"3,480,460",-301088.02,1820357.26,1711221.65,201.31,43.81,-4.59,-12.55,159.13,81.46,159.13,159.13,53.0,"10,080 M"
05/13/2026,1630,FOUR,40.87,+0.22%,Financials,1.405,2.0,$5.00,108.5,39.6062,45.25,45.14,66.04,-4.0,-0.59,-0.29,"2,137,044",202079.36,2063161.8,2329942.55,-10.43,-5.68,-9.36,-4.02,60.57,40.24,60.57,52.15,56.0,"3,242 M"
05/13/2026,1630,FOXA,66.47,+0.47%,Communication Services,.5405,1.68,$5.19,76.39,52.96,64.06,61.13,63.03,5.0,0.82,0.75,"3,243,013",-200241.31,3568301.27,3841815.38,16.08,15.82,5.61,5.61,66.14,53.54,-53.54,-61.06,57.0,"27,930 M"
05/13/2026,1630,FR,61.86,-0.85%,Real Estate,1.097,0.49,$3.48,64.66,47.36,62.43,60.73,56.62,-3.0,-0.59,-0.37,"736,546",-100347.38,950215.66,999979.23,-34.23,2.91,0.78,-1.42,65.16,57.37,65.16,-61.07,48.0,"8,201 M"
05/13/2026,1630,FROG,64.18,-4.99%,Information Technology,1.031,8.98,$1.28,72.06,34.05,51.94,47.22,51.21,-2.0,1.0,-0.9,"3,306,272",100668.04,2961912.85,3556119.3,52.22,56.27,38.71,-9.03,56.61,34.55,-34.55,72.03,59.0,"7,773 M"
05/13/2026,1630,FRPT,48.63,-5.15%,Consumer Staples,1.745,6.71,$0.96,89.8,46.76,61.72,65.62,62.08,-1.0,-0.09,-0.25,"2,220,967",-401159.06,1668610.33,1665276.52,113.24,-36.51,-26.47,-8.38,86.48,52.03,86.48,70.17,55.0,"2,390 M"
05/13/2026,1630,FRT,114.13,-1.23%,Real Estate,.9637,2.1,$6.02,117.22,89.99,113.1,109.08,102.04,-5.0,-0.92,-0.51,"771,825",200316.09,854384.38,887044.98,79.48,9.23,3.18,-1.34,116.07,102.34,117.05,117.05,57.0,"9,860 M"
05/13/2026,1630,FSLY,18.31,-3.78%,Information Technology,.5512,4.42,$0.28,34.82,6.29,24.69,25.55,13.75,-5.0,0.0,-0.14,"7,071,630",0.0,1.315078829E7,1.600601287E7,9.96,-25.51,-30.62,-10.73,35.25,13.62,35.25,33.06,58.0,"2,866 M"
05/13/2026,1630,FTNT,117.69,+3.35%,Information Technology,.9747,13.18,$3.24,117.835,70.12,92.63,86.14,83.11,9.0,1.0,1.0,"5,230,538",100350.05,6101311.43,6284315.13,-3.46,41.05,36.67,3.17,90.06,74.55,-74.55,-81.17,58.0,"86,225 M"
05/13/2026,1630,FTV,59.42,-1.41%,Industrials,1.079,0.85,$2.98,62.805,46.34,60.6,58.07,53.52,-4.0,-0.54,-0.22,"2,678,202",0.0,3147546.22,3456494.19,15.2,9.49,-3.77,-1.67,63.09,53.31,63.09,63.09,53.0,"18,115 M"
05/13/2026,1630,FTWO,46.0343,-1.01%,,.7941,0.52,<empty>,49.658,32.5199,45.86,46.09,42.09,-1.0,0.23,-0.73,"11,988",-100000.3,14497.51,15364.09,-30.39,-0.26,3.03,1.15,50.51,44.37,-44.37,-45.1,NaN,80 M
05/13/2026,1630,FUTU,142.74,+4.17%,Financials,.3956,8.51,$37.57,199.9299,97.9,155.12,147.58,162.29,1.0,-0.32,0.15,"4,219,150",100477.01,1567898.43,1554352.85,261.82,3.03,-6.82,-1.28,169.18,128.31,169.18,169.05,10.0,"20,011 M"
05/13/2026,1630,FUTY,57.74,-1.20%,,.642,0.84,<empty>,61.51,50.35,59.11,59.42,57.31,-1.0,-0.15,-0.29,"414,885",200218.15,378535.83,364443.51,-64.01,-4.47,-2.14,-0.19,62.52,57.37,-57.37,61.08,NaN,"2,350 M"
05/13/2026,1630,FWONK,91.86,+1.29%,Communication Services,.6657,2.9,$2.95,109.3626,80.15,89.13,87.0,94.08,-2.0,0.99,-0.74,"2,766,682",100034.14,2137841.25,2192659.02,110.43,9.8,7.96,-2.74,93.52,80.32,-80.32,96.03,58.0,"23,021 M"
05/13/2026,1630,FWRG,10.78,-5.02%,Consumer Discretionary,1.061,0.73,($0.17),19.53,10.09,12.5,11.99,15.54,-15.0,-0.65,-0.29,"1,896,690",100165.55,1585808.57,1764424.05,52.56,-6.5,-16.5,-10.91,17.62,10.31,-10.31,14.14,56.0,665 M
05/13/2026,1630,FXA,71.82,+0.13%,,.3878,0.37,<empty>,72.02,63.2808,71.21,70.2,66.99,-2.0,0.63,-0.51,"10,134",-100008.33,20599.56,21054.33,-32.37,3.71,1.83,0.1,72.08,68.31,-68.31,-70.1,NaN,108 M
05/13/2026,1630,FXB,130.04,-0.12%,,.2827,0.36,<empty>,133.11,125.02,130.22,129.17,129.05,-2.0,-0.61,-0.37,"83,800",100007.02,33664.19,28287.63,60.54,2.29,0.26,-0.72,131.62,127.3,-127.3,131.02,NaN,91 M
05/13/2026,1630,FXC,71.29,-0.06%,,.2221,0.2,<empty>,72.469,69.08,71.53,71.22,70.76,-8.0,-0.59,-0.31,"5,643",100007.56,40116.43,50536.19,-57.37,0.13,-0.19,-0.18,72.45,70.3,-70.3,72.08,NaN,75 M
05/13/2026,1630,FXE,108.04,-0.28%,,.1785,0.27,<empty>,111.535,102.735,108.24,107.48,107.76,-2.0,-0.68,-0.42,"47,485",-400006.17,227219.28,221021.34,-89.51,2.51,0.28,-0.62,110.62,105.42,-105.42,-108.1,NaN,416 M
05/13/2026,1630,FXF,112.83,-0.15%,,.2003,0.56,<empty>,116.2999,105.1101,112.74,112.27,111.56,-3.0,-0.57,-0.41,"58,350",0.0,84128.82,106887.02,-45.47,1.12,1.17,-0.67,115.62,110.3,-110.3,114.03,NaN,491 M
05/13/2026,1630,FXI,38.26,+2.49%,,.3057,0.54,<empty>,42.0,34.77,37.03,36.4,38.62,1.0,1.0,0.71,"71,693,439",100327.01,3.036065977E7,3.156354047E7,189.74,5.57,5.28,2.74,39.62,35.32,-35.32,-36.11,NaN,"6,290 M"
05/13/2026,1630,FXY,58.17,-0.17%,,.208,0.46,<empty>,64.72,57.225,58.01,57.87,59.66,-5.0,-0.83,-0.47,"168,231",200010.08,195641.42,192781.61,89.82,1.09,1.59,-0.73,60.62,57.1,-57.1,59.05,NaN,439 M
05/13/2026,1630,FYBR,38.49,0.00%,Communication Services,.9018,0.13,($5.68),38.5,36.04,38.18,38.03,37.09,4.0,0.57,0.8,<empty>,300009.01,3493880.5,3089356.02,793.29,1.8,1.1,0.68,38.18,37.6,-37.6,-38.17,22.0,"9,636 M"
05/13/2026,1630,GAP,21.02,-1.82%,Consumer Discretionary,1.98,1.29,$2.21,29.36,18.685,24.48,24.59,24.42,-4.0,-0.12,-0.21,"6,388,928",-300352.32,8090645.27,7784948.63,11.91,-9.55,-13.36,-10.06,29.57,22.46,29.57,28.16,10.0,"7,679 M"
05/13/2026,1630,GD,341.36,-1.47%,Industrials,.3394,13.56,$22.98,369.7,267.39,335.41,344.33,340.27,-5.0,-0.67,-0.72,"893,550",100025.11,1429123.78,1408445.23,-45.28,-2.89,0.78,-1.49,367.49,307.11,-307.11,354.07,48.0,"92,314 M"
05/13/2026,1630,GDAXI:DE,24136.81,+0.76%,,<empty>,269.81,<empty>,25507.79,21863.81,24259.8,23730.85,24115.27,-4.0,-0.75,-0.39,<empty>,NaN,NaN,NaN,NaN,2.1,0.49,-0.83,25406.5,21864.34,-21864.34,25153.05,NaN,0
05/13/2026,1630,GDX,96.23,-0.94%,,.657,4.17,<empty>,117.175,45.1,92.75,93.5,83.75,7.0,0.48,0.82,"12,211,699",200259.37,2.463456135E7,2.508114669E7,-55.97,3.18,11.61,1.73,117.51,79.37,-79.37,-85.07,NaN,"29,346 M"
05/13/2026,1630,GDXJ,128.94,-0.72%,,.8504,5.99,<empty>,157.49,57.4,122.85,123.35,109.67,7.0,0.51,0.84,"3,938,106",-100266.51,5292819.54,5387874.56,-25.29,4.04,13.58,2.46,157.51,103.37,-103.37,-113.07,NaN,"9,501 M"
05/13/2026,1630,GE,294.71,-0.92%,Industrials,1.372,7.69,$7.07,348.48,220.45,291.77,298.38,299.45,-2.0,0.53,-0.69,"4,212,704",-300440.16,6127021.77,5927999.41,-50.96,-1.66,3.93,-0.82,348.54,269.15,-269.15,310.04,44.0,"307,482 M"
05/13/2026,1630,GEL,15.74,-0.38%,Energy,.7278,0.52,($0.05),18.64,14.55,16.74,17.36,16.63,-9.0,0.0,0.0,"254,709",100340.17,298816.69,293060.23,22.94,-11.32,-8.33,-3.85,19.48,16.04,19.48,18.16,53.0,"1,928 M"
05/13/2026,1630,GII,76.01,-0.74%,,.6353,0.59,<empty>,78.95,64.53,76.55,76.42,72.21,-1.0,-0.09,-0.45,"392,833",200019.01,95815.11,86207.53,32.88,0.45,0.64,-0.01,79.52,74.37,-74.37,78.08,NaN,969 M
05/13/2026,1630,GIL,56.69,-0.77%,Consumer Discretionary,1.069,1.74,<empty>,73.695,46.0,59.05,58.53,59.74,-5.0,-0.53,-0.49,"858,640",100140.47,1298428.22,1353538.33,-6.22,-3.36,0.76,-4.34,74.61,53.31,-53.31,63.08,54.0,"10,498 M"
05/13/2026,1630,GIS,33.61,-1.52%,Consumer Staples,-.0334,0.54,$3.05,55.35,33.37,34.84,36.84,44.93,-4.0,-0.49,-0.61,"8,913,639",-200137.38,9582924.32,9222573.33,21.88,-14.65,-2.49,-3.09,50.62,34.06,50.62,-33.02,28.0,"17,937 M"
05/13/2026,1630,GK,28.9688,+1.04%,Industrials,1.39,0.82,<empty>,28.9688,21.5732,27.36,25.68,25.72,-2.0,1.0,-0.6,"1,066",100020.42,969.18,1091.99,2483.3,17.87,8.91,1.61,28.06,23.31,-23.31,-26.16,NaN,31 M
05/13/2026,1630,GLASF,9.044000,-1.80%,Consumer Staples,.6083,0.35,<empty>,10.63,4.55,9.42,8.57,7.93,-12.0,-0.6,-0.17,"337,956",-100800.15,219755.44,210742.55,-61.02,20.59,-6.03,-3.27,11.12,7.47,11.12,11.12,0.0,760 M
05/13/2026,1630,GLBE,27.54,-8.90%,Consumer Discretionary,1.553,1.29,$1.65,41.94,26.845,31.61,32.16,35.04,-4.0,-0.36,-0.23,"3,674,431",0.0,1310437.09,1650383.91,141.42,-20.82,-12.32,-7.58,38.57,28.31,38.57,34.17,0.0,"4,626 M"
05/13/2026,1630,GLD,430.50,-0.56%,,.1695,6.59,<empty>,509.7,291.78,430.04,436.25,396.27,-1.0,0.36,-0.66,"4,155,907",0.0,1.028714938E7,1.122760173E7,-16.49,-6.58,3.14,-0.75,492.51,399.35,-399.35,-413.07,NaN,"156,487 M"
05/13/2026,1630,GLIN,44.692,+1.83%,,.71,0.65,<empty>,48.39,38.705,45.42,43.7,45.19,-3.0,-0.76,-0.16,"6,657",200116.51,46543.61,118257.46,-12.68,5.56,-0.45,-3.0,47.18,39.31,47.18,47.04,NaN,97 M
05/13/2026,1630,GM,75.81,-0.82%,Consumer Discretionary,1.301,1.27,$15.77,87.62,46.815,77.8,76.12,71.21,-3.0,-0.37,-0.37,"8,099,287",100139.12,7062566.23,7306183.4,70.81,4.72,-1.06,-3.79,84.59,72.26,-72.26,-75.11,47.0,"68,355 M"
05/13/2026,1630,GME,22.08,-1.30%,Consumer Discretionary,1.766,1.16,$1.33,35.81,19.93,24.52,23.86,23.24,-5.0,-0.37,0.0,"7,319,983",100474.07,8032854.15,7350215.7,-14.65,-6.16,-9.95,-9.06,27.08,22.32,27.08,27.08,18.0,"9,900 M"
05/13/2026,1630,GO,7.74,-2.76%,Consumer Staples,.6816,0.17,$0.02,19.41,5.655,7.88,7.16,11.64,-3.0,-0.96,-0.62,"5,301,220",-100801.47,4228633.69,3807832.21,164.82,20.94,0.65,-5.49,11.58,6.46,-6.46,8.08,0.0,766 M
05/13/2026,1630,GOLF,84.55,-0.28%,Consumer Discretionary,.8438,4.71,$1.48,104.81,67.14,94.2,94.45,86.55,-3.0,0.0,0.0,"365,400",-200627.06,353780.05,357884.18,65.24,-9.11,-11.32,-7.65,104.56,85.05,104.56,100.14,58.0,"4,951 M"
05/13/2026,1630,GOOG,399.04,+3.97%,Communication Services,1.081,19.96,$5.33,399.93,160.93,364.27,327.06,289.27,-5.0,0.97,-0.62,"18,097,929",100335.1,1.894373364E7,1.964391392E7,34.64,32.37,14.89,0.5,389.06,272.31,-272.31,-330.16,49.0,"4,834,547 M"
05/13/2026,1630,GOOGL,402.62,+3.94%,Communication Services,1.082,20.39,$5.33,403.7,159.61,366.88,328.86,289.28,-5.0,0.96,-0.62,"28,051,476",100335.1,2.815406069E7,3.007041492E7,50.41,33.19,15.05,0.45,393.06,272.31,-272.31,-331.16,49.0,"4,877,920 M"
05/13/2026,1630,GOOS,10.68,-2.47%,Consumer Discretionary,1.674,0.38,$1.40,15.425,8.86,11.57,11.22,12.5,-3.0,-0.59,-0.15,"650,954",0.0,391867.06,437869.27,66.09,-0.74,-4.13,-10.4,13.57,10.31,-10.31,12.16,1.0,"1,037 M"
05/13/2026,1630,GPI,327.78,-2.49%,Consumer Discretionary,.852,8.82,<empty>,488.39,292.44,344.21,331.01,390.12,-3.0,-0.83,-0.38,"154,967",200143.38,165291.09,165955.71,32.06,9.3,-6.14,-8.4,374.08,292.39,374.08,374.08,49.0,"3,900 M"
05/13/2026,1630,GPN,67.01,-2.33%,Financials,.7554,1.62,$4.27,90.635,62.45,70.05,69.66,77.73,-8.0,-0.69,-0.33,"3,431,109",0.0,3316562.0,3687295.96,53.19,-2.42,-5.58,-3.15,83.57,62.26,-62.26,75.16,57.0,"18,330 M"
05/13/2026,1630,GRID,197.26,+1.09%,,1.265,4.73,<empty>,199.99,127.1,189.29,176.69,160.05,-2.0,-0.97,-0.54,"937,579",100024.14,697218.58,675653.27,79.18,19.38,7.04,0.02,194.06,157.31,-157.31,200.02,NaN,"10,948 M"
05/13/2026,1630,GRMN,232.02,-2.09%,Consumer Discretionary,.9463,8.0,$7.54,273.32,186.67,250.64,245.44,228.27,-1.0,-0.39,-0.16,"914,406",0.0,782744.73,911014.99,28.03,-0.64,-8.32,-3.36,273.18,201.62,273.18,270.16,53.0,"44,746 M"
05/13/2026,1630,GRNY,26.97,-0.19%,,1.293,0.28,<empty>,27.2399,20.26,26.59,25.31,24.92,-2.0,-0.93,-0.46,"1,234,634",0.0,2148246.43,2285798.19,-38.23,11.45,3.21,-0.07,27.08,23.31,-23.31,27.02,NaN,"4,408 M"
05/13/2026,1630,GS,955.42,+1.01%,Financials,1.264,14.2,($135.91),984.7,582.5,928.64,876.9,840.04,4.0,0.81,0.47,"2,351,893",100232.23,2093577.54,2214079.7,42.11,22.14,5.5,2.02,968.62,781.42,-781.42,-899.07,42.0,"281,856 M"
05/13/2026,1630,GSG,34.13,-0.81%,,.0737,0.71,<empty>,34.74,21.03,33.03,31.84,25.51,3.0,0.46,0.43,"617,501",100239.05,1724488.48,1503227.88,-43.29,9.67,-1.24,4.02,35.07,24.6,35.07,35.07,NaN,"1,063 M"
05/13/2026,1630,GTBIF,7.54,-1.69%,Health Care,1.233,0.28,<empty>,10.43,4.8,7.67,6.98,7.35,-5.0,-0.73,-0.22,"416,069",-200100.34,656599.86,678990.77,-83.21,14.94,-2.2,-4.19,9.14,6.31,9.14,9.14,58.0,"1,651 M"
05/13/2026,1630,GTLB,22.05,-4.46%,Information Technology,.8733,1.61,$1.33,54.08,18.73,23.0,22.51,36.45,-3.0,-0.91,-0.58,"5,443,547",-101171.26,6513893.07,6568850.59,4.94,-2.82,0.64,-15.13,31.62,19.23,-19.23,26.02,18.0,"3,723 M"
05/13/2026,1630,GTM,3.96,-2.46%,Communication Services,1.001,0.84,$1.20,12.51,3.85,6.06,5.99,8.86,-6.0,-0.62,0.0,"20,473,362",200174.02,1.075889794E7,1.105802355E7,184.91,-32.08,-35.4,-37.93,7.59,5.23,7.04,7.04,56.0,"1,180 M"
05/13/2026,1630,GVAL,35.25,+0.23%,,.6434,0.36,<empty>,36.44,25.89,35.4,34.22,31.82,-2.0,-0.53,-0.44,"181,171",-100000.09,289535.27,291061.38,-4.4,8.9,1.79,-1.14,36.18,32.37,36.18,-35.1,NaN,448 M
05/13/2026,1630,GVIP,174.9202,-0.01%,,1.087,4.2,<empty>,177.27,127.31,168.87,157.9,153.61,-2.0,-0.99,-0.43,"8,204",200011.07,15340.81,14601.4,1.76,18.55,6.47,-0.37,172.06,139.31,-139.31,177.02,NaN,560 M
05/13/2026,1630,GVZ:CGI,26.56,-2.21%,,-1.502,0.68,<empty>,48.68,14.47,27.21,31.92,25.69,-1.0,0.14,-0.45,<empty>,NaN,NaN,NaN,NaN,-17.8,-4.36,0.3,46.32,25.12,-25.12,-25.12,NaN,0
05/13/2026,1630,H,167.26,+0.47%,Consumer Discretionary,1.293,3.39,$1.19,180.53,124.82,165.9,155.76,153.51,-4.0,-0.78,-0.41,"597,058",100545.47,797458.58,882362.89,-27.85,20.07,5.25,-0.2,181.62,138.3,-138.3,-157.1,58.0,"15,749 M"
05/13/2026,1630,HACK,85.15,+1.02%,,.8,2.49,<empty>,89.59,69.66,81.33,78.38,81.62,-3.0,1.0,-0.78,"70,761",100438.23,119160.25,123819.63,-34.74,9.29,5.76,-0.55,84.06,70.55,-70.55,86.02,NaN,"2,112 M"
05/13/2026,1630,HAL,41.02,-1.63%,Energy,.7654,0.91,$1.98,42.46,19.38,40.1,38.19,29.92,2.0,-0.5,0.31,"7,655,023",-100245.38,1.547387818E7,1.46497086E7,-45.79,21.76,-1.89,2.99,42.08,33.6,42.08,42.08,47.0,"34,268 M"
05/13/2026,1630,HBB,17.78,-4.77%,Consumer Discretionary,1,0.94,<empty>,21.84,12.72,20.22,18.87,16.67,-3.0,-0.4,0.0,"19,812",100310.1,22654.46,22844.91,-37.73,12.18,-11.67,-15.01,22.09,16.42,22.09,22.09,58.0,241 M
05/13/2026,1630,HBDC,24.70,-0.10%,,.0777,0.05,<empty>,27.74,23.16,24.73,24.61,25.0,3.0,-0.79,0.41,"4,417",-100000.56,7281.58,23232.33,-26.73,1.19,0.06,0.12,25.61,24.31,-24.31,-25.06,NaN,84 M
05/13/2026,1630,HCA,427.54,-0.50%,Health Care,1.187,4.78,$34.38,556.52,330.0,445.57,480.19,460.47,10.0,0.07,0.61,"1,505,339",-100231.03,1122994.75,1146950.48,41.73,-19.78,-1.67,-1.76,557.43,422.13,557.43,-421.02,50.0,"94,845 M"
05/13/2026,1630,HD,302.55,-2.55%,Consumer Discretionary,.9889,9.07,$12.74,426.75,299.27,327.46,333.41,368.55,-3.0,-0.26,-0.25,"6,270,412",100135.07,4136925.65,4100900.77,131.17,-10.76,-6.28,-4.69,398.62,310.06,398.62,354.16,4.0,"301,348 M"
05/13/2026,1630,HELE,22.40,-6.55%,Consumer Discretionary,1.231,0.88,$5.73,33.734,13.85,22.79,18.59,20.27,-4.0,-0.84,-0.06,"723,642",-200168.14,669303.44,651604.96,-67.47,36.0,-5.96,-9.35,25.14,14.32,27.04,27.04,38.0,521 M
05/13/2026,1630,HII,334.22,+0.20%,Industrials,.2777,19.88,$20.15,460.0,215.045,354.51,385.58,341.41,3.0,0.05,0.41,"476,654",-200441.07,525437.76,523277.78,14.39,-19.6,-7.72,5.67,460.51,311.05,-311.05,-311.05,53.0,"13,170 M"
05/13/2026,1630,HIMS,24.14,-3.56%,Health Care,2.152,1.68,$0.27,70.43,13.74,27.76,23.82,36.23,-2.0,-0.75,-0.2,"25,879,606",101309.45,3.73523167E7,3.618802914E7,-42.38,-2.54,-8.32,-14.61,32.17,14.55,32.17,32.17,61.0,"5,587 M"
05/13/2026,1630,HLN,9.02,-0.88%,Health Care,.1973,0.17,$0.33,11.42,8.71,9.35,9.76,9.79,2.0,-0.01,0.62,"7,932,158",-100130.04,8628580.54,8813836.39,13.79,-10.07,-3.01,-0.99,11.59,9.04,11.59,-9.02,53.0,"39,989 M"
05/13/2026,1630,HLT,311.41,-0.69%,,1.057,7.22,$9.08,344.75,241.45,324.72,312.89,288.55,-1.0,-0.19,-0.17,"1,582,774",-100231.11,1739611.5,1812019.5,37.34,6.81,-0.98,-1.7,345.18,290.43,345.18,-308.07,53.0,"70,892 M"
05/13/2026,1630,HOOD,76.75,-1.94%,Financials,2.16,3.83,$3.33,153.8599,57.68,80.87,76.57,105.51,-1.0,-0.74,-0.47,"14,711,276",-100267.11,2.978206869E7,3.052829916E7,-56.08,4.58,7.79,-0.36,93.18,64.31,93.18,-70.1,53.0,"69,114 M"
05/13/2026,1630,HPP,11.60,-2.85%,Real Estate,1.81,1.15,$1.67,21.7,5.26,9.49,7.51,12.61,-1.0,1.0,-0.84,"1,194,157",0.0,1228964.06,1400681.59,8.68,78.46,28.46,5.94,10.1,5.28,-5.28,12.03,56.0,629 M
05/13/2026,1630,HQY,82.18,+2.14%,Health Care,.1705,1.11,$4.74,116.65,72.76,82.8,81.73,88.81,1.0,-0.61,0.55,"1,298,721",100050.4,958355.66,954494.12,11.64,5.62,0.86,-3.14,88.16,73.6,88.16,-77.14,10.0,"6,942 M"
05/13/2026,1630,HSI:HK,26388.44,0.00%,,<empty>,238.01,<empty>,28056.1,22668.35,26173.24,25786.55,25971.67,-3.0,0.73,-0.62,<empty>,NaN,NaN,NaN,NaN,3.86,1.79,-0.02,27398.58,24204.32,-24204.32,26669.04,NaN,0
05/13/2026,1630,HSY,195.67,+1.96%,Consumer Staples,.0769,3.58,$9.12,239.48,150.04,188.56,202.89,193.51,7.0,0.2,0.69,"3,302,434",-100136.38,1926428.86,1951470.42,101.64,-9.87,3.44,5.23,239.51,180.08,-180.08,-180.08,53.0,"39,690 M"
05/13/2026,1630,HTZ,5.90,+2.61%,Industrials,2.099,0.27,($3.72),8.44,3.775,6.27,5.41,5.5,1.0,-0.36,0.25,"9,350,007",-200336.1,1.14694053E7,1.053404778E7,-43.77,51.67,5.36,-2.48,8.17,4.38,8.17,-5.1,58.0,"1,863 M"
05/13/2026,1630,HUBS,179.00,-0.32%,Information Technology,1.244,22.99,$11.56,682.565,173.25,221.81,237.1,360.18,-6.0,-0.69,-0.21,"2,260,059",100671.04,1599717.26,1830293.13,18.75,-32.27,-21.23,-9.29,297.48,181.03,297.48,255.07,58.0,"9,168 M"
05/13/2026,1630,HUM,304.85,+3.22%,Health Care,.6406,25.87,$10.57,315.3482,163.11,238.4,202.53,241.87,4.0,1.0,1.0,"3,064,087",0.0,1833315.95,1933447.64,149.42,84.28,25.39,10.87,247.09,163.37,-163.37,-204.17,53.0,"36,601 M"
05/13/2026,1630,HYG,79.91,+0.05%,,.4045,0.23,<empty>,81.36,78.565,80.22,79.89,80.51,1.0,-0.63,0.25,"33,230,143",100109.31,5.400188707E7,5.276663646E7,-33.44,0.9,-0.27,-0.29,81.56,79.32,-79.32,-80.07,NaN,"16,597 M"
05/13/2026,1630,HYLS,40.94,-0.10%,,.4022,0.06,<empty>,42.4036,40.01,41.0,40.88,41.58,-3.0,-0.81,-0.32,"100,414",-200000.27,306836.01,284698.27,-30.72,0.61,0.2,-0.34,42.14,40.31,42.14,42.14,NaN,"1,642 M"
05/13/2026,1630,IAK,130.10,-1.00%,,.5623,0.86,<empty>,138.66,124.62,131.9,130.8,132.13,-1.0,-0.53,-0.39,"27,733",200024.37,58580.42,67117.78,-27.89,-0.65,-1.01,-0.08,138.51,125.32,-125.32,-130.03,NaN,351 M
05/13/2026,1630,IBB,172.65,+0.21%,,.7445,2.12,<empty>,179.64,116.49,171.19,169.28,161.01,2.0,0.41,0.52,"772,972",0.0,1503883.95,1562523.22,-53.14,4.31,4.4,1.59,178.54,160.35,-160.35,-164.1,NaN,"8,097 M"
05/13/2026,1630,IBIT,45.12,-1.48%,,.7151,1.2,<empty>,71.82,35.3,44.44,41.77,52.46,-2.0,-0.98,-0.66,"32,164,497",0.0,4.675589996E7,5.016146049E7,-19.93,11.77,5.54,-0.73,46.06,36.55,-36.55,47.02,NaN,"65,375 M"
05/13/2026,1630,IDX,12.33,-2.14%,,.3904,0.29,<empty>,17.55,12.28,13.41,13.69,15.66,-4.0,-0.36,-0.32,"131,050",-100000.01,42737.05,42773.86,-8.2,-10.0,-5.44,-4.79,16.56,13.04,16.56,15.17,NaN,27 M
05/13/2026,1630,IDXX,528.68,-0.98%,Health Care,1.59,15.55,$13.35,769.98,496.61,563.69,575.04,641.84,-4.0,-0.22,-0.32,"600,860",100041.31,554059.86,542544.05,-4.57,-7.87,-4.51,-5.61,666.53,544.1,666.53,593.16,55.0,"41,704 M"
05/13/2026,1630,IEF,94.32,0.00%,,.2652,0.37,<empty>,98.045,93.03,95.05,95.37,96.19,-3.0,-0.24,-0.41,"3,458,121",200010.36,9775798.29,9889990.58,-49.11,-1.33,-0.51,-0.67,98.52,94.07,98.52,96.17,NaN,"47,509 M"
05/13/2026,1630,IFF,77.48,-1.26%,Materials,.9987,4.67,$1.55,84.45,59.14,73.88,72.36,68.88,-3.0,0.72,-0.88,"1,769,547",100334.06,1763548.94,1821325.56,95.81,11.31,12.47,-4.4,84.6,65.38,-65.38,84.05,57.0,"19,781 M"
05/13/2026,1630,IGLB,49.51,-0.04%,,.6346,0.21,<empty>,52.5999,47.36,49.84,49.8,50.72,-2.0,-0.59,-0.57,"3,250,979",-200112.43,1938310.0,1915136.83,227.63,0.86,-0.1,-0.86,52.52,49.32,-49.32,-49.07,NaN,"2,683 M"
05/13/2026,1630,IGSB,52.38,+0.01%,,.1238,0.11,<empty>,53.25,52.04,52.53,52.54,52.84,1.0,-0.49,0.48,"2,732,907",100003.1,3939062.4,3681687.62,115.36,-0.15,-0.21,-0.21,53.52,52.32,-52.32,-52.07,NaN,"21,981 M"
05/13/2026,1630,IIGD,24.5637,+0.02%,,.1441,0.03,<empty>,25.08,24.34,24.62,24.64,24.8,-3.0,-0.57,-0.51,"38,362",100000.01,7611.09,6342.5,736.79,-0.23,0.08,-0.27,25.61,24.32,-24.32,-25.07,NaN,31 M
05/13/2026,1630,IJT,160.49,-0.30%,,1.073,1.83,<empty>,164.8499,125.24,160.76,152.48,145.48,-5.0,-0.84,-0.27,"240,371",-300018.01,118225.21,115361.59,77.61,12.5,1.71,-1.92,164.06,139.31,165.05,165.05,NaN,"7,278 M"
05/13/2026,1630,ILMN,145.00,-0.48%,Health Care,1.489,7.83,$6.35,155.529,77.5,134.45,128.4,119.61,-1.0,0.88,-0.9,"2,087,735",100545.53,1533170.68,1732721.32,38.7,21.91,20.46,2.2,142.06,113.62,-113.62,-119.1,54.0,"21,939 M"
05/13/2026,1630,INDA,47.98,+0.97%,,.4605,0.7,<empty>,56.01,45.2118,49.41,48.69,52.12,-3.0,-0.72,-0.17,"9,073,843",100120.51,8985049.73,8933341.62,29.79,-0.17,-2.14,-3.73,54.62,45.31,-45.31,51.17,NaN,"6,700 M"
05/13/2026,1630,INDY,42.22,+0.62%,,.4589,0.62,<empty>,54.87,40.8201,43.68,43.52,49.04,-3.0,-0.64,-0.39,"66,769",-100042.02,162002.18,157871.07,-51.07,-2.18,-2.72,-3.41,48.62,41.31,-41.31,45.17,NaN,568 M
05/13/2026,1630,INFL,53.48,-0.39%,,.7168,0.39,<empty>,55.17,40.94,53.12,52.66,47.12,3.0,0.23,0.56,"259,559",100121.02,247358.16,253744.59,112.98,2.51,1.71,1.83,55.51,50.62,55.51,-52.04,NaN,"1,592 M"
05/13/2026,1630,INMD,14.04,+1.52%,Health Care,2.021,0.27,$1.35,16.74,12.72,14.22,13.84,14.46,2.0,0.52,0.22,"1,030,940",200129.06,891594.72,921858.72,127.35,3.69,0.57,0.57,15.57,13.43,-13.43,-13.05,53.0,854 M
05/13/2026,1630,INTC,120.29,-0.27%,Information Technology,1.935,15.16,($0.66),132.75,18.965,93.19,66.84,43.87,-2.0,-1.0,-0.7,"114,493,162",501299.04,1.213039675E8,1.1175980124E8,-26.2,162.81,26.96,-3.71,110.06,41.31,-41.31,133.02,49.0,"604,578 M"
05/13/2026,1630,INVH,28.46,0.00%,Real Estate,.8424,0.55,$1.96,34.58,24.25,27.95,26.44,27.81,-9.0,-0.92,-0.35,"4,097,468",0.0,6242928.47,6385079.3,-6.31,13.89,1.39,-0.94,29.09,24.37,29.09,29.09,53.0,"16,906 M"
05/13/2026,1630,IONQ,55.26,-1.09%,Information Technology,2.928,4.9,($1.35),84.64,25.89,47.53,38.26,46.83,-1.0,1.0,-0.59,"24,017,256",300118.2,2.895781576E7,2.737930253E7,-33.26,67.56,31.23,12.23,49.07,26.31,-26.31,-40.1,58.0,"20,627 M"
05/13/2026,1630,IPO,49.77,+2.03%,,1.329,1.19,<empty>,54.68,39.305,49.41,45.75,47.15,-5.0,-0.84,-0.29,"26,263",-300336.17,23603.55,24141.73,-2.84,16.69,3.64,0.83,51.06,39.31,52.05,52.05,NaN,144 M
05/13/2026,1630,IRM,126.12,-0.07%,Real Estate,1.221,6.77,($2.64),134.09,77.77,122.33,112.17,99.33,-5.0,-0.93,-0.53,"1,727,293",100839.1,1569990.08,1762299.21,24.23,18.05,10.13,-2.11,132.06,97.31,134.05,134.05,57.0,"37,524 M"
05/13/2026,1630,IRT,16.29,-1.03%,Real Estate,1.003,0.21,$0.59,19.61,14.6,16.17,15.79,16.58,-7.0,-0.95,-0.44,"1,796,167",100350.56,2357159.25,2687557.72,-18.5,3.04,0.0,-0.85,17.62,15.28,-15.28,17.05,53.0,"3,840 M"
05/13/2026,1630,ITA,225.71,+0.14%,,.731,4.53,<empty>,250.65,165.6623,221.32,226.23,216.71,10.0,0.36,0.84,"473,939",-100228.44,1226523.15,1179345.1,-65.82,-1.58,5.9,0.99,251.51,209.31,-209.31,-212.1,NaN,"13,949 M"
05/13/2026,1630,ITB,88.97,-1.52%,,1.308,3.15,<empty>,118.0,87.02,95.58,94.18,102.13,-5.0,-0.44,-0.3,"1,715,467",0.0,2357769.74,2379005.65,30.12,-4.42,-6.46,-4.33,115.62,88.37,-88.37,103.16,NaN,"2,411 M"
05/13/2026,1630,ITW,250.10,-0.52%,Industrials,1.048,6.84,$9.44,303.155,238.82,261.95,264.94,261.05,2.0,-0.08,0.37,"1,137,704",200329.1,1276137.86,1327647.79,-15.76,-6.33,-5.86,-1.83,303.62,247.09,-247.09,-247.09,53.0,"71,954 M"
05/13/2026,1630,IVOL,18.10,-0.06%,,.0299,0.13,<empty>,20.255,18.03,18.37,18.56,19.12,-5.0,0.0,-0.11,"74,569",-100135.26,326575.1,292172.58,10.56,-3.52,-1.04,-0.93,19.52,18.1,19.52,19.17,NaN,335 M
05/13/2026,1630,IWC,186.67,+0.77%,,1.104,4.09,<empty>,189.5,115.75,181.7,170.88,158.68,-2.0,-0.98,-0.39,"131,762",-200325.05,138933.99,130662.42,-38.41,16.57,7.17,0.53,186.06,153.31,-153.31,190.02,NaN,"1,409 M"
05/13/2026,1630,IWF,124.31,+0.78%,,.141,1.9,<empty>,124.69,97.075,120.4,114.09,115.51,-3.0,1.0,-0.43,"5,483,206",-100128.44,9574135.07,1.119273138E7,-1.5,13.45,4.64,0.62,121.08,102.31,-102.31,-117.14,NaN,"129,233 M"
05/13/2026,1630,IWM,282.67,+0.04%,,1.118,4.19,<empty>,287.58,199.65,278.54,262.96,250.46,-5.0,-0.94,-0.34,"20,657,962",100034.37,3.871192973E7,3.934507033E7,-37.18,14.63,3.89,-0.53,283.06,239.31,288.04,288.04,NaN,"77,932 M"
05/13/2026,1630,IWN,209.24,-0.19%,,1.034,2.22,<empty>,213.19,146.9,207.85,198.17,185.57,-3.0,-0.89,-0.38,"354,382",100226.29,819995.2,774836.48,-43.88,12.1,2.5,-1.13,210.06,182.37,213.04,213.04,NaN,"13,642 M"
05/13/2026,1630,IWO,369.28,+0.19%,,1.196,7.03,<empty>,375.695,262.24,361.25,337.84,327.05,-2.0,-0.96,-0.37,"240,960",0.0,459810.56,456310.93,-51.59,17.16,5.11,0.08,369.06,300.31,376.04,376.04,NaN,"14,420 M"
05/13/2026,1630,J,107.27,-6.03%,Industrials,.7262,7.27,$4.07,168.44,105.68,125.25,127.66,140.26,-6.0,-0.29,-0.22,"2,645,003",-200634.01,1056813.62,1077306.02,199.78,-16.23,-14.57,-9.42,144.62,118.03,144.62,138.06,57.0,"12,667 M"
05/13/2026,1630,JACK,12.79,-5.75%,Consumer Discretionary,1.529,0.56,($0.94),25.95,8.915,12.98,12.27,17.31,-3.0,-0.73,-0.52,"1,437,106",100390.31,861608.83,840596.76,102.36,1.03,3.98,-7.25,23.59,9.3,-9.3,14.03,0.0,243 M
05/13/2026,1630,JBHT,237.80,+0.43%,Industrials,1.271,4.86,$10.78,256.18,130.12,245.69,226.03,187.26,-3.0,-0.58,-0.21,"844,174",100234.2,939704.42,947953.16,1.34,18.75,-3.45,-3.1,256.16,194.4,256.16,256.16,42.0,"22,424 M"
05/13/2026,1630,JBLU,4.70,-0.63%,Industrials,1.78,0.17,($3.18),6.5,3.84,5.09,4.75,4.88,-3.0,-0.52,-0.4,"13,836,525",201190.35,2.912619647E7,2.610749021E7,-38.37,14.08,-2.89,-8.02,6.59,4.38,-4.38,-5.08,52.0,"1,748 M"
05/13/2026,1630,JBSAY,14.44,0.00%,Consumer Staples,.1408,0.42,$1.04,15.67,13.01,14.36,14.79,12.75,4.0,0.12,0.37,<empty>,-500000.03,264987.4,239337.09,-42.94,2.12,0.77,3.81,16.13,13.03,16.13,-13.03,NaN,"32,030 M"
05/13/2026,1630,JETS,26.13,-0.53%,,1.171,0.81,<empty>,31.33,21.0312,26.31,25.66,26.37,-3.0,-0.65,-0.59,"2,725,719",-100157.46,5215663.55,4868591.18,-31.38,8.65,4.81,-4.91,30.59,24.31,-24.31,28.04,NaN,742 M
05/13/2026,1630,JNJ,230.42,+2.75%,Health Care,.2637,2.74,$7.23,251.71,146.115,227.08,235.06,208.58,3.0,0.08,0.67,"7,427,612",-100131.38,7582875.66,8043943.33,4.65,-4.6,1.35,4.11,252.51,221.04,252.51,-220.02,43.0,"554,671 M"
05/13/2026,1630,JNK,96.18,0.00%,,.419,0.28,<empty>,98.24,94.485,96.59,96.15,97.01,-2.0,-0.67,-0.26,"3,258,795",-100110.38,6147825.13,5743854.62,21.2,0.98,-0.33,-0.35,98.57,94.32,-94.32,-96.07,NaN,"7,548 M"
05/13/2026,1630,JOBY,11.06,+5.43%,Industrials,2.491,0.9,($0.76),20.95,6.42,9.45,9.23,13.23,1.0,1.0,0.97,"32,827,082",101981.06,2.607861465E7,2.572971681E7,39.77,14.02,27.13,1.75,11.53,8.31,-8.31,-8.1,58.0,"10,879 M"
05/13/2026,1630,JOE,63.54,-1.04%,Real Estate,1.338,2.91,$3.45,73.54,42.65,66.93,66.86,59.72,-2.0,-0.3,-0.47,"212,912",-200139.07,266817.08,249458.46,85.1,-9.85,-7.95,-3.42,74.49,60.32,-60.32,-61.08,48.0,"3,648 M"
05/13/2026,1630,JOET,43.2951,+0.03%,,1.035,0.36,<empty>,43.735,38.34,42.96,41.68,42.16,-2.0,-0.92,-0.37,"14,100",-100022.09,23494.4,24519.05,-46.57,7.51,2.5,-0.06,43.16,39.31,44.04,44.04,NaN,234 M
05/13/2026,1630,JPM,300.25,-1.52%,Financials,1.014,4.59,($39.16),337.25,256.0001,309.33,300.18,305.32,-1.0,-0.55,-0.25,"7,698,254",-100139.38,9424968.29,9565115.1,10.45,5.93,-2.91,-0.61,320.16,279.43,320.16,320.16,42.0,"804,523 M"
05/13/2026,1630,JPXN,100.83,+0.92%,,.558,2.42,<empty>,101.215,75.9349,96.46,93.96,89.55,7.0,0.73,0.83,"18,325",300200.47,45864.21,59061.72,-13.81,11.93,7.62,1.07,101.62,88.37,-88.37,-93.14,NaN,136 M
05/13/2026,1630,JYNT,8.30,-4.38%,Health Care,1.131,0.2,$0.18,13.4692,7.5,8.81,8.69,9.19,-1.0,-0.31,-0.4,"97,942",200000.02,67736.98,63994.26,310.75,-1.19,-6.32,-4.49,9.59,8.37,-8.37,9.12,59.0,118 M
05/13/2026,1630,K,83.44,0.00%,Consumer Staples,.2238,0.18,$1.73,83.65,76.48,83.36,83.14,81.46,4.0,0.56,0.31,<empty>,-100010.01,3364959.52,3435920.58,1730.15,0.7,-0.06,0.36,84.1,76.54,84.1,-83.07,38.0,"29,031 M"
05/13/2026,1630,KBA,35.24,+1.56%,,.3736,0.72,<empty>,35.309,23.44,33.44,31.62,30.21,3.0,1.0,0.57,"65,113",0.0,68012.86,78599.44,40.9,16.23,7.25,4.45,34.08,29.35,-29.35,-32.16,NaN,204 M
05/13/2026,1630,KBWP,116.60,-1.40%,,.4351,1.36,<empty>,129.0,114.62,120.14,120.45,121.87,-1.0,-0.19,-0.3,"9,266",0.0,13684.85,15871.08,-2.61,-3.65,-2.79,-0.9,128.51,116.32,128.51,124.17,NaN,243 M
05/13/2026,1630,KCE,152.67,-0.32%,,1.246,1.21,<empty>,162.25,132.3,151.94,144.42,149.49,-2.0,-0.82,-0.37,"6,057",100125.41,18961.59,20586.63,-57.47,12.51,2.03,-0.61,156.16,132.32,156.16,-149.14,NaN,454 M
05/13/2026,1630,KDP,29.31,+0.48%,Consumer Staples,1,0.33,$1.16,35.935,24.875,28.25,27.36,28.3,2.0,0.95,0.55,"8,356,001",-100326.13,1.099537299E7,1.105884631E7,-58.78,6.93,1.31,1.66,32.55,25.27,-25.27,-26.16,49.0,"39,878 M"
05/13/2026,1630,KEMX,49.18,+2.29%,,.8789,1.56,<empty>,50.1787,29.92,47.03,43.7,38.66,-2.0,-0.96,-0.61,"6,303",100338.39,27228.69,27069.96,-31.81,23.41,8.16,-1.88,48.06,39.31,-39.31,50.02,NaN,128 M
05/13/2026,1630,KHC,23.18,-0.81%,Consumer Staples,1,0.59,$3.33,29.19,21.035,22.62,22.65,24.62,-3.0,-0.98,-0.8,"12,096,751",-100032.06,1.54667268E7,1.568428922E7,6.08,2.66,3.39,-3.26,25.55,21.35,-21.35,24.03,53.0,"27,486 M"
05/13/2026,1630,KLAC,1849.71,+2.12%,Information Technology,1.469,64.46,$30.49,1939.36,740.44,1804.12,1637.31,1296.04,1.0,0.53,0.45,"937,097",100451.1,997054.28,973522.16,0.93,30.39,1.84,-1.04,1939.13,1321.46,1939.13,-1646.09,54.0,"241,623 M"
05/13/2026,1630,KMX,37.07,-2.98%,Consumer Discretionary,1.221,0.99,$8.44,71.99,30.26,38.93,41.04,45.16,-2.0,-0.44,-0.44,"3,338,168",-100648.22,3330775.87,3409730.74,11.48,-11.4,-3.34,-8.11,49.22,37.06,49.22,41.17,24.0,"5,257 M"
05/13/2026,1630,KNX,59.77,-0.22%,Industrials,1.121,1.79,$3.05,67.75,38.625,63.69,59.82,51.38,-3.0,-0.47,-0.23,"3,712,798",200540.06,3368574.35,3278776.37,-13.68,15.1,-5.67,-6.68,68.14,52.4,68.14,68.14,48.0,"9,712 M"
05/13/2026,1630,KO,80.26,+0.29%,Consumer Staples,.3631,1.17,$2.92,82.0,65.3538,77.52,76.93,72.33,2.0,0.55,0.69,"12,296,409",-200122.12,1.496760454E7,1.578369398E7,1.96,3.78,1.76,2.35,82.52,74.34,-74.34,-75.15,47.0,"345,317 M"
05/13/2026,1630,KR,66.24,+2.51%,Consumer Staples,.4635,1.01,$5.30,76.58,58.6,67.05,69.95,67.27,1.0,0.03,0.47,"8,291,137",-100130.38,6010288.55,5973567.52,89.1,-12.38,-1.28,0.91,77.43,65.04,77.43,69.14,26.0,"40,577 M"
05/13/2026,1630,KRE,67.14,-1.60%,,.8473,0.93,<empty>,74.08,55.37,69.5,67.1,65.29,-5.0,-0.58,-0.22,"18,407,990",-200335.53,1.633559806E7,1.789196643E7,6.24,6.39,-2.74,-3.88,73.62,62.38,-62.38,71.05,NaN,"3,810 M"
05/13/2026,1630,KSA,38.59,-0.41%,,.3055,0.31,<empty>,41.5,35.81,39.15,38.79,38.48,4.0,-0.41,0.38,"170,298",100027.51,713447.45,809175.26,-35.53,2.63,-1.53,-0.36,41.18,36.5,41.18,-38.04,NaN,702 M
05/13/2026,1630,KSS,12.08,-5.11%,Consumer Discretionary,1.515,0.84,$9.00,25.22,7.47,14.35,13.77,16.52,-3.0,-0.36,-0.18,"4,928,617",-100269.38,5201838.1,4909379.25,-2.09,-8.35,-13.59,-16.69,20.6,12.39,-12.39,16.15,10.0,"1,356 M"
05/13/2026,1630,KVUE,17.19,-0.42%,Consumer Staples,.2294,0.18,$0.95,24.355,14.02,17.44,17.5,17.75,-1.0,-0.34,-0.58,"25,937,831",0.0,2.041693181E7,2.461454776E7,88.07,-1.72,-0.23,-2.27,19.52,17.26,-17.26,18.04,58.0,"33,005 M"
05/13/2026,1630,KW,10.97,-0.27%,Real Estate,.9137,0.05,($0.49),11.085,5.98,10.93,10.9,9.53,-2.0,-0.06,-0.37,"1,989,338",100047.57,1113928.64,1426141.91,68.88,0.92,0.73,-0.45,11.5,10.62,11.04,11.04,58.0,"1,528 M"
05/13/2026,1630,KWEB,30.59,+4.94%,,.3079,0.69,<empty>,43.365,27.62,29.2,29.17,35.31,1.0,1.0,0.73,"81,593,341",200541.01,2.63715162E7,2.569447361E7,99.3,1.43,9.21,3.52,34.62,28.3,-28.3,-28.1,NaN,"7,192 M"
05/13/2026,1630,LAMR,146.62,-0.62%,Real Estate,1.198,7.15,$7.25,158.6899,113.05,140.0,134.62,128.48,-3.0,-0.97,-0.74,"1,206,303",-200125.01,623529.56,633399.03,192.0,9.3,7.82,-7.16,142.07,122.3,-122.3,159.03,59.0,"14,878 M"
05/13/2026,1630,LCID,6.39,+6.32%,Consumer Discretionary,.8384,0.25,($14.63),33.7,5.62,6.44,8.39,14.19,14.0,0.68,0.75,"28,233,553",-701021.15,1.430338856E7,1.272632476E7,-25.3,-35.45,10.94,0.79,11.45,6.1,-6.1,-6.1,57.0,"2,494 M"
05/13/2026,1630,LEVI,21.37,-0.88%,Consumer Discretionary,1.319,0.46,$1.20,24.82,16.5,22.42,20.67,21.31,-3.0,-0.6,-0.21,"3,599,848",-100438.26,2955775.7,2804898.04,32.2,19.32,-2.38,-5.73,24.16,18.37,24.16,24.16,28.0,"8,219 M"
05/13/2026,1630,LFMD,4.54,+6.07%,Health Care,1.799,0.29,($0.10),15.84,2.56,4.63,4.09,4.81,-5.0,-0.81,-0.21,"1,099,619",402616.18,1349843.84,1230694.28,-36.35,14.07,2.48,-5.02,5.07,3.55,5.05,5.05,58.0,220 M
05/13/2026,1630,LFST,8.10,+2.14%,Health Care,1.33,0.43,$0.37,8.89,3.74,7.4,6.88,6.26,1.0,1.0,0.71,"5,881,412",-100411.04,4146092.16,3930795.02,381.88,27.96,9.02,5.19,8.54,6.42,9.04,9.04,58.0,"3,141 M"
05/13/2026,1630,LH,254.42,-1.14%,Health Care,.9179,3.05,$16.70,293.72,239.67,260.99,265.49,268.72,3.0,-0.02,0.49,"475,782",-200330.1,637578.33,664505.16,-41.77,-3.56,-1.06,0.12,292.62,249.06,-249.06,-249.06,49.0,"20,862 M"
05/13/2026,1630,LI,20.02,+6.83%,Consumer Discretionary,.5415,0.65,($1.82),32.025,15.71,18.25,18.03,19.98,8.0,0.83,0.74,"6,578,662",100760.01,3194192.33,2995698.37,262.64,15.52,12.79,11.22,20.23,17.38,-17.38,-17.11,10.0,"20,434 M"
05/13/2026,1630,LII,507.50,-0.21%,Industrials,1.219,13.83,$18.86,689.44,434.06,508.37,493.84,520.51,-5.0,-0.81,-0.45,"393,230",100142.1,466527.07,474798.76,-27.39,5.52,-1.96,-2.64,576.62,434.32,-434.32,551.04,53.0,"17,661 M"
05/13/2026,1630,LIN,513.26,+1.86%,,.7368,6.43,<empty>,521.28,387.78,501.82,496.63,463.09,3.0,0.47,0.55,"2,356,917",-100127.38,2297574.67,2451480.76,37.32,3.92,1.69,4.08,521.08,469.62,521.08,-490.06,54.0,"237,304 M"
05/13/2026,1630,LIT,89.58,+0.12%,,1.036,2.56,<empty>,91.98,35.62,86.51,78.29,64.84,-2.0,-0.94,-0.43,"705,032",300136.02,380272.02,379016.39,38.74,27.24,5.3,-0.65,89.08,67.37,-67.37,92.02,NaN,"2,123 M"
05/13/2026,1630,LLY,1015.75,+2.61%,Health Care,.4876,51.07,$11.81,1133.95,623.78,935.42,939.68,919.05,2.0,0.51,0.93,"3,472,357",200438.1,3106916.14,3106851.04,61.56,3.11,19.33,7.1,1067.6,851.1,-851.1,-851.1,57.0,"905,786 M"
05/13/2026,1630,LMND,52.87,-4.12%,Financials,1.749,4.47,$0.26,99.9,28.71,60.54,60.25,63.38,5.0,-0.43,0.39,"1,303,316",200781.41,1869213.35,2271316.29,-6.57,-4.13,-5.59,-3.89,75.58,48.55,-48.55,-52.04,56.0,"4,062 M"
05/13/2026,1630,LMT,519.94,-0.20%,Industrials,.0838,4.03,$24.45,692.0,410.11,531.56,591.72,527.34,12.0,0.12,0.72,"823,034",-100135.38,1544935.33,1567588.48,-74.38,-19.51,1.99,2.65,692.51,500.05,-500.05,-500.05,47.0,"119,879 M"
05/13/2026,1630,LNG,239.38,-2.02%,Energy,.0547,12.9,$10.16,300.89,186.2001,257.62,264.65,229.98,-1.0,-0.05,-0.26,"2,111,210",-100147.38,3263214.62,3091976.72,4.2,-5.11,-12.07,-0.3,301.31,216.53,301.31,-236.04,58.0,"50,163 M"
05/13/2026,1630,LOGI,103.99,+0.42%,Information Technology,1.078,4.21,$6.65,123.01,81.98,100.62,95.59,101.99,-3.0,-0.97,-0.78,"958,891",100237.06,1065428.16,1058620.78,-7.15,12.12,6.44,-4.94,106.06,86.62,-86.62,110.02,57.0,"14,923 M"
05/13/2026,1630,LOTMY,30.825,-1.11%,Consumer Discretionary,.7762,1.25,<empty>,33.1,21.65,30.67,29.87,26.61,-3.0,-0.52,-0.42,"7,863",-100100.16,23341.02,20711.77,-77.8,9.77,6.66,-3.26,33.18,23.56,33.18,33.04,NaN,"7,247 M"
05/13/2026,1630,LOW,220.45,-1.81%,Consumer Discretionary,.8926,7.25,$13.69,293.06,210.33,236.84,238.87,249.42,-3.0,-0.28,-0.3,"3,079,179",-100128.55,2586134.24,2682134.03,73.39,-7.21,-5.59,-3.82,293.62,223.06,293.62,257.16,5.0,"123,466 M"
05/13/2026,1630,LQD,108.62,+0.06%,,.4451,0.36,<empty>,112.93,105.39,109.15,109.14,110.45,-2.0,-0.53,-0.55,"19,082,923",-400009.42,3.946060174E7,3.9759052E7,-25.66,0.42,-0.1,-0.53,112.52,107.32,-107.32,-108.07,NaN,"29,447 M"
05/13/2026,1630,LRCX,295.44,+2.14%,Information Technology,1.82,17.89,$4.76,300.0,79.49,270.44,244.94,181.75,-2.0,0.86,-0.67,"7,593,546",-100371.38,9974238.12,9939384.82,-38.11,39.23,18.77,0.47,280.06,194.46,-194.46,300.02,53.0,"369,469 M"
05/13/2026,1630,LUV,39.41,-0.18%,Industrials,1.149,1.32,($0.73),55.11,28.975,39.69,39.98,37.99,-3.0,-0.4,-0.65,"4,764,552",0.0,8281472.69,8770020.26,-71.49,1.7,5.88,-4.6,55.6,36.28,-36.28,-37.14,48.0,"19,263 M"
05/13/2026,1630,LUXE,7.86,-3.44%,Consumer Discretionary,1.159,0.36,<empty>,11.38,7.0,8.79,8.53,8.69,-5.0,-0.3,-0.14,"371,150",0.0,199588.09,259330.1,249.67,-2.72,-10.99,-7.2,11.62,8.28,-8.28,9.06,4.0,"1,079 M"
05/13/2026,1630,LVS,51.32,-0.74%,Consumer Discretionary,.8267,1.05,$3.30,70.4545,39.29,54.04,54.07,57.23,-3.0,-0.28,-0.44,"3,622,652",100139.15,4184243.07,4302414.92,-64.8,-4.4,-4.47,-3.37,59.59,50.14,-50.14,-50.14,48.0,"34,007 M"
05/13/2026,1630,LW,41.54,+0.31%,Consumer Staples,.4481,1.03,$4.54,67.07,37.62,43.3,42.48,51.34,1.0,-0.76,0.57,"1,599,391",-100266.38,3050161.98,2734591.5,8.86,2.44,-3.46,-1.12,51.61,38.28,-38.28,-40.02,48.0,"5,736 M"
05/13/2026,1630,LYB,73.74,-0.77%,Materials,.4007,2.05,$2.82,83.94,41.58,72.58,73.23,55.66,3.0,-0.24,0.58,"4,011,116",-100261.38,8339813.18,7996571.39,-26.76,1.99,0.61,2.76,84.3,54.57,84.3,78.06,54.0,"23,802 M"
05/13/2026,1630,LYFT,13.68,-1.44%,Industrials,2,0.22,$2.77,25.54,12.46,14.27,13.75,17.4,-3.0,-0.73,-0.5,"13,401,385",100262.38,1.59161802E7,1.728544729E7,35.95,4.67,-4.6,-4.67,15.18,12.31,15.18,15.16,58.0,"5,194 M"
05/13/2026,1630,LYV,168.46,+1.68%,Communication Services,1.134,4.89,$5.19,175.25,125.34,159.02,157.95,152.52,2.0,0.84,0.75,"2,148,080",100434.06,3005318.64,3140847.82,-21.58,9.41,10.01,3.17,169.21,144.32,-144.32,-151.13,59.0,"39,203 M"
05/13/2026,1630,M,18.43,-0.49%,Consumer Discretionary,2.452,0.5,$2.55,24.41,10.54,19.49,18.7,18.94,-3.0,-0.49,-0.32,"5,229,233",-100154.38,6745148.96,6837288.5,52.06,8.09,-4.51,-5.39,23.59,17.38,-17.38,21.16,9.0,"4,861 M"
05/13/2026,1630,MA,490.64,-1.83%,Financials,.7492,8.3,$18.98,601.77,480.5,505.03,504.2,545.75,-1.0,-0.42,-0.47,"3,318,203",-200025.1,3502391.18,3634892.63,21.8,-1.48,-6.59,-0.98,543.62,481.32,-481.32,-490.05,53.0,"433,522 M"
05/13/2026,1630,MAC,21.97,-1.21%,Real Estate,2.095,0.29,$1.22,22.555,14.82,21.72,20.38,18.57,2.0,-0.65,0.3,"8,465,087",-100236.01,2545629.49,2538454.42,525.55,17.36,0.69,0.46,23.18,18.62,23.18,22.05,61.0,"5,743 M"
05/13/2026,1630,MAR,350.19,-0.01%,Consumer Discretionary,1.098,5.15,$9.16,380.0,253.555,360.32,343.48,304.8,1.0,-0.3,0.19,"1,387,557",-100138.38,1464726.63,1566744.04,21.59,11.59,-1.06,-0.85,380.16,311.46,380.16,-345.07,56.0,"92,341 M"
05/13/2026,1630,MARA,12.75,+0.24%,Information Technology,4.871,0.8,($3.68),23.45,6.66,11.96,10.14,12.81,-2.0,-0.99,-0.69,"30,675,018",200905.1,4.641075555E7,4.70071747E7,-29.19,36.8,18.94,-1.47,12.08,7.62,-7.62,14.02,52.0,"4,861 M"
05/13/2026,1630,MCD,275.70,+0.31%,Consumer Discretionary,.4129,7.45,$9.88,341.75,271.975,291.0,305.12,308.77,2.0,0.0,0.38,"3,445,054",-400022.03,3440030.99,3517096.65,12.42,-15.55,-4.96,-0.02,342.51,275.03,342.51,-272.02,58.0,"195,886 M"
05/13/2026,1630,MCHP,96.71,-1.01%,Information Technology,1.676,5.36,$1.37,105.91,48.52,90.92,76.18,69.03,-5.0,-0.92,-0.43,"12,885,325",100152.03,1.006995741E7,9656346.31,-28.98,56.13,7.25,-2.4,99.06,59.31,-59.31,106.03,59.0,"52,333 M"
05/13/2026,1630,MCK,737.18,+0.34%,Health Care,.3269,41.05,$43.77,999.0,637.0,804.2,859.06,814.55,2.0,0.0,0.17,"962,097",-100028.04,909896.49,871092.48,42.77,-21.65,-10.39,0.15,999.5,726.03,999.5,-724.02,58.0,"88,612 M"
05/13/2026,1630,MCO,438.32,-2.97%,Financials,1.357,6.06,$15.41,546.88,402.28,454.72,446.61,481.41,-1.0,-0.7,-0.54,"1,043,737",0.0,1160753.75,1301868.17,-16.45,1.93,-4.74,-2.88,484.52,402.62,484.52,483.15,49.0,"76,564 M"
05/13/2026,1630,MCW,7.08,+0.14%,Consumer Discretionary,1.283,0.02,$0.09,7.88,4.61,7.04,7.01,5.97,2.0,0.2,0.39,"8,415,555",0.0,2633531.13,3350609.95,750.08,1.72,0.14,0.57,7.08,6.61,7.08,7.08,58.0,"2,329 M"
05/13/2026,1630,MDB,303.00,-1.85%,Information Technology,1.647,19.57,$6.16,444.72,182.43,270.62,260.59,319.3,-1.0,0.78,-0.85,"1,545,651",200766.51,1700090.03,1920571.29,-14.83,16.31,17.31,1.18,373.61,216.23,-216.23,-241.13,10.0,"24,352 M"
05/13/2026,1630,MDLZ,61.52,-0.29%,Consumer Staples,.4013,1.5,$2.00,71.15,51.2008,59.55,58.25,59.04,-7.0,-0.84,-0.7,"10,030,714",-100031.38,9158058.46,9232612.31,31.24,12.08,0.79,-0.05,63.61,54.43,-54.43,-56.15,52.0,"78,970 M"
05/13/2026,1630,MELI,1562.00,-1.06%,Consumer Discretionary,1.345,112.06,$234.59,2645.22,1495.0,1781.06,1746.21,2065.94,-4.0,-0.35,0.0,"1,306,642",-200541.03,540016.34,587510.31,329.77,-6.47,-11.6,-4.32,2114.62,1593.32,2114.62,1903.16,58.0,"79,189 M"
05/13/2026,1630,META,616.63,+2.26%,Communication Services,1.237,29.41,$19.13,796.25,520.26,641.35,623.78,674.24,2.0,0.52,0.2,"14,558,827",-100136.1,1.624237291E7,1.53714842E7,24.79,0.48,-7.84,1.15,692.18,520.32,692.18,683.17,53.0,"1,565,268 M"
05/13/2026,1630,MGM,37.41,+1.38%,Consumer Discretionary,1.268,0.98,$5.81,40.94,29.185,38.66,37.49,35.6,1.0,-0.33,0.16,"3,945,273",-100450.38,4621047.73,4707598.42,31.31,1.99,-4.74,-3.56,41.12,33.46,41.12,41.12,53.0,"9,571 M"
05/13/2026,1630,MGPI,18.10,-1.04%,Consumer Staples,.5027,0.68,$2.46,33.378,16.45,19.57,18.82,23.83,-3.0,-0.73,-0.54,"164,667",-100640.55,256294.89,292833.85,-7.22,1.17,-5.53,-8.12,26.62,16.37,-16.37,-17.1,53.0,387 M
05/13/2026,1630,MICC,14.76,-2.19%,Consumer Staples,.8648,0.82,<empty>,19.93,12.94,14.22,14.62,NaN,-5.0,NaN,NaN,"677,865",200556.1,1495943.73,1589589.39,-59.18,-4.77,13.02,-0.2,17.62,13.1,-13.1,16.05,NaN,"9,037 M"
05/13/2026,1630,MKOR,63.28,+4.94%,,1.525,3.65,<empty>,65.47,22.95,57.47,50.59,38.48,-2.0,-0.95,-0.73,"36,086",-100200.02,30574.82,31268.57,242.39,45.57,15.57,-2.69,61.06,41.31,-41.31,65.02,NaN,146 M
05/13/2026,1630,MLCO,5.45,-1.09%,Consumer Discretionary,.5654,0.12,$1.20,10.15,5.22,5.62,5.63,7.48,2.0,0.65,0.56,"2,189,950",-100052.03,1635240.15,1997407.44,103.38,-2.5,-0.91,1.49,6.62,5.62,6.62,-5.03,53.0,"2,116 M"
05/13/2026,1630,MLM,576.79,-0.75%,Materials,1.12,13.6,$17.13,710.97,532.805,607.33,602.25,622.3,-5.0,-0.47,-0.31,"460,222",-200133.38,512144.39,543488.67,31.83,-1.19,-5.88,-2.3,702.54,555.38,-555.38,633.16,58.0,"34,634 M"
05/13/2026,1630,MNDY,67.70,-5.96%,Information Technology,1.217,4.04,$6.00,316.98,57.5,70.13,70.59,139.13,-2.0,-0.97,-0.63,"2,292,912",-101070.03,1680542.49,2127142.35,14.5,-9.56,1.56,-6.06,82.48,58.23,-58.23,88.02,60.0,"3,464 M"
05/13/2026,1630,MNSO,14.88,+5.46%,Consumer Discretionary,-.0491,0.25,$0.74,26.74,13.98,14.9,15.84,19.65,1.0,0.34,0.77,"721,482",0.0,426553.82,454291.93,-15.6,-10.95,2.41,1.71,20.56,14.09,20.56,16.17,6.0,"4,508 M"
05/13/2026,1630,MNST,85.93,+0.07%,Consumer Staples,.5162,4.29,$2.10,88.77,58.09,78.51,76.26,72.79,4.0,1.0,1.0,"6,514,615",100227.04,5335107.08,5707319.44,68.97,11.44,11.76,-0.42,87.52,71.3,-71.3,89.03,59.0,"84,040 M"
05/13/2026,1630,MO,71.54,+2.36%,Consumer Staples,.5394,2.53,$5.14,74.56,54.7,68.52,67.13,63.79,1.0,0.72,0.4,"8,309,683",-200227.1,9825522.38,9474394.34,10.42,5.38,4.9,5.02,75.08,63.34,75.08,75.08,53.0,"119,464 M"
05/13/2026,1630,MOH,191.97,+0.20%,Health Care,.7406,6.23,$4.84,327.68,121.06,179.14,157.51,165.14,-9.0,-0.9,-0.6,"639,101",-100059.38,1564253.11,1606267.71,-82.02,28.67,-2.3,3.24,198.1,123.62,201.04,201.04,48.0,"10,002 M"
05/13/2026,1630,MOO,82.35,-0.34%,,.3692,0.97,<empty>,86.5583,69.32,82.91,83.31,77.27,2.0,-0.11,0.52,"328,824",-100103.04,490423.43,454162.38,56.66,-1.42,0.56,0.84,87.62,80.37,-80.37,-82.03,NaN,"1,029 M"
05/13/2026,1630,MOVE:GIF,70.236,-2.01%,,-4.179,3.13,<empty>,115.0172,55.7659,70.31,80.02,73.83,-1.0,0.19,-0.7,<empty>,NaN,NaN,NaN,NaN,-22.96,-5.5,4.44,115.33,61.62,115.33,78.07,NaN,0
05/13/2026,1630,MP,63.73,-2.84%,Materials,1.914,3.13,($1.81),100.2505,18.64,65.47,59.25,63.22,-5.0,-0.86,-0.25,"6,347,239",-100977.04,5807154.37,5717479.31,-5.9,11.4,3.96,-5.49,70.07,44.31,-44.31,77.03,59.0,"11,345 M"
05/13/2026,1630,MPC,249.09,-1.15%,Energy,.5443,9.81,$18.98,261.61,154.65,236.86,234.03,196.27,-2.0,-0.71,-0.66,"3,643,208",-200243.38,2630102.23,2554809.67,61.97,10.13,3.01,1.72,262.06,190.52,262.06,262.06,56.0,"72,718 M"
05/13/2026,1630,MPLX,54.81,+0.77%,Energy,.4659,0.93,$4.02,59.98,47.8,55.45,56.65,53.72,1.0,-0.13,0.46,"1,970,748",200022.06,2041354.96,2023594.93,39.04,-6.34,-1.28,1.5,60.35,54.03,60.35,-53.02,56.0,"55,618 M"
05/13/2026,1630,MPNGY,23.45,+9.53%,Consumer Discretionary,.0465,0.67,($0.64),37.88,18.56,21.52,21.06,24.8,1.0,0.87,0.62,"851,653",100100.35,332297.48,339237.5,651.67,21.19,13.61,9.89,23.33,19.48,-19.48,-20.11,8.0,"72,395 M"
05/13/2026,1630,MRNA,50.42,-5.35%,Health Care,1.086,2.83,($4.10),59.55,22.28,50.58,51.61,36.39,-1.0,-0.22,-0.57,"7,479,716",-100993.03,7770072.31,8317636.77,84.11,-4.07,10.28,-7.23,60.49,39.62,60.49,59.02,54.0,"20,006 M"
05/13/2026,1630,MRVL,177.95,+8.18%,Information Technology,2.189,6.42,$1.62,182.31,58.61,160.28,124.08,92.22,1.0,0.81,0.16,"31,641,653",300663.3,2.654382844E7,2.325859933E7,-14.34,102.54,13.66,4.6,173.06,75.48,-75.48,-144.17,9.0,"155,610 M"
05/13/2026,1630,MSFT,405.21,-0.63%,Information Technology,1.08,7.17,$9.81,555.45,356.28,417.99,398.76,464.11,-4.0,-0.75,-0.29,"29,001,673",-100131.1,3.350277629E7,3.42229812E7,-24.29,2.44,-4.54,-2.39,434.15,356.31,434.15,-398.09,53.0,"3,010,076 M"
05/13/2026,1630,MSGS,348.20,+3.59%,Communication Services,.5821,5.25,$2.12,348.89,186.0,336.11,325.87,259.81,1.0,0.38,0.4,"340,541",100235.31,233375.47,254490.78,16.39,11.54,5.54,5.47,346.08,277.62,-277.62,-321.03,62.0,"8,383 M"
05/13/2026,1630,MSM,106.76,-0.15%,Industrials,.9915,2.52,$3.86,107.99,77.78,101.5,95.35,89.98,-2.0,1.0,-0.55,"1,028,014",100333.13,672022.96,635458.96,70.55,17.02,5.97,2.38,105.11,85.37,-85.37,108.02,33.0,"5,961 M"
05/13/2026,1630,MSTR,178.03,-3.46%,Information Technology,3.334,10.27,($2.32),457.22,104.165,174.61,150.58,220.13,-2.0,-0.97,-0.45,"12,409,799",100889.19,1.904858046E7,1.919432659E7,-36.55,27.46,12.54,-5.1,190.06,116.28,-116.28,197.02,54.0,"62,431 M"
05/13/2026,1630,MTCH,36.07,+2.01%,Communication Services,1.412,0.94,$4.28,39.2,28.72,36.6,33.42,33.6,-8.0,-0.62,0.0,"3,826,568",-100143.38,5354148.92,5008555.72,43.89,17.15,-2.43,-2.41,39.08,30.6,39.08,39.08,57.0,"8,414 M"
05/13/2026,1630,MTDR,57.31,+1.17%,Energy,.8222,3.05,$0.48,66.8387,37.14,59.42,59.31,48.47,2.0,0.0,0.26,"1,456,226",200150.19,1851369.31,1928764.07,-17.18,0.32,-8.89,3.71,67.31,46.62,67.31,-54.04,52.0,"7,117 M"
05/13/2026,1630,MTUM,305.40,+0.71%,,1.064,10.44,<empty>,307.86,223.47,285.63,263.5,254.15,-2.0,1.0,-0.62,"604,931",100231.31,862734.66,839225.45,-6.56,25.45,9.97,1.19,292.06,229.31,-229.31,308.02,NaN,"26,295 M"
05/13/2026,1630,MU,803.63,+4.83%,Information Technology,1.881,110.69,$9.16,818.67,90.93,576.25,472.18,300.76,-2.0,1.0,-0.98,"54,497,144",-100206.02,4.687571098E7,4.380264176E7,42.74,88.59,55.0,7.61,652.06,311.3,-311.3,819.02,28.0,"906,281 M"
05/13/2026,1630,MUR,38.46,-0.62%,Energy,.572,1.63,$1.25,43.34,20.31,39.25,38.52,31.53,2.0,-0.13,0.23,"1,689,148",200158.38,2504606.42,2403802.81,-8.3,4.48,-8.06,4.0,43.26,30.53,43.26,-36.04,58.0,"5,513 M"
05/13/2026,1630,MUSA,588.63,+2.02%,Consumer Discretionary,.3233,30.65,$29.30,609.8206,345.2301,550.74,505.2,419.97,-6.0,-0.91,-0.55,"344,181",101137.1,363091.79,362096.38,19.79,28.88,14.42,1.86,605.06,370.59,610.05,610.05,53.0,"10,872 M"
05/13/2026,1630,MZTI,114.25,-0.24%,Consumer Staples,.3904,6.24,$9.04,190.96,111.04,123.89,137.37,161.93,2.0,0.02,0.54,"352,136",-200425.08,348772.39,313452.08,-1.2,-24.56,-11.09,0.49,171.53,111.07,-111.07,-111.07,68.0,"3,133 M"
05/13/2026,1630,N225:JP,63272.11,0.00%,,<empty>,1530.56,<empty>,63385.04,36855.83,60036.09,56562.65,50424.01,1.0,1.0,0.65,<empty>,NaN,NaN,NaN,NaN,16.63,5.95,0.89,60904.09,50559.28,-50559.28,63385.02,NaN,0
05/13/2026,1630,NBIS,207.27,+15.72%,Information Technology,2.084,22.4,($15.18),217.34,34.45,164.73,135.66,104.15,1.0,1.0,0.66,"38,652,367",200311.01,1.746887741E7,1.673122808E7,176.71,83.51,46.8,17.07,180.06,80.62,-80.62,-133.11,0.0,"52,625 M"
05/13/2026,1630,NBIX,161.32,+3.54%,Health Care,.3579,11.39,$8.34,161.765,116.0,137.45,133.06,137.95,11.0,1.0,1.0,"1,564,280",-200137.06,1154885.85,1211453.76,201.56,24.3,22.93,5.96,137.06,122.62,-122.62,-126.1,53.0,"16,221 M"
05/13/2026,1630,NCLH,16.06,+0.38%,Consumer Discretionary,1.907,0.83,($2.10),27.1799,15.71,18.11,19.12,21.83,-3.0,-0.23,-0.28,"20,976,271",-200260.08,2.26444566E7,2.348867459E7,22.97,-14.89,-9.62,-5.97,25.52,17.03,25.52,20.17,53.0,"7,373 M"
05/13/2026,1630,NEE,94.85,+0.27%,Utilities,.7282,1.28,($7.43),98.75,63.88,94.31,92.99,84.05,1.0,-0.43,0.37,"6,772,398",200328.1,8862716.26,9372982.31,-61.36,2.23,0.72,1.88,99.08,89.37,99.08,99.08,48.0,"197,795 M"
05/13/2026,1630,NEM,118.96,-0.61%,Materials,.461,4.71,$8.43,134.88,48.27,113.64,111.94,97.85,7.0,0.53,0.72,"6,634,964",-100458.38,9339177.8,9386155.84,-26.2,8.56,10.55,2.1,132.51,94.37,-94.37,121.02,49.0,"126,996 M"
05/13/2026,1630,NET,192.62,+3.12%,Information Technology,1.596,20.99,$0.80,260.0,150.45,211.44,207.3,204.07,-4.0,-0.45,-0.15,"4,256,523",-301070.04,4497170.38,4775730.76,75.41,-9.33,-9.13,-1.79,249.06,159.56,259.04,259.04,54.0,"68,085 M"
05/13/2026,1630,NFLX,87.56,-0.11%,Communication Services,1.67,2.45,$2.81,134.115,75.01,91.8,94.93,102.87,2.0,0.27,0.22,"30,733,562",200132.19,4.033643232E7,4.481406866E7,-16.6,-8.13,-4.95,0.08,109.19,75.56,109.19,-85.02,44.0,"368,698 M"
05/13/2026,1630,NIKL,17.2122,-2.98%,,.9367,0.28,<empty>,21.855,9.95,17.45,16.77,15.6,-1.0,-0.46,-0.53,"206,238",0.0,172220.78,214573.28,130.43,6.38,0.13,0.77,20.52,14.37,-14.37,-17.06,NaN,79 M
05/13/2026,1630,NKE,42.34,-0.02%,Consumer Discretionary,1.14,0.96,$0.71,80.165,41.7,44.44,48.25,62.75,-3.0,-0.55,-0.67,"21,238,193",100140.29,2.249440423E7,2.100695989E7,21.66,-21.56,-4.62,-4.08,68.57,42.22,68.57,47.16,29.0,"62,701 M"
05/13/2026,1630,NLR,136.40,-2.50%,,.8337,3.45,<empty>,168.1199,86.09,143.62,139.21,136.23,-2.0,-0.48,-0.34,"550,051",-200239.02,438767.48,453541.4,-3.63,-0.17,-0.84,-3.18,154.51,126.31,-126.31,151.14,NaN,"4,971 M"
05/13/2026,1630,NNN,43.96,-1.21%,Real Estate,.8028,0.35,$3.46,46.03,38.9,44.24,43.94,42.35,-1.0,-0.49,-0.59,"2,521,631",100227.1,1609864.52,1614473.43,32.06,-2.33,1.01,-0.9,46.51,42.31,-42.31,-43.09,57.0,"8,363 M"
05/13/2026,1630,NOAH,10.65,+0.19%,Financials,.8159,0.18,<empty>,12.84,9.31,10.49,10.68,11.2,-5.0,-0.65,-0.63,"93,634",100260.33,120236.11,125255.88,77.17,-6.66,3.9,-1.75,12.59,10.33,-10.33,11.05,9.0,698 M
05/13/2026,1630,NORW,38.52,+0.76%,,.7235,0.39,<empty>,39.1499,27.4249,38.15,37.45,32.15,2.0,0.44,0.28,"131,934",-100100.13,198627.52,172207.1,16.88,7.9,1.34,1.13,39.06,34.6,39.06,39.06,NaN,157 M
05/13/2026,1630,NOW,87.05,-2.19%,Information Technology,.819,1.68,$4.46,211.47798,81.24,92.28,100.71,145.84,-2.0,-0.78,-0.42,"21,989,841",-300362.15,2.272187847E7,2.223050774E7,-73.85,-23.38,-2.07,-4.53,127.46,81.23,-81.23,-84.14,48.0,"89,775 M"
05/13/2026,1630,NSA,42.57,-2.32%,Real Estate,1.092,0.75,$3.59,44.015,27.43,42.85,39.62,33.09,-1.0,-0.6,-0.33,"1,110,409",-100336.41,1836773.76,1803470.57,72.61,37.59,2.65,-2.52,44.16,30.43,44.16,-41.1,56.0,"3,287 M"
05/13/2026,1630,NSC,310.58,-0.57%,Industrials,1.281,2.88,$7.20,323.37,236.37,311.61,299.76,292.37,-12.0,-0.74,-0.41,"675,413",200128.34,1286645.46,1306565.59,-52.22,7.33,-0.49,-0.46,323.13,278.37,323.13,323.13,53.0,"69,754 M"
05/13/2026,1630,NSP,29.19,-7.54%,Industrials,.5904,2.71,$1.76,72.23,18.57,31.69,27.53,38.99,-2.0,-0.78,-0.51,"502,941",-100190.38,1057455.42,1131196.67,-34.47,44.65,-21.55,-10.43,38.1,19.44,38.1,-28.05,54.0,"1,114 M"
05/13/2026,1630,NSSC,37.89,-1.04%,Information Technology,1.387,3.11,$1.58,48.12,26.44,43.48,42.5,40.93,-9.0,-0.02,0.0,"504,139",200150.44,611978.39,609726.81,86.69,-10.99,-16.14,-7.18,47.53,38.31,47.53,47.08,70.0,"1,354 M"
05/13/2026,1630,NTLA,14.28,+2.07%,Health Care,1.976,0.51,($3.24),28.25,6.83,14.13,13.66,13.2,10.0,0.72,0.41,"3,750,197",200389.11,5188576.83,4944155.08,-31.74,11.91,14.74,1.35,17.14,11.62,17.14,-12.1,58.0,"1,995 M"
05/13/2026,1630,NTR,71.29,-0.96%,Materials,.6788,2.59,$4.56,85.3599,53.03,72.65,74.69,64.51,3.0,-0.04,0.33,"2,127,593",-100045.32,3882508.04,3695460.16,14.55,-13.95,-3.83,4.33,85.42,68.03,85.42,-68.03,58.0,"34,221 M"
05/13/2026,1630,NUE,232.34,+1.09%,Materials,1.845,5.79,$2.32,235.45,106.211,219.69,190.41,164.19,-11.0,-0.9,-0.3,"1,320,539",100237.12,1490844.37,1546226.34,-33.67,42.12,4.47,2.13,234.06,155.38,-155.38,-195.17,51.0,"52,912 M"
05/13/2026,1630,NVDA,225.83,+2.29%,Information Technology,2.278,8.88,$3.44,227.84,129.16,207.25,191.18,185.44,6.0,1.0,0.7,"148,825,726",-200252.53,1.6197413573E8,1.700579303E8,31.05,25.29,7.92,4.94,217.12,164.31,-164.31,-195.07,5.0,"5,487,669 M"
05/13/2026,1630,NVO,47.08,+0.17%,Health Care,.8013,2.34,$1.08,81.44,35.12,42.82,39.72,49.2,-5.0,0.87,-0.87,"9,959,708",-100155.57,1.770534999E7,1.992595431E7,-18.81,24.03,16.85,2.19,50.62,35.31,-35.31,48.02,57.0,"208,699 M"
05/13/2026,1630,NXPI,298.41,+1.42%,Information Technology,1.696,24.45,$10.12,306.62,183.0,265.11,225.35,223.22,-8.0,-0.97,-0.45,"3,248,333",-100048.04,3387585.29,3206320.09,-29.08,56.35,3.17,1.24,300.07,185.31,-185.31,307.02,51.0,"75,340 M"
05/13/2026,1630,NYT,77.00,-1.26%,Communication Services,.9935,1.67,$3.33,87.1,51.03,79.35,80.85,68.05,-4.0,-0.02,-0.42,"1,168,009",100131.06,2220459.69,2301012.77,-11.84,-2.91,-2.57,-3.03,87.26,71.62,87.26,87.05,57.0,"12,463 M"
05/13/2026,1630,O,61.52,-1.62%,Real Estate,.7497,0.83,$4.45,67.935,54.38,63.41,63.15,60.3,-1.0,-0.27,-0.4,"6,440,122",-100321.05,5838958.97,6160735.29,75.93,-4.53,-2.8,-0.65,68.52,60.34,-60.34,65.17,56.0,"57,367 M"
05/13/2026,1630,OC,118.56,-1.06%,Industrials,1.326,2.41,$10.00,159.42,97.53,122.1,114.11,125.01,-5.0,-0.73,-0.37,"1,018,293",-100349.38,1357205.23,1383940.65,-0.65,11.37,-2.16,-2.56,143.62,99.37,-99.37,131.05,57.0,"9,547 M"
05/13/2026,1630,OIH,437.45,+0.05%,,.881,8.59,<empty>,450.85,210.7,428.87,408.54,320.75,3.0,-0.46,0.37,"355,808",-100146.51,468156.87,518260.35,-36.82,17.87,-1.87,3.95,451.1,366.46,451.1,451.1,NaN,"2,494 M"
05/13/2026,1630,OKE,88.79,+0.41%,Energy,.7688,2.02,$3.56,95.3,64.02,87.5,87.63,77.66,3.0,0.26,0.53,"2,944,644",-100038.38,4810329.18,4938415.18,3.7,4.02,-0.59,4.26,95.32,80.54,95.32,93.09,56.0,"55,941 M"
05/13/2026,1630,OKLO,69.66,-5.39%,Utilities,2.454,3.83,($0.79),193.84,34.1,70.84,61.43,86.47,-2.0,-0.95,-0.4,"13,958,116",101312.06,1.202808052E7,1.088338981E7,-56.31,19.34,7.2,-3.93,82.13,45.31,82.13,82.13,61.0,"12,115 M"
05/13/2026,1630,OKTA,78.20,-1.09%,Information Technology,.7059,2.63,$4.91,127.567,62.66,77.12,76.64,85.33,-3.0,-0.92,-0.73,"2,206,121",-200863.24,3716078.17,3700989.01,-31.87,-1.21,2.68,-6.79,90.62,63.23,-63.23,85.02,10.0,"13,712 M"
05/13/2026,1630,OLLI,74.22,-1.28%,Consumer Discretionary,.4832,5.25,$3.17,141.74,73.315,85.71,93.3,114.89,-3.0,-0.01,-0.19,"1,872,390",-300644.37,1479827.67,1371496.04,54.61,-32.06,-13.09,-9.72,117.62,81.03,117.62,95.17,13.0,"4,502 M"
05/13/2026,1630,OMF,52.44,-1.11%,Financials,1.185,2.23,$27.17,71.93,45.7811,57.07,54.99,59.37,-3.0,-0.39,-0.14,"1,012,597",-100648.42,1450986.61,1489089.2,42.24,0.73,-9.45,-6.51,61.62,46.41,-46.41,60.16,49.0,"6,058 M"
05/13/2026,1630,ON,115.71,+11.14%,Information Technology,1.823,5.02,$2.92,115.99,40.62,97.8,76.5,60.01,1.0,0.97,0.43,"21,514,557",100673.01,1.013186346E7,9674728.85,3.12,97.63,17.04,12.12,106.06,55.46,-55.46,-82.17,55.0,"45,347 M"
05/13/2026,1630,ONEW,10.94,-1.97%,Consumer Discretionary,1.53,0.77,$4.09,17.92,8.12,10.82,10.03,13.07,-3.0,-0.8,-0.63,"76,124",300036.05,152266.73,147957.65,-53.12,29.62,8.21,-9.29,13.62,8.38,-8.38,13.03,53.0,182 M
05/13/2026,1630,ONON,35.39,+4.61%,Consumer Discretionary,2.055,0.74,$1.08,61.2882,31.41,35.57,36.35,42.59,1.0,0.48,0.52,"15,479,872",100557.02,7107867.43,6756224.61,288.22,-6.84,0.17,0.43,50.57,31.32,-31.32,38.16,61.0,"11,797 M"
05/13/2026,1630,ONTO,276.97,-0.35%,Information Technology,1.616,10.16,$4.85,316.0,89.4,289.67,243.46,173.52,-6.0,-0.51,0.0,"1,102,289",100270.06,864402.21,929592.82,10.29,46.14,-2.59,-2.7,316.13,175.46,316.13,316.13,59.0,"13,777 M"
05/13/2026,1630,ORCL,189.76,+1.57%,Information Technology,1.523,11.91,($8.70),345.72,134.57,180.29,162.34,210.16,-3.0,-0.98,-0.55,"15,533,427",-200357.22,2.897174143E7,2.771915164E7,-58.11,22.34,15.83,-3.16,189.15,135.23,200.04,200.04,19.0,"545,758 M"
05/13/2026,1630,ORLY,89.70,-2.33%,Consumer Discretionary,.5546,2.42,$2.26,108.715,86.77,93.44,92.53,97.18,-8.0,-0.48,-0.13,"6,082,534",100427.1,5488888.21,5651841.61,48.0,-2.01,-2.17,-3.51,101.08,87.37,101.08,101.08,53.0,"74,336 M"
05/13/2026,1630,OSCR,23.62,-0.46%,Financials,2.14,2.22,$10.21,24.28,10.69,18.58,15.39,16.2,6.0,1.0,1.0,"11,030,726",200971.02,7173237.9,7285643.53,175.6,78.53,31.73,10.84,19.07,11.31,-11.31,-16.17,60.0,"6,281 M"
05/13/2026,1630,OSK,125.31,-4.58%,,1.297,9.74,$12.88,180.49,96.03,147.31,148.46,141.51,-5.0,-0.1,-0.11,"1,194,900",-300247.03,665226.62,696639.88,116.18,-14.85,-14.97,-9.18,180.54,131.03,180.54,160.05,54.0,"7,813 M"
05/13/2026,1630,OTLY,10.05,-0.20%,Consumer Staples,1.113,0.76,($0.98),18.84,9.26,11.67,11.06,13.21,2.0,-0.33,0.09,"73,718",-100388.19,66665.34,70103.2,104.96,-2.71,-16.39,-3.46,14.18,9.32,14.18,14.17,48.0,314 M
05/13/2026,1630,OUT,32.04,+0.63%,Real Estate,1.477,1.03,$1.36,34.96,15.45,31.03,28.97,23.27,-3.0,-0.81,-0.48,"2,366,333",-100535.03,1391579.82,1490818.8,156.5,19.96,5.19,-5.49,32.07,25.6,-25.6,35.03,57.0,"5,641 M"
05/13/2026,1630,OVX:CGI,70.94,-6.28%,,-2.599,2.22,<empty>,125.99,23.59,74.76,86.03,50.12,-1.0,-0.05,-0.4,<empty>,NaN,NaN,NaN,NaN,-40.4,-6.61,-1.68,126.43,40.61,126.43,-69.04,NaN,0
05/13/2026,1630,OXLC,10.11,+0.40%,,.6544,0.12,($6.38),24.9,8.01,10.1,9.52,13.6,-4.0,-0.94,-0.56,"874,051",0.0,1313971.72,1576782.86,26.08,23.29,-0.69,-0.69,11.62,8.4,-8.4,11.08,NaN,987 M
05/13/2026,1630,OXM,39.87,-4.14%,Consumer Discretionary,.9947,1.76,<empty>,58.55,30.5656,43.96,40.21,39.54,-3.0,-0.51,-0.05,"361,358",-100173.33,331393.43,313589.74,20.45,11.28,-3.16,-12.34,48.15,31.38,48.15,48.15,19.0,594 M
05/13/2026,1630,OXY,56.18,-0.16%,Energy,.2016,2.4,$3.15,67.45,38.8,56.93,58.29,47.63,3.0,0.01,0.54,"6,903,418",-100146.31,1.733136027E7,1.698639057E7,-29.06,-2.94,-7.54,5.94,67.3,45.62,67.3,-53.03,58.0,"55,879 M"
05/13/2026,1630,PAG,166.58,-1.45%,Consumer Discretionary,.8832,4.48,$9.05,189.51,140.12,165.66,156.38,165.46,-3.0,-0.93,-0.45,"235,068",100235.11,302809.97,311405.79,-0.44,14.15,-2.96,-4.16,182.1,140.37,182.1,182.1,53.0,"10,953 M"
05/13/2026,1630,PALL,136.77,+0.54%,,.17,2.2,<empty>,197.4084,86.53,136.9,138.09,134.81,1.0,0.42,0.58,"202,147",0.0,231290.23,251412.87,-37.77,-2.83,3.61,1.53,166.54,122.33,-122.33,-131.1,NaN,824 M
05/13/2026,1630,PAM,79.95,-2.97%,Utilities,.9119,1.55,<empty>,94.5,54.95,81.51,83.2,78.93,-1.0,-0.16,-0.54,"200,476",-100245.3,256805.61,257047.15,26.57,-1.33,-3.43,1.56,90.3,69.5,90.3,-78.08,58.0,"4,297 M"
05/13/2026,1630,PATH,9.47,-5.39%,Information Technology,.4878,0.36,$0.65,19.84,9.28,10.5,10.93,13.02,-4.0,-0.45,-0.29,"43,107,048",200479.44,3.079681625E7,3.185302787E7,26.43,-18.22,-8.77,-12.23,13.38,9.23,-9.23,11.16,10.0,"4,962 M"
05/13/2026,1630,PBD,21.76,+1.46%,,1.35,0.63,<empty>,22.34,11.5,20.77,19.1,16.8,-2.0,-0.95,-0.61,"35,390",-200140.13,56901.27,61763.88,-74.33,24.49,6.82,-0.55,22.06,17.46,-17.46,22.02,NaN,227 M
05/13/2026,1630,PBH,51.81,+2.78%,Health Care,.3865,2.68,$5.45,89.37,49.28,55.76,58.57,62.7,1.0,-0.18,0.38,"749,859",-200847.29,540501.73,515705.12,5.53,-15.69,-7.52,-1.39,71.55,51.27,71.55,-49.02,0.0,"2,452 M"
05/13/2026,1630,PBJ,48.6123,+0.32%,,.5005,0.6,<empty>,51.07,42.685,49.42,49.15,47.13,1.0,-0.13,0.3,"7,276",0.0,16689.18,21691.39,-67.13,-0.61,-1.73,-0.47,51.52,47.37,-47.37,50.09,NaN,92 M
05/13/2026,1630,PBR,19.59,-4.44%,Energy,.4399,0.72,$1.30,22.24,11.035,21.07,20.23,14.75,-2.0,-0.2,0.0,"19,802,426",-100148.44,2.945584059E7,2.841445194E7,61.39,5.49,-10.34,-3.64,22.07,15.6,22.07,22.07,59.0,"126,245 M"
05/13/2026,1630,PCAR,111.78,-1.11%,Industrials,.994,4.72,$5.89,131.875,88.65,119.73,119.06,109.35,6.0,-0.06,0.17,"1,964,860",-100732.12,2769710.91,2912206.44,-40.87,-3.09,-5.38,-2.21,131.62,110.37,-110.37,129.16,47.0,"58,828 M"
05/13/2026,1630,PD,6.67,-1.19%,Information Technology,.8019,0.29,$1.13,18.0,5.7,6.82,6.76,11.93,-4.0,-0.95,-0.55,"2,187,881",-100607.22,2718698.4,3098240.75,45.49,-5.66,0.3,-8.5,8.47,6.23,-6.23,8.04,10.0,511 M
05/13/2026,1630,PDD,99.60,+4.04%,Consumer Discretionary,1,1.71,$10.82,139.41,95.24,99.59,100.47,114.35,1.0,0.76,0.63,"10,679,842",100242.35,7091414.88,7085898.12,32.76,-2.97,1.98,0.83,108.18,95.36,108.18,105.17,9.0,"141,770 M"
05/13/2026,1630,PEB,14.30,+0.21%,Real Estate,1.483,0.23,$2.05,14.845,8.69,14.15,13.3,11.79,-3.0,-0.75,-0.38,"1,797,389",-100346.11,2525395.48,2510023.89,74.73,23.6,-0.14,-2.85,15.1,12.42,15.04,15.04,52.0,"1,621 M"
05/13/2026,1630,PECO,39.36,-0.73%,Real Estate,.4528,0.29,$1.65,40.71,32.84,39.61,38.58,36.09,-5.0,-0.56,-0.4,"654,529",-200100.05,872150.87,889597.97,-49.52,3.12,-1.2,-0.91,41.11,37.35,41.11,41.11,49.0,"4,958 M"
05/13/2026,1630,PENN,15.83,+0.76%,Consumer Discretionary,1.412,0.71,($0.47),20.605,11.65,16.63,15.48,15.92,-11.0,-0.68,0.0,"2,851,719",301158.15,4002979.7,4357468.66,-74.81,10.62,-11.17,-5.44,18.11,12.6,18.11,18.11,49.0,"2,119 M"
05/13/2026,1630,PEP,149.27,-1.70%,Consumer Staples,.3856,2.61,$6.46,171.48,127.6,155.07,155.68,150.34,-4.0,-0.18,-0.26,"5,517,833",-100234.38,6070527.9,6371262.19,-9.21,-6.64,-3.88,-3.46,171.62,149.34,171.62,160.08,44.0,"204,018 M"
05/13/2026,1630,PFE,25.96,+0.35%,Health Care,.3136,0.37,$1.67,28.745,21.97,26.59,26.98,25.74,2.0,0.0,0.2,"39,367,288",0.0,3.833200271E7,3.832535723E7,1.68,-2.33,-1.14,1.09,29.28,26.03,29.28,-26.03,53.0,"147,958 M"
05/13/2026,1630,PFF,31.58,+0.03%,,.5337,0.15,<empty>,32.2645,29.86,31.46,31.03,31.31,-2.0,-0.9,-0.41,"1,961,881",100008.42,3470490.55,3462795.95,-31.8,2.97,1.32,-0.44,32.59,30.31,-30.31,32.02,NaN,"13,954 M"
05/13/2026,1630,PFG,100.42,-0.42%,Financials,.8751,0.64,$16.45,103.0,75.0,99.06,93.46,87.34,-12.0,-0.88,-0.46,"926,409",-200132.38,1473457.08,1572385.94,-44.33,17.0,0.79,-0.08,102.08,85.37,103.05,103.05,51.0,"21,692 M"
05/13/2026,1630,PFIG,24.018,+0.12%,,.2239,0.04,<empty>,26.96,23.57,24.05,24.07,24.23,1.0,0.6,0.56,"10,879",100000.25,27388.84,28029.14,4.43,0.05,0.26,-0.21,24.61,24.32,-24.32,-24.07,NaN,113 M
05/13/2026,1630,PFIX,48.75,+1.14%,,-.0293,1.07,<empty>,65.1521,41.45,46.49,45.96,47.81,1.0,0.87,0.67,"179,794",-100143.21,741209.63,679370.02,-65.79,4.68,3.94,3.17,50.32,41.52,50.32,-44.14,NaN,215 M
05/13/2026,1630,PG,142.24,-1.16%,Consumer Staples,.3971,2.08,$6.43,170.99,137.62,145.51,146.52,150.19,-5.0,-0.4,-0.5,"6,678,287",-100029.38,9746531.49,1.013384984E7,-40.84,-5.58,-2.88,-2.85,167.52,141.26,-141.26,152.13,53.0,"331,220 M"
05/13/2026,1630,PGNY,23.51,+0.26%,Health Care,.9928,2.14,$2.18,28.75,16.1,19.4,18.23,21.78,5.0,0.89,0.94,"1,539,545",100133.04,1544704.03,1606848.53,88.22,34.34,27.63,-0.89,22.53,16.23,-16.23,24.02,59.0,"1,842 M"
05/13/2026,1630,PGRO,47.749,+0.74%,,1.165,0.82,<empty>,47.88,37.59,46.09,43.37,43.78,-3.0,1.0,-0.42,"12,890",-100100.17,23555.67,21897.57,24.69,15.9,5.12,0.69,46.06,39.31,-39.31,-45.16,NaN,113 M
05/13/2026,1630,PINK,36.564,+1.15%,,.7227,0.68,<empty>,38.68,27.56,35.34,34.5,34.17,10.0,0.59,0.67,"28,802",-100033.14,117133.21,117991.33,-36.83,8.31,7.16,1.68,36.52,32.32,-32.32,-34.1,NaN,254 M
05/13/2026,1630,PINS,19.35,-5.89%,Communication Services,.9218,0.8,$1.82,39.93,13.84,20.47,19.36,26.67,-4.0,-0.92,-0.4,"19,338,390",-101055.07,1.850366397E7,2.058384799E7,115.01,6.44,-1.93,-9.03,25.06,14.61,25.06,25.06,61.0,"10,839 M"
05/13/2026,1630,PJP,108.42,+1.55%,,.4673,1.52,<empty>,110.8099,77.69,105.58,104.24,100.34,2.0,0.56,0.73,"11,134",100020.16,27571.52,26550.52,-74.6,6.3,5.03,2.71,111.54,99.35,-99.35,-103.1,NaN,338 M
05/13/2026,1630,PK,10.81,-1.46%,Real Estate,1.357,0.17,$1.87,12.39,9.84,11.22,10.91,11.02,-3.0,-0.57,-0.23,"4,948,537",-200054.09,4029163.75,4218951.31,13.05,6.08,-4.67,-4.51,12.62,10.26,-10.26,12.08,54.0,"2,177 M"
05/13/2026,1630,PKB,103.9763,-0.66%,,1.289,1.78,<empty>,111.2354,75.5301,106.8,102.37,97.64,-5.0,-0.6,-0.32,"9,259",0.0,18479.17,21956.97,-56.56,7.74,-1.58,-1.86,111.57,93.37,-93.37,111.05,NaN,438 M
05/13/2026,1630,PLAY,10.00,+2.77%,Consumer Discretionary,1.725,0.83,($2.90),35.53,9.61,11.71,12.32,17.42,1.0,-0.25,0.35,"1,858,002",300184.16,1863207.82,1684950.86,85.4,-22.72,-10.23,-3.01,18.62,10.32,-10.32,15.17,18.0,347 M
05/13/2026,1630,PLD,142.00,-1.22%,Real Estate,1.363,1.68,$5.53,145.44,103.02,142.1,137.04,126.56,-1.0,-0.72,-0.47,"2,864,369",0.0,3524539.5,3461810.82,-24.62,7.78,2.29,-1.45,145.18,127.37,145.18,145.02,43.0,"132,392 M"
05/13/2026,1630,PLNT,50.59,+2.22%,Consumer Discretionary,1.047,8.73,$3.23,114.47,37.03,62.85,69.97,93.26,2.0,0.0,0.18,"3,494,891",100864.04,2225516.64,2280311.21,110.71,-31.28,-21.19,10.27,95.59,37.04,-37.04,-37.04,57.0,"4,003 M"
05/13/2026,1630,PLTR,130.05,-4.38%,Information Technology,1.454,4.22,$1.13,207.52,118.93,140.86,145.17,163.59,-2.0,-0.55,-0.4,"54,821,929",-300356.07,4.770977112E7,4.942484274E7,-6.53,-13.85,-5.74,-5.62,162.35,123.23,-123.23,153.15,56.0,"311,770 M"
05/13/2026,1630,PM,187.91,+0.52%,Consumer Staples,.4286,8.32,$6.85,191.3,142.11,167.57,166.28,164.53,3.0,0.91,1.0,"4,885,048",-200337.3,5021723.44,4978027.32,-23.7,7.59,15.49,9.9,191.54,152.29,-152.29,-153.16,48.0,"292,869 M"
05/13/2026,1630,PNC,209.86,-2.49%,Financials,.9093,3.48,$16.37,243.94,169.32,220.63,213.78,205.81,-5.0,-0.41,-0.24,"1,614,484",-100039.38,2272167.71,2342441.04,17.34,4.34,-4.05,-3.22,238.62,198.38,-198.38,230.16,43.0,"84,272 M"
05/13/2026,1630,PNDRY,10.1100,+1.30%,Consumer Discretionary,1.633,0.5,<empty>,23.7625,8.25,9.96,9.44,13.42,-3.0,-0.97,-0.57,"74,691",100000.42,171260.68,176459.72,-1.64,19.64,6.42,-4.17,11.61,8.39,11.05,11.05,NaN,"6,050 M"
05/13/2026,1630,POET,14.37,+4.66%,Information Technology,.5041,2.92,($0.36),15.5,3.87,9.93,7.79,6.53,7.0,0.94,0.75,"49,622,410",202944.07,3.166050146E7,2.613347879E7,8.32,110.4,117.73,31.23,16.13,5.31,16.13,-6.1,1.0,"2,194 M"
05/13/2026,1630,POOL,175.37,-3.82%,Consumer Discretionary,1.124,16.92,$8.48,345.0,175.0101,209.28,208.69,257.8,-1.0,-0.27,-0.2,"1,111,906",-200543.07,797966.56,859142.18,-8.57,-15.13,-16.34,-6.6,278.62,185.03,278.62,249.14,49.0,"6,391 M"
05/13/2026,1630,PPLT,195.49,+1.22%,,.3869,7.07,<empty>,261.62,89.55,184.32,184.32,166.36,7.0,0.38,0.7,"479,435",0.0,342200.13,381994.36,27.05,6.34,14.59,5.1,215.52,164.33,-164.33,-170.1,NaN,"2,659 M"
05/13/2026,1630,PR,20.24,+0.35%,Energy,.5422,0.9,$0.46,22.675,11.92,20.72,20.37,15.74,1.0,-0.1,0.18,"11,481,434",-100243.05,1.389915823E7,1.365556315E7,-4.63,4.6,-6.51,2.64,23.06,16.62,23.06,23.06,58.0,"16,947 M"
05/13/2026,1630,PRAA,14.70,-12.40%,Financials,1.114,2.3,($0.34),22.55,10.25,20.47,19.01,16.3,-11.0,-0.39,0.0,"890,360",-100778.04,440912.72,518967.76,148.37,-12.13,-32.91,-23.36,23.08,10.56,23.08,23.08,61.0,561 M
05/13/2026,1630,PRGO,10.91,-1.89%,Health Care,.5082,0.36,$0.81,28.435,9.225,11.61,10.83,16.21,-5.0,-0.91,-0.43,"2,265,469",-100196.27,3218474.79,3280805.04,7.32,17.31,-3.37,-6.83,15.57,9.37,-9.37,13.05,54.0,"1,510 M"
05/13/2026,1630,PRMB,23.43,+0.13%,Consumer Staples,.5121,1.57,$0.72,33.29,14.36,20.9,20.22,20.36,-1.0,0.94,-0.96,"2,850,738",100546.54,4571065.01,5072843.32,-9.69,12.86,21.4,0.86,23.5,18.33,-18.33,24.03,63.0,"8,502 M"
05/13/2026,1630,PRVA,22.63,-1.65%,Health Care,.944,0.77,$1.12,26.51,18.77,23.9,22.74,23.09,-11.0,-0.56,0.0,"1,005,649",100438.05,926632.94,935959.48,41.57,4.38,-8.34,-1.86,25.08,20.32,25.08,-21.04,58.0,"2,852 M"
05/13/2026,1630,PSA,303.70,-2.44%,Real Estate,.9816,5.9,$18.46,313.51,256.54,305.31,294.17,286.38,-1.0,-0.8,-0.56,"929,233",-100130.42,1160109.33,1196804.8,27.43,2.01,3.27,-2.36,314.16,263.34,314.16,-292.1,53.0,"53,313 M"
05/13/2026,1630,PSCE,61.339,-0.87%,,.7761,1.17,<empty>,64.17,36.01,61.09,59.99,48.32,-1.0,-0.33,-0.41,"13,412",-100133.09,52962.68,52884.23,-79.6,6.74,-3.22,1.91,64.06,51.62,64.06,64.06,NaN,123 M
05/13/2026,1630,PSCI,167.9644,-0.86%,,1.158,2.29,<empty>,178.02,123.83,170.82,163.0,155.76,-5.0,-0.73,-0.35,"6,878",-200128.48,5010.33,5114.4,-14.47,10.24,0.45,-3.1,178.62,149.37,-149.37,176.04,NaN,168 M
05/13/2026,1630,PSCU,63.4725,+0.69%,,.7498,1.1,<empty>,66.85,53.4318,65.44,62.46,58.88,-8.0,-0.4,0.0,233,-100200.38,8834.81,7721.41,-91.47,7.9,-2.54,-1.83,67.08,58.56,67.08,67.08,NaN,17 M
05/13/2026,1630,PSP,60.45,-0.82%,,1.274,0.84,<empty>,72.97,54.18,61.26,58.82,65.56,-3.0,-0.82,-0.37,"43,315",100226.52,54412.09,70316.65,-15.98,8.22,2.53,-2.7,65.62,54.32,-54.32,-59.1,NaN,253 M
05/13/2026,1630,PSX,171.82,-2.06%,Energy,.6957,5.4,$0.29,190.61,109.75,168.44,170.7,144.97,-2.0,-0.48,-0.68,"3,260,028",-200240.3,3308384.34,3175352.58,42.54,-0.53,-0.96,0.15,191.31,149.53,191.31,181.06,50.0,"68,889 M"
05/13/2026,1630,PTLO,4.04,-0.25%,Consumer Discretionary,1.615,0.97,($0.14),13.55,4.03,5.52,5.46,5.78,2.0,0.0,0.05,"2,418,293",-300057.05,1639757.43,1631829.95,85.27,-24.2,-31.76,-6.05,7.15,4.04,7.15,7.15,56.0,292 M
05/13/2026,1630,PVH,80.29,-2.66%,Consumer Discretionary,1.21,4.07,$11.19,100.15,59.6,90.81,79.16,76.52,-3.0,-0.35,0.0,"827,587",300238.26,1183926.53,1097029.92,-21.49,31.9,-11.77,-10.27,100.15,60.43,100.15,100.15,15.0,"3,699 M"
05/13/2026,1630,PYPL,45.23,-0.46%,Financials,1.439,2.32,$5.85,79.5,38.46,48.79,46.86,58.09,2.0,-0.69,0.34,"15,901,389",100752.57,1.586354595E7,1.941199756E7,37.3,0.73,-11.21,-0.31,52.16,38.62,52.16,52.16,52.0,"39,898 M"
05/13/2026,1630,PZZA,32.70,-4.02%,Consumer Discretionary,1.142,1.73,$0.80,55.74,29.5501,35.48,34.7,40.46,3.0,-0.54,0.17,"1,041,211",-100567.44,1220732.33,1310075.43,132.68,-11.12,-6.65,5.01,40.44,30.46,40.44,-31.02,58.0,"1,076 M"
05/13/2026,1630,QAT,18.76,-0.27%,,.3845,0.16,<empty>,20.64,17.712,19.05,18.85,19.33,-2.0,-0.55,-0.43,"6,140",500000.03,45503.49,39351.34,-87.71,0.11,-1.0,-2.19,20.61,18.31,-18.31,19.17,NaN,83 M
05/13/2026,1630,QBTS,21.44,-4.07%,Information Technology,2.543,1.9,($0.24),46.75,10.6,20.94,18.12,22.81,-2.0,-0.97,-0.57,"25,494,805",-100315.2,2.737921211E7,2.674229277E7,-13.59,22.17,17.35,-5.01,22.18,13.31,-13.31,25.02,58.0,"7,942 M"
05/13/2026,1630,QCOM,213.17,+1.36%,Information Technology,1.456,27.61,$11.61,247.9,121.99,170.28,146.48,158.56,-2.0,1.0,-0.76,"26,155,055",400281.03,1.829921812E7,1.650177075E7,157.31,64.2,36.65,-2.7,187.06,122.26,-122.26,248.02,53.0,"224,681 M"
05/13/2026,1630,QMOM,79.8869,+0.88%,,1.055,1.96,<empty>,80.56,60.24,76.96,72.62,67.67,1.0,1.0,0.52,"19,549",300121.06,24847.54,23539.45,40.01,19.28,8.51,1.55,78.06,64.31,81.04,81.04,NaN,463 M
05/13/2026,1630,QQQ,714.71,+1.06%,,1.221,20.4,<empty>,716.65,505.58,673.39,627.28,609.48,-2.0,1.0,-0.63,"39,435,823",100128.51,5.469977319E7,5.818297726E7,-1.66,20.38,8.03,0.49,683.06,556.31,-556.31,-642.16,NaN,"464,168 M"
05/13/2026,1630,QS,8.66,+2.85%,Consumer Discretionary,2.577,0.53,($0.48),19.0699,3.8,7.4,6.95,10.14,3.0,1.0,1.0,"59,437,848",-300101.01,1.774693118E7,1.724212056E7,-47.46,28.68,26.61,14.85,10.14,6.28,10.14,-7.1,48.0,"5,327 M"
05/13/2026,1630,QSR,76.44,-2.38%,Consumer Discretionary,.5307,1.4,$4.45,81.96,61.33,79.09,76.39,69.76,-3.0,-0.47,0.0,"4,446,640",-200525.06,3830284.27,3760630.41,11.18,5.22,-2.87,-4.1,82.06,65.61,82.05,-76.04,58.0,"26,523 M"
05/13/2026,1630,QTUM,146.79,+1.95%,,1.308,6.21,<empty>,147.97,83.2428,135.28,121.16,111.27,-2.0,1.0,-0.63,"651,422",-100135.02,398082.57,380969.35,35.5,34.21,12.97,1.3,140.06,101.31,-101.31,148.02,NaN,"4,851 M"
05/13/2026,1630,QUBT,11.03,-6.37%,Information Technology,2.534,0.92,($0.23),25.84,6.18,9.6,8.22,12.4,3.0,1.0,0.63,"35,927,036",-100804.02,1.598988298E7,1.501111105E7,89.75,51.1,33.21,14.9,10.15,6.31,-6.31,-8.1,61.0,"2,488 M"
05/13/2026,1630,R,227.30,-0.20%,Industrials,.9947,8.58,$23.44,259.0,143.335,238.14,217.38,194.96,-12.0,-0.55,-0.16,"345,738",200435.15,391405.03,408807.3,-53.58,20.96,-7.38,-4.95,259.08,186.42,259.08,259.08,49.0,"8,794 M"
05/13/2026,1630,RBLX,41.96,+1.01%,Communication Services,1.497,6.3,$2.18,150.59,40.15,51.61,55.42,91.52,3.0,-0.47,0.14,"10,763,483",100671.09,1.070715501E7,1.072483653E7,0.03,-25.63,-25.44,0.12,72.53,42.03,72.53,64.16,54.0,"30,042 M"
05/13/2026,1630,RCL,264.20,+2.36%,Consumer Discretionary,1.771,9.13,$5.05,366.5,232.6,267.38,272.84,296.4,-4.0,-0.41,-0.56,"2,013,390",-200252.1,2649571.57,2621889.94,1.87,-3.06,4.01,-4.01,347.62,250.1,-250.1,289.04,52.0,"70,857 M"
05/13/2026,1630,RDNT,52.98,-5.39%,Health Care,1.425,1.5,$1.34,85.84,50.76,57.46,58.73,69.46,-5.0,-0.5,-0.45,"1,065,014",100348.02,914516.06,903880.7,114.22,-14.67,-5.21,-8.95,75.51,52.28,75.51,63.02,58.0,"4,147 M"
05/13/2026,1630,REAL,9.41,+0.64%,Consumer Discretionary,2.576,1.2,$0.12,17.3922,4.7,11.64,10.52,11.53,-5.0,-0.54,-0.09,"3,955,848",-200085.04,3553615.28,3779330.59,37.49,-1.57,-20.05,-8.28,14.52,8.31,-8.31,13.06,61.0,"1,134 M"
05/13/2026,1630,REG,76.67,-1.21%,Real Estate,.8507,1.06,$4.42,81.66,66.855,79.1,77.83,73.13,-1.0,-0.24,-0.21,"1,295,118",-200022.1,1441260.73,1411357.48,0.77,0.12,-3.41,-1.19,82.17,74.34,82.17,82.17,53.0,"14,038 M"
05/13/2026,1630,REGN,719.88,-0.49%,Health Care,.3116,16.64,$36.48,821.11,476.4869,727.06,745.18,689.91,8.0,0.07,0.61,"754,920",-300041.03,684908.8,695656.08,-18.71,-3.47,4.88,0.7,815.6,669.1,-669.1,-669.1,53.0,"75,472 M"
05/13/2026,1630,REXR,35.60,+0.42%,Real Estate,1.24,0.32,$0.88,44.38,32.14,36.0,35.03,38.97,-3.0,-0.84,-0.29,"2,394,890",-200330.14,2496087.06,2603998.02,-15.94,3.28,0.25,-1.85,38.53,32.3,-32.3,-35.13,43.0,"8,036 M"
05/13/2026,1630,REZ,91.9887,+0.13%,,.8866,1.19,<empty>,92.01,80.45,89.66,87.43,85.04,-1.0,0.96,-0.69,"28,590",0.0,42877.59,49649.45,-37.46,5.52,3.34,0.9,91.08,82.31,-82.31,-86.15,NaN,865 M
05/13/2026,1630,RGTI,18.415,-3.43%,Information Technology,3.153,1.28,($0.25),58.1501,10.18,18.23,16.6,22.97,-2.0,-0.99,-0.7,"27,050,082",-100215.2,2.863753579E7,2.888066098E7,-1.99,13.88,14.52,-2.77,20.18,13.31,-13.31,-15.1,62.0,"6,121 M"
05/13/2026,1630,RH,128.88,-1.84%,Consumer Discretionary,1.925,4.05,$13.29,257.0,106.3037,133.07,132.03,179.81,-1.0,-0.5,-0.62,"715,729",200274.3,1313428.85,1269700.16,-16.7,0.4,-2.34,-3.74,227.57,106.29,-106.29,-120.07,20.0,"2,436 M"
05/13/2026,1630,RHP,106.88,-0.58%,Real Estate,1.19,2.92,$10.57,112.5,83.82,105.13,98.71,95.86,-4.0,-0.91,-0.48,"605,825",-100128.09,532329.07,556697.4,-7.91,18.93,3.15,-3.32,110.08,90.37,113.04,113.04,56.0,"6,745 M"
05/13/2026,1630,RIOT,24.92,+1.67%,Information Technology,3.735,3.34,($3.27),25.8599,7.93,19.91,16.76,16.12,-2.0,1.0,-0.92,"14,015,091",100691.06,1.871375604E7,1.872584716E7,-4.05,77.49,55.94,3.49,20.06,12.31,-12.31,26.02,54.0,"9,424 M"
05/13/2026,1630,RIVN,14.27,+2.29%,Consumer Discretionary,1.748,1.0,($2.50),22.69,11.57,15.7,15.56,15.32,4.0,-0.25,0.36,"29,187,341",-100370.39,2.776723524E7,2.934390037E7,20.26,-3.97,-11.15,0.35,18.61,14.03,18.61,18.15,57.0,"19,163 M"
05/13/2026,1630,ROBO,87.26,+1.42%,,1.396,2.83,<empty>,87.4999,54.78,81.7,75.47,70.51,-2.0,1.0,-0.66,"484,553",100034.01,172707.23,176589.03,275.89,24.91,10.93,0.79,82.06,65.31,-65.31,-78.14,NaN,"1,939 M"
05/13/2026,1630,ROK,454.99,-0.02%,Industrials,1.523,24.82,$11.92,463.485,298.7,422.45,391.3,379.61,-2.0,1.0,-0.74,"729,691",-100435.07,864034.57,959711.85,43.82,26.06,13.69,0.24,455.06,348.31,463.05,463.05,58.0,"50,629 M"
05/13/2026,1630,ROKU,125.68,-1.53%,Communication Services,1.974,6.19,$3.65,131.39,67.6679,120.24,106.49,100.26,-3.0,-0.97,-0.52,"2,551,227",-100252.09,2754680.07,3264472.99,11.85,37.13,11.6,-2.97,128.07,79.62,-79.62,131.02,54.0,"18,562 M"
05/13/2026,1630,ROST,211.76,-2.72%,Consumer Discretionary,.8628,5.17,$6.85,231.16,124.49,224.66,218.93,180.8,-5.0,0.0,0.0,"3,714,293",-300538.03,2576088.74,2556090.98,129.96,2.66,-5.92,-6.22,230.17,193.61,231.04,231.04,6.0,"68,218 M"
05/13/2026,1630,RRC,41.26,+0.88%,Energy,.5426,1.01,$3.42,48.31,32.6,42.07,42.96,38.02,2.0,-0.15,0.46,"2,109,967",100042.16,3555563.17,3540601.0,-46.34,-5.17,-4.62,1.83,48.32,36.62,48.32,-40.04,52.0,"9,722 M"
05/13/2026,1630,RRR,51.04,-3.75%,Consumer Discretionary,1.358,1.33,$4.17,67.99,43.28,54.3,55.98,58.46,-1.0,-0.18,-0.34,"712,690",-200040.1,961440.36,942210.07,-5.61,-11.76,-8.95,-6.31,66.62,51.07,-51.07,-51.07,52.0,"2,984 M"
05/13/2026,1630,RSI,27.01,-1.82%,Consumer Discretionary,1.638,1.7,$1.21,29.24,11.5,25.88,23.15,20.06,-6.0,-0.88,-0.29,"1,909,290",100654.06,1856308.69,2059691.09,137.01,33.38,-3.47,-2.63,29.06,16.61,29.06,29.06,53.0,"2,781 M"
05/13/2026,1630,RSP,202.92,-0.44%,,.9282,1.26,<empty>,205.53,173.0,202.72,198.07,193.35,-5.0,-0.91,-0.46,"7,387,497",100119.51,1.216317598E7,1.470146636E7,-30.98,4.86,1.25,-0.58,205.62,187.31,206.04,206.04,NaN,"87,239 M"
05/13/2026,1630,RSPG,104.6235,-0.14%,,.537,2.61,<empty>,114.01,71.2088,104.23,104.7,87.44,3.0,-0.21,0.55,"28,717",100026.5,160939.61,166443.06,-75.55,1.75,-3.13,3.15,114.31,94.6,114.31,110.06,NaN,596 M
05/13/2026,1630,RSPU,78.62,-1.13%,,.6221,1.17,<empty>,84.5195,68.969,80.58,81.3,77.85,-1.0,-0.07,-0.3,"30,665",-100012.09,56819.18,54595.01,40.74,-5.25,-2.38,0.11,85.52,79.03,85.52,83.08,NaN,544 M
05/13/2026,1630,RTO,32.24,-1.50%,Industrials,1.024,0.52,$0.28,34.665,22.72,33.53,32.64,29.06,-5.0,-0.33,-0.17,"1,245,733",-100249.44,1297242.93,1329492.37,35.99,-0.31,-2.3,-3.47,35.21,28.49,35.21,34.05,53.0,"16,225 M"
05/13/2026,1630,RUT,2843.9318,+0.04%,,1.2,41.85,<empty>,2888.6179,2011.199,2804.22,2647.49,2521.9,-5.0,-0.94,-0.33,<empty>,NaN,NaN,NaN,NaN,14.67,3.81,-0.6,2847.06,2405.31,2889.05,2889.05,NaN,0
05/13/2026,1630,RVLV,17.51,-6.26%,Consumer Discretionary,1.674,3.18,$0.69,31.68,17.35,24.01,23.7,24.29,-3.0,0.0,0.0,"4,226,669",-200457.01,1051171.47,1213983.51,389.05,-23.6,-32.11,-16.06,28.18,20.05,28.18,28.15,57.0,"1,253 M"
05/13/2026,1630,RVX,24.13,+1.17%,,-4.2,0.76,<empty>,35.28,18.0,23.88,27.42,24.08,3.0,0.17,0.82,<empty>,NaN,NaN,NaN,NaN,-26.92,-1.55,7.72,35.32,22.05,-22.05,-22.05,NaN,0
05/13/2026,1630,S,16.08,+2.16%,Information Technology,.6904,0.76,$0.16,21.4,11.81,15.0,14.15,15.61,-3.0,0.99,-0.77,"4,575,820",-100153.38,7995719.13,7832733.36,-27.85,10.74,9.39,-3.07,16.06,12.23,-12.23,17.02,10.0,"5,472 M"
05/13/2026,1630,SBAC,207.66,-2.79%,Real Estate,1.005,3.13,$0.08,243.16,162.41,217.34,201.74,198.32,-9.0,-0.58,-0.12,"1,397,903",400739.26,1227901.97,1211249.43,35.13,10.43,-3.85,-4.82,224.17,162.34,224.17,224.17,56.0,"22,025 M"
05/13/2026,1630,SBUX,105.95,-0.59%,Consumer Discretionary,1.016,3.17,$2.40,108.05,77.99,102.43,98.2,90.56,-8.0,-0.94,-0.68,"8,630,671",100335.11,7847997.87,7742779.69,91.13,6.86,0.43,0.97,108.08,86.32,-86.32,-96.11,52.0,"120,751 M"
05/13/2026,1630,SCJ,105.875,+0.44%,,.5104,2.55,<empty>,107.3199,79.4,101.59,99.79,95.07,10.0,0.66,0.86,"33,405",-200021.37,83402.1,84097.42,-16.53,10.3,7.0,1.08,107.52,94.37,-94.37,-98.14,NaN,254 M
05/13/2026,1630,SE,93.52,-2.60%,Consumer Discretionary,1.689,3.53,$7.56,199.3,77.05,87.41,85.77,133.14,2.0,1.0,0.61,"10,037,385",200153.02,4635785.29,5252545.13,196.49,8.74,12.39,7.83,117.58,77.5,-77.5,-82.02,61.0,"57,280 M"
05/13/2026,1630,SFD,25.23,-1.14%,Consumer Staples,.4251,1.12,$2.03,29.805,21.08,27.24,26.44,24.09,8.0,0.0,0.16,"1,713,688",-100636.12,1783889.56,1572614.24,57.39,7.73,-4.5,-2.77,30.23,23.38,30.23,30.14,52.0,"9,927 M"
05/13/2026,1630,SFM,88.27,+1.59%,Consumer Staples,.6513,5.42,$3.74,182.0,64.75,77.61,77.83,94.12,2.0,0.96,0.82,"3,939,109",300841.1,2305286.89,2566771.79,31.01,7.57,24.1,6.57,86.39,65.57,-65.57,-69.1,53.0,"8,301 M"
05/13/2026,1630,SG,6.58,+1.08%,Consumer Discretionary,1.965,0.17,($1.07),16.7,4.49,6.8,6.04,7.17,-3.0,-0.78,-0.29,"4,016,242",-100183.04,4128400.61,4278035.18,123.61,23.68,-2.66,-6.0,7.12,4.31,7.12,7.12,59.0,782 M
05/13/2026,1630,SHAK,63.91,-3.21%,Consumer Discretionary,1.624,15.85,$0.40,144.65,63.51,91.76,91.94,93.92,1.0,0.0,0.01,"1,813,768",-300750.03,1704283.01,1695501.28,168.91,-26.47,-36.48,-8.88,107.53,67.04,107.53,-64.02,53.0,"2,579 M"
05/13/2026,1630,SHEL,84.93,-0.49%,Energy,.0818,2.13,$3.57,94.9,65.38,87.85,89.32,77.87,3.0,0.0,0.27,"6,576,967",-300132.12,8290489.53,7888154.9,94.61,-5.03,-4.48,1.14,95.3,77.6,95.3,-84.03,53.0,"236,633 M"
05/13/2026,1630,SHO,10.24,0.00%,Real Estate,.981,0.28,$1.02,10.575,8.43,9.89,9.49,9.28,-3.0,-0.99,-0.67,"1,117,314",0.0,1618991.82,1657629.86,101.02,14.67,4.17,-2.38,10.06,9.37,-9.37,11.03,58.0,"1,908 M"
05/13/2026,1630,SHOC,107.6212,+1.88%,,1.816,5.3,<empty>,108.39,44.75,96.51,83.98,71.0,-2.0,1.0,-0.68,"19,930",200200.06,15741.93,15921.02,32.51,47.53,14.45,1.32,99.06,68.31,-68.31,-88.17,NaN,240 M
05/13/2026,1630,SHOO,38.51,-0.10%,Consumer Discretionary,1.133,1.15,$1.23,46.88,22.2615,38.53,36.09,36.35,-3.0,-0.65,-0.59,"983,647",-100061.55,1163244.8,1295189.81,31.99,22.76,4.17,-5.17,41.57,31.42,-31.42,41.03,53.0,"2,815 M"
05/13/2026,1630,SHOP,95.40,-4.45%,Information Technology,2.614,10.66,$1.63,182.19,94.56,119.16,120.52,141.29,-3.0,-0.41,-0.1,"20,364,815",-100760.07,1.002986212E7,1.169307236E7,157.36,-22.41,-21.33,-13.59,137.16,104.05,137.16,137.16,57.0,"123,796 M"
05/13/2026,1630,SHY,82.19,+0.04%,,.0488,0.14,<empty>,83.2,82.1023,82.38,82.45,82.76,1.0,-0.3,0.34,"2,666,885",-200003.31,4977709.61,4840987.78,-13.58,-0.44,-0.24,-0.13,83.52,82.07,-82.07,-82.07,NaN,"24,895 M"
05/13/2026,1630,SHYG,42.42,+0.07%,,.2883,0.11,<empty>,43.39,41.825,42.55,42.38,42.83,1.0,-0.64,0.21,"1,830,380",0.0,1566048.62,1618249.22,107.27,0.83,-0.31,-0.19,43.62,42.32,-42.32,-42.07,NaN,"7,568 M"
05/13/2026,1630,SIL,102.62,-0.09%,,.8404,5.78,<empty>,119.24,38.64,94.57,93.8,81.12,6.0,0.53,0.93,"2,003,489",0.0,2208730.79,2492145.07,34.82,8.82,18.72,5.53,119.51,78.37,-78.37,-86.1,NaN,"5,798 M"
05/13/2026,1630,SILJ,34.27,+0.26%,,.9067,1.99,<empty>,41.1,11.71,31.06,31.0,26.82,6.0,0.52,0.94,"6,166,139",0.0,5605544.27,6475075.87,73.83,8.97,20.88,7.94,40.52,26.37,-26.37,-28.1,NaN,"4,467 M"
05/13/2026,1630,SITM,835.31,-1.40%,Information Technology,2.93,137.88,$2.10,901.81,186.49,619.37,465.17,349.05,-2.0,1.0,-0.89,"471,568",-100980.38,486250.28,449459.73,25.36,156.13,58.44,0.27,599.06,305.46,-305.46,902.02,58.0,"22,050 M"
05/13/2026,1630,SIVR,83.39,+1.03%,,.489,5.07,<empty>,115.26,30.3392,74.07,73.35,60.78,6.0,0.4,0.89,"2,304,506",0.0,2309720.33,2704007.98,45.93,9.28,22.38,8.67,90.52,63.33,-63.33,-67.1,NaN,"6,092 M"
05/13/2026,1630,SJM,100.87,+0.54%,Consumer Staples,.2567,1.61,$9.11,119.39,88.25,97.16,98.64,104.08,2.0,0.71,0.87,"2,876,017",-300128.53,1944617.1,2209816.8,68.94,-4.91,4.2,1.63,119.53,88.22,-88.22,-94.17,18.0,"10,758 M"
05/13/2026,1630,SKYY,125.62,+0.03%,,1.207,4.68,<empty>,143.74,103.76,122.77,115.76,124.69,-5.0,-0.94,-0.59,"330,920",-100133.02,334746.15,330325.25,78.36,12.51,5.71,-3.29,131.06,104.23,131.04,131.04,NaN,"2,594 M"
05/13/2026,1630,SLG,43.23,-0.96%,Real Estate,1.6,1.15,$0.83,66.91,34.77,43.28,40.16,47.84,-3.0,-0.94,-0.35,"972,566",-100561.38,1304148.31,1412672.01,-43.49,16.18,1.93,-5.51,45.16,35.32,47.04,47.04,48.0,"3,075 M"
05/13/2026,1630,SLV,79.35,+1.02%,,.492,4.83,<empty>,109.83,29.095,70.49,69.82,57.89,6.0,0.4,0.89,"30,721,401",0.0,3.331946639E7,4.290065133E7,40.04,9.16,22.38,8.68,85.52,60.33,-60.33,-64.1,NaN,"42,381 M"
05/13/2026,1630,SLX,109.77,+1.90%,,1.239,3.0,<empty>,110.03,61.3668,103.88,96.91,85.04,1.0,1.0,0.65,"66,828",-200238.43,43398.72,44374.44,213.49,24.34,8.61,1.5,105.06,85.37,-85.37,-100.17,NaN,169 M
05/13/2026,1630,SMCI,32.00,-2.41%,Information Technology,1.662,3.14,($11.46),62.358,19.48,29.64,27.8,36.93,-3.0,-1.0,-0.79,"25,264,463",201089.06,4.028233927E7,3.709747632E7,-46.09,4.07,21.58,-9.53,34.54,19.36,-19.36,36.02,57.0,"19,245 M"
05/13/2026,1630,SMH,572.46,+2.00%,,1.68,29.08,<empty>,578.0598,234.585,511.11,444.68,373.12,-2.0,1.0,-0.74,"9,524,116",-100148.02,9647362.61,9310473.67,-10.32,47.8,14.59,1.04,526.06,360.31,-360.31,578.02,NaN,"64,082 M"
05/13/2026,1630,SMIN,66.64,+1.32%,,.4539,0.97,<empty>,78.535,57.7758,66.94,64.01,69.38,-3.0,-0.86,-0.21,"76,308",200122.37,188344.12,177279.56,-55.87,8.22,0.97,-3.53,69.18,58.31,69.04,69.04,NaN,626 M
05/13/2026,1630,SMPL,11.20,-1.23%,Consumer Staples,.1718,0.84,$1.48,36.61,10.21,12.55,13.51,20.16,-10.0,-0.4,-0.39,"2,661,537",-101069.24,2952741.88,2728204.94,4.98,-22.3,-17.59,-8.65,18.54,10.24,-10.24,14.1,29.0,"1,013 M"
05/13/2026,1630,SN,102.94,-5.05%,Consumer Discretionary,1.378,3.93,<empty>,133.99,80.69,114.4,110.37,110.14,-6.0,-0.4,-0.21,"2,398,584",100349.06,1868424.66,1885905.35,156.47,2.9,-9.01,-7.82,134.6,97.37,-97.37,124.16,63.0,"14,568 M"
05/13/2026,1630,SNAP,5.61,+1.08%,Communication Services,.5,0.22,$0.36,10.41,3.81,5.92,5.23,6.92,-8.0,-0.85,-0.38,"40,756,678",-100099.21,5.264820043E7,5.086418245E7,-12.28,23.03,-6.19,-7.73,6.06,4.32,6.06,6.06,57.0,"9,297 M"
05/13/2026,1630,SNDR,29.17,+0.79%,Industrials,1.118,0.68,$1.48,33.34,20.11,30.16,27.66,25.78,-8.0,-0.69,-0.17,"586,178",100145.19,1061240.31,1012856.42,-46.44,23.03,-3.95,-5.14,33.08,23.38,33.08,33.08,54.0,"5,108 M"
05/13/2026,1630,SNOW,152.37,+0.26%,Information Technology,1.058,5.65,$3.31,280.67,118.3,146.21,154.93,204.44,-1.0,0.82,-0.88,"6,883,851",-300970.24,6574977.27,6884699.82,-9.73,-14.72,7.9,-0.05,186.61,118.23,-118.23,157.04,9.0,"52,674 M"
05/13/2026,1630,SOFI,15.31,-3.71%,Financials,2.165,1.08,($5.31),32.73,12.74,17.28,17.17,23.55,-1.0,-0.59,-0.39,"59,081,949",-300665.11,6.549223025E7,6.578530998E7,14.14,-13.8,-1.38,-2.79,21.62,15.28,-15.28,20.16,52.0,"19,639 M"
05/13/2026,1630,SOLZ,9.165,-4.13%,,1.8,0.48,<empty>,27.12,7.683,8.83,8.79,14.7,-1.0,-1.0,-0.75,"1,691,148",300373.5,1772579.26,2104556.38,152.5,1.41,10.82,-1.77,10.4,8.55,-8.55,10.02,NaN,114 M
05/13/2026,1630,SOYB,25.36,+0.20%,,.0623,0.26,<empty>,25.47,21.06,24.8,24.5,22.95,4.0,0.68,0.66,"111,666",100116.19,135139.52,117413.82,30.84,2.42,2.38,1.44,25.07,23.57,-23.57,-24.13,NaN,72 M
05/13/2026,1630,SPDN,8.75,-0.57%,,-.9826,0.13,<empty>,11.16,8.74,9.02,9.45,9.58,2.0,0.0,0.58,"39,982,032",-200224.31,7.964311587E7,7.085693028E7,-48.87,-10.99,-4.06,-0.79,10.31,9.03,10.31,9.14,NaN,211 M
05/13/2026,1630,SPG,200.56,-2.48%,Real Estate,1.358,1.63,$9.91,208.28,155.44,202.84,195.58,186.03,-1.0,-0.7,-0.37,"1,309,710",-200129.36,1544279.23,1543135.07,62.34,7.35,0.23,-0.77,208.16,178.35,208.16,-198.1,56.0,"65,040 M"
05/13/2026,1630,SPGI,406.55,-4.15%,Financials,1.094,7.72,$18.38,579.05,381.605,431.28,429.13,485.75,-1.0,-0.66,-0.57,"2,602,573",0.0,1939374.78,2286200.2,101.5,-3.77,-6.15,-3.23,457.15,382.62,457.15,457.15,53.0,"120,339 M"
05/13/2026,1630,SPHD,49.47,-0.66%,,.6244,0.3,<empty>,53.07,46.385,49.71,49.79,49.21,-1.0,-0.38,-0.63,"620,435",0.0,796710.5,858294.54,-6.1,-0.92,0.08,-0.24,53.6,48.37,-48.37,50.08,NaN,"3,239 M"
05/13/2026,1630,SPHR,131.79,-3.07%,Communication Services,1.697,4.87,$9.26,149.0,35.58,134.55,124.21,87.08,-1.0,-0.42,-0.04,"1,319,473",-100364.38,873361.84,865919.57,53.33,24.68,-5.14,-1.16,149.06,104.32,149.06,149.06,58.0,"4,717 M"
05/13/2026,1630,SPLV,72.72,-0.52%,,.5692,0.56,<empty>,77.735,69.63,73.65,73.93,73.14,-1.0,-0.26,-0.51,"3,076,566",100016.51,2831588.63,3087812.03,43.06,-2.78,-1.56,0.12,78.51,72.35,-72.35,75.08,NaN,"7,008 M"
05/13/2026,1630,SPMO,146.29,+1.27%,,1.085,5.72,<empty>,146.8799,101.8,134.7,124.32,120.44,-2.0,1.0,-0.75,"1,961,063",-200018.08,1808360.24,1672282.7,13.67,25.92,11.87,1.72,138.06,107.31,-107.31,-126.16,NaN,"18,651 M"
05/13/2026,1630,SPOT,430.90,-0.43%,Communication Services,1,28.12,$17.81,785.0,405.0,467.86,488.54,581.06,6.0,0.3,0.3,"1,972,423",-100249.12,2036937.72,2326209.12,21.11,-16.5,-2.86,3.13,571.46,411.05,-411.05,-411.05,52.0,"88,602 M"
05/13/2026,1630,SPX,7444.25,+0.58%,,1,107.95,<empty>,7460.04,5767.41,7222.94,6896.91,6768.99,-3.0,1.0,-0.46,<empty>,NaN,NaN,NaN,NaN,12.24,4.32,0.61,7273.06,6317.31,-6317.31,-7047.14,NaN,0
05/13/2026,1630,SPY,742.31,+0.56%,,1,10.83,<empty>,743.91,575.6,720.03,687.62,674.98,-2.0,1.0,-0.46,"44,058,806",100225.31,7.336248484E7,7.564639654E7,-21.57,12.08,4.32,0.64,725.06,629.31,-629.31,-702.14,NaN,"770,319 M"
05/13/2026,1630,STKL,6.50,0.00%,Consumer Staples,1.021,0.01,$0.16,6.94,3.32,6.49,6.47,5.53,10.0,-0.52,0.46,<empty>,100038.59,1719189.32,2712623.84,328.3,0.62,0.46,0.15,7.43,5.62,7.43,7.12,4.0,769 M
05/13/2026,1630,STLD,237.08,+1.84%,Materials,1.455,5.08,$4.54,243.725,119.89,226.11,198.12,167.74,-5.0,-0.9,-0.32,"1,191,059",200444.17,1166918.46,1194533.85,-30.44,38.97,5.66,0.84,239.06,162.38,244.05,244.05,47.0,"34,190 M"
05/13/2026,1630,STZ,140.52,-1.41%,Consumer Staples,.407,5.05,$10.23,196.91,126.45,153.0,153.04,148.89,-4.0,0.0,-0.03,"2,227,362",100828.25,1974421.85,2049116.93,43.09,-6.41,-6.57,-5.19,169.22,145.46,169.22,164.17,34.0,"24,197 M"
05/13/2026,1630,SU,66.07,-0.74%,Energy,.3045,1.88,$4.31,70.29,34.67,65.1,63.6,49.25,2.0,-0.28,0.46,"2,942,067",-100240.51,4633876.02,4778439.75,33.62,10.87,-1.49,3.22,70.06,54.6,70.06,70.06,57.0,"78,012 M"
05/13/2026,1630,SVV,7.15,-3.51%,Consumer Discretionary,.761,0.47,$0.38,13.89,6.905,8.33,8.12,10.14,-5.0,-0.64,-0.18,"1,647,387",-100090.32,1144995.67,1213916.24,33.97,-9.26,-13.12,-11.29,11.62,7.32,-7.32,9.16,54.0,"1,101 M"
05/13/2026,1630,SWBI,14.64,+1.53%,Consumer Discretionary,.9696,0.38,$1.22,15.79,7.73,14.96,14.54,10.96,1.0,-0.38,0.04,"496,813",100945.48,628115.67,567615.18,31.75,6.09,-5.0,0.69,16.07,11.56,16.07,16.07,24.0,651 M
05/13/2026,1630,SWKS,68.14,+2.76%,Information Technology,1.441,3.35,$4.49,90.9,51.93,64.61,58.97,66.13,-2.0,-0.9,-0.51,"4,623,399",-200547.02,3700514.33,3555816.39,68.54,24.48,8.75,2.04,73.06,52.31,73.06,73.06,57.0,"10,249 M"
05/13/2026,1630,SXT,115.76,-0.16%,Materials,.7842,3.55,<empty>,129.35,82.6,112.03,98.78,99.26,-11.0,-0.83,-0.12,"345,595",300136.1,396038.9,410271.44,-47.83,29.85,-3.97,-2.06,129.11,83.61,129.11,129.11,50.0,"4,928 M"
05/13/2026,1630,SYF,69.81,-1.45%,Financials,1.325,2.24,$27.15,88.77,55.67,75.13,70.88,74.23,-5.0,-0.46,-0.17,"3,288,106",0.0,3818380.14,4112366.44,-32.53,9.45,-7.07,-4.55,80.16,63.43,80.16,80.16,47.0,"23,482 M"
05/13/2026,1630,SYY,73.19,+0.29%,Consumer Staples,.6683,1.16,$3.79,91.845,68.19,74.17,77.33,78.82,2.0,0.34,0.67,"3,071,342",100333.31,5034753.11,4758643.48,-29.25,-14.39,-1.05,1.04,92.6,68.3,-68.3,-72.11,52.0,"34,998 M"
05/13/2026,1630,T,24.74,-1.94%,Communication Services,.1943,0.48,$2.44,29.79,22.95,25.81,27.04,26.64,-1.0,-0.01,-0.4,"34,511,852",100233.38,3.957616837E7,4.016727967E7,-27.09,-10.75,-3.92,-1.67,29.35,25.21,29.35,-25.02,48.0,"171,902 M"
05/13/2026,1630,TAN,63.81,+3.50%,,1.285,2.1,<empty>,64.55,30.57,58.68,56.59,50.05,1.0,0.93,1.0,"1,976,345",-100340.53,1224266.24,1302389.18,-7.6,15.22,13.7,3.02,61.59,52.46,-52.46,-54.16,NaN,"1,828 M"
05/13/2026,1630,TAP,41.42,+0.19%,Consumer Staples,.435,0.65,$5.96,57.57,40.64,42.63,43.33,46.77,-3.0,-0.42,-0.5,"2,963,549",-200335.1,3110712.08,3279492.17,-5.26,-5.02,-2.33,-2.33,55.62,41.07,-41.07,-41.07,56.0,"7,768 M"
05/13/2026,1630,TBIL,49.91,0.00%,,.0036,0.04,<empty>,50.02,49.81,49.92,49.92,49.93,9.0,0.35,0.62,"2,130,688",400000.32,2441524.82,2396985.86,22.27,-0.04,0.12,0.0,50.32,50.53,50.32,-50.11,NaN,"7,099 M"
05/13/2026,1630,TCEHY,61.10,+4.80%,Communication Services,.2454,0.94,$2.99,87.68,57.91,61.93,63.98,74.36,1.0,0.45,0.45,"13,721,858",100200.01,4244113.48,3903034.41,40.32,-12.64,1.38,2.14,74.45,59.05,74.45,67.17,0.0,"552,155 M"
05/13/2026,1630,TCNNF,8.3100,+2.59%,Health Care,1.678,0.6,$1.17,11.83,3.25,8.58,7.14,7.25,-11.0,-0.74,-0.05,"285,671",101400.14,385848.76,348205.55,-86.31,29.84,-13.98,-5.57,10.11,5.31,10.11,10.11,NaN,"1,598 M"
05/13/2026,1630,TEAM,80.62,-5.15%,Information Technology,.9328,9.64,$4.59,230.63,56.0101,78.48,73.69,130.07,-6.0,-0.96,-0.67,"6,251,813",100779.09,7857329.35,7885175.64,-19.82,7.19,14.37,-11.99,96.07,56.23,96.07,96.07,59.0,"20,459 M"
05/13/2026,1630,TEVA,36.25,+1.23%,Health Care,.847,1.9,$1.02,37.345,14.99,33.78,31.61,26.66,-5.0,0.84,-0.71,"4,453,303",-100338.1,6916052.63,6825006.23,23.49,26.88,2.46,1.46,36.09,28.27,37.04,37.04,53.0,"42,210 M"
05/13/2026,1630,TFLO,50.55,0.00%,,-.0009,0.05,<empty>,50.67,50.39,50.56,50.56,50.53,5.0,0.26,0.38,"1,475,945",-100002.06,1809608.89,1747656.46,-13.4,-0.02,-0.16,0.02,51.31,50.51,51.31,-50.08,NaN,"6,541 M"
05/13/2026,1630,TGS,29.36,-1.64%,Energy,.5659,0.62,$0.15,36.3499,19.74,30.41,31.61,28.91,-2.0,-0.04,-0.51,"201,675",100857.06,350935.06,321633.82,61.57,-4.58,-4.77,0.03,36.3,28.6,36.3,33.05,57.0,"4,420 M"
05/13/2026,1630,TGT,121.48,+0.68%,Consumer Staples,.9932,3.5,$6.24,133.1,83.44,127.35,122.27,104.29,-5.0,-0.29,0.0,"3,567,246",-100136.38,5343280.71,5617372.4,-0.78,3.53,-5.0,-3.01,133.16,111.52,133.16,-118.02,5.0,"55,173 M"
05/13/2026,1630,THC,195.86,-0.01%,Health Care,1.322,6.49,$37.93,247.21,146.6,188.2,200.03,198.19,3.0,0.41,0.71,"1,113,611",100245.09,1303596.79,1286944.84,17.37,-13.96,8.75,2.88,247.48,168.09,-168.09,-168.09,47.0,"16,871 M"
05/13/2026,1630,THD,72.17,+2.78%,,.443,1.01,<empty>,75.06,48.08,70.51,68.93,63.08,1.0,0.32,0.66,"112,801",-100120.21,131936.27,140224.73,90.35,10.52,4.37,0.57,75.52,65.38,-65.38,72.05,NaN,263 M
05/13/2026,1630,TIGR,6.64,+6.07%,Financials,.491,0.19,$7.42,13.55,5.95,6.74,6.82,9.01,1.0,0.51,0.5,"4,450,963",100682.01,2524128.19,2384141.2,13.73,-9.04,1.84,2.79,8.62,6.3,-6.3,7.17,10.0,"1,185 M"
05/13/2026,1630,TIP,111.12,0.00%,,.2783,0.26,<empty>,112.26,107.98,111.36,111.04,110.89,-2.0,-0.53,-0.41,"866,913",-100006.31,2353050.45,2362173.06,-19.29,0.37,-0.24,-0.25,112.52,110.32,-110.32,-111.04,NaN,"15,035 M"
05/13/2026,1630,TJX,147.03,-2.15%,Consumer Discretionary,.6217,3.19,$4.41,165.82,119.8405,155.72,157.41,149.14,-4.0,0.0,-0.12,"6,415,561",-100028.06,4463133.03,4666976.64,101.78,-5.4,-5.79,-4.13,166.24,152.62,166.24,161.17,5.0,"162,588 M"
05/13/2026,1630,TKO,183.70,+0.20%,Communication Services,.7864,1.81,$21.29,226.94,152.29,185.67,193.38,195.16,-4.0,-0.19,-0.58,"885,615",200242.31,1452679.19,1330406.21,-15.71,-5.59,-0.01,-1.65,227.53,181.09,-181.09,194.03,58.0,"13,772 M"
05/13/2026,1630,TKR,115.74,-1.18%,Industrials,1.149,4.72,$5.50,123.67,67.14,110.72,104.91,89.26,-3.0,-0.76,-0.74,"1,265,092",100132.06,796424.57,798705.41,138.92,18.66,8.65,-1.89,112.09,94.37,124.05,124.05,53.0,"8,043 M"
05/13/2026,1630,TLT,84.80,-0.22%,,.5331,0.54,<empty>,92.185,83.295,86.01,86.63,88.16,-3.0,-0.19,-0.47,"25,981,142",100016.37,3.202338498E7,3.374490867E7,23.09,-2.01,-1.05,-1.49,91.52,85.07,91.52,87.15,NaN,"42,205 M"
05/13/2026,1630,TME,8.94,-1.43%,Communication Services,.7463,0.17,$0.84,26.7,8.745,9.38,10.31,17.85,-5.0,-0.95,-0.65,"13,648,317",-200962.4,1.115626114E7,9998487.1,97.64,-37.0,-0.89,-3.25,17.62,9.28,17.62,10.17,61.0,"13,854 M"
05/13/2026,1630,TMO,446.03,-2.89%,Health Care,.8822,8.32,$17.97,643.99,385.46,479.8,487.15,527.37,-1.0,-0.34,-0.45,"2,549,044",-300332.03,2163720.02,2208109.3,-55.51,-3.95,-4.34,-4.08,538.16,456.14,538.16,538.16,48.0,"165,754 M"
05/13/2026,1630,TMUS,190.28,-1.56%,Communication Services,.3234,3.87,$14.02,261.56,181.36,193.23,202.08,214.87,-1.0,-0.26,-0.47,"3,455,523",-100140.17,5763822.75,6111689.22,-47.82,-12.47,-3.98,-1.73,225.55,182.12,-182.12,-182.12,48.0,"205,922 M"
05/13/2026,1630,TNET,39.64,-4.37%,Industrials,1.007,1.62,<empty>,86.78,33.605,41.41,38.87,54.78,-9.0,-0.92,-0.64,"466,794",100462.53,446653.55,550664.06,51.22,8.93,-7.49,-7.38,47.62,34.55,-34.55,46.08,50.0,"1,821 M"
05/13/2026,1630,TNX:CGI,44.81,+0.40%,,.0829,0.47,<empty>,46.29,39.47,43.61,43.12,41.85,3.0,0.74,0.61,<empty>,NaN,NaN,NaN,NaN,4.57,1.43,2.68,45.32,40.52,-40.52,-42.17,NaN,0
05/13/2026,1630,TOKE,5.24,0.00%,,.886,0.07,<empty>,7.334,4.27,5.21,5.47,5.74,1.0,0.34,0.36,<empty>,0.0,22074.62,51471.83,22.71,-7.91,-0.37,0.77,6.62,5.12,-5.12,-5.12,NaN,13 M
05/13/2026,1630,TOST,22.33,-4.00%,Financials,1.772,2.41,$1.12,49.66,22.26,27.81,27.58,34.31,-4.0,-0.44,0.0,"16,445,300",-200251.02,1.087498171E7,1.170573173E7,83.4,-19.09,-21.98,-10.86,31.47,24.03,31.47,30.07,57.0,"12,951 M"
05/13/2026,1630,TPB,89.80,-3.40%,Consumer Staples,.9603,5.92,$0.07,146.9,65.8,82.1,84.12,99.15,-2.0,0.73,-0.96,"413,317",-201366.3,527385.65,491472.31,-10.88,-0.9,16.35,-3.87,147.53,66.29,-66.29,99.03,57.0,"1,739 M"
05/13/2026,1630,TPL,386.51,-3.71%,Energy,.6379,18.92,$0.62,547.2,269.233333333333,424.5,463.84,361.33,-1.0,-0.1,-0.44,"441,070",100652.24,471363.27,540377.22,53.09,-27.23,-11.96,-1.95,547.56,370.24,-370.24,455.04,58.0,"26,659 M"
05/13/2026,1630,TPR,132.70,+0.74%,Consumer Discretionary,1.458,6.0,$8.53,161.97,76.29,143.03,144.24,125.48,1.0,0.0,0.17,"4,120,786",100040.01,2068011.84,2127010.16,203.34,-6.62,-6.29,-0.58,162.53,129.04,162.53,156.17,63.0,"26,811 M"
05/13/2026,1630,TPYP,42.6946,+0.25%,,.6068,0.64,<empty>,43.61,33.94,41.94,42.11,37.66,2.0,0.3,0.6,"140,729",200020.14,150971.99,131093.07,57.41,1.48,0.86,2.78,44.35,40.62,44.35,44.09,NaN,864 M
05/13/2026,1630,TRIP,9.63,+1.90%,Communication Services,.88,0.69,$1.54,20.16,9.01,10.93,10.53,14.0,-7.0,-0.6,-0.09,"4,729,081",100660.29,3729484.77,3966577.85,75.29,4.22,-13.86,-7.85,12.16,9.38,12.16,12.16,58.0,"1,121 M"
05/13/2026,1630,TRP,67.06,+1.15%,Energy,.7202,1.67,$2.54,67.32,46.29,63.68,63.5,56.51,2.0,0.67,0.67,"2,912,926",-200028.31,2669261.35,2625197.52,54.25,5.27,4.85,3.57,67.08,59.18,-59.18,-60.15,53.0,"69,861 M"
05/13/2026,1630,TRU,66.57,-3.80%,Industrials,1.604,1.64,$3.59,99.39,65.235,72.04,71.55,80.56,-3.0,-0.55,-0.44,"2,413,310",0.0,2368715.12,2570596.15,15.3,-4.83,-5.53,-7.54,80.5,65.32,-65.32,80.16,49.0,"12,835 M"
05/13/2026,1630,TSLA,445.27,+2.73%,Consumer Discretionary,1.725,25.4,$2.17,498.83,273.21,397.52,385.7,406.27,1.0,1.0,1.0,"67,876,636",-100047.15,6.425464844E7,6.264470963E7,-27.77,13.82,19.44,3.95,436.62,337.26,-337.26,-364.12,48.0,"1,672,311 M"
05/13/2026,1630,TSM,399.80,+0.63%,Information Technology,1.383,7.85,$1.26,420.0,188.8107,393.43,365.38,312.04,-4.0,-0.87,-0.38,"13,069,463",100252.14,1.405302862E7,1.35934144E7,6.91,18.18,1.52,-2.89,415.12,314.31,420.04,420.04,44.0,"2,073,523 M"
05/13/2026,1630,TSN,66.89,-0.84%,Consumer Staples,.415,2.06,$3.45,69.4842,50.56,65.65,63.75,58.78,-3.0,-0.68,-0.61,"2,150,532",100528.08,2864356.29,2912420.94,1.51,10.89,5.21,-2.18,69.06,58.36,69.06,69.06,55.0,"23,554 M"
05/13/2026,1630,TT,471.02,+0.72%,Industrials,1.216,8.15,$14.11,503.47,348.06,478.51,450.92,426.73,1.0,-0.49,0.25,"1,451,969",100030.1,1337723.69,1317218.35,15.52,11.51,-1.74,1.04,503.09,403.31,503.09,503.09,53.0,"104,122 M"
05/13/2026,1630,TTD,20.49,-3.07%,Communication Services,1.153,1.23,$1.72,91.45,19.74,23.18,23.54,39.17,-6.0,-0.82,-0.3,"18,745,130",-100573.49,2.070314679E7,2.053307461E7,41.07,-25.05,-15.92,-11.22,33.48,20.24,-20.24,25.08,59.0,"9,633 M"
05/13/2026,1630,TTE,91.37,-0.43%,Energy,.1975,1.61,$4.99,93.67,57.26,90.38,88.39,70.97,3.0,0.24,0.44,"731,502",500228.24,2179423.25,2038137.74,-27.83,10.42,-0.94,3.27,94.09,76.6,94.09,94.09,NaN,"202,691 M"
05/13/2026,1630,TTWO,226.99,+0.44%,Communication Services,.9796,5.24,$2.66,264.785,187.63,218.0,208.89,231.4,2.0,1.0,0.68,"1,659,760",0.0,1704389.8,1879536.6,4.53,8.83,5.41,2.97,227.07,188.32,-188.32,-206.14,6.0,"42,033 M"
05/13/2026,1630,TUA,20.7493,+0.24%,,-.0563,0.12,<empty>,22.305,20.66,20.97,21.11,21.72,1.0,-0.49,0.45,"850,174",100124.33,550357.4,528236.98,967.64,-2.59,-0.34,-0.77,22.52,21.33,-21.33,21.17,NaN,784 M
05/13/2026,1630,TUR,42.37,-1.21%,,.3421,0.56,<empty>,43.98,29.64,42.74,40.66,36.89,-2.0,-0.56,-0.46,"212,727",100337.47,335618.8,382599.25,97.55,9.6,0.86,-2.73,43.18,37.47,-37.47,44.02,NaN,271 M
05/13/2026,1630,TWLO,192.61,-0.09%,Information Technology,1.371,24.41,$5.89,203.71,91.84,166.01,142.09,124.37,-4.0,-0.98,-0.66,"2,668,266",300458.08,2347472.98,2515239.95,7.56,54.71,36.69,-4.51,196.06,105.61,-105.61,204.03,59.0,"29,233 M"
05/13/2026,1630,TXG,21.07,+0.72%,Health Care,2.164,0.74,$0.97,26.445,8.065,22.32,21.43,17.28,1.0,-0.16,0.32,"2,105,973",100380.04,2447512.48,2539361.75,-39.85,12.13,4.31,-2.45,26.18,16.41,26.18,-20.1,59.0,"2,675 M"
05/13/2026,1630,TXRH,179.30,-2.33%,Consumer Discretionary,.7658,10.24,$5.36,199.99,153.825,163.94,166.1,172.14,-1.0,0.7,-0.99,"1,423,650",200331.03,1122644.5,1141556.41,54.52,5.32,12.19,1.08,191.59,154.07,-154.07,-154.07,59.0,"11,785 M"
05/13/2026,1630,TXT,91.38,+0.62%,Industrials,.9232,2.22,$4.85,101.57,72.0,91.06,90.96,87.02,-5.0,-0.5,-0.61,"1,276,347",-100129.1,1429807.37,1472056.95,7.27,0.36,1.78,0.41,102.59,86.31,-86.31,98.09,49.0,"15,890 M"
05/13/2026,1630,TYX:CGI,50.47,+0.32%,,.0228,0.37,<empty>,51.53,45.28,49.54,49.06,48.01,3.0,0.84,0.57,<empty>,NaN,NaN,NaN,NaN,2.83,1.2,2.02,50.07,46.52,-46.52,-49.15,NaN,0
05/13/2026,1630,U,26.89,+0.19%,Information Technology,2.096,0.57,$1.08,52.15,16.78,26.53,22.97,34.21,-3.0,-0.83,-0.62,"6,564,025",-100494.33,1.381838999E7,1.659178644E7,-44.88,38.39,2.99,-4.51,28.07,17.56,31.04,31.04,57.0,"11,738 M"
05/13/2026,1630,UA,4.99,+1.84%,Consumer Discretionary,1.644,0.42,($0.11),7.9067,3.95,6.03,6.02,5.4,-3.0,-0.13,-0.23,"4,431,245",-100455.02,2667604.41,2775602.24,103.36,-20.41,-16.28,-20.16,8.57,5.28,8.57,7.16,59.0,"2,125 M"
05/13/2026,1630,UAA,5.11,+1.59%,Consumer Discretionary,1.717,0.44,($0.11),8.15,4.13,6.22,6.19,5.58,-3.0,-0.14,-0.21,"14,928,317",-100361.02,9109564.67,9047640.73,151.28,-21.26,-17.18,-20.53,8.57,5.28,8.57,7.16,59.0,"2,176 M"
05/13/2026,1630,UAE,18.97,-0.16%,,.4206,0.25,<empty>,22.29,16.99,19.45,18.96,19.57,-3.0,-0.59,-0.49,"533,869",100338.37,738753.25,799099.89,4.58,6.81,-2.97,-3.07,22.59,17.37,-17.37,20.17,NaN,279 M
05/13/2026,1630,UAL,95.70,-0.15%,Industrials,1.236,3.72,$9.90,119.21,71.55,94.68,93.49,100.97,-3.0,-0.64,-0.71,"3,467,453",-300458.16,8125410.79,7713627.36,-59.91,10.51,7.99,-3.9,118.59,85.31,-85.31,104.04,48.0,"31,061 M"
05/13/2026,1630,UBER,74.70,-2.17%,Industrials,2,1.48,$4.72,101.99,68.46,75.66,74.26,84.59,-1.0,-0.93,-0.52,"14,038,866",100237.06,1.637358325E7,1.772384659E7,-24.81,1.87,0.31,-0.99,79.4,68.32,81.04,81.04,57.0,"152,059 M"
05/13/2026,1630,UFO,56.36,+1.39%,,1.25,2.26,<empty>,57.1145,23.695,52.88,49.34,40.56,4.0,0.75,0.7,"768,852",300351.03,797824.13,716639.01,-51.29,26.25,13.61,3.41,56.18,42.62,-42.62,57.02,NaN,841 M
05/13/2026,1630,UGA,119.99,-2.19%,,.0886,3.81,<empty>,124.6,57.63,113.48,103.62,74.8,-1.0,-0.71,-0.41,"24,612",-200176.3,95536.24,80746.87,-52.74,23.84,0.29,2.78,125.07,67.6,125.07,125.07,NaN,144 M
05/13/2026,1630,UHAL,49.55,-2.27%,Industrials,1.079,0.95,($8.17),66.31,41.945,52.0,49.32,53.32,-3.0,-0.67,-0.38,"186,033",100349.23,235876.08,221860.66,-23.33,8.02,-2.29,-6.19,54.15,42.37,54.15,54.15,9.0,"9,413 M"
05/13/2026,1630,UHS,171.01,+0.81%,Health Care,1.135,3.93,$14.11,246.325,152.3278,172.52,180.92,200.79,8.0,0.24,0.6,"933,765",100536.11,817467.07,837628.26,80.04,-11.13,1.81,0.62,244.62,159.1,-159.1,-159.1,51.0,"10,352 M"
05/13/2026,1630,UL,57.50,-0.73%,Consumer Staples,.4453,0.84,$3.64,74.975,54.95,58.06,59.96,66.22,-5.0,-0.51,-0.7,"3,196,363",100232.3,4757889.2,4647616.32,-21.68,-10.23,1.05,-1.54,75.61,55.29,-55.29,61.08,52.0,"125,399 M"
05/13/2026,1630,ULS,98.80,+1.59%,Industrials,.6235,5.87,$2.24,107.54,61.64,93.81,88.14,78.47,-5.0,-0.95,-0.63,"794,794",-100145.38,781528.67,811293.11,52.48,18.72,12.26,-1.63,105.06,68.61,108.05,108.05,56.0,"19,914 M"
05/13/2026,1630,ULTA,492.145,-2.58%,Consumer Discretionary,.899,15.92,$23.82,714.9699,402.5,537.13,547.74,567.79,-5.0,-0.43,-0.54,"829,200",-300337.42,783294.26,713204.34,36.36,-8.13,-7.18,-5.64,715.59,499.35,715.59,579.15,13.0,"21,438 M"
05/13/2026,1630,UNG,10.98,+0.64%,,.11,0.29,<empty>,18.1182,9.95,10.69,11.37,12.57,3.0,0.45,0.52,"6,904,007",0.0,1.071096421E7,1.074600223E7,-23.92,-13.13,8.18,3.88,13.46,10.1,-10.1,11.02,NaN,526 M
05/13/2026,1630,UNH,401.16,+1.20%,Health Care,.5761,13.04,$21.68,404.15,234.6,361.93,316.03,319.16,4.0,1.0,0.67,"8,444,134",-100145.38,8552208.3,8509851.84,16.38,42.21,8.21,5.57,373.08,256.32,-256.32,-320.17,52.0,"364,311 M"
05/13/2026,1630,UNP,264.65,-0.36%,Industrials,.9909,2.07,$9.61,274.79,210.84,262.55,252.49,236.52,-12.0,-0.63,-0.45,"1,866,280",100325.15,2873723.18,3024465.54,-77.99,9.16,-0.05,0.0,275.13,232.38,275.13,275.13,49.0,"157,126 M"
05/13/2026,1630,UPBD,17.28,-3.79%,Consumer Discretionary,1.916,0.66,$4.50,28.025,15.82,19.04,18.67,20.43,-5.0,-0.6,-0.29,"831,041",400250.1,879746.51,885021.84,35.63,-5.57,-8.76,-7.99,24.58,17.37,-17.37,21.16,53.0,"1,007 M"
05/13/2026,1630,UPS,98.45,+0.01%,Industrials,1.057,4.23,$5.32,122.41,82.0,103.61,101.08,97.34,1.0,-0.39,0.41,"5,024,205",-200635.08,6571526.61,6281720.35,13.6,1.28,-7.65,-2.31,122.62,94.32,-94.32,-96.07,52.0,"83,683 M"
05/13/2026,1630,UPST,26.99,-3.05%,Financials,2.347,2.09,($2.97),87.3,23.965,31.55,28.87,45.16,-17.0,-0.65,-0.17,"4,887,004",0.0,4800613.98,5380193.14,35.68,2.39,-11.45,-6.8,36.16,24.31,36.16,36.16,57.0,"2,583 M"
05/13/2026,1630,URA,53.31,-1.91%,,1.135,1.47,<empty>,62.28,27.2601,55.5,52.02,48.92,-2.0,-0.56,-0.31,"3,597,022",0.0,3866350.56,4052572.96,-36.84,8.16,0.79,-3.39,59.14,45.31,59.14,59.14,NaN,"7,510 M"
05/13/2026,1630,URBN,66.41,-0.90%,Consumer Discretionary,1.161,1.96,$3.49,84.35,58.29,71.05,67.22,70.61,-3.0,-0.34,-0.19,"1,478,916",-100256.38,1491367.73,1551720.2,64.77,4.73,-3.32,-7.12,77.16,60.35,77.16,77.16,5.0,"5,685 M"
05/13/2026,1630,URI,935.26,-1.94%,Industrials,1.723,13.7,$32.10,1021.47,681.98,913.69,819.29,871.02,-12.0,-0.86,-0.37,"649,964",100536.15,590520.49,594300.23,-60.25,26.86,-1.77,-0.19,1001.13,702.38,1001.13,1001.13,48.0,"58,591 M"
05/13/2026,1630,URNJ,29.76,-3.91%,,1.571,0.85,<empty>,40.81,15.54,31.69,30.61,28.66,-2.0,-0.36,-0.37,"203,437",0.0,352483.52,384087.03,-12.97,-1.85,-0.7,-2.94,37.51,26.31,-26.31,34.14,NaN,442 M
05/13/2026,1630,URNM,63.88,-2.47%,,.9347,1.64,<empty>,84.95,35.9333,67.43,65.32,60.88,-2.0,-0.32,-0.37,"558,112",0.0,695204.38,740354.14,-11.16,0.09,-0.82,-1.71,76.54,57.37,-57.37,72.14,NaN,"2,302 M"
05/13/2026,1630,USCI,102.10,-0.57%,,.1481,1.38,<empty>,102.93,69.3,98.85,95.75,82.9,3.0,0.6,0.48,"13,334",300029.16,26923.58,23933.49,-14.58,10.46,2.44,3.15,101.06,80.6,-80.6,-95.17,NaN,393 M
05/13/2026,1630,USD/JPY,157.883,0.00%,,<empty>,0.47,<empty>,N/A,N/A,157.759,158.706,156.785,8.0,0.28,0.75,0,-100200.15,2.1708E7,2.425625E7,-100.0,-1.068,0.403,0.422,161.14,155.08,-155.08,-155.08,NaN,<empty>
05/13/2026,1630,USFD,85.16,+1.42%,Consumer Staples,.8572,3.59,$3.78,102.13,69.875,90.25,90.83,82.34,1.0,0.0,0.13,"3,123,043",-100028.05,2443415.61,2626063.02,98.92,-10.01,-6.7,0.9,102.62,84.04,102.62,-82.02,58.0,"18,754 M"
05/13/2026,1630,USPH,60.14,-1.17%,Health Care,1.184,6.05,$4.39,93.5,58.19,70.26,74.2,80.19,2.0,-0.12,0.07,"350,938",100336.02,182424.65,195295.71,138.82,-21.72,-15.9,1.43,91.62,58.03,91.62,-58.03,58.0,915 M
05/13/2026,1630,UTI,39.75,+5.52%,Consumer Discretionary,1.23,1.21,$0.01,40.41,21.29,37.05,36.56,30.57,3.0,0.56,0.62,"1,290,393",100551.53,620237.96,738313.95,141.21,10.42,10.17,11.22,40.34,26.62,40.34,-31.04,58.0,"2,189 M"
05/13/2026,1630,UTZ,6.95,-5.95%,Consumer Staples,.847,0.32,$0.83,14.67,6.93,7.66,7.7,10.37,-5.0,-0.6,-0.35,"2,759,903",100254.06,1930729.93,1982403.03,150.52,-8.07,-10.32,-7.33,10.62,7.34,10.62,9.05,53.0,615 M
05/13/2026,1630,UUP,27.51,+0.22%,,-.191,0.08,<empty>,28.45,26.395,27.44,27.55,27.55,2.0,0.57,0.69,"2,112,386",100007.26,2928548.62,2601533.25,154.41,-1.36,-0.36,0.62,28.31,27.62,28.31,-27.08,NaN,356 M
05/13/2026,1630,V,320.31,-1.87%,Financials,.7669,7.56,$11.05,375.51,293.89,318.78,311.69,331.48,-1.0,-0.82,-0.59,"7,943,703",-100024.11,7169554.98,7489867.73,9.19,4.29,-4.35,0.48,342.1,294.29,342.1,342.1,52.0,"609,148 M"
05/13/2026,1630,VET,12.53,+0.48%,Energy,.4038,0.64,$1.42,14.82,6.22,12.52,12.64,9.5,3.0,0.09,0.43,"1,137,005",101365.39,2371804.8,2308712.84,-27.37,6.28,-6.91,6.28,15.37,10.6,15.37,-11.04,58.0,"1,920 M"
05/13/2026,1630,VFC,17.13,-2.62%,Consumer Discretionary,1.769,0.71,$0.79,22.2699,11.06,19.33,18.03,16.88,-3.0,-0.39,-0.15,"6,512,311",0.0,6299221.49,6244629.07,-37.73,7.33,-6.14,-9.75,22.16,16.43,22.16,22.16,5.0,"6,702 M"
05/13/2026,1630,VG,13.00,-2.03%,Energy,1.402,0.72,($2.80),19.5,5.72,12.41,13.42,10.94,2.0,0.24,0.67,"31,996,802",100815.38,2.941241988E7,2.607917236E7,36.5,-0.76,-1.22,13.54,18.35,9.6,18.35,-11.04,62.0,"32,297 M"
05/13/2026,1630,VGK,87.60,+0.56%,,.8637,1.0,<empty>,90.745,74.2401,87.24,85.1,82.89,-3.0,-0.79,-0.44,"2,912,392",200127.31,4380344.76,4176423.26,-27.7,6.62,2.89,-0.59,91.52,79.37,-79.37,89.05,NaN,"30,042 M"
05/13/2026,1630,VHT,274.41,+0.54%,,.6284,2.14,<empty>,298.6068,234.13,271.97,274.15,274.24,2.0,0.39,0.68,"210,930",-100116.09,198676.04,208368.61,-18.63,-0.82,2.85,2.02,296.52,265.32,-265.32,-265.1,NaN,"16,260 M"
05/13/2026,1630,VIK,82.17,+1.95%,Consumer Discretionary,1.245,1.88,$3.46,87.0,42.2004,81.79,76.63,68.42,1.0,-0.63,0.34,"6,511,376",100258.01,2953762.43,2837824.62,245.81,20.27,4.62,-0.6,87.16,66.46,87.16,-77.1,1.0,"36,654 M"
05/13/2026,1630,VIR,9.33,-0.74%,Health Care,1.709,0.48,($3.19),11.66,4.155,10.12,9.64,6.93,2.0,0.0,0.07,"1,208,818",100582.54,2119302.36,3423631.3,-2.62,0.76,-7.44,2.3,12.17,7.62,12.17,-9.03,58.0,"1,574 M"
05/13/2026,1630,VIX,17.87,-0.67%,,-6,0.61,<empty>,35.3,13.38,18.04,21.85,18.36,8.0,0.17,0.74,<empty>,NaN,NaN,NaN,NaN,-34.28,-5.0,3.96,35.46,16.05,-16.05,-16.05,NaN,0
05/13/2026,1630,VKTX,31.70,+1.21%,Health Care,.5422,0.72,($3.00),43.15,22.959,32.54,33.3,32.71,8.0,0.33,0.47,"2,268,876",100268.1,2374822.81,2519109.92,-10.03,-11.03,1.18,1.18,38.42,29.61,38.42,-29.09,53.0,"3,681 M"
05/13/2026,1630,VLO,244.10,-1.22%,Energy,.5781,6.21,$18.20,258.4299,125.1,240.85,238.74,187.09,-1.0,-0.39,-0.5,"2,202,370",-100148.38,3876621.86,3639481.21,-6.75,5.86,-2.87,1.26,258.31,195.55,258.31,256.06,49.0,"72,481 M"
05/13/2026,1630,VLTO,85.85,-1.01%,Industrials,.7342,1.1,$4.20,110.11,84.99,88.2,89.26,98.69,-4.0,-0.52,-0.54,"2,513,291",-100127.38,1959073.81,2017346.69,66.45,-4.82,-4.05,-1.14,98.53,85.32,-85.32,93.1,49.0,"21,085 M"
05/13/2026,1630,VMC,274.54,-1.71%,Materials,1.071,7.18,$8.48,331.09,252.35,290.0,281.16,292.51,-5.0,-0.58,-0.27,"1,229,135",300138.32,1240154.2,1279306.03,103.03,3.44,-7.28,-3.24,329.61,252.38,-252.38,306.1,53.0,"35,623 M"
05/13/2026,1630,VNM,19.25,-0.93%,,.9509,0.32,<empty>,19.85,12.625,19.14,18.07,18.16,-3.0,-0.92,-0.44,"424,606",-100141.45,914682.36,897514.37,-50.74,15.2,2.28,-2.63,19.15,16.35,-16.35,20.03,NaN,587 M
05/13/2026,1630,VNO,30.69,-1.73%,Real Estate,1.537,0.91,$6.23,43.37,24.57,30.1,27.89,33.87,-3.0,-0.95,-0.39,"1,561,534",-100446.38,2128021.28,2262932.94,-33.99,18.27,4.57,-4.57,31.62,25.32,33.04,33.04,56.0,"5,773 M"
05/13/2026,1630,VRNS,27.01,-2.98%,Information Technology,.7857,1.22,$1.00,63.9,19.7,26.19,24.26,38.29,-4.0,-0.99,-0.6,"1,622,945",0.0,2477775.33,2593967.61,-45.83,9.42,-1.03,-5.33,30.1,20.23,30.1,30.1,52.0,"3,101 M"
05/13/2026,1630,VRT,369.99,+0.78%,Industrials,2.082,20.72,$5.95,377.77,101.0,329.25,291.72,200.81,3.0,1.0,0.73,"4,442,261",-100569.38,7928616.07,7795393.56,-37.14,42.92,20.84,8.83,341.06,227.61,-227.61,-294.11,53.0,"142,116 M"
05/13/2026,1630,VRTX,453.06,+1.06%,Health Care,.2962,8.65,$14.55,507.92,362.5,432.98,445.67,434.91,6.0,0.46,1.0,"1,193,873",100432.46,1287733.32,1329679.91,53.52,-3.47,7.05,5.41,508.45,412.06,-412.06,-412.06,56.0,"114,989 M"
05/13/2026,1630,VSCO,45.19,-2.94%,Consumer Discretionary,2.122,2.54,$3.90,66.889,17.53,50.97,48.87,42.59,-5.0,-0.32,-0.38,"2,359,844",100673.47,2464528.67,2302989.51,132.67,0.74,-11.18,-5.93,66.53,42.32,-42.32,58.16,13.0,"3,589 M"
05/13/2026,1630,VTR,90.35,+2.06%,Real Estate,.769,1.55,$2.89,90.46,61.76,86.06,85.1,77.25,2.0,0.61,0.64,"6,455,484",100023.1,4014740.4,3834237.5,106.33,4.38,3.41,3.54,89.07,79.15,-79.15,-79.15,53.0,"43,925 M"
05/13/2026,1630,VVIX,98.36,-0.19%,,-4.314,2.22,<empty>,147.14,81.72,96.44,109.41,102.6,5.0,0.25,0.7,<empty>,NaN,NaN,NaN,NaN,-24.94,2.44,1.63,141.47,91.11,-91.11,-91.11,NaN,0
05/13/2026,1630,VVV,32.09,-2.16%,Consumer Discretionary,1.031,1.21,$0.78,41.33,28.5,33.37,33.81,34.49,-3.0,-0.33,-0.58,"2,337,650",-200136.04,2125102.84,2027924.47,9.3,-4.49,-0.65,-9.91,39.62,32.06,-32.06,37.03,57.0,"4,093 M"
05/13/2026,1630,VXD,16.18,-0.19%,,-6.365,0.84,<empty>,42.71,2.43,17.04,21.17,17.3,8.0,0.14,0.52,<empty>,NaN,NaN,NaN,NaN,-39.13,-9.91,-1.34,43.45,14.57,43.45,-16.08,NaN,0
05/13/2026,1630,VXN:CGI,24.59,+1.91%,,-5.004,0.84,<empty>,33.92,9.01,23.2,25.61,22.42,8.0,0.34,0.72,<empty>,NaN,NaN,NaN,NaN,-17.68,3.49,3.49,34.31,21.08,-21.08,-21.08,NaN,0
05/13/2026,1630,VXX,28.37,+2.12%,,-2.061,0.5,<empty>,59.36,25.635,28.76,31.64,32.36,1.0,0.23,0.68,"9,073,608",-101204.47,1.148027724E7,1.164359923E7,-20.51,-19.17,-2.24,1.1,40.31,27.62,40.31,-28.03,NaN,0
05/13/2026,1630,VZ,47.21,-1.50%,Communication Services,.239,0.47,$4.70,51.68,38.39,47.09,48.55,44.02,-1.0,-0.25,-0.49,"21,194,755",100029.38,2.538605132E7,2.658264707E7,-6.84,-8.12,1.29,-0.02,52.35,44.21,-44.21,49.12,47.0,"197,128 M"
05/13/2026,1630,W,60.06,-0.71%,Consumer Discretionary,-.0657,5.69,$2.81,119.98,34.46,70.83,73.29,87.05,1.0,-0.31,0.4,"5,232,312",-100868.1,3754846.76,4073483.75,95.8,-20.71,-18.03,-9.36,92.59,63.08,92.59,84.16,55.0,"7,928 M"
05/13/2026,1630,WBD,27.25,+0.18%,Communication Services,1.576,0.12,$0.93,30.0,8.82,27.15,27.34,23.3,11.0,0.09,0.41,"20,362,981",-100119.38,2.232447238E7,2.334363302E7,-1.18,0.41,0.74,0.52,29.55,27.11,-27.11,-27.11,59.0,"68,319 M"
05/13/2026,1630,WCLD,27.49,-2.52%,,1.055,1.05,<empty>,37.115,23.8901,28.08,27.78,32.25,-4.0,-0.91,-0.5,"1,633,171",400243.31,1165015.68,1275122.17,-12.27,-2.79,0.55,-7.63,30.06,24.23,30.04,30.04,NaN,238 M
05/13/2026,1630,WDAY,116.50,-1.79%,Information Technology,1.02,4.34,$10.48,276.0,110.36,123.61,128.18,191.27,-4.0,-0.92,-0.4,"5,156,645",201155.55,4855759.46,5426146.08,-39.27,-12.47,-4.84,-8.86,154.46,110.24,-110.24,133.04,6.0,"29,088 M"
05/13/2026,1630,WEAT,25.37,-0.47%,,.0115,0.72,<empty>,25.6,19.78,23.72,23.16,21.45,3.0,0.89,0.82,"849,487",-200149.44,1128103.15,957806.69,39.68,8.28,3.09,8.37,25.1,21.6,-21.6,-23.17,NaN,356 M
05/13/2026,1630,WELL,220.14,+1.56%,Real Estate,.8342,3.0,$4.34,221.675,142.65,212.81,207.32,189.31,2.0,0.57,0.54,"3,131,112",-100431.38,2934118.01,3093541.05,34.2,5.93,3.8,2.57,220.1,193.35,-193.35,-199.15,51.0,"155,400 M"
05/13/2026,1630,WEN,8.19,+3.67%,Consumer Discretionary,.3649,0.47,$1.17,12.51,6.37,7.01,7.02,8.4,2.0,1.0,1.0,"22,793,742",200467.02,9765846.35,1.031304441E7,233.46,14.23,21.15,12.19,8.58,6.06,-6.06,-6.06,59.0,"1,560 M"
05/13/2026,1630,WEST,8.38,-3.12%,Consumer Staples,.9216,1.25,($0.66),8.9764,3.59,6.24,5.09,4.94,-1.0,1.0,-0.98,"1,076,389",-100168.02,579209.96,505097.69,319.48,96.71,47.8,1.58,6.16,4.46,-4.46,9.02,59.0,818 M
05/13/2026,1630,WFC,73.53,-2.19%,Financials,.9411,2.88,$0.04,97.76,71.895,79.49,79.64,84.23,-5.0,-0.33,-0.2,"15,707,474",-300430.04,1.772205113E7,1.751491524E7,12.95,-0.77,-9.79,-2.79,90.62,74.42,90.62,83.16,42.0,"225,016 M"
05/13/2026,1630,WGMI,58.88,+1.99%,Communication Services,3.788,5.19,<empty>,67.885,15.82,51.84,44.12,42.91,-4.0,1.0,-0.8,"380,555",100674.06,525578.91,505325.35,11.97,53.83,29.75,1.48,55.06,32.31,-32.31,61.02,NaN,378 M
05/13/2026,1630,WGS,38.94,-1.39%,Health Care,2.112,13.85,($0.99),170.87,32.21,56.68,65.35,107.52,4.0,-0.16,0.25,"1,153,314",201576.05,1154901.85,1078240.41,104.92,-49.94,-38.09,-4.49,95.46,32.05,-32.05,-32.05,52.0,"1,156 M"
05/13/2026,1630,WH,81.21,-0.75%,Consumer Discretionary,.6529,1.86,$3.99,92.685,69.21,84.23,81.6,79.94,6.0,-0.35,0.32,"957,885",100339.59,1223660.89,1333681.71,-30.94,10.63,-3.42,-1.77,90.16,72.43,90.16,-80.06,48.0,"6,079 M"
05/13/2026,1630,WING,120.61,-2.52%,Consumer Discretionary,1.711,21.27,$4.76,388.14,118.805,163.12,177.01,246.42,2.0,-0.25,0.14,"1,332,597",100972.11,1315347.65,1333658.9,38.95,-40.71,-29.55,-6.99,303.59,129.03,303.59,205.16,53.0,"3,285 M"
05/13/2026,1630,WMS,137.94,-1.32%,Industrials,1.316,4.35,$7.43,179.315,104.69,147.57,144.36,146.5,-2.0,-0.46,-0.36,"1,015,762",-100045.14,923329.25,862730.93,46.3,0.49,-5.79,-3.67,176.57,131.37,-131.37,159.16,6.0,"10,745 M"
05/13/2026,1630,WMT,131.47,+0.86%,Consumer Staples,.6411,1.48,$1.87,134.69,91.89,129.49,126.37,113.74,2.0,0.39,0.38,"13,460,703",0.0,1.808111076E7,1.996893949E7,-17.8,3.91,2.7,0.8,135.6,118.37,-118.37,133.08,6.0,"1,047,946 M"
05/13/2026,1630,WOOD,67.256,-0.91%,,.7819,0.64,<empty>,83.32,66.65,69.4,70.36,72.7,-3.0,-0.34,-0.57,"12,860",-100017.52,21125.97,32959.54,203.68,-4.58,-1.62,-2.44,83.62,67.37,-67.37,73.17,NaN,250 M
05/13/2026,1630,WRBY,28.49,+5.71%,Consumer Discretionary,2.066,2.91,$0.32,31.0,14.96,24.4,23.56,23.93,1.0,0.77,0.65,"3,330,244",201103.05,2599359.74,2972112.84,57.77,18.41,32.7,-3.59,28.49,20.27,-20.27,30.02,58.0,"3,496 M"
05/13/2026,1630,WW,9.64,0.00%,Consumer Discretionary,2.154,0.8,($3.69),46.949,0.237,10.21,14.09,24.81,-5.0,0.39,-0.75,"397,149",-101609.05,381749.6,331547.02,72.7,-54.27,-4.84,-5.49,25.41,8.03,25.41,-8.03,60.0,96 M
05/13/2026,1630,WWW,15.53,-1.15%,Consumer Discretionary,1.67,0.62,$1.55,32.8,13.47,17.2,16.79,20.86,-4.0,-0.8,-0.03,"2,122,405",-101066.53,1008741.49,1132506.87,174.85,-2.82,-8.16,-7.01,21.53,15.28,21.53,19.16,1.0,"1,273 M"
05/13/2026,1630,WY,23.10,-1.49%,Real Estate,.921,0.61,$0.03,27.86,21.155,24.29,24.13,24.44,-1.0,-0.22,-0.31,"7,638,705",0.0,5259434.89,5439650.22,63.45,-1.53,-4.74,-1.83,28.62,22.37,-22.37,26.16,49.0,"16,656 M"
05/13/2026,1630,WYFI,27.03,+3.60%,Information Technology,4.184,4.17,($7.05),40.75,10.5101,18.76,16.12,NaN,9.0,1.0,1.0,"3,203,378",-200356.01,1043935.26,944321.2,570.47,71.62,77.48,27.2,20.61,11.32,-11.32,29.02,1.0,"1,037 M"
05/13/2026,1630,WYNN,96.21,-1.07%,Consumer Discretionary,.9745,3.58,$6.72,134.72,82.627,104.94,103.18,115.25,-4.0,-0.4,0.0,"1,555,018",-100338.04,1667189.61,1757386.65,-8.87,-4.2,-7.7,-6.06,119.59,96.31,119.59,110.16,59.0,"9,985 M"
05/13/2026,1630,XBI,135.85,+0.70%,,.8691,2.22,<empty>,139.19,75.71,134.35,129.3,115.36,4.0,0.53,0.4,"7,027,386",-100037.3,9281473.55,9254040.63,-9.73,11.51,5.39,0.85,139.18,118.35,139.18,-128.1,NaN,"8,667 M"
05/13/2026,1630,XHR,16.36,-0.43%,Real Estate,1.18,0.33,$1.03,17.23,11.34,16.34,15.53,14.47,-3.0,-0.85,-0.39,"540,658",200136.14,674234.86,699471.91,-18.45,15.54,1.8,-3.93,17.08,14.42,17.08,17.08,53.0,"1,509 M"
05/13/2026,1630,XIACY,20.72,+2.98%,Information Technology,.6218,0.57,$0.12,40.25,18.51,19.9,20.47,26.71,8.0,1.0,0.67,"641,167",-100000.39,434261.56,410342.61,131.96,-2.72,9.23,2.68,24.61,19.09,-19.09,-19.09,8.0,"107,017 M"
05/13/2026,1630,XLB,52.06,-0.15%,,.9525,0.48,<empty>,54.14,42.035,51.71,50.64,47.32,4.0,0.51,0.6,"8,453,028",0.0,1.342386822E7,1.456821561E7,-38.43,5.83,2.16,0.91,54.62,47.37,-47.37,53.04,NaN,"7,447 M"
05/13/2026,1630,XLC,116.76,+0.78%,,1.007,0.68,<empty>,120.405,99.6,116.82,114.99,114.9,1.0,0.76,0.39,"4,061,277",100123.51,6454574.77,6719127.7,15.92,2.02,1.28,-0.15,119.18,107.32,119.18,-115.09,NaN,"25,314 M"
05/13/2026,1630,XLE,57.63,+0.10%,,.4702,1.26,<empty>,63.46,40.36,57.24,57.98,49.11,3.0,0.2,0.64,"22,686,767",-200233.51,5.18408887E7,5.481107088E7,-34.63,-0.12,-2.37,3.46,63.31,53.6,63.31,60.09,NaN,"40,865 M"
05/13/2026,1630,XLF,50.99,-1.14%,,.8852,0.31,<empty>,56.515,47.67,51.8,50.66,52.62,-1.0,-0.64,-0.25,"33,381,463",100227.51,4.499079053E7,4.960370789E7,-25.23,4.3,-1.79,-0.49,53.16,48.32,53.16,53.16,NaN,"49,822 M"
05/13/2026,1630,XLG,63.48,+0.97%,,1.058,1.0,<empty>,63.635,47.93,61.17,58.02,57.75,1.0,1.0,0.46,"755,064",-100129.44,3292968.24,3607769.46,-70.49,13.85,4.8,0.92,62.08,53.31,-53.31,-59.16,NaN,"11,195 M"
05/13/2026,1630,XLI,173.62,-0.42%,,1.012,1.75,<empty>,179.305,139.63,172.91,169.19,160.3,-2.0,-0.65,-0.52,"6,070,246",100028.48,1.174275923E7,1.219331439E7,-57.9,5.45,2.17,0.24,179.51,156.31,-156.31,178.04,NaN,"30,883 M"
05/13/2026,1630,XLK,176.85,+0.94%,,1.296,7.13,<empty>,178.3,112.551,163.08,148.23,142.69,-2.0,1.0,-0.73,"9,595,882",0.0,1.395835809E7,1.532567549E7,-21.03,29.28,11.15,0.76,166.06,127.31,-127.31,178.02,NaN,"115,565 M"
05/13/2026,1630,XLP,84.72,+0.33%,,.5042,0.66,<empty>,90.14,75.16,83.31,83.12,81.23,2.0,0.49,0.73,"10,461,014",-100120.51,1.515752506E7,1.697414988E7,-15.33,-0.02,2.17,0.64,90.6,80.2,-80.2,-82.16,NaN,"14,887 M"
05/13/2026,1630,XLRE,44.21,-0.83%,,1.018,0.36,<empty>,44.91,39.725,44.14,42.84,41.89,-5.0,-0.85,-0.44,"5,241,916",-100330.38,7223050.98,7993539.32,26.03,4.64,1.31,-0.45,45.17,40.32,45.05,45.05,NaN,"7,854 M"
05/13/2026,1630,XLU,44.67,-1.15%,,.2431,0.68,<empty>,47.8,39.055,45.76,46.08,44.35,-1.0,-0.13,-0.29,"27,256,991",-100424.38,2.320149262E7,2.554982158E7,14.22,-4.88,-2.21,-0.11,48.52,44.37,48.52,47.08,NaN,"22,690 M"
05/13/2026,1630,XLV,146.71,+0.59%,,.5885,1.14,<empty>,160.59,127.35,145.3,147.26,147.4,2.0,0.37,0.75,"15,830,258",200123.36,1.200809408E7,1.265913086E7,107.96,-2.06,2.71,2.24,160.52,142.1,-142.1,-142.1,NaN,"37,604 M"
05/13/2026,1630,XLY,118.72,+0.36%,,1.217,0.99,<empty>,125.01,103.855,118.65,114.38,117.15,-3.0,-0.86,-0.33,"4,609,830",300227.31,9554985.94,1.02114137E7,-38.79,7.09,1.61,-1.23,122.18,105.31,122.18,121.03,NaN,"22,700 M"
05/13/2026,1630,XOM,151.57,+0.62%,Energy,.1791,3.04,$4.41,176.41,101.185,150.21,154.76,129.44,3.0,0.12,0.7,"15,742,994",-100337.3,2.132427805E7,2.146933153E7,21.38,-2.91,-2.0,4.84,176.31,142.18,-142.18,-144.03,54.0,"628,250 M"
05/13/2026,1630,XOP,168.34,-0.82%,,.5972,5.27,<empty>,190.36,118.14,170.11,171.35,142.02,-1.0,-0.15,-0.53,"3,412,976",-300137.46,5214540.57,5081673.92,-39.05,0.27,-5.28,1.93,190.31,143.62,190.31,182.06,NaN,"3,358 M"
05/13/2026,1630,XPEV,16.68,+3.22%,Consumer Discretionary,1.017,0.35,$0.74,28.235,15.3801,16.47,17.42,19.82,4.0,0.49,0.67,"9,545,077",-200262.15,6758293.51,6243476.52,-43.63,-16.47,5.17,6.79,20.42,15.5,20.42,-15.05,10.0,"15,942 M"
05/13/2026,1630,XRT,79.75,-1.18%,,1.194,1.84,<empty>,91.65,73.87,84.73,82.7,84.66,-3.0,-0.45,0.0,"9,935,547",-100023.01,5436721.19,5605060.87,60.57,-0.34,-4.84,-5.87,90.57,78.31,-78.31,89.16,NaN,403 M
05/13/2026,1630,XTL,226.99,+1.30%,,1.137,5.52,<empty>,230.0,101.2401,221.79,205.0,163.05,1.0,-0.77,0.3,"35,323",-300128.22,105764.16,87090.02,-72.51,23.0,5.92,1.84,230.08,172.62,230.08,230.08,NaN,772 M
05/13/2026,1630,XYL,109.01,-2.27%,Industrials,1.057,3.72,$3.81,154.27,108.965,117.67,120.81,135.99,-4.0,-0.11,-0.25,"1,986,632",200037.19,2216562.18,2217362.04,-15.75,-9.07,-5.54,-4.15,132.53,113.03,132.53,125.11,58.0,"25,911 M"
05/13/2026,1630,XYZ,69.78,-3.24%,Financials,2.775,1.43,$5.37,82.5,48.21,71.31,65.52,67.97,-2.0,-0.83,-0.26,"6,463,683",300753.52,6271201.33,7864541.0,72.29,16.71,0.46,-6.77,75.16,48.62,-48.62,77.03,61.0,"41,532 M"
05/13/2026,1630,YCS,52.86,+0.23%,,-.3985,0.85,<empty>,54.67,40.08,53.0,53.09,49.22,5.0,0.18,0.56,"11,707",-100218.19,32140.92,30499.61,-40.75,-1.25,-2.97,1.51,55.35,49.62,55.35,-52.05,NaN,29 M
05/13/2026,1630,YELP,22.86,-1.00%,Communication Services,.4802,2.04,$4.56,41.22,19.6,27.65,25.93,28.82,-6.0,-0.55,0.0,"1,697,311",-100145.59,1180794.17,1416530.75,51.63,-4.07,-18.39,-15.58,30.15,20.55,30.15,30.15,59.0,"1,257 M"
05/13/2026,1630,YPF,43.53,-3.16%,Energy,1.071,0.89,$2.86,48.955,22.82,43.3,42.08,35.47,-1.0,-0.3,-0.42,"1,483,512",-300153.3,2566970.5,2285190.63,-18.69,13.8,-2.86,2.74,49.3,33.5,49.3,-40.17,59.0,"17,082 M"
05/13/2026,1630,YUM,149.77,-2.02%,Consumer Discretionary,.5947,3.32,$5.92,169.39,137.33,157.02,157.98,152.39,-1.0,0.0,-0.15,"1,700,981",100124.11,1671186.2,1717332.05,51.84,-6.63,-6.3,-1.43,169.55,152.03,169.55,-149.02,53.0,"41,280 M"
05/13/2026,1630,YUMC,46.92,-1.47%,Consumer Discretionary,1,0.66,$2.56,58.39,41.69,48.12,49.89,47.77,-1.0,-0.17,-0.42,"1,005,976",100232.39,1545935.04,1607629.23,19.64,-10.97,-3.64,0.04,57.56,47.03,57.56,-47.03,57.0,"16,471 M"
05/13/2026,1630,ZG,38.88,-2.41%,Real Estate,2.035,2.15,$1.24,90.22,38.3,44.17,43.38,63.22,-5.0,-0.79,-0.43,"1,084,539",0.0,1053492.48,1207856.87,54.85,-7.76,-10.52,-7.3,49.48,39.28,49.48,49.16,58.0,"8,896 M"
05/13/2026,1630,ZM,102.43,-0.51%,Information Technology,1.5,6.57,$6.40,111.56,69.15,97.97,86.6,84.2,-6.0,-0.92,-0.58,"3,478,192",-200443.54,4223993.12,4490622.0,-8.73,38.23,6.97,-6.21,110.06,71.5,-71.5,112.02,6.0,"30,190 M"
05/13/2026,1630,ZS,152.43,+4.28%,Information Technology,1,7.21,$5.55,336.99,114.625,140.24,142.64,228.12,1.0,1.0,0.95,"4,804,345",-100866.25,2746254.5,3046465.53,57.27,-0.86,13.14,0.2,180.61,115.23,-115.23,-128.09,8.0,"24,509 M"
