Date,Time,Symbol,Last,%Change,StandardDeviation,52High,52Low,SimpleMovingAvg,SimpleMovingAvg,SimpleMovingAvg,A_MCADays_Streak,A_MACD_BRR,A_MACDH_D_BRR,Volume,A_VolumeSpike,VolumeAvg,VolumeAvg,VolumeRateOfChange,A_Perf2M,A_Perf2Wk,A_Perf3D,A_3mnHigh,A_3mnLow,A_3mnHighLow,A_3wkHighLow,A_EarningsDays
06/03/2026,1630,$COMP,26853.9756,-0.89%,376.34,27190.2067,19226.2154,26432.09,24596.03,23274.25,-1.0,-0.83,-0.21,<empty>,NaN,NaN,NaN,NaN,22.74,3.8,-0.44,26725.06,20690.45,-20690.45,27190.02,NaN
06/03/2026,1630,$DJI,50687.07,-1.21%,570.6,51369.61,41981.14,50183.52,48873.51,47829.0,-1.0,-0.98,-0.48,"546,852,298",100100.04,5.1193687002E8,5.2016733506E8,11.15,8.99,2.68,-0.68,50830.07,45057.45,-45057.45,-49236.09,NaN
06/03/2026,1630,$DXY,99.523,+0.31%,0.158,100.643,95.551,98.9,98.891,98.589,1.0,0.64,0.68,<empty>,NaN,NaN,NaN,NaN,-0.467,0.404,0.587,101.45,98.2,-98.2,-98.17,NaN
06/03/2026,1630,/6B[M26],1.3418,-0.38%,0.0034,1.3869,1.3011,1.347,1.3449,1.3424,-1.0,-0.32,-0.41,"56,906",-100000.59,88281.78,102025.9844,-32.3442,1.4747,0.1717,-0.275,1.22,1.44,1.22,-1.11,NaN
06/03/2026,1630,/6C[M26],.71995,-0.47%,0.00275,0.74315,0.70845,0.72767,0.72839,0.72555,-1.0,-0.1,-0.26,"74,090",-200106.57,64638.74,72702.67188,64.81659,-0.08327,-1.16008,-0.74447,1.6,1.44,-1.44,1.17,NaN
06/03/2026,1630,/6E[M26],1.16050,-0.26%,0.00211,1.21105,1.1377,1.16799,1.16928,1.17076,-1.0,-0.37,-0.38,"144,459",-100000.59,169902.52,203135.96875,33.15666,0.25485,-0.12479,-0.53141,1.32,1.56,1.32,-1.08,NaN
06/03/2026,1630,/6J[M26],.0062535,-0.10%,2.04E-5,0.007078,0.006243,0.006319,0.0063195,0.0064825,-3.0,-0.3,-0.23,"145,024",200109.2,146704.88,152846.078125,105.8859439,-0.7932101,-0.7459725,-0.5249344,0.19,0.23,0.19,0.17,NaN
06/03/2026,1630,/BTC[M26],65470,-0.18%,4459.0,127240.0,60005.0,75884.0,74871.0,89515.0,-4.0,0.0,0.0,2,-100128.0,8407.0,8537.0,-100.0,-7.0,-16.0,-8.0,83215.0,65090.0,83215.0,82725.0,NaN
06/03/2026,1630,/BZ[Q26],97.86,+0.05%,6.59,119.4,58.72,101.94,102.68,77.01,3.0,0.01,0.26,<empty>,0.0,45424.54,59786.84,52.16,-10.26,-11.84,6.72,119.6,81.59,-81.59,-90.03,NaN
06/03/2026,1630,/CL[N26],96.20,+2.60%,5.18,119.48,54.98,96.75,97.61,72.42,3.0,0.04,0.41,"240,338",0.0,301516.2,368741.77,26.51,-14.15,-7.53,9.62,119.6,75.62,119.6,-86.03,NaN
06/03/2026,1630,/GC[Q26],4462.7,-1.27%,45.6,5626.8,3250.5,4586.7,4643.1,4411.8,-1.0,-0.3,-0.5,"103,294",0.0,140546.7,150351.9,-7.7,-5.1,-0.5,-2.3,5249.6,4100.5,-4100.5,-4396.0,NaN
06/03/2026,1630,/HG[N26],6.4840,-2.88%,0.1239,6.716,4.3325,6.4058,6.0689,5.506,-1.0,-0.79,-0.49,"52,440",0.0,43931.06,44688.3125,-10.4646,14.1248,4.682,1.4076,7.14,5.5,7.14,7.14,NaN
06/03/2026,1630,/NG[N26],3.255,+2.78%,0.134,7.439,2.495,3.001,2.849,3.414,-3.0,0.56,-0.34,"127,441",0.0,112565.9,118683.688,2.85,15.96,4.461,-0.55,3.6,2.27,-2.27,3.02,NaN
06/03/2026,1630,/NKD[M26],68095,-0.22%,2483.0,68790.0,37320.0,63827.0,59730.0,52703.0,9.0,1.0,1.0,<empty>,100501.0,5869.0,6045.0,31.0,28.0,12.0,3.0,65695.0,50411.0,-50410.0,-59355.0,NaN
06/03/2026,1630,/SI[N26],72.980,-3.41%,2.472,121.785,34.6,78.425,76.227,66.595,-1.0,-0.21,-0.56,"33,281",0.0,42216.02,43403.125,-36.89,-0.26,-1.338,-3.446,90.59,61.5,-61.5,-72.04,NaN
06/03/2026,1630,AAAU,43.80,-1.02%,0.51,54.71,32.15,45.11,45.63,43.33,-1.0,-0.26,-0.55,"1,175,887",0.0,1866013.02,2214350.99,82.0,-4.97,-0.9,-2.25,52.59,43.49,-43.49,-43.05,NaN
06/03/2026,1630,AAL,13.57,-2.58%,0.96,16.5,10.09,13.42,12.24,13.06,-5.0,-0.91,-0.52,"71,589,101",0.0,5.988098879E7,6.748390351E7,92.44,25.18,12.52,-7.31,15.06,10.45,15.05,15.05,34.0
06/03/2026,1630,AAPL,310.26,-1.57%,5.63,316.94,195.07,302.07,278.95,264.41,-1.0,-0.95,-0.31,"50,576,819",300027.23,4.570312523E7,4.456914451E7,-4.0,21.23,3.78,-0.58,312.06,246.45,-246.45,-290.17,40.0
06/03/2026,1630,ABBV,217.13,+0.80%,2.69,244.81,181.73,211.28,208.81,219.75,-4.0,0.96,-0.81,"5,663,983",-100136.52,6205395.19,6618594.03,-0.73,3.97,1.58,-0.27,235.62,191.24,-191.24,220.07,39.0
06/03/2026,1630,ABNB,133.59,-0.57%,1.59,147.25,110.81,134.99,134.67,128.75,-1.0,-0.4,-0.45,"3,601,937",0.0,3642859.22,3700128.97,4.68,6.91,1.85,0.21,147.29,122.42,147.29,-128.09,43.0
06/03/2026,1630,ABR,5.30,-2.21%,0.21,12.575,5.23,6.07,7.08,8.89,13.0,0.07,0.59,"4,356,096",-401162.16,4004659.15,3991171.57,-22.61,-29.33,-8.78,-7.83,9.62,5.05,9.62,7.17,40.0
06/03/2026,1630,ABT,86.99,+0.02%,1.26,139.06,81.97,86.2,93.09,115.95,-2.0,0.67,-0.88,"10,445,587",-100135.52,1.207346884E7,1.253879179E7,-11.68,-15.44,-2.06,1.62,113.6,82.16,-82.16,89.1,29.0
06/03/2026,1630,ACHC,25.73,+5.36%,1.14,30.1991,11.43,24.71,25.48,20.75,7.0,0.26,0.4,"3,127,605",-100568.24,2890085.14,2953595.3,-4.35,7.39,3.25,10.91,30.21,22.23,30.21,-22.08,39.0
06/03/2026,1630,ACHR,6.53,-3.12%,0.35,14.62,4.8,6.4,5.94,7.93,-2.0,-0.99,-0.56,"51,542,433",-100187.07,3.845042744E7,3.621225479E7,14.99,20.48,10.49,-4.11,7.62,5.45,7.04,7.04,46.0
06/03/2026,1630,ACI,15.71,+0.77%,0.54,22.78,15.36,16.16,16.61,17.54,2.0,-0.05,0.33,"5,254,194",-100131.16,6523361.72,6613134.37,-12.75,-9.97,-8.66,0.64,18.4,15.03,18.4,-15.02,32.0
06/03/2026,1630,ADBE,256.24,-2.24%,10.17,421.48,224.13,249.6,245.46,302.62,-1.0,0.85,-0.7,"4,857,893",300660.04,5068871.49,5552026.14,25.52,5.48,0.49,-1.15,285.62,224.37,-224.37,275.02,6.0
06/03/2026,1630,ADYEY,9.780,-5.23%,0.4,19.94,9.45,10.74,10.72,14.07,-6.0,-0.72,-0.46,"1,338,256",100000.16,1636499.7,1725744.03,-29.12,0.4,-10.85,-10.28,12.32,9.42,12.32,11.17,NaN
06/03/2026,1630,AFK,26.96,-2.60%,0.42,30.85,19.0,27.56,27.15,25.99,-1.0,-0.51,-0.51,"281,493",-300246.01,69911.11,86819.91,486.26,3.97,2.43,-2.56,29.32,24.51,29.32,-26.1,NaN
06/03/2026,1630,AFRM,66.27,-6.68%,3.06,100.0,42.095,67.58,60.53,67.25,-2.0,-0.81,-0.36,"5,310,893",-100679.54,5124307.37,5335008.01,-22.62,43.1,1.49,-10.02,71.17,42.46,-42.46,75.02,59.0
06/03/2026,1630,AGCO,119.62,+1.03%,2.41,143.78,98.6,115.4,116.67,113.81,2.0,0.32,0.64,"629,047",-100144.21,687797.44,707407.49,3.48,4.39,7.26,6.54,133.62,108.51,-108.51,-108.08,39.0
06/03/2026,1630,AHR,46.59,+0.45%,1.63,54.67,34.03,49.91,49.33,47.43,-6.0,-0.18,-0.14,"2,307,336",-100128.09,2371922.47,2557756.77,7.8,-3.12,-8.31,-4.7,54.59,47.45,54.59,52.16,44.0
06/03/2026,1630,AIQUY,41.70,+1.91%,0.76,44.415,36.169,41.42,42.05,40.01,1.0,0.26,0.49,"103,058",100000.03,190022.58,192824.67,-3.15,0.1,3.76,0.85,44.35,38.6,44.35,43.05,37.0
06/03/2026,1630,AKAM,160.36,+0.02%,5.87,165.45,69.78,147.29,121.77,95.81,4.0,0.8,0.35,"3,601,335",100355.1,5825651.1,5546564.11,-67.06,35.9,13.46,7.24,165.14,89.35,165.14,165.14,44.0
06/03/2026,1630,ALB,168.34,-2.00%,5.75,221.0,55.9,182.75,184.94,141.83,-1.0,0.0,-0.4,"1,710,222",-100466.19,2068725.14,2062461.14,-8.23,-5.47,-0.39,-4.58,221.18,155.51,221.18,219.16,39.0
06/03/2026,1630,ALCO,39.97,-1.38%,0.55,45.01,30.89,40.86,41.56,37.69,-4.0,-0.21,-0.39,"31,207",200200.52,23854.41,27422.67,135.1,-5.19,-0.99,-1.67,45.38,37.58,45.38,-40.12,47.0
06/03/2026,1630,ALGN,161.71,-2.99%,5.46,208.305,122.0,164.89,173.43,158.43,-2.0,-0.3,-0.62,"1,068,909",-100247.53,1010133.52,1146159.75,67.95,-5.21,4.22,-7.57,200.3,152.09,-152.09,178.03,39.0
06/03/2026,1630,ALLY,40.93,-2.94%,0.63,47.27,34.735,42.56,42.33,41.55,-3.0,-0.43,-0.37,"2,989,558",-100133.3,3275847.95,3520574.73,5.88,2.74,0.2,-4.39,47.3,36.57,47.3,-41.09,29.0
06/03/2026,1630,ALNY,292.58,+2.26%,5.53,495.55,283.1,294.61,307.82,383.39,-3.0,-0.76,-0.71,"987,490",-100042.04,1074164.49,1098440.69,1.19,-8.24,-0.58,-3.11,343.35,284.16,343.35,306.04,39.0
06/03/2026,1630,AMAT,500.77,+2.19%,25.07,508.2599,154.465,441.1,404.71,297.1,3.0,0.99,0.97,"8,923,296",100261.13,6768779.77,6803168.1,13.83,43.71,23.07,11.27,457.06,317.6,-317.6,-397.1,49.0
06/03/2026,1630,AMBA,73.80,-5.84%,6.52,96.69,48.3,80.7,67.22,72.33,-6.0,-0.64,0.0,"2,168,852",-101376.04,1098559.75,1059713.96,76.58,46.02,-3.77,2.24,96.06,48.45,96.06,-71.03,59.0
06/03/2026,1630,AMD,542.52,+4.02%,41.41,546.44,114.71,465.95,347.44,242.74,1.0,0.97,0.47,"29,054,300",300369.2,3.919521346E7,3.751767804E7,-4.5,149.43,31.03,5.12,507.06,189.6,-189.6,-393.1,42.0
06/03/2026,1630,AMG,311.61,+0.35%,5.18,334.78,179.04,302.69,293.23,275.64,2.0,0.59,0.55,"383,118",0.0,329530.32,347267.62,119.56,17.36,5.67,2.89,318.22,254.42,318.22,313.05,39.0
06/03/2026,1630,AMH,32.24,+0.50%,0.43,37.5,27.215,31.94,30.69,31.63,1.0,-0.73,0.28,"2,668,100",100128.04,3109750.26,3230117.02,-26.34,10.87,1.67,0.5,33.18,27.51,-27.51,33.02,40.0
06/03/2026,1630,AMLP,52.59,-0.27%,1.0,55.22,44.64,53.39,52.89,49.53,2.0,-0.13,0.14,"1,456,904",-100016.44,1588022.44,1580494.52,24.08,0.42,-4.1,1.92,55.09,51.32,55.09,-52.03,NaN
06/03/2026,1630,AMN,30.31,+0.20%,1.41,31.65,14.865,27.95,22.96,19.72,5.0,0.75,0.39,"1,309,286",200472.17,1012864.73,1026710.47,-0.2,66.54,12.59,4.63,32.16,17.42,32.16,32.16,44.0
06/03/2026,1630,AMPH,18.12,-1.79%,0.69,31.2641,16.645,18.8,20.15,24.61,-3.0,-0.6,-0.75,"509,323",100060.09,590350.57,609647.51,-47.56,-11.39,1.68,-3.87,24.18,17.11,-17.11,20.04,44.0
06/03/2026,1630,AMZN,250.02,-2.53%,6.09,278.56,196.0,266.44,249.54,231.93,-3.0,-0.5,-0.17,"51,121,820",-100334.24,4.489358824E7,4.508559166E7,28.86,19.19,-3.59,-7.62,279.2,199.46,279.2,275.03,40.0
06/03/2026,1630,AN,190.25,-0.44%,4.54,228.9166,176.62,192.0,196.98,205.66,3.0,0.33,0.69,"289,015",-100334.23,381920.44,406249.29,-7.35,-3.76,6.53,1.35,218.22,177.09,-177.09,-177.09,40.0
06/03/2026,1630,AQWA,18.6409,+0.06%,0.17,20.92,18.25,18.77,19.13,19.45,2.0,0.32,0.58,"4,285",0.0,9905.85,27302.9,27.08,-2.53,1.78,-0.13,20.62,18.09,-18.09,-18.09,NaN
06/03/2026,1630,AR,36.53,+0.74%,1.1,45.75,29.1,36.76,38.44,35.25,4.0,0.11,0.67,"4,256,216",0.0,5057074.35,5464493.71,-24.32,-9.69,-6.29,2.18,46.45,35.04,-35.04,-35.04,39.0
06/03/2026,1630,ARE,51.27,-2.79%,2.08,88.236,39.41,47.8,46.14,57.93,-1.0,0.88,-0.68,"2,442,850",100852.02,2322220.36,2275058.91,42.21,18.6,11.85,3.2,53.62,39.25,-39.25,-45.12,41.0
06/03/2026,1630,ARGT,94.75,-3.12%,3.77,103.9699,66.49,92.23,92.1,87.53,-2.0,-0.77,-0.84,"164,672",100032.24,292648.29,271269.61,-59.69,0.92,7.48,-3.02,97.39,85.61,-85.61,99.02,NaN
06/03/2026,1630,ARHS,6.51,-0.31%,0.37,12.63,5.57,6.37,6.79,9.1,-3.0,0.54,-0.63,"1,346,743",-100165.13,1377850.29,1383954.93,-17.01,2.04,12.63,-3.84,8.3,6.09,-6.09,-6.09,44.0
06/03/2026,1630,ARKK,78.16,-2.19%,2.48,92.65,55.64,78.03,74.97,78.05,-2.0,-0.8,-0.56,"5,149,944",100150.51,8722317.16,9354610.12,-31.12,14.0,5.85,-4.62,81.16,63.45,-63.45,82.03,NaN
06/03/2026,1630,ARQQ,14.64,-10.02%,1.77,62.0,11.52,15.12,14.43,25.11,-4.0,-0.96,-0.53,"731,175",200526.08,482931.91,419246.6,80.07,4.8,20.3,-11.33,19.07,12.45,19.07,19.07,130.0
06/03/2026,1630,AS,34.36,-2.97%,1.23,42.76,28.92,34.99,34.79,35.62,-5.0,-0.55,-0.58,"4,505,528",-200151.11,4350990.97,4532248.46,4.87,2.87,1.57,-3.43,38.32,31.51,38.32,38.05,52.0
06/03/2026,1630,ASBFF,25.76,0.00%,2.36,31.08,23.18,27.04,28.05,25.16,1.0,0.29,0.37,<empty>,NaN,2186.16,2774.45,-72.45,-11.17,-3.38,6.01,31.09,23.04,-23.04,-23.04,NaN
06/03/2026,1630,ASO,51.79,+0.80%,1.6,62.445,41.29,52.04,54.43,52.98,-4.0,-0.3,-0.6,"1,979,215",-200851.55,1314764.44,1459767.69,18.22,-9.69,5.16,-1.91,62.59,48.1,-48.1,56.04,4.0
06/03/2026,1630,ATRO,83.51,-2.45%,2.89,90.65,27.2701,81.55,75.61,61.23,-4.0,-0.64,-0.58,"419,895",101060.15,514852.22,556020.26,-75.5,19.57,5.2,-4.01,86.09,61.45,91.04,91.04,40.0
06/03/2026,1630,AVB,183.19,-0.10%,1.55,209.86,160.095,184.82,176.84,180.61,1.0,-0.65,0.21,"758,187",-200121.09,1030694.04,1027073.46,-20.07,10.34,-1.04,0.37,188.15,160.44,188.05,188.05,39.0
06/03/2026,1630,AVGO,479.23,-0.49%,22.9,495.0,241.11,430.69,395.06,354.78,7.0,0.78,0.73,"46,220,535",-200366.01,2.210624517E7,2.456962757E7,172.19,52.35,16.58,7.27,442.13,290.45,-290.45,-405.14,0.0
06/03/2026,1630,AVO,11.08,+2.78%,0.54,15.53,10.08,12.05,13.21,12.73,2.0,0.01,0.37,"1,097,030",-400260.04,1047710.95,1028626.2,58.89,-23.27,-9.4,-0.54,16.39,11.03,16.39,14.16,3.0
06/03/2026,1630,AVTR,9.07,+0.89%,0.61,15.93,7.265,8.29,8.11,10.71,-2.0,1.0,-0.95,"6,709,257",100357.1,9365832.65,9695439.45,-26.5,14.81,18.72,-0.55,9.62,7.46,-7.46,9.03,40.0
06/03/2026,1630,AWI,153.21,+0.24%,2.6,206.0799,149.06,158.34,166.0,183.74,-4.0,-0.36,-0.55,"588,087",100132.26,426994.49,490770.36,48.45,-7.16,0.25,-2.97,183.3,152.1,183.3,166.17,37.0
06/03/2026,1630,AXP,300.57,-3.34%,3.59,387.49,286.15,312.59,313.97,337.09,-2.0,-0.57,-0.35,"3,934,619",100039.52,3119739.36,3329404.47,32.61,0.13,-2.83,-5.02,340.32,291.51,340.32,320.17,35.0
06/03/2026,1630,AZO,3061.65,+1.07%,183.36,4388.11,2928.11,3282.84,3409.25,3705.12,3.0,0.01,0.2,"394,955",-100237.04,250341.71,227594.68,40.23,-9.97,-8.53,4.31,3785.62,2932.03,3785.62,-2928.02,76.0
06/03/2026,1630,B,41.86,-3.10%,1.02,54.69,19.57,42.3,41.35,39.78,-1.0,-0.57,-0.61,"11,026,517",100647.17,1.243421016E7,1.30111045E7,-25.98,0.53,5.97,-1.62,48.16,36.51,48.16,-39.1,47.0
06/03/2026,1630,BA,210.58,-3.27%,5.45,254.3499,176.77,225.79,220.42,219.26,-3.0,-0.41,-0.25,"9,074,744",-100639.14,6756968.85,7121673.48,21.99,1.13,-2.06,-8.9,244.13,188.45,244.13,244.13,37.0
06/03/2026,1630,BABA,127.21,-2.76%,4.4,192.67,103.71,133.5,131.27,149.69,3.0,-0.45,0.34,"8,610,896",201052.15,1.088004414E7,1.149309868E7,-78.59,4.23,-6.21,2.41,147.14,118.4,147.14,-123.03,59.0
06/03/2026,1630,BAC,52.40,-0.15%,0.82,57.55,43.6649,51.32,51.49,51.91,4.0,0.59,0.54,"47,986,328",100043.52,3.551363705E7,3.79023184E7,60.82,6.12,3.35,1.55,55.34,46.52,55.34,-49.12,27.0
06/03/2026,1630,BALL,52.83,-1.71%,1.25,68.29,44.83,56.22,59.25,55.21,-4.0,0.0,-0.4,"2,470,687",-100230.04,2680926.62,2542165.93,18.97,-11.91,-4.14,-3.37,65.32,54.03,65.32,60.17,42.0
06/03/2026,1630,BBN,16.03,0.00%,0.19,17.45,15.47,15.9,16.03,16.45,10.0,0.6,0.86,"194,558",-100100.2,187919.08,194099.78,205.82,-0.19,3.29,-0.06,16.62,15.1,-15.1,-15.1,NaN
06/03/2026,1630,BBWI,18.02,-3.74%,1.26,33.96,14.275,18.37,18.62,22.16,-3.0,-0.56,-0.64,"4,510,661",-200063.06,6315998.15,6269831.76,-12.78,-2.96,11.86,-9.99,24.62,16.09,-16.09,21.05,58.0
06/03/2026,1630,BBY,71.73,-1.44%,7.28,84.99,55.1,63.04,62.68,69.8,-2.0,1.0,-0.8,"5,798,873",300542.04,4252709.47,4390065.21,95.03,11.21,20.98,-7.98,68.3,55.14,-55.14,78.03,58.0
06/03/2026,1630,BCO,100.88,-2.03%,1.88,136.37,83.02,105.24,105.93,114.29,-4.0,-0.61,-0.48,"376,987",0.0,459833.26,490122.43,-63.45,-2.36,-1.39,-3.02,124.62,96.51,-96.51,-99.14,43.0
06/03/2026,1630,BDRY,12.62,-2.47%,0.27,13.34,5.3342,12.75,11.64,9.82,-2.0,-0.65,-0.43,"52,219",0.0,95591.71,163147.21,-71.32,20.77,-0.24,-2.47,13.15,10.45,13.15,13.15,NaN
06/03/2026,1630,BEAM,29.55,+2.04%,2.08,36.44,15.6,30.12,28.61,26.21,-3.0,-0.54,-0.48,"1,151,039",-201095.28,2125756.37,2044546.31,-59.24,19.83,12.23,-10.26,34.16,22.45,34.16,-26.1,42.0
06/03/2026,1630,BEPC,38.57,-2.03%,1.35,45.18,29.135,37.75,39.22,39.18,-3.0,-0.59,-0.85,"2,210,969",-200342.23,1528737.34,1532553.74,49.21,-6.66,6.72,-3.53,44.33,34.21,-34.21,-36.12,40.0
06/03/2026,1630,BIDU,132.68,-2.95%,4.21,165.3,83.3003,136.59,125.58,126.27,6.0,-0.52,0.4,"1,893,083",-100260.13,2329859.56,2336297.18,-62.61,19.57,-3.63,-1.94,152.14,106.45,152.14,-125.06,53.0
06/03/2026,1630,BIO,304.83,-0.42%,21.01,343.12,218.14,278.4,279.94,293.79,-4.0,1.0,-0.76,"324,453",100339.12,390845.03,368201.92,-23.82,8.87,8.46,-2.45,313.3,237.14,320.04,320.04,40.0
06/03/2026,1630,BIP,38.82,+0.03%,0.49,40.32,29.63,38.46,37.04,35.35,-8.0,-0.74,-0.45,"775,500",-100328.25,901580.03,972993.75,4.74,6.33,1.04,-0.56,40.08,33.24,40.08,40.08,39.0
06/03/2026,1630,BIRK,42.21,-2.76%,5.17,57.2,31.12,38.92,38.16,41.44,-3.0,-0.99,-0.8,"3,845,321",100850.09,2523230.03,2475565.42,-56.96,21.92,29.88,-6.35,44.06,31.12,-31.12,46.03,49.0
06/03/2026,1630,BITO,8.90,-2.94%,0.59,23.49,8.61,10.45,10.24,13.58,-16.0,-0.54,-0.21,"238,823,376",-200248.01,1.2228024768E8,1.2466996463E8,120.99,-3.37,-15.08,-11.18,11.16,9.46,11.16,11.16,NaN
06/03/2026,1630,BJ,89.18,+0.70%,4.94,115.43,83.65,91.37,93.49,94.38,4.0,0.07,0.42,"2,182,420",-200232.06,2148735.1,2164966.64,14.48,-9.06,-8.68,4.57,102.46,84.05,-84.05,-84.05,53.0
06/03/2026,1630,BJRI,43.85,-1.13%,1.74,47.9899,28.46,43.48,39.79,37.46,-3.0,-0.91,-0.54,"323,166",100943.2,350757.71,373250.59,-18.23,22.35,4.11,-6.8,45.07,33.56,-33.56,48.03,40.0
06/03/2026,1630,BKNG,164.78,-1.45%,5.82,233.576544,150.14,162.25,170.04,193.89,-2.0,0.68,-0.73,"6,948,319",0.0,7552202.94,7893801.42,1.74,-1.78,6.63,-1.58,194.3,150.09,-150.09,171.02,39.0
06/03/2026,1630,BKV,26.92,+0.64%,1.07,32.81,19.56,27.97,28.48,26.58,3.0,0.01,0.25,"548,122",-100056.52,909920.78,1013690.28,-20.21,-2.57,-8.75,1.43,32.2,26.03,32.2,-26.03,48.0
06/03/2026,1630,BLDR,74.26,-1.47%,2.93,151.03,65.1,74.34,80.08,106.95,-3.0,0.46,-0.6,"2,221,021",-300068.04,2554656.24,2629397.97,-20.1,-6.14,11.85,-2.62,99.62,65.09,-65.09,-65.09,39.0
06/03/2026,1630,BLK,990.87,-2.76%,29.65,1219.9399,917.39,1063.11,1033.85,1075.47,-5.0,-0.55,-0.15,"790,949",0.0,681803.87,781184.35,-3.92,2.52,-4.38,-5.35,1111.13,917.57,1111.13,1111.13,28.0
06/03/2026,1630,BLMN,7.49,-4.10%,0.28,10.7,5.19,8.02,6.79,6.81,-3.0,-0.7,-0.23,"1,620,104",101578.2,2460090.53,2847163.62,-45.35,36.43,-1.58,-11.26,9.16,5.45,-5.45,9.03,43.0
06/03/2026,1630,BLOK,66.11,-2.62%,2.45,75.89,46.9,64.88,59.52,60.85,-2.0,-0.91,-0.57,"692,854",-100043.07,322475.02,321280.68,493.6,31.51,8.84,-2.72,66.13,47.45,-47.45,69.02,NaN
06/03/2026,1630,BNDD,98.409,-0.08%,0.76,102.28,94.64,97.59,97.86,98.24,-1.0,0.71,-0.6,134,-100020.3,285.29,305.04,91.12,0.12,2.31,0.86,100.6,96.1,-96.1,-96.1,NaN
06/03/2026,1630,BNO,53.94,+1.99%,2.53,60.81,27.14,54.51,52.95,36.94,3.0,0.05,0.27,"2,617,823",-200395.51,5253587.39,6390095.78,52.84,-0.33,-8.28,6.62,61.21,39.59,61.21,-50.03,NaN
06/03/2026,1630,BOOT,170.69,-0.70%,12.1,210.25,133.1797,157.42,157.96,177.27,-1.0,0.83,-0.94,"684,794",-200849.13,759112.36,740111.89,-44.63,26.29,20.59,0.48,186.62,133.42,-133.42,-138.1,40.0
06/03/2026,1630,BP,43.68,+0.65%,1.42,48.27,28.825,43.85,45.36,38.48,3.0,0.06,0.39,"5,122,120",-200239.44,1.195154814E7,1.381167867E7,7.59,-7.3,-5.33,4.32,48.44,39.62,48.44,-41.04,42.0
06/03/2026,1630,BRBR,8.86,-1.99%,0.32,63.34,8.1,9.25,13.28,24.91,16.0,0.34,0.73,"4,084,697",100988.2,4495857.7,4341692.25,-27.09,-46.69,-0.34,5.98,19.54,8.03,19.54,-8.02,41.0
06/03/2026,1630,BRCB,7.01,-4.23%,0.68,30.4,6.13,8.36,11.37,NaN,-2.0,0.33,-0.58,"701,597",-200780.14,604003.71,626638.12,-74.35,-46.81,4.94,-15.75,18.54,6.08,-6.08,-6.08,47.0
06/03/2026,1630,BRKR,62.70,+9.40%,6.88,63.015,28.53,47.83,41.49,40.64,1.0,1.0,1.0,"4,415,844",200862.04,2338480.51,2331830.53,-27.9,70.57,47.22,6.47,47.06,32.55,-32.55,-42.09,42.0
06/03/2026,1630,BROS,56.60,-2.18%,2.67,77.88,44.58,54.01,53.71,56.61,-2.0,0.76,-0.82,"2,845,017",-100158.19,4150484.44,4086546.33,-14.06,12.41,7.26,-2.41,60.19,45.46,60.19,59.02,43.0
06/03/2026,1630,BTAL,11.56,+0.70%,0.37,18.98,11.44,11.97,12.66,14.33,1.0,-0.27,0.46,"549,990",-300160.3,867265.55,954464.75,-6.0,-17.31,-8.47,0.09,15.6,11.03,15.6,13.1,NaN
06/03/2026,1630,BTC,28.91,-2.73%,1.87,55.96,27.545,33.85,33.06,39.61,-16.0,-0.51,-0.27,"1,993,395",0.0,2169755.05,2666446.54,30.43,-2.5,-14.82,-10.99,36.16,29.46,36.16,36.16,NaN
06/03/2026,1630,BTC-USD,-83.33,-0.57%,8.29,18.475,-87.67,-64.88,-45.05,-19.1,-7.0,0.0,-0.19,"1,153,969",-100367.1,977055.08,934842.99,3.39,301.2,45.45,19.66,-11.55,-73.97,-12.0,-53.0,NaN
06/03/2026,1630,BTI,58.62,-3.04%,2.42,67.3,45.755,62.99,59.95,57.4,-11.0,-0.39,0.0,"4,308,986",100330.16,3999994.96,4310736.91,-39.37,0.58,-11.26,-5.13,67.13,55.3,67.13,67.13,39.0
06/03/2026,1630,BUD,79.04,-1.91%,1.41,84.46,56.97,81.21,76.29,68.26,-5.0,-0.59,-0.29,"1,883,683",100127.21,1796565.77,1934754.5,50.62,10.86,-3.5,-1.19,84.07,67.51,84.05,84.05,39.0
06/03/2026,1630,BULL,5.90,-4.99%,0.42,18.32,4.5,6.74,6.28,8.79,-2.0,-0.46,-0.1,"18,506,434",-200593.09,1.382917E7,1.369561614E7,106.67,22.41,-15.71,-7.81,8.3,5.42,8.3,7.13,49.0
06/03/2026,1630,BURL,328.70,+2.38%,14.81,351.85,218.52,307.47,320.2,293.34,2.0,0.59,0.88,"1,060,736",300841.04,804810.13,864260.4,26.32,-0.01,14.89,1.5,352.31,280.04,-280.04,-280.04,58.0
06/03/2026,1630,BUXX,20.22,+0.05%,0.02,20.46,20.18,20.24,20.25,20.29,1.0,-0.27,0.45,"380,711",-100000.5,382700.24,405832.55,66.83,-0.02,-0.1,0.0,20.49,20.45,-20.45,-20.04,NaN
06/03/2026,1630,BXP,60.90,-0.51%,0.82,79.33,49.72,59.73,57.04,65.17,2.0,0.92,0.36,"1,019,655",0.0,1720176.4,1913003.42,-29.65,17.61,3.8,1.48,61.06,50.6,-50.6,-57.12,38.0
06/03/2026,1630,BYD,86.94,+2.33%,2.88,89.96,72.71,82.15,83.99,83.68,10.0,0.64,1.0,"1,234,475",100230.28,959564.06,973840.89,19.63,3.82,11.33,5.15,89.28,77.6,89.28,88.02,35.0
06/03/2026,1630,BYDDF,11.8336,-3.24%,0.31,18.95,11.2,12.19,12.98,12.98,8.0,0.12,0.67,"84,621",-200100.1,199112.68,213058.72,-43.2,-11.43,-1.39,1.53,15.36,11.09,-11.09,-11.09,NaN
06/03/2026,1630,C,129.93,-1.01%,2.85,135.29,75.66,125.87,124.37,110.94,10.0,0.45,0.55,"11,142,696",-100048.52,1.185705303E7,1.275908389E7,54.61,12.74,8.3,3.2,135.3,102.6,135.3,-120.1,27.0
06/03/2026,1630,CACC,541.58,-0.07%,8.53,579.795,401.9,545.1,505.97,483.04,-3.0,-0.84,-0.23,"98,143",0.0,143770.34,173488.98,-27.94,30.03,-1.16,-5.59,565.19,405.43,-405.43,580.03,40.0
06/03/2026,1630,CAG,12.58,-2.18%,0.36,22.81,12.55,13.59,14.35,17.12,-3.0,-0.29,-0.54,"17,883,822",-500437.37,1.486812688E7,1.521682202E7,43.19,-19.97,-9.69,-5.27,19.6,13.03,19.6,14.17,24.0
06/03/2026,1630,CAH,195.85,+0.50%,2.41,233.6,137.75,194.24,202.31,193.55,-7.0,-0.52,-0.7,"1,212,402",200030.13,1989376.3,2005479.67,-57.44,-8.5,-2.26,-0.48,223.59,180.14,-180.14,204.1,52.0
06/03/2026,1630,CAKE,64.88,+0.60%,2.78,69.7,43.07,61.73,60.24,56.7,-2.0,0.67,-0.8,"850,164",-100339.24,1123556.23,1183395.52,-49.99,17.47,10.96,-1.76,65.23,53.46,-53.46,67.03,38.0
06/03/2026,1630,CAMT,183.45,-2.17%,9.7,215.99,68.63,175.55,176.02,135.16,2.0,0.3,0.83,"294,195",100480.02,470732.27,466789.33,-69.63,16.31,21.24,6.87,216.16,141.44,216.16,-148.1,48.0
06/03/2026,1630,CANE,9.68,-1.02%,0.2,11.31,8.97,9.89,9.84,9.83,3.0,-0.32,0.44,"330,949",100142.22,758266.0,683338.17,-10.3,-4.54,-4.16,1.26,11.47,9.32,-9.32,-9.04,NaN
06/03/2026,1630,CARR,67.58,+1.75%,1.63,81.09,50.24,65.07,62.22,59.49,8.0,0.51,0.52,"6,224,338",100542.24,6806931.93,6908084.81,70.03,21.31,9.99,5.81,69.23,54.45,-54.45,-61.08,37.0
06/03/2026,1630,CASY,774.19,+2.65%,41.73,901.0,433.63,827.88,788.35,632.37,2.0,0.0,0.12,"544,664",100129.4,626891.58,599882.61,40.18,4.14,-9.15,0.92,901.13,627.6,901.13,-739.02,4.0
06/03/2026,1630,CAT,926.18,+1.80%,21.84,936.71,345.85,894.79,827.23,642.89,2.0,0.49,0.45,"2,460,998",-100141.04,2444291.66,2536601.43,25.74,29.13,7.68,5.74,931.18,663.6,-663.6,-846.1,42.0
06/03/2026,1630,CAVA,71.33,-1.53%,3.17,98.79,43.41,78.64,83.97,68.8,-5.0,0.0,-0.42,"2,889,281",-100759.1,3028293.9,3015355.12,-8.39,-10.42,-8.69,-8.15,99.3,72.14,99.3,89.09,55.0
06/03/2026,1630,CBRL,33.12,-3.07%,2.11,71.93,24.85,31.7,30.23,34.26,-2.0,-0.85,-0.48,"593,840",0.0,1002100.92,1076385.64,-24.56,14.64,14.8,-2.07,35.62,26.46,36.05,36.05,4.0
06/03/2026,1630,CCK,94.50,-1.30%,1.38,116.62,89.21,97.79,100.7,100.94,-1.0,-0.18,-0.54,"843,652",-100134.26,1112376.52,1134147.6,-26.24,-8.04,-0.78,-0.61,111.62,94.09,111.62,-94.02,32.0
06/03/2026,1630,CCL,27.17,-1.70%,1.32,34.03,22.1119,26.3,26.52,28.5,-3.0,-0.7,-0.7,"18,187,372",100058.21,2.818124148E7,2.912258202E7,-21.18,5.97,13.73,-3.17,30.32,23.09,-23.09,28.03,14.0
06/03/2026,1630,CCRN,13.12,+0.23%,0.02,14.99,7.43,12.95,11.09,10.8,-15.0,-0.84,-0.23,"283,341",-100156.09,662694.11,683035.42,-58.44,42.92,0.15,0.23,13.17,9.53,13.17,-13.07,43.0
06/03/2026,1630,CELH,30.01,-1.74%,1.39,66.74,27.66,30.64,32.91,46.68,-3.0,-0.44,-0.68,"7,483,479",-100171.17,8823696.92,8219208.75,-51.98,-11.94,3.02,-9.8,47.62,28.14,-28.14,-28.14,46.0
06/03/2026,1630,CF,116.60,+2.75%,4.81,141.96,75.415,120.48,123.38,97.68,2.0,0.01,0.29,"2,426,145",-100164.52,3584021.02,4642412.07,-20.09,-10.29,-8.81,3.78,142.45,106.62,142.45,-111.03,43.0
06/03/2026,1630,CFG,61.53,-1.25%,0.89,68.79,39.695,62.36,62.74,57.88,-1.0,-0.39,-0.42,"3,302,817",100233.04,4382394.08,4562612.97,1.36,0.89,0.33,-1.17,67.3,55.56,67.3,-60.12,29.0
06/03/2026,1630,CFLT,30.99,0.00%,0.09,31.0,15.64,30.72,30.56,24.82,1.0,0.14,0.28,<empty>,-300008.27,1.344598214E7,1.260758761E7,68.88,1.87,0.94,0.91,31.08,30.57,-30.57,-31.11,32.0
06/03/2026,1630,CFRUY,20.7400,-2.29%,0.67,22.15,15.58,20.3,19.35,19.62,-3.0,-0.99,-0.57,"308,477",-100100.58,509775.32,566703.67,-33.89,16.13,6.74,-3.53,21.32,16.51,-16.51,22.03,112.0
06/03/2026,1630,CG,42.24,-5.06%,1.69,69.848,41.5401,46.94,48.11,55.69,-1.0,-0.28,-0.29,"5,313,789",-200046.01,3251211.34,3343184.19,113.84,-9.26,-7.21,-7.02,54.3,44.08,54.3,51.16,43.0
06/03/2026,1630,CHD,92.89,-3.38%,1.3,106.04,81.33,95.16,94.81,91.78,-4.0,-0.34,-0.51,"2,403,820",-200227.04,2004391.08,2065278.35,-21.01,0.04,-2.99,-2.87,103.6,90.16,-90.16,99.05,40.0
06/03/2026,1630,CHDN,86.00,-1.80%,1.57,118.455,80.24,87.0,89.96,97.51,-1.0,-0.39,-0.63,"606,250",200238.28,952974.12,1001827.14,-31.42,-3.45,-0.84,-1.39,103.27,80.6,103.27,91.02,39.0
06/03/2026,1630,CHEF,77.69,+0.01%,1.42,82.8112,53.2,78.71,70.62,64.41,3.0,-0.5,0.16,"272,684",101441.25,458157.86,460097.03,-30.77,34.9,0.8,1.5,83.17,57.42,83.17,-75.08,38.0
06/03/2026,1630,CHH,106.56,-3.54%,3.23,136.45,84.035,108.89,109.47,104.29,-5.0,-0.43,-0.58,"686,097",100138.23,629558.65,629542.02,23.11,2.59,0.38,-2.13,124.3,94.58,124.3,118.05,43.0
06/03/2026,1630,CHPT,7.61,-6.85%,0.65,17.78,4.44,6.9,6.25,8.0,-1.0,-0.99,-0.56,"857,220",100597.36,529020.4,525019.31,137.8,58.54,24.14,0.26,8.06,4.45,-4.45,-6.09,0.0
06/03/2026,1630,CHRD,140.62,+1.91%,5.69,151.945,84.245,140.78,139.34,109.68,3.0,0.06,0.41,"485,122",200347.4,838190.38,996733.68,-2.9,-0.97,-6.03,6.64,152.11,115.62,152.11,-130.03,43.0
06/03/2026,1630,CHTR,129.01,-8.03%,4.77,422.29,128.8,145.77,184.45,218.89,-3.0,-0.24,-0.67,"4,392,121",100450.24,3009958.79,2689441.29,11.36,-41.3,-9.47,-10.44,254.28,137.12,254.28,162.17,35.0
06/03/2026,1630,CHWY,21.04,-2.00%,0.78,48.62,19.3,21.71,24.39,31.03,-2.0,0.49,-0.76,"7,029,001",-100977.11,8710862.3,8506066.04,-29.36,-21.7,7.02,-6.65,29.3,19.09,-19.09,-19.09,5.0
06/03/2026,1630,CI,270.73,-0.73%,6.64,338.8899,239.51,284.89,279.08,282.01,-4.0,-0.33,-0.18,"1,408,019",-100036.52,1589689.66,1657963.5,-36.7,0.26,-7.06,-2.4,303.14,258.45,303.14,303.14,39.0
06/03/2026,1630,CLOX,25.505,-0.02%,0.03,25.71,25.35,25.56,25.55,25.54,-2.0,-0.69,-0.33,"87,874",-300000.51,139691.72,189962.53,-15.81,0.06,-0.25,-0.31,26.23,25.57,26.23,26.04,NaN
06/03/2026,1630,CLOZ,26.355,-0.02%,0.05,26.9499,25.23,26.43,26.14,26.43,-2.0,-0.79,-0.44,"151,129",100100.03,313064.15,367817.46,-18.27,2.99,-0.32,-0.62,27.07,25.62,-25.62,27.02,NaN
06/03/2026,1630,CLX,88.53,-1.23%,2.84,132.03,84.7,92.13,96.99,109.41,-5.0,-0.34,-0.57,"2,464,274",-200134.22,2912984.12,2769246.48,-27.97,-12.47,-4.36,-1.66,117.59,85.2,-85.2,-88.02,40.0
06/03/2026,1630,CMCSA,23.52,-5.35%,0.41,34.3580131208997,23.43,25.08,27.01,28.36,-2.0,-0.14,-0.48,"43,252,286",100040.52,2.985880619E7,3.277808241E7,29.29,-15.79,-5.16,-5.43,32.62,25.14,32.62,26.17,39.0
06/03/2026,1630,CMG,28.74,-1.78%,1.41,58.42,28.16,32.16,33.01,36.47,-5.0,-0.21,-0.13,"25,836,799",-300542.03,1.649215237E7,1.678960391E7,95.18,-13.33,-13.01,-9.79,37.62,31.45,37.62,34.1,39.0
06/03/2026,1630,CMI,682.33,+1.44%,21.18,718.08,307.905,677.2,633.87,527.75,2.0,0.41,0.32,"894,895",-300339.04,878781.18,876240.97,-1.55,24.13,3.47,5.52,718.18,510.45,718.18,-628.07,42.0
06/03/2026,1630,CNA,41.91,-0.78%,0.97,50.72,41.53,43.26,45.49,46.57,2.0,-0.07,0.52,"436,007",-100846.22,457115.34,470001.3,-33.07,-9.36,-5.29,-0.36,49.62,42.03,49.62,-42.02,41.0
06/03/2026,1630,CNC,59.55,-0.73%,1.11,62.095,25.075,58.32,47.29,40.16,-2.0,-0.75,-0.2,"3,921,849",200750.25,6055353.2,6427658.76,-39.36,69.61,0.68,-0.08,61.09,32.45,-32.45,62.02,37.0
06/03/2026,1630,CNH,11.04,+0.82%,0.31,14.27,9.0,10.55,10.67,10.73,2.0,0.38,0.79,"10,367,112",100449.24,1.611496616E7,1.571492078E7,-9.35,3.66,7.92,8.13,12.37,10.52,12.37,-10.02,39.0
06/03/2026,1630,CNX,33.57,+0.75%,1.35,43.62,27.72,35.29,37.52,36.18,2.0,0.01,0.41,"1,898,444",-100043.52,1885538.06,2027165.61,20.54,-13.28,-10.17,-0.36,44.61,34.04,44.61,38.1,34.0
06/03/2026,1630,COAL,27.7747,-0.70%,1.3,29.1,16.61,25.81,26.17,24.16,-1.0,0.6,-0.99,"26,893",-200246.34,180280.26,172743.57,-55.0,0.23,12.95,5.05,29.45,25.09,-25.09,-25.09,NaN
06/03/2026,1630,COCO,75.18,+0.98%,1.53,79.7,31.79,75.29,61.48,51.42,-21.0,-0.67,0.0,"1,030,343",-100262.24,1483370.85,1409527.63,-41.57,55.85,-1.66,0.07,80.11,45.44,80.11,80.11,38.0
06/03/2026,1630,COF,177.62,-3.38%,2.83,259.635,174.98,186.23,189.37,211.44,-3.0,-0.45,-0.46,"4,853,737",100136.04,4430950.2,4724198.06,5.16,-2.36,-2.42,-5.49,211.32,175.46,211.32,193.17,33.0
06/03/2026,1630,COIN,163.22,-6.19%,11.35,444.645,139.36,191.16,187.73,246.18,-2.0,-0.65,-0.25,"9,441,997",0.0,1.006827256E7,1.066173113E7,12.81,-4.81,-15.63,-13.65,222.13,158.45,222.13,222.13,40.0
06/03/2026,1630,COM,33.80,-0.76%,0.38,35.62,27.4615,34.51,33.98,30.97,-1.0,0.0,-0.03,"65,230",200018.44,191734.86,211481.47,-84.06,1.23,-3.24,-0.62,36.14,32.62,36.14,36.14,NaN
06/03/2026,1630,COP,119.05,+1.87%,3.52,135.87,85.231,118.25,122.49,104.11,3.0,0.04,0.64,"6,865,597",100039.52,8233846.63,9119017.28,14.86,-8.79,-4.84,4.45,136.45,112.32,-112.32,-113.03,44.0
06/03/2026,1630,COPJ,45.27,-4.49%,1.89,53.945,22.96,43.97,42.04,38.82,-1.0,0.63,-0.68,"66,868",0.0,108300.43,125683.17,-63.16,14.67,10.85,1.55,48.14,34.51,48.14,-40.1,NaN
06/03/2026,1630,COPX,90.25,-3.64%,3.93,99.99,41.51,86.45,82.45,72.22,-1.0,0.65,-0.7,"4,296,379",100454.16,3974259.83,4280185.23,-30.73,17.42,13.71,2.39,93.14,68.51,-68.51,-78.1,NaN
06/03/2026,1630,CORN,17.47,-1.36%,0.35,19.13,16.61,18.34,18.33,17.86,-4.0,0.0,0.0,"678,096",-200124.38,942822.01,1020053.31,15.82,-3.96,-6.78,-2.57,19.14,18.37,19.14,19.14,NaN
06/03/2026,1630,COST,961.83,+0.79%,47.92,1096.5,844.06,1015.25,1006.42,957.1,1.0,-0.08,0.04,"2,160,866",-200325.04,2027428.11,1978954.88,30.6,-5.23,-12.11,0.58,1097.1,945.03,1097.1,-937.02,78.0
06/03/2026,1630,CP,89.12,-1.14%,1.9,91.5,68.421,87.27,84.04,77.95,-1.0,-0.6,-0.56,"2,743,458",100027.05,3020885.28,2854563.62,45.87,12.85,3.47,-0.22,89.06,76.44,-76.44,-84.15,39.0
06/03/2026,1630,CPAY,352.25,-2.10%,10.04,367.434,252.84,342.69,322.0,310.59,-2.0,-0.97,-0.56,"628,861",0.0,541665.82,593796.96,12.8,20.08,2.65,-2.64,355.1,281.51,-281.51,367.02,43.0
06/03/2026,1630,CPER,39.42,-2.91%,0.77,40.78,27.08,38.95,36.97,33.78,-1.0,-0.78,-0.48,"1,163,137",-100035.13,759825.81,808907.55,-11.14,14.69,4.76,1.44,41.14,32.51,41.14,-37.1,NaN
06/03/2026,1630,CPNG,16.42,-1.85%,0.46,34.075,15.03,16.29,18.48,23.91,15.0,0.44,0.82,"15,305,600",-100247.2,2.09557782E7,2.137723353E7,-33.33,-13.35,7.6,-1.08,22.32,15.09,-15.09,-15.09,42.0
06/03/2026,1630,CPRI,18.44,+0.88%,0.65,28.265,16.22,18.15,18.84,21.26,-4.0,0.46,-0.7,"3,617,448",-100556.04,3060343.11,3039037.59,33.39,2.67,7.84,-0.38,22.3,17.45,22.3,20.04,43.0
06/03/2026,1630,CPT,108.89,+2.63%,1.69,119.0,96.53,105.79,103.18,105.33,1.0,0.88,0.61,"1,032,282",-300026.19,1171107.48,1149449.53,45.26,8.07,3.65,2.19,109.62,97.46,-97.46,-103.12,40.0
06/03/2026,1630,CRCL,90.13,-10.63%,7.72,298.99,49.9,112.73,104.22,102.08,-3.0,-0.25,-0.24,"16,046,680",101206.17,1.570181987E7,1.648817506E7,-17.43,-0.14,-18.82,-20.24,140.15,84.42,140.15,140.15,47.0
06/03/2026,1630,CRI,38.92,-2.21%,2.03,44.44,23.3805,36.59,36.26,33.54,-1.0,0.64,-0.85,"875,296",-100252.52,1061903.63,1116338.86,-28.89,8.38,8.9,0.86,41.3,32.6,41.04,41.04,35.0
06/03/2026,1630,CRM,190.61,-5.09%,10.88,276.8,163.52,181.27,181.12,220.71,-1.0,0.9,-0.84,"14,102,623",200553.03,1.409563734E7,1.401197238E7,17.99,1.83,6.24,-0.26,205.57,164.37,-164.37,211.02,62.0
06/03/2026,1630,CRSP,52.08,+0.12%,2.74,78.48,37.0201,52.09,51.84,55.63,-3.0,-0.64,-0.6,"1,270,175",-100465.59,1677111.95,1904287.73,37.34,5.19,9.43,-7.3,60.62,44.45,-44.45,57.04,46.0
06/03/2026,1630,CRWD,747.61,-2.78%,61.5,785.66,342.72,627.09,503.48,475.31,-1.0,1.0,-0.87,"5,002,305",-200456.38,3405569.08,3567574.58,78.6,87.31,21.19,2.27,677.06,362.46,-362.46,786.02,0.0
06/03/2026,1630,CSCO,126.50,-1.17%,3.7,129.4155,63.865,112.71,95.97,79.7,-1.0,1.0,-0.34,"29,852,249",-100243.14,2.312207233E7,2.364301232E7,-34.02,60.09,9.64,5.05,121.07,75.6,-75.6,-93.17,48.0
06/03/2026,1630,CSX,46.44,+0.65%,0.45,47.175,31.64,45.65,43.89,38.37,2.0,0.58,0.48,"12,507,781",-200129.04,1.279116218E7,1.293073254E7,-6.38,12.66,0.78,2.61,47.09,38.51,47.05,47.05,39.0
06/03/2026,1630,CTA,29.90,+0.54%,1.17,32.76,26.36,30.74,30.44,28.67,3.0,0.01,0.24,"391,365",200033.43,754751.66,778752.54,-0.52,-2.73,-7.54,3.53,33.11,28.32,33.11,-29.03,NaN
06/03/2026,1630,CUBE,39.10,-0.84%,0.57,44.13,35.09,39.84,39.0,38.81,-4.0,-0.53,-0.39,"3,058,042",-200031.55,2158801.22,2259134.04,89.05,5.14,0.36,-2.25,41.15,36.48,41.15,-38.1,40.0
06/03/2026,1630,CURB,29.00,-0.03%,0.54,29.48,21.62,28.26,27.55,24.87,-3.0,0.51,-0.7,"802,971",0.0,726788.19,752845.22,26.2,10.73,4.54,-0.45,29.25,25.51,29.04,29.04,37.0
06/03/2026,1630,CVNA,63.65,-2.97%,3.48,97.378,54.464,70.46,71.04,73.78,-2.0,-0.33,-0.34,"12,178,383",0.0,1.276348502E7,1.306053981E7,0.51,1.38,0.47,-12.81,84.23,54.45,84.23,82.17,39.0
06/03/2026,1630,CVS,91.37,+2.09%,2.18,98.43,58.5,92.58,83.15,78.74,1.0,-0.57,0.03,"7,580,015",100230.2,7836598.11,7873439.99,-39.61,24.33,-2.98,0.43,98.13,70.45,98.13,98.13,39.0
06/03/2026,1630,CVX,189.71,+1.15%,4.59,214.71,136.7,187.33,191.24,170.32,3.0,0.2,0.66,"7,969,031",200035.52,1.089430536E7,1.203826003E7,5.48,-4.65,-3.82,3.97,215.45,178.32,-178.32,-180.03,40.0
06/03/2026,1630,CWH,7.12,-4.30%,0.32,19.64,5.7,7.23,7.14,11.35,-4.0,-0.62,-0.56,"2,147,146",300786.24,3076474.62,3221710.53,-3.23,9.88,4.4,-2.86,8.32,6.52,8.32,8.05,38.0
06/03/2026,1630,CZR,29.18,-0.14%,0.71,31.58,17.86,28.02,27.47,24.57,-2.0,0.59,-0.48,"8,650,604",-100111.05,6475342.68,6386707.0,80.31,9.99,6.11,0.45,31.58,25.45,-25.45,-25.15,38.0
06/03/2026,1630,D,65.46,-1.52%,1.92,68.97,53.36,65.14,63.52,61.47,-8.0,-0.72,-0.29,"8,484,731",100125.11,6433175.58,6008232.26,38.49,4.29,-3.92,-2.21,69.11,59.51,69.11,69.11,39.0
06/03/2026,1630,DAL,78.78,-1.55%,4.9,83.83,45.28,75.24,70.97,65.56,-3.0,-0.97,-0.71,"5,266,424",100259.55,9433542.23,1.122107397E7,16.24,18.0,16.26,-4.49,80.06,55.6,-55.6,84.03,24.0
06/03/2026,1630,DAPP,21.99,-2.57%,0.99,27.4899,13.68,21.74,19.18,19.21,-2.0,-0.82,-0.55,"1,072,865",-200044.07,976427.2,968856.29,541.53,46.7,10.34,-3.13,23.13,14.45,-14.45,23.02,NaN
06/03/2026,1630,DAR,61.55,+2.01%,1.49,66.02,29.15,60.99,61.15,44.35,7.0,0.08,0.56,"1,719,151",400751.4,2856096.44,2968389.11,-6.5,-4.8,2.67,4.15,66.2,51.59,66.2,-58.07,39.0
06/03/2026,1630,DASH,154.58,-1.51%,3.22,285.5,143.3,158.96,162.85,207.18,-2.0,-0.61,-0.45,"4,130,055",-100653.19,4647601.22,4490200.36,-32.5,-1.2,-0.05,-2.96,191.31,143.46,191.31,-147.09,46.0
06/03/2026,1630,DDOG,250.33,-6.99%,22.39,278.705,98.0101,217.13,161.35,145.96,-1.0,-0.99,-0.52,"8,849,508",100066.19,5904280.12,5579199.3,93.29,107.98,16.35,1.2,226.06,101.37,-101.37,279.02,44.0
06/03/2026,1630,DDS,611.14,+3.12%,28.6,711.975,362.01,562.91,575.15,594.72,1.0,0.53,0.98,"117,982",-200200.04,107964.21,112667.9,-4.79,6.78,15.09,3.55,639.3,518.1,-518.1,613.04,49.0
06/03/2026,1630,DE,588.29,+1.56%,19.41,674.1899,433.0,561.76,573.45,522.37,6.0,0.17,0.8,"1,839,078",200132.03,1262556.84,1298694.85,91.27,2.19,5.42,8.5,619.37,515.08,-515.08,-515.08,53.0
06/03/2026,1630,DECK,107.36,-3.10%,7.91,126.5,78.91,103.02,103.48,103.26,-3.0,-0.79,-0.75,"2,357,081",200543.08,2016975.87,2058256.74,29.56,9.21,13.89,-5.7,114.32,92.09,116.05,116.05,35.0
06/03/2026,1630,DELL,421.08,-3.27%,80.84,469.47,109.17,294.21,232.72,158.78,-1.0,1.0,-0.92,"14,083,764",200178.04,8900339.38,8803041.89,181.19,141.49,78.98,0.04,309.06,137.59,-137.59,469.02,63.0
06/03/2026,1630,DEO,78.67,-0.77%,2.6,116.41,72.45,83.01,79.81,90.09,-5.0,-0.65,-0.37,"880,599",-100240.58,1459125.68,1572599.86,4.93,7.3,-6.67,-4.6,87.07,72.49,87.05,87.05,44.0
06/03/2026,1630,DG,105.09,-1.11%,2.45,158.23,95.11,106.89,114.52,120.92,-2.0,0.33,-0.71,"4,602,361",-400643.02,3644006.48,3700610.84,-0.34,-12.23,1.56,-4.99,150.62,100.08,-100.08,-100.08,58.0
06/03/2026,1630,DGX,193.67,+0.26%,2.69,213.5,164.65,191.64,194.16,188.5,-4.0,0.29,-0.54,"643,039",300125.31,898183.68,885005.88,-7.23,-2.2,1.72,-0.63,210.3,186.17,-186.17,197.03,32.0
06/03/2026,1630,DIN,28.73,-2.84%,0.78,39.68,19.58,29.79,28.25,29.1,-4.0,-0.58,-0.4,"222,218",-100258.15,421326.42,413887.73,-72.1,12.67,-2.91,-8.44,33.62,24.36,-24.36,32.03,43.0
06/03/2026,1630,DIS,99.39,-1.99%,1.41,124.69,92.185,104.11,101.76,108.07,-2.0,-0.55,-0.17,"7,460,118",200128.2,8624573.7,9380808.34,-1.92,2.88,-2.84,-2.4,110.18,92.46,110.18,109.17,43.0
06/03/2026,1630,DK,47.18,+1.68%,1.39,49.5,18.12,44.83,43.84,36.46,6.0,0.55,0.58,"1,183,679",100766.25,1277772.26,1379235.2,-17.7,4.8,3.6,6.0,50.2,37.32,50.2,-41.05,44.0
06/03/2026,1630,DKL,51.14,-1.56%,0.78,55.89,41.72,51.25,51.02,48.11,3.0,0.34,0.44,"51,365",-100233.52,53698.94,57685.22,50.33,1.71,-2.24,3.56,55.49,48.41,-48.41,-49.03,44.0
06/03/2026,1630,DKNG,25.11,-0.75%,0.58,48.78,20.46,25.02,23.66,31.03,-2.0,-0.84,-0.5,"7,213,965",-100060.04,1.250140639E7,1.297124333E7,-28.06,8.42,-1.68,2.53,27.17,20.45,27.17,-24.03,43.0
06/03/2026,1630,DLTR,112.50,+2.84%,9.74,142.4,84.71,97.56,100.71,109.4,-2.0,0.66,-0.95,"3,075,449",300545.04,3853472.15,3765120.35,1.72,3.74,24.16,-3.38,120.59,86.14,-86.14,117.03,62.0
06/03/2026,1630,DOC,19.07,-1.95%,0.28,20.27,15.7,19.54,17.77,17.62,-16.0,-0.74,0.0,"6,003,104",-100138.04,9499453.43,9047122.6,-41.71,15.44,-1.19,-0.42,20.06,16.25,20.05,20.05,35.0
06/03/2026,1630,DOCU,52.40,-4.90%,2.9,94.67,40.16,49.13,47.61,60.37,-1.0,-1.0,-0.78,"3,259,389",100656.54,3575752.59,3929166.51,-15.34,8.33,6.03,-0.23,51.1,42.37,-42.37,57.02,1.0
06/03/2026,1630,DOV,213.51,+0.79%,2.4,237.54,158.97,213.85,215.63,198.21,2.0,0.13,0.59,"842,243",200232.29,921206.93,995633.67,38.31,3.96,2.87,1.02,233.28,201.42,233.28,-205.02,34.0
06/03/2026,1630,DOW,35.40,+1.96%,1.65,42.74,20.4019,36.74,38.39,29.13,3.0,0.02,0.42,"10,380,307",-100256.33,1.322062268E7,1.414245725E7,23.35,-14.49,-6.2,4.89,43.44,33.61,43.44,-33.03,34.0
06/03/2026,1630,DPZ,306.77,-0.25%,4.29,496.0,297.4761,312.98,340.74,397.49,-2.0,0.32,-0.82,"762,092",-100231.27,927350.22,957293.52,-16.69,-17.27,-1.91,-1.23,417.6,297.11,-297.11,-297.11,31.0
06/03/2026,1630,DRI,198.27,0.00%,4.17,228.27,169.0,198.36,197.51,195.94,-4.0,-0.41,-0.56,"950,779",-100132.52,1122487.34,1310522.9,-31.18,0.99,2.34,-2.77,211.54,187.36,-187.36,210.05,15.0
06/03/2026,1630,DRLL,37.25,+1.47%,0.92,41.0248,26.1001,36.63,37.09,32.07,3.0,0.19,0.69,"9,872",-200127.36,29499.8,29507.95,-1.58,-2.49,-3.92,4.75,41.45,34.32,-34.32,39.1,NaN
06/03/2026,1630,DRVN,12.78,-3.84%,0.52,19.74,9.8,13.41,13.05,14.67,-4.0,-0.84,-0.56,"951,377",100771.09,1776643.4,1887021.51,-30.73,3.57,-3.4,-7.66,14.1,10.58,14.04,14.04,NaN
06/03/2026,1630,DT,43.44,-3.40%,2.23,57.55,31.635,40.22,37.73,42.51,-1.0,1.0,-0.86,"5,532,698",100448.15,6313252.45,6894539.78,-73.38,15.26,8.71,2.0,41.1,32.37,-32.37,-33.14,43.0
06/03/2026,1630,DVN,46.18,-0.09%,1.89,52.71,31.321,46.68,47.9,40.12,3.0,0.05,0.48,"11,282,550",-200239.2,1.428267327E7,1.576748038E7,-21.73,-6.69,-7.06,3.8,53.45,42.32,-42.32,-44.03,42.0
06/03/2026,1630,DXCM,72.77,-0.93%,4.84,89.98,54.11,66.86,64.33,67.73,-7.0,-1.0,-0.68,"4,044,965",500742.1,5457625.72,5246263.23,-42.48,16.96,8.69,-1.32,73.06,57.24,-57.24,76.02,39.0
06/03/2026,1630,EA,202.63,+0.31%,0.57,204.885,145.545,201.13,202.15,197.53,5.0,0.48,0.83,"1,652,639",100013.04,1835260.12,2010445.98,-24.34,-0.48,0.46,0.45,204.39,197.6,204.39,-199.14,38.0
06/03/2026,1630,EAT,140.26,+1.49%,4.39,187.123,100.3,137.75,143.34,143.04,-2.0,0.39,-0.8,"774,777",200751.14,1168976.22,1173693.02,-53.57,-3.06,11.03,-1.49,162.32,125.09,-125.09,-125.09,48.0
06/03/2026,1630,EBAY,108.82,-0.06%,3.18,119.31,72.84,111.94,103.88,92.81,-9.0,-0.58,-0.12,"3,081,339",300043.22,5810705.93,5657769.61,-55.99,15.59,-4.74,-0.41,119.09,87.46,119.09,119.09,39.0
06/03/2026,1630,ECH,39.92,-1.65%,0.9,47.845,29.28,40.86,41.22,38.9,-3.0,-0.36,-0.52,"731,749",100131.5,599960.02,720094.69,155.73,-0.3,1.37,-4.91,45.32,38.61,45.32,42.03,NaN
06/03/2026,1630,ECPG,78.01,-0.10%,1.28,92.64,35.675,80.93,78.98,58.5,-5.0,0.0,-0.11,"236,417",-400926.19,328867.07,329276.64,-31.34,9.66,-3.11,-2.4,93.18,65.57,93.18,86.16,43.0
06/03/2026,1630,EDEN,108.8112,-1.04%,1.18,125.6375,98.31,111.72,109.27,111.19,-4.0,-0.63,-0.32,"8,057",100000.06,8706.03,9295.74,60.59,3.06,-1.14,-3.15,113.16,98.51,113.16,113.16,NaN
06/03/2026,1630,EDU,46.57,-1.31%,2.05,64.97,41.62,49.9,53.24,54.42,6.0,0.04,0.49,"365,932",0.0,760088.19,762572.38,-59.33,-17.46,-7.73,1.7,60.32,46.03,60.32,-46.03,38.0
06/03/2026,1630,EDV,63.78,-0.48%,1.05,71.305,60.485,62.95,63.77,66.33,-1.0,0.51,-0.87,"410,288",-200019.13,1207574.41,1294017.0,-72.9,-1.48,4.99,0.09,68.6,60.1,-60.1,-60.1,NaN
06/03/2026,1630,EEM,69.92,-1.24%,2.05,70.86,46.15,67.34,63.32,57.47,-1.0,0.92,-0.65,"22,125,648",-100238.52,3.022136522E7,3.545898105E7,-15.11,23.56,8.81,1.92,68.06,54.45,-54.45,-63.1,NaN
06/03/2026,1630,EFNL,57.8742,-0.44%,1.34,58.3,34.96,55.88,53.55,48.09,-1.0,1.0,-0.49,"7,661",100100.17,10804.68,10892.19,-6.38,15.16,6.12,1.87,58.06,47.46,-47.46,-52.11,NaN
06/03/2026,1630,EFX,170.16,-3.38%,5.01,275.91,156.47,166.42,174.25,207.96,-1.0,0.65,-0.87,"1,588,885",200041.22,1727563.1,1664731.84,-18.47,-6.71,5.8,2.64,211.62,156.12,-156.12,-156.12,32.0
06/03/2026,1630,EGP,197.01,+0.64%,3.71,207.72,159.365,202.68,197.49,183.59,-6.0,-0.32,0.0,"265,791",100017.19,354375.28,346318.04,-3.81,4.56,-2.62,-2.43,208.06,181.51,208.06,208.06,34.0
06/03/2026,1630,EIS,130.04,-1.92%,3.02,138.85,81.9,134.06,128.22,113.24,-3.0,-0.56,-0.22,"95,332",-200200.46,120780.57,133476.19,21.14,10.34,0.53,-5.56,137.06,110.45,-110.45,139.03,NaN
06/03/2026,1630,EL,82.05,-1.63%,4.74,121.635,66.22,83.96,78.24,93.39,-4.0,-0.82,-0.57,"5,989,928",-200762.5,4510285.12,4503757.32,142.99,18.71,7.76,-7.76,99.62,66.42,-66.42,92.04,53.0
06/03/2026,1630,ELS,61.48,+0.05%,0.77,69.0,58.15,62.5,63.1,62.79,1.0,-0.23,0.55,"1,427,428",-100025.04,1377827.28,1445996.27,15.6,-3.92,-2.24,-0.47,69.56,61.03,69.56,64.15,32.0
06/03/2026,1630,ELV,391.27,+0.58%,4.26,408.0,273.71,390.75,351.03,336.13,-2.0,-0.76,-0.21,"1,436,586",0.0,1690956.35,1816436.95,-54.54,30.1,-2.73,-0.49,408.09,275.6,408.09,408.09,29.0
06/03/2026,1630,EMB,95.90,-0.37%,0.67,97.8,90.39,95.61,95.35,95.75,-1.0,-0.82,-0.59,"5,619,432",100110.51,7823287.92,9798223.82,-35.28,2.05,1.75,-0.55,97.32,93.46,97.32,97.03,NaN
06/03/2026,1630,EMR,140.88,-0.81%,4.21,165.15,120.465,138.69,138.11,137.49,-2.0,0.62,-0.6,"2,241,731",0.0,2942661.45,2956882.68,-24.39,6.97,7.83,-2.04,149.19,123.45,149.19,146.03,43.0
06/03/2026,1630,ENB,55.81,-0.91%,0.95,58.45,43.5892,55.72,54.5,50.34,-1.0,-0.53,-0.21,"3,524,886",200120.11,4653917.23,4597401.65,-37.56,3.07,-1.73,1.95,58.07,52.29,58.07,58.07,40.0
06/03/2026,1630,ENPH,69.02,-4.58%,8.8,73.74,25.775,54.09,42.43,38.27,-5.0,-1.0,-0.59,"4,877,830",401902.09,7941279.11,7279360.92,-57.63,97.65,47.6,0.97,69.06,30.24,-30.24,74.03,38.0
06/03/2026,1630,ENR,18.60,+1.58%,0.87,30.29,15.75,17.8,18.2,21.52,1.0,0.64,0.67,"867,827",100647.2,1152567.5,1214036.59,-28.36,13.28,14.6,2.09,21.2,16.09,-16.09,19.05,42.0
06/03/2026,1630,ENVX,8.23,-4.52%,0.99,16.49,4.615,7.01,6.43,7.97,-1.0,1.0,-0.78,"7,212,546",101006.03,6940656.71,6659062.43,-44.87,62.65,48.82,3.13,8.06,5.6,-5.6,-5.1,39.0
06/03/2026,1630,ENZL,44.9983,-1.64%,0.97,48.24,41.6875,45.28,44.36,45.47,-2.0,-0.9,-0.53,"35,366",100020.04,28479.0,26558.89,461.77,6.25,2.24,-3.71,46.16,42.45,-42.45,47.03,NaN
06/03/2026,1630,EOG,141.50,+2.11%,3.37,151.87,101.5936,136.98,137.92,119.92,3.0,0.24,0.69,"3,045,346",-100039.52,3880621.26,4398419.35,17.35,-0.8,-1.94,6.09,152.45,124.32,-124.32,146.09,44.0
06/03/2026,1630,EPD,37.99,+0.74%,0.98,40.165,30.01,38.33,38.13,34.19,2.0,0.01,0.16,"1,596,815",100225.14,4628476.1,4426683.54,-49.57,1.12,-4.55,3.26,40.1,36.32,40.1,-37.03,37.0
06/03/2026,1630,EPHE,24.64,+0.24%,0.28,28.4,23.17,24.63,24.77,25.35,2.0,0.41,0.63,"64,816",0.0,101488.3,140007.77,24.76,-0.16,1.82,3.27,26.62,24.03,26.62,-24.02,NaN
06/03/2026,1630,EPOL,39.97,-0.52%,0.55,40.9399,29.03,39.75,38.73,35.65,-4.0,-0.59,-0.39,"109,123",100040.28,389616.72,459522.09,-34.3,8.7,2.7,-1.33,41.32,34.51,41.32,41.03,NaN
06/03/2026,1630,EPR,56.34,-0.21%,0.9,62.08,48.105,57.8,55.39,54.37,-6.0,-0.64,-0.35,"531,907",-100635.52,748773.77,805559.64,-11.14,10.13,-2.76,-1.24,60.62,48.46,-48.46,60.05,39.0
06/03/2026,1630,EPU,83.96,-2.58%,2.27,95.28,46.691,83.43,82.24,73.39,-2.0,-0.46,-0.65,"77,124",100100.03,83521.47,92809.73,-62.06,2.94,5.86,-2.11,88.35,74.51,88.35,-79.1,NaN
06/03/2026,1630,EQR,66.14,-0.11%,0.67,70.21,57.57,65.82,63.31,62.6,2.0,-0.72,0.33,"2,744,338",-100124.04,2834669.82,2731919.8,-5.92,9.74,0.61,1.05,67.2,58.51,68.05,68.05,42.0
06/03/2026,1630,EQRR,81.6775,-0.58%,1.59,82.38,57.7607,77.88,74.4,67.18,3.0,1.0,0.84,"7,701",200000.45,27132.73,21368.71,-3.31,17.96,6.17,4.05,80.06,67.56,-67.56,-75.15,NaN
06/03/2026,1630,EQT,54.47,-0.38%,1.5,68.24,48.47,56.36,58.71,56.54,-7.0,-0.14,-0.48,"4,823,990",0.0,7363653.38,7809867.7,9.17,-8.76,-8.87,-0.84,68.46,55.03,68.46,60.1,33.0
06/03/2026,1630,ESI,42.41,-0.56%,1.25,45.515,20.95,42.39,39.54,30.73,2.0,-0.33,0.44,"1,839,598",200537.25,2997292.8,3014502.23,-41.44,24.44,7.42,-0.05,46.16,29.6,46.16,-38.1,40.0
06/03/2026,1630,ESPO,89.81,-2.20%,0.86,122.986,86.92,89.99,90.73,103.41,-1.0,0.71,-0.63,"20,374",0.0,16521.74,18926.36,41.5,-0.52,-0.38,0.76,97.32,87.45,97.32,-88.08,NaN
06/03/2026,1630,ESS,277.79,+0.08%,3.29,294.09,238.46,272.45,260.36,258.74,-1.0,-0.93,-0.4,"345,236",-200020.13,467860.95,480160.65,-19.18,12.31,1.89,1.89,279.06,238.46,-238.46,281.02,38.0
06/03/2026,1630,ET,19.55,+0.05%,0.41,20.7,16.18,19.8,19.48,17.9,2.0,-0.16,0.16,"9,153,905",500224.21,1.51271726E7,1.516534776E7,-29.09,3.28,-4.12,1.98,21.09,18.59,21.09,-19.03,43.0
06/03/2026,1630,ETH,17.13,-5.52%,1.13,45.785,17.055,20.32,20.86,28.32,-2.0,-0.58,-0.43,"3,499,826",0.0,3021388.3,3940511.78,124.29,-12.51,-14.56,-10.5,23.32,19.61,23.32,22.16,NaN
06/03/2026,1630,ETH-USD,-95.11,-0.30%,7.57,4.9275,-99.445,-78.41,-57.25,-30.39,-7.0,-0.04,-0.32,"1,154,076",-100371.1,999177.65,952126.25,3.4,208.4,33.62,14.62,-22.55,-86.97,-23.0,-66.0,NaN
06/03/2026,1630,ETHA,13.58,-5.56%,0.9,36.8,13.54,16.15,16.6,22.67,-2.0,-0.58,-0.43,"32,618,462",0.0,2.879875336E7,3.158026547E7,33.72,-13.12,-14.75,-10.66,19.32,15.61,19.32,18.16,NaN
06/03/2026,1630,ETHE,14.57,-5.64%,0.97,40.135,14.52,17.34,17.84,24.57,-2.0,-0.58,-0.43,"2,513,855",0.0,2468904.02,2867308.98,59.51,-13.27,-14.8,-10.67,20.32,16.04,20.32,19.16,NaN
06/03/2026,1630,ETSY,67.05,-3.84%,4.14,76.515,44.0,62.68,59.59,58.93,-1.0,0.79,-0.73,"2,987,263",100462.25,3121277.5,3030046.96,3.13,29.84,16.39,-1.28,71.24,47.46,71.24,-56.14,38.0
06/03/2026,1630,EWA,29.14,-1.12%,0.24,30.4799,24.94,29.15,29.03,27.65,-1.0,0.36,-0.5,"1,350,031",0.0,2598772.23,3599676.4,-9.55,3.7,2.14,-0.38,30.32,27.45,30.32,-28.1,NaN
06/03/2026,1630,EWC,58.64,-1.38%,0.54,59.48,44.95,58.27,57.32,53.83,-1.0,-0.72,-0.56,"2,443,241",100214.24,2105069.51,2513173.84,-29.04,6.0,2.0,-0.29,59.06,53.51,-53.51,-57.12,NaN
06/03/2026,1630,EWD,51.64,-2.16%,1.13,54.93,42.99,51.64,51.26,49.74,-5.0,-0.69,-0.51,"90,040",100119.05,161111.83,166309.09,-37.43,4.22,3.12,-2.09,55.32,47.51,55.32,53.05,NaN
06/03/2026,1630,EWG,42.77,-1.84%,0.69,44.65,37.975,42.81,41.85,41.91,-5.0,-0.9,-0.49,"797,483",200133.45,1887933.45,2257519.27,79.96,7.19,1.74,-1.52,44.06,38.46,44.06,44.06,NaN
06/03/2026,1630,EWH,22.81,-1.55%,0.46,24.66,19.0,23.75,23.5,22.51,-1.0,-0.07,-0.07,"2,300,489",100226.45,3817263.34,4677628.76,-71.52,-1.51,-3.55,-1.3,25.18,21.49,25.18,25.14,NaN
06/03/2026,1630,EWI,58.51,-1.65%,0.61,59.845,45.79,58.85,57.13,54.21,-1.0,-0.67,-0.36,"112,140",100134.51,421768.47,497859.2,-80.73,7.73,1.95,-1.45,60.19,50.51,-50.51,60.03,NaN
06/03/2026,1630,EWJ,93.94,+0.38%,1.05,94.28,68.028629,92.11,89.02,83.57,2.0,0.65,0.64,"5,758,482",0.0,6850842.24,8088285.53,7.67,10.14,4.04,1.05,93.14,81.51,-81.51,-90.09,NaN
06/03/2026,1630,EWJV,45.67,+0.27%,0.23,47.69,33.5,45.1,43.85,41.56,1.0,-0.55,0.57,"62,282",200000.17,164776.34,193798.88,-73.98,6.04,1.65,0.33,46.06,40.51,-40.51,-44.17,NaN
06/03/2026,1630,EWK,26.51,-0.90%,0.32,27.6299,21.5,26.64,25.82,24.74,-5.0,-0.74,-0.45,"28,278",100136.05,69559.29,66650.88,234.11,6.81,0.98,-1.67,27.06,23.51,27.05,27.05,NaN
06/03/2026,1630,EWM,28.03,-2.37%,0.53,30.635,23.342,29.46,29.11,27.61,-1.0,0.0,-0.13,"254,142",-100134.48,291442.28,347388.29,72.75,-1.09,-4.33,-1.89,31.18,28.4,31.18,30.17,NaN
06/03/2026,1630,EWN,67.345,-1.30%,1.32,68.53,50.56,65.96,63.02,59.63,-1.0,-0.99,-0.47,"109,573",100023.05,147463.47,144490.84,45.16,15.89,5.61,0.45,68.06,55.45,-55.45,-63.15,NaN
06/03/2026,1630,EWO,40.621,-1.79%,0.83,41.53,27.56,40.03,38.61,34.97,-1.0,-0.79,-0.51,"19,974",-100000.03,27003.44,36077.2,38.44,13.63,4.8,-1.38,41.06,34.51,-34.51,42.03,NaN
06/03/2026,1630,EWP,56.87,-1.06%,0.74,58.99,42.36,56.99,56.29,53.12,-3.0,-0.62,-0.48,"263,835",200124.15,456690.4,531932.87,-86.65,3.66,1.9,-1.8,59.32,51.51,59.32,58.03,NaN
06/03/2026,1630,EWQ,45.53,-1.19%,0.6,48.39,40.91,45.48,45.04,44.74,-1.0,-0.74,-0.53,"384,105",-100016.17,426097.45,485984.88,-44.4,4.07,2.5,-0.96,47.32,42.51,47.32,46.03,NaN
06/03/2026,1630,EWS,29.77,-0.70%,0.27,30.015,24.845,29.3,28.89,28.4,-1.0,0.85,-0.65,"1,329,073",100128.03,853160.38,942973.43,158.7,5.23,1.88,0.95,30.32,27.62,-27.62,-29.17,NaN
06/03/2026,1630,EWUS,42.3697,-1.03%,0.73,45.0422,38.02,42.46,41.86,41.65,-3.0,-0.7,-0.44,"2,885",100023.08,4929.86,5054.64,-15.63,6.67,2.14,-1.98,44.32,38.45,44.32,44.03,NaN
06/03/2026,1630,EWW,78.08,-1.26%,0.66,81.6499,57.282,78.79,77.65,71.86,-1.0,-0.49,-0.51,"973,775",0.0,1528265.03,1691773.54,-24.68,2.59,0.72,-0.45,81.13,70.51,81.13,-77.1,NaN
06/03/2026,1630,EWY,212.96,-0.73%,14.65,217.76,63.485,191.62,162.1,116.06,-1.0,1.0,-0.76,"13,784,826",0.0,1.816380061E7,2.167523081E7,-26.94,73.32,22.38,3.46,202.06,115.44,-115.44,218.02,NaN
06/03/2026,1630,EWZ,34.64,-3.19%,0.62,42.02,26.193816,36.92,38.45,34.32,-1.0,0.0,-0.33,"28,692,693",-100335.15,2.890901661E7,3.082398687E7,-53.93,-9.67,-3.48,-3.54,42.35,35.51,42.35,40.17,NaN
06/03/2026,1630,EWZS,13.57,-4.37%,0.21,16.46,11.72,14.3,14.8,14.1,-1.0,-0.09,-0.43,"213,204",-200431.15,564124.51,506279.09,-96.65,-8.25,-0.37,-3.27,16.3,13.51,16.3,16.17,NaN
06/03/2026,1630,EXAS,104.91,0.00%,0.41,104.98,38.8118,103.57,103.02,74.29,6.0,0.02,0.29,<empty>,-100037.01,2640344.92,2627886.23,1111.65,2.5,1.36,0.93,104.09,101.61,-101.61,-103.15,34.0
06/03/2026,1630,EXP,218.49,+0.10%,9.81,243.64,171.99,207.84,201.91,216.44,-2.0,1.0,-0.8,"312,917",-100240.11,408706.36,423210.45,9.94,16.24,9.31,-1.22,221.18,172.51,-172.51,226.03,37.0
06/03/2026,1630,EXPD,158.70,+0.53%,1.96,167.19,110.48,156.94,150.25,142.04,-5.0,-0.71,-0.67,"864,430",-100032.04,1042778.2,1131772.5,9.04,8.84,0.7,0.45,162.06,136.21,163.05,163.05,42.0
06/03/2026,1630,EXPE,225.41,-0.42%,5.07,303.8,160.0047,224.41,235.85,239.58,-1.0,0.53,-0.56,"1,597,355",0.0,1650072.27,1870005.68,-19.09,0.05,4.84,-0.17,280.3,206.09,-206.09,-206.09,44.0
06/03/2026,1630,EXR,143.04,+0.53%,2.3,155.19,125.71,142.73,139.88,139.7,1.0,-0.6,0.48,"1,214,475",100032.26,1129657.51,1158614.56,59.58,6.86,1.95,-0.88,148.59,128.48,-128.48,147.04,39.0
06/03/2026,1630,EYE,16.68,+2.14%,0.44,30.02,14.75,18.24,22.2,25.49,12.0,0.12,0.85,"2,606,430",100664.14,2043554.22,1933609.15,-80.44,-29.59,-1.42,-0.42,30.62,15.14,-15.14,-15.14,43.0
06/03/2026,1630,EZA,67.04,-2.20%,1.12,81.755,51.265,69.27,69.27,67.99,-1.0,-0.45,-0.47,"153,336",100048.02,210384.35,259799.17,101.38,-1.43,0.62,-3.41,76.32,62.51,76.32,-66.1,NaN
06/03/2026,1630,F,15.71,-2.72%,1.45,17.78,10.03,14.19,12.93,12.84,-3.0,-0.98,-0.67,"59,235,948",300356.04,5.800664125E7,5.917125044E7,-72.61,35.43,20.29,-9.92,16.06,11.45,-11.45,18.03,39.0
06/03/2026,1630,FAF,64.58,-0.95%,1.27,71.47,53.09,67.57,65.62,64.43,-6.0,-0.41,-0.31,"783,653",-200239.52,886038.51,955747.82,10.09,10.91,-4.23,-2.49,71.26,56.51,71.26,71.16,34.0
06/03/2026,1630,FANG,210.59,+4.05%,5.48,214.51,134.3,198.92,196.56,164.18,3.0,0.33,0.56,"3,165,002",100239.59,2768645.78,3093607.26,127.88,8.62,1.36,9.98,215.21,171.32,215.21,-187.17,41.0
06/03/2026,1630,FAST,46.46,+3.87%,0.77,50.63,38.9703,44.15,45.0,44.59,2.0,0.32,0.79,"8,080,357",-100137.52,6978175.8,7449476.5,8.75,0.35,6.63,5.11,50.37,43.08,-43.08,-43.08,26.0
06/03/2026,1630,FCFS,220.22,+5.24%,6.1,235.97,119.205,225.09,212.61,175.8,1.0,-0.08,0.1,"480,502",100540.43,363400.39,357279.09,66.45,10.34,-2.5,0.14,236.15,179.44,236.15,236.15,34.0
06/03/2026,1630,FCG,29.76,+1.02%,0.91,33.03,21.76,29.77,30.28,25.97,3.0,0.03,0.56,"1,227,988",-200133.44,1274413.19,1359449.38,143.18,-4.49,-5.49,4.35,33.45,28.32,-28.32,-28.03,NaN
06/03/2026,1630,FDX,324.46,-1.38%,12.66,341.1368,174.129734085415,313.98,305.93,249.73,-2.0,-0.53,-0.72,"2,004,022",-200636.22,2024197.19,2214649.94,2.35,11.34,7.38,-2.21,326.23,275.45,-275.45,341.02,13.0
06/03/2026,1630,FICO,1174.66,-6.15%,63.96,1998.01,870.01,1180.11,1094.27,1443.48,-6.0,-0.94,-0.51,"348,674",-400882.3,377089.93,388461.85,-7.36,7.79,-0.97,-6.07,1494.62,870.29,-870.29,1323.04,39.0
06/03/2026,1630,FISV,55.08,-2.44%,1.19,177.36,52.17,55.75,57.77,79.32,-2.0,-0.71,-0.34,"10,249,492",100241.04,6512424.03,6508653.32,39.54,-1.92,-1.7,-2.62,65.3,52.14,-52.14,59.02,33.0
06/03/2026,1630,FIVE,222.89,+1.14%,4.17,251.63,119.06,219.23,225.78,188.44,-2.0,0.29,-0.77,"2,967,470",-100067.01,1141399.35,1190791.77,248.36,-5.31,3.96,-1.97,252.3,204.15,-204.15,233.02,0.0
06/03/2026,1630,FLG,13.77,-2.27%,0.3,14.92,10.38,13.86,13.85,12.8,-1.0,-0.44,-0.55,"3,371,909",-200036.28,4472784.02,4588768.85,21.22,2.15,3.77,-2.06,15.27,12.57,15.27,-13.1,35.0
06/03/2026,1630,FLNG,29.72,-2.01%,1.02,33.4,21.72,31.7,31.17,27.48,-1.0,0.0,-0.01,"471,209",-100541.52,476908.92,580603.92,-50.64,-2.46,-8.72,-0.17,33.2,28.57,33.2,-29.03,59.0
06/03/2026,1630,FLO,7.27,-1.89%,0.28,16.955,6.8,7.71,8.17,10.78,-2.0,-0.41,-0.67,"6,020,826",-300360.13,7211082.22,6953440.8,-38.74,-11.77,0.83,-4.84,9.62,7.08,-7.08,-7.08,50.0
06/03/2026,1630,FLUT,100.70,-1.26%,3.13,313.685,91.52,97.39,102.7,183.37,-1.0,0.88,-0.64,"4,027,310",100155.04,3014914.77,3072227.57,68.74,-5.34,3.28,3.84,115.61,92.12,-92.12,-92.12,44.0
06/03/2026,1630,FND,49.56,-1.98%,2.56,92.405,42.64,48.5,49.86,64.42,-3.0,0.55,-0.64,"1,942,722",100564.23,3080111.3,2969827.83,-62.48,4.4,12.08,-3.58,64.62,43.09,-43.09,-43.09,40.0
06/03/2026,1630,FNF,45.42,-2.20%,1.16,61.4025,42.78,48.32,48.53,54.08,-6.0,-0.44,-0.2,"1,326,917",-200345.52,1663867.57,1893705.11,-34.38,-0.59,-7.06,-4.08,53.25,43.51,53.25,51.17,43.0
06/03/2026,1630,FORM,126.02,+0.73%,5.78,159.09,26.08,130.81,126.91,75.97,2.0,0.01,0.44,"1,573,184",-301088.16,1944296.52,1796260.82,-54.88,22.16,7.53,1.15,159.27,81.6,159.27,-112.1,39.0
06/03/2026,1630,FOUR,40.22,-7.09%,1.27,108.5,39.6062,42.74,44.45,62.59,-2.0,-0.78,-0.54,"1,808,236",102079.5,1803891.13,1890002.38,-15.43,-5.94,-1.88,-9.74,55.49,40.15,-40.15,-40.15,42.0
06/03/2026,1630,FOXA,64.28,-2.15%,0.84,76.39,52.96,64.91,63.06,63.65,-1.0,-0.75,-0.61,"1,864,219",-200241.45,3116139.22,3351286.79,-43.58,9.66,-0.42,0.56,68.15,56.56,68.15,68.15,43.0
06/03/2026,1630,FR,60.40,+0.58%,1.22,64.66,47.36,61.97,61.18,57.55,-6.0,-0.31,-0.18,"903,377",-100347.52,899204.36,940415.63,21.17,2.95,-2.01,-2.38,65.3,57.51,65.3,65.05,34.0
06/03/2026,1630,FROG,83.86,-4.76%,7.21,89.16,34.05,71.38,56.37,53.45,-1.0,1.0,-0.67,"2,043,819",100668.18,2785281.88,2844017.7,-38.2,65.7,18.73,5.51,75.06,39.62,-39.62,-62.13,44.0
06/03/2026,1630,FRPT,50.00,+0.28%,1.59,86.0,46.45,50.82,58.62,61.0,-3.0,0.23,-0.77,"1,800,112",-301159.2,1685324.89,1700826.43,-18.95,-15.82,5.51,-3.1,86.62,46.09,-46.09,-46.09,41.0
06/03/2026,1630,FRT,119.42,+0.08%,2.64,121.84,89.99,117.19,112.32,103.79,-4.0,-0.9,-0.51,"694,511",-100222.04,912810.87,869293.14,-10.74,11.83,3.99,-0.18,120.06,102.48,-102.48,122.03,43.0
06/03/2026,1630,FSLY,20.83,+0.29%,1.46,34.82,6.29,18.79,23.85,14.51,12.0,0.22,0.77,"14,307,202",0.0,1.185805787E7,1.201023953E7,101.36,-37.82,27.32,17.25,35.39,16.07,-16.07,-16.07,43.0
06/03/2026,1630,FTNT,146.48,-1.60%,8.52,149.03,70.12,126.16,100.05,86.26,-1.0,1.0,-0.5,"7,833,884",100350.19,6213322.18,6169691.13,49.6,77.49,14.76,6.17,135.06,76.37,-76.37,-107.17,43.0
06/03/2026,1630,FTV,60.60,+0.73%,0.71,62.805,46.34,59.55,59.02,54.31,2.0,0.36,0.44,"3,336,689",-100027.04,3065171.57,3224455.23,24.59,8.06,4.12,3.91,63.23,53.45,63.23,-57.09,38.0
06/03/2026,1630,FTWO,44.9902,-0.94%,0.37,49.658,34.34,45.22,45.65,42.65,2.0,0.09,0.67,"4,390",-100000.44,11066.84,12896.36,-63.37,-2.05,1.86,0.4,48.62,44.51,-44.51,-44.1,NaN
06/03/2026,1630,FUTU,96.22,-5.64%,15.18,199.9299,80.5,123.79,139.82,159.31,7.0,0.0,0.33,"4,212,485",101185.08,3690536.38,3311357.05,-0.79,-30.05,-22.71,-7.54,169.32,81.07,-81.07,-81.07,53.0
06/03/2026,1630,FUTY,56.60,-0.60%,0.82,61.51,51.5,57.74,58.76,57.46,-1.0,-0.03,-0.38,"288,700",200218.29,380096.89,361309.45,-30.44,-5.27,-1.24,-1.62,61.38,56.11,61.38,-56.02,NaN
06/03/2026,1630,FWONK,86.88,-2.73%,1.21,109.3626,80.15,90.63,88.52,93.47,-2.0,-0.68,-0.26,"1,818,515",100034.28,1926870.1,2056682.41,-34.42,-1.12,-3.45,-4.31,96.17,80.46,96.17,96.17,44.0
06/03/2026,1630,FWRG,10.53,+0.86%,0.39,19.53,10.09,11.31,11.67,15.09,-3.0,-0.57,-0.49,"1,524,199",0.0,1515282.7,1549885.27,-20.78,-2.14,-3.31,-9.46,14.28,10.45,14.28,12.17,42.0
06/03/2026,1630,FXA,70.5705,-0.71%,0.26,72.02,63.2808,71.14,70.47,67.45,-1.0,-0.3,-0.35,"3,385",-100008.47,15469.68,18387.59,-66.59,3.18,0.24,-0.9,72.14,68.45,72.14,-70.1,NaN
06/03/2026,1630,FXB,128.91,-0.35%,0.36,133.11,125.02,129.52,129.34,129.07,-1.0,-0.3,-0.39,"13,642",-200010.13,38128.01,35103.28,-83.72,1.46,0.06,-0.49,131.16,127.44,131.16,-128.12,NaN
06/03/2026,1630,FXC,70.3177,-0.41%,0.24,72.469,69.08,71.03,71.02,70.75,-1.0,-0.2,-0.25,"7,795",0.0,27971.99,33472.53,38.12,0.22,-1.04,-0.78,72.59,70.44,-70.44,72.16,NaN
06/03/2026,1630,FXE,106.95,-0.29%,0.21,111.535,104.985,107.65,107.66,107.78,-2.0,-0.41,-0.38,"640,501",-500004.01,215518.45,224011.92,1248.85,0.54,-0.12,-0.7,109.32,105.56,109.32,-107.08,NaN
06/03/2026,1630,FXF,111.38,-0.62%,0.36,116.2999,107.6,112.52,112.16,111.74,-3.0,-0.35,-0.24,"40,650",0.0,76287.45,77292.8,-33.89,0.81,-0.39,-1.44,114.59,110.44,-110.44,114.17,NaN
06/03/2026,1630,FXI,35.54,-2.26%,0.59,42.0,34.63,36.34,36.32,38.48,4.0,-0.46,0.4,"30,132,125",100327.15,2.860188124E7,3.064003755E7,-58.63,-0.06,-2.04,1.4,38.14,35.04,-35.04,-35.04,NaN
06/03/2026,1630,FXY,57.335,-0.17%,0.17,64.6,57.225,57.9,57.8,59.34,-2.0,-0.37,-0.22,"184,503",200010.22,196903.61,188694.17,9.63,-0.36,-0.67,-0.49,59.19,57.24,59.19,59.17,NaN
06/03/2026,1630,FYBR,38.49,0.00%,0.13,38.5,36.04,38.18,38.03,37.09,4.0,0.57,0.8,<empty>,300009.01,3493880.5,3089356.02,793.29,1.8,1.1,0.68,38.18,37.6,-37.6,-38.17,22.0
06/03/2026,1630,GAP,21.19,-0.56%,1.37,29.36,18.685,22.29,24.02,24.57,-4.0,-0.28,-0.56,"6,128,395",-100147.04,8028675.54,8669290.03,-4.1,-13.9,1.97,0.19,28.3,20.1,-20.1,25.04,59.0
06/03/2026,1630,GD,337.04,-0.17%,3.79,369.7,268.1,342.5,340.36,342.18,-3.0,-0.59,-0.36,"878,846",100025.25,1328574.73,1320870.89,-2.17,-3.45,-0.91,-2.82,366.62,307.25,-307.25,351.04,33.0
06/03/2026,1630,GDAXI:DE,24795.94,-1.31%,388.41,25507.79,21863.81,24683.21,24093.74,24172.1,-6.0,-0.88,-0.47,<empty>,NaN,NaN,NaN,NaN,6.43,0.24,-1.23,25438.07,21864.49,25438.07,25438.07,NaN
06/03/2026,1630,GDX,85.00,-3.46%,2.39,117.175,50.32,89.48,91.26,85.93,-1.0,-0.33,-0.61,"18,079,881",200259.51,2.156187652E7,2.380518441E7,47.53,-10.14,1.46,-5.02,106.59,79.51,-79.51,-83.04,NaN
06/03/2026,1630,GDXJ,110.88,-4.40%,3.83,157.49,63.9,118.47,120.08,112.83,-1.0,-0.34,-0.6,"5,836,984",0.0,5187475.29,5448750.2,47.97,-9.26,0.53,-7.05,142.59,103.51,-103.51,-109.04,NaN
06/03/2026,1630,GE,314.64,-0.97%,14.61,348.48,232.24,304.04,297.09,301.8,-2.0,-0.88,-0.78,"4,122,087",-300440.3,5986103.21,5911991.38,-2.32,11.91,10.29,-2.82,342.62,269.29,-269.29,326.02,29.0
06/03/2026,1630,GEL,15.19,-2.32%,0.51,18.64,14.55,15.86,16.78,16.55,3.0,-0.03,0.28,"195,498",100340.31,287517.97,287906.05,-23.25,-13.69,-7.38,1.06,19.62,15.03,19.62,-15.03,39.0
06/03/2026,1630,GII,74.39,-0.45%,0.88,78.95,65.65,75.87,76.33,72.72,-6.0,0.0,-0.32,"41,858",200019.15,92495.73,86800.08,-89.34,-3.36,-1.8,-1.72,79.38,74.51,79.38,-74.02,NaN
06/03/2026,1630,GIL,58.18,-0.39%,1.83,73.695,46.0,58.4,57.98,60.15,-3.0,-0.6,-0.66,"797,251",0.0,1071760.48,1215260.63,-7.67,6.85,6.36,-4.59,67.62,53.45,-53.45,62.03,40.0
06/03/2026,1630,GIS,32.17,-2.72%,0.44,55.19,31.85,33.73,34.92,43.8,-3.0,-0.54,-0.57,"13,590,039",100139.04,9268435.53,9718759.5,52.33,-14.03,-4.74,-4.85,44.61,33.08,44.61,36.17,19.0
06/03/2026,1630,GK,30.0553,-0.42%,0.7,30.2,22.3904,29.03,26.92,26.01,-1.0,-0.92,-0.44,404,200118.05,984.05,1070.12,-62.13,25.48,6.98,0.45,29.06,23.45,-23.45,-28.1,NaN
06/03/2026,1630,GLASF,11.3300,+1.89%,0.6,11.73,4.55,10.23,9.36,8.23,-4.0,0.86,-0.44,"267,075",-100800.29,270728.14,234253.78,-20.97,32.83,10.38,2.16,11.06,7.61,-7.61,12.03,48.0
06/03/2026,1630,GLBE,31.79,-4.53%,1.7,41.94,26.845,30.17,30.97,34.85,-1.0,0.72,-0.95,"1,452,250",100965.03,1519504.51,1410419.28,-60.52,1.96,11.04,3.75,37.62,27.14,-27.14,34.02,48.0
06/03/2026,1630,GLD,407.87,-0.99%,4.75,509.7,299.89,420.03,424.89,403.7,-1.0,-0.26,-0.54,"4,940,086",0.0,7712809.37,9321253.89,18.18,-5.02,-0.88,-2.22,481.59,399.49,-399.49,-404.05,NaN
06/03/2026,1630,GLIN,44.37,-0.93%,0.55,48.39,38.705,44.94,44.21,45.2,-3.0,-0.65,-0.28,"9,540",0.0,20815.34,38351.81,43.31,8.66,1.85,-2.48,47.32,39.45,47.32,-44.1,NaN
06/03/2026,1630,GM,81.70,-0.04%,3.84,87.62,46.815,78.58,77.42,73.0,-3.0,-0.66,-0.79,"9,617,307",-100240.04,7060845.83,7335201.1,18.71,12.63,12.49,-1.85,83.32,70.1,85.04,85.04,32.0
06/03/2026,1630,GME,22.18,+6.02%,0.45,30.97,19.93,22.31,23.3,23.18,1.0,0.06,0.49,"17,795,050",100474.21,8279799.52,7617283.04,141.88,-5.05,0.36,4.72,27.22,21.03,27.22,24.17,66.0
06/03/2026,1630,GO,8.27,-2.36%,0.34,19.41,5.655,8.04,7.65,11.08,-1.0,-0.98,-0.7,"2,305,575",-101676.14,3404265.48,4163632.36,-56.77,14.54,1.85,-2.82,9.13,6.6,9.13,-7.11,42.0
06/03/2026,1630,GOLF,87.78,-0.82%,1.42,104.81,69.3,87.9,92.71,87.22,-4.0,0.24,-0.74,"320,815",-200627.2,314797.76,344780.33,-12.2,-6.5,0.38,-1.13,103.32,84.14,-84.14,-84.14,44.0
06/03/2026,1630,GOOG,355.68,-0.76%,11.65,404.47,163.33,384.61,348.72,302.04,-4.0,-0.39,0.0,"42,848,912",-300134.01,2.021163809E7,1.978381805E7,135.95,20.79,-7.59,-5.51,404.11,272.45,404.11,404.11,35.0
06/03/2026,1630,GOOGL,358.99,-0.79%,11.76,408.61,162.0,388.14,351.32,302.36,-4.0,-0.39,0.0,"54,364,212",-200135.01,2.930610828E7,2.883939663E7,93.16,21.37,-7.4,-5.61,409.11,272.45,409.11,409.11,35.0
06/03/2026,1630,GOOS,9.86,-0.30%,0.24,15.425,9.3,10.29,10.87,12.38,10.0,0.22,0.67,"1,665,742",200149.01,539124.18,502832.48,152.19,-6.54,5.79,-2.95,12.3,9.09,-9.09,-9.09,44.0
06/03/2026,1630,GPI,305.75,-0.83%,9.25,488.39,292.44,326.31,332.71,382.58,-4.0,-0.46,-0.37,"199,930",200143.52,152343.76,169073.31,29.02,-7.19,0.09,-3.35,374.22,292.53,374.22,358.16,34.0
06/03/2026,1630,GPN,67.85,-8.35%,2.96,90.635,62.45,70.75,69.49,76.98,-2.0,-0.88,-0.46,"11,512,086",-100753.01,3328266.54,3452570.79,235.49,5.93,-0.13,-10.14,79.62,62.4,-62.4,76.02,43.0
06/03/2026,1630,GRID,197.14,-0.17%,3.57,199.99,130.885,194.07,183.98,163.55,3.0,0.6,0.4,"644,069",200125.1,820091.04,728007.51,-31.33,18.83,6.56,2.11,200.16,157.45,200.16,-183.1,NaN
06/03/2026,1630,GRMN,237.94,-1.28%,4.8,273.32,186.67,236.62,244.73,228.71,-1.0,0.2,-0.53,"551,263",-100131.04,778720.88,788878.72,-39.72,0.12,4.04,1.72,273.32,225.1,-225.1,-225.1,38.0
06/03/2026,1630,GRNY,27.52,-0.76%,0.4,27.77,20.96,27.11,26.06,25.16,-1.0,-0.8,-0.47,"1,307,781",0.0,1809556.43,2025398.58,5.65,14.62,4.24,-0.33,27.06,23.45,-23.45,28.02,NaN
06/03/2026,1630,GS,1041.02,-2.21%,38.5,1073.97,592.9,979.23,926.77,858.77,-1.0,1.0,-0.75,"2,557,497",100232.37,2013797.78,2113481.92,8.59,20.62,12.09,1.51,1017.06,781.56,-781.56,-921.15,27.0
06/03/2026,1630,GSG,32.88,+0.77%,0.92,34.94,21.525,33.25,32.66,26.27,3.0,0.02,0.21,"398,204",100239.19,1348199.34,1506765.05,-35.52,-1.7,-5.44,3.4,35.11,28.59,35.11,-32.03,NaN
06/03/2026,1630,GTBIF,7.65,-4.61%,0.39,10.43,4.8,7.65,7.27,7.37,-1.0,-0.51,-0.36,"454,046",-100100.48,665268.42,599010.14,9.13,13.84,8.82,-5.2,9.28,6.45,9.28,8.02,43.0
06/03/2026,1630,GTLB,30.93,-2.80%,3.14,52.38,18.73,26.58,23.66,35.39,-2.0,1.0,-0.92,"17,603,526",300078.01,6543785.15,6785633.47,222.96,37.04,21.48,-0.39,27.06,19.37,-19.37,34.02,62.0
06/03/2026,1630,GTM,3.12,-8.91%,0.26,12.51,2.94,4.18,5.27,8.39,12.0,-0.2,0.64,"21,616,139",200174.16,1.182970408E7,1.148904266E7,5.17,-46.3,-18.11,-6.31,7.18,3.04,7.18,7.16,41.0
06/03/2026,1630,GVAL,35.89,-1.24%,0.47,36.44,25.89,35.45,34.93,32.33,-1.0,0.56,-0.59,"52,240",-100000.23,247176.57,247790.85,-71.16,6.91,3.64,0.9,36.32,32.51,36.32,-35.1,NaN
06/03/2026,1630,GVIP,179.94,-0.33%,3.86,181.46,131.18,175.68,165.16,156.1,-1.0,-0.86,-0.32,"60,851",-100115.01,14616.06,14633.62,641.7,21.17,6.74,0.29,179.06,139.45,-139.45,-168.1,NaN
06/03/2026,1630,GVZ:CGI,24.49,+0.20%,0.83,48.68,14.47,25.63,29.69,26.3,-2.0,0.19,-0.41,<empty>,NaN,NaN,NaN,NaN,-35.3,-8.04,-1.69,46.46,24.07,-24.07,-24.07,NaN
06/03/2026,1630,H,185.92,+0.38%,6.99,190.0,127.59,174.3,163.79,156.11,-4.0,1.0,-0.62,"614,654",-100141.05,811041.43,823519.87,2.95,29.59,13.09,2.51,180.06,138.44,-138.44,-163.09,44.0
06/03/2026,1630,HACK,102.21,-3.00%,5.5,105.56,69.66,92.02,83.28,82.42,-1.0,1.0,-0.9,"160,022",200041.11,134071.03,127562.94,101.01,32.45,11.95,2.88,96.06,71.37,-71.37,-83.17,NaN
06/03/2026,1630,HAL,41.03,+2.68%,1.29,43.59,19.84,40.81,39.79,31.28,2.0,0.04,0.22,"10,519,262",-100245.52,1.283803606E7,1.458558977E7,37.4,7.49,-4.54,5.61,44.09,33.6,44.09,-39.03,32.0
06/03/2026,1630,HBB,18.96,-2.87%,0.85,21.84,12.72,19.34,19.57,17.01,-3.0,-0.43,-0.52,"31,786",201185.1,21100.76,21926.65,60.43,3.72,8.65,-6.6,22.23,16.56,22.23,-17.09,43.0
06/03/2026,1630,HBDC,24.695,-0.10%,0.04,27.74,23.16,24.69,24.65,24.97,-1.0,-0.75,-0.49,"1,860",0.0,6591.54,8133.16,-57.89,0.86,0.49,0.07,25.58,24.45,-24.45,25.06,NaN
06/03/2026,1630,HCA,363.23,-1.12%,20.38,556.52,330.0,404.64,444.05,461.99,-5.0,0.0,-0.38,"2,212,120",-200033.03,1286643.84,1262005.78,38.42,-23.02,-10.24,-4.04,557.57,377.03,557.57,438.17,35.0
06/03/2026,1630,HD,312.97,+0.47%,6.67,426.75,289.1,311.55,323.82,363.22,-3.0,0.46,-0.67,"4,323,714",200431.11,4521913.68,4474482.41,-31.45,-2.69,3.48,-1.31,367.62,289.1,-289.1,-289.1,52.0
06/03/2026,1630,HELE,25.57,-4.34%,1.51,33.734,13.85,25.13,21.23,20.47,-3.0,-0.74,-0.25,"760,534",-200168.28,682893.72,653893.37,1.7,75.14,4.97,-5.78,27.18,14.46,28.05,28.05,24.0
06/03/2026,1630,HII,287.54,-2.08%,13.78,460.0,215.045,317.92,356.65,344.82,-4.0,-0.09,-0.42,"748,997",-200441.21,509453.09,520231.64,57.03,-27.5,-11.42,-6.69,433.53,304.03,433.53,340.13,39.0
06/03/2026,1630,HIMS,27.51,0.00%,1.77,70.43,13.74,25.36,24.59,34.14,10.0,0.71,0.52,"13,686,512",101309.59,2.731959349E7,3.336552244E7,-47.3,43.73,22.59,5.2,32.31,15.61,32.31,-22.1,46.0
06/03/2026,1630,HLN,8.72,+0.23%,0.21,11.28,8.65,9.1,9.44,9.75,-5.0,-0.13,-0.54,"6,609,439",-100130.18,8284636.27,8368186.2,-16.68,-12.19,-5.22,-3.75,11.54,9.12,11.54,9.06,39.0
06/03/2026,1630,HLT,331.37,-0.44%,7.43,344.75,241.45,322.78,320.45,292.72,-4.0,0.54,-0.67,"1,331,602",-200329.04,1593956.09,1702565.32,-27.81,8.66,5.07,1.13,345.32,290.57,345.32,338.04,38.0
06/03/2026,1630,HOOD,82.85,-6.02%,6.49,153.8599,63.515,79.69,77.67,103.55,-2.0,-0.91,-0.71,"23,839,117",101074.04,2.996305009E7,2.935714456E7,61.01,20.25,11.72,-12.14,93.32,64.45,-64.45,94.03,39.0
06/03/2026,1630,HPP,13.27,-1.56%,0.83,21.7,5.26,11.67,9.0,12.19,3.0,0.92,0.5,"1,583,294",-100300.04,1272787.51,1245343.68,32.59,134.87,24.25,10.77,12.17,5.42,-5.42,-10.11,42.0
06/03/2026,1630,HQY,85.21,-3.54%,2.62,116.65,72.76,85.36,83.69,88.4,-2.0,-0.95,-0.64,"940,716",-100437.04,985738.52,996694.29,-27.57,0.64,0.66,-3.16,88.06,75.61,-75.61,95.03,62.0
06/03/2026,1630,HSI:HK,25633.21,0.00%,399.18,28056.1,23185.58,25863.94,25737.59,26010.83,4.0,0.36,0.47,<empty>,NaN,NaN,NaN,NaN,3.13,-0.16,1.79,27024.62,24204.45,-24204.45,-24727.04,NaN
06/03/2026,1630,HSY,183.20,-0.48%,4.28,239.48,160.07,190.39,195.08,193.96,-4.0,-0.3,-0.38,"1,505,816",-100136.52,1902091.97,1891112.35,-54.41,-11.15,-4.98,-5.58,230.62,180.22,-180.22,200.05,39.0
06/03/2026,1630,HTZ,5.16,-0.96%,0.24,8.44,3.775,5.51,5.73,5.46,9.0,-0.12,0.41,"3,694,668",-200336.24,1.172203645E7,1.038637654E7,-60.55,0.98,4.67,-4.44,8.31,4.52,8.31,-5.08,44.0
06/03/2026,1630,HUBS,222.45,-7.37%,19.54,611.0,173.25,208.57,220.42,341.64,-1.0,1.0,-0.73,"1,974,341",200976.04,1902559.29,1770871.18,-12.77,-9.08,6.85,0.82,297.62,173.14,-173.14,262.02,43.0
06/03/2026,1630,HUM,327.54,+2.08%,8.7,333.31,163.11,299.02,241.02,245.24,1.0,0.91,0.58,"1,125,029",0.0,1736966.54,1717869.59,-63.45,84.19,5.47,7.24,316.09,163.51,-163.51,333.02,38.0
06/03/2026,1630,HYG,79.68,-0.28%,0.28,81.36,78.565,79.9,79.94,80.48,-3.0,-0.64,-0.43,"28,130,578",100109.45,4.340664616E7,4.988071955E7,-15.42,0.15,0.42,-0.78,81.32,79.46,81.32,80.03,NaN
06/03/2026,1630,HYLS,40.83,-0.17%,0.08,42.4036,40.01,40.88,40.87,41.52,-1.0,-0.7,-0.4,"99,335",-200000.41,290442.18,269291.1,-1.07,0.22,0.34,-0.17,42.28,40.45,42.28,-41.06,NaN
06/03/2026,1630,IAK,127.97,-0.88%,2.5,138.66,124.62,131.33,130.97,132.31,-1.0,-0.38,-0.15,"28,533",200024.51,42171.13,53877.29,2.89,-0.38,-4.56,-0.31,136.62,125.46,-125.46,-128.02,NaN
06/03/2026,1630,IBB,167.50,+1.97%,2.67,179.64,123.61,169.29,169.58,163.41,-3.0,-0.4,-0.38,"1,013,490",0.0,1438576.43,1516689.98,30.76,-1.14,2.02,-2.72,177.34,160.49,177.34,-162.1,NaN
06/03/2026,1630,IBIT,37.00,-2.76%,2.41,71.82,35.3,43.38,42.36,50.77,-16.0,-0.51,-0.26,"52,057,586",-100251.02,4.199316057E7,4.635717274E7,60.57,-2.55,-14.94,-11.12,47.16,37.46,47.16,47.16,NaN
06/03/2026,1630,IDX,10.61,-4.67%,0.53,17.55,10.552,11.72,12.93,15.35,6.0,-0.07,0.47,"100,013",-200200.07,76184.47,69589.8,-23.68,-21.7,-6.93,-2.3,15.32,11.06,15.32,13.17,NaN
06/03/2026,1630,IDXX,560.73,+1.80%,11.15,769.98,506.91,552.21,563.47,636.8,-2.0,0.67,-0.81,"889,660",-100132.04,595626.24,582262.85,48.06,-1.55,2.61,-0.5,639.62,523.14,-523.14,573.03,41.0
06/03/2026,1630,IEF,94.00,-0.25%,0.42,98.045,92.945,94.2,94.81,96.09,-3.0,-0.33,-0.74,"7,056,311",200010.5,8370853.52,9554627.19,103.99,-1.32,0.96,-0.69,97.6,93.1,-93.1,-93.1,NaN
06/03/2026,1630,IFF,73.56,+0.44%,1.61,84.45,59.14,76.24,73.43,69.38,-4.0,-0.46,-0.47,"2,659,087",-100533.04,1832735.02,1872722.71,50.27,1.56,2.18,-3.27,84.19,65.52,84.19,-71.09,42.0
06/03/2026,1630,IGLB,49.76,-0.32%,0.45,52.5999,48.49,49.59,49.7,50.67,-3.0,-0.79,-0.82,"1,098,359",-200112.57,1420022.15,1719456.19,-66.22,-0.04,2.37,-0.74,51.6,48.1,-48.1,50.03,NaN
06/03/2026,1630,IGSB,52.26,-0.06%,0.1,53.25,52.12,52.36,52.46,52.82,-3.0,-0.55,-0.62,"4,055,785",200003.04,3406758.77,3775421.1,48.41,-0.36,0.17,-0.53,53.59,52.1,-52.1,53.03,NaN
06/03/2026,1630,IIGD,24.48,-0.10%,0.06,25.08,24.3,24.5,24.57,24.78,-1.0,0.52,-0.68,193,100000.15,4942.87,7349.94,-99.5,-0.65,0.58,-0.18,25.59,24.1,-24.1,-24.1,NaN
06/03/2026,1630,IJT,162.60,-0.58%,2.29,165.61,127.77,162.01,157.11,147.34,-1.0,-0.64,-0.38,"160,995",-100019.12,140133.96,130349.95,-33.02,10.72,3.29,-0.45,165.06,139.45,166.05,166.05,NaN
06/03/2026,1630,ILMN,170.93,+5.16%,10.07,172.49,81.755,148.57,136.25,123.25,1.0,1.0,1.0,"3,139,891",200546.01,1604636.58,1609293.49,50.3,34.19,20.65,4.89,150.13,115.57,-115.57,-135.17,40.0
06/03/2026,1630,INDA,47.36,-1.39%,0.42,56.01,45.2118,48.36,48.5,51.81,-3.0,-0.66,-0.34,"6,442,648",0.0,7240252.35,8399180.15,-29.0,1.52,0.19,-2.47,52.32,45.45,52.32,-47.1,NaN
06/03/2026,1630,INDY,41.71,-1.35%,0.32,54.87,40.8201,42.59,43.07,48.39,-3.0,-0.7,-0.55,"234,293",-100042.16,153025.45,158387.63,250.87,-0.96,-0.1,-2.32,46.62,41.45,-41.45,44.17,NaN
06/03/2026,1630,INFL,52.03,-0.48%,0.52,55.17,40.94,52.79,52.71,47.87,2.0,0.0,0.38,"167,055",-200125.07,295717.8,277737.26,-35.64,-0.86,-2.09,-0.04,54.15,50.51,54.15,54.15,NaN
06/03/2026,1630,INMD,13.49,-0.07%,0.19,16.74,12.72,13.85,13.96,14.44,-3.0,-0.41,-0.25,"732,023",-100126.09,855871.2,921190.24,-30.07,-2.18,-3.44,-3.16,15.32,13.57,15.32,14.03,39.0
06/03/2026,1630,INTC,112.71,+4.43%,5.32,132.75,18.965,116.48,86.37,50.46,1.0,-0.43,0.01,"117,978,365",501298.18,1.3145602057E8,1.2211655579E8,2.27,123.72,1.72,-1.72,133.16,41.45,133.16,-102.1,35.0
06/03/2026,1630,INVH,28.98,+0.38%,0.4,34.25,24.25,28.9,27.43,27.7,-5.0,-0.72,-0.17,"6,365,030",0.0,5627080.53,6082680.98,55.33,13.42,1.12,-0.92,30.06,24.51,-24.51,30.03,39.0
06/03/2026,1630,IONQ,68.23,-4.44%,8.15,84.64,25.89,58.99,46.0,48.27,-3.0,-0.99,-0.61,"30,358,912",300118.34,3.199006716E7,2.969165416E7,25.73,132.87,40.85,-5.33,66.07,26.45,-26.45,-46.1,43.0
06/03/2026,1630,IPO,56.85,-1.25%,3.12,58.74,39.305,52.39,48.57,47.51,-2.0,1.0,-0.81,"36,488",200127.03,30574.95,27640.38,33.83,33.99,15.31,0.44,54.06,39.45,-39.45,59.02,NaN
06/03/2026,1630,IRM,127.95,-0.40%,1.53,134.09,77.77,127.16,117.94,101.65,2.0,-0.64,0.29,"1,205,051",100839.24,1509994.57,1499382.04,-30.82,23.86,3.59,-0.23,134.19,97.45,134.19,-122.1,43.0
06/03/2026,1630,IRT,16.23,+2.46%,0.31,18.74,14.6,16.38,15.9,16.52,1.0,-0.69,0.11,"2,165,362",0.0,2434455.39,2438444.27,16.59,7.48,-1.64,0.0,17.06,15.42,17.06,17.06,39.0
06/03/2026,1630,ITA,224.89,-1.51%,5.49,250.65,175.5951,225.64,223.93,218.76,-3.0,-0.53,-0.67,"939,283",-100228.58,933417.65,1155783.74,97.84,1.34,3.01,-4.48,247.62,209.45,-209.45,236.04,NaN
06/03/2026,1630,ITB,92.46,-0.85%,2.49,118.0,84.98,91.21,93.07,101.23,-1.0,0.59,-0.72,"2,004,935",100437.1,2239391.72,2356351.58,16.86,2.45,7.22,-0.64,103.3,85.1,-85.1,96.05,NaN
06/03/2026,1630,ITW,250.26,+0.68%,1.68,303.155,238.82,250.74,259.17,260.46,2.0,0.14,0.59,"1,013,532",-100125.04,1318161.67,1307407.87,-10.92,-3.08,1.17,1.21,287.62,244.1,287.62,-242.02,38.0
06/03/2026,1630,IVOL,17.68,-0.34%,0.12,20.255,17.6516,17.99,18.3,19.01,-1.0,0.0,-0.24,"98,798",-100135.4,296750.76,287816.0,32.14,-4.9,-1.78,-0.67,19.6,18.03,19.6,18.17,NaN
06/03/2026,1630,IWC,187.33,-2.09%,5.13,193.24,121.205,186.57,177.65,162.44,-4.0,-0.83,-0.38,"74,822",-200325.19,146918.19,130146.95,-43.22,15.18,6.1,-1.98,192.06,153.45,193.04,193.04,NaN
06/03/2026,1630,IWF,126.63,-1.29%,1.63,129.14,100.455,125.09,118.27,116.56,-2.0,-0.92,-0.29,"3,999,827",-100128.58,6425031.79,8422342.88,-27.06,17.78,2.89,-0.95,126.06,102.45,-102.45,129.02,NaN
06/03/2026,1630,IWM,287.67,-1.37%,6.09,292.74,206.81,284.7,272.66,254.85,-1.0,-0.83,-0.38,"28,859,809",100034.51,3.013191788E7,3.599831513E7,39.14,14.48,5.37,-0.95,291.06,239.45,293.04,293.04,NaN
06/03/2026,1630,IWN,212.19,-1.31%,3.58,215.7,151.185,210.96,204.27,188.95,-1.0,-0.78,-0.46,"583,889",100226.43,804859.66,811114.28,64.76,10.41,3.9,-0.79,215.06,182.51,216.05,216.05,NaN
06/03/2026,1630,IWO,376.99,-1.41%,9.45,383.95,272.16,371.56,352.25,332.53,-1.0,-0.85,-0.39,"514,077",0.0,416618.15,449539.17,113.34,18.42,6.73,-0.99,380.06,300.45,384.04,384.04,NaN
06/03/2026,1630,J,121.28,-0.54%,3.79,168.44,105.68,116.77,123.43,138.21,-1.0,0.5,-0.92,"922,486",100435.14,1131483.87,1106356.85,-65.18,-5.26,7.43,1.18,138.62,106.14,-106.14,125.02,42.0
06/03/2026,1630,JACK,11.95,-6.27%,0.76,25.34,8.915,12.2,11.9,16.79,-1.0,-0.64,-0.62,"512,010",100897.06,899838.2,898829.12,-64.56,19.62,4.46,-4.02,15.62,9.44,-9.44,-10.12,43.0
06/03/2026,1630,JBHT,280.05,+1.62%,8.43,281.62,130.12,259.36,242.33,195.97,-2.0,1.0,-0.7,"809,465",300441.13,921652.16,961659.06,-11.57,30.31,9.17,1.31,268.06,194.54,-194.54,-231.15,27.0
06/03/2026,1630,JBLU,4.77,-3.25%,0.33,6.5,3.84,4.96,4.93,4.91,-3.0,-0.61,-0.53,"26,019,142",201190.49,2.866649494E7,2.848314044E7,86.9,5.53,8.9,-12.8,6.32,4.52,6.32,6.05,37.0
06/03/2026,1630,JBSAY,14.44,0.00%,0.42,15.5,13.01,14.36,14.79,12.75,4.0,0.12,0.37,<empty>,-200000.03,264987.4,239337.09,-42.94,2.12,0.77,3.81,-9.223372036854776E18,13.03,-13.03,-13.03,NaN
06/03/2026,1630,JETS,27.83,-2.35%,1.47,31.33,21.0312,27.25,26.31,26.6,-3.0,-0.88,-0.73,"2,046,249",0.0,4098168.15,4926719.95,-25.44,11.63,12.17,-5.08,29.32,24.45,-24.45,30.03,NaN
06/03/2026,1630,JNJ,223.24,+0.16%,3.44,251.71,149.04,227.18,231.74,212.59,-7.0,-0.22,-0.41,"6,500,285",-200325.04,7557540.37,7655716.03,-12.92,-8.15,-2.94,-0.93,247.42,220.16,-220.16,235.07,28.0
06/03/2026,1630,JNK,96.00,-0.22%,0.34,98.24,94.485,96.23,96.24,96.96,-3.0,-0.68,-0.44,"2,346,646",-100110.52,3862341.13,5351223.52,-27.99,0.29,0.48,-0.8,97.32,94.46,97.32,97.03,NaN
06/03/2026,1630,JOBY,11.43,-3.71%,0.75,20.95,7.4918,10.95,9.61,12.77,-4.0,-0.98,-0.76,"32,440,244",200391.07,2.81543151E7,2.68590853E7,-1.74,34.47,14.3,-3.95,12.06,8.45,12.04,12.04,43.0
06/03/2026,1630,JOE,64.49,+1.43%,0.54,73.54,44.15,64.21,65.38,60.65,2.0,0.33,0.72,"209,506",-200139.21,229560.5,246162.22,-1.6,-1.01,2.12,1.35,73.54,60.46,-60.46,68.16,34.0
06/03/2026,1630,JOET,45.12,0.00%,0.85,45.24,38.8005,43.72,42.52,42.35,10.0,1.0,0.64,"11,158",-100022.23,21647.24,21847.07,-20.87,11.82,6.28,0.96,44.06,39.45,-39.45,-42.1,NaN
06/03/2026,1630,JPM,300.85,-0.04%,3.22,337.25,260.31,301.72,303.49,305.89,2.0,0.42,0.48,"6,993,145",-100139.52,8674888.0,9259265.2,-9.29,2.12,1.74,0.51,320.3,279.57,320.3,310.06,27.0
06/03/2026,1630,JPXN,100.06,+0.13%,0.89,101.215,76.19,99.21,96.02,90.76,2.0,-0.59,0.56,"4,225",0.0,18586.51,38877.94,-76.96,8.57,2.77,0.0,101.14,88.51,101.14,-96.09,NaN
06/03/2026,1630,JYNT,8.27,-4.61%,0.34,13.4692,7.5,8.72,8.76,9.02,-5.0,-0.37,-0.44,"65,563",200000.16,56548.93,69891.78,-33.06,-3.84,-5.16,-7.08,9.56,8.51,10.05,10.05,44.0
06/03/2026,1630,K,83.44,0.00%,0.18,83.65,76.48,83.36,83.14,81.46,4.0,0.56,0.31,<empty>,-100010.01,3364959.52,3435920.58,1730.15,0.7,-0.06,0.36,84.1,76.54,84.1,-83.07,38.0
06/03/2026,1630,KBA,34.80,+0.14%,0.54,35.309,23.71,34.06,32.65,30.78,2.0,0.63,0.41,"28,553",100022.1,76788.58,84365.12,-56.19,15.37,4.6,1.4,35.14,29.49,35.14,-33.08,NaN
06/03/2026,1630,KBWP,115.1334,-0.82%,2.35,129.0,114.62,118.29,119.54,121.88,-8.0,-0.16,-0.23,"9,041",0.0,12299.77,12987.35,-2.43,-3.63,-5.1,-0.16,126.62,115.03,126.62,123.1,NaN
06/03/2026,1630,KCE,147.54,-1.85%,1.5,162.25,132.305,151.91,148.0,149.34,-2.0,-0.56,-0.25,"9,695",100125.55,14843.61,17938.46,60.05,7.26,-1.38,-2.89,156.3,132.46,156.3,155.13,NaN
06/03/2026,1630,KDP,30.55,+0.63%,0.62,35.935,24.875,29.34,27.91,27.99,8.0,0.99,0.58,"12,276,185",100026.04,1.110882547E7,1.096134798E7,46.82,20.7,5.89,1.73,30.06,25.41,-25.41,-28.08,34.0
06/03/2026,1630,KEMX,52.75,-1.31%,2.09,53.6,30.55,49.89,46.23,39.89,-1.0,1.0,-0.75,"10,284",200126.02,17429.03,24681.99,63.09,30.41,12.1,1.94,51.06,39.45,-39.45,-46.1,NaN
06/03/2026,1630,KHC,22.76,-2.44%,0.47,29.19,21.035,23.53,22.83,24.34,-4.0,-0.83,-0.38,"17,952,502",-100032.2,1.434324875E7,1.528982631E7,48.17,-0.13,-2.23,-5.21,25.6,21.49,25.04,25.04,38.0
06/03/2026,1630,KLAC,2125.11,+3.91%,104.7,2145.52,773.5967,1881.88,1763.99,1365.72,2.0,0.78,0.8,"1,014,521",100451.24,953781.04,985930.36,8.15,40.1,22.09,10.58,2023.06,1321.6,-1321.6,-1690.1,40.0
06/03/2026,1630,KMX,46.03,+4.78%,3.32,71.99,30.26,40.27,40.68,44.05,1.0,0.72,0.98,"5,092,889",-100648.36,3299173.91,3278122.1,52.54,11.64,26.91,3.16,49.36,35.09,-35.09,-35.09,10.0
06/03/2026,1630,KNX,78.27,+0.84%,3.58,78.84,38.625,69.55,64.67,53.5,-2.0,1.0,-0.96,"2,687,381",301342.14,3786684.84,3697853.74,-28.05,33.57,14.48,3.49,73.06,52.54,-52.54,-59.15,34.0
06/03/2026,1630,KO,78.76,+0.45%,1.18,82.6635,65.3538,80.05,77.91,73.09,-10.0,-0.37,-0.17,"14,790,083",-300120.04,1.445988145E7,1.500041142E7,19.69,2.66,-3.86,-0.32,83.1,74.48,83.1,83.1,32.0
06/03/2026,1630,KR,61.23,-0.54%,2.89,76.58,58.6,65.39,67.76,66.83,-9.0,0.0,-0.18,"6,975,971",-200238.04,5467490.91,6211696.3,-16.2,-15.37,-13.27,-1.48,77.57,62.03,77.57,72.1,11.0
06/03/2026,1630,KRE,67.88,-2.39%,0.97,74.08,55.55,68.86,68.38,65.88,-1.0,-0.54,-0.43,"14,956,579",0.0,1.40863436E7,1.59662471E7,-18.77,2.85,0.47,-2.49,71.32,62.52,71.32,71.05,NaN
06/03/2026,1630,KSA,38.22,-1.27%,0.22,41.5,35.81,38.56,39.0,38.55,-1.0,-0.38,-0.49,"390,382",0.0,513662.64,664762.24,129.23,-2.95,-0.7,-1.37,41.32,36.61,41.32,-38.02,NaN
06/03/2026,1630,KSS,15.52,-2.08%,1.49,25.22,7.93,13.44,13.68,16.61,12.0,0.55,1.0,"5,809,012",100170.05,4917749.2,5524176.36,17.75,21.06,32.2,8.08,17.59,11.09,-11.09,16.04,57.0
06/03/2026,1630,KVUE,16.83,-2.83%,0.22,22.87,14.02,17.37,17.38,17.45,-4.0,-0.31,-0.55,"38,333,954",-200322.01,1.947408526E7,2.069216795E7,23.13,-1.81,-1.87,-2.6,18.61,17.4,-17.4,18.05,44.0
06/03/2026,1630,KW,10.99,-0.09%,0.02,11.085,6.28,11.01,10.94,9.77,-4.0,-0.04,-0.3,"1,306,384",100015.1,973916.24,1146094.34,-34.86,1.1,-0.09,-0.18,11.18,11.44,11.18,-11.14,43.0
06/03/2026,1630,KWEB,27.22,-3.92%,0.71,43.365,26.23,28.26,28.55,34.74,4.0,-0.6,0.35,"30,096,932",100232.08,2.767095222E7,2.776425464E7,-63.29,-3.1,-3.75,1.83,31.59,26.04,-26.04,-26.04,NaN
06/03/2026,1630,LAMR,149.59,-0.59%,2.39,158.6899,113.66,150.27,139.49,130.51,-6.0,-0.77,-0.22,"509,203",-200125.15,611832.43,609416.18,-57.79,17.2,0.12,-1.88,159.17,122.44,159.17,-144.12,45.0
06/03/2026,1630,LCID,5.72,-7.29%,0.33,33.7,5.55,6.09,7.25,12.99,-2.0,-0.78,-0.76,"15,687,364",-701021.29,1.64995956E7,1.421718607E7,-44.55,-42.57,1.96,-12.67,11.59,6.08,-6.08,7.02,42.0
06/03/2026,1630,LEVI,22.62,-1.05%,0.99,24.82,16.5,22.22,21.63,21.45,-3.0,-0.67,-0.5,"1,591,960",-100438.4,2974269.03,2844372.75,-56.67,19.68,8.85,-2.5,24.3,18.51,24.05,24.05,14.0
06/03/2026,1630,LFMD,4.56,-2.77%,0.19,15.84,2.56,4.46,4.25,4.53,3.0,0.64,0.39,"722,811",202616.32,1056146.14,1234690.91,-34.37,29.91,6.05,6.54,5.19,3.61,5.19,-4.08,43.0
06/03/2026,1630,LFST,7.50,-3.35%,0.15,8.89,3.74,7.76,7.17,6.49,-1.0,-0.58,-0.24,"1,962,335",-100411.18,4298392.83,3899075.3,-66.83,18.86,-2.98,-2.72,9.18,6.56,9.18,-7.07,44.0
06/03/2026,1630,LH,258.92,+0.47%,3.0,293.72,241.81,256.79,262.27,268.16,-4.0,0.33,-0.68,"679,770",-200330.24,644849.18,625073.83,42.87,-5.41,2.06,-0.44,280.3,249.2,-249.2,265.04,34.0
06/03/2026,1630,LI,14.99,-2.85%,1.25,32.025,14.525,16.85,17.66,19.36,2.0,-0.08,0.17,"3,412,134",-100149.02,3995570.72,3997840.52,-48.36,-18.84,-7.35,-0.13,20.14,15.03,20.14,-15.02,58.0
06/03/2026,1630,LII,515.30,-0.21%,11.03,689.44,434.06,505.85,494.38,513.37,8.0,0.63,0.56,"370,263",100142.24,469828.79,455717.04,-5.84,13.34,6.76,2.62,551.18,434.46,551.18,-475.08,38.0
06/03/2026,1630,LIN,507.57,+2.35%,6.54,521.28,387.78,505.36,501.82,465.64,1.0,0.41,0.37,"2,278,548",-200025.04,2127823.71,2287397.04,-3.41,0.99,0.3,1.99,521.22,471.58,521.22,-489.02,40.0
06/03/2026,1630,LIT,84.86,-1.78%,1.63,91.98,36.11,86.73,82.44,67.76,-1.0,-0.33,-0.41,"293,196",400037.03,438562.23,398060.72,-58.47,14.41,3.77,-2.63,92.16,67.51,92.16,-81.1,NaN
06/03/2026,1630,LLY,1078.78,+1.37%,39.57,1149.1,623.78,1031.71,964.28,943.34,-4.0,-0.95,-0.68,"2,646,881",200438.24,3149145.2,3085153.5,-24.08,15.31,5.62,-2.37,1082.06,851.24,1149.04,1149.04,43.0
06/03/2026,1630,LMND,52.66,-9.30%,2.23,99.9,34.1,55.47,59.48,63.99,-2.0,-0.6,-0.6,"1,976,425",100781.55,1624254.66,1761682.0,51.28,-14.33,-2.43,-9.21,73.32,51.12,-51.12,60.05,42.0
06/03/2026,1630,LMT,512.03,-0.27%,7.77,692.0,410.11,521.5,557.4,534.06,-4.0,-0.35,-0.66,"1,043,189",-100135.52,1374215.56,1482558.8,26.5,-17.78,-2.77,-3.47,676.6,500.19,-500.19,541.04,32.0
06/03/2026,1630,LNG,235.37,-0.27%,6.84,300.89,186.2001,239.69,258.56,230.19,3.0,0.05,0.59,"2,283,924",-100147.52,2673194.47,3051218.71,7.69,-16.29,-4.62,4.67,301.45,224.03,301.45,-224.03,44.0
06/03/2026,1630,LOGI,119.07,-6.01%,8.48,129.66,83.32,109.64,101.17,103.13,-1.0,-1.0,-0.88,"1,915,133",200446.04,1114246.23,1121090.43,99.71,29.45,14.87,-2.3,113.07,87.51,-87.51,-100.13,42.0
06/03/2026,1630,LOTMY,30.3400,+1.74%,0.4,33.1,21.65,30.32,30.18,26.74,7.0,0.2,0.37,"5,854",100100.04,19810.26,21468.64,-25.55,4.33,2.15,2.36,33.32,27.58,33.32,-29.07,NaN
06/03/2026,1630,LOW,207.65,+0.49%,4.96,293.06,203.4,218.98,231.33,247.79,1.0,-0.19,0.43,"3,871,334",100333.1,2749957.84,2755538.19,25.68,-10.12,-4.91,-3.13,257.3,208.09,257.3,233.17,53.0
06/03/2026,1630,LQD,108.62,-0.28%,0.62,112.93,106.91,108.59,108.9,110.37,-3.0,-0.69,-0.78,"24,018,704",-300009.56,3.022504014E7,3.651042402E7,25.86,-0.46,1.4,-0.68,111.6,107.1,-107.1,110.03,NaN
06/03/2026,1630,LRCX,343.71,+2.78%,20.01,346.19,83.49,303.32,269.7,196.28,2.0,1.0,0.72,"8,566,303",-100371.52,9219482.86,9709189.18,-0.77,57.35,25.73,8.02,324.06,194.6,-194.6,-264.1,39.0
06/03/2026,1630,LUV,40.87,-3.47%,1.96,55.11,28.975,40.81,39.84,38.73,-4.0,-0.54,-0.67,"5,818,235",0.0,7070966.34,7895663.76,21.3,8.7,9.42,-4.84,47.62,36.42,-36.42,44.05,34.0
06/03/2026,1630,LUXE,7.48,+2.05%,0.31,11.38,6.54,7.59,8.18,8.64,10.0,0.13,0.43,"202,055",-100680.11,258709.56,250480.2,-45.56,-3.98,8.88,6.4,10.62,7.1,-7.1,-7.1,78.0
06/03/2026,1630,LVS,50.86,-0.68%,0.98,70.4545,40.035,51.17,53.08,57.06,-2.0,0.4,-0.8,"3,405,324",100139.29,4281552.09,4184247.78,-6.74,-6.4,1.88,0.57,58.32,48.08,-48.08,-48.08,34.0
06/03/2026,1630,LW,41.94,+0.79%,0.75,67.07,37.62,42.5,42.53,50.52,-3.0,-0.8,-0.64,"1,070,543",-100266.52,1978764.3,2750359.71,-33.07,6.58,-0.59,-2.87,47.62,38.42,-38.42,-40.09,33.0
06/03/2026,1630,LYB,67.30,-0.01%,2.77,83.94,41.58,70.92,73.27,56.85,3.0,0.0,0.4,"4,622,239",-100261.52,6295157.17,7560137.63,11.81,-15.45,-7.86,0.98,84.44,64.62,84.44,75.15,40.0
06/03/2026,1630,LYFT,14.09,-0.14%,0.49,25.54,12.46,13.79,13.83,17.36,-2.0,0.9,-0.75,"10,354,118",100262.52,1.452177337E7,1.602750721E7,-23.25,5.62,6.9,-0.14,15.32,12.45,15.32,15.02,43.0
06/03/2026,1630,LYV,164.25,-2.02%,2.08,175.25,125.34,166.51,160.47,153.49,-2.0,-0.61,-0.39,"2,248,856",100434.2,2753653.59,2855430.39,4.69,5.46,0.76,-2.47,173.13,144.46,173.13,-160.09,44.0
06/03/2026,1630,M,21.80,+0.60%,1.4,24.41,10.54,20.1,19.45,19.51,-4.0,0.84,-0.83,"14,185,493",-300147.01,5778898.52,6909088.9,171.27,22.33,14.44,0.18,22.06,17.52,-17.52,-18.12,0.0
06/03/2026,1630,MA,471.55,-1.28%,8.55,601.77,464.52,494.13,500.46,540.38,-2.0,-0.32,-0.4,"5,223,736",-300026.04,3591128.63,3530282.62,57.21,-4.44,-5.63,-4.54,534.24,481.46,534.24,513.1,39.0
06/03/2026,1630,MAC,22.30,+0.27%,0.31,22.925,15.48,22.17,21.29,18.95,-4.0,-0.53,-0.29,"2,128,156",100129.14,2842555.77,2612323.77,-74.86,14.18,1.69,-0.98,23.06,18.6,23.04,23.04,46.0
06/03/2026,1630,MAR,376.75,+0.80%,10.2,388.37,253.555,365.03,356.19,312.26,-4.0,-0.65,-0.57,"1,053,829",-200331.04,1416187.2,1448289.7,-24.07,13.5,5.03,0.31,380.3,311.6,388.04,388.04,42.0
06/03/2026,1630,MARA,13.96,-2.24%,0.8,23.45,6.66,13.43,11.48,12.65,-2.0,-0.97,-0.47,"31,689,545",200905.24,4.49296282E7,4.520857853E7,3.07,60.28,12.22,-2.92,15.06,8.44,-8.44,15.02,38.0
06/03/2026,1630,MCD,273.29,-1.11%,3.05,341.75,271.975,278.66,292.87,306.98,-5.0,-0.28,-0.73,"5,003,668",-400022.17,3727892.81,3601090.07,44.99,-11.02,-2.67,-2.12,332.6,272.16,-272.16,-272.16,44.0
06/03/2026,1630,MCHP,96.55,-0.42%,2.23,105.91,48.52,96.08,84.53,71.03,2.0,-0.52,0.23,"10,417,686",100152.17,1.027423841E7,1.009112302E7,-19.21,47.18,5.16,2.01,106.17,59.45,106.17,-89.08,44.0
06/03/2026,1630,MCK,739.53,+0.37%,11.83,999.0,637.0,749.3,810.41,819.23,-4.0,0.24,-0.51,"770,488",-200027.08,1064959.55,1012315.36,-20.24,-16.37,-2.93,-0.39,960.56,724.16,-724.16,782.1,43.0
06/03/2026,1630,MCO,448.39,-1.15%,9.04,546.88,402.28,447.32,446.53,476.61,-2.0,-0.73,-0.7,"841,680",100133.04,1051977.1,1143841.96,-19.38,1.72,3.2,-1.07,483.29,422.57,483.29,466.02,34.0
06/03/2026,1630,MCW,7.10,0.00%,0.03,7.155,4.61,7.06,7.01,5.98,5.0,0.2,0.41,<empty>,-100000.01,3447986.43,3995428.99,1943.95,2.01,1.0,0.28,7.11,7.62,7.11,7.11,55.0
06/03/2026,1630,MDB,368.32,-7.56%,32.03,444.72,193.865,322.55,279.74,327.18,-1.0,1.0,-0.89,"2,085,532",101776.03,2146375.21,2106427.39,34.85,45.51,10.05,9.77,349.1,216.37,-216.37,-282.17,58.0
06/03/2026,1630,MDLZ,61.31,+0.39%,0.5,71.15,51.2008,61.46,59.54,58.92,-4.0,-0.61,-0.43,"6,645,014",-100031.52,7960396.35,8745504.29,-33.76,6.55,0.03,0.23,63.1,54.57,63.1,-60.02,38.0
06/03/2026,1630,MELI,1638.54,-2.05%,49.35,2645.22,1495.0,1657.4,1726.65,2016.44,-2.0,-0.54,-0.66,"543,579",-200541.17,550992.98,545555.95,-58.48,-4.49,2.74,-3.37,1903.3,1495.14,-1495.14,1734.02,43.0
06/03/2026,1630,META,622.98,+4.24%,12.16,796.25,520.26,613.17,618.87,663.94,1.0,0.54,0.44,"22,923,341",-100136.24,1.709766044E7,1.625633662E7,56.64,8.45,3.38,-1.51,692.32,520.46,692.32,643.04,39.0
06/03/2026,1630,MGM,48.30,-0.12%,4.87,51.59,29.185,40.03,38.81,35.97,-1.0,1.0,-1.0,"5,907,573",200528.03,5270011.52,5238732.93,49.73,31.68,34.09,10.6,41.26,33.6,-33.6,52.02,39.0
06/03/2026,1630,MGPI,16.29,-3.15%,0.61,33.378,16.29,18.11,18.82,23.09,-4.0,-0.57,-0.56,"209,835",0.0,213080.35,238076.47,26.77,-11.9,-8.48,-7.71,21.32,16.51,21.32,20.17,39.0
06/03/2026,1630,MICC,16.72,-0.48%,0.48,19.93,12.94,15.75,14.85,NaN,-1.0,0.74,-0.71,"1,202,774",-100267.13,1568225.51,1533650.12,77.43,16.92,7.94,3.21,17.12,13.24,17.12,17.12,NaN
06/03/2026,1630,MKOR,67.7341,-0.99%,3.5,69.355,24.78,63.69,55.67,41.01,-1.0,-0.85,-0.66,"13,562",-100200.16,25373.45,28814.56,-62.43,55.69,16.12,1.77,67.06,41.45,-41.45,69.02,NaN
06/03/2026,1630,MLCO,5.78,+0.52%,0.14,10.15,5.185,5.52,5.61,7.26,7.0,0.95,0.84,"1,749,678",100254.09,1793656.41,1731789.92,-20.14,1.76,6.25,3.96,6.29,5.07,-5.07,6.02,39.0
06/03/2026,1630,MLM,583.15,+1.08%,17.27,710.97,525.38,570.61,592.81,619.69,10.0,0.48,0.76,"444,725",100130.04,491311.81,532583.86,-14.72,-2.35,9.48,0.26,659.62,525.1,-525.1,-525.1,44.0
06/03/2026,1630,MNDY,85.95,-6.08%,6.78,316.98,57.5,77.93,71.7,128.72,-1.0,1.0,-0.78,"1,589,490",100673.04,1905273.09,1807756.65,-31.08,25.77,10.19,2.79,88.16,58.37,-58.37,97.02,46.0
06/03/2026,1630,MNSO,13.27,-1.56%,0.62,26.74,12.3,13.84,14.91,19.21,4.0,0.18,0.72,"448,512",-200352.02,494686.93,485418.71,-37.88,-17.37,-5.95,2.31,18.54,12.04,-12.04,-12.04,53.0
06/03/2026,1630,MNST,89.04,+0.91%,1.09,89.86,58.09,86.23,79.5,74.6,-5.0,-0.94,-0.48,"4,788,544",200026.04,5129845.74,5330025.53,-26.5,23.03,3.12,1.09,89.17,71.44,-71.44,90.02,44.0
06/03/2026,1630,MO,70.30,+1.53%,1.78,74.56,54.7,71.29,68.67,64.39,1.0,-0.41,0.04,"7,730,743",-200227.24,8925056.48,9405866.48,-7.0,6.9,-5.0,1.03,75.22,63.48,75.22,74.1,39.0
06/03/2026,1630,MOH,184.82,+2.76%,3.78,311.525,121.06,184.31,167.74,166.79,3.0,0.58,0.52,"792,800",-100059.52,1157261.68,1420562.19,24.02,32.6,0.24,6.46,201.18,131.45,201.18,-173.06,34.0
06/03/2026,1630,MOO,80.14,+0.48%,0.74,86.5583,69.32,81.08,82.68,77.79,2.0,0.02,0.53,"266,489",-100103.18,417361.82,437785.81,-18.96,-5.75,-1.09,0.86,87.38,79.03,87.38,-79.02,NaN
06/03/2026,1630,MOVE:GIF,73.5773,+0.20%,5.43,115.0172,55.7659,74.48,77.66,73.42,3.0,-0.28,0.58,<empty>,NaN,NaN,NaN,NaN,-10.03,-13.76,4.78,115.47,66.32,-66.32,86.11,NaN
06/03/2026,1630,MP,68.55,-5.11%,5.01,100.2505,22.04,64.78,60.79,62.83,-1.0,0.76,-0.66,"5,624,590",100670.09,6289712.59,6092276.39,-11.86,37.84,24.8,5.95,77.17,44.45,77.17,-54.09,44.0
06/03/2026,1630,MPC,267.21,+1.58%,6.37,272.46,155.93,252.92,242.02,202.59,3.0,0.68,0.58,"2,332,245",-100243.52,2335383.08,2561695.04,-43.91,10.54,1.59,7.41,264.09,211.32,-211.32,-239.17,42.0
06/03/2026,1630,MPLX,55.26,-0.75%,0.5,59.98,47.8,55.32,55.86,54.03,-1.0,-0.33,-0.59,"1,709,086",300224.14,2142062.78,2010301.29,-13.28,-1.14,-0.59,1.12,60.49,53.16,-53.16,57.05,42.0
06/03/2026,1630,MPNGY,20.20,-5.92%,0.78,37.88,18.53,20.91,21.29,24.06,4.0,-0.58,0.38,"361,844",-100100.02,301297.84,340805.45,-57.51,-1.85,-4.49,2.69,24.14,19.04,-19.04,-19.04,58.0
06/03/2026,1630,MRNA,49.06,+7.49%,1.24,59.55,22.28,48.68,49.88,37.77,1.0,0.08,0.41,"6,911,614",-100993.17,6543643.98,7267751.55,-7.95,-0.28,7.31,3.96,59.16,44.22,59.16,59.16,40.0
06/03/2026,1630,MRVL,301.65,+3.73%,38.63,324.2,61.44,196.14,157.56,101.34,3.0,1.0,1.0,"112,716,012",-100607.01,3.176549161E7,3.042352794E7,253.76,181.63,71.13,47.15,217.06,75.62,-75.62,-158.15,59.0
06/03/2026,1630,MSFT,427.34,-3.17%,14.12,555.45,356.28,422.08,406.33,457.29,-2.0,-0.91,-0.59,"38,869,702",100433.04,3.567371048E7,3.463474089E7,31.02,14.43,2.38,-5.09,434.29,356.45,-356.45,466.02,39.0
06/03/2026,1630,MSGS,380.82,-0.50%,11.81,386.05,186.0,355.46,339.42,271.24,-1.0,0.84,-0.75,"215,131",100235.45,233055.32,229632.96,-36.85,17.35,7.83,1.74,369.06,304.52,-304.52,-321.17,48.0
06/03/2026,1630,MSM,117.21,+1.77%,3.83,117.27,78.8,107.65,100.58,91.52,5.0,1.0,0.74,"608,097",100333.27,669872.12,683688.6,-40.85,29.77,12.86,7.07,109.06,85.51,-85.51,-102.1,19.0
06/03/2026,1630,MSTR,126.545,-7.01%,14.72,457.22,104.165,166.81,155.79,204.12,-3.0,-0.39,0.0,"20,760,524",-100590.02,1.75137589E7,1.842705196E7,66.34,5.6,-23.13,-20.46,197.16,116.42,197.16,197.16,40.0
06/03/2026,1630,MTCH,34.32,-2.83%,0.55,39.2,28.81,35.94,34.8,33.6,-2.0,-0.27,-0.22,"2,985,967",-100143.52,3455927.1,4817906.92,-22.14,9.16,-2.91,-5.01,39.22,30.46,39.22,37.17,42.0
06/03/2026,1630,MTDR,56.54,+0.96%,2.8,66.8387,37.14,56.71,59.4,49.08,4.0,0.07,0.6,"2,527,148",-100747.09,1766000.41,1834343.39,73.52,-10.11,-8.38,5.49,67.45,52.05,-52.05,-52.05,38.0
06/03/2026,1630,MTUM,329.50,+1.06%,10.9,331.49,229.29,306.91,281.16,258.74,9.0,0.98,0.58,"1,083,752",200031.05,1101048.51,1049685.14,78.99,34.02,12.61,4.33,315.06,229.45,-229.45,-287.1,NaN
06/03/2026,1630,MU,1079.57,+1.45%,137.33,1089.29,101.7,822.48,595.71,352.78,7.0,1.0,0.94,"39,527,926",101004.07,4.940846813E7,4.807244371E7,-27.97,194.77,54.5,11.18,917.06,311.44,-311.44,-652.1,14.0
06/03/2026,1630,MUR,39.17,+3.19%,1.61,43.34,21.385,38.15,39.21,32.53,4.0,0.1,0.51,"1,868,228",200158.52,1912030.76,2293537.4,10.59,-4.65,-2.9,8.23,43.4,32.59,43.4,-35.05,43.0
06/03/2026,1630,MUSA,542.16,+3.05%,22.31,609.8206,345.2301,552.15,530.63,431.11,3.0,0.17,0.28,"282,589",101137.24,332766.15,349357.48,-17.91,7.91,-4.81,7.14,610.19,396.62,610.19,-502.03,39.0
06/03/2026,1630,MZTI,107.01,-1.67%,2.37,190.96,105.87,113.26,126.29,157.24,-4.0,-0.31,-0.74,"503,817",-200425.22,358540.24,352412.3,38.19,-24.45,-6.04,-4.4,168.62,110.08,168.62,117.17,53.0
06/03/2026,1630,N225:JP,68402.13,0.00%,2628.36,68786.49,37527.88,63621.26,59238.16,52174.42,1.0,1.0,0.74,<empty>,NaN,NaN,NaN,NaN,27.28,14.38,3.12,65318.06,50559.43,-50559.43,-59292.1,NaN
06/03/2026,1630,NBIS,251.68,-3.42%,21.88,278.8399,37.12,212.26,167.47,115.42,-1.0,1.0,-0.75,"11,279,846",200312.15,1.704000424E7,1.774077246E7,-70.91,131.28,27.28,8.91,234.13,87.6,-87.6,-172.15,44.0
06/03/2026,1630,NBIX,165.11,+6.63%,2.81,165.81,122.1375,155.98,140.84,139.9,1.0,0.84,0.29,"1,941,648",-200137.2,1210697.75,1166992.88,24.04,25.46,6.96,4.3,162.13,125.49,-125.49,-150.17,39.0
06/03/2026,1630,NCLH,18.15,+0.11%,1.23,27.1799,14.5301,16.86,18.24,21.3,-3.0,0.52,-0.78,"24,612,709",-100260.22,2.271198242E7,2.278954763E7,17.23,-4.12,22.72,-1.04,22.32,15.1,-15.1,-15.1,39.0
06/03/2026,1630,NEE,84.58,-1.28%,3.06,98.75,67.2,90.21,92.09,85.21,2.0,0.0,0.11,"11,891,190",-100027.04,1.050973185E7,1.036608376E7,75.5,-9.2,-6.08,-2.79,99.22,86.03,99.22,-84.02,33.0
06/03/2026,1630,NEM,107.47,-1.85%,2.52,134.88,52.08,111.51,111.48,100.81,-1.0,-0.33,-0.48,"5,910,403",-100458.52,7901012.83,8957949.99,-12.65,-5.77,2.26,-2.13,122.39,94.51,122.39,-104.04,35.0
06/03/2026,1630,NET,265.33,-2.69%,25.79,274.6299,158.83,221.24,211.87,205.55,5.0,1.0,1.0,"3,889,997",-301070.18,4598856.04,4395433.11,-8.74,25.34,28.35,9.72,259.18,164.37,-164.37,-186.14,40.0
06/03/2026,1630,NFLX,81.52,-2.17%,2.21,134.115,75.01,87.09,92.51,100.62,-7.0,-0.3,-0.28,"36,472,516",100132.33,3.804001181E7,3.847303947E7,18.33,-17.37,-8.74,-5.23,109.33,85.16,109.33,91.1,29.0
06/03/2026,1630,NIKL,14.44,-8.49%,0.54,21.855,10.75,16.04,16.48,15.82,-1.0,-0.18,-0.46,"253,990",0.0,147865.22,169487.47,23.15,-9.48,-1.57,-6.29,19.32,14.51,19.32,18.16,NaN
06/03/2026,1630,NKE,43.81,+0.18%,1.63,80.165,41.35,43.98,45.21,60.57,-4.0,-0.86,-0.73,"18,824,425",100140.43,2.445368531E7,2.267136898E7,-11.73,-0.86,3.28,-5.23,59.62,41.11,-41.11,48.04,18.0
06/03/2026,1630,NLR,131.83,-4.59%,3.25,168.1199,96.8975,134.87,137.44,137.25,-1.0,-0.2,-0.64,"535,638",-200239.16,455436.79,454308.81,-3.06,-1.38,5.41,-1.1,151.28,124.1,-124.1,-124.1,NaN
06/03/2026,1630,NNN,44.19,+0.84%,0.61,46.03,38.9,44.44,43.89,42.54,1.0,-0.41,0.46,"2,139,010",200124.12,1756385.2,1664399.07,-15.9,3.32,-1.45,-0.72,46.59,42.45,-42.45,-43.02,43.0
06/03/2026,1630,NOAH,10.34,-2.54%,0.2,12.84,9.53,10.46,10.35,11.08,-1.0,-0.56,-0.57,"113,787",100260.47,111455.32,113773.92,21.52,3.19,1.17,-2.18,12.59,10.47,-10.47,-10.06,58.0
06/03/2026,1630,NORW,37.95,-0.52%,0.45,39.39,27.84,38.49,38.14,32.84,-8.0,0.0,-0.08,"22,774",-100100.27,150854.88,172704.34,-82.74,0.16,-2.97,-0.29,39.08,35.62,39.08,-37.05,NaN
06/03/2026,1630,NOW,117.90,-7.64%,12.78,211.47798,81.24,102.69,98.57,140.8,-1.0,-1.0,-0.86,"33,591,834",200079.03,2.897055232E7,2.635456742E7,51.95,15.59,15.78,-5.2,127.6,81.37,-81.37,139.02,34.0
06/03/2026,1630,NSA,42.37,+1.19%,0.66,44.015,27.43,42.62,41.55,33.95,1.0,-0.29,0.33,"587,396",-100336.55,986383.39,1591731.41,-47.61,8.31,1.73,-0.66,44.3,30.57,44.3,-41.1,41.0
06/03/2026,1630,NSC,305.11,-0.79%,6.38,326.0,245.19,313.15,305.06,294.74,-5.0,-0.47,-0.27,"924,839",-100426.05,1279544.11,1289443.31,36.93,5.94,-4.11,0.05,323.27,278.51,326.05,-301.02,38.0
06/03/2026,1630,NSP,33.60,-6.28%,2.1,64.34,18.57,32.16,30.45,37.58,-1.0,-0.85,-0.71,"1,034,580",-100190.52,823445.75,969359.41,105.69,14.52,6.8,-2.52,38.24,19.58,38.24,37.02,40.0
06/03/2026,1630,NSSC,35.99,-0.58%,0.66,48.12,26.44,37.58,40.81,41.34,2.0,0.1,0.59,"378,132",100150.58,395931.43,573746.39,-26.0,-9.73,0.47,-4.1,47.22,35.1,47.22,-35.02,55.0
06/03/2026,1630,NTLA,13.02,-0.84%,0.61,28.25,7.31,13.33,13.59,13.31,-2.0,-0.44,-0.42,"3,091,589",200389.25,5954398.66,5421912.31,-17.73,-0.84,9.05,-7.46,17.28,12.45,17.28,-12.09,44.0
06/03/2026,1630,NTR,68.81,+0.45%,1.08,85.3599,53.03,70.25,72.67,65.37,1.0,0.01,0.42,"4,116,295",-100045.46,3066542.77,3553622.89,92.9,-8.82,-3.88,0.38,85.56,68.03,85.56,-68.03,43.0
06/03/2026,1630,NUE,257.73,-0.28%,12.51,261.465,115.66,236.43,210.83,171.06,9.0,0.88,0.63,"1,376,289",200039.04,1489050.62,1480540.92,1.82,49.44,16.24,3.09,240.06,155.52,-155.52,-219.1,37.0
06/03/2026,1630,NVDA,214.75,-3.62%,6.34,236.54,138.83,218.88,202.05,188.24,-1.0,-0.59,-0.18,"158,675,189",-100248.04,1.6247442408E8,1.6655053592E8,5.5,21.06,-2.66,1.71,237.13,164.45,237.13,-209.05,58.0
06/03/2026,1630,NVO,42.00,-2.14%,0.98,81.44,35.12,45.02,41.48,48.84,-3.0,-0.65,-0.55,"11,294,815",0.0,1.595893099E7,1.657831435E7,12.96,13.57,-5.15,-7.85,48.16,35.45,48.16,48.16,43.0
06/03/2026,1630,NXPI,321.88,-0.54%,14.7,339.95,183.0,307.76,257.22,229.92,-4.0,-0.82,-0.18,"2,824,193",-100048.18,3559532.6,3390667.61,-13.11,65.45,9.38,0.16,335.06,185.45,340.05,340.05,37.0
06/03/2026,1630,NYT,75.17,-0.09%,0.64,87.1,51.03,76.38,79.41,69.36,9.0,0.1,0.65,"1,631,061",100131.2,1992536.97,2094809.18,39.64,-12.28,-0.12,-0.05,87.4,73.08,-73.08,-73.08,43.0
06/03/2026,1630,O,59.72,-0.32%,0.96,67.935,55.52,61.71,62.42,60.59,-5.0,-0.12,-0.4,"5,720,333",-200120.04,5612016.51,5846019.14,-11.4,-4.0,-3.82,-2.55,66.56,60.48,66.56,63.05,41.0
06/03/2026,1630,OC,120.16,-0.21%,4.9,159.42,97.53,119.13,117.2,123.16,-3.0,-0.63,-0.64,"1,120,277",-100349.52,1157055.09,1310777.72,10.01,13.53,11.31,-4.5,131.19,99.51,131.19,128.03,43.0
06/03/2026,1630,OIH,431.22,+0.18%,11.83,459.28,223.09,434.69,423.97,334.53,2.0,-0.11,0.18,"317,056",0.0,408664.04,440362.71,-10.9,8.06,-4.39,3.1,459.09,366.6,459.09,459.09,NaN
06/03/2026,1630,OKE,86.75,+0.03%,3.5,96.0661,64.02,89.04,88.63,78.56,2.0,-0.08,0.12,"3,677,636",-100038.52,4317877.7,4602111.87,24.88,-1.76,-8.91,3.35,96.09,81.32,96.09,-84.03,41.0
06/03/2026,1630,OKLO,65.21,-11.24%,4.25,193.84,44.88,67.99,63.09,85.72,-1.0,-0.69,-0.42,"22,602,500",-100302.04,1.395320511E7,1.288729242E7,58.2,35.49,16.7,-2.5,82.27,45.45,82.27,-54.1,46.0
06/03/2026,1630,OKTA,124.65,-7.89%,19.77,142.3499,62.66,94.48,82.71,85.79,-1.0,1.0,-0.92,"6,126,046",300968.03,4210979.1,4136948.06,177.63,55.44,45.45,1.12,96.06,63.37,-63.37,142.02,57.0
06/03/2026,1630,OLLI,79.74,+0.62%,1.49,141.74,73.315,80.07,86.6,110.96,-3.0,0.58,-0.72,"3,299,983",100251.01,1604081.91,1606666.71,76.23,-16.26,0.06,-2.32,112.57,73.14,-73.14,85.04,0.0
06/03/2026,1630,OMF,53.41,-2.04%,0.6,71.93,45.7811,54.09,55.42,59.16,-1.0,-0.44,-0.62,"1,023,567",-100648.56,1162131.73,1371323.67,1.08,-1.22,0.96,-3.44,60.3,46.55,60.3,-52.14,34.0
06/03/2026,1630,ON,133.93,+4.11%,8.07,134.92,44.56,114.97,93.07,64.73,2.0,0.97,0.48,"10,069,905",100673.15,1.114268618E7,1.033035878E7,-53.27,115.36,26.33,11.03,129.06,55.6,-55.6,-99.15,41.0
06/03/2026,1630,ONEW,10.92,-3.87%,0.39,17.92,8.12,11.02,10.45,12.71,-1.0,-0.69,-0.41,"76,242",300036.19,117523.96,136808.21,0.15,10.75,7.69,-0.82,13.17,8.52,13.17,-10.08,39.0
06/03/2026,1630,ONON,37.52,-2.09%,1.24,58.69,31.41,37.63,35.99,41.98,-3.0,-0.74,-0.55,"3,917,568",100557.16,7241652.93,6935756.46,-74.7,13.59,0.48,-8.08,44.62,31.46,-31.46,41.02,47.0
06/03/2026,1630,ONTO,279.98,+0.70%,9.52,316.0,89.4,270.28,262.66,185.0,4.0,0.16,0.5,"1,112,078",-100072.11,1030839.12,983395.26,0.87,29.9,12.86,8.42,316.27,175.6,316.27,-238.1,44.0
06/03/2026,1630,ORCL,230.33,-5.83%,21.79,345.72,134.57,200.91,176.38,206.95,-1.0,1.0,-0.93,"23,214,542",-200357.36,2.607078492E7,2.74341145E7,47.03,57.35,26.93,2.02,201.13,135.37,-135.37,250.02,5.0
06/03/2026,1630,ORLY,87.38,+1.33%,2.12,108.715,85.35,90.43,91.94,96.33,1.0,-0.12,0.15,"7,422,290",-100231.04,5677496.02,5739910.7,15.8,-4.42,-4.94,0.58,101.22,86.03,101.22,95.17,39.0
06/03/2026,1630,OSCR,20.50,-3.03%,1.21,25.58,10.69,22.45,17.96,16.76,-2.0,-0.56,0.0,"6,647,484",300981.12,7337549.78,7233290.13,-40.09,71.98,-16.39,-7.78,26.11,11.45,26.11,26.11,46.0
06/03/2026,1630,OSK,134.05,+1.70%,4.12,180.49,101.365,130.9,141.76,140.98,2.0,0.24,0.83,"607,605",-300247.17,721833.79,713405.62,-49.17,-9.12,12.54,3.12,168.62,117.1,-117.1,-117.1,40.0
06/03/2026,1630,OTLY,8.61,+2.26%,0.54,18.84,8.09,9.98,10.88,12.75,-2.0,-0.1,-0.26,"187,050",-200681.02,85734.82,80340.35,153.66,-16.16,-12.59,-14.33,14.32,9.46,14.32,11.17,33.0
06/03/2026,1630,OUT,31.26,-0.64%,0.73,34.96,15.45,32.39,30.32,24.29,-6.0,-0.38,0.0,"2,690,663",-200130.13,1486154.65,1493631.92,13.71,15.31,-2.65,-3.04,35.17,25.45,35.17,35.17,42.0
06/03/2026,1630,OVX:CGI,60.52,+1.66%,6.49,125.99,23.59,68.5,76.63,52.27,3.0,0.0,0.29,<empty>,NaN,NaN,NaN,NaN,-35.02,-16.97,4.63,126.57,56.03,126.57,-56.03,NaN
06/03/2026,1630,OXLC,9.86,-0.50%,0.16,22.7,8.01,9.96,9.91,13.08,-1.0,-0.86,-0.59,"662,287",0.0,1104364.86,1273985.16,-24.87,0.0,1.02,-1.2,11.22,8.54,11.22,-9.07,NaN
06/03/2026,1630,OXM,45.23,-1.27%,3.32,56.39,30.5656,42.77,41.91,39.66,-1.0,0.61,-0.72,"229,353",-100173.47,321826.62,325007.56,-36.53,15.06,19.88,1.37,48.29,31.52,50.04,50.04,5.0
06/03/2026,1630,OXY,59.64,+0.93%,1.23,67.45,38.8,57.45,58.77,48.64,3.0,0.22,0.77,"8,594,005",-100146.45,1.426104078E7,1.608227806E7,24.09,-5.29,-1.75,5.32,67.44,52.32,-52.32,61.09,43.0
06/03/2026,1630,PAG,171.88,-0.28%,4.87,189.51,140.12,167.14,161.0,164.8,9.0,0.75,0.66,"279,980",100235.25,274959.49,297907.28,17.98,15.09,9.86,2.69,182.24,140.51,182.24,-154.09,38.0
06/03/2026,1630,PALL,23.73,-4.89%,0.58,39.48168,18.2,25.71,26.61,27.23,-1.0,-0.26,-0.48,"1,118,854",0.0,926632.64,1082831.44,9.85,-13.59,-3.34,-3.89,31.59,24.04,31.59,28.14,NaN
06/03/2026,1630,PAM,84.15,-1.84%,2.39,94.5,54.95,82.35,83.38,79.37,-2.0,-0.55,-0.83,"269,658",100446.06,259680.9,258329.4,34.51,-5.71,2.11,-1.29,90.44,76.62,90.44,89.02,43.0
06/03/2026,1630,PATH,11.67,-4.19%,0.83,19.84,9.2002,10.91,10.73,13.02,-2.0,-0.69,-0.54,"33,544,995",300206.05,3.119129155E7,3.438946691E7,-22.48,3.83,10.62,-0.43,13.52,9.13,-9.13,13.02,63.0
06/03/2026,1630,PBD,22.25,-0.93%,0.68,22.5799,11.81,21.74,20.25,17.37,-1.0,-0.7,-0.52,"44,787",100142.02,59132.54,58232.83,26.55,23.54,9.18,0.29,22.06,17.6,23.04,23.04,NaN
06/03/2026,1630,PBH,45.44,-0.85%,1.01,87.12,42.62,48.65,53.9,61.09,-3.0,-0.14,-0.7,"619,667",100133.13,670582.13,628012.44,-17.44,-13.41,-2.15,-4.4,69.62,43.13,-43.13,-43.13,44.0
06/03/2026,1630,PBJ,47.51,-0.35%,0.36,51.07,42.685,48.35,49.05,47.15,-4.0,0.0,-0.45,"3,775",0.0,13175.74,14540.67,-48.12,-4.29,-1.88,-0.56,51.38,47.51,51.38,49.1,NaN
06/03/2026,1630,PBR,18.19,-1.33%,0.71,22.24,11.035,19.74,20.48,15.24,-1.0,0.0,-0.16,"15,483,365",-100148.58,2.288506686E7,2.655160934E7,-21.89,-11.53,-10.88,-3.09,22.21,16.62,22.21,21.16,44.0
06/03/2026,1630,PCAR,114.38,+1.32%,1.53,131.875,88.65,112.03,117.36,110.37,2.0,0.2,0.65,"3,088,972",-100732.26,2726710.23,2782502.09,57.18,-3.33,4.57,3.63,129.3,108.08,129.3,-107.02,32.0
06/03/2026,1630,PD,9.30,-8.28%,1.38,18.0,5.7,7.63,6.93,11.38,-1.0,1.0,-0.92,"2,576,261",100780.04,2425211.14,2670594.07,17.75,45.31,34.98,-6.53,8.61,6.37,-6.37,11.02,62.0
06/03/2026,1630,PDD,85.40,-3.15%,5.42,139.41,81.56,94.12,97.84,112.78,3.0,-0.25,0.15,"10,740,381",100241.04,9238692.11,8610526.2,0.34,-15.34,-12.27,1.14,108.32,82.04,-82.04,-82.04,56.0
06/03/2026,1630,PEB,16.08,+0.88%,0.63,16.11,8.795,14.88,14.05,12.15,3.0,1.0,0.84,"2,976,831",-100346.25,2366918.43,2378499.48,65.62,25.63,12.61,5.44,15.06,12.56,-12.56,-14.12,38.0
06/03/2026,1630,PECO,38.98,-0.89%,0.59,41.07,32.84,39.91,39.09,36.52,-5.0,-0.36,-0.26,"758,830",-200100.19,868697.56,879527.21,15.93,3.86,-1.52,-2.91,41.06,37.49,41.04,41.04,35.0
06/03/2026,1630,PENN,19.65,-2.29%,1.61,20.605,11.65,17.33,16.41,15.93,-1.0,1.0,-0.94,"3,235,463",101158.29,3867515.57,3945462.33,13.45,33.04,21.9,4.35,18.25,14.51,-14.51,21.02,34.0
06/03/2026,1630,PEP,142.54,+0.38%,3.04,171.48,127.6,148.66,152.66,150.55,1.0,0.0,0.25,"6,194,298",-200127.04,6504662.1,6469127.21,12.12,-9.22,-5.21,-1.14,163.62,144.03,163.62,157.17,29.0
06/03/2026,1630,PFE,25.34,-0.82%,0.29,28.745,23.08,25.85,26.64,25.84,-3.0,-0.19,-0.49,"30,911,037",0.0,3.510230962E7,3.704523531E7,-21.59,-10.52,-1.25,-3.21,29.42,25.11,-25.11,27.05,38.0
06/03/2026,1630,PFF,31.23,-0.67%,0.18,32.2645,30.07,31.4,31.15,31.31,-1.0,-0.65,-0.34,"2,921,538",100008.56,2781144.34,3288763.75,48.9,2.63,0.84,-1.05,32.16,30.45,32.16,-31.1,NaN
06/03/2026,1630,PFG,101.19,-2.05%,1.34,105.0,75.0,102.13,97.48,89.14,-5.0,-0.75,-0.37,"1,246,173",-100132.52,1239790.98,1397085.71,34.52,12.31,0.05,-2.35,105.06,85.51,105.05,105.05,37.0
06/03/2026,1630,PFIG,23.90,-0.19%,0.07,26.96,23.69,23.93,24.0,24.21,-1.0,0.55,-0.7,"28,109",-100000.12,23445.05,26738.48,158.37,-0.75,0.74,-0.25,24.59,24.1,-24.1,-24.1,NaN
06/03/2026,1630,PFIX,46.20,+0.36%,2.05,61.1994,41.45,48.4,46.94,47.41,1.0,-0.46,0.02,"834,570",-100143.35,679526.88,742607.2,364.18,2.67,-10.85,-0.45,52.1,43.62,52.1,52.1,NaN
06/03/2026,1630,PG,140.19,-0.45%,2.01,168.045,137.62,143.47,144.21,149.46,-4.0,-0.35,-0.5,"9,341,517",-100029.52,8676379.5,9533514.53,39.72,-2.05,-0.79,-2.35,157.59,140.08,157.59,-139.02,38.0
06/03/2026,1630,PGNY,24.99,-0.52%,0.9,28.75,16.1,23.96,20.19,21.92,-9.0,-0.94,-0.29,"1,402,531",100133.18,1504820.63,1556191.89,-9.29,50.54,1.59,-2.23,26.08,16.37,-16.37,26.02,44.0
06/03/2026,1630,PGRO,48.7125,-0.97%,0.68,49.39,38.7,47.95,45.17,44.19,-1.0,-0.88,-0.25,"6,327",-100100.31,21783.72,19804.36,-50.91,19.74,3.7,-0.5,48.13,39.45,-39.45,49.02,NaN
06/03/2026,1630,PINK,37.42,+1.24%,0.53,38.68,28.32,36.74,35.35,34.71,-3.0,-0.93,-0.47,"33,914",-100033.28,92319.41,104132.78,17.75,10.64,2.92,-1.76,37.06,32.46,38.04,38.04,NaN
06/03/2026,1630,PINS,20.67,-0.96%,0.81,39.93,13.84,20.09,19.59,25.45,-1.0,0.87,-0.6,"21,042,292",-200355.04,1.806408061E7,1.882069967E7,8.58,13.7,9.71,3.09,25.2,17.36,25.2,22.02,46.0
06/03/2026,1630,PJP,107.24,+1.20%,1.6,110.8099,78.77,107.5,105.42,101.93,-4.0,-0.7,-0.42,"17,793",100020.3,26707.99,23155.9,59.8,4.05,1.08,-2.18,109.06,99.49,111.04,111.04,NaN
06/03/2026,1630,PK,13.52,+1.27%,0.86,13.865,9.84,11.64,11.25,11.11,3.0,1.0,1.0,"8,374,905",200336.01,4428766.65,4199105.83,69.24,30.0,22.91,11.46,12.06,10.4,-10.4,-11.12,44.0
06/03/2026,1630,PKB,104.6979,+0.48%,2.08,111.2354,76.5,103.9,103.6,98.67,2.0,0.45,0.61,"8,751",0.0,15724.44,17662.56,-5.48,6.4,6.04,0.11,111.19,93.51,111.19,-98.1,NaN
06/03/2026,1630,PLAY,11.90,-1.90%,1.12,35.53,9.61,11.33,11.85,16.37,-3.0,-0.67,-0.68,"851,136",300184.3,1863242.74,1814946.66,-54.26,-3.64,11.01,-10.99,15.62,10.46,-10.46,14.04,8.0
06/03/2026,1630,PLD,141.82,+1.00%,2.36,147.93,103.41,143.3,139.8,129.15,1.0,-0.51,0.28,"3,970,024",-100126.04,3430007.5,3482216.08,29.61,6.02,-0.44,-1.15,148.06,127.51,148.06,148.06,28.0
06/03/2026,1630,PLNT,51.53,-3.34%,1.07,114.47,37.03,51.69,63.21,89.38,-1.0,0.4,-0.97,"2,541,685",100864.18,2425041.14,2284059.8,-27.86,-29.69,-0.23,-3.7,82.62,37.18,-37.18,55.1,43.0
06/03/2026,1630,PLTR,142.20,-6.55%,8.72,207.52,118.93,139.26,141.55,161.35,-2.0,-0.86,-0.7,"40,654,608",100661.04,4.595816823E7,4.612789102E7,-26.34,-4.22,5.13,-9.16,162.49,123.37,-123.37,164.02,41.0
06/03/2026,1630,PM,175.94,+1.31%,6.84,193.05,142.11,182.1,170.09,165.79,1.0,-0.51,0.08,"3,230,035",-200337.44,4716610.78,4908919.68,-33.91,11.28,-8.16,-0.81,193.1,152.43,193.1,193.1,33.0
06/03/2026,1630,PNC,218.27,-1.24%,3.04,243.94,172.73,217.19,217.35,207.71,-1.0,-0.49,-0.57,"1,804,897",-100039.52,1939236.44,2154647.68,8.65,3.1,2.34,-1.29,230.3,198.52,230.3,223.05,28.0
06/03/2026,1630,PNDRY,11.120,-2.03%,0.54,23.7625,8.25,10.77,9.98,12.78,-3.0,-0.98,-0.6,"41,667",100000.56,106032.0,148809.34,-44.21,20.61,6.82,-4.63,11.06,8.53,-8.53,12.03,NaN
06/03/2026,1630,POET,15.38,+11.29%,1.93,20.81,3.87,13.78,9.99,7.17,3.0,0.58,0.14,"55,108,071",301998.14,4.446603462E7,3.701376959E7,10.52,151.72,17.67,25.14,21.13,5.45,21.13,21.13,47.0
06/03/2026,1630,POOL,180.69,+0.61%,2.88,345.0,172.68,182.13,200.73,248.52,1.0,0.28,0.68,"747,162",-100543.21,812008.4,801241.02,-32.82,-10.96,1.2,-0.39,249.28,173.11,-173.11,-173.11,34.0
06/03/2026,1630,PPLT,16.88,-3.71%,0.38,26.162,9.83,18.03,18.08,17.02,-1.0,-0.2,-0.49,"3,848,744",0.0,2630517.6,3091017.19,-20.19,-6.63,-3.1,-3.27,20.59,16.47,-16.47,20.14,NaN
06/03/2026,1630,PR,20.18,+2.33%,0.64,22.675,11.92,20.18,20.61,16.2,3.0,0.04,0.44,"10,105,899",-100243.19,1.234718418E7,1.300946229E7,-12.88,-4.72,-4.9,4.94,23.2,19.59,23.2,-19.03,43.0
06/03/2026,1630,PRAA,14.02,-2.91%,0.35,22.55,10.25,15.86,18.21,16.24,-1.0,-0.11,-0.47,"444,901",-200189.14,446326.18,475051.48,-53.32,-21.15,-4.69,-8.13,23.22,14.08,23.22,21.17,46.0
06/03/2026,1630,PRGO,10.46,0.00%,0.32,28.435,9.225,11.07,11.06,15.24,-4.0,-0.73,-0.5,"2,338,462",-100196.41,2749952.19,3088096.11,3.19,-3.59,-1.41,-5.34,13.19,9.51,13.19,12.17,40.0
06/03/2026,1630,PRMB,24.19,-1.91%,0.79,32.1,14.36,23.44,21.09,20.23,-3.0,-0.95,-0.53,"3,953,778",0.0,4100178.69,4359465.09,38.69,29.22,7.61,-2.46,24.17,18.47,-18.47,25.03,49.0
06/03/2026,1630,PRVA,20.66,-0.67%,0.95,26.51,18.77,22.55,22.71,23.24,-7.0,-0.05,-0.01,"908,498",100438.19,917222.4,905530.14,-9.83,-2.59,-11.29,-3.95,25.22,20.46,25.22,24.1,44.0
06/03/2026,1630,PSA,301.97,+0.95%,4.6,313.51,256.54,303.96,296.6,287.75,1.0,-0.57,0.47,"821,608",-100130.56,981093.65,1084418.75,-11.58,7.71,1.51,-0.57,314.3,263.48,314.3,-289.1,39.0
06/03/2026,1630,PSCE,60.8252,+0.29%,1.62,65.02,37.69,61.42,60.99,49.87,3.0,0.01,0.27,"44,074",-100133.23,50714.85,48499.55,228.6,0.63,-4.71,3.8,65.09,56.32,65.09,-58.03,NaN
06/03/2026,1630,PSCI,170.4334,-0.49%,3.06,178.02,126.03,169.54,166.44,157.57,-1.0,-0.6,-0.54,"1,406",-100122.13,3432.4,4587.95,-79.56,8.8,5.33,-0.27,176.18,149.51,176.18,-162.1,NaN
06/03/2026,1630,PSCU,64.4465,-2.32%,1.11,66.85,53.4318,64.59,64.0,59.56,-2.0,-0.34,-0.61,340,-100200.52,2166.18,7154.81,46.09,4.16,1.89,-2.58,67.22,58.51,67.22,66.03,NaN
06/03/2026,1630,PSP,57.86,-4.75%,0.91,72.97,54.18,60.57,59.66,64.83,-1.0,-0.64,-0.32,"87,339",100321.1,47572.94,54937.16,65.24,2.26,-1.5,-5.12,63.32,54.46,63.32,62.17,NaN
06/03/2026,1630,PSX,184.68,+1.16%,3.68,190.61,111.37,176.19,172.72,148.9,3.0,0.56,0.7,"1,846,144",-200240.44,2750645.64,3064886.9,-44.84,4.81,1.26,5.0,191.45,154.32,-154.32,-167.17,35.0
06/03/2026,1630,PTLO,3.96,-1.49%,0.12,12.3695,3.81,4.1,5.1,5.48,-2.0,0.24,-0.77,"1,357,448",-300057.19,1720609.09,1649693.32,-43.91,-28.78,-0.5,-7.69,7.29,4.08,-4.08,-4.08,42.0
06/03/2026,1630,PVH,98.00,+0.85%,6.96,100.745,59.6,88.28,86.37,77.56,2.0,0.56,0.68,"3,043,128",400162.01,1212396.8,1161824.6,267.64,27.09,23.39,5.06,100.29,60.57,-60.57,-78.1,0.0
06/03/2026,1630,PYPL,42.61,-4.31%,0.6,79.5,38.46,44.68,46.52,56.38,-1.0,-0.64,-0.57,"19,185,265",0.0,1.450708191E7,1.539630945E7,20.48,-6.02,-2.78,-4.78,52.3,43.09,52.3,46.17,37.0
06/03/2026,1630,PZZA,31.86,+0.25%,0.91,55.74,29.5501,33.14,34.45,39.73,-2.0,-0.42,-0.42,"1,295,206",-100567.58,1059454.72,1255244.64,24.3,-8.95,-4.47,-6.87,40.58,30.6,40.58,36.12,44.0
06/03/2026,1630,QAT,18.74,-0.37%,0.3,20.64,17.712,18.88,18.89,19.25,-3.0,-0.58,-0.57,"10,528",500000.17,36305.55,42262.4,71.46,1.24,2.69,-2.55,19.34,18.45,20.04,20.04,NaN
06/03/2026,1630,QBTS,27.55,-7.89%,4.39,46.75,12.75,24.6,20.27,23.37,-3.0,-0.98,-0.67,"41,921,155",201324.08,3.490857147E7,3.232515374E7,63.9,92.39,51.46,-8.59,32.07,13.45,32.07,32.07,44.0
06/03/2026,1630,QCOM,250.01,+3.81%,20.44,259.92,121.99,221.32,172.27,163.7,1.0,0.96,0.29,"19,301,403",400281.17,2.087693395E7,1.952021584E7,-26.4,97.17,27.81,-0.4,258.06,122.4,-122.4,260.03,39.0
06/03/2026,1630,QMOM,81.39,-0.37%,1.99,81.9457,60.24,78.92,75.42,68.76,9.0,0.84,0.55,"17,296",400020.04,25068.31,26521.67,-11.52,16.99,8.32,1.19,81.18,64.45,-64.45,-74.1,NaN
06/03/2026,1630,QQQ,744.21,-0.26%,14.58,748.65,522.66,719.26,662.33,620.32,-1.0,-0.91,-0.34,"39,396,470",0.0,4.515823596E7,5.104397596E7,-1.54,27.22,6.08,0.8,731.06,556.45,-556.45,-695.1,NaN
06/03/2026,1630,QS,8.76,-4.78%,0.62,19.0699,3.94,8.34,7.4,10.12,-4.0,-0.99,-0.72,"20,246,906",-300102.15,2.174311611E7,1.926153512E7,-66.32,37.74,20.0,-2.45,10.28,6.42,10.28,-7.1,34.0
06/03/2026,1630,QSR,72.76,+1.66%,1.46,81.96,61.33,75.86,76.8,70.33,1.0,0.0,0.14,"4,812,139",-200525.2,3253365.13,3629580.39,8.22,-4.99,-3.97,-2.6,82.19,71.6,82.19,80.17,44.0
06/03/2026,1630,QTUM,167.76,-0.59%,9.05,170.0,86.01,151.17,133.18,115.53,10.0,1.0,0.75,"795,074",200241.02,583715.23,527174.01,21.82,52.56,19.29,5.01,159.06,101.45,-101.45,-138.1,NaN
06/03/2026,1630,QUBT,11.20,-8.57%,1.04,25.84,6.18,11.01,9.28,12.08,-2.0,-0.95,-0.47,"21,770,417",200716.08,2.124391098E7,1.895706976E7,-39.78,63.03,21.48,-6.35,14.15,6.45,14.15,-9.1,46.0
06/03/2026,1630,R,260.38,+0.90%,10.49,261.085,146.745,240.95,230.39,199.54,14.0,0.73,0.8,"292,635",200435.29,401489.73,390284.8,-16.11,26.43,14.1,3.8,259.22,186.56,-186.56,-225.15,34.0
06/03/2026,1630,RBLX,43.68,-2.93%,1.49,150.59,40.15,44.73,51.45,85.79,-3.0,-0.71,-0.62,"8,830,674",100671.23,1.130453753E7,1.074489807E7,-18.09,-27.33,-1.73,-7.36,70.62,40.14,-40.14,49.06,40.0
06/03/2026,1630,RCL,286.42,-1.00%,14.44,366.5,232.1,269.99,270.41,293.23,-1.0,0.58,-0.88,"2,070,464",100554.1,2751276.62,2786692.58,2.76,4.69,15.87,0.63,304.39,232.09,-232.09,-232.09,37.0
06/03/2026,1630,RDNT,51.87,-4.49%,0.98,85.84,50.76,54.67,56.21,69.11,-1.0,-0.67,-0.54,"637,106",100348.16,794607.68,840895.81,-40.25,-5.33,-2.77,-6.59,71.62,52.12,-52.12,-52.12,44.0
06/03/2026,1630,REAL,9.12,-6.84%,0.26,17.3922,4.7,9.82,10.31,11.75,-1.0,-0.42,-0.55,"3,117,861",-200085.18,3453743.68,3429035.27,-22.4,0.0,1.67,-5.39,13.2,8.45,13.2,-9.09,46.0
06/03/2026,1630,REG,76.31,+0.37%,1.06,81.66,66.855,77.57,77.88,73.52,-5.0,-0.16,-0.37,"1,332,629",-300127.04,1404074.15,1412635.98,2.9,-0.87,-1.33,-1.34,82.31,74.48,82.31,80.05,39.0
06/03/2026,1630,REGN,618.95,+2.66%,30.98,821.11,476.4869,661.23,711.66,695.3,2.0,0.03,0.51,"985,079",-200131.04,889388.42,828202.76,12.02,-18.76,-1.8,0.68,789.59,610.03,789.59,731.14,39.0
06/03/2026,1630,REXR,34.00,-0.15%,0.8,44.38,32.14,35.56,35.08,38.86,-5.0,-0.62,-0.11,"2,600,683",-200330.28,2224272.06,2374343.58,8.59,2.66,-2.88,-4.14,38.31,32.44,38.31,37.05,28.0
06/03/2026,1630,REZ,88.31,+0.48%,1.5,92.635,80.45,90.76,88.36,85.63,-6.0,-0.5,-0.16,"56,688",0.0,37163.96,39514.41,98.28,3.82,-3.05,-1.6,93.06,82.45,93.05,93.05,NaN
06/03/2026,1630,RGTI,24.095,-10.36%,4.04,58.1501,10.3,21.46,18.29,23.43,-4.0,-0.98,-0.74,"77,717,817",201623.08,4.135880222E7,3.810829506E7,186.16,69.8,50.97,-5.66,28.07,13.45,-13.45,-15.1,48.0
06/03/2026,1630,RH,152.45,-2.36%,11.42,257.0,106.3037,136.44,132.34,174.16,-1.0,0.7,-0.87,"720,462",200274.44,1221489.56,1220357.75,0.65,34.36,24.82,2.67,155.62,106.43,-106.43,-114.1,6.0
06/03/2026,1630,RHP,113.86,-1.03%,3.53,117.18,83.82,111.15,103.87,97.08,-4.0,-0.96,-0.5,"678,808",-200222.14,588424.2,558923.94,12.05,22.55,4.61,-1.1,115.06,90.51,-90.51,117.03,41.0
06/03/2026,1630,RIOT,27.65,+1.21%,1.88,28.94,8.87,25.22,19.83,17.08,-2.0,-0.96,-0.5,"15,977,715",100691.2,1.826995451E7,1.808448461E7,13.17,115.01,22.1,1.99,26.06,12.45,-12.45,-22.1,40.0
06/03/2026,1630,RIVN,18.27,+5.67%,1.55,22.69,11.57,14.75,15.39,15.51,10.0,0.62,1.0,"51,547,364",100772.04,2.810936517E7,2.941378754E7,76.2,18.64,41.63,12.09,18.29,13.1,-13.1,-13.1,42.0
06/03/2026,1630,ROBO,89.64,-0.77%,2.48,90.51,55.8404,86.82,79.86,72.21,-1.0,-0.89,-0.46,"225,246",-100129.06,198087.84,202356.7,-53.63,29.46,8.64,1.13,90.06,65.45,-65.45,-81.1,NaN
06/03/2026,1630,ROK,461.73,-0.36%,11.17,468.11,305.4401,451.07,414.78,387.08,3.0,-0.8,0.38,"703,354",-100435.21,756076.3,830421.81,-4.01,26.49,9.34,2.37,463.19,348.45,-348.45,-419.1,44.0
06/03/2026,1630,ROKU,122.20,-3.87%,3.22,133.46,72.75,126.7,114.7,103.05,-3.0,-0.7,-0.26,"2,355,925",-100252.23,2460475.51,2565867.2,-8.38,25.13,1.34,-6.13,131.16,85.46,-85.46,133.03,40.0
06/03/2026,1630,ROST,232.62,+3.93%,8.79,237.41,124.49,222.52,222.4,186.38,1.0,0.57,0.78,"2,992,645",100230.04,2784129.71,2825462.08,-19.44,5.75,9.38,0.38,236.06,204.6,237.05,237.05,54.0
06/03/2026,1630,RRC,39.82,+0.40%,1.33,48.31,32.6,40.81,42.36,38.42,3.0,0.05,0.49,"2,694,467",100042.3,3161929.4,3338685.12,27.7,-8.35,-7.65,2.23,48.46,39.03,48.46,-39.03,38.0
06/03/2026,1630,RRR,56.91,-0.78%,2.77,67.99,46.565,54.48,55.05,58.28,-2.0,-0.78,-0.81,"656,129",-200040.24,938229.81,939592.88,-8.0,3.4,10.31,-2.52,61.62,51.09,-51.09,59.02,38.0
06/03/2026,1630,RSI,25.42,-0.04%,0.91,29.24,12.36,26.95,24.79,20.61,2.0,-0.29,0.02,"1,493,811",100654.2,1874381.02,1810522.77,-21.76,12.08,-9.21,0.32,29.2,20.6,29.2,28.09,39.0
06/03/2026,1630,RSP,209.25,-0.38%,2.88,210.115,175.98,205.43,200.96,194.88,-1.0,1.0,-0.65,"9,763,318",0.0,1.011981262E7,1.179033936E7,32.14,8.37,3.78,0.2,208.06,187.45,-187.45,-201.09,NaN
06/03/2026,1630,RSPG,106.35,+1.25%,2.39,114.01,72.155,105.35,105.53,89.64,3.0,0.17,0.53,"65,097",0.0,133766.92,151009.13,126.68,-0.25,-3.93,4.0,114.45,96.32,-96.32,111.09,NaN
06/03/2026,1630,RSPU,77.86,-0.25%,1.1,84.5195,69.73,78.88,80.38,78.09,-5.0,-0.09,-0.43,"24,104",-100012.23,60506.85,53757.97,-21.4,-5.21,-0.89,-1.14,84.38,77.11,84.38,-77.02,NaN
06/03/2026,1630,RTO,29.15,-0.58%,1.0,34.665,22.72,31.67,32.49,29.52,-5.0,0.0,-0.03,"878,201",-100249.58,972689.56,1210927.36,-29.5,-11.07,-7.64,-3.19,35.35,30.03,35.35,33.17,39.0
06/03/2026,1630,RUT,2893.5142,-1.31%,60.34,2942.6051,2086.7869,2864.06,2744.42,2565.78,-1.0,-0.82,-0.38,<empty>,NaN,NaN,NaN,NaN,14.37,5.33,-0.88,2923.06,2405.45,2943.04,2943.04,NaN
06/03/2026,1630,RVLV,18.97,-0.94%,0.61,31.68,17.35,19.21,22.47,24.2,-3.0,0.24,-0.78,"1,340,003",-200457.15,1130668.89,1075886.46,-68.3,-14.74,3.15,-3.21,28.32,17.14,-17.14,-17.14,42.0
06/03/2026,1630,RVX,23.27,+2.24%,0.87,35.28,18.0,23.55,25.49,24.09,1.0,0.27,0.71,<empty>,NaN,NaN,NaN,NaN,-20.06,-6.32,5.63,35.46,22.03,35.46,-22.03,NaN
06/03/2026,1630,S,16.30,-6.05%,0.73,21.4,11.81,17.09,15.09,15.63,-7.0,-0.72,0.0,"9,852,228",200761.04,8560420.34,8822367.36,112.46,22.28,-7.7,-1.51,19.07,12.37,19.07,-15.03,59.0
06/03/2026,1630,SBAC,196.58,+0.19%,3.68,243.16,162.41,206.67,206.01,196.94,-2.0,-0.24,-0.2,"1,473,580",300739.4,1211274.74,1148623.34,3.97,-3.66,-5.27,-3.24,224.31,162.48,224.31,220.16,41.0
06/03/2026,1630,SBUX,95.89,+0.40%,4.03,108.88,77.99,103.26,99.49,91.33,1.0,-0.19,0.01,"8,528,144",100335.25,7543609.26,7866900.76,-1.28,6.11,-9.86,-3.3,109.13,86.46,109.13,109.13,38.0
06/03/2026,1630,SCJ,104.9834,+0.36%,0.77,107.3199,81.49,104.83,101.81,96.25,-3.0,-0.56,-0.5,"20,216",-100021.51,51143.98,75528.68,-39.48,6.78,1.16,-0.87,107.13,94.51,107.13,-103.09,NaN
06/03/2026,1630,SE,89.46,-3.95%,2.55,199.3,77.05,89.88,86.66,128.28,-2.0,-0.98,-0.44,"5,232,770",100153.16,4111089.62,4472389.15,-48.12,8.73,2.5,-1.18,100.14,77.49,100.14,100.14,47.0
06/03/2026,1630,SFD,25.70,-0.39%,0.48,29.805,21.08,25.87,27.05,24.15,-4.0,-0.19,-0.51,"1,024,510",-100636.26,1804582.15,1652600.02,-40.25,-9.41,-1.42,-0.5,30.37,23.52,30.37,27.05,37.0
06/03/2026,1630,SFM,78.98,+1.19%,3.69,175.0399,64.75,84.53,79.34,89.55,-5.0,-0.58,0.0,"1,595,471",200048.11,2097119.46,2268780.06,-59.5,1.86,-12.26,-4.41,95.1,69.24,95.1,95.1,39.0
06/03/2026,1630,SG,7.69,-9.32%,0.93,16.7,4.49,8.29,7.0,7.01,-4.0,-0.79,-0.17,"7,640,706",-100185.08,5210026.25,4920311.97,87.91,42.67,-10.89,-22.79,11.07,4.45,11.07,11.07,44.0
06/03/2026,1630,SHAK,55.53,-2.60%,2.56,144.65,53.86,64.64,83.59,90.19,-2.0,-0.15,-0.73,"3,041,167",100155.02,2093800.3,1937223.55,67.24,-37.84,-13.4,-13.65,107.3,59.11,107.3,72.17,39.0
06/03/2026,1630,SHEL,86.77,-0.06%,1.52,94.9,67.095,85.66,88.68,78.84,3.0,0.13,0.69,"6,742,549",-300132.26,7957037.81,8042084.56,2.48,-6.8,-1.91,3.15,95.44,82.62,95.44,-83.05,39.0
06/03/2026,1630,SHO,11.19,+0.99%,0.3,11.31,8.43,10.58,9.91,9.41,3.0,1.0,0.69,"1,815,619",200231.09,1795430.35,1804764.13,61.1,24.2,8.75,3.42,11.06,9.51,-9.51,-10.15,44.0
06/03/2026,1630,SHOC,118.92,+0.94%,4.95,120.19,47.84,108.3,93.92,74.73,3.0,0.92,0.51,"19,114",100200.02,18219.41,17402.43,-4.2,60.74,16.56,6.51,113.06,68.45,-68.45,-99.1,NaN
06/03/2026,1630,SHOO,43.80,-1.06%,2.06,46.88,22.2615,40.98,38.4,37.48,-1.0,0.9,-0.76,"1,146,808",0.0,1030998.13,1116883.46,16.59,28.86,14.57,0.83,43.06,31.56,-31.56,-37.15,38.0
06/03/2026,1630,SHOP,112.94,-3.48%,7.73,182.19,94.0,106.93,115.29,139.22,-2.0,0.78,-0.9,"7,537,883",-100760.21,1.062476649E7,1.019311993E7,-63.71,-4.49,11.81,-4.86,137.3,94.13,-94.13,125.02,43.0
06/03/2026,1630,SHY,81.97,-0.05%,0.1,83.2,81.94,82.16,82.32,82.73,-3.0,-0.33,-0.48,"3,253,566",-200003.45,4003208.39,4596197.36,21.97,-0.47,-0.09,-0.4,83.61,82.1,83.61,-82.02,NaN
06/03/2026,1630,SHYG,42.24,-0.24%,0.12,43.39,41.825,42.4,42.42,42.79,-3.0,-0.6,-0.32,"1,325,418",0.0,1380199.11,1514456.33,-27.59,0.09,0.14,-0.82,43.32,42.46,43.32,43.03,NaN
06/03/2026,1630,SIL,87.49,-4.96%,2.98,119.24,46.18,93.21,92.47,83.85,-1.0,-0.35,-0.59,"1,372,330",0.0,1832191.98,2048529.85,-31.73,-5.57,1.16,-6.66,107.59,78.51,-78.51,-86.1,NaN
06/03/2026,1630,SILJ,29.50,-5.24%,1.12,41.1,14.115,30.79,30.44,27.81,-1.0,-0.37,-0.63,"3,388,484",0.0,4651123.17,5376452.64,-45.19,-3.63,4.72,-4.56,36.59,26.51,-26.51,-28.1,NaN
06/03/2026,1630,SITM,712.75,+1.66%,36.16,901.81,186.49,748.82,571.19,385.35,2.0,-0.38,0.05,"610,762",100284.1,482920.64,520596.99,29.41,105.37,2.75,0.36,902.16,305.6,902.16,-657.1,43.0
06/03/2026,1630,SIVR,69.57,-2.62%,2.22,115.26,32.775,74.31,72.3,63.33,-1.0,-0.22,-0.56,"966,271",0.0,1891767.36,2109391.9,-58.25,0.67,-1.01,-3.09,85.59,63.47,-63.47,85.14,NaN
06/03/2026,1630,SJM,101.27,+0.80%,1.36,119.39,88.25,101.21,97.57,103.5,-4.0,-0.77,-0.52,"1,681,634",0.0,1833216.42,1890586.49,-41.53,6.08,-1.72,-1.87,114.62,88.36,-88.36,105.03,4.0
06/03/2026,1630,SKYY,147.74,-3.49%,9.29,155.7599,103.76,133.8,122.32,125.73,-1.0,1.0,-0.93,"1,073,462",-100342.01,348746.18,355823.57,224.3,32.11,15.32,2.19,134.06,104.37,-104.37,156.02,NaN
06/03/2026,1630,SLG,44.51,-1.40%,1.47,66.91,34.77,43.9,41.59,47.02,-1.0,-0.83,-0.45,"817,572",-100561.52,1192031.21,1236954.46,-15.95,23.43,9.71,-1.96,47.18,35.46,47.18,46.03,34.0
06/03/2026,1630,SLV,66.21,-2.62%,2.11,109.83,31.23,70.72,68.81,60.31,-1.0,-0.22,-0.56,"13,476,352",0.0,2.594611293E7,3.043138476E7,-56.55,0.64,-1.03,-3.1,81.59,60.47,-60.47,81.14,NaN
06/03/2026,1630,SLX,112.26,-1.15%,3.03,113.9999,63.23,108.56,102.01,87.84,-1.0,0.91,-0.61,"64,048",-300029.13,45201.16,53610.41,-4.38,21.38,8.62,1.26,110.14,85.51,-85.51,-103.1,NaN
06/03/2026,1630,SMCI,47.42,-5.48%,6.65,62.358,19.48,36.85,30.1,36.02,-1.0,1.0,-0.96,"50,399,914",201089.2,3.98323416E7,4.112428128E7,98.1,104.22,55.17,2.89,38.06,19.5,-19.5,-29.1,42.0
06/03/2026,1630,SMH,637.90,+0.90%,28.26,642.77,248.36,578.72,498.87,393.65,3.0,0.94,0.57,"10,053,388",-100148.16,9319168.83,9626169.62,4.87,62.6,17.27,6.51,604.06,360.45,-360.45,-528.1,NaN
06/03/2026,1630,SMIN,65.78,-1.53%,0.71,78.535,57.7758,66.77,65.17,68.95,-3.0,-0.68,-0.24,"415,024",-100022.06,170534.21,184044.82,443.88,8.76,1.11,-2.08,69.18,58.45,69.18,-65.11,NaN
06/03/2026,1630,SMPL,11.41,-3.39%,0.19,35.155,10.21,11.67,12.54,18.88,-1.0,-0.53,-0.66,"1,849,275",-101069.38,3010992.08,2774911.07,-31.52,-19.42,0.0,-0.95,17.62,10.38,-10.38,-11.09,15.0
06/03/2026,1630,SN,121.26,-0.83%,6.97,133.99,80.69,112.6,112.39,109.94,-2.0,0.72,-0.86,"1,769,910",200348.04,2057025.37,2145121.1,-26.6,16.17,18.89,-0.52,124.3,97.51,124.3,124.03,49.0
06/03/2026,1630,SNAP,5.73,-0.52%,0.14,10.41,3.81,5.74,5.48,6.74,-2.0,-0.76,-0.54,"33,279,074",-200466.04,5.300345459E7,4.966940384E7,-19.73,23.76,3.24,0.35,6.2,4.46,6.2,-5.13,42.0
06/03/2026,1630,SNDR,36.54,+0.41%,1.56,36.89,20.11,33.0,30.28,26.46,-2.0,1.0,-0.78,"838,754",201342.14,1066431.19,1080892.74,43.09,35.18,13.62,3.4,35.06,23.52,-23.52,-29.15,40.0
06/03/2026,1630,SNOW,241.28,-7.61%,43.96,284.99,118.3,183.93,161.28,204.0,-2.0,1.0,-0.87,"11,288,696",400872.03,9065558.19,8071528.93,63.78,58.89,42.31,-5.58,185.57,118.37,-118.37,285.02,58.0
06/03/2026,1630,SOFI,16.68,-5.98%,1.03,32.73,13.23,16.27,16.75,23.12,-2.0,-0.9,-0.75,"73,134,402",-300064.04,6.47382491E7,6.705027031E7,21.96,5.24,9.52,-8.45,20.32,15.1,-15.1,19.02,37.0
06/03/2026,1630,SOLZ,7.2056,-4.69%,0.52,27.12,7.185,8.67,8.6,13.93,-8.0,-0.72,-0.42,"961,871",0.0,1242740.33,1646981.86,-44.0,-9.48,-15.03,-12.42,10.16,8.42,10.16,10.16,NaN
06/03/2026,1630,SOYB,24.68,-1.00%,0.17,25.47,21.06,25.02,24.71,23.19,-2.0,-0.46,-0.33,"66,524",200118.05,123897.31,134167.16,-40.68,1.36,-2.33,-1.87,25.14,24.55,25.14,-25.12,NaN
06/03/2026,1630,SPDN,8.65,+0.58%,0.08,10.89,8.58,8.74,9.17,9.48,1.0,0.15,0.78,"23,236,534",-200224.45,6.11987483E7,7.243203294E7,-41.9,-12.36,-2.59,0.35,10.45,9.03,10.45,-9.02,NaN
06/03/2026,1630,SPG,203.55,+0.01%,2.19,208.79,155.44,203.45,199.13,188.58,-4.0,-0.63,-0.42,"2,114,556",-300125.04,1507086.91,1578563.37,61.4,7.89,1.34,-0.66,208.3,178.49,209.05,209.05,41.0
06/03/2026,1630,SPGI,412.29,-1.24%,6.51,579.05,381.605,416.88,424.07,476.02,-2.0,-0.7,-0.7,"1,613,759",100232.04,1962000.63,1991786.41,-38.02,-4.38,0.46,-2.76,457.29,401.14,-401.14,431.02,39.0
06/03/2026,1630,SPHD,49.07,-0.89%,0.44,53.07,46.58,49.75,49.64,49.32,-6.0,-0.36,-0.5,"628,817",0.0,710563.65,786073.94,1.24,-1.07,-1.51,-1.17,52.62,48.51,-48.51,51.07,NaN
06/03/2026,1630,SPHR,141.75,-0.14%,4.51,149.0,36.32,135.6,130.9,93.74,7.0,0.38,0.57,"724,059",-100364.52,707861.34,816324.99,-45.14,11.42,4.74,2.36,149.2,104.46,149.2,148.02,44.0
06/03/2026,1630,SPLV,71.70,+0.08%,0.87,77.735,69.63,72.91,73.41,73.11,-6.0,-0.19,-0.42,"2,280,759",0.0,2449540.53,2751072.7,-26.35,-2.99,-2.36,-0.71,77.62,72.49,77.62,74.06,NaN
06/03/2026,1630,SPMO,155.09,+0.50%,4.51,155.74,105.3,146.47,132.81,122.64,7.0,0.93,0.48,"2,167,815",-300221.12,1912759.74,1889654.81,9.86,35.17,10.28,2.99,150.06,107.45,-107.45,-138.1,NaN
06/03/2026,1630,SPOT,487.54,-2.78%,34.94,785.0,405.0,465.33,477.96,567.85,-5.0,-0.94,-0.67,"2,011,872",200346.08,2159969.3,2157283.61,1.97,-0.29,10.41,-2.04,571.6,411.19,-411.19,534.07,37.0
06/03/2026,1630,SPX,7553.68,-0.74%,77.19,7620.9,5921.2,7466.22,7119.56,6847.72,-1.0,-0.88,-0.25,<empty>,NaN,NaN,NaN,NaN,14.75,2.72,-0.35,7539.06,6317.45,-6317.45,-7334.1,NaN
06/03/2026,1630,SPY,754.24,-0.70%,7.84,760.4,591.05,744.83,709.82,682.87,-1.0,-0.89,-0.27,"50,930,876",100225.45,5.813765077E7,6.739003022E7,15.23,15.01,2.8,-0.3,752.06,629.45,-629.45,-732.1,NaN
06/03/2026,1630,STKL,6.50,0.00%,0.01,6.94,3.32,6.49,6.47,5.53,10.0,-0.52,0.46,<empty>,100038.59,1719189.32,2712623.84,328.3,0.62,0.46,0.15,7.43,5.62,7.43,7.12,4.0
06/03/2026,1630,STLD,275.13,+1.37%,17.09,277.79,119.89,243.48,217.72,176.27,9.0,1.0,0.75,"1,051,855",-100047.04,1121547.56,1156302.64,-11.69,52.68,23.17,5.76,251.06,162.52,-162.52,-219.1,33.0
06/03/2026,1630,STZ,135.40,-0.99%,5.27,178.55,126.45,144.27,151.2,147.03,-7.0,0.0,-0.22,"1,328,612",200233.12,2057012.66,2010579.27,-40.37,-10.45,-7.56,-2.46,169.36,135.04,169.36,152.07,18.0
06/03/2026,1630,SU,65.54,+0.35%,2.25,70.29,35.93,65.85,65.38,51.15,3.0,0.02,0.31,"12,728,481",-100036.01,4006637.19,4468403.75,331.76,-0.55,-5.9,5.1,70.2,57.61,70.2,-62.03,42.0
06/03/2026,1630,SVV,9.48,+6.52%,0.77,13.89,6.905,8.1,8.13,9.94,1.0,0.87,0.84,"2,048,645",201272.1,1238476.06,1206836.57,24.36,26.4,33.52,5.92,9.3,7.46,-7.46,-7.11,40.0
06/03/2026,1630,SWBI,14.87,-2.87%,0.15,15.79,7.73,15.05,14.96,11.46,-1.0,-0.08,-0.23,"559,057",0.0,521524.4,601656.85,12.49,0.07,-2.11,-2.3,16.21,12.62,16.21,16.07,10.0
06/03/2026,1630,SWKS,80.66,+1.95%,5.18,90.9,51.93,73.23,64.88,66.5,-6.0,0.93,-0.4,"3,347,911",-200547.16,4214309.71,4027463.22,-27.61,46.15,14.66,3.61,85.06,52.45,85.05,85.05,42.0
06/03/2026,1630,SXT,112.87,-0.43%,1.76,129.35,82.6,115.41,105.82,99.23,-1.0,-0.43,-0.06,"442,335",300136.24,415029.9,389337.45,27.99,22.25,-1.08,-0.86,129.25,83.51,129.25,-110.02,35.0
06/03/2026,1630,SYF,68.72,-3.17%,0.96,88.77,56.975,71.48,72.34,74.29,-1.0,-0.38,-0.47,"4,161,537",100034.04,3764417.75,3852699.85,26.56,0.44,-0.97,-3.81,80.3,63.57,80.3,-68.09,32.0
06/03/2026,1630,SYY,75.24,+1.54%,1.25,91.845,68.19,74.29,74.73,78.45,1.0,0.51,0.67,"2,910,977",100333.45,5109289.74,4696733.07,-9.58,5.73,0.07,-0.75,87.62,68.44,-68.44,77.08,37.0
06/03/2026,1630,T,23.55,-4.42%,0.46,29.79,22.95,24.84,26.12,26.41,-6.0,-0.11,-0.43,"51,811,530",-100027.04,3.764792113E7,3.970630862E7,49.7,-16.87,-5.72,-5.04,29.49,24.11,29.49,26.14,33.0
06/03/2026,1630,TAN,70.29,-2.74%,4.01,75.6,31.4,65.85,60.01,52.19,-3.0,-0.97,-0.74,"1,026,645",-100046.04,1412771.73,1383498.32,-48.1,28.15,15.29,-4.92,70.06,52.6,-52.6,76.03,NaN
06/03/2026,1630,TAP,38.62,-0.75%,1.37,54.82,38.35,41.27,42.44,46.13,-7.0,-0.33,-0.31,"2,676,845",-200335.24,3125791.35,3099307.78,-9.69,-12.31,-7.94,-2.3,48.62,39.03,48.62,44.17,42.0
06/03/2026,1630,TBIL,49.87,0.00%,0.05,50.02,49.81,49.92,49.92,49.93,-5.0,-0.24,-0.09,"1,758,851",200000.46,2108594.96,2300981.58,-18.15,-0.02,-0.18,0.02,50.46,50.45,-50.45,-50.04,NaN
06/03/2026,1630,TCEHY,58.1300,-3.65%,1.73,87.68,54.12,58.0,61.06,73.32,3.0,0.44,0.63,"4,796,418",-100100.02,4266232.42,4336874.86,-65.05,-6.65,-0.82,6.47,74.59,54.04,-54.04,-54.04,48.0
06/03/2026,1630,TCNNF,8.61,-7.62%,0.76,11.83,3.25,8.51,7.71,7.41,-1.0,-0.55,-0.36,"291,015",101400.28,428512.8,379312.14,1.87,42.55,13.59,-7.3,10.25,5.45,10.25,10.03,NaN
06/03/2026,1630,TEAM,101.53,-6.94%,10.71,222.59,56.0101,91.27,78.19,124.17,-1.0,-1.0,-0.82,"5,015,006",100779.23,7877801.54,7540929.85,-19.91,48.67,17.21,-5.65,96.21,56.37,-56.37,119.02,44.0
06/03/2026,1630,TEVA,32.83,-0.76%,0.67,37.345,14.99,34.79,32.74,27.91,-2.0,-0.43,-0.23,"5,068,022",100238.04,6287410.5,6731565.89,13.67,9.14,-3.64,-7.05,37.18,28.41,37.18,36.16,38.0
06/03/2026,1630,TFLO,50.50,+0.02%,0.05,50.66,50.39,50.56,50.57,50.54,-3.0,-0.28,-0.07,"1,394,358",-100002.2,1665479.78,1737334.43,-5.73,-0.02,-0.16,-0.26,51.45,50.43,-50.43,-50.02,NaN
06/03/2026,1630,TGS,30.32,-3.50%,0.86,36.3499,19.74,30.18,31.41,29.0,-1.0,-0.35,-0.79,"127,844",100558.09,397802.23,368996.72,-36.61,-14.16,0.43,-2.45,36.44,28.62,36.44,32.02,42.0
06/03/2026,1630,TGT,124.80,+1.32%,2.17,133.1,83.44,124.68,124.37,105.8,-4.0,-0.11,-0.51,"3,329,585",100237.1,5237084.61,5592331.03,-16.02,3.61,-1.92,-1.79,133.3,113.51,133.3,131.05,53.0
06/03/2026,1630,THC,164.84,+0.76%,10.96,247.21,146.6,184.26,187.87,199.31,-3.0,-0.14,-0.32,"2,457,900",100245.23,1421705.72,1356989.18,119.4,-12.4,-13.88,-5.98,247.62,168.23,247.62,201.13,32.0
06/03/2026,1630,THD,74.09,-0.75%,1.05,75.06,48.08,72.46,70.74,64.15,-1.0,0.44,-0.73,"47,810",-100120.35,103070.97,121797.39,-57.62,8.24,4.29,0.86,74.13,65.52,-65.52,-70.15,NaN
06/03/2026,1630,TIGR,4.67,-6.04%,0.6,13.55,4.0,5.74,6.3,8.69,-1.0,0.0,-0.23,"5,024,033",101001.08,4857938.9,4397030.83,12.07,-26.8,-19.76,-9.14,8.59,4.07,-4.07,-4.07,58.0
06/03/2026,1630,TIP,109.77,-0.18%,0.44,112.26,108.07,110.71,110.89,110.91,-3.0,-0.11,-0.31,"1,076,527",100007.13,2191395.69,2402450.19,23.8,-0.94,-0.31,-1.29,112.26,110.46,112.26,111.17,NaN
06/03/2026,1630,TJX,157.90,+2.74%,3.97,165.82,119.8405,153.51,156.64,150.83,1.0,0.5,0.71,"5,843,121",-100023.04,5138986.81,5038750.15,-8.94,-2.1,4.79,2.04,166.38,146.14,-146.14,161.05,53.0
06/03/2026,1630,TKO,198.57,-2.94%,6.4,226.94,152.29,192.83,191.8,196.79,-2.0,-0.67,-0.88,"1,165,011",200242.45,1437734.94,1430980.33,31.52,-2.55,2.85,-3.22,216.62,181.23,-181.23,212.02,43.0
06/03/2026,1630,TKR,131.82,-0.06%,7.05,133.135,69.255,120.66,111.11,92.5,2.0,1.0,0.9,"862,971",300442.07,902580.24,878434.3,-31.79,33.26,20.54,3.0,128.06,94.51,-94.51,-107.1,38.0
06/03/2026,1630,TLT,85.31,-0.40%,0.87,92.185,82.77,84.97,85.83,87.98,-1.0,0.45,-0.84,"15,351,276",100016.51,2.600759911E7,3.129783018E7,-41.62,-1.71,2.76,-0.52,89.6,83.1,-83.1,-83.1,NaN
06/03/2026,1630,TME,9.14,-3.89%,0.28,26.7,8.435,9.13,9.31,16.9,-1.0,-1.0,-0.68,"11,578,458",-200962.54,1.056056487E7,1.155045724E7,-16.18,-0.33,0.0,-0.87,15.55,8.12,-8.12,-8.12,47.0
06/03/2026,1630,TMO,473.95,-1.69%,19.2,643.99,385.46,461.52,480.15,526.74,-2.0,0.66,-0.91,"1,938,201",200234.04,2254589.23,2262837.18,-30.82,-3.56,5.84,-3.77,538.3,435.11,-435.11,499.03,33.0
06/03/2026,1630,TMUS,181.45,-3.91%,2.93,261.56,180.44,190.05,194.95,211.0,-1.0,-0.24,-0.32,"6,742,938",-100140.31,5561603.06,5555909.3,88.12,-9.91,-6.19,-3.24,222.61,182.26,222.61,196.15,34.0
06/03/2026,1630,TNET,45.40,-5.61%,2.56,84.08,33.605,43.1,40.69,53.28,-1.0,-1.0,-0.85,"505,876",100160.04,443507.01,455890.14,7.32,20.11,6.42,-0.61,46.22,34.37,-34.37,50.02,35.0
06/03/2026,1630,TNX:CGI,44.91,+0.81%,0.69,46.87,39.47,44.92,43.97,42.03,1.0,-0.62,0.18,<empty>,NaN,NaN,NaN,NaN,4.13,-3.77,0.85,47.1,41.59,47.1,47.1,NaN
06/03/2026,1630,TOKE,5.24,0.00%,0.07,7.334,4.27,5.21,5.47,5.74,1.0,0.34,0.36,<empty>,0.0,22074.62,51471.83,22.71,-7.91,-0.37,0.77,6.62,5.12,-5.12,-5.12,NaN
06/03/2026,1630,TOST,25.07,-4.86%,1.51,49.66,22.26,24.6,26.38,32.8,-1.0,0.69,-0.82,"12,328,145",100153.11,1.149300794E7,1.1311023E7,-25.13,-5.29,7.97,-3.69,31.61,22.14,-22.14,28.02,42.0
06/03/2026,1630,TPB,86.24,+4.60%,3.0,146.9,65.8,88.78,83.47,98.99,1.0,-0.63,0.61,"440,554",-101366.44,479637.54,490703.77,6.54,19.51,-3.36,1.54,99.17,66.43,99.17,99.17,43.0
06/03/2026,1630,TPL,406.76,+9.69%,11.65,547.2,269.233333333333,395.31,425.98,367.41,1.0,0.16,0.58,"484,637",-100147.04,456427.45,469443.93,9.81,-8.44,3.09,3.5,545.49,370.38,545.49,414.05,43.0
06/03/2026,1630,TPR,139.61,+0.69%,4.96,161.97,77.79,136.69,142.15,127.54,-3.0,0.35,-0.64,"2,429,252",100040.15,2127772.05,2129988.72,-42.12,-1.13,6.06,-4.02,159.32,128.15,-128.15,147.03,49.0
06/03/2026,1630,TPYP,42.0412,-0.04%,1.01,44.58,33.94,42.74,42.35,38.19,2.0,-0.13,0.09,"43,823",200020.28,129777.51,131606.69,-68.86,-0.42,-5.27,1.62,45.09,40.32,45.09,-41.03,NaN
06/03/2026,1630,TRIP,11.94,0.00%,0.95,20.16,9.01,10.38,10.71,13.52,14.0,0.98,1.0,"4,525,035",200763.1,3716431.06,3811105.33,-4.32,10.05,28.39,6.8,12.3,9.52,-9.52,-9.09,44.0
06/03/2026,1630,TRP,67.80,-0.32%,1.36,71.47,46.29,67.74,64.87,57.87,2.0,-0.6,0.06,"2,105,438",-200028.45,2564818.75,2583119.82,-27.72,7.01,-2.29,1.77,71.07,59.32,71.07,71.07,39.0
06/03/2026,1630,TRU,69.39,-5.91%,2.39,99.39,64.51,69.94,70.57,79.02,-1.0,-0.78,-0.72,"2,316,656",0.0,2114323.59,2271992.41,-4.01,0.1,5.01,-3.03,80.3,65.09,-65.09,74.02,34.0
06/03/2026,1630,TSLA,423.70,-0.01%,11.71,498.83,273.21,425.93,394.48,413.42,-4.0,-0.76,-0.34,"44,208,937",-100047.29,5.941700188E7,5.999338141E7,-35.26,17.5,4.85,-2.77,453.14,337.4,453.14,-394.1,34.0
06/03/2026,1630,TSM,436.69,-2.24%,15.59,450.1636,200.38,413.41,385.65,324.37,-1.0,0.94,-0.72,"10,149,303",100252.28,1.330389198E7,1.357755042E7,-22.69,28.8,11.23,4.36,422.13,314.45,-314.45,-385.1,29.0
06/03/2026,1630,TSN,57.09,-4.20%,3.13,69.4842,50.56,65.0,64.6,59.38,-5.0,0.0,0.0,"5,087,382",-100433.01,2785346.46,2918516.54,106.29,-11.67,-13.71,-6.44,69.2,58.5,69.2,69.16,41.0
06/03/2026,1630,TT,465.84,+1.51%,9.15,503.47,348.06,462.11,459.49,428.34,8.0,0.2,0.47,"1,128,201",-100033.04,1351784.71,1350228.09,-23.84,9.08,3.98,3.22,503.23,403.45,503.23,-441.02,38.0
06/03/2026,1630,TTD,20.56,-2.56%,0.77,91.45,19.74,21.77,22.2,35.59,-2.0,-0.81,-0.46,"17,552,732",100271.04,1.947701137E7,2.065679978E7,-6.79,-6.76,-2.84,-4.64,33.62,20.38,-20.38,24.02,44.0
06/03/2026,1630,TTE,89.58,+0.20%,2.21,94.17,57.39,90.32,90.46,73.05,3.0,0.01,0.35,"1,297,324",300228.38,1705458.23,1966825.83,77.35,-3.04,-3.57,2.59,94.11,77.62,94.11,-87.05,NaN
06/03/2026,1630,TTWO,215.80,-2.96%,9.66,264.785,187.63,227.71,214.88,231.61,-2.0,-0.68,-0.34,"2,184,630",100343.04,2076338.34,2047082.82,31.56,7.97,-9.38,-3.73,247.07,188.46,247.07,247.07,46.0
06/03/2026,1630,TUA,20.53,-0.39%,0.06,22.305,20.425,20.66,20.89,21.63,-1.0,-0.52,-0.68,"238,987",100124.47,415620.51,484933.42,-71.89,-2.63,0.29,-0.8,22.61,20.1,-20.1,-20.1,NaN
06/03/2026,1630,TUR,39.17,-2.34%,1.39,43.98,29.64,40.57,40.84,37.25,8.0,0.08,0.47,"149,723",-100742.09,319750.32,366824.17,-29.62,0.56,-2.32,2.54,44.16,36.08,-36.08,-36.08,NaN
06/03/2026,1630,TWLO,227.26,-0.89%,16.2,231.36,91.84,197.76,162.45,130.23,4.0,0.84,0.6,"3,214,755",401671.03,2742121.67,2506250.25,20.4,73.55,15.98,19.21,204.17,113.37,-113.37,231.02,44.0
06/03/2026,1630,TXG,32.16,+4.72%,3.49,32.31,8.945,24.35,23.14,18.15,15.0,1.0,1.0,"3,376,108",100380.18,2659994.92,2579147.3,60.29,44.02,44.28,13.62,26.32,16.55,-16.55,-20.17,44.0
06/03/2026,1630,TXRH,166.19,-2.78%,4.16,197.0,153.825,175.93,167.6,171.92,-6.0,-0.58,-0.04,"1,398,422",200331.17,1147187.2,1112828.48,-1.77,1.97,-4.39,-7.99,185.15,154.21,-154.21,186.03,44.0
06/03/2026,1630,TXT,91.38,+0.01%,1.33,101.57,73.97,91.06,90.55,87.9,2.0,0.47,0.62,"1,338,953",-100129.24,1279962.42,1391424.61,-3.2,3.78,3.63,-0.41,99.62,86.45,-86.45,94.05,34.0
06/03/2026,1630,TYX:CGI,49.90,+0.46%,0.69,51.97,45.28,50.32,49.66,48.16,1.0,-0.53,0.13,<empty>,NaN,NaN,NaN,NaN,2.04,-3.69,-0.06,52.1,47.6,52.1,52.1,NaN
06/03/2026,1630,U,29.22,-5.04%,2.05,52.15,16.78,27.73,25.26,33.75,-1.0,-0.85,-0.75,"6,337,409",-100494.47,1.297842261E7,1.301333179E7,-3.82,28.44,11.53,-4.1,31.18,17.47,-17.47,33.02,43.0
06/03/2026,1630,UA,5.30,+0.38%,0.29,7.9067,3.95,5.44,5.76,5.37,-3.0,-0.22,-0.67,"2,104,262",-100455.16,2881096.76,2859898.08,-52.55,-3.64,5.58,-7.5,7.62,5.15,-5.15,-5.15,45.0
06/03/2026,1630,UAA,5.45,+0.37%,0.3,8.15,4.13,5.58,5.92,5.54,-3.0,-0.22,-0.68,"5,503,536",-100361.16,8164415.88,8991794.63,-63.15,-3.02,6.03,-7.16,7.59,5.15,-5.15,-5.15,45.0
06/03/2026,1630,UAE,18.58,-1.38%,0.29,22.29,16.99,19.09,19.1,19.49,-3.0,-0.55,-0.55,"89,475",100338.51,476855.54,674151.07,-83.24,1.53,-1.01,-4.86,21.32,17.51,21.32,-18.11,NaN
06/03/2026,1630,UAL,105.14,-3.38%,8.45,119.21,71.55,101.49,96.51,101.77,-3.0,-0.96,-0.71,"3,695,741",-200458.3,7065371.49,7676691.65,5.9,14.02,17.98,-8.41,107.06,85.45,-85.45,118.03,34.0
06/03/2026,1630,UBER,71.69,+0.10%,1.79,101.99,68.46,73.84,73.66,83.4,5.0,-0.61,0.36,"17,314,891",-100038.04,1.689102615E7,1.730098743E7,23.19,-0.21,-3.24,1.83,81.18,68.46,81.18,-70.04,43.0
06/03/2026,1630,UFO,57.74,-5.68%,3.74,68.2121,24.42,59.02,53.68,42.71,-4.0,-0.7,-0.25,"1,754,922",-100374.03,1227287.47,1060347.83,125.94,17.43,1.17,-11.59,67.06,42.45,68.04,68.04,NaN
06/03/2026,1630,UGA,108.33,-0.19%,6.51,125.47,58.5,114.79,109.38,78.35,3.0,-0.03,0.16,"21,599",-200176.44,83779.79,85404.81,-12.48,2.51,-11.9,2.97,125.11,79.59,125.11,-104.03,NaN
06/03/2026,1630,UHAL,55.06,-2.12%,3.43,64.75,41.945,52.35,51.05,52.95,-2.0,-0.97,-0.82,"218,627",201231.05,237906.42,244860.34,15.43,16.43,12.46,-4.89,54.29,42.51,59.04,59.04,43.0
06/03/2026,1630,UHS,145.98,+2.41%,9.64,246.325,140.76,160.89,171.41,199.91,1.0,0.0,0.33,"1,350,436",-100340.04,928098.44,920900.91,44.59,-17.39,-12.3,-0.09,201.62,146.03,201.62,175.17,37.0
06/03/2026,1630,UL,55.31,-0.40%,0.82,74.975,54.95,57.28,57.75,65.43,-5.0,-0.47,-0.53,"5,421,373",100232.44,4650049.67,4596659.98,69.6,-0.25,-3.34,-2.02,68.62,55.43,-55.43,59.17,37.0
06/03/2026,1630,ULS,98.03,+0.27%,1.46,107.54,61.64,100.03,92.84,80.66,-7.0,-0.68,-0.28,"771,930",-100145.52,741607.07,755999.86,-2.88,15.87,-1.96,-1.48,108.19,78.6,108.19,104.07,42.0
06/03/2026,1630,ULTA,471.21,-4.78%,13.91,714.9699,452.0,503.9,523.36,566.75,-4.0,-0.46,-0.65,"2,451,423",-500238.01,742638.21,816805.43,195.52,-12.32,-2.15,-7.4,669.62,469.1,669.62,530.17,59.0
06/03/2026,1630,UNG,11.71,+2.09%,0.32,18.1182,9.95,11.26,11.11,12.45,-3.0,0.62,-0.47,"5,677,709",0.0,8942787.65,1.026032922E7,-18.03,3.17,-1.6,-1.84,13.6,10.24,-10.24,12.03,NaN
06/03/2026,1630,UNH,377.00,-0.24%,6.48,404.15,234.6,384.25,344.51,328.04,-14.0,-0.64,-0.23,"6,798,307",-100145.52,7773301.33,8082003.28,-19.59,35.97,-3.14,-0.87,404.14,256.46,404.14,404.14,37.0
06/03/2026,1630,UNP,262.13,-0.96%,4.8,279.7,210.84,267.28,258.55,239.74,-5.0,-0.44,-0.32,"2,875,726",-200129.04,3030396.22,3015113.46,54.05,7.12,-3.47,-0.19,276.11,232.52,280.05,-259.02,34.0
06/03/2026,1630,UPBD,17.89,-3.87%,0.79,28.025,15.82,18.14,18.52,20.13,-2.0,-0.52,-0.72,"837,119",200250.24,810193.33,852414.88,0.71,2.05,4.8,-6.87,21.62,17.1,-17.1,20.04,39.0
06/03/2026,1630,UPS,108.67,-0.24%,4.66,122.41,82.0,101.6,101.85,98.42,-1.0,0.71,-0.97,"6,200,043",-200635.22,5695376.81,6415147.21,23.27,10.68,12.23,1.86,110.62,94.1,-94.1,-94.1,37.0
06/03/2026,1630,UPST,30.29,-6.48%,1.93,87.3,23.965,29.79,29.73,42.2,-2.0,-0.82,-0.6,"5,434,912",0.0,4625948.98,4819738.29,10.9,18.41,7.87,-10.36,36.3,24.45,36.3,35.03,42.0
06/03/2026,1630,URA,50.39,-5.67%,1.6,62.28,32.45,51.78,52.06,49.64,-1.0,-0.2,-0.6,"5,004,537",100756.02,3835725.6,3888727.72,38.62,3.05,6.76,-0.73,59.28,45.45,59.28,-47.1,NaN
06/03/2026,1630,URBN,72.57,+0.43%,2.24,84.35,59.535,71.22,69.34,70.23,-5.0,-0.49,-0.54,"794,540",100247.09,1328901.87,1507012.57,-46.28,12.39,5.36,-0.11,77.3,60.49,77.05,77.05,58.0
06/03/2026,1630,URI,1056.58,+6.21%,34.15,1067.88,682.075,963.63,876.67,877.19,1.0,0.81,0.53,"859,328",100536.29,540966.62,566585.13,32.21,44.32,13.9,6.12,1001.27,702.52,-702.52,-911.1,34.0
06/03/2026,1630,URNJ,28.26,-5.58%,1.04,40.81,17.97,28.83,29.84,29.12,-1.0,0.22,-0.59,"275,333",0.0,293458.05,340590.61,35.32,-2.72,8.44,0.11,34.32,26.09,-26.09,-26.09,NaN
06/03/2026,1630,URNM,61.46,-5.94%,2.15,84.95,41.03,62.15,64.08,61.83,-1.0,0.21,-0.65,"766,912",100255.07,737735.53,746277.82,36.89,-3.08,7.67,0.29,72.28,57.1,-57.1,-57.1,NaN
06/03/2026,1630,USCI,99.51,+0.11%,1.27,102.93,70.72,99.97,98.01,84.7,3.0,-0.12,0.2,"12,843",400126.06,26178.47,25957.32,-3.68,3.37,-2.32,1.68,103.14,87.62,103.14,-97.05,NaN
06/03/2026,1630,USD/JPY,160.079,0.00%,0.348,N/A,N/A,159.279,158.638,157.365,4.0,0.66,0.62,0,-100200.36,1.23734E7,1.520828125E7,-100.0,0.21,0.729,0.247,161.35,155.29,-155.29,-159.15,NaN
06/03/2026,1630,USFD,83.16,+3.02%,0.93,102.13,69.875,83.02,88.19,82.39,12.0,0.1,0.59,"3,320,951",-100028.19,2344730.77,2478929.23,6.27,-7.51,2.35,1.6,95.55,80.08,-80.08,-80.08,44.0
06/03/2026,1630,USPH,61.87,-1.01%,1.15,93.5,58.19,62.76,69.92,79.03,-3.0,0.33,-0.68,"186,370",300346.12,202942.96,196551.0,-46.89,-16.1,0.42,-3.72,84.62,58.17,-58.17,66.11,43.0
06/03/2026,1630,UTI,44.53,+6.89%,2.22,44.87,21.29,38.78,37.61,31.3,3.0,0.68,0.77,"2,192,667",300054.07,968373.58,892869.95,69.92,21.83,23.42,19.03,42.13,31.18,-31.18,-34.17,43.0
06/03/2026,1630,UTZ,7.11,+0.57%,0.24,14.67,6.92,7.42,7.57,9.96,-7.0,-0.62,-0.44,"1,344,067",200150.11,1934080.95,1943318.13,-52.68,-7.78,-4.69,-2.87,9.62,7.12,-7.12,8.07,39.0
06/03/2026,1630,UUP,27.86,+0.36%,0.06,28.45,26.395,27.64,27.59,27.56,1.0,0.78,0.73,"1,724,922",100007.4,2481632.93,2810414.59,-18.39,0.0,0.25,0.72,28.45,27.32,-27.32,-27.17,NaN
06/03/2026,1630,V,312.40,-1.55%,5.36,375.51,293.89,324.45,316.2,330.38,-9.0,-0.57,-0.26,"8,988,382",100024.04,7521734.4,7467837.64,13.06,3.86,-5.31,-4.28,342.24,294.43,342.24,335.1,38.0
06/03/2026,1630,VET,11.94,+1.79%,0.63,14.82,6.635,12.13,12.62,9.81,3.0,0.03,0.43,"1,725,484",101365.53,1810262.14,2178211.2,50.85,-10.76,-9.55,7.28,15.51,11.62,15.51,-11.03,44.0
06/03/2026,1630,VFC,16.41,-1.80%,0.46,22.2699,11.06,17.29,18.04,17.2,-3.0,-0.26,-0.44,"5,047,945",100155.09,7453143.7,7251453.05,-22.49,-2.73,-1.97,-4.48,22.3,16.08,-16.08,-16.08,42.0
06/03/2026,1630,VG,12.52,+1.21%,0.83,19.5,5.72,12.9,13.45,10.89,1.0,-0.22,0.51,"11,769,173",100815.52,2.283320425E7,2.643330071E7,-63.31,-14.48,-15.29,3.99,18.49,11.59,18.49,15.1,48.0
06/03/2026,1630,VGK,87.90,-1.19%,1.07,90.745,74.2401,88.08,86.45,83.67,-5.0,-0.79,-0.43,"1,681,737",200127.45,3579335.17,4044875.68,-42.26,5.62,1.72,-1.25,90.06,79.51,90.06,90.06,NaN
06/03/2026,1630,VHT,275.27,+0.84%,3.06,298.6068,237.2312,274.52,273.36,276.43,-4.0,-0.79,-0.57,"202,368",-100116.23,196609.95,199399.08,-4.08,0.81,0.45,-1.55,287.62,265.46,-265.46,282.04,NaN
06/03/2026,1630,VIK,88.64,-0.99%,3.61,93.6999,45.96,86.05,81.2,70.44,-3.0,-0.94,-0.58,"2,215,483",200449.06,3355423.42,3248960.53,-66.59,18.5,7.8,-3.77,92.13,66.6,94.04,94.04,52.0
06/03/2026,1630,VIR,8.77,+0.34%,0.3,11.66,4.155,9.15,9.52,7.23,-3.0,-0.1,-0.46,"2,374,706",0.0,1745407.41,2034797.7,95.32,-3.2,2.81,-8.07,12.31,8.45,12.31,10.03,43.0
06/03/2026,1630,VIX,16.06,+1.84%,0.9,35.3,13.38,16.99,19.31,18.44,3.0,0.2,0.63,<empty>,NaN,NaN,NaN,NaN,-33.55,-7.91,4.83,35.61,15.03,35.61,-15.03,NaN
06/03/2026,1630,VKTX,29.33,+0.14%,1.29,43.15,22.959,30.86,32.34,32.33,-3.0,-0.41,-0.43,"1,459,029",100268.24,2191347.68,2266533.75,-35.89,-15.72,3.27,-10.42,38.56,28.1,-28.1,33.03,39.0
06/03/2026,1630,VLO,261.45,+1.24%,7.5,265.6101,125.5,247.78,244.08,195.1,5.0,0.44,0.66,"2,689,583",-100148.52,3198241.98,3663687.48,20.03,7.11,-0.45,6.79,264.09,214.59,-214.59,-233.17,39.0
06/03/2026,1630,VLTO,84.67,+2.72%,1.48,110.11,80.03,85.54,87.43,97.15,1.0,0.38,0.55,"2,128,816",-300231.04,2154539.19,2103911.16,-15.3,-3.8,-2.08,2.97,96.62,80.04,-80.04,-80.04,35.0
06/03/2026,1630,VMC,285.30,+1.23%,8.66,331.09,252.35,275.63,281.94,291.7,10.0,0.58,0.75,"969,398",300138.46,1131322.19,1231097.97,-21.13,1.94,9.96,0.84,306.24,252.52,306.24,-252.1,39.0
06/03/2026,1630,VNM,18.02,-0.61%,0.42,19.85,13.02,19.04,18.54,18.3,-3.0,-0.43,-0.1,"349,407",-100141.59,709777.71,829731.7,-17.76,3.15,-5.7,-3.64,20.17,16.49,20.17,20.17,NaN
06/03/2026,1630,VNO,34.00,-0.64%,1.28,43.37,24.57,32.14,29.55,33.5,-1.0,1.0,-0.49,"1,709,387",-100446.52,1865474.02,2016465.73,9.47,34.12,12.14,0.74,33.06,25.46,-25.46,-30.09,41.0
06/03/2026,1630,VRNS,33.51,-6.61%,2.59,63.9,19.7,30.36,26.3,36.58,-1.0,-0.99,-0.73,"1,797,910",0.0,2451031.09,2380144.3,9.97,48.74,12.56,-1.87,31.07,20.37,-20.37,36.02,38.0
06/03/2026,1630,VRT,331.44,-0.91%,18.62,379.935,107.38,339.15,311.53,214.21,4.0,0.24,0.3,"3,878,975",-100569.52,5660273.62,7463156.7,-13.05,26.85,2.73,4.98,380.13,232.45,380.13,-307.04,38.0
06/03/2026,1630,VRTX,428.34,+0.76%,7.07,507.92,362.5,436.81,437.24,436.63,-3.0,-0.48,-0.42,"1,561,993",0.0,1236058.84,1304187.57,30.78,-2.36,-1.37,-4.29,508.59,412.2,-412.2,457.13,41.0
06/03/2026,1630,VSCO,54.3,0.00%,4.94,66.889,17.53,50.07,49.63,44.43,-2,0.61,-0.89,<empty>,200487.01,2234744.83,2486945.83,79.03,17.13,18.15,-5.04,65.61,42.44,-42.44,61.02,1
06/03/2026,1630,VTR,79.04,-1.36%,3.35,91.06,61.76,86.66,85.21,78.53,-13.0,0.0,0.0,"4,629,291",100023.24,4211634.93,3998019.64,-28.29,-5.08,-10.54,-6.37,91.12,79.29,91.12,91.12,39.0
06/03/2026,1630,VVIX,89.80,-0.81%,2.97,147.14,81.72,92.63,100.56,102.16,3.0,0.24,0.55,<empty>,NaN,NaN,NaN,NaN,-22.14,-5.08,4.35,141.61,85.03,141.61,-85.03,NaN
06/03/2026,1630,VVV,34.65,+2.09%,0.75,41.33,28.5,33.69,33.57,34.22,1.0,0.36,0.66,"1,981,426",-200136.18,2132170.26,2065480.76,-15.24,3.96,7.71,2.67,37.17,31.09,-31.09,-31.09,43.0
06/03/2026,1630,VXD,15.54,+3.74%,0.66,42.71,2.43,15.9,18.5,17.36,1.0,0.21,0.5,<empty>,NaN,NaN,NaN,NaN,-29.11,-5.7,6.58,43.59,14.03,43.59,-14.03,NaN
06/03/2026,1630,VXN:CGI,23.84,+2.45%,0.72,33.92,9.01,23.7,24.48,22.79,3.0,0.41,0.57,<empty>,NaN,NaN,NaN,NaN,-11.83,-1.04,5.58,34.45,21.22,-21.22,-22.03,NaN
06/03/2026,1630,VXX,24.31,-0.25%,1.33,56.0096,23.85,26.57,29.55,31.26,3.0,-0.11,0.54,"8,671,715",0.0,9391275.88,1.098009306E7,-4.67,-29.94,-11.86,0.7,40.45,24.03,40.45,-24.03,NaN
06/03/2026,1630,VZ,46.65,-2.55%,0.65,51.68,38.39,47.56,47.72,44.34,-6.0,-0.3,-0.39,"27,810,833",100029.52,2.337677695E7,2.442467942E7,31.1,-5.57,-2.28,-2.43,52.49,44.35,-44.35,49.05,32.0
06/03/2026,1630,W,69.38,-4.07%,5.66,119.98,42.63,65.99,70.68,86.67,-4.0,-0.68,-0.88,"2,782,401",101271.1,4098083.95,3925791.49,-46.84,-4.45,20.87,-3.99,86.32,56.1,-56.1,77.05,41.0
06/03/2026,1630,WBD,27.00,-0.66%,0.11,30.0,9.11,27.13,27.2,24.34,-1.0,-0.1,-0.37,"16,710,849",-100119.52,1.960208572E7,2.155879483E7,-20.47,-1.17,-0.33,-0.04,28.62,27.25,-27.25,-27.07,44.0
06/03/2026,1630,WCLD,33.08,-4.86%,2.28,37.115,23.8901,30.27,28.39,32.01,-1.0,1.0,-0.91,"741,168",300638.03,1126817.46,1162518.2,-54.62,19.04,11.49,0.39,31.1,24.37,-24.37,36.02,NaN
06/03/2026,1630,WDAY,146.90,-1.33%,11.5,257.09,110.36,129.71,126.42,184.8,-1.0,1.0,-0.91,"4,431,800",200366.03,5215095.41,5171255.26,-14.07,11.07,13.58,0.49,154.6,110.38,-110.38,159.02,54.0
06/03/2026,1630,WEAT,22.67,-2.07%,0.75,25.6,19.78,24.11,23.51,21.64,-10.0,-0.2,0.0,"1,042,201",-100149.58,965109.35,1069790.1,22.41,-0.87,-10.04,-3.04,26.14,22.37,26.14,26.14,NaN
06/03/2026,1630,WELL,199.59,+2.17%,7.88,221.675,148.6,212.48,208.77,192.42,1.0,0.0,0.05,"5,468,475",-100227.04,3153102.17,3231132.11,57.78,-1.35,-8.44,-2.8,222.14,193.49,222.14,222.14,37.0
06/03/2026,1630,WEN,6.85,-4.99%,0.34,12.51,6.37,7.55,7.17,8.23,-2.0,-0.57,0.0,"13,464,163",200467.16,1.020128244E7,9978708.38,-40.96,-0.44,-15.64,-11.04,8.14,6.2,8.14,8.14,45.0
06/03/2026,1630,WEST,7.90,-0.88%,0.24,8.9764,3.59,8.04,6.23,5.04,-2.0,-0.65,0.0,"420,635",-100168.16,636987.11,603516.6,-60.93,79.55,-2.11,-1.62,9.16,4.6,9.16,9.16,44.0
06/03/2026,1630,WFC,78.68,-0.96%,1.72,97.76,71.93,76.24,79.18,84.06,14.0,0.56,0.75,"15,231,658",-300430.18,1.669582923E7,1.742667903E7,-6.81,-2.38,5.54,1.47,87.36,73.12,-73.12,-73.12,27.0
06/03/2026,1630,WGMI,70.715,-1.11%,5.84,74.285,17.21,62.27,51.16,45.61,-1.0,1.0,-0.75,"526,634",-100477.12,557984.69,559061.86,37.2,97.75,28.92,3.86,66.06,32.45,-32.45,-52.1,NaN
06/03/2026,1630,WGS,53.02,-0.21%,4.58,170.87,32.21,44.79,56.38,103.18,-1.0,0.54,-0.96,"1,081,610",201576.19,1323372.23,1193012.18,-6.28,-19.91,25.85,1.98,95.6,32.19,-32.19,-38.17,38.0
06/03/2026,1630,WH,80.11,-1.68%,1.6,92.685,69.21,80.97,82.62,79.51,-1.0,-0.17,-0.57,"1,256,175",0.0,1203462.32,1222458.15,31.14,-2.5,3.68,-0.19,90.3,72.57,90.3,-77.09,34.0
06/03/2026,1630,WING,144.05,-4.60%,12.7,388.14,116.35,137.37,158.35,232.53,-2.0,0.69,-0.78,"1,075,067",200873.13,1429382.71,1334741.87,-19.33,-5.55,13.6,-8.23,247.62,116.13,-116.13,162.02,38.0
06/03/2026,1630,WMS,132.51,-2.32%,2.77,179.315,109.63,138.33,142.53,147.23,-3.0,-0.4,-0.54,"974,818",-200143.09,896468.7,928625.22,-4.03,-3.75,0.7,-4.78,161.62,128.07,-128.07,-128.07,44.0
06/03/2026,1630,WMT,116.89,+3.39%,7.47,135.155,93.43,125.02,126.11,115.28,1.0,0.0,0.12,"32,646,087",-200228.04,1.946147867E7,2.01672748E7,136.8,-7.08,-12.9,0.98,135.1,115.03,135.1,135.1,53.0
06/03/2026,1630,WOOD,67.0045,-0.73%,1.03,83.32,64.53,67.13,68.98,72.22,-1.0,0.42,-0.8,"27,737",0.0,18152.79,20737.88,115.66,-4.99,3.71,-1.05,75.62,65.1,-65.1,-65.1,NaN
06/03/2026,1630,WRBY,24.22,-3.47%,1.63,31.0,14.96,26.2,23.88,24.02,-1.0,-0.36,-0.16,"2,171,520",-101183.11,2743830.04,2747860.28,-34.81,19.37,-5.06,-1.22,30.1,20.41,30.1,-23.09,44.0
06/03/2026,1630,WW,16.13,+0.94%,2.89,46.949,8.365,12.3,11.97,23.07,-3.0,0.91,-0.9,"271,837",-101609.19,393291.81,375041.11,-31.57,13.03,72.33,-2.95,25.55,8.17,-8.17,18.04,46.0
06/03/2026,1630,WWW,16.00,-5.66%,1.05,32.8,13.47,16.38,16.77,20.21,-3.0,-0.7,-0.4,"1,103,364",-101064.14,1079940.34,1112475.36,-48.01,0.31,8.84,-8.83,19.3,14.13,-14.13,18.04,39.0
06/03/2026,1630,WY,24.47,+0.33%,0.65,27.86,21.155,23.67,24.13,24.31,2.0,0.44,0.77,"3,984,141",100033.04,4950799.56,5242065.65,-47.84,0.16,6.9,-0.16,26.3,22.51,26.3,25.04,35.0
06/03/2026,1630,WYFI,28.03,-7.06%,2.92,40.75,10.5101,27.26,19.78,20.89,-5.0,-0.91,-0.22,"1,035,441",101951.14,1411862.55,1264175.87,-68.97,141.22,9.84,-5.75,33.06,11.46,33.06,33.06,50.0
06/03/2026,1630,WYNN,104.95,+0.32%,3.76,134.72,82.627,100.13,102.56,114.59,12.0,0.82,1.0,"1,439,643",-100338.18,1453692.28,1601231.9,-7.44,2.86,10.73,3.69,112.32,93.09,-93.09,108.02,44.0
06/03/2026,1630,XBI,129.83,+1.62%,3.02,139.19,80.9,132.97,131.59,118.52,-3.0,-0.26,-0.29,"8,091,964",-100037.44,8876722.65,9065943.39,14.99,0.67,2.4,-5.02,139.32,118.49,139.32,-125.1,NaN
06/03/2026,1630,XHR,17.76,0.00%,0.57,17.96,11.75,16.92,16.16,14.76,-1.0,1.0,-0.67,"1,262,161",200156.01,710791.12,684374.51,120.0,19.92,8.36,2.25,17.06,14.56,-14.56,-16.12,39.0
06/03/2026,1630,XIACY,17.99,-4.00%,0.69,40.25,17.75,19.3,19.75,25.68,-1.0,-0.49,-0.22,"227,165",-100000.53,365282.98,414552.55,-64.57,-10.9,-8.17,0.62,23.52,18.03,23.52,-18.03,56.0
06/03/2026,1630,XLB,51.63,+0.21%,0.77,54.14,42.035,51.09,51.03,47.76,9.0,0.4,0.69,"12,438,379",100129.03,1.182034967E7,1.3275437E7,47.11,2.42,5.28,0.94,53.18,47.51,53.18,-49.1,NaN
06/03/2026,1630,XLC,112.08,-1.31%,1.28,120.405,101.65,115.95,115.0,115.41,-4.0,-0.51,-0.22,"6,066,684",0.0,5306648.42,6137150.97,49.37,0.34,-3.25,-3.12,119.32,107.46,119.32,118.13,NaN
06/03/2026,1630,XLE,58.71,+1.29%,1.41,63.46,40.83,58.04,58.25,50.2,3.0,0.22,0.57,"46,236,382",0.0,4.529798733E7,4.943520939E7,103.62,-0.91,-4.21,4.3,63.45,53.32,-53.32,62.09,NaN
06/03/2026,1630,XLF,50.87,-1.15%,0.3,56.515,47.67,51.44,51.15,52.57,-3.0,-0.58,-0.35,"44,856,220",0.0,3.737082282E7,4.279883964E7,34.14,2.71,-0.45,-1.38,53.3,48.46,53.3,52.06,NaN
06/03/2026,1630,XLG,63.66,-1.15%,0.44,64.7653,49.42,63.52,60.13,58.42,-2.0,-0.81,-0.15,"1,414,308",-100129.58,1967709.68,2905213.23,87.26,15.94,1.02,-1.1,64.13,53.45,-53.45,65.02,NaN
06/03/2026,1630,XLI,174.05,-0.08%,1.77,179.305,141.28,173.08,170.58,161.79,2.0,0.54,0.55,"6,895,405",0.0,9337386.46,1.090986575E7,13.58,6.28,3.15,0.53,178.18,156.45,178.18,-168.1,NaN
06/03/2026,1630,XLK,196.23,-1.00%,8.14,198.73,117.555,181.12,160.99,146.33,-1.0,1.0,-0.67,"11,504,807",0.0,1.22590487E7,1.38265745E7,17.18,44.3,13.27,2.73,186.06,127.45,-127.45,-171.1,NaN
06/03/2026,1630,XLP,82.16,+0.40%,1.37,90.14,75.16,84.15,83.08,81.42,-10.0,-0.3,-0.27,"14,720,197",0.0,1.302359021E7,1.449270974E7,40.69,0.33,-4.56,-0.9,87.1,80.34,87.1,87.1,NaN
06/03/2026,1630,XLRE,43.51,+0.05%,0.5,44.985,39.725,44.16,43.3,42.07,-5.0,-0.53,-0.27,"5,665,355",-100330.52,5900178.88,6694733.94,8.07,4.57,-0.98,-1.09,45.19,40.46,45.05,45.05,NaN
06/03/2026,1630,XLU,43.71,-0.43%,0.65,47.8,39.89,44.63,45.5,44.46,-5.0,-0.01,-0.37,"21,923,617",-100424.52,2.142615495E7,2.280277285E7,-19.6,-5.68,-1.42,-1.6,48.38,44.11,48.38,-43.02,NaN
06/03/2026,1630,XLV,147.55,+0.79%,1.56,160.59,127.96,146.93,146.48,148.5,-4.0,-0.81,-0.62,"9,814,479",100123.5,1.025007336E7,1.151309863E7,-38.05,0.5,0.16,-1.28,156.62,142.24,-142.24,151.04,NaN
06/03/2026,1630,XLY,116.73,-0.73%,1.97,125.01,103.855,118.76,116.02,117.61,-4.0,-0.68,-0.16,"6,081,690",100227.45,8467554.2,9305484.03,31.87,7.93,1.48,-3.43,122.32,105.45,122.04,122.04,NaN
06/03/2026,1630,XOM,152.53,+1.99%,4.99,176.41,101.73,151.67,154.31,132.58,3.0,0.15,0.53,"14,350,128",-100337.44,1.936733661E7,2.043084569E7,-9.02,-5.08,-6.16,5.0,176.45,142.32,-142.32,164.09,40.0
06/03/2026,1630,XOP,171.13,+1.35%,4.5,190.36,119.67,169.45,172.05,145.17,3.0,0.09,0.64,"2,816,993",0.0,4125032.25,4828717.99,-18.06,-3.71,-4.16,4.35,190.45,155.32,-155.32,-162.03,NaN
06/03/2026,1630,XPEV,17.46,-2.40%,0.88,28.235,14.72,16.13,16.75,19.6,9.0,0.87,0.83,"5,273,369",-200262.29,6520677.11,7046600.61,-45.07,-1.36,16.87,6.14,20.56,15.09,-15.09,-15.09,52.0
06/03/2026,1630,XRT,83.37,-0.39%,1.97,91.65,75.02,82.34,82.93,84.73,-3.0,0.61,-0.65,"5,041,077",100225.09,5383497.29,5666066.18,-49.27,3.63,5.36,-0.74,89.3,78.09,-78.09,86.04,NaN
06/03/2026,1630,XTL,238.31,-3.76%,7.86,247.62,104.48,231.59,217.88,170.77,-1.0,-0.75,-0.52,"113,062",100327.02,121397.74,105914.26,219.42,19.91,6.78,-0.15,241.06,179.6,-179.6,-218.1,NaN
06/03/2026,1630,XYL,109.69,-0.54%,1.18,154.27,105.29,110.41,117.16,133.73,2.0,0.34,0.66,"1,950,209",200037.33,2211707.79,2164772.32,-1.87,-9.54,3.15,0.14,130.34,105.09,-105.09,-105.09,44.0
06/03/2026,1630,XYZ,69.80,-5.87%,2.54,82.5,48.21,71.55,68.1,67.67,-2.0,-0.71,-0.37,"7,198,771",0.0,5689556.86,6257909.54,11.3,16.76,0.91,-7.82,77.17,56.46,-56.46,78.02,46.0
06/03/2026,1630,YCS,54.55,+0.17%,0.37,54.67,40.26,53.44,53.41,49.92,-1.0,0.67,-0.8,"14,489",-100218.33,29007.27,28850.67,23.76,1.66,1.56,1.02,55.49,51.56,55.49,-52.17,NaN
06/03/2026,1630,YELP,22.02,-4.55%,0.71,37.915,19.6,23.5,25.43,28.1,-1.0,-0.37,-0.64,"1,410,601",-100349.04,1184906.09,1239388.91,-16.89,-12.45,-2.52,-3.42,30.29,21.12,-21.12,-21.12,44.0
06/03/2026,1630,YPF,54.90,-0.74%,3.71,56.145,22.82,47.91,45.26,36.57,-1.0,1.0,-0.96,"2,236,772",100849.12,2446901.3,2561030.27,50.68,21.41,14.47,3.57,49.08,35.62,-35.62,56.02,42.0
06/03/2026,1630,YUM,148.44,+1.27%,2.59,169.39,137.33,151.6,155.7,152.88,1.0,-0.02,0.39,"2,586,787",-100124.04,1750337.37,1774476.0,52.07,-4.9,-2.46,0.33,165.54,147.03,165.54,-145.02,39.0
06/03/2026,1630,YUMC,42.94,-1.04%,1.15,58.39,41.69,45.3,47.51,47.7,3.0,0.01,0.33,"1,499,333",100232.53,1421557.98,1583325.13,49.04,-12.71,-5.27,1.2,55.54,42.03,55.54,-42.03,43.0
06/03/2026,1630,ZG,35.59,-2.71%,0.79,90.22,34.68,38.18,41.22,60.26,10.0,0.63,0.64,"1,529,101",0.0,1048973.29,1091565.06,40.66,-12.43,-2.28,0.65,49.62,35.09,49.62,44.17,43.0
06/03/2026,1630,ZM,106.20,-5.08%,4.74,114.74,69.15,103.17,93.77,86.29,-1.0,-0.68,-0.62,"3,086,652",100756.03,4826653.1,4602263.62,-11.28,28.95,9.05,4.54,114.07,74.56,-74.56,115.02,54.0
06/03/2026,1630,ZS,134.37,-6.78%,19.3,336.99,114.625,154.94,143.09,219.59,-2.0,-0.62,0.0,"7,699,657",100363.05,4548294.35,4089036.55,60.03,-3.02,-23.33,-3.84,191.06,115.37,191.06,-122.04,62.0
