Date,Time,Symbol,Last,%Change,Sector,Beta,StandardDeviation,Free Cash Flow Per Share - Current (LTM),52High,52Low,SimpleMovingAvg,SimpleMovingAvg,SimpleMovingAvg,A_MCADays_Streak,A_MACD_BRR,A_MACDH_D_BRR,Volume,A_VolumeSpike,VolumeAvg,VolumeAvg,VolumeRateOfChange,A_Perf2M,A_Perf2Wk,A_Perf3D,A_3mnHigh,A_3mnLow,A_3mnHighLow,A_3wkHighLow,A_EarningsDays,Market Cap
05/19/2026,1630,$COMP,25870.7098,-0.84%,,1.211,525.19,<empty>,26707.1412,18599.6866,25501.81,23703.21,23008.17,-3.0,-0.91,-0.19,<empty>,NaN,NaN,NaN,NaN,17.11,2.15,-2.87,26359.06,20690.35,-20690.35,26707.03,NaN,0
05/19/2026,1630,$DJI,49363.88,-0.65%,,1,262.1,<empty>,50512.79,41354.09,49475.44,48065.04,47514.4,-3.0,-0.85,-0.3,"494,842,736",-100100.42,5.066667824E8,5.2106731773E8,9.17,7.26,0.13,-1.4,50130.08,45057.35,-45057.35,50201.03,NaN,0
05/19/2026,1630,$DXY,99.399,+0.07%,,<empty>,0.505,<empty>,100.643,95.551,98.56,98.984,98.538,7.0,0.59,0.88,<empty>,NaN,NaN,NaN,NaN,-0.105,1.412,0.13,101.35,97.61,101.35,-98.1,NaN,0
05/19/2026,1630,/6B[M26],1.3380,-0.13%,,.3089,0.0093,<empty>,1.3869,1.3011,1.3507,1.3431,1.3424,-2.0,-0.3,-0.07,"2,720",-100000.5,98322.38,104824.3438,-98.2346,0.3149,-1.5597,0.4203,1.13,1.35,1.13,-1.02,NaN,0
05/19/2026,1630,/6C[M26],.72770,-0.06%,,.2666,0.00297,<empty>,0.74315,0.70845,0.73238,0.72991,0.7257,-1.0,-0.34,-0.24,"2,214",-300106.48,68572.94,72400.40625,-97.82372,-0.51268,-0.95277,-0.05494,1.51,1.35,-1.35,1.13,NaN,0
05/19/2026,1630,/6E[M26],1.16085,-0.09%,,.1322,0.00608,<empty>,1.21105,1.12215,1.17207,1.16798,1.17095,-7.0,-0.42,-0.14,"6,735",-200000.5,192186.64,205607.75,-97.12484,-0.09467,-1.37632,-0.28347,1.23,1.47,1.23,1.1,NaN,0
05/19/2026,1630,/6J[M26],.0063015,0.00%,,.041,3.75E-5,<empty>,0.007078,0.006243,0.0063412,0.0063276,0.006506,-10.0,-0.63,-0.2,"11,758",200109.11,151924.44,155045.90625,-98.1177231,-0.4030346,-1.7692907,-0.2058754,0.61,0.14,-0.14,0.1,NaN,0
05/19/2026,1630,/BTC[K26],76570,-0.34%,,.9922,1848.0,<empty>,127240.0,60005.0,78988.0,74704.0,91807.0,-7.0,-1.0,0.0,754,100762.0,8382.0,8878.0,-82.0,9.0,-6.0,-3.0,83215.0,62591.0,83215.0,83215.0,NaN,0
05/19/2026,1630,/BZ[N26],110.99,-0.26%,,.055,3.72,<empty>,119.4,58.72,107.56,103.99,75.66,7.0,0.3,0.54,435,-101000.52,50610.28,64688.58,-99.24,-1.32,8.89,1.63,119.51,69.58,119.51,-96.09,NaN,0
05/19/2026,1630,/CL[N26],104.02,-0.12%,,1.29,3.0,<empty>,119.48,54.98,100.8,98.08,71.13,7.0,0.31,0.56,"5,669",100321.51,337668.06,393888.41,-98.21,6.03,8.1,2.81,119.51,64.58,119.51,-89.1,NaN,0
05/19/2026,1630,/GC[M26],4467.1,-0.98%,,.1486,91.4,<empty>,5626.8,3250.5,4633.5,4702.5,4362.0,-6.0,-0.3,-0.5,"12,893",0.0,148462.4,149043.5,-88.7,-0.6,-5.0,-1.7,5434.6,4100.4,-4100.4,4783.1,NaN,0
05/19/2026,1630,/HG[N26],6.1820,-0.39%,,.037,0.2368,<empty>,6.716,4.3325,6.1876,5.921,5.4157,-5.0,-0.77,-0.34,"1,823",0.0,43954.48,44305.8281,-93.8813,16.5975,-0.1857,-1.7092,7.06,5.41,7.05,7.05,NaN,0
05/19/2026,1630,/NG[M26],3.112,-0.06%,,.5784,0.123,<empty>,7.439,2.495,2.81,2.849,3.407,5.0,0.51,0.38,"1,378",0.0,109434.84,115254.891,-99.146,0.517,14.328,5.1,3.51,2.18,-2.18,-3.17,NaN,0
05/19/2026,1630,/NKD[M26],59550,-1.87%,,.352,1456.0,<empty>,63880.0,36490.0,61001.0,57484.0,51638.0,-5.0,-1.0,0.0,"1,980",200500.0,5839.0,5993.0,-70.0,17.0,-4.0,-4.0,63850.0,50410.0,63880.0,63880.0,NaN,0
05/19/2026,1630,/SI[N26],73.930,-1.64%,,.6496,5.193,<empty>,121.785,32.74,77.725,76.505,64.898,-5.0,-0.29,-0.56,"2,833",0.0,44256.8,46953.484,-89.962,9.025,-5.005,-3.1,97.56,61.41,-61.41,90.05,NaN,0
05/19/2026,1630,AAAU,44.20,-1.65%,,.1639,0.81,<empty>,54.71,31.975,45.74,46.4,42.78,-5.0,-0.3,-0.51,"1,658,312",0.0,2291385.88,2360915.17,38.48,-3.49,-1.58,-3.66,53.55,43.39,-43.39,47.08,NaN,"2,722 M"
05/19/2026,1630,AAL,12.06,-2.43%,Industrials,1.339,0.49,$1.67,16.5,10.09,12.24,11.56,12.97,-7.0,-0.7,-0.4,"67,547,521",-100272.5,6.12445798E7,6.608726201E7,34.58,11.67,-2.51,-5.04,14.57,10.35,-10.35,13.07,45.0,"7,976 M"
05/19/2026,1630,AAPL,298.97,+0.38%,Information Technology,1.068,8.86,$8.74,303.2,193.46,284.43,267.78,260.07,-4.0,-1.0,-0.56,"42,243,561",300027.13,4.396239413E7,4.339351194E7,40.59,20.09,5.2,0.25,295.07,246.35,-246.35,303.02,50.0,"4,391,079 M"
05/19/2026,1630,ABBV,213.76,+2.08%,Health Care,.3052,3.46,$11.29,244.81,180.25,205.2,209.07,218.98,1.0,0.74,0.98,"7,220,276",-100136.42,6836539.95,6743263.41,-30.62,3.65,3.71,1.42,237.53,191.14,-191.14,-191.14,50.0,"377,670 M"
05/19/2026,1630,ABNB,131.16,-2.34%,Consumer Discretionary,1.206,3.51,$7.52,147.25,110.81,138.46,133.92,128.28,-1.0,-0.4,-0.08,"3,795,679",0.0,3573358.99,3981415.52,8.86,0.28,-6.13,-1.88,147.19,120.6,147.19,147.07,54.0,"77,844 M"
05/19/2026,1630,ABR,5.81,-3.81%,Financials,1.163,1.01,$0.89,12.575,5.67,7.25,7.51,9.2,3.0,-0.21,0.13,"4,355,373",-401162.06,3643870.19,4033537.07,16.67,-25.8,-27.37,-0.51,9.53,6.04,9.53,-6.02,51.0,"1,118 M"
05/19/2026,1630,ABT,88.82,+1.04%,Health Care,.6401,2.31,$4.24,139.06,81.97,88.14,97.37,118.15,6.0,0.32,0.9,"11,693,547",-100135.42,1.31131867E7,1.211016506E7,29.78,-17.14,1.89,4.62,117.56,82.06,-82.06,-82.06,39.0,"154,708 M"
05/19/2026,1630,ACHC,24.92,-1.54%,Health Care,.7587,1.03,($3.23),30.1991,11.43,26.47,25.42,20.56,-3.0,-0.42,-0.19,"2,934,631",-100568.14,3004252.28,3268624.22,-26.43,8.54,-1.39,-7.01,30.11,16.61,30.11,30.11,49.0,"2,292 M"
05/19/2026,1630,ACHR,5.91,-0.17%,Industrials,2.842,0.29,($0.90),14.62,4.8,6.05,5.86,8.1,-6.0,-0.92,-0.4,"49,584,399",-200282.02,3.177945255E7,3.215738434E7,111.63,-1.66,1.2,-7.8,8.55,5.35,-5.35,7.06,57.0,"4,509 M"
05/19/2026,1630,ACI,17.20,+2.32%,Consumer Staples,.2568,0.37,$0.97,22.78,15.545,16.47,16.85,17.72,6.0,0.38,0.88,"9,899,952",-100131.06,6626492.99,6413861.31,144.37,-0.81,6.63,4.18,19.59,16.05,-16.05,-16.05,43.0,"8,506 M"
05/19/2026,1630,ADBE,254.99,-0.25%,Information Technology,1.453,6.66,$24.58,422.95,224.13,247.54,246.42,307.19,3.0,0.75,0.6,"5,854,359",200143.46,5657944.6,5579053.45,119.72,3.66,-0.25,7.59,285.52,224.27,-224.27,-232.03,16.0,"103,067 M"
05/19/2026,1630,ADYEY,10.970,+3.88%,Financials,2.351,0.38,$33.73,19.94,9.45,11.01,10.63,14.39,2.0,0.75,0.51,"1,079,786",100000.06,1766377.34,2005237.86,30.31,9.81,-3.01,6.2,12.57,9.32,-9.32,-10.04,NaN,"34,596 M"
05/19/2026,1630,AFK,26.32,-2.52%,,.7392,0.82,<empty>,30.85,18.02,27.43,26.89,25.71,-5.0,-0.52,-0.35,"66,522",-200043.45,78375.19,85561.79,76.39,4.36,-1.61,-5.53,31.58,24.41,-24.41,29.06,NaN,117 M
05/19/2026,1630,AFRM,65.30,+1.38%,Financials,3.497,1.33,$2.37,100.0,42.095,65.31,55.96,67.58,-3.0,-0.79,-0.25,"4,310,142",-100679.44,5235256.39,5544133.06,12.96,46.97,-2.26,-3.36,71.07,42.36,71.07,-60.04,69.0,"21,869 M"
05/19/2026,1630,AGCO,111.52,-1.46%,Industrials,1.117,2.9,$7.39,143.78,95.96,116.99,117.06,113.7,-6.0,-0.25,-0.4,"533,284",-100144.11,721298.69,715692.11,-19.74,0.53,-2.65,-4.96,143.62,108.41,-108.41,123.11,50.0,"8,075 M"
05/19/2026,1630,AHR,50.81,+1.44%,Real Estate,.5653,0.74,$1.81,54.67,33.705,50.31,49.8,46.98,1.0,0.54,0.52,"1,701,090",0.0,2424254.92,2446251.73,-10.49,-0.61,2.27,-0.65,55.56,47.35,-47.35,52.06,55.0,"9,792 M"
05/19/2026,1630,AIQUY,40.19,-1.08%,Materials,.775,0.87,<empty>,44.415,36.169,41.99,41.5,39.95,2.0,-0.07,0.15,"174,188",0.0,196942.44,233391.16,1.15,2.74,-4.22,-2.81,44.25,38.5,44.25,-40.02,48.0,"115,966 M"
05/19/2026,1630,AKAM,141.34,-6.25%,Information Technology,.5365,20.68,$5.29,165.45,69.78,122.95,113.41,92.0,-4.0,-0.96,-0.62,"13,987,039",-100155.01,5757978.42,5617978.64,279.68,28.49,19.84,-9.21,156.06,89.25,165.04,165.04,55.0,"20,549 M"
05/19/2026,1630,ALB,169.00,-3.84%,Materials,1.359,11.04,$3.47,221.0,53.7,192.81,183.16,136.96,-5.0,-0.1,-0.05,"2,097,390",-100466.09,2047489.02,2135435.04,44.29,3.52,-13.25,-11.56,221.08,155.41,221.08,221.08,49.0,"19,931 M"
05/19/2026,1630,ALCO,40.37,+0.32%,Consumer Staples,.9934,0.43,$1.66,45.01,30.33,41.14,41.05,37.27,1.0,-0.15,0.32,"19,656",300200.42,28496.2,28417.69,-9.81,6.91,-2.2,-1.44,45.28,37.48,45.28,-40.02,58.0,299 M
05/19/2026,1630,ALGN,155.16,-2.28%,Health Care,1.781,6.96,$8.11,208.305,122.0,172.36,174.65,157.11,2.0,0.0,0.16,"1,403,630",-100247.43,1125469.82,1138295.34,1.79,-11.97,-8.03,-3.35,200.2,160.03,200.2,192.16,49.0,"11,112 M"
05/19/2026,1630,ALLY,40.85,-2.99%,Financials,1.105,1.02,($0.36),47.27,32.5018,43.43,41.33,41.32,-1.0,-0.45,-0.15,"3,505,315",-100133.2,3506914.15,3576917.41,47.09,7.25,-5.46,-3.59,47.2,36.47,47.2,45.15,39.0,"12,521 M"
05/19/2026,1630,ALNY,294.30,+2.81%,Health Care,.3247,6.49,$4.88,495.55,284.19,298.48,311.59,390.2,2.0,0.57,0.65,"770,339",100140.14,1123018.95,1110777.93,-50.93,-5.4,-2.26,0.29,346.61,284.06,-284.06,-284.06,50.0,"39,293 M"
05/19/2026,1630,AMAT,406.91,-1.61%,Information Technology,1.668,18.47,$6.72,448.45,153.47,413.13,383.94,283.51,-6.0,-0.59,-0.4,"8,418,715",100261.03,6691693.91,6879845.13,64.54,13.91,-0.95,-7.64,448.06,317.5,448.06,448.06,60.0,"322,928 M"
05/19/2026,1630,AMBA,76.69,-2.78%,Information Technology,2.188,3.97,$1.36,96.69,48.3,72.67,61.34,71.46,-4.0,-0.94,-0.63,"511,580",-100163.57,809430.33,879027.54,-19.52,37.29,3.13,-5.37,81.06,48.35,83.04,83.04,6.0,"3,364 M"
05/19/2026,1630,AMD,414.05,-1.65%,Information Technology,2.299,39.98,$5.27,469.215,107.6671,385.49,288.01,226.62,-6.0,-0.86,-0.25,"38,756,913",300369.1,3.876634913E7,3.872229697E7,-13.3,101.71,16.55,-7.93,469.06,188.54,469.06,469.06,53.0,"675,150 M"
05/19/2026,1630,AMG,294.90,-0.72%,Financials,1.143,4.29,<empty>,334.78,172.54,296.7,287.47,271.18,-7.0,-0.52,-0.39,"232,316",0.0,343952.93,363044.37,-30.75,5.82,-2.88,-2.38,330.62,254.32,-254.32,318.12,50.0,"7,789 M"
05/19/2026,1630,AMH,31.71,-0.56%,Real Estate,.8174,0.46,$2.25,38.82,27.215,31.5,29.94,31.76,2.0,-0.76,0.12,"4,380,436",100146.57,3272181.27,3858807.01,63.44,12.69,-1.77,1.12,33.08,27.41,33.08,33.08,50.0,"11,434 M"
05/19/2026,1630,AMLP,54.84,+0.70%,,.5045,0.53,<empty>,54.94,44.64,53.33,52.77,49.32,4.0,0.75,0.75,"1,171,629",-100016.34,1600862.41,1563841.44,2.48,3.35,1.74,1.8,54.1,51.22,-51.22,-52.17,NaN,"12,903 M"
05/19/2026,1630,AMN,26.92,-6.72%,Health Care,.3203,4.13,$18.27,31.65,14.865,24.3,21.11,19.19,-4.0,-0.95,-0.59,"1,150,848",200472.07,1000723.85,1171268.47,43.53,47.02,26.5,-11.16,32.06,17.62,32.06,32.06,55.0,"1,044 M"
05/19/2026,1630,AMPH,17.82,+3.60%,Health Care,.8932,2.67,$2.88,31.2641,16.645,20.44,20.24,24.96,2.0,-0.46,0.36,"725,146",-100485.07,574226.59,606631.75,169.88,-8.8,-23.81,3.01,29.61,17.47,29.61,24.08,55.0,786 M
05/19/2026,1630,AMZN,259.34,-2.08%,Consumer Discretionary,1.447,4.18,($0.23),278.56,196.0,265.83,238.66,229.79,-11.0,-0.72,-0.2,"40,340,697",-100334.14,4.489880275E7,4.608430267E7,-44.26,24.23,-5.19,-2.95,279.1,199.36,279.1,279.1,50.0,"2,789,749 M"
05/19/2026,1630,AN,178.59,-1.84%,Consumer Discretionary,.7635,10.24,<empty>,228.9166,176.25,199.39,196.17,206.16,-7.0,-0.16,0.0,"361,126",-100334.13,403419.93,417812.7,-15.67,-3.32,-11.72,-7.3,218.12,180.42,218.12,218.12,51.0,"5,976 M"
05/19/2026,1630,AQWA,18.3153,-0.97%,,.9119,0.32,<empty>,20.92,18.145,19.15,19.2,19.49,-3.0,-0.22,-0.29,"5,513",-100124.52,12750.11,34072.27,-10.38,-2.55,-4.03,-3.17,21.57,18.42,21.57,20.16,NaN,24 M
05/19/2026,1630,AR,38.98,+1.62%,Energy,.4333,1.24,$3.08,45.75,29.1,37.93,39.38,35.06,5.0,0.2,0.81,"5,008,049",0.0,5462315.53,5584191.32,3.27,-9.98,-0.38,5.12,46.35,33.59,46.35,-36.08,49.0,"12,077 M"
05/19/2026,1630,ARE,45.84,-1.80%,Real Estate,1.165,2.16,$8.24,88.236,39.41,44.77,46.06,59.2,-1.0,0.71,-0.53,"1,477,408",-200849.16,2367220.15,2407577.7,-61.37,-7.43,4.66,-0.71,55.57,39.15,-39.15,48.03,42.0,"7,989 M"
05/19/2026,1630,ARGT,88.16,-1.99%,,.9361,1.7,<empty>,103.9699,66.49,90.49,90.59,87.05,-1.0,-0.26,-0.39,"333,850",100032.14,289094.08,261704.89,214.53,0.2,-2.41,-1.48,97.29,83.54,97.29,-86.02,NaN,782 M
05/19/2026,1630,ARHS,5.78,-1.53%,Consumer Discretionary,2.332,0.71,$0.10,12.63,5.63,6.85,6.88,9.32,4.0,-0.29,0.1,"1,504,716",-100165.03,1401464.92,1471978.93,146.95,-18.48,-20.39,-1.7,10.57,6.04,-6.04,-6.04,54.0,818 M
05/19/2026,1630,ARKK,73.84,-0.90%,,1.978,1.84,<empty>,92.65,55.02,76.98,73.53,77.89,-6.0,-0.68,-0.27,"8,226,380",200150.41,9764590.67,1.001740051E7,-15.28,3.9,-3.58,-5.33,81.06,63.35,81.06,81.06,NaN,"11,822 M"
05/19/2026,1630,ARQQ,12.17,-4.47%,Information Technology,2.667,0.95,($2.18),62.0,11.52,14.3,14.03,26.0,-8.0,-0.88,-0.28,"378,673",-200218.23,325074.48,301645.91,34.72,-12.26,-16.93,-12.26,18.57,12.35,-12.35,16.08,2.0,190 M
05/19/2026,1630,AS,33.83,+2.05%,Consumer Discretionary,1.125,1.34,$0.80,42.76,28.92,34.77,34.25,35.74,2.0,0.36,0.31,"16,344,463",-200151.01,4375642.07,4866222.15,555.23,3.55,-2.73,1.5,43.61,31.41,-31.41,-33.04,0.0,"19,683 M"
05/19/2026,1630,ASBFF,25.76,0.00%,Consumer Staples,.4235,2.36,<empty>,31.08,23.18,27.04,28.05,25.16,1.0,0.29,0.37,<empty>,NaN,2186.16,2774.45,-72.45,-11.17,-3.38,6.01,31.09,23.04,-23.04,-23.04,NaN,"18,028 M"
05/19/2026,1630,ASO,49.25,-1.46%,Consumer Discretionary,1.025,1.77,$3.32,62.445,39.87,53.23,54.81,52.96,-1.0,0.0,-0.35,"1,046,081",-200851.45,1499677.9,1476643.27,-24.56,-7.2,-5.31,-3.56,62.57,49.04,62.57,58.16,14.0,"3,177 M"
05/19/2026,1630,ATRO,79.38,-1.21%,Industrials,1.106,3.48,$0.68,83.96,27.2701,75.28,72.41,58.67,-3.0,-0.54,-0.69,"466,504",101060.05,561311.91,593040.85,-22.94,16.05,7.59,-4.03,84.55,61.35,-61.35,84.03,50.0,"2,845 M"
05/19/2026,1630,AVB,185.11,-0.08%,Real Estate,.8052,1.82,$11.84,209.86,160.095,182.26,173.58,180.75,-13.0,-0.87,-0.35,"858,269",-200124.08,1009120.75,995964.47,-49.3,12.02,-0.08,0.86,188.09,160.34,188.05,188.05,49.0,"25,751 M"
05/19/2026,1630,AVGO,411.07,-2.29%,Information Technology,1.416,7.41,$6.12,442.36,226.18,420.03,372.51,348.07,-3.0,-0.64,-0.28,"20,652,068",0.0,2.277061248E7,2.373997006E7,29.38,28.52,-3.81,-6.53,438.09,290.35,-290.35,442.03,10.0,"1,946,280 M"
05/19/2026,1630,AVO,12.23,-0.49%,Consumer Staples,.5901,0.63,$0.54,15.53,10.0,13.21,13.44,12.78,2.0,0.0,0.29,"824,117",-200548.22,1005651.32,902790.43,-52.14,-2.47,-10.47,-1.05,16.29,12.44,16.29,15.15,11.0,866 M
05/19/2026,1630,AVTR,7.64,+0.53%,Health Care,.9263,0.25,<empty>,15.93,7.265,7.98,7.95,10.89,-7.0,-0.63,-0.5,"8,684,911",0.0,9246596.05,9380737.09,-50.17,0.39,-5.09,-3.78,9.61,7.36,-7.36,9.08,51.0,"5,216 M"
05/19/2026,1630,AWI,152.83,-3.20%,Industrials,1.182,4.83,$5.53,206.0799,149.06,165.68,167.97,185.46,-1.0,-0.25,-0.34,"417,099",200132.16,461731.73,536506.89,-34.21,-7.59,-7.03,-4.68,202.61,156.04,202.61,182.16,48.0,"6,523 M"
05/19/2026,1630,AXP,309.31,-0.94%,Financials,1.072,4.2,$20.73,387.49,281.465,316.72,311.67,336.54,-1.0,-0.59,-0.29,"2,918,418",100039.42,3264248.15,3645975.19,-6.94,4.88,-2.1,-1.11,346.61,291.41,-291.41,325.12,46.0,"211,050 M"
05/19/2026,1630,AZO,3347.28,-0.55%,Consumer Discretionary,.4027,107.09,$95.97,4388.11,3210.72,3497.31,3478.01,3748.99,2.0,-0.41,0.26,"229,896",-100140.06,197086.49,188262.12,-1.79,0.17,-5.47,-0.95,3882.55,3281.41,3882.55,3730.12,4.0,"55,153 M"
05/19/2026,1630,B,39.50,-2.71%,Materials,-.1052,2.68,$2.99,54.69,18.2,41.18,41.35,38.85,-5.0,-0.55,-0.49,"14,317,180",100647.07,1.327849906E7,1.347550131E7,-15.28,3.19,2.01,-8.48,51.55,36.41,-36.41,48.06,57.0,"66,183 M"
05/19/2026,1630,BA,215.01,-2.54%,Industrials,1.206,7.45,($1.82),254.3499,176.77,229.27,217.52,219.63,-4.0,-0.52,-0.13,"5,355,349",-100639.04,7041917.89,6807868.33,-16.03,6.87,-4.18,-6.2,241.06,188.35,-188.35,244.03,48.0,"169,493 M"
05/19/2026,1630,BABA,135.64,+1.79%,Consumer Discretionary,.4734,4.39,($3.11),192.67,103.71,135.48,132.0,149.29,-4.0,-0.69,-0.44,"11,084,232",201052.05,1.157831037E7,1.124782742E7,73.57,8.6,2.56,-3.88,156.6,118.3,-118.3,147.04,70.0,"325,419 M"
05/19/2026,1630,BAC,50.70,+0.02%,Financials,1.2,1.39,$7.63,57.55,42.35,51.88,50.63,51.65,3.0,-0.43,0.17,"44,154,636",100043.42,3.667871669E7,3.899081381E7,68.2,7.85,-4.56,1.71,55.24,46.42,55.24,-49.02,37.0,"359,797 M"
05/19/2026,1630,BALL,55.11,-1.24%,Materials,1.058,2.02,$2.21,68.29,44.83,59.04,60.28,55.15,2.0,0.0,0.28,"2,435,340",100130.1,2480682.55,2361650.29,17.96,-6.58,-3.5,-2.67,68.59,56.03,68.59,63.17,53.0,"14,673 M"
05/19/2026,1630,BBN,15.52,-0.58%,,.6768,0.21,<empty>,17.45,15.38,16.03,16.06,16.47,-3.0,-0.26,-0.19,"285,029",-100100.1,193197.15,188394.25,83.68,-3.06,-3.6,-3.18,17.56,16.35,17.56,16.15,NaN,959 M
05/19/2026,1630,BBWI,16.11,-0.62%,Consumer Discretionary,1.423,1.14,<empty>,34.29,14.275,18.8,18.88,22.68,-7.0,-0.54,-0.28,"5,415,737",200559.23,5932301.78,5960829.38,17.35,-20.76,-12.45,-10.25,25.61,17.36,25.61,21.17,5.0,"3,244 M"
05/19/2026,1630,BBY,59.29,+2.44%,Consumer Discretionary,1.246,1.39,$5.96,84.99,55.1,58.76,61.65,69.84,4.0,0.32,0.6,"4,748,019",100545.38,3837886.94,4334362.85,42.78,-7.63,3.53,4.6,68.53,55.04,-55.04,-55.04,6.0,"12,492 M"
05/19/2026,1630,BCO,102.30,-2.55%,Industrials,1.057,1.78,$13.03,136.37,80.1,106.77,105.93,114.23,-1.0,-0.61,-0.47,"338,792",101129.56,491189.39,551226.33,33.61,1.78,-1.92,-4.31,136.57,96.41,-96.41,-99.04,53.0,"4,213 M"
05/19/2026,1630,BDRY,12.65,-1.56%,,.7194,0.56,<empty>,13.34,5.03,12.14,11.16,9.58,-4.0,-0.86,-0.63,"50,831",500157.51,106714.28,167568.93,-90.13,26.25,3.86,-2.32,13.06,10.35,13.05,13.05,NaN,40 M
05/19/2026,1630,BEAM,26.33,-1.79%,Health Care,2.133,1.92,($3.74),36.44,15.35,30.0,27.69,25.6,-7.0,-0.42,-0.1,"1,488,201",-201095.18,2118401.92,2101521.7,-15.13,4.61,-8.89,-10.84,34.06,22.35,34.06,34.06,53.0,"2,709 M"
05/19/2026,1630,BEPC,36.14,-0.61%,Utilities,1.134,0.63,($1.86),45.18,27.72,37.52,39.51,38.93,11.0,0.1,0.66,"1,373,533",-200342.13,1573270.23,1476156.23,-76.18,-10.48,-1.5,-1.18,44.56,34.11,-34.11,-34.11,51.0,"6,591 M"
05/19/2026,1630,BIDU,137.68,-0.02%,Communication Services,.4558,7.5,($6.89),165.3,81.17,133.31,123.38,124.06,-4.0,-0.78,-0.52,"1,853,592",-100261.03,2289978.88,2306467.6,1.76,15.69,9.06,-3.92,150.06,106.35,152.04,152.04,63.0,"46,846 M"
05/19/2026,1630,BIO,281.05,-0.27%,Health Care,1.102,13.44,$13.21,343.12,211.43,265.99,272.81,292.44,5.0,0.32,0.88,"678,069",100339.02,359560.09,343300.77,131.41,6.06,9.31,14.12,313.2,237.04,-237.04,-237.04,50.0,"7,521 M"
05/19/2026,1630,BIP,38.42,-0.49%,Utilities,1.049,0.98,($2.86),40.32,29.63,36.82,36.64,34.92,-1.0,0.7,-0.83,"801,829",-100328.15,995914.21,983141.41,-83.61,5.52,5.9,0.16,40.55,33.14,-33.14,39.03,50.0,"17,673 M"
05/19/2026,1630,BIRK,32.50,+1.18%,Consumer Discretionary,1.063,2.99,<empty>,57.39,31.12,37.34,37.03,41.79,1.0,0.0,0.03,"2,595,252",-200850.03,2321034.37,2352522.79,33.84,-7.28,-13.15,-4.78,43.2,32.04,43.2,-31.02,59.0,"5,977 M"
05/19/2026,1630,BITO,10.48,-0.10%,,1.723,0.25,<empty>,23.63,8.61,10.8,10.2,14.15,-6.0,-0.91,-0.46,"109,714,199",100256.04,1.1945256665E8,1.1441598516E8,-12.96,8.38,-6.26,-5.84,11.06,9.59,11.06,11.06,NaN,"1,796 M"
05/19/2026,1630,BJ,97.66,+0.65%,Consumer Staples,1.5,1.85,$2.50,120.08,86.68,94.22,95.14,95.29,5.0,0.53,0.95,"1,868,697",100635.53,1886205.3,1888184.36,53.55,0.99,3.54,1.77,102.53,90.27,-90.27,-91.14,3.0,"12,470 M"
05/19/2026,1630,BJRI,42.12,-1.22%,Consumer Discretionary,1.256,1.93,$3.71,47.02,28.46,39.77,37.7,36.92,-6.0,0.87,-0.76,"316,786",100943.1,367936.59,386463.74,41.79,19.86,10.03,0.96,44.06,33.46,44.06,44.06,50.0,885 M
05/19/2026,1630,BK,136.32,-0.19%,Financials,1.058,1.89,$1.83,139.1499,87.41,133.88,126.94,115.61,7.0,0.54,0.37,"3,373,781",-100126.23,3723437.22,3667822.31,-3.47,18.64,2.99,0.25,139.2,112.5,139.2,-130.07,38.0,"93,567 M"
05/19/2026,1630,BKNG,154.54,-0.34%,Consumer Discretionary,-1.288,6.41,$11.24,233.576544,150.618,166.48,171.71,196.56,3.0,-0.38,0.3,"8,389,793",100140.57,7524218.23,9593334.83,-31.81,-10.03,-7.81,0.04,194.2,151.6,194.2,-153.02,49.0,"119,750 M"
05/19/2026,1630,BKV,29.50,+2.54%,Energy,1.06,1.53,($4.94),32.81,19.56,29.48,28.78,26.25,4.0,0.34,0.34,"676,080",-100056.42,1089588.69,1025586.03,-2.79,1.76,-8.27,3.18,33.55,26.24,-26.24,-27.03,58.0,"3,227 M"
05/19/2026,1630,BLDR,66.39,-5.40%,Industrials,1.448,3.74,$7.80,151.03,66.135,78.63,82.57,109.9,-1.0,-0.23,-0.25,"2,816,296",-300562.14,2465719.92,2458099.38,-35.99,-21.42,-10.96,-9.77,116.62,71.04,116.62,92.16,50.0,"7,141 M"
05/19/2026,1630,BLK,1036.30,-4.57%,Financials,1.469,18.53,$23.68,1219.9399,917.39,1066.88,1015.65,1079.81,-3.0,-0.9,-0.39,"1,024,491",100341.51,757054.1,788713.73,157.36,6.88,-1.2,-6.13,1108.6,917.47,-917.47,1111.03,38.0,"160,869 M"
05/19/2026,1630,BLMN,7.61,-0.52%,Consumer Discretionary,1.109,1.02,$1.40,10.7,5.19,7.06,6.33,6.77,-5.0,-0.91,-0.54,"2,155,756",101578.1,2917450.34,3022759.28,57.45,26.2,32.12,-6.51,9.06,5.35,9.06,9.06,53.0,652 M
05/19/2026,1630,BLOK,60.74,-1.03%,,1,2.0,<empty>,75.89,46.9,61.97,56.91,60.46,-6.0,-0.85,-0.35,"529,396",100134.25,301242.91,325692.62,54.21,15.63,-3.37,-7.31,66.06,47.35,-47.35,66.03,NaN,"1,276 M"
05/19/2026,1630,BNDD,96.1866,-0.38%,,.4792,0.58,<empty>,102.28,94.64,97.47,98.0,98.26,-3.0,-0.35,-0.05,66,-100020.2,325.48,366.39,1107.97,-2.8,-1.69,-1.33,100.5,97.56,100.5,98.09,NaN,9.6 M
05/19/2026,1630,BNO,58.81,+2.01%,,.0146,2.07,<empty>,60.81,26.59,55.79,52.04,35.76,4.0,0.44,0.5,"2,024,405",-400395.41,6435490.69,6143417.94,-48.47,15.0,1.08,4.63,61.11,33.57,61.11,-51.08,NaN,920 M
05/19/2026,1630,BOOT,141.54,+0.32%,Consumer Discretionary,1.661,11.92,$4.13,210.25,133.1797,159.68,157.89,177.46,1.0,-0.34,0.09,"639,479",-200849.03,735406.3,681507.54,65.65,-12.84,-14.68,-3.29,204.57,133.32,-133.32,174.08,50.0,"4,295 M"
05/19/2026,1630,BP,46.14,+0.98%,Energy,.1891,1.26,$0.74,48.27,28.41,45.51,45.35,38.02,7.0,0.15,0.45,"4,917,955",-200239.34,1.420650001E7,1.364902484E7,-64.4,0.61,-0.77,4.58,48.34,37.57,48.34,-43.07,53.0,"118,810 M"
05/19/2026,1630,BRBR,8.89,-4.00%,Consumer Staples,.5419,3.21,$1.53,67.0,8.85,13.02,15.0,26.47,6.0,-0.14,0.3,"5,659,850",100988.1,4450738.61,4165505.66,46.8,-48.73,-16.37,-2.84,19.61,9.04,19.61,18.12,52.0,"1,034 M"
05/19/2026,1630,BRCB,6.68,-3.33%,Consumer Discretionary,2.059,2.23,($2.20),30.4,6.635,10.83,13.1,NaN,1.0,-0.09,0.02,"660,372",-200780.04,513115.78,564432.1,187.62,-59.07,-44.56,-6.7,18.44,7.03,18.44,13.17,58.0,144 M
05/19/2026,1630,BRKR,42.59,-0.37%,Health Care,1.154,3.01,$0.01,56.22,28.53,40.09,37.94,39.64,-5.0,-0.77,-0.69,"2,255,224",-100250.05,2197357.72,2158153.92,-28.76,26.64,12.05,-3.56,45.06,32.45,45.04,45.04,53.0,"6,483 M"
05/19/2026,1630,BROS,52.77,+0.06%,Consumer Discretionary,2.242,3.2,$0.72,77.88,44.58,54.33,52.65,57.02,4.0,0.43,0.3,"3,791,166",-100158.09,4211355.33,4426400.17,44.33,3.61,-7.7,5.54,60.09,45.36,60.09,-48.04,54.0,"7,240 M"
05/19/2026,1630,BTAL,12.63,+1.20%,,-.6184,0.24,<empty>,19.59,11.81,12.28,13.12,14.57,6.0,0.42,1.0,"1,012,961",-300160.2,994061.79,1016637.11,84.33,-9.4,3.44,5.34,15.5,12.08,-12.08,-12.08,NaN,309 M
05/19/2026,1630,BTC,33.94,-0.09%,,1.475,0.81,<empty>,55.96,27.545,34.9,32.89,40.59,-6.0,-0.88,-0.5,"972,736",100452.59,2540659.95,3460377.87,-45.63,9.2,-6.04,-5.75,36.06,28.59,36.06,36.06,NaN,"4,067 M"
05/19/2026,1630,BTC-USD,-57.29,-1.50%,,4.846,8.31,<empty>,23.4124,-70.135,-51.69,-35.24,-15.23,3.0,0.13,0.61,"972,736",201067.02,922959.17,897997.61,10.83,169.85,27.59,-16.3,-11.65,-69.97,-12.03,70.11,NaN,"-1,728 M"
05/19/2026,1630,BTI,66.06,-0.44%,Consumer Staples,.338,3.37,$3.49,67.3,43.85,60.48,59.19,57.1,-1.0,1.0,-0.93,"3,479,856",100330.06,4404660.55,4650362.0,7.35,12.5,11.21,-0.96,63.58,55.2,-55.2,67.03,50.0,"142,855 M"
05/19/2026,1630,BUD,81.91,+0.73%,Consumer Staples,.5686,2.45,$5.66,82.9099,56.97,77.49,74.16,67.21,-8.0,0.77,-0.7,"2,073,400",100127.11,1979715.94,2019262.03,3.95,18.25,1.92,1.45,83.09,67.41,83.09,83.09,50.0,"158,649 M"
05/19/2026,1630,BULL,7.00,-0.85%,Financials,2.727,0.14,$1.41,18.32,4.5,7.08,6.07,9.23,-3.0,-0.84,-0.19,"11,078,689",-100694.21,1.249772683E7,1.231698051E7,-34.66,32.83,-4.5,-4.11,8.2,5.32,8.2,8.1,2.0,"3,723 M"
05/19/2026,1630,BURL,286.10,-1.47%,Consumer Discretionary,1.421,12.1,<empty>,351.85,218.52,309.02,317.39,291.34,4.0,0.0,0.26,"946,966",200042.51,686430.47,744939.33,89.76,-8.3,-8.51,-2.2,352.21,281.04,-281.04,-281.04,6.0,"17,976 M"
05/19/2026,1630,BUXX,20.24,0.00%,,.0005,0.01,<empty>,20.46,20.18,20.24,20.25,20.3,8.0,0.26,0.66,"159,297",-100000.4,438873.42,411934.95,-43.73,-0.1,0.1,0.05,20.6,20.35,-20.35,-20.14,NaN,462 M
05/19/2026,1630,BXP,58.67,-2.09%,Real Estate,1.078,0.5,$7.52,79.33,49.72,58.69,55.52,65.4,-1.0,-0.91,-0.29,"1,477,966",-100443.57,1967039.07,2382878.32,-29.59,9.85,0.24,-0.49,63.61,50.5,-50.5,61.03,48.0,"9,357 M"
05/19/2026,1630,BYD,78.09,-1.26%,Consumer Discretionary,1.129,2.76,$2.46,89.96,72.01,83.77,83.79,83.7,-1.0,0.0,0.0,"1,009,689",100230.18,958869.68,960501.12,30.65,-5.98,-7.11,-1.64,89.18,77.5,89.18,89.15,45.0,"5,804 M"
05/19/2026,1630,BYDDF,12.00,-0.58%,Consumer Discretionary,.1905,0.42,<empty>,20.50333333333334,11.2,12.98,13.2,13.12,-4.0,-0.03,-0.13,"106,690",-200100.08,193784.28,194054.28,-23.06,-8.33,-7.69,-5.23,15.26,12.51,15.26,14.13,NaN,"109,406 M"
05/19/2026,1630,C,119.97,-1.99%,Financials,1.107,2.41,($20.72),135.29,71.65,126.49,120.68,109.26,-3.0,-0.29,-0.01,"11,092,215",-200048.42,1.297526547E7,1.360170794E7,-13.31,9.21,-6.28,-3.89,135.2,102.5,135.2,132.07,37.0,"204,618 M"
05/19/2026,1630,CACC,547.93,-1.35%,Financials,1.382,16.1,<empty>,565.14,401.9,525.05,487.79,478.74,-1.0,0.95,-0.44,"119,004",200644.53,163461.23,189145.77,16.07,21.82,4.23,0.23,565.09,405.33,565.09,565.09,50.0,"5,731 M"
05/19/2026,1630,CAG,13.93,+1.02%,Consumer Staples,-.0175,0.24,$1.76,23.37,13.42,14.07,14.93,17.42,2.0,0.34,0.67,"14,952,003",-500437.27,1.563996318E7,1.484344542E7,2.99,-9.55,-0.5,1.9,19.55,14.1,19.55,-13.02,34.0,"6,665 M"
05/19/2026,1630,CAH,200.37,+0.30%,Health Care,.5164,6.17,$18.48,233.6,137.75,194.98,205.43,191.31,6.0,0.2,1.0,"2,804,377",200030.03,2007485.06,1931662.52,66.47,-5.0,1.71,3.08,234.55,180.04,-180.04,-180.04,62.0,"46,928 M"
05/19/2026,1630,CAKE,58.47,-2.06%,Consumer Discretionary,1.014,1.54,$3.68,69.7,43.07,60.78,59.13,56.64,-1.0,-0.37,-0.34,"830,913",-100339.14,1224680.87,1299233.77,-66.44,2.2,-4.35,0.33,67.57,53.36,-53.36,-56.04,48.0,"2,905 M"
05/19/2026,1630,CAMT,151.31,-2.84%,Information Technology,1.56,17.42,$2.78,215.99,62.88,185.07,173.96,130.91,-6.0,-0.06,0.0,"593,937",-200873.02,458998.74,494702.49,26.04,-12.16,-23.27,-11.7,216.06,141.34,216.06,216.06,58.0,"7,052 M"
05/19/2026,1630,CANE,10.10,+1.71%,,-.0311,0.15,<empty>,11.68,8.97,9.87,9.87,9.89,-4.0,0.58,-0.63,"613,082",100142.12,758342.72,634068.29,-64.52,-1.94,-1.75,0.0,11.37,9.22,-9.22,10.1,NaN,91 M
05/19/2026,1630,CARR,61.44,-4.76%,Industrials,1.357,1.65,$2.00,81.09,50.24,64.5,60.82,59.56,-9.0,-0.59,-0.21,"7,210,001",100542.14,6754639.56,6529000.56,-19.36,4.19,-4.27,-7.93,69.13,54.35,69.13,69.13,48.0,"51,031 M"
05/19/2026,1630,CASY,852.15,-0.43%,Consumer Staples,.6384,16.23,$17.98,901.0,433.16,837.77,764.91,618.6,-4.0,-0.79,-0.04,"335,970",300129.3,594950.69,585752.7,27.64,28.11,-1.18,-2.89,878.06,627.5,-627.5,901.03,14.0,"31,495 M"
05/19/2026,1630,CAT,860.15,-0.44%,Industrials,1.559,20.28,$16.91,931.35,336.2409,874.23,788.91,619.33,-6.0,-0.7,-0.21,"3,239,673",100439.14,2435115.09,2548827.23,26.24,24.9,-4.91,-6.53,931.08,663.5,931.08,931.08,53.0,"396,178 M"
05/19/2026,1630,CAVA,78.12,-2.22%,Consumer Discretionary,1.878,6.53,$0.23,98.79,43.41,85.98,85.36,68.96,4.0,-0.09,0.28,"7,581,125",100955.59,2909961.11,3315379.25,300.8,-10.86,-13.53,2.67,99.2,66.59,99.2,-72.04,0.0,"9,094 M"
05/19/2026,1630,CBRL,28.85,-1.60%,Consumer Discretionary,1.264,0.99,($0.96),71.93,24.85,30.24,29.15,35.54,-2.0,-0.66,-0.2,"1,188,349",0.0,1037733.07,1104550.91,34.21,2.63,-2.43,-1.1,35.52,26.36,-26.36,32.07,11.0,645 M
05/19/2026,1630,CCK,95.24,-1.98%,Materials,.6512,1.81,$8.72,116.62,89.21,99.73,102.06,101.15,-4.0,-0.18,-0.45,"1,311,184",-100134.16,1127076.69,1117094.67,-1.32,-5.69,-3.47,-4.0,117.59,97.35,117.59,105.15,42.0,"10,643 M"
05/19/2026,1630,CCL,23.89,-4.09%,Consumer Discretionary,2.317,0.98,$2.25,34.03,21.6217,25.94,26.07,28.61,-1.0,-0.38,-0.37,"29,209,242",100058.11,2.879581129E7,2.820630317E7,11.44,-4.21,-7.3,-5.2,33.57,23.5,-23.5,28.08,24.0,"33,091 M"
05/19/2026,1630,CCRN,13.10,0.00%,Health Care,.4436,1.36,$1.23,14.99,7.43,11.53,10.35,10.79,-5.0,-1.0,-0.72,"655,734",200306.09,621747.48,635505.34,174.08,40.11,22.77,-0.23,13.07,8.62,13.07,13.07,54.0,406 M
05/19/2026,1630,CELH,29.13,-0.68%,Consumer Staples,.9682,2.13,$0.96,66.74,27.66,31.98,35.4,47.7,3.0,-0.43,0.49,"5,516,105",-100171.07,8111520.14,7898927.03,17.7,-32.19,-13.1,0.41,59.57,28.04,-28.04,-28.04,56.0,"7,447 M"
05/19/2026,1630,CF,127.86,+2.11%,Materials,.4561,3.88,$10.23,141.96,75.415,123.88,124.67,96.13,3.0,0.29,0.54,"2,582,198",-100164.42,4781863.13,4761565.56,2.8,1.83,-0.14,3.98,142.35,94.59,142.35,130.05,54.0,"19,643 M"
05/19/2026,1630,CFG,61.33,+0.28%,Financials,.9973,1.68,$5.50,68.79,38.796,63.42,61.7,57.14,3.0,-0.34,0.19,"4,012,986",-300128.23,4496910.39,4773399.44,24.98,7.5,-4.71,0.25,67.2,55.46,67.2,-60.02,39.0,"25,935 M"
05/19/2026,1630,CFLT,30.99,0.00%,Information Technology,.9658,0.09,$0.11,31.0,15.64,30.72,30.56,24.82,1.0,0.14,0.28,<empty>,-300008.27,1.344598214E7,1.260758761E7,68.88,1.87,0.94,0.91,31.08,30.57,-30.57,-31.11,32.0,"11,134 M"
05/19/2026,1630,CFRUY,19.43,-1.67%,Consumer Discretionary,1.256,0.55,$7.78,22.15,15.58,19.42,18.7,19.4,-4.0,-0.84,-0.41,"435,318",-100100.48,604132.12,615265.94,10.66,16.7,3.57,-3.38,21.59,16.41,-16.41,21.08,3.0,"114,237 M"
05/19/2026,1630,CG,45.52,-2.32%,Financials,1.889,1.55,($11.89),69.848,43.19,49.1,48.54,56.58,-3.0,-0.46,-0.24,"3,443,780",-100247.09,3324441.41,3407335.64,2.37,-4.61,-11.25,-9.03,55.57,45.47,-45.47,53.09,54.0,"16,386 M"
05/19/2026,1630,CHD,95.75,-1.06%,Consumer Staples,.4875,1.62,$4.44,106.04,81.33,94.68,95.07,91.58,6.0,0.31,0.7,"1,509,959",-100225.13,2101276.4,2057484.47,-16.35,1.24,2.37,1.16,106.59,90.06,-90.06,-90.06,51.0,"22,687 M"
05/19/2026,1630,CHDN,86.73,-1.36%,Consumer Discretionary,.6994,4.67,$5.38,118.455,80.24,92.41,89.73,98.31,4.0,-0.33,0.24,"588,721",300238.18,971519.62,1047814.2,-29.68,-1.25,-6.4,1.13,103.17,80.5,103.17,-85.04,49.0,"6,045 M"
05/19/2026,1630,CHEF,77.07,-3.36%,Consumer Staples,2.155,1.32,$2.09,82.8112,53.2,75.9,67.59,63.73,-11.0,-0.85,-0.28,"369,880",101441.15,477386.01,485726.48,-70.33,28.43,-2.47,-5.06,83.07,57.32,83.07,83.07,49.0,"3,143 M"
05/19/2026,1630,CHH,106.16,-0.46%,Consumer Discretionary,.6619,2.89,<empty>,136.45,84.035,108.7,106.64,104.86,11.0,0.25,0.55,"395,443",100138.13,617978.91,615560.67,-58.87,6.66,3.35,0.42,124.2,94.48,124.2,-97.11,53.0,"4,830 M"
05/19/2026,1630,CHPT,6.13,-4.07%,Industrials,1.772,0.18,($2.86),17.78,4.44,6.5,5.84,8.17,-2.0,-0.77,-0.22,"339,074",100597.26,474746.94,470088.97,-18.89,13.52,-3.16,-9.99,7.19,4.35,7.19,-6.07,10.0,150 M
05/19/2026,1630,CHRD,149.65,+0.06%,Energy,.4549,4.4,$8.77,151.945,84.245,142.48,136.96,107.86,6.0,0.43,0.72,"1,285,024",500347.3,984923.38,1073219.39,71.79,14.69,0.33,4.99,151.1,102.58,-102.58,-133.08,54.0,"8,425 M"
05/19/2026,1630,CHTR,142.50,+0.91%,Communication Services,.7708,9.76,$30.73,427.39,136.63,165.68,199.14,224.86,13.0,0.03,0.52,"3,815,915",100450.14,2757613.27,2475351.99,-32.05,-32.67,-9.94,-3.72,254.18,142.04,254.18,-137.02,46.0,"17,525 M"
05/19/2026,1630,CHWY,19.66,-9.11%,Consumer Discretionary,1.494,1.7,$1.36,48.62,19.465,23.89,25.09,31.81,-1.0,-0.28,-0.13,"19,206,052",-100977.01,8313124.67,8429795.83,204.43,-19.03,-19.89,-8.47,29.2,21.03,29.2,26.16,15.0,"8,192 M"
05/19/2026,1630,CI,291.28,+1.60%,Health Care,.2775,6.82,$28.94,338.8899,239.51,285.94,275.96,281.95,-4.0,-0.89,-0.59,"1,259,694",-100036.42,1679481.78,1680906.55,-40.59,10.1,5.67,-1.24,294.13,258.35,303.04,303.04,50.0,"77,053 M"
05/19/2026,1630,CLOX,25.57,+0.06%,,.1084,0.04,<empty>,25.71,25.35,25.56,25.51,25.54,4.0,0.75,0.49,"61,186",-300000.41,195559.07,216222.32,-0.17,0.59,0.24,0.0,26.13,25.47,26.13,-25.11,NaN,284 M
05/19/2026,1630,CLOZ,26.44,-0.08%,,.1303,0.04,<empty>,26.96,25.23,26.36,25.96,26.45,-1.0,-0.91,-0.56,"141,447",-200100.57,339742.4,521058.86,-57.32,3.56,0.34,0.0,27.62,25.53,-25.53,26.12,NaN,661 M
05/19/2026,1630,CLX,92.57,-0.27%,Consumer Staples,.5738,2.73,$3.11,136.69,84.7,92.43,100.31,110.94,10.0,0.21,0.79,"2,536,216",-200134.12,2826962.51,2642308.76,-34.09,-13.18,7.49,1.54,129.57,85.1,-85.1,-85.1,50.0,"11,194 M"
05/19/2026,1630,CMCSA,24.80,-0.52%,Communication Services,.7267,0.91,$4.84,34.3580131208997,24.1330834114339,26.54,27.99,28.63,5.0,0.01,0.3,"33,394,155",100040.42,3.347239162E7,3.202738726E7,4.74,-14.42,-6.27,-1.47,32.52,25.04,-25.04,-25.04,50.0,"88,591 M"
05/19/2026,1630,CMG,33.04,-2.10%,Consumer Discretionary,1.009,0.62,$1.14,58.42,29.75,33.04,33.37,37.03,6.0,0.46,0.46,"17,343,898",-100343.14,1.614847761E7,1.572473291E7,-41.86,0.3,2.26,2.96,39.62,31.35,-31.35,-32.06,49.0,"42,382 M"
05/19/2026,1630,CMI,659.46,-2.72%,Industrials,1.224,20.6,$19.34,718.08,307.905,675.22,610.75,514.19,-3.0,-0.8,-0.14,"878,551",-100137.11,844049.77,867332.84,73.09,22.07,-2.28,-7.95,718.08,510.35,718.08,718.08,53.0,"90,998 M"
05/19/2026,1630,CNA,44.25,-0.38%,Financials,.3434,1.64,<empty>,50.72,42.48,45.5,46.15,46.78,7.0,0.11,0.53,"473,605",-100846.12,472809.66,499143.72,26.52,-1.93,-0.63,2.19,50.61,42.04,-42.04,-42.04,52.0,"11,971 M"
05/19/2026,1630,CNC,59.15,+1.58%,Health Care,.9487,2.3,$14.45,62.205,25.075,52.88,42.46,38.51,-5.0,-0.96,-0.41,"4,449,642",200750.15,7075983.65,6483644.62,-75.16,66.29,11.65,0.77,57.06,32.35,60.04,60.04,48.0,"29,208 M"
05/19/2026,1630,CNH,10.23,-2.57%,,1.59,0.25,($0.37),14.27,9.0,10.51,10.69,10.84,-6.0,-0.34,-0.61,"8,444,874",100449.14,1.655443205E7,1.593796408E7,-62.0,1.49,-0.87,-4.12,13.61,10.42,-10.42,11.07,50.0,"12,685 M"
05/19/2026,1630,CNX,37.37,+2.22%,Energy,.6449,1.06,$3.98,43.62,27.72,37.38,38.85,35.9,4.0,0.09,0.65,"1,781,672",-100043.42,2087623.52,2186404.25,-21.01,-7.98,-1.71,2.66,44.51,35.04,-35.04,-35.04,45.0,"5,287 M"
05/19/2026,1630,COAL,24.59,-1.07%,,.8525,0.49,<empty>,29.1,16.5903,25.42,26.23,23.87,-6.0,-0.04,-0.42,"73,191",-200246.24,204734.51,170513.82,26.78,-10.71,-5.89,-1.99,29.35,24.56,29.35,26.12,NaN,67 M
05/19/2026,1630,COCO,76.45,-3.51%,Consumer Staples,.7268,4.45,$1.13,79.7,31.79,66.16,57.5,49.23,-11.0,-0.99,-0.58,"1,384,660",-100262.14,1573864.92,1545886.84,-75.94,41.63,12.77,0.01,73.07,45.34,-45.34,-47.17,49.0,"4,366 M"
05/19/2026,1630,COF,182.03,-2.33%,Financials,1.046,3.81,$45.02,259.635,174.98,189.71,188.48,212.79,-1.0,-0.43,-0.41,"5,093,814",0.0,4599602.97,4928270.81,53.88,1.28,-4.03,-2.02,211.57,175.36,-175.36,-181.04,43.0,"113,276 M"
05/19/2026,1630,COIN,193.45,+2.12%,Financials,3.209,8.2,$6.68,444.645,139.36,198.23,191.45,252.87,-3.0,-0.91,-0.38,"7,085,046",200776.54,1.065840904E7,1.141320727E7,-43.81,-4.66,-2.17,-8.75,218.06,153.59,-153.59,222.03,50.0,"50,966 M"
05/19/2026,1630,COM,34.93,-0.14%,,.0032,0.38,<empty>,35.62,27.4615,34.48,33.86,30.64,-4.0,-0.54,-0.42,"331,212",200018.34,221900.62,202145.95,258.46,3.4,1.04,-0.09,35.06,31.62,36.04,36.04,NaN,281 M
05/19/2026,1630,COP,125.11,+0.46%,Energy,.1888,4.01,$4.72,135.87,84.28,121.48,123.41,102.93,6.0,0.19,0.9,"6,029,008",100039.42,9402455.16,9542422.51,-37.7,-0.72,1.45,5.16,136.35,108.57,136.35,-114.07,54.0,"152,421 M"
05/19/2026,1630,COPJ,40.84,-2.92%,,1.23,2.32,<empty>,53.945,19.95,42.61,41.1,37.91,-4.0,-0.54,-0.45,"100,126",0.0,132964.81,143315.57,-11.87,13.0,3.37,-10.91,49.55,34.41,-34.41,48.04,NaN,160 M
05/19/2026,1630,COPX,79.37,-3.03%,,1.072,4.72,<empty>,99.99,39.71,82.87,80.36,70.13,-4.0,-0.52,-0.42,"5,198,673",100454.06,4296506.38,4577183.47,71.74,9.66,1.48,-11.2,97.58,68.41,-68.41,93.04,NaN,"7,227 M"
05/19/2026,1630,CORN,18.74,0.00%,,-.0814,0.25,<empty>,19.13,16.61,18.64,18.43,17.81,2.0,0.61,0.42,"491,551",-200124.28,1141370.61,947555.11,-56.45,-0.48,-0.95,1.13,19.11,17.62,19.04,-18.02,NaN,287 M
05/19/2026,1630,COST,1094.32,+1.66%,Consumer Staples,.9141,27.66,$20.49,1096.5,844.06,1020.37,1004.8,955.9,6.0,0.8,0.83,"2,853,290",0.0,1768151.34,1840206.82,88.1,12.26,7.66,5.1,1036.28,960.51,-960.51,-985.14,6.0,"485,498 M"
05/19/2026,1630,CP,86.13,-0.10%,Industrials,1.093,1.09,$1.62,89.415,68.421,85.57,82.46,77.26,-1.0,-0.47,-0.47,"3,238,144",-200328.15,2755840.78,2818218.93,-38.69,9.78,3.15,-0.89,89.55,76.34,-76.34,-83.11,49.0,"76,461 M"
05/19/2026,1630,CPAY,343.14,-1.54%,Financials,.8496,16.53,$18.87,361.99,252.84,321.6,312.39,308.55,2.0,0.94,0.72,"750,145",0.0,586089.58,614168.66,96.97,20.66,12.99,4.24,354.6,281.41,-281.41,-298.09,54.0,"22,428 M"
05/19/2026,1630,CPER,37.63,-2.01%,,.4837,1.51,<empty>,40.78,27.08,37.64,36.08,33.21,-4.0,-0.8,-0.42,"761,875",-100035.03,845216.74,855538.86,57.56,11.6,3.58,-5.97,40.06,32.41,41.04,41.04,NaN,728 M
05/19/2026,1630,CPNG,15.26,-2.80%,Consumer Discretionary,1.183,1.93,$0.16,34.075,15.11,18.41,19.11,24.52,5.0,-0.21,0.21,"40,043,745",-100247.1,2.128579343E7,2.266104874E7,144.6,-20.85,-26.49,-8.02,22.22,16.04,22.22,21.1,53.0,"27,393 M"
05/19/2026,1630,CPRI,17.10,-2.51%,Consumer Discretionary,1.479,0.87,<empty>,28.265,16.22,18.81,18.81,21.34,4.0,-0.26,0.34,"2,009,703",0.0,2636134.81,2758886.4,-27.89,-7.77,-8.06,-2.34,22.61,17.35,-17.35,-17.04,5.0,"2,038 M"
05/19/2026,1630,CPT,105.06,+0.43%,Real Estate,.8292,0.7,$7.67,119.33,96.53,104.07,101.87,105.28,2.0,0.76,0.52,"1,354,789",-300026.09,1189309.92,1129301.92,-12.29,5.4,0.32,1.03,111.57,97.36,-97.36,107.14,50.0,"10,410 M"
05/19/2026,1630,CRCL,111.03,-0.32%,Information Technology,2.886,10.3,$2.10,298.99,49.9,110.23,107.59,104.56,-6.0,-0.66,-0.46,"10,704,677",101206.07,1.671270459E7,1.803199589E7,24.48,-13.48,-2.77,-10.37,137.44,59.59,140.05,140.05,57.0,"27,599 M"
05/19/2026,1630,CRI,35.74,+0.65%,Consumer Discretionary,.8787,1.36,$3.58,44.44,23.3805,35.45,35.46,32.89,5.0,0.16,0.64,"1,055,052",-100252.42,1144466.31,1254695.42,1.24,2.0,7.2,5.86,44.61,32.5,-32.5,-32.05,46.0,"1,317 M"
05/19/2026,1630,CRM,179.42,-0.03%,Information Technology,1.128,6.5,$15.16,288.44,163.52,179.04,182.98,223.44,3.0,0.63,0.55,"17,510,823",300345.48,1.330271433E7,1.34739676E7,154.41,-7.99,-4.05,7.07,205.47,164.27,-164.27,-164.03,5.0,"146,775 M"
05/19/2026,1630,CRSP,47.59,-2.00%,Health Care,1.505,2.27,($4.61),78.48,35.38,52.05,51.07,55.86,-6.0,-0.49,-0.21,"1,689,050",-200465.49,2000841.9,1891473.06,9.69,1.36,-9.14,-5.67,62.57,44.35,-44.35,56.06,57.0,"4,590 M"
05/19/2026,1630,CRWD,616.88,-0.32%,Information Technology,1.054,58.01,$4.95,634.24,342.72,506.58,449.99,462.14,-1.0,1.0,-0.98,"4,465,043",-200456.28,3388318.85,4000196.76,133.19,44.07,29.45,6.37,543.06,343.6,-343.6,-433.13,10.0,"157,018 M"
05/19/2026,1630,CSCO,115.38,-2.94%,Information Technology,.9448,10.4,$2.98,119.39,62.3,97.53,87.51,77.15,-1.0,1.0,-0.93,"32,525,484",-100243.04,2.299898495E7,2.295426949E7,110.82,46.96,22.35,-0.13,99.06,75.5,-75.5,-86.15,59.0,"455,739 M"
05/19/2026,1630,CSX,46.08,-0.26%,Industrials,1.232,0.6,$1.02,46.55,30.17,45.14,42.58,37.86,4.0,0.7,0.55,"8,785,707",-100025.06,1.264620041E7,1.260844721E7,-12.67,19.72,2.33,0.35,47.18,38.41,47.18,-44.05,49.0,"85,623 M"
05/19/2026,1630,CTA,32.34,+0.65%,,-.2492,0.6,<empty>,32.76,26.36,31.49,30.51,28.53,3.0,0.8,0.47,"887,271",200033.33,820584.78,770801.32,75.99,6.63,0.34,2.02,33.11,28.22,-28.22,-30.08,NaN,"1,723 M"
05/19/2026,1630,CUBE,38.96,+0.08%,Real Estate,1.122,0.77,<empty>,44.13,35.09,39.71,38.72,38.79,-5.0,-0.59,-0.27,"1,866,580",-200031.45,2329562.47,2354303.48,-35.7,1.94,-0.54,-1.72,42.55,36.38,-36.38,41.05,50.0,"8,821 M"
05/19/2026,1630,CURB,27.74,+0.04%,Real Estate,.5581,0.18,$1.15,28.94,21.62,27.79,27.08,24.55,2.0,-0.3,0.5,"444,956",0.0,760867.43,790389.62,-58.96,6.0,0.36,-0.43,29.15,25.41,29.15,-27.11,48.0,"2,928 M"
05/19/2026,1630,CVNA,63.35,-4.04%,Consumer Discretionary,1.96,5.11,$1.06,97.378,54.464,75.81,69.32,73.85,-8.0,-0.33,0.0,"11,785,972",0.0,1.336669803E7,1.588456857E7,-28.21,7.67,-16.44,-8.89,84.13,54.35,84.13,84.13,49.0,"45,377 M"
05/19/2026,1630,CVS,94.18,-1.89%,Health Care,.6152,6.04,$5.82,98.43,58.5,86.9,79.64,77.4,-4.0,-0.98,-0.67,"12,935,774",100230.1,8155555.72,8168904.57,69.99,31.06,16.72,-3.06,93.06,70.35,-70.35,98.03,50.0,"120,167 M"
05/19/2026,1630,CVX,197.25,+1.50%,Energy,.5047,4.79,$7.22,214.71,133.77,188.52,193.32,168.67,7.0,0.32,0.97,"11,819,217",200035.42,1.232440881E7,1.208559179E7,36.72,-2.08,2.39,5.68,215.35,178.22,-178.22,-180.08,51.0,"392,843 M"
05/19/2026,1630,CWH,6.82,-2.29%,Consumer Discretionary,2.145,0.49,($1.68),19.64,5.7,7.16,6.94,11.77,2.0,-0.55,0.49,"2,838,007",500786.14,3283534.93,3506311.55,-36.09,11.99,-7.59,-0.58,13.61,6.42,-6.42,-6.04,48.0,433 M
05/19/2026,1630,CZR,27.50,-0.43%,Consumer Discretionary,1.836,0.7,$2.59,31.58,17.86,27.58,27.22,24.38,4.0,-0.45,0.31,"6,577,992",301147.49,4464533.71,5178940.58,112.88,0.22,-2.14,1.25,31.48,20.58,31.48,-25.05,48.0,"5,601 M"
05/19/2026,1630,D,68.13,+0.84%,Utilities,.6443,1.97,($8.61),68.97,53.36,63.1,62.54,61.19,2.0,0.64,1.0,"18,275,277",100125.01,5376446.11,5684625.33,151.08,11.65,8.16,8.19,66.6,59.41,-59.41,-61.07,50.0,"59,921 M"
05/19/2026,1630,DAL,67.76,-3.53%,Industrials,1.28,1.79,$6.03,76.39,45.28,69.79,67.48,64.38,-7.0,-0.59,-0.37,"5,735,912",100259.45,1.109472557E7,1.133202612E7,-29.18,4.23,-4.37,-5.3,75.22,55.5,75.22,75.08,34.0,"44,518 M"
05/19/2026,1630,DAPP,19.93,-0.90%,,3.38,1.14,<empty>,27.4899,12.6005,20.32,18.09,18.95,-6.0,-0.87,-0.4,"330,385",-100342.09,919937.04,831026.45,-83.53,20.64,-4.0,-11.07,23.06,14.35,-14.35,23.03,NaN,497 M
05/19/2026,1630,DAR,59.95,-3.51%,Consumer Staples,1.117,1.19,$3.48,66.02,29.15,62.42,60.39,42.93,-6.0,-0.13,-0.25,"2,302,051",400751.3,3156790.23,2984438.44,-38.6,5.55,-7.54,-4.51,66.1,51.61,66.1,66.1,50.0,"9,528 M"
05/19/2026,1630,DASH,154.65,-4.93%,Consumer Discretionary,1.907,7.79,$4.07,285.5,143.3,166.48,163.99,212.12,4.0,-0.61,0.25,"6,070,267",-100653.09,4466542.66,4990137.15,57.09,-2.89,-6.92,0.62,191.21,143.36,191.21,-148.04,57.0,"67,384 M"
05/19/2026,1630,DDOG,215.15,+3.03%,Information Technology,1.331,30.24,$2.74,215.68,98.0101,166.39,139.46,140.69,-5.0,1.0,-0.76,"7,169,226",100066.09,5429595.66,5549631.16,105.54,65.58,47.64,6.07,204.06,98.59,-98.59,-124.17,54.0,"76,585 M"
05/19/2026,1630,DDS,531.00,+0.18%,Consumer Discretionary,1.183,14.67,$48.36,711.975,356.8501,562.0,576.33,588.16,4.0,-0.05,0.35,"139,385",-100900.04,105848.85,117695.28,43.27,-11.81,-5.03,-0.72,681.61,522.04,681.61,606.17,59.0,"8,293 M"
05/19/2026,1630,DE,558.07,-1.14%,Industrials,.9585,10.16,$13.22,674.1899,433.0,575.6,579.32,520.21,-5.0,-0.06,-0.43,"1,027,935",0.0,1161304.94,1359029.81,17.83,-1.68,-3.08,-2.88,674.62,550.34,-550.34,594.13,2.0,"150,739 M"
05/19/2026,1630,DECK,94.27,-0.36%,Consumer Discretionary,1.097,3.5,$6.28,131.58,78.91,100.37,102.24,102.99,4.0,-0.11,0.31,"2,127,529",0.0,1904197.55,1977384.37,-11.3,-10.14,-4.33,-0.74,122.61,93.36,-93.36,-93.02,2.0,"13,382 M"
05/19/2026,1630,DELL,235.26,-1.16%,Information Technology,1,15.37,$12.67,263.99,106.38,227.0,194.1,148.26,-6.0,-0.89,-0.15,"4,082,709",-100455.42,7413850.15,8080416.7,12.3,50.08,8.76,-5.1,264.07,117.58,264.07,264.07,6.0,"152,817 M"
05/19/2026,1630,DEO,84.29,+0.61%,Consumer Staples,.5455,1.87,<empty>,116.41,72.45,80.98,78.47,91.33,2.0,0.77,0.68,"1,183,917",-200240.48,1671313.9,1878434.27,-26.2,12.99,4.92,4.6,103.59,72.39,-72.39,86.09,54.0,"46,857 M"
05/19/2026,1630,DG,103.48,-2.59%,Consumer Staples,.3055,5.98,$10.87,158.23,95.11,112.39,119.7,121.29,4.0,-0.17,0.41,"4,381,968",-200256.06,3510022.67,3345319.91,47.29,-16.18,-11.56,-1.49,158.57,101.04,158.57,122.17,9.0,"22,789 M"
05/19/2026,1630,DGX,190.39,+0.29%,Health Care,.61,1.93,$11.97,213.5,164.65,192.15,194.96,187.62,2.0,0.07,0.43,"794,562",300125.21,920852.04,896372.78,-43.24,-1.94,-0.24,1.3,214.56,186.07,-186.07,-186.07,43.0,"21,075 M"
05/19/2026,1630,DIN,29.59,-0.70%,Consumer Discretionary,.9668,1.21,$2.62,39.68,19.58,28.45,27.84,28.64,-3.0,0.58,-0.67,"642,781",-100258.05,420072.8,431149.62,101.88,1.34,5.12,-4.61,34.62,24.26,-24.26,32.03,53.0,375 M
05/19/2026,1630,DIS,102.29,-1.56%,Communication Services,1.417,2.44,$3.98,124.69,92.185,103.98,101.14,108.7,-7.0,-0.78,-0.25,"7,032,570",200128.1,9530208.61,9836455.31,27.09,3.11,1.8,-2.97,110.08,92.36,110.08,110.08,53.0,"177,628 M"
05/19/2026,1630,DK,45.54,+0.29%,Energy,.5597,1.45,$7.70,49.5,17.56,44.47,43.47,35.28,2.0,-0.6,0.43,"1,330,312",200766.15,1387860.59,1484705.26,-51.96,2.11,-7.14,4.23,50.1,33.6,50.1,50.1,54.0,"2,791 M"
05/19/2026,1630,DKL,52.31,+0.29%,Energy,.4697,0.85,$1.89,55.89,40.1,51.6,51.46,47.75,4.0,0.45,0.54,"40,530",-100233.42,59136.72,63320.95,-37.96,-2.62,-0.51,1.34,55.62,48.31,-48.31,-49.07,54.0,"2,781 M"
05/19/2026,1630,DKNG,25.54,-0.93%,Consumer Discretionary,1.5,0.85,$1.15,48.78,20.46,24.11,23.65,31.99,-1.0,0.89,-0.55,"8,197,901",0.0,1.272298866E7,1.317884316E7,24.06,2.53,5.67,1.55,27.07,20.35,27.07,27.07,54.0,"12,671 M"
05/19/2026,1630,DLTR,90.61,-0.68%,Consumer Staples,.5815,3.14,$6.41,142.4,84.71,94.71,102.04,109.98,4.0,0.08,0.59,"3,221,374",-100652.17,3519683.11,3332639.36,5.88,-14.16,-3.29,0.71,139.61,86.04,-86.04,-86.04,6.0,"17,644 M"
05/19/2026,1630,DOC,19.30,-0.97%,Real Estate,1.019,1.46,$1.77,19.91,15.7,17.92,17.32,17.49,-6.0,-0.99,-0.51,"3,862,827",101533.1,8690998.49,8505597.98,-51.16,8.86,16.9,-1.33,20.07,16.15,-16.15,20.03,45.0,"13,306 M"
05/19/2026,1630,DOCU,49.42,+0.82%,Information Technology,1,1.46,$5.24,94.67,40.16,46.9,46.9,61.36,3.0,1.0,0.64,"3,807,336",200656.44,4074831.15,4432457.36,39.22,3.5,2.15,8.62,51.42,40.58,-40.58,-44.04,11.0,"9,602 M"
05/19/2026,1630,DOV,207.55,-1.56%,Industrials,1.204,6.01,$8.33,237.54,158.97,220.05,215.24,196.48,-9.0,-0.13,-0.24,"1,112,022",200232.19,998456.65,1067403.32,65.49,-1.86,-7.12,-3.18,237.61,201.32,-201.32,231.09,45.0,"27,949 M"
05/19/2026,1630,DOW,37.74,-2.13%,Materials,1,1.18,($0.53),42.74,20.4019,38.87,38.63,28.48,-2.0,-0.1,-0.47,"10,566,275",-100256.23,1.380516908E7,1.396996552E7,-9.38,0.67,-7.5,-2.68,43.34,29.56,43.34,-37.07,45.0,"27,201 M"
05/19/2026,1630,DPZ,312.75,+1.54%,Consumer Discretionary,1.041,12.45,$19.33,499.075,297.4761,329.66,355.78,404.26,3.0,0.05,0.44,"857,389",-100231.17,1024989.96,1032433.58,-47.32,-16.67,-5.72,2.87,418.59,304.03,418.59,375.17,42.0,"10,403 M"
05/19/2026,1630,DRI,193.73,-0.01%,Consumer Discretionary,.5769,2.18,$8.56,228.27,169.0,196.47,197.67,196.12,-2.0,-0.21,-0.48,"661,248",-100132.42,1332949.11,1308581.87,-13.84,-5.23,-0.4,-0.45,218.6,187.26,-187.26,203.05,25.0,"22,189 M"
05/19/2026,1630,DRLL,38.7691,+1.56%,,.4782,1.06,<empty>,41.0248,25.93,36.84,37.26,31.61,7.0,0.34,1.0,"17,357",-200127.26,32672.43,30008.05,-3.85,1.18,1.99,6.24,41.35,34.22,-34.22,-35.08,NaN,308 M
05/19/2026,1630,DRVN,13.23,-7.09%,Consumer Discretionary,.9932,0.49,$0.19,19.74,9.8,13.16,12.46,14.84,-1.0,-0.86,-0.61,"1,976,405",-100470.14,1895208.12,2141922.11,7.86,26.36,-4.82,5.5,17.61,10.58,-10.58,-12.17,NaN,"2,177 M"
05/19/2026,1630,DT,39.96,+0.28%,Information Technology,.7404,1.65,$1.76,57.55,31.635,37.68,37.15,42.85,3.0,0.93,0.6,"6,601,647",100448.05,7234117.92,7388162.97,31.19,2.3,3.47,7.65,41.08,32.27,-32.27,-33.04,53.0,"11,774 M"
05/19/2026,1630,DVN,49.69,+0.02%,Energy,.5296,2.11,$3.88,52.71,30.24,48.51,48.11,39.47,6.0,0.27,0.69,"12,242,164",-200239.1,1.602113456E7,1.542586834E7,-28.38,1.84,-2.55,5.19,53.35,42.57,53.35,-44.08,53.0,"57,292 M"
05/19/2026,1630,DXCM,66.95,+2.86%,Health Care,1.348,2.35,$3.68,89.98,54.11,60.94,63.14,68.02,3.0,0.49,0.93,"11,300,943",400340.01,5025363.71,4790799.97,72.3,-0.48,12.56,15.79,74.6,57.14,-57.14,-57.14,49.0,"25,834 M"
05/19/2026,1630,EA,201.70,+0.32%,Communication Services,.6632,0.71,$9.29,204.885,141.19,201.51,201.86,195.95,6.0,0.27,0.66,"1,521,653",0.0,1928372.21,2016958.8,14.67,0.5,0.06,0.46,204.29,197.5,204.29,-199.04,48.0,"50,577 M"
05/19/2026,1630,EAT,126.33,-4.52%,Consumer Discretionary,1.25,7.56,$11.42,187.123,100.3,139.64,144.13,143.94,-2.0,-0.1,-0.22,"1,046,538",200751.04,1234926.16,1258499.65,-73.22,-12.73,-12.84,-7.62,162.22,126.04,162.22,155.12,58.0,"5,418 M"
05/19/2026,1630,EBAY,114.24,-0.17%,Consumer Discretionary,1.397,3.95,$3.71,116.83,71.0,107.27,99.54,91.96,-2.0,1.0,-0.75,"4,964,779",300043.12,5820685.98,6015297.18,-27.15,25.9,8.53,0.88,111.11,83.6,-83.6,117.02,49.0,"50,723 M"
05/19/2026,1630,ECH,39.38,-1.13%,,.7634,0.91,<empty>,47.845,29.28,41.2,40.92,38.41,-1.0,-0.24,-0.31,"383,478",200131.4,720991.6,865486.89,-30.46,-0.96,-2.81,-1.89,45.58,38.51,-38.51,-39.02,NaN,985 M
05/19/2026,1630,ECPG,80.515,-0.28%,Financials,1.323,1.47,$7.32,92.64,35.675,82.66,76.54,56.46,1.0,-0.21,0.05,"419,160",-400926.09,345841.69,346038.45,36.13,16.45,-4.61,-1.49,93.08,56.6,93.08,-78.02,54.0,"1,726 M"
05/19/2026,1630,EDEN,110.0619,-0.84%,,.8787,1.14,<empty>,125.6375,98.31,110.62,107.3,110.94,-5.0,-0.71,-0.38,"5,424",-200100.12,6867.46,8265.31,34.55,7.98,-0.78,-1.73,115.61,98.41,-98.41,113.06,NaN,198 M
05/19/2026,1630,EDU,50.47,-1.21%,Consumer Discretionary,.176,1.77,<empty>,64.97,41.62,52.98,54.76,54.4,-8.0,-0.14,-0.41,"310,944",0.0,777574.69,761902.93,-63.87,-11.25,-6.14,-2.66,61.6,50.54,-50.54,-50.02,49.0,"8,032 M"
05/19/2026,1630,EDV,60.75,-0.95%,,.7292,0.98,<empty>,71.305,60.485,63.23,64.2,66.47,-7.0,0.0,-0.25,"1,573,403",-200019.03,1371952.23,1298918.02,10.26,-7.97,-4.21,-3.3,69.56,62.04,69.56,65.17,NaN,"3,697 M"
05/19/2026,1630,EEM,64.26,-1.09%,,.7183,1.45,<empty>,68.15,45.2301,65.05,61.21,56.53,-6.0,-0.76,-0.24,"37,009,419",-200238.42,3.415896327E7,3.852457667E7,75.68,11.52,-1.74,-4.63,68.06,54.35,68.06,68.06,NaN,"28,454 M"
05/19/2026,1630,EFNL,54.5368,-0.97%,,.7782,0.55,<empty>,55.85,34.96,54.19,51.92,47.3,-1.0,-0.74,-0.24,"11,703",100100.07,10486.42,10668.82,109.05,11.02,-0.79,-1.37,56.12,47.36,-47.36,56.03,NaN,55 M
05/19/2026,1630,EFX,160.83,-2.07%,Industrials,1.337,6.37,$9.32,281.02,156.47,169.56,177.89,211.8,2.0,-0.21,0.45,"1,463,884",200041.12,1719919.3,1641359.49,-3.86,-11.39,-5.41,1.97,211.52,158.04,211.52,-156.02,43.0,"19,150 M"
05/19/2026,1630,EGP,202.32,+0.08%,Real Estate,1.07,1.83,<empty>,206.78,159.365,201.56,194.66,181.6,-7.0,-0.72,-0.26,"249,789",100017.09,358413.23,356649.0,-32.29,8.11,0.96,0.01,207.07,181.41,207.07,207.07,44.0,"10,876 M"
05/19/2026,1630,EIS,129.35,+0.07%,,1.023,2.59,<empty>,136.98,80.56,131.55,125.39,110.98,-7.0,-0.64,-0.1,"53,054",-200200.36,128917.12,156560.39,17.18,5.29,-4.28,-3.38,137.08,110.35,137.08,137.08,NaN,970 M
05/19/2026,1630,EL,76.14,-4.84%,Consumer Staples,1.262,3.14,$3.55,121.635,62.57,80.32,78.61,93.68,-8.0,-0.73,-0.5,"4,504,039",-200762.4,4517699.22,4414322.06,42.32,-11.05,-8.1,-5.8,118.59,66.32,-66.32,88.08,63.0,"27,547 M"
05/19/2026,1630,ELS,62.89,+1.24%,Real Estate,2.111,0.65,$2.97,69.0,58.15,62.81,63.95,62.72,2.0,0.26,0.63,"1,760,099",-200026.57,1397921.36,1681017.43,-8.98,-3.57,0.62,1.5,69.46,62.36,69.46,-61.02,42.0,"12,197 M"
05/19/2026,1630,ELV,402.27,+2.08%,Health Care,.6259,11.36,$29.01,412.96,273.71,374.55,330.59,330.93,-4.0,0.99,-0.52,"1,607,592",-300245.55,1778008.16,1918913.08,-37.4,38.17,9.0,1.4,382.06,275.5,-275.5,-343.17,39.0,"87,358 M"
05/19/2026,1630,EMB,94.25,-0.39%,,.3449,0.58,<empty>,97.8,89.45,95.63,95.14,95.64,-6.0,-0.56,-0.17,"10,819,815",100110.41,9990278.65,1.011923613E7,67.56,-0.4,-1.33,-1.35,98.6,93.36,-93.36,96.08,NaN,"13,826 M"
05/19/2026,1630,EMR,130.65,-1.19%,Industrials,1.226,4.2,$5.55,165.15,114.83,138.67,136.76,137.25,-7.0,-0.39,-0.17,"4,044,374",0.0,2987049.24,2953137.53,41.09,0.58,-5.59,-5.24,153.57,123.35,-123.35,149.09,54.0,"73,177 M"
05/19/2026,1630,ENB,56.79,+0.75%,Energy,.5845,0.88,$0.41,57.01,43.5892,54.37,54.0,49.88,2.0,0.67,0.78,"10,390,262",200120.01,4614773.21,4741047.05,203.9,5.03,3.42,1.01,55.12,51.62,-51.62,-52.16,51.0,"124,012 M"
05/19/2026,1630,ENPH,46.76,-5.90%,Information Technology,1.202,6.52,$1.11,53.8917,25.775,38.28,37.98,36.6,-1.0,0.9,-0.91,"8,539,517",301503.03,6861779.57,6528824.6,-50.58,4.75,29.82,-2.6,51.58,30.14,-30.14,54.02,48.0,"6,163 M"
05/19/2026,1630,ENR,16.23,-1.87%,Consumer Staples,.7533,1.16,$2.31,30.29,16.0,18.45,17.99,22.05,-1.0,-0.49,-0.26,"1,672,851",100647.1,1191435.16,1205882.99,54.84,-3.74,-9.08,-2.81,23.59,16.34,-16.34,21.1,53.0,"1,111 M"
05/19/2026,1630,ENVX,5.53,-6.75%,Industrials,2.164,0.47,($0.60),16.49,4.615,6.58,5.92,8.14,-4.0,-0.75,0.0,"6,780,949",-100090.04,6134387.39,6205393.65,57.35,8.86,-19.62,-12.22,7.06,5.5,8.04,8.04,49.0,"1,206 M"
05/19/2026,1630,ENZL,44.0113,-0.03%,,.8905,0.73,<empty>,48.24,41.6875,44.61,44.16,45.48,-6.0,-0.72,-0.23,"43,428",0.0,23933.99,25590.63,-37.02,-0.52,-1.45,-2.45,48.56,42.35,-42.35,46.06,NaN,70 M
05/19/2026,1630,EOG,144.30,+0.92%,Energy,.317,4.38,$7.36,151.87,101.5936,136.58,137.4,118.92,7.0,0.33,0.96,"3,109,691",-100039.42,4419807.26,4862959.56,0.33,3.95,2.47,6.11,152.35,119.57,152.35,-129.08,55.0,"76,858 M"
05/19/2026,1630,EPD,39.80,+0.86%,Energy,.4985,0.74,$1.37,40.165,30.01,38.38,37.94,33.85,7.0,0.45,0.84,"3,375,297",100225.04,4552844.81,4483692.14,-1.54,6.28,3.38,1.45,40.36,35.57,-35.57,-37.08,48.0,"86,108 M"
05/19/2026,1630,EPHE,24.20,-1.39%,,.5929,0.34,<empty>,28.4,23.17,24.64,24.86,25.45,-6.0,-0.42,-0.56,"85,406",200100.5,120368.21,146697.2,160.04,-1.98,-0.9,-2.42,28.58,24.35,-24.35,26.08,NaN,129 M
05/19/2026,1630,EPOL,38.92,-1.87%,,1.066,0.6,<empty>,40.9399,29.03,38.95,37.75,35.3,-1.0,-0.52,-0.33,"292,101",100040.18,479601.34,527199.33,3.76,9.54,0.21,-1.99,41.22,34.41,41.22,40.09,NaN,617 M
05/19/2026,1630,EPR,57.94,-0.69%,Real Estate,1.06,1.2,$5.71,62.08,48.105,56.88,54.8,54.17,-6.0,-0.83,-0.56,"746,113",-300635.42,816366.27,851378.19,-3.76,8.34,3.48,0.09,62.57,48.36,-48.36,59.08,49.0,"4,433 M"
05/19/2026,1630,EPU,79.31,-1.13%,,.7793,2.28,<empty>,95.28,44.9,81.03,81.38,71.72,-4.0,-0.32,-0.5,"89,793",0.0,92251.06,102733.2,82.14,3.5,0.95,-5.46,95.56,74.41,-74.41,85.04,NaN,492 M
05/19/2026,1630,EQR,65.74,+0.47%,Real Estate,.7774,0.59,$4.27,71.39,57.57,64.85,62.06,62.46,2.0,-0.82,0.31,"3,500,684",-100122.06,2626021.74,2585288.22,-36.86,10.84,-0.77,1.11,67.1,58.41,67.1,67.1,53.0,"24,631 M"
05/19/2026,1630,EQRR,76.9339,-0.42%,,.9203,0.72,<empty>,77.53,57.39,75.59,72.14,66.23,-3.0,-0.91,-0.37,"24,658",200000.35,19622.11,15373.36,-2.49,11.68,0.88,-0.51,77.1,67.46,-67.46,78.03,NaN,55 M
05/19/2026,1630,EQT,59.77,+4.04%,Energy,.6028,1.47,$6.55,68.24,48.47,57.9,60.35,56.32,5.0,0.23,0.73,"8,663,862",0.0,8024830.6,8456912.47,-0.7,-7.59,1.79,5.66,68.36,55.04,-55.04,-55.04,43.0,"37,385 M"
05/19/2026,1630,ESI,39.48,-1.00%,Materials,1.253,1.55,$0.50,45.515,20.8,41.97,37.51,29.85,-6.0,-0.57,0.0,"3,218,315",300537.15,3088115.09,3255837.2,-59.91,24.15,-10.25,-9.37,46.06,29.5,46.06,46.06,50.0,"9,618 M"
05/19/2026,1630,ESPO,90.15,+0.33%,,1.01,0.81,<empty>,122.986,86.92,91.11,91.12,104.56,2.0,0.65,0.48,"9,979",0.0,16876.98,20410.47,-59.06,-0.68,-0.54,-0.32,97.22,87.35,97.22,93.16,NaN,252 M
05/19/2026,1630,ESS,272.63,+0.14%,Real Estate,.735,3.08,$16.77,294.09,238.46,264.91,254.77,257.72,2.0,0.99,0.55,"496,350",-200020.03,482587.7,478409.18,-51.15,10.7,2.23,1.53,270.14,238.36,-238.36,-253.17,48.0,"17,520 M"
05/19/2026,1630,ET,20.39,+0.99%,Energy,.5667,0.29,$0.98,20.665,16.18,19.8,19.31,17.79,1.0,0.72,0.56,"11,951,148",500224.11,1.631647481E7,1.598770511E7,0.84,7.54,0.0,0.15,21.1,18.49,21.1,21.1,53.0,"70,165 M"
05/19/2026,1630,ETH,20.05,-0.55%,,2.356,0.73,<empty>,45.785,17.065,21.72,21.11,29.31,-3.0,-0.79,-0.46,"1,556,564",100474.54,3669976.39,4487170.01,-35.53,-1.13,-11.01,-8.11,23.22,17.59,23.22,23.1,NaN,"1,920 M"
05/19/2026,1630,ETH-USD,-71.97,-3.43%,,3.946,9.12,<empty>,4.9275,-84.005,-63.75,-46.28,-26.19,2,0.07,0.45,"1,406,013",200869.01,943051.51,904541.39,22.36,127.32,30.17,-8.01,-22.66,-79.97,-23.02,84.17,NaN,"-2,151 M"
05/19/2026,1630,ETHA,15.93,-0.44%,,2.211,0.58,<empty>,36.8,13.62,17.26,16.8,23.47,-3.0,-0.79,-0.46,"17,092,716",0.0,3.102998923E7,3.271501264E7,-48.79,-1.42,-11.01,-8.24,19.22,14.59,19.22,18.1,NaN,"6,543 M"
05/19/2026,1630,ETHE,17.10,-0.52%,,3.268,0.63,<empty>,40.135,14.71,18.55,18.08,25.46,-3.0,-0.79,-0.46,"2,061,959",0.0,2672894.49,3270603.62,-18.85,-1.89,-11.08,-8.16,20.22,15.59,20.22,19.1,NaN,"1,719 M"
05/19/2026,1630,ETSY,57.61,-2.07%,Consumer Discretionary,1.777,2.96,$6.75,76.515,44.0,62.29,57.19,58.79,3.0,-0.5,0.1,"3,241,915",100462.15,2971030.9,3389028.12,-63.57,5.2,-8.48,-1.37,71.14,45.62,71.14,-56.04,49.0,"5,467 M"
05/19/2026,1630,EWA,28.53,-0.97%,,.9931,0.4,<empty>,30.4799,24.94,29.2,28.89,27.53,-6.0,-0.32,-0.22,"2,104,006",-100126.53,3526351.88,4259406.54,28.42,0.96,-2.26,-2.56,30.22,27.35,30.22,30.09,NaN,"1,335 M"
05/19/2026,1630,EWC,57.49,-0.12%,,.868,0.34,<empty>,58.89,43.79,57.89,56.64,53.26,-3.0,-0.6,-0.34,"1,697,673",100214.14,2431359.34,2606976.28,-1.41,6.27,-0.36,-1.17,59.2,53.41,59.2,59.12,NaN,"5,381 M"
05/19/2026,1630,EWD,50.08,-0.79%,,1.098,0.74,<empty>,54.93,42.99,51.23,50.71,49.39,2.0,-0.45,0.29,"205,205",-100022.34,163413.53,168757.7,89.67,3.62,-1.57,-1.2,55.56,47.41,-47.41,-49.02,NaN,304 M
05/19/2026,1630,EWG,42.04,-0.71%,,.9644,0.49,<empty>,44.65,37.975,42.18,41.19,41.85,2.0,-0.75,0.37,"1,377,371",200133.35,2395485.75,2325012.2,19.15,5.92,-0.83,-0.5,45.56,38.36,-38.36,44.09,NaN,"1,425 M"
05/19/2026,1630,EWH,23.65,-1.34%,,.3891,0.33,<empty>,24.66,18.69,23.84,23.41,22.4,-4.0,-0.66,-0.34,"2,030,388",100226.35,4750375.79,5242717.73,-48.44,3.59,-0.25,-3.15,25.08,21.39,25.08,25.08,NaN,"1,084 M"
05/19/2026,1630,EWI,57.39,-1.73%,,.8859,0.87,<empty>,59.665,45.79,57.95,55.84,53.77,-6.0,-0.68,-0.27,"642,692",200134.41,487022.76,517483.27,298.31,9.4,-0.74,-2.51,60.09,50.41,60.09,60.09,NaN,637 M
05/19/2026,1630,EWJ,90.29,-0.69%,,.6887,1.52,<empty>,94.28,68.028629,89.78,87.36,82.67,-4.0,-0.63,-0.57,"4,772,822",300238.51,7974822.7,9036903.55,-9.63,7.39,1.15,-1.92,93.56,81.41,93.04,93.04,NaN,"20,938 M"
05/19/2026,1630,EWJV,44.9277,-0.12%,,.4754,0.83,<empty>,47.69,33.5,43.74,43.15,41.15,-3.0,-0.56,-0.72,"29,308",200000.07,188154.11,215786.9,-84.17,7.71,3.5,-1.13,47.56,40.41,-40.41,46.04,NaN,692 M
05/19/2026,1630,EWK,26.254,0.00%,,.687,0.39,<empty>,27.6299,21.42,25.93,25.29,24.53,-6.0,-0.71,-0.51,"4,552",-100100.07,67517.51,56370.99,-60.16,9.3,0.51,-0.97,27.62,23.41,-23.41,27.09,NaN,99 M
05/19/2026,1630,EWM,29.30,-0.51%,,.4831,0.39,<empty>,30.635,23.342,29.72,29.14,27.4,-8.0,-0.49,-0.34,"222,802",-200134.38,318702.63,372303.02,131.1,-0.75,-1.91,-3.01,31.08,28.3,31.08,31.08,NaN,374 M
05/19/2026,1630,EWN,63.77,-0.78%,,1.141,1.18,<empty>,66.19,50.56,63.71,61.36,58.89,-3.0,-0.82,-0.33,"67,200",-100027.06,132239.77,128077.28,63.82,9.68,0.52,-2.89,66.09,55.35,-55.35,66.03,NaN,491 M
05/19/2026,1630,EWO,38.76,-1.42%,,.804,0.49,<empty>,40.37,27.56,39.16,37.45,34.5,-6.0,-0.66,-0.3,"13,653",100100.45,34026.55,39851.91,416.16,11.41,-0.39,-1.6,40.22,34.41,40.22,40.08,NaN,128 M
05/19/2026,1630,EWP,55.81,-1.17%,,.6757,0.67,<empty>,58.99,42.36,56.31,55.44,52.6,-1.0,-0.49,-0.36,"529,734",300124.05,539079.02,567196.65,403.12,4.75,-0.73,-0.82,59.22,51.41,59.22,58.08,NaN,"1,653 M"
05/19/2026,1630,EWQ,44.42,-0.91%,,.8454,0.63,<empty>,48.39,40.91,45.14,44.54,44.58,-1.0,-0.57,-0.33,"291,948",-100016.07,500358.75,494576.71,66.01,2.82,-1.55,-1.35,48.57,42.41,-42.41,47.09,NaN,373 M
05/19/2026,1630,EWS,29.22,+0.10%,,.5415,0.23,<empty>,29.6699,24.845,28.86,28.52,28.29,2.0,0.69,0.59,"711,355",-300018.07,853938.75,905465.81,22.64,3.47,1.74,0.48,30.22,27.52,30.22,29.04,NaN,792 M
05/19/2026,1630,EWUS,41.48,-0.41%,,1.038,0.58,<empty>,45.0422,38.02,42.1,41.38,41.54,2.0,-0.55,0.27,"29,978",-100023.01,4355.81,4409.71,3707.14,4.24,-1.24,-0.65,45.57,38.35,-38.35,-41.02,NaN,41 M
05/19/2026,1630,EWW,77.52,-0.49%,,.7835,1.51,<empty>,81.6499,57.282,78.03,76.47,70.99,-4.0,-0.53,-0.46,"796,577",100039.52,1649154.97,1877669.81,-33.03,7.4,-0.05,-1.87,82.56,70.41,-70.41,81.03,NaN,"2,147 M"
05/19/2026,1630,EWY,174.02,-1.18%,,1.391,10.2,<empty>,194.58,58.19,170.71,148.11,109.71,-6.0,-0.81,-0.3,"17,827,442",200875.51,2.01207718E7,2.312105768E7,43.59,29.08,0.32,-8.66,195.06,115.34,195.06,195.06,NaN,"21,596 M"
05/19/2026,1630,EWZ,35.89,-2.31%,,.7026,1.35,<empty>,42.02,26.193816,38.71,38.53,33.9,-1.0,0.0,-0.05,"57,195,430",-100335.05,3.104469837E7,3.379453546E7,47.35,-1.67,-9.62,-3.34,42.25,35.41,42.25,40.16,NaN,"10,473 M"
05/19/2026,1630,EWZS,13.62,-2.78%,,.8087,0.57,<empty>,16.46,11.72,14.83,14.78,14.02,-1.0,-0.05,-0.07,"91,738",-200431.05,553749.17,656228.85,-77.43,-1.02,-10.04,-4.76,16.2,13.41,16.2,16.09,NaN,248 M
05/19/2026,1630,EXAS,104.91,0.00%,Health Care,1.418,0.41,$1.89,104.98,38.8118,103.57,103.02,74.29,6.0,0.02,0.29,<empty>,-100037.01,2640344.92,2627886.23,1111.65,2.5,1.36,0.93,104.09,101.61,-101.61,-103.15,34.0,"20,026 M"
05/19/2026,1630,EXP,199.88,+1.65%,Materials,1.371,6.29,$7.15,243.64,171.99,205.87,196.54,217.27,1.0,-0.72,0.32,"1,188,104",-200240.01,420057.62,428436.81,279.05,12.93,-4.7,-1.1,239.61,172.41,-172.41,-193.02,0.0,"6,242 M"
05/19/2026,1630,EXPD,157.60,+0.53%,Industrials,1.055,4.71,$6.83,167.19,109.9,151.35,147.09,140.02,2.0,0.68,0.91,"788,760",0.0,1100504.2,1262704.39,-26.81,7.04,2.95,2.6,157.06,135.59,-135.59,-136.11,53.0,"20,613 M"
05/19/2026,1630,EXPE,215.00,0.00%,Consumer Discretionary,1.255,15.19,$33.16,303.8,156.05,237.73,238.02,238.19,3.0,-0.4,0.16,"1,838,227",100753.53,1748004.73,2217346.84,-9.43,-10.2,-13.53,-1.0,280.2,185.6,280.2,257.09,55.0,"25,805 M"
05/19/2026,1630,EXR,140.31,+0.75%,Real Estate,1.205,2.25,$8.69,155.19,125.71,141.62,138.84,139.4,1.0,-0.55,0.37,"936,313",100032.16,1202090.23,1214520.74,-52.89,3.18,0.37,-1.32,155.6,128.38,-128.38,-137.02,49.0,"29,642 M"
05/19/2026,1630,EYE,16.92,-2.31%,Consumer Discretionary,1.025,2.58,$1.33,30.02,14.75,21.65,24.29,25.83,2.0,0.0,0.03,"3,963,404",100664.04,1882702.52,1811100.81,58.94,-40.51,-24.6,-4.51,30.53,15.04,-15.04,-15.04,53.0,"1,356 M"
05/19/2026,1630,EZA,66.63,-1.75%,,.7878,1.88,<empty>,81.755,50.92,69.34,69.08,67.4,-6.0,-0.45,-0.38,"495,850",0.0,234282.25,268308.3,191.63,2.62,-1.67,-5.46,82.56,62.41,-62.41,73.08,NaN,700 M
05/19/2026,1630,F,13.06,+0.23%,Consumer Discretionary,1.708,0.82,$2.40,14.94,9.88,12.5,12.18,12.63,-3.0,-1.0,-0.83,"41,418,196",200552.04,5.24966653E7,5.670858255E7,-14.9,12.2,11.72,-9.81,15.57,11.35,-11.35,15.03,49.0,"52,040 M"
05/19/2026,1630,FAF,67.43,-1.72%,Financials,1.293,1.24,<empty>,71.47,53.09,68.83,64.83,64.28,-1.0,-0.66,-0.36,"811,109",-200239.42,975847.52,973111.88,-23.85,15.78,-1.39,0.63,71.55,56.41,-56.41,-66.04,44.0,"6,871 M"
05/19/2026,1630,FANG,207.77,+1.05%,Energy,.4568,6.84,($1.65),214.51,132.2,200.3,193.69,161.31,7.0,0.52,0.61,"1,732,432",100239.49,3182442.72,3280452.99,-18.87,9.17,0.77,3.75,215.11,164.57,215.11,-187.08,52.0,"58,448 M"
05/19/2026,1630,FAST,43.57,-0.98%,Industrials,.7556,0.59,$1.01,50.63,38.9703,44.31,45.17,44.75,2.0,-0.24,0.39,"4,783,783",-100137.42,7329253.21,7448737.75,-23.0,-2.07,-1.71,-0.93,50.27,43.06,-43.06,-43.06,36.0,"50,020 M"
05/19/2026,1630,FCFS,225.86,+0.40%,Financials,.5074,3.73,$12.47,235.97,119.205,222.0,206.3,171.47,-6.0,-0.78,-0.15,"276,353",100540.33,363288.39,345849.13,1.26,19.84,0.51,-0.73,233.06,176.59,236.05,236.05,50.0,"9,901 M"
05/19/2026,1630,FCG,31.49,+1.19%,,.5383,0.91,<empty>,33.03,21.76,30.37,30.37,25.64,6.0,0.25,0.85,"802,132",-200133.34,1394002.67,1360347.79,-57.29,1.74,0.32,4.79,33.35,26.57,33.35,-29.08,NaN,822 M
05/19/2026,1630,FDX,374.97,+1.42%,Industrials,1.344,10.92,$18.48,404.03,214.35,380.4,370.0,301.06,1.0,-0.14,0.4,"1,572,160",-200636.12,1766900.43,1760224.77,19.39,5.3,3.37,-1.32,404.13,341.35,404.13,-354.11,23.0,"89,470 M"
05/19/2026,1630,FICO,1186.15,+0.37%,Information Technology,1.225,46.64,$36.29,2199.92,870.01,1065.84,1075.27,1447.9,2.0,0.85,0.79,"506,294",-400882.2,409745.59,375764.27,0.08,6.56,11.24,10.14,1494.52,870.19,-870.19,-966.13,49.0,"27,508 M"
05/19/2026,1630,FISV,56.03,-1.11%,Financials,.7834,3.21,$7.64,177.36,52.17,58.35,58.01,83.2,4.0,0.81,0.18,"7,535,075",-100146.11,6408969.75,6571226.42,56.76,-1.74,-2.18,4.81,65.2,52.04,-52.04,-52.04,44.0,"29,878 M"
05/19/2026,1630,FIVE,214.39,-1.82%,Consumer Discretionary,.9556,9.26,$7.47,251.63,105.11,224.9,225.39,184.11,4.0,-0.02,0.33,"1,052,367",100747.43,1169380.43,1113381.5,60.01,-8.84,-5.44,-0.26,252.2,204.05,-204.05,-204.05,10.0,"11,855 M"
05/19/2026,1630,FLG,13.27,-0.52%,Financials,.9998,0.35,$0.44,14.92,10.38,13.91,13.55,12.69,-7.0,-0.28,-0.08,"3,001,230",-200036.18,4809675.11,5008997.78,-12.08,6.08,-4.53,-3.14,15.17,12.47,15.17,15.17,46.0,"5,531 M"
05/19/2026,1630,FLNG,32.56,+0.52%,Energy,.2094,0.42,$2.04,33.4,21.72,32.09,30.88,27.19,2.0,-0.65,0.22,"348,898",-100541.42,546701.27,620659.86,-7.98,3.14,-2.13,2.23,33.1,27.56,33.1,-31.03,70.0,"1,761 M"
05/19/2026,1630,FLO,7.21,-1.64%,Consumer Staples,.4155,0.61,$1.51,17.25,7.004,8.33,8.37,11.21,2.0,-0.28,0.21,"11,353,362",-300360.03,6389975.1,6265537.03,223.43,-13.86,-16.55,-1.37,10.59,7.03,10.59,9.12,2.0,"1,527 M"
05/19/2026,1630,FLUT,97.50,+0.22%,Consumer Discretionary,1.232,4.74,$2.67,313.685,91.52,102.06,104.61,193.22,2.0,0.76,0.45,"2,048,448",-100461.57,3075532.15,3641508.46,39.09,-8.37,-5.64,3.89,126.62,92.03,126.62,-92.02,55.0,"16,901 M"
05/19/2026,1630,FND,44.22,-1.69%,Consumer Discretionary,1.611,2.64,<empty>,92.405,43.015,48.54,51.05,66.02,-1.0,-0.29,-0.29,"3,371,986",100564.13,3099313.31,2991569.9,0.98,-16.97,-8.45,-3.39,73.61,44.04,73.61,53.08,50.0,"4,780 M"
05/19/2026,1630,FNF,48.87,-1.29%,Financials,.9894,1.63,$20.19,61.4025,42.78,50.36,48.32,54.64,3.0,-0.6,0.23,"1,170,209",-200345.42,2016836.16,2028085.82,-25.16,8.87,-4.51,2.26,57.62,43.41,-43.41,-47.08,54.0,"13,154 M"
05/19/2026,1630,FORM,117.20,-0.19%,Information Technology,1.225,10.77,$0.47,159.09,26.08,137.96,120.0,71.05,-6.0,0.0,0.0,"1,408,847",-301088.06,1855418.19,1759329.08,-46.93,23.24,-19.17,-8.43,159.17,81.5,159.17,159.17,49.0,"9,136 M"
05/19/2026,1630,FOUR,40.99,-3.55%,Financials,1.411,1.76,$5.00,108.5,39.6062,43.82,44.66,64.81,-1.0,-0.6,-0.41,"1,487,256",202079.4,1953023.0,2282015.18,-9.54,-2.29,0.05,-2.45,60.61,40.05,-40.05,-40.05,53.0,"3,252 M"
05/19/2026,1630,FOXA,64.55,-2.00%,Communication Services,.5399,1.74,$4.87,76.39,52.96,64.16,61.62,63.22,-1.0,-0.8,-0.66,"3,031,845",-200241.35,3444818.63,3585849.53,36.68,11.91,3.73,-1.18,68.06,53.58,68.05,68.05,53.0,"27,123 M"
05/19/2026,1630,FR,61.64,+0.20%,Real Estate,1.095,0.56,$3.48,64.66,47.36,62.0,60.75,56.87,2.0,-0.46,0.3,"919,744",-100347.42,936346.4,973149.97,-6.19,4.78,-0.15,0.51,65.2,57.41,65.2,-60.02,44.0,"8,172 M"
05/19/2026,1630,FROG,70.63,+4.01%,Information Technology,1.033,8.06,$1.28,72.06,34.05,56.46,49.35,51.69,-6.0,1.0,-0.7,"2,686,764",100668.08,2822828.7,3335327.6,22.89,62.52,29.81,8.53,72.07,34.59,72.07,72.07,55.0,"8,555 M"
05/19/2026,1630,FRPT,47.39,-2.19%,Consumer Staples,1.736,6.58,$0.96,89.8,46.76,57.96,62.79,61.67,4.0,-0.01,0.39,"1,616,691",-301159.1,1686128.41,1695881.44,56.13,-24.98,-21.24,-3.95,86.52,48.04,86.52,68.12,52.0,"2,329 M"
05/19/2026,1630,FRT,114.84,-0.08%,Real Estate,.963,1.37,$6.02,117.22,89.99,113.64,109.56,102.47,2.0,-0.76,0.32,"723,217",200316.13,861824.91,866209.61,-14.81,8.04,-0.39,0.9,117.09,102.38,117.09,117.09,53.0,"9,921 M"
05/19/2026,1630,FSLY,16.36,-2.09%,Information Technology,.5322,5.45,$0.28,34.82,6.29,23.01,25.26,13.95,2.0,0.0,0.16,"6,547,980",0.0,1.289779584E7,1.32459026E7,4.71,-38.15,-49.44,-7.47,35.29,16.59,35.29,33.1,54.0,"2,560 M"
05/19/2026,1630,FTNT,127.64,+0.90%,Information Technology,.9901,15.57,$3.24,128.2,70.12,100.96,89.42,83.58,-3.0,1.0,-0.91,"7,005,856",100350.09,6101659.97,6190708.66,128.85,53.56,41.95,4.74,115.06,74.59,-74.59,-82.13,54.0,"93,515 M"
05/19/2026,1630,FTV,58.20,-1.37%,Industrials,1.076,0.81,$2.98,62.805,46.34,60.24,58.17,53.72,-1.0,-0.33,-0.14,"2,744,264",0.0,3074244.68,3144675.75,-42.43,4.77,-4.1,-1.22,63.13,53.35,63.13,63.13,49.0,"17,743 M"
05/19/2026,1630,FTWO,44.1667,-1.08%,,.7961,0.7,<empty>,49.658,32.95,45.55,45.88,42.25,-5.0,-0.06,-0.42,"12,433",-100000.34,13260.7,14995.46,3.38,-2.32,-3.1,-3.24,50.55,44.41,-44.41,47.06,NaN,76 M
05/19/2026,1630,FUTU,124.50,-5.47%,Financials,.3897,11.34,$37.57,199.9299,97.9,148.76,146.89,162.0,-3.0,-0.02,0.0,"3,753,229",-100475.01,1671275.57,1637075.71,448.19,-9.04,-20.81,-12.02,169.22,128.35,169.22,169.09,6.0,"17,454 M"
05/19/2026,1630,FUTY,57.31,+0.88%,,.6379,1.16,<empty>,61.51,51.05,58.72,59.16,57.36,1.0,-0.01,0.25,"274,341",200218.19,386935.93,362615.41,19.21,-4.34,-4.24,-1.27,62.56,57.41,62.56,61.12,NaN,"2,344 M"
05/19/2026,1630,FWONK,89.98,-1.11%,Communication Services,.6662,2.36,$2.95,109.3626,80.15,89.3,87.48,93.88,-6.0,-0.9,-0.47,"1,664,721",100034.18,2030446.86,2160384.96,16.14,7.88,2.95,-1.31,96.07,80.36,96.07,96.07,54.0,"22,550 M"
05/19/2026,1630,FWRG,10.89,-1.09%,Consumer Discretionary,1.056,0.76,($0.17),19.53,10.09,12.17,11.86,15.42,3.0,-0.53,0.34,"1,833,855",100165.59,1526403.38,1799725.5,129.18,-12.11,-10.59,1.21,16.61,10.35,-10.35,-11.03,53.0,671 M
05/19/2026,1630,FXA,70.403,-0.88%,,.3864,0.41,<empty>,72.02,63.2808,71.2,70.3,67.13,-6.0,-0.44,-0.22,"11,156",-100008.37,20531.88,20897.57,70.94,0.27,-0.99,-1.52,72.06,68.35,72.04,72.04,NaN,106 M
05/19/2026,1630,FXB,128.83,-0.21%,,.2815,0.88,<empty>,133.11,125.02,129.96,129.17,129.07,2.0,-0.32,0.07,"12,747",-200010.03,41255.69,34596.91,-76.17,-0.27,-1.02,0.01,131.06,127.34,131.06,-128.02,NaN,90 M
05/19/2026,1630,FXC,71.0537,-0.09%,,.2216,0.3,<empty>,72.469,69.08,71.46,71.17,70.76,-12.0,-0.45,-0.21,"8,178",0.0,33945.18,49109.69,47.92,-0.16,-0.97,-0.21,72.49,70.34,-70.34,72.12,NaN,75 M
05/19/2026,1630,FXE,107.08,-0.40%,,.1774,0.48,<empty>,111.535,103.67,108.0,107.5,107.78,-6.0,-0.49,-0.2,"47,967",-400006.21,210913.12,214888.34,-84.42,0.2,-0.74,-0.58,109.22,105.46,109.22,109.06,NaN,412 M
05/19/2026,1630,FXF,111.82,-0.57%,,.1996,0.46,<empty>,116.2999,106.3,112.6,112.18,111.61,-7.0,-0.44,-0.21,"26,189",0.0,83806.92,100121.13,-52.95,-0.19,-0.75,-0.67,115.56,110.34,-110.34,114.07,NaN,486 M
05/19/2026,1630,FXI,36.28,+0.33%,,.3012,0.58,<empty>,42.0,34.77,36.84,36.44,38.6,-4.0,-0.77,-0.32,"25,947,467",100327.05,3.017007209E7,3.176010181E7,11.38,0.25,-0.58,-2.58,39.6,35.36,-35.36,38.04,NaN,"5,964 M"
05/19/2026,1630,FXY,57.72,-0.14%,,.2069,0.31,<empty>,64.72,57.225,58.04,57.84,59.58,-9.0,-0.66,-0.22,"210,240",200010.12,203573.53,193010.54,-40.47,-0.93,-0.81,-0.48,60.6,57.14,-57.14,59.09,NaN,439 M
05/19/2026,1630,FYBR,38.49,0.00%,Communication Services,.9018,0.13,<empty>,38.5,36.04,38.18,38.03,37.09,4.0,0.57,0.8,<empty>,300009.01,3493880.5,3089356.02,793.29,1.8,1.1,0.68,38.18,37.6,-37.6,-38.17,22.0,"9,636 M"
05/19/2026,1630,GAP,20.78,+0.24%,Consumer Discretionary,1.975,1.52,$2.21,29.36,18.685,23.32,24.24,24.45,4.0,0.0,0.31,"7,041,026",-300352.36,7425767.89,7828245.83,30.27,-13.7,-12.1,-2.12,29.61,21.04,29.61,26.17,6.0,"7,592 M"
05/19/2026,1630,GD,340.14,-0.87%,Industrials,.338,3.93,$22.98,369.7,268.1,336.89,342.45,340.81,-1.0,-0.62,-0.48,"748,098",100025.15,1401628.5,1356648.8,-79.15,-2.71,-2.58,-0.14,367.53,307.15,-307.15,354.11,44.0,"91,984 M"
05/19/2026,1630,GDAXI:DE,24400.65,0.00%,,<empty>,273.34,<empty>,25507.79,21863.81,24248.51,23744.91,24118.27,2.0,0.72,0.41,<empty>,NaN,NaN,NaN,NaN,2.82,0.0,-0.23,25406.54,21864.38,-21864.38,25153.09,NaN,0
05/19/2026,1630,GDX,83.78,-3.86%,,.6418,4.55,<empty>,117.175,47.26,90.86,92.31,84.47,-4.0,-0.36,-0.49,"21,922,222",200259.41,2.437561287E7,2.456956104E7,5.57,1.06,-2.37,-10.82,117.55,79.41,-79.41,99.06,NaN,"25,490 M"
05/19/2026,1630,GDXJ,110.30,-4.48%,,.834,6.56,<empty>,157.49,60.095,120.42,121.66,110.71,-4.0,-0.39,-0.51,"5,929,515",-100266.55,5342819.7,5343989.0,45.13,1.22,-2.53,-12.23,157.55,103.41,-103.41,131.06,NaN,"8,177 M"
05/19/2026,1630,GE,285.28,-0.25%,Industrials,1.367,7.7,$7.07,348.48,228.0063,289.35,295.03,299.75,-6.0,-0.44,-0.48,"5,239,411",-300440.2,6136679.44,5896580.07,-46.64,-2.17,-0.49,-2.15,348.58,269.19,-269.19,310.08,39.0,"297,643 M"
05/19/2026,1630,GEL,16.40,+0.99%,Energy,.7314,0.48,($0.05),18.64,14.55,16.59,17.2,16.61,4.0,0.09,0.42,"191,140",100340.21,300995.1,284059.27,-58.79,-6.5,-2.61,1.86,19.52,16.04,-16.04,-16.04,50.0,"2,008 M"
05/19/2026,1630,GII,75.75,+0.36%,,.6332,0.78,<empty>,78.95,65.65,76.39,76.34,72.38,1.0,0.0,0.38,"13,557",200019.05,96815.84,86153.98,-79.45,-0.39,-1.92,-0.69,79.56,74.41,-74.41,-75.02,NaN,966 M
05/19/2026,1630,GIL,54.70,-2.96%,Consumer Discretionary,1.066,2.12,$2.16,73.695,46.0,58.43,57.89,59.83,-9.0,-0.43,-0.41,"1,334,311",100140.51,1167440.88,1330826.63,-20.38,-3.19,-8.41,-4.22,72.61,53.35,-53.35,63.12,50.0,"10,129 M"
05/19/2026,1630,GIS,33.77,+0.96%,Consumer Staples,-.0363,0.79,$3.05,55.35,32.79,34.45,36.01,44.61,2.0,0.48,0.57,"10,903,388",-200137.42,9850829.32,9211392.75,29.62,-9.95,-2.26,1.93,46.59,33.03,46.59,36.08,24.0,"18,022 M"
05/19/2026,1630,GK,28.0948,-0.81%,Industrials,1.388,0.59,<empty>,29.31,21.5732,27.84,25.96,25.79,-3.0,-0.89,-0.24,210,100020.46,976.79,1068.63,-18.81,14.64,0.2,-4.09,29.06,23.35,-23.35,29.03,NaN,30 M
05/19/2026,1630,GLASF,10.2650,+2.75%,Consumer Staples,.62,0.31,($0.44),10.63,4.55,9.7,8.73,8.02,4.0,0.63,0.32,"510,421",-100800.19,241369.36,222339.17,69.88,33.14,5.61,3.48,11.16,7.51,11.16,11.16,59.0,872 M
05/19/2026,1630,GLBE,28.63,-0.83%,Consumer Discretionary,1.542,1.66,$1.65,41.94,26.845,30.62,31.57,34.95,2.0,-0.27,0.28,"1,488,206",0.0,1350659.32,1510147.35,28.23,-15.77,-9.43,2.47,38.61,27.04,-27.04,-27.04,58.0,"4,809 M"
05/19/2026,1630,GLD,411.50,-1.66%,,.1647,7.51,<empty>,509.7,298.3,425.88,432.06,398.54,-5.0,-0.3,-0.51,"5,419,418",0.0,9956618.36,1.074978873E7,-16.01,-3.5,-1.62,-3.68,492.55,399.39,-399.39,437.08,NaN,"149,663 M"
05/19/2026,1630,GLIN,43.564,-1.06%,,.7104,0.83,<empty>,48.39,38.705,45.08,43.7,45.19,-3.0,-0.63,-0.09,"2,796",100116.55,31965.75,106259.37,8.31,4.44,-3.87,-3.83,47.22,39.35,47.22,47.08,NaN,95 M
05/19/2026,1630,GM,72.63,-0.64%,Consumer Discretionary,1.294,1.82,$15.77,87.62,46.815,76.77,75.99,71.65,-3.0,-0.27,-0.2,"6,995,574",100139.16,6962326.93,7280819.73,-24.37,-1.57,-4.62,-6.59,84.62,72.3,84.62,79.09,43.0,"65,488 M"
05/19/2026,1630,GME,22.10,+0.87%,Consumer Discretionary,1.762,1.48,$1.33,35.81,19.93,23.92,23.66,23.23,2.0,-0.11,0.12,"4,433,264",100474.11,8011288.73,7328813.89,-37.31,-4.86,-8.79,2.27,27.12,22.03,27.12,27.12,14.0,"9,909 M"
05/19/2026,1630,GO,8.12,+6.98%,Consumer Staples,.6749,0.24,$0.04,19.41,5.655,7.89,7.22,11.53,1.0,0.9,0.6,"4,912,409",-201676.04,3825252.69,4093119.41,99.86,39.28,3.57,5.87,11.62,6.5,-6.5,9.03,53.0,803 M
05/19/2026,1630,GOLF,87.45,+1.65%,Consumer Discretionary,.8455,4.11,$1.48,104.81,67.14,91.71,93.58,86.68,4.0,0.02,0.33,"460,334",-200627.1,333813.66,359202.46,65.59,-4.22,-6.76,1.64,104.6,84.04,-84.04,-84.04,54.0,"5,121 M"
05/19/2026,1630,GOOG,384.90,-2.09%,Communication Services,1.081,6.45,$5.33,404.47,163.33,375.79,334.26,293.23,-9.0,-0.86,-0.31,"25,559,382",100335.14,1.882236257E7,1.929442857E7,14.97,25.9,0.16,-3.09,398.07,272.35,-272.35,-334.17,45.0,"4,663,234 M"
05/19/2026,1630,GOOGL,387.66,-2.34%,Communication Services,1.082,6.62,$5.33,408.61,162.0,378.64,336.34,293.32,-9.0,-0.86,-0.3,"39,545,672",100335.14,2.790895648E7,2.908615581E7,11.79,26.22,-0.2,-3.34,402.07,272.35,-272.35,-335.17,45.0,"4,696,673 M"
05/19/2026,1630,GOOS,9.32,-1.89%,Consumer Discretionary,1.654,0.9,$1.11,15.425,8.86,11.09,11.07,12.45,-7.0,0.0,0.0,"506,728",-200252.03,442087.42,456165.19,90.85,-13.78,-18.67,-5.76,13.61,10.03,13.61,12.09,54.0,905 M
05/19/2026,1630,GPI,305.47,-3.69%,Consumer Discretionary,.8436,15.94,$30.78,488.39,292.44,338.67,330.67,388.2,-7.0,-0.54,-0.08,"158,553",200143.42,165894.67,165296.8,-45.68,-3.42,-10.51,-8.63,374.12,292.43,374.12,374.12,45.0,"3,635 M"
05/19/2026,1630,GPN,67.94,-1.06%,Financials,.7554,1.66,$4.27,90.635,62.45,69.24,68.95,77.47,3.0,-0.61,0.36,"3,643,601",0.0,3244720.23,3575922.03,-21.39,-0.35,-2.2,0.91,83.61,62.3,-62.3,-66.04,53.0,"18,585 M"
05/19/2026,1630,GRID,185.01,-2.22%,,1.26,3.98,<empty>,199.99,127.1,191.1,178.51,161.02,-6.0,-0.69,-0.08,"583,192",100024.18,710587.17,678816.78,19.75,11.22,-4.38,-6.24,200.06,157.35,200.06,200.06,NaN,"10,435 M"
05/19/2026,1630,GRMN,228.69,+0.79%,Consumer Discretionary,.9399,6.88,$7.54,273.32,186.67,243.19,244.21,228.36,2.0,-0.25,0.18,"774,774",0.0,764720.29,875294.93,-44.25,-2.73,-2.54,-2.45,273.22,225.35,273.22,261.17,49.0,"44,104 M"
05/19/2026,1630,GRNY,26.40,-0.90%,,1.292,0.24,<empty>,27.28,20.26,26.72,25.47,24.98,-3.0,-0.76,-0.18,"1,674,568",0.0,2042800.73,2138742.26,19.79,9.05,-1.31,-3.12,27.06,23.35,-23.35,27.03,NaN,"4,310 M"
05/19/2026,1630,GS,928.74,-1.86%,Financials,1.264,16.31,($135.91),984.7,582.5,933.55,885.63,844.53,-3.0,-0.78,-0.37,"1,767,342",100232.27,2016170.64,2160404.26,2.4,14.73,1.07,-4.15,952.2,781.46,-781.46,976.03,37.0,"273,985 M"
05/19/2026,1630,GSG,34.77,+1.08%,,.0736,0.63,<empty>,34.94,21.03,33.67,32.29,25.74,3.0,0.47,0.47,"477,599",100239.09,1568256.24,1532874.3,-41.25,11.09,1.64,2.39,35.11,25.62,-25.62,-32.08,NaN,"1,083 M"
05/19/2026,1630,GTBIF,7.03,-3.70%,Health Care,1.226,0.41,$0.97,10.43,4.8,7.71,7.03,7.37,-9.0,-0.53,-0.08,"388,039",-200100.38,658826.92,666440.11,-25.76,7.99,-13.21,-4.74,9.18,6.35,9.18,8.12,54.0,"1,539 M"
05/19/2026,1630,GTLB,25.46,+1.47%,Information Technology,.8866,1.31,$1.33,52.38,18.73,23.49,22.45,36.04,2.0,0.92,0.61,"6,289,745",-101171.3,5986382.12,6573391.89,55.19,11.23,2.5,12.65,30.61,19.27,-19.27,-21.17,9.0,"4,299 M"
05/19/2026,1630,GTM,3.81,-2.81%,Communication Services,.9948,1.26,$1.19,12.51,3.76,5.59,5.78,8.72,2.0,-0.28,0.06,"7,118,184",200174.06,1.116913233E7,1.065768432E7,34.89,-35.97,-41.92,-2.31,7.08,4.03,7.08,-4.03,52.0,"1,123 M"
05/19/2026,1630,GVAL,34.63,-0.92%,,.6424,0.35,<empty>,36.44,25.89,35.19,34.36,31.97,-6.0,-0.43,-0.36,"48,251",-100000.13,275668.99,268578.63,-91.31,5.87,-1.14,-1.71,36.22,32.41,36.22,36.07,NaN,429 M
05/19/2026,1630,GVIP,168.5826,-0.99%,,1.083,3.11,<empty>,177.27,127.31,170.3,159.52,154.24,-6.0,-0.81,0.0,"9,681",200011.11,14938.89,14467.81,175.08,12.89,-1.61,-4.13,177.06,139.35,177.06,177.06,NaN,539 M
05/19/2026,1630,GVZ:CGI,26.63,+1.64%,,-1.518,0.53,<empty>,48.68,14.47,26.69,31.23,25.88,1.0,0.17,0.44,<empty>,NaN,NaN,NaN,NaN,-14.24,0.08,3.26,46.36,25.16,-25.16,29.11,NaN,0
05/19/2026,1630,H,164.40,-2.95%,Consumer Discretionary,1.296,3.18,<empty>,180.53,124.82,165.53,156.7,154.03,-1.0,-0.76,-0.38,"1,001,253",100545.51,779517.16,845478.15,-4.45,13.9,1.49,-3.28,176.22,138.34,176.22,173.13,54.0,"15,480 M"
05/19/2026,1630,HACK,91.30,+0.05%,,.8113,3.41,<empty>,92.39,69.66,83.49,79.37,81.71,4.0,1.0,1.0,"330,113",200041.01,127725.06,129586.35,239.35,16.47,8.99,4.22,86.06,70.59,-70.59,-77.17,NaN,"2,260 M"
05/19/2026,1630,HAL,42.98,+0.47%,Energy,.7689,1.07,$1.98,43.37,19.38,41.03,38.82,30.31,6.0,0.64,0.56,"9,072,439",-100245.42,1.476966666E7,1.445649128E7,-23.38,16.38,3.02,4.09,42.12,33.5,-33.5,-39.08,43.0,"35,905 M"
05/19/2026,1630,HBB,17.45,-2.30%,Consumer Discretionary,1,1.22,$0.59,21.84,12.72,19.79,18.92,16.73,-3.0,-0.17,0.0,"19,757",100310.14,22619.41,23421.19,-20.87,8.39,-15.54,-7.48,22.13,16.46,22.13,22.13,54.0,236 M
05/19/2026,1630,HBDC,24.575,-0.52%,,.0728,0.04,<empty>,27.74,23.16,24.71,24.61,24.99,-1.0,-0.71,-0.33,"1,545",0.0,8255.08,23354.29,-64.8,0.39,-0.47,-0.3,25.62,24.35,-24.35,25.17,NaN,84 M
05/19/2026,1630,HCA,404.69,-4.28%,Health Care,1.184,7.28,$34.38,556.52,330.0,433.71,470.71,461.84,-1.0,-0.08,-0.57,"2,695,812",-200229.01,1164152.61,1150293.76,137.42,-19.01,-5.62,-6.47,557.47,421.06,557.47,452.15,46.0,"89,776 M"
05/19/2026,1630,HD,302.44,+0.88%,Consumer Discretionary,.9838,9.63,$12.74,426.75,289.1,318.6,328.65,367.11,2.0,0.16,0.29,"8,692,499",200431.01,4313278.55,4303976.22,109.46,-7.85,-4.12,-0.63,394.59,299.04,394.59,340.17,0.0,"301,239 M"
05/19/2026,1630,HELE,24.36,+1.71%,Consumer Discretionary,1.231,0.94,$5.73,33.734,13.85,23.67,19.15,20.3,2.0,-0.7,0.08,"778,826",-200168.18,683378.56,651820.26,7.41,62.62,1.92,3.97,27.08,14.36,27.08,27.08,34.0,567 M
05/19/2026,1630,HII,324.60,-1.44%,Industrials,.2757,16.66,$20.15,460.0,215.045,342.29,377.58,342.66,7.0,0.11,0.59,"413,340",-200441.11,520848.86,511397.4,-14.43,-22.42,-0.47,-3.67,460.55,311.09,-311.09,-311.09,50.0,"12,791 M"
05/19/2026,1630,HIMS,22.44,+0.67%,Health Care,2.135,1.99,$0.27,70.43,13.74,26.63,24.3,35.43,-2.0,-0.62,-0.11,"27,331,080",101309.49,3.461531307E7,3.594667167E7,37.3,-7.12,-14.77,-7.43,32.21,14.59,32.21,31.17,57.0,"5,194 M"
05/19/2026,1630,HLN,9.20,+0.33%,Health Care,.1966,0.13,$0.33,11.42,8.71,9.24,9.66,9.77,3.0,0.08,0.78,"6,790,673",-100130.08,8628771.23,8835434.11,-42.81,-10.07,0.33,3.25,11.61,9.03,11.61,-9.02,50.0,"40,749 M"
05/19/2026,1630,HLT,315.39,-0.86%,,1.059,3.59,$9.08,344.75,241.45,320.3,313.92,289.5,4.0,-0.19,0.35,"973,662",-100231.15,1646162.04,1721894.12,-70.62,5.9,0.84,-0.36,345.22,290.47,345.22,-308.11,49.0,"71,798 M"
05/19/2026,1630,HOOD,74.16,-3.88%,Financials,2.158,2.25,$3.33,153.8599,62.6318,78.57,76.37,104.99,-3.0,-0.72,-0.44,"20,490,415",-100267.15,2.890489388E7,2.875958164E7,-74.32,0.0,-3.73,-8.1,93.22,64.35,93.22,-70.14,49.0,"66,781 M"
05/19/2026,1630,HPP,10.68,-1.11%,Real Estate,1.797,0.97,$1.67,21.7,5.26,10.14,7.82,12.49,-5.0,-0.92,-0.28,"1,996,487",0.0,1238080.82,1299028.87,88.97,76.24,9.31,-9.26,12.07,5.32,12.07,12.07,53.0,579 M
05/19/2026,1630,HQY,84.65,+1.94%,Health Care,.1749,1.14,$4.74,116.65,72.76,82.35,81.98,88.56,5.0,0.64,0.65,"1,240,268",100050.44,953835.1,928582.4,36.9,4.34,2.44,2.83,88.2,74.59,88.2,85.16,6.0,"7,096 M"
05/19/2026,1630,HSI:HK,25797.85,0.00%,,<empty>,280.43,<empty>,28056.1,22668.35,26145.77,25766.26,25998.63,-7.0,-0.57,-0.36,<empty>,NaN,NaN,NaN,NaN,1.3,-0.39,-2.24,27398.62,24204.36,-24204.36,26845.03,NaN,0
05/19/2026,1630,HSY,192.80,+0.56%,Consumer Staples,.0769,3.87,$9.12,239.48,150.04,188.44,200.0,193.56,2.0,0.27,0.65,"2,043,643",-100136.42,1936003.87,1893671.92,-17.07,-8.44,4.27,1.3,239.55,180.12,-180.12,197.04,50.0,"39,108 M"
05/19/2026,1630,HTZ,4.93,-5.19%,Industrials,2.084,0.42,($3.72),8.44,3.775,5.88,5.5,5.48,-4.0,-0.18,-0.09,"8,823,760",-200336.14,1.156591556E7,1.069301703E7,-12.01,23.87,-19.05,-15.44,8.21,4.42,8.21,7.13,54.0,"1,557 M"
05/19/2026,1630,HUBS,208.19,-0.15%,Information Technology,1.264,24.83,$11.56,646.75,173.25,216.44,230.0,353.65,3.0,0.72,0.41,"2,168,848",100671.08,1669389.04,1701608.96,231.92,-20.64,-15.4,13.48,297.52,173.04,-173.04,-173.04,54.0,"10,657 M"
05/19/2026,1630,HUM,310.55,+1.49%,Health Care,.6461,29.84,$10.57,315.3482,163.11,257.87,212.56,243.03,-4.0,1.0,-0.91,"1,720,341",0.0,1861672.45,1816519.6,-57.29,86.57,29.65,3.05,284.06,163.41,-163.41,-212.17,49.0,"37,285 M"
05/19/2026,1630,HYG,79.35,-0.24%,,.4039,0.27,<empty>,81.36,78.565,80.03,79.85,80.49,-3.0,-0.46,-0.13,"42,904,719",100109.35,5.107936018E7,5.300422139E7,-24.48,-0.39,-0.71,-0.63,81.6,79.36,-79.36,81.16,NaN,"16,687 M"
05/19/2026,1630,HYLS,40.69,-0.37%,,.4017,0.1,<empty>,42.4036,40.01,40.94,40.87,41.57,-3.0,-0.68,-0.12,"265,730",-200000.31,302369.96,283557.79,91.69,-0.29,-0.57,-0.71,42.18,40.35,42.18,42.02,NaN,"1,636 M"
05/19/2026,1630,IAK,134.08,-0.41%,,.5657,1.3,<empty>,138.66,124.62,131.84,130.68,132.25,4.0,0.69,0.72,"45,367",200024.41,56374.25,63468.71,14.04,5.72,2.06,2.2,138.55,125.36,-125.36,-130.07,NaN,369 M
05/19/2026,1630,IBB,164.19,+0.10%,,.7375,2.84,<empty>,179.64,119.78,169.48,169.0,161.67,-4.0,-0.25,-0.13,"2,054,868",0.0,1502282.09,1561700.94,16.47,-0.16,-3.61,-4.17,178.58,160.39,-160.39,174.09,NaN,"7,503 M"
05/19/2026,1630,IBIT,43.50,-0.07%,,.7188,1.04,<empty>,71.82,35.3,44.72,42.14,52.03,-6.0,-0.88,-0.5,"25,399,861",0.0,4.392225652E7,4.87862377E7,-25.27,9.24,-6.01,-5.78,47.06,36.59,47.06,47.06,NaN,"62,725 M"
05/19/2026,1630,IDX,11.40,-4.60%,,.3829,0.53,<empty>,17.55,11.38,12.91,13.48,15.59,-8.0,-0.2,-0.2,"404,290",-200200.01,46946.8,47061.77,1893.13,-15.37,-13.83,-7.92,16.6,12.04,16.6,13.17,NaN,25 M
05/19/2026,1630,IDXX,546.49,+0.13%,Health Care,1.593,16.92,$13.35,769.98,496.61,555.83,568.39,641.53,2.0,0.22,0.5,"719,671",100041.35,566050.73,554984.94,16.54,-5.75,-2.93,2.56,666.57,523.04,-523.04,-523.04,52.0,"43,109 M"
05/19/2026,1630,IEF,93.11,-0.39%,,.2638,0.57,<empty>,98.045,92.945,94.64,95.13,96.16,-7.0,0.0,-0.15,"10,069,810",200010.4,9498430.3,9790739.18,39.85,-2.75,-1.5,-1.22,98.56,94.04,98.56,96.17,NaN,"47,114 M"
05/19/2026,1630,IFF,71.99,-2.32%,Materials,.9901,4.14,$1.55,84.45,59.14,73.88,72.25,68.92,-7.0,-0.53,-0.47,"2,454,208",100334.1,1758248.12,1745750.13,74.84,5.67,1.72,-5.39,84.09,65.42,84.09,84.09,53.0,"18,379 M"
05/19/2026,1630,IGLB,48.61,-0.61%,,.6328,0.36,<empty>,52.5999,47.36,49.61,49.66,50.7,-6.0,-0.36,-0.35,"1,329,753",-200112.47,1857069.22,1886722.2,-39.31,-2.55,-2.0,-1.86,52.56,49.36,52.56,50.17,NaN,"2,557 M"
05/19/2026,1630,IGSB,52.17,-0.15%,,.1234,0.1,<empty>,53.25,52.12,52.45,52.49,52.84,-4.0,-0.35,-0.36,"3,172,087",100003.14,3917930.41,3679400.91,-5.32,-0.7,-0.36,-0.34,53.56,52.36,53.56,53.17,NaN,"21,922 M"
05/19/2026,1630,IIGD,24.34,-0.22%,,.1431,0.08,<empty>,25.08,24.3,24.57,24.61,24.79,-7.0,-0.33,-0.17,635,100000.05,6731.34,6616.27,-94.62,-1.38,-0.92,-0.9,25.61,24.36,25.61,25.17,NaN,30 M
05/19/2026,1630,IJT,157.42,-0.88%,,1.071,2.02,<empty>,164.8499,125.24,160.82,153.32,145.98,-9.0,-0.62,-0.07,"221,303",-100019.02,132658.2,126310.09,237.5,9.27,-3.86,-2.5,165.09,139.35,165.09,165.09,NaN,"7,210 M"
05/19/2026,1630,ILMN,141.68,+0.12%,Health Care,1.486,4.55,$6.35,155.529,78.55,136.3,129.66,120.39,-5.0,-0.84,-0.71,"1,537,522",100545.57,1554404.74,1679028.45,-11.69,11.92,1.88,-1.09,145.06,115.47,-115.47,150.03,50.0,"21,436 M"
05/19/2026,1630,INDA,47.27,-1.19%,,.4613,0.87,<empty>,56.01,45.2118,48.9,48.5,52.02,-3.0,-0.6,-0.15,"5,910,325",100120.55,8293662.06,8803080.8,54.74,-0.53,-3.84,-2.25,53.61,45.35,-45.35,50.08,NaN,"6,601 M"
05/19/2026,1630,INDY,41.75,-1.32%,,.4599,0.74,<empty>,54.87,40.8201,43.18,43.27,48.85,-1.0,-0.58,-0.41,"106,106",-100042.06,155388.48,154425.57,-11.46,-2.43,-3.69,-2.2,48.61,41.35,-41.35,44.08,NaN,553 M
05/19/2026,1630,INFL,53.14,+0.02%,,.7152,0.36,<empty>,55.17,40.94,53.06,52.64,47.35,2.0,-0.2,0.51,"274,495",-100020.04,288650.37,279231.47,196.5,3.24,0.43,0.0,55.55,50.41,-50.41,54.05,NaN,"1,598 M"
05/19/2026,1630,INMD,13.97,-0.92%,Health Care,2.024,0.25,$1.35,16.74,12.72,14.12,13.89,14.46,6.0,-0.52,0.31,"760,698",100129.1,902729.34,907889.94,95.38,1.31,-2.99,-0.57,15.61,13.47,-13.47,-13.09,50.0,849 M
05/19/2026,1630,INTC,110.80,+2.43%,Information Technology,1.92,9.98,($0.66),132.75,18.965,101.92,72.1,45.69,-6.0,-0.77,0.0,"150,234,892",501298.08,1.2566122183E8,1.1517872255E8,-36.09,139.93,2.45,-4.43,133.06,41.35,133.06,133.06,45.0,"556,881 M"
05/19/2026,1630,INVH,28.66,-0.31%,Real Estate,.8438,0.24,$1.96,34.44,24.25,28.26,26.61,27.75,2.0,-0.8,0.18,"5,727,157",0.0,6045795.78,6388144.45,-13.77,14.64,0.03,0.63,29.13,24.41,29.13,29.13,49.0,"17,025 M"
05/19/2026,1630,IONQ,48.44,-1.76%,Information Technology,2.91,4.12,($1.35),84.64,25.89,48.62,39.51,47.08,-3.0,-0.86,-0.28,"22,196,997",300118.24,2.904136116E7,2.797545632E7,-9.75,51.85,0.92,-15.71,59.06,26.35,59.05,59.05,54.0,"18,081 M"
05/19/2026,1630,IPO,49.30,+0.67%,,1.33,0.99,<empty>,54.68,39.305,49.54,46.25,47.22,-3.0,-0.72,-0.23,"15,767",-300336.21,24385.1,24012.6,39.44,13.39,-3.73,-2.34,52.09,39.35,52.09,52.09,NaN,143 M
05/19/2026,1630,IRM,123.52,-0.35%,Real Estate,1.219,2.5,($2.64),134.09,77.77,123.63,113.63,99.89,-9.0,-0.79,-0.14,"964,737",100839.14,1554704.75,1591894.41,-47.81,17.71,-6.21,-3.31,134.09,97.35,134.09,134.09,53.0,"36,750 M"
05/19/2026,1630,IRT,16.50,+1.48%,Real Estate,1.001,0.13,$0.59,19.48,14.6,16.23,15.77,16.57,1.0,0.87,0.33,"2,300,677",0.0,2328252.56,2525851.03,-7.25,6.18,0.0,1.54,17.57,15.32,-15.32,17.09,49.0,"3,889 M"
05/19/2026,1630,ITA,218.32,-0.87%,,.7277,3.95,<empty>,250.65,168.4401,219.54,224.41,217.17,-4.0,-0.32,-0.59,"988,415",-100228.48,1150361.91,1182788.49,-39.65,-3.96,1.37,-2.74,251.55,209.35,-209.35,227.06,NaN,"13,394 M"
05/19/2026,1630,ITB,86.23,-1.46%,,1.303,3.11,<empty>,118.0,84.98,93.47,93.18,101.89,-1.0,-0.31,-0.27,"2,737,764",0.0,2293083.38,2321497.02,47.85,-4.87,-7.09,-3.59,113.61,88.41,113.61,101.17,NaN,"2,216 M"
05/19/2026,1630,ITW,247.37,-0.84%,Industrials,1.047,3.69,$9.44,303.155,238.82,257.64,262.38,260.91,2.0,-0.05,0.42,"1,818,361",200329.14,1299534.36,1327752.38,9.66,-5.08,-2.82,-1.36,298.6,247.13,298.6,273.16,49.0,"71,168 M"
05/19/2026,1630,IVOL,18.00,-0.11%,,.0292,0.15,<empty>,20.255,17.865,18.27,18.49,19.09,2.0,0.0,0.09,"267,529",-100135.3,329538.68,292003.36,258.37,-3.33,-1.93,-0.22,19.56,18.04,19.56,19.16,NaN,329 M
05/19/2026,1630,IWC,176.56,-1.11%,,1.098,3.51,<empty>,189.5,115.75,182.02,172.1,159.69,-6.0,-0.69,0.0,"119,856",-200325.09,144413.29,130176.37,-42.3,10.43,-5.07,-5.52,190.06,153.35,190.06,190.06,NaN,"1,333 M"
05/19/2026,1630,IWF,123.07,-0.83%,,.142,1.92,<empty>,126.045,97.075,121.63,115.01,115.8,-3.0,-0.94,-0.26,"4,730,778",-100128.48,8761919.56,1.089318212E7,-9.68,13.06,2.21,-2.24,124.06,102.35,-102.35,126.03,NaN,"127,599 M"
05/19/2026,1630,IWM,273.00,-1.08%,,1.114,3.84,<empty>,287.58,199.65,279.21,264.72,251.62,-9.0,-0.71,-0.01,"30,276,939",100034.41,3.636163882E7,3.843707986E7,2.88,10.25,-3.38,-4.03,288.08,239.35,288.08,288.08,NaN,"74,597 M"
05/19/2026,1630,IWN,204.23,-0.90%,,1.031,2.34,<empty>,213.19,146.9,208.08,199.21,186.48,-7.0,-0.68,-0.13,"777,595",100226.33,820447.82,778270.67,-2.5,9.38,-2.57,-2.74,213.08,182.41,213.08,213.08,NaN,"13,285 M"
05/19/2026,1630,IWO,353.23,-1.22%,,1.192,5.97,<empty>,375.695,262.24,362.56,340.56,328.48,-6.0,-0.73,-0.03,"492,321",0.0,438178.47,454473.22,40.66,11.15,-4.07,-5.11,376.08,300.35,376.08,376.08,NaN,"13,723 M"
05/19/2026,1630,J,112.89,-0.63%,Industrials,.7252,8.66,$4.07,168.44,105.68,122.06,125.74,139.68,4.0,-0.18,0.33,"1,022,981",100435.04,1132112.92,1060870.51,83.14,-11.82,-17.33,0.12,143.62,106.04,-106.04,-106.04,53.0,"13,330 M"
05/19/2026,1630,JACK,11.44,+6.12%,Consumer Discretionary,1.496,1.08,$0.57,25.34,8.915,12.65,11.98,17.13,1.0,-0.57,0.26,"843,234",-101991.04,901123.06,897665.88,30.6,2.23,-10.9,4.19,22.62,9.34,-9.34,-10.02,54.0,218 M
05/19/2026,1630,JBHT,256.53,-1.89%,Industrials,1.285,8.26,$10.78,264.22,130.12,248.13,228.88,189.56,4.0,0.76,0.58,"883,529",300441.03,978275.58,945816.4,5.89,28.14,5.55,0.73,256.2,194.44,-194.44,-231.05,38.0,"24,191 M"
05/19/2026,1630,JBLU,4.38,-4.37%,Industrials,1.776,0.21,($3.18),6.5,3.84,4.88,4.75,4.88,-3.0,-0.41,-0.34,"18,277,045",201190.39,2.882010519E7,2.658950438E7,-0.31,6.57,-9.5,-10.25,6.62,4.42,-4.42,5.17,48.0,"1,629 M"
05/19/2026,1630,JBSAY,14.44,0.00%,Consumer Staples,.1408,0.42,<empty>,15.67,13.01,14.36,14.79,12.75,4.0,0.12,0.37,<empty>,-400000.03,264987.4,239337.09,-42.94,2.12,0.77,3.81,16.13,13.03,16.13,-13.03,NaN,"32,030 M"
05/19/2026,1630,JETS,24.81,-2.90%,,1.167,0.8,<empty>,31.33,21.0312,25.97,25.61,26.41,-7.0,-0.53,-0.36,"3,091,805",-100157.5,4856011.18,4882102.45,-44.27,0.49,-4.8,-5.38,30.62,24.35,-24.35,28.08,NaN,705 M
05/19/2026,1630,JNJ,230.00,+0.47%,Health Care,.2665,3.23,$7.23,251.71,149.04,226.63,234.03,209.83,2.0,0.2,0.87,"9,677,943",-100131.42,7759487.85,7980944.84,36.87,-3.2,1.97,-0.35,252.55,220.06,-220.06,232.02,38.0,"553,660 M"
05/19/2026,1630,JNK,95.54,-0.24%,,.4183,0.33,<empty>,98.24,94.485,96.37,96.1,96.99,-6.0,-0.5,-0.15,"2,057,080",-100110.42,5478242.95,5629214.03,-33.9,-0.26,-0.71,-0.6,98.61,94.36,-94.36,97.16,NaN,"7,555 M"
05/19/2026,1630,JOBY,10.00,-3.38%,Industrials,2.489,0.75,($0.76),20.95,6.42,9.69,9.27,13.1,-4.0,-0.96,-0.72,"24,612,334",101981.1,2.653535869E7,2.613161614E7,-31.84,3.2,15.21,-6.02,11.06,8.35,11.04,11.04,54.0,"9,836 M"
05/19/2026,1630,JOE,63.15,-1.83%,Real Estate,1.338,1.06,$3.45,73.54,42.65,66.07,66.35,59.98,-1.0,-0.26,-0.54,"124,184",-200139.11,259776.89,250532.36,-23.03,-8.21,-2.85,-1.68,74.53,60.36,-60.36,-61.12,44.0,"3,625 M"
05/19/2026,1630,JOET,42.4531,-0.86%,,1.033,0.33,<empty>,43.735,38.34,42.99,41.77,42.19,-3.0,-0.79,-0.18,"10,490",-100022.13,23419.83,24217.92,-45.61,5.47,-1.36,-2.56,44.08,39.35,44.08,44.08,NaN,227 M
05/19/2026,1630,JPM,295.70,-1.67%,Financials,1.012,5.89,($39.16),337.25,256.0001,306.53,300.61,305.38,-1.0,-0.4,-0.25,"8,066,927",-100139.42,9128215.3,9432770.27,0.44,2.68,-4.43,-1.4,320.2,279.47,320.2,316.08,37.0,"792,332 M"
05/19/2026,1630,JPXN,97.36,-0.87%,,.5511,1.78,<empty>,101.215,76.19,96.99,94.38,89.94,-4.0,-0.64,-0.55,"7,137",300200.51,28522.25,56201.94,36.97,7.07,1.37,-2.6,100.56,88.41,101.04,101.04,NaN,131 M
05/19/2026,1630,JYNT,8.72,-0.11%,Health Care,1.132,0.22,$0.18,13.4692,7.5,8.72,8.67,9.13,2.0,0.28,0.49,"48,737",200000.06,65834.65,65234.87,9.78,6.73,0.93,6.21,9.46,8.41,-8.41,-8.03,55.0,124 M
05/19/2026,1630,K,83.44,0.00%,Consumer Staples,.2238,0.18,$1.73,83.65,76.48,83.36,83.14,81.46,4.0,0.56,0.31,<empty>,-100010.01,3364959.52,3435920.58,1730.15,0.7,-0.06,0.36,84.1,76.54,84.1,-83.07,38.0,"29,031 M"
05/19/2026,1630,KBA,33.2697,-0.60%,,.3685,0.57,<empty>,35.309,23.44,33.63,31.9,30.37,-4.0,-0.73,0.0,"366,526",-100022.01,83377.47,89667.45,260.91,10.42,-1.01,-3.29,35.06,29.39,35.04,35.04,NaN,193 M
05/19/2026,1630,KBWP,121.32,-0.24%,,.439,1.34,<empty>,129.0,114.62,119.49,120.05,121.93,4.0,0.39,0.76,"9,020",0.0,13638.02,13902.99,-39.04,2.06,2.21,3.03,128.55,116.04,-116.04,-116.04,NaN,254 M
05/19/2026,1630,KCE,149.61,-1.76%,,1.245,1.22,<empty>,162.25,132.3,151.82,145.11,149.47,-3.0,-0.72,-0.26,"7,724",100125.45,19614.36,20147.03,-26.44,9.4,-1.6,-2.93,156.2,132.36,156.2,155.03,NaN,445 M
05/19/2026,1630,KDP,28.85,-1.97%,Consumer Staples,1,0.28,$1.16,35.935,24.875,28.79,27.42,28.22,-1.0,-0.9,-0.45,"12,356,571",-100326.17,1.093269228E7,1.094500733E7,-19.31,6.26,-0.24,-0.86,32.59,25.31,-25.31,30.04,45.0,"39,252 M"
05/19/2026,1630,KEMX,47.0574,-1.31%,,.8777,1.24,<empty>,50.1787,29.92,47.53,44.21,38.98,-6.0,-0.76,-0.27,"7,088",100338.43,25414.31,25932.25,-53.91,13.86,-1.71,-5.42,50.06,39.35,50.06,50.06,NaN,122 M
05/19/2026,1630,KHC,23.28,-0.30%,Consumer Staples,1,0.44,$3.33,29.19,21.035,22.8,22.56,24.52,-7.0,-0.97,-0.64,"13,737,202",-100032.1,1.520959899E7,1.522505373E7,3.09,6.99,3.28,-0.13,25.59,21.39,-21.39,24.07,49.0,"27,605 M"
05/19/2026,1630,KLAC,1740.58,-0.90%,Information Technology,1.465,55.98,$30.49,1939.36,740.44,1807.99,1667.62,1313.98,-3.0,-0.35,-0.31,"1,117,292",100451.14,991862.81,974707.09,2.31,15.15,0.44,-8.05,1939.17,1321.5,1939.17,-1646.13,50.0,"227,368 M"
05/19/2026,1630,KMX,36.27,-2.11%,Consumer Discretionary,1.217,1.25,$8.44,71.99,30.26,38.3,40.63,44.76,-3.0,-0.28,-0.36,"2,739,974",-100648.26,3324717.22,3284579.0,28.47,-14.42,-2.63,-4.78,49.26,36.04,49.26,40.06,20.0,"5,144 M"
05/19/2026,1630,KNX,68.37,-1.30%,Industrials,1.142,3.12,$3.05,69.99,38.625,64.46,60.53,51.9,4.0,0.81,0.8,"3,306,351",301342.04,3648348.36,3483848.67,1.85,28.11,10.95,0.5,68.18,52.44,-52.44,-59.05,44.0,"11,110 M"
05/19/2026,1630,KO,81.92,+0.89%,Consumer Staples,.3652,1.18,$2.92,82.6635,65.3538,78.68,77.22,72.58,6.0,0.67,0.74,"16,595,249",-200122.16,1.454666288E7,1.54014312E7,-9.29,8.43,4.38,1.83,82.56,74.38,-74.38,-75.16,43.0,"352,459 M"
05/19/2026,1630,KR,70.60,+3.34%,Consumer Staples,.4712,1.5,$5.30,76.58,58.6,67.0,69.65,67.23,5.0,0.25,0.82,"7,840,256",-100130.42,5580146.34,5896292.12,37.08,-4.28,5.5,5.7,77.47,64.05,-64.05,-64.05,22.0,"43,529 M"
05/19/2026,1630,KRE,67.56,-0.53%,,.8465,1.18,<empty>,74.08,55.37,69.04,67.22,65.44,2.0,-0.47,0.24,"12,121,186",-100335.57,1.575342461E7,1.75705314E7,11.01,6.92,-3.38,-0.27,72.6,62.42,-62.42,-66.02,NaN,"3,365 M"
05/19/2026,1630,KSA,38.49,+0.34%,,.3041,0.31,<empty>,41.5,35.81,38.81,38.86,38.5,2.0,-0.37,0.4,"439,294",100027.55,641447.3,798290.15,-15.19,2.37,0.08,-0.1,41.22,36.54,41.22,39.12,NaN,701 M
05/19/2026,1630,KSS,11.74,+0.17%,Consumer Discretionary,1.503,1.17,$9.00,25.22,7.47,13.74,13.49,16.53,2.0,-0.26,0.15,"4,075,082",-100269.42,5033967.11,4934229.26,9.83,-8.64,-17.61,-1.59,20.61,12.03,20.61,16.15,6.0,"1,318 M"
05/19/2026,1630,KVUE,17.15,-0.17%,Consumer Staples,.229,0.21,$0.95,24.355,14.02,17.38,17.42,17.65,-5.0,-0.27,-0.51,"18,907,940",0.0,1.956715084E7,2.283017609E7,42.7,-1.61,-1.27,-0.23,19.56,17.3,-17.3,-17.02,54.0,"32,928 M"
05/19/2026,1630,KW,11.00,-0.27%,Real Estate,.9141,0.05,($0.49),11.085,5.98,10.95,10.91,9.6,-2.0,-0.07,-0.36,"884,816",0.0,1003277.13,1336115.84,9.77,1.38,0.73,-0.09,11.08,11.34,11.08,11.08,54.0,"1,532 M"
05/19/2026,1630,KWEB,28.28,+0.78%,,.3026,0.69,<empty>,43.365,27.62,28.88,29.05,35.18,-4.0,-0.83,-0.28,"27,709,573",-100138.04,2.708417775E7,2.674625917E7,40.81,-2.78,-0.88,-3.15,33.61,28.34,-28.34,31.04,NaN,"7,228 M"
05/19/2026,1630,LAMR,149.41,+1.30%,Real Estate,1.198,5.65,$7.25,158.6899,113.05,142.53,135.43,128.98,-7.0,0.9,-0.47,"664,575",-200125.05,641738.25,647962.7,40.03,17.27,7.86,1.36,159.07,122.34,159.07,159.07,55.0,"15,161 M"
05/19/2026,1630,LCID,5.61,-2.09%,Consumer Discretionary,.8314,0.28,($14.63),33.7,5.59,6.18,8.06,13.81,-3.0,-0.69,-0.58,"11,732,604",-701021.19,1.496207636E7,1.322081228E7,-30.89,-45.53,-10.24,-10.53,11.49,6.14,11.49,7.11,53.0,"2,189 M"
05/19/2026,1630,LEVI,20.78,-0.86%,Consumer Discretionary,1.315,0.69,$1.20,24.82,16.5,22.05,20.76,21.33,-7.0,-0.43,-0.16,"2,236,551",-100438.3,2977345.39,2839969.7,-36.18,13.37,-6.82,-2.94,24.2,18.41,24.2,23.08,24.0,"7,992 M"
05/19/2026,1630,LFMD,4.30,+1.42%,Health Care,1.798,0.34,($0.10),15.84,2.56,4.62,4.19,4.69,1.0,-0.69,0.01,"651,428",402616.22,1314005.34,1221825.56,14.99,5.13,-16.18,-3.37,5.09,3.59,5.09,5.09,54.0,208 M
05/19/2026,1630,LFST,7.73,-0.90%,Health Care,1.328,0.38,$0.37,8.89,3.74,7.59,6.94,6.33,-4.0,-0.87,-0.35,"3,430,552",-100411.08,4225624.63,4078904.71,-35.0,19.66,5.31,-2.03,9.08,6.46,9.08,9.08,54.0,"2,952 M"
05/19/2026,1630,LH,253.69,-0.74%,Health Care,.9169,2.0,$16.70,293.72,239.75,257.7,263.76,268.56,2.0,0.04,0.54,"528,765",-200330.14,639475.58,634900.97,-56.25,-3.94,-1.34,-0.13,291.56,249.1,-249.1,-249.1,45.0,"20,803 M"
05/19/2026,1630,LI,16.18,-3.06%,Consumer Discretionary,.5252,0.96,($1.82),32.025,15.71,18.08,18.06,19.81,-3.0,-0.63,-0.1,"8,395,037",100255.01,3540179.47,3292467.7,230.02,-5.38,-9.0,-16.04,20.27,17.42,20.04,20.04,6.0,"16,503 M"
05/19/2026,1630,LII,482.69,-3.73%,Industrials,1.217,14.7,$18.86,689.44,434.06,510.66,491.54,518.16,-9.0,-0.64,-0.27,"350,870",100142.14,456788.91,456811.37,-66.32,1.15,-7.57,-6.16,574.56,434.36,-434.36,551.08,49.0,"16,798 M"
05/19/2026,1630,LIN,506.07,-0.94%,,.7387,6.37,<empty>,521.28,387.78,504.34,498.17,463.97,-1.0,-0.5,-0.57,"2,104,892",-100127.42,2236493.93,2378070.57,46.17,3.32,1.16,-1.09,521.12,471.48,521.12,-490.1,51.0,"233,980 M"
05/19/2026,1630,LIT,81.78,-1.51%,,1.025,2.9,<empty>,91.98,35.62,86.73,79.4,65.69,-6.0,-0.5,0.0,"456,820",300136.06,392399.26,387170.7,172.6,18.97,-7.54,-5.95,92.06,67.41,92.06,92.06,NaN,"2,095 M"
05/19/2026,1630,LLY,1021.41,+3.37%,Health Care,.4873,24.18,$11.81,1133.95,623.78,953.77,940.39,924.03,1.0,0.56,0.82,"3,796,015",200438.14,3091487.17,3083774.4,-2.78,11.33,3.29,1.46,1064.6,851.14,-851.14,1023.04,53.0,"910,834 M"
05/19/2026,1630,LMND,53.97,-0.94%,Financials,1.747,1.54,$0.26,99.9,28.71,57.52,60.12,63.71,2.0,0.44,0.49,"1,304,057",100781.45,1820421.55,2176834.23,-74.18,-16.38,-5.6,0.35,75.62,48.59,-48.59,-51.02,53.0,"4,146 M"
05/19/2026,1630,LMT,526.63,-0.32%,Industrials,.0857,6.0,$24.45,692.0,410.11,518.48,580.44,529.4,16.0,0.22,0.84,"1,107,577",-100135.42,1485146.23,1555357.06,-31.6,-17.39,3.48,1.2,692.55,500.09,-500.09,-500.09,43.0,"121,422 M"
05/19/2026,1630,LNG,246.77,-0.39%,Energy,.0564,13.25,$10.16,300.89,186.2001,255.29,264.11,230.16,4.0,0.04,0.47,"2,224,289",-100147.42,3108916.21,3130563.65,-32.69,-12.45,-8.44,2.36,301.35,216.57,301.35,-236.08,54.0,"51,711 M"
05/19/2026,1630,LOGI,103.66,-1.47%,Information Technology,1.08,2.64,$6.65,123.01,81.98,101.34,96.51,102.22,-1.0,-0.89,-0.56,"692,489",100237.1,1042069.02,1025712.02,-14.54,13.02,-1.67,2.68,110.06,87.41,110.06,110.06,53.0,"14,875 M"
05/19/2026,1630,LOTMY,29.7000,-1.18%,Consumer Discretionary,.7659,1.2,<empty>,33.1,21.65,30.34,29.97,26.66,-7.0,-0.34,-0.23,"12,651",-100100.2,20811.48,20398.17,-56.55,2.47,3.36,-2.72,33.22,23.6,33.22,33.08,NaN,"6,979 M"
05/19/2026,1630,LOW,218.37,+0.16%,Consumer Discretionary,.8882,6.15,$13.69,293.06,210.33,230.83,236.13,249.28,2.0,-0.23,0.34,"3,343,884",-100128.59,2621099.13,2698836.11,4.32,-4.94,-3.05,-2.34,284.61,218.04,284.61,247.17,1.0,"122,301 M"
05/19/2026,1630,LQD,107.12,-0.50%,,.4439,0.56,<empty>,112.93,105.39,108.75,108.92,110.42,-6.0,-0.32,-0.33,"36,965,511",-400009.46,3.81999913E7,3.975037684E7,69.56,-1.9,-1.41,-1.32,112.56,107.36,112.56,110.17,NaN,"27,573 M"
05/19/2026,1630,LRCX,273.38,-1.65%,Information Technology,1.815,14.7,$4.76,302.0,79.49,274.7,250.69,185.48,-6.0,-0.68,-0.33,"8,308,623",-100371.42,9735923.21,9884174.62,-13.32,16.83,-0.88,-8.61,300.06,194.5,-194.5,302.03,49.0,"341,881 M"
05/19/2026,1630,LUV,37.35,-2.63%,Industrials,1.145,1.26,($0.73),55.11,28.975,39.07,39.54,38.14,-7.0,-0.35,-0.52,"4,766,771",0.0,7696320.18,8415245.13,-30.2,-8.61,-5.94,-5.03,55.62,36.32,-36.32,42.08,44.0,"18,256 M"
05/19/2026,1630,LUXE,6.87,-11.81%,Consumer Discretionary,1.152,0.66,($0.33),11.38,6.54,8.51,8.4,8.69,-1.0,0.0,-0.02,"1,848,417",-100679.01,235664.49,252026.28,1523.08,-14.66,-24.67,-11.13,10.58,8.32,10.58,9.1,0.0,943 M
05/19/2026,1630,LVS,49.92,-0.54%,Consumer Discretionary,.8223,1.38,$3.30,70.4545,39.29,52.69,53.74,57.19,-2.0,-0.22,-0.4,"5,103,908",100139.19,4229373.25,4242298.02,6.91,-7.64,-4.48,-1.44,59.62,50.18,59.62,55.13,44.0,"33,079 M"
05/19/2026,1630,LW,42.19,-3.34%,Consumer Staples,.4554,1.02,$4.54,67.07,37.62,42.95,42.26,51.04,-1.0,-0.8,-0.67,"1,464,915",-100266.42,2991023.96,2755503.7,18.21,3.81,-0.66,-0.33,49.61,38.32,-38.32,-40.06,44.0,"5,825 M"
05/19/2026,1630,LYB,73.04,-1.47%,Materials,.4003,1.56,$2.82,83.94,41.58,73.28,73.9,55.98,-2.0,-0.17,-0.58,"2,850,143",-100261.42,7567799.79,7900553.61,-64.25,-2.05,-6.07,-0.31,84.34,54.61,84.34,78.1,51.0,"23,576 M"
05/19/2026,1630,LYFT,13.18,-1.42%,Industrials,2,0.47,$2.77,25.54,12.46,13.96,13.72,17.38,2.0,-0.7,0.41,"15,149,661",100262.42,1.591584991E7,1.619348006E7,20.58,-1.49,-6.46,1.0,15.22,12.35,15.22,-13.02,54.0,"5,004 M"
05/19/2026,1630,LYV,163.01,-2.67%,Communication Services,1.136,4.4,$5.19,175.25,125.34,161.16,158.53,152.88,-3.0,-0.86,-0.58,"2,494,117",100434.1,2831789.71,3071341.51,71.44,5.72,3.66,-4.11,170.09,144.36,-144.36,173.03,55.0,"37,935 M"
05/19/2026,1630,M,19.05,+2.86%,Consumer Discretionary,2.452,0.5,$2.55,24.41,10.54,19.27,18.69,19.06,3.0,0.45,0.43,"6,462,942",-100154.42,6499979.83,6891021.58,72.41,5.54,-1.19,4.04,23.61,17.42,-17.42,-18.02,10.0,"5,025 M"
05/19/2026,1630,MA,499.70,-1.20%,Financials,.7508,4.84,$18.98,601.77,480.5,501.12,502.24,544.46,3.0,0.46,0.62,"3,378,299",-200025.14,3502446.23,3620950.11,-42.51,1.74,0.53,1.99,534.14,481.36,534.14,-488.03,50.0,"441,527 M"
05/19/2026,1630,MAC,21.93,+0.27%,Real Estate,2.093,0.3,$1.22,22.555,14.82,21.71,20.57,18.68,-3.0,-0.56,-0.26,"3,310,650",100129.04,2696294.99,2613873.07,37.41,16.71,2.0,-1.84,23.22,18.5,23.22,22.09,57.0,"6,216 M"
05/19/2026,1630,MAR,358.69,-0.14%,Consumer Discretionary,1.101,3.9,$9.16,380.0,253.555,356.82,345.54,306.61,5.0,0.32,0.39,"1,656,031",-100138.42,1433299.92,1523038.76,32.5,10.4,1.18,1.48,380.2,311.5,380.2,-345.11,53.0,"94,582 M"
05/19/2026,1630,MARA,12.44,+2.13%,Information Technology,4.865,0.54,($3.68),23.45,6.66,12.18,10.45,12.74,-3.0,-0.93,-0.31,"35,290,905",200905.14,4.58647699E7,4.673406876E7,2.09,34.92,2.3,-6.4,14.06,7.62,14.06,14.06,48.0,"4,743 M"
05/19/2026,1630,MCD,280.80,-0.59%,Consumer Discretionary,.4166,5.53,$9.88,341.75,271.975,285.37,301.05,308.3,6.0,0.11,0.74,"4,087,481",-400022.07,3476596.81,3475677.46,17.02,-9.3,-1.53,2.12,342.55,272.06,-272.06,-272.06,54.0,"199,510 M"
05/19/2026,1630,MCHP,91.81,-1.02%,Information Technology,1.668,3.27,$1.37,105.91,48.52,93.85,78.34,69.53,-9.0,-0.72,-0.06,"7,350,438",100152.07,9913471.46,9558450.62,-43.03,45.06,-6.77,-5.39,106.07,59.35,106.07,106.07,55.0,"49,682 M"
05/19/2026,1630,MCK,761.89,-1.81%,Health Care,.3343,30.7,$43.77,999.0,637.0,784.73,844.54,815.68,6.0,0.12,0.52,"1,264,563",-100028.08,934261.02,888732.55,59.81,-15.25,-4.88,1.96,999.54,724.06,-724.06,-724.06,54.0,"91,582 M"
05/19/2026,1630,MCO,434.49,-2.01%,Financials,1.354,9.58,$15.41,546.88,402.28,450.53,443.89,479.9,2.0,-0.61,0.51,"1,316,429",0.0,1136040.99,1247239.92,21.79,-0.3,-4.41,0.42,484.56,422.47,-422.47,-426.02,45.0,"75,895 M"
05/19/2026,1630,MCW,7.10,0.00%,Consumer Discretionary,1.283,0.03,$0.09,7.64,4.61,7.06,7.01,5.98,5.0,0.2,0.41,<empty>,-100000.01,3447986.43,3995428.99,1943.95,2.01,1.0,0.28,7.11,7.62,7.11,7.11,55.0,"2,335 M"
05/19/2026,1630,MDB,334.68,+1.42%,Information Technology,1.657,25.17,$6.16,444.72,182.43,282.61,265.1,320.98,2.0,0.9,0.88,"1,880,351",200766.55,1594655.78,1934971.55,120.64,23.88,25.5,10.42,364.62,216.27,-216.27,-241.17,6.0,"26,898 M"
05/19/2026,1630,MDLZ,61.29,-0.57%,Consumer Staples,.4011,0.33,$2.00,71.15,51.2008,60.38,58.47,58.95,-1.0,-0.75,-0.53,"6,717,187",-100031.42,8795517.81,9004736.4,-53.97,8.5,-0.11,0.52,62.12,54.47,-54.47,-57.17,48.0,"78,675 M"
05/19/2026,1630,MELI,1594.86,+0.56%,Consumer Discretionary,1.345,125.28,$234.59,2645.22,1495.0,1727.7,1730.78,2050.04,2.0,-0.23,0.19,"558,157",-200541.07,550092.07,597649.2,23.81,-4.32,-12.24,-0.78,2025.62,1495.04,-1495.04,-1495.04,54.0,"80,855 M"
05/19/2026,1630,META,602.61,-1.41%,Communication Services,1.239,5.65,$19.13,796.25,520.26,628.41,620.3,671.87,-1.0,-0.45,-0.31,"11,749,947",-100136.14,1.621679647E7,1.529690093E7,-37.99,-0.67,-0.39,-2.56,692.22,520.36,692.22,-593.05,49.0,"1,529,679 M"
05/19/2026,1630,MGM,36.02,-2.88%,Consumer Discretionary,1.269,0.82,$5.81,40.94,29.185,38.22,37.53,35.6,-1.0,-0.16,-0.14,"4,943,886",-100450.42,4601954.03,4721603.36,-25.92,-3.02,-4.99,-2.15,41.16,33.5,41.16,41.16,49.0,"9,216 M"
05/19/2026,1630,MGPI,17.80,-2.57%,Consumer Staples,.5024,0.7,$2.46,33.378,16.45,19.2,18.78,23.61,-1.0,-0.66,-0.55,"128,454",-100640.59,239386.54,290390.26,-75.83,4.46,-10.87,-2.36,26.6,16.41,-16.41,-17.14,50.0,380 M
05/19/2026,1630,MICC,15.49,-1.59%,Consumer Staples,.6626,0.5,$0.24,19.93,12.94,14.55,14.65,NaN,-2.0,NaN,NaN,"1,261,311",-100267.03,1631022.76,1597627.03,-28.56,2.51,2.65,3.13,17.61,13.14,-13.14,17.02,NaN,"9,484 M"
05/19/2026,1630,MKOR,58.33,-2.07%,,1.522,2.66,<empty>,65.47,23.0054,59.04,51.74,39.13,-6.0,-0.71,-0.2,"19,512",-100200.06,26021.64,31237.97,25.72,23.37,-3.48,-8.47,65.06,41.35,65.06,65.06,NaN,134 M
05/19/2026,1630,MLCO,5.44,-1.63%,Consumer Discretionary,.5658,0.11,$1.20,10.15,5.22,5.53,5.61,7.41,-1.0,-0.67,-0.65,"1,738,595",-100052.07,1631889.06,1825296.48,66.04,-1.09,1.49,-0.73,6.54,5.07,-5.07,-5.07,50.0,"2,112 M"
05/19/2026,1630,MLM,532.65,-4.16%,Materials,1.113,24.54,$17.13,710.97,525.38,594.85,596.38,621.88,-9.0,-0.27,-0.17,"851,957",-200133.42,505828.48,528947.78,54.24,-6.14,-12.12,-7.4,702.58,555.42,702.58,629.14,54.0,"31,983 M"
05/19/2026,1630,MNDY,78.005,-0.04%,Information Technology,1.229,3.73,$6.00,316.98,57.5,71.64,70.26,135.26,2.0,1.0,0.67,"2,268,193",-101070.07,1718876.56,1906696.16,265.11,4.38,2.71,11.87,88.06,58.27,88.06,88.06,56.0,"3,991 M"
05/19/2026,1630,MNSO,14.11,-0.77%,Consumer Discretionary,-.0481,0.28,<empty>,26.74,13.98,14.6,15.63,19.55,-3.0,-0.36,-0.71,"379,760",0.0,410009.76,450269.84,76.88,-15.96,-3.55,-3.55,20.6,14.05,-14.05,-14.05,2.0,"4,274 M"
05/19/2026,1630,MNST,86.35,-2.47%,Consumer Staples,.5207,5.09,$2.10,88.77,58.09,80.67,77.08,73.33,-1.0,-1.0,-0.88,"4,725,159",100227.08,5182045.4,5662298.61,55.12,17.1,13.92,0.62,89.07,71.34,89.07,89.07,55.0,"84,451 M"
05/19/2026,1630,MO,74.00,+0.38%,Consumer Staples,.5468,2.07,$5.14,74.56,54.7,70.26,67.62,64.03,5.0,0.85,0.6,"6,179,986",-200227.14,9623291.09,9368883.02,-48.75,13.72,1.66,2.2,75.12,63.38,75.12,75.12,50.0,"123,572 M"
05/19/2026,1630,MOH,184.38,-0.27%,Health Care,.7354,4.32,$4.84,327.68,121.06,186.24,160.57,165.67,-13.0,-0.78,-0.48,"853,388",-100059.42,1548680.37,1543369.96,-51.24,29.65,-4.05,-1.3,201.08,131.35,201.08,201.08,44.0,"9,606 M"
05/19/2026,1630,MOO,81.02,-0.72%,,.3652,1.14,<empty>,86.5583,69.32,82.5,83.24,77.44,-1.0,0.0,-0.46,"328,028",-100103.08,486268.03,460542.01,48.52,-1.67,-4.19,-1.16,87.28,80.41,87.28,85.1,NaN,960 M
05/19/2026,1630,MOVE:GIF,85.3218,0.00%,,-4.574,6.31,<empty>,115.0172,55.7659,73.61,80.51,73.79,4.0,0.43,0.97,<empty>,NaN,NaN,NaN,NaN,-21.61,20.79,6.82,115.38,62.59,115.38,86.02,NaN,0
05/19/2026,1630,MP,54.93,-3.07%,Materials,1.893,4.7,($1.81),100.2505,18.64,64.36,59.14,63.15,-9.0,-0.46,0.0,"5,088,237",-200475.04,5979569.02,5855119.11,18.81,3.45,-19.29,-8.92,77.07,44.35,77.07,77.07,55.0,"9,779 M"
05/19/2026,1630,MPC,263.02,+1.34%,Energy,.5484,6.02,$18.98,263.495,154.65,244.46,237.06,197.99,3.0,0.77,0.69,"1,770,656",-200243.42,2505625.87,2572346.81,-34.08,11.55,0.96,5.71,262.1,190.56,-190.56,-219.17,53.0,"76,785 M"
05/19/2026,1630,MPLX,55.59,+0.27%,Energy,.4685,0.92,$3.83,59.98,47.8,55.41,56.39,53.79,2.0,0.22,0.66,"1,217,528",300224.04,2123424.96,1976926.78,-67.91,-4.62,-0.13,0.04,60.39,53.06,-53.06,-53.06,53.0,"56,409 M"
05/19/2026,1630,MPNGY,21.15,+1.81%,Consumer Discretionary,.0422,0.61,($0.64),37.88,18.56,21.32,21.19,24.6,-4.0,-0.75,-0.35,"196,449",100100.39,287141.64,331208.41,8.9,4.91,-0.42,-2.08,23.37,19.52,24.04,24.04,8.0,"65,294 M"
05/19/2026,1630,MRNA,45.72,-4.97%,Health Care,1.072,2.77,($4.10),59.55,22.28,49.36,51.07,36.75,-5.0,-0.12,-0.32,"5,455,571",-100993.07,7011880.5,7940084.38,-0.42,-12.7,-2.12,-8.61,60.53,44.12,-44.12,59.06,51.0,"18,141 M"
05/19/2026,1630,MRVL,176.27,+4.34%,Information Technology,2.193,6.18,$1.62,192.15,58.61,166.9,131.45,94.18,-3.0,-0.74,-0.02,"25,003,284",300663.34,2.496061239E7,2.425261697E7,21.09,96.88,4.46,-3.46,176.09,75.52,-75.52,192.03,5.0,"154,334 M"
05/19/2026,1630,MSFT,417.42,-1.44%,Information Technology,1.085,5.33,$9.81,555.45,356.28,417.34,399.52,462.05,4.0,-0.77,0.42,"33,018,678",-100131.14,3.366341414E7,3.413912481E7,-13.76,7.3,1.47,1.95,434.19,356.35,434.19,-398.13,49.0,"3,100,777 M"
05/19/2026,1630,MSGS,353.16,+0.38%,Communication Services,.5885,7.28,$2.20,360.45,186.0,339.6,328.57,262.81,5.0,0.47,0.56,"196,210",100235.35,237787.15,257368.45,-11.61,12.82,4.45,1.11,348.06,304.42,-304.42,-321.07,58.0,"8,503 M"
05/19/2026,1630,MSM,103.85,-0.77%,Industrials,.9885,1.83,$3.86,108.77,77.78,103.2,96.44,90.35,-6.0,-0.85,-0.24,"632,886",100333.17,677197.89,647338.31,-19.88,19.53,0.82,-2.78,108.06,85.41,-85.41,109.03,29.0,"5,798 M"
05/19/2026,1630,MSTR,164.63,-1.20%,Information Technology,3.319,9.0,($2.32),457.22,104.165,176.88,153.32,215.82,-6.0,-0.86,-0.13,"10,001,991",100889.23,1.837349853E7,1.879796575E7,-33.96,19.09,-11.92,-11.95,197.06,116.32,197.06,197.06,50.0,"57,803 M"
05/19/2026,1630,MTCH,35.35,-1.48%,Communication Services,1.414,1.13,$4.28,39.2,28.81,36.61,33.79,33.63,-1.0,-0.43,-0.03,"3,144,648",-100143.42,5249029.98,4914197.22,32.17,12.33,-6.11,-1.06,39.12,30.36,39.12,39.12,53.0,"8,246 M"
05/19/2026,1630,MTDR,61.71,+1.48%,Energy,.8318,2.97,$0.48,66.8387,37.14,59.97,59.7,48.67,6.0,0.16,0.74,"1,289,683",200150.23,1753774.6,1911609.3,-15.45,8.13,-1.94,6.51,67.35,48.58,67.35,-54.08,48.0,"7,663 M"
05/19/2026,1630,MTUM,292.59,-0.59%,,1.06,7.9,<empty>,307.96,223.47,290.73,267.62,255.3,-6.0,-0.83,-0.07,"1,384,840",-100231.02,888131.44,861266.93,78.24,18.52,0.51,-4.77,308.06,229.35,-229.35,308.03,NaN,"25,119 M"
05/19/2026,1630,MU,698.74,+2.52%,Information Technology,1.865,89.02,$9.16,818.67,90.93,629.79,498.65,312.96,-6.0,-0.85,-0.33,"61,792,066",-100206.06,4.848097798E7,4.468394039E7,70.47,57.28,9.14,-9.96,819.06,311.34,819.06,819.06,24.0,"787,993 M"
05/19/2026,1630,MUR,40.34,-0.25%,Energy,.578,1.57,$1.25,43.34,20.31,39.71,39.0,31.83,6.0,0.24,0.55,"1,215,460",200158.42,2382840.22,2364820.08,-19.59,5.88,-3.19,3.57,43.3,30.57,43.3,-36.08,54.0,"5,783 M"
05/19/2026,1630,MUSA,569.58,+0.75%,Consumer Discretionary,.3203,11.6,$29.30,609.8206,345.2301,563.49,516.49,423.61,-10.0,-0.73,-0.28,"189,750",101137.14,341633.06,350042.27,-61.53,18.6,-5.78,-1.15,610.09,379.56,610.09,610.09,49.0,"10,521 M"
05/19/2026,1630,MZTI,113.89,+0.81%,Consumer Staples,.3882,4.8,$9.04,190.96,111.04,119.86,133.29,160.61,6.0,0.11,0.73,"280,526",-200425.12,360134.49,322232.3,-3.95,-19.66,-4.06,-0.44,171.57,111.11,-111.11,-111.11,64.0,"3,123 M"
05/19/2026,1630,N225:JP,59804.73,-1.23%,,<empty>,1375.52,<empty>,63799.32,36855.83,60772.39,57013.14,50956.0,-5.0,-0.74,-0.2,<empty>,NaN,NaN,NaN,NaN,11.37,0.49,-2.61,63385.07,50559.33,63799.04,63799.04,NaN,0
05/19/2026,1630,NBIS,197.73,-1.07%,Information Technology,2.084,22.11,($12.74),233.7299,34.72,174.76,144.88,107.31,-2.0,-0.95,-0.56,"16,832,930",200312.05,1.849100463E7,1.702477525E7,12.5,62.71,12.4,-10.59,198.08,84.54,-84.54,234.03,54.0,"50,203 M"
05/19/2026,1630,NBIX,154.36,-1.81%,Health Care,.3595,10.39,$8.34,162.39,117.59,142.73,135.21,138.45,-4.0,-0.98,-0.66,"1,386,480",-200137.1,1163055.92,1144893.52,-18.86,19.01,14.29,-2.95,155.07,125.39,-125.39,162.03,49.0,"15,521 M"
05/19/2026,1630,NCLH,14.79,-3.08%,Consumer Discretionary,1.9,1.1,($2.10),27.1799,14.5301,17.15,18.7,21.65,-3.0,-0.08,-0.27,"21,102,115",-200260.12,2.22047526E7,2.267674428E7,3.17,-24.69,-12.69,-7.16,25.56,16.04,25.56,19.12,50.0,"6,790 M"
05/19/2026,1630,NEE,90.06,+1.15%,Utilities,.7195,2.36,($7.43),98.75,63.88,94.39,93.01,84.46,-3.0,-0.17,-0.01,"25,749,425",100127.01,9698177.56,1.009509231E7,183.22,-2.54,-6.46,-5.87,99.12,89.41,99.12,99.12,44.0,"187,830 M"
05/19/2026,1630,NEM,105.09,-4.33%,Materials,.449,4.75,$8.43,134.88,50.795,112.95,111.37,98.8,-4.0,-0.4,-0.37,"9,508,992",-100458.42,9261171.73,9405722.6,30.22,5.94,-3.6,-9.66,132.55,94.41,-94.41,121.06,45.0,"112,189 M"
05/19/2026,1630,NET,206.73,+2.47%,Information Technology,1.607,21.91,$0.80,260.0,154.9295,211.19,207.92,204.06,4.0,0.36,0.25,"3,576,679",-301070.08,4513224.87,4441911.31,52.25,-6.61,-15.42,3.46,259.08,159.6,259.08,-186.04,50.0,"73,072 M"
05/19/2026,1630,NFLX,89.33,-0.36%,Communication Services,1.673,2.13,$2.81,134.115,75.01,89.82,94.09,102.3,6.0,0.32,0.37,"34,545,729",200132.23,3.906418193E7,4.386985262E7,32.25,-2.63,1.64,2.75,109.23,75.6,109.23,-85.06,40.0,"376,151 M"
05/19/2026,1630,NIKL,14.67,-4.86%,,.9438,0.87,<empty>,21.855,10.08,17.0,16.64,15.67,-5.0,-0.26,-0.19,"249,384",0.0,169636.49,200437.15,107.67,-2.85,-12.47,-12.26,20.56,14.41,-14.41,18.08,NaN,70 M
05/19/2026,1630,NKE,42.42,-0.35%,Consumer Discretionary,1.14,0.92,$0.71,80.165,41.35,43.65,47.02,62.07,2.0,0.58,0.68,"22,957,907",100140.33,2.278782614E7,2.140409522E7,72.23,-20.62,-1.49,0.95,68.61,42.04,68.61,46.15,25.0,"62,819 M"
05/19/2026,1630,NLR,125.06,-1.94%,,.8204,7.16,<empty>,168.1199,86.3,140.59,138.31,136.52,-6.0,-0.21,0.0,"483,185",-200239.06,445703.8,457826.12,91.02,-6.41,-11.54,-7.09,154.55,126.35,154.55,149.09,NaN,"4,561 M"
05/19/2026,1630,NNN,44.84,+1.15%,Real Estate,.8022,0.35,$3.46,46.03,38.9,44.11,43.86,42.39,2.0,0.47,0.61,"2,228,641",200124.02,1676480.62,1605372.28,-5.62,1.38,0.97,2.51,46.55,42.35,-42.35,45.09,53.0,"8,531 M"
05/19/2026,1630,NOAH,10.22,-0.58%,Financials,.8112,0.2,$1.73,12.84,9.31,10.52,10.59,11.17,-9.0,-0.55,-0.42,"71,796",100260.37,114407.85,117794.33,99.3,-10.66,-4.31,-2.39,12.62,10.37,-10.37,11.09,5.0,670 M
05/19/2026,1630,NORW,39.11,+0.31%,,.7262,0.37,<empty>,39.37,27.84,38.34,37.69,32.36,2.0,0.47,0.51,"38,211",-100100.17,178847.12,174970.02,-51.63,3.82,0.26,1.48,39.1,35.54,-35.54,-38.16,NaN,159 M
05/19/2026,1630,NOW,101.83,-1.54%,Information Technology,.8402,4.59,$4.46,211.47798,81.24,92.17,98.92,143.97,4.0,1.0,0.7,"55,624,414",-100867.01,2.425801173E7,2.322582664E7,198.31,-10.1,10.67,12.52,127.5,81.27,-81.27,-85.17,44.0,"105,018 M"
05/19/2026,1630,NSA,41.65,+0.34%,Real Estate,1.085,0.86,$3.59,44.015,27.43,42.56,40.23,33.32,-5.0,-0.38,-0.15,"718,598",-100336.45,1781147.13,1727444.42,-59.13,7.23,-0.6,-2.07,44.2,30.47,44.2,44.07,52.0,"3,216 M"
05/19/2026,1630,NSC,318.20,-0.59%,Industrials,1.284,2.87,$7.20,323.37,236.37,314.64,300.51,293.18,4.0,0.77,0.53,"1,094,528",100128.38,1247597.2,1312700.76,15.34,14.38,1.48,0.18,323.17,278.41,323.17,-309.05,49.0,"71,466 M"
05/19/2026,1630,NSP,31.46,+0.03%,Industrials,.5895,2.0,$1.76,71.955,18.57,31.75,28.22,38.47,3.0,0.75,0.55,"856,914",-100190.42,1009322.07,1045486.91,-28.59,38.47,10.08,8.75,38.14,19.48,38.14,-28.09,50.0,"1,201 M"
05/19/2026,1630,NSSC,35.82,-0.72%,Information Technology,1.378,3.38,$1.58,48.12,26.44,41.68,42.0,41.04,2.0,0.0,0.05,"286,231",200150.48,583232.09,587471.31,2.65,-15.36,-14.35,-4.53,47.57,37.04,47.57,47.12,66.0,"1,280 M"
05/19/2026,1630,NTLA,11.94,-5.91%,Health Care,1.962,0.64,($3.24),28.25,6.83,13.72,13.6,13.22,-4.0,-0.61,-0.15,"5,520,815",200389.15,5721365.8,5454010.67,-79.4,-9.2,-10.29,-8.79,17.18,12.35,17.18,-12.14,54.0,"1,668 M"
05/19/2026,1630,NTR,71.59,-0.04%,Materials,.6779,2.64,$4.56,85.3599,53.03,72.49,74.4,64.76,7.0,0.05,0.45,"2,216,660",-100045.36,3633053.53,3673125.4,-37.45,-5.86,-7.31,0.92,85.46,68.07,-68.07,-68.07,54.0,"34,365 M"
05/19/2026,1630,NUE,221.73,-2.10%,Materials,1.842,3.52,$2.32,235.45,106.211,225.19,194.84,165.91,-15.0,-0.73,0.0,"1,332,062",100237.16,1477343.85,1511541.09,-18.44,36.91,-4.46,-4.78,235.09,155.42,235.04,235.04,47.0,"50,497 M"
05/19/2026,1630,NVDA,220.61,-0.77%,Information Technology,2.279,11.87,$3.44,236.54,129.16,212.35,194.72,186.43,-3.0,-0.95,-0.53,"140,948,207",-200252.57,1.6013059165E8,1.6993729288E8,13.93,23.55,12.27,-6.42,222.06,164.35,-164.35,237.03,1.0,"5,343,290 M"
05/19/2026,1630,NVO,44.28,0.00%,Health Care,.7931,1.29,$1.08,81.44,35.12,43.7,40.18,49.1,-9.0,-0.79,-0.66,"9,704,429",0.0,1.704559732E7,2.0095102E7,-40.61,19.42,-1.31,-3.32,49.62,35.35,-35.35,48.06,53.0,"196,241 M"
05/19/2026,1630,NXPI,294.28,+0.89%,Information Technology,1.694,4.48,$10.12,306.62,183.0,279.91,232.1,224.72,-12.0,-0.84,-0.16,"2,904,757",-100048.08,3376432.01,3201543.42,-72.88,52.99,0.66,0.04,307.06,185.35,307.06,307.06,47.0,"74,297 M"
05/19/2026,1630,NYT,75.26,-1.85%,Communication Services,.991,2.24,$3.33,87.1,51.03,78.48,80.4,68.52,-1.0,0.0,-0.32,"1,954,281",100131.1,2122761.25,2223300.17,5.9,-7.41,-2.59,-0.32,87.3,74.59,87.3,-74.02,53.0,"12,182 M"
05/19/2026,1630,O,62.09,+0.62%,Real Estate,.7477,0.99,$4.45,67.935,54.64,62.82,62.87,60.4,2.0,0.22,0.46,"4,300,921",-100321.09,5682969.93,5977992.19,-11.41,-0.88,-2.33,0.21,68.56,60.38,-60.38,-61.02,52.0,"57,898 M"
05/19/2026,1630,OC,107.95,-3.79%,Industrials,1.316,4.49,<empty>,159.42,97.53,120.54,114.31,124.48,-3.0,-0.49,-0.19,"1,926,113",-100349.42,1294745.88,1404813.79,86.45,4.46,-12.16,-10.84,136.61,99.41,-99.41,131.09,53.0,"8,693 M"
05/19/2026,1630,OIH,451.02,-0.64%,,.8861,10.03,<empty>,456.0,210.7,437.42,413.99,324.77,7.0,0.55,0.61,"392,955",-100146.55,452771.73,493308.81,-24.5,14.87,2.34,2.17,451.14,366.5,-366.5,-412.08,NaN,"2,503 M"
05/19/2026,1630,OKE,95.24,+1.58%,Energy,.7769,2.96,$3.56,95.65,64.02,89.25,88.22,77.89,7.0,0.57,0.99,"4,539,239",-100038.42,4667392.85,4896751.04,-28.03,7.75,5.8,4.62,95.36,80.58,-80.58,-84.08,52.0,"60,004 M"
05/19/2026,1630,OKLO,55.88,-4.58%,Utilities,2.468,6.45,($0.99),193.84,35.685,69.95,61.36,86.22,-6.0,-0.71,-0.07,"11,768,833",101312.1,1.243199392E7,1.126186971E7,-27.16,2.18,-18.28,-16.86,82.17,45.35,82.17,82.17,57.0,"9,723 M"
05/19/2026,1630,OKTA,85.70,-1.54%,Information Technology,.7197,3.69,$4.91,127.5219,62.66,79.07,77.13,85.06,3.0,1.0,0.86,"3,121,390",-200863.28,3496013.35,3731261.74,56.16,6.12,10.23,5.74,85.06,63.27,-63.27,-73.13,6.0,"15,027 M"
05/19/2026,1630,OLLI,79.69,-2.06%,Consumer Discretionary,.494,3.59,$3.17,141.74,73.315,83.07,91.0,113.72,4.0,0.19,0.61,"1,364,624",-300644.41,1543684.96,1441495.51,-1.43,-21.67,-2.56,1.19,113.62,73.04,-73.04,-73.04,10.0,"4,834 M"
05/19/2026,1630,OMF,52.90,-1.18%,Financials,1.186,1.72,$27.17,71.93,45.7811,55.97,54.93,59.29,4.0,-0.35,0.31,"1,140,327",-100648.46,1399272.4,1409164.03,10.73,3.73,-3.91,-1.95,60.2,46.45,60.2,-52.04,45.0,"6,112 M"
05/19/2026,1630,ON,106.02,-3.12%,Information Technology,1.83,5.41,$2.92,119.1,40.62,103.37,80.65,61.1,-3.0,-0.89,-0.22,"11,708,912",100673.05,1.034030028E7,9757993.01,-10.06,78.82,3.26,-10.43,107.06,55.5,-55.5,119.03,52.0,"41,221 M"
05/19/2026,1630,ONEW,10.14,-1.93%,Consumer Discretionary,1.519,0.76,$4.09,17.92,8.12,10.78,10.06,12.97,-7.0,-0.69,-0.29,"87,211",300036.09,142965.03,141904.57,-37.58,20.86,-6.54,-9.63,13.62,8.42,-8.42,13.07,50.0,169 M
05/19/2026,1630,ONON,37.34,-1.99%,Consumer Discretionary,2.072,1.29,$1.19,61.2882,31.41,35.73,35.95,42.35,5.0,0.61,0.78,"5,243,533",100557.06,7134360.54,6976734.22,64.64,-3.94,7.95,1.36,50.61,31.36,-31.36,-32.05,57.0,"12,447 M"
05/19/2026,1630,ONTO,248.08,-2.53%,Information Technology,1.603,15.67,$4.85,316.0,89.4,285.1,248.95,176.81,-10.0,-0.23,0.0,"4,993,246",-100072.01,952029.94,982791.04,725.18,18.44,-18.66,-10.53,316.17,175.5,316.17,316.17,55.0,"12,340 M"
05/19/2026,1630,ORCL,181.46,-2.76%,Information Technology,1.523,9.68,($8.70),345.72,134.57,182.52,165.24,208.95,-7.0,-0.92,-0.33,"16,717,712",-200357.26,2.824225736E7,2.753708943E7,-18.8,16.68,-2.1,-7.23,200.08,135.27,-135.27,201.03,15.0,"521,887 M"
05/19/2026,1630,ORLY,91.92,+0.20%,Consumer Discretionary,.5541,2.86,$2.26,108.715,86.77,92.88,92.21,97.01,2.0,0.37,0.21,"4,813,086",100427.14,5518970.26,5674743.24,-14.53,4.56,-3.24,2.5,101.12,87.41,101.12,-88.02,49.0,"76,175 M"
05/19/2026,1630,OSCR,24.52,-3.08%,Financials,2.15,2.42,$10.21,25.58,10.69,20.2,16.17,16.4,-1.0,1.0,-0.85,"6,700,121",300981.02,7395451.29,7237439.9,27.19,84.36,36.68,5.92,22.06,11.35,-11.35,-16.17,56.0,"7,393 M"
05/19/2026,1630,OSK,119.11,-2.33%,Industrials,1.286,14.31,$12.88,180.49,96.03,142.01,145.49,141.41,2.0,0.0,0.04,"985,540",-300247.07,696118.66,704175.8,176.02,-17.41,-22.29,-5.56,180.58,125.04,180.58,160.09,51.0,"7,427 M"
05/19/2026,1630,OTLY,9.85,-0.61%,Consumer Staples,1.111,0.44,($0.98),18.84,9.4,11.0,10.98,13.11,6.0,-0.28,0.19,"34,148",-100388.23,65727.47,64398.8,-58.89,-2.28,-10.62,-1.99,14.22,9.36,14.22,13.17,44.0,308 M
05/19/2026,1630,OUT,32.11,+0.47%,Real Estate,1.478,0.78,$1.36,34.96,15.45,31.45,29.24,23.56,-3.0,-0.68,-0.3,"1,582,593",-200130.03,1440526.96,1523775.94,109.06,20.76,3.28,-2.07,35.07,25.61,35.07,35.07,53.0,"5,653 M"
05/19/2026,1630,OVX:CGI,72.89,+1.14%,,-2.618,2.38,<empty>,125.99,23.59,74.0,84.49,50.79,3.0,0.06,0.41,<empty>,NaN,NaN,NaN,NaN,-21.35,-2.46,5.76,126.47,55.62,126.47,-69.03,NaN,0
05/19/2026,1630,OXLC,9.76,-1.61%,,.6522,0.17,($6.38),23.65,8.01,10.09,9.65,13.44,-3.0,-0.9,-0.52,"1,630,068",0.0,1267629.4,1463180.45,79.51,14.15,-2.98,-5.43,11.12,8.44,11.12,11.12,NaN,953 M
05/19/2026,1630,OXM,37.73,-2.43%,Consumer Discretionary,.9843,2.46,$0.76,56.9,30.5656,42.68,40.27,39.54,-7.0,-0.22,0.0,"241,146",-100173.37,332183.37,316020.61,-25.22,10.58,-11.41,-6.84,48.19,31.42,48.19,47.08,15.0,562 M
05/19/2026,1630,OXY,60.70,+1.68%,Energy,.2098,2.52,$3.15,67.45,38.8,57.7,58.7,47.92,7.0,0.21,0.91,"12,682,631",-100146.35,1.641358382E7,1.712928957E7,-7.91,1.88,2.29,6.79,67.34,50.62,67.34,-53.07,54.0,"60,374 M"
05/19/2026,1630,PAG,156.46,-2.06%,Consumer Discretionary,.8751,4.93,<empty>,189.51,140.12,165.99,156.74,165.34,-7.0,-0.66,0.0,"347,137",100235.15,300501.32,301037.4,-50.37,8.42,-7.32,-7.45,182.14,140.41,182.14,182.14,49.0,"10,287 M"
05/19/2026,1630,PALL,24.55,-3.99%,,-.0662,0.93,<empty>,39.48168,17.51628,26.85,27.26,27.03,-4.0,-0.31,-0.37,"904,910",0.0,1136532.71,1208773.21,34.78,-6.72,-9.26,-6.38,33.58,24.37,-24.37,28.12,NaN,150 M
05/19/2026,1630,PAM,82.41,-0.43%,Utilities,.9124,1.63,<empty>,94.5,54.95,81.33,83.41,79.02,2.0,0.24,0.64,"235,195",-100245.34,257570.07,261224.14,-23.32,-4.85,4.62,2.69,90.34,69.54,90.34,-78.12,54.0,"4,429 M"
05/19/2026,1630,PATH,10.55,-0.85%,Information Technology,.4963,0.42,$0.65,19.84,9.2002,10.44,10.82,12.99,3.0,0.47,0.36,"42,360,466",200479.48,3.055216326E7,3.20204927E7,148.31,-13.81,-1.4,9.1,13.42,9.03,13.42,-9.03,6.0,"5,491 M"
05/19/2026,1630,PBD,20.38,-2.95%,,1.347,0.46,<empty>,22.34,11.5,21.03,19.39,16.96,-6.0,-0.67,-0.02,"123,474",-200140.17,62340.54,61382.45,123.85,14.11,-5.39,-6.3,22.06,17.5,22.06,22.06,NaN,213 M
05/19/2026,1630,PBH,46.44,-0.34%,Health Care,.3751,3.71,$5.09,89.24,42.62,53.47,56.87,62.14,2.0,0.0,0.18,"860,055",100133.03,629984.39,591034.42,97.56,-22.68,-16.7,1.11,71.59,43.03,71.59,-43.03,55.0,"2,200 M"
05/19/2026,1630,PBJ,48.4191,-0.24%,,.5006,0.72,<empty>,51.07,42.685,49.18,49.1,47.14,2.0,-0.03,0.37,"8,430",0.0,15078.74,16578.92,-0.43,1.04,-3.27,0.14,51.56,47.41,-47.41,50.13,NaN,92 M
05/19/2026,1630,PBR,20.41,-1.40%,Energy,.441,0.8,$1.29,22.24,11.035,20.92,20.46,14.9,3.0,-0.12,0.2,"22,260,444",-100148.48,2.75275552E7,2.81145345E7,7.63,3.19,-6.25,3.19,22.11,16.62,22.11,-20.04,55.0,"131,530 M"
05/19/2026,1630,PCAR,109.38,-2.06%,Industrials,.9921,2.39,$5.89,131.875,88.65,116.67,118.15,109.63,10.0,0.0,0.27,"2,764,976",-100732.16,2671334.0,2870043.45,-18.75,-3.07,-3.56,-2.86,130.6,110.41,130.6,129.16,43.0,"57,565 M"
05/19/2026,1630,PD,6.89,-0.86%,Information Technology,.8061,0.28,$1.13,18.0,5.7,6.9,6.69,11.75,2.0,-0.93,0.53,"1,607,531",-100607.26,2600506.94,2885064.13,43.58,-0.14,-4.44,2.38,8.51,6.27,-6.27,8.08,6.0,528 M
05/19/2026,1630,PDD,97.34,+2.50%,Consumer Discretionary,1,2.2,$10.82,139.41,93.81,98.19,100.01,114.01,1.0,0.68,0.55,"6,233,218",100242.39,7230995.08,7032035.15,67.6,-0.09,0.61,1.84,108.22,95.4,108.22,-94.02,5.0,"138,553 M"
05/19/2026,1630,PEB,14.28,-1.11%,Real Estate,1.485,0.22,$2.05,14.845,8.69,14.2,13.41,11.87,-1.0,-0.59,-0.3,"1,809,431",-100346.15,2480219.72,2468454.47,-80.39,16.19,-0.28,0.07,15.08,12.46,15.08,15.08,48.0,"1,619 M"
05/19/2026,1630,PECO,39.58,-1.05%,Real Estate,.454,0.27,$1.65,40.71,32.84,39.71,38.64,36.2,-1.0,-0.48,-0.41,"1,024,309",-200100.09,883360.37,874160.17,22.09,5.57,-0.93,-0.35,41.15,37.39,41.15,41.15,45.0,"4,986 M"
05/19/2026,1630,PENN,16.12,-2.18%,Consumer Discretionary,1.418,0.55,($0.47),20.605,11.65,16.7,15.57,15.88,3.0,-0.59,0.16,"2,331,449",301158.19,3844402.28,4258266.55,-40.8,13.84,-5.73,1.83,18.15,12.6,18.15,-16.04,45.0,"2,158 M"
05/19/2026,1630,PEP,150.37,+0.88%,Consumer Staples,.3829,3.41,$6.46,171.48,127.6,153.54,154.71,150.51,3.0,0.12,0.28,"10,093,898",-100234.42,6146722.84,6306682.56,149.38,-1.55,-3.01,1.14,170.56,148.03,170.56,160.12,39.0,"205,521 M"
05/19/2026,1630,PFE,25.66,+1.30%,Health Care,.3106,0.43,$1.67,28.745,22.81,26.21,26.88,25.78,1.0,0.01,0.22,"41,036,716",0.0,3.774480061E7,3.780664466E7,36.93,-6.38,-2.99,-0.35,29.32,26.07,29.32,28.15,49.0,"146,248 M"
05/19/2026,1630,PFF,30.97,-0.61%,,.5318,0.21,<empty>,32.2645,29.86,31.43,31.03,31.31,-6.0,-0.68,-0.07,"3,081,750",100008.46,3386057.31,3346730.38,23.47,0.85,-1.53,-1.99,32.62,30.35,-30.35,32.06,NaN,"13,670 M"
05/19/2026,1630,PFG,101.14,-1.23%,Financials,.8772,0.68,$16.45,103.0,75.0,100.2,94.16,87.81,-1.0,-0.83,-0.46,"1,040,991",-200132.42,1445667.72,1552706.39,-18.95,17.74,0.27,0.37,103.09,85.41,103.09,103.09,47.0,"21,847 M"
05/19/2026,1630,PFIG,23.725,-0.19%,,.2226,0.1,<empty>,26.96,23.57,23.99,24.03,24.22,-4.0,-0.33,-0.19,"23,628",-100000.02,25954.05,27407.56,356.32,-1.52,-1.12,-1.07,24.62,24.36,24.62,24.13,NaN,112 M
05/19/2026,1630,PFIX,51.82,+0.74%,,-.0317,1.49,<empty>,65.1521,41.45,47.64,46.56,47.71,3.0,1.0,0.88,"618,307",-100143.25,691964.88,683111.83,88.84,15.59,6.89,7.15,50.36,41.56,-41.56,-44.17,NaN,228 M
05/19/2026,1630,PG,141.30,-0.77%,Consumer Staples,.3955,2.17,$6.43,170.99,137.62,145.07,145.46,149.98,-1.0,-0.33,-0.45,"8,355,788",-100029.42,9611016.61,9847468.7,-7.18,-2.44,-2.48,-0.99,167.56,141.3,-141.3,152.17,49.0,"329,031 M"
05/19/2026,1630,PGNY,24.60,+2.29%,Health Care,.9969,2.36,$2.18,28.75,16.1,20.5,18.69,21.79,-4.0,0.99,-0.85,"2,161,417",100133.08,1493956.66,1604487.79,96.8,35.31,29.61,7.56,24.06,16.27,-16.27,-18.17,55.0,"1,927 M"
05/19/2026,1630,PGRO,46.9749,-0.93%,,1.165,0.79,<empty>,48.4,37.59,46.61,43.78,43.89,-3.0,-0.91,-0.17,"6,455",-100100.21,22148.26,21136.28,-1.24,14.51,1.89,-2.92,48.06,39.35,-39.35,48.03,NaN,112 M
05/19/2026,1630,PINK,36.36,-0.33%,,.7241,0.73,<empty>,38.68,27.89,35.53,34.63,34.31,-3.0,-0.64,-0.62,"26,309",-100033.18,100260.32,110893.21,-60.62,9.16,4.42,-1.94,36.56,32.36,-32.36,37.03,NaN,253 M
05/19/2026,1630,PINS,18.84,-5.47%,Communication Services,.9175,0.99,$1.82,39.93,13.84,20.26,19.33,26.29,-1.0,-0.8,-0.28,"17,253,344",-101055.11,1.786607991E7,1.936463186E7,27.03,0.96,-15.44,-1.0,25.1,16.62,25.1,25.1,57.0,"10,553 M"
05/19/2026,1630,PJP,106.0988,+1.00%,,.465,1.08,<empty>,110.8099,78.25,105.65,104.26,100.82,-3.0,-0.51,-0.49,"5,144",100020.2,26625.77,25030.62,-89.8,4.52,-0.47,-1.63,111.58,99.39,-99.39,108.03,NaN,330 M
05/19/2026,1630,PK,11.00,-0.81%,Real Estate,1.358,0.21,$1.87,12.39,9.84,11.14,10.9,11.02,2.0,-0.48,0.31,"4,090,215",-200054.13,4045471.19,4155373.65,42.61,4.56,-3.25,0.92,12.12,10.3,12.12,-11.02,50.0,"2,215 M"
05/19/2026,1630,PKB,98.7333,-2.10%,,1.283,3.21,<empty>,111.2354,75.5301,105.98,102.34,97.96,-3.0,-0.35,-0.15,"16,171",0.0,16533.89,20096.31,122.31,3.0,-9.5,-6.04,111.61,93.41,-93.41,111.09,NaN,416 M
05/19/2026,1630,PLAY,10.72,+3.08%,Consumer Discretionary,1.734,0.48,($2.90),35.53,9.61,11.02,11.99,17.04,5.0,0.31,0.51,"1,319,101",300184.2,1876244.88,1703769.32,-38.7,-22.09,2.49,4.79,17.62,10.36,-10.36,13.16,14.0,372 M
05/19/2026,1630,PLD,142.44,+0.09%,Real Estate,1.361,1.44,$5.53,145.44,103.02,141.79,137.46,127.25,2.0,-0.63,0.4,"3,523,094",0.0,3421742.46,3418211.48,-0.09,8.66,1.55,-0.15,145.22,127.41,145.22,145.06,38.0,"132,802 M"
05/19/2026,1630,PLNT,51.65,-4.58%,Consumer Discretionary,1.059,7.59,$3.23,114.47,37.03,58.85,67.81,92.12,6.0,0.1,0.66,"3,988,533",100864.08,2343243.41,2374162.91,157.26,-32.08,-19.69,0.29,94.62,37.08,-37.08,-37.08,53.0,"4,087 M"
05/19/2026,1630,PLTR,135.26,+0.09%,Information Technology,1.453,3.99,$1.13,207.52,118.93,138.72,143.54,163.14,4.0,0.56,0.42,"29,777,288",-300356.11,4.5680371E7,4.797374659E7,-10.71,-13.12,-0.48,1.14,162.39,123.27,-123.27,-129.04,52.0,"324,260 M"
05/19/2026,1630,PM,191.57,+0.04%,Consumer Staples,.4322,10.29,$6.85,193.05,142.11,174.55,167.73,165.1,-3.0,1.0,-0.9,"5,743,199",-200337.34,4961508.88,4970748.59,51.96,17.26,13.05,-0.15,191.58,152.33,-152.33,-161.16,44.0,"298,573 M"
05/19/2026,1630,PNC,213.27,-0.21%,Financials,.9082,3.97,$16.37,243.94,169.32,218.29,214.09,206.26,4.0,-0.36,0.33,"1,319,160",-100039.42,2201005.83,2293885.74,-18.91,5.55,-3.77,-0.08,234.6,198.42,-198.42,-210.04,38.0,"85,642 M"
05/19/2026,1630,PNDRY,10.41,+0.87%,Consumer Discretionary,1.638,0.43,<empty>,23.7625,8.25,9.96,9.49,13.21,2.0,0.96,0.54,"97,203",100000.46,153902.58,173381.73,54.36,22.18,6.88,2.87,11.09,8.43,11.09,11.09,NaN,"6,229 M"
05/19/2026,1630,POET,13.07,-8.02%,Information Technology,.5112,3.75,($0.36),20.81,3.87,11.45,8.53,6.74,-3.0,-0.92,-0.56,"76,703,190",301998.04,3.870716603E7,3.185995346E7,8.13,109.79,41.91,-36.46,16.17,5.35,-5.35,21.03,58.0,"1,996 M"
05/19/2026,1630,POOL,178.54,-1.57%,Consumer Discretionary,1.123,11.78,$8.48,345.0,172.68,198.88,205.58,255.12,4.0,0.14,0.39,"949,870",-100543.11,821924.73,879889.72,34.01,-12.63,-4.54,1.88,249.18,174.03,249.18,235.17,45.0,"6,507 M"
05/19/2026,1630,PPLT,17.42,-2.35%,,.0504,0.66,<empty>,26.162,9.35801,18.25,18.31,16.75,-4.0,-0.29,-0.5,"1,638,645",0.0,3353441.33,3633806.35,-54.45,-2.55,-1.39,-6.75,22.56,16.37,-16.37,20.04,NaN,237 M
05/19/2026,1630,PR,21.22,+1.43%,Energy,.5471,0.89,$0.46,22.675,11.92,20.91,20.53,15.88,5.0,0.14,0.51,"9,154,025",-100243.09,1.360610772E7,1.36300345E7,-27.24,6.26,-5.31,5.05,23.1,17.57,23.1,-20.08,54.0,"17,767 M"
05/19/2026,1630,PRAA,14.71,-1.01%,Financials,1.096,3.01,($0.34),22.55,10.25,19.25,18.75,16.29,3.0,-0.1,0.08,"548,298",-200189.04,442799.32,528057.04,88.4,-17.22,-31.2,-0.07,23.12,10.6,23.12,-14.02,57.0,561 M
05/19/2026,1630,PRGO,10.61,-0.66%,Health Care,.5023,0.52,$0.81,28.435,9.225,11.4,10.8,15.88,1.0,-0.83,0.38,"2,530,638",-100196.31,3080077.68,3313888.95,44.38,9.95,-8.85,-2.12,15.61,9.41,-9.41,-11.02,51.0,"1,468 M"
05/19/2026,1630,PRMB,22.48,-4.34%,Consumer Staples,.5089,1.5,$0.72,33.29,14.36,21.43,20.3,20.27,-5.0,-0.94,-0.69,"3,451,691",100546.58,4385569.94,4960034.49,14.21,16.36,10.9,-3.39,24.07,18.37,24.07,24.07,59.0,"8,157 M"
05/19/2026,1630,PRVA,23.29,-1.69%,Health Care,.9478,0.72,$1.12,26.51,18.77,23.8,22.71,23.17,4.0,-0.51,0.22,"879,047",100438.09,936048.73,958866.28,-30.54,6.98,-4.12,0.22,25.12,20.36,25.12,-21.08,54.0,"2,935 M"
05/19/2026,1630,PSA,297.47,+0.45%,Real Estate,.9746,6.26,$18.46,313.51,256.54,303.19,293.3,286.67,-5.0,-0.61,-0.36,"1,036,817",-100130.46,1136046.71,1135573.52,-23.64,7.26,-0.45,-1.83,314.2,263.38,314.2,313.07,49.0,"52,220 M"
05/19/2026,1630,PSCE,63.8292,+0.11%,,.7802,1.25,<empty>,64.3,36.01,62.08,60.46,48.77,4.0,0.42,0.67,"27,208",-100133.13,52654.4,50924.85,-76.93,6.59,-0.27,3.03,64.1,54.57,-54.57,-59.08,NaN,128 M
05/19/2026,1630,PSCI,161.8017,-2.10%,,1.155,3.8,<empty>,178.02,123.83,170.11,163.27,156.25,-9.0,-0.51,-0.15,"3,159",-300122.03,3957.46,5174.62,10.37,5.82,-7.36,-4.33,176.08,149.41,176.08,176.08,NaN,163 M
05/19/2026,1630,PSCU,63.2524,-0.64%,,.7511,1.25,<empty>,66.85,53.4318,65.0,62.74,59.04,2.0,-0.23,0.12,910,-100200.42,9028.83,7306.83,271.07,7.47,-3.98,-1.58,67.12,58.6,67.12,-63.04,NaN,17 M
05/19/2026,1630,PSP,58.74,-1.64%,,1.271,0.94,<empty>,72.97,54.18,60.74,58.85,65.35,-7.0,-0.68,-0.23,"53,832",100226.56,50623.22,62760.58,158.07,3.47,-4.97,-2.57,63.22,54.36,63.22,62.09,NaN,249 M
05/19/2026,1630,PSX,182.38,+1.43%,Energy,.6991,3.99,$0.29,190.61,109.75,172.2,171.69,146.04,3.0,0.56,0.76,"2,842,200",-200240.34,3184220.38,3158757.28,-24.34,2.27,1.18,6.34,191.35,149.57,191.35,-160.17,46.0,"73,123 M"
05/19/2026,1630,PTLO,3.98,+1.27%,Consumer Discretionary,1.609,0.85,($0.14),12.435,3.875,5.11,5.37,5.67,6.0,0.0,0.31,"2,276,690",-300057.09,1714316.25,1673362.89,67.43,-28.55,-16.82,-0.25,7.19,4.03,7.19,7.12,53.0,288 M
05/19/2026,1630,PVH,79.42,-1.13%,Consumer Discretionary,1.21,4.78,<empty>,100.15,59.6,87.77,80.33,76.64,3.0,-0.18,0.07,"753,640",300238.3,1188760.49,1103777.94,-6.14,24.09,-10.08,-1.61,100.19,60.47,100.19,95.17,10.0,"3,659 M"
05/19/2026,1630,PYPL,43.83,-1.25%,Financials,1.436,2.2,$5.85,79.5,38.46,47.53,46.67,57.59,6.0,-0.63,0.39,"13,711,820",0.0,1.549704458E7,1.870004666E7,-26.01,-0.81,-5.72,-2.69,52.2,41.6,52.2,52.14,48.0,"38,663 M"
05/19/2026,1630,PZZA,33.35,+1.09%,Consumer Discretionary,1.137,1.27,$0.80,55.74,29.5501,34.68,34.87,40.28,7.0,0.51,0.35,"879,711",-100567.48,1283035.74,1336796.91,42.52,-1.04,-4.19,1.93,40.48,30.5,40.48,-31.06,54.0,"1,097 M"
05/19/2026,1630,QAT,18.2496,-1.78%,,.3828,0.24,<empty>,20.64,17.712,18.91,18.83,19.31,-6.0,-0.37,-0.26,"40,841",500000.07,42983.7,39778.72,647.31,-0.44,-3.24,-2.67,20.59,18.35,-18.35,19.17,NaN,80 M
05/19/2026,1630,QBTS,18.19,-4.56%,Information Technology,2.547,1.59,($0.30),46.75,12.75,20.67,18.21,22.87,-6.0,-0.77,-0.22,"21,512,861",-100315.24,2.723244832E7,2.67111084E7,13.4,12.98,-15.55,-17.8,25.06,13.35,25.06,25.06,54.0,"6,738 M"
05/19/2026,1630,QCOM,195.61,-3.94%,Information Technology,1.451,17.45,$11.61,247.9,121.99,183.13,151.49,159.48,-6.0,-0.85,-0.19,"19,605,198",400281.07,1.933376603E7,1.721924977E7,-47.82,49.0,4.86,-2.23,248.06,122.3,248.06,248.06,49.0,"206,173 M"
05/19/2026,1630,QMOM,75.14,-1.24%,,1.05,1.62,<empty>,80.56,60.24,77.25,73.22,67.94,-4.0,-0.72,-0.08,"25,225",300121.1,24887.51,24130.8,151.43,9.48,-3.33,-6.11,81.08,64.35,81.08,81.08,NaN,437 M
05/19/2026,1630,QQQ,701.53,-0.62%,,1.221,16.56,<empty>,722.03,505.58,686.17,635.46,612.39,-6.0,-0.91,-0.25,"46,827,529",100128.55,5.154861739E7,5.668537836E7,47.61,18.3,2.92,-2.54,715.06,556.35,-556.35,722.03,NaN,"463,536 M"
05/19/2026,1630,QS,7.30,-3.57%,Consumer Discretionary,2.562,0.51,($0.48),19.0699,3.8,7.56,7.03,10.13,-3.0,-0.9,-0.72,"12,217,385",-300102.05,1.86883903E7,1.762128184E7,-36.88,5.95,0.55,-15.12,10.18,6.32,10.18,9.04,44.0,"4,491 M"
05/19/2026,1630,QSR,75.77,+0.11%,Consumer Discretionary,.5258,1.95,$4.45,81.96,61.33,78.6,76.62,69.91,1.0,-0.17,0.02,"2,305,801",-200525.1,3668622.53,3597863.93,-3.03,2.21,-7.22,-0.88,82.09,67.6,82.09,82.09,54.0,"26,291 M"
05/19/2026,1630,QTUM,140.63,-0.94%,,1.306,4.38,<empty>,148.4299,83.2428,138.48,123.7,112.29,-6.0,-0.85,-0.16,"528,914",-100135.06,413941.59,398627.32,79.35,26.41,1.05,-4.9,148.06,101.35,-101.35,148.03,NaN,"4,697 M"
05/19/2026,1630,QUBT,9.22,-5.10%,Information Technology,2.507,0.87,($0.23),25.84,6.18,9.75,8.42,12.3,-3.0,-0.89,-0.32,"11,586,652",-100804.06,1.673143864E7,1.565189226E7,1.9,28.23,-3.56,-21.4,11.09,6.35,14.05,14.05,57.0,"2,079 M"
05/19/2026,1630,R,228.21,-1.44%,Industrials,.9967,8.02,$23.44,259.0,143.335,238.75,219.29,196.02,4.0,-0.41,0.22,"372,613",200435.19,398791.79,394018.2,-37.3,18.57,-5.07,-1.23,259.12,186.46,259.12,-225.05,45.0,"8,830 M"
05/19/2026,1630,RBLX,44.45,-5.39%,Communication Services,1.514,3.46,$2.18,150.59,40.15,48.32,53.79,89.88,7.0,0.57,0.51,"14,107,954",100671.13,1.106528704E7,1.085595704E7,100.72,-22.72,0.93,1.67,72.57,40.04,-40.04,-40.04,50.0,"31,825 M"
05/19/2026,1630,RCL,247.20,-2.13%,Consumer Discretionary,1.768,10.07,$5.05,366.5,232.6,263.39,270.57,295.04,-8.0,-0.24,-0.4,"3,668,980",-200252.14,2559914.94,2631929.75,-14.95,-9.12,-6.36,-6.85,321.6,250.14,321.6,289.08,48.0,"66,298 M"
05/19/2026,1630,RDNT,53.35,-1.51%,Health Care,1.42,2.21,$1.34,85.84,50.76,56.33,57.78,69.41,2.0,-0.4,0.38,"411,713",100348.06,871443.87,890035.7,-54.48,-14.83,-9.61,-0.15,75.55,52.04,75.55,-52.02,54.0,"4,195 M"
05/19/2026,1630,REAL,8.97,-5.18%,Consumer Discretionary,2.576,1.53,$0.12,17.3922,4.7,11.14,10.34,11.61,2.0,-0.37,0.12,"3,094,120",-200085.08,3556295.06,3737170.18,12.02,-2.71,-29.48,-4.06,14.56,8.35,-8.35,13.1,57.0,"1,081 M"
05/19/2026,1630,REG,77.34,+0.01%,Real Estate,.8501,0.85,$4.42,81.66,66.855,78.39,77.66,73.24,2.0,0.16,0.32,"1,313,900",-200022.14,1429734.12,1389511.32,-15.18,0.85,-1.96,0.55,82.21,74.38,82.21,-76.02,49.0,"14,161 M"
05/19/2026,1630,REGN,630.30,+0.10%,Health Care,.292,29.23,$36.48,821.11,476.4869,710.95,736.73,692.18,-3.0,0.0,-0.19,"1,445,135",100235.02,754984.81,733183.0,-21.25,-14.53,-10.25,-11.58,795.54,669.14,795.54,762.17,50.0,"66,080 M"
05/19/2026,1630,REXR,35.01,-0.74%,Real Estate,1.239,0.45,$0.88,44.38,32.14,35.67,34.92,38.93,-1.0,-0.72,-0.21,"1,947,580",-200330.18,2443076.7,2489548.57,17.19,1.39,-1.52,-0.71,38.57,32.34,-32.34,-35.02,39.0,"7,902 M"
05/19/2026,1630,REZ,91.09,+0.73%,,.8844,0.78,<empty>,92.35,80.45,90.0,87.56,85.2,1.0,-0.83,0.48,"30,636",0.0,41473.78,44634.53,-40.04,6.09,1.38,-0.14,92.07,82.35,-82.35,92.03,NaN,856 M
05/19/2026,1630,RGTI,15.96,-3.97%,Information Technology,3.131,1.2,($0.25),58.1501,10.3,17.86,16.61,23.03,-6.0,-0.87,-0.29,"20,581,364",-100215.24,2.845238194E7,2.868173691E7,-4.23,3.57,-12.64,-17.18,21.06,13.35,21.05,21.05,59.0,"5,305 M"
05/19/2026,1630,RH,122.14,+1.18%,Consumer Discretionary,1.913,4.44,$13.29,257.0,106.3037,130.17,130.19,178.15,-5.0,-0.46,-0.52,"1,054,206",200274.34,1286503.24,1271469.26,47.85,-9.2,-1.09,-4.48,227.61,106.33,-106.33,141.17,16.0,"2,309 M"
05/19/2026,1630,RHP,108.84,+0.31%,Real Estate,1.192,1.99,$10.57,112.5,83.82,106.01,99.5,96.09,2.0,-0.79,0.37,"688,365",-200222.04,572655.75,588615.06,-34.33,17.83,0.65,2.7,113.08,90.41,113.08,113.08,52.0,"6,869 M"
05/19/2026,1630,RIOT,22.645,-2.31%,Information Technology,3.728,2.58,($3.27),25.8599,7.93,21.07,17.42,16.33,-6.0,-0.91,-0.43,"14,841,006",100691.1,1.830153883E7,1.846961375E7,-18.93,60.15,11.28,-8.02,26.06,12.35,26.06,26.06,50.0,"8,563 M"
05/19/2026,1630,RIVN,12.90,-3.37%,Consumer Discretionary,1.74,0.78,($2.50),22.69,11.57,15.02,15.42,15.34,-2.0,-0.2,-0.39,"41,231,762",-100370.43,2.841130447E7,2.755148289E7,154.15,-19.98,-11.64,-11.16,18.19,14.05,18.19,17.17,53.0,"17,323 M"
05/19/2026,1630,ROBO,82.51,-2.05%,,1.393,2.11,<empty>,87.4999,54.78,82.91,76.38,70.96,-6.0,-0.85,-0.27,"640,265",200027.01,171151.36,185439.0,826.57,16.77,0.18,-5.1,87.06,65.35,87.04,87.04,NaN,"1,844 M"
05/19/2026,1630,ROK,422.29,-3.22%,Industrials,1.517,20.09,$11.92,463.485,298.7,428.53,396.44,381.43,-6.0,-0.84,-0.24,"778,001",-100435.11,821272.12,893233.5,55.51,18.71,-3.13,-7.5,463.09,348.35,463.09,463.09,54.0,"46,990 M"
05/19/2026,1630,ROKU,120.58,-2.88%,Communication Services,1.97,3.22,$3.65,131.39,67.6679,121.93,108.46,100.95,-7.0,-0.82,-0.23,"2,425,002",-100252.13,2622740.43,2839060.9,53.77,25.79,-3.08,-4.19,131.06,83.6,131.06,131.06,50.0,"17,809 M"
05/19/2026,1630,ROST,212.68,+0.76%,Consumer Discretionary,.8583,7.05,$6.85,231.16,124.49,221.97,218.88,182.29,3.0,0.0,0.07,"2,654,775",-300538.07,2446179.45,2597085.26,31.32,0.96,-6.48,-0.28,231.08,194.54,231.08,231.08,2.0,"68,514 M"
05/19/2026,1630,RRC,43.12,+1.79%,Energy,.5473,0.98,$3.42,48.31,32.6,42.2,43.02,38.14,6.0,0.25,0.73,"2,170,890",100042.2,3372859.32,3458931.24,-38.44,-4.77,0.19,3.93,48.36,38.59,48.36,-40.08,48.0,"10,160 M"
05/19/2026,1630,RRR,51.59,-1.02%,Consumer Discretionary,1.356,1.0,$4.17,67.99,43.28,53.36,55.41,58.33,2.0,0.17,0.39,"471,962",-200040.14,941307.17,929712.7,-62.57,-13.82,-2.51,0.06,66.61,51.11,66.61,57.14,48.0,"3,016 M"
05/19/2026,1630,RSI,28.00,+1.19%,Consumer Discretionary,1.639,0.57,$1.21,29.24,11.5,26.77,23.68,20.25,2.0,-0.75,0.14,"1,228,945",100654.1,1868251.31,1957895.33,-80.81,31.83,-4.01,3.05,29.1,18.62,29.1,29.1,49.0,"2,883 M"
05/19/2026,1630,RSP,201.62,-0.58%,,.9274,0.96,<empty>,205.53,173.0,202.69,198.26,193.71,-9.0,-0.79,-0.35,"10,548,898",100119.55,1.121983574E7,1.355236889E7,27.57,4.29,-0.8,-1.0,206.08,187.35,206.08,206.08,NaN,"86,152 M"
05/19/2026,1630,RSPG,110.70,+1.20%,,.5429,2.93,<empty>,114.01,71.2088,105.83,105.27,88.08,7.0,0.4,0.89,"129,967",100026.54,136560.61,163003.71,28.37,3.7,1.64,4.99,114.35,96.22,-96.22,-100.08,NaN,629 M
05/19/2026,1630,RSPU,78.56,+1.08%,,.6187,1.45,<empty>,84.5195,69.73,79.97,80.94,77.92,2.0,0.01,0.33,"25,311",-100012.13,58662.67,54627.79,89.7,-4.1,-3.2,-0.62,85.56,78.04,85.56,83.12,NaN,542 M
05/19/2026,1630,RTO,31.56,-2.02%,Industrials,1.022,0.87,<empty>,34.665,22.72,33.15,32.71,29.22,-1.0,-0.1,-0.07,"606,612",-100249.48,1171022.91,1283365.99,-49.45,-0.16,-6.65,-1.9,35.25,28.53,35.25,-31.02,50.0,"15,883 M"
05/19/2026,1630,RUT,2747.0739,0.00%,,1.2,38.81,<empty>,2888.6179,2011.199,2810.42,2665.05,2533.52,-9.0,-0.71,-0.01,<empty>,NaN,NaN,NaN,NaN,10.12,-3.44,-4.05,2889.09,2405.35,2889.09,2889.09,NaN,0
05/19/2026,1630,RVLV,18.39,-0.33%,Consumer Discretionary,1.671,2.59,$0.69,31.68,17.35,22.33,23.19,24.25,4.0,0.0,0.31,"915,202",-200457.05,1077815.09,1225296.33,-27.67,-19.55,-21.54,-0.65,28.22,17.04,-17.04,-17.04,53.0,"1,316 M"
05/19/2026,1630,RVX,24.84,+0.85%,,-4.2,0.88,<empty>,35.28,18.0,23.89,27.03,24.08,3.0,0.29,0.93,<empty>,NaN,NaN,NaN,NaN,-17.31,6.98,6.61,35.36,22.09,-22.09,-22.09,NaN,0
05/19/2026,1630,S,17.66,+0.68%,Information Technology,.7061,0.92,$0.16,21.4,11.81,15.59,14.4,15.59,3.0,1.0,0.94,"9,366,676",-100153.42,7922199.52,7924268.47,64.58,21.29,11.35,6.97,17.06,12.27,-12.27,-14.17,6.0,"6,031 M"
05/19/2026,1630,SBAC,207.51,+2.05%,Real Estate,.9976,7.16,$0.08,243.16,162.41,214.0,202.28,197.83,2.0,-0.39,0.07,"684,376",400739.3,1210288.64,1196758.2,-38.31,13.84,-4.54,3.13,224.21,162.38,224.21,-197.02,52.0,"22,009 M"
05/19/2026,1630,SBUX,106.38,-0.21%,Consumer Discretionary,1.016,0.77,$2.40,108.88,77.99,103.98,98.83,90.88,-12.0,-0.9,-0.57,"5,265,844",100335.15,7692375.7,7651713.51,-79.31,11.01,1.37,-0.02,108.06,86.36,-86.36,109.03,48.0,"121,241 M"
05/19/2026,1630,SCJ,103.78,-0.87%,,.5095,2.17,<empty>,107.3199,80.93,102.19,100.22,95.46,-3.0,-0.65,-0.66,"93,105",-200021.41,72556.92,85694.48,168.78,7.26,3.33,-2.4,107.56,94.41,-94.41,107.03,NaN,249 M
05/19/2026,1630,SE,87.28,-1.14%,Consumer Discretionary,1.678,3.2,$7.77,199.3,77.05,87.13,85.5,131.75,-4.0,-0.96,-0.42,"3,233,428",200153.06,4201218.1,5167554.03,-17.18,7.78,3.31,-1.19,117.62,77.54,-77.54,100.04,57.0,"53,458 M"
05/19/2026,1630,SFD,26.07,+1.52%,Consumer Staples,.4169,0.52,$2.03,29.805,21.08,26.56,26.52,24.11,12.0,0.05,0.36,"1,521,715",-100636.16,1823102.43,1616631.44,-2.15,12.81,-1.51,4.57,30.27,23.42,30.27,-25.04,48.0,"10,258 M"
05/19/2026,1630,SFM,90.02,+1.84%,Consumer Staples,.6537,3.71,$3.74,182.0,64.75,80.31,78.62,92.77,1.0,1.0,0.72,"4,522,505",300047.01,2286537.86,2552131.85,66.0,6.51,14.31,3.51,86.07,65.61,-65.61,-69.14,49.0,"8,466 M"
05/19/2026,1630,SG,8.63,-0.23%,Consumer Discretionary,2.009,0.7,($1.07),16.7,4.49,7.06,6.23,7.07,4.0,1.0,0.94,"6,314,566",200882.02,4416381.46,4513922.54,196.97,61.61,26.54,25.25,7.16,4.35,-4.35,-6.05,55.0,"1,025 M"
05/19/2026,1630,SHAK,64.12,+7.42%,Consumer Discretionary,1.609,16.33,$0.40,144.65,59.49,83.57,89.19,92.6,5.0,0.01,0.25,"3,192,258",-300750.07,1814271.21,1780122.61,233.33,-27.27,-33.63,3.62,107.57,62.03,107.57,104.17,50.0,"2,587 M"
05/19/2026,1630,SHEL,88.46,-0.15%,Energy,.0868,2.23,$3.57,94.9,65.38,87.39,89.54,78.16,7.0,0.11,0.65,"7,458,174",-300132.16,8166904.58,7911242.69,-44.68,-2.99,-1.39,4.67,95.34,79.61,95.34,-84.07,50.0,"246,235 M"
05/19/2026,1630,SHO,10.29,-1.06%,Real Estate,.9832,0.22,$1.02,10.575,8.43,10.02,9.55,9.31,-1.0,-0.93,-0.46,"2,434,920",100131.04,1694147.28,1719614.88,61.84,12.95,2.69,-0.68,11.07,9.41,11.07,11.07,54.0,"1,917 M"
05/19/2026,1630,SHOC,102.0274,-0.51%,,1.817,4.59,<empty>,109.365,44.75,99.77,86.42,71.98,-6.0,-0.84,-0.1,"30,605",-100100.02,17170.1,16886.57,277.99,37.41,3.8,-6.42,108.06,68.35,-68.35,109.03,NaN,229 M
05/19/2026,1630,SHOO,38.23,-1.27%,Consumer Discretionary,1.134,1.07,$1.23,46.88,22.2615,38.43,36.42,36.64,-3.0,-0.62,-0.55,"701,784",-100061.59,1099920.61,1253720.07,-23.91,15.15,1.43,-3.19,41.07,31.46,41.07,41.07,49.0,"2,794 M"
05/19/2026,1630,SHOP,101.01,-1.35%,Information Technology,2.617,10.26,$1.63,182.19,94.0,113.0,117.98,140.86,4.0,0.37,0.33,"11,719,184",-100760.11,1.012653453E7,1.061347513E7,127.74,-17.46,-6.15,3.69,137.2,94.03,137.2,-94.03,53.0,"131,076 M"
05/19/2026,1630,SHY,82.04,-0.07%,,.0487,0.11,<empty>,83.2,82.0,82.29,82.4,82.75,-1.0,-0.2,-0.31,"3,046,904",-200003.35,4772264.37,4822742.43,-37.83,-0.55,-0.18,-0.15,83.56,82.11,83.56,83.17,NaN,"24,866 M"
05/19/2026,1630,SHYG,42.18,-0.19%,,.2878,0.12,<empty>,43.39,41.825,42.47,42.37,42.81,-3.0,-0.48,-0.1,"1,743,774",0.0,1537614.64,1607381.18,38.55,-0.26,-0.54,-0.52,43.61,42.36,-42.36,43.16,NaN,"7,525 M"
05/19/2026,1630,SIL,86.49,-4.55%,,.8229,5.91,<empty>,119.24,40.02,93.37,92.89,81.99,-4.0,-0.41,-0.53,"2,105,598",0.0,2170292.51,2433632.55,6.17,4.39,0.13,-12.71,119.55,78.41,-78.41,104.04,NaN,"4,882 M"
05/19/2026,1630,SILJ,28.17,-4.77%,,.8866,2.07,<empty>,41.1,12.0975,30.7,30.63,27.13,-4.0,-0.4,-0.52,"5,723,251",0.0,5568579.54,6130658.02,52.9,2.77,-1.16,-14.4,40.56,26.41,-26.41,35.04,NaN,"3,692 M"
05/19/2026,1630,SITM,693.66,-4.40%,Information Technology,2.909,117.81,$2.10,901.81,186.49,668.75,496.98,360.19,-6.0,-0.81,-0.12,"1,029,751",-100980.42,492272.7,468917.96,201.68,94.61,16.26,-15.43,902.06,305.5,902.06,902.06,54.0,"18,310 M"
05/19/2026,1630,SIVR,70.28,-4.39%,,.473,4.86,<empty>,115.26,30.94,73.85,72.88,61.55,-4.0,-0.31,-0.6,"1,342,015",0.0,2298135.27,2533238.92,10.69,1.88,1.46,-11.44,90.56,63.37,-63.37,85.04,NaN,"5,134 M"
05/19/2026,1630,SJM,103.04,-0.58%,Consumer Staples,.2614,2.14,$9.11,119.39,88.25,98.47,97.86,103.93,2.0,0.82,0.88,"1,905,223",-300128.57,1954782.12,2229748.35,4.06,2.62,6.57,2.83,119.57,88.26,-88.26,-95.15,14.0,"10,989 M"
05/19/2026,1630,SKYY,128.11,-0.91%,,1.211,2.94,<empty>,143.74,103.76,124.8,117.0,124.8,-9.0,-0.9,-0.46,"215,204",-100133.06,309432.86,339129.73,66.77,12.74,-1.67,0.01,131.08,104.27,131.08,131.08,NaN,"2,633 M"
05/19/2026,1630,SLG,40.57,-5.50%,Real Estate,1.598,1.31,$0.83,66.91,34.77,43.16,40.37,47.54,-7.0,-0.77,-0.08,"1,142,890",-100561.42,1273524.1,1345184.39,-0.77,2.32,-7.25,-6.65,47.08,35.36,47.08,47.08,44.0,"2,886 M"
05/19/2026,1630,SLV,66.90,-4.35%,,.4759,4.62,<empty>,109.83,29.5,70.29,69.38,58.62,-4.0,-0.31,-0.6,"23,057,283",0.0,3.242572232E7,3.919472404E7,23.42,1.86,1.5,-11.4,85.56,60.37,-60.37,81.04,NaN,"35,731 M"
05/19/2026,1630,SLX,103.3501,-2.25%,,1.236,2.4,<empty>,110.03,61.3668,104.9,97.96,85.78,-4.0,-0.82,-0.32,"111,376",-300029.03,47461.96,48695.73,321.65,17.82,-1.31,-5.46,109.08,85.41,110.04,110.04,NaN,168 M
05/19/2026,1630,SMCI,30.56,-0.94%,Information Technology,1.654,2.69,($11.46),62.358,19.48,30.21,27.74,36.38,-7.0,-0.92,-0.5,"23,166,924",201089.1,4.033279057E7,3.737340215E7,-11.23,-0.75,9.81,-7.48,36.06,19.4,36.06,36.06,53.0,"18,379 M"
05/19/2026,1630,SMH,543.96,-0.40%,,1.676,24.51,<empty>,581.1699,234.585,529.97,457.79,378.44,-6.0,-0.84,-0.14,"11,905,827",-100148.06,9576000.54,9597499.15,98.17,37.74,4.07,-5.94,578.06,360.35,-360.35,581.03,NaN,"62,007 M"
05/19/2026,1630,SMIN,65.06,-0.08%,,.4524,1.15,<empty>,78.535,57.7758,66.69,64.18,69.23,-7.0,-0.7,-0.04,"95,748",200122.41,183973.56,172540.4,-15.39,6.66,-2.52,-2.33,69.08,58.35,69.08,69.08,NaN,612 M
05/19/2026,1630,SMPL,11.41,-3.31%,Consumer Staples,.1771,0.74,$1.48,36.25,10.21,12.44,13.15,19.78,4.0,-0.4,0.49,"1,734,533",-101069.28,2981610.12,2746159.2,-33.93,-21.74,-10.72,-1.13,18.58,10.28,-10.28,-11.04,25.0,"1,032 M"
05/19/2026,1630,SN,101.99,-4.15%,Consumer Discretionary,1.379,4.91,<empty>,133.99,80.69,111.72,109.76,109.92,-1.0,-0.3,-0.25,"2,363,581",100050.03,2111426.57,2044142.11,167.74,0.06,-13.13,-4.41,132.61,97.41,-97.41,121.1,59.0,"14,434 M"
05/19/2026,1630,SNAP,5.55,-2.12%,Communication Services,.5,0.29,$0.36,10.41,3.81,5.84,5.26,6.84,3.0,-0.76,0.37,"31,837,854",-100099.25,5.343664183E7,4.961100662E7,5.39,21.71,-9.17,3.54,6.1,4.36,6.1,-5.03,53.0,"9,197 M"
05/19/2026,1630,SNDR,32.16,-0.65%,Industrials,1.134,1.2,$1.48,33.34,20.11,30.73,28.12,25.93,4.0,0.84,0.56,"892,821",201342.04,1147569.89,1076221.24,2.28,36.21,7.09,-3.16,33.12,23.42,33.12,-29.05,50.0,"5,632 M"
05/19/2026,1630,SNOW,169.55,+3.23%,Information Technology,1.069,9.03,$3.31,280.67,118.3,148.87,153.59,203.31,3.0,1.0,1.0,"12,357,158",-300970.28,6874893.54,7050834.29,185.84,-3.34,19.65,12.46,185.47,118.27,-118.27,-133.13,5.0,"58,767 M"
05/19/2026,1630,SOFI,15.23,-3.06%,Financials,2.163,0.35,($5.31),32.73,12.74,16.57,16.91,23.42,-1.0,-0.58,-0.45,"63,763,231",-300665.15,6.483186467E7,6.643542332E7,-68.19,-10.83,-4.93,-4.93,20.22,15.32,20.22,19.16,48.0,"19,536 M"
05/19/2026,1630,SOLZ,8.48,-0.94%,,1.803,0.46,<empty>,27.12,7.683,8.83,8.78,14.5,-5.0,-0.94,-0.57,"753,210",300373.54,1509127.53,1934955.41,97.37,-5.67,-2.86,-9.5,10.06,8.59,10.06,10.06,NaN,102 M
05/19/2026,1630,SOYB,25.27,+0.40%,,.0615,0.22,<empty>,25.47,21.06,24.89,24.57,23.02,2.0,0.62,0.53,"81,395",100116.23,131630.01,122364.82,-51.37,4.34,0.88,1.24,25.11,23.61,25.04,25.04,NaN,72 M
05/19/2026,1630,SPDN,8.88,+0.68%,,-.9822,0.1,<empty>,11.16,8.68,8.94,9.39,9.55,3.0,0.09,0.83,"83,583,078",-200224.35,7.842572774E7,7.236164396E7,118.37,-10.03,-1.11,2.07,10.35,9.03,10.35,-9.03,NaN,231 M
05/19/2026,1630,SPG,200.86,+0.22%,Real Estate,1.354,1.7,$9.91,208.28,155.44,202.05,195.82,186.76,1.0,-0.61,0.34,"1,402,466",-200129.4,1545001.19,1534961.83,33.6,4.99,-0.72,-0.96,208.2,178.39,208.2,206.05,52.0,"65,137 M"
05/19/2026,1630,SPGI,410.40,-1.68%,Financials,1.092,8.92,$18.38,579.05,381.605,424.68,425.94,483.14,2.0,-0.62,0.58,"2,883,027",0.0,1934859.95,2099052.35,56.27,-3.69,-3.18,1.6,457.19,401.59,457.19,-401.04,50.0,"121,478 M"
05/19/2026,1630,SPHD,49.82,+0.30%,,.624,0.3,<empty>,53.07,46.385,49.66,49.62,49.24,2.0,0.37,0.63,"1,166,735",0.0,790520.26,840480.98,9.58,1.01,-0.1,0.59,53.6,48.41,-48.41,-49.02,NaN,"3,246 M"
05/19/2026,1630,SPHR,135.33,-1.52%,Communication Services,1.698,4.57,$9.26,149.0,35.58,135.26,125.84,88.95,4.0,-0.34,0.19,"637,440",-100364.42,836979.13,815967.33,-8.19,19.89,-0.93,0.36,149.1,104.36,149.1,-124.05,54.0,"4,844 M"
05/19/2026,1630,SPLV,73.43,+0.16%,,.5695,0.58,<empty>,77.735,69.63,73.42,73.66,73.14,2.0,0.29,0.66,"3,036,486",100016.55,2733526.66,3017091.69,92.82,0.08,-0.35,0.67,78.55,72.39,-72.39,-72.04,NaN,"7,184 M"
05/19/2026,1630,SPMO,140.63,-0.56%,,1.082,4.42,<empty>,147.87,101.8,137.89,126.24,121.01,-6.0,-0.87,-0.23,"2,167,975",-300221.02,1834705.84,1738461.18,72.75,21.36,1.99,-4.67,147.06,107.35,-107.35,148.03,NaN,"18,262 M"
05/19/2026,1630,SPOT,441.59,-0.77%,Communication Services,1,9.27,$17.81,785.0,405.0,449.3,479.73,577.22,10.0,0.41,0.53,"1,890,682",-100249.16,1932569.25,2136956.98,-47.24,-8.48,5.26,2.09,571.5,411.09,-411.09,-411.09,48.0,"90,800 M"
05/19/2026,1630,SPX,7353.61,-0.67%,,1,89.47,<empty>,7517.12,5767.41,7289.24,6945.51,6790.77,-3.0,-0.92,-0.21,<empty>,NaN,NaN,NaN,NaN,11.31,1.3,-1.97,7429.06,6317.35,-6317.35,7517.03,NaN,0
05/19/2026,1630,SPY,733.73,-0.67%,,1,9.05,<empty>,749.53,575.6,726.78,692.47,677.17,-3.0,-0.92,-0.23,"54,255,913",100225.35,6.973880844E7,7.307068669E7,29.62,11.2,1.38,-1.93,741.06,629.35,-629.35,750.03,NaN,"756,683 M"
05/19/2026,1630,STKL,6.50,0.00%,Consumer Staples,1.021,0.01,<empty>,6.94,3.32,6.49,6.47,5.53,10.0,-0.52,0.46,<empty>,100038.59,1719189.32,2712623.84,328.3,0.62,0.46,0.15,7.43,5.62,7.43,7.12,4.0,769 M
05/19/2026,1630,STLD,223.37,-2.28%,Materials,1.452,4.61,$4.54,243.725,119.89,230.63,201.49,169.8,-9.0,-0.71,-0.05,"1,251,209",200444.21,1151139.01,1155295.71,44.71,33.31,-5.93,-4.82,244.09,162.42,244.09,244.09,43.0,"32,213 M"
05/19/2026,1630,STZ,146.47,-0.75%,Consumer Staples,.4117,4.78,$10.23,193.5,126.45,149.68,152.7,148.37,4.0,0.07,0.36,"2,126,525",200233.02,2010289.92,1972157.54,7.17,-3.58,-2.22,4.17,169.26,139.04,-139.04,-139.04,29.0,"25,222 M"
05/19/2026,1630,SU,69.65,-0.11%,Energy,.311,2.06,$4.31,70.29,34.67,66.36,64.51,49.83,6.0,0.47,0.81,"3,332,071",-100240.55,4363342.21,4735589.51,56.14,10.0,0.0,4.28,70.1,55.57,70.1,-63.08,53.0,"82,239 M"
05/19/2026,1630,SVV,7.10,-1.93%,Consumer Discretionary,.7594,0.55,$0.38,13.89,6.905,8.04,8.0,10.07,2.0,-0.47,0.22,"1,192,880",100491.02,1174795.81,1236309.99,67.2,-13.2,-15.88,-2.61,11.61,7.36,-7.36,9.16,50.0,"1,093 M"
05/19/2026,1630,SWBI,15.19,-2.19%,Consumer Discretionary,.9798,0.4,$1.22,15.79,7.73,15.05,14.73,11.11,5.0,0.43,0.32,"294,928",100945.52,546132.68,569841.5,-40.95,7.05,0.0,0.26,16.11,11.6,16.11,-14.04,20.0,676 M
05/19/2026,1630,SWKS,70.35,0.00%,Information Technology,1.449,2.14,$4.49,90.9,51.93,66.57,60.04,66.11,2.0,0.89,0.32,"4,897,709",-200547.06,3854861.21,3711239.63,38.34,29.99,-3.05,4.91,73.1,52.35,73.1,73.1,53.0,"10,581 M"
05/19/2026,1630,SXT,114.10,+0.17%,Materials,.7817,1.89,$0.52,129.35,82.6,115.32,100.52,99.32,-15.0,-0.67,0.0,"501,272",300136.14,410305.3,385937.26,17.6,32.67,-1.41,-2.68,129.15,83.41,129.15,129.15,46.0,"4,857 M"
05/19/2026,1630,SYF,69.39,-2.34%,Financials,1.326,2.2,$27.15,88.77,55.67,73.8,71.1,74.25,-1.0,-0.37,-0.28,"4,305,788",0.0,3841848.25,3969494.8,36.57,5.92,-5.95,-2.62,80.2,63.47,80.2,-69.05,43.0,"23,341 M"
05/19/2026,1630,SYY,75.19,+2.27%,Consumer Staples,.6692,0.81,$3.79,91.845,68.19,73.82,76.35,78.7,2.0,0.4,0.76,"3,642,787",100333.35,5012408.58,4641768.07,-36.52,-7.93,3.23,2.93,91.55,68.34,-68.34,-72.15,48.0,"35,955 M"
05/19/2026,1630,T,24.98,+2.25%,Communication Services,.1896,0.64,$2.44,29.79,22.95,25.46,26.72,26.58,2.0,0.03,0.42,"39,383,430",100233.42,3.910456527E7,3.935570581E7,72.81,-9.95,-3.55,1.34,29.39,25.03,29.39,27.17,44.0,"173,570 M"
05/19/2026,1630,TAN,60.97,-2.62%,,1.288,2.11,<empty>,65.5,30.57,60.37,57.33,50.57,-2.0,-0.88,-0.69,"1,281,412",-200345.02,1269898.56,1366691.86,-31.06,7.06,0.43,-6.13,64.06,52.5,-52.5,66.02,NaN,"1,830 M"
05/19/2026,1630,TAP,41.95,+0.65%,Consumer Staples,.4361,0.75,$5.96,57.57,40.64,42.06,42.89,46.61,2.0,0.43,0.56,"2,784,687",-200335.14,3121533.78,3176598.81,-39.59,-0.78,-0.57,2.79,50.59,41.11,-41.11,-41.11,53.0,"7,868 M"
05/19/2026,1630,TBIL,49.96,+0.04%,,.0036,0.03,<empty>,50.02,49.81,49.91,49.92,49.93,13.0,0.63,0.91,"2,838,255",400000.36,2344246.96,2402505.31,41.88,0.04,0.14,0.08,50.36,50.57,50.36,-50.15,NaN,"7,080 M"
05/19/2026,1630,TCEHY,58.61,+2.05%,Communication Services,.2431,1.16,$3.19,87.68,57.01,60.39,63.42,74.14,1.0,0.4,0.42,"2,938,513",100200.05,4370653.96,4016401.52,-27.54,-9.59,-2.87,-0.48,74.49,58.05,74.49,63.17,58.0,"529,524 M"
05/19/2026,1630,TCNNF,7.58,-5.49%,Health Care,1.676,0.83,$1.17,11.83,3.25,8.78,7.24,7.31,-1.0,-0.5,-0.02,"371,136",101400.18,400381.76,363993.48,-17.38,19.56,-21.78,-5.13,10.15,5.35,10.15,10.15,NaN,"1,458 M"
05/19/2026,1630,TEAM,86.62,-3.15%,Information Technology,.9404,6.26,$4.59,222.59,56.0101,81.78,74.07,127.93,-1.0,-0.94,-0.59,"6,642,357",100779.13,7701455.89,7713801.53,71.92,16.11,-6.2,7.12,96.11,56.27,96.11,96.11,55.0,"21,981 M"
05/19/2026,1630,TEVA,34.07,+0.12%,Health Care,.8397,0.75,$1.02,37.345,14.99,34.31,31.82,27.03,-9.0,-0.66,-0.29,"3,060,095",-100338.14,6556168.45,6727000.36,-86.27,15.73,-4.99,-3.51,37.08,28.31,37.08,37.08,49.0,"39,672 M"
05/19/2026,1630,TFLO,50.58,0.00%,,-.0008,0.04,<empty>,50.67,50.39,50.56,50.56,50.53,9.0,0.4,0.63,"1,624,615",-100002.1,1790549.65,1744458.85,46.19,0.0,0.14,0.04,51.35,50.55,51.35,-50.12,NaN,"6,515 M"
05/19/2026,1630,TGS,30.19,-1.79%,Energy,.5699,0.64,$0.15,36.3499,19.74,30.21,31.69,28.93,2.0,0.12,0.64,"380,173",100857.1,353713.53,324160.24,40.31,-9.37,1.41,1.86,36.34,28.52,36.34,33.09,53.0,"4,545 M"
05/19/2026,1630,TGT,127.24,+3.11%,Consumer Staples,.9961,3.54,$6.24,133.1,83.44,126.41,122.55,104.73,4.0,0.27,0.35,"10,539,835",-100136.42,5220381.82,5576914.72,180.31,11.16,-1.23,3.38,133.2,111.56,133.2,-118.06,1.0,"57,789 M"
05/19/2026,1630,THC,191.40,-0.55%,Health Care,1.319,5.75,<empty>,247.21,146.6,188.88,196.34,198.91,-3.0,-0.46,-0.63,"2,182,721",100245.13,1353043.51,1258165.04,3.55,-6.68,2.4,-3.6,247.52,168.13,-168.13,201.03,43.0,"16,487 M"
05/19/2026,1630,THD,71.04,-1.10%,,.4461,0.83,<empty>,75.06,48.08,70.72,69.35,63.38,-3.0,-0.32,-0.63,"105,630",-100120.25,117731.07,132477.47,73.23,7.57,0.85,-2.95,75.56,65.42,-65.42,74.03,NaN,259 M
05/19/2026,1630,TIGR,5.82,-3.32%,Financials,.4854,0.29,$7.42,13.55,5.81,6.54,6.72,8.94,-3.0,-0.4,-0.29,"4,423,746",100683.05,2605734.04,2454408.44,143.37,-14.79,-12.61,-10.19,8.61,6.34,8.61,7.09,6.0,"1,039 M"
05/19/2026,1630,TIP,110.11,-0.33%,,.2775,0.38,<empty>,112.26,107.98,111.21,110.97,110.9,-6.0,-0.25,-0.14,"2,623,684",100007.03,2435026.92,2441397.97,118.42,-0.9,-0.86,-0.81,112.56,110.36,-110.36,112.16,NaN,"14,854 M"
05/19/2026,1630,TJX,150.68,+0.29%,Consumer Discretionary,.6216,3.44,$4.41,165.82,119.8405,153.65,156.52,149.6,3.0,0.05,0.42,"8,732,568",100126.01,4674662.16,4846578.69,146.28,-2.59,-2.76,2.26,166.28,146.04,-146.04,-146.04,1.0,"166,624 M"
05/19/2026,1630,TKO,193.07,-0.52%,Communication Services,.7832,3.38,$21.29,226.94,152.29,187.23,192.08,195.66,4.0,0.37,0.81,"1,161,308",200242.35,1489041.23,1382137.75,38.42,-2.15,3.28,0.3,227.57,181.13,-181.13,197.03,54.0,"14,474 M"
05/19/2026,1630,TKR,109.36,-2.68%,Industrials,1.143,3.87,<empty>,123.67,67.14,111.95,105.8,90.0,-7.0,-0.57,-0.34,"1,294,846",100132.1,803745.14,813745.22,24.27,12.23,-0.25,-6.32,124.09,94.41,124.09,124.09,49.0,"7,600 M"
05/19/2026,1630,TLT,83.02,-0.65%,,.5307,0.92,<empty>,92.185,82.77,85.41,86.22,88.1,-7.0,0.0,-0.24,"35,346,602",100016.41,3.0711701E7,3.317083243E7,21.8,-5.11,-2.82,-2.24,91.56,85.04,91.56,87.17,NaN,"42,133 M"
05/19/2026,1630,TME,9.14,+0.88%,Communication Services,.7461,0.28,$0.84,26.7,8.435,9.15,9.92,17.61,2.0,0.96,0.62,"12,288,131",-200962.44,1.165234698E7,1.031312231E7,116.73,-11.18,-0.22,6.28,15.45,9.03,15.45,-8.02,57.0,"14,965 M"
05/19/2026,1630,TMO,447.81,+1.31%,Health Care,.8766,12.57,$17.97,643.99,385.46,463.96,481.8,526.8,2.0,0.29,0.49,"3,418,584",-300332.07,2181851.78,2124434.91,146.45,-4.76,-4.06,-0.09,538.2,445.04,538.2,482.12,44.0,"166,416 M"
05/19/2026,1630,TMUS,193.42,+1.45%,Communication Services,.3214,2.89,$14.02,261.56,181.36,191.68,199.64,213.88,2.0,0.26,0.45,"3,606,740",-100140.21,5779410.65,5781555.11,-63.49,-6.37,-0.46,2.78,225.59,182.16,-182.16,201.14,44.0,"209,320 M"
05/19/2026,1630,TNET,42.66,-0.49%,Industrials,1.012,1.65,$5.85,86.78,33.605,41.78,39.17,54.26,2.0,0.9,0.68,"593,821",100462.57,447138.24,505495.34,23.74,15.83,0.61,7.62,46.12,34.59,46.12,46.12,46.0,"1,960 M"
05/19/2026,1630,TNX:CGI,46.67,+0.95%,,.08,0.96,<empty>,46.87,39.47,44.24,43.49,41.91,3.0,1.0,0.93,<empty>,NaN,NaN,NaN,NaN,9.02,5.68,4.62,45.36,40.56,-40.56,-43.17,NaN,0
05/19/2026,1630,TOKE,5.24,0.00%,,.886,0.07,<empty>,7.334,4.27,5.21,5.47,5.74,1.0,0.34,0.36,<empty>,0.0,22074.62,51471.83,22.71,-7.91,-0.37,0.77,6.62,5.12,-5.12,-5.12,NaN,13 M
05/19/2026,1630,TOST,23.22,+2.56%,Financials,1.767,2.82,$1.12,49.66,22.26,26.64,27.03,33.81,4.0,-0.25,0.14,"22,078,052",100153.01,1.09515513E7,1.122623993E7,278.47,-15.26,-18.64,0.65,31.51,22.04,-22.04,-22.04,53.0,"13,468 M"
05/19/2026,1630,TPB,89.24,+0.11%,Consumer Staples,.9546,4.74,$0.07,146.9,65.8,84.27,83.81,99.31,-6.0,-0.74,-0.82,"250,451",-201366.34,493670.56,499756.21,-40.37,4.44,10.24,-2.19,147.57,66.33,-66.33,99.07,53.0,"1,728 M"
05/19/2026,1630,TPL,394.57,+2.06%,Energy,.6323,19.85,$0.62,547.2,269.233333333333,416.17,452.45,362.63,3.0,0.09,0.49,"313,778",100652.28,460587.74,523404.34,-1.7,-25.91,-8.33,1.56,547.6,370.28,-370.28,-375.04,54.0,"27,215 M"
05/19/2026,1630,TPR,131.63,+0.35%,Consumer Discretionary,1.457,6.14,$8.53,161.97,76.29,138.61,142.77,125.94,5.0,0.01,0.29,"2,127,567",100040.05,2101366.93,2121537.42,26.66,-7.82,-6.9,1.07,162.57,128.05,-128.05,-128.05,59.0,"26,595 M"
05/19/2026,1630,TPYP,44.38,+0.91%,,.6112,0.78,<empty>,44.4857,33.94,42.52,42.25,37.83,6.0,0.51,0.94,"94,417",200020.18,153068.88,132282.81,79.5,3.89,2.93,2.33,44.39,40.22,-40.22,-41.17,NaN,898 M
05/19/2026,1630,TRIP,9.30,-2.41%,Communication Services,.8808,0.86,$1.54,20.16,9.01,10.56,10.45,13.84,4.0,-0.46,0.16,"3,233,237",100660.33,3708970.47,3656907.0,37.3,0.11,-17.55,-3.12,12.2,9.42,12.2,-9.04,54.0,"1,082 M"
05/19/2026,1630,TRP,69.39,+0.10%,Energy,.7264,1.43,$2.54,69.725,46.29,65.34,63.9,56.94,6.0,0.88,0.81,"1,735,128",-200028.35,2588765.83,2530691.01,-34.99,8.08,4.74,1.83,67.12,59.22,-59.22,-61.17,50.0,"72,288 M"
05/19/2026,1630,TRU,66.08,-3.67%,Industrials,1.602,2.16,$3.59,99.39,65.235,69.94,70.71,79.98,-1.0,-0.44,-0.43,"3,418,105",0.0,2336222.5,2398137.89,42.14,-7.85,-3.17,-0.15,80.54,65.36,-65.36,74.08,45.0,"12,740 M"
05/19/2026,1630,TSLA,404.11,-1.43%,Consumer Discretionary,1.717,21.47,$2.17,498.83,273.21,403.08,387.15,408.41,-4.0,-0.85,-0.49,"46,500,551",-100047.19,6.31913595E7,6.214052454E7,2.46,6.26,3.79,-8.84,449.06,337.3,453.04,453.04,44.0,"1,517,726 M"
05/19/2026,1630,TSM,392.61,-0.84%,Information Technology,1.383,8.63,$1.26,421.97,190.03,400.55,369.61,315.29,-3.0,-0.72,-0.22,"14,083,037",100252.18,1.395978135E7,1.360412645E7,36.56,15.89,-0.46,-6.01,420.08,314.35,-314.35,422.03,39.0,"2,036,262 M"
05/19/2026,1630,TSN,66.16,-0.78%,Consumer Staples,.4134,1.49,$3.45,69.4842,50.56,66.06,64.1,59.05,-7.0,-0.55,-0.35,"2,487,193",100528.12,2863118.16,2949270.74,-24.39,11.91,-3.33,-0.75,69.1,58.4,69.1,69.1,52.0,"23,297 M"
05/19/2026,1630,TT,448.01,-2.70%,Industrials,1.214,11.88,$14.11,503.47,348.06,476.71,453.41,427.12,-3.0,-0.32,-0.16,"1,293,360",100030.14,1313034.1,1306383.63,-18.95,5.91,-6.17,-6.99,503.13,403.35,503.13,503.13,49.0,"99,035 M"
05/19/2026,1630,TTD,21.16,-4.98%,Communication Services,1.16,1.46,$1.72,91.45,19.74,22.81,22.98,37.87,3.0,-0.76,0.35,"19,886,419",-100573.53,1.913366344E7,2.082596131E7,-2.2,-10.0,-14.02,3.67,33.52,20.28,-20.28,-20.04,55.0,"9,947 M"
05/19/2026,1630,TTE,92.90,-0.57%,Energy,.2,1.56,$4.99,94.17,57.26,91.21,89.53,71.62,7.0,0.3,0.61,"896,334",500228.28,2009267.13,1986549.75,-56.82,3.15,-0.75,1.62,94.13,77.52,-77.52,-88.08,NaN,"206,506 M"
05/19/2026,1630,TTWO,238.14,-1.66%,Communication Services,.9894,9.46,$2.66,264.785,187.63,223.23,211.1,231.77,-1.0,1.0,-0.81,"1,784,847",100164.04,1738472.59,1813709.42,73.62,18.04,6.74,-1.76,227.11,188.36,-188.36,246.03,2.0,"44,098 M"
05/19/2026,1630,TUA,20.47,-0.49%,,-.0563,0.14,<empty>,22.305,20.425,20.84,21.02,21.7,-4.0,-0.35,-0.31,"344,170",100124.37,554830.98,514128.9,-58.21,-3.26,-1.63,-1.02,22.56,21.37,22.56,21.17,NaN,752 M
05/19/2026,1630,TUR,40.10,-1.04%,,.334,1.06,<empty>,43.98,29.64,42.38,40.87,37.04,-6.0,-0.27,-0.18,"529,423",100337.51,283394.42,382655.71,177.79,3.4,-5.51,-4.95,44.06,37.51,44.06,44.06,NaN,247 M
05/19/2026,1630,TWLO,195.95,-0.88%,Information Technology,1.375,12.84,$5.89,203.71,91.84,177.11,147.83,125.76,-8.0,-0.92,-0.36,"2,919,092",300458.12,2432611.93,2386686.35,60.95,53.87,0.19,-1.06,204.07,106.6,204.07,204.07,55.0,"29,740 M"
05/19/2026,1630,TXG,22.29,+3.92%,Health Care,2.168,0.63,$0.97,26.445,8.065,21.7,21.45,17.44,5.0,0.19,0.51,"2,321,234",100380.08,2514866.9,2500147.13,-14.34,21.27,1.27,3.58,26.22,16.45,26.22,-20.14,55.0,"2,830 M"
05/19/2026,1630,TXRH,173.82,-1.87%,Consumer Discretionary,.761,10.35,$5.36,199.99,153.825,166.75,166.27,171.97,-5.0,-0.76,-0.64,"1,401,471",200331.07,1126999.9,1145767.19,11.7,1.28,9.99,-1.83,189.61,154.11,-154.11,185.05,55.0,"11,425 M"
05/19/2026,1630,TXT,88.18,-2.66%,Industrials,.9226,1.95,$4.85,101.57,72.0,90.8,90.45,87.26,-1.0,-0.39,-0.44,"1,012,407",-100129.14,1430096.21,1430947.31,-61.26,-0.58,-3.77,-3.67,101.62,86.35,-86.35,98.13,45.0,"15,334 M"
05/19/2026,1630,TYX:CGI,51.81,+0.66%,,.0204,0.73,<empty>,51.97,45.28,49.98,49.36,48.06,3.0,1.0,0.83,<empty>,NaN,NaN,NaN,NaN,6.78,3.95,3.37,50.11,46.56,-46.56,-49.17,NaN,0
05/19/2026,1630,U,26.20,-2.24%,Information Technology,2.095,0.48,$1.08,52.15,16.78,26.71,23.48,34.09,-7.0,-0.79,-0.58,"9,352,284",-100494.37,1.339466501E7,1.412681202E7,32.79,36.81,-4.17,-3.96,31.08,17.6,31.08,31.08,53.0,"11,437 M"
05/19/2026,1630,UA,5.02,+1.83%,Consumer Discretionary,1.644,0.57,($0.38),7.9067,3.95,5.76,5.9,5.38,2.0,0.0,0.23,"3,664,767",-100455.06,2752357.55,2831722.33,90.61,-15.49,-17.43,1.21,8.61,5.05,-5.05,-5.05,55.0,"2,138 M"
05/19/2026,1630,UAA,5.14,+2.39%,Consumer Discretionary,1.716,0.6,($0.38),8.15,4.13,5.93,6.07,5.55,2.0,0.0,0.21,"10,606,682",-100361.06,9003325.93,9039167.67,50.83,-15.88,-18.02,0.78,8.61,5.05,-5.05,-5.05,55.0,"2,189 M"
05/19/2026,1630,UAE,18.77,+0.91%,,.4175,0.31,<empty>,22.29,16.99,19.24,18.92,19.54,1.0,-0.52,0.45,"118,047",100338.41,620741.96,797238.27,-9.04,4.74,-2.04,-1.42,22.59,17.41,-17.41,20.08,NaN,270 M
05/19/2026,1630,UAL,89.12,-3.71%,Industrials,1.231,3.52,$9.90,119.21,71.55,93.56,93.25,101.05,-7.0,-0.55,-0.46,"6,386,416",-300458.2,7586269.58,7724577.53,9.07,-5.34,-4.86,-7.19,118.57,85.35,-85.35,104.08,44.0,"28,926 M"
05/19/2026,1630,UBER,74.09,-1.32%,Industrials,2,1.44,$4.72,101.99,68.46,75.19,74.22,84.33,-5.0,-0.85,-0.42,"17,419,867",100237.1,1.627844866E7,1.710723279E7,48.23,-1.66,1.56,-0.8,81.08,68.36,81.08,81.08,53.0,"150,818 M"
05/19/2026,1630,UFO,57.07,-0.90%,,1.255,2.62,<empty>,58.96,23.695,53.45,50.3,41.11,-1.0,0.85,-0.71,"1,000,894",-100053.02,866514.28,769029.83,59.87,23.77,12.43,-1.55,57.06,42.35,-42.35,-49.14,NaN,887 M
05/19/2026,1630,UGA,122.96,+0.11%,,.0887,2.72,<empty>,125.47,57.63,117.72,106.67,75.96,-1.0,-0.67,-0.38,"15,064",-200176.34,89859.71,81120.84,-79.7,23.9,2.4,2.56,125.11,70.62,-70.62,-108.17,NaN,154 M
05/19/2026,1630,UHAL,48.96,-0.69%,Industrials,1.075,1.28,($8.17),65.33,41.945,51.27,49.25,53.12,2.0,-0.53,0.31,"163,501",100349.27,235136.69,223011.66,-36.06,14.31,-4.32,-1.43,54.19,42.41,54.19,53.07,5.0,"9,301 M"
05/19/2026,1630,UHS,166.45,-1.67%,Health Care,1.135,1.72,$14.11,246.325,152.3278,170.3,178.78,200.87,-1.0,-0.29,-0.59,"809,699",100536.15,811173.76,833744.5,-48.61,-11.09,0.63,-2.47,235.62,159.14,-159.14,-159.14,47.0,"10,076 M"
05/19/2026,1630,UL,57.22,-0.14%,Consumer Staples,.4437,0.99,$3.64,74.975,54.95,57.93,59.13,66.03,2.0,0.49,0.62,"3,472,910",100232.34,4721807.11,4514545.26,18.5,-6.97,-2.05,-0.21,75.59,55.33,-55.33,-56.02,48.0,"124,660 M"
05/19/2026,1630,ULS,99.99,+0.99%,Industrials,.6225,4.43,$2.24,107.54,61.64,95.43,89.59,79.01,-9.0,-0.91,-0.52,"780,980",-100145.42,778152.86,797625.52,31.78,19.98,-4.54,-0.61,108.09,73.62,108.09,108.09,53.0,"20,154 M"
05/19/2026,1630,ULTA,481.56,+0.35%,Consumer Discretionary,.8915,19.35,$23.82,714.9699,402.5,523.07,534.75,567.3,1.0,-0.36,0.51,"782,176",-300337.46,804765.12,732818.72,-3.53,-9.84,-9.57,-3.36,703.56,487.04,703.56,565.17,9.0,"20,977 M"
05/19/2026,1630,UNG,11.90,+3.12%,,.1181,0.4,<empty>,18.1182,9.95,10.82,11.32,12.53,7.0,0.58,0.59,"7,342,894",0.0,9803774.5,1.065717554E7,-15.44,-5.25,11.84,6.63,13.5,10.14,-10.14,-10.14,NaN,556 M
05/19/2026,1630,UNH,389.24,-0.48%,Health Care,.5744,12.77,$21.68,404.15,234.6,375.07,324.45,321.95,-4.0,-0.95,-0.48,"5,016,806",-100145.42,8516438.9,8408874.17,-44.54,38.8,6.97,-2.47,385.06,256.36,404.04,404.04,48.0,"353,486 M"
05/19/2026,1630,UNP,271.56,-1.30%,Industrials,.9957,3.43,$9.61,276.4,210.84,266.6,253.53,237.5,-1.0,0.69,-0.56,"2,578,890",100325.19,2885869.07,2949502.17,-20.5,15.96,2.86,0.82,275.17,232.42,-232.42,-261.05,45.0,"161,229 M"
05/19/2026,1630,UPBD,17.07,-0.93%,Consumer Discretionary,1.91,0.85,$4.50,28.025,15.82,18.56,18.45,20.32,2.0,-0.39,0.28,"603,051",200250.14,871620.22,891920.07,-44.54,-0.87,-8.86,-1.95,24.62,17.41,24.62,20.13,50.0,995 M
05/19/2026,1630,UPS,96.83,+1.36%,Industrials,1.052,3.69,$5.32,122.41,82.0,101.85,100.53,97.54,1.0,-0.32,0.44,"5,199,507",-200635.12,6166647.26,6212671.75,-16.36,0.28,-1.26,-1.62,117.61,94.36,117.61,110.12,48.0,"82,306 M"
05/19/2026,1630,UPST,28.08,+0.50%,Financials,2.347,1.68,($2.97),87.3,23.965,30.52,28.92,44.11,1.0,-0.64,0.3,"5,436,310",0.0,4874123.91,4934108.9,1.34,4.89,-9.91,-5.49,36.2,24.35,36.2,-26.04,53.0,"2,688 M"
05/19/2026,1630,URA,47.20,-3.04%,,1.12,3.15,<empty>,62.28,27.71,54.37,51.93,49.12,-6.0,-0.25,0.0,"3,571,020",0.0,3806322.1,4016874.57,53.91,-2.22,-12.92,-10.1,59.18,45.35,59.18,59.08,NaN,"6,619 M"
05/19/2026,1630,URBN,68.875,-1.06%,Consumer Discretionary,1.166,1.45,$3.49,84.35,59.15,70.13,67.53,70.47,4.0,-0.32,0.3,"1,948,860",-100256.42,1452942.43,1577477.37,161.42,5.65,-1.68,0.12,77.2,60.39,77.2,-65.05,1.0,"5,896 M"
05/19/2026,1630,URI,927.62,-1.79%,Industrials,1.722,14.07,$32.10,1021.47,681.98,944.4,828.91,872.53,-3.0,-0.78,-0.3,"541,178",100536.19,575459.34,585828.15,23.4,28.85,-0.68,-4.66,1001.17,702.42,1001.17,1001.17,44.0,"58,112 M"
05/19/2026,1630,URNJ,26.06,-3.62%,,1.576,1.94,<empty>,40.81,15.54,30.61,30.25,28.8,-6.0,-0.15,-0.07,"419,379",0.0,348073.16,378767.4,84.22,-7.16,-13.28,-10.08,37.55,26.35,37.55,33.08,NaN,388 M
05/19/2026,1630,URNM,57.08,-2.84%,,.9192,3.6,<empty>,84.95,35.9333,65.54,64.73,61.15,-6.0,-0.13,-0.09,"977,983",0.0,691649.52,747594.73,191.23,-6.27,-11.94,-8.67,76.58,57.41,76.58,70.08,NaN,"2,059 M"
05/19/2026,1630,USCI,101.87,+0.35%,,.1465,1.23,<empty>,102.93,69.3,100.02,96.77,83.44,-4.0,-0.55,-0.37,"15,136",300029.2,26124.26,24194.74,-7.32,8.11,0.87,0.49,101.06,82.62,103.04,103.04,NaN,392 M
05/19/2026,1630,USD/JPY,159.029,-0.04%,,<empty>,0.919,<empty>,N/A,N/A,157.708,158.601,156.96,-1.0,0.54,-0.9,"610,000",-100200.21,1.79326E7,2.16525E7,-97.51,0.284,1.487,0.162,161.2,155.14,-155.14,-155.14,NaN,<empty>
05/19/2026,1630,USFD,81.25,-0.98%,Consumer Staples,.8536,4.34,$3.78,102.13,69.875,88.31,90.1,82.32,2.0,0.0,0.15,"2,936,811",-100028.09,2511396.26,2460103.31,73.43,-9.05,-11.62,-3.23,98.62,82.06,98.62,95.12,54.0,"17,893 M"
05/19/2026,1630,USPH,61.61,-5.27%,Health Care,1.193,5.33,$4.39,93.5,58.19,67.68,72.72,79.99,6.0,-0.1,0.45,"218,721",300346.02,199249.6,199192.65,45.78,-17.11,-14.12,-5.35,87.62,58.07,-58.07,-58.07,54.0,938 M
05/19/2026,1630,UTI,36.08,-7.63%,Consumer Discretionary,1.235,1.66,$0.01,41.53,21.29,37.31,36.87,30.71,-3.0,-0.6,-0.55,"682,328",200449.04,637111.73,713764.73,65.85,-3.32,-6.58,-13.06,40.38,30.61,-30.61,42.03,54.0,"1,987 M"
05/19/2026,1630,UTZ,7.46,+1.63%,Consumer Staples,.8458,0.36,$0.83,14.67,6.92,7.58,7.6,10.24,2.0,0.58,0.44,"3,333,536",200150.01,2004162.55,1946211.28,101.59,-3.12,-2.99,5.22,10.6,7.04,10.6,-7.02,50.0,660 M
05/19/2026,1630,UUP,27.79,+0.32%,,-.1897,0.15,<empty>,28.45,26.395,27.51,27.57,27.55,6.0,0.72,0.89,"1,914,825",100007.3,2826099.97,2673749.64,-27.99,0.76,1.05,0.62,28.35,27.6,28.35,-27.12,NaN,311 M
05/19/2026,1630,V,329.91,-0.82%,Financials,.7695,4.22,$11.05,375.51,293.89,321.52,312.44,331.1,3.0,0.89,0.68,"12,858,128",-200124.01,7192501.19,7358618.36,-22.81,10.08,2.45,2.29,342.14,294.33,342.14,342.14,48.0,"627,404 M"
05/19/2026,1630,VET,13.20,+1.69%,Energy,.4092,0.61,$1.42,14.82,6.22,12.72,12.76,9.59,7.0,0.2,0.66,"1,664,985",101365.43,2227169.89,2264280.81,15.11,-8.46,-3.15,4.93,15.41,10.57,15.41,-11.08,54.0,"2,022 M"
05/19/2026,1630,VFC,16.74,-0.89%,Consumer Discretionary,1.763,0.93,$0.79,22.2699,11.06,18.5,17.95,16.97,2.0,-0.25,0.14,"18,736,140",-200171.01,6707370.19,6568366.52,281.15,1.52,-8.62,-3.13,22.2,16.47,22.2,20.17,1.0,"6,550 M"
05/19/2026,1630,VG,14.78,+4.30%,Energy,1.362,1.0,($2.81),19.5,5.72,12.84,13.59,10.91,6.0,0.4,0.91,"17,579,570",100815.42,2.825395034E7,2.683408151E7,-31.17,3.43,13.52,13.6,18.39,9.59,18.39,-11.08,58.0,"36,719 M"
05/19/2026,1630,VGK,86.41,-0.80%,,.8636,0.89,<empty>,90.745,74.2401,86.96,85.22,83.1,-1.0,-0.69,-0.34,"2,511,856",200127.35,4162223.2,4172404.69,-14.55,5.34,-0.53,-1.21,91.56,79.41,-79.41,89.09,NaN,"29,634 M"
05/19/2026,1630,VHT,274.04,+0.97%,,.6276,1.81,<empty>,298.6068,237.2312,271.36,273.11,274.8,1.0,0.43,0.69,"193,081",-100116.13,193696.81,205689.19,22.68,0.79,0.69,-0.02,296.56,265.36,-265.36,275.03,NaN,"16,238 M"
05/19/2026,1630,VIK,82.23,-4.45%,Consumer Discretionary,1.241,2.17,$2.93,92.0,42.2004,82.05,77.63,68.94,-1.0,-0.68,-0.43,"3,890,002",-100451.04,3079314.02,3020510.86,61.93,15.06,0.64,-5.18,87.2,66.5,-66.5,92.03,62.0,"36,688 M"
05/19/2026,1630,VIR,8.53,-2.74%,Health Care,1.699,0.57,($3.19),11.66,4.155,9.73,9.58,7.01,-1.0,0.0,-0.02,"1,867,040",100582.58,1967416.39,3438949.16,42.73,-9.06,-14.79,-6.16,12.21,7.6,12.21,11.15,54.0,"1,439 M"
05/19/2026,1630,VIX,18.06,+1.35%,,-6,0.52,<empty>,35.3,13.38,17.93,21.29,18.38,1.0,0.24,0.76,<empty>,NaN,NaN,NaN,NaN,-24.94,3.91,4.63,35.5,16.09,-16.09,-16.09,NaN,0
05/19/2026,1630,VKTX,28.40,-1.01%,Health Care,.5297,1.13,($3.00),43.15,22.959,31.49,33.08,32.65,-3.0,-0.23,-0.28,"1,802,449",100268.14,2347978.33,2360986.66,-38.89,-16.27,-9.29,-10.44,38.46,29.13,38.46,34.15,49.0,"3,297 M"
05/19/2026,1630,VLO,262.62,+1.59%,Energy,.5843,7.24,$18.20,262.89,125.1,245.42,241.19,189.4,3.0,0.54,0.75,"3,842,015",-100148.42,3702179.75,3670309.51,4.59,8.49,3.62,7.29,258.35,195.59,-195.59,-227.08,45.0,"77,980 M"
05/19/2026,1630,VLTO,86.47,-0.28%,Industrials,.7332,1.11,$4.20,110.11,84.45,87.29,88.56,98.31,2.0,0.49,0.59,"2,219,174",-100127.42,2002580.64,2005349.13,-32.39,-3.56,-1.88,1.41,98.57,85.36,98.57,-84.02,45.0,"21,237 M"
05/19/2026,1630,VMC,259.46,-2.58%,Materials,1.064,12.1,$8.48,331.09,252.35,285.28,279.88,292.37,-9.0,-0.37,-0.15,"1,497,581",300138.36,1197805.23,1248766.72,-27.17,0.95,-10.99,-5.68,319.58,252.42,-252.42,306.14,50.0,"33,666 M"
05/19/2026,1630,VNM,19.11,-1.04%,,.95,0.27,<empty>,19.85,12.9147,19.21,18.19,18.23,-7.0,-0.82,-0.32,"341,289",-100141.49,838638.53,879637.86,-21.84,12.54,-0.03,-1.95,20.07,16.39,20.07,20.07,NaN,583 M
05/19/2026,1630,VNO,30.32,-4.20%,Real Estate,1.539,0.75,$6.23,43.37,24.57,30.46,28.15,33.71,-1.0,-0.86,-0.11,"1,773,455",-100446.42,2104461.49,2092787.24,3.83,14.5,0.2,-2.41,33.08,25.36,33.08,33.08,52.0,"5,703 M"
05/19/2026,1630,VRNS,29.77,+3.44%,Information Technology,.7905,0.91,$1.00,63.9,19.7,27.03,24.61,37.75,3.0,1.0,0.61,"3,931,503",0.0,2486713.42,2482516.03,-42.73,23.94,8.61,9.37,30.14,20.27,-20.27,-24.17,48.0,"3,418 M"
05/19/2026,1630,VRT,322.63,-5.03%,Industrials,2.071,18.18,$5.95,379.935,101.0,338.31,299.77,204.99,-3.0,-0.77,-0.15,"9,039,473",-100569.42,7665350.39,7485398.11,99.27,19.86,-5.39,-14.25,372.06,232.35,-232.35,380.03,49.0,"123,925 M"
05/19/2026,1630,VRTX,434.31,-0.52%,Health Care,.2925,9.43,$14.55,507.92,362.5,433.26,443.71,434.42,-3.0,-0.51,-0.71,"1,219,660",100432.5,1299507.64,1278803.7,15.12,-5.18,2.34,-3.57,508.49,412.1,-412.1,457.03,52.0,"110,230 M"
05/19/2026,1630,VSCO,45.20,+0.83%,Consumer Discretionary,2.116,2.62,$3.90,66.889,17.53,49.28,48.37,43.12,1.0,-0.28,0.44,"2,070,541",100673.51,2143415.14,2336379.37,-1.01,-6.51,-10.95,-3.38,66.57,42.36,-42.36,54.16,9.0,"3,590 M"
05/19/2026,1630,VTR,88.35,+0.24%,Real Estate,.7683,1.08,$2.89,91.06,61.76,86.88,85.32,77.68,-3.0,-0.59,-0.48,"4,980,928",100023.14,4171590.86,3836005.78,-50.46,3.27,1.81,-1.79,89.06,79.19,-79.19,91.02,49.0,"42,953 M"
05/19/2026,1630,VVIX,94.61,+3.76%,,-4.302,2.25,<empty>,147.14,81.72,95.49,107.15,102.48,1.0,0.24,0.59,<empty>,NaN,NaN,NaN,NaN,-19.88,-0.68,0.37,141.51,91.15,141.51,103.05,NaN,0
05/19/2026,1630,VVV,32.17,-3.22%,Consumer Discretionary,1.033,1.24,<empty>,41.33,28.5,33.08,33.55,34.44,-1.0,-0.23,-0.48,"1,535,707",-200136.08,2143785.82,2026029.43,-26.92,-1.98,-0.8,-0.65,39.59,32.1,-32.1,37.07,53.0,"4,103 M"
05/19/2026,1630,VXD,16.48,+0.80%,,-6.337,0.46,<empty>,42.71,2.43,16.9,20.28,17.31,1.0,0.19,0.55,<empty>,NaN,NaN,NaN,NaN,-25.87,-1.96,4.17,43.49,14.61,43.49,-15.02,NaN,0
05/19/2026,1630,VXN:CGI,24.09,-0.50%,,-4.994,1.01,<empty>,33.92,9.01,23.56,25.36,22.53,-2.0,0.46,-0.7,<empty>,NaN,NaN,NaN,NaN,-10.45,7.26,0.04,34.35,21.12,-21.12,26.02,NaN,0
05/19/2026,1630,VXX,27.58,+1.40%,,-2.064,0.42,<empty>,59.36,25.635,28.4,31.27,32.05,1.0,0.24,0.66,"8,610,820",-101204.51,1.072518329E7,1.140162236E7,45.23,-18.33,-3.94,-0.25,40.35,27.57,40.35,30.17,NaN,0
05/19/2026,1630,VZ,47.74,+2.10%,Communication Services,.2355,0.47,$4.70,51.68,38.39,47.18,48.23,44.1,1.0,0.25,0.45,"24,593,810",100029.42,2.512626574E7,2.546687941E7,1.65,-3.52,0.84,1.44,52.39,44.25,-44.25,49.16,43.0,"199,341 M"
05/19/2026,1630,W,57.40,-3.14%,Consumer Discretionary,-.0841,2.97,$2.81,119.98,34.46,66.68,71.84,86.92,2.0,-0.27,0.47,"9,719,106",-200072.01,3869658.0,4121985.5,25.39,-24.74,-9.18,-7.28,87.61,58.04,87.61,80.17,52.0,"7,577 M"
05/19/2026,1630,WBD,27.09,-0.04%,Communication Services,1.575,0.1,$0.93,30.0,8.83,27.09,27.27,23.58,-4.0,0.09,-0.38,"9,800,721",-100119.42,2.133169468E7,2.284922463E7,-21.55,-1.95,-0.48,-0.11,29.59,27.15,-27.15,27.09,55.0,"67,918 M"
05/19/2026,1630,WCLD,29.67,+0.61%,,1.061,0.86,<empty>,37.115,23.8901,28.37,27.75,32.12,3.0,0.94,0.56,"1,749,324",400243.35,1137096.81,1286023.35,414.1,4.29,-0.4,6.31,30.08,24.27,-24.27,-26.17,NaN,245 M
05/19/2026,1630,WDAY,129.34,+0.36%,Information Technology,1.032,4.47,$10.48,274.65,110.36,123.42,126.43,189.14,3.0,1.0,0.56,"4,478,918",101155.59,4802615.58,5380949.46,37.63,-3.03,0.36,8.92,154.5,110.28,-110.28,-113.04,2.0,"32,294 M"
05/19/2026,1630,WEAT,25.20,+0.80%,,.0089,0.75,<empty>,25.6,19.78,24.12,23.33,21.52,2.0,0.93,0.7,"944,154",-200149.48,1063245.65,1004378.35,-47.9,7.97,6.11,1.53,25.14,21.62,26.04,26.04,NaN,354 M
05/19/2026,1630,WELL,218.00,+2.54%,Real Estate,.8313,2.11,$4.34,221.675,146.645,213.87,208.08,190.3,1.0,0.49,0.45,"7,048,706",100326.01,3000996.46,3028917.43,93.04,5.78,1.73,0.11,220.14,193.39,222.04,222.04,47.0,"153,889 M"
05/19/2026,1630,WEN,8.12,+3.57%,Consumer Discretionary,.3641,0.63,$1.17,12.51,6.37,7.21,7.08,8.36,-3.0,1.0,-0.9,"11,406,906",200467.06,1.003102548E7,9866794.11,39.24,15.01,22.84,0.12,8.62,6.1,8.04,8.04,55.0,"1,547 M"
05/19/2026,1630,WEST,8.07,-3.12%,Consumer Staples,.9232,1.26,($0.66),8.9764,3.59,6.79,5.44,4.97,-5.0,-0.98,-0.6,"618,158",-100168.06,613411.84,546142.57,184.82,86.37,38.66,-3.47,9.06,4.5,9.06,9.06,55.0,787 M
05/19/2026,1630,WFC,74.55,+0.24%,Financials,.9393,3.12,$0.04,97.76,71.895,77.99,79.06,84.1,4.0,0.28,0.34,"18,649,756",-300430.08,1.754863548E7,1.774899677E7,-6.43,-2.41,-6.68,1.03,89.61,73.05,89.61,-73.02,37.0,"228,137 M"
05/19/2026,1630,WGMI,54.85,-1.26%,Communication Services,3.782,4.08,<empty>,67.885,16.31,53.67,45.63,43.57,-3.0,-0.88,-0.39,"390,712",-100477.02,518396.44,523218.9,-7.45,40.28,-0.53,-10.89,61.06,32.35,-32.35,62.03,NaN,359 M
05/19/2026,1630,WGS,42.13,-1.31%,Health Care,2.122,10.96,($0.99),170.87,32.21,51.44,61.75,106.35,8.0,0.2,0.5,"1,655,890",201576.09,1209241.48,1142091.37,290.12,-42.29,22.08,8.44,95.5,32.09,-32.09,-32.09,48.0,"1,251 M"
05/19/2026,1630,WH,77.27,-1.11%,Consumer Discretionary,.6464,1.75,$3.99,92.685,69.21,82.3,81.65,79.78,-4.0,-0.06,-0.21,"931,379",0.0,1198615.81,1297170.7,-53.25,-2.28,-3.87,-4.19,90.2,72.47,90.2,87.17,44.0,"5,784 M"
05/19/2026,1630,WING,126.80,-1.71%,Consumer Discretionary,1.716,14.11,$4.76,388.14,116.35,149.78,168.51,241.95,6.0,0.27,0.39,"941,703",200873.03,1391979.69,1358157.18,-75.15,-32.3,-13.59,6.59,278.62,116.03,278.62,-116.03,49.0,"3,453 M"
05/19/2026,1630,WMS,131.59,-2.73%,Industrials,1.312,5.01,<empty>,179.315,105.14,144.36,143.09,146.89,-3.0,-0.34,-0.31,"744,612",-100045.18,890602.29,863418.16,27.83,-2.27,-7.75,-6.07,176.61,131.41,-131.41,154.16,2.0,"10,250 M"
05/19/2026,1630,WMT,134.20,+0.64%,Consumer Staples,.6442,1.55,$1.87,135.155,93.43,130.57,127.02,114.43,2.0,0.47,0.54,"16,957,144",0.0,1.784154253E7,1.933218401E7,2.53,10.83,2.61,1.31,133.12,118.41,-118.41,-126.14,2.0,"1,069,707 M"
05/19/2026,1630,WOOD,64.61,-1.13%,,.7765,1.51,<empty>,83.32,64.53,68.11,69.69,72.56,-7.0,-0.23,-0.4,"31,564",-100017.56,17875.32,31756.55,-59.32,-5.49,-5.41,-3.77,81.62,67.41,81.62,70.09,NaN,240 M
05/19/2026,1630,WRBY,25.51,-10.96%,Consumer Discretionary,2.075,3.0,$0.32,31.0,14.96,25.04,23.71,24.02,-4.0,-0.76,-0.44,"11,795,955",-101183.01,2811994.44,3065852.76,505.65,4.68,17.77,-11.73,30.06,20.31,-20.31,-21.13,54.0,"3,130 M"
05/19/2026,1630,WW,9.36,-6.68%,Consumer Discretionary,2.223,0.81,($3.69),46.949,8.365,10.23,13.1,24.18,-2.0,-0.44,-0.71,"152,541",-101609.09,394932.64,338127.77,-48.35,-50.08,-21.34,-15.06,25.45,8.07,-8.07,-8.07,56.0,94 M
05/19/2026,1630,WWW,14.70,-3.98%,Consumer Discretionary,1.666,0.84,$1.62,32.8,13.47,16.59,16.66,20.71,-1.0,-0.67,-0.01,"1,574,175",-201064.04,1052113.66,1197356.98,86.41,-10.91,-12.71,-3.42,21.57,14.03,21.57,-14.03,50.0,"1,205 M"
05/19/2026,1630,WY,22.89,+0.09%,Real Estate,.9173,0.48,$0.03,27.86,21.155,23.88,23.99,24.39,2.0,-0.15,0.35,"5,812,854",0.0,5137450.37,5366323.52,3.43,-0.3,-3.42,-1.97,26.62,22.41,-22.41,25.15,45.0,"16,505 M"
05/19/2026,1630,WYFI,25.52,+7.36%,Information Technology,4.414,4.19,($9.75),40.75,10.5101,20.69,16.9,NaN,-3.0,-0.95,-0.6,"1,869,465",101951.04,1305261.09,1145428.22,130.01,68.67,30.47,-14.9,29.06,11.36,-11.36,31.03,60.0,985 M
05/19/2026,1630,WYNN,94.78,-0.76%,Consumer Discretionary,.9716,4.97,$6.72,134.72,82.627,102.37,102.56,114.98,2.0,-0.2,0.06,"1,002,265",-100338.08,1557303.42,1674228.32,-25.9,-8.12,-10.79,-0.68,116.62,95.04,116.62,-94.02,55.0,"9,837 M"
05/19/2026,1630,XBI,126.79,-0.69%,,.8613,3.0,<empty>,139.19,78.0,132.94,129.67,116.24,-4.0,-0.24,0.0,"12,026,994",-100037.34,9133001.93,9308895.32,33.14,3.65,-5.23,-5.98,139.22,118.39,139.22,138.06,NaN,"7,614 M"
05/19/2026,1630,XHR,16.39,+0.12%,Real Estate,1.18,0.31,$1.03,17.23,11.34,16.36,15.6,14.54,2.0,-0.66,0.27,"562,587",200136.18,690912.65,715016.9,-53.34,11.35,-2.03,-0.06,17.12,14.46,17.12,17.12,50.0,"1,512 M"
05/19/2026,1630,XIACY,19.59,-0.31%,Information Technology,.6185,0.53,$0.12,40.25,18.51,19.72,20.36,26.42,-4.0,-0.95,-0.44,"436,583",-100000.43,413988.0,416683.42,34.13,-13.28,0.82,-3.02,24.62,19.13,-19.13,21.04,4.0,"101,145 M"
05/19/2026,1630,XLB,49.04,-2.35%,,.9472,0.9,<empty>,54.14,42.035,51.39,50.61,47.44,-4.0,-0.32,-0.28,"11,881,549",0.0,1.265681414E7,1.377136021E7,68.45,2.72,-4.83,-5.09,54.58,47.41,-47.41,53.08,NaN,"7,079 M"
05/19/2026,1630,XLC,115.85,-0.97%,,1.009,0.61,<empty>,120.405,99.6,116.43,114.87,115.1,-1.0,-0.73,-0.38,"5,163,970",100123.55,6051943.32,6549682.43,17.32,2.4,0.19,-1.08,119.22,107.36,119.22,118.08,NaN,"25,064 M"
05/19/2026,1630,XLE,61.29,+1.17%,,.4773,1.61,<empty>,63.46,40.36,58.08,58.26,49.43,7.0,0.44,1.0,"31,111,027",-200233.55,4.817735758E7,5.334280876E7,-23.4,3.25,3.1,5.55,63.35,53.22,-53.22,-55.08,NaN,"42,695 M"
05/19/2026,1630,XLF,51.10,-1.24%,,.8855,0.33,<empty>,56.515,47.67,51.59,50.69,52.6,-1.0,-0.6,-0.31,"35,956,275",100227.55,4.243324905E7,4.757777167E7,62.31,4.31,-0.95,-0.37,53.2,48.36,53.2,-51.05,NaN,"49,863 M"
05/19/2026,1630,XLG,63.02,-0.79%,,1.059,1.0,<empty>,64.33,47.93,61.94,58.54,57.95,-3.0,-0.95,-0.28,"2,297,851",-100129.48,2941999.77,3412309.9,21.32,13.94,2.71,-1.88,63.06,53.35,-53.35,64.03,NaN,"11,138 M"
05/19/2026,1630,XLI,168.74,-1.18%,,1.009,2.02,<empty>,179.305,139.63,172.72,169.12,160.7,-6.0,-0.51,-0.33,"7,503,644",100028.52,1.082884053E7,1.177539962E7,-17.18,2.85,-2.13,-3.31,179.55,156.35,-156.35,178.08,NaN,"29,002 M"
05/19/2026,1630,XLK,173.24,-0.64%,,1.295,6.34,<empty>,180.215,112.551,167.46,151.15,143.59,-6.0,-0.91,-0.29,"15,751,423",0.0,1.363868272E7,1.46637771E7,109.82,25.15,4.59,-3.49,178.06,127.35,-127.35,180.03,NaN,"113,162 M"
05/19/2026,1630,XLP,86.09,+0.22%,,.5066,0.74,<empty>,90.14,75.16,83.99,83.07,81.33,2.0,0.56,0.79,"12,232,979",-100120.55,1.395076256E7,1.582395659E7,1.12,5.03,2.41,1.31,90.56,80.24,-80.24,-82.16,NaN,"15,227 M"
05/19/2026,1630,XLRE,43.94,+0.43%,,1.015,0.38,<empty>,44.91,39.725,44.05,42.87,41.93,1.0,-0.67,0.29,"4,328,373",-100330.42,6834353.2,7492570.06,-52.48,4.82,-0.52,0.07,45.09,40.36,45.09,-43.02,NaN,"7,883 M"
05/19/2026,1630,XLU,44.34,+0.91%,,.2431,0.93,<empty>,47.8,39.5825,45.45,45.86,44.39,1.0,0.0,0.25,"22,307,131",-100424.42,2.295398869E7,2.473872267E7,76.27,-4.73,-4.38,-1.25,48.56,44.04,48.56,47.12,NaN,"22,638 M"
05/19/2026,1630,XLV,147.32,+1.10%,,.5884,1.13,<empty>,160.59,127.96,145.11,146.6,147.67,1.0,0.43,0.81,"12,388,178",200123.4,1.134970189E7,1.226031469E7,4.23,0.48,1.39,0.47,160.56,142.14,-142.14,-142.14,NaN,"37,886 M"
05/19/2026,1630,XLY,115.03,-1.11%,,1.215,1.42,<empty>,125.01,103.855,118.14,114.47,117.27,-7.0,-0.67,-0.01,"8,578,397",300227.35,9074612.03,1.002294657E7,5.19,4.86,-2.57,-3.07,122.22,105.35,122.22,121.07,NaN,"22,357 M"
05/19/2026,1630,XOM,162.55,+1.28%,Energy,.1879,4.83,$4.41,176.41,101.185,152.17,155.39,130.38,7.0,0.36,1.0,"20,715,553",-100337.34,2.119670463E7,2.12560173E7,41.22,2.78,4.95,6.39,176.35,142.22,-142.22,-144.07,51.0,"673,761 M"
05/19/2026,1630,XOP,178.56,+1.33%,,.6023,5.3,<empty>,190.36,118.14,172.33,172.31,142.95,4.0,0.26,0.81,"2,184,935",-300137.5,4744040.55,4985486.08,-56.24,2.01,-1.12,5.52,190.35,146.57,190.35,-162.08,NaN,"3,571 M"
05/19/2026,1630,XPEV,14.94,-0.80%,Consumer Discretionary,1.007,0.45,$0.74,28.235,14.75,15.99,17.29,19.76,-3.0,-0.42,-0.5,"4,608,175",-200262.19,6630697.27,6480088.58,-12.36,-21.98,-5.56,-7.32,20.46,15.54,20.46,17.16,6.0,"14,279 M"
05/19/2026,1630,XRT,79.13,-0.58%,,1.191,2.5,<empty>,91.65,73.87,83.31,82.33,84.67,2.0,-0.27,0.05,"7,173,557",-100023.05,5394545.13,5656685.01,69.4,-0.96,-6.23,-1.56,90.61,78.35,-78.35,86.16,NaN,261 M
05/19/2026,1630,XTL,223.18,-0.45%,,1.137,2.67,<empty>,232.585,101.2401,222.92,208.08,165.18,-3.0,-0.65,-0.05,"65,806",-300128.26,110479.67,92796.15,-57.69,14.99,-1.91,-3.7,230.12,176.62,-176.62,233.03,NaN,798 M
05/19/2026,1630,XYL,106.34,-1.81%,Industrials,1.053,3.84,$3.81,154.27,106.19,114.95,119.41,135.4,-1.0,0.0,-0.25,"1,794,279",200037.23,2228570.77,2168991.61,-32.57,-11.75,-8.63,-2.83,132.57,109.04,132.57,125.15,54.0,"25,276 M"
05/19/2026,1630,XYZ,69.17,-2.07%,Financials,2.775,1.41,$5.37,82.5,48.21,71.12,65.87,67.84,-6.0,-0.72,-0.19,"5,723,834",300753.56,5873260.45,7468599.34,16.22,17.26,-2.92,-3.3,77.07,49.59,77.07,77.07,57.0,"41,169 M"
05/19/2026,1630,YCS,53.71,+0.28%,,-.3963,0.63,<empty>,54.67,40.08,53.07,53.2,49.4,9.0,0.37,0.81,"8,463",-100218.23,31851.84,30307.0,-18.48,2.95,1.8,0.85,55.39,50.6,55.39,-52.09,NaN,29 M
05/19/2026,1630,YELP,22.59,+3.67%,Communication Services,.4716,3.03,$4.56,39.575,19.6,26.38,25.73,28.57,2.0,-0.28,0.12,"1,777,571",0.0,1187848.38,1324874.79,94.38,-7.46,-22.69,7.16,30.19,20.59,30.19,-21.02,55.0,"1,242 M"
05/19/2026,1630,YPF,47.96,+1.01%,Energy,1.078,1.56,$2.86,48.955,22.82,44.13,42.84,35.71,2.0,0.53,0.69,"3,449,646",100849.02,2624210.68,2396751.34,29.69,15.32,9.07,8.58,49.34,33.54,49.34,-42.08,55.0,"18,820 M"
05/19/2026,1630,YUM,152.19,-0.08%,Consumer Discretionary,.594,3.09,$5.92,169.39,137.33,155.05,157.33,152.51,4.0,0.04,0.41,"1,625,269",100124.15,1674471.17,1706800.31,-48.85,-2.6,-1.1,1.04,169.59,149.06,-149.06,-149.06,50.0,"41,947 M"
05/19/2026,1630,YUMC,45.33,-0.33%,Consumer Discretionary,1,1.2,$2.56,58.39,41.69,47.53,49.33,47.75,-5.0,-0.08,-0.3,"1,373,975",100232.43,1447247.3,1567662.39,-40.47,-15.59,-6.32,-1.41,57.6,46.03,57.6,50.14,53.0,"15,912 M"
05/19/2026,1630,ZG,36.42,-3.16%,Real Estate,2.026,3.08,$1.24,90.22,36.175,42.43,42.69,62.43,-1.0,-0.65,-0.38,"1,368,531",0.0,1063029.49,1105837.3,5.8,-18.87,-17.0,-3.8,49.52,38.03,49.52,46.15,54.0,"8,333 M"
05/19/2026,1630,ZM,97.39,-1.50%,Information Technology,1.5,4.24,$6.40,111.56,69.15,99.89,88.3,84.7,-10.0,-0.68,-0.23,"5,873,296",-200443.58,4293474.53,4640188.35,-13.83,26.91,-10.73,-0.86,112.06,71.54,112.06,112.06,2.0,"28,705 M"
05/19/2026,1630,ZS,175.25,+0.32%,Information Technology,1,12.38,$5.55,336.99,114.625,146.3,143.04,225.73,3.0,1.0,1.0,"4,323,725",-100866.29,2922634.86,3187901.13,222.86,12.77,23.97,14.02,173.61,115.27,-115.27,-128.13,4.0,"28,179 M"
